ligand_id,SMILES,glide_gscore,is_active
ASD03130019,CNC(=O)C(Cc1cccc(Br)c1)NC(=O)C(Cc1ccc(C(N)=O)cc1)NC(=O)C(c1ccccc1)C1CCCCC1,-12.1562646357128,1
ASD03130022,CNC(=O)C(Cc1cc(Br)cc(Br)c1)NC(=O)C(Cc1ccc(C(N)=O)cc1)NC(=O)C(c1ccccc1)C1CCCCC1,-12.0492934335174,1
b2AR-decoy_1854,O=C(NCCCn1ccnc1)/C(=C\c1ccc(Br)cc1)NC(=O)c1ccccc1F,-9.93124493625002,0
b2AR-decoy_212,O=C1[C@@H](CCn2cc(CO[C@H]3Cc4c(O)cc(O)cc4O[C@@H]3c3ccc(O)c(O)c3)nn2)[C@@H](c2ccccc2)N1c1ccccc1,-9.23175974614239,0
b2AR-decoy_1211,C/C(=N/Nc1nc(c2ccc(Cl)cc2)cs1)c1nccs1,-9.05987847190366,0
b2AR-decoy_2318,Cn1c(C(F)(F)c2nc3c(F)cc(F)cc3[nH]2)nc2ccc(C(N)=O)cc21,-9.04847722558991,0
b2AR-decoy_2214,Cc1ccc(/C=C2/SC(c3ccc(n4ccnc4)cc3)N(Nc3ccccc3)C2=O)cc1,-8.93032234247779,0
b2AR-decoy_2550,O=c1c(c2cccnc2)nc2ccccc2n1C(CCc1ccccc1)c1nc2ccccc2[nH]1,-8.90656444224913,0
b2AR-decoy_168,CCC(NC(=O)[C@@H]1C[C@@H](OCc2ccccc2)CN1C(=O)[C@H](NC(=O)[C@H](NC(=O)c1cnccn1)C(C)C)C(C)C)C(=O)C(F)(F)F,-8.8718527457352,0
b2AR-decoy_910,Cc1ccc2oc3c(SCc4nc5ccccc5[nH]4)nc(C)nc3c2c1,-8.84337860573126,0
b2AR-decoy_984,CC(C)C1=C(Cc2ccccc2)C(=O)O/C1=C\c1ccc(O)c(Cl)c1,-8.82437821459023,0
b2AR-decoy_1872,CCN(CC(O)(CNC(=O)c1cnn(c2ccc(F)cc2)c1N)C(F)(F)F)C(=O)c1ccc(Cl)cc1,-8.82358321714374,0
b2AR-decoy_891,C(=N/Nc1nc(c2ccc3ccccc3c2)cs1)\c1cccs1,-8.80964113507701,0
b2AR-decoy_1142,CC(C)C1=C(Cc2ccccc2)C(=O)O/C1=C\c1cc(Cl)c(O)c(Cl)c1,-8.79196468144304,0
b2AR-decoy_1217,C/C(=N/Nc1nc(c2ccc(Cl)cc2)cs1)c1cccs1,-8.78493017660491,0
b2AR-decoy_642,C/C(=N\Nc1nc2c(C)cccc2s1)c1ccc(Br)cc1,-8.77453269201229,0
b2AR-decoy_1857,CNc1c(F)c(Oc2cccc(c3cccc(C[NH3+])c3)c2)nc(Oc2cc(N(C)C)ccc2C(=O)[O-])c1F,-8.7712384747567,0
b2AR-decoy_1110,CCSc1ccc(C(=O)Nc2nnc(c3ccc4c(c3)CCCC4)o2)cc1,-8.76133527925638,0
b2AR-decoy_2573,O=C1c2ccccc2C(=O)c2c1cc(Sc1ccc3ccccc3c1)c1nsnc21,-8.75030328862985,0
b2AR-decoy_636,CC1(C)C=Cc2c(ccc(C(=O)/C=C/c3ccc(Cl)cc3)c2O)O1,-8.74154687466904,0
b2AR-decoy_1685,C/C(=N\NC(=O)[C@@H]1C[C@H]1c1ccccc1)c1ccccc1O,-8.73403666973375,0
b2AR-decoy_173,CCC(=O)CCCCC[C@@H]1NC(=O)[C@H]2CCCCN2C(=O)[C@H]([C@@H](C)CC)NC(=O)[C@H](CC(=O)Cc2ccccc2)NC1=O,-8.70815890492269,0
b2AR-decoy_2206,CC[C@@]12CC[C@](O)(c3ccccc3)C[C@H]1CCc1cc(OCc3cccnc3C)ccc12,-8.707722904126,0
b2AR-decoy_266,C[NH+](C)CCC(=O)Nc1ccccc1N1CCN(C(=O)C2(Oc3ccc(C(F)(F)F)cc3)CCCN(C(=O)c3cnccc3C(F)(F)F)C2)CC1,-8.68600839727329,0
b2AR-decoy_2065,Cc1cc(C)c2c(O)nc(SCC(=O)c3ccc(C(C)C)cc3)nc2n1,-8.68563561930628,0
b2AR-decoy_2326,O=C(NC(C(=O)NO)c1ccc(c2cc(F)c(F)c(F)c2)cc1)C1CCOCC1,-8.65648310558268,0
b2AR-decoy_254,C[C@@H](S[C@H]1CO[C@H](c2ccc(C(=O)Nc3ccc(C#N)c(C#N)c3)cc2)OC1)[C@](O)(Cn1cncn1)c1ccc(F)cc1F,-8.64400471033353,0
b2AR-decoy_440,Cc1c(O)ccc(C(=O)/C=C/c2ccc(C(F)(F)F)cc2)c1O,-8.62236289503692,0
b2AR-decoy_2340,O=C(NO)c1cc2ccc(NS(=O)(=O)Cc3ccccc3)cc2s1,-8.6086292245126,0
b2AR-decoy_1986,Cc1ccc(NC(=O)CSc2sc3c(O)cc(O)nc3c2C#N)cc1C,-8.59652907569644,0
b2AR-decoy_926,CC1CCC(=NNc2nc(c3ccc4ccccc4c3)cs2)CC1,-8.58813054176329,0
b2AR-decoy_327,CC1(C)C=Cc2c(ccc(C(=O)/C=C/c3ccc4ccccc4c3)c2O)O1,-8.58726718351666,0
b2AR-decoy_202,C=CC[C@@H](Cc1ccc(F)cc1)C(=O)OC[C@H](Cc1c[nH]c2ccccc12)NC(=O)[C@H](CC=C)CC(=O)N(CCO)Cc1ccccc1,-8.58363497177745,0
b2AR-decoy_1723,O=c1c(Cl)c(N/N=C/c2ccc(Br)cc2)cnn1c1ccccc1,-8.5755888491279,0
b2AR-decoy_1911,CC(C)=CCC/C(C)=C/Cc1c(O)cc2c(c1O)C(=O)C[C@@H](c1cc(O)cc(O)c1)O2,-8.5740783945297,0
b2AR-decoy_698,Cc1cc(C)c(/C=N/NC(=O)C(C)c2ccc(c3ccccc3)c(F)c2)c(C)c1,-8.57214500451873,0
b2AR-decoy_203,COc1cc(/C=C/C(=O)/C(=N\Nc2ccc([N+](=O)[O-])cc2)C(=O)C(Br)C(Br)c2ccc(O)c(OC)c2)ccc1O,-8.55065838537303,0
b2AR-decoy_1201,CC(=O)/C(=C/n1c(=S)sc2ccccc21)C(=O)Nc1ccccc1C,-8.50532751578638,0
b2AR-decoy_2335,CC(C)C(CC1NC(=O)NC1=O)c1ccc(c2ccc3cccc(F)c3c2)[nH]c1=O,-8.49470453233174,0
b2AR-decoy_61,CC1(C)C=Cc2c(ccc(C(=O)/C=C/c3ccc(Br)cc3)c2O)O1,-8.49401109434438,0
b2AR-decoy_2233,O=C1OC(O)C(c2cccc(c3ccc4ccccc4c3)c2)=C1c1ccc2ccccc2c1,-8.46795709618651,0
b2AR-decoy_2024,O=C(NNC(=O)c1ccccc1OCc1ccccc1)c1ccccc1O,-8.46212723856001,0
b2AR-decoy_1953,N#Cc1ccc(C(c2c(O)c3ccccc3oc2=O)c2c(O)c3ccccc3oc2=O)cc1,-8.45562766922511,0
b2AR-decoy_2342,O=C1C[C@@H](c2ccccc2)Oc2cc(O)c(Cc3cccc(O)c3O)c(O)c21,-8.45119970060982,0
b2AR-decoy_384,O=C(NCc1ccc(C(F)(F)F)c(F)c1)c1cc(Cl)ccc1O,-8.44742022708102,0
b2AR-decoy_1805,COc1ccc([C@@H]2[C@@H](CC[C@@H](O)c3ccccc3)C(=O)N2c2ccc(OC)cc2)cc1,-8.4292654160344,0
b2AR-decoy_1793,O=C1NC(=O)/C(=C/c2ccc(OCc3ccccc3)cc2OCc2ccccc2)S1,-8.39634238644876,0
b2AR-decoy_221,C=CCO[C@@H]1[C@H](O)[C@H](Oc2ccc(I)cc2)O[C@@H](COS(=O)(=O)c2ccc3ccccc3c2)[C@H]1O,-8.39328250780092,0
b2AR-decoy_379,CC(=O)c1ccc2c(c1)[C@H](NC(=O)c1ccc(F)c(Cl)c1)[C@H](O)C(C)(C)O2,-8.39245741511782,0
b2AR-decoy_3076,CO/N=C(/c1ccc(Cl)cc1)c1ccccc1Oc1ccc(C(F)(F)F)cc1,-8.38800124247781,0
b2AR-decoy_898,COc1cccc(c2csc(N/N=C(\C)c3cccs3)n2)c1,-8.37260336490293,0
b2AR-decoy_1287,CN(C)c1cccc(/C=C2/C=C(Cc3ccccc3)C(=O)O2)c1,-8.36609803368626,0
b2AR-decoy_676,CC(C)=CCC/C(C)=C/Cc1c(O)cc2oc3c(O)cccc3c(=O)c2c1O,-8.36574396479326,0
b2AR-decoy_2205,O=c1[nH]c(SCc2ccc3ccccc3c2)nc(Cc2ccccc2)c1Br,-8.34257205049836,0
b2AR-decoy_590,Clc1ccc(c2csc(N/N=C/c3cccs3)n2)cc1,-8.34236917652952,0
b2AR-decoy_1010,C/C(=N\NC(=O)[C@@H]1C[C@H]1c1ccc(C(C)(C)C)cc1)c1ccc(F)cc1,-8.34187968363387,0
b2AR-decoy_158,COc1cccc(COc2ccc(C(=O)c3c(OCc4cccc(OC)c4)cc(OC)cc3O[C@@H]3O[C@H](CO)[C@@H](O)[C@H](O)[C@H]3O)cc2)c1,-8.31477800491895,0
b2AR-decoy_861,N#Cc1ccc(c2csc(NN=C3CCCCCC3)n2)cc1,-8.30827424402058,0
b2AR-decoy_333,Clc1ccc(SCc2n[nH]c(c3ccc(Cl)cc3)n2)cc1,-8.2822785976227,0
b2AR-decoy_856,COc1ccc(c2csc(N/N=C(/C)c3cccs3)n2)cc1,-8.28204435917934,0
b2AR-decoy_420,O=C1NC(=O)/C(=C/c2cn(Cc3ccc(F)cc3)c3ccccc23)N1,-8.27759171195513,0
b2AR-decoy_968,Cc1oc(c2ccccc2Cl)nc1CSc1nc(O)c2c(n1)CCC2,-8.27592573332871,0
b2AR-decoy_409,O=C(NC1N=C(c2ccccc2F)c2ccccc2NC1=O)c1ccsc1,-8.26547660814404,0
b2AR-decoy_1840,O=C(/C=C/c1ccc(OC[C@H](Cc2c[nH]c3ccccc23)NC(=O)c2ccc(F)cc2)cc1)NO,-8.26066821612392,0
b2AR-decoy_1653,O=C(/C=C/c1ccccc1)c1ccc(OCc2cc(c3ccccc3)no2)cc1,-8.25870986372274,0
b2AR-decoy_292,CC(=O)N1CCC(C(N)=O)(C(=O)N2CC[C@](c3ccc(C(OCc4c(F)cccc4F)(C(F)(F)F)C(F)(F)F)cc3)(S(=O)(=O)c3ccc(F)cc3)C2)CC1,-8.23487835939017,0
b2AR-decoy_870,O=C(c1ccccc1)c1oc2cc(O)ccc2c1c1ccccc1,-8.2344012521381,0
b2AR-decoy_1593,O=C(NCc1ccccc1)C1=C[C@H](c2ccc3c(c2)OCO3)C[C@H](OCc2ccc(CO)cc2)O1,-8.23374287434656,0
b2AR-decoy_735,CC1(C)C=Cc2c(ccc(C(=O)/C=C/c3ccc(c4ccccc4)cc3)c2O)O1,-8.23280326846771,0
b2AR-decoy_1832,CC[C@@H](NC(=O)c1cc(C(=O)N[C@H](CC)c2ncccn2)c2n1CCOC2)c1ccc(C(F)(F)F)cc1,-8.22099696550943,0
b2AR-decoy_193,CC(C)C[C@@H](NC(=O)[C@H](CC(C)C)NC(=O)[C@H](CC(C)C)NC(=O)c1cnccn1)B1O[C@@H]2[C@@H](C[C@H]3C[C@@H]2C3(C)C)O1,-8.21412271977745,0
b2AR-decoy_2330,COc1cc(O)cc2occ(c3cc(O)c(O)c(CC=C(C)C)c3)c(=O)c12,-8.20082673265679,0
b2AR-decoy_994,CCC(C)n1nc(C(F)(F)F)cc1/C(CSc1ccccc1)=N/O,-8.19520217628149,0
b2AR-decoy_2346,CC(C)(C)c1ccc(Cn2cc([C@@H]3OC[C@@H](O)[C@H](O)[C@H]3O)c3ccccc32)cc1,-8.17019646311738,0
b2AR-decoy_3012,CC(SC(C)C(=O)NN=Cc1cccc(Cl)c1)C(=O)NN=Cc1cccc(Cl)c1,-8.15406036355411,0
b2AR-decoy_832,O=c1c2ccc(O)cc2oc(SCc2ccccc2)c1c1ccccc1,-8.15040671810243,0
b2AR-decoy_1391,O=C1c2c(O)cccc2C(=CCCc2ccccc2)c2cccc(O)c21,-8.14821788454181,0
b2AR-decoy_1964,COc1cc(O)c(C(CC(=O)Nc2ccc(C)cc2)c2ccc3c(c2)OCO3)c(OC)c1,-8.14506535673504,0
b2AR-decoy_1957,Cc1ccc(c2nnc(SCC(=O)c3ccc(O)c(O)c3)n2Cc2ccco2)cc1,-8.13469400407043,0
b2AR-decoy_2814,COc1ccc([C@@H]2[C@@H](CCCc3ccccc3)C(=O)N2c2ccc(OC(F)(F)F)cc2)cc1,-8.13051077459197,0
b2AR-decoy_953,O=C(c1cccc(F)c1)c1oc2cc(O)ccc2c1c1cccc2ccccc21,-8.12259885950812,0
b2AR-decoy_20,O=c1cc(c2cccc(Oc3ccccc3)c2)oc2cc(O)ccc12,-8.1189635529096,0
b2AR-decoy_907,Clc1ccc(SCc2n[nH]c(c3ccc(Br)cc3)n2)cc1,-8.11583350462042,0
b2AR-decoy_935,Clc1ccc(c2csc(NN=C3CCCCCC3)n2)c(Cl)c1,-8.11558079991005,0
b2AR-decoy_489,Cc1c(O)ccc(C(=O)/C=C/c2ccc(F)cc2)c1O,-8.11161455489812,0
b2AR-decoy_1994,NC(=O)c1c(F)ccc(OCc2nc(c3ccc(O)cc3)co2)c1F,-8.10263512635755,0
b2AR-decoy_874,CC1CCC(=NNc2nc(c3ccc(C#N)cc3)cs2)CC1,-8.09786211242078,0
b2AR-decoy_2978,Cc1oc(c2ccccc2F)nc1Cn1c(SCc2ccccc2F)nc2ccncc21,-8.09785453995049,0
b2AR-decoy_2140,Cc1ccc(C(=O)NCC(C)/N=C/c2cc(Br)ccc2O)c(O)c1,-8.09561829598198,0
b2AR-decoy_2745,COc1ccc(c2cc(C(F)(F)F)c(C#N)c(SCC(=O)Nc3ccccc3F)n2)cc1,-8.07853683425146,0
b2AR-decoy_406,Cc1cc(O)c(=O)c(O)cc1S(=O)(=O)c1ccc(c2ccccc2)cc1,-8.07527311326879,0
b2AR-decoy_2718,N#Cc1cc(C(=O)N/N=C/c2cccc3c2ccn3Cc2ccc(C(F)(F)F)cc2)ccc1O,-8.06389860951637,0
b2AR-decoy_613,Cc1cc(=O)c(c2ccc(Oc3ccc(Cl)cc3)cc2)c(C)n1O,-8.05280055433782,0
b2AR-decoy_2352,OC[C@H]1O[C@H]2c3cc(Cc4cc5ccccc5s4)c(Cl)cc3O[C@H]2[C@@H](O)[C@@H]1O,-8.04950186953361,0
b2AR-decoy_700,CC(=O)N1N=C(c2ccccc2O)CC1c1ccc(c2ccc(Cl)c(Cl)c2)o1,-8.04845544498263,0
b2AR-decoy_555,CC1(C)CCc2cc(C(=O)/C=C/c3ccc(O)cc3)c(O)cc2O1,-8.04429598111692,0
b2AR-decoy_1943,O=C1CCc2c(Oc3ccc4c(c3)C3C(O4)C3c3nc4cccc(F)c4[nH]3)ccnc2N1,-8.04429314186785,0
b2AR-decoy_605,CC1(C)CCc2cc(C(=O)/C=C/c3ccc(F)c(F)c3)c(O)cc2O1,-8.03670076715576,0
b2AR-decoy_1648,COCc1ccc([C@@H]2[C@@H](CCCc3ccccc3)C(=O)N2c2ccc(OC)cc2)cc1,-8.03033227358243,0
b2AR-decoy_1143,Oc1ccccc1/C=N/c1ccc(Oc2ccc(Cl)cc2)c(Cl)c1,-8.01750894221751,0
b2AR-decoy_663,CC(C(=O)N/N=C/c1c(F)cccc1F)c1ccc(c2ccccc2)c(F)c1,-8.01740258110832,0
b2AR-decoy_44,O=C1Nc2ccccc2/C1=C\c1cccc(Oc2ccccc2)c1,-8.01515158428729,0
b2AR-decoy_1368,CC[C@H]1O[C@@H]2c3ccccc3CO[C@@H]2[C@H]1OCc1ccccc1Cl,-8.00772448680636,0
b2AR-decoy_164,C[C@H](O)[C@@H](C)Oc1nc(Nc2ccc(S(=O)(CCO)=NS(=O)(=O)CC[Si](C)(C)C)cc2)ncc1Br,-8.00294131837798,0
b2AR-decoy_2193,Cc1csc(NC(=O)c2ccc(c3ccc(Cl)cc3Cl)o2)n1,-7.99335568715235,0
b2AR-decoy_1455,O=C1NC(=O)/C(=C\c2ccncc2)N1,-7.98981948328355,0
b2AR-decoy_2913,Cc1cccc([C@H]2CC[C@H](CNC(=O)c3ccc(c4nc5cc(C#N)cc(C(C)C)c5o4)cc3)CC2)c1,-7.97928225860397,0
b2AR-decoy_299,CC(=O)c1ccc(N2C[C@@H](C(=O)N[C@@H](Cc3ccccc3)[C@H](O)CN(Cc3cccs3)S(=O)(=O)c3cc(F)c(F)cc3F)OC2=O)cc1,-7.97287882469286,0
b2AR-decoy_2040,COc1ccc(c2nnc(SCc3ccccc3Cl)o2)c(O)c1,-7.97090978121235,0
b2AR-decoy_2165,O=C1NC(=O)/C(=C\c2ccc(OCc3ccc(c4ccccc4)cc3)cc2)S1,-7.96667302939596,0
b2AR-decoy_2752,O=C(C(Nc1ccccc1F)c1ccc(c2ccncc2)cc1)N1CCCC1c1ccccc1F,-7.94444051948215,0
b2AR-decoy_1657,O=C(/C=C/c1ccccc1)OC(Cn1ccnc1)c1ccc(Cl)cc1,-7.94395664679755,0
b2AR-decoy_1396,O=C1NC(=O)C(=Cc2cccs2)C(=O)N1,-7.9414298719882,0
b2AR-decoy_2107,Oc1ccc(/C=N/n2c(C(c3ccccc3)c3ccccc3)n[nH]c2=S)c(O)c1,-7.93795470441117,0
b2AR-decoy_229,CC(=O)c1cccc(CN2C(=O)N(Cc3cccc(C(C)=O)c3)[C@H](Cc3ccc4c(c3)OCO4)[C@H](O)[C@@H](O)[C@H]2Cc2ccc3c(c2)OCO3)c1,-7.93012756845039,0
b2AR-decoy_2278,C[S+]([O-])c1ccc(c2nc(C3=CCC(O)CC3)oc2Sc2ccc(Cl)cc2)cc1,-7.92702445618603,0
b2AR-decoy_2125,O=S(=O)(/C=C/c1ccc(O)c(O)c1)NCc1ccc(C(F)(F)F)cc1,-7.92100373048492,0
b2AR-decoy_1654,O=C(/C=C/c1ccccc1)c1ccc(OCc2cc(c3cccs3)no2)cc1,-7.91722867922352,0
b2AR-decoy_2645,O=[N+]([O-])c1ccc(c2csc(N3N=C(c4cccs4)CC3c3ccc4c(c3)OCO4)n2)cc1,-7.90764580331609,0
b2AR-decoy_2819,COc1ccc(N2C(=O)[C@H](Oc3ccc(C=O)cc3)[C@@H]2c2c3ccccc3cc3ccccc23)cc1,-7.90750021048139,0
b2AR-decoy_1000,CC(C)(C)c1ccc(CSc2nnc(c3ccc4[nH]cnc4c3)o2)cc1,-7.90622806321585,0
b2AR-decoy_3117,COc1ccc([C@@H]2[C@@H]([C@H](O)CCc3ccccc3)OC(=O)N2c2ccc(F)cc2)c(O)c1,-7.89675107748412,0
b2AR-decoy_1150,Cc1ccc(c2nnc(NC(=O)c3ccc(SC(F)(F)F)cc3)o2)cc1,-7.89594740418487,0
b2AR-decoy_1554,CC(C)C(OC(=O)c1ccccc1)C(C)(C)COC(=O)c1ccccc1,-7.89252662479164,0
b2AR-decoy_1666,c1ccc2c(Oc3nc4ccsc4c4nnnn34)cccc2c1,-7.88805770451934,0
b2AR-decoy_1186,CCc1ccc2c(Cc3c(=O)[nH][nH]c3c3ccc(C)cc3)c(O)ccc2c1,-7.87953144775499,0
b2AR-decoy_1670,CC1CN(C(=O)c2ccccc2)OC(c2ccc3c(c2)OCO3)O1,-7.87886634588547,0
b2AR-decoy_1300,Clc1ccc([C@H]2CC[C@@H](OCCCc3cccnc3)O2)cc1,-7.87582709690494,0
b2AR-decoy_139,COc1ccc(/C=N/Nc2nc(c3ccc(Cl)cc3)cs2)cc1,-7.87444766285076,0
b2AR-decoy_658,C/C(=N\Nc1csc(c2ccc3c(c2)CCC3)n1)c1ccccc1,-7.87345862903135,0
b2AR-decoy_2848,COc1cccc(/C=C/C(=O)OC[C@@]2(C)CCC[C@]3(C)[C@@H]2CC[C@@]24C=C[C@@](C)(CC[C@@H]32)C4)c1,-7.87270807461029,0
b2AR-decoy_665,CC1(C)CC(=O)c2c(SCCc3ccccc3)sc(c3cc[nH]n3)c2C1,-7.86893068137764,0
b2AR-decoy_2592,Cc1ccc(CSc2nc3ccncc3n2Cc2nc(c3ccccc3C)oc2C)cc1,-7.86771562761606,0
b2AR-decoy_915,Clc1ccc(c2csc(NN=C3CCCC3)n2)c(Cl)c1,-7.86045913047814,0
b2AR-decoy_1194,COc1cc(C[C@H]2COC[C@@H]2Cc2ccc(Cl)c(Cl)c2)ccc1O,-7.85899290446939,0
b2AR-decoy_1005,C=C[C@]1(C)CC[C@@H](C(=C)COC(=O)c2ccccc2O)C[C@H]1C(=C)C,-7.85727871915099,0
b2AR-decoy_2872,Clc1sccc1CO[C@@H]1c2ccc3ccccc3c2S[C@@H]1Cn1ccnc1,-7.8538760361259,0
b2AR-decoy_1182,N#Cc1ccc(Oc2ccc(Cc3ccncc3)cc2O)c(Cl)c1,-7.85283382332445,0
b2AR-decoy_2773,O=c1c(/C=C/C(O)c2ccc(F)cc2)coc2cccc(OCC3CCCCC3)c12,-7.84834203778748,0
b2AR-decoy_715,CCC(=O)C1=C(CC)NC2=C(C(=O)CC(C)(C)C2)C1c1ccc(c2ccccc2)cc1,-7.84796925526915,0
b2AR-decoy_1224,Cc1ccc(c2nnc(SCc3ccc(Cl)cc3)o2)c(O)c1,-7.84202240585568,0
b2AR-decoy_3128,Nc1ccccc1SC[C@@H]1CO[C@](CCc2ccc(Cl)cc2)(Cn2ccnc2)O1,-7.83918250588834,0
b2AR-decoy_2076,CCCC(=CCc1c(O)cc2c(c1O)C(=O)CC(c1ccc(O)cc1)O2)CCC,-7.83307745749169,0
b2AR-decoy_2529,Cc1cc(C(=O)Nc2ccc(c3cccnc3)cc2)n(Cc2csc(N3CCCCC3)n2)c1,-7.82600224650748,0
b2AR-decoy_145,C/C(=N\Nc1csc(c2ccc3c(c2)CCC3)n1)c1ccc(Cl)cc1,-7.82301236583704,0
b2AR-decoy_1259,CCCc1ccc(C(=O)OCc2c(OC(C)C)ccc3c(C)cc(=O)oc23)cc1,-7.82000050951025,0
b2AR-decoy_2701,Nc1cc2c(=O)c(C(=O)OCc3ccc(Cl)cc3)cn(Cc3ccc(Cl)cc3)c2cc1Cl,-7.81202887205855,0
b2AR-decoy_481,Oc1nc2sccc2c(O)c1c1ccccc1,-7.81069151031876,0
b2AR-decoy_1896,c1ccc(c2ccc(C(c3ccc(c4ccccc4)cc3)n3ccnc3)cc2)cc1,-7.80231435154955,0
b2AR-decoy_352,COC(=O)c1ccc(/C=C/[C@H]2CCCC3C(C)(C)[C@@H](O)CC[C@@]32C)cc1,-7.79913533885956,0
b2AR-decoy_1736,Cc1ccc(C2(O)OC(=O)C(c3ccc4c(c3)OCO4)=C2Cc2ccccc2)cc1,-7.7847963913294,0
b2AR-decoy_525,Oc1cccc2ccc(c3cc4ccccc4[nH]3)nc12,-7.78390414225662,0
b2AR-decoy_2740,O=C1c2ccccc2C(OCc2cccc(O)c2)(c2ccccc2)N1Cc1ccccc1,-7.782615725889,0
b2AR-decoy_1334,O=S(=O)(Cc1ccccc1)Oc1ccc2ccccc2c1,-7.77656073949019,0
b2AR-decoy_3130,Cc1ccc(c2nnc(SCC(=O)c3ccc(CC(N)=O)s3)nc2c2ccc(C)cc2)cc1,-7.77251584391283,0
b2AR-decoy_198,COc1ccc(Cn2c(CCc3ccccc3)nnc2[C@@H](Cc2c[nH]c3ccccc23)NC(=O)CNC(=O)/C(C#N)=C/c2ccc(F)cc2)cc1,-7.77168388989181,0
ASD03130104,Clc1cc(Cl)cc(Nc2nc(NC3CCN(Cc4ccccc4)CC3)c3ccccc3n2)c1,-7.76367347572479,1
b2AR-decoy_843,O=C(Nc1ccc(Sc2ccc(Br)cc2)cc1)c1ccco1,-7.76244749017683,0
b2AR-decoy_699,COc1ccc(C2COc3c(ccc4c3C=CC(C)(CCC=C(C)C)O4)C2)c(O)c1,-7.76214522365393,0
b2AR-decoy_2189,O=C(N/N=C/c1cccc2cnccc12)C1CC1c1ccc(c2ccccc2)cc1,-7.76155763853784,0
b2AR-decoy_50,O=C(OC(Cn1ccnc1)c1ccc(Cl)cc1Cl)c1cc2ccccc2[nH]1,-7.75877170675783,0
b2AR-decoy_975,O=C1C(Sc2ccccc2)=C(Sc2ccccc2)C(=O)c2[nH]ccc21,-7.75594826330873,0
b2AR-decoy_1320,CC[C@H]1O[C@@H]2c3ccccc3CO[C@@H]2[C@H]1OCc1cccs1,-7.75388367460429,0
b2AR-decoy_2160,Cc1c(Cc2ccccc2)nc(SCc2ccc3ccccc3c2)[nH]c1=O,-7.74048755124881,0
b2AR-decoy_1206,COc1ccc(c2csc(N/N=C(\C)c3sc(C)nc3C)n2)cc1,-7.74030895861953,0
b2AR-decoy_887,COc1cc(c2nnc(SCc3ccc(Cl)cc3)o2)ccc1O,-7.73499535109513,0
b2AR-decoy_265,CCn1cc(/C(=N/Nc2nc(c3ccc(F)cc3)c(C#N)s2)C(F)(F)F)c2cc(c3nc(C[NH+]4CCC[C@H]4C(=O)[O-])cs3)ccc21,-7.73254575091217,0
b2AR-decoy_2322,O=C(c1cc(Sc2ccccc2O)c(O)cc1O)N1Cc2ccccc2C1,-7.72257568311854,0
b2AR-decoy_178,Cc1c(COc2cc(OCc3cccc(C#N)c3)c(C[NH2+][C@@H](C(=O)[O-])[C@H](C)O)cc2Cl)cccc1c1ccccc1,-7.72136937509291,0
b2AR-decoy_2311,C/C(=N\NC(=S)NCc1ccccc1)c1c(O)ccc2ccc(=O)oc12,-7.7146575359822,0
b2AR-decoy_682,C[C@]12CC[C@@H]3[C@H]4CC/C(=N\OCc5ccccc5)C=C4CC[C@H]3[C@@H]1CC[C@@H]2O,-7.714412029935,0
b2AR-decoy_2353,O=C(c1cc(Sc2ccc(O)cc2)c(O)cc1O)N1Cc2ccccc2C1,-7.71408219053725,0
b2AR-decoy_3191,O=C(/C=C/c1ccccc1)OC[C@H](OC(=O)/C=C/c1ccccc1)c1ccc2ccccc2c1,-7.71241129942368,0
b2AR-decoy_1125,CCOP(=O)(/C=C(\Cl)c1ccccc1)C(O)c1ccc(F)cc1,-7.70629493651069,0
b2AR-decoy_2035,O=c1cc(c2ccccc2)oc2cc(OC/C(=N/O)c3ccccc3)ccc12,-7.70103854527585,0
b2AR-decoy_1977,CCC(Sc1ncc(S(=O)(=O)c2ccc(C)cc2)c(=O)[nH]1)C(=O)Nc1cc(C)ccc1C,-7.69962059921558,0
b2AR-decoy_3010,C#CCNC(=O)C1=C[C@H](c2ccc(Br)cc2)C[C@H](OCc2ccc(CO)cc2)O1,-7.6942333821682,0
b2AR-decoy_321,O=c1[nH]cnc2c(/C=C/c3ccccc3)c(c3ccc(F)cc3)sc12,-7.68377205012178,0
b2AR-decoy_820,Cc1ccc(Sc2ncccc2COC(=O)Nc2ccccc2C)cc1,-7.68138232496567,0
b2AR-decoy_2920,CC(=O)N[C@@H](C)/C=C/c1ccc(Oc2ccc3nc(C(C)C)sc3c2C(F)(F)F)nc1,-7.67803142401809,0
b2AR-decoy_767,N#C/C(=C\c1ccccc1C(F)(F)F)C(=O)Nc1ccccc1F,-7.67578330566437,0
b2AR-decoy_153,CCC(=O)CCCCC[C@@H]1NC(=O)[C@H](C)N(C)C(=O)C[C@H](CC(C)C)NC(=O)CN(CCc2c[nH]c3ccccc23)C1=O,-7.66779902400321,0
b2AR-decoy_2883,O=C(/C=C/c1ccccc1)c1ccc(OCc2cc(c3ccc(Cl)c(Cl)c3)no2)cc1,-7.65845584070386,0
b2AR-decoy_260,CN(CCCc1ccccc1)S(=O)(=O)c1cc(C(=O)N2CCc3ccc(S(=O)(=O)NCCc4ccccc4)cc3C2)c(O)c(O)c1O,-7.65744215775928,0
b2AR-decoy_162,CCC[C@@H]1C[C@@]1(NC(=O)[C@@H]1[C@@H]2[C@H](CN1C(=O)[C@@H](NC(=O)NC1(CS(=O)(=O)C(C)(C)C)CCCCC1)C(C)(C)C)C2(C)C)C(=O)C(=O)NC1CC1,-7.65460827487103,0
b2AR-decoy_955,COc1cccc(C2CC(c3ccccc3O)=Nc3ccccc3S2)c1,-7.65293098109059,0
b2AR-decoy_2144,COc1ccc(/C(C)=N/Nc2csc(c3ccc4c(c3)CCC4)n2)cc1,-7.65245893564828,0
b2AR-decoy_1552,COc1ccc(CCCO[C@@H](Cn2ccnc2)c2ccc(OC)cc2)cc1,-7.64858680338466,0
b2AR-decoy_121,O=c1oc2ccccc2cc1CSc1nc2cc(Cl)c(Cl)cc2[nH]1,-7.64778234369431,0
b2AR-decoy_397,CC(C)C1c2[nH]c3ccccc3c2C[C@H]2C(=O)NC(Cc3ccccc3)C(=O)N12,-7.64724705346356,0
b2AR-decoy_500,O=C1/C(=C/c2ccccc2O)Cc2c(O)cccc21,-7.64562179456667,0
b2AR-decoy_2515,O=C(OCCC12C[C@H]3C[C@@H](C1)C[C@@H](C2)C3)c1cc(/N=C/c2cc(O)ccc2O)ccc1O,-7.64068265191747,0
b2AR-decoy_393,CC1(C)C=Cc2c(cc3c(c2O)C(=O)C[C@@H](c2ccccc2O)O3)O1,-7.64048857282848,0
b2AR-decoy_1674,Cc1cc(=O)n2nc(Oc3ccc(C#N)cc3Cl)sc2n1,-7.63986400324721,0
b2AR-decoy_239,C[C@H]1CN([C@H](C)CO)C(=O)Cc2cc(NC(=O)Cc3cn(C)c4ccccc34)ccc2O[C@H]1CN(C)S(=O)(=O)c1ccccc1,-7.61901997281458,0
b2AR-decoy_263,Cc1n[nH]c(CN(C)c2cc3c(cc2C(=O)N[C@H]2CC[C@H](C(F)(F)F)CC2)nc(Nc2c(Cl)ccc(CNC(=O)C(C)(C)F)c2Cl)n3C)n1,-7.61718443898275,0
b2AR-decoy_2248,N#Cc1ccccc1Sc1ccccc1C(=O)Nc1ccc(Br)cc1,-7.61472045297576,0
b2AR-decoy_1785,Cc1ccc(C)c(NC(CC(=O)c2ccccc2)C(=O)OCC(=O)c2cccs2)c1,-7.61429735658291,0
b2AR-decoy_973,CC(C)c1ccc(S(=O)(=O)Nc2ccc(SC(F)F)cc2)cc1,-7.60836159636559,0
b2AR-decoy_840,COc1ccc(c2csc(N/N=C/c3cc4ccccc4s3)n2)cc1,-7.60780095489022,0
b2AR-decoy_2921,CC(C)=CCC/C(C)=C/Cc1c(O)c(O)cc2c(=O)c3c(O)c(CC=C(C)C)c(O)cc3oc12,-7.60512242814989,0
b2AR-decoy_615,CC1(C)Oc2ccccc2C(=O)C1(Cl)SNc1ccccc1,-7.60442348956891,0
b2AR-decoy_839,Cc1c(O)nc(SCc2ccccc2)nc1Cc1c(Cl)cccc1Cl,-7.60407701675764,0
b2AR-decoy_1249,CCc1nc(Sc2nc(C)cc(C)n2)c2oc3ccccc3c2n1,-7.60398241749647,0
b2AR-decoy_847,Cc1c(O)nc(SCc2cccc(F)c2)nc1Cc1c(Cl)cccc1Cl,-7.6013750695944,0
b2AR-decoy_515,O=C(NN=C1CCCCC1)c1cc(c2ccccc2)[nH]n1,-7.60135891690572,0
b2AR-decoy_539,Cc1ccc(c2[nH]ncc2C(=O)c2cccc(F)c2)c(O)c1,-7.59462465233816,0
b2AR-decoy_702,Brc1ccc(c2csc(N/N=C/c3ccc(n4ccnc4)cc3)n2)cc1,-7.59454744515795,0
b2AR-decoy_1564,COc1ccc([C@H]2[C@H](C(O)c3ccc(O)cc3)C(=O)N2c2cc(OC)c(OC)c(OC)c2)cc1,-7.58882038350308,0
b2AR-decoy_76,COc1cccc(C2CC3=Nc4ccc(F)cc4SC3=C(O)C2)c1OC,-7.5879170510302,0
b2AR-decoy_1129,Cc1ccccc1OP(=O)(Nc1ccccn1)Oc1ccccc1C,-7.58551179017144,0
b2AR-decoy_2111,CC1=C[C@H](O)[C@@]2(C)CC[C@@](O)(C(C)C)[C@@H]2[C@@H](OC(=O)c2ccc(O)cc2)C1,-7.58508927133691,0
b2AR-decoy_2337,CCCc1ccc(Cn2cc([C@@H]3OC[C@@H](O)[C@H](O)[C@H]3O)c3ccccc32)cc1,-7.57547155434875,0
b2AR-decoy_1705,O=C(OCC(=O)c1ccccc1Br)c1ccccn1,-7.57538866771462,0
b2AR-decoy_921,C/C(=N\OC(=O)Nc1ccccc1)c1sc2ccccc2c1C,-7.5701512675603,0
b2AR-decoy_2602,CC(C)c1ccc(COc2ccccc2C2CC(=O)c3ccccc3O2)cc1,-7.56978646360645,0
b2AR-decoy_817,CC(CCCc1ccc(F)cc1)c1cc(O)c2c(c1)OC(C)(C)c1ccncc1-2,-7.56654187965886,0
b2AR-decoy_2031,Nc1nc(SCC(=O)c2ccc(Br)cc2)c2nc[nH]c2n1,-7.56334029483353,0
b2AR-decoy_3139,CCOC(=O)c1c(NC(NC(=O)c2ccco2)C(Cl)(Cl)Cl)scc1c1ccccc1,-7.56262782426559,0
b2AR-decoy_2743,CC(C)N(Cc1ccncc1)C(=O)Cc1c2ccccc2[nH]c1c1ccc(Br)cc1,-7.56024445264854,0
b2AR-decoy_1161,Cc1noc(NS(=O)(=O)c2ccccc2c2ccc(C(C)(C)C)cc2)c1C,-7.55974090338112,0
b2AR-decoy_2901,CC(=O)N1C[C@@H](O[C@@H](C)c2cc(C(F)(F)F)cc(C(F)(F)F)c2)[C@H](c2ccccc2)C1,-7.55781630272712,0
b2AR-decoy_1077,Cc1cccc(NC(=O)CSc2nc(C(F)(F)F)cc(c3ccco3)n2)c1C,-7.55147728741336,0
b2AR-decoy_186,O=C(Cc1ccccc1)Nc1nnc(CCCCc2nnc(NC(=O)Cn3cc(c4cccc(O)c4)nn3)s2)s1,-7.54847008580807,0
b2AR-decoy_2131,CCCCC(=O)c1c(CC(=O)OC)cc2c(c1O)C(=O)c1c(O)cccc1C2=O,-7.54733372227317,0
b2AR-decoy_200,CCCCOC(=O)[C@H](C)NP(=O)(Oc1cccc2ccccc12)O[C@H](C)[C@H]1O[C@@H](n2ccc(N)nc2=O)[C@](C)(O)[C@@H]1O,-7.54516525750305,0
b2AR-decoy_45,Oc1csc(Cc2nc(c3ccc4ccccc4c3)cs2)n1,-7.54367180118754,0
b2AR-decoy_2274,CC(C)=CC[C@@H]1C(C)=CC[C@@H](C(=O)c2c(O)cc(O)cc2O)[C@@H]1c1ccccc1,-7.54103723961726,0
b2AR-decoy_989,O=C(CC(Sc1ccccc1)c1ccco1)c1ccccc1O,-7.540816905847,0
b2AR-decoy_1982,O=c1cc(CO)oc(C(Nc2nccs2)c2ccc(F)cc2)c1O,-7.53621914837589,0
b2AR-decoy_501,Oc1cc(O)cc(c2cc3ccc(O)c(O)c3o2)c1,-7.52965293884946,0
b2AR-decoy_637,CC(C)(C)[C@H](C(=O)Nc1ncc(Cl)s1)c1ccc(Cl)cc1,-7.5294288626477,0
b2AR-decoy_933,Cc1[nH]n(c2ccccc2)c(=O)c1N=Nc1c(Cl)cccc1Cl,-7.52739787448596,0
b2AR-decoy_759,CC(=O)NC(CC(=O)c1ccc(Cl)cc1)c1ccc(Cl)cc1,-7.52586111079572,0
b2AR-decoy_2680,Cc1cccc(C)c1NC(=O)COc1ccccc1C(=O)Nc1ccc(Br)cn1,-7.52572107967739,0
b2AR-decoy_551,CCc1cc(O)c2c3c(c(O)cc2c1)C(=O)c1c(O)cccc1C3=O,-7.51850026100897,0
b2AR-decoy_1332,Oc1ccc(CC[C@H]2CC=C[C@@H](c3ccc(O)cc3)O2)cc1,-7.51382561823738,0
b2AR-decoy_201,CCC(CC)COC(=O)[C@H](C)NP(=O)(OCCOCn1cc(c2cnc(N)nc2OC)cn1)Oc1ccccc1,-7.51200263859337,0
b2AR-decoy_1346,Cc1cc(C)c(C#N)c(SCC(=O)c2ccc(Cl)cc2Cl)n1,-7.510407605866,0
b2AR-decoy_485,O=C(/C=C/c1ccc(Cl)cc1)c1ccc(O)cc1O,-7.50634762610546,0
b2AR-decoy_1417,N#Cc1nc(C(F)(F)F)oc1N,-7.50432387405376,0
b2AR-decoy_2059,[C-]#[N+]c1ccc(N[C@@H](c2nnc(c3ccc(O)cc3)o2)[C@H](C)O)c(C)c1Cl,-7.50060669642145,0
b2AR-decoy_2347,C[C@H](C(=O)NO)N1CCNc2cc(Oc3ccc(C(F)(F)F)cc3)ccc2S1,-7.49907826299984,0
b2AR-decoy_603,CC(C)(C)C1CCc2c(C(=O)N/N=C/c3cccs3)csc2C1,-7.49651677928918,0
b2AR-decoy_744,CC1CCc2c(c3c(O)cc(C(C)CCCc4ccc(F)cc4)cc3oc2=O)C1,-7.49311737833567,0
b2AR-decoy_3038,CCOc1ccc2nc(NC(=O)C(NS(=O)(=O)c3cccs3)C(C)C)sc2c1,-7.48182685098622,0
b2AR-decoy_749,O=C1c2c(cccc2OCc2ccccc2)CC1Cc1ccc(O)cc1,-7.48180221488579,0
b2AR-decoy_1962,N#Cc1cc(S(=O)(=O)Nc2nccs2)ccc1Oc1ccc(F)cc1c1ccc(CO)cc1,-7.47736831373368,0
b2AR-decoy_1252,Cc1onc(c2ccccc2)c1c1nnc(c2ccccc2C(F)(F)F)o1,-7.4773095966127,0
b2AR-decoy_1496,O=C1NC(=O)C(=Cc2ccoc2)C(=O)N1,-7.475048874004,0
b2AR-decoy_1742,Cc1ccc2[nH]c(SCc3nnc(c4ccccc4Br)o3)nc2c1,-7.4717263672151,0
b2AR-decoy_1746,CC[C@@H]1[C@@H](C)C[C@@]2(O)C(=O)O[C@H](C)[C@H]2[C@H]1/C=C/c1ccc(c2ccoc2)cn1,-7.46902803784048,0
b2AR-decoy_2809,N#Cc1ccc(C(OCc2ccc(C#N)cc2c2cccc(Cl)c2)c2cncs2)cc1,-7.46747841808061,0
b2AR-decoy_195,C=CCCCS(=O)(=O)NC(=O)c1ccccc1NC(=O)[C@@H](NC(=O)OC(C)(C)C)c1ccc(Oc2cc(OC)nc(c3ccccc3)n2)cc1,-7.46553713788822,0
b2AR-decoy_1716,Cc1oc2c(c1C(=O)c1ccccc1)C(=O)c1ccccc1C2=O,-7.46378476168818,0
b2AR-decoy_1408,N#Cc1c[nH]c(c2nc(C(F)(F)F)c[nH]2)n1,-7.46376080488469,0
b2AR-decoy_454,COc1ccc2oc(=O)c3c(c2c1)Nc1cc(C)c(C)cc1N3,-7.46006905225908,0
b2AR-decoy_2386,O=C(NO)[C@]1(F)[C@H](c2ccccc2)[C@H]1c1ccc(c2ncc(O)cn2)cc1,-7.45423082736686,0
b2AR-decoy_1700,Cc1cccc(c2nnc(SCC(=O)C(C)(C)C)n2C)c1,-7.45272842169025,0
b2AR-decoy_1432,O=C1NC(=O)/C(=C/c2ccco2)N1,-7.45237846533442,0
b2AR-decoy_2098,CCOc1ccccc1c1c2cc(O)c(=O)cc-2oc2cc(O)c(O)cc21,-7.45087834304007,0
b2AR-decoy_775,FC(F)(F)Oc1ccccc1c1cccc(c2c[nH]cn2)c1,-7.45041934291751,0
b2AR-decoy_517,CC1=CC(C)(C)[C@@]2(O)CO[C@@H](c3ccc(O)cc3)[C@@H]1C2,-7.45023349394925,0
b2AR-decoy_219,O=C1N[C@@H](Cc2ccccc2)COC(=O)[C@H](Cc2ccc(F)cc2)CC/C=C/C[C@H]1CC(=O)N(CCO)Cc1ccccc1,-7.44971004493473,0
b2AR-decoy_1865,Cc1ccc(S(=O)(=O)CNC(=S)CCCC(=S)NCS(=O)(=O)c2ccc(C)cc2)cc1,-7.44923705153323,0
b2AR-decoy_118,Oc1ccc(Cl)cc1Cn1nc(c2ccc(C(F)(F)F)cc2)oc1=S,-7.44882124259216,0
b2AR-decoy_1520,CC(C)CC1(Cc2ccccc2)OS(=O)(=O)C=C1OCc1ccccc1,-7.43764722624609,0
b2AR-decoy_976,Cc1cccc(C)c1N=C([S-])/C(=C(\O)c1cccs1)[n+]1ccccc1,-7.4369452521814,0
b2AR-decoy_614,N#Cc1ccc(Oc2ccc(c3ccccn3)cc2O)c(Cl)c1,-7.43102480717335,0
b2AR-decoy_2844,C[C@]12C=CC(=O)C=C1CCC1C2CC[C@@]2(C)C1CC[C@]2(Cl)[S+]([O-])Cc1ccccc1,-7.42987113201098,0
b2AR-decoy_176,CCOC(=O)/C=C/C(C[C@@H]1CCNC1=O)NC(=O)[C@@H](CC(=O)[C@@H](NC(=O)c1cc(C)on1)C(C)C)Cc1ccc(F)cc1,-7.42758116223595,0
b2AR-decoy_138,CCCCCCC1C(=O)c2c(cc3cc(O)cc(O)c3c2O)C[C@H]1C,-7.42735707084833,0
b2AR-decoy_115,O=C1NC(=O)/C(=C/c2cc(c3ccccc3)ccc2OCc2ccccc2)S1,-7.42638073557861,0
b2AR-decoy_1166,Cc1csc2nc(C(C)c3ccc(NC(=O)c4cccs4)cc3)oc(=O)c12,-7.42587638104133,0
b2AR-decoy_1169,CCO/C(O)=C1\C(CSc2ccccc2)=NC(C)=C(C#N)C1c1ccccn1,-7.42581356366027,0
b2AR-decoy_491,Oc1cc(c2cc3cccc(O)c3o2)cc(O)c1O,-7.42454696517146,0
b2AR-decoy_252,CCCCN(CCCC)S(=O)(=O)N[C@@H]1c2cc3c(cc2[C@@H](c2cc(OC)c(O)c(OC)c2)[C@H]2C(=O)OC[C@H]12)OCO3,-7.42117873755927,0
b2AR-decoy_1675,CC(C)(C)CN=C(C#N)C(C#N)/N=C/c1cccc(Cl)c1,-7.41948088253651,0
ASD03130061,FC(F)(F)Sc1ccc(Nc2nc(NC3CCNCC3)c3ccccc3n2)cc1Cl,-7.41653675673803,1
b2AR-decoy_754,CC1(C)C=Cc2c(ccc(C(=O)/C=C/c3ccc(F)c(F)c3)c2O)O1,-7.41645698897031,0
b2AR-decoy_531,O=C1C[C@H]2[C@@H](C1)c1cc(O)ccc1O[C@H]2c1ccc(O)cc1,-7.41409624132105,0
b2AR-decoy_1472,O=C1NC(=O)C(=Cc2ccco2)C(=O)N1,-7.41404870881797,0
b2AR-decoy_269,CC(C)(C)c1cc(NC(=O)NCc2ccccc2Sc2ccc3nnc(c4ccccc4[S+]([O-])CCO)n3c2)n(c2ccc(O)c(Cl)c2)n1,-7.41303700647144,0
b2AR-decoy_3002,C#Cc1cccc(C(=O)NCc2nc(c3cccc(NC(=O)c4ccccn4)c3)oc2C)c1,-7.40925655017162,0
b2AR-decoy_113,O=C(NCc1cccs1)c1cccc2c1occ2c1ccc(F)c(F)c1,-7.40798648305431,0
b2AR-decoy_3143,C[C@H](NC(=O)C(F)(F)F)[C@H](Oc1ccc2c(cnn2c2ccc(F)cc2)c1)c1cccc(O)c1,-7.40742456076764,0
b2AR-decoy_234,CCCOc1ccc(S(=O)(=O)N2CC[NH+](CC)CC2)cc1c1nc(O)c2cc3c(cc2n1)ncn3Cc1ccccc1OC,-7.39853481281028,0
b2AR-decoy_1655,CC(C)c1ccc(Sc2ccc(C(=O)C(Cl)Cl)cc2[N+](=O)[O-])cc1,-7.3963040258245,0
b2AR-decoy_1984,CC(C)Cc1ccc(S(=O)(=O)Nc2ccc3[nH]c(=O)[nH]c3c2)cc1,-7.3946115830936,0
b2AR-decoy_433,CC(C)=CCc1c(O)c(C=O)cc2c1[nH]c1ccccc12,-7.39224784092407,0
b2AR-decoy_2115,O=C1Nc2ccc(O)cc2/C1=C\c1ccc2c(/C=C/c3ccncc3)n[nH]c2c1,-7.3912096574376,0
b2AR-decoy_1254,Clc1ccc(COc2cccc3c2cnc2ncnn23)c(Cl)c1,-7.38861240728379,0
b2AR-decoy_1049,CC(=O)c1ccc(OCC(=O)OCc2cc(c3ccco3)on2)cc1,-7.38773109040395,0
b2AR-decoy_1013,O=C(CCCOc1ccc(Cl)c(Cl)c1)Nc1ncc(Cl)s1,-7.38390518478403,0
b2AR-decoy_2155,CC1=CCC(CC(C)Oc2ccc(/C=C3\SC(O)=NC3=O)cc2)CC1,-7.38264716173822,0
b2AR-decoy_1728,COc1ccc(CSc2nc(C(C#N)c3cccc(F)c3)c(C)c(=O)[nH]2)cc1,-7.38253406117523,0
b2AR-decoy_2118,O=c1cc(c2cc(O)c(O)c(Cc3ccc(Cl)cc3)c2)oc2cc(O)cc(O)c12,-7.3822350648547,0
b2AR-decoy_970,Cc1ccc(c2nc(SSc3ccc(Cl)cc3)n[nH]2)cc1,-7.38082163495949,0
b2AR-decoy_2172,N#Cc1cc(Cl)cc(Oc2cc(CCc3ccccc3)[nH]c(=O)c2Cl)c1,-7.374551052652,0
b2AR-decoy_1027,Brc1ccc([C@H]2CC[C@@H](OCCCc3cccnc3)O2)cc1,-7.37248123885655,0
b2AR-decoy_578,O=C(Nc1cc(Cl)c(O)cc1O)C1(c2cccc(O)c2)CCC1,-7.37146314358351,0
b2AR-decoy_419,Cn1nc(c2ccc(Cl)cc2)s/c1=N\c1cccc(C(N)=O)c1,-7.37138695894057,0
b2AR-decoy_237,Nc1ncnc2c1ncn2OCCOCP(=O)(Oc1ccc(Br)cc1)Oc1ccc(Br)cc1,-7.37093626820903,0
b2AR-decoy_2004,CCNC(=O)c1noc(c2cc(C(C)C)c(O)cc2O)c1C#Cc1ccccc1,-7.3686913968724,0
b2AR-decoy_1801,CCCCc1nc(Cl)c(C=O)n1Cc1ccc(c2ccccc2C2=NNN=N2)s1,-7.36701104985714,0
b2AR-decoy_151,COc1c(C)c2c(c(O)c1C/C=C(\C)CCC(=O)NCCCCCCNc1ccc([N+](=O)[O-])c3[nH]c4ccccc4c(=O)c13)C(=O)OC2,-7.36557960203325,0
b2AR-decoy_850,O=C1/C(=C/c2ccc(Oc3ccc(Cl)cc3)cc2)Oc2cc(O)ccc21,-7.35233230188218,0
b2AR-decoy_1817,COC(C)(C)/C=C/C/C(C)=C/Cc1c(O)ccc(C(=O)/C=C/c2ccc(O)cc2)c1O,-7.34996628221716,0
b2AR-decoy_488,Cc1cc(O)c(=O)c(O)cc1c1cccc2ccccc21,-7.34638470004006,0
b2AR-decoy_2598,Brc1ccc([C@@H]2CC3CCC(S3)C2c2cc(c3ccccc3)no2)cc1,-7.34079162127086,0
b2AR-decoy_475,CC(=O)Nc1ccccc1NC(=O)CC(C)(C)C,-7.33828200436959,0
b2AR-decoy_1792,c1ccc(Cn2cc(CNc3ccccc3c3nnc(c4ccccc4)o3)nn2)cc1,-7.33256708710486,0
b2AR-decoy_557,CNc1nnc(c2cc(c3ccc(F)cc3F)ccc2O)o1,-7.33166608204291,0
b2AR-decoy_1506,C=C(C)Cn1c(SCC(=O)c2cccs2)nc2sc3c(c2c1=O)CCOC3,-7.33147026219419,0
b2AR-decoy_224,COC(=O)[C@H](C)NP(=O)(OC[C@@H]1C=C[C@H](n2cc(C)c(=O)[nH]c2=O)O1)Oc1cccc(S(F)(F)(F)(F)F)c1,-7.32958889032182,0
b2AR-decoy_194,C=CCNC(=O)C(=O)C(CCC)NC(=O)[C@@H]1[C@@H]2[C@H](CN1C(=O)[C@@H](NC(=O)N[C@@H](CN1CCC(C)(C)CC1=O)C(C)(C)C)C1CCCCC1)C2(C)C,-7.3294349606871,0
b2AR-decoy_1833,CC[C@@H](NC(=O)c1cc(C(=O)N[C@H](C)c2ccc(F)cc2)n2c1COCC2)c1ccc(OC)nc1,-7.32587097931881,0
b2AR-decoy_626,COc1ccc(c2ccc(/C=N/Nc3ccc(F)cc3)s2)cc1,-7.32455500659974,0
b2AR-decoy_2333,O[C@H]1[C@H](O)CO[C@@H](c2cn(Cc3ccc4ccccc4c3)c3ccccc23)[C@@H]1O,-7.32421827913813,0
b2AR-decoy_1162,CC#C[C@@]1(O)CC[C@@]2(CC)c3ccc(OCc4cccnc4C)cc3CC[C@@H]2C1,-7.31957414249339,0
b2AR-decoy_1855,CCCNC(=O)c1cc2c(c(c3cccc(c4ccc(C#N)cc4)c3)n1)[C@@H](CCO)N(C(=O)CC)C2,-7.31477332595418,0
b2AR-decoy_2090,Cc1cc(C)cc(COC(=O)c2cc(/N=C/c3cc(O)ccc3O)ccc2O)c1,-7.30676989172734,0
b2AR-decoy_434,O=C(c1cccc(c2cccc(O)c2F)n1)c1ccccc1O,-7.30571141331388,0
b2AR-decoy_507,Oc1ccc(c2nc3ccccc3s2)cc1O,-7.3051714540644,0
b2AR-decoy_1617,Cc1nc(C)c(CNc2nc(OCC3CC3c3ccncc3)nc(Cl)c2C)s1,-7.302420733986,0
b2AR-decoy_2403,Cc1ccc(COc2cc(O)cc3oc4cc(O)c(O)cc4c(=O)c23)cc1,-7.29937477273686,0
b2AR-decoy_528,O=C1Nc2ccccc2C1=Cc1c[nH]c2ccccc12,-7.29712943734829,0
b2AR-decoy_1937,CN1C(=O)[C@@H](NC(=O)c2cc3ccccc3[nH]2)N=C(c2ccccc2F)c2ccccc21,-7.29124864643221,0
b2AR-decoy_2716,COC(=O)c1ccc([C@H]2Nc3ccc(S(=O)(=O)Nc4ccc(C)cc4)cc3[C@H]3C=CC[C@H]32)cc1,-7.28949484603475,0
b2AR-decoy_2722,O=C1CCCN1CCOc1ccc(C2Oc3cc(O)ccc3-c3sc4cc(O)ccc4c32)cc1,-7.27137889405503,0
b2AR-decoy_1080,Cc1csc(N2Nc3onc(c4ccccc4)c3C2c2ccc(Cl)cc2)n1,-7.26716330241613,0
b2AR-decoy_2069,CN(C)C(=O)[C@H]1C[C@@H]1c1ccc(c2nc[nH]c2Sc2ccc(Cl)cn2)cc1,-7.26392270709695,0
b2AR-decoy_1119,CCC(=O)N1c2ccccc2N=C2CC(c3ccco3)CC(O)=C2C1c1ccco1,-7.26133990439316,0
b2AR-decoy_3140,COc1cccc2c1OCC(C(=O)N[C@H](c1ncc(c3ccc(Br)cc3)[nH]1)C(C)C)=C2,-7.2612338052828,0
b2AR-decoy_2968,Cc1ccc(C(=O)SC(Cn2ccnc2)c2ccc(Cl)cc2Cl)cc1,-7.26070234861566,0
b2AR-decoy_344,O=C(C[C@H](c1ccccc1)c1c(O)c2ccccc2oc1=O)c1ccccc1,-7.2600608281351,0
b2AR-decoy_2574,C=C(C)C(=O)c1ccc(OCc2nc(c3ccc(C(F)(F)F)cc3)cs2)cc1Cl,-7.25910140909322,0
b2AR-decoy_1135,C/C(=N\Nc1nc(c2cc3ccccc3o2)cs1)c1cc2ccccc2o1,-7.25774428721063,0
b2AR-decoy_71,CC1(C)C=Cc2c(ccc(C(=O)/C=C/c3ccc4ccoc4c3)c2O)O1,-7.25624981253562,0
b2AR-decoy_1560,COc1ccc(NC(=O)C(NC(=O)/C=C\c2ccc3c(c2)OCO3)c2ccc(OC)cc2)cc1,-7.25246182207792,0
b2AR-decoy_1978,O=C(N[C@H]1N=C(c2ccccc2F)c2cccc3c2N(CC3)C1=O)c1cc2ccccc2[nH]1,-7.25216618343944,0
b2AR-decoy_1248,Cc1noc(c2ccc3occ(c4ccc([S+](C)[O-])cc4)c3c2)n1,-7.25068707859911,0
b2AR-decoy_494,CC(c1ccc(O)cc1)C(C#N)c1ccc(O)cc1,-7.24738384739379,0
b2AR-decoy_316,CC(C)(C)c1ccc(SCC(c2cccnc2)c2c[nH]cn2)cc1,-7.24613527721737,0
b2AR-decoy_2764,CC(C)c1nc2c(c3c1[C@@H](c1ccc(C(F)(F)F)cc1)OC31CCOCC1)[C@@H](O)CC1(CC1)C2,-7.24472892481737,0
b2AR-decoy_612,Cc1[nH]n(c2ccccc2)c(=O)c1N=Nc1ccc(Cl)cc1,-7.24116052662964,0
b2AR-decoy_1820,CCc1c(Cc2cc(C)cc(C)c2)nc(SCc2ccc([N+](=O)[O-])cc2)[nH]c1=O,-7.23960667937791,0
b2AR-decoy_1295,COc1ccc(/C=C2/C=C(Cc3ccccc3)C(=O)O2)cc1,-7.23768923324067,0
b2AR-decoy_554,CC(C)OC(=O)c1c(N)scc1c1ccc2c(c1)OCO2,-7.23696578528972,0
b2AR-decoy_2329,O=C1C[C@@H](c2ccc(O)cc2)Oc2cc(O)c(Cc3ccccc3O)c(O)c21,-7.23562769278817,0
b2AR-decoy_476,Nc1ccc(c2nc3cc(O)cc(O)c3s2)cc1,-7.23308760258529,0
b2AR-decoy_1577,Cc1ccc(NC(=O)C[S+]([O-])CC(=O)N(CC(=O)NC(C)(C)C)c2cccc(C)c2C)cc1,-7.23271462197041,0
b2AR-decoy_1117,CCCCc1nnc(C2=C(C)Nc3ccnn3C2c2ccc(Cl)c(Cl)c2)o1,-7.22532174912649,0
b2AR-decoy_2135,N#C/C(=C(/N)Sc1ccccc1N)c1cccc(C(O)c2cccc(F)c2)c1,-7.2229345753215,0
b2AR-decoy_967,O=C(/C=C/c1csc(c2ccc(Cl)cc2)n1)c1cccc(O)c1,-7.22008989492802,0
b2AR-decoy_1720,O=C(OCc1cc(Cl)ccc1O)c1cc2cc(CCl)ccc2oc1=O,-7.2195494007518,0
b2AR-decoy_2187,Oc1ccc(c2ccc(c3cn(CSc4ccccc4)nn3)cc2)cc1,-7.21794161523448,0
b2AR-decoy_999,O=C(CC(Sc1ccccc1)c1ccco1)c1ccc(O)cc1,-7.21708010945797,0
b2AR-decoy_78,O=c1c(c2ccc3ccccc3c2)c(c2ccccc2)c(c2ccccc2)nn1CCO,-7.21697680124624,0
b2AR-decoy_764,O=C1CCCc2c1c(SC1CCCC1)sc2c1cc[nH]n1,-7.21346800735816,0
b2AR-decoy_222,C=CCN(C(=O)OCc1ccc([N+](=O)[O-])cc1)C1CC[NH+](C[C@H]2CN(C(=O)C3CCCC3)C[C@]2(O)c2ccccc2)CC1,-7.21031738501717,0
b2AR-decoy_594,Cc1ccc(c2ccc3occ(c4ccc(C(C)O)cc4)c3c2)o1,-7.20877694695718,0
b2AR-decoy_1753,Cc1ccc(c2csc3ncnc(SCC(=O)NCC4CCCO4)c32)cc1,-7.20710926521754,0
b2AR-decoy_1630,O=C1S/C(=C\c2ccc(OCc3ccccc3)cc2)C(=O)N1Cc1ccc(F)cc1,-7.20420848913473,0
b2AR-decoy_3174,C=C[C@@]1(C)CC=C2[C@@H](CC[C@@H]3[C@](C)(C(=O)OCc4ccc([N+](=O)[O-])cc4)CCC[C@@]23C)C1,-7.20405501845863,0
b2AR-decoy_2862,O=C(CSc1c(F)c(F)c2cc(C(=O)c3ccccc3)sc2c1F)c1ccccc1,-7.19924532325363,0
b2AR-decoy_62,O=P(Oc1ccccc1)(Oc1ccccc1)[C@@]1(O)c2ccccc2C[C@@H]1Cl,-7.19604121730459,0
b2AR-decoy_1866,CC(C)C(NC(=O)Cn1c(=O)c(NC(=O)Cc2ccccc2)ccc1c1ccccc1)C(=O)C(F)(F)F,-7.19409642299302,0
b2AR-decoy_3141,C[C@H](c1ccc(Cl)cc1)N(C(=O)/C=C/c1ccccc1)[C@H](C(N)=O)c1ccc(Cl)cc1,-7.19115859874681,0
b2AR-decoy_1437,S=P1(c2ccccc2)NCCCN1,-7.19108934933142,0
b2AR-decoy_2094,O=c1cc(c2cc(O)c(O)c(Cc3ccccc3Cl)c2)oc2cc(O)cc(O)c12,-7.18513920294892,0
b2AR-decoy_2302,CS(=O)(=O)Nc1ccccc1c1ccc2c(c1)sc1c(N)ncnc12,-7.18202299809393,0
b2AR-decoy_163,COc1cc(/C=C/C(=O)NCCc2c[nH]c3ccc(O)c(c4c(O)ccc5[nH]cc(CCNC(=O)/C=C/c6ccc(O)cc6)c54)c23)ccc1O,-7.18108331340944,0
b2AR-decoy_1548,Cn1cnc2c(SCc3ccccc3OCc3ccccc3)ncnc21,-7.1809717636509,0
b2AR-decoy_181,CCCn1c(=O)c2nc(c3ccc(OCC(=O)NCCNC(=O)CCc4ccc(N)c(I)c4)cc3)[nH]c2n(CCC)c1=O,-7.18022259600636,0
b2AR-decoy_3190,Clc1ccc(C2COC(Cn3ccnc3)(c3ccc(Cl)cc3Cl)O2)c(Cl)c1,-7.17534967023651,0
b2AR-decoy_2832,O=c1oc2ccccc2c2c1C1CC(c3ccc(c4ccccc4)cc3)(Oc3ccccc31)O2,-7.17295598303659,0
b2AR-decoy_2202,Cc1nc(c2ccc(C(C)Nc3cnn(c4ccccc4)c(=O)c3Cl)cc2)cs1,-7.17223712173243,0
b2AR-decoy_2332,Cc1ccc(Cc2cc(c3cc(=O)c4c(O)cc(O)cc4o3)cc(O)c2O)cc1,-7.17023881548946,0
b2AR-decoy_2147,O=C(CSc1nn(c2ccccc2)c(=S)s1)c1c[nH]c2ccccc12,-7.16929962930876,0
b2AR-decoy_1167,C[C@@H](Oc1ccc(n2ccnc2)cc1)C(=O)Nc1ccc(c2ccccc2)cc1,-7.16901506506571,0
b2AR-decoy_126,C(=N/Nc1nc(c2ccc(c3ccccc3)cc2)cs1)\c1cccnc1,-7.16759856577478,0
b2AR-decoy_141,C/C(=N\Nc1nc(c2ccc(c3ccccc3)cc2)cs1)c1cccnc1,-7.16287075303699,0
b2AR-decoy_64,Cc1cc(c2cc(Cl)cc(Cl)c2/C=C/[C@@H]2C[C@@H](O)CC(=O)O2)ccc1F,-7.16120495878163,0
b2AR-decoy_993,C=C[C@]1(C)CC[C@@H](C(=C)C)C[C@H]1C(=C)COC(=O)c1ccccc1O,-7.16073151025165,0
b2AR-decoy_258,CCC1=C(OC(=O)N(CC)CC)N2C(=O)O/C(=N\CCc3c[nH]c4ccccc34)[C@]2(Cc2ccccc2)[C@H]2C1=CC[C@H]1C(=O)NC(=O)[C@H]12,-7.15750755635009,0
b2AR-decoy_3089,Cc1ccc(CSc2nc3ccncc3n2Cc2nc(c3ccc(Cl)cc3)oc2C)cc1,-7.15590628099178,0
b2AR-decoy_2061,COc1ccc(C(c2cc(O)ccc2O)c2ccc(C(C)C)cc(=O)c2O)cc1,-7.15547753250203,0
b2AR-decoy_1970,CCN(CC(=O)Nc1c(F)cccc1F)C(=O)CCc1nc(O)c2c3c(sc2n1)CCCC3,-7.15398829800399,0
b2AR-decoy_2453,C=C[C@@]1(C)CC=C2[C@@H](CC[C@@H]3[C@](C)(C(=O)OCc4ccc(Cl)cc4)CCC[C@@]23C)C1,-7.15027076656564,0
b2AR-decoy_136,O=C1NC(=S)S/C1=C/c1cccc(Oc2ccc(C(F)(F)F)cc2)c1,-7.15016188078754,0
ASD03130065,Fc1ccc(Nc2nc(NC3CCCCC3)c3ccccc3n2)cc1Cl,-7.14516327665968,1
b2AR-decoy_66,CC(C)(C)[C@H](C(=O)Nc1ncc(Br)s1)c1ccc(Cl)cc1,-7.14030303308397,0
b2AR-decoy_2392,COc1c(=O)c2c(O)cc(O)cc2oc1c1ccc(O)c(CC=C(C)C)c1,-7.13998257706346,0
b2AR-decoy_883,Cc1ccc(/C=N/Nc2nc(c3ccc(F)cc3)cs2)cc1,-7.13925386372246,0
b2AR-decoy_3171,CN(C)c1ccc(/C=C(/SCc2ccccc2Cl)C(=O)c2ccc(Cl)cc2)cc1,-7.13695704694478,0
b2AR-decoy_2209,N#CSC[C@@H]1C[C@](O)(c2ccccc2)[C@@H](c2ccccc2)[C@H](c2ccc(F)cc2)O1,-7.13274611545433,0
b2AR-decoy_1926,CC(C)=CCC/C(C)=C/Cc1cc([C@@H]2CC(=O)c3c(O)cc(O)cc3O2)c(O)cc1O,-7.1312503010792,0
b2AR-decoy_2558,CC(=O)Nc1nc2c(Oc3cc(C4=CCC(C(F)(F)F)CC4)ncn3)cccc2s1,-7.12773731303032,0
b2AR-decoy_341,C/C(=N\Nc1nc(c2ccc(c3ccccc3)cc2)cs1)c1ccncc1,-7.126642335007,0
b2AR-decoy_140,Cc1ccc(N=Nc2c(C)[nH]n(c3ccccc3)c2=O)cc1Br,-7.12446393546642,0
b2AR-decoy_2506,Cc1oc(c2cccc(Cl)c2)nc1CSc1nncn2c1cc1occc12,-7.12423029186434,0
b2AR-decoy_930,CCCOC1Oc2ccc(F)cc2-c2ccc3c(c21)C(C)=CC(C)(C)N3,-7.12412648418427,0
b2AR-decoy_1514,C=CCn1c(SCc2cccc3ccccc23)nnc1c1cccnc1,-7.1238072097277,0
b2AR-decoy_510,Cc1ccc(/C=C/C(=O)c2ccc(O)cc2O)cc1,-7.12169177409095,0
b2AR-decoy_1963,CCCS(=O)(=O)Nc1ccc(Oc2ccc(F)cc2F)c(c2cn(C)c(=O)c3[nH]ccc32)c1,-7.12001648814838,0
b2AR-decoy_34,COc1cc(O)c(C(=O)CC(C)C)c2c1[C@H]1C[C@H](C(C)C)C=C[C@@]1(C)O2,-7.11827991145931,0
b2AR-decoy_245,C[C@H](NC(=O)C(C)(F)F)[C@H](Oc1ccc2c(cnn2c2cccc(C(=O)N3CCC[C@@H]3C(N)=O)c2)c1)c1ccc2c(c1)OCCO2,-7.11693152777429,0
b2AR-decoy_524,O=C(NNc1ccccc1C(F)(F)F)c1cccs1,-7.11491309570982,0
b2AR-decoy_2058,CCCOc1cc2c(cc1C(=O)/C=C/c1ccc(OC)c(O)c1)SCO2,-7.11490649141995,0
b2AR-decoy_1081,COC(=O)c1c(NC(=O)C2c3ccccc3Oc3ccccc32)sc(C)c1C,-7.11466435227836,0
b2AR-decoy_556,N#CC1=C(N)S[C@@H](C(=O)c2ccc(F)cc2)[C@@H]1c1cccs1,-7.11188281362952,0
b2AR-decoy_445,Oc1cc(Br)c(c2cc3ccccc3o2)cc1O,-7.11149818281851,0
b2AR-decoy_561,Cc1c(CO)c(CO)c2n1[C@H](c1ccccc1)SC2(C)C,-7.10975549962429,0
b2AR-decoy_596,C=C[C@@]1(C)CC[C@H]2[C@](O)(CC[C@@H]3[C@]2(C)CCC[C@@]3(C)COC(C)=O)C1,-7.10534502586528,0
b2AR-decoy_1306,COc1cc(/C=C/C(C)=C/C(C)=C/c2ccccc2)oc(=O)c1,-7.10417882734626,0
b2AR-decoy_2336,O=C(NNC(=S)NCc1ccc(Cl)cc1)c1ccc(Br)o1,-7.10207524470384,0
b2AR-decoy_2034,Cc1cccc(NC(=O)CSc2n[nH]c(c3ccccc3O)n2)c1C,-7.10086364904407,0
ASD03130108,Clc1cc(Cl)cc(Nc2nc(NC3CCN(c4ccccc4)CC3)c3ccccc3n2)c1,-7.09948880707842,1
b2AR-decoy_1767,CC(C)c1cc(N2CCCCC2)nnc1C(=O)NC1C2CC3CC(C2)CC1C3,-7.09563855759032,0
b2AR-decoy_95,O=Cc1cc(Cl)c(OCc2cccc(c3ccccc3)c2Br)cc1O,-7.09310127139355,0
b2AR-decoy_2303,Cc1ccc(NC(=O)c2ccc(Oc3ccc(C(F)(F)F)cc3)nc2)c(B(O)O)c1,-7.0912653819636,0
b2AR-decoy_1468,C/N=C1\C(Cl)=C(O)OC1O,-7.08891340091379,0
b2AR-decoy_437,Cc1ccc(Sc2ccnc3sc(C(N)=O)cc23)cc1,-7.08736338121358,0
b2AR-decoy_2358,C/C(=N\NC(N)=S)c1ccc(OCc2ncc(C(F)(F)F)cc2Cl)cc1,-7.08670700990416,0
b2AR-decoy_1688,CN(C)C1=C(Cl)C(=O)N(c2ccc(Cl)c(Cl)c2)C1=O,-7.08552861380718,0
b2AR-decoy_1601,O=C1NC[C@H](C(=O)Nc2cc(c3cccc(COCCC(F)(F)F)c3)n(c3ccccc3)n2)O1,-7.08540332718409,0
b2AR-decoy_529,C[C@H]1C(=O)[C@@]23CC[C@@H]4[C@](C)(CO)CCC[C@@]4(C)C2=CC[C@]1(O)C3,-7.08253866175134,0
b2AR-decoy_2820,COc1ccc(c2nn(c3ccc(Cl)cc3)cc2/C=C\C(=O)c2ccc(Cl)cc2)cc1,-7.0814047851586,0
b2AR-decoy_274,COc1ccc(C(=O)Nc2ccc(CNc3ccc(c4nc5cc(CC(=O)N[C@@H](CCCC[NH3+])C(=O)[O-])ccc5o4)cc3F)cc2)cc1Br,-7.07641230135833,0
b2AR-decoy_598,CCC(C)Sc1nc(O)cc(Cc2ccc3ccccc3c2)n1,-7.07472526221566,0
b2AR-decoy_1764,CC(C)CC(=O)O[C@H]1C[C@@H](C)C=C2C=C[C@H](C)[C@H](CC[C@@H]3C[C@@H](O)CC(=O)O3)C21,-7.07225435712023,0
b2AR-decoy_1909,O=C(O[C@H]1CCC(=C2SCCCS2)[C@H]1C1SCCCS1)c1ccccc1,-7.07081641645885,0
b2AR-decoy_2102,CC(O)(c1ccccc1)c1cccc(/C(C#N)=C(\N)Sc2ccccc2N)c1,-7.07014969919024,0
b2AR-decoy_1347,Cc1onc(c2ccccc2Cl)c1C(=O)Oc1ccccc1F,-7.06924127001999,0
b2AR-decoy_188,C#CCCC(=O)N[C@H](C(=O)N[C@@H](CC(C)C)C(=O)N[C@@H](CC(C)C)C(=O)N[C@@H](C)/C=C/C(=O)N1C(=O)C=C(OC)[C@@H]1C(C)C)[C@@H](C)CC,-7.0684360339895,0
b2AR-decoy_911,Cc1ccc(C(C)C)cc1OC(=O)Nc1ccc(Cl)c(Cl)c1,-7.06785803455775,0
b2AR-decoy_2942,COc1cc(c2noc3c2CCCC3OCc2cc(F)cc(F)c2)ccc1n1cnc(C)c1,-7.06698741340951,0
b2AR-decoy_179,CC(C)(C)C(=O)OCC(Cc1ccccc1)NP(=O)(OC[C@H]1O[C@@H](n2ccc(N)nc2=O)[C@](C)(O)[C@@H]1O)Oc1ccccc1,-7.06282434421755,0
b2AR-decoy_1536,CC1=CC(COCc2ccccc2)OC2(C1)C(=O)N(CC1CC1)c1ccccc12,-7.06168069659802,0
b2AR-decoy_2226,O=C1NC(=S)S/C1=C\N1N=C(c2ccc3ccccc3c2)CC1c1ccc(Cl)cc1,-7.0609324741807,0
b2AR-decoy_1088,CC(=O)c1ccc(c2cc(c3cnn(CC#N)c3c3cc(C)cc(O)c3)ccn2)cc1,-7.0582990830583,0
b2AR-decoy_2562,COc1ccc(OCC(=O)Nc2nc3ccc(c4nc5cc(Cl)ccc5o4)cc3s2)cc1,-7.05826407093364,0
b2AR-decoy_2725,CC(C)c1cc(c2ccccc2)c(c2ccc(F)cc2)n1CC[C@@H]1C[C@@H](O)CC(=O)O1,-7.05771663111285,0
b2AR-decoy_1277,CCCCC(C#N)(OP1(=O)OC(c2ccccc2)C(C)N1C)c1ccccc1,-7.05719212712276,0
b2AR-decoy_509,Cc1cc(O)ccc1CC(C#N)c1ccc(O)cc1,-7.05650847093988,0
b2AR-decoy_2171,COc1cccc(C2CC3=Nc4ccc(Cl)cc4SC3=C(O)C2)c1OC,-7.05122827802596,0
b2AR-decoy_2575,Clc1ccc(COC(Cn2ccnc2)c2ccc(Cl)cc2Cl)c(Cl)c1,-7.04993719732563,0
b2AR-decoy_183,CCCC[C@H](NC(=O)[C@@H]1[C@H]2[C@@H](CN1C(=O)[C@@H](NC(=O)NC1([C@H]3CCCS3(=O)=O)CCCCC1)C(C)(C)C)C2(C)C)C(=O)C(=O)NC1CC1,-7.04826855662848,0
b2AR-decoy_3052,O=S(=O)(c1ccc(F)cc1)C1(c2ccc(C(F)(C(F)(F)F)C(F)(F)F)cc2)CCCC1,-7.04604345749494,0
b2AR-decoy_206,COC(=O)c1cc(OC)cc(O)c1C(=O)c1c(O)cc(C)c2c1O[C@@](C)(CC(=O)[C@@]13C[C@H](O)[C@@H]4O[C@]4(CC=C(C)C)[C@@H]1O3)C2,-7.04550137427357,0
b2AR-decoy_123,CC(C)=CCCC1(C)C=Cc2c(O)cc(/C=C/c3ccc(O)c(O)c3)cc2O1,-7.04532034383798,0
b2AR-decoy_2399,Nc1ccc(N2CC(CNC(=O)c3ccc(Cl)s3)OC2=O)cc1F,-7.04460696521726,0
b2AR-decoy_1578,CC(C)(C)c1ccc(CCC(=S)NCc2ccc(NS(C)(=O)=O)c([N+](=O)[O-])c2)cc1,-7.04263830403709,0
b2AR-decoy_2339,C[C@H](O)[C@@H](CCc1ccccc1C(F)(F)F)n1cnc2c(N)ncnc21,-7.03516076133881,0
b2AR-decoy_405,Cc1cc(NS(=O)(=O)c2cc3c(cc2F)NC(=O)CC3)ccc1F,-7.03351448155203,0
b2AR-decoy_338,CC(C)c1ccc(C(=O)NN(C(=O)c2ccccc2Cl)C(C)(C)C)cc1,-7.03299986897852,0
b2AR-decoy_2084,O=c1c(OC/C(=N/O)c2ccccc2)c(c2ccccc2)oc2ccccc12,-7.03209994316122,0
b2AR-decoy_1440,O=C1NC(=S)N/C1=C\c1cccs1,-7.03114986768065,0
b2AR-decoy_1226,CC(Sc1nnc(c2ccc[nH]2)o1)C(=O)c1ccc(C(C)(C)C)cc1,-7.0310727193317,0
b2AR-decoy_853,COc1ccc(COc2ccc3c(c2)C(C)=CC(C)(C)N3)cc1,-7.03030014799871,0
b2AR-decoy_1523,O=C(CC(C(=O)c1cccs1)c1ccc2c(c1)OCO2)c1ccccc1,-7.02839584282313,0
b2AR-decoy_2615,O=C1OC[C@H]2[C@@H]1Cc1c(F)cc(F)cc1[C@@H]2/C=C/c1ccc(c2cccc(Cl)c2)cn1,-7.02592501507651,0
b2AR-decoy_499,Cc1nn(c2ccccc2)c(N)c1N=Nc1ccccc1,-7.0244092660661,0
b2AR-decoy_388,O=C1C(Nc2ccc(O)cc2)=C(Cl)C(=O)c2sc(CO)cc21,-7.02330623615909,0
b2AR-decoy_1727,CCN1C(=O)/C(=C/N2N=C(c3ccccc3)CC2c2ccccc2O)SC1=S,-7.02138990547635,0
b2AR-decoy_161,COc1ccc(CNC(=O)c2csc([C@@H](NC(=O)c3csc([C@@H](NC(=O)OC(C)(C)C)C(C)C)n3)C(C)C)n2)c(OC)c1,-7.01958734444905,0
b2AR-decoy_2828,CC(C)=CCC/C(C)=C/Cc1c(O)c2c(c(/C=C/C(=O)c3ccc(O)c(O)c3)c1O)OC(C)(C)C=C2,-7.01781965017935,0
b2AR-decoy_1087,C[C@]12CC[C@@H]3[C@H]4CC/C(=N\Oc5ccc([N+](=O)[O-])cc5)C[C@@H]4CC[C@H]3[C@@H]1CC[C@@H]2O,-7.01638652634683,0
b2AR-decoy_1281,COc1ccc(C(=O)C(OC(=O)c2ccc(F)cc2)c2ccc(OC)cc2)cc1,-7.01352962654723,0
b2AR-decoy_1708,C/C(=N\NC(=S)Nc1ccccc1F)c1ccc([N+](=O)[O-])cc1,-7.01258691198427,0
b2AR-decoy_335,O=C(/C=C/c1ccc(c2ccc(Cl)c(Cl)c2)o1)c1ccccc1O,-7.01004657261955,0
b2AR-decoy_1342,Cc1ccccc1/N=C/C=C1/C=C(c2ccccc2)OC(C)(C)O1,-7.00942304143421,0
b2AR-decoy_982,C[C@]12CCC(=O)CC1CC[C@@H]1[C@@H]2CC[C@]2(C)[C@@H](O)[C@H](CCCN=[N+]=[N-])C[C@@H]12,-7.00483614167696,0
b2AR-decoy_738,O/N=C(\CSc1ccncc1c1ccccc1)c1cc(Cl)sc1Cl,-7.00477093219266,0
b2AR-decoy_1821,CCCCN/C=C1/C=C(/C=C/C(=O)c2ccccc2)c2c(ccc3c(C)cc(=O)oc23)C1=O,-7.00439799742874,0
b2AR-decoy_2542,COc1cc(C)ccc1C(=O)Nc1cc(C#N)ccc1N1CCC(Oc2ccc(F)cc2F)CC1,-7.00186196352659,0
b2AR-decoy_1123,CC(C)(C)c1ccc([C@@H]2C[C@H]2C(=O)N/N=C/c2ccc(C(F)(F)F)cc2)cc1,-6.99954120330409,0
b2AR-decoy_1053,O=C(/C=C/CCCCc1ccc2c(c1)OCO2)N1CCCC1,-6.9988674907393,0
b2AR-decoy_753,O=[N+]([O-])c1ccc(Oc2ccc(Cl)cc2O)c(Cl)c1,-6.99643160371657,0
b2AR-decoy_2184,Cc1nn(c2ccccc2)c(O)c1/C=N/N(c1ccccc1)c1ccccc1,-6.9954740629799,0
b2AR-decoy_1590,Cc1cnc(NC(=O)[C@@H]2C[C@H]3CCCC[C@@H]3N2C(=O)[C@H](CC2CCCC2)CN(O)C=O)s1,-6.99471853704954,0
b2AR-decoy_572,C=C1C[C@@]23CC[C@H]4[C@@](C)(CCC[C@@]4(C)NC(C)=O)[C@@H]2CC[C@]1(O)C3,-6.99335154023821,0
b2AR-decoy_1392,C=CC1=C(C)[C@@H]2CC(=O)[C@H]3[C@](C)(COC(C)=O)CCC[C@]3(C)[C@H]2CC1,-6.99130135148078,0
b2AR-decoy_2924,CC(C)(C)c1ccc(c2ccc(OCc3ccccc3)c(/C=C3\SC(=O)NC3=O)c2)cc1,-6.99056738625074,0
b2AR-decoy_2307,NS(=O)(=O)c1ccccc1NS(=O)(=O)/C=C/c1c(Cl)cccc1Cl,-6.98651929044991,0
b2AR-decoy_1128,COc1ccccc1/C=C/c1nc(C#N)c(NC(C)c2ccccc2)o1,-6.98619609684813,0
b2AR-decoy_223,COc1ccc(NC(=O)Nc2ccc3c(c2)C(=O)N([C@@H](C)CO)C[C@@H](C)[C@@H](CN(C)S(=O)(=O)c2cccs2)O3)cc1,-6.98583577276795,0
b2AR-decoy_1707,C[C@@](F)(c1ccc(C(F)(F)F)nc1)S(C)(=O)=NC#N,-6.98566589693725,0
b2AR-decoy_687,CCCOC1Oc2ccc(Cl)cc2-c2ccc3c(c21)C(C)=CC(C)(C)N3,-6.98529947906338,0
ASD03130073,Fc1cc(F)cc(Nc2nc(NC3CCCCC3)c3ccccc3n2)c1,-6.98527349962862,1
b2AR-decoy_1802,CCCCCCc1c(=O)c2c(O)cc(OC)c(OC)c2oc1c1ccc(O)c(O)c1,-6.98472136600746,0
b2AR-decoy_1180,COc1ccc(C[C@H]2COC[C@@H]2Cc2ccc(Cl)c(Cl)c2)cc1O,-6.98025200264501,0
b2AR-decoy_331,COc1ccc(O)c(C2=Nc3ccccc3N=C(c3ccccc3)C2)c1,-6.97950853843764,0
b2AR-decoy_361,C[C@H](NC(=O)/C=C/c1ccccc1F)c1cccc(c2ccc(F)nc2)c1,-6.9791135039146,0
b2AR-decoy_546,CC(C)(C)c1ccc(C(=O)N/N=C/c2ccccc2O)cc1,-6.97654690135344,0
b2AR-decoy_1665,COc1cccc(c2nnc3sc(/C=C/c4ccco4)nn32)c1,-6.97622571337239,0
b2AR-decoy_2642,COc1ccc(c2csc(N3N=C(c4ccc(F)cc4)CC3c3ccc4c(c3)OCCO4)n2)cc1,-6.97541596167381,0
b2AR-decoy_133,CC(=O)N[C@@H](C)/C=C/c1ccc(Oc2ccc3nc(C)sc3c2Cl)nc1,-6.97044671629267,0
b2AR-decoy_495,CC(=O)N[C@@H]1CC/C(C)=C/CC(C)(C)/C=C/[C@H](O)[C@@H]1C,-6.9703006381018,0
b2AR-decoy_2204,C[C@]12CC[C@H]3[C@@H](C[C@@H]4O[C@@]45C[C@@H](O)CC[C@]35C)[C@@H]1CC[C@@H]2C(=O)/C=C/c1ccccc1,-6.96520698261977,0
b2AR-decoy_1557,O=C1N[C@@H]2[C@H](CCCCCc3cn(Cc4ccc(C(F)(F)F)cc4)nn3)SC[C@@H]2N1,-6.96373999140562,0
b2AR-decoy_2612,CO/N=C(/c1ccc(F)cc1)c1ccccc1COc1ccc(C(F)(F)F)cc1,-6.96333203360632,0
b2AR-decoy_3073,Clc1ccc(CO/N=C/c2c(c3ccc(c4ccccc4)cc3)nc3sccn23)cc1Cl,-6.96280017665036,0
ASD03130027,Nc1nc(Nc2ccccc2)nc2ccc(C(F)(F)F)cc12,-6.96037265027052,1
b2AR-decoy_273,CCCCN(CCCC)C(=O)c1cc(C)n(c2ccc(N[S+]([O-])c3c(C)onc3c3ccccc3)cc2C(=O)N2Cc3ccccc3C[C@H]2CO)n1,-6.95839319937956,0
b2AR-decoy_2157,O=C1NC(=O)/C(=C/c2ccc(c3ccc(OCc4ccccc4)cc3)cc2)S1,-6.95645080619147,0
b2AR-decoy_1812,COc1ccc(CSc2nc(C(C#N)c3ccccc3)c(C(C)C)c(=O)[nH]2)cc1,-6.95574286050701,0
b2AR-decoy_1160,CCCCNC(=O)[C@]1(C)CCC[C@@]2(C)C3CC[C@@]4(C)C[C@]3(CCC21)CC4=O,-6.95565458315744,0
b2AR-decoy_1433,O=C1NC(=O)/C(=C/c2c[nH]cn2)S1,-6.9556318799804,0
b2AR-decoy_523,O=c1oc(c2ccc(O)cc2)cc2cc(O)ccc12,-6.95517876761604,0
b2AR-decoy_2046,COc1cc(CC(O)c2cccc(c3ccc(C#N)cc3)c2)c([N+](=O)[O-])cc1OC,-6.95052267877612,0
b2AR-decoy_3078,O=C(Oc1ccc(Cl)cc1Cc1ccccc1)c1ccccc1c1ccc(C(F)(F)F)cc1,-6.9504557730738,0
b2AR-decoy_149,O=c1cc(N2CCCCC2)oc(c2cccc3c2Sc2ccccc2S3)c1,-6.94817432756051,0
b2AR-decoy_19,O=c1cc(Sc2ccc(Cl)cc2Cl)c2cccc([N+](=O)[O-])c2[nH]1,-6.94753409867132,0
b2AR-decoy_2310,O=C(Cc1ccc(O)c(F)c1)N/N=C1\C(=O)Nc2c(Cl)ccc(Cl)c21,-6.94742653665806,0
b2AR-decoy_787,C/C(=C\c1ccc(Br)cc1)C(=O)c1c(C)cc(C)nc1O,-6.94613441697587,0
b2AR-decoy_1861,O=C1CCCC/C=C\C[C@H](CC(=O)N(CCO)Cc2ccccc2)C(=O)N[C@@H](Cc2ccccc2)CO1,-6.9460959770344,0
b2AR-decoy_1275,Brc1cccc(Sc2ccc3nnc(c4cncs4)n3n2)c1,-6.94561483014043,0
b2AR-decoy_1303,CSc1ncccc1C(=O)OCc1c(F)cccc1Cl,-6.94450392840853,0
b2AR-decoy_1729,COc1cccc(c2cc(C(=O)Nc3ccn(Cc4ccc(C)cc4)n3)no2)c1,-6.94250418959226,0
b2AR-decoy_2927,COc1ccc(C2S/C(=C\c3ccccc3)C(=O)N2NC(=O)c2ccc(c3ccccc3)cc2)cc1,-6.94230445516363,0
b2AR-decoy_734,CC(C)=CCc1cccc([C@@H]2CC(=O)c3c(O)cc(O)c(CC=C(C)C)c3O2)c1O,-6.93912955575637,0
b2AR-decoy_1121,CC1=CC[C@@H]2[C@@H](C1)c1c(O)cc(C(C)(C)C(=O)OCCCC#N)cc1OC2(C)C,-6.93752741255334,0
b2AR-decoy_12,N#C/C(=C\c1ccc(c2cccs2)o1)c1nc2ccccc2[nH]1,-6.9357675320367,0
b2AR-decoy_1269,C[C@@H]1CC[C@H]2C(CSc3ccccc3)C(=O)O[C@@H]3O[C@]4(C)CC[C@@H]1[C@]32OO4,-6.93471524046532,0
b2AR-decoy_317,C/C(=N\NC(N)=S)c1sc(c2ccccc2)c(c2ccccc2)c1C,-6.93356857681955,0
b2AR-decoy_1136,CSc1ccc(c2nnc(NC(=O)c3cc(Cl)sc3Cl)o2)cc1,-6.93237076409493,0
b2AR-decoy_2331,C/C(=C\c1ccc(Cl)cc1)S(=O)(=O)Nc1cccc(F)c1S(N)(=O)=O,-6.93214422635375,0
b2AR-decoy_2948,C[C@H]1OC(=O)[C@@H]2C[C@@H]3CCCC[C@H]3[C@H](/C=C/c3ccc(c4ccsc4)cn3)[C@H]12,-6.93201725633195,0
b2AR-decoy_2739,Cc1cc(S(=O)(=O)Nc2ccc(/N=C/c3cccs3)cc2)c2c(C)ccc(C(C)C)cc1-2,-6.92821864866654,0
b2AR-decoy_954,O/N=C(\COc1cccc2ccccc12)c1ccc(c2ccccc2)cc1,-6.9276342643407,0
b2AR-decoy_2028,CC(=NNC(=O)c1cc(Br)ccc1O)c1cc2cc(O)ccc2n1C,-6.9267019191514,0
b2AR-decoy_1914,O=C(CSc1nnc(c2ccc(N=C=S)cc2)o1)c1ccc(Cl)cc1Cl,-6.92586730090044,0
b2AR-decoy_232,COc1ccc(/C=C/[C@@H](C)[C@@H]2C/C=C/C(=O)N[C@H](Cc3ccc(OC)c(Cl)c3)C(=O)NCC(C)(C)C(=O)O[C@@H](CC(C)C)C(=O)O2)cc1,-6.92339880838169,0
b2AR-decoy_1779,C=C(C)CC[C@]1(C)C2=CCC[C@](C)(C[C@@H](OC(C)=O)C3=CC(=O)OC3O)[C@H]2CC[C@H]1C,-6.92259852369331,0
b2AR-decoy_2055,N#C/C(=C\Nc1ccc(OC(F)(F)F)cc1)S(=O)(=O)c1ccc(Cl)cc1,-6.9195986823697,0
b2AR-decoy_2735,CCC(C)(C)C1CCc2sc3ncnc(N/N=C(\C)c4ccc(OC)cc4)c3c2C1,-6.91908741089033,0
b2AR-decoy_816,CC(C)(C)c1ccc(C(=O)NCCc2csc(c3ccc(Cl)cc3)n2)cc1,-6.91885207241872,0
b2AR-decoy_538,CN(C(=O)c1ccc(c2ccccc2O)s1)c1cccc(O)c1,-6.91775144996634,0
ASD03130055,c1ccc2c(NC3CCCCC3)nc(N3CCOCC3)nc2c1,-6.91526475244033,1
b2AR-decoy_1004,COc1cccc(/C=C/c2n[nH]c3cc(c4ccncc4)ccc23)c1,-6.91485406809296,0
b2AR-decoy_1481,Cc1ccsc1/C=N/NC(=O)C(N)=O,-6.91009480390113,0
b2AR-decoy_1559,C/C(=C(/CCOC(=O)c1ccccc1)SC(=O)c1ccccc1)N(C=O)Cc1cnc(C)nc1N,-6.90975875193466,0
b2AR-decoy_2170,Cc1c(O)nc(SCC(C)C)nc1Cc1c(Cl)cccc1Cl,-6.90834918453288,0
b2AR-decoy_2600,CCOc1ccc(c2ccc(C3=CC(=O)C[C@H](c4ccc(F)cc4)C3)cc2)cc1,-6.90751256253581,0
b2AR-decoy_303,C[C@H](CCC(=O)OCc1cn(CC(O)(Cn2cncn2)c2ccc(F)cc2F)nn1)[C@H]1CC[C@H]2[C@@H]3CC[C@@H]4C[C@H](O)CC[C@]4(C)[C@H]3C[C@H](O)[C@@]21C,-6.90622062819962,0
b2AR-decoy_1869,COCCNC(=O)c1cc(C(C)Nc2cc(F)cc(F)c2)c2oc(N3CCOCC3)cc(=O)c2c1,-6.90353688837266,0
b2AR-decoy_1818,CC(O)c1ccc(C(Cc2cc[n+]([O-])cc2)c2ccc(OC(F)F)c(OC(F)F)c2)cc1,-6.90321409615931,0
b2AR-decoy_1198,CC(Oc1ccc(Cl)cc1Cl)C(=O)NCCC1=CCCCC1,-6.90124785352327,0
b2AR-decoy_2538,Clc1ccc(Cn2nccc2c2ccc3nnn(c4ccc5cn[nH]c5c4)c3c2)c(Cl)c1,-6.90003058508046,0
b2AR-decoy_2025,CCc1ccc2oc(C(=O)NCc3ccc(S(N)(=O)=O)cc3)c(C)c2c1,-6.89995949611209,0
b2AR-decoy_1846,CCC(O)C(CC(F)F)(c1ccc(C(F)(F)F)cc1)n1ncc2c(NS(C)(=O)=O)cccc21,-6.89958844574898,0
b2AR-decoy_472,C[C@@H]1CC[C@@H]2[C@@H](C1)O[C@@H](c1ccccc1O)CC2(C)O,-6.89879340408317,0
b2AR-decoy_435,CC1(C)C=Cc2c(O)ccc(C(=O)/C=C/c3ccc(O)cc3)c2O1,-6.89848743640211,0
b2AR-decoy_2789,CC1(C)C(C=C(Cl)Cl)C1C(=O)OC(C#N)c1ccc(F)c(Oc2ccccc2)c1,-6.89716952559291,0
b2AR-decoy_119,COc1cc(C2CC(c3ccco3)=Nc3ccccc3S2)ccc1O,-6.89602035166333,0
b2AR-decoy_1629,[O-][S+](Cc1cc(Oc2ccccc2)nc(c2ccccc2)n1)c1ccccc1,-6.89572907464697,0
b2AR-decoy_3051,COc1ccc2cc(c3cn(Cc4nc(c5ccccc5)c(c5ccccc5)o4)nn3)ccc2c1,-6.8948491640889,0
b2AR-decoy_1296,CC(C)Oc1ccc(C2COC(c3c(F)cccc3F)=N2)cc1,-6.89460255887947,0
b2AR-decoy_2049,CCN1C(=O)c2cccc3c(NS(=O)(=O)Cc4ccc(Cl)cc4)ccc1c23,-6.8920707590468,0
b2AR-decoy_2863,C[C@H]1OC(=O)[C@@H]2C[C@@H]3CCCC[C@H]3[C@H](/C=C/c3ccc(c4ccccc4Cl)cn3)[C@H]12,-6.89057786085585,0
b2AR-decoy_786,CCC(C)c1ccc2c(c1)COP(=S)(NCC(C)C)O2,-6.88953683713801,0
b2AR-decoy_108,CCCc1cc(=O)oc2cc(c3cccc4c3Sc3ccccc3S4)cc(O)c12,-6.88622497902544,0
b2AR-decoy_2486,Cc1ccc(Sc2cncc3sc(C(=O)c4ccccc4)cc23)cc1,-6.88595888783497,0
b2AR-decoy_371,CC(=O)[C@H]1CC[C@H]2[C@@H]3CCC4C[C@H](O)CC[C@]4(C)[C@H]3C[C@H](O)[C@]12C,-6.88427259929434,0
b2AR-decoy_1156,CC(=O)NCCC1=C(c2ccc(C(C)(C)C)cc2)Cc2ccc3c(c21)CCO3,-6.87994601924377,0
b2AR-decoy_1317,COc1cc(OC)cc(/C(C#N)=C/c2ccccc2F)c1,-6.87888627990027,0
b2AR-decoy_2599,Cn1c(=Nc2ccc(Cl)c(Cl)c2)scc1c1ccc(Cl)cc1,-6.87601106097501,0
b2AR-decoy_905,C/C(Sc1nnc(Cc2ccccc2)o1)=C(\O)c1ccccc1,-6.86948659786003,0
b2AR-decoy_2989,CCC1Sc2ccc(S(=O)(=O)CCC(=O)Nc3ccccc3Cl)cc2NC1=O,-6.86922691905712,0
b2AR-decoy_571,O=C(/C=C/c1ccc(c2cc(F)c(F)c(F)c2)cc1Cl)NO,-6.86825966686691,0
b2AR-decoy_785,O=c1cc(C(c2ccccc2)c2ccccc2)oc2cc(O)ccc12,-6.86822955644634,0
b2AR-decoy_1047,COc1ccc([C@H]2C[C@@H]2COc2nc(C)ncc2c2ccc(C)nc2)nc1,-6.86648377861859,0
b2AR-decoy_146,C=C1CCC[C@]2(C)CC[C@@H](C(C)C)[C@H](OC(=O)/C=C/c3ccc(O)cc3)[C@@H]12,-6.86320518799914,0
b2AR-decoy_964,O=C1NC(=O)c2cc(Sc3ccccc3)c(Sc3ccccc3)cc21,-6.86230041359427,0
b2AR-decoy_2826,O=C1C(=O)N(Cc2ccc(c3ccccc3)cc2)c2ccc(OCc3ccc(Cl)cc3)cc21,-6.86173690529041,0
b2AR-decoy_1183,O=C(CSC1c2ccccc2-c2ccccc21)N/N=C/c1ccccc1,-6.85943443218099,0
b2AR-decoy_356,COc1cc(/C=C2\CC/C(=C\c3ccc4ccccc4c3)C2=O)ccc1O,-6.85790715211981,0
b2AR-decoy_2373,COc1cc(O)c2c(c1Cc1ccccc1O)O[C@@H](c1ccc(O)cc1)CC2=O,-6.85645580404995,0
b2AR-decoy_358,Oc1c(Cl)cc(Cl)cc1/C=N/c1ccccc1N1CCCC1,-6.85627988296559,0
b2AR-decoy_2309,Nc1nnc(SCc2nc(O)c3c(n2)scc3c2ccccc2)s1,-6.85556106839828,0
b2AR-decoy_468,CC(C)c1cc2c(cc1O)[C@@]1(C)CCC[C@@]3(C)CO[C@@H]([C@@H]2O)[C@H]13,-6.85504972148548,0
b2AR-decoy_423,C/C(=N\NC(=O)c1cc2ccccc2cc1O)c1ccc(C)o1,-6.85357140404945,0
b2AR-decoy_1789,C/C=C\[C@@H]1C[C@H](OC(=O)[C@@H](C)CC)[C@@H]2[C@@H](CC[C@@H]3C[C@@H](O)CC(=O)O3)[C@@H](C)C=C[C@H]2C1,-6.8499911945354,0
b2AR-decoy_2234,O=C(Nc1nnc(SCc2c(Cl)cccc2Cl)s1)c1ccc2ncsc2c1,-6.84970142071407,0
b2AR-decoy_2886,Cc1c(N2Cc3ccccc3C2=O)cccc1c1ccc(C(N)=O)c2[nH]c3cc(C(C)(C)O)ccc3c21,-6.84820482409627,0
b2AR-decoy_479,O=C(Cc1ccc(Cl)cc1)c1ccc(O)c(O)c1,-6.84766491742976,0
b2AR-decoy_288,COc1ccc(C(CCCNS(=O)(=O)c2cccs2)N2C(=O)c3cccc(N4CC[NH+]([C@H](C)c5ccccc5)CC4)c3C2=O)cc1OC,-6.84695940666375,0
b2AR-decoy_244,Cc1ccnc(OC(c2ccc(C(F)(F)F)cc2)C2CC[NH+](C(C)CCNC(=O)c3c(Cl)cncc3Cl)CC2)c1,-6.84523254854944,0
b2AR-decoy_1512,C=C1c2ccccc2S(=O)(=O)N(Cc2ccccc2)C1COCc1ccccc1,-6.84447356456366,0
b2AR-decoy_2338,O=C(NNS(=O)(=O)c1cccc(O)c1F)c1cc(F)cc(c2ccccc2)c1,-6.84161298199866,0
b2AR-decoy_1825,CC(C)=CCC/C(C)=C/CO/N=C1/C[C@@H](O)[C@@H](O)[C@@H]2[C@@H]3C(=O)N(Cc4ccccc4)C(=O)[C@H]3CC[C@@H]12,-6.84159970174226,0
b2AR-decoy_1689,CC1CN(C(=O)c2ccc3c(c2)OCO3)OC(c2ccccc2)O1,-6.84047416156567,0
b2AR-decoy_1134,CC1CC1c1ccc(/C=C(\C#N)C(=O)Nc2ccc(Cl)cc2Cl)o1,-6.83665144375741,0
b2AR-decoy_392,NS(=O)(=O)c1ccc(C2=C(c3ccc(F)c(F)c3)CC3(CC3)C2)cc1,-6.83499210652265,0
b2AR-decoy_456,O=[N+]([O-])c1ccc(Sc2c(O)ccc(O)c2Cl)cc1,-6.83440616596658,0
b2AR-decoy_2986,FC(F)(F)c1cc(CSc2nnc(c3ccccn3)n2Cc2ccco2)ccc1Cl,-6.83196626423566,0
b2AR-decoy_2812,Clc1ccc(COC2c3c(Cl)cc(Cl)cc3SC2Cn2ccnc2)c(Cl)c1,-6.83148667048965,0
b2AR-decoy_740,CC(C)C1=CC2=CC[C@H]3[C@](C)(C(=O)OCC(O)CCl)CCC[C@]3(C)[C@H]2CC1,-6.8308971346752,0
b2AR-decoy_739,CC(CCCc1ccc(F)cc1)c1cc(O)c2c(c1)OC(C)(C)C1=C2C2CCN1CC2,-6.8263653011757,0
b2AR-decoy_236,COc1cc([C@H](O)[C@H](COC(=O)/C=C/c2ccc(O)cc2)Oc2ccc(/C=C/COC(=O)/C=C\c3ccc(O)cc3)cc2OC)ccc1O,-6.82618222611117,0
b2AR-decoy_2880,O=S(=O)(c1ccc(Cl)cc1Cl)c1sc2ncccc2c1c1ccc(Cl)cc1,-6.82471679801655,0
b2AR-decoy_559,Cc1c(C(=O)N/N=C\c2ccccc2F)oc2cccc(O)c12,-6.82357395297529,0
b2AR-decoy_487,CC1=CC[C@]2(O)C[C@H]1[C@H](c1ccc(O)cc1)OC2(C)C,-6.82272144392906,0
b2AR-decoy_527,Oc1[nH]nc(c2ccccc2)c1/C=N/c1ccccc1Cl,-6.82050936513633,0
b2AR-decoy_1650,CCCCCCN1C(=O)/C(=N\NC(=O)c2cc3ccccc3s2)c2ccccc21,-6.81969873565139,0
b2AR-decoy_366,N#Cc1ccc(C(=O)c2sc3cc(O)ccc3c2c2ccc(F)cc2)cc1,-6.8188310680393,0
b2AR-decoy_3021,COc1ccc(/C=N/NC(=O)c2ccc(NC(C)=O)cc2)cc1COc1ccc(F)cc1F,-6.81844156757074,0
b2AR-decoy_604,CC(C)c1ccc(OCC(=O)Nc2ccccc2C(F)(F)F)cc1,-6.81798894772204,0
b2AR-decoy_2137,O=c1c(O)c(C(c2ccccc2)c2ccccc2)oc2cc(O)cc(O)c12,-6.8143209162978,0
b2AR-decoy_1304,CCN(CC)C(=O)CC12CCCCC1=Nc1ccccc12,-6.81337112371116,0
b2AR-decoy_171,CC(C)CN(C[C@@H](O)[C@H](Cc1ccccc1)NC(=O)O[C@H]1CO[C@H]2OCC[C@@H]12)S(=O)(=O)c1ccc2c(c1)C(=CNCCc1ccccc1)C(=O)N2,-6.81295825968034,0
b2AR-decoy_1585,CC(NC(=O)COc1ccc(/C=N/NS(=O)(=O)c2ccccc2)cc1)c1ccccc1,-6.81231460494889,0
b2AR-decoy_2372,Cc1cc(N)nc(C)c1CNC(=O)c1cnn(Cc2ccc(F)c(F)c2)c1,-6.80984225674679,0
b2AR-decoy_2268,O=C1/C(=N\O)c2c(cccc2c2ccc(C(F)(F)F)cc2)N1Cc1ccc(Cl)cc1,-6.80863523363839,0
b2AR-decoy_1032,CCCCCCC[S+]([O-])C1=CC(=O)c2ccccc2C1=O,-6.80823370135785,0
b2AR-decoy_2142,O=C(/C=C/c1nccc2c1[nH]c1ccccc12)c1ccc(Br)cc1,-6.80775028488693,0
b2AR-decoy_1388,Cc1ccc(CN2C(=O)S/C(=C\c3ccccc3Cl)C2=O)cc1,-6.8058315822507,0
b2AR-decoy_1679,Cc1cc(=O)oc2cc(Sc3cccc(Cl)[n+]3[O-])ccc12,-6.80504830464105,0
b2AR-decoy_535,CN(Cc1cccc(N)c1)C(=O)C12CC3CC(CC(C3)C1)C2,-6.80332907775563,0
b2AR-decoy_2613,O=C1/C(=C\c2ccc3ncccc3c2)CCC/C1=C/c1ccc2ncccc2c1,-6.80042329928251,0
b2AR-decoy_564,CC(C)[C@]1(O)C=C2C(=O)C=C3C(C)(C)[C@H](O)CC[C@@]3(C)[C@@H]2CC1,-6.79844534745885,0
b2AR-decoy_1210,CSc1cnc(NC(=O)[C@H](c2ccc(Cl)cc2)C(C)(C)C)s1,-6.79841777040514,0
b2AR-decoy_1625,c1ccc(Cn2c(SCc3ccncc3)nnc2c2ccsc2)cc1,-6.79758502104283,0
b2AR-decoy_1463,O=S(=O)([O-])c1cc(O)ccc1O,-6.79526266531326,0
b2AR-decoy_977,COc1ccc2cc(C(C)c3nnc(c4ccc(O)cc4)o3)ccc2c1,-6.7943077469789,0
b2AR-decoy_1697,Cc1cs/c(=N\N=C\c2ccccc2)n1Cc1ccco1,-6.79109022950427,0
b2AR-decoy_1204,CCC(Sc1nc2ncccc2o1)C(=O)Nc1c(C)cc(C)cc1C,-6.78988764773057,0
b2AR-decoy_2950,COc1ccc(F)cc1C(C)(C)CC(O)(Cc1ccccc1Br)C(F)(F)F,-6.7896186024227,0
b2AR-decoy_1668,C=C1C(=O)O[C@H]2[C@H]1CCC(=C)[C@@H]1C[C@H](OC(=O)C=C(C)C)C(=C)[C@H]21,-6.78693875483563,0
b2AR-decoy_2790,CCCCCCCC(=O)CO[C@]1(C)CCC[C@]2(C)[C@@H]1CC[C@@]13CC(=O)[C@@](C)(CC[C@@H]21)C3,-6.78685645074805,0
b2AR-decoy_1956,O=C(NO)c1ccc(COc2c(=O)n(Cc3ccncc3)c3ccccc3c2c2ccccc2)cc1,-6.78610291163812,0
b2AR-decoy_912,COc1cc(/C=C/C(=O)c2cccc(c3cccc(F)c3)c2)ccc1O,-6.78397288784597,0
b2AR-decoy_496,O=C1NCCc2c(c3ccccc3)[nH]c3cccc1c23,-6.78370179187639,0
b2AR-decoy_2801,CC1(C)C(c2ccccc2)=NN(C(=O)COc2cccc3cccnc23)C1c1ccccc1Cl,-6.78366836610042,0
b2AR-decoy_2122,CC1=C[C@H](OC(=O)c2ccc(O)cc2)C2[C@](C)(CC[C@@]2(O)C(C)C)C[C@@H]1O,-6.7806985487488,0
b2AR-decoy_1102,Cc1ccc(C2=Nc3ccccc3N(CC(=O)Nc3ccccc3C)C(=O)C2)cc1C,-6.7750836607029,0
b2AR-decoy_1389,COC1=CC(=O)C=C(C[C@@]2(C)CC[C@]3(C)C(C)=CCC[C@H]3[C@H]2C)C1=O,-6.77101150382123,0
b2AR-decoy_1074,O=[N+]([O-])c1cc(O)cc(c2nnc(SCc3ccc(Cl)c(Cl)c3)o2)c1,-6.77060024490004,0
b2AR-decoy_1079,OC(c1ccc(Oc2ncccc2C2=CCOCC2)cc1)c1nc2ccccc2s1,-6.76948550638759,0
b2AR-decoy_2177,CC(C)(C)c1ccc(Oc2cccc(/C=C3/SC(=O)NC3=O)c2)cc1,-6.76901944707065,0
b2AR-decoy_512,CCO/C(O)=C\C1=Nc2cc(C)c(C)cc2NC(=O)C1,-6.76820022448984,0
b2AR-decoy_871,CC(C)/C=N/Nc1nc(c2ccc(Br)cc2)cs1,-6.76712203376028,0
b2AR-decoy_2994,O=C(NCC1CCCO1)c1cccc(S(=O)(=O)Nc2ccc(SC(F)F)cc2)c1,-6.76583030163746,0
b2AR-decoy_2304,Cc1nnc2sc(C(=O)NC3CN(c4cccc(F)c4F)C3)c(N)c2c1C,-6.76476703083569,0
b2AR-decoy_2250,CC(C)c1ccccc1Sc1c(O)cc(c2cccc(c3ccccc3)c2)oc1=O,-6.7643984169336,0
b2AR-decoy_2714,N#CC1=C(N)OC2=C(C(=O)CC(c3ccco3)C2)C1c1ccc(OCc2c(F)cccc2Cl)cc1,-6.76403370807115,0
b2AR-decoy_1981,CCCCOC(=O)NCc1nc(c2nc(C)cs2)c(c2ccc3ncsc3c2)[nH]1,-6.76386854619072,0
b2AR-decoy_573,Cc1cccc(Sc2cncc3sc(C(N)=O)cc23)c1,-6.76288789195569,0
b2AR-decoy_867,COc1ccc(/C=C\c2cc(OC)c3ccsc3c2)cc1O,-6.76269453829256,0
b2AR-decoy_865,CCCc1ccc2oc(Cc3ccc(OC)cc3)c(C)c2c1O,-6.76137614377412,0
b2AR-decoy_1580,O=C(N[C@@H]1CO[C@@H]2[C@H](OCc3ccccc3)CO[C@@H]21)/C(=C/c1ccccc1)NC(=O)c1ccccc1,-6.76093660658246,0
ASD03130070,Fc1ccc(Nc2nc(NC3CCCCC3)c3cc(C(F)(F)F)ccc3n2)cc1F,-6.76000429464499,1
b2AR-decoy_1703,COCC(=O)N1CCCC(C(=O)c2ccc(C(F)(F)F)cc2)C1,-6.75986025288534,0
b2AR-decoy_1755,CC(C)n1cc(NC(=O)c2cnn3cccnc23)c(c2cccc(Cl)c2)n1,-6.75505067074785,0
b2AR-decoy_2998,Cc1ccccc1C(=O)C1CCN(c2ccc(C(=O)NCC(O)c3ccsc3)nn2)CC1,-6.75270675315112,0
b2AR-decoy_2800,CCC/C(=N\OC(Cn1ccnc1)c1ccc(Cl)cc1Cl)c1ccc(Cl)cc1Cl,-6.75054858113145,0
b2AR-decoy_1423,NC(=O)c1cssc1=S,-6.74696080414648,0
b2AR-decoy_2099,CCC(=O)N1N=C(c2ccc(N)cc2)c2cc3c(cc2CC1C)OCO3,-6.74566949974949,0
b2AR-decoy_1469,N#C/C=C(\N)c1cccs1,-6.7432484537066,0
b2AR-decoy_278,CCn1nc(Cc2cc(C(F)(F)F)cc(C(F)(F)F)c2)cc1C1CC[NH+](C[C@H]2C[NH+]([C@@H](C(=O)[O-])C(C)C)C[C@@H]2c2cccc(F)c2)CC1,-6.74322384561667,0
b2AR-decoy_2223,O=C(c1ccc2c(c1)OCCCO2)c1oc2cc(O)ccc2c1c1cccc2ccccc21,-6.74283996106541,0
b2AR-decoy_971,CN(C)c1ccc(C(C/C(=N\O)c2ccccc2)c2ccccc2)cc1,-6.74278203088596,0
b2AR-decoy_189,C=CC[C@H](CC(=O)NCCO)C(=O)N[C@H](COC(=O)[C@H](CC=C)CC(=O)OC(C)(C)C)Cc1c[nH]c2ccccc12,-6.7426338585176,0
b2AR-decoy_869,O=C(/C=C/c1ccc(Oc2ccccc2)cc1)c1ccccc1O,-6.74244902749454,0
b2AR-decoy_2835,Cc1ccc(Sc2cccc3c2C(=O)c2cccc(Sc4ccc(C)cc4)c2C3=O)cc1,-6.74111756531667,0
b2AR-decoy_790,CCC(c1ccc(O)c(O)c1)C(CC)c1ccc(O)c(F)c1,-6.74091555935768,0
b2AR-decoy_1894,CC(C)=CCC/C(C)=C/Cc1c(O)ccc(c2coc3cc(O)cc(O)c3c2=O)c1O,-6.74039050751241,0
b2AR-decoy_2661,COc1ccccc1Sc1ccc(c2ccnc(N3CCCN(C(C)=O)CC3)c2)cc1C(F)(F)F,-6.73959298410439,0
b2AR-decoy_1323,CC(C)=CCC[C@@H](C)c1c2ncc[nH]c-2c(C)c(=O)c1O,-6.737688961705,0
b2AR-decoy_2908,Clc1ccc(c2noc(CSc3nnc(Cc4cccs4)n3c3ccccc3)n2)cc1,-6.73713957062737,0
b2AR-decoy_1732,CSc1nc(Cl)cc(Sc2nnc(c3ccc(C(F)(F)F)cc3)[nH]2)n1,-6.73684007537743,0
b2AR-decoy_511,O=C(/C=C/c1c[nH]c2ccccc12)c1ccccc1O,-6.73526634798477,0
b2AR-decoy_3013,O=C(CCCl)Nc1ccc(SCC(=O)Nc2ccc(Br)cn2)cc1,-6.73391551572688,0
b2AR-decoy_1495,FC(F)(F)c1c[nH]c(c2ncc[nH]2)n1,-6.7311969976861,0
b2AR-decoy_1375,CCC(=O)c1cc2c(Oc3ccc(Cl)cc3)cncc2s1,-6.73115367829441,0
b2AR-decoy_2510,CCCN1N=C2/C(=C/c3ccccc3)CSCC2C1c1ccccc1,-6.72883781990538,0
b2AR-decoy_1682,O=S1(=O)C=C(Sc2nc3ccccc3o2)c2ccccc21,-6.72711211121726,0
b2AR-decoy_2643,CCCc1ccc(OCC(=O)N(Cc2nc(c3ccc4ccccc4c3)no2)C(C)C)cc1,-6.7247199808743,0
b2AR-decoy_1912,C[C@]12CC[C@H]3[C@@H](CC(=O)[C@H]4C[C@H](F)CC[C@@]43C)[C@@H]1CC[C@@H]2OC(=O)c1ccccc1,-6.72384481911277,0
b2AR-decoy_2052,O=[N+]([O-])c1ccc(OCc2ccsc2)cc1/C=C(/CO)c1ccccc1,-6.72380855487224,0
b2AR-decoy_1286,CCN(CC)c1cc2oc(=O)ccc2cc1c1cccs1,-6.72213854467369,0
b2AR-decoy_1839,CC(C(=O)NC[C@@H](C)O)c1ccc(O[C@@H]2CCN(c3ccc(OCC4CC4(F)F)cn3)C2)cc1,-6.72164235343998,0
b2AR-decoy_882,COc1ccc(C(=O)c2coc3cc(Cl)c(O)c(Cl)c23)cc1,-6.72021581945813,0
b2AR-decoy_444,O=C1c2ccccc2C(=Cc2ccc(O)c(O)c2)c2ccccc21,-6.71988925132818,0
b2AR-decoy_1379,c1ccc(OC(Cn2ccnc2)c2ccc3ccccc3c2)cc1,-6.71978732153688,0
b2AR-decoy_1030,C=C[C@]1(C)CC[C@@H](C(=C)COC(=O)c2cccnc2)C[C@H]1C(=C)C,-6.71966513816885,0
b2AR-decoy_1620,O=C(Cc1ccc(Cl)cc1)OC(Cn1ccnc1)c1ccc(Cl)cc1Cl,-6.71949169913865,0
b2AR-decoy_1863,CC(C)CC(C)(CC(C)C)OC(=O)CC(C)NC(=O)C1=NOC(C(O)(C(F)(F)F)C(F)(F)F)C1,-6.71740337935694,0
b2AR-decoy_1203,CC(=O)c1ccc2[nH]c(SCc3cc(C(C)(C)C)ccn3)nc2c1,-6.71545701124149,0
b2AR-decoy_3053,C[C@]12C[C@H](c3ccc(c4cccnc4)cc3)C3=C4CCC(=O)C=C4CC[C@H]3[C@@H]1CCC21CCCC1=O,-6.71383822278288,0
b2AR-decoy_1262,O=C(CSc1nnc(COc2cccc3cccnc23)o1)c1ccc(F)cc1,-6.71222081297518,0
b2AR-decoy_2997,O=C(N/N=C/c1ccc(OCc2cccc(C(F)(F)F)c2)cc1)c1cc(O)c(O)c(O)c1,-6.71184120704041,0
b2AR-decoy_2328,O=C(Cc1ccc(c2ccccc2)cc1)NNC(=S)NCc1ccco1,-6.71153006170105,0
b2AR-decoy_137,O=C(Nc1ccco1)c1nc2nc(c3cccs3)cc(C(F)(F)F)c2s1,-6.71075404294081,0
ASD03130047,CC1CCCC(Nc2nc(NC3CCCCC3)c3ccccc3n2)C1,-6.70962413200475,1
b2AR-decoy_2012,C=C1CC[C@H]2[C@@](C)(CC[C@@H](O)[C@@]2(C)CO)[C@@H]1C/C=C1\SC(=S)NC1=O,-6.70697386754842,0
b2AR-decoy_2711,O=C(c1cc2cc(C3CC3)ccc2[nH]1)N1CC(=O)N(Cc2ccc3cc[nH]c3c2)[C@@H](Cc2ccccc2)C1,-6.70615243910745,0
b2AR-decoy_1366,C=C(c1ccccc1OCc1ccsc1Cl)n1ccnc1,-6.70527081548524,0
b2AR-decoy_443,Oc1ccc(c2nc(Cc3ccc(Cl)cc3)no2)cc1O,-6.70406192127505,0
b2AR-decoy_2388,Oc1ccc(C(c2ccc(O)cc2O)c2cc(Br)c(O)cc2O)cc1,-6.70364038200205,0
b2AR-decoy_1416,OC(O)(C(F)(F)F)C(F)(F)F,-6.70122406991798,0
b2AR-decoy_1343,CCn1c(SCc2c(F)cccc2Cl)nnc1c1ccco1,-6.7011959963102,0
b2AR-decoy_781,CC1=CC[C@@]2(C)CC[C@](O)(C(C)C)C2C(OC(=O)c2ccccc2)C1,-6.70059431226353,0
b2AR-decoy_726,Clc1ccc(CSc2nc3ncc(Br)cc3[nH]2)cc1Cl,-6.70030486046457,0
b2AR-decoy_37,COc1ccc2[nH]cc(/C=C/C3=Nc4ccccc4C3(C)C)c2c1,-6.70007042325125,0
b2AR-decoy_3182,COc1cc(OC)c2c(c1)oc(=O)cc2c1cccc(c2ccc(C(F)(F)F)cc2)c1,-6.69970078191695,0
b2AR-decoy_109,CC1(C)O[C@H]2C3=C([C@H]2O1)[C@@H](c1ccccc1)[C@H](CCc1ccccc1)C=CC=C3CO,-6.69654341518362,0
b2AR-decoy_3037,Cc1ccc(C(=O)N/C(=C\c2ccc([N+](=O)[O-])cc2)C(=O)NCCc2ccccc2)cc1,-6.69422727025935,0
b2AR-decoy_1498,O=C1CNC(=O)/C(=C/c2cccs2)N1,-6.69335439157142,0
b2AR-decoy_390,COc1cc([C@@H]2c3cc(O)c(OC)cc3C(=O)[C@@H](C)[C@H]2C)ccc1O,-6.69300146370204,0
b2AR-decoy_2726,CCO/C(O)=C1\C(CSc2ccccc2)=NC(C)=C(C#N)C1c1ccccc1C(F)(F)F,-6.68662938101835,0
b2AR-decoy_374,CC1(C)OC(c2ccc(S(N)(=O)=O)c(F)c2)=C(c2cccc(F)c2)C1=O,-6.68530615073025,0
b2AR-decoy_756,Cc1c(C(=O)C(C)C)oc2cc(c3ccccc3)cc(O)c12,-6.68459034069632,0
b2AR-decoy_2306,C=C[C@]1(C)C=C2C(=O)C(O)=C3[C@@]4(C[C@@H]4C[C@@H](O)[C@@]3(C)COC(=O)C(C)C)[C@@]2(O)CC1,-6.68453448280063,0
b2AR-decoy_1541,CC(C)COC(=O)/C(C#N)=C/c1cn(Cc2ccccc2)c2ccccc12,-6.68430329200488,0
b2AR-decoy_2287,CC(C)CCCC(C)[C@H]1CCC2C3C/C(=N\O)C4=C[C@H](O)[C@H](O)C[C@]4(C)C3CC[C@@]21C,-6.68363358138494,0
b2AR-decoy_990,O=C(Nc1nnc(c2cccs2)o1)c1ccc(SC(F)(F)F)cc1,-6.68305964335172,0
b2AR-decoy_1168,COc1c(O)c(C(C)=O)c(OCc2ccc(c3ccccc3)cc2)c2ccoc12,-6.68255045651158,0
b2AR-decoy_156,CCCCNC=C1C(=O)Nc2ccc(S(=O)(=O)N(CC(C)C)C[C@@H](O)[C@H](Cc3ccccc3)NC(=O)O[C@H]3CO[C@H]4OCC[C@@H]34)cc21,-6.68198482254524,0
b2AR-decoy_890,Clc1cncc(Cl)c1N/N=C/c1ccccc1c1ccccc1,-6.68176766664946,0
b2AR-decoy_565,CC(C)c1cc2c(cc1O)[C@@]1(C)CCCC(C)(C)[C@@H]1C(O)C2=O,-6.68102996964576,0
b2AR-decoy_1714,c1ccc2cc(c3n[nH]c4ccc(C5=NN=NN5)cc43)ccc2c1,-6.67999829740713,0
b2AR-decoy_32,O=C1COc2ccc(/C=C(\c3ccccc3)c3ccc(F)cc3F)cc2N1,-6.67849898508364,0
b2AR-decoy_582,CC(C)c1cc2c(cc1O)[C@@]13CCCC(C)(C)[C@@H]1[C@H](OC3=O)[C@@H]2O,-6.67544922906575,0
b2AR-decoy_3016,COc1cc(OC)cc(C(=O)NCc2n[nH]c(=S)n2c2ccc(Br)cc2)c1,-6.67437055360466,0
b2AR-decoy_610,CCC(C)C(=O)c1c(O)cc2c3c1OC(C)(C)C1CCC(C)(CC31)O2,-6.67336754140581,0
b2AR-decoy_2368,Cc1ccc(c2cc(C(F)(F)F)nn2c2ccc(S(N)(=O)=O)c(CO)c2)cc1,-6.6713498473674,0
b2AR-decoy_2721,C=C1CC[C@H]2[C@@](C)(CC[C@@H](O)[C@@]2(C)CO)[C@@H]1C/C=C1/C(=O)OC[C@H]1Oc1cccc2ccc(C)nc12,-6.67094725771164,0
b2AR-decoy_154,Cc1ccc(Cn2c(CCNc3nc(c4ccc(Cl)c([N+](=O)[O-])c4)cs3)nc3cc(C(=O)NCCCO)ccc32)cc1,-6.66999346671388,0
b2AR-decoy_428,Cc1cc(O)cc2c1O[C@@H](c1ccc(O)cc1)[C@H]1CCC[C@@H]21,-6.66969497126441,0
b2AR-decoy_2414,Fc1ccc2c(c1)[C@@H](OCc1ccc(Cl)c(Cl)c1)[C@@H](Cn1ccnc1)S2,-6.66884098765213,0
b2AR-decoy_600,Cc1ccsc1/C=N/Nc1nc(Cl)c(Cl)cc1Cl,-6.66727739496054,0
b2AR-decoy_104,C[C@]12CC[C@@H](O)C[C@@H]1C[C@H](OCc1ccccc1)[C@@H]1[C@@H]2CC[C@@]2(C)[C@H]1CC[C@@]21CO1,-6.66615901937443,0
b2AR-decoy_574,NC(=O)c1sc(Oc2ccccc2)c2c1CCc1cnsc1-2,-6.66615165331119,0
b2AR-decoy_473,Cc1ccc(c2nc(/C=N/c3ccc(O)cc3)c(O)o2)cc1,-6.66556465774781,0
b2AR-decoy_2032,CCc1ccc(C2c3c([nH]nc3c3cc(C)ccc3O)C(=O)N2CCO)cc1,-6.66535256939773,0
b2AR-decoy_1067,COc1cc(OC)c(C(=O)/C=C/c2ccc(C(F)(F)F)cc2)c(OC)c1,-6.66496786924526,0
b2AR-decoy_834,CC(C)[C@@H]1CC[C@]2(C)[C@H]3CC[C@]2(C)[C@H](OC(=O)/C=C/c2ccc(O)cc2)[C@@H]13,-6.66455831764071,0
b2AR-decoy_1085,O=C1Oc2ccc(c3ccccc3)cc2C(=O)/C1=N/Nc1c(Cl)cccc1Cl,-6.66396986045095,0
b2AR-decoy_2638,C=C[C@@]1(C)CC=C2[C@@H](CC[C@@H]3[C@](C)(C(=O)OCc4cn(Cc5cccc(F)c5)nn4)CCC[C@@]23C)C1,-6.66129393520789,0
b2AR-decoy_1913,O=C(CC(C(=O)c1cccs1)c1ccsc1)c1ccc(Cl)cc1,-6.66079558114489,0
b2AR-decoy_2174,CC(C)=CCc1c(O)ccc2c1O[C@H](c1ccc3c(c1)C=CC(C)(C)O3)CC2=O,-6.66069427691254,0
b2AR-decoy_490,O=c1cc(c2ccccc2)oc2cc(O)c(O)cc12,-6.66014649553364,0
b2AR-decoy_1995,O=c1c2ccc(/C=N/Nc3ccccc3)cc2oc2cc(O)cc(O)c12,-6.65971564323932,0
b2AR-decoy_1365,CCC(=O)Oc1oc(c2ccccc2)nc1/C=N/c1ccc(C)cc1,-6.6580100166215,0
b2AR-decoy_1961,N#Cc1cc(F)cc(S(=O)(=O)c2sc3ncc(N)cc3c2c2cnccc2F)c1,-6.65799765753635,0
b2AR-decoy_1092,Cc1[nH]c2ccc(c3nnc(SCC(=O)c4ccccc4F)o3)cc2c1C,-6.65739202073947,0
b2AR-decoy_1540,CC[C@H](C)CC/C(C)=C/c1c(C)c(O)cc2c1[nH]c1c(O)ccc(CO)c12,-6.65312454454981,0
b2AR-decoy_2003,N#C/C(=C/c1ccc(c2ccc(C(N)=O)cc2)o1)c1nc2ccccc2[nH]1,-6.65246702410535,0
b2AR-decoy_2636,O=C(c1ccncc1)N1N=C(c2ccccc2)CC1c1cn(c2ccccc2)nc1c1ccc(F)cc1,-6.65206287217665,0
b2AR-decoy_241,CC(C)(C)Cn1ccc(C2=C(C(=O)NS(=O)(=O)C3CC3)C(=O)N[C@@](c3ccc(CCCCC(F)(F)F)cc3F)(C(F)(F)F)C2)n1,-6.65185438907791,0
b2AR-decoy_2916,C=C(c1ccccc1)C1COC2(CC[C@@]3(C)C(CC[C@@H]4[C@@H]3CC[C@]3(C)[C@@H](C(C)=O)CC[C@@H]43)C2)OO1,-6.65108688533598,0
b2AR-decoy_1660,CCC(C)C(=O)OC1c2c(ccc3ccc(=O)oc23)OC(C)(C)C1OC(=O)C(C)CC,-6.65057819555997,0
b2AR-decoy_3011,C[C@H](NC(=O)c1cc[nH]n1)c1ccc(OC2CCN(c3cccc(C(F)(F)F)n3)C2)cc1,-6.64774734618409,0
b2AR-decoy_464,CC1(C)C[C@@H](O)C[C@](C)(C/N=C(\S)c2ccccc2O)C1,-6.64717580927852,0
b2AR-decoy_2822,CC(=O)c1cccc(C(=O)O[C@H]2CCC[C@@]3(C)[C@H]2CC[C@@H]3[C@H](C)CCCC(C)C)c1,-6.64676710877655,0
b2AR-decoy_2123,Nc1sc(c2ccccc2)cc1C(=O)NCCc1c[nH]c2ccccc12,-6.64623575461756,0
b2AR-decoy_908,COc1ccc(C2CC(c3cccc(O)c3)=Nc3ccccc3S2)cc1,-6.64461928030857,0
b2AR-decoy_755,Cc1c(C)c2c(c(C)c1N)CC(C)(CSc1ccc(O)cc1)O2,-6.64395183204853,0
b2AR-decoy_2970,CC(=O)[C@@]12OC(C)(c3ccccc3)O[C@@H]1CC1C3CCC4=CC(=O)CCC4(C)C3CCC12C,-6.64379859929826,0
b2AR-decoy_2971,Cc1ccc(S(=O)(=O)c2nc(c3ccco3)oc2SCc2ccccc2Cl)cc1,-6.64257228787232,0
b2AR-decoy_1089,COc1cccc(c2ccc(Oc3cncc4sc(C5=NNN=N5)cc34)cc2)c1,-6.63735310432726,0
b2AR-decoy_1988,C/C(=C\c1ccc(Cl)cc1)S(=O)(=O)Nc1ccc(C)cc1S(N)(=O)=O,-6.6350763585664,0
b2AR-decoy_394,CC(=O)[C@H]1CC[C@H]2[C@@H]3CC[C@@H]4C[C@H](O)CC[C@]4(C)[C@H]3[C@@H](O)C[C@]12C,-6.63492368350562,0
b2AR-decoy_1877,Clc1ccccc1CC(Cc1ccc(c2ccccc2)cc1)n1ccnc1,-6.63483734593892,0
b2AR-decoy_1465,NNC(=O)c1cccs1,-6.63423053522659,0
b2AR-decoy_2795,O=C1/C(=C\c2cccc(Oc3ccccc3)c2)SC(c2ccccc2)N1Cc1ccccc1,-6.63288063025425,0
b2AR-decoy_504,Cc1ccc(C)c(CSc2nc(O)c3c[nH]nc3n2)c1,-6.62986223838938,0
b2AR-decoy_875,O=C(N/N=C/c1cccc(Cl)c1Cl)c1cc2c(s1)CCCC2,-6.62879268238854,0
b2AR-decoy_378,C[C@]1(CO)[C@H](O)C(=O)C[C@@]2(C)[C@H]1CC[C@@]1(C)c3cocc3CC[C@@H]12,-6.6276018751132,0
b2AR-decoy_1738,CS(=O)(=O)NC(=O)c1cc(Cl)c(OC2CCC3(CCCC3)CC2)cc1F,-6.62661671189332,0
b2AR-decoy_2194,Cc1cccc(C)c1NC(=O)CSc1nc(C(F)(F)F)cc(c2cccs2)n1,-6.62655533589878,0
b2AR-decoy_2112,Cc1n[nH]c(O)c1C(c1ccc(Br)cc1)c1c(C)n[nH]c1O,-6.62592350769098,0
b2AR-decoy_788,COc1ccc(c2nc(/C=C3\C(C)=Nc4ccccc43)c(O)o2)cc1,-6.62525874934561,0
b2AR-decoy_947,O=C(CSc1snnc1c1ccc2ccccc2c1)Nc1ccccc1,-6.62492993023187,0
b2AR-decoy_291,C[C@H](C(=O)NCc1ccc(C(F)(F)F)nc1N(Cc1ccccc1)S(=O)(=O)c1ccccc1)c1ccc(NS(C)(=O)=O)c(F)c1,-6.62344751675584,0
b2AR-decoy_991,CCCc1c(C/C=C(\C)C/C=C/C(C)(C)C)oc(=O)c(C)c1O,-6.62252539423915,0
b2AR-decoy_766,C=CCc1cc2c(cc1O)C(C)(C)C(Cc1ccc(OC)cc1)O2,-6.62224018472356,0
b2AR-decoy_1266,CCCCC1=CC2=CC(=O)C(C)(OC(=O)CC)C(=O)C2=CN1Cc1ccccc1,-6.62155746189503,0
b2AR-decoy_3063,O=C1OC[C@H]2[C@@H]1Cc1c(F)cc(F)cc1[C@@H]2/C=C/c1ccc(c2cccc(C(F)(F)F)c2)cn1,-6.62028153725916,0
b2AR-decoy_55,O=c1cc(c2cccc(OC(F)(F)F)c2)oc(O)c1SCc1ccccc1,-6.6195218007389,0
b2AR-decoy_2296,CC(C)=CC[C@H]1C(C)=CC[C@@H](c2ccccc2)[C@@H]1C(=O)c1c(O)cc(O)cc1O,-6.61838282568045,0
b2AR-decoy_1596,C[C@]1(C#N)C[C@@H](CN([C@H](CCC(F)(F)F)C(N)=O)S(=O)(=O)c2ccc(Cl)cc2)C1,-6.61454990276003,0
b2AR-decoy_768,CC(=O)C1=C(C)Nc2ccccc2SC1c1ccccc1[N+](=O)[O-],-6.6142293302131,0
b2AR-decoy_1197,C/C(CCc1oc2ccc(Br)cc2c1c1ccc(C)o1)=N/O,-6.61179261863184,0
b2AR-decoy_2982,Cc1cc(OC[P@]2(=O)OCC[C@H](c3cccnc3C)O2)c2c(c1C)Cc1scnc1-2,-6.61071820540316,0
b2AR-decoy_470,C/C(=N\NC(=O)c1cncc(Cl)c1)c1cc(Cl)ccc1O,-6.61071136236612,0
b2AR-decoy_1441,NC(=O)c1ncsc1Cl,-6.60852380023018,0
b2AR-decoy_1116,CCC(C)N1C(=O)S/C(=C/c2ccc(Sc3nc4ccccc4[nH]3)o2)C1=O,-6.60645105434891,0
b2AR-decoy_1393,S=P1(c2ccccc2)NCCN1,-6.6064161318175,0
b2AR-decoy_1758,CC1(C)CN(Cc2ccc(O)cc2)C(=O)C1Oc1ccc(C#N)c(C(F)(F)F)c1,-6.60600437183202,0
b2AR-decoy_567,Oc1[nH]nc(c2ccccc2)c1/C=N/c1ccc(Cl)cc1,-6.60598994737331,0
b2AR-decoy_2070,Cc1ccccc1OCc1ccc(c2nc(C#N)c(NCc3cccnc3)o2)o1,-6.60448561197568,0
b2AR-decoy_1059,Cc1cc(CCCCCOc2ccc(C3=NCCO3)cc2C=O)on1,-6.60342152913255,0
b2AR-decoy_876,COc1ccc(C(=O)c2coc3c(Cl)cc(O)c(Cl)c23)cc1,-6.60332637677273,0
b2AR-decoy_2607,COc1ccc2c(c1)C/C(=C/c1ccccc1c1ccc3ccccc3c1)C2=O,-6.60287339037119,0
b2AR-decoy_1476,CSc1ccccc1B(O)O,-6.60190540579504,0
b2AR-decoy_1597,CC(C(=O)NCc1cc(C(C)(C)C)nn1c1ccccn1)c1ccc(CNS(C)(=O)=O)c(F)c1,-6.60139237451913,0
b2AR-decoy_1558,C=CC[C@@H]1C=C[C@H](O/N=C2\c3cc(OC)ccc3O[C@H](c3cccc(OC)c3)[C@H]2O)[C@H](CO)O1,-6.6006498810892,0
b2AR-decoy_2965,Nc1ccccc1NC(=O)/C=C/c1ccc(c2nnc(Cc3ccc4ccccc4c3)o2)cc1,-6.59728970876278,0
b2AR-decoy_1672,O=C1C=CC2(C=C1)OCC(c1ccc(c3ccoc3)cc1)O2,-6.59600357987263,0
b2AR-decoy_2321,NS(=O)(=O)c1ccc(N2N=C3c4ccccc4CCC3C2c2cccc(O)c2)cc1,-6.59498139770999,0
ASD03130045,Fc1ccccc1CNc1nc(NC2CCCCC2)c2ccccc2n1,-6.59498104936722,1
b2AR-decoy_1699,COc1ccc(Cc2cc(=O)c3ccc(OC)cc3o2)cc1,-6.59256707201944,0
b2AR-decoy_350,CC(C)(C)c1ccc(SCC(c2ccncc2)c2c[nH]cn2)cc1,-6.59242691333493,0
b2AR-decoy_1202,N#CSC[C@@H]1C[C@@](O)(c2ccccc2)C[C@H](c2ccc(Cl)cc2)O1,-6.59043572690589,0
b2AR-decoy_462,Cc1cc(C(=O)NN=Cc2c(C)[nH]c3ccccc23)c(C)o1,-6.58653431290321,0
b2AR-decoy_1023,CCCCc1nc(Cl)c(/C=C/C(=O)c2ccc(Cl)s2)n1C,-6.58588612597094,0
b2AR-decoy_2006,CC(C)(C)c1ccc(S(=O)(=O)NCc2ccc(C(=O)NO)cc2)cc1,-6.58541892391426,0
b2AR-decoy_1980,CC(O)(CSc1ccc(C#N)cc1)C(=O)Nc1ccc([N+](=O)[O-])c(C(F)(F)F)c1,-6.58402803261597,0
b2AR-decoy_1744,O=C(CSc1nc(C(F)(F)F)cc(c2cccs2)n1)NCc1ccco1,-6.58388394116042,0
b2AR-decoy_3084,O=C1CCC(c2ccccc2c2ccccc2)N1Cc1csc(c2ccccc2)n1,-6.57974662409892,0
b2AR-decoy_3134,Cc1ccc(NC(=O)c2c(C)cc(C)nc2SCC(=O)Nc2ccc(Br)cc2)cc1,-6.57894429543903,0
b2AR-decoy_772,CCCCCC1NC(=O)/C(=C/c2ccc(C(C)(C)C)cc2)O1,-6.57793314085535,0
b2AR-decoy_3000,N#Cc1cc(Oc2ccc(c3cc([C@H](O)CO)cc(C(N)=O)n3)cc2)ccc1C(F)(F)F,-6.57763321119295,0
b2AR-decoy_2656,COc1ccc([C@@H]2COc3c(cc(/C=C/C(=O)c4ccccc4)c4c3C=CC(C)(C)O4)C2)c(OC)c1,-6.57758925621221,0
b2AR-decoy_1952,C/C(=N\Nc1ccc(C(F)(F)F)cn1)c1ccc(S(=O)(=O)NCc2ccco2)cc1,-6.5775434481506,0
b2AR-decoy_448,O=c1cc(CSc2c(Cl)cccc2Cl)[nH]c(=S)[nH]1,-6.57477137019263,0
b2AR-decoy_631,CC(/C=C/c1ccccc1)=N/Nc1nc(c2ccccc2)cs1,-6.57383068468717,0
b2AR-decoy_1838,O=C(CSCc1nc(c2ccc(Cl)cc2)cs1)NNS(=O)(=O)c1ccc(Cl)cc1,-6.57367703444287,0
b2AR-decoy_3147,CC(C)C[C@H](CO)Nc1nc(S[C@@H](C)c2ccccc2Br)nc2nc(N)sc12,-6.57213492249727,0
b2AR-decoy_3020,CC(CO)Cc1cc(Oc2ccc(S(C)(=O)=O)cc2)cc(C(=O)Nc2nccs2)c1,-6.57154613689583,0
b2AR-decoy_1093,CCCc1n[nH]c2c1C(c1ccc(Cl)cc1)c1c(nc3c(c1N)CSCC3)O2,-6.56945863204906,0
ASD03130101,CCOC(=O)N1CCC(Nc2nc(Nc3cc(Cl)cc(Cl)c3)nc3ccccc23)CC1,-6.5693807047161,1
b2AR-decoy_284,CC(C)[C@@H](C)[C@@]1(C)CC[C@]2(C)[C@H]3CC[C@H]4[C@@]5(C)COC[C@@]4(C[C@@H](n4ncnc4c4ncccn4)[C@@H]5OC[C@](C)([NH3+])C(C)C)C3=CC[C@@]2(C)[C@@H]1C(=O)[O-],-6.56782760932219,0
b2AR-decoy_452,C=C[C@]1(C)O[C@]2(C)[C@@H](O)C[C@H]3C(C)(C)CCC[C@]3(C)[C@H]2C[C@@H]1O,-6.56671952243136,0
b2AR-decoy_2658,O=C(c1ccncc1)n1nc(c2ccccc2)c(/N=N/c2ccccc2[N+](=O)[O-])c1c1ccccc1,-6.56501964549039,0
b2AR-decoy_2361,Cc1ccc(Cc2cc(O)c(O)cc2c2cc(=O)c3c(O)cc(O)cc3o2)cc1,-6.56271071588011,0
b2AR-decoy_2252,Cc1cc(c2ccccc2)n2ncc(C(=O)Nc3ccccc3Sc3ccccc3)c2n1,-6.56185041539199,0
b2AR-decoy_706,Cc1ccc(N=Nc2ccc(O)c(P(=O)(c3ccccc3)c3ccccc3)c2)cc1,-6.56097446166945,0
b2AR-decoy_635,CC(C)(C)Nc1oc(c2ccccc2)nc1C=Cc1ccccc1,-6.56017319679964,0
b2AR-decoy_451,C[C@@H](NC(=O)c1cc(Cl)ccc1O)c1ccc(Cl)cc1,-6.55975736650587,0
b2AR-decoy_1372,CCC(C)c1cc(C=O)cc2cc(C(=O)c3ccc(C)cc3)oc12,-6.5594816658993,0
b2AR-decoy_1319,CC(=O)COc1cccc(c2cc3cc(C)ccc3oc2=O)c1,-6.55850680464456,0
b2AR-decoy_2301,Cc1ccc(C(=O)Nc2cc(C(=O)[O-])cc(c3ccc(C4CC[NH2+]CC4)cc3)c2)cc1,-6.55806134093091,0
b2AR-decoy_2519,Cc1ccccc1C1CCc2cc(Oc3ncc(CNC(=O)c4ccno4)s3)ccc2O1,-6.55688385122875,0
b2AR-decoy_606,CCNC(=O)OC1=C(c2ccc(C)cc2)Oc2ccccc2-n2cccc21,-6.5563386542794,0
b2AR-decoy_242,CC(C)c1ccc(c2c(NS(=O)(=O)NCc3ccccc3)ncnc2OCCOc2ncc(Br)cn2)cc1,-6.55493485016344,0
b2AR-decoy_1622,COc1ccc(N2CCN(C(=O)C(C)c3ccc(CC(C)C)cc3)CC2)cc1,-6.55492063706685,0
b2AR-decoy_2085,CCCOc1cc2c(cc1C(=O)/C=C/c1ccc(OC)c(O)c1)OCS2,-6.55465052615971,0
b2AR-decoy_1260,CC(F)(F)c1nn2cc(c3cc4cccc(OC(F)(F)F)c4o3)nc2s1,-6.55400851178281,0
b2AR-decoy_1326,Cc1cccc(CSc2nnc(c3ccc(Cl)cc3)o2)n1,-6.55220572363388,0
b2AR-decoy_520,Oc1ccc(c2nc3ccccc3s2)c(O)c1,-6.55153378533469,0
b2AR-decoy_627,Clc1ccccc1CSc1nc2ncc(Br)cc2[nH]1,-6.54801828354932,0
b2AR-decoy_3160,CCCCCCC(C)(C)c1cc(OC)c2c(c1)OC(C)(C)[C@@H]1CC=C(C)C[C@@H]21,-6.54695867419985,0
b2AR-decoy_1667,Cc1ccc(Cl)c(OC(=O)C2CSC3(C)CCC(=O)N23)c1,-6.54605347639019,0
b2AR-decoy_2861,CC1(C)C(/C=C(\Cl)C(F)(F)F)C1C(=O)OC(C#N)c1cccc(Oc2ccccc2)c1,-6.54601865430135,0
b2AR-decoy_860,CCOc1ccc(C2C(C#N)=C(C)N=C3C2=C(O)c2ccccc23)cc1,-6.54484420507441,0
b2AR-decoy_2192,Cc1cc(/C=C2\SC(=O)NC2=O)c(C)n1c1ccc(Oc2ccccc2)cc1,-6.54462420363869,0
b2AR-decoy_2852,Cc1ccc(S(=O)(=O)c2nc(c3cccs3)oc2SC(C)c2ccccc2)cc1,-6.54363502868429,0
b2AR-decoy_1151,CC(C)c1ccc(c2[nH][nH]c(=O)c2Cc2c(O)ccc3nc(Cl)ccc23)cc1,-6.54025930539828,0
b2AR-decoy_1677,CC(C)(C)C(=O)OCSc1nc(c2ccncc2)no1,-6.54022459260934,0
b2AR-decoy_3179,Cc1ccc(OP2(=S)OCc3cc(C(C)C)ccc3O2)c(C(C)C)c1,-6.53970236008888,0
b2AR-decoy_1772,Cn1cc(C2=C(c3cn(CCCCCC#N)c4ccccc34)C(=O)N(O)C2=O)c2ccccc21,-6.539244816488,0
b2AR-decoy_185,CC(C)CCC[C@@H](C)[C@H]1CC[C@H]2[C@@H]3C[C@@H](O)[C@@]4(O)C[C@@H](OCC(=O)N(CCO)CCO)CC[C@]4(C)[C@H]3CC[C@@]21C,-6.53900773084248,0
b2AR-decoy_2019,CC(C)CC(=O)c1c(O)c(C=O)c(O)c2c1O[C@@]1(CO)[C@@H](C2)C[C@H]2C[C@@H]1C2(C)C,-6.53738849011066,0
b2AR-decoy_714,C=C(C)C1CCC(COc2ccc(/C=C3\SC(=O)NC3=O)cc2Cl)CC1,-6.53609429335943,0
b2AR-decoy_1041,COc1cc(C(=O)c2ccc(c3ccsc3)s2)cc(OC)c1OC,-6.53603226306664,0
b2AR-decoy_2179,CCC(C)Sc1nc(O)c(C)c(Cc2c(Cl)cccc2Cl)n1,-6.53520648482548,0
b2AR-decoy_2941,C=C(c1cc(Cl)cc(Cl)c1OCc1ccc(Cl)cc1)n1ccnc1,-6.53465395441896,0
b2AR-decoy_1887,CN1C(=O)CC[C@@]2(C)C1=CC[C@H]1[C@@H]3CC=C(c4cncc(C(F)F)c4)[C@@]3(C)CC[C@@H]12,-6.53435471357649,0
b2AR-decoy_410,CCCC#CC1(C(F)(F)F)OC(=O)Nc2c(O)cc(Cl)cc21,-6.53421617199264,0
b2AR-decoy_1757,O=C(CSc1nccn1Cc1ccco1)Nc1cc(C(F)(F)F)ccc1Cl,-6.53336441494695,0
b2AR-decoy_1651,N#Cc1ccc(c2cnc(C(=O)CCCCCCc3ccccc3)o2)cc1,-6.53317932478241,0
b2AR-decoy_2002,Cc1ccc2[nH]c(C(C#N)=Cc3ccc(OCC(N)=O)cc3)nc2c1C,-6.53069905299883,0
b2AR-decoy_648,Cc1ccc(C(C)C)c(OCCn2c(=S)[nH]c3c(Cl)cccc32)c1,-6.529945789597,0
b2AR-decoy_2380,Cc1ccc(C)c(NC(=O)CSc2sc3c(O)cc(O)nc3c2C#N)c1,-6.52929730440041,0
b2AR-decoy_3151,COc1cc(C(SCc2ccccc2)SCc2ccccc2)ccc1O,-6.52914365755702,0
b2AR-decoy_2406,CCOC(=O)c1sc(=S)sc1SCc1cccc(C(F)(F)F)c1,-6.52896833333677,0
b2AR-decoy_2007,COc1cc(/C=C2\CCCC3C2=NNC3c2ccc(O)c(OC)c2)ccc1O,-6.52653979992696,0
b2AR-decoy_904,Oc1ccc(/C(=N\c2ccc(Cl)cc2)c2ccc(O)cc2O)cc1,-6.52601984203769,0
b2AR-decoy_1478,NC(=S)/N=C1/C=C[C@H]2CO[C@@H]1O2,-6.52447553181335,0
b2AR-decoy_2917,COc1ccc(C2Sc3cc(OC)ccc3N=C3c4ccccc4C(c4ccccc4)C32)cc1,-6.52445205290003,0
b2AR-decoy_376,NC(=O)c1cc2c(Sc3ccc(Br)cc3)cncc2s1,-6.52397307051615,0
b2AR-decoy_881,Cc1cc(C)c(/C=C/[C@@H]2C[C@@H](O)CC(=O)O2)c(c2ccc(F)c(C)c2)c1,-6.52376255454916,0
b2AR-decoy_2527,Clc1c[nH]nc1c1nc(c2ccc(Oc3ccc(I)cc3)cc2)no1,-6.52323644158821,0
b2AR-decoy_2167,Cc1ccc(C(=O)/C=C/c2cc(C)c(O)c(/C=N/c3nccs3)c2)cc1,-6.52194843063219,0
b2AR-decoy_1076,CC/C(=N\NC(=O)c1cc2ccccc2cc1O)c1cc2c(F)c(F)c(F)cc2[nH]1,-6.51881707599051,0
b2AR-decoy_2887,O=C1c2ccccc2C(=O)N1CCCCN(C(=O)c1ccc(Cl)s1)c1ccc(Cl)cc1,-6.51692951199148,0
b2AR-decoy_1006,N#C/C(=C\c1ccc(Cl)cc1)C(=O)NCc1ccc(Cl)c(Cl)c1,-6.51666841711659,0
b2AR-decoy_2436,CC(=O)c1ccc(S[C@@H]2CC3=CC(=O)CC[C@]3(C)[C@H]3CC[C@]4(C)C(=O)CC[C@H]4[C@@H]32)cc1,-6.51651550696028,0
b2AR-decoy_1976,O=C(N/N=C/c1cc(F)ccc1O)c1ccc(Br)cc1Br,-6.51637973005552,0
b2AR-decoy_1899,C=C1CC2(CC(c3ccccc3Cl)OC(c3ccccc3Cl)C2)OC1=O,-6.51605822297895,0
ASD03130100,CC(C)CCNc1nc(Nc2cc(Cl)cc(Cl)c2)nc2ccccc12,-6.51585489515982,1
ASD03130067,Fc1ccc(Nc2nc(NC3CCCCC3)c3cc(Cl)ccc3n2)cc1F,-6.51582025471019,1
b2AR-decoy_1071,CC(Sc1nnc(c2ccncc2)s1)C(=O)Nc1ccc(Cl)cc1Cl,-6.51533414329204,0
b2AR-decoy_981,CC(CNS(=O)(=O)c1ccccc1)c1ccc(c2ccccc2F)cc1,-6.51460648252984,0
b2AR-decoy_936,CC(=O)Nc1cc(C(F)(F)F)ccc1Oc1cccc(Br)c1,-6.51449500866134,0
b2AR-decoy_980,CCCCCc1cc2c(c3c1CCCO3)C1C[C@H](O)CC[C@H]1C(C)(C)O2,-6.51385266516322,0
b2AR-decoy_1139,CCCCc1oc2ccccc2c1C(=O)c1ccc(c2ccc(O)cc2)cc1,-6.51356083316271,0
b2AR-decoy_1539,O=C(OC(Cn1ccnc1)c1ccc(Cl)cc1)c1ccc(c2ccccc2)cc1,-6.513540469645,0
b2AR-decoy_1009,Cc1cc(Cl)ccc1Oc1coc(/C=C/c2ccc[nH]2)cc1=O,-6.51318267400957,0
b2AR-decoy_809,Cc1c(Cl)c(O)c2c(c1C=O)OC(C)(/C=C/[C@]1(C)C(C)C(=O)CC[C@H]1C)CC2,-6.51239891239083,0
b2AR-decoy_863,COc1ccc(C2C(C#N)=C(C)N=C3CC(C)(C)CC(O)=C32)c(OC)c1,-6.50888660779867,0
b2AR-decoy_1078,CC(=O)c1cccc(c2cc(c3cnn(CC#N)c3c3cc(C)cc(O)c3)ccn2)c1,-6.50766491204832,0
b2AR-decoy_1698,O=C(NNC(=O)c1cccs1)c1ccc2ccccc2c1,-6.50719043101884,0
b2AR-decoy_553,C[C@]12CC[C@@H]3c4cc([N+](=O)[O-])c(O)cc4CC[C@H]3[C@@H]1CC[C@@H]2O,-6.50687159013443,0
ASD03130057,COCCOc1cccc(Nc2nc(NC3CCC(F)(F)CC3)c3ccccc3n2)c1,-6.50593667659031,1
b2AR-decoy_2928,COc1cccc(c2cc(C#N)ccc2COC(c2ccc(Cl)cc2)c2cncn2C)c1,-6.50526919210361,0
b2AR-decoy_2389,COc1ccc(C(c2oc(CO)cc(=O)c2O)c2c[nH]c3ccccc23)cc1,-6.50496196108391,0
b2AR-decoy_2027,Cc1nc(SCC(=O)Nc2sccc2C(N)=O)c2c(C)c(C)sc2n1,-6.50408816622371,0
b2AR-decoy_2549,N#Cc1c(O)nc(SCC(=O)N2c3ccccc3Sc3ccccc32)nc1c1ccccc1,-6.50253559159248,0
b2AR-decoy_1918,Fc1ccc(F)c(COC(Cn2ccnc2)c2ccc(Cl)cc2Cl)c1,-6.50177841008198,0
b2AR-decoy_988,CC#C[C@@]1(O)CC[C@@]2(CC)c3ccc(OCc4ccncc4)cc3CC[C@@H]2C1,-6.50145223354665,0
b2AR-decoy_679,COc1ccc(c2onc(C(F)(F)F)c2c2cc3ccccc3o2)c(O)c1,-6.50083477463063,0
b2AR-decoy_2525,COC(=O)N[C@@H]1CC[C@@H]2[C@@H](C1)C[C@H]1C(=O)O[C@H](C)[C@H]1[C@H]2/C=C/c1ccc(c2cccc(F)c2)cn1,-6.5006400104794,0
b2AR-decoy_87,Cc1cc(C)c(c2csc(NC(=O)/C=C/c3ccc(C(F)(F)F)cc3)n2)c(C)c1,-6.49894061118176,0
b2AR-decoy_3018,COc1ccc2[nH]c(C(=O)N3CC(=O)N(Cc4ccc[nH]4)[C@@H](Cc4ccccc4)C3)cc2c1,-6.49823362890322,0
b2AR-decoy_35,Cc1ccccc1COc1ccccc1/C=C/C=C1\SC(=S)NC1=O,-6.49681897562341,0
b2AR-decoy_1322,Cc1ccc(C2=CC=C(C=O)C(c3ccc([N+](=O)[O-])cc3)C2)o1,-6.49629474629807,0
b2AR-decoy_301,COc1cc([C@](O)(CC[NH+](C)C)[C@@H](c2cc3cc(Br)ccc3nc2OC)c2ccnc(OC)c2OC)cc(OC(C)C)n1,-6.49628755715709,0
b2AR-decoy_758,N#CCC(=O)Nc1csc(c2ccc(Cl)c(Cl)c2)c1,-6.4952130095389,0
b2AR-decoy_1482,CC1=CC(=O)/C(=C(\C)N)C(=O)O1,-6.49467703753695,0
b2AR-decoy_1220,CCSc1cc(C2C3=C(O)CCCC3=NC(C)=C2C(=O)OC)c(C)o1,-6.49442139173394,0
b2AR-decoy_1634,CC(C)CC(=O)OC1c2c(ccc3ccc(=O)oc23)OC(C)(C)C1OC(=O)CC(C)C,-6.49418446459023,0
b2AR-decoy_819,CC(C)(C)[C@H](C(=O)Nc1ncc(C(F)(F)F)s1)c1ccc(Cl)cc1,-6.49098485300961,0
b2AR-decoy_516,COc1cc2c(cc1O)[C@@H]1COc3cc(O)ccc3[C@]1(C)O2,-6.48343097678456,0
b2AR-decoy_2802,FC(F)(F)c1cc(CSc2nnc(c3ccccn3)n2Cc2cccs2)ccc1Cl,-6.48232309942266,0
b2AR-decoy_1701,O=C1/C(=C/c2ccc(O)cc2O)SC(=S)N1c1ccccc1,-6.48095424993963,0
b2AR-decoy_1022,C=C(Br)COC1C=CC(c2ccccc2)OC1COC,-6.47907620541148,0
b2AR-decoy_2289,COc1cc(O)c(Cc2ccc(O)cc2)c2c1-c1ccc(O)c(CC=C(C)C)c1CC2,-6.47759444909934,0
b2AR-decoy_381,C[C@@H]1C(=O)C(O)=C2C(C)(C)C(=O)CC[C@]2(C)[C@@]1(O)CCc1ccoc1,-6.47733746511303,0
b2AR-decoy_3091,CC(=O)O[C@H]1CC[C@@]2(C)C(=CC[C@H]3[C@@H]4CC[C@H](c5nnc(c6cccnc6)o5)[C@@]4(C)CC[C@@H]32)C1,-6.47710832872154,0
b2AR-decoy_407,O=C(NNC(=O)c1ccccc1Cl)c1ccc(n2cccc2)cc1,-6.47587721518081,0
ASD03130051,Nc1nc(N)c2cc(F)ccc2n1,-6.47540726174797,1
b2AR-decoy_1309,CSc1ccc(OCc2nc(Cl)c(Cl)n2C)cc1,-6.47511041572134,0
b2AR-decoy_1784,CCc1cc(CC)nc(SCC(=O)Nc2ncc(Cc3cccc(C)c3)s2)n1,-6.47473432948223,0
b2AR-decoy_1669,O=C(N/N=C1/CC2CCC1C2)c1cc2ccccc2cc1O,-6.47394272172414,0
b2AR-decoy_2124,Cc1cc(CSc2nnc(Nc3ccccc3c3ccccc3)[nH]2)no1,-6.47303670508889,0
b2AR-decoy_1898,CC(C)=CCC/C(C)=C/Cc1c(O)cc(O)c2c1O[C@H](c1cc(O)cc(O)c1)CC2=O,-6.47002377711817,0
b2AR-decoy_3006,O=S(=O)(CC(F)(F)F)NCCCCNc1nc2c(s1)CCCc1ccc(F)cc1-2,-6.46858444030264,0
b2AR-decoy_1318,COc1ccc(/C=N/c2nc(c3ccccc3)cs2)cc1,-6.46675593008767,0
b2AR-decoy_1614,CCOC(=O)c1ccc2sc(C(=O)/C=C/c3ccc(OC)cc3)cc2c1,-6.46644882485103,0
b2AR-decoy_2317,NS(=O)(=O)c1ccc(n2nc(C(F)(F)F)cc2c2ccccc2)cc1CO,-6.46538297645846,0
b2AR-decoy_353,Cc1ccc2oc(c3cc(Cc4ccccc4)ccc3O)cc(=O)c2c1,-6.46292559246944,0
b2AR-decoy_2898,N#Cc1cc(Cl)cc(Oc2cc(OCc3cc(c4ccccc4)[nH]n3)ccc2Cl)c1,-6.46251048031056,0
b2AR-decoy_1996,NC1=C2C(=O)N(CCc3c[nH]c4ccccc34)C(=O)CC2c2ccccc2O1,-6.46212139114628,0
b2AR-decoy_1397,Cc1c[nH]c(c2nc(C#N)c[nH]2)n1,-6.46182303167332,0
b2AR-decoy_1528,CCCCSC(=O)[C@@]1(C)CC[C@H]2[C@@H](CC=C3C[C@@H](OC(C)=O)CC[C@@]32C)[C@@H]1CC#N,-6.46124994418532,0
b2AR-decoy_3029,O=C(NO)C1(S(=O)(=O)c2ccc(Oc3ccc(c4ccccc4)cc3)cc2)CCOCC1,-6.46096384777506,0
ASD03130028,Nc1nc(Nc2ccccc2)nc2ccc(Cl)cc12,-6.4591048375247,1
b2AR-decoy_1299,Cc1ccc(c2nnc(SSCC(C)C)o2)cc1,-6.45745031940419,0
b2AR-decoy_607,CCCc1cc(F)c2oc(Cc3ccc(OC)cc3)c(C)c2c1O,-6.45487065981284,0
b2AR-decoy_2736,C[C@](O)(c1ccc(C(=O)N(C2CC2)[C@H]2CC[C@](C#N)(c3ccccc3)CC2)cc1)C(F)(F)F,-6.45487002613228,0
b2AR-decoy_2672,CCOc1cc(c2nc3ccccn3c2/N=C/c2cc(Br)ccc2O)ccc1O,-6.45467896996293,0
b2AR-decoy_1237,C[S+]([O-])c1ccc(c2coc3ccc(c4nnc(S)o4)cc32)cc1,-6.45412783870094,0
b2AR-decoy_900,CC(C)=NNc1nc(c2ccc(c3ccccc3)cc2)cs1,-6.45385952929143,0
b2AR-decoy_2551,Cc1nc(c2ccccc2)sc1C(=O)CSc1nc(c2ccc(Cl)cc2)c(C#N)c(=O)[nH]1,-6.45337771684367,0
b2AR-decoy_1086,COc1cc2nc(c3cccc(Br)c3)cc(O)c2cc1c1cnco1,-6.45332685419129,0
b2AR-decoy_1458,NC(=S)/N=C1/CC[C@H]2CO[C@@H]1O2,-6.45122150166651,0
b2AR-decoy_2561,O=S(=O)(Nc1ncns1)c1ccc(Oc2ccccc2c2ccccc2)cc1Cl,-6.45023744434765,0
b2AR-decoy_1034,COc1ccc(C(C)=O)cc1CSc1nnc(c2ccncc2)o1,-6.44937125332933,0
b2AR-decoy_2696,CCC(O)(c1cn(Cc2ccc3c(c2)sc(C(=O)NC)c3c2ccccc2)nn1)C(F)(F)F,-6.44831501399705,0
b2AR-decoy_471,C[C@]12CC[C@@H]3c4ccc(OC(N)=O)cc4CC[C@H]3[C@@H]1CCC2=O,-6.44642756262618,0
b2AR-decoy_805,COC(=O)C1=C(C)NC2=C(C(=O)CC(C)(C)C2)C1c1ccc(c2ccc(C)cc2)cc1,-6.44600284345841,0
b2AR-decoy_2459,CCC1(CC)CC(c2ccc(F)cc2)=C(c2ccc(S(C)(=O)=O)cc2)C1,-6.44435479336755,0
ASD03130033,Fc1ccc(Nc2nc(NC3CCCCC3)c3ccccc3n2)cc1,-6.44275630345934,1
b2AR-decoy_276,COc1cc(c2n[nH]c3ccc(NC(=O)[C@]4(SC)CC[NH+](CC(=O)N5CC=C(c6ccc(c7ncccn7)cc6)CC5)C4)cc32)ccn1,-6.44248921803054,0
b2AR-decoy_584,CCOC(=O)c1c(CSc2ccc(C)cc2)oc2ccc(O)cc12,-6.43536549391608,0
b2AR-decoy_581,Cc1cc(C)c2c(N)c(S(=O)(=O)Cc3ccccc3)sc2n1,-6.4351989941454,0
b2AR-decoy_1480,NC(=S)c1nccs1,-6.43458417654357,0
b2AR-decoy_2067,CCc1cccc(NC(=O)CCN2C(=O)c3ccccc3Sc3ncccc32)c1,-6.43381663527787,0
b2AR-decoy_214,COc1ccc(S(=O)(=O)N(Cc2ccc3c(c2)OCO3)[C@H](CCC(=O)N(CCc2ccccc2)Cc2ccccc2)C(=O)NO)cc1,-6.43317033403891,0
b2AR-decoy_2988,N#Cc1ccc(OCc2cn(Cc3ccc(C#N)c(c4ccc5ccccc5c4)c3)cn2)cc1,-6.43202672912729,0
b2AR-decoy_566,Cc1c(C)c2c(c(C)c1N)CC(C)(CSc1ccncc1)O2,-6.42823592048765,0
b2AR-decoy_1690,CO[C@@H]1C(c2ccc(C#N)c(Cl)c2C)=NN2CC(F)(F)C[C@@H]12,-6.42799000143668,0
b2AR-decoy_1600,CSc1ccccc1NC(=O)CN(C)C(=O)C(C)SCc1nc(O)c2c(C)c(C)sc2n1,-6.4274676361172,0
b2AR-decoy_29,CN1C(=O)/C(=C/c2cc(N=Nc3ccccc3)ccc2O)SC1=S,-6.42698689747977,0
b2AR-decoy_3157,CC1=C(C/C=C(\C)CC/C=C(\C)Cc2cccc3ccccc23)C(=O)c2ccccc2C1=O,-6.42616730206195,0
b2AR-decoy_53,Cc1ccc(C(C)C)cc1OC(=O)Nc1ccc(I)cc1,-6.42548792562661,0
b2AR-decoy_2673,[C-]#[N+]c1ccc(N[C@@H](c2nnc(c3ccc(I)cc3)o2)[C@H](C)O)c(C)c1Cl,-6.42304497804227,0
b2AR-decoy_3118,CCCCS(=O)(=O)N[C@H]1CC=C[C@H](c2ccc(OC)cc2)N(Cc2ccc(F)cc2)C(=O)C1,-6.41970587486374,0
b2AR-decoy_2387,O=c1c(c2ccc(O)cc2)c(CSC2=NCCS2)oc2cc(O)cc(O)c12,-6.41879076512067,0
b2AR-decoy_1294,O=C(/C(=C\c1ccccc1)c1ccc(O)cc1)c1ccc(O)cc1,-6.41855033819465,0
b2AR-decoy_1549,N#CN1CC(OC(c2ccccc2)c2cc(c3ccon3)cc(c3ccon3)c2)C1,-6.41619160496474,0
b2AR-decoy_2299,O=S(=O)(c1ccc(Cl)cc1)c1sc2nc(O)ccc2c1c1ccc(Cl)cc1,-6.41579399249684,0
b2AR-decoy_829,Cc1cc(/C=C\C#N)cc(C)c1Sc1ccnc(Nc2ccc(C#N)cc2)n1,-6.41516490463581,0
b2AR-decoy_2952,FC(F)(F)c1cc(CSc2nnc(c3ccncc3)n2Cc2ccco2)ccc1Cl,-6.41509381678367,0
b2AR-decoy_3030,COc1ccc(C(NC(=O)CN2C(=O)NC3(CCc4ccccc43)C2=O)c2ccccc2)cc1,-6.41478208903331,0
b2AR-decoy_1811,CCP(=O)(Cc1cccc(C(=O)Nc2cc(c3cccs3)ccc2N)c1)OC,-6.41473916462158,0
b2AR-decoy_536,CC1(C)CC(=O)C2=C(C1)OC(N)=C(C#N)C2C1C=CCCC1,-6.41142349680025,0
b2AR-decoy_2940,Cc1sc2c(c1C)C(c1ccc(Cl)cc1)=C[C@@H](CC(=O)OC(C)(C)C)c1nnc(C)n1-2,-6.41049523318937,0
b2AR-decoy_1298,O=S(=O)(Oc1ccccc1c1ccccc1)c1ccccc1,-6.40982892707043,0
b2AR-decoy_467,Cc1cc(c2ccc(C(=O)c3cccc(O)c3)nc2)ccc1O,-6.40969650792908,0
b2AR-decoy_2856,CN(C)c1ccc(/C=C2/CC[C@@]3(C)[C@@H](CC[C@@H]3c3ccc4ccncc4c3)C2)cc1,-6.40879596870793,0
b2AR-decoy_934,CCc1cccc(C)c1NC(=O)c1nnc(c2cc(Cl)ccc2Cl)o1,-6.4084619579018,0
b2AR-decoy_246,C[C@H]1CN([C@@H](C)CO)C(=O)c2cc(NC(=O)Cc3cn(C)c4ccccc34)ccc2O[C@H]1CN(C)S(=O)(=O)c1ccc(F)cc1,-6.40648422426174,0
b2AR-decoy_91,Cc1ccc(c2csc(/C(C#N)=C/Nc3ccccc3SC(F)(F)F)n2)cc1,-6.40492837076139,0
b2AR-decoy_2431,Cc1cc2c(cc1C)C(Cl)=C(c1nnc(c3ccc(F)cc3)o1)CCC2,-6.40368251652378,0
b2AR-decoy_1922,Cn1cc(c2ccncc2)c(c2ccc(OCc3ccc4cc(CF)ccc4n3)cc2)n1,-6.40258287654962,0
b2AR-decoy_398,COC(=O)c1ccccc1Cc1ccc2c(c1O)C(=O)c1c(O)cccc1C2,-6.40257646354609,0
b2AR-decoy_2580,Clc1ccc(C(COc2ccc(Br)cc2)Cn2ccnc2)c(Cl)c1,-6.40253563220359,0
b2AR-decoy_916,Fc1cc(F)cc(/C=C/c2n[nH]c3cc(c4ccncc4)ccc23)c1,-6.40205916714268,0
b2AR-decoy_1444,CC1=C(N)C(=O)C(C(C)C)=CC1=O,-6.40045543732387,0
b2AR-decoy_165,C=CC[C@@H](CC(=O)N(CCO)Cc1ccccc1)C(=O)N[C@@H](COC(=O)[C@H](CC=C)CC(=O)OC(C)(C)C)Cc1c[nH]c2ccccc12,-6.40022419219055,0
b2AR-decoy_1355,Cc1nnc(Sc2ncnc3scc(c4ccccc4)c23)s1,-6.40021138232904,0
b2AR-decoy_877,C/C(=N\Nc1nc(c2ccccc2)c(C)s1)c1ccccc1,-6.39989007912942,0
b2AR-decoy_169,CC(C)(C)C(=O)SCCOP(=O)(OCCSC(=O)C(C)(C)C)OC[C@@H]1C[C@@H](O)[C@H](n2ccc(N)nc2=O)O1,-6.39929102260387,0
b2AR-decoy_1097,O=C(NCc1cccs1)c1ccc2nc(c3ccco3)c(c3ccco3)nc2c1,-6.39859272677223,0
b2AR-decoy_2584,C[C@]12CC[C@H]3[C@H]([C@@H]1CCC2=O)[C@H](SC1CCCCC1)CC1=CC(=O)CC[C@@]13C,-6.39855804647907,0
b2AR-decoy_1199,CC(C)(C)c1ccc(OCc2ccccc2)c(/C=C2\SC(=O)NC2=O)c1,-6.39827203273135,0
b2AR-decoy_909,Cc1[nH]c(C)c(c2ccc(Oc3ccc(Cl)cc3)cc2)c(=O)c1C,-6.39689821677605,0
b2AR-decoy_1399,O=C1CS/C(=C/c2cnc[nH]2)N1,-6.39354261667723,0
b2AR-decoy_1297,Cc1ccc(SCc2nc(c3ccncc3)no2)cc1,-6.39286208942988,0
b2AR-decoy_1174,CC(C)=CCC/C(C)=C/COc1c2ccoc2c(O)c2oc(=O)ccc12,-6.39170061310236,0
b2AR-decoy_751,Nc1[nH]nc(C2CC2)c1N=Nc1ccc(Cl)c(Cl)c1,-6.3900941301716,0
b2AR-decoy_855,COc1cc(c2nnc(SCc3ccccc3Cl)o2)ccc1O,-6.38988911274479,0
b2AR-decoy_1426,C/N=C1/C=C(O)/C(=N/C)C=C1O,-6.38951495799523,0
b2AR-decoy_2364,CCC(=O)c1cc(c2ccc(F)cc2)c(c2ccc(S(N)(=O)=O)cc2)[nH]1,-6.38657588822033,0
b2AR-decoy_1011,CC(C)=CCOc1ccc(C(=O)/C=C/c2ccc(C)cc2)c(O)c1,-6.38636241931999,0
b2AR-decoy_748,C=CCOc1ccc(/C=N/c2ccc(C)c(Cl)c2)c(O)c1,-6.38564834234407,0
b2AR-decoy_1938,O=C(C/C(=C\c1cn(c2ccccc2)nc1c1ccccc1)c1n[nH]c(=O)[nH]1)c1ccc(Cl)cc1,-6.38514076146893,0
b2AR-decoy_484,Cc1cc(C(=O)N/N=C/c2c[nH]c3ccccc23)c(C)o1,-6.38390719941049,0
ASD03130066,Fc1ccc2nc(Nc3ccc(F)c(F)c3)nc(NC3CCCCC3)c2c1,-6.38312059514586,1
b2AR-decoy_2,CC[C@@H](/C=C/[C@@H](C)[C@H]1CCC2C3=CC(=O)O[C@@]3(O)CC[C@@]21C)C(C)C,-6.3818912947098,0
b2AR-decoy_413,O=C(c1cc(Br)c(O)cc1O)N1Cc2ccccc2C1,-6.37943636080663,0
b2AR-decoy_597,O=C(Nc1nccs1)c1cccc(c2ccc3ccccc3c2)c1,-6.37919404689824,0
b2AR-decoy_925,COc1cccc(C2CC(c3ccc(O)cc3)=Nc3ccccc3S2)c1,-6.37664368434935,0
b2AR-decoy_2537,Clc1ccc(c2csc(N/N=C(/Cn3cncn3)c3ccc(Br)cc3)n2)cc1,-6.37620785439933,0
b2AR-decoy_530,Cc1ccc(C(=O)CC2(O)C(=O)Nc3c(C)cc(Cl)cc32)cc1,-6.37527560609753,0
b2AR-decoy_513,O=c1cc(NNc2ccc3ccccc3c2)[nH]c(=S)[nH]1,-6.37360688593527,0
b2AR-decoy_74,CC(C)Oc1ccc(c2ccc(C(=O)c3c(F)ccc(O)c3F)s2)cc1C#N,-6.37096151322992,0
b2AR-decoy_1508,CCN(CC)C(=O)C1Sc2ccc(OC)cc2-c2c1c1ccccc1n2CCF,-6.37058621539362,0
b2AR-decoy_938,Clc1ccc(/N=N/Nc2ccc(Cl)c(Cl)c2)cc1Cl,-6.37024421331929,0
b2AR-decoy_2161,CC1=Nc2cc(C(=O)NCc3ccco3)ccc2Sc2ccc(C)cc21,-6.36983537177808,0
b2AR-decoy_2341,O=C(NCc1cc(Br)cc2nc(O)c(O)nc12)c1cccs1,-6.36965857748868,0
b2AR-decoy_1091,Cc1ccc(NC(=O)c2nc[nH]c2C(=O)Nc2ccccc2)c(c2ccsc2)c1,-6.36891247648453,0
b2AR-decoy_1954,CC(C)c1cc(C(=O)N2CCc3c(sc(NC(=O)c4ccccc4)c3C#N)C2)[nH]n1,-6.36830861506138,0
b2AR-decoy_2829,CCCCc1oc2ccccc2c1Cc1ccc2c(Br)c(OCn3cnnn3)ccc2c1,-6.36829584447113,0
b2AR-decoy_1200,COc1cc(O)c(C(=O)C(C)C)c2c1[C@H]1[C@@H](O2)C(C)=CC[C@@H]1C(C)C,-6.36788213548378,0
b2AR-decoy_1404,Nc1nnc(C(F)(F)F)s1,-6.36749840168764,0
b2AR-decoy_2398,CC(/C=N/OCCO)=C\[C@H]1CC[C@]2(O)[C@@H]3CC[C@@H]4C[C@@H](O)CC[C@]4(C)[C@H]3CC[C@]12C,-6.36716472717243,0
b2AR-decoy_2993,Cc1oncc1c1cnc(N)c(c2ccc(C(=O)N[C@H](CO)c3cccc(F)c3)c(F)c2)c1,-6.36589766307863,0
b2AR-decoy_80,C=C1C[C@@]23CC[C@H]4[C@@H](CCC[C@@]4(C)COC(=O)/C=C/C(F)(F)F)[C@@H]2CC[C@]1(O)C3,-6.36389103472479,0
b2AR-decoy_2873,CC(Oc1ccccc1Cl)C(=O)ON=C1CCCCCCCCCCC(=O)OCCC1,-6.36328708139124,0
b2AR-decoy_2686,COC(=O)c1c(O)cc(O)c(Cl)c1CCc1nccn1Cc1ccc(Cl)c(Cl)c1,-6.36298918131982,0
b2AR-decoy_483,CC(C)C1Cc2c(C#N)c(N)sc(=S)c2CO1,-6.36157580455632,0
b2AR-decoy_1219,CCc1[nH]c2nc(Sc3cccnc3)nc(Cl)c2c1C(F)F,-6.36028604704184,0
b2AR-decoy_1098,CC(C)(C)c1cc(NC(=O)[C@]2(C)CCCN2c2ccc(C(F)(F)F)cc2)no1,-6.35975576624416,0
b2AR-decoy_823,CC1(C)CC(=O)c2c(SCc3ccccc3)sc(c3cc[nH]n3)c2C1,-6.35850230468264,0
b2AR-decoy_942,O=C(Nc1nc(c2cccc(Br)c2)cs1)Oc1ccccc1,-6.35768220884683,0
b2AR-decoy_1983,NC(=O)COc1cc(Cl)c2c(c1)C(O)(C(F)(F)F)c1ccccc1-2,-6.35741209284711,0
b2AR-decoy_1147,Cc1ccccc1c1ccccc1/C=N/Nc1c(Cl)cncc1Cl,-6.35576258274696,0
b2AR-decoy_438,Cc1c(O)cc(C#N)c2cc(c3ccc(O)c(F)c3)ccc12,-6.35554334135362,0
b2AR-decoy_668,Clc1ccc(c2csc(N/N=C/c3ccc(n4ccnc4)cc3)n2)cc1,-6.35525108346083,0
b2AR-decoy_1966,O=C1OC(COc2cccc3[nH]c4ccccc4c23)CN1CCOc1ccccc1O,-6.35451911315289,0
b2AR-decoy_1683,Cc1ccc(C(=O)COc2ccc3c(C)cc(=O)oc3c2)cc1,-6.35332279318937,0
b2AR-decoy_1658,O=C(/C=C/c1ccc(OCc2ccc(F)cc2F)cc1)c1ccc(n2ccnc2)cc1,-6.35293369048121,0
b2AR-decoy_1133,CC(C)N1C(=O)S/C(=C\c2ccc(Sc3nc4ccccc4[nH]3)cc2)C1=O,-6.35275464823179,0
b2AR-decoy_1178,Cc1ccc(c2csc(N/N=C/c3ccc(n4ccnc4)cc3)n2)cc1,-6.35218463788459,0
b2AR-decoy_1003,C=C[C@]12CC[C@H]3[C@@](C)(CCC[C@@]3(C)C(=O)OCC)[C@@H]1CC[C@](C)(CO)C2,-6.35208206014001,0
b2AR-decoy_1878,COc1cc(c2cscc2c2ccc(SC)cc2)cc(OC)c1OC,-6.35173227771044,0
b2AR-decoy_88,CCC(O)(c1cn(Cc2ccc3c(c2)scc3c2ccccc2)nn1)C(F)(F)F,-6.34958043096552,0
b2AR-decoy_1804,O=C(NCc1ccncc1)c1ccc(Oc2ccc(/C=C/C3=CN4CCC3CC4)cc2)cc1,-6.34914511598533,0
b2AR-decoy_502,Oc1ccc(C2CSc3ccc(O)cc3O2)cc1,-6.34695488237405,0
b2AR-decoy_1230,Oc1ncccc1C(/C=C/C1CC1)(OCc1ccccc1)C(F)(F)F,-6.34477114803207,0
b2AR-decoy_792,N#CCC(=O)Nc1cc(c2ccc(Cl)c(Cl)c2)cs1,-6.34449116283678,0
b2AR-decoy_2601,Cc1ccc(/N=C2/c3ccccc3/C(=N/c3ccc(C)cc3)c3occc32)cc1,-6.34360196350652,0
b2AR-decoy_1905,CC(C)n1c(/C=C/C(=O)/C=C/c2nc3ccccc3n2C(C)C)nc2ccccc21,-6.34170318767593,0
b2AR-decoy_798,CCC(CC)=NNc1nc(c2ccc(Cl)cc2)cs1,-6.33909250002494,0
b2AR-decoy_307,Cc1c(O)c(C[NH2+][C@@H](C)c2ccccc2)c(C)c(C(=O)Oc2c(C)c(C)c(C(=O)Oc3c(C)c(C)c(C(=O)[O-])c(O)c3C)c(O)c2C)c1O,-6.33908492377161,0
b2AR-decoy_2086,N#Cc1ccc(Oc2ccc3nc(C(=O)NCc4cccs4)ccc3c2)cc1,-6.3386688877473,0
b2AR-decoy_492,COc1cc(c2cccc(O)c2F)cc(OC)c1O,-6.3385861713336,0
b2AR-decoy_2276,N#C/C(C(=O)c1c[nH]c2ccccc12)=C1/SC(c2ccccc2)=NN1c1ccccc1,-6.33780114814562,0
b2AR-decoy_315,CC(C)Oc1ccc(/C(=C(\C#N)c2ccccc2)c2ccc(O)cc2)cc1,-6.33723348964744,0
b2AR-decoy_1844,CCOc1ccc(N2CC(Oc3ccc([C@H](C)NC(=O)c4cnc(NC(C)=O)s4)cc3)C2)cc1,-6.33481292769212,0
b2AR-decoy_2397,CCCCn1cc(/C=C2\Oc3cc(O)cc(O)c3C2=O)c2cccc(O)c21,-6.3340954066125,0
b2AR-decoy_144,CCOc1cc(F)ccc1/C=C/C(=O)c1ccc2c(c1O)C=CC(C)(C)O2,-6.33379631214179,0
b2AR-decoy_416,CC1(C)OC(c2ccc(S(N)(=O)=O)cc2F)=C(c2cccc(F)c2)C1=O,-6.33215702267328,0
b2AR-decoy_1999,CC(C)C(=O)c1c(O)cc(O)c2c1O[C@@]1(C)CC[C@H](C(C)(C)O)O[C@H]1C2,-6.33190307440216,0
b2AR-decoy_2548,Cc1cccc(c2nn(CC(=S)Nc3cccc(C#N)c3)cc2c2ccnc(c3ccccc3)c2)n1,-6.33172339515588,0
b2AR-decoy_49,C/C(=N/NC(=O)C(C)Oc1cc(Cl)c(Cl)cc1Cl)c1ccc(C)cc1,-6.32900711147744,0
b2AR-decoy_2344,NC(=S)N=Nc1c(O)n(CCCl)c2ccc(Br)cc12,-6.32690662509405,0
b2AR-decoy_1001,CC(C)c1ccc2c(c1)CC[C@@H]1[C@]2(C)CCC[C@@]1(C)C/N=C/c1ncc[nH]1,-6.32607090952545,0
b2AR-decoy_458,COc1cc2c(cc1O)CC[C@@H]1C2CC[C@@]2(C)C1CC[C@@H]2O,-6.3251579718571,0
ASD03130029,Nc1nc(Nc2ccccc2)nc2ccc(Br)cc12,-6.32501295514732,1
b2AR-decoy_783,CC(C)(C)SC[C@H]1N=C(c2ccccc2)c2ccccc2NC1=O,-6.32447493035168,0
b2AR-decoy_2221,C[C@H]1OC(=O)[C@@H]2C[C@@H]3CCCC[C@H]3[C@H](/C=C/c3ccc4cc(NC(=O)C(C)(C)C)ccc4n3)[C@H]12,-6.32306161649442,0
b2AR-decoy_2765,CC(C)(C)N(NC(=O)c1ccc2c(c1Cl)CCCO2)C(=O)c1cc(Cl)cc(Cl)c1,-6.32288527953297,0
b2AR-decoy_2148,CO/C(O)=C1\C(C)=NC2=C(C(=O)CC(c3cccs3)C2)C1c1ccsc1,-6.3203360036934,0
b2AR-decoy_9,COc1c(C)cc2c(c1CC=C(C)C)O[C@H]1c3ccc(O)cc3OC[C@@H]21,-6.31992432833344,0
b2AR-decoy_880,CCSC1=C(C#N)C(c2ccc3c(c2)OCO3)C2=C(O)CCCC2=N1,-6.31991102183744,0
b2AR-decoy_2241,O=C(c1ccc2c(c1)OCCO2)c1oc2cc(O)ccc2c1c1cccc2ccccc21,-6.31973696897989,0
b2AR-decoy_1043,CCCC[C@H](CCn1cncn1)c1ccc(Cl)cc1Cl,-6.31968113964467,0
b2AR-decoy_1367,CC(C)(C)c1ccc(c2nnc(SCc3ccccc3)o2)cc1,-6.31946634632948,0
b2AR-decoy_2015,Cc1ccc(Cl)c2c1NC(=O)/C2=N\NC(=O)C(C)c1ccc(O)cc1,-6.31918572377138,0
b2AR-decoy_1632,C=C(C/C=C/C=C/Cl)CC(OC(=O)[C@@H]1CCC(=O)N1C)C(C)(C)C,-6.31768910879068,0
b2AR-decoy_736,COc1ccc([Si](C)(C)COc2cc(C(C)(C)C)c(O)c(C(C)(C)C)c2)cc1,-6.3147819751243,0
b2AR-decoy_1479,C[C@@H]1C[C@H](O)/C=C/[C@@H](O)CCC(=O)O1,-6.31441666442488,0
b2AR-decoy_2932,Cc1ccc(c2c(OCc3cn(Cc4ccccc4Cl)nn3)cnn2c2ccc(F)cc2)cc1,-6.31259685516973,0
b2AR-decoy_2405,C[C@]12CC[C@@H]3c4ccc(O)cc4CC[C@H]3[C@@H]1CC(C(=O)NCC1CCCO1)[C@@H]2O,-6.30941163898208,0
b2AR-decoy_2990,O=C(CO[C@H](Cn1nncc1c1ccccc1)c1ccc(C#Cc2ccccc2)cc1)NO,-6.30894237711752,0
b2AR-decoy_842,COCc1ccccc1C(=O)c1oc2cc(c3ccccc3)cc(O)c2c1C,-6.30846636399615,0
b2AR-decoy_2987,O=C(OCC#CCSc1nnc(c2cccc3ccccc32)o1)c1cc2ccccc2s1,-6.30754938283093,0
b2AR-decoy_1152,Cc1c(C(=O)Cc2ccccc2)oc2cc(c3ccccc3)cc(O)c12,-6.30754327942631,0
b2AR-decoy_1797,O=C(NCc1ccc2c(c1)OCO2)c1ccc(CSCc2ccc(Cl)cc2)o1,-6.30735399639937,0
b2AR-decoy_1398,N#Cc1nc(c2cnccn2)oc1N,-6.30687970143602,0
ASD03130069,Fc1ccc(Nc2nc(NC3CCCCC3)c3cc(Br)ccc3n2)cc1F,-6.30484607730004,1
b2AR-decoy_1932,CC(C)[C@@H](C)/C=C/[C@@H](C)[C@H]1CC[C@H]2C3=CC(=O)[C@@]4(O)C[C@@H](O)CC[C@]4(C)[C@H]3CC[C@@]21C,-6.30466099887348,0
ASD03130058,FC1(F)CCC(Nc2nc(Nc3cccc(OCCCN4CCOCC4)c3)nc3ccccc23)CC1,-6.30426668202485,1
b2AR-decoy_2897,O=c1c(Cl)c(c2ccccc2)[nH]c2c(c3ccc(Cl)cc3)c(Cc3ccccc3)nn12,-6.30248000080598,0
b2AR-decoy_3067,COc1ccc(/C=C(/Sc2ccc(Br)cc2)C(=O)c2ccc(Cl)cc2)cc1,-6.30188365498733,0
b2AR-decoy_130,CC(Br)C(=O)Nc1ccc(C(=O)/C=C/c2ccc(Cl)cc2)cc1,-6.30180598498812,0
b2AR-decoy_638,Fc1c(/N=N/Nc2cccc(C(F)(F)F)c2F)cccc1C(F)(F)F,-6.30120508804935,0
b2AR-decoy_2961,CC[Si](CC)(CC)O[C@]1(C)CCC2=C(C)CC[C@H]3/C(=C/c4ccccc4F)C(=O)O[C@@H]3[C@H]21,-6.29978449179769,0
b2AR-decoy_1312,O=C(/C=C/c1ccc(c2ccccc2)cc1)c1ccc(O)cc1O,-6.29917937615598,0
b2AR-decoy_961,C=C(CC[C@H]1[C@@H](C)CCCC1(C)C)C(O)Cc1c(O)cc(C)cc1O,-6.2984772277275,0
b2AR-decoy_924,FC(F)(F)c1cccc(N=NNc2cccc(C(F)(F)F)c2)c1,-6.29678220193498,0
b2AR-decoy_693,CC(C)=CCc1cc(c2coc3c(CC=C(C)C)c(O)cc(O)c3c2=O)ccc1O,-6.29508904818379,0
b2AR-decoy_3033,Cc1c(NC(=O)/C(=C\c2ccccc2)NC(=O)c2ccccc2)c(=O)n(c2ccccc2)n1C,-6.29484391506521,0
b2AR-decoy_33,CC[C@H](C)C(=O)c1c(O)cc(OC)c2c1O[C@]1(C)C=C[C@@H](C(C)C)C[C@H]21,-6.29477815431176,0
b2AR-decoy_712,C=CC(C)(C)c1ccc(O)c([C@@H]2CC(=O)c3c(O)cc(O)c(CC=C(C)C)c3O2)c1,-6.29403067742841,0
b2AR-decoy_2951,O=C(CCc1nnc(c2ccc(Cl)cc2)o1)c1ccc(c2ccccc2)cc1,-6.29361330448026,0
b2AR-decoy_2075,O=C1NC(=O)/C(=C/c2ccc(OCCn3ccc4cc(Cl)ccc43)cc2)S1,-6.2934605977885,0
b2AR-decoy_2132,Cc1cccc(C(=O)c2cccc(/C(=N/NC(N)=S)c3cccc(C)c3)c2)c1,-6.29293876958369,0
b2AR-decoy_290,Cc1ccc(C(c2c[nH]c3ccc(C(=O)N/N=C/c4cc(O)ccc4O)cc23)c2c[nH]c3ccc(C(=O)N/N=C/c4cc(O)ccc4O)cc23)cc1,-6.29209506392251,0
ASD03130064,Clc1ccc(Nc2nc(NC3CCNCC3)c3ccccc3n2)cc1Cl,-6.29119597623646,1
b2AR-decoy_1402,Nc1c(C(F)(F)F)n[nH]c1O,-6.29113142458175,0
b2AR-decoy_1452,NS(=O)(=O)c1cccs1,-6.29044096830789,0
b2AR-decoy_441,C=C1CC[C@@H]2O[C@@]2(C)CC[C@@H](C(C)C)/C=C/[C@](C)(O)CC[C@H]1O,-6.28938834604242,0
b2AR-decoy_2535,COc1ccc(C(=O)/C=C/C2=C/C(=C/NC(C)C)C(=O)c3ccc4c(C)cc(=O)oc4c32)cc1,-6.28893198356893,0
b2AR-decoy_5,Cc1ccc2c(c1)N/C(=C\C(=O)c1ccc(c3ccccc3)cc1)C(=O)O2,-6.28712391528266,0
b2AR-decoy_937,CC1CCC/C(=N\Nc2nc(c3ccc4ccccc4c3)cs2)C1,-6.28468582967022,0
b2AR-decoy_408,N#CC(=C(N)Sc1ccc(N)cc1)c1ccccc1C(F)(F)F,-6.28444026711601,0
b2AR-decoy_2847,COc1ccc(F)cc1C(C)(C)CC(O)(Cc1cccc(Cl)c1Cl)C(F)(F)F,-6.28307829375353,0
b2AR-decoy_349,CC(C)(C)c1cnc(CSc2cnc(NC(=O)c3ccccc3)s2)o1,-6.28295373567703,0
b2AR-decoy_508,O=C(/C=C\Nc1ccccc1O)C(Cl)(Cl)Cl,-6.28287838404256,0
b2AR-decoy_1149,CC(C)=C/C=C/[C@H](C)C1=CC[C@]2(C)C[C@H]3[C@H](C(=O)C[C@@]3(C)O)C(C=O)=CC[C@@H]12,-6.28285363348188,0
b2AR-decoy_2985,Cc1ccccc1c1cc(=O)c2cc3c(=O)cc(c4ccccc4C)oc3cc2o1,-6.28278219171363,0
b2AR-decoy_1702,CCN(C(=O)/C=C/c1ccc2c(c1)OCO2)c1ccccc1,-6.28200606383093,0
b2AR-decoy_1170,CCc1cccc(c2cc(Cl)cc(Cl)c2/C=C/[C@@H]2C[C@@H](O)CC(=O)O2)c1,-6.28044321829972,0
b2AR-decoy_2415,C=C(C)C(=O)c1ccc(OCc2nc(c3ccc(C(F)(F)F)cc3)cs2)c(C)c1C,-6.2789253399905,0
b2AR-decoy_2351,NS(=O)(=O)c1ccccc1NS(=O)(=O)/C=C/c1ccccc1C(F)(F)F,-6.2780406893262,0
b2AR-decoy_382,CC(=O)[C@H]1CC[C@@]2(O)[C@@H]3CC[C@H]4C[C@@H](O)CC[C@]4(C)[C@H]3CC[C@]12C,-6.27753118119851,0
b2AR-decoy_2162,CC(C)(C)c1ccc(OCc2ccc(C(=O)N/N=C3\CC4CC=CC34)cc2)cc1,-6.27738604934413,0
b2AR-decoy_777,O=c1[nH]nc(c2cccs2)cc1Cc1ccc(Cl)c(Cl)c1,-6.27728970348558,0
b2AR-decoy_1534,CCSc1ccc(c2cnc(c3nnc(C)n3c3ccc(OC)nc3)cn2)c(C)c1,-6.27607064645275,0
b2AR-decoy_3036,CC(C)=CCC/C(C)=C/CO/N=C1/C[C@@H](O)[C@@H](O)[C@@H]2[C@@H]3C(=O)N(C(C)(C)C)C(=O)[C@H]3CC[C@@H]12,-6.2743497701271,0
b2AR-decoy_1858,O=C1C[C@H](C(=O)Nc2cc(c3cccc(COCCC(F)(F)F)c3)n(c3ccccc3)n2)CN1,-6.2722828099924,0
b2AR-decoy_765,Cc1ccc(Sc2cncc3sc(/C=N/O)cc23)cc1,-6.27007701114887,0
b2AR-decoy_43,C/C=C1\[C@H]2C=C(C)C[C@]1(/N=C/C=C/c1ccccc1)c1ccc(=O)[nH]c1C2,-6.26974221877534,0
b2AR-decoy_1484,Cc1sc(c2cc[nH]n2)nc1O,-6.26425322250376,0
ASD03130037,c1ccc(Nc2nc(NC3CCCCC3)c3ccccc3n2)cc1,-6.26424747733026,1
b2AR-decoy_1374,CCC(C)c1cc(C=O)cc2cc(c3cccc(OC)c3)c(=O)oc12,-6.26285053123515,0
b2AR-decoy_1470,NC(=O)c1cncc(Cl)n1,-6.26207869413788,0
b2AR-decoy_211,COc1ccc(C2=C(c3cccc(NCCCCCC(=O)OC(=O)CCCC[C@@H]4SC[C@@H]5NC(=O)N[C@H]45)c3)C(=O)N3CCCC3C2)cc1,-6.26130574389223,0
b2AR-decoy_2010,N#Cc1c(NC(=O)c2cc(OCC(N)=O)ccc2Cl)sc2c1CCCC2,-6.25984364251741,0
b2AR-decoy_117,CCC(C)(CC)CN1C(=O)S/C(=C\c2ccc(O)c(C(F)(F)F)c2)C1=O,-6.25955428471792,0
b2AR-decoy_793,C/C(=N\Nc1nc(C)c(C)s1)c1ccc(Cl)c(Cl)c1,-6.25896652027672,0
b2AR-decoy_1642,N#Cc1ccc(c2ccc(OCC(CSc3ccccc3)N(O)C=O)cc2)cc1,-6.25855397842385,0
b2AR-decoy_152,C=C(C)[C@@H]1CC[C@]2(C(=O)NCCCCCCCC(=O)NCC(=O)[O-])CC[C@]3(C)[C@H](CC[C@@H]4[C@@]5(C)CC[C@H](O)C(C)(C)[C@@H]5CC[C@]43C)[C@@H]12,-6.25259014723653,0
b2AR-decoy_1553,CCOC(c1ccc(C(F)(F)F)cc1)C(OC(C)(C)C)n1cnc(C)c1,-6.25236606713296,0
b2AR-decoy_36,N#C/C(=C\c1ccc2ccccc2c1)C(=O)c1c[nH]c2ccccc12,-6.2523193655175,0
b2AR-decoy_2239,C[C@]12CC[C@H]3[C@@H](CC=C4C[C@@H](O)CC[C@@]43C)[C@@H]1CC[C@@H]2C(=O)/C=C/c1ccc(C#N)cc1,-6.25141958849003,0
b2AR-decoy_1709,COc1ccc(C=C2CCC3C(CCCC34OCCO4)C2=O)cc1,-6.25140597788826,0
b2AR-decoy_469,C/C1=C\CCC(C)(O)C2C=C(C(C)(C)O)C(C/C(C)=C/CC1)O2,-6.25035534222581,0
b2AR-decoy_2555,Cc1nc(c2ccccc2Oc2ccc(S(=O)(=O)Nc3ccc(F)cn3)cc2C#N)cs1,-6.25033637355803,0
b2AR-decoy_1639,COc1noc2c(C)cc(/C(=C\CCN3CCOC3=O)c3cccc(C#N)c3)cc12,-6.24814081637009,0
b2AR-decoy_1026,COc1ccc(CS/C=C/C[S+]([O-])Cc2ccc(OC)cc2)cc1,-6.24802691053903,0
b2AR-decoy_611,Cc1c(C(=O)c2ccccc2)oc2cc(c3ccccc3)cc(O)c12,-6.24726502048101,0
b2AR-decoy_1175,CC(C)C1=C2CCC(COC(=O)c3ccc(O)cc3)=CC[C@@]2(C)CC1,-6.24525725917923,0
b2AR-decoy_2244,C[C@]12CCC(=O)C[C@@H]1CC[C@@H]1[C@@H]2CC[C@]2(CCOCc3cc(F)cc(F)c3)[C@@H](O)CC[C@@H]12,-6.24273406902653,0
b2AR-decoy_2181,Oc1cccc(c2ccc(c3cn(CSc4ccccc4)nn3)cc2)c1,-6.24199136528581,0
b2AR-decoy_442,CC(C)c1ccc(Cc2c(C(F)(F)F)n[nH]c2O)cc1,-6.24193113664141,0
ASD03130034,Fc1cccc(Nc2nc(NC3CCCCC3)c3ccccc3n2)c1,-6.24137888051241,1
b2AR-decoy_2173,Cc1ccccc1c1cc(=O)c2cc(NC(=O)c3cccs3)ccc2o1,-6.24049676899129,0
b2AR-decoy_2492,Cc1nc2cc(OC(=O)N(C)Cc3cccc(c4ccncc4)c3)ccc2s1,-6.24040406777205,0
b2AR-decoy_2011,CC(C)(C)c1cc(CCC(=O)NNC(=O)c2ccco2)cc(C(C)(C)C)c1O,-6.23927580364037,0
b2AR-decoy_849,FC(F)(F)c1cccc(Cl)c1c1ccc(/C=C/c2nc3ccccc3[nH]2)o1,-6.23886701137809,0
b2AR-decoy_602,C=C[C@]12CC[C@H]3[C@@](C)(CCC[C@@]3(C)C(=O)OCC)[C@@H]1CC[C@](C)(O)C2,-6.23311710115958,0
b2AR-decoy_2774,FC(F)(F)c1ccccc1c1cc(C(F)(F)F)c2[nH]c(C3=NOC4(CCCCC4)C3)nc2c1,-6.23296360084872,0
b2AR-decoy_3082,CC(C)[C@@H](C)/C=C/[C@@H](C)[C@H]1CC[C@H]2C3=CC(=O)C4=CC(=O)CC[C@]4(C)[C@H]3CC[C@@]21C,-6.23137764166558,0
b2AR-decoy_2243,CC(C)[C@@H](C)C[C@H](O)[C@@H](C)[C@H]1CC[C@H]2[C@H]3[C@H](CC[C@@]21C)[C@@]1(C)CC[C@H](O)CC1=C[C@@H]3O,-6.23086536229585,0
b2AR-decoy_796,CC(C)=CCC/C(C)=C/Cc1cc2ccc(=O)oc2cc1O,-6.2306988558649,0
b2AR-decoy_1681,Cc1occc1C(=O)N(C)Cc1nc(c2ccc(Cl)cc2)no1,-6.22990586683192,0
b2AR-decoy_2176,Cc1c(Cc2ccccc2)nc(SCc2ccc(C(C)(C)C)cc2)[nH]c1=O,-6.22780159272086,0
b2AR-decoy_2190,O=c1c(Cc2ccc(O)cc2)coc2cccc(OCC3CCCCC3)c12,-6.22561402478051,0
b2AR-decoy_2359,Nc1ccccc1C(=O)N/N=C/c1c2ccccc2[nH]c1c1ccc(O)cc1,-6.22455436569835,0
ASD03130040,Clc1cccc(Nc2nc(NC3CCCCC3)c3ccccc3n2)c1,-6.22452093391844,1
b2AR-decoy_852,CC(C)=CCOc1cc(O)c2c(=O)c3ccccc3oc2c1CC=C(C)C,-6.22205014134936,0
ASD03130038,FC(F)(F)c1cccc(Nc2nc(NC3CCCCC3)c3ccccc3n2)c1,-6.22058303339533,1
ASD03130026,Nc1nc(Nc2ccccc2)nc2ccc(I)cc12,-6.22019708773669,1
b2AR-decoy_771,CC(=O)NC(CC(=O)c1cc(Cl)cs1)c1ccc(Cl)cc1,-6.2196817123441,0
b2AR-decoy_2554,CC(C)=CCCC(C)(O)C1Cc2c(c(CC=C(C)C)c(O)c3c(=O)c4cc(O)ccc4oc23)O1,-6.2194725617081,0
b2AR-decoy_1485,NC(=O)c1cnc(Cl)cn1,-6.21934466428924,0
b2AR-decoy_308,CCCCc1nn(c2ccccc2C(F)(F)F)c(=O)n1Cc1ccc(c2ccccc2S(=O)(=O)NC(=O)c2sccc2Br)cc1,-6.21923252657921,0
b2AR-decoy_450,Oc1ccc(C(=Nc2ccccc2)c2ccc(O)cc2)cc1,-6.21913487831577,0
b2AR-decoy_1955,Cc1ccccc1C(=O)Nc1c(C(O)(C(F)(F)F)C(F)(F)F)ccc2ccccc12,-6.21878227865609,0
b2AR-decoy_2536,Cc1cnccc1c1cc(Cl)ccc1Oc1ccc(S(=O)(=O)Nc2ncns2)cc1C#N,-6.21820542745499,0
b2AR-decoy_2219,Cc1noc2c1-c1sc(C)c(C)c1C(c1ccc(Cl)cc1)=N[C@H]2Cc1ncc[nH]1,-6.21817926618515,0
b2AR-decoy_1099,CO/C(O)=C1\C(C)=NC(C)=C(C(=O)OCC(C)C)C1c1ccccc1C(F)(F)F,-6.21683499490085,0
b2AR-decoy_3146,C[Si](C)(C)CCOCS(=O)(=O)c1ccccc1c1ccc(c2cnc(N)nc2)c(F)c1,-6.21514319870931,0
b2AR-decoy_1530,Cc1ccc(Sc2c(C)nn(c3ccccc3)c2OC(=O)CC(C)C)cc1,-6.21502932890262,0
b2AR-decoy_2211,Cc1ccc(C(=O)/C=C2\Nc3ccccc3S\C2=N\CS(=O)(=O)c2ccc(C)cc2)cc1,-6.2135846179552,0
b2AR-decoy_1724,C=C1C=C2C=C[C@H](C)[C@H](CC[C@@H]3C[C@@H](O)CC(=O)O3)[C@H]2[C@@H](OC(=O)[C@@H](C)CC)C1,-6.20903657593747,0
b2AR-decoy_2178,C[C@@H](Cn1ccc(c2ccc(C#N)c(Cl)c2)n1)Nc1cccc2cccnc12,-6.20877148182319,0
b2AR-decoy_243,COc1ccc(S(=O)(=O)N(CC(C)C)C[C@@H](O)[C@H](Cc2ccc(c3ccncc3)cc2)NC(=O)O[C@H]2CCOC2)cc1,-6.20647120797861,0
b2AR-decoy_1153,CCCCCCC(C)(C)c1cc(O)c2c(c1)oc(=O)c1ccc(C)cc12,-6.20536505726045,0
b2AR-decoy_377,N#CC1=C(N)Oc2ccc3ccccc3c2C1c1ccc2c(c1)OCO2,-6.20437794392077,0
b2AR-decoy_2447,CCC(=O)N(N=Nc1cc(C(F)(F)F)ccc1C#N)c1cc(C(F)(F)F)ccc1C#N,-6.2033508446137,0
b2AR-decoy_271,COc1cc([C@](O)(CC[NH+](C)C)[C@H](c2cc(OC(C)C)cnc2OC)c2cc3cc(Br)ccc3nc2OC)cc(OC)n1,-6.20322166665141,0
b2AR-decoy_1750,COc1cc(O)c(C(=O)/C=C/c2ccc(OC)c(Br)c2)c(OC)c1,-6.20303781271963,0
b2AR-decoy_503,O=c1oc2ccc(O)cc2cc1c1cccc(O)c1,-6.1991028755563,0
ASD03130024,Fc1ccc(Nc2nc(NC3CCCCC3)c3ccccc3n2)cc1F,-6.19811263142277,1
b2AR-decoy_1571,CC(C)c1ccc(C(C(=O)NC(C)(C)C)N(C(=O)CNC(=O)c2ccco2)c2cccnc2)cc1,-6.19779324526188,0
ASD03130039,c1ccc2c(NC3CCCCC3)nc(NC3CCCCC3)nc2c1,-6.1972632919706,1
b2AR-decoy_2637,O=C1CCCC2=C1C1OC(CCCCN3C(=O)c4ccccc4C3=O)(Cc3c1ccc1ccccc31)O2,-6.19675484862026,0
b2AR-decoy_3074,CN1CCCN(Cc2ccc(F)cc2)P12=NP(Cl)(Cl)=NP(Cl)(Cl)=N2,-6.19651964509265,0
b2AR-decoy_2134,Cc1cc(C)c(c2n[nH]c3c2C(c2ccccc2F)N(CCO)C3=O)c(O)c1,-6.19518305773438,0
b2AR-decoy_901,COc1cc(OC)cc(c2cccc(c3ccc(O)cc3)c2)c1,-6.19358397399387,0
b2AR-decoy_2712,COc1ccc(c2nc(SCc3csc(c4ccc(Cl)cc4)n3)nc(N)c2C#N)cc1,-6.19296665120402,0
ASD03130114,Clc1cc(Cl)cc(Nc2nc(NCCC3CCCCC3)c3ccccc3n2)c1,-6.19180907859534,1
b2AR-decoy_453,Cc1cccc(Cl)c1NNC(=O)c1ccc(C(C)(C)C)cc1,-6.19020377610762,0
b2AR-decoy_3158,CC(C)[C@@H](C)/C=C/[C@@H](C)[C@H]1CC[C@H]2[C@@]34C=C[C@]5(CCCC[C@]5(C)[C@H]3CC[C@]12C)OO4,-6.18930699783887,0
b2AR-decoy_2273,O=c1cc(c2ccccc2)oc(O)c1C(Sc1ccc2ccccc2c1)c1ccccc1,-6.18823311706763,0
b2AR-decoy_1101,Oc1c(/C=N/c2ccc(Oc3ccccc3)cc2)cnn1c1cccc(Cl)n1,-6.18792991549324,0
b2AR-decoy_2653,CO/N=C(\Cl)CCC/C=C(/c1cccc(C#N)c1)c1cc(C)c(OC)c(C(=O)SC)c1,-6.18690612787373,0
b2AR-decoy_1146,CC(C)c1ccccc1Sc1c(O)cc(c2ccccc2Cl)oc1=O,-6.18651937014919,0
b2AR-decoy_1969,COc1c(COc2ccc(NS(C)(=O)=O)cc2)cc(c2ccc[nH]c2=O)cc1C(C)(C)C,-6.18621703168083,0
ASD03130035,Clc1ccc(Nc2nc(NC3CCCCC3)c3ccccc3n2)cc1,-6.18481506371634,1
b2AR-decoy_2931,Cc1nnc(c2c(C)[nH]c(c3ccccc3)c2c2ccccc2)c2cn(c3ccccc3)nc12,-6.18458558168858,0
b2AR-decoy_2042,O=C(COc1cc(O)c2c(=O)cc(c3ccccc3)oc2c1)c1ccc(F)cc1,-6.18175903256076,0
b2AR-decoy_2969,C[C@@H](O[C@H]1O[C@@H]2O[C@@]3(C)CC[C@H]4[C@H](C)CCC([C@H]1C)[C@]42OO3)c1ccc(C(F)(F)F)cc1,-6.18121940022897,0
b2AR-decoy_1848,C=C(C)[C@H](O)[C@H](C[C@@](C)(O)/C=C/c1c(OC)ccc2ccc(=O)oc12)c1c(OC)ccc2ccc(=O)oc12,-6.18074803615153,0
b2AR-decoy_2235,Cc1ccc(C2=C(C#N)C(=O)NC(c3ccc(Oc4ccccc4)nc3)(C(F)(F)F)C2)cc1,-6.18034172628809,0
b2AR-decoy_795,CCCCc1oc2ccccc2c1C(=O)c1ccc(O)cc1,-6.1801031788954,0
b2AR-decoy_1056,CCN(Cc1nc(c2ccc(OC)cc2)no1)C(=O)c1ccoc1C,-6.17950012256319,0
b2AR-decoy_3061,COc1ccc(c2cc(Oc3c(F)c(F)c(F)c(F)c3F)nnc2c2ccc(OC)cc2)cc1,-6.174778895141,0
b2AR-decoy_1942,CC(C)(O)C#Cc1cnc(NC(=O)[C@H](CC2CCCC2)c2ccc(S(C)(=O)=O)c(Cl)c2)cn1,-6.1736685337851,0
b2AR-decoy_889,CCCCCc1cc2c(=O)c(c3nc(C)cs3)coc2cc1O,-6.17313156110306,0
b2AR-decoy_1711,Cc1c[nH]c(CNC(=O)c2ccc3oc(C(C)C)nc3c2)n1,-6.17209154996343,0
b2AR-decoy_2419,C[C@H]1[C@H](/C=C/c2ccc(c3ccccc3Cl)cn2)C2C(CC1(F)F)C(=O)O[C@@H]2C,-6.16990996542125,0
b2AR-decoy_54,CC(C)(O)CCC[C@@H]1C[C@@H]2C[C@H]3[C@@H]4CCc5cc(O)ccc5[C@H]4CC[C@]3(C)[C@@]21O,-6.16935325415898,0
b2AR-decoy_1467,COCc1nc(C#N)c(N)o1,-6.16902127609414,0
b2AR-decoy_97,CCOC(=O)c1oc2cc(c3cccc(C(F)(F)F)c3)cc(O)c2c1C,-6.16827882836848,0
b2AR-decoy_380,CC1(C)C=Cc2c(ccc3c(=O)c(c4ccc(O)cc4O)coc23)O1,-6.16814360350705,0
b2AR-decoy_958,O=C(Nc1ccc(OC(F)(F)F)cc1)Oc1ccccc1N1CCCCC1,-6.16370255551514,0
b2AR-decoy_587,COc1c2occc2c(O)c(c2ccccc2)c1c1ccccc1,-6.16366327885621,0
ASD03130056,CS(=O)(=O)c1cccc(Nc2nc(NC3CCCCC3)c3ccccc3n2)c1,-6.16358356545701,1
b2AR-decoy_3170,c1ccc(COc2cc(OCc3ccccc3)c3c(c2)occ3c2ccccc2)cc1,-6.16326288593006,0
b2AR-decoy_1227,CCC(=CCc1c(O)cc2c(c1O)C(=O)CC(c1ccccc1O)O2)CC,-6.16298613143133,0
b2AR-decoy_1542,CON=C(c1ccon1)c1ccccc1COc1ccc(Cl)cc1C,-6.16289547246339,0
b2AR-decoy_1278,CC1=CC(=O)[C@@H]2C(C)(C)C(=O)CC[C@@]2(C)[C@@H]1COc1ccc2ccc(=O)oc2c1,-6.16127277726825,0
b2AR-decoy_3079,CC(C)(C)c1cc(C2c3ccc(N)nc3NP2(=O)Oc2ccccc2)cc(C(C)(C)C)c1O,-6.16037998433785,0
b2AR-decoy_830,Cc1ccc(C(=O)c2oc3cc(O)ccc3c2c2cccc3ccccc32)c(C)c1,-6.16026517376421,0
b2AR-decoy_2655,C/C(=N\OCCSc1nnc(C)s1)c1ccc(Sc2cc(F)cc(C3CCOCC3)c2)cc1,-6.15997107713758,0
b2AR-decoy_2860,Cc1cc(Sc2c([N+](=O)[O-])cc([N+](=O)[O-])cc2C(F)(F)F)c(Cl)cc1Cl,-6.15907783807166,0
b2AR-decoy_2763,Cc1cc(C)c(c2ccccn2)cc1NC(=O)c1ccc(OCc2ccccn2)cc1,-6.15894631222952,0
b2AR-decoy_1212,CC(OC(=O)CCCNC(=O)OC(C)(C)C)c1ccc2ccccc2c1,-6.15594148733336,0
b2AR-decoy_1717,CC(C)(C)C(NC(=O)c1cc(OCC(F)(F)F)c(C2CC2)cn1)c1nccs1,-6.15535393363088,0
b2AR-decoy_411,CC1(C)C=Cc2ccc(c3coc4cc(O)cc(O)c4c3=O)cc2O1,-6.15512527193359,0
b2AR-decoy_2547,CC(c1ccccc1)S(=O)(=O)/C=C/c1ccc(C(=O)OC2CC(C)(C)N(O)C(C)(C)C2)cc1,-6.15490115292536,0
b2AR-decoy_2048,COc1c(Br)c(CCCO)cc2cc(c3ccc4c(c3)OCO4)oc12,-6.15489415758056,0
b2AR-decoy_1949,C=C(CC[C@@H](C)[C@H]1CC[C@H]2[C@@H]3C(=O)C=C4C[C@@H](O)CC[C@]4(CO)[C@H]3CC[C@@]21C)C(C)C,-6.15332038150721,0
b2AR-decoy_1354,Cc1ccc(OC(Cn2ccnc2)c2ccc(Cl)cc2)cc1,-6.15051820677297,0
b2AR-decoy_542,CC(C)(C)c1cc(c2nnc(O)s2)cc(C(C)(C)C)c1O,-6.15015202023081,0
b2AR-decoy_623,C/C(=C\c1cccc(Cl)c1Cl)C(=O)c1c(C)cc(C)nc1O,-6.15009828401788,0
b2AR-decoy_1776,Oc1ccc(SC[C@@H]2CO[C@@](CCc3ccc(Cl)cc3)(Cn3ccnc3)O2)cc1,-6.1493911851431,0
b2AR-decoy_147,Cc1sc2nc(CSc3nc4ccccc4s3)nc(O)c2c1C,-6.14794504036879,0
b2AR-decoy_2782,O=C(c1ccc(N2CCN(c3cccc(Cl)c3Cl)CC2)cc1)C1CC1c1ccc(Cl)cc1,-6.14728493964842,0
b2AR-decoy_2164,CC(C)=CCc1cc2c(=O)cc(c3ccc4c(c3)C=CC(C)(C)O4)oc2cc1O,-6.147097184727,0
b2AR-decoy_2324,Cc1cc(NN)n2nc(SCc3ccccc3Br)nc2n1,-6.14599698777233,0
b2AR-decoy_2105,CC(C)(O)CCc1ccc(O)c2oc3cc4c(c(O)c3c(=O)c12)CCC(C)(C)O4,-6.14442908777212,0
b2AR-decoy_2793,Cc1ccc2[nH]c(/C(C#N)=C\c3ccc(Oc4ccc(C(F)(F)F)cc4[N+](=O)[O-])cc3)nc2c1,-6.14389681974641,0
b2AR-decoy_1395,N#Cc1c[nH]c(c2ncc[nH]2)n1,-6.14237460897435,0
b2AR-decoy_903,CC(C)[C@@H]1CC[C@@H](C)C[C@H]1NC(=O)Oc1ccc(Cl)cc1,-6.14053438670514,0
b2AR-decoy_2312,COc1c(CC=C(C)C)c(O)cc2oc(=O)c(c3ccc(O)cc3O)cc12,-6.14000785933238,0
b2AR-decoy_2556,COc1ccc(c2nn(c3ccccc3)cc2/C=C/C(=O)c2ccc(O)c3c2OC(C)(C)C3)cc1,-6.13864409030483,0
b2AR-decoy_2375,O=C(N/N=C/c1cc(Br)c(O)c(Br)c1O)c1ccncc1,-6.1380938485955,0
b2AR-decoy_1464,N=C1C(Cl)=C(O)OC1O,-6.13799067904822,0
b2AR-decoy_1671,Nc1ccc(/C=C2\SC(=O)N(CCc3ccccc3)C2=O)cc1,-6.13745543264982,0
b2AR-decoy_1749,CCOC(=O)c1sc(NC(=O)c2ccc(Br)cc2)c(C#N)c1C,-6.13717369070121,0
b2AR-decoy_1532,O=C(O/N=C(\Cn1ccnc1)c1ccc2ccccc2c1)c1ccc(c2ccccc2)cc1,-6.1355589655075,0
b2AR-decoy_2079,Cc1ccc(c2cc(C(=O)NC3CC3)cc(N3C(=O)OC[C@H]3C(C)C)c2)c(F)c1,-6.13466813172729,0
b2AR-decoy_1725,O=C(CC12CC3CC(C1)CC(C1CCCC1)(C3)C2)N/N=C/c1ccc([N+](=O)[O-])o1,-6.1342338515347,0
b2AR-decoy_2715,Cc1ccc(Cc2cc(c3ccc(Br)cc3)n(c3ccc(S(N)(=O)=O)cc3)n2)cc1,-6.13307775189373,0
b2AR-decoy_2057,Cc1noc(NS(=O)(=O)c2ccccc2c2ccc(c3cnco3)cc2)c1C,-6.13165456828795,0
b2AR-decoy_2995,O=C(CSc1nnc(CNC(=O)c2cccs2)o1)Nc1ccccc1C(F)(F)F,-6.128597759563,0
b2AR-decoy_2259,Oc1ccc(c2ccc(c3c(Cc4ccc(O)cc4O)sc4ccccc43)cc2)cc1,-6.12772825011607,0
b2AR-decoy_917,Oc1cccc(/C=C/c2cc(O)cc(/C=C/c3cccc(O)c3)c2)c1,-6.1269676330455,0
b2AR-decoy_240,CCC[C@@H]1CCC[NH+]1Cc1sc(NC(=O)c2cnc(N3CCC(C(=O)[O-])CC3)cn2)nc1c1ccc(OC)c(C(F)(F)F)c1,-6.12680417972437,0
b2AR-decoy_1419,Nc1nc(C(F)(F)F)ns1,-6.12584944752825,0
b2AR-decoy_2479,CCCc1nnn(c2c(Cl)cc(C(F)(F)F)cc2Cl)c1CCl,-6.12450933749583,0
b2AR-decoy_1451,N#CCc1nc(C#N)c(N)o1,-6.12406226051284,0
b2AR-decoy_2871,CC1=CC[C@@H]2[C@@H](C1)c1c(O)cc(C(C)(C)c3ccc(F)cc3)cc1OC2(C)C,-6.12359388548128,0
b2AR-decoy_2679,CC1(C)OC(C(O)(c2ccccc2)c2ccccc2)C(C(O)(c2ccccc2)c2ccccc2)O1,-6.12316780185892,0
b2AR-decoy_1730,CC(C)(C)c1cc(NC(=O)Cn2cnc3scc(c4ccccc4)c3c2=O)on1,-6.12260167165338,0
b2AR-decoy_85,CC(C)c1cc(C(C)(C)C)cc(c2ccc(F)cc2)c1OCC1C[C@@H](O)CC(=O)O1,-6.12184563035071,0
b2AR-decoy_1018,O=C1CCCCC1(CCc1ccncc1)CCc1ccncc1,-6.12153121453174,0
b2AR-decoy_2541,O=C(NCc1ccnc(Cl)c1)c1cnc(Oc2ccc3c(c2)CCC(c2ccsc2)O3)s1,-6.12073117556251,0
b2AR-decoy_1519,C=CCOc1cc(OC)c(C(=O)/C=C/c2ccc(F)cc2)c(OCC=C)c1,-6.12067819196166,0
b2AR-decoy_2428,O=CC1=Cc2cc(S(F)(F)(F)(F)F)cc(Br)c2OC1C(F)(F)F,-6.12040973720558,0
b2AR-decoy_892,CC(C)=CCc1c(O)cc(O)cc1c1cc2ccc(O)cc2o1,-6.11957138821339,0
b2AR-decoy_1882,CC12C=CC(C(=O)O[C@H]3CC[C@H]4[C@@H]5CCC6=CC(=O)CC[C@@H]6[C@H]5CC[C@]34C)(CC1)CC2,-6.11915246999799,0
b2AR-decoy_2009,Cc1nc(c2cc(c3cc(F)c(CO)c(F)c3)c3c(N)ncnn23)cs1,-6.11899931874111,0
b2AR-decoy_2362,C/C(=C\c1ccc(Cl)cc1)S(=O)(=O)Nc1c(F)cccc1S(N)(=O)=O,-6.11878550328377,0
b2AR-decoy_1141,C/C(=N\Nc1nc(c2ccc3ccccc3c2)cs1)c1ccccc1,-6.11827917081453,0
b2AR-decoy_2631,COc1cccc(OC)c1n1cc(c2ccccc2Sc2ccc(C(F)(F)F)cc2)nn1,-6.11816480889352,0
b2AR-decoy_2100,COc1ccc([C@H]2O[C@@H](c3ccc(OC)cc3)[C@H](C)/C(=N/NC(N)=S)[C@H]2C)cc1,-6.11751951944273,0
b2AR-decoy_1040,CCN(Cc1cccs1)C(=O)C(C)Oc1ccc(C)cc1,-6.11635340238986,0
b2AR-decoy_2750,O=S(=O)(Nc1nccs1)c1ccc(Oc2ccc(c3ccccc3)cc2)cc1F,-6.11620326975988,0
b2AR-decoy_2770,O=C(c1ccn2c1CSC2c1cccnc1)c1c[nH]c2c(OCc3ccccc3)cccc12,-6.11595436133368,0
b2AR-decoy_52,CC1(C)CC(/C=C/c2ccc3ccc4cccc5ccc2c3c45)=[N+]([O-])C1OCCO,-6.11593944026612,0
b2AR-decoy_2628,Cn1cncc1C(OCc1ccc(C#N)cc1c1cccc2ccccc21)c1ccc(C#N)cc1,-6.11582181504542,0
b2AR-decoy_2849,Clc1ccc2c(c1)S[C@H](Cn1ccnc1)[C@@H]2OCc1cc(Cl)sc1Cl,-6.11331332439401,0
b2AR-decoy_345,S=P1(c2ccc(Oc3ccccc3)cc2)Nc2ccccc2CO1,-6.1095067524516,0
b2AR-decoy_38,Cc1c(N)cccc1c1ccc(C(=O)c2cc(F)c(F)c(O)c2F)s1,-6.10863726056821,0
b2AR-decoy_2670,Cc1cccc(C)c1OCc1nc2c3c(ncn2n1)oc(c1ccccc1)c3c1ccccc1,-6.10430196891857,0
b2AR-decoy_2237,N#Cc1ccc(Oc2ccc(/C=C3\SC(=O)NC3=O)c3ccccc23)cc1C(F)(F)F,-6.1042519729262,0
b2AR-decoy_70,Cc1cc(C2=C(/C=C/C3CC(O)CC(=O)O3)C(C)(C)CC(C)(C)C2)ccc1F,-6.10382213669022,0
b2AR-decoy_1271,CCc1nnc2n1N=C(c1ccc(c3cc(Cl)ccc3Cl)o1)CS2,-6.10316976053453,0
b2AR-decoy_2892,Cc1cc(O)ccc1NC(=O)c1ccccc1Sc1ccc2c(/C=C/c3ccccn3)n[nH]c2c1,-6.09910797807232,0
b2AR-decoy_1997,CC(C)n1cc(c2cc(C(N)=O)c3c(c2)C(O)(C(F)(F)F)c2ccccc2-3)cn1,-6.09870139334786,0
b2AR-decoy_2974,CC(C)c1ccc(C2ON=C(c3ccc(C4=NOC(c5ccc(C(C)C)cc5)O4)cc3)O2)cc1,-6.09801852043475,0
b2AR-decoy_1413,COc1ccc(Br)c(O)c1O,-6.096821330174,0
b2AR-decoy_401,CC1(C)NC(=O)C2=C1Nc1cc3c(cc1C2c1cccc(Cl)c1)OCO3,-6.09618338425494,0
ASD03130107,Clc1cc(Cl)cc(Nc2nc(Nc3ccccc3Cl)c3ccccc3n2)c1,-6.09602665487273,1
b2AR-decoy_385,NS(=O)(=O)c1ccc(C2=C(c3ccc4c(c3)OCO4)CCC2)cc1,-6.09558056870006,0
b2AR-decoy_2215,CC(C)=CC/C=C(/C)[C@H]1CC[C@]2(C)[C@@H]1[C@H](O)C[C@@H]1[C@@]3(C)CC[C@H](O)C(C)(C)[C@@H]3[C@@H](O)C[C@]12C,-6.09462764674701,0
b2AR-decoy_2578,Clc1ccc(CC(Cn2ccnc2)c2ccccc2Cl)c(Cl)c1,-6.09039042125143,0
b2AR-decoy_2422,CCC=C(c1cc(Cl)ccc1OCc1ccc(Cl)cc1Cl)n1ccnc1,-6.08897212872636,0
b2AR-decoy_1473,C[C@@H]1CC[C@@H](O)/C=C/[C@@H](O)CC(=O)O1,-6.08873328575116,0
b2AR-decoy_978,CCCC(=O)Nc1sc(C)c(c2ccc(C(C)CC)cc2)c1C#N,-6.08581987836962,0
b2AR-decoy_1777,CCN(CC(=O)Nc1ccccc1C(F)(F)F)C(=O)/C=C/c1ccc(Cl)c([N+](=O)[O-])c1,-6.08562508485314,0
b2AR-decoy_2784,CCCn1c(SCC)c2cc3cc4ccccc4cc3cc2c1c1nc(F)nc(F)n1,-6.08497813173183,0
b2AR-decoy_804,CC(C)CC(=O)c1c2c(c3oc(=O)cc(c4ccccc4)c3c1O)C=CC(C)(C)O2,-6.08422937742238,0
b2AR-decoy_1556,CCCS(=O)(=O)NCc1nc(c2ccc(C(=O)NCCC(F)(F)F)cc2)cs1,-6.08135478353414,0
b2AR-decoy_1020,COc1ccc(CCCCC(=O)C(F)(F)F)c(OC)c1,-6.07961868756276,0
b2AR-decoy_3032,Cc1csc(C(C)(O)c2nnc(Nc3cnn(Cc4c(F)cccc4F)c3)s2)n1,-6.07643772260356,0
b2AR-decoy_841,COc1ccc(c2coc3c(C(=O)NCc4cccs4)cccc32)c(C)c1,-6.07573171315034,0
b2AR-decoy_2199,O=C1C(=Cc2c[nH]c3ccccc23)C(=O)N(c2ccc(Cl)cc2)N1c1ccc(Cl)cc1,-6.0752818373183,0
b2AR-decoy_389,Cc1ccc(Br)cc1NC(=O)C(C)NC(=O)OC(C)(C)C,-6.07215235690794,0
b2AR-decoy_3007,CC(C)(O)c1ccc(Oc2ccc(S(=O)(=O)Nc3ccc(F)cn3)cc2C#N)cc1,-6.07102724181945,0
b2AR-decoy_1610,Cc1nc2cnccc2n1CCCOC1CCC(c2ccc(F)cc2)O1,-6.06914083736759,0
b2AR-decoy_1929,C=C1C(=O)O[C@H]2[C@H]1CCC(/C=N/NC(=S)Nc1ccc(F)cc1)=C\CC[C@@]1(C)O[C@@H]21,-6.06877669229381,0
b2AR-decoy_619,Oc1cc(/C=C/c2ccc(Br)cc2)cc(n2ccnc2)c1,-6.06869752387849,0
ASD03130054,COCCOc1cccc(Nc2nc(NC3CCCCC3)c3ccccc3n2)c1,-6.06732811875813,1
b2AR-decoy_2796,CCN(CC)c1ccc(S[C@@H]2CC3=CC(=O)CC[C@]3(C)[C@H]3CC[C@]4(C)C(=O)CC[C@H]4[C@@H]32)cc1,-6.06263936874713,0
b2AR-decoy_1782,CC(=O)N[C@@H](C)c1ccc(OC2CCN(c3ccc(OCC(C)(C)F)cc3)C2)cc1,-6.06236469572759,0
b2AR-decoy_2379,CC(C)C(=O)c1c(O)cc(O)c2c1O[C@@]1(C)CC[C@@H](C(C)(C)O)[C@@H]2[C@H]1O,-6.06016063417608,0
b2AR-decoy_851,Cc1c(O)nc(SCc2cccc(C#N)c2)nc1Cc1c(Cl)cccc1Cl,-6.05935798623628,0
b2AR-decoy_2169,Cc1ccc(c2csc(N/N=C/c3ccc(N4CCCC4)cc3)n2)cc1,-6.0590186671037,0
b2AR-decoy_701,Clc1ccc(/C(Cn2ccnc2)=N/Nc2c(Cl)cccc2Cl)s1,-6.05845985300718,0
b2AR-decoy_1177,Clc1ccc(C(c2ccc(Cl)cc2)(c2cc[nH]n2)n2ccnc2)cc1,-6.05484086829932,0
b2AR-decoy_2626,CC(C)=CCC/C(C)=C/[C@H]1OC(=O)C[C@]12C[C@H](OC(=O)c1c(Cl)cccc1Cl)C=CC2=O,-6.05397643677602,0
b2AR-decoy_1780,Clc1ccc2ccc(/C=C/c3ccc(OCc4ccccc4CC4=NN=NN4)cc3)nc2c1,-6.05371371027074,0
b2AR-decoy_2247,CC(C)CCC[C@@H](C)[C@H]1CC[C@H]2[C@@H]3C/C(=N\O)[C@@]4(F)C[C@H](O)[C@H](O)C[C@]4(C)[C@H]3CC[C@@]21C,-6.05285215061267,0
b2AR-decoy_3023,CC(O)c1ccc(N(C)S(=O)(=O)c2cccc(C(=O)Nc3ccc(C#N)cc3)c2)cc1,-6.05223201453587,0
b2AR-decoy_1450,CN(C)C(=S)SCC(N)=O,-6.05203833772682,0
b2AR-decoy_2261,CC1(C)Oc2cc(C3(CCCCC#N)CCCC3)cc(O)c2[C@@H]2CC(=O)CC[C@H]21,-6.05091861621641,0
b2AR-decoy_1493,O=C1OCC(CC2=C(O)C(=O)OC2)=C1O,-6.04774057088532,0
b2AR-decoy_1364,Cc1ccc(/C(=C(/C#N)c2ccc(O)cc2)c2ccc(O)cc2)cc1,-6.04733766285255,0
b2AR-decoy_2619,Cc1nc(c2ccccc2)sc1c1nc(c2ccccc2)ncc1S(=O)(=O)c1ccccc1,-6.04712194116679,0
ASD03130072,Fc1ccc(Nc2nc(NC3CCCNC3)c3cc(Cl)ccc3n2)cc1F,-6.04709809206464,1
b2AR-decoy_1950,Cc1ccc(S(=O)(=O)Nc2c(C(=O)N[C@@H](C)C(C)(C)C)c(C)nn2C(C)C)cc1,-6.04709661114677,0
b2AR-decoy_128,O=C1/C(=C\c2cc(Cl)c(O)c(Cl)c2)SC(=S)N1Cc1ccccc1,-6.0458474893914,0
b2AR-decoy_1370,CSc1ccc(C2=CC(=O)C[C@H](c3ccc4c(c3)OCO4)C2)cc1,-6.04560095037782,0
b2AR-decoy_506,Cc1ccc(C)c(C(=O)/C=C/c2ccc(O)c(O)c2)c1,-6.04442947272068,0
b2AR-decoy_3044,Cn1cncc1C(OCc1ccc(C#N)cc1)c1ccc(C#N)c(c2ccccc2C(F)(F)F)c1,-6.04144318752771,0
b2AR-decoy_1645,COc1ccc(OCCCCCCCc2c(C)nn(C)c2C)c(Cl)c1,-6.04047985542272,0
b2AR-decoy_2522,C[C@H](Oc1ccc(c2nc(c3ccc4[nH]cnc4c3)no2)cc1C(F)(F)F)C(F)(F)F,-6.04009062374113,0
b2AR-decoy_1518,CC(=O)N(Cc1ccc(Oc2ccc(C#N)cc2)cc1)C(=O)c1cc(C2CC2)nn1C,-6.0397427750112,0
b2AR-decoy_373,CC(=O)OC[C@@]1(C)CC[C@@H](C(C)C)/C=C/[C@](C)(O)C/C=C/[C@](C)(O)CC1=O,-6.0388898872624,0
b2AR-decoy_2224,N#CC1=C(SCC(=O)c2ccc(Cl)cc2)N=C2CCCC(O)=C2C1c1ccco1,-6.0380147179947,0
b2AR-decoy_2906,N#Cc1cc(Cl)cc(Oc2cc(OCc3n[nH]c(c4ccncc4)c3Cl)ccc2Cl)c1,-6.03768677208787,0
b2AR-decoy_1124,CCCCNC1=CC(=O)C=C(C[C@]2(C)[C@@H](C)CC[C@]3(C)C(C)=CCC[C@H]32)C1=O,-6.03317920922557,0
b2AR-decoy_403,O=C(N/N=C/c1c(Cl)cccc1Cl)c1[nH]nc2c1CCCC2,-6.03316379672404,0
b2AR-decoy_1695,CC1(C)COC(=O)[C@@H]1Oc1ccc(C#N)c(C(F)(F)F)c1,-6.03201338187003,0
b2AR-decoy_1184,CSCSC1=C(C#N)C(c2ccccc2Cl)C(C(C)=O)=C(C)N1,-6.03175105342121,0
b2AR-decoy_1972,C[C@@H](c1ccc(c2cc(=O)[nH]cn2)cc1)N1CC[C@](CCCO)(c2ccc(F)cc2)OC1=O,-6.03082584187362,0
b2AR-decoy_2350,O=C(NNC(=O)c1ccccc1Cl)c1cc2cc(OC(F)(F)F)ccc2[nH]1,-6.03023570204607,0
b2AR-decoy_825,[C-]#[N+]c1cccc(c2cccnc2Oc2ccc(Nc3ccccn3)cc2)c1,-6.02822416664709,0
b2AR-decoy_1257,CC(=O)N(c1ccc(Cl)cc1)C1SC(=O)N(c2ccc(C)cc2)C1=O,-6.02736608236178,0
b2AR-decoy_2077,Cc1c(C(=O)Nc2c(C)n(C)n(C3CCCCC3)c2=O)noc1CCC(C)(C)C,-6.02597209245523,0
b2AR-decoy_354,CC(C)=CCC1(C)C=Cc2c(c(c3ccc(C)cc3)c(Cl)[nH]c2=O)O1,-6.0250219911824,0
b2AR-decoy_1849,c1cc(c2ccc(c3ncc(C[NH2+]CC4CC[NH2+]CC4)nc3c3ccc(c4ccoc4)cc3)cc2)co1,-6.02301041153287,0
b2AR-decoy_632,C=CCSc1nc(C)c(Cc2cccc3ccccc23)c(O)n1,-6.02265775036662,0
b2AR-decoy_1958,Cc1cc(NS(=O)(=O)Cc2ccc(NC(=O)Cc3ccc(Cl)c(Cl)c3)cc2)no1,-6.02193093667268,0
b2AR-decoy_2114,Nc1ncc(c2ccc(c3ccccc3C(=O)N3CCC[C@@H](O)C3)cc2F)cn1,-6.02043378343305,0
b2AR-decoy_2608,N#Cc1cc(Cl)cc(Oc2cc(OCc3nc(c4ccccc4)no3)ccc2Cl)c1,-6.01537995184857,0
b2AR-decoy_127,CC(C)(C)c1cc(/C=N/NC(=S)Nc2ccccc2)cc(C(C)(C)C)c1O,-6.01435134672918,0
b2AR-decoy_1021,CCCCC(C#N)(Cn1cncn1)c1ccc(Cl)cc1,-6.01343333559707,0
b2AR-decoy_2437,O=C1C=C(c2ccc(Br)c3ccccc23)C[C@@H](c2ccc3c(c2)OCO3)C1,-6.01216694061603,0
b2AR-decoy_2662,COc1cc(/C=C2\SC(=O)N(Cc3ccc(F)cc3)C2=O)ccc1OCc1ccccc1,-6.00857631600397,0
ASD03130050,Nc1nc(N)c2cc(Cl)ccc2n1,-6.00825564021206,1
b2AR-decoy_424,N#Cc1ccc2c3c([nH]c2c1)-c1ccc(c2cn[nH]c2)cc1C3=O,-6.007471982098,0
b2AR-decoy_60,O=C(Nc1nnc(c2ccc3c(c2)CCCC3)o1)c1ccc(Cl)cc1Cl,-6.00693919644187,0
b2AR-decoy_1594,CCNC(=O)CC[C@@H](CO)N(C)C(=O)c1ccc2c(c1)c1c(n2C)CC[C@@H](C2CCOCC2)C1,-6.0067632731451,0
b2AR-decoy_293,C[NH2+]CCOC1(Cn2ncc(c3ccc(N4CCc5cccc(C(=O)Nc6nc7ccccc7s6)c5C4)nc3C(=O)[O-])c2C)CCCC(C)(C)C1,-6.00510240009472,0
b2AR-decoy_3092,O=C1/C(=C\c2cccc(Oc3ccccc3)c2)SC(c2ccccc2)N1c1ccc(Cl)cc1,-6.00487894944035,0
b2AR-decoy_220,COc1ccc(S(=O)(=O)N(CC(C)C)C[C@@H](O)[C@H](Cc2ccccc2)NC(=O)O[C@@H]2C[C@@H]3OC(=O)N(C)[C@@H]3C2)cc1,-6.00408592425937,0
b2AR-decoy_1024,CCN(Cc1cccs1)C(=O)COc1ccc(Cl)cc1,-6.00316831120354,0
b2AR-decoy_2446,Clc1ccc(C(Cn2ccnc2)OCc2ccccc2Cl)c(Cl)c1,-6.00314887203599,0
b2AR-decoy_514,CCC(=O)c1cc(O)cc2cc(c3ccc(O)cc3)oc12,-6.00250365826241,0
b2AR-decoy_1867,O=C(Cc1ccccc1)Nc1ccc(SCCc2nnc(NC(=O)Cc3ccccc3)s2)nn1,-6.00119299060648,0
ASD03130036,Brc1cccc(Nc2nc(NC3CCCCC3)c3ccccc3n2)c1,-6.00074954303723,1
b2AR-decoy_1265,Cc1nnc(SCC(=O)N(Cc2ccccc2)C(C)C)n1c1ccccc1,-6.00068124893,0
b2AR-decoy_1871,COc1c(O)cc2oc(c3cc(CC=C(C)C)c(O)c(C/C=C(\C)CO)c3)c(OC)c(=O)c2c1O,-6.00048579680609,0
b2AR-decoy_3125,CCOC(=O)CC(O)CC(O)/C=C/C1=C(c2ccc(F)cc2)c2ccccc2OC12CCCC2,-5.99878199729313,0
b2AR-decoy_1968,CC(C)CNc1cncc(COc2cc(/C=C3\SC(=O)N(C)C3=O)c(Br)cc2O)c1,-5.99845247476908,0
b2AR-decoy_247,C[C@H]1CN([C@H](C)CO)C(=O)c2cc(NS(=O)(=O)c3cccs3)ccc2O[C@@H]1CN(C)S(=O)(=O)c1ccc(F)cc1,-5.99771027848381,0
b2AR-decoy_2616,COC(=O)c1cc2c(F)c(F)c(Sc3ccccc3Br)c(F)c2s1,-5.99724280399538,0
b2AR-decoy_2808,CO[C@H]1C[C@@H]2C[C@H](OC)CC[C@]2(C)[C@H]2CC[C@@]3(C)[C@@H](CC[C@@H]3[C@H](C)CCC(=O)N3CCCC3)[C@H]12,-5.99721795406217,0
b2AR-decoy_2788,CCCCCN(CCCC)c1cc(C)nc2c(c3ccc(Cl)cc3Cl)nn(C)c12,-5.99665319790993,0
b2AR-decoy_1786,COC(=O)C(C)c1ccc(c2ccc(O)c(C(=O)/C=C/c3ccccc3OC)c2)c(F)c1,-5.99636167192438,0
b2AR-decoy_1376,Cc1cc(C)c(C(CC(=O)c2cccs2)C(C#N)C#N)c(C)c1,-5.9951253869816,0
b2AR-decoy_1511,COc1cc(C(=O)c2ccc3c(ccn3C(C)C)c2)cc(OC)c1OC,-5.99477667382622,0
b2AR-decoy_3060,O=C1S/C(=C\c2sc(SCc3ccccc3)nc2Cl)C(=O)N1Cc1ccccc1,-5.99443695377316,0
b2AR-decoy_1612,CCCCN(C(=O)c1ccc(Cl)cc1)c1nnc(c2cccc(F)c2)s1,-5.99386851812044,0
b2AR-decoy_1998,CC(=O)C1=C(C)NC(SCC(N)=O)=C(C#N)C1c1sccc1C,-5.99231775926605,0
b2AR-decoy_1424,Oc1cccc(Br)c1O,-5.99211024804423,0
b2AR-decoy_1751,CC1=CC[C@@H]2[C@@H](C1)c1c(O)cc(CC(=O)OCCCCC#N)cc1OC2(C)C,-5.98896040800041,0
b2AR-decoy_2270,COc1cc2[nH]c3cc(OCc4ccc(OC(F)(F)F)cc4)ccc3c(=O)c2cc1Cl,-5.98789133518225,0
b2AR-decoy_1567,CO[C@H]1/C=C/CC/C=C/C(=O)O[C@@H](/C(C)=C/[C@H](C)C(=O)CCCC2CC(=O)NC(=O)C2)[C@@H](C)[C@@H]1O,-5.98706109930323,0
b2AR-decoy_2976,O=C(SCCc1ccc(CO)cc1)SCc1ccc(Cl)cc1Cl,-5.98383436928796,0
b2AR-decoy_1394,O=C(NO)c1csc(c2cnccn2)n1,-5.98273974042068,0
b2AR-decoy_1497,Nc1nnnn1/N=C/c1cccs1,-5.98208578407464,0
b2AR-decoy_1499,Oc1ncc(Cl)c(O)n1,-5.98188595451185,0
b2AR-decoy_2787,N#Cc1cc(c2ccc(Cl)cc2)c(c2ccc(Cl)cc2Cl)nc1OCc1ccc(F)cc1,-5.97917780489852,0
b2AR-decoy_459,C/C(=N\NC(=S)NC(C)C)c1ccc(C(C)(C)C)cc1,-5.97848528723064,0
b2AR-decoy_24,COc1ccc2[nH]cc(c3nn4cc(c5ccsc5)nc4s3)c2c1,-5.97842807519547,0
b2AR-decoy_2874,Cc1ccc2c(c1)[C@H](C(C)C)CC[C@]21C[C@H](CC(C)C)C2=C(O1)C(C)(C)C(=O)C(C)(C)C2=O,-5.97770507825865,0
ASD03130062,Fc1ccc(Nc2nc(NC3CCNCC3)c3ccccc3n2)cc1Cl,-5.97715455223558,1
b2AR-decoy_2687,O=S(=O)(Nc1cncc(c2ccc(c3ccc4[nH]ccc4c3)s2)c1)c1ccc(F)cc1F,-5.97505040747751,0
b2AR-decoy_391,O=C(NNC(=O)c1sccc1n1cccc1)c1cccc(Cl)c1,-5.97349114905425,0
b2AR-decoy_1310,CCCCCc1ccc2c3c1C(=O)C(=O)C(C)=C3OC=C2C,-5.97237901595825,0
b2AR-decoy_86,Cc1nc2c(Cl)c(NS(=O)(=O)c3cc(Cl)ccc3Cl)ccc2s1,-5.97213682427125,0
b2AR-decoy_932,COc1ccc2nc(N=Nc3ccc(O)c4ccccc34)sc2c1,-5.96927596553105,0
b2AR-decoy_2116,Cc1ccc(Nc2nnc(Sc3ccc(S(N)(=O)=O)cc3)s2)cc1,-5.96685531586433,0
b2AR-decoy_913,CC(C)/C(=N\O)c1ccc(Sc2cc(F)cc(C3CCOCC3)c2)cc1,-5.96670368048823,0
b2AR-decoy_1384,C=CCC(C)(C)c1nnc2ccc(Sc3ccc(F)cc3F)cn12,-5.96566207596877,0
b2AR-decoy_2572,Clc1ccc(CC(Cn2ccnc2)c2ccc(Cl)cc2Cl)c(Cl)c1,-5.96556571109204,0
b2AR-decoy_3017,CC(C)C[C@H](C(N)=O)N(Cc1cc(F)cc(F)c1)S(=O)(=O)c1ccc(Cl)cc1,-5.96138946364357,0
b2AR-decoy_2385,COc1ccc2cc(C(C)C(=O)Nc3ccc(S(N)(=O)=O)cc3)ccc2c1,-5.95915318891782,0
b2AR-decoy_644,N#C/C(=C/c1ccc(O)cc1)c1nc(c2ccc(c3ccccc3)cc2)cs1,-5.95759576887573,0
b2AR-decoy_131,O=C1CCCN1C(c1ccc(Br)cc1)c1c(O)ccc2ccccc12,-5.9557998265716,0
b2AR-decoy_2903,CC(=O)c1ccc(c2cc(c3ccc([N+](=O)[O-])c4cccnc43)c(c3ccc(C(C)=O)cc3)o2)cc1,-5.95510012407734,0
b2AR-decoy_1845,CCOc1ccccc1NC(=O)CSc1ncc(S(=O)(=O)c2ccc(C(C)(C)C)cc2)c(=O)[nH]1,-5.95471298715382,0
b2AR-decoy_2568,N#C/C(=C\c1ccc(C(F)(F)F)cc1)c1ccc(OCc2c(F)cccc2Cl)cc1,-5.9542662784583,0
b2AR-decoy_2083,O=C1CCC/C(=N\NC(=O)c2ccc(CSc3cccc4cccnc34)cc2)C1,-5.95315929232523,0
b2AR-decoy_323,C=C1CCC[C@@H]2[C@]1(C)CC[C@H](C)[C@@]2(C)Cc1cc(O)ccc1OC(C)=O,-5.95297184664952,0
b2AR-decoy_2539,CC(C)Cn1nc(C(C)(C)C)s/c1=N\C(=O)c1cc(C(F)(F)F)ccc1ONC(C)(C)C,-5.95185339705986,0
b2AR-decoy_872,Cc1ccc(C(O)(c2ccc(OC(C)C)cc2)c2cccnc2)c(F)c1,-5.95003578107652,0
b2AR-decoy_929,CCOc1nn(c2ccc(Cl)cc2)c(O)c1/C=N/c1ccc(Cl)cc1,-5.94970932758449,0
b2AR-decoy_2097,C/C(=N\NC(=S)NCCc1c[nH]c2ccccc12)c1ccc(Cl)cc1,-5.94967489586522,0
b2AR-decoy_2503,CCN(c1ccc(C#N)c(Cl)c1)c1cc(c2ccoc2)ccc1C,-5.94918392776725,0
b2AR-decoy_671,CSc1nc2cc(Cl)c(Oc3cccc(Cl)c3Cl)cc2[nH]1,-5.94912625357328,0
b2AR-decoy_1459,C[C@@H]1C[C@@H](O)[C@@H](O)/C=C/C=C\C(=O)O1,-5.94597942709827,0
b2AR-decoy_2891,FC(F)Oc1ccc(c2csc(COc3ccc(C4SCCS4)cc3)n2)cc1,-5.94553962605695,0
b2AR-decoy_2962,C[C@]12CC[C@H]3[C@@H](CC(c4ccccc4)C4=CC(=O)CC[C@@]43C)[C@@H]1CC=C2c1cncc(F)c1,-5.94481945766684,0
b2AR-decoy_1403,Cc1cc(S(N)(=O)=O)c(C)o1,-5.94337824038939,0
b2AR-decoy_18,CCOC(=O)c1nc(c2cc(C(C)(C)C)c(O)c(C(C)(C)C)c2)ns1,-5.94296454818046,0
b2AR-decoy_2617,c1ccc(Cn2c(SCc3ccc4ccccc4c3)nnc2c2ccsc2)cc1,-5.94251876088674,0
b2AR-decoy_2570,C[C@H]1C[C@H]([C@@H](C)[C@H]2CC[C@H]3[C@@H]4CCC5=CC(=O)C=C[C@]5(C)[C@H]4CC[C@@]32C)OC(=O)[C@@H]1C,-5.94145427621176,0
b2AR-decoy_2813,C[C@H]1CC[C@@H]2C(C)(C)[C@H](OS(C)(=O)=O)CC[C@@]2(C)[C@@H]1/C=C/c1ccc(c2cccc(F)c2)cn1,-5.93976046748267,0
b2AR-decoy_2938,COC1(O[C@H]2CC[C@H]3[C@@H]4CC[C@H]5CC(=O)CC[C@]5(C)[C@H]4CC[C@]23C)CCCC1,-5.93719002293646,0
b2AR-decoy_25,CCC1OC(/C=C/C2CC2)(C(F)(F)F)c2cc(Cl)ccc2NC1=O,-5.93698753272147,0
b2AR-decoy_422,CC1CC=C2C(C#N)=C(N)C(C#N)(C#N)C(c3cccs3)C2C1,-5.93689426438377,0
b2AR-decoy_3022,C#CCNC(=O)C1=C[C@H](c2csc3ccccc23)C[C@H](OCc2ccc(CO)cc2)O1,-5.93682702445227,0
b2AR-decoy_3197,CCOC1(O[C@H]2CC[C@H]3[C@@H]4CC[C@H]5CC(=O)CC[C@]5(C)[C@H]4CC[C@]23C)CCCC1,-5.93563543610597,0
b2AR-decoy_2520,CC(=O)Nc1ccc(NC(=O)c2ccc(NS(=O)(=O)c3cc(C(C)(C)C)ccc3C)cc2)cc1,-5.93559566939028,0
b2AR-decoy_2308,Cc1ccc(S(=O)(=O)Nc2ccc(C(=O)Nc3ccccc3O)cc2)cc1C,-5.93415249015244,0
ASD03130030,O=C(Nc1ccccc1-c1ccccc1)OC1CCN(CCCCCCCCCNCC(O)c2ccc(O)c3[nH]c(=O)ccc23)CC1,-5.93324199516625,1
b2AR-decoy_2707,CC(O)(COc1cc(C(C)(C)C)cc(C(C)(C)C)c1)C(=O)Nc1ccc(C#N)c(C(F)(F)F)c1,-5.93321690577303,0
b2AR-decoy_261,CCCCN(CCCC)C(=O)c1cc(C)n(c2ccc(N[S+]([O-])c3cccc4ccn(C)c34)cc2C(=O)N2Cc3ccccc3C[C@H]2CO)n1,-5.93320269686633,0
b2AR-decoy_2438,CC(C)(C)C(=O)O[C@H]1CC[C@@]2(C)C(=CC[C@H]3C4=CC=C(c5cccnc5)[C@@]4(C)CC[C@@H]32)C1,-5.93295138500033,0
b2AR-decoy_425,C/C(=N\NC(=S)Nc1cccc(C)c1)c1cc2ccccc2o1,-5.93277217990623,0
b2AR-decoy_2818,CC(C)=CCc1c(O)c(CC=C(C)C)c2oc(c3ccc(O)cc3O)c(CC=C(C)C)c(=O)c2c1O,-5.93025167023131,0
b2AR-decoy_3081,CC#C[C@]1(O)CC[C@H]2[C@@H]3CCC4=CC(=O)CCC4=C3[C@@H](c3ccc(SC)cc3)C[C@@]21C,-5.92999525221747,0
ASD03130074,Cc1ccc2nc(Nc3cc(Cl)cc(Cl)c3)nc(NC3CCCCC3)c2c1,-5.92902746244083,1
b2AR-decoy_3138,CC(Oc1ccc(F)c(C(N)=O)c1F)c1nc(c2ccc(OC(F)(F)F)cc2)c(Cl)o1,-5.92825446395996,0
b2AR-decoy_2980,COn1c2ccccc2c2cc(COCc3ccc4c(c3)c3ccccc3n4OC)ccc21,-5.9279489717516,0
b2AR-decoy_3024,C#CCCCCn1c(Sc2cc3c(cc2Br)OCO3)nc2c(N)ncnc21,-5.92778216161738,0
b2AR-decoy_2393,O=S1(=O)c2ccccc2Nc2c(CCc3ccc(O)c(O)c3)cccc21,-5.92591331527178,0
b2AR-decoy_1457,CC(=O)NNC(=O)c1ccco1,-5.9243004271577,0
b2AR-decoy_1466,Brc1c[nH]c(c2ncc[nH]2)n1,-5.92395137534315,0
b2AR-decoy_1270,O=[N+]([O-])CCCCCCN1c2ccc(F)cc2Sc2cccnc21,-5.92332949045946,0
b2AR-decoy_778,CC(=O)c1ccc(N/C=C/C(=O)c2ccc(Br)cc2)cc1,-5.92034816939043,0
b2AR-decoy_1371,CCOC(=O)c1sc(SC(C)CC)c2c1CC(C)(C)CC2=O,-5.91850931784283,0
b2AR-decoy_1114,CCCO/C(O)=C1\C(C)=NC2=C(C(=O)CC(C)(C)C2)C1c1ccc(N(C)C)cc1,-5.91757030470512,0
b2AR-decoy_2846,C=C1C(=O)[C@@]23CC[C@H](C(=C)C)[C@@](C)(CCC(=O)OC4CCCCC4)[C@@H]2CC[C@H]1C3,-5.91649009212559,0
ASD03130071,Fc1ccc(Nc2nc(NC3CCNCC3)c3cc(Cl)ccc3n2)cc1F,-5.91558030741756,1
b2AR-decoy_1341,CC(C)c1nnc2ccc(Sc3ccc(Cl)cc3Cl)cn12,-5.91518695961321,0
b2AR-decoy_2029,CC(C)(C)CC(=O)NC(C(=O)NO)c1ccc(c2cc(F)c(F)c(F)c2)cc1,-5.91395779262985,0
b2AR-decoy_1719,CCCc1ccc(C(=O)O[C@H]2CC3C(=C2C)[C@H]2OC(=O)[C@@H](C)[C@@H]2CC[C@@]3(C)O)cc1,-5.91390271810565,0
b2AR-decoy_439,CC1(C)C=Cc2cc(/C=C/C(=O)c3ccc(O)cc3O)ccc2O1,-5.91388242152361,0
b2AR-decoy_175,CCCCC(NC(=O)[C@@H]1[C@@H]2[C@H](CN1C(=O)[C@@H](NC(=O)N[C@@H](CN1C(=O)CC(C)(C)CC1=O)C(C)(C)C)C(C)(C)C)C2(C)C)C(=O)C(=O)NCC,-5.91252876152981,0
b2AR-decoy_2836,CC(C)C(=O)N(N=Nc1cc(C(F)(F)F)ccc1C#N)c1cc(C(F)(F)F)ccc1C#N,-5.91020346226839,0
b2AR-decoy_1737,CCn1c(SCc2nc(c3cccs3)no2)nnc1c1c[nH]c2ccccc21,-5.9084757968118,0
ASD03130043,FC1(F)Oc2ccc(Nc3nc(NC4CCCCC4)c4ccccc4n3)cc2O1,-5.90775473297427,1
b2AR-decoy_1225,CCNC1=CC(=O)C=C(C[C@]2(C)[C@@H](C)CC[C@]3(C)C(C)=CCC[C@H]32)C1=O,-5.906020903621,0
b2AR-decoy_2068,Cc1ccc(NC(=O)CSc2nc(C(F)(F)F)cc(c3ccco3)n2)cc1,-5.90544924401876,0
b2AR-decoy_2742,Cc1nc(NC(C)c2cccc(c3cnn(C)c3)c2)cc(c2ccc(C(C)C)cc2)n1,-5.90493385554802,0
b2AR-decoy_250,CC(C)C[C@H]([NH3+])C(=O)Nc1ccc(C(=O)N[C@@H](Cc2c[nH]c3ccccc23)C(=O)[O-])cc1OCCc1c[nH]c2ccccc12,-5.90444470075826,0
b2AR-decoy_1171,C/C(=N\Nc1nc(c2cc(C)ccc2C)cs1)c1cc2ccccc2oc1=O,-5.90437612638318,0
b2AR-decoy_2378,CC(C(=O)N/N=C1\C(=O)Nc2cccc(c3cccc(F)c3)c21)c1ccc(O)cc1,-5.9037942984711,0
b2AR-decoy_1951,CC1(C)OC2=C(C(=O)/C(=N\NC(=O)c3ccncc3)c3ccccc32)C1Nc1ccccc1,-5.90326527796507,0
b2AR-decoy_1075,CC(=O)c1ccccc1c1cc(c2cn(CC#N)nc2c2cc(C)cc(O)c2)ccn1,-5.90309929187751,0
b2AR-decoy_2081,Cc1nccn1c1ccc(Sc2cccc(C3(/C=N/O)CCOCC3)c2)cc1,-5.90243449674627,0
b2AR-decoy_2630,CCCCCc1ccc(c2cn(CC(=O)N3c4ccccc4Sc4ccc(C(F)(F)F)cc43)nn2)cc1,-5.90204633210376,0
b2AR-decoy_1886,CCCCCCC[C@@H]1CC2C(CCC3(C)C(=O)CCC23)C2(C)C=CC(=O)C=C12,-5.90128001581118,0
b2AR-decoy_1096,CCn1cc(/C=N/Nc2nc(c3cc4ccccc4oc3=O)cs2)c2ccccc21,-5.89991960708976,0
b2AR-decoy_2283,CC(C)CCC[C@@H](C)[C@H]1CC[C@H]2[C@@H]3[C@H](O)/C(=N\O)C4=C[C@@H](O)CC[C@]4(C)[C@H]3CC[C@@]21C,-5.89931358399799,0
b2AR-decoy_3046,C=C1OC(C)=N[C@]12CC[C@H]1[C@@H]3CCC4=CC(=O)CCC4=C3[C@@H](c3ccc(N(C)C)cc3)C[C@@]12C,-5.89885233592457,0
b2AR-decoy_347,CC(=O)O[C@H](C/C(C)=C/CO)[C@]1(C)[C@H]2CCCC(C)(C)C2=CC[C@H]1C,-5.89866892932956,0
b2AR-decoy_2565,Cc1ccsc1c1cncc(C#Cc2cncc(c3sccc3C)c2)c1,-5.89513936026867,0
b2AR-decoy_1390,FC(F)(F)Oc1ccc(CSc2nnc(c3ccccc3)o2)cc1,-5.8949137853495,0
b2AR-decoy_826,CCCC/C=C\C1(c2cc(O)c3c(c2)OC(C)(C)[C@@H]2CCC(=O)C[C@@H]32)CCCC1,-5.89382227798797,0
b2AR-decoy_1221,COc1ccccc1c1cc(c2ccc(OC(F)(F)F)cc2)[nH]n1,-5.89304326343997,0
b2AR-decoy_1325,Cc1ccccc1CSc1nnc(c2ccccc2)o1,-5.89280324657369,0
b2AR-decoy_1754,OCCCCn1c(Cn2c(C(F)(F)F)nc3ccccc32)nc2ccccc21,-5.8916038495915,0
ASD03130052,COCCOc1ccc(Nc2nc(NC3CCCCC3)c3ccccc3n2)cc1,-5.89128085854756,1
b2AR-decoy_1187,C/C(=C\COc1ccc2ccc(=O)oc2c1)C1=CC(=N)C2(CCCCC2)O1,-5.88974252509663,0
b2AR-decoy_1109,NC(=O)c1ccccc1NC(=O)c1ccc(Oc2ccc3ccccc3c2)cc1,-5.88854506805529,0
b2AR-decoy_2300,CC(C)(C)NC(=O)/C=C/c1ccc(O)c2oc(c3ccc(O)c(O)c3)cc12,-5.88806908783425,0
b2AR-decoy_48,CC(C)=C/C=C\[C@H](C)[C@H]1CC[C@]2(C)C[C@H]3[C@H]4C(=CC[C@@H]12)C(=O)O[C@H]4C[C@@]3(C)O,-5.88779719641594,0
b2AR-decoy_2692,C/C(=N\NC(=O)c1ccc(NS(=O)(=O)c2cccs2)cc1)c1ccc2ccccc2c1,-5.88768813294663,0
b2AR-decoy_3149,Cc1onc(c2c(Cl)cccc2Cl)c1N(C)C(=O)OCc1c(F)cccc1Cl,-5.88760596100798,0
b2AR-decoy_412,Cc1ccncc1Oc1sc(C(N)=O)c2c1-c1sncc1CC2,-5.8863494835403,0
b2AR-decoy_2417,Clc1ccc(C(Cc2ccc(Cl)cc2Cl)Cn2ccnc2)cc1,-5.8863395532536,0
b2AR-decoy_1223,CC(C)(C)C(=O)Nc1ncc(SCc2ncc(C(C)(C)C)o2)s1,-5.88542494684158,0
b2AR-decoy_1061,COc1cc(OC)c(/C=C/C(=O)c2ccc(C(F)(F)F)cc2)c(OC)c1,-5.88509309373818,0
b2AR-decoy_992,COc1ccc(c2ccc(C(=O)c3c(F)ccc(O)c3F)s2)cc1,-5.8836082060989,0
b2AR-decoy_2043,COc1cccc(/C=C/C(=O)c2ccc3c(c2O)C=CC(C)(C)O3)c1OC,-5.88309052028597,0
b2AR-decoy_336,CC(C)CCC[C@@H](C)[C@H]1CC[C@H]2C3=CC[C@@H]4C(=O)NC(=O)[C@@H]4[C@@H]3CC[C@@]21C,-5.88274350043469,0
b2AR-decoy_2894,Clc1ccc(Cn2cc(CSc3nnc(c4ccccc4)c(c4ccccc4)n3)nn2)cc1,-5.88261120298171,0
b2AR-decoy_1063,CC(=O)C[C@@H](CC(=O)Oc1ccc(C#N)cc1)c1ccccc1,-5.88241102384655,0
b2AR-decoy_878,CCCc1cc(c2c(O)c(C)c(C)c3c2CCC(C)(C)O3)no1,-5.88227217992054,0
b2AR-decoy_678,COc1ccc2cc(C(=O)/C=C/c3ccc4[nH]ccc4c3)ccc2c1,-5.88185516011113,0
b2AR-decoy_187,O=C(/C=C/c1cc(O)c(O)c(O)c1)NCCCCCCCC[P+](c1ccccc1)(c1ccccc1)c1ccccc1,-5.88123540810821,0
b2AR-decoy_2108,Cc1cc2c(c(c3cnn(CC(CO)CO)c3)c1)-c1ccccc1C2(O)C(F)(F)F,-5.8811370638565,0
b2AR-decoy_3015,C/C1=C/[C@@H](C)CC/C=C/CC/C=C/C(=O)O[C@@H]1[C@H](C)C(=O)C[C@H](O)CC1CC(=O)NC(=O)C1,-5.8804273837047,0
b2AR-decoy_846,Cc1nc(c2cc(c3c(C)cccc3C)ccc2OCc2ccccc2)[nH]c1C,-5.88028860114629,0
b2AR-decoy_1902,CC1(C)CCC[C@@]2(C)[C@H]1CC=C1[C@@H]2CC[C@]2(C)[C@@H](C=O)C(C=O)=CC[C@@H]12,-5.87986500970325,0
b2AR-decoy_885,O=C(/C=C/c1cncc(Br)c1)c1ccc2ccccc2c1O,-5.8788106648392,0
b2AR-decoy_3068,Cc1ccc(SC2=C(Cl)C(=O)C(Sc3ccc(C)cc3)=C(Cl)C2=O)cc1,-5.87792285607508,0
b2AR-decoy_708,[C-]#[N+]c1ccc(COc2c(C3CCC3)ccc(c3cnc4c(c3)OCCN4)c2F)cc1,-5.87772998240016,0
b2AR-decoy_1756,COc1cc(/C=N\Nc2nc(c3ccc(C)cc3)c(NC(C)=O)s2)ccc1O,-5.87734753488562,0
b2AR-decoy_1975,CCCc1ccc(S(=O)(=O)Nc2ccc(F)c(C(=O)c3c[nH]c4ncncc34)c2F)cc1,-5.87715448232926,0
b2AR-decoy_752,CC(=O)NCCC1=C(CC2CCCCC2)Cc2ccc3c(c21)CCO3,-5.87684963930567,0
b2AR-decoy_2030,C[C@]1(c2ccc(c3cc(F)c4[nH]nc(C5CC5)c4c3)[nH]c2=O)CCCNC1=O,-5.87631163627463,0
b2AR-decoy_351,CCSc1nnc(c2cc(C(C)(C)C)c(O)c(C(C)(C)C)c2)o1,-5.87489285216443,0
b2AR-decoy_2909,Clc1ccccc1c1nnc(SCc2nc(c3ccccc3)no2)n1c1ccccc1,-5.87362663266488,0
b2AR-decoy_1815,COc1ccc2c(Oc3ccc(CC(=O)Nc4ncc(C)s4)c(OC)c3)ccnc2c1,-5.8733164387152,0
b2AR-decoy_16,Cc1ccccc1C(=O)Nc1nnc(c2ccc(C(C)(C)C)cc2)s1,-5.87242121844853,0
b2AR-decoy_2159,CSc1nsc(Sc2nc3c(Cl)c(Cl)cc(Cl)c3[nH]2)n1,-5.87237770655968,0
b2AR-decoy_1944,Cc1csc([C@](C)(O)c2nnc(Nc3ccn(Cc4c(F)cccc4F)n3)s2)n1,-5.87129740735605,0
b2AR-decoy_1547,CC(C)(C)n1ncc(OCc2ccc(CCCCF)cc2)c(Cl)c1=O,-5.87104012879126,0
b2AR-decoy_1740,Cc1cc(/C=C(\C#N)C(=O)NCc2cccs2)c(C)n1c1ccc([N+](=O)[O-])cc1,-5.87102911175669,0
b2AR-decoy_779,CCSc1sc(c2cc[nH]n2)c2c1C(=O)CC(C)(C)C2,-5.87054474630333,0
b2AR-decoy_3088,Cn1cncc1C(OCc1ccc(C#N)cc1)c1ccc(C#N)c(c2cccc(Cl)c2Cl)c1,-5.87014376415825,0
b2AR-decoy_3119,CCN(C)c1cc(O)c(Cn2nc(c3ccc(C(F)(F)F)cc3)oc2=O)cc1Cl,-5.86978962725263,0
b2AR-decoy_1069,Cc1ccc(c2cc(C(=O)NC(C)c3cnccn3)cc(c3cncs3)c2)cc1,-5.86974836457758,0
b2AR-decoy_1686,CCOC=C1SC(=S)N(c2ccccc2OC)C1=O,-5.86906897431213,0
b2AR-decoy_1019,COc1cc(OC)c(/C=C/C(=O)c2ccc(F)cc2)c(OC)c1,-5.86832980559545,0
b2AR-decoy_562,COc1cc([C@@H]2c3cc(O)c(OC)cc3C[C@@H](C)[C@H]2C)ccc1O,-5.8657844195289,0
b2AR-decoy_2092,CC(C)Oc1c(Br)cc(Br)cc1/C=N/NC(N)=S,-5.86451210644527,0
b2AR-decoy_2360,NS(=O)(=O)c1ccc(n2nc(C(F)(F)F)cc2c2ccc(CO)cc2)cc1,-5.85799194683735,0
b2AR-decoy_1809,CCOP(=O)(OCC)C(NC(=O)c1ccc(C)cc1)C(Cl)(Cl)Cl,-5.85692601318721,0
b2AR-decoy_1974,Cc1cc(NS(=O)(=O)c2cccs2)c2oc(COC(=O)NCc3ccccc3)cc2c1,-5.85613768831018,0
b2AR-decoy_2313,NS(=O)(=O)c1ccc(c2ccc(/C=C3\C(=O)Nc4ccccc43)o2)cc1,-5.85461383319595,0
b2AR-decoy_1946,Cc1nc(c2cccc(NC(=O)c3ccc4nc5n(c4c3)CCCNC5=O)c2)cs1,-5.85170064816848,0
b2AR-decoy_1205,O=C(/C=C/c1cccc(OC(F)(F)F)c1)Nc1ccc2c(c1)CCC2,-5.85141903368107,0
b2AR-decoy_2934,O=C1[C@H](Cc2ccccc2)N=C(c2ccccc2)c2ccccc2N1Cc1cccc(c2ccccc2)c1,-5.85140267978779,0
b2AR-decoy_2840,O=C1/C(=C\c2ccc(Cl)cc2)SC2(CCCCC2)N1c1ccc(Br)cc1,-5.85132755778614,0
b2AR-decoy_2767,C[C@](O)(c1ccc(S(=O)(=O)c2ccc(c3ccc(C#N)cc3)cc2C2CC2)cc1)C(F)(F)F,-5.85065083104797,0
ASD03130046,O=[N+]([O-])c1cccc(Nc2nc(NC3CCCCC3)c3ccccc3n2)c1,-5.84862232367194,1
b2AR-decoy_1676,CCOc1cc(C)c(S(=O)(=O)N2CCCCC2)cc1C,-5.84803800570563,0
b2AR-decoy_1693,CC(C)(C1=N[C@@H](C(C)(C)C)CO1)C1=N[C@@H](C(C)(C)C)CO1,-5.84597574476053,0
b2AR-decoy_1747,O=C(/C=C/c1ccc(O)cc1)c1ccc(OS(=O)(=O)c2cccc(F)c2)cc1,-5.84435042972518,0
b2AR-decoy_794,Cc1ccc(C(=O)N/N=C/C2=C(Cl)c3ccccc3CCC2)cc1,-5.84415515505794,0
b2AR-decoy_2625,CCS(=O)(=O)c1cccc(Oc2ccc(Cl)c(n3c(C)nc4c(Cl)cccc43)c2)c1,-5.84321283709296,0
b2AR-decoy_946,O=C(Nc1ccccc1Cl)Oc1ccc(c2ccccc2)cc1,-5.84210400093033,0
b2AR-decoy_1163,N#C/C(=C/c1ccc(N2CCCCC2)o1)C(=O)Nc1ccc2ccccc2c1,-5.84152388663722,0
b2AR-decoy_417,CC(=O)CC[C@H]1C[C@]2(C)[C@@H](O)CC[C@H]2[C@@H]2CCc3cc(O)ccc3[C@@H]12,-5.84031514481894,0
b2AR-decoy_1246,Cc1cc(Oc2ccc([N+](=O)[O-])cc2C#N)ccc1Br,-5.83812268947061,0
b2AR-decoy_3083,Cc1nc2cnccc2n1c1ccc(OCc2cccc(/C=C/c3ccc4ccccc4n3)c2)cc1,-5.83799498627144,0
b2AR-decoy_1829,CCn1c(CNC(=O)c2ccco2)nnc1SCC(=O)Nc1ccc(Br)cc1F,-5.83637056574435,0
b2AR-decoy_1489,OB(O)c1cc(Cl)ncc1Cl,-5.83554981693984,0
b2AR-decoy_717,CC(C)=CCc1cc(C2CC(=O)c3c(O)cc(O)cc3O2)cc(CC=C(C)C)c1O,-5.83505238885706,0
b2AR-decoy_2915,CC1=C(C(=O)Nc2ccccc2C)C(/C=C/c2ccccc2)C(C(=O)Nc2ccccc2C)=C(C)N1,-5.8332225955787,0
b2AR-decoy_56,Cc1cc(C)c(/C=C/[C@@H]2C[C@@H](O)CC(=O)O2)c(c2ccc(Cl)c(Cl)c2)c1,-5.83274252483608,0
b2AR-decoy_2603,CC1=CC[C@H]2C(C)(C)C(=O)CC[C@]2(C)[C@H]1CC[C@H]1C(C)=CC[C@H]2C(C)(C)C(=O)CC[C@]12C,-5.83106068588883,0
b2AR-decoy_813,CCC(C)C(=O)c1c2c(c3oc(=O)cc(c4ccccc4)c3c1O)C=CC(C)(C)O2,-5.83099205756288,0
b2AR-decoy_2521,N#Cc1c(N)nc(SCc2csc(c3cccc(F)c3)n2)c(C#N)c1c1ccc(O)cc1,-5.83069021741603,0
b2AR-decoy_225,CN(C)S(=O)(=O)NC(=O)C1=C(c2ccc(OC(F)F)cc2)C[C@](c2ccc(OCCCCCC(F)(F)F)cc2)(C(F)(F)F)NC1=O,-5.83012425280881,0
b2AR-decoy_157,CCC(=O)CCCCC[C@@H]1NC(=O)[C@H]2CCCCN2C(=O)[C@H]([C@@H](C)CC)NC(=O)[C@H](CC2CN(OC)c3ccc(Br)cc32)NC1=O,-5.82932206652709,0
b2AR-decoy_2455,Cc1cc(OCc2ccccc2)c2c(c1)C(=O)c1cccc(OCc3ccccc3)c1C2=O,-5.82903609243569,0
b2AR-decoy_2975,COc1ccc(c2csc(C3=C(C)[C@@H]4CC[C@@H](C)[C@@H]5CC[C@@]6(C)OO[C@@]45[C@H](O3)O6)n2)cc1,-5.82757805682959,0
b2AR-decoy_267,O=C(/C=C/c1cccc([N+](=O)[O-])c1)Nc1ccc(N2CC[NH+](CC(O)(Cn3cncn3)c3ccc(F)cc3F)CC2)c(C(F)(F)F)c1,-5.8273497087954,0
b2AR-decoy_2267,CC(C)=CCc1c([C@H]2CCc3ccc(O)cc3O2)cc(O)c(O)c1CC=C(C)C,-5.82649724937924,0
b2AR-decoy_1814,COC(=O)C1=CNC(CC(CC=O)c2ccc(F)cc2)=CC1c1ccc(N(C)C)cc1Cl,-5.8246922384788,0
b2AR-decoy_1787,Cc1nc([C@](C)(CC(C)(C)C)NC(=O)c2cc(OCC(F)(F)F)c(C3CC3)cn2)no1,-5.82339324205413,0
b2AR-decoy_2448,Cc1cnc(Sc2nc3cc(Cl)c(Cl)cc3nc2C(F)(F)F)s1,-5.82272931090291,0
b2AR-decoy_1633,CCOC(c1ccc(Cl)cc1Cl)C(OC(C)(C)C)n1cnc(C)c1,-5.82272192428599,0
b2AR-decoy_1475,N#CC(C(N)=O)=C1CCCCC1,-5.82084888027843,0
b2AR-decoy_2236,CC(C)CCC[C@@H](C)[C@H]1CC[C@H]2[C@H]3[C@H](CC[C@@]21C)[C@@]1(C)CC[C@H](O)C[C@@H]1[C@@H](O)[C@@H]3O,-5.82011380228607,0
b2AR-decoy_455,O=[N+]([O-])c1ccc2ccc3c4c(cc5ccc1c2c53)C(O)C(O)C=C4,-5.81988855676745,0
b2AR-decoy_2704,CC(C)C[C@@H](c1c(O)c(C=O)c(O)c(C=O)c1O)[C@@]1(C)CC[C@H]2C1=C[C@H](C(C)(C)O)CC[C@H]2C,-5.8190416968605,0
b2AR-decoy_1490,C/C=C/[C@H]1C[C@H](O)[C@H](O)C1,-5.81817239906865,0
b2AR-decoy_3080,Cn1cncc1C(OCc1ccc(C#N)cc1)c1ccc(C#N)c(c2cc3ccccc3s2)c1,-5.81653680099277,0
b2AR-decoy_2675,O=C(CNC(=O)c1ccccc1/N=C/c1ccc(Cl)cc1)N/N=C\c1ccc(Cl)cc1,-5.81396327919233,0
b2AR-decoy_2833,CCCc1ccc2c(c1)COP(=S)(Oc1cc(C)ccc1C(C)C)O2,-5.80816462228338,0
b2AR-decoy_544,CCOC(=O)c1sc2cc(c3ccc(F)cc3)oc(=O)c2c1N,-5.80799292220097,0
b2AR-decoy_77,CCCCC1Oc2ccc(OC)cc2-c2ccc3c(c21)C(C)=CC(C)(C)N3,-5.80728911452825,0
b2AR-decoy_1263,CCc1ccccc1N(CC)C(=O)CCc1nc(c2ccc(C)cc2)no1,-5.80626021755499,0
b2AR-decoy_1710,O=S(=O)(c1cccc(Cl)c1Cl)n1ccc2ncccc21,-5.80108575558483,0
b2AR-decoy_1386,N#C/C(=C\c1ccc(Cl)cc1)c1nc(c2ccco2)cs1,-5.80037487026916,0
b2AR-decoy_2610,CC1=C(/C=C/C(C)=C/C=C/C(C)=C/C(=O)n2ccnc2)C(C)(C)CCC1n1ccnc1,-5.80011774058858,0
b2AR-decoy_1734,COc1ccc(C(C)(C)C)cc1NC(=O)COc1ccc(c2nnco2)cc1,-5.79869500833187,0
b2AR-decoy_426,CCc1ccc(/C(=N/O)c2ccc(Cl)cc2)c(O)c1,-5.7933894031212,0
b2AR-decoy_2423,COC1(O[C@H]2CC[C@H]3[C@@H]4CC[C@H]5C[C@@H]6S[C@@H]6C[C@]5(C)[C@H]4CC[C@]23C)CCCC1,-5.79157297702923,0
b2AR-decoy_124,N#Cc1cnc2sc(c3ccccc3)cc2c1Oc1ccc2[nH]ccc2c1,-5.78962238359263,0
b2AR-decoy_1572,N#Cc1cc(c2ccnc(Nc3cnn(C[C@H]4C[C@@H]4CO)c3)c2)ccc1OC1CCOCC1,-5.78879700464081,0
b2AR-decoy_2101,C[C@]12CC[C@@H]3c4ccc(O)cc4CC[C@H]3[C@@H]1CC(C(=O)NCc1ccncc1)[C@@H]2O,-5.78808016699603,0
b2AR-decoy_1308,Oc1ccccc1/N=C/c1ccc(/C=N/c2ccccc2O)cc1,-5.78700327122102,0
b2AR-decoy_2001,C=CCNc1sc(C(=O)c2ccc(Br)s2)c(N)c1C#N,-5.78605893478301,0
b2AR-decoy_2256,O=C1/C(=N\c2ccc(/N=C/c3ccccc3O)cc2)c2ccccc2N1Cc1ccccc1,-5.7853631819291,0
b2AR-decoy_3008,C[C@H](CO)CCC[C@@H](C)[C@H]1CC(=O)C2=C3C[C@H](O)[C@H]4[C@@H](O)[C@@H](O)CC[C@]4(C)[C@H]3CC[C@@]21C,-5.7841654666407,0
b2AR-decoy_150,CCc1ccncc1C1=CC=C2[C@@H]3CCC4CC(=O)CC[C@]4(C)[C@H]3CC[C@]12C,-5.78136036092148,0
b2AR-decoy_3090,Cc1cccc(c2ccc(/C=C/[C@@H]3[C@@H]4[C@@H](C)OC(=O)[C@@H]4C[C@@H]4CCCC[C@H]43)nc2)c1,-5.7813486319738,0
b2AR-decoy_868,CC(C)=CCc1c(O)ccc2cc(c3cc(O)cc(O)c3)oc12,-5.77896670434452,0
b2AR-decoy_577,Cc1ccc2c(c1)CC(C(=O)Nc1ccc(c3cn[nH]c3)cc1)CO2,-5.77822578894718,0
b2AR-decoy_1813,CCOC(=O)c1oc2cc(c3ccc(OCCc4ccccc4)cc3)cc(O)c2c1C,-5.77718416933017,0
b2AR-decoy_1190,COc1cc2oc(c3ccc(O)cc3)cc(=O)c2cc1CC=C(C)C,-5.77698975399469,0
b2AR-decoy_1279,CC(C)c1nnc2ccc(c3ocnc3c3ccc(Cl)cc3)cn12,-5.77663922455909,0
b2AR-decoy_1172,C/C(=N\O)c1ccc(OCc2cc(C(F)(F)F)cc(C(F)(F)F)c2)cc1,-5.77520978366032,0
b2AR-decoy_1382,S=C(N/N=C/c1ccccc1c1cccs1)Nc1ccccc1,-5.77433944496148,0
b2AR-decoy_1434,CSC1=CC(=O)C(N)=C(Cl)C1=O,-5.77409779239916,0
b2AR-decoy_1570,CCc1ncnc(NC(C)c2ccc(NC(=O)N(C)CCCN(C)C(C)=O)cc2)c1Cl,-5.77349802082538,0
b2AR-decoy_1349,O=C(Oc1ccc(c2cc(=S)ss2)cc1)c1cccnc1,-5.77233551192457,0
b2AR-decoy_46,CC[C@H](C1=CC(=O)OC1)[C@@]1(C)CCC2C(CC[C@@H]3C[C@@H](O)CC[C@]23C)C1,-5.7709461096148,0
b2AR-decoy_2857,O=c1cc(N2CCCCC2)oc2c1cccc2c1cc(c2ccsc2)cs1,-5.77078996963331,0
b2AR-decoy_318,COc1ccc(C(=O)c2c(c3ccc(OC)cc3)oc3cccc(O)c23)cc1,-5.76995214958623,0
b2AR-decoy_689,C/C=C1\CC[C@H]2[C@@H]3CCc4cc(NC=O)c(OC)cc4[C@H]3CC[C@]12C,-5.76921815490304,0
b2AR-decoy_2516,Cc1nc(c2ccc(Cl)cc2)sc1C(=O)CSc1nc(c2ccccc2)c(C#N)c(=O)[nH]1,-5.76900466452621,0
b2AR-decoy_728,C=C(C)[C@@H]1C/C=C(\COC(C)=O)CC[C@@H](O)[C@](C)(Cl)CC/C=C(\C)CC1,-5.76784519354159,0
b2AR-decoy_2365,COc1cc(c2cc(=O)c3c(O)cc(O)c(CC=C(C)C)c3o2)ccc1O,-5.76778923608022,0
b2AR-decoy_1083,COc1c(C(C)=O)c(O)c(OCc2ccc(C(F)(F)F)cc2)c2occc12,-5.76729503512211,0
b2AR-decoy_1502,CO/N=C(/c1ccc(F)cc1)c1ccccc1COc1ccc(C(F)(F)F)cn1,-5.76718266839403,0
b2AR-decoy_2500,Cc1ccc(OC2=C(Sc3ccccc3)C(=O)c3ccccc3C2=O)cc1,-5.76701498435513,0
b2AR-decoy_854,Cc1cccc(c2nnc(SCC(=O)Nc3ccc(C)c(C)c3)o2)c1,-5.7667403833917,0
b2AR-decoy_791,Clc1cc2nc(SCc3ccncc3)[nH]c2cc1Cl,-5.76672438685817,0
b2AR-decoy_99,Cc1ccc(c2cc(C(=O)NC(C)c3cnccn3)cc(c3scnc3C)c2)cc1,-5.76573202191551,0
b2AR-decoy_2151,Cc1cc(C#N)cc(C)c1Oc1ccc(N)c(Nc2ccc(C#N)cc2)c1,-5.76417899390933,0
b2AR-decoy_1057,COc1ccc(/C=C\c2cc(OC)c(OC)c(OC)c2)s1,-5.76285215400017,0
b2AR-decoy_1828,CC(C)C[C@H](CO)Nc1nc(SCc2ccc(Br)cc2F)nc2nc(N)sc12,-5.76072549976955,0
b2AR-decoy_1293,Oc1ccc(Cc2cocc2Cc2ccc(O)cc2)cc1,-5.75995314599569,0
b2AR-decoy_429,CCn1c2cc(O)ccc2c2ccc3ccc(O)cc3c21,-5.75811778812934,0
b2AR-decoy_2850,Cc1ccc(N2CCN(c3ccc(C(=O)/C=C/c4ccc(Cl)cc4)cc3)CC2)c(C)c1,-5.7571870781205,0
b2AR-decoy_692,O=C(NC(=O)c1c(Cl)cccc1Cl)OCc1ccc(c2ccccc2F)o1,-5.75708098545959,0
b2AR-decoy_2633,FC(F)(F)Cn1cc(c2ccncc2)c(c2ccc(OCc3ccc4ccccc4n3)cc2)n1,-5.75695932224731,0
b2AR-decoy_2930,C#C[C@@H](OC(=O)[C@@H]1[C@H](C=C(Br)Br)C1(C)C)c1cccc(Oc2ccccc2)c1,-5.75610056350369,0
b2AR-decoy_497,CCOC(=O)c1c(N)scc1c1ccsc1,-5.75556436794087,0
b2AR-decoy_2201,Cc1[nH]c(C)c(c2ccc(Oc3ccc(C(F)(F)F)cc3)cc2)c(=O)c1Br,-5.75433646563213,0
b2AR-decoy_482,Nc1ccc(Oc2ccc([N+](=O)[O-])cc2Cl)cc1,-5.75353588660599,0
b2AR-decoy_2939,CCc1ccncc1C1=CC=C2[C@@H]3CCC4C[C@@H](O)CC[C@]4(C)[C@H]3CC[C@]12C,-5.7532224024368,0
b2AR-decoy_1761,CCOc1ccc(c2csc(/C(C#N)=C\c3ccc(O)c([N+](=O)[O-])c3)n2)cc1,-5.75297563951279,0
b2AR-decoy_314,COC(=O)C[C@]1(C)CCC[C@]2(C)c3cc(O)c(C(C)C)cc3CC[C@@H]12,-5.7505512685888,0
ASD03130053,c1ccc2c(NC3CCCCC3)nc(Nc3ccc(OCCCN4CCOCC4)cc3)nc2c1,-5.74934783983696,1
b2AR-decoy_2964,CCOc1ccc(c2cc(OC(=O)c3ccc(OC)cc3)c3c(C)oc(C)c3c(=O)c2)cc1,-5.74925309479687,0
b2AR-decoy_2130,O=C(/C=C/c1ccccc1S(=O)(=O)Nc1ccc2ccccc2c1)NO,-5.74924058948674,0
b2AR-decoy_2384,NC(=O)c1cc(Br)ccc1NC(=O)/C=C/c1ccc(Cl)cc1,-5.74817410183666,0
b2AR-decoy_2253,O=c1c(Cc2ccc(c3ccc(O)c(O)c3)cc2)c(c2ccc(O)cc2)oc2ccccc12,-5.74740253865568,0
b2AR-decoy_1284,COc1cc2c(cc1OC)-c1c(oc3c4c(ccc3c1=O)OC(C(C)C)C4)CO2,-5.7464783351457,0
b2AR-decoy_465,Cc1cc(c2ccc(C(=O)c3ccc(F)c(O)c3)cc2)ccc1O,-5.74633492683043,0
b2AR-decoy_478,O=C1/C(=C/c2cccc(O)c2)Cc2ccc(O)cc21,-5.74626548411751,0
b2AR-decoy_1626,CC(C)CCCN1CC(C)(C)C(Oc2ccc(C#N)c(C(F)(F)F)c2)C1=O,-5.74242682805018,0
b2AR-decoy_2129,Cc1csc(c2cnc(N)c(/N=C/c3ccnc(NC(=O)C4CC4)c3)c2)c1,-5.74165198583811,0
b2AR-decoy_1407,CC1(C)C(C(N)=O)C1(Cl)Cl,-5.74144170411104,0
b2AR-decoy_1762,CC[C@@H](C)C(=O)O[C@H]1C[C@@H](C)C=C2C=C[C@H](C)[C@H](CC[C@@H]3C[C@@H](O)CC(=O)O3)[C@H]21,-5.73879398611576,0
b2AR-decoy_697,Cc1[nH]c(C)c(c2ccc(Oc3ccc(Cl)cc3)cc2)c(=O)c1Br,-5.73681994798572,0
b2AR-decoy_280,C=C1C(=O)[C@@]23[C@@H](CC[C@@H]1[C@H]2OC(=O)CCC(=O)OCCOc1ccc(c2cc(=S)ss2)cc1)[C@@]12CO[C@@]3(O)[C@@H](O)[C@@H]1C(C)(C)CC[C@@H]2OC(C)=O,-5.73391460471836,0
b2AR-decoy_1924,CSCSC1=C2CCC3C4CCC(=O)[C@@]4(C)CCC3[C@@]2(C)CCC1=O,-5.73332699633839,0
b2AR-decoy_3105,Cn1cc(CCCNC(=O)CCc2c[nH]c3ccc(Cl)cc23)c2cc(OC(F)(F)F)ccc21,-5.73287498983377,0
b2AR-decoy_1721,C/C=C1\[C@H]2C=C(C)C[C@]1(/N=C/c1ccc(OC)cc1OC)c1ccc(=O)[nH]c1C2,-5.73229465512318,0
b2AR-decoy_704,COc1c(Cl)cc(c2ccc(C(=O)c3cccc(O)c3)s2)cc1Cl,-5.72927053177898,0
b2AR-decoy_2078,CC1=NC(C)=C(C(=O)OCCSc2ccccc2)C(C)/C1=C(\O)OC(C)C,-5.72857427134684,0
ASD03130049,CN(c1ccccc1)c1nc(NC2CCCCC2)c2ccccc2n1,-5.72841064016188,1
b2AR-decoy_2528,COc1ccc(c2nc3sc(C)nn3c2/C=N/Nc2nc(c3ccc(C)cc3)cs2)cc1,-5.72701544115556,0
b2AR-decoy_3101,CCCCC(=O)c1c(O)cc(O)c2c1OC1=C(C(=O)C(C)(C)C(=O)C1(C)C)C2CC(C)C,-5.72380101779373,0
b2AR-decoy_2056,Cc1cc(C(=O)CSc2nc(O)c(C#N)c(c3cccs3)n2)ccc1Cl,-5.72368551234671,0
b2AR-decoy_1471,C[C@@H]1C[C@H](O)/C=C\[C@@H](O)/C=C\C(=O)O1,-5.723283853673,0
b2AR-decoy_59,N#C/C(=C\c1cccnc1)c1c[nH]c2ccc(OCc3ccccc3)cc12,-5.72306230279343,0
b2AR-decoy_264,C[C@@H]1CCCCO[C@@H](CN(C)S(=O)(=O)c2ccc(F)cc2)[C@H](C)CN([C@H](C)CO)C(=O)c2cc(NS(=O)(=O)c3ccc(Cl)cc3)ccc2O1,-5.72228525350512,0
b2AR-decoy_1422,CC1(C)C(O)OC(O)C1(C)C,-5.72193835120695,0
b2AR-decoy_845,COc1c(C)cc(c2ccc(/C=C(\C#N)c3nc4ccccc4[nH]3)o2)cc1C,-5.71972307412079,0
b2AR-decoy_2999,COc1ccc(C(C(=O)Nc2ccc3c(c2)CCC3(C)C)N(C)C(=O)c2ccc(=O)[nH]c2)cc1,-5.71965357565432,0
b2AR-decoy_972,COc1cc(/C=N/c2cc(C)c(O)cc2C(C)C)cc(OC)c1OC,-5.71806920205053,0
b2AR-decoy_2163,Cc1ccc(C)c(NC(=O)CCc2nc(c3ccc(C(C)(C)C)cc3)no2)c1,-5.71664136930146,0
b2AR-decoy_1692,CC(=C/c1ccco1)/C=N/N1CCN(c2ccccc2)CC1,-5.71301841187479,0
b2AR-decoy_2922,CCOC(=O)c1ccc(N2C(=O)c3[nH]nc(c4cccs4)c3C2c2ccc(C(C)C)cc2)cc1,-5.71261018545595,0
b2AR-decoy_1253,CC1=CSC(OCC(C)C)(c2ccc(Br)cc2)c2noc(=O)n21,-5.71134406026677,0
b2AR-decoy_436,CCSC1=C(c2ccc(O)cc2)C(=O)c2cc(O)ccc21,-5.70976325081512,0
b2AR-decoy_2674,Cc1cc(F)ccc1Oc1cc(C(F)(F)C(F)(F)F)ccc1C(=O)Nc1cc[nH]c(=O)c1,-5.70942751965219,0
b2AR-decoy_122,Cc1ccc(Sc2ncccc2NC(=O)c2ccccc2Cl)cc1,-5.70897566822702,0
b2AR-decoy_3186,Clc1ccc(C(COCc2ccc(c3ccccc3)cc2)Cn2cncn2)c(Cl)c1,-5.70874797848281,0
b2AR-decoy_2020,NC(=S)N/N=C(\COc1ccc(F)cc1)c1ccc(Br)cc1,-5.70809415145446,0
b2AR-decoy_928,Cc1ccc(C(C)C)cc1OC(=O)Nc1ccc(C(F)(F)F)cc1,-5.70672576284606,0
b2AR-decoy_498,Cc1cc(C)c(C(=O)/C=C/c2ccc(O)c(O)c2)c(C)c1,-5.70534271883646,0
b2AR-decoy_2327,C[C@H]1CCc2cc(c3ncccc3CO)ccc2N1C(=O)c1ccc(O)cc1O,-5.70424167251643,0
b2AR-decoy_257,COc1ccc(S(=O)(=O)N(C)C[C@H]2Oc3ccc(NS(=O)(=O)c4ccc(F)cc4)cc3CC(=O)N([C@H](C)CO)C[C@H]2C)cc1,-5.70368342209118,0
b2AR-decoy_2018,O=C1Nc2ccccc2/C1=C1/Nc2ccccc2/C1=N\OCCCCO,-5.70113947482269,0
b2AR-decoy_1072,Cc1ccc(Cn2ccc(NC(=O)c3c(C)onc3c3ccccc3Cl)n2)cc1,-5.70077312542952,0
b2AR-decoy_2073,CC(C)c1ccc(NC(=O)CCn2c(=O)c3cccn3c3ccccc32)cc1,-5.69956837178497,0
b2AR-decoy_3014,CCC(C)(C)C(=O)O[C@H]1CC(C)=CC2=CC(O)[C@H](C)[C@H](CC[C@@H]3C[C@@H](O)CC(=O)O3)[C@H]21,-5.69666827946762,0
b2AR-decoy_2798,Cc1ccccc1c1cc(C(OCc2ccc(Br)cc2)c2cncn2C)ccc1C#N,-5.6964340196185,0
b2AR-decoy_3110,C[C@H](NC(=O)CNc1cc(C(F)(F)F)c2c(c3ccccc3)nn(C)c2n1)c1ccccc1,-5.69442458093666,0
b2AR-decoy_3104,CN(C)c1ccc(/C=C/C(=O)c2cc(C(=O)/C=C/c3ccc(N(C)C)cc3)c(O)cc2O)cc1,-5.69194826392082,0
b2AR-decoy_1583,Nc1cnc(c2ccc(c3ccccc3S(=O)(=O)N[C@H](CO)Cc3ccccc3)cc2F)cn1,-5.69087508303534,0
b2AR-decoy_1616,C=C1C(=O)O[C@@H]2C[C@]3(C)C(CCC(C)OC(=O)c4ccc(OC)cc4)[C@@H]3C[C@H]12,-5.69086762349486,0
b2AR-decoy_1971,COc1ccc(/C=C(\NC(=O)c2ccccc2)C(=O)N/N=C/c2sccc2C)cc1,-5.69070520985644,0
b2AR-decoy_1837,CCN(CC(=O)NCc1cccs1)C(=O)c1cccc(S(=O)(=O)Nc2ccc(OC)cc2)c1,-5.68953474806284,0
b2AR-decoy_2493,Cc1cc(Cl)ccc1Oc1coc(/C=C/c2ccccc2)cc1=O,-5.6883574470101,0
b2AR-decoy_1774,COc1ccc(CCNC(=O)c2ccc3c(c2)N(Cc2ccccc2)CCS3)c(OC)c1,-5.68772616724108,0
b2AR-decoy_2559,CCc1nnc(c2cc(C(=O)N3CCC(F)(c4ccc(C#N)cc4)CC3)ccc2C2CCC2)[nH]1,-5.68710319521181,0
b2AR-decoy_1060,CCCCCC(=O)c1cccc(OCc2cccc(C#N)c2)c1,-5.68685758428964,0
b2AR-decoy_2762,FC(F)(F)c1ccccc1c1cc(C(F)(F)F)c2[nH]c(C3=NOC4(CCOCC4)C3)nc2c1,-5.68665002196086,0
b2AR-decoy_2577,COC(=O)c1c(SC)cc(c2ccc(F)cc2)cc1c1ccc(F)cc1,-5.68577880773026,0
b2AR-decoy_2293,CC(=O)/C=C/c1ccc(C2CC(C)=Nc3c(ccc4c3C(=O)c3ccccc3C4=O)N2)cc1,-5.68507737291747,0
b2AR-decoy_1592,COc1ccc2c(c1)c(CC(=O)N[C@H](CO)CC(C)C)c(C)n2C(=O)c1ccc(Cl)cc1,-5.68482083909688,0
b2AR-decoy_1766,CCc1c(Sc2cc(C)cc(C)c2)n(C/C=C/c2ccco2)c(=O)[nH]c1=O,-5.68311659034815,0
b2AR-decoy_2879,Cn1cccc1/C=C/c1cc(Br)c(/C=C/c2cccn2C)cc1Br,-5.68269465563684,0
b2AR-decoy_2496,CCCCCCC(C)(C)c1ccc(c2cc(C)cc(C)c2)c(C(=O)OC)c1,-5.68255212262486,0
b2AR-decoy_803,Cc1cc(O)c2c(c1C=O)OCC(CC[C@H]1[C@@H](C)CCCC1(C)C)=CC2,-5.68123734550453,0
b2AR-decoy_167,COc1ccc(/C=C/C(=O)c2ccccc2OCC2=CN(CC(O)COC3=C(C)C(=O)SC3C)NN2)c(OC)c1OC,-5.68067382867517,0
b2AR-decoy_2780,C=C(CC)C(=O)c1ccc(OCc2nc(c3ccc4ccccc4c3)cs2)cc1Cl,-5.67820226837072,0
b2AR-decoy_375,O=C(NNC(=O)c1sccc1n1cccc1)c1c(F)cccc1F,-5.67799805691674,0
b2AR-decoy_2156,CO[C@]1(c2cc(F)cc(Sc3ccc(/C(C)=N/O)cc3)c2)CCO[C@@H](C)C1,-5.67778269159933,0
b2AR-decoy_2305,CON[C@H]1CC[C@]2(C)[C@H]3C[C@@H](O)[C@]4(C)[C@@H](C5=CC(=O)OC5)CC[C@]4(O)[C@@H]3CC[C@@H]2C1,-5.67667591705517,0
b2AR-decoy_1044,CCOc1ccc2nc(SCC(=O)c3cccs3)sc2c1,-5.67655575639005,0
b2AR-decoy_2724,CC1=CC[C@@H]2[C@@H](C1)c1c(O)cc(C(C)(C)CCCCC(=O)N(C)C)cc1OC2(C)C,-5.67529323423858,0
b2AR-decoy_1659,CCCCc1cn(C[C@H]2CN(c3ccc4c(c3)Oc3ccccc3O4)C(=O)O2)nn1,-5.6750281689803,0
b2AR-decoy_1385,Cc1c(SCc2ccc(C(C)(C)C)cc2)cnn(C(C)(C)C)c1=O,-5.67429969183631,0
b2AR-decoy_1992,CC(/C=C/C(=O)Nc1ccccc1N)=C\C1(C)Oc2cc(N(C)C)ccc2C1=O,-5.67260863220378,0
b2AR-decoy_3048,COC1=C[C@@]2(C)C(C[C@@H](OC(C)=O)[C@@]3(C)C4=CC[C@@H](c5ccoc5)[C@]4(C)CCC23)C(C)(C)C1=O,-5.67254441001915,0
b2AR-decoy_1941,CC(C)NS(=O)(=O)c1cccc(CNC(=O)c2cccc3c2cnn3c2ccc(F)cc2)c1,-5.6718284723188,0
b2AR-decoy_974,COc1cc(/C=C/C(=O)OC2CC3CCC2(C)C3(C)C)cc(Cl)c1O,-5.6711506120019,0
b2AR-decoy_1713,CC(=O)Oc1ccccc1c1cc2cc(C)ccc2oc1=O,-5.6709822115604,0
b2AR-decoy_1562,CCC(C)(C)NC(=O)C(c1ccco1)N(C(=O)CNC(=O)c1cccs1)c1cccnc1,-5.67093592772532,0
b2AR-decoy_545,Cc1ccc(C2C(C#N)=C(N)OC3=C2C(=O)CC(C)(C)C3)cc1,-5.66982190324924,0
b2AR-decoy_2508,C=CCn1c(=Nc2ccc(Cl)cc2)sc(C)c1c1ccccc1,-5.66960152812741,0
b2AR-decoy_2286,C=C(CCC(O)c1cccc2ccccc12)C1COC2(OO1)C1CC3CC(C1)CC2C3,-5.66680761859962,0
b2AR-decoy_1039,CCCCCCCC1=CC(=O)c2ccccc2S1(=O)=O,-5.66549266468067,0
b2AR-decoy_342,CC(C)c1ccc(/C=C(\C#N)c2nc(c3ccc(O)cc3)cs2)cc1,-5.6645975161989,0
b2AR-decoy_14,COc1ccc(/N=C\c2oc3ccc4ccccc4c3c2O)cc1,-5.66414944490925,0
b2AR-decoy_2371,Cc1c(C)c2c(c(NC(=O)/C=C/c3ccc(O)c(O)c3)c1O)CCC(C)(C)O2,-5.66298104758318,0
b2AR-decoy_2825,Cc1noc(c2ccc3c(c2)c2c(n3CCCSc3cc(F)cc(F)c3)CCC(F)(F)C2)n1,-5.65909127635167,0
b2AR-decoy_2513,COc1ccc(Oc2cc(C)c(c3csc(NC(=O)c4ccncc4)n3)c(C)c2)cc1,-5.65905809924958,0
b2AR-decoy_1613,O=C(OCC1=CC=C(COC(=O)c2ccccc2)SS1)c1ccccc1,-5.65865253281867,0
b2AR-decoy_143,O=S1(=O)C=C(SCc2ccc(Cl)c(Cl)c2)Nc2ccccc21,-5.6573543822164,0
b2AR-decoy_2121,O=C(CSCc1ccccc1)NNC(=S)Nc1cccc(Cl)c1Cl,-5.65694671496246,0
b2AR-decoy_2470,CC(C)=CCC/C(C)=C/CCC1=C[C@H](c2ccc(C(C)C)cc2)OC1=O,-5.65550681958298,0
b2AR-decoy_2133,S=C(N/N=C/c1ccc2[nH]ccc2c1)Nc1ccc(Br)cc1,-5.65449757597485,0
b2AR-decoy_985,CCCCSc1nc(O)cc(Cc2c(Cl)cccc2Cl)n1,-5.65382235505625,0
b2AR-decoy_230,COc1ncc(C(=O)NC2(C(=O)N[C@H](C)c3ncc(c4cc(Cl)cc(Cl)c4OCC(F)F)cc3F)COC2)cn1,-5.65371898840346,0
b2AR-decoy_42,CCOC(=O)c1nsc(c2cc(C(C)(C)C)c(O)c(C(C)(C)C)c2)n1,-5.65370014890507,0
b2AR-decoy_1454,CNC(=S)NNC(=O)C(C)(C)C,-5.65183398303943,0
b2AR-decoy_192,Cc1c(CNc2ccc(C[NH2+][C@H](CO)C(=O)[O-])c(OCc3cccc(C#N)c3)c2)cccc1c1ccc2c(c1)OCCO2,-5.65165898662422,0
b2AR-decoy_2421,Cc1ccc(OSN(C(=O)c2ccccc2)N(C(=O)c2ccccc2)C(C)(C)C)cc1,-5.65086703050713,0
b2AR-decoy_667,Oc1ccc(/C=C/c2cc(O)cc(/C=C/c3ccc(O)cc3)c2)cc1,-5.65018279517353,0
b2AR-decoy_340,COc1ccc2c(c1)OC(C)(C)[C@@H](c1ccccc1)[C@@H]2c1ccc(O)cc1,-5.64959073994676,0
b2AR-decoy_368,CCOC(=O)C1=C(N)OC2=C(C(=O)CCC2)C1c1sccc1C,-5.64934845749862,0
b2AR-decoy_1819,CCCN(CC(=O)Nc1ccccc1C)C(=O)c1ccc(C(=O)c2ccccc2)cc1,-5.64913660082905,0
b2AR-decoy_2390,CC(C)NC(=O)CC1C[C@H]2[C@@H]3CCc4cc(O)ccc4[C@H]3CC[C@]2(C)[C@H]1O,-5.64773829571203,0
b2AR-decoy_1218,CCCCOC(C#CC1CC1)(c1cc(CC)c(C)nc1O)C(F)(F)F,-5.64548632493249,0
b2AR-decoy_1643,COc1cc(C2CC(c3cccs3)=NN2C(=O)CCl)ccc1OC(F)F,-5.64469712068841,0
b2AR-decoy_569,O/N=C/c1ccc(c2ccc(O)cc2)c(c2ccc(O)cc2)c1O,-5.64460120986149,0
b2AR-decoy_1551,CCCCCCCCCOC1(c2ccc(Cl)cc2)SC=C(C)n2c1noc2=O,-5.63959066539101,0
b2AR-decoy_2063,CCCCCCc1cc2cc(S(=O)(=O)c3ccc(F)cc3)c(=O)oc2cc1O,-5.6390589777355,0
b2AR-decoy_1196,Cc1ccc(c2nnc(SCc3ccccc3Cl)o2)c(O)c1,-5.63889030009852,0
b2AR-decoy_2281,O=C(/C(=C\c1c2ccccc2[nH]c1c1ccccc1)C(=O)C(F)(F)F)c1ccco1,-5.63881685704625,0
b2AR-decoy_1421,CC1(O)CSC(C)(O)CS1,-5.63635338710756,0
b2AR-decoy_2869,Clc1ccc(COC2c3cc(Cl)ccc3SC2Cn2ccnc2)c(Cl)c1,-5.63529749667675,0
b2AR-decoy_940,CC(Oc1ccc(c2ccccc2)cc1)C(=O)Nc1ccc(Cl)cc1,-5.63493102623055,0
b2AR-decoy_2410,Cc1ccc(OCC(=O)ON=C2CCCCCCCCCCC(=O)OCCC2)cc1C,-5.63438073631649,0
b2AR-decoy_1538,COc1ccc(N(C(=O)CCCl)C(C#N)c2ccc(Br)cc2)cc1,-5.63259481730061,0
b2AR-decoy_725,COc1ccc(/C=C2/C(=O)Nc3ccc(Cl)cc32)c(c2ccc(Cl)cc2)c1,-5.63236895435273,0
b2AR-decoy_1315,CCOC(=O)c1sc(SCC)c2c1CC(C)(C)CC2=O,-5.63181087940321,0
b2AR-decoy_432,O=c1c(c2ccc(Cl)cc2)coc2c(O)c(O)ccc12,-5.63086954431619,0
b2AR-decoy_2469,CCCCC[C@@H]1CC2C(CCC3(C)C(=O)CCC23)C2(C)C=CC(=O)C=C12,-5.630159503903,0
ASD03130103,COc1cc(Nc2nc(Nc3cc(Cl)cc(Cl)c3)nc3ccccc23)c(C(C)=O)cc1OC,-5.62981688369822,1
b2AR-decoy_2104,CC(O)CNC(=O)c1ccc(c2ccc(c3ccc4c(c3)COC4=O)s2)cc1O,-5.6291305004837,0
b2AR-decoy_2684,CCOc1c(Cl)cc(Cl)cc1c1cnc([C@@H](C)NC(=O)C2(NC(=O)C(F)(F)F)CC2)c(F)c1,-5.62810000834226,0
b2AR-decoy_3025,CC(=O)N1CCc2cc(S(=O)(=O)NC(CC(C)C)C(=O)Nc3cc(C)cc(C)c3)ccc21,-5.62680200737784,0
b2AR-decoy_1330,O=C1OC(/C=C/c2ccccc2)=N/C1=C/C=C/c1ccccc1,-5.62584416478578,0
b2AR-decoy_2182,Oc1ccc(/C=N/c2nnc(Cn3c4ccccc4c4ccccc43)s2)cc1,-5.62525469925773,0
ASD03130102,Cc1cccc2c(NC3CCCCC3)nc(Nc3cc(Cl)cc(Cl)c3)nc12,-5.62258648428142,1
b2AR-decoy_2146,CNc1ccc(c2cncc(OCc3ccc(Cl)cc3Cl)c2)cn1,-5.61874373817651,0
b2AR-decoy_858,CCCCOC(=O)c1cc(C(C)(C)C)c(O)c(C(C)(C)C)c1,-5.61825841069405,0
b2AR-decoy_1007,CC(C)C1=CC(=O)[C@H](CO[Si](C)(C)C(C)(C)C)[C@@]12C=C[C@](C)(O)CC2,-5.61762104817398,0
b2AR-decoy_1505,CC(C)=CCC1=C(OCc2cn(c3ccc(C#N)cc3)nn2)C(=O)c2ccccc2C1=O,-5.61621463854793,0
b2AR-decoy_1314,Cc1cccc(CSc2ccc(c3ccco3)nn2)c1,-5.61591700186009,0
b2AR-decoy_653,CC(C)(C)c1cnc(CSc2cnc(NC(=O)C3CCCCC3)s2)o1,-5.61570008075043,0
b2AR-decoy_1923,CO[C@@H](c1cc(C)no1)c1ccccc1/C=N/N=C(\C)c1ccc(Cl)c(Cl)c1,-5.61566977026842,0
b2AR-decoy_1908,C=C[C@]1(C)CC[C@@H](C(=C)C)C[C@H]1C(=C)COC(=O)c1ccc(Cl)cc1,-5.61420208573289,0
b2AR-decoy_1327,CCN(c1ccccc1)C1SC(=O)N(c2ccccc2)C1=O,-5.61385039697813,0
b2AR-decoy_2136,Cn1cc(C2=C(c3cn(C)c4ccc(O)cc34)C(=O)NC2=O)c2ccccc21,-5.61320353373011,0
b2AR-decoy_1335,CO/N=C/c1ccc(Sc2ccccc2)c([N+](=O)[O-])c1,-5.61308401549259,0
b2AR-decoy_760,CSc1sc(c2cc[nH]n2)c(c2ccccc2)c1C#N,-5.61206501095038,0
b2AR-decoy_519,O=C(c1cccc(O)c1)c1ccc(c2ccc(O)cc2)s1,-5.60999328185256,0
b2AR-decoy_3193,O=C(Oc1ccc(Br)cc1C(=O)c1ccc(Cl)cc1)c1ccc(Cl)cc1,-5.60960219746744,0
b2AR-decoy_159,Cc1ccc(CC(O)CCc2ccccc2C(=O)N(CCO)C(C)(C)C)c(C(=O)N(CCO)C(C)(C)c2ccccc2)c1,-5.60892395066031,0
b2AR-decoy_2635,CCOCCCn1c(SCc2nc(c3cccs3)oc2C)nc2sc(C)c(C)c2c1=O,-5.6087522405769,0
b2AR-decoy_112,CC(C)=CCc1cc2c(=O)c(c3ccc4c(c3)OCO4)coc2c(CC=C(C)C)c1O,-5.60800545569001,0
b2AR-decoy_418,N#CC1=C(N)OC2=C(C(=O)c3ccccc3C2=O)C1c1ccccc1Cl,-5.60770193200291,0
b2AR-decoy_1544,Cc1ccc(/C=C/C(=O)Oc2cc(CCc3ccccc3)oc(=O)c2)cc1,-5.60589521733583,0
b2AR-decoy_2143,CC1=C(CC2=NN=NN2)c2ccccc2/C1=C\c1ccc(C(C)(C)C)cc1,-5.60552069500035,0
b2AR-decoy_3123,O=C(NCc1ccccc1)C1=C[C@H](c2csc3ccccc23)C[C@H](OCc2ccc(CO)cc2)O1,-5.60391756507424,0
b2AR-decoy_552,COc1cc2c(cc1NC=O)CC[C@@H]1[C@@H]2CC[C@]2(C)[C@@H](O)CC[C@@H]12,-5.60333460091147,0
b2AR-decoy_2280,CC[C@@]1(C)CCC[C@@]2(C)[C@H]1CC[C@@]1(C)[C@@H]3C[C@H](O)[C@@H](C(C)=O)C[C@@]3(C)[C@@H](OC(C)=O)C[C@H]21,-5.60237208951903,0
b2AR-decoy_339,CC(=O)[C@H]1CC[C@H]2[C@@H]3CC[C@H]4C[C@@](O)(CN=[N+]=[N-])CC[C@]4(C)[C@H]3CC[C@]12C,-5.60008893461172,0
b2AR-decoy_1928,OC(c1ccc(OC(F)(F)F)cc1)c1cc2ccccc2cc1c1cccnc1,-5.59923271312191,0
b2AR-decoy_2890,COC1CC(C)(C)Oc2nc(c3ccc(Cl)cc3Cl)c(c3ccc(Cl)cc3)cc21,-5.59883503571045,0
b2AR-decoy_493,CCOc1ccc(c2cc(=O)c3c(O)cc(O)cc3o2)cc1,-5.5974454406424,0
b2AR-decoy_2285,CCCCOC(=O)C1(c2cc(O)c3c(c2)OC(C)(C)[C@@H]2CC=C(C)C[C@@H]32)CCC1,-5.59742112932406,0
b2AR-decoy_957,Cc1ccc(c2nnc(Nc3cccc(Br)c3)s2)c(C)c1,-5.59720926301183,0
b2AR-decoy_1192,CCOC(=O)c1c(NC(=O)C(C)(C)C)scc1c1cccs1,-5.59697963067823,0
b2AR-decoy_1228,CCOC(=O)c1c(NC(=O)CC(C)C)scc1c1cccs1,-5.59570138005933,0
b2AR-decoy_79,CCCCCCc1cc2c(C)cc3c(c2o1)C(=O)c1c(O)cccc1C3=O,-5.59538554846911,0
b2AR-decoy_646,Cc1cc(C)cc(NC(=O)c2coc(c3ccc(OC(F)(F)F)cc3)n2)c1,-5.59529784039073,0
b2AR-decoy_21,Cc1ccc(C(=O)Nc2nnc(c3ccc(C(C)(C)C)cc3)s2)cc1,-5.59257395271204,0
b2AR-decoy_2370,C[C@@H]1N=C(c2ccccc2)c2cc(C#CCCCC(=O)NO)ccc2NC1=O,-5.59253363814343,0
b2AR-decoy_2051,CC1=C(C(=O)OC(C)C)C(c2ccc(Cl)cc2)C(C(=O)OC(C)C)=C(C)N1,-5.59053628618339,0
b2AR-decoy_923,COc1cc2c(cc1NC(=O)COc1cc(C)cc(C)c1)oc1ccccc12,-5.59052922754611,0
b2AR-decoy_466,Cc1cc2c(c3oc(C(C)O)cc13)C(=O)c1c(O)cccc1C2=O,-5.59026365968986,0
b2AR-decoy_1350,C=C1C(CC(C)C)=C(C#N)C(=O)N1c1cc(Cl)ccc1Cl,-5.58989769506293,0
b2AR-decoy_931,CCOC(=O)/C(=C\Nc1ccc(Cl)cc1Cl)c1ccc(Cl)cc1,-5.5879820053042,0
b2AR-decoy_2255,CC1CCC(OC(=O)NC(=O)c2cc(c3ccc(OC(F)(F)F)cc3)cs2)CC1,-5.58735643943477,0
ASD03130044,Clc1cccc(CNc2nc(NC3CCCCC3)c3ccccc3n2)c1,-5.58723692697548,1
b2AR-decoy_1769,CC(C)Cn1cc(c2cc(C(N)=O)c3c(c2)C(O)(C(F)(F)F)c2ccccc2-3)cn1,-5.58685087202577,0
b2AR-decoy_2647,C[C@]12CC[C@H]3[C@@H](CCC4=CC(=O)CC[C@@]43C)[C@@H]1C/C(=C\c1ccc(OCCCn3ccnc3)cc1)C2=O,-5.5865347735452,0
b2AR-decoy_2490,COc1ccc(C2(c3ccc(OC)cc3)Sc3ccccc3-n3cccc32)cc1,-5.5856054173232,0
b2AR-decoy_255,CSCCc1c(OCCCNC(=O)[C@H](Cc2cccnc2)NC(C)=O)n(c2ccc(Cl)c(Cl)c2)nc1c1cccnc1,-5.58431104157904,0
b2AR-decoy_1921,CCCCCC[C@@H]1CC2C(CCC3(C)C(=O)CCC23)C2(C)C=CC(=O)C=C12,-5.58430228418333,0
b2AR-decoy_2232,O=C(c1ccc2[nH]c(COc3ccc(C45CC6CC(CC(C6)C4)C5)cc3)nc2c1)N1CCCC1,-5.58414416651254,0
b2AR-decoy_2266,Cc1nc(C)c(c2ccc(Oc3ccc(Cl)cc3)c(Cl)c2)c(O)c1Br,-5.58226455146556,0
b2AR-decoy_2936,COc1ccc(/C=C/C2=CC3(C)CC2(C)C(c2ccc(OC)cc2)CC3=O)cc1,-5.58097928279275,0
b2AR-decoy_2141,O=c1cc(COc2ccccc2)[nH]cc1Oc1cccc(Cl)c1Cl,-5.58092137383912,0
b2AR-decoy_2180,CC(C)=CCc1cc(C2CC(=O)c3ccc(O)cc3O2)cc2c1OC(C)(C)C=C2,-5.58001777014599,0
b2AR-decoy_324,Cc1ccc(O)c(Cc2cc(C)cc(Cc3cc(C)ccc3O)c2O)c1,-5.57937949643069,0
b2AR-decoy_662,Clc1cccc(Cl)c1/C=N/Nc1c(Cl)cncc1Cl,-5.57922452274759,0
b2AR-decoy_2768,Cc1ccccc1c1coc2c(c(O)cc3occ(c4ccccc4C)c(=O)c32)c1=O,-5.57885244405648,0
b2AR-decoy_7,C/C(=C\c1ccc(C(C)(C)C)cc1)C(=O)Nc1ccc2c(c1)OCCO2,-5.5782201521711,0
b2AR-decoy_1130,CCOC[C@@]1(O)CC[C@@]2(C)[C@@H](CC[C@@H]3[C@@H]2CC[C@]2(C)[C@@H](C(C)=O)CC[C@@H]32)C1,-5.57801463270282,0
b2AR-decoy_2013,NS(=O)(=O)c1ccc(N/N=C/c2ccc(N3CCCCC3)cc2)cc1,-5.57654287320398,0
b2AR-decoy_1064,CCCCCC1=CC(=O)C2=C(OC(C)(CCC=C(C)C)C=C2)C1=O,-5.57498174198327,0
b2AR-decoy_1373,CNc1c(/C=N/O)ccc(c2ccc(C)cc2)c1c1ccc(C)cc1,-5.57489774352165,0
b2AR-decoy_1883,O=C1CC(c2ccccc2)c2c(ccc3cc(c4ccc5ccccc5c4)ccc23)O1,-5.57098544697855,0
b2AR-decoy_132,CCCCOC(=O)Nc1sc2nc(C)cc(C)c2c1n1cccc1,-5.5707811417094,0
b2AR-decoy_2355,COc1ccc(C(c2oc(CO)cc(=O)c2O)c2c[nH]c3ccc(Cl)cc23)cc1,-5.56761839347817,0
b2AR-decoy_1154,CC(C)=CC(=O)C/C(C)=C/CC[C@@]1(C)Oc2oc3cc(O)ccc3c(=O)c2[C@H]1C,-5.56429571118596,0
b2AR-decoy_2185,COc1cc2c(c(OC)c1CC=C(C)C)C=C(c1ccc(C)cc1O)CO2,-5.56109236956044,0
b2AR-decoy_1517,COc1cccc(CN(C)C(=O)c2csc(c3cccc(OC)c3)c2)c1,-5.55969319718645,0
b2AR-decoy_2511,CCCCSC1=C2CCC3C4CCC(=O)C4(C)CCC3C2(C)CCC1=O,-5.55960233380718,0
b2AR-decoy_2472,N#Cc1c(C(F)(F)F)cc(c2cccs2)nc1SCc1ccccc1F,-5.55925239848093,0
b2AR-decoy_1222,COc1cc2c(cc1OC)-c1n[nH]c(c3ccc(c4ccncc4)cc3)c1C2,-5.55635077863888,0
b2AR-decoy_1255,COc1ccc(C(=O)c2ccc3c(c2)C(n2ccccc2=O)=CC(C)(C)O3)cc1,-5.55412813548499,0
b2AR-decoy_1841,COc1ccc(CN([C@H](CC(C)C)C(N)=O)S(=O)(=O)c2ccc(C(F)(F)F)cc2)cc1F,-5.55174979400654,0
b2AR-decoy_114,COc1ccc(/C=C2/C(=O)Nc3ccc(Cl)cc32)c(c2ccc(C#N)cc2)c1,-5.55076219822774,0
b2AR-decoy_83,CC(C)CCC[C@@H](C)[C@H]1CC[C@H]2[C@H]3[C@H](CC[C@@]21C)[C@@]1(C)CC[C@H](O)[C@H](O)C1=C[C@@H]3O,-5.55069789262925,0
b2AR-decoy_1148,C=C1CCC[C@@H]2[C@]1(C)CC[C@H](C)[C@@]2(C)CC/C(C)=C/C[C@H]1OC(=O)C=C1CO,-5.55066460044268,0
b2AR-decoy_1410,Oc1ccc(O)c2c1SCCS2,-5.54962395606162,0
b2AR-decoy_215,O=C(Cc1cccc(OC(F)(F)F)c1)Nc1ccc(CCCCc2nnc(NC(=O)Cc3cccc(OC(F)F)c3)s2)nn1,-5.54845639119458,0
b2AR-decoy_1461,CC1(C)C(=O)C(C)(C)C1=NN,-5.54800610597401,0
b2AR-decoy_362,CCCc1cc(c2ccc(Oc3ccc(C#N)cc3O)c(Cl)c2)no1,-5.54781906155265,0
b2AR-decoy_1289,CCCC/C(=N\O)c1cc(c2ccc(OC)c(F)c2)ccc1O,-5.54682676824408,0
b2AR-decoy_1939,N#Cc1cc(S(=O)(=O)Nc2ccc(F)cn2)ccc1Oc1ccc(Cl)c(CO)c1,-5.54681903297415,0
b2AR-decoy_1420,Nc1oncc1n1cc(F)cn1,-5.54591663803426,0
b2AR-decoy_745,Cc1cc(C)c(NS(=O)(=O)c2ccc(C(C)(C)C)cc2)c(C)c1,-5.54573668336808,0
b2AR-decoy_952,C=CCC1Oc2ccc(F)c(OC)c2-c2ccc3c(c21)C(C)=CC(C)(C)N3,-5.54537773165083,0
b2AR-decoy_208,CC(C)(C)OC(=O)CCCCNC(=O)[C@H](CCCCN1C(=O)c2ccccc2C1=O)NC(=O)CI,-5.54347803875052,0
b2AR-decoy_2810,COc1ccc(C(=O)c2c3cc(c4ccc(OC)nc4)ccc3oc2c2ccc(OC)cc2)cc1,-5.540026142795,0
b2AR-decoy_6,CCCSc1sc(c2cc[nH]n2)c2c1C(=O)CC(C)(C)C2,-5.53913798483078,0
b2AR-decoy_1906,COc1ccc(c2oc3ccc(C)cc3c2C(=O)c2cc(OC)cc(OC)c2)cc1,-5.53891958549147,0
b2AR-decoy_3185,O=C(/C=C/c1ccc(c2ccc(Cl)c(Cl)c2)o1)c1ccc(Br)cc1,-5.53609530290852,0
b2AR-decoy_1935,CC(O)(CSc1ccc(OC(F)(F)F)cc1)C(=O)Nc1ccc([N+](=O)[O-])cc1C(F)(F)F,-5.53513436810632,0
b2AR-decoy_1965,COc1cc2c(cc1OCCn1ccnc1)Cc1c-2n[nH]c1c1ccc(c2ccc(O)cc2)cc1,-5.53452511905835,0
b2AR-decoy_2509,N#Cc1ccc(c2cccs2)nc1SCc1c(F)cccc1Cl,-5.53432748486065,0
b2AR-decoy_1012,COc1c(O)cc2oc(c3cc(O)cc(O)c3)cc2c1CC=C(C)C,-5.53423514999982,0
b2AR-decoy_2929,N#Cc1cc(Cl)cc(Oc2c(F)c(CCc3cccc(Cl)c3)[nH]c(=O)c2Br)c1,-5.53192358563415,0
b2AR-decoy_1759,O=C(Nc1nnc(SCc2ccc([N+](=O)[O-])cc2)s1)c1ccc(F)cc1,-5.53166182227261,0
b2AR-decoy_1082,COc1ccc(c2c(OC)c(O)c(c3ccc(OC)cc3)c3scnc32)cc1,-5.53113737532579,0
b2AR-decoy_2272,Cc1cc2nc(c3cccc(NC(=O)c4ccc(Br)o4)c3C)oc2cc1C,-5.53108881338175,0
b2AR-decoy_2462,Cc1ccc(C(C)C)c(OC(=O)/C=C/c2ccc(Cl)cc2Cl)c1,-5.53012706781974,0
b2AR-decoy_629,N#C/C(=C\c1ccc(c2cccs2)s1)c1nc2ccccc2[nH]1,-5.52772190641857,0
b2AR-decoy_3087,COc1ccc([C@@H]2CC(=O)c3cc(CC=C(C)C)c4c(c3O2)C=CC(C)(C)O4)cc1OC,-5.52728140293059,0
b2AR-decoy_1328,Fc1cccc(Cl)c1COCc1nnc(c2ccco2)o1,-5.52713974984172,0
b2AR-decoy_1247,COc1ccc(OC)c2c1C(=O)C=C([C@@H](CC=C(C)C)Oc1ccncc1)C2=O,-5.52604491817708,0
b2AR-decoy_1771,COC(=O)c1cccc(NC(=O)/C=C/Oc2ccc(C(C)(C)CC(C)(C)C)cc2)c1,-5.52337692326686,0
b2AR-decoy_1598,Cc1ccc(OCC(F)(F)F)c(CNC(=O)Cn2c(C)cnc(NCCc3ccccn3)c2=O)c1,-5.52334882421553,0
b2AR-decoy_2117,CCc1cc(O)c(F)cc1c1cc(NS(=O)(=O)C(C)C)c2cn[nH]c2c1,-5.52323170265704,0
b2AR-decoy_873,CCCC[C@@]12CCC(=O)C(CC)=C1c1ccc3[nH]ncc3c1C2,-5.52288907279425,0
b2AR-decoy_2620,CCOC(=O)[C@]1(C)CCC[C@]2(C)[C@@H]1CC[C@@]13C/C(=N\OCc4cc(C)nn4C)[C@@](C)(CC[C@@H]21)C3,-5.5220064321422,0
b2AR-decoy_421,C/C(=N/Nc1ncnc2sc(C)c(C)c12)c1ccccc1O,-5.52181683176331,0
b2AR-decoy_101,C[C@]12CC[C@@H](O)C[C@@H]1CC[C@@H]1[C@@H]2[C@@H](OCc2ccccc2)C[C@@]2(C)[C@H]1CC[C@@]21CO1,-5.52177839973828,0
b2AR-decoy_773,Nc1ccc(c2ccc(CC3CCOC3)c(O)c2)c2ccccc12,-5.52158603606398,0
b2AR-decoy_89,CC(=O)c1c(O)c(CC=C(C)C)c2c3c1OC1(C)CCC(C3C1)C(C)(C)O2,-5.52111956997189,0
b2AR-decoy_2881,CC(=O)[C@H]1CC[C@H]2[C@@H]3CC[C@@H]4C[C@@](O)(c5ccccc5)CC[C@]4(C)[C@H]3CC[C@]12C,-5.52075211898831,0
b2AR-decoy_286,C[NH2+][C@@](C)(CO[C@H]1[C@H](n2ncnc2c2ccccn2)C[C@@]23COC[C@]1(C)[C@@H]2CC[C@H]1C3=CC[C@@]2(C)[C@H](C(=O)[O-])[C@@](C)([C@H](C)C(C)C)CC[C@]12C)C(C)C,-5.52072884034258,0
b2AR-decoy_674,C(=C/c1n[nH]c2cc(c3ccncc3)ccc12)\c1ccc2ccccc2c1,-5.52044292584014,0
b2AR-decoy_231,CN(C)c1cccc2c(S(=O)(=O)NCc3cn(CCCCn4c5ccccc5c5ccc6c(C=O)c[nH]c6c54)nn3)cccc12,-5.51978663468332,0
b2AR-decoy_1960,COc1c(O)cc2c(c1CC=C(C)C)OC(=O)c1c(cc3c(c1O)C=CC(C)(C)O3)O2,-5.51968321226811,0
b2AR-decoy_1474,Cc1ccncc1S(N)(=O)=O,-5.51895225039627,0
b2AR-decoy_2546,O=C1OC(c2ccccc2Cl)=N/C1=C/c1ccc(OC(=O)c2ccccc2Cl)c(O)c1,-5.5184298049757,0
b2AR-decoy_2026,CCC(=O)Nc1ccc(NC(=S)NC(=O)/C=C/c2ccco2)cc1,-5.51653010282301,0
b2AR-decoy_696,Clc1ccc(c2csc(N/N=C/c3ccc(Br)cc3)n2)cc1,-5.51652483605162,0
b2AR-decoy_547,O=C1/C(=C/c2cccc(Br)c2)Oc2cc(O)cc(O)c21,-5.51556602031469,0
b2AR-decoy_2295,CC(C)CCC[C@@H](C)[C@H]1CC[C@H]2[C@@H]3C/C(=N\O)C4=CC(=O)CC[C@]4(C)[C@H]3CC[C@@]21C,-5.51521192964886,0
b2AR-decoy_2498,CCc1ccc2nc(c3ccc(n4nnc5cc(OC)ccc54)c(C)c3)sc2c1,-5.51481512410749,0
b2AR-decoy_2294,CC(C)(C)c1ccc(OP(C)(=O)Nc2ccc(SC(F)(F)F)cc2)cc1,-5.51106795123079,0
b2AR-decoy_313,O=C1OCC/C1=C/c1ccc(/N=N/c2c(O)ccc3ccccc23)cc1,-5.5105509817289,0
b2AR-decoy_713,COc1c(c2ccccc2)cc(OC)c2c1oc1c3c(c(O)cc12)OC(C)(C)C=C3,-5.51037349153103,0
b2AR-decoy_13,N#C/C(=C\c1ccc(c2ccccc2)cc1)C(=O)c1c[nH]c2ccccc12,-5.50970130929849,0
b2AR-decoy_1611,CCCCc1nc2ccccc2nc1Oc1ccc(c2ccccc2C2=NNN=N2)cc1,-5.50876324565179,0
b2AR-decoy_2158,CC(C)=CCc1cc(c2cc(=O)c3cc4c(cc3o2)OC(C)(C)C=C4)ccc1O,-5.50805094213571,0
b2AR-decoy_1947,C/C(=N\Nc1nc(Cl)c(Cl)cc1Cl)c1ccc(S(=O)(=O)NCc2ccco2)cc1,-5.50369573623937,0
b2AR-decoy_1448,CC1(C)C(COC(N)=O)C1(C)C,-5.503545352884,0
b2AR-decoy_1215,CC1=NC(C)=C(C(=O)OC(C)C)C(c2cccs2)/C1=C(\O)OC(C)C,-5.50331530199352,0
b2AR-decoy_2677,COc1c(/C=C/c2ccc(NS(C)(=O)=O)cc2)cc(c2cc(F)c[nH]c2=O)cc1C1(Cl)CC1,-5.50194825821452,0
b2AR-decoy_51,COc1ccc(c2oc3ccc(C)cc3c2C(=O)c2cc(O)cc(OC)c2)cc1,-5.49763632340373,0
b2AR-decoy_818,COc1cc(C(=O)OCC2=CC[C@@]3(C)CCC(C(C)C)=C3CC2)ccc1O,-5.49640095368629,0
b2AR-decoy_2797,CC(C)Cc1ccc(C(C)c2nnc(COc3ccc(c4ccccc4)cc3)o2)cc1,-5.49540331345648,0
b2AR-decoy_3136,O=C(COC(=O)CCCNC(=O)c1ccc(Cl)cc1)Nc1cc(Cl)c(Cl)cc1Cl,-5.49219832472526,0
b2AR-decoy_2766,Cn1nc(C(C)(C)C)c(Cl)c1c1nc2cc(c3ccccc3C(F)(F)F)ncc2[nH]1,-5.49198657979616,0
b2AR-decoy_2497,C=CCSc1nnc(c2ccco2)n1c1ccc(OCc2ccccc2)cc1,-5.49159710637266,0
b2AR-decoy_1189,COc1cc(/C=C/C(=O)/C=C/c2cccc(C(F)(F)F)c2F)ccc1O,-5.49089268057605,0
b2AR-decoy_1100,CC12CCC(OCC(=O)Nc3ccc(c4nc5cc(C#N)ccc5o4)cc3)(CC1)CC2,-5.49082172928372,0
b2AR-decoy_2659,CCn1c(Cc2ccccc2)nnc1SCC(=O)N1c2ccccc2Sc2ccccc21,-5.49082123079111,0
b2AR-decoy_1663,Cc1nc(C#Cc2cncc(Oc3cccnc3)c2)cs1,-5.49066252493818,0
b2AR-decoy_2845,O=C(c1ccccc1Cl)c1scnc1c1cc(Br)cc(C(F)(F)F)c1,-5.49042615861579,0
b2AR-decoy_1588,CC(C)(CO)[C@@H](O)C(=O)NCCC(=O)Nc1cc(Cl)ccc1Oc1ccc(Cl)cc1Cl,-5.4888377452282,0
b2AR-decoy_2464,O=S(=O)(Oc1ccc(c2ccc3sccc3c2)cc1)c1ccccc1,-5.48791440042533,0
b2AR-decoy_690,CCOc1ccc(c2oc3c(ccc4ccccc43)c(=O)c2O)cc1OCC,-5.48766929504556,0
b2AR-decoy_399,O=C1Nc2ccc(Cl)cc2/C1=C\c1ccc(O)c(Br)c1,-5.48153589070609,0
b2AR-decoy_1412,C#CSc1cnc(O)nc1O,-5.48008475006938,0
b2AR-decoy_789,O=C(N/N=C/C1=C(Cl)c2ccccc2CCC1)c1ccccc1,-5.47990092220162,0
b2AR-decoy_325,CC(C)[C@@H]1CC[C@@H](C)C[C@H]1NC(=O)Oc1ccc(C(F)(F)F)cc1,-5.47907815290251,0
b2AR-decoy_1606,O=C(NCC1CN(c2ccc(NS(=O)(=O)CCCCl)cc2)C(=O)O1)c1ccc(Cl)s1,-5.47872733442596,0
b2AR-decoy_1268,Cc1cc(C)c(OCC(=O)N(Cc2ccco2)Cc2ccco2)c(C)c1,-5.47850992079466,0
b2AR-decoy_210,COC(=O)[C@H]1[C@@H](C)C/C(C)=C/C=C/[C@H](OC)[C@@H]([C@@H](C)[C@@H](O)[C@H](C)[C@@]2(O)C[C@@H](C(=O)OC)[C@H](C)[C@@H](C(C)C)O2)OC(=O)/C(OC)=C/C(C)=C/[C@H]1C,-5.47849220403837,0
b2AR-decoy_1353,N#C/C(=C/c1ccc(N2CCCCCC2)o1)c1ccc(Cl)cc1,-5.4754808902907,0
b2AR-decoy_3103,CCNC(=O)c1ccccc1CC[C@]1(O)CCC2=Cc3c(cnn3c3ccc(F)cc3)C[C@@]21C,-5.47512834371428,0
b2AR-decoy_1521,COc1ccc(SCC(=O)c2cc(C)c(OC(=S)N(C)C)c(C)c2)cc1,-5.47242759684446,0
b2AR-decoy_2153,COC1(c2cc(Sc3ccc(/C(C)=N/O)cc3)cc(F)c2C)CCOCC1,-5.47128293945524,0
b2AR-decoy_287,CCCCCCCC(=O)SCC/C=C/[C@@H]1CC(=O)NCc2nc(cs2)C2=N[C@@](C)(CS2)C(=O)N[C@H](Cc2cccc3ccccc23)C(=O)O1,-5.46878752844302,0
b2AR-decoy_2955,CCOC(=O)[C@]1(C)CCC[C@]2(C)[C@@H]1CC[C@@]13C[C@@H](N=C=S)[C@@](C)(CC[C@@H]21)C3,-5.46787418506314,0
b2AR-decoy_1191,CCc1cc(N(C)Cc2nc3c(Cl)ccc(Cl)c3o2)c(O)nc1C,-5.46720176082923,0
b2AR-decoy_2402,CCNC(=O)c1noc(c2cc(C(C)C)c(O)cc2O)c1C#CC1CCCC1,-5.4670888147462,0
b2AR-decoy_1509,COC(=O)/C=C(C)/C=C/C=C(C)/C=C/C1=C(C)C(n2ccnc2)CCC1(C)C,-5.46621436616906,0
b2AR-decoy_2475,CCOP1(=O)OC(c2ccc(CC)cc2)=Cc2ccc(Cl)cc21,-5.46578019025786,0
b2AR-decoy_372,Cc1cccc(N2C3=C(C(=O)CC(C)(C)C3)[C@]3(O)C(=O)c4ccccc4[C@]23O)c1,-5.46561960033117,0
b2AR-decoy_1568,C=CCn1c(SCC(=O)Nc2ccc(/C(C)=N/O)cc2)nnc1c1ccc(OC)cc1,-5.46226000966849,0
b2AR-decoy_400,CC(C)(C)c1cc(/C=C2/CCN(O)S2(=O)=O)cc(C(C)(C)C)c1O,-5.46174476602824,0
b2AR-decoy_951,O=S(=O)(Nc1ccc(Cl)cc1Cl)c1cc(Cl)ccc1Cl,-5.46166644748638,0
b2AR-decoy_2408,O=C(/C=C/C1=Cc2cc(Cl)ccc2OC1)c1ccc(Cl)cc1Cl,-5.46076355790216,0
b2AR-decoy_90,COc1cc(OC)c(c2ccc(O)c3c(OC)cc(C)cc32)c2c1C(C)=N[C@@H](C)C2,-5.46067901623229,0
b2AR-decoy_1405,NC(=O)c1cc(=S)ss1,-5.45840074212269,0
b2AR-decoy_2709,Cc1cc(F)ccc1NC(=O)c1ccc(NS(=O)(=O)c2cc(C(C)(C)C)ccc2C)cc1,-5.45802753010673,0
b2AR-decoy_1241,Cc1cc(/C=C2\SC(=O)N(c3ccccc3)C2=O)c(C)n1c1cccnc1,-5.45777303283811,0
b2AR-decoy_666,Cc1c(OCc2cccc3ccccc23)ccc2c(O)cc(=S)oc12,-5.45729295204697,0
b2AR-decoy_2319,COc1cc2occ(c3ccc(O)cc3O)c(=O)c2c(O)c1CC=C(C)C,-5.45686609731411,0
b2AR-decoy_3166,CC(C)C/C=C/[C@@H](C)[C@H]1CC[C@H]2C3=C(CC[C@@]21C)[C@@]1(C)CC[C@H](O)CC1=CC3=O,-5.45647293767757,0
b2AR-decoy_1264,CCCc1ccc2oc(C(=O)N(Cc3ccncc3)CC3CCCO3)c(C)c2c1,-5.45628826864998,0
b2AR-decoy_589,CCCC[C@@]12CCC(=O)C(CC)=C1c1ccc3[nH]nc(F)c3c1C2,-5.45591930860123,0
b2AR-decoy_2606,Cc1coc2c1C(=O)C(=O)c1c-2ccc2c1C(OC(=O)c1ccc(F)cc1)CCC2(C)C,-5.45533299530435,0
b2AR-decoy_2197,C/C(=C\CC[C@@H](C)[C@H]1CC[C@@]2(C)C3=C(CC[C@]12C)[C@@]1(C)CCC(=O)C(C)(C)[C@@H]1CC3=O)CO,-5.45241573843457,0
b2AR-decoy_1443,Oc1nnc(O)c(Cl)c1Cl,-5.45181432788322,0
b2AR-decoy_1647,Cc1ccc(CN(C(=O)COc2ccccc2Cl)c2ccccn2)o1,-5.45113088994164,0
b2AR-decoy_1718,CCc1nc(SCC(=O)Nc2cc(C)ccc2OC)c2c(C)c(C)sc2n1,-5.45076773872211,0
b2AR-decoy_1910,Cc1ccccc1c1cc(C(OCc2cccc(C#N)c2)c2cncn2C)ccc1C#N,-5.45069473396856,0
b2AR-decoy_477,CC1=CCCC(C)(C)C1/C=C/c1cc(C(=O)NO)no1,-5.44984547208528,0
b2AR-decoy_746,CCOc1ccc(Br)cc1/C=C/C(=O)c1ccccc1O,-5.44842441221556,0
b2AR-decoy_2553,O=c1cc(c2cccc(/C=C/c3ccc4ccccc4n3)c2)oc2ccc(C3=NNN=N3)cc12,-5.44702742769766,0
b2AR-decoy_387,Cc1cc(C2=CC(c3ccc(F)cc3)N(C(=O)c3ccncc3)N2)ccc1O,-5.44685617444268,0
b2AR-decoy_1229,COc1ccc(c2coc3cc(O)ccc3c2=O)cc1CC=C(C)C,-5.44567475769285,0
b2AR-decoy_2703,CC(CO)(CO)C(=O)O[C@H]1CC[C@@]2(C)C(=CC[C@H]3C4=CC=C(c5cccnc5)[C@@]4(C)CC[C@@H]32)C1,-5.44523962077545,0
b2AR-decoy_2062,COc1ccccc1c1ccc(Oc2cncc3sc(C4=NNN=N4)cc23)cc1,-5.44273250378274,0
b2AR-decoy_1051,COCCOC(=O)c1c(C)oc2ccc(OC(=O)c3cccs3)cc12,-5.44205516660406,0
b2AR-decoy_2859,CC1=CCC[C@@H]2[C@]1(C)CC[C@H](C)[C@@]2(C)CC1=CC(=O)C(SC(C)C)=CC1=O,-5.44130014181426,0
b2AR-decoy_2737,N#Cc1c(C(F)(F)F)cc(c2ccccc2)c2c3n(nc12)C(c1ccccc1)CCN3,-5.4399642910837,0
b2AR-decoy_2145,Cc1cc(=O)c(c2ccc(OCc3ccc(OC(F)(F)F)cc3)cc2)c(C)[nH]1,-5.43800075769494,0
b2AR-decoy_218,Cc1ccc(S(=O)(=O)N(C)C[C@@H]2Oc3c(NC(=O)c4ccc(c5nccs5)cc4)cccc3C(=O)N([C@@H](C)CO)C[C@@H]2C)cc1,-5.43659531719361,0
b2AR-decoy_583,O=C(Nc1c(Cl)cccc1Cl)c1csc(c2cccnc2)n1,-5.4361432384896,0
b2AR-decoy_2543,O=C(N[C@H]1CC[C@H](O)CC1)c1ccccc1Sc1ccc2c(/C=C/c3ccccn3)n[nH]c2c1,-5.43315997412445,0
b2AR-decoy_1250,COc1ccc(/C=C2\COC/C(=C\c3nc(C)c(C)nc3C)C2=O)c(Cl)c1,-5.4320782769308,0
b2AR-decoy_3114,CC(C(=O)NCc1ccc(C(C)(C)C)cc1Br)c1ccc(NS(C)(=O)=O)c(F)c1,-5.42851362165554,0
b2AR-decoy_2460,CC1(C)[C@H]2CC[C@]1(C)[C@H](OP(=S)(S)O[C@@H]1C[C@@H]3CC[C@@]1(C)C3(C)C)C2,-5.42691470703866,0
b2AR-decoy_3163,C=C1CC[C@@H]2[C@@H](C1)c1c(OC)cc(C(C)(C)CCCCCC)cc1OC2(C)C,-5.42609776467881,0
b2AR-decoy_1094,Cc1ccccc1C(=O)Nc1ccc(C(=O)N2Cc3cccn3-c3ccccc32)cc1,-5.42485045695808,0
b2AR-decoy_888,CC(C)c1ccc(c2cnc3sc(NCc4ccncc4)nn32)cc1,-5.42426630506887,0
b2AR-decoy_4,N#C/C(=C\c1cccc2ccccc12)C(=O)c1c[nH]c2ccccc12,-5.42014721904885,0
b2AR-decoy_2435,COC1[N+]([O-])=C(/C=C/c2ccc3ccc4cccc5ccc2c3c45)CC1(C)C,-5.41996455235061,0
b2AR-decoy_447,O=C1C(O)=Cc2cccc3ccc(c4ccc(O)cc4)c1c23,-5.41771395638852,0
b2AR-decoy_3098,Cc1ccc([C@H]2CN(C(=O)c3cc(c4ccc(F)cc4)on3)[C@@H](CC(C)C)C(=O)N2)cc1,-5.41545379729306,0
b2AR-decoy_2420,C(=C(c1nc2ccccc2s1)c1nc2ccccc2s1)c1ccccn1,-5.41350705727541,0
b2AR-decoy_414,Cc1ccc(Cl)cc1NS(=O)(=O)c1ccc2c(c1)NC(=O)CCS2,-5.41295138515014,0
b2AR-decoy_812,CCCCCc1cc(NC(N)=O)c2c(c1)OC(C)(C)[C@@H]1CCC(C)=C[C@@H]21,-5.41273711060267,0
b2AR-decoy_2443,CCCc1c(Cl)c(=O)oc2c3c(c4c(c12)OC(c1ccccc1)C=C4)OC(C)CC3=O,-5.41100421411416,0
b2AR-decoy_1565,CSCCC(NC(=O)c1ccco1)C(=O)OCC(=O)Nc1ncc(Cl)c(C)c1Cl,-5.41091921707246,0
b2AR-decoy_1292,Cc1cc(Cl)cc(C)c1OCCCCn1ccnc1,-5.41084981146071,0
b2AR-decoy_3031,O=C(COc1ccc(C(=O)c2ccccc2)cc1)NCC(=O)Nc1ccccc1Br,-5.41058770711691,0
b2AR-decoy_941,CCOC(=O)/C=C1\CC[C@H]2[C@@H]3CCc4cc(O)c(CC)cc4[C@H]3CC[C@]12C,-5.4103868923494,0
b2AR-decoy_2907,S=c1[nH]nc(COc2ccccc2Cl)n1/N=C/c1ccc(c2ccc(Cl)cc2Cl)o1,-5.40950293779206,0
b2AR-decoy_1242,c1ccc(n2nnnc2SCCCSc2nc3ccccc3s2)cc1,-5.40933926306456,0
b2AR-decoy_2899,CC(=O)O[C@H]1CC[C@@]2(C)C(=CC[C@H]3[C@@H]4CC[C@H](c5nnc(c6ccco6)o5)[C@@]4(C)CC[C@@H]32)C1,-5.40926784441466,0
b2AR-decoy_2054,Cc1cccc(C)c1NC(=O)CN(C)C(=O)c1ccc(COc2ccccc2)cc1,-5.40692211289142,0
b2AR-decoy_233,COc1cc(C(=O)NS(=O)(=O)c2ccccc2C)ccc1Cc1cn(C)c2ccc(C(=O)NC[C@@H](C)CC(F)(F)F)cc12,-5.40619292273409,0
b2AR-decoy_2992,Nc1cnc(c2ccc(c3ccccc3S(=O)(=O)NC[C@H](O)c3ccccc3)cc2F)cn1,-5.40618782052726,0
b2AR-decoy_334,CCOC(=O)C1=C(C)Nc2ccccc2SC1c1ccc(F)cc1,-5.40597436041489,0
b2AR-decoy_365,COc1ccc(c2ccc(c3cc(=O)c4ccc(O)cc4o3)s2)cc1,-5.40561559687601,0
b2AR-decoy_2106,COc1cc(OC)cc(C(=O)NNC(=S)Nc2csc(c3ccccc3)c2)c1,-5.40513922110517,0
b2AR-decoy_1414,OC(O)C(Cl)(Cl)Cl,-5.40268860725269,0
b2AR-decoy_1618,CC1=NC(C)=C(C(=O)OCC(C)C)C(c2ccccn2)/C1=C(\O)OCC(C)C,-5.401531212956,0
b2AR-decoy_1014,Cc1ccc(NC(=O)CSc2cccc3cccnc23)c(C)c1,-5.39962535742179,0
b2AR-decoy_1361,Cc1nc2c(OCc3c(Cl)cccc3Cl)cccn2c1Cl,-5.39926708242584,0
b2AR-decoy_2005,C/C(=N\NC(=O)Nc1n[nH]c(=S)s1)c1ccc(Br)cc1,-5.3970816902755,0
b2AR-decoy_3077,COc1ccc(n2nnc(/C=C\C=C\N3c4ccccc4Sc4ccc(Cl)cc43)n2)cc1,-5.39699236112199,0
b2AR-decoy_81,CC(C)CCC[C@@H](C)[C@H]1CC[C@H]2[C@@]34C=C[C@]5(C[C@@H](O)CC[C@]5(C)[C@H]3CC[C@]12C)OO4,-5.3969841724486,0
b2AR-decoy_3194,COc1ccc(/C=C/c2cc(OC)cc(OC)c2/C=C/C(=O)c2ccc(C)c(C)c2)cc1,-5.39466100460573,0
ASD03130041,Cc1ccc(CNc2nc(NC3CCCCC3)c3ccccc3n2)cc1,-5.39384679734361,1
b2AR-decoy_2041,Cc1cc(OCc2cc(C(=O)NCc3cc(C(C)C)no3)no2)cc(C)c1Cl,-5.39342510062216,0
b2AR-decoy_2444,C=C(C=O)[C@@H]1CC[C@]2(C)CC[C@]3(C)[C@H](CC[C@@H]4[C@@]5(C)CCC(=O)C(C)(C)[C@@H]5CC[C@]43C)[C@@H]12,-5.3930821526133,0
b2AR-decoy_2212,C=C(C)C(/C=C\[C@@H](C)[C@H]1CC[C@H]2[C@@H]3C[C@H](O)[C@H]4C[C@H](O)[C@@H](O)C[C@]4(C)[C@H]3CC[C@@]21C)C(C)C,-5.39242806924746,0
b2AR-decoy_2717,Nc1cccc(Cn2c(c3ccc(Oc4cnccn4)cc3)ccc2c2ccccc2Cl)n1,-5.39135016343648,0
b2AR-decoy_1487,CC(C)(C)C1C[NH2+]CCO1,-5.3880582748164,0
b2AR-decoy_1256,CC(Oc1c(c2c(F)cc(F)cc2F)c(Cl)nc2ncnn12)C(F)(F)F,-5.38786122855075,0
b2AR-decoy_2411,CO/N=C(\c1ccc(Cl)cc1)c1ccccc1COc1ccc(C(F)(F)F)cc1,-5.38749335961288,0
b2AR-decoy_1486,CC1=C(C)C(O)C=CC1O,-5.38567136118451,0
b2AR-decoy_2876,CCCCCCC1(c2cc(O)c3c(c2)OC(C)(C)[C@@H]2CC=C(C)C[C@@H]32)CCCC1,-5.38500242165549,0
b2AR-decoy_2450,CCc1cncc(C2=CC[C@H]3[C@@H]4CC[C@H]5C[C@@H](OC)CC[C@]5(C)[C@H]4CC[C@]23C)c1,-5.38239860782404,0
b2AR-decoy_1345,Cc1nc(C(F)(F)F)c(/C=C/C=C/C(=O)/C=C/c2ccccn2)s1,-5.38113368681479,0
b2AR-decoy_1447,COc1cccc(O)c1O,-5.38062973264478,0
b2AR-decoy_1507,COc1c(O)cc2oc3cc(O)c(CC=C(C)C)c(O)c3c(=O)c2c1CCC(C)(C)O,-5.37832180821674,0
b2AR-decoy_3122,COC(=O)c1sc(NC(=O)CSc2nc(C3CC3)nc3sc4c(c23)CCCC4)nc1C,-5.37772292566326,0
b2AR-decoy_1159,C[C@]12CCC(=O)C[C@@H]1CC[C@@H]1[C@@H]2CC[C@]2(C)[C@@H](O)[C@H](CCCSC#N)C[C@@H]12,-5.37651561651719,0
b2AR-decoy_1045,CC/C=C/[C@H](CC)C[C@]1(C)C=C(CC)/C(=C/C(=O)OC)O1,-5.376413500746,0
b2AR-decoy_1543,CCOC(c1ccc2c(c1)OCCO2)C(SC(C)(C)C)n1ccnc1,-5.37601292358551,0
ASD03130060,Clc1ccc(Nc2nc(NC3CCCCC3)c3ccccc3n2)cc1Cl,-5.37578898768968,1
b2AR-decoy_2474,CC(C)Cc1cccc(/C=C/[C@@H]2[C@@H]3[C@@H](C)OC(=O)[C@@H]3C[C@@H]3CCCC[C@H]32)n1,-5.37557164781703,0
b2AR-decoy_2732,C[C@]12CC[C@H]3[C@@H](CC=C4C[C@H](NC(=O)C5CCC5)CC[C@@]43C)[C@@H]1CC=C2n1ccnc1,-5.37517952259467,0
b2AR-decoy_997,Cc1ccc(c2cc(O)c(Sc3ccccc3C(C)C)c(=O)o2)cc1,-5.37470574295711,0
b2AR-decoy_1428,CC(C)(C)NC(S)=[NH+]C(C)(C)C,-5.37461530846657,0
b2AR-decoy_2484,Cc1cc(=O)oc2cc(OCc3cc(c4ccc(Cl)c(Cl)c4)no3)ccc12,-5.37348227030599,0
b2AR-decoy_2473,Cc1oc(c2cccc(Cl)c2)nc1CSc1nnc(C)n2c1cc1occc12,-5.37308923893058,0
b2AR-decoy_695,C=C1/C(=C\C=C2/CCC[C@@]3(C)[C@H]2CC[C@@H]3C(C)(C)CC)C[C@@H](O)/C(=C\CCO)[C@@H]1O,-5.37268479348012,0
b2AR-decoy_1462,Oc1cccc(O)c1Cl,-5.37168922389577,0
b2AR-decoy_3064,CC(C)=CCC[C@H](C)C[C@@H]1CC2=C(C(=O)OC(C)(C)O2)[C@H](c2ccc(Cl)cc2)O1,-5.37140656012255,0
b2AR-decoy_2325,CC(C)CC(=O)NC(=S)Nc1ccc(NC(=O)c2cccs2)cc1,-5.37137761024624,0
b2AR-decoy_2723,O=C(COc1ccccc1SCc1ccc(Cl)cc1)NNC(=O)c1ccccc1Cl,-5.37101477989015,0
b2AR-decoy_1181,CC(C)CCOC1(C(F)(F)F)OC(=O)Nc2ccc(Cl)cc21,-5.37065736570372,0
b2AR-decoy_2926,C=C1/C(=C\C=C2/CCC[C@]3(C)C([C@H](C)CCC/C(=N\O)C(C)(C)C)=CC[C@@H]23)C[C@H](O)C[C@H]1O,-5.369005266124,0
b2AR-decoy_197,CCC(=O)CCCCC[C@@H]1NC(=O)[C@H]2CCCCN2C(=O)[C@H]([C@@H](C)CC)NC(=O)[C@H](Cc2cn(OC)c3ccc(Br)cc23)NC1=O,-5.36887888736373,0
b2AR-decoy_3071,CC(C)OC1=C[C@@]2(C)C(=CC1=O)C=C[C@@H]1[C@@H]2CC[C@@]2(C)[C@H]1C[C@@H]1O[C@]3(CC[C@@H](C)CO3)[C@@H](C)[C@@H]12,-5.36872463709685,0
b2AR-decoy_1575,CCCc1cccc(c2cc(NC(=O)[C@@H]3CNC(=O)C3)nn2c2cccc(OCC3(C)COC3)c2)c1,-5.3676900688908,0
b2AR-decoy_268,O=C(/C=C/c1ccc([N+](=O)[O-])cc1)Nc1ccc(N2CC[NH+](CC(O)(Cn3cncn3)c3ccc(F)cc3F)CC2)c(C(F)(F)F)c1,-5.3667624262588,0
b2AR-decoy_2258,Cc1ccc(C(=O)Nc2cccc(C(=O)/C=C/c3ccc4c(c3)c3ccccc3n4C)c2)cc1,-5.36666607171311,0
b2AR-decoy_1236,Cc1ccc(c2cc(c3ccc4c(c3)CN(C(C)C)C4=O)on2)cn1,-5.36302472009668,0
b2AR-decoy_2595,CC(C)C(=O)CC[C@@H](C)[C@H]1CC[C@@]2(C)[C@@H]3CC[C@H]4C(C)(C)C(=O)CC[C@@]45C[C@@]35CC[C@]12C,-5.36286725343522,0
b2AR-decoy_2481,CN(C)c1ccc(C2(c3ccc(N(C)C)cc3)C=Cc3ccccc3O2)cc1,-5.3627255050776,0
b2AR-decoy_1381,C=C(c1cc(Cl)cc(Cl)c1OCc1ccsc1)n1ccnc1,-5.35926075401667,0
b2AR-decoy_1615,Cc1ccc2c(C)c(C(=O)N(Cc3ccc(N(C)C)cc3)Cc3ccco3)oc2c1C,-5.35867836880985,0
b2AR-decoy_966,CCCCCc1cc(O)c2c(c1)OC(C)(C)[C@@H]1CC[C@@]3(C)O[C@H]3[C@@H]21,-5.35686447178294,0
b2AR-decoy_3062,CC(c1ccc(C2(S(=O)(=O)c3ccc(F)cc3)CCCC2)cc1)(C(F)(F)F)C(F)(F)F,-5.35675996915706,0
b2AR-decoy_1856,C/C(CC(=O)NCC(C)C)=N\NC(=O)COc1cc(C)c(Br)cc1Br,-5.35562198264843,0
b2AR-decoy_2128,COc1ccc(c2ccn(c3ccc(O)nc3)c2c2ccc(C(N)=O)cc2C)cc1,-5.35514772776802,0
b2AR-decoy_1158,COc1ccc(c2cc(O)c3c(c2)oc(N)c3c2cccs2)cc1OC,-5.35444334602076,0
b2AR-decoy_1522,CC(C)c1cc(CCCCCCC(O)(C(N)=O)C(F)(F)F)cc(C(C)C)c1O,-5.35284033838633,0
b2AR-decoy_2016,CC1(C)CC=C(c2cc(CCO)ccc2NC(=O)c2nc(C#N)c[nH]2)CC1,-5.35245478404403,0
b2AR-decoy_1768,Cc1ccc(NC(=O)CN2C(=O)C(c3ccc(C(C)(C)C)cc3)=NC2(C)C)cc1,-5.35125263098602,0
b2AR-decoy_1430,COC(=O)c1c[nH]c(c2ncc[nH]2)n1,-5.35089492318145,0
b2AR-decoy_2279,Cc1cccc(NC(=O)CSc2nc(c3cccs3)cc(C(F)(F)F)c2C#N)c1C,-5.35028511629527,0
b2AR-decoy_3135,C=C(CC[C@@H](C)[C@H]1CC[C@@H]([C@@H]2C[C@H]3O[C@]34C[C@@H](O)CC[C@]4(C)C2=O)[C@]1(C)CCO)C(C)C,-5.34961794670883,0
b2AR-decoy_2441,COC(=O)[C@]1(C)CCC[C@@]2(C)C1CC[C@]13C=C(C(C)C)[C@H](CC21)CC3(Cl)C#N,-5.3476359556532,0
b2AR-decoy_944,FC(F)(F)c1ccccc1c1cc2cn[nH]c2cc1OCC1CC1,-5.34757869076292,0
b2AR-decoy_1131,CC(C)n1cc(/C=N\NC(=O)c2cc3c(ccc4ccccc43)o2)c2ccccc21,-5.34691583184263,0
b2AR-decoy_2667,O=C1c2ccccc2C(=O)N1CCOC(=S)N(C(=O)c1cc2ccccc2s1)c1ccc(Cl)cc1,-5.34483833209815,0
b2AR-decoy_2831,Clc1ccc(c2nc3occn3c2/C=N/OCc2ccc(Cl)c(Cl)c2)cc1,-5.34476905461132,0
b2AR-decoy_827,COc1ccc(c2cc3c(cc2OC)CC[C@@H]2[C@@H]3CC[C@@]3(C)[C@H]2CC[C@]3(C)O)cc1,-5.34402993345165,0
b2AR-decoy_2433,Clc1ccc(C(Cn2ccnc2)OCc2ccc3ccccc3c2)c(Cl)c1,-5.34287630787511,0
b2AR-decoy_177,O=C(CCc1c[nH]c2ccc(Br)cc12)NCCSSCCNC(=O)CCc1c[nH]c2ccc(Br)cc12,-5.34251627336948,0
b2AR-decoy_1095,COc1ccc(c2ccc(C(=O)Nc3ccc(OC)nc3)c3occc32)c(C)c1,-5.34205017183157,0
b2AR-decoy_2888,COC(=O)c1cc(CSc2nnc(c3ccc(C)cc3)c(c3ccc(C)cc3)n2)oc1C,-5.34118210072758,0
b2AR-decoy_2729,COc1c(CC=C(C)C)cc(C2CC(=O)c3ccc(O)cc3O2)cc1CC=C(C)C,-5.3406044302289,0
b2AR-decoy_1810,O=S(=O)(Oc1cccc(OCCc2cccc(O)c2)c1)c1cccc(Cl)c1Cl,-5.33957447203149,0
b2AR-decoy_741,CC(C)=CCc1c(O)c(CC=C(C)C)c2c(c1O)C(=O)C[C@@H](c1ccc(O)cc1)O2,-5.33828774664771,0
b2AR-decoy_2586,CC(C)CO[C@H]1CC[C@@]2(C)[C@@H](CC[C@H]3[C@@H]4C[C@@H](Br)C(=O)[C@@]4(C)CC[C@@H]32)C1,-5.33815820199298,0
b2AR-decoy_1826,CCCCCCCCCC(=O)O[C@@H]1[C@@H](C)[C@@]2(O)[C@@H](C=C(CO)C[C@]3(O)C(=O)C(C)=C[C@@H]23)[C@@H]2C(C)(C)[C@]12O,-5.33788852849967,0
b2AR-decoy_1795,O=C1/C(=C/c2ccco2)SC(=S)N1CCCCNc1ccnc2cc(Cl)ccc12,-5.33774797364552,0
b2AR-decoy_2639,CCCC(CCC)C(=O)N(C)C(=O)c1nn(c2ccc(Cl)cc2Cl)c(c2ccc(Cl)cc2)c1C,-5.33664548967349,0
b2AR-decoy_65,CC(C)=CCC[C@H](C)[C@H]1CC[C@]2(C)C[C@H]3[C@H](C(=O)C[C@@]3(C)O)C(C=O)=CC[C@@H]12,-5.33627546716517,0
b2AR-decoy_2641,O=Nc1c(c2ccc(c3cc4ccccc4oc3=O)cc2)nc2sc(Cc3noc4ccccc34)nn12,-5.33622937514616,0
b2AR-decoy_2582,CCCCCC[C@H]1C[C@H]2[C@@H]3CCC(=O)[C@@]3(C)CC[C@@H]2[C@@]2(C)CCC(=O)C=C12,-5.33554497156083,0
b2AR-decoy_1735,Cc1cccc(NC(=O)CSc2nnc(c3ccco3)c(c3ccco3)n2)c1C,-5.33469285926608,0
b2AR-decoy_369,Nc1ccc(c2cc(=O)c3c(N)c(F)c(Br)c(F)c3o2)cc1F,-5.33389968593284,0
b2AR-decoy_2434,C/C(=N\OC(=O)c1cccnc1)[C@H]1CC[C@H]2[C@@H]3CCC4=CC(=O)CC[C@]4(C)[C@H]3CC[C@]12C,-5.33330403902627,0
b2AR-decoy_207,COc1cc(C(=O)NS(=O)(=O)c2ccccc2C)ccc1Cn1cc(CCC(=O)N2CCOCC2)c2ccc(C(=O)NCC3CCCC3)cc21,-5.33134640020667,0
b2AR-decoy_3019,COC(=O)[C@]1(C)CCC[C@]2(C)[C@@H](CC/C(C)=C/[C@H](O)[C@H]3OC(=O)C=C3C)[C@](C)(O)CC[C@H]21,-5.33099632773343,0
b2AR-decoy_592,O=C(/C=C/c1ccc(F)cc1)c1cccc(Oc2cccc(O)c2)c1,-5.33097537084456,0
b2AR-decoy_2885,O=C(/C=C/c1ccc(n2ccnc2)cc1)c1ccc(OCc2ccc(Cl)cc2Cl)cc1,-5.3298155274159,0
b2AR-decoy_2036,COc1ccc(/C=C2\CCC/C(=C\c3ccc(O)c(OC)c3)C2=O)c(OC)c1,-5.32802155830061,0
b2AR-decoy_2427,CCCCCn1/c(=N/C(=O)c2cccc3ccccc23)sc2ccccc21,-5.32786263599629,0
b2AR-decoy_2834,C[C@H]1CCC([C@@H](C)[C@H]2CC[C@H]3[C@@H]4CC=C5C[C@@H](O)CC[C@]5(C)[C@H]4CC[C@@]32C)=NC1,-5.32454354390157,0
b2AR-decoy_404,CC(=O)[C@@]1(O)[C@@H](C)C[C@H]2[C@@H]3CCC4=CC(=O)C=C[C@]4(C)[C@@]3(F)[C@@H](O)C[C@@]21C,-5.32442204584355,0
b2AR-decoy_430,CCc1ccc2[nH]c(C(=O)Nc3ccc4c(c3)OCO4)cc2c1,-5.32091431906468,0
b2AR-decoy_1927,CCCCCCC(=O)O[C@H]1CC[C@H]2[C@@H]3CC[C@H]4CC(=O)C=C(C)[C@]4(C)[C@H]3CC[C@]12C,-5.32067220670707,0
b2AR-decoy_2665,CO/N=C(/c1ccc(OC(F)(F)F)cc1)c1ccccc1COc1ccc(C(F)(F)F)cn1,-5.3178273666173,0
b2AR-decoy_802,CCCCOC(=O)[C@H](C)c1cc(O)c2c(c1)OC(C)(C)[C@@H]1CC=C(C)C[C@@H]21,-5.31696854452771,0
b2AR-decoy_2096,COc1c(O)cc2c(c1O)-c1c(cc(O)c(OC)c1OC)C[C@@H](C)[C@@H](C)C2,-5.31688718249415,0
b2AR-decoy_1673,O=C(c1cnc(c2ccco2)s1)N1CCCC1Cn1cccn1,-5.31570303321712,0
b2AR-decoy_570,O=c1c(c2cc(Cl)c(O)c(Cl)c2)coc2cc(O)ccc12,-5.31562361002181,0
b2AR-decoy_2478,Clc1ccccc1C(Cc1c(Cl)cccc1Cl)Cn1ccnc1,-5.31275926303927,0
b2AR-decoy_2038,Cn1ncc(Cl)c1C(=O)NCc1ccc(Oc2ccc(Cl)cc2)cc1,-5.31266190973236,0
b2AR-decoy_1127,CCCCC(=O)c1cc2c(cc1O)CC[C@@H]1[C@@H]2CC[C@]2(C)C(=O)CC[C@@H]12,-5.31206161375796,0
b2AR-decoy_969,O=C(/C=C/c1ccc(OCc2ccc(Cl)cc2)cc1)c1ccc(O)cc1,-5.30792080336227,0
b2AR-decoy_28,COc1ccc(C2CC(=O)c3c(O)cc(OC)c(CC=C(C)C)c3O2)cc1,-5.30772416493929,0
b2AR-decoy_2824,N#Cc1c(C(F)(F)F)cc(c2ccc(Oc3ccccc3)cc2)n(Cc2ccc(F)cc2F)c1=O,-5.30627841905039,0
b2AR-decoy_2576,Cc1cc2c(C(C)C)ccc(C)c2cc1OC(=O)c1ccc(C(F)(F)F)cc1,-5.30548321621092,0
b2AR-decoy_84,C[C@]12CC[C@H]3[C@@H](CCC4C[C@H](NC(=O)C5CC5)CC[C@@]43C)[C@@H]1CC=C2c1cccnc1,-5.30395507381774,0
b2AR-decoy_2668,Cc1ccc(c2c(C)c(OCCOc3c(Cl)cc(OCC=C(Cl)Cl)cc3Cl)nn2C)cc1,-5.3037424020094,0
b2AR-decoy_1715,CN(C)C(=O)CSc1ncnc2scc(c3ccccc3)c12,-5.30125646147438,0
b2AR-decoy_2060,COC(=O)c1cc2sc(Cl)cc2n1CC(=O)Nc1cccc(SC)c1,-5.29782858481185,0
b2AR-decoy_1477,CC(C)(C)OC(=O)n1cccc1B(O)O,-5.29623518828352,0
b2AR-decoy_238,CCCNC(=O)CCC(=O)O[C@H](C(=O)N1CSC(C)(C)[C@H]1C(=O)NC(C)(C)C)[C@H](Cc1ccccc1)NC(=O)COc1c(C)cccc1C,-5.29571259547954,0
b2AR-decoy_2323,CCOc1cc(c2cc(c3ccc(OC)cc3)nc(N)c2C#N)ccc1O,-5.29510419223811,0
b2AR-decoy_2799,CC1=N[C@H](CC(C)C)C(=O)N(Cc2ccc(C(C)(C)C)cc2)c2cc(C(=O)OC(C)(C)C)ccc21,-5.29116584213915,0
b2AR-decoy_2345,CC(C)(CO)NC(=O)/C=C1/CC[C@H]2[C@@H]3CC=C4C[C@@H](O)CC[C@]4(C)[C@H]3CC[C@]12C,-5.29106811766475,0
b2AR-decoy_2430,Cc1ccc(OP(=O)(Oc2ccc(C)cc2)C(=O)Oc2ccccc2)cc1,-5.28837881187947,0
b2AR-decoy_1383,C=CCN1C(=O)/C(=N/c2ccc(Cl)c(Cl)c2)c2ccccc21,-5.28688197591107,0
b2AR-decoy_2082,CCCN(CC(=O)Nc1cc(Cl)ccc1Cl)C(=O)/C=C/c1ccco1,-5.28611937194363,0
b2AR-decoy_2480,COc1ccc([C@H]2CC(=O)C=C(/C=C/c3ccc(Cl)cc3)C2)cc1,-5.28452315438115,0
b2AR-decoy_2231,CCc1oc2ccccc2c1C(=O)c1ccc(Br)c(O)c1Br,-5.28129299716828,0
b2AR-decoy_686,CCCC/C=C\C1(c2cc(O)c3c(c2)OC(C)(C)[C@@H]2CCC(=O)C[C@@H]32)CCC1,-5.27839107302164,0
b2AR-decoy_1316,CCc1cc(Oc2ccc([N+](=O)[O-])cc2C#N)ccc1Cl,-5.27754951254352,0
b2AR-decoy_1537,CCSC(CC=C(C)C)c1cc(OC)c2c(c1OC)C(=O)C=CC2=O,-5.2769359571008,0
b2AR-decoy_694,CC(C)CC(=O)c1c(O)c2c(c3c1oc(=O)cc3c1ccccc1)OC(C)(C)C=C2,-5.27654687210935,0
b2AR-decoy_2315,Sc1nnc(NNc2ccc(I)cc2)n1NC1C=CCC1,-5.27631124114245,0
b2AR-decoy_1589,CCCCCC[C@@H](C)/C=C(C)/C=C/C(=O)N[C@H]1C[C@]2(C=C(Cl)C(=O)[C@H](Cl)[C@H]2O)O[C@H]1OC,-5.27394736343344,0
b2AR-decoy_1329,C=C[C@@H](OC/C=C/c1ccc(O)cc1)c1ccc(O)cc1,-5.27343224943731,0
b2AR-decoy_2216,CC(C)[C@@H](C)[C@H](C)C[C@@](C)(O)C1=CC[C@H]2[C@@H]3CC=C4C[C@@H](O)CC[C@]4(C)[C@H]3[C@H](O)C[C@]12C,-5.27006921942247,0
b2AR-decoy_1791,CCCCc1nc(COC2(c3ccccc3)c3ccccc3C(=O)N2Cc2ccccc2)c[nH]1,-5.27001800999948,0
b2AR-decoy_2404,CC(C)Nc1sc(C(=O)c2ccc(I)s2)c(N)c1C#N,-5.26979280358425,0
b2AR-decoy_3198,CCCCCCC(C)(C)c1cc(OC)c2c(c1)OC(C)(C)c1cnn(CC)c1-2,-5.26708735660852,0
b2AR-decoy_1453,Oc1cc(O)nc(S)n1,-5.26708216676322,0
b2AR-decoy_2605,CC(C)CCC1(CCC(C)C)Cc2c(cc(C(C)(C)C)c(O)c2C(C)(C)C)O1,-5.26698311400244,0
b2AR-decoy_2979,COc1cc2c(cc1[C@@H]1CC(=O)c3c(O)c(C)c4c(c3O1)C=CC(C)(C)O4)C=CC(C)(C)O2,-5.26629484138032,0
b2AR-decoy_2413,Clc1ccc([C@H](Cn2ccnc2)OCc2csc3c(Cl)cccc23)c(Cl)c1,-5.26352227276706,0
b2AR-decoy_1132,O=C(NC(=O)c1c(F)cccc1F)OCc1ccc(c2ccc(Cl)cc2)o1,-5.26180786780784,0
b2AR-decoy_277,CO/C1=C\C(C)=C\[C@@H](C)[C@@H](O)[C@@H](C)C/C(C)=C/C=C/[C@H](OC)[C@@H]([C@@H](C)[C@@H](O)[C@H](C)[C@@]2(O)C[C@@H](C(=O)Oc3ccccc3)[C@H](C)[C@@H](C(C)C)O2)OC1=O,-5.26120387547435,0
b2AR-decoy_2282,CC(C)CCC[C@@H](C)[C@H]1CC[C@H]2[C@@H]3C/C(=N/O)[C@@H]4[C@@H](O)[C@@H](O)CC[C@]4(C)[C@H]3CC[C@@]21C,-5.26098895487554,0
b2AR-decoy_1525,CC(=O)c1sc(SCCS(=O)(=O)c2ccc(Cl)cc2)c2c1CCCC2=O,-5.26090495694781,0
b2AR-decoy_895,Cc1cc(Cl)c2ccc(Cl)cc2c1CCC1C[C@@H](O)CC(=O)O1,-5.26042344870149,0
b2AR-decoy_2461,Cc1ccc(C2OOC(c3ccc(/C=N\c4ccc(Cl)cc4)cc3)OO2)cc1,-5.25794469740948,0
b2AR-decoy_1357,COc1cc(C(C)c2ccc3c(c2)c(C)cn3C)cc(OC)c1OC,-5.25777070203097,0
b2AR-decoy_2728,CCC(/C=C/[C@@H](C)[C@H]1CC[C@H]2[C@@H]3CC=C4C(=O)[C@](O)(C(=O)OC)C[C@]4(C)[C@H]3CC[C@@]21C)C(C)C,-5.25511952167807,0
b2AR-decoy_2868,O=C(/C=C/c1ccc(/C=C/C(=O)c2ccc3ccccc3c2)cc1)c1ccc2ccccc2c1,-5.25501137090106,0
b2AR-decoy_1415,NS(=O)(=O)c1c(F)c(F)cc(F)c1F,-5.25389820469914,0
b2AR-decoy_1340,CC(=O)OCC(C)/C1=C/C=C(\C)CC/C=C(\C)CC[C@H]2O[C@]2(C)CC1,-5.25239452517266,0
b2AR-decoy_1893,Cc1cccc(OCC(=O)N(Cc2cccs2)c2ccc(Cl)cc2)c1C,-5.25078014626007,0
b2AR-decoy_1599,Cc1cc2c(cc(C(=O)N[C@H](CO)c3ccc([S@+]([O-])CC(=O)OC(C)C)cc3)n2C)c(F)c1F,-5.24875058718296,0
b2AR-decoy_1065,O=C(CCCCCc1ccc(Br)cc1)N1CCOC1=O,-5.24580222784072,0
b2AR-decoy_116,CC1=C(CCC2=NN=NN2)c2cc(F)ccc2/C1=C\c1ccc(C(C)C)cc1,-5.24552389213957,0
b2AR-decoy_2842,CO/C=C(/C(=O)OC)c1ccccc1/C=C/c1ccc(c2ccccc2C(F)(F)F)o1,-5.24545763493707,0
b2AR-decoy_2571,CCCCCC(C)(C)c1cc(OC)c2c(c1)OC(C)(C)[C@@H]1CCC(C)=C[C@@H]21,-5.24400930029896,0
b2AR-decoy_1103,O=C1/C(=C/c2ccc(O)cc2)Cc2ccccc2/C1=C\c1ccc([N+](=O)[O-])cc1,-5.24303421926798,0
b2AR-decoy_2262,CC1=NN(c2cc(F)c(O)c(F)c2)C(=O)/C1=C\c1ccc(c2ccccc2C(F)F)o1,-5.24292541632394,0
b2AR-decoy_1307,COc1ccc(/C=C/C(=O)/C=C/c2ccc(OC)cc2)cc1,-5.23772632233212,0
b2AR-decoy_2246,COc1ccc2c(c1)CC[C@@H]1[C@@H]2CC[C@]2(C)C([C@@](C)(O)C(=O)/C=C/c3ccc(F)cc3)=CC[C@@H]12,-5.23562918182029,0
b2AR-decoy_2904,Cn1c(C23CCC(c4nc(c5ccc(F)cc5)no4)(CC2)CC3)nnc1c1ccc(OC(F)F)cc1,-5.23372861704071,0
b2AR-decoy_3005,CCOC(=O)/C=C/c1c(O)c(OC)cc(NS(=O)(=O)c2cccs2)c1SC,-5.23301151122125,0
b2AR-decoy_2377,CC(C)(C)C1CCC(C(=O)NCCc2ccc(S(N)(=O)=O)cc2)CC1,-5.232710736722,0
b2AR-decoy_2269,CC(=O)O[C@H]1CC[C@@]2(C)C(=CC[C@H]3[C@@H]4CC[C@H]([C@@](C)(O)c5ccccn5)[C@@]4(C)CC[C@@H]32)C1,-5.23169664607636,0
b2AR-decoy_1602,N#C/C(=C\c1ccccc1Cl)C(=O)NCCCCNC(=O)/C(C#N)=C/c1ccccc1Cl,-5.23163361523962,0
b2AR-decoy_721,Cc1[nH]c(C)c(c2ccc(Oc3ccc(C(F)(F)F)cc3)cc2)c(=O)c1Cl,-5.23142803732968,0
b2AR-decoy_1243,Cc1nc(c2cccnc2)sc1c1nnc(c2cccc(Cl)c2Cl)o1,-5.23078857238047,0
b2AR-decoy_2694,OCc1ccc[n+](/C(C([S-])=Nc2cccc3ccccc23)=C(/O)c2ccc(Cl)s2)c1,-5.22822451445372,0
b2AR-decoy_1836,C=C1C(=O)[C@@]23[C@@H]([C@@H](O)C[C@@H]1[C@H]2O)[C@]12CCCC(C)(C)[C@H]1C[C@H]3O[C@@H]2OCCn1cc(CCCCC)nn1,-5.22540467401729,0
b2AR-decoy_2560,[N-]=[N+]=Nc1ccc(c2nc(c3ccncc3)c(c3cccc(I)c3)[nH]2)cc1,-5.22424086633418,0
b2AR-decoy_1336,CCCCCc1cccc2c1S(=O)(=O)c1ccccc1O2,-5.22304279634705,0
b2AR-decoy_950,Cc1[nH]c(C)c(c2ccc(Oc3ccc(F)cc3)cc2)c(=O)c1Cl,-5.22260170947139,0
b2AR-decoy_2758,Cn1nc(C(C)(C)C)cc1c1nc2cc(c3ccccc3C(F)(F)F)nc(Cl)c2[nH]1,-5.22163988210871,0
b2AR-decoy_518,N#Cc1cc(O)cc2ccc(c3cccc(O)c3)cc12,-5.21986186014073,0
b2AR-decoy_2738,CC1=CC[C@@H]2[C@@H](C1)c1c(O)cc(C3(C(=O)OCCCCC#N)CCC3)cc1OC2(C)C,-5.21980309391864,0
b2AR-decoy_2744,COc1ccc(/C=C/Sc2nc(C(C)c3c(Cl)cccc3Cl)c(C)c(=O)[nH]2)cc1,-5.21739555926379,0
b2AR-decoy_1115,Cc1ccc(NC(=O)CSc2nc(C(F)(F)F)cc(c3ccco3)n2)cc1C,-5.21618886496852,0
b2AR-decoy_956,CO/C(=C\c1ccc(Br)cc1)C(=O)Nc1ccc(C(C)C)cc1,-5.21588645585243,0
b2AR-decoy_2778,CCOC(=O)[C@]1(C)CCC[C@]2(C)[C@@H]1CC[C@@]13C/C(=N\OCc4c(C)noc4C)[C@@](C)(CC[C@@H]21)C3,-5.21496984855068,0
b2AR-decoy_1816,COc1ccc(C(=Cc2ccc(OC)c(O)c2)C(=O)c2cc(OC)c(OC)c(OC)c2)cc1,-5.21205441431398,0
b2AR-decoy_1165,Cn1nc(C(C)(C)C)cc1NCc1coc(c2ccc(C(C)(C)C)cc2)n1,-5.21076185286235,0
b2AR-decoy_2039,CC(C)c1ccc(NC(=O)CSc2ncc3c(n2)CC(C)(C)CC3=O)cc1,-5.21000969346286,0
b2AR-decoy_367,Cc1oc(C)c2c(=O)ccc3c(c12)OC(N)=C(C#N)C3c1ccc(F)cc1,-5.20859467892927,0
b2AR-decoy_537,C=CCc1c(O)cc(O)c2c1OC(c1ccc(Cl)cc1)CC2=O,-5.20598858543298,0
b2AR-decoy_1028,CCOP(=O)(CCCCCCN=C=S)c1ccccc1,-5.205918555761,0
b2AR-decoy_2779,CCC(C)(C)c1nnc(c2nn(c3ccc(Cl)cc3Cl)c(c3ccc(Cl)cc3)c2C)o1,-5.20475405536555,0
b2AR-decoy_1176,CCCCCCC(=O)c1cc(O)c2c(c1)OC(C)(C)[C@@H]1CC=C(C)C[C@@H]21,-5.20466951401609,0
b2AR-decoy_2050,CC(C)(C)c1ccc(C(=O)N/N=C/c2ccc(c3ccc([N+](=O)[O-])cc3)o2)cc1,-5.20427941618832,0
b2AR-decoy_948,COc1c(Cl)cc(Cl)cc1C(=O)c1[nH]c(Cl)c(Cl)c1Cl,-5.20284635752576,0
b2AR-decoy_3142,Cc1ccc(OC(=O)c2sccc2S(=O)(=O)Nc2onc(C)c2Cl)c(C)c1,-5.20168919495294,0
ASD03130042,CCOCCCNc1nc(NC2CCCCC2)c2ccccc2n1,-5.20141376548647,1
b2AR-decoy_2720,C[C@H](CCC=C(CO)CO)[C@H]1CC[C@@]2(C)C3=C(CC[C@]12C)[C@@]1(C)CCC(=O)C(C)(C)[C@@H]1CC3=O,-5.20099837675743,0
b2AR-decoy_275,C#CCNC(=O)[C@H](CC)[C@H]1CC[C@H](C)[C@H]([C@@H](C)[C@H](O)[C@H](C)C(=O)[C@H](CC)[C@H]2O[C@]3(C=C[C@H](O)[C@]4(CC[C@@](C)([C@H]5CC[C@](O)(CC)[C@H](C)O5)O4)O3)[C@H](C)C[C@@H]2C)O1,-5.19936709025963,0
b2AR-decoy_1987,CNC(=O)C=Cc1cnc(N)c2c1scc2c1ccc2c(c1)OCO2,-5.19894788992774,0
b2AR-decoy_1503,CC(=O)OC(CC(C)C)P1(=O)N(CC(C)(C)C)[C@@H]2CCCC[C@H]2N1CC(C)(C)C,-5.19876832685345,0
b2AR-decoy_1940,Nc1ncc(c2ccc(C(=O)N3CCOCC3)cc2)cc1c1ccc(C(F)(F)F)nc1,-5.19866094460213,0
b2AR-decoy_3040,COc1ccc2c(C(=O)N(C)CC(N)=O)c(OCC(F)(F)F)ccc2c1C(F)(F)F,-5.19467301888169,0
b2AR-decoy_1446,CC(C)(C)/C=N/NC(N)=S,-5.19013589198453,0
b2AR-decoy_226,CCC(=O)O[C@H]1C[C@@H]2C(=CC[C@H]3[C@]4(C)C[C@@H](O)[C@H]([C@@](C)(O)C(=O)CCC(C)(C)OC(C)=O)[C@@]4(C)CC(=O)[C@]32C)C(C)(C)[C@@H]1OC(=O)CC,-5.18937761220594,0
b2AR-decoy_1561,CCc1cc(c2noc(c3cc(C)nc(N(CC)CC)c3)n2)cc(C)c1OC[C@@H](O)CO,-5.18918424254128,0
b2AR-decoy_3049,O=S1(=O)[C@@H](c2ccccc2)c2c(c(c3ccccc3)sc2c2ccccc2)[C@H]1c1ccccc1,-5.18911247366706,0
b2AR-decoy_2168,CC(C)c1c(OC2CCCCC2C)cc(Cc2ccc(F)cc2)[nH]c1=O,-5.18871109952842,0
b2AR-decoy_3121,CC(C)C[C@H](c1c(O)c(C=O)c(O)c(C=O)c1O)[C@@H]1CC[C@@](C)(O)[C@@H]2[C@@H]3[C@H](CC[C@@]12C)C3(C)C,-5.18574000420236,0
b2AR-decoy_184,C=C(F)CO[C@H]1CO[C@@H]2OC[C@H](OC(=O)N[C@@H](Cc3ccccc3)[C@H](O)CN(CC(C)C)S(=O)(=O)c3ccc4nc(NC)oc4c3)[C@H]12,-5.18555114475445,0
b2AR-decoy_457,Nc1c(Cl)cc(C(=O)N2C3CC4CC(C3)CC2C4)cc1Cl,-5.1827325803468,0
b2AR-decoy_1290,COc1nn(C)c(C(F)(F)F)c1Cc1ccc(SC)cc1,-5.18126260013618,0
b2AR-decoy_322,C/C(=N\OC(C)C)C1=CC[C@H]2[C@@H]3CC=C4C[C@@H](O)CC[C@]4(C)[C@H]3CC[C@]12C,-5.18064838320731,0
b2AR-decoy_135,CC1(C)CCC[C@@]2(CO)[C@H]1CC[C@@]1(C)[C@@H]3CC=C(C=O)[C@H](C=O)[C@@]3(C)CC[C@@H]12,-5.17982320714779,0
b2AR-decoy_616,O=S(=O)(Nc1cccs1)c1ccc(c2ccc(Cl)cc2)cc1,-5.17658817166321,0
b2AR-decoy_2074,O=c1cc(/C=N\c2ccc(O)cc2)c2ccc(OCc3ccccc3)cc2o1,-5.17504240462919,0
b2AR-decoy_2689,Cc1cc(C)c(S(=O)(=O)N[C@@H](C)CNc2cccc3c2cnn3c2cccc(C)c2)c(C)c1,-5.17266164060766,0
b2AR-decoy_295,C=C[C@]1(C)C[C@@H](OC(=O)CSC2CCN(C(=O)CCn3cnc4c(N)ncnc43)CC2)[C@@]2(C)[C@H]3C(=O)CC[C@@]3(CC[C@H]2C)[C@@H](C)[C@@H]1O,-5.16974768626822,0
b2AR-decoy_3150,O=C(/C=C/c1ccccc1OCc1ccccc1)/C=C/c1cccc(Cl)c1Cl,-5.16945516596138,0
b2AR-decoy_1796,COc1cc(CSc2nc(O)c(C)c(Cc3c(Cl)cccc3Cl)n2)cc(OC)c1,-5.16918221404022,0
b2AR-decoy_2093,COc1c(N)cc2c(c1OC)-c1ccc(SC)c(=O)cc1[C@@H](NC(C)=O)CC2,-5.16831925133991,0
b2AR-decoy_1566,CCOC(C)(C)CCc1c(O)cc2oc3c(O)ccc(CCC(C)(C)O)c3c(=O)c2c1O,-5.16747266795555,0
b2AR-decoy_31,CC(C)(C)OC(=O)N[C@H](C(=O)OC(C)(C)C)c1ccc2ccccc2c1,-5.16721989974763,0
b2AR-decoy_2022,CC(C(=O)N/N=C1\C(=O)Nc2c(Cl)ccc(Cl)c21)c1ccc(O)cc1,-5.16656946967172,0
b2AR-decoy_1621,CCCCC1Cc2cc(OC)ccc2-c2cc3cc(OC)c(OC)cc3n21,-5.16293281760345,0
b2AR-decoy_1890,Fc1c(F)c(F)c(/N=N/c2c(F)c(F)c(F)c(F)c2F)c(F)c1F,-5.16156199410933,0
b2AR-decoy_618,Cc1ccc(c2cc(NC(=O)C(C)Oc3ccc(C)c(C)c3)on2)cc1,-5.16101731840682,0
b2AR-decoy_1008,CC1=CCC2C(C1)c1c(O)cc(CC#CCCC[N+](=O)[O-])cc1OC2(C)C,-5.16095698319105,0
b2AR-decoy_639,CCC(c1ccc(c2ccc(NC(=O)OC(C)(C)C)cc2)cc1)n1ccnc1,-5.15955962248578,0
b2AR-decoy_1635,CCCCn1c(=O)c2c(c3cc(C(=O)N(CC)C4CC4)ccc31)CCCCC2,-5.15787519469078,0
b2AR-decoy_769,C(=C/c1n[nH]c2cc(c3ccncc3)ccc12)\c1ccc2c(c1)OCO2,-5.15671934280874,0
b2AR-decoy_2454,COc1ccc2c(c1)CC[C@@H]1[C@@H]2CC[C@@]2(C)[C@H]1C[C@H]1CCCC[C@]12C(C)=O,-5.15635609680851,0
b2AR-decoy_82,CC(C)=CCc1c(O)c2c(c3c1OC(C)(C)C=C3)CC=C(c1ccc(O)c(O)c1)C2=O,-5.1556997049973,0
b2AR-decoy_1291,CCOc1ccc(/C=C\c2cc(OC)cc(OC)c2)cc1,-5.15483945876309,0
b2AR-decoy_939,Cc1cc(C(c2ccc(O)cc2)c2cc(C)c(O)cc2C)c(C)cc1O,-5.15367126624738,0
b2AR-decoy_2095,CC(C)Cc1ccc(c2n[nH]c3c2C(c2ccc(N(C)C)cc2)C(C#N)=C(N)O3)cc1,-5.15339639962765,0
b2AR-decoy_1031,CN(C)c1ccc(/C=C/c2ccc(OCC3COC(C)(C)OC3)cc2)cc1,-5.15229615232117,0
b2AR-decoy_1860,C[C@H](NC(=O)c1c[nH]nc1C#N)c1ccc(O[C@@H]2CCN(c3ccc(OCC4CC4)cc3)C2)cc1,-5.15066796986667,0
b2AR-decoy_1108,CCOC(=O)c1ccc(c2ccc(/C=C(\C#N)c3nc4cc(C)ccc4[nH]3)o2)cc1,-5.14997119942639,0
b2AR-decoy_1425,CC(C)C(O)C#CC(C)(C)O,-5.14965426686692,0
b2AR-decoy_1387,COc1ccc(c2ccc(c3ccc4c(c3)COC4=O)s2)cc1,-5.14814512544879,0
b2AR-decoy_1377,Cc1ccc(OC(=O)c2cc(c3ccc(C)c(C)c3)on2)c(C)c1,-5.14759300379271,0
b2AR-decoy_1515,COc1ccc(c2nc3sccn3c2/C=N/OCc2ccc(Cl)c(Cl)c2)cc1,-5.14402616557508,0
b2AR-decoy_1535,Cc1ccccc1c1cc(N(Cc2ccccc2)Cc2cncn2C)ccc1C#N,-5.14199513806745,0
b2AR-decoy_2853,CC(C)(C)c1cc(c2ccc(C(=O)N3CCCCC3)s2)cc(C(C)(C)C)[s+]1,-5.13803291273373,0
b2AR-decoy_593,CC(=O)c1ccc(Oc2ccc(O)c(C(C)(C)C)c2)c(Cl)c1,-5.13784269181296,0
b2AR-decoy_624,COc1ccc(c2n[nH]c3c2Cc2sc(c4cccnc4)cc2-3)cc1,-5.13418666735479,0
b2AR-decoy_2091,NC(=O)CCCOc1cc(Cl)c2c(c1)C(O)(C(F)(F)F)c1ccccc1-2,-5.13333734236891,0
b2AR-decoy_312,COc1ccc(S(=O)(=O)Nc2cccc3c2O[C@H](CN(C)C(=O)Nc2ccc(C(F)(F)F)cc2)[C@@H](C)CN([C@H](C)CO)C3=O)cc1,-5.13246414292244,0
b2AR-decoy_1491,Nc1ncc([N+](=O)[O-])s1,-5.12948697717613,0
b2AR-decoy_1126,C=C1[C@H](O)CC(=C/C=C2\CCC[C@@H]3[C@@H](CCCCC(C)(C)O)CC[C@@H]23)C[C@H]1O,-5.12564569668849,0
b2AR-decoy_2277,O=C1CCCCCCCCCC/C(=N\OCc2c(F)cccc2Cl)CCN1,-5.12217679564393,0
ASD03130048,CCN(CC)c1nc(NC2CCCCC2)c2ccccc2n1,-5.12177970602725,1
b2AR-decoy_1587,COc1ccc(Cn2c(C(=O)[O-])c(C[NH2+]Cc3ccc(SC)cc3)c3ccc(OC)cc32)cc1,-5.12154765665988,0
b2AR-decoy_1745,CC(C)(C#N)c1ccc(NC(=O)C2=CCN(c3ncccc3C(F)(F)F)CC2)cc1,-5.12145775856145,0
b2AR-decoy_3111,O=C(N/N=C/c1ccc(OC(F)(F)C(F)F)cc1)c1cnc2c(C(F)(F)F)cccc2c1O,-5.12141542144297,0
b2AR-decoy_1442,COc1cc(O)cc(Br)c1O,-5.12040353208596,0
b2AR-decoy_1337,CCCN(c1cc(Cl)ncn1)n1ccc2ccccc21,-5.11995523495118,0
b2AR-decoy_1862,Nc1ccccc1NC(=O)c1ccc(CN(CC(=O)NCc2ccccc2)C(=O)c2cccnc2)cc1,-5.11846104006188,0
b2AR-decoy_579,COc1cc(O)c2cc(c3cc(OC)cc(O)c3C)oc2c1,-5.11810941519463,0
b2AR-decoy_2531,CCC(C)C(=O)O[C@@H]1c2cc3c(c(O)c2-c2c(cc(OC)c(OC)c2OC)C[C@@H](C)[C@H]1C)OCO3,-5.11787816144022,0
b2AR-decoy_2786,C=C(CC[C@@H](C)[C@H]1CC[C@H]2C3=C(C(=O)C[C@@]21C)[C@@]1(C)CCC(=O)[C@@H](C)[C@@H]1CC3)C(C)C(=O)OC,-5.11561775128446,0
b2AR-decoy_548,C=C1CC[C@H]2C(C)(C)CCC[C@]2(C)[C@H]1C[C@@H](O)C1=CC(=O)OC1O,-5.11483012281879,0
b2AR-decoy_227,CO[C@H]1[C@H](C)O[C@@H](O[C@@H]2C[C@@H]3CC[C@@H](C)[C@H](O)C[C@@](C)(CC/C=C/C=C\Br)OC(=O)C[C@](O)(C2)O3)[C@H](OC)[C@@H]1OC,-5.11448650078944,0
b2AR-decoy_1876,CCC/C=C\Cn1nnc(c2ccc(Cl)cc2Cl)c1c1ccc(Cl)cc1,-5.11299570913692,0
b2AR-decoy_2320,CC(O)(COc1ccc(O)cc1)C(=O)Nc1ccc(C#N)c(C(F)(F)F)c1,-5.10866327884828,0
b2AR-decoy_364,CCCC[C@@]12CCC(=O)C(C(F)(F)F)=C1c1ccc3[nH]ncc3c1C2,-5.1065854018422,0
b2AR-decoy_2650,COc1cc(OCc2cccc(c3ccc(C#N)nc3)c2)c2cc(c3cn4nc(OC)sc4n3)oc2c1,-5.10475462179233,0
b2AR-decoy_2033,C/C(=N\NS(=O)(=O)c1ccc(N)cc1)c1ccc(n2c(C)ccc2C)cc1,-5.10390752292403,0
b2AR-decoy_2771,CC(C)c1nc(C(=O)NCc2ccc(Cl)c(F)c2)c(c2ccc(C#N)cc2)s1,-5.10372143072437,0
b2AR-decoy_1892,O=[N+]([O-])c1ccc2c3ccc([N+](=O)[O-])c4ccc5ccc6ccc1c2c6c5c43,-5.10210678282333,0
b2AR-decoy_2958,C=CCc1ccc(OP2(=S)OCc3cc(C(C)C)ccc3O2)c(OC)c1,-5.10183092264294,0
b2AR-decoy_2900,CC(C)(C)C(=O)N(CCc1ccsc1)C[C@@H]1CSC(c2ccccc2)N1C(=O)c1ccccc1,-5.10166012209804,0
b2AR-decoy_1510,COc1cc(c2c(c3ccc(SC)cc3)cnn2C)cc(OC)c1OC,-5.10003590855539,0
b2AR-decoy_1990,O=C1NC(=O)C(n2cc(CCCO)c3ccccc32)=C1c1c[nH]c2ccccc12,-5.09900815958114,0
b2AR-decoy_2664,FC(F)Oc1ccc(c2nnc3cncc(Oc4ccc(Cl)c(C(F)(F)F)c4)n32)cc1,-5.09753764252911,0
b2AR-decoy_93,C[C@H](C(O)CCC(C)(C)O)[C@H]1CC[C@H]2[C@@H]3CC=C4C[C@@H](O)CC[C@]4(C)[C@H]3CC[C@@]21C,-5.09679443106172,0
b2AR-decoy_859,COc1cc2c(cc1CCC(C)C)C(=O)C[C@@H](c1ccc(O)cc1)O2,-5.09412511674233,0
b2AR-decoy_1120,Cc1ccccc1NC(=O)CSc1nc2c(c(c3ccco3)c1C#N)CCCC2,-5.09392533404553,0
b2AR-decoy_655,Cc1ncnc(C)c1c1ccc(Oc2nccc3[nH]ccc23)cc1Cl,-5.09108285687574,0
b2AR-decoy_1989,C=C1CC[C@@H](OC)[C@@](O)(CO)C[C@H]2O[C@@]23[C@H](C(C)(C)O)CC[C@@]3(C)CC1,-5.08975811265813,0
b2AR-decoy_3034,O=c1cc(c2ccnc(NC(CF)CF)n2)ccn1[C@H](CO)c1ccc(Cl)c(F)c1,-5.08783883346215,0
b2AR-decoy_1017,CCCOC(=O)N(CC)P(C)(=S)Oc1ccc([N+](=O)[O-])cc1,-5.08768420503192,0
b2AR-decoy_92,C[C@H](CCCC(C)(C)O)[C@H]1CC[C@H]2[C@@H]3[C@H](O)C=C4C[C@@H](O)CC[C@]4(C)[C@H]3CC[C@@]21C,-5.08735438797682,0
b2AR-decoy_3065,CC(C)CCC[C@@H](C)[C@H]1CC[C@H]2[C@@H]3C(C=O)=C4C[C@@H](O)CC[C@]4(C)[C@H]3CC[C@@]21C,-5.08561674116999,0
b2AR-decoy_474,CCCC(=O)c1cc2c(c(O)c1C)C(=O)C(=O)c1c(O)cccc1-2,-5.08520004609917,0
b2AR-decoy_770,COCc1cc2[nH]ncc2cc1c1ccccc1C(F)(F)F,-5.07981246082306,0
b2AR-decoy_2053,Cc1nc(c2ccc(C(C)C)c(S(=O)(=O)Nc3cccc(C#N)c3)c2)cs1,-5.07933069281793,0
b2AR-decoy_298,CC(C)CN(C[C@@H](O)[C@H](Cc1cc(F)cc(F)c1)NC(=O)O[C@H]1C2CO[C@H]3OC[C@@H]1C3C2)S(=O)(=O)c1ccc2nc(NC3CC3)sc2c1,-5.07815229021375,0
b2AR-decoy_1770,CCOP(=O)(OCC)C(Nc1ccc([N+](=O)[O-])cc1)c1ccc(Cl)cc1,-5.07790294864154,0
b2AR-decoy_463,CC1(C)C(=O)CC[C@]2(C)[C@@H]1CC[C@]13C[C@@H](CC[C@@H]21)[C@](O)(CO)C3,-5.077867439344,0
b2AR-decoy_2669,CCc1nnc(SCc2nc(c3ccccc3Cl)oc2C)c2cc3sc(C)cc3n12,-5.07774046130328,0
b2AR-decoy_1925,CN(C)C(=O)c1cc(Cl)ccc1Sc1cc(Cl)ccc1Cl,-5.07677982335025,0
b2AR-decoy_2727,Cc1ccc(C(=O)O[C@H]2CC[C@@]3(C)C(=CC[C@H]4[C@@H]5CC/C(=N\O)[C@@]5(C)CC[C@@H]43)C2)cc1,-5.07617128134203,0
b2AR-decoy_1903,COc1ccc(c2cc(Oc3cccc(C#N)c3)nnc2c2ccc(OC)cc2)cc1,-5.07168034741015,0
b2AR-decoy_2191,CCc1ccc(c2csc(/C(C#N)=C/Nc3ccc4c(c3)OCCO4)n2)cc1,-5.06811777070267,0
b2AR-decoy_1273,C=CCn1c(Sc2ccc(C#N)c([N+](=O)[O-])c2)nnc1c1ccc(OC)cc1,-5.06580130715949,0
b2AR-decoy_2383,CNC(=O)c1c(SSc2[nH]c3ccccc3c2C(=O)NC)[nH]c2ccccc12,-5.06337445456219,0
b2AR-decoy_2242,CC(C)=CCC[C@](C)(O)[C@H]1CC[C@@]2(C)[C@@H]3CC=C4[C@@H](CCC(=O)C4(C)C)[C@]3(C)C(=O)C[C@]12C,-5.06286470358729,0
b2AR-decoy_3161,Clc1ccc(CO/N=C/c2c(c3ccc4ccccc4c3)nc3occn23)cc1Cl,-5.0611600283962,0
b2AR-decoy_1875,Cc1ccc(CC(CNC(=O)Cc2ccc(NS(C)(=O)=O)c(F)c2)COC(=O)C(C)(C)C)cc1C,-5.05919875534138,0
b2AR-decoy_94,CCCCC[C@](C)(O)[C@H]1CC[C@H]2[C@@H]3C[C@H](O)[C@H]4C[C@@H](O)CC[C@]4(C)[C@H]3CC[C@@]21C,-5.0577945016889,0
b2AR-decoy_2981,CCOC1=C[C@@]2(C)C(=CC1=O)C=C[C@@H]1[C@@H]2CC[C@@]2(C)[C@H]1C[C@@H]1O[C@]3(CC[C@@H](C)CO3)[C@@H](C)[C@@H]12,-5.05765915829421,0
b2AR-decoy_811,C=CCC1Oc2ccc(Cl)c(OC)c2-c2ccc3c(c21)C(C)=CC(C)(C)N3,-5.05711513018158,0
b2AR-decoy_1239,O=C1C(c2ccc(Oc3ccccc3)cc2)=[N+]([O-])c2cc3c(cc21)OCO3,-5.05706659639669,0
b2AR-decoy_601,COc1c(CC=C(C)C)c(O)cc(O)c1c1oc2cc(O)ccc2c1C,-5.05275409608669,0
b2AR-decoy_1431,Cc1nc(N)sc1Br,-5.05083709337959,0
b2AR-decoy_2416,CC(C)=C[C@@H]1C[C@@H]([C@@H]2CC[C@]3(C)C4=CCC5C(C)(C)C(=O)CC[C@]5(C)[C@H]4CC[C@@]23C)CO1,-5.05013987004462,0
b2AR-decoy_2314,O=C(NCc1c[nH]c2ccccc12)c1cc(Br)c(Br)[nH]1,-5.05009332843655,0
b2AR-decoy_2477,CC(C)CCCC(C)C1CCC2C3CCC4N(C)C(=O)CC[C@]4(C)C3CC[C@]12C,-5.04779753167439,0
b2AR-decoy_2730,N#Cc1c(c2ccccc2)cc(C(F)(F)F)c2c3n(nc12)C(c1ccccc1)CCN3,-5.04755206956827,0
b2AR-decoy_1251,c1ccc(c2onc(c3ccco3)c2c2ccc3c(c2)OCO3)cc1,-5.04586207164942,0
b2AR-decoy_1456,CC(C)(C)OC(=O)N/N=C\c1ccc[nH]1,-5.04496832469647,0
b2AR-decoy_2369,CNC(=O)c1cnc(N)c2cc(c3ccc(OC(F)(F)F)cc3)sc12,-5.03995314021476,0
b2AR-decoy_1439,CSCP(O)(O)=S,-5.03834952476223,0
b2AR-decoy_3159,CCCCCCCC[C@H]1C[C@H]2[C@@H]3CCC(=O)[C@@]3(C)CC[C@@H]2[C@@]2(C)CCC(=O)C=C12,-5.03730001950969,0
b2AR-decoy_2671,Cc1c(NC(=O)NC(=O)c2c(F)cccc2F)ccc(SC(F)(F)C(F)Cl)c1C,-5.03630154097826,0
b2AR-decoy_724,Clc1ccc(/C=N/Nc2nc(c3ccc(Cl)c(Cl)c3)cs2)cc1,-5.03415408145427,0
b2AR-decoy_348,CCCCCc1cc2c(c(C(=O)NC)c1)[C@@H]1C=C(C)CC[C@H]1C(C)(C)O2,-5.03400848955019,0
b2AR-decoy_2210,C=C(Br)CC1Oc2cccc(OC)c2-c2ccc3c(c21)C(C)=CC(C)(C)N3,-5.03176362035722,0
b2AR-decoy_2401,COc1c(=O)c2c(O)c(CC=C(C)C)c(O)cc2oc1c1ccc(O)cc1,-5.02979126434955,0
b2AR-decoy_2229,COc1c(CC=C(C)C)c(O)cc2c1[C@@H]1Oc3c(ccc4c3C=CC(C)(C)O4)[C@@H]1CO2,-5.02945772825282,0
b2AR-decoy_2265,O=c1c2ccc(OCc3ccc(Cl)cc3)cc2[nH]c2ccc(Cl)c(Cl)c12,-5.02908404507311,0
b2AR-decoy_782,CC(C)(C)OC(=O)N/N=C\c1ccc(c2cccc(Cl)c2)o1,-5.02848107022706,0
b2AR-decoy_2746,C=C1CC[C@H]2[C@](C)(CCC=C(C)C)[C@H](O)CC[C@]2(C)[C@@H]1C[C@@]1(C(=O)OC)OC(C)=C(C)C1=O,-5.02726156102826,0
b2AR-decoy_3099,CC(=O)N[C@@H](C)/C=C/c1ccc(Oc2ccc3nc(C(C)(C)O)sc3c2Cl)nc1,-5.02609528980136,0
b2AR-decoy_248,CNC(=O)c1ccc(/C=C/C(=O)NCC(=O)N(C)c2ccc(Cl)c(COc3cccc4c3nc(C)cc4n3ccnc3)c2Cl)cc1,-5.02601802142018,0
b2AR-decoy_1409,CC(C)(Br)C(N)=O,-5.02593272965455,0
b2AR-decoy_2843,CC(=O)OC1CC[C@@]2(C)C(=CC[C@@H]3[C@@H]2CC[C@@]2(C)[C@H]3CC[C@@H]2[C@H](C)CCCC(C)C)C1,-5.02407177364982,0
b2AR-decoy_3200,CCN(CC)[c+]1sc2c(s1)C(c1ccc(Cl)cc1)Oc1ccc(Cl)cc1-2,-5.02198006955829,0
b2AR-decoy_3126,CCCCCNS(=O)(=O)c1ccc(N=c2c3ccccc3[nH]c3cc(N)ccc23)cc1,-5.02151619266329,0
b2AR-decoy_1380,CCC1CCC(c2nnc(c3ccc(Br)cc3)o2)CC1,-5.01920553385414,0
b2AR-decoy_3107,C/C(=N\NC(=O)c1ccc(NS(=O)(=O)c2cccs2)cc1)c1ccc(C(C)(C)C)cc1,-5.01825366569864,0
b2AR-decoy_2937,CCOc1cc2c(cc1OCC)C(CC)C(C)=NN=C2c1ccc(Cl)cc1,-5.01775407486091,0
b2AR-decoy_2648,Cc1cc(C(=O)CSc2nnc(c3ccc(OC(F)F)cc3)o2)c(C)n1Cc1cccs1,-5.01751345327708,0
b2AR-decoy_1739,COc1ccc2c(c1)c(C(=O)N/N=C/c1cccc(Br)c1)c(C)n2C,-5.01739839943754,0
b2AR-decoy_707,Oc1cccc2ccc(/C=C/c3ccc(c4cccc(Br)c4)o3)nc12,-5.01687491046436,0
b2AR-decoy_296,CCN(C(=O)c1nc(C(=O)NCC(C)(C)O)sc1c1ccc(S(=O)(=O)N[C@@H](C)C(F)(F)F)c(Cl)c1Cl)C12CC(C1)C2,-5.01636393394946,0
b2AR-decoy_1979,COc1cc(C(CC=C(C)C)SC(=O)c2cccs2)c(OC)c2c1/C(=N/O)C=C/C2=N\O,-5.01514517273424,0
b2AR-decoy_174,CCC(=O)C(F)CCCC[C@@H]1NC(=O)[C@H]2CCCCN2C(=O)[C@H]([C@@H](C)CC)NC(=O)[C@H](Cc2cn(OC)c3ccccc23)NC1=O,-5.01511569817652,0
b2AR-decoy_806,COc1cc(OC)cc(c2sc3ccc(OC)cc3c2c2ccc3cc[nH]c3c2)c1,-5.01172292554511,0
b2AR-decoy_460,COc1ccc2c(c1)/C(=N/Nc1ccc(C(C)(C)C)cc1)C(=O)N2,-5.01100234860229,0
b2AR-decoy_1054,CCCc1cc(=O)oc2cc(OCc3cccc(OC)c3)c(Cl)cc12,-5.00821157441565,0
b2AR-decoy_1852,CCCOc1ccc(C2(C(F)(F)F)CC(c3ccc(C)cc3)=C(NC(=O)CS(C)(=O)=O)C(=O)N2)cc1,-5.0074143501613,0
b2AR-decoy_1418,CC(=O)NC1=CC(=C[N+](=O)[O-])C=C1O,-5.00585662605213,0
b2AR-decoy_2652,CCO/C(CC1=CC[C@H]2[C@@H]3CCc4cc(OC)ccc4[C@H]3CC[C@]12C)=N/S(=O)(=O)c1ccc(C)cc1,-5.00574255884281,0
b2AR-decoy_2756,CCc1ccc(CSc2nc(c3ccccc3F)nc3c2Cc2c(CO)cnc(C)c2O3)cc1,-5.00535006851933,0
b2AR-decoy_2491,CC(C)(C)c1cc2c(OCc3cc(c4ccc(Cl)cc4)no3)ncnc2s1,-5.00430650599069,0
b2AR-decoy_918,CCOC(=O)C1=C(C)Nc2ccccc2SC1c1ccccc1Cl,-5.0042476148763,0
b2AR-decoy_2991,COc1ccc(n2c(O)cc(=O)nc2SCC(=O)Nc2ccc(Br)cc2)cc1,-5.00179644624806,0
b2AR-decoy_672,CCCCN(C(=O)C1=COc2cc(O)c(C(C)(C)C)cc2O1)c1ccccc1,-5.00107677350473,0
b2AR-decoy_1870,O=C(NCCO)/C(=C/c1ccc(Oc2ccccc2Br)cc1)NC(=O)c1ccccc1,-5.00073088768066,0
b2AR-decoy_670,CC1=CCC[C@@H]2[C@]1(C)CC[C@H](C)[C@@]2(C)Cc1cc(N2CCCC2=O)ccc1O,-4.99911972818485,0
b2AR-decoy_10,Cc1cc(/C=C/C(=O)c2cccs2)cc(/C=N/c2nccs2)c1O,-4.99652756140398,0
b2AR-decoy_1973,Cc1ccc(O)c2c3c(nn12)CCC(C)(NC(=O)c1ccc(n2cccn2)cc1Cl)C3,-4.99585613472486,0
b2AR-decoy_3035,Cc1ccc(/C=N/NC(=O)c2cccc(S(=O)(=O)Nc3ccccc3Cl)c2)s1,-4.99507944285539,0
b2AR-decoy_1934,CC(=O)O[C@@H]1[C@@H](O)[C@@H]2O[C@@H]([C@H](C)CCC[C@H](C)[C@@H]3CC=C(C)[C@H]4CCC(C)=C[C@H]43)OC[C@@H](O2)[C@H]1O,-4.99474824300566,0
b2AR-decoy_807,Cc1cc(C)c(Nc2cc(Oc3c(C)cc(C#N)cc3C)ncn2)c(C)c1,-4.99345858983351,0
b2AR-decoy_2412,CCOC(c1ccc(Cl)cc1)C(SC(C)(C)C)n1cnc(Cl)c1,-4.99328693652827,0
b2AR-decoy_30,CCCCC12CCC(=O)C(Br)=C1c1ccc3[nH]ncc3c1C2,-4.99178479310485,0
b2AR-decoy_1280,COc1ccc(C2OOC(c3ccc(C(C)(C)C)cc3)OO2)cc1,-4.99168017697527,0
b2AR-decoy_1311,C(=C/c1cccs1)\c1noc(/C=C/c2cccs2)n1,-4.98961011732897,0
b2AR-decoy_654,Oc1nnc(c2ccccc2)c(c2ccccc2)c1c1ccccc1,-4.9879463195059,0
b2AR-decoy_3109,CCCCN1C(=O)c2[nH]nc(c3ccccc3O)c2C1c1ccc(OCc2ccccc2)cc1,-4.98667982830177,0
b2AR-decoy_370,COc1ccc(c2cc(/C=C3\C(=O)Nc4ccc(F)cc43)[nH]n2)cc1,-4.9864067404596,0
b2AR-decoy_835,Cc1nc(c2ccc(F)cc2)sc1CCNC(=O)c1ccc(C(C)(C)C)cc1,-4.9863280747596,0
b2AR-decoy_98,CCCCNC(=S)N1C/C(=C\c2ccc(C)cc2)C(=O)/C(=C/c2ccc(C)cc2)C1,-4.97570731799803,0
b2AR-decoy_2138,O=C(/C=C/c1cc(O)c(O)c(O)c1)c1cc(O)cc(/C=C/c2ccc(O)cc2)c1,-4.97527765496413,0
b2AR-decoy_3069,COC(=O)[C@]12CCC(C)(C)C[C@H]1C1=CC[C@@H]3[C@@]4(C)C[C@@H](C=O)C(C)(C)[C@@H]4CC[C@@]3(C)[C@]1(C)CC2,-4.97454872223564,0
b2AR-decoy_26,O=C(N/N=C/c1ccc(Cl)cc1)c1cc2c(s1)-c1ccccc1CC2,-4.97374464822955,0
b2AR-decoy_3113,CCOC(=O)CC1C(C(=O)OCC)=C(N)Oc2ccc(c3ccc(C(C)(C)C)cc3)cc21,-4.96879948895813,0
b2AR-decoy_879,Cc1cc(/C=C/C(=O)NCCn2c(C)cc3ccccc32)cc(C)c1F,-4.96793143625523,0
b2AR-decoy_1806,COc1ccc2c(C(=O)c3cc(OC)c(OC)c(OC)c3)c(c3ccc(O)cc3)oc2c1,-4.96513702403929,0
b2AR-decoy_3041,COc1ccc2cc(C3(C)NC(=O)N(CC(=O)NCCC4=CCCCC4)C3=O)ccc2c1,-4.96375365291648,0
b2AR-decoy_2875,CCOc1c(/N=N/c2ccccc2Cl)c(c2ccccc2)nn1C(=S)S,-4.96234238643615,0
b2AR-decoy_480,S=C(N/N=C/c1cccs1)Nc1ccccc1,-4.95693579465292,0
b2AR-decoy_2775,CCS(=O)(=O)c1ccc(CC(=O)Nc2ccc(c3cc(Cl)ccc3Cl)s2)cc1,-4.95638557122816,0
b2AR-decoy_1636,COCCCN(/C(S)=C1/C(=O)c2cc(Cl)ccc2N(C)C1=O)c1ccccc1,-4.95502926791511,0
b2AR-decoy_866,CNc1nc(C)c(C(=O)/C=C/c2c(Cl)cccc2Cl)s1,-4.9530671680677,0
b2AR-decoy_1915,CCCC(=O)c1cc(C(C)(C)C)c2c(c1)C(C1CCCC1)(C1CCCC1)CO2,-4.95275310647319,0
b2AR-decoy_3094,COc1cc(OC)c([C@@H]2COc3c(ccc4c3C=CC(C)(C)O4)C2)cc1/C=C/C(=O)c1ccco1,-4.95067468509155,0
b2AR-decoy_1302,COc1cccnc1C(=O)/C=C/c1ccccc1C(F)(F)F,-4.95039575263613,0
b2AR-decoy_1035,CCn1nnc(c2cc(C)c(OCCCc3cc(C)no3)c(C)c2)n1,-4.94974228908096,0
b2AR-decoy_199,CCNC(=O)Nc1ccc(CCCCc2nnc(NC(=O)Cc3cccc(CNC(=O)OC(C)(C)C)c3)s2)nn1,-4.94972082844333,0
b2AR-decoy_1704,C/C(=N\n1c(C)nc2cc3c(cc2c1=O)OCO3)c1cccs1,-4.94555031582252,0
b2AR-decoy_2877,COc1ccc(F)cc1C(C)(C)CC(O)(Cc1ccc(C)c2ccccc12)C(F)(F)F,-4.94490507870718,0
b2AR-decoy_540,CCOC(=O)c1c(N)sc2c(OC)c(Br)ccc12,-4.94343423973134,0
b2AR-decoy_1873,CCNS(=O)(=O)c1ccc(NC(=O)CSc2nc(C(F)(F)F)cc(c3ccco3)n2)cc1,-4.94203342316845,0
b2AR-decoy_808,CC(C)(C)[Si](C)(C)Oc1ccc(c2cc(=O)c3ccc(O)cc3o2)cc1,-4.93845110520913,0
b2AR-decoy_3,Cc1cccc(/C=N/c2ccc(OCc3ccccc3)cc2)c1O,-4.93815626525501,0
b2AR-decoy_2604,CCCCSc1cnc2c(c1)CCC(c1ccc(Cl)c(Cl)c1)O2,-4.93781282173296,0
b2AR-decoy_2505,Cc1occc1/C(S)=N\c1ccc(Cl)c(COC(C)(C)C)c1,-4.93477690958144,0
b2AR-decoy_395,O=C1c2c(ccc(O)c2O)CN1Cc1cccc(CBr)c1,-4.93470553293102,0
b2AR-decoy_2945,CC(Oc1ccc(c2ccc(C#N)cc2)cc1)C(=O)C12CC3CC(CC(C3)C1)C2,-4.93402481611921,0
b2AR-decoy_1358,CCCc1cc(=O)oc2cc(OCC3CC3)c3c(c12)OC(C)(C)C=C3,-4.93197243615138,0
b2AR-decoy_628,COc1cc(/C(F)=C/c2cc(O)c3ccoc3c2)cc(OC)c1OC,-4.9314246649809,0
b2AR-decoy_2240,C[C@H](C[C@@H]1CCCN(C)C1=O)[C@H]1CC[C@H]2[C@@H]3CC=C4C[C@@H](O)CC[C@]4(C)[C@H]3CC[C@@]21C,-4.93131809597991,0
b2AR-decoy_3176,Cc1ccc(COc2ccc(/C=C/C(=O)/C=C/c3cccc(Cl)c3Cl)cc2)cc1,-4.92703468048811,0
b2AR-decoy_1662,C[C@H](CCCC(C)(C)O)[C@H]1CC[C@H]2/C(=C/C=C3C[C@@H](O)C(O)[C@H](O)C3)CCC[C@@]21C,-4.92613479096672,0
b2AR-decoy_1016,COc1cc(c2nccnc2c2ccc(N(C)C)cc2)cc(OC)c1OC,-4.9256347246437,0
b2AR-decoy_1232,Cc1cccc(c2noc(CN(C(=O)CCc3ccccc3)C(C)C)n2)c1,-4.92550154761738,0
b2AR-decoy_2590,CC1(C)OC(S)=Nc2ccc(c3cc(Br)cc(OC(F)(F)F)c3)cc21,-4.9247974404392,0
b2AR-decoy_3028,CCC(C)(C)NC(=O)C1CCC(CNS(=O)(=O)c2ccc3c(c2)CC(C)N3C(C)=O)CC1,-4.92410205736275,0
b2AR-decoy_2466,C=C(C(=O)OCCCCCCBr)[C@@H]1CC[C@H](C)[C@@H]2CC(=O)C(C)=C2C1,-4.92363075090715,0
b2AR-decoy_2627,CC(C)(C)c1ccc(Sc2nncc(c3cnnc(Sc4ccc(C(C)(C)C)cc4)n3)n2)cc1,-4.92270922746692,0
b2AR-decoy_2769,O=C(CSc1nccnc1c1ccccc1Cl)Nc1ccc(Cl)cc1Br,-4.92105883423582,0
b2AR-decoy_100,Cc1cc(C)nc(SCc2ccc(C(=O)N/N=C3\CC(C)CC(C)(C)C3)cc2)n1,-4.92088229156014,0
b2AR-decoy_1213,COc1cc(/C=N/c2cc(C(C)(C)C)c(O)cc2C)cc(OC)c1OC,-4.9201071011475,0
b2AR-decoy_1427,Nc1cnc(Br)cn1,-4.91939213980761,0
b2AR-decoy_2288,Cc1ccoc1C(=O)Nc1ccc(N2Cc3cccc(Cl)c3C2=O)c(Cl)c1Cl,-4.91568540437825,0
b2AR-decoy_103,CCCCNC(=S)N1C/C(=C\c2ccccc2C)C(=O)/C(=C/c2ccccc2C)C1,-4.91517680683673,0
b2AR-decoy_2264,Cc1c(C(=O)c2ccc(Oc3ccccc3)cc2)oc2cc(c3ccccc3)cc(O)c12,-4.91502775581544,0
b2AR-decoy_1605,N#Cc1ccc(OCC(O)CCNS(=O)(=O)c2ccc(Cl)cc2Cl)cc1F,-4.91483291675058,0
b2AR-decoy_2149,Cc1ccc(C(=O)NC2(C)CCC2)cc1c1ccc2c(Cl)c(N)ncc2c1,-4.91296367697316,0
b2AR-decoy_1799,CCCc1ccc(OCC(=O)Nc2sc3c(c2C(=O)OCC)CCC(C(C)(C)C)C3)cc1,-4.91287753542222,0
b2AR-decoy_862,CC1=C(CCc2ccoc2)[C@@]2(C)CCCC(C)(C)C2=C(O)C1=O,-4.91235313315099,0
b2AR-decoy_3133,CCc1ccc(c2ccc(C(=O)NCC(=O)NCc3ccccc3C(F)(F)F)cc2)cc1,-4.9118038225524,0
b2AR-decoy_3152,CCOP(=O)(OCC)C(Cc1ccc(F)cc1)c1sc2ccccc2c1C,-4.91152503298369,0
b2AR-decoy_1798,C[C@H](NC(=O)C(F)(F)F)c1ccc(OC2CCN(c3ccc(OCC4CC4)cc3)C2)cc1,-4.91047527777714,0
b2AR-decoy_330,C=C1C=CC[C@@H]2[C@@]1(C)CC[C@H](C)[C@@]2(C)Cc1cc(C(=O)OC)ccc1O,-4.91010429843967,0
b2AR-decoy_304,Cc1cn([C@H]2C[C@H](C3(c4ccc(NC(=O)CCCCCCC(=O)NO)cc4)SCCCS3)[C@@H](CO[Si](C)(C)C(C)(C)C)O2)c(=O)[nH]c1=O,-4.90485719226741,0
b2AR-decoy_691,Cc1ccc(C)c(c2ccc(Cl)c(Cl)c2)c1/C=C/[C@@H]1C[C@@H](O)CC(=O)O1,-4.90351710151543,0
b2AR-decoy_332,C=C[C@@](C)(O)CC[C@H]1C(=C)C[C@H](OC(C)=O)[C@H]2C(C)(C)CCC[C@]12C,-4.90077794913763,0
b2AR-decoy_2804,CC(C)CCC[C@@H](C)[C@H]1CC[C@H]2[C@@]34C=C[C@@]5(CC(=O)CC[C@]5(C)[C@H]3CC[C@]12C)OO4,-4.90076745878118,0
b2AR-decoy_283,CC(=O)OC[C@H]1O[C@@H](O[C@@H]2C[C@H]3C(C)(C)[C@H](OC(C)=O)CC[C@]3(C)[C@H]3CC[C@]45C[C@]4(CC[C@H]5[C@@H](C)C[C@@H](O)[C@@H]4OC4(C)C)[C@]23C)[C@H](O)[C@@H](O)[C@@H]1O,-4.89640861236625,0
b2AR-decoy_2291,O=C1C[C@H](O)C[C@@H](/C=C/c2c(Cl)cc(Cl)cc2c2cc(Cl)cc(Cl)c2)O1,-4.8960218149514,0
b2AR-decoy_2284,C=C1CC[C@@H]2C(C)(C)CCC[C@@]2(C)[C@@H]1CC/C(C)=C/C(=O)Nc1ccc(C#N)cc1,-4.89546532826182,0
b2AR-decoy_1959,COCC(C)(C)NC(=O)c1c(NC(=O)c2ccccc2OC(F)(F)F)sc2c1CCOC2,-4.89493042342351,0
b2AR-decoy_72,COc1ccc2c(/C=C/C(=O)c3ccc(OC)c4c3OC(C)(C)C=C4)c[nH]c2c1,-4.89162506493951,0
b2AR-decoy_2755,CC(C)CCC[C@@H](C)C1CC[C@H]2[C@@H]3C[C@@H]([N+](=O)[O-])[C@H]4C[C@@H](O)CC[C@]4(C)[C@H]3CC[C@]12C,-4.89161423693933,0
b2AR-decoy_983,COc1ccc(/C=C/C(=O)c2ccc(NC(=O)c3cccs3)cc2)cc1,-4.88988499700468,0
b2AR-decoy_1607,COc1cc(CNC(=O)COC(=O)/C=C(\C)CCC=C(C)C)c(I)cc1O,-4.8870964398395,0
b2AR-decoy_68,Cc1ccc(C(C)C)c(OC(=O)Nc2ccc(I)cc2)c1,-4.8863685128499,0
b2AR-decoy_1687,Cc1cc(C)c(C)c(C(=O)C2OC(=O)C(C)(C)C(=O)C2(C)C)c1C,-4.88578853010407,0
b2AR-decoy_1449,Nc1oncc1n1cccn1,-4.88491622694347,0
b2AR-decoy_1516,CCN(CC)C(=O)C1Sc2ccccc2-c2c1c1cc(OC)ccc1n2CCF,-4.88380804039529,0
b2AR-decoy_1993,CC(C)C(=O)c1c(O)cc(O)c(C[C@@H]2[C@@H](C(C)(C)O)CC[C@]2(C)O)c1O,-4.88339789862834,0
b2AR-decoy_2245,CC1(C)Oc2cc(C3(CCCCBr)CCCC3)cc(O)c2[C@@H]2CC(=O)CC[C@H]21,-4.88293272411637,0
b2AR-decoy_134,CC(=O)N[C@@H](C)/C=C/c1ccc(Oc2cc3sc(C)nc3cc2Cl)nc1,-4.88286092125138,0
b2AR-decoy_2540,CN(C)C(=S)Nc1cccc(c2nnc(SCC(=O)c3ccc(Cl)cc3Cl)o2)c1,-4.87802492704218,0
b2AR-decoy_2855,Cc1ccc2cccc(OCc3cccc(COc4cccc5ccc(C)nc45)c3)c2n1,-4.87791013029798,0
b2AR-decoy_1748,Cc1ccc(c2nnc(CCC(=O)NCC3C4CC5CC(C4)CC3C5)o2)s1,-4.87785418776951,0
b2AR-decoy_1680,CCOC(=O)c1cc2cc(Br)ccc2oc1=O,-4.87770075298492,0
b2AR-decoy_2567,[O-][N+]1=C(c2ccccc2)/C(=C2\C(c3ccccc3)=[N+]([O-])c3ccccc32)Cc2ccccc21,-4.8764158483692,0
b2AR-decoy_1029,CCSCCn1/c(=N/OC)sc2cc(OC(F)(F)F)ccc21,-4.87536775187745,0
b2AR-decoy_1144,CC(C)=CC(=O)C/C(C)=C/CC[C@@]1(C)Oc2c(c(=O)oc3cc(O)ccc23)[C@H]1C,-4.87388715889059,0
b2AR-decoy_461,CC(=C(c1ccc(O)cc1)c1ccc(O)cc1)c1ccccn1,-4.87308620475642,0
b2AR-decoy_1741,Cc1cccc(c2ocnc2C(=O)Nc2cnn(CCN3CCc4ccccc43)c2)c1,-4.87217485410602,0
b2AR-decoy_731,C[C@H](/C=C/C=O)[C@@H]1CC[C@]2(C)C3=C(CC[C@@]12C)[C@@]1(C)CC[C@H](O)C(C)(C)[C@@H]1CC3=O,-4.86983617971511,0
b2AR-decoy_681,CCOc1ccc(c2onc(C(F)(F)F)c2c2ccc(OC)cc2)c(O)c1,-4.86931257029657,0
b2AR-decoy_2504,Cc1cc(C)n(CCc2nc(c3ccc(C(C)(C)C)cc3)cs2)n1,-4.86915473196134,0
b2AR-decoy_67,C/C(=N\Nc1nc(c2ccc(Cl)cc2)cs1)c1ccc(Cl)c(Cl)c1,-4.86895341265218,0
b2AR-decoy_558,C/C(=N/O)c1c(O)c(C)c(c2ccccc2)n(c2ccccc2)c1=O,-4.86877680846201,0
b2AR-decoy_685,Cc1ccc(C(C)C)c(OC(=O)Nc2ccc(C(C)(C)C)cc2)c1,-4.86438405884822,0
b2AR-decoy_2037,Cc1c(C)c2c(c(C)c1O)C=CC(C)(COCc1cc(c3ccccc3)no1)O2,-4.85849466669093,0
b2AR-decoy_1991,N#Cc1c(N)nc(Sc2ccccc2O)c(C#N)c1c1cccs1,-4.85834869607023,0
b2AR-decoy_107,Cc1cc(C)c(S(=O)(=O)Nc2cc(Cl)c3oc4c(c3c2)C(=O)CCC4)cc1C,-4.85700180778046,0
b2AR-decoy_2984,Fc1cc(F)cc(c2ccc(CSc3nnc(c4ccc5c(c4)OCO5)o3)cc2)c1,-4.85247954599242,0
b2AR-decoy_1608,Cc1ccc(C(=O)NCCc2nnc3ccc(SCC(=O)Nc4c(C)cc(C)cc4C)nn23)cc1,-4.85220702623828,0
b2AR-decoy_543,CC(=O)/C=C(\c1ccccc1)c1c(O)oc2ccc(O)cc2c1=O,-4.85190506884003,0
b2AR-decoy_2884,COc1cc(/C=C/c2cc(O)c(CCC(C)C)c(O)c2)cc2c1O[C@]1(C)CC[C@@H](O)C(C)(C)[C@H]1C2,-4.85178549518253,0
b2AR-decoy_2227,Cc1[nH]c(C)c(c2cccc(c3ccc(OC(F)(F)F)cc3)c2)c(=O)c1Br,-4.85113148275197,0
b2AR-decoy_2064,COc1ccc(/C=C/C(=O)c2ccc(NS(=O)(=O)c3cccs3)cc2)cc1,-4.84367920819153,0
b2AR-decoy_723,CC1(C)Oc2cc(C34CC5CC(CC(C5)C3)C4)cc(O)c2[C@@H]2C[C@H](CC=O)CC[C@H]21,-4.84095375116974,0
b2AR-decoy_2781,CC(=O)O[C@H]1CC[C@]2(C)[C@H]3CC[C@@]4(C)[C@@H](CC[C@@H]4[C@H](C)CCCC(C)C)[C@@H]3C[C@@H]3O[C@@]32C1,-4.83904063654612,0
b2AR-decoy_1036,COc1cc(OC)c2c(=O)cc(Oc3ccc(OC)c(OC)c3)oc2c1,-4.83884339408112,0
b2AR-decoy_534,CC(=O)Nc1c(C)cc(C(=O)Nc2c(C)cccc2C)cc1C,-4.83881114070251,0
b2AR-decoy_270,CCCCc1nn(c2ccccc2C(F)(F)F)c(=O)n1Cc1ccc(c2ccccc2S(=O)(=O)NC(=O)c2sccc2C)cc1,-4.838674714133,0
b2AR-decoy_568,N#Cc1cc(c2ccc(O)c(F)c2)cc2ccc(O)c(F)c12,-4.83811753248027,0
b2AR-decoy_2088,CCCCc1ncoc1c1ccc(NC(=O)C(=O)NC(C)(C)C)cc1OC,-4.83735009159986,0
b2AR-decoy_272,CC(=O)N1C[C@H]2[NH2+][C@H](CC(c3ccc(CCCOc4c(F)ccc(F)c4Cl)cc3)=C2C(=O)N(Cc2cccc(Cl)c2Cl)C2CC2)C1,-4.83659420347412,0
b2AR-decoy_1435,N/N=C/c1ccc([N+](=O)[O-])o1,-4.83646068323277,0
b2AR-decoy_1066,Cc1c(SCc2ccc(OCC(C)F)cc2)oc2ccccc2c1=O,-4.83509659626006,0
b2AR-decoy_1656,O=C(/C=C/c1ccc(OS(=O)(=O)c2ccccc2)cc1)c1ccccc1,-4.83038623307664,0
b2AR-decoy_1591,COc1ccc(OC)c(C=NNC(=O)c2ccc(NS(=O)(=O)c3cccs3)cc2)c1,-4.82980360242458,0
b2AR-decoy_3045,O=C(c1cnc(N2CCCC2)s1)c1sc2cc(Cl)cc(Cl)c2c1Cl,-4.82407255578469,0
b2AR-decoy_3181,CC1=CCC[C@@H]2[C@@](C)(CCC3=CC(=O)OC3OC(=O)OC(C)(C)C)[C@H](C)CC[C@@]12C,-4.82137497938629,0
b2AR-decoy_1140,CC(C)=CC(=O)/C=C(\C)CCC[C@@]1(C)Oc2c(c(=O)oc3cc(O)ccc23)[C@@H]1C,-4.8208061944147,0
b2AR-decoy_727,C[C@H](CCC(=O)N(C)C)[C@H]1CC[C@H]2[C@@H]3CC[C@@H]4C[C@H](O)CC[C@]4(C)[C@H]3CC[C@@]21C,-4.82004029328507,0
b2AR-decoy_1563,CC1=C(C(=O)Nc2ccc(CC(=O)NCc3ccc(OC(C)C)cc3)cc2)SCCO1,-4.81731798094639,0
b2AR-decoy_1245,CCOc1ccc2c(C)cc(=O)oc2c1COC(=O)/C=C/c1ccc(OC)cc1,-4.81711116686674,0
b2AR-decoy_1773,C[C@H](NC(=O)C1CC1)c1ccc(OC2CCN(c3ccc(OCC4CC4)cc3)C2)cc1,-4.81347940634122,0
b2AR-decoy_1879,O=C(/C=C/c1cccs1)c1ccc(C(=O)/C=C/c2cccs2)cc1,-4.81124125733649,0
b2AR-decoy_2439,FC(F)(F)c1nnc2ccc(c3ccc(S(F)(F)(F)(F)F)cc3)cn12,-4.80726929631808,0
b2AR-decoy_2713,C[C@H](CC[C@@H](O)C(C)(C)O)[C@H]1CC[C@]2(C)C3CCC4C(C)(C)C(=O)C(C=O)=C[C@]4(C)C3=CC[C@]12C,-4.80164436443407,0
b2AR-decoy_3180,COc1cc(c2nnc(SCc3ccc(C)cc3)o2)ccc1OCc1ccc(C)cc1,-4.7949587338435,0
b2AR-decoy_155,COc1ccc(S(=O)(=O)N(Cc2ccc3c(c2)OCO3)[C@H](CCCNC(=O)NCc2cccc(C)c2)C(=O)NO)cc1,-4.79384510920298,0
b2AR-decoy_1492,CCNC(=O)Nn1c(C)nnc1C,-4.79166860813071,0
b2AR-decoy_857,CCc1cc2c(cc1O)CC[C@@H]1[C@@H]2CC[C@]2(C)[C@@H](C[N+](=O)[O-])CC[C@@H]12,-4.79128307026096,0
b2AR-decoy_1185,S=C(N/N=C(\c1ccccc1)c1ccccn1)SCc1ccccc1,-4.7907217642685,0
b2AR-decoy_575,Nc1ccc(/C=C2\COc3ccc(Br)cc3C2=O)cc1,-4.79030424380236,0
b2AR-decoy_1438,C[Si]1(C)N[Si](C)(C)N[Si](C)(C)N1,-4.78950551851376,0
b2AR-decoy_995,CCc1c(C)[nH]c(=O)c(c2ccsc2)c1Oc1cc(C)cc(C)c1,-4.78727955324639,0
b2AR-decoy_1501,O=[N+]([O-])c1ccc(CSc2nnc(c3ccc(Cl)cc3)s2)c([N+](=O)[O-])c1,-4.78727277968638,0
b2AR-decoy_2943,C=C(c1ccccc1)[C@H]1OOC2(O[C@@H]1c1ccccc1)C1CC3CC(C1)CC2C3,-4.78614484108374,0
b2AR-decoy_2316,COc1c(CC=C(C)C)c(O)cc(O)c1c1coc2cc(O)ccc2c1=O,-4.78578694681402,0
b2AR-decoy_1880,Cc1cc(=O)oc2c1ccc1oc(c3ccccc3)c(c3ccccc3)c12,-4.78245041509426,0
b2AR-decoy_2733,CC(C)=CCc1c(O)c2c(c3c1[C@@H]1COc4cc5c(cc4[C@@H]1O3)C=CC(C)(C)O5)C=CC(C)(C)O2,-4.78225924788446,0
b2AR-decoy_1208,Cc1ccc(c2cc(NC(=O)COc3ccc(Cl)c(C)c3)on2)cc1,-4.78156195449462,0
b2AR-decoy_3168,COc1ccc(OCc2nc(c3ccc4c(c3)C(C)(C)CCC4(C)C)cs2)cc1,-4.78098921048305,0
b2AR-decoy_1137,O=C(NC(=O)c1c(F)cccc1F)OCc1ccc(c2cccc(Cl)c2)o1,-4.77530993964367,0
b2AR-decoy_2688,CCN(c1cc(Cl)cc(C(=O)NCc2c(C(F)(F)F)cc(C)[nH]c2=O)c1C)C1CCOCC1,-4.77492135198867,0
b2AR-decoy_1706,Cc1ccc(S(=O)(=O)/N=C/c2ccc(N(C)C)cc2)cc1,-4.77411938367511,0
b2AR-decoy_2918,C[Si]1(C)CCN(C(=O)c2cc(c3ccc(Cl)cc3)n(c3ccc(Cl)cc3)n2)CC1,-4.77308839649265,0
b2AR-decoy_1684,C#CCOC1=C/C(=N\c2ccc(OC)cc2)c2ccccc2C1=O,-4.76634018177399,0
b2AR-decoy_1305,C=CCOc1cc(C)c2c(c1C(C)C)C=C(C)C(=O)C2=O,-4.76516520021395,0
b2AR-decoy_1038,CO/C=C(/C(=O)OC)c1ccccc1/C=C/C=C/c1ccc(C)cc1C,-4.76441080944632,0
b2AR-decoy_998,CCCOC(=O)[C@]12CC[C@@]3(C)CC[C@@](C)(O)C=C[C@H]3[C@@H]1CC[C@@H]2C(C)C,-4.76114489072707,0
b2AR-decoy_709,COC(=O)CC[C@@H](C)[C@H]1CC[C@H]2[C@@H]3CC[C@@H]4C[C@H](O)CC[C@]4(C)[C@H]3CC[C@@]21C,-4.75918893758538,0
b2AR-decoy_2708,Cc1ccc(OC(C)C(=O)Nc2ccc(C)c(S(=O)(=O)Nc3ccc(C)cc3C)c2)cc1,-4.75289257396135,0
b2AR-decoy_643,Cc1ccc(C(C)C)c(NC(=O)Oc2ccc(C(C)(C)C)cc2)c1,-4.75229505856852,0
b2AR-decoy_1678,COC(=O)CSc1ncnc2scc(c3ccccc3)c12,-4.75151721535095,0
b2AR-decoy_2485,CC1=C(C/C=C(\C)CC/C=C(\C)Cc2cccc(C)c2)C(=O)c2ccccc2C1=O,-4.74613057149646,0
b2AR-decoy_311,Cn1cc(NC(=O)c2cc(NC(=O)c3cc(c4sc(Cl)c(Cl)c4Cl)cn3C)cn2C)cc1C(=O)NCC[NH+]1CCOCC1,-4.74611073069681,0
b2AR-decoy_2127,COc1cc2c(CO)c(c3ccc(O)cc3O)oc2c(CC=C(C)C)c1O,-4.74558707061528,0
b2AR-decoy_41,Cc1cc(Oc2nccc3[nH]ccc23)ccc1c1c(C)ncnc1C,-4.74519104126632,0
b2AR-decoy_1646,O=C(C/C=N\OCc1c(Cl)cccc1Cl)Oc1ccc(Cl)cc1Cl,-4.7445603938412,0
b2AR-decoy_2249,CCCCSc1nnc2c(n1)OC(c1ccc(Br)s1)Nc1ccccc1-2,-4.74266564724186,0
b2AR-decoy_703,Cc1[nH]c(C)c(c2ccc(Oc3cccc(C(F)(F)F)c3)cc2)c(=O)c1Cl,-4.73695164809115,0
b2AR-decoy_105,CC(C)(O)CCC[C@](C)(O)[C@H]1CC[C@H]2[C@@H]3CC=C4C[C@@H](O)CC[C@]4(C)[C@H]3CC[C@@]21C,-4.73332442822919,0
b2AR-decoy_1945,OC12CC3CC(C1)CC(Cn1cc(c4cccc5c4-c4ccccc4C5(O)C(F)(F)F)cn1)(C3)C2,-4.73125022108564,0
b2AR-decoy_2960,Clc1ccccc1c1ocnc1c1cc2c(s1)-c1ncccc1OCC2,-4.72963225037008,0
b2AR-decoy_1285,CCCCOc1ccc(/C=C/c2cc(O)cc(O)c2)cc1,-4.72864757614477,0
b2AR-decoy_1351,COc1nc2ccccc2cc1/C=C/c1noc(c2cccc(C)c2)n1,-4.7243194320141,0
b2AR-decoy_3137,COc1ccccc1c1cc2cc(C(C)(C)C(=O)NC(C)(C)C)ccc2n1CC(=O)NC(C)(C)C,-4.7242348536151,0
b2AR-decoy_2747,COc1ccc2cc(CC(=O)OCCC3(C)CCc4c(C)c(O)c(C)c(C)c4O3)ccc2c1,-4.72092298742826,0
b2AR-decoy_2760,CCOC(=O)[C@]1(C)CC[C@]2(C)CC[C@]3(C)C4=CC=C5C(=CC(=O)C(O)=C5C)[C@]4(C)CC[C@@]3(C)[C@@H]2C1,-4.71671353249726,0
b2AR-decoy_1333,Cc1ccc(C(=O)Oc2ccccc2)cc1/N=N/N(C)C,-4.7140755073332,0
b2AR-decoy_2596,CS(=O)(=O)c1ccc(C2=C(c3ccc(Cl)cc3Cl)CC3(CC3)C2)cc1,-4.71195741022273,0
b2AR-decoy_3096,Cc1cccc(NC(=O)c2c(C)cc(C)nc2SCC(=O)Nc2c(C)cc(C)cc2C)c1,-4.70996094501082,0
b2AR-decoy_2292,Cc1ccc(Cl)c(Nc2ccccc2/C=C2\SC(=S)N(C)C2=O)c1Cl,-4.70750038081304,0
b2AR-decoy_1576,CC1(C)C[C@@H](CN([C@H](CCC(F)(F)F)C(N)=O)S(=O)(=O)c2ccc(Cl)cc2)O1,-4.70686486211921,0
b2AR-decoy_1586,CCC(C)(C)NC(=O)C(c1cccc(OC)c1)N(C(=O)c1cc[nH]n1)c1cccc(OC)c1,-4.70590917002404,0
b2AR-decoy_1258,Cc1noc(C)c1CSc1nnc2cc(C)c3ccccc3n12,-4.70516827518905,0
b2AR-decoy_1106,COc1ccc(c2ccc(Oc3cncc4sc(C5=NNN=N5)cc34)cc2)cc1,-4.70448840007695,0
b2AR-decoy_1352,C=Cc1cc(NCc2nc3c(Cl)ccc(Cl)c3o2)c(O)nc1C,-4.70376171642489,0
b2AR-decoy_2072,COc1ccc2c(c1O)CCCC(C)=C2c1cc(OC)c(OC)c(OC)c1,-4.70362021819627,0
b2AR-decoy_106,COc1c2c(c(/C=C\C(C)(C)O)c3oc(c4ccccc4)cc(=O)c13)OC(C)(C)C=C2,-4.70337577490277,0
b2AR-decoy_2618,CN(C)c1ccc(/C=N/c2ccc(/N=C3\C(=O)N(Cc4ccccc4)c4ccccc43)cc2)cc1,-4.70128673986729,0
b2AR-decoy_633,COc1ccc(/C=C/c2ccc3c(Br)ccc(O)c3n2)cc1,-4.7011252308911,0
b2AR-decoy_2566,C=C1CC[C@@H]2[C@H](C(C)C)C3=C(O[C@@]2(C)CC[C@@H]2[C@@H]1CC2(C)C)C(C)(C)C(OC)=C(C)C3=O,-4.70064240518516,0
b2AR-decoy_102,CNC(=O)/C=C/c1ccc(Oc2c3ccc(O)cc3sc2c2ccc(O)cc2)cc1,-4.69240879800386,0
b2AR-decoy_2409,C/C(C=O)=C\CC[C@@H](C)[C@H]1CC[C@@]2(C)C3=CC[C@H]4C(C)(C)C(=O)CC[C@]4(C)C3=CC[C@]12C,-4.69016438458136,0
b2AR-decoy_1524,COc1ccc2sc(/C=C\c3cc(OC)c(OC)c(OC)c3)cc2c1,-4.68298305042562,0
b2AR-decoy_259,C=C(C)[C@]12C[C@@H](C)[C@@]34O[C@](Cc5ccccc5)(O[C@@H]1[C@@H]3C=C(COC(=O)C(OC(C)=O)c1ccc(O)c(OC)c1)C[C@]1(O)C(=O)C(C)=C[C@H]14)O2,-4.68231231237702,0
b2AR-decoy_2895,C=C1CCC2[C@@](C)(C(=O)OC)CCC[C@]2(C)[C@H]1CCc1ccc2c(c1)C(=O)C=C(C)C2=O,-4.68122200643089,0
b2AR-decoy_1637,COc1cc(c2cn(Cc3cccc(OC(F)(F)F)c3)nn2)ccc1n1cnc(C)c1,-4.67987665443241,0
b2AR-decoy_2213,COc1ccc(C(=O)O[C@H]2CC[C@@]3(C)C(=CC[C@H]4[C@@H]5CC/C(=N\O)[C@@]5(C)CC[C@@H]43)C2)cc1,-4.67881392458911,0
b2AR-decoy_2753,C[C@H](CCC(=O)NC1CC1)[C@H]1CC[C@H]2[C@@H]3CC[C@@H]4C[C@@H](N=[N+]=[N-])CC[C@]4(C)[C@H]3CC[C@@]21C,-4.67804356139962,0
b2AR-decoy_2905,COC(=O)[C@@H](CCC=C(C)C)[C@@H]1CC[C@]2(C)C3=CC[C@H]4[C@@](C)(CO)C(=O)CC[C@]4(C)[C@H]3CC[C@@]12C,-4.67792477298087,0
b2AR-decoy_1555,CSC1=C(COP(N)(=O)N(CCCl)CCCl)C(=O)c2ccccc2C1=O,-4.67481269697947,0
b2AR-decoy_1691,COc1ccc(C2COc3c(ccc(O)c3OC)C2)c(OC)c1O,-4.6737466249294,0
b2AR-decoy_249,CNC(=O)c1ccc(/C=C/C(=O)NCC(=O)N(C)c2ccc(Cl)c(COc3cccc4ccc(C)nc34)c2Cl)cn1,-4.67356557514483,0
b2AR-decoy_2260,COC(C[C@@H](C)C1=C2C[C@H](O)[C@H]3[C@@]4(C)CCC(=O)C(C)(C)[C@@H]4CC[C@]3(C)[C@@]2(C)CC1)OC,-4.67131992638924,0
b2AR-decoy_3054,C=C(C)[C@@H]1CC[C@]2(C(=O)OC)CC[C@]3(C)[C@H](CC[C@@H]4[C@@]5(C)CCC(=O)C(C)(C)[C@@H]5CC[C@]43C)[C@@H]12,-4.66735287698322,0
b2AR-decoy_2494,CCCCCc1cc2c(c(N(C)C)c1)C1=C(CCC(C)C1)C(C)(C)O2,-4.66691038993652,0
b2AR-decoy_1694,Cc1ccc(N(C)S(=O)(=O)c2ccc([N+](=O)[O-])cc2)cc1,-4.66555287920959,0
b2AR-decoy_2683,CNc1ccc(c2[nH]c(c3ccc(/C=C/C(=O)OC)cc3)nc2c2ccc(N(C)C)cc2)cc1,-4.66498425288992,0
b2AR-decoy_1733,COc1cc2c(c(OC)c1OC)-c1c(cc3c(c1O)OCO3)[C@H](OC)[C@@H](C)[C@@H](C)C2,-4.66159614456186,0
b2AR-decoy_3047,CC(C)=CCc1c(O)c(CC=C(C)C)c2c(c1O)C(=O)c1c(O)cc(C)c(CC=C(C)C)c1C2O,-4.65766296100499,0
b2AR-decoy_2706,CNC(=O)c1ccc2c(c1)C(=O)c1ccc(Nc3cc(C(=O)N(C)C(C)C)ccc3C)cc1CC2,-4.65587819298599,0
b2AR-decoy_1313,CC/C=C\C[C@H]1C(=O)C=C[C@H]1CC(=O)OC1CCCCC1,-4.65557557087434,0
b2AR-decoy_1661,CCCCc1ccc(C2=NN(S(=O)(=O)c3ccccc3)CCC2)cc1,-4.64996364063858,0
b2AR-decoy_2395,CCc1cc2c(cc1OS(N)(=O)=O)CC[C@@H]1[C@@H]2CC[C@@]2(C)[C@H]1CC[C@@H]2CCO,-4.64680411390846,0
b2AR-decoy_1649,O=C(OCCSc1ccc([N+](=O)[O-])c2nonc12)c1ccc(Cl)cc1Cl,-4.64098033199798,0
b2AR-decoy_2910,COc1cc2[nH]c(=O)c(c3cccs3)c(c3cccc(C#N)c3)c2cc1c1ccccc1,-4.63683955400327,0
b2AR-decoy_3164,Cc1cc(C(C)(C)c2ccc(OCC(=O)C(C)(C)C)c(C)c2)ccc1OCC(=O)C(C)(C)C,-4.63383638778231,0
ASD03130111,COCCN1CCC(Nc2nc(Nc3cc(Cl)cc(Cl)c3)nc3ccccc23)CC1,-4.63181178528884,1
b2AR-decoy_2044,COc1ccc(/C=C/c2nc(c3ccc4c(c3)CCC(=O)N4)cs2)cc1OC,-4.63178615224084,0
b2AR-decoy_2534,Nc1ccccc1NC(=O)/C=C/c1ccc(c2nnc(Cc3cccc4ccccc34)o2)cc1,-4.63117816193158,0
b2AR-decoy_1640,C#CCOCc1c(C)nc2c(OCc3c(Cl)cccc3Cl)cccn12,-4.629439933392,0
b2AR-decoy_2791,CSc1ccc(CSc2ncc(c3ccc(F)cc3)c(c3ccncc3)n2)cc1,-4.6270979335435,0
b2AR-decoy_2445,C=C(C)[C@@H]1CC[C@]2(C=O)CC[C@]3(C)[C@H](CC[C@@H]4[C@@]5(C)CC[C@@H](O)C(C)(C)[C@@H]5CC[C@]43C)[C@@H]12,-4.62600766707495,0
b2AR-decoy_196,C=CCCS(=O)(=O)NC(=O)c1ccccc1NC(=O)[C@@H](NC(=O)OC(C)(C)C)c1ccc(Oc2cc(OC)nc(c3ccccc3)n2)c(C=C)c1,-4.6254172227253,0
b2AR-decoy_2449,CCCCSC1=CC(=O)C(C[C@]2(C)[C@@H](C)CC[C@]3(C)C(C)=CCC[C@H]32)=CC1=O,-4.62522965791521,0
b2AR-decoy_2544,COc1nc2ccccc2cc1c1cccnc1Oc1ccc(C(=O)c2nc3ccccc3[nH]2)cc1,-4.62459038250688,0
b2AR-decoy_1238,CC(C)c1csc(c2nnc3n2N=C(c2ccc(Cl)cc2)CS3)n1,-4.62317074006014,0
b2AR-decoy_2827,CC(C)(C)c1cn(CC(OCc2ccc(Cl)cc2)c2ccc(Cl)cc2Cl)nn1,-4.62080373278161,0
b2AR-decoy_3095,CCc1nnc(NC(=O)/C(C#N)=C/c2ccc(OCc3ccccc3Br)c(OC)c2)s1,-4.61999545007144,0
b2AR-decoy_1712,O=C(c1cnc(c2ccco2)s1)N1CCOc2ncccc21,-4.61858642407888,0
b2AR-decoy_1822,CC(C)CCN1C(=O)CCc2cc(NC(=O)COc3ccc(Cl)cc3)ccc21,-4.61811839087427,0
b2AR-decoy_2103,CCc1sc2nc(N)[nH]c(=O)c2c1Sc1cc(OC)cc(OC)c1,-4.61714667685924,0
b2AR-decoy_906,CCOC(=O)C1=C(C)NC(c2ccc(C)cc2)=CC1c1cccs1,-4.6125162569612,0
b2AR-decoy_720,C[C@]12CC[C@H]3[C@@H](CC=C4C[C@H](NC(=O)C5CC5)CC[C@@]43C)[C@@H]1CC=C2c1cccnc1,-4.61010351253196,0
b2AR-decoy_722,Cc1c(C)c(C)c(CSc2nnc(c3ccc4[nH]cnc4c3)o2)c(C)c1C,-4.60901491309509,0
b2AR-decoy_2150,COc1ccc(c2csc(N/N=C(\C)c3ccc(Cl)c(Cl)c3)n2)cc1,-4.608469808662,0
b2AR-decoy_2579,C/C=C(\CC[C@@H](C)[C@H]1CC[C@H]2[C@@H]3CC(=O)C4=CC(=O)CC[C@]4(C)[C@H]3CC[C@@]21C)C(C)C,-4.60793533178967,0
b2AR-decoy_1967,O=C1OCC2=C1C1(C(=O)N(Cc3ccccc3)c3ccccc31)c1c([nH]nc1c1ccccc1)N2,-4.60761087077543,0
b2AR-decoy_213,CNC(=O)Nc1ccc(/C=C/C(=O)NCC(=O)N(C)c2ccc(Cl)c(COc3cccn4c(Br)c(C)nc34)c2Cl)cc1,-4.60646667029609,0
b2AR-decoy_897,CC(C)c1ccc(c2cnc3sc(NCc4cccnc4)nn32)cc1,-4.60640776522322,0
b2AR-decoy_2621,FC(F)(F)Oc1ccc(c2cn(CC3=C(Cl)c4ccc(c5cccs5)nc4CC3)nn2)cc1,-4.60613344795459,0
b2AR-decoy_1282,C/C(=C\COc1ccc2ccc(=O)oc2c1)CC/C=C(\C)C1CC(=O)C(C)(C)O1,-4.6031921866584,0
b2AR-decoy_2657,CCC(F)(CC)c1nc(COc2cc(OC)cc3oc(c4cn5nc(OC)sc5n4)cc23)cs1,-4.59769852176652,0
b2AR-decoy_305,O=C1N[C@@](c2ccc(OCCCC(F)(F)F)cc2F)(C(F)(F)F)CC(c2ccn(CC3CCC3)n2)=C1C(=O)NS(=O)(=O)C1CC1,-4.5968004012871,0
b2AR-decoy_3066,CC(C)=CCC1=C2OCC[C@@]23C[C@H](CC=C(C)C)C(C)(C)[C@@](C(=O)c2ccccc2)(C1=O)C3=O,-4.58948452746369,0
b2AR-decoy_253,COc1ccc(S(=O)(=O)N(C)C[C@@H]2Oc3c(NS(=O)(=O)c4ccc(Cl)cc4)cccc3C(=O)N([C@@H](C)CO)C[C@H]2C)cc1,-4.58582657204805,0
b2AR-decoy_383,Cc1csc(S(=O)(=O)N(N)C(=O)c2ccc(Cl)cc2Cl)c1,-4.58324568430399,0
b2AR-decoy_532,C[C@H]1CCc2cc(F)ccc2N1C(=O)c1ccc(O)cc1O,-4.58225485790201,0
b2AR-decoy_505,O=c1c2ccccc2[nH]c2cc(OCC3CS3)cc(O)c12,-4.57312228746032,0
b2AR-decoy_2271,CCOc1ccc(Br)cc1/C=C1\CCC/C(=C\c2ccc(O)c(OC)c2)C1=O,-4.57310863745575,0
b2AR-decoy_801,Cc1nc(C)c(c2ccc(Oc3ccc(Cl)c(Cl)c3)cc2)c(O)c1Cl,-4.57136481725225,0
b2AR-decoy_2366,Cc1cccc2c1-c1sc(C(=O)Nc3ccccc3C(N)=O)cc1CO2,-4.57042747741785,0
b2AR-decoy_69,Cc1[nH]c(C)c(c2ccc(Oc3ccc(F)cc3)cc2)c(=O)c1Br,-4.56923889994006,0
b2AR-decoy_431,Cc1c2ccc(O)cc2oc(=O)c1c1ccc(O)cc1Cl,-4.56559497352722,0
b2AR-decoy_1891,Cc1cc2c(cc1C(=O)/C=C/c1ccc(C#N)cc1)C(C)(C)CCC2(C)C,-4.56439486144303,0
b2AR-decoy_2591,O=C(Oc1ccc(c2ccccc2)cc1)N1c2ccccc2Sc2ccccc21,-4.56431471202873,0
b2AR-decoy_2695,Cc1ccc(C(=O)N/C(=C\c2ccc(c3cc(Cl)ccc3Cl)o2)C(=O)NCc2cccnc2)cc1,-4.56386291724881,0
b2AR-decoy_1052,CCCCOP(=O)(OCCCC)Oc1ccc(C)cc1,-4.55917610872065,0
b2AR-decoy_1401,CC(C)(C)OC(=O)n1cc(N)cn1,-4.55898236882821,0
b2AR-decoy_1090,N#Cc1c(/N=C/c2c[nH]c3cccc([N+](=O)[O-])c23)sc2c1CCCCCC2,-4.5579231595377,0
b2AR-decoy_651,CC(=O)O[C@H]1CC[C@@]2(C)[C@@H](CC=C3[C@@H]2CC[C@@]2(C)[C@H]3CC[C@@H]2[C@H](C)CO)C1,-4.55728586,0
b2AR-decoy_427,Cc1cc2c(c(=S)[nH]1)C(=O)O/C2=C\c1c[nH]c2ccccc12,-4.55608012226805,0
b2AR-decoy_3115,CC(C)C[C@H](c1c(O)c(C=O)c(O)c(C=O)c1O)[C@@]1(C)CC[C@@H]2[C@@H]1[C@H]1[C@@H](CC[C@]2(C)O)C1(C)C,-4.55564385487981,0
ASD03130106,CCN(CC)c1ccc(Nc2nc(Nc3cc(Cl)cc(Cl)c3)nc3ccccc23)cc1,-4.55559039587791,1
b2AR-decoy_675,Oc1cccc(c2cc(c3cccc(O)c3)c(c3cccc(O)c3)s2)c1,-4.55303125448921,0
b2AR-decoy_943,Cc1cc(N2CCc3ccsc3C2)cc(C)c1NC(=O)CC(C)(C)C,-4.54564808098463,0
b2AR-decoy_2208,COc1ccc2cc([C@H](C)C(=O)OCC3(C)COc4c(C)c(C)c(O)c(C)c43)ccc2c1,-4.54327981830304,0
b2AR-decoy_920,COc1cccc(SC/C(=N\O)c2cc(Cl)sc2Cl)c1C,-4.54240588499046,0
b2AR-decoy_797,COC(=O)CCCC[C@H]1[C@@H](C)CC[C@@]2(C)CC(C)[C@H](O)[C@@H](C)[C@H]12,-4.54025017113795,0
b2AR-decoy_1179,COc1cc(NC(=O)/C=C/c2c(C)cc(F)cc2C)ccc1c1cnco1,-4.53974294383036,0
b2AR-decoy_1546,COc1ccc(/C=C/C(=O)c2ccc(OC(=O)c3cccs3)cc2)cc1,-4.53771031379684,0
b2AR-decoy_1283,CN(C)C(=O)Oc1ccc(OC/C=C/COc2ccc(C(F)(F)F)cc2)cc1,-4.53584169525702,0
b2AR-decoy_23,CC1=CC[C@H]2C(C)(C)CCC[C@]2(C)[C@@]12CC[C@@](C)(C[C@@H]1O[C@H]1CO)O2,-4.52868354365322,0
b2AR-decoy_2690,C#CCOC(=O)c1ccc(O)c(NC(=O)COc2ccc(C34CC5CC(CC(C5)C3)C4)cc2)c1,-4.52570139334668,0
b2AR-decoy_1157,Cc1cc(C)c(/C=C/[C@@H]2C[C@@H](O)CC(=O)O2)c(/C=C/c2ccc(Cl)cc2)c1,-4.52535690496433,0
b2AR-decoy_1901,CC1=C(/C=C/C(C)=C/C=C/C(C)=C/C(=O)N2CCCCCC2)C(C)(C)CCC1,-4.5241001690475,0
b2AR-decoy_2956,Cn1c2ccccc2c2cc(/C=C3\SC(=S)N(c4ccccc4)C3=O)ccc21,-4.52332009435733,0
b2AR-decoy_595,CC(C)c1ccc(NC(=O)Oc2ccc3c(c2)[C@]2(C)CO[C@@H](C2)O3)cc1,-4.5206267550938,0
b2AR-decoy_2682,CC(C)=CCC1(CC=C(C)C)C(=O)[C@](O)(CC=C(C)C)C(=O)C2=C1O[C@H](c1ccccc1)C[C@H]2O,-4.51902453072966,0
b2AR-decoy_2911,CCC(CC)N1C(=O)[C@@](C)(CS(C)(=O)=O)C[C@H](c2cccc(Cl)c2)[C@H]1c1ccc(Cl)cc1,-4.51832494645812,0
b2AR-decoy_716,COC(=O)/C=C/CC1Oc2cccc(OC)c2-c2ccc3c(c21)C(C)=CC(C)(C)N3,-4.51414264771656,0
b2AR-decoy_1411,COC(=O)c1cnc(N)s1,-4.50489185616765,0
b2AR-decoy_1874,O=C(NCCSCCO)c1ccccc1Sc1ccc2c(/C=C/c3ccccn3)n[nH]c2c1,-4.4902603824699,0
b2AR-decoy_625,COc1cc2c(cc1O)CC[C@@H]1[C@@H]2CC[C@@]2(C)[C@H]1CC[C@@H]2CC(C)=O,-4.48991114725919,0
b2AR-decoy_1985,Nc1cc(O)cc(Cn2nc(c3cc(Cl)cc(Cl)c3)oc2=O)c1Cl,-4.48806500728043,0
b2AR-decoy_3192,COC(=O)CCC/C=C(\c1cc(F)cc(C(F)(F)F)c1)c1cc(C)c2onc(OC)c2c1,-4.48317876350629,0
b2AR-decoy_1267,Cc1onc(c2ccccc2Cl)c1C(=O)N1C=CC(C(F)(F)Cl)=NCC1,-4.48180983341423,0
b2AR-decoy_2594,O=C(OCCBr)C1(c2ccc(c3ccc(Cl)c(Cl)c3)c(F)c2)CC1,-4.48114470450948,0
b2AR-decoy_2175,CN(C)c1ccc(/C=N/NC(=O)N2c3ccccc3Sc3ccccc32)cc1,-4.47646762995998,0
b2AR-decoy_730,CC(=O)N(c1ccccc1)c1nc(/C=C/C(=O)Nc2c(C)cc(C)cc2C)cs1,-4.47340727837407,0
b2AR-decoy_2014,COc1cc(Br)cc(/C=N/c2ccc3[nH]c(=O)[nH]c3c2)c1O,-4.46955742287944,0
b2AR-decoy_2996,COC(=O)c1ccccc1c1ccc([C@@H](C)NC(=O)C2(NC(=O)C(F)(F)F)CC2)c(F)c1,-4.46914084989344,0
b2AR-decoy_1581,CCOc1ccccc1NC(=O)c1ccc(F)c(S(=O)(=O)NCc2ccc3c(c2)OCO3)c1,-4.46882462500002,0
b2AR-decoy_1321,CCc1ccc(C(=O)NNc2cc(Cl)ccc2Cl)cc1,-4.46755710818531,0
b2AR-decoy_2953,CC[Si](CC)(CC)O[C@]1(C)CCC2=C(C)CC[C@H]3/C(=C\c4ccc(F)cc4)C(=O)O[C@@H]3[C@H]21,-4.46700079775003,0
b2AR-decoy_1778,O=S(=O)(c1ccccc1)N(CC(O)Cn1c2ccccc2c2ccccc21)c1ccccc1,-4.4653872932752,0
b2AR-decoy_1445,Nc1nccnc1Br,-4.46492097701718,0
b2AR-decoy_649,CCOC(=O)c1oc2cc(c3ccc(Br)cc3)cc(O)c2c1C,-4.46422650723329,0
b2AR-decoy_711,COc1cc(/C=C2\CCC/C(=C\c3ccccc3C(F)(F)F)C2=O)ccc1O,-4.4567420098612,0
b2AR-decoy_328,CCCc1cc(=O)oc2cc(c3cc4ccccc4s3)cc(O)c12,-4.4553554479894,0
b2AR-decoy_2691,Cc1noc(C(=O)CC[C@@H](C)[C@H]2CC[C@H]3[C@@H]4[C@@H](O)C[C@@H]5C[C@H](O)CC[C@]5(C)[C@H]4CC[C@@]32C)n1,-4.45315684611736,0
b2AR-decoy_1752,CCn1c2ccncc2c2cc(NS(=O)(=O)c3ccc(OC)cc3OC)ccc21,-4.45293830100224,0
b2AR-decoy_2815,O=C(/C=C/c1cn(c2ccccc2)nc1c1ccc(OCc2ccccc2)cc1)c1ccccc1,-4.45024317420716,0
b2AR-decoy_864,COc1cccc(COc2ccc3c(c2)C(C)=CC(C)(C)N3)c1,-4.44929277979329,0
b2AR-decoy_656,C=CCOc1ccc2c(c1)Oc1ccccc1C(CC)=C2c1ccc(O)cc1,-4.44601346608454,0
b2AR-decoy_3132,CC(=O)CNC(=O)CC[C@@H](C)[C@H]1CC[C@H]2[C@@H]3CC[C@@H]4C[C@H](O)CC[C@]4(C)[C@H]3CC[C@@]21C,-4.44509068152913,0
b2AR-decoy_2357,COc1cc(I)cc(/C=N/c2ccc3[nH]c(=O)[nH]c3c2)c1O,-4.44265849798586,0
b2AR-decoy_111,CC(C)(C)c1ccc(/C=N/Nc2ncnc3sc4c(c23)CCCC4)cc1,-4.4422495064733,0
b2AR-decoy_2807,CN(C(=O)Oc1ccc(Cl)cc1)[C@H]1CC[C@H](c2ccc(C[N+]3([O-])CCCCC3)cc2)CC1,-4.43750630868008,0
b2AR-decoy_2495,COc1cccc(C(=O)c2oc3ccc4c(C)cc(=O)oc4c3c2c2ccccc2)c1,-4.43632777652366,0
b2AR-decoy_828,CCCCC1Oc2cccc(OC)c2-c2ccc3c(c21)C(C)=CC(C)(C)N3,-4.43503948775727,0
b2AR-decoy_1073,C[C@H](CCC(N)=O)[C@H]1CC[C@H]2[C@@H]3CC[C@@H]4C[C@H](N=[N+]=[N-])CC[C@]4(C)[C@H]3C[C@H](O)[C@@]21C,-4.43438966623685,0
b2AR-decoy_2569,CC(=O)SS[C@]1(Cl)C(C)(C)[C@@](Cl)(SSC(C)=O)C1(C)C,-4.43049561276144,0
b2AR-decoy_3156,CC1(C)[C@@H]2CC[C@@]1(C)/C(=N/CCCCCC/N=C1\C[C@H]3CC[C@]1(C)C3(C)C)C2,-4.42961829264996,0
b2AR-decoy_1574,COc1ccc(N(CC(=O)NCc2ccc(F)cc2)C(=O)CCC(=O)Nc2nccs2)cc1,-4.42809738519693,0
b2AR-decoy_1112,CCc1cc(Sc2ccc(c3ccccc3C3=NNN=N3)cc2)c2ncccc2n1,-4.42743394275047,0
b2AR-decoy_486,C=C1[C@@H](/C=C/C(C)=O)[C@]2(C)CCC[C@](C)(CO)[C@H]2C[C@H]1O,-4.4268584640699,0
b2AR-decoy_2532,COc1ccn2nc(C)c(C(=O)NCc3ccc(c4ccc(OC(F)(F)F)cc4)cc3F)c2c1,-4.41874789625572,0
b2AR-decoy_2463,CCCCCc1ccc(n2ncc(Cl)c(Oc3ccc(OC)cc3)c2=O)cc1,-4.40558144197097,0
b2AR-decoy_386,OCc1c(Br)c(O)c(O)c(Br)c1Br,-4.40251857959024,0
b2AR-decoy_1823,C=CCn1c(CCNC(=O)c2ccccc2F)nnc1SCC(=O)Nc1nc2ccccc2s1,-4.40110099536914,0
b2AR-decoy_2023,O=C1Nc2ccccc2/C1=N/NC(=S)Nc1ccc(OC(F)(F)F)cc1,-4.40017118929673,0
b2AR-decoy_2552,O=C(NC1CC1)c1ccc(C2CC(=O)N(Cc3ccccc3[N+](=O)[O-])c3ccccc3S2)cc1,-4.39838583632668,0
b2AR-decoy_1369,CCCc1nccn1Cc1coc(c2cccc3ccccc32)n1,-4.39763165584262,0
b2AR-decoy_3199,CC(C)=CCC/C(C)=C/CC/C(C)=C/CC1=C(C)C(=O)c2ccccc2C1=O,-4.39519346316903,0
b2AR-decoy_1429,S=c1[nH]nc(c2n[nH]c(=S)s2)s1,-4.3892493712159,0
b2AR-decoy_2646,CC(=O)O[C@@H](C[C@@H](C)C1=C2C=CC3[C@@]4(C)CCC(=O)C(C)(C)C4CC[C@]3(C)[C@@]2(C)CC1=O)[C@H]1OC1(C)C,-4.38530934743386,0
b2AR-decoy_1888,Clc1ccc(C(CCn2ccnc2)Oc2c(Cl)cccc2Cl)cc1,-4.38429309746185,0
b2AR-decoy_1339,CCn1c(/N=C/c2ccc(Br)cc2)c(C#N)sc1=S,-4.38068397419274,0
b2AR-decoy_96,COc1cc2c(cc1OC)Sc1ncnc(Sc3cccc(Cl)c3)c1NC2,-4.37757969237448,0
b2AR-decoy_585,COc1ccc2cc(c3ccc(O)cc3)c(=O)oc2c1CCC(C)C,-4.37700640778276,0
b2AR-decoy_986,Cc1[nH]c(C)c(c2ccc(OCc3ccc(F)cc3)cc2)c(=O)c1Cl,-4.37614603393799,0
b2AR-decoy_17,Cc1cc(OCc2ccc(C(=O)NN=C3CCCC3)cc2)ccc1Cl,-4.37550029774353,0
b2AR-decoy_2257,Cc1c(C(=O)NC(=O)C(C)C)nn(c2ccc(Cl)cc2Cl)c1c1ccc(Cl)cc1,-4.37526333059205,0
b2AR-decoy_166,COc1cc(/C=C\C(=O)OC[C@H](Cc2ccc(O)c(OC)c2)[C@H](COC(=O)/C=C\c2ccc(O)c(OC)c2)Cc2ccc(O)c(OC)c2)ccc1O,-4.37105682137068,0
b2AR-decoy_979,COCO[C@@H]1C[C@]23CC[C@H]4[C@@](C)(CCC[C@@]4(C)CO)[C@@H]2CC[C@@]1(C)C3,-4.35995080421508,0
b2AR-decoy_2166,C=C(C)/C=C/c1c2c(c(O)c3c(=O)cc(c4ccccc4)oc13)C=CC(C)(C)O2,-4.35893464807488,0
b2AR-decoy_2611,COc1ccc(Cl)cc1n1ncc(c2nnc(c3ccc(Cl)c(Cl)c3)o2)c1C,-4.35828996372682,0
b2AR-decoy_142,COc1cc(Br)cc(/C=N\c2cccc(C(F)(F)F)c2)c1O,-4.35415932877722,0
b2AR-decoy_2196,C=C1CC/C=C(\C)CCC2=C(C)C(=O)O[C@H]2/C=C(\C)CC[C@@H]1OC(=O)NCCCCC,-4.35130142667845,0
b2AR-decoy_1781,CCOC(=O)c1c(NC(=O)COc2cc(C)ccc2C(C)C)sc2c1CCCC2,-4.34584850350019,0
b2AR-decoy_2699,Cc1ccccc1NC(=O)c1ccc(NS(=O)(=O)c2cc(C(C)(C)C)cc(C)c2C)cc1,-4.34362144611973,0
b2AR-decoy_319,CCC(=O)O[C@@H]1C=C2CC[C@@H]3[C@H](CC[C@@]4(C)[C@H]3CC[C@@]4(O)CC)[C@H]2CC1,-4.34220210058204,0
b2AR-decoy_965,COc1ccc(c2ccsc2c2cc(OC)c(OC)c(OC)c2)cc1O,-4.34081271397713,0
b2AR-decoy_563,CC(C)(C)c1cccc(n2cc(C(=O)c3ccccc3N)nn2)c1,-4.33703816176633,0
b2AR-decoy_673,Cc1cccc(C)c1Nc1nnc(SCc2cn3cccc(C)c3n2)s1,-4.33573010208038,0
b2AR-decoy_617,CC(=O)Nc1ccc(/C=C/C(=O)c2ccc(C(C)(C)C)cc2)cc1,-4.333612053259,0
b2AR-decoy_1084,Cc1cccc(c2c(NC(=O)c3ccco3)oc3ccc(Cl)cc3c2=O)c1,-4.33345018599241,0
b2AR-decoy_3100,C=C1/C(=C\C=C2/CCC[C@@]3(C)[C@H]2CC[C@@H]3[C@H](C)CC[C@@H](O)C(C)(C)O)C[C@@H](O)C[C@@H]1O,-4.33129870306662,0
b2AR-decoy_742,CC(C)(C)c1cc(C(=O)/C=C/c2ccc3c(c2)OCO3)cc(C(C)(C)C)c1O,-4.3287329891698,0
b2AR-decoy_2482,c1ccc2c(c1)Oc1ccccc1C2(Cc1ccncc1)Cc1ccncc1,-4.32422397587833,0
b2AR-decoy_2867,CC1=CC[C@@H]2[C@@H](C1)c1c(O)cc(C(C)(C)c3ccccc3C)cc1OC2(C)C,-4.3236096848756,0
ASD03130109,Cc1ccc2c(NC3CCCCC3)nc(Nc3cc(Cl)cc(Cl)c3)nc2c1,-4.3219178551317,1
b2AR-decoy_216,CCCCc1c(Cc2ccc(c3ccccc3c3nc(=O)o[nH]3)cc2)c(=O)n([C@H]2CC[C@H](OCC(C)(C)O)CC2)c2ncnn12,-4.32175760226322,0
b2AR-decoy_1919,Cc1ncc2nccn2c1c1ccc(Oc2nccc3occc23)c(C(F)(F)F)c1,-4.32073893983564,0
b2AR-decoy_2710,CCOc1c(Cl)cccc1c1ccc([C@@H](C)NC(=O)C2(NC(=O)C(F)(F)F)CC2)c(F)c1,-4.31841730054601,0
b2AR-decoy_2066,O=c1ccc2cc(OC/C(=N\O)c3ccc(c4ccccc4)cc3)ccc2o1,-4.31047251705311,0
b2AR-decoy_1513,COc1cccc(CN(C)C(=O)c2cccc(c3cccc(OC)c3)c2)c1,-4.30830280990086,0
b2AR-decoy_2457,O=C(/C=C/C1=Cc2c(ccc3ccccc23)OC1)c1ccccc1Br,-4.3083024118259,0
b2AR-decoy_2514,Cc1cccc(c2ccc(F)c(F)c2)c1Oc1ccc(S(=O)(=O)Nc2ncns2)cc1C#N,-4.30813762781062,0
b2AR-decoy_2564,CCS(=O)(=O)C(C)(C)c1ccc(Oc2ccc(F)cc2F)c(c2cn(C)c(=O)c3[nH]ccc32)c1,-4.30708815592009,0
b2AR-decoy_1936,C[C@]1(C(=O)NCC23CC4CC(CC(C4)C2)C3)CCC[C@]2(C)c3cc(O)ccc3CC[C@@H]12,-4.30538321796976,0
b2AR-decoy_1276,CO/C=C(/C(=O)OC)c1ccccc1Oc1cc(Oc2ccccc2C#N)ncn1,-4.30262441078385,0
b2AR-decoy_1847,C=C1C(=O)O[C@H](C[C@@H](C)[C@H]2CC[C@H]3/C(=C/C=C4/C[C@@H](O)[C@H](OCCCO)[C@H](O)C4=C)CCC[C@@]32C)[C@H]1C,-4.3004922364979,0
b2AR-decoy_2741,CC(=O)O[C@H]1CC[C@@]2(C)C(=CC(=O)[C@@H]3[C@@H]2CC[C@@]2(C)[C@H]3CC[C@@H]2[C@H](C)CCCC(C)(C)O)C1,-4.29963553141375,0
b2AR-decoy_586,O=C(Nc1ccc(OC(F)(F)F)cc1)Sc1ccc(Cl)s1,-4.29879209221136,0
b2AR-decoy_1624,CCOP(=O)(OCC)O/C(=C\Cl)c1ccc(Cl)cc1Cl,-4.29821930519355,0
b2AR-decoy_2676,C=C1/C(=C\C=C2/CCC[C@]3(C)[C@@H]([C@@H](C)OCCCS(=O)(=O)C(C)(C)C)CC[C@@H]23)C[C@@H](O)C[C@@H]1O,-4.29695330721682,0
b2AR-decoy_3102,COc1cc(OC)c2c(c1Cc1ccc(O)cc1)CCc1c-2ccc(O)c1CC=C(C)C,-4.29563156492949,0
b2AR-decoy_2816,CC(=O)O[C@H]1CC[C@@]2(C)[C@@H](CC[C@]3(C)[C@@H]2CCC2[C@@H]([C@@](C)(O)CCC=C(C)C)CC[C@]23C)C1(C)C,-4.29337018152501,0
b2AR-decoy_402,O=C(NNC(=O)c1ccc(n2cccc2)cc1)c1ccc(Cl)cc1,-4.292381995292,0
b2AR-decoy_1164,COc1ccc(/C=C/c2cc(O)cc(/C=C/c3ccc(OC)c(O)c3)c2)cc1O,-4.28895433222375,0
b2AR-decoy_1803,CCN(CC)c1ccc(NC(=O)CSc2ncnc3sc(C)c(C)c23)cc1C,-4.28840051219583,0
b2AR-decoy_3175,CN(C)c1ccc(/C=C(\C#N)c2nc(c3ccc(Cl)c(Cl)c3)cs2)cc1,-4.28777842164349,0
b2AR-decoy_170,COc1ccc(N(CC(=O)N[C@@H](Cc2ccccc2)[C@H](O)CN(CC(C)C)S(=O)(=O)c2ccc(N)cc2)CC(=O)N(C)C)cc1,-4.28427222584296,0
b2AR-decoy_2685,Cc1ccccc1C1CC(c2ccc(OCc3ccccc3)cc2)=NN1c1ccc(S(N)(=O)=O)cc1,-4.27693332221698,0
b2AR-decoy_821,C=CCC1Oc2ccc(OCC#N)c(OC)c2-c2ccc3c(c21)C(C)=CC(C)(C)N3,-4.27689339136821,0
b2AR-decoy_3154,CC1=C(C/C=C(\C)CC/C=C(\C)Cc2cccc(C)c2C)C(=O)c2ccccc2C1=O,-4.27515700511612,0
b2AR-decoy_743,CCC1(c2cccs2)OCC(=O)Nc2ccc(c3ccc(F)c(Cl)c3)cc21,-4.27025026759552,0
b2AR-decoy_886,COc1ccccc1COc1ccc2c(c1)C(C)=CC(C)(C)N2,-4.26722723052403,0
b2AR-decoy_1234,Cc1cc2nnc(SCc3cn4ccccc4n3)n2c2ccccc12,-4.26382932089393,0
b2AR-decoy_2391,C=CCNc1nc(N)c(C(=C(C#N)C#N)c2ccc(Br)cc2)s1,-4.26105002535219,0
b2AR-decoy_2071,CCCCCCc1cc2c(C)cc3c(c2oc1=O)C(=O)c1c(O)cccc1C3=O,-4.25516905554677,0
b2AR-decoy_1609,CCCCSc1ncc2ncn(Cc3c(F)ccc(Cl)c3F)c2n1,-4.25318978817671,0
b2AR-decoy_1235,CC(C)OP(=O)(OC(C)C)C(=O)Oc1ccc([N+](=O)[O-])cc1,-4.25138699240616,0
b2AR-decoy_1272,CCc1ccccc1OCc1ccccc1C(=NOC)c1ccon1,-4.25030751396018,0
b2AR-decoy_27,N#Cc1ccc(C(=O)/C=C/c2c[nH]c3ccc(Br)cc23)cc1,-4.24977754968516,0
b2AR-decoy_2047,CCOc1ccc(c2csc(/N=C/c3c[nH]c4ccccc34)n2)c(OCC)c1,-4.24707509616371,0
b2AR-decoy_3058,COC(=O)[C@]12CC[C@@H](C(C)C)C1C1CC[C@@H]3[C@@]4(C)C=CC(=O)C(C)(C)C4CC[C@@]3(C)[C@]1(C)CC2,-4.24629501207068,0
b2AR-decoy_1794,CCOc1cc(Cl)ccc1Oc1ccc(S(=O)(=O)Nc2ccc(F)cn2)cc1C#N,-4.24479887907495,0
b2AR-decoy_73,CC(C)N(c1ccc(/C=C(\C#N)c2nc3ccccc3[nH]2)cc1)C(C)C,-4.24335776240473,0
b2AR-decoy_1948,CCC(=O)Nc1ccc(S(=O)(=O)NCc2ccc3c(c2)CCN3C(=O)c2ccc(C)cc2)cc1,-4.24163391329246,0
b2AR-decoy_922,C=C(C)CC1Oc2cccc(OC)c2-c2ccc3c(c21)C(C)=CC(C)(C)N3,-4.24076487300673,0
ASD03130105,O=C(Nc1ccc(F)cc1)Nc1nc(Nc2cc(Cl)cc(Cl)c2)nc2ccccc12,-4.24037902218353,1
b2AR-decoy_3003,CC1=C(CCCNS(=O)(=O)c2ccc(C)cc2)C2=C(C)C3(CC3)[C@@](C)(O)C(=O)C2=C1,-4.24023984412715,0
b2AR-decoy_2772,COc1ccc(/C(Cl)=C/C=C(\C#N)C(=O)c2c[nH]c3ccc(Br)cc23)cc1OC,-4.23255773575128,0
b2AR-decoy_1824,CCc1cc2c(COC(=O)CCNS(=O)(=O)c3cccc(C(F)(F)F)c3)cc(=O)oc2cc1O,-4.2255901530579,0
b2AR-decoy_281,COc1ccc(S(=O)(=O)N(C)C[C@@H]2Oc3ccc(NS(=O)(=O)c4ccc(Cl)cc4)cc3CC(=O)N([C@@H](C)CO)C[C@H]2C)cc1,-4.21537210304137,0
b2AR-decoy_2581,O=C1CCCCCCCCCC/C(=N/OC(=O)COc2ccc(Cl)cc2)CCCO1,-4.21353894162392,0
b2AR-decoy_2524,O=C(/C=C\c1ccc(Br)cc1)N1N=C(c2ccncc2)OC1c1c[nH]c2ccccc12,-4.21136168860841,0
b2AR-decoy_680,Cc1cc(C)cc(NC(=O)c2cnc(c3ccc(OC(F)(F)F)cc3)o2)c1,-4.20655074780858,0
b2AR-decoy_3131,CC(C)Oc1ccc(Br)cc1C(C)NC(=O)NS(=O)(=O)c1ccc(Cl)cc1,-4.20475823429609,0
b2AR-decoy_2225,CC(=O)Oc1cc2c(cc1C(C)C)CC[C@@H]1[C@]2(C)CCC[C@@]1(C)CNC(=O)c1ccncc1,-4.20164076040155,0
b2AR-decoy_2021,C=CC(C)(C)c1c(O)cc(OC)c2cc(c3ccc(O)cc3O)c(=O)oc12,-4.20140878999064,0
b2AR-decoy_1058,Clc1ccc(OCCCCSc2ncccn2)cc1,-4.19920123189565,0
b2AR-decoy_1015,O=C(/C=C/c1ccc([N+](=O)[O-])cc1)/C=C/c1ccc([N+](=O)[O-])cc1,-4.19850259430923,0
b2AR-decoy_3189,COC(=O)CC[C@@H](C)[C@H]1CC[C@H]2[C@@H]3CC=C4C(C)(C)c5nccnc5C[C@]4(C)[C@H]3CC[C@@]21C,-4.19700208287732,0
b2AR-decoy_833,CC(C)c1cccc(C(C)C)c1OC(=O)NC(=O)SCc1ccc(Cl)cc1,-4.19341147442768,0
b2AR-decoy_2087,CC(=O)N[C@@H](C)c1cc(c2cnc(Oc3ccc(OC(C)C)cc3)s2)no1,-4.17331129937414,0
b2AR-decoy_1884,COc1ccc(/C=C/c2ccc3oc(=O)c(c4ccc(OC)c(OC)c4)cc3c2)cc1,-4.16943603086424,0
b2AR-decoy_1400,S=c1[nH]nc(c2n[nH]c(=S)o2)o1,-4.16387453701426,0
b2AR-decoy_657,CC(C)(C)c1cc(C(=O)/C=C/c2ccc3c(c2)CCO3)cc(C(C)(C)C)c1O,-4.16078582284424,0
b2AR-decoy_2864,COc1ccc2cc1Oc1ccc(cc1)/C=C/c1cccc(OC)c1Oc1cccc(c1)CC2,-4.15820662719608,0
b2AR-decoy_3108,CC(C)CC(O)(CC(C)C)[C@@H]1C=CC=C(CO)C2=C3[C@H]1CCCC[C@@]31OC(C)(C)O[C@@H]21,-4.15222382269709,0
b2AR-decoy_1362,COc1ccc(/C(=C/c2cc(OC)cc(OC)c2)C(F)(F)F)cc1,-4.15081904388585,0
b2AR-decoy_1145,CC(=O)NCCc1ccc(OC2C=CCC(C)(C)C2)cc1c1cccc(F)c1,-4.15051461850322,0
b2AR-decoy_1652,C=C(C)CCOCc1ccc(C2(CC)Oc3ccccc3-n3cccc3C2=O)cc1,-4.12899159945427,0
b2AR-decoy_1494,CC(C)(C)NC(=O)/C=N/O,-4.12632168298786,0
b2AR-decoy_2440,COC(=O)CC[C@@H](C)[C@H]1CC[C@H]2[C@@H]3[C@@H](OC)C[C@@H]4C[C@H](OC)CC[C@]4(C)[C@H]3CC[C@@]21C,-4.12062819763937,0
b2AR-decoy_355,CCCC(=C(c1ccc(O)cc1)c1ccc(O)cc1)c1ccc(O)cc1,-4.117148796207,0
b2AR-decoy_1627,CCN(CC)S(=O)(=O)c1ccc(/C=C/c2nc3cc(C)c(C)cc3s2)cc1,-4.11008146540141,0
b2AR-decoy_2376,CCc1nnc(NC(=O)c2sc3nc4c(cc3c2N)CCCCC4)s1,-4.10660055219047,0
b2AR-decoy_2597,Fc1ccc(/N=C2/c3ccccc3/C(=N/c3ccc(F)cc3)c3occc32)cc1,-4.10095437046438,0
b2AR-decoy_2517,CC(C)(C)NC(=O)C(c1cccnc1)N(C(=O)c1ccco1)c1ccc(c2ccc(F)c(F)c2)cc1,-4.10008888740134,0
b2AR-decoy_2841,COc1ccc(/C=N\O[Si](C)(C)C(C)(C)C)cc1O[Si](C)(C)C(C)(C)C,-4.09415478375398,0
b2AR-decoy_645,CCCCCc1cc(NC(C)=O)c2c(c1)OC(C)(C)C1=C2CC(C)CC1,-4.09340756593596,0
b2AR-decoy_2966,O=c1c(Oc2ccc(OC(F)(F)F)cc2)c(Cl)cnn1Cc1cccc2ccccc12,-4.08928819368734,0
b2AR-decoy_1188,COc1cccc(c2sc3ccc(OC)cc3c2C#CCC(C)O)c1,-4.08907715168085,0
b2AR-decoy_2889,Cc1ccc(Nc2ccc(Nc3ccc(C)cc3)c3c2C(=O)c2cccc(O)c2C3=O)cc1,-4.08850659273148,0
b2AR-decoy_718,C=CC(C)(C)c1cc([C@@H]2CC(=O)c3ccc(O)c(CC=C(C)C)c3O2)c(O)cc1O,-4.08504763891806,0
b2AR-decoy_47,COc1ccc2[nH]cc(/C=C/C(=O)c3ccc(OC)c4c3OC(C)(C)C=C4)c2c1,-4.08403243169944,0
b2AR-decoy_363,CCc1cnccc1SC/C(=N\O)c1cc(Cl)sc1Cl,-4.08341243709375,0
b2AR-decoy_2870,CCn1c2ccccc2c2cc(/C=C/C(=O)c3ccc(I)cc3)ccc21,-4.08299677074224,0
b2AR-decoy_2585,CC1(C)C=Cc2c(c3c(cc2c2cc4ccccc4s2)oc(=O)cc3c2ccccc2)O1,-4.07808800574771,0
b2AR-decoy_1835,CCc1ccccc1NS(=O)(=O)c1ccc2[nH]cc(C(=O)N(CC(C)C)CC(C)C)c(=O)c2c1,-4.07361086274089,0
b2AR-decoy_2425,CCCO[C@@]1(C)CC[C@H]2[C@@H]3C[C@H](C)[C@H]4CC(=O)[C@H](C)C[C@]4(C)[C@H]3CC[C@@]21C,-4.07149500616722,0
b2AR-decoy_1550,COc1ccc(c2nnc(c3cc(OC(F)(F)F)ccc3n3cccn3)o2)cc1OC,-4.06988870673885,0
b2AR-decoy_2343,COc1cc(c2cc(c3ccc(S(C)(=O)=O)cc3)cnc2N)ccc1O,-4.06977836496378,0
b2AR-decoy_2374,C/C(=N\NC(=S)NC12CC3CC(CC(C3)C1)C2)c1c(O)ccc2ccc(=O)oc12,-4.06459794805638,0
b2AR-decoy_2400,CCc1nccc(c2ccc(C(=O)NC)c(Cl)c2)c1C#Cc1ccc(N)nc1C,-4.05816936865066,0
b2AR-decoy_396,O=C(c1cc(Cl)c2c(c1)C(O)(C(F)(F)F)c1ccccc1-2)N1CC(O)C1,-4.05334422585818,0
b2AR-decoy_1231,O=C1C=CC2(Oc3cccc4cccc(c34)O2)c2cccc(OCc3ccoc3)c21,-4.04602273108025,0
b2AR-decoy_2356,NC(=O)c1ccccc1NC(=O)CC12CC3CC(CC(Br)(C3)C1)C2,-4.03568677611804,0
b2AR-decoy_3026,O=C1COc2ccc(S(=O)(=O)NCCCN3c4ccccc4CCc4ccccc43)cc2N1,-4.03541899914191,0
b2AR-decoy_209,Cc1cn([C@@H]2O[C@H](CO[Si](C)(C)C(C)(C)C)[C@@]3(OS(=O)(=O)C=C3N)[C@H]2O[Si](C)(C)C(C)(C)C)c(=O)n(CCc2ccccc2)c1=O,-4.03375075894115,0
b2AR-decoy_2838,CCCCCCOc1cccc2c1C(=O)C=CC21Oc2cccc3cccc(c23)O1,-4.03230152784305,0
b2AR-decoy_3172,CC1=C(C/C=C(\C)CC/C=C(\C)Cc2ccc(C)cc2C)C(=O)c2ccccc2C1=O,-4.0295494093063,0
b2AR-decoy_2660,C=C[C@@H]1c2cc(C)ccc2N(S(=O)(=O)c2ccc(C)cc2)[C@H](c2ccc(C(C)(F)F)cc2)C1(C#N)C#N,-4.02650517631398,0
b2AR-decoy_204,COc1ccc2cc(C(=O)N[C@@H](Cc3ccccc3)[C@H](O)CN(CC(C)C)S(=O)(=O)c3ccc(N)cc3)c(=O)oc2c1,-4.01980331545958,0
b2AR-decoy_3085,COc1cc2oc(=O)cc(c3ccc(c4ccc(C(F)(F)F)cc4)cc3)c2c(OC)c1OC,-4.01820618861005,0
b2AR-decoy_2624,COc1ccc(c2nn3c(nc(c4ccc(OC)cc4)c3c3ccc(OC)cc3)s2)cc1,-4.01222797147684,0
b2AR-decoy_2220,C=C(C)[C@H](O)CC[C@](C)(O)[C@H]1CC[C@]2(C)[C@@H]1CC[C@@H]1[C@@]3(C)CC[C@H](O)C(C)(C)[C@@H]3CC[C@]12C,-4.00960537016544,0
b2AR-decoy_732,CC1(C)CCN(CCOc2ccc3[nH]ccc3c2)c2ccc(Br)cc21,-4.00654334906606,0
b2AR-decoy_3009,Cc1nn(c2ccc(C#N)c(Cl)c2)c(C)c1Cc1ccc(C(=O)NCC(C)(C)O)cc1,-4.00450229025405,0
b2AR-decoy_848,C=CCC1Oc2cccc(OCC3CC3)c2-c2ccc3c(c21)C(C)=CC(C)(C)N3,-4.00253893126133,0
b2AR-decoy_2139,CS(=O)(=O)NCc1ccc(c2c(O)ccc3[nH]c(=O)c4sccc4c32)cc1,-3.99836561733099,0
b2AR-decoy_2622,CCn1c(CN2C(=O)CSc3ccc(C(F)(F)F)cc32)nnc1SCc1ccc(Cl)cc1,-3.99557857384143,0
b2AR-decoy_2119,COc1cc(c2cc(c3cc(C(C)C)c(O)cc3C)[nH]c(=O)c2C#N)ccc1O,-3.98250571440779,0
b2AR-decoy_683,COc1ccc2c(c1)OC(C)(C)C/C2=C(\c1ccccc1)c1ccc(O)cc1,-3.97778128535137,0
b2AR-decoy_2432,N#Cc1cc(Cc2ccc3c(ccc4ccccc43)c2C#N)cc2c1ccc1ccccc12,-3.97437455854163,0
b2AR-decoy_838,CC(=O)Nc1cccc(c2c(O)ccc3cc(c4cccc(O)c4)ccc32)c1,-3.97037798304802,0
b2AR-decoy_2914,CC1CC(=O)C2=C(C1)OC1=C(C(=O)CC(C)(C)C1)C2c1cc2ccccc2n1Cc1ccccc1,-3.96989918240013,0
b2AR-decoy_784,Cc1cc(C)c(S(=O)(=O)Nc2ccc3ccccc3c2)c(C)c1,-3.95982811209733,0
b2AR-decoy_1261,COc1cc2c(cc1C(=O)/C=C/c1cc(OC)c(OC)c(OC)c1)SCO2,-3.9521560169661,0
b2AR-decoy_1046,CCCCCCCCCCOC(=O)c1csc2nnsc12,-3.95108589172601,0
b2AR-decoy_3153,COc1ccc(C(=O)CC(Sc2ccc(C)cc2)c2ccc(OC)cc2)cc1,-3.94490219585915,0
b2AR-decoy_1644,CC(=O)N[C@@H](C)c1ccc(OC2CCN(c3ccc(OC(C)C)cc3C)C2)cc1,-3.94306491708422,0
b2AR-decoy_1105,CCOc1ccc2nc(/N=C/c3c(C)nn(c4ccc(C)cc4)c3O)sc2c1,-3.9422143217143,0
b2AR-decoy_129,CCCC[C@@H]1C[C@H]2[C@@H]3CCC4=CC(=O)CC[C@]4(C)C3=CC[C@]2(C)[C@H]1C(=O)CO,-3.94087618759087,0
b2AR-decoy_2811,CN(C)c1ccc(/C=C/c2ccc(c3nc4cc(OCCCF)ccc4s3)cc2)cc1,-3.93748507790595,0
b2AR-decoy_894,COc1cc(Sc2c[nH]c3ccc(C)cc23)cc(OC)c1OC,-3.92748384547015,0
b2AR-decoy_2697,C/C=C/[C@H]1[C@H](C(=O)c2c(O)c(c3ccc(OC(=O)C4CC4)cc3)c[nH]c2=O)C=C(C)[C@H]2CC[C@H](C)C[C@@H]21,-3.92498841270679,0
b2AR-decoy_2759,O=C(OCc1ccccc1)/C(=C/c1ccc(Cl)cc1)NC(=O)c1ccccc1Cl,-3.91968397172665,0
b2AR-decoy_310,COc1ccc(CN(C(=O)Cn2cc(CNS(=O)(=O)c3ccc(Br)cc3)nn2)c2cc(OC)c(OC)c(OC)c2)cc1,-3.91789583875799,0
b2AR-decoy_2008,Cc1ccc(C(=O)NNC(=O)CCC(=O)Nc2cccc(Cl)c2C)cc1,-3.91038213830824,0
b2AR-decoy_1037,Cc1ccc(CCCCCC(=O)N2CCOC2=O)cc1C,-3.90962968955481,0
b2AR-decoy_2429,CCOC(c1cc(Cl)cc(Cl)c1)C(SC(C)(C)C)n1ccnc1,-3.90909908811711,0
b2AR-decoy_684,COc1cc(c2ccc3c(c2)/C(=C/c2c[nH]c4ccccc24)C(=O)N3)ccc1O,-3.90730877689378,0
b2AR-decoy_1033,CCCCOc1ccc(/C=C/c2cc(OC)cc(OC)c2)cc1,-3.90613479919373,0
b2AR-decoy_359,COc1cc(C)c(/C=C(\C#N)C(=O)Nc2ccc(C)cc2)cc1C(C)C,-3.90363092975385,0
b2AR-decoy_2785,CCCCc1ccc(CCc2cc3c(s2)-n2c(C)nnc2CN=C3c2ccccc2Cl)cc1,-3.90202951312816,0
b2AR-decoy_688,CC(C)c1ccccc1Sc1c(O)cc(c2cccc(N(C)C)c2)oc1=O,-3.89880760205802,0
b2AR-decoy_2705,C=C(CC[C@@H](CO)[C@H]1[C@H](O)C[C@@]2(C)C3=CC[C@H]4C(C)(C)[C@H](O)CC[C@]4(C)C3=CC[C@]12C)C(C)(C)O,-3.89695444763536,0
b2AR-decoy_893,COc1cccc(c2sc3ccc(OC)cc3c2C#CC(C)(C)O)c1,-3.89564492213044,0
b2AR-decoy_1356,Cn1s/c(=N/c2ccc(c3ccccc3)cc2)nc1c1ccccc1,-3.88865574656231,0
b2AR-decoy_2734,CCCCNC(=O)C1C(c2ccccc2)=Nc2ccccc2N1C(=O)c1ccc(C(F)(F)F)cc1,-3.88197550874765,0
b2AR-decoy_2198,COc1cc2c(cc1OC)Sc1ncnc(Sc3cccc(Br)c3)c1NC2,-3.87930188215804,0
b2AR-decoy_2893,Cc1ccc2[nH]cc(C(/C(=N\O)c3ccc(Br)cc3)c3c[nH]c4ccc(C)cc34)c2c1,-3.87568461921625,0
b2AR-decoy_2523,CC(C)(C)NC(=O)C(c1cccnc1)N(C(=O)Cc1cccnc1)c1ccc(C(C)(C)C)cc1,-3.86517216475707,0
b2AR-decoy_1569,COCCN(C(=O)CCC(=O)Nc1nccs1)C(C(=O)NC(C)(C)C)c1ccc(F)cc1,-3.86178345865871,0
b2AR-decoy_1808,COC(=O)/C=C/c1cccc(N(Cc2ccc(c3ccc(C)cc3)cc2)C(=O)NC(C)C)c1,-3.861762213811,0
b2AR-decoy_228,CC(C)CC1(C)OC(c2ccnc(NCC3CCCO3)n2)=C(c2cccc(NS(=O)(=O)c3c(F)cccc3F)c2F)C1=O,-3.85862661292789,0
b2AR-decoy_1233,O=c1cc(N2CCOCC2)oc2ccc(c3ccc(OC(F)(F)F)cc3)cc12,-3.85346903724712,0
b2AR-decoy_1900,O=c1cc(c2ccc(OC(F)(F)F)cc2)oc2c1ccc1ccccc12,-3.84975556836594,0
b2AR-decoy_3112,C[C@H](CCCC(C)(C)O)[C@H]1CC[C@H]2/C(=C\C=C3C[C@@H](O)C(O)(CF)[C@H](O)C3)CCC[C@@]21C,-3.84960911263503,0
b2AR-decoy_2217,Cc1cc(/C(O)=C(/C([S-])=Nc2ccc(F)cc2)[n+]2ccccc2)c(C)n1c1ccc(F)cc1,-3.84844014312325,0
b2AR-decoy_1775,CCOP(=O)(Cc1ccc(C(=O)Nc2cc(c3ccc(Cl)cc3)no2)cc1)OCC,-3.84298461406726,0
b2AR-decoy_1850,CCCn1c(=O)c2[nH]c(c3ccc(OC(C)C(=O)NCc4ccc(Cl)cc4)cc3)cc2n(CCC)c1=O,-3.84175769322297,0
b2AR-decoy_810,C=CC(C)(C)C1Oc2cccc(OC)c2-c2ccc3c(c21)C(C)=CC(C)(C)N3,-3.84052126394093,0
ASD03130068,Cc1ccc2nc(Nc3ccc(F)c(F)c3)nc(NC3CCCCC3)c2c1,-3.8381064925859,1
b2AR-decoy_1,CC(C)c1ccc(NC(=O)Oc2ccc3c(c2)[C@]2(C)CCOC2O3)cc1,-3.81878711941182,0
ASD03130112,Clc1cc(Cl)cc(Nc2nc(NC34CC5CC(CC(C5)C3)C4)c3ccccc3n2)c1,-3.80775963379122,1
b2AR-decoy_2666,Fc1cccc(Cl)c1CSc1nnc(c2ccco2)n1c1ccc(OCc2ccccc2)cc1,-3.79553175010729,0
b2AR-decoy_1155,OCCCCCCC1CCOOC2(CCCCCCCCCCC2)OOC1,-3.79422821292162,0
b2AR-decoy_1002,C/C(=N\NC(=O)/C=C/c1ccc(C(C)(C)C)cc1)c1ccc(Cl)cc1,-3.79260651358496,0
b2AR-decoy_1631,CC(C)[Si](Oc1ncc(B2OC(C)(C)C(C)(C)O2)o1)(C(C)C)C(C)C,-3.79039309167591,0
b2AR-decoy_2363,Cc1nc(N)ncc1c1ccc(c2ccccc2S(=O)(=O)NC(C)(C)C)cc1F,-3.787043741473,0
b2AR-decoy_776,CN(C)c1ccc(/C=C/C(=O)/C=C/c2ccc3[nH]ccc3c2)cc1,-3.77520865209452,0
b2AR-decoy_1500,C/C=C/C#CC#C[C@H](O)CCO,-3.77323733595809,0
b2AR-decoy_2792,CCCCCCCCS(=O)(=O)N1CCC(=C2c3ccc(Cl)cc3CCc3cccnc32)CC1,-3.76199936252489,0
b2AR-decoy_39,CC(C)c1ccc(NC(=O)Oc2ccc3c(c2)[C@@]2(C)CCO[C@H]2N3C)cc1,-3.75839796440067,0
b2AR-decoy_1584,CCCc1c(OCC(O)COc2ccc(/C=C3\CC(=O)NC3=O)cc2)ccc(Cl)c1Cl,-3.75208843006903,0
b2AR-decoy_1526,CCN(Cc1ccccc1)C(=O)Oc1ccc(Oc2ccc(C(F)(F)F)cn2)cc1,-3.74004113319322,0
b2AR-decoy_576,N#Cc1c(N)c(C#N)c(c2ccc3c(c2)OCO3)c2c1CCCC2,-3.73673097017746,0
b2AR-decoy_3059,COc1ccc(C)cc1C1=C(Br)C(=O)N(CC(C)C)/C1=C\c1cccc(Cl)c1,-3.73659662890473,0
b2AR-decoy_2254,CC(C)(C)NC(=O)C(c1cccnc1)N(C(=O)c1cccs1)c1ccc(C(C)(C)C)cc1,-3.73515628217392,0
b2AR-decoy_2557,Cc1cccc(Cn2cc3c(=O)n(CC(=O)Nc4c(C)cccc4C)nc-3c3cc(F)ccc32)c1,-3.73424690770058,0
b2AR-decoy_190,COc1ccc(S(=O)(=O)N(CC(C)C)C[C@@H](O)[C@H](Cc2ccccc2)NC(=O)c2cc(N)cc(C(=O)N(C)Cc3nc(C)oc3C)c2)cc1,-3.73025307310731,0
b2AR-decoy_180,CC(C)CN(C[C@@H](O)[C@H](Cc1ccccc1)NC(=O)O[C@H]1CO[C@H]2OC[C@H](OCC(=O)NCc3ccccc3)[C@@H]12)S(=O)(=O)c1ccc(N)cc1,-3.7284665655299,0
b2AR-decoy_1595,CC(=O)Nc1ccc(NC(=O)C(C)OC(=O)CCCOc2ccc(Cl)cc2C)cc1,-3.7276713936022,0
b2AR-decoy_1831,C=CCOc1ccc2ccc(CN([C@H](C)C(=O)NO)S(=O)(=O)c3ccc(OC)cc3)cc2c1,-3.7269681430153,0
b2AR-decoy_148,CCCCCn1c(=O)sc2cc(CC34CC5CC(CC(C5)C3)C4)ccc21,-3.72328201538771,0
b2AR-decoy_2394,CC(C)(O)c1cc(c2ccc(S(N)(=O)=O)cc2)c(c2ccc(F)cc2)s1,-3.72049584204308,0
b2AR-decoy_1842,CC(=O)NCCCOc1cc(F)c(c2c(Cl)nc3ncnn3c2N[C@@H](C)C(F)(F)F)c(F)c1,-3.71871572083997,0
b2AR-decoy_2530,C/C(=N\OC(C)C)c1ccc2c(c1)c1c3c(c4c(c1n2C(C)C)CCc1nn(C)cc1-4)C(=O)NC3,-3.71703342201743,0
b2AR-decoy_1048,COC(=O)/C=C\c1ccc(OC/C=C(\C)CCC=C(C)C)cc1,-3.71675438370162,0
b2AR-decoy_2228,C[C@H](CC[C@H](O)C(C)(C)O)[C@H]1CC[C@@]2(C)[C@@H]3CC[C@H]4C(C)(C)[C@@H](O)CC[C@@]45C[C@@]35CC[C@]12C,-3.71526560074666,0
b2AR-decoy_599,CC(=O)c1c(C)[nH]c(C(=O)CSc2c(C)c(C)cc(C)c2C)c1C,-3.7152503568965,0
b2AR-decoy_814,CC(C)c1ccc(NC(=O)Oc2ccc3c(c2)[C@]2(C)CCC(C)[C@@H]2C3C)cc1,-3.70824053861733,0
b2AR-decoy_3042,CC(=O)OC[C@]12CCCC(C)(C)[C@@H]1CC[C@@]1(C)[C@@H]3CCc4cocc4[C@@]3(C)[C@H](OC(C)=O)C[C@@H]12,-3.70785121912294,0
b2AR-decoy_3178,Fc1ccc(COc2ccc(/C=C/CCSc3nc4ccccc4s3)cc2)cc1,-3.69855152727974,0
b2AR-decoy_2381,NS(=O)(=O)c1ccc(CNC(=O)/C=C/c2ccc(Cl)c(Cl)c2)cc1,-3.69161818184535,0
b2AR-decoy_1363,CCc1nncn1c1ccc(OCc2c(Cl)cccc2Cl)cc1,-3.68324155418016,0
b2AR-decoy_343,CN(C)c1ccc(/N=N/c2ccc(/C=C3\C(=O)Nc4ccccc43)cc2)cc1,-3.68095370114933,0
b2AR-decoy_1025,COc1ccc2cc(/C=C/C(=O)/C=C/c3ccc(N(C)C)cc3)ccc2c1,-3.68042414802421,0
b2AR-decoy_2757,CCCCCc1ccc(C(=O)NN(C(=O)c2cc(C)cc(C)c2Cl)C(C)(C)C)cc1,-3.67787569119995,0
b2AR-decoy_2110,CO[P@](=O)(c1cc(C)cc(/C=C/C#N)c1)c1c(C(N)=O)[nH]c2ccc(Cl)cc12,-3.67575277607754,0
b2AR-decoy_1743,COc1ccc(c2cn3c(C(=O)Nc4cc(C)ccc4C)csc3n2)cc1,-3.67563711851145,0
b2AR-decoy_1843,COc1ccc(OC)c(S/C(N)=C(C#N)/C(C#N)=C(\N)Sc2cc(OC)ccc2OC)c1,-3.67123817955058,0
b2AR-decoy_560,COc1cc2c(cc1O)-c1cc(O)c(OC)c(OC)c1C=CC2,-3.66491501174504,0
b2AR-decoy_2120,COc1ccc(c2ccc3nc(NS(=O)(=O)c4ccc(N)cc4)sc3c2)cc1,-3.66001922129721,0
b2AR-decoy_1851,CSC(SC)=C(C#N)C(=O)N/N=C(\C)c1ccc(NS(=O)(=O)c2ccc(Cl)cc2)cc1,-3.65828350177577,0
b2AR-decoy_1338,COc1cc(/C=C/C(=O)c2cccc(F)c2)cc(OC)c1,-3.65017919346073,0
b2AR-decoy_3004,COc1ccc(OC)c(CCn2ccc3ccc(c4ccccc4S(N)(=O)=O)cc3c2=O)c1,-3.63936093597752,0
b2AR-decoy_1055,CCCCC(CC)COC(=O)C=Cc1ccc(OC)cc1,-3.63932416330002,0
b2AR-decoy_2923,Cc1cccc(Oc2nc3ccccn3c(=O)c2/C=C(\C#N)c2nc3ccccc3s2)c1C,-3.63888528050424,0
b2AR-decoy_3086,O=C(/C(=C\c1ccc(C(F)(F)F)cc1)S(=O)(=O)Cc1ccccc1)c1ccc(Cl)cc1,-3.63301867194745,0
b2AR-decoy_2502,C=C(C)C(=O)c1ccc(OCc2nc(c3ccc([N+](=O)[O-])cc3)cs2)cc1Cl,-3.63009104516785,0
b2AR-decoy_1664,CCOC(=O)c1c(C)n(C)c2ccc(OC(=O)c3ccoc3)cc12,-3.62817312387316,0
ASD03130063,COc1ccc(Nc2nc(NC3CCCCC3)c3ccccc3n2)cc1OC,-3.6252700371718,1
b2AR-decoy_1783,C=C(CC)C(=O)c1ccc(OCC(=O)Nc2ccc(C#N)cc2)c(Cl)c1Cl,-3.61990664245659,0
b2AR-decoy_58,Brc1ccc(CSc2nnc(Cc3c[nH]c4ccccc34)o2)cc1,-3.60971934275203,0
b2AR-decoy_2354,CC(C)Nc1sc(C(=O)c2ccc(Br)s2)c(N)c1C#N,-3.60518225261845,0
b2AR-decoy_831,CC(C)N(C(=O)[C@H]1CCC2C3CC=C4C=C(CO)CC[C@]4(C)C3CC[C@@]21C)C(C)C,-3.58723310582592,0
b2AR-decoy_2678,Cc1cc(c2cnc(c3sc(C)c4c3C[C@@H]3[C@H]4C3(C)C)s2)cc(C)c1OCC(O)CO,-3.58665688712712,0
b2AR-decoy_2935,O=c1ncn2nc(Sc3ccc(Cl)c(Cl)c3)ccc2c1c1c(Cl)cccc1Cl,-3.5851349905927,0
b2AR-decoy_1904,CC(C)C[C@@H]1C[C@@]2(CC[C@H]3C[C@@H]2C3(C)C)OC2=C1C(=O)C(C)(C)C(=O)C2(C)C,-3.58500697833957,0
b2AR-decoy_2152,CCC(=O)Nc1ccccc1Sc1ncnc2scc(c3ccccc3)c12,-3.58460407842072,0
ASD03130110,Fc1ccc(Nc2nc(Nc3cc(Cl)cc(Cl)c3)nc3ccccc23)c(F)c1,-3.57765558886216,1
b2AR-decoy_1488,CCCC(O)C#CC#CCO,-3.57583857771587,0
b2AR-decoy_1807,Cc1noc(NS(=O)(=O)c2ccccc2c2ccc(CCC(C)C)cc2)c1C,-3.57085932152402,0
b2AR-decoy_1533,CCCCOCCC1c2cccc(C)c2C(=O)N1C(=O)c1ccc(C(F)(F)F)cc1,-3.55196571136432,0
b2AR-decoy_1827,OCCOCn1cnc2c(O)n3c(C(c4ccccc4)(c4ccccc4)c4ccccc4)cnc3nc21,-3.55190230391253,0
b2AR-decoy_1042,C=C[Si](C)(C)COC(=O)/C(C#N)=C/C=C/c1ccccc1,-3.53662879853682,0
b2AR-decoy_2188,COc1cc(c2ccc3c(c2)NC(=O)/C3=C\c2c[nH]c3ccccc23)ccc1O,-3.53504667192584,0
b2AR-decoy_2967,Cc1cc(C)cc(Oc2nc3ccccn3c(=O)c2/C=C(\C#N)c2nc3ccccc3s2)c1,-3.52895356395523,0
b2AR-decoy_2654,COc1ccc(C(=O)CN2C(=O)S/C(=C\C3=C(Cl)c4cc(C)c(C)cc4CCC3)C2=O)cc1,-3.506646532616,0
b2AR-decoy_2803,CN(C)c1ccc(/C=C/c2ccc(c3nc4ccc(OCCCF)cc4o3)cc2)cc1,-3.50374889088098,0
b2AR-decoy_1118,O=C(/C=C/c1ccc(O)c(O)c1)c1ccc(NC(=O)C23C[C@H]4C[C@@H](C2)C[C@@H](C3)C4)cc1,-3.48784582129625,0
b2AR-decoy_2947,CC(C)(C)C(=O)OCN1c2ccc(c3csc(C#N)c3)cc2C(C)(C)OC1C(F)(F)F,-3.48419710876946,0
b2AR-decoy_1868,C[C@@H](c1ccc(c2ccc(=O)[nH]c2)cc1)N1CC[C@](CC(C)(C)NS(C)(=O)=O)(c2ccccc2)OC1=O,-3.4837677830097,0
b2AR-decoy_677,C/C1=C\CC(C)(C)C[C@@H](OC(=O)/C=C/c2ccc(O)cc2)C/C(C)=C/CC1,-3.47303096614919,0
b2AR-decoy_896,CCCOc1ccc2c(c1)C(C)(C)Oc1cc3oc(=O)cc(O)c3cc1-2,-3.43529268114239,0
b2AR-decoy_2230,COc1c(O)ccc2c1-c1ccc3c(c1/C(=C/c1ccc(F)cc1CO)O2)C(C)=CC(C)(C)N3,-3.43307036116271,0
b2AR-decoy_2418,CC1=C(/C=C/C(C)=C/C=C/C(C)=C/C=C2C(=O)CCCCCC2=O)C(C)(C)CCC1,-3.43181097743193,0
b2AR-decoy_733,CC(C)(C)c1cc(C(=O)N/N=C/c2cc3ccccc3cc2O)cc(C(C)(C)C)c1O,-3.42982942184496,0
b2AR-decoy_3039,CCOC(=O)CCc1ccc(c2ccc(OC)cc2)n1c1ccc(S(N)(=O)=O)cc1C,-3.42908536108202,0
b2AR-decoy_837,CC1=NN(c2ccccc2)C(=S)/C1=C/Nc1ccc(/N=N/c2ccccc2)cc1,-3.42341409972103,0
b2AR-decoy_279,CCCCc1nn(c2ccccc2C(F)(F)F)c(=O)n1Cc1ccc(c2ccccc2S(=O)(=O)NC(=O)C2C(C)(C)C2(C)C)cc1,-3.41112578029539,0
b2AR-decoy_75,COc1cc(c2ccc3c(c2)NC(=O)/C3=C\c2c[nH]c3c(C)cccc23)ccc1O,-3.41047853099394,0
b2AR-decoy_2925,CC(C)(C)Oc1cccc(C(=O)N2Cc3ccccc3C(c3ccccc3)c3ccccc32)c1,-3.40100793408303,0
b2AR-decoy_125,COc1ccc(c2cc(O)c(Sc3ccccc3C(C)C)c(=O)o2)cc1,-3.39604272598254,0
b2AR-decoy_3050,Fc1cc(C2=Nn3c(nnc3c3cc(F)c(Cl)cc3Cl)SC2)c(Cl)cc1Cl,-3.39102902225923,0
b2AR-decoy_3106,COc1cc(C(=O)c2cn(c3ccc(F)cc3)cc2c2ccc(N)cc2)cc(OC)c1OC,-3.38311241596361,0
b2AR-decoy_2972,CC1=C(/C=C/C(C)=C/C=C/C(C)=C/C(=O)N2CCCOCC2)C(C)(C)CCC1,-3.37804225754492,0
b2AR-decoy_1788,CCCc1cc(Oc2ccccc2OCCn2ccc(=O)[nH]c2=O)c(C)c2cc(C#N)ccc12,-3.37536904699033,0
b2AR-decoy_1800,CCC(O)(CC)c1cc(F)cc(OCc2ccc3c(c2)oc(=O)cc3c2ccoc2)c1,-3.37531724602539,0
b2AR-decoy_2783,Cc1nn(c2ccccc2)c(Oc2ccccc2F)c1c1nnc(c2ccc(Br)cc2)o1,-3.3637081321772,0
b2AR-decoy_2919,CCOC(=O)c1ccc(c2nc(c3ccc4c(c3)C(C)(C)CCC4(C)C)c(C)s2)cc1,-3.36206834684171,0
b2AR-decoy_1113,COc1ccc2c(C)c(Oc3c(Cl)c(Cl)c(O)c(C#N)c3C#N)oc2c1,-3.36044187008109,0
b2AR-decoy_2195,CO[C@@H]1C[C@@H]2C[C@H](O)CC[C@]2(C)[C@H]2CC[C@@]3(C)[C@@H](CC[C@@H]3[C@H](C)CCc3nnc(C)o3)[C@@H]21,-3.3345858208125,0
b2AR-decoy_2963,Cc1c(Cl)c(=O)oc2cc(OC(=O)CCCOc3ccc(Cl)cc3Cl)ccc12,-3.33360112881098,0
b2AR-decoy_2977,C[C@]12ON(P(=O)(c3ccccc3)c3ccccc3)[C@](C)(c3ccccc31)c1ccccc12,-3.33003259507377,0
b2AR-decoy_3144,COc1cc2c(cc1OCc1ccncc1)-c1n[nH]c(c3ccc(c4ccc(O)cc4)cc3)c1C2,-3.32781258947617,0
b2AR-decoy_1107,CCCCc1ccc(n2nc3cc(Cl)c(C(=O)NC(C)(C)C)cc3n2)cc1,-3.32630944346593,0
b2AR-decoy_57,CN(C)c1ccc(c2nnc(c3c[nH]c4ccc(Br)cc43)s2)cc1,-3.31799549592964,0
b2AR-decoy_761,COc1cc(CCc2cccc(Cl)c2Cl)cc(OC)c1O,-3.31037981402899,0
b2AR-decoy_1378,C/C(=N\OC(=O)c1ccc(OC(C)C)cc1)c1ccc(C)c(C)c1,-3.29599021086074,0
b2AR-decoy_1344,Fc1ccc(c2nnc(/C=C/c3ccc(Br)s3)o2)cc1,-3.28719209928699,0
b2AR-decoy_1244,COC(=O)/C1=C\CC[C@]2(C)O[C@H]2CC/C(C(=O)OC)=C/C=C(/C(C)C)CC1,-3.27839585345239,0
b2AR-decoy_2533,COc1cc(/C=C/C(=O)c2cccc(n3cc(c4ccccc4C(F)(F)F)nn3)c2)ccc1O,-3.25354646779689,0
b2AR-decoy_1331,CCC(/C=C/C(=O)N1CCCCC1)=C\c1ccc2c(c1)OCO2,-3.23063222703595,0
b2AR-decoy_620,Cc1[nH]c(C)c(c2ccc(/C=C/c3ccccn3)cc2)c(=O)c1Cl,-3.21974459651273,0
b2AR-decoy_1573,CCCNC(=O)c1ccccc1NC(=O)c1ccccc1N(C)S(=O)(=O)c1ccc(C)cc1,-3.21278161120625,0
b2AR-decoy_2545,CC(/C=C/C=C/CO)=C\[C@@H]1Cc2nc(cs2)CCCCC(=O)O[C@@H](C)C/C(C)=C/C=C\C(=O)O1,-3.20972114683018,0
b2AR-decoy_987,C=CCOCC1=CC(C)(C)Nc2ccc(c3ccccc3OC)cc21,-3.19596226726729,0
b2AR-decoy_996,COc1cc(/C=C/c2ccc(OC(=O)c3ccccc3O)cc2)cc(OC)c1,-3.19312093259357,0
b2AR-decoy_1122,Cc1ccccc1OCC(=O)Nc1ccc(c2nc3c(C)c(C#N)ccc3o2)cc1,-3.15172209026085,0
b2AR-decoy_3167,CCOC(=O)/C(C)=C/C[C@]1(C)CC[C@@]2(O1)C(C)=CC[C@H]1C(C)(C)CCC[C@@]12C,-3.14626979448491,0
b2AR-decoy_2702,Cc1ccc(NS(=O)(=O)c2cc(NC(=O)c3cc4c(s3)CCCC4)ccc2C)c(C)c1,-3.13293162815364,0
b2AR-decoy_110,C=C1/C(=C\C=C2/CCC[C@@]3(C)[C@H]2CC[C@@H]3[C@H](C)CCC(C)(C)O)C[C@@H](O)C[C@@H]1O,-3.132206788196,0
b2AR-decoy_1529,COc1ccc(N(C)S(=O)(=O)c2ccc(c3cccc(OC)c3)cc2)cc1,-3.13097822392396,0
b2AR-decoy_1790,Cc1ccc(C(=O)NCCCCn2c3ccc(O)cc3c(C)c2c2ccc(O)cc2)cc1,-3.12574738498922,0
b2AR-decoy_960,Clc1ccc(c2nnc(NC34CC5CC(CC(C5)C3)C4)s2)cc1,-3.12129486829315,0
b2AR-decoy_2238,Cc1cc(C)c2sc(C(=O)N(C)C)c(c3ccc(CCNC(=O)OC(C)(C)C)cc3)c2c1,-3.04984225343731,0
b2AR-decoy_2878,O=C(/C=C/c1ccc(/C=C/C(=O)c2cccc3ccccc23)cc1)c1cccc2ccccc12,-3.03875384009445,0
b2AR-decoy_2407,O=c1c2ccccc2oc(c2ccco2)c1c1c(=O)c2ccccc2oc1c1ccco1,-3.03436176952673,0
b2AR-decoy_1933,COc1ccc2c(c1)[nH]c1c(C)[n+](CCCC[n+]3ccc4c([nH]c5cc(OC)ccc54)c3C)ccc12,-2.99089315840517,0
b2AR-decoy_521,CC(=O)Nc1cc(C(C)(C)C)c(O)c(C(C)(C)C)c1,-2.98234724579416,0
b2AR-decoy_15,Cc1sc(NC(=O)/C=C/c2ccc(C(C)C)cc2)c(C#N)c1C,-2.9693509735341,0
b2AR-decoy_2933,Cc1ccc(OC(=O)c2ccc(C(C)(C)C)cc2)c(NC(=O)c2ccc(C(C)(C)C)cc2)c1,-2.96287426567107,0
b2AR-decoy_2623,Cc1ccc(S(=O)(=O)N(c2ccc(OCc3cccc(C)c3)cc2)S(=O)(=O)c2ccc(C)cc2)cc1,-2.95382020450075,0
b2AR-decoy_1763,O=C(/C=C/c1ccc(/C=C(/C(=O)NC2CC2)c2ccc(C(F)(F)F)cc2)cc1)NO,-2.95176656323293,0
b2AR-decoy_2902,Cn1nc(c2c(F)cccc2Cl)nc1c1sc(c2ccc(C(F)(F)F)cc2)cc1Cl,-2.93342672060264,0
b2AR-decoy_1864,CC(=O)N1CCc2cc(S(=O)(=O)NC(CC(C)C)C(=O)Nc3ccc(C(C)C)cc3)ccc21,-2.92483291614644,0
b2AR-decoy_1623,COc1ccc(/C=C/c2cc(OC)cc(OC)c2/C=C/C(=O)NCC(C)C)cc1,-2.91488219928853,0
b2AR-decoy_2896,O=C(Oc1ccc2c(=O)c(c3ccccc3Cl)c(C(F)(F)F)oc2c1)c1cccs1,-2.90701916084201,0
b2AR-decoy_3120,CC(C)c1ccc(CN(Cc2ccc(F)cc2F)c2cccc(S(N)(=O)=O)c2)cc1,-2.90441825576807,0
b2AR-decoy_1830,O=C(COC(=O)c1ccccc1NS(=O)(=O)c1cccs1)NCC12CC3CC(CC(C3)C1)C2,-2.90439509088402,0
b2AR-decoy_634,CC(C)(C)c1ccc(/C=C/C(=O)Nc2cccc3cnccc23)cc1,-2.90059389440776,0
b2AR-decoy_2080,C=Cc1cc(OCC(C)C)ccc1Oc1ncc(C#CC(C)NC(C)=O)s1,-2.89658594536052,0
b2AR-decoy_705,CCC1(CC)Oc2cc(OC)ccc2[C@@H](c2ccc(O)cc2)[C@H]1c1ccccc1,-2.86379229494312,0
b2AR-decoy_2983,C=C1[C@H](C)CCC[C@]1(C)CC[C@@]1(C)C=Cc2c(OC(C)=O)c(OC(C)=O)cc(OC)c2O1,-2.85239096268845,0
b2AR-decoy_1931,C/C(=N\NC(=S)Nc1ccc(Br)cc1)c1ccc(Br)cc1,-2.81390570700382,0
b2AR-decoy_3056,CSc1ccc(SC2=C(Sc3ccc(SC)cc3)C(=O)c3ccccc3C2=O)cc1,-2.80459147853774,0
b2AR-decoy_3187,CC(C)[C@@H]1CC[C@@H](C)C[C@H]1O[C@@H]1C(=O)N([C@@H](C)c2ccccc2)[C@@H]1/C=C/c1ccccc1,-2.80310890035808,0
b2AR-decoy_302,C[C@H](CCCn1cc(CC(O)(Cn2cncn2)c2ccc(F)cc2F)nn1)[C@H]1CC[C@H]2[C@@H]3CC[C@@H]4C[C@H](O)CC[C@]4(C)[C@H]3C[C@H](O)[C@@]21C,-2.79651488469131,0
b2AR-decoy_2263,C/C(=N\Nc1nc(c2ccc(Br)cc2)cs1)c1ccc(Cl)c(Cl)c1,-2.79548835693413,0
b2AR-decoy_1881,CCC(CC)(c1ccc(OC(=O)N2CCCCC2)cc1)c1ccc(N(C)C(C)=O)cc1,-2.78545369682233,0
b2AR-decoy_2698,C=C[C@@](C)(CC[C@H]1C(C)=CC[C@H]2C(C)(C)CCC[C@@]21C)O[C@@H]1O[C@@H](C)[C@H](O)[C@@H](O)[C@H]1OC(C)=O,-2.77464305036501,0
b2AR-decoy_899,COc1ccc(NC(=O)/C=C/c2ccc(C(C)(C)C)cc2)cc1,-2.7641105476101,0
b2AR-decoy_2866,COc1ccc(c2oc3ccc(c4ccc5c(c4)OCO5)cc3c2c2ccc(OC)nc2)cc1,-2.73931068216713,0
b2AR-decoy_1216,COc1ccc2[nH]c(C)c(Sc3cc(OC)c(OC)c(OC)c3)c2c1,-2.73692356281218,0
b2AR-decoy_2749,CCCNS(=O)(=O)c1ccc(c2ccc3c(cnn3c3ccc(F)cc3)c2)c(C(F)(F)F)c1,-2.70715535002175,0
b2AR-decoy_251,COc1ccc(S(=O)(=O)N(CC(C)C)C[C@@H](O)[C@H](Cc2ccccc2)NC(=O)c2cccc(C(=O)N(C)Cc3nc(C)oc3C)c2)cc1,-2.63884062130863,0
b2AR-decoy_2663,CO/C=C(/C(=O)OC)c1ccccc1COc1cccc(C(=O)/C=C/c2ccc(Br)cc2)c1,-2.61159467713214,0
b2AR-decoy_1731,CCCOc1ccc(Oc2ncc(C#CC(C)NC(C)=O)s2)c(Cl)c1,-2.61132850509291,0
b2AR-decoy_1619,Cc1ccc(OCCCC(=O)Oc2ccc3c(C)cc(=O)oc3c2)c(C)c1,-2.59480268159687,0
b2AR-decoy_799,CC(C)Oc1ccc(/C=C2/C(=O)Nc3ccc(Cl)cc32)c(OC(C)C)c1,-2.52801104480439,0
b2AR-decoy_2126,COCc1sc(S(=O)(=O)NC(=O)Nc2ncc(Br)s2)cc1C,-2.51778196228128,0
b2AR-decoy_1603,CC(C)C[C@H](C(N)=O)N(Cc1ccc2c(c1)OCO2)S(=O)(=O)c1ccc(Cl)cc1,-2.5044850469768,0
b2AR-decoy_2334,Cc1cccc(c2ccc(c3cnc(N)nc3)c(F)c2)c1S(=O)(=O)NC(C)(C)C,-2.49238831933846,0
b2AR-decoy_3001,CCC(=O)N1CCc2cc(CNS(=O)(=O)c3ccc(NC(=O)CC(C)C)cc3)ccc21,-2.4761831488347,0
ASD03130113,CCN(CC)C1CCC(Nc2nc(Nc3cc(Cl)cc(Cl)c3)nc3ccccc23)CC1,-2.44950336379545,1
b2AR-decoy_297,CCCCC(=O)Nc1ccc(Br)c(n2nc(C)n(Cc3ccc(c4ccccc4S(=O)(=O)NC(=O)OC(C)(C)C)cc3F)c2=O)c1,-2.37744876109188,0
b2AR-decoy_2367,CCNS(=O)(=O)c1ccccc1c1ccc(c2cnc(N)nc2)c(F)c1,-2.31275444975642,0
b2AR-decoy_2954,Cc1cccc(Oc2nc3c(C)cccn3c(=O)c2/C=C(\C#N)c2nc3ccccc3s2)c1,-2.29249919631987,0
b2AR-decoy_1853,COc1ccc(S(=O)(=O)N(Cc2cccc(C)c2F)[C@H](Cc2cccs2)C(=O)NO)cc1,-2.13049414914011,0
b2AR-decoy_2851,CC(C)N=C1CCCC1C(=S)SSC(=S)C1CCCC1=NC(C)C,-1.89648184695585,0
b2AR-decoy_650,COc1ccc(c2cc(C3(C)CCc4c(C)c(O)c(C)c(C)c4O3)on2)cc1,-1.85925764875078,0
b2AR-decoy_800,Cc1cc(/C=C/c2ccc(C(=O)Oc3ccc(F)cc3)cc2)cc(C)c1O,-1.82325110095135,0
b2AR-decoy_2751,COC(=O)c1sc2ccccc2c1NC(=O)CCSc1ccc(Br)cc1,-1.8161396235464,0
b2AR-decoy_1068,COc1ccc(/C=C/c2nsc(/C=C/c3ccc(OC)cc3)n2)cc1,-1.81032014806806,0
b2AR-decoy_1104,CC(=O)Nc1cccc2c1Cc1c-2[nH]nc1c1ccc(c2ccc(O)cc2)cc1,-1.7398881449748,0
b2AR-decoy_1604,CNC(=O)NCCN(Cc1ccc(Cl)cc1)C(=O)C1(C)CCN1C(=O)Cc1cc(C)cc(C)c1,-1.72936329649578,0
b2AR-decoy_609,C=C/C(C)=C/C[C@H]1C(=C)CC[C@H]2C(C)(C)[C@@H](OC(C)=O)[C@H](O)C[C@]12C,-1.67732606640277,0
b2AR-decoy_3183,CCOC(=O)/C=C(C)/C(F)=C/C(F)=C(C)/C=C/c1c(C)cc(OC)c(C)c1C,-1.66003652841723,0
b2AR-decoy_2644,O=C(ON(C(=O)c1ccccc1)c1ccc(C(=O)c2ccccc2)cc1)c1ccc(Cl)cc1,-1.6307256617448,0
b2AR-decoy_757,CC(C)c1ccccc1OCC(=O)NC1CCCc2ccccc21,-1.50467834035227,0
b2AR-decoy_2518,Cc1cccc(C(C)(C)C)c1OC(=O)NS(=O)(=O)Oc1c(C(C)C)cccc1C(C)C,-1.41010011150578,0
b2AR-decoy_2045,CCCCCCNC(=O)Oc1c(C(C)(C)C)cc(C(=O)OC)cc1C(C)(C)C,-1.15664453747758,0
b2AR-decoy_1545,CCCCCCCCCCC1=C(OC(C)=O)C(=O)c2ccccc2C1=O,-0.87041058917471,0
b2AR-decoy_3129,CCN(CC(=O)Nc1ccccc1C(F)(F)F)C(=O)c1ccc(NC(=O)c2cccs2)cc1,-0.729552148800796,0
b2AR-decoy_337,CC(=O)Oc1ccc(O)c(C[C@]2(C)[C@@H](C)CC[C@]3(C)C(C)=CCC[C@H]32)c1,-0.634953635990584,0
b2AR-decoy_2487,CCOC(=O)/C=C(C)/C=C/C=C(\C)c1ccc2c(c1)C(C)(C)CCS2,-0.319975814751357,0
b2AR-decoy_1301,CC(=O)Oc1cc(C)cc(Oc2cc(C)cc(OC(C)=O)c2)c1,0.045490539378207,0
b2AR-decoy_1726,CC(C)(C)NC(=O)C(c1ccc(Cl)cc1)N(Cc1ccco1)C(=O)CCl,0.408864829307491,0
b2AR-decoy_3173,CC1=C(/C=C/C(C)=C/C=C/C(C)=C/C(=O)OCOC(=O)C(C)C)C(C)(C)CCC1,1.24187153037881,0
b2AR-decoy_3124,CC(=O)O[C@H]1C[C@@H]2C[C@H](OC(C)=O)CC[C@]2(C)[C@H]2CC[C@@]3(C)[C@@H](CC[C@@H]3[C@H](C)CCC(N)=O)[C@H]12,1.63218095636553,0
b2AR-decoy_2452,CCOc1cc(c2ccc(OC(=O)c3ccccc3F)cc2)cc(=O)c2c(C)oc(C)c12,1.92715855578923,0
b2AR-decoy_160,O=C([O-])c1cc(N(Cc2ccc(C3CC[NH2+]CC3)cc2)C(=O)CN(Cc2ccccc2)S(=O)(=O)c2ccc(c3ccccc3)cc2)ccc1O,2.25565607067501,0