ligand_id,SMILES,cluster00_BE,cluster01_BE,cluster02_BE,cluster03_BE,cluster04_BE,cluster05_BE,cluster06_BE,cluster07_BE,cluster08_BE,cluster09_BE,is_active
ASD03130019,CNC(=O)C(Cc1cccc(Br)c1)NC(=O)C(Cc1ccc(C(N)=O)cc1)NC(=O)C(c1ccccc1)C1CCCCC1,-11.26,-9.641438011178517,-9.09224608846988,-8.25833694954279,-7.171315787273159,-6.979868893096185,-6.819070045242071,-6.074417845601447,-7.843730518260667,-8.204578071486306,1
ASD03130022,CNC(=O)C(Cc1cc(Br)cc(Br)c1)NC(=O)C(Cc1ccc(C(N)=O)cc1)NC(=O)C(c1ccccc1)C1CCCCC1,-11.448,-9.269438011178517,-9.26024608846988,-8.08333694954279,-7.665315787273158,-7.152868893096185,-6.72507004524207,-5.992417845601446,-7.431730518260666,-7.999578071486306,1
ASD03130024,Fc1ccc(Nc2nc(NC3CCCCC3)c3ccccc3n2)cc1F,-10.957,-9.260438011178517,-8.752246088469882,-7.41633694954279,-7.441315787273158,-6.621868893096185,-6.165070045242072,-5.677417845601447,-7.4877305182606655,-7.602578071486306,1
ASD03130026,Nc1nc(Nc2ccccc2)nc2ccc(I)cc12,-8.714,-6.903438011178515,-6.208246088469881,-5.45933694954279,-5.140315787273158,-4.1958688930961845,-4.274070045242072,-3.671417845601447,-5.268730518260666,-6.004578071486307,1
ASD03130027,Nc1nc(Nc2ccccc2)nc2ccc(C(F)(F)F)cc12,-10.288,-8.089438011178515,-7.471246088469881,-6.69533694954279,-6.491315787273159,-5.576868893096185,-5.43007004524207,-4.658417845601447,-6.3897305182606665,-7.075578071486307,1
ASD03130028,Nc1nc(Nc2ccccc2)nc2ccc(Cl)cc12,-9.052,-7.262438011178515,-6.589246088469881,-5.601336949542789,-5.554315787273158,-4.571868893096184,-4.562070045242072,-3.7854178456014473,-5.444730518260666,-6.225578071486307,1
ASD03130029,Nc1nc(Nc2ccccc2)nc2ccc(Br)cc12,-8.708,-7.006438011178515,-6.568246088469881,-5.54533694954279,-5.298315787273159,-4.298868893096184,-4.351070045242071,-3.820417845601448,-5.320730518260667,-6.0665780714863065,1
ASD03130030,O=C(Nc1ccccc1-c1ccccc1)OC1CCN(CCCCCCCCCNCC(O)c2ccc(O)c3[nH]c(=O)ccc23)CC1,-9.348,-8.600438011178515,-7.388246088469881,-6.59333694954279,-5.848315787273158,-5.149868893096185,-5.11907004524207,-4.710417845601446,-6.8017305182606655,-6.583578071486306,1
ASD03130033,Fc1ccc(Nc2nc(NC3CCCCC3)c3ccccc3n2)cc1,-10.601,-8.803438011178516,-8.659246088469882,-7.018336949542789,-7.210315787273158,-6.402868893096185,-6.072070045242072,-5.246417845601448,-7.262730518260666,-7.573578071486306,1
ASD03130034,Fc1cccc(Nc2nc(NC3CCCCC3)c3ccccc3n2)c1,-11.218,-8.706438011178514,-8.62924608846988,-7.17633694954279,-7.260315787273159,-6.237868893096184,-5.858070045242071,-5.510417845601447,-7.307730518260666,-7.833578071486306,1
ASD03130035,Clc1ccc(Nc2nc(NC3CCCCC3)c3ccccc3n2)cc1,-10.243,-8.555438011178515,-8.330246088469881,-7.018336949542789,-6.993315787273158,-5.880868893096185,-5.596070045242071,-5.363417845601447,-7.127730518260666,-7.796578071486307,1
ASD03130036,Brc1cccc(Nc2nc(NC3CCCCC3)c3ccccc3n2)c1,-10.622,-8.552438011178515,-8.271246088469882,-7.20833694954279,-6.779315787273159,-5.822868893096185,-5.727070045242071,-5.179417845601448,-7.334730518260667,-7.445578071486306,1
ASD03130037,c1ccc(Nc2nc(NC3CCCCC3)c3ccccc3n2)cc1,-10.299,-8.455438011178515,-8.403246088469881,-6.9853369495427895,-6.879315787273159,-6.041868893096185,-5.72807004524207,-5.079417845601446,-6.928730518260666,-7.473578071486306,1
ASD03130038,FC(F)(F)c1cccc(Nc2nc(NC3CCCCC3)c3ccccc3n2)c1,-11.172,-9.478438011178516,-8.44324608846988,-7.7943369495427905,-7.2803157872731585,-6.9728688930961855,-6.232070045242072,-6.420417845601447,-8.061730518260667,-8.204578071486306,1
ASD03130039,c1ccc2c(NC3CCCCC3)nc(NC3CCCCC3)nc2c1,-10.277,-8.504438011178515,-8.143246088469882,-6.77633694954279,-6.698315787273158,-6.112868893096184,-5.368070045242071,-4.880417845601446,-7.207730518260666,-7.345578071486306,1
ASD03130040,Clc1cccc(Nc2nc(NC3CCCCC3)c3ccccc3n2)c1,-10.751,-9.105438011178515,-8.62924608846988,-7.3393369495427905,-6.828315787273159,-6.1138688930961855,-5.66707004524207,-5.345417845601446,-7.584730518260667,-7.494578071486307,1
ASD03130041,Cc1ccc(CNc2nc(NC3CCCCC3)c3ccccc3n2)cc1,-10.661,-8.523438011178515,-8.669246088469881,-7.1873369495427895,-7.031315787273158,-6.537868893096185,-6.083070045242071,-5.155417845601447,-7.317730518260666,-7.259578071486306,1
ASD03130042,CCOCCCNc1nc(NC2CCCCC2)c2ccccc2n1,-9.149,-6.725438011178515,-6.835246088469882,-5.498336949542789,-5.070315787273158,-5.013868893096184,-3.8160700452420713,-3.767417845601447,-5.481730518260667,-5.886578071486307,1
ASD03130043,FC1(F)Oc2ccc(Nc3nc(NC4CCCCC4)c4ccccc4n3)cc2O1,-11.58,-9.249438011178515,-9.367246088469882,-8.36233694954279,-7.907315787273159,-7.255868893096185,-6.678070045242071,-6.547417845601446,-7.922730518260666,-8.586578071486306,1
ASD03130044,Clc1cccc(CNc2nc(NC3CCCCC3)c3ccccc3n2)c1,-10.436,-8.797438011178516,-8.547246088469882,-6.999336949542791,-6.964315787273158,-6.156868893096185,-5.80207004524207,-5.198417845601448,-7.0037305182606655,-7.242578071486307,1
ASD03130045,Fc1ccccc1CNc1nc(NC2CCCCC2)c2ccccc2n1,-10.73,-8.793438011178516,-8.416246088469881,-6.890336949542789,-7.039315787273159,-6.124868893096185,-5.586070045242071,-5.317417845601447,-7.355730518260666,-7.375578071486306,1
ASD03130046,O=[N+]([O-])c1cccc(Nc2nc(NC3CCCCC3)c3ccccc3n2)c1,-10.871,-9.130438011178516,-8.825246088469882,-7.58733694954279,-7.1763157872731576,-6.599868893096184,-6.407070045242071,-5.838417845601446,-7.552730518260667,-7.845578071486306,1
ASD03130047,CC1CCCC(Nc2nc(NC3CCCCC3)c3ccccc3n2)C1,-10.531,-8.786438011178515,-8.338246088469882,-6.899336949542789,-6.790315787273158,-6.175868893096185,-5.583070045242071,-5.165417845601446,-7.187730518260667,-7.458578071486306,1
ASD03130048,CCN(CC)c1nc(NC2CCCCC2)c2ccccc2n1,-9.26,-7.207438011178516,-6.864246088469882,-5.262336949542791,-5.071315787273159,-4.530868893096185,-4.46207004524207,-3.630417845601446,-5.605730518260666,-5.949578071486307,1
ASD03130049,CN(c1ccccc1)c1nc(NC2CCCCC2)c2ccccc2n1,-10.001,-8.319438011178516,-8.311246088469881,-6.82733694954279,-6.763315787273159,-6.037868893096185,-5.405070045242072,-4.893417845601446,-7.055730518260667,-7.335578071486307,1
ASD03130050,Nc1nc(N)c2cc(Cl)ccc2n1,-7.421,-5.372438011178515,-4.639246088469881,-3.9833369495427897,-3.4603157872731583,-2.8338688930961844,-2.403070045242071,-2.185417845601447,-4.053730518260666,-4.414578071486306,1
ASD03130051,Nc1nc(N)c2cc(F)ccc2n1,-7.637,-5.556438011178515,-4.888246088469881,-3.929336949542789,-3.749315787273159,-2.9248688930961846,-2.5260700452420712,-2.220417845601447,-4.121730518260667,-4.9735780714863065,1
ASD03130052,COCCOc1ccc(Nc2nc(NC3CCCCC3)c3ccccc3n2)cc1,-10.305,-7.518438011178516,-7.426246088469881,-6.441336949542789,-5.929315787273158,-5.536868893096186,-4.682070045242071,-4.641417845601447,-6.061730518260667,-6.6625780714863065,1
ASD03130053,c1ccc2c(NC3CCCCC3)nc(Nc3ccc(OCCCN4CCOCC4)cc3)nc2c1,-10.466,-8.400438011178515,-8.061246088469881,-6.6823369495427904,-6.125315787273159,-5.756868893096184,-5.24407004524207,-5.235417845601447,-6.492730518260666,-7.477578071486306,1
ASD03130054,COCCOc1cccc(Nc2nc(NC3CCCCC3)c3ccccc3n2)c1,-10.038,-7.728438011178515,-7.87624608846988,-6.451336949542791,-6.689315787273159,-5.531868893096185,-5.207070045242071,-4.630417845601446,-6.475730518260667,-6.861578071486306,1
ASD03130055,c1ccc2c(NC3CCCCC3)nc(N3CCOCC3)nc2c1,-10.262,-7.773438011178515,-7.51724608846988,-6.204336949542789,-5.955315787273159,-5.495868893096185,-5.27607004524207,-4.335417845601446,-6.4827305182606665,-6.940578071486307,1
ASD03130056,CS(=O)(=O)c1cccc(Nc2nc(NC3CCCCC3)c3ccccc3n2)c1,-11.291,-8.732438011178516,-8.825246088469882,-7.41733694954279,-6.611315787273158,-6.027868893096185,-6.120070045242072,-5.434417845601447,-7.297730518260666,-8.059578071486307,1
ASD03130057,COCCOc1cccc(Nc2nc(NC3CCC(F)(F)CC3)c3ccccc3n2)c1,-10.765,-8.597438011178514,-8.522246088469881,-7.092336949542791,-7.253315787273159,-6.290868893096185,-5.394070045242071,-5.444417845601446,-7.071730518260667,-7.564578071486306,1
ASD03130058,FC1(F)CCC(Nc2nc(Nc3cccc(OCCCN4CCOCC4)c3)nc3ccccc23)CC1,-11.31,-9.278438011178515,-9.06524608846988,-7.6823369495427904,-7.115315787273158,-6.499868893096185,-6.131070045242071,-5.673417845601447,-7.791730518260666,-8.086578071486306,1
ASD03130060,Clc1ccc(Nc2nc(NC3CCCCC3)c3ccccc3n2)cc1Cl,-10.327,-8.926438011178515,-8.483246088469881,-7.50433694954279,-7.453315787273159,-6.441868893096185,-5.864070045242071,-5.684417845601447,-7.159730518260666,-8.011578071486307,1
ASD03130061,FC(F)(F)Sc1ccc(Nc2nc(NC3CCNCC3)c3ccccc3n2)cc1Cl,-10.828,-8.165438011178516,-7.979246088469882,-7.27033694954279,-6.725315787273159,-6.280868893096185,-5.795070045242071,-5.571417845601447,-6.8737305182606665,-7.596578071486306,1
ASD03130062,Fc1ccc(Nc2nc(NC3CCNCC3)c3ccccc3n2)cc1Cl,-10.425,-8.641438011178515,-8.434246088469882,-6.69533694954279,-6.877315787273158,-6.041868893096185,-5.578070045242072,-5.246417845601448,-7.009730518260666,-7.297578071486306,1
ASD03130063,COc1ccc(Nc2nc(NC3CCCCC3)c3ccccc3n2)cc1OC,-10.36,-8.018438011178516,-7.933246088469881,-6.78833694954279,-6.407315787273159,-5.485868893096185,-5.345070045242071,-4.931417845601446,-6.903730518260666,-7.394578071486306,1
ASD03130064,Clc1ccc(Nc2nc(NC3CCNCC3)c3ccccc3n2)cc1Cl,-10.143,-8.381438011178515,-7.95324608846988,-6.76633694954279,-6.843315787273159,-6.021868893096185,-5.967070045242071,-5.511417845601446,-6.9827305182606665,-7.205578071486306,1
ASD03130065,Fc1ccc(Nc2nc(NC3CCCCC3)c3ccccc3n2)cc1Cl,-10.816,-8.833438011178515,-8.92024608846988,-7.098336949542789,-7.274315787273158,-6.514868893096185,-5.899070045242072,-5.493417845601448,-7.025730518260666,-7.629578071486307,1
ASD03130066,Fc1ccc2nc(Nc3ccc(F)c(F)c3)nc(NC3CCCCC3)c2c1,-10.866,-9.296438011178514,-8.59724608846988,-7.463336949542789,-7.766315787273159,-6.496868893096185,-6.38207004524207,-5.853417845601447,-7.600730518260667,-7.651578071486307,1
ASD03130067,Fc1ccc(Nc2nc(NC3CCCCC3)c3cc(Cl)ccc3n2)cc1F,-10.676,-8.672438011178516,-8.54524608846988,-6.855336949542791,-6.835315787273158,-6.2388688930961855,-5.8880700452420704,-5.482417845601447,-7.371730518260666,-7.578578071486307,1
ASD03130068,Cc1ccc2nc(Nc3ccc(F)c(F)c3)nc(NC3CCCCC3)c2c1,-10.634,-9.012438011178515,-8.598246088469882,-7.22233694954279,-6.821315787273159,-6.4778688930961845,-5.828070045242072,-5.720417845601446,-7.529730518260667,-7.446578071486307,1
ASD03130069,Fc1ccc(Nc2nc(NC3CCCCC3)c3cc(Br)ccc3n2)cc1F,-10.463,-8.608438011178515,-8.399246088469882,-6.973336949542789,-6.515315787273158,-6.231868893096184,-5.937070045242072,-5.257417845601447,-7.283730518260667,-7.319578071486307,1
ASD03130070,Fc1ccc(Nc2nc(NC3CCCCC3)c3cc(C(F)(F)F)ccc3n2)cc1F,-10.974,-9.315438011178514,-8.896246088469882,-7.995336949542789,-7.074315787273159,-6.838868893096185,-6.181070045242072,-5.709417845601447,-8.042730518260667,-7.908578071486307,1
ASD03130071,Fc1ccc(Nc2nc(NC3CCNCC3)c3cc(Cl)ccc3n2)cc1F,-10.639,-8.928438011178516,-7.8262460884698815,-7.23833694954279,-6.392315787273159,-6.032868893096184,-5.950070045242072,-5.623417845601447,-7.537730518260666,-7.399578071486307,1
ASD03130072,Fc1ccc(Nc2nc(NC3CCCNC3)c3cc(Cl)ccc3n2)cc1F,-10.31,-8.890438011178516,-7.959246088469881,-7.19933694954279,-6.346315787273159,-6.207868893096185,-6.048070045242071,-5.752417845601446,-6.988730518260667,-7.257578071486307,1
ASD03130073,Fc1cc(F)cc(Nc2nc(NC3CCCCC3)c3ccccc3n2)c1,-11.32,-9.171438011178514,-8.611246088469882,-7.4323369495427904,-7.506315787273158,-6.345868893096185,-5.78607004524207,-5.520417845601447,-7.1447305182606655,-7.687578071486307,1
ASD03130074,Cc1ccc2nc(Nc3cc(Cl)cc(Cl)c3)nc(NC3CCCCC3)c2c1,-10.612,-8.280438011178514,-8.447246088469882,-7.005336949542789,-6.494315787273159,-6.103868893096184,-5.823070045242071,-5.210417845601446,-7.117730518260666,-7.458578071486306,1
ASD03130100,CC(C)CCNc1nc(Nc2cc(Cl)cc(Cl)c2)nc2ccccc12,-9.341,-7.539438011178515,-7.178246088469882,-6.08333694954279,-5.649315787273158,-5.0338688930961855,-4.566070045242071,-4.100417845601447,-6.262730518260666,-6.415578071486307,1
ASD03130101,CCOC(=O)N1CCC(Nc2nc(Nc3cc(Cl)cc(Cl)c3)nc3ccccc23)CC1,-10.355,-8.469438011178514,-7.8582460884698815,-7.092336949542791,-6.446315787273159,-5.959868893096184,-5.471070045242071,-5.145417845601447,-7.1767305182606655,-7.704578071486306,1
ASD03130102,Cc1cccc2c(NC3CCCCC3)nc(Nc3cc(Cl)cc(Cl)c3)nc12,-11.021,-8.887438011178515,-8.740246088469881,-7.668336949542789,-6.819315787273158,-6.631868893096184,-6.025070045242071,-5.309417845601447,-7.251730518260667,-7.846578071486306,1
ASD03130103,COc1cc(Nc2nc(Nc3cc(Cl)cc(Cl)c3)nc3ccccc23)c(C(C)=O)cc1OC,-10.538,-8.036438011178515,-8.192246088469881,-6.620336949542789,-6.132315787273159,-5.925868893096185,-5.669070045242071,-5.405417845601447,-6.861730518260666,-7.013578071486307,1
ASD03130104,Clc1cc(Cl)cc(Nc2nc(NC3CCN(Cc4ccccc4)CC3)c3ccccc3n2)c1,-11.451,-9.689438011178517,-8.870246088469882,-8.03933694954279,-7.300315787273158,-6.794868893096185,-6.746070045242071,-6.542417845601447,-7.864730518260666,-8.791578071486306,1
ASD03130105,O=C(Nc1ccc(F)cc1)Nc1nc(Nc2cc(Cl)cc(Cl)c2)nc2ccccc12,-10.937,-9.847438011178514,-8.61024608846988,-7.58133694954279,-6.921315787273159,-6.734868893096184,-6.020070045242072,-5.360417845601447,-7.616730518260667,-8.032578071486306,1
ASD03130106,CCN(CC)c1ccc(Nc2nc(Nc3cc(Cl)cc(Cl)c3)nc3ccccc23)cc1,-10.327,-8.560438011178515,-7.371246088469881,-6.639336949542789,-6.4263157872731576,-6.194868893096185,-5.569070045242071,-4.717417845601446,-6.574730518260667,-6.917578071486307,1
ASD03130107,Clc1cc(Cl)cc(Nc2nc(Nc3ccccc3Cl)c3ccccc3n2)c1,-11.416,-8.919438011178515,-8.595246088469882,-7.43633694954279,-7.384315787273158,-6.527868893096185,-5.94607004524207,-5.351417845601446,-7.221730518260667,-7.652578071486307,1
ASD03130108,Clc1cc(Cl)cc(Nc2nc(NC3CCN(c4ccccc4)CC3)c3ccccc3n2)c1,-11.637,-9.782438011178517,-8.701246088469881,-8.23233694954279,-7.224315787273158,-6.824868893096184,-6.924070045242072,-6.487417845601447,-8.285730518260666,-8.847578071486307,1
ASD03130109,Cc1ccc2c(NC3CCCCC3)nc(Nc3cc(Cl)cc(Cl)c3)nc2c1,-10.546,-8.928438011178516,-8.341246088469882,-7.685336949542791,-6.953315787273159,-6.506868893096184,-6.261070045242072,-5.439417845601447,-7.312730518260667,-7.799578071486307,1
ASD03130110,Fc1ccc(Nc2nc(Nc3cc(Cl)cc(Cl)c3)nc3ccccc23)c(F)c1,-11.468,-8.901438011178515,-8.848246088469882,-7.91133694954279,-7.295315787273159,-6.592868893096185,-6.371070045242071,-5.353417845601447,-7.6287305182606655,-8.346578071486306,1
ASD03130111,COCCN1CCC(Nc2nc(Nc3cc(Cl)cc(Cl)c3)nc3ccccc23)CC1,-9.725,-8.077438011178515,-7.178246088469882,-6.12233694954279,-5.989315787273158,-5.231868893096184,-5.030070045242072,-4.742417845601446,-6.602730518260666,-7.201578071486306,1
ASD03130112,Clc1cc(Cl)cc(Nc2nc(NC34CC5CC(CC(C5)C3)C4)c3ccccc3n2)c1,-12.382,-10.268438011178516,-9.72224608846988,-8.43433694954279,-7.505315787273158,-7.432868893096185,-6.512070045242071,-5.851417845601446,-7.950730518260666,-8.828578071486307,1
ASD03130113,CCN(CC)C1CCC(Nc2nc(Nc3cc(Cl)cc(Cl)c3)nc3ccccc23)CC1,-10.338,-8.478438011178515,-7.698246088469881,-6.85933694954279,-6.282315787273159,-6.012868893096185,-5.537070045242071,-5.309417845601447,-6.794730518260666,-7.214578071486306,1
ASD03130114,Clc1cc(Cl)cc(Nc2nc(NCCC3CCCCC3)c3ccccc3n2)c1,-10.666,-8.999438011178515,-8.784246088469882,-6.992336949542789,-6.966315787273159,-5.856868893096184,-5.97507004524207,-5.141417845601447,-7.012730518260666,-7.916578071486306,1
b2AR-decoy_1,CC(C)c1ccc(NC(=O)Oc2ccc3c(c2)[C@]2(C)CCOC2O3)cc1,-10.476,-8.520438011178515,-7.916246088469881,-6.720336949542789,-6.175315787273158,-5.652868893096185,-5.544070045242071,-5.071417845601447,-6.081730518260667,-6.913578071486306,0
b2AR-decoy_10,Cc1cc(/C=C/C(=O)c2cccs2)cc(/C=N/c2nccs2)c1O,-8.551,-6.349438011178515,-6.3022460884698805,-4.76833694954279,-4.454315787273158,-4.080868893096184,-3.3060700452420706,-3.642417845601447,-4.7247305182606665,-5.011578071486307,0
b2AR-decoy_100,Cc1cc(C)nc(SCc2ccc(C(=O)N/N=C3\CC(C)CC(C)(C)C3)cc2)n1,-10.065,-8.173438011178515,-7.421246088469882,-5.95833694954279,-5.972315787273159,-5.585868893096185,-5.383070045242072,-4.471417845601447,-6.455730518260667,-6.862578071486306,0
b2AR-decoy_1000,CC(C)(C)c1ccc(CSc2nnc(c3ccc4[nH]cnc4c3)o2)cc1,-10.388,-8.846438011178515,-7.253246088469881,-7.0783369495427895,-6.807315787273158,-5.9088688930961855,-5.126070045242072,-5.179417845601448,-6.9107305182606655,-7.243578071486306,0
b2AR-decoy_1001,CC(C)c1ccc2c(c1)CC[C@@H]1[C@]2(C)CCC[C@@]1(C)C/N=C/c1ncc[nH]1,-10.028,-8.818438011178515,-8.265246088469882,-7.076336949542791,-6.706315787273159,-6.502868893096185,-5.144070045242071,-5.459417845601447,-6.923730518260667,-7.134578071486306,0
b2AR-decoy_1002,C/C(=N\NC(=O)/C=C/c1ccc(C(C)(C)C)cc1)c1ccc(Cl)cc1,-9.862,-7.803438011178516,-6.385246088469881,-6.35033694954279,-5.932315787273158,-5.1638688930961845,-4.498070045242072,-4.387417845601448,-6.416730518260666,-6.426578071486306,0
b2AR-decoy_1003,C=C[C@]12CC[C@H]3[C@@](C)(CCC[C@@]3(C)C(=O)OCC)[C@@H]1CC[C@](C)(CO)C2,-8.666,-7.257438011178515,-6.5972460884698805,-5.659336949542789,-5.696315787273159,-5.3978688930961845,-3.2020700452420714,-3.874417845601446,-5.631730518260666,-4.774578071486307,0
b2AR-decoy_1004,COc1cccc(/C=C/c2n[nH]c3cc(c4ccncc4)ccc23)c1,-9.72,-7.994438011178515,-7.373246088469882,-6.25433694954279,-5.909315787273158,-5.546868893096185,-5.166070045242071,-4.810417845601448,-6.554730518260666,-6.990578071486306,0
b2AR-decoy_1005,C=C[C@]1(C)CC[C@@H](C(=C)COC(=O)c2ccccc2O)C[C@H]1C(=C)C,-9.814,-7.528438011178515,-7.0812460884698805,-6.32133694954279,-5.466315787273159,-5.127868893096185,-4.520070045242072,-4.418417845601447,-6.189730518260667,-6.225578071486307,0
b2AR-decoy_1006,N#C/C(=C\c1ccc(Cl)cc1)C(=O)NCc1ccc(Cl)c(Cl)c1,-8.636,-7.329438011178516,-6.444246088469882,-5.591336949542789,-5.076315787273158,-4.077868893096184,-4.19607004524207,-3.656417845601446,-5.534730518260666,-5.7235780714863065,0
b2AR-decoy_1007,CC(C)C1=CC(=O)[C@H](CO[Si](C)(C)C(C)(C)C)[C@@]12C=C[C@](C)(O)CC2,-8.395,-6.554438011178515,-5.810246088469881,-5.17733694954279,-4.948315787273158,-4.274868893096185,-3.387070045242071,-3.1604178456014465,-5.237730518260666,-5.210578071486307,0
b2AR-decoy_1008,CC1=CCC2C(C1)c1c(O)cc(CC#CCCC[N+](=O)[O-])cc1OC2(C)C,-9.279,-6.889438011178514,-6.7542460884698805,-5.409336949542789,-5.467315787273158,-5.146868893096185,-4.767070045242072,-3.9314178456014464,-5.849730518260666,-5.858578071486306,0
b2AR-decoy_1009,Cc1cc(Cl)ccc1Oc1coc(/C=C/c2ccc[nH]2)cc1=O,-9.294,-6.939438011178515,-6.3472460884698805,-5.739336949542789,-5.325315787273159,-4.787868893096185,-4.288070045242071,-3.8254178456014474,-5.431730518260666,-5.773578071486307,0
b2AR-decoy_101,C[C@]12CC[C@@H](O)C[C@@H]1CC[C@@H]1[C@@H]2[C@@H](OCc2ccccc2)C[C@@]2(C)[C@H]1CC[C@@]21CO1,-11.441,-9.271438011178516,-8.34724608846988,-7.07133694954279,-6.928315787273158,-6.274868893096185,-4.938070045242071,-6.512417845601448,-7.803730518260666,-8.273578071486307,0
b2AR-decoy_1010,C/C(=N\NC(=O)[C@@H]1C[C@H]1c1ccc(C(C)(C)C)cc1)c1ccc(F)cc1,-10.769,-8.746438011178515,-7.587246088469881,-6.966336949542789,-6.713315787273158,-6.021868893096185,-4.98107004524207,-4.951417845601448,-7.064730518260667,-7.186578071486306,0
b2AR-decoy_1011,CC(C)=CCOc1ccc(C(=O)/C=C/c2ccc(C)cc2)c(O)c1,-8.917,-7.227438011178515,-6.31224608846988,-5.515336949542789,-5.335315787273158,-4.574868893096184,-3.764070045242072,-3.401417845601447,-5.5197305182606655,-6.227578071486306,0
b2AR-decoy_1012,COc1c(O)cc2oc(c3cc(O)cc(O)c3)cc2c1CC=C(C)C,-8.547,-6.829438011178516,-6.543246088469882,-5.530336949542789,-5.468315787273159,-4.789868893096184,-4.924070045242072,-4.263417845601447,-5.122730518260666,-5.020578071486307,0
b2AR-decoy_1013,O=C(CCCOc1ccc(Cl)c(Cl)c1)Nc1ncc(Cl)s1,-8.345,-6.009438011178515,-5.501246088469881,-4.530336949542789,-4.197315787273158,-3.8428688930961847,-2.876070045242071,-2.826417845601447,-3.9797305182606655,-4.762578071486306,0
b2AR-decoy_1014,Cc1ccc(NC(=O)CSc2cccc3cccnc23)c(C)c1,-9.945,-7.977438011178515,-7.144246088469881,-6.6583369495427895,-5.779315787273159,-4.818868893096184,-5.12207004524207,-4.407417845601447,-6.078730518260667,-6.649578071486307,0
b2AR-decoy_1015,O=C(/C=C/c1ccc([N+](=O)[O-])cc1)/C=C/c1ccc([N+](=O)[O-])cc1,-8.838,-6.687438011178514,-6.42424608846988,-5.156336949542789,-5.816315787273158,-4.536868893096186,-3.928070045242072,-3.9074178456014472,-5.360730518260667,-4.790578071486307,0
b2AR-decoy_1016,COc1cc(c2nccnc2c2ccc(N(C)C)cc2)cc(OC)c1OC,-7.863,-5.756438011178515,-5.686246088469881,-4.22933694954279,-4.079315787273158,-3.626868893096185,-1.2800700452420708,-2.491417845601447,-4.944730518260666,-3.9785780714863055,0
b2AR-decoy_1017,CCCOC(=O)N(CC)P(C)(=S)Oc1ccc([N+](=O)[O-])cc1,-7.137,-5.431438011178515,-4.827246088469881,-4.0333369495427895,-3.600315787273159,-2.936868893096185,-2.209070045242071,-2.3204178456014466,-3.795730518260666,-3.7955780714863065,0
b2AR-decoy_1018,O=C1CCCCC1(CCc1ccncc1)CCc1ccncc1,-8.873,-7.069438011178516,-6.393246088469882,-5.43033694954279,-5.095315787273158,-3.9808688930961846,-3.772070045242071,-3.528417845601448,-5.457730518260666,-5.720578071486306,0
b2AR-decoy_1019,COc1cc(OC)c(/C=C/C(=O)c2ccc(F)cc2)c(OC)c1,-7.885,-6.296438011178514,-5.763246088469881,-4.535336949542789,-4.599315787273159,-3.5658688930961846,-3.615070045242071,-2.9374178456014466,-4.794730518260667,-5.712578071486307,0
b2AR-decoy_102,CNC(=O)/C=C/c1ccc(Oc2c3ccc(O)cc3sc2c2ccc(O)cc2)cc1,-9.703,-7.500438011178515,-7.707246088469882,-6.409336949542789,-5.640315787273158,-5.088868893096185,-4.674070045242072,-4.608417845601446,-6.486730518260666,-5.977578071486306,0
b2AR-decoy_1020,COc1ccc(CCCCC(=O)C(F)(F)F)c(OC)c1,-7.753,-5.677438011178515,-5.196246088469882,-4.50433694954279,-4.105315787273159,-3.385868893096185,-3.0830700452420707,-2.499417845601447,-4.2647305182606665,-4.949578071486307,0
b2AR-decoy_1021,CCCCC(C#N)(Cn1cncn1)c1ccc(Cl)cc1,-6.706,-5.458438011178515,-4.780246088469881,-3.9933369495427895,-3.6233157872731594,-3.210868893096185,-2.8080700452420717,-2.284417845601447,-4.195730518260667,-4.2955780714863065,0
b2AR-decoy_1022,C=C(Br)COC1C=CC(c2ccccc2)OC1COC,-7.827,-6.3024380111785145,-5.590246088469881,-4.817336949542789,-4.579315787273158,-3.7578688930961848,-3.4760700452420714,-3.0914178456014465,-4.4427305182606665,-5.503578071486306,0
b2AR-decoy_1023,CCCCc1nc(Cl)c(/C=C/C(=O)c2ccc(Cl)s2)n1C,-7.943,-5.822438011178515,-5.473246088469881,-4.57633694954279,-4.119315787273158,-3.4938688930961845,-3.142070045242071,-2.9374178456014466,-4.500730518260666,-4.876578071486307,0
b2AR-decoy_1024,CCN(Cc1cccs1)C(=O)COc1ccc(Cl)cc1,-7.739,-5.783438011178515,-4.623246088469881,-4.02433694954279,-3.7853157872731584,-2.524868893096185,-2.7500700452420714,-2.2004178456014465,-4.008730518260666,-4.256578071486307,0
b2AR-decoy_1025,COc1ccc2cc(/C=C/C(=O)/C=C/c3ccc(N(C)C)cc3)ccc2c1,-9.077,-7.555438011178515,-6.835246088469882,-5.059336949542789,-5.998315787273159,-4.401868893096184,-3.992070045242072,-4.030417845601447,-5.430730518260667,-5.497578071486307,0
b2AR-decoy_1026,COc1ccc(CS/C=C/C[S+]([O-])Cc2ccc(OC)cc2)cc1,-7.413,-5.561438011178515,-4.949246088469881,-3.92833694954279,-3.687315787273159,-3.3308688930961843,-2.704070045242071,-2.5734178456014467,-3.9507305182606665,-3.798578071486306,0
b2AR-decoy_1027,Brc1ccc([C@H]2CC[C@@H](OCCCc3cccnc3)O2)cc1,-9.219,-7.003438011178515,-6.280246088469882,-5.800336949542789,-5.296315787273159,-4.594868893096185,-3.974070045242071,-4.012417845601448,-5.589730518260666,-6.074578071486307,0
b2AR-decoy_1028,CCOP(=O)(CCCCCCN=C=S)c1ccccc1,-7.016,-5.089438011178515,-4.571246088469882,-3.602336949542789,-3.3223157872731583,-2.5208688930961847,-2.049070045242071,-2.0174178456014467,-3.5287305182606667,-4.490578071486307,0
b2AR-decoy_1029,CCSCCn1/c(=N/OC)sc2cc(OC(F)(F)F)ccc21,-7.243,-5.382438011178516,-5.166246088469881,-4.10333694954279,-3.747315787273158,-3.0288688930961847,-2.762070045242071,-2.5414178456014467,-3.872730518260666,-4.214578071486306,0
b2AR-decoy_103,CCCCNC(=S)N1C/C(=C\c2ccccc2C)C(=O)/C(=C/c2ccccc2C)C1,-10.142,-7.775438011178515,-7.801246088469881,-6.297336949542789,-6.420315787273159,-5.7438688930961845,-5.419070045242071,-5.063417845601446,-6.793730518260666,-6.915578071486307,0
b2AR-decoy_1030,C=C[C@]1(C)CC[C@@H](C(=C)COC(=O)c2cccnc2)C[C@H]1C(=C)C,-9.714,-7.606438011178515,-6.675246088469882,-5.425336949542789,-5.427315787273159,-5.123868893096185,-4.543070045242072,-4.013417845601447,-5.815730518260667,-5.883578071486307,0
b2AR-decoy_1031,CN(C)c1ccc(/C=C/c2ccc(OCC3COC(C)(C)OC3)cc2)cc1,-9.02,-7.095438011178516,-5.9592460884698815,-5.418336949542789,-5.762315787273158,-4.234868893096184,-4.195070045242071,-3.605417845601448,-5.338730518260666,-5.733578071486306,0
b2AR-decoy_1032,CCCCCCC[S+]([O-])C1=CC(=O)c2ccccc2C1=O,-7.848,-5.909438011178515,-5.8182460884698814,-4.43933694954279,-4.202315787273158,-3.731868893096185,-2.8590700452420714,-2.9714178456014464,-4.675730518260666,-4.935578071486306,0
b2AR-decoy_1033,CCCCOc1ccc(/C=C/c2cc(OC)cc(OC)c2)cc1,-8.154,-6.288438011178515,-5.440246088469881,-4.96033694954279,-4.739315787273158,-3.691868893096185,-3.5510700452420707,-2.949417845601447,-4.733730518260666,-5.110578071486307,0
b2AR-decoy_1034,COc1ccc(C(C)=O)cc1CSc1nnc(c2ccncc2)o1,-8.766,-6.621438011178515,-6.309246088469882,-5.22833694954279,-5.172315787273158,-4.762868893096185,-4.144070045242071,-3.815417845601447,-5.580730518260667,-5.791578071486306,0
b2AR-decoy_1035,CCn1nnc(c2cc(C)c(OCCCc3cc(C)no3)c(C)c2)n1,-9.13,-6.774438011178516,-6.268246088469882,-5.81133694954279,-5.271315787273158,-5.087868893096184,-3.8400700452420704,-3.5434178456014465,-5.149730518260666,-5.938578071486306,0
b2AR-decoy_1036,COc1cc(OC)c2c(=O)cc(Oc3ccc(OC)c(OC)c3)oc2c1,-8.298,-6.276438011178515,-5.714246088469881,-4.982336949542789,-4.117315787273158,-3.7098688930961847,-3.690070045242072,-3.2534178456014464,-5.2967305182606665,-5.161578071486307,0
b2AR-decoy_1037,Cc1ccc(CCCCCC(=O)N2CCOC2=O)cc1C,-8.433,-6.258438011178516,-6.0072460884698815,-4.85433694954279,-4.392315787273159,-4.007868893096185,-3.812070045242072,-3.0624178456014466,-4.706730518260667,-5.372578071486307,0
b2AR-decoy_1038,CO/C=C(/C(=O)OC)c1ccccc1/C=C/C=C/c1ccc(C)cc1C,-8.673,-7.224438011178515,-6.441246088469882,-5.46133694954279,-4.903315787273158,-4.125868893096184,-4.05507004524207,-3.882417845601447,-5.866730518260667,-5.853578071486307,0
b2AR-decoy_1039,CCCCCCCC1=CC(=O)c2ccccc2S1(=O)=O,-7.785,-5.949438011178515,-5.356246088469881,-4.53933694954279,-4.533315787273159,-4.007868893096185,-3.188070045242071,-2.7374178456014464,-4.273730518260666,-4.652578071486307,0
b2AR-decoy_104,C[C@]12CC[C@@H](O)C[C@@H]1C[C@H](OCc1ccccc1)[C@@H]1[C@@H]2CC[C@@]2(C)[C@H]1CC[C@@]21CO1,-10.583,-8.942438011178515,-8.37224608846988,-7.29533694954279,-7.411315787273159,-6.639868893096185,-5.577070045242071,-5.866417845601447,-7.239730518260666,-7.630578071486306,0
b2AR-decoy_1040,CCN(Cc1cccs1)C(=O)C(C)Oc1ccc(C)cc1,-8.464,-6.696438011178515,-5.615246088469881,-4.70533694954279,-4.108315787273159,-3.351868893096185,-3.5110700452420707,-2.768417845601447,-4.189730518260666,-5.302578071486307,0
b2AR-decoy_1041,COc1cc(C(=O)c2ccc(c3ccsc3)s2)cc(OC)c1OC,-8.415,-5.980438011178515,-5.658246088469881,-4.74233694954279,-4.426315787273158,-3.3128688930961845,-3.4760700452420714,-3.223417845601447,-4.418730518260666,-4.759578071486307,0
b2AR-decoy_1042,C=C[Si](C)(C)COC(=O)/C(C#N)=C/C=C/c1ccccc1,-7.062,-5.532438011178515,-4.837246088469882,-3.88333694954279,-3.5143157872731585,-2.9168688930961846,-2.4150700452420706,-2.217417845601447,-4.151730518260666,-4.4975780714863065,0
b2AR-decoy_1043,CCCC[C@H](CCn1cncn1)c1ccc(Cl)cc1Cl,-7.743,-5.641438011178515,-5.168246088469881,-4.2353369495427895,-4.172315787273158,-3.712868893096185,-2.7320700452420708,-2.295417845601447,-4.261730518260666,-4.463578071486307,0
b2AR-decoy_1044,CCOc1ccc2nc(SCC(=O)c3cccs3)sc2c1,-7.776,-5.832438011178515,-5.1162460884698815,-4.668336949542789,-4.055315787273158,-3.633868893096185,-2.877070045242071,-2.6204178456014464,-4.331730518260667,-4.674578071486306,0
b2AR-decoy_1045,CC/C=C/[C@H](CC)C[C@]1(C)C=C(CC)/C(=C/C(=O)OC)O1,-7.659,-5.618438011178515,-5.155246088469881,-4.68533694954279,-3.720315787273158,-3.1928688930961844,-2.802070045242071,-2.385417845601447,-4.4747305182606665,-4.446578071486306,0
b2AR-decoy_1046,CCCCCCCCCCOC(=O)c1csc2nnsc12,-6.687,-5.080438011178515,-4.463246088469881,-3.2083369495427894,-3.3203157872731586,-2.444868893096185,-2.1750700452420717,-2.100417845601447,-3.2437305182606666,-4.022578071486307,0
b2AR-decoy_1047,COc1ccc([C@H]2C[C@@H]2COc2nc(C)ncc2c2ccc(C)nc2)nc1,-9.394,-7.088438011178516,-6.959246088469881,-6.2193369495427895,-5.633315787273158,-5.153868893096185,-4.485070045242072,-4.174417845601447,-5.786730518260667,-6.019578071486306,0
b2AR-decoy_1048,COC(=O)/C=C\c1ccc(OC/C=C(\C)CCC=C(C)C)cc1,-7.594,-5.786438011178515,-5.0232460884698815,-4.35933694954279,-4.133315787273158,-3.0738688930961846,-2.71307004524207,-2.526417845601447,-4.500730518260666,-4.643578071486306,0
b2AR-decoy_1049,CC(=O)c1ccc(OCC(=O)OCc2cc(c3ccco3)on2)cc1,-8.819,-6.503438011178515,-5.972246088469881,-5.44533694954279,-5.082315787273158,-4.121868893096185,-3.983070045242071,-3.353417845601447,-4.868730518260667,-5.384578071486306,0
b2AR-decoy_105,CC(C)(O)CCC[C@](C)(O)[C@H]1CC[C@H]2[C@@H]3CC=C4C[C@@H](O)CC[C@]4(C)[C@H]3CC[C@@]21C,-10.746,-8.842438011178515,-7.514246088469882,-6.4323369495427904,-5.878315787273159,-5.8638688930961855,-4.679070045242071,-5.215417845601447,-7.052730518260667,-6.965578071486307,0
b2AR-decoy_1050,COc1cc(/C=C/c2ccc(SC)cc2)cc(OC)c1OC,-7.733,-5.634438011178515,-5.016246088469881,-4.35933694954279,-4.045315787273158,-3.274868893096185,-3.073070045242071,-2.6424178456014467,-4.537730518260666,-4.151578071486306,0
b2AR-decoy_1051,COCCOC(=O)c1c(C)oc2ccc(OC(=O)c3cccs3)cc12,-7.839,-5.360438011178515,-5.513246088469881,-4.13333694954279,-4.204315787273158,-3.5648688930961843,-2.605070045242071,-2.917417845601447,-4.342730518260667,-4.651578071486306,0
b2AR-decoy_1052,CCCCOP(=O)(OCCCC)Oc1ccc(C)cc1,-6.699,-4.896438011178515,-4.856246088469881,-3.73433694954279,-3.1053157872731587,-2.5818688930961846,-1.9040700452420716,-1.9594178456014468,-3.364730518260666,-4.378578071486307,0
b2AR-decoy_1053,O=C(/C=C/CCCCc1ccc2c(c1)OCO2)N1CCCC1,-8.916,-6.2864380111785145,-6.021246088469881,-5.15433694954279,-4.459315787273159,-4.042868893096185,-3.2100700452420714,-3.242417845601447,-4.936730518260666,-5.240578071486306,0
b2AR-decoy_1054,CCCc1cc(=O)oc2cc(OCc3cccc(OC)c3)c(Cl)cc12,-9.008,-6.959438011178515,-6.697246088469882,-5.59633694954279,-5.054315787273158,-4.870868893096185,-4.323070045242071,-3.7004178456014474,-5.533730518260667,-5.760578071486307,0
b2AR-decoy_1055,CCCCC(CC)COC(=O)C=Cc1ccc(OC)cc1,-7.158,-5.262438011178515,-4.720246088469882,-4.17233694954279,-3.722315787273159,-2.800868893096185,-2.7930700452420707,-2.4664178456014465,-4.055730518260666,-4.266578071486307,0
b2AR-decoy_1056,CCN(Cc1nc(c2ccc(OC)cc2)no1)C(=O)c1ccoc1C,-8.631,-6.494438011178515,-5.682246088469881,-4.833336949542789,-4.550315787273158,-4.149868893096185,-3.36207004524207,-3.3704178456014464,-5.310730518260667,-5.232578071486307,0
b2AR-decoy_1057,COc1ccc(/C=C\c2cc(OC)c(OC)c(OC)c2)s1,-7.009,-5.216438011178515,-4.552246088469881,-3.905336949542789,-3.201315787273159,-2.9138688930961845,-2.8320700452420717,-2.1154178456014465,-3.997730518260666,-3.782578071486306,0
b2AR-decoy_1058,Clc1ccc(OCCCCSc2ncccn2)cc1,-7.497,-5.295438011178515,-4.929246088469881,-4.248336949542789,-3.114315787273158,-2.5978688930961846,-2.502070045242071,-1.752417845601447,-3.7197305182606666,-4.511578071486307,0
b2AR-decoy_1059,Cc1cc(CCCCCOc2ccc(C3=NCCO3)cc2C=O)on1,-7.791,-6.030438011178515,-5.484246088469881,-4.69733694954279,-4.351315787273158,-3.2648688930961844,-3.124070045242071,-2.970417845601447,-4.425730518260666,-4.963578071486307,0
b2AR-decoy_106,COc1c2c(c(/C=C\C(C)(C)O)c3oc(c4ccccc4)cc(=O)c13)OC(C)(C)C=C2,-9.119,-7.278438011178515,-7.348246088469882,-6.059336949542789,-5.577315787273159,-4.744868893096184,-3.2480700452420708,-4.393417845601446,-6.204730518260666,-6.859578071486306,0
b2AR-decoy_1060,CCCCCC(=O)c1cccc(OCc2cccc(C#N)c2)c1,-8.925,-6.447438011178516,-6.170246088469881,-5.17733694954279,-4.725315787273159,-4.520868893096186,-3.705070045242071,-3.241417845601447,-5.2727305182606665,-5.382578071486307,0
b2AR-decoy_1061,COc1cc(OC)c(/C=C/C(=O)c2ccc(C(F)(F)F)cc2)c(OC)c1,-8.849,-7.187438011178514,-5.978246088469882,-5.482336949542789,-4.615315787273159,-4.126868893096185,-4.117070045242071,-3.648417845601447,-5.215730518260666,-6.138578071486307,0
b2AR-decoy_1062,COc1ccc(S(=O)(=O)C(CCS)Cc2ccccc2)cc1,-7.822,-5.956438011178515,-5.296246088469881,-4.59533694954279,-4.219315787273159,-3.492868893096185,-2.9740700452420707,-2.9584178456014465,-4.420730518260666,-5.274578071486307,0
b2AR-decoy_1063,CC(=O)C[C@@H](CC(=O)Oc1ccc(C#N)cc1)c1ccccc1,-8.788,-6.668438011178516,-6.191246088469882,-5.319336949542789,-4.883315787273158,-4.263868893096184,-4.073070045242071,-3.536417845601447,-4.644730518260666,-5.844578071486307,0
b2AR-decoy_1064,CCCCCC1=CC(=O)C2=C(OC(C)(CCC=C(C)C)C=C2)C1=O,-8.69,-6.499438011178516,-6.194246088469882,-5.25933694954279,-4.994315787273159,-4.1188688930961845,-3.8050700452420703,-3.561417845601447,-4.991730518260666,-5.504578071486307,0
b2AR-decoy_1065,O=C(CCCCCc1ccc(Br)cc1)N1CCOC1=O,-8.21,-5.853438011178516,-5.545246088469881,-4.67533694954279,-4.135315787273158,-3.574868893096185,-3.089070045242071,-2.5114178456014464,-4.004730518260667,-4.623578071486307,0
b2AR-decoy_1066,Cc1c(SCc2ccc(OCC(C)F)cc2)oc2ccccc2c1=O,-9.563,-7.459438011178515,-6.94024608846988,-5.7033369495427895,-6.026315787273159,-5.396868893096185,-5.0130700452420704,-4.322417845601446,-6.2967305182606665,-5.901578071486307,0
b2AR-decoy_1067,COc1cc(OC)c(C(=O)/C=C/c2ccc(C(F)(F)F)cc2)c(OC)c1,-8.826,-6.727438011178515,-6.016246088469881,-5.68933694954279,-5.049315787273159,-4.092868893096185,-3.868070045242071,-3.621417845601448,-5.480730518260666,-6.011578071486307,0
b2AR-decoy_1068,COc1ccc(/C=C/c2nsc(/C=C/c3ccc(OC)cc3)n2)cc1,-8.439,-6.866438011178515,-6.322246088469882,-5.2513369495427895,-4.826315787273158,-4.2678688930961854,-4.091070045242072,-3.5404178456014463,-5.358730518260666,-5.132578071486307,0
b2AR-decoy_1069,Cc1ccc(c2cc(C(=O)NC(C)c3cnccn3)cc(c3cncs3)c2)cc1,-9.483,-7.582438011178516,-6.9562460884698805,-5.96233694954279,-5.784315787273158,-4.862868893096184,-4.916070045242071,-4.497417845601447,-6.719730518260667,-6.920578071486306,0
b2AR-decoy_107,Cc1cc(C)c(S(=O)(=O)Nc2cc(Cl)c3oc4c(c3c2)C(=O)CCC4)cc1C,-10.547,-8.926438011178515,-8.89224608846988,-7.521336949542789,-7.7803157872731585,-6.927868893096186,-6.51007004524207,-5.965417845601447,-8.261730518260666,-7.912578071486306,0
b2AR-decoy_1070,Cn1cc(C(c2ccc(O)c(O)c2O)c2cn(C)c3ccccc23)c2ccccc21,-9.541,-7.400438011178515,-7.455246088469881,-6.319336949542789,-5.746315787273158,-4.8688688930961845,-4.577070045242071,-3.680417845601447,-6.0757305182606665,-6.384578071486306,0
b2AR-decoy_1071,CC(Sc1nnc(c2ccncc2)s1)C(=O)Nc1ccc(Cl)cc1Cl,-9.743,-7.418438011178516,-6.3792460884698805,-6.303336949542789,-5.172315787273158,-4.872868893096184,-4.74407004524207,-3.9824178456014474,-5.624730518260666,-6.861578071486306,0
b2AR-decoy_1072,Cc1ccc(Cn2ccc(NC(=O)c3c(C)onc3c3ccccc3Cl)n2)cc1,-9.786,-8.170438011178515,-7.583246088469881,-6.46233694954279,-5.649315787273158,-5.519868893096184,-4.643070045242071,-5.160417845601447,-6.478730518260667,-6.508578071486307,0
b2AR-decoy_1073,C[C@H](CCC(N)=O)[C@H]1CC[C@H]2[C@@H]3CC[C@@H]4C[C@H](N=[N+]=[N-])CC[C@]4(C)[C@H]3C[C@H](O)[C@@]21C,-9.324,-7.856438011178515,-6.470246088469882,-6.47733694954279,-5.382315787273159,-5.563868893096185,-4.166070045242071,-4.649417845601446,-6.133730518260666,-6.337578071486307,0
b2AR-decoy_1074,O=[N+]([O-])c1cc(O)cc(c2nnc(SCc3ccc(Cl)c(Cl)c3)o2)c1,-9.485,-7.821438011178515,-6.865246088469881,-6.230336949542791,-5.491315787273159,-4.9248688930961855,-4.10607004524207,-4.513417845601447,-6.016730518260667,-6.221578071486306,0
b2AR-decoy_1075,CC(=O)c1ccccc1c1cc(c2cn(CC#N)nc2c2cc(C)cc(O)c2)ccn1,-9.949,-8.236438011178516,-7.232246088469882,-6.61833694954279,-5.888315787273159,-5.937868893096185,-4.671070045242072,-5.053417845601446,-7.298730518260667,-6.968578071486306,0
b2AR-decoy_1076,CC/C(=N\NC(=O)c1cc2ccccc2cc1O)c1cc2c(F)c(F)c(F)cc2[nH]1,-11.733,-9.939438011178517,-8.679246088469881,-8.53233694954279,-7.3893157872731585,-6.7278688930961845,-6.5130700452420704,-6.300417845601446,-8.223730518260666,-9.184578071486309,0
b2AR-decoy_1077,Cc1cccc(NC(=O)CSc2nc(C(F)(F)F)cc(c3ccco3)n2)c1C,-10.678,-8.874438011178515,-8.035246088469881,-7.745336949542789,-6.246315787273158,-6.159868893096185,-5.118070045242071,-5.129417845601447,-6.307730518260666,-7.478578071486307,0
b2AR-decoy_1078,CC(=O)c1cccc(c2cc(c3cnn(CC#N)c3c3cc(C)cc(O)c3)ccn2)c1,-10.161,-7.414438011178515,-7.452246088469881,-6.22433694954279,-6.013315787273159,-5.9248688930961855,-5.203070045242072,-5.302417845601447,-6.767730518260667,-6.026578071486307,0
b2AR-decoy_1079,OC(c1ccc(Oc2ncccc2C2=CCOCC2)cc1)c1nc2ccccc2s1,-9.396,-7.7654380111785155,-6.947246088469882,-6.130336949542789,-5.539315787273159,-5.501868893096185,-5.02607004524207,-4.767417845601447,-6.419730518260666,-7.566578071486306,0
b2AR-decoy_108,CCCc1cc(=O)oc2cc(c3cccc4c3Sc3ccccc3S4)cc(O)c12,-10.317,-7.623438011178514,-6.936246088469881,-5.418336949542789,-6.526315787273159,-5.205868893096184,-4.142070045242072,-4.897417845601447,-6.726730518260666,-6.241578071486307,0
b2AR-decoy_1080,Cc1csc(N2Nc3onc(c4ccccc4)c3C2c2ccc(Cl)cc2)n1,-10.217,-7.915438011178516,-7.803246088469882,-6.595336949542789,-7.067315787273158,-6.064868893096184,-5.204070045242071,-4.948417845601448,-6.725730518260667,-7.077578071486306,0
b2AR-decoy_1081,COC(=O)c1c(NC(=O)C2c3ccccc3Oc3ccccc32)sc(C)c1C,-9.947,-7.968438011178515,-7.707246088469882,-6.643336949542789,-6.817315787273158,-5.8528688930961845,-5.217070045242071,-4.242417845601446,-7.188730518260666,-6.281578071486306,0
b2AR-decoy_1082,COc1ccc(c2c(OC)c(O)c(c3ccc(OC)cc3)c3scnc32)cc1,-6.987,-5.058438011178515,-5.270246088469881,-3.7303369495427896,-3.1533157872731588,-2.7488688930961844,-3.4180700452420707,-2.2304178456014467,-5.202730518260666,-4.038578071486307,0
b2AR-decoy_1083,COc1c(C(C)=O)c(O)c(OCc2ccc(C(F)(F)F)cc2)c2occc12,-9.137,-6.996438011178515,-6.370246088469882,-6.059336949542789,-5.269315787273159,-4.724868893096184,-4.39807004524207,-4.192417845601447,-5.735730518260667,-6.093578071486306,0
b2AR-decoy_1084,Cc1cccc(c2c(NC(=O)c3ccco3)oc3ccc(Cl)cc3c2=O)c1,-9.703,-7.873438011178514,-6.638246088469881,-6.120336949542789,-6.406315787273158,-5.9938688930961845,-4.775070045242071,-5.164417845601447,-6.323730518260666,-6.079578071486306,0
b2AR-decoy_1085,O=C1Oc2ccc(c3ccccc3)cc2C(=O)/C1=N/Nc1c(Cl)cccc1Cl,-10.449,-9.388438011178517,-7.526246088469881,-7.65033694954279,-6.719315787273159,-5.780868893096185,-5.400070045242071,-5.318417845601447,-7.273730518260667,-7.893578071486306,0
b2AR-decoy_1086,COc1cc2nc(c3cccc(Br)c3)cc(O)c2cc1c1cnco1,-9.188,-6.991438011178515,-6.6082460884698815,-6.00033694954279,-5.647315787273158,-4.878868893096184,-5.080070045242071,-3.536417845601447,-5.8897305182606665,-5.175578071486306,0
b2AR-decoy_1087,C[C@]12CC[C@@H]3[C@H]4CC/C(=N\Oc5ccc([N+](=O)[O-])cc5)C[C@@H]4CC[C@H]3[C@@H]1CC[C@@H]2O,-11.751,-9.723438011178516,-8.700246088469882,-7.70933694954279,-7.647315787273158,-7.039868893096184,-6.419070045242071,-6.233417845601446,-8.483730518260666,-7.969578071486307,0
b2AR-decoy_1088,CC(=O)c1ccc(c2cc(c3cnn(CC#N)c3c3cc(C)cc(O)c3)ccn2)cc1,-10.593,-8.256438011178515,-8.02024608846988,-6.688336949542789,-6.338315787273158,-5.962868893096184,-4.912070045242071,-4.917417845601447,-6.287730518260666,-6.720578071486306,0
b2AR-decoy_1089,COc1cccc(c2ccc(Oc3cncc4sc(C5=NNN=N5)cc34)cc2)c1,-9.979,-7.959438011178515,-7.872246088469881,-6.514336949542789,-6.304315787273158,-4.840868893096184,-5.592070045242071,-5.028417845601448,-6.554730518260666,-6.265578071486306,0
b2AR-decoy_109,CC1(C)O[C@H]2C3=C([C@H]2O1)[C@@H](c1ccccc1)[C@H](CCc1ccccc1)C=CC=C3CO,-8.308,-6.159438011178516,-5.558246088469881,-4.5863369495427895,-4.388315787273158,-3.885868893096185,-3.3170700452420707,-3.3064178456014472,-4.789730518260666,-5.414578071486307,0
b2AR-decoy_1090,N#Cc1c(/N=C/c2c[nH]c3cccc([N+](=O)[O-])c23)sc2c1CCCCCC2,-7.496,-5.206438011178515,-4.8502460884698815,-3.93333694954279,-3.4213157872731585,-2.976868893096185,-2.5830700452420707,-2.438417845601447,-3.874730518260666,-4.147578071486307,0
b2AR-decoy_1091,Cc1ccc(NC(=O)c2nc[nH]c2C(=O)Nc2ccccc2)c(c2ccsc2)c1,-10.707,-8.586438011178515,-7.556246088469882,-6.838336949542789,-6.050315787273158,-5.542868893096184,-4.96507004524207,-4.918417845601447,-6.343730518260667,-6.478578071486307,0
b2AR-decoy_1092,Cc1[nH]c2ccc(c3nnc(SCC(=O)c4ccccc4F)o3)cc2c1C,-10.523,-8.900438011178515,-7.936246088469881,-7.10033694954279,-6.565315787273159,-5.162868893096185,-5.145070045242072,-4.831417845601447,-7.167730518260667,-7.662578071486306,0
b2AR-decoy_1093,CCCc1n[nH]c2c1C(c1ccc(Cl)cc1)c1c(nc3c(c1N)CSCC3)O2,-9.898,-7.084438011178515,-7.0762460884698815,-5.87833694954279,-5.669315787273158,-5.485868893096185,-5.174070045242072,-4.135417845601447,-5.669730518260666,-6.564578071486306,0
b2AR-decoy_1094,Cc1ccccc1C(=O)Nc1ccc(C(=O)N2Cc3cccn3-c3ccccc32)cc1,-11.143,-8.823438011178515,-8.85324608846988,-7.264336949542789,-7.295315787273159,-6.676868893096184,-5.518070045242071,-5.468417845601447,-6.343730518260667,-7.734578071486306,0
b2AR-decoy_1095,COc1ccc(c2ccc(C(=O)Nc3ccc(OC)nc3)c3occc32)c(C)c1,-8.245,-7.558438011178515,-5.686246088469881,-5.326336949542791,-4.931315787273158,-3.7498688930961848,-4.006070045242071,-3.4614178456014475,-6.0357305182606655,-5.549578071486307,0
b2AR-decoy_1096,CCn1cc(/C=N/Nc2nc(c3cc4ccccc4oc3=O)cs2)c2ccccc21,-10.688,-9.281438011178516,-8.150246088469881,-7.140336949542789,-6.486315787273158,-6.345868893096185,-5.968070045242071,-5.372417845601447,-7.246730518260666,-8.094578071486307,0
b2AR-decoy_1097,O=C(NCc1cccs1)c1ccc2nc(c3ccco3)c(c3ccco3)nc2c1,-8.962,-7.490438011178515,-6.375246088469881,-5.81733694954279,-5.185315787273158,-4.2838688930961855,-3.980070045242071,-4.205417845601447,-5.815730518260667,-6.684578071486307,0
b2AR-decoy_1098,CC(C)(C)c1cc(NC(=O)[C@]2(C)CCCN2c2ccc(C(F)(F)F)cc2)no1,-10.208,-8.160438011178515,-7.884246088469881,-6.25733694954279,-6.447315787273158,-6.0708688930961845,-4.77607004524207,-5.033417845601447,-6.852730518260666,-7.104578071486307,0
b2AR-decoy_1099,CO/C(O)=C1\C(C)=NC(C)=C(C(=O)OCC(C)C)C1c1ccccc1C(F)(F)F,-8.262,-6.758438011178516,-5.979246088469881,-5.10333694954279,-5.445315787273158,-4.389868893096185,-3.8000700452420713,-4.135417845601447,-5.484730518260667,-5.569578071486307,0
b2AR-decoy_11,COc1ccc2[nH]cc(/C(C#N)=C/c3cccc4cnccc34)c2c1,-8.851,-6.526438011178515,-6.468246088469881,-5.4373369495427895,-5.354315787273158,-5.310868893096185,-4.70907004524207,-4.018417845601446,-6.0757305182606665,-5.9895780714863065,0
b2AR-decoy_110,C=C1/C(=C\C=C2/CCC[C@@]3(C)[C@H]2CC[C@@H]3[C@H](C)CCC(C)(C)O)C[C@@H](O)C[C@@H]1O,-9.827,-8.125438011178515,-7.403246088469881,-6.63833694954279,-6.210315787273158,-5.731868893096184,-5.27307004524207,-5.141417845601447,-7.513730518260667,-6.812578071486307,0
b2AR-decoy_1100,CC12CCC(OCC(=O)Nc3ccc(c4nc5cc(C#N)ccc5o4)cc3)(CC1)CC2,-10.703,-9.084438011178516,-7.32824608846988,-6.58133694954279,-5.481315787273159,-5.348868893096185,-5.284070045242071,-4.042417845601447,-5.898730518260667,-7.559578071486307,0
b2AR-decoy_1101,Oc1c(/C=N/c2ccc(Oc3ccccc3)cc2)cnn1c1cccc(Cl)n1,-10.356,-8.828438011178514,-7.606246088469881,-6.534336949542789,-6.061315787273159,-5.626868893096185,-5.235070045242072,-4.617417845601446,-6.919730518260666,-7.669578071486306,0
b2AR-decoy_1102,Cc1ccc(C2=Nc3ccccc3N(CC(=O)Nc3ccccc3C)C(=O)C2)cc1C,-9.424,-7.560438011178515,-6.591246088469882,-5.90033694954279,-5.507315787273159,-4.896868893096185,-4.32107004524207,-4.419417845601448,-6.527730518260666,-6.325578071486307,0
b2AR-decoy_1103,O=C1/C(=C/c2ccc(O)cc2)Cc2ccccc2/C1=C\c1ccc([N+](=O)[O-])cc1,-11.843,-9.243438011178515,-9.107246088469882,-7.774336949542789,-7.695315787273158,-6.895868893096186,-6.521070045242071,-6.207417845601446,-7.478730518260667,-8.069578071486307,0
b2AR-decoy_1104,CC(=O)Nc1cccc2c1Cc1c-2[nH]nc1c1ccc(c2ccc(O)cc2)cc1,-9.442,-8.097438011178514,-7.098246088469882,-6.41633694954279,-5.565315787273159,-5.191868893096185,-4.93307004524207,-4.756417845601447,-7.204730518260666,-7.188578071486306,0
b2AR-decoy_1105,CCOc1ccc2nc(/N=C/c3c(C)nn(c4ccc(C)cc4)c3O)sc2c1,-10.463,-8.381438011178515,-7.700246088469882,-7.249336949542791,-6.196315787273159,-5.307868893096185,-5.172070045242071,-4.855417845601448,-6.340730518260667,-7.223578071486306,0
b2AR-decoy_1106,COc1ccc(c2ccc(Oc3cncc4sc(C5=NNN=N5)cc34)cc2)cc1,-9.421,-7.306438011178516,-7.482246088469882,-6.274336949542789,-5.515315787273158,-4.691868893096185,-5.120070045242072,-4.667417845601447,-5.8577305182606665,-6.758578071486307,0
b2AR-decoy_1107,CCCCc1ccc(n2nc3cc(Cl)c(C(=O)NC(C)(C)C)cc3n2)cc1,-8.385,-6.878438011178515,-5.487246088469881,-4.998336949542789,-4.710315787273158,-3.694868893096185,-4.125070045242071,-2.872417845601447,-5.563730518260666,-5.934578071486307,0
b2AR-decoy_1108,CCOC(=O)c1ccc(c2ccc(/C=C(\C#N)c3nc4cc(C)ccc4[nH]3)o2)cc1,-10.22,-8.210438011178516,-7.2492460884698815,-6.48133694954279,-6.344315787273159,-6.109868893096184,-5.137070045242071,-4.797417845601446,-6.701730518260666,-6.690578071486307,0
b2AR-decoy_1109,NC(=O)c1ccccc1NC(=O)c1ccc(Oc2ccc3ccccc3c2)cc1,-11.148,-9.334438011178516,-7.556246088469882,-7.7783369495427905,-6.060315787273158,-5.6588688930961855,-5.686070045242071,-4.485417845601447,-6.993730518260666,-8.084578071486307,0
b2AR-decoy_111,CC(C)(C)c1ccc(/C=N/Nc2ncnc3sc4c(c23)CCCC4)cc1,-10.405,-8.403438011178515,-7.21924608846988,-6.710336949542789,-6.231315787273159,-5.621868893096185,-5.194070045242071,-5.037417845601446,-6.3947305182606655,-7.198578071486306,0
b2AR-decoy_1110,CCSc1ccc(C(=O)Nc2nnc(c3ccc4c(c3)CCCC4)o2)cc1,-9.621,-7.880438011178516,-6.599246088469881,-6.56833694954279,-5.775315787273158,-5.044868893096185,-4.972070045242072,-4.048417845601447,-6.034730518260666,-7.094578071486307,0
b2AR-decoy_1111,C/C(=N\NC(=O)c1ccc(n2c(C)ccc2C)cc1)c1ccc(n2cccc2)cc1,-10.453,-8.417438011178515,-7.018246088469882,-5.81133694954279,-6.027315787273158,-5.449868893096184,-5.021070045242071,-4.692417845601447,-6.122730518260667,-6.840578071486307,0
b2AR-decoy_1112,CCc1cc(Sc2ccc(c3ccccc3C3=NNN=N3)cc2)c2ncccc2n1,-10.286,-9.380438011178516,-7.641246088469881,-6.809336949542789,-6.3013157872731576,-6.557868893096185,-4.873070045242072,-5.802417845601447,-7.567730518260666,-8.099578071486306,0
b2AR-decoy_1113,COc1ccc2c(C)c(Oc3c(Cl)c(Cl)c(O)c(C#N)c3C#N)oc2c1,-8.481,-6.251438011178514,-6.2492460884698815,-5.181336949542789,-4.660315787273158,-4.279868893096184,-3.737070045242071,-3.959417845601447,-5.494730518260667,-5.516578071486306,0
b2AR-decoy_1114,CCCO/C(O)=C1\C(C)=NC2=C(C(=O)CC(C)(C)C2)C1c1ccc(N(C)C)cc1,-9.58,-7.239438011178516,-6.57824608846988,-6.08633694954279,-5.347315787273159,-4.996868893096185,-4.598070045242071,-4.206417845601447,-5.513730518260667,-5.809578071486307,0
b2AR-decoy_1115,Cc1ccc(NC(=O)CSc2nc(C(F)(F)F)cc(c3ccco3)n2)cc1C,-10.4,-8.493438011178515,-7.942246088469881,-7.287336949542789,-5.902315787273158,-6.043868893096185,-5.31807004524207,-5.074417845601447,-6.513730518260667,-7.741578071486307,0
b2AR-decoy_1116,CCC(C)N1C(=O)S/C(=C/c2ccc(Sc3nc4ccccc4[nH]3)o2)C1=O,-9.517,-7.378438011178515,-6.542246088469881,-5.64533694954279,-5.046315787273159,-5.231868893096184,-4.33407004524207,-4.452417845601447,-6.6077305182606665,-6.410578071486306,0
b2AR-decoy_1117,CCCCc1nnc(C2=C(C)Nc3ccnn3C2c2ccc(Cl)c(Cl)c2)o1,-10.011,-7.821438011178515,-7.396246088469882,-6.537336949542789,-6.356315787273159,-5.771868893096185,-4.825070045242072,-4.715417845601447,-6.346730518260667,-6.995578071486307,0
b2AR-decoy_1118,O=C(/C=C/c1ccc(O)c(O)c1)c1ccc(NC(=O)C23C[C@H]4C[C@@H](C2)C[C@@H](C3)C4)cc1,-10.945,-9.096438011178517,-8.220246088469882,-6.74033694954279,-6.064315787273159,-5.698868893096185,-6.099070045242071,-5.552417845601447,-6.728730518260667,-6.710578071486307,0
b2AR-decoy_1119,CCC(=O)N1c2ccccc2N=C2CC(c3ccco3)CC(O)=C2C1c1ccco1,-8.084,-5.803438011178515,-5.487246088469881,-4.639336949542789,-4.490315787273159,-4.159868893096185,-3.2850700452420707,-3.102417845601446,-4.661730518260667,-4.334578071486306,0
b2AR-decoy_112,CC(C)=CCc1cc2c(=O)c(c3ccc4c(c3)OCO4)coc2c(CC=C(C)C)c1O,-9.406,-7.622438011178515,-7.564246088469881,-6.23733694954279,-5.447315787273158,-5.266868893096184,-4.900070045242071,-4.426417845601447,-6.590730518260667,-6.422578071486306,0
b2AR-decoy_1120,Cc1ccccc1NC(=O)CSc1nc2c(c(c3ccco3)c1C#N)CCCC2,-10.199,-7.850438011178515,-7.741246088469881,-6.13133694954279,-6.062315787273159,-5.762868893096185,-4.687070045242072,-4.759417845601448,-6.429730518260666,-6.930578071486307,0
b2AR-decoy_1121,CC1=CC[C@@H]2[C@@H](C1)c1c(O)cc(C(C)(C)C(=O)OCCCC#N)cc1OC2(C)C,-9.433,-6.977438011178515,-6.213246088469882,-5.5783369495427895,-5.227315787273158,-4.672868893096185,-4.422070045242071,-3.908417845601447,-5.560730518260666,-5.731578071486307,0
b2AR-decoy_1122,Cc1ccccc1OCC(=O)Nc1ccc(c2nc3c(C)c(C#N)ccc3o2)cc1,-10.285,-7.6564380111785155,-6.586246088469881,-5.755336949542789,-5.461315787273158,-5.035868893096184,-4.625070045242071,-4.053417845601446,-5.458730518260666,-7.572578071486307,0
b2AR-decoy_1123,CC(C)(C)c1ccc([C@@H]2C[C@H]2C(=O)N/N=C/c2ccc(C(F)(F)F)cc2)cc1,-10.761,-8.601438011178516,-7.727246088469881,-7.04833694954279,-6.695315787273158,-5.621868893096185,-5.01007004524207,-5.242417845601446,-6.845730518260666,-7.026578071486307,0
b2AR-decoy_1124,CCCCNC1=CC(=O)C=C(C[C@]2(C)[C@@H](C)CC[C@]3(C)C(C)=CCC[C@H]32)C1=O,-10.181,-8.295438011178515,-7.191246088469882,-6.733336949542791,-5.8013157872731576,-5.742868893096185,-4.700070045242072,-4.885417845601447,-6.447730518260666,-6.318578071486307,0
b2AR-decoy_1125,CCOP(=O)(/C=C(\Cl)c1ccccc1)C(O)c1ccc(F)cc1,-8.833,-6.619438011178515,-6.20324608846988,-5.05733694954279,-4.804315787273158,-4.375868893096184,-3.798070045242071,-3.4164178456014467,-5.397730518260666,-5.760578071486307,0
b2AR-decoy_1126,C=C1[C@H](O)CC(=C/C=C2\CCC[C@@H]3[C@@H](CCCCC(C)(C)O)CC[C@@H]23)C[C@H]1O,-9.857,-7.907438011178515,-7.479246088469882,-6.123336949542789,-6.057315787273158,-5.387868893096185,-4.636070045242072,-4.828417845601447,-6.666730518260666,-6.887578071486306,0
b2AR-decoy_1127,CCCCC(=O)c1cc2c(cc1O)CC[C@@H]1[C@@H]2CC[C@]2(C)C(=O)CC[C@@H]12,-9.854,-8.737438011178515,-8.040246088469882,-6.483336949542791,-5.822315787273158,-6.170868893096184,-5.22807004524207,-5.164417845601447,-6.636730518260666,-6.533578071486307,0
b2AR-decoy_1128,COc1ccccc1/C=C/c1nc(C#N)c(NC(C)c2ccccc2)o1,-9.234,-7.639438011178514,-6.772246088469881,-5.8443369495427895,-5.409315787273158,-5.014868893096185,-4.373070045242072,-3.9984178456014474,-5.965730518260667,-6.5055780714863065,0
b2AR-decoy_1129,Cc1ccccc1OP(=O)(Nc1ccccn1)Oc1ccccc1C,-9.745,-7.296438011178514,-7.042246088469881,-6.01633694954279,-5.996315787273158,-5.297868893096185,-4.60307004524207,-4.069417845601446,-6.289730518260667,-6.578578071486307,0
b2AR-decoy_113,O=C(NCc1cccs1)c1cccc2c1occ2c1ccc(F)c(F)c1,-9.988,-8.150438011178515,-7.7652460884698815,-7.047336949542789,-6.480315787273158,-5.662868893096185,-5.628070045242071,-5.247417845601447,-7.052730518260667,-6.913578071486306,0
b2AR-decoy_1130,CCOC[C@@]1(O)CC[C@@]2(C)[C@@H](CC[C@@H]3[C@@H]2CC[C@]2(C)[C@@H](C(C)=O)CC[C@@H]32)C1,-8.66,-7.6724380111785155,-6.81524608846988,-5.704336949542789,-5.583315787273158,-5.214868893096185,-4.10007004524207,-4.511417845601446,-6.102730518260666,-5.908578071486307,0
b2AR-decoy_1131,CC(C)n1cc(/C=N\NC(=O)c2cc3c(ccc4ccccc43)o2)c2ccccc21,-11.247,-9.964438011178515,-8.40824608846988,-7.70633694954279,-6.784315787273158,-6.625868893096184,-6.066070045242071,-6.038417845601448,-6.940730518260667,-8.835578071486307,0
b2AR-decoy_1132,O=C(NC(=O)c1c(F)cccc1F)OCc1ccc(c2ccc(Cl)cc2)o1,-9.516,-8.261438011178516,-7.805246088469881,-7.5123369495427905,-6.596315787273159,-5.928868893096185,-5.11907004524207,-4.661417845601447,-6.424730518260667,-7.282578071486306,0
b2AR-decoy_1133,CC(C)N1C(=O)S/C(=C\c2ccc(Sc3nc4ccccc4[nH]3)cc2)C1=O,-8.997,-7.876438011178514,-5.934246088469881,-5.83033694954279,-5.4263157872731576,-5.071868893096184,-4.844070045242072,-4.189417845601447,-6.308730518260667,-6.140578071486306,0
b2AR-decoy_1134,CC1CC1c1ccc(/C=C(\C#N)C(=O)Nc2ccc(Cl)cc2Cl)o1,-9.325,-7.436438011178515,-6.747246088469881,-6.572336949542789,-5.474315787273158,-4.7888688930961845,-4.406070045242071,-4.126417845601447,-5.564730518260667,-6.009578071486306,0
b2AR-decoy_1135,C/C(=N\Nc1nc(c2cc3ccccc3o2)cs1)c1cc2ccccc2o1,-11.22,-8.861438011178516,-8.003246088469881,-6.762336949542791,-6.622315787273159,-6.036868893096186,-5.624070045242071,-5.840417845601447,-7.842730518260666,-8.054578071486306,0
b2AR-decoy_1136,CSc1ccc(c2nnc(NC(=O)c3cc(Cl)sc3Cl)o2)cc1,-9.299,-7.179438011178515,-6.694246088469882,-5.550336949542789,-4.947315787273158,-3.449868893096185,-4.319070045242071,-3.375417845601447,-4.954730518260666,-5.664578071486307,0
b2AR-decoy_1137,O=C(NC(=O)c1c(F)cccc1F)OCc1ccc(c2cccc(Cl)c2)o1,-10.69,-8.179438011178515,-7.989246088469882,-6.62933694954279,-6.624315787273158,-5.381868893096184,-5.284070045242071,-4.862417845601447,-6.630730518260666,-7.371578071486306,0
b2AR-decoy_1138,COc1cc(/C=C\c2cc(C(C)(C)C)c(O)c(C(C)(C)C)c2)cc(OC)c1,-8.2,-6.282438011178515,-6.058246088469881,-5.27233694954279,-4.210315787273158,-4.201868893096185,-3.5990700452420707,-3.5724178456014464,-5.499730518260666,-5.3965780714863065,0
b2AR-decoy_1139,CCCCc1oc2ccccc2c1C(=O)c1ccc(c2ccc(O)cc2)cc1,-9.944,-7.629438011178514,-7.546246088469882,-6.02233694954279,-6.271315787273158,-5.223868893096185,-4.60607004524207,-5.001417845601447,-6.9667305182606665,-6.883578071486307,0
b2AR-decoy_114,COc1ccc(/C=C2/C(=O)Nc3ccc(Cl)cc32)c(c2ccc(C#N)cc2)c1,-9.326,-7.179438011178515,-6.926246088469881,-5.310336949542791,-5.661315787273159,-5.091868893096185,-4.46507004524207,-4.374417845601446,-6.195730518260666,-5.959578071486307,0
b2AR-decoy_1140,CC(C)=CC(=O)/C=C(\C)CCC[C@@]1(C)Oc2c(c(=O)oc3cc(O)ccc23)[C@@H]1C,-10.312,-8.345438011178516,-7.387246088469881,-6.62233694954279,-6.552315787273159,-6.095868893096185,-5.72807004524207,-5.273417845601447,-6.903730518260666,-6.693578071486307,0
b2AR-decoy_1141,C/C(=N\Nc1nc(c2ccc3ccccc3c2)cs1)c1ccccc1,-10.836,-8.979438011178516,-7.688246088469882,-6.90133694954279,-6.525315787273158,-5.854868893096185,-5.400070045242071,-5.330417845601447,-7.226730518260666,-7.709578071486307,0
b2AR-decoy_1142,CC(C)C1=C(Cc2ccccc2)C(=O)O/C1=C\c1cc(Cl)c(O)c(Cl)c1,-9.534,-8.230438011178515,-7.128246088469881,-6.52333694954279,-5.929315787273158,-5.596868893096184,-4.707070045242071,-4.683417845601447,-6.562730518260667,-6.695578071486306,0
b2AR-decoy_1143,Oc1ccccc1/C=N/c1ccc(Oc2ccc(Cl)cc2)c(Cl)c1,-9.657,-7.617438011178516,-6.664246088469881,-6.39533694954279,-5.708315787273158,-5.3928688930961854,-4.941070045242071,-4.348417845601446,-6.169730518260666,-6.196578071486307,0
b2AR-decoy_1144,CC(C)=CC(=O)C/C(C)=C/CC[C@@]1(C)Oc2c(c(=O)oc3cc(O)ccc23)[C@H]1C,-10.312,-8.414438011178515,-7.59724608846988,-6.928336949542789,-6.348315787273158,-6.0228688930961845,-5.84007004524207,-5.226417845601446,-6.977730518260666,-6.579578071486306,0
b2AR-decoy_1145,CC(=O)NCCc1ccc(OC2C=CCC(C)(C)C2)cc1c1cccc(F)c1,-10.454,-8.662438011178516,-7.671246088469882,-7.252336949542789,-6.411315787273159,-6.500868893096184,-5.65107004524207,-5.139417845601447,-6.563730518260666,-7.050578071486306,0
b2AR-decoy_1146,CC(C)c1ccccc1Sc1c(O)cc(c2ccccc2Cl)oc1=O,-9.124,-7.493438011178515,-6.663246088469881,-5.48833694954279,-5.701315787273158,-5.186868893096184,-4.079070045242071,-4.484417845601447,-6.489730518260666,-6.874578071486306,0
b2AR-decoy_1147,Cc1ccccc1c1ccccc1/C=N/Nc1c(Cl)cncc1Cl,-9.571,-7.460438011178516,-7.241246088469881,-5.91733694954279,-5.700315787273159,-5.184868893096185,-4.16107004524207,-4.565417845601447,-6.761730518260666,-5.979578071486307,0
b2AR-decoy_1148,C=C1CCC[C@@H]2[C@]1(C)CC[C@H](C)[C@@]2(C)CC/C(C)=C/C[C@H]1OC(=O)C=C1CO,-9.766,-8.035438011178515,-6.961246088469881,-5.99133694954279,-5.566315787273158,-5.449868893096184,-4.701070045242071,-4.490417845601447,-6.846730518260667,-6.017578071486307,0
b2AR-decoy_1149,CC(C)=C/C=C/[C@H](C)C1=CC[C@]2(C)C[C@H]3[C@H](C(=O)C[C@@]3(C)O)C(C=O)=CC[C@@H]12,-7.161,-5.590438011178515,-5.178246088469881,-4.86433694954279,-3.996315787273159,-3.759868893096185,-3.2310700452420718,-3.010417845601447,-4.6797305182606665,-4.0985780714863065,0
b2AR-decoy_115,O=C1NC(=O)/C(=C/c2cc(c3ccccc3)ccc2OCc2ccccc2)S1,-10.253,-8.379438011178515,-7.711246088469881,-6.746336949542791,-6.5513157872731576,-5.7888688930961845,-5.345070045242071,-5.333417845601447,-6.907730518260667,-7.499578071486306,0
b2AR-decoy_1150,Cc1ccc(c2nnc(NC(=O)c3ccc(SC(F)(F)F)cc3)o2)cc1,-9.66,-8.186438011178515,-6.931246088469882,-6.86933694954279,-5.4263157872731576,-5.317868893096184,-4.841070045242072,-4.937417845601447,-6.4057305182606665,-6.665578071486307,0
b2AR-decoy_1151,CC(C)c1ccc(c2[nH][nH]c(=O)c2Cc2c(O)ccc3nc(Cl)ccc23)cc1,-9.659,-7.533438011178514,-7.679246088469881,-6.71233694954279,-6.825315787273159,-6.292868893096184,-4.521070045242071,-4.769417845601447,-6.852730518260666,-7.425578071486306,0
b2AR-decoy_1152,Cc1c(C(=O)Cc2ccccc2)oc2cc(c3ccccc3)cc(O)c12,-9.744,-8.548438011178515,-7.413246088469881,-6.82033694954279,-6.848315787273158,-6.108868893096185,-5.66107004524207,-5.056417845601446,-7.3787305182606655,-7.660578071486306,0
b2AR-decoy_1153,CCCCCCC(C)(C)c1cc(O)c2c(c1)oc(=O)c1ccc(C)cc12,-10.081,-8.142438011178514,-6.266246088469881,-6.85933694954279,-5.5593157872731584,-5.114868893096185,-5.032070045242071,-3.683417845601447,-5.622730518260667,-6.977578071486306,0
b2AR-decoy_1154,CC(C)=CC(=O)C/C(C)=C/CC[C@@]1(C)Oc2oc3cc(O)ccc3c(=O)c2[C@H]1C,-10.427,-8.408438011178514,-7.372246088469881,-7.008336949542789,-6.501315787273159,-6.001868893096185,-5.365070045242071,-5.280417845601447,-6.712730518260667,-6.780578071486307,0
b2AR-decoy_1155,OCCCCCCC1CCOOC2(CCCCCCCCCCC2)OOC1,-4.945,-2.897438011178515,-2.4962460884698814,-1.5683369495427897,-1.0603157872731588,-0.7938688930961844,0.0349299547579287,-0.2504178456014472,-1.8197305182606665,-2.102578071486307,0
b2AR-decoy_1156,CC(=O)NCCC1=C(c2ccc(C(C)(C)C)cc2)Cc2ccc3c(c21)CCO3,-9.133,-6.282438011178515,-6.0812460884698805,-4.96833694954279,-4.478315787273158,-4.593868893096184,-5.095070045242071,-3.3204178456014466,-5.6717305182606665,-5.524578071486307,0
b2AR-decoy_1157,Cc1cc(C)c(/C=C/[C@@H]2C[C@@H](O)CC(=O)O2)c(/C=C/c2ccc(Cl)cc2)c1,-10.431,-7.708438011178515,-7.977246088469881,-6.59333694954279,-6.507315787273159,-6.265868893096185,-5.005070045242071,-4.704417845601446,-6.374730518260666,-6.497578071486307,0
b2AR-decoy_1158,COc1ccc(c2cc(O)c3c(c2)oc(N)c3c2cccs2)cc1OC,-7.82,-6.198438011178515,-5.3052460884698815,-4.394336949542789,-3.972315787273159,-3.391868893096185,-2.9230700452420706,-2.643417845601447,-5.212730518260666,-4.572578071486307,0
b2AR-decoy_1159,C[C@]12CCC(=O)C[C@@H]1CC[C@@H]1[C@@H]2CC[C@]2(C)[C@@H](O)[C@H](CCCSC#N)C[C@@H]12,-10.135,-8.211438011178515,-7.083246088469881,-7.274336949542789,-6.158315787273159,-5.365868893096184,-5.660070045242071,-5.268417845601446,-6.992730518260666,-5.798578071486306,0
b2AR-decoy_116,CC1=C(CCC2=NN=NN2)c2cc(F)ccc2/C1=C\c1ccc(C(C)C)cc1,-10.42,-8.951438011178515,-8.18724608846988,-7.2303369495427905,-6.654315787273159,-6.3208688930961845,-5.942070045242071,-6.035417845601447,-7.618730518260666,-7.180578071486307,0
b2AR-decoy_1160,CCCCNC(=O)[C@]1(C)CCC[C@@]2(C)C3CC[C@@]4(C)C[C@]3(CCC21)CC4=O,-10.193,-8.979438011178516,-8.07824608846988,-7.33333694954279,-6.178315787273158,-6.265868893096185,-4.73107004524207,-4.722417845601447,-7.255730518260666,-7.033578071486307,0
b2AR-decoy_1161,Cc1noc(NS(=O)(=O)c2ccccc2c2ccc(C(C)(C)C)cc2)c1C,-10.413,-8.337438011178515,-7.884246088469881,-6.68333694954279,-6.565315787273159,-6.234868893096184,-4.846070045242071,-4.803417845601446,-6.448730518260666,-6.940578071486307,0
b2AR-decoy_1162,CC#C[C@@]1(O)CC[C@@]2(CC)c3ccc(OCc4cccnc4C)cc3CC[C@@H]2C1,-9.597,-7.685438011178515,-6.740246088469881,-5.82733694954279,-5.091315787273159,-5.419868893096185,-4.641070045242071,-4.184417845601447,-6.414730518260667,-6.293578071486307,0
b2AR-decoy_1163,N#C/C(=C/c1ccc(N2CCCCC2)o1)C(=O)Nc1ccc2ccccc2c1,-10.525,-8.839438011178515,-7.794246088469881,-7.07733694954279,-6.327315787273159,-5.843868893096184,-5.495070045242072,-4.904417845601447,-7.243730518260666,-8.173578071486306,0
b2AR-decoy_1164,COc1ccc(/C=C/c2cc(O)cc(/C=C/c3ccc(OC)c(O)c3)c2)cc1O,-9.425,-7.366438011178515,-6.6772460884698805,-5.95633694954279,-5.549315787273159,-4.337868893096184,-4.611070045242071,-4.216417845601447,-6.034730518260666,-5.575578071486307,0
b2AR-decoy_1165,Cn1nc(C(C)(C)C)cc1NCc1coc(c2ccc(C(C)(C)C)cc2)n1,-9.455,-7.681438011178516,-6.809246088469882,-6.08333694954279,-5.989315787273158,-5.529868893096184,-4.527070045242072,-4.411417845601447,-6.332730518260666,-6.357578071486307,0
b2AR-decoy_1166,Cc1csc2nc(C(C)c3ccc(NC(=O)c4cccs4)cc3)oc(=O)c12,-10.084,-7.814438011178515,-6.707246088469882,-5.264336949542789,-5.292315787273159,-4.957868893096185,-4.772070045242071,-4.326417845601448,-5.994730518260667,-6.715578071486307,0
b2AR-decoy_1167,C[C@@H](Oc1ccc(n2ccnc2)cc1)C(=O)Nc1ccc(c2ccccc2)cc1,-10.164,-7.903438011178515,-7.332246088469882,-5.976336949542789,-5.765315787273158,-5.162868893096185,-5.310070045242071,-4.801417845601447,-6.428730518260666,-6.825578071486307,0
b2AR-decoy_1168,COc1c(O)c(C(C)=O)c(OCc2ccc(c3ccccc3)cc2)c2ccoc12,-9.351,-8.326438011178515,-6.854246088469882,-6.573336949542791,-5.431315787273158,-5.075868893096185,-5.397070045242071,-4.796417845601447,-6.2857305182606655,-7.647578071486306,0
b2AR-decoy_1169,CCO/C(O)=C1\C(CSc2ccccc2)=NC(C)=C(C#N)C1c1ccccn1,-8.982,-6.964438011178515,-6.180246088469881,-5.52333694954279,-5.241315787273159,-4.701868893096185,-4.200070045242072,-3.909417845601446,-5.339730518260667,-5.824578071486307,0
b2AR-decoy_117,CCC(C)(CC)CN1C(=O)S/C(=C\c2ccc(O)c(C(F)(F)F)c2)C1=O,-8.723,-7.006438011178515,-6.230246088469881,-5.30233694954279,-5.307315787273158,-4.619868893096184,-4.391070045242071,-4.113417845601447,-6.097730518260667,-5.735578071486307,0
b2AR-decoy_1170,CCc1cccc(c2cc(Cl)cc(Cl)c2/C=C/[C@@H]2C[C@@H](O)CC(=O)O2)c1,-9.473,-7.231438011178515,-7.436246088469881,-5.9533369495427895,-5.588315787273158,-5.121868893096185,-4.663070045242071,-4.350417845601447,-5.992730518260666,-5.910578071486306,0
b2AR-decoy_1171,C/C(=N\Nc1nc(c2cc(C)ccc2C)cs1)c1cc2ccccc2oc1=O,-11.415,-9.519438011178517,-8.038246088469881,-7.37833694954279,-6.788315787273158,-5.726868893096185,-5.971070045242071,-5.756417845601447,-8.113730518260667,-8.844578071486307,0
b2AR-decoy_1172,C/C(=N\O)c1ccc(OCc2cc(C(F)(F)F)cc(C(F)(F)F)c2)cc1,-9.873,-7.268438011178516,-7.130246088469882,-6.1263369495427895,-5.810315787273158,-5.105868893096185,-4.854070045242072,-4.849417845601447,-6.364730518260666,-6.250578071486306,0
b2AR-decoy_1173,COc1cc2c(cc1OC)-c1n[nH]c(c3ccc(c4ccc(N)cc4)cc3)c1C2,-9.911,-7.254438011178514,-8.16124608846988,-5.8923369495427895,-4.705315787273158,-5.508868893096185,-5.617070045242071,-5.451417845601448,-5.9057305182606665,-6.758578071486307,0
b2AR-decoy_1174,CC(C)=CCC/C(C)=C/COc1c2ccoc2c(O)c2oc(=O)ccc12,-8.311,-6.970438011178516,-5.819246088469881,-5.58433694954279,-4.853315787273159,-4.342868893096185,-3.8270700452420714,-3.676417845601448,-5.548730518260667,-5.868578071486306,0
b2AR-decoy_1175,CC(C)C1=C2CCC(COC(=O)c3ccc(O)cc3)=CC[C@@]2(C)CC1,-7.475,-5.310438011178515,-5.111246088469882,-4.12033694954279,-3.7423157872731583,-3.2408688930961844,-2.427070045242071,-2.9294178456014466,-3.8957305182606663,-4.351578071486307,0
b2AR-decoy_1176,CCCCCCC(=O)c1cc(O)c2c(c1)OC(C)(C)[C@@H]1CC=C(C)C[C@@H]21,-9.491,-7.138438011178515,-6.673246088469881,-5.4853369495427895,-5.3013157872731576,-5.771868893096185,-4.332070045242071,-4.323417845601448,-6.0357305182606655,-6.258578071486307,0
b2AR-decoy_1177,Clc1ccc(C(c2ccc(Cl)cc2)(c2cc[nH]n2)n2ccnc2)cc1,-8.663,-6.924438011178514,-6.651246088469881,-5.27233694954279,-5.781315787273158,-4.785868893096184,-4.181070045242072,-3.359417845601447,-6.3017305182606655,-5.432578071486306,0
b2AR-decoy_1178,Cc1ccc(c2csc(N/N=C/c3ccc(n4ccnc4)cc3)n2)cc1,-9.922,-8.014438011178514,-6.916246088469881,-6.33133694954279,-5.592315787273158,-4.887868893096185,-4.842070045242071,-4.097417845601447,-6.227730518260666,-6.607578071486307,0
b2AR-decoy_1179,COc1cc(NC(=O)/C=C/c2c(C)cc(F)cc2C)ccc1c1cnco1,-10.096,-7.564438011178515,-7.168246088469882,-6.521336949542789,-6.298315787273159,-5.253868893096184,-5.09007004524207,-4.988417845601447,-6.093730518260667,-6.924578071486307,0
b2AR-decoy_118,Oc1ccc(Cl)cc1Cn1nc(c2ccc(C(F)(F)F)cc2)oc1=S,-9.508,-7.944438011178516,-7.144246088469881,-6.746336949542791,-6.041315787273158,-5.225868893096184,-4.836070045242071,-5.087417845601447,-6.194730518260666,-6.648578071486307,0
b2AR-decoy_1180,COc1ccc(C[C@H]2COC[C@@H]2Cc2ccc(Cl)c(Cl)c2)cc1O,-9.438,-7.278438011178515,-6.727246088469881,-6.162336949542789,-5.521315787273158,-4.914868893096184,-4.524070045242072,-3.994417845601447,-5.992730518260666,-5.952578071486306,0
b2AR-decoy_1181,CC(C)CCOC1(C(F)(F)F)OC(=O)Nc2ccc(Cl)cc21,-8.147,-6.354438011178516,-6.1292460884698805,-4.9243369495427896,-4.638315787273158,-4.156868893096185,-3.604070045242072,-3.226417845601447,-5.509730518260666,-5.664578071486307,0
b2AR-decoy_1182,N#Cc1ccc(Oc2ccc(Cc3ccncc3)cc2O)c(Cl)c1,-9.019,-7.022438011178515,-6.29924608846988,-5.42733694954279,-5.198315787273158,-4.277868893096185,-4.618070045242071,-4.331417845601447,-5.752730518260666,-6.092578071486306,0
b2AR-decoy_1183,O=C(CSC1c2ccccc2-c2ccccc21)N/N=C/c1ccccc1,-10.017,-7.588438011178516,-7.657246088469881,-6.2353369495427895,-6.093315787273159,-5.598868893096185,-5.360070045242072,-4.9024178456014464,-6.184730518260666,-7.000578071486306,0
b2AR-decoy_1184,CSCSC1=C(C#N)C(c2ccccc2Cl)C(C(C)=O)=C(C)N1,-7.688,-5.906438011178516,-5.251246088469881,-4.2033369495427895,-4.140315787273159,-3.9808688930961846,-2.765070045242071,-2.6524178456014464,-4.669730518260667,-3.891578071486306,0
b2AR-decoy_1185,S=C(N/N=C(\c1ccccc1)c1ccccn1)SCc1ccccc1,-9.725,-7.447438011178516,-7.116246088469881,-5.72833694954279,-5.421315787273159,-4.700868893096185,-4.358070045242071,-4.528417845601448,-5.582730518260666,-6.759578071486306,0
b2AR-decoy_1186,CCc1ccc2c(Cc3c(=O)[nH][nH]c3c3ccc(C)cc3)c(O)ccc2c1,-10.293,-7.457438011178516,-7.261246088469882,-6.45633694954279,-5.922315787273158,-5.989868893096185,-5.235070045242072,-4.867417845601446,-6.784730518260666,-6.623578071486307,0
b2AR-decoy_1187,C/C(=C\COc1ccc2ccc(=O)oc2c1)C1=CC(=N)C2(CCCCC2)O1,-10.682,-8.554438011178515,-7.968246088469881,-6.87833694954279,-6.211315787273158,-5.917868893096184,-5.224070045242071,-5.017417845601447,-6.595730518260666,-7.091578071486307,0
b2AR-decoy_1188,COc1cccc(c2sc3ccc(OC)cc3c2C#CCC(C)O)c1,-7.59,-5.470438011178516,-5.284246088469882,-4.16533694954279,-3.938315787273158,-3.4778688930961845,-3.533070045242072,-2.739417845601447,-4.836730518260667,-3.9835780714863054,0
b2AR-decoy_1189,COc1cc(/C=C/C(=O)/C=C/c2cccc(C(F)(F)F)c2F)ccc1O,-9.122,-7.362438011178515,-7.093246088469881,-5.90433694954279,-5.554315787273158,-5.032868893096184,-4.379070045242072,-4.463417845601446,-6.044730518260666,-6.383578071486307,0
b2AR-decoy_119,COc1cc(C2CC(c3ccco3)=Nc3ccccc3S2)ccc1O,-7.106,-5.094438011178515,-5.186246088469881,-4.0493369495427896,-3.704315787273158,-3.409868893096185,-3.065070045242071,-2.311417845601447,-3.807730518260666,-3.5765780714863062,0
b2AR-decoy_1190,COc1cc2oc(c3ccc(O)cc3)cc(=O)c2cc1CC=C(C)C,-8.748,-7.186438011178515,-6.4112460884698805,-5.201336949542791,-5.227315787273158,-4.455868893096184,-4.602070045242071,-4.130417845601446,-5.770730518260667,-6.093578071486306,0
b2AR-decoy_1191,CCc1cc(N(C)Cc2nc3c(Cl)ccc(Cl)c3o2)c(O)nc1C,-9.348,-7.162438011178516,-6.683246088469881,-6.220336949542789,-5.512315787273158,-4.360868893096185,-4.543070045242072,-3.882417845601447,-5.360730518260667,-6.038578071486306,0
b2AR-decoy_1192,CCOC(=O)c1c(NC(=O)C(C)(C)C)scc1c1cccs1,-7.221,-5.522438011178515,-4.742246088469881,-4.027336949542789,-3.797315787273158,-3.2888688930961845,-3.116070045242071,-2.008417845601447,-4.143730518260666,-4.229578071486307,0
b2AR-decoy_1193,Clc1ccc(C(c2ccc(Cl)cc2)(c2ncc[nH]2)n2ccnc2)cc1,-8.684,-6.640438011178516,-6.4272460884698805,-5.28933694954279,-5.185315787273158,-4.4728688930961855,-3.8320700452420713,-3.4484178456014467,-5.903730518260666,-5.500578071486306,0
b2AR-decoy_1194,COc1cc(C[C@H]2COC[C@@H]2Cc2ccc(Cl)c(Cl)c2)ccc1O,-9.197,-7.021438011178516,-6.833246088469881,-5.8923369495427895,-4.996315787273158,-4.770868893096186,-4.41107004524207,-4.042417845601447,-6.0197305182606655,-5.962578071486307,0
b2AR-decoy_1195,COc1ccc(c2coc3c(CC=C(C)C)c(O)ccc3c2=O)cc1,-8.251,-6.385438011178515,-6.353246088469881,-5.258336949542789,-4.781315787273159,-4.498868893096185,-4.374070045242071,-3.2724178456014466,-6.138730518260667,-5.247578071486307,0
b2AR-decoy_1196,Cc1ccc(c2nnc(SCc3ccccc3Cl)o2)c(O)c1,-9.448,-7.683438011178515,-6.684246088469882,-6.11933694954279,-5.498315787273159,-4.8978688930961845,-4.493070045242071,-4.010417845601447,-5.781730518260666,-6.584578071486307,0
b2AR-decoy_1197,C/C(CCc1oc2ccc(Br)cc2c1c1ccc(C)o1)=N/O,-8.406,-6.485438011178514,-6.43724608846988,-4.80533694954279,-4.797315787273158,-4.745868893096185,-4.223070045242071,-3.674417845601447,-5.781730518260666,-5.1915780714863065,0
b2AR-decoy_1198,CC(Oc1ccc(Cl)cc1Cl)C(=O)NCCC1=CCCCC1,-9.153,-6.967438011178516,-6.221246088469881,-5.31833694954279,-4.973315787273158,-4.355868893096185,-4.022070045242071,-3.682417845601448,-5.603730518260667,-6.280578071486307,0
b2AR-decoy_1199,CC(C)(C)c1ccc(OCc2ccccc2)c(/C=C2\SC(=O)NC2=O)c1,-9.07,-7.203438011178514,-6.591246088469882,-6.01933694954279,-5.297315787273158,-5.418868893096185,-4.327070045242071,-4.631417845601447,-6.376730518260667,-6.463578071486307,0
b2AR-decoy_12,N#C/C(=C\c1ccc(c2cccs2)o1)c1nc2ccccc2[nH]1,-9.573,-7.180438011178515,-6.813246088469882,-6.25333694954279,-5.647315787273158,-4.692868893096184,-4.35307004524207,-4.147417845601447,-5.719730518260667,-6.043578071486307,0
b2AR-decoy_120,COc1cccc(/C=C2/C(=O)Nc3cc(Cl)ccc32)c1c1ccc(C#N)cc1,-8.898,-8.330438011178515,-6.936246088469881,-6.605336949542791,-5.511315787273158,-5.383868893096185,-4.410070045242071,-4.2774178456014464,-6.2857305182606655,-5.719578071486307,0
b2AR-decoy_1200,COc1cc(O)c(C(=O)C(C)C)c2c1[C@H]1[C@@H](O2)C(C)=CC[C@@H]1C(C)C,-9.258,-6.965438011178515,-7.180246088469881,-5.40433694954279,-4.882315787273159,-4.787868893096185,-4.25707004524207,-3.879417845601447,-5.527730518260666,-5.386578071486307,0
b2AR-decoy_1201,CC(=O)/C(=C/n1c(=S)sc2ccccc21)C(=O)Nc1ccccc1C,-9.98,-7.588438011178516,-6.885246088469881,-6.149336949542789,-5.680315787273159,-5.382868893096184,-4.525070045242071,-4.518417845601446,-6.259730518260666,-6.753578071486306,0
b2AR-decoy_1202,N#CSC[C@@H]1C[C@@](O)(c2ccccc2)C[C@H](c2ccc(Cl)cc2)O1,-8.519,-6.836438011178515,-6.676246088469881,-5.52933694954279,-5.483315787273158,-4.3208688930961845,-4.146070045242071,-3.8034178456014462,-5.778730518260666,-6.140578071486306,0
b2AR-decoy_1203,CC(=O)c1ccc2[nH]c(SCc3cc(C(C)(C)C)ccn3)nc2c1,-9.758,-8.051438011178515,-7.152246088469882,-6.44333694954279,-5.861315787273158,-5.478868893096184,-4.534070045242071,-4.301417845601447,-6.268730518260666,-6.749578071486306,0
b2AR-decoy_1204,CCC(Sc1nc2ncccc2o1)C(=O)Nc1c(C)cc(C)cc1C,-10.231,-7.926438011178515,-7.132246088469881,-6.63233694954279,-6.327315787273159,-5.698868893096185,-5.224070045242071,-4.696417845601447,-6.5147305182606665,-7.081578071486307,0
b2AR-decoy_1205,O=C(/C=C/c1cccc(OC(F)(F)F)c1)Nc1ccc2c(c1)CCC2,-10.273,-8.022438011178515,-7.171246088469882,-5.8123369495427895,-6.312315787273159,-5.519868893096184,-5.045070045242071,-4.611417845601446,-6.685730518260666,-7.504578071486307,0
b2AR-decoy_1206,COc1ccc(c2csc(N/N=C(\C)c3sc(C)nc3C)n2)cc1,-8.738,-6.6294380111785145,-6.289246088469881,-5.46833694954279,-4.713315787273158,-4.351868893096185,-3.626070045242072,-3.342417845601447,-5.048730518260666,-5.580578071486306,0
b2AR-decoy_1207,O=C(Nc1nccs1)C(c1ccc(Cl)cc1)c1ccc(Cl)cc1,-9.477,-6.736438011178516,-6.4112460884698805,-5.758336949542789,-4.877315787273158,-4.187868893096185,-4.60607004524207,-3.8094178456014474,-5.5467305182606665,-5.673578071486306,0
b2AR-decoy_1208,Cc1ccc(c2cc(NC(=O)COc3ccc(Cl)c(C)c3)on2)cc1,-9.963,-8.351438011178516,-6.994246088469881,-6.86533694954279,-5.470315787273158,-4.907868893096184,-4.861070045242071,-4.229417845601446,-6.069730518260666,-7.011578071486307,0
b2AR-decoy_1209,CCc1cc(OCc2nc3c(Cl)ccc(Cl)c3o2)c(O)nc1C,-9.099,-6.862438011178515,-6.585246088469882,-5.99333694954279,-5.317315787273158,-4.528868893096185,-4.452070045242071,-3.783417845601447,-5.701730518260666,-5.8645780714863065,0
b2AR-decoy_121,O=c1oc2ccccc2cc1CSc1nc2cc(Cl)c(Cl)cc2[nH]1,-10.786,-9.251438011178514,-7.605246088469881,-7.075336949542789,-6.167315787273159,-5.661868893096186,-5.348070045242071,-4.903417845601448,-7.085730518260666,-8.054578071486306,0
b2AR-decoy_1210,CSc1cnc(NC(=O)[C@H](c2ccc(Cl)cc2)C(C)(C)C)s1,-7.918,-6.382438011178515,-5.639246088469881,-5.17633694954279,-4.139315787273159,-4.108868893096185,-3.389070045242071,-2.9694178456014466,-4.426730518260666,-4.773578071486306,0
b2AR-decoy_1211,C/C(=N/Nc1nc(c2ccc(Cl)cc2)cs1)c1nccs1,-9.063,-6.920438011178515,-5.837246088469882,-5.66633694954279,-4.736315787273158,-3.8318688930961846,-3.5510700452420707,-3.194417845601447,-4.661730518260667,-5.6785780714863066,0
b2AR-decoy_1212,CC(OC(=O)CCCNC(=O)OC(C)(C)C)c1ccc2ccccc2c1,-8.763,-6.498438011178514,-6.365246088469881,-4.94033694954279,-4.881315787273158,-4.052868893096185,-4.003070045242071,-3.7904178456014463,-5.461730518260666,-6.258578071486307,0
b2AR-decoy_1213,COc1cc(/C=N/c2cc(C(C)(C)C)c(O)cc2C)cc(OC)c1OC,-8.016,-5.954438011178516,-5.3902460884698815,-4.23833694954279,-4.275315787273159,-3.687868893096185,-3.5710700452420703,-3.1284178456014464,-5.187730518260667,-4.799578071486306,0
b2AR-decoy_1214,CCn1c(=N)n(CCCOc2ccc(Cl)cc2Cl)c2ccccc21,-8.65,-6.561438011178515,-6.038246088469881,-4.99733694954279,-4.551315787273158,-4.037868893096185,-3.9680700452420714,-3.457417845601447,-5.040730518260666,-5.634578071486306,0
b2AR-decoy_1215,CC1=NC(C)=C(C(=O)OC(C)C)C(c2cccs2)/C1=C(\O)OC(C)C,-8.593,-5.798438011178515,-5.754246088469881,-4.43633694954279,-4.593315787273158,-4.173868893096184,-3.013070045242072,-3.125417845601447,-4.981730518260666,-4.366578071486306,0
b2AR-decoy_1216,COc1ccc2[nH]c(C)c(Sc3cc(OC)c(OC)c(OC)c3)c2c1,-7.096,-5.497438011178515,-5.587246088469882,-4.309336949542789,-3.7823157872731583,-3.4458688930961845,-2.523070045242071,-2.9344178456014465,-4.535730518260666,-4.227578071486307,0
b2AR-decoy_1217,C/C(=N/Nc1nc(c2ccc(Cl)cc2)cs1)c1cccs1,-8.85,-6.981438011178515,-6.06224608846988,-5.23133694954279,-4.790315787273158,-4.136868893096185,-3.658070045242072,-3.313417845601447,-5.096730518260666,-5.542578071486307,0
b2AR-decoy_1218,CCCCOC(C#CC1CC1)(c1cc(CC)c(C)nc1O)C(F)(F)F,-7.992,-6.037438011178515,-5.865246088469881,-5.25633694954279,-4.333315787273159,-3.3878688930961847,-2.73707004524207,-3.0644178456014477,-4.269730518260666,-4.738578071486306,0
b2AR-decoy_1219,CCc1[nH]c2nc(Sc3cccnc3)nc(Cl)c2c1C(F)F,-8.579,-6.582438011178516,-6.239246088469882,-5.54833694954279,-4.907315787273159,-4.514868893096185,-3.8160700452420713,-4.144417845601447,-5.632730518260667,-5.196578071486307,0
b2AR-decoy_122,Cc1ccc(Sc2ncccc2NC(=O)c2ccccc2Cl)cc1,-10.036,-7.584438011178515,-7.058246088469881,-6.236336949542789,-6.246315787273158,-5.4728688930961855,-4.666070045242071,-4.083417845601447,-6.299730518260667,-6.801578071486306,0
b2AR-decoy_1220,CCSc1cc(C2C3=C(O)CCCC3=NC(C)=C2C(=O)OC)c(C)o1,-8.783,-6.204438011178516,-6.180246088469881,-4.881336949542789,-4.931315787273158,-4.489868893096185,-3.6480700452420702,-3.249417845601447,-4.967730518260667,-5.121578071486306,0
b2AR-decoy_1221,COc1ccccc1c1cc(c2ccc(OC(F)(F)F)cc2)[nH]n1,-9.058,-7.205438011178515,-6.716246088469882,-5.361336949542789,-5.396315787273158,-4.6348688930961846,-4.56807004524207,-3.712417845601447,-6.344730518260667,-6.044578071486306,0
b2AR-decoy_1222,COc1cc2c(cc1OC)-c1n[nH]c(c3ccc(c4ccncc4)cc3)c1C2,-9.973,-7.371438011178515,-8.021246088469882,-5.822336949542789,-5.183315787273159,-5.701868893096185,-5.362070045242071,-5.070417845601448,-5.635730518260667,-7.156578071486306,0
b2AR-decoy_1223,CC(C)(C)C(=O)Nc1ncc(SCc2ncc(C(C)(C)C)o2)s1,-8.246,-5.976438011178515,-5.631246088469881,-4.86133694954279,-4.523315787273159,-3.7708688930961847,-3.156070045242071,-3.0124178456014468,-4.811730518260666,-5.309578071486307,0
b2AR-decoy_1224,Cc1ccc(c2nnc(SCc3ccc(Cl)cc3)o2)c(O)c1,-9.436,-7.801438011178515,-6.948246088469881,-6.44233694954279,-5.450315787273159,-4.734868893096184,-4.425070045242071,-4.242417845601446,-5.854730518260666,-6.4575780714863065,0
b2AR-decoy_1225,CCNC1=CC(=O)C=C(C[C@]2(C)[C@@H](C)CC[C@]3(C)C(C)=CCC[C@H]32)C1=O,-10.226,-8.056438011178516,-6.856246088469881,-6.659336949542789,-5.766315787273159,-5.729868893096185,-4.95907004524207,-5.390417845601446,-6.837730518260667,-6.454578071486306,0
b2AR-decoy_1226,CC(Sc1nnc(c2ccc[nH]2)o1)C(=O)c1ccc(C(C)(C)C)cc1,-10.011,-8.315438011178514,-7.335246088469882,-6.77333694954279,-6.1843157872731584,-5.335868893096185,-4.55807004524207,-4.569417845601446,-6.173730518260667,-7.018578071486306,0
b2AR-decoy_1227,CCC(=CCc1c(O)cc2c(c1O)C(=O)CC(c1ccccc1O)O2)CC,-9.236,-7.396438011178516,-6.144246088469881,-5.58033694954279,-5.485315787273159,-4.661868893096186,-4.678070045242071,-3.942417845601448,-6.167730518260667,-6.044578071486306,0
b2AR-decoy_1228,CCOC(=O)c1c(NC(=O)CC(C)C)scc1c1cccs1,-7.291,-5.549438011178515,-4.670246088469881,-3.8953369495427896,-3.5493157872731587,-3.0068688930961844,-2.5190700452420707,-2.103417845601447,-4.042730518260666,-4.3725780714863065,0
b2AR-decoy_1229,COc1ccc(c2coc3cc(O)ccc3c2=O)cc1CC=C(C)C,-8.665,-7.332438011178516,-6.020246088469881,-4.92333694954279,-5.067315787273158,-4.652868893096185,-4.33707004524207,-4.156417845601446,-5.740730518260666,-5.149578071486307,0
b2AR-decoy_123,CC(C)=CCCC1(C)C=Cc2c(O)cc(/C=C/c3ccc(O)c(O)c3)cc2O1,-9.413,-7.628438011178515,-7.120246088469882,-6.37833694954279,-6.076315787273158,-5.641868893096184,-4.804070045242071,-4.622417845601447,-6.648730518260667,-6.573578071486306,0
b2AR-decoy_1230,Oc1ncccc1C(/C=C/C1CC1)(OCc1ccccc1)C(F)(F)F,-8.942,-7.0524380111785145,-6.4672460884698815,-5.867336949542789,-5.288315787273158,-4.496868893096185,-4.002070045242071,-3.781417845601446,-5.491730518260667,-6.154578071486306,0
b2AR-decoy_1231,O=C1C=CC2(Oc3cccc4cccc(c34)O2)c2cccc(OCc3ccoc3)c21,-9.895,-7.977438011178515,-8.13824608846988,-6.33433694954279,-5.845315787273158,-5.817868893096184,-4.988070045242072,-5.097417845601447,-7.028730518260666,-6.921578071486307,0
b2AR-decoy_1232,Cc1cccc(c2noc(CN(C(=O)CCc3ccccc3)C(C)C)n2)c1,-10.12,-7.574438011178515,-7.148246088469881,-5.84333694954279,-6.209315787273159,-5.039868893096184,-4.800070045242071,-4.744417845601447,-6.4107305182606655,-7.335578071486307,0
b2AR-decoy_1233,O=c1cc(N2CCOCC2)oc2ccc(c3ccc(OC(F)(F)F)cc3)cc12,-8.267,-7.446438011178515,-6.216246088469882,-4.98833694954279,-5.074315787273159,-4.609868893096184,-4.362070045242071,-3.6364178456014464,-5.920730518260667,-5.8645780714863065,0
b2AR-decoy_1234,Cc1cc2nnc(SCc3cn4ccccc4n3)n2c2ccccc12,-10.211,-8.156438011178516,-7.506246088469881,-7.028336949542791,-6.348315787273158,-5.709868893096184,-5.280070045242072,-4.968417845601447,-6.536730518260667,-7.244578071486307,0
b2AR-decoy_1235,CC(C)OP(=O)(OC(C)C)C(=O)Oc1ccc([N+](=O)[O-])cc1,-7.134,-5.157438011178515,-5.138246088469881,-4.07433694954279,-3.7933157872731584,-3.4198688930961847,-3.257070045242071,-2.6714178456014466,-4.051730518260666,-4.039578071486306,0
b2AR-decoy_1236,Cc1ccc(c2cc(c3ccc4c(c3)CN(C(C)C)C4=O)on2)cn1,-9.149,-7.354438011178516,-6.6402460884698815,-5.82733694954279,-5.160315787273159,-4.7438688930961845,-4.76007004524207,-4.354417845601446,-6.6077305182606665,-6.1305780714863065,0
b2AR-decoy_1237,C[S+]([O-])c1ccc(c2coc3ccc(c4nnc(S)o4)cc32)cc1,-9.559,-7.387438011178515,-7.260246088469881,-5.68633694954279,-6.202315787273159,-5.667868893096184,-4.659070045242071,-4.549417845601447,-6.247730518260667,-5.801578071486306,0
b2AR-decoy_1238,CC(C)c1csc(c2nnc3n2N=C(c2ccc(Cl)cc2)CS3)n1,-9.719,-7.0364380111785145,-6.689246088469881,-5.899336949542789,-5.451315787273158,-4.607868893096185,-4.453070045242072,-3.7934178456014473,-6.167730518260667,-6.034578071486306,0
b2AR-decoy_1239,O=C1C(c2ccc(Oc3ccccc3)cc2)=[N+]([O-])c2cc3c(cc21)OCO3,-10.044,-8.102438011178515,-6.389246088469882,-6.18033694954279,-5.193315787273159,-4.780868893096185,-5.71507004524207,-4.029417845601447,-6.598730518260666,-7.128578071486306,0
b2AR-decoy_124,N#Cc1cnc2sc(c3ccccc3)cc2c1Oc1ccc2[nH]ccc2c1,-9.426,-7.246438011178515,-6.901246088469881,-5.79133694954279,-5.923315787273159,-5.122868893096184,-5.174070045242072,-4.468417845601447,-6.185730518260666,-6.468578071486306,0
b2AR-decoy_1240,CCC(CC)Oc1cc(C)nc(Oc2c(C)cc(C)cc2C)c1C(=O)OC,-8.474,-6.611438011178516,-6.0762460884698815,-5.0413369495427895,-4.916315787273158,-4.292868893096184,-3.618070045242071,-3.470417845601446,-5.202730518260666,-5.399578071486307,0
b2AR-decoy_1241,Cc1cc(/C=C2\SC(=O)N(c3ccccc3)C2=O)c(C)n1c1cccnc1,-9.156,-7.923438011178515,-6.777246088469882,-5.7513369495427895,-5.925315787273158,-5.089868893096185,-4.986070045242071,-4.270417845601447,-6.354730518260666,-6.469578071486307,0
b2AR-decoy_1242,c1ccc(n2nnnc2SCCCSc2nc3ccccc3s2)cc1,-9.021,-7.087438011178515,-6.339246088469881,-5.0783369495427895,-4.760315787273158,-4.630868893096185,-3.7680700452420712,-3.807417845601448,-5.580730518260667,-6.161578071486307,0
b2AR-decoy_1243,Cc1nc(c2cccnc2)sc1c1nnc(c2cccc(Cl)c2Cl)o1,-9.695,-7.992438011178516,-7.231246088469881,-6.47133694954279,-6.067315787273158,-5.447868893096185,-5.30207004524207,-4.969417845601447,-6.7377305182606655,-6.667578071486307,0
b2AR-decoy_1244,COC(=O)/C1=C\CC[C@]2(C)O[C@H]2CC/C(C(=O)OC)=C/C=C(/C(C)C)CC1,-5.816,-3.745438011178515,-3.5942460884698813,-2.45533694954279,-2.5163157872731583,-1.9358688930961847,-1.0530700452420714,-1.031417845601447,-2.7487305182606665,-2.3805780714863065,0
b2AR-decoy_1245,CCOc1ccc2c(C)cc(=O)oc2c1COC(=O)/C=C/c1ccc(OC)cc1,-9.363,-7.115438011178515,-6.89224608846988,-5.845336949542789,-5.959315787273159,-5.355868893096185,-4.456070045242072,-4.093417845601447,-5.920730518260667,-5.862578071486306,0
b2AR-decoy_1246,Cc1cc(Oc2ccc([N+](=O)[O-])cc2C#N)ccc1Br,-8.269,-6.195438011178515,-5.810246088469881,-4.69133694954279,-4.690315787273159,-4.088868893096185,-3.636070045242072,-3.303417845601447,-4.656730518260666,-5.225578071486307,0
b2AR-decoy_1247,COc1ccc(OC)c2c1C(=O)C=C([C@@H](CC=C(C)C)Oc1ccncc1)C2=O,-8.381,-6.919438011178515,-6.405246088469882,-5.640336949542789,-4.806315787273158,-4.547868893096185,-3.8370700452420703,-3.7324178456014474,-5.352730518260667,-5.340578071486307,0
b2AR-decoy_1248,Cc1noc(c2ccc3occ(c4ccc([S+](C)[O-])cc4)c3c2)n1,-9.872,-7.199438011178515,-7.31524608846988,-6.060336949542791,-6.361315787273158,-5.437868893096185,-4.322070045242072,-4.554417845601448,-6.275730518260666,-6.238578071486307,0
b2AR-decoy_1249,CCc1nc(Sc2nc(C)cc(C)n2)c2oc3ccccc3c2n1,-9.269,-7.727438011178515,-6.893246088469882,-5.69933694954279,-5.694315787273158,-4.967868893096185,-4.988070045242072,-4.385417845601447,-6.370730518260666,-6.773578071486307,0
b2AR-decoy_125,COc1ccc(c2cc(O)c(Sc3ccccc3C(C)C)c(=O)o2)cc1,-8.592,-7.206438011178514,-5.798246088469881,-4.74533694954279,-5.228315787273159,-4.875868893096184,-4.020070045242072,-3.807417845601448,-5.736730518260666,-6.088578071486307,0
b2AR-decoy_1250,COc1ccc(/C=C2\COC/C(=C\c3nc(C)c(C)nc3C)C2=O)c(Cl)c1,-9.638,-7.546438011178514,-7.480246088469881,-6.23433694954279,-5.632315787273159,-5.749868893096185,-4.98107004524207,-4.668417845601447,-6.480730518260666,-6.309578071486307,0
b2AR-decoy_1251,c1ccc(c2onc(c3ccco3)c2c2ccc3c(c2)OCO3)cc1,-9.586,-7.238438011178514,-7.481246088469881,-5.264336949542789,-5.178315787273158,-5.247868893096184,-4.652070045242072,-4.441417845601446,-5.893730518260666,-6.863578071486307,0
b2AR-decoy_1252,Cc1onc(c2ccccc2)c1c1nnc(c2ccccc2C(F)(F)F)o1,-11.217,-8.499438011178515,-8.050246088469882,-7.24333694954279,-6.026315787273159,-6.388868893096184,-5.80807004524207,-5.193417845601447,-7.009730518260666,-8.016578071486306,0
b2AR-decoy_1253,CC1=CSC(OCC(C)C)(c2ccc(Br)cc2)c2noc(=O)n21,-7.73,-6.2864380111785145,-5.6402460884698815,-4.69833694954279,-4.765315787273159,-4.2388688930961855,-3.3490700452420707,-3.2484178456014465,-4.838730518260666,-4.5535780714863066,0
b2AR-decoy_1254,Clc1ccc(COc2cccc3c2cnc2ncnn23)c(Cl)c1,-9.4,-7.4834380111785155,-6.835246088469882,-6.082336949542789,-5.489315787273158,-5.0658688930961855,-4.61607004524207,-4.081417845601447,-5.568730518260667,-6.118578071486306,0
b2AR-decoy_1255,COc1ccc(C(=O)c2ccc3c(c2)C(n2ccccc2=O)=CC(C)(C)O3)cc1,-9.282,-7.354438011178516,-7.4512460884698815,-6.405336949542789,-5.917315787273159,-6.1138688930961855,-4.91407004524207,-4.783417845601447,-6.029730518260667,-6.118578071486306,0
b2AR-decoy_1256,CC(Oc1c(c2c(F)cc(F)cc2F)c(Cl)nc2ncnn12)C(F)(F)F,-8.656,-6.993438011178515,-6.425246088469882,-5.296336949542789,-5.017315787273159,-5.391868893096184,-4.093070045242071,-3.484417845601447,-6.288730518260666,-5.1915780714863065,0
b2AR-decoy_1257,CC(=O)N(c1ccc(Cl)cc1)C1SC(=O)N(c2ccc(C)cc2)C1=O,-9.095,-7.567438011178515,-7.096246088469881,-6.19233694954279,-5.046315787273159,-5.278868893096185,-4.250070045242071,-3.691417845601446,-6.190730518260667,-6.384578071486306,0
b2AR-decoy_1258,Cc1noc(C)c1CSc1nnc2cc(C)c3ccccc3n12,-9.89,-7.133438011178516,-7.053246088469882,-6.20833694954279,-6.008315787273158,-5.560868893096185,-4.381070045242071,-3.7854178456014473,-6.310730518260666,-5.721578071486306,0
b2AR-decoy_1259,CCCc1ccc(C(=O)OCc2c(OC(C)C)ccc3c(C)cc(=O)oc23)cc1,-10.082,-7.806438011178516,-7.22224608846988,-6.762336949542791,-6.056315787273158,-5.725868893096184,-5.283070045242072,-4.695417845601448,-6.002730518260666,-6.994578071486307,0
b2AR-decoy_126,C(=N/Nc1nc(c2ccc(c3ccccc3)cc2)cs1)\c1cccnc1,-9.445,-7.790438011178516,-7.003246088469881,-5.85933694954279,-5.5513157872731576,-4.797868893096185,-5.076070045242071,-4.538417845601448,-6.052730518260667,-6.979578071486307,0
b2AR-decoy_1260,CC(F)(F)c1nn2cc(c3cc4cccc(OC(F)(F)F)c4o3)nc2s1,-9.291,-7.209438011178515,-6.7862460884698805,-6.02533694954279,-5.476315787273158,-4.653868893096185,-4.714070045242071,-4.439417845601447,-6.439730518260667,-6.220578071486306,0
b2AR-decoy_1261,COc1cc2c(cc1C(=O)/C=C/c1cc(OC)c(OC)c(OC)c1)SCO2,-8.287,-6.064438011178515,-6.019246088469881,-4.64033694954279,-4.456315787273159,-4.082868893096185,-3.7070700452420713,-3.523417845601447,-4.624730518260666,-5.148578071486307,0
b2AR-decoy_1262,O=C(CSc1nnc(COc2cccc3cccnc23)o1)c1ccc(F)cc1,-9.793,-8.461438011178515,-7.373246088469882,-6.521336949542789,-5.608315787273158,-5.451868893096185,-4.859070045242071,-4.465417845601447,-6.636730518260666,-7.333578071486306,0
b2AR-decoy_1263,CCc1ccccc1N(CC)C(=O)CCc1nc(c2ccc(C)cc2)no1,-9.216,-6.981438011178515,-6.291246088469881,-6.16333694954279,-4.819315787273158,-4.975868893096184,-3.829070045242071,-4.133417845601446,-5.797730518260666,-6.116578071486307,0
b2AR-decoy_1264,CCCc1ccc2oc(C(=O)N(Cc3ccncc3)CC3CCCO3)c(C)c2c1,-9.515,-7.468438011178515,-6.81524608846988,-6.26633694954279,-5.547315787273158,-5.467868893096185,-4.429070045242071,-4.341417845601447,-6.182730518260666,-6.263578071486307,0
b2AR-decoy_1265,Cc1nnc(SCC(=O)N(Cc2ccccc2)C(C)C)n1c1ccccc1,-8.827,-6.622438011178515,-5.804246088469881,-5.66033694954279,-4.680315787273158,-4.600868893096184,-3.934070045242072,-4.229417845601446,-5.339730518260667,-5.907578071486306,0
b2AR-decoy_1266,CCCCC1=CC2=CC(=O)C(C)(OC(=O)CC)C(=O)C2=CN1Cc1ccccc1,-8.805,-7.4674380111785155,-7.118246088469881,-5.5623369495427895,-5.480315787273158,-5.323868893096185,-4.246070045242071,-4.154417845601447,-5.704730518260666,-5.847578071486307,0
b2AR-decoy_1267,Cc1onc(c2ccccc2Cl)c1C(=O)N1C=CC(C(F)(F)Cl)=NCC1,-7.524,-4.927438011178515,-5.086246088469881,-4.02433694954279,-3.751315787273159,-3.1878688930961845,-2.7760700452420712,-2.1074178456014465,-4.172730518260666,-3.2845780714863064,0
b2AR-decoy_1268,Cc1cc(C)c(OCC(=O)N(Cc2ccco2)Cc2ccco2)c(C)c1,-8.961,-6.915438011178516,-6.089246088469881,-5.62833694954279,-5.360315787273159,-4.585868893096185,-3.5720700452420715,-4.156417845601446,-4.840730518260666,-5.714578071486306,0
b2AR-decoy_1269,C[C@@H]1CC[C@H]2C(CSc3ccccc3)C(=O)O[C@@H]3O[C@]4(C)CC[C@@H]1[C@]32OO4,-8.663,-7.586438011178515,-6.410246088469881,-5.438336949542789,-5.382315787273159,-4.867868893096185,-4.359070045242071,-4.070417845601448,-6.048730518260667,-5.9735780714863065,0
b2AR-decoy_127,CC(C)(C)c1cc(/C=N/NC(=S)Nc2ccccc2)cc(C(C)(C)C)c1O,-9.307,-7.120438011178516,-6.87624608846988,-5.89433694954279,-5.288315787273158,-5.051868893096184,-4.811070045242071,-3.9344178456014474,-6.465730518260667,-5.778578071486306,0
b2AR-decoy_1270,O=[N+]([O-])CCCCCCN1c2ccc(F)cc2Sc2cccnc21,-8.346,-5.881438011178515,-5.916246088469881,-4.974336949542789,-4.5593157872731584,-4.112868893096184,-3.4230700452420706,-3.1134178456014467,-5.018730518260666,-4.952578071486306,0
b2AR-decoy_1271,CCc1nnc2n1N=C(c1ccc(c3cc(Cl)ccc3Cl)o1)CS2,-8.991,-7.375438011178515,-6.829246088469882,-6.01933694954279,-5.438315787273158,-4.779868893096184,-4.806070045242072,-4.404417845601447,-6.901730518260667,-6.100578071486307,0
b2AR-decoy_1272,CCc1ccccc1OCc1ccccc1C(=NOC)c1ccon1,-9.146,-6.576438011178516,-6.855246088469881,-5.19233694954279,-5.167315787273159,-4.669868893096185,-3.92707004524207,-3.818417845601447,-5.755730518260666,-5.719578071486307,0
b2AR-decoy_1273,C=CCn1c(Sc2ccc(C#N)c([N+](=O)[O-])c2)nnc1c1ccc(OC)cc1,-7.809,-6.897438011178515,-5.862246088469881,-5.608336949542791,-5.013315787273159,-4.329868893096185,-3.280070045242071,-3.692417845601448,-5.302730518260667,-4.822578071486307,0
b2AR-decoy_1274,Cc1c(CCC(=O)N2CCCCC2)c(=O)oc2cc3occ(C(C)(C)C)c3cc12,-10.075,-8.536438011178515,-7.463246088469882,-6.53533694954279,-6.345315787273158,-6.056868893096185,-5.160070045242071,-4.523417845601447,-6.747730518260667,-7.577578071486306,0
b2AR-decoy_1275,Brc1cccc(Sc2ccc3nnc(c4cncs4)n3n2)c1,-8.301,-7.1774380111785145,-6.003246088469881,-5.69933694954279,-5.039315787273159,-4.366868893096184,-4.14807004524207,-3.743417845601448,-5.363730518260667,-5.243578071486306,0
b2AR-decoy_1276,CO/C=C(/C(=O)OC)c1ccccc1Oc1cc(Oc2ccccc2C#N)ncn1,-9.225,-6.415438011178516,-6.431246088469882,-4.99233694954279,-4.950315787273159,-4.666868893096185,-4.005070045242071,-3.573417845601448,-5.1797305182606665,-5.051578071486306,0
b2AR-decoy_1277,CCCCC(C#N)(OP1(=O)OC(c2ccccc2)C(C)N1C)c1ccccc1,-9.566,-8.102438011178515,-6.522246088469881,-6.35233694954279,-5.881315787273158,-5.1588688930961855,-4.436070045242071,-4.280417845601447,-5.845730518260666,-6.937578071486307,0
b2AR-decoy_1278,CC1=CC(=O)[C@@H]2C(C)(C)C(=O)CC[C@@]2(C)[C@@H]1COc1ccc2ccc(=O)oc2c1,-11.608,-9.867438011178516,-8.482246088469882,-7.405336949542789,-8.236315787273158,-6.942868893096184,-6.037070045242071,-6.178417845601446,-7.706730518260667,-7.674578071486307,0
b2AR-decoy_1279,CC(C)c1nnc2ccc(c3ocnc3c3ccc(Cl)cc3)cn12,-8.911,-6.908438011178514,-6.634246088469881,-5.377336949542789,-5.313315787273158,-4.841868893096185,-4.681070045242072,-4.345417845601446,-5.702730518260667,-5.856578071486307,0
b2AR-decoy_128,O=C1/C(=C\c2cc(Cl)c(O)c(Cl)c2)SC(=S)N1Cc1ccccc1,-8.51,-6.554438011178515,-6.405246088469882,-5.92733694954279,-5.100315787273159,-4.785868893096184,-4.854070045242072,-4.425417845601446,-5.824730518260667,-5.847578071486307,0
b2AR-decoy_1280,COc1ccc(C2OOC(c3ccc(C(C)(C)C)cc3)OO2)cc1,-10.281,-8.206438011178514,-7.105246088469881,-6.4693369495427895,-6.533315787273159,-5.559868893096185,-4.582070045242071,-4.783417845601447,-6.697730518260666,-6.658578071486307,0
b2AR-decoy_1281,COc1ccc(C(=O)C(OC(=O)c2ccc(F)cc2)c2ccc(OC)cc2)cc1,-9.678,-7.610438011178514,-7.048246088469881,-6.281336949542789,-6.027315787273158,-5.110868893096185,-4.730070045242071,-4.048417845601447,-5.782730518260667,-6.764578071486307,0
b2AR-decoy_1282,C/C(=C\COc1ccc2ccc(=O)oc2c1)CC/C=C(\C)C1CC(=O)C(C)(C)O1,-10.003,-8.309438011178516,-7.55224608846988,-6.38133694954279,-5.834315787273159,-5.625868893096184,-4.814070045242071,-4.747417845601447,-6.592730518260666,-6.430578071486307,0
b2AR-decoy_1283,CN(C)C(=O)Oc1ccc(OC/C=C/COc2ccc(C(F)(F)F)cc2)cc1,-8.952,-7.057438011178515,-6.561246088469881,-5.839336949542791,-5.409315787273158,-4.646868893096185,-3.970070045242071,-4.320417845601448,-5.268730518260666,-5.612578071486306,0
b2AR-decoy_1284,COc1cc2c(cc1OC)-c1c(oc3c4c(ccc3c1=O)OC(C(C)C)C4)CO2,-9.882,-7.980438011178515,-6.5202460884698805,-6.12533694954279,-5.297315787273158,-4.094868893096185,-5.530070045242072,-4.487417845601447,-6.254730518260667,-6.842578071486306,0
b2AR-decoy_1285,CCCCOc1ccc(/C=C/c2cc(O)cc(O)c2)cc1,-7.966,-6.239438011178516,-5.235246088469881,-5.0013369495427895,-4.783315787273159,-3.865868893096184,-3.543070045242072,-3.3124178456014466,-4.840730518260666,-4.984578071486306,0
b2AR-decoy_1286,CCN(CC)c1cc2oc(=O)ccc2cc1c1cccs1,-7.78,-5.939438011178515,-5.337246088469882,-4.31033694954279,-4.060315787273159,-3.422868893096185,-2.6890700452420706,-2.6134178456014467,-4.577730518260666,-4.865578071486307,0
b2AR-decoy_1287,CN(C)c1cccc(/C=C2/C=C(Cc3ccccc3)C(=O)O2)c1,-9.197,-7.387438011178515,-6.439246088469881,-5.7353369495427895,-5.546315787273159,-4.7228688930961855,-4.33707004524207,-4.199417845601447,-6.093730518260667,-6.680578071486307,0
b2AR-decoy_1288,COc1cc(OC)cc(/C(C#N)=C/c2c(C)cc(C)cc2C)c1,-8.698,-6.543438011178516,-6.026246088469882,-5.639336949542789,-4.627315787273158,-4.229868893096185,-3.7730700452420702,-3.391417845601447,-5.193730518260667,-5.466578071486307,0
b2AR-decoy_1289,CCCC/C(=N\O)c1cc(c2ccc(OC)c(F)c2)ccc1O,-8.477,-6.678438011178516,-6.3902460884698815,-5.40033694954279,-4.861315787273158,-4.676868893096184,-3.3400700452420717,-3.340417845601447,-5.002730518260666,-4.891578071486307,0
b2AR-decoy_129,CCCC[C@@H]1C[C@H]2[C@@H]3CCC4=CC(=O)CC[C@]4(C)C3=CC[C@]2(C)[C@H]1C(=O)CO,-9.414,-8.480438011178515,-6.869246088469881,-6.44633694954279,-5.501315787273159,-5.801868893096184,-5.686070045242071,-5.016417845601447,-6.602730518260666,-5.946578071486307,0
b2AR-decoy_1290,COc1nn(C)c(C(F)(F)F)c1Cc1ccc(SC)cc1,-7.419,-6.324438011178515,-5.277246088469881,-4.70533694954279,-4.625315787273158,-3.5528688930961847,-3.48707004524207,-3.146417845601447,-4.619730518260666,-4.452578071486307,0
b2AR-decoy_1291,CCOc1ccc(/C=C\c2cc(OC)cc(OC)c2)cc1,-7.943,-5.727438011178515,-5.454246088469882,-4.80033694954279,-4.493315787273159,-3.414868893096185,-3.304070045242071,-2.561417845601447,-4.574730518260666,-4.660578071486307,0
b2AR-decoy_1292,Cc1cc(Cl)cc(C)c1OCCCCn1ccnc1,-7.363,-5.625438011178515,-4.879246088469881,-3.950336949542789,-3.5573157872731587,-3.0308688930961845,-2.515070045242071,-2.390417845601447,-3.933730518260666,-4.602578071486307,0
b2AR-decoy_1293,Oc1ccc(Cc2cocc2Cc2ccc(O)cc2)cc1,-8.351,-7.086438011178515,-6.060246088469881,-5.0413369495427895,-4.465315787273158,-3.5628688930961845,-3.7730700452420702,-3.507417845601447,-5.532730518260667,-5.919578071486306,0
b2AR-decoy_1294,O=C(/C(=C\c1ccccc1)c1ccc(O)cc1)c1ccc(O)cc1,-9.089,-7.238438011178514,-6.909246088469882,-5.787336949542789,-5.323315787273158,-4.795868893096184,-4.69907004524207,-3.952417845601447,-5.683730518260667,-5.927578071486307,0
b2AR-decoy_1295,COc1ccc(/C=C2/C=C(Cc3ccccc3)C(=O)O2)cc1,-9.04,-7.274438011178516,-6.577246088469881,-5.74333694954279,-5.451315787273158,-4.516868893096184,-4.40107004524207,-4.067417845601447,-5.9827305182606665,-6.738578071486307,0
b2AR-decoy_1296,CC(C)Oc1ccc(C2COC(c3c(F)cccc3F)=N2)cc1,-9.463,-7.682438011178515,-6.688246088469882,-6.40033694954279,-5.789315787273159,-5.061868893096184,-5.21507004524207,-3.968417845601447,-6.258730518260666,-6.657578071486306,0
b2AR-decoy_1297,Cc1ccc(SCc2nc(c3ccncc3)no2)cc1,-8.482,-6.792438011178515,-5.918246088469881,-5.370336949542789,-4.752315787273158,-4.116868893096184,-3.626070045242072,-3.4724178456014467,-4.965730518260666,-5.7235780714863065,0
b2AR-decoy_1298,O=S(=O)(Oc1ccccc1c1ccccc1)c1ccccc1,-10.044,-7.378438011178515,-7.168246088469882,-5.79233694954279,-5.110315787273159,-4.2278688930961845,-3.918070045242072,-4.193417845601447,-5.891730518260667,-6.829578071486306,0
b2AR-decoy_1299,Cc1ccc(c2nnc(SSCC(C)C)o2)cc1,-7.718,-6.150438011178515,-5.341246088469881,-4.599336949542789,-3.733315787273159,-2.9758688930961847,-2.749070045242071,-2.635417845601447,-4.0677305182606665,-4.789578071486306,0
b2AR-decoy_13,N#C/C(=C\c1ccc(c2ccccc2)cc1)C(=O)c1c[nH]c2ccccc12,-10.585,-9.352438011178515,-7.764246088469882,-7.184336949542789,-6.304315787273158,-5.999868893096185,-5.66107004524207,-5.149417845601446,-7.021730518260666,-7.938578071486306,0
b2AR-decoy_130,CC(Br)C(=O)Nc1ccc(C(=O)/C=C/c2ccc(Cl)cc2)cc1,-8.684,-7.119438011178515,-6.589246088469881,-5.364336949542789,-5.238315787273159,-4.751868893096185,-3.846070045242071,-3.2404178456014465,-5.215730518260666,-6.0985780714863065,0
b2AR-decoy_1300,Clc1ccc([C@H]2CC[C@@H](OCCCc3cccnc3)O2)cc1,-9.264,-7.209438011178515,-6.367246088469882,-5.85933694954279,-5.174315787273159,-4.575868893096185,-4.251070045242072,-3.654417845601447,-5.633730518260666,-6.000578071486306,0
b2AR-decoy_1301,CC(=O)Oc1cc(C)cc(Oc2cc(C)cc(OC(C)=O)c2)c1,-7.943,-6.735438011178514,-5.802246088469881,-5.0863369495427895,-4.625315787273158,-4.146868893096185,-3.682070045242071,-3.589417845601448,-5.076730518260667,-5.890578071486306,0
b2AR-decoy_1302,COc1cccnc1C(=O)/C=C/c1ccccc1C(F)(F)F,-9.278,-6.723438011178516,-6.091246088469882,-5.714336949542791,-5.022315787273158,-4.319868893096185,-3.934070045242072,-3.515417845601446,-5.822730518260666,-5.861578071486306,0
b2AR-decoy_1303,CSc1ncccc1C(=O)OCc1c(F)cccc1Cl,-8.2,-6.341438011178516,-5.854246088469881,-4.87833694954279,-4.377315787273158,-3.920868893096185,-3.4970700452420718,-2.9154178456014472,-4.562730518260667,-5.161578071486307,0
b2AR-decoy_1304,CCN(CC)C(=O)CC12CCCCC1=Nc1ccccc12,-8.654,-6.405438011178514,-6.284246088469882,-4.93233694954279,-4.642315787273159,-3.8958688930961847,-3.4660700452420707,-3.1794178456014466,-4.944730518260666,-5.061578071486306,0
b2AR-decoy_1305,C=CCOc1cc(C)c2c(c1C(C)C)C=C(C)C(=O)C2=O,-8.818,-6.565438011178514,-6.185246088469881,-5.61233694954279,-5.029315787273159,-4.261868893096185,-3.704070045242071,-3.577417845601447,-5.494730518260667,-5.185578071486306,0
b2AR-decoy_1306,COc1cc(/C=C/C(C)=C/C(C)=C/c2ccccc2)oc(=O)c1,-9.171,-7.276438011178515,-6.400246088469881,-5.52533694954279,-5.150315787273158,-4.3158688930961855,-4.268070045242071,-3.558417845601447,-5.390730518260666,-6.658578071486307,0
b2AR-decoy_1307,COc1ccc(/C=C/C(=O)/C=C/c2ccc(OC)cc2)cc1,-7.948,-5.656438011178516,-5.5312460884698815,-4.88033694954279,-4.815315787273159,-3.788868893096185,-3.3810700452420708,-2.4264178456014465,-4.073730518260667,-4.300578071486306,0
b2AR-decoy_1308,Oc1ccccc1/N=C/c1ccc(/C=N/c2ccccc2O)cc1,-9.321,-7.261438011178516,-6.684246088469882,-5.871336949542791,-5.802315787273159,-5.080868893096184,-5.05507004524207,-4.307417845601448,-6.105730518260666,-6.436578071486306,0
b2AR-decoy_1309,CSc1ccc(OCc2nc(Cl)c(Cl)n2C)cc1,-7.281,-5.181438011178515,-4.745246088469881,-4.06633694954279,-3.579315787273158,-2.767868893096185,-2.6520700452420707,-2.218417845601447,-3.8997305182606654,-4.210578071486307,0
b2AR-decoy_131,O=C1CCCN1C(c1ccc(Br)cc1)c1c(O)ccc2ccccc12,-9.849,-7.376438011178514,-6.864246088469882,-6.0493369495427896,-6.163315787273158,-5.323868893096185,-5.12207004524207,-4.433417845601447,-5.506730518260666,-5.867578071486307,0
b2AR-decoy_1310,CCCCCc1ccc2c3c1C(=O)C(=O)C(C)=C3OC=C2C,-8.579,-6.815438011178514,-6.439246088469881,-5.03933694954279,-5.209315787273159,-4.887868893096185,-4.159070045242071,-3.757417845601447,-5.3947305182606655,-5.366578071486307,0
b2AR-decoy_1311,C(=C/c1cccs1)\c1noc(/C=C/c2cccs2)n1,-7.651,-5.598438011178515,-5.190246088469881,-4.22533694954279,-3.888315787273158,-3.146868893096185,-2.837070045242071,-2.475417845601447,-4.177730518260667,-4.965578071486307,0
b2AR-decoy_1312,O=C(/C=C/c1ccc(c2ccccc2)cc1)c1ccc(O)cc1O,-10.052,-8.124438011178515,-6.955246088469881,-6.479336949542789,-5.532315787273159,-5.371868893096185,-4.990070045242071,-4.334417845601447,-6.379730518260667,-7.939578071486306,0
b2AR-decoy_1313,CC/C=C\C[C@H]1C(=O)C=C[C@H]1CC(=O)OC1CCCCC1,-8.518,-6.561438011178515,-5.8052460884698815,-4.67333694954279,-4.742315787273158,-3.9198688930961847,-3.640070045242071,-2.9024178456014464,-4.666730518260667,-5.511578071486307,0
b2AR-decoy_1314,Cc1cccc(CSc2ccc(c3ccco3)nn2)c1,-9.143,-7.368438011178515,-5.937246088469881,-5.825336949542789,-5.167315787273159,-4.274868893096185,-3.942070045242071,-3.5244178456014463,-5.279730518260666,-6.337578071486307,0
b2AR-decoy_1315,CCOC(=O)c1sc(SCC)c2c1CC(C)(C)CC2=O,-7.091,-5.643438011178515,-4.703246088469881,-3.94633694954279,-3.400315787273158,-2.883868893096185,-2.419070045242071,-2.2854178456014465,-4.154730518260666,-3.9835780714863054,0
b2AR-decoy_1316,CCc1cc(Oc2ccc([N+](=O)[O-])cc2C#N)ccc1Cl,-8.393,-6.115438011178515,-6.011246088469881,-4.69033694954279,-4.520315787273159,-3.939868893096184,-3.7550700452420713,-3.217417845601447,-4.701730518260667,-5.484578071486306,0
b2AR-decoy_1317,COc1cc(OC)cc(/C(C#N)=C/c2ccccc2F)c1,-7.918,-6.231438011178515,-5.593246088469881,-4.51333694954279,-4.279315787273158,-3.4278688930961847,-3.5400700452420715,-3.1344178456014467,-4.513730518260666,-5.147578071486306,0
b2AR-decoy_1318,COc1ccc(/C=N/c2nc(c3ccccc3)cs2)cc1,-8.756,-6.812438011178514,-5.997246088469881,-5.13833694954279,-4.879315787273159,-4.112868893096184,-3.971070045242071,-3.518417845601446,-5.148730518260666,-6.080578071486306,0
b2AR-decoy_1319,CC(=O)COc1cccc(c2cc3cc(C)ccc3oc2=O)c1,-9.433,-7.288438011178515,-7.647246088469881,-6.09933694954279,-5.487315787273159,-5.231868893096184,-4.517070045242072,-4.704417845601446,-6.101730518260666,-6.165578071486307,0
b2AR-decoy_132,CCCCOC(=O)Nc1sc2nc(C)cc(C)c2c1n1cccc1,-8.266,-6.447438011178516,-5.9592460884698815,-4.92833694954279,-4.731315787273158,-4.025868893096185,-3.565070045242072,-3.122417845601447,-4.845730518260666,-5.221578071486306,0
b2AR-decoy_1320,CC[C@H]1O[C@@H]2c3ccccc3CO[C@@H]2[C@H]1OCc1cccs1,-9.578,-7.855438011178515,-6.866246088469881,-5.973336949542789,-5.730315787273158,-4.975868893096184,-4.581070045242072,-4.182417845601448,-5.654730518260667,-7.008578071486307,0
b2AR-decoy_1321,CCc1ccc(C(=O)NNc2cc(Cl)ccc2Cl)cc1,-8.667,-6.698438011178515,-6.109246088469881,-5.25333694954279,-4.946315787273159,-4.047868893096185,-3.906070045242071,-3.656417845601446,-5.392730518260667,-5.705578071486306,0
b2AR-decoy_1322,Cc1ccc(C2=CC=C(C=O)C(c3ccc([N+](=O)[O-])cc3)C2)o1,-9.416,-7.583438011178515,-7.093246088469881,-6.34333694954279,-5.865315787273158,-5.329868893096185,-4.655070045242072,-4.465417845601447,-6.2537305182606655,-6.065578071486307,0
b2AR-decoy_1323,CC(C)=CCC[C@@H](C)c1c2ncc[nH]c-2c(C)c(=O)c1O,-8.431,-6.543438011178516,-5.867246088469881,-4.96533694954279,-4.742315787273158,-4.028868893096185,-3.517070045242071,-3.608417845601446,-5.090730518260666,-5.676578071486306,0
b2AR-decoy_1324,COc1cc(/C=C/c2ccc([N+](=O)[O-])cc2)cc(OC)c1,-8.268,-6.088438011178515,-5.5842460884698815,-4.676336949542789,-4.668315787273158,-3.915868893096185,-3.695070045242071,-3.095417845601447,-4.542730518260666,-4.797578071486306,0
b2AR-decoy_1325,Cc1ccccc1CSc1nnc(c2ccccc2)o1,-9.112,-7.214438011178515,-6.494246088469881,-5.742336949542789,-5.092315787273158,-4.793868893096185,-4.049070045242072,-3.754417845601447,-5.5757305182606665,-6.575578071486307,0
b2AR-decoy_1326,Cc1cccc(CSc2nnc(c3ccc(Cl)cc3)o2)n1,-9.159,-7.740438011178515,-6.648246088469881,-6.40433694954279,-5.075315787273159,-4.688868893096185,-4.270070045242072,-3.709417845601447,-5.544730518260666,-6.424578071486307,0
b2AR-decoy_1327,CCN(c1ccccc1)C1SC(=O)N(c2ccccc2)C1=O,-8.693,-6.6614380111785145,-5.786246088469881,-5.5623369495427895,-5.270315787273159,-4.893868893096185,-4.082070045242071,-3.550417845601446,-5.249730518260666,-5.673578071486306,0
b2AR-decoy_1328,Fc1cccc(Cl)c1COCc1nnc(c2ccco2)o1,-8.928,-6.666438011178515,-5.9142460884698815,-5.370336949542789,-4.614315787273158,-3.979868893096184,-3.681070045242072,-3.427417845601447,-5.086730518260667,-5.918578071486307,0
b2AR-decoy_1329,C=C[C@@H](OC/C=C/c1ccc(O)cc1)c1ccc(O)cc1,-8.407,-6.295438011178515,-5.629246088469881,-4.84233694954279,-4.513315787273158,-3.785868893096184,-3.4730700452420717,-3.438417845601447,-5.001730518260667,-5.777578071486307,0
b2AR-decoy_133,CC(=O)N[C@@H](C)/C=C/c1ccc(Oc2ccc3nc(C)sc3c2Cl)nc1,-9.158,-7.386438011178516,-6.584246088469881,-5.800336949542789,-5.580315787273159,-4.943868893096184,-4.323070045242071,-4.383417845601446,-5.635730518260667,-6.433578071486307,0
b2AR-decoy_1330,O=C1OC(/C=C/c2ccccc2)=N/C1=C/C=C/c1ccccc1,-9.19,-7.534438011178516,-6.697246088469882,-5.82733694954279,-5.772315787273158,-4.594868893096185,-4.468070045242071,-4.186417845601447,-6.3417305182606665,-6.655578071486307,0
b2AR-decoy_1331,CCC(/C=C/C(=O)N1CCCCC1)=C\c1ccc2c(c1)OCO2,-9.402,-6.999438011178516,-6.821246088469881,-5.764336949542789,-5.650315787273158,-4.740868893096184,-4.134070045242071,-3.847417845601447,-5.638730518260667,-6.176578071486306,0
b2AR-decoy_1332,Oc1ccc(CC[C@H]2CC=C[C@@H](c3ccc(O)cc3)O2)cc1,-10.022,-7.958438011178515,-7.066246088469882,-6.03833694954279,-5.903315787273158,-5.035868893096184,-4.886070045242072,-4.458417845601447,-6.342730518260666,-7.179578071486306,0
b2AR-decoy_1333,Cc1ccc(C(=O)Oc2ccccc2)cc1/N=N/N(C)C,-8.564,-6.760438011178515,-5.974246088469881,-5.175336949542789,-4.846315787273159,-4.202868893096184,-3.828070045242072,-3.5914178456014465,-4.720730518260666,-5.780578071486307,0
b2AR-decoy_1334,O=S(=O)(Cc1ccccc1)Oc1ccc2ccccc2c1,-9.314,-7.494438011178515,-6.926246088469881,-5.75433694954279,-5.669315787273158,-4.873868893096185,-4.954070045242071,-4.310417845601448,-5.632730518260667,-7.057578071486306,0
b2AR-decoy_1335,CO/N=C/c1ccc(Sc2ccccc2)c([N+](=O)[O-])c1,-7.078,-5.363438011178515,-5.402246088469881,-4.18533694954279,-3.9103157872731584,-3.4478688930961843,-2.61207004524207,-2.361417845601447,-4.3417305182606665,-4.544578071486306,0
b2AR-decoy_1336,CCCCCc1cccc2c1S(=O)(=O)c1ccccc1O2,-8.503,-6.573438011178515,-6.248246088469882,-5.31433694954279,-4.604315787273158,-4.4298688930961845,-4.192070045242071,-3.5804178456014477,-5.065730518260667,-5.7395780714863065,0
b2AR-decoy_1337,CCCN(c1cc(Cl)ncn1)n1ccc2ccccc21,-8.15,-5.794438011178515,-6.290246088469882,-4.4373369495427895,-4.577315787273158,-3.957868893096185,-3.2240700452420707,-3.215417845601447,-5.070730518260667,-5.881578071486306,0
b2AR-decoy_1338,COc1cc(/C=C/C(=O)c2cccc(F)c2)cc(OC)c1,-8.567,-6.763438011178515,-5.554246088469881,-5.08833694954279,-4.438315787273158,-3.751868893096185,-3.4580700452420707,-3.4714178456014477,-4.985730518260667,-5.798578071486306,0
b2AR-decoy_1339,CCn1c(/N=C/c2ccc(Br)cc2)c(C#N)sc1=S,-6.939,-5.585438011178515,-4.669246088469881,-4.18533694954279,-3.6073157872731594,-2.957868893096185,-2.6060700452420718,-2.300417845601447,-3.8687305182606666,-4.310578071486306,0
b2AR-decoy_134,CC(=O)N[C@@H](C)/C=C/c1ccc(Oc2cc3sc(C)nc3cc2Cl)nc1,-9.316,-7.6564380111785155,-6.636246088469882,-6.11833694954279,-5.580315787273159,-4.986868893096185,-4.262070045242071,-4.186417845601447,-5.663730518260666,-6.424578071486307,0
b2AR-decoy_1340,CC(=O)OCC(C)/C1=C/C=C(\C)CC/C=C(\C)CC[C@H]2O[C@]2(C)CC1,-6.493,-4.520438011178515,-3.990246088469881,-3.243336949542789,-2.555315787273158,-2.4828688930961844,-2.22907004524207,-1.712417845601447,-3.1477305182606665,-2.7875780714863065,0
b2AR-decoy_1341,CC(C)c1nnc2ccc(Sc3ccc(Cl)cc3Cl)cn12,-8.557,-6.5524380111785145,-6.024246088469881,-5.39133694954279,-4.690315787273159,-4.123868893096185,-3.3410700452420707,-3.132417845601447,-5.125730518260666,-5.741578071486307,0
b2AR-decoy_1342,Cc1ccccc1/N=C/C=C1/C=C(c2ccccc2)OC(C)(C)O1,-10.065,-8.006438011178515,-7.284246088469882,-6.389336949542789,-5.930315787273159,-5.637868893096185,-4.833070045242071,-4.842417845601446,-6.703730518260667,-7.122578071486307,0
b2AR-decoy_1343,CCn1c(SCc2c(F)cccc2Cl)nnc1c1ccco1,-8.643,-6.901438011178515,-5.647246088469881,-5.09633694954279,-4.476315787273158,-3.9888688930961846,-3.4340700452420707,-3.008417845601447,-4.9137305182606665,-6.086578071486306,0
b2AR-decoy_1344,Fc1ccc(c2nnc(/C=C/c3ccc(Br)s3)o2)cc1,-9.062,-7.341438011178516,-6.132246088469881,-5.476336949542789,-4.9343157872731584,-4.3478688930961855,-3.9650700452420704,-3.451417845601447,-5.225730518260667,-6.062578071486307,0
b2AR-decoy_1345,Cc1nc(C(F)(F)F)c(/C=C/C=C/C(=O)/C=C/c2ccccn2)s1,-8.704,-6.478438011178515,-6.060246088469881,-5.16733694954279,-4.845315787273158,-4.103868893096184,-3.653070045242071,-3.428417845601447,-5.348730518260666,-5.166578071486306,0
b2AR-decoy_1346,Cc1cc(C)c(C#N)c(SCC(=O)c2ccc(Cl)cc2Cl)n1,-8.065,-6.294438011178515,-5.936246088469881,-4.98433694954279,-4.924315787273159,-4.2678688930961854,-3.736070045242071,-3.2294178456014464,-5.3177305182606665,-5.574578071486307,0
b2AR-decoy_1347,Cc1onc(c2ccccc2Cl)c1C(=O)Oc1ccccc1F,-9.577,-7.427438011178514,-7.246246088469881,-5.877336949542789,-4.903315787273158,-4.573868893096185,-4.524070045242072,-4.611417845601446,-6.111730518260666,-6.868578071486306,0
b2AR-decoy_1348,COC(=O)c1ccc(/C=C(\C)c2ccc3c(c2)C(C)(C)CO3)cc1,-9.252,-7.031438011178516,-6.663246088469881,-5.88833694954279,-5.739315787273158,-5.012868893096185,-4.64807004524207,-4.350417845601447,-5.923730518260667,-6.459578071486307,0
b2AR-decoy_1349,O=C(Oc1ccc(c2cc(=S)ss2)cc1)c1cccnc1,-8.022,-6.104438011178515,-5.024246088469881,-4.82433694954279,-4.550315787273158,-3.247868893096185,-3.5660700452420717,-2.6984178456014467,-5.313730518260666,-4.801578071486307,0
b2AR-decoy_135,CC1(C)CCC[C@@]2(CO)[C@H]1CC[C@@]1(C)[C@@H]3CC=C(C=O)[C@H](C=O)[C@@]3(C)CC[C@@H]12,-10.227,-8.393438011178516,-6.196246088469881,-6.608336949542791,-5.360315787273159,-6.052868893096186,-3.681070045242072,-4.874417845601446,-6.460730518260666,-6.335578071486307,0
b2AR-decoy_1350,C=C1C(CC(C)C)=C(C#N)C(=O)N1c1cc(Cl)ccc1Cl,-7.458,-5.901438011178515,-5.535246088469881,-4.511336949542789,-4.536315787273159,-3.769868893096184,-2.903070045242071,-3.143417845601447,-5.454730518260666,-5.118578071486306,0
b2AR-decoy_1351,COc1nc2ccccc2cc1/C=C/c1noc(c2cccc(C)c2)n1,-10.953,-8.874438011178515,-8.095246088469882,-7.32033694954279,-6.483315787273158,-5.859868893096184,-5.784070045242071,-5.191417845601446,-7.314730518260667,-8.157578071486306,0
b2AR-decoy_1352,C=Cc1cc(NCc2nc3c(Cl)ccc(Cl)c3o2)c(O)nc1C,-9.731,-7.167438011178515,-6.641246088469881,-6.3283369495427895,-5.518315787273158,-4.639868893096185,-4.629070045242072,-3.880417845601446,-5.761730518260666,-6.233578071486306,0
b2AR-decoy_1353,N#C/C(=C/c1ccc(N2CCCCCC2)o1)c1ccc(Cl)cc1,-6.909,-4.753438011178515,-4.542246088469882,-3.7273369495427895,-3.2663157872731583,-2.6778688930961847,-2.289070045242071,-1.9584178456014465,-3.5727305182606663,-3.756578071486307,0
b2AR-decoy_1354,Cc1ccc(OC(Cn2ccnc2)c2ccc(Cl)cc2)cc1,-8.362,-6.651438011178515,-6.054246088469881,-5.357336949542789,-4.818315787273159,-4.165868893096185,-4.029070045242071,-3.457417845601447,-4.999730518260666,-5.419578071486306,0
b2AR-decoy_1355,Cc1nnc(Sc2ncnc3scc(c4ccccc4)c23)s1,-8.601,-6.482438011178516,-6.3262460884698815,-5.512336949542791,-4.768315787273158,-4.0978688930961855,-3.3240700452420717,-3.343417845601447,-4.823730518260667,-5.063578071486306,0
b2AR-decoy_1356,Cn1s/c(=N/c2ccc(c3ccccc3)cc2)nc1c1ccccc1,-9.84,-8.665438011178516,-7.5922460884698815,-6.69533694954279,-5.701315787273158,-5.154868893096184,-5.607070045242072,-5.128417845601447,-6.729730518260666,-7.541578071486306,0
b2AR-decoy_1357,COc1cc(C(C)c2ccc3c(c2)c(C)cn3C)cc(OC)c1OC,-8.916,-6.303438011178516,-6.246246088469881,-5.34733694954279,-4.638315787273158,-4.306868893096185,-4.054070045242071,-3.3844178456014467,-5.441730518260666,-5.627578071486306,0
b2AR-decoy_1358,CCCc1cc(=O)oc2cc(OCC3CC3)c3c(c12)OC(C)(C)C=C3,-8.468,-6.451438011178516,-6.378246088469881,-5.06833694954279,-4.852315787273158,-4.327868893096184,-3.95907004524207,-3.573417845601448,-5.6607305182606655,-5.734578071486306,0
b2AR-decoy_1359,CCCCc1cc(OC)c2c(C)cc(C)c(C)c2c1OC(C)=O,-8.155,-5.874438011178516,-5.759246088469881,-4.397336949542789,-4.521315787273158,-4.010868893096185,-3.828070045242072,-2.9804178456014467,-4.493730518260667,-4.967578071486306,0
b2AR-decoy_136,O=C1NC(=S)S/C1=C/c1cccc(Oc2ccc(C(F)(F)F)cc2)c1,-10.216,-8.432438011178515,-7.534246088469882,-7.31133694954279,-6.218315787273159,-5.745868893096185,-5.28907004524207,-5.059417845601447,-6.902730518260666,-6.636578071486307,0
b2AR-decoy_1360,C=C(c1cc(SC)nc(SC)c1)c1ccc2c(c1)c(C#N)cn2C,-8.46,-5.968438011178515,-6.330246088469881,-4.692336949542789,-4.127315787273158,-4.409868893096185,-3.4070700452420706,-3.5884178456014464,-5.104730518260666,-5.397578071486306,0
b2AR-decoy_1361,Cc1nc2c(OCc3c(Cl)cccc3Cl)cccn2c1Cl,-8.413,-6.459438011178515,-6.197246088469882,-5.448336949542791,-5.198315787273158,-4.719868893096185,-4.102070045242071,-3.4874178456014477,-5.718730518260667,-4.874578071486306,0
b2AR-decoy_1362,COc1ccc(/C(=C/c2cc(OC)cc(OC)c2)C(F)(F)F)cc1,-8.698,-6.267438011178514,-6.298246088469881,-5.25433694954279,-4.944315787273158,-4.191868893096185,-3.7710700452420713,-3.3544178456014464,-5.063730518260666,-5.0985780714863065,0
b2AR-decoy_1363,CCc1nncn1c1ccc(OCc2c(Cl)cccc2Cl)cc1,-8.661,-6.373438011178514,-6.211246088469881,-4.89033694954279,-5.070315787273158,-4.829868893096185,-4.35607004524207,-4.114417845601446,-5.917730518260667,-5.361578071486306,0
b2AR-decoy_1364,Cc1ccc(/C(=C(/C#N)c2ccc(O)cc2)c2ccc(O)cc2)cc1,-8.577,-6.577438011178515,-6.492246088469882,-5.29833694954279,-5.209315787273159,-4.640868893096185,-3.934070045242072,-3.740417845601448,-5.293730518260666,-5.536578071486307,0
b2AR-decoy_1365,CCC(=O)Oc1oc(c2ccccc2)nc1/C=N/c1ccc(C)cc1,-9.323,-7.206438011178514,-7.241246088469881,-5.935336949542791,-5.288315787273158,-4.857868893096185,-4.663070045242071,-4.259417845601448,-5.367730518260666,-6.409578071486306,0
b2AR-decoy_1366,C=C(c1ccccc1OCc1ccsc1Cl)n1ccnc1,-8.417,-6.235438011178514,-5.961246088469881,-5.18033694954279,-4.628315787273158,-3.898868893096185,-3.2160700452420707,-2.9394178456014477,-5.042730518260666,-4.673578071486307,0
b2AR-decoy_1367,CC(C)(C)c1ccc(c2nnc(SCc3ccccc3)o2)cc1,-9.165,-7.759438011178515,-6.477246088469881,-5.69233694954279,-5.818315787273159,-5.375868893096184,-4.125070045242071,-4.440417845601447,-5.975730518260667,-6.354578071486307,0
b2AR-decoy_1368,CC[C@H]1O[C@@H]2c3ccccc3CO[C@@H]2[C@H]1OCc1ccccc1Cl,-10.559,-8.297438011178516,-7.683246088469881,-6.7033369495427895,-6.220315787273158,-5.829868893096185,-5.517070045242072,-4.784417845601446,-6.328730518260667,-7.691578071486306,0
b2AR-decoy_1369,CCCc1nccn1Cc1coc(c2cccc3ccccc32)n1,-9.749,-7.282438011178515,-6.085246088469882,-5.639336949542789,-5.072315787273158,-5.156868893096185,-3.9940700452420703,-3.802417845601447,-6.215730518260667,-5.9125780714863065,0
b2AR-decoy_137,O=C(Nc1ccco1)c1nc2nc(c3cccs3)cc(C(F)(F)F)c2s1,-9.365,-7.272438011178515,-6.868246088469881,-6.32033694954279,-5.873315787273159,-4.948868893096185,-5.24107004524207,-4.155417845601447,-6.066730518260666,-6.486578071486306,0
b2AR-decoy_1370,CSc1ccc(C2=CC(=O)C[C@H](c3ccc4c(c3)OCO4)C2)cc1,-9.981,-7.974438011178515,-7.766246088469881,-6.499336949542791,-6.573315787273158,-5.818868893096184,-4.689070045242071,-4.725417845601447,-6.565730518260667,-6.384578071486306,0
b2AR-decoy_1371,CCOC(=O)c1sc(SC(C)CC)c2c1CC(C)(C)CC2=O,-7.7,-5.634438011178515,-5.231246088469881,-4.35333694954279,-3.9523157872731582,-3.2518688930961845,-3.065070045242071,-2.6654178456014472,-4.5837305182606665,-4.401578071486306,0
b2AR-decoy_1372,CCC(C)c1cc(C=O)cc2cc(C(=O)c3ccc(C)cc3)oc12,-9.018,-7.287438011178516,-6.916246088469881,-6.00633694954279,-5.474315787273158,-5.0708688930961845,-4.759070045242071,-4.488417845601447,-5.658730518260667,-6.525578071486306,0
b2AR-decoy_1373,CNc1c(/C=N/O)ccc(c2ccc(C)cc2)c1c1ccc(C)cc1,-8.539,-6.833438011178515,-6.181246088469882,-5.197336949542789,-4.795315787273159,-3.986868893096185,-3.562070045242072,-3.539417845601447,-5.642730518260667,-4.704578071486306,0
b2AR-decoy_1374,CCC(C)c1cc(C=O)cc2cc(c3cccc(OC)c3)c(=O)oc12,-8.293,-6.838438011178516,-6.729246088469882,-5.803336949542789,-4.400315787273159,-4.476868893096185,-4.502070045242071,-4.0274178456014464,-5.632730518260667,-5.161578071486307,0
b2AR-decoy_1375,CCC(=O)c1cc2c(Oc3ccc(Cl)cc3)cncc2s1,-8.124,-6.503438011178515,-6.510246088469881,-4.72033694954279,-4.837315787273159,-4.061868893096184,-3.6350700452420703,-3.353417845601447,-5.244730518260666,-5.215578071486307,0
b2AR-decoy_1376,Cc1cc(C)c(C(CC(=O)c2cccs2)C(C#N)C#N)c(C)c1,-7.876,-5.665438011178515,-5.2572460884698815,-4.65633694954279,-4.212315787273158,-3.4668688930961844,-2.874070045242071,-3.002417845601447,-4.854730518260666,-4.808578071486306,0
b2AR-decoy_1377,Cc1ccc(OC(=O)c2cc(c3ccc(C)c(C)c3)on2)c(C)c1,-10.146,-8.095438011178516,-7.53324608846988,-6.94533694954279,-6.139315787273159,-5.615868893096184,-5.395070045242072,-5.007417845601447,-6.941730518260666,-7.031578071486306,0
b2AR-decoy_1378,C/C(=N\OC(=O)c1ccc(OC(C)C)cc1)c1ccc(C)c(C)c1,-9.3,-7.206438011178514,-6.285246088469881,-5.71533694954279,-5.428315787273158,-4.463868893096185,-4.49107004524207,-3.935417845601448,-5.771730518260666,-5.967578071486306,0
b2AR-decoy_1379,c1ccc(OC(Cn2ccnc2)c2ccc3ccccc3c2)cc1,-9.33,-7.962438011178515,-7.246246088469881,-6.233336949542791,-6.027315787273158,-5.242868893096185,-5.154070045242071,-4.790417845601446,-6.116730518260667,-6.782578071486306,0
b2AR-decoy_138,CCCCCCC1C(=O)c2c(cc3cc(O)cc(O)c3c2O)C[C@H]1C,-9.096,-7.546438011178514,-7.181246088469882,-5.931336949542789,-5.691315787273158,-5.089868893096185,-4.546070045242072,-4.418417845601447,-6.115730518260666,-6.515578071486306,0
b2AR-decoy_1380,CCC1CCC(c2nnc(c3ccc(Br)cc3)o2)CC1,-8.99,-7.157438011178515,-6.476246088469882,-5.6423369495427895,-5.404315787273159,-4.462868893096184,-4.109070045242071,-3.645417845601447,-5.2487305182606665,-6.224578071486306,0
b2AR-decoy_1381,C=C(c1cc(Cl)cc(Cl)c1OCc1ccsc1)n1ccnc1,-7.517,-5.601438011178515,-5.276246088469882,-4.39033694954279,-3.980315787273159,-3.2918688930961846,-2.911070045242071,-2.433417845601447,-4.643730518260666,-4.458578071486307,0
b2AR-decoy_1382,S=C(N/N=C/c1ccccc1c1cccs1)Nc1ccccc1,-8.889,-7.341438011178516,-6.958246088469881,-5.739336949542789,-5.599315787273158,-4.851868893096185,-4.075070045242072,-3.752417845601446,-5.608730518260666,-6.599578071486306,0
b2AR-decoy_1383,C=CCN1C(=O)/C(=N/c2ccc(Cl)c(Cl)c2)c2ccccc21,-9.159,-6.963438011178516,-6.990246088469881,-5.742336949542789,-4.964315787273158,-4.731868893096184,-4.359070045242071,-3.781417845601446,-5.392730518260667,-6.100578071486307,0
b2AR-decoy_1384,C=CCC(C)(C)c1nnc2ccc(Sc3ccc(F)cc3F)cn12,-8.421,-6.872438011178515,-6.275246088469881,-5.26033694954279,-4.984315787273159,-4.694868893096185,-3.650070045242071,-3.844417845601447,-5.592730518260666,-6.008578071486307,0
b2AR-decoy_1385,Cc1c(SCc2ccc(C(C)(C)C)cc2)cnn(C(C)(C)C)c1=O,-9.095,-6.727438011178515,-6.48524608846988,-5.332336949542789,-5.633315787273158,-4.390868893096185,-3.987070045242071,-4.080417845601447,-5.931730518260666,-6.298578071486306,0
b2AR-decoy_1386,N#C/C(=C\c1ccc(Cl)cc1)c1nc(c2ccco2)cs1,-8.382,-6.938438011178516,-6.170246088469881,-5.153336949542791,-4.874315787273158,-4.181868893096185,-3.951070045242071,-3.343417845601447,-4.839730518260667,-5.177578071486307,0
b2AR-decoy_1387,COc1ccc(c2ccc(c3ccc4c(c3)COC4=O)s2)cc1,-8.964,-6.9564380111785145,-6.051246088469881,-5.05033694954279,-4.997315787273159,-4.528868893096185,-4.716070045242072,-3.7934178456014473,-5.845730518260666,-5.0215780714863065,0
b2AR-decoy_1388,Cc1ccc(CN2C(=O)S/C(=C\c3ccccc3Cl)C2=O)cc1,-9.922,-7.641438011178515,-7.069246088469882,-6.274336949542789,-5.656315787273158,-5.324868893096184,-4.982070045242072,-4.373417845601447,-6.234730518260667,-6.705578071486306,0
b2AR-decoy_1389,COC1=CC(=O)C=C(C[C@@]2(C)CC[C@]3(C)C(C)=CCC[C@H]3[C@H]2C)C1=O,-9.287,-8.497438011178515,-7.231246088469881,-6.373336949542789,-6.136315787273158,-5.704868893096185,-5.70907004524207,-5.572417845601446,-6.983730518260666,-6.861578071486306,0
b2AR-decoy_139,COc1ccc(/C=N/Nc2nc(c3ccc(Cl)cc3)cs2)cc1,-8.99,-7.136438011178516,-6.223246088469882,-5.67333694954279,-4.935315787273158,-4.2068688930961855,-3.855070045242071,-3.6974178456014464,-5.434730518260666,-5.643578071486306,0
b2AR-decoy_1390,FC(F)(F)Oc1ccc(CSc2nnc(c3ccccc3)o2)cc1,-9.352,-7.505438011178516,-6.553246088469882,-6.15733694954279,-5.670315787273159,-5.308868893096184,-4.730070045242071,-4.107417845601447,-6.130730518260666,-6.334578071486307,0
b2AR-decoy_1391,O=C1c2c(O)cccc2C(=CCCc2ccccc2)c2cccc(O)c21,-10.099,-7.860438011178514,-7.5472460884698815,-6.232336949542789,-6.095315787273158,-5.840868893096184,-5.114070045242071,-5.010417845601447,-5.952730518260667,-7.027578071486307,0
b2AR-decoy_1392,C=CC1=C(C)[C@@H]2CC(=O)[C@H]3[C@](C)(COC(C)=O)CCC[C@]3(C)[C@H]2CC1,-10.587,-8.487438011178515,-7.699246088469881,-7.710336949542789,-6.359315787273159,-6.230868893096185,-5.551070045242071,-5.132417845601447,-6.396730518260666,-7.717578071486306,0
b2AR-decoy_1393,S=P1(c2ccccc2)NCCN1,-6.633,-5.028438011178515,-4.085246088469881,-3.3153369495427896,-2.970315787273158,-2.0728688930961843,-1.951070045242071,-1.824417845601447,-3.385730518260666,-4.334578071486306,0
b2AR-decoy_1394,O=C(NO)c1csc(c2cnccn2)n1,-6.51,-4.207438011178515,-3.985246088469881,-3.3173369495427893,-2.9843157872731583,-2.125868893096185,-1.8300700452420704,-1.6734178456014472,-3.380730518260666,-3.1565780714863063,0
b2AR-decoy_1395,N#Cc1c[nH]c(c2ncc[nH]2)n1,-5.437,-3.3854380111785147,-3.072246088469881,-2.3503369495427897,-1.9793157872731584,-1.2048688930961848,-0.823070045242071,-0.5684178456014468,-2.6697305182606668,-2.2425780714863066,0
b2AR-decoy_1396,O=C1NC(=O)C(=Cc2cccs2)C(=O)N1,-7.252,-5.433438011178515,-4.444246088469881,-3.63533694954279,-3.613315787273159,-3.231868893096185,-2.100070045242071,-1.9354178456014468,-4.034730518260666,-3.8705780714863063,0
b2AR-decoy_1397,Cc1c[nH]c(c2nc(C#N)c[nH]2)n1,-5.959,-3.862438011178515,-3.722246088469882,-2.94633694954279,-2.5563157872731583,-1.7148688930961846,-1.2000700452420707,-1.0674178456014465,-3.0447305182606668,-2.7905780714863067,0
b2AR-decoy_1398,N#Cc1nc(c2cnccn2)oc1N,-5.879,-3.873438011178515,-3.4702460884698816,-2.8863369495427893,-2.409315787273158,-1.6588688930961846,-1.3510700452420714,-0.9344178456014464,-2.975730518260667,-2.6525780714863068,0
b2AR-decoy_1399,O=C1CS/C(=C/c2cnc[nH]2)N1,-5.651,-3.6344380111785153,-3.414246088469881,-2.59533694954279,-2.263315787273158,-1.521868893096185,-1.2480700452420708,-1.026417845601447,-2.8277305182606662,-2.6605780714863068,0
b2AR-decoy_14,COc1ccc(/N=C\c2oc3ccc4ccccc4c3c2O)cc1,-10.025,-8.126438011178514,-7.611246088469882,-6.47733694954279,-5.755315787273158,-5.860868893096185,-5.09007004524207,-4.780417845601447,-6.2967305182606665,-7.452578071486306,0
b2AR-decoy_140,Cc1ccc(N=Nc2c(C)[nH]n(c3ccccc3)c2=O)cc1Br,-10.109,-7.872438011178515,-7.207246088469882,-6.39133694954279,-5.708315787273158,-5.1638688930961845,-4.755070045242071,-4.169417845601448,-6.316730518260666,-6.980578071486306,0
b2AR-decoy_1400,S=c1[nH]nc(c2n[nH]c(=S)o2)o1,-5.661,-3.396438011178515,-3.201246088469881,-2.47933694954279,-2.0283157872731588,-1.178868893096185,-0.8740700452420711,-0.8804178456014471,-2.648730518260666,-2.3515780714863066,0
b2AR-decoy_1401,CC(C)(C)OC(=O)n1cc(N)cn1,-5.883,-3.9694380111785152,-3.375246088469881,-2.95733694954279,-2.275315787273158,-1.903868893096185,-1.3570700452420708,-0.675417845601447,-2.8157305182606667,-3.1605780714863068,0
b2AR-decoy_1402,Nc1c(C(F)(F)F)n[nH]c1O,-6.448,-3.806438011178515,-3.406246088469881,-2.7413369495427897,-2.6333157872731583,-1.5918688930961844,-1.1800700452420712,-0.8964178456014471,-2.8797305182606667,-2.5775780714863066,0
b2AR-decoy_1403,Cc1cc(S(N)(=O)=O)c(C)o1,-5.883,-3.904438011178515,-3.423246088469881,-2.5223369495427894,-2.2263157872731583,-1.513868893096185,-1.0220700452420708,-0.9504178456014464,-3.039730518260666,-2.7075780714863065,0
b2AR-decoy_1404,Nc1nnc(C(F)(F)F)s1,-5.582,-3.337438011178516,-3.184246088469881,-2.2243369495427894,-2.002315787273158,-1.223868893096185,-0.6570700452420706,-0.7064178456014467,-2.4807305182606667,-2.2715780714863065,0
b2AR-decoy_1405,NC(=O)c1cc(=S)ss1,-4.631,-2.738438011178516,-2.474246088469881,-1.4143369495427898,-1.3863157872731584,-0.7098688930961847,-0.3430700452420714,-0.0714178456014469,-1.8027305182606668,-1.564578071486307,0
b2AR-decoy_1406,N#CC(C#SN)=C1CCCCC1,-5.82,-3.943438011178515,-3.857246088469881,-2.5603369495427897,-2.539315787273159,-1.8708688930961843,-1.4070700452420706,-1.1404178456014469,-3.0617305182606662,-3.4875780714863067,0
b2AR-decoy_1407,CC1(C)C(C(N)=O)C1(Cl)Cl,-6.141,-4.242438011178515,-3.4852460884698813,-3.1053369495427896,-2.2983157872731583,-1.6558688930961845,-1.363070045242071,-1.1984178456014467,-2.975730518260667,-2.581578071486306,0
b2AR-decoy_1408,N#Cc1c[nH]c(c2nc(C(F)(F)F)c[nH]2)n1,-7.087,-4.823438011178515,-4.795246088469881,-3.7863369495427897,-3.6123157872731584,-2.790868893096185,-2.119070045242071,-1.924417845601447,-4.012730518260667,-3.9045780714863065,0
b2AR-decoy_1409,CC(C)(Br)C(N)=O,-4.862,-2.970438011178516,-2.327246088469881,-1.80833694954279,-1.034315787273158,-0.4578688930961849,-0.2410700452420711,-0.0094178456014466,-1.6797305182606663,-1.5885780714863067,0
b2AR-decoy_141,C/C(=N\Nc1nc(c2ccc(c3ccccc3)cc2)cs1)c1cccnc1,-9.708,-8.127438011178516,-7.333246088469881,-6.07433694954279,-5.943315787273159,-5.0978688930961855,-5.311070045242071,-4.595417845601446,-6.049730518260667,-7.212578071486307,0
b2AR-decoy_1410,Oc1ccc(O)c2c1SCCS2,-5.522,-3.973438011178515,-3.316246088469881,-2.155336949542789,-2.3703157872731584,-1.7198688930961843,-0.6390700452420708,-0.4464178456014469,-2.595730518260666,-2.2095780714863062,0
b2AR-decoy_1411,COC(=O)c1cnc(N)s1,-4.863,-2.726438011178515,-2.4402460884698813,-1.51633694954279,-1.4613157872731586,-0.8538688930961849,-0.2850700452420707,-0.1394178456014465,-1.9317305182606663,-1.6655780714863069,0
b2AR-decoy_1412,C#CSc1cnc(O)nc1O,-5.326,-3.2094380111785155,-2.921246088469881,-1.9113369495427897,-1.922315787273158,-1.4748688930961844,-0.9120700452420714,-0.6494178456014472,-2.3207305182606666,-2.0905780714863065,0
b2AR-decoy_1413,COc1ccc(Br)c(O)c1O,-5.518,-3.889438011178515,-3.314246088469881,-2.7693369495427893,-1.930315787273158,-1.207868893096185,-0.911070045242071,-0.7014178456014468,-2.986730518260666,-2.7715780714863065,0
b2AR-decoy_1414,OC(O)C(Cl)(Cl)Cl,-4.356,-2.590438011178515,-2.0212460884698813,-1.5303369495427894,-0.9323157872731588,-0.3348688930961847,-0.1520700452420706,0.2945821543985527,-1.720730518260666,-1.3675780714863066,0
b2AR-decoy_1415,NS(=O)(=O)c1c(F)c(F)cc(F)c1F,-7.175,-5.352438011178515,-4.587246088469882,-3.8283369495427895,-3.529315787273158,-2.8208688930961845,-2.145070045242071,-2.0494178456014467,-3.791730518260666,-4.143578071486306,0
b2AR-decoy_1416,OC(O)(C(F)(F)F)C(F)(F)F,-5.882,-3.944438011178515,-3.516246088469881,-2.86433694954279,-2.1573157872731583,-1.5758688930961844,-1.4710700452420706,-1.1684178456014465,-2.707730518260666,-2.891578071486306,0
b2AR-decoy_1417,N#Cc1nc(C(F)(F)F)oc1N,-5.812,-3.7674380111785153,-3.499246088469881,-2.59833694954279,-2.3253157872731585,-1.6168688930961848,-0.9990700452420712,-1.1234178456014463,-3.010730518260666,-2.5825780714863065,0
b2AR-decoy_1418,CC(=O)NC1=CC(=C[N+](=O)[O-])C=C1O,-6.384,-4.498438011178515,-4.323246088469881,-3.23433694954279,-3.1413157872731583,-2.6008688930961847,-1.9490700452420715,-1.6694178456014468,-3.7707305182606663,-3.3675780714863066,0
b2AR-decoy_1419,Nc1nc(C(F)(F)F)ns1,-5.312,-3.3854380111785147,-3.0122460884698814,-2.24433694954279,-1.8653157872731585,-1.239868893096185,-0.5290700452420714,-0.6214178456014467,-2.6447305182606664,-2.1605780714863068,0
b2AR-decoy_142,COc1cc(Br)cc(/C=N\c2cccc(C(F)(F)F)c2)c1O,-9.042,-6.767438011178514,-6.362246088469881,-5.61333694954279,-5.019315787273159,-4.465868893096184,-4.009070045242071,-4.004417845601447,-5.657730518260667,-5.741578071486307,0
b2AR-decoy_1420,Nc1oncc1n1cc(F)cn1,-5.98,-3.663438011178515,-3.434246088469881,-2.2853369495427893,-2.5563157872731583,-1.8388688930961845,-1.3910700452420717,-1.172417845601447,-2.8277305182606662,-2.8725780714863065,0
b2AR-decoy_1421,CC1(O)CSC(C)(O)CS1,-5.325,-3.189438011178515,-2.899246088469881,-1.7533369495427902,-1.7713157872731582,-1.3068688930961851,-0.5130700452420713,-0.114417845601447,-2.010730518260666,-1.9805780714863064,0
b2AR-decoy_1422,CC1(C)C(O)OC(O)C1(C)C,-6.603,-4.608438011178516,-3.694246088469881,-2.75033694954279,-2.717315787273159,-2.408868893096185,-1.451070045242071,-1.3024178456014468,-3.260730518260666,-3.177578071486306,0
b2AR-decoy_1423,NC(=O)c1cssc1=S,-4.732,-2.699438011178515,-2.2592460884698813,-1.1843369495427891,-1.1243157872731588,-0.5358688930961844,0.1629299547579288,0.2985821543985532,-1.6227305182606662,-1.5365780714863062,0
b2AR-decoy_1424,Oc1cccc(Br)c1O,-5.675,-3.672438011178516,-3.154246088469881,-2.45233694954279,-2.1903157872731587,-1.4778688930961843,-1.2450700452420709,-0.8134178456014469,-2.869730518260666,-2.615578071486307,0
b2AR-decoy_1425,CC(C)C(O)C#CC(C)(C)O,-5.623,-3.672438011178516,-3.218246088469881,-2.63033694954279,-2.146315787273158,-1.4458688930961845,-1.020070045242071,-0.6694178456014468,-2.5017305182606666,-2.6085780714863063,0
b2AR-decoy_1426,C/N=C1/C=C(O)/C(=N/C)C=C1O,-5.553,-3.873438011178515,-3.240246088469881,-2.5143369495427894,-2.148315787273159,-1.5118688930961843,-1.1090700452420714,-0.691417845601447,-2.701730518260667,-2.5775780714863066,0
b2AR-decoy_1427,Nc1cnc(Br)cn1,-4.582,-2.6534380111785154,-2.139246088469881,-1.4503369495427894,-1.0303157872731583,-0.3398688930961846,-0.0690700452420713,0.0665821543985529,-1.7397305182606662,-1.4155780714863069,0
b2AR-decoy_1428,CC(C)(C)NC(S)=[NH+]C(C)(C)C,-5.506,-3.926438011178515,-3.530246088469881,-2.73133694954279,-1.9643157872731587,-1.4938688930961843,-1.044070045242071,-0.4434178456014468,-2.558730518260666,-2.679578071486307,0
b2AR-decoy_1429,S=c1[nH]nc(c2n[nH]c(=S)s2)s1,-5.473,-3.5334380111785157,-3.075246088469881,-2.4433369495427897,-1.7743157872731583,-1.082868893096185,-0.8460700452420706,-0.393417845601447,-2.326730518260667,-2.227578071486307,0
b2AR-decoy_143,O=S1(=O)C=C(SCc2ccc(Cl)c(Cl)c2)Nc2ccccc21,-9.698,-7.705438011178515,-7.144246088469881,-6.104336949542789,-5.549315787273159,-4.960868893096185,-4.91407004524207,-4.281417845601446,-6.533730518260667,-6.604578071486307,0
b2AR-decoy_1430,COC(=O)c1c[nH]c(c2ncc[nH]2)n1,-6.065,-3.912438011178515,-3.7202460884698816,-2.892336949542789,-2.425315787273158,-2.053868893096185,-1.3250700452420707,-1.1314178456014463,-3.090730518260666,-2.746578071486306,0
b2AR-decoy_1431,Cc1nc(N)sc1Br,-4.606,-2.769438011178515,-2.3452460884698816,-1.51033694954279,-1.0933157872731585,-0.5228688930961845,-0.169070045242071,0.2025821543985531,-1.7517305182606666,-1.610578071486307,0
b2AR-decoy_1432,O=C1NC(=O)/C(=C/c2ccco2)N1,-6.634,-4.537438011178515,-4.134246088469881,-3.3943369495427893,-3.342315787273159,-2.281868893096185,-2.2240700452420707,-1.595417845601447,-3.143730518260666,-3.5115780714863067,0
b2AR-decoy_1433,O=C1NC(=O)/C(=C/c2c[nH]cn2)S1,-6.466,-3.991438011178516,-3.9882460884698814,-2.8863369495427893,-3.2163157872731585,-2.2468688930961846,-1.8590700452420716,-1.408417845601447,-3.0977305182606667,-2.7765780714863064,0
b2AR-decoy_1434,CSC1=CC(=O)C(N)=C(Cl)C1=O,-5.999,-3.944438011178515,-3.598246088469881,-2.43933694954279,-2.4583157872731585,-1.8068688930961847,-1.6150700452420708,-1.1504178456014469,-3.045730518260666,-2.6385780714863065,0
b2AR-decoy_1435,N/N=C/c1ccc([N+](=O)[O-])o1,-5.686,-3.681438011178515,-3.0572460884698813,-2.87833694954279,-1.941315787273158,-1.6158688930961844,-1.0100700452420712,-0.7464178456014467,-2.986730518260666,-2.0985780714863065,0
b2AR-decoy_1436,CC#CC#Cc1ccc(C#CC(O)CO)s1,-5.889,-4.006438011178515,-3.029246088469881,-2.80033694954279,-2.143315787273158,-1.4868688930961849,-1.2580700452420714,-0.8344178456014468,-2.672730518260666,-2.4475780714863067,0
b2AR-decoy_1437,S=P1(c2ccccc2)NCCCN1,-7.172,-5.366438011178516,-4.711246088469881,-3.70733694954279,-3.4293157872731586,-2.470868893096185,-2.302070045242071,-2.241417845601447,-3.8947305182606655,-4.8405780714863065,0
b2AR-decoy_1438,C[Si]1(C)N[Si](C)(C)N[Si](C)(C)N1,-4.846,-3.035438011178515,-2.649246088469881,-1.74733694954279,-1.4893157872731582,-0.7998688930961846,-0.2960700452420708,-0.098417845601447,-1.893730518260666,-1.6995780714863065,0
b2AR-decoy_1439,CSCP(O)(O)=S,-3.692,-1.745438011178515,-1.4772460884698813,-0.4603369495427896,-0.4363157872731582,0.3061311069038153,1.032929954757929,1.1255821543985531,-0.8287305182606666,-0.4165780714863065,0
b2AR-decoy_144,CCOc1cc(F)ccc1/C=C/C(=O)c1ccc2c(c1O)C=CC(C)(C)O2,-9.49,-7.8134380111785156,-6.986246088469882,-6.030336949542789,-5.858315787273158,-5.039868893096184,-4.166070045242071,-4.0274178456014464,-6.204730518260666,-6.645578071486307,0
b2AR-decoy_1440,O=C1NC(=S)N/C1=C\c1cccs1,-6.156,-4.375438011178515,-3.8102460884698814,-3.0813369495427896,-2.6093157872731583,-1.904868893096185,-1.6040700452420706,-1.4194178456014468,-3.1857305182606668,-3.413578071486307,0
b2AR-decoy_1441,NC(=O)c1ncsc1Cl,-5.173,-3.095438011178516,-2.582246088469881,-1.6983369495427896,-1.440315787273159,-0.8368688930961845,-0.1970700452420706,-0.0954178456014469,-1.941730518260666,-1.6145780714863065,0
b2AR-decoy_1442,COc1cc(O)cc(Br)c1O,-5.32,-3.332438011178515,-3.0972460884698814,-2.0193369495427893,-2.039315787273159,-1.3138688930961848,-0.552070045242071,-0.4134178456014465,-2.239730518260666,-2.3945780714863067,0
b2AR-decoy_1443,Oc1nnc(O)c(Cl)c1Cl,-5.916,-3.789438011178516,-3.1752460884698817,-2.32733694954279,-2.4663157872731585,-1.8908688930961848,-1.4700700452420712,-0.6184178456014466,-2.975730518260667,-2.1915780714863065,0
b2AR-decoy_1444,CC1=C(N)C(=O)C(C(C)C)=CC1=O,-6.705,-4.976438011178515,-4.647246088469881,-3.5043369495427896,-3.4803157872731587,-2.7778688930961843,-2.2760700452420712,-2.2294178456014464,-3.8317305182606662,-3.815578071486306,0
b2AR-decoy_1445,Nc1nccnc1Br,-4.592,-2.473438011178515,-2.133246088469881,-1.7413369495427895,-1.3253157872731585,-0.6498688930961851,-0.1720700452420711,0.1985821543985535,-1.7587305182606665,-1.2705780714863062,0
b2AR-decoy_1446,CC(C)(C)/C=N/NC(N)=S,-5.131,-3.530438011178515,-2.907246088469881,-2.11933694954279,-1.7653157872731589,-0.9428688930961844,-0.4850700452420708,-0.3394178456014467,-2.0367305182606668,-2.360578071486307,0
b2AR-decoy_1447,COc1cccc(O)c1O,-5.684,-3.6514380111785143,-3.088246088469881,-2.4193369495427897,-2.263315787273158,-1.3928688930961846,-1.379070045242071,-0.7314178456014471,-2.7947305182606668,-2.7605780714863064,0
b2AR-decoy_1448,CC1(C)C(COC(N)=O)C1(C)C,-6.344,-4.678438011178515,-3.841246088469881,-2.97133694954279,-2.4743157872731585,-2.010868893096185,-1.4100700452420707,-1.3784178456014464,-3.2857305182606664,-3.0795780714863064,0
b2AR-decoy_1449,Nc1oncc1n1cccn1,-5.509,-3.569438011178515,-3.2522460884698816,-2.171336949542789,-2.236315787273158,-1.5678688930961844,-1.0750700452420707,-0.8754178456014472,-2.7307305182606667,-2.496578071486306,0
b2AR-decoy_145,C/C(=N\Nc1csc(c2ccc3c(c2)CCC3)n1)c1ccc(Cl)cc1,-10.27,-8.412438011178516,-7.537246088469882,-6.768336949542789,-6.209315787273159,-5.671868893096185,-5.082070045242071,-5.058417845601447,-7.298730518260667,-7.442578071486306,0
b2AR-decoy_1450,CN(C)C(=S)SCC(N)=O,-4.898,-2.596438011178515,-2.3152460884698813,-1.2523369495427898,-1.1393157872731583,-0.4748688930961844,-0.0180700452420712,0.2545821543985536,-1.6877305182606666,-1.1705780714863063,0
b2AR-decoy_1451,N#CCc1nc(C#N)c(N)o1,-4.943,-3.0044380111785154,-2.886246088469881,-2.22033694954279,-1.6243157872731588,-0.8378688930961848,-0.5260700452420712,-0.4474178456014472,-2.3607305182606666,-1.9235780714863069,0
b2AR-decoy_1452,NS(=O)(=O)c1cccs1,-5.405,-3.232438011178515,-2.632246088469881,-1.95533694954279,-1.7783157872731588,-1.0408688930961851,-0.286070045242071,-0.300417845601447,-2.0977305182606667,-2.0845780714863062,0
b2AR-decoy_1453,Oc1cc(O)nc(S)n1,-5.116,-3.072438011178515,-2.8532460884698816,-1.8393369495427896,-1.8563157872731584,-1.3918688930961851,-0.6800700452420712,-0.5004178456014472,-2.4367305182606662,-1.4655780714863065,0
b2AR-decoy_1454,CNC(=S)NNC(=O)C(C)(C)C,-5.808,-4.295438011178515,-3.479246088469881,-2.876336949542789,-2.1823157872731587,-1.558868893096185,-1.2500700452420714,-1.0084178456014472,-3.124730518260666,-3.299578071486306,0
b2AR-decoy_1455,O=C1NC(=O)/C(=C\c2ccncc2)N1,-6.85,-4.962438011178516,-4.428246088469881,-3.63533694954279,-3.539315787273159,-2.5888688930961843,-2.469070045242071,-1.9604178456014472,-3.656730518260666,-4.059578071486307,0
b2AR-decoy_1456,CC(C)(C)OC(=O)N/N=C\c1ccc[nH]1,-6.384,-4.603438011178516,-3.955246088469881,-3.33033694954279,-2.7583157872731583,-2.220868893096185,-1.755070045242071,-1.207417845601447,-3.3337305182606665,-3.5135780714863065,0
b2AR-decoy_1457,CC(=O)NNC(=O)c1ccco1,-5.878,-4.020438011178515,-3.626246088469881,-2.8173369495427893,-2.4313157872731583,-1.566868893096185,-1.3300700452420706,-0.9744178456014464,-2.9077305182606663,-3.256578071486307,0
b2AR-decoy_1458,NC(=S)/N=C1/CC[C@H]2CO[C@@H]1O2,-6.219,-4.334438011178516,-3.7042460884698816,-2.6483369495427898,-2.4523157872731582,-1.6798688930961845,-1.355070045242071,-1.0764178456014468,-3.0567305182606663,-3.5055780714863065,0
b2AR-decoy_1459,C[C@@H]1C[C@@H](O)[C@@H](O)/C=C/C=C\C(=O)O1,-4.918,-3.048438011178515,-2.716246088469881,-1.66733694954279,-1.5383157872731583,-0.8498688930961844,-0.5330700452420709,-0.5384178456014466,-2.0117305182606664,-2.2025780714863066,0
b2AR-decoy_146,C=C1CCC[C@]2(C)CC[C@@H](C(C)C)[C@H](OC(=O)/C=C/c3ccc(O)cc3)[C@@H]12,-10.403,-8.089438011178515,-7.582246088469882,-6.367336949542789,-6.244315787273159,-5.822868893096185,-5.229070045242072,-5.284417845601446,-7.429730518260666,-6.612578071486306,0
b2AR-decoy_1461,CC1(C)C(=O)C(C)(C)C1=NN,-6.561,-4.389438011178515,-3.615246088469881,-3.13533694954279,-2.7083157872731585,-2.158868893096185,-1.3270700452420714,-1.321417845601447,-3.175730518260666,-2.855578071486306,0
b2AR-decoy_1462,Oc1cccc(O)c1Cl,-5.554,-3.540438011178515,-3.108246088469881,-2.2303369495427896,-2.175315787273158,-1.5198688930961843,-1.3620700452420706,-0.8274178456014472,-2.7147305182606667,-2.280578071486307,0
b2AR-decoy_1463,O=S(=O)([O-])c1cc(O)ccc1O,-6.352,-4.448438011178515,-3.982246088469881,-2.9033369495427896,-2.8783157872731584,-1.9968688930961849,-1.666070045242071,-1.3224178456014473,-3.0887305182606664,-3.5715780714863063,0
b2AR-decoy_1464,N=C1C(Cl)=C(O)OC1O,-5.25,-3.3824380111785155,-2.7272460884698813,-2.03733694954279,-1.7213157872731584,-1.0018688930961843,-0.589070045242071,-0.5904178456014471,-2.531730518260666,-1.7785780714863062,0
b2AR-decoy_1465,NNC(=O)c1cccs1,-4.899,-3.306438011178515,-2.828246088469881,-1.71033694954279,-1.4803157872731587,-0.7018688930961847,-0.4200700452420713,-0.1344178456014466,-1.994730518260666,-2.3295780714863064,0
b2AR-decoy_1466,Brc1c[nH]c(c2ncc[nH]2)n1,-5.477,-3.546438011178515,-3.3552460884698814,-2.5393369495427898,-2.058315787273158,-1.3378688930961848,-0.6720700452420711,-0.4594178456014468,-2.768730518260666,-2.315578071486306,0
b2AR-decoy_1467,COCc1nc(C#N)c(N)o1,-4.915,-2.8764380111785157,-2.665246088469881,-1.7963369495427894,-1.2323157872731585,-0.5008688930961851,-0.2430700452420708,0.1525821543985532,-1.8597305182606665,-1.4415780714863065,0
b2AR-decoy_1468,C/N=C1\C(Cl)=C(O)OC1O,-5.472,-3.530438011178515,-2.8772460884698816,-2.163336949542789,-1.8743157872731588,-1.2918688930961846,-0.996070045242071,-0.683417845601447,-2.446730518260666,-2.025578071486306,0
b2AR-decoy_1469,N#C/C=C(\N)c1cccs1,-5.114,-3.072438011178515,-2.633246088469881,-1.8093369495427891,-1.6603157872731584,-1.037868893096185,-0.4040700452420713,-0.3964178456014471,-2.146730518260666,-2.4785780714863064,0
b2AR-decoy_147,Cc1sc2nc(CSc3nc4ccccc4s3)nc(O)c2c1C,-9.785,-7.970438011178516,-7.163246088469881,-6.55533694954279,-5.694315787273158,-5.257868893096184,-4.637070045242071,-4.283417845601447,-6.088730518260666,-7.173578071486306,0
b2AR-decoy_1470,NC(=O)c1cncc(Cl)n1,-5.246,-3.314438011178515,-2.967246088469881,-2.0833369495427894,-1.6553157872731583,-1.0078688930961848,-0.637070045242071,-0.4004178456014466,-2.481730518260666,-1.9515780714863065,0
b2AR-decoy_1471,C[C@@H]1C[C@H](O)/C=C\[C@@H](O)/C=C\C(=O)O1,-4.898,-2.923438011178515,-2.780246088469881,-1.49733694954279,-1.5433157872731584,-0.7938688930961844,-0.270070045242071,0.1585821543985535,-2.0697305182606662,-1.7415780714863065,0
b2AR-decoy_1472,O=C1NC(=O)C(=Cc2ccco2)C(=O)N1,-7.205,-5.478438011178516,-4.735246088469881,-3.72633694954279,-3.635315787273158,-3.2648688930961844,-2.448070045242071,-2.1214178456014467,-4.157730518260666,-4.023578071486306,0
b2AR-decoy_1473,C[C@@H]1CC[C@@H](O)/C=C/[C@@H](O)CC(=O)O1,-4.906,-3.071438011178516,-2.516246088469881,-1.4933369495427895,-1.3203157872731586,-0.8618688930961849,-0.3400700452420713,0.2105821543985531,-2.0627305182606666,-1.6255780714863066,0
b2AR-decoy_1474,Cc1ccncc1S(N)(=O)=O,-6.172,-4.158438011178515,-3.434246088469881,-2.6533369495427896,-2.521315787273158,-1.7148688930961846,-1.230070045242071,-1.220417845601447,-3.071730518260666,-2.8755780714863066,0
b2AR-decoy_1475,N#CC(C(N)=O)=C1CCCCC1,-6.194,-4.782438011178515,-3.984246088469881,-3.12833694954279,-2.8073157872731587,-2.3958688930961847,-1.6180700452420709,-1.305417845601447,-3.4797305182606664,-3.7365780714863055,0
b2AR-decoy_1478,NC(=S)/N=C1/C=C[C@H]2CO[C@@H]1O2,-6.147,-4.084438011178516,-3.453246088469881,-2.41233694954279,-2.1953157872731586,-1.4168688930961846,-1.2020700452420714,-0.8664178456014469,-2.9347305182606664,-3.174578071486306,0
b2AR-decoy_1479,C[C@@H]1C[C@H](O)/C=C/[C@@H](O)CCC(=O)O1,-4.868,-2.841438011178515,-2.577246088469881,-1.4463369495427898,-1.5383157872731583,-0.8938688930961849,-0.0160700452420714,-0.0694178456014471,-2.3177305182606665,-1.6455780714863062,0
b2AR-decoy_148,CCCCCn1c(=O)sc2cc(CC34CC5CC(CC(C5)C3)C4)ccc21,-8.978,-8.341438011178516,-6.746246088469881,-5.04733694954279,-4.634315787273159,-4.943868893096184,-4.810070045242071,-3.946417845601447,-4.989730518260666,-6.344578071486307,0
b2AR-decoy_1480,NC(=S)c1nccs1,-4.163,-2.234438011178515,-1.898246088469881,-0.8853369495427899,-0.7573157872731584,0.1131311069038152,0.3169299547579287,0.618582154398553,-1.1407305182606664,-0.9795780714863068,0
b2AR-decoy_1481,Cc1ccsc1/C=N/NC(=O)C(N)=O,-6.47,-4.439438011178515,-4.107246088469881,-3.3873369495427896,-2.7563157872731585,-2.1088688930961847,-1.6060700452420713,-1.4394178456014473,-3.4347305182606664,-3.4355780714863062,0
b2AR-decoy_1482,CC1=CC(=O)/C(=C(\C)N)C(=O)O1,-6.179,-4.034438011178515,-3.8982460884698815,-2.61133694954279,-2.728315787273158,-2.0438688930961844,-1.5620700452420708,-1.2384178456014467,-3.417730518260666,-2.6855780714863062,0
b2AR-decoy_1484,Cc1sc(c2cc[nH]n2)nc1O,-6.153,-4.003438011178515,-3.6752460884698817,-3.1083369495427897,-2.6973157872731583,-1.6478688930961845,-1.6040700452420706,-1.156417845601447,-3.2467305182606667,-3.0665780714863065,0
b2AR-decoy_1485,NC(=O)c1cnc(Cl)cn1,-5.09,-3.2524380111785147,-2.953246088469881,-2.10433694954279,-1.7113157872731586,-0.8388688930961843,-0.6000700452420711,-0.4534178456014466,-2.372730518260666,-1.945578071486307,0
b2AR-decoy_1486,CC1=C(C)C(O)C=CC1O,-6.11,-4.483438011178516,-3.722246088469882,-2.51833694954279,-2.4473157872731583,-2.008868893096185,-1.5740700452420713,-1.297417845601447,-3.1237305182606665,-3.1385780714863065,0
b2AR-decoy_1487,CC(C)(C)C1C[NH2+]CCO1,-5.503,-3.835438011178515,-3.1192460884698816,-2.4883369495427896,-2.0083157872731583,-1.215868893096185,-0.9980700452420708,-0.667417845601447,-2.600730518260667,-2.633578071486306,0
b2AR-decoy_1488,CCCC(O)C#CC#CCO,-5.196,-3.2544380111785154,-3.136246088469881,-2.1073369495427894,-1.8813157872731583,-1.199868893096185,-0.9250700452420711,-0.6084178456014468,-2.396730518260666,-2.2025780714863066,0
b2AR-decoy_149,O=c1cc(N2CCCCC2)oc(c2cccc3c2Sc2ccccc2S3)c1,-10.222,-7.900438011178515,-8.12924608846988,-6.153336949542791,-6.828315787273159,-5.998868893096185,-5.547070045242071,-4.828417845601447,-6.7647305182606665,-6.811578071486306,0
b2AR-decoy_1490,C/C=C/[C@H]1C[C@H](O)[C@H](O)C1,-5.97,-4.191438011178515,-3.484246088469881,-2.719336949542789,-2.2193157872731586,-1.6218688930961846,-1.3410700452420707,-1.1394178456014463,-2.8717305182606667,-3.1285780714863067,0
b2AR-decoy_1491,Nc1ncc([N+](=O)[O-])s1,-4.632,-2.5174380111785157,-2.591246088469881,-1.4343369495427891,-1.2583157872731583,-0.6738688930961851,-0.1640700452420711,-0.0914178456014465,-1.940730518260667,-1.4065780714863063,0
b2AR-decoy_1492,CCNC(=O)Nn1c(C)nnc1C,-6.211,-4.050438011178515,-4.063246088469882,-2.65433694954279,-2.392315787273158,-1.989868893096185,-1.3010700452420707,-1.135417845601447,-3.0357305182606664,-3.0455780714863065,0
b2AR-decoy_1493,O=C1OCC(CC2=C(O)C(=O)OC2)=C1O,-6.827,-4.937438011178515,-4.721246088469881,-3.493336949542789,-3.5033157872731584,-2.7648688930961844,-2.404070045242072,-1.9874178456014464,-4.092730518260667,-3.8885780714863065,0
b2AR-decoy_1494,CC(C)(C)NC(=O)/C=N/O,-4.923,-3.1834380111785148,-2.797246088469881,-1.9243369495427896,-1.4273157872731588,-0.9218688930961844,-0.6190700452420712,-0.4644178456014467,-2.2857305182606664,-2.1865780714863066,0
b2AR-decoy_1495,FC(F)(F)c1c[nH]c(c2ncc[nH]2)n1,-6.703,-4.578438011178515,-4.635246088469882,-3.4063369495427898,-3.337315787273158,-2.2658688930961848,-1.8910700452420717,-1.4794178456014464,-3.874730518260666,-3.501578071486307,0
b2AR-decoy_1496,O=C1NC(=O)C(=Cc2ccoc2)C(=O)N1,-7.115,-5.253438011178515,-4.649246088469881,-3.59033694954279,-3.646315787273158,-3.1088688930961847,-2.438070045242071,-2.2224178456014467,-3.9267305182606655,-3.956578071486306,0
b2AR-decoy_1497,Nc1nnnn1/N=C/c1cccs1,-6.171,-4.320438011178515,-3.7972460884698815,-2.8893369495427894,-2.5653157872731587,-1.8798688930961849,-1.916070045242071,-1.196417845601447,-3.023730518260666,-3.1935780714863062,0
b2AR-decoy_1498,O=C1CNC(=O)/C(=C/c2cccs2)N1,-6.857,-4.779438011178515,-4.411246088469881,-3.10933694954279,-3.111315787273158,-2.3528688930961845,-2.257070045242071,-1.752417845601447,-3.388730518260666,-4.018578071486306,0
b2AR-decoy_1499,Oc1ncc(Cl)c(O)n1,-5.076,-3.1324380111785155,-2.961246088469881,-1.9883369495427896,-1.8713157872731587,-1.3208688930961845,-0.8370700452420712,-0.4784178456014469,-2.3597305182606663,-1.8345780714863065,0
b2AR-decoy_15,Cc1sc(NC(=O)/C=C/c2ccc(C(C)C)cc2)c(C#N)c1C,-9.253,-7.3584380111785155,-6.482246088469882,-5.94033694954279,-5.145315787273159,-4.6428688930961854,-4.564070045242071,-3.7824178456014472,-5.595730518260666,-6.338578071486307,0
b2AR-decoy_150,CCc1ccncc1C1=CC=C2[C@@H]3CCC4CC(=O)CC[C@]4(C)[C@H]3CC[C@]12C,-11.415,-9.042438011178517,-8.77024608846988,-7.72733694954279,-5.832315787273158,-6.812868893096185,-6.146070045242071,-5.526417845601447,-7.393730518260666,-7.315578071486307,0
b2AR-decoy_1500,C/C=C/C#CC#C[C@H](O)CCO,-5.425,-3.6504380111785153,-3.330246088469881,-2.2463369495427896,-1.8913157872731583,-1.2888688930961845,-1.0930700452420714,-0.7174178456014468,-2.2507305182606663,-2.8065780714863067,0
b2AR-decoy_1501,O=[N+]([O-])c1ccc(CSc2nnc(c3ccc(Cl)cc3)s2)c([N+](=O)[O-])c1,-9.185,-7.232438011178516,-6.651246088469881,-5.59033694954279,-6.058315787273159,-4.7998688930961855,-4.418070045242072,-4.260417845601447,-5.985730518260667,-6.237578071486306,0
b2AR-decoy_1502,CO/N=C(/c1ccc(F)cc1)c1ccccc1COc1ccc(C(F)(F)F)cn1,-9.845,-8.224438011178515,-7.491246088469881,-6.598336949542789,-6.492315787273158,-5.463868893096185,-5.160070045242071,-5.220417845601446,-6.501730518260667,-6.605578071486306,0
b2AR-decoy_1503,CC(=O)OC(CC(C)C)P1(=O)N(CC(C)(C)C)[C@@H]2CCCC[C@H]2N1CC(C)(C)C,-7.805,-5.518438011178515,-5.7812460884698815,-4.73833694954279,-4.047315787273158,-4.189868893096184,-3.607070045242072,-3.036417845601447,-4.827730518260666,-4.389578071486307,0
b2AR-decoy_1504,CCc1ccc(Cc2cc(CCCl)ccc2OC(C)=O)c(OC(C)=O)c1,-8.183,-6.8474380111785145,-6.183246088469881,-5.60933694954279,-4.851315787273158,-3.934868893096184,-3.279070045242072,-3.273417845601447,-5.500730518260667,-5.497578071486307,0
b2AR-decoy_1505,CC(C)=CCC1=C(OCc2cn(c3ccc(C#N)cc3)nn2)C(=O)c2ccccc2C1=O,-9.843,-8.091438011178516,-7.579246088469882,-6.825336949542789,-6.355315787273158,-5.561868893096184,-4.876070045242072,-5.531417845601446,-6.220730518260666,-7.047578071486306,0
b2AR-decoy_1506,C=C(C)Cn1c(SCC(=O)c2cccs2)nc2sc3c(c2c1=O)CCOC3,-8.655,-7.416438011178515,-5.812246088469881,-5.983336949542791,-5.170315787273159,-4.796868893096185,-3.753070045242071,-3.619417845601447,-5.525730518260666,-6.163578071486306,0
b2AR-decoy_1507,COc1c(O)cc2oc3cc(O)c(CC=C(C)C)c(O)c3c(=O)c2c1CCC(C)(C)O,-9.278,-6.459438011178515,-6.183246088469881,-5.371336949542791,-5.266315787273159,-4.2998688930961855,-4.389070045242072,-3.388417845601447,-5.850730518260667,-6.155578071486307,0
b2AR-decoy_1508,CCN(CC)C(=O)C1Sc2ccc(OC)cc2-c2c1c1ccccc1n2CCF,-8.149,-6.099438011178515,-6.120246088469882,-5.341336949542789,-4.244315787273158,-4.926868893096184,-3.705070045242071,-3.3624178456014464,-5.144730518260666,-4.7555780714863065,0
b2AR-decoy_1509,COC(=O)/C=C(C)/C=C/C=C(C)/C=C/C1=C(C)C(n2ccnc2)CCC1(C)C,-8.272,-6.886438011178516,-5.755246088469881,-5.230336949542791,-4.400315787273159,-4.4568688930961855,-3.095070045242071,-3.831417845601447,-5.291730518260667,-5.096578071486306,0
b2AR-decoy_151,COc1c(C)c2c(c(O)c1C/C=C(\C)CCC(=O)NCCCCCCNc1ccc([N+](=O)[O-])c3[nH]c4ccccc4c(=O)c13)C(=O)OC2,-9.545,-7.861438011178516,-7.290246088469882,-6.35033694954279,-6.639315787273159,-5.373868893096185,-5.230070045242071,-5.077417845601447,-7.121730518260666,-7.506578071486306,0
b2AR-decoy_1510,COc1cc(c2c(c3ccc(SC)cc3)cnn2C)cc(OC)c1OC,-8.233,-5.563438011178516,-5.377246088469882,-4.365336949542789,-4.487315787273158,-3.937868893096185,-3.161070045242071,-2.6654178456014472,-4.2807305182606665,-4.176578071486307,0
b2AR-decoy_1511,COc1cc(C(=O)c2ccc3c(ccn3C(C)C)c2)cc(OC)c1OC,-9.033,-6.064438011178515,-6.481246088469881,-5.322336949542789,-4.746315787273159,-4.033868893096185,-4.200070045242072,-3.847417845601447,-5.315730518260667,-6.048578071486306,0
b2AR-decoy_1512,C=C1c2ccccc2S(=O)(=O)N(Cc2ccccc2)C1COCc1ccccc1,-9.675,-7.555438011178515,-7.881246088469881,-6.56533694954279,-5.295315787273159,-6.343868893096184,-4.953070045242072,-4.921417845601447,-7.072730518260666,-6.934578071486307,0
b2AR-decoy_1513,COc1cccc(CN(C)C(=O)c2cccc(c3cccc(OC)c3)c2)c1,-9.798,-6.901438011178515,-7.199246088469881,-5.10633694954279,-5.269315787273159,-4.497868893096184,-4.312070045242072,-3.5644178456014477,-6.197730518260666,-5.132578071486307,0
b2AR-decoy_1514,C=CCn1c(SCc2cccc3ccccc23)nnc1c1cccnc1,-10.138,-8.158438011178514,-7.398246088469881,-6.184336949542789,-6.050315787273158,-5.903868893096185,-4.631070045242071,-4.217417845601446,-5.9877305182606655,-7.131578071486306,0
b2AR-decoy_1515,COc1ccc(c2nc3sccn3c2/C=N/OCc2ccc(Cl)c(Cl)c2)cc1,-8.696,-7.440438011178514,-6.712246088469881,-5.53833694954279,-5.257315787273159,-4.941868893096185,-4.415070045242072,-4.318417845601447,-6.133730518260666,-6.100578071486307,0
b2AR-decoy_1516,CCN(CC)C(=O)C1Sc2ccccc2-c2c1c1cc(OC)ccc1n2CCF,-7.743,-6.509438011178515,-6.250246088469881,-4.71233694954279,-4.315315787273159,-4.694868893096185,-3.398070045242071,-2.9294178456014466,-4.750730518260666,-4.585578071486307,0
b2AR-decoy_1517,COc1cccc(CN(C)C(=O)c2csc(c3cccc(OC)c3)c2)c1,-8.607,-6.809438011178516,-6.051246088469881,-5.220336949542789,-5.034315787273158,-4.218868893096184,-4.129070045242072,-3.4764178456014463,-5.528730518260666,-4.998578071486307,0
b2AR-decoy_1518,CC(=O)N(Cc1ccc(Oc2ccc(C#N)cc2)cc1)C(=O)c1cc(C2CC2)nn1C,-9.007,-6.271438011178516,-6.0072460884698815,-5.04733694954279,-4.432315787273159,-4.805868893096184,-3.9680700452420714,-3.5374178456014462,-5.7007305182606665,-5.752578071486306,0
b2AR-decoy_1519,C=CCOc1cc(OC)c(C(=O)/C=C/c2ccc(F)cc2)c(OCC=C)c1,-8.435,-6.354438011178516,-6.090246088469881,-4.97533694954279,-4.613315787273159,-4.112868893096184,-3.625070045242071,-3.055417845601447,-4.654730518260666,-5.432578071486306,0
b2AR-decoy_152,C=C(C)[C@@H]1CC[C@]2(C(=O)NCCCCCCCC(=O)NCC(=O)[O-])CC[C@]3(C)[C@H](CC[C@@H]4[C@@]5(C)CC[C@H](O)C(C)(C)[C@@H]5CC[C@]43C)[C@@H]12,-9.377,-7.231438011178515,-7.169246088469881,-5.691336949542789,-5.761315787273158,-4.645868893096186,-4.525070045242071,-4.775417845601448,-6.121730518260666,-6.206578071486307,0
b2AR-decoy_1520,CC(C)CC1(Cc2ccccc2)OS(=O)(=O)C=C1OCc1ccccc1,-9.335,-6.874438011178516,-6.710246088469882,-5.55233694954279,-5.829315787273158,-4.666868893096185,-4.329070045242071,-4.320417845601448,-5.337730518260666,-6.164578071486307,0
b2AR-decoy_1521,COc1ccc(SCC(=O)c2cc(C)c(OC(=S)N(C)C)c(C)c2)cc1,-7.992,-5.787438011178515,-5.549246088469881,-4.652336949542789,-4.713315787273158,-3.763868893096185,-2.993070045242071,-2.4474178456014477,-4.4747305182606665,-4.5135780714863065,0
b2AR-decoy_1522,CC(C)c1cc(CCCCCCC(O)(C(N)=O)C(F)(F)F)cc(C(C)C)c1O,-8.786,-6.575438011178516,-6.272246088469881,-5.36333694954279,-5.187315787273159,-3.9728688930961846,-3.9410700452420713,-3.345417845601447,-5.7007305182606665,-5.283578071486307,0
b2AR-decoy_1523,O=C(CC(C(=O)c1cccs1)c1ccc2c(c1)OCO2)c1ccccc1,-9.552,-7.811438011178515,-7.279246088469881,-6.4083369495427895,-6.063315787273158,-5.146868893096185,-4.754070045242072,-4.325417845601447,-5.789730518260667,-6.7715780714863065,0
b2AR-decoy_1524,COc1ccc2sc(/C=C\c3cc(OC)c(OC)c(OC)c3)cc2c1,-8.094,-6.241438011178515,-5.766246088469881,-4.982336949542789,-4.258315787273158,-3.695868893096185,-3.713070045242072,-3.5914178456014465,-5.299730518260667,-5.137578071486306,0
b2AR-decoy_1525,CC(=O)c1sc(SCCS(=O)(=O)c2ccc(Cl)cc2)c2c1CCCC2=O,-8.751,-7.0524380111785145,-6.736246088469882,-5.998336949542789,-4.740315787273159,-4.604868893096185,-3.934070045242072,-4.136417845601446,-5.707730518260666,-6.052578071486307,0
b2AR-decoy_1526,CCN(Cc1ccccc1)C(=O)Oc1ccc(Oc2ccc(C(F)(F)F)cn2)cc1,-9.72,-6.5044380111785145,-5.927246088469881,-5.659336949542789,-5.313315787273158,-4.396868893096185,-4.543070045242072,-3.095417845601447,-6.322730518260666,-6.599578071486306,0
b2AR-decoy_1527,COc1ccc(c2cscc2c2cc(OC)c(OC)c(OC)c2)cn1,-7.408,-5.144438011178515,-5.347246088469881,-4.07733694954279,-4.237315787273158,-3.401868893096185,-2.5350700452420707,-2.4374178456014466,-4.436730518260666,-3.735578071486307,0
b2AR-decoy_1528,CCCCSC(=O)[C@@]1(C)CC[C@H]2[C@@H](CC=C3C[C@@H](OC(C)=O)CC[C@@]32C)[C@@H]1CC#N,-8.561,-7.084438011178515,-5.572246088469881,-4.81333694954279,-4.326315787273159,-4.918868893096185,-3.477070045242071,-3.650417845601448,-5.778730518260666,-5.166578071486306,0
b2AR-decoy_1529,COc1ccc(N(C)S(=O)(=O)c2ccc(c3cccc(OC)c3)cc2)cc1,-9.024,-6.881438011178515,-7.077246088469881,-5.765336949542789,-5.170315787273159,-4.521868893096185,-4.256070045242071,-4.461417845601448,-6.022730518260666,-5.857578071486307,0
b2AR-decoy_153,CCC(=O)CCCCC[C@@H]1NC(=O)[C@H](C)N(C)C(=O)C[C@H](CC(C)C)NC(=O)CN(CCc2c[nH]c3ccccc23)C1=O,-7.655,-6.139438011178514,-5.315246088469881,-4.72633694954279,-4.120315787273158,-3.773868893096185,-2.7580700452420714,-3.1444178456014464,-4.705730518260666,-5.0825780714863065,0
b2AR-decoy_1530,Cc1ccc(Sc2c(C)nn(c3ccccc3)c2OC(=O)CC(C)C)cc1,-8.285,-7.115438011178515,-6.711246088469881,-5.918336949542789,-5.224315787273158,-4.3928688930961854,-4.583070045242071,-3.625417845601447,-5.6397305182606665,-5.724578071486306,0
b2AR-decoy_1531,COc1ccc(CN(C)C(=O)C23CC4CC(CC(Cl)(C4)C2)C3)c(OC)c1OC,-9.513,-7.088438011178516,-6.429246088469881,-5.6823369495427904,-5.609315787273159,-4.670868893096184,-4.532070045242071,-3.6204178456014464,-5.743730518260666,-5.604578071486307,0
b2AR-decoy_1532,O=C(O/N=C(\Cn1ccnc1)c1ccc2ccccc2c1)c1ccc(c2ccccc2)cc1,-11.29,-9.598438011178516,-8.679246088469881,-7.501336949542789,-7.190315787273159,-6.415868893096185,-6.682070045242071,-5.956417845601447,-7.849730518260666,-8.508578071486307,0
b2AR-decoy_1533,CCCCOCCC1c2cccc(C)c2C(=O)N1C(=O)c1ccc(C(F)(F)F)cc1,-9.184,-7.027438011178516,-6.711246088469881,-6.20933694954279,-5.485315787273159,-5.2068688930961855,-4.360070045242072,-4.334417845601447,-5.870730518260666,-6.137578071486306,0
b2AR-decoy_1534,CCSc1ccc(c2cnc(c3nnc(C)n3c3ccc(OC)nc3)cn2)c(C)c1,-7.851,-6.350438011178515,-5.853246088469882,-4.57433694954279,-4.735315787273159,-4.443868893096184,-3.823070045242071,-3.791417845601448,-5.603730518260667,-5.387578071486306,0
b2AR-decoy_1535,Cc1ccccc1c1cc(N(Cc2ccccc2)Cc2cncn2C)ccc1C#N,-8.816,-6.664438011178515,-6.737246088469881,-6.008336949542789,-5.698315787273158,-5.316868893096185,-4.269070045242071,-4.075417845601447,-5.765730518260666,-6.420578071486306,0
b2AR-decoy_1536,CC1=CC(COCc2ccccc2)OC2(C1)C(=O)N(CC1CC1)c1ccccc12,-10.098,-8.133438011178516,-7.843246088469881,-6.58333694954279,-6.364315787273158,-5.8158688930961855,-6.012070045242071,-5.202417845601447,-7.404730518260667,-7.443578071486307,0
b2AR-decoy_1537,CCSC(CC=C(C)C)c1cc(OC)c2c(c1OC)C(=O)C=CC2=O,-7.206,-5.357438011178515,-5.276246088469882,-4.389336949542789,-3.5613157872731582,-3.5498688930961846,-3.1440700452420707,-2.6874178456014466,-4.356730518260666,-4.6065780714863065,0
b2AR-decoy_1538,COc1ccc(N(C(=O)CCCl)C(C#N)c2ccc(Br)cc2)cc1,-7.81,-5.924438011178515,-5.4912460884698815,-4.53733694954279,-4.397315787273159,-3.5358688930961844,-2.8110700452420714,-2.555417845601447,-4.6637305182606665,-4.454578071486306,0
b2AR-decoy_1539,O=C(OC(Cn1ccnc1)c1ccc(Cl)cc1)c1ccc(c2ccccc2)cc1,-10.061,-8.969438011178514,-7.763246088469881,-6.91433694954279,-6.367315787273158,-5.838868893096185,-5.232070045242072,-5.374417845601446,-6.923730518260667,-7.482578071486307,0
b2AR-decoy_154,Cc1ccc(Cn2c(CCNc3nc(c4ccc(Cl)c([N+](=O)[O-])c4)cs3)nc3cc(C(=O)NCCCO)ccc32)cc1,-10.307,-8.843438011178515,-7.814246088469881,-7.344336949542789,-6.378315787273159,-5.724868893096184,-5.588070045242072,-5.253417845601447,-7.047730518260666,-7.415578071486307,0
b2AR-decoy_1540,CC[C@H](C)CC/C(C)=C/c1c(C)c(O)cc2c1[nH]c1c(O)ccc(CO)c12,-8.802,-7.160438011178515,-6.387246088469881,-5.698336949542791,-5.555315787273159,-4.782868893096184,-4.485070045242072,-4.085417845601446,-5.560730518260666,-6.226578071486307,0
b2AR-decoy_1541,CC(C)COC(=O)/C(C#N)=C/c1cn(Cc2ccccc2)c2ccccc12,-8.902,-6.157438011178515,-6.819246088469882,-5.25033694954279,-5.0513157872731576,-4.678868893096185,-4.117070045242071,-3.5864178456014475,-5.370730518260666,-5.581578071486307,0
b2AR-decoy_1542,CON=C(c1ccon1)c1ccccc1COc1ccc(Cl)cc1C,-9.058,-7.014438011178514,-7.164246088469881,-5.845336949542789,-5.360315787273159,-4.654868893096184,-4.301070045242071,-3.913417845601448,-5.468730518260667,-5.992578071486307,0
b2AR-decoy_1543,CCOC(c1ccc2c(c1)OCCO2)C(SC(C)(C)C)n1ccnc1,-7.87,-5.822438011178515,-5.606246088469881,-4.60433694954279,-4.495315787273158,-3.708868893096184,-3.219070045242071,-3.0334178456014467,-4.585730518260666,-4.536578071486306,0
b2AR-decoy_1544,Cc1ccc(/C=C/C(=O)Oc2cc(CCc3ccccc3)oc(=O)c2)cc1,-9.718,-7.310438011178515,-7.482246088469882,-5.764336949542789,-5.775315787273158,-4.794868893096185,-4.800070045242071,-4.522417845601447,-6.542730518260667,-6.990578071486306,0
b2AR-decoy_1545,CCCCCCCCCCC1=C(OC(C)=O)C(=O)c2ccccc2C1=O,-8.347,-6.062438011178515,-5.8502460884698815,-4.825336949542789,-4.696315787273158,-4.205868893096184,-3.0480700452420706,-3.2244178456014465,-4.559730518260666,-5.150578071486306,0
b2AR-decoy_1546,COc1ccc(/C=C/C(=O)c2ccc(OC(=O)c3cccs3)cc2)cc1,-8.989,-6.524438011178516,-6.0312460884698815,-5.342336949542791,-5.278315787273158,-4.2598688930961846,-3.813070045242071,-3.7294178456014464,-5.186730518260666,-5.198578071486306,0
b2AR-decoy_1547,CC(C)(C)n1ncc(OCc2ccc(CCCCF)cc2)c(Cl)c1=O,-8.177,-6.598438011178516,-6.192246088469881,-4.68833694954279,-4.912315787273158,-3.6778688930961847,-4.102070045242071,-3.3154178456014467,-5.318730518260667,-5.340578071486307,0
b2AR-decoy_1548,Cn1cnc2c(SCc3ccccc3OCc3ccccc3)ncnc21,-9.711,-7.496438011178515,-7.0152460884698815,-6.28633694954279,-5.266315787273159,-5.193868893096184,-4.765070045242071,-4.056417845601446,-6.198730518260666,-7.147578071486306,0
b2AR-decoy_1549,N#CN1CC(OC(c2ccccc2)c2cc(c3ccon3)cc(c3ccon3)c2)C1,-9.073,-6.849438011178515,-7.080246088469881,-5.701336949542791,-5.284315787273158,-5.340868893096184,-4.387070045242071,-4.138417845601447,-5.9987305182606665,-5.652578071486307,0
b2AR-decoy_155,COc1ccc(S(=O)(=O)N(Cc2ccc3c(c2)OCO3)[C@H](CCCNC(=O)NCc2cccc(C)c2)C(=O)NO)cc1,-10.061,-8.398438011178515,-8.216246088469882,-7.13833694954279,-6.401315787273159,-6.0708688930961845,-4.75707004524207,-5.490417845601447,-6.599730518260666,-7.263578071486307,0
b2AR-decoy_1550,COc1ccc(c2nnc(c3cc(OC(F)(F)F)ccc3n3cccn3)o2)cc1OC,-9.346,-7.596438011178515,-7.548246088469881,-6.393336949542789,-6.062315787273159,-5.115868893096184,-5.224070045242071,-4.623417845601447,-6.436730518260667,-6.878578071486306,0
b2AR-decoy_1551,CCCCCCCCCOC1(c2ccc(Cl)cc2)SC=C(C)n2c1noc2=O,-8.538,-6.887438011178515,-5.9222460884698815,-5.236336949542789,-4.480315787273159,-4.019868893096184,-4.032070045242071,-3.4584178456014465,-5.144730518260666,-5.701578071486306,0
b2AR-decoy_1552,COc1ccc(CCCO[C@@H](Cn2ccnc2)c2ccc(OC)cc2)cc1,-8.453,-6.554438011178515,-5.9752460884698815,-5.2833369495427895,-5.010315787273159,-3.759868893096185,-3.5500700452420717,-3.215417845601447,-4.870730518260666,-4.815578071486306,0
b2AR-decoy_1553,CCOC(c1ccc(C(F)(F)F)cc1)C(OC(C)(C)C)n1cnc(C)c1,-8.358,-6.666438011178515,-5.863246088469881,-5.64133694954279,-5.042315787273159,-4.415868893096185,-3.604070045242072,-3.6654178456014463,-5.142730518260667,-5.697578071486307,0
b2AR-decoy_1554,CC(C)C(OC(=O)c1ccccc1)C(C)(C)COC(=O)c1ccccc1,-9.006,-7.595438011178516,-6.736246088469882,-5.867336949542789,-5.377315787273158,-4.555868893096184,-3.9570700452420713,-4.017417845601447,-5.989730518260666,-6.483578071486306,0
b2AR-decoy_1555,CSC1=C(COP(N)(=O)N(CCCl)CCCl)C(=O)c2ccccc2C1=O,-7.811,-6.070438011178515,-5.449246088469881,-4.67033694954279,-4.138315787273158,-3.628868893096184,-3.0640700452420706,-2.529417845601447,-4.455730518260666,-5.008578071486307,0
b2AR-decoy_1556,CCCS(=O)(=O)NCc1nc(c2ccc(C(=O)NCCC(F)(F)F)cc2)cs1,-8.029,-6.2704380111785145,-5.759246088469881,-4.93833694954279,-4.552315787273159,-4.357868893096185,-2.993070045242071,-2.8474178456014467,-4.826730518260667,-5.548578071486306,0
b2AR-decoy_1557,O=C1N[C@@H]2[C@H](CCCCCc3cn(Cc4ccc(C(F)(F)F)cc4)nn3)SC[C@@H]2N1,-9.585,-7.939438011178515,-6.880246088469882,-6.704336949542789,-5.622315787273159,-4.975868893096184,-4.62207004524207,-4.671417845601447,-6.111730518260666,-6.5825780714863065,0
b2AR-decoy_1558,C=CC[C@@H]1C=C[C@H](O/N=C2\c3cc(OC)ccc3O[C@H](c3cccc(OC)c3)[C@H]2O)[C@H](CO)O1,-9.92,-8.046438011178514,-7.023246088469881,-6.34733694954279,-5.771315787273158,-5.8208688930961845,-5.083070045242071,-4.804417845601448,-6.331730518260667,-6.281578071486306,0
b2AR-decoy_1559,C/C(=C(/CCOC(=O)c1ccccc1)SC(=O)c1ccccc1)N(C=O)Cc1cnc(C)nc1N,-9.58,-7.588438011178516,-7.291246088469881,-6.02633694954279,-4.958315787273158,-5.067868893096184,-4.10007004524207,-4.299417845601447,-6.041730518260666,-6.632578071486307,0
b2AR-decoy_156,CCCCNC=C1C(=O)Nc2ccc(S(=O)(=O)N(CC(C)C)C[C@@H](O)[C@H](Cc3ccccc3)NC(=O)O[C@H]3CO[C@H]4OCC[C@@H]34)cc21,-9.859,-8.177438011178515,-7.618246088469881,-5.82733694954279,-6.104315787273158,-5.345868893096185,-5.591070045242072,-5.103417845601447,-7.063730518260666,-6.597578071486307,0
b2AR-decoy_1560,COc1ccc(NC(=O)C(NC(=O)/C=C\c2ccc3c(c2)OCO3)c2ccc(OC)cc2)cc1,-10.177,-7.878438011178515,-7.696246088469881,-6.364336949542789,-6.716315787273159,-5.900868893096185,-5.267070045242072,-5.015417845601446,-6.806730518260666,-6.744578071486307,0
b2AR-decoy_1561,CCc1cc(c2noc(c3cc(C)nc(N(CC)CC)c3)n2)cc(C)c1OC[C@@H](O)CO,-8.397,-6.655438011178514,-5.688246088469882,-4.8123369495427895,-4.791315787273159,-3.893868893096185,-3.528070045242071,-2.973417845601447,-5.324730518260666,-5.063578071486306,0
b2AR-decoy_1562,CCC(C)(C)NC(=O)C(c1ccco1)N(C(=O)CNC(=O)c1cccs1)c1cccnc1,-9.147,-6.750438011178515,-6.384246088469881,-5.486336949542789,-5.233315787273158,-4.902868893096185,-4.37207004524207,-3.8194178456014463,-5.821730518260667,-5.584578071486307,0
b2AR-decoy_1563,CC1=C(C(=O)Nc2ccc(CC(=O)NCc3ccc(OC(C)C)cc3)cc2)SCCO1,-8.983,-7.207438011178516,-6.357246088469882,-5.873336949542789,-5.641315787273159,-4.528868893096185,-4.64807004524207,-4.294417845601448,-5.4877305182606655,-5.949578071486307,0
b2AR-decoy_1564,COc1ccc([C@H]2[C@H](C(O)c3ccc(O)cc3)C(=O)N2c2cc(OC)c(OC)c(OC)c2)cc1,-9.506,-7.699438011178515,-7.021246088469882,-6.01033694954279,-5.686315787273159,-4.890868893096185,-4.391070045242071,-4.186417845601447,-6.464730518260666,-6.461578071486306,0
b2AR-decoy_1565,CSCCC(NC(=O)c1ccco1)C(=O)OCC(=O)Nc1ncc(Cl)c(C)c1Cl,-8.241,-6.878438011178515,-5.955246088469881,-5.16133694954279,-4.367315787273158,-4.475868893096184,-3.5160700452420715,-3.5484178456014472,-5.129730518260667,-5.511578071486307,0
b2AR-decoy_1566,CCOC(C)(C)CCc1c(O)cc2oc3c(O)ccc(CCC(C)(C)O)c3c(=O)c2c1O,-9.114,-6.937438011178514,-6.62624608846988,-6.024336949542789,-5.367315787273158,-4.418868893096185,-4.274070045242072,-4.112417845601447,-6.069730518260666,-5.963578071486307,0
b2AR-decoy_1567,CO[C@H]1/C=C/CC/C=C/C(=O)O[C@@H](/C(C)=C/[C@H](C)C(=O)CCCC2CC(=O)NC(=O)C2)[C@@H](C)[C@@H]1O,-6.673,-4.832438011178515,-4.5472460884698815,-3.376336949542789,-3.1093157872731583,-3.1188688930961845,-2.289070045242071,-2.326417845601447,-3.7407305182606665,-3.5605780714863062,0
b2AR-decoy_1568,C=CCn1c(SCC(=O)Nc2ccc(/C(C)=N/O)cc2)nnc1c1ccc(OC)cc1,-9.811,-7.540438011178516,-6.40824608846988,-5.873336949542789,-5.196315787273159,-4.620868893096185,-4.739070045242071,-4.507417845601447,-6.0517305182606655,-6.288578071486306,0
b2AR-decoy_1569,COCCN(C(=O)CCC(=O)Nc1nccs1)C(C(=O)NC(C)(C)C)c1ccc(F)cc1,-8.221,-6.646438011178516,-5.594246088469881,-5.24433694954279,-4.4343157872731584,-4.225868893096184,-3.515070045242071,-3.053417845601447,-5.266730518260666,-5.746578071486306,0
b2AR-decoy_157,CCC(=O)CCCCC[C@@H]1NC(=O)[C@H]2CCCCN2C(=O)[C@H]([C@@H](C)CC)NC(=O)[C@H](CC2CN(OC)c3ccc(Br)cc32)NC1=O,-7.804,-6.364438011178516,-5.332246088469881,-4.660336949542789,-4.751315787273159,-4.526868893096184,-3.392070045242071,-3.4824178456014465,-5.400730518260666,-4.716578071486307,0
b2AR-decoy_1570,CCc1ncnc(NC(C)c2ccc(NC(=O)N(C)CCCN(C)C(C)=O)cc2)c1Cl,-8.658,-6.230438011178515,-5.958246088469881,-5.152336949542789,-4.976315787273158,-4.282868893096184,-3.283070045242071,-3.0804178456014477,-4.901730518260666,-5.456578071486307,0
b2AR-decoy_1571,CC(C)c1ccc(C(C(=O)NC(C)(C)C)N(C(=O)CNC(=O)c2ccco2)c2cccnc2)cc1,-9.169,-7.497438011178515,-7.56224608846988,-6.03233694954279,-5.617315787273158,-5.375868893096184,-4.534070045242071,-5.105417845601448,-6.278730518260666,-6.638578071486307,0
b2AR-decoy_1572,N#Cc1cc(c2ccnc(Nc3cnn(C[C@H]4C[C@@H]4CO)c3)c2)ccc1OC1CCOCC1,-9.733,-7.881438011178515,-6.925246088469882,-5.83433694954279,-5.643315787273158,-4.969868893096185,-4.857070045242072,-4.546417845601447,-6.103730518260667,-6.449578071486307,0
b2AR-decoy_1573,CCCNC(=O)c1ccccc1NC(=O)c1ccccc1N(C)S(=O)(=O)c1ccc(C)cc1,-8.828,-7.272438011178515,-7.27024608846988,-7.130336949542789,-5.574315787273159,-5.468868893096184,-3.8930700452420712,-5.066417845601446,-6.5037305182606655,-6.231578071486307,0
b2AR-decoy_1574,COc1ccc(N(CC(=O)NCc2ccc(F)cc2)C(=O)CCC(=O)Nc2nccs2)cc1,-9.813,-7.189438011178515,-6.875246088469881,-6.028336949542791,-5.484315787273159,-4.725868893096184,-5.213070045242072,-4.544417845601448,-6.180730518260667,-6.113578071486307,0
b2AR-decoy_1575,CCCc1cccc(c2cc(NC(=O)[C@@H]3CNC(=O)C3)nn2c2cccc(OCC3(C)COC3)c2)c1,-10.837,-8.481438011178515,-7.807246088469881,-7.159336949542789,-6.248315787273159,-5.915868893096185,-5.492070045242071,-6.092417845601446,-7.258730518260666,-6.993578071486306,0
b2AR-decoy_1576,CC1(C)C[C@@H](CN([C@H](CCC(F)(F)F)C(N)=O)S(=O)(=O)c2ccc(Cl)cc2)O1,-8.4,-6.209438011178515,-6.272246088469881,-5.326336949542791,-5.114315787273158,-4.451868893096185,-3.754070045242072,-3.3624178456014464,-4.769730518260666,-4.767578071486307,0
b2AR-decoy_1577,Cc1ccc(NC(=O)C[S+]([O-])CC(=O)N(CC(=O)NC(C)(C)C)c2cccc(C)c2C)cc1,-9.442,-7.4064380111785155,-6.676246088469881,-5.8443369495427895,-5.516315787273159,-5.474868893096184,-3.700070045242072,-4.036417845601447,-5.908730518260667,-5.867578071486307,0
b2AR-decoy_1578,CC(C)(C)c1ccc(CCC(=S)NCc2ccc(NS(C)(=O)=O)c([N+](=O)[O-])c2)cc1,-9.728,-7.742438011178516,-6.527246088469882,-6.450336949542789,-5.850315787273159,-4.919868893096185,-4.301070045242071,-4.811417845601447,-6.2327305182606665,-6.591578071486307,0
b2AR-decoy_158,COc1cccc(COc2ccc(C(=O)c3c(OCc4cccc(OC)c4)cc(OC)cc3O[C@@H]3O[C@H](CO)[C@@H](O)[C@H](O)[C@H]3O)cc2)c1,-10.266,-7.833438011178515,-7.524246088469882,-6.643336949542789,-6.549315787273159,-5.648868893096184,-5.218070045242071,-5.292417845601447,-6.887730518260666,-7.028578071486306,0
b2AR-decoy_1580,O=C(N[C@@H]1CO[C@@H]2[C@H](OCc3ccccc3)CO[C@@H]21)/C(=C/c1ccccc1)NC(=O)c1ccccc1,-11.008,-9.303438011178516,-8.20324608846988,-7.23833694954279,-7.306315787273158,-6.486868893096185,-5.982070045242072,-5.548417845601447,-7.803730518260666,-8.354578071486307,0
b2AR-decoy_1581,CCOc1ccccc1NC(=O)c1ccc(F)c(S(=O)(=O)NCc2ccc3c(c2)OCO3)c1,-10.187,-8.273438011178515,-7.61324608846988,-6.951336949542791,-6.464315787273158,-6.529868893096184,-5.124070045242071,-5.409417845601446,-6.936730518260667,-6.666578071486306,0
b2AR-decoy_1582,O=C(NCCCn1ccc(=O)[nH]c1=O)C(c1ccccc1)(c1ccccc1)c1ccccc1,-11.422,-8.142438011178514,-8.93724608846988,-6.64833694954279,-7.156315787273158,-6.967868893096185,-5.48107004524207,-5.263417845601447,-7.005730518260666,-6.404578071486306,0
b2AR-decoy_1583,Nc1cnc(c2ccc(c3ccccc3S(=O)(=O)N[C@H](CO)Cc3ccccc3)cc2F)cn1,-10.032,-7.986438011178516,-7.554246088469881,-5.655336949542789,-5.673315787273159,-5.796868893096185,-5.35307004524207,-5.071417845601447,-6.485730518260667,-6.606578071486307,0
b2AR-decoy_1584,CCCc1c(OCC(O)COc2ccc(/C=C3\CC(=O)NC3=O)cc2)ccc(Cl)c1Cl,-9.382,-7.561438011178515,-6.711246088469881,-5.2353369495427895,-5.402315787273158,-4.550868893096185,-4.227070045242071,-4.078417845601447,-6.097730518260667,-6.333578071486306,0
b2AR-decoy_1585,CC(NC(=O)COc1ccc(/C=N/NS(=O)(=O)c2ccccc2)cc1)c1ccccc1,-9.866,-7.541438011178515,-6.9112460884698805,-6.55133694954279,-5.905315787273159,-5.233868893096185,-4.816070045242071,-4.492417845601446,-6.013730518260667,-7.196578071486307,0
b2AR-decoy_1586,CCC(C)(C)NC(=O)C(c1cccc(OC)c1)N(C(=O)c1cc[nH]n1)c1cccc(OC)c1,-9.31,-6.796438011178514,-6.693246088469881,-5.49733694954279,-5.605315787273158,-5.171868893096185,-4.378070045242071,-3.828417845601447,-5.524730518260666,-5.385578071486307,0
b2AR-decoy_1587,COc1ccc(Cn2c(C(=O)[O-])c(C[NH2+]Cc3ccc(SC)cc3)c3ccc(OC)cc32)cc1,-9.301,-6.709438011178515,-7.296246088469882,-5.287336949542789,-5.587315787273159,-4.278868893096185,-4.454070045242071,-4.322417845601446,-5.965730518260667,-5.657578071486306,0
b2AR-decoy_1588,CC(C)(CO)[C@@H](O)C(=O)NCCC(=O)Nc1cc(Cl)ccc1Oc1ccc(Cl)cc1Cl,-8.979,-7.248438011178514,-6.6242460884698815,-5.67033694954279,-4.978315787273159,-4.911868893096186,-4.313070045242071,-3.6234178456014474,-5.149730518260666,-5.594578071486307,0
b2AR-decoy_1589,CCCCCC[C@@H](C)/C=C(C)/C=C/C(=O)N[C@H]1C[C@]2(C=C(Cl)C(=O)[C@H](Cl)[C@H]2O)O[C@H]1OC,-8.92,-6.642438011178514,-6.633246088469882,-5.3763369495427895,-4.973315787273158,-4.528868893096185,-4.076070045242071,-3.610417845601447,-5.306730518260666,-5.700578071486307,0
b2AR-decoy_159,Cc1ccc(CC(O)CCc2ccccc2C(=O)N(CCO)C(C)(C)C)c(C(=O)N(CCO)C(C)(C)c2ccccc2)c1,-8.517,-6.838438011178516,-6.918246088469882,-5.357336949542789,-4.983315787273158,-4.579868893096185,-3.626070045242072,-3.865417845601448,-5.187730518260667,-5.700578071486307,0
b2AR-decoy_1590,Cc1cnc(NC(=O)[C@@H]2C[C@H]3CCCC[C@@H]3N2C(=O)[C@H](CC2CCCC2)CN(O)C=O)s1,-10.139,-7.5154380111785155,-7.474246088469881,-6.332336949542789,-5.913315787273158,-5.341868893096185,-4.649070045242072,-5.229417845601446,-6.034730518260666,-6.635578071486307,0
b2AR-decoy_1591,COc1ccc(OC)c(C=NNC(=O)c2ccc(NS(=O)(=O)c3cccs3)cc2)c1,-8.745,-6.257438011178515,-6.438246088469882,-4.9693369495427895,-5.187315787273159,-4.265868893096185,-4.128070045242071,-3.733417845601446,-5.411730518260667,-5.3805780714863065,0
b2AR-decoy_1592,COc1ccc2c(c1)c(CC(=O)N[C@H](CO)CC(C)C)c(C)n2C(=O)c1ccc(Cl)cc1,-8.771,-6.798438011178515,-7.037246088469882,-5.839336949542791,-5.479315787273158,-4.324868893096184,-3.955070045242071,-3.956417845601447,-6.337730518260667,-5.852578071486306,0
b2AR-decoy_1593,O=C(NCc1ccccc1)C1=C[C@H](c2ccc3c(c2)OCO3)C[C@H](OCc2ccc(CO)cc2)O1,-11.123,-9.642438011178514,-8.35024608846988,-8.53833694954279,-7.328315787273159,-6.621868893096185,-6.141070045242071,-6.221417845601447,-7.869730518260667,-8.460578071486307,0
b2AR-decoy_1594,CCNC(=O)CC[C@@H](CO)N(C)C(=O)c1ccc2c(c1)c1c(n2C)CC[C@@H](C2CCOCC2)C1,-9.291,-7.071438011178515,-6.811246088469881,-5.27933694954279,-5.381315787273158,-4.900868893096185,-4.083070045242071,-3.9314178456014464,-5.411730518260667,-5.9575780714863065,0
b2AR-decoy_1595,CC(=O)Nc1ccc(NC(=O)C(C)OC(=O)CCCOc2ccc(Cl)cc2C)cc1,-8.827,-6.881438011178515,-6.803246088469882,-6.27233694954279,-4.386315787273158,-4.3798688930961855,-4.15107004524207,-3.801417845601448,-5.082730518260666,-6.072578071486307,0
b2AR-decoy_1596,C[C@]1(C#N)C[C@@H](CN([C@H](CCC(F)(F)F)C(N)=O)S(=O)(=O)c2ccc(Cl)cc2)C1,-8.861,-6.372438011178515,-6.188246088469882,-5.575336949542789,-4.521315787273158,-5.0498688930961855,-3.849070045242071,-2.983417845601447,-5.265730518260666,-5.122578071486307,0
b2AR-decoy_1597,CC(C(=O)NCc1cc(C(C)(C)C)nn1c1ccccn1)c1ccc(CNS(C)(=O)=O)c(F)c1,-10.642,-8.069438011178516,-7.814246088469881,-6.652336949542789,-6.716315787273159,-5.872868893096184,-4.854070045242072,-5.004417845601447,-6.695730518260666,-6.959578071486307,0
b2AR-decoy_1598,Cc1ccc(OCC(F)(F)F)c(CNC(=O)Cn2c(C)cnc(NCCc3ccccn3)c2=O)c1,-10.441,-8.480438011178515,-7.808246088469881,-6.749336949542791,-6.814315787273159,-5.605868893096185,-5.370070045242072,-4.684417845601447,-6.240730518260666,-6.917578071486307,0
b2AR-decoy_1599,Cc1cc2c(cc(C(=O)N[C@H](CO)c3ccc([S@+]([O-])CC(=O)OC(C)C)cc3)n2C)c(F)c1F,-9.398,-7.429438011178515,-7.496246088469881,-6.399336949542789,-6.185315787273158,-5.075868893096185,-4.778070045242071,-4.262417845601448,-6.283730518260667,-6.5665780714863065,0
b2AR-decoy_16,Cc1ccccc1C(=O)Nc1nnc(c2ccc(C(C)(C)C)cc2)s1,-8.97,-6.876438011178514,-6.601246088469882,-5.3923369495427895,-4.899315787273158,-4.403868893096185,-4.144070045242071,-3.356417845601447,-6.058730518260667,-5.944578071486307,0
b2AR-decoy_160,O=C([O-])c1cc(N(Cc2ccc(C3CC[NH2+]CC3)cc2)C(=O)CN(Cc2ccccc2)S(=O)(=O)c2ccc(c3ccccc3)cc2)ccc1O,-10.648,-8.878438011178515,-7.778246088469881,-7.36833694954279,-7.403315787273158,-6.499868893096185,-5.807070045242071,-6.506417845601447,-8.008730518260666,-7.839578071486306,0
b2AR-decoy_1600,CSc1ccccc1NC(=O)CN(C)C(=O)C(C)SCc1nc(O)c2c(C)c(C)sc2n1,-8.962,-6.974438011178515,-6.345246088469882,-5.935336949542791,-5.128315787273159,-4.261868893096185,-3.7840700452420712,-3.775417845601448,-5.379730518260667,-5.677578071486307,0
b2AR-decoy_1601,O=C1NC[C@H](C(=O)Nc2cc(c3cccc(COCCC(F)(F)F)c3)n(c3ccccc3)n2)O1,-9.965,-7.992438011178516,-7.30224608846988,-7.152336949542789,-6.075315787273159,-6.191868893096185,-4.69907004524207,-5.474417845601447,-6.722730518260667,-7.452578071486306,0
b2AR-decoy_1602,N#C/C(=C\c1ccccc1Cl)C(=O)NCCCCNC(=O)/C(C#N)=C/c1ccccc1Cl,-9.208,-6.632438011178515,-6.090246088469881,-5.11133694954279,-4.949315787273159,-4.4728688930961855,-3.924070045242072,-3.717417845601446,-5.903730518260666,-5.889578071486307,0
b2AR-decoy_1603,CC(C)C[C@H](C(N)=O)N(Cc1ccc2c(c1)OCO2)S(=O)(=O)c1ccc(Cl)cc1,-9.248,-6.977438011178515,-6.2332460884698815,-5.589336949542791,-5.341315787273159,-5.169868893096185,-4.307070045242071,-4.258417845601446,-5.820730518260666,-5.5825780714863065,0
b2AR-decoy_1604,CNC(=O)NCCN(Cc1ccc(Cl)cc1)C(=O)C1(C)CCN1C(=O)Cc1cc(C)cc(C)c1,-9.237,-8.143438011178516,-6.711246088469881,-6.303336949542789,-6.392315787273159,-5.250868893096184,-4.97507004524207,-4.738417845601447,-6.267730518260667,-6.659578071486306,0
b2AR-decoy_1605,N#Cc1ccc(OCC(O)CCNS(=O)(=O)c2ccc(Cl)cc2Cl)cc1F,-8.273,-6.410438011178515,-5.831246088469881,-5.08233694954279,-4.845315787273158,-4.5178688930961854,-3.641070045242071,-3.1824178456014467,-5.305730518260666,-5.336578071486306,0
b2AR-decoy_1606,O=C(NCC1CN(c2ccc(NS(=O)(=O)CCCCl)cc2)C(=O)O1)c1ccc(Cl)s1,-8.349,-6.6294380111785145,-5.613246088469881,-5.40433694954279,-4.739315787273158,-4.6348688930961846,-3.91107004524207,-3.5534178456014462,-5.052730518260667,-5.374578071486306,0
b2AR-decoy_1607,COc1cc(CNC(=O)COC(=O)/C=C(\C)CCC=C(C)C)c(I)cc1O,-8.277,-6.367438011178516,-5.654246088469881,-4.65633694954279,-3.9873157872731584,-3.7308688930961846,-2.9820700452420708,-2.845417845601447,-4.622730518260666,-5.352578071486306,0
b2AR-decoy_1608,Cc1ccc(C(=O)NCCc2nnc3ccc(SCC(=O)Nc4c(C)cc(C)cc4C)nn23)cc1,-10.773,-8.244438011178515,-7.948246088469881,-6.98733694954279,-7.167315787273159,-6.1348688930961846,-6.156070045242071,-5.247417845601447,-7.249730518260666,-8.077578071486306,0
b2AR-decoy_1609,CCCCSc1ncc2ncn(Cc3c(F)ccc(Cl)c3F)c2n1,-8.201,-6.527438011178516,-5.8582460884698815,-4.83433694954279,-4.943315787273159,-4.119868893096184,-3.576070045242071,-3.5654178456014467,-5.134730518260667,-4.854578071486307,0
b2AR-decoy_161,COc1ccc(CNC(=O)c2csc([C@@H](NC(=O)c3csc([C@@H](NC(=O)OC(C)(C)C)C(C)C)n3)C(C)C)n2)c(OC)c1,-9.097,-7.257438011178515,-6.681246088469882,-5.86233694954279,-5.168315787273158,-4.810868893096185,-5.02307004524207,-4.272417845601447,-6.041730518260666,-6.572578071486307,0
b2AR-decoy_1610,Cc1nc2cnccc2n1CCCOC1CCC(c2ccc(F)cc2)O1,-9.716,-7.834438011178515,-7.0812460884698805,-6.19933694954279,-5.807315787273158,-5.171868893096185,-4.865070045242071,-4.485417845601447,-6.324730518260667,-7.025578071486306,0
b2AR-decoy_1611,CCCCc1nc2ccccc2nc1Oc1ccc(c2ccccc2C2=NNN=N2)cc1,-9.48,-7.737438011178515,-7.429246088469881,-6.172336949542789,-5.807315787273158,-5.707868893096185,-5.245070045242072,-4.570417845601448,-6.445730518260666,-6.861578071486306,0
b2AR-decoy_1612,CCCCN(C(=O)c1ccc(Cl)cc1)c1nnc(c2cccc(F)c2)s1,-9.652,-7.998438011178514,-7.146246088469882,-6.41133694954279,-5.757315787273159,-5.046868893096185,-3.7920700452420704,-4.510417845601447,-6.286730518260667,-6.587578071486307,0
b2AR-decoy_1613,O=C(OCC1=CC=C(COC(=O)c2ccccc2)SS1)c1ccccc1,-9.401,-7.445438011178515,-5.808246088469881,-4.15633694954279,-4.767315787273159,-3.907868893096185,-4.149070045242072,-4.117417845601446,-6.178730518260666,-6.4285780714863066,0
b2AR-decoy_1614,CCOC(=O)c1ccc2sc(C(=O)/C=C/c3ccc(OC)cc3)cc2c1,-8.913,-7.045438011178515,-6.475246088469881,-6.037336949542789,-5.847315787273159,-4.987868893096184,-4.048070045242071,-3.994417845601447,-5.915730518260666,-5.8965780714863065,0
b2AR-decoy_1615,Cc1ccc2c(C)c(C(=O)N(Cc3ccc(N(C)C)cc3)Cc3ccco3)oc2c1C,-9.744,-8.088438011178516,-7.577246088469881,-6.284336949542789,-6.404315787273159,-5.369868893096184,-4.734070045242071,-5.358417845601446,-6.731730518260667,-7.029578071486306,0
b2AR-decoy_1616,C=C1C(=O)O[C@@H]2C[C@]3(C)C(CCC(C)OC(=O)c4ccc(OC)cc4)[C@@H]3C[C@H]12,-10.204,-8.280438011178514,-7.0972460884698805,-6.044336949542791,-6.227315787273158,-5.467868893096185,-5.073070045242071,-4.834417845601447,-6.465730518260667,-6.546578071486307,0
b2AR-decoy_1617,Cc1nc(C)c(CNc2nc(OCC3CC3c3ccncc3)nc(Cl)c2C)s1,-9.646,-7.645438011178514,-6.984246088469881,-5.774336949542789,-5.547315787273158,-5.0178688930961854,-5.105070045242071,-4.574417845601447,-6.097730518260667,-6.336578071486306,0
b2AR-decoy_1618,CC1=NC(C)=C(C(=O)OCC(C)C)C(c2ccccn2)/C1=C(\O)OCC(C)C,-8.881,-6.336438011178515,-6.3792460884698805,-5.08733694954279,-5.125315787273159,-4.661868893096186,-3.608070045242071,-3.579417845601446,-5.474730518260666,-5.484578071486306,0
b2AR-decoy_1619,Cc1ccc(OCCCC(=O)Oc2ccc3c(C)cc(=O)oc3c2)c(C)c1,-10.639,-8.106438011178515,-6.9672460884698815,-6.91133694954279,-6.002315787273158,-5.002868893096185,-4.476070045242071,-4.717417845601446,-6.212730518260667,-7.050578071486306,0
b2AR-decoy_162,CCC[C@@H]1C[C@@]1(NC(=O)[C@@H]1[C@@H]2[C@H](CN1C(=O)[C@@H](NC(=O)NC1(CS(=O)(=O)C(C)(C)C)CCCCC1)C(C)(C)C)C2(C)C)C(=O)C(=O)NC1CC1,-8.849,-8.092438011178515,-6.960246088469882,-6.26333694954279,-5.637315787273158,-5.0048688930961855,-4.11907004524207,-4.146417845601446,-6.104730518260666,-7.158578071486307,0
b2AR-decoy_1620,O=C(Cc1ccc(Cl)cc1)OC(Cn1ccnc1)c1ccc(Cl)cc1Cl,-9.062,-7.763438011178515,-6.859246088469881,-6.31733694954279,-5.594315787273159,-4.635868893096184,-4.406070045242071,-4.317417845601447,-5.505730518260666,-6.172578071486306,0
b2AR-decoy_1621,CCCCC1Cc2cc(OC)ccc2-c2cc3cc(OC)c(OC)cc3n21,-8.108,-6.059438011178515,-5.828246088469881,-4.09733694954279,-4.279315787273158,-3.664868893096185,-4.081070045242072,-2.882417845601447,-5.152730518260666,-4.655578071486307,0
b2AR-decoy_1622,COc1ccc(N2CCN(C(=O)C(C)c3ccc(CC(C)C)cc3)CC2)cc1,-9.6,-7.607438011178516,-6.78324608846988,-6.438336949542789,-5.825315787273159,-5.213868893096185,-4.74407004524207,-4.4024178456014464,-6.097730518260667,-6.854578071486307,0
b2AR-decoy_1623,COc1ccc(/C=C/c2cc(OC)cc(OC)c2/C=C/C(=O)NCC(C)C)cc1,-8.102,-6.175438011178516,-6.087246088469881,-5.200336949542789,-4.965315787273159,-3.7658688930961848,-3.6830700452420704,-3.251417845601446,-4.965730518260666,-5.237578071486306,0
b2AR-decoy_1624,CCOP(=O)(OCC)O/C(=C\Cl)c1ccc(Cl)cc1Cl,-6.905,-5.035438011178515,-4.196246088469882,-4.0013369495427895,-3.236315787273158,-2.6828688930961846,-2.121070045242071,-1.7034178456014466,-3.6767305182606655,-4.083578071486307,0
b2AR-decoy_1625,c1ccc(Cn2c(SCc3ccncc3)nnc2c2ccsc2)cc1,-8.876,-6.939438011178515,-6.038246088469881,-5.13433694954279,-4.885315787273159,-4.906868893096185,-3.8400700452420704,-3.545417845601447,-5.398730518260667,-5.948578071486306,0
b2AR-decoy_1626,CC(C)CCCN1CC(C)(C)C(Oc2ccc(C#N)c(C(F)(F)F)c2)C1=O,-8.763,-7.245438011178516,-6.580246088469881,-5.82033694954279,-5.169315787273158,-4.389868893096185,-4.24407004524207,-4.031417845601446,-5.9987305182606665,-5.981578071486307,0
b2AR-decoy_1627,CCN(CC)S(=O)(=O)c1ccc(/C=C/c2nc3cc(C)c(C)cc3s2)cc1,-9.363,-7.136438011178516,-6.53324608846988,-5.78833694954279,-5.293315787273158,-5.012868893096185,-3.961070045242071,-3.6894178456014473,-6.073730518260666,-6.481578071486307,0
b2AR-decoy_1628,C=CCCC(C)N(C(=O)OC(C)(C)C)S(=O)(=O)c1ccc(C)cc1,-7.46,-5.710438011178515,-5.050246088469882,-4.55733694954279,-4.235315787273159,-3.4218688930961845,-3.060070045242071,-2.7454178456014464,-4.495730518260666,-4.297578071486306,0
b2AR-decoy_1629,[O-][S+](Cc1cc(Oc2ccccc2)nc(c2ccccc2)n1)c1ccccc1,-10.19,-8.687438011178514,-8.341246088469882,-7.06833694954279,-6.643315787273158,-5.871868893096185,-5.296070045242072,-4.662417845601446,-6.868730518260666,-7.193578071486307,0
b2AR-decoy_163,COc1cc(/C=C/C(=O)NCCc2c[nH]c3ccc(O)c(c4c(O)ccc5[nH]cc(CCNC(=O)/C=C/c6ccc(O)cc6)c54)c23)ccc1O,-10.311,-8.762438011178515,-7.418246088469882,-7.155336949542789,-6.595315787273158,-6.1298688930961855,-4.187070045242072,-6.301417845601447,-7.278730518260666,-7.766578071486306,0
b2AR-decoy_1630,O=C1S/C(=C\c2ccc(OCc3ccccc3)cc2)C(=O)N1Cc1ccc(F)cc1,-10.044,-8.360438011178514,-7.490246088469881,-6.604336949542789,-6.232315787273159,-5.748868893096185,-5.367070045242071,-4.485417845601447,-6.8577305182606665,-6.998578071486307,0
b2AR-decoy_1632,C=C(C/C=C/C=C/Cl)CC(OC(=O)[C@@H]1CCC(=O)N1C)C(C)(C)C,-7.648,-5.795438011178515,-5.203246088469881,-4.39333694954279,-3.908315787273159,-3.4278688930961847,-3.0160700452420715,-2.640417845601447,-4.420730518260666,-4.635578071486306,0
b2AR-decoy_1633,CCOC(c1ccc(Cl)cc1Cl)C(OC(C)(C)C)n1cnc(C)c1,-7.952,-5.889438011178515,-5.738246088469881,-4.73433694954279,-4.284315787273158,-3.462868893096185,-2.8780700452420707,-2.638417845601447,-4.523730518260666,-4.431578071486307,0
b2AR-decoy_1634,CC(C)CC(=O)OC1c2c(ccc3ccc(=O)oc23)OC(C)(C)C1OC(=O)CC(C)C,-8.782,-7.362438011178515,-6.92424608846988,-6.133336949542789,-5.733315787273158,-5.635868893096184,-4.210070045242071,-4.507417845601447,-5.958730518260666,-6.370578071486307,0
b2AR-decoy_1635,CCCCn1c(=O)c2c(c3cc(C(=O)N(CC)C4CC4)ccc31)CCCCC2,-6.645,-5.087438011178516,-4.312246088469881,-2.98133694954279,-3.2903157872731583,-2.1698688930961847,-1.3220700452420706,-1.9074178456014472,-3.3977305182606665,-3.2395780714863065,0
b2AR-decoy_1636,COCCCN(/C(S)=C1/C(=O)c2cc(Cl)ccc2N(C)C1=O)c1ccccc1,-8.143,-6.030438011178515,-6.112246088469881,-4.90333694954279,-4.954315787273158,-4.822868893096185,-3.969070045242072,-3.8514178456014463,-5.449730518260667,-4.653578071486306,0
b2AR-decoy_1637,COc1cc(c2cn(Cc3cccc(OC(F)(F)F)c3)nn2)ccc1n1cnc(C)c1,-9.785,-7.410438011178515,-6.516246088469881,-6.1103369495427895,-5.682315787273158,-4.7278688930961845,-4.559070045242072,-3.8304178456014473,-5.917730518260667,-6.517578071486307,0
b2AR-decoy_1638,CCOC(=O)Cc1cc(c2ccc(C)cc2)n(c2ccc(S(C)(=O)=O)cc2)c1C,-9.155,-6.447438011178516,-6.264246088469882,-4.42233694954279,-5.671315787273159,-5.193868893096184,-3.944070045242072,-4.165417845601446,-5.793730518260666,-5.174578071486307,0
b2AR-decoy_1639,COc1noc2c(C)cc(/C(=C\CCN3CCOC3=O)c3cccc(C#N)c3)cc12,-8.944,-7.131438011178515,-7.018246088469882,-6.36833694954279,-5.406315787273158,-4.811868893096184,-4.069070045242071,-4.388417845601447,-6.622730518260667,-5.8035780714863066,0
b2AR-decoy_164,C[C@H](O)[C@@H](C)Oc1nc(Nc2ccc(S(=O)(CCO)=NS(=O)(=O)CC[Si](C)(C)C)cc2)ncc1Br,-8.302,-5.960438011178515,-5.462246088469882,-5.143336949542789,-4.494315787273158,-3.828868893096185,-3.334070045242071,-3.026417845601447,-4.586730518260667,-5.200578071486307,0
b2AR-decoy_1640,C#CCOCc1c(C)nc2c(OCc3c(Cl)cccc3Cl)cccn12,-8.129,-6.2064380111785145,-6.240246088469881,-5.099336949542789,-4.790315787273158,-4.745868893096185,-3.829070045242071,-3.486417845601446,-5.4107305182606655,-5.2875780714863065,0
b2AR-decoy_1641,CCN(CC)P(=O)(Oc1occc1Cc1c(C)cccc1Cl)N(CC)CC,-7.908,-6.291438011178515,-5.504246088469881,-4.77033694954279,-4.093315787273158,-3.868868893096185,-3.230070045242071,-2.617417845601447,-4.433730518260666,-4.219578071486307,0
b2AR-decoy_1642,N#Cc1ccc(c2ccc(OCC(CSc3ccccc3)N(O)C=O)cc2)cc1,-9.063,-7.029438011178515,-5.869246088469882,-5.48133694954279,-4.617315787273158,-4.1138688930961855,-4.03607004524207,-3.263417845601447,-4.969730518260667,-6.170578071486306,0
b2AR-decoy_1643,COc1cc(C2CC(c3cccs3)=NN2C(=O)CCl)ccc1OC(F)F,-8.475,-6.823438011178515,-6.121246088469881,-5.280336949542789,-5.102315787273158,-4.332868893096185,-3.801070045242071,-3.6284178456014473,-5.326730518260667,-5.393578071486306,0
b2AR-decoy_1644,CC(=O)N[C@@H](C)c1ccc(OC2CCN(c3ccc(OC(C)C)cc3C)C2)cc1,-9.67,-7.723438011178516,-7.319246088469882,-5.803336949542789,-5.759315787273158,-5.278868893096185,-4.1380700452420704,-4.334417845601447,-6.062730518260667,-6.344578071486307,0
b2AR-decoy_1645,COc1ccc(OCCCCCCCc2c(C)nn(C)c2C)c(Cl)c1,-8.065,-5.835438011178515,-5.411246088469881,-4.42233694954279,-3.655315787273159,-3.0888688930961843,-2.5610700452420714,-2.294417845601447,-4.3817305182606665,-4.022578071486307,0
b2AR-decoy_1646,O=C(C/C=N\OCc1c(Cl)cccc1Cl)Oc1ccc(Cl)cc1Cl,-8.69,-6.219438011178514,-6.104246088469882,-4.87433694954279,-4.507315787273159,-4.255868893096185,-3.501070045242071,-3.3144178456014477,-4.8177305182606665,-5.252578071486306,0
b2AR-decoy_1647,Cc1ccc(CN(C(=O)COc2ccccc2Cl)c2ccccn2)o1,-9.12,-6.631438011178515,-6.535246088469881,-5.69033694954279,-5.516315787273159,-4.874868893096185,-4.07407004524207,-3.691417845601446,-5.445730518260666,-6.185578071486306,0
b2AR-decoy_1648,COCc1ccc([C@@H]2[C@@H](CCCc3ccccc3)C(=O)N2c2ccc(OC)cc2)cc1,-10.114,-8.557438011178515,-7.032246088469881,-6.63833694954279,-6.635315787273159,-5.253868893096184,-5.020070045242072,-4.764417845601447,-6.663730518260666,-7.615578071486306,0
b2AR-decoy_1649,O=C(OCCSc1ccc([N+](=O)[O-])c2nonc12)c1ccc(Cl)cc1Cl,-8.748,-6.758438011178516,-6.539246088469881,-5.729336949542789,-4.584315787273159,-4.042868893096185,-4.213070045242072,-3.943417845601447,-5.344730518260667,-5.875578071486306,0
b2AR-decoy_165,C=CC[C@@H](CC(=O)N(CCO)Cc1ccccc1)C(=O)N[C@@H](COC(=O)[C@H](CC=C)CC(=O)OC(C)(C)C)Cc1c[nH]c2ccccc12,-8.88,-6.7384380111785145,-6.553246088469882,-6.139336949542789,-5.659315787273158,-4.593868893096184,-4.373070045242072,-4.2774178456014464,-5.578730518260667,-5.993578071486306,0
b2AR-decoy_1650,CCCCCCN1C(=O)/C(=N\NC(=O)c2cc3ccccc3s2)c2ccccc21,-9.587,-7.222438011178514,-7.230246088469881,-5.912336949542789,-5.439315787273159,-5.3318688930961855,-4.514070045242072,-4.073417845601448,-6.221730518260667,-6.516578071486306,0
b2AR-decoy_1651,N#Cc1ccc(c2cnc(C(=O)CCCCCCc3ccccc3)o2)cc1,-9.357,-6.858438011178516,-6.454246088469882,-5.214336949542791,-4.916315787273158,-4.519868893096184,-4.265070045242071,-3.714417845601448,-5.762730518260666,-6.656578071486306,0
b2AR-decoy_1652,C=C(C)CCOCc1ccc(C2(CC)Oc3ccccc3-n3cccc3C2=O)cc1,-8.059,-5.781438011178516,-5.502246088469882,-3.8233369495427896,-4.602315787273159,-3.4568688930961846,-2.3170700452420707,-3.0814178456014467,-4.580730518260666,-4.494578071486306,0
b2AR-decoy_1653,O=C(/C=C/c1ccccc1)c1ccc(OCc2cc(c3ccccc3)no2)cc1,-10.064,-7.770438011178514,-7.290246088469882,-5.84633694954279,-6.0593157872731584,-4.510868893096184,-5.170070045242071,-4.448417845601448,-6.733730518260666,-7.429578071486306,0
b2AR-decoy_1654,O=C(/C=C/c1ccccc1)c1ccc(OCc2cc(c3cccs3)no2)cc1,-9.43,-7.417438011178515,-6.732246088469882,-6.091336949542789,-5.513315787273159,-5.111868893096185,-4.609070045242071,-4.586417845601448,-6.121730518260666,-7.135578071486307,0
b2AR-decoy_1655,CC(C)c1ccc(Sc2ccc(C(=O)C(Cl)Cl)cc2[N+](=O)[O-])cc1,-8.539,-6.850438011178515,-6.3952460884698805,-5.582336949542789,-4.840315787273159,-4.644868893096184,-3.6990700452420704,-3.6624178456014462,-5.430730518260667,-5.834578071486307,0
b2AR-decoy_1656,O=C(/C=C/c1ccc(OS(=O)(=O)c2ccccc2)cc1)c1ccccc1,-9.627,-7.977438011178515,-6.709246088469881,-5.726336949542789,-5.671315787273159,-5.041868893096185,-4.665070045242072,-4.144417845601447,-6.414730518260667,-7.137578071486306,0
b2AR-decoy_1657,O=C(/C=C/c1ccccc1)OC(Cn1ccnc1)c1ccc(Cl)cc1,-8.977,-7.533438011178514,-6.530246088469882,-5.746336949542791,-5.507315787273159,-3.9198688930961847,-3.158070045242071,-3.961417845601448,-5.408730518260667,-6.401578071486307,0
b2AR-decoy_1658,O=C(/C=C/c1ccc(OCc2ccc(F)cc2F)cc1)c1ccc(n2ccnc2)cc1,-10.298,-8.023438011178515,-6.944246088469882,-6.62533694954279,-6.517315787273159,-5.653868893096185,-4.972070045242072,-5.121417845601448,-6.401730518260667,-6.999578071486306,0
b2AR-decoy_1659,CCCCc1cn(C[C@H]2CN(c3ccc4c(c3)Oc3ccccc3O4)C(=O)O2)nn1,-9.62,-8.235438011178514,-6.7062460884698805,-6.08733694954279,-5.941315787273158,-5.194868893096185,-5.224070045242071,-4.529417845601447,-6.714730518260666,-7.002578071486306,0
b2AR-decoy_1660,CCC(C)C(=O)OC1c2c(ccc3ccc(=O)oc23)OC(C)(C)C1OC(=O)C(C)CC,-9.165,-7.308438011178515,-7.048246088469881,-6.08433694954279,-6.117315787273158,-6.073868893096185,-4.336070045242071,-4.546417845601447,-6.274730518260666,-6.640578071486306,0
b2AR-decoy_1661,CCCCc1ccc(C2=NN(S(=O)(=O)c3ccccc3)CCC2)cc1,-9.675,-8.027438011178516,-7.317246088469881,-6.00333694954279,-6.205315787273159,-6.0178688930961854,-4.503070045242071,-4.422417845601446,-6.4217305182606665,-6.734578071486306,0
b2AR-decoy_1662,C[C@H](CCCC(C)(C)O)[C@H]1CC[C@H]2/C(=C/C=C3C[C@@H](O)C(O)[C@H](O)C3)CCC[C@@]21C,-9.886,-7.974438011178515,-6.894246088469881,-6.31533694954279,-5.889315787273159,-5.608868893096185,-4.35307004524207,-4.926417845601447,-7.212730518260667,-6.175578071486306,0
b2AR-decoy_1663,Cc1nc(C#Cc2cncc(Oc3cccnc3)c2)cs1,-7.7,-6.134438011178515,-5.349246088469881,-5.03633694954279,-4.413315787273159,-3.510868893096185,-3.1600700452420707,-2.5124178456014468,-4.919730518260667,-5.179578071486306,0
b2AR-decoy_1664,CCOC(=O)c1c(C)n(C)c2ccc(OC(=O)c3ccoc3)cc12,-8.437,-6.076438011178516,-6.073246088469881,-4.58833694954279,-4.586315787273159,-4.234868893096184,-3.453070045242071,-2.9744178456014465,-4.810730518260667,-5.0535780714863066,0
b2AR-decoy_1665,COc1cccc(c2nnc3sc(/C=C/c4ccco4)nn32)c1,-8.942,-6.964438011178515,-6.369246088469881,-5.62233694954279,-5.194315787273158,-4.351868893096185,-3.9200700452420714,-3.5304178456014466,-5.367730518260666,-5.839578071486306,0
b2AR-decoy_1666,c1ccc2c(Oc3nc4ccsc4c4nnnn34)cccc2c1,-9.826,-7.586438011178515,-7.383246088469882,-6.64533694954279,-6.004315787273159,-5.393868893096185,-4.964070045242071,-4.847417845601447,-6.824730518260667,-6.432578071486306,0
b2AR-decoy_1667,Cc1ccc(Cl)c(OC(=O)C2CSC3(C)CCC(=O)N23)c1,-8.3,-6.946438011178515,-6.460246088469882,-5.214336949542791,-5.412315787273158,-4.850868893096184,-3.828070045242072,-3.6494178456014463,-5.415730518260666,-6.1625780714863065,0
b2AR-decoy_1668,C=C1C(=O)O[C@H]2[C@H]1CCC(=C)[C@@H]1C[C@H](OC(=O)C=C(C)C)C(=C)[C@H]21,-7.569,-5.672438011178516,-5.264246088469881,-4.43333694954279,-4.373315787273159,-3.489868893096185,-3.0240700452420715,-2.5834178456014465,-4.151730518260666,-4.666578071486306,0
b2AR-decoy_1669,O=C(N/N=C1/CC2CCC1C2)c1cc2ccccc2cc1O,-9.739,-8.295438011178515,-7.022246088469881,-6.198336949542791,-6.060315787273158,-5.258868893096185,-5.242070045242071,-4.846417845601447,-6.532730518260667,-6.742578071486307,0
b2AR-decoy_167,COc1ccc(/C=C/C(=O)c2ccccc2OCC2=CN(CC(O)COC3=C(C)C(=O)SC3C)NN2)c(OC)c1OC,-9.574,-7.678438011178516,-6.511246088469882,-5.720336949542789,-5.389315787273159,-4.633868893096185,-4.464070045242071,-4.188417845601446,-6.437730518260667,-6.568578071486307,0
b2AR-decoy_1670,CC1CN(C(=O)c2ccccc2)OC(c2ccc3c(c2)OCO3)O1,-10.654,-8.489438011178516,-7.554246088469881,-6.84033694954279,-6.475315787273159,-5.873868893096185,-5.69307004524207,-4.750417845601447,-6.896730518260666,-7.537578071486306,0
b2AR-decoy_1671,Nc1ccc(/C=C2\SC(=O)N(CCc3ccccc3)C2=O)cc1,-9.113,-7.291438011178515,-6.643246088469882,-5.7513369495427895,-5.569315787273158,-4.614868893096185,-4.530070045242072,-4.185417845601448,-5.934730518260666,-6.591578071486307,0
b2AR-decoy_1672,O=C1C=CC2(C=C1)OCC(c1ccc(c3ccoc3)cc1)O2,-9.366,-7.584438011178515,-6.925246088469882,-6.40433694954279,-5.807315787273158,-5.201868893096185,-4.85607004524207,-4.632417845601447,-6.175730518260666,-6.656578071486306,0
b2AR-decoy_1673,O=C(c1cnc(c2ccco2)s1)N1CCCC1Cn1cccn1,-8.66,-6.539438011178515,-6.010246088469882,-5.27933694954279,-4.696315787273158,-4.217868893096185,-3.405070045242071,-3.4554178456014477,-4.981730518260666,-5.960578071486307,0
b2AR-decoy_1674,Cc1cc(=O)n2nc(Oc3ccc(C#N)cc3Cl)sc2n1,-8.796,-6.593438011178515,-5.820246088469881,-5.48133694954279,-4.949315787273159,-4.495868893096185,-3.806070045242072,-3.2464178456014467,-4.983730518260666,-5.500578071486306,0
b2AR-decoy_1675,CC(C)(C)CN=C(C#N)C(C#N)/N=C/c1cccc(Cl)c1,-7.441,-5.457438011178515,-4.949246088469881,-4.21533694954279,-3.656315787273159,-3.0118688930961843,-2.6840700452420707,-2.4004178456014467,-3.9397305182606654,-4.494578071486306,0
b2AR-decoy_1676,CCOc1cc(C)c(S(=O)(=O)N2CCCCC2)cc1C,-7.753,-6.348438011178516,-5.739246088469881,-5.248336949542789,-4.197315787273158,-3.663868893096185,-3.0060700452420708,-2.917417845601447,-4.907730518260666,-4.230578071486306,0
b2AR-decoy_1677,CC(C)(C)C(=O)OCSc1nc(c2ccncc2)no1,-7.481,-5.585438011178515,-5.085246088469881,-4.32233694954279,-4.042315787273158,-3.1208688930961843,-2.754070045242071,-2.420417845601447,-4.134730518260667,-4.754578071486306,0
b2AR-decoy_1678,COC(=O)CSc1ncnc2scc(c3ccccc3)c12,-7.566,-5.752438011178515,-5.087246088469882,-4.46833694954279,-4.186315787273158,-3.335868893096185,-2.884070045242071,-2.4024178456014464,-4.312730518260667,-4.629578071486306,0
b2AR-decoy_1679,Cc1cc(=O)oc2cc(Sc3cccc(Cl)[n+]3[O-])ccc12,-9.142,-7.331438011178514,-6.487246088469881,-5.38533694954279,-5.571315787273159,-5.136868893096185,-4.80807004524207,-4.417417845601447,-5.875730518260667,-5.294578071486306,0
b2AR-decoy_168,CCC(NC(=O)[C@@H]1C[C@@H](OCc2ccccc2)CN1C(=O)[C@H](NC(=O)[C@H](NC(=O)c1cnccn1)C(C)C)C(C)C)C(=O)C(F)(F)F,-10.399,-8.070438011178515,-7.772246088469881,-6.89133694954279,-6.870315787273158,-5.511868893096185,-5.34007004524207,-5.294417845601448,-7.214730518260666,-7.190578071486307,0
b2AR-decoy_1680,CCOC(=O)c1cc2cc(Br)ccc2oc1=O,-7.204,-5.721438011178515,-4.947246088469881,-3.94633694954279,-3.5163157872731583,-3.408868893096185,-2.478070045242071,-2.584417845601447,-4.199730518260666,-4.416578071486306,0
b2AR-decoy_1681,Cc1occc1C(=O)N(C)Cc1nc(c2ccc(Cl)cc2)no1,-9.154,-7.032438011178515,-6.148246088469881,-5.92033694954279,-4.898315787273159,-4.500868893096184,-3.969070045242072,-3.708417845601448,-5.276730518260666,-5.3805780714863065,0
b2AR-decoy_1682,O=S1(=O)C=C(Sc2nc3ccccc3o2)c2ccccc21,-8.972,-7.175438011178516,-6.745246088469882,-5.70933694954279,-5.398315787273159,-4.5978688930961855,-4.211070045242071,-3.970417845601446,-5.704730518260666,-5.8805780714863065,0
b2AR-decoy_1683,Cc1ccc(C(=O)COc2ccc3c(C)cc(=O)oc3c2)cc1,-10.043,-8.422438011178516,-7.082246088469882,-7.082336949542789,-6.022315787273158,-5.758868893096185,-5.229070045242072,-4.444417845601446,-6.478730518260667,-7.215578071486307,0
b2AR-decoy_1684,C#CCOC1=C/C(=N\c2ccc(OC)cc2)c2ccccc2C1=O,-8.697,-6.605438011178515,-6.419246088469881,-5.12033694954279,-4.791315787273159,-4.592868893096185,-3.873070045242072,-3.422417845601447,-5.413730518260666,-4.935578071486306,0
b2AR-decoy_1685,C/C(=N\NC(=O)[C@@H]1C[C@H]1c1ccccc1)c1ccccc1O,-9.522,-7.376438011178514,-7.319246088469882,-5.973336949542789,-5.696315787273159,-4.967868893096185,-4.508070045242072,-4.376417845601447,-6.034730518260666,-6.932578071486306,0
b2AR-decoy_1686,CCOC=C1SC(=S)N(c2ccccc2OC)C1=O,-6.859,-4.843438011178515,-4.425246088469882,-3.833336949542789,-3.4443157872731582,-2.441868893096185,-1.9870700452420704,-1.8434178456014472,-3.7217305182606655,-3.4655780714863065,0
b2AR-decoy_1687,Cc1cc(C)c(C)c(C(=O)C2OC(=O)C(C)(C)C(=O)C2(C)C)c1C,-8.859,-7.074438011178515,-6.506246088469881,-5.822336949542789,-5.981315787273159,-5.177868893096186,-4.147070045242071,-4.0274178456014464,-5.437730518260667,-6.135578071486307,0
b2AR-decoy_1688,CN(C)C1=C(Cl)C(=O)N(c2ccc(Cl)c(Cl)c2)C1=O,-7.905,-6.224438011178515,-5.994246088469882,-4.88733694954279,-4.029315787273158,-3.502868893096185,-3.2530700452420707,-2.938417845601447,-4.291730518260667,-4.894578071486307,0
b2AR-decoy_1689,CC1CN(C(=O)c2ccc3c(c2)OCO3)OC(c2ccccc2)O1,-10.433,-8.691438011178516,-7.532246088469881,-7.076336949542791,-6.576315787273158,-5.612868893096184,-5.44607004524207,-4.734417845601447,-6.458730518260666,-7.603578071486307,0
b2AR-decoy_169,CC(C)(C)C(=O)SCCOP(=O)(OCCSC(=O)C(C)(C)C)OC[C@@H]1C[C@@H](O)[C@H](n2ccc(N)nc2=O)O1,-8.549,-6.725438011178515,-6.105246088469881,-5.550336949542789,-4.491315787273159,-4.017868893096185,-3.5160700452420715,-3.927417845601447,-5.354730518260666,-5.651578071486307,0
b2AR-decoy_1690,CO[C@@H]1C(c2ccc(C#N)c(Cl)c2C)=NN2CC(F)(F)C[C@@H]12,-8.224,-7.229438011178516,-5.722246088469881,-4.809336949542789,-4.640315787273159,-4.3158688930961855,-3.9780700452420703,-3.685417845601448,-5.4267305182606655,-5.440578071486307,0
b2AR-decoy_1691,COc1ccc(C2COc3c(ccc(O)c3OC)C2)c(OC)c1O,-8.019,-5.873438011178515,-5.396246088469881,-3.90933694954279,-4.444315787273158,-3.5208688930961847,-4.186070045242071,-2.2534178456014464,-4.526730518260666,-3.9495780714863065,0
b2AR-decoy_1692,CC(=C/c1ccco1)/C=N/N1CCN(c2ccccc2)CC1,-8.759,-6.756438011178515,-6.028246088469881,-5.47233694954279,-4.716315787273159,-4.471868893096184,-3.710070045242072,-3.5724178456014464,-5.164730518260666,-5.964578071486306,0
b2AR-decoy_1693,CC(C)(C1=N[C@@H](C(C)(C)C)CO1)C1=N[C@@H](C(C)(C)C)CO1,-7.699,-6.339438011178515,-6.059246088469882,-4.70933694954279,-4.402315787273158,-3.937868893096185,-3.084070045242071,-3.236417845601447,-5.016730518260666,-5.026578071486307,0
b2AR-decoy_1694,Cc1ccc(N(C)S(=O)(=O)c2ccc([N+](=O)[O-])cc2)cc1,-8.658,-6.404438011178515,-6.148246088469881,-5.5013369495427895,-5.255315787273158,-4.198868893096185,-3.637070045242071,-3.164417845601447,-5.087730518260666,-5.982578071486307,0
b2AR-decoy_1695,CC1(C)COC(=O)[C@@H]1Oc1ccc(C#N)c(C(F)(F)F)c1,-8.76,-6.699438011178515,-6.100246088469881,-5.11433694954279,-4.832315787273158,-4.452868893096184,-3.777070045242072,-3.326417845601447,-5.278730518260667,-5.866578071486307,0
b2AR-decoy_1696,Cc1c(C(C)(C)C)s/c(=N/S(=O)(=O)c2ccccc2)n1C,-8.315,-6.525438011178515,-5.903246088469881,-4.84533694954279,-4.773315787273159,-4.110868893096185,-3.3800700452420718,-3.436417845601447,-4.8657305182606665,-5.565578071486307,0
b2AR-decoy_1697,Cc1cs/c(=N\N=C\c2ccccc2)n1Cc1ccco1,-7.842,-6.526438011178515,-5.704246088469882,-4.538336949542789,-4.844315787273159,-3.8748688930961848,-3.3160700452420717,-3.368417845601446,-4.3977305182606665,-5.589578071486306,0
b2AR-decoy_1698,O=C(NNC(=O)c1cccs1)c1ccc2ccccc2c1,-8.999,-7.747438011178515,-6.338246088469882,-5.58033694954279,-5.701315787273158,-4.289868893096184,-4.879070045242072,-3.889417845601447,-6.053730518260666,-6.589578071486306,0
b2AR-decoy_1699,COc1ccc(Cc2cc(=O)c3ccc(OC)cc3o2)cc1,-8.835,-6.761438011178516,-5.9752460884698815,-5.608336949542791,-5.018315787273158,-4.310868893096185,-4.111070045242071,-3.770417845601447,-5.353730518260666,-5.648578071486307,0
b2AR-decoy_17,Cc1cc(OCc2ccc(C(=O)NN=C3CCCC3)cc2)ccc1Cl,-9.593,-7.535438011178515,-6.560246088469881,-5.691336949542789,-5.504315787273159,-4.981868893096184,-4.450070045242072,-4.209417845601447,-5.722730518260667,-6.363578071486307,0
b2AR-decoy_170,COc1ccc(N(CC(=O)N[C@@H](Cc2ccccc2)[C@H](O)CN(CC(C)C)S(=O)(=O)c2ccc(N)cc2)CC(=O)N(C)C)cc1,-9.31,-7.241438011178515,-6.94024608846988,-5.58733694954279,-5.805315787273159,-4.580868893096184,-4.738070045242072,-4.748417845601447,-6.359730518260667,-6.188578071486306,0
b2AR-decoy_1700,Cc1cccc(c2nnc(SCC(=O)C(C)(C)C)n2C)c1,-8.359,-6.611438011178516,-5.549246088469881,-4.90433694954279,-4.605315787273159,-3.664868893096185,-3.4360700452420714,-3.475417845601447,-5.135730518260666,-5.603578071486307,0
b2AR-decoy_1701,O=C1/C(=C/c2ccc(O)cc2O)SC(=S)N1c1ccccc1,-8.629,-6.452438011178515,-6.479246088469882,-5.22833694954279,-4.955315787273159,-4.214868893096185,-4.304070045242071,-3.4084178456014467,-5.460730518260666,-6.175578071486306,0
b2AR-decoy_1702,CCN(C(=O)/C=C/c1ccc2c(c1)OCO2)c1ccccc1,-8.804,-6.529438011178515,-6.054246088469881,-5.41333694954279,-5.026315787273159,-3.785868893096184,-3.750070045242071,-3.483417845601446,-4.9057305182606665,-6.099578071486306,0
b2AR-decoy_1703,COCC(=O)N1CCCC(C(=O)c2ccc(C(F)(F)F)cc2)C1,-9.082,-7.2174380111785155,-6.4272460884698805,-5.909336949542789,-5.241315787273159,-4.919868893096185,-3.966070045242072,-3.717417845601446,-5.406730518260666,-6.286578071486307,0
b2AR-decoy_1704,C/C(=N\n1c(C)nc2cc3c(cc2c1=O)OCO3)c1cccs1,-8.764,-6.762438011178515,-6.479246088469882,-5.152336949542789,-5.110315787273159,-4.5658688930961855,-4.607070045242072,-3.621417845601448,-5.621730518260666,-5.959578071486307,0
b2AR-decoy_1705,O=C(OCC(=O)c1ccccc1Br)c1ccccn1,-8.026,-6.202438011178515,-5.522246088469881,-4.535336949542789,-4.675315787273158,-3.828868893096185,-3.2760700452420712,-2.9484178456014467,-4.559730518260666,-5.5535780714863066,0
b2AR-decoy_1706,Cc1ccc(S(=O)(=O)/N=C/c2ccc(N(C)C)cc2)cc1,-8.2,-6.594438011178514,-5.919246088469881,-5.370336949542789,-4.796315787273159,-4.018868893096185,-3.753070045242071,-3.348417845601447,-4.7807305182606665,-5.5665780714863065,0
b2AR-decoy_1707,C[C@@](F)(c1ccc(C(F)(F)F)nc1)S(C)(=O)=NC#N,-7.802,-5.986438011178516,-5.197246088469881,-4.942336949542789,-4.048315787273158,-3.7178688930961847,-2.9570700452420717,-2.678417845601447,-4.374730518260666,-4.460578071486307,0
b2AR-decoy_1708,C/C(=N\NC(=S)Nc1ccccc1F)c1ccc([N+](=O)[O-])cc1,-9.541,-7.245438011178516,-6.602246088469881,-5.61233694954279,-5.729315787273158,-4.825868893096185,-4.891070045242071,-4.328417845601447,-6.089730518260666,-6.664578071486307,0
b2AR-decoy_1709,COc1ccc(C=C2CCC3C(CCCC34OCCO4)C2=O)cc1,-9.838,-7.803438011178516,-7.069246088469882,-6.146336949542789,-5.8013157872731576,-5.123868893096185,-4.655070045242072,-4.249417845601446,-6.428730518260666,-6.285578071486306,0
b2AR-decoy_171,CC(C)CN(C[C@@H](O)[C@H](Cc1ccccc1)NC(=O)O[C@H]1CO[C@H]2OCC[C@@H]12)S(=O)(=O)c1ccc2c(c1)C(=CNCCc1ccccc1)C(=O)N2,-9.963,-8.674438011178514,-8.659246088469882,-6.979336949542789,-6.818315787273159,-5.969868893096185,-6.139070045242072,-5.810417845601448,-7.337730518260667,-8.019578071486306,0
b2AR-decoy_1710,O=S(=O)(c1cccc(Cl)c1Cl)n1ccc2ncccc21,-8.977,-7.0044380111785145,-5.933246088469881,-5.099336949542789,-5.479315787273158,-4.250868893096184,-4.43007004524207,-3.916417845601448,-5.434730518260666,-5.233578071486306,0
b2AR-decoy_1711,Cc1c[nH]c(CNC(=O)c2ccc3oc(C(C)C)nc3c2)n1,-8.868,-6.725438011178515,-6.273246088469881,-5.52533694954279,-5.217315787273158,-4.575868893096185,-4.086070045242071,-3.848417845601446,-5.511730518260666,-5.607578071486307,0
b2AR-decoy_1712,O=C(c1cnc(c2ccco2)s1)N1CCOc2ncccc21,-8.373,-6.446438011178515,-5.827246088469881,-5.36833694954279,-4.749315787273159,-4.421868893096185,-3.7920700452420704,-3.719417845601447,-5.191730518260666,-5.373578071486307,0
b2AR-decoy_1713,CC(=O)Oc1ccccc1c1cc2cc(C)ccc2oc1=O,-8.78,-7.3264380111785155,-6.8422460884698815,-5.832336949542789,-5.666315787273158,-5.048868893096184,-4.082070045242071,-4.258417845601446,-5.752730518260666,-5.862578071486306,0
b2AR-decoy_1714,c1ccc2cc(c3n[nH]c4ccc(C5=NN=NN5)cc43)ccc2c1,-10.865,-8.853438011178515,-8.37624608846988,-7.194336949542789,-6.829315787273158,-6.406868893096185,-5.823070045242071,-5.839417845601448,-7.740730518260666,-8.195578071486306,0
b2AR-decoy_1715,CN(C)C(=O)CSc1ncnc2scc(c3ccccc3)c12,-8.095,-6.104438011178515,-5.802246088469881,-4.99233694954279,-4.781315787273159,-3.571868893096185,-3.22107004524207,-2.802417845601447,-4.6077305182606665,-4.844578071486307,0
b2AR-decoy_1716,Cc1oc2c(c1C(=O)c1ccccc1)C(=O)c1ccccc1C2=O,-9.95,-7.899438011178516,-8.159246088469882,-6.1873369495427895,-6.565315787273159,-6.219868893096185,-5.079070045242071,-5.133417845601446,-6.835730518260666,-6.592578071486306,0
b2AR-decoy_1717,CC(C)(C)C(NC(=O)c1cc(OCC(F)(F)F)c(C2CC2)cn1)c1nccs1,-8.606,-6.323438011178515,-6.323246088469881,-4.817336949542789,-4.542315787273158,-4.343868893096184,-4.295070045242071,-3.2674178456014467,-5.360730518260667,-5.068578071486307,0
b2AR-decoy_1718,CCc1nc(SCC(=O)Nc2cc(C)ccc2OC)c2c(C)c(C)sc2n1,-9.129,-7.317438011178515,-6.423246088469881,-5.9373369495427895,-5.747315787273159,-5.167868893096184,-4.431070045242072,-4.305417845601447,-5.766730518260667,-6.558578071486307,0
b2AR-decoy_1719,CCCc1ccc(C(=O)O[C@H]2CC3C(=C2C)[C@H]2OC(=O)[C@@H](C)[C@@H]2CC[C@@]3(C)O)cc1,-8.623,-6.744438011178515,-6.423246088469881,-5.35033694954279,-5.114315787273158,-4.306868893096185,-4.160070045242071,-3.529417845601447,-5.382730518260667,-5.587578071486307,0
b2AR-decoy_172,C=CC(=O)Nc1cc(Nc2cc(c3cccc(NC(=O)c4ccc(N(C)C)cc4)c3C)cn(C)c2=O)ccc1C(=O)N(CCOCC)CCOCC,-8.183,-7.115438011178515,-6.248246088469882,-5.608336949542791,-4.971315787273159,-4.242868893096185,-3.547070045242071,-2.9074178456014472,-5.925730518260666,-5.343578071486306,0
b2AR-decoy_1720,O=C(OCc1cc(Cl)ccc1O)c1cc2cc(CCl)ccc2oc1=O,-9.519,-7.418438011178516,-6.859246088469881,-6.04533694954279,-5.477315787273158,-4.883868893096185,-4.579070045242071,-4.034417845601446,-6.111730518260666,-6.376578071486307,0
b2AR-decoy_1721,C/C=C1\[C@H]2C=C(C)C[C@]1(/N=C/c1ccc(OC)cc1OC)c1ccc(=O)[nH]c1C2,-8.975,-7.542438011178515,-7.060246088469881,-5.848336949542789,-5.222315787273159,-5.228868893096184,-4.74107004524207,-4.450417845601447,-6.533730518260667,-5.899578071486307,0
b2AR-decoy_1722,CC(=O)Nc1cc(C(=O)N(C)Cc2ccco2)ccc1Sc1ccc(C)cc1,-8.347,-6.873438011178514,-6.138246088469881,-5.09633694954279,-4.8093157872731584,-4.126868893096185,-4.43307004524207,-4.068417845601447,-5.620730518260666,-5.429578071486306,0
b2AR-decoy_1723,O=c1c(Cl)c(N/N=C/c2ccc(Br)cc2)cnn1c1ccccc1,-9.576,-7.683438011178515,-7.066246088469882,-6.230336949542791,-5.702315787273159,-4.845868893096185,-4.637070045242071,-4.298417845601447,-5.869730518260667,-6.516578071486306,0
b2AR-decoy_1724,C=C1C=C2C=C[C@H](C)[C@H](CC[C@@H]3C[C@@H](O)CC(=O)O3)[C@H]2[C@@H](OC(=O)[C@@H](C)CC)C1,-10.125,-7.833438011178515,-7.583246088469881,-6.245336949542789,-6.473315787273158,-5.729868893096185,-4.858070045242071,-5.058417845601447,-6.657730518260667,-6.552578071486307,0
b2AR-decoy_1725,O=C(CC12CC3CC(C1)CC(C1CCCC1)(C3)C2)N/N=C/c1ccc([N+](=O)[O-])o1,-10.314,-8.604438011178516,-7.545246088469881,-7.17933694954279,-6.654315787273159,-5.7438688930961845,-5.489070045242071,-5.078417845601447,-6.319730518260666,-7.245578071486307,0
b2AR-decoy_1726,CC(C)(C)NC(=O)C(c1ccc(Cl)cc1)N(Cc1ccco1)C(=O)CCl,-7.647,-5.928438011178515,-5.912246088469881,-5.10433694954279,-4.225315787273159,-3.7338688930961847,-3.11207004524207,-3.1844178456014465,-4.582730518260666,-4.838578071486307,0
b2AR-decoy_1727,CCN1C(=O)/C(=C/N2N=C(c3ccccc3)CC2c2ccccc2O)SC1=S,-9.67,-7.647438011178515,-7.512246088469881,-6.21233694954279,-6.134315787273158,-5.460868893096185,-4.8880700452420704,-4.989417845601446,-6.351730518260666,-7.072578071486307,0
b2AR-decoy_1728,COc1ccc(CSc2nc(C(C#N)c3cccc(F)c3)c(C)c(=O)[nH]2)cc1,-9.017,-7.123438011178514,-7.1132460884698805,-5.76933694954279,-5.826315787273158,-5.303868893096185,-4.434070045242072,-4.058417845601447,-5.771730518260666,-6.246578071486306,0
b2AR-decoy_1729,COc1cccc(c2cc(C(=O)Nc3ccn(Cc4ccc(C)cc4)n3)no2)c1,-9.911,-8.113438011178514,-7.073246088469881,-6.803336949542789,-6.338315787273158,-5.5658688930961855,-4.815070045242072,-4.747417845601447,-6.078730518260667,-7.427578071486307,0
b2AR-decoy_173,CCC(=O)CCCCC[C@@H]1NC(=O)[C@H]2CCCCN2C(=O)[C@H]([C@@H](C)CC)NC(=O)[C@H](CC(=O)Cc2ccccc2)NC1=O,-7.78,-6.335438011178516,-5.677246088469881,-4.41533694954279,-4.442315787273159,-4.196868893096184,-3.156070045242071,-3.444417845601447,-5.4057305182606665,-4.671578071486307,0
b2AR-decoy_1730,CC(C)(C)c1cc(NC(=O)Cn2cnc3scc(c4ccccc4)c3c2=O)on1,-10.062,-8.263438011178515,-7.296246088469882,-6.58433694954279,-6.279315787273159,-5.822868893096185,-4.78907004524207,-5.108417845601446,-6.664730518260667,-6.949578071486307,0
b2AR-decoy_1731,CCCOc1ccc(Oc2ncc(C#CC(C)NC(C)=O)s2)c(Cl)c1,-8.196,-5.709438011178516,-5.759246088469881,-4.60933694954279,-4.436315787273158,-3.691868893096185,-2.837070045242071,-2.7054178456014477,-4.491730518260666,-5.181578071486307,0
b2AR-decoy_1732,CSc1nc(Cl)cc(Sc2nnc(c3ccc(C(F)(F)F)cc3)[nH]2)n1,-9.754,-7.494438011178515,-7.229246088469882,-6.422336949542789,-6.147315787273158,-5.627868893096185,-4.63507004524207,-4.955417845601447,-5.919730518260666,-7.176578071486306,0
b2AR-decoy_1733,COc1cc2c(c(OC)c1OC)-c1c(cc3c(c1O)OCO3)[C@H](OC)[C@@H](C)[C@@H](C)C2,-6.775,-4.426438011178515,-4.385246088469882,-3.63833694954279,-2.9603157872731583,-2.566868893096185,-2.023070045242071,-1.9514178456014468,-3.807730518260666,-2.881578071486307,0
b2AR-decoy_1734,COc1ccc(C(C)(C)C)cc1NC(=O)COc1ccc(c2nnco2)cc1,-10.04,-7.675438011178516,-7.263246088469881,-6.58733694954279,-6.326315787273158,-5.528868893096185,-4.843070045242071,-4.863417845601447,-6.512730518260666,-6.981578071486307,0
b2AR-decoy_1735,Cc1cccc(NC(=O)CSc2nnc(c3ccco3)c(c3ccco3)n2)c1C,-9.857,-7.849438011178515,-7.280246088469882,-7.338336949542789,-5.671315787273159,-5.435868893096185,-4.67707004524207,-4.462417845601447,-6.515730518260666,-7.535578071486306,0
b2AR-decoy_1736,Cc1ccc(C2(O)OC(=O)C(c3ccc4c(c3)OCO4)=C2Cc2ccccc2)cc1,-10.538,-8.643438011178516,-7.782246088469881,-7.344336949542789,-6.183315787273159,-6.292868893096184,-5.66407004524207,-5.367417845601446,-6.711730518260666,-7.626578071486307,0
b2AR-decoy_1737,CCn1c(SCc2nc(c3cccs3)no2)nnc1c1c[nH]c2ccccc21,-10.326,-8.210438011178516,-6.415246088469882,-7.005336949542789,-6.0513157872731576,-5.345868893096185,-4.532070045242071,-4.534417845601446,-6.2167305182606665,-7.556578071486307,0
b2AR-decoy_1738,CS(=O)(=O)NC(=O)c1cc(Cl)c(OC2CCC3(CCCC3)CC2)cc1F,-9.936,-7.850438011178515,-7.153246088469881,-6.498336949542789,-6.442315787273158,-4.728868893096184,-5.097070045242072,-4.896417845601446,-7.002730518260666,-6.869578071486307,0
b2AR-decoy_1739,COc1ccc2c(c1)c(C(=O)N/N=C/c1cccc(Br)c1)c(C)n2C,-9.738,-7.388438011178515,-7.000246088469881,-5.9373369495427895,-5.192315787273158,-4.9888688930961855,-4.625070045242071,-4.608417845601446,-5.458730518260666,-6.293578071486307,0
b2AR-decoy_174,CCC(=O)C(F)CCCC[C@@H]1NC(=O)[C@H]2CCCCN2C(=O)[C@H]([C@@H](C)CC)NC(=O)[C@H](Cc2cn(OC)c3ccccc23)NC1=O,-7.758,-6.678438011178516,-6.465246088469881,-4.67533694954279,-4.432315787273159,-4.037868893096185,-3.413070045242071,-3.5144178456014465,-5.287730518260666,-4.910578071486306,0
b2AR-decoy_1740,Cc1cc(/C=C(\C#N)C(=O)NCc2cccs2)c(C)n1c1ccc([N+](=O)[O-])cc1,-9.039,-6.637438011178515,-6.367246088469882,-5.04533694954279,-4.712315787273158,-4.524868893096185,-4.0130700452420704,-3.693417845601447,-5.185730518260667,-5.876578071486307,0
b2AR-decoy_1741,Cc1cccc(c2ocnc2C(=O)Nc2cnn(CCN3CCc4ccccc43)c2)c1,-10.379,-8.308438011178515,-7.881246088469881,-6.3603369495427895,-6.790315787273158,-6.136868893096185,-5.53607004524207,-5.528417845601448,-7.514730518260666,-7.779578071486306,0
b2AR-decoy_1742,Cc1ccc2[nH]c(SCc3nnc(c4ccccc4Br)o3)nc2c1,-10.249,-8.273438011178515,-7.664246088469881,-6.88133694954279,-6.4263157872731576,-5.5338688930961855,-5.009070045242071,-5.112417845601447,-6.733730518260666,-7.220578071486306,0
b2AR-decoy_1743,COc1ccc(c2cn3c(C(=O)Nc4cc(C)ccc4C)csc3n2)cc1,-9.862,-8.026438011178515,-7.123246088469882,-6.515336949542789,-6.215315787273159,-5.469868893096185,-4.809070045242072,-4.805417845601447,-6.491730518260667,-6.799578071486307,0
b2AR-decoy_1744,O=C(CSc1nc(C(F)(F)F)cc(c2cccs2)n1)NCc1ccco1,-8.807,-6.900438011178515,-6.643246088469882,-5.143336949542789,-5.188315787273158,-4.457868893096185,-4.10007004524207,-3.930417845601447,-5.237730518260666,-5.692578071486306,0
b2AR-decoy_1745,CC(C)(C#N)c1ccc(NC(=O)C2=CCN(c3ncccc3C(F)(F)F)CC2)cc1,-9.278,-6.939438011178515,-6.17424608846988,-5.59033694954279,-4.589315787273159,-3.974868893096184,-4.393070045242071,-4.307417845601448,-5.693730518260667,-6.069578071486307,0
b2AR-decoy_1746,CC[C@@H]1[C@@H](C)C[C@@]2(O)C(=O)O[C@H](C)[C@H]2[C@H]1/C=C/c1ccc(c2ccoc2)cn1,-10.096,-7.648438011178515,-7.231246088469881,-6.67633694954279,-5.9263157872731576,-5.180868893096184,-5.172070045242071,-4.821417845601447,-6.331730518260667,-6.573578071486306,0
b2AR-decoy_1747,O=C(/C=C/c1ccc(O)cc1)c1ccc(OS(=O)(=O)c2cccc(F)c2)cc1,-9.259,-7.568438011178515,-6.194246088469882,-5.84033694954279,-5.539315787273159,-4.848868893096185,-4.80807004524207,-5.144417845601447,-6.669730518260666,-7.0985780714863065,0
b2AR-decoy_1748,Cc1ccc(c2nnc(CCC(=O)NCC3C4CC5CC(C4)CC3C5)o2)s1,-10.559,-8.907438011178515,-7.291246088469881,-6.06533694954279,-5.408315787273159,-5.751868893096185,-5.0130700452420704,-4.292417845601447,-6.240730518260666,-7.483578071486306,0
b2AR-decoy_1749,CCOC(=O)c1sc(NC(=O)c2ccc(Br)cc2)c(C#N)c1C,-7.034,-5.755438011178515,-4.9302460884698815,-3.93333694954279,-3.975315787273159,-3.063868893096185,-3.3350700452420714,-2.5894178456014467,-4.612730518260666,-4.253578071486307,0
b2AR-decoy_175,CCCCC(NC(=O)[C@@H]1[C@@H]2[C@H](CN1C(=O)[C@@H](NC(=O)N[C@@H](CN1C(=O)CC(C)(C)CC1=O)C(C)(C)C)C(C)(C)C)C2(C)C)C(=O)C(=O)NCC,-9.445,-7.579438011178516,-7.182246088469881,-6.774336949542789,-5.853315787273159,-5.228868893096184,-4.742070045242071,-4.456417845601447,-5.736730518260666,-6.963578071486307,0
b2AR-decoy_1750,COc1cc(O)c(C(=O)/C=C/c2ccc(OC)c(Br)c2)c(OC)c1,-7.662,-6.066438011178515,-5.376246088469881,-4.889336949542789,-4.178315787273158,-3.2228688930961846,-3.4900700452420708,-2.954417845601447,-4.500730518260666,-4.838578071486307,0
b2AR-decoy_1751,CC1=CC[C@@H]2[C@@H](C1)c1c(O)cc(CC(=O)OCCCCC#N)cc1OC2(C)C,-9.243,-6.582438011178516,-6.240246088469881,-5.55433694954279,-5.173315787273159,-4.714868893096185,-4.125070045242071,-3.2064178456014467,-5.3737305182606665,-5.359578071486306,0
b2AR-decoy_1752,CCn1c2ccncc2c2cc(NS(=O)(=O)c3ccc(OC)cc3OC)ccc21,-9.056,-7.952438011178515,-6.69024608846988,-6.008336949542789,-5.439315787273159,-4.931868893096185,-4.457070045242071,-4.065417845601447,-5.836730518260666,-6.456578071486307,0
b2AR-decoy_1753,Cc1ccc(c2csc3ncnc(SCC(=O)NCC4CCCO4)c32)cc1,-9.265,-7.124438011178516,-6.9722460884698805,-6.233336949542791,-5.531315787273158,-4.5708688930961845,-4.670070045242071,-3.925417845601446,-5.720730518260666,-5.858578071486306,0
b2AR-decoy_1754,OCCCCn1c(Cn2c(C(F)(F)F)nc3ccccc32)nc2ccccc21,-9.109,-7.039438011178515,-6.9512460884698815,-5.50933694954279,-5.631315787273158,-5.020868893096186,-4.541070045242071,-3.881417845601448,-5.693730518260667,-5.6465780714863065,0
b2AR-decoy_1755,CC(C)n1cc(NC(=O)c2cnn3cccnc23)c(c2cccc(Cl)c2)n1,-9.774,-7.079438011178516,-7.36024608846988,-6.323336949542791,-6.085315787273158,-5.365868893096184,-4.857070045242072,-4.607417845601447,-6.132730518260667,-6.264578071486307,0
b2AR-decoy_1756,COc1cc(/C=N\Nc2nc(c3ccc(C)cc3)c(NC(C)=O)s2)ccc1O,-9.417,-7.391438011178515,-6.998246088469882,-5.797336949542789,-5.226315787273158,-4.822868893096185,-4.440070045242072,-4.505417845601446,-5.935730518260666,-6.433578071486307,0
b2AR-decoy_1757,O=C(CSc1nccn1Cc1ccco1)Nc1cc(C(F)(F)F)ccc1Cl,-9.714,-7.779438011178515,-7.03324608846988,-6.454336949542789,-5.837315787273159,-5.188868893096185,-4.473070045242071,-4.598417845601446,-6.016730518260667,-6.296578071486307,0
b2AR-decoy_1758,CC1(C)CN(Cc2ccc(O)cc2)C(=O)C1Oc1ccc(C#N)c(C(F)(F)F)c1,-9.674,-7.836438011178515,-7.564246088469881,-6.13533694954279,-6.003315787273159,-5.896868893096185,-4.875070045242071,-4.989417845601446,-6.477730518260666,-6.340578071486307,0
b2AR-decoy_1759,O=C(Nc1nnc(SCc2ccc([N+](=O)[O-])cc2)s1)c1ccc(F)cc1,-9.491,-7.397438011178515,-6.752246088469882,-5.396336949542789,-4.997315787273159,-4.811868893096184,-4.682070045242071,-4.483417845601446,-6.161730518260667,-6.135578071486307,0
b2AR-decoy_176,CCOC(=O)/C=C/C(C[C@@H]1CCNC1=O)NC(=O)[C@@H](CC(=O)[C@@H](NC(=O)c1cc(C)on1)C(C)C)Cc1ccc(F)cc1,-9.8,-7.772438011178515,-7.490246088469881,-6.415336949542789,-6.345315787273158,-5.991868893096184,-5.008070045242072,-5.111417845601446,-6.561730518260667,-6.639578071486307,0
b2AR-decoy_1760,CCO/C(O)=C1\C(C)=NC2=C(C(=O)CC(C)(C)C2)C1c1ccc(N(C)C)cc1,-9.588,-7.245438011178516,-6.647246088469881,-6.018336949542789,-5.750315787273159,-4.939868893096184,-4.858070045242071,-4.274417845601446,-5.451730518260666,-5.933578071486307,0
b2AR-decoy_1761,CCOc1ccc(c2csc(/C(C#N)=C\c3ccc(O)c([N+](=O)[O-])c3)n2)cc1,-8.838,-6.718438011178515,-6.752246088469882,-5.149336949542789,-5.047315787273158,-5.059868893096185,-4.335070045242071,-3.965417845601447,-5.570730518260666,-5.296578071486307,0
b2AR-decoy_1762,CC[C@@H](C)C(=O)O[C@H]1C[C@@H](C)C=C2C=C[C@H](C)[C@H](CC[C@@H]3C[C@@H](O)CC(=O)O3)[C@H]21,-10.164,-7.658438011178514,-7.405246088469882,-6.46133694954279,-6.439315787273159,-5.428868893096185,-4.867070045242071,-4.693417845601447,-6.687730518260667,-7.324578071486307,0
b2AR-decoy_1763,O=C(/C=C/c1ccc(/C=C(/C(=O)NC2CC2)c2ccc(C(F)(F)F)cc2)cc1)NO,-10.265,-8.071438011178515,-7.341246088469882,-6.77633694954279,-6.635315787273159,-5.529868893096184,-5.436070045242071,-5.227417845601448,-6.425730518260666,-6.529578071486306,0
b2AR-decoy_1764,CC(C)CC(=O)O[C@H]1C[C@@H](C)C=C2C=C[C@H](C)[C@H](CC[C@@H]3C[C@@H](O)CC(=O)O3)C21,-10.166,-7.690438011178514,-7.445246088469881,-6.4373369495427895,-6.292315787273159,-5.582868893096185,-4.801070045242071,-4.657417845601447,-6.743730518260666,-6.684578071486307,0
b2AR-decoy_1765,COC(=O)C(C)(C)Oc1ccc(C(=O)/C=C/c2c(C)[nH]c3ccccc23)cc1,-9.262,-7.619438011178515,-6.883246088469882,-5.65733694954279,-5.139315787273159,-4.9888688930961855,-5.30507004524207,-4.227417845601448,-6.565730518260667,-6.552578071486307,0
b2AR-decoy_1766,CCc1c(Sc2cc(C)cc(C)c2)n(C/C=C/c2ccco2)c(=O)[nH]c1=O,-8.233,-6.830438011178515,-5.9302460884698815,-5.553336949542789,-4.870315787273158,-4.671868893096185,-3.629070045242072,-3.940417845601447,-5.654730518260667,-5.702578071486306,0
b2AR-decoy_1767,CC(C)c1cc(N2CCCCC2)nnc1C(=O)NC1C2CC3CC(C2)CC1C3,-10.532,-9.435438011178515,-7.693246088469881,-6.92733694954279,-5.724315787273158,-6.130868893096185,-4.988070045242072,-4.758417845601446,-6.471730518260667,-7.407578071486306,0
b2AR-decoy_1768,Cc1ccc(NC(=O)CN2C(=O)C(c3ccc(C(C)(C)C)cc3)=NC2(C)C)cc1,-10.22,-8.278438011178515,-7.653246088469881,-7.14133694954279,-6.608315787273158,-6.031868893096185,-5.764070045242072,-4.645417845601447,-6.7807305182606665,-7.324578071486307,0
b2AR-decoy_1769,CC(C)Cn1cc(c2cc(C(N)=O)c3c(c2)C(O)(C(F)(F)F)c2ccccc2-3)cn1,-8.611,-7.291438011178515,-6.6082460884698815,-5.55533694954279,-5.607315787273159,-4.939868893096184,-3.7710700452420713,-4.252417845601446,-6.032730518260667,-5.925578071486306,0
b2AR-decoy_177,O=C(CCc1c[nH]c2ccc(Br)cc12)NCCSSCCNC(=O)CCc1c[nH]c2ccc(Br)cc12,-8.156,-6.6294380111785145,-5.8582460884698815,-5.53533694954279,-4.090315787273158,-4.108868893096185,-3.5830700452420707,-3.756417845601448,-5.077730518260666,-5.438578071486306,0
b2AR-decoy_1770,CCOP(=O)(OCC)C(Nc1ccc([N+](=O)[O-])cc1)c1ccc(Cl)cc1,-8.15,-5.901438011178515,-5.782246088469881,-4.68933694954279,-4.719315787273159,-4.176868893096184,-3.446070045242071,-2.973417845601447,-4.672730518260666,-4.605578071486306,0
b2AR-decoy_1771,COC(=O)c1cccc(NC(=O)/C=C/Oc2ccc(C(C)(C)CC(C)(C)C)cc2)c1,-9.946,-7.014438011178514,-6.144246088469881,-5.691336949542789,-5.564315787273159,-5.390868893096185,-4.500070045242071,-4.431417845601446,-5.345730518260666,-5.915578071486307,0
b2AR-decoy_1772,Cn1cc(C2=C(c3cn(CCCCCC#N)c4ccccc34)C(=O)N(O)C2=O)c2ccccc21,-10.07,-7.140438011178516,-7.109246088469881,-5.90133694954279,-5.641315787273159,-5.864868893096185,-4.49407004524207,-4.431417845601446,-6.320730518260666,-6.179578071486306,0
b2AR-decoy_1773,C[C@H](NC(=O)C1CC1)c1ccc(OC2CCN(c3ccc(OCC4CC4)cc3)C2)cc1,-9.614,-7.848438011178516,-6.822246088469882,-5.893336949542789,-5.982315787273159,-5.085868893096185,-4.771070045242071,-4.181417845601446,-6.334730518260667,-6.2555780714863065,0
b2AR-decoy_1774,COc1ccc(CCNC(=O)c2ccc3c(c2)N(Cc2ccccc2)CCS3)c(OC)c1,-9.088,-7.609438011178515,-6.784246088469882,-6.0623369495427895,-5.456315787273159,-5.202868893096184,-5.115070045242071,-4.003417845601447,-5.605730518260666,-6.048578071486306,0
b2AR-decoy_1775,CCOP(=O)(Cc1ccc(C(=O)Nc2cc(c3ccc(Cl)cc3)no2)cc1)OCC,-8.978,-6.885438011178515,-5.996246088469881,-4.57233694954279,-4.845315787273158,-4.271868893096185,-4.066070045242071,-3.4324178456014467,-5.156730518260666,-5.901578071486307,0
b2AR-decoy_1776,Oc1ccc(SC[C@@H]2CO[C@@](CCc3ccc(Cl)cc3)(Cn3ccnc3)O2)cc1,-9.547,-7.9514380111785155,-6.990246088469881,-6.36833694954279,-6.481315787273159,-5.011868893096185,-4.868070045242071,-4.641417845601447,-6.146730518260666,-6.243578071486306,0
b2AR-decoy_1777,CCN(CC(=O)Nc1ccccc1C(F)(F)F)C(=O)/C=C/c1ccc(Cl)c([N+](=O)[O-])c1,-10.602,-7.756438011178515,-7.305246088469881,-6.294336949542791,-6.258315787273158,-5.463868893096185,-4.24707004524207,-4.631417845601447,-6.215730518260667,-6.116578071486307,0
b2AR-decoy_1778,O=S(=O)(c1ccccc1)N(CC(O)Cn1c2ccccc2c2ccccc21)c1ccccc1,-10.105,-8.145438011178515,-7.65824608846988,-7.220336949542789,-6.719315787273159,-5.421868893096185,-5.519070045242071,-5.013417845601447,-7.396730518260666,-7.081578071486307,0
b2AR-decoy_1779,C=C(C)CC[C@]1(C)C2=CCC[C@](C)(C[C@@H](OC(C)=O)C3=CC(=O)OC3O)[C@H]2CC[C@H]1C,-10.337,-7.711438011178515,-7.61024608846988,-6.31433694954279,-5.726315787273158,-6.1748688930961855,-4.714070045242071,-4.657417845601447,-6.231730518260667,-6.259578071486306,0
b2AR-decoy_178,Cc1c(COc2cc(OCc3cccc(C#N)c3)c(C[NH2+][C@@H](C(=O)[O-])[C@H](C)O)cc2Cl)cccc1c1ccccc1,-10.274,-8.483438011178515,-7.409246088469882,-6.855336949542791,-6.329315787273158,-5.485868893096185,-5.126070045242072,-5.898417845601447,-6.573730518260666,-7.652578071486307,0
b2AR-decoy_1780,Clc1ccc2ccc(/C=C/c3ccc(OCc4ccccc4CC4=NN=NN4)cc3)nc2c1,-11.65,-9.207438011178516,-8.152246088469882,-7.43633694954279,-7.379315787273159,-6.611868893096185,-6.110070045242072,-6.093417845601447,-6.970730518260666,-8.085578071486307,0
b2AR-decoy_1781,CCOC(=O)c1c(NC(=O)COc2cc(C)ccc2C(C)C)sc2c1CCCC2,-9.236,-7.554438011178515,-6.675246088469882,-5.823336949542791,-5.715315787273159,-4.935868893096185,-4.160070045242071,-4.145417845601447,-6.231730518260667,-6.583578071486306,0
b2AR-decoy_1782,CC(=O)N[C@@H](C)c1ccc(OC2CCN(c3ccc(OCC(C)(C)F)cc3)C2)cc1,-9.749,-7.875438011178515,-6.882246088469881,-5.983336949542791,-5.475315787273159,-5.056868893096185,-4.127070045242071,-3.974417845601448,-6.099730518260666,-5.569578071486307,0
b2AR-decoy_1783,C=C(CC)C(=O)c1ccc(OCC(=O)Nc2ccc(C#N)cc2)c(Cl)c1Cl,-9.233,-7.174438011178514,-6.099246088469881,-5.482336949542789,-4.535315787273158,-4.7678688930961854,-4.22507004524207,-3.529417845601447,-5.359730518260667,-5.690578071486307,0
b2AR-decoy_1784,CCc1cc(CC)nc(SCC(=O)Nc2ncc(Cc3cccc(C)c3)s2)n1,-9.262,-6.482438011178516,-6.471246088469881,-5.25633694954279,-5.008315787273158,-4.678868893096185,-3.947070045242072,-3.855417845601448,-5.306730518260666,-6.133578071486307,0
b2AR-decoy_1785,Cc1ccc(C)c(NC(CC(=O)c2ccccc2)C(=O)OCC(=O)c2cccs2)c1,-9.628,-7.659438011178516,-6.994246088469881,-6.04533694954279,-5.737315787273159,-5.438868893096185,-4.580070045242071,-4.742417845601446,-5.967730518260666,-6.650578071486306,0
b2AR-decoy_1786,COC(=O)C(C)c1ccc(c2ccc(O)c(C(=O)/C=C/c3ccccc3OC)c2)c(F)c1,-9.978,-8.564438011178515,-6.705246088469881,-6.19533694954279,-6.427315787273159,-5.4568688930961855,-5.14807004524207,-4.502417845601446,-6.134730518260666,-6.913578071486306,0
b2AR-decoy_1787,Cc1nc([C@](C)(CC(C)(C)C)NC(=O)c2cc(OCC(F)(F)F)c(C3CC3)cn2)no1,-8.824,-6.686438011178515,-7.252246088469882,-5.569336949542789,-5.272315787273158,-4.693868893096184,-4.705070045242071,-3.885417845601447,-6.088730518260666,-5.570578071486306,0
b2AR-decoy_1788,CCCc1cc(Oc2ccccc2OCCn2ccc(=O)[nH]c2=O)c(C)c2cc(C#N)ccc12,-10.26,-8.127438011178516,-8.109246088469881,-6.72133694954279,-6.507315787273159,-6.0338688930961855,-5.602070045242071,-5.178417845601446,-6.312730518260667,-7.378578071486306,0
b2AR-decoy_1789,C/C=C\[C@@H]1C[C@H](OC(=O)[C@@H](C)CC)[C@@H]2[C@@H](CC[C@@H]3C[C@@H](O)CC(=O)O3)[C@@H](C)C=C[C@H]2C1,-9.691,-7.538438011178515,-7.313246088469882,-6.18333694954279,-5.978315787273159,-5.652868893096185,-4.912070045242071,-4.785417845601447,-6.599730518260666,-7.1625780714863065,0
b2AR-decoy_179,CC(C)(C)C(=O)OCC(Cc1ccccc1)NP(=O)(OC[C@H]1O[C@@H](n2ccc(N)nc2=O)[C@](C)(O)[C@@H]1O)Oc1ccccc1,-10.425,-8.740438011178515,-8.056246088469882,-7.75433694954279,-6.527315787273158,-6.398868893096184,-5.501070045242072,-5.382417845601447,-6.7967305182606665,-7.748578071486307,0
b2AR-decoy_1790,Cc1ccc(C(=O)NCCCCn2c3ccc(O)cc3c(C)c2c2ccc(O)cc2)cc1,-9.817,-8.234438011178515,-7.699246088469881,-6.67633694954279,-5.869315787273159,-5.749868893096185,-5.190070045242072,-4.286417845601447,-7.456730518260667,-6.998578071486307,0
b2AR-decoy_1791,CCCCc1nc(COC2(c3ccccc3)c3ccccc3C(=O)N2Cc2ccccc2)c[nH]1,-9.622,-8.394438011178515,-8.12924608846988,-6.68633694954279,-6.260315787273159,-6.062868893096185,-5.300070045242071,-4.994417845601447,-6.5197305182606655,-6.594578071486307,0
b2AR-decoy_1792,c1ccc(Cn2cc(CNc3ccccc3c3nnc(c4ccccc4)o3)nn2)cc1,-10.64,-8.609438011178515,-8.13824608846988,-7.380336949542789,-6.519315787273159,-6.258868893096185,-5.3880700452420704,-4.734417845601447,-6.814730518260667,-7.161578071486307,0
b2AR-decoy_1793,O=C1NC(=O)/C(=C/c2ccc(OCc3ccccc3)cc2OCc2ccccc2)S1,-9.748,-8.680438011178515,-7.77024608846988,-6.88533694954279,-6.443315787273159,-5.512868893096185,-5.07107004524207,-4.843417845601447,-6.601730518260666,-7.032578071486306,0
b2AR-decoy_1794,CCOc1cc(Cl)ccc1Oc1ccc(S(=O)(=O)Nc2ccc(F)cn2)cc1C#N,-8.881,-6.712438011178515,-6.973246088469882,-5.44533694954279,-4.985315787273159,-5.656868893096185,-4.423070045242071,-3.827417845601447,-5.995730518260666,-6.295578071486306,0
b2AR-decoy_1795,O=C1/C(=C/c2ccco2)SC(=S)N1CCCCNc1ccnc2cc(Cl)ccc12,-9.006,-7.394438011178515,-6.659246088469882,-5.867336949542789,-5.188315787273158,-4.844868893096185,-4.480070045242071,-4.273417845601447,-5.404730518260667,-6.102578071486306,0
b2AR-decoy_1796,COc1cc(CSc2nc(O)c(C)c(Cc3c(Cl)cccc3Cl)n2)cc(OC)c1,-8.93,-7.903438011178515,-6.748246088469882,-5.15433694954279,-5.490315787273158,-4.458868893096184,-4.849070045242071,-3.720417845601446,-5.971730518260667,-5.677578071486307,0
b2AR-decoy_1797,O=C(NCc1ccc2c(c1)OCO2)c1ccc(CSCc2ccc(Cl)cc2)o1,-9.021,-7.075438011178516,-6.28324608846988,-6.20833694954279,-6.056315787273158,-5.428868893096185,-4.689070045242071,-4.052417845601447,-5.319730518260666,-6.310578071486306,0
b2AR-decoy_1798,C[C@H](NC(=O)C(F)(F)F)c1ccc(OC2CCN(c3ccc(OCC4CC4)cc3)C2)cc1,-9.516,-8.150438011178515,-6.93724608846988,-5.69333694954279,-5.927315787273159,-5.292868893096184,-4.264070045242072,-4.057417845601448,-6.342730518260666,-6.432578071486306,0
b2AR-decoy_1799,CCCc1ccc(OCC(=O)Nc2sc3c(c2C(=O)OCC)CCC(C(C)(C)C)C3)cc1,-9.706,-7.7174380111785155,-7.091246088469882,-6.15033694954279,-5.585315787273158,-5.301868893096184,-4.972070045242072,-4.637417845601448,-5.722730518260667,-6.589578071486306,0
b2AR-decoy_18,CCOC(=O)c1nc(c2cc(C(C)(C)C)c(O)c(C(C)(C)C)c2)ns1,-7.804,-5.550438011178515,-5.855246088469881,-4.458336949542789,-3.893315787273158,-3.4588688930961844,-3.078070045242071,-3.1974178456014477,-4.887730518260667,-4.233578071486306,0
b2AR-decoy_180,CC(C)CN(C[C@@H](O)[C@H](Cc1ccccc1)NC(=O)O[C@H]1CO[C@H]2OC[C@H](OCC(=O)NCc3ccccc3)[C@@H]12)S(=O)(=O)c1ccc(N)cc1,-10.261,-8.389438011178514,-8.592246088469881,-6.90433694954279,-6.784315787273158,-6.160868893096184,-5.907070045242071,-5.579417845601446,-7.781730518260666,-7.619578071486307,0
b2AR-decoy_1800,CCC(O)(CC)c1cc(F)cc(OCc2ccc3c(c2)oc(=O)cc3c2ccoc2)c1,-10.976,-8.152438011178516,-7.587246088469881,-7.34933694954279,-6.126315787273159,-5.131868893096184,-5.66407004524207,-5.068417845601447,-7.220730518260666,-7.127578071486306,0
b2AR-decoy_1801,CCCCc1nc(Cl)c(C=O)n1Cc1ccc(c2ccccc2C2=NNN=N2)s1,-9.74,-8.054438011178515,-6.794246088469881,-5.99433694954279,-5.564315787273159,-5.221868893096184,-4.028070045242071,-4.561417845601447,-6.437730518260667,-6.419578071486306,0
b2AR-decoy_1802,CCCCCCc1c(=O)c2c(O)cc(OC)c(OC)c2oc1c1ccc(O)c(O)c1,-9.193,-6.533438011178514,-6.0232460884698815,-5.40433694954279,-5.319315787273158,-4.371868893096185,-3.983070045242071,-3.4954178456014464,-4.953730518260667,-4.861578071486306,0
b2AR-decoy_1803,CCN(CC)c1ccc(NC(=O)CSc2ncnc3sc(C)c(C)c23)cc1C,-8.958,-7.257438011178515,-5.503246088469881,-5.3073369495427904,-4.044315787273159,-4.117868893096185,-2.868070045242071,-3.5914178456014465,-5.614730518260666,-5.352578071486306,0
b2AR-decoy_1804,O=C(NCc1ccncc1)c1ccc(Oc2ccc(/C=C/C3=CN4CCC3CC4)cc2)cc1,-10.181,-8.221438011178515,-7.539246088469881,-6.65033694954279,-6.174315787273159,-5.833868893096184,-5.102070045242071,-4.665417845601446,-6.3897305182606665,-7.249578071486306,0
b2AR-decoy_1805,COc1ccc([C@@H]2[C@@H](CC[C@@H](O)c3ccccc3)C(=O)N2c2ccc(OC)cc2)cc1,-10.261,-8.515438011178516,-7.448246088469881,-6.691336949542789,-6.751315787273159,-5.582868893096185,-5.133070045242072,-5.078417845601447,-6.742730518260666,-7.253578071486306,0
b2AR-decoy_1806,COc1ccc2c(C(=O)c3cc(OC)c(OC)c(OC)c3)c(c3ccc(O)cc3)oc2c1,-8.685,-6.896438011178516,-6.245246088469882,-5.47133694954279,-5.843315787273159,-4.620868893096185,-3.899070045242072,-3.935417845601448,-5.975730518260667,-5.872578071486307,0
b2AR-decoy_1807,Cc1noc(NS(=O)(=O)c2ccccc2c2ccc(CCC(C)C)cc2)c1C,-9.853,-8.458438011178515,-8.019246088469881,-6.412336949542789,-6.781315787273158,-6.324868893096184,-4.897070045242071,-4.609417845601447,-6.544730518260666,-6.3965780714863065,0
b2AR-decoy_1808,COC(=O)/C=C/c1cccc(N(Cc2ccc(c3ccc(C)cc3)cc2)C(=O)NC(C)C)c1,-9.934,-8.494438011178515,-7.0972460884698805,-5.99133694954279,-5.960315787273158,-4.989868893096185,-4.912070045242071,-4.581417845601447,-6.654730518260667,-5.982578071486307,0
b2AR-decoy_1809,CCOP(=O)(OCC)C(NC(=O)c1ccc(C)cc1)C(Cl)(Cl)Cl,-7.678,-6.185438011178515,-5.300246088469882,-4.83133694954279,-4.231315787273158,-3.724868893096184,-2.9660700452420707,-2.7004178456014465,-4.3257305182606665,-4.820578071486307,0
b2AR-decoy_181,CCCn1c(=O)c2nc(c3ccc(OCC(=O)NCCNC(=O)CCc4ccc(N)c(I)c4)cc3)[nH]c2n(CCC)c1=O,-9.628,-6.880438011178516,-6.832246088469882,-5.934336949542789,-5.218315787273159,-4.803868893096185,-4.694070045242071,-4.040417845601446,-6.066730518260666,-6.124578071486306,0
b2AR-decoy_1810,O=S(=O)(Oc1cccc(OCCc2cccc(O)c2)c1)c1cccc(Cl)c1Cl,-9.517,-8.106438011178515,-6.978246088469881,-6.29533694954279,-5.505315787273158,-5.936868893096184,-4.884070045242071,-4.504417845601447,-6.548730518260667,-6.774578071486307,0
b2AR-decoy_1811,CCP(=O)(Cc1cccc(C(=O)Nc2cc(c3cccs3)ccc2N)c1)OC,-9.122,-6.946438011178515,-6.2812460884698815,-6.248336949542789,-5.253315787273159,-4.296868893096185,-4.252070045242071,-3.994417845601447,-6.231730518260667,-5.878578071486306,0
b2AR-decoy_1812,COc1ccc(CSc2nc(C(C#N)c3ccccc3)c(C(C)C)c(=O)[nH]2)cc1,-8.913,-7.166438011178515,-6.862246088469881,-5.47533694954279,-5.637315787273158,-5.140868893096185,-4.233070045242071,-4.526417845601447,-5.672730518260666,-5.698578071486306,0
b2AR-decoy_1813,CCOC(=O)c1oc2cc(c3ccc(OCCc4ccccc4)cc3)cc(O)c2c1C,-9.132,-6.913438011178515,-6.093246088469881,-5.42733694954279,-6.189315787273159,-4.143868893096185,-4.47507004524207,-3.832417845601446,-5.5357305182606655,-7.075578071486307,0
b2AR-decoy_1814,COC(=O)C1=CNC(CC(CC=O)c2ccc(F)cc2)=CC1c1ccc(N(C)C)cc1Cl,-9.563,-8.368438011178515,-7.601246088469882,-6.12233694954279,-5.647315787273158,-5.230868893096185,-5.049070045242072,-5.284417845601446,-6.559730518260666,-6.557578071486306,0
b2AR-decoy_1815,COc1ccc2c(Oc3ccc(CC(=O)Nc4ncc(C)s4)c(OC)c3)ccnc2c1,-9.055,-7.481438011178515,-6.105246088469881,-6.076336949542791,-5.058315787273159,-4.415868893096185,-3.7390700452420713,-3.635417845601447,-6.109730518260667,-5.798578071486306,0
b2AR-decoy_1816,COc1ccc(C(=Cc2ccc(OC)c(O)c2)C(=O)c2cc(OC)c(OC)c(OC)c2)cc1,-8.929,-6.917438011178515,-6.614246088469882,-5.67733694954279,-5.726315787273158,-4.777868893096185,-4.056070045242072,-3.957417845601446,-5.4057305182606665,-5.580578071486306,0
b2AR-decoy_1817,COC(C)(C)/C=C/C/C(C)=C/Cc1c(O)ccc(C(=O)/C=C/c2ccc(O)cc2)c1O,-8.972,-7.024438011178516,-6.236246088469882,-5.24033694954279,-4.772315787273159,-4.9248688930961855,-3.9040700452420714,-4.054417845601448,-5.775730518260666,-5.730578071486306,0
b2AR-decoy_1818,CC(O)c1ccc(C(Cc2cc[n+]([O-])cc2)c2ccc(OC(F)F)c(OC(F)F)c2)cc1,-10.006,-7.772438011178515,-7.614246088469882,-6.704336949542789,-6.167315787273159,-5.183868893096184,-4.545070045242071,-4.470417845601446,-6.3787305182606655,-6.641578071486306,0
b2AR-decoy_1819,CCCN(CC(=O)Nc1ccccc1C)C(=O)c1ccc(C(=O)c2ccccc2)cc1,-10.75,-7.464438011178515,-7.303246088469882,-6.86633694954279,-6.001315787273159,-5.999868893096185,-4.630070045242071,-4.460417845601446,-6.849730518260666,-7.344578071486307,0
b2AR-decoy_182,S=C(NCCCNc1ccccn1)NCCCN(Cc1ccc(Cl)c(Cl)c1)c1ccc(Br)cn1,-8.808,-7.147438011178515,-6.959246088469881,-5.78233694954279,-5.192315787273158,-4.8318688930961855,-4.20907004524207,-3.991417845601447,-5.803730518260666,-5.984578071486306,0
b2AR-decoy_1820,CCc1c(Cc2cc(C)cc(C)c2)nc(SCc2ccc([N+](=O)[O-])cc2)[nH]c1=O,-9.464,-8.011438011178516,-7.048246088469881,-5.825336949542789,-6.385315787273159,-5.9458688930961845,-5.477070045242071,-5.274417845601446,-6.983730518260666,-5.843578071486306,0
b2AR-decoy_1821,CCCCN/C=C1/C=C(/C=C/C(=O)c2ccccc2)c2c(ccc3c(C)cc(=O)oc23)C1=O,-9.287,-7.880438011178516,-6.740246088469881,-6.26033694954279,-5.871315787273158,-5.984868893096184,-4.762070045242071,-4.665417845601446,-6.436730518260667,-6.472578071486307,0
b2AR-decoy_1822,CC(C)CCN1C(=O)CCc2cc(NC(=O)COc3ccc(Cl)cc3)ccc21,-9.293,-7.0524380111785145,-6.063246088469882,-5.896336949542789,-5.510315787273159,-4.308868893096184,-4.893070045242071,-3.663417845601448,-5.821730518260667,-6.0215780714863065,0
b2AR-decoy_1823,C=CCn1c(CCNC(=O)c2ccccc2F)nnc1SCC(=O)Nc1nc2ccccc2s1,-9.88,-8.220438011178516,-7.351246088469882,-6.669336949542791,-4.976315787273158,-4.978868893096184,-4.754070045242072,-4.526417845601447,-6.201730518260666,-6.526578071486307,0
b2AR-decoy_1824,CCc1cc2c(COC(=O)CCNS(=O)(=O)c3cccc(C(F)(F)F)c3)cc(=O)oc2cc1O,-10.213,-7.9064380111785155,-7.596246088469881,-5.954336949542789,-6.258315787273158,-5.2998688930961855,-5.05507004524207,-5.571417845601447,-7.117730518260666,-6.609578071486306,0
b2AR-decoy_1825,CC(C)=CCC/C(C)=C/CO/N=C1/C[C@@H](O)[C@@H](O)[C@@H]2[C@@H]3C(=O)N(Cc4ccccc4)C(=O)[C@H]3CC[C@@H]12,-9.927,-8.275438011178515,-6.740246088469881,-6.348336949542789,-5.971315787273159,-5.3928688930961854,-4.694070045242071,-4.613417845601447,-6.669730518260666,-7.194578071486307,0
b2AR-decoy_1826,CCCCCCCCCC(=O)O[C@@H]1[C@@H](C)[C@@]2(O)[C@@H](C=C(CO)C[C@]3(O)C(=O)C(C)=C[C@@H]23)[C@@H]2C(C)(C)[C@]12O,-7.458,-5.975438011178516,-5.118246088469881,-4.5253369495427895,-3.8893157872731594,-3.016868893096185,-2.647070045242071,-3.3384178456014464,-4.536730518260667,-4.916578071486306,0
b2AR-decoy_1827,OCCOCn1cnc2c(O)n3c(C(c4ccccc4)(c4ccccc4)c4ccccc4)cnc3nc21,-9.781,-7.492438011178516,-7.399246088469882,-6.021336949542789,-6.098315787273158,-5.454868893096185,-4.044070045242071,-5.015417845601446,-6.222730518260667,-5.562578071486307,0
b2AR-decoy_1828,CC(C)C[C@H](CO)Nc1nc(SCc2ccc(Br)cc2F)nc2nc(N)sc12,-8.741,-6.920438011178515,-6.243246088469881,-5.976336949542789,-5.113315787273159,-4.755868893096185,-4.053070045242071,-3.663417845601448,-5.3047305182606665,-5.822578071486307,0
b2AR-decoy_1829,CCn1c(CNC(=O)c2ccco2)nnc1SCC(=O)Nc1ccc(Br)cc1F,-9.505,-6.766438011178515,-6.651246088469881,-5.232336949542789,-4.901315787273159,-3.904868893096185,-4.223070045242071,-3.560417845601448,-5.734730518260667,-6.420578071486306,0
b2AR-decoy_183,CCCC[C@H](NC(=O)[C@@H]1[C@H]2[C@@H](CN1C(=O)[C@@H](NC(=O)NC1([C@H]3CCCS3(=O)=O)CCCCC1)C(C)(C)C)C2(C)C)C(=O)C(=O)NC1CC1,-9.875,-8.101438011178516,-7.28324608846988,-6.277336949542789,-5.678315787273158,-5.264868893096185,-4.987070045242071,-4.995417845601446,-5.647730518260666,-6.527578071486307,0
b2AR-decoy_1830,O=C(COC(=O)c1ccccc1NS(=O)(=O)c1cccs1)NCC12CC3CC(CC(C3)C1)C2,-9.859,-8.471438011178515,-7.67724608846988,-6.02233694954279,-5.932315787273158,-5.742868893096185,-5.032070045242071,-4.957417845601446,-7.053730518260666,-6.8325780714863065,0
b2AR-decoy_1831,C=CCOc1ccc2ccc(CN([C@H](C)C(=O)NO)S(=O)(=O)c3ccc(OC)cc3)cc2c1,-9.711,-7.105438011178515,-7.407246088469881,-5.966336949542789,-5.939315787273159,-5.927868893096186,-4.790070045242072,-4.370417845601446,-6.742730518260666,-6.195578071486306,0
b2AR-decoy_1832,CC[C@@H](NC(=O)c1cc(C(=O)N[C@H](CC)c2ncccn2)c2n1CCOC2)c1ccc(C(F)(F)F)cc1,-11.508,-8.901438011178515,-9.09224608846988,-7.41033694954279,-6.873315787273159,-7.287868893096185,-6.001070045242072,-5.525417845601448,-7.071730518260667,-7.750578071486306,0
b2AR-decoy_1833,CC[C@@H](NC(=O)c1cc(C(=O)N[C@H](C)c2ccc(F)cc2)n2c1COCC2)c1ccc(OC)nc1,-10.464,-7.993438011178515,-8.345246088469882,-6.85933694954279,-6.391315787273159,-6.2598688930961846,-5.484070045242071,-5.288417845601448,-6.807730518260666,-7.489578071486306,0
b2AR-decoy_1834,CCN(CC(=O)Nc1ccc(NC(C)=O)cc1)C(=O)c1ccccc1Sc1ccccc1C#N,-8.905,-6.764438011178514,-6.82824608846988,-5.572336949542789,-5.037315787273158,-5.790868893096185,-3.5610700452420705,-4.301417845601447,-5.810730518260666,-5.508578071486307,0
b2AR-decoy_1835,CCc1ccccc1NS(=O)(=O)c1ccc2[nH]cc(C(=O)N(CC(C)C)CC(C)C)c(=O)c2c1,-9.035,-6.607438011178516,-6.586246088469881,-5.598336949542789,-5.855315787273158,-4.5818688930961855,-4.175070045242071,-3.935417845601448,-5.5757305182606665,-6.398578071486307,0
b2AR-decoy_1836,C=C1C(=O)[C@@]23[C@@H]([C@@H](O)C[C@@H]1[C@H]2O)[C@]12CCCC(C)(C)[C@H]1C[C@H]3O[C@@H]2OCCn1cc(CCCCC)nn1,-8.977,-7.386438011178516,-6.917246088469881,-6.713336949542789,-5.326315787273158,-5.937868893096185,-3.700070045242072,-4.855417845601448,-7.280730518260666,-6.115578071486306,0
b2AR-decoy_1837,CCN(CC(=O)NCc1cccs1)C(=O)c1cccc(S(=O)(=O)Nc2ccc(OC)cc2)c1,-8.878,-6.540438011178516,-6.348246088469882,-5.1583369495427895,-5.240315787273158,-4.709868893096184,-3.374070045242071,-3.690417845601447,-5.407730518260667,-5.5825780714863065,0
b2AR-decoy_1838,O=C(CSCc1nc(c2ccc(Cl)cc2)cs1)NNS(=O)(=O)c1ccc(Cl)cc1,-9.092,-7.002438011178516,-6.764246088469882,-5.2513369495427895,-4.943315787273159,-4.953868893096185,-4.32107004524207,-3.908417845601447,-6.188730518260666,-6.403578071486306,0
b2AR-decoy_1839,CC(C(=O)NC[C@@H](C)O)c1ccc(O[C@@H]2CCN(c3ccc(OCC4CC4(F)F)cn3)C2)cc1,-9.268,-7.599438011178515,-6.737246088469881,-5.973336949542789,-6.271315787273158,-5.3928688930961854,-4.511070045242072,-4.441417845601446,-6.968730518260667,-6.0985780714863065,0
b2AR-decoy_184,C=C(F)CO[C@H]1CO[C@@H]2OC[C@H](OC(=O)N[C@@H](Cc3ccccc3)[C@H](O)CN(CC(C)C)S(=O)(=O)c3ccc4nc(NC)oc4c3)[C@H]12,-9.755,-7.943438011178515,-7.744246088469881,-6.38233694954279,-6.540315787273158,-5.8528688930961845,-5.498070045242072,-5.434417845601447,-7.042730518260667,-6.767578071486307,0
b2AR-decoy_1840,O=C(/C=C/c1ccc(OC[C@H](Cc2c[nH]c3ccccc23)NC(=O)c2ccc(F)cc2)cc1)NO,-10.903,-9.232438011178516,-8.514246088469882,-7.438336949542789,-7.288315787273158,-6.571868893096184,-5.807070045242071,-6.026417845601447,-7.448730518260666,-7.616578071486307,0
b2AR-decoy_1841,COc1ccc(CN([C@H](CC(C)C)C(N)=O)S(=O)(=O)c2ccc(C(F)(F)F)cc2)cc1F,-9.332,-7.432438011178515,-6.75124608846988,-5.890336949542789,-5.562315787273159,-5.496868893096185,-4.268070045242071,-4.215417845601447,-6.059730518260666,-6.033578071486307,0
b2AR-decoy_1842,CC(=O)NCCCOc1cc(F)c(c2c(Cl)nc3ncnn3c2N[C@@H](C)C(F)(F)F)c(F)c1,-8.843,-6.714438011178515,-6.2012460884698815,-5.74033694954279,-5.106315787273159,-5.545868893096184,-4.517070045242072,-3.6604178456014473,-5.759730518260666,-5.0215780714863065,0
b2AR-decoy_1843,COc1ccc(OC)c(S/C(N)=C(C#N)/C(C#N)=C(\N)Sc2cc(OC)ccc2OC)c1,-7.274,-5.242438011178515,-5.037246088469881,-4.31033694954279,-3.930315787273158,-3.7258688930961847,-2.8490700452420707,-2.398417845601447,-4.5547305182606665,-4.265578071486306,0
b2AR-decoy_1844,CCOc1ccc(N2CC(Oc3ccc([C@H](C)NC(=O)c4cnc(NC(C)=O)s4)cc3)C2)cc1,-9.763,-7.106438011178515,-6.881246088469881,-5.55833694954279,-6.180315787273159,-5.008868893096185,-4.251070045242072,-4.250417845601447,-6.532730518260667,-6.091578071486307,0
b2AR-decoy_1845,CCOc1ccccc1NC(=O)CSc1ncc(S(=O)(=O)c2ccc(C(C)(C)C)cc2)c(=O)[nH]1,-10.199,-7.317438011178515,-6.930246088469881,-6.287336949542789,-5.902315787273158,-5.1748688930961855,-4.655070045242072,-4.280417845601447,-5.995730518260666,-7.246578071486306,0
b2AR-decoy_1846,CCC(O)C(CC(F)F)(c1ccc(C(F)(F)F)cc1)n1ncc2c(NS(C)(=O)=O)cccc21,-9.665,-7.884438011178515,-7.418246088469882,-6.86233694954279,-6.532315787273159,-5.367868893096185,-4.937070045242072,-4.619417845601447,-6.593730518260667,-6.522578071486306,0
b2AR-decoy_1847,C=C1C(=O)O[C@H](C[C@@H](C)[C@H]2CC[C@H]3/C(=C/C=C4/C[C@@H](O)[C@H](OCCCO)[C@H](O)C4=C)CCC[C@@]32C)[C@H]1C,-10.146,-8.265438011178516,-6.878246088469881,-7.056336949542789,-6.085315787273158,-5.126868893096185,-4.765070045242071,-4.753417845601447,-6.5517305182606655,-6.757578071486307,0
b2AR-decoy_1848,C=C(C)[C@H](O)[C@H](C[C@@](C)(O)/C=C/c1c(OC)ccc2ccc(=O)oc12)c1c(OC)ccc2ccc(=O)oc12,-9.699,-8.086438011178515,-7.329246088469882,-6.239336949542789,-6.034315787273158,-6.095868893096185,-5.134070045242071,-5.7774178456014464,-6.976730518260666,-6.417578071486307,0
b2AR-decoy_1849,c1cc(c2ccc(c3ncc(C[NH2+]CC4CC[NH2+]CC4)nc3c3ccc(c4ccoc4)cc3)cc2)co1,-9.615,-8.625438011178515,-7.088246088469882,-5.92733694954279,-5.529315787273159,-4.559868893096185,-5.543070045242072,-4.391417845601447,-6.194730518260666,-6.658578071486307,0
b2AR-decoy_185,CC(C)CCC[C@@H](C)[C@H]1CC[C@H]2[C@@H]3C[C@@H](O)[C@@]4(O)C[C@@H](OCC(=O)N(CCO)CCO)CC[C@]4(C)[C@H]3CC[C@@]21C,-9.385,-7.340438011178515,-6.683246088469881,-6.71533694954279,-5.312315787273159,-4.688868893096185,-4.110070045242072,-4.334417845601447,-4.941730518260666,-6.368578071486306,0
b2AR-decoy_1850,CCCn1c(=O)c2[nH]c(c3ccc(OC(C)C(=O)NCc4ccc(Cl)cc4)cc3)cc2n(CCC)c1=O,-10.161,-7.540438011178516,-7.102246088469881,-6.380336949542789,-5.548315787273159,-5.096868893096184,-4.733070045242071,-4.337417845601447,-5.553730518260666,-6.890578071486306,0
b2AR-decoy_1851,CSC(SC)=C(C#N)C(=O)N/N=C(\C)c1ccc(NS(=O)(=O)c2ccc(Cl)cc2)cc1,-8.449,-6.554438011178515,-5.933246088469881,-5.403336949542791,-4.790315787273158,-4.092868893096185,-3.486070045242071,-3.539417845601447,-5.018730518260666,-5.354578071486307,0
b2AR-decoy_1852,CCCOc1ccc(C2(C(F)(F)F)CC(c3ccc(C)cc3)=C(NC(=O)CS(C)(=O)=O)C(=O)N2)cc1,-9.332,-7.459438011178515,-6.2542460884698805,-5.281336949542789,-4.506315787273159,-4.966868893096185,-3.295070045242072,-3.576417845601448,-5.914730518260667,-6.644578071486306,0
b2AR-decoy_1853,COc1ccc(S(=O)(=O)N(Cc2cccc(C)c2F)[C@H](Cc2cccs2)C(=O)NO)cc1,-9.344,-7.341438011178516,-6.886246088469882,-5.518336949542789,-6.325315787273159,-4.794868893096185,-4.66707004524207,-4.219417845601447,-5.705730518260667,-5.971578071486306,0
b2AR-decoy_1854,O=C(NCCCn1ccnc1)/C(=C\c1ccc(Br)cc1)NC(=O)c1ccccc1F,-9.471,-7.771438011178516,-7.317246088469881,-6.08033694954279,-5.989315787273158,-4.491868893096184,-4.525070045242071,-4.172417845601446,-5.799730518260667,-6.821578071486307,0
b2AR-decoy_1855,CCCNC(=O)c1cc2c(c(c3cccc(c4ccc(C#N)cc4)c3)n1)[C@@H](CCO)N(C(=O)CC)C2,-9.744,-7.677438011178514,-7.73524608846988,-6.621336949542791,-6.049315787273159,-6.303868893096185,-5.516070045242071,-4.791417845601448,-6.852730518260666,-6.634578071486306,0
b2AR-decoy_1856,C/C(CC(=O)NCC(C)C)=N\NC(=O)COc1cc(C)c(Br)cc1Br,-8.083,-6.339438011178515,-5.742246088469881,-4.77933694954279,-4.547315787273158,-4.169868893096185,-3.461070045242071,-3.2774178456014464,-5.144730518260666,-5.248578071486307,0
b2AR-decoy_1857,CNc1c(F)c(Oc2cccc(c3cccc(C[NH3+])c3)c2)nc(Oc2cc(N(C)C)ccc2C(=O)[O-])c1F,-10.423,-8.244438011178515,-7.859246088469881,-7.470336949542789,-6.567315787273158,-5.862868893096184,-5.798070045242071,-5.717417845601446,-7.279730518260667,-7.201578071486306,0
b2AR-decoy_1858,O=C1C[C@H](C(=O)Nc2cc(c3cccc(COCCC(F)(F)F)c3)n(c3ccccc3)n2)CN1,-10.077,-8.270438011178515,-7.446246088469881,-7.27633694954279,-6.546315787273159,-6.324868893096184,-5.239070045242071,-5.099417845601447,-6.3787305182606655,-7.346578071486306,0
b2AR-decoy_1859,CCn1cc(C(CC)(CC)c2ccc(C#CC(O)(CC)CC)c(C)c2)cc1C(=O)NCC(=O)OC,-8.448,-5.597438011178515,-5.895246088469881,-3.8313369495427896,-4.393315787273158,-4.043868893096184,-3.390070045242071,-2.9984178456014465,-4.702730518260666,-4.1145780714863065,0
b2AR-decoy_186,O=C(Cc1ccccc1)Nc1nnc(CCCCc2nnc(NC(=O)Cn3cc(c4cccc(O)c4)nn3)s2)s1,-9.03,-7.788438011178515,-7.032246088469881,-6.16433694954279,-5.360315787273159,-4.893868893096185,-5.27307004524207,-5.102417845601448,-6.817730518260666,-7.397578071486306,0
b2AR-decoy_1860,C[C@H](NC(=O)c1c[nH]nc1C#N)c1ccc(O[C@@H]2CCN(c3ccc(OCC4CC4)cc3)C2)cc1,-9.587,-7.702438011178515,-7.291246088469881,-6.261336949542789,-6.194315787273158,-5.387868893096185,-4.675070045242071,-4.594417845601447,-6.452730518260667,-6.868578071486306,0
b2AR-decoy_1861,O=C1CCCC/C=C\C[C@H](CC(=O)N(CCO)Cc2ccccc2)C(=O)N[C@@H](Cc2ccccc2)CO1,-7.154,-5.360438011178515,-5.003246088469881,-3.7913369495427895,-3.685315787273159,-3.021868893096185,-2.2340700452420714,-2.6054178456014467,-4.198730518260667,-4.321578071486306,0
b2AR-decoy_1862,Nc1ccccc1NC(=O)c1ccc(CN(CC(=O)NCc2ccccc2)C(=O)c2cccnc2)cc1,-10.486,-9.137438011178515,-7.841246088469882,-7.216336949542789,-5.741315787273159,-6.260868893096184,-5.239070045242071,-5.193417845601447,-6.409730518260666,-7.722578071486307,0
b2AR-decoy_1863,CC(C)CC(C)(CC(C)C)OC(=O)CC(C)NC(=O)C1=NOC(C(O)(C(F)(F)F)C(F)(F)F)C1,-8.847,-7.464438011178515,-6.5522460884698805,-5.56433694954279,-4.907315787273159,-5.061868893096184,-3.770070045242072,-4.059417845601447,-5.755730518260666,-5.577578071486306,0
b2AR-decoy_1864,CC(=O)N1CCc2cc(S(=O)(=O)NC(CC(C)C)C(=O)Nc3ccc(C(C)C)cc3)ccc21,-10.397,-8.508438011178516,-7.870246088469882,-5.76333694954279,-6.335315787273158,-5.269868893096184,-5.733070045242071,-5.368417845601448,-6.257730518260667,-6.650578071486306,0
b2AR-decoy_1865,Cc1ccc(S(=O)(=O)CNC(=S)CCCC(=S)NCS(=O)(=O)c2ccc(C)cc2)cc1,-8.649,-6.739438011178516,-6.168246088469882,-5.06133694954279,-4.999315787273158,-3.792868893096185,-3.698070045242071,-4.465417845601447,-5.401730518260667,-5.974578071486306,0
b2AR-decoy_1866,CC(C)C(NC(=O)Cn1c(=O)c(NC(=O)Cc2ccccc2)ccc1c1ccccc1)C(=O)C(F)(F)F,-10.37,-8.109438011178515,-8.085246088469882,-7.377336949542789,-6.170315787273159,-5.723868893096185,-5.608070045242071,-5.049417845601447,-6.945730518260666,-6.914578071486307,0
b2AR-decoy_1867,O=C(Cc1ccccc1)Nc1ccc(SCCc2nnc(NC(=O)Cc3ccccc3)s2)nn1,-8.672,-7.387438011178515,-6.662246088469882,-6.130336949542789,-5.977315787273158,-4.886868893096185,-5.524070045242072,-4.640417845601446,-5.130730518260666,-7.559578071486307,0
b2AR-decoy_1868,C[C@@H](c1ccc(c2ccc(=O)[nH]c2)cc1)N1CC[C@](CC(C)(C)NS(C)(=O)=O)(c2ccccc2)OC1=O,-9.642,-9.158438011178514,-7.766246088469881,-7.32133694954279,-6.856315787273159,-6.736868893096185,-5.607070045242072,-5.896417845601446,-6.892730518260667,-7.385578071486307,0
b2AR-decoy_1869,COCCNC(=O)c1cc(C(C)Nc2cc(F)cc(F)c2)c2oc(N3CCOCC3)cc(=O)c2c1,-9.818,-7.471438011178515,-7.586246088469881,-6.592336949542791,-5.529315787273159,-5.593868893096184,-5.226070045242071,-4.985417845601447,-6.542730518260667,-6.545578071486306,0
b2AR-decoy_187,O=C(/C=C/c1cc(O)c(O)c(O)c1)NCCCCCCCC[P+](c1ccccc1)(c1ccccc1)c1ccccc1,-8.676,-6.515438011178516,-6.843246088469881,-5.25433694954279,-5.546315787273159,-4.839868893096185,-2.932070045242071,-4.219417845601447,-5.698730518260666,-5.891578071486306,0
b2AR-decoy_1870,O=C(NCCO)/C(=C/c1ccc(Oc2ccccc2Br)cc1)NC(=O)c1ccccc1,-9.473,-7.731438011178515,-6.732246088469882,-5.931336949542789,-5.502315787273158,-5.328868893096185,-4.488070045242072,-5.288417845601448,-6.196730518260667,-6.934578071486307,0
b2AR-decoy_1871,COc1c(O)cc2oc(c3cc(CC=C(C)C)c(O)c(C/C=C(\C)CO)c3)c(OC)c(=O)c2c1O,-9.309,-6.8634380111785145,-6.641246088469881,-6.01933694954279,-5.183315787273159,-4.7888688930961845,-4.221070045242071,-4.276417845601447,-5.562730518260667,-5.751578071486307,0
b2AR-decoy_1872,CCN(CC(O)(CNC(=O)c1cnn(c2ccc(F)cc2)c1N)C(F)(F)F)C(=O)c1ccc(Cl)cc1,-9.56,-8.304438011178515,-6.942246088469881,-6.79533694954279,-5.844315787273159,-5.919868893096185,-5.283070045242072,-4.560417845601448,-6.297730518260666,-6.730578071486306,0
b2AR-decoy_1873,CCNS(=O)(=O)c1ccc(NC(=O)CSc2nc(C(F)(F)F)cc(c3ccco3)n2)cc1,-9.797,-6.732438011178516,-6.494246088469881,-5.96233694954279,-5.325315787273159,-5.269868893096184,-4.553070045242071,-4.132417845601447,-6.3627305182606655,-6.3965780714863065,0
b2AR-decoy_1874,O=C(NCCSCCO)c1ccccc1Sc1ccc2c(/C=C/c3ccccn3)n[nH]c2c1,-9.158,-6.955438011178515,-6.849246088469881,-5.63233694954279,-4.892315787273159,-4.833868893096184,-4.205070045242071,-3.926417845601448,-6.097730518260667,-5.704578071486306,0
b2AR-decoy_1875,Cc1ccc(CC(CNC(=O)Cc2ccc(NS(C)(=O)=O)c(F)c2)COC(=O)C(C)(C)C)cc1C,-9.73,-7.795438011178515,-8.10624608846988,-6.598336949542789,-5.885315787273159,-5.395868893096186,-4.980070045242071,-4.4024178456014464,-6.506730518260666,-6.539578071486307,0
b2AR-decoy_1876,CCC/C=C\Cn1nnc(c2ccc(Cl)cc2Cl)c1c1ccc(Cl)cc1,-8.084,-6.664438011178515,-5.514246088469881,-4.6503369495427895,-5.015315787273158,-4.4778688930961845,-2.9950700452420707,-3.4104178456014465,-5.2647305182606665,-4.984578071486306,0
b2AR-decoy_1877,Clc1ccccc1CC(Cc1ccc(c2ccccc2)cc1)n1ccnc1,-10.041,-8.956438011178514,-7.50124608846988,-7.08033694954279,-6.305315787273159,-5.453868893096185,-5.528070045242071,-5.393417845601446,-7.273730518260667,-7.749578071486306,0
b2AR-decoy_1878,COc1cc(c2cscc2c2ccc(SC)cc2)cc(OC)c1OC,-7.755,-5.320438011178515,-5.357246088469881,-3.809336949542789,-4.305315787273158,-3.408868893096185,-2.8090700452420707,-2.199417845601447,-4.388730518260666,-4.054578071486307,0
b2AR-decoy_1879,O=C(/C=C/c1cccs1)c1ccc(C(=O)/C=C/c2cccs2)cc1,-8.062,-5.758438011178515,-5.776246088469882,-4.55033694954279,-4.700315787273159,-3.8428688930961847,-3.246070045242071,-3.3814178456014465,-4.963730518260666,-5.653578071486306,0
b2AR-decoy_188,C#CCCC(=O)N[C@H](C(=O)N[C@@H](CC(C)C)C(=O)N[C@@H](CC(C)C)C(=O)N[C@@H](C)/C=C/C(=O)N1C(=O)C=C(OC)[C@@H]1C(C)C)[C@@H](C)CC,-8.347,-6.809438011178516,-6.420246088469881,-5.323336949542791,-4.649315787273158,-4.289868893096184,-4.015070045242071,-3.707417845601446,-5.608730518260666,-5.813578071486306,0
b2AR-decoy_1880,Cc1cc(=O)oc2c1ccc1oc(c3ccccc3)c(c3ccccc3)c12,-9.692,-7.944438011178516,-7.341246088469882,-7.27333694954279,-5.268315787273158,-5.529868893096184,-4.887070045242071,-4.916417845601448,-6.367730518260666,-6.937578071486307,0
b2AR-decoy_1881,CCC(CC)(c1ccc(OC(=O)N2CCCCC2)cc1)c1ccc(N(C)C(C)=O)cc1,-9.565,-6.6134380111785145,-6.883246088469882,-6.10633694954279,-5.394315787273159,-4.431868893096185,-3.262070045242071,-3.772417845601448,-5.939730518260667,-6.173578071486306,0
b2AR-decoy_1882,CC12C=CC(C(=O)O[C@H]3CC[C@H]4[C@@H]5CCC6=CC(=O)CC[C@@H]6[C@H]5CC[C@]34C)(CC1)CC2,-12.62,-10.785438011178517,-9.48324608846988,-9.16333694954279,-8.419315787273158,-6.817868893096184,-7.392070045242072,-6.763417845601447,-9.592730518260666,-9.490578071486306,0
b2AR-decoy_1883,O=C1CC(c2ccccc2)c2c(ccc3cc(c4ccc5ccccc5c4)ccc23)O1,-10.779,-8.964438011178515,-8.721246088469881,-6.9243369495427896,-6.954315787273158,-6.620868893096185,-4.826070045242071,-5.839417845601448,-8.119730518260667,-7.452578071486306,0
b2AR-decoy_1884,COc1ccc(/C=C/c2ccc3oc(=O)c(c4ccc(OC)c(OC)c4)cc3c2)cc1,-10.066,-7.902438011178516,-7.014246088469882,-6.678336949542789,-5.779315787273159,-4.755868893096185,-5.137070045242071,-4.732417845601447,-5.852730518260666,-6.268578071486306,0
b2AR-decoy_1885,CCOC(=O)C(C)(C)C1=C/C(=C\c2cccc(c3ccccc3)c2)c2ccc(F)cc21,-10.507,-7.767438011178514,-8.621246088469881,-6.25933694954279,-6.550315787273158,-6.616868893096184,-5.843070045242071,-5.077417845601447,-7.448730518260666,-7.151578071486307,0
b2AR-decoy_1886,CCCCCCC[C@@H]1CC2C(CCC3(C)C(=O)CCC23)C2(C)C=CC(=O)C=C12,-9.322,-7.886438011178516,-7.354246088469882,-5.746336949542791,-6.320315787273158,-5.702868893096184,-4.31807004524207,-4.466417845601447,-7.550730518260666,-6.720578071486306,0
b2AR-decoy_1887,CN1C(=O)CC[C@@]2(C)C1=CC[C@H]1[C@@H]3CC=C(c4cncc(C(F)F)c4)[C@@]3(C)CC[C@@H]12,-11.256,-8.911438011178515,-7.947246088469882,-6.707336949542789,-6.860315787273159,-7.4568688930961855,-6.761070045242072,-6.114417845601446,-7.762730518260666,-7.588578071486307,0
b2AR-decoy_1888,Clc1ccc(C(CCn2ccnc2)Oc2c(Cl)cccc2Cl)cc1,-8.045,-6.303438011178516,-6.166246088469881,-5.172336949542789,-4.936315787273159,-4.562868893096185,-3.4330700452420717,-3.2754178456014467,-4.856730518260666,-5.302578071486307,0
b2AR-decoy_1889,CCOC(=O)/C=C(C)/C(F)=C/C=C(C)/C=C/c1c(C)cc(C)c(Cl)c1C,-8.676,-6.405438011178514,-5.868246088469881,-4.82933694954279,-4.947315787273158,-4.405868893096185,-3.944070045242072,-3.3844178456014467,-5.241730518260666,-5.211578071486306,0
b2AR-decoy_189,C=CC[C@H](CC(=O)NCCO)C(=O)N[C@H](COC(=O)[C@H](CC=C)CC(=O)OC(C)(C)C)Cc1c[nH]c2ccccc12,-9.172,-6.909438011178516,-6.778246088469881,-5.7673369495427895,-4.974315787273158,-4.927868893096186,-3.863070045242072,-3.747417845601447,-5.453730518260667,-5.686578071486306,0
b2AR-decoy_1890,Fc1c(F)c(F)c(/N=N/c2c(F)c(F)c(F)c(F)c2F)c(F)c1F,-10.03,-7.925438011178516,-7.218246088469881,-6.74733694954279,-6.401315787273159,-5.487868893096184,-4.987070045242071,-4.559417845601447,-6.336730518260666,-6.761578071486307,0
b2AR-decoy_1891,Cc1cc2c(cc1C(=O)/C=C/c1ccc(C#N)cc1)C(C)(C)CCC2(C)C,-9.594,-7.361438011178516,-7.439246088469881,-7.22833694954279,-6.106315787273159,-4.752868893096185,-4.569070045242071,-5.468417845601447,-6.513730518260667,-6.175578071486306,0
b2AR-decoy_1892,O=[N+]([O-])c1ccc2c3ccc([N+](=O)[O-])c4ccc5ccc6ccc1c2c6c5c43,-10.196,-7.706438011178514,-8.240246088469881,-6.34933694954279,-6.612315787273159,-6.932868893096185,-6.294070045242071,-4.843417845601447,-6.286730518260667,-6.774578071486307,0
b2AR-decoy_1893,Cc1cccc(OCC(=O)N(Cc2cccs2)c2ccc(Cl)cc2)c1C,-9.318,-7.303438011178516,-6.605246088469881,-4.64533694954279,-5.281315787273158,-3.708868893096184,-4.044070045242071,-4.225417845601447,-5.986730518260666,-6.324578071486307,0
b2AR-decoy_1894,CC(C)=CCC/C(C)=C/Cc1c(O)ccc(c2coc3cc(O)cc(O)c3c2=O)c1O,-10.088,-7.7814380111785155,-7.321246088469881,-6.86933694954279,-5.460315787273158,-4.930868893096184,-4.456070045242072,-4.371417845601448,-6.306730518260666,-6.483578071486306,0
b2AR-decoy_1895,O=[N+]([O-])c1ccc2c3c([N+](=O)[O-])ccc4ccc5ccc6ccc1c2c6c5c43,-10.474,-7.668438011178516,-7.990246088469881,-6.271336949542789,-6.569315787273158,-6.060868893096185,-3.252070045242071,-5.318417845601447,-6.457730518260666,-7.292578071486307,0
b2AR-decoy_1896,c1ccc(c2ccc(C(c3ccc(c4ccccc4)cc3)n3ccnc3)cc2)cc1,-11.047,-9.391438011178517,-8.202246088469881,-7.5123369495427905,-7.090315787273159,-6.736868893096185,-5.71207004524207,-5.769417845601447,-6.995730518260666,-8.202578071486306,0
b2AR-decoy_1897,Cc1cc2oc(=O)cc(c3ccccc3)c2c(C)c1c1cccc(Cl)c1,-9.485,-7.212438011178515,-7.103246088469881,-6.24033694954279,-5.635315787273159,-5.083868893096184,-5.272070045242071,-4.890417845601446,-5.587730518260667,-5.692578071486306,0
b2AR-decoy_1898,CC(C)=CCC/C(C)=C/Cc1c(O)cc(O)c2c1O[C@H](c1cc(O)cc(O)c1)CC2=O,-9.205,-7.8584380111785155,-6.798246088469881,-6.367336949542789,-5.288315787273158,-5.566868893096185,-4.480070045242071,-4.494417845601447,-6.353730518260667,-6.3645780714863065,0
b2AR-decoy_1899,C=C1CC2(CC(c3ccccc3Cl)OC(c3ccccc3Cl)C2)OC1=O,-9.979,-8.260438011178515,-7.612246088469881,-6.28233694954279,-6.007315787273159,-5.381868893096184,-5.20907004524207,-4.709417845601447,-6.802730518260667,-6.403578071486306,0
b2AR-decoy_19,O=c1cc(Sc2ccc(Cl)cc2Cl)c2cccc([N+](=O)[O-])c2[nH]1,-8.702,-7.435438011178515,-5.988246088469881,-5.66633694954279,-5.671315787273159,-4.7998688930961855,-3.666070045242071,-4.098417845601446,-5.799730518260667,-6.244578071486307,0
b2AR-decoy_190,COc1ccc(S(=O)(=O)N(CC(C)C)C[C@@H](O)[C@H](Cc2ccccc2)NC(=O)c2cc(N)cc(C(=O)N(C)Cc3nc(C)oc3C)c2)cc1,-9.898,-8.175438011178516,-7.627246088469882,-6.35933694954279,-6.135315787273159,-5.7438688930961845,-5.088070045242072,-5.533417845601447,-6.565730518260667,-6.785578071486306,0
b2AR-decoy_1900,O=c1cc(c2ccc(OC(F)(F)F)cc2)oc2c1ccc1ccccc12,-10.069,-8.283438011178514,-7.503246088469881,-6.84333694954279,-6.650315787273158,-5.854868893096185,-5.762070045242071,-4.717417845601446,-7.339730518260666,-6.849578071486306,0
b2AR-decoy_1901,CC1=C(/C=C/C(C)=C/C=C/C(C)=C/C(=O)N2CCCCCC2)C(C)(C)CCC1,-7.472,-6.029438011178515,-5.321246088469882,-3.8663369495427897,-3.5523157872731588,-3.486868893096185,-2.3270700452420714,-2.553417845601447,-4.161730518260667,-4.125578071486307,0
b2AR-decoy_1902,CC1(C)CCC[C@@]2(C)[C@H]1CC=C1[C@@H]2CC[C@]2(C)[C@@H](C=O)C(C=O)=CC[C@@H]12,-10.446,-9.018438011178516,-7.410246088469881,-6.858336949542791,-5.473315787273158,-6.835868893096185,-4.936070045242071,-5.064417845601447,-7.712730518260667,-6.084578071486307,0
b2AR-decoy_1903,COc1ccc(c2cc(Oc3cccc(C#N)c3)nnc2c2ccc(OC)cc2)cc1,-9.361,-6.881438011178515,-6.537246088469882,-6.14733694954279,-5.211315787273158,-5.166868893096185,-4.341070045242072,-4.059417845601447,-6.271730518260666,-5.840578071486307,0
b2AR-decoy_1904,CC(C)C[C@@H]1C[C@@]2(CC[C@H]3C[C@@H]2C3(C)C)OC2=C1C(=O)C(C)(C)C(=O)C2(C)C,-9.674,-8.417438011178515,-7.81224608846988,-6.00433694954279,-5.689315787273159,-6.710868893096185,-3.814070045242071,-5.000417845601447,-7.335730518260666,-5.562578071486307,0
b2AR-decoy_1905,CC(C)n1c(/C=C/C(=O)/C=C/c2nc3ccccc3n2C(C)C)nc2ccccc21,-9.807,-7.783438011178514,-7.548246088469881,-6.354336949542789,-5.461315787273158,-5.641868893096184,-5.173070045242071,-4.875417845601447,-6.730730518260666,-7.392578071486307,0
b2AR-decoy_1906,COc1ccc(c2oc3ccc(C)cc3c2C(=O)c2cc(OC)cc(OC)c2)cc1,-8.87,-7.157438011178515,-6.380246088469882,-5.44033694954279,-5.298315787273159,-5.092868893096185,-4.31807004524207,-4.154417845601447,-6.071730518260667,-5.6305780714863065,0
b2AR-decoy_1907,CC(C(=O)OC(C)(C)C)c1ccc(c2cc(Cl)cc(Cl)c2)c(F)c1,-8.52,-6.964438011178515,-5.994246088469882,-5.681336949542789,-4.618315787273159,-4.369868893096184,-3.339070045242071,-4.128417845601447,-6.629730518260667,-5.704578071486306,0
b2AR-decoy_1908,C=C[C@]1(C)CC[C@@H](C(=C)C)C[C@H]1C(=C)COC(=O)c1ccc(Cl)cc1,-9.235,-7.857438011178516,-6.7172460884698815,-6.008336949542789,-5.602315787273158,-5.057868893096185,-4.752070045242071,-4.166417845601448,-6.079730518260666,-6.141578071486306,0
b2AR-decoy_1909,O=C(O[C@H]1CCC(=C2SCCCS2)[C@H]1C1SCCCS1)c1ccccc1,-8.879,-6.955438011178515,-6.295246088469881,-4.966336949542789,-4.780315787273159,-4.305868893096184,-4.301070045242071,-4.026417845601447,-6.109730518260667,-5.792578071486307,0
b2AR-decoy_191,Cc1cn([C@@H]2C[C@H](C3(c4ccc(NC(=O)CCCCC(=O)NO)cc4)SCCCS3)[C@@H](CO[Si](C)(C)C(C)(C)C)O2)c(=O)[nH]c1=O,-10.588,-8.280438011178514,-7.425246088469882,-6.76033694954279,-6.654315787273159,-5.829868893096185,-4.966070045242072,-5.715417845601447,-6.529730518260667,-6.612578071486306,0
b2AR-decoy_1910,Cc1ccccc1c1cc(C(OCc2cccc(C#N)c2)c2cncn2C)ccc1C#N,-9.509,-7.304438011178515,-6.460246088469882,-5.607336949542789,-5.850315787273159,-5.185868893096185,-4.99407004524207,-4.338417845601446,-6.2007305182606665,-6.252578071486306,0
b2AR-decoy_1911,CC(C)=CCC/C(C)=C/Cc1c(O)cc2c(c1O)C(=O)C[C@@H](c1cc(O)cc(O)c1)O2,-9.866,-7.551438011178515,-6.848246088469882,-6.31433694954279,-5.812315787273159,-5.0708688930961845,-4.924070045242072,-4.684417845601447,-6.3737305182606665,-6.462578071486307,0
b2AR-decoy_1912,C[C@]12CC[C@H]3[C@@H](CC(=O)[C@H]4C[C@H](F)CC[C@@]43C)[C@@H]1CC[C@@H]2OC(=O)c1ccccc1,-11.247,-9.831438011178514,-7.681246088469882,-7.36333694954279,-6.866315787273159,-7.330868893096184,-6.017070045242072,-5.476417845601446,-8.715730518260667,-8.321578071486307,0
b2AR-decoy_1913,O=C(CC(C(=O)c1cccs1)c1ccsc1)c1ccc(Cl)cc1,-8.459,-6.667438011178515,-6.341246088469882,-5.345336949542789,-5.060315787273158,-4.252868893096185,-3.871070045242071,-3.419417845601447,-4.993730518260667,-5.638578071486307,0
b2AR-decoy_1914,O=C(CSc1nnc(c2ccc(N=C=S)cc2)o1)c1ccc(Cl)cc1Cl,-8.949,-7.070438011178515,-6.350246088469881,-5.65033694954279,-5.076315787273158,-4.2678688930961854,-3.858070045242071,-3.7454178456014464,-5.221730518260666,-5.641578071486306,0
b2AR-decoy_1915,CCCC(=O)c1cc(C(C)(C)C)c2c(c1)C(C1CCCC1)(C1CCCC1)CO2,-7.928,-6.732438011178516,-6.910246088469881,-5.22433694954279,-4.793315787273158,-4.969868893096185,-4.249070045242071,-3.751417845601447,-5.7857305182606655,-4.648578071486306,0
b2AR-decoy_1916,Cc1ccc(C(=O)/C=C/c2ccc(/C=C/C(=O)c3ccc(C)cc3)cc2)cc1,-9.709,-8.234438011178515,-7.33124608846988,-6.56433694954279,-5.923315787273159,-5.014868893096185,-4.937070045242072,-4.436417845601447,-6.693730518260667,-7.310578071486306,0
b2AR-decoy_1917,Cn1cc(/C=C2\CCC/C(=C\c3cn(C)c4ccccc34)C2=O)c2ccccc21,-10.566,-9.471438011178517,-8.80524608846988,-7.783336949542789,-6.993315787273158,-7.637868893096185,-5.961070045242071,-6.150417845601448,-8.286730518260667,-8.417578071486307,0
b2AR-decoy_1918,Fc1ccc(F)c(COC(Cn2ccnc2)c2ccc(Cl)cc2Cl)c1,-8.844,-6.979438011178516,-6.657246088469881,-5.79133694954279,-5.5593157872731584,-4.758868893096185,-4.271070045242071,-3.906417845601446,-5.377730518260666,-6.015578071486306,0
b2AR-decoy_1919,Cc1ncc2nccn2c1c1ccc(Oc2nccc3occc23)c(C(F)(F)F)c1,-9.825,-8.181438011178516,-7.378246088469881,-5.85633694954279,-5.826315787273158,-5.8848688930961846,-5.184070045242072,-4.432417845601448,-7.163730518260666,-6.388578071486307,0
b2AR-decoy_192,Cc1c(CNc2ccc(C[NH2+][C@H](CO)C(=O)[O-])c(OCc3cccc(C#N)c3)c2)cccc1c1ccc2c(c1)OCCO2,-10.801,-7.8744380111785155,-8.19024608846988,-6.48133694954279,-6.784315787273158,-5.905868893096185,-5.41107004524207,-4.775417845601448,-6.817730518260666,-6.386578071486307,0
b2AR-decoy_1920,COc1cc(/C=C/c2ccc(O[Si](C)(C)C(C)(C)C)cc2)cc(OC)c1,-8.321,-6.667438011178515,-5.381246088469881,-4.55833694954279,-4.099315787273159,-4.500868893096184,-3.0640700452420706,-2.8394178456014467,-5.069730518260666,-4.921578071486307,0
b2AR-decoy_1921,CCCCCC[C@@H]1CC2C(CCC3(C)C(=O)CCC23)C2(C)C=CC(=O)C=C12,-9.449,-7.935438011178515,-7.230246088469881,-6.027336949542789,-5.954315787273158,-5.806868893096185,-4.658070045242072,-4.751417845601447,-6.879730518260667,-6.698578071486306,0
b2AR-decoy_1922,Cn1cc(c2ccncc2)c(c2ccc(OCc3ccc4cc(CF)ccc4n3)cc2)n1,-10.848,-8.891438011178515,-7.675246088469882,-7.447336949542789,-6.091315787273159,-5.251868893096185,-5.386070045242072,-5.240417845601447,-6.529730518260667,-7.808578071486307,0
b2AR-decoy_1923,CO[C@@H](c1cc(C)no1)c1ccccc1/C=N/N=C(\C)c1ccc(Cl)c(Cl)c1,-9.567,-7.356438011178515,-7.303246088469882,-5.82033694954279,-5.583315787273158,-5.0228688930961845,-4.865070045242071,-4.502417845601446,-5.929730518260666,-6.615578071486306,0
b2AR-decoy_1924,CSCSC1=C2CCC3C4CCC(=O)[C@@]4(C)CCC3[C@@]2(C)CCC1=O,-9.496,-8.594438011178514,-7.240246088469881,-5.989336949542789,-5.039315787273159,-5.753868893096184,-5.099070045242071,-4.278417845601448,-6.402730518260666,-6.300578071486306,0
b2AR-decoy_1925,CN(C)C(=O)c1cc(Cl)ccc1Sc1cc(Cl)ccc1Cl,-7.56,-5.857438011178515,-5.545246088469881,-4.14933694954279,-4.005315787273158,-3.974868893096184,-3.0350700452420707,-2.778417845601447,-5.392730518260667,-4.125578071486307,0
b2AR-decoy_1926,CC(C)=CCC/C(C)=C/Cc1cc([C@@H]2CC(=O)c3c(O)cc(O)cc3O2)c(O)cc1O,-9.594,-7.664438011178515,-6.848246088469882,-6.04533694954279,-5.979315787273158,-5.398868893096184,-4.737070045242071,-4.747417845601447,-5.968730518260667,-6.828578071486307,0
b2AR-decoy_1927,CCCCCCC(=O)O[C@H]1CC[C@H]2[C@@H]3CC[C@H]4CC(=O)C=C(C)[C@]4(C)[C@H]3CC[C@]12C,-10.125,-7.437438011178514,-6.643246088469882,-6.11333694954279,-5.843315787273159,-5.796868893096185,-3.842070045242071,-4.028417845601448,-7.0467305182606665,-7.008578071486307,0
b2AR-decoy_1928,OC(c1ccc(OC(F)(F)F)cc1)c1cc2ccccc2cc1c1cccnc1,-10.151,-8.038438011178515,-8.47224608846988,-6.40433694954279,-6.216315787273159,-5.9938688930961845,-5.30807004524207,-5.265417845601446,-7.127730518260666,-6.563578071486306,0
b2AR-decoy_1929,C=C1C(=O)O[C@H]2[C@H]1CCC(/C=N/NC(=S)Nc1ccc(F)cc1)=C\CC[C@@]1(C)O[C@@H]21,-8.222,-5.675438011178515,-5.386246088469881,-4.4083369495427895,-4.179315787273159,-3.814868893096184,-2.967070045242071,-3.148417845601447,-4.492730518260666,-4.437578071486307,0
b2AR-decoy_1930,COc1ccc(F)cc1C(C)(C)CC(O)(Cc1cc2cc(F)ccc2[nH]1)C(F)(F)F,-10.094,-8.172438011178516,-7.788246088469881,-7.0783369495427895,-6.250315787273159,-6.045868893096184,-5.813070045242071,-4.865417845601447,-6.834730518260667,-6.670578071486306,0
b2AR-decoy_1931,C/C(=N\NC(=S)Nc1ccc(Br)cc1)c1ccc(Br)cc1,-9.053,-6.614438011178516,-6.260246088469881,-5.383336949542789,-4.765315787273159,-4.551868893096184,-3.81807004524207,-3.557417845601448,-5.459730518260667,-5.510578071486307,0
b2AR-decoy_1932,CC(C)[C@@H](C)/C=C/[C@@H](C)[C@H]1CC[C@H]2C3=CC(=O)[C@@]4(O)C[C@@H](O)CC[C@]4(C)[C@H]3CC[C@@]21C,-10.133,-8.134438011178515,-7.446246088469881,-6.88833694954279,-6.256315787273158,-5.876868893096185,-5.358070045242071,-5.233417845601446,-6.605730518260666,-7.151578071486307,0
b2AR-decoy_1933,COc1ccc2c(c1)[nH]c1c(C)[n+](CCCC[n+]3ccc4c([nH]c5cc(OC)ccc54)c3C)ccc12,-9.826,-9.111438011178516,-7.87924608846988,-7.13833694954279,-4.450315787273159,-5.578868893096185,-5.838070045242072,-5.141417845601447,-5.445730518260666,-6.761578071486307,0
b2AR-decoy_1934,CC(=O)O[C@@H]1[C@@H](O)[C@@H]2O[C@@H]([C@H](C)CCC[C@H](C)[C@@H]3CC=C(C)[C@H]4CCC(C)=C[C@H]43)OC[C@@H](O2)[C@H]1O,-8.833,-7.050438011178516,-5.817246088469881,-5.6423369495427895,-4.910315787273159,-4.178868893096185,-3.95907004524207,-4.108417845601446,-5.331730518260667,-6.248578071486307,0
b2AR-decoy_1935,CC(O)(CSc1ccc(OC(F)(F)F)cc1)C(=O)Nc1ccc([N+](=O)[O-])cc1C(F)(F)F,-9.624,-7.096438011178515,-7.107246088469882,-6.277336949542789,-6.181315787273158,-5.292868893096184,-4.738070045242072,-4.648417845601447,-6.129730518260667,-5.972578071486307,0
b2AR-decoy_1936,C[C@]1(C(=O)NCC23CC4CC(CC(C4)C2)C3)CCC[C@]2(C)c3cc(O)ccc3CC[C@@H]12,-12.089,-10.342438011178515,-7.917246088469881,-8.18533694954279,-7.097315787273159,-7.336868893096184,-5.46207004524207,-6.390417845601446,-8.311730518260667,-7.563578071486306,0
b2AR-decoy_1937,CN1C(=O)[C@@H](NC(=O)c2cc3ccccc3[nH]2)N=C(c2ccccc2F)c2ccccc21,-8.968,-7.504438011178514,-7.380246088469882,-6.13533694954279,-5.494315787273159,-5.213868893096185,-4.326070045242071,-4.832417845601446,-6.508730518260666,-6.574578071486307,0
b2AR-decoy_1938,O=C(C/C(=C\c1cn(c2ccccc2)nc1c1ccccc1)c1n[nH]c(=O)[nH]1)c1ccc(Cl)cc1,-11.296,-9.018438011178516,-9.197246088469882,-7.844336949542789,-7.8573157872731585,-6.861868893096185,-6.597070045242072,-6.294417845601448,-7.855730518260666,-7.877578071486306,0
b2AR-decoy_1939,N#Cc1cc(S(=O)(=O)Nc2ccc(F)cn2)ccc1Oc1ccc(Cl)c(CO)c1,-9.832,-7.568438011178515,-6.975246088469881,-5.6583369495427895,-5.503315787273159,-5.298868893096184,-4.967070045242071,-4.504417845601447,-6.250730518260667,-6.145578071486307,0
b2AR-decoy_194,C=CCNC(=O)C(=O)C(CCC)NC(=O)[C@@H]1[C@@H]2[C@H](CN1C(=O)[C@@H](NC(=O)N[C@@H](CN1CCC(C)(C)CC1=O)C(C)(C)C)C1CCCCC1)C2(C)C,-10.115,-8.611438011178516,-7.646246088469882,-7.34733694954279,-6.0593157872731584,-5.4888688930961855,-5.229070045242072,-5.325417845601447,-6.5197305182606655,-7.339578071486306,0
b2AR-decoy_1940,Nc1ncc(c2ccc(C(=O)N3CCOCC3)cc2)cc1c1ccc(C(F)(F)F)nc1,-9.955,-8.833438011178515,-7.514246088469882,-6.607336949542789,-6.820315787273158,-5.699868893096184,-5.17707004524207,-4.849417845601447,-6.0917305182606665,-7.396578071486306,0
b2AR-decoy_1941,CC(C)NS(=O)(=O)c1cccc(CNC(=O)c2cccc3c2cnn3c2ccc(F)cc2)c1,-10.434,-7.789438011178515,-7.92724608846988,-6.45933694954279,-6.224315787273158,-5.039868893096184,-6.069070045242071,-5.798417845601447,-6.789730518260667,-7.085578071486307,0
b2AR-decoy_1942,CC(C)(O)C#Cc1cnc(NC(=O)[C@H](CC2CCCC2)c2ccc(S(C)(=O)=O)c(Cl)c2)cn1,-9.236,-6.963438011178516,-6.28324608846988,-5.434336949542789,-5.982315787273159,-4.828868893096185,-4.320070045242071,-4.399417845601446,-5.433730518260667,-6.220578071486306,0
b2AR-decoy_1943,O=C1CCc2c(Oc3ccc4c(c3)C3C(O4)C3c3nc4cccc(F)c4[nH]3)ccnc2N1,-11.702,-10.103438011178516,-9.12224608846988,-7.624336949542791,-7.703315787273159,-6.295868893096184,-6.545070045242071,-6.403417845601448,-8.554730518260666,-8.345578071486306,0
b2AR-decoy_1944,Cc1csc([C@](C)(O)c2nnc(Nc3ccn(Cc4c(F)cccc4F)n3)s2)n1,-10.063,-7.347438011178514,-6.9222460884698815,-6.2033369495427895,-5.887315787273158,-5.306868893096185,-4.84007004524207,-4.640417845601446,-6.342730518260666,-6.882578071486307,0
b2AR-decoy_1945,OC12CC3CC(C1)CC(Cn1cc(c4cccc5c4-c4ccccc4C5(O)C(F)(F)F)cn1)(C3)C2,-11.304,-8.963438011178516,-8.81524608846988,-7.005336949542789,-7.361315787273158,-6.187868893096185,-5.423070045242071,-6.355417845601448,-8.485730518260667,-7.980578071486306,0
b2AR-decoy_1946,Cc1nc(c2cccc(NC(=O)c3ccc4nc5n(c4c3)CCCNC5=O)c2)cs1,-8.928,-6.953438011178514,-6.060246088469881,-5.274336949542789,-5.041315787273158,-3.5928688930961847,-3.745070045242072,-3.6174178456014463,-5.544730518260666,-5.409578071486306,0
b2AR-decoy_1947,C/C(=N\Nc1nc(Cl)c(Cl)cc1Cl)c1ccc(S(=O)(=O)NCc2ccco2)cc1,-9.397,-7.619438011178515,-6.942246088469881,-5.69933694954279,-5.683315787273159,-5.846868893096184,-4.564070045242071,-4.889417845601447,-6.682730518260666,-6.481578071486307,0
b2AR-decoy_1948,CCC(=O)Nc1ccc(S(=O)(=O)NCc2ccc3c(c2)CCN3C(=O)c2ccc(C)cc2)cc1,-9.883,-7.229438011178516,-7.614246088469882,-6.839336949542791,-6.862315787273159,-4.777868893096185,-5.38207004524207,-4.817417845601447,-5.985730518260667,-7.653578071486306,0
b2AR-decoy_1949,C=C(CC[C@@H](C)[C@H]1CC[C@H]2[C@@H]3C(=O)C=C4C[C@@H](O)CC[C@]4(CO)[C@H]3CC[C@@]21C)C(C)C,-9.828,-8.741438011178515,-7.1452460884698805,-6.76933694954279,-6.490315787273158,-5.638868893096184,-4.429070045242071,-4.764417845601447,-7.138730518260667,-6.667578071486307,0
b2AR-decoy_195,C=CCCCS(=O)(=O)NC(=O)c1ccccc1NC(=O)[C@@H](NC(=O)OC(C)(C)C)c1ccc(Oc2cc(OC)nc(c3ccccc3)n2)cc1,-10.116,-8.261438011178516,-7.555246088469881,-6.7673369495427895,-6.039315787273159,-6.390868893096185,-5.407070045242071,-4.953417845601447,-6.597730518260667,-7.103578071486307,0
b2AR-decoy_1950,Cc1ccc(S(=O)(=O)Nc2c(C(=O)N[C@@H](C)C(C)(C)C)c(C)nn2C(C)C)cc1,-9.4,-7.631438011178515,-7.29924608846988,-6.005336949542789,-5.493315787273158,-5.042868893096184,-5.123070045242072,-4.512417845601448,-6.068730518260667,-6.226578071486307,0
b2AR-decoy_1951,CC1(C)OC2=C(C(=O)/C(=N\NC(=O)c3ccncc3)c3ccccc32)C1Nc1ccccc1,-10.377,-8.417438011178515,-7.926246088469881,-7.178336949542789,-6.606315787273159,-5.889868893096185,-5.670070045242071,-5.097417845601447,-6.723730518260666,-7.679578071486306,0
b2AR-decoy_1952,C/C(=N\Nc1ccc(C(F)(F)F)cn1)c1ccc(S(=O)(=O)NCc2ccco2)cc1,-10.205,-7.836438011178515,-7.614246088469882,-6.49333694954279,-6.210315787273158,-5.409868893096185,-4.733070045242071,-5.478417845601447,-6.985730518260667,-6.882578071486307,0
b2AR-decoy_1953,N#Cc1ccc(C(c2c(O)c3ccccc3oc2=O)c2c(O)c3ccccc3oc2=O)cc1,-11.418,-8.590438011178515,-8.52324608846988,-7.20833694954279,-6.766315787273159,-6.168868893096185,-5.44307004524207,-5.532417845601447,-7.432730518260666,-8.014578071486307,0
b2AR-decoy_1954,CC(C)c1cc(C(=O)N2CCc3c(sc(NC(=O)c4ccccc4)c3C#N)C2)[nH]n1,-9.893,-7.898438011178515,-7.678246088469882,-6.11933694954279,-6.088315787273158,-5.731868893096184,-5.88207004524207,-5.193417845601447,-6.524730518260666,-6.444578071486307,0
b2AR-decoy_1955,Cc1ccccc1C(=O)Nc1c(C(O)(C(F)(F)F)C(F)(F)F)ccc2ccccc12,-10.458,-8.353438011178515,-8.149246088469882,-6.361336949542789,-6.430315787273159,-6.045868893096184,-5.330070045242071,-5.037417845601446,-7.1397305182606665,-7.111578071486306,0
b2AR-decoy_1956,O=C(NO)c1ccc(COc2c(=O)n(Cc3ccncc3)c3ccccc3c2c2ccccc2)cc1,-9.862,-8.224438011178515,-8.15824608846988,-6.4533369495427895,-6.862315787273159,-5.558868893096184,-6.392070045242072,-5.448417845601448,-7.538730518260666,-7.057578071486306,0
b2AR-decoy_1957,Cc1ccc(c2nnc(SCC(=O)c3ccc(O)c(O)c3)n2Cc2ccco2)cc1,-9.536,-8.100438011178515,-7.240246088469881,-6.239336949542789,-6.487315787273159,-5.703868893096185,-5.125070045242071,-4.700417845601447,-6.370730518260666,-7.405578071486307,0
b2AR-decoy_1958,Cc1cc(NS(=O)(=O)Cc2ccc(NC(=O)Cc3ccc(Cl)c(Cl)c3)cc2)no1,-9.829,-7.867438011178516,-6.466246088469882,-5.980336949542791,-5.574315787273159,-5.124868893096185,-4.561070045242071,-4.807417845601448,-6.553730518260666,-6.971578071486306,0
b2AR-decoy_1959,COCC(C)(C)NC(=O)c1c(NC(=O)c2ccccc2OC(F)(F)F)sc2c1CCOC2,-9.609,-7.073438011178515,-6.2812460884698815,-5.85933694954279,-4.979315787273158,-4.771868893096185,-2.2320700452420708,-4.121417845601448,-5.505730518260666,-6.475578071486307,0
b2AR-decoy_196,C=CCCS(=O)(=O)NC(=O)c1ccccc1NC(=O)[C@@H](NC(=O)OC(C)(C)C)c1ccc(Oc2cc(OC)nc(c3ccccc3)n2)c(C=C)c1,-9.966,-8.188438011178516,-7.327246088469881,-6.52233694954279,-6.102315787273158,-5.239868893096185,-5.27307004524207,-4.892417845601447,-7.081730518260667,-6.987578071486306,0
b2AR-decoy_1960,COc1c(O)cc2c(c1CC=C(C)C)OC(=O)c1c(cc3c(c1O)C=CC(C)(C)O3)O2,-9.536,-8.272438011178515,-6.971246088469881,-7.030336949542789,-5.739315787273158,-5.207868893096185,-4.176070045242071,-4.688417845601446,-6.017730518260667,-6.766578071486306,0
b2AR-decoy_1961,N#Cc1cc(F)cc(S(=O)(=O)c2sc3ncc(N)cc3c2c2cnccc2F)c1,-10.184,-7.619438011178515,-7.62924608846988,-6.296336949542789,-6.139315787273159,-6.484868893096184,-4.628070045242071,-4.436417845601447,-6.492730518260666,-6.036578071486307,0
b2AR-decoy_1962,N#Cc1cc(S(=O)(=O)Nc2nccs2)ccc1Oc1ccc(F)cc1c1ccc(CO)cc1,-9.821,-7.5474380111785155,-7.068246088469881,-6.02333694954279,-5.609315787273159,-5.289868893096184,-4.181070045242072,-4.536417845601447,-5.773730518260667,-6.055578071486307,0
b2AR-decoy_1963,CCCS(=O)(=O)Nc1ccc(Oc2ccc(F)cc2F)c(c2cn(C)c(=O)c3[nH]ccc32)c1,-9.78,-7.636438011178516,-7.002246088469882,-6.4693369495427895,-5.947315787273158,-5.284868893096185,-4.880070045242071,-4.660417845601447,-6.371730518260666,-6.857578071486307,0
b2AR-decoy_1964,COc1cc(O)c(C(CC(=O)Nc2ccc(C)cc2)c2ccc3c(c2)OCO3)c(OC)c1,-10.23,-8.537438011178516,-7.7012460884698815,-7.16033694954279,-6.489315787273158,-5.566868893096185,-5.115070045242071,-5.262417845601448,-6.803730518260666,-7.173578071486306,0
b2AR-decoy_1965,COc1cc2c(cc1OCCn1ccnc1)Cc1c-2n[nH]c1c1ccc(c2ccc(O)cc2)cc1,-10.209,-7.894438011178515,-8.53624608846988,-5.91633694954279,-5.708315787273158,-6.087868893096184,-5.442070045242071,-5.584417845601447,-6.634730518260666,-7.147578071486306,0
b2AR-decoy_1966,O=C1OC(COc2cccc3[nH]c4ccccc4c23)CN1CCOc1ccccc1O,-9.912,-8.653438011178515,-7.040246088469882,-6.21233694954279,-5.868315787273158,-6.053868893096185,-4.873070045242072,-4.988417845601447,-6.964730518260666,-7.411578071486307,0
b2AR-decoy_1967,O=C1OCC2=C1C1(C(=O)N(Cc3ccccc3)c3ccccc31)c1c([nH]nc1c1ccccc1)N2,-7.828,-6.3794380111785145,-7.260246088469881,-6.239336949542789,-5.101315787273158,-7.313868893096185,-3.847070045242072,-5.410417845601447,-6.291730518260666,-4.667578071486306,0
b2AR-decoy_1968,CC(C)CNc1cncc(COc2cc(/C=C3\SC(=O)N(C)C3=O)c(Br)cc2O)c1,-9.282,-6.453438011178514,-6.369246088469881,-5.784336949542789,-5.230315787273158,-4.434868893096185,-4.004070045242072,-4.038417845601448,-5.850730518260667,-5.569578071486307,0
b2AR-decoy_1969,COc1c(COc2ccc(NS(C)(=O)=O)cc2)cc(c2ccc[nH]c2=O)cc1C(C)(C)C,-10.092,-7.605438011178515,-7.173246088469881,-6.09033694954279,-6.158315787273159,-4.9618688930961845,-5.771070045242071,-4.490417845601447,-6.355730518260666,-6.670578071486306,0
b2AR-decoy_197,CCC(=O)CCCCC[C@@H]1NC(=O)[C@H]2CCCCN2C(=O)[C@H]([C@@H](C)CC)NC(=O)[C@H](Cc2cn(OC)c3ccc(Br)cc23)NC1=O,-7.931,-6.136438011178516,-6.163246088469881,-4.88533694954279,-4.388315787273158,-4.564868893096184,-3.672070045242071,-4.102417845601448,-5.2087305182606665,-4.878578071486307,0
b2AR-decoy_1970,CCN(CC(=O)Nc1c(F)cccc1F)C(=O)CCc1nc(O)c2c3c(sc2n1)CCCC3,-10.724,-8.410438011178515,-7.388246088469881,-7.3393369495427905,-6.468315787273159,-5.145868893096186,-5.380070045242071,-4.827417845601447,-7.220730518260666,-7.668578071486307,0
b2AR-decoy_1971,COc1ccc(/C=C(\NC(=O)c2ccccc2)C(=O)N/N=C/c2sccc2C)cc1,-9.858,-7.710438011178516,-6.990246088469881,-6.447336949542789,-6.009315787273158,-5.121868893096185,-4.65107004524207,-4.640417845601446,-6.4267305182606655,-6.636578071486307,0
b2AR-decoy_1972,C[C@@H](c1ccc(c2cc(=O)[nH]cn2)cc1)N1CC[C@](CCCO)(c2ccc(F)cc2)OC1=O,-10.648,-9.237438011178517,-8.352246088469881,-7.1263369495427895,-7.149315787273158,-6.294868893096185,-6.238070045242072,-5.496417845601448,-6.876730518260667,-7.713578071486307,0
b2AR-decoy_1973,Cc1ccc(O)c2c3c(nn12)CCC(C)(NC(=O)c1ccc(n2cccn2)cc1Cl)C3,-10.521,-9.174438011178514,-7.39524608846988,-6.444336949542789,-6.241315787273159,-4.903868893096185,-5.761070045242072,-4.736417845601446,-6.544730518260666,-7.390578071486306,0
b2AR-decoy_1974,Cc1cc(NS(=O)(=O)c2cccs2)c2oc(COC(=O)NCc3ccccc3)cc2c1,-10.452,-8.263438011178515,-7.220246088469882,-7.01633694954279,-5.735315787273159,-5.447868893096185,-5.002070045242071,-4.864417845601446,-5.646730518260666,-6.939578071486306,0
b2AR-decoy_1975,CCCc1ccc(S(=O)(=O)Nc2ccc(F)c(C(=O)c3c[nH]c4ncncc34)c2F)cc1,-10.399,-7.954438011178516,-7.30224608846988,-7.059336949542789,-6.394315787273159,-5.712868893096184,-5.592070045242071,-5.094417845601447,-6.616730518260667,-6.7555780714863065,0
b2AR-decoy_1976,O=C(N/N=C/c1cc(F)ccc1O)c1ccc(Br)cc1Br,-8.784,-6.702438011178515,-5.686246088469881,-5.3923369495427895,-5.104315787273158,-3.705868893096184,-3.690070045242072,-3.5804178456014477,-5.207730518260666,-6.0825780714863065,0
b2AR-decoy_1977,CCC(Sc1ncc(S(=O)(=O)c2ccc(C)cc2)c(=O)[nH]1)C(=O)Nc1cc(C)ccc1C,-10.235,-8.139438011178514,-7.563246088469882,-6.931336949542789,-6.368315787273158,-5.577868893096184,-5.77307004524207,-4.863417845601447,-6.899730518260666,-7.382578071486307,0
b2AR-decoy_1978,O=C(N[C@H]1N=C(c2ccccc2F)c2cccc3c2N(CC3)C1=O)c1cc2ccccc2[nH]1,-10.161,-8.518438011178516,-7.496246088469881,-6.290336949542789,-6.636315787273158,-5.325868893096185,-4.22807004524207,-4.591417845601447,-6.214730518260666,-7.017578071486307,0
b2AR-decoy_1979,COc1cc(C(CC=C(C)C)SC(=O)c2cccs2)c(OC)c2c1/C(=N/O)C=C/C2=N\O,-8.096,-6.313438011178516,-5.901246088469882,-4.7833369495427895,-4.757315787273159,-3.6618688930961847,-3.3160700452420717,-3.3944178456014464,-4.933730518260666,-5.574578071486307,0
b2AR-decoy_198,COc1ccc(Cn2c(CCc3ccccc3)nnc2[C@@H](Cc2c[nH]c3ccccc23)NC(=O)CNC(=O)/C(C#N)=C/c2ccc(F)cc2)cc1,-10.742,-8.930438011178515,-9.57724608846988,-7.64533694954279,-7.204315787273158,-6.465868893096184,-7.13207004524207,-5.793417845601447,-7.697730518260666,-8.831578071486307,0
b2AR-decoy_1980,CC(O)(CSc1ccc(C#N)cc1)C(=O)Nc1ccc([N+](=O)[O-])c(C(F)(F)F)c1,-9.126,-6.903438011178515,-6.4722460884698805,-5.06933694954279,-5.645315787273159,-5.345868893096185,-3.769070045242071,-4.476417845601446,-6.306730518260666,-5.725578071486307,0
b2AR-decoy_1981,CCCCOC(=O)NCc1nc(c2nc(C)cs2)c(c2ccc3ncsc3c2)[nH]1,-8.742,-6.924438011178514,-6.329246088469882,-5.49433694954279,-5.314315787273159,-4.500868893096184,-3.685070045242071,-3.746417845601448,-5.332730518260666,-5.628578071486306,0
b2AR-decoy_1982,O=c1cc(CO)oc(C(Nc2nccs2)c2ccc(F)cc2)c1O,-8.273,-6.528438011178515,-5.942246088469881,-4.881336949542789,-4.713315787273158,-4.624868893096185,-3.679070045242071,-3.3234178456014467,-5.053730518260666,-5.604578071486307,0
b2AR-decoy_1983,NC(=O)COc1cc(Cl)c2c(c1)C(O)(C(F)(F)F)c1ccccc1-2,-8.854,-6.751438011178514,-6.888246088469881,-5.390336949542789,-5.441315787273158,-5.182868893096185,-4.094070045242072,-3.7854178456014473,-5.640730518260666,-5.860578071486307,0
b2AR-decoy_1984,CC(C)Cc1ccc(S(=O)(=O)Nc2ccc3[nH]c(=O)[nH]c3c2)cc1,-9.829,-8.421438011178514,-7.20324608846988,-6.765336949542789,-6.521315787273158,-5.826868893096185,-4.950070045242072,-4.240417845601447,-6.371730518260666,-7.000578071486306,0
b2AR-decoy_1985,Nc1cc(O)cc(Cn2nc(c3cc(Cl)cc(Cl)c3)oc2=O)c1Cl,-8.594,-6.573438011178515,-6.003246088469881,-5.14833694954279,-5.674315787273159,-4.506868893096184,-4.137070045242071,-3.473417845601446,-5.772730518260666,-5.424578071486307,0
b2AR-decoy_1986,Cc1ccc(NC(=O)CSc2sc3c(O)cc(O)nc3c2C#N)cc1C,-9.718,-7.853438011178515,-7.06224608846988,-6.460336949542789,-6.289315787273159,-5.389868893096185,-4.801070045242071,-4.514417845601447,-6.812730518260667,-6.772578071486306,0
b2AR-decoy_1987,CNC(=O)C=Cc1cnc(N)c2c1scc2c1ccc2c(c1)OCO2,-9.453,-7.572438011178516,-6.893246088469882,-6.02233694954279,-5.548315787273159,-5.0658688930961855,-4.549070045242072,-4.253417845601447,-5.7857305182606655,-5.706578071486307,0
b2AR-decoy_1988,C/C(=C\c1ccc(Cl)cc1)S(=O)(=O)Nc1ccc(C)cc1S(N)(=O)=O,-9.242,-7.434438011178516,-7.093246088469881,-6.0493369495427896,-5.816315787273158,-5.077868893096184,-4.402070045242072,-3.8414178456014474,-5.506730518260666,-6.4735780714863065,0
b2AR-decoy_1989,C=C1CC[C@@H](OC)[C@@](O)(CO)C[C@H]2O[C@@]23[C@H](C(C)(C)O)CC[C@@]3(C)CC1,-7.356,-4.676438011178515,-4.192246088469881,-3.6053369495427896,-3.053315787273158,-2.8268688930961847,-2.350070045242071,-1.840417845601447,-3.693730518260667,-3.6085780714863054,0
b2AR-decoy_199,CCNC(=O)Nc1ccc(CCCCc2nnc(NC(=O)Cc3cccc(CNC(=O)OC(C)(C)C)c3)s2)nn1,-8.776,-7.562438011178514,-6.568246088469881,-5.482336949542789,-5.596315787273159,-4.514868893096185,-4.043070045242072,-4.370417845601446,-6.393730518260666,-5.392578071486307,0
b2AR-decoy_1990,O=C1NC(=O)C(n2cc(CCCO)c3ccccc32)=C1c1c[nH]c2ccccc12,-9.341,-7.285438011178515,-7.050246088469882,-5.45533694954279,-5.603315787273159,-5.9938688930961845,-3.1310700452420708,-4.522417845601447,-6.8897305182606665,-5.782578071486306,0
b2AR-decoy_1991,N#Cc1c(N)nc(Sc2ccccc2O)c(C#N)c1c1cccs1,-7.338,-5.387438011178515,-5.324246088469881,-4.1743369495427896,-4.290315787273158,-3.367868893096185,-2.358070045242071,-2.9264178456014465,-4.467730518260667,-4.346578071486307,0
b2AR-decoy_1992,CC(/C=C/C(=O)Nc1ccccc1N)=C\C1(C)Oc2cc(N(C)C)ccc2C1=O,-9.955,-8.063438011178516,-6.653246088469881,-6.30533694954279,-6.112315787273159,-5.3478688930961855,-4.406070045242071,-4.179417845601448,-6.377730518260666,-6.230578071486306,0
b2AR-decoy_1993,CC(C)C(=O)c1c(O)cc(O)c(C[C@@H]2[C@@H](C(C)(C)O)CC[C@]2(C)O)c1O,-8.676,-6.529438011178515,-6.1292460884698805,-4.9693369495427895,-4.823315787273158,-4.637868893096185,-3.4070700452420706,-3.204417845601447,-5.984730518260667,-5.425578071486306,0
b2AR-decoy_1994,NC(=O)c1c(F)ccc(OCc2nc(c3ccc(O)cc3)co2)c1F,-9.596,-7.930438011178515,-6.996246088469881,-5.896336949542789,-5.595315787273158,-5.026868893096184,-4.79207004524207,-4.465417845601447,-6.383730518260666,-6.762578071486306,0
b2AR-decoy_1995,O=c1c2ccc(/C=N/Nc3ccccc3)cc2oc2cc(O)cc(O)c12,-9.989,-7.936438011178515,-7.152246088469882,-6.50433694954279,-6.016315787273159,-5.575868893096185,-5.156070045242071,-5.089417845601448,-6.714730518260666,-7.626578071486307,0
b2AR-decoy_1996,NC1=C2C(=O)N(CCc3c[nH]c4ccccc34)C(=O)CC2c2ccccc2O1,-11.652,-10.583438011178515,-8.928246088469882,-7.99133694954279,-7.293315787273158,-6.671868893096185,-6.49707004524207,-6.169417845601448,-7.800730518260666,-8.822578071486307,0
b2AR-decoy_1997,CC(C)n1cc(c2cc(C(N)=O)c3c(c2)C(O)(C(F)(F)F)c2ccccc2-3)cn1,-9.532,-7.395438011178514,-7.11024608846988,-5.970336949542789,-6.584315787273159,-5.181868893096185,-4.288070045242071,-4.337417845601447,-6.025730518260666,-6.055578071486307,0
b2AR-decoy_1998,CC(=O)C1=C(C)NC(SCC(N)=O)=C(C#N)C1c1sccc1C,-7.579,-5.575438011178515,-5.210246088469881,-4.24133694954279,-4.176315787273158,-3.699868893096185,-2.703070045242071,-2.8634178456014467,-4.924730518260667,-3.988578071486306,0
b2AR-decoy_1999,CC(C)C(=O)c1c(O)cc(O)c2c1O[C@@]1(C)CC[C@H](C(C)(C)O)O[C@H]1C2,-9.252,-7.421438011178514,-6.793246088469882,-5.6823369495427904,-5.279315787273159,-5.1798688930961845,-4.227070045242071,-4.431417845601446,-5.957730518260666,-5.674578071486307,0
b2AR-decoy_2,CC[C@@H](/C=C/[C@@H](C)[C@H]1CCC2C3=CC(=O)O[C@@]3(O)CC[C@@]21C)C(C)C,-9.511,-7.891438011178515,-6.8262460884698815,-5.98133694954279,-5.495315787273158,-4.946868893096184,-4.710070045242071,-4.039417845601447,-6.154730518260667,-6.274578071486307,0
b2AR-decoy_20,O=c1cc(c2cccc(Oc3ccccc3)c2)oc2cc(O)ccc12,-10.469,-8.952438011178515,-8.152246088469882,-7.444336949542789,-6.768315787273158,-6.177868893096186,-6.019070045242071,-5.383417845601446,-7.350730518260667,-8.168578071486307,0
b2AR-decoy_200,CCCCOC(=O)[C@H](C)NP(=O)(Oc1cccc2ccccc12)O[C@H](C)[C@H]1O[C@@H](n2ccc(N)nc2=O)[C@](C)(O)[C@@H]1O,-10.513,-7.836438011178515,-7.372246088469881,-6.60033694954279,-6.3093157872731584,-5.6798688930961845,-4.92707004524207,-5.232417845601447,-6.673730518260667,-7.525578071486306,0
b2AR-decoy_2000,N#CC(=C(/N)Sc1ccccc1)/C(C#N)=C(\N)Sc1ccccc1,-7.974,-5.926438011178515,-5.575246088469881,-4.3603369495427895,-4.206315787273159,-3.9408688930961846,-3.036070045242071,-2.9794178456014464,-4.7087305182606665,-4.980578071486306,0
b2AR-decoy_2001,C=CCNc1sc(C(=O)c2ccc(Br)s2)c(N)c1C#N,-7.209,-5.080438011178515,-4.753246088469881,-3.68933694954279,-3.2353157872731586,-2.8608688930961845,-2.2240700452420707,-2.3224178456014477,-3.7407305182606665,-3.923578071486306,0
b2AR-decoy_2002,Cc1ccc2[nH]c(C(C#N)=Cc3ccc(OCC(N)=O)cc3)nc2c1C,-9.536,-7.771438011178516,-6.936246088469881,-6.31833694954279,-6.030315787273159,-5.061868893096184,-5.12207004524207,-4.764417845601447,-6.008730518260666,-6.451578071486306,0
b2AR-decoy_2003,N#C/C(=C/c1ccc(c2ccc(C(N)=O)cc2)o1)c1nc2ccccc2[nH]1,-11.075,-8.440438011178514,-8.05224608846988,-7.01933694954279,-6.529315787273159,-6.036868893096186,-5.803070045242071,-5.239417845601446,-6.642730518260667,-7.185578071486306,0
b2AR-decoy_2004,CCNC(=O)c1noc(c2cc(C(C)C)c(O)cc2O)c1C#Cc1ccccc1,-8.668,-6.494438011178515,-6.090246088469881,-5.03233694954279,-4.911315787273159,-4.343868893096184,-3.102070045242071,-3.722417845601447,-5.520730518260667,-5.159578071486306,0
b2AR-decoy_2005,C/C(=N\NC(=O)Nc1n[nH]c(=S)s1)c1ccc(Br)cc1,-8.935,-7.327438011178515,-6.184246088469882,-6.00933694954279,-5.376315787273159,-4.224868893096184,-3.947070045242072,-3.4324178456014467,-5.125730518260666,-5.610578071486307,0
b2AR-decoy_2006,CC(C)(C)c1ccc(S(=O)(=O)NCc2ccc(C(=O)NO)cc2)cc1,-9.469,-7.695438011178515,-6.8312460884698805,-6.15033694954279,-5.949315787273159,-4.734868893096184,-4.461070045242071,-4.322417845601446,-6.383730518260666,-6.492578071486307,0
b2AR-decoy_2007,COc1cc(/C=C2\CCCC3C2=NNC3c2ccc(O)c(OC)c2)ccc1O,-10.492,-8.458438011178515,-7.9222460884698815,-6.527336949542789,-6.890315787273158,-6.136868893096185,-5.80807004524207,-4.978417845601447,-6.858730518260666,-6.736578071486306,0
b2AR-decoy_2008,Cc1ccc(C(=O)NNC(=O)CCC(=O)Nc2cccc(Cl)c2C)cc1,-10.453,-8.106438011178515,-7.307246088469881,-6.66133694954279,-5.856315787273159,-5.4298688930961845,-4.492070045242071,-4.744417845601447,-6.355730518260666,-6.774578071486307,0
b2AR-decoy_2009,Cc1nc(c2cc(c3cc(F)c(CO)c(F)c3)c3c(N)ncnn23)cs1,-9.716,-7.419438011178515,-7.202246088469881,-6.30233694954279,-5.681315787273158,-5.056868893096185,-4.640070045242071,-3.945417845601448,-6.665730518260666,-6.291578071486306,0
b2AR-decoy_201,CCC(CC)COC(=O)[C@H](C)NP(=O)(OCCOCn1cc(c2cnc(N)nc2OC)cn1)Oc1ccccc1,-8.971,-6.916438011178515,-6.477246088469881,-5.42333694954279,-5.095315787273158,-4.482868893096185,-4.011070045242072,-3.945417845601448,-5.5197305182606655,-5.774578071486307,0
b2AR-decoy_2010,N#Cc1c(NC(=O)c2cc(OCC(N)=O)ccc2Cl)sc2c1CCCC2,-9.302,-7.2334380111785155,-6.788246088469881,-5.5173369495427895,-5.448315787273158,-4.483868893096185,-4.877070045242071,-3.707417845601446,-5.934730518260666,-6.476578071486307,0
b2AR-decoy_2011,CC(C)(C)c1cc(CCC(=O)NNC(=O)c2ccco2)cc(C(C)(C)C)c1O,-9.304,-7.144438011178515,-7.186246088469881,-5.9533369495427895,-5.308315787273159,-4.516868893096184,-4.49707004524207,-3.921417845601447,-5.749730518260666,-6.195578071486306,0
b2AR-decoy_2012,C=C1CC[C@H]2[C@@](C)(CC[C@@H](O)[C@@]2(C)CO)[C@@H]1C/C=C1\SC(=S)NC1=O,-8.908,-7.502438011178516,-6.476246088469882,-5.38433694954279,-4.924315787273159,-4.839868893096185,-4.270070045242072,-3.593417845601447,-5.291730518260667,-6.187578071486307,0
b2AR-decoy_2013,NS(=O)(=O)c1ccc(N/N=C/c2ccc(N3CCCCC3)cc2)cc1,-9.362,-7.364438011178516,-6.407246088469881,-5.652336949542789,-5.895315787273159,-4.890868893096185,-4.073070045242071,-4.140417845601446,-5.953730518260667,-5.978578071486307,0
b2AR-decoy_2014,COc1cc(Br)cc(/C=N/c2ccc3[nH]c(=O)[nH]c3c2)c1O,-8.378,-6.336438011178515,-5.998246088469881,-5.171336949542789,-4.520315787273159,-4.2278688930961845,-3.969070045242072,-3.404417845601447,-5.060730518260667,-5.068578071486307,0
b2AR-decoy_2015,Cc1ccc(Cl)c2c1NC(=O)/C2=N\NC(=O)C(C)c1ccc(O)cc1,-9.491,-7.986438011178516,-6.878246088469881,-6.121336949542791,-5.876315787273159,-5.167868893096184,-5.102070045242071,-4.441417845601446,-5.961730518260666,-6.841578071486307,0
b2AR-decoy_2016,CC1(C)CC=C(c2cc(CCO)ccc2NC(=O)c2nc(C#N)c[nH]2)CC1,-8.863,-7.377438011178516,-6.834246088469881,-5.764336949542789,-5.347315787273159,-5.4458688930961845,-4.037070045242071,-4.105417845601448,-5.662730518260666,-6.045578071486306,0
b2AR-decoy_2017,Nc1ccc(C(Cn2cnnc2)=C(c2ccc(O)cc2)c2ccc(O)cc2)cc1,-8.778,-6.269438011178515,-6.337246088469881,-5.15033694954279,-4.902315787273158,-4.468868893096184,-3.884070045242071,-3.535417845601448,-5.029730518260666,-4.921578071486307,0
b2AR-decoy_2018,O=C1Nc2ccccc2/C1=C1/Nc2ccccc2/C1=N\OCCCCO,-8.698,-6.641438011178515,-6.591246088469882,-5.46233694954279,-5.422315787273158,-4.774868893096185,-4.053070045242071,-4.000417845601447,-5.402730518260666,-6.065578071486307,0
b2AR-decoy_2019,CC(C)CC(=O)c1c(O)c(C=O)c(O)c2c1O[C@@]1(CO)[C@@H](C2)C[C@H]2C[C@@H]1C2(C)C,-9.146,-7.603438011178515,-6.365246088469881,-5.39833694954279,-5.265315787273158,-4.780868893096185,-4.149070045242072,-4.048417845601447,-6.015730518260666,-6.084578071486307,0
b2AR-decoy_202,C=CC[C@@H](Cc1ccc(F)cc1)C(=O)OC[C@H](Cc1c[nH]c2ccccc12)NC(=O)[C@H](CC=C)CC(=O)N(CCO)Cc1ccccc1,-9.571,-7.524438011178516,-7.27024608846988,-6.89533694954279,-6.083315787273158,-5.268868893096185,-4.772070045242071,-4.749417845601446,-6.920730518260667,-7.441578071486306,0
b2AR-decoy_2020,NC(=S)N/N=C(\COc1ccc(F)cc1)c1ccc(Br)cc1,-8.511,-6.579438011178516,-6.1722460884698815,-5.42033694954279,-4.797315787273158,-4.0308688930961845,-3.765070045242071,-3.4054178456014466,-5.007730518260666,-5.704578071486306,0
b2AR-decoy_2021,C=CC(C)(C)c1c(O)cc(OC)c2cc(c3ccc(O)cc3O)c(=O)oc12,-9.211,-7.099438011178515,-6.527246088469882,-5.287336949542789,-4.527315787273158,-4.366868893096184,-4.365070045242071,-3.936417845601447,-4.997730518260666,-5.636578071486307,0
b2AR-decoy_2022,CC(C(=O)N/N=C1\C(=O)Nc2c(Cl)ccc(Cl)c21)c1ccc(O)cc1,-9.456,-7.962438011178515,-6.8792460884698805,-5.86933694954279,-5.773315787273159,-5.229868893096185,-5.050070045242071,-4.283417845601447,-5.943730518260667,-6.993578071486306,0
b2AR-decoy_2023,O=C1Nc2ccccc2/C1=N/NC(=S)Nc1ccc(OC(F)(F)F)cc1,-9.324,-7.496438011178515,-7.074246088469881,-6.3123369495427895,-5.836315787273158,-5.056868893096185,-4.537070045242071,-4.211417845601448,-6.273730518260667,-6.392578071486307,0
b2AR-decoy_2024,O=C(NNC(=O)c1ccccc1OCc1ccccc1)c1ccccc1O,-9.646,-7.779438011178515,-7.423246088469881,-6.74733694954279,-6.222315787273159,-6.039868893096184,-5.300070045242071,-5.049417845601447,-6.133730518260666,-6.9285780714863066,0
b2AR-decoy_2025,CCc1ccc2oc(C(=O)NCc3ccc(S(N)(=O)=O)cc3)c(C)c2c1,-10.105,-7.652438011178516,-7.357246088469882,-6.214336949542791,-6.313315787273158,-5.279868893096184,-5.063070045242071,-4.804417845601448,-6.193730518260667,-6.581578071486307,0
b2AR-decoy_2026,CCC(=O)Nc1ccc(NC(=S)NC(=O)/C=C/c2ccco2)cc1,-7.932,-6.537438011178516,-5.731246088469881,-5.0013369495427895,-4.336315787273159,-3.904868893096185,-3.1840700452420707,-2.792417845601447,-4.562730518260667,-5.609578071486306,0
b2AR-decoy_2027,Cc1nc(SCC(=O)Nc2sccc2C(N)=O)c2c(C)c(C)sc2n1,-8.058,-6.9724380111785145,-6.329246088469882,-5.19333694954279,-4.552315787273159,-4.045868893096185,-3.4970700452420718,-3.507417845601447,-5.100730518260667,-5.626578071486307,0
b2AR-decoy_2028,CC(=NNC(=O)c1cc(Br)ccc1O)c1cc2cc(O)ccc2n1C,-9.882,-8.103438011178515,-7.15824608846988,-6.544336949542791,-5.846315787273159,-5.148868893096184,-4.931070045242072,-4.455417845601447,-6.473730518260666,-6.964578071486306,0
b2AR-decoy_2029,CC(C)(C)CC(=O)NC(C(=O)NO)c1ccc(c2cc(F)c(F)c(F)c2)cc1,-9.155,-7.977438011178515,-6.9672460884698815,-6.546336949542789,-5.417315787273159,-4.677868893096186,-4.758070045242072,-4.210417845601446,-6.809730518260666,-6.3805780714863065,0
b2AR-decoy_203,COc1cc(/C=C/C(=O)/C(=N\Nc2ccc([N+](=O)[O-])cc2)C(=O)C(Br)C(Br)c2ccc(O)c(OC)c2)ccc1O,-9.765,-7.607438011178516,-7.511246088469882,-6.1823369495427904,-6.283315787273159,-5.420868893096184,-4.891070045242071,-5.067417845601447,-6.330730518260667,-6.234578071486306,0
b2AR-decoy_2030,C[C@]1(c2ccc(c3cc(F)c4[nH]nc(C5CC5)c4c3)[nH]c2=O)CCCNC1=O,-10.318,-8.342438011178515,-7.811246088469881,-6.630336949542789,-6.022315787273158,-6.521868893096185,-6.009070045242071,-4.661417845601447,-7.848730518260666,-6.781578071486306,0
b2AR-decoy_2031,Nc1nc(SCC(=O)c2ccc(Br)cc2)c2nc[nH]c2n1,-8.896,-6.729438011178516,-6.259246088469881,-5.81533694954279,-5.1763157872731576,-4.301868893096184,-4.077070045242071,-3.4084178456014467,-4.800730518260666,-5.858578071486306,0
b2AR-decoy_2032,CCc1ccc(C2c3c([nH]nc3c3cc(C)ccc3O)C(=O)N2CCO)cc1,-8.862,-7.167438011178515,-6.540246088469882,-5.3073369495427904,-5.081315787273159,-5.3928688930961854,-4.076070045242071,-3.973417845601446,-5.786730518260667,-5.601578071486307,0
b2AR-decoy_2033,C/C(=N\NS(=O)(=O)c1ccc(N)cc1)c1ccc(n2c(C)ccc2C)cc1,-9.173,-7.768438011178516,-7.150246088469881,-5.746336949542791,-5.644315787273159,-5.796868893096185,-4.077070045242071,-4.115417845601447,-6.6237305182606665,-6.233578071486306,0
b2AR-decoy_2034,Cc1cccc(NC(=O)CSc2n[nH]c(c3ccccc3O)n2)c1C,-10.333,-8.196438011178515,-7.634246088469881,-6.90733694954279,-6.070315787273158,-5.560868893096185,-4.858070045242071,-4.892417845601447,-6.879730518260667,-7.095578071486306,0
b2AR-decoy_2035,O=c1cc(c2ccccc2)oc2cc(OC/C(=N/O)c3ccccc3)ccc12,-10.79,-8.566438011178516,-7.843246088469881,-6.691336949542789,-6.282315787273159,-5.494868893096184,-5.544070045242071,-5.504417845601447,-7.170730518260667,-8.149578071486307,0
b2AR-decoy_2036,COc1ccc(/C=C2\CCC/C(=C\c3ccc(O)c(OC)c3)C2=O)c(OC)c1,-9.531,-7.621438011178515,-6.7222460884698805,-6.354336949542789,-5.565315787273159,-5.249868893096185,-4.925070045242071,-4.038417845601448,-6.194730518260666,-6.210578071486307,0
b2AR-decoy_2037,Cc1c(C)c2c(c(C)c1O)C=CC(C)(COCc1cc(c3ccccc3)no1)O2,-10.383,-8.606438011178515,-7.465246088469881,-7.02933694954279,-6.303315787273158,-6.197868893096185,-4.995070045242072,-4.963417845601446,-6.586730518260666,-7.424578071486307,0
b2AR-decoy_2038,Cn1ncc(Cl)c1C(=O)NCc1ccc(Oc2ccc(Cl)cc2)cc1,-9.849,-7.518438011178516,-6.7972460884698815,-6.162336949542789,-4.905315787273159,-4.311868893096184,-4.501070045242072,-4.000417845601447,-5.435730518260666,-5.813578071486306,0
b2AR-decoy_2039,CC(C)c1ccc(NC(=O)CSc2ncc3c(n2)CC(C)(C)CC3=O)cc1,-9.872,-7.939438011178515,-7.022246088469881,-6.13833694954279,-6.037315787273158,-5.553868893096185,-4.753070045242071,-4.904417845601447,-6.687730518260667,-7.040578071486307,0
b2AR-decoy_204,COc1ccc2cc(C(=O)N[C@@H](Cc3ccccc3)[C@H](O)CN(CC(C)C)S(=O)(=O)c3ccc(N)cc3)c(=O)oc2c1,-10.302,-7.920438011178515,-7.716246088469882,-6.777336949542789,-6.326315787273158,-5.676868893096184,-6.143070045242071,-5.894417845601447,-6.888730518260667,-7.501578071486307,0
b2AR-decoy_2040,COc1ccc(c2nnc(SCc3ccccc3Cl)o2)c(O)c1,-8.804,-7.211438011178515,-6.159246088469882,-5.42733694954279,-5.239315787273158,-4.464868893096185,-4.124070045242071,-3.651417845601447,-5.4667305182606665,-6.236578071486306,0
b2AR-decoy_2041,Cc1cc(OCc2cc(C(=O)NCc3cc(C(C)C)no3)no2)cc(C)c1Cl,-9.524,-7.569438011178516,-6.957246088469882,-5.82733694954279,-5.766315787273159,-4.907868893096184,-4.85307004524207,-4.165417845601446,-6.384730518260666,-6.450578071486307,0
b2AR-decoy_2042,O=C(COc1cc(O)c2c(=O)cc(c3ccccc3)oc2c1)c1ccc(F)cc1,-10.483,-8.914438011178515,-8.237246088469881,-6.889336949542789,-6.918315787273158,-6.154868893096184,-5.505070045242071,-5.6524178456014464,-7.401730518260667,-8.150578071486306,0
b2AR-decoy_2043,COc1cccc(/C=C/C(=O)c2ccc3c(c2O)C=CC(C)(C)O3)c1OC,-9.13,-7.664438011178515,-6.800246088469882,-5.87933694954279,-5.881315787273158,-4.844868893096185,-4.452070045242071,-3.840417845601447,-5.598730518260666,-5.964578071486306,0
b2AR-decoy_2044,COc1ccc(/C=C/c2nc(c3ccc4c(c3)CCC(=O)N4)cs2)cc1OC,-9.607,-7.853438011178515,-7.009246088469881,-5.97833694954279,-5.802315787273159,-5.083868893096184,-4.954070045242071,-4.490417845601447,-6.0917305182606665,-6.597578071486307,0
b2AR-decoy_2045,CCCCCCNC(=O)Oc1c(C(C)(C)C)cc(C(=O)OC)cc1C(C)(C)C,-7.778,-6.365438011178515,-5.744246088469882,-4.38033694954279,-4.720315787273158,-4.1138688930961855,-3.3090700452420707,-3.568417845601447,-4.752730518260666,-5.688578071486306,0
b2AR-decoy_2046,COc1cc(CC(O)c2cccc(c3ccc(C#N)cc3)c2)c([N+](=O)[O-])cc1OC,-9.77,-7.944438011178516,-7.397246088469881,-6.546336949542789,-5.269315787273159,-5.188868893096185,-4.548070045242071,-4.178417845601446,-5.834730518260667,-5.847578071486307,0
b2AR-decoy_2047,CCOc1ccc(c2csc(/N=C/c3c[nH]c4ccccc34)n2)c(OCC)c1,-9.924,-7.830438011178515,-7.180246088469881,-5.59033694954279,-5.535315787273159,-5.164868893096184,-4.982070045242072,-4.300417845601446,-5.725730518260667,-6.946578071486307,0
b2AR-decoy_2048,COc1c(Br)c(CCCO)cc2cc(c3ccc4c(c3)OCO4)oc12,-8.272,-6.181438011178516,-5.638246088469881,-4.70933694954279,-4.427315787273159,-4.034868893096185,-3.9890700452420713,-3.1904178456014467,-5.2647305182606665,-4.595578071486306,0
b2AR-decoy_2049,CCN1C(=O)c2cccc3c(NS(=O)(=O)Cc4ccc(Cl)cc4)ccc1c23,-9.842,-7.963438011178516,-7.211246088469881,-6.5783369495427895,-5.597315787273159,-4.806868893096185,-5.44307004524207,-3.927417845601447,-5.834730518260667,-6.893578071486306,0
b2AR-decoy_205,NS(=O)(=O)c1nc2ccc(OC(=O)C(F)(F)C(F)(F)C(F)(F)C(F)(F)C(F)(F)C(F)(F)C(F)(F)C(F)(F)F)cc2s1,-11.605,-9.496438011178515,-8.281246088469882,-8.78933694954279,-7.596315787273159,-6.698868893096185,-5.918070045242072,-6.316417845601446,-7.117730518260666,-8.093578071486306,0
b2AR-decoy_2050,CC(C)(C)c1ccc(C(=O)N/N=C/c2ccc(c3ccc([N+](=O)[O-])cc3)o2)cc1,-10.634,-8.563438011178516,-7.574246088469881,-6.508336949542789,-6.008315787273158,-5.280868893096185,-5.653070045242071,-5.232417845601447,-7.017730518260667,-7.084578071486307,0
b2AR-decoy_2051,CC1=C(C(=O)OC(C)C)C(c2ccc(Cl)cc2)C(C(=O)OC(C)C)=C(C)N1,-8.622,-6.413438011178515,-6.261246088469882,-5.14133694954279,-5.022315787273158,-4.434868893096185,-3.611070045242071,-3.664417845601447,-5.241730518260666,-5.371578071486306,0
b2AR-decoy_2052,O=[N+]([O-])c1ccc(OCc2ccsc2)cc1/C=C(/CO)c1ccccc1,-8.525,-6.992438011178516,-6.2012460884698815,-4.9693369495427895,-5.014315787273159,-4.191868893096185,-3.388070045242072,-3.5884178456014464,-5.5517305182606655,-6.017578071486307,0
b2AR-decoy_2053,Cc1nc(c2ccc(C(C)C)c(S(=O)(=O)Nc3cccc(C#N)c3)c2)cs1,-9.277,-7.355438011178515,-7.199246088469881,-5.71233694954279,-5.726315787273158,-4.946868893096184,-4.234070045242071,-4.505417845601446,-6.117730518260666,-6.359578071486306,0
b2AR-decoy_2054,Cc1cccc(C)c1NC(=O)CN(C)C(=O)c1ccc(COc2ccccc2)cc1,-9.892,-7.969438011178514,-7.178246088469882,-6.12833694954279,-6.012315787273158,-5.623868893096185,-4.94907004524207,-4.309417845601447,-6.886730518260666,-6.290578071486307,0
b2AR-decoy_2055,N#C/C(=C\Nc1ccc(OC(F)(F)F)cc1)S(=O)(=O)c1ccc(Cl)cc1,-8.883,-6.965438011178515,-6.632246088469881,-5.45833694954279,-5.356315787273159,-4.862868893096184,-4.354070045242072,-3.968417845601447,-5.246730518260667,-5.312578071486307,0
b2AR-decoy_2056,Cc1cc(C(=O)CSc2nc(O)c(C#N)c(c3cccs3)n2)ccc1Cl,-8.973,-7.196438011178515,-6.530246088469882,-5.777336949542789,-5.175315787273158,-4.891868893096184,-4.425070045242071,-4.324417845601447,-5.267730518260667,-6.425578071486306,0
b2AR-decoy_2057,Cc1noc(NS(=O)(=O)c2ccccc2c2ccc(c3cnco3)cc2)c1C,-9.612,-8.064438011178515,-7.477246088469881,-6.30133694954279,-5.915315787273158,-6.117868893096185,-4.493070045242071,-5.052417845601447,-6.1717305182606665,-6.1915780714863065,0
b2AR-decoy_2058,CCCOc1cc2c(cc1C(=O)/C=C/c1ccc(OC)c(O)c1)SCO2,-8.787,-6.547438011178516,-6.350246088469881,-4.559336949542789,-4.680315787273158,-3.8878688930961847,-3.610070045242072,-3.436417845601447,-4.980730518260667,-5.321578071486307,0
b2AR-decoy_2059,[C-]#[N+]c1ccc(N[C@@H](c2nnc(c3ccc(O)cc3)o2)[C@H](C)O)c(C)c1Cl,-9.443,-7.686438011178515,-7.008246088469882,-5.980336949542791,-5.591315787273159,-4.8928688930961854,-4.58707004524207,-4.521417845601446,-6.089730518260666,-6.583578071486306,0
b2AR-decoy_206,COC(=O)c1cc(OC)cc(O)c1C(=O)c1c(O)cc(C)c2c1O[C@@](C)(CC(=O)[C@@]13C[C@H](O)[C@@H]4O[C@]4(CC=C(C)C)[C@@H]1O3)C2,-10.925,-8.657438011178515,-7.683246088469881,-6.70933694954279,-6.340315787273159,-5.749868893096185,-4.585070045242071,-5.326417845601448,-6.457730518260666,-6.512578071486306,0
b2AR-decoy_2060,COC(=O)c1cc2sc(Cl)cc2n1CC(=O)Nc1cccc(SC)c1,-8.557,-6.431438011178516,-5.902246088469881,-5.05733694954279,-4.771315787273158,-4.0818688930961855,-3.595070045242071,-3.1904178456014467,-4.911730518260667,-5.205578071486306,0
b2AR-decoy_2061,COc1ccc(C(c2cc(O)ccc2O)c2ccc(C(C)C)cc(=O)c2O)cc1,-9.467,-7.103438011178515,-7.284246088469882,-5.873336949542789,-5.517315787273159,-5.699868893096184,-5.016070045242071,-4.533417845601447,-6.262730518260666,-6.113578071486307,0
b2AR-decoy_2062,COc1ccccc1c1ccc(Oc2cncc3sc(C4=NNN=N4)cc23)cc1,-10.018,-7.843438011178515,-7.529246088469881,-6.592336949542791,-5.497315787273159,-5.082868893096185,-5.377070045242071,-4.949417845601447,-6.610730518260667,-7.215578071486307,0
b2AR-decoy_2063,CCCCCCc1cc2cc(S(=O)(=O)c3ccc(F)cc3)c(=O)oc2cc1O,-9.188,-7.218438011178515,-6.495246088469882,-5.33133694954279,-5.055315787273159,-5.014868893096185,-4.375070045242071,-3.929417845601448,-6.105730518260666,-5.937578071486307,0
b2AR-decoy_2064,COc1ccc(/C=C/C(=O)c2ccc(NS(=O)(=O)c3cccs3)cc2)cc1,-8.449,-6.417438011178515,-6.128246088469881,-5.185336949542791,-5.200315787273159,-4.109868893096184,-3.6990700452420704,-3.4934178456014475,-5.037730518260666,-5.509578071486306,0
b2AR-decoy_2065,Cc1cc(C)c2c(O)nc(SCC(=O)c3ccc(C(C)C)cc3)nc2n1,-10.87,-8.445438011178515,-7.830246088469881,-7.40033694954279,-6.686315787273159,-5.871868893096185,-5.970070045242071,-4.982417845601447,-6.706730518260667,-7.334578071486307,0
b2AR-decoy_2066,O=c1ccc2cc(OC/C(=N\O)c3ccc(c4ccccc4)cc3)ccc2o1,-10.669,-9.099438011178515,-8.06524608846988,-7.23433694954279,-6.916315787273158,-5.914868893096184,-6.073070045242071,-5.704417845601446,-7.341730518260666,-8.292578071486307,0
b2AR-decoy_2067,CCc1cccc(NC(=O)CCN2C(=O)c3ccccc3Sc3ncccc32)c1,-10.294,-8.438438011178516,-7.7652460884698815,-7.069336949542789,-7.253315787273159,-6.260868893096184,-5.025070045242071,-5.513417845601447,-6.951730518260666,-7.317578071486306,0
b2AR-decoy_2068,Cc1ccc(NC(=O)CSc2nc(C(F)(F)F)cc(c3ccco3)n2)cc1,-10.299,-7.741438011178515,-7.34724608846988,-6.950336949542789,-6.101315787273158,-5.407868893096184,-5.338070045242072,-4.851417845601446,-6.183730518260667,-7.169578071486306,0
b2AR-decoy_2069,CN(C)C(=O)[C@H]1C[C@@H]1c1ccc(c2nc[nH]c2Sc2ccc(Cl)cn2)cc1,-9.492,-7.479438011178516,-6.705246088469881,-6.021336949542789,-6.380315787273158,-5.106868893096184,-4.527070045242072,-3.981417845601447,-5.651730518260667,-6.1465780714863065,0
b2AR-decoy_207,COc1cc(C(=O)NS(=O)(=O)c2ccccc2C)ccc1Cn1cc(CCC(=O)N2CCOCC2)c2ccc(C(=O)NCC3CCCC3)cc21,-12.483,-9.641438011178517,-7.790246088469882,-6.669336949542791,-7.497315787273159,-6.451868893096185,-7.19907004524207,-5.833417845601447,-8.011730518260666,-8.718578071486306,0
b2AR-decoy_2070,Cc1ccccc1OCc1ccc(c2nc(C#N)c(NCc3cccnc3)o2)o1,-10.191,-7.774438011178516,-7.212246088469881,-6.75433694954279,-6.038315787273158,-5.297868893096185,-4.980070045242071,-4.695417845601448,-6.099730518260666,-7.234578071486306,0
b2AR-decoy_2071,CCCCCCc1cc2c(C)cc3c(c2oc1=O)C(=O)c1c(O)cccc1C3=O,-9.692,-8.478438011178515,-6.981246088469881,-6.92733694954279,-6.642315787273159,-5.939868893096184,-4.795070045242071,-4.641417845601447,-6.138730518260667,-7.393578071486306,0
b2AR-decoy_2072,COc1ccc2c(c1O)CCCC(C)=C2c1cc(OC)c(OC)c(OC)c1,-6.185,-4.021438011178515,-4.162246088469881,-3.15933694954279,-2.9803157872731587,-2.1078688930961844,-1.2870700452420714,-1.4454178456014466,-3.2787305182606667,-2.7365780714863064,0
b2AR-decoy_2073,CC(C)c1ccc(NC(=O)CCn2c(=O)c3cccn3c3ccccc32)cc1,-10.744,-8.015438011178516,-7.462246088469881,-7.040336949542789,-6.177315787273159,-5.898868893096184,-5.652070045242072,-5.412417845601446,-6.161730518260667,-7.440578071486307,0
b2AR-decoy_2074,O=c1cc(/C=N\c2ccc(O)cc2)c2ccc(OCc3ccccc3)cc2o1,-10.001,-8.186438011178515,-7.441246088469882,-6.434336949542789,-6.013315787273159,-5.6138688930961855,-5.174070045242072,-4.919417845601448,-6.900730518260666,-7.1145780714863065,0
b2AR-decoy_2075,O=C1NC(=O)/C(=C/c2ccc(OCCn3ccc4cc(Cl)ccc43)cc2)S1,-10.071,-7.674438011178514,-6.6242460884698815,-6.42033694954279,-6.160315787273159,-4.990868893096184,-4.828070045242072,-4.492417845601446,-6.198730518260666,-6.270578071486307,0
b2AR-decoy_2076,CCCC(=CCc1c(O)cc2c(c1O)C(=O)CC(c1ccc(O)cc1)O2)CCC,-9.075,-6.971438011178515,-6.261246088469882,-5.34633694954279,-5.096315787273159,-4.435868893096185,-4.416070045242071,-3.8514178456014463,-5.815730518260667,-5.716578071486307,0
b2AR-decoy_2077,Cc1c(C(=O)Nc2c(C)n(C)n(C3CCCCC3)c2=O)noc1CCC(C)(C)C,-9.535,-7.917438011178515,-6.481246088469881,-6.460336949542789,-5.292315787273159,-4.680868893096184,-4.09007004524207,-3.687417845601447,-5.714730518260666,-6.608578071486306,0
b2AR-decoy_2078,CC1=NC(C)=C(C(=O)OCCSc2ccccc2)C(C)/C1=C(\O)OC(C)C,-8.576,-6.385438011178515,-6.026246088469882,-4.46233694954279,-4.9343157872731584,-4.730868893096185,-3.937070045242072,-3.555417845601447,-5.7647305182606665,-5.686578071486306,0
b2AR-decoy_2079,Cc1ccc(c2cc(C(=O)NC3CC3)cc(N3C(=O)OC[C@H]3C(C)C)c2)c(F)c1,-9.211,-7.254438011178514,-7.029246088469881,-5.989336949542789,-5.500315787273159,-6.225868893096184,-4.62207004524207,-4.553417845601446,-6.657730518260667,-6.562578071486307,0
b2AR-decoy_208,CC(C)(C)OC(=O)CCCCNC(=O)[C@H](CCCCN1C(=O)c2ccccc2C1=O)NC(=O)CI,-8.658,-6.494438011178515,-5.860246088469881,-4.56333694954279,-4.962315787273159,-4.306868893096185,-4.159070045242071,-3.571417845601447,-5.674730518260667,-5.570578071486306,0
b2AR-decoy_2080,C=Cc1cc(OCC(C)C)ccc1Oc1ncc(C#CC(C)NC(C)=O)s1,-8.801,-6.503438011178515,-6.387246088469881,-5.34033694954279,-5.0513157872731576,-4.188868893096185,-3.4970700452420718,-3.0094178456014467,-4.719730518260667,-5.546578071486307,0
b2AR-decoy_2081,Cc1nccn1c1ccc(Sc2cccc(C3(/C=N/O)CCOCC3)c2)cc1,-9.198,-7.580438011178515,-6.817246088469881,-5.6263369495427895,-5.060315787273158,-5.381868893096184,-4.111070045242071,-4.336417845601448,-6.338730518260666,-6.456578071486307,0
b2AR-decoy_2082,CCCN(CC(=O)Nc1cc(Cl)ccc1Cl)C(=O)/C=C/c1ccco1,-8.603,-6.399438011178516,-5.802246088469881,-5.07233694954279,-4.570315787273159,-4.018868893096185,-3.679070045242071,-3.610417845601447,-5.058730518260666,-5.3325780714863065,0
b2AR-decoy_2083,O=C1CCC/C(=N\NC(=O)c2ccc(CSc3cccc4cccnc34)cc2)C1,-10.826,-8.105438011178515,-8.03624608846988,-6.42033694954279,-6.938315787273158,-5.968868893096184,-5.53907004524207,-5.443417845601447,-6.631730518260666,-7.696578071486307,0
b2AR-decoy_2084,O=c1c(OC/C(=N/O)c2ccccc2)c(c2ccccc2)oc2ccccc12,-9.947,-8.533438011178514,-8.313246088469882,-6.70533694954279,-7.180315787273159,-6.303868893096185,-5.272070045242071,-4.949417845601447,-6.804730518260666,-7.418578071486307,0
b2AR-decoy_2085,CCCOc1cc2c(cc1C(=O)/C=C/c1ccc(OC)c(O)c1)OCS2,-9.021,-6.626438011178514,-6.272246088469881,-5.277336949542789,-4.951315787273158,-3.926868893096184,-3.671070045242072,-3.4934178456014475,-4.869730518260666,-5.314578071486306,0
b2AR-decoy_2086,N#Cc1ccc(Oc2ccc3nc(C(=O)NCc4cccs4)ccc3c2)cc1,-9.343,-7.320438011178515,-6.792246088469881,-6.30433694954279,-5.493315787273158,-4.930868893096184,-4.485070045242072,-4.036417845601447,-5.422730518260666,-6.500578071486306,0
b2AR-decoy_2087,CC(=O)N[C@@H](C)c1cc(c2cnc(Oc3ccc(OC(C)C)cc3)s2)no1,-9.001,-7.028438011178515,-6.494246088469881,-5.71233694954279,-5.524315787273158,-4.900868893096185,-3.9360700452420714,-3.766417845601447,-5.504730518260667,-6.344578071486307,0
b2AR-decoy_2088,CCCCc1ncoc1c1ccc(NC(=O)C(=O)NC(C)(C)C)cc1OC,-7.693,-6.089438011178515,-5.080246088469881,-4.51633694954279,-3.542315787273158,-3.771868893096185,-3.062070045242071,-2.4904178456014465,-5.110730518260667,-4.650578071486306,0
b2AR-decoy_2089,CCc1cc2c(cc1O)CC[C@@H]1[C@@H]2CC[C@]2(C)[C@@H](OS(N)(=O)=O)CC[C@@H]12,-9.683,-7.357438011178516,-6.78324608846988,-6.00433694954279,-6.452315787273159,-5.1028688930961845,-5.386070045242072,-4.345417845601446,-6.638730518260667,-6.039578071486307,0
b2AR-decoy_2090,Cc1cc(C)cc(COC(=O)c2cc(/N=C/c3cc(O)ccc3O)ccc2O)c1,-10.489,-8.227438011178515,-6.971246088469881,-6.662336949542789,-6.266315787273159,-5.245868893096185,-5.004070045242072,-4.774417845601446,-5.315730518260667,-6.817578071486306,0
b2AR-decoy_2091,NC(=O)CCCOc1cc(Cl)c2c(c1)C(O)(C(F)(F)F)c1ccccc1-2,-9.158,-7.219438011178514,-6.760246088469881,-5.62933694954279,-5.139315787273159,-4.675868893096185,-4.647070045242071,-3.965417845601447,-5.656730518260666,-6.050578071486306,0
b2AR-decoy_2092,CC(C)Oc1c(Br)cc(Br)cc1/C=N/NC(N)=S,-7.287,-5.213438011178515,-4.852246088469881,-3.6873369495427895,-3.428315787273158,-2.896868893096185,-2.392070045242071,-1.672417845601447,-3.5597305182606664,-3.8945780714863063,0
b2AR-decoy_2093,COc1c(N)cc2c(c1OC)-c1ccc(SC)c(=O)cc1[C@@H](NC(C)=O)CC2,-6.572,-4.417438011178515,-3.965246088469881,-3.53433694954279,-3.0083157872731583,-2.6058688930961846,-1.956070045242071,-1.7134178456014464,-3.659730518260666,-3.123578071486307,0
b2AR-decoy_2094,O=c1cc(c2cc(O)c(O)c(Cc3ccccc3Cl)c2)oc2cc(O)cc(O)c12,-10.183,-8.594438011178514,-7.761246088469882,-7.07133694954279,-6.268315787273158,-5.492868893096185,-5.117070045242071,-5.286417845601447,-7.1447305182606655,-7.947578071486307,0
b2AR-decoy_2095,CC(C)Cc1ccc(c2n[nH]c3c2C(c2ccc(N(C)C)cc2)C(C#N)=C(N)O3)cc1,-9.415,-7.471438011178515,-6.839246088469881,-5.67733694954279,-6.089315787273158,-4.692868893096184,-4.546070045242072,-4.956417845601447,-6.731730518260667,-6.731578071486307,0
b2AR-decoy_2096,COc1c(O)cc2c(c1O)-c1c(cc(O)c(OC)c1OC)C[C@@H](C)[C@@H](C)C2,-6.38,-4.093438011178515,-3.849246088469881,-3.0593369495427893,-2.6393157872731585,-2.1878688930961845,-1.0130700452420711,-1.704417845601447,-3.026730518260666,-3.1115780714863064,0
b2AR-decoy_2097,C/C(=N\NC(=S)NCCc1c[nH]c2ccccc12)c1ccc(Cl)cc1,-9.517,-7.8744380111785155,-7.343246088469881,-5.887336949542791,-6.050315787273158,-5.428868893096185,-4.973070045242071,-4.365417845601447,-6.480730518260666,-6.682578071486306,0
b2AR-decoy_2098,CCOc1ccccc1c1c2cc(O)c(=O)cc-2oc2cc(O)c(O)cc21,-8.589,-6.997438011178515,-6.398246088469881,-5.3603369495427895,-4.726315787273158,-4.826868893096185,-4.149070045242072,-3.6974178456014464,-5.243730518260667,-5.333578071486306,0
b2AR-decoy_2099,CCC(=O)N1N=C(c2ccc(N)cc2)c2cc3c(cc2CC1C)OCO3,-7.341,-5.679438011178515,-5.204246088469882,-3.639336949542789,-4.000315787273158,-3.122868893096185,-2.9260700452420707,-2.351417845601447,-4.104730518260666,-4.0375780714863065,0
b2AR-decoy_21,Cc1ccc(C(=O)Nc2nnc(c3ccc(C(C)(C)C)cc3)s2)cc1,-9.107,-7.072438011178516,-6.314246088469881,-5.403336949542791,-4.508315787273158,-4.085868893096185,-4.19307004524207,-3.2534178456014464,-5.963730518260666,-5.932578071486306,0
b2AR-decoy_210,COC(=O)[C@H]1[C@@H](C)C/C(C)=C/C=C/[C@H](OC)[C@@H]([C@@H](C)[C@@H](O)[C@H](C)[C@@]2(O)C[C@@H](C(=O)OC)[C@H](C)[C@@H](C(C)C)O2)OC(=O)/C(OC)=C/C(C)=C/[C@H]1C,-6.589,-4.573438011178515,-4.1322460884698815,-3.06133694954279,-3.1373157872731587,-2.5208688930961847,-1.741070045242071,-1.7654178456014469,-3.5967305182606664,-3.3165780714863065,0
b2AR-decoy_2100,COc1ccc([C@H]2O[C@@H](c3ccc(OC)cc3)[C@H](C)/C(=N/NC(N)=S)[C@H]2C)cc1,-9.416,-7.532438011178515,-6.849246088469881,-6.4533369495427895,-5.418315787273158,-5.0978688930961855,-4.800070045242071,-4.522417845601447,-6.504730518260667,-6.199578071486307,0
b2AR-decoy_2101,C[C@]12CC[C@@H]3c4ccc(O)cc4CC[C@H]3[C@@H]1CC(C(=O)NCc1ccncc1)[C@@H]2O,-11.346,-9.339438011178515,-8.043246088469882,-7.72533694954279,-7.412315787273158,-7.079868893096185,-6.514070045242072,-5.950417845601447,-7.822730518260666,-8.447578071486307,0
b2AR-decoy_2102,CC(O)(c1ccccc1)c1cccc(/C(C#N)=C(\N)Sc2ccccc2N)c1,-9.514,-7.169438011178515,-6.5522460884698805,-5.627336949542789,-6.057315787273158,-5.411868893096186,-4.32407004524207,-4.148417845601447,-5.828730518260667,-6.0665780714863065,0
b2AR-decoy_2103,CCc1sc2nc(N)[nH]c(=O)c2c1Sc1cc(OC)cc(OC)c1,-7.17,-5.484438011178515,-5.427246088469881,-4.2513369495427895,-4.073315787273159,-3.5848688930961847,-2.48707004524207,-3.1074178456014465,-4.5757305182606665,-4.298578071486307,0
b2AR-decoy_2104,CC(O)CNC(=O)c1ccc(c2ccc(c3ccc4c(c3)COC4=O)s2)cc1O,-9.739,-7.441438011178516,-5.990246088469881,-5.03433694954279,-5.102315787273158,-4.274868893096185,-4.506070045242071,-4.212417845601447,-5.386730518260666,-5.6305780714863065,0
b2AR-decoy_2105,CC(C)(O)CCc1ccc(O)c2oc3cc4c(c(O)c3c(=O)c12)CCC(C)(C)O4,-9.671,-7.613438011178514,-7.37924608846988,-6.01633694954279,-5.421315787273159,-5.056868893096185,-5.139070045242072,-4.525417845601448,-6.3257305182606665,-6.480578071486306,0
b2AR-decoy_2106,COc1cc(OC)cc(C(=O)NNC(=S)Nc2csc(c3ccccc3)c2)c1,-8.951,-7.593438011178515,-5.811246088469881,-5.899336949542789,-4.879315787273159,-4.409868893096185,-4.455070045242071,-3.876417845601447,-5.263730518260666,-6.490578071486306,0
b2AR-decoy_2107,Oc1ccc(/C=N/n2c(C(c3ccccc3)c3ccccc3)n[nH]c2=S)c(O)c1,-9.382,-8.891438011178515,-7.310246088469881,-6.983336949542791,-6.028315787273158,-5.9298688930961845,-4.836070045242071,-4.173417845601447,-6.343730518260667,-6.854578071486307,0
b2AR-decoy_2108,Cc1cc2c(c(c3cnn(CC(CO)CO)c3)c1)-c1ccccc1C2(O)C(F)(F)F,-8.015,-6.505438011178516,-6.4062460884698815,-5.0493369495427896,-5.004315787273159,-5.573868893096185,-3.746070045242071,-4.061417845601447,-5.797730518260666,-5.050578071486306,0
b2AR-decoy_2109,Cc1cc(C)cc(S(=O)(=O)c2c(C(N)=O)[nH]c3ccc(Cl)c(F)c23)c1,-9.141,-7.283438011178514,-6.639246088469882,-5.72833694954279,-5.761315787273158,-4.967868893096185,-4.483070045242071,-4.207417845601446,-5.964730518260666,-5.810578071486306,0
b2AR-decoy_211,COc1ccc(C2=C(c3cccc(NCCCCCC(=O)OC(=O)CCCC[C@@H]4SC[C@@H]5NC(=O)N[C@H]45)c3)C(=O)N3CCCC3C2)cc1,-9.17,-7.239438011178516,-7.038246088469881,-5.96133694954279,-5.800315787273158,-5.111868893096185,-4.831070045242072,-4.586417845601448,-6.423730518260667,-6.381578071486306,0
b2AR-decoy_2110,CO[P@](=O)(c1cc(C)cc(/C=C/C#N)c1)c1c(C(N)=O)[nH]c2ccc(Cl)cc12,-8.746,-6.434438011178516,-6.807246088469881,-5.585336949542789,-5.694315787273158,-4.716868893096185,-4.669070045242071,-4.000417845601447,-6.058730518260667,-5.788578071486306,0
b2AR-decoy_2111,CC1=C[C@H](O)[C@@]2(C)CC[C@@](O)(C(C)C)[C@@H]2[C@@H](OC(=O)c2ccc(O)cc2)C1,-7.975,-5.754438011178515,-5.3982460884698815,-4.29833694954279,-4.161315787273159,-3.5868688930961845,-2.956070045242071,-2.7834178456014467,-4.277730518260666,-4.3565780714863065,0
b2AR-decoy_2112,Cc1n[nH]c(O)c1C(c1ccc(Br)cc1)c1c(C)n[nH]c1O,-8.186,-6.418438011178516,-5.899246088469881,-5.05533694954279,-4.956315787273159,-4.350868893096184,-3.902070045242072,-3.526417845601447,-5.183730518260666,-5.430578071486307,0
b2AR-decoy_2113,CC(C)(O)Cn1cc(c2ccccc2c2ccc(c3cnc(N)cn3)c(F)c2)cn1,-9.838,-7.323438011178515,-7.407246088469881,-5.93033694954279,-5.778315787273158,-4.976868893096185,-4.958070045242071,-4.009417845601448,-5.527730518260666,-6.018578071486306,0
b2AR-decoy_2114,Nc1ncc(c2ccc(c3ccccc3C(=O)N3CCC[C@@H](O)C3)cc2F)cn1,-10.072,-7.248438011178514,-7.702246088469881,-6.1263369495427895,-6.265315787273158,-5.709868893096184,-5.04207004524207,-4.757417845601447,-6.349730518260666,-5.835578071486307,0
b2AR-decoy_2115,O=C1Nc2ccc(O)cc2/C1=C\c1ccc2c(/C=C/c3ccncc3)n[nH]c2c1,-10.417,-8.459438011178515,-7.825246088469882,-6.70233694954279,-6.902315787273158,-5.930868893096184,-6.107070045242072,-5.657417845601447,-7.506730518260666,-7.311578071486306,0
b2AR-decoy_2116,Cc1ccc(Nc2nnc(Sc3ccc(S(N)(=O)=O)cc3)s2)cc1,-9.208,-6.780438011178514,-6.64224608846988,-5.941336949542789,-5.550315787273158,-4.689868893096184,-4.255070045242071,-3.964417845601448,-6.031730518260666,-5.749578071486306,0
b2AR-decoy_2117,CCc1cc(O)c(F)cc1c1cc(NS(=O)(=O)C(C)C)c2cn[nH]c2c1,-8.773,-6.678438011178516,-6.820246088469881,-5.40733694954279,-5.538315787273158,-5.140868893096185,-4.44607004524207,-3.837417845601447,-7.050730518260666,-6.174578071486307,0
b2AR-decoy_2118,O=c1cc(c2cc(O)c(O)c(Cc3ccc(Cl)cc3)c2)oc2cc(O)cc(O)c12,-10.421,-8.815438011178514,-7.7492460884698815,-7.47733694954279,-6.342315787273158,-5.181868893096185,-5.17707004524207,-5.663417845601448,-6.821730518260667,-7.495578071486307,0
b2AR-decoy_2119,COc1cc(c2cc(c3cc(C(C)C)c(O)cc3C)[nH]c(=O)c2C#N)ccc1O,-8.89,-6.662438011178516,-6.954246088469882,-5.77933694954279,-5.373315787273159,-4.918868893096185,-4.38207004524207,-4.296417845601447,-5.584730518260667,-5.529578071486306,0
b2AR-decoy_212,O=C1[C@@H](CCn2cc(CO[C@H]3Cc4c(O)cc(O)cc4O[C@@H]3c3ccc(O)c(O)c3)nn2)[C@@H](c2ccccc2)N1c1ccccc1,-11.484,-9.873438011178514,-8.913246088469881,-8.04833694954279,-7.663315787273158,-7.0548688930961845,-6.51007004524207,-6.309417845601447,-7.846730518260667,-8.817578071486306,0
b2AR-decoy_2120,COc1ccc(c2ccc3nc(NS(=O)(=O)c4ccc(N)cc4)sc3c2)cc1,-9.256,-7.584438011178515,-6.29924608846988,-5.66333694954279,-5.512315787273158,-4.4568688930961855,-4.69307004524207,-4.471417845601447,-5.929730518260666,-6.850578071486307,0
b2AR-decoy_2121,O=C(CSCc1ccccc1)NNC(=S)Nc1cccc(Cl)c1Cl,-8.42,-6.205438011178515,-5.792246088469882,-5.36533694954279,-4.482315787273159,-4.710868893096185,-3.8720700452420704,-3.650417845601448,-5.468730518260667,-6.007578071486307,0
b2AR-decoy_2122,CC1=C[C@H](OC(=O)c2ccc(O)cc2)C2[C@](C)(CC[C@@]2(O)C(C)C)C[C@@H]1O,-7.845,-5.890438011178516,-5.746246088469881,-4.44933694954279,-4.362315787273158,-3.8398688930961846,-3.054070045242071,-2.867417845601447,-4.412730518260666,-4.438578071486306,0
b2AR-decoy_2123,Nc1sc(c2ccccc2)cc1C(=O)NCCc1c[nH]c2ccccc12,-9.989,-7.631438011178515,-6.669246088469881,-6.332336949542789,-5.954315787273158,-4.919868893096185,-5.064070045242071,-4.279417845601447,-6.663730518260666,-7.277578071486307,0
b2AR-decoy_2124,Cc1cc(CSc2nnc(Nc3ccccc3c3ccccc3)[nH]2)no1,-10.153,-8.455438011178515,-7.475246088469881,-7.25633694954279,-6.302315787273159,-5.828868893096185,-5.659070045242071,-4.541417845601448,-6.927730518260667,-6.9895780714863065,0
b2AR-decoy_2125,O=S(=O)(/C=C/c1ccc(O)c(O)c1)NCc1ccc(C(F)(F)F)cc1,-9.587,-7.450438011178516,-6.716246088469882,-6.172336949542789,-5.652315787273158,-4.548868893096184,-4.386070045242072,-4.416417845601448,-5.949730518260667,-5.407578071486306,0
b2AR-decoy_2126,COCc1sc(S(=O)(=O)NC(=O)Nc2ncc(Br)s2)cc1C,-8.153,-6.304438011178515,-5.609246088469881,-4.08733694954279,-4.252315787273158,-3.055868893096185,-2.751070045242071,-2.8734178456014465,-4.385730518260666,-5.241578071486307,0
b2AR-decoy_2127,COc1cc2c(CO)c(c3ccc(O)cc3O)oc2c(CC=C(C)C)c1O,-8.168,-6.482438011178516,-6.035246088469881,-4.51033694954279,-4.303315787273158,-4.188868893096185,-3.785070045242071,-2.9324178456014467,-4.941730518260666,-4.866578071486306,0
b2AR-decoy_2128,COc1ccc(c2ccn(c3ccc(O)nc3)c2c2ccc(C(N)=O)cc2C)cc1,-9.921,-7.054438011178515,-7.319246088469882,-4.655336949542789,-4.394315787273158,-5.2728688930961845,-4.893070045242071,-4.559417845601447,-5.946730518260667,-5.535578071486306,0
b2AR-decoy_2129,Cc1csc(c2cnc(N)c(/N=C/c3ccnc(NC(=O)C4CC4)c3)c2)c1,-9.283,-7.347438011178514,-6.801246088469881,-5.75033694954279,-5.557315787273158,-5.266868893096184,-4.423070045242071,-4.314417845601447,-5.993730518260666,-6.268578071486306,0
b2AR-decoy_213,CNC(=O)Nc1ccc(/C=C/C(=O)NCC(=O)N(C)c2ccc(Cl)c(COc3cccn4c(Br)c(C)nc34)c2Cl)cc1,-9.946,-7.884438011178515,-7.3742460884698815,-6.22833694954279,-6.510315787273159,-4.817868893096184,-5.52307004524207,-5.158417845601447,-6.432730518260666,-6.712578071486307,0
b2AR-decoy_2130,O=C(/C=C/c1ccccc1S(=O)(=O)Nc1ccc2ccccc2c1)NO,-9.758,-8.819438011178516,-7.449246088469881,-6.45233694954279,-5.969315787273159,-5.797868893096185,-4.938070045242071,-5.392417845601447,-6.183730518260667,-8.183578071486307,0
b2AR-decoy_2131,CCCCC(=O)c1c(CC(=O)OC)cc2c(c1O)C(=O)c1c(O)cccc1C2=O,-8.973,-7.216438011178516,-7.278246088469881,-5.50033694954279,-5.427315787273159,-4.736868893096185,-4.221070045242071,-4.080417845601447,-5.6287305182606655,-6.372578071486307,0
b2AR-decoy_2132,Cc1cccc(C(=O)c2cccc(/C(=N/NC(N)=S)c3cccc(C)c3)c2)c1,-10.592,-8.715438011178515,-8.227246088469881,-7.204336949542789,-7.074315787273159,-6.7068688930961855,-5.692070045242071,-5.491417845601447,-7.855730518260666,-7.270578071486307,0
b2AR-decoy_2133,S=C(N/N=C/c1ccc2[nH]ccc2c1)Nc1ccc(Br)cc1,-9.252,-7.222438011178514,-6.421246088469882,-5.67333694954279,-5.174315787273159,-4.3528688930961845,-4.30507004524207,-3.640417845601446,-5.617730518260666,-6.100578071486307,0
b2AR-decoy_2134,Cc1cc(C)c(c2n[nH]c3c2C(c2ccccc2F)N(CCO)C3=O)c(O)c1,-8.8,-8.000438011178515,-6.208246088469881,-5.367336949542789,-5.533315787273159,-4.858868893096185,-4.480070045242071,-4.531417845601446,-5.906730518260666,-4.792578071486306,0
b2AR-decoy_2135,N#C/C(=C(/N)Sc1ccccc1N)c1cccc(C(O)c2cccc(F)c2)c1,-9.577,-7.737438011178515,-6.868246088469881,-5.29533694954279,-5.787315787273158,-5.649868893096185,-4.482070045242072,-4.255417845601446,-6.116730518260667,-6.417578071486307,0
b2AR-decoy_2136,Cn1cc(C2=C(c3cn(C)c4ccc(O)cc34)C(=O)NC2=O)c2ccccc21,-10.244,-7.213438011178516,-7.698246088469881,-5.329336949542789,-6.482315787273159,-5.942868893096184,-4.188070045242071,-4.753417845601447,-5.745730518260666,-5.937578071486307,0
b2AR-decoy_2137,O=c1c(O)c(C(c2ccccc2)c2ccccc2)oc2cc(O)cc(O)c12,-9.669,-7.679438011178515,-7.568246088469881,-6.33433694954279,-5.647315787273158,-5.917868893096184,-4.924070045242072,-4.458417845601447,-6.087730518260667,-6.754578071486307,0
b2AR-decoy_2138,O=C(/C=C/c1cc(O)c(O)c(O)c1)c1cc(O)cc(/C=C/c2ccc(O)cc2)c1,-9.858,-7.882438011178515,-7.289246088469881,-5.826336949542791,-6.655315787273159,-5.2838688930961855,-4.832070045242071,-4.834417845601447,-7.185730518260666,-7.428578071486306,0
b2AR-decoy_2139,CS(=O)(=O)NCc1ccc(c2c(O)ccc3[nH]c(=O)c4sccc4c32)cc1,-9.11,-6.615438011178515,-6.5522460884698805,-5.306336949542789,-5.177315787273159,-4.3848688930961846,-3.543070045242072,-4.340417845601447,-5.238730518260667,-5.289578071486307,0
b2AR-decoy_214,COc1ccc(S(=O)(=O)N(Cc2ccc3c(c2)OCO3)[C@H](CCC(=O)N(CCc2ccccc2)Cc2ccccc2)C(=O)NO)cc1,-10.543,-8.390438011178516,-8.61324608846988,-7.02233694954279,-5.725315787273159,-6.027868893096185,-5.03907004524207,-5.658417845601447,-6.453730518260667,-7.018578071486306,0
b2AR-decoy_2140,Cc1ccc(C(=O)NCC(C)/N=C/c2cc(Br)ccc2O)c(O)c1,-9.353,-7.436438011178515,-6.632246088469881,-6.178336949542789,-5.166315787273158,-4.518868893096185,-4.267070045242072,-3.880417845601446,-5.809730518260666,-6.464578071486306,0
b2AR-decoy_2141,O=c1cc(COc2ccccc2)[nH]cc1Oc1cccc(Cl)c1Cl,-9.134,-7.123438011178514,-6.36024608846988,-5.796336949542789,-5.304315787273158,-4.898868893096184,-4.47507004524207,-3.977417845601448,-6.015730518260666,-6.110578071486307,0
b2AR-decoy_2142,O=C(/C=C/c1nccc2c1[nH]c1ccccc12)c1ccc(Br)cc1,-10.157,-8.394438011178515,-7.571246088469881,-6.7993369495427896,-6.280315787273159,-5.736868893096185,-5.404070045242071,-5.083417845601447,-6.846730518260667,-7.430578071486307,0
b2AR-decoy_2143,CC1=C(CC2=NN=NN2)c2ccccc2/C1=C\c1ccc(C(C)(C)C)cc1,-9.693,-9.147438011178515,-7.614246088469882,-6.82033694954279,-6.108315787273158,-5.843868893096184,-5.256070045242071,-5.674417845601447,-6.996730518260666,-7.110578071486307,0
b2AR-decoy_2144,COc1ccc(/C(C)=N/Nc2csc(c3ccc4c(c3)CCC4)n2)cc1,-10.035,-8.350438011178515,-7.316246088469882,-6.69633694954279,-5.8093157872731584,-5.5498688930961855,-4.733070045242071,-5.010417845601447,-6.899730518260666,-7.379578071486307,0
b2AR-decoy_2145,Cc1cc(=O)c(c2ccc(OCc3ccc(OC(F)(F)F)cc3)cc2)c(C)[nH]1,-10.102,-7.537438011178516,-6.4062460884698815,-6.55533694954279,-5.515315787273158,-4.552868893096186,-4.583070045242071,-4.381417845601447,-5.957730518260666,-6.301578071486306,0
b2AR-decoy_2146,CNc1ccc(c2cncc(OCc3ccc(Cl)cc3Cl)c2)cn1,-9.214,-7.617438011178516,-6.551246088469881,-6.05133694954279,-5.510315787273159,-4.615868893096184,-4.41707004524207,-4.130417845601446,-5.865730518260666,-6.184578071486307,0
b2AR-decoy_2147,O=C(CSc1nn(c2ccccc2)c(=S)s1)c1c[nH]c2ccccc12,-9.716,-7.736438011178516,-7.752246088469882,-5.64733694954279,-5.732315787273159,-5.058868893096184,-4.815070045242072,-4.690417845601447,-6.543730518260666,-6.814578071486306,0
b2AR-decoy_2148,CO/C(O)=C1\C(C)=NC2=C(C(=O)CC(c3cccs3)C2)C1c1ccsc1,-9.466,-7.366438011178515,-6.849246088469881,-5.96133694954279,-5.466315787273159,-4.9938688930961845,-4.505070045242071,-4.376417845601447,-5.555730518260667,-6.488578071486307,0
b2AR-decoy_2149,Cc1ccc(C(=O)NC2(C)CCC2)cc1c1ccc2c(Cl)c(N)ncc2c1,-10.574,-9.681438011178516,-7.91124608846988,-7.80133694954279,-6.823315787273158,-5.485868893096185,-5.652070045242072,-4.723417845601446,-6.559730518260666,-7.960578071486307,0
b2AR-decoy_215,O=C(Cc1cccc(OC(F)(F)F)c1)Nc1ccc(CCCCc2nnc(NC(=O)Cc3cccc(OC(F)F)c3)s2)nn1,-9.534,-7.421438011178514,-6.845246088469882,-6.524336949542789,-6.584315787273159,-5.398868893096184,-5.503070045242071,-5.222417845601447,-6.972730518260667,-7.056578071486307,0
b2AR-decoy_2150,COc1ccc(c2csc(N/N=C(\C)c3ccc(Cl)c(Cl)c3)n2)cc1,-9.288,-7.260438011178515,-7.066246088469882,-6.06133694954279,-5.197315787273158,-5.123868893096185,-4.436070045242071,-4.415417845601446,-5.893730518260666,-5.8645780714863065,0
b2AR-decoy_2151,Cc1cc(C#N)cc(C)c1Oc1ccc(N)c(Nc2ccc(C#N)cc2)c1,-8.577,-6.425438011178516,-6.160246088469881,-5.387336949542791,-4.867315787273158,-4.395868893096186,-4.104070045242072,-3.9394178456014473,-5.809730518260666,-5.429578071486306,0
b2AR-decoy_2152,CCC(=O)Nc1ccccc1Sc1ncnc2scc(c3ccccc3)c12,-8.483,-7.086438011178515,-6.7972460884698815,-5.1183369495427895,-4.555315787273158,-5.0658688930961855,-4.187070045242072,-3.796417845601447,-5.885730518260667,-4.846578071486307,0
b2AR-decoy_2153,COC1(c2cc(Sc3ccc(/C(C)=N/O)cc3)cc(F)c2C)CCOCC1,-9.294,-6.791438011178515,-6.689246088469881,-5.53633694954279,-5.302315787273159,-4.796868893096185,-4.502070045242071,-4.014417845601447,-6.090730518260667,-6.112578071486306,0
b2AR-decoy_2154,FC(F)(F)C1=NN=C(c2ccc(Cl)cc2)/C1=N/Nc1ccc(Cl)cc1,-9.181,-7.384438011178515,-7.523246088469881,-5.95633694954279,-6.256315787273158,-4.588868893096185,-4.605070045242071,-4.103417845601447,-5.745730518260666,-6.170578071486306,0
b2AR-decoy_2155,CC1=CCC(CC(C)Oc2ccc(/C=C3\SC(O)=NC3=O)cc2)CC1,-9.57,-7.799438011178514,-7.04924608846988,-6.25033694954279,-5.637315787273158,-5.449868893096184,-4.73107004524207,-4.1524178456014464,-6.117730518260666,-6.661578071486307,0
b2AR-decoy_2156,CO[C@]1(c2cc(F)cc(Sc3ccc(/C(C)=N/O)cc3)c2)CCO[C@@H](C)C1,-9.899,-7.060438011178515,-7.202246088469881,-5.790336949542789,-5.645315787273159,-5.5498688930961855,-4.422070045242071,-4.453417845601447,-6.596730518260667,-5.963578071486307,0
b2AR-decoy_2157,O=C1NC(=O)/C(=C/c2ccc(c3ccc(OCc4ccccc4)cc3)cc2)S1,-9.745,-7.9064380111785155,-6.279246088469881,-5.511336949542789,-5.371315787273158,-5.6188688930961845,-5.035070045242071,-4.162417845601446,-5.723730518260666,-7.017578071486307,0
b2AR-decoy_2158,CC(C)=CCc1cc(c2cc(=O)c3cc4c(cc3o2)OC(C)(C)C=C4)ccc1O,-10.504,-8.811438011178515,-7.621246088469881,-7.26933694954279,-6.640315787273158,-6.536868893096186,-6.016070045242071,-5.196417845601447,-7.914730518260667,-7.417578071486307,0
b2AR-decoy_2159,CSc1nsc(Sc2nc3c(Cl)c(Cl)cc(Cl)c3[nH]2)n1,-8.034,-5.954438011178516,-5.601246088469881,-5.051336949542789,-3.986315787273158,-3.5628688930961845,-3.0190700452420707,-2.9024178456014464,-4.461730518260667,-4.729578071486307,0
b2AR-decoy_216,CCCCc1c(Cc2ccc(c3ccccc3c3nc(=O)o[nH]3)cc2)c(=O)n([C@H]2CC[C@H](OCC(C)(C)O)CC2)c2ncnn12,-9.779,-8.139438011178514,-6.850246088469881,-6.19233694954279,-6.078315787273159,-5.412868893096185,-4.92707004524207,-5.266417845601447,-7.552730518260667,-7.039578071486307,0
b2AR-decoy_2160,Cc1c(Cc2ccccc2)nc(SCc2ccc3ccccc3c2)[nH]c1=O,-10.732,-9.343438011178517,-8.16724608846988,-7.108336949542791,-6.811315787273159,-6.0548688930961845,-6.265070045242071,-5.571417845601447,-7.887730518260666,-8.648578071486307,0
b2AR-decoy_2161,CC1=Nc2cc(C(=O)NCc3ccco3)ccc2Sc2ccc(C)cc21,-10.328,-8.042438011178515,-7.181246088469882,-6.61533694954279,-6.820315787273158,-5.682868893096185,-4.12207004524207,-4.737417845601447,-6.760730518260667,-6.351578071486307,0
b2AR-decoy_2162,CC(C)(C)c1ccc(OCc2ccc(C(=O)N/N=C3\CC4CC=CC34)cc2)cc1,-10.352,-8.935438011178515,-7.603246088469881,-7.313336949542789,-6.697315787273158,-5.758868893096185,-5.060070045242071,-5.764417845601447,-6.909730518260666,-7.456578071486307,0
b2AR-decoy_2163,Cc1ccc(C)c(NC(=O)CCc2nc(c3ccc(C(C)(C)C)cc3)no2)c1,-10.951,-9.059438011178516,-7.337246088469881,-6.598336949542789,-6.583315787273158,-5.356868893096184,-5.327070045242071,-4.691417845601446,-6.6607305182606655,-7.039578071486307,0
b2AR-decoy_2164,CC(C)=CCc1cc2c(=O)cc(c3ccc4c(c3)C=CC(C)(C)O4)oc2cc1O,-9.459,-8.284438011178516,-6.707246088469882,-5.53933694954279,-5.640315787273158,-4.5498688930961855,-5.06807004524207,-3.6894178456014473,-7.037730518260666,-7.073578071486306,0
b2AR-decoy_2165,O=C1NC(=O)/C(=C\c2ccc(OCc3ccc(c4ccccc4)cc3)cc2)S1,-10.301,-8.874438011178515,-7.601246088469882,-7.217336949542791,-6.567315787273158,-5.3798688930961855,-5.466070045242072,-5.457417845601446,-6.560730518260666,-7.875578071486306,0
b2AR-decoy_2166,C=C(C)/C=C/c1c2c(c(O)c3c(=O)cc(c4ccccc4)oc13)C=CC(C)(C)O2,-10.085,-8.253438011178515,-7.31224608846988,-6.22233694954279,-6.351315787273158,-5.640868893096185,-5.77607004524207,-4.474417845601447,-6.305730518260667,-6.994578071486307,0
b2AR-decoy_2167,Cc1ccc(C(=O)/C=C/c2cc(C)c(O)c(/C=N/c3nccs3)c2)cc1,-9.123,-7.379438011178514,-6.724246088469881,-5.957336949542789,-5.505315787273158,-4.689868893096184,-4.63207004524207,-4.404417845601447,-5.681730518260666,-6.698578071486306,0
b2AR-decoy_2168,CC(C)c1c(OC2CCCCC2C)cc(Cc2ccc(F)cc2)[nH]c1=O,-9.72,-7.866438011178515,-7.649246088469882,-6.35933694954279,-5.782315787273159,-5.607868893096185,-5.050070045242071,-4.942417845601447,-6.526730518260667,-6.737578071486306,0
b2AR-decoy_2169,Cc1ccc(c2csc(N/N=C/c3ccc(N4CCCC4)cc3)n2)cc1,-9.849,-7.889438011178514,-7.0202460884698805,-6.29133694954279,-5.711315787273158,-5.059868893096185,-5.017070045242072,-4.379417845601447,-6.2857305182606655,-6.649578071486307,0
b2AR-decoy_217,O=C(CCCn1ccc(=O)[nH]c1=O)N1CCC[C@H]1C(O)(c1cccc(c2ccsc2)c1)c1cccc(c2ccsc2)c1,-11.316,-8.397438011178515,-7.683246088469881,-7.515336949542789,-7.268315787273158,-6.1478688930961845,-5.355070045242071,-6.480417845601448,-7.793730518260666,-8.020578071486307,0
b2AR-decoy_2170,Cc1c(O)nc(SCC(C)C)nc1Cc1c(Cl)cccc1Cl,-8.04,-5.925438011178515,-5.817246088469881,-4.3603369495427895,-4.869315787273159,-4.191868893096185,-3.877070045242071,-3.329417845601447,-4.771730518260666,-4.6465780714863065,0
b2AR-decoy_2171,COc1cccc(C2CC3=Nc4ccc(Cl)cc4SC3=C(O)C2)c1OC,-9.602,-7.949438011178515,-7.443246088469881,-6.61933694954279,-6.057315787273158,-5.4888688930961855,-4.843070045242071,-4.802417845601447,-6.496730518260666,-6.670578071486306,0
b2AR-decoy_2172,N#Cc1cc(Cl)cc(Oc2cc(CCc3ccccc3)[nH]c(=O)c2Cl)c1,-9.566,-8.169438011178515,-7.23524608846988,-6.473336949542789,-5.656315787273158,-5.240868893096184,-5.091070045242072,-4.663417845601448,-6.619730518260667,-6.991578071486307,0
b2AR-decoy_2173,Cc1ccccc1c1cc(=O)c2cc(NC(=O)c3cccs3)ccc2o1,-9.141,-7.908438011178514,-6.92424608846988,-6.014336949542789,-4.631315787273159,-4.314868893096184,-4.516070045242071,-3.462417845601447,-6.428730518260666,-6.897578071486306,0
b2AR-decoy_2174,CC(C)=CCc1c(O)ccc2c1O[C@H](c1ccc3c(c1)C=CC(C)(C)O3)CC2=O,-10.153,-8.118438011178515,-7.757246088469881,-6.55833694954279,-6.395315787273159,-6.419868893096185,-5.04207004524207,-5.210417845601446,-6.496730518260666,-6.914578071486307,0
b2AR-decoy_2175,CN(C)c1ccc(/C=N/NC(=O)N2c3ccccc3Sc3ccccc32)cc1,-10.145,-7.678438011178516,-7.657246088469881,-6.591336949542789,-6.685315787273158,-6.2068688930961855,-4.643070045242071,-5.218417845601447,-6.401730518260667,-6.212578071486307,0
b2AR-decoy_2176,Cc1c(Cc2ccccc2)nc(SCc2ccc(C(C)(C)C)cc2)[nH]c1=O,-10.258,-8.308438011178515,-7.280246088469882,-6.44333694954279,-6.660315787273159,-5.385868893096184,-5.06807004524207,-4.724417845601447,-7.250730518260667,-7.300578071486306,0
b2AR-decoy_2177,CC(C)(C)c1ccc(Oc2cccc(/C=C3/SC(=O)NC3=O)c2)cc1,-10.676,-8.230438011178515,-7.307246088469881,-6.17033694954279,-6.385315787273159,-5.960868893096185,-4.766070045242071,-4.830417845601447,-6.435730518260666,-6.311578071486306,0
b2AR-decoy_2178,C[C@@H](Cn1ccc(c2ccc(C#N)c(Cl)c2)n1)Nc1cccc2cccnc12,-10.29,-8.106438011178515,-7.607246088469882,-6.528336949542791,-6.197315787273158,-5.591868893096185,-5.218070045242071,-4.912417845601446,-6.453730518260667,-7.019578071486306,0
b2AR-decoy_2179,CCC(C)Sc1nc(O)c(C)c(Cc2c(Cl)cccc2Cl)n1,-7.748,-6.124438011178516,-5.879246088469881,-4.88833694954279,-4.479315787273158,-4.372868893096184,-3.7760700452420703,-3.1604178456014465,-4.509730518260667,-4.770578071486306,0
b2AR-decoy_218,Cc1ccc(S(=O)(=O)N(C)C[C@@H]2Oc3c(NC(=O)c4ccc(c5nccs5)cc4)cccc3C(=O)N([C@@H](C)CO)C[C@@H]2C)cc1,-8.685,-6.897438011178515,-6.037246088469881,-5.5333369495427895,-3.937315787273159,-3.672868893096185,-3.0000700452420714,-3.752417845601446,-5.403730518260666,-5.538578071486306,0
b2AR-decoy_2180,CC(C)=CCc1cc(C2CC(=O)c3ccc(O)cc3O2)cc2c1OC(C)(C)C=C2,-9.472,-8.850438011178515,-8.008246088469882,-6.668336949542789,-6.4263157872731576,-6.159868893096185,-5.207070045242071,-4.989417845601446,-6.897730518260666,-7.158578071486307,0
b2AR-decoy_2181,Oc1cccc(c2ccc(c3cn(CSc4ccccc4)nn3)cc2)c1,-9.234,-7.647438011178515,-6.3742460884698815,-5.729336949542789,-5.278315787273158,-4.535868893096184,-5.33407004524207,-4.167417845601447,-5.929730518260666,-6.937578071486307,0
b2AR-decoy_2182,Oc1ccc(/C=N/c2nnc(Cn3c4ccccc4c4ccccc43)s2)cc1,-10.176,-8.197438011178516,-7.409246088469882,-6.8123369495427895,-5.797315787273158,-6.263868893096184,-5.019070045242071,-5.698417845601448,-6.438730518260666,-6.685578071486306,0
b2AR-decoy_2183,CCc1ccc(C(=O)NN(C(=O)c2cc(C)cc(C)c2Cl)C(C)(C)C)cc1,-9.397,-7.4514380111785155,-7.067246088469881,-6.185336949542791,-5.739315787273158,-4.7998688930961855,-4.992070045242071,-4.572417845601446,-6.542730518260667,-6.585578071486307,0
b2AR-decoy_2184,Cc1nn(c2ccccc2)c(O)c1/C=N/N(c1ccccc1)c1ccccc1,-10.51,-8.921438011178514,-8.04924608846988,-6.83033694954279,-6.543315787273158,-6.266868893096184,-5.732070045242072,-5.408417845601447,-6.728730518260667,-7.506578071486306,0
b2AR-decoy_2185,COc1cc2c(c(OC)c1CC=C(C)C)C=C(c1ccc(C)cc1O)CO2,-8.62,-7.127438011178516,-5.981246088469881,-5.1823369495427904,-4.822315787273158,-3.633868893096185,-4.547070045242071,-3.516417845601447,-5.480730518260666,-5.309578071486307,0
b2AR-decoy_2186,COc1cc(/C(F)=C/c2cc(O)c3ccsc3c2)cc(OC)c1OC,-8.49,-6.596438011178515,-5.920246088469881,-5.04433694954279,-4.428315787273158,-4.201868893096185,-3.9140700452420703,-3.3784178456014464,-5.0227305182606665,-5.247578071486307,0
b2AR-decoy_2187,Oc1ccc(c2ccc(c3cn(CSc4ccccc4)nn3)cc2)cc1,-9.235,-7.4514380111785155,-6.350246088469881,-5.829336949542789,-5.114315787273158,-4.542868893096184,-5.06807004524207,-4.051417845601447,-5.673730518260667,-6.666578071486306,0
b2AR-decoy_2188,COc1cc(c2ccc3c(c2)NC(=O)/C3=C\c2c[nH]c3ccccc23)ccc1O,-10.09,-8.415438011178516,-7.680246088469881,-6.51633694954279,-7.855315787273158,-5.5228688930961845,-6.030070045242072,-5.639417845601447,-7.909730518260666,-8.259578071486306,0
b2AR-decoy_2189,O=C(N/N=C/c1cccc2cnccc12)C1CC1c1ccc(c2ccccc2)cc1,-11.776,-9.650438011178515,-8.843246088469881,-7.848336949542789,-7.281315787273158,-6.471868893096184,-6.275070045242071,-5.658417845601447,-7.708730518260666,-8.614578071486306,0
b2AR-decoy_219,O=C1N[C@@H](Cc2ccccc2)COC(=O)[C@H](Cc2ccc(F)cc2)CC/C=C/C[C@H]1CC(=O)N(CCO)Cc1ccccc1,-8.044,-6.529438011178515,-5.473246088469881,-4.73633694954279,-4.345315787273158,-3.601868893096185,-3.5990700452420707,-3.4314178456014472,-5.185730518260667,-5.059578071486307,0
b2AR-decoy_2190,O=c1c(Cc2ccc(O)cc2)coc2cccc(OCC3CCCCC3)c12,-9.713,-8.049438011178514,-7.654246088469881,-6.1263369495427895,-6.115315787273158,-5.710868893096185,-5.327070045242071,-4.6524178456014464,-6.506730518260666,-6.865578071486306,0
b2AR-decoy_2191,CCc1ccc(c2csc(/C(C#N)=C/Nc3ccc4c(c3)OCCO4)n2)cc1,-9.95,-7.808438011178515,-7.380246088469882,-6.534336949542789,-6.115315787273158,-5.473868893096185,-4.876070045242072,-4.414417845601447,-6.393730518260666,-6.903578071486306,0
b2AR-decoy_2192,Cc1cc(/C=C2\SC(=O)NC2=O)c(C)n1c1ccc(Oc2ccccc2)cc1,-10.29,-7.841438011178516,-6.184246088469882,-5.678336949542789,-6.495315787273158,-5.595868893096185,-4.780070045242072,-5.069417845601446,-5.967730518260666,-6.402578071486307,0
b2AR-decoy_2193,Cc1csc(NC(=O)c2ccc(c3ccc(Cl)cc3Cl)o2)n1,-9.839,-7.800438011178516,-6.567246088469881,-7.07133694954279,-5.325315787273159,-5.007868893096184,-4.668070045242072,-3.770417845601447,-5.604730518260666,-7.124578071486306,0
b2AR-decoy_2194,Cc1cccc(C)c1NC(=O)CSc1nc(C(F)(F)F)cc(c2cccs2)n1,-10.473,-8.761438011178516,-7.345246088469882,-6.874336949542791,-5.790315787273158,-5.588868893096185,-5.291070045242071,-4.679417845601448,-6.522730518260666,-7.1465780714863065,0
b2AR-decoy_2195,CO[C@@H]1C[C@@H]2C[C@H](O)CC[C@]2(C)[C@H]2CC[C@@]3(C)[C@@H](CC[C@@H]3[C@H](C)CCc3nnc(C)o3)[C@@H]21,-10.427,-8.864438011178516,-7.715246088469881,-7.284336949542789,-6.489315787273158,-6.858868893096185,-5.679070045242071,-6.092417845601446,-7.056730518260666,-6.500578071486306,0
b2AR-decoy_2196,C=C1CC/C=C(\C)CCC2=C(C)C(=O)O[C@H]2/C=C(\C)CC[C@@H]1OC(=O)NCCCCC,-7.158,-5.416438011178515,-4.673246088469881,-3.84033694954279,-3.2743157872731583,-3.1078688930961844,-2.0270700452420707,-2.1234178456014465,-4.0997305182606665,-3.5515780714863068,0
b2AR-decoy_2197,C/C(=C\CC[C@@H](C)[C@H]1CC[C@@]2(C)C3=C(CC[C@]12C)[C@@]1(C)CCC(=O)C(C)(C)[C@@H]1CC3=O)CO,-9.741,-9.071438011178516,-7.231246088469881,-6.48833694954279,-6.460315787273158,-6.579868893096185,-4.990070045242071,-5.095417845601446,-7.6607305182606655,-6.546578071486307,0
b2AR-decoy_2198,COc1cc2c(cc1OC)Sc1ncnc(Sc3cccc(Br)c3)c1NC2,-9.183,-7.222438011178514,-6.351246088469882,-5.09733694954279,-5.631315787273158,-4.045868893096185,-3.575070045242072,-3.5144178456014465,-5.685730518260666,-5.676578071486306,0
b2AR-decoy_2199,O=C1C(=Cc2c[nH]c3ccccc23)C(=O)N(c2ccc(Cl)cc2)N1c1ccc(Cl)cc1,-10.537,-8.955438011178515,-7.507246088469881,-6.287336949542789,-7.255315787273158,-6.893868893096185,-5.309070045242072,-4.869417845601447,-6.885730518260667,-6.309578071486307,0
b2AR-decoy_22,Cn1nc(c2ccccc2)c(C(O)c2ccccc2C(F)(F)F)c1Cl,-8.96,-7.3264380111785155,-6.710246088469882,-5.823336949542791,-5.572315787273158,-5.355868893096185,-4.02607004524207,-4.207417845601446,-5.963730518260666,-6.817578071486306,0
b2AR-decoy_220,COc1ccc(S(=O)(=O)N(CC(C)C)C[C@@H](O)[C@H](Cc2ccccc2)NC(=O)O[C@@H]2C[C@@H]3OC(=O)N(C)[C@@H]3C2)cc1,-9.69,-8.124438011178515,-7.361246088469882,-6.387336949542791,-6.012315787273158,-5.885868893096184,-5.250070045242071,-5.461417845601448,-6.695730518260666,-6.784578071486306,0
b2AR-decoy_2200,COc1ccc(C2c3c(cc4c(c3N)CCCC4)Oc3[nH]nc(c4ccccc4)c32)cc1,-10.927,-7.901438011178515,-8.07124608846988,-6.24333694954279,-7.187315787273159,-5.981868893096184,-5.774070045242072,-6.224417845601447,-6.601730518260666,-7.761578071486307,0
b2AR-decoy_2201,Cc1[nH]c(C)c(c2ccc(Oc3ccc(C(F)(F)F)cc3)cc2)c(=O)c1Br,-10.331,-7.613438011178514,-6.894246088469881,-6.803336949542789,-5.865315787273158,-5.040868893096185,-5.011070045242072,-4.314417845601447,-6.043730518260666,-6.536578071486307,0
b2AR-decoy_2202,Cc1nc(c2ccc(C(C)Nc3cnn(c4ccccc4)c(=O)c3Cl)cc2)cs1,-10.327,-8.434438011178516,-8.15424608846988,-6.37933694954279,-6.701315787273158,-6.076868893096185,-5.514070045242072,-5.036417845601447,-6.062730518260667,-7.683578071486307,0
b2AR-decoy_2203,C=C(CC[C@H](O)C(C)(C)O)[C@H]1CC[C@]2(C)[C@@H]1CC[C@@H]1[C@@]3(C)CC[C@@H](O)C(C)(C)[C@@H]3CC[C@]12C,-10.302,-8.219438011178514,-6.702246088469881,-7.104336949542789,-5.685315787273158,-5.609868893096184,-4.796070045242072,-5.194417845601446,-7.518730518260666,-6.524578071486307,0
b2AR-decoy_2204,C[C@]12CC[C@H]3[C@@H](C[C@@H]4O[C@@]45C[C@@H](O)CC[C@]35C)[C@@H]1CC[C@@H]2C(=O)/C=C/c1ccccc1,-11.222,-9.845438011178516,-8.68024608846988,-7.595336949542789,-7.164315787273159,-6.914868893096184,-5.800070045242071,-6.062417845601447,-8.282730518260667,-8.500578071486306,0
b2AR-decoy_2205,O=c1[nH]c(SCc2ccc3ccccc3c2)nc(Cc2ccccc2)c1Br,-10.585,-9.392438011178514,-8.152246088469882,-6.72233694954279,-6.756315787273158,-6.194868893096185,-6.25707004524207,-5.503417845601447,-7.471730518260667,-8.725578071486307,0
b2AR-decoy_2206,CC[C@@]12CC[C@](O)(c3ccccc3)C[C@H]1CCc1cc(OCc3cccnc3C)ccc12,-11.545,-9.765438011178516,-8.364246088469882,-7.768336949542789,-6.907315787273159,-6.626868893096185,-6.611070045242071,-5.927417845601447,-7.501730518260667,-8.669578071486306,0
b2AR-decoy_2207,C[C@H](CC[C@H](O)C(C)(C)O)[C@H]1CC[C@@]2(C)C3=C(CC[C@]12C)[C@@]1(C)CC[C@H](O)C(C)(C)C1CC3,-10.448,-8.342438011178515,-7.006246088469881,-7.45933694954279,-6.644315787273159,-5.370868893096185,-4.528070045242071,-5.445417845601448,-6.939730518260667,-6.766578071486306,0
b2AR-decoy_2208,COc1ccc2cc([C@H](C)C(=O)OCC3(C)COc4c(C)c(C)c(O)c(C)c43)ccc2c1,-10.565,-8.822438011178516,-7.307246088469881,-7.1103369495427895,-7.376315787273159,-6.332868893096185,-5.601070045242071,-5.283417845601447,-6.8787305182606655,-6.319578071486307,0
b2AR-decoy_2209,N#CSC[C@@H]1C[C@](O)(c2ccccc2)[C@@H](c2ccccc2)[C@H](c2ccc(F)cc2)O1,-9.575,-7.475438011178515,-8.00424608846988,-6.31433694954279,-5.712315787273159,-5.721868893096184,-4.614070045242071,-4.465417845601447,-6.175730518260666,-5.9415780714863065,0
b2AR-decoy_221,C=CCO[C@@H]1[C@H](O)[C@H](Oc2ccc(I)cc2)O[C@@H](COS(=O)(=O)c2ccc3ccccc3c2)[C@H]1O,-10.533,-8.410438011178515,-7.535246088469881,-6.66033694954279,-6.069315787273158,-5.803868893096185,-5.904070045242071,-5.184417845601447,-6.798730518260667,-7.475578071486307,0
b2AR-decoy_2210,C=C(Br)CC1Oc2cccc(OC)c2-c2ccc3c(c21)C(C)=CC(C)(C)N3,-9.98,-7.4064380111785155,-6.731246088469881,-5.30233694954279,-5.734315787273159,-5.703868893096185,-4.530070045242072,-4.2774178456014464,-5.527730518260666,-6.012578071486306,0
b2AR-decoy_2211,Cc1ccc(C(=O)/C=C2\Nc3ccccc3S\C2=N\CS(=O)(=O)c2ccc(C)cc2)cc1,-10.418,-8.872438011178515,-8.800246088469882,-7.61633694954279,-6.943315787273159,-6.270868893096186,-5.817070045242071,-5.418417845601447,-7.271730518260666,-7.620578071486307,0
b2AR-decoy_2212,C=C(C)C(/C=C\[C@@H](C)[C@H]1CC[C@H]2[C@@H]3C[C@H](O)[C@H]4C[C@H](O)[C@@H](O)C[C@]4(C)[C@H]3CC[C@@]21C)C(C)C,-10.069,-8.378438011178515,-7.432246088469881,-6.37933694954279,-6.537315787273158,-5.880868893096185,-5.561070045242071,-5.186417845601447,-7.151730518260667,-7.096578071486306,0
b2AR-decoy_2213,COc1ccc(C(=O)O[C@H]2CC[C@@]3(C)C(=CC[C@H]4[C@@H]5CC/C(=N\O)[C@@]5(C)CC[C@@H]43)C2)cc1,-12.009,-9.864438011178516,-7.8422460884698815,-7.636336949542789,-7.2643157872731585,-6.574868893096184,-6.730070045242071,-6.116417845601447,-7.675730518260666,-7.711578071486306,0
b2AR-decoy_2214,Cc1ccc(/C=C2/SC(c3ccc(n4ccnc4)cc3)N(Nc3ccccc3)C2=O)cc1,-10.717,-9.233438011178515,-8.13524608846988,-8.20033694954279,-6.839315787273158,-5.633868893096185,-6.073070045242071,-5.734417845601447,-7.080730518260667,-8.387578071486306,0
b2AR-decoy_2215,CC(C)=CC/C=C(/C)[C@H]1CC[C@]2(C)[C@@H]1[C@H](O)C[C@@H]1[C@@]3(C)CC[C@H](O)C(C)(C)[C@@H]3[C@@H](O)C[C@]12C,-10.027,-8.477438011178515,-6.636246088469882,-6.668336949542789,-5.760315787273159,-4.873868893096185,-4.420070045242071,-4.632417845601447,-6.544730518260666,-6.354578071486307,0
b2AR-decoy_2216,CC(C)[C@@H](C)[C@H](C)C[C@@](C)(O)C1=CC[C@H]2[C@@H]3CC=C4C[C@@H](O)CC[C@]4(C)[C@H]3[C@H](O)C[C@]12C,-10.302,-8.717438011178515,-7.34724608846988,-7.104336949542789,-6.108315787273158,-5.7998688930961855,-5.279070045242071,-5.306417845601446,-6.778730518260666,-7.035578071486306,0
b2AR-decoy_2217,Cc1cc(/C(O)=C(/C([S-])=Nc2ccc(F)cc2)[n+]2ccccc2)c(C)n1c1ccc(F)cc1,-10.076,-8.780438011178514,-8.11024608846988,-7.26033694954279,-6.404315787273159,-6.236868893096185,-5.405070045242072,-5.254417845601447,-7.622730518260667,-7.239578071486306,0
b2AR-decoy_2218,CC(C)CCC[C@](C)(O)[C@H]1CC[C@]2(C)[C@@H]1[C@H](O)C[C@@H]1[C@@]3(C)CC[C@H](O)C(C)(C)[C@@H]3CC[C@]12C,-9.337,-7.779438011178515,-6.571246088469881,-6.710336949542789,-5.383315787273158,-5.006868893096184,-4.105070045242071,-4.784417845601446,-6.163730518260666,-6.532578071486306,0
b2AR-decoy_2219,Cc1noc2c1-c1sc(C)c(C)c1C(c1ccc(Cl)cc1)=N[C@H]2Cc1ncc[nH]1,-10.434,-7.779438011178515,-7.454246088469882,-6.617336949542789,-5.861315787273158,-5.225868893096184,-4.344070045242072,-5.035417845601447,-6.797730518260666,-6.459578071486307,0
b2AR-decoy_222,C=CCN(C(=O)OCc1ccc([N+](=O)[O-])cc1)C1CC[NH+](C[C@H]2CN(C(=O)C3CCCC3)C[C@]2(O)c2ccccc2)CC1,-10.155,-8.012438011178515,-7.718246088469881,-6.43033694954279,-6.071315787273159,-5.947868893096185,-5.293070045242072,-5.228417845601447,-6.564730518260667,-7.426578071486306,0
b2AR-decoy_2220,C=C(C)[C@H](O)CC[C@](C)(O)[C@H]1CC[C@]2(C)[C@@H]1CC[C@@H]1[C@@]3(C)CC[C@H](O)C(C)(C)[C@@H]3CC[C@]12C,-9.318,-8.073438011178515,-6.489246088469882,-6.223336949542789,-5.728315787273159,-5.157868893096184,-4.390070045242071,-5.125417845601447,-7.257730518260667,-6.249578071486306,0
b2AR-decoy_2221,C[C@H]1OC(=O)[C@@H]2C[C@@H]3CCCC[C@H]3[C@H](/C=C/c3ccc4cc(NC(=O)C(C)(C)C)ccc4n3)[C@H]12,-11.436,-8.909438011178516,-9.21724608846988,-7.97233694954279,-7.589315787273158,-6.463868893096185,-6.702070045242071,-5.834417845601447,-7.486730518260666,-8.109578071486306,0
b2AR-decoy_2222,C[C@H](CCCC(C)(C)O)[C@H]1CC[C@@]2(C)C3=C(CC[C@]12C)[C@@]1(C)C[C@@H](O)[C@H](O)C(C)(C)[C@@H]1CC3,-9.232,-7.989438011178516,-6.694246088469882,-6.33033694954279,-6.433315787273159,-5.572868893096185,-3.672070045242071,-4.754417845601447,-7.413730518260666,-6.983578071486306,0
b2AR-decoy_2223,O=C(c1ccc2c(c1)OCCCO2)c1oc2cc(O)ccc2c1c1cccc2ccccc21,-8.515,-7.034438011178516,-6.657246088469881,-5.832336949542789,-5.028315787273158,-4.569868893096185,-4.84007004524207,-4.294417845601448,-5.947730518260666,-5.721578071486306,0
b2AR-decoy_2224,N#CC1=C(SCC(=O)c2ccc(Cl)cc2)N=C2CCCC(O)=C2C1c1ccco1,-9.936,-7.151438011178515,-7.573246088469881,-5.963336949542789,-5.696315787273159,-5.648868893096184,-4.958070045242071,-4.931417845601446,-6.455730518260667,-6.432578071486306,0
b2AR-decoy_2225,CC(=O)Oc1cc2c(cc1C(C)C)CC[C@@H]1[C@]2(C)CCC[C@@]1(C)CNC(=O)c1ccncc1,-10.122,-9.215438011178517,-7.215246088469881,-6.71233694954279,-6.236315787273158,-5.606868893096184,-5.265070045242071,-5.382417845601447,-7.933730518260667,-8.149578071486307,0
b2AR-decoy_2226,O=C1NC(=S)S/C1=C\N1N=C(c2ccc3ccccc3c2)CC1c1ccc(Cl)cc1,-11.962,-9.803438011178516,-9.000246088469881,-8.33533694954279,-7.9343157872731584,-7.198868893096185,-6.541070045242071,-6.715417845601447,-7.905730518260666,-8.886578071486307,0
b2AR-decoy_2227,Cc1[nH]c(C)c(c2cccc(c3ccc(OC(F)(F)F)cc3)c2)c(=O)c1Br,-11.358,-8.760438011178515,-8.04924608846988,-7.90433694954279,-6.804315787273158,-5.893868893096185,-6.093070045242071,-5.312417845601447,-6.718730518260667,-7.596578071486306,0
b2AR-decoy_2228,C[C@H](CC[C@H](O)C(C)(C)O)[C@H]1CC[C@@]2(C)[C@@H]3CC[C@H]4C(C)(C)[C@@H](O)CC[C@@]45C[C@@]35CC[C@]12C,-9.752,-8.463438011178516,-7.77024608846988,-7.37233694954279,-5.979315787273158,-5.571868893096184,-5.531070045242071,-5.563417845601446,-6.951730518260666,-7.023578071486307,0
b2AR-decoy_2229,COc1c(CC=C(C)C)c(O)cc2c1[C@@H]1Oc3c(ccc4c3C=CC(C)(C)O4)[C@@H]1CO2,-9.658,-8.091438011178516,-7.518246088469882,-7.344336949542789,-6.429315787273158,-5.309868893096185,-4.973070045242071,-4.620417845601446,-7.149730518260666,-6.700578071486307,0
b2AR-decoy_223,COc1ccc(NC(=O)Nc2ccc3c(c2)C(=O)N([C@@H](C)CO)C[C@@H](C)[C@@H](CN(C)S(=O)(=O)c2cccs2)O3)cc1,-7.755,-5.649438011178515,-5.638246088469881,-4.280336949542789,-3.957315787273158,-3.9518688930961847,-2.7850700452420707,-2.8944178456014464,-4.845730518260666,-4.644578071486307,0
b2AR-decoy_2230,COc1c(O)ccc2c1-c1ccc3c(c1/C(=C/c1ccc(F)cc1CO)O2)C(C)=CC(C)(C)N3,-9.967,-7.583438011178515,-7.834246088469881,-5.431336949542789,-6.055315787273159,-6.143868893096185,-3.915070045242072,-5.620417845601446,-6.940730518260667,-6.413578071486306,0
b2AR-decoy_2231,CCc1oc2ccccc2c1C(=O)c1ccc(Br)c(O)c1Br,-8.781,-6.415438011178516,-6.304246088469881,-5.10433694954279,-5.053315787273158,-4.4568688930961855,-3.665070045242072,-3.879417845601447,-5.556730518260666,-5.376578071486307,0
b2AR-decoy_2232,O=C(c1ccc2[nH]c(COc3ccc(C45CC6CC(CC(C6)C4)C5)cc3)nc2c1)N1CCCC1,-12.485,-10.581438011178514,-9.357246088469882,-8.29233694954279,-7.105315787273158,-7.600868893096184,-6.950070045242072,-7.063417845601446,-7.792730518260667,-8.919578071486306,0
b2AR-decoy_2233,O=C1OC(O)C(c2cccc(c3ccc4ccccc4c3)c2)=C1c1ccc2ccccc2c1,-12.475,-10.166438011178515,-9.905246088469882,-9.02833694954279,-8.087315787273159,-7.688868893096185,-7.868070045242071,-7.191417845601446,-9.873730518260666,-9.628578071486306,0
b2AR-decoy_2234,O=C(Nc1nnc(SCc2c(Cl)cccc2Cl)s1)c1ccc2ncsc2c1,-9.293,-7.308438011178515,-6.183246088469881,-5.99433694954279,-5.387315787273158,-4.561868893096184,-4.343070045242071,-3.4154178456014472,-5.804730518260666,-5.783578071486307,0
b2AR-decoy_2235,Cc1ccc(C2=C(C#N)C(=O)NC(c3ccc(Oc4ccccc4)nc3)(C(F)(F)F)C2)cc1,-10.551,-8.903438011178515,-8.14824608846988,-7.01033694954279,-6.399315787273158,-6.625868893096184,-6.041070045242071,-6.241417845601447,-7.321730518260667,-7.690578071486307,0
b2AR-decoy_2236,CC(C)CCC[C@@H](C)[C@H]1CC[C@H]2[C@H]3[C@H](CC[C@@]21C)[C@@]1(C)CC[C@H](O)C[C@@H]1[C@@H](O)[C@@H]3O,-9.634,-7.755438011178516,-6.707246088469882,-6.67733694954279,-5.983315787273158,-5.536868893096186,-4.322070045242072,-4.803417845601446,-6.665730518260666,-6.581578071486307,0
b2AR-decoy_2237,N#Cc1ccc(Oc2ccc(/C=C3\SC(=O)NC3=O)c3ccccc23)cc1C(F)(F)F,-10.855,-8.704438011178516,-7.81524608846988,-6.92633694954279,-6.644315787273159,-5.773868893096184,-6.467070045242071,-5.716417845601447,-6.627730518260666,-7.864578071486306,0
b2AR-decoy_2238,Cc1cc(C)c2sc(C(=O)N(C)C)c(c3ccc(CCNC(=O)OC(C)(C)C)cc3)c2c1,-8.692,-6.818438011178515,-6.871246088469881,-5.762336949542791,-4.406315787273159,-4.1298688930961855,-3.303070045242072,-3.5884178456014464,-5.942730518260666,-5.990578071486306,0
b2AR-decoy_2239,C[C@]12CC[C@H]3[C@@H](CC=C4C[C@@H](O)CC[C@@]43C)[C@@H]1CC[C@@H]2C(=O)/C=C/c1ccc(C#N)cc1,-11.602,-9.963438011178516,-8.521246088469882,-7.77033694954279,-7.842315787273158,-6.630868893096185,-5.431070045242072,-6.900417845601448,-8.076730518260666,-7.398578071486307,0
b2AR-decoy_224,COC(=O)[C@H](C)NP(=O)(OC[C@@H]1C=C[C@H](n2cc(C)c(=O)[nH]c2=O)O1)Oc1cccc(S(F)(F)(F)(F)F)c1,-12.02,-10.119438011178516,-8.550246088469882,-8.829336949542789,-7.558315787273159,-7.700868893096185,-6.377070045242071,-6.796417845601447,-8.754730518260667,-8.800578071486306,0
b2AR-decoy_2240,C[C@H](C[C@@H]1CCCN(C)C1=O)[C@H]1CC[C@H]2[C@@H]3CC=C4C[C@@H](O)CC[C@]4(C)[C@H]3CC[C@@]21C,-11.794,-10.403438011178515,-8.275246088469881,-7.36833694954279,-7.214315787273158,-7.007868893096184,-5.22807004524207,-5.730417845601448,-7.972730518260667,-7.798578071486306,0
b2AR-decoy_2241,O=C(c1ccc2c(c1)OCCO2)c1oc2cc(O)ccc2c1c1cccc2ccccc21,-11.488,-8.913438011178515,-8.63524608846988,-7.58333694954279,-7.112315787273159,-6.714868893096185,-6.551070045242071,-6.186417845601447,-7.7537305182606655,-7.618578071486306,0
b2AR-decoy_2242,CC(C)=CCC[C@](C)(O)[C@H]1CC[C@@]2(C)[C@@H]3CC=C4[C@@H](CCC(=O)C4(C)C)[C@]3(C)C(=O)C[C@]12C,-9.885,-8.192438011178515,-7.17424608846988,-7.10933694954279,-5.999315787273158,-6.182868893096185,-3.81807004524207,-4.801417845601447,-7.385730518260667,-6.565578071486307,0
b2AR-decoy_2243,CC(C)[C@@H](C)C[C@H](O)[C@@H](C)[C@H]1CC[C@H]2[C@H]3[C@H](CC[C@@]21C)[C@@]1(C)CC[C@H](O)CC1=C[C@@H]3O,-9.896,-8.826438011178515,-7.204246088469882,-6.448336949542791,-6.052315787273159,-6.117868893096185,-4.349070045242071,-4.693417845601447,-6.741730518260667,-6.954578071486306,0
b2AR-decoy_2244,C[C@]12CCC(=O)C[C@@H]1CC[C@@H]1[C@@H]2CC[C@]2(CCOCc3cc(F)cc(F)c3)[C@@H](O)CC[C@@H]12,-11.282,-9.194438011178516,-7.93724608846988,-7.25433694954279,-7.055315787273159,-6.812868893096185,-5.633070045242072,-5.999417845601446,-7.7857305182606655,-7.842578071486306,0
b2AR-decoy_2245,CC1(C)Oc2cc(C3(CCCCBr)CCCC3)cc(O)c2[C@@H]2CC(=O)CC[C@H]21,-9.291,-7.008438011178516,-6.638246088469881,-5.903336949542791,-5.412315787273158,-5.223868893096185,-5.154070045242071,-4.275417845601448,-6.154730518260667,-6.205578071486306,0
b2AR-decoy_2246,COc1ccc2c(c1)CC[C@@H]1[C@@H]2CC[C@]2(C)C([C@@](C)(O)C(=O)/C=C/c3ccc(F)cc3)=CC[C@@H]12,-10.564,-9.615438011178515,-7.997246088469881,-7.277336949542789,-7.531315787273158,-6.543868893096185,-6.54207004524207,-5.762417845601448,-7.463730518260666,-7.970578071486306,0
b2AR-decoy_2247,CC(C)CCC[C@@H](C)[C@H]1CC[C@H]2[C@@H]3C/C(=N\O)[C@@]4(F)C[C@H](O)[C@H](O)C[C@]4(C)[C@H]3CC[C@@]21C,-9.266,-7.468438011178515,-6.834246088469881,-6.29533694954279,-5.512315787273158,-5.125868893096184,-4.687070045242072,-4.893417845601446,-5.891730518260667,-6.9415780714863065,0
b2AR-decoy_2248,N#Cc1ccccc1Sc1ccccc1C(=O)Nc1ccc(Br)cc1,-7.968,-7.059438011178516,-7.338246088469882,-5.714336949542791,-4.957315787273158,-4.202868893096184,-3.5720700452420715,-3.794417845601448,-5.7807305182606665,-5.101578071486307,0
b2AR-decoy_2249,CCCCSc1nnc2c(n1)OC(c1ccc(Br)s1)Nc1ccccc1-2,-8.156,-6.443438011178515,-5.650246088469881,-4.97233694954279,-4.852315787273158,-4.516868893096184,-3.877070045242071,-3.500417845601447,-5.606730518260667,-5.437578071486307,0
b2AR-decoy_225,CN(C)S(=O)(=O)NC(=O)C1=C(c2ccc(OC(F)F)cc2)C[C@](c2ccc(OCCCCCC(F)(F)F)cc2)(C(F)(F)F)NC1=O,-9.282,-8.227438011178515,-6.891246088469881,-6.043336949542789,-5.246315787273158,-4.3048688930961845,-4.440070045242072,-4.211417845601448,-5.334730518260667,-7.220578071486306,0
b2AR-decoy_2250,CC(C)c1ccccc1Sc1c(O)cc(c2cccc(c3ccccc3)c2)oc1=O,-9.927,-8.533438011178514,-7.204246088469882,-6.38133694954279,-6.248315787273159,-5.291868893096185,-5.201070045242071,-4.845417845601446,-7.308730518260667,-7.561578071486306,0
b2AR-decoy_2251,Cc1ccccc1/C=C1\CN(C(=S)Nc2ccccc2)C/C(=C\c2ccccc2C)C1=O,-10.546,-9.290438011178516,-7.753246088469881,-7.251336949542789,-7.377315787273158,-6.383868893096185,-6.367070045242071,-6.030417845601447,-7.787730518260666,-7.644578071486306,0
b2AR-decoy_2252,Cc1cc(c2ccccc2)n2ncc(C(=O)Nc3ccccc3Sc3ccccc3)c2n1,-11.284,-8.672438011178516,-8.134246088469881,-7.20633694954279,-7.250315787273159,-5.8978688930961845,-5.192070045242071,-4.513417845601447,-6.981730518260667,-7.877578071486306,0
b2AR-decoy_2253,O=c1c(Cc2ccc(c3ccc(O)c(O)c3)cc2)c(c2ccc(O)cc2)oc2ccccc12,-11.023,-8.728438011178515,-8.551246088469881,-7.43633694954279,-6.703315787273159,-6.498868893096185,-5.511070045242072,-6.153417845601448,-7.280730518260666,-7.291578071486306,0
b2AR-decoy_2254,CC(C)(C)NC(=O)C(c1cccnc1)N(C(=O)c1cccs1)c1ccc(C(C)(C)C)cc1,-9.339,-7.158438011178514,-7.011246088469882,-5.553336949542789,-5.313315787273158,-4.992868893096185,-4.634070045242071,-3.965417845601447,-6.066730518260666,-6.217578071486306,0
b2AR-decoy_2255,CC1CCC(OC(=O)NC(=O)c2cc(c3ccc(OC(F)(F)F)cc3)cs2)CC1,-10.168,-8.149438011178516,-7.758246088469882,-6.704336949542789,-6.697315787273158,-5.687868893096185,-5.31807004524207,-4.690417845601447,-7.133730518260666,-7.327578071486306,0
b2AR-decoy_2256,O=C1/C(=N\c2ccc(/N=C/c3ccccc3O)cc2)c2ccccc2N1Cc1ccccc1,-11.281,-8.971438011178515,-8.73524608846988,-7.204336949542789,-7.167315787273159,-6.871868893096185,-5.877070045242071,-5.796417845601447,-7.792730518260667,-8.029578071486306,0
b2AR-decoy_2257,Cc1c(C(=O)NC(=O)C(C)C)nn(c2ccc(Cl)cc2Cl)c1c1ccc(Cl)cc1,-8.684,-8.066438011178516,-6.790246088469882,-6.422336949542789,-6.435315787273158,-5.766868893096184,-4.454070045242071,-4.188417845601446,-6.490730518260666,-5.763578071486307,0
b2AR-decoy_2258,Cc1ccc(C(=O)Nc2cccc(C(=O)/C=C/c3ccc4c(c3)c3ccccc3n4C)c2)cc1,-10.75,-9.673438011178517,-8.093246088469881,-7.23833694954279,-7.494315787273159,-6.739868893096185,-6.881070045242071,-6.561417845601447,-6.333730518260666,-8.189578071486306,0
b2AR-decoy_2259,Oc1ccc(c2ccc(c3c(Cc4ccc(O)cc4O)sc4ccccc43)cc2)cc1,-9.719,-8.571438011178515,-7.528246088469881,-6.839336949542791,-6.822315787273158,-5.153868893096185,-5.644070045242071,-4.792417845601447,-6.277730518260666,-6.769578071486306,0
b2AR-decoy_226,CCC(=O)O[C@H]1C[C@@H]2C(=CC[C@H]3[C@]4(C)C[C@@H](O)[C@H]([C@@](C)(O)C(=O)CCC(C)(C)OC(C)=O)[C@@]4(C)CC(=O)[C@]32C)C(C)(C)[C@@H]1OC(=O)CC,-9.047,-7.526438011178515,-6.324246088469881,-6.550336949542789,-5.641315787273159,-4.428868893096185,-4.31807004524207,-4.464417845601448,-5.636730518260666,-6.155578071486307,0
b2AR-decoy_2260,COC(C[C@@H](C)C1=C2C[C@H](O)[C@H]3[C@@]4(C)CCC(=O)C(C)(C)[C@@H]4CC[C@]3(C)[C@@]2(C)CC1)OC,-10.315,-9.017438011178514,-6.628246088469881,-7.092336949542791,-6.096315787273159,-5.159868893096185,-4.014070045242072,-5.610417845601447,-6.848730518260666,-6.226578071486307,0
b2AR-decoy_2261,CC1(C)Oc2cc(C3(CCCCC#N)CCCC3)cc(O)c2[C@@H]2CC(=O)CC[C@H]21,-9.571,-7.627438011178516,-6.981246088469881,-5.963336949542789,-5.331315787273159,-5.436868893096184,-5.20907004524207,-4.861417845601446,-6.679730518260666,-6.119578071486307,0
b2AR-decoy_2262,CC1=NN(c2cc(F)c(O)c(F)c2)C(=O)/C1=C\c1ccc(c2ccccc2C(F)F)o1,-11.789,-9.429438011178515,-8.460246088469882,-8.018336949542789,-7.351315787273158,-6.721868893096184,-6.21507004524207,-6.171417845601447,-7.479730518260666,-8.717578071486306,0
b2AR-decoy_2263,C/C(=N\Nc1nc(c2ccc(Br)cc2)cs1)c1ccc(Cl)c(Cl)c1,-9.64,-7.667438011178515,-7.21924608846988,-6.41333694954279,-5.264315787273159,-4.936868893096184,-4.508070045242072,-4.459417845601447,-6.175730518260666,-6.235578071486307,0
b2AR-decoy_2264,Cc1c(C(=O)c2ccc(Oc3ccccc3)cc2)oc2cc(c3ccccc3)cc(O)c12,-11.649,-9.736438011178516,-8.909246088469882,-7.745336949542789,-6.921315787273159,-7.121868893096185,-6.496070045242071,-5.765417845601446,-7.3947305182606655,-8.585578071486307,0
b2AR-decoy_2265,O=c1c2ccc(OCc3ccc(Cl)cc3)cc2[nH]c2ccc(Cl)c(Cl)c12,-10.382,-8.814438011178515,-7.981246088469881,-7.524336949542789,-6.596315787273159,-6.023868893096184,-5.485070045242072,-5.472417845601447,-6.529730518260667,-7.864578071486306,0
b2AR-decoy_2266,Cc1nc(C)c(c2ccc(Oc3ccc(Cl)cc3)c(Cl)c2)c(O)c1Br,-9.879,-7.114438011178516,-6.7012460884698815,-6.1263369495427895,-6.235315787273159,-4.955868893096184,-4.925070045242071,-4.175417845601446,-5.446730518260667,-6.839578071486306,0
b2AR-decoy_2267,CC(C)=CCc1c([C@H]2CCc3ccc(O)cc3O2)cc(O)c(O)c1CC=C(C)C,-8.703,-7.3904380111785155,-7.213246088469882,-6.239336949542789,-6.288315787273158,-5.037868893096185,-4.755070045242071,-4.234417845601447,-6.306730518260666,-6.404578071486306,0
b2AR-decoy_2268,O=C1/C(=N\O)c2c(cccc2c2ccc(C(F)(F)F)cc2)N1Cc1ccc(Cl)cc1,-10.107,-7.831438011178514,-7.935246088469881,-6.59633694954279,-5.283315787273159,-5.508868893096185,-5.75707004524207,-4.868417845601448,-7.214730518260666,-6.791578071486306,0
b2AR-decoy_2269,CC(=O)O[C@H]1CC[C@@]2(C)C(=CC[C@H]3[C@@H]4CC[C@H]([C@@](C)(O)c5ccccn5)[C@@]4(C)CC[C@@H]32)C1,-10.01,-8.252438011178516,-7.795246088469881,-6.70233694954279,-6.508315787273158,-6.172868893096185,-6.153070045242071,-5.471417845601447,-7.5037305182606655,-7.362578071486306,0
b2AR-decoy_227,CO[C@H]1[C@H](C)O[C@@H](O[C@@H]2C[C@@H]3CC[C@@H](C)[C@H](O)C[C@@](C)(CC/C=C/C=C\Br)OC(=O)C[C@](O)(C2)O3)[C@H](OC)[C@@H]1OC,-7.21,-5.083438011178515,-4.347246088469881,-4.08933694954279,-3.037315787273158,-2.771868893096185,-2.2070700452420717,-2.0574178456014467,-3.5887305182606664,-4.246578071486306,0
b2AR-decoy_2270,COc1cc2[nH]c3cc(OCc4ccc(OC(F)(F)F)cc4)ccc3c(=O)c2cc1Cl,-10.84,-8.903438011178515,-7.912246088469882,-7.62233694954279,-7.428315787273158,-6.057868893096185,-6.131070045242071,-5.259417845601448,-6.499730518260666,-7.500578071486306,0
b2AR-decoy_2271,CCOc1ccc(Br)cc1/C=C1\CCC/C(=C\c2ccc(O)c(OC)c2)C1=O,-9.312,-7.340438011178515,-7.159246088469882,-6.008336949542789,-5.806315787273158,-5.120868893096185,-4.942070045242071,-4.415417845601446,-6.581730518260667,-6.431578071486307,0
b2AR-decoy_2272,Cc1cc2nc(c3cccc(NC(=O)c4ccc(Br)o4)c3C)oc2cc1C,-10.723,-9.022438011178515,-6.512246088469881,-6.8073369495427904,-6.0513157872731576,-6.150868893096185,-5.627070045242071,-4.699417845601447,-7.222730518260667,-6.596578071486306,0
b2AR-decoy_2273,O=c1cc(c2ccccc2)oc(O)c1C(Sc1ccc2ccccc2c1)c1ccccc1,-11.814,-9.935438011178515,-9.05224608846988,-8.20333694954279,-8.083315787273158,-7.040868893096185,-6.562070045242072,-6.677417845601447,-8.157730518260667,-9.021578071486308,0
b2AR-decoy_2274,CC(C)=CC[C@@H]1C(C)=CC[C@@H](C(=O)c2c(O)cc(O)cc2O)[C@@H]1c1ccccc1,-9.629,-7.328438011178514,-7.448246088469881,-6.01633694954279,-6.128315787273159,-5.656868893096185,-4.772070045242071,-4.401417845601447,-6.271730518260666,-6.391578071486306,0
b2AR-decoy_2275,COc1cc(c2ccc3sc(c4ccsc4)c(C#CCO)c3c2)cc(OC)c1OC,-7.057,-5.069438011178515,-4.910246088469881,-3.83533694954279,-3.4393157872731583,-2.952868893096185,-2.5580700452420717,-2.4484178456014467,-4.486730518260666,-4.1065780714863065,0
b2AR-decoy_2276,N#C/C(C(=O)c1c[nH]c2ccccc12)=C1/SC(c2ccccc2)=NN1c1ccccc1,-10.721,-8.788438011178515,-8.71524608846988,-7.53633694954279,-6.944315787273158,-6.231868893096184,-5.065070045242072,-5.628417845601447,-7.444730518260666,-7.718578071486306,0
b2AR-decoy_2277,O=C1CCCCCCCCCC/C(=N\OCc2c(F)cccc2Cl)CCN1,-6.371,-4.481438011178515,-3.9512460884698815,-3.22833694954279,-2.9473157872731583,-2.3628688930961843,-1.584070045242071,-1.643417845601447,-3.0467305182606665,-3.666578071486306,0
b2AR-decoy_2278,C[S+]([O-])c1ccc(c2nc(C3=CCC(O)CC3)oc2Sc2ccc(Cl)cc2)cc1,-9.45,-7.948438011178515,-6.356246088469881,-6.18033694954279,-6.588315787273158,-4.578868893096185,-4.82407004524207,-4.242417845601446,-6.225730518260667,-7.014578071486307,0
b2AR-decoy_2279,Cc1cccc(NC(=O)CSc2nc(c3cccs3)cc(C(F)(F)F)c2C#N)c1C,-10.447,-8.840438011178515,-7.383246088469882,-6.9853369495427895,-6.067315787273158,-5.930868893096184,-4.97807004524207,-4.605417845601448,-6.411730518260667,-6.736578071486306,0
b2AR-decoy_228,CC(C)CC1(C)OC(c2ccnc(NCC3CCCO3)n2)=C(c2cccc(NS(=O)(=O)c3c(F)cccc3F)c2F)C1=O,-10.53,-8.945438011178515,-8.261246088469882,-7.79133694954279,-6.982315787273159,-6.3048688930961845,-6.046070045242072,-5.840417845601447,-7.858730518260666,-8.024578071486307,0
b2AR-decoy_2280,CC[C@@]1(C)CCC[C@@]2(C)[C@H]1CC[C@@]1(C)[C@@H]3C[C@H](O)[C@@H](C(C)=O)C[C@@]3(C)[C@@H](OC(C)=O)C[C@H]21,-9.793,-8.257438011178515,-6.559246088469882,-6.005336949542789,-5.773315787273159,-6.258868893096185,-3.701070045242071,-4.782417845601447,-6.815730518260667,-5.964578071486306,0
b2AR-decoy_2281,O=C(/C(=C\c1c2ccccc2[nH]c1c1ccccc1)C(=O)C(F)(F)F)c1ccco1,-9.318,-7.707438011178516,-7.509246088469881,-6.17033694954279,-5.781315787273158,-6.248868893096185,-4.729070045242072,-4.529417845601447,-6.3417305182606665,-6.402578071486307,0
b2AR-decoy_2282,CC(C)CCC[C@@H](C)[C@H]1CC[C@H]2[C@@H]3C/C(=N/O)[C@@H]4[C@@H](O)[C@@H](O)CC[C@]4(C)[C@H]3CC[C@@]21C,-9.72,-7.891438011178515,-6.748246088469882,-6.97233694954279,-5.649315787273158,-5.110868893096185,-3.828070045242072,-4.831417845601447,-6.599730518260666,-6.605578071486306,0
b2AR-decoy_2283,CC(C)CCC[C@@H](C)[C@H]1CC[C@H]2[C@@H]3[C@H](O)/C(=N\O)C4=C[C@@H](O)CC[C@]4(C)[C@H]3CC[C@@]21C,-9.775,-7.869438011178515,-7.301246088469881,-6.5943369495427895,-5.474315787273158,-5.614868893096185,-3.892070045242072,-4.997417845601447,-7.273730518260667,-6.383578071486307,0
b2AR-decoy_2284,C=C1CC[C@@H]2C(C)(C)CCC[C@@]2(C)[C@@H]1CC/C(C)=C/C(=O)Nc1ccc(C#N)cc1,-11.392,-9.201438011178515,-8.423246088469881,-6.9243369495427896,-6.974315787273158,-6.791868893096185,-5.338070045242072,-5.900417845601448,-6.884730518260666,-6.992578071486307,0
b2AR-decoy_2285,CCCCOC(=O)C1(c2cc(O)c3c(c2)OC(C)(C)[C@@H]2CC=C(C)C[C@@H]32)CCC1,-9.456,-6.877438011178516,-6.4722460884698805,-5.633336949542789,-5.580315787273159,-4.6958688930961845,-4.69307004524207,-4.142417845601447,-6.025730518260666,-5.900578071486306,0
b2AR-decoy_2286,C=C(CCC(O)c1cccc2ccccc12)C1COC2(OO1)C1CC3CC(C1)CC2C3,-11.583,-10.098438011178516,-7.975246088469881,-7.470336949542789,-6.721315787273159,-7.253868893096184,-6.25707004524207,-6.293417845601447,-8.771730518260666,-7.828578071486307,0
b2AR-decoy_2287,CC(C)CCCC(C)[C@H]1CCC2C3C/C(=N\O)C4=C[C@H](O)[C@H](O)C[C@]4(C)C3CC[C@@]21C,-9.641,-7.741438011178515,-6.9512460884698815,-6.75033694954279,-5.752315787273158,-5.6958688930961845,-4.381070045242071,-4.378417845601447,-7.384730518260666,-6.8325780714863065,0
b2AR-decoy_2288,Cc1ccoc1C(=O)Nc1ccc(N2Cc3cccc(Cl)c3C2=O)c(Cl)c1Cl,-7.988,-7.305438011178515,-6.6402460884698815,-5.40433694954279,-4.675315787273158,-4.380868893096185,-3.947070045242072,-3.7694178456014473,-7.1077305182606665,-5.791578071486306,0
b2AR-decoy_2289,COc1cc(O)c(Cc2ccc(O)cc2)c2c1-c1ccc(O)c(CC=C(C)C)c1CC2,-8.799,-6.498438011178514,-6.529246088469881,-5.67633694954279,-5.339315787273158,-4.608868893096185,-4.336070045242071,-4.095417845601446,-6.583730518260666,-6.273578071486307,0
b2AR-decoy_229,CC(=O)c1cccc(CN2C(=O)N(Cc3cccc(C(C)=O)c3)[C@H](Cc3ccc4c(c3)OCO4)[C@H](O)[C@@H](O)[C@H]2Cc2ccc3c(c2)OCO3)c1,-9.188,-7.208438011178515,-6.446246088469881,-6.441336949542789,-5.866315787273159,-4.062868893096185,-4.912070045242071,-4.2774178456014464,-6.145730518260667,-6.0055780714863065,0
b2AR-decoy_2290,COC(=O)/C=C(C)/C=C/C=C(\C)C(=O)Nc1ccc(C(C)(C)C)cc1C(C)(C)C,-8.999,-6.765438011178516,-6.224246088469881,-5.44233694954279,-4.789315787273159,-4.297868893096185,-4.133070045242072,-4.275417845601448,-5.489730518260666,-5.875578071486306,0
b2AR-decoy_2291,O=C1C[C@H](O)C[C@@H](/C=C/c2c(Cl)cc(Cl)cc2c2cc(Cl)cc(Cl)c2)O1,-9.687,-7.141438011178515,-7.357246088469882,-5.6103369495427895,-6.122315787273159,-5.512868893096185,-4.829070045242071,-4.210417845601446,-6.092730518260666,-5.656578071486306,0
b2AR-decoy_2292,Cc1ccc(Cl)c(Nc2ccccc2/C=C2\SC(=S)N(C)C2=O)c1Cl,-9.434,-7.521438011178516,-6.415246088469882,-6.3283369495427895,-5.855315787273158,-4.898868893096184,-3.942070045242071,-3.6814178456014464,-6.393730518260666,-6.741578071486307,0
b2AR-decoy_2293,CC(=O)/C=C/c1ccc(C2CC(C)=Nc3c(ccc4c3C(=O)c3ccccc3C4=O)N2)cc1,-9.507,-7.586438011178515,-6.043246088469881,-5.92933694954279,-5.235315787273159,-3.9038688930961847,-4.554070045242071,-3.663417845601448,-5.4217305182606665,-6.895578071486307,0
b2AR-decoy_2294,CC(C)(C)c1ccc(OP(C)(=O)Nc2ccc(SC(F)(F)F)cc2)cc1,-8.783,-7.227438011178515,-6.519246088469881,-5.18333694954279,-5.810315787273158,-4.620868893096185,-3.830070045242071,-3.9024178456014464,-5.872730518260667,-5.987578071486306,0
b2AR-decoy_2295,CC(C)CCC[C@@H](C)[C@H]1CC[C@H]2[C@@H]3C/C(=N\O)C4=CC(=O)CC[C@]4(C)[C@H]3CC[C@@]21C,-9.459,-8.413438011178515,-6.974246088469881,-7.749336949542791,-6.161315787273159,-5.905868893096185,-4.912070045242071,-4.618417845601448,-6.629730518260667,-6.665578071486307,0
b2AR-decoy_2296,CC(C)=CC[C@H]1C(C)=CC[C@@H](c2ccccc2)[C@@H]1C(=O)c1c(O)cc(O)cc1O,-9.624,-7.806438011178516,-6.768246088469882,-6.22133694954279,-5.760315787273159,-5.377868893096185,-4.966070045242072,-4.416417845601448,-6.169730518260666,-6.556578071486307,0
b2AR-decoy_2297,O=S(=O)(c1ccc(Cl)cc1)c1sc2nccc(O)c2c1c1ccc(Cl)cc1,-9.787,-7.162438011178516,-7.010246088469881,-6.0013369495427895,-5.735315787273159,-5.242868893096185,-4.31807004524207,-3.664417845601447,-6.533730518260667,-6.272578071486306,0
b2AR-decoy_2298,O=C(N/N=C\C1=C(Cl)c2ccccc2CCC1)C1=C(Cl)c2ccccc2CCC1,-6.768,-4.606438011178515,-4.000246088469881,-3.54533694954279,-3.1813157872731583,-2.7228688930961846,-2.0350700452420707,-1.7504178456014472,-4.379730518260667,-4.285578071486307,0
b2AR-decoy_2299,O=S(=O)(c1ccc(Cl)cc1)c1sc2nc(O)ccc2c1c1ccc(Cl)cc1,-9.716,-7.280438011178514,-7.030246088469882,-5.97833694954279,-5.420315787273159,-5.402868893096185,-4.533070045242072,-5.004417845601447,-6.760730518260667,-6.333578071486306,0
b2AR-decoy_23,CC1=CC[C@H]2C(C)(C)CCC[C@]2(C)[C@@]12CC[C@@](C)(C[C@@H]1O[C@H]1CO)O2,-9.62,-8.403438011178515,-7.208246088469881,-6.095336949542789,-5.968315787273159,-5.520868893096186,-5.093070045242071,-4.358417845601446,-6.288730518260666,-5.6625780714863065,0
b2AR-decoy_230,COc1ncc(C(=O)NC2(C(=O)N[C@H](C)c3ncc(c4cc(Cl)cc(Cl)c4OCC(F)F)cc3F)COC2)cn1,-9.748,-7.199438011178515,-6.997246088469881,-5.97133694954279,-5.911315787273159,-4.718868893096184,-4.781070045242071,-4.692417845601447,-5.598730518260666,-6.0825780714863065,0
b2AR-decoy_2300,CC(C)(C)NC(=O)/C=C/c1ccc(O)c2oc(c3ccc(O)c(O)c3)cc12,-9.296,-7.580438011178515,-7.083246088469881,-5.938336949542789,-6.026315787273159,-4.983868893096185,-4.390070045242071,-4.5274178456014464,-6.366730518260667,-6.410578071486306,0
b2AR-decoy_2301,Cc1ccc(C(=O)Nc2cc(C(=O)[O-])cc(c3ccc(C4CC[NH2+]CC4)cc3)c2)cc1,-10.425,-8.476438011178516,-7.859246088469881,-6.12833694954279,-6.388315787273159,-5.732868893096185,-5.995070045242072,-5.354417845601446,-6.895730518260667,-7.1625780714863065,0
b2AR-decoy_2302,CS(=O)(=O)Nc1ccccc1c1ccc2c(c1)sc1c(N)ncnc12,-8.972,-6.8634380111785145,-6.923246088469881,-6.012336949542791,-5.550315787273158,-4.872868893096184,-4.889070045242072,-4.021417845601446,-6.2167305182606665,-5.267578071486307,0
b2AR-decoy_2304,Cc1nnc2sc(C(=O)NC3CN(c4cccc(F)c4F)C3)c(N)c2c1C,-10.162,-8.726438011178516,-7.2332460884698815,-6.8603369495427895,-6.054315787273158,-5.553868893096185,-4.973070045242071,-4.660417845601447,-6.652730518260666,-7.702578071486306,0
b2AR-decoy_2305,CON[C@H]1CC[C@]2(C)[C@H]3C[C@@H](O)[C@]4(C)[C@@H](C5=CC(=O)OC5)CC[C@]4(O)[C@@H]3CC[C@@H]2C1,-9.649,-7.9514380111785155,-6.541246088469881,-6.31733694954279,-5.195315787273158,-5.862868893096184,-5.28907004524207,-5.537417845601446,-6.773730518260667,-6.357578071486307,0
b2AR-decoy_2306,C=C[C@]1(C)C=C2C(=O)C(O)=C3[C@@]4(C[C@@H]4C[C@@H](O)[C@@]3(C)COC(=O)C(C)C)[C@@]2(O)CC1,-11.192,-8.792438011178515,-7.893246088469882,-7.32433694954279,-6.756315787273158,-6.127868893096185,-4.533070045242072,-5.330417845601447,-7.511730518260666,-7.935578071486306,0
b2AR-decoy_2307,NS(=O)(=O)c1ccccc1NS(=O)(=O)/C=C/c1c(Cl)cccc1Cl,-7.988,-6.438438011178516,-5.877246088469882,-4.57733694954279,-4.960315787273158,-4.321868893096184,-3.92707004524207,-3.427417845601447,-5.213730518260666,-5.150578071486306,0
b2AR-decoy_2308,Cc1ccc(S(=O)(=O)Nc2ccc(C(=O)Nc3ccccc3O)cc2)cc1C,-10.31,-8.846438011178515,-7.0922460884698815,-6.964336949542791,-6.574315787273159,-5.780868893096185,-5.835070045242071,-4.646417845601446,-6.207730518260666,-7.011578071486307,0
b2AR-decoy_2309,Nc1nnc(SCc2nc(O)c3c(n2)scc3c2ccccc2)s1,-9.643,-7.591438011178516,-6.82824608846988,-6.16733694954279,-5.681315787273158,-4.753868893096184,-4.359070045242071,-4.248417845601447,-5.497730518260667,-6.324578071486307,0
b2AR-decoy_231,CN(C)c1cccc2c(S(=O)(=O)NCc3cn(CCCCn4c5ccccc5c5ccc6c(C=O)c[nH]c6c54)nn3)cccc12,-10.842,-8.990438011178515,-8.64224608846988,-6.72433694954279,-6.884315787273158,-7.246868893096185,-5.627070045242071,-5.139417845601447,-6.918730518260666,-8.917578071486307,0
b2AR-decoy_2310,O=C(Cc1ccc(O)c(F)c1)N/N=C1\C(=O)Nc2c(Cl)ccc(Cl)c21,-9.344,-7.500438011178515,-6.846246088469881,-5.748336949542789,-5.861315787273158,-5.225868893096184,-5.045070045242071,-4.612417845601447,-6.224730518260666,-6.610578071486307,0
b2AR-decoy_2311,C/C(=N\NC(=S)NCc1ccccc1)c1c(O)ccc2ccc(=O)oc12,-10.312,-8.157438011178515,-7.643246088469882,-6.35333694954279,-6.190315787273159,-5.963868893096185,-4.724070045242071,-5.032417845601447,-7.087730518260667,-7.068578071486307,0
b2AR-decoy_2312,COc1c(CC=C(C)C)c(O)cc2oc(=O)c(c3ccc(O)cc3O)cc12,-8.69,-6.555438011178515,-6.308246088469881,-4.865336949542789,-4.427315787273159,-4.720868893096185,-4.490070045242071,-3.914417845601447,-6.401730518260667,-5.5055780714863065,0
b2AR-decoy_2313,NS(=O)(=O)c1ccc(c2ccc(/C=C3\C(=O)Nc4ccccc43)o2)cc1,-10.772,-8.717438011178515,-7.734246088469881,-6.496336949542791,-6.660315787273159,-6.126868893096185,-4.910070045242071,-5.183417845601447,-7.1127305182606655,-7.424578071486307,0
b2AR-decoy_2314,O=C(NCc1c[nH]c2ccccc12)c1cc(Br)c(Br)[nH]1,-8.789,-7.043438011178516,-6.2382460884698805,-5.49033694954279,-5.226315787273158,-4.1748688930961855,-4.255070045242071,-3.3044178456014466,-5.321730518260666,-6.189578071486306,0
b2AR-decoy_2315,Sc1nnc(NNc2ccc(I)cc2)n1NC1C=CCC1,-8.263,-6.443438011178515,-6.115246088469881,-5.26033694954279,-4.535315787273158,-4.1028688930961845,-3.706070045242072,-3.383417845601447,-5.050730518260666,-5.2555780714863065,0
b2AR-decoy_2316,COc1c(CC=C(C)C)c(O)cc(O)c1c1coc2cc(O)ccc2c1=O,-8.312,-7.221438011178515,-6.005246088469881,-5.56733694954279,-5.041315787273158,-4.351868893096185,-4.076070045242071,-3.2834178456014467,-5.468730518260667,-5.876578071486307,0
b2AR-decoy_2317,NS(=O)(=O)c1ccc(n2nc(C(F)(F)F)cc2c2ccccc2)cc1CO,-8.874,-7.099438011178515,-6.612246088469881,-5.656336949542789,-5.172315787273158,-5.335868893096185,-4.140070045242071,-3.989417845601446,-5.406730518260666,-5.6145780714863065,0
b2AR-decoy_2318,Cn1c(C(F)(F)c2nc3c(F)cc(F)cc3[nH]2)nc2ccc(C(N)=O)cc21,-10.935,-9.351438011178516,-8.159246088469882,-7.649336949542789,-7.081315787273159,-6.526868893096184,-5.69307004524207,-5.5274178456014464,-7.249730518260666,-7.795578071486306,0
b2AR-decoy_2319,COc1cc2occ(c3ccc(O)cc3O)c(=O)c2c(O)c1CC=C(C)C,-8.069,-7.140438011178516,-6.205246088469881,-5.22833694954279,-4.420315787273158,-4.6588688930961855,-4.43307004524207,-3.778417845601448,-5.529730518260667,-5.015578071486306,0
b2AR-decoy_232,COc1ccc(/C=C/[C@@H](C)[C@@H]2C/C=C/C(=O)N[C@H](Cc3ccc(OC)c(Cl)c3)C(=O)NCC(C)(C)C(=O)O[C@@H](CC(C)C)C(=O)O2)cc1,-7.678,-6.067438011178515,-5.670246088469881,-4.86133694954279,-4.272315787273159,-3.452868893096185,-3.63207004524207,-3.1154178456014465,-4.549730518260667,-4.811578071486307,0
b2AR-decoy_2320,CC(O)(COc1ccc(O)cc1)C(=O)Nc1ccc(C#N)c(C(F)(F)F)c1,-9.054,-6.909438011178516,-6.510246088469881,-5.12033694954279,-5.375315787273159,-4.578868893096185,-4.270070045242072,-4.267417845601447,-5.743730518260666,-6.124578071486306,0
b2AR-decoy_2321,NS(=O)(=O)c1ccc(N2N=C3c4ccccc4CCC3C2c2cccc(O)c2)cc1,-11.378,-9.157438011178517,-8.056246088469882,-7.701336949542791,-7.083315787273158,-6.545868893096184,-6.045070045242071,-5.746417845601448,-7.1287305182606655,-8.155578071486307,0
b2AR-decoy_2322,O=C(c1cc(Sc2ccccc2O)c(O)cc1O)N1Cc2ccccc2C1,-10.094,-8.190438011178514,-6.949246088469881,-5.77333694954279,-5.639315787273159,-4.796868893096185,-4.077070045242071,-4.549417845601447,-7.150730518260666,-6.592578071486306,0
b2AR-decoy_2323,CCOc1cc(c2cc(c3ccc(OC)cc3)nc(N)c2C#N)ccc1O,-8.28,-6.545438011178515,-6.07824608846988,-4.97833694954279,-5.002315787273158,-4.221868893096184,-3.3570700452420708,-3.390417845601447,-5.366730518260667,-4.829578071486306,0
b2AR-decoy_2324,Cc1cc(NN)n2nc(SCc3ccccc3Br)nc2n1,-8.822,-7.047438011178516,-6.1562460884698815,-5.73833694954279,-5.164315787273159,-4.323868893096185,-3.964070045242071,-3.4664178456014465,-5.138730518260666,-6.545578071486306,0
b2AR-decoy_2325,CC(C)CC(=O)NC(=S)Nc1ccc(NC(=O)c2cccs2)cc1,-8.849,-6.169438011178515,-4.925246088469882,-3.68833694954279,-3.754315787273159,-3.306868893096185,-4.422070045242071,-2.555417845601447,-4.510730518260666,-5.930578071486307,0
b2AR-decoy_2326,O=C(NC(C(=O)NO)c1ccc(c2cc(F)c(F)c(F)c2)cc1)C1CCOCC1,-9.926,-9.067438011178517,-7.492246088469882,-7.239336949542789,-5.865315787273158,-5.333868893096184,-6.124070045242071,-4.975417845601447,-6.166730518260666,-6.875578071486306,0
b2AR-decoy_2327,C[C@H]1CCc2cc(c3ncccc3CO)ccc2N1C(=O)c1ccc(O)cc1O,-10.773,-8.393438011178516,-7.990246088469881,-6.848336949542789,-6.456315787273159,-6.439868893096184,-5.454070045242071,-4.937417845601447,-6.860730518260667,-6.800578071486306,0
b2AR-decoy_2328,O=C(Cc1ccc(c2ccccc2)cc1)NNC(=S)NCc1ccco1,-10.305,-8.460438011178516,-7.164246088469881,-5.98133694954279,-5.581315787273159,-5.5548688930961845,-4.867070045242071,-4.483417845601446,-6.349730518260666,-7.542578071486307,0
b2AR-decoy_2329,O=C1C[C@@H](c2ccc(O)cc2)Oc2cc(O)c(Cc3ccccc3O)c(O)c21,-10.135,-8.312438011178514,-7.2332460884698815,-6.08433694954279,-5.905315787273159,-5.813868893096185,-5.062070045242072,-4.859417845601447,-6.305730518260667,-7.125578071486306,0
b2AR-decoy_233,COc1cc(C(=O)NS(=O)(=O)c2ccccc2C)ccc1Cc1cn(C)c2ccc(C(=O)NC[C@@H](C)CC(F)(F)F)cc12,-11.521,-8.752438011178516,-7.974246088469881,-7.073336949542791,-6.925315787273158,-5.983868893096185,-6.49707004524207,-5.823417845601448,-7.790730518260666,-8.136578071486307,0
b2AR-decoy_2330,COc1cc(O)cc2occ(c3cc(O)c(O)c(CC=C(C)C)c3)c(=O)c12,-8.53,-7.263438011178515,-6.093246088469881,-6.018336949542789,-5.465315787273159,-4.095868893096185,-3.780070045242072,-3.707417845601446,-5.795730518260667,-5.992578071486307,0
b2AR-decoy_2331,C/C(=C\c1ccc(Cl)cc1)S(=O)(=O)Nc1cccc(F)c1S(N)(=O)=O,-9.322,-7.299438011178514,-6.350246088469881,-6.13433694954279,-5.554315787273158,-4.271868893096185,-4.585070045242071,-3.828417845601447,-5.307730518260667,-5.892578071486307,0
b2AR-decoy_2332,Cc1ccc(Cc2cc(c3cc(=O)c4c(O)cc(O)cc4o3)cc(O)c2O)cc1,-10.633,-9.002438011178516,-7.676246088469881,-7.43933694954279,-6.443315787273159,-5.5388688930961845,-5.547070045242071,-5.662417845601446,-7.167730518260667,-7.794578071486306,0
b2AR-decoy_2333,O[C@H]1[C@H](O)CO[C@@H](c2cn(Cc3ccc4ccccc4c3)c3ccccc23)[C@@H]1O,-11.453,-9.162438011178516,-8.817246088469881,-7.104336949542789,-6.957315787273158,-6.494868893096184,-6.336070045242071,-6.523417845601447,-7.393730518260666,-8.271578071486307,0
b2AR-decoy_2334,Cc1cccc(c2ccc(c3cnc(N)nc3)c(F)c2)c1S(=O)(=O)NC(C)(C)C,-8.89,-6.622438011178515,-6.766246088469881,-5.1873369495427895,-5.0593157872731584,-5.160868893096184,-5.016070045242071,-3.6024178456014475,-5.379730518260667,-5.772578071486306,0
b2AR-decoy_2335,CC(C)C(CC1NC(=O)NC1=O)c1ccc(c2ccc3cccc(F)c3c2)[nH]c1=O,-10.536,-8.160438011178515,-7.960246088469882,-7.08633694954279,-6.653315787273158,-5.918868893096185,-6.111070045242071,-5.191417845601446,-7.273730518260667,-7.607578071486307,0
b2AR-decoy_2336,O=C(NNC(=S)NCc1ccc(Cl)cc1)c1ccc(Br)o1,-8.774,-7.080438011178515,-6.415246088469882,-5.950336949542789,-4.834315787273159,-4.232868893096185,-3.9780700452420703,-3.465417845601447,-5.520730518260667,-6.142578071486307,0
b2AR-decoy_2337,CCCc1ccc(Cn2cc([C@@H]3OC[C@@H](O)[C@H](O)[C@H]3O)c3ccccc32)cc1,-10.203,-7.861438011178516,-7.4512460884698815,-6.374336949542791,-5.717315787273158,-5.737868893096184,-5.464070045242071,-5.013417845601447,-6.667730518260667,-6.677578071486307,0
b2AR-decoy_2338,O=C(NNS(=O)(=O)c1cccc(O)c1F)c1cc(F)cc(c2ccccc2)c1,-10.468,-8.343438011178515,-7.6722460884698815,-6.66133694954279,-7.005315787273158,-5.989868893096185,-6.268070045242071,-5.618417845601448,-7.458730518260666,-7.543578071486307,0
b2AR-decoy_2339,C[C@H](O)[C@@H](CCc1ccccc1C(F)(F)F)n1cnc2c(N)ncnc21,-10.089,-7.551438011178515,-6.912246088469882,-6.04533694954279,-5.718315787273159,-5.231868893096184,-4.594070045242072,-4.586417845601448,-6.333730518260666,-6.757578071486307,0
b2AR-decoy_234,CCCOc1ccc(S(=O)(=O)N2CC[NH+](CC)CC2)cc1c1nc(O)c2cc3c(cc2n1)ncn3Cc1ccccc1OC,-9.744,-8.313438011178516,-7.491246088469881,-6.7513369495427895,-6.6843157872731584,-5.470868893096185,-4.726070045242071,-4.429417845601448,-6.252730518260666,-7.881578071486306,0
b2AR-decoy_2340,O=C(NO)c1cc2ccc(NS(=O)(=O)Cc3ccccc3)cc2s1,-9.519,-7.926438011178515,-6.205246088469881,-5.34333694954279,-5.897315787273158,-4.3688688930961845,-4.77307004524207,-4.286417845601447,-5.855730518260666,-6.750578071486306,0
b2AR-decoy_2341,O=C(NCc1cc(Br)cc2nc(O)c(O)nc12)c1cccs1,-8.644,-6.646438011178516,-6.2172460884698815,-5.13033694954279,-5.479315787273158,-4.585868893096185,-4.077070045242071,-3.863417845601447,-5.328730518260667,-5.392578071486307,0
b2AR-decoy_2342,O=C1C[C@@H](c2ccccc2)Oc2cc(O)c(Cc3cccc(O)c3O)c(O)c21,-10.222,-8.209438011178515,-7.33124608846988,-6.300336949542789,-6.011315787273158,-5.6748688930961855,-5.784070045242071,-5.258417845601446,-6.775730518260666,-6.772578071486306,0
b2AR-decoy_2343,COc1cc(c2cc(c3ccc(S(C)(=O)=O)cc3)cnc2N)ccc1O,-8.331,-7.307438011178515,-6.773246088469881,-5.08833694954279,-5.485315787273159,-5.537868893096185,-3.421070045242071,-4.146417845601446,-5.520730518260667,-5.231578071486307,0
b2AR-decoy_2344,NC(=S)N=Nc1c(O)n(CCCl)c2ccc(Br)cc12,-7.104,-5.435438011178515,-4.938246088469882,-4.15633694954279,-3.550315787273158,-2.9558688930961843,-2.8110700452420714,-2.122417845601447,-3.8847305182606666,-4.342578071486306,0
b2AR-decoy_2345,CC(C)(CO)NC(=O)/C=C1/CC[C@H]2[C@@H]3CC=C4C[C@@H](O)CC[C@]4(C)[C@H]3CC[C@]12C,-10.757,-8.152438011178516,-7.273246088469881,-6.489336949542789,-6.507315787273159,-6.005868893096185,-5.063070045242071,-5.183417845601447,-7.486730518260666,-6.245578071486307,0
b2AR-decoy_2346,CC(C)(C)c1ccc(Cn2cc([C@@H]3OC[C@@H](O)[C@H](O)[C@H]3O)c3ccccc32)cc1,-10.479,-8.875438011178515,-7.509246088469881,-6.80833694954279,-6.657315787273159,-5.760868893096184,-5.56807004524207,-5.847417845601447,-6.680730518260667,-7.449578071486307,0
b2AR-decoy_2347,C[C@H](C(=O)NO)N1CCNc2cc(Oc3ccc(C(F)(F)F)cc3)ccc2S1,-7.588,-5.719438011178515,-5.211246088469881,-5.08933694954279,-3.598315787273158,-3.0608688930961847,-2.850070045242071,-3.234417845601447,-4.996730518260667,-4.8035780714863066,0
b2AR-decoy_2348,CCc1sc2nc(N)[nH]c(=O)c2c1Sc1cc(OC)ccc1OC,-7.77,-5.616438011178516,-5.262246088469881,-4.317336949542789,-4.214315787273159,-3.5388688930961845,-2.8990700452420715,-2.973417845601447,-4.423730518260666,-3.980578071486306,0
b2AR-decoy_2349,CCOC(=O)c1sc(SC(C)C)c(C#N)c1c1cc(O)c(O)c(O)c1,-6.628,-5.253438011178515,-5.082246088469881,-3.732336949542789,-3.385315787273158,-2.915868893096185,-1.576070045242071,-2.360417845601446,-3.991730518260666,-3.8295780714863055,0
b2AR-decoy_235,NS(=O)(=O)CCNC(=O)C(c1nc2ccc(c3ccc(C(=O)N4CCC(F)(F)C4)cc3)cc2s1)S(=O)(=O)CCC(F)(F)F,-9.008,-7.5924380111785155,-6.6132460884698805,-6.07033694954279,-5.323315787273158,-5.482868893096185,-5.206070045242072,-4.184417845601447,-5.557730518260666,-6.589578071486306,0
b2AR-decoy_2350,O=C(NNC(=O)c1ccccc1Cl)c1cc2cc(OC(F)(F)F)ccc2[nH]1,-9.463,-7.965438011178515,-6.944246088469882,-6.281336949542789,-5.897315787273158,-4.826868893096185,-4.924070045242072,-4.490417845601447,-6.400730518260666,-6.686578071486306,0
b2AR-decoy_2351,NS(=O)(=O)c1ccccc1NS(=O)(=O)/C=C/c1ccccc1C(F)(F)F,-9.643,-7.292438011178515,-6.853246088469881,-6.341336949542789,-5.772315787273158,-4.969868893096185,-4.453070045242072,-4.265417845601446,-6.207730518260666,-6.305578071486307,0
b2AR-decoy_2352,OC[C@H]1O[C@H]2c3cc(Cc4cc5ccccc5s4)c(Cl)cc3O[C@H]2[C@@H](O)[C@@H]1O,-10.259,-8.039438011178515,-7.70624608846988,-6.68333694954279,-6.713315787273158,-5.923868893096184,-5.175070045242071,-5.587417845601447,-7.026730518260667,-7.649578071486307,0
b2AR-decoy_2353,O=C(c1cc(Sc2ccc(O)cc2)c(O)cc1O)N1Cc2ccccc2C1,-9.807,-8.326438011178515,-7.027246088469882,-6.71533694954279,-5.446315787273159,-5.620868893096185,-4.545070045242071,-4.420417845601447,-7.319730518260666,-7.517578071486307,0
b2AR-decoy_2354,CC(C)Nc1sc(C(=O)c2ccc(Br)s2)c(N)c1C#N,-7.395,-5.345438011178516,-4.639246088469881,-3.9113369495427897,-3.5323157872731583,-2.941868893096185,-2.295070045242072,-2.449417845601447,-4.033730518260667,-3.7215780714863063,0
b2AR-decoy_2355,COc1ccc(C(c2oc(CO)cc(=O)c2O)c2c[nH]c3ccc(Cl)cc23)cc1,-9.468,-6.876438011178514,-6.905246088469882,-5.919336949542791,-5.619315787273159,-4.842868893096185,-4.275070045242071,-4.335417845601446,-5.766730518260667,-6.2715780714863065,0
b2AR-decoy_2356,NC(=O)c1ccccc1NC(=O)CC12CC3CC(CC(Br)(C3)C1)C2,-9.755,-8.534438011178516,-6.696246088469881,-5.81733694954279,-6.146315787273158,-5.497868893096184,-4.973070045242071,-4.223417845601446,-6.4107305182606655,-6.935578071486306,0
b2AR-decoy_2357,COc1cc(I)cc(/C=N/c2ccc3[nH]c(=O)[nH]c3c2)c1O,-8.23,-6.216438011178516,-6.049246088469881,-5.15433694954279,-4.233315787273159,-4.3158688930961855,-3.870070045242072,-3.1424178456014467,-5.121730518260667,-5.064578071486306,0
b2AR-decoy_2358,C/C(=N\NC(N)=S)c1ccc(OCc2ncc(C(F)(F)F)cc2Cl)cc1,-9.669,-7.416438011178515,-6.89224608846988,-6.37833694954279,-5.835315787273158,-5.037868893096185,-4.604070045242072,-4.267417845601447,-6.100730518260667,-6.420578071486306,0
b2AR-decoy_2359,Nc1ccccc1C(=O)N/N=C/c1c2ccccc2[nH]c1c1ccc(O)cc1,-10.147,-8.797438011178516,-8.063246088469882,-6.816336949542789,-6.497315787273159,-5.930868893096184,-5.55507004524207,-4.740417845601447,-7.076730518260666,-7.776578071486307,0
b2AR-decoy_236,COc1cc([C@H](O)[C@H](COC(=O)/C=C/c2ccc(O)cc2)Oc2ccc(/C=C/COC(=O)/C=C\c3ccc(O)cc3)cc2OC)ccc1O,-9.898,-8.485438011178514,-7.903246088469881,-6.435336949542791,-5.876315787273159,-5.531868893096185,-5.304070045242071,-4.999417845601446,-6.6397305182606665,-6.846578071486306,0
b2AR-decoy_2360,NS(=O)(=O)c1ccc(n2nc(C(F)(F)F)cc2c2ccc(CO)cc2)cc1,-8.619,-6.6774380111785145,-7.034246088469882,-5.579336949542789,-5.105315787273158,-5.052868893096186,-3.889070045242072,-4.220417845601446,-5.448730518260666,-5.855578071486306,0
b2AR-decoy_2361,Cc1ccc(Cc2cc(O)c(O)cc2c2cc(=O)c3c(O)cc(O)cc3o2)cc1,-10.139,-7.912438011178516,-7.461246088469881,-7.261336949542789,-5.990315787273158,-6.036868893096186,-5.408070045242072,-5.101417845601446,-6.370730518260666,-6.520578071486307,0
b2AR-decoy_2362,C/C(=C\c1ccc(Cl)cc1)S(=O)(=O)Nc1c(F)cccc1S(N)(=O)=O,-8.775,-7.119438011178515,-6.43724608846988,-5.87833694954279,-5.026315787273159,-4.505868893096185,-4.518070045242071,-3.829417845601446,-5.495730518260666,-6.187578071486307,0
b2AR-decoy_2363,Cc1nc(N)ncc1c1ccc(c2ccccc2S(=O)(=O)NC(C)(C)C)cc1F,-9.469,-6.516438011178515,-7.00124608846988,-5.293336949542789,-5.508315787273158,-5.3368688930961845,-4.80207004524207,-3.8624178456014473,-5.6127305182606655,-5.490578071486306,0
b2AR-decoy_2364,CCC(=O)c1cc(c2ccc(F)cc2)c(c2ccc(S(N)(=O)=O)cc2)[nH]1,-8.942,-6.843438011178515,-6.920246088469881,-5.374336949542791,-5.065315787273159,-5.005868893096185,-3.9730700452420713,-4.333417845601447,-5.526730518260667,-6.065578071486307,0
b2AR-decoy_2365,COc1cc(c2cc(=O)c3c(O)cc(O)c(CC=C(C)C)c3o2)ccc1O,-8.432,-6.596438011178515,-6.355246088469881,-5.05733694954279,-4.773315787273159,-4.805868893096184,-4.300070045242071,-3.573417845601448,-5.493730518260666,-5.233578071486306,0
b2AR-decoy_2366,Cc1cccc2c1-c1sc(C(=O)Nc3ccccc3C(N)=O)cc1CO2,-8.738,-7.8584380111785155,-6.5362460884698805,-5.78533694954279,-6.251315787273159,-5.111868893096185,-4.159070045242071,-4.011417845601446,-6.134730518260666,-6.290578071486307,0
b2AR-decoy_2367,CCNS(=O)(=O)c1ccccc1c1ccc(c2cnc(N)nc2)c(F)c1,-8.584,-6.642438011178514,-6.221246088469881,-4.64333694954279,-4.375315787273158,-4.692868893096184,-4.24407004524207,-3.002417845601447,-4.901730518260666,-5.123578071486307,0
b2AR-decoy_2368,Cc1ccc(c2cc(C(F)(F)F)nn2c2ccc(S(N)(=O)=O)c(CO)c2)cc1,-8.962,-6.833438011178515,-7.002246088469882,-5.700336949542789,-5.137315787273158,-4.877868893096185,-4.200070045242072,-4.500417845601447,-5.313730518260666,-5.865578071486306,0
b2AR-decoy_2369,CNC(=O)c1cnc(N)c2cc(c3ccc(OC(F)(F)F)cc3)sc12,-8.186,-6.833438011178515,-5.895246088469881,-5.083336949542789,-4.849315787273158,-4.487868893096184,-4.400070045242071,-4.207417845601446,-5.6077305182606665,-5.237578071486306,0
b2AR-decoy_237,Nc1ncnc2c1ncn2OCCOCP(=O)(Oc1ccc(Br)cc1)Oc1ccc(Br)cc1,-9.277,-7.486438011178516,-6.401246088469881,-6.624336949542791,-5.729315787273158,-4.721868893096184,-4.118070045242071,-4.481417845601447,-5.876730518260667,-6.291578071486306,0
b2AR-decoy_2370,C[C@@H]1N=C(c2ccccc2)c2cc(C#CCCCC(=O)NO)ccc2NC1=O,-7.355,-5.643438011178515,-5.596246088469881,-3.7593369495427895,-4.235315787273159,-3.4058688930961845,-2.392070045242071,-2.936417845601447,-4.344730518260667,-4.516578071486307,0
b2AR-decoy_2371,Cc1c(C)c2c(c(NC(=O)/C=C/c3ccc(O)c(O)c3)c1O)CCC(C)(C)O2,-9.732,-7.391438011178515,-7.403246088469881,-6.28233694954279,-6.285315787273159,-5.974868893096184,-5.158070045242072,-4.825417845601447,-6.5467305182606665,-6.556578071486307,0
b2AR-decoy_2372,Cc1cc(N)nc(C)c1CNC(=O)c1cnn(Cc2ccc(F)c(F)c2)c1,-10.315,-8.434438011178516,-7.087246088469881,-5.9853369495427895,-5.822315787273158,-5.270868893096186,-5.14807004524207,-4.621417845601448,-6.188730518260666,-6.565578071486307,0
b2AR-decoy_2373,COc1cc(O)c2c(c1Cc1ccccc1O)O[C@@H](c1ccc(O)cc1)CC2=O,-9.349,-7.332438011178516,-6.912246088469882,-6.044336949542791,-6.013315787273159,-5.370868893096185,-4.750070045242071,-4.568417845601447,-6.065730518260667,-6.399578071486307,0
b2AR-decoy_2374,C/C(=N\NC(=S)NC12CC3CC(CC(C3)C1)C2)c1c(O)ccc2ccc(=O)oc12,-10.963,-9.399438011178516,-8.593246088469881,-8.06033694954279,-5.773315787273159,-6.385868893096184,-5.803070045242071,-6.021417845601446,-7.088730518260666,-8.022578071486306,0
b2AR-decoy_2375,O=C(N/N=C/c1cc(Br)c(O)c(Br)c1O)c1ccncc1,-7.939,-5.705438011178515,-5.360246088469881,-4.700336949542789,-4.262315787273159,-3.787868893096185,-3.304070045242071,-2.8284178456014466,-4.624730518260666,-5.049578071486307,0
b2AR-decoy_2376,CCc1nnc(NC(=O)c2sc3nc4c(cc3c2N)CCCCC4)s1,-7.092,-5.296438011178515,-4.155246088469881,-3.00033694954279,-2.7743157872731583,-2.6688688930961844,-2.3570700452420708,-1.8074178456014467,-3.8497305182606665,-4.244578071486306,0
b2AR-decoy_2377,CC(C)(C)C1CCC(C(=O)NCCc2ccc(S(N)(=O)=O)cc2)CC1,-9.916,-7.3134380111785156,-7.008246088469882,-5.982336949542789,-6.382315787273159,-5.303868893096185,-4.16107004524207,-4.760417845601447,-6.335730518260666,-6.140578071486306,0
b2AR-decoy_2378,CC(C(=O)N/N=C1\C(=O)Nc2cccc(c3cccc(F)c3)c21)c1ccc(O)cc1,-10.506,-8.883438011178516,-8.107246088469882,-6.893336949542789,-7.231315787273159,-6.403868893096185,-5.924070045242072,-5.934417845601447,-6.971730518260667,-7.861578071486306,0
b2AR-decoy_2379,CC(C)C(=O)c1c(O)cc(O)c2c1O[C@@]1(C)CC[C@@H](C(C)(C)O)[C@@H]2[C@H]1O,-9.014,-6.731438011178515,-6.359246088469881,-5.300336949542789,-5.321315787273159,-4.9618688930961845,-4.393070045242071,-3.961417845601448,-5.636730518260666,-5.742578071486307,0
b2AR-decoy_2380,Cc1ccc(C)c(NC(=O)CSc2sc3c(O)cc(O)nc3c2C#N)c1,-10.245,-8.272438011178515,-7.36024608846988,-7.031336949542789,-6.122315787273159,-4.808868893096184,-5.111070045242071,-4.358417845601446,-6.496730518260666,-7.210578071486307,0
b2AR-decoy_2381,NS(=O)(=O)c1ccc(CNC(=O)/C=C/c2ccc(Cl)c(Cl)c2)cc1,-9.478,-7.183438011178515,-6.648246088469881,-5.367336949542789,-5.925315787273158,-5.008868893096185,-3.867070045242072,-4.071417845601447,-5.960730518260666,-5.725578071486307,0
b2AR-decoy_2382,Cc1ccc(SCc2n[nH]c3c2C2(CCSCC2)C(C#N)=C(N)O3)cc1,-8.845,-7.6244380111785155,-6.402246088469882,-5.835336949542789,-5.275315787273158,-5.172868893096185,-3.897070045242071,-4.688417845601446,-5.815730518260667,-6.039578071486307,0
b2AR-decoy_2383,CNC(=O)c1c(SSc2[nH]c3ccccc3c2C(=O)NC)[nH]c2ccccc12,-9.56,-7.687438011178514,-7.527246088469882,-6.11833694954279,-5.336315787273158,-5.505868893096185,-5.120070045242072,-4.472417845601447,-6.886730518260666,-6.628578071486306,0
b2AR-decoy_2384,NC(=O)c1cc(Br)ccc1NC(=O)/C=C/c1ccc(Cl)cc1,-9.151,-7.520438011178514,-6.559246088469882,-5.93633694954279,-5.258315787273158,-4.6028688930961845,-4.660070045242071,-3.9074178456014472,-5.583730518260666,-5.959578071486307,0
b2AR-decoy_2385,COc1ccc2cc(C(C)C(=O)Nc3ccc(S(N)(=O)=O)cc3)ccc2c1,-9.949,-7.800438011178516,-7.057246088469881,-6.29133694954279,-6.297315787273158,-5.062868893096185,-4.947070045242072,-5.130417845601446,-6.0197305182606655,-6.546578071486307,0
b2AR-decoy_2386,O=C(NO)[C@]1(F)[C@H](c2ccccc2)[C@H]1c1ccc(c2ncc(O)cn2)cc1,-9.118,-7.578438011178514,-7.0522460884698805,-5.78233694954279,-5.516315787273159,-5.636868893096185,-4.861070045242071,-4.953417845601447,-7.021730518260666,-7.101578071486307,0
b2AR-decoy_2387,O=c1c(c2ccc(O)cc2)c(CSC2=NCCS2)oc2cc(O)cc(O)c12,-8.803,-6.6774380111785145,-5.935246088469881,-5.41033694954279,-5.322315787273158,-4.334868893096184,-3.804070045242071,-3.2294178456014464,-5.402730518260666,-5.3645780714863065,0
b2AR-decoy_2388,Oc1ccc(C(c2ccc(O)cc2O)c2cc(Br)c(O)cc2O)cc1,-8.167,-6.209438011178515,-6.409246088469882,-4.95633694954279,-4.401315787273158,-4.269868893096184,-4.409070045242071,-3.603417845601447,-4.928730518260666,-5.390578071486306,0
b2AR-decoy_2389,COc1ccc(C(c2oc(CO)cc(=O)c2O)c2c[nH]c3ccccc23)cc1,-9.243,-6.857438011178516,-6.8422460884698815,-5.91133694954279,-5.673315787273159,-4.918868893096185,-4.627070045242071,-4.187417845601447,-5.718730518260667,-6.195578071486306,0
b2AR-decoy_239,C[C@H]1CN([C@H](C)CO)C(=O)Cc2cc(NC(=O)Cc3cn(C)c4ccccc34)ccc2O[C@H]1CN(C)S(=O)(=O)c1ccccc1,-8.326,-6.5814380111785145,-6.193246088469881,-4.76633694954279,-4.415315787273158,-4.7888688930961845,-3.275070045242071,-3.655417845601447,-5.909730518260666,-5.559578071486307,0
b2AR-decoy_2390,CC(C)NC(=O)CC1C[C@H]2[C@@H]3CCc4cc(O)ccc4[C@H]3CC[C@]2(C)[C@H]1O,-10.704,-9.271438011178516,-7.593246088469881,-7.906336949542789,-6.972315787273159,-6.159868893096185,-5.527070045242072,-5.430417845601447,-6.614730518260666,-8.541578071486306,0
b2AR-decoy_2391,C=CCNc1nc(N)c(C(=C(C#N)C#N)c2ccc(Br)cc2)s1,-7.338,-5.398438011178516,-5.6482460884698815,-4.28733694954279,-4.189315787273158,-3.561868893096185,-3.052070045242071,-2.600417845601447,-4.037730518260666,-4.254578071486306,0
b2AR-decoy_2392,COc1c(=O)c2c(O)cc(O)cc2oc1c1ccc(O)c(CC=C(C)C)c1,-8.851,-7.222438011178514,-6.671246088469882,-5.64533694954279,-5.190315787273159,-4.7068688930961855,-4.252070045242071,-4.232417845601447,-6.093730518260667,-6.197578071486307,0
b2AR-decoy_2393,O=S1(=O)c2ccccc2Nc2c(CCc3ccc(O)c(O)c3)cccc21,-10.065,-7.990438011178515,-8.056246088469882,-6.29133694954279,-6.929315787273158,-6.530868893096185,-5.326070045242071,-5.058417845601447,-7.073730518260666,-7.208578071486306,0
b2AR-decoy_2394,CC(C)(O)c1cc(c2ccc(S(N)(=O)=O)cc2)c(c2ccc(F)cc2)s1,-8.277,-6.134438011178515,-6.744246088469881,-4.42533694954279,-5.052315787273159,-5.191868893096185,-3.7470700452420704,-3.837417845601447,-5.360730518260667,-5.361578071486306,0
b2AR-decoy_2395,CCc1cc2c(cc1OS(N)(=O)=O)CC[C@@H]1[C@@H]2CC[C@@]2(C)[C@H]1CC[C@@H]2CCO,-9.088,-7.410438011178515,-6.539246088469881,-5.48133694954279,-5.587315787273159,-4.947868893096185,-5.405070045242072,-4.545417845601447,-6.782730518260667,-5.705578071486306,0
b2AR-decoy_2396,CC(C)(C)c1cc(C(=O)Nc2ccc(S(N)(=O)=O)cc2)cc(C(C)(C)C)c1,-8.928,-6.703438011178514,-6.5042460884698805,-5.1103369495427895,-4.822315787273158,-4.342868893096185,-4.304070045242071,-3.422417845601447,-6.157730518260667,-5.668578071486307,0
b2AR-decoy_2397,CCCCn1cc(/C=C2\Oc3cc(O)cc(O)c3C2=O)c2cccc(O)c21,-9.306,-7.353438011178515,-6.9222460884698815,-5.91733694954279,-5.665315787273158,-5.291868893096185,-4.354070045242072,-4.185417845601448,-6.055730518260667,-5.706578071486307,0
b2AR-decoy_2398,CC(/C=N/OCCO)=C\[C@H]1CC[C@]2(O)[C@@H]3CC[C@@H]4C[C@@H](O)CC[C@]4(C)[C@H]3CC[C@]12C,-9.652,-7.325438011178516,-6.644246088469881,-6.18333694954279,-5.343315787273159,-5.5388688930961845,-4.36907004524207,-4.665417845601446,-6.306730518260666,-6.429578071486306,0
b2AR-decoy_2399,Nc1ccc(N2CC(CNC(=O)c3ccc(Cl)s3)OC2=O)cc1F,-9.501,-7.630438011178516,-6.942246088469881,-6.316336949542789,-5.751315787273159,-4.601868893096185,-4.505070045242071,-4.391417845601447,-6.182730518260666,-6.664578071486307,0
b2AR-decoy_24,COc1ccc2[nH]cc(c3nn4cc(c5ccsc5)nc4s3)c2c1,-8.463,-7.058438011178515,-6.1082460884698815,-5.5173369495427895,-5.072315787273158,-4.1028688930961845,-4.349070045242071,-3.8544178456014464,-5.1077305182606665,-5.985578071486307,0
b2AR-decoy_240,CCC[C@@H]1CCC[NH+]1Cc1sc(NC(=O)c2cnc(N3CCC(C(=O)[O-])CC3)cn2)nc1c1ccc(OC)c(C(F)(F)F)c1,-10.171,-7.747438011178515,-7.438246088469882,-6.278336949542791,-6.246315787273158,-5.234868893096184,-5.397070045242071,-4.483417845601446,-6.679730518260666,-6.721578071486306,0
b2AR-decoy_2400,CCc1nccc(c2ccc(C(=O)NC)c(Cl)c2)c1C#Cc1ccc(N)nc1C,-8.935,-6.916438011178515,-6.795246088469881,-5.11733694954279,-5.001315787273159,-4.588868893096185,-4.28607004524207,-3.9284178456014462,-5.5757305182606665,-5.008578071486307,0
b2AR-decoy_2401,COc1c(=O)c2c(O)c(CC=C(C)C)c(O)cc2oc1c1ccc(O)cc1,-8.818,-7.200438011178516,-6.632246088469881,-4.99933694954279,-5.181315787273158,-5.084868893096184,-4.59007004524207,-3.510417845601447,-6.057730518260666,-5.440578071486307,0
b2AR-decoy_2402,CCNC(=O)c1noc(c2cc(C(C)C)c(O)cc2O)c1C#CC1CCCC1,-8.121,-6.576438011178516,-6.31224608846988,-5.137336949542791,-4.998315787273159,-3.989868893096185,-3.246070045242071,-3.318417845601447,-4.656730518260666,-4.548578071486307,0
b2AR-decoy_2403,Cc1ccc(COc2cc(O)cc3oc4cc(O)c(O)cc4c(=O)c23)cc1,-9.534,-8.346438011178515,-7.872246088469881,-6.67633694954279,-6.570315787273158,-5.854868893096185,-5.080070045242071,-4.860417845601447,-6.643730518260666,-6.872578071486307,0
b2AR-decoy_2404,CC(C)Nc1sc(C(=O)c2ccc(I)s2)c(N)c1C#N,-7.385,-5.344438011178515,-4.631246088469881,-4.0253369495427895,-3.3093157872731584,-2.7018688930961847,-2.4230700452420706,-2.3094178456014465,-4.060730518260667,-3.889578071486307,0
b2AR-decoy_2405,C[C@]12CC[C@@H]3c4ccc(O)cc4CC[C@H]3[C@@H]1CC(C(=O)NCC1CCCO1)[C@@H]2O,-11.189,-9.619438011178516,-8.336246088469881,-8.54533694954279,-7.3253157872731585,-6.713868893096185,-6.147070045242071,-6.044417845601448,-8.061730518260667,-8.874578071486306,0
b2AR-decoy_2406,CCOC(=O)c1sc(=S)sc1SCc1cccc(C(F)(F)F)c1,-8.489,-5.962438011178516,-6.068246088469881,-4.96733694954279,-4.700315787273159,-3.9518688930961847,-3.7310700452420704,-3.5594178456014465,-5.175730518260666,-4.902578071486307,0
b2AR-decoy_2407,O=c1c2ccccc2oc(c2ccco2)c1c1c(=O)c2ccccc2oc1c1ccco1,-9.922,-8.532438011178515,-7.490246088469881,-6.33433694954279,-7.722315787273159,-6.233868893096185,-3.2230700452420717,-5.095417845601446,-7.045730518260667,-7.089578071486306,0
b2AR-decoy_2408,O=C(/C=C/C1=Cc2cc(Cl)ccc2OC1)c1ccc(Cl)cc1Cl,-9.463,-7.613438011178514,-7.0042460884698805,-6.18933694954279,-5.725315787273159,-5.089868893096185,-4.657070045242071,-4.682417845601448,-6.066730518260666,-6.427578071486307,0
b2AR-decoy_2409,C/C(C=O)=C\CC[C@@H](C)[C@H]1CC[C@@]2(C)C3=CC[C@H]4C(C)(C)C(=O)CC[C@]4(C)C3=CC[C@]12C,-9.962,-8.262438011178515,-6.5812460884698805,-6.716336949542789,-6.408315787273159,-5.441868893096185,-3.412070045242072,-5.415417845601446,-7.463730518260666,-7.265578071486306,0
b2AR-decoy_241,CC(C)(C)Cn1ccc(C2=C(C(=O)NS(=O)(=O)C3CC3)C(=O)N[C@@](c3ccc(CCCCC(F)(F)F)cc3F)(C(F)(F)F)C2)n1,-9.838,-7.709438011178515,-7.305246088469881,-6.42033694954279,-5.402315787273158,-5.449868893096184,-4.688070045242071,-4.681417845601446,-5.918730518260666,-6.468578071486306,0
b2AR-decoy_2410,Cc1ccc(OCC(=O)ON=C2CCCCCCCCCCC(=O)OCCC2)cc1C,-6.317,-4.419438011178515,-4.5152460884698815,-3.2083369495427894,-2.805315787273158,-2.0728688930961843,-1.685070045242071,-1.914417845601447,-3.3387305182606664,-3.4205780714863065,0
b2AR-decoy_2411,CO/N=C(\c1ccc(Cl)cc1)c1ccccc1COc1ccc(C(F)(F)F)cc1,-9.988,-8.064438011178515,-7.46924608846988,-6.83733694954279,-6.681315787273158,-5.655868893096185,-5.383070045242072,-5.486417845601446,-6.526730518260667,-6.925578071486306,0
b2AR-decoy_2412,CCOC(c1ccc(Cl)cc1)C(SC(C)(C)C)n1cnc(Cl)c1,-7.482,-5.610438011178515,-5.312246088469881,-4.50533694954279,-4.047315787273158,-3.384868893096185,-2.845070045242071,-2.5384178456014466,-4.291730518260667,-4.526578071486306,0
b2AR-decoy_2413,Clc1ccc([C@H](Cn2ccnc2)OCc2csc3c(Cl)cccc23)c(Cl)c1,-9.398,-7.755438011178516,-7.137246088469881,-5.842336949542791,-5.767315787273159,-5.218868893096184,-4.384070045242071,-4.505417845601446,-6.375730518260667,-6.5215780714863065,0
b2AR-decoy_2414,Fc1ccc2c(c1)[C@@H](OCc1ccc(Cl)c(Cl)c1)[C@@H](Cn1ccnc1)S2,-9.136,-7.218438011178515,-7.07824608846988,-5.77533694954279,-5.441315787273158,-5.012868893096185,-4.720070045242071,-4.568417845601447,-6.058730518260667,-5.986578071486306,0
b2AR-decoy_2415,C=C(C)C(=O)c1ccc(OCc2nc(c3ccc(C(F)(F)F)cc3)cs2)c(C)c1C,-10.47,-8.051438011178515,-7.287246088469882,-7.345336949542789,-6.781315787273158,-5.576868893096185,-5.053070045242071,-5.170417845601447,-7.101730518260666,-6.998578071486307,0
b2AR-decoy_2416,CC(C)=C[C@@H]1C[C@@H]([C@@H]2CC[C@]3(C)C4=CCC5C(C)(C)C(=O)CC[C@]5(C)[C@H]4CC[C@@]23C)CO1,-10.825,-9.201438011178515,-8.15124608846988,-7.30533694954279,-7.247315787273159,-6.708868893096184,-4.849070045242071,-5.946417845601447,-7.743730518260666,-7.871578071486306,0
b2AR-decoy_2417,Clc1ccc(C(Cc2ccc(Cl)cc2Cl)Cn2ccnc2)cc1,-8.583,-6.570438011178515,-6.199246088469881,-5.42633694954279,-4.882315787273159,-4.214868893096185,-3.877070045242071,-3.501417845601446,-5.340730518260666,-5.522578071486306,0
b2AR-decoy_2418,CC1=C(/C=C/C(C)=C/C=C/C(C)=C/C=C2C(=O)CCCCCC2=O)C(C)(C)CCC1,-7.635,-5.705438011178515,-5.057246088469881,-3.849336949542789,-3.796315787273159,-3.308868893096185,-2.47907004524207,-2.374417845601447,-4.002730518260666,-4.151578071486306,0
b2AR-decoy_2419,C[C@H]1[C@H](/C=C/c2ccc(c3ccccc3Cl)cn2)C2C(CC1(F)F)C(=O)O[C@@H]2C,-10.838,-9.887438011178515,-8.43724608846988,-7.915336949542789,-7.358315787273158,-6.496868893096185,-6.582070045242071,-6.445417845601448,-7.607730518260666,-8.758578071486307,0
b2AR-decoy_242,CC(C)c1ccc(c2c(NS(=O)(=O)NCc3ccccc3)ncnc2OCCOc2ncc(Br)cn2)cc1,-10.304,-8.125438011178515,-7.296246088469882,-6.448336949542791,-5.759315787273158,-5.237868893096184,-5.097070045242072,-5.595417845601446,-6.786730518260667,-6.978578071486307,0
b2AR-decoy_2420,C(=C(c1nc2ccccc2s1)c1nc2ccccc2s1)c1ccccn1,-10.01,-8.040438011178516,-7.402246088469882,-6.652336949542789,-6.477315787273158,-5.289868893096184,-5.26007004524207,-4.695417845601448,-6.413730518260666,-7.133578071486307,0
b2AR-decoy_2421,Cc1ccc(OSN(C(=O)c2ccccc2)N(C(=O)c2ccccc2)C(C)(C)C)cc1,-8.468,-8.040438011178516,-5.863246088469881,-4.90933694954279,-5.997315787273159,-5.002868893096185,-3.5550700452420703,-3.7324178456014474,-5.553730518260666,-5.593578071486306,0
b2AR-decoy_2422,CCC=C(c1cc(Cl)ccc1OCc1ccc(Cl)cc1Cl)n1ccnc1,-8.433,-6.610438011178514,-6.263246088469881,-5.78933694954279,-4.948315787273158,-4.744868893096184,-3.8850700452420703,-3.5864178456014475,-5.401730518260667,-5.125578071486306,0
b2AR-decoy_2423,COC1(O[C@H]2CC[C@H]3[C@@H]4CC[C@H]5C[C@@H]6S[C@@H]6C[C@]5(C)[C@H]4CC[C@]23C)CCCC1,-9.558,-8.424438011178514,-7.34424608846988,-6.52533694954279,-5.739315787273158,-5.020868893096186,-4.960070045242071,-4.353417845601447,-6.673730518260667,-6.325578071486307,0
b2AR-decoy_2424,CC(/C=C/c1cc(C)c2cc(C(C)C)ccc(C)c1-2)=C\C=C\C(C)=C\C(=O)[O-],-7.56,-5.361438011178516,-5.138246088469881,-3.825336949542789,-3.656315787273159,-3.0948688930961845,-2.5660700452420717,-2.2464178456014467,-4.146730518260666,-4.373578071486307,0
b2AR-decoy_2425,CCCO[C@@]1(C)CC[C@H]2[C@@H]3C[C@H](C)[C@H]4CC(=O)[C@H](C)C[C@]4(C)[C@H]3CC[C@@]21C,-9.277,-8.339438011178515,-6.987246088469881,-6.44233694954279,-5.423315787273159,-6.547868893096185,-3.929070045242071,-4.710417845601446,-6.708730518260666,-6.030578071486307,0
b2AR-decoy_2426,CSc1ccccc1/C=C1\Oc2ccc(F)cc2-c2ccc3c(c21)C(C)=CC(C)(C)N3,-10.086,-7.828438011178514,-7.444246088469882,-6.60033694954279,-6.423315787273159,-6.148868893096184,-6.253070045242071,-5.409417845601446,-7.161730518260667,-6.7075780714863065,0
b2AR-decoy_2427,CCCCCn1/c(=N/C(=O)c2cccc3ccccc23)sc2ccccc21,-9.737,-7.939438011178515,-7.83124608846988,-5.704336949542789,-6.015315787273158,-5.745868893096185,-4.91107004524207,-4.638417845601447,-5.678730518260666,-6.825578071486307,0
b2AR-decoy_2428,O=CC1=Cc2cc(S(F)(F)(F)(F)F)cc(Br)c2OC1C(F)(F)F,-9.24,-8.327438011178515,-6.56224608846988,-6.675336949542789,-5.715315787273159,-4.791868893096185,-4.175070045242071,-4.424417845601447,-7.121730518260666,-6.372578071486307,0
b2AR-decoy_2429,CCOC(c1cc(Cl)cc(Cl)c1)C(SC(C)(C)C)n1ccnc1,-7.361,-5.085438011178515,-5.048246088469881,-3.9483369495427896,-3.8223157872731583,-3.2538688930961843,-2.5990700452420707,-2.360417845601446,-4.201730518260667,-3.7285780714863055,0
b2AR-decoy_243,COc1ccc(S(=O)(=O)N(CC(C)C)C[C@@H](O)[C@H](Cc2ccc(c3ccncc3)cc2)NC(=O)O[C@H]2CCOC2)cc1,-9.46,-7.998438011178514,-7.247246088469881,-6.512336949542791,-5.974315787273158,-5.212868893096184,-5.254070045242072,-4.825417845601447,-6.651730518260667,-6.624578071486306,0
b2AR-decoy_2430,Cc1ccc(OP(=O)(Oc2ccc(C)cc2)C(=O)Oc2ccccc2)cc1,-9.314,-6.796438011178514,-6.946246088469881,-6.655336949542789,-6.104315787273158,-5.396868893096185,-4.482070045242072,-4.140417845601446,-5.457730518260666,-6.773578071486307,0
b2AR-decoy_2431,Cc1cc2c(cc1C)C(Cl)=C(c1nnc(c3ccc(F)cc3)o1)CCC2,-8.167,-6.853438011178515,-5.838246088469881,-4.84233694954279,-4.284315787273158,-4.031868893096185,-3.8000700452420713,-3.776417845601447,-5.571730518260667,-5.392578071486307,0
b2AR-decoy_2432,N#Cc1cc(Cc2ccc3c(ccc4ccccc43)c2C#N)cc2c1ccc1ccccc12,-12.539,-10.017438011178514,-10.08324608846988,-7.36533694954279,-8.377315787273158,-7.237868893096184,-7.426070045242071,-6.742417845601446,-8.684730518260666,-8.126578071486307,0
b2AR-decoy_2433,Clc1ccc(C(Cn2ccnc2)OCc2ccc3ccccc3c2)c(Cl)c1,-10.194,-8.857438011178516,-7.731246088469881,-6.739336949542789,-6.691315787273158,-5.886868893096185,-5.461070045242071,-5.493417845601448,-6.653730518260666,-7.739578071486306,0
b2AR-decoy_2434,C/C(=N\OC(=O)c1cccnc1)[C@H]1CC[C@H]2[C@@H]3CCC4=CC(=O)CC[C@]4(C)[C@H]3CC[C@]12C,-10.651,-9.848438011178516,-8.586246088469881,-7.21133694954279,-7.281315787273158,-7.157868893096184,-6.125070045242071,-5.817417845601447,-7.698730518260666,-7.503578071486306,0
b2AR-decoy_2435,COC1[N+]([O-])=C(/C=C/c2ccc3ccc4cccc5ccc2c3c45)CC1(C)C,-10.158,-8.858438011178515,-7.479246088469882,-7.22233694954279,-5.981315787273159,-6.124868893096185,-5.675070045242071,-4.943417845601447,-7.211730518260666,-7.298578071486306,0
b2AR-decoy_2436,CC(=O)c1ccc(S[C@@H]2CC3=CC(=O)CC[C@]3(C)[C@H]3CC[C@]4(C)C(=O)CC[C@H]4[C@@H]32)cc1,-11.233,-9.155438011178514,-8.41124608846988,-7.483336949542791,-7.560315787273158,-6.830868893096184,-6.360070045242072,-6.592417845601446,-8.051730518260666,-7.201578071486306,0
b2AR-decoy_2437,O=C1C=C(c2ccc(Br)c3ccccc23)C[C@@H](c2ccc3c(c2)OCO3)C1,-11.495,-9.778438011178515,-9.280246088469882,-7.71233694954279,-7.642315787273159,-7.350868893096184,-6.473070045242071,-6.063417845601446,-7.809730518260666,-8.183578071486307,0
b2AR-decoy_2438,CC(C)(C)C(=O)O[C@H]1CC[C@@]2(C)C(=CC[C@H]3C4=CC=C(c5cccnc5)[C@@]4(C)CC[C@@H]32)C1,-9.848,-8.833438011178515,-7.338246088469882,-7.24433694954279,-5.916315787273158,-6.894868893096184,-5.799070045242072,-4.860417845601447,-7.0197305182606655,-7.837578071486307,0
b2AR-decoy_2439,FC(F)(F)c1nnc2ccc(c3ccc(S(F)(F)(F)(F)F)cc3)cn12,-9.487,-8.044438011178515,-8.245246088469882,-6.514336949542789,-5.953315787273159,-5.7438688930961845,-5.109070045242071,-4.904417845601447,-6.427730518260667,-5.998578071486307,0
b2AR-decoy_244,Cc1ccnc(OC(c2ccc(C(F)(F)F)cc2)C2CC[NH+](C(C)CCNC(=O)c3c(Cl)cncc3Cl)CC2)c1,-10.669,-9.331438011178514,-8.093246088469881,-7.61533694954279,-6.793315787273158,-6.2678688930961854,-5.605070045242071,-5.785417845601447,-7.365730518260666,-7.584578071486307,0
b2AR-decoy_2440,COC(=O)CC[C@@H](C)[C@H]1CC[C@H]2[C@@H]3[C@@H](OC)C[C@@H]4C[C@H](OC)CC[C@]4(C)[C@H]3CC[C@@]21C,-8.432,-7.441438011178516,-6.288246088469881,-5.76333694954279,-5.220315787273158,-5.638868893096184,-3.5080700452420714,-4.139417845601447,-6.579730518260666,-5.694578071486307,0
b2AR-decoy_2441,COC(=O)[C@]1(C)CCC[C@@]2(C)C1CC[C@]13C=C(C(C)C)[C@H](CC21)CC3(Cl)C#N,-8.727,-7.059438011178516,-5.556246088469881,-6.66733694954279,-5.130315787273158,-5.5228688930961845,-4.017070045242072,-4.036417845601447,-6.048730518260667,-5.526578071486307,0
b2AR-decoy_2442,C/C(=C\c1ccc(S(C)(=O)=O)cc1)c1ccc2c(c1)C(C)(C)CCC2(C)C,-10.096,-7.889438011178514,-7.332246088469882,-6.749336949542791,-6.219315787273159,-5.941868893096185,-5.25707004524207,-5.039417845601447,-6.193730518260667,-6.290578071486307,0
b2AR-decoy_2443,CCCc1c(Cl)c(=O)oc2c3c(c4c(c12)OC(c1ccccc1)C=C4)OC(C)CC3=O,-10.281,-8.994438011178515,-8.117246088469882,-6.402336949542789,-6.311315787273159,-6.600868893096184,-4.245070045242072,-5.844417845601447,-7.226730518260666,-7.1145780714863065,0
b2AR-decoy_2444,C=C(C=O)[C@@H]1CC[C@]2(C)CC[C@]3(C)[C@H](CC[C@@H]4[C@@]5(C)CCC(=O)C(C)(C)[C@@H]5CC[C@]43C)[C@@H]12,-9.631,-9.318438011178516,-6.82824608846988,-6.47833694954279,-6.439315787273159,-5.341868893096185,-4.146070045242071,-5.345417845601446,-7.508730518260666,-6.389578071486307,0
b2AR-decoy_2445,C=C(C)[C@@H]1CC[C@]2(C=O)CC[C@]3(C)[C@H](CC[C@@H]4[C@@]5(C)CC[C@@H](O)C(C)(C)[C@@H]5CC[C@]43C)[C@@H]12,-9.749,-7.4384380111785156,-7.1772460884698805,-6.52333694954279,-6.720315787273158,-5.092868893096185,-5.109070045242071,-5.147417845601447,-7.011730518260666,-6.032578071486306,0
b2AR-decoy_2446,Clc1ccc(C(Cn2ccnc2)OCc2ccccc2Cl)c(Cl)c1,-8.581,-6.758438011178516,-6.25124608846988,-5.354336949542789,-5.329315787273158,-4.296868893096185,-3.881070045242071,-3.639417845601447,-5.4877305182606655,-5.950578071486307,0
b2AR-decoy_2447,CCC(=O)N(N=Nc1cc(C(F)(F)F)ccc1C#N)c1cc(C(F)(F)F)ccc1C#N,-9.301,-7.039438011178515,-6.914246088469881,-5.32033694954279,-5.738315787273159,-5.023868893096184,-4.855070045242071,-4.489417845601446,-6.5197305182606655,-6.387578071486306,0
b2AR-decoy_2448,Cc1cnc(Sc2nc3cc(Cl)c(Cl)cc3nc2C(F)(F)F)s1,-8.429,-6.368438011178515,-6.285246088469881,-4.92233694954279,-5.088315787273158,-4.228868893096184,-3.766070045242071,-3.2854178456014465,-5.324730518260666,-5.668578071486307,0
b2AR-decoy_2449,CCCCSC1=CC(=O)C(C[C@]2(C)[C@@H](C)CC[C@]3(C)C(C)=CCC[C@H]32)=CC1=O,-9.32,-7.216438011178516,-6.6722460884698815,-5.781336949542789,-5.254315787273159,-5.1138688930961855,-3.924070045242072,-4.156417845601446,-5.895730518260667,-5.462578071486307,0
b2AR-decoy_245,C[C@H](NC(=O)C(C)(F)F)[C@H](Oc1ccc2c(cnn2c2cccc(C(=O)N3CCC[C@@H]3C(N)=O)c2)c1)c1ccc2c(c1)OCCO2,-11.853,-9.762438011178515,-8.915246088469882,-8.42433694954279,-8.558315787273159,-7.013868893096184,-6.633070045242072,-5.939417845601447,-7.705730518260667,-8.922578071486306,0
b2AR-decoy_2450,CCc1cncc(C2=CC[C@H]3[C@@H]4CC[C@H]5C[C@@H](OC)CC[C@]5(C)[C@H]4CC[C@]23C)c1,-10.807,-8.917438011178515,-7.605246088469881,-7.79133694954279,-6.370315787273158,-6.630868893096185,-5.525070045242071,-5.094417845601447,-7.844730518260667,-6.4895780714863065,0
b2AR-decoy_2451,CC(C)(C(=O)/C=C/c1ccccc1C(F)(F)F)C(=O)/C=C/c1ccccc1C(F)(F)F,-10.41,-7.9674380111785155,-7.69024608846988,-6.39433694954279,-6.690315787273159,-6.019868893096184,-5.056070045242072,-4.839417845601448,-7.483730518260666,-7.188578071486306,0
b2AR-decoy_2452,CCOc1cc(c2ccc(OC(=O)c3ccccc3F)cc2)cc(=O)c2c(C)oc(C)c12,-9.635,-8.285438011178515,-6.779246088469881,-6.59333694954279,-5.599315787273158,-5.090868893096184,-4.585070045242071,-4.384417845601448,-7.298730518260667,-7.504578071486307,0
b2AR-decoy_2453,C=C[C@@]1(C)CC=C2[C@@H](CC[C@@H]3[C@](C)(C(=O)OCc4ccc(Cl)cc4)CCC[C@@]23C)C1,-10.93,-9.999438011178515,-8.97524608846988,-8.75833694954279,-7.181315787273158,-7.112868893096184,-5.85307004524207,-5.710417845601446,-7.9877305182606655,-8.774578071486307,0
b2AR-decoy_2454,COc1ccc2c(c1)CC[C@@H]1[C@@H]2CC[C@@]2(C)[C@H]1C[C@H]1CCCC[C@]12C(C)=O,-9.667,-9.087438011178516,-6.51724608846988,-6.656336949542789,-6.135315787273159,-6.146868893096185,-5.09007004524207,-4.701417845601448,-7.323730518260666,-6.479578071486307,0
b2AR-decoy_2455,Cc1cc(OCc2ccccc2)c2c(c1)C(=O)c1cccc(OCc3ccccc3)c1C2=O,-10.854,-8.199438011178515,-8.470246088469882,-6.793336949542789,-6.769315787273159,-6.420868893096184,-6.17707004524207,-5.643417845601446,-7.396730518260666,-8.123578071486307,0
b2AR-decoy_2456,CC(C)C1=C(Sc2ccccc2)c2ccc3c(c2C(=O)C1=O)CCCC3(C)C,-10.159,-8.614438011178516,-7.1132460884698805,-6.41333694954279,-5.870315787273158,-6.0818688930961855,-5.595070045242071,-5.684417845601447,-7.119730518260667,-7.296578071486307,0
b2AR-decoy_2457,O=C(/C=C/C1=Cc2c(ccc3ccccc23)OC1)c1ccccc1Br,-10.465,-8.626438011178514,-7.514246088469882,-6.655336949542789,-6.572315787273158,-6.011868893096185,-5.689070045242071,-5.819417845601446,-7.468730518260667,-8.064578071486306,0
b2AR-decoy_2458,O=C1CC(c2ccccc2)c2c(ccc3cc(c4ccc(c5ccccc5)cc4)ccc23)O1,-10.895,-8.767438011178514,-8.52624608846988,-7.40433694954279,-6.889315787273159,-6.1638688930961845,-5.877070045242071,-5.405417845601447,-7.363730518260667,-6.609578071486306,0
b2AR-decoy_2459,CCC1(CC)CC(c2ccc(F)cc2)=C(c2ccc(S(C)(=O)=O)cc2)C1,-8.899,-7.354438011178516,-6.482246088469882,-5.707336949542789,-5.428315787273158,-5.185868893096185,-4.06807004524207,-4.048417845601447,-5.458730518260666,-5.697578071486307,0
b2AR-decoy_246,C[C@H]1CN([C@@H](C)CO)C(=O)c2cc(NC(=O)Cc3cn(C)c4ccccc34)ccc2O[C@H]1CN(C)S(=O)(=O)c1ccc(F)cc1,-8.821,-6.709438011178515,-6.352246088469881,-4.97033694954279,-4.816315787273158,-5.9568688930961855,-4.197070045242072,-4.185417845601448,-6.133730518260666,-5.827578071486306,0
b2AR-decoy_2460,CC1(C)[C@H]2CC[C@]1(C)[C@H](OP(=S)(S)O[C@@H]1C[C@@H]3CC[C@@]1(C)C3(C)C)C2,-8.456,-7.527438011178516,-6.128246088469881,-5.57433694954279,-4.222315787273159,-4.145868893096186,-3.424070045242071,-3.6944178456014463,-5.6717305182606665,-4.668578071486307,0
b2AR-decoy_2461,Cc1ccc(C2OOC(c3ccc(/C=N\c4ccc(Cl)cc4)cc3)OO2)cc1,-10.346,-8.509438011178515,-7.48824608846988,-6.733336949542791,-6.438315787273158,-5.734868893096184,-5.78907004524207,-4.861417845601446,-6.875730518260667,-7.671578071486307,0
b2AR-decoy_2462,Cc1ccc(C(C)C)c(OC(=O)/C=C/c2ccc(Cl)cc2Cl)c1,-9.063,-7.210438011178516,-6.481246088469881,-5.38433694954279,-5.069315787273158,-4.192868893096184,-4.450070045242072,-2.898417845601447,-5.1237305182606665,-5.976578071486307,0
b2AR-decoy_2463,CCCCCc1ccc(n2ncc(Cl)c(Oc3ccc(OC)cc3)c2=O)cc1,-8.697,-6.918438011178516,-6.224246088469881,-5.171336949542789,-5.024315787273158,-4.427868893096186,-5.046070045242072,-4.003417845601447,-5.701730518260666,-5.613578071486307,0
b2AR-decoy_2464,O=S(=O)(Oc1ccc(c2ccc3sccc3c2)cc1)c1ccccc1,-9.558,-7.262438011178515,-6.528246088469881,-5.42633694954279,-5.329315787273158,-4.132868893096184,-5.05507004524207,-4.494417845601447,-6.949730518260667,-6.983578071486306,0
b2AR-decoy_2465,COC(=O)c1ccc(/C=C/c2ccc(/C=C/c3ccncc3)cc2)cc1,-9.408,-7.264438011178514,-6.566246088469882,-5.91633694954279,-6.007315787273159,-4.873868893096185,-4.439070045242071,-4.513417845601447,-6.3017305182606655,-6.257578071486307,0
b2AR-decoy_2466,C=C(C(=O)OCCCCCCBr)[C@@H]1CC[C@H](C)[C@@H]2CC(=O)C(C)=C2C1,-6.8,-4.502438011178515,-4.325246088469881,-3.283336949542789,-3.3763157872731586,-2.566868893096185,-1.6270700452420712,-1.792417845601447,-3.9057305182606665,-3.4845780714863066,0
b2AR-decoy_2467,O=C(/C(=C(\C1=Cc2ccccc2CC1)c1ccccc1)c1ccccc1)N1CCCC1,-10.845,-8.423438011178515,-9.38124608846988,-7.49433694954279,-7.820315787273158,-6.914868893096184,-6.908070045242072,-5.925417845601446,-7.571730518260667,-7.933578071486307,0
b2AR-decoy_2468,O=C(N(C1=CCCC1)N(c1ccccc1)c1ccccc1)C(F)(F)F,-8.232,-6.463438011178516,-6.553246088469882,-5.38433694954279,-5.365315787273158,-4.360868893096185,-2.416070045242071,-3.0994178456014465,-5.534730518260666,-5.095578071486306,0
b2AR-decoy_2469,CCCCC[C@@H]1CC2C(CCC3(C)C(=O)CCC23)C2(C)C=CC(=O)C=C12,-10.005,-8.144438011178515,-7.19024608846988,-6.380336949542789,-5.677315787273159,-5.834868893096184,-4.779070045242071,-4.787417845601446,-7.063730518260666,-7.010578071486307,0
b2AR-decoy_247,C[C@H]1CN([C@H](C)CO)C(=O)c2cc(NS(=O)(=O)c3cccs3)ccc2O[C@@H]1CN(C)S(=O)(=O)c1ccc(F)cc1,-7.878,-5.850438011178516,-5.123246088469881,-4.37733694954279,-4.482315787273159,-4.265868893096185,-3.397070045242071,-2.736417845601447,-5.005730518260666,-5.463578071486307,0
b2AR-decoy_2470,CC(C)=CCC/C(C)=C/CCC1=C[C@H](c2ccc(C(C)C)cc2)OC1=O,-9.027,-7.226438011178516,-6.410246088469881,-5.498336949542789,-5.054315787273158,-4.074868893096184,-4.252070045242071,-3.852417845601448,-5.9827305182606665,-5.775578071486306,0
b2AR-decoy_2471,Clc1ccc(/N=C/c2c(Sc3ccc(Cl)cc3)nc3sccn23)cc1,-9.096,-7.316438011178516,-7.207246088469882,-5.44333694954279,-5.328315787273159,-4.709868893096184,-4.384070045242071,-4.082417845601446,-5.699730518260667,-5.919578071486306,0
b2AR-decoy_2472,N#Cc1c(C(F)(F)F)cc(c2cccs2)nc1SCc1ccccc1F,-9.35,-7.881438011178515,-6.761246088469882,-5.56833694954279,-5.460315787273158,-4.891868893096184,-4.204070045242071,-3.952417845601447,-5.788730518260666,-6.110578071486307,0
b2AR-decoy_2473,Cc1oc(c2cccc(Cl)c2)nc1CSc1nnc(C)n2c1cc1occc12,-11.088,-8.894438011178515,-7.864246088469882,-7.68933694954279,-5.843315787273159,-5.968868893096184,-5.922070045242071,-4.882417845601447,-6.990730518260666,-7.629578071486307,0
b2AR-decoy_2474,CC(C)Cc1cccc(/C=C/[C@@H]2[C@@H]3[C@@H](C)OC(=O)[C@@H]3C[C@@H]3CCCC[C@H]32)n1,-10.197,-8.329438011178516,-7.761246088469882,-6.7033369495427895,-6.612315787273159,-6.107868893096185,-5.515070045242071,-6.094417845601447,-7.348730518260666,-7.081578071486307,0
b2AR-decoy_2475,CCOP1(=O)OC(c2ccc(CC)cc2)=Cc2ccc(Cl)cc21,-9.106,-7.514438011178514,-6.615246088469881,-6.233336949542791,-5.471315787273159,-4.970868893096185,-4.623070045242072,-4.319417845601446,-5.899730518260666,-6.210578071486307,0
b2AR-decoy_2476,CN(Cc1ccc(CN(C)c2ccc(F)cc2)cc1)c1ccc(F)cc1,-8.311,-7.301438011178515,-5.965246088469881,-5.075336949542789,-4.999315787273158,-4.111868893096185,-3.919070045242071,-3.8734178456014474,-6.115730518260666,-6.305578071486307,0
b2AR-decoy_2477,CC(C)CCCC(C)C1CCC2C3CCC4N(C)C(=O)CC[C@]4(C)C3CC[C@]12C,-10.229,-8.629438011178515,-6.89224608846988,-6.28833694954279,-5.731315787273159,-5.9248688930961855,-4.78607004524207,-4.843417845601447,-6.548730518260667,-6.978578071486307,0
b2AR-decoy_2478,Clc1ccccc1C(Cc1c(Cl)cccc1Cl)Cn1ccnc1,-8.384,-6.627438011178516,-6.084246088469881,-4.982336949542789,-4.814315787273159,-4.4248688930961855,-3.147070045242071,-2.943417845601447,-5.178730518260666,-4.9285780714863066,0
b2AR-decoy_2479,CCCc1nnn(c2c(Cl)cc(C(F)(F)F)cc2Cl)c1CCl,-7.993,-6.453438011178514,-5.875246088469881,-4.55833694954279,-5.0513157872731576,-4.268868893096185,-3.2420700452420714,-2.9584178456014465,-5.221730518260666,-4.982578071486307,0
b2AR-decoy_248,CNC(=O)c1ccc(/C=C/C(=O)NCC(=O)N(C)c2ccc(Cl)c(COc3cccc4c3nc(C)cc4n3ccnc3)c2Cl)cc1,-10.337,-8.501438011178514,-8.419246088469881,-7.22433694954279,-6.852315787273158,-5.995868893096185,-6.072070045242072,-6.145417845601447,-7.062730518260667,-7.446578071486307,0
b2AR-decoy_2480,COc1ccc([C@H]2CC(=O)C=C(/C=C/c3ccc(Cl)cc3)C2)cc1,-9.597,-8.132438011178515,-7.48524608846988,-6.64433694954279,-6.237315787273159,-5.271868893096185,-4.685070045242071,-4.386417845601446,-6.332730518260666,-6.605578071486306,0
b2AR-decoy_2481,CN(C)c1ccc(C2(c3ccc(N(C)C)cc3)C=Cc3ccccc3O2)cc1,-9.886,-7.658438011178514,-6.856246088469881,-6.40733694954279,-6.071315787273159,-4.803868893096185,-4.655070045242072,-4.355417845601448,-6.2697305182606655,-7.086578071486306,0
b2AR-decoy_2482,c1ccc2c(c1)Oc1ccccc1C2(Cc1ccncc1)Cc1ccncc1,-8.414,-6.2384380111785145,-6.435246088469881,-4.8123369495427895,-5.249315787273158,-5.453868893096185,-2.7610700452420707,-3.568417845601447,-5.647730518260666,-5.939578071486306,0
b2AR-decoy_2483,CCc1nnc(SCc2c(F)cccc2Cl)c2cc3sccc3n12,-9.054,-7.137438011178515,-6.173246088469881,-5.75933694954279,-4.756315787273159,-4.721868893096184,-4.279070045242071,-3.5864178456014475,-5.595730518260666,-5.938578071486306,0
b2AR-decoy_2484,Cc1cc(=O)oc2cc(OCc3cc(c4ccc(Cl)c(Cl)c4)no3)ccc12,-11.1,-9.041438011178515,-8.162246088469882,-7.501336949542789,-6.273315787273159,-6.161868893096186,-5.774070045242072,-5.540417845601446,-7.451730518260666,-7.464578071486306,0
b2AR-decoy_2485,CC1=C(C/C=C(\C)CC/C=C(\C)Cc2cccc(C)c2)C(=O)c2ccccc2C1=O,-10.622,-8.897438011178515,-7.7492460884698815,-6.85333694954279,-6.222315787273159,-5.569868893096185,-4.20907004524207,-4.912417845601446,-7.106730518260667,-7.341578071486307,0
b2AR-decoy_2486,Cc1ccc(Sc2cncc3sc(C(=O)c4ccccc4)cc23)cc1,-9.842,-7.442438011178515,-7.1242460884698815,-6.309336949542789,-5.449315787273159,-5.587868893096184,-5.639070045242072,-4.681417845601446,-6.415730518260666,-6.370578071486307,0
b2AR-decoy_2487,CCOC(=O)/C=C(C)/C=C/C=C(\C)c1ccc2c(c1)C(C)(C)CCS2,-8.733,-6.503438011178515,-6.025246088469881,-4.76833694954279,-4.906315787273158,-4.449868893096184,-3.835070045242072,-3.4554178456014477,-5.184730518260666,-4.743578071486307,0
b2AR-decoy_2488,CCCCCn1cc(C(=O)c2ccc(CC)c3ccccc23)c2ccccc21,-9.422,-7.429438011178515,-7.303246088469882,-6.104336949542789,-5.534315787273158,-5.185868893096185,-4.694070045242071,-4.474417845601447,-6.138730518260667,-6.149578071486307,0
b2AR-decoy_2489,CC(C)CN(CC(C)C)C(=O)/C=C/C1=C(Cc2ccccc2)c2ccccc2CC1,-9.318,-7.222438011178514,-6.862246088469881,-5.823336949542791,-5.844315787273159,-5.2068688930961855,-4.85307004524207,-4.511417845601446,-6.158730518260667,-6.048578071486306,0
b2AR-decoy_249,CNC(=O)c1ccc(/C=C/C(=O)NCC(=O)N(C)c2ccc(Cl)c(COc3cccc4ccc(C)nc34)c2Cl)cn1,-10.345,-8.203438011178514,-8.47524608846988,-6.685336949542791,-6.489315787273158,-6.854868893096185,-5.74407004524207,-5.980417845601448,-7.130730518260666,-7.070578071486306,0
b2AR-decoy_2490,COc1ccc(C2(c3ccc(OC)cc3)Sc3ccccc3-n3cccc32)cc1,-8.632,-6.500438011178515,-6.036246088469881,-4.67733694954279,-5.031315787273158,-4.552868893096186,-4.095070045242071,-4.161417845601447,-5.0837305182606665,-5.748578071486307,0
b2AR-decoy_2491,CC(C)(C)c1cc2c(OCc3cc(c4ccc(Cl)cc4)no3)ncnc2s1,-9.842,-7.612438011178515,-7.317246088469881,-6.264336949542789,-5.936315787273159,-4.693868893096184,-4.719070045242072,-4.679417845601448,-6.133730518260666,-6.899578071486307,0
b2AR-decoy_2492,Cc1nc2cc(OC(=O)N(C)Cc3cccc(c4ccncc4)c3)ccc2s1,-10.098,-8.081438011178514,-7.11024608846988,-6.33133694954279,-5.598315787273158,-5.598868893096185,-4.736070045242071,-5.018417845601446,-5.617730518260666,-6.783578071486307,0
b2AR-decoy_2493,Cc1cc(Cl)ccc1Oc1coc(/C=C/c2ccccc2)cc1=O,-9.977,-7.586438011178515,-6.9512460884698815,-6.582336949542789,-5.858315787273158,-5.402868893096185,-5.001070045242072,-4.513417845601447,-6.4217305182606665,-7.026578071486307,0
b2AR-decoy_2494,CCCCCc1cc2c(c(N(C)C)c1)C1=C(CCC(C)C1)C(C)(C)O2,-8.736,-7.296438011178514,-6.620246088469882,-5.2353369495427895,-5.436315787273159,-4.853868893096184,-4.484070045242071,-4.257417845601447,-5.542730518260667,-6.040578071486307,0
b2AR-decoy_2495,COc1cccc(C(=O)c2oc3ccc4c(C)cc(=O)oc4c3c2c2ccccc2)c1,-9.817,-8.719438011178514,-8.44624608846988,-7.290336949542789,-6.917315787273159,-7.161868893096186,-4.770070045242072,-5.682417845601448,-7.207730518260666,-7.272578071486306,0
b2AR-decoy_2496,CCCCCCC(C)(C)c1ccc(c2cc(C)cc(C)c2)c(C(=O)OC)c1,-8.346,-6.113438011178515,-5.895246088469881,-4.671336949542789,-4.256315787273159,-3.8268688930961847,-3.6750700452420713,-2.4724178456014467,-4.6557305182606665,-5.512578071486306,0
b2AR-decoy_2497,C=CCSc1nnc(c2ccco2)n1c1ccc(OCc2ccccc2)cc1,-8.495,-6.756438011178515,-5.810246088469881,-5.387336949542791,-4.076315787273159,-4.369868893096184,-3.9300700452420703,-3.7904178456014463,-5.7807305182606665,-5.433578071486307,0
b2AR-decoy_2498,CCc1ccc2nc(c3ccc(n4nnc5cc(OC)ccc54)c(C)c3)sc2c1,-8.826,-7.031438011178516,-6.215246088469881,-4.91733694954279,-4.757315787273159,-4.193868893096184,-3.384070045242071,-3.722417845601447,-5.525730518260666,-6.166578071486306,0
b2AR-decoy_2499,CCc1nnc(SCc2ccc(F)cc2Cl)c2cc3sc(C)cc3n12,-9.23,-7.2174380111785155,-7.114246088469882,-5.793336949542789,-5.874315787273158,-5.334868893096184,-4.3880700452420704,-4.223417845601446,-6.2857305182606655,-6.780578071486307,0
b2AR-decoy_25,CCC1OC(/C=C/C2CC2)(C(F)(F)F)c2cc(Cl)ccc2NC1=O,-6.831,-5.422438011178516,-4.801246088469881,-3.86933694954279,-3.337315787273158,-3.053868893096185,-2.72907004524207,-2.2084178456014465,-4.545730518260666,-4.305578071486306,0
b2AR-decoy_250,CC(C)C[C@H]([NH3+])C(=O)Nc1ccc(C(=O)N[C@@H](Cc2c[nH]c3ccccc23)C(=O)[O-])cc1OCCc1c[nH]c2ccccc12,-10.514,-8.703438011178514,-8.12224608846988,-6.51333694954279,-7.124315787273158,-5.926868893096184,-6.121070045242071,-5.588417845601446,-7.248730518260666,-8.032578071486306,0
b2AR-decoy_2500,Cc1ccc(OC2=C(Sc3ccccc3)C(=O)c3ccccc3C2=O)cc1,-10.3,-7.941438011178516,-7.539246088469881,-6.123336949542789,-6.249315787273158,-6.1348688930961846,-5.097070045242072,-4.707417845601446,-5.955730518260667,-6.736578071486306,0
b2AR-decoy_2501,CCN(/C(=C\C(=O)/C=C/C1=C(C)CCCC1(C)C)SC)c1ccccc1,-9.103,-6.775438011178515,-6.602246088469881,-4.93233694954279,-5.273315787273159,-4.675868893096185,-4.376070045242072,-3.973417845601446,-5.580730518260667,-5.526578071486307,0
b2AR-decoy_2502,C=C(C)C(=O)c1ccc(OCc2nc(c3ccc([N+](=O)[O-])cc3)cs2)cc1Cl,-9.75,-7.7014380111785155,-6.987246088469881,-6.354336949542789,-5.790315787273158,-5.526868893096184,-4.80207004524207,-4.447417845601446,-6.576730518260666,-6.376578071486307,0
b2AR-decoy_2503,CCN(c1ccc(C#N)c(Cl)c1)c1cc(c2ccoc2)ccc1C,-8.947,-6.576438011178516,-6.583246088469881,-5.63833694954279,-4.944315787273158,-4.668868893096185,-3.563070045242071,-3.5334178456014467,-5.596730518260667,-5.507578071486307,0
b2AR-decoy_2504,Cc1cc(C)n(CCc2nc(c3ccc(C(C)(C)C)cc3)cs2)n1,-10.06,-8.180438011178515,-7.419246088469881,-6.14133694954279,-6.463315787273158,-5.537868893096185,-4.165070045242072,-4.547417845601446,-5.711730518260666,-6.404578071486306,0
b2AR-decoy_2505,Cc1occc1/C(S)=N\c1ccc(Cl)c(COC(C)(C)C)c1,-8.009,-5.743438011178515,-5.408246088469881,-4.69733694954279,-4.222315787273159,-4.228868893096184,-3.9170700452420704,-3.007417845601447,-4.959730518260667,-4.911578071486307,0
b2AR-decoy_2506,Cc1oc(c2cccc(Cl)c2)nc1CSc1nncn2c1cc1occc12,-11.367,-8.465438011178515,-7.723246088469882,-7.04133694954279,-6.485315787273159,-6.050868893096185,-5.647070045242071,-4.784417845601446,-6.5147305182606665,-7.322578071486307,0
b2AR-decoy_2507,O=C1/C(=C/c2ccc(N3CCCC3)cc2)CCC/C1=C\c1ccc(N2CCCC2)cc1,-9.859,-8.381438011178515,-7.1082460884698815,-6.17933694954279,-6.028315787273158,-5.920868893096184,-5.272070045242071,-4.699417845601447,-6.3947305182606655,-6.367578071486307,0
b2AR-decoy_2508,C=CCn1c(=Nc2ccc(Cl)cc2)sc(C)c1c1ccccc1,-9.003,-6.8794380111785145,-6.070246088469881,-5.54133694954279,-5.179315787273158,-4.591868893096185,-4.066070045242071,-3.7484178456014474,-5.379730518260667,-5.650578071486306,0
b2AR-decoy_2509,N#Cc1ccc(c2cccs2)nc1SCc1c(F)cccc1Cl,-8.324,-6.398438011178515,-6.228246088469881,-4.95433694954279,-5.640315787273158,-4.1138688930961855,-3.781070045242071,-3.2724178456014466,-5.289730518260666,-5.540578071486307,0
b2AR-decoy_251,COc1ccc(S(=O)(=O)N(CC(C)C)C[C@@H](O)[C@H](Cc2ccccc2)NC(=O)c2cccc(C(=O)N(C)Cc3nc(C)oc3C)c2)cc1,-9.53,-8.034438011178516,-7.3422460884698815,-6.406336949542789,-6.122315787273159,-5.903868893096185,-4.886070045242072,-5.490417845601447,-6.999730518260666,-6.452578071486306,0
b2AR-decoy_2510,CCCN1N=C2/C(=C/c3ccccc3)CSCC2C1c1ccccc1,-9.934,-8.076438011178515,-7.278246088469881,-6.27033694954279,-6.182315787273158,-5.776868893096184,-5.537070045242071,-4.677417845601447,-6.132730518260667,-6.910578071486306,0
b2AR-decoy_2511,CCCCSC1=C2CCC3C4CCC(=O)C4(C)CCC3C2(C)CCC1=O,-9.849,-8.634438011178515,-6.830246088469881,-6.108336949542791,-5.425315787273158,-5.601868893096185,-5.30207004524207,-5.125417845601447,-6.380730518260666,-6.812578071486307,0
b2AR-decoy_2512,CC(C)CCn1c2ccc(C3CCCCO3)cc2c2c3c(c4c(c21)CCc1nn(C)cc1-4)C(=O)NC3,-10.179,-8.028438011178515,-7.759246088469881,-6.646336949542789,-6.023315787273159,-5.2598688930961846,-4.758070045242072,-5.327417845601447,-6.658730518260667,-7.0215780714863065,0
b2AR-decoy_2513,COc1ccc(Oc2cc(C)c(c3csc(NC(=O)c4ccncc4)n3)c(C)c2)cc1,-9.759,-7.817438011178515,-7.135246088469881,-6.498336949542789,-5.298315787273159,-5.5338688930961855,-4.544070045242071,-4.280417845601447,-5.593730518260667,-6.653578071486306,0
b2AR-decoy_2514,Cc1cccc(c2ccc(F)c(F)c2)c1Oc1ccc(S(=O)(=O)Nc2ncns2)cc1C#N,-10.949,-8.016438011178515,-7.884246088469881,-7.220336949542789,-6.186315787273159,-5.7838688930961855,-4.881070045242071,-5.375417845601447,-6.334730518260667,-6.626578071486307,0
b2AR-decoy_2515,O=C(OCCC12C[C@H]3C[C@@H](C1)C[C@@H](C2)C3)c1cc(/N=C/c2cc(O)ccc2O)ccc1O,-10.64,-8.825438011178516,-7.840246088469881,-5.964336949542791,-6.122315787273159,-5.871868893096185,-5.45907004524207,-5.2774178456014464,-6.512730518260666,-7.367578071486307,0
b2AR-decoy_2516,Cc1nc(c2ccc(Cl)cc2)sc1C(=O)CSc1nc(c2ccccc2)c(C#N)c(=O)[nH]1,-10.643,-8.438438011178516,-7.183246088469881,-6.9693369495427895,-5.959315787273159,-5.078868893096185,-5.145070045242072,-4.757417845601447,-6.073730518260666,-7.230578071486306,0
b2AR-decoy_2517,CC(C)(C)NC(=O)C(c1cccnc1)N(C(=O)c1ccco1)c1ccc(c2ccc(F)c(F)c2)cc1,-10.275,-8.310438011178515,-7.835246088469882,-6.685336949542791,-6.302315787273159,-5.844868893096185,-5.66407004524207,-5.553417845601446,-7.004730518260667,-7.150578071486306,0
b2AR-decoy_2518,Cc1cccc(C(C)(C)C)c1OC(=O)NS(=O)(=O)Oc1c(C(C)C)cccc1C(C)C,-8.99,-7.178438011178516,-6.148246088469881,-5.60633694954279,-5.090315787273159,-5.411868893096186,-3.988070045242072,-3.600417845601447,-5.337730518260666,-5.701578071486306,0
b2AR-decoy_2519,Cc1ccccc1C1CCc2cc(Oc3ncc(CNC(=O)c4ccno4)s3)ccc2O1,-10.908,-8.756438011178515,-7.790246088469882,-7.399336949542789,-6.947315787273158,-6.248868893096185,-5.594070045242072,-6.005417845601446,-7.815730518260667,-8.437578071486307,0
b2AR-decoy_252,CCCCN(CCCC)S(=O)(=O)N[C@@H]1c2cc3c(cc2[C@@H](c2cc(OC)c(O)c(OC)c2)[C@H]2C(=O)OC[C@H]12)OCO3,-9.356,-6.885438011178515,-6.631246088469881,-6.35333694954279,-5.599315787273158,-4.995868893096185,-4.393070045242071,-4.569417845601446,-6.277730518260666,-6.452578071486306,0
b2AR-decoy_2520,CC(=O)Nc1ccc(NC(=O)c2ccc(NS(=O)(=O)c3cc(C(C)(C)C)ccc3C)cc2)cc1,-10.57,-8.352438011178515,-8.194246088469882,-7.11633694954279,-6.031315787273158,-5.948868893096185,-4.926070045242071,-4.361417845601446,-5.802730518260667,-7.383578071486307,0
b2AR-decoy_2521,N#Cc1c(N)nc(SCc2csc(c3cccc(F)c3)n2)c(C#N)c1c1ccc(O)cc1,-9.158,-7.203438011178514,-6.8742460884698815,-5.65733694954279,-5.186315787273159,-4.869868893096184,-4.047070045242071,-4.492417845601446,-6.266730518260667,-6.586578071486306,0
b2AR-decoy_2522,C[C@H](Oc1ccc(c2nc(c3ccc4[nH]cnc4c3)no2)cc1C(F)(F)F)C(F)(F)F,-10.055,-8.778438011178515,-7.394246088469881,-6.871336949542791,-6.702315787273159,-6.166868893096185,-5.406070045242071,-5.056417845601446,-6.760730518260667,-7.409578071486306,0
b2AR-decoy_2523,CC(C)(C)NC(=O)C(c1cccnc1)N(C(=O)Cc1cccnc1)c1ccc(C(C)(C)C)cc1,-9.625,-7.199438011178515,-7.436246088469881,-6.031336949542789,-6.035315787273159,-5.3848688930961846,-5.051070045242071,-4.351417845601446,-6.0517305182606655,-6.149578071486307,0
b2AR-decoy_2524,O=C(/C=C\c1ccc(Br)cc1)N1N=C(c2ccncc2)OC1c1c[nH]c2ccccc12,-11.201,-8.660438011178515,-8.191246088469882,-8.06833694954279,-7.158315787273159,-6.760868893096184,-6.160070045242071,-5.441417845601446,-6.725730518260667,-7.320578071486306,0
b2AR-decoy_2525,COC(=O)N[C@@H]1CC[C@@H]2[C@@H](C1)C[C@H]1C(=O)O[C@H](C)[C@H]1[C@H]2/C=C/c1ccc(c2cccc(F)c2)cn1,-11.024,-9.903438011178515,-8.186246088469881,-8.015336949542789,-6.474315787273158,-6.943868893096184,-6.033070045242072,-6.408417845601447,-8.562730518260667,-9.055578071486307,0
b2AR-decoy_2526,Cc1cc(c2c(F)cc3c(=O)c(Cc4c(O)cc(O)cc4O)cn(C4CC4)c3c2F)cc(C)n1,-9.153,-7.484438011178515,-6.89224608846988,-6.1263369495427895,-6.364315787273158,-4.872868893096184,-4.894070045242071,-4.306417845601446,-6.7327305182606665,-6.609578071486306,0
b2AR-decoy_2527,Clc1c[nH]nc1c1nc(c2ccc(Oc3ccc(I)cc3)cc2)no1,-10.306,-8.276438011178515,-6.870246088469882,-6.964336949542791,-6.141315787273159,-5.365868893096184,-5.051070045242071,-4.206417845601447,-6.087730518260667,-6.737578071486306,0
b2AR-decoy_2528,COc1ccc(c2nc3sc(C)nn3c2/C=N/Nc2nc(c3ccc(C)cc3)cs2)cc1,-10.637,-8.725438011178515,-7.583246088469881,-7.18633694954279,-6.236315787273158,-6.027868893096185,-5.700070045242072,-5.231417845601447,-6.417730518260667,-7.568578071486307,0
b2AR-decoy_2529,Cc1cc(C(=O)Nc2ccc(c3cccnc3)cc2)n(Cc2csc(N3CCCCC3)n2)c1,-10.146,-9.154438011178517,-7.569246088469882,-7.69333694954279,-6.576315787273158,-5.681868893096185,-5.06807004524207,-5.858417845601446,-7.009730518260666,-7.977578071486306,0
b2AR-decoy_253,COc1ccc(S(=O)(=O)N(C)C[C@@H]2Oc3c(NS(=O)(=O)c4ccc(Cl)cc4)cccc3C(=O)N([C@@H](C)CO)C[C@H]2C)cc1,-7.446,-6.334438011178515,-5.813246088469882,-4.40633694954279,-4.654315787273158,-3.9518688930961847,-3.3190700452420714,-3.3394178456014467,-5.023730518260666,-5.368578071486306,0
b2AR-decoy_2530,C/C(=N\OC(C)C)c1ccc2c(c1)c1c3c(c4c(c1n2C(C)C)CCc1nn(C)cc1-4)C(=O)NC3,-9.498,-7.742438011178516,-7.055246088469881,-5.964336949542791,-6.129315787273159,-5.063868893096185,-3.5640700452420706,-4.222417845601447,-6.543730518260666,-7.086578071486306,0
b2AR-decoy_2531,CCC(C)C(=O)O[C@@H]1c2cc3c(c(O)c2-c2c(cc(OC)c(OC)c2OC)C[C@@H](C)[C@H]1C)OCO3,-6.98,-5.332438011178515,-5.145246088469881,-4.22233694954279,-3.7163157872731594,-3.122868893096185,-2.7080700452420707,-2.545417845601447,-4.420730518260666,-3.7395780714863065,0
b2AR-decoy_2532,COc1ccn2nc(C)c(C(=O)NCc3ccc(c4ccc(OC(F)(F)F)cc4)cc3F)c2c1,-10.363,-7.699438011178515,-7.117246088469882,-5.589336949542791,-5.613315787273159,-5.122868893096184,-5.045070045242071,-4.888417845601447,-6.270730518260667,-6.526578071486307,0
b2AR-decoy_2533,COc1cc(/C=C/C(=O)c2cccc(n3cc(c4ccccc4C(F)(F)F)nn3)c2)ccc1O,-11.074,-8.330438011178515,-8.05524608846988,-6.94033694954279,-6.179315787273158,-6.199868893096184,-5.663070045242071,-5.864417845601446,-7.1607305182606655,-7.046578071486307,0
b2AR-decoy_2534,Nc1ccccc1NC(=O)/C=C/c1ccc(c2nnc(Cc3cccc4ccccc34)o2)cc1,-11.163,-9.388438011178517,-8.37624608846988,-7.31133694954279,-7.441315787273158,-6.672868893096185,-5.987070045242071,-6.444417845601446,-7.369730518260667,-8.620578071486307,0
b2AR-decoy_2535,COc1ccc(C(=O)/C=C/C2=C/C(=C/NC(C)C)C(=O)c3ccc4c(C)cc(=O)oc4c32)cc1,-9.361,-7.817438011178515,-7.150246088469881,-6.56833694954279,-6.172315787273158,-5.966868893096185,-5.320070045242071,-4.822417845601446,-6.749730518260666,-6.763578071486307,0
b2AR-decoy_2536,Cc1cnccc1c1cc(Cl)ccc1Oc1ccc(S(=O)(=O)Nc2ncns2)cc1C#N,-9.178,-7.216438011178516,-6.67424608846988,-6.28933694954279,-5.299315787273159,-5.092868893096185,-3.870070045242072,-4.911417845601447,-5.830730518260667,-5.7715780714863065,0
b2AR-decoy_2537,Clc1ccc(c2csc(N/N=C(/Cn3cncn3)c3ccc(Br)cc3)n2)cc1,-9.748,-7.978438011178515,-7.218246088469881,-6.45533694954279,-5.659315787273158,-4.9568688930961855,-4.900070045242071,-4.389417845601447,-5.9827305182606665,-6.386578071486307,0
b2AR-decoy_2538,Clc1ccc(Cn2nccc2c2ccc3nnn(c4ccc5cn[nH]c5c4)c3c2)c(Cl)c1,-11.46,-9.642438011178514,-8.12224608846988,-8.65433694954279,-7.720315787273158,-7.184868893096185,-6.95907004524207,-6.284417845601446,-7.460730518260666,-8.164578071486307,0
b2AR-decoy_2539,CC(C)Cn1nc(C(C)(C)C)s/c1=N\C(=O)c1cc(C(F)(F)F)ccc1ONC(C)(C)C,-9.341,-7.120438011178516,-6.970246088469882,-5.45633694954279,-5.742315787273158,-5.214868893096185,-4.732070045242072,-4.319417845601446,-5.868730518260666,-6.118578071486306,0
b2AR-decoy_254,C[C@@H](S[C@H]1CO[C@H](c2ccc(C(=O)Nc3ccc(C#N)c(C#N)c3)cc2)OC1)[C@](O)(Cn1cncn1)c1ccc(F)cc1F,-10.126,-8.281438011178516,-7.973246088469882,-7.137336949542791,-6.291315787273158,-5.781868893096185,-5.309070045242072,-5.475417845601447,-7.441730518260666,-6.968578071486306,0
b2AR-decoy_2540,CN(C)C(=S)Nc1cccc(c2nnc(SCC(=O)c3ccc(Cl)cc3Cl)o2)c1,-9.984,-8.099438011178515,-7.192246088469881,-6.361336949542789,-5.785315787273159,-5.478868893096184,-4.929070045242071,-4.815417845601447,-5.9827305182606665,-6.633578071486307,0
b2AR-decoy_2541,O=C(NCc1ccnc(Cl)c1)c1cnc(Oc2ccc3c(c2)CCC(c2ccsc2)O3)s1,-10.002,-7.681438011178516,-7.182246088469881,-6.16433694954279,-6.280315787273159,-5.499868893096185,-5.154070045242071,-4.864417845601446,-6.350730518260667,-6.966578071486307,0
b2AR-decoy_2542,COc1cc(C)ccc1C(=O)Nc1cc(C#N)ccc1N1CCC(Oc2ccc(F)cc2F)CC1,-9.701,-7.780438011178514,-7.425246088469882,-6.566336949542789,-5.525315787273158,-6.329868893096185,-5.60607004524207,-4.773417845601447,-6.571730518260667,-6.752578071486306,0
b2AR-decoy_2543,O=C(N[C@H]1CC[C@H](O)CC1)c1ccccc1Sc1ccc2c(/C=C/c3ccccn3)n[nH]c2c1,-11.504,-9.090438011178517,-8.88224608846988,-7.99033694954279,-7.574315787273159,-6.765868893096185,-5.431070045242072,-5.641417845601447,-7.527730518260666,-8.064578071486306,0
b2AR-decoy_2544,COc1nc2ccccc2cc1c1cccnc1Oc1ccc(C(=O)c2nc3ccccc3[nH]2)cc1,-10.226,-9.608438011178515,-8.075246088469882,-7.89833694954279,-7.709315787273159,-6.970868893096185,-6.312070045242072,-5.848417845601446,-8.065730518260667,-9.060578071486306,0
b2AR-decoy_2545,CC(/C=C/C=C/CO)=C\[C@@H]1Cc2nc(cs2)CCCCC(=O)O[C@@H](C)C/C(C)=C/C=C\C(=O)O1,-6.518,-4.411438011178515,-4.121246088469881,-3.79533694954279,-3.162315787273158,-2.6158688930961844,-2.11207004524207,-1.7324178456014463,-3.5407305182606663,-3.9015780714863055,0
b2AR-decoy_2546,O=C1OC(c2ccccc2Cl)=N/C1=C/c1ccc(OC(=O)c2ccccc2Cl)c(O)c1,-10.794,-8.454438011178516,-7.55224608846988,-6.896336949542789,-6.488315787273159,-6.228868893096184,-5.804070045242071,-5.285417845601447,-6.949730518260667,-7.783578071486307,0
b2AR-decoy_2547,CC(c1ccccc1)S(=O)(=O)/C=C/c1ccc(C(=O)OC2CC(C)(C)N(O)C(C)(C)C2)cc1,-9.712,-8.251438011178514,-7.196246088469881,-6.678336949542789,-6.206315787273159,-5.471868893096184,-4.60607004524207,-4.848417845601446,-6.1287305182606655,-7.713578071486307,0
b2AR-decoy_2548,Cc1cccc(c2nn(CC(=S)Nc3cccc(C#N)c3)cc2c2ccnc(c3ccccc3)c2)n1,-11.209,-8.214438011178515,-8.48824608846988,-7.57033694954279,-6.896315787273158,-6.534868893096185,-6.032070045242071,-6.219417845601447,-7.626730518260667,-8.490578071486306,0
b2AR-decoy_2549,N#Cc1c(O)nc(SCC(=O)N2c3ccccc3Sc3ccccc32)nc1c1ccccc1,-10.205,-8.114438011178516,-7.817246088469881,-6.4373369495427895,-7.261315787273158,-5.816868893096185,-5.030070045242072,-5.121417845601448,-6.931730518260666,-7.611578071486306,0
b2AR-decoy_255,CSCCc1c(OCCCNC(=O)[C@H](Cc2cccnc2)NC(C)=O)n(c2ccc(Cl)c(Cl)c2)nc1c1cccnc1,-9.726,-7.298438011178515,-7.612246088469881,-6.005336949542789,-5.731315787273159,-5.219868893096185,-4.97507004524207,-4.830417845601447,-6.613730518260667,-6.028578071486306,0
b2AR-decoy_2550,O=c1c(c2cccnc2)nc2ccccc2n1C(CCc1ccccc1)c1nc2ccccc2[nH]1,-11.819,-10.320438011178515,-9.46124608846988,-8.15133694954279,-8.133315787273158,-7.385868893096184,-6.395070045242072,-6.453417845601447,-8.295730518260667,-8.854578071486307,0
b2AR-decoy_2551,Cc1nc(c2ccccc2)sc1C(=O)CSc1nc(c2ccc(Cl)cc2)c(C#N)c(=O)[nH]1,-10.539,-8.548438011178515,-7.618246088469881,-7.26633694954279,-6.221315787273159,-4.562868893096185,-5.123070045242072,-4.894417845601447,-6.277730518260666,-7.313578071486306,0
b2AR-decoy_2552,O=C(NC1CC1)c1ccc(C2CC(=O)N(Cc3ccccc3[N+](=O)[O-])c3ccccc3S2)cc1,-7.964,-6.912438011178516,-5.294246088469881,-4.1663369495427895,-3.414315787273159,-3.537868893096185,-2.9980700452420708,-2.5114178456014464,-4.400730518260667,-4.647578071486307,0
b2AR-decoy_2553,O=c1cc(c2cccc(/C=C/c3ccc4ccccc4n3)c2)oc2ccc(C3=NNN=N3)cc12,-12.648,-10.071438011178516,-9.34224608846988,-8.25133694954279,-7.855315787273158,-7.079868893096185,-8.040070045242071,-7.330417845601447,-8.451730518260666,-9.484578071486306,0
b2AR-decoy_2554,CC(C)=CCCC(C)(O)C1Cc2c(c(CC=C(C)C)c(O)c3c(=O)c4cc(O)ccc4oc23)O1,-9.849,-7.939438011178515,-7.319246088469882,-6.99333694954279,-6.139315787273159,-5.7118688930961845,-5.327070045242071,-5.202417845601447,-7.223730518260666,-6.856578071486307,0
b2AR-decoy_2555,Cc1nc(c2ccccc2Oc2ccc(S(=O)(=O)Nc3ccc(F)cn3)cc2C#N)cs1,-10.035,-7.383438011178516,-7.032246088469881,-6.483336949542791,-5.671315787273159,-5.300868893096185,-4.570070045242071,-4.201417845601448,-6.830730518260667,-6.944578071486307,0
b2AR-decoy_2556,COc1ccc(c2nn(c3ccccc3)cc2/C=C/C(=O)c2ccc(O)c3c2OC(C)(C)C3)cc1,-11.334,-8.575438011178516,-8.076246088469881,-6.68033694954279,-7.148315787273159,-5.963868893096185,-5.828070045242072,-4.785417845601447,-6.9827305182606665,-8.355578071486306,0
b2AR-decoy_2557,Cc1cccc(Cn2cc3c(=O)n(CC(=O)Nc4c(C)cccc4C)nc-3c3cc(F)ccc32)c1,-11.138,-9.990438011178515,-8.58424608846988,-8.02533694954279,-7.772315787273158,-6.664868893096184,-5.046070045242072,-6.239417845601446,-8.018730518260666,-8.677578071486307,0
b2AR-decoy_2558,CC(=O)Nc1nc2c(Oc3cc(C4=CCC(C(F)(F)F)CC4)ncn3)cccc2s1,-11.409,-9.993438011178515,-8.45324608846988,-8.162336949542789,-7.474315787273158,-6.694868893096185,-6.599070045242071,-5.763417845601447,-7.238730518260667,-8.056578071486307,0
b2AR-decoy_2559,CCc1nnc(c2cc(C(=O)N3CCC(F)(c4ccc(C#N)cc4)CC3)ccc2C2CCC2)[nH]1,-10.531,-8.202438011178515,-7.817246088469881,-6.8073369495427904,-6.602315787273158,-5.761868893096185,-6.043070045242072,-4.890417845601446,-7.441730518260666,-7.367578071486307,0
b2AR-decoy_256,CCCCN(CCCC)C(=O)c1cc(C)n(c2ccc(NS(=O)(=O)C(C)C)cc2C(=O)N2Cc3ccccc3C[C@H]2CO)n1,-10.009,-7.523438011178515,-6.5202460884698805,-6.685336949542791,-5.232315787273159,-5.2678688930961854,-4.397070045242071,-4.517417845601447,-6.691730518260666,-6.360578071486307,0
b2AR-decoy_2560,[N-]=[N+]=Nc1ccc(c2nc(c3ccncc3)c(c3cccc(I)c3)[nH]2)cc1,-9.114,-7.323438011178515,-7.046246088469882,-5.91333694954279,-5.579315787273158,-5.006868893096184,-4.3880700452420704,-4.432417845601448,-5.821730518260667,-5.764578071486307,0
b2AR-decoy_2561,O=S(=O)(Nc1ncns1)c1ccc(Oc2ccccc2c2ccccc2)cc1Cl,-10.212,-7.902438011178516,-7.016246088469881,-6.79833694954279,-5.841315787273159,-5.213868893096185,-5.012070045242071,-4.517417845601447,-6.298730518260667,-6.752578071486306,0
b2AR-decoy_2562,COc1ccc(OCC(=O)Nc2nc3ccc(c4nc5cc(Cl)ccc5o4)cc3s2)cc1,-9.908,-7.982438011178516,-6.997246088469881,-6.24033694954279,-6.215315787273159,-5.280868893096185,-4.489070045242071,-4.268417845601446,-5.806730518260666,-6.236578071486306,0
b2AR-decoy_2563,Cc1cccc(NC(=O)C(=O)C(C(=O)c2ccc3ccccc3c2)C2OC(=O)c3ccccc32)c1C,-12.783,-10.746438011178515,-9.93624608846988,-9.034336949542787,-8.778315787273158,-8.269868893096184,-7.174070045242072,-7.767417845601447,-9.256730518260666,-9.813578071486306,0
b2AR-decoy_2564,CCS(=O)(=O)C(C)(C)c1ccc(Oc2ccc(F)cc2F)c(c2cn(C)c(=O)c3[nH]ccc32)c1,-10.629,-8.023438011178515,-7.168246088469882,-6.49733694954279,-6.385315787273159,-5.680868893096184,-4.916070045242071,-4.923417845601447,-6.5517305182606655,-6.415578071486307,0
b2AR-decoy_2565,Cc1ccsc1c1cncc(C#Cc2cncc(c3sccc3C)c2)c1,-8.467,-7.209438011178515,-5.894246088469881,-5.55133694954279,-5.430315787273159,-4.258868893096185,-4.36907004524207,-3.4604178456014463,-4.903730518260667,-5.261578071486307,0
b2AR-decoy_2566,C=C1CC[C@@H]2[C@H](C(C)C)C3=C(O[C@@]2(C)CC[C@@H]2[C@@H]1CC2(C)C)C(C)(C)C(OC)=C(C)C3=O,-7.01,-5.312438011178515,-5.004246088469881,-4.3203369495427895,-4.019315787273158,-3.787868893096185,-2.7480700452420708,-3.6654178456014463,-4.016730518260666,-4.136578071486307,0
b2AR-decoy_2567,[O-][N+]1=C(c2ccccc2)/C(=C2\C(c3ccccc3)=[N+]([O-])c3ccccc32)Cc2ccccc21,-10.055,-8.953438011178514,-7.729246088469882,-6.89533694954279,-7.133315787273158,-5.742868893096185,-3.637070045242071,-5.789417845601447,-7.233730518260666,-6.548578071486306,0
b2AR-decoy_2568,N#C/C(=C\c1ccc(C(F)(F)F)cc1)c1ccc(OCc2c(F)cccc2Cl)cc1,-10.208,-8.519438011178515,-7.11024608846988,-6.342336949542791,-6.130315787273158,-5.5098688930961846,-4.566070045242071,-4.924417845601447,-6.6557305182606665,-6.942578071486306,0
b2AR-decoy_2569,CC(=O)SS[C@]1(Cl)C(C)(C)[C@@](Cl)(SSC(C)=O)C1(C)C,-5.53,-4.720438011178516,-2.992246088469881,-3.4033369495427896,-2.4073157872731583,-2.1458688930961847,-1.012070045242071,-1.010417845601447,-3.4987305182606665,-2.0635780714863063,0
b2AR-decoy_257,COc1ccc(S(=O)(=O)N(C)C[C@H]2Oc3ccc(NS(=O)(=O)c4ccc(F)cc4)cc3CC(=O)N([C@H](C)CO)C[C@H]2C)cc1,-8.028,-6.133438011178516,-5.354246088469881,-4.77133694954279,-4.418315787273158,-4.302868893096186,-3.493070045242071,-3.233417845601447,-4.885730518260666,-5.076578071486306,0
b2AR-decoy_2570,C[C@H]1C[C@H]([C@@H](C)[C@H]2CC[C@H]3[C@@H]4CCC5=CC(=O)C=C[C@]5(C)[C@H]4CC[C@@]32C)OC(=O)[C@@H]1C,-11.488,-10.179438011178515,-8.580246088469881,-7.8553369495427905,-7.679315787273158,-7.5178688930961854,-6.90107004524207,-7.499417845601446,-9.218730518260667,-9.272578071486306,0
b2AR-decoy_2571,CCCCCC(C)(C)c1cc(OC)c2c(c1)OC(C)(C)[C@@H]1CCC(C)=C[C@@H]21,-9.108,-6.6614380111785145,-6.44024608846988,-5.17933694954279,-4.944315787273158,-4.889868893096185,-4.88207004524207,-3.9764178456014463,-5.854730518260666,-5.908578071486307,0
b2AR-decoy_2572,Clc1ccc(CC(Cn2ccnc2)c2ccc(Cl)cc2Cl)c(Cl)c1,-8.664,-6.749438011178516,-6.402246088469882,-5.637336949542791,-5.130315787273158,-4.2838688930961855,-3.8430700452420714,-3.558417845601447,-5.385730518260667,-5.574578071486307,0
b2AR-decoy_2573,O=C1c2ccccc2C(=O)c2c1cc(Sc1ccc3ccccc3c1)c1nsnc21,-12.199,-10.526438011178517,-8.890246088469882,-9.13633694954279,-8.136315787273158,-6.667868893096184,-7.029070045242071,-6.833417845601447,-8.176730518260666,-8.419578071486306,0
b2AR-decoy_2574,C=C(C)C(=O)c1ccc(OCc2nc(c3ccc(C(F)(F)F)cc3)cs2)cc1Cl,-10.08,-7.834438011178515,-7.165246088469882,-7.0173369495427895,-6.4343157872731584,-5.721868893096184,-5.20907004524207,-5.038417845601448,-7.201730518260666,-6.738578071486307,0
b2AR-decoy_2575,Clc1ccc(COC(Cn2ccnc2)c2ccc(Cl)cc2Cl)c(Cl)c1,-8.859,-7.098438011178516,-6.553246088469882,-5.531336949542789,-5.587315787273159,-4.510868893096184,-4.471070045242071,-3.968417845601447,-5.577730518260667,-5.935578071486306,0
b2AR-decoy_2576,Cc1cc2c(C(C)C)ccc(C)c2cc1OC(=O)c1ccc(C(F)(F)F)cc1,-11.12,-8.637438011178515,-8.649246088469882,-7.17933694954279,-6.690315787273159,-6.661868893096186,-6.327070045242071,-5.592417845601446,-7.346730518260667,-7.443578071486307,0
b2AR-decoy_2577,COC(=O)c1c(SC)cc(c2ccc(F)cc2)cc1c1ccc(F)cc1,-8.703,-6.864438011178516,-6.650246088469881,-5.495336949542789,-5.119315787273159,-4.755868893096185,-4.035070045242071,-3.692417845601448,-6.017730518260667,-5.435578071486306,0
b2AR-decoy_2578,Clc1ccc(CC(Cn2ccnc2)c2ccccc2Cl)c(Cl)c1,-8.387,-6.572438011178516,-6.470246088469882,-5.332336949542789,-4.840315787273159,-4.590868893096184,-3.9730700452420713,-3.310417845601447,-5.197730518260666,-5.735578071486307,0
b2AR-decoy_2579,C/C=C(\CC[C@@H](C)[C@H]1CC[C@H]2[C@@H]3CC(=O)C4=CC(=O)CC[C@]4(C)[C@H]3CC[C@@]21C)C(C)C,-10.894,-8.984438011178515,-6.958246088469881,-6.85933694954279,-6.806315787273158,-5.765868893096185,-4.527070045242072,-5.122417845601447,-7.567730518260666,-7.274578071486307,0
b2AR-decoy_258,CCC1=C(OC(=O)N(CC)CC)N2C(=O)O/C(=N\CCc3c[nH]c4ccccc34)[C@]2(Cc2ccccc2)[C@H]2C1=CC[C@H]1C(=O)NC(=O)[C@H]12,-11.234,-8.889438011178514,-8.38224608846988,-7.82733694954279,-7.746315787273158,-6.270868893096186,-5.560070045242071,-6.524417845601446,-7.329730518260666,-7.948578071486306,0
b2AR-decoy_2580,Clc1ccc(C(COc2ccc(Br)cc2)Cn2ccnc2)c(Cl)c1,-8.63,-6.913438011178515,-6.3792460884698805,-5.66333694954279,-5.115315787273158,-4.309868893096185,-3.915070045242072,-3.627417845601446,-5.1237305182606665,-5.663578071486306,0
b2AR-decoy_2581,O=C1CCCCCCCCCC/C(=N/OC(=O)COc2ccc(Cl)cc2)CCCO1,-6.201,-3.979438011178515,-4.133246088469881,-2.9063369495427898,-2.715315787273158,-1.7618688930961843,-1.416070045242071,-1.5804178456014473,-2.8797305182606667,-2.849578071486307,0
b2AR-decoy_2582,CCCCCC[C@H]1C[C@H]2[C@@H]3CCC(=O)[C@@]3(C)CC[C@@H]2[C@@]2(C)CCC(=O)C=C12,-9.739,-7.772438011178515,-7.505246088469882,-6.45833694954279,-5.918315787273158,-5.657868893096184,-5.011070045242072,-4.558417845601447,-6.292730518260667,-6.245578071486307,0
b2AR-decoy_2583,O=C1C(=C2SC(c3ccccc3)(c3ccccc3)c3ccccc32)C(=O)c2ccccc21,-10.928,-8.383438011178516,-8.929246088469881,-7.2943369495427905,-7.3093157872731584,-6.197868893096185,-6.0130700452420704,-5.452417845601447,-7.791730518260666,-8.039578071486307,0
b2AR-decoy_2584,C[C@]12CC[C@H]3[C@H]([C@@H]1CCC2=O)[C@H](SC1CCCCC1)CC1=CC(=O)CC[C@@]13C,-10.456,-8.630438011178516,-8.473246088469882,-7.54133694954279,-6.873315787273159,-6.719868893096185,-5.556070045242072,-5.879417845601447,-7.404730518260667,-7.567578071486306,0
b2AR-decoy_2585,CC1(C)C=Cc2c(c3c(cc2c2cc4ccccc4s2)oc(=O)cc3c2ccccc2)O1,-9.396,-8.442438011178515,-8.144246088469881,-6.2673369495427895,-5.799315787273159,-6.249868893096185,-4.0130700452420704,-5.185417845601448,-6.981730518260667,-6.166578071486306,0
b2AR-decoy_2586,CC(C)CO[C@H]1CC[C@@]2(C)[C@@H](CC[C@H]3[C@@H]4C[C@@H](Br)C(=O)[C@@]4(C)CC[C@@H]32)C1,-9.88,-8.874438011178515,-7.186246088469881,-6.73833694954279,-5.894315787273159,-6.183868893096184,-4.577070045242071,-5.333417845601447,-6.461730518260666,-6.487578071486306,0
b2AR-decoy_2587,CC(C)C1CC(=O)c2s/c(=N/c3c(Cl)cc(Cl)cc3Cl)oc2C1,-8.93,-7.450438011178516,-6.470246088469882,-6.44233694954279,-4.885315787273159,-4.757868893096184,-4.371070045242071,-3.972417845601447,-5.875730518260667,-5.886578071486307,0
b2AR-decoy_2588,CC[n+]1c(/C=C/c2ccc(N3CCCC3)cc2)scc1c1ccc(c2ccccc2)cc1,-9.331,-7.832438011178516,-6.838246088469882,-5.950336949542789,-5.721315787273159,-5.084868893096184,-5.270070045242072,-4.927417845601447,-6.034730518260666,-6.839578071486306,0
b2AR-decoy_2589,Cc1ccc(CS(=O)(=O)/C(=C/c2cc(C)cc(C)c2)C(=O)c2ccc(Cl)cc2)cc1,-10.476,-8.848438011178516,-7.79924608846988,-7.608336949542791,-6.748315787273159,-5.912868893096185,-5.181070045242072,-5.237417845601447,-5.8017305182606655,-7.741578071486307,0
b2AR-decoy_259,C=C(C)[C@]12C[C@@H](C)[C@@]34O[C@](Cc5ccccc5)(O[C@@H]1[C@@H]3C=C(COC(=O)C(OC(C)=O)c1ccc(O)c(OC)c1)C[C@]1(O)C(=O)C(C)=C[C@H]14)O2,-8.623,-6.626438011178514,-5.605246088469881,-4.809336949542789,-5.346315787273159,-4.002868893096185,-3.1600700452420707,-3.792417845601447,-4.747730518260666,-5.149578071486307,0
b2AR-decoy_2590,CC1(C)OC(S)=Nc2ccc(c3cc(Br)cc(OC(F)(F)F)c3)cc21,-8.911,-6.414438011178515,-6.7812460884698815,-5.261336949542789,-4.890315787273158,-4.395868893096186,-4.033070045242072,-3.582417845601446,-5.916730518260666,-5.725578071486307,0
b2AR-decoy_2591,O=C(Oc1ccc(c2ccccc2)cc1)N1c2ccccc2Sc2ccccc21,-12.551,-10.642438011178514,-8.89224608846988,-8.62033694954279,-7.201315787273158,-7.094868893096185,-5.147070045242071,-6.479417845601446,-7.848730518260666,-9.459578071486307,0
b2AR-decoy_2592,Cc1ccc(CSc2nc3ccncc3n2Cc2nc(c3ccccc3C)oc2C)cc1,-10.985,-8.924438011178514,-8.94324608846988,-7.450336949542789,-7.193315787273159,-6.3978688930961845,-5.910070045242071,-6.300417845601446,-7.639730518260666,-8.292578071486307,0
b2AR-decoy_2594,O=C(OCCBr)C1(c2ccc(c3ccc(Cl)c(Cl)c3)c(F)c2)CC1,-8.118,-5.930438011178516,-5.659246088469882,-4.84333694954279,-3.8943157872731584,-3.9678688930961847,-3.5850700452420714,-3.199417845601447,-5.1317305182606665,-4.797578071486306,0
b2AR-decoy_2595,CC(C)C(=O)CC[C@@H](C)[C@H]1CC[C@@]2(C)[C@@H]3CC[C@H]4C(C)(C)C(=O)CC[C@@]45C[C@@]35CC[C@]12C,-10.52,-8.543438011178516,-7.631246088469881,-6.694336949542789,-6.762315787273158,-5.752868893096185,-6.83707004524207,-5.369417845601447,-7.6607305182606655,-6.845578071486306,0
b2AR-decoy_2596,CS(=O)(=O)c1ccc(C2=C(c3ccc(Cl)cc3Cl)CC3(CC3)C2)cc1,-8.329,-6.442438011178515,-6.867246088469882,-4.91733694954279,-5.519315787273159,-4.598868893096185,-3.4570700452420717,-3.653417845601448,-5.376730518260667,-5.714578071486306,0
b2AR-decoy_2597,Fc1ccc(/N=C2/c3ccccc3/C(=N/c3ccc(F)cc3)c3occc32)cc1,-11.781,-9.269438011178517,-9.25924608846988,-8.08533694954279,-7.409315787273158,-7.168868893096185,-6.918070045242072,-5.952417845601447,-7.508730518260666,-8.195578071486306,0
b2AR-decoy_2598,Brc1ccc([C@@H]2CC3CCC(S3)C2c2cc(c3ccccc3)no2)cc1,-9.854,-8.249438011178515,-7.526246088469881,-6.579336949542789,-6.904315787273159,-6.233868893096185,-5.313070045242071,-5.131417845601447,-6.702730518260667,-7.147578071486306,0
b2AR-decoy_2599,Cn1c(=Nc2ccc(Cl)c(Cl)c2)scc1c1ccc(Cl)cc1,-9.247,-7.574438011178515,-6.886246088469882,-5.941336949542789,-4.939315787273159,-4.596868893096184,-4.352070045242071,-3.865417845601448,-5.645730518260667,-6.648578071486307,0
b2AR-decoy_26,O=C(N/N=C/c1ccc(Cl)cc1)c1cc2c(s1)-c1ccccc1CC2,-10.348,-8.268438011178516,-7.798246088469881,-7.121336949542791,-6.215315787273159,-5.858868893096185,-5.355070045242071,-5.178417845601446,-7.476730518260666,-7.397578071486306,0
b2AR-decoy_260,CN(CCCc1ccccc1)S(=O)(=O)c1cc(C(=O)N2CCc3ccc(S(=O)(=O)NCCc4ccccc4)cc3C2)c(O)c(O)c1O,-9.166,-7.917438011178515,-8.342246088469881,-6.69633694954279,-5.799315787273159,-5.232868893096185,-5.790070045242072,-5.548417845601447,-7.151730518260667,-8.257578071486307,0
b2AR-decoy_2600,CCOc1ccc(c2ccc(C3=CC(=O)C[C@H](c4ccc(F)cc4)C3)cc2)cc1,-9.736,-8.354438011178516,-6.915246088469882,-7.05833694954279,-5.868315787273158,-4.9778688930961845,-4.738070045242072,-3.936417845601447,-5.965730518260667,-6.855578071486306,0
b2AR-decoy_2601,Cc1ccc(/N=C2/c3ccccc3/C(=N/c3ccc(C)cc3)c3occc32)cc1,-11.139,-9.562438011178514,-9.031246088469882,-8.239336949542789,-7.162315787273158,-6.760868893096184,-7.284070045242071,-6.473417845601446,-8.197730518260666,-8.222578071486307,0
b2AR-decoy_2602,CC(C)c1ccc(COc2ccccc2C2CC(=O)c3ccccc3O2)cc1,-11.078,-9.108438011178515,-8.415246088469882,-7.607336949542789,-7.194315787273158,-6.249868893096185,-5.952070045242071,-5.334417845601447,-6.819730518260666,-7.649578071486307,0
b2AR-decoy_2603,CC1=CC[C@H]2C(C)(C)C(=O)CC[C@]2(C)[C@H]1CC[C@H]1C(C)=CC[C@H]2C(C)(C)C(=O)CC[C@]12C,-11.457,-9.551438011178517,-8.14224608846988,-7.98133694954279,-7.9663157872731585,-7.180868893096184,-6.365070045242071,-8.157417845601447,-7.921730518260666,-7.993578071486306,0
b2AR-decoy_2604,CCCCSc1cnc2c(c1)CCC(c1ccc(Cl)c(Cl)c1)O2,-9.298,-6.991438011178515,-6.310246088469881,-5.64133694954279,-5.219315787273159,-4.4458688930961845,-4.33707004524207,-3.8674178456014463,-5.851730518260666,-5.8485780714863065,0
b2AR-decoy_2605,CC(C)CCC1(CCC(C)C)Cc2c(cc(C(C)(C)C)c(O)c2C(C)(C)C)O1,-8.605,-6.099438011178515,-6.061246088469881,-5.3443369495427895,-4.357315787273159,-4.566868893096185,-1.424070045242071,-3.069417845601447,-4.883730518260666,-5.052578071486307,0
b2AR-decoy_2606,Cc1coc2c1C(=O)C(=O)c1c-2ccc2c1C(OC(=O)c1ccc(F)cc1)CCC2(C)C,-11.367,-9.476438011178516,-9.50124608846988,-7.80533694954279,-7.902315787273158,-6.790868893096185,-6.222070045242072,-6.995417845601446,-8.170730518260667,-8.787578071486307,0
b2AR-decoy_2607,COc1ccc2c(c1)C/C(=C/c1ccccc1c1ccc3ccccc3c1)C2=O,-11.49,-9.916438011178515,-9.71524608846988,-8.09933694954279,-8.062315787273159,-7.422868893096185,-6.262070045242071,-6.498417845601447,-7.629730518260667,-8.738578071486307,0
b2AR-decoy_2608,N#Cc1cc(Cl)cc(Oc2cc(OCc3nc(c4ccccc4)no3)ccc2Cl)c1,-10.701,-8.661438011178515,-7.931246088469882,-6.954336949542789,-5.905315787273159,-6.268868893096185,-5.145070045242072,-4.625417845601447,-6.246730518260666,-7.350578071486307,0
b2AR-decoy_2609,COC(=O)c1ccc(/C=C(\C)c2ccc3c(c2)C(C)(C)CC(C)(C)S3)cc1,-10.006,-7.216438011178516,-7.112246088469881,-6.121336949542791,-5.915315787273158,-5.395868893096186,-4.617070045242071,-4.794417845601448,-6.270730518260667,-6.340578071486307,0
b2AR-decoy_261,CCCCN(CCCC)C(=O)c1cc(C)n(c2ccc(N[S+]([O-])c3cccc4ccn(C)c34)cc2C(=O)N2Cc3ccccc3C[C@H]2CO)n1,-10.524,-7.921438011178514,-8.301246088469881,-6.495336949542789,-5.595315787273158,-6.122868893096184,-5.506070045242071,-5.855417845601448,-6.789730518260667,-7.321578071486307,0
b2AR-decoy_2610,CC1=C(/C=C/C(C)=C/C=C/C(C)=C/C(=O)n2ccnc2)C(C)(C)CCC1n1ccnc1,-8.909,-6.478438011178515,-6.084246088469881,-5.08233694954279,-4.885315787273159,-4.855868893096185,-3.414070045242071,-3.860417845601447,-5.6717305182606665,-4.921578071486307,0
b2AR-decoy_2611,COc1ccc(Cl)cc1n1ncc(c2nnc(c3ccc(Cl)c(Cl)c3)o2)c1C,-8.541,-7.267438011178514,-6.382246088469881,-6.665336949542789,-4.918315787273158,-4.173868893096184,-4.101070045242071,-3.8194178456014463,-6.145730518260667,-6.264578071486307,0
b2AR-decoy_2612,CO/N=C(/c1ccc(F)cc1)c1ccccc1COc1ccc(C(F)(F)F)cc1,-10.056,-8.074438011178515,-7.709246088469881,-6.790336949542789,-6.717315787273158,-5.739868893096185,-5.379070045242072,-5.432417845601448,-6.720730518260666,-6.929578071486306,0
b2AR-decoy_2613,O=C1/C(=C\c2ccc3ncccc3c2)CCC/C1=C/c1ccc2ncccc2c1,-11.978,-10.175438011178516,-8.852246088469881,-7.94233694954279,-7.776315787273159,-6.927868893096186,-6.739070045242071,-6.247417845601447,-8.650730518260666,-8.638578071486307,0
b2AR-decoy_2614,CC(=O)Oc1c(C)c(c2ccccc2)c(C)c(c2ccccc2)c1C(=S)c1ccccc1,-8.172,-7.670438011178515,-6.3262460884698815,-5.17333694954279,-4.822315787273158,-5.645868893096186,-5.046070045242072,-4.643417845601446,-5.6557305182606665,-6.101578071486307,0
b2AR-decoy_2615,O=C1OC[C@H]2[C@@H]1Cc1c(F)cc(F)cc1[C@@H]2/C=C/c1ccc(c2cccc(Cl)c2)cn1,-11.828,-9.971438011178517,-8.99124608846988,-8.04233694954279,-7.565315787273159,-6.951868893096185,-6.864070045242071,-6.577417845601447,-8.679730518260666,-8.485578071486307,0
b2AR-decoy_2616,COC(=O)c1cc2c(F)c(F)c(Sc3ccccc3Br)c(F)c2s1,-8.294,-6.237438011178515,-6.17424608846988,-5.168336949542789,-5.056315787273158,-4.630868893096185,-3.4740700452420707,-3.376417845601446,-5.254730518260667,-5.123578071486307,0
b2AR-decoy_2617,c1ccc(Cn2c(SCc3ccc4ccccc4c3)nnc2c2ccsc2)cc1,-10.06,-8.791438011178515,-7.543246088469882,-6.81833694954279,-6.172315787273158,-5.801868893096184,-5.86907004524207,-5.542417845601447,-6.860730518260667,-7.717578071486306,0
b2AR-decoy_2618,CN(C)c1ccc(/C=N/c2ccc(/N=C3\C(=O)N(Cc4ccccc4)c4ccccc43)cc2)cc1,-11.037,-8.430438011178515,-8.694246088469882,-7.152336949542789,-7.189315787273159,-6.636868893096185,-5.910070045242071,-5.147417845601447,-7.435730518260666,-8.086578071486306,0
b2AR-decoy_2619,Cc1nc(c2ccccc2)sc1c1nc(c2ccccc2)ncc1S(=O)(=O)c1ccccc1,-10.988,-8.959438011178515,-8.280246088469882,-7.121336949542791,-6.015315787273158,-5.9888688930961855,-6.139070045242072,-5.925417845601446,-8.035730518260666,-8.221578071486306,0
b2AR-decoy_262,COc1ccc(S(=O)(=O)N(Cc2ccc3c(c2)OCO3)[C@H](Cc2cncn2C(c2ccccc2)(c2ccccc2)c2ccccc2)C(=O)NO)cc1,-10.147,-7.714438011178515,-7.246246088469881,-6.47733694954279,-6.525315787273158,-6.075868893096185,-4.440070045242072,-4.928417845601446,-7.284730518260666,-6.888578071486307,0
b2AR-decoy_2620,CCOC(=O)[C@]1(C)CCC[C@]2(C)[C@@H]1CC[C@@]13C/C(=N\OCc4cc(C)nn4C)[C@@](C)(CC[C@@H]21)C3,-9.525,-8.592438011178515,-6.862246088469881,-6.989336949542789,-5.965315787273159,-6.437868893096185,-4.203070045242072,-5.126417845601447,-6.934730518260666,-6.636578071486307,0
b2AR-decoy_2621,FC(F)(F)Oc1ccc(c2cn(CC3=C(Cl)c4ccc(c5cccs5)nc4CC3)nn2)cc1,-10.35,-8.257438011178515,-8.211246088469881,-6.77533694954279,-5.907315787273159,-6.159868893096185,-5.543070045242072,-5.743417845601448,-6.951730518260666,-6.510578071486307,0
b2AR-decoy_2622,CCn1c(CN2C(=O)CSc3ccc(C(F)(F)F)cc32)nnc1SCc1ccc(Cl)cc1,-10.051,-7.675438011178516,-7.012246088469881,-6.127336949542789,-6.174315787273159,-5.239868893096185,-4.790070045242072,-4.459417845601447,-6.771730518260666,-6.159578071486306,0
b2AR-decoy_2623,Cc1ccc(S(=O)(=O)N(c2ccc(OCc3cccc(C)c3)cc2)S(=O)(=O)c2ccc(C)cc2)cc1,-9.113,-9.025438011178515,-7.875246088469881,-7.233336949542791,-6.755315787273158,-6.121868893096185,-5.806070045242072,-4.911417845601447,-6.969730518260667,-7.625578071486306,0
b2AR-decoy_2624,COc1ccc(c2nn3c(nc(c4ccc(OC)cc4)c3c3ccc(OC)cc3)s2)cc1,-9.037,-7.830438011178515,-6.209246088469881,-5.58633694954279,-5.220315787273158,-4.096868893096184,-4.516070045242071,-4.300417845601446,-6.0467305182606665,-6.470578071486306,0
b2AR-decoy_2625,CCS(=O)(=O)c1cccc(Oc2ccc(Cl)c(n3c(C)nc4c(Cl)cccc43)c2)c1,-10.03,-8.356438011178515,-7.153246088469881,-7.178336949542789,-6.186315787273159,-5.850868893096184,-4.948070045242071,-4.847417845601447,-6.6717305182606665,-6.682578071486306,0
b2AR-decoy_2626,CC(C)=CCC/C(C)=C/[C@H]1OC(=O)C[C@]12C[C@H](OC(=O)c1c(Cl)cccc1Cl)C=CC2=O,-10.626,-8.710438011178516,-7.44024608846988,-6.823336949542791,-6.226315787273158,-6.096868893096184,-4.910070045242071,-4.681417845601446,-6.9667305182606665,-6.819578071486307,0
b2AR-decoy_2627,CC(C)(C)c1ccc(Sc2nncc(c3cnnc(Sc4ccc(C(C)(C)C)cc4)n3)n2)cc1,-9.668,-8.844438011178514,-7.0362460884698805,-7.095336949542789,-6.066315787273158,-5.247868893096184,-5.501070045242072,-4.499417845601446,-6.844730518260667,-7.171578071486307,0
b2AR-decoy_2628,Cn1cncc1C(OCc1ccc(C#N)cc1c1cccc2ccccc21)c1ccc(C#N)cc1,-10.1,-8.051438011178515,-7.75424608846988,-6.51033694954279,-6.376315787273159,-6.967868893096185,-5.831070045242072,-5.019417845601447,-6.645730518260667,-6.459578071486307,0
b2AR-decoy_2629,COC(=O)c1ccc(S(=O)(=O)N(CCCCC(F)(F)F)c2sc3ccccc3c2C(C)C)cc1,-9.183,-7.383438011178516,-6.7492460884698815,-5.86633694954279,-6.202315787273159,-4.687868893096185,-4.62207004524207,-4.308417845601447,-5.658730518260667,-5.482578071486307,0
b2AR-decoy_263,Cc1n[nH]c(CN(C)c2cc3c(cc2C(=O)N[C@H]2CC[C@H](C(F)(F)F)CC2)nc(Nc2c(Cl)ccc(CNC(=O)C(C)(C)F)c2Cl)n3C)n1,-11.529,-9.728438011178516,-9.46224608846988,-7.890336949542789,-7.168315787273158,-6.9778688930961845,-6.386070045242072,-6.463417845601446,-7.678730518260666,-8.703578071486307,0
b2AR-decoy_2630,CCCCCc1ccc(c2cn(CC(=O)N3c4ccccc4Sc4ccc(C(F)(F)F)cc43)nn2)cc1,-10.375,-7.852438011178515,-7.875246088469881,-6.720336949542789,-7.549315787273159,-6.568868893096184,-4.649070045242072,-5.404417845601447,-7.364730518260666,-6.860578071486307,0
b2AR-decoy_2631,COc1cccc(OC)c1n1cc(c2ccccc2Sc2ccc(C(F)(F)F)cc2)nn1,-8.922,-8.219438011178514,-6.987246088469881,-6.6263369495427895,-5.626315787273159,-5.861868893096185,-4.740070045242071,-4.704417845601446,-6.958730518260666,-6.576578071486306,0
b2AR-decoy_2632,COc1ccc(c2oc3ccc(c4cc(OC)c(OC)c(OC)c4)cc3c2c2ccc(OC)cc2)cc1,-8.831,-5.883438011178515,-6.176246088469881,-5.01833694954279,-4.897315787273158,-4.108868893096185,-3.701070045242071,-3.613417845601447,-5.616730518260667,-5.051578071486306,0
b2AR-decoy_2633,FC(F)(F)Cn1cc(c2ccncc2)c(c2ccc(OCc3ccc4ccccc4n3)cc2)n1,-9.952,-9.115438011178515,-7.993246088469881,-6.729336949542789,-6.540315787273158,-5.710868893096185,-5.626070045242072,-5.099417845601447,-7.730730518260666,-8.314578071486306,0
b2AR-decoy_2634,N#Cc1c(SCc2nnc(c3ccccc3)o2)nc(c2ccccc2)cc1c1ccccc1,-10.416,-8.382438011178515,-8.43324608846988,-6.793336949542789,-7.014315787273159,-6.188868893096185,-5.988070045242072,-5.747417845601447,-7.195730518260666,-7.575578071486307,0
b2AR-decoy_2635,CCOCCCn1c(SCc2nc(c3cccs3)oc2C)nc2sc(C)c(C)c2c1=O,-8.971,-6.905438011178514,-6.107246088469882,-5.1263369495427895,-4.518315787273158,-3.827868893096185,-4.234070045242071,-3.484417845601447,-5.018730518260666,-5.637578071486306,0
b2AR-decoy_2636,O=C(c1ccncc1)N1N=C(c2ccccc2)CC1c1cn(c2ccccc2)nc1c1ccc(F)cc1,-12.315,-9.612438011178517,-9.59024608846988,-8.505336949542789,-7.746315787273158,-7.645868893096186,-6.567070045242071,-6.711417845601448,-8.328730518260667,-7.862578071486306,0
b2AR-decoy_2637,O=C1CCCC2=C1C1OC(CCCCN3C(=O)c4ccccc4C3=O)(Cc3c1ccc1ccccc31)O2,-13.089,-10.749438011178515,-10.06524608846988,-9.44633694954279,-9.335315787273158,-8.473868893096185,-7.573070045242071,-7.725417845601447,-9.118730518260666,-9.854578071486308,0
b2AR-decoy_2638,C=C[C@@]1(C)CC=C2[C@@H](CC[C@@H]3[C@](C)(C(=O)OCc4cn(Cc5cccc(F)c5)nn4)CCC[C@@]23C)C1,-11.948,-10.688438011178516,-9.415246088469882,-9.13133694954279,-7.611315787273158,-7.832868893096185,-6.655070045242072,-6.367417845601446,-8.309730518260666,-9.719578071486309,0
b2AR-decoy_2639,CCCC(CCC)C(=O)N(C)C(=O)c1nn(c2ccc(Cl)cc2Cl)c(c2ccc(Cl)cc2)c1C,-8.444,-6.634438011178515,-6.2972460884698815,-4.31433694954279,-4.835315787273158,-5.265868893096185,-2.6200700452420707,-3.138417845601447,-5.8627305182606655,-5.194578071486307,0
b2AR-decoy_264,C[C@@H]1CCCCO[C@@H](CN(C)S(=O)(=O)c2ccc(F)cc2)[C@H](C)CN([C@H](C)CO)C(=O)c2cc(NS(=O)(=O)c3ccc(Cl)cc3)ccc2O1,-7.778,-6.070438011178515,-5.256246088469881,-4.53633694954279,-4.573315787273159,-3.4118688930961847,-2.813070045242071,-3.557417845601448,-4.8817305182606665,-4.990578071486306,0
b2AR-decoy_2640,CCC(=O)N1CCOc2c(cc(c3csc4ccccc43)cc2OCCc2ccccn2)C1,-8.524,-6.167438011178515,-5.649246088469881,-4.79833694954279,-4.799315787273159,-3.989868893096185,-3.6060700452420704,-3.2984178456014472,-4.771730518260666,-5.132578071486307,0
b2AR-decoy_2641,O=Nc1c(c2ccc(c3cc4ccccc4oc3=O)cc2)nc2sc(Cc3noc4ccccc34)nn12,-11.42,-8.745438011178516,-8.32124608846988,-7.49333694954279,-7.031315787273158,-6.503868893096184,-6.136070045242072,-5.871417845601448,-7.625730518260667,-9.509578071486306,0
b2AR-decoy_2642,COc1ccc(c2csc(N3N=C(c4ccc(F)cc4)CC3c3ccc4c(c3)OCCO4)n2)cc1,-11.531,-9.787438011178516,-8.15124608846988,-8.42133694954279,-8.271315787273158,-6.547868893096185,-6.05807004524207,-6.305417845601447,-8.051730518260666,-9.114578071486306,0
b2AR-decoy_2643,CCCc1ccc(OCC(=O)N(Cc2nc(c3ccc4ccccc4c3)no2)C(C)C)cc1,-9.053,-7.500438011178515,-7.623246088469882,-5.82433694954279,-5.577315787273159,-5.6348688930961846,-2.5980700452420717,-4.424417845601447,-5.944730518260666,-6.639578071486307,0
b2AR-decoy_2644,O=C(ON(C(=O)c1ccccc1)c1ccc(C(=O)c2ccccc2)cc1)c1ccc(Cl)cc1,-10.264,-8.650438011178515,-7.038246088469881,-7.979336949542789,-6.908315787273159,-6.263868893096184,-5.484070045242071,-5.536417845601447,-7.221730518260667,-8.130578071486307,0
b2AR-decoy_2645,O=[N+]([O-])c1ccc(c2csc(N3N=C(c4cccs4)CC3c3ccc4c(c3)OCO4)n2)cc1,-10.431,-8.731438011178515,-8.826246088469881,-7.08333694954279,-7.214315787273158,-6.356868893096184,-5.947070045242072,-5.916417845601448,-7.235730518260667,-7.485578071486307,0
b2AR-decoy_2646,CC(=O)O[C@@H](C[C@@H](C)C1=C2C=CC3[C@@]4(C)CCC(=O)C(C)(C)C4CC[C@]3(C)[C@@]2(C)CC1=O)[C@H]1OC1(C)C,-10.031,-8.499438011178515,-7.42424608846988,-7.18333694954279,-6.094315787273159,-5.545868893096184,-4.829070045242071,-4.946417845601447,-7.284730518260666,-6.152578071486307,0
b2AR-decoy_2647,C[C@]12CC[C@H]3[C@@H](CCC4=CC(=O)CC[C@@]43C)[C@@H]1C/C(=C\c1ccc(OCCCn3ccnc3)cc1)C2=O,-11.218,-9.123438011178514,-8.355246088469881,-7.658336949542789,-8.948315787273158,-6.803868893096185,-7.063070045242071,-6.029417845601447,-8.167730518260667,-7.419578071486306,0
b2AR-decoy_2648,Cc1cc(C(=O)CSc2nnc(c3ccc(OC(F)F)cc3)o2)c(C)n1Cc1cccs1,-8.75,-6.912438011178516,-6.614246088469882,-5.44933694954279,-5.442315787273158,-4.657868893096184,-4.347070045242072,-3.9074178456014472,-5.831730518260667,-6.116578071486307,0
b2AR-decoy_2649,COc1ncc(c2ccc(N3C(c4ccsc4)=Cc4ccccc4C3CC(C)=O)cc2)cn1,-9.98,-7.552438011178514,-6.978246088469881,-5.819336949542789,-6.082315787273158,-5.085868893096185,-5.081070045242072,-4.462417845601447,-6.270730518260667,-6.148578071486307,0
b2AR-decoy_265,CCn1cc(/C(=N/Nc2nc(c3ccc(F)cc3)c(C#N)s2)C(F)(F)F)c2cc(c3nc(C[NH+]4CCC[C@H]4C(=O)[O-])cs3)ccc21,-10.964,-8.176438011178515,-8.274246088469882,-7.005336949542789,-6.887315787273158,-6.3158688930961855,-6.109070045242071,-6.320417845601448,-7.060730518260666,-7.848578071486306,0
b2AR-decoy_2650,COc1cc(OCc2cccc(c3ccc(C#N)nc3)c2)c2cc(c3cn4nc(OC)sc4n3)oc2c1,-10.614,-8.850438011178515,-8.019246088469881,-7.76033694954279,-6.909315787273158,-6.687868893096185,-5.492070045242071,-4.961417845601448,-6.965730518260667,-7.190578071486307,0
b2AR-decoy_2651,C=CCCCc1ccc2cc(N3CCCN(C(=O)c4cc(CC=C)ccc4n4nccn4)CC3)ccc2c1,-7.746,-5.291438011178515,-5.626246088469881,-3.03733694954279,-5.055315787273159,-3.615868893096184,-2.709070045242071,-2.3784178456014464,-4.691730518260666,-4.647578071486307,0
b2AR-decoy_2652,CCO/C(CC1=CC[C@H]2[C@@H]3CCc4cc(OC)ccc4[C@H]3CC[C@]12C)=N/S(=O)(=O)c1ccc(C)cc1,-9.691,-8.409438011178516,-7.4832460884698815,-7.37233694954279,-6.212315787273159,-5.9458688930961845,-5.312070045242072,-4.876417845601447,-7.131730518260666,-7.292578071486307,0
b2AR-decoy_2653,CO/N=C(\Cl)CCC/C=C(/c1cccc(C#N)c1)c1cc(C)c(OC)c(C(=O)SC)c1,-8.091,-5.859438011178515,-5.345246088469882,-4.65133694954279,-4.3093157872731584,-3.656868893096185,-3.009070045242071,-3.2064178456014467,-4.870730518260666,-4.978578071486307,0
b2AR-decoy_2654,COc1ccc(C(=O)CN2C(=O)S/C(=C\C3=C(Cl)c4cc(C)c(C)cc4CCC3)C2=O)cc1,-8.524,-7.098438011178516,-5.713246088469881,-5.617336949542789,-4.586315787273159,-3.820868893096185,-4.097070045242072,-3.904417845601447,-5.536730518260667,-5.7555780714863065,0
b2AR-decoy_2655,C/C(=N\OCCSc1nnc(C)s1)c1ccc(Sc2cc(F)cc(C3CCOCC3)c2)cc1,-9.645,-7.412438011178516,-7.208246088469881,-6.3763369495427895,-5.211315787273158,-5.403868893096185,-4.503070045242071,-4.583417845601447,-6.572730518260666,-6.336578071486306,0
b2AR-decoy_2656,COc1ccc([C@@H]2COc3c(cc(/C=C/C(=O)c4ccccc4)c4c3C=CC(C)(C)O4)C2)c(OC)c1,-10.892,-9.010438011178517,-7.637246088469881,-7.217336949542791,-6.427315787273159,-5.530868893096185,-5.881070045242071,-5.941417845601446,-6.880730518260666,-8.543578071486307,0
b2AR-decoy_2657,CCC(F)(CC)c1nc(COc2cc(OC)cc3oc(c4cn5nc(OC)sc5n4)cc23)cs1,-9.502,-7.410438011178515,-6.877246088469882,-6.053336949542789,-5.594315787273159,-4.925868893096185,-4.740070045242071,-4.433417845601447,-5.812730518260667,-6.097578071486307,0
b2AR-decoy_2658,O=C(c1ccncc1)n1nc(c2ccccc2)c(/N=N/c2ccccc2[N+](=O)[O-])c1c1ccccc1,-10.331,-7.316438011178516,-7.571246088469881,-5.83033694954279,-6.708315787273158,-6.446868893096184,-5.105070045242071,-5.372417845601447,-7.302730518260667,-5.975578071486307,0
b2AR-decoy_2659,CCn1c(Cc2ccccc2)nnc1SCC(=O)N1c2ccccc2Sc2ccccc21,-10.019,-8.487438011178515,-7.53624608846988,-6.514336949542789,-6.205315787273159,-5.901868893096184,-4.778070045242071,-4.995417845601446,-7.467730518260666,-7.497578071486307,0
b2AR-decoy_266,C[NH+](C)CCC(=O)Nc1ccccc1N1CCN(C(=O)C2(Oc3ccc(C(F)(F)F)cc3)CCCN(C(=O)c3cnccc3C(F)(F)F)C2)CC1,-10.747,-9.397438011178515,-8.003246088469881,-7.6823369495427904,-6.725315787273159,-5.825868893096185,-5.717070045242071,-5.628417845601447,-7.880730518260666,-7.829578071486306,0
b2AR-decoy_2660,C=C[C@@H]1c2cc(C)ccc2N(S(=O)(=O)c2ccc(C)cc2)[C@H](c2ccc(C(C)(F)F)cc2)C1(C#N)C#N,-8.818,-7.4224380111785155,-5.121246088469881,-6.736336949542789,-4.534315787273158,-4.545868893096184,-2.7770700452420707,-4.603417845601447,-6.464730518260666,-6.758578071486307,0
b2AR-decoy_2661,COc1ccccc1Sc1ccc(c2ccnc(N3CCCN(C(C)=O)CC3)c2)cc1C(F)(F)F,-7.095,-5.811438011178515,-5.819246088469881,-5.178336949542789,-4.705315787273158,-3.0818688930961846,-2.3080700452420717,-2.6664178456014467,-4.850730518260667,-4.873578071486307,0
b2AR-decoy_2662,COc1cc(/C=C2\SC(=O)N(Cc3ccc(F)cc3)C2=O)ccc1OCc1ccccc1,-10.171,-8.184438011178516,-6.9222460884698815,-6.47733694954279,-5.848315787273158,-5.393868893096185,-5.306070045242072,-4.175417845601446,-6.557730518260666,-6.901578071486307,0
b2AR-decoy_2663,CO/C=C(/C(=O)OC)c1ccccc1COc1cccc(C(=O)/C=C/c2ccc(Br)cc2)c1,-9.489,-7.518438011178516,-6.546246088469882,-5.65433694954279,-5.663315787273158,-4.638868893096184,-4.141070045242071,-3.8304178456014473,-6.217730518260666,-6.244578071486307,0
b2AR-decoy_2664,FC(F)Oc1ccc(c2nnc3cncc(Oc4ccc(Cl)c(C(F)(F)F)c4)n32)cc1,-9.885,-7.681438011178516,-7.696246088469881,-6.11633694954279,-6.096315787273159,-5.427868893096186,-4.781070045242071,-4.9024178456014464,-6.465730518260667,-6.279578071486306,0
b2AR-decoy_2665,CO/N=C(/c1ccc(OC(F)(F)F)cc1)c1ccccc1COc1ccc(C(F)(F)F)cn1,-9.767,-7.941438011178516,-7.7492460884698815,-6.540336949542789,-6.605315787273158,-5.5548688930961845,-5.314070045242071,-5.596417845601447,-6.548730518260667,-6.660578071486306,0
b2AR-decoy_2666,Fc1cccc(Cl)c1CSc1nnc(c2ccco2)n1c1ccc(OCc2ccccc2)cc1,-10.169,-8.279438011178515,-6.933246088469881,-6.99033694954279,-6.144315787273159,-4.991868893096184,-5.41407004524207,-5.021417845601446,-6.818730518260667,-6.917578071486307,0
b2AR-decoy_2667,O=C1c2ccccc2C(=O)N1CCOC(=S)N(C(=O)c1cc2ccccc2s1)c1ccc(Cl)cc1,-11.159,-8.672438011178516,-7.89524608846988,-7.52033694954279,-6.140315787273158,-6.050868893096185,-5.989070045242071,-5.224417845601447,-7.533730518260667,-8.183578071486307,0
b2AR-decoy_2668,Cc1ccc(c2c(C)c(OCCOc3c(Cl)cc(OCC=C(Cl)Cl)cc3Cl)nn2C)cc1,-8.776,-6.524438011178516,-6.197246088469882,-5.64733694954279,-4.772315787273159,-3.7548688930961847,-3.653070045242071,-3.8464178456014473,-5.0307305182606665,-6.050578071486306,0
b2AR-decoy_2669,CCc1nnc(SCc2nc(c3ccccc3Cl)oc2C)c2cc3sc(C)cc3n12,-10.754,-7.796438011178514,-8.208246088469881,-7.97133694954279,-5.534315787273158,-6.308868893096184,-5.562070045242072,-4.970417845601446,-6.877730518260666,-8.284578071486306,0
b2AR-decoy_267,O=C(/C=C/c1cccc([N+](=O)[O-])c1)Nc1ccc(N2CC[NH+](CC(O)(Cn3cncn3)c3ccc(F)cc3F)CC2)c(C(F)(F)F)c1,-10.331,-8.190438011178514,-8.063246088469882,-6.66033694954279,-6.788315787273158,-5.468868893096184,-5.713070045242072,-5.122417845601447,-7.108730518260666,-7.609578071486306,0
b2AR-decoy_2670,Cc1cccc(C)c1OCc1nc2c3c(ncn2n1)oc(c1ccccc1)c3c1ccccc1,-10.346,-8.632438011178515,-7.997246088469881,-6.44933694954279,-6.4343157872731584,-5.594868893096185,-4.466070045242072,-5.359417845601447,-7.278730518260666,-7.478578071486307,0
b2AR-decoy_2671,Cc1c(NC(=O)NC(=O)c2c(F)cccc2F)ccc(SC(F)(F)C(F)Cl)c1C,-9.615,-7.168438011178516,-6.432246088469881,-5.835336949542789,-5.135315787273159,-4.764868893096185,-4.956070045242072,-4.096417845601447,-6.0147305182606665,-6.6465780714863065,0
b2AR-decoy_2672,CCOc1cc(c2nc3ccccn3c2/N=C/c2cc(Br)ccc2O)ccc1O,-9.277,-7.666438011178515,-7.105246088469881,-5.492336949542789,-5.916315787273158,-4.811868893096184,-5.285070045242071,-4.182417845601448,-5.930730518260667,-6.674578071486307,0
b2AR-decoy_2673,[C-]#[N+]c1ccc(N[C@@H](c2nnc(c3ccc(I)cc3)o2)[C@H](C)O)c(C)c1Cl,-8.999,-7.383438011178516,-6.584246088469881,-5.86333694954279,-5.186315787273159,-4.561868893096184,-4.35307004524207,-3.736417845601446,-5.543730518260666,-6.354578071486307,0
b2AR-decoy_2674,Cc1cc(F)ccc1Oc1cc(C(F)(F)C(F)(F)F)ccc1C(=O)Nc1cc[nH]c(=O)c1,-10.684,-8.305438011178515,-9.09424608846988,-7.48433694954279,-7.440315787273159,-6.935868893096185,-6.522070045242071,-5.654417845601447,-6.727730518260666,-6.968578071486306,0
b2AR-decoy_2675,O=C(CNC(=O)c1ccccc1/N=C/c1ccc(Cl)cc1)N/N=C\c1ccc(Cl)cc1,-9.633,-8.592438011178515,-7.587246088469881,-7.00333694954279,-6.067315787273158,-6.088868893096185,-5.205070045242071,-5.153417845601448,-6.577730518260667,-7.022578071486306,0
b2AR-decoy_2676,C=C1/C(=C\C=C2/CCC[C@]3(C)[C@@H]([C@@H](C)OCCCS(=O)(=O)C(C)(C)C)CC[C@@H]23)C[C@@H](O)C[C@@H]1O,-10.025,-7.911438011178514,-6.780246088469882,-6.35333694954279,-5.909315787273158,-5.578868893096185,-5.05807004524207,-4.971417845601447,-6.521730518260666,-6.867578071486307,0
b2AR-decoy_2677,COc1c(/C=C/c2ccc(NS(C)(=O)=O)cc2)cc(c2cc(F)c[nH]c2=O)cc1C1(Cl)CC1,-10.382,-7.928438011178516,-7.171246088469882,-6.5493369495427896,-6.372315787273159,-5.970868893096185,-6.060070045242071,-4.956417845601447,-6.488730518260667,-6.805578071486307,0
b2AR-decoy_2678,Cc1cc(c2cnc(c3sc(C)c4c3C[C@@H]3[C@H]4C3(C)C)s2)cc(C)c1OCC(O)CO,-8.608,-6.995438011178516,-6.171246088469882,-5.37933694954279,-4.991315787273159,-4.551868893096184,-4.069070045242071,-3.207417845601447,-5.350730518260667,-5.900578071486306,0
b2AR-decoy_2679,CC1(C)OC(C(O)(c2ccccc2)c2ccccc2)C(C(O)(c2ccccc2)c2ccccc2)O1,-10.218,-9.425438011178516,-7.928246088469882,-7.08133694954279,-7.092315787273158,-6.6588688930961855,-4.402070045242072,-5.346417845601447,-6.826730518260666,-6.268578071486306,0
b2AR-decoy_268,O=C(/C=C/c1ccc([N+](=O)[O-])cc1)Nc1ccc(N2CC[NH+](CC(O)(Cn3cncn3)c3ccc(F)cc3F)CC2)c(C(F)(F)F)c1,-9.474,-8.750438011178515,-7.512246088469881,-6.796336949542789,-6.889315787273159,-6.091868893096185,-5.785070045242071,-5.103417845601447,-7.343730518260667,-7.075578071486307,0
b2AR-decoy_2680,Cc1cccc(C)c1NC(=O)COc1ccccc1C(=O)Nc1ccc(Br)cn1,-9.846,-8.008438011178516,-7.224246088469881,-6.755336949542789,-6.114315787273158,-5.5658688930961855,-4.717070045242071,-4.858417845601446,-6.246730518260666,-7.358578071486306,0
b2AR-decoy_2681,Nc1cc[n+](Cc2ccc(CCc3ccc(C[n+]4ccc(N)c5ccccc54)cc3)cc2)c2ccccc12,-9.415,-7.869438011178515,-7.132246088469881,-5.49733694954279,-6.693315787273159,-5.745868893096185,-5.676070045242071,-5.899417845601446,-6.407730518260667,-6.804578071486306,0
b2AR-decoy_2682,CC(C)=CCC1(CC=C(C)C)C(=O)[C@](O)(CC=C(C)C)C(=O)C2=C1O[C@H](c1ccccc1)C[C@H]2O,-9.143,-7.228438011178515,-6.805246088469881,-5.84033694954279,-6.586315787273158,-5.729868893096185,-4.275070045242071,-4.558417845601447,-6.2487305182606665,-6.307578071486306,0
b2AR-decoy_2683,CNc1ccc(c2[nH]c(c3ccc(/C=C/C(=O)OC)cc3)nc2c2ccc(N(C)C)cc2)cc1,-9.089,-7.574438011178515,-6.019246088469881,-6.49433694954279,-5.631315787273158,-4.773868893096184,-4.631070045242071,-3.9124178456014462,-6.062730518260667,-6.150578071486306,0
b2AR-decoy_2684,CCOc1c(Cl)cc(Cl)cc1c1cnc([C@@H](C)NC(=O)C2(NC(=O)C(F)(F)F)CC2)c(F)c1,-9.316,-7.385438011178515,-6.691246088469882,-6.83333694954279,-5.420315787273159,-4.494868893096184,-4.464070045242071,-4.419417845601448,-6.599730518260666,-6.564578071486306,0
b2AR-decoy_2685,Cc1ccccc1C1CC(c2ccc(OCc3ccccc3)cc2)=NN1c1ccc(S(N)(=O)=O)cc1,-10.372,-8.136438011178516,-7.989246088469882,-6.309336949542789,-6.664315787273159,-6.106868893096184,-5.752070045242071,-5.649417845601446,-6.959730518260667,-7.807578071486306,0
b2AR-decoy_2686,COC(=O)c1c(O)cc(O)c(Cl)c1CCc1nccn1Cc1ccc(Cl)c(Cl)c1,-9.117,-6.940438011178514,-6.680246088469881,-5.56733694954279,-5.201315787273158,-5.069868893096185,-4.374070045242071,-4.578417845601447,-5.945730518260666,-5.714578071486306,0
b2AR-decoy_2687,O=S(=O)(Nc1cncc(c2ccc(c3ccc4[nH]ccc4c3)s2)c1)c1ccc(F)cc1F,-10.882,-9.269438011178517,-7.884246088469881,-6.996336949542791,-7.620315787273158,-6.182868893096185,-6.05207004524207,-5.391417845601447,-6.887730518260666,-8.090578071486307,0
b2AR-decoy_2688,CCN(c1cc(Cl)cc(C(=O)NCc2c(C(F)(F)F)cc(C)[nH]c2=O)c1C)C1CCOCC1,-10.416,-6.759438011178515,-6.548246088469881,-5.75733694954279,-5.770315787273159,-4.604868893096185,-4.636070045242072,-4.248417845601447,-6.658730518260667,-5.743578071486306,0
b2AR-decoy_2689,Cc1cc(C)c(S(=O)(=O)N[C@@H](C)CNc2cccc3c2cnn3c2cccc(C)c2)c(C)c1,-11.352,-9.286438011178516,-7.998246088469882,-6.960336949542789,-6.735315787273159,-6.354868893096185,-6.066070045242071,-5.203417845601447,-7.380730518260666,-7.847578071486307,0
b2AR-decoy_269,CC(C)(C)c1cc(NC(=O)NCc2ccccc2Sc2ccc3nnc(c4ccccc4[S+]([O-])CCO)n3c2)n(c2ccc(O)c(Cl)c2)n1,-9.977,-8.642438011178514,-7.650246088469881,-6.5623369495427895,-6.166315787273158,-6.012868893096185,-5.689070045242071,-5.731417845601447,-7.374730518260666,-8.538578071486306,0
b2AR-decoy_2690,C#CCOC(=O)c1ccc(O)c(NC(=O)COc2ccc(C34CC5CC(CC(C5)C3)C4)cc2)c1,-10.616,-9.444438011178516,-7.498246088469882,-5.431336949542789,-5.793315787273158,-6.816868893096185,-5.306070045242072,-5.100417845601447,-6.097730518260667,-7.394578071486306,0
b2AR-decoy_2691,Cc1noc(C(=O)CC[C@@H](C)[C@H]2CC[C@H]3[C@@H]4[C@@H](O)C[C@@H]5C[C@H](O)CC[C@]5(C)[C@H]4CC[C@@]32C)n1,-10.602,-9.629438011178516,-7.849246088469881,-7.569336949542789,-6.870315787273158,-7.010868893096184,-5.363070045242072,-5.9024178456014464,-7.771730518260666,-7.854578071486307,0
b2AR-decoy_2692,C/C(=N\NC(=O)c1ccc(NS(=O)(=O)c2cccs2)cc1)c1ccc2ccccc2c1,-10.775,-8.509438011178515,-7.885246088469881,-7.30533694954279,-6.789315787273159,-5.733868893096185,-5.791070045242071,-5.292417845601447,-7.0467305182606665,-8.411578071486307,0
b2AR-decoy_2693,CC(C)=C[C@H](O)[C@@H](O)[C@@H](CO)[C@H]1CC[C@@]2(C)[C@@H]3CC[C@H]4C(C)(C)[C@@H](O)CC[C@@]45C[C@@]35CC[C@]12C,-9.857,-8.423438011178515,-6.795246088469881,-6.20833694954279,-5.415315787273158,-5.196868893096184,-5.617070045242071,-4.958417845601447,-6.829730518260666,-6.768578071486306,0
b2AR-decoy_2694,OCc1ccc[n+](/C(C([S-])=Nc2cccc3ccccc23)=C(/O)c2ccc(Cl)s2)c1,-10.092,-8.252438011178516,-7.618246088469881,-6.806336949542789,-6.677315787273159,-5.876868893096185,-4.78607004524207,-5.098417845601446,-6.968730518260667,-7.323578071486306,0
b2AR-decoy_2695,Cc1ccc(C(=O)N/C(=C\c2ccc(c3cc(Cl)ccc3Cl)o2)C(=O)NCc2cccnc2)cc1,-10.843,-9.280438011178514,-8.50724608846988,-7.588336949542789,-7.430315787273159,-6.232868893096185,-5.890070045242071,-5.877417845601446,-8.157730518260667,-8.422578071486306,0
b2AR-decoy_2696,CCC(O)(c1cn(Cc2ccc3c(c2)sc(C(=O)NC)c3c2ccccc2)nn1)C(F)(F)F,-9.544,-8.299438011178514,-6.421246088469882,-6.963336949542789,-5.964315787273158,-4.633868893096185,-5.27307004524207,-4.170417845601447,-6.843730518260667,-7.236578071486306,0
b2AR-decoy_2697,C/C=C/[C@H]1[C@H](C(=O)c2c(O)c(c3ccc(OC(=O)C4CC4)cc3)c[nH]c2=O)C=C(C)[C@H]2CC[C@H](C)C[C@@H]21,-10.736,-9.669438011178515,-8.111246088469882,-8.01333694954279,-7.003315787273159,-6.519868893096184,-6.078070045242072,-6.052417845601447,-7.513730518260667,-7.628578071486306,0
b2AR-decoy_2698,C=C[C@@](C)(CC[C@H]1C(C)=CC[C@H]2C(C)(C)CCC[C@@]21C)O[C@@H]1O[C@@H](C)[C@H](O)[C@@H](O)[C@H]1OC(C)=O,-9.89,-7.998438011178514,-7.350246088469881,-6.26933694954279,-5.629315787273159,-5.713868893096185,-4.573070045242071,-5.061417845601447,-6.976730518260666,-6.552578071486307,0
b2AR-decoy_2699,Cc1ccccc1NC(=O)c1ccc(NS(=O)(=O)c2cc(C(C)(C)C)cc(C)c2C)cc1,-10.013,-7.971438011178515,-8.298246088469881,-7.136336949542789,-6.406315787273158,-6.473868893096185,-5.061070045242071,-4.514417845601447,-6.451730518260666,-7.667578071486307,0
b2AR-decoy_27,N#Cc1ccc(C(=O)/C=C/c2c[nH]c3ccc(Br)cc23)cc1,-8.986,-6.544438011178515,-6.114246088469882,-5.537336949542789,-4.493315787273159,-4.036868893096185,-4.313070045242071,-3.735417845601447,-5.561730518260667,-5.540578071486307,0
b2AR-decoy_270,CCCCc1nn(c2ccccc2C(F)(F)F)c(=O)n1Cc1ccc(c2ccccc2S(=O)(=O)NC(=O)c2sccc2C)cc1,-11.277,-9.006438011178515,-7.25124608846988,-7.236336949542789,-6.342315787273158,-5.714868893096185,-5.140070045242071,-5.268417845601446,-7.331730518260667,-7.680578071486307,0
b2AR-decoy_2700,O=C(Cc1ccc(Cl)cc1)NC(NC(=O)Cc1ccc(Cl)cc1)c1ccccc1C(F)(F)F,-9.724,-8.046438011178514,-8.320246088469881,-7.530336949542789,-6.478315787273159,-6.0978688930961855,-5.004070045242072,-5.641417845601447,-7.179730518260666,-7.416578071486306,0
b2AR-decoy_2701,Nc1cc2c(=O)c(C(=O)OCc3ccc(Cl)cc3)cn(Cc3ccc(Cl)cc3)c2cc1Cl,-10.199,-8.432438011178515,-7.728246088469881,-6.71133694954279,-6.237315787273159,-5.624868893096185,-5.784070045242071,-5.230417845601448,-6.959730518260667,-7.354578071486307,0
b2AR-decoy_2702,Cc1ccc(NS(=O)(=O)c2cc(NC(=O)c3cc4c(s3)CCCC4)ccc2C)c(C)c1,-10.577,-9.209438011178516,-8.45324608846988,-7.137336949542791,-7.361315787273158,-5.938868893096185,-5.629070045242072,-5.384417845601448,-7.148730518260667,-7.900578071486306,0
b2AR-decoy_2703,CC(CO)(CO)C(=O)O[C@H]1CC[C@@]2(C)C(=CC[C@H]3C4=CC=C(c5cccnc5)[C@@]4(C)CC[C@@H]32)C1,-8.972,-8.872438011178515,-6.7012460884698815,-6.69333694954279,-5.644315787273159,-5.670868893096184,-4.454070045242071,-4.030417845601447,-6.113730518260667,-6.983578071486306,0
b2AR-decoy_2704,CC(C)C[C@@H](c1c(O)c(C=O)c(O)c(C=O)c1O)[C@@]1(C)CC[C@H]2C1=C[C@H](C(C)(C)O)CC[C@H]2C,-6.724,-5.560438011178515,-4.867246088469881,-3.881336949542789,-3.6203157872731584,-3.0158688930961848,-1.8410700452420707,-2.3364178456014466,-4.090730518260666,-3.6115780714863055,0
b2AR-decoy_2705,C=C(CC[C@@H](CO)[C@H]1[C@H](O)C[C@@]2(C)C3=CC[C@H]4C(C)(C)[C@H](O)CC[C@]4(C)C3=CC[C@]12C)C(C)(C)O,-8.676,-7.528438011178515,-6.143246088469882,-6.52033694954279,-5.592315787273158,-6.110868893096185,-4.069070045242071,-4.852417845601448,-6.517730518260667,-6.889578071486307,0
b2AR-decoy_2706,CNC(=O)c1ccc2c(c1)C(=O)c1ccc(Nc3cc(C(=O)N(C)C(C)C)ccc3C)cc1CC2,-9.465,-6.850438011178515,-6.505246088469882,-5.386336949542789,-4.784315787273158,-4.319868893096185,-3.940070045242072,-4.261417845601446,-5.237730518260666,-5.841578071486307,0
b2AR-decoy_2707,CC(O)(COc1cc(C(C)(C)C)cc(C(C)(C)C)c1)C(=O)Nc1ccc(C#N)c(C(F)(F)F)c1,-10.231,-7.869438011178515,-7.683246088469881,-6.23133694954279,-5.667315787273159,-5.301868893096184,-4.881070045242071,-4.668417845601447,-6.377730518260666,-6.395578071486307,0
b2AR-decoy_2708,Cc1ccc(OC(C)C(=O)Nc2ccc(C)c(S(=O)(=O)Nc3ccc(C)cc3C)c2)cc1,-10.372,-9.066438011178516,-8.051246088469881,-7.45833694954279,-6.341315787273159,-5.927868893096186,-5.575070045242072,-5.386417845601446,-6.947730518260666,-7.616578071486307,0
b2AR-decoy_2709,Cc1cc(F)ccc1NC(=O)c1ccc(NS(=O)(=O)c2cc(C(C)(C)C)ccc2C)cc1,-10.474,-8.290438011178516,-7.978246088469881,-7.104336949542789,-6.090315787273159,-6.197868893096185,-5.216070045242072,-4.802417845601447,-6.699730518260667,-8.247578071486307,0
b2AR-decoy_271,COc1cc([C@](O)(CC[NH+](C)C)[C@H](c2cc(OC(C)C)cnc2OC)c2cc3cc(Br)ccc3nc2OC)cc(OC)n1,-8.971,-7.325438011178516,-6.819246088469882,-5.87833694954279,-5.642315787273159,-5.094868893096185,-4.248070045242072,-4.473417845601446,-6.088730518260666,-6.179578071486306,0
b2AR-decoy_2710,CCOc1c(Cl)cccc1c1ccc([C@@H](C)NC(=O)C2(NC(=O)C(F)(F)F)CC2)c(F)c1,-9.324,-7.060438011178515,-6.750246088469881,-6.2513369495427895,-5.468315787273159,-5.157868893096184,-4.506070045242071,-4.401417845601447,-6.956730518260667,-6.321578071486307,0
b2AR-decoy_2711,O=C(c1cc2cc(C3CC3)ccc2[nH]1)N1CC(=O)N(Cc2ccc3cc[nH]c3c2)[C@@H](Cc2ccccc2)C1,-11.48,-9.976438011178516,-9.787246088469882,-7.33733694954279,-7.349315787273158,-6.672868893096185,-6.945070045242071,-5.732417845601447,-8.327730518260667,-7.583578071486306,0
b2AR-decoy_2712,COc1ccc(c2nc(SCc3csc(c4ccc(Cl)cc4)n3)nc(N)c2C#N)cc1,-9.188,-7.808438011178515,-6.649246088469882,-6.22133694954279,-5.606315787273159,-4.341868893096185,-4.703070045242072,-4.071417845601447,-5.742730518260666,-6.587578071486307,0
b2AR-decoy_2713,C[C@H](CC[C@@H](O)C(C)(C)O)[C@H]1CC[C@]2(C)C3CCC4C(C)(C)C(=O)C(C=O)=C[C@]4(C)C3=CC[C@]12C,-9.742,-8.422438011178516,-6.6562460884698815,-6.38133694954279,-6.652315787273158,-5.307868893096185,-3.875070045242071,-4.638417845601447,-6.307730518260666,-6.984578071486306,0
b2AR-decoy_2714,N#CC1=C(N)OC2=C(C(=O)CC(c3ccco3)C2)C1c1ccc(OCc2c(F)cccc2Cl)cc1,-10.76,-8.900438011178515,-8.149246088469882,-6.71533694954279,-6.463315787273158,-6.651868893096184,-6.096070045242071,-6.292417845601447,-7.007730518260667,-7.925578071486306,0
b2AR-decoy_2715,Cc1ccc(Cc2cc(c3ccc(Br)cc3)n(c3ccc(S(N)(=O)=O)cc3)n2)cc1,-10.453,-8.737438011178515,-7.4062460884698815,-7.08133694954279,-7.121315787273158,-6.121868893096185,-5.236070045242071,-5.612417845601447,-6.734730518260667,-8.160578071486306,0
b2AR-decoy_2716,COC(=O)c1ccc([C@H]2Nc3ccc(S(=O)(=O)Nc4ccc(C)cc4)cc3[C@H]3C=CC[C@H]32)cc1,-10.993,-9.392438011178514,-8.862246088469881,-7.874336949542791,-7.432315787273158,-5.957868893096185,-6.457070045242071,-6.119417845601447,-7.868730518260666,-8.210578071486307,0
b2AR-decoy_2717,Nc1cccc(Cn2c(c3ccc(Oc4cnccn4)cc3)ccc2c2ccccc2Cl)n1,-10.88,-7.993438011178515,-7.009246088469881,-7.10933694954279,-5.8013157872731576,-5.446868893096184,-4.115070045242071,-4.637417845601448,-6.259730518260666,-6.754578071486307,0
b2AR-decoy_2718,N#Cc1cc(C(=O)N/N=C/c2cccc3c2ccn3Cc2ccc(C(F)(F)F)cc2)ccc1O,-10.251,-8.853438011178515,-7.309246088469882,-7.518336949542789,-6.862315787273159,-5.876868893096185,-5.78907004524207,-5.941417845601446,-6.886730518260666,-7.942578071486306,0
b2AR-decoy_2719,Cc1noc(=O)c2ccc(NC(=O)C(O)(CC3(C4CCC4)CCCc4ccccc43)C(F)(F)F)cc12,-10.932,-9.168438011178516,-8.00124608846988,-7.88433694954279,-7.333315787273158,-6.893868893096185,-5.472070045242072,-5.893417845601446,-7.599730518260666,-7.937578071486307,0
b2AR-decoy_272,CC(=O)N1C[C@H]2[NH2+][C@H](CC(c3ccc(CCCOc4c(F)ccc(F)c4Cl)cc3)=C2C(=O)N(Cc2cccc(Cl)c2Cl)C2CC2)C1,-11.152,-8.418438011178516,-8.63824608846988,-7.7143369495427905,-7.004315787273159,-6.467868893096185,-5.604070045242072,-5.752417845601446,-8.155730518260667,-8.153578071486306,0
b2AR-decoy_2720,C[C@H](CCC=C(CO)CO)[C@H]1CC[C@@]2(C)C3=C(CC[C@]12C)[C@@]1(C)CCC(=O)C(C)(C)[C@@H]1CC3=O,-9.45,-8.397438011178515,-6.304246088469881,-6.342336949542791,-6.056315787273158,-5.2228688930961855,-4.412070045242071,-4.539417845601447,-6.797730518260666,-6.869578071486307,0
b2AR-decoy_2721,C=C1CC[C@H]2[C@@](C)(CC[C@@H](O)[C@@]2(C)CO)[C@@H]1C/C=C1/C(=O)OC[C@H]1Oc1cccc2ccc(C)nc12,-11.668,-9.348438011178516,-8.748246088469882,-7.399336949542789,-7.115315787273158,-6.985868893096185,-6.221070045242071,-5.228417845601447,-7.356730518260667,-7.042578071486307,0
b2AR-decoy_2722,O=C1CCCN1CCOc1ccc(C2Oc3cc(O)ccc3-c3sc4cc(O)ccc4c32)cc1,-10.262,-7.846438011178515,-7.264246088469882,-5.91433694954279,-6.056315787273158,-5.316868893096185,-5.504070045242072,-4.973417845601446,-6.808730518260667,-6.802578071486307,0
b2AR-decoy_2723,O=C(COc1ccccc1SCc1ccc(Cl)cc1)NNC(=O)c1ccccc1Cl,-9.783,-8.615438011178515,-7.574246088469881,-6.61833694954279,-6.188315787273158,-5.5388688930961845,-4.968070045242071,-4.938417845601446,-6.638730518260667,-6.913578071486306,0
b2AR-decoy_2724,CC1=CC[C@@H]2[C@@H](C1)c1c(O)cc(C(C)(C)CCCCC(=O)N(C)C)cc1OC2(C)C,-9.741,-7.461438011178515,-6.769246088469881,-5.922336949542789,-5.828315787273159,-5.123868893096185,-4.953070045242072,-3.890417845601446,-6.272730518260666,-6.1305780714863065,0
b2AR-decoy_2725,CC(C)c1cc(c2ccccc2)c(c2ccc(F)cc2)n1CC[C@@H]1C[C@@H](O)CC(=O)O1,-10.579,-7.876438011178514,-7.992246088469882,-6.48133694954279,-6.362315787273159,-6.189868893096184,-5.706070045242072,-4.710417845601446,-7.017730518260667,-6.527578071486307,0
b2AR-decoy_2726,CCO/C(O)=C1\C(CSc2ccccc2)=NC(C)=C(C#N)C1c1ccccc1C(F)(F)F,-8.846,-7.241438011178515,-6.518246088469882,-5.589336949542791,-5.303315787273158,-4.764868893096185,-4.008070045242072,-4.246417845601448,-5.668730518260666,-6.047578071486306,0
b2AR-decoy_2727,Cc1ccc(C(=O)O[C@H]2CC[C@@]3(C)C(=CC[C@H]4[C@@H]5CC/C(=N\O)[C@@]5(C)CC[C@@H]43)C2)cc1,-12.523,-10.277438011178516,-8.11924608846988,-8.24533694954279,-7.473315787273158,-6.997868893096184,-7.219070045242072,-6.365417845601447,-8.296730518260667,-8.089578071486306,0
b2AR-decoy_2728,CCC(/C=C/[C@@H](C)[C@H]1CC[C@H]2[C@@H]3CC=C4C(=O)[C@](O)(C(=O)OC)C[C@]4(C)[C@H]3CC[C@@]21C)C(C)C,-10.166,-8.545438011178515,-6.820246088469881,-7.034336949542789,-6.063315787273158,-5.587868893096184,-4.810070045242071,-4.967417845601446,-7.324730518260667,-6.810578071486306,0
b2AR-decoy_2729,COc1c(CC=C(C)C)cc(C2CC(=O)c3ccc(O)cc3O2)cc1CC=C(C)C,-8.973,-7.363438011178514,-7.306246088469882,-6.04533694954279,-5.535315787273159,-5.173868893096184,-4.559070045242072,-4.354417845601446,-6.064730518260667,-6.126578071486307,0
b2AR-decoy_273,CCCCN(CCCC)C(=O)c1cc(C)n(c2ccc(N[S+]([O-])c3c(C)onc3c3ccccc3)cc2C(=O)N2Cc3ccccc3C[C@H]2CO)n1,-10.803,-9.011438011178516,-7.103246088469881,-7.00933694954279,-6.152315787273158,-6.464868893096185,-5.16407004524207,-5.630417845601446,-7.4877305182606655,-7.083578071486306,0
b2AR-decoy_2730,N#Cc1c(c2ccccc2)cc(C(F)(F)F)c2c3n(nc12)C(c1ccccc1)CCN3,-9.728,-7.6564380111785155,-7.666246088469881,-6.6873369495427895,-6.638315787273159,-6.596868893096184,-4.351070045242071,-5.844417845601447,-7.497730518260667,-7.207578071486306,0
b2AR-decoy_2731,O=S(=O)(NCCCN1c2ccccc2CCc2ccc(Cl)cc21)c1ccc(Cl)cc1F,-7.679,-6.803438011178516,-6.072246088469882,-4.61633694954279,-4.554315787273159,-3.941868893096185,-2.8910700452420715,-3.459417845601447,-5.337730518260666,-4.817578071486307,0
b2AR-decoy_2732,C[C@]12CC[C@H]3[C@@H](CC=C4C[C@H](NC(=O)C5CCC5)CC[C@@]43C)[C@@H]1CC=C2n1ccnc1,-10.011,-8.251438011178514,-6.635246088469881,-7.54833694954279,-6.402315787273158,-5.8848688930961846,-5.750070045242071,-5.250417845601447,-6.718730518260667,-8.006578071486306,0
b2AR-decoy_2733,CC(C)=CCc1c(O)c2c(c3c1[C@@H]1COc4cc5c(cc4[C@@H]1O3)C=CC(C)(C)O5)C=CC(C)(C)O2,-10.621,-8.726438011178516,-8.197246088469882,-6.63133694954279,-6.967315787273158,-6.756868893096184,-6.170070045242071,-5.701417845601448,-7.501730518260667,-7.344578071486307,0
b2AR-decoy_2734,CCCCNC(=O)C1C(c2ccccc2)=Nc2ccccc2N1C(=O)c1ccc(C(F)(F)F)cc1,-10.14,-8.456438011178514,-8.647246088469881,-7.3073369495427904,-6.907315787273159,-6.557868893096185,-5.925070045242071,-5.945417845601448,-6.989730518260666,-7.683578071486307,0
b2AR-decoy_2735,CCC(C)(C)C1CCc2sc3ncnc(N/N=C(\C)c4ccc(OC)cc4)c3c2C1,-9.756,-7.525438011178515,-7.769246088469881,-6.47233694954279,-5.815315787273159,-5.982868893096185,-5.092070045242071,-4.9024178456014464,-6.283730518260667,-6.754578071486307,0
b2AR-decoy_2736,C[C@](O)(c1ccc(C(=O)N(C2CC2)[C@H]2CC[C@](C#N)(c3ccccc3)CC2)cc1)C(F)(F)F,-9.626,-8.573438011178515,-7.460246088469882,-6.12533694954279,-6.241315787273159,-6.159868893096185,-4.955070045242071,-5.131417845601447,-6.471730518260667,-7.338578071486307,0
b2AR-decoy_2737,N#Cc1c(C(F)(F)F)cc(c2ccccc2)c2c3n(nc12)C(c1ccccc1)CCN3,-10.316,-7.482438011178516,-8.84424608846988,-5.685336949542791,-5.918315787273158,-6.843868893096184,-4.835070045242071,-5.570417845601448,-7.094730518260667,-6.982578071486307,0
b2AR-decoy_2738,CC1=CC[C@@H]2[C@@H](C1)c1c(O)cc(C3(C(=O)OCCCCC#N)CCC3)cc1OC2(C)C,-9.303,-6.889438011178514,-6.669246088469881,-5.405336949542789,-5.863315787273159,-4.543868893096185,-4.035070045242071,-3.843417845601447,-5.697730518260666,-5.967578071486306,0
b2AR-decoy_2739,Cc1cc(S(=O)(=O)Nc2ccc(/N=C/c3cccs3)cc2)c2c(C)ccc(C(C)C)cc1-2,-7.855,-6.369438011178515,-5.591246088469881,-4.31433694954279,-3.882315787273159,-3.724868893096184,-3.233070045242071,-2.7454178456014464,-4.471730518260666,-4.847578071486306,0
b2AR-decoy_274,COc1ccc(C(=O)Nc2ccc(CNc3ccc(c4nc5cc(CC(=O)N[C@@H](CCCC[NH3+])C(=O)[O-])ccc5o4)cc3F)cc2)cc1Br,-9.443,-7.800438011178516,-7.373246088469882,-5.9373369495427895,-5.9343157872731584,-5.155868893096185,-4.294070045242071,-4.162417845601446,-6.320730518260666,-6.320578071486306,0
b2AR-decoy_2740,O=C1c2ccccc2C(OCc2cccc(O)c2)(c2ccccc2)N1Cc1ccccc1,-9.003,-8.829438011178516,-8.064246088469881,-7.15433694954279,-6.747315787273159,-6.3928688930961854,-4.841070045242072,-4.699417845601447,-7.306730518260666,-6.420578071486306,0
b2AR-decoy_2741,CC(=O)O[C@H]1CC[C@@]2(C)C(=CC(=O)[C@@H]3[C@@H]2CC[C@@]2(C)[C@H]3CC[C@@H]2[C@H](C)CCCC(C)(C)O)C1,-9.819,-8.257438011178515,-7.086246088469881,-6.89833694954279,-5.797315787273158,-5.3638688930961855,-4.541070045242071,-5.033417845601447,-6.896730518260666,-7.622578071486307,0
b2AR-decoy_2742,Cc1nc(NC(C)c2cccc(c3cnn(C)c3)c2)cc(c2ccc(C(C)C)cc2)n1,-10.559,-8.700438011178516,-8.704246088469882,-6.980336949542791,-6.686315787273159,-6.131868893096184,-6.294070045242071,-5.471417845601447,-7.090730518260667,-7.388578071486307,0
b2AR-decoy_2743,CC(C)N(Cc1ccncc1)C(=O)Cc1c2ccccc2[nH]c1c1ccc(Br)cc1,-8.967,-6.929438011178515,-6.900246088469881,-5.36933694954279,-4.994315787273159,-5.230868893096185,-1.8110700452420716,-3.606417845601447,-5.979730518260666,-6.305578071486307,0
b2AR-decoy_2744,COc1ccc(/C=C/Sc2nc(C(C)c3c(Cl)cccc3Cl)c(C)c(=O)[nH]2)cc1,-9.622,-7.513438011178515,-6.82824608846988,-5.57433694954279,-5.890315787273158,-5.768868893096185,-4.250070045242071,-4.123417845601447,-6.625730518260667,-6.029578071486306,0
b2AR-decoy_2745,COc1ccc(c2cc(C(F)(F)F)c(C#N)c(SCC(=O)Nc3ccccc3F)n2)cc1,-9.696,-8.577438011178515,-7.48824608846988,-6.569336949542789,-5.650315787273158,-5.698868893096185,-5.003070045242071,-4.457417845601446,-6.402730518260666,-7.296578071486307,0
b2AR-decoy_2746,C=C1CC[C@H]2[C@](C)(CCC=C(C)C)[C@H](O)CC[C@]2(C)[C@@H]1C[C@@]1(C(=O)OC)OC(C)=C(C)C1=O,-9.028,-7.345438011178516,-6.572246088469882,-6.39133694954279,-5.352315787273158,-5.018868893096185,-3.46307004524207,-4.006417845601447,-5.735730518260667,-6.286578071486307,0
b2AR-decoy_2747,COc1ccc2cc(CC(=O)OCCC3(C)CCc4c(C)c(O)c(C)c(C)c4O3)ccc2c1,-10.123,-7.989438011178516,-7.00124608846988,-6.6423369495427895,-5.481315787273159,-5.587868893096184,-5.11907004524207,-4.599417845601447,-5.803730518260666,-6.179578071486306,0
b2AR-decoy_2748,CCCCCn1cc(C(=O)N[C@H]2C(C)(C)[C@H]3CC[C@]2(C)C3)c(=O)c2cc(Br)ccc21,-9.489,-7.786438011178514,-7.447246088469882,-6.309336949542789,-5.875315787273159,-5.042868893096184,-4.86907004524207,-4.703417845601447,-6.517730518260667,-6.499578071486306,0
b2AR-decoy_2749,CCCNS(=O)(=O)c1ccc(c2ccc3c(cnn3c3ccc(F)cc3)c2)c(C(F)(F)F)c1,-8.031,-6.876438011178514,-6.185246088469881,-5.28233694954279,-5.152315787273158,-4.344868893096185,-3.467070045242071,-3.887417845601448,-5.552730518260667,-6.568578071486307,0
b2AR-decoy_275,C#CCNC(=O)[C@H](CC)[C@H]1CC[C@H](C)[C@H]([C@@H](C)[C@H](O)[C@H](C)C(=O)[C@H](CC)[C@H]2O[C@]3(C=C[C@H](O)[C@]4(CC[C@@](C)([C@H]5CC[C@](O)(CC)[C@H](C)O5)O4)O3)[C@H](C)C[C@@H]2C)O1,-9.609,-8.294438011178515,-7.352246088469881,-6.367336949542789,-6.610315787273159,-5.849868893096184,-4.96507004524207,-4.968417845601447,-7.480730518260666,-6.661578071486307,0
b2AR-decoy_2750,O=S(=O)(Nc1nccs1)c1ccc(Oc2ccc(c3ccccc3)cc2)cc1F,-9.938,-8.178438011178516,-7.147246088469881,-6.114336949542789,-5.630315787273158,-4.946868893096184,-4.784070045242071,-4.914417845601447,-5.9107305182606655,-7.606578071486307,0
b2AR-decoy_2751,COC(=O)c1sc2ccccc2c1NC(=O)CCSc1ccc(Br)cc1,-9.13,-7.098438011178516,-6.586246088469881,-5.354336949542789,-5.099315787273158,-4.650868893096185,-3.796070045242072,-4.106417845601447,-5.557730518260666,-6.177578071486307,0
b2AR-decoy_2752,O=C(C(Nc1ccccc1F)c1ccc(c2ccncc2)cc1)N1CCCC1c1ccccc1F,-11.489,-9.282438011178517,-7.973246088469882,-7.67033694954279,-8.120315787273158,-6.2838688930961855,-5.689070045242071,-5.722417845601447,-8.136730518260666,-7.594578071486307,0
b2AR-decoy_2753,C[C@H](CCC(=O)NC1CC1)[C@H]1CC[C@H]2[C@@H]3CC[C@@H]4C[C@@H](N=[N+]=[N-])CC[C@]4(C)[C@H]3CC[C@@]21C,-9.618,-8.055438011178515,-6.954246088469882,-6.5943369495427895,-5.989315787273158,-6.026868893096184,-4.297070045242071,-4.653417845601448,-7.069730518260666,-6.371578071486306,0
b2AR-decoy_2754,CC(C)(C)c1cc(/C=C2\CCN(c3ccc(Cl)cc3)S2(=O)=O)cc(C(C)(C)C)c1O,-9.415,-7.298438011178515,-6.829246088469882,-6.021336949542789,-5.316315787273158,-4.675868893096185,-4.579070045242071,-4.2774178456014464,-6.564730518260667,-6.257578071486307,0
b2AR-decoy_2755,CC(C)CCC[C@@H](C)C1CC[C@H]2[C@@H]3C[C@@H]([N+](=O)[O-])[C@H]4C[C@@H](O)CC[C@]4(C)[C@H]3CC[C@]12C,-9.972,-7.849438011178515,-7.41124608846988,-6.57733694954279,-5.850315787273159,-5.277868893096185,-3.92707004524207,-4.968417845601447,-6.601730518260666,-7.208578071486306,0
b2AR-decoy_2756,CCc1ccc(CSc2nc(c3ccccc3F)nc3c2Cc2c(CO)cnc(C)c2O3)cc1,-10.633,-8.210438011178516,-8.099246088469881,-6.36933694954279,-6.463315787273158,-5.4138688930961845,-5.780070045242072,-5.578417845601447,-6.855730518260666,-7.530578071486307,0
b2AR-decoy_2757,CCCCCc1ccc(C(=O)NN(C(=O)c2cc(C)cc(C)c2Cl)C(C)(C)C)cc1,-8.75,-6.873438011178514,-6.726246088469882,-6.02633694954279,-5.214315787273158,-4.7068688930961855,-4.582070045242071,-4.362417845601447,-6.320730518260666,-5.636578071486307,0
b2AR-decoy_2758,Cn1nc(C(C)(C)C)cc1c1nc2cc(c3ccccc3C(F)(F)F)nc(Cl)c2[nH]1,-9.805,-8.831438011178514,-7.183246088469881,-7.97833694954279,-6.011315787273158,-4.8798688930961855,-4.207070045242071,-4.003417845601447,-7.045730518260667,-7.124578071486306,0
b2AR-decoy_2759,O=C(OCc1ccccc1)/C(=C/c1ccc(Cl)cc1)NC(=O)c1ccccc1Cl,-9.531,-7.610438011178514,-7.868246088469881,-6.80233694954279,-6.587315787273159,-5.615868893096184,-4.830070045242071,-4.107417845601447,-6.261730518260666,-6.524578071486307,0
b2AR-decoy_276,COc1cc(c2n[nH]c3ccc(NC(=O)[C@]4(SC)CC[NH+](CC(=O)N5CC=C(c6ccc(c7ncccn7)cc6)CC5)C4)cc32)ccn1,-10.696,-8.602438011178515,-8.25124608846988,-7.17733694954279,-7.592315787273158,-6.076868893096185,-6.788070045242071,-6.457417845601446,-7.370730518260666,-8.130578071486307,0
b2AR-decoy_2760,CCOC(=O)[C@]1(C)CC[C@]2(C)CC[C@]3(C)C4=CC=C5C(=CC(=O)C(O)=C5C)[C@]4(C)CC[C@@]3(C)[C@@H]2C1,-9.919,-7.963438011178516,-7.742246088469882,-7.25433694954279,-6.416315787273158,-5.046868893096185,-6.145070045242072,-5.511417845601446,-7.0917305182606665,-6.410578071486306,0
b2AR-decoy_2761,CC1(c2cccc(Cl)c2)CC(c2cccc(Cl)c2)=C(C#N)C(=C(C#N)C#N)N1,-8.41,-6.242438011178516,-6.102246088469881,-5.764336949542789,-4.833315787273158,-4.494868893096184,-3.456070045242071,-4.364417845601446,-5.896730518260666,-5.297578071486306,0
b2AR-decoy_2762,FC(F)(F)c1ccccc1c1cc(C(F)(F)F)c2[nH]c(C3=NOC4(CCOCC4)C3)nc2c1,-10.359,-9.306438011178516,-8.03324608846988,-8.38433694954279,-6.911315787273159,-5.789868893096184,-5.330070045242071,-5.283417845601447,-8.277730518260666,-7.877578071486306,0
b2AR-decoy_2763,Cc1cc(C)c(c2ccccn2)cc1NC(=O)c1ccc(OCc2ccccn2)cc1,-10.54,-8.436438011178515,-6.8902460884698815,-6.998336949542789,-6.164315787273159,-5.401868893096184,-5.44907004524207,-4.924417845601447,-6.518730518260666,-7.521578071486306,0
b2AR-decoy_2764,CC(C)c1nc2c(c3c1[C@@H](c1ccc(C(F)(F)F)cc1)OC31CCOCC1)[C@@H](O)CC1(CC1)C2,-11.608,-9.638438011178517,-9.15124608846988,-7.11533694954279,-7.509315787273158,-6.303868893096185,-6.28607004524207,-6.621417845601448,-7.538730518260666,-8.676578071486306,0
b2AR-decoy_2765,CC(C)(C)N(NC(=O)c1ccc2c(c1Cl)CCCO2)C(=O)c1cc(Cl)cc(Cl)c1,-9.894,-8.157438011178515,-6.7542460884698805,-5.999336949542791,-5.306315787273158,-6.137868893096185,-4.335070045242071,-4.842417845601446,-6.020730518260667,-6.522578071486306,0
b2AR-decoy_2766,Cn1nc(C(C)(C)C)c(Cl)c1c1nc2cc(c3ccccc3C(F)(F)F)ncc2[nH]1,-8.784,-8.146438011178516,-6.718246088469881,-7.41033694954279,-5.787315787273158,-4.486868893096185,-3.81807004524207,-3.770417845601447,-6.837730518260667,-6.631578071486306,0
b2AR-decoy_2767,C[C@](O)(c1ccc(S(=O)(=O)c2ccc(c3ccc(C#N)cc3)cc2C2CC2)cc1)C(F)(F)F,-10.676,-8.754438011178515,-7.426246088469881,-6.861336949542789,-6.124315787273158,-5.563868893096185,-5.31807004524207,-5.088417845601446,-6.843730518260667,-7.468578071486306,0
b2AR-decoy_2768,Cc1ccccc1c1coc2c(c(O)cc3occ(c4ccccc4C)c(=O)c32)c1=O,-10.404,-8.398438011178515,-7.194246088469882,-8.00833694954279,-7.067315787273158,-5.131868893096184,-5.264070045242072,-4.598417845601446,-6.853730518260667,-6.944578071486307,0
b2AR-decoy_2769,O=C(CSc1nccnc1c1ccccc1Cl)Nc1ccc(Cl)cc1Br,-8.822,-7.198438011178515,-7.136246088469882,-5.51033694954279,-5.375315787273159,-5.529868893096184,-4.18307004524207,-4.737417845601447,-5.922730518260666,-5.859578071486306,0
b2AR-decoy_277,CO/C1=C\C(C)=C\[C@@H](C)[C@@H](O)[C@@H](C)C/C(C)=C/C=C/[C@H](OC)[C@@H]([C@@H](C)[C@@H](O)[C@H](C)[C@@]2(O)C[C@@H](C(=O)Oc3ccccc3)[C@H](C)[C@@H](C(C)C)O2)OC1=O,-7.156,-5.323438011178515,-5.2252460884698815,-3.84033694954279,-3.8573157872731594,-3.1638688930961845,-2.937070045242071,-2.5114178456014464,-3.8177305182606665,-5.155578071486307,0
b2AR-decoy_2770,O=C(c1ccn2c1CSC2c1cccnc1)c1c[nH]c2c(OCc3ccccc3)cccc12,-10.781,-8.557438011178515,-8.72524608846988,-7.05133694954279,-7.701315787273158,-6.758868893096185,-6.30207004524207,-5.589417845601448,-7.129730518260667,-7.591578071486307,0
b2AR-decoy_2771,CC(C)c1nc(C(=O)NCc2ccc(Cl)c(F)c2)c(c2ccc(C#N)cc2)s1,-9.345,-7.221438011178515,-7.128246088469881,-5.967336949542791,-5.844315787273159,-4.934868893096185,-5.080070045242071,-4.739417845601446,-5.883730518260666,-6.182578071486306,0
b2AR-decoy_2772,COc1ccc(/C(Cl)=C/C=C(\C#N)C(=O)c2c[nH]c3ccc(Br)cc23)cc1OC,-8.957,-7.380438011178516,-6.259246088469881,-5.26033694954279,-4.706315787273159,-4.291868893096185,-4.238070045242072,-3.688417845601446,-5.245730518260666,-5.419578071486306,0
b2AR-decoy_2773,O=c1c(/C=C/C(O)c2ccc(F)cc2)coc2cccc(OCC3CCCCC3)c12,-10.291,-8.347438011178514,-8.24724608846988,-6.710336949542789,-6.278315787273158,-6.367868893096185,-5.657070045242071,-5.160417845601447,-6.911730518260667,-7.738578071486307,0
b2AR-decoy_2774,FC(F)(F)c1ccccc1c1cc(C(F)(F)F)c2[nH]c(C3=NOC4(CCCCC4)C3)nc2c1,-10.67,-9.786438011178516,-8.095246088469882,-8.92733694954279,-7.107315787273159,-6.3688688930961845,-5.300070045242071,-5.253417845601447,-8.508730518260666,-8.297578071486306,0
b2AR-decoy_2775,CCS(=O)(=O)c1ccc(CC(=O)Nc2ccc(c3cc(Cl)ccc3Cl)s2)cc1,-9.467,-8.292438011178515,-6.341246088469882,-6.082336949542789,-5.414315787273159,-4.807868893096185,-4.700070045242072,-4.713417845601446,-5.932730518260666,-5.715578071486307,0
b2AR-decoy_2776,CCS(=O)(=O)N(Cc1ccc(F)c(C(F)(F)F)c1)c1sc2ccccc2c1C(C)(C)O,-9.378,-7.340438011178515,-6.9112460884698805,-5.646336949542789,-5.592315787273158,-4.703868893096185,-4.701070045242071,-4.562417845601447,-6.133730518260666,-6.580578071486306,0
b2AR-decoy_2777,CN(C)c1ccc(/C=C/C(=O)/C=C/c2ccc(N(c3ccccc3)c3ccccc3)cc2)cc1,-9.43,-7.0814380111785145,-7.035246088469881,-5.915336949542789,-5.629315787273159,-5.215868893096184,-5.098070045242071,-4.549417845601447,-6.138730518260667,-6.341578071486307,0
b2AR-decoy_2778,CCOC(=O)[C@]1(C)CCC[C@]2(C)[C@@H]1CC[C@@]13C/C(=N\OCc4c(C)noc4C)[C@@](C)(CC[C@@H]21)C3,-9.914,-8.089438011178515,-7.398246088469881,-6.698336949542791,-6.203315787273159,-5.938868893096185,-4.35307004524207,-5.351417845601446,-6.496730518260666,-6.492578071486307,0
b2AR-decoy_2779,CCC(C)(C)c1nnc(c2nn(c3ccc(Cl)cc3Cl)c(c3ccc(Cl)cc3)c2C)o1,-8.395,-8.483438011178515,-5.735246088469881,-6.27233694954279,-5.544315787273158,-6.109868893096184,-3.852070045242071,-4.108417845601446,-6.860730518260667,-6.154578071486306,0
b2AR-decoy_278,CCn1nc(Cc2cc(C(F)(F)F)cc(C(F)(F)F)c2)cc1C1CC[NH+](C[C@H]2C[NH+]([C@@H](C(=O)[O-])C(C)C)C[C@@H]2c2cccc(F)c2)CC1,-11.161,-9.259438011178515,-9.39524608846988,-7.406336949542789,-7.602315787273158,-7.603868893096184,-7.187070045242072,-5.994417845601447,-8.294730518260666,-8.993578071486306,0
b2AR-decoy_2780,C=C(CC)C(=O)c1ccc(OCc2nc(c3ccc4ccccc4c3)cs2)cc1Cl,-10.308,-8.338438011178516,-7.239246088469882,-6.50733694954279,-6.505315787273158,-5.910868893096184,-5.304070045242071,-5.491417845601447,-7.318730518260667,-7.427578071486307,0
b2AR-decoy_2781,CC(=O)O[C@H]1CC[C@]2(C)[C@H]3CC[C@@]4(C)[C@@H](CC[C@@H]4[C@H](C)CCCC(C)C)[C@@H]3C[C@@H]3O[C@@]32C1,-9.795,-8.153438011178515,-6.8742460884698815,-6.995336949542789,-5.983315787273158,-5.593868893096184,-4.890070045242071,-5.433417845601447,-6.4987305182606665,-6.839578071486306,0
b2AR-decoy_2782,O=C(c1ccc(N2CCN(c3cccc(Cl)c3Cl)CC2)cc1)C1CC1c1ccc(Cl)cc1,-10.525,-8.853438011178515,-7.51724608846988,-7.155336949542789,-6.499315787273158,-5.620868893096185,-5.126070045242072,-4.460417845601446,-7.202730518260667,-7.644578071486306,0
b2AR-decoy_2783,Cc1nn(c2ccccc2)c(Oc2ccccc2F)c1c1nnc(c2ccc(Br)cc2)o1,-10.831,-9.499438011178515,-7.579246088469882,-7.55833694954279,-7.350315787273159,-6.117868893096185,-6.025070045242071,-5.951417845601448,-7.145730518260667,-8.229578071486307,0
b2AR-decoy_2784,CCCn1c(SCC)c2cc3cc4ccccc4cc3cc2c1c1nc(F)nc(F)n1,-9.216,-7.679438011178515,-6.960246088469882,-6.354336949542789,-5.418315787273158,-5.733868893096185,-4.684070045242072,-5.206417845601447,-6.409730518260666,-6.741578071486307,0
b2AR-decoy_2785,CCCCc1ccc(CCc2cc3c(s2)-n2c(C)nnc2CN=C3c2ccccc2Cl)cc1,-9.586,-8.485438011178514,-7.68724608846988,-6.99433694954279,-6.576315787273158,-6.144868893096184,-6.364070045242071,-5.259417845601448,-6.474730518260666,-7.916578071486306,0
b2AR-decoy_2786,C=C(CC[C@@H](C)[C@H]1CC[C@H]2C3=C(C(=O)C[C@@]21C)[C@@]1(C)CCC(=O)[C@@H](C)[C@@H]1CC3)C(C)C(=O)OC,-10.375,-9.011438011178516,-7.484246088469881,-7.4963369495427905,-6.732315787273159,-5.775868893096185,-4.69907004524207,-5.324417845601447,-6.523730518260667,-7.251578071486307,0
b2AR-decoy_2787,N#Cc1cc(c2ccc(Cl)cc2)c(c2ccc(Cl)cc2Cl)nc1OCc1ccc(F)cc1,-8.378,-7.594438011178514,-7.425246088469882,-6.21133694954279,-5.326315787273158,-5.578868893096185,-5.279070045242071,-4.356417845601447,-6.513730518260667,-6.3965780714863065,0
b2AR-decoy_2788,CCCCCN(CCCC)c1cc(C)nc2c(c3ccc(Cl)cc3Cl)nn(C)c12,-7.805,-6.931438011178516,-5.895246088469881,-5.05233694954279,-4.485315787273159,-4.077868893096184,-3.5060700452420708,-3.759417845601448,-5.025730518260667,-5.024578071486307,0
b2AR-decoy_2789,CC1(C)C(C=C(Cl)Cl)C1C(=O)OC(C#N)c1ccc(F)c(Oc2ccccc2)c1,-9.438,-7.236438011178516,-6.775246088469881,-5.8603369495427895,-5.713315787273158,-5.173868893096184,-4.774070045242072,-4.028417845601448,-6.438730518260666,-6.254578071486307,0
b2AR-decoy_279,CCCCc1nn(c2ccccc2C(F)(F)F)c(=O)n1Cc1ccc(c2ccccc2S(=O)(=O)NC(=O)C2C(C)(C)C2(C)C)cc1,-10.057,-8.826438011178515,-6.980246088469881,-6.966336949542789,-6.768315787273158,-5.719868893096185,-5.637070045242071,-5.093417845601447,-7.098730518260666,-6.863578071486307,0
b2AR-decoy_2790,CCCCCCCC(=O)CO[C@]1(C)CCC[C@]2(C)[C@@H]1CC[C@@]13CC(=O)[C@@](C)(CC[C@@H]21)C3,-9.236,-8.024438011178516,-7.000246088469881,-6.30133694954279,-5.490315787273158,-6.141868893096184,-4.690070045242072,-4.415417845601446,-6.804730518260666,-6.2715780714863065,0
b2AR-decoy_2791,CSc1ccc(CSc2ncc(c3ccc(F)cc3)c(c3ccncc3)n2)cc1,-8.816,-7.629438011178514,-6.603246088469881,-5.3923369495427895,-5.150315787273158,-5.114868893096185,-5.15107004524207,-4.064417845601447,-6.6447305182606655,-5.942578071486306,0
b2AR-decoy_2792,CCCCCCCCS(=O)(=O)N1CCC(=C2c3ccc(Cl)cc3CCc3cccnc32)CC1,-7.49,-5.279438011178515,-5.101246088469881,-3.79233694954279,-4.083315787273159,-2.574868893096185,-2.377070045242071,-2.2144178456014467,-4.162730518260666,-4.492578071486307,0
b2AR-decoy_2793,Cc1ccc2[nH]c(/C(C#N)=C\c3ccc(Oc4ccc(C(F)(F)F)cc4[N+](=O)[O-])cc3)nc2c1,-10.75,-8.775438011178515,-8.131246088469881,-7.7783369495427905,-6.417315787273159,-5.643868893096185,-5.24107004524207,-5.479417845601446,-7.552730518260667,-7.933578071486307,0
b2AR-decoy_2794,COc1ccc2c(c1)C(C(=O)N(Cc1ccc(N(C)C)cc1)c1ccc(C(C)C)cc1)CCC2,-9.582,-8.262438011178515,-7.44024608846988,-6.874336949542791,-6.499315787273158,-5.661868893096186,-5.370070045242072,-5.188417845601446,-6.265730518260666,-7.061578071486306,0
b2AR-decoy_2795,O=C1/C(=C\c2cccc(Oc3ccccc3)c2)SC(c2ccccc2)N1Cc1ccccc1,-10.614,-8.547438011178516,-8.27624608846988,-6.92733694954279,-6.997315787273159,-6.608868893096185,-5.431070045242072,-5.760417845601447,-6.912730518260666,-7.408578071486307,0
b2AR-decoy_2796,CCN(CC)c1ccc(S[C@@H]2CC3=CC(=O)CC[C@]3(C)[C@H]3CC[C@]4(C)C(=O)CC[C@H]4[C@@H]32)cc1,-9.925,-8.797438011178516,-6.925246088469882,-7.767336949542789,-6.306315787273158,-6.124868893096185,-5.419070045242071,-5.864417845601446,-6.826730518260666,-6.641578071486306,0
b2AR-decoy_2797,CC(C)Cc1ccc(C(C)c2nnc(COc3ccc(c4ccccc4)cc3)o2)cc1,-10.72,-9.097438011178514,-7.964246088469881,-7.0783369495427895,-7.017315787273159,-6.764868893096185,-5.740070045242071,-4.855417845601448,-7.620730518260666,-7.919578071486306,0
b2AR-decoy_2798,Cc1ccccc1c1cc(C(OCc2ccc(Br)cc2)c2cncn2C)ccc1C#N,-9.745,-7.370438011178516,-7.369246088469881,-5.947336949542789,-5.645315787273159,-5.3798688930961855,-5.179070045242071,-4.429417845601448,-6.274730518260666,-6.599578071486306,0
b2AR-decoy_2799,CC1=N[C@H](CC(C)C)C(=O)N(Cc2ccc(C(C)(C)C)cc2)c2cc(C(=O)OC(C)(C)C)ccc21,-8.758,-6.295438011178515,-5.559246088469881,-5.22733694954279,-4.646315787273158,-4.077868893096184,-3.287070045242072,-3.3554178456014467,-5.419730518260666,-5.750578071486306,0
b2AR-decoy_28,COc1ccc(C2CC(=O)c3c(O)cc(OC)c(CC=C(C)C)c3O2)cc1,-8.519,-6.553438011178516,-5.911246088469881,-5.23433694954279,-4.752315787273158,-4.2678688930961854,-4.544070045242071,-3.425417845601447,-5.647730518260666,-5.334578071486307,0
b2AR-decoy_280,C=C1C(=O)[C@@]23[C@@H](CC[C@@H]1[C@H]2OC(=O)CCC(=O)OCCOc1ccc(c2cc(=S)ss2)cc1)[C@@]12CO[C@@]3(O)[C@@H](O)[C@@H]1C(C)(C)CC[C@@H]2OC(C)=O,-8.494,-7.857438011178516,-6.9272460884698805,-5.70933694954279,-5.372315787273159,-4.553868893096185,-3.780070045242072,-4.241417845601447,-6.0917305182606665,-5.711578071486306,0
b2AR-decoy_2800,CCC/C(=N\OC(Cn1ccnc1)c1ccc(Cl)cc1Cl)c1ccc(Cl)cc1Cl,-9.215,-7.518438011178516,-7.350246088469881,-6.482336949542789,-5.792315787273159,-5.181868893096185,-4.499070045242071,-4.260417845601447,-5.661730518260667,-6.3165780714863065,0
b2AR-decoy_2801,CC1(C)C(c2ccccc2)=NN(C(=O)COc2cccc3cccnc23)C1c1ccccc1Cl,-11.05,-9.629438011178516,-8.42424608846988,-8.51733694954279,-7.343315787273159,-7.098868893096185,-6.864070045242071,-6.157417845601447,-7.920730518260667,-8.776578071486307,0
b2AR-decoy_2802,FC(F)(F)c1cc(CSc2nnc(c3ccccn3)n2Cc2cccs2)ccc1Cl,-10.261,-8.142438011178514,-7.294246088469881,-6.864336949542789,-6.280315787273159,-5.572868893096185,-5.34007004524207,-4.678417845601446,-6.3257305182606665,-6.946578071486307,0
b2AR-decoy_2803,CN(C)c1ccc(/C=C/c2ccc(c3nc4ccc(OCCCF)cc4o3)cc2)cc1,-8.94,-7.2974380111785155,-5.753246088469881,-5.870336949542789,-5.160315787273159,-4.419868893096185,-4.313070045242071,-3.834417845601447,-5.154730518260666,-5.893578071486306,0
b2AR-decoy_2804,CC(C)CCC[C@@H](C)[C@H]1CC[C@H]2[C@@]34C=C[C@@]5(CC(=O)CC[C@]5(C)[C@H]3CC[C@]12C)OO4,-9.847,-8.305438011178515,-7.005246088469882,-6.62833694954279,-5.975315787273159,-5.773868893096184,-5.030070045242072,-5.200417845601447,-7.496730518260666,-6.926578071486306,0
b2AR-decoy_2805,CC(C)=CCC/C(C)=C/Cc1c(=O)c2c(O)cc(O)c(CC=C(C)C)c2oc1c1ccc(O)cc1O,-9.027,-7.650438011178515,-6.593246088469881,-6.2193369495427895,-5.452315787273159,-4.412868893096185,-4.724070045242071,-4.593417845601447,-5.657730518260667,-6.452578071486306,0
b2AR-decoy_2806,COC(=O)/C=C/c1cccc(N(Cc2ccc(/C=C/c3cccc(F)c3)cc2)C(=O)C(C)C)c1,-10.04,-7.820438011178515,-6.952246088469881,-6.543336949542789,-5.574315787273159,-5.346868893096184,-4.24107004524207,-4.834417845601447,-6.797730518260666,-6.159578071486306,0
b2AR-decoy_2807,CN(C(=O)Oc1ccc(Cl)cc1)[C@H]1CC[C@H](c2ccc(C[N+]3([O-])CCCCC3)cc2)CC1,-9.469,-7.170438011178515,-6.426246088469881,-6.37533694954279,-5.189315787273159,-5.762868893096185,-4.626070045242072,-4.278417845601448,-5.928730518260666,-6.897578071486306,0
b2AR-decoy_2808,CO[C@H]1C[C@@H]2C[C@H](OC)CC[C@]2(C)[C@H]2CC[C@@]3(C)[C@@H](CC[C@@H]3[C@H](C)CCC(=O)N3CCCC3)[C@H]12,-10.28,-8.101438011178516,-8.09424608846988,-6.758336949542789,-6.266315787273159,-5.7438688930961845,-5.663070045242071,-5.222417845601447,-7.603730518260667,-6.887578071486306,0
b2AR-decoy_2809,N#Cc1ccc(C(OCc2ccc(C#N)cc2c2cccc(Cl)c2)c2cncs2)cc1,-9.264,-7.106438011178515,-6.663246088469881,-6.220336949542789,-5.630315787273158,-5.605868893096185,-5.050070045242071,-4.330417845601447,-6.374730518260666,-6.075578071486307,0
b2AR-decoy_281,COc1ccc(S(=O)(=O)N(C)C[C@@H]2Oc3ccc(NS(=O)(=O)c4ccc(Cl)cc4)cc3CC(=O)N([C@@H](C)CO)C[C@H]2C)cc1,-7.846,-5.864438011178515,-5.921246088469881,-5.26933694954279,-4.031315787273159,-4.125868893096184,-3.4740700452420707,-2.8174178456014465,-4.951730518260667,-5.019578071486306,0
b2AR-decoy_2810,COc1ccc(C(=O)c2c3cc(c4ccc(OC)nc4)ccc3oc2c2ccc(OC)cc2)cc1,-8.616,-7.620438011178516,-7.1132460884698805,-5.47833694954279,-5.975315787273159,-4.910868893096184,-4.36907004524207,-4.101417845601446,-6.629730518260667,-5.705578071486306,0
b2AR-decoy_2811,CN(C)c1ccc(/C=C/c2ccc(c3nc4cc(OCCCF)ccc4s3)cc2)cc1,-8.859,-7.046438011178514,-5.627246088469882,-5.351336949542789,-4.892315787273159,-4.216868893096185,-4.258070045242072,-3.6174178456014463,-5.263730518260666,-5.910578071486306,0
b2AR-decoy_2812,Clc1ccc(COC2c3c(Cl)cc(Cl)cc3SC2Cn2ccnc2)c(Cl)c1,-9.446,-7.153438011178515,-6.998246088469882,-6.02533694954279,-6.062315787273159,-5.125868893096184,-4.319070045242071,-4.409417845601446,-5.694730518260666,-6.325578071486307,0
b2AR-decoy_2813,C[C@H]1CC[C@@H]2C(C)(C)[C@H](OS(C)(=O)=O)CC[C@@]2(C)[C@@H]1/C=C/c1ccc(c2cccc(F)c2)cn1,-11.233,-8.898438011178515,-7.367246088469882,-6.9373369495427895,-6.756315787273158,-7.099868893096184,-5.739070045242071,-5.815417845601447,-7.623730518260666,-7.847578071486307,0
b2AR-decoy_2814,COc1ccc([C@@H]2[C@@H](CCCc3ccccc3)C(=O)N2c2ccc(OC(F)(F)F)cc2)cc1,-10.591,-8.995438011178516,-7.585246088469882,-7.01333694954279,-7.278315787273158,-5.8978688930961845,-5.865070045242071,-5.501417845601447,-6.806730518260666,-7.725578071486307,0
b2AR-decoy_2815,O=C(/C=C/c1cn(c2ccccc2)nc1c1ccc(OCc2ccccc2)cc1)c1ccccc1,-10.322,-9.168438011178516,-7.434246088469882,-6.627336949542789,-6.583315787273158,-6.063868893096185,-5.473070045242071,-5.141417845601447,-7.754730518260667,-8.507578071486307,0
b2AR-decoy_2816,CC(=O)O[C@H]1CC[C@@]2(C)[C@@H](CC[C@]3(C)[C@@H]2CCC2[C@@H]([C@@](C)(O)CCC=C(C)C)CC[C@]23C)C1(C)C,-9.038,-7.603438011178515,-6.444246088469882,-6.335336949542789,-5.359315787273159,-5.450868893096185,-4.18007004524207,-4.865417845601447,-6.6447305182606655,-6.568578071486307,0
b2AR-decoy_2817,Cc1ccc(CS(=O)(=O)/C(=C/c2cccc(Cl)c2Cl)C(=O)c2ccc(Cl)cc2)cc1,-10.448,-8.334438011178515,-7.502246088469882,-6.919336949542791,-6.618315787273158,-4.9938688930961845,-5.381070045242071,-5.151417845601447,-5.705730518260667,-6.830578071486306,0
b2AR-decoy_2818,CC(C)=CCc1c(O)c(CC=C(C)C)c2oc(c3ccc(O)cc3O)c(CC=C(C)C)c(=O)c2c1O,-8.636,-7.005438011178516,-6.9992460884698815,-5.264336949542789,-4.985315787273159,-5.121868893096185,-4.18307004524207,-3.731417845601447,-5.653730518260666,-5.623578071486307,0
b2AR-decoy_2819,COc1ccc(N2C(=O)[C@H](Oc3ccc(C=O)cc3)[C@@H]2c2c3ccccc3cc3ccccc23)cc1,-11.53,-9.522438011178515,-8.995246088469882,-7.97433694954279,-8.451315787273158,-7.225868893096184,-6.852070045242071,-6.459417845601447,-7.294730518260666,-8.026578071486307,0
b2AR-decoy_282,CC(=O)c1cccc(CN2C(=O)N(Cc3cccc(C(C)=O)c3)[C@H](Cc3ccc4c(c3)CCO4)[C@H](O)[C@@H](O)[C@H]2Cc2ccc3c(c2)CCO3)c1,-9.281,-7.395438011178514,-6.359246088469881,-5.91133694954279,-6.151315787273159,-4.833868893096184,-4.192070045242071,-4.558417845601447,-6.2537305182606655,-6.047578071486306,0
b2AR-decoy_2820,COc1ccc(c2nn(c3ccc(Cl)cc3)cc2/C=C\C(=O)c2ccc(Cl)cc2)cc1,-9.925,-8.411438011178515,-6.919246088469881,-7.71533694954279,-6.766315787273159,-5.917868893096184,-5.271070045242071,-4.811417845601447,-6.856730518260667,-7.072578071486307,0
b2AR-decoy_2821,CCCN(CCC)c1c([N+](=O)[O-])cc(Sc2cc(C)c(Cl)cc2Cl)cc1[N+](=O)[O-],-7.801,-5.363438011178515,-5.1322460884698815,-4.39933694954279,-3.937315787273159,-2.806868893096185,-2.545070045242072,-2.989417845601447,-4.662730518260666,-4.4285780714863066,0
b2AR-decoy_2822,CC(=O)c1cccc(C(=O)O[C@H]2CCC[C@@]3(C)[C@H]2CC[C@@H]3[C@H](C)CCCC(C)C)c1,-10.404,-8.760438011178515,-7.853246088469881,-6.74733694954279,-6.826315787273158,-6.120868893096185,-5.310070045242071,-5.089417845601448,-7.193730518260667,-6.995578071486307,0
b2AR-decoy_2823,COc1ccc2c(Cc3c(Cl)cncc3Cl)nncc2c1C#CCCCc1ccccc1,-9.003,-7.022438011178515,-6.811246088469881,-5.67333694954279,-4.774315787273158,-4.516868893096184,-4.549070045242072,-4.242417845601446,-6.731730518260667,-6.554578071486306,0
b2AR-decoy_2824,N#Cc1c(C(F)(F)F)cc(c2ccc(Oc3ccccc3)cc2)n(Cc2ccc(F)cc2F)c1=O,-9.778,-7.958438011178515,-6.6562460884698815,-5.89733694954279,-6.121315787273158,-4.765868893096185,-5.591070045242072,-4.341417845601447,-6.344730518260667,-6.647578071486306,0
b2AR-decoy_2825,Cc1noc(c2ccc3c(c2)c2c(n3CCCSc3cc(F)cc(F)c3)CCC(F)(F)C2)n1,-11.027,-9.283438011178514,-8.027246088469882,-8.140336949542789,-7.490315787273158,-6.747868893096184,-6.10307004524207,-6.173417845601447,-7.062730518260667,-7.791578071486306,0
b2AR-decoy_2826,O=C1C(=O)N(Cc2ccc(c3ccccc3)cc2)c2ccc(OCc3ccc(Cl)cc3)cc21,-10.513,-9.464438011178515,-7.51724608846988,-7.3873369495427905,-6.493315787273158,-6.508868893096185,-6.226070045242071,-5.7774178456014464,-7.177730518260667,-8.902578071486307,0
b2AR-decoy_2827,CC(C)(C)c1cn(CC(OCc2ccc(Cl)cc2)c2ccc(Cl)cc2Cl)nn1,-9.387,-7.617438011178516,-6.814246088469881,-6.02333694954279,-6.169315787273158,-4.813868893096185,-4.35007004524207,-4.545417845601447,-5.957730518260666,-6.425578071486306,0
b2AR-decoy_2828,CC(C)=CCC/C(C)=C/Cc1c(O)c2c(c(/C=C/C(=O)c3ccc(O)c(O)c3)c1O)OC(C)(C)C=C2,-9.993,-7.917438011178515,-6.9882460884698805,-6.60033694954279,-6.342315787273158,-5.1798688930961845,-4.739070045242071,-4.901417845601447,-6.3257305182606665,-6.604578071486307,0
b2AR-decoy_2829,CCCCc1oc2ccccc2c1Cc1ccc2c(Br)c(OCn3cnnn3)ccc2c1,-10.407,-7.639438011178514,-7.713246088469882,-6.69533694954279,-6.381315787273158,-5.596868893096184,-5.0130700452420704,-5.611417845601446,-6.674730518260667,-7.635578071486307,0
b2AR-decoy_283,CC(=O)OC[C@H]1O[C@@H](O[C@@H]2C[C@H]3C(C)(C)[C@H](OC(C)=O)CC[C@]3(C)[C@H]3CC[C@]45C[C@]4(CC[C@H]5[C@@H](C)C[C@@H](O)[C@@H]4OC4(C)C)[C@]23C)[C@H](O)[C@@H](O)[C@@H]1O,-7.976,-6.545438011178515,-6.598246088469882,-6.258336949542789,-5.299315787273159,-4.328868893096185,-4.210070045242071,-4.310417845601448,-5.141730518260666,-6.273578071486307,0
b2AR-decoy_2830,Cc1ccc(S/C(=C/c2ccc(N(C)C)cc2)C(=O)c2ccc(Br)cc2)cc1,-9.392,-7.289438011178515,-5.638246088469881,-6.024336949542789,-6.216315787273159,-4.849868893096184,-3.984070045242071,-3.647417845601448,-5.6127305182606655,-5.9895780714863065,0
b2AR-decoy_2831,Clc1ccc(c2nc3occn3c2/C=N/OCc2ccc(Cl)c(Cl)c2)cc1,-10.273,-7.945438011178515,-7.351246088469882,-6.70933694954279,-5.814315787273159,-4.637868893096185,-4.514070045242072,-4.089417845601448,-5.2247305182606665,-6.8035780714863066,0
b2AR-decoy_2832,O=c1oc2ccccc2c2c1C1CC(c3ccc(c4ccccc4)cc3)(Oc3ccccc31)O2,-12.195,-10.493438011178515,-9.10324608846988,-8.255336949542789,-7.467315787273158,-7.300868893096185,-6.939070045242071,-6.071417845601447,-8.303730518260666,-9.039578071486307,0
b2AR-decoy_2833,CCCc1ccc2c(c1)COP(=S)(Oc1cc(C)ccc1C(C)C)O2,-9.433,-7.458438011178515,-6.861246088469882,-5.63233694954279,-5.778315787273158,-5.0868688930961845,-4.214070045242071,-4.091417845601447,-6.384730518260666,-6.671578071486307,0
b2AR-decoy_2834,C[C@H]1CCC([C@@H](C)[C@H]2CC[C@H]3[C@@H]4CC=C5C[C@@H](O)CC[C@]5(C)[C@H]4CC[C@@]32C)=NC1,-11.329,-9.717438011178515,-8.13524608846988,-7.22733694954279,-7.188315787273158,-6.894868893096184,-6.256070045242071,-6.631417845601447,-7.510730518260667,-7.549578071486307,0
b2AR-decoy_2835,Cc1ccc(Sc2cccc3c2C(=O)c2cccc(Sc4ccc(C)cc4)c2C3=O)cc1,-10.562,-8.191438011178516,-7.147246088469881,-8.05133694954279,-7.065315787273159,-5.3638688930961855,-4.883070045242072,-6.164417845601447,-7.531730518260666,-7.217578071486306,0
b2AR-decoy_2836,CC(C)C(=O)N(N=Nc1cc(C(F)(F)F)ccc1C#N)c1cc(C(F)(F)F)ccc1C#N,-9.37,-7.123438011178514,-7.257246088469881,-5.588336949542789,-5.997315787273159,-4.796868893096185,-4.825070045242072,-4.638417845601447,-6.761730518260666,-6.406578071486306,0
b2AR-decoy_2837,C[N+](C)(CCCN1c2ccccc2Sc2ccc(Cl)cc21)Cc1ccccc1Cl,-9.99,-7.952438011178515,-7.535246088469881,-6.17333694954279,-6.156315787273158,-5.704868893096185,-4.410070045242071,-5.148417845601447,-5.837730518260667,-6.921578071486307,0
b2AR-decoy_2838,CCCCCCOc1cccc2c1C(=O)C=CC21Oc2cccc3cccc(c23)O1,-9.172,-6.959438011178515,-7.462246088469881,-6.264336949542789,-5.544315787273158,-5.510868893096184,-2.791070045242071,-4.398417845601447,-6.005730518260666,-6.584578071486307,0
b2AR-decoy_2839,C[C@]12CC[C@H]3[C@H]([C@@H]1CCC2=O)[C@H](CCCc1ccccc1)CC1=CC(=O)CC[C@@]13C,-11.643,-9.219438011178514,-8.989246088469882,-7.50433694954279,-7.486315787273158,-6.875868893096184,-6.343070045242071,-6.445417845601448,-8.216730518260666,-8.066578071486306,0
b2AR-decoy_284,CC(C)[C@@H](C)[C@@]1(C)CC[C@]2(C)[C@H]3CC[C@H]4[C@@]5(C)COC[C@@]4(C[C@@H](n4ncnc4c4ncccn4)[C@@H]5OC[C@](C)([NH3+])C(C)C)C3=CC[C@@]2(C)[C@@H]1C(=O)[O-],-8.553,-7.222438011178514,-7.495246088469882,-5.73433694954279,-6.494315787273159,-5.228868893096184,-3.36207004524207,-3.991417845601447,-4.552730518260667,-6.496578071486306,0
b2AR-decoy_2840,O=C1/C(=C\c2ccc(Cl)cc2)SC2(CCCCC2)N1c1ccc(Br)cc1,-9.796,-8.745438011178516,-7.954246088469882,-7.62833694954279,-6.590315787273159,-5.770868893096186,-4.952070045242071,-5.014417845601447,-6.549730518260667,-6.951578071486306,0
b2AR-decoy_2841,COc1ccc(/C=N\O[Si](C)(C)C(C)(C)C)cc1O[Si](C)(C)C(C)(C)C,-7.252,-4.984438011178515,-4.727246088469881,-3.72133694954279,-3.4963157872731587,-3.149868893096185,-2.174070045242071,-2.227417845601446,-3.874730518260666,-4.064578071486307,0
b2AR-decoy_2842,CO/C=C(/C(=O)OC)c1ccccc1/C=C/c1ccc(c2ccccc2C(F)(F)F)o1,-10.064,-7.454438011178516,-7.026246088469881,-5.829336949542789,-5.802315787273159,-4.962868893096184,-4.727070045242071,-4.419417845601448,-6.360730518260667,-7.280578071486307,0
b2AR-decoy_2843,CC(=O)OC1CC[C@@]2(C)C(=CC[C@@H]3[C@@H]2CC[C@@]2(C)[C@H]3CC[C@@H]2[C@H](C)CCCC(C)C)C1,-10.327,-8.500438011178515,-7.301246088469881,-7.10233694954279,-5.852315787273158,-5.090868893096184,-5.570070045242071,-5.004417845601447,-6.867730518260666,-7.155578071486307,0
b2AR-decoy_2844,C[C@]12C=CC(=O)C=C1CCC1C2CC[C@@]2(C)C1CC[C@]2(Cl)[S+]([O-])Cc1ccccc1,-10.811,-10.151438011178517,-8.016246088469881,-8.32633694954279,-7.477315787273158,-7.749868893096185,-6.066070045242071,-6.846417845601447,-8.786730518260667,-8.800578071486306,0
b2AR-decoy_2845,O=C(c1ccccc1Cl)c1scnc1c1cc(Br)cc(C(F)(F)F)c1,-9.849,-6.885438011178515,-7.0362460884698805,-5.83333694954279,-5.389315787273159,-4.741868893096184,-4.93007004524207,-4.455417845601447,-5.885730518260667,-5.377578071486306,0
b2AR-decoy_2846,C=C1C(=O)[C@@]23CC[C@H](C(=C)C)[C@@](C)(CCC(=O)OC4CCCCC4)[C@@H]2CC[C@H]1C3,-10.051,-7.886438011178516,-7.470246088469882,-6.438336949542789,-6.111315787273158,-5.635868893096184,-5.186070045242071,-5.289417845601447,-7.226730518260666,-6.853578071486307,0
b2AR-decoy_2847,COc1ccc(F)cc1C(C)(C)CC(O)(Cc1cccc(Cl)c1Cl)C(F)(F)F,-9.502,-7.5474380111785155,-6.9112460884698805,-6.4323369495427904,-5.495315787273158,-4.964868893096185,-4.76007004524207,-4.401417845601447,-5.659730518260666,-6.277578071486307,0
b2AR-decoy_2848,COc1cccc(/C=C/C(=O)OC[C@@]2(C)CCC[C@]3(C)[C@@H]2CC[C@@]24C=C[C@@](C)(CC[C@@H]32)C4)c1,-11.365,-10.240438011178515,-7.986246088469882,-7.58433694954279,-6.679315787273158,-6.088868893096185,-6.089070045242071,-5.817417845601447,-8.115730518260666,-7.748578071486307,0
b2AR-decoy_2849,Clc1ccc2c(c1)S[C@H](Cn1ccnc1)[C@@H]2OCc1cc(Cl)sc1Cl,-8.464,-6.486438011178516,-6.117246088469882,-5.4243369495427896,-4.870315787273158,-4.207868893096185,-4.05507004524207,-3.3544178456014464,-5.533730518260667,-5.677578071486307,0
b2AR-decoy_285,Cc1ccc2cccc(OCc3c(N4CCCC4=O)ccc(n4cccc4CNC(=O)/C=C/c4ccc(N5CCCC5=O)cc4)c3N3CCCC3=O)c2n1,-11.122,-9.887438011178515,-7.9832460884698815,-7.200336949542789,-6.410315787273159,-5.349868893096184,-5.096070045242071,-5.673417845601447,-6.871730518260666,-8.410578071486306,0
b2AR-decoy_2850,Cc1ccc(N2CCN(c3ccc(C(=O)/C=C/c4ccc(Cl)cc4)cc3)CC2)c(C)c1,-9.959,-8.720438011178516,-7.301246088469881,-6.553336949542789,-6.409315787273158,-5.106868893096184,-4.780070045242072,-3.927417845601447,-6.322730518260666,-7.931578071486307,0
b2AR-decoy_2851,CC(C)N=C1CCCC1C(=S)SSC(=S)C1CCCC1=NC(C)C,-7.554,-5.743438011178515,-5.141246088469881,-4.22533694954279,-3.929315787273159,-3.676868893096184,-2.788070045242071,-2.6044178456014464,-4.649730518260666,-3.9795780714863063,0
b2AR-decoy_2852,Cc1ccc(S(=O)(=O)c2nc(c3cccs3)oc2SC(C)c2ccccc2)cc1,-10.226,-7.9064380111785155,-7.627246088469882,-6.43933694954279,-5.450315787273159,-5.701868893096185,-5.108070045242071,-5.055417845601447,-6.668730518260666,-7.447578071486307,0
b2AR-decoy_2853,CC(C)(C)c1cc(c2ccc(C(=O)N3CCCCC3)s2)cc(C(C)(C)C)[s+]1,-8.909,-6.550438011178516,-6.32824608846988,-5.10033694954279,-4.811315787273159,-4.1748688930961855,-3.847070045242072,-3.891417845601447,-5.605730518260666,-5.600578071486307,0
b2AR-decoy_2854,COc1ccc(/C=C/C(=O)c2cc(C(C)(C)C)c(OC)c(C(C)(C)C)c2)cc1,-8.434,-6.234438011178515,-6.136246088469882,-5.0333369495427895,-5.073315787273158,-3.985868893096185,-2.8830700452420714,-3.318417845601447,-5.164730518260666,-4.5825780714863065,0
b2AR-decoy_2855,Cc1ccc2cccc(OCc3cccc(COc4cccc5ccc(C)nc45)c3)c2n1,-10.866,-9.279438011178517,-9.011246088469882,-6.438336949542789,-6.878315787273159,-6.346868893096184,-5.910070045242071,-5.597417845601447,-6.943730518260667,-7.766578071486306,0
b2AR-decoy_2856,CN(C)c1ccc(/C=C2/CC[C@@]3(C)[C@@H](CC[C@@H]3c3ccc4ccncc4c3)C2)cc1,-12.073,-9.950438011178516,-8.511246088469882,-7.819336949542789,-7.996315787273158,-6.8978688930961845,-6.643070045242071,-5.532417845601447,-8.147730518260666,-8.206578071486307,0
b2AR-decoy_2857,O=c1cc(N2CCCCC2)oc2c1cccc2c1cc(c2ccsc2)cs1,-9.634,-6.979438011178516,-7.096246088469881,-5.5173369495427895,-6.1843157872731584,-5.375868893096184,-5.264070045242072,-5.157417845601447,-6.211730518260666,-5.992578071486307,0
b2AR-decoy_2858,COC(=O)[C@]1(C)CCC[C@]2(C)c3cc(c4cscn4)c(C(C)C)cc3CC[C@H]21,-8.814,-7.459438011178515,-5.445246088469881,-5.19333694954279,-4.651315787273158,-5.160868893096184,-3.408070045242071,-3.5594178456014465,-6.600730518260667,-5.530578071486307,0
b2AR-decoy_2859,CC1=CCC[C@@H]2[C@]1(C)CC[C@H](C)[C@@]2(C)CC1=CC(=O)C(SC(C)C)=CC1=O,-9.25,-7.706438011178514,-6.943246088469881,-6.236336949542789,-5.436315787273159,-5.164868893096184,-4.095070045242071,-4.426417845601447,-6.647730518260666,-6.676578071486306,0
b2AR-decoy_286,C[NH2+][C@@](C)(CO[C@H]1[C@H](n2ncnc2c2ccccn2)C[C@@]23COC[C@]1(C)[C@@H]2CC[C@H]1C3=CC[C@@]2(C)[C@H](C(=O)[O-])[C@@](C)([C@H](C)C(C)C)CC[C@]12C)C(C)C,-8.525,-7.410438011178515,-6.855246088469881,-5.986336949542789,-6.157315787273159,-5.435868893096185,-4.027070045242072,-4.363417845601447,-5.437730518260667,-6.469578071486307,0
b2AR-decoy_2860,Cc1cc(Sc2c([N+](=O)[O-])cc([N+](=O)[O-])cc2C(F)(F)F)c(Cl)cc1Cl,-7.987,-5.858438011178516,-6.002246088469882,-5.473336949542789,-4.719315787273159,-4.080868893096184,-3.179070045242071,-3.9764178456014463,-4.794730518260667,-5.000578071486306,0
b2AR-decoy_2861,CC1(C)C(/C=C(\Cl)C(F)(F)F)C1C(=O)OC(C#N)c1cccc(Oc2ccccc2)c1,-10.14,-7.777438011178516,-7.384246088469881,-6.52633694954279,-6.196315787273159,-5.339868893096185,-5.152070045242072,-4.498417845601447,-6.6237305182606665,-6.859578071486306,0
b2AR-decoy_2862,O=C(CSc1c(F)c(F)c2cc(C(=O)c3ccccc3)sc2c1F)c1ccccc1,-10.564,-8.642438011178514,-7.264246088469882,-6.809336949542789,-6.317315787273158,-5.753868893096184,-5.575070045242072,-5.105417845601448,-7.414730518260667,-7.502578071486306,0
b2AR-decoy_2863,C[C@H]1OC(=O)[C@@H]2C[C@@H]3CCCC[C@H]3[C@H](/C=C/c3ccc(c4ccccc4Cl)cn3)[C@H]12,-11.404,-9.800438011178516,-8.217246088469881,-7.441336949542789,-7.321315787273159,-6.739868893096185,-6.364070045242071,-6.237417845601447,-8.219730518260667,-8.803578071486307,0
b2AR-decoy_2864,COc1ccc2cc1Oc1ccc(cc1)/C=C/c1cccc(OC)c1Oc1cccc(c1)CC2,-6.298,-5.407438011178515,-4.389246088469881,-4.69033694954279,-4.009315787273159,-3.226868893096185,-1.1010700452420714,-2.196417845601447,-4.335730518260666,-3.8465780714863063,0
b2AR-decoy_2865,CC(C)c1cc2c(cc1OC(=O)c1cccnc1)[C@@]1(C)CCCC(C)(C)[C@@H]1CC2,-10.296,-9.018438011178516,-8.333246088469881,-6.88433694954279,-6.804315787273158,-7.201868893096185,-5.49707004524207,-5.619417845601447,-7.396730518260666,-7.024578071486307,0
b2AR-decoy_2866,COc1ccc(c2oc3ccc(c4ccc5c(c4)OCO5)cc3c2c2ccc(OC)nc2)cc1,-9.425,-8.321438011178515,-7.07824608846988,-5.496336949542791,-5.271315787273158,-4.944868893096185,-5.328070045242072,-3.9764178456014463,-6.396730518260666,-6.463578071486307,0
b2AR-decoy_2867,CC1=CC[C@@H]2[C@@H](C1)c1c(O)cc(C(C)(C)c3ccccc3C)cc1OC2(C)C,-10.28,-8.069438011178516,-7.46924608846988,-6.98133694954279,-6.902315787273158,-5.874868893096185,-6.27607004524207,-5.126417845601447,-7.508730518260666,-7.363578071486307,0
b2AR-decoy_2868,O=C(/C=C/c1ccc(/C=C/C(=O)c2ccc3ccccc3c2)cc1)c1ccc2ccccc2c1,-11.265,-9.600438011178516,-8.397246088469881,-7.48733694954279,-7.381315787273158,-6.7678688930961854,-6.572070045242072,-6.098417845601446,-7.666730518260666,-8.903578071486306,0
b2AR-decoy_2869,Clc1ccc(COC2c3cc(Cl)ccc3SC2Cn2ccnc2)c(Cl)c1,-8.96,-6.814438011178515,-6.6612460884698805,-5.6423369495427895,-5.5593157872731584,-4.797868893096185,-4.298070045242071,-4.026417845601447,-5.772730518260666,-5.737578071486306,0
b2AR-decoy_287,CCCCCCCC(=O)SCC/C=C/[C@@H]1CC(=O)NCc2nc(cs2)C2=N[C@@](C)(CS2)C(=O)N[C@H](Cc2cccc3ccccc23)C(=O)O1,-7.922,-6.039438011178516,-5.3902460884698815,-4.825336949542789,-4.314315787273158,-3.5728688930961843,-2.302070045242071,-3.521417845601446,-4.938730518260666,-5.392578071486307,0
b2AR-decoy_2870,CCn1c2ccccc2c2cc(/C=C/C(=O)c3ccc(I)cc3)ccc21,-9.037,-8.012438011178515,-7.430246088469881,-6.585336949542789,-6.369315787273159,-5.637868893096185,-4.524070045242072,-4.882417845601447,-6.186730518260667,-6.736578071486306,0
b2AR-decoy_2871,CC1=CC[C@@H]2[C@@H](C1)c1c(O)cc(C(C)(C)c3ccc(F)cc3)cc1OC2(C)C,-10.679,-8.397438011178515,-7.209246088469881,-6.59033694954279,-6.172315787273158,-6.145868893096186,-6.655070045242072,-5.185417845601448,-7.502730518260666,-7.343578071486306,0
b2AR-decoy_2872,Clc1sccc1CO[C@@H]1c2ccc3ccccc3c2S[C@@H]1Cn1ccnc1,-9.542,-7.841438011178516,-7.191246088469882,-6.2353369495427895,-6.086315787273158,-5.415868893096185,-4.952070045242071,-4.533417845601447,-5.9057305182606665,-7.334578071486307,0
b2AR-decoy_2873,CC(Oc1ccccc1Cl)C(=O)ON=C1CCCCCCCCCCC(=O)OCCC1,-6.462,-4.471438011178515,-4.417246088469882,-2.94433694954279,-2.9793157872731584,-2.3288688930961845,-1.6880700452420712,-1.8664178456014469,-3.0777305182606662,-3.719578071486307,0
b2AR-decoy_2874,Cc1ccc2c(c1)[C@H](C(C)C)CC[C@]21C[C@H](CC(C)C)C2=C(O1)C(C)(C)C(=O)C(C)(C)C2=O,-9.488,-7.837438011178515,-7.889246088469882,-6.31133694954279,-6.454315787273158,-5.5048688930961855,-4.014070045242072,-5.023417845601447,-6.550730518260666,-6.870578071486307,0
b2AR-decoy_2875,CCOc1c(/N=N/c2ccccc2Cl)c(c2ccccc2)nn1C(=S)S,-8.536,-7.014438011178514,-6.3262460884698815,-4.97933694954279,-4.805315787273159,-4.225868893096184,-3.7550700452420713,-3.302417845601447,-5.206730518260667,-5.534578071486306,0
b2AR-decoy_2876,CCCCCCC1(c2cc(O)c3c(c2)OC(C)(C)[C@@H]2CC=C(C)C[C@@H]32)CCCC1,-9.636,-7.179438011178515,-6.668246088469882,-6.232336949542789,-5.242315787273158,-4.968868893096184,-5.412070045242071,-4.070417845601448,-5.947730518260666,-6.176578071486306,0
b2AR-decoy_2877,COc1ccc(F)cc1C(C)(C)CC(O)(Cc1ccc(C)c2ccccc12)C(F)(F)F,-9.495,-7.7494380111785155,-7.6402460884698815,-7.066336949542789,-6.155315787273159,-5.920868893096184,-4.848070045242071,-4.313417845601446,-6.257730518260667,-6.147578071486306,0
b2AR-decoy_2878,O=C(/C=C/c1ccc(/C=C/C(=O)c2cccc3ccccc23)cc1)c1cccc2ccccc12,-11.346,-9.182438011178515,-8.593246088469881,-7.18933694954279,-7.617315787273158,-6.792868893096184,-5.884070045242071,-4.963417845601446,-7.996730518260666,-9.004578071486307,0
b2AR-decoy_2879,Cn1cccc1/C=C/c1cc(Br)c(/C=C/c2cccn2C)cc1Br,-9.334,-6.614438011178516,-6.355246088469881,-4.76833694954279,-5.336315787273158,-4.712868893096184,-4.46507004524207,-4.127417845601446,-5.643730518260666,-5.774578071486307,0
b2AR-decoy_288,COc1ccc(C(CCCNS(=O)(=O)c2cccs2)N2C(=O)c3cccc(N4CC[NH+]([C@H](C)c5ccccc5)CC4)c3C2=O)cc1OC,-10.548,-8.304438011178515,-7.577246088469881,-6.89733694954279,-6.871315787273158,-5.753868893096184,-5.577070045242071,-5.388417845601447,-7.095730518260666,-7.374578071486306,0
b2AR-decoy_2880,O=S(=O)(c1ccc(Cl)cc1Cl)c1sc2ncccc2c1c1ccc(Cl)cc1,-9.4,-7.111438011178516,-7.45324608846988,-5.95633694954279,-5.721315787273159,-4.980868893096185,-4.76007004524207,-4.096417845601447,-6.721730518260667,-6.140578071486306,0
b2AR-decoy_2881,CC(=O)[C@H]1CC[C@H]2[C@@H]3CC[C@@H]4C[C@@](O)(c5ccccc5)CC[C@]4(C)[C@H]3CC[C@]12C,-11.422,-10.335438011178516,-7.755246088469882,-7.74333694954279,-6.361315787273158,-6.502868893096185,-5.77307004524207,-6.809417845601447,-7.931730518260666,-7.662578071486306,0
b2AR-decoy_2882,CC(C)=C(c1cccnc1)c1cc(Cl)cc(/C=C/c2ccc(c3ccncc3)cc2)c1,-9.877,-8.324438011178515,-7.546246088469882,-6.518336949542789,-6.179315787273158,-6.064868893096184,-5.902070045242072,-4.890417845601446,-7.215730518260667,-7.286578071486307,0
b2AR-decoy_2883,O=C(/C=C/c1ccccc1)c1ccc(OCc2cc(c3ccc(Cl)c(Cl)c3)no2)cc1,-10.282,-8.476438011178516,-7.2972460884698815,-6.056336949542789,-6.102315787273158,-5.903868893096185,-5.186070045242071,-4.736417845601446,-6.6237305182606665,-7.910578071486306,0
b2AR-decoy_2884,COc1cc(/C=C/c2cc(O)c(CCC(C)C)c(O)c2)cc2c1O[C@]1(C)CC[C@@H](O)C(C)(C)[C@H]1C2,-10.723,-8.853438011178515,-8.261246088469882,-6.49733694954279,-6.450315787273159,-5.536868893096186,-5.048070045242071,-4.991417845601447,-7.459730518260667,-7.155578071486307,0
b2AR-decoy_2885,O=C(/C=C/c1ccc(n2ccnc2)cc1)c1ccc(OCc2ccc(Cl)cc2Cl)cc1,-9.929,-7.838438011178516,-6.791246088469881,-6.17033694954279,-6.018315787273158,-4.896868893096185,-4.654070045242071,-5.060417845601448,-5.958730518260666,-6.620578071486307,0
b2AR-decoy_2886,Cc1c(N2Cc3ccccc3C2=O)cccc1c1ccc(C(N)=O)c2[nH]c3cc(C(C)(C)O)ccc3c21,-11.671,-9.381438011178515,-8.191246088469882,-7.61933694954279,-6.283315787273159,-8.031868893096185,-5.35607004524207,-5.483417845601446,-8.716730518260666,-8.727578071486306,0
b2AR-decoy_2887,O=C1c2ccccc2C(=O)N1CCCCN(C(=O)c1ccc(Cl)s1)c1ccc(Cl)cc1,-9.732,-7.353438011178515,-7.175246088469882,-6.4533369495427895,-5.153315787273158,-5.356868893096184,-4.924070045242072,-4.694417845601446,-6.322730518260666,-6.820578071486306,0
b2AR-decoy_2888,COC(=O)c1cc(CSc2nnc(c3ccc(C)cc3)c(c3ccc(C)cc3)n2)oc1C,-9.787,-7.989438011178516,-7.821246088469881,-5.27933694954279,-5.014315787273159,-5.230868893096185,-4.910070045242071,-4.934417845601447,-6.201730518260666,-6.003578071486306,0
b2AR-decoy_2889,Cc1ccc(Nc2ccc(Nc3ccc(C)cc3)c3c2C(=O)c2cccc(O)c2C3=O)cc1,-10.653,-8.484438011178515,-7.885246088469881,-6.967336949542791,-6.475315787273159,-5.916868893096185,-6.428070045242071,-6.080417845601447,-7.672730518260666,-7.703578071486307,0
b2AR-decoy_289,CC[C@H]1C[NH+]2CCc3cc(OC)c(OC)cc3[C@@H]2C[C@@H]1C[C@@H]1c2cc(OC)c(OC)cc2CCN1C(=S)NCc1ccc(Cl)cc1,-10.308,-8.372438011178515,-7.776246088469881,-7.8073369495427904,-6.503315787273159,-5.389868893096185,-5.817070045242071,-5.661417845601447,-7.441730518260666,-7.778578071486306,0
b2AR-decoy_2890,COC1CC(C)(C)Oc2nc(c3ccc(Cl)cc3Cl)c(c3ccc(Cl)cc3)cc21,-9.236,-8.425438011178516,-7.324246088469881,-6.242336949542789,-6.604315787273158,-5.101868893096185,-4.220070045242071,-3.861417845601446,-5.611730518260666,-4.857578071486307,0
b2AR-decoy_2891,FC(F)Oc1ccc(c2csc(COc3ccc(C4SCCS4)cc3)n2)cc1,-9.438,-7.410438011178515,-6.412246088469882,-6.11333694954279,-5.623315787273159,-4.702868893096184,-4.288070045242071,-3.871417845601448,-5.526730518260667,-5.843578071486306,0
b2AR-decoy_2892,Cc1cc(O)ccc1NC(=O)c1ccccc1Sc1ccc2c(/C=C/c3ccccn3)n[nH]c2c1,-12.04,-9.813438011178516,-9.02624608846988,-8.23033694954279,-8.326315787273158,-7.294868893096185,-6.114070045242071,-5.910417845601447,-7.443730518260667,-8.397578071486306,0
b2AR-decoy_2893,Cc1ccc2[nH]cc(C(/C(=N\O)c3ccc(Br)cc3)c3c[nH]c4ccc(C)cc34)c2c1,-10.28,-8.601438011178516,-7.94024608846988,-7.06133694954279,-7.426315787273157,-6.024868893096185,-6.0130700452420704,-5.408417845601447,-7.206730518260667,-7.241578071486307,0
b2AR-decoy_2894,Clc1ccc(Cn2cc(CSc3nnc(c4ccccc4)c(c4ccccc4)n3)nn2)cc1,-10.423,-8.440438011178514,-7.569246088469882,-6.358336949542791,-5.853315787273159,-5.595868893096185,-5.488070045242072,-4.897417845601447,-6.830730518260667,-6.621578071486306,0
b2AR-decoy_2895,C=C1CCC2[C@@](C)(C(=O)OC)CCC[C@]2(C)[C@H]1CCc1ccc2c(c1)C(=O)C=C(C)C2=O,-10.907,-9.216438011178516,-8.35624608846988,-7.030336949542789,-6.868315787273158,-6.173868893096184,-5.713070045242072,-5.625417845601447,-7.206730518260667,-7.313578071486306,0
b2AR-decoy_2896,O=C(Oc1ccc2c(=O)c(c3ccccc3Cl)c(C(F)(F)F)oc2c1)c1cccs1,-10.244,-7.506438011178515,-6.59424608846988,-6.0943369495427895,-5.563315787273158,-5.1428688930961854,-5.111070045242071,-4.037417845601446,-6.210730518260666,-6.470578071486306,0
b2AR-decoy_2897,O=c1c(Cl)c(c2ccccc2)[nH]c2c(c3ccc(Cl)cc3)c(Cc3ccccc3)nn12,-10.715,-7.548438011178515,-8.06224608846988,-7.07433694954279,-7.118315787273158,-6.459868893096184,-6.66107004524207,-5.416417845601448,-7.132730518260667,-6.995578071486307,0
b2AR-decoy_2898,N#Cc1cc(Cl)cc(Oc2cc(OCc3cc(c4ccccc4)[nH]n3)ccc2Cl)c1,-9.89,-8.273438011178515,-7.845246088469882,-7.26933694954279,-5.908315787273159,-6.051868893096184,-5.35307004524207,-5.135417845601447,-6.023730518260667,-7.849578071486306,0
b2AR-decoy_2899,CC(=O)O[C@H]1CC[C@@]2(C)C(=CC[C@H]3[C@@H]4CC[C@H](c5nnc(c6ccco6)o5)[C@@]4(C)CC[C@@H]32)C1,-10.608,-8.871438011178515,-8.227246088469881,-8.03533694954279,-7.165315787273158,-6.638868893096184,-5.250070045242071,-6.199417845601447,-7.526730518260667,-7.443578071486307,0
b2AR-decoy_29,CN1C(=O)/C(=C/c2cc(N=Nc3ccccc3)ccc2O)SC1=S,-9.686,-7.698438011178515,-7.103246088469881,-6.028336949542791,-5.378315787273159,-4.814868893096184,-4.572070045242072,-4.217417845601446,-5.460730518260666,-6.829578071486306,0
b2AR-decoy_290,Cc1ccc(C(c2c[nH]c3ccc(C(=O)N/N=C/c4cc(O)ccc4O)cc23)c2c[nH]c3ccc(C(=O)N/N=C/c4cc(O)ccc4O)cc23)cc1,-11.969,-9.579438011178516,-9.43524608846988,-8.034336949542789,-8.909315787273158,-7.307868893096185,-6.992070045242071,-7.481417845601447,-8.393730518260666,-8.623578071486307,0
b2AR-decoy_2900,CC(C)(C)C(=O)N(CCc1ccsc1)C[C@@H]1CSC(c2ccccc2)N1C(=O)c1ccccc1,-9.81,-7.544438011178515,-7.198246088469881,-5.889336949542789,-5.668315787273158,-5.5708688930961845,-4.592070045242071,-4.105417845601448,-5.971730518260667,-6.032578071486306,0
b2AR-decoy_2901,CC(=O)N1C[C@@H](O[C@@H](C)c2cc(C(F)(F)F)cc(C(F)(F)F)c2)[C@H](c2ccccc2)C1,-10.738,-8.315438011178514,-8.30824608846988,-7.01033694954279,-6.691315787273158,-6.329868893096185,-5.697070045242072,-5.183417845601447,-7.015730518260666,-7.444578071486307,0
b2AR-decoy_2902,Cn1nc(c2c(F)cccc2Cl)nc1c1sc(c2ccc(C(F)(F)F)cc2)cc1Cl,-9.459,-8.366438011178515,-7.31224608846988,-7.2143369495427905,-5.739315787273158,-5.402868893096185,-5.496070045242071,-5.671417845601447,-7.370730518260666,-7.583578071486306,0
b2AR-decoy_2903,CC(=O)c1ccc(c2cc(c3ccc([N+](=O)[O-])c4cccnc43)c(c3ccc(C(C)=O)cc3)o2)cc1,-10.294,-9.400438011178515,-7.915246088469882,-7.55833694954279,-6.712315787273159,-5.9298688930961845,-5.588070045242072,-5.078417845601447,-7.389730518260666,-7.574578071486307,0
b2AR-decoy_2904,Cn1c(C23CCC(c4nc(c5ccc(F)cc5)no4)(CC2)CC3)nnc1c1ccc(OC(F)F)cc1,-9.07,-8.754438011178515,-7.06524608846988,-5.656336949542789,-6.031315787273158,-5.091868893096185,-4.643070045242071,-5.026417845601447,-5.942730518260666,-6.518578071486306,0
b2AR-decoy_2905,COC(=O)[C@@H](CCC=C(C)C)[C@@H]1CC[C@]2(C)C3=CC[C@H]4[C@@](C)(CO)C(=O)CC[C@]4(C)[C@H]3CC[C@@]12C,-9.539,-7.373438011178514,-6.359246088469881,-5.694336949542789,-5.273315787273159,-5.3048688930961845,-3.900070045242071,-4.224417845601447,-6.366730518260667,-5.637578071486306,0
b2AR-decoy_2906,N#Cc1cc(Cl)cc(Oc2cc(OCc3n[nH]c(c4ccncc4)c3Cl)ccc2Cl)c1,-9.549,-7.814438011178515,-7.141246088469881,-6.229336949542789,-5.956315787273159,-5.928868893096185,-5.152070045242072,-4.592417845601446,-6.101730518260666,-6.823578071486306,0
b2AR-decoy_2907,S=c1[nH]nc(COc2ccccc2Cl)n1/N=C/c1ccc(c2ccc(Cl)cc2Cl)o1,-10.056,-8.611438011178516,-7.412246088469882,-6.97733694954279,-6.201315787273158,-5.858868893096185,-5.45907004524207,-4.738417845601447,-6.542730518260667,-7.096578071486306,0
b2AR-decoy_2908,Clc1ccc(c2noc(CSc3nnc(Cc4cccs4)n3c3ccccc3)n2)cc1,-10.094,-8.061438011178515,-7.298246088469881,-6.93633694954279,-5.635315787273159,-5.282868893096184,-5.253070045242071,-5.447417845601446,-6.299730518260667,-6.647578071486306,0
b2AR-decoy_2909,Clc1ccccc1c1nnc(SCc2nc(c3ccccc3)no2)n1c1ccccc1,-11.358,-9.009438011178515,-8.168246088469882,-7.726336949542789,-6.187315787273159,-6.816868893096185,-5.174070045242072,-4.451417845601448,-7.199730518260667,-7.551578071486306,0
b2AR-decoy_291,C[C@H](C(=O)NCc1ccc(C(F)(F)F)nc1N(Cc1ccccc1)S(=O)(=O)c1ccccc1)c1ccc(NS(C)(=O)=O)c(F)c1,-11.204,-8.994438011178515,-8.34724608846988,-7.828336949542789,-7.321315787273159,-6.790868893096185,-6.370070045242072,-5.094417845601447,-7.334730518260667,-8.227578071486306,0
b2AR-decoy_2910,COc1cc2[nH]c(=O)c(c3cccs3)c(c3cccc(C#N)c3)c2cc1c1ccccc1,-8.525,-6.583438011178515,-6.936246088469881,-5.5173369495427895,-4.874315787273158,-4.805868893096184,-3.267070045242071,-4.227417845601448,-5.581730518260667,-5.078578071486307,0
b2AR-decoy_2911,CCC(CC)N1C(=O)[C@@](C)(CS(C)(=O)=O)C[C@H](c2cccc(Cl)c2)[C@H]1c1ccc(Cl)cc1,-9.764,-6.533438011178514,-7.040246088469882,-4.98333694954279,-5.068315787273159,-4.923868893096184,-3.862070045242071,-3.935417845601448,-5.413730518260666,-4.823578071486306,0
b2AR-decoy_2912,O=C1c2c(Cl)c(Cl)c(Cl)c(Cl)c2C(=O)N1c1ccc(CCc2cccc(O)c2)cc1,-9.83,-7.761438011178516,-6.718246088469881,-6.14833694954279,-6.228315787273159,-5.414868893096184,-4.517070045242072,-4.931417845601446,-6.815730518260667,-7.944578071486307,0
b2AR-decoy_2913,Cc1cccc([C@H]2CC[C@H](CNC(=O)c3ccc(c4nc5cc(C#N)cc(C(C)C)c5o4)cc3)CC2)c1,-11.675,-9.024438011178516,-8.282246088469881,-7.22433694954279,-6.569315787273158,-6.643868893096185,-5.723070045242071,-5.762417845601448,-7.024730518260666,-7.976578071486307,0
b2AR-decoy_2914,CC1CC(=O)C2=C(C1)OC1=C(C(=O)CC(C)(C)C1)C2c1cc2ccccc2n1Cc1ccccc1,-10.638,-8.369438011178515,-9.08424608846988,-7.85033694954279,-7.648315787273159,-6.136868893096185,-6.598070045242071,-5.746417845601448,-7.0517305182606655,-7.531578071486306,0
b2AR-decoy_2915,CC1=C(C(=O)Nc2ccccc2C)C(/C=C/c2ccccc2)C(C(=O)Nc2ccccc2C)=C(C)N1,-11.658,-9.719438011178514,-9.319246088469882,-8.02533694954279,-7.778315787273158,-6.959868893096184,-6.35607004524207,-6.452417845601447,-8.276730518260667,-8.549578071486307,0
b2AR-decoy_2916,C=C(c1ccccc1)C1COC2(CC[C@@]3(C)C(CC[C@@H]4[C@@H]3CC[C@]3(C)[C@@H](C(C)=O)CC[C@@H]43)C2)OO1,-11.536,-10.594438011178514,-7.970246088469882,-8.63133694954279,-7.038315787273158,-6.019868893096184,-6.86907004524207,-5.680417845601447,-9.128730518260666,-9.122578071486307,0
b2AR-decoy_2917,COc1ccc(C2Sc3cc(OC)ccc3N=C3c4ccccc4C(c4ccccc4)C32)cc1,-8.18,-6.765438011178516,-6.196246088469881,-4.34233694954279,-5.004315787273159,-4.260868893096184,-2.553070045242072,-3.7694178456014473,-4.8657305182606665,-4.086578071486307,0
b2AR-decoy_2918,C[Si]1(C)CCN(C(=O)c2cc(c3ccc(Cl)cc3)n(c3ccc(Cl)cc3)n2)CC1,-9.026,-6.528438011178515,-7.198246088469881,-4.77833694954279,-5.078315787273159,-5.1638688930961845,-4.28607004524207,-3.3574178456014465,-5.190730518260667,-5.169578071486306,0
b2AR-decoy_2919,CCOC(=O)c1ccc(c2nc(c3ccc4c(c3)C(C)(C)CCC4(C)C)c(C)s2)cc1,-8.939,-8.120438011178516,-6.898246088469881,-6.02033694954279,-5.467315787273158,-5.713868893096185,-3.6460700452420713,-4.576417845601448,-6.751730518260667,-5.747578071486307,0
b2AR-decoy_292,CC(=O)N1CCC(C(N)=O)(C(=O)N2CC[C@](c3ccc(C(OCc4c(F)cccc4F)(C(F)(F)F)C(F)(F)F)cc3)(S(=O)(=O)c3ccc(F)cc3)C2)CC1,-11.166,-9.828438011178514,-8.23124608846988,-7.283336949542789,-7.474315787273158,-6.516868893096184,-5.300070045242071,-5.732417845601447,-8.111730518260666,-9.278578071486306,0
b2AR-decoy_2920,CC(=O)N[C@@H](C)/C=C/c1ccc(Oc2ccc3nc(C(C)C)sc3c2C(F)(F)F)nc1,-10.215,-7.929438011178515,-7.346246088469881,-6.70833694954279,-6.541315787273158,-5.625868893096184,-4.931070045242072,-4.595417845601446,-6.355730518260666,-6.854578071486307,0
b2AR-decoy_2921,CC(C)=CCC/C(C)=C/Cc1c(O)c(O)cc2c(=O)c3c(O)c(CC=C(C)C)c(O)cc3oc12,-9.048,-8.008438011178516,-6.15824608846988,-6.60633694954279,-5.270315787273159,-4.594868893096185,-4.495070045242072,-4.362417845601447,-5.741730518260667,-6.256578071486306,0
b2AR-decoy_2922,CCOC(=O)c1ccc(N2C(=O)c3[nH]nc(c4cccs4)c3C2c2ccc(C(C)C)cc2)cc1,-9.653,-8.123438011178514,-7.118246088469881,-6.521336949542789,-6.337315787273159,-5.048868893096184,-4.90107004524207,-4.842417845601446,-6.719730518260667,-7.556578071486307,0
b2AR-decoy_2923,Cc1cccc(Oc2nc3ccccn3c(=O)c2/C=C(\C#N)c2nc3ccccc3s2)c1C,-10.56,-8.674438011178514,-8.210246088469882,-6.88833694954279,-6.903315787273158,-6.177868893096186,-6.206070045242072,-5.376417845601447,-7.299730518260667,-7.342578071486306,0
b2AR-decoy_2924,CC(C)(C)c1ccc(c2ccc(OCc3ccccc3)c(/C=C3\SC(=O)NC3=O)c2)cc1,-9.603,-7.916438011178515,-7.006246088469881,-6.23133694954279,-6.243315787273158,-5.478868893096184,-5.429070045242071,-5.550417845601446,-6.525730518260666,-6.895578071486307,0
b2AR-decoy_2925,CC(C)(C)Oc1cccc(C(=O)N2Cc3ccccc3C(c3ccccc3)c3ccccc32)c1,-10.295,-8.078438011178514,-8.505246088469882,-6.55833694954279,-6.662315787273158,-6.827868893096184,-3.3320700452420717,-6.991417845601447,-7.219730518260667,-7.015578071486306,0
b2AR-decoy_2926,C=C1/C(=C\C=C2/CCC[C@]3(C)C([C@H](C)CCC/C(=N\O)C(C)(C)C)=CC[C@@H]23)C[C@H](O)C[C@H]1O,-10.216,-8.232438011178516,-7.377246088469882,-6.66733694954279,-6.103315787273159,-5.590868893096184,-4.53607004524207,-5.162417845601446,-7.224730518260666,-6.847578071486307,0
b2AR-decoy_2927,COc1ccc(C2S/C(=C\c3ccccc3)C(=O)N2NC(=O)c2ccc(c3ccccc3)cc2)cc1,-10.549,-9.439438011178517,-8.10024608846988,-7.33633694954279,-6.621315787273158,-6.252868893096185,-6.27607004524207,-5.422417845601446,-7.317730518260666,-8.613578071486307,0
b2AR-decoy_2928,COc1cccc(c2cc(C#N)ccc2COC(c2ccc(Cl)cc2)c2cncn2C)c1,-8.864,-7.431438011178516,-6.746246088469881,-6.33633694954279,-5.346315787273159,-5.2888688930961845,-5.004070045242072,-4.535417845601447,-6.305730518260667,-5.831578071486307,0
b2AR-decoy_2929,N#Cc1cc(Cl)cc(Oc2c(F)c(CCc3cccc(Cl)c3)[nH]c(=O)c2Br)c1,-9.104,-7.4674380111785155,-7.548246088469881,-6.1823369495427904,-5.783315787273159,-5.393868893096185,-5.311070045242071,-5.081417845601447,-6.552730518260667,-5.892578071486307,0
b2AR-decoy_293,C[NH2+]CCOC1(Cn2ncc(c3ccc(N4CCc5cccc(C(=O)Nc6nc7ccccc7s6)c5C4)nc3C(=O)[O-])c2C)CCCC(C)(C)C1,-10.997,-8.783438011178514,-8.630246088469882,-7.325336949542789,-6.854315787273158,-6.055868893096184,-6.415070045242072,-5.707417845601446,-7.669730518260666,-7.952578071486306,0
b2AR-decoy_2930,C#C[C@@H](OC(=O)[C@@H]1[C@H](C=C(Br)Br)C1(C)C)c1cccc(Oc2ccccc2)c1,-9.255,-7.075438011178516,-6.350246088469881,-5.59733694954279,-5.223315787273158,-4.835868893096185,-4.891070045242071,-3.8624178456014473,-6.104730518260666,-6.069578071486307,0
b2AR-decoy_2931,Cc1nnc(c2c(C)[nH]c(c3ccccc3)c2c2ccccc2)c2cn(c3ccccc3)nc12,-10.719,-8.137438011178515,-8.737246088469881,-6.24433694954279,-6.751315787273159,-6.373868893096185,-5.91107004524207,-6.205417845601447,-7.627730518260666,-7.539578071486307,0
b2AR-decoy_2932,Cc1ccc(c2c(OCc3cn(Cc4ccccc4Cl)nn3)cnn2c2ccc(F)cc2)cc1,-10.689,-8.557438011178515,-7.909246088469882,-6.998336949542789,-5.931315787273158,-6.143868893096185,-5.727070045242071,-5.458417845601447,-7.335730518260666,-7.573578071486306,0
b2AR-decoy_2933,Cc1ccc(OC(=O)c2ccc(C(C)(C)C)cc2)c(NC(=O)c2ccc(C(C)(C)C)cc2)c1,-10.494,-9.209438011178516,-6.54924608846988,-6.24033694954279,-5.697315787273158,-5.495868893096185,-5.626070045242072,-4.289417845601447,-7.038730518260666,-7.651578071486307,0
b2AR-decoy_2934,O=C1[C@H](Cc2ccccc2)N=C(c2ccccc2)c2ccccc2N1Cc1cccc(c2ccccc2)c1,-10.446,-7.195438011178515,-7.6402460884698815,-6.82033694954279,-6.114315787273158,-4.669868893096185,-5.255070045242071,-4.626417845601447,-6.963730518260666,-6.743578071486306,0
b2AR-decoy_2935,O=c1ncn2nc(Sc3ccc(Cl)c(Cl)c3)ccc2c1c1c(Cl)cccc1Cl,-9.387,-6.561438011178515,-6.596246088469881,-5.42733694954279,-5.232315787273159,-4.994868893096184,-2.9470700452420706,-4.244417845601447,-6.415730518260666,-6.019578071486306,0
b2AR-decoy_2936,COc1ccc(/C=C/C2=CC3(C)CC2(C)C(c2ccc(OC)cc2)CC3=O)cc1,-9.822,-8.426438011178515,-7.171246088469882,-7.117336949542789,-6.450315787273159,-5.8318688930961855,-5.564070045242071,-4.976417845601446,-7.015730518260666,-7.0055780714863065,0
b2AR-decoy_2937,CCOc1cc2c(cc1OCC)C(CC)C(C)=NN=C2c1ccc(Cl)cc1,-6.599,-5.001438011178515,-5.153246088469881,-3.2853369495427893,-3.5773157872731582,-2.609868893096185,-2.337070045242071,-2.1954178456014466,-4.050730518260666,-3.807578071486306,0
b2AR-decoy_2938,COC1(O[C@H]2CC[C@H]3[C@@H]4CC[C@H]5CC(=O)CC[C@]5(C)[C@H]4CC[C@]23C)CCCC1,-10.326,-8.377438011178516,-6.871246088469881,-5.84333694954279,-5.811315787273159,-6.135868893096184,-5.16107004524207,-5.333417845601447,-7.009730518260666,-6.746578071486306,0
b2AR-decoy_2939,CCc1ccncc1C1=CC=C2[C@@H]3CCC4C[C@@H](O)CC[C@]4(C)[C@H]3CC[C@]12C,-10.621,-8.185438011178515,-8.000246088469881,-6.86633694954279,-5.770315787273159,-6.415868893096185,-6.136070045242072,-4.702417845601447,-7.928730518260666,-7.065578071486307,0
b2AR-decoy_294,CC[NH+](CC)CCOc1c(I)cc(C(=O)c2c(CCCCO)oc3ccccc23)cc1I,-8.358,-6.450438011178516,-6.059246088469882,-4.78733694954279,-4.832315787273158,-4.040868893096185,-3.411070045242071,-3.5944178456014466,-5.082730518260666,-6.057578071486306,0
b2AR-decoy_2940,Cc1sc2c(c1C)C(c1ccc(Cl)cc1)=C[C@@H](CC(=O)OC(C)(C)C)c1nnc(C)n1-2,-8.19,-6.333438011178515,-5.496246088469881,-4.788336949542789,-4.557315787273159,-3.814868893096184,-3.033070045242071,-3.2084178456014465,-4.698730518260667,-4.892578071486307,0
b2AR-decoy_2941,C=C(c1cc(Cl)cc(Cl)c1OCc1ccc(Cl)cc1)n1ccnc1,-8.804,-7.2974380111785155,-6.571246088469881,-5.96233694954279,-4.943315787273159,-4.3688688930961845,-4.174070045242072,-3.7004178456014474,-5.287730518260666,-5.488578071486307,0
b2AR-decoy_2942,COc1cc(c2noc3c2CCCC3OCc2cc(F)cc(F)c2)ccc1n1cnc(C)c1,-10.657,-9.237438011178517,-7.44024608846988,-7.749336949542791,-6.679315787273158,-5.282868893096184,-6.00707004524207,-4.812417845601447,-7.068730518260667,-8.082578071486306,0
b2AR-decoy_2943,C=C(c1ccccc1)[C@H]1OOC2(O[C@@H]1c1ccccc1)C1CC3CC(C1)CC2C3,-11.903,-10.001438011178514,-8.438246088469882,-7.25733694954279,-7.192315787273158,-7.286868893096186,-6.656070045242071,-5.787417845601446,-6.549730518260667,-7.547578071486306,0
b2AR-decoy_2944,CN(C)C(=O)OC1=C(c2ccccc2)Sc2c(Cl)cccc2-n2cccc21,-6.858,-4.854438011178515,-4.474246088469881,-2.759336949542789,-2.646315787273158,-2.401868893096185,-0.5760700452420711,-2.484417845601447,-2.8737305182606665,-2.099578071486307,0
b2AR-decoy_2945,CC(Oc1ccc(c2ccc(C#N)cc2)cc1)C(=O)C12CC3CC(CC(C3)C1)C2,-10.823,-9.065438011178514,-7.7332460884698815,-6.70633694954279,-6.379315787273159,-5.512868893096185,-5.55807004524207,-4.183417845601447,-6.715730518260667,-7.716578071486307,0
b2AR-decoy_2946,COc1cc(c2coc3cc4c(c(OC)c3c2=O)C=CC(C)(C)O4)ccc1OCC=C(C)C,-8.312,-6.654438011178515,-6.211246088469881,-5.17033694954279,-4.359315787273158,-4.2598688930961846,-3.5550700452420703,-3.058417845601447,-5.692730518260666,-6.2555780714863065,0
b2AR-decoy_2947,CC(C)(C)C(=O)OCN1c2ccc(c3csc(C#N)c3)cc2C(C)(C)OC1C(F)(F)F,-8.947,-7.6724380111785155,-6.416246088469881,-6.037336949542789,-5.238315787273159,-4.790868893096185,-4.352070045242071,-4.573417845601448,-6.095730518260666,-6.217578071486306,0
b2AR-decoy_2948,C[C@H]1OC(=O)[C@@H]2C[C@@H]3CCCC[C@H]3[C@H](/C=C/c3ccc(c4ccsc4)cn3)[C@H]12,-10.609,-8.290438011178516,-7.90824608846988,-7.11833694954279,-6.430315787273159,-6.010868893096184,-5.629070045242072,-5.610417845601447,-7.242730518260666,-7.091578071486307,0
b2AR-decoy_2949,COc1ccc(C(=C(I)c2ccccc2)c2ccc(OC)cc2)cc1,-8.844,-6.340438011178515,-6.457246088469882,-5.323336949542791,-5.192315787273158,-4.109868893096184,-3.523070045242071,-3.5174178456014467,-4.854730518260666,-5.381578071486306,0
b2AR-decoy_295,C=C[C@]1(C)C[C@@H](OC(=O)CSC2CCN(C(=O)CCn3cnc4c(N)ncnc43)CC2)[C@@]2(C)[C@H]3C(=O)CC[C@@]3(CC[C@H]2C)[C@@H](C)[C@@H]1O,-8.086,-6.556438011178516,-5.697246088469881,-4.58833694954279,-4.276315787273158,-4.547868893096185,-3.5770700452420705,-3.930417845601447,-4.831730518260667,-4.517578071486307,0
b2AR-decoy_2950,COc1ccc(F)cc1C(C)(C)CC(O)(Cc1ccccc1Br)C(F)(F)F,-9.263,-7.997438011178515,-6.806246088469882,-6.034336949542789,-5.493315787273158,-4.724868893096184,-4.502070045242071,-4.017417845601447,-5.786730518260667,-6.365578071486306,0
b2AR-decoy_2951,O=C(CCc1nnc(c2ccc(Cl)cc2)o1)c1ccc(c2ccccc2)cc1,-11.046,-9.007438011178516,-7.9512460884698815,-7.51933694954279,-6.222315787273159,-6.116868893096184,-6.202070045242071,-5.261417845601446,-7.029730518260667,-8.419578071486306,0
b2AR-decoy_2952,FC(F)(F)c1cc(CSc2nnc(c3ccncc3)n2Cc2ccco2)ccc1Cl,-10.335,-8.470438011178516,-7.430246088469881,-7.140336949542789,-6.188315787273158,-5.491868893096184,-4.970070045242071,-4.959417845601447,-6.3737305182606665,-6.854578071486307,0
b2AR-decoy_2953,CC[Si](CC)(CC)O[C@]1(C)CCC2=C(C)CC[C@H]3/C(=C\c4ccc(F)cc4)C(=O)O[C@@H]3[C@H]21,-7.513,-5.697438011178515,-5.8422460884698815,-4.57233694954279,-4.087315787273158,-4.494868893096184,-2.9470700452420706,-3.327417845601447,-4.722730518260667,-4.9125780714863065,0
b2AR-decoy_2954,Cc1cccc(Oc2nc3c(C)cccn3c(=O)c2/C=C(\C#N)c2nc3ccccc3s2)c1,-10.975,-8.768438011178516,-8.224246088469881,-7.00633694954279,-6.616315787273159,-6.046868893096185,-6.304070045242071,-5.831417845601447,-7.262730518260666,-7.596578071486306,0
b2AR-decoy_2955,CCOC(=O)[C@]1(C)CCC[C@]2(C)[C@@H]1CC[C@@]13C[C@@H](N=C=S)[C@@](C)(CC[C@@H]21)C3,-7.811,-7.159438011178516,-5.655246088469881,-5.61233694954279,-4.402315787273158,-5.4458688930961845,-3.469070045242071,-3.1844178456014465,-6.000730518260667,-4.631578071486307,0
b2AR-decoy_2956,Cn1c2ccccc2c2cc(/C=C3\SC(=S)N(c4ccccc4)C3=O)ccc21,-10.902,-8.265438011178516,-7.279246088469881,-7.19533694954279,-5.9263157872731576,-5.1028688930961845,-5.785070045242071,-4.900417845601448,-6.477730518260666,-7.715578071486307,0
b2AR-decoy_2957,C=CCn1/c(=N/N=C/C=C/c2cccs2)scc1c1ccc(Cl)cc1,-8.141,-6.162438011178516,-5.634246088469881,-4.96333694954279,-4.827315787273159,-4.149868893096185,-3.371070045242071,-2.891417845601447,-4.965730518260666,-5.312578071486307,0
b2AR-decoy_2958,C=CCc1ccc(OP2(=S)OCc3cc(C(C)C)ccc3O2)c(OC)c1,-9.395,-7.550438011178516,-6.789246088469881,-6.230336949542791,-5.879315787273159,-5.107868893096185,-4.74107004524207,-4.504417845601447,-6.303730518260666,-6.594578071486307,0
b2AR-decoy_2959,CC(C)c1cc(C(C)C)c(S(=O)(=O)n2cc3c(=O)oc4ccccc4c3n2)c(C(C)C)c1,-10.165,-8.138438011178515,-7.546246088469882,-6.24433694954279,-6.405315787273159,-6.160868893096184,-5.30807004524207,-5.377417845601446,-7.928730518260666,-6.406578071486306,0
b2AR-decoy_2960,Clc1ccccc1c1ocnc1c1cc2c(s1)-c1ncccc1OCC2,-7.563,-5.719438011178515,-5.679246088469881,-4.57933694954279,-4.228315787273158,-3.843868893096185,-2.7450700452420707,-3.117417845601447,-4.527730518260666,-4.417578071486306,0
b2AR-decoy_2961,CC[Si](CC)(CC)O[C@]1(C)CCC2=C(C)CC[C@H]3/C(=C/c4ccccc4F)C(=O)O[C@@H]3[C@H]21,-7.934,-6.233438011178516,-5.8662460884698815,-4.25733694954279,-4.070315787273159,-3.760868893096185,-2.541070045242071,-3.740417845601448,-4.9667305182606665,-4.916578071486306,0
b2AR-decoy_2962,C[C@]12CC[C@H]3[C@@H](CC(c4ccccc4)C4=CC(=O)CC[C@@]43C)[C@@H]1CC=C2c1cncc(F)c1,-11.136,-9.702438011178517,-8.791246088469881,-7.41733694954279,-7.213315787273158,-7.355868893096185,-6.393070045242071,-6.257417845601447,-8.715730518260667,-7.935578071486306,0
b2AR-decoy_2963,Cc1c(Cl)c(=O)oc2cc(OC(=O)CCCOc3ccc(Cl)cc3Cl)ccc12,-10.376,-7.843438011178515,-7.005246088469882,-6.361336949542789,-6.135315787273159,-5.0548688930961845,-4.844070045242072,-4.145417845601447,-5.640730518260666,-7.175578071486306,0
b2AR-decoy_2964,CCOc1ccc(c2cc(OC(=O)c3ccc(OC)cc3)c3c(C)oc(C)c3c(=O)c2)cc1,-9.203,-6.987438011178515,-6.9272460884698805,-6.17033694954279,-5.805315787273159,-4.914868893096184,-5.101070045242071,-4.538417845601448,-6.567730518260666,-6.174578071486307,0
b2AR-decoy_2965,Nc1ccccc1NC(=O)/C=C/c1ccc(c2nnc(Cc3ccc4ccccc4c3)o2)cc1,-11.032,-9.269438011178517,-8.304246088469881,-7.50033694954279,-7.910315787273159,-6.665868893096185,-6.256070045242071,-6.084417845601447,-7.880730518260666,-8.501578071486307,0
b2AR-decoy_2966,O=c1c(Oc2ccc(OC(F)(F)F)cc2)c(Cl)cnn1Cc1cccc2ccccc12,-9.822,-9.085438011178516,-7.945246088469881,-7.06133694954279,-6.486315787273158,-6.293868893096185,-5.412070045242071,-5.699417845601447,-7.908730518260667,-6.576578071486306,0
b2AR-decoy_2967,Cc1cc(C)cc(Oc2nc3ccccn3c(=O)c2/C=C(\C#N)c2nc3ccccc3s2)c1,-10.64,-8.340438011178515,-8.111246088469882,-6.93033694954279,-6.952315787273159,-5.965868893096184,-6.315070045242072,-4.789417845601447,-7.254730518260667,-7.256578071486306,0
b2AR-decoy_2968,Cc1ccc(C(=O)SC(Cn2ccnc2)c2ccc(Cl)cc2Cl)cc1,-8.986,-7.7814380111785155,-6.823246088469881,-6.124336949542791,-5.504315787273159,-4.655868893096185,-4.288070045242071,-4.139417845601447,-5.436730518260667,-6.635578071486307,0
b2AR-decoy_2969,C[C@@H](O[C@H]1O[C@@H]2O[C@@]3(C)CC[C@H]4[C@H](C)CCC([C@H]1C)[C@]42OO3)c1ccc(C(F)(F)F)cc1,-9.396,-8.022438011178515,-7.45624608846988,-6.515336949542789,-6.631315787273158,-5.802868893096186,-5.47507004524207,-5.062417845601447,-6.397730518260666,-6.660578071486306,0
b2AR-decoy_297,CCCCC(=O)Nc1ccc(Br)c(n2nc(C)n(Cc3ccc(c4ccccc4S(=O)(=O)NC(=O)OC(C)(C)C)cc3F)c2=O)c1,-9.708,-8.117438011178516,-7.569246088469882,-6.6583369495427895,-5.624315787273158,-5.436868893096184,-5.455070045242071,-5.055417845601447,-5.614730518260666,-7.381578071486306,0
b2AR-decoy_2970,CC(=O)[C@@]12OC(C)(c3ccccc3)O[C@@H]1CC1C3CCC4=CC(=O)CCC4(C)C3CCC12C,-11.179,-9.724438011178515,-8.406246088469882,-7.7623369495427905,-7.624315787273158,-7.048868893096184,-5.365070045242071,-7.114417845601446,-9.010730518260669,-7.562578071486307,0
b2AR-decoy_2971,Cc1ccc(S(=O)(=O)c2nc(c3ccco3)oc2SCc2ccccc2Cl)cc1,-10.225,-7.289438011178515,-7.850246088469881,-6.60933694954279,-6.265315787273158,-4.919868893096185,-5.01007004524207,-4.227417845601448,-6.407730518260667,-7.465578071486307,0
b2AR-decoy_2972,CC1=C(/C=C/C(C)=C/C=C/C(C)=C/C(=O)N2CCCOCC2)C(C)(C)CCC1,-7.551,-5.456438011178515,-5.111246088469882,-3.69733694954279,-3.744315787273158,-3.1768688930961844,-2.270070045242071,-2.4564178456014467,-3.938730518260666,-4.140578071486306,0
b2AR-decoy_2973,CC(=O)C1=NN(c2ccc(Br)cc2)SC12c1ccccc1Oc1ccccc12,-9.02,-7.241438011178515,-6.9112460884698805,-5.82733694954279,-5.668315787273158,-5.435868893096185,-4.243070045242071,-4.709417845601447,-6.147730518260666,-5.978578071486307,0
b2AR-decoy_2974,CC(C)c1ccc(C2ON=C(c3ccc(C4=NOC(c5ccc(C(C)C)cc5)O4)cc3)O2)cc1,-10.7,-9.367438011178516,-7.758246088469882,-7.73733694954279,-7.013315787273159,-6.281868893096185,-6.065070045242072,-5.100417845601447,-7.162730518260666,-8.232578071486307,0
b2AR-decoy_2975,COc1ccc(c2csc(C3=C(C)[C@@H]4CC[C@@H](C)[C@@H]5CC[C@@]6(C)OO[C@@]45[C@H](O3)O6)n2)cc1,-9.179,-7.678438011178516,-6.737246088469881,-5.922336949542789,-5.813315787273158,-5.641868893096184,-4.146070045242071,-4.112417845601447,-5.912730518260666,-6.548578071486306,0
b2AR-decoy_2976,O=C(SCCc1ccc(CO)cc1)SCc1ccc(Cl)cc1Cl,-7.971,-6.473438011178516,-6.051246088469881,-5.0013369495427895,-4.569315787273158,-3.875868893096185,-3.2560700452420708,-2.742417845601447,-4.682730518260667,-5.027578071486307,0
b2AR-decoy_2977,C[C@]12ON(P(=O)(c3ccccc3)c3ccccc3)[C@](C)(c3ccccc31)c1ccccc12,-9.513,-7.448438011178515,-7.234246088469881,-6.044336949542791,-4.930315787273159,-7.324868893096184,-3.329070045242071,-5.240417845601447,-7.032730518260667,-6.262578071486306,0
b2AR-decoy_2978,Cc1oc(c2ccccc2F)nc1Cn1c(SCc2ccccc2F)nc2ccncc21,-11.181,-9.339438011178515,-8.99724608846988,-7.4803369495427905,-7.7483157872731585,-7.091868893096185,-6.435070045242071,-6.051417845601447,-7.528730518260666,-7.921578071486307,0
b2AR-decoy_2979,COc1cc2c(cc1[C@@H]1CC(=O)c3c(O)c(C)c4c(c3O1)C=CC(C)(C)O4)C=CC(C)(C)O2,-10.727,-9.463438011178516,-8.262246088469881,-7.178336949542789,-6.897315787273158,-6.2548688930961855,-5.530070045242072,-5.175417845601446,-7.883730518260666,-7.644578071486306,0
b2AR-decoy_298,CC(C)CN(C[C@@H](O)[C@H](Cc1cc(F)cc(F)c1)NC(=O)O[C@H]1C2CO[C@H]3OC[C@@H]1C3C2)S(=O)(=O)c1ccc2nc(NC3CC3)sc2c1,-10.599,-8.705438011178515,-7.9672460884698815,-7.060336949542791,-6.959315787273159,-6.566868893096185,-5.886070045242072,-6.093417845601447,-7.081730518260667,-7.774578071486307,0
b2AR-decoy_2980,COn1c2ccccc2c2cc(COCc3ccc4c(c3)c3ccccc3n4OC)ccc21,-10.125,-8.614438011178516,-7.820246088469881,-5.90033694954279,-6.190315787273159,-6.061868893096184,-5.830070045242071,-5.822417845601446,-6.278730518260666,-7.884578071486306,0
b2AR-decoy_2981,CCOC1=C[C@@]2(C)C(=CC1=O)C=C[C@@H]1[C@@H]2CC[C@@]2(C)[C@H]1C[C@@H]1O[C@]3(CC[C@@H](C)CO3)[C@@H](C)[C@@H]12,-9.917,-9.243438011178515,-7.3262460884698815,-7.431336949542789,-6.638315787273159,-5.381868893096184,-4.971070045242071,-5.322417845601446,-7.590730518260667,-7.438578071486306,0
b2AR-decoy_2982,Cc1cc(OC[P@]2(=O)OCC[C@H](c3cccnc3C)O2)c2c(c1C)Cc1scnc1-2,-10.852,-8.803438011178516,-8.471246088469881,-7.44533694954279,-7.061315787273159,-6.673868893096184,-6.313070045242071,-5.423417845601447,-7.696730518260667,-8.020578071486307,0
b2AR-decoy_2983,C=C1[C@H](C)CCC[C@]1(C)CC[C@@]1(C)C=Cc2c(OC(C)=O)c(OC(C)=O)cc(OC)c2O1,-9.739,-8.057438011178515,-7.4512460884698815,-6.68933694954279,-6.166315787273158,-5.762868893096185,-5.11907004524207,-4.901417845601447,-7.064730518260667,-7.363578071486307,0
b2AR-decoy_2984,Fc1cc(F)cc(c2ccc(CSc3nnc(c4ccc5c(c4)OCO5)o3)cc2)c1,-11.005,-9.702438011178517,-8.17724608846988,-7.10033694954279,-7.099315787273158,-6.356868893096184,-6.301070045242071,-6.161417845601447,-7.403730518260666,-7.776578071486307,0
b2AR-decoy_2985,Cc1ccccc1c1cc(=O)c2cc3c(=O)cc(c4ccccc4C)oc3cc2o1,-9.514,-7.9514380111785155,-7.369246088469881,-7.21533694954279,-6.281315787273158,-5.623868893096185,-5.125070045242071,-4.940417845601447,-7.870730518260666,-7.458578071486306,0
b2AR-decoy_2986,FC(F)(F)c1cc(CSc2nnc(c3ccccn3)n2Cc2ccco2)ccc1Cl,-10.434,-8.425438011178516,-7.563246088469882,-7.19233694954279,-6.377315787273158,-5.648868893096184,-4.931070045242072,-5.116417845601447,-6.490730518260666,-6.975578071486307,0
b2AR-decoy_2987,O=C(OCC#CCSc1nnc(c2cccc3ccccc32)o1)c1cc2ccccc2s1,-10.312,-8.210438011178516,-6.810246088469881,-5.787336949542789,-5.735315787273159,-5.438868893096185,-4.918070045242072,-5.001417845601447,-6.863730518260667,-6.711578071486306,0
b2AR-decoy_2988,N#Cc1ccc(OCc2cn(Cc3ccc(C#N)c(c4ccc5ccccc5c4)c3)cn2)cc1,-10.506,-8.265438011178516,-7.963246088469882,-7.08033694954279,-6.774315787273158,-6.400868893096185,-6.053070045242071,-5.073417845601448,-7.048730518260667,-8.089578071486306,0
b2AR-decoy_2989,CCC1Sc2ccc(S(=O)(=O)CCC(=O)Nc3ccccc3Cl)cc2NC1=O,-10.426,-8.513438011178515,-7.188246088469882,-6.403336949542791,-5.775315787273158,-5.394868893096184,-5.061070045242071,-4.433417845601447,-6.235730518260667,-7.551578071486306,0
b2AR-decoy_299,CC(=O)c1ccc(N2C[C@@H](C(=O)N[C@@H](Cc3ccccc3)[C@H](O)CN(Cc3cccs3)S(=O)(=O)c3cc(F)c(F)cc3F)OC2=O)cc1,-10.887,-8.914438011178515,-8.621246088469881,-7.86333694954279,-7.672315787273158,-6.746868893096185,-6.280070045242072,-6.545417845601447,-7.663730518260666,-8.016578071486306,0
b2AR-decoy_2990,O=C(CO[C@H](Cn1nncc1c1ccccc1)c1ccc(C#Cc2ccccc2)cc1)NO,-9.342,-6.291438011178515,-7.607246088469882,-5.489336949542789,-5.826315787273158,-5.579868893096185,-4.450070045242072,-3.965417845601447,-5.028730518260667,-6.451578071486306,0
b2AR-decoy_2991,COc1ccc(n2c(O)cc(=O)nc2SCC(=O)Nc2ccc(Br)cc2)cc1,-9.508,-7.399438011178516,-6.762246088469881,-6.58033694954279,-5.374315787273158,-4.751868893096185,-5.056070045242072,-4.216417845601447,-5.668730518260666,-6.290578071486307,0
b2AR-decoy_2992,Nc1cnc(c2ccc(c3ccccc3S(=O)(=O)NC[C@H](O)c3ccccc3)cc2F)cn1,-10.714,-8.231438011178515,-7.652246088469882,-5.67033694954279,-6.312315787273159,-5.9458688930961845,-5.358070045242071,-5.052417845601447,-6.642730518260667,-6.910578071486306,0
b2AR-decoy_2993,Cc1oncc1c1cnc(N)c(c2ccc(C(=O)N[C@H](CO)c3cccc(F)c3)c(F)c2)c1,-10.176,-8.133438011178516,-7.026246088469881,-6.62933694954279,-6.172315787273158,-5.485868893096185,-5.288070045242071,-5.649417845601446,-6.359730518260667,-7.639578071486307,0
b2AR-decoy_2994,O=C(NCC1CCCO1)c1cccc(S(=O)(=O)Nc2ccc(SC(F)F)cc2)c1,-9.315,-7.086438011178515,-6.832246088469882,-5.758336949542789,-6.035315787273159,-5.233868893096185,-4.498070045242072,-4.574417845601447,-6.223730518260666,-6.128578071486306,0
b2AR-decoy_2995,O=C(CSc1nnc(CNC(=O)c2cccs2)o1)Nc1ccccc1C(F)(F)F,-10.054,-7.291438011178515,-7.084246088469881,-6.23133694954279,-5.247315787273159,-4.485868893096185,-4.41707004524207,-3.8194178456014463,-6.486730518260666,-6.217578071486306,0
b2AR-decoy_2996,COC(=O)c1ccccc1c1ccc([C@@H](C)NC(=O)C2(NC(=O)C(F)(F)F)CC2)c(F)c1,-9.068,-8.069438011178516,-7.07824608846988,-5.49333694954279,-5.764315787273159,-5.7228688930961855,-3.953070045242072,-4.654417845601447,-7.050730518260666,-7.236578071486306,0
b2AR-decoy_2997,O=C(N/N=C/c1ccc(OCc2cccc(C(F)(F)F)c2)cc1)c1cc(O)c(O)c(O)c1,-10.167,-8.106438011178515,-7.051246088469881,-6.591336949542789,-6.341315787273159,-5.724868893096184,-5.031070045242071,-5.328417845601447,-6.956730518260667,-7.100578071486307,0
b2AR-decoy_2998,Cc1ccccc1C(=O)C1CCN(c2ccc(C(=O)NCC(O)c3ccsc3)nn2)CC1,-10.427,-8.508438011178516,-7.37924608846988,-7.58033694954279,-6.657315787273159,-5.919868893096185,-5.13207004524207,-5.100417845601447,-6.573730518260666,-7.397578071486306,0
b2AR-decoy_2999,COc1ccc(C(C(=O)Nc2ccc3c(c2)CCC3(C)C)N(C)C(=O)c2ccc(=O)[nH]c2)cc1,-11.245,-9.334438011178516,-8.20624608846988,-7.70533694954279,-7.052315787273159,-6.710868893096185,-5.329070045242071,-5.904417845601447,-7.3787305182606655,-7.989578071486306,0
b2AR-decoy_3,Cc1cccc(/C=N/c2ccc(OCc3ccccc3)cc2)c1O,-9.485,-7.664438011178515,-6.817246088469881,-5.636336949542789,-5.711315787273158,-4.809868893096185,-5.03907004524207,-4.274417845601446,-6.242730518260666,-6.641578071486306,0
b2AR-decoy_30,CCCCC12CCC(=O)C(Br)=C1c1ccc3[nH]ncc3c1C2,-8.942,-7.307438011178515,-6.746246088469881,-5.412336949542789,-5.445315787273158,-5.090868893096184,-4.726070045242071,-4.674417845601447,-6.468730518260667,-6.142578071486307,0
b2AR-decoy_300,NS(=O)(=O)c1ccc(NC(=O)C(F)(F)C(F)(F)C(F)(F)C(F)(F)C(F)(F)C(F)(F)C(F)(F)C(F)(F)F)c(Br)c1,-11.076,-9.076438011178515,-8.182246088469881,-8.32433694954279,-7.273315787273159,-6.688868893096185,-6.017070045242072,-5.863417845601447,-7.898730518260667,-8.020578071486307,0
b2AR-decoy_3000,N#Cc1cc(Oc2ccc(c3cc([C@H](O)CO)cc(C(N)=O)n3)cc2)ccc1C(F)(F)F,-10.243,-8.065438011178514,-6.965246088469881,-6.88433694954279,-6.006315787273158,-4.791868893096185,-5.112070045242071,-4.634417845601448,-6.490730518260666,-6.720578071486306,0
b2AR-decoy_3001,CCC(=O)N1CCc2cc(CNS(=O)(=O)c3ccc(NC(=O)CC(C)C)cc3)ccc21,-9.96,-7.050438011178516,-7.026246088469881,-5.803336949542789,-5.697315787273158,-4.654868893096184,-3.676070045242071,-4.160417845601447,-6.0917305182606665,-6.118578071486306,0
b2AR-decoy_3002,C#Cc1cccc(C(=O)NCc2nc(c3cccc(NC(=O)c4ccccn4)c3)oc2C)c1,-10.882,-8.385438011178515,-8.330246088469881,-7.483336949542791,-6.611315787273158,-5.917868893096184,-5.972070045242072,-5.544417845601448,-7.165730518260666,-8.031578071486306,0
b2AR-decoy_3003,CC1=C(CCCNS(=O)(=O)c2ccc(C)cc2)C2=C(C)C3(CC3)[C@@](C)(O)C(=O)C2=C1,-10.237,-8.088438011178516,-7.92424608846988,-6.80133694954279,-5.968315787273159,-6.203868893096185,-4.60007004524207,-5.409417845601446,-6.578730518260667,-7.079578071486306,0
b2AR-decoy_3004,COc1ccc(OC)c(CCn2ccc3ccc(c4ccccc4S(N)(=O)=O)cc3c2=O)c1,-9.101,-7.869438011178515,-6.266246088469881,-6.338336949542789,-5.383315787273158,-5.824868893096184,-4.668070045242072,-3.8304178456014473,-5.904730518260667,-6.115578071486306,0
b2AR-decoy_3005,CCOC(=O)/C=C/c1c(O)c(OC)cc(NS(=O)(=O)c2cccs2)c1SC,-7.608,-5.146438011178515,-5.242246088469881,-3.7833369495427895,-3.5563157872731583,-3.3658688930961844,-2.8170700452420707,-2.563417845601447,-4.243730518260667,-4.270578071486306,0
b2AR-decoy_3006,O=S(=O)(CC(F)(F)F)NCCCCNc1nc2c(s1)CCCc1ccc(F)cc1-2,-7.876,-5.299438011178515,-4.6002460884698815,-4.11333694954279,-3.988315787273159,-2.664868893096185,-2.3810700452420708,-2.359417845601447,-4.406730518260666,-4.307578071486306,0
b2AR-decoy_3007,CC(C)(O)c1ccc(Oc2ccc(S(=O)(=O)Nc3ccc(F)cn3)cc2C#N)cc1,-9.804,-7.369438011178515,-7.022246088469881,-5.96833694954279,-6.165315787273158,-4.981868893096184,-5.053070045242071,-4.424417845601447,-6.735730518260667,-6.704578071486306,0
b2AR-decoy_3008,C[C@H](CO)CCC[C@@H](C)[C@H]1CC(=O)C2=C3C[C@H](O)[C@H]4[C@@H](O)[C@@H](O)CC[C@]4(C)[C@H]3CC[C@@]21C,-9.239,-7.901438011178515,-7.442246088469881,-6.10233694954279,-5.647315787273158,-5.2548688930961855,-4.578070045242072,-4.968417845601447,-6.912730518260666,-6.485578071486307,0
b2AR-decoy_3009,Cc1nn(c2ccc(C#N)c(Cl)c2)c(C)c1Cc1ccc(C(=O)NCC(C)(C)O)cc1,-9.027,-7.664438011178515,-7.290246088469882,-6.64833694954279,-4.837315787273159,-5.292868893096184,-4.326070045242071,-4.060417845601448,-5.888730518260667,-5.903578071486306,0
b2AR-decoy_301,COc1cc([C@](O)(CC[NH+](C)C)[C@@H](c2cc3cc(Br)ccc3nc2OC)c2ccnc(OC)c2OC)cc(OC(C)C)n1,-9.472,-7.141438011178515,-7.212246088469881,-6.316336949542789,-5.845315787273158,-5.291868893096185,-4.41107004524207,-4.387417845601448,-5.8257305182606665,-6.180578071486307,0
b2AR-decoy_3010,C#CCNC(=O)C1=C[C@H](c2ccc(Br)cc2)C[C@H](OCc2ccc(CO)cc2)O1,-9.572,-7.897438011178515,-6.980246088469881,-6.544336949542791,-5.876315787273159,-5.371868893096185,-4.828070045242072,-4.546417845601447,-6.226730518260666,-6.496578071486306,0
b2AR-decoy_3011,C[C@H](NC(=O)c1cc[nH]n1)c1ccc(OC2CCN(c3cccc(C(F)(F)F)n3)C2)cc1,-11.06,-8.493438011178515,-7.900246088469881,-7.089336949542791,-6.894315787273159,-6.109868893096184,-5.423070045242071,-5.612417845601447,-7.613730518260667,-7.288578071486306,0
b2AR-decoy_3012,CC(SC(C)C(=O)NN=Cc1cccc(Cl)c1)C(=O)NN=Cc1cccc(Cl)c1,-9.17,-7.494438011178515,-6.631246088469881,-5.71833694954279,-5.122315787273159,-4.670868893096184,-4.070070045242071,-4.186417845601447,-5.7807305182606665,-6.009578071486306,0
b2AR-decoy_3013,O=C(CCCl)Nc1ccc(SCC(=O)Nc2ccc(Br)cn2)cc1,-8.636,-6.612438011178515,-5.944246088469881,-4.801336949542789,-4.685315787273159,-4.040868893096185,-3.2340700452420714,-2.9984178456014465,-5.188730518260666,-5.510578071486307,0
b2AR-decoy_3014,CCC(C)(C)C(=O)O[C@H]1CC(C)=CC2=CC(O)[C@H](C)[C@H](CC[C@@H]3C[C@@H](O)CC(=O)O3)[C@H]21,-9.819,-7.469438011178514,-7.423246088469881,-6.280336949542789,-6.218315787273159,-5.553868893096185,-4.996070045242071,-4.709417845601447,-6.6127305182606655,-6.483578071486306,0
b2AR-decoy_3015,C/C1=C/[C@@H](C)CC/C=C/CC/C=C/C(=O)O[C@@H]1[C@H](C)C(=O)C[C@H](O)CC1CC(=O)NC(=O)C1,-7.218,-4.955438011178515,-4.699246088469881,-3.4583369495427894,-3.4183157872731584,-3.138868893096185,-2.5190700452420707,-2.2934178456014465,-3.792730518260666,-3.7295780714863063,0
b2AR-decoy_3016,COc1cc(OC)cc(C(=O)NCc2n[nH]c(=S)n2c2ccc(Br)cc2)c1,-8.318,-6.513438011178515,-6.492246088469882,-5.08833694954279,-4.6843157872731584,-4.298868893096184,-4.201070045242071,-3.177417845601447,-5.499730518260666,-5.0535780714863066,0
b2AR-decoy_3017,CC(C)C[C@H](C(N)=O)N(Cc1cc(F)cc(F)c1)S(=O)(=O)c1ccc(Cl)cc1,-9.131,-7.059438011178516,-6.389246088469882,-5.2833369495427895,-5.270315787273159,-4.973868893096185,-3.8690700452420703,-3.688417845601446,-5.790730518260666,-5.905578071486307,0
b2AR-decoy_3018,COc1ccc2[nH]c(C(=O)N3CC(=O)N(Cc4ccc[nH]4)[C@@H](Cc4ccccc4)C3)cc2c1,-10.286,-8.375438011178515,-7.84424608846988,-6.67333694954279,-6.744315787273159,-6.529868893096184,-5.380070045242071,-5.005417845601446,-6.690730518260667,-6.9735780714863065,0
b2AR-decoy_3019,COC(=O)[C@]1(C)CCC[C@]2(C)[C@@H](CC/C(C)=C/[C@H](O)[C@H]3OC(=O)C=C3C)[C@](C)(O)CC[C@H]21,-9.4,-7.8264380111785155,-6.582246088469882,-5.76033694954279,-5.217315787273158,-5.377868893096185,-4.516070045242071,-4.484417845601447,-6.273730518260667,-6.038578071486306,0
b2AR-decoy_302,C[C@H](CCCn1cc(CC(O)(Cn2cncn2)c2ccc(F)cc2F)nn1)[C@H]1CC[C@H]2[C@@H]3CC[C@@H]4C[C@H](O)CC[C@]4(C)[C@H]3C[C@H](O)[C@@]21C,-10.897,-10.096438011178517,-8.083246088469881,-7.405336949542789,-7.299315787273159,-6.386868893096185,-6.745070045242072,-6.227417845601448,-8.469730518260667,-8.505578071486307,0
b2AR-decoy_3020,CC(CO)Cc1cc(Oc2ccc(S(C)(=O)=O)cc2)cc(C(=O)Nc2nccs2)c1,-8.87,-7.526438011178515,-6.516246088469881,-5.81733694954279,-5.086315787273158,-5.1428688930961854,-4.238070045242072,-3.804417845601448,-6.127730518260666,-5.819578071486307,0
b2AR-decoy_3021,COc1ccc(/C=N/NC(=O)c2ccc(NC(C)=O)cc2)cc1COc1ccc(F)cc1F,-9.827,-7.8744380111785155,-7.19024608846988,-6.293336949542789,-5.818315787273159,-5.823868893096185,-5.131070045242071,-4.391417845601447,-6.692730518260666,-7.063578071486306,0
b2AR-decoy_3022,C#CCNC(=O)C1=C[C@H](c2csc3ccccc23)C[C@H](OCc2ccc(CO)cc2)O1,-9.594,-8.248438011178514,-7.423246088469881,-6.51333694954279,-6.186315787273159,-5.739868893096185,-5.359070045242071,-4.948417845601448,-6.599730518260666,-6.987578071486306,0
b2AR-decoy_3023,CC(O)c1ccc(N(C)S(=O)(=O)c2cccc(C(=O)Nc3ccc(C#N)cc3)c2)cc1,-9.663,-7.649438011178516,-7.189246088469881,-6.04833694954279,-6.251315787273159,-5.539868893096184,-5.034070045242071,-4.529417845601447,-5.952730518260667,-6.298578071486306,0
b2AR-decoy_3024,C#CCCCCn1c(Sc2cc3c(cc2Br)OCO3)nc2c(N)ncnc21,-8.138,-6.153438011178515,-6.239246088469882,-5.15733694954279,-4.804315787273158,-4.217868893096185,-3.294070045242071,-3.311417845601447,-5.324730518260666,-4.9895780714863065,0
b2AR-decoy_3025,CC(=O)N1CCc2cc(S(=O)(=O)NC(CC(C)C)C(=O)Nc3cc(C)cc(C)c3)ccc21,-10.125,-7.851438011178516,-7.541246088469881,-6.732336949542789,-6.057315787273158,-5.7068688930961855,-5.40107004524207,-4.689417845601447,-6.497730518260667,-6.834578071486307,0
b2AR-decoy_3026,O=C1COc2ccc(S(=O)(=O)NCCCN3c4ccccc4CCc4ccccc43)cc2N1,-8.609,-6.877438011178516,-5.557246088469881,-4.34833694954279,-4.916315787273158,-4.187868893096185,-3.182070045242071,-3.1344178456014467,-6.018730518260666,-5.440578071486307,0
b2AR-decoy_3027,CCOC1CC(O)(CCC2=C(C)C(=O)C(O)=C3C(C)(C)[C@H](OC(C)=O)CC[C@]23C)CO1,-8.652,-7.098438011178516,-6.339246088469881,-5.60633694954279,-5.0593157872731584,-4.797868893096185,-4.19607004524207,-3.8944178456014473,-6.192730518260666,-5.306578071486307,0
b2AR-decoy_3028,CCC(C)(C)NC(=O)C1CCC(CNS(=O)(=O)c2ccc3c(c2)CC(C)N3C(C)=O)CC1,-9.31,-7.016438011178515,-7.025246088469881,-6.06833694954279,-5.557315787273158,-5.303868893096185,-4.726070045242071,-4.056417845601446,-6.317730518260666,-6.089578071486306,0
b2AR-decoy_3029,O=C(NO)C1(S(=O)(=O)c2ccc(Oc3ccc(c4ccccc4)cc3)cc2)CCOCC1,-9.702,-8.131438011178515,-6.935246088469881,-6.11533694954279,-6.274315787273158,-5.241868893096184,-4.198070045242071,-3.868417845601448,-5.694730518260666,-7.547578071486306,0
b2AR-decoy_303,C[C@H](CCC(=O)OCc1cn(CC(O)(Cn2cncn2)c2ccc(F)cc2F)nn1)[C@H]1CC[C@H]2[C@@H]3CC[C@@H]4C[C@H](O)CC[C@]4(C)[C@H]3C[C@H](O)[C@@]21C,-10.33,-9.219438011178514,-8.08124608846988,-7.165336949542789,-7.285315787273159,-6.335868893096185,-6.311070045242071,-5.516417845601447,-9.222730518260668,-8.305578071486307,0
b2AR-decoy_3030,COc1ccc(C(NC(=O)CN2C(=O)NC3(CCc4ccccc43)C2=O)c2ccccc2)cc1,-11.048,-8.775438011178515,-9.04524608846988,-7.575336949542789,-6.668315787273158,-6.971868893096184,-6.057070045242071,-6.446417845601447,-7.152730518260666,-7.832578071486306,0
b2AR-decoy_3031,O=C(COc1ccc(C(=O)c2ccccc2)cc1)NCC(=O)Nc1ccccc1Br,-9.948,-8.334438011178515,-7.200246088469882,-5.22433694954279,-6.147315787273158,-5.364868893096185,-4.787070045242071,-4.100417845601447,-6.657730518260667,-6.758578071486307,0
b2AR-decoy_3032,Cc1csc(C(C)(O)c2nnc(Nc3cnn(Cc4c(F)cccc4F)c3)s2)n1,-9.684,-7.087438011178515,-6.42424608846988,-5.915336949542789,-5.500315787273159,-5.123868893096185,-4.884070045242071,-4.713417845601446,-6.517730518260667,-6.8805780714863065,0
b2AR-decoy_3033,Cc1c(NC(=O)/C(=C\c2ccccc2)NC(=O)c2ccccc2)c(=O)n(c2ccccc2)n1C,-10.68,-9.346438011178517,-8.24124608846988,-7.27333694954279,-6.959315787273159,-6.0228688930961845,-6.08407004524207,-5.082417845601446,-7.323730518260666,-7.791578071486306,0
b2AR-decoy_3034,O=c1cc(c2ccnc(NC(CF)CF)n2)ccn1[C@H](CO)c1ccc(Cl)c(F)c1,-9.014,-7.064438011178515,-6.659246088469882,-6.02933694954279,-5.124315787273158,-4.984868893096184,-3.889070045242072,-4.092417845601446,-5.864730518260666,-6.637578071486306,0
b2AR-decoy_3035,Cc1ccc(/C=N/NC(=O)c2cccc(S(=O)(=O)Nc3ccccc3Cl)c2)s1,-9.85,-7.722438011178514,-6.6242460884698815,-6.326336949542791,-6.195315787273158,-4.911868893096186,-4.403070045242071,-4.776417845601447,-6.678730518260666,-7.104578071486307,0
b2AR-decoy_3036,CC(C)=CCC/C(C)=C/CO/N=C1/C[C@@H](O)[C@@H](O)[C@@H]2[C@@H]3C(=O)N(C(C)(C)C)C(=O)[C@H]3CC[C@@H]12,-9.626,-7.507438011178515,-6.825246088469882,-6.2993369495427896,-5.585315787273158,-4.854868893096185,-4.330070045242071,-4.357417845601447,-6.0147305182606665,-5.998578071486307,0
b2AR-decoy_3037,Cc1ccc(C(=O)N/C(=C\c2ccc([N+](=O)[O-])cc2)C(=O)NCCc2ccccc2)cc1,-10.45,-8.984438011178515,-7.904246088469881,-7.29133694954279,-7.224315787273158,-5.460868893096185,-5.44907004524207,-5.071417845601447,-6.944730518260666,-7.546578071486307,0
b2AR-decoy_3038,CCOc1ccc2nc(NC(=O)C(NS(=O)(=O)c3cccs3)C(C)C)sc2c1,-9.397,-7.055438011178515,-6.247246088469881,-5.4853369495427895,-5.280315787273159,-4.524868893096185,-3.858070045242071,-3.667417845601447,-4.975730518260667,-5.746578071486306,0
b2AR-decoy_3039,CCOC(=O)CCc1ccc(c2ccc(OC)cc2)n1c1ccc(S(N)(=O)=O)cc1C,-9.068,-6.559438011178516,-6.163246088469881,-5.579336949542789,-5.397315787273158,-4.312868893096185,-4.09007004524207,-4.049417845601447,-4.814730518260666,-5.462578071486307,0
b2AR-decoy_304,Cc1cn([C@H]2C[C@H](C3(c4ccc(NC(=O)CCCCCCC(=O)NO)cc4)SCCCS3)[C@@H](CO[Si](C)(C)C(C)(C)C)O2)c(=O)[nH]c1=O,-10.193,-7.994438011178515,-6.711246088469881,-6.4083369495427895,-5.884315787273158,-5.7438688930961845,-4.851070045242071,-4.820417845601448,-5.970730518260666,-6.468578071486306,0
b2AR-decoy_3040,COc1ccc2c(C(=O)N(C)CC(N)=O)c(OCC(F)(F)F)ccc2c1C(F)(F)F,-8.374,-6.267438011178514,-6.138246088469881,-5.09033694954279,-4.547315787273158,-4.250868893096184,-3.879070045242072,-3.760417845601447,-5.830730518260667,-5.292578071486307,0
b2AR-decoy_3041,COc1ccc2cc(C3(C)NC(=O)N(CC(=O)NCCC4=CCCCC4)C3=O)ccc2c1,-10.349,-8.616438011178515,-7.805246088469881,-6.53533694954279,-5.501315787273159,-6.161868893096186,-4.987070045242071,-5.076417845601448,-6.363730518260667,-7.072578071486307,0
b2AR-decoy_3042,CC(=O)OC[C@]12CCCC(C)(C)[C@@H]1CC[C@@]1(C)[C@@H]3CCc4cocc4[C@@]3(C)[C@H](OC(C)=O)C[C@@H]12,-9.479,-8.536438011178515,-6.438246088469882,-6.268336949542789,-6.252315787273158,-5.257868893096184,-3.785070045242071,-4.457417845601446,-7.396730518260666,-5.494578071486307,0
b2AR-decoy_3043,COC(=O)c1ccc(/C=C/c2c3ccccc3sc2c2ccc(OC)cc2)cc1,-8.529,-6.762438011178515,-6.6132460884698805,-5.82733694954279,-4.903315787273158,-4.601868893096185,-4.830070045242071,-3.4474178456014477,-5.5307305182606665,-5.333578071486306,0
b2AR-decoy_3044,Cn1cncc1C(OCc1ccc(C#N)cc1)c1ccc(C#N)c(c2ccccc2C(F)(F)F)c1,-9.65,-7.057438011178515,-7.561246088469881,-5.69533694954279,-6.108315787273158,-6.011868893096185,-5.344070045242072,-4.353417845601447,-6.738730518260667,-6.265578071486306,0
b2AR-decoy_3045,O=C(c1cnc(N2CCCC2)s1)c1sc2cc(Cl)cc(Cl)c2c1Cl,-8.949,-7.262438011178515,-6.811246088469881,-5.559336949542789,-5.319315787273158,-4.883868893096185,-4.500070045242071,-4.049417845601447,-5.561730518260667,-5.9415780714863065,0
b2AR-decoy_3046,C=C1OC(C)=N[C@]12CC[C@H]1[C@@H]3CCC4=CC(=O)CCC4=C3[C@@H](c3ccc(N(C)C)cc3)C[C@@]12C,-9.871,-8.328438011178514,-7.699246088469881,-6.918336949542789,-6.733315787273158,-5.801868893096184,-5.425070045242071,-5.457417845601446,-6.515730518260666,-7.117578071486307,0
b2AR-decoy_3047,CC(C)=CCc1c(O)c(CC=C(C)C)c2c(c1O)C(=O)c1c(O)cc(C)c(CC=C(C)C)c1C2O,-8.576,-7.092438011178516,-6.681246088469882,-5.547336949542789,-5.430315787273159,-5.071868893096184,-4.219070045242072,-3.9284178456014462,-5.813730518260666,-5.696578071486307,0
b2AR-decoy_3048,COC1=C[C@@]2(C)C(C[C@@H](OC(C)=O)[C@@]3(C)C4=CC[C@@H](c5ccoc5)[C@]4(C)CCC23)C(C)(C)C1=O,-8.69,-8.243438011178515,-6.354246088469882,-6.242336949542789,-5.430315787273159,-5.180868893096184,-3.754070045242072,-4.730417845601448,-6.302730518260667,-6.416578071486306,0
b2AR-decoy_3049,O=S1(=O)[C@@H](c2ccccc2)c2c(c(c3ccccc3)sc2c2ccccc2)[C@H]1c1ccccc1,-9.182,-6.905438011178514,-5.521246088469881,-5.627336949542789,-5.726315787273158,-3.431868893096185,-3.9680700452420714,-5.468417845601447,-5.824730518260667,-5.265578071486306,0
b2AR-decoy_305,O=C1N[C@@](c2ccc(OCCCC(F)(F)F)cc2F)(C(F)(F)F)CC(c2ccn(CC3CCC3)n2)=C1C(=O)NS(=O)(=O)C1CC1,-9.88,-8.008438011178516,-6.829246088469882,-6.82433694954279,-5.792315787273159,-4.766868893096184,-4.823070045242071,-5.266417845601447,-6.447730518260666,-6.393578071486306,0
b2AR-decoy_3050,Fc1cc(C2=Nn3c(nnc3c3cc(F)c(Cl)cc3Cl)SC2)c(Cl)cc1Cl,-9.819,-7.9994380111785155,-7.681246088469882,-6.742336949542789,-6.134315787273158,-5.952868893096184,-5.752070045242071,-4.985417845601447,-6.861730518260666,-6.568578071486307,0
b2AR-decoy_3051,COc1ccc2cc(c3cn(Cc4nc(c5ccccc5)c(c5ccccc5)o4)nn3)ccc2c1,-11.218,-9.422438011178516,-8.357246088469882,-8.00733694954279,-7.204315787273158,-6.112868893096184,-6.471070045242071,-5.180417845601447,-7.117730518260666,-7.789578071486307,0
b2AR-decoy_3052,O=S(=O)(c1ccc(F)cc1)C1(c2ccc(C(F)(C(F)(F)F)C(F)(F)F)cc2)CCCC1,-12.296,-10.250438011178517,-8.945246088469881,-7.33333694954279,-7.110315787273159,-6.850868893096184,-5.80807004524207,-5.755417845601446,-8.076730518260666,-8.733578071486306,0
b2AR-decoy_3053,C[C@]12C[C@H](c3ccc(c4cccnc4)cc3)C3=C4CCC(=O)C=C4CC[C@H]3[C@@H]1CCC21CCCC1=O,-12.176,-10.180438011178516,-9.15824608846988,-7.64433694954279,-7.735315787273159,-7.394868893096184,-7.4680700452420705,-6.787417845601446,-7.684730518260666,-8.897578071486306,0
b2AR-decoy_3054,C=C(C)[C@@H]1CC[C@]2(C(=O)OC)CC[C@]3(C)[C@H](CC[C@@H]4[C@@]5(C)CCC(=O)C(C)(C)[C@@H]5CC[C@]43C)[C@@H]12,-9.525,-7.786438011178514,-5.9302460884698815,-7.08433694954279,-6.385315787273159,-5.453868893096185,-4.229070045242072,-4.973417845601446,-6.828730518260667,-6.054578071486306,0
b2AR-decoy_3055,COc1cc(/C=C2\CCC/C(=C\c3ccc(N4CCCCC4)cc3)C2=O)ccc1OC(=O)C(C)C,-10.098,-7.739438011178516,-7.166246088469881,-6.23833694954279,-6.104315787273158,-5.3798688930961855,-5.312070045242072,-4.941417845601446,-6.574730518260667,-6.450578071486307,0
b2AR-decoy_3056,CSc1ccc(SC2=C(Sc3ccc(SC)cc3)C(=O)c3ccccc3C2=O)cc1,-8.055,-6.596438011178515,-7.274246088469882,-5.69633694954279,-5.018315787273158,-4.843868893096184,-3.3940700452420707,-4.377417845601446,-5.726730518260666,-5.284578071486306,0
b2AR-decoy_3057,CC(C)C1=C(Sc2ccc(Br)cc2)c2ccc3c(c2C(=O)C1=O)CCCC3(C)C,-9.983,-8.056438011178516,-6.686246088469881,-5.88833694954279,-5.854315787273158,-5.527868893096185,-4.94607004524207,-5.127417845601446,-7.323730518260666,-7.134578071486306,0
b2AR-decoy_3058,COC(=O)[C@]12CC[C@@H](C(C)C)C1C1CC[C@@H]3[C@@]4(C)C=CC(=O)C(C)(C)C4CC[C@@]3(C)[C@]1(C)CC2,-9.384,-7.706438011178514,-6.5972460884698805,-7.515336949542789,-5.971315787273159,-5.160868893096184,-3.819070045242072,-5.437417845601447,-6.608730518260666,-6.3485780714863065,0
b2AR-decoy_3059,COc1ccc(C)cc1C1=C(Br)C(=O)N(CC(C)C)/C1=C\c1cccc(Cl)c1,-8.833,-6.941438011178516,-7.0472460884698815,-5.480336949542791,-5.392315787273159,-5.271868893096185,-4.399070045242072,-4.160417845601447,-5.743730518260666,-5.462578071486307,0
b2AR-decoy_306,CCCCNC(=O)c1ccc(Br)c(n2nc(CC)n(Cc3ccc(c4ccccc4S(=O)(=O)NC(=O)OC(C)(C)C)cc3F)c2=O)c1,-9.81,-7.845438011178516,-7.111246088469882,-6.06133694954279,-5.737315787273159,-5.187868893096185,-4.988070045242072,-4.758417845601446,-5.608730518260666,-7.014578071486307,0
b2AR-decoy_3060,O=C1S/C(=C\c2sc(SCc3ccccc3)nc2Cl)C(=O)N1Cc1ccccc1,-9.332,-7.764438011178514,-6.875246088469881,-5.948336949542791,-5.386315787273158,-5.3478688930961855,-4.816070045242071,-4.066417845601446,-6.463730518260666,-6.775578071486306,0
b2AR-decoy_3061,COc1ccc(c2cc(Oc3c(F)c(F)c(F)c(F)c3F)nnc2c2ccc(OC)cc2)cc1,-10.061,-8.673438011178515,-7.647246088469881,-6.573336949542791,-6.339315787273158,-6.214868893096185,-5.620070045242072,-4.868417845601448,-7.297730518260666,-6.624578071486306,0
b2AR-decoy_3062,CC(c1ccc(C2(S(=O)(=O)c3ccc(F)cc3)CCCC2)cc1)(C(F)(F)F)C(F)(F)F,-12.255,-10.234438011178517,-8.593246088469881,-7.960336949542789,-6.938315787273158,-6.168868893096185,-5.66407004524207,-5.596417845601447,-7.598730518260666,-8.461578071486306,0
b2AR-decoy_3063,O=C1OC[C@H]2[C@@H]1Cc1c(F)cc(F)cc1[C@@H]2/C=C/c1ccc(c2cccc(C(F)(F)F)c2)cn1,-11.754,-10.600438011178516,-9.50124608846988,-8.84233694954279,-8.121315787273158,-7.221868893096184,-7.49707004524207,-7.042417845601447,-9.549730518260668,-8.677578071486307,0
b2AR-decoy_3064,CC(C)=CCC[C@H](C)C[C@@H]1CC2=C(C(=O)OC(C)(C)O2)[C@H](c2ccc(Cl)cc2)O1,-9.522,-7.952438011178515,-6.8262460884698815,-6.43033694954279,-6.036315787273159,-5.338868893096185,-4.723070045242071,-4.533417845601447,-5.658730518260667,-6.449578071486307,0
b2AR-decoy_3065,CC(C)CCC[C@@H](C)[C@H]1CC[C@H]2[C@@H]3C(C=O)=C4C[C@@H](O)CC[C@]4(C)[C@H]3CC[C@@]21C,-9.512,-8.667438011178515,-6.846246088469881,-6.858336949542791,-5.953315787273159,-5.712868893096184,-4.336070045242071,-4.881417845601447,-7.392730518260667,-6.887578071486306,0
b2AR-decoy_3066,CC(C)=CCC1=C2OCC[C@@]23C[C@H](CC=C(C)C)C(C)(C)[C@@](C(=O)c2ccccc2)(C1=O)C3=O,-8.93,-8.356438011178515,-7.000246088469881,-6.33733694954279,-6.685315787273158,-4.883868893096185,-4.38207004524207,-4.449417845601447,-6.425730518260666,-6.375578071486306,0
b2AR-decoy_3067,COc1ccc(/C=C(/Sc2ccc(Br)cc2)C(=O)c2ccc(Cl)cc2)cc1,-9.241,-7.598438011178516,-6.791246088469881,-6.002336949542789,-5.781315787273158,-4.733868893096185,-3.985070045242072,-3.2774178456014464,-5.588730518260666,-5.523578071486307,0
b2AR-decoy_3068,Cc1ccc(SC2=C(Cl)C(=O)C(Sc3ccc(C)cc3)=C(Cl)C2=O)cc1,-8.639,-6.291438011178515,-6.64224608846988,-5.01533694954279,-4.777315787273158,-4.292868893096184,-3.1200700452420707,-3.5884178456014464,-5.562730518260667,-5.624578071486306,0
b2AR-decoy_3069,COC(=O)[C@]12CCC(C)(C)C[C@H]1C1=CC[C@@H]3[C@@]4(C)C[C@@H](C=O)C(C)(C)[C@@H]4CC[C@@]3(C)[C@]1(C)CC2,-9.257,-7.998438011178514,-6.816246088469882,-6.85633694954279,-5.803315787273158,-4.572868893096185,-3.4900700452420708,-4.724417845601447,-6.932730518260666,-5.909578071486306,0
b2AR-decoy_307,Cc1c(O)c(C[NH2+][C@@H](C)c2ccccc2)c(C)c(C(=O)Oc2c(C)c(C)c(C(=O)Oc3c(C)c(C)c(C(=O)[O-])c(O)c3C)c(O)c2C)c1O,-10.533,-8.508438011178516,-7.678246088469882,-7.309336949542789,-6.702315787273159,-6.973868893096185,-6.205070045242071,-5.095417845601446,-6.806730518260666,-7.991578071486307,0
b2AR-decoy_3070,CCC(=O)Oc1ccc(/C=C2\CCC/C(=C\c3ccc(N4CCCCC4)cc3)C2=O)cc1OC,-9.514,-8.101438011178516,-6.982246088469882,-6.41133694954279,-5.805315787273159,-4.888868893096184,-4.825070045242072,-4.888417845601447,-6.443730518260667,-6.467578071486306,0
b2AR-decoy_3071,CC(C)OC1=C[C@@]2(C)C(=CC1=O)C=C[C@@H]1[C@@H]2CC[C@@]2(C)[C@H]1C[C@@H]1O[C@]3(CC[C@@H](C)CO3)[C@@H](C)[C@@H]12,-10.571,-8.836438011178515,-7.590246088469881,-7.899336949542789,-6.631315787273158,-6.241868893096184,-5.079070045242071,-5.291417845601448,-7.670730518260667,-7.393578071486306,0
b2AR-decoy_3072,CN(C)c1ccc(/C=C(/Sc2ccc(Br)cc2)C(=O)c2ccc(Cl)cc2)cc1,-9.038,-7.268438011178516,-5.755246088469881,-5.94933694954279,-6.067315787273158,-4.130868893096185,-4.211070045242071,-3.6444178456014473,-5.494730518260667,-6.280578071486307,0
b2AR-decoy_3073,Clc1ccc(CO/N=C/c2c(c3ccc(c4ccccc4)cc3)nc3sccn23)cc1Cl,-9.037,-8.165438011178516,-7.420246088469881,-6.47733694954279,-5.721315787273159,-5.073868893096185,-5.44907004524207,-5.261417845601446,-6.456730518260667,-7.429578071486306,0
b2AR-decoy_3075,Fc1ccc(C2=Nc3c(Sc4ccccc4)ncnc3Sc3ccccc32)cc1,-10.135,-7.486438011178516,-7.429246088469881,-5.75633694954279,-6.427315787273159,-6.1908688930961855,-2.7150700452420717,-5.020417845601447,-6.2007305182606665,-6.419578071486306,0
b2AR-decoy_3076,CO/N=C(/c1ccc(Cl)cc1)c1ccccc1Oc1ccc(C(F)(F)F)cc1,-10.587,-8.684438011178516,-7.945246088469881,-7.095336949542789,-6.569315787273158,-5.995868893096185,-5.450070045242072,-4.915417845601446,-6.897730518260666,-7.118578071486306,0
b2AR-decoy_3077,COc1ccc(n2nnc(/C=C\C=C\N3c4ccccc4Sc4ccc(Cl)cc43)n2)cc1,-10.155,-8.316438011178516,-7.774246088469882,-6.543336949542789,-6.415315787273158,-6.3368688930961845,-5.085070045242071,-5.041417845601448,-6.457730518260666,-7.091578071486307,0
b2AR-decoy_3078,O=C(Oc1ccc(Cl)cc1Cc1ccccc1)c1ccccc1c1ccc(C(F)(F)F)cc1,-10.751,-8.873438011178514,-8.66424608846988,-6.544336949542791,-7.194315787273158,-7.212868893096184,-6.248070045242072,-5.584417845601447,-7.621730518260666,-7.694578071486307,0
b2AR-decoy_3079,CC(C)(C)c1cc(C2c3ccc(N)nc3NP2(=O)Oc2ccccc2)cc(C(C)(C)C)c1O,-10.135,-8.304438011178515,-7.968246088469881,-6.5783369495427895,-6.864315787273158,-5.943868893096184,-5.185070045242071,-5.848417845601446,-7.242730518260666,-7.217578071486306,0
b2AR-decoy_308,CCCCc1nn(c2ccccc2C(F)(F)F)c(=O)n1Cc1ccc(c2ccccc2S(=O)(=O)NC(=O)c2sccc2Br)cc1,-10.523,-8.640438011178516,-7.336246088469881,-6.72833694954279,-6.889315787273159,-5.579868893096185,-5.811070045242071,-4.450417845601447,-6.789730518260667,-7.867578071486307,0
b2AR-decoy_3080,Cn1cncc1C(OCc1ccc(C#N)cc1)c1ccc(C#N)c(c2cc3ccccc3s2)c1,-10.188,-8.103438011178515,-7.793246088469882,-6.4083369495427895,-6.313315787273158,-5.475868893096184,-6.080070045242071,-5.533417845601447,-6.586730518260666,-6.536578071486307,0
b2AR-decoy_3081,CC#C[C@]1(O)CC[C@H]2[C@@H]3CCC4=CC(=O)CCC4=C3[C@@H](c3ccc(SC)cc3)C[C@@]21C,-8.234,-8.093438011178515,-7.318246088469881,-6.351336949542789,-5.468315787273159,-5.279868893096184,-3.9680700452420714,-4.066417845601446,-6.106730518260667,-5.324578071486307,0
b2AR-decoy_3082,CC(C)[C@@H](C)/C=C/[C@@H](C)[C@H]1CC[C@H]2C3=CC(=O)C4=CC(=O)CC[C@]4(C)[C@H]3CC[C@@]21C,-10.802,-8.615438011178515,-7.747246088469881,-7.47833694954279,-6.319315787273158,-5.922868893096185,-5.045070045242071,-5.799417845601447,-7.420730518260667,-7.639578071486307,0
b2AR-decoy_3083,Cc1nc2cnccc2n1c1ccc(OCc2cccc(/C=C/c3ccc4ccccc4n3)c2)cc1,-11.342,-9.135438011178517,-8.166246088469881,-7.67333694954279,-7.453315787273159,-6.996868893096185,-6.104070045242072,-6.742417845601446,-7.953730518260667,-8.551578071486306,0
b2AR-decoy_3084,O=C1CCC(c2ccccc2c2ccccc2)N1Cc1csc(c2ccccc2)n1,-10.336,-8.594438011178514,-7.938246088469882,-7.040336949542789,-6.403315787273158,-6.436868893096184,-4.014070045242072,-5.887417845601448,-7.689730518260667,-7.382578071486307,0
b2AR-decoy_3085,COc1cc2oc(=O)cc(c3ccc(c4ccc(C(F)(F)F)cc4)cc3)c2c(OC)c1OC,-8.556,-7.345438011178516,-6.59424608846988,-4.8523369495427895,-4.918315787273158,-4.742868893096185,-3.204070045242071,-4.567417845601447,-5.406730518260666,-6.451578071486306,0
b2AR-decoy_3086,O=C(/C(=C\c1ccc(C(F)(F)F)cc1)S(=O)(=O)Cc1ccccc1)c1ccc(Cl)cc1,-10.107,-8.286438011178515,-7.215246088469881,-6.53833694954279,-6.080315787273159,-5.8318688930961855,-5.096070045242071,-4.756417845601447,-6.793730518260666,-7.577578071486306,0
b2AR-decoy_3087,COc1ccc([C@@H]2CC(=O)c3cc(CC=C(C)C)c4c(c3O2)C=CC(C)(C)O4)cc1OC,-9.62,-7.346438011178515,-7.163246088469881,-6.544336949542791,-6.144315787273159,-5.448868893096185,-4.602070045242071,-4.507417845601447,-6.741730518260667,-6.233578071486306,0
b2AR-decoy_3088,Cn1cncc1C(OCc1ccc(C#N)cc1)c1ccc(C#N)c(c2cccc(Cl)c2Cl)c1,-9.829,-7.040438011178516,-7.322246088469882,-6.014336949542789,-6.089315787273158,-5.111868893096185,-4.970070045242071,-4.644417845601447,-6.129730518260667,-6.514578071486307,0
b2AR-decoy_3089,Cc1ccc(CSc2nc3ccncc3n2Cc2nc(c3ccc(Cl)cc3)oc2C)cc1,-10.553,-8.955438011178515,-8.921246088469882,-6.43633694954279,-6.854315787273158,-5.208868893096184,-6.110070045242072,-6.1524178456014464,-7.240730518260666,-7.851578071486307,0
b2AR-decoy_309,NS(=O)(=O)c1ccc(NC(=O)C(F)(F)C(F)(F)C(F)(F)C(F)(F)C(F)(F)C(F)(F)C(F)(F)C(F)(F)F)c(I)c1,-11.459,-8.948438011178515,-8.169246088469881,-8.34433694954279,-7.154315787273159,-6.590868893096184,-6.133070045242072,-6.063417845601446,-7.991730518260667,-7.652578071486307,0
b2AR-decoy_3090,Cc1cccc(c2ccc(/C=C/[C@@H]3[C@@H]4[C@@H](C)OC(=O)[C@@H]4C[C@@H]4CCCC[C@H]43)nc2)c1,-11.493,-9.403438011178515,-8.870246088469882,-7.970336949542789,-7.666315787273158,-7.111868893096185,-6.762070045242071,-6.473417845601446,-7.746730518260666,-8.488578071486307,0
b2AR-decoy_3091,CC(=O)O[C@H]1CC[C@@]2(C)C(=CC[C@H]3[C@@H]4CC[C@H](c5nnc(c6cccnc6)o5)[C@@]4(C)CC[C@@H]32)C1,-10.699,-9.376438011178514,-7.775246088469881,-7.42933694954279,-7.142315787273159,-6.573868893096185,-6.68307004524207,-5.778417845601448,-7.826730518260666,-8.401578071486307,0
b2AR-decoy_3092,O=C1/C(=C\c2cccc(Oc3ccccc3)c2)SC(c2ccccc2)N1c1ccc(Cl)cc1,-10.448,-8.531438011178516,-8.380246088469882,-6.46533694954279,-6.508315787273158,-6.878868893096184,-6.367070045242071,-5.347417845601447,-7.289730518260667,-7.559578071486307,0
b2AR-decoy_3093,Cc1ccc(C)c(/C=C(\C(=O)c2ccc(Cl)cc2)S(=O)(=O)Cc2ccc(Cl)cc2)c1,-9.93,-7.997438011178515,-7.611246088469882,-7.00333694954279,-6.389315787273159,-5.937868893096185,-5.207070045242071,-5.299417845601447,-6.709730518260667,-6.738578071486307,0
b2AR-decoy_3094,COc1cc(OC)c([C@@H]2COc3c(ccc4c3C=CC(C)(C)O4)C2)cc1/C=C/C(=O)c1ccco1,-9.471,-8.037438011178516,-7.372246088469881,-6.073336949542791,-5.627315787273158,-5.478868893096184,-5.102070045242071,-4.473417845601446,-7.010730518260667,-7.097578071486307,0
b2AR-decoy_3095,CCc1nnc(NC(=O)/C(C#N)=C/c2ccc(OCc3ccccc3Br)c(OC)c2)s1,-9.368,-7.426438011178515,-6.526246088469881,-5.96833694954279,-5.378315787273159,-4.774868893096185,-4.207070045242071,-3.936417845601447,-5.920730518260667,-6.862578071486306,0
b2AR-decoy_3096,Cc1cccc(NC(=O)c2c(C)cc(C)nc2SCC(=O)Nc2c(C)cc(C)cc2C)c1,-10.424,-8.452438011178515,-7.532246088469881,-7.210336949542789,-6.706315787273159,-5.403868893096185,-5.527070045242072,-5.259417845601448,-7.316730518260666,-7.361578071486306,0
b2AR-decoy_3097,COC(=O)Cc1c(SSSc2[nH]c3ccccc3c2CC(=O)OC)[nH]c2ccccc12,-8.516,-6.761438011178516,-6.4112460884698805,-5.322336949542789,-5.155315787273159,-4.639868893096185,-3.56807004524207,-3.957417845601446,-6.685730518260666,-5.866578071486307,0
b2AR-decoy_3098,Cc1ccc([C@H]2CN(C(=O)c3cc(c4ccc(F)cc4)on3)[C@@H](CC(C)C)C(=O)N2)cc1,-10.977,-9.562438011178514,-8.79224608846988,-7.92733694954279,-6.9263157872731576,-6.475868893096184,-6.15107004524207,-6.087417845601447,-7.502730518260666,-8.461578071486306,0
b2AR-decoy_3099,CC(=O)N[C@@H](C)/C=C/c1ccc(Oc2ccc3nc(C(C)(C)O)sc3c2Cl)nc1,-9.571,-7.729438011178516,-6.981246088469881,-6.204336949542789,-5.612315787273159,-5.0978688930961855,-4.565070045242072,-4.653417845601448,-5.601730518260666,-6.424578071486307,0
b2AR-decoy_31,CC(C)(C)OC(=O)N[C@H](C(=O)OC(C)(C)C)c1ccc2ccccc2c1,-8.983,-7.167438011178515,-6.528246088469881,-5.51633694954279,-5.690315787273159,-4.590868893096184,-4.566070045242071,-4.198417845601448,-5.681730518260666,-6.273578071486307,0
b2AR-decoy_310,COc1ccc(CN(C(=O)Cn2cc(CNS(=O)(=O)c3ccc(Br)cc3)nn2)c2cc(OC)c(OC)c(OC)c2)cc1,-9.08,-7.268438011178516,-6.268246088469882,-6.0333369495427895,-5.086315787273158,-5.051868893096184,-4.047070045242071,-3.860417845601447,-5.835730518260666,-5.815578071486307,0
b2AR-decoy_3100,C=C1/C(=C\C=C2/CCC[C@@]3(C)[C@H]2CC[C@@H]3[C@H](C)CC[C@@H](O)C(C)(C)O)C[C@@H](O)C[C@@H]1O,-10.009,-8.080438011178515,-7.035246088469881,-6.23133694954279,-6.430315787273159,-5.670868893096184,-4.566070045242071,-5.298417845601447,-7.475730518260667,-6.421578071486307,0
b2AR-decoy_3101,CCCCC(=O)c1c(O)cc(O)c2c1OC1=C(C(=O)C(C)(C)C(=O)C1(C)C)C2CC(C)C,-8.245,-6.547438011178516,-6.414246088469881,-5.155336949542789,-4.589315787273159,-4.133868893096185,-2.9550700452420706,-3.832417845601446,-5.515730518260666,-4.971578071486306,0
b2AR-decoy_3102,COc1cc(OC)c2c(c1Cc1ccc(O)cc1)CCc1c-2ccc(O)c1CC=C(C)C,-9.147,-6.868438011178515,-6.544246088469881,-5.21133694954279,-5.117315787273158,-5.216868893096185,-4.701070045242071,-4.191417845601446,-6.400730518260666,-5.149578071486307,0
b2AR-decoy_3103,CCNC(=O)c1ccccc1CC[C@]1(O)CCC2=Cc3c(cnn3c3ccc(F)cc3)C[C@@]21C,-10.795,-10.051438011178517,-9.050246088469882,-7.409336949542789,-6.895315787273159,-6.2728688930961845,-6.268070045242071,-6.661417845601447,-7.682730518260666,-7.847578071486307,0
b2AR-decoy_3104,CN(C)c1ccc(/C=C/C(=O)c2cc(C(=O)/C=C/c3ccc(N(C)C)cc3)c(O)cc2O)cc1,-9.397,-7.596438011178515,-6.930246088469881,-5.723336949542789,-5.981315787273159,-5.015868893096185,-4.624070045242071,-4.363417845601447,-5.821730518260667,-6.063578071486306,0
b2AR-decoy_3105,Cn1cc(CCCNC(=O)CCc2c[nH]c3ccc(Cl)cc23)c2cc(OC(F)(F)F)ccc21,-9.985,-7.652438011178516,-7.122246088469881,-6.8283369495427895,-5.937315787273159,-5.330868893096184,-5.348070045242071,-4.761417845601446,-6.298730518260667,-6.692578071486306,0
b2AR-decoy_3106,COc1cc(C(=O)c2cn(c3ccc(F)cc3)cc2c2ccc(N)cc2)cc(OC)c1OC,-9.689,-7.900438011178515,-7.389246088469882,-6.592336949542791,-6.371315787273158,-4.8158688930961855,-4.293070045242072,-4.735417845601447,-6.375730518260667,-7.007578071486307,0
b2AR-decoy_3107,C/C(=N\NC(=O)c1ccc(NS(=O)(=O)c2cccs2)cc1)c1ccc(C(C)(C)C)cc1,-10.062,-7.804438011178515,-7.479246088469882,-6.749336949542791,-6.496315787273158,-5.290868893096185,-4.877070045242071,-4.876417845601447,-6.109730518260667,-7.043578071486307,0
b2AR-decoy_3108,CC(C)CC(O)(CC(C)C)[C@@H]1C=CC=C(CO)C2=C3[C@H]1CCCC[C@@]31OC(C)(C)O[C@@H]21,-5.563,-3.987438011178515,-3.491246088469881,-2.392336949542789,-2.4213157872731585,-1.6158688930961844,-1.114070045242071,-1.4444178456014471,-2.842730518260667,-2.8435780714863066,0
b2AR-decoy_3109,CCCCN1C(=O)c2[nH]nc(c3ccccc3O)c2C1c1ccc(OCc2ccccc2)cc1,-9.182,-7.225438011178515,-6.399246088469882,-5.707336949542789,-5.357315787273159,-5.675868893096185,-4.416070045242071,-4.724417845601447,-6.338730518260666,-6.085578071486307,0
b2AR-decoy_311,Cn1cc(NC(=O)c2cc(NC(=O)c3cc(c4sc(Cl)c(Cl)c4Cl)cn3C)cn2C)cc1C(=O)NCC[NH+]1CCOCC1,-8.905,-7.086438011178515,-6.213246088469882,-5.447336949542789,-5.920315787273159,-4.871868893096185,-4.407070045242071,-4.158417845601447,-5.771730518260666,-5.676578071486306,0
b2AR-decoy_3110,C[C@H](NC(=O)CNc1cc(C(F)(F)F)c2c(c3ccccc3)nn(C)c2n1)c1ccccc1,-11.201,-9.074438011178517,-8.354246088469882,-7.25333694954279,-7.121315787273158,-6.032868893096184,-6.657070045242071,-4.883417845601446,-7.824730518260667,-7.938578071486306,0
b2AR-decoy_3111,O=C(N/N=C/c1ccc(OC(F)(F)C(F)F)cc1)c1cnc2c(C(F)(F)F)cccc2c1O,-10.887,-9.301438011178517,-8.229246088469882,-7.668336949542789,-7.043315787273158,-6.631868893096184,-6.089070045242071,-5.389417845601447,-7.658730518260667,-7.670578071486306,0
b2AR-decoy_3112,C[C@H](CCCC(C)(C)O)[C@H]1CC[C@H]2/C(=C\C=C3C[C@@H](O)C(O)(CF)[C@H](O)C3)CCC[C@@]21C,-9.995,-7.474438011178515,-6.897246088469881,-6.24433694954279,-5.554315787273158,-5.8798688930961855,-4.278070045242071,-4.657417845601447,-6.381730518260666,-6.240578071486306,0
b2AR-decoy_3113,CCOC(=O)CC1C(C(=O)OCC)=C(N)Oc2ccc(c3ccc(C(C)(C)C)cc3)cc21,-9.329,-6.670438011178515,-6.8022460884698805,-5.30833694954279,-4.954315787273158,-4.6188688930961845,-3.581070045242072,-4.065417845601447,-6.318730518260667,-6.001578071486307,0
b2AR-decoy_3114,CC(C(=O)NCc1ccc(C(C)(C)C)cc1Br)c1ccc(NS(C)(=O)=O)c(F)c1,-9.785,-7.757438011178515,-6.824246088469881,-6.451336949542791,-6.402315787273158,-5.154868893096184,-4.416070045242071,-5.091417845601447,-6.321730518260667,-6.449578071486307,0
b2AR-decoy_3115,CC(C)C[C@H](c1c(O)c(C=O)c(O)c(C=O)c1O)[C@@]1(C)CC[C@@H]2[C@@H]1[C@H]1[C@@H](CC[C@]2(C)O)C1(C)C,-6.92,-5.084438011178516,-4.832246088469881,-4.07433694954279,-3.1763157872731584,-3.319868893096185,-1.6650700452420706,-2.5784178456014466,-4.013730518260666,-3.6685780714863063,0
b2AR-decoy_3116,C=C1/C(=C\C=C2/CCC[C@@]3(C)[C@H]2CC[C@@H]3[C@H](C)CCC[C@@](C)(O)[C@@H](C)CO)C[C@@H](O)C[C@@H]1O,-9.839,-7.815438011178514,-6.723246088469882,-6.27233694954279,-5.639315787273159,-5.3528688930961845,-4.3880700452420704,-4.808417845601447,-6.931730518260666,-6.421578071486307,0
b2AR-decoy_3117,COc1ccc([C@@H]2[C@@H]([C@H](O)CCc3ccccc3)OC(=O)N2c2ccc(F)cc2)c(O)c1,-10.727,-8.919438011178515,-7.725246088469881,-6.899336949542789,-7.161315787273159,-6.308868893096184,-6.16407004524207,-5.447417845601446,-7.101730518260666,-7.658578071486307,0
b2AR-decoy_3118,CCCCS(=O)(=O)N[C@H]1CC=C[C@H](c2ccc(OC)cc2)N(Cc2ccc(F)cc2)C(=O)C1,-7.865,-5.533438011178515,-4.659246088469882,-4.44033694954279,-3.810315787273159,-2.8428688930961847,-2.073070045242071,-2.1234178456014465,-4.045730518260666,-4.251578071486307,0
b2AR-decoy_3119,CCN(C)c1cc(O)c(Cn2nc(c3ccc(C(F)(F)F)cc3)oc2=O)cc1Cl,-9.268,-7.832438011178516,-7.666246088469881,-6.1743369495427896,-5.902315787273158,-5.386868893096185,-4.645070045242072,-4.642417845601447,-6.582730518260666,-7.160578071486306,0
b2AR-decoy_312,COc1ccc(S(=O)(=O)Nc2cccc3c2O[C@H](CN(C)C(=O)Nc2ccc(C(F)(F)F)cc2)[C@@H](C)CN([C@H](C)CO)C3=O)cc1,-8.47,-6.707438011178516,-5.895246088469881,-6.104336949542789,-4.724315787273159,-3.979868893096184,-3.388070045242072,-4.155417845601447,-5.763730518260667,-5.578578071486307,0
b2AR-decoy_3120,CC(C)c1ccc(CN(Cc2ccc(F)cc2F)c2cccc(S(N)(=O)=O)c2)cc1,-9.903,-8.318438011178515,-7.541246088469881,-6.82133694954279,-6.210315787273158,-5.184868893096185,-4.986070045242071,-5.045417845601447,-6.816730518260666,-6.822578071486307,0
b2AR-decoy_3121,CC(C)C[C@H](c1c(O)c(C=O)c(O)c(C=O)c1O)[C@@H]1CC[C@@](C)(O)[C@@H]2[C@@H]3[C@H](CC[C@@]12C)C3(C)C,-9.305,-7.354438011178516,-6.160246088469881,-5.870336949542789,-5.322315787273158,-5.366868893096184,-3.781070045242071,-4.195417845601448,-6.167730518260667,-6.471578071486306,0
b2AR-decoy_3122,COC(=O)c1sc(NC(=O)CSc2nc(C3CC3)nc3sc4c(c23)CCCC4)nc1C,-9.904,-7.768438011178516,-6.750246088469881,-5.675336949542789,-6.193315787273159,-5.556868893096185,-4.676070045242071,-4.421417845601447,-6.027730518260666,-6.400578071486306,0
b2AR-decoy_3123,O=C(NCc1ccccc1)C1=C[C@H](c2csc3ccccc23)C[C@H](OCc2ccc(CO)cc2)O1,-10.881,-9.551438011178517,-8.21924608846988,-7.67633694954279,-7.084315787273159,-6.515868893096185,-6.002070045242071,-6.571417845601447,-8.099730518260666,-8.030578071486307,0
b2AR-decoy_3124,CC(=O)O[C@H]1C[C@@H]2C[C@H](OC(C)=O)CC[C@]2(C)[C@H]2CC[C@@]3(C)[C@@H](CC[C@@H]3[C@H](C)CCC(N)=O)[C@H]12,-10.894,-8.958438011178515,-6.599246088469881,-6.217336949542791,-5.722315787273159,-5.801868893096184,-4.547070045242071,-5.525417845601448,-6.516730518260667,-6.827578071486306,0
b2AR-decoy_3125,CCOC(=O)CC(O)CC(O)/C=C/C1=C(c2ccc(F)cc2)c2ccccc2OC12CCCC2,-9.948,-6.857438011178516,-7.492246088469882,-5.332336949542789,-5.758315787273158,-5.616868893096184,-5.386070045242072,-4.644417845601447,-6.192730518260666,-5.9575780714863065,0
b2AR-decoy_3126,CCCCCNS(=O)(=O)c1ccc(N=c2c3ccccc3[nH]c3cc(N)ccc23)cc1,-9.279,-7.087438011178515,-6.945246088469881,-5.21533694954279,-5.165315787273158,-5.072868893096185,-4.60607004524207,-3.7484178456014474,-6.696730518260667,-6.164578071486307,0
b2AR-decoy_3127,C[C@@H](CCCC(C)(C)O)C1CCC2/C(=C/C=C3C[C@@H](O)C(=CCO)[C@H](O)C3)CCCC21C,-9.544,-7.928438011178516,-6.861246088469882,-5.970336949542789,-5.890315787273158,-5.521868893096185,-4.187070045242072,-4.347417845601447,-6.565730518260667,-6.220578071486306,0
b2AR-decoy_3128,Nc1ccccc1SC[C@@H]1CO[C@](CCc2ccc(Cl)cc2)(Cn2ccnc2)O1,-9.45,-8.155438011178514,-7.035246088469881,-6.569336949542789,-6.718315787273159,-5.104868893096185,-4.706070045242072,-4.366417845601447,-6.032730518260667,-6.534578071486306,0
b2AR-decoy_3129,CCN(CC(=O)Nc1ccccc1C(F)(F)F)C(=O)c1ccc(NC(=O)c2cccs2)cc1,-10.126,-8.128438011178515,-7.48824608846988,-5.90733694954279,-5.484315787273159,-5.453868893096185,-4.85607004524207,-4.590417845601447,-6.398730518260667,-7.159578071486306,0
b2AR-decoy_313,O=C1OCC/C1=C/c1ccc(/N=N/c2c(O)ccc3ccccc23)cc1,-9.972,-8.685438011178515,-7.525246088469881,-6.86533694954279,-5.864315787273158,-5.442868893096184,-6.004070045242072,-5.052417845601447,-6.875730518260667,-7.662578071486306,0
b2AR-decoy_3130,Cc1ccc(c2nnc(SCC(=O)c3ccc(CC(N)=O)s3)nc2c2ccc(C)cc2)cc1,-9.939,-7.819438011178516,-7.48524608846988,-6.11933694954279,-5.639315787273159,-5.431868893096185,-5.213070045242072,-4.630417845601446,-6.042730518260667,-6.476578071486307,0
b2AR-decoy_3131,CC(C)Oc1ccc(Br)cc1C(C)NC(=O)NS(=O)(=O)c1ccc(Cl)cc1,-9.27,-7.169438011178515,-6.861246088469882,-6.018336949542789,-5.175315787273158,-4.652868893096185,-4.323070045242071,-4.168417845601447,-6.597730518260667,-5.556578071486307,0
b2AR-decoy_3132,CC(=O)CNC(=O)CC[C@@H](C)[C@H]1CC[C@H]2[C@@H]3CC[C@@H]4C[C@H](O)CC[C@]4(C)[C@H]3CC[C@@]21C,-10.603,-8.823438011178515,-7.396246088469882,-7.27533694954279,-6.417315787273159,-6.661868893096186,-4.95907004524207,-5.787417845601446,-7.459730518260667,-7.747578071486307,0
b2AR-decoy_3133,CCc1ccc(c2ccc(C(=O)NCC(=O)NCc3ccccc3C(F)(F)F)cc2)cc1,-10.983,-8.622438011178515,-7.57824608846988,-5.982336949542789,-6.345315787273158,-5.918868893096185,-5.274070045242072,-4.097417845601447,-6.480730518260666,-7.278578071486306,0
b2AR-decoy_3134,Cc1ccc(NC(=O)c2c(C)cc(C)nc2SCC(=O)Nc2ccc(Br)cc2)cc1,-9.782,-7.9224380111785155,-6.713246088469882,-6.8603369495427895,-5.777315787273158,-5.526868893096184,-5.515070045242071,-4.727417845601448,-6.571730518260667,-6.727578071486306,0
b2AR-decoy_3135,C=C(CC[C@@H](C)[C@H]1CC[C@@H]([C@@H]2C[C@H]3O[C@]34C[C@@H](O)CC[C@]4(C)C2=O)[C@]1(C)CCO)C(C)C,-9.461,-7.728438011178515,-6.873246088469882,-6.277336949542789,-5.985315787273159,-5.675868893096185,-4.702070045242071,-4.473417845601446,-6.632730518260667,-6.675578071486306,0
b2AR-decoy_3136,O=C(COC(=O)CCCNC(=O)c1ccc(Cl)cc1)Nc1cc(Cl)c(Cl)cc1Cl,-9.119,-6.453438011178514,-6.170246088469881,-5.627336949542789,-4.605315787273159,-4.495868893096185,-3.9680700452420714,-3.896417845601446,-5.3047305182606665,-6.403578071486306,0
b2AR-decoy_3137,COc1ccccc1c1cc2cc(C(C)(C)C(=O)NC(C)(C)C)ccc2n1CC(=O)NC(C)(C)C,-9.33,-6.616438011178515,-6.46924608846988,-5.90433694954279,-5.418315787273158,-4.856868893096184,-3.993070045242071,-4.358417845601446,-5.590730518260667,-5.850578071486307,0
b2AR-decoy_3138,CC(Oc1ccc(F)c(C(N)=O)c1F)c1nc(c2ccc(OC(F)(F)F)cc2)c(Cl)o1,-10.329,-8.633438011178516,-8.184246088469882,-7.360336949542789,-6.593315787273159,-6.019868893096184,-5.6380700452420704,-5.315417845601447,-6.819730518260666,-6.806578071486307,0
b2AR-decoy_3139,CCOC(=O)c1c(NC(NC(=O)c2ccco2)C(Cl)(Cl)Cl)scc1c1ccccc1,-9.332,-8.025438011178515,-6.577246088469881,-6.210336949542789,-4.644315787273158,-5.431868893096185,-4.000070045242071,-3.8544178456014464,-5.911730518260667,-6.464578071486306,0
b2AR-decoy_314,COC(=O)C[C@]1(C)CCC[C@]2(C)c3cc(O)c(C(C)C)cc3CC[C@@H]12,-9.553,-7.690438011178514,-7.003246088469881,-5.71133694954279,-5.735315787273159,-5.178868893096185,-4.889070045242072,-4.525417845601448,-6.562730518260667,-6.226578071486307,0
b2AR-decoy_3140,COc1cccc2c1OCC(C(=O)N[C@H](c1ncc(c3ccc(Br)cc3)[nH]1)C(C)C)=C2,-10.407,-8.907438011178515,-7.936246088469881,-7.075336949542789,-6.242315787273158,-5.713868893096185,-5.851070045242071,-5.256417845601447,-6.777730518260666,-7.048578071486306,0
b2AR-decoy_3141,C[C@H](c1ccc(Cl)cc1)N(C(=O)/C=C/c1ccccc1)[C@H](C(N)=O)c1ccc(Cl)cc1,-9.671,-8.659438011178516,-7.692246088469881,-6.530336949542789,-6.885315787273159,-5.502868893096185,-5.136070045242072,-4.899417845601446,-6.7807305182606665,-7.159578071486306,0
b2AR-decoy_3142,Cc1ccc(OC(=O)c2sccc2S(=O)(=O)Nc2onc(C)c2Cl)c(C)c1,-9.426,-7.886438011178516,-7.050246088469882,-6.252336949542789,-6.151315787273159,-5.6348688930961846,-4.857070045242072,-4.710417845601446,-6.086730518260666,-6.452578071486306,0
b2AR-decoy_3143,C[C@H](NC(=O)C(F)(F)F)[C@H](Oc1ccc2c(cnn2c2ccc(F)cc2)c1)c1cccc(O)c1,-10.29,-8.459438011178515,-7.771246088469882,-6.65733694954279,-6.621315787273158,-5.876868893096185,-5.74707004524207,-6.313417845601446,-6.937730518260667,-6.984578071486306,0
b2AR-decoy_3144,COc1cc2c(cc1OCc1ccncc1)-c1n[nH]c(c3ccc(c4ccc(O)cc4)cc3)c1C2,-10.616,-8.200438011178516,-8.551246088469881,-6.354336949542789,-6.1763157872731576,-6.256868893096184,-5.30807004524207,-5.667417845601447,-6.3737305182606665,-7.095578071486306,0
b2AR-decoy_3145,CC(C)c1ccc(CN(Cc2ccccc2C(F)(F)F)c2cccc(S(N)(=O)=O)c2)cc1,-9.662,-8.186438011178515,-7.637246088469881,-6.67933694954279,-6.554315787273158,-5.4618688930961845,-4.960070045242071,-5.311417845601447,-6.4827305182606665,-6.494578071486307,0
b2AR-decoy_3146,C[Si](C)(C)CCOCS(=O)(=O)c1ccccc1c1ccc(c2cnc(N)nc2)c(F)c1,-7.842,-5.885438011178515,-5.946246088469882,-4.857336949542789,-3.820315787273159,-4.253868893096184,-3.812070045242072,-3.209417845601447,-4.768730518260666,-5.204578071486306,0
b2AR-decoy_3147,CC(C)C[C@H](CO)Nc1nc(S[C@@H](C)c2ccccc2Br)nc2nc(N)sc12,-8.864,-6.981438011178515,-6.068246088469881,-5.938336949542789,-5.269315787273159,-4.495868893096185,-4.00707004524207,-3.557417845601448,-5.509730518260666,-5.885578071486307,0
b2AR-decoy_3148,CCN(CC)P(=O)(/C=C(\Cl)c1ccccc1)/C=C(\Cl)c1ccccc1,-8.34,-6.936438011178515,-6.127246088469882,-5.290336949542789,-4.821315787273159,-4.4458688930961845,-3.496070045242071,-3.4584178456014465,-5.547730518260666,-5.794578071486306,0
b2AR-decoy_3149,Cc1onc(c2c(Cl)cccc2Cl)c1N(C)C(=O)OCc1c(F)cccc1Cl,-8.476,-6.790438011178516,-6.635246088469881,-5.771336949542789,-5.429315787273158,-5.059868893096185,-3.8530700452420703,-4.356417845601447,-5.680730518260667,-5.696578071486307,0
b2AR-decoy_315,CC(C)Oc1ccc(/C(=C(\C#N)c2ccccc2)c2ccc(O)cc2)cc1,-8.986,-6.925438011178516,-6.442246088469881,-5.32033694954279,-5.596315787273159,-4.441868893096185,-3.841070045242072,-3.720417845601446,-5.600730518260667,-5.710578071486307,0
b2AR-decoy_3150,O=C(/C=C/c1ccccc1OCc1ccccc1)/C=C/c1cccc(Cl)c1Cl,-10.279,-7.357438011178516,-7.352246088469881,-5.810336949542791,-6.166315787273158,-5.192868893096184,-4.660070045242071,-4.392417845601447,-6.492730518260666,-6.806578071486307,0
b2AR-decoy_3151,COc1cc(C(SCc2ccccc2)SCc2ccccc2)ccc1O,-8.297,-6.989438011178516,-6.792246088469881,-5.20233694954279,-5.451315787273158,-4.248868893096185,-3.613070045242072,-3.401417845601447,-6.138730518260667,-5.738578071486307,0
b2AR-decoy_3152,CCOP(=O)(OCC)C(Cc1ccc(F)cc1)c1sc2ccccc2c1C,-8.521,-6.632438011178515,-6.103246088469881,-5.21233694954279,-5.236315787273158,-4.487868893096184,-4.048070045242071,-3.7004178456014474,-5.153730518260667,-5.715578071486307,0
b2AR-decoy_3153,COc1ccc(C(=O)CC(Sc2ccc(C)cc2)c2ccc(OC)cc2)cc1,-9.156,-7.371438011178515,-7.048246088469881,-5.96833694954279,-5.881315787273158,-4.907868893096184,-4.48107004524207,-3.812417845601447,-5.994730518260667,-6.003578071486306,0
b2AR-decoy_3154,CC1=C(C/C=C(\C)CC/C=C(\C)Cc2cccc(C)c2C)C(=O)c2ccccc2C1=O,-10.696,-8.979438011178516,-7.455246088469881,-7.03633694954279,-6.175315787273158,-6.079868893096185,-5.112070045242071,-4.949417845601447,-7.334730518260667,-7.742578071486307,0
b2AR-decoy_3155,CC1=C(C/C=C(\C)CC/C=C(\C)Cc2ccccc2)C(=O)c2ccccc2C1=O,-10.255,-8.687438011178514,-7.42424608846988,-7.00633694954279,-6.204315787273158,-6.006868893096184,-5.101070045242071,-4.409417845601446,-7.081730518260667,-7.726578071486307,0
b2AR-decoy_3156,CC1(C)[C@@H]2CC[C@@]1(C)/C(=N/CCCCCC/N=C1\C[C@H]3CC[C@]1(C)C3(C)C)C2,-9.15,-7.388438011178515,-6.4992460884698815,-5.40733694954279,-4.681315787273158,-4.678868893096185,-3.9250700452420713,-3.611417845601446,-5.462730518260667,-5.696578071486307,0
b2AR-decoy_3157,CC1=C(C/C=C(\C)CC/C=C(\C)Cc2cccc3ccccc23)C(=O)c2ccccc2C1=O,-10.332,-9.787438011178516,-7.778246088469881,-7.656336949542789,-7.056315787273158,-6.050868893096185,-5.782070045242071,-5.344417845601447,-7.440730518260667,-8.530578071486307,0
b2AR-decoy_3158,CC(C)[C@@H](C)/C=C/[C@@H](C)[C@H]1CC[C@H]2[C@@]34C=C[C@]5(CCCC[C@]5(C)[C@H]3CC[C@]12C)OO4,-10.516,-8.120438011178516,-7.289246088469881,-6.6263369495427895,-5.753315787273159,-6.079868893096185,-5.379070045242072,-5.024417845601446,-7.229730518260666,-7.050578071486306,0
b2AR-decoy_3159,CCCCCCCC[C@H]1C[C@H]2[C@@H]3CCC(=O)[C@@]3(C)CC[C@@H]2[C@@]2(C)CCC(=O)C=C12,-9.428,-7.512438011178515,-6.962246088469881,-6.034336949542789,-5.565315787273159,-5.603868893096184,-4.652070045242072,-4.803417845601446,-6.0147305182606665,-6.425578071486306,0
b2AR-decoy_316,CC(C)(C)c1ccc(SCC(c2cccnc2)c2c[nH]cn2)cc1,-9.501,-7.546438011178514,-6.572246088469882,-6.04833694954279,-5.941315787273158,-4.660868893096184,-4.143070045242071,-4.437417845601447,-5.853730518260667,-6.055578071486307,0
b2AR-decoy_3160,CCCCCCC(C)(C)c1cc(OC)c2c(c1)OC(C)(C)[C@@H]1CC=C(C)C[C@@H]21,-8.982,-6.602438011178515,-6.508246088469882,-5.19633694954279,-4.681315787273158,-4.903868893096185,-4.995070045242072,-4.051417845601447,-5.310730518260667,-5.605578071486306,0
b2AR-decoy_3161,Clc1ccc(CO/N=C/c2c(c3ccc4ccccc4c3)nc3occn23)cc1Cl,-10.138,-9.378438011178517,-8.09724608846988,-6.9533369495427895,-7.042315787273159,-5.604868893096185,-5.618070045242071,-5.922417845601446,-7.041730518260666,-7.611578071486306,0
b2AR-decoy_3162,O=S(=O)(c1ccccc1)n1ccc2cc(/C=C/c3ccc4ccccc4c3)ccc21,-10.652,-9.551438011178517,-8.072246088469882,-7.870336949542789,-7.810315787273158,-6.0548688930961845,-6.464070045242071,-6.192417845601447,-7.849730518260666,-9.175578071486306,0
b2AR-decoy_3163,C=C1CC[C@@H]2[C@@H](C1)c1c(OC)cc(C(C)(C)CCCCCC)cc1OC2(C)C,-8.471,-7.191438011178516,-6.345246088469882,-5.33433694954279,-4.813315787273158,-5.191868893096185,-3.894070045242071,-4.459417845601447,-5.952730518260667,-6.042578071486307,0
b2AR-decoy_3164,Cc1cc(C(C)(C)c2ccc(OCC(=O)C(C)(C)C)c(C)c2)ccc1OCC(=O)C(C)(C)C,-9.817,-7.647438011178515,-7.30224608846988,-6.101336949542789,-5.453315787273159,-5.3638688930961855,-5.128070045242071,-4.929417845601448,-5.834730518260667,-6.366578071486307,0
b2AR-decoy_3165,Clc1ccc(COc2ccc(/C=C/CCn3cnc4ccccc43)cc2)cc1,-9.879,-7.843438011178515,-7.013246088469881,-5.81533694954279,-5.974315787273158,-4.729868893096185,-4.426070045242071,-3.764417845601447,-6.351730518260666,-6.932578071486306,0
b2AR-decoy_3166,CC(C)C/C=C/[C@@H](C)[C@H]1CC[C@H]2C3=C(CC[C@@]21C)[C@@]1(C)CC[C@H](O)CC1=CC3=O,-10.083,-8.837438011178515,-7.425246088469882,-6.67733694954279,-6.672315787273158,-6.165868893096185,-5.55507004524207,-5.243417845601448,-7.841730518260666,-7.238578071486307,0
b2AR-decoy_3167,CCOC(=O)/C(C)=C/C[C@]1(C)CC[C@@]2(O1)C(C)=CC[C@H]1C(C)(C)CCC[C@@]12C,-9.615,-8.064438011178515,-6.631246088469881,-6.83033694954279,-5.732315787273159,-5.161868893096186,-5.025070045242071,-4.667417845601447,-6.483730518260666,-6.577578071486306,0
b2AR-decoy_3168,COc1ccc(OCc2nc(c3ccc4c(c3)C(C)(C)CCC4(C)C)cs2)cc1,-9.125,-7.352438011178515,-6.682246088469881,-6.104336949542789,-5.510315787273159,-5.400868893096185,-4.458070045242071,-4.163417845601448,-5.736730518260666,-5.907578071486306,0
b2AR-decoy_3169,CCCCCC1(CCCCC)Cc2c(cc(C(C)(C)C)c(O)c2C(C)(C)C)O1,-8.086,-5.398438011178516,-5.641246088469881,-4.740336949542789,-4.056315787273158,-4.136868893096185,-2.797070045242071,-3.188417845601447,-4.464730518260667,-4.871578071486306,0
b2AR-decoy_317,C/C(=N\NC(N)=S)c1sc(c2ccccc2)c(c2ccccc2)c1C,-8.79,-6.733438011178516,-6.8632460884698805,-5.4533369495427895,-4.935315787273158,-4.237868893096184,-4.091070045242072,-3.965417845601447,-5.670730518260667,-4.274578071486307,0
b2AR-decoy_3170,c1ccc(COc2cc(OCc3ccccc3)c3c(c2)occ3c2ccccc2)cc1,-9.925,-7.772438011178515,-7.403246088469881,-6.325336949542789,-6.191315787273158,-5.526868893096184,-4.953070045242072,-5.127417845601446,-6.559730518260666,-6.116578071486307,0
b2AR-decoy_3171,CN(C)c1ccc(/C=C(/SCc2ccccc2Cl)C(=O)c2ccc(Cl)cc2)cc1,-9.48,-7.617438011178516,-6.980246088469881,-6.117336949542789,-6.145315787273159,-5.198868893096185,-4.04207004524207,-3.892417845601447,-5.773730518260667,-6.394578071486306,0
b2AR-decoy_3172,CC1=C(C/C=C(\C)CC/C=C(\C)Cc2ccc(C)cc2C)C(=O)c2ccccc2C1=O,-10.065,-9.568438011178516,-7.388246088469881,-7.98833694954279,-6.437315787273159,-5.435868893096185,-5.325070045242072,-4.566417845601446,-6.480730518260666,-7.692578071486306,0
b2AR-decoy_3173,CC1=C(/C=C/C(C)=C/C=C/C(C)=C/C(=O)OCOC(=O)C(C)C)C(C)(C)CCC1,-8.839,-6.824438011178515,-6.146246088469882,-4.81533694954279,-4.992315787273158,-4.343868893096184,-3.422070045242071,-3.640417845601446,-5.337730518260666,-5.754578071486307,0
b2AR-decoy_3174,C=C[C@@]1(C)CC=C2[C@@H](CC[C@@H]3[C@](C)(C(=O)OCc4ccc([N+](=O)[O-])cc4)CCC[C@@]23C)C1,-11.191,-10.173438011178517,-8.89824608846988,-8.65433694954279,-7.426315787273157,-7.189868893096184,-5.819070045242071,-6.083417845601447,-7.402730518260666,-8.111578071486306,0
b2AR-decoy_3175,CN(C)c1ccc(/C=C(\C#N)c2nc(c3ccc(Cl)c(Cl)c3)cs2)cc1,-9.004,-7.311438011178515,-6.476246088469882,-5.97433694954279,-5.103315787273159,-4.699868893096184,-4.585070045242071,-3.916417845601448,-5.847730518260667,-5.709578071486307,0
b2AR-decoy_3176,Cc1ccc(COc2ccc(/C=C/C(=O)/C=C/c3cccc(Cl)c3Cl)cc2)cc1,-9.733,-7.263438011178515,-6.736246088469882,-5.688336949542789,-5.870315787273158,-4.631868893096184,-4.412070045242071,-3.917417845601447,-6.106730518260667,-6.943578071486307,0
b2AR-decoy_3177,Cc1cc(CCCCCOc2c(Cl)cc(c3ccc(C)o3)cc2Cl)on1,-9.278,-6.436438011178515,-6.043246088469881,-5.505336949542789,-5.490315787273158,-3.742868893096185,-3.879070045242072,-3.807417845601448,-5.718730518260667,-5.776578071486307,0
b2AR-decoy_3178,Fc1ccc(COc2ccc(/C=C/CCSc3nc4ccccc4s3)cc2)cc1,-9.215,-7.641438011178515,-6.668246088469882,-4.8923369495427895,-5.767315787273159,-4.553868893096185,-3.897070045242071,-4.855417845601448,-5.596730518260667,-6.607578071486307,0
b2AR-decoy_3179,Cc1ccc(OP2(=S)OCc3cc(C(C)C)ccc3O2)c(C(C)C)c1,-9.428,-8.047438011178516,-6.455246088469881,-6.367336949542789,-5.896315787273158,-5.0228688930961845,-4.935070045242071,-4.510417845601447,-6.166730518260666,-6.671578071486307,0
b2AR-decoy_318,COc1ccc(C(=O)c2c(c3ccc(OC)cc3)oc3cccc(O)c23)cc1,-8.646,-6.717438011178516,-7.498246088469882,-5.36633694954279,-5.810315787273158,-4.552868893096186,-4.423070045242071,-4.386417845601446,-5.462730518260667,-5.307578071486306,0
b2AR-decoy_3180,COc1cc(c2nnc(SCc3ccc(C)cc3)o2)ccc1OCc1ccc(C)cc1,-10.162,-8.029438011178515,-7.11024608846988,-6.886336949542789,-5.977315787273158,-5.325868893096185,-4.852070045242071,-4.728417845601447,-6.308730518260667,-6.984578071486306,0
b2AR-decoy_3181,CC1=CCC[C@@H]2[C@@](C)(CCC3=CC(=O)OC3OC(=O)OC(C)(C)C)[C@H](C)CC[C@@]12C,-9.666,-7.706438011178514,-6.9222460884698815,-6.37233694954279,-5.841315787273159,-5.6428688930961854,-4.719070045242072,-4.427417845601447,-7.317730518260666,-6.2395780714863065,0
b2AR-decoy_3182,COc1cc(OC)c2c(c1)oc(=O)cc2c1cccc(c2ccc(C(F)(F)F)cc2)c1,-10.736,-9.176438011178517,-8.67024608846988,-7.91633694954279,-6.391315787273159,-6.786868893096186,-5.384070045242071,-5.813417845601446,-7.575730518260666,-7.880578071486306,0
b2AR-decoy_3183,CCOC(=O)/C=C(C)/C(F)=C/C(F)=C(C)/C=C/c1c(C)cc(OC)c(C)c1C,-8.739,-6.471438011178515,-5.848246088469881,-4.897336949542789,-4.787315787273158,-4.371868893096185,-3.970070045242071,-3.2724178456014466,-5.334730518260667,-5.084578071486307,0
b2AR-decoy_3184,Cc1cc(C)c(C2=C(C(=O)C3C(C=C(Cl)Cl)C3(C)C)C3(CCCC3)OC2=O)c(C)c1,-10.261,-7.863438011178514,-7.930246088469881,-6.499336949542791,-6.957315787273158,-5.854868893096185,-4.939070045242071,-4.978417845601447,-6.904730518260667,-6.624578071486306,0
b2AR-decoy_3185,O=C(/C=C/c1ccc(c2ccc(Cl)c(Cl)c2)o1)c1ccc(Br)cc1,-10.208,-7.782438011178515,-7.059246088469882,-6.396336949542789,-5.535315787273159,-5.1798688930961845,-4.889070045242072,-4.210417845601446,-6.0917305182606665,-6.485578071486307,0
b2AR-decoy_3186,Clc1ccc(C(COCc2ccc(c3ccccc3)cc2)Cn2cncn2)c(Cl)c1,-9.861,-8.639438011178514,-6.854246088469882,-6.60233694954279,-5.743315787273158,-5.3978688930961845,-5.178070045242071,-4.690417845601447,-6.326730518260666,-7.447578071486307,0
b2AR-decoy_3187,CC(C)[C@@H]1CC[C@@H](C)C[C@H]1O[C@@H]1C(=O)N([C@@H](C)c2ccccc2)[C@@H]1/C=C/c1ccccc1,-9.87,-7.918438011178516,-7.71924608846988,-6.81133694954279,-6.946315787273159,-6.2888688930961845,-5.093070045242071,-4.984417845601447,-7.331730518260667,-7.042578071486307,0
b2AR-decoy_3188,CCn1/c(=C\C=C\C2=[N+](CC)c3cccc4cccc2c34)c2cccc3cccc1c32,-10.244,-8.742438011178516,-7.53324608846988,-6.649336949542789,-6.067315787273158,-5.786868893096186,-5.768070045242071,-5.021417845601446,-7.010730518260667,-7.230578071486306,0
b2AR-decoy_3189,COC(=O)CC[C@@H](C)[C@H]1CC[C@H]2[C@@H]3CC=C4C(C)(C)c5nccnc5C[C@]4(C)[C@H]3CC[C@@]21C,-9.885,-7.728438011178515,-6.622246088469881,-6.720336949542789,-6.342315787273158,-5.548868893096184,-4.14807004524207,-5.365417845601447,-7.114730518260666,-6.375578071486306,0
b2AR-decoy_319,CCC(=O)O[C@@H]1C=C2CC[C@@H]3[C@H](CC[C@@]4(C)[C@H]3CC[C@@]4(O)CC)[C@H]2CC1,-10.008,-8.066438011178516,-6.727246088469881,-5.99733694954279,-5.385315787273159,-5.944868893096185,-5.242070045242071,-4.380417845601446,-6.7807305182606665,-6.155578071486307,0
b2AR-decoy_3190,Clc1ccc(C2COC(Cn3ccnc3)(c3ccc(Cl)cc3Cl)O2)c(Cl)c1,-9.579,-7.987438011178515,-7.243246088469881,-6.2513369495427895,-6.340315787273159,-5.382868893096184,-5.301070045242071,-4.631417845601447,-6.5037305182606655,-6.999578071486306,0
b2AR-decoy_3191,O=C(/C=C/c1ccccc1)OC[C@H](OC(=O)/C=C/c1ccccc1)c1ccc2ccccc2c1,-10.492,-8.612438011178515,-8.303246088469882,-6.899336949542789,-6.505315787273158,-5.7118688930961845,-5.399070045242072,-3.8704178456014464,-6.263730518260667,-7.615578071486306,0
b2AR-decoy_3192,COC(=O)CCC/C=C(\c1cc(F)cc(C(F)(F)F)c1)c1cc(C)c2onc(OC)c2c1,-9.672,-6.909438011178516,-7.0922460884698815,-6.204336949542789,-5.548315787273159,-5.303868893096185,-5.008070045242072,-4.556417845601446,-5.929730518260666,-5.975578071486307,0
b2AR-decoy_3193,O=C(Oc1ccc(Br)cc1C(=O)c1ccc(Cl)cc1)c1ccc(Cl)cc1,-8.321,-8.174438011178514,-7.336246088469881,-5.832336949542789,-5.732315787273159,-5.286868893096186,-4.281070045242071,-3.5244178456014463,-5.561730518260667,-6.924578071486307,0
b2AR-decoy_3194,COc1ccc(/C=C/c2cc(OC)cc(OC)c2/C=C/C(=O)c2ccc(C)c(C)c2)cc1,-9.511,-7.546438011178514,-7.426246088469881,-6.774336949542789,-6.074315787273159,-5.510868893096184,-4.838070045242072,-4.745417845601446,-6.079730518260666,-6.632578071486307,0
b2AR-decoy_3195,Brc1ccc(COc2ccc(/C=C/CCn3cnc4ccccc43)cc2)cc1,-9.882,-7.685438011178515,-6.949246088469881,-5.8123369495427895,-6.030315787273159,-4.279868893096184,-4.38207004524207,-3.676417845601448,-5.055730518260666,-6.7235780714863065,0
b2AR-decoy_3196,CN(CCC(Oc1ccc(C(F)(F)F)cc1)c1ccccc1)C(=S)SCCCl,-8.306,-6.338438011178516,-6.240246088469881,-5.11133694954279,-4.759315787273159,-4.137868893096185,-3.658070045242072,-3.212417845601447,-5.127730518260666,-5.085578071486307,0
b2AR-decoy_3197,CCOC1(O[C@H]2CC[C@H]3[C@@H]4CC[C@H]5CC(=O)CC[C@]5(C)[C@H]4CC[C@]23C)CCCC1,-9.736,-8.120438011178516,-7.81224608846988,-5.717336949542791,-5.628315787273159,-5.400868893096185,-5.951070045242071,-4.949417845601447,-6.3577305182606665,-6.883578071486307,0
b2AR-decoy_3198,CCCCCCC(C)(C)c1cc(OC)c2c(c1)OC(C)(C)c1cnn(CC)c1-2,-8.079,-6.007438011178516,-6.038246088469881,-4.82333694954279,-4.738315787273159,-4.077868893096184,-1.5800700452420706,-3.709417845601447,-5.276730518260666,-5.245578071486307,0
b2AR-decoy_3199,CC(C)=CCC/C(C)=C/CC/C(C)=C/CC1=C(C)C(=O)c2ccccc2C1=O,-8.63,-7.661438011178514,-6.319246088469882,-6.332336949542789,-4.995315787273158,-4.660868893096184,-3.645070045242072,-3.750417845601447,-5.8947305182606655,-6.265578071486306,0
b2AR-decoy_32,O=C1COc2ccc(/C=C(\c3ccccc3)c3ccc(F)cc3F)cc2N1,-10.014,-8.603438011178515,-8.298246088469881,-6.906336949542789,-6.688315787273158,-6.182868893096185,-5.941070045242071,-5.155417845601447,-6.595730518260666,-6.961578071486306,0
b2AR-decoy_320,Cc1cc(c2ccc3oc(=O)cc(c4ccccc4)c3c2)c(C)cc1CO,-9.642,-7.794438011178515,-7.715246088469881,-5.99033694954279,-5.500315787273159,-6.159868893096185,-5.976070045242071,-5.583417845601447,-6.653730518260666,-6.196578071486307,0
b2AR-decoy_3200,CCN(CC)[c+]1sc2c(s1)C(c1ccc(Cl)cc1)Oc1ccc(Cl)cc1-2,-8.677,-6.559438011178516,-6.295246088469881,-5.29533694954279,-5.123315787273159,-4.839868893096185,-4.684070045242072,-3.9764178456014463,-6.197730518260666,-5.367578071486307,0
b2AR-decoy_321,O=c1[nH]cnc2c(/C=C/c3ccccc3)c(c3ccc(F)cc3)sc12,-9.307,-6.758438011178516,-7.465246088469881,-5.694336949542789,-5.751315787273159,-4.878868893096184,-4.499070045242071,-3.991417845601447,-5.483730518260666,-6.846578071486306,0
b2AR-decoy_322,C/C(=N\OC(C)C)C1=CC[C@H]2[C@@H]3CC=C4C[C@@H](O)CC[C@]4(C)[C@H]3CC[C@]12C,-10.352,-8.664438011178515,-7.695246088469881,-6.995336949542789,-5.709315787273159,-6.160868893096184,-5.142070045242072,-5.541417845601448,-7.513730518260667,-6.366578071486307,0
b2AR-decoy_323,C=C1CCC[C@@H]2[C@]1(C)CC[C@H](C)[C@@]2(C)Cc1cc(O)ccc1OC(C)=O,-9.496,-8.036438011178515,-7.263246088469881,-6.024336949542789,-6.041315787273158,-5.532868893096184,-4.85607004524207,-4.983417845601446,-6.654730518260667,-6.885578071486307,0
b2AR-decoy_324,Cc1ccc(O)c(Cc2cc(C)cc(Cc3cc(C)ccc3O)c2O)c1,-9.333,-7.772438011178515,-7.45624608846988,-6.11633694954279,-5.610315787273159,-5.560868893096185,-5.572070045242072,-4.774417845601446,-6.382730518260667,-6.127578071486306,0
b2AR-decoy_325,CC(C)[C@@H]1CC[C@@H](C)C[C@H]1NC(=O)Oc1ccc(C(F)(F)F)cc1,-9.656,-7.873438011178514,-6.975246088469881,-6.146336949542789,-5.700315787273159,-4.979868893096185,-4.894070045242071,-4.923417845601447,-6.2807305182606665,-6.752578071486306,0
b2AR-decoy_326,Cc1[nH]cc(Br)c(=O)c1c1ccc(Oc2ccccc2)cc1,-8.432,-7.192438011178515,-5.849246088469881,-5.50333694954279,-4.863315787273159,-4.739868893096185,-4.01007004524207,-3.3174178456014465,-5.584730518260667,-5.879578071486307,0
b2AR-decoy_327,CC1(C)C=Cc2c(ccc(C(=O)/C=C/c3ccc4ccccc4c3)c2O)O1,-10.622,-9.374438011178515,-8.11024608846988,-7.210336949542789,-7.626315787273159,-6.2388688930961855,-6.341070045242072,-5.465417845601447,-8.128730518260666,-8.216578071486307,0
b2AR-decoy_328,CCCc1cc(=O)oc2cc(c3cc4ccccc4s3)cc(O)c12,-8.69,-6.947438011178516,-6.189246088469881,-5.367336949542789,-4.949315787273159,-4.375868893096184,-4.812070045242072,-4.091417845601447,-5.978730518260667,-5.535578071486306,0
b2AR-decoy_329,O=c1oc(C2(O)CCCCC2)cc2ccc(/C=C/c3ccc(F)cc3)cc12,-11.027,-9.290438011178516,-8.52624608846988,-7.1423369495427895,-6.335315787273158,-6.964868893096185,-6.287070045242071,-5.609417845601447,-7.633730518260666,-8.160578071486306,0
b2AR-decoy_33,CC[C@H](C)C(=O)c1c(O)cc(OC)c2c1O[C@]1(C)C=C[C@@H](C(C)C)C[C@H]21,-9.762,-7.7974380111785155,-7.191246088469882,-6.262336949542791,-5.585315787273158,-5.349868893096184,-4.907070045242071,-4.522417845601447,-6.0357305182606655,-6.435578071486306,0
b2AR-decoy_330,C=C1C=CC[C@@H]2[C@@]1(C)CC[C@H](C)[C@@]2(C)Cc1cc(C(=O)OC)ccc1O,-10.671,-8.333438011178515,-7.006246088469881,-6.858336949542791,-6.158315787273159,-5.925868893096185,-4.676070045242071,-5.117417845601446,-6.759730518260666,-6.712578071486307,0
b2AR-decoy_331,COc1ccc(O)c(C2=Nc3ccccc3N=C(c3ccccc3)C2)c1,-8.532,-6.220438011178516,-6.051246088469881,-4.61433694954279,-4.511315787273158,-4.002868893096185,-3.421070045242071,-3.1574178456014472,-4.900730518260667,-5.477578071486306,0
b2AR-decoy_332,C=C[C@@](C)(O)CC[C@H]1C(=C)C[C@H](OC(C)=O)[C@H]2C(C)(C)CCC[C@]12C,-9.1,-7.262438011178515,-6.43724608846988,-6.030336949542789,-5.242315787273158,-5.221868893096184,-4.189070045242071,-3.840417845601447,-6.133730518260666,-5.918578071486307,0
b2AR-decoy_333,Clc1ccc(SCc2n[nH]c(c3ccc(Cl)cc3)n2)cc1,-9.023,-7.276438011178515,-6.457246088469882,-5.66633694954279,-5.061315787273159,-4.487868893096184,-4.111070045242071,-3.783417845601447,-5.359730518260667,-6.217578071486306,0
b2AR-decoy_334,CCOC(=O)C1=C(C)Nc2ccccc2SC1c1ccc(F)cc1,-7.125,-5.460438011178515,-5.341246088469881,-3.5443369495427897,-3.842315787273159,-3.486868893096185,-2.7400700452420708,-2.4134178456014466,-4.269730518260666,-4.419578071486306,0
b2AR-decoy_335,O=C(/C=C/c1ccc(c2ccc(Cl)c(Cl)c2)o1)c1ccccc1O,-10.352,-8.006438011178515,-7.555246088469881,-6.41333694954279,-6.571315787273159,-5.451868893096185,-5.517070045242072,-4.551417845601447,-6.254730518260667,-7.489578071486306,0
b2AR-decoy_336,CC(C)CCC[C@@H](C)[C@H]1CC[C@H]2C3=CC[C@@H]4C(=O)NC(=O)[C@@H]4[C@@H]3CC[C@@]21C,-10.006,-8.548438011178515,-7.695246088469881,-7.16633694954279,-6.147315787273158,-5.716868893096185,-5.341070045242072,-5.613417845601447,-7.300730518260666,-6.895578071486307,0
b2AR-decoy_337,CC(=O)Oc1ccc(O)c(C[C@]2(C)[C@@H](C)CC[C@]3(C)C(C)=CCC[C@H]32)c1,-10.076,-8.622438011178515,-6.907246088469881,-6.4323369495427904,-5.901315787273159,-5.697868893096185,-5.403070045242071,-4.894417845601447,-6.922730518260666,-6.696578071486307,0
b2AR-decoy_338,CC(C)c1ccc(C(=O)NN(C(=O)c2ccccc2Cl)C(C)(C)C)cc1,-8.463,-7.762438011178515,-6.556246088469882,-5.32733694954279,-4.718315787273158,-4.553868893096185,-4.47507004524207,-3.8734178456014474,-6.178730518260666,-5.470578071486306,0
b2AR-decoy_339,CC(=O)[C@H]1CC[C@H]2[C@@H]3CC[C@H]4C[C@@](O)(CN=[N+]=[N-])CC[C@]4(C)[C@H]3CC[C@]12C,-9.497,-8.228438011178515,-6.291246088469881,-6.3603369495427895,-4.971315787273159,-6.0548688930961845,-4.399070045242072,-4.768417845601446,-6.895730518260667,-5.721578071486306,0
b2AR-decoy_34,COc1cc(O)c(C(=O)CC(C)C)c2c1[C@H]1C[C@H](C(C)C)C=C[C@@]1(C)O2,-9.477,-7.534438011178516,-6.850246088469881,-6.30433694954279,-5.286315787273159,-4.854868893096185,-4.762070045242071,-4.676417845601447,-6.0357305182606655,-6.234578071486306,0
b2AR-decoy_340,COc1ccc2c(c1)OC(C)(C)[C@@H](c1ccccc1)[C@@H]2c1ccc(O)cc1,-8.913,-7.030438011178514,-7.023246088469881,-5.046336949542789,-4.909315787273158,-5.187868893096185,-4.518070045242071,-3.7454178456014464,-5.617730518260666,-5.092578071486306,0
b2AR-decoy_341,C/C(=N\Nc1nc(c2ccc(c3ccccc3)cc2)cs1)c1ccncc1,-9.703,-8.043438011178516,-7.2972460884698815,-6.32033694954279,-5.911315787273159,-5.111868893096185,-5.070070045242071,-4.260417845601447,-5.944730518260666,-7.500578071486306,0
b2AR-decoy_342,CC(C)c1ccc(/C=C(\C#N)c2nc(c3ccc(O)cc3)cs2)cc1,-9.467,-7.724438011178515,-7.223246088469882,-5.78533694954279,-5.794315787273158,-5.334868893096184,-4.969070045242072,-4.354417845601446,-6.377730518260666,-6.359578071486306,0
b2AR-decoy_343,CN(C)c1ccc(/N=N/c2ccc(/C=C3\C(=O)Nc4ccccc43)cc2)cc1,-10.105,-7.9514380111785155,-6.684246088469882,-6.649336949542789,-5.932315787273158,-5.287868893096185,-4.893070045242071,-4.268417845601446,-6.428730518260666,-6.981578071486307,0
b2AR-decoy_344,O=C(C[C@H](c1ccccc1)c1c(O)c2ccccc2oc1=O)c1ccccc1,-10.315,-8.522438011178515,-8.10624608846988,-7.09033694954279,-7.001315787273159,-6.046868893096185,-5.816070045242071,-5.319417845601446,-7.140730518260666,-7.723578071486306,0
b2AR-decoy_345,S=P1(c2ccc(Oc3ccccc3)cc2)Nc2ccccc2CO1,-10.129,-8.249438011178515,-7.359246088469881,-6.71133694954279,-5.922315787273158,-5.962868893096184,-5.267070045242072,-5.428417845601446,-6.206730518260667,-6.988578071486307,0
b2AR-decoy_346,COc1ccc(CCc2ccc(c3c(C)[nH]c(C)c(Cl)c3=O)cc2)cc1,-9.483,-7.405438011178514,-6.1082460884698815,-5.99333694954279,-5.652315787273158,-4.928868893096185,-4.176070045242071,-3.664417845601447,-5.788730518260666,-5.637578071486306,0
b2AR-decoy_347,CC(=O)O[C@H](C/C(C)=C/CO)[C@]1(C)[C@H]2CCCC(C)(C)C2=CC[C@H]1C,-8.583,-6.896438011178516,-6.519246088469881,-5.736336949542789,-5.384315787273158,-4.938868893096185,-4.117070045242071,-3.5724178456014464,-5.668730518260666,-4.6785780714863066,0
b2AR-decoy_348,CCCCCc1cc2c(c(C(=O)NC)c1)[C@@H]1C=C(C)CC[C@H]1C(C)(C)O2,-9.626,-7.878438011178515,-7.891246088469881,-5.765336949542789,-5.738315787273159,-5.6638688930961845,-4.394070045242071,-4.784417845601446,-6.372730518260667,-6.322578071486307,0
b2AR-decoy_349,CC(C)(C)c1cnc(CSc2cnc(NC(=O)c3ccccc3)s2)o1,-8.949,-7.015438011178516,-6.049246088469881,-5.354336949542789,-4.689315787273158,-4.228868893096184,-4.05207004524207,-3.711417845601448,-5.294730518260667,-6.121578071486306,0
b2AR-decoy_35,Cc1ccccc1COc1ccccc1/C=C/C=C1\SC(=S)NC1=O,-10.254,-7.784438011178516,-7.335246088469882,-6.027336949542789,-5.521315787273158,-5.131868893096184,-4.239070045242071,-3.908417845601447,-6.206730518260667,-6.878578071486306,0
b2AR-decoy_350,CC(C)(C)c1ccc(SCC(c2ccncc2)c2c[nH]cn2)cc1,-9.478,-7.485438011178514,-6.461246088469881,-5.95633694954279,-5.846315787273159,-4.793868893096185,-4.18307004524207,-4.319417845601446,-5.525730518260666,-5.922578071486306,0
b2AR-decoy_351,CCSc1nnc(c2cc(C(C)(C)C)c(O)c(C(C)(C)C)c2)o1,-7.884,-5.408438011178515,-5.686246088469881,-4.63333694954279,-3.927315787273159,-3.2378688930961843,-2.711070045242071,-2.6214178456014467,-4.5307305182606665,-4.422578071486306,0
b2AR-decoy_352,COC(=O)c1ccc(/C=C/[C@H]2CCCC3C(C)(C)[C@@H](O)CC[C@@]32C)cc1,-10.691,-8.605438011178515,-7.663246088469881,-6.36833694954279,-6.740315787273158,-6.349868893096184,-4.94607004524207,-5.398417845601447,-6.581730518260667,-6.838578071486307,0
b2AR-decoy_353,Cc1ccc2oc(c3cc(Cc4ccccc4)ccc3O)cc(=O)c2c1,-10.877,-9.220438011178516,-9.18224608846988,-7.54533694954279,-7.260315787273159,-6.769868893096184,-6.185070045242071,-5.122417845601447,-7.781730518260666,-8.400578071486306,0
b2AR-decoy_354,CC(C)=CCC1(C)C=Cc2c(c(c3ccc(C)cc3)c(Cl)[nH]c2=O)O1,-9.264,-7.191438011178516,-6.675246088469882,-5.4083369495427895,-5.515315787273158,-5.309868893096185,-4.662070045242071,-4.343417845601447,-5.8897305182606665,-6.088578071486307,0
b2AR-decoy_355,CCCC(=C(c1ccc(O)cc1)c1ccc(O)cc1)c1ccc(O)cc1,-8.944,-6.318438011178515,-6.568246088469881,-5.09033694954279,-5.017315787273159,-4.487868893096184,-3.499070045242071,-3.3954178456014468,-5.399730518260666,-5.025578071486306,0
b2AR-decoy_356,COc1cc(/C=C2\CC/C(=C\c3ccc4ccccc4c3)C2=O)ccc1O,-10.637,-9.466438011178516,-7.54924608846988,-7.46533694954279,-6.851315787273158,-6.763868893096184,-5.99707004524207,-5.569417845601446,-7.495730518260666,-8.208578071486306,0
b2AR-decoy_357,Cc1cc2oc(=O)cc(c3ccccc3)c2cc1c1ccc(CO)cc1,-9.42,-7.188438011178516,-7.807246088469881,-5.68933694954279,-5.255315787273158,-5.489868893096185,-5.43307004524207,-4.074417845601447,-6.281730518260666,-5.384578071486306,0
b2AR-decoy_358,Oc1c(Cl)cc(Cl)cc1/C=N/c1ccccc1N1CCCC1,-8.517,-6.482438011178516,-6.045246088469881,-5.268336949542789,-5.224315787273158,-4.914868893096184,-3.738070045242072,-3.053417845601447,-5.214730518260667,-5.350578071486307,0
b2AR-decoy_359,COc1cc(C)c(/C=C(\C#N)C(=O)Nc2ccc(C)cc2)cc1C(C)C,-9.044,-7.031438011178516,-6.48524608846988,-5.9693369495427895,-4.776315787273158,-4.165868893096185,-3.9360700452420714,-3.9024178456014464,-5.794730518260666,-5.970578071486306,0
b2AR-decoy_36,N#C/C(=C\c1ccc2ccccc2c1)C(=O)c1c[nH]c2ccccc12,-10.4,-8.559438011178516,-7.497246088469881,-6.52533694954279,-6.235315787273159,-5.416868893096185,-6.154070045242071,-4.906417845601446,-6.442730518260666,-7.488578071486307,0
b2AR-decoy_360,Cc1cc2oc(=O)cc(c3ccccc3)c2c(C)c1c1ccc(C(C)O)cc1,-9.913,-6.914438011178515,-7.542246088469881,-6.03233694954279,-5.781315787273158,-5.063868893096185,-6.546070045242072,-4.815417845601447,-6.4507305182606665,-6.463578071486307,0
b2AR-decoy_361,C[C@H](NC(=O)/C=C/c1ccccc1F)c1cccc(c2ccc(F)nc2)c1,-10.803,-8.913438011178515,-8.271246088469882,-7.12233694954279,-6.507315787273159,-6.2598688930961846,-5.701070045242071,-5.370417845601446,-7.472730518260667,-7.783578071486307,0
b2AR-decoy_362,CCCc1cc(c2ccc(Oc3ccc(C#N)cc3O)c(Cl)c2)no1,-8.742,-6.789438011178515,-5.960246088469881,-5.822336949542789,-5.134315787273158,-4.6428688930961854,-4.139070045242072,-3.348417845601447,-5.312730518260667,-5.841578071486307,0
b2AR-decoy_363,CCc1cnccc1SC/C(=N\O)c1cc(Cl)sc1Cl,-7.323,-5.291438011178515,-5.106246088469881,-4.03133694954279,-4.083315787273159,-3.276868893096185,-2.7320700452420708,-2.6374178456014468,-4.313730518260666,-4.479578071486307,0
b2AR-decoy_364,CCCC[C@@]12CCC(=O)C(C(F)(F)F)=C1c1ccc3[nH]ncc3c1C2,-9.19,-7.634438011178515,-7.057246088469881,-5.595336949542789,-5.765315787273158,-5.661868893096186,-5.13207004524207,-4.530417845601447,-6.963730518260666,-6.190578071486307,0
b2AR-decoy_365,COc1ccc(c2ccc(c3cc(=O)c4ccc(O)cc4o3)s2)cc1,-8.846,-7.943438011178515,-6.835246088469882,-5.35033694954279,-5.128315787273159,-4.859868893096184,-4.69607004524207,-4.268417845601446,-6.162730518260666,-5.747578071486307,0
b2AR-decoy_366,N#Cc1ccc(C(=O)c2sc3cc(O)ccc3c2c2ccc(F)cc2)cc1,-9.702,-7.849438011178515,-7.524246088469882,-5.842336949542791,-6.0513157872731576,-5.502868893096185,-4.689070045242071,-5.182417845601448,-6.206730518260667,-6.275578071486306,0
b2AR-decoy_367,Cc1oc(C)c2c(=O)ccc3c(c12)OC(N)=C(C#N)C3c1ccc(F)cc1,-9.348,-7.054438011178515,-7.170246088469881,-6.329336949542789,-5.943315787273159,-6.677868893096186,-5.1380700452420704,-5.059417845601447,-6.094730518260667,-6.150578071486306,0
b2AR-decoy_368,CCOC(=O)C1=C(N)OC2=C(C(=O)CCC2)C1c1sccc1C,-8.385,-5.991438011178516,-5.810246088469881,-4.72633694954279,-4.712315787273158,-4.233868893096185,-3.502070045242071,-3.1604178456014465,-5.194730518260666,-4.6145780714863065,0
b2AR-decoy_369,Nc1ccc(c2cc(=O)c3c(N)c(F)c(Br)c(F)c3o2)cc1F,-9.383,-7.496438011178515,-6.714246088469881,-6.371336949542791,-5.164315787273159,-5.032868893096184,-5.070070045242071,-4.549417845601447,-6.318730518260667,-5.805578071486307,0
b2AR-decoy_37,COc1ccc2[nH]cc(/C=C/C3=Nc4ccccc4C3(C)C)c2c1,-9.403,-7.794438011178515,-7.106246088469881,-6.42633694954279,-5.797315787273158,-4.960868893096185,-5.363070045242072,-4.662417845601446,-6.5147305182606665,-7.166578071486306,0
b2AR-decoy_370,COc1ccc(c2cc(/C=C3\C(=O)Nc4ccc(F)cc43)[nH]n2)cc1,-9.653,-7.913438011178515,-7.652246088469882,-6.3443369495427895,-6.278315787273158,-5.731868893096184,-5.093070045242071,-4.654417845601447,-6.811730518260667,-6.699578071486307,0
b2AR-decoy_371,CC(=O)[C@H]1CC[C@H]2[C@@H]3CCC4C[C@H](O)CC[C@]4(C)[C@H]3C[C@H](O)[C@]12C,-10.514,-8.356438011178515,-7.652246088469882,-6.678336949542789,-6.886315787273158,-6.546868893096185,-6.05507004524207,-6.132417845601447,-7.045730518260667,-6.370578071486307,0
b2AR-decoy_372,Cc1cccc(N2C3=C(C(=O)CC(C)(C)C3)[C@]3(O)C(=O)c4ccccc4[C@]23O)c1,-10.79,-7.982438011178516,-8.791246088469881,-6.30433694954279,-7.152315787273158,-6.7888688930961845,-5.243070045242071,-5.323417845601448,-7.152730518260666,-6.674578071486307,0
b2AR-decoy_373,CC(=O)OC[C@@]1(C)CC[C@@H](C(C)C)/C=C/[C@](C)(O)C/C=C/[C@](C)(O)CC1=O,-6.174,-4.017438011178515,-3.8582460884698815,-2.83033694954279,-2.7503157872731583,-1.911868893096185,-1.2500700452420714,-1.2704178456014468,-2.928730518260666,-2.7555780714863065,0
b2AR-decoy_374,CC1(C)OC(c2ccc(S(N)(=O)=O)c(F)c2)=C(c2cccc(F)c2)C1=O,-9.24,-7.3264380111785155,-6.714246088469881,-5.5943369495427895,-5.672315787273158,-5.457868893096185,-4.458070045242071,-4.155417845601447,-5.632730518260667,-5.4735780714863065,0
b2AR-decoy_375,O=C(NNC(=O)c1sccc1n1cccc1)c1c(F)cccc1F,-8.66,-7.206438011178514,-6.310246088469881,-5.19533694954279,-5.095315787273158,-4.492868893096185,-4.381070045242071,-3.827417845601447,-5.5517305182606655,-6.224578071486306,0
b2AR-decoy_376,NC(=O)c1cc2c(Sc3ccc(Br)cc3)cncc2s1,-8.169,-6.495438011178516,-5.202246088469881,-5.00233694954279,-4.427315787273159,-3.590868893096185,-3.78607004524207,-3.419417845601447,-4.818730518260667,-5.185578071486306,0
b2AR-decoy_377,N#CC1=C(N)Oc2ccc3ccccc3c2C1c1ccc2c(c1)OCO2,-9.501,-7.396438011178516,-7.693246088469881,-6.194336949542789,-6.506315787273158,-5.697868893096185,-5.173070045242071,-4.996417845601448,-6.029730518260667,-6.464578071486306,0
b2AR-decoy_378,C[C@]1(CO)[C@H](O)C(=O)C[C@@]2(C)[C@H]1CC[C@@]1(C)c3cocc3CC[C@@H]12,-10.627,-7.735438011178514,-7.002246088469882,-5.973336949542789,-5.919315787273158,-5.777868893096185,-5.842070045242071,-5.020417845601447,-6.687730518260667,-7.145578071486307,0
b2AR-decoy_379,CC(=O)c1ccc2c(c1)[C@H](NC(=O)c1ccc(F)c(Cl)c1)[C@H](O)C(C)(C)O2,-10.049,-7.995438011178516,-7.782246088469881,-6.639336949542789,-6.942315787273158,-6.313868893096185,-5.226070045242071,-5.380417845601446,-7.072730518260666,-6.950578071486307,0
b2AR-decoy_38,Cc1c(N)cccc1c1ccc(C(=O)c2cc(F)c(F)c(O)c2F)s1,-9.862,-7.658438011178514,-7.373246088469882,-5.93033694954279,-5.958315787273158,-5.157868893096184,-5.101070045242071,-5.163417845601448,-6.491730518260667,-6.543578071486307,0
b2AR-decoy_380,CC1(C)C=Cc2c(ccc3c(=O)c(c4ccc(O)cc4O)coc23)O1,-8.542,-7.490438011178515,-6.693246088469881,-6.58333694954279,-4.578315787273159,-5.354868893096185,-4.780070045242072,-4.510417845601447,-5.7807305182606665,-7.1465780714863065,0
b2AR-decoy_381,C[C@@H]1C(=O)C(O)=C2C(C)(C)C(=O)CC[C@]2(C)[C@@]1(O)CCc1ccoc1,-9.795,-8.347438011178514,-7.617246088469882,-6.23833694954279,-6.442315787273158,-5.914868893096184,-5.040070045242072,-4.881417845601447,-6.221730518260667,-6.0825780714863065,0
b2AR-decoy_382,CC(=O)[C@H]1CC[C@@]2(O)[C@@H]3CC[C@H]4C[C@@H](O)CC[C@]4(C)[C@H]3CC[C@]12C,-9.869,-8.283438011178514,-6.84424608846988,-6.883336949542789,-5.917315787273159,-6.119868893096184,-4.928070045242071,-5.068417845601447,-6.657730518260667,-6.914578071486307,0
b2AR-decoy_383,Cc1csc(S(=O)(=O)N(N)C(=O)c2ccc(Cl)cc2Cl)c1,-8.291,-6.729438011178516,-5.8342460884698815,-4.90933694954279,-4.612315787273158,-3.7338688930961847,-3.7180700452420714,-3.125417845601447,-4.670730518260666,-5.465578071486307,0
b2AR-decoy_384,O=C(NCc1ccc(C(F)(F)F)c(F)c1)c1cc(Cl)ccc1O,-9.748,-7.532438011178515,-6.64224608846988,-6.464336949542791,-5.758315787273158,-5.1298688930961855,-4.91407004524207,-4.597417845601447,-5.9057305182606665,-6.423578071486306,0
b2AR-decoy_385,NS(=O)(=O)c1ccc(C2=C(c3ccc4c(c3)OCO4)CCC2)cc1,-9.766,-6.949438011178515,-7.31224608846988,-5.42933694954279,-5.764315787273159,-5.175868893096185,-4.384070045242071,-3.5834178456014474,-5.263730518260666,-5.432578071486306,0
b2AR-decoy_386,OCc1c(Br)c(O)c(O)c(Br)c1Br,-5.631,-3.4244380111785158,-3.4402460884698813,-2.15133694954279,-2.045315787273158,-1.508868893096185,-1.0830700452420707,-0.768417845601447,-2.4427305182606665,-2.299578071486306,0
b2AR-decoy_387,Cc1cc(C2=CC(c3ccc(F)cc3)N(C(=O)c3ccncc3)N2)ccc1O,-10.813,-8.362438011178515,-7.941246088469882,-6.899336949542789,-7.131315787273158,-6.265868893096185,-5.896070045242071,-4.939417845601447,-7.152730518260666,-7.273578071486307,0
b2AR-decoy_388,O=C1C(Nc2ccc(O)cc2)=C(Cl)C(=O)c2sc(CO)cc21,-8.482,-6.638438011178515,-5.832246088469881,-5.08233694954279,-4.785315787273158,-4.260868893096184,-4.421070045242072,-3.804417845601448,-5.135730518260666,-5.647578071486306,0
b2AR-decoy_389,Cc1ccc(Br)cc1NC(=O)C(C)NC(=O)OC(C)(C)C,-8.421,-6.106438011178515,-5.770246088469881,-5.13233694954279,-4.149315787273158,-3.639868893096184,-3.3090700452420707,-3.223417845601447,-4.746730518260667,-4.933578071486307,0
b2AR-decoy_39,CC(C)c1ccc(NC(=O)Oc2ccc3c(c2)[C@@]2(C)CCO[C@H]2N3C)cc1,-10.345,-8.239438011178516,-7.421246088469882,-6.075336949542789,-6.217315787273158,-5.354868893096185,-4.852070045242071,-4.936417845601447,-6.446730518260667,-7.014578071486307,0
b2AR-decoy_390,COc1cc([C@@H]2c3cc(O)c(OC)cc3C(=O)[C@@H](C)[C@H]2C)ccc1O,-8.84,-7.391438011178515,-6.8792460884698805,-5.761336949542789,-5.415315787273158,-5.110868893096185,-4.296070045242072,-3.988417845601447,-5.497730518260667,-5.383578071486307,0
b2AR-decoy_391,O=C(NNC(=O)c1sccc1n1cccc1)c1cccc(Cl)c1,-9.228,-6.798438011178515,-6.226246088469882,-5.12233694954279,-4.696315787273158,-4.599868893096184,-4.30207004524207,-3.8304178456014473,-6.049730518260667,-6.241578071486307,0
b2AR-decoy_392,NS(=O)(=O)c1ccc(C2=C(c3ccc(F)c(F)c3)CC3(CC3)C2)cc1,-9.529,-7.440438011178514,-6.997246088469881,-5.59933694954279,-5.909315787273158,-5.316868893096185,-5.184070045242072,-4.455417845601447,-5.773730518260667,-5.658578071486307,0
b2AR-decoy_393,CC1(C)C=Cc2c(cc3c(c2O)C(=O)C[C@@H](c2ccccc2O)O3)O1,-9.994,-8.586438011178515,-7.685246088469881,-6.73133694954279,-5.758315787273158,-5.645868893096186,-4.883070045242072,-4.679417845601448,-6.629730518260667,-7.357578071486307,0
b2AR-decoy_394,CC(=O)[C@H]1CC[C@H]2[C@@H]3CC[C@@H]4C[C@H](O)CC[C@]4(C)[C@H]3[C@@H](O)C[C@]12C,-11.117,-9.238438011178514,-7.418246088469882,-6.5783369495427895,-6.063315787273158,-6.678868893096185,-4.618070045242071,-5.482417845601447,-7.372730518260667,-7.310578071486306,0
b2AR-decoy_395,O=C1c2c(ccc(O)c2O)CN1Cc1cccc(CBr)c1,-8.431,-6.635438011178515,-5.798246088469881,-5.19933694954279,-5.382315787273159,-4.338868893096185,-3.629070045242072,-3.470417845601446,-5.663730518260666,-5.281578071486306,0
b2AR-decoy_396,O=C(c1cc(Cl)c2c(c1)C(O)(C(F)(F)F)c1ccccc1-2)N1CC(O)C1,-9.791,-7.168438011178516,-6.750246088469881,-5.928336949542789,-5.646315787273158,-5.369868893096184,-5.296070045242072,-4.200417845601447,-5.955730518260667,-6.324578071486307,0
b2AR-decoy_397,CC(C)C1c2[nH]c3ccccc3c2C[C@H]2C(=O)NC(Cc3ccccc3)C(=O)N12,-11.969,-10.341438011178516,-9.23524608846988,-8.34733694954279,-7.666315787273158,-7.345868893096185,-6.581070045242072,-6.783417845601447,-7.829730518260666,-9.904578071486306,0
b2AR-decoy_398,COC(=O)c1ccccc1Cc1ccc2c(c1O)C(=O)c1c(O)cccc1C2,-10.54,-8.622438011178515,-8.16724608846988,-6.94633694954279,-6.475315787273159,-6.308868893096184,-5.075070045242072,-4.808417845601447,-7.177730518260667,-7.533578071486307,0
b2AR-decoy_399,O=C1Nc2ccc(Cl)cc2/C1=C\c1ccc(O)c(Br)c1,-8.348,-6.941438011178516,-6.2492460884698815,-5.38533694954279,-5.191315787273158,-4.702868893096184,-4.737070045242071,-4.168417845601447,-5.619730518260667,-5.343578071486306,0
b2AR-decoy_4,N#C/C(=C\c1cccc2ccccc12)C(=O)c1c[nH]c2ccccc12,-10.109,-8.238438011178514,-7.667246088469881,-6.0493369495427896,-6.344315787273159,-4.888868893096184,-5.139070045242072,-4.790417845601446,-6.819730518260666,-7.554578071486306,0
b2AR-decoy_40,CC(C)c1ccccc1OCCn1c(=S)[nH]c2ccccc21,-8.665,-6.743438011178515,-5.891246088469881,-4.65433694954279,-4.555315787273158,-4.534868893096185,-3.830070045242071,-3.630417845601446,-5.578730518260667,-5.793578071486307,0
b2AR-decoy_400,CC(C)(C)c1cc(/C=C2/CCN(O)S2(=O)=O)cc(C(C)(C)C)c1O,-8.557,-6.284438011178516,-6.202246088469881,-5.444336949542789,-4.832315787273158,-4.328868893096185,-4.150070045242071,-3.3874178456014468,-5.172730518260666,-5.654578071486306,0
b2AR-decoy_401,CC1(C)NC(=O)C2=C1Nc1cc3c(cc1C2c1cccc(Cl)c1)OCO3,-10.023,-8.017438011178514,-8.000246088469881,-6.27533694954279,-6.681315787273158,-5.797868893096185,-5.015070045242071,-5.058417845601447,-7.265730518260666,-6.392578071486307,0
b2AR-decoy_402,O=C(NNC(=O)c1ccc(n2cccc2)cc1)c1ccc(Cl)cc1,-8.57,-7.189438011178515,-5.486246088469882,-4.9773369495427895,-4.523315787273159,-3.481868893096185,-3.842070045242071,-3.383417845601447,-5.467730518260666,-5.916578071486306,0
b2AR-decoy_403,O=C(N/N=C/c1c(Cl)cccc1Cl)c1[nH]nc2c1CCCC2,-9.134,-6.950438011178516,-7.026246088469881,-5.44533694954279,-5.446315787273159,-4.942868893096184,-4.456070045242072,-4.010417845601447,-6.255730518260666,-6.345578071486306,0
b2AR-decoy_404,CC(=O)[C@@]1(O)[C@@H](C)C[C@H]2[C@@H]3CCC4=CC(=O)C=C[C@]4(C)[C@@]3(F)[C@@H](O)C[C@@]21C,-10.832,-8.852438011178515,-7.435246088469881,-6.98833694954279,-5.274315787273158,-6.431868893096185,-4.285070045242071,-5.406417845601446,-7.966730518260666,-7.490578071486306,0
b2AR-decoy_405,Cc1cc(NS(=O)(=O)c2cc3c(cc2F)NC(=O)CC3)ccc1F,-10.069,-7.895438011178514,-7.415246088469882,-6.68333694954279,-6.239315787273158,-5.790868893096185,-5.490070045242071,-5.183417845601447,-6.704730518260666,-7.553578071486306,0
b2AR-decoy_406,Cc1cc(O)c(=O)c(O)cc1S(=O)(=O)c1ccc(c2ccccc2)cc1,-10.383,-8.690438011178514,-7.822246088469882,-6.633336949542789,-6.8013157872731576,-5.6748688930961855,-5.080070045242071,-5.313417845601446,-7.121730518260666,-8.085578071486307,0
b2AR-decoy_407,O=C(NNC(=O)c1ccccc1Cl)c1ccc(n2cccc2)cc1,-8.727,-7.2814380111785155,-5.9752460884698815,-5.476336949542789,-4.380315787273158,-4.432868893096185,-4.078070045242072,-3.733417845601446,-5.444730518260666,-6.222578071486307,0
b2AR-decoy_408,N#CC(=C(N)Sc1ccc(N)cc1)c1ccccc1C(F)(F)F,-9.095,-6.609438011178515,-6.260246088469881,-5.3123369495427895,-5.021315787273158,-4.317868893096184,-3.650070045242071,-3.6444178456014473,-5.476730518260666,-5.712578071486307,0
b2AR-decoy_409,O=C(NC1N=C(c2ccccc2F)c2ccccc2NC1=O)c1ccsc1,-8.523,-6.4884380111785145,-6.218246088469881,-4.777336949542789,-4.944315787273158,-4.350868893096184,-3.528070045242071,-3.087417845601447,-4.791730518260667,-5.924578071486307,0
b2AR-decoy_41,Cc1cc(Oc2nccc3[nH]ccc23)ccc1c1c(C)ncnc1C,-8.663,-6.875438011178515,-6.398246088469881,-4.99533694954279,-5.539315787273159,-4.720868893096185,-4.130070045242071,-3.738417845601447,-5.920730518260667,-5.151578071486307,0
b2AR-decoy_410,CCCC#CC1(C(F)(F)F)OC(=O)Nc2c(O)cc(Cl)cc21,-7.737,-5.348438011178515,-5.630246088469881,-4.49233694954279,-4.023315787273159,-3.579868893096185,-2.7740700452420715,-2.7934178456014465,-4.801730518260666,-4.652578071486307,0
b2AR-decoy_411,CC1(C)C=Cc2ccc(c3coc4cc(O)cc(O)c4c3=O)cc2O1,-10.109,-8.169438011178515,-6.9992460884698815,-6.540336949542789,-6.508315787273158,-5.374868893096185,-5.718070045242071,-4.484417845601447,-7.610730518260667,-7.090578071486307,0
b2AR-decoy_412,Cc1ccncc1Oc1sc(C(N)=O)c2c1-c1sncc1CC2,-9.109,-6.080438011178515,-6.871246088469881,-4.974336949542789,-4.812315787273159,-4.401868893096184,-3.7710700452420713,-3.523417845601447,-6.076730518260666,-4.986578071486306,0
b2AR-decoy_413,O=C(c1cc(Br)c(O)cc1O)N1Cc2ccccc2C1,-8.676,-7.128438011178515,-6.6612460884698805,-5.428336949542789,-5.117315787273158,-4.250868893096184,-3.995070045242072,-4.313417845601446,-5.5307305182606665,-6.4735780714863065,0
b2AR-decoy_414,Cc1ccc(Cl)cc1NS(=O)(=O)c1ccc2c(c1)NC(=O)CCS2,-7.915,-5.475438011178516,-5.328246088469881,-3.87233694954279,-3.8543157872731584,-3.2788688930961847,-2.863070045242071,-2.449417845601447,-4.110730518260667,-4.430578071486306,0
b2AR-decoy_415,NS(=O)(=O)c1cccc(c2ccc(c3ccc4c(c3)COC4=O)s2)c1,-8.746,-7.820438011178515,-6.2812460884698815,-5.3443369495427895,-5.903315787273158,-4.654868893096184,-5.224070045242071,-4.179417845601448,-5.930730518260667,-5.784578071486306,0
b2AR-decoy_416,CC1(C)OC(c2ccc(S(N)(=O)=O)cc2F)=C(c2cccc(F)c2)C1=O,-9.252,-7.440438011178514,-6.734246088469881,-5.755336949542789,-5.416315787273158,-5.3928688930961854,-4.264070045242072,-4.249417845601446,-5.568730518260667,-5.3165780714863065,0
b2AR-decoy_417,CC(=O)CC[C@H]1C[C@]2(C)[C@@H](O)CC[C@H]2[C@@H]2CCc3cc(O)ccc3[C@@H]12,-10.086,-8.422438011178516,-7.352246088469881,-6.22433694954279,-5.831315787273159,-5.265868893096185,-5.064070045242071,-4.515417845601446,-7.431730518260666,-6.888578071486307,0
b2AR-decoy_418,N#CC1=C(N)OC2=C(C(=O)c3ccccc3C2=O)C1c1ccccc1Cl,-9.572,-8.372438011178515,-6.964246088469881,-6.316336949542789,-6.156315787273158,-6.500868893096184,-4.862070045242071,-5.262417845601448,-6.388730518260667,-6.942578071486306,0
b2AR-decoy_419,Cn1nc(c2ccc(Cl)cc2)s/c1=N\c1cccc(C(N)=O)c1,-9.402,-7.784438011178516,-7.148246088469881,-6.27633694954279,-5.755315787273158,-5.289868893096184,-4.832070045242071,-4.586417845601448,-6.159730518260666,-6.6915780714863065,0
b2AR-decoy_42,CCOC(=O)c1nsc(c2cc(C(C)(C)C)c(O)c(C(C)(C)C)c2)n1,-8.001,-5.498438011178515,-5.831246088469881,-4.692336949542789,-4.106315787273158,-3.743868893096185,-3.139070045242071,-3.2854178456014465,-5.018730518260666,-4.486578071486306,0
b2AR-decoy_420,O=C1NC(=O)/C(=C/c2cn(Cc3ccc(F)cc3)c3ccccc23)N1,-9.998,-8.019438011178515,-7.981246088469881,-6.858336949542791,-6.282315787273159,-5.766868893096184,-5.410070045242071,-4.6524178456014464,-6.778730518260666,-6.637578071486306,0
b2AR-decoy_421,C/C(=N/Nc1ncnc2sc(C)c(C)c12)c1ccccc1O,-9.012,-6.792438011178515,-6.535246088469881,-5.342336949542791,-5.568315787273159,-4.588868893096185,-4.429070045242071,-3.680417845601447,-5.784730518260666,-6.292578071486307,0
b2AR-decoy_422,CC1CC=C2C(C#N)=C(N)C(C#N)(C#N)C(c3cccs3)C2C1,-7.528,-5.294438011178515,-5.524246088469881,-4.30233694954279,-4.347315787273159,-3.7468688930961846,-2.658070045242071,-2.938417845601447,-4.456730518260667,-4.3245780714863065,0
b2AR-decoy_423,C/C(=N\NC(=O)c1cc2ccccc2cc1O)c1ccc(C)o1,-9.871,-8.364438011178516,-7.428246088469882,-6.55533694954279,-6.207315787273158,-5.375868893096184,-5.175070045242071,-5.095417845601446,-6.329730518260666,-7.620578071486307,0
b2AR-decoy_424,N#Cc1ccc2c3c([nH]c2c1)-c1ccc(c2cn[nH]c2)cc1C3=O,-9.541,-7.873438011178514,-6.8792460884698805,-6.210336949542789,-5.269315787273159,-5.402868893096185,-4.595070045242071,-4.189417845601447,-5.884730518260666,-6.990578071486306,0
b2AR-decoy_425,C/C(=N\NC(=S)Nc1cccc(C)c1)c1cc2ccccc2o1,-10.075,-8.535438011178515,-7.279246088469881,-6.23133694954279,-5.878315787273159,-5.455868893096184,-5.172070045242071,-4.610417845601447,-6.5197305182606655,-7.267578071486307,0
b2AR-decoy_426,CCc1ccc(/C(=N/O)c2ccc(Cl)cc2)c(O)c1,-7.943,-6.192438011178515,-6.022246088469881,-5.0493369495427896,-4.553315787273158,-3.930868893096185,-4.083070045242071,-3.5784178456014466,-4.870730518260666,-5.338578071486307,0
b2AR-decoy_427,Cc1cc2c(c(=S)[nH]1)C(=O)O/C2=C\c1c[nH]c2ccccc12,-9.473,-7.280438011178514,-6.678246088469882,-5.65133694954279,-5.396315787273158,-5.286868893096186,-4.784070045242071,-4.244417845601447,-6.072730518260666,-6.508578071486307,0
b2AR-decoy_428,Cc1cc(O)cc2c1O[C@@H](c1ccc(O)cc1)[C@H]1CCC[C@@H]21,-9.842,-7.871438011178515,-7.852246088469881,-6.13233694954279,-6.047315787273158,-5.448868893096185,-5.254070045242072,-4.485417845601447,-6.193730518260667,-7.150578071486306,0
b2AR-decoy_429,CCn1c2cc(O)ccc2c2ccc3ccc(O)cc3c21,-8.933,-6.679438011178515,-6.757246088469881,-6.03933694954279,-5.248315787273159,-4.621868893096185,-4.339070045242071,-4.046417845601447,-5.366730518260667,-6.400578071486306,0
b2AR-decoy_43,C/C=C1\[C@H]2C=C(C)C[C@]1(/N=C/C=C/c1ccccc1)c1ccc(=O)[nH]c1C2,-10.185,-8.258438011178516,-7.822246088469882,-6.515336949542789,-7.017315787273159,-5.5338688930961855,-5.27607004524207,-5.379417845601447,-7.067730518260666,-7.653578071486306,0
b2AR-decoy_430,CCc1ccc2[nH]c(C(=O)Nc3ccc4c(c3)OCO4)cc2c1,-9.211,-8.029438011178515,-5.963246088469881,-5.620336949542789,-5.451315787273158,-4.3368688930961845,-4.54207004524207,-3.8064178456014464,-5.999730518260666,-6.791578071486306,0
b2AR-decoy_431,Cc1c2ccc(O)cc2oc(=O)c1c1ccc(O)cc1Cl,-9.015,-6.912438011178516,-5.661246088469881,-5.25433694954279,-5.170315787273159,-4.3638688930961855,-3.734070045242071,-2.7644178456014465,-5.682730518260666,-5.057578071486306,0
b2AR-decoy_432,O=c1c(c2ccc(Cl)cc2)coc2c(O)c(O)ccc12,-9.046,-6.834438011178515,-5.8582460884698815,-4.591336949542789,-5.1763157872731576,-4.1188688930961845,-4.791070045242071,-3.1294178456014468,-5.310730518260667,-4.8245780714863065,0
b2AR-decoy_433,CC(C)=CCc1c(O)c(C=O)cc2c1[nH]c1ccccc12,-8.592,-7.128438011178515,-6.614246088469882,-5.06533694954279,-4.489315787273158,-4.253868893096184,-3.621070045242071,-3.674417845601447,-5.113730518260667,-6.418578071486307,0
b2AR-decoy_434,O=C(c1cccc(c2cccc(O)c2F)n1)c1ccccc1O,-10.093,-7.7654380111785155,-6.907246088469881,-6.20233694954279,-5.896315787273158,-5.589868893096185,-5.287070045242071,-5.029417845601447,-6.346730518260667,-6.911578071486307,0
b2AR-decoy_435,CC1(C)C=Cc2c(O)ccc(C(=O)/C=C/c3ccc(O)cc3)c2O1,-9.232,-7.061438011178515,-6.641246088469881,-5.53633694954279,-5.381315787273158,-5.520868893096186,-4.694070045242071,-4.531417845601446,-6.210730518260666,-6.640578071486306,0
b2AR-decoy_436,CCSC1=C(c2ccc(O)cc2)C(=O)c2cc(O)ccc21,-7.927,-6.011438011178515,-5.651246088469882,-4.96433694954279,-4.335315787273158,-3.664868893096185,-3.4490700452420717,-2.736417845601447,-4.741730518260666,-5.536578071486307,0
b2AR-decoy_437,Cc1ccc(Sc2ccnc3sc(C(N)=O)cc23)cc1,-8.228,-6.784438011178516,-5.385246088469882,-5.27633694954279,-4.560315787273159,-4.279868893096184,-4.08707004524207,-3.204417845601447,-5.090730518260666,-5.389578071486307,0
b2AR-decoy_438,Cc1c(O)cc(C#N)c2cc(c3ccc(O)c(F)c3)ccc12,-8.805,-7.612438011178515,-6.930246088469881,-5.752336949542789,-5.257315787273159,-4.869868893096184,-4.484070045242071,-3.667417845601447,-5.387730518260666,-5.156578071486306,0
b2AR-decoy_439,CC1(C)C=Cc2cc(/C=C/C(=O)c3ccc(O)cc3O)ccc2O1,-9.994,-8.008438011178516,-7.011246088469882,-6.0013369495427895,-5.739315787273158,-5.726868893096185,-4.988070045242072,-4.894417845601447,-6.444730518260666,-6.965578071486307,0
b2AR-decoy_44,O=C1Nc2ccccc2/C1=C\c1cccc(Oc2ccccc2)c1,-10.273,-9.130438011178516,-7.7012460884698815,-6.78833694954279,-6.221315787273159,-6.203868893096185,-5.845070045242071,-5.104417845601446,-7.238730518260667,-7.929578071486306,0
b2AR-decoy_440,Cc1c(O)ccc(C(=O)/C=C/c2ccc(C(F)(F)F)cc2)c1O,-9.353,-7.664438011178515,-6.529246088469881,-6.153336949542791,-5.569315787273158,-4.573868893096185,-4.546070045242072,-4.627417845601446,-5.879730518260667,-6.137578071486306,0
b2AR-decoy_441,C=C1CC[C@@H]2O[C@@]2(C)CC[C@@H](C(C)C)/C=C/[C@](C)(O)CC[C@H]1O,-6.083,-4.485438011178515,-3.958246088469881,-3.1053369495427896,-2.478315787273158,-2.1798688930961845,-1.943070045242071,-1.3474178456014467,-3.007730518260666,-2.727578071486307,0
b2AR-decoy_442,CC(C)c1ccc(Cc2c(C(F)(F)F)n[nH]c2O)cc1,-8.469,-7.088438011178516,-6.454246088469882,-5.492336949542789,-5.266315787273159,-4.724868893096184,-4.922070045242071,-3.655417845601447,-5.721730518260667,-5.977578071486306,0
b2AR-decoy_443,Oc1ccc(c2nc(Cc3ccc(Cl)cc3)no2)cc1O,-9.012,-7.461438011178515,-6.352246088469881,-5.75033694954279,-5.311315787273159,-4.512868893096185,-4.307070045242071,-3.778417845601448,-5.470730518260666,-5.671578071486307,0
b2AR-decoy_444,O=C1c2ccccc2C(=Cc2ccc(O)c(O)c2)c2ccccc21,-10.663,-8.289438011178515,-8.056246088469882,-5.99033694954279,-6.645315787273159,-5.398868893096184,-5.713070045242072,-5.043417845601447,-6.625730518260667,-6.409578071486306,0
b2AR-decoy_445,Oc1cc(Br)c(c2cc3ccccc3o2)cc1O,-8.816,-6.391438011178515,-6.26724608846988,-5.242336949542789,-5.103315787273159,-4.378868893096184,-3.924070045242072,-3.773417845601447,-4.978730518260666,-5.258578071486307,0
b2AR-decoy_446,CNC(=O)C(C)(C)c1ccc(c2cc(C)cc(C)c2)c(O)c1,-8.141,-6.808438011178515,-5.560246088469881,-5.435336949542791,-4.707315787273158,-4.261868893096185,-3.716070045242072,-3.9474178456014464,-5.798730518260667,-4.806578071486307,0
b2AR-decoy_447,O=C1C(O)=Cc2cccc3ccc(c4ccc(O)cc4)c1c23,-9.784,-8.544438011178515,-7.234246088469881,-6.58733694954279,-6.194315787273158,-5.775868893096185,-4.721070045242071,-4.405417845601447,-6.3787305182606655,-7.821578071486307,0
b2AR-decoy_448,O=c1cc(CSc2c(Cl)cccc2Cl)[nH]c(=S)[nH]1,-7.553,-5.495438011178515,-5.338246088469881,-4.4613369495427895,-4.134315787273159,-3.761868893096184,-2.61207004524207,-2.758417845601447,-4.601730518260666,-4.453578071486307,0
b2AR-decoy_449,C=C1[C@@H](O)C[C@H]2C(C)(C)CCC[C@]2(C)[C@H]1C[C@@H](O)c1ccoc1,-9.6,-7.355438011178515,-7.030246088469882,-5.976336949542789,-5.739315787273158,-5.680868893096184,-4.045070045242071,-4.712417845601447,-6.2647305182606665,-6.399578071486307,0
b2AR-decoy_45,Oc1csc(Cc2nc(c3ccc4ccccc4c3)cs2)n1,-9.895,-7.939438011178515,-6.933246088469881,-5.80433694954279,-5.722315787273159,-5.3158688930961855,-4.341070045242072,-4.702417845601447,-5.990730518260666,-7.007578071486307,0
b2AR-decoy_450,Oc1ccc(C(=Nc2ccccc2)c2ccc(O)cc2)cc1,-8.816,-6.864438011178516,-6.586246088469881,-4.95433694954279,-4.792315787273158,-4.293868893096185,-4.08407004524207,-3.795417845601447,-5.313730518260666,-5.9575780714863065,0
b2AR-decoy_451,C[C@@H](NC(=O)c1cc(Cl)ccc1O)c1ccc(Cl)cc1,-8.907,-6.785438011178515,-6.049246088469881,-5.249336949542791,-5.145315787273159,-4.339868893096185,-3.938070045242071,-3.473417845601446,-5.144730518260666,-5.681578071486307,0
b2AR-decoy_452,C=C[C@]1(C)O[C@]2(C)[C@@H](O)C[C@H]3C(C)(C)CCC[C@]3(C)[C@H]2C[C@@H]1O,-9.605,-8.388438011178515,-7.841246088469882,-6.68633694954279,-6.473315787273158,-6.091868893096185,-4.35007004524207,-4.891417845601447,-6.616730518260667,-6.763578071486307,0
b2AR-decoy_453,Cc1cccc(Cl)c1NNC(=O)c1ccc(C(C)(C)C)cc1,-8.999,-7.061438011178515,-6.484246088469881,-5.71133694954279,-4.881315787273158,-4.369868893096184,-4.201070045242071,-4.051417845601447,-5.452730518260667,-6.145578071486307,0
b2AR-decoy_454,COc1ccc2oc(=O)c3c(c2c1)Nc1cc(C)c(C)cc1N3,-9.303,-7.376438011178514,-6.6402460884698815,-6.16633694954279,-5.713315787273158,-5.069868893096185,-4.804070045242071,-4.189417845601447,-6.542730518260667,-6.230578071486306,0
b2AR-decoy_455,O=[N+]([O-])c1ccc2ccc3c4c(cc5ccc1c2c53)C(O)C(O)C=C4,-10.129,-8.156438011178516,-7.296246088469882,-6.736336949542789,-6.057315787273158,-6.560868893096185,-5.72507004524207,-5.615417845601447,-6.865730518260666,-6.799578071486307,0
b2AR-decoy_456,O=[N+]([O-])c1ccc(Sc2c(O)ccc(O)c2Cl)cc1,-7.395,-5.626438011178515,-5.127246088469882,-3.92333694954279,-4.263315787273158,-3.3078688930961846,-3.737070045242071,-2.7914178456014467,-4.244730518260666,-4.302578071486306,0
b2AR-decoy_457,Nc1c(Cl)cc(C(=O)N2C3CC4CC(C3)CC2C4)cc1Cl,-9.363,-7.528438011178515,-6.505246088469882,-5.460336949542789,-5.179315787273158,-4.521868893096185,-4.154070045242071,-3.781417845601446,-5.605730518260666,-5.463578071486307,0
b2AR-decoy_458,COc1cc2c(cc1O)CC[C@@H]1C2CC[C@@]2(C)C1CC[C@@H]2O,-9.949,-9.128438011178517,-7.41124608846988,-6.67633694954279,-5.338315787273158,-5.559868893096185,-5.326070045242071,-4.692417845601447,-6.415730518260666,-6.320578071486306,0
b2AR-decoy_459,C/C(=N\NC(=S)NC(C)C)c1ccc(C(C)(C)C)cc1,-8.534,-6.510438011178515,-5.6482460884698815,-5.332336949542789,-4.550315787273158,-4.330868893096184,-3.4650700452420717,-3.1374178456014468,-4.759730518260667,-5.729578071486307,0
b2AR-decoy_46,CC[C@H](C1=CC(=O)OC1)[C@@]1(C)CCC2C(CC[C@@H]3C[C@@H](O)CC[C@]23C)C1,-11.228,-9.230438011178515,-8.165246088469882,-8.12433694954279,-7.002315787273158,-6.580868893096184,-5.44607004524207,-5.759417845601448,-7.0197305182606655,-6.960578071486307,0
b2AR-decoy_460,COc1ccc2c(c1)/C(=N/Nc1ccc(C(C)(C)C)cc1)C(=O)N2,-9.528,-7.662438011178516,-6.617246088469882,-6.3283369495427895,-5.636315787273158,-4.8638688930961855,-4.439070045242071,-4.124417845601446,-5.728730518260667,-6.603578071486307,0
b2AR-decoy_461,CC(=C(c1ccc(O)cc1)c1ccc(O)cc1)c1ccccn1,-8.519,-6.6614380111785145,-6.567246088469881,-5.185336949542791,-5.004315787273159,-4.214868893096185,-4.240070045242071,-3.842417845601446,-4.973730518260666,-5.542578071486307,0
b2AR-decoy_462,Cc1cc(C(=O)NN=Cc2c(C)[nH]c3ccccc23)c(C)o1,-9.047,-7.285438011178515,-6.697246088469882,-5.34633694954279,-5.995315787273158,-4.835868893096185,-4.610070045242072,-4.080417845601447,-6.2167305182606665,-6.484578071486306,0
b2AR-decoy_463,CC1(C)C(=O)CC[C@]2(C)[C@@H]1CC[C@]13C[C@@H](CC[C@@H]21)[C@](O)(CO)C3,-10.033,-8.016438011178515,-6.7382460884698805,-6.326336949542791,-6.034315787273158,-5.684868893096185,-5.565070045242072,-4.410417845601447,-6.315730518260667,-6.329578071486306,0
b2AR-decoy_464,CC1(C)C[C@@H](O)C[C@](C)(C/N=C(\S)c2ccccc2O)C1,-8.942,-6.912438011178516,-6.244246088469881,-5.40733694954279,-5.617315787273158,-4.905868893096185,-3.8160700452420713,-3.953417845601447,-5.630730518260666,-5.574578071486307,0
b2AR-decoy_465,Cc1cc(c2ccc(C(=O)c3ccc(F)c(O)c3)cc2)ccc1O,-10.077,-8.480438011178515,-7.41124608846988,-6.33133694954279,-5.960315787273158,-5.454868893096185,-4.878070045242071,-4.895417845601447,-6.409730518260666,-6.746578071486306,0
b2AR-decoy_466,Cc1cc2c(c3oc(C(C)O)cc13)C(=O)c1c(O)cccc1C2=O,-9.371,-7.315438011178514,-7.220246088469882,-6.7033369495427895,-5.664315787273159,-5.803868893096185,-5.239070045242071,-4.223417845601446,-6.368730518260666,-6.491578071486307,0
b2AR-decoy_467,Cc1cc(c2ccc(C(=O)c3cccc(O)c3)nc2)ccc1O,-9.839,-8.232438011178516,-7.198246088469881,-6.156336949542789,-5.836315787273158,-5.122868893096184,-4.74707004524207,-4.503417845601447,-6.366730518260667,-6.596578071486306,0
b2AR-decoy_468,CC(C)c1cc2c(cc1O)[C@@]1(C)CCC[C@@]3(C)CO[C@@H]([C@@H]2O)[C@H]13,-10.17,-8.200438011178516,-8.114246088469882,-6.153336949542791,-6.191315787273158,-5.944868893096185,-5.186070045242071,-5.025417845601448,-6.977730518260666,-6.974578071486306,0
b2AR-decoy_469,C/C1=C\CCC(C)(O)C2C=C(C(C)(C)O)C(C/C(C)=C/CC1)O2,-6.07,-4.431438011178515,-4.094246088469881,-3.3793369495427896,-2.457315787273158,-2.151868893096185,-1.5010700452420709,-1.2254178456014468,-2.9907305182606665,-2.9445780714863066,0
b2AR-decoy_47,COc1ccc2[nH]cc(/C=C/C(=O)c3ccc(OC)c4c3OC(C)(C)C=C4)c2c1,-9.483,-7.164438011178515,-7.573246088469881,-6.168336949542789,-6.084315787273159,-4.934868893096185,-5.19907004524207,-4.241417845601447,-6.6447305182606655,-6.331578071486307,0
b2AR-decoy_470,C/C(=N\NC(=O)c1cncc(Cl)c1)c1cc(Cl)ccc1O,-9.018,-6.951438011178516,-6.0472460884698815,-5.53233694954279,-4.861315787273158,-4.2598688930961846,-3.942070045242071,-3.629417845601447,-5.680730518260667,-5.840578071486307,0
b2AR-decoy_471,C[C@]12CC[C@@H]3c4ccc(OC(N)=O)cc4CC[C@H]3[C@@H]1CCC2=O,-10.882,-8.526438011178515,-7.634246088469881,-7.120336949542789,-6.165315787273158,-5.745868893096185,-6.018070045242071,-5.110417845601447,-6.967730518260666,-7.703578071486307,0
b2AR-decoy_472,C[C@@H]1CC[C@@H]2[C@@H](C1)O[C@@H](c1ccccc1O)CC2(C)O,-9.43,-7.726438011178516,-7.715246088469881,-6.669336949542791,-5.697315787273158,-5.4298688930961845,-4.504070045242072,-4.458417845601447,-6.359730518260667,-7.056578071486307,0
b2AR-decoy_473,Cc1ccc(c2nc(/C=N/c3ccc(O)cc3)c(O)o2)cc1,-9.697,-7.878438011178515,-6.69024608846988,-6.198336949542791,-5.742315787273158,-4.8478688930961855,-4.362070045242071,-4.022417845601447,-6.195730518260666,-6.738578071486307,0
b2AR-decoy_474,CCCC(=O)c1cc2c(c(O)c1C)C(=O)C(=O)c1c(O)cccc1-2,-9.319,-7.216438011178516,-7.712246088469881,-5.338336949542789,-4.863315787273159,-5.6478688930961845,-4.327070045242071,-3.993417845601448,-5.680730518260667,-5.583578071486306,0
b2AR-decoy_475,CC(=O)Nc1ccccc1NC(=O)CC(C)(C)C,-8.032,-6.317438011178515,-5.294246088469881,-4.9773369495427895,-4.093315787273158,-3.3628688930961843,-3.5990700452420707,-2.743417845601446,-4.592730518260667,-4.904578071486306,0
b2AR-decoy_476,Nc1ccc(c2nc3cc(O)cc(O)c3s2)cc1,-7.946,-6.381438011178515,-5.778246088469881,-4.87433694954279,-4.231315787273158,-3.723868893096185,-3.4470700452420706,-3.228417845601447,-4.605730518260667,-5.438578071486306,0
b2AR-decoy_477,CC1=CCCC(C)(C)C1/C=C/c1cc(C(=O)NO)no1,-8.586,-6.989438011178516,-5.910246088469881,-5.41333694954279,-5.107315787273159,-4.287868893096185,-3.979070045242072,-3.764417845601447,-5.766730518260667,-5.243578071486306,0
b2AR-decoy_478,O=C1/C(=C/c2cccc(O)c2)Cc2ccc(O)cc21,-9.048,-7.223438011178516,-7.007246088469881,-6.309336949542789,-5.803315787273158,-5.450868893096185,-4.575070045242072,-4.309417845601447,-5.756730518260666,-6.780578071486307,0
b2AR-decoy_479,O=C(Cc1ccc(Cl)cc1)c1ccc(O)c(O)c1,-8.332,-6.562438011178514,-5.885246088469882,-5.319336949542789,-4.943315787273159,-3.865868893096184,-4.250070045242071,-3.4104178456014465,-5.403730518260666,-5.174578071486307,0
b2AR-decoy_48,CC(C)=C/C=C\[C@H](C)[C@H]1CC[C@]2(C)C[C@H]3[C@H]4C(=CC[C@@H]12)C(=O)O[C@H]4C[C@@]3(C)O,-7.577,-6.665438011178516,-5.510246088469882,-4.92733694954279,-3.651315787273158,-3.658868893096185,-3.650070045242071,-2.8924178456014467,-5.0307305182606665,-4.829578071486306,0
b2AR-decoy_480,S=C(N/N=C/c1cccs1)Nc1ccccc1,-7.946,-5.807438011178515,-5.137246088469881,-4.12833694954279,-3.638315787273158,-3.0708688930961845,-2.868070045242071,-2.329417845601447,-4.364730518260666,-4.821578071486306,0
b2AR-decoy_481,Oc1nc2sccc2c(O)c1c1ccccc1,-8.414,-6.295438011178515,-6.080246088469881,-4.833336949542789,-4.625315787273158,-4.161868893096186,-3.2340700452420714,-2.7224178456014467,-5.176730518260666,-5.456578071486307,0
b2AR-decoy_482,Nc1ccc(Oc2ccc([N+](=O)[O-])cc2Cl)cc1,-7.685,-5.976438011178515,-5.155246088469881,-4.46333694954279,-4.022315787273159,-3.5648688930961843,-3.748070045242072,-2.9244178456014467,-4.199730518260666,-4.849578071486307,0
b2AR-decoy_483,CC(C)C1Cc2c(C#N)c(N)sc(=S)c2CO1,-7.19,-4.958438011178515,-4.822246088469881,-3.6873369495427895,-3.4843157872731583,-2.8748688930961848,-2.594070045242071,-1.8494178456014465,-4.062730518260667,-4.198578071486306,0
b2AR-decoy_484,Cc1cc(C(=O)N/N=C/c2c[nH]c3ccccc23)c(C)o1,-9.095,-7.032438011178515,-6.588246088469882,-5.175336949542789,-5.371315787273158,-4.346868893096184,-4.437070045242072,-3.6684178456014473,-5.799730518260667,-6.366578071486307,0
b2AR-decoy_485,O=C(/C=C/c1ccc(Cl)cc1)c1ccc(O)cc1O,-7.703,-6.872438011178515,-5.3982460884698815,-5.463336949542789,-4.714315787273159,-4.0868688930961845,-3.830070045242071,-3.271417845601447,-5.1077305182606665,-5.712578071486307,0
b2AR-decoy_486,C=C1[C@@H](/C=C/C(C)=O)[C@]2(C)CCC[C@](C)(CO)[C@H]2C[C@H]1O,-8.864,-6.711438011178515,-6.224246088469881,-5.42733694954279,-5.088315787273158,-4.382868893096184,-3.5720700452420715,-3.109417845601447,-5.289730518260666,-5.305578071486307,0
b2AR-decoy_487,CC1=CC[C@]2(O)C[C@H]1[C@H](c1ccc(O)cc1)OC2(C)C,-9.385,-7.230438011178515,-6.818246088469881,-6.018336949542789,-5.010315787273159,-4.553868893096185,-4.521070045242071,-3.687417845601447,-5.424730518260667,-5.731578071486307,0
b2AR-decoy_488,Cc1cc(O)c(=O)c(O)cc1c1cccc2ccccc21,-10.55,-6.906438011178516,-7.67424608846988,-5.934336949542789,-6.234315787273159,-5.756868893096184,-5.572070045242072,-4.005417845601446,-6.234730518260667,-5.590578071486307,0
b2AR-decoy_489,Cc1c(O)ccc(C(=O)/C=C/c2ccc(F)cc2)c1O,-8.479,-7.221438011178515,-6.006246088469881,-5.421336949542789,-4.967315787273158,-4.5548688930961845,-4.022070045242071,-3.773417845601447,-5.228730518260666,-5.922578071486306,0
b2AR-decoy_49,C/C(=N/NC(=O)C(C)Oc1cc(Cl)c(Cl)cc1Cl)c1ccc(C)cc1,-10.086,-8.296438011178514,-7.2012460884698815,-6.652336949542789,-5.544315787273158,-5.182868893096185,-4.867070045242071,-4.735417845601447,-6.158730518260667,-7.090578071486307,0
b2AR-decoy_490,O=c1cc(c2ccccc2)oc2cc(O)c(O)cc12,-8.832,-6.833438011178515,-6.790246088469882,-5.32733694954279,-5.511315787273158,-4.577868893096184,-4.06807004524207,-3.770417845601447,-5.383730518260666,-5.854578071486307,0
b2AR-decoy_491,Oc1cc(c2cc3cccc(O)c3o2)cc(O)c1O,-8.345,-6.382438011178515,-6.123246088469882,-5.09533694954279,-4.820315787273158,-4.569868893096185,-3.817070045242071,-3.634417845601448,-4.952730518260666,-5.929578071486306,0
b2AR-decoy_492,COc1cc(c2cccc(O)c2F)cc(OC)c1O,-7.592,-5.858438011178516,-5.597246088469881,-4.57733694954279,-4.094315787273159,-3.431868893096185,-3.70907004524207,-3.052417845601447,-4.822730518260666,-4.939578071486306,0
b2AR-decoy_493,CCOc1ccc(c2cc(=O)c3c(O)cc(O)cc3o2)cc1,-7.917,-6.565438011178514,-5.775246088469881,-4.59633694954279,-4.802315787273159,-4.327868893096184,-3.835070045242072,-3.0754178456014465,-5.266730518260666,-4.852578071486307,0
b2AR-decoy_494,CC(c1ccc(O)cc1)C(C#N)c1ccc(O)cc1,-8.72,-7.489438011178516,-6.087246088469881,-4.65733694954279,-4.488315787273159,-3.836868893096185,-3.830070045242071,-3.4424178456014465,-5.0147305182606665,-5.697578071486307,0
b2AR-decoy_495,CC(=O)N[C@@H]1CC/C(C)=C/CC(C)(C)/C=C/[C@H](O)[C@@H]1C,-5.939,-3.763438011178515,-3.4782460884698816,-2.679336949542789,-2.1043157872731584,-1.5888688930961845,-0.8320700452420713,-0.5544178456014466,-2.707730518260666,-2.3935780714863064,0
b2AR-decoy_496,O=C1NCCc2c(c3ccccc3)[nH]c3cccc1c23,-8.693,-6.313438011178516,-6.002246088469882,-5.05333694954279,-4.524315787273158,-3.952868893096185,-3.3170700452420707,-3.106417845601447,-4.521730518260666,-5.753578071486306,0
b2AR-decoy_497,CCOC(=O)c1c(N)scc1c1ccsc1,-6.08,-4.251438011178515,-3.644246088469881,-2.73133694954279,-2.720315787273158,-2.002868893096185,-1.3050700452420712,-0.6924178456014465,-3.2007305182606665,-3.360578071486307,0
b2AR-decoy_498,Cc1cc(C)c(C(=O)/C=C/c2ccc(O)c(O)c2)c(C)c1,-8.669,-6.659438011178516,-6.50124608846988,-5.62933694954279,-5.329315787273158,-4.486868893096185,-4.317070045242071,-3.615417845601448,-5.600730518260667,-6.010578071486307,0
b2AR-decoy_499,Cc1nn(c2ccccc2)c(N)c1N=Nc1ccccc1,-9.25,-7.223438011178516,-6.429246088469881,-5.62933694954279,-5.186315787273159,-4.575868893096185,-4.27307004524207,-3.834417845601447,-5.761730518260666,-6.265578071486306,0
b2AR-decoy_5,Cc1ccc2c(c1)N/C(=C\C(=O)c1ccc(c3ccccc3)cc1)C(=O)O2,-11.335,-9.484438011178517,-8.708246088469881,-7.8713369495427905,-6.970315787273158,-6.390868893096185,-6.68007004524207,-6.195417845601448,-7.795730518260667,-8.889578071486307,0
b2AR-decoy_50,O=C(OC(Cn1ccnc1)c1ccc(Cl)cc1Cl)c1cc2ccccc2[nH]1,-9.838,-8.523438011178515,-7.458246088469881,-6.80433694954279,-6.332315787273158,-5.406868893096185,-5.021070045242071,-5.162417845601446,-6.313730518260666,-7.399578071486307,0
b2AR-decoy_500,O=C1/C(=C/c2ccccc2O)Cc2c(O)cccc21,-9.306,-7.168438011178516,-6.8422460884698815,-5.50333694954279,-6.054315787273158,-5.1188688930961845,-4.596070045242071,-4.358417845601446,-5.673730518260667,-6.152578071486307,0
b2AR-decoy_501,Oc1cc(O)cc(c2cc3ccc(O)c(O)c3o2)c1,-8.482,-6.349438011178515,-6.050246088469882,-4.74233694954279,-5.078315787273159,-3.928868893096185,-4.037070045242071,-3.251417845601446,-5.134730518260667,-6.192578071486306,0
b2AR-decoy_502,Oc1ccc(C2CSc3ccc(O)cc3O2)cc1,-8.433,-6.324438011178515,-6.196246088469881,-4.72233694954279,-4.457315787273158,-4.090868893096184,-4.08707004524207,-3.778417845601448,-4.945730518260667,-5.868578071486306,0
b2AR-decoy_503,O=c1oc2ccc(O)cc2cc1c1cccc(O)c1,-9.165,-7.138438011178515,-7.400246088469881,-5.45633694954279,-5.610315787273159,-4.952868893096184,-4.25707004524207,-4.171417845601447,-5.2887305182606665,-6.148578071486307,0
b2AR-decoy_504,Cc1ccc(C)c(CSc2nc(O)c3c[nH]nc3n2)c1,-8.627,-7.003438011178515,-6.212246088469881,-5.903336949542791,-5.327315787273159,-4.524868893096185,-4.311070045242071,-3.542417845601447,-5.465730518260667,-6.285578071486306,0
b2AR-decoy_505,O=c1c2ccccc2[nH]c2cc(OCC3CS3)cc(O)c12,-8.877,-7.054438011178515,-6.150246088469881,-5.083336949542789,-4.764315787273159,-4.1298688930961855,-3.753070045242071,-3.8194178456014463,-5.142730518260667,-6.221578071486306,0
b2AR-decoy_506,Cc1ccc(C)c(C(=O)/C=C/c2ccc(O)c(O)c2)c1,-8.96,-7.015438011178516,-6.215246088469881,-5.457336949542789,-5.152315787273158,-4.156868893096185,-4.204070045242071,-3.807417845601448,-5.573730518260666,-5.884578071486306,0
b2AR-decoy_507,Oc1ccc(c2nc3ccccc3s2)cc1O,-8.326,-6.509438011178515,-6.09424608846988,-4.94133694954279,-4.425315787273158,-4.246868893096185,-3.5980700452420717,-3.217417845601447,-4.711730518260667,-5.899578071486307,0
b2AR-decoy_508,O=C(/C=C\Nc1ccccc1O)C(Cl)(Cl)Cl,-7.204,-5.369438011178515,-4.7012460884698815,-4.1873369495427895,-3.7053157872731584,-3.141868893096185,-2.6570700452420706,-2.079417845601447,-4.2247305182606665,-4.414578071486306,0
b2AR-decoy_509,Cc1cc(O)ccc1CC(C#N)c1ccc(O)cc1,-8.916,-7.283438011178514,-6.154246088469881,-4.96833694954279,-4.579315787273158,-3.707868893096185,-4.120070045242072,-3.1374178456014468,-4.803730518260666,-5.314578071486306,0
b2AR-decoy_51,COc1ccc(c2oc3ccc(C)cc3c2C(=O)c2cc(O)cc(OC)c2)cc1,-8.933,-7.096438011178515,-6.590246088469881,-5.50733694954279,-5.694315787273158,-5.059868893096185,-4.544070045242071,-4.195417845601448,-6.198730518260666,-5.842578071486306,0
b2AR-decoy_510,Cc1ccc(/C=C/C(=O)c2ccc(O)cc2O)cc1,-8.3,-7.0204380111785145,-5.9222460884698815,-5.537336949542789,-5.064315787273159,-4.225868893096184,-4.056070045242072,-3.4054178456014466,-5.252730518260666,-5.900578071486306,0
b2AR-decoy_511,O=C(/C=C/c1c[nH]c2ccccc12)c1ccccc1O,-8.522,-7.264438011178514,-6.349246088469881,-5.49433694954279,-5.225315787273159,-4.516868893096184,-4.190070045242072,-3.5624178456014466,-5.661730518260667,-5.996578071486306,0
b2AR-decoy_512,CCO/C(O)=C\C1=Nc2cc(C)c(C)cc2NC(=O)C1,-7.217,-5.120438011178515,-4.6802460884698815,-3.7193369495427895,-3.2033157872731586,-2.8398688930961846,-2.204070045242071,-1.9214178456014464,-3.8627305182606655,-4.253578071486307,0
b2AR-decoy_513,O=c1cc(NNc2ccc3ccccc3c2)[nH]c(=S)[nH]1,-9.683,-7.764438011178514,-6.71924608846988,-6.19533694954279,-5.408315787273159,-4.766868893096184,-4.694070045242071,-4.682417845601448,-5.752730518260666,-7.510578071486307,0
b2AR-decoy_514,CCC(=O)c1cc(O)cc2cc(c3ccc(O)cc3)oc12,-8.643,-7.063438011178516,-6.337246088469881,-5.268336949542789,-4.972315787273159,-4.564868893096184,-3.95907004524207,-3.6814178456014464,-5.3337305182606665,-6.275578071486306,0
b2AR-decoy_515,O=C(NN=C1CCCCC1)c1cc(c2ccccc2)[nH]n1,-9.361,-7.434438011178516,-6.614246088469882,-5.91333694954279,-5.369315787273159,-4.656868893096185,-4.467070045242071,-4.151417845601447,-6.154730518260667,-6.482578071486307,0
b2AR-decoy_516,COc1cc2c(cc1O)[C@@H]1COc3cc(O)ccc3[C@]1(C)O2,-8.831,-7.262438011178515,-6.596246088469881,-5.62533694954279,-4.979315787273158,-4.8208688930961845,-4.157070045242071,-3.9714178456014473,-5.617730518260666,-6.180578071486307,0
b2AR-decoy_517,CC1=CC(C)(C)[C@@]2(O)CO[C@@H](c3ccc(O)cc3)[C@@H]1C2,-9.973,-7.516438011178515,-7.423246088469881,-5.89133694954279,-6.030315787273159,-5.671868893096185,-4.30807004524207,-4.226417845601446,-5.674730518260667,-6.530578071486307,0
b2AR-decoy_518,N#Cc1cc(O)cc2ccc(c3cccc(O)c3)cc12,-9.109,-6.9884380111785145,-6.6452460884698805,-5.284336949542789,-5.334315787273159,-4.510868893096184,-4.538070045242071,-4.186417845601447,-5.309730518260666,-5.940578071486307,0
b2AR-decoy_519,O=C(c1cccc(O)c1)c1ccc(c2ccc(O)cc2)s1,-9.416,-7.751438011178514,-6.634246088469881,-5.94633694954279,-5.271315787273158,-4.678868893096185,-4.12207004524207,-4.215417845601447,-6.042730518260667,-6.604578071486307,0
b2AR-decoy_52,CC1(C)CC(/C=C/c2ccc3ccc4cccc5ccc2c3c45)=[N+]([O-])C1OCCO,-9.831,-8.441438011178516,-7.400246088469881,-6.5173369495427895,-6.204315787273158,-5.731868893096184,-4.826070045242071,-4.968417845601447,-6.969730518260667,-7.035578071486306,0
b2AR-decoy_520,Oc1ccc(c2nc3ccccc3s2)c(O)c1,-8.429,-6.631438011178515,-5.916246088469881,-4.9003369495427895,-4.446315787273158,-3.817868893096184,-3.336070045242071,-3.1734178456014472,-4.606730518260666,-5.9895780714863065,0
b2AR-decoy_521,CC(=O)Nc1cc(C(C)(C)C)c(O)c(C(C)(C)C)c1,-7.707,-5.756438011178515,-5.260246088469882,-4.42833694954279,-3.5043157872731587,-3.2578688930961848,-2.9340700452420707,-2.4904178456014465,-4.271730518260666,-4.862578071486307,0
b2AR-decoy_522,O=c1cc(c2ccc(O)c(O)c2)oc2ccccc12,-9.364,-7.250438011178515,-6.553246088469882,-5.68633694954279,-5.266315787273159,-4.712868893096184,-4.44907004524207,-3.802417845601447,-5.287730518260666,-6.305578071486307,0
b2AR-decoy_523,O=c1oc(c2ccc(O)cc2)cc2cc(O)ccc12,-8.96,-7.293438011178516,-6.7972460884698815,-5.73833694954279,-5.253315787273159,-5.092868893096185,-4.440070045242072,-4.238417845601447,-5.651730518260667,-6.190578071486307,0
b2AR-decoy_524,O=C(NNc1ccccc1C(F)(F)F)c1cccs1,-8.796,-6.062438011178515,-5.809246088469881,-5.11633694954279,-4.766315787273158,-4.014868893096184,-3.214070045242071,-3.2454178456014464,-4.9987305182606665,-4.992578071486307,0
b2AR-decoy_525,Oc1cccc2ccc(c3cc4ccccc4[nH]3)nc12,-9.045,-8.102438011178515,-6.519246088469881,-6.476336949542789,-6.081315787273159,-5.225868893096184,-4.781070045242071,-4.410417845601447,-6.407730518260667,-6.265578071486306,0
b2AR-decoy_526,Nc1ccc(C2COc3cccc4c3N2CCC4)cc1,-8.834,-7.484438011178515,-6.71924608846988,-5.82433694954279,-5.232315787273159,-5.101868893096185,-4.41107004524207,-4.171417845601447,-5.760730518260667,-5.665578071486307,0
b2AR-decoy_527,Oc1[nH]nc(c2ccccc2)c1/C=N/c1ccccc1Cl,-9.565,-7.230438011178515,-6.650246088469881,-5.20233694954279,-4.950315787273159,-4.534868893096185,-4.410070045242071,-3.655417845601447,-5.722730518260667,-6.257578071486307,0
b2AR-decoy_528,O=C1Nc2ccccc2C1=Cc1c[nH]c2ccccc12,-9.474,-8.049438011178514,-7.003246088469881,-6.34933694954279,-5.960315787273158,-5.376868893096185,-4.91707004524207,-4.486417845601446,-6.273730518260667,-7.077578071486306,0
b2AR-decoy_529,C[C@H]1C(=O)[C@@]23CC[C@@H]4[C@](C)(CO)CCC[C@@]4(C)C2=CC[C@]1(O)C3,-9.093,-7.960438011178516,-7.071246088469881,-5.58433694954279,-5.483315787273158,-6.027868893096185,-3.653070045242071,-3.969417845601447,-6.771730518260666,-6.065578071486307,0
b2AR-decoy_53,Cc1ccc(C(C)C)cc1OC(=O)Nc1ccc(I)cc1,-9.071,-7.140438011178516,-5.997246088469881,-5.371336949542791,-5.332315787273158,-3.914868893096185,-4.291070045242071,-3.859417845601447,-5.118730518260667,-5.717578071486306,0
b2AR-decoy_530,Cc1ccc(C(=O)CC2(O)C(=O)Nc3c(C)cc(Cl)cc32)cc1,-9.565,-7.565438011178514,-6.73524608846988,-5.99333694954279,-5.757315787273159,-4.921868893096185,-5.059070045242072,-4.287417845601446,-6.158730518260667,-6.716578071486307,0
b2AR-decoy_531,O=C1C[C@H]2[C@@H](C1)c1cc(O)ccc1O[C@H]2c1ccc(O)cc1,-9.686,-8.269438011178515,-7.491246088469881,-6.239336949542789,-6.081315787273159,-5.595868893096185,-5.697070045242072,-5.094417845601447,-6.755730518260666,-7.079578071486306,0
b2AR-decoy_532,C[C@H]1CCc2cc(F)ccc2N1C(=O)c1ccc(O)cc1O,-8.951,-6.917438011178515,-6.989246088469882,-5.514336949542789,-5.690315787273159,-5.220868893096185,-4.653070045242071,-3.712417845601447,-5.9217305182606665,-5.892578071486307,0
b2AR-decoy_533,C=Cc1c(C)c(O)cc2c1-c1ccc(OC)c(CO)c1CC2,-8.275,-6.130438011178516,-6.003246088469881,-4.75233694954279,-4.784315787273158,-4.535868893096184,-3.972070045242072,-3.1294178456014468,-5.411730518260667,-5.050578071486306,0
b2AR-decoy_534,CC(=O)Nc1c(C)cc(C(=O)Nc2c(C)cccc2C)cc1C,-8.425,-7.084438011178515,-5.837246088469882,-4.72233694954279,-5.665315787273158,-4.702868893096184,-4.52307004524207,-3.036417845601447,-6.0147305182606665,-5.410578071486306,0
b2AR-decoy_535,CN(Cc1cccc(N)c1)C(=O)C12CC3CC(CC(C3)C1)C2,-9.794,-7.899438011178516,-6.929246088469881,-5.838336949542789,-5.100315787273159,-4.654868893096184,-4.304070045242071,-3.9714178456014473,-5.739730518260666,-6.028578071486306,0
b2AR-decoy_536,CC1(C)CC(=O)C2=C(C1)OC(N)=C(C#N)C2C1C=CCCC1,-9.348,-7.621438011178515,-6.444246088469882,-6.07733694954279,-5.651315787273159,-5.237868893096184,-4.377070045242071,-4.219417845601447,-6.012730518260666,-6.251578071486307,0
b2AR-decoy_537,C=CCc1c(O)cc(O)c2c1OC(c1ccc(Cl)cc1)CC2=O,-8.465,-6.744438011178515,-6.974246088469881,-5.639336949542789,-4.799315787273159,-4.569868893096185,-4.30807004524207,-3.871417845601448,-5.649730518260666,-5.5055780714863065,0
b2AR-decoy_538,CN(C(=O)c1ccc(c2ccccc2O)s1)c1cccc(O)c1,-10.06,-7.669438011178515,-6.862246088469881,-6.41033694954279,-5.777315787273158,-5.0658688930961855,-4.642070045242072,-4.033417845601447,-6.086730518260666,-6.620578071486307,0
b2AR-decoy_539,Cc1ccc(c2[nH]ncc2C(=O)c2cccc(F)c2)c(O)c1,-9.057,-7.315438011178514,-6.920246088469881,-5.76333694954279,-5.429315787273158,-5.4088688930961855,-5.175070045242071,-4.697417845601446,-5.846730518260667,-6.450578071486307,0
b2AR-decoy_54,CC(C)(O)CCC[C@@H]1C[C@@H]2C[C@H]3[C@@H]4CCc5cc(O)ccc5[C@H]4CC[C@]3(C)[C@@]21O,-9.803,-8.802438011178515,-7.173246088469881,-7.777336949542789,-6.845315787273158,-6.041868893096185,-5.48107004524207,-5.229417845601446,-7.923730518260667,-7.097578071486307,0
b2AR-decoy_540,CCOC(=O)c1c(N)sc2c(OC)c(Br)ccc12,-7.036,-4.890438011178516,-4.466246088469881,-3.68333694954279,-3.0243157872731583,-2.781868893096185,-2.265070045242071,-1.872417845601447,-3.7947305182606663,-3.674578071486306,0
b2AR-decoy_541,COC(=O)c1sc2cc(c3ccc(C(C)=O)cc3)cnc2c1N,-8.007,-5.662438011178515,-5.1642460884698815,-3.71233694954279,-3.722315787273159,-3.7918688930961846,-4.159070045242071,-2.9184178456014465,-4.956730518260667,-4.634578071486307,0
b2AR-decoy_542,CC(C)(C)c1cc(c2nnc(O)s2)cc(C(C)(C)C)c1O,-8.246,-5.687438011178515,-6.0152460884698815,-4.72033694954279,-4.389315787273159,-3.510868893096185,-3.3270700452420714,-2.9664178456014465,-4.487730518260666,-4.697578071486307,0
b2AR-decoy_543,CC(=O)/C=C(\c1ccccc1)c1c(O)oc2ccc(O)cc2c1=O,-8.958,-6.900438011178515,-6.4832460884698815,-5.701336949542791,-5.736315787273158,-4.802868893096186,-4.602070045242071,-4.979417845601446,-5.782730518260667,-5.731578071486307,0
b2AR-decoy_544,CCOC(=O)c1sc2cc(c3ccc(F)cc3)oc(=O)c2c1N,-8.348,-6.409438011178516,-5.674246088469881,-4.9453369495427895,-4.531315787273159,-3.635868893096185,-4.283070045242072,-3.669417845601448,-5.515730518260666,-4.917578071486307,0
b2AR-decoy_545,Cc1ccc(C2C(C#N)=C(N)OC3=C2C(=O)CC(C)(C)C3)cc1,-8.828,-7.221438011178515,-6.43724608846988,-5.797336949542789,-5.320315787273158,-5.039868893096184,-4.669070045242071,-4.269417845601447,-5.590730518260667,-5.653578071486306,0
b2AR-decoy_546,CC(C)(C)c1ccc(C(=O)N/N=C/c2ccccc2O)cc1,-9.4,-7.598438011178516,-6.236246088469882,-5.90033694954279,-5.636315787273158,-5.1348688930961846,-3.980070045242071,-4.187417845601447,-5.813730518260666,-6.494578071486307,0
b2AR-decoy_547,O=C1/C(=C/c2cccc(Br)c2)Oc2cc(O)cc(O)c21,-8.59,-6.903438011178515,-6.146246088469882,-5.22833694954279,-5.586315787273158,-4.864868893096185,-3.8370700452420703,-3.751417845601447,-5.154730518260666,-5.442578071486306,0
b2AR-decoy_548,C=C1CC[C@H]2C(C)(C)CCC[C@]2(C)[C@H]1C[C@@H](O)C1=CC(=O)OC1O,-9.466,-7.698438011178515,-7.186246088469881,-5.8073369495427904,-5.390315787273158,-5.592868893096185,-4.860070045242072,-4.272417845601447,-6.475730518260667,-6.720578071486306,0
b2AR-decoy_549,CCc1ccc(c2[nH]nc3c2C(=O)c2c(NC(C)=O)cccc2-3)cc1,-10.197,-7.972438011178514,-7.598246088469882,-6.30533694954279,-6.277315787273158,-5.934868893096185,-5.77607004524207,-4.716417845601447,-6.598730518260666,-7.230578071486306,0
b2AR-decoy_55,O=c1cc(c2cccc(OC(F)(F)F)c2)oc(O)c1SCc1ccccc1,-9.921,-7.848438011178516,-7.019246088469881,-6.06133694954279,-5.653315787273158,-5.2678688930961854,-5.032070045242071,-4.351417845601446,-6.752730518260666,-7.328578071486307,0
b2AR-decoy_550,CCOC(=O)c1c(C)[nH]c(/C=C2/C(=O)Nc3ccccc32)c1C,-8.429,-7.361438011178516,-6.117246088469882,-5.28533694954279,-5.165315787273158,-4.703868893096185,-4.336070045242071,-3.699417845601447,-5.074730518260666,-5.643578071486306,0
b2AR-decoy_551,CCc1cc(O)c2c3c(c(O)cc2c1)C(=O)c1c(O)cccc1C3=O,-9.621,-7.779438011178515,-7.324246088469881,-6.371336949542791,-5.577315787273159,-5.350868893096184,-5.458070045242071,-4.427417845601447,-6.162730518260666,-6.336578071486306,0
b2AR-decoy_552,COc1cc2c(cc1NC=O)CC[C@@H]1[C@@H]2CC[C@]2(C)[C@@H](O)CC[C@@H]12,-10.019,-8.676438011178515,-7.5472460884698815,-6.546336949542789,-5.456315787273159,-5.514868893096185,-5.485070045242072,-4.851417845601446,-6.439730518260667,-7.377578071486306,0
b2AR-decoy_553,C[C@]12CC[C@@H]3c4cc([N+](=O)[O-])c(O)cc4CC[C@H]3[C@@H]1CC[C@@H]2O,-10.342,-8.482438011178516,-7.761246088469882,-6.710336949542789,-6.071315787273159,-6.091868893096185,-5.487070045242071,-5.683417845601447,-6.6447305182606655,-6.621578071486306,0
b2AR-decoy_554,CC(C)OC(=O)c1c(N)scc1c1ccc2c(c1)OCO2,-7.857,-5.598438011178515,-5.290246088469881,-4.23833694954279,-4.013315787273158,-3.5368688930961847,-2.970070045242071,-2.3414178456014465,-4.550730518260666,-4.503578071486307,0
b2AR-decoy_555,CC1(C)CCc2cc(C(=O)/C=C/c3ccc(O)cc3)c(O)cc2O1,-9.577,-7.630438011178516,-6.649246088469882,-6.127336949542789,-5.939315787273159,-5.1798688930961845,-4.012070045242071,-4.810417845601448,-6.712730518260667,-6.623578071486307,0
b2AR-decoy_556,N#CC1=C(N)S[C@@H](C(=O)c2ccc(F)cc2)[C@@H]1c1cccs1,-8.323,-6.406438011178516,-5.9672460884698815,-5.083336949542789,-4.997315787273159,-4.2998688930961855,-4.065070045242072,-3.4104178456014465,-5.3417305182606665,-5.661578071486307,0
b2AR-decoy_557,CNc1nnc(c2cc(c3ccc(F)cc3F)ccc2O)o1,-9.484,-8.017438011178514,-7.003246088469881,-6.64433694954279,-5.746315787273158,-5.611868893096185,-4.58707004524207,-4.132417845601447,-6.222730518260667,-6.724578071486306,0
b2AR-decoy_558,C/C(=N/O)c1c(O)c(C)c(c2ccccc2)n(c2ccccc2)c1=O,-8.332,-6.579438011178516,-6.759246088469881,-5.31733694954279,-5.004315787273159,-4.7598688930961846,-3.8980700452420702,-3.6124178456014473,-5.783730518260667,-4.632578071486306,0
b2AR-decoy_559,Cc1c(C(=O)N/N=C\c2ccccc2F)oc2cccc(O)c12,-9.331,-7.724438011178515,-6.724246088469881,-5.944336949542789,-5.815315787273159,-5.609868893096184,-4.867070045242071,-4.331417845601447,-6.238730518260667,-6.779578071486306,0
b2AR-decoy_56,Cc1cc(C)c(/C=C/[C@@H]2C[C@@H](O)CC(=O)O2)c(c2ccc(Cl)c(Cl)c2)c1,-9.972,-7.825438011178516,-7.946246088469881,-6.53933694954279,-6.503315787273159,-6.0228688930961845,-5.03907004524207,-5.023417845601447,-6.759730518260666,-6.384578071486306,0
b2AR-decoy_560,COc1cc2c(cc1O)-c1cc(O)c(OC)c(OC)c1C=CC2,-6.48,-4.589438011178515,-4.606246088469881,-3.3263369495427897,-3.0673157872731585,-2.590868893096185,-1.959070045242071,-1.8514178456014472,-3.510730518260666,-3.5775780714863066,0
b2AR-decoy_561,Cc1c(CO)c(CO)c2n1[C@H](c1ccccc1)SC2(C)C,-8.017,-5.955438011178515,-5.905246088469881,-4.373336949542789,-4.207315787273158,-3.574868893096185,-3.5640700452420706,-2.914417845601447,-4.660730518260666,-5.111578071486306,0
b2AR-decoy_562,COc1cc([C@@H]2c3cc(O)c(OC)cc3C[C@@H](C)[C@H]2C)ccc1O,-8.778,-7.455438011178515,-6.621246088469881,-5.720336949542789,-5.443315787273159,-4.931868893096185,-4.274070045242072,-3.706417845601447,-5.460730518260666,-5.622578071486307,0
b2AR-decoy_563,CC(C)(C)c1cccc(n2cc(C(=O)c3ccccc3N)nn2)c1,-9.904,-7.7814380111785155,-7.07824608846988,-7.02233694954279,-6.019315787273159,-5.839868893096185,-4.781070045242071,-4.691417845601446,-6.493730518260666,-6.071578071486307,0
b2AR-decoy_564,CC(C)[C@]1(O)C=C2C(=O)C=C3C(C)(C)[C@H](O)CC[C@@]3(C)[C@@H]2CC1,-11.07,-8.898438011178515,-7.45324608846988,-7.024336949542789,-7.0593157872731584,-5.8158688930961855,-4.99707004524207,-5.103417845601447,-6.810730518260666,-7.384578071486306,0
b2AR-decoy_565,CC(C)c1cc2c(cc1O)[C@@]1(C)CCCC(C)(C)[C@@H]1C(O)C2=O,-10.608,-8.562438011178514,-7.963246088469882,-6.200336949542789,-6.468315787273159,-6.014868893096185,-5.118070045242071,-5.067417845601447,-7.115730518260666,-6.2235780714863065,0
b2AR-decoy_566,Cc1c(C)c2c(c(C)c1N)CC(C)(CSc1ccncc1)O2,-8.013,-6.105438011178515,-6.032246088469881,-4.91533694954279,-4.697315787273158,-4.0818688930961855,-3.74107004524207,-3.552417845601447,-5.055730518260666,-5.2875780714863065,0
b2AR-decoy_567,Oc1[nH]nc(c2ccccc2)c1/C=N/c1ccc(Cl)cc1,-8.366,-6.780438011178514,-6.120246088469882,-5.438336949542789,-5.000315787273159,-4.103868893096184,-3.9940700452420703,-3.7824178456014472,-4.830730518260666,-5.737578071486306,0
b2AR-decoy_568,N#Cc1cc(c2ccc(O)c(F)c2)cc2ccc(O)c(F)c12,-9.105,-7.993438011178515,-7.1132460884698805,-5.889336949542789,-5.819315787273158,-4.949868893096184,-4.40107004524207,-4.207417845601446,-5.969730518260667,-5.484578071486306,0
b2AR-decoy_569,O/N=C/c1ccc(c2ccc(O)cc2)c(c2ccc(O)cc2)c1O,-7.627,-6.340438011178515,-5.577246088469881,-4.82733694954279,-4.186315787273158,-4.052868893096185,-3.002070045242071,-3.5204178456014468,-5.230730518260667,-5.220578071486306,0
b2AR-decoy_57,CN(C)c1ccc(c2nnc(c3c[nH]c4ccc(Br)cc43)s2)cc1,-8.471,-6.383438011178516,-5.935246088469881,-5.10933694954279,-4.945315787273158,-3.819868893096185,-4.070070045242071,-3.587417845601447,-5.463730518260666,-4.964578071486306,0
b2AR-decoy_570,O=c1c(c2cc(Cl)c(O)c(Cl)c2)coc2cc(O)ccc12,-8.65,-7.024438011178516,-6.186246088469881,-5.027336949542789,-5.505315787273158,-4.4298688930961845,-4.431070045242072,-3.5494178456014467,-5.595730518260666,-4.830578071486307,0
b2AR-decoy_571,O=C(/C=C/c1ccc(c2cc(F)c(F)c(F)c2)cc1Cl)NO,-9.302,-7.655438011178514,-6.64224608846988,-6.136336949542789,-5.506315787273158,-4.8478688930961855,-4.987070045242071,-4.034417845601446,-5.8577305182606665,-6.525578071486306,0
b2AR-decoy_572,C=C1C[C@@]23CC[C@H]4[C@@](C)(CCC[C@@]4(C)NC(C)=O)[C@@H]2CC[C@]1(O)C3,-10.378,-9.446438011178516,-8.31824608846988,-8.10133694954279,-6.842315787273158,-6.564868893096184,-4.931070045242072,-4.851417845601446,-6.774730518260666,-7.007578071486307,0
b2AR-decoy_573,Cc1cccc(Sc2cncc3sc(C(N)=O)cc23)c1,-8.092,-6.414438011178515,-6.1082460884698815,-5.252336949542789,-4.874315787273158,-4.370868893096185,-4.235070045242072,-3.266417845601447,-5.214730518260667,-5.122578071486307,0
b2AR-decoy_574,NC(=O)c1sc(Oc2ccccc2)c2c1CCc1cnsc1-2,-9.169,-6.892438011178514,-6.563246088469882,-5.26933694954279,-5.155315787273159,-4.278868893096185,-4.080070045242071,-3.797417845601446,-6.061730518260667,-6.017578071486307,0
b2AR-decoy_575,Nc1ccc(/C=C2\COc3ccc(Br)cc3C2=O)cc1,-9.158,-7.247438011178515,-6.207246088469882,-5.58733694954279,-5.166315787273158,-4.279868893096184,-4.076070045242071,-4.047417845601446,-5.239730518260666,-6.306578071486307,0
b2AR-decoy_576,N#Cc1c(N)c(C#N)c(c2ccc3c(c2)OCO3)c2c1CCCC2,-7.98,-5.442438011178515,-6.375246088469881,-4.421336949542789,-4.566315787273158,-3.979868893096184,-3.594070045242072,-3.406417845601447,-5.134730518260667,-4.874578071486306,0
b2AR-decoy_577,Cc1ccc2c(c1)CC(C(=O)Nc1ccc(c3cn[nH]c3)cc1)CO2,-9.034,-7.920438011178515,-6.752246088469882,-5.983336949542791,-5.127315787273158,-4.923868893096184,-5.518070045242071,-5.289417845601447,-6.555730518260667,-7.027578071486307,0
b2AR-decoy_578,O=C(Nc1cc(Cl)c(O)cc1O)C1(c2cccc(O)c2)CCC1,-8.786,-7.160438011178515,-6.550246088469882,-5.75033694954279,-5.317315787273158,-5.040868893096185,-4.098070045242071,-3.853417845601447,-6.032730518260667,-5.922578071486306,0
b2AR-decoy_579,COc1cc(O)c2cc(c3cc(OC)cc(O)c3C)oc2c1,-7.289,-6.084438011178516,-5.615246088469881,-4.88533694954279,-4.574315787273158,-3.805868893096185,-3.265070045242071,-2.749417845601447,-5.145730518260667,-4.202578071486307,0
b2AR-decoy_58,Brc1ccc(CSc2nnc(Cc3c[nH]c4ccccc34)o2)cc1,-9.351,-7.936438011178515,-7.258246088469882,-6.24333694954279,-5.726315787273158,-4.805868893096184,-5.126070045242072,-4.446417845601447,-6.088730518260666,-6.532578071486306,0
b2AR-decoy_580,O=c1[nH]c2cc(c3ccc(F)cc3)ccc2c(Br)c1O,-8.412,-7.598438011178516,-6.5972460884698805,-5.370336949542789,-5.027315787273158,-4.746868893096185,-4.034070045242071,-3.847417845601447,-5.446730518260667,-5.154578071486306,0
b2AR-decoy_581,Cc1cc(C)c2c(N)c(S(=O)(=O)Cc3ccccc3)sc2n1,-9.028,-6.952438011178515,-6.004246088469881,-5.6743369495427896,-4.899315787273158,-4.666868893096185,-3.618070045242071,-4.442417845601447,-5.636730518260666,-6.551578071486306,0
b2AR-decoy_582,CC(C)c1cc2c(cc1O)[C@@]13CCCC(C)(C)[C@@H]1[C@H](OC3=O)[C@@H]2O,-9.809,-7.817438011178515,-7.006246088469881,-6.04133694954279,-6.074315787273159,-5.514868893096185,-4.92707004524207,-4.695417845601448,-6.804730518260666,-6.778578071486306,0
b2AR-decoy_583,O=C(Nc1c(Cl)cccc1Cl)c1csc(c2cccnc2)n1,-8.975,-6.860438011178514,-6.040246088469881,-5.011336949542789,-5.418315787273158,-4.7998688930961855,-4.040070045242072,-3.613417845601447,-5.7647305182606665,-5.843578071486306,0
b2AR-decoy_584,CCOC(=O)c1c(CSc2ccc(C)cc2)oc2ccc(O)cc12,-8.997,-7.212438011178515,-6.0312460884698815,-5.26333694954279,-4.760315787273158,-4.443868893096184,-4.208070045242071,-3.525417845601448,-5.112730518260666,-6.156578071486306,0
b2AR-decoy_585,COc1ccc2cc(c3ccc(O)cc3)c(=O)oc2c1CCC(C)C,-8.729,-7.560438011178515,-6.36024608846988,-5.34933694954279,-4.442315787273159,-4.9938688930961845,-4.274070045242072,-4.023417845601447,-5.5147305182606665,-5.279578071486306,0
b2AR-decoy_586,O=C(Nc1ccc(OC(F)(F)F)cc1)Sc1ccc(Cl)s1,-8.053,-6.078438011178515,-5.830246088469881,-4.92833694954279,-4.997315787273159,-4.153868893096185,-3.400070045242071,-3.1744178456014467,-4.810730518260667,-4.890578071486306,0
b2AR-decoy_587,COc1c2occc2c(O)c(c2ccccc2)c1c1ccccc1,-8.254,-6.413438011178515,-6.886246088469882,-4.8203369495427895,-4.377315787273158,-4.2438688930961845,-3.7310700452420704,-3.1234178456014465,-5.489730518260666,-4.466578071486307,0
b2AR-decoy_588,COc1ccccc1c1ccc2c(c1)C(C(C)OC)=CC(C)(C)N2,-8.823,-6.9114380111785145,-6.620246088469882,-4.8603369495427895,-5.087315787273159,-4.691868893096185,-3.7470700452420704,-3.823417845601448,-5.282730518260666,-6.478578071486307,0
b2AR-decoy_589,CCCC[C@@]12CCC(=O)C(CC)=C1c1ccc3[nH]nc(F)c3c1C2,-9.608,-7.491438011178515,-6.668246088469882,-5.51033694954279,-5.811315787273159,-5.2068688930961855,-4.880070045242071,-3.8574178456014474,-6.239730518260666,-6.011578071486307,0
b2AR-decoy_59,N#C/C(=C\c1cccnc1)c1c[nH]c2ccc(OCc3ccccc3)cc12,-9.939,-7.719438011178514,-6.918246088469882,-6.12933694954279,-5.984315787273159,-5.9568688930961855,-5.093070045242071,-4.620417845601446,-6.672730518260666,-6.727578071486306,0
b2AR-decoy_590,Clc1ccc(c2csc(N/N=C/c3cccs3)n2)cc1,-8.498,-6.654438011178515,-5.707246088469881,-5.23833694954279,-4.470315787273158,-3.811868893096185,-3.337070045242071,-3.061417845601447,-4.733730518260666,-5.297578071486306,0
b2AR-decoy_591,COc1ccc(N/N=C2\C3=C(CCC(C)(C)O3)C(=O)c3ccccc32)cc1,-9.426,-7.796438011178514,-7.308246088469881,-5.80133694954279,-5.795315787273159,-5.357868893096185,-4.961070045242071,-4.420417845601447,-6.115730518260666,-6.095578071486306,0
b2AR-decoy_592,O=C(/C=C/c1ccc(F)cc1)c1cccc(Oc2cccc(O)c2)c1,-9.61,-8.531438011178516,-7.066246088469882,-6.4243369495427896,-6.201315787273158,-4.954868893096185,-5.364070045242071,-4.715417845601447,-6.653730518260666,-7.160578071486306,0
b2AR-decoy_593,CC(=O)c1ccc(Oc2ccc(O)c(C(C)(C)C)c2)c(Cl)c1,-8.707,-6.766438011178515,-5.934246088469881,-5.38533694954279,-4.595315787273158,-4.422868893096185,-3.9520700452420714,-4.122417845601447,-5.545730518260667,-6.068578071486307,0
b2AR-decoy_594,Cc1ccc(c2ccc3occ(c4ccc(C(C)O)cc4)c3c2)o1,-10.05,-7.533438011178514,-7.580246088469881,-6.24733694954279,-6.254315787273159,-5.6478688930961845,-5.080070045242071,-4.555417845601447,-6.787730518260666,-6.394578071486306,0
b2AR-decoy_595,CC(C)c1ccc(NC(=O)Oc2ccc3c(c2)[C@]2(C)CO[C@@H](C2)O3)cc1,-9.93,-7.806438011178516,-7.266246088469881,-5.81433694954279,-5.913315787273158,-5.324868893096184,-4.966070045242072,-5.019417845601447,-6.258730518260666,-7.147578071486306,0
b2AR-decoy_596,C=C[C@@]1(C)CC[C@H]2[C@](O)(CC[C@@H]3[C@]2(C)CCC[C@@]3(C)COC(C)=O)C1,-9.749,-8.259438011178515,-7.223246088469882,-7.18333694954279,-5.773315787273159,-5.991868893096184,-4.58407004524207,-4.332417845601446,-6.387730518260666,-6.890578071486306,0
b2AR-decoy_597,O=C(Nc1nccs1)c1cccc(c2ccc3ccccc3c2)c1,-11.475,-9.119438011178516,-7.928246088469882,-7.31433694954279,-6.646315787273158,-6.513868893096184,-5.395070045242072,-5.204417845601446,-6.993730518260666,-8.406578071486306,0
b2AR-decoy_598,CCC(C)Sc1nc(O)cc(Cc2ccc3ccccc3c2)n1,-9.392,-7.340438011178515,-6.696246088469881,-5.81733694954279,-5.396315787273158,-4.822868893096185,-4.488070045242072,-4.427417845601447,-5.6717305182606665,-6.818578071486307,0
b2AR-decoy_599,CC(=O)c1c(C)[nH]c(C(=O)CSc2c(C)c(C)cc(C)c2C)c1C,-8.752,-6.623438011178514,-6.132246088469881,-5.480336949542791,-5.186315787273159,-4.564868893096184,-3.967070045242071,-3.7824178456014472,-5.768730518260666,-5.361578071486306,0
b2AR-decoy_6,CCCSc1sc(c2cc[nH]n2)c2c1C(=O)CC(C)(C)C2,-7.841,-5.884438011178515,-5.798246088469881,-4.54533694954279,-4.129315787273159,-3.524868893096185,-3.2400700452420708,-2.8064178456014472,-4.783730518260667,-4.486578071486306,0
b2AR-decoy_60,O=C(Nc1nnc(c2ccc3c(c2)CCCC3)o1)c1ccc(Cl)cc1Cl,-10.764,-9.278438011178515,-7.758246088469882,-7.578336949542789,-6.933315787273159,-5.293868893096185,-5.583070045242071,-5.775417845601448,-6.6717305182606665,-8.232578071486307,0
b2AR-decoy_600,Cc1ccsc1/C=N/Nc1nc(Cl)c(Cl)cc1Cl,-7.837,-5.661438011178515,-5.236246088469882,-4.31933694954279,-3.804315787273159,-3.2498688930961848,-2.884070045242071,-2.5814178456014467,-4.384730518260667,-4.5825780714863065,0
b2AR-decoy_601,COc1c(CC=C(C)C)c(O)cc(O)c1c1oc2cc(O)ccc2c1C,-8.446,-6.899438011178516,-6.1722460884698815,-5.01333694954279,-5.189315787273159,-4.592868893096185,-4.463070045242072,-4.196417845601447,-5.227730518260667,-5.670578071486306,0
b2AR-decoy_602,C=C[C@]12CC[C@H]3[C@@](C)(CCC[C@@]3(C)C(=O)OCC)[C@@H]1CC[C@](C)(O)C2,-8.757,-7.255438011178516,-5.8982460884698815,-5.61933694954279,-5.127315787273158,-5.266868893096184,-3.504070045242071,-3.4454178456014466,-5.649730518260666,-5.198578071486306,0
b2AR-decoy_603,CC(C)(C)C1CCc2c(C(=O)N/N=C/c3cccs3)csc2C1,-8.919,-7.190438011178514,-6.3262460884698815,-5.80433694954279,-4.749315787273159,-4.398868893096184,-3.713070045242072,-3.3304178456014477,-5.601730518260666,-5.729578071486307,0
b2AR-decoy_604,CC(C)c1ccc(OCC(=O)Nc2ccccc2C(F)(F)F)cc1,-9.917,-6.784438011178516,-6.755246088469882,-5.764336949542789,-5.768315787273158,-4.778868893096185,-4.518070045242071,-3.7614178456014464,-6.088730518260666,-6.131578071486306,0
b2AR-decoy_605,CC1(C)CCc2cc(C(=O)/C=C/c3ccc(F)c(F)c3)c(O)cc2O1,-10.116,-8.383438011178516,-7.3262460884698815,-6.813336949542789,-6.040315787273158,-5.653868893096185,-4.71507004524207,-5.056417845601446,-7.060730518260666,-6.856578071486307,0
b2AR-decoy_606,CCNC(=O)OC1=C(c2ccc(C)cc2)Oc2ccccc2-n2cccc21,-7.79,-5.760438011178515,-4.931246088469881,-3.9143369495427898,-4.572315787273158,-3.2968688930961845,-2.137070045242071,-2.095417845601447,-4.283730518260667,-3.780578071486307,0
b2AR-decoy_607,CCCc1cc(F)c2oc(Cc3ccc(OC)cc3)c(C)c2c1O,-9.026,-7.085438011178516,-6.381246088469881,-5.80533694954279,-5.164315787273159,-4.731868893096184,-4.361070045242071,-3.754417845601447,-5.560730518260666,-6.164578071486307,0
b2AR-decoy_608,CCSc1nnc(c2cc(C(C)C)c(O)c(C(C)C)c2)s1,-7.533,-4.946438011178516,-4.938246088469882,-4.5173369495427895,-3.626315787273159,-3.305868893096185,-2.8910700452420715,-2.250417845601447,-4.437730518260667,-4.031578071486306,0
b2AR-decoy_609,C=C/C(C)=C/C[C@H]1C(=C)CC[C@H]2C(C)(C)[C@@H](OC(C)=O)[C@H](O)C[C@]12C,-8.991,-7.014438011178514,-6.06224608846988,-5.71833694954279,-5.452315787273159,-4.870868893096185,-4.894070045242071,-4.215417845601447,-6.311730518260667,-5.460578071486307,0
b2AR-decoy_61,CC1(C)C=Cc2c(ccc(C(=O)/C=C/c3ccc(Br)cc3)c2O)O1,-9.633,-7.760438011178515,-6.862246088469881,-6.12233694954279,-6.027315787273158,-5.341868893096185,-4.407070045242071,-4.445417845601448,-5.918730518260666,-6.405578071486307,0
b2AR-decoy_610,CCC(C)C(=O)c1c(O)cc2c3c1OC(C)(C)C1CCC(C)(CC31)O2,-9.141,-7.410438011178515,-7.005246088469882,-5.87533694954279,-5.162315787273158,-5.040868893096185,-4.378070045242071,-4.203417845601447,-6.344730518260667,-6.011578071486307,0
b2AR-decoy_611,Cc1c(C(=O)c2ccccc2)oc2cc(c3ccccc3)cc(O)c12,-10.455,-8.236438011178516,-7.961246088469881,-6.5783369495427895,-6.831315787273159,-5.980868893096185,-5.113070045242072,-4.799417845601447,-7.715730518260667,-7.796578071486307,0
b2AR-decoy_612,Cc1[nH]n(c2ccccc2)c(=O)c1N=Nc1ccc(Cl)cc1,-9.654,-7.495438011178516,-6.846246088469881,-5.864336949542789,-5.321315787273159,-5.075868893096185,-4.307070045242071,-3.968417845601447,-5.722730518260667,-6.509578071486306,0
b2AR-decoy_613,Cc1cc(=O)c(c2ccc(Oc3ccc(Cl)cc3)cc2)c(C)n1O,-8.906,-7.090438011178515,-6.43724608846988,-5.21833694954279,-5.013315787273159,-4.981868893096184,-4.41407004524207,-3.676417845601448,-5.225730518260667,-6.368578071486306,0
b2AR-decoy_614,N#Cc1ccc(Oc2ccc(c3ccccn3)cc2O)c(Cl)c1,-9.275,-7.147438011178515,-6.724246088469881,-5.249336949542791,-5.246315787273158,-4.755868893096185,-4.186070045242071,-3.826417845601448,-5.282730518260666,-6.150578071486306,0
b2AR-decoy_615,CC1(C)Oc2ccccc2C(=O)C1(Cl)SNc1ccccc1,-9.193,-7.723438011178516,-5.9432460884698814,-6.16333694954279,-5.467315787273158,-4.950868893096185,-4.674070045242072,-3.739417845601446,-6.393730518260666,-6.729578071486307,0
b2AR-decoy_616,O=S(=O)(Nc1cccs1)c1ccc(c2ccc(Cl)cc2)cc1,-8.06,-7.0974380111785145,-6.3422460884698815,-5.357336949542789,-4.665315787273158,-4.350868893096184,-4.072070045242072,-3.855417845601448,-5.336730518260667,-5.574578071486307,0
b2AR-decoy_617,CC(=O)Nc1ccc(/C=C/C(=O)c2ccc(C(C)(C)C)cc2)cc1,-9.36,-7.756438011178515,-6.789246088469881,-6.34333694954279,-5.609315787273159,-5.091868893096185,-4.28907004524207,-3.828417845601447,-6.129730518260667,-6.078578071486307,0
b2AR-decoy_618,Cc1ccc(c2cc(NC(=O)C(C)Oc3ccc(C)c(C)c3)on2)cc1,-10.554,-8.550438011178516,-7.482246088469882,-7.39133694954279,-5.706315787273159,-5.303868893096185,-5.35307004524207,-4.818417845601447,-6.566730518260666,-7.383578071486307,0
b2AR-decoy_619,Oc1cc(/C=C/c2ccc(Br)cc2)cc(n2ccnc2)c1,-9.002,-6.943438011178515,-6.215246088469881,-5.73833694954279,-4.962315787273159,-4.228868893096184,-4.00707004524207,-3.557417845601448,-5.475730518260667,-5.570578071486306,0
b2AR-decoy_62,O=P(Oc1ccccc1)(Oc1ccccc1)[C@@]1(O)c2ccccc2C[C@@H]1Cl,-9.559,-7.637438011178515,-7.096246088469881,-6.21833694954279,-5.872315787273159,-5.576868893096185,-5.18307004524207,-4.349417845601447,-6.443730518260667,-6.962578071486307,0
b2AR-decoy_620,Cc1[nH]c(C)c(c2ccc(/C=C/c3ccccn3)cc2)c(=O)c1Cl,-9.143,-7.376438011178514,-5.911246088469881,-5.94333694954279,-5.330315787273159,-4.682868893096185,-4.368070045242071,-4.093417845601447,-6.061730518260667,-5.972578071486307,0
b2AR-decoy_621,Cc1cc(C)c(S(=O)(=O)Nc2ccccc2c2ccccc2)c(C)c1,-9.353,-7.597438011178514,-6.87624608846988,-5.964336949542791,-6.177315787273159,-5.614868893096185,-4.803070045242071,-4.176417845601447,-6.465730518260667,-6.211578071486306,0
b2AR-decoy_622,Cc1ccc(C(C)C)c2cc(Cc3ccccc3O)c(=O)oc12,-9.323,-7.006438011178515,-7.695246088469881,-6.01633694954279,-5.556315787273158,-4.975868893096184,-4.392070045242072,-4.162417845601446,-6.080730518260667,-6.492578071486307,0
b2AR-decoy_623,C/C(=C\c1cccc(Cl)c1Cl)C(=O)c1c(C)cc(C)nc1O,-9.394,-7.247438011178515,-6.512246088469881,-5.74433694954279,-5.417315787273159,-4.791868893096185,-4.559070045242072,-3.985417845601447,-6.086730518260666,-6.5215780714863065,0
b2AR-decoy_624,COc1ccc(c2n[nH]c3c2Cc2sc(c4cccnc4)cc2-3)cc1,-10.17,-8.121438011178515,-7.635246088469881,-6.49433694954279,-5.710315787273158,-5.757868893096184,-5.094070045242072,-4.797417845601446,-6.330730518260667,-7.206578071486307,0
b2AR-decoy_625,COc1cc2c(cc1O)CC[C@@H]1[C@@H]2CC[C@@]2(C)[C@H]1CC[C@@H]2CC(C)=O,-9.481,-7.737438011178515,-6.991246088469881,-6.4323369495427904,-6.198315787273158,-5.393868893096185,-5.105070045242071,-5.301417845601447,-6.544730518260666,-6.151578071486307,0
b2AR-decoy_626,COc1ccc(c2ccc(/C=N/Nc3ccc(F)cc3)s2)cc1,-9.17,-7.019438011178515,-6.473246088469882,-6.00333694954279,-5.235315787273159,-4.807868893096185,-4.02607004524207,-3.704417845601446,-5.652730518260666,-5.976578071486307,0
b2AR-decoy_627,Clc1ccccc1CSc1nc2ncc(Br)cc2[nH]1,-8.637,-6.679438011178515,-5.901246088469882,-5.482336949542789,-4.786315787273159,-4.0018688930961845,-3.72507004524207,-3.2754178456014467,-4.955730518260666,-6.015578071486306,0
b2AR-decoy_628,COc1cc(/C(F)=C/c2cc(O)c3ccoc3c2)cc(OC)c1OC,-8.605,-6.5814380111785145,-6.013246088469881,-5.08533694954279,-5.031315787273158,-4.221868893096184,-4.104070045242072,-3.539417845601447,-5.137730518260667,-5.778578071486306,0
b2AR-decoy_629,N#C/C(=C\c1ccc(c2cccs2)s1)c1nc2ccccc2[nH]1,-9.452,-7.071438011178515,-6.73524608846988,-6.21533694954279,-5.701315787273158,-4.547868893096185,-4.684070045242072,-4.137417845601448,-5.620730518260666,-6.420578071486306,0
b2AR-decoy_63,CCCCc1ccc(C(=O)NN(C(=O)c2ccccc2Cl)C(C)(C)C)cc1,-8.563,-7.225438011178515,-5.895246088469881,-5.534336949542789,-4.873315787273159,-5.550868893096185,-3.694070045242072,-3.624417845601446,-5.669730518260666,-5.555578071486307,0
b2AR-decoy_630,CC(C)(C)c1ccccc1Oc1ncccc1Nc1nncs1,-8.654,-6.475438011178515,-6.337246088469881,-4.8443369495427895,-4.639315787273159,-4.624868893096185,-3.694070045242072,-3.1684178456014465,-5.345730518260666,-5.565578071486307,0
b2AR-decoy_631,CC(/C=C/c1ccccc1)=N/Nc1nc(c2ccccc2)cs1,-9.359,-7.548438011178515,-6.447246088469882,-5.486336949542789,-5.327315787273159,-4.387868893096185,-4.392070045242072,-3.957417845601446,-6.119730518260667,-6.458578071486306,0
b2AR-decoy_632,C=CCSc1nc(C)c(Cc2cccc3ccccc23)c(O)n1,-9.527,-7.114438011178516,-6.373246088469882,-5.168336949542789,-4.996315787273158,-5.027868893096185,-3.868070045242071,-3.746417845601448,-5.867730518260666,-5.964578071486306,0
b2AR-decoy_633,COc1ccc(/C=C/c2ccc3c(Br)ccc(O)c3n2)cc1,-8.853,-7.030438011178514,-6.168246088469882,-5.78533694954279,-5.288315787273158,-4.676868893096184,-4.297070045242071,-3.690417845601447,-5.368730518260666,-5.873578071486307,0
b2AR-decoy_634,CC(C)(C)c1ccc(/C=C/C(=O)Nc2cccc3cnccc23)cc1,-10.561,-8.589438011178515,-7.524246088469882,-7.037336949542789,-6.510315787273159,-5.635868893096184,-5.328070045242072,-4.638417845601447,-6.858730518260666,-7.1465780714863065,0
b2AR-decoy_635,CC(C)(C)Nc1oc(c2ccccc2)nc1C=Cc1ccccc1,-9.461,-7.524438011178516,-6.973246088469882,-5.675336949542789,-5.821315787273159,-4.923868893096184,-4.227070045242071,-3.7984178456014472,-5.875730518260667,-6.5825780714863065,0
b2AR-decoy_636,CC1(C)C=Cc2c(ccc(C(=O)/C=C/c3ccc(Cl)cc3)c2O)O1,-9.634,-8.060438011178515,-7.137246088469881,-6.137336949542791,-6.319315787273158,-5.537868893096185,-4.404070045242071,-4.365417845601447,-6.353730518260667,-6.538578071486306,0
b2AR-decoy_637,CC(C)(C)[C@H](C(=O)Nc1ncc(Cl)s1)c1ccc(Cl)cc1,-8.184,-6.912438011178516,-6.067246088469881,-5.73133694954279,-5.008315787273158,-4.045868893096185,-3.543070045242072,-3.209417845601447,-4.774730518260666,-5.078578071486307,0
b2AR-decoy_638,Fc1c(/N=N/Nc2cccc(C(F)(F)F)c2F)cccc1C(F)(F)F,-9.804,-7.776438011178515,-7.450246088469882,-6.627336949542789,-6.164315787273159,-5.592868893096185,-4.954070045242071,-4.576417845601448,-6.358730518260666,-6.629578071486307,0
b2AR-decoy_639,CCC(c1ccc(c2ccc(NC(=O)OC(C)(C)C)cc2)cc1)n1ccnc1,-7.995,-6.532438011178515,-5.520246088469881,-4.6023369495427895,-4.263315787273158,-3.5978688930961846,-3.461070045242071,-2.733417845601447,-4.476730518260666,-5.382578071486307,0
b2AR-decoy_64,Cc1cc(c2cc(Cl)cc(Cl)c2/C=C/[C@@H]2C[C@@H](O)CC(=O)O2)ccc1F,-9.695,-7.410438011178515,-7.71924608846988,-6.120336949542789,-5.944315787273158,-5.730868893096185,-4.908070045242072,-4.362417845601447,-6.053730518260666,-6.394578071486306,0
b2AR-decoy_640,Oc1ccc(/C=C/c2ccc(/C=C/c3cc(O)cc(O)c3)cc2)cc1,-9.37,-7.687438011178514,-6.580246088469881,-6.12933694954279,-6.151315787273159,-5.130868893096185,-4.843070045242071,-4.461417845601448,-6.800730518260666,-6.800578071486306,0
b2AR-decoy_641,Cc1cc(CO)ccc1c1c(C)cc2oc(=O)cc(c3ccccc3)c2c1C,-9.345,-6.554438011178515,-6.794246088469881,-5.803336949542789,-4.306315787273158,-5.170868893096184,-5.743070045242071,-4.776417845601447,-6.397730518260666,-5.901578071486307,0
b2AR-decoy_642,C/C(=N\Nc1nc2c(C)cccc2s1)c1ccc(Br)cc1,-9.5,-7.477438011178515,-6.541246088469881,-6.05133694954279,-5.445315787273158,-4.660868893096184,-4.506070045242071,-3.962417845601447,-5.917730518260667,-6.311578071486306,0
b2AR-decoy_643,Cc1ccc(C(C)C)c(NC(=O)Oc2ccc(C(C)(C)C)cc2)c1,-9.637,-7.412438011178516,-6.723246088469882,-5.710336949542789,-5.012315787273158,-4.976868893096185,-4.739070045242071,-4.157417845601447,-5.883730518260666,-5.760578071486307,0
b2AR-decoy_644,N#C/C(=C/c1ccc(O)cc1)c1nc(c2ccc(c3ccccc3)cc2)cs1,-9.715,-8.437438011178514,-6.811246088469881,-5.90733694954279,-5.371315787273158,-5.406868893096185,-4.883070045242072,-4.442417845601447,-5.697730518260666,-6.972578071486307,0
b2AR-decoy_645,CCCCCc1cc(NC(C)=O)c2c(c1)OC(C)(C)C1=C2CC(C)CC1,-9.745,-8.154438011178515,-7.58124608846988,-6.08133694954279,-6.173315787273159,-5.800868893096185,-5.131070045242071,-5.060417845601448,-6.442730518260666,-6.634578071486306,0
b2AR-decoy_646,Cc1cc(C)cc(NC(=O)c2coc(c3ccc(OC(F)(F)F)cc3)n2)c1,-10.438,-7.969438011178514,-7.607246088469882,-6.778336949542791,-5.759315787273158,-5.078868893096185,-5.534070045242071,-4.353417845601447,-6.208730518260666,-6.837578071486307,0
b2AR-decoy_647,Cc1ccc(/C=C/C(=N\NC(=O)c2cccs2)c2ccc(Cl)cc2)cc1,-9.607,-8.195438011178515,-7.2012460884698815,-6.81733694954279,-6.171315787273159,-5.310868893096185,-4.887070045242071,-4.112417845601447,-6.001730518260667,-7.050578071486306,0
b2AR-decoy_648,Cc1ccc(C(C)C)c(OCCn2c(=S)[nH]c3c(Cl)cccc32)c1,-8.79,-6.829438011178516,-6.5922460884698815,-5.59933694954279,-4.904315787273159,-4.648868893096184,-4.480070045242071,-3.676417845601448,-6.244730518260667,-5.651578071486307,0
b2AR-decoy_649,CCOC(=O)c1oc2cc(c3ccc(Br)cc3)cc(O)c2c1C,-7.747,-6.752438011178516,-5.413246088469881,-4.38733694954279,-4.564315787273158,-4.8638688930961855,-3.736070045242071,-2.779417845601447,-6.074730518260667,-4.826578071486306,0
b2AR-decoy_65,CC(C)=CCC[C@H](C)[C@H]1CC[C@]2(C)C[C@H]3[C@H](C(=O)C[C@@]3(C)O)C(C=O)=CC[C@@H]12,-7.283,-6.276438011178515,-5.082246088469881,-4.49733694954279,-3.802315787273159,-3.436868893096185,-2.8090700452420707,-2.5204178456014468,-5.047730518260666,-4.067578071486307,0
b2AR-decoy_650,COc1ccc(c2cc(C3(C)CCc4c(C)c(O)c(C)c(C)c4O3)on2)cc1,-9.252,-8.316438011178516,-7.196246088469881,-6.889336949542789,-5.514315787273159,-5.266868893096184,-4.403070045242071,-4.643417845601446,-6.831730518260667,-6.751578071486307,0
b2AR-decoy_651,CC(=O)O[C@H]1CC[C@@]2(C)[C@@H](CC=C3[C@@H]2CC[C@@]2(C)[C@H]3CC[C@@H]2[C@H](C)CO)C1,-9.759,-8.236438011178516,-7.058246088469881,-6.95233694954279,-6.497315787273159,-6.093868893096184,-5.16707004524207,-4.633417845601446,-6.722730518260667,-5.959578071486307,0
b2AR-decoy_652,N#Cc1c(c2ccccc2)cc2[nH]nc(c3ccccc3)c2c1c1ccccc1,-8.473,-6.851438011178516,-6.462246088469881,-5.80133694954279,-5.167315787273159,-4.591868893096185,-2.9840700452420714,-3.778417845601448,-6.775730518260666,-5.792578071486307,0
b2AR-decoy_653,CC(C)(C)c1cnc(CSc2cnc(NC(=O)C3CCCCC3)s2)o1,-9.033,-6.883438011178516,-6.042246088469882,-5.099336949542789,-4.404315787273158,-4.300868893096185,-3.9010700452420703,-3.675417845601446,-5.464730518260666,-5.908578071486307,0
b2AR-decoy_654,Oc1nnc(c2ccccc2)c(c2ccccc2)c1c1ccccc1,-8.996,-6.271438011178516,-6.455246088469881,-4.817336949542789,-4.189315787273158,-4.391868893096184,-4.628070045242071,-3.4664178456014465,-5.563730518260666,-5.034578071486306,0
b2AR-decoy_655,Cc1ncnc(C)c1c1ccc(Oc2nccc3[nH]ccc23)cc1Cl,-8.679,-6.749438011178516,-6.337246088469881,-5.03433694954279,-4.834315787273159,-4.827868893096184,-3.544070045242071,-3.4404178456014467,-5.766730518260667,-5.440578071486307,0
b2AR-decoy_656,C=CCOc1ccc2c(c1)Oc1ccccc1C(CC)=C2c1ccc(O)cc1,-7.196,-4.445438011178515,-4.290246088469881,-3.61233694954279,-2.310315787273159,-3.151868893096185,-0.9690700452420709,-1.8474178456014467,-4.444730518260666,-2.839578071486306,0
b2AR-decoy_657,CC(C)(C)c1cc(C(=O)/C=C/c2ccc3c(c2)CCO3)cc(C(C)(C)C)c1O,-9.923,-7.471438011178515,-7.3262460884698815,-6.12233694954279,-5.968315787273159,-5.008868893096185,-4.841070045242072,-4.483417845601446,-6.412730518260666,-6.528578071486306,0
b2AR-decoy_658,C/C(=N\Nc1csc(c2ccc3c(c2)CCC3)n1)c1ccccc1,-10.116,-8.498438011178514,-7.518246088469882,-6.467336949542791,-6.324315787273159,-5.5098688930961846,-5.027070045242072,-4.842417845601446,-6.972730518260667,-7.446578071486307,0
b2AR-decoy_659,CC1=CC[C@@H]2[C@@H](C1)c1c(O)cc(C(C)(C)CCCCC#N)cc1OC2(C)C,-9.282,-6.583438011178515,-6.7972460884698815,-5.373336949542789,-4.962315787273159,-5.269868893096184,-5.015070045242071,-3.707417845601446,-6.047730518260666,-5.705578071486306,0
b2AR-decoy_66,CC(C)(C)[C@H](C(=O)Nc1ncc(Br)s1)c1ccc(Cl)cc1,-8.378,-6.946438011178515,-6.010246088469882,-5.36633694954279,-4.754315787273159,-4.265868893096185,-3.5270700452420707,-3.233417845601447,-4.731730518260666,-4.996578071486306,0
b2AR-decoy_660,CC(=O)Oc1c(C(C)C)c(C(C)C)c(O)c(c2ccc(F)cc2)c1C(C)C,-7.976,-5.780438011178515,-5.820246088469881,-4.48133694954279,-3.451315787273159,-3.579868893096185,-2.5740700452420717,-2.985417845601446,-5.417730518260667,-2.8005780714863064,0
b2AR-decoy_661,O/N=C(\COc1ccc2ccccc2c1)c1ccc(c2ccccc2)cc1,-10.804,-9.354438011178516,-8.16424608846988,-7.43633694954279,-6.734315787273159,-5.946868893096184,-5.94307004524207,-5.850417845601447,-7.459730518260667,-8.293578071486307,0
b2AR-decoy_662,Clc1cccc(Cl)c1/C=N/Nc1c(Cl)cncc1Cl,-7.863,-5.665438011178515,-5.852246088469881,-4.33133694954279,-4.310315787273159,-3.720868893096185,-2.863070045242071,-2.9394178456014477,-4.456730518260667,-4.471578071486307,0
b2AR-decoy_663,CC(C(=O)N/N=C/c1c(F)cccc1F)c1ccc(c2ccccc2)c(F)c1,-11.189,-9.393438011178516,-7.585246088469882,-7.255336949542789,-6.741315787273159,-6.415868893096185,-5.63207004524207,-5.111417845601446,-7.476730518260666,-8.450578071486307,0
b2AR-decoy_664,Cc1cc2oc(=O)cc(c3ccccc3)c2c(C)c1c1ccc(CO)cc1,-9.25,-6.378438011178515,-7.377246088469882,-5.64533694954279,-5.162315787273158,-4.808868893096184,-5.94907004524207,-4.587417845601447,-6.459730518260667,-5.828578071486307,0
b2AR-decoy_665,CC1(C)CC(=O)c2c(SCCc3ccccc3)sc(c3cc[nH]n3)c2C1,-9.438,-8.254438011178515,-7.413246088469881,-6.19233694954279,-6.046315787273159,-5.221868893096184,-4.708070045242071,-4.786417845601447,-6.164730518260667,-7.070578071486306,0
b2AR-decoy_666,Cc1c(OCc2cccc3ccccc23)ccc2c(O)cc(=S)oc12,-10.079,-8.596438011178515,-7.496246088469881,-7.06733694954279,-6.121315787273158,-5.911868893096186,-5.333070045242071,-4.678417845601446,-6.680730518260667,-8.128578071486306,0
b2AR-decoy_667,Oc1ccc(/C=C/c2cc(O)cc(/C=C/c3ccc(O)cc3)c2)cc1,-9.397,-7.927438011178514,-7.023246088469881,-4.94033694954279,-6.368315787273158,-5.210868893096185,-4.671070045242072,-4.358417845601446,-6.717730518260666,-6.947578071486307,0
b2AR-decoy_668,Clc1ccc(c2csc(N/N=C/c3ccc(n4ccnc4)cc3)n2)cc1,-9.681,-7.782438011178515,-6.810246088469881,-6.223336949542789,-5.408315787273159,-4.683868893096184,-4.724070045242071,-4.102417845601448,-6.069730518260666,-6.337578071486307,0
b2AR-decoy_669,CC(C)(C)c1cc(/C=[N+](\[O-])Cc2ccccc2)cc(C(C)(C)C)c1O,-8.383,-6.546438011178514,-6.519246088469881,-4.80633694954279,-4.744315787273158,-4.199868893096184,-3.1410700452420715,-3.941417845601446,-5.3417305182606665,-5.232578071486307,0
b2AR-decoy_67,C/C(=N\Nc1nc(c2ccc(Cl)cc2)cs1)c1ccc(Cl)c(Cl)c1,-9.809,-8.039438011178515,-7.1562460884698815,-6.48733694954279,-5.393315787273158,-5.139868893096185,-4.549070045242072,-4.563417845601446,-6.125730518260667,-6.337578071486307,0
b2AR-decoy_670,CC1=CCC[C@@H]2[C@]1(C)CC[C@H](C)[C@@]2(C)Cc1cc(N2CCCC2=O)ccc1O,-10.523,-9.022438011178515,-7.931246088469882,-7.169336949542791,-6.807315787273158,-6.572868893096185,-6.30807004524207,-5.507417845601447,-8.319730518260666,-7.934578071486307,0
b2AR-decoy_671,CSc1nc2cc(Cl)c(Oc3cccc(Cl)c3Cl)cc2[nH]1,-8.597,-6.657438011178515,-5.956246088469881,-5.12133694954279,-5.088315787273158,-4.059868893096184,-3.902070045242072,-3.4554178456014477,-5.170730518260666,-5.431578071486307,0
b2AR-decoy_672,CCCCN(C(=O)C1=COc2cc(O)c(C(C)(C)C)cc2O1)c1ccccc1,-9.179,-6.951438011178516,-6.454246088469882,-5.313336949542789,-5.116315787273159,-5.203868893096185,-3.923070045242071,-4.021417845601446,-6.266730518260667,-5.653578071486306,0
b2AR-decoy_673,Cc1cccc(C)c1Nc1nnc(SCc2cn3cccc(C)c3n2)s1,-10.137,-8.133438011178516,-7.571246088469881,-5.886336949542789,-6.296315787273159,-5.560868893096185,-5.078070045242072,-4.790417845601446,-6.4667305182606665,-7.1785780714863066,0
b2AR-decoy_674,C(=C/c1n[nH]c2cc(c3ccncc3)ccc12)\c1ccc2ccccc2c1,-11.14,-9.433438011178517,-8.14824608846988,-7.45233694954279,-7.274315787273158,-6.209868893096184,-6.224070045242071,-5.981417845601447,-7.929730518260666,-8.567578071486306,0
b2AR-decoy_675,Oc1cccc(c2cc(c3cccc(O)c3)c(c3cccc(O)c3)s2)c1,-9.692,-7.849438011178515,-6.995246088469882,-6.422336949542789,-6.188315787273158,-6.071868893096184,-4.435070045242071,-4.837417845601447,-6.302730518260667,-6.320578071486306,0
b2AR-decoy_676,CC(C)=CCC/C(C)=C/Cc1c(O)cc2oc3c(O)cccc3c(=O)c2c1O,-10.012,-7.841438011178516,-6.685246088469881,-6.573336949542791,-6.304315787273158,-5.3318688930961855,-4.637070045242071,-4.367417845601446,-6.539730518260667,-6.7555780714863065,0
b2AR-decoy_677,C/C1=C\CC(C)(C)C[C@@H](OC(=O)/C=C/c2ccc(O)cc2)C/C(C)=C/CC1,-6.765,-5.030438011178515,-4.503246088469881,-3.5993369495427894,-3.1983157872731587,-3.0838688930961844,-2.805070045242071,-2.638417845601447,-3.9347305182606656,-3.891578071486306,0
b2AR-decoy_678,COc1ccc2cc(C(=O)/C=C/c3ccc4[nH]ccc4c3)ccc2c1,-10.442,-8.065438011178514,-7.240246088469881,-6.18333694954279,-6.032315787273159,-5.502868893096185,-5.086070045242071,-4.698417845601448,-6.592730518260666,-7.104578071486307,0
b2AR-decoy_679,COc1ccc(c2onc(C(F)(F)F)c2c2cc3ccccc3o2)c(O)c1,-9.682,-7.421438011178514,-7.166246088469881,-6.0493369495427896,-6.088315787273158,-5.3798688930961855,-4.30207004524207,-4.822417845601446,-6.3787305182606655,-6.543578071486307,0
b2AR-decoy_68,Cc1ccc(C(C)C)c(OC(=O)Nc2ccc(I)cc2)c1,-8.507,-6.744438011178515,-6.216246088469882,-5.181336949542789,-4.659315787273158,-4.057868893096185,-3.6990700452420704,-3.5064178456014474,-5.1077305182606665,-5.682578071486306,0
b2AR-decoy_680,Cc1cc(C)cc(NC(=O)c2cnc(c3ccc(OC(F)(F)F)cc3)o2)c1,-10.342,-8.394438011178515,-7.821246088469881,-7.204336949542789,-6.146315787273158,-4.991868893096184,-5.111070045242071,-5.081417845601447,-6.4267305182606655,-7.150578071486306,0
b2AR-decoy_681,CCOc1ccc(c2onc(C(F)(F)F)c2c2ccc(OC)cc2)c(O)c1,-8.447,-6.555438011178515,-6.1452460884698805,-5.399336949542789,-4.938315787273158,-4.274868893096185,-3.678070045242072,-3.2904178456014472,-5.262730518260667,-5.241578071486307,0
b2AR-decoy_682,C[C@]12CC[C@@H]3[C@H]4CC/C(=N\OCc5ccccc5)C=C4CC[C@H]3[C@@H]1CC[C@@H]2O,-11.788,-9.710438011178516,-8.72824608846988,-7.31533694954279,-7.583315787273158,-7.199868893096184,-6.601070045242071,-6.138417845601447,-7.825730518260666,-7.903578071486306,0
b2AR-decoy_683,COc1ccc2c(c1)OC(C)(C)C/C2=C(\c1ccccc1)c1ccc(O)cc1,-9.491,-7.294438011178515,-7.669246088469881,-6.0173369495427895,-5.840315787273159,-5.691868893096185,-4.780070045242072,-4.831417845601447,-6.287730518260666,-5.594578071486307,0
b2AR-decoy_684,COc1cc(c2ccc3c(c2)/C(=C/c2c[nH]c4ccccc24)C(=O)N3)ccc1O,-10.341,-9.314438011178517,-8.352246088469881,-7.015336949542789,-7.951315787273158,-6.000868893096184,-5.662070045242071,-5.322417845601446,-7.724730518260666,-7.298578071486306,0
b2AR-decoy_685,Cc1ccc(C(C)C)c(OC(=O)Nc2ccc(C(C)(C)C)cc2)c1,-9.161,-7.494438011178515,-6.790246088469882,-5.96533694954279,-5.060315787273158,-4.927868893096186,-4.27607004524207,-4.113417845601447,-5.882730518260667,-6.705578071486306,0
b2AR-decoy_686,CCCC/C=C\C1(c2cc(O)c3c(c2)OC(C)(C)[C@@H]2CCC(=O)C[C@@H]32)CCC1,-9.583,-7.591438011178516,-7.210246088469882,-5.94933694954279,-5.292315787273159,-5.641868893096184,-5.184070045242072,-4.479417845601446,-6.2697305182606655,-6.261578071486307,0
b2AR-decoy_687,CCCOC1Oc2ccc(Cl)cc2-c2ccc3c(c21)C(C)=CC(C)(C)N3,-9.583,-7.710438011178516,-7.223246088469882,-6.063336949542789,-5.228315787273159,-5.702868893096184,-4.352070045242071,-4.293417845601447,-6.396730518260666,-6.322578071486307,0
b2AR-decoy_688,CC(C)c1ccccc1Sc1c(O)cc(c2cccc(N(C)C)c2)oc1=O,-8.728,-7.558438011178515,-6.242246088469882,-5.77233694954279,-5.418315787273158,-4.733868893096185,-4.049070045242072,-3.638417845601447,-5.925730518260666,-6.604578071486307,0
b2AR-decoy_689,C/C=C1\CC[C@H]2[C@@H]3CCc4cc(NC=O)c(OC)cc4[C@H]3CC[C@]12C,-11.057,-8.233438011178515,-6.823246088469881,-6.49433694954279,-5.636315787273158,-5.322868893096185,-6.162070045242071,-4.282417845601447,-6.959730518260667,-6.647578071486306,0
b2AR-decoy_69,Cc1[nH]c(C)c(c2ccc(Oc3ccc(F)cc3)cc2)c(=O)c1Br,-9.207,-7.981438011178515,-6.369246088469881,-6.02533694954279,-4.842315787273158,-4.8048688930961845,-4.931070045242072,-3.598417845601446,-5.505730518260666,-6.474578071486306,0
b2AR-decoy_690,CCOc1ccc(c2oc3c(ccc4ccccc43)c(=O)c2O)cc1OCC,-9.447,-7.474438011178515,-6.755246088469882,-6.152336949542789,-6.020315787273159,-5.290868893096185,-4.316070045242071,-4.045417845601447,-5.990730518260666,-6.3325780714863065,0
b2AR-decoy_691,Cc1ccc(C)c(c2ccc(Cl)c(Cl)c2)c1/C=C/[C@@H]1C[C@@H](O)CC(=O)O1,-9.925,-7.740438011178515,-7.396246088469882,-5.63233694954279,-6.060315787273158,-6.039868893096184,-5.101070045242071,-4.362417845601447,-6.138730518260667,-5.728578071486307,0
b2AR-decoy_692,O=C(NC(=O)c1c(Cl)cccc1Cl)OCc1ccc(c2ccccc2F)o1,-10.324,-8.318438011178515,-7.52024608846988,-6.24433694954279,-5.685315787273158,-5.962868893096184,-5.387070045242071,-5.249417845601446,-6.435730518260666,-7.336578071486306,0
b2AR-decoy_693,CC(C)=CCc1cc(c2coc3c(CC=C(C)C)c(O)cc(O)c3c2=O)ccc1O,-9.398,-7.566438011178516,-7.002246088469882,-6.22433694954279,-5.534315787273158,-4.8478688930961855,-4.954070045242071,-4.281417845601446,-6.522730518260666,-6.176578071486306,0
b2AR-decoy_694,CC(C)CC(=O)c1c(O)c2c(c3c1oc(=O)cc3c1ccccc1)OC(C)(C)C=C2,-8.947,-7.119438011178515,-6.829246088469882,-6.11833694954279,-5.161315787273159,-5.296868893096185,-3.563070045242071,-4.382417845601447,-5.919730518260666,-5.881578071486306,0
b2AR-decoy_695,C=C1/C(=C\C=C2/CCC[C@@]3(C)[C@H]2CC[C@@H]3C(C)(C)CC)C[C@@H](O)/C(=C\CCO)[C@@H]1O,-9.564,-7.617438011178516,-6.632246088469881,-6.82733694954279,-5.386315787273158,-5.360868893096185,-4.339070045242071,-4.332417845601446,-6.6557305182606665,-6.579578071486306,0
b2AR-decoy_696,Clc1ccc(c2csc(N/N=C/c3ccc(Br)cc3)n2)cc1,-9.335,-7.3904380111785155,-6.389246088469882,-5.998336949542789,-5.148315787273159,-4.330868893096184,-3.982070045242072,-3.736417845601446,-5.510730518260667,-5.981578071486307,0
b2AR-decoy_697,Cc1[nH]c(C)c(c2ccc(Oc3ccc(Cl)cc3)cc2)c(=O)c1Br,-9.082,-6.9884380111785145,-6.351246088469882,-5.80533694954279,-5.554315787273158,-4.694868893096185,-4.796070045242072,-3.550417845601446,-5.2087305182606665,-6.405578071486307,0
b2AR-decoy_698,Cc1cc(C)c(/C=N/NC(=O)C(C)c2ccc(c3ccccc3)c(F)c2)c(C)c1,-11.744,-9.909438011178516,-8.351246088469882,-7.642336949542789,-7.033315787273159,-6.217868893096185,-6.220070045242071,-5.694417845601446,-7.382730518260667,-8.338578071486307,0
b2AR-decoy_699,COc1ccc(C2COc3c(ccc4c3C=CC(C)(CCC=C(C)C)O4)C2)c(O)c1,-9.456,-8.329438011178516,-6.743246088469881,-6.28633694954279,-5.232315787273159,-5.6348688930961846,-4.540070045242072,-4.976417845601446,-6.283730518260667,-6.959578071486307,0
b2AR-decoy_7,C/C(=C\c1ccc(C(C)(C)C)cc1)C(=O)Nc1ccc2c(c1)OCCO2,-10.716,-8.905438011178514,-7.276246088469881,-7.26633694954279,-6.788315787273158,-5.728868893096184,-4.77607004524207,-4.812417845601447,-6.726730518260666,-7.568578071486307,0
b2AR-decoy_70,Cc1cc(C2=C(/C=C/C3CC(O)CC(=O)O3)C(C)(C)CC(C)(C)C2)ccc1F,-10.419,-8.023438011178515,-7.752246088469882,-7.00633694954279,-6.134315787273158,-5.682868893096185,-4.795070045242071,-4.893417845601446,-7.594730518260667,-6.753578071486306,0
b2AR-decoy_700,CC(=O)N1N=C(c2ccccc2O)CC1c1ccc(c2ccc(Cl)c(Cl)c2)o1,-10.81,-9.168438011178516,-8.460246088469882,-7.22433694954279,-6.839315787273158,-6.558868893096184,-6.24107004524207,-5.762417845601448,-7.273730518260667,-8.196578071486307,0
b2AR-decoy_701,Clc1ccc(/C(Cn2ccnc2)=N/Nc2c(Cl)cccc2Cl)s1,-8.322,-6.373438011178514,-6.0392460884698815,-5.22533694954279,-4.735315787273159,-3.923868893096185,-3.412070045242072,-3.109417845601447,-5.089730518260667,-5.169578071486306,0
b2AR-decoy_702,Brc1ccc(c2csc(N/N=C/c3ccc(n4ccnc4)cc3)n2)cc1,-9.513,-7.644438011178515,-6.5812460884698805,-6.17333694954279,-5.313315787273158,-4.446868893096184,-4.704070045242071,-3.880417845601446,-5.898730518260667,-6.274578071486307,0
b2AR-decoy_703,Cc1[nH]c(C)c(c2ccc(Oc3cccc(C(F)(F)F)c3)cc2)c(=O)c1Cl,-10.339,-7.459438011178515,-6.7812460884698815,-6.345336949542789,-5.848315787273158,-5.345868893096185,-5.281070045242071,-4.655417845601447,-7.134730518260666,-6.408578071486307,0
b2AR-decoy_704,COc1c(Cl)cc(c2ccc(C(=O)c3cccc(O)c3)s2)cc1Cl,-9.018,-7.354438011178516,-5.806246088469881,-5.249336949542791,-5.040315787273158,-4.100868893096184,-4.43307004524207,-3.770417845601447,-5.822730518260666,-5.795578071486306,0
b2AR-decoy_705,CCC1(CC)Oc2cc(OC)ccc2[C@@H](c2ccc(O)cc2)[C@H]1c1ccccc1,-8.822,-6.994438011178515,-6.936246088469881,-5.66633694954279,-4.961315787273158,-4.806868893096185,-3.21307004524207,-4.236417845601446,-5.465730518260667,-5.589578071486306,0
b2AR-decoy_706,Cc1ccc(N=Nc2ccc(O)c(P(=O)(c3ccccc3)c3ccccc3)c2)cc1,-10.296,-7.6084380111785155,-7.950246088469882,-6.749336949542791,-6.964315787273158,-6.151868893096184,-4.787070045242071,-4.729417845601446,-6.695730518260666,-6.493578071486306,0
b2AR-decoy_707,Oc1cccc2ccc(/C=C/c3ccc(c4cccc(Br)c4)o3)nc12,-10.941,-8.556438011178516,-8.262246088469881,-6.906336949542789,-6.932315787273158,-6.966868893096185,-6.501070045242072,-5.494417845601447,-7.093730518260667,-7.569578071486307,0
b2AR-decoy_708,[C-]#[N+]c1ccc(COc2c(C3CCC3)ccc(c3cnc4c(c3)OCCN4)c2F)cc1,-9.735,-7.259438011178515,-7.431246088469882,-6.21233694954279,-5.943315787273159,-5.025868893096185,-4.643070045242071,-5.202417845601447,-6.185730518260666,-6.436578071486306,0
b2AR-decoy_709,COC(=O)CC[C@@H](C)[C@H]1CC[C@H]2[C@@H]3CC[C@@H]4C[C@H](O)CC[C@]4(C)[C@H]3CC[C@@]21C,-9.929,-8.363438011178514,-7.1722460884698815,-6.44933694954279,-5.310315787273158,-6.090868893096184,-4.836070045242071,-5.151417845601447,-6.631730518260666,-5.837578071486307,0
b2AR-decoy_71,CC1(C)C=Cc2c(ccc(C(=O)/C=C/c3ccc4ccoc4c3)c2O)O1,-9.969,-8.929438011178515,-7.655246088469882,-6.652336949542789,-6.866315787273159,-6.196868893096184,-5.168070045242072,-4.983417845601446,-6.695730518260666,-6.860578071486307,0
b2AR-decoy_710,COC(=N)/C(=C1\OC(=N)C(c2ccc(Cl)cc2)=C1O)c1ccc(Cl)cc1,-8.958,-7.232438011178516,-7.027246088469882,-5.9533369495427895,-5.568315787273159,-5.132868893096184,-4.660070045242071,-4.356417845601447,-6.059730518260666,-6.106578071486307,0
b2AR-decoy_711,COc1cc(/C=C2\CCC/C(=C\c3ccccc3C(F)(F)F)C2=O)ccc1O,-10.922,-8.245438011178516,-7.776246088469881,-6.87233694954279,-6.443315787273159,-6.077868893096184,-5.871070045242071,-5.190417845601447,-7.261730518260666,-7.202578071486306,0
b2AR-decoy_712,C=CC(C)(C)c1ccc(O)c([C@@H]2CC(=O)c3c(O)cc(O)c(CC=C(C)C)c3O2)c1,-10.042,-7.457438011178516,-6.981246088469881,-6.508336949542789,-5.640315787273158,-5.506868893096184,-4.275070045242071,-4.861417845601446,-6.204730518260666,-6.406578071486306,0
b2AR-decoy_713,COc1c(c2ccccc2)cc(OC)c2c1oc1c3c(c(O)cc12)OC(C)(C)C=C3,-8.531,-6.366438011178515,-7.034246088469882,-5.62233694954279,-5.100315787273159,-4.382868893096184,-3.225070045242071,-3.480417845601448,-6.038730518260666,-5.631578071486306,0
b2AR-decoy_714,C=C(C)C1CCC(COc2ccc(/C=C3\SC(=O)NC3=O)cc2Cl)CC1,-9.346,-7.886438011178516,-6.614246088469882,-6.261336949542789,-5.427315787273159,-4.872868893096184,-4.92707004524207,-4.468417845601447,-6.180730518260667,-6.459578071486307,0
b2AR-decoy_715,CCC(=O)C1=C(CC)NC2=C(C(=O)CC(C)(C)C2)C1c1ccc(c2ccccc2)cc1,-11.112,-8.600438011178515,-8.389246088469882,-6.92933694954279,-6.900315787273158,-6.567868893096184,-5.557070045242071,-5.802417845601447,-6.9507305182606665,-8.291578071486306,0
b2AR-decoy_716,COC(=O)/C=C/CC1Oc2cccc(OC)c2-c2ccc3c(c21)C(C)=CC(C)(C)N3,-9.288,-6.821438011178515,-7.170246088469881,-5.326336949542791,-5.368315787273158,-5.694868893096185,-3.992070045242072,-4.304417845601448,-5.970730518260666,-5.742578071486307,0
b2AR-decoy_717,CC(C)=CCc1cc(C2CC(=O)c3c(O)cc(O)cc3O2)cc(CC=C(C)C)c1O,-9.116,-7.454438011178516,-7.141246088469881,-6.264336949542789,-5.534315787273158,-5.006868893096184,-4.52307004524207,-4.507417845601447,-6.230730518260666,-5.948578071486306,0
b2AR-decoy_718,C=CC(C)(C)c1cc([C@@H]2CC(=O)c3ccc(O)c(CC=C(C)C)c3O2)c(O)cc1O,-10.022,-7.526438011178515,-6.720246088469882,-6.194336949542789,-5.626315787273159,-5.186868893096184,-4.85007004524207,-4.409417845601446,-6.094730518260667,-6.712578071486307,0
b2AR-decoy_719,Oc1ccc(C(O)(c2ccccc2)c2ccc(O)c3ccccc23)c2ccccc12,-9.449,-7.569438011178516,-7.785246088469881,-6.77633694954279,-6.471315787273159,-6.735868893096185,-5.096070045242071,-4.200417845601447,-6.711730518260666,-6.504578071486307,0
b2AR-decoy_72,COc1ccc2c(/C=C/C(=O)c3ccc(OC)c4c3OC(C)(C)C=C4)c[nH]c2c1,-9.5,-7.978438011178515,-7.39524608846988,-6.700336949542789,-6.013315787273159,-5.483868893096185,-5.156070045242071,-4.591417845601447,-6.199730518260667,-6.577578071486306,0
b2AR-decoy_720,C[C@]12CC[C@H]3[C@@H](CC=C4C[C@H](NC(=O)C5CC5)CC[C@@]43C)[C@@H]1CC=C2c1cccnc1,-10.096,-8.385438011178515,-7.336246088469881,-6.947336949542789,-6.319315787273158,-6.889868893096185,-5.73107004524207,-4.850417845601447,-7.251730518260667,-7.117578071486307,0
b2AR-decoy_721,Cc1[nH]c(C)c(c2ccc(Oc3ccc(C(F)(F)F)cc3)cc2)c(=O)c1Cl,-10.503,-7.567438011178515,-6.9112460884698805,-6.82133694954279,-5.762315787273158,-5.119868893096184,-4.985070045242072,-4.172417845601446,-5.908730518260667,-6.5825780714863065,0
b2AR-decoy_722,Cc1c(C)c(C)c(CSc2nnc(c3ccc4[nH]cnc4c3)o2)c(C)c1C,-10.048,-8.393438011178516,-7.634246088469881,-6.573336949542791,-6.252315787273158,-5.890868893096185,-5.288070045242071,-5.156417845601446,-6.993730518260666,-6.613578071486307,0
b2AR-decoy_723,CC1(C)Oc2cc(C34CC5CC(CC(C5)C3)C4)cc(O)c2[C@@H]2C[C@H](CC=O)CC[C@H]21,-11.463,-8.759438011178515,-7.968246088469881,-6.96133694954279,-6.901315787273159,-6.664868893096184,-6.849070045242071,-5.725417845601447,-7.654730518260667,-7.350578071486307,0
b2AR-decoy_724,Clc1ccc(/C=N/Nc2nc(c3ccc(Cl)c(Cl)c3)cs2)cc1,-9.112,-7.603438011178515,-6.676246088469881,-5.88833694954279,-5.158315787273159,-4.689868893096184,-4.306070045242072,-3.9954178456014464,-6.1287305182606655,-6.164578071486307,0
b2AR-decoy_725,COc1ccc(/C=C2/C(=O)Nc3ccc(Cl)cc32)c(c2ccc(Cl)cc2)c1,-9.429,-7.623438011178514,-7.1082460884698815,-5.28233694954279,-5.959315787273159,-5.242868893096185,-4.595070045242071,-3.869417845601447,-7.0357305182606655,-6.265578071486306,0
b2AR-decoy_726,Clc1ccc(CSc2nc3ncc(Br)cc3[nH]2)cc1Cl,-9.069,-7.201438011178516,-6.498246088469882,-5.86333694954279,-5.197315787273158,-4.177868893096186,-3.859070045242071,-3.6124178456014473,-5.088730518260666,-5.859578071486306,0
b2AR-decoy_727,C[C@H](CCC(=O)N(C)C)[C@H]1CC[C@H]2[C@@H]3CC[C@@H]4C[C@H](O)CC[C@]4(C)[C@H]3CC[C@@]21C,-9.901,-8.762438011178515,-7.791246088469881,-6.951336949542791,-6.888315787273159,-5.717868893096185,-5.468070045242071,-5.455417845601447,-6.8787305182606655,-6.834578071486307,0
b2AR-decoy_728,C=C(C)[C@@H]1C/C=C(\COC(C)=O)CC[C@@H](O)[C@](C)(Cl)CC/C=C(\C)CC1,-6.392,-4.482438011178515,-3.888246088469881,-3.25033694954279,-2.5363157872731588,-2.244868893096185,-1.9370700452420708,-1.3114178456014471,-3.0617305182606662,-2.7205780714863064,0
b2AR-decoy_729,COc1ccc(c2ccc3oc(c4ccc(OC)cc4)c(C#CCCO)c3c2)cc1,-7.92,-6.752438011178516,-5.657246088469881,-4.42233694954279,-4.281315787273159,-3.966868893096184,-3.961070045242071,-2.7914178456014467,-5.497730518260667,-4.913578071486306,0
b2AR-decoy_73,CC(C)N(c1ccc(/C=C(\C#N)c2nc3ccccc3[nH]2)cc1)C(C)C,-9.238,-6.913438011178515,-6.498246088469882,-6.23133694954279,-5.320315787273158,-4.948868893096185,-4.219070045242072,-3.879417845601447,-5.807730518260666,-5.835578071486307,0
b2AR-decoy_730,CC(=O)N(c1ccccc1)c1nc(/C=C/C(=O)Nc2c(C)cc(C)cc2C)cs1,-10.032,-7.772438011178515,-7.209246088469881,-5.762336949542791,-6.020315787273159,-6.166868893096185,-4.822070045242072,-4.814417845601447,-6.7807305182606665,-6.790578071486307,0
b2AR-decoy_731,C[C@H](/C=C/C=O)[C@@H]1CC[C@]2(C)C3=C(CC[C@@]12C)[C@@]1(C)CC[C@H](O)C(C)(C)[C@@H]1CC3=O,-10.377,-8.622438011178515,-7.9062460884698815,-6.69033694954279,-6.357315787273159,-6.180868893096184,-5.019070045242071,-5.059417845601447,-6.8417305182606665,-6.618578071486306,0
b2AR-decoy_732,CC1(C)CCN(CCOc2ccc3[nH]ccc3c2)c2ccc(Br)cc21,-10.297,-7.398438011178515,-6.878246088469881,-5.396336949542789,-5.760315787273159,-4.960868893096185,-5.088070045242072,-4.125417845601447,-5.437730518260667,-7.009578071486306,0
b2AR-decoy_733,CC(C)(C)c1cc(C(=O)N/N=C/c2cc3ccccc3cc2O)cc(C(C)(C)C)c1O,-9.696,-7.824438011178515,-7.572246088469882,-6.38133694954279,-5.900315787273158,-4.858868893096185,-5.091070045242072,-5.428417845601446,-7.211730518260666,-7.438578071486306,0
b2AR-decoy_734,CC(C)=CCc1cccc([C@@H]2CC(=O)c3c(O)cc(O)c(CC=C(C)C)c3O2)c1O,-9.407,-7.125438011178515,-7.0042460884698805,-6.19933694954279,-5.782315787273159,-5.433868893096184,-4.722070045242072,-4.557417845601448,-6.104730518260666,-6.425578071486306,0
b2AR-decoy_735,CC1(C)C=Cc2c(ccc(C(=O)/C=C/c3ccc(c4ccccc4)cc3)c2O)O1,-10.813,-9.443438011178516,-7.65824608846988,-7.685336949542791,-7.224315787273158,-6.443868893096184,-5.749070045242071,-5.188417845601446,-7.477730518260666,-8.766578071486306,0
b2AR-decoy_736,COc1ccc([Si](C)(C)COc2cc(C(C)(C)C)c(O)c(C(C)(C)C)c2)cc1,-9.199,-6.418438011178516,-6.918246088469882,-4.63533694954279,-4.615315787273159,-4.6138688930961855,-3.983070045242071,-3.3894178456014465,-5.588730518260666,-5.319578071486307,0
b2AR-decoy_737,CC(C)(C)c1cc(c2nnc(SCC(F)(F)F)s2)cc(C(C)(C)C)c1O,-8.331,-5.635438011178515,-6.202246088469881,-5.137336949542791,-4.398315787273159,-3.764868893096184,-3.014070045242071,-3.0544178456014466,-5.485730518260667,-4.716578071486307,0
b2AR-decoy_738,O/N=C(\CSc1ccncc1c1ccccc1)c1cc(Cl)sc1Cl,-8.648,-6.216438011178516,-6.757246088469881,-5.14833694954279,-5.329315787273158,-4.805868893096184,-3.862070045242071,-3.896417845601446,-5.295730518260666,-5.532578071486306,0
b2AR-decoy_739,CC(CCCc1ccc(F)cc1)c1cc(O)c2c(c1)OC(C)(C)C1=C2C2CCN1CC2,-10.281,-8.571438011178515,-8.306246088469882,-5.58133694954279,-6.595315787273158,-5.776868893096184,-5.13507004524207,-4.906417845601446,-6.204730518260666,-7.856578071486307,0
b2AR-decoy_74,CC(C)Oc1ccc(c2ccc(C(=O)c3c(F)ccc(O)c3F)s2)cc1C#N,-9.361,-7.5314380111785155,-6.4672460884698815,-5.36933694954279,-5.276315787273159,-4.825868893096185,-4.53907004524207,-3.884417845601448,-6.036730518260667,-6.137578071486306,0
b2AR-decoy_740,CC(C)C1=CC2=CC[C@H]3[C@](C)(C(=O)OCC(O)CCl)CCC[C@]3(C)[C@H]2CC1,-9.323,-8.041438011178515,-7.274246088469882,-6.409336949542789,-5.935315787273158,-5.2838688930961855,-4.668070045242072,-4.628417845601447,-6.324730518260667,-6.434578071486307,0
b2AR-decoy_741,CC(C)=CCc1c(O)c(CC=C(C)C)c2c(c1O)C(=O)C[C@@H](c1ccc(O)cc1)O2,-8.901,-7.506438011178515,-7.304246088469881,-5.67333694954279,-5.325315787273159,-5.934868893096185,-4.562070045242072,-4.286417845601447,-6.277730518260666,-5.789578071486307,0
b2AR-decoy_742,CC(C)(C)c1cc(C(=O)/C=C/c2ccc3c(c2)OCO3)cc(C(C)(C)C)c1O,-9.869,-7.308438011178515,-7.330246088469881,-6.07733694954279,-5.675315787273158,-4.610868893096185,-4.660070045242071,-4.378417845601447,-6.603730518260667,-5.668578071486307,0
b2AR-decoy_743,CCC1(c2cccs2)OCC(=O)Nc2ccc(c3ccc(F)c(Cl)c3)cc21,-8.071,-6.417438011178515,-6.29924608846988,-4.833336949542789,-4.261315787273158,-4.633868893096185,-3.628070045242071,-3.735417845601447,-5.3577305182606665,-5.294578071486306,0
b2AR-decoy_744,CC1CCc2c(c3c(O)cc(C(C)CCCc4ccc(F)cc4)cc3oc2=O)C1,-11.576,-10.053438011178516,-8.464246088469881,-8.27933694954279,-7.432315787273158,-5.787868893096185,-6.492070045242071,-5.067417845601447,-7.668730518260666,-9.096578071486306,0
b2AR-decoy_745,Cc1cc(C)c(NS(=O)(=O)c2ccc(C(C)(C)C)cc2)c(C)c1,-9.53,-7.251438011178514,-6.792246088469881,-5.74133694954279,-5.786315787273159,-5.008868893096185,-4.861070045242071,-3.740417845601448,-5.843730518260667,-5.708578071486306,0
b2AR-decoy_746,CCOc1ccc(Br)cc1/C=C/C(=O)c1ccccc1O,-8.066,-6.095438011178516,-5.583246088469881,-4.79233694954279,-4.670315787273158,-3.845868893096185,-3.687070045242072,-2.8944178456014464,-4.793730518260666,-5.235578071486307,0
b2AR-decoy_747,O=c1cc(c2ccccc2)c2cc(c3ccc(CO)cc3)ccc2o1,-9.21,-7.411438011178514,-7.723246088469882,-5.85033694954279,-5.407315787273159,-5.344868893096185,-5.201070045242071,-5.511417845601446,-6.043730518260666,-5.824578071486307,0
b2AR-decoy_748,C=CCOc1ccc(/C=N/c2ccc(C)c(Cl)c2)c(O)c1,-7.807,-6.074438011178515,-5.718246088469881,-4.700336949542789,-4.493315787273159,-3.8668688930961848,-3.5400700452420715,-2.938417845601447,-5.029730518260666,-5.103578071486307,0
b2AR-decoy_749,O=C1c2c(cccc2OCc2ccccc2)CC1Cc1ccc(O)cc1,-10.782,-8.847438011178514,-8.29924608846988,-6.94033694954279,-6.929315787273158,-6.059868893096185,-6.031070045242071,-4.909417845601446,-7.025730518260666,-7.492578071486307,0
b2AR-decoy_75,COc1cc(c2ccc3c(c2)NC(=O)/C3=C\c2c[nH]c3c(C)cccc23)ccc1O,-10.956,-8.837438011178515,-8.39524608846988,-6.652336949542789,-7.898315787273159,-5.910868893096184,-6.483070045242071,-6.090417845601447,-7.593730518260667,-8.430578071486307,0
b2AR-decoy_750,Cc1cc(C)c(C/C(=N/O)c2cc3ccccc3o2)c(C)c1,-9.452,-7.530438011178514,-7.000246088469881,-5.80233694954279,-5.771315787273158,-4.919868893096185,-4.826070045242071,-4.472417845601447,-5.714730518260666,-6.652578071486307,0
b2AR-decoy_751,Nc1[nH]nc(C2CC2)c1N=Nc1ccc(Cl)c(Cl)c1,-7.91,-6.089438011178515,-5.697246088469881,-4.80733694954279,-4.574315787273158,-3.819868893096185,-3.3490700452420707,-2.981417845601447,-4.851730518260666,-5.050578071486306,0
b2AR-decoy_752,CC(=O)NCCC1=C(CC2CCCCC2)Cc2ccc3c(c21)CCO3,-8.945,-7.521438011178516,-6.830246088469881,-6.09033694954279,-5.824315787273159,-5.351868893096185,-4.738070045242072,-4.604417845601446,-6.168730518260666,-6.284578071486306,0
b2AR-decoy_753,O=[N+]([O-])c1ccc(Oc2ccc(Cl)cc2O)c(Cl)c1,-8.123,-5.752438011178515,-5.535246088469881,-4.65433694954279,-4.208315787273159,-4.151868893096184,-3.530070045242072,-2.920417845601447,-4.536730518260667,-5.179578071486306,0
b2AR-decoy_754,CC1(C)C=Cc2c(ccc(C(=O)/C=C/c3ccc(F)c(F)c3)c2O)O1,-9.924,-7.894438011178515,-7.337246088469881,-6.39733694954279,-6.005315787273158,-5.329868893096185,-5.00707004524207,-5.232417845601447,-6.704730518260666,-6.668578071486307,0
b2AR-decoy_755,Cc1c(C)c2c(c(C)c1N)CC(C)(CSc1ccc(O)cc1)O2,-8.623,-6.853438011178515,-6.465246088469881,-5.39533694954279,-5.089315787273158,-4.7438688930961845,-4.354070045242072,-4.045417845601447,-5.488730518260667,-6.437578071486307,0
b2AR-decoy_756,Cc1c(C(=O)C(C)C)oc2cc(c3ccccc3)cc(O)c12,-8.855,-7.372438011178515,-6.401246088469881,-5.355336949542791,-5.168315787273158,-5.664868893096184,-4.897070045242071,-4.198417845601448,-6.289730518260667,-6.617578071486307,0
b2AR-decoy_757,CC(C)c1ccccc1OCC(=O)NC1CCCc2ccccc21,-9.767,-7.953438011178514,-7.264246088469882,-5.92933694954279,-6.377315787273158,-5.447868893096185,-5.531070045242071,-5.046417845601447,-6.886730518260666,-7.054578071486306,0
b2AR-decoy_758,N#CCC(=O)Nc1csc(c2ccc(Cl)c(Cl)c2)c1,-8.201,-5.887438011178515,-4.911246088469881,-5.00733694954279,-3.8863157872731584,-3.369868893096185,-2.916070045242071,-2.7324178456014465,-4.574730518260666,-4.852578071486307,0
b2AR-decoy_759,CC(=O)NC(CC(=O)c1ccc(Cl)cc1)c1ccc(Cl)cc1,-8.738,-6.992438011178516,-6.575246088469882,-5.790336949542789,-5.189315787273159,-4.5048688930961855,-4.316070045242071,-3.707417845601446,-5.351730518260666,-5.873578071486307,0
b2AR-decoy_76,COc1cccc(C2CC3=Nc4ccc(F)cc4SC3=C(O)C2)c1OC,-9.486,-7.818438011178515,-7.168246088469882,-6.265336949542789,-6.445315787273158,-5.471868893096184,-4.987070045242071,-4.586417845601448,-6.4667305182606665,-6.822578071486307,0
b2AR-decoy_760,CSc1sc(c2cc[nH]n2)c(c2ccccc2)c1C#N,-6.938,-5.083438011178515,-5.236246088469882,-3.4063369495427898,-3.632315787273159,-3.025868893096185,-2.517070045242071,-1.9694178456014464,-4.406730518260666,-3.684578071486307,0
b2AR-decoy_761,COc1cc(CCc2cccc(Cl)c2Cl)cc(OC)c1O,-7.665,-5.701438011178516,-5.423246088469881,-4.38733694954279,-4.089315787273159,-3.688868893096185,-3.3250700452420707,-3.002417845601447,-4.476730518260666,-4.450578071486307,0
b2AR-decoy_762,C=CCc1ccc(O)c(c2cc(CC=C)c3oncc3c2)c1,-8.617,-6.261438011178516,-6.653246088469881,-5.213336949542789,-5.028315787273158,-4.599868893096184,-3.672070045242071,-3.5224178456014474,-5.529730518260667,-5.227578071486306,0
b2AR-decoy_763,CC(=O)Oc1cc2c(cc1C(C)C)CC[C@@H]1[C@]2(C)CCC[C@@]1(C)CO,-9.491,-7.538438011178515,-7.2492460884698815,-5.730336949542791,-5.758315787273158,-6.072868893096185,-4.242070045242071,-3.8354178456014463,-6.110730518260667,-6.112578071486306,0
b2AR-decoy_764,O=C1CCCc2c1c(SC1CCCC1)sc2c1cc[nH]n1,-8.627,-6.624438011178516,-6.377246088469882,-5.171336949542789,-4.969315787273159,-4.657868893096184,-4.304070045242071,-3.3014178456014465,-4.973730518260666,-5.687578071486307,0
b2AR-decoy_765,Cc1ccc(Sc2cncc3sc(/C=N/O)cc23)cc1,-8.069,-6.301438011178515,-5.517246088469881,-5.01233694954279,-4.269315787273158,-3.8028688930961847,-3.831070045242072,-3.3814178456014465,-4.832730518260666,-5.108578071486306,0
b2AR-decoy_766,C=CCc1cc2c(cc1O)C(C)(C)C(Cc1ccc(OC)cc1)O2,-9.399,-7.634438011178515,-6.284246088469882,-6.2193369495427895,-5.860315787273159,-5.5338688930961855,-4.26007004524207,-3.650417845601448,-6.114730518260666,-6.144578071486306,0
b2AR-decoy_767,N#C/C(=C\c1ccccc1C(F)(F)F)C(=O)Nc1ccccc1F,-9.738,-7.167438011178515,-6.869246088469881,-5.982336949542789,-5.564315787273159,-5.255868893096185,-4.390070045242071,-4.819417845601446,-6.038730518260666,-6.209578071486307,0
b2AR-decoy_768,CC(=O)C1=C(C)Nc2ccccc2SC1c1ccccc1[N+](=O)[O-],-7.145,-5.119438011178515,-4.730246088469881,-3.56133694954279,-3.667315787273158,-2.9598688930961847,-2.031070045242071,-2.109417845601447,-4.277730518260666,-3.842578071486306,0
b2AR-decoy_769,C(=C/c1n[nH]c2cc(c3ccncc3)ccc12)\c1ccc2c(c1)OCO2,-10.31,-8.311438011178515,-7.886246088469882,-6.768336949542789,-6.596315787273159,-5.933868893096184,-5.65107004524207,-5.267417845601447,-6.863730518260667,-7.594578071486307,0
b2AR-decoy_77,CCCCC1Oc2ccc(OC)cc2-c2ccc3c(c21)C(C)=CC(C)(C)N3,-9.709,-7.943438011178515,-7.09424608846988,-6.694336949542789,-5.707315787273158,-5.595868893096185,-4.345070045242071,-4.521417845601446,-6.429730518260666,-6.635578071486307,0
b2AR-decoy_770,COCc1cc2[nH]ncc2cc1c1ccccc1C(F)(F)F,-9.438,-6.567438011178515,-5.734246088469881,-5.67333694954279,-5.133315787273158,-4.405868893096185,-3.591070045242072,-3.4134178456014466,-5.585730518260666,-5.518578071486306,0
b2AR-decoy_771,CC(=O)NC(CC(=O)c1cc(Cl)cs1)c1ccc(Cl)cc1,-8.188,-6.328438011178514,-6.011246088469881,-5.02033694954279,-4.333315787273159,-3.856868893096185,-3.830070045242071,-3.1824178456014467,-4.932730518260667,-5.078578071486307,0
b2AR-decoy_772,CCCCCC1NC(=O)/C(=C/c2ccc(C(C)(C)C)cc2)O1,-8.485,-6.353438011178515,-5.982246088469881,-5.067336949542789,-4.710315787273158,-4.376868893096185,-3.303070045242072,-3.512417845601448,-5.4107305182606655,-5.198578071486306,0
b2AR-decoy_773,Nc1ccc(c2ccc(CC3CCOC3)c(O)c2)c2ccccc12,-9.101,-7.807438011178515,-6.505246088469882,-5.374336949542791,-5.232315787273159,-5.001868893096185,-4.316070045242071,-3.5944178456014466,-6.1237305182606665,-5.267578071486307,0
b2AR-decoy_774,COc1ccc2sc(C(=O)NC(C)C)c(SC(C)C)c2c1,-7.515,-5.308438011178515,-4.630246088469881,-3.68133694954279,-3.5493157872731587,-3.3028688930961847,-2.7310700452420718,-2.149417845601447,-4.218730518260666,-3.9785780714863055,0
b2AR-decoy_775,FC(F)(F)Oc1ccccc1c1cccc(c2c[nH]cn2)c1,-9.314,-7.494438011178515,-6.555246088469881,-5.51633694954279,-5.337315787273159,-4.915868893096185,-3.8160700452420713,-3.739417845601446,-6.251730518260667,-6.319578071486307,0
b2AR-decoy_776,CN(C)c1ccc(/C=C/C(=O)/C=C/c2ccc3[nH]ccc3c2)cc1,-9.493,-6.961438011178515,-6.431246088469882,-5.35233694954279,-5.297315787273158,-4.636868893096185,-4.373070045242072,-3.419417845601447,-5.385730518260667,-5.877578071486306,0
b2AR-decoy_777,O=c1[nH]nc(c2cccs2)cc1Cc1ccc(Cl)c(Cl)c1,-8.76,-6.938438011178516,-6.518246088469882,-5.5173369495427895,-5.240315787273158,-4.444868893096185,-4.112070045242071,-3.724417845601448,-5.372730518260667,-5.751578071486307,0
b2AR-decoy_778,CC(=O)c1ccc(N/C=C/C(=O)c2ccc(Br)cc2)cc1,-8.748,-6.571438011178515,-6.099246088469881,-5.30833694954279,-5.260315787273159,-4.357868893096185,-3.863070045242072,-3.6444178456014473,-5.127730518260666,-5.362578071486306,0
b2AR-decoy_779,CCSc1sc(c2cc[nH]n2)c2c1C(=O)CC(C)(C)C2,-7.83,-5.718438011178515,-5.878246088469881,-4.341336949542789,-4.322315787273158,-3.422868893096185,-3.2560700452420708,-2.5834178456014465,-4.752730518260666,-4.4735780714863065,0
b2AR-decoy_78,O=c1c(c2ccc3ccccc3c2)c(c2ccccc2)c(c2ccccc2)nn1CCO,-8.747,-6.908438011178514,-5.730246088469881,-5.713336949542789,-5.199315787273159,-5.585868893096185,-3.195070045242071,-5.941417845601446,-5.090730518260666,-6.058578071486307,0
b2AR-decoy_780,CCc1c(C)[nH]c(=O)c(Br)c1Oc1cc(C)cc(C)c1,-8.763,-6.122438011178515,-5.506246088469881,-4.76833694954279,-4.624315787273159,-4.019868893096184,-3.838070045242072,-3.247417845601447,-4.853730518260666,-4.694578071486307,0
b2AR-decoy_781,CC1=CC[C@@]2(C)CC[C@](O)(C(C)C)C2C(OC(=O)c2ccccc2)C1,-7.667,-6.072438011178515,-5.065246088469881,-4.3123369495427895,-4.199315787273158,-3.4668688930961844,-2.7680700452420712,-2.611417845601447,-4.299730518260667,-4.959578071486307,0
b2AR-decoy_782,CC(C)(C)OC(=O)N/N=C\c1ccc(c2cccc(Cl)c2)o1,-8.597,-6.258438011178516,-6.194246088469882,-4.796336949542789,-4.692315787273159,-4.076868893096185,-3.275070045242071,-3.1684178456014465,-5.149730518260666,-5.597578071486307,0
b2AR-decoy_783,CC(C)(C)SC[C@H]1N=C(c2ccccc2)c2ccccc2NC1=O,-7.921,-5.783438011178515,-5.716246088469881,-4.48633694954279,-4.013315787273158,-3.502868893096185,-2.698070045242071,-2.686417845601447,-4.2647305182606665,-4.647578071486307,0
b2AR-decoy_784,Cc1cc(C)c(S(=O)(=O)Nc2ccc3ccccc3c2)c(C)c1,-10.787,-8.801438011178515,-7.535246088469881,-6.643336949542789,-6.766315787273159,-5.386868893096185,-5.88207004524207,-4.781417845601446,-6.445730518260666,-8.344578071486307,0
b2AR-decoy_785,O=c1cc(C(c2ccccc2)c2ccccc2)oc2cc(O)ccc12,-10.058,-7.860438011178514,-7.869246088469881,-6.425336949542789,-6.455315787273159,-5.771868893096185,-5.8880700452420704,-4.696417845601447,-6.5147305182606665,-6.776578071486307,0
b2AR-decoy_786,CCC(C)c1ccc2c(c1)COP(=S)(NCC(C)C)O2,-8.643,-6.5814380111785145,-5.744246088469882,-5.448336949542791,-4.503315787273158,-4.012868893096185,-3.591070045242072,-3.4054178456014466,-4.940730518260667,-5.689578071486306,0
b2AR-decoy_787,C/C(=C\c1ccc(Br)cc1)C(=O)c1c(C)cc(C)nc1O,-8.854,-7.261438011178516,-6.18724608846988,-5.81133694954279,-5.126315787273159,-4.547868893096185,-4.426070045242071,-3.810417845601448,-5.564730518260667,-5.738578071486307,0
b2AR-decoy_788,COc1ccc(c2nc(/C=C3\C(C)=Nc4ccccc43)c(O)o2)cc1,-9.426,-7.792438011178515,-7.083246088469881,-5.92933694954279,-5.993315787273158,-5.2118688930961845,-4.919070045242071,-4.654417845601447,-6.538730518260666,-6.733578071486306,0
b2AR-decoy_789,O=C(N/N=C/C1=C(Cl)c2ccccc2CCC1)c1ccccc1,-7.895,-5.960438011178515,-5.429246088469881,-4.38333694954279,-3.8943157872731584,-3.547868893096185,-2.900070045242071,-2.524417845601447,-4.6557305182606665,-4.847578071486306,0
b2AR-decoy_79,CCCCCCc1cc2c(C)cc3c(c2o1)C(=O)c1c(O)cccc1C3=O,-9.87,-7.911438011178514,-6.9562460884698805,-6.31133694954279,-5.881315787273158,-5.223868893096185,-4.784070045242071,-4.328417845601447,-6.169730518260666,-6.702578071486306,0
b2AR-decoy_790,CCC(c1ccc(O)c(O)c1)C(CC)c1ccc(O)c(F)c1,-8.313,-6.280438011178514,-6.189246088469881,-5.00433694954279,-4.984315787273159,-4.172868893096185,-3.8800700452420713,-3.308417845601447,-5.369730518260667,-4.988578071486307,0
b2AR-decoy_791,Clc1cc2nc(SCc3ccncc3)[nH]c2cc1Cl,-8.377,-6.382438011178515,-5.700246088469881,-4.82233694954279,-4.342315787273159,-3.875868893096185,-3.762070045242071,-3.3414178456014465,-4.852730518260667,-5.091578071486307,0
b2AR-decoy_792,N#CCC(=O)Nc1cc(c2ccc(Cl)c(Cl)c2)cs1,-8.157,-6.280438011178514,-5.317246088469881,-4.72933694954279,-4.1843157872731584,-3.5448688930961847,-3.6010700452420714,-2.656417845601447,-4.809730518260666,-4.838578071486307,0
b2AR-decoy_793,C/C(=N\Nc1nc(C)c(C)s1)c1ccc(Cl)c(Cl)c1,-8.532,-6.279438011178515,-5.763246088469881,-4.99633694954279,-4.581315787273159,-3.9518688930961847,-3.672070045242071,-3.175417845601447,-5.134730518260667,-5.342578071486306,0
b2AR-decoy_794,Cc1ccc(C(=O)N/N=C/C2=C(Cl)c3ccccc3CCC2)cc1,-7.874,-5.990438011178515,-5.492246088469881,-4.6023369495427895,-4.208315787273159,-3.689868893096184,-3.063070045242071,-2.9884178456014467,-4.821730518260666,-4.962578071486307,0
b2AR-decoy_795,CCCCc1oc2ccccc2c1C(=O)c1ccc(O)cc1,-8.502,-6.664438011178515,-6.429246088469881,-4.56433694954279,-5.103315787273159,-4.084868893096184,-3.80207004524207,-3.026417845601447,-5.659730518260666,-6.051578071486306,0
b2AR-decoy_796,CC(C)=CCC/C(C)=C/Cc1cc2ccc(=O)oc2cc1O,-8.793,-6.719438011178514,-6.017246088469881,-5.35033694954279,-4.867315787273158,-3.756868893096184,-3.740070045242071,-3.755417845601446,-5.156730518260666,-5.860578071486307,0
b2AR-decoy_797,COC(=O)CCCC[C@H]1[C@@H](C)CC[C@@]2(C)CC(C)[C@H](O)[C@@H](C)[C@H]12,-8.278,-6.463438011178516,-6.003246088469881,-5.326336949542791,-4.605315787273159,-4.604868893096185,-3.716070045242072,-3.656417845601446,-5.086730518260667,-5.350578071486307,0
b2AR-decoy_798,CCC(CC)=NNc1nc(c2ccc(Cl)cc2)cs1,-7.966,-5.970438011178516,-5.185246088469881,-4.418336949542789,-4.067315787273159,-3.172868893096185,-2.869070045242071,-2.582417845601447,-4.412730518260666,-4.736578071486306,0
b2AR-decoy_799,CC(C)Oc1ccc(/C=C2/C(=O)Nc3ccc(Cl)cc32)c(OC(C)C)c1,-8.968,-7.269438011178515,-6.519246088469881,-5.521336949542789,-5.360315787273159,-4.750868893096184,-4.072070045242072,-4.083417845601447,-6.097730518260667,-5.894578071486306,0
b2AR-decoy_8,CCC(C)(C)c1ccc(/C=C/C(=O)Nc2ccc3c(c2)OCCO3)cc1,-9.659,-8.566438011178516,-6.928246088469882,-6.95933694954279,-5.941315787273158,-5.276868893096184,-4.514070045242072,-4.198417845601448,-6.419730518260666,-6.987578071486306,0
b2AR-decoy_80,C=C1C[C@@]23CC[C@H]4[C@@H](CCC[C@@]4(C)COC(=O)/C=C/C(F)(F)F)[C@@H]2CC[C@]1(O)C3,-10.61,-8.517438011178514,-7.975246088469881,-6.691336949542789,-6.154315787273159,-5.9728688930961855,-5.014070045242072,-4.894417845601447,-7.085730518260666,-7.443578071486307,0
b2AR-decoy_800,Cc1cc(/C=C/c2ccc(C(=O)Oc3ccc(F)cc3)cc2)cc(C)c1O,-10.035,-8.126438011178514,-6.900246088469881,-6.11533694954279,-6.179315787273158,-4.776868893096184,-5.128070045242071,-4.455417845601447,-6.893730518260666,-6.838578071486307,0
b2AR-decoy_801,Cc1nc(C)c(c2ccc(Oc3ccc(Cl)c(Cl)c3)cc2)c(O)c1Cl,-9.778,-7.548438011178515,-6.579246088469882,-5.998336949542789,-4.680315787273158,-4.585868893096185,-4.935070045242071,-3.7534178456014473,-5.847730518260667,-5.675578071486306,0
b2AR-decoy_802,CCCCOC(=O)[C@H](C)c1cc(O)c2c(c1)OC(C)(C)[C@@H]1CC=C(C)C[C@@H]21,-9.078,-6.759438011178515,-6.397246088469881,-5.54533694954279,-5.233315787273158,-4.9568688930961855,-4.595070045242071,-3.8034178456014462,-6.0307305182606665,-5.545578071486306,0
b2AR-decoy_803,Cc1cc(O)c2c(c1C=O)OCC(CC[C@H]1[C@@H](C)CCCC1(C)C)=CC2,-8.432,-5.815438011178515,-4.732246088469881,-4.1583369495427895,-3.720315787273158,-3.4918688930961848,-2.6670700452420717,-3.177417845601447,-4.5757305182606665,-4.810578071486306,0
b2AR-decoy_804,CC(C)CC(=O)c1c2c(c3oc(=O)cc(c4ccccc4)c3c1O)C=CC(C)(C)O2,-9.44,-7.730438011178515,-7.73824608846988,-5.93933694954279,-5.707315787273158,-5.521868893096185,-5.298070045242071,-4.818417845601447,-6.349730518260666,-6.2075780714863065,0
b2AR-decoy_805,COC(=O)C1=C(C)NC2=C(C(=O)CC(C)(C)C2)C1c1ccc(c2ccc(C)cc2)cc1,-10.618,-8.501438011178514,-7.95624608846988,-6.758336949542789,-6.847315787273159,-5.775868893096185,-5.74407004524207,-5.275417845601448,-7.206730518260667,-7.325578071486307,0
b2AR-decoy_806,COc1cc(OC)cc(c2sc3ccc(OC)cc3c2c2ccc3cc[nH]c3c2)c1,-9.329,-6.745438011178516,-6.543246088469882,-6.16433694954279,-5.038315787273158,-4.912868893096185,-4.33407004524207,-4.192417845601447,-5.881730518260666,-5.474578071486306,0
b2AR-decoy_807,Cc1cc(C)c(Nc2cc(Oc3c(C)cc(C#N)cc3C)ncn2)c(C)c1,-9.346,-7.462438011178515,-7.216246088469882,-5.621336949542791,-6.178315787273158,-5.372868893096184,-4.723070045242071,-4.769417845601447,-6.3017305182606655,-6.258578071486307,0
b2AR-decoy_808,CC(C)(C)[Si](C)(C)Oc1ccc(c2cc(=O)c3ccc(O)cc3o2)cc1,-8.118,-7.092438011178516,-5.955246088469881,-4.88733694954279,-4.6843157872731584,-4.915868893096185,-3.777070045242072,-3.2064178456014467,-5.285730518260666,-5.448578071486306,0
b2AR-decoy_809,Cc1c(Cl)c(O)c2c(c1C=O)OC(C)(/C=C/[C@]1(C)C(C)C(=O)CC[C@H]1C)CC2,-10.548,-8.815438011178514,-7.759246088469881,-6.74333694954279,-6.585315787273158,-6.198868893096185,-5.905070045242072,-5.324417845601447,-7.2537305182606655,-7.549578071486307,0
b2AR-decoy_81,CC(C)CCC[C@@H](C)[C@H]1CC[C@H]2[C@@]34C=C[C@]5(C[C@@H](O)CC[C@]5(C)[C@H]3CC[C@]12C)OO4,-9.724,-8.325438011178516,-7.588246088469882,-6.418336949542789,-6.242315787273158,-5.919868893096185,-4.349070045242071,-5.465417845601447,-7.004730518260667,-6.291578071486306,0
b2AR-decoy_810,C=CC(C)(C)C1Oc2cccc(OC)c2-c2ccc3c(c21)C(C)=CC(C)(C)N3,-9.621,-7.773438011178515,-6.548246088469881,-5.832336949542789,-5.401315787273159,-5.807868893096185,-2.897070045242071,-3.865417845601448,-5.680730518260667,-6.568578071486307,0
b2AR-decoy_811,C=CCC1Oc2ccc(Cl)c(OC)c2-c2ccc3c(c21)C(C)=CC(C)(C)N3,-8.875,-6.7544380111785145,-6.778246088469881,-5.463336949542789,-4.510315787273158,-5.075868893096185,-4.227070045242071,-3.981417845601447,-6.125730518260667,-6.034578071486306,0
b2AR-decoy_812,CCCCCc1cc(NC(N)=O)c2c(c1)OC(C)(C)[C@@H]1CCC(C)=C[C@@H]21,-9.569,-7.633438011178516,-7.59724608846988,-5.960336949542789,-6.198315787273158,-5.608868893096185,-4.280070045242072,-4.814417845601447,-6.812730518260667,-5.705578071486306,0
b2AR-decoy_813,CCC(C)C(=O)c1c2c(c3oc(=O)cc(c4ccccc4)c3c1O)C=CC(C)(C)O2,-9.668,-7.691438011178516,-7.356246088469881,-6.37833694954279,-5.885315787273159,-5.321868893096184,-5.371070045242071,-4.351417845601446,-6.355730518260666,-6.513578071486307,0
b2AR-decoy_814,CC(C)c1ccc(NC(=O)Oc2ccc3c(c2)[C@]2(C)CCC(C)[C@@H]2C3C)cc1,-10.834,-9.371438011178515,-8.599246088469881,-7.88433694954279,-6.888315787273159,-6.9088688930961855,-5.761070045242072,-5.633417845601446,-7.305730518260667,-7.753578071486306,0
b2AR-decoy_815,Oc1ccccc1C1SC(c2ccccc2O)SC(c2ccccc2O)S1,-9.011,-7.111438011178516,-6.8422460884698815,-5.32733694954279,-5.436315787273159,-5.059868893096185,-4.592070045242071,-4.599417845601447,-6.333730518260666,-5.4285780714863066,0
b2AR-decoy_816,CC(C)(C)c1ccc(C(=O)NCCc2csc(c3ccc(Cl)cc3)n2)cc1,-10.365,-8.329438011178516,-6.814246088469881,-6.32033694954279,-5.552315787273159,-5.869868893096184,-4.538070045242071,-4.412417845601446,-6.702730518260667,-7.259578071486306,0
b2AR-decoy_817,CC(CCCc1ccc(F)cc1)c1cc(O)c2c(c1)OC(C)(C)c1ccncc1-2,-10.01,-8.678438011178516,-7.955246088469881,-7.283336949542789,-6.400315787273158,-5.335868893096185,-5.62207004524207,-4.867417845601446,-7.3787305182606655,-7.765578071486306,0
b2AR-decoy_818,COc1cc(C(=O)OCC2=CC[C@@]3(C)CCC(C(C)C)=C3CC2)ccc1O,-7.158,-5.067438011178515,-4.470246088469882,-3.788336949542789,-3.9443157872731582,-2.840868893096185,-2.597070045242071,-2.242417845601447,-4.122730518260666,-3.7575780714863054,0
b2AR-decoy_819,CC(C)(C)[C@H](C(=O)Nc1ncc(C(F)(F)F)s1)c1ccc(Cl)cc1,-9.09,-7.199438011178515,-6.585246088469882,-6.05533694954279,-5.861315787273158,-5.146868893096185,-4.09007004524207,-3.937417845601447,-5.5307305182606665,-5.8805780714863065,0
b2AR-decoy_82,CC(C)=CCc1c(O)c2c(c3c1OC(C)(C)C=C3)CC=C(c1ccc(O)c(O)c1)C2=O,-8.923,-7.008438011178516,-6.675246088469882,-6.09333694954279,-5.532315787273159,-4.353868893096184,-4.222070045242072,-3.876417845601447,-6.0037305182606655,-5.778578071486306,0
b2AR-decoy_820,Cc1ccc(Sc2ncccc2COC(=O)Nc2ccccc2C)cc1,-9.405,-7.875438011178515,-6.603246088469881,-5.9323369495427904,-5.887315787273158,-5.100868893096184,-4.7630700452420704,-4.722417845601447,-6.282730518260667,-6.837578071486307,0
b2AR-decoy_821,C=CCC1Oc2ccc(OCC#N)c(OC)c2-c2ccc3c(c21)C(C)=CC(C)(C)N3,-8.948,-6.606438011178515,-6.567246088469881,-5.707336949542789,-4.868315787273158,-4.973868893096185,-4.306070045242072,-4.139417845601447,-6.056730518260666,-5.710578071486307,0
b2AR-decoy_822,C/C(=N\NC(=O)/C=C/c1ccc(C(C)(C)C)cc1)c1ccc(C2CCCCC2)cc1,-10.957,-8.904438011178515,-7.930246088469881,-6.245336949542789,-6.726315787273158,-6.000868893096184,-5.645070045242072,-5.023417845601447,-7.320730518260666,-7.623578071486307,0
b2AR-decoy_823,CC1(C)CC(=O)c2c(SCc3ccccc3)sc(c3cc[nH]n3)c2C1,-9.617,-7.894438011178515,-7.003246088469881,-6.08033694954279,-5.656315787273158,-5.176868893096184,-4.793070045242072,-4.574417845601447,-6.130730518260666,-7.147578071486306,0
b2AR-decoy_824,CCC1(c2ccsc2)OCC(=O)Nc2ccc(c3ccc(F)c(Cl)c3)cc21,-8.536,-6.055438011178516,-5.7492460884698815,-5.04233694954279,-4.550315787273158,-4.377868893096185,-3.589070045242071,-3.6814178456014464,-5.370730518260666,-5.2715780714863065,0
b2AR-decoy_825,[C-]#[N+]c1cccc(c2cccnc2Oc2ccc(Nc3ccccn3)cc2)c1,-9.49,-7.285438011178515,-6.711246088469881,-5.964336949542791,-5.296315787273159,-4.8158688930961855,-4.830070045242071,-4.660417845601447,-6.231730518260667,-6.006578071486306,0
b2AR-decoy_826,CCCC/C=C\C1(c2cc(O)c3c(c2)OC(C)(C)[C@@H]2CCC(=O)C[C@@H]32)CCCC1,-9.45,-7.334438011178515,-7.475246088469881,-6.26633694954279,-5.719315787273159,-5.400868893096185,-5.44607004524207,-4.944417845601446,-6.616730518260667,-6.315578071486307,0
b2AR-decoy_827,COc1ccc(c2cc3c(cc2OC)CC[C@@H]2[C@@H]3CC[C@@]3(C)[C@H]2CC[C@]3(C)O)cc1,-9.844,-9.339438011178515,-7.727246088469881,-7.44533694954279,-6.014315787273159,-6.122868893096184,-4.833070045242071,-6.028417845601448,-7.6767305182606655,-6.907578071486306,0
b2AR-decoy_828,CCCCC1Oc2cccc(OC)c2-c2ccc3c(c21)C(C)=CC(C)(C)N3,-8.69,-6.782438011178515,-6.430246088469881,-5.17733694954279,-5.054315787273158,-5.010868893096184,-4.252070045242071,-4.128417845601447,-6.348730518260666,-6.142578071486307,0
b2AR-decoy_829,Cc1cc(/C=C\C#N)cc(C)c1Sc1ccnc(Nc2ccc(C#N)cc2)n1,-9.063,-6.913438011178515,-6.617246088469882,-5.67933694954279,-4.962315787273159,-4.756868893096184,-4.315070045242072,-4.279417845601447,-5.934730518260666,-5.452578071486306,0
b2AR-decoy_83,CC(C)CCC[C@@H](C)[C@H]1CC[C@H]2[C@H]3[C@H](CC[C@@]21C)[C@@]1(C)CC[C@H](O)[C@H](O)C1=C[C@@H]3O,-10.027,-7.986438011178516,-6.615246088469881,-6.5173369495427895,-5.657315787273159,-5.284868893096185,-4.610070045242072,-4.729417845601446,-7.4107305182606655,-6.843578071486306,0
b2AR-decoy_830,Cc1ccc(C(=O)c2oc3cc(O)ccc3c2c2cccc3ccccc32)c(C)c1,-10.926,-8.231438011178515,-8.30524608846988,-7.476336949542789,-6.766315787273159,-6.204868893096185,-6.413070045242071,-5.755417845601446,-7.709730518260667,-7.934578071486307,0
b2AR-decoy_831,CC(C)N(C(=O)[C@H]1CCC2C3CC=C4C=C(CO)CC[C@]4(C)C3CC[C@@]21C)C(C)C,-9.123,-7.955438011178515,-6.323246088469881,-5.986336949542789,-5.502315787273158,-5.808868893096184,-4.03907004524207,-4.418417845601447,-7.055730518260667,-6.455578071486306,0
b2AR-decoy_832,O=c1c2ccc(O)cc2oc(SCc2ccccc2)c1c1ccccc1,-9.478,-7.153438011178515,-7.195246088469881,-6.24333694954279,-5.134315787273158,-5.599868893096184,-4.612070045242071,-4.288417845601448,-6.311730518260667,-6.939578071486306,0
b2AR-decoy_833,CC(C)c1cccc(C(C)C)c1OC(=O)NC(=O)SCc1ccc(Cl)cc1,-9.591,-6.711438011178515,-7.128246088469881,-5.27033694954279,-4.894315787273159,-4.306868893096185,-3.737070045242071,-4.119417845601447,-5.552730518260667,-5.379578071486307,0
b2AR-decoy_834,CC(C)[C@@H]1CC[C@]2(C)[C@H]3CC[C@]2(C)[C@H](OC(=O)/C=C/c2ccc(O)cc2)[C@@H]13,-9.945,-8.228438011178515,-6.649246088469882,-6.41733694954279,-5.994315787273159,-5.559868893096185,-5.080070045242071,-5.067417845601447,-6.763730518260667,-6.485578071486307,0
b2AR-decoy_835,Cc1nc(c2ccc(F)cc2)sc1CCNC(=O)c1ccc(C(C)(C)C)cc1,-10.663,-8.379438011178515,-7.243246088469881,-6.95933694954279,-6.037315787273158,-5.268868893096185,-4.966070045242072,-4.785417845601447,-6.941730518260666,-7.282578071486306,0
b2AR-decoy_837,CC1=NN(c2ccccc2)C(=S)/C1=C/Nc1ccc(/N=N/c2ccccc2)cc1,-10.066,-8.533438011178514,-7.591246088469882,-6.60633694954279,-5.952315787273159,-5.394868893096184,-4.91107004524207,-4.912417845601446,-7.119730518260667,-7.547578071486306,0
b2AR-decoy_838,CC(=O)Nc1cccc(c2c(O)ccc3cc(c4cccc(O)c4)ccc32)c1,-10.467,-9.672438011178516,-8.27624608846988,-6.918336949542789,-6.650315787273158,-7.350868893096184,-5.782070045242071,-6.324417845601447,-7.219730518260667,-7.540578071486307,0
b2AR-decoy_839,Cc1c(O)nc(SCc2ccccc2)nc1Cc1c(Cl)cccc1Cl,-8.981,-7.558438011178515,-7.186246088469881,-5.84933694954279,-5.699315787273159,-4.829868893096185,-4.717070045242071,-4.661417845601447,-5.820730518260666,-6.476578071486307,0
b2AR-decoy_84,C[C@]12CC[C@H]3[C@@H](CCC4C[C@H](NC(=O)C5CC5)CC[C@@]43C)[C@@H]1CC=C2c1cccnc1,-10.124,-8.976438011178516,-6.9272460884698805,-7.59733694954279,-6.819315787273158,-6.492868893096185,-5.531070045242071,-6.482417845601447,-7.325730518260666,-7.826578071486306,0
b2AR-decoy_840,COc1ccc(c2csc(N/N=C/c3cc4ccccc4s3)n2)cc1,-9.475,-7.466438011178516,-6.920246088469881,-5.96133694954279,-5.409315787273158,-4.807868893096185,-4.367070045242071,-4.373417845601447,-5.904730518260667,-6.6145780714863065,0
b2AR-decoy_841,COc1ccc(c2coc3c(C(=O)NCc4cccs4)cccc32)c(C)c1,-8.452,-6.973438011178516,-6.426246088469881,-5.18933694954279,-4.871315787273158,-4.4618688930961845,-4.05507004524207,-4.041417845601448,-6.047730518260666,-6.070578071486306,0
b2AR-decoy_842,COCc1ccccc1C(=O)c1oc2cc(c3ccccc3)cc(O)c2c1C,-9.121,-7.686438011178515,-6.905246088469882,-6.409336949542789,-6.786315787273159,-5.186868893096184,-4.874070045242071,-4.617417845601446,-6.683730518260667,-6.904578071486306,0
b2AR-decoy_843,O=C(Nc1ccc(Sc2ccc(Br)cc2)cc1)c1ccco1,-8.494,-6.453438011178514,-5.6482460884698815,-4.700336949542789,-4.602315787273159,-4.274868893096185,-3.280070045242071,-3.374417845601447,-4.7167305182606665,-5.408578071486307,0
b2AR-decoy_844,N#C/C(=C\c1ccc2ccc3cccc4ccc1c2c34)C(=O)c1c[nH]c2ccccc12,-10.832,-9.749438011178515,-8.082246088469882,-8.24233694954279,-7.396315787273158,-6.441868893096185,-6.268070045242071,-5.246417845601448,-7.816730518260666,-8.730578071486306,0
b2AR-decoy_845,COc1c(C)cc(c2ccc(/C=C(\C#N)c3nc4ccccc4[nH]3)o2)cc1C,-9.856,-8.426438011178515,-7.285246088469881,-6.55133694954279,-6.0513157872731576,-5.6188688930961845,-5.099070045242071,-4.837417845601447,-6.334730518260667,-7.0215780714863065,0
b2AR-decoy_846,Cc1nc(c2cc(c3c(C)cccc3C)ccc2OCc2ccccc2)[nH]c1C,-10.259,-8.470438011178516,-7.130246088469882,-6.50633694954279,-6.488315787273159,-6.071868893096184,-5.650070045242071,-5.188417845601446,-6.881730518260666,-7.625578071486306,0
b2AR-decoy_847,Cc1c(O)nc(SCc2cccc(F)c2)nc1Cc1c(Cl)cccc1Cl,-9.399,-7.807438011178515,-7.465246088469881,-5.94633694954279,-5.974315787273158,-5.422868893096185,-5.117070045242071,-4.868417845601448,-6.140730518260666,-6.769578071486306,0
b2AR-decoy_848,C=CCC1Oc2cccc(OCC3CC3)c2-c2ccc3c(c21)C(C)=CC(C)(C)N3,-9.545,-6.789438011178515,-7.246246088469881,-5.56833694954279,-5.997315787273159,-5.114868893096185,-4.392070045242072,-4.320417845601448,-6.289730518260667,-6.1145780714863065,0
b2AR-decoy_849,FC(F)(F)c1cccc(Cl)c1c1ccc(/C=C/c2nc3ccccc3[nH]2)o1,-10.069,-8.245438011178516,-7.55224608846988,-6.563336949542789,-6.847315787273159,-6.183868893096184,-5.216070045242072,-4.7774178456014464,-7.883730518260666,-6.951578071486306,0
b2AR-decoy_85,CC(C)c1cc(C(C)(C)C)cc(c2ccc(F)cc2)c1OCC1C[C@@H](O)CC(=O)O1,-9.288,-7.229438011178516,-8.198246088469881,-5.992336949542789,-5.890315787273158,-5.335868893096185,-5.073070045242071,-4.210417845601446,-6.722730518260667,-6.276578071486307,0
b2AR-decoy_850,O=C1/C(=C/c2ccc(Oc3ccc(Cl)cc3)cc2)Oc2cc(O)ccc21,-10.195,-8.009438011178515,-7.023246088469881,-7.239336949542789,-6.466315787273159,-5.511868893096185,-5.267070045242072,-4.443417845601447,-6.254730518260667,-6.913578071486306,0
b2AR-decoy_851,Cc1c(O)nc(SCc2cccc(C#N)c2)nc1Cc1c(Cl)cccc1Cl,-9.085,-7.929438011178515,-6.857246088469882,-5.70233694954279,-5.218315787273159,-4.949868893096184,-4.736070045242071,-4.542417845601447,-5.745730518260666,-6.0215780714863065,0
b2AR-decoy_852,CC(C)=CCOc1cc(O)c2c(=O)c3ccccc3oc2c1CC=C(C)C,-8.758,-7.657438011178515,-6.692246088469881,-5.614336949542789,-5.386315787273158,-5.091868893096185,-4.125070045242071,-3.8674178456014463,-5.616730518260667,-6.395578071486307,0
b2AR-decoy_853,COc1ccc(COc2ccc3c(c2)C(C)=CC(C)(C)N3)cc1,-9.432,-7.495438011178516,-6.867246088469882,-5.858336949542791,-5.848315787273158,-5.318868893096184,-4.246070045242071,-4.053417845601446,-5.711730518260666,-6.172578071486306,0
b2AR-decoy_854,Cc1cccc(c2nnc(SCC(=O)Nc3ccc(C)c(C)c3)o2)c1,-10.276,-8.265438011178516,-7.522246088469881,-7.181336949542789,-5.625315787273159,-5.0388688930961845,-5.038070045242071,-4.645417845601447,-6.833730518260666,-7.413578071486306,0
b2AR-decoy_855,COc1cc(c2nnc(SCc3ccccc3Cl)o2)ccc1O,-9.033,-7.002438011178516,-6.256246088469881,-5.325336949542789,-5.038315787273158,-4.612868893096184,-4.152070045242072,-3.954417845601446,-5.580730518260667,-6.374578071486306,0
b2AR-decoy_856,COc1ccc(c2csc(N/N=C(/C)c3cccs3)n2)cc1,-8.348,-6.285438011178515,-5.780246088469881,-5.21133694954279,-4.671315787273159,-4.013868893096185,-3.4170700452420717,-3.130417845601447,-4.809730518260666,-5.158578071486307,0
b2AR-decoy_857,CCc1cc2c(cc1O)CC[C@@H]1[C@@H]2CC[C@]2(C)[C@@H](C[N+](=O)[O-])CC[C@@H]12,-9.286,-7.446438011178515,-6.776246088469881,-5.97833694954279,-6.226315787273158,-5.686868893096184,-5.006070045242071,-4.315417845601447,-6.7167305182606665,-5.759578071486306,0
b2AR-decoy_858,CCCCOC(=O)c1cc(C(C)(C)C)c(O)c(C(C)(C)C)c1,-7.327,-5.181438011178515,-5.026246088469882,-4.5333369495427895,-3.491315787273159,-2.824868893096185,-3.014070045242071,-2.382417845601447,-4.426730518260666,-4.251578071486307,0
b2AR-decoy_859,COc1cc2c(cc1CCC(C)C)C(=O)C[C@@H](c1ccc(O)cc1)O2,-9.219,-7.143438011178516,-7.04924608846988,-5.66733694954279,-5.270315787273159,-5.371868893096185,-4.391070045242071,-4.484417845601447,-5.978730518260667,-5.9895780714863065,0
b2AR-decoy_86,Cc1nc2c(Cl)c(NS(=O)(=O)c3cc(Cl)ccc3Cl)ccc2s1,-9.001,-7.207438011178516,-6.915246088469882,-5.903336949542791,-5.165315787273158,-4.779868893096184,-4.634070045242071,-3.801417845601448,-5.513730518260667,-6.409578071486306,0
b2AR-decoy_860,CCOc1ccc(C2C(C#N)=C(C)N=C3C2=C(O)c2ccccc23)cc1,-9.079,-6.485438011178514,-7.525246088469881,-5.233336949542791,-5.224315787273158,-5.217868893096185,-3.775070045242071,-4.037417845601446,-5.396730518260666,-5.659578071486306,0
b2AR-decoy_861,N#Cc1ccc(c2csc(NN=C3CCCCCC3)n2)cc1,-6.665,-4.638438011178515,-4.160246088469881,-3.32433694954279,-3.066315787273158,-2.0848688930961847,-1.741070045242071,-1.574417845601447,-3.3117305182606662,-3.3885780714863065,0
b2AR-decoy_862,CC1=C(CCc2ccoc2)[C@@]2(C)CCCC(C)(C)C2=C(O)C1=O,-9.945,-7.919438011178515,-7.000246088469881,-6.12533694954279,-6.087315787273159,-5.273868893096184,-4.652070045242072,-4.337417845601447,-6.300730518260666,-6.274578071486307,0
b2AR-decoy_863,COc1ccc(C2C(C#N)=C(C)N=C3CC(C)(C)CC(O)=C32)c(OC)c1,-8.904,-6.843438011178515,-6.210246088469882,-5.684336949542789,-5.061315787273159,-4.660868893096184,-4.086070045242071,-3.614417845601446,-5.368730518260666,-5.192578071486306,0
b2AR-decoy_864,COc1cccc(COc2ccc3c(c2)C(C)=CC(C)(C)N3)c1,-9.695,-7.534438011178516,-7.14224608846988,-5.871336949542791,-6.168315787273158,-5.5498688930961855,-4.413070045242071,-3.786417845601447,-5.626730518260667,-6.346578071486306,0
b2AR-decoy_865,CCCc1ccc2oc(Cc3ccc(OC)cc3)c(C)c2c1O,-8.985,-6.839438011178515,-6.186246088469881,-5.45233694954279,-4.850315787273159,-4.5868688930961845,-4.233070045242071,-3.5224178456014474,-5.451730518260666,-5.917578071486307,0
b2AR-decoy_866,CNc1nc(C)c(C(=O)/C=C/c2c(Cl)cccc2Cl)s1,-8.234,-5.939438011178515,-5.724246088469881,-4.89133694954279,-4.585315787273158,-4.090868893096184,-3.2690700452420707,-3.069417845601447,-4.8817305182606665,-4.925578071486306,0
b2AR-decoy_867,COc1ccc(/C=C\c2cc(OC)c3ccsc3c2)cc1O,-8.454,-6.413438011178515,-5.706246088469881,-5.10833694954279,-4.268315787273158,-3.962868893096185,-3.5160700452420715,-3.133417845601447,-5.062730518260667,-5.554578071486306,0
b2AR-decoy_868,CC(C)=CCc1c(O)ccc2cc(c3cc(O)cc(O)c3)oc12,-8.611,-7.031438011178516,-6.625246088469881,-5.284336949542789,-4.902315787273158,-4.764868893096185,-4.518070045242071,-3.901417845601447,-5.684730518260666,-5.338578071486307,0
b2AR-decoy_869,O=C(/C=C/c1ccc(Oc2ccccc2)cc1)c1ccccc1O,-9.62,-7.420438011178515,-6.8422460884698815,-6.309336949542789,-5.330315787273159,-4.867868893096185,-5.224070045242071,-4.129417845601447,-6.849730518260666,-7.038578071486306,0
b2AR-decoy_87,Cc1cc(C)c(c2csc(NC(=O)/C=C/c3ccc(C(F)(F)F)cc3)n2)c(C)c1,-9.898,-8.944438011178516,-7.596246088469881,-7.34033694954279,-6.202315787273159,-5.098868893096185,-5.336070045242071,-5.090417845601447,-7.065730518260667,-7.446578071486307,0
b2AR-decoy_870,O=C(c1ccccc1)c1oc2cc(O)ccc2c1c1ccccc1,-9.786,-8.517438011178514,-7.435246088469881,-6.58033694954279,-5.421315787273159,-5.040868893096185,-5.005070045242071,-4.754417845601447,-6.041730518260666,-7.152578071486307,0
b2AR-decoy_871,CC(C)/C=N/Nc1nc(c2ccc(Br)cc2)cs1,-7.763,-5.897438011178515,-5.1722460884698815,-4.514336949542789,-3.9663157872731594,-3.2278688930961845,-2.7050700452420706,-2.380417845601447,-4.320730518260667,-4.584578071486306,0
b2AR-decoy_872,Cc1ccc(C(O)(c2ccc(OC(C)C)cc2)c2cccnc2)c(F)c1,-8.926,-6.984438011178515,-6.590246088469881,-5.781336949542789,-5.746315787273158,-4.842868893096185,-4.753070045242071,-4.073417845601448,-5.8417305182606665,-5.805578071486307,0
b2AR-decoy_873,CCCC[C@@]12CCC(=O)C(CC)=C1c1ccc3[nH]ncc3c1C2,-9.262,-6.997438011178515,-6.535246088469881,-5.40133694954279,-5.489315787273158,-5.046868893096185,-4.883070045242072,-4.378417845601447,-6.478730518260667,-5.729578071486307,0
b2AR-decoy_874,CC1CCC(=NNc2nc(c3ccc(C#N)cc3)cs2)CC1,-9.467,-7.230438011178515,-6.611246088469882,-5.857336949542789,-5.612315787273159,-4.548868893096184,-4.050070045242071,-3.833417845601448,-5.555730518260667,-6.052578071486307,0
b2AR-decoy_875,O=C(N/N=C/c1cccc(Cl)c1Cl)c1cc2c(s1)CCCC2,-9.413,-7.680438011178515,-6.75124608846988,-5.672336949542789,-5.602315787273158,-4.7438688930961845,-4.556070045242072,-4.492417845601446,-5.937730518260667,-6.703578071486307,0
b2AR-decoy_876,COc1ccc(C(=O)c2coc3c(Cl)cc(O)c(Cl)c23)cc1,-8.044,-6.293438011178516,-5.9512460884698815,-4.90333694954279,-4.883315787273158,-4.045868893096185,-3.408070045242071,-3.454417845601447,-5.051730518260666,-5.2555780714863065,0
b2AR-decoy_877,C/C(=N\Nc1nc(c2ccccc2)c(C)s1)c1ccccc1,-9.33,-7.789438011178515,-6.7222460884698805,-5.72433694954279,-5.511315787273158,-5.056868893096185,-4.682070045242071,-4.214417845601448,-6.4217305182606665,-6.704578071486306,0
b2AR-decoy_878,CCCc1cc(c2c(O)c(C)c(C)c3c2CCC(C)(C)O3)no1,-8.643,-6.176438011178515,-6.634246088469881,-4.8443369495427895,-4.639315787273159,-4.737868893096184,-3.688070045242071,-3.480417845601448,-4.9057305182606665,-4.869578071486306,0
b2AR-decoy_879,Cc1cc(/C=C/C(=O)NCCn2c(C)cc3ccccc32)cc(C)c1F,-9.759,-7.305438011178515,-7.475246088469881,-5.780336949542789,-6.220315787273158,-5.601868893096185,-5.057070045242071,-4.717417845601446,-5.508730518260666,-7.134578071486306,0
b2AR-decoy_88,CCC(O)(c1cn(Cc2ccc3c(c2)scc3c2ccccc2)nn1)C(F)(F)F,-10.246,-7.684438011178516,-7.282246088469881,-6.39133694954279,-5.804315787273158,-5.444868893096185,-5.169070045242071,-4.379417845601447,-7.1237305182606665,-7.881578071486306,0
b2AR-decoy_880,CCSC1=C(C#N)C(c2ccc3c(c2)OCO3)C2=C(O)CCCC2=N1,-9.412,-6.557438011178515,-7.058246088469881,-5.49733694954279,-5.431315787273158,-5.0658688930961855,-4.073070045242071,-3.991417845601447,-5.150730518260667,-5.305578071486307,0
b2AR-decoy_881,Cc1cc(C)c(/C=C/[C@@H]2C[C@@H](O)CC(=O)O2)c(c2ccc(F)c(C)c2)c1,-10.296,-7.435438011178515,-8.264246088469882,-6.97733694954279,-6.555315787273159,-5.737868893096184,-5.07107004524207,-5.036417845601447,-6.842730518260666,-7.262578071486306,0
b2AR-decoy_882,COc1ccc(C(=O)c2coc3cc(Cl)c(O)c(Cl)c23)cc1,-8.618,-6.423438011178515,-5.978246088469882,-5.02333694954279,-4.949315787273159,-4.067868893096184,-3.716070045242072,-3.2854178456014465,-5.0677305182606665,-5.742578071486307,0
b2AR-decoy_883,Cc1ccc(/C=N/Nc2nc(c3ccc(F)cc3)cs2)cc1,-9.352,-7.683438011178515,-6.702246088469881,-5.921336949542789,-5.458315787273158,-4.942868893096184,-4.35007004524207,-4.024417845601446,-6.054730518260666,-6.430578071486307,0
b2AR-decoy_884,COc1cc(OC)cc(c2ccc(c3ccc(O)cc3)cc2)c1,-8.067,-5.581438011178515,-5.935246088469881,-3.97833694954279,-4.403315787273159,-3.739868893096185,-4.082070045242071,-3.153417845601447,-4.781730518260666,-5.047578071486306,0
b2AR-decoy_885,O=C(/C=C/c1cncc(Br)c1)c1ccc2ccccc2c1O,-10.03,-7.882438011178515,-7.109246088469881,-6.326336949542791,-5.919315787273158,-5.200868893096185,-4.736070045242071,-4.240417845601447,-5.860730518260667,-7.331578071486307,0
b2AR-decoy_886,COc1ccccc1COc1ccc2c(c1)C(C)=CC(C)(C)N2,-9.354,-7.198438011178515,-6.859246088469881,-5.5783369495427895,-5.752315787273158,-5.362868893096184,-4.336070045242071,-3.969417845601447,-5.589730518260666,-6.260578071486307,0
b2AR-decoy_887,COc1cc(c2nnc(SCc3ccc(Cl)cc3)o2)ccc1O,-8.969,-7.043438011178516,-6.1132460884698805,-5.755336949542789,-5.105315787273158,-4.811868893096184,-4.099070045242071,-3.7374178456014473,-5.492730518260666,-5.857578071486307,0
b2AR-decoy_888,CC(C)c1ccc(c2cnc3sc(NCc4ccncc4)nn32)cc1,-9.636,-7.666438011178515,-7.123246088469882,-5.989336949542789,-6.172315787273158,-5.7598688930961846,-4.887070045242071,-4.443417845601447,-6.747730518260667,-6.378578071486306,0
b2AR-decoy_889,CCCCCc1cc2c(=O)c(c3nc(C)cs3)coc2cc1O,-8.399,-6.284438011178516,-5.7732460884698815,-5.325336949542789,-4.253315787273158,-4.526868893096184,-3.7730700452420702,-3.345417845601447,-5.497730518260667,-5.363578071486307,0
b2AR-decoy_89,CC(=O)c1c(O)c(CC=C(C)C)c2c3c1OC1(C)CCC(C3C1)C(C)(C)O2,-8.721,-7.179438011178515,-7.1562460884698815,-6.056336949542789,-5.137315787273158,-5.1798688930961845,-3.695070045242071,-4.716417845601447,-6.102730518260666,-5.518578071486306,0
b2AR-decoy_890,Clc1cncc(Cl)c1N/N=C/c1ccccc1c1ccccc1,-8.982,-7.597438011178514,-6.525246088469881,-5.726336949542789,-5.041315787273158,-4.506868893096184,-4.598070045242071,-3.7214178456014473,-5.792730518260667,-5.773578071486307,0
b2AR-decoy_891,C(=N/Nc1nc(c2ccc3ccccc3c2)cs1)\c1cccs1,-9.826,-7.891438011178515,-6.8262460884698815,-5.98733694954279,-5.704315787273158,-5.131868893096184,-4.597070045242072,-4.467417845601446,-6.102730518260666,-6.915578071486307,0
b2AR-decoy_892,CC(C)=CCc1c(O)cc(O)cc1c1cc2ccc(O)cc2o1,-8.841,-6.732438011178516,-6.266246088469881,-5.357336949542789,-5.033315787273159,-4.420868893096184,-4.043070045242072,-3.731417845601447,-5.356730518260667,-6.164578071486307,0
b2AR-decoy_893,COc1cccc(c2sc3ccc(OC)cc3c2C#CC(C)(C)O)c1,-7.485,-5.615438011178515,-5.095246088469882,-4.32233694954279,-4.005315787273158,-3.744868893096185,-4.02307004524207,-2.911417845601447,-4.262730518260667,-4.3565780714863065,0
b2AR-decoy_894,COc1cc(Sc2c[nH]c3ccc(C)cc23)cc(OC)c1OC,-7.19,-5.709438011178516,-4.853246088469882,-4.184336949542789,-4.536315787273159,-3.2198688930961845,-3.390070045242071,-2.6714178456014466,-4.632730518260666,-5.060578071486306,0
b2AR-decoy_895,Cc1cc(Cl)c2ccc(Cl)cc2c1CCC1C[C@@H](O)CC(=O)O1,-9.352,-7.132438011178515,-7.25424608846988,-5.75733694954279,-5.664315787273159,-5.630868893096185,-4.663070045242071,-4.339417845601448,-6.1717305182606665,-6.025578071486306,0
b2AR-decoy_896,CCCOc1ccc2c(c1)C(C)(C)Oc1cc3oc(=O)cc(O)c3cc1-2,-8.742,-7.1614380111785145,-6.523246088469881,-5.19633694954279,-5.298315787273159,-5.515868893096185,-4.149070045242072,-4.490417845601447,-6.367730518260666,-5.515578071486306,0
b2AR-decoy_897,CC(C)c1ccc(c2cnc3sc(NCc4cccnc4)nn32)cc1,-9.999,-7.907438011178515,-7.271246088469882,-5.95633694954279,-6.532315787273159,-5.850868893096184,-5.021070045242071,-4.741417845601447,-7.034730518260666,-6.324578071486307,0
b2AR-decoy_898,COc1cccc(c2csc(N/N=C(\C)c3cccs3)n2)c1,-8.595,-6.584438011178515,-5.998246088469881,-4.910336949542789,-4.784315787273158,-4.128868893096184,-3.831070045242072,-3.266417845601447,-5.303730518260666,-5.474578071486306,0
b2AR-decoy_899,COc1ccc(NC(=O)/C=C/c2ccc(C(C)(C)C)cc2)cc1,-9.661,-7.568438011178515,-6.1772460884698805,-5.65733694954279,-5.717315787273158,-4.749868893096185,-4.24707004524207,-3.941417845601446,-6.010730518260667,-6.201578071486306,0
b2AR-decoy_9,COc1c(C)cc2c(c1CC=C(C)C)O[C@H]1c3ccc(O)cc3OC[C@@H]21,-8.977,-7.490438011178515,-6.933246088469881,-5.220336949542789,-5.457315787273158,-5.3638688930961855,-5.153070045242071,-4.893417845601446,-6.1237305182606665,-6.302578071486307,0
b2AR-decoy_90,COc1cc(OC)c(c2ccc(O)c3c(OC)cc(C)cc32)c2c1C(C)=N[C@@H](C)C2,-8.339,-6.223438011178516,-6.667246088469881,-5.637336949542791,-4.521315787273158,-4.207868893096185,-3.395070045242071,-3.4084178456014467,-5.358730518260666,-4.770578071486306,0
b2AR-decoy_900,CC(C)=NNc1nc(c2ccc(c3ccccc3)cc2)cs1,-8.711,-6.727438011178515,-6.2702460884698805,-5.10333694954279,-4.372315787273158,-4.215868893096184,-4.452070045242071,-3.692417845601448,-5.602730518260666,-6.040578071486307,0
b2AR-decoy_901,COc1cc(OC)cc(c2cccc(c3ccc(O)cc3)c2)c1,-9.879,-7.609438011178515,-6.984246088469881,-6.399336949542789,-5.9343157872731584,-5.132868893096184,-4.968070045242071,-4.050417845601446,-6.178730518260666,-6.500578071486306,0
b2AR-decoy_902,C=C[C@@]1(C)CCC2=C([C@H](OC)[C@@H](O)[C@H]3C(C)(C)CCC[C@]23C)[C@@H]1OC,-9.251,-8.433438011178515,-7.159246088469882,-5.665336949542789,-4.841315787273159,-5.645868893096186,-2.752070045242071,-3.833417845601448,-5.8737305182606665,-5.319578071486307,0
b2AR-decoy_903,CC(C)[C@@H]1CC[C@@H](C)C[C@H]1NC(=O)Oc1ccc(Cl)cc1,-8.722,-6.864438011178516,-6.639246088469882,-5.412336949542789,-5.088315787273158,-4.449868893096184,-4.175070045242071,-3.655417845601447,-5.577730518260667,-5.4575780714863065,0
b2AR-decoy_904,Oc1ccc(/C(=N\c2ccc(Cl)cc2)c2ccc(O)cc2O)cc1,-8.485,-7.068438011178515,-6.278246088469881,-5.28533694954279,-4.959315787273159,-4.394868893096184,-4.206070045242072,-3.8674178456014463,-5.494730518260667,-5.9415780714863065,0
b2AR-decoy_905,C/C(Sc1nnc(Cc2ccccc2)o1)=C(\O)c1ccccc1,-8.93,-7.223438011178516,-6.93724608846988,-5.569336949542789,-5.404315787273159,-5.1028688930961845,-4.395070045242072,-3.8734178456014474,-5.974730518260666,-6.731578071486307,0
b2AR-decoy_906,CCOC(=O)C1=C(C)NC(c2ccc(C)cc2)=CC1c1cccs1,-9.218,-7.298438011178515,-6.755246088469882,-6.11333694954279,-5.419315787273158,-4.955868893096184,-4.557070045242071,-4.233417845601446,-5.455730518260667,-6.204578071486306,0
b2AR-decoy_907,Clc1ccc(SCc2n[nH]c(c3ccc(Br)cc3)n2)cc1,-8.829,-7.111438011178516,-6.439246088469881,-5.854336949542789,-5.000315787273159,-4.372868893096184,-3.993070045242071,-3.760417845601447,-5.309730518260666,-5.879578071486307,0
b2AR-decoy_908,COc1ccc(C2CC(c3cccc(O)c3)=Nc3ccccc3S2)cc1,-8.002,-5.546438011178515,-6.024246088469881,-4.61233694954279,-4.485315787273159,-3.4998688930961848,-2.972070045242071,-3.037417845601447,-4.676730518260666,-4.711578071486307,0
b2AR-decoy_909,Cc1[nH]c(C)c(c2ccc(Oc3ccc(Cl)cc3)cc2)c(=O)c1C,-9.28,-7.486438011178516,-6.352246088469881,-5.83033694954279,-5.690315787273159,-4.726868893096185,-4.833070045242071,-3.7374178456014473,-5.6127305182606655,-6.425578071486306,0
b2AR-decoy_91,Cc1ccc(c2csc(/C(C#N)=C/Nc3ccccc3SC(F)(F)F)n2)cc1,-9.142,-7.247438011178515,-6.944246088469882,-5.89433694954279,-5.459315787273159,-5.178868893096185,-4.402070045242072,-3.845417845601446,-5.643730518260666,-6.414578071486307,0
b2AR-decoy_910,Cc1ccc2oc3c(SCc4nc5ccccc5[nH]4)nc(C)nc3c2c1,-11.353,-9.101438011178516,-8.592246088469881,-7.716336949542789,-6.755315787273158,-6.580868893096184,-5.969070045242072,-5.619417845601447,-7.039730518260667,-8.177578071486307,0
b2AR-decoy_911,Cc1ccc(C(C)C)cc1OC(=O)Nc1ccc(Cl)c(Cl)c1,-9.659,-7.439438011178515,-6.991246088469881,-5.742336949542789,-5.984315787273159,-4.9408688930961855,-4.588070045242072,-4.128417845601447,-6.143730518260666,-5.935578071486306,0
b2AR-decoy_912,COc1cc(/C=C/C(=O)c2cccc(c3cccc(F)c3)c2)ccc1O,-10.054,-8.013438011178515,-6.974246088469881,-6.905336949542789,-6.131315787273158,-5.567868893096184,-5.04207004524207,-4.634417845601448,-6.180730518260667,-7.032578071486306,0
b2AR-decoy_913,CC(C)/C(=N\O)c1ccc(Sc2cc(F)cc(C3CCOCC3)c2)cc1,-9.567,-7.528438011178515,-6.852246088469881,-6.37233694954279,-5.795315787273159,-5.573868893096185,-5.086070045242071,-4.388417845601447,-6.263730518260667,-6.2555780714863065,0
b2AR-decoy_914,O=[N+]([O-])c1ccc(/C=C/c2ccc3c(Cl)cc(Cl)c(O)c3n2)cc1,-9.821,-7.735438011178514,-7.260246088469881,-6.22433694954279,-6.109315787273159,-5.237868893096184,-4.915070045242072,-4.595417845601446,-5.892730518260667,-6.117578071486307,0
b2AR-decoy_915,Clc1ccc(c2csc(NN=C3CCCC3)n2)c(Cl)c1,-8.966,-6.934438011178516,-5.971246088469881,-5.482336949542789,-4.748315787273159,-4.297868893096185,-3.467070045242071,-3.484417845601447,-5.340730518260666,-5.652578071486307,0
b2AR-decoy_916,Fc1cc(F)cc(/C=C/c2n[nH]c3cc(c4ccncc4)ccc23)c1,-10.106,-8.426438011178515,-7.514246088469882,-6.94933694954279,-6.669315787273158,-5.720868893096185,-5.578070045242072,-5.049417845601447,-7.245730518260666,-7.452578071486306,0
b2AR-decoy_917,Oc1cccc(/C=C/c2cc(O)cc(/C=C/c3cccc(O)c3)c2)c1,-9.423,-7.848438011178516,-7.647246088469881,-6.1423369495427895,-6.230315787273158,-5.4888688930961855,-5.395070045242072,-4.673417845601447,-6.508730518260666,-6.577578071486306,0
b2AR-decoy_918,CCOC(=O)C1=C(C)Nc2ccccc2SC1c1ccccc1Cl,-7.56,-5.149438011178515,-5.024246088469881,-3.57233694954279,-3.4803157872731587,-3.4218688930961845,-1.9890700452420715,-2.2164178456014465,-4.173730518260666,-3.9175780714863055,0
b2AR-decoy_919,CC(C)(C)OC(=O)Nc1ccc(c2cc(c3ccccc3)no2)cc1,-8.641,-6.9274380111785145,-5.830246088469881,-5.24333694954279,-4.846315787273159,-4.096868893096184,-4.375070045242071,-3.2384178456014467,-5.241730518260666,-6.051578071486306,0
b2AR-decoy_92,C[C@H](CCCC(C)(C)O)[C@H]1CC[C@H]2[C@@H]3[C@H](O)C=C4C[C@@H](O)CC[C@]4(C)[C@H]3CC[C@@]21C,-9.957,-8.863438011178514,-7.512246088469881,-6.694336949542789,-6.358315787273158,-6.0548688930961845,-4.608070045242071,-5.429417845601448,-7.188730518260666,-6.751578071486307,0
b2AR-decoy_920,COc1cccc(SC/C(=N\O)c2cc(Cl)sc2Cl)c1C,-7.699,-5.577438011178515,-5.359246088469881,-4.37033694954279,-4.227315787273159,-3.430868893096185,-3.10407004524207,-2.6874178456014466,-4.485730518260667,-4.641578071486307,0
b2AR-decoy_921,C/C(=N\OC(=O)Nc1ccccc1)c1sc2ccccc2c1C,-9.433,-7.716438011178516,-6.887246088469881,-5.7673369495427895,-5.663315787273158,-5.002868893096185,-4.730070045242071,-4.203417845601447,-5.990730518260666,-6.666578071486306,0
b2AR-decoy_922,C=C(C)CC1Oc2cccc(OC)c2-c2ccc3c(c21)C(C)=CC(C)(C)N3,-9.376,-7.228438011178515,-7.17424608846988,-5.540336949542789,-6.132315787273159,-5.651868893096184,-3.679070045242071,-4.602417845601448,-6.246730518260666,-6.1785780714863066,0
b2AR-decoy_923,COc1cc2c(cc1NC(=O)COc1cc(C)cc(C)c1)oc1ccccc12,-10.366,-8.704438011178516,-7.635246088469881,-7.213336949542789,-6.122315787273159,-5.224868893096184,-6.03607004524207,-5.475417845601447,-6.486730518260666,-7.280578071486307,0
b2AR-decoy_924,FC(F)(F)c1cccc(N=NNc2cccc(C(F)(F)F)c2)c1,-9.832,-7.602438011178515,-7.391246088469881,-6.43333694954279,-5.768315787273158,-5.223868893096185,-4.719070045242072,-4.427417845601447,-6.576730518260666,-6.461578071486306,0
b2AR-decoy_925,COc1cccc(C2CC(c3ccc(O)cc3)=Nc3ccccc3S2)c1,-7.868,-5.733438011178516,-5.431246088469881,-4.38733694954279,-4.035315787273158,-3.626868893096185,-3.3990700452420715,-2.6794178456014466,-4.559730518260666,-5.217578071486306,0
b2AR-decoy_926,CC1CCC(=NNc2nc(c3ccc4ccccc4c3)cs2)CC1,-11.064,-8.759438011178515,-8.054246088469881,-7.089336949542791,-6.843315787273159,-5.9138688930961845,-5.586070045242071,-5.547417845601446,-7.413730518260666,-8.091578071486307,0
b2AR-decoy_927,COc1ccc(c2cc(c3c(O)c(C)c(C)c4c3CCC(C)(C)O4)on2)cc1,-8.437,-7.355438011178515,-7.054246088469881,-5.97233694954279,-5.478315787273159,-4.750868893096184,-5.004070045242072,-4.130417845601446,-5.886730518260666,-6.529578071486306,0
b2AR-decoy_928,Cc1ccc(C(C)C)cc1OC(=O)Nc1ccc(C(F)(F)F)cc1,-9.904,-7.948438011178515,-7.021246088469882,-6.338336949542789,-6.290315787273158,-5.046868893096185,-4.874070045242071,-4.928417845601446,-6.166730518260666,-6.858578071486306,0
b2AR-decoy_929,CCOc1nn(c2ccc(Cl)cc2)c(O)c1/C=N/c1ccc(Cl)cc1,-8.963,-7.354438011178516,-7.185246088469881,-6.201336949542791,-5.623315787273159,-4.774868893096185,-4.29207004524207,-4.335417845601446,-5.587730518260667,-5.992578071486307,0
b2AR-decoy_93,C[C@H](C(O)CCC(C)(C)O)[C@H]1CC[C@H]2[C@@H]3CC=C4C[C@@H](O)CC[C@]4(C)[C@H]3CC[C@@]21C,-9.997,-8.320438011178515,-7.43724608846988,-7.114336949542789,-6.435315787273158,-5.995868893096185,-4.439070045242071,-5.120417845601446,-7.414730518260667,-6.7075780714863065,0
b2AR-decoy_930,CCCOC1Oc2ccc(F)cc2-c2ccc3c(c21)C(C)=CC(C)(C)N3,-9.71,-7.697438011178516,-7.034246088469882,-5.716336949542789,-5.258315787273158,-5.7068688930961855,-5.051070045242071,-4.266417845601447,-6.263730518260667,-6.574578071486307,0
b2AR-decoy_931,CCOC(=O)/C(=C\Nc1ccc(Cl)cc1Cl)c1ccc(Cl)cc1,-8.407,-6.356438011178515,-6.255246088469882,-5.0943369495427895,-4.900315787273158,-4.3978688930961845,-3.653070045242071,-3.444417845601447,-4.8897305182606665,-5.488578071486307,0
b2AR-decoy_932,COc1ccc2nc(N=Nc3ccc(O)c4ccccc34)sc2c1,-9.362,-7.540438011178516,-6.539246088469881,-5.82133694954279,-5.970315787273158,-4.771868893096185,-4.407070045242071,-4.078417845601447,-5.971730518260667,-5.889578071486307,0
b2AR-decoy_933,Cc1[nH]n(c2ccccc2)c(=O)c1N=Nc1c(Cl)cccc1Cl,-9.552,-7.284438011178516,-6.6242460884698815,-5.935336949542791,-5.320315787273158,-4.5708688930961845,-4.431070045242072,-4.1524178456014464,-6.190730518260667,-6.770578071486307,0
b2AR-decoy_934,CCc1cccc(C)c1NC(=O)c1nnc(c2cc(Cl)ccc2Cl)o1,-9.284,-7.784438011178516,-6.755246088469882,-6.1743369495427896,-5.672315787273158,-5.124868893096185,-4.288070045242071,-4.206417845601447,-7.235730518260667,-6.346578071486306,0
b2AR-decoy_935,Clc1ccc(c2csc(NN=C3CCCCCC3)n2)c(Cl)c1,-6.972,-4.854438011178515,-4.303246088469881,-3.38033694954279,-2.9613157872731586,-2.2378688930961843,-2.1990700452420717,-1.643417845601447,-3.4107305182606664,-3.6675780714863055,0
b2AR-decoy_936,CC(=O)Nc1cc(C(F)(F)F)ccc1Oc1cccc(Br)c1,-9.641,-8.011438011178516,-7.334246088469881,-6.700336949542789,-5.856315787273159,-5.274868893096185,-4.489070045242071,-4.473417845601446,-6.813730518260666,-6.747578071486307,0
b2AR-decoy_937,CC1CCC/C(=N\Nc2nc(c3ccc4ccccc4c3)cs2)C1,-10.845,-8.965438011178515,-7.855246088469881,-6.81133694954279,-6.649315787273158,-5.793868893096185,-5.678070045242071,-5.445417845601448,-7.490730518260666,-7.976578071486307,0
b2AR-decoy_938,Clc1ccc(/N=N/Nc2ccc(Cl)c(Cl)c2)cc1Cl,-8.135,-6.402438011178516,-5.351246088469881,-4.63333694954279,-4.232315787273159,-3.630868893096185,-3.4360700452420714,-2.9984178456014465,-4.7247305182606665,-5.034578071486306,0
b2AR-decoy_939,Cc1cc(C(c2ccc(O)cc2)c2cc(C)c(O)cc2C)c(C)cc1O,-8.973,-6.7224380111785145,-7.009246088469881,-5.54233694954279,-5.104315787273158,-5.530868893096185,-4.654070045242071,-4.252417845601446,-5.2887305182606665,-5.2555780714863065,0
b2AR-decoy_94,CCCCC[C@](C)(O)[C@H]1CC[C@H]2[C@@H]3C[C@H](O)[C@H]4C[C@@H](O)CC[C@]4(C)[C@H]3CC[C@@]21C,-9.466,-7.932438011178515,-6.957246088469882,-5.729336949542789,-5.114315787273158,-5.876868893096185,-5.121070045242071,-4.265417845601446,-6.486730518260666,-6.476578071486307,0
b2AR-decoy_940,CC(Oc1ccc(c2ccccc2)cc1)C(=O)Nc1ccc(Cl)cc1,-10.325,-8.859438011178515,-7.464246088469881,-7.092336949542791,-6.260315787273159,-5.423868893096184,-5.564070045242071,-5.051417845601447,-6.434730518260666,-7.745578071486307,0
b2AR-decoy_941,CCOC(=O)/C=C1\CC[C@H]2[C@@H]3CCc4cc(O)c(CC)cc4[C@H]3CC[C@]12C,-9.296,-7.338438011178516,-6.567246088469881,-6.303336949542789,-5.654315787273159,-5.628868893096184,-5.1380700452420704,-4.576417845601448,-6.6557305182606665,-6.382578071486307,0
b2AR-decoy_942,O=C(Nc1nc(c2cccc(Br)c2)cs1)Oc1ccccc1,-9.475,-7.751438011178514,-6.917246088469881,-5.53233694954279,-5.6843157872731584,-4.728868893096184,-4.604070045242072,-3.892417845601447,-5.697730518260666,-6.652578071486307,0
b2AR-decoy_943,Cc1cc(N2CCc3ccsc3C2)cc(C)c1NC(=O)CC(C)(C)C,-8.764,-7.540438011178516,-6.237246088469881,-6.06433694954279,-4.077315787273158,-3.7548688930961847,-4.429070045242071,-3.5644178456014477,-5.765730518260666,-6.360578071486307,0
b2AR-decoy_944,FC(F)(F)c1ccccc1c1cc2cn[nH]c2cc1OCC1CC1,-8.601,-6.237438011178515,-6.098246088469882,-4.8923369495427895,-5.283315787273159,-4.648868893096184,-3.422070045242071,-3.2674178456014467,-5.594730518260667,-5.540578071486307,0
b2AR-decoy_945,O=[N+]([O-])c1cccc(/C=C/c2ccc3c(Cl)cc(Cl)c(O)c3n2)c1,-9.64,-7.3424380111785155,-6.832246088469882,-6.04233694954279,-5.819315787273158,-5.0388688930961845,-5.238070045242072,-4.570417845601448,-6.182730518260666,-6.125578071486306,0
b2AR-decoy_946,O=C(Nc1ccccc1Cl)Oc1ccc(c2ccccc2)cc1,-9.965,-8.435438011178515,-7.262246088469881,-6.172336949542789,-6.027315787273158,-5.276868893096184,-4.80507004524207,-4.644417845601447,-6.403730518260666,-7.649578071486307,0
b2AR-decoy_947,O=C(CSc1snnc1c1ccc2ccccc2c1)Nc1ccccc1,-10.586,-8.642438011178514,-6.704246088469882,-5.864336949542789,-6.018315787273158,-5.606868893096184,-4.82107004524207,-4.811417845601447,-6.169730518260666,-7.309578071486307,0
b2AR-decoy_948,COc1c(Cl)cc(Cl)cc1C(=O)c1[nH]c(Cl)c(Cl)c1Cl,-7.632,-5.5684380111785154,-5.708246088469881,-4.21733694954279,-4.462315787273158,-3.5808688930961843,-3.2450700452420707,-2.662417845601447,-4.6397305182606665,-4.335578071486307,0
b2AR-decoy_949,Oc1ccc(/C=C/c2ccc(/C=C/c3ccc(O)c(O)c3)cc2)cc1,-9.522,-8.072438011178516,-6.596246088469881,-6.028336949542791,-6.028315787273158,-5.234868893096184,-4.833070045242071,-4.334417845601447,-6.495730518260666,-6.666578071486306,0
b2AR-decoy_95,O=Cc1cc(Cl)c(OCc2cccc(c3ccccc3)c2Br)cc1O,-9.918,-7.783438011178514,-6.855246088469881,-6.60333694954279,-6.020315787273159,-5.279868893096184,-4.678070045242071,-4.162417845601446,-6.027730518260666,-6.772578071486306,0
b2AR-decoy_950,Cc1[nH]c(C)c(c2ccc(Oc3ccc(F)cc3)cc2)c(=O)c1Cl,-9.087,-7.925438011178516,-6.2972460884698815,-5.986336949542789,-4.840315787273159,-4.841868893096185,-4.858070045242071,-3.749417845601446,-5.680730518260667,-6.259578071486306,0
b2AR-decoy_951,O=S(=O)(Nc1ccc(Cl)cc1Cl)c1cc(Cl)ccc1Cl,-7.987,-6.584438011178515,-6.253246088469881,-5.04733694954279,-4.695315787273159,-4.138868893096184,-3.6750700452420713,-3.2404178456014465,-5.312730518260667,-5.379578071486307,0
b2AR-decoy_952,C=CCC1Oc2ccc(F)c(OC)c2-c2ccc3c(c21)C(C)=CC(C)(C)N3,-9.507,-7.140438011178516,-6.870246088469882,-5.35333694954279,-5.361315787273158,-5.519868893096184,-4.343070045242071,-4.059417845601447,-6.5517305182606655,-6.095578071486306,0
b2AR-decoy_953,O=C(c1cccc(F)c1)c1oc2cc(O)ccc2c1c1cccc2ccccc21,-11.014,-8.490438011178515,-8.40824608846988,-7.2783369495427905,-6.499315787273158,-5.967868893096185,-5.980070045242071,-5.554417845601448,-7.473730518260666,-7.299578071486307,0
b2AR-decoy_954,O/N=C(\COc1cccc2ccccc12)c1ccc(c2ccccc2)cc1,-10.674,-8.932438011178515,-8.329246088469882,-7.2303369495427905,-6.896315787273158,-6.256868893096184,-5.97507004524207,-5.928417845601446,-7.443730518260667,-8.186578071486306,0
b2AR-decoy_955,COc1cccc(C2CC(c3ccccc3O)=Nc3ccccc3S2)c1,-8.081,-5.944438011178515,-5.615246088469881,-4.4853369495427895,-4.182315787273159,-3.982868893096184,-2.7260700452420714,-2.632417845601447,-4.4217305182606665,-5.328578071486307,0
b2AR-decoy_956,CO/C(=C\c1ccc(Br)cc1)C(=O)Nc1ccc(C(C)C)cc1,-9.03,-7.211438011178515,-6.525246088469881,-5.74733694954279,-5.411315787273159,-4.416868893096185,-4.493070045242071,-3.9394178456014473,-5.713730518260666,-6.0215780714863065,0
b2AR-decoy_957,Cc1ccc(c2nnc(Nc3cccc(Br)c3)s2)c(C)c1,-9.03,-8.052438011178515,-6.762246088469881,-6.092336949542791,-5.331315787273159,-4.8928688930961854,-4.706070045242072,-4.134417845601448,-5.567730518260666,-6.840578071486307,0
b2AR-decoy_958,O=C(Nc1ccc(OC(F)(F)F)cc1)Oc1ccccc1N1CCCCC1,-10.044,-7.948438011178515,-7.584246088469881,-6.66033694954279,-5.829315787273158,-5.617868893096185,-5.502070045242071,-5.084417845601447,-5.638730518260667,-6.671578071486307,0
b2AR-decoy_959,CC(C)Sc1sc(C(=O)NC2CC2)c(c2ccc(Cl)cc2)c1C#N,-6.761,-5.263438011178515,-5.291246088469881,-3.9673369495427897,-3.967315787273159,-3.4488688930961846,-2.5750700452420707,-2.188417845601447,-4.275730518260667,-3.764578071486307,0
b2AR-decoy_96,COc1cc2c(cc1OC)Sc1ncnc(Sc3cccc(Cl)c3)c1NC2,-9.634,-7.518438011178516,-6.718246088469881,-5.155336949542789,-6.032315787273159,-4.717868893096185,-2.5560700452420706,-3.428417845601447,-5.961730518260666,-5.884578071486306,0
b2AR-decoy_960,Clc1ccc(c2nnc(NC34CC5CC(CC(C5)C3)C4)s2)cc1,-10.049,-8.323438011178515,-7.492246088469882,-5.771336949542789,-5.504315787273159,-5.0498688930961855,-5.144070045242071,-4.349417845601447,-6.196730518260667,-6.664578071486307,0
b2AR-decoy_961,C=C(CC[C@H]1[C@@H](C)CCCC1(C)C)C(O)Cc1c(O)cc(C)cc1O,-9.784,-7.409438011178516,-7.209246088469881,-6.13133694954279,-5.755315787273158,-4.895868893096186,-4.733070045242071,-4.285417845601447,-5.763730518260667,-6.2395780714863065,0
b2AR-decoy_962,O=C(/C=C\N(O)Cc1ccccc1)c1ccc(c2ccccc2)cc1,-9.012,-7.125438011178515,-6.75124608846988,-5.233336949542791,-5.845315787273158,-4.474868893096184,-3.810070045242071,-3.643417845601446,-6.250730518260667,-6.601578071486307,0
b2AR-decoy_963,CC(C)c1ccccc1Sc1c(O)cc(c2ccc(F)cc2)oc1=O,-8.813,-7.6724380111785155,-6.492246088469882,-5.59733694954279,-5.371315787273158,-5.201868893096185,-4.352070045242071,-4.787417845601446,-6.161730518260667,-6.540578071486307,0
b2AR-decoy_964,O=C1NC(=O)c2cc(Sc3ccccc3)c(Sc3ccccc3)cc21,-8.819,-7.216438011178516,-6.327246088469881,-6.08033694954279,-5.492315787273158,-5.160868893096184,-3.826070045242071,-3.6894178456014473,-5.563730518260666,-5.249578071486306,0
b2AR-decoy_965,COc1ccc(c2ccsc2c2cc(OC)c(OC)c(OC)c2)cc1O,-8.246,-5.659438011178515,-5.629246088469881,-4.64133694954279,-4.440315787273159,-3.8428688930961847,-2.741070045242071,-2.443417845601447,-4.605730518260667,-4.2555780714863065,0
b2AR-decoy_966,CCCCCc1cc(O)c2c(c1)OC(C)(C)[C@@H]1CC[C@@]3(C)O[C@H]3[C@@H]21,-9.523,-7.436438011178515,-7.211246088469881,-5.71233694954279,-5.446315787273159,-5.310868893096185,-4.81807004524207,-4.755417845601446,-6.084730518260667,-7.047578071486306,0
b2AR-decoy_967,O=C(/C=C/c1csc(c2ccc(Cl)cc2)n1)c1cccc(O)c1,-9.527,-7.660438011178515,-7.000246088469881,-6.043336949542789,-5.975315787273159,-5.140868893096185,-5.031070045242071,-4.737417845601447,-6.154730518260667,-6.267578071486307,0
b2AR-decoy_968,Cc1oc(c2ccccc2Cl)nc1CSc1nc(O)c2c(n1)CCC2,-10.916,-8.735438011178514,-7.647246088469881,-7.143336949542789,-6.666315787273158,-6.2888688930961845,-5.445070045242071,-4.771417845601446,-7.239730518260666,-7.505578071486306,0
b2AR-decoy_969,O=C(/C=C/c1ccc(OCc2ccc(Cl)cc2)cc1)c1ccc(O)cc1,-9.476,-7.9994380111785155,-6.225246088469881,-6.00933694954279,-5.575315787273159,-4.194868893096185,-4.298070045242071,-4.378417845601447,-5.928730518260666,-6.612578071486306,0
b2AR-decoy_97,CCOC(=O)c1oc2cc(c3cccc(C(F)(F)F)c3)cc(O)c2c1C,-9.353,-7.146438011178516,-6.429246088469881,-5.85633694954279,-5.499315787273158,-5.202868893096184,-5.02607004524207,-4.451417845601448,-6.786730518260667,-5.877578071486306,0
b2AR-decoy_970,Cc1ccc(c2nc(SSc3ccc(Cl)cc3)n[nH]2)cc1,-9.291,-7.681438011178516,-6.737246088469881,-6.172336949542789,-5.255315787273158,-4.694868893096185,-4.262070045242071,-4.187417845601447,-5.513730518260667,-6.641578071486306,0
b2AR-decoy_971,CN(C)c1ccc(C(C/C(=N\O)c2ccccc2)c2ccccc2)cc1,-9.342,-7.369438011178515,-7.272246088469881,-5.931336949542789,-5.867315787273158,-4.937868893096185,-4.540070045242072,-4.253417845601447,-5.750730518260667,-6.446578071486307,0
b2AR-decoy_972,COc1cc(/C=N/c2cc(C)c(O)cc2C(C)C)cc(OC)c1OC,-7.268,-5.441438011178515,-5.200246088469881,-4.304336949542789,-3.9843157872731583,-3.3428688930961847,-2.975070045242071,-2.669417845601447,-5.085730518260666,-3.8785780714863063,0
b2AR-decoy_973,CC(C)c1ccc(S(=O)(=O)Nc2ccc(SC(F)F)cc2)cc1,-8.856,-6.713438011178516,-6.103246088469881,-5.043336949542789,-5.290315787273158,-4.298868893096184,-4.110070045242072,-3.7214178456014473,-5.517730518260667,-5.328578071486307,0
b2AR-decoy_974,COc1cc(/C=C/C(=O)OC2CC3CCC2(C)C3(C)C)cc(Cl)c1O,-9.644,-7.641438011178515,-6.3312460884698805,-5.700336949542789,-5.225315787273159,-4.9298688930961845,-4.31807004524207,-3.9504178456014474,-6.408730518260667,-6.188578071486306,0
b2AR-decoy_975,O=C1C(Sc2ccccc2)=C(Sc2ccccc2)C(=O)c2[nH]ccc21,-8.596,-6.6774380111785145,-7.027246088469882,-5.668336949542789,-5.398315787273159,-4.432868893096185,-3.8240700452420704,-3.779417845601447,-5.677730518260667,-5.343578071486306,0
b2AR-decoy_976,Cc1cccc(C)c1N=C([S-])/C(=C(\O)c1cccs1)[n+]1ccccc1,-8.804,-6.739438011178516,-6.247246088469881,-5.191336949542789,-5.273315787273159,-4.887868893096185,-4.109070045242071,-3.837417845601447,-5.258730518260666,-5.847578071486307,0
b2AR-decoy_977,COc1ccc2cc(C(C)c3nnc(c4ccc(O)cc4)o3)ccc2c1,-10.46,-8.477438011178515,-7.70324608846988,-6.83133694954279,-6.473315787273158,-5.691868893096185,-5.277070045242072,-5.182417845601448,-6.590730518260667,-7.490578071486306,0
b2AR-decoy_978,CCCC(=O)Nc1sc(C)c(c2ccc(C(C)CC)cc2)c1C#N,-8.655,-6.6294380111785145,-6.2652460884698815,-4.98933694954279,-4.871315787273158,-4.278868893096185,-4.3880700452420704,-3.653417845601448,-5.435730518260666,-6.057578071486306,0
b2AR-decoy_979,COCO[C@@H]1C[C@]23CC[C@H]4[C@@](C)(CCC[C@@]4(C)CO)[C@@H]2CC[C@@]1(C)C3,-9.504,-7.293438011178516,-6.697246088469882,-5.793336949542789,-5.183315787273159,-5.591868893096185,-3.520070045242071,-4.551417845601447,-5.888730518260667,-5.549578071486307,0
b2AR-decoy_98,CCCCNC(=S)N1C/C(=C\c2ccc(C)cc2)C(=O)/C(=C/c2ccc(C)cc2)C1,-10.494,-8.666438011178515,-8.131246088469881,-7.268336949542789,-6.761315787273158,-5.482868893096185,-5.54207004524207,-5.194417845601446,-7.233730518260666,-7.120578071486307,0
b2AR-decoy_980,CCCCCc1cc2c(c3c1CCCO3)C1C[C@H](O)CC[C@H]1C(C)(C)O2,-9.457,-7.079438011178516,-7.128246088469881,-5.637336949542791,-5.566315787273158,-5.465868893096184,-5.455070045242071,-4.762417845601448,-5.915730518260666,-6.769578071486306,0
b2AR-decoy_981,CC(CNS(=O)(=O)c1ccccc1)c1ccc(c2ccccc2F)cc1,-10.322,-8.271438011178516,-7.538246088469881,-6.50933694954279,-6.200315787273159,-6.529868893096184,-4.995070045242072,-4.349417845601447,-6.992730518260666,-7.210578071486307,0
b2AR-decoy_982,C[C@]12CCC(=O)CC1CC[C@@H]1[C@@H]2CC[C@]2(C)[C@@H](O)[C@H](CCCN=[N+]=[N-])C[C@@H]12,-10.208,-8.602438011178515,-7.368246088469881,-7.287336949542789,-6.785315787273159,-5.508868893096185,-4.919070045242071,-5.263417845601447,-6.488730518260667,-6.017578071486307,0
b2AR-decoy_983,COc1ccc(/C=C/C(=O)c2ccc(NC(=O)c3cccs3)cc2)cc1,-8.354,-7.240438011178515,-6.060246088469881,-5.36533694954279,-4.621315787273159,-4.278868893096185,-3.878070045242071,-3.544417845601448,-4.910730518260666,-5.411578071486307,0
b2AR-decoy_984,CC(C)C1=C(Cc2ccccc2)C(=O)O/C1=C\c1ccc(O)c(Cl)c1,-9.855,-8.295438011178515,-7.100246088469881,-6.543336949542789,-5.594315787273159,-5.646868893096185,-5.069070045242071,-4.879417845601447,-6.549730518260667,-6.704578071486306,0
b2AR-decoy_985,CCCCSc1nc(O)cc(Cc2c(Cl)cccc2Cl)n1,-8.095,-5.624438011178516,-5.690246088469881,-4.29233694954279,-4.246315787273159,-3.768868893096185,-3.013070045242072,-2.6684178456014465,-4.685730518260667,-4.757578071486306,0
b2AR-decoy_986,Cc1[nH]c(C)c(c2ccc(OCc3ccc(F)cc3)cc2)c(=O)c1Cl,-9.085,-7.250438011178515,-6.314246088469881,-5.874336949542791,-5.337315787273159,-4.614868893096185,-4.593070045242071,-3.973417845601446,-6.3417305182606665,-6.311578071486306,0
b2AR-decoy_987,C=CCOCC1=CC(C)(C)Nc2ccc(c3ccccc3OC)cc21,-8.617,-6.2384380111785145,-6.571246088469881,-4.793336949542789,-4.096315787273158,-3.780868893096185,-3.897070045242071,-3.675417845601446,-4.738730518260667,-6.020578071486307,0
b2AR-decoy_988,CC#C[C@@]1(O)CC[C@@]2(CC)c3ccc(OCc4ccncc4)cc3CC[C@@H]2C1,-9.47,-7.356438011178515,-6.1722460884698815,-6.44633694954279,-4.828315787273159,-5.692868893096184,-4.658070045242072,-4.368417845601448,-6.1397305182606665,-6.108578071486306,0
b2AR-decoy_989,O=C(CC(Sc1ccccc1)c1ccco1)c1ccccc1O,-8.998,-6.893438011178516,-6.482246088469882,-5.12033694954279,-5.392315787273159,-4.5818688930961855,-3.890070045242071,-3.454417845601447,-5.167730518260666,-5.839578071486306,0
b2AR-decoy_99,Cc1ccc(c2cc(C(=O)NC(C)c3cnccn3)cc(c3scnc3C)c2)cc1,-9.859,-7.641438011178515,-7.275246088469881,-6.72233694954279,-5.971315787273159,-5.199868893096184,-5.190070045242072,-4.591417845601447,-7.013730518260667,-6.571578071486307,0
b2AR-decoy_990,O=C(Nc1nnc(c2cccs2)o1)c1ccc(SC(F)(F)F)cc1,-8.917,-7.235438011178514,-6.087246088469881,-5.88233694954279,-4.708315787273159,-4.791868893096185,-4.06807004524207,-4.037417845601446,-5.594730518260667,-6.145578071486307,0
b2AR-decoy_991,CCCc1c(C/C=C(\C)C/C=C/C(C)(C)C)oc(=O)c(C)c1O,-8.456,-6.524438011178516,-5.777246088469881,-5.20933694954279,-4.588315787273158,-3.9598688930961847,-3.746070045242071,-3.2464178456014467,-4.965730518260666,-5.355578071486306,0
b2AR-decoy_992,COc1ccc(c2ccc(C(=O)c3c(F)ccc(O)c3F)s2)cc1,-9.353,-7.062438011178514,-6.357246088469882,-5.236336949542789,-5.516315787273159,-4.774868893096185,-4.592070045242071,-4.167417845601447,-6.293730518260666,-5.794578071486306,0
b2AR-decoy_993,C=C[C@]1(C)CC[C@@H](C(=C)C)C[C@H]1C(=C)COC(=O)c1ccccc1O,-9.111,-7.460438011178516,-6.647246088469881,-6.370336949542789,-5.530315787273159,-5.180868893096184,-4.99107004524207,-4.232417845601447,-6.189730518260667,-6.087578071486307,0
b2AR-decoy_994,CCC(C)n1nc(C(F)(F)F)cc1/C(CSc1ccccc1)=N/O,-8.511,-6.399438011178516,-5.987246088469881,-4.76233694954279,-4.810315787273158,-3.7868688930961847,-4.025070045242071,-3.4664178456014465,-4.908730518260667,-5.615578071486306,0
b2AR-decoy_995,CCc1c(C)[nH]c(=O)c(c2ccsc2)c1Oc1cc(C)cc(C)c1,-8.077,-6.414438011178515,-6.096246088469881,-4.498336949542789,-4.692315787273159,-4.0388688930961845,-3.185070045242071,-2.933417845601447,-5.124730518260666,-4.6305780714863065,0
b2AR-decoy_996,COc1cc(/C=C/c2ccc(OC(=O)c3ccccc3O)cc2)cc(OC)c1,-9.6,-7.549438011178514,-6.216246088469882,-6.31833694954279,-5.556315787273158,-5.681868893096185,-4.618070045242071,-4.306417845601446,-6.218730518260667,-6.258578071486307,0
b2AR-decoy_997,Cc1ccc(c2cc(O)c(Sc3ccccc3C(C)C)c(=O)o2)cc1,-8.803,-7.809438011178516,-6.3742460884698815,-6.200336949542789,-5.321315787273159,-4.784868893096185,-4.457070045242071,-4.376417845601447,-5.736730518260666,-6.349578071486306,0
b2AR-decoy_998,CCCOC(=O)[C@]12CC[C@@]3(C)CC[C@@](C)(O)C=C[C@H]3[C@@H]1CC[C@@H]2C(C)C,-6.57,-5.265438011178516,-4.054246088469881,-3.639336949542789,-3.0693157872731582,-3.0898688930961846,-2.2900700452420706,-1.9644178456014467,-4.251730518260667,-3.6115780714863055,0
b2AR-decoy_999,O=C(CC(Sc1ccccc1)c1ccco1)c1ccc(O)cc1,-8.537,-6.980438011178515,-6.507246088469881,-4.97833694954279,-5.245315787273158,-4.436868893096184,-3.883070045242072,-3.714417845601448,-5.463730518260666,-5.963578071486307,0
