ligand_id,SMILES,cluster00_BE,cluster01_BE,cluster02_BE,cluster03_BE,cluster04_BE,cluster05_BE,cluster06_BE,cluster07_BE,cluster08_BE,cluster09_BE,is_active
b2AR-decoy_1239,O=C1C(c2ccc(Oc3ccccc3)cc2)=[N+]([O-])c2cc3c(cc21)OCO3,-10.9869176566154,-7.5749150093466255,-5.500083894143571,-3.91722318956386,-3.682845071198528,-3.3787597555307247,-6.458188597062971,-2.928794215857417,-5.202455077304256,-4.482063443641737,0
b2AR-decoy_263,Cc1n[nH]c(CN(C)c2cc3c(cc2C(=O)N[C@H]2CC[C@H](C(F)(F)F)CC2)nc(Nc2c(Cl)ccc(CNC(=O)C(C)(C)F)c2Cl)n3C)n1,-10.5579110002232,-6.810538292065045,-6.089438653182782,-5.25779411059246,-3.821149354295769,-4.317402226302214,-4.22735991085109,-4.845407230353278,-4.573664209128967,-5.463645975949966,0
b2AR-decoy_2573,O=C1c2ccccc2C(=O)c2c1cc(Sc1ccc3ccccc3c1)c1nsnc21,-10.2571143862104,-7.6611865669154255,-5.277423354414071,-3.55051012488061,-3.3531283679901183,-2.5794893971980946,-4.688710438673841,-2.7295522777019965,-3.973069933717026,-5.124427571547857,0
b2AR-decoy_2233,O=C1OC(O)C(c2cccc(c3ccc4ccccc4c3)c2)=C1c1ccc2ccccc2c1,-10.1334331031885,-7.272838680249896,-6.416646502314832,-6.11239555364371,-4.557818241923388,-2.9807723988890045,-3.336834023256161,-3.162095400281517,-5.259860997532987,-5.918013509934347,0
b2AR-decoy_265,CCn1cc(/C(=N/Nc2nc(c3ccc(F)cc3)c(C#N)s2)C(F)(F)F)c2cc(c3nc(C[NH+]4CCC[C@H]4C(=O)[O-])cs3)ccc21,-10.0767423104838,-6.158215920170786,-5.318064059310271,-5.194457639991351,-5.193039339102418,-4.056951774895914,-5.439476573157471,-3.184489311574957,-4.678645722114647,-6.644580680386186,0
b2AR-decoy_465,Cc1cc(c2ccc(C(=O)c3ccc(F)c(O)c3)cc2)ccc1O,-9.81880147305,-6.284613688563965,-5.407415851519271,-4.5123662677548895,-4.7253254889091885,-3.824485982164485,-3.816282993365581,-4.220917409394748,-5.088377212607637,-4.425501900876776,0
b2AR-decoy_250,CC(C)C[C@H]([NH3+])C(=O)Nc1ccc(C(=O)N[C@@H](Cc2c[nH]c3ccccc23)C(=O)[O-])cc1OCCc1c[nH]c2ccccc12,-9.78515512887709,-6.264254958630355,-4.6148858469582015,-4.05978168010566,-4.176883196219328,-4.134303165539805,-3.947774062137672,-4.655982459886477,-5.130261195759426,-3.612253311941207,0
b2AR-decoy_179,CC(C)(C)C(=O)OCC(Cc1ccccc1)NP(=O)(OC[C@H]1O[C@@H](n2ccc(N)nc2=O)[C@](C)(O)[C@@H]1O)Oc1ccccc1,-9.78418155145124,-4.951005484917816,-6.677110268440002,-5.587129604760669,-5.771625958840808,-7.154369576428884,-4.199726402328871,-4.604770939836127,-4.530671753696317,-5.868465372605957,0
b2AR-decoy_192,Cc1c(CNc2ccc(C[NH2+][C@H](CO)C(=O)[O-])c(OCc3cccc(C#N)c3)c2)cccc1c1ccc2c(c1)OCCO2,-9.75551736482299,-6.790432267236936,-6.812801407203862,-5.740086808206939,-5.955290792636079,-3.924860612146075,-4.614420949536051,-4.429435895016077,-5.070552061244007,-4.412670924918027,0
b2AR-decoy_891,C(=N/Nc1nc(c2ccc3ccccc3c2)cs1)\c1cccs1,-9.73389786872122,-7.232452256821425,-6.478379973085282,-5.56363683371247,-5.491513119548399,-4.663808702764525,-4.404743362779001,-3.904429374308936,-4.517779165781536,-5.687471835168287,0
b2AR-decoy_200,CCCCOC(=O)[C@H](C)NP(=O)(Oc1cccc2ccccc12)O[C@H](C)[C@H]1O[C@@H](n2ccc(N)nc2=O)[C@](C)(O)[C@@H]1O,-9.72205966409705,-6.008631108490016,-6.9756572648688415,-4.42509374809458,-5.806143630770629,-4.2295227722393545,-2.743179399681681,-4.125840433496506,-5.324203910778697,-5.111939527302887,0
b2AR-decoy_168,CCC(NC(=O)[C@@H]1C[C@@H](OCc2ccccc2)CN1C(=O)[C@H](NC(=O)[C@H](NC(=O)c1cnccn1)C(C)C)C(C)C)C(=O)C(F)(F)F,-9.66085288736462,-6.143428673169776,-4.994200830086611,-4.7693841187067,-4.763618330755259,-4.634475499895025,-3.517814589839311,-4.344070132546657,-4.793615472019226,-5.217880309444977,0
b2AR-decoy_845,COc1c(C)cc(c2ccc(/C=C(\C#N)c3nc4ccccc4[nH]3)o2)cc1C,-9.50536697401559,-5.414988379724075,-7.396061274611059,-2.80952461725182,-4.448028001735218,-0.979729828134885,-3.2084512011121014,-1.0148995019797464,-3.4006275425213763,-4.428624357948808,0
b2AR-decoy_2399,Nc1ccc(N2CC(CNC(=O)c3ccc(Cl)s3)OC2=O)cc1F,-9.49433033629827,-6.667879026753905,-6.693752976091622,-5.352558786579889,-5.621424779851239,-4.670164016267984,-4.8046116346419705,-3.989777286613986,-4.820767603377506,-4.435484743482977,0
b2AR-decoy_303,C[C@H](CCC(=O)OCc1cn(CC(O)(Cn2cncn2)c2ccc(F)cc2F)nn1)[C@H]1CC[C@H]2[C@@H]3CC[C@@H]4C[C@H](O)CC[C@]4(C)[C@H]3C[C@H](O)[C@@]21C,-9.40763259846751,-4.836609301628116,-3.850681292385901,-4.0543255475319695,-3.1818250703011888,-3.3145964305682147,-0.3428382776086112,-2.400434874549327,-3.2400880024986467,-2.5024994790720165,0
b2AR-decoy_2262,CC1=NN(c2cc(F)c(O)c(F)c2)C(=O)/C1=C\c1ccc(c2ccccc2C(F)F)o1,-9.34449639647508,-6.2680723445273845,-6.471894589104812,-4.31364197700714,-5.238454263690128,-2.7389123561878943,-3.129021021346131,-1.2776398491722265,-3.868524984036776,-4.782833992635936,0
b2AR-decoy_188,C#CCCC(=O)N[C@H](C(=O)N[C@@H](CC(C)C)C(=O)N[C@@H](CC(C)C)C(=O)N[C@@H](C)/C=C/C(=O)N1C(=O)C=C(OC)[C@@H]1C(C)C)[C@@H](C)CC,-9.33514230467529,-6.031611299234435,-6.134393388789702,-5.2896780006918505,-5.357918783121388,-4.719356135055184,-5.01375370544134,-2.968848459862227,-6.175797499688807,-5.446296836508676,0
b2AR-decoy_384,O=C(NCc1ccc(C(F)(F)F)c(F)c1)c1cc(Cl)ccc1O,-9.32571679874414,-5.348026406973156,-2.5934905552493213,-4.70420718824448,-3.986657320624969,-3.520990755249674,-3.407896948624801,-3.542580967953977,-4.654244231773957,-5.385286806169527,0
b2AR-decoy_324,Cc1ccc(O)c(Cc2cc(C)cc(Cc3cc(C)ccc3O)c2O)c1,-9.30563328428665,-5.869061119544335,-4.728325952407361,-3.18856006958472,-5.684994630331888,-5.006122438535234,-3.97341932891228,-1.943945613442977,-4.136781055802826,-3.3427884976593973,0
b2AR-decoy_212,O=C1[C@@H](CCn2cc(CO[C@H]3Cc4c(O)cc(O)cc4O[C@@H]3c3ccc(O)c(O)c3)nn2)[C@@H](c2ccccc2)N1c1ccccc1,-9.26439987577442,-6.075636793477215,-7.364715191542182,-5.35184950742768,-4.790310729355128,-4.424618155137505,-4.268651303864141,-3.857678378738587,-4.546644235882867,-5.798092743055516,0
b2AR-decoy_207,COc1cc(C(=O)NS(=O)(=O)c2ccccc2C)ccc1Cn1cc(CCC(=O)N2CCOCC2)c2ccc(C(=O)NCC3CCCC3)cc21,-9.25091357749036,-4.456823184078415,-4.359533317164011,-4.94263656752247,-2.8962483335530784,-0.0137396694529945,-2.079050305570771,-0.8767950242564071,-2.1039003733169768,-4.110929380610317,0
ASD03130019,CNC(=O)C(Cc1cccc(Br)c1)NC(=O)C(Cc1ccc(C(N)=O)cc1)NC(=O)C(c1ccccc1)C1CCCCC1,-9.22720402957465,-8.364620666690415,-8.69687143111998,-7.750556335429289,-8.63923735067286,-6.523904124536385,-8.002673150208071,-5.624229855733447,-8.713921740960167,-8.094432655611007,1
b2AR-decoy_2515,O=C(OCCC12C[C@H]3C[C@@H](C1)C[C@@H](C2)C3)c1cc(/N=C/c2cc(O)ccc2O)ccc1O,-9.22140366963368,-6.6834037631657655,-6.016396994211641,-4.47184854140861,-2.8084484115326083,-1.8559054448186645,-4.282569431763632,-3.2394158252577165,-4.9639813876794765,-5.152716197634316,0
b2AR-decoy_178,Cc1c(COc2cc(OCc3cccc(C#N)c3)c(C[NH2+][C@@H](C(=O)[O-])[C@H](C)O)cc2Cl)cccc1c1ccccc1,-9.21241267876961,-7.702845864755016,-4.726608645812501,-5.38400198113478,-4.392869806182269,-2.2150138212034145,-4.471974718898951,-2.773625213123837,-4.062048614171377,-6.679864967340327,0
b2AR-decoy_1109,NC(=O)c1ccccc1NC(=O)c1ccc(Oc2ccc3ccccc3c2)cc1,-9.21024440992066,-7.541312587257336,-3.704680438686161,-5.50165999751472,-3.6791249979666585,-2.867680152627885,-2.803193915030451,-1.8689848766674464,-4.155005377374186,-5.836509678476576,0
b2AR-decoy_2226,O=C1NC(=S)S/C1=C\N1N=C(c2ccc3ccccc3c2)CC1c1ccc(Cl)cc1,-9.20807494139206,-6.306798533202075,-6.724442494791671,-2.0357838718655,-3.9023050365587286,-3.549186289119385,-2.3683299015582118,-3.7119362440545576,-4.584019089504887,-5.133070641835106,0
b2AR-decoy_254,C[C@@H](S[C@H]1CO[C@H](c2ccc(C(=O)Nc3ccc(C#N)c(C#N)c3)cc2)OC1)[C@](O)(Cn1cncn1)c1ccc(F)cc1F,-9.16398433368719,-6.452430127418944,-5.9532693461129815,-3.50970611347579,-3.098744552622448,-5.423204944198416,-2.9912674493403117,-5.058470151508248,-5.620250481264746,-5.125970914446327,0
b2AR-decoy_698,Cc1cc(C)c(/C=N/NC(=O)C(C)c2ccc(c3ccccc3)c(F)c2)c(C)c1,-9.16346369477583,-6.388349133276876,-5.630197703096611,-4.77782163760545,-5.850036098961249,-4.555517069281324,-2.902954753884861,-3.633135235791187,-3.891183682854747,-5.843215449253087,0
b2AR-decoy_1116,CCC(C)N1C(=O)S/C(=C/c2ccc(Sc3nc4ccccc4[nH]3)o2)C1=O,-9.14478748883805,-5.800774402765435,-3.1369236517586314,-4.39601877980674,-4.919503743513399,-3.314721769879955,-2.7680000084602607,-2.209823637681697,-3.4559507119301465,-4.750965577187587,0
b2AR-decoy_503,O=c1oc2ccc(O)cc2cc1c1cccc(O)c1,-9.14385979273668,-6.568021994099835,-6.341670353248992,-4.77500638729431,-5.821692005060449,-4.7825588507337855,-4.169307060322032,-3.893925073524666,-5.679086807753297,-4.394351442714997,0
b2AR-decoy_2066,O=c1ccc2cc(OC/C(=N\O)c3ccc(c4ccccc4)cc3)ccc2o1,-9.14283027250201,-5.389830542917095,-3.766355916756731,-4.92703956638006,-2.3146993704469985,-1.8498941181482944,-2.387806206126601,-3.8672104737354367,-3.943038807344716,-4.3925888818111165,0
b2AR-decoy_1776,Oc1ccc(SC[C@@H]2CO[C@@](CCc3ccc(Cl)cc3)(Cn3ccnc3)O2)cc1,-9.13182198302892,-6.5461615120317855,-7.221191947101781,-5.61334521075425,-5.380214592543039,-5.056062696396685,-4.317876457457311,-3.465439723970057,-5.412289957438146,-4.111018180575597,0
b2AR-decoy_744,CC1CCc2c(c3c(O)cc(C(C)CCCc4ccc(F)cc4)cc3oc2=O)C1,-9.13015370491706,-6.755495494506455,-5.673963147249511,-5.00301290774075,-4.542987024148438,-3.674182905697125,-3.89460957309452,-3.236322621317517,-4.549236763329416,-6.0842797997760965,0
b2AR-decoy_2286,C=C(CCC(O)c1cccc2ccccc12)C1COC2(OO1)C1CC3CC(C1)CC2C3,-9.11919945249471,-6.717028541944126,-5.147312100218722,-4.395669269470099,-3.2433683632485684,-3.6217781393807353,-4.099542745043921,-3.535964671672477,-4.280505068028576,-5.397254246514736,0
b2AR-decoy_2434,C/C(=N\OC(=O)c1cccnc1)[C@H]1CC[C@H]2[C@@H]3CCC4=CC(=O)CC[C@]4(C)[C@H]3CC[C@]12C,-9.11656778837763,-5.748390239851085,-4.104590905716721,-3.83565717247569,-2.852834006078319,-1.5870378858954748,-1.910503802559571,-1.5837234985356767,-2.896271547429456,-1.4598967683845872,0
b2AR-decoy_2358,C/C(=N\NC(N)=S)c1ccc(OCc2ncc(C(F)(F)F)cc2Cl)cc1,-9.10782871910263,-4.794831976970356,-5.344261457742701,-1.0546077736466295,-4.042900514539949,-3.333809826999575,0.4301935034877493,-3.273917586044197,-4.056222695961476,-4.582395940428707,0
b2AR-decoy_3080,Cn1cncc1C(OCc1ccc(C#N)cc1)c1ccc(C#N)c(c2cc3ccccc3s2)c1,-9.08976313227313,-4.945750248735395,-5.913110411844372,-4.70762735315759,-3.967257471700308,-2.0035389451071746,-3.8085427945210206,-4.340344424979417,-4.437820812666047,-4.2988269134114265,0
b2AR-decoy_2346,CC(C)(C)c1ccc(Cn2cc([C@@H]3OC[C@@H](O)[C@H](O)[C@H]3O)c3ccccc32)cc1,-9.06890012091049,-6.383077475725685,-6.439206225560021,-4.781382381248259,-3.289080251227788,-4.362302888374824,-4.560023352819931,-3.8935425158782575,-4.967969960831627,-5.919223721512756,0
b2AR-decoy_1532,O=C(O/N=C(\Cn1ccnc1)c1ccc2ccccc2c1)c1ccc(c2ccccc2)cc1,-9.04698444440643,-4.421928133246415,,-3.96051455063055,-3.018488795915639,-1.359962871681665,-4.424846823389791,-1.5427080619827267,-2.264750751960296,-5.027544254254186,0
b2AR-decoy_467,Cc1cc(c2ccc(C(=O)c3cccc(O)c3)nc2)ccc1O,-9.04438126222745,-6.086344931214515,-6.144784369708511,-3.8422552326177097,-4.496803737642688,-3.1427239482628444,-3.234910894147771,-3.867453879907467,-4.327151120551177,-4.535637015874967,0
b2AR-decoy_2856,CN(C)c1ccc(/C=C2/CC[C@@]3(C)[C@@H](CC[C@@H]3c3ccc4ccncc4c3)C2)cc1,-9.0359920695118,-6.938437289728945,-5.566556105493151,-5.301588217633031,-5.781535854152738,-4.288076872436184,-3.434445436477521,-3.7419550143378366,-3.685818605587096,-5.173228379501957,0
b2AR-decoy_158,COc1cccc(COc2ccc(C(=O)c3c(OCc4cccc(OC)c4)cc(OC)cc3O[C@@H]3O[C@H](CO)[C@@H](O)[C@H](O)[C@H]3O)cc2)c1,-9.02888401677209,-6.657729339660966,-5.287672209228531,-4.5018862035559,-4.066966391205058,-5.238391449640874,-4.077373689709601,-3.635755885007267,-5.223803592810766,-5.665160854973166,0
b2AR-decoy_136,O=C1NC(=S)S/C1=C/c1cccc(Oc2ccc(C(F)(F)F)cc2)c1,-9.02467075728549,-5.848224264968475,-5.964717477781291,-4.56226681856505,-4.450783551820819,-3.8983083609294846,-5.0662607458626905,-3.251665099602687,-5.139005318131496,-4.956248414308247,0
b2AR-decoy_1823,C=CCn1c(CCNC(=O)c2ccccc2F)nnc1SCC(=O)Nc1nc2ccccc2s1,-9.02153571860719,-5.364852044399585,-5.186923933734121,-1.95132973779653,-3.095556315045709,-0.9299805494889944,-0.2879851106223512,-3.342356332715127,-3.970797568864796,-4.713662911456387,0
b2AR-decoy_440,Cc1c(O)ccc(C(=O)/C=C/c2ccc(C(F)(F)F)cc2)c1O,-9.01492394032389,-6.143460682050096,-6.13339695117585,-4.59082373653644,-5.079992395794879,-2.699313200902675,-2.3188009303855006,-2.648085409215206,-4.635243670045287,-5.882338488265827,0
b2AR-decoy_2065,Cc1cc(C)c2c(O)nc(SCC(=O)c3ccc(C(C)C)cc3)nc2n1,-9.00979006660362,-6.659809928246915,-7.022347690952731,-4.86894446204702,-5.780721695915439,-3.794283431720535,-4.267115080423791,-3.806400309900617,-4.828206623710367,-5.373215545707007,0
b2AR-decoy_2024,O=C(NNC(=O)c1ccccc1OCc1ccccc1)c1ccccc1O,-9.00273390247562,-6.390647959785005,-6.368296869657712,-4.02767183210072,-4.751371922198598,-4.168932724889595,-4.0441351774596015,-2.4269339212863965,-4.340950133288106,-4.365742647646597,0
b2AR-decoy_2657,CCC(F)(CC)c1nc(COc2cc(OC)cc3oc(c4cn5nc(OC)sc5n4)cc23)cs1,-8.99472486529168,-4.135713147184985,-5.748054052344202,-3.1800027370130195,-4.767361534684079,-0.7850510194007949,-2.850598494443581,0.1153697251814334,-4.055893552980146,-3.2190505668415867,0
b2AR-decoy_2886,Cc1c(N2Cc3ccccc3C2=O)cccc1c1ccc(C(N)=O)c2[nH]c3cc(C(C)(C)O)ccc3c21,-8.98705056592352,-5.631323997099376,-4.688360219083092,-4.680715286374889,-4.453589603897049,-3.9908578057928334,-3.936857224770211,-2.942299041237937,-5.670407653094486,-5.552000804270316,0
b2AR-decoy_869,O=C(/C=C/c1ccc(Oc2ccccc2)cc1)c1ccccc1O,-8.96550442724158,-4.192528860416475,-6.168187540411861,-4.39341641721429,-5.570565883020979,-1.8697964584083948,-3.370509730020151,-2.976243696848117,-2.642753358392106,-5.0369784271229765,0
b2AR-decoy_754,CC1(C)C=Cc2c(ccc(C(=O)/C=C/c3ccc(F)c(F)c3)c2O)O1,-8.95888835940105,-6.045748415535785,-5.696394335969031,-4.04774498932882,-2.9025468093324287,-0.9420858368884844,-3.497344059260981,-3.868705676660437,-3.811601876092416,-4.675874796854767,0
b2AR-decoy_60,O=C(Nc1nnc(c2ccc3c(c2)CCCC3)o1)c1ccc(Cl)cc1Cl,-8.9516069855541,-5.238519022189615,-5.916453102465911,-4.356943598794469,-4.460521024277289,-0.7488527583136744,-4.152364782901351,-2.772751142552517,-3.936394195432336,-5.224100602689687,0
b2AR-decoy_926,CC1CCC(=NNc2nc(c3ccc4ccccc4c3)cs2)CC1,-8.93407053689562,-6.6022136122718855,-5.814204829822531,-4.38966358447457,-4.782538882853879,-4.166830928197834,-4.41511069479203,-3.3295147654259667,-3.954396776768596,-5.541964924512207,0
b2AR-decoy_1211,C/C(=N/Nc1nc(c2ccc(Cl)cc2)cs1)c1nccs1,-8.92693324729279,-5.219405039961925,-6.169895073992061,-4.58491755716904,-4.339213912640658,-2.401086955026365,-4.107425312709601,-2.9472838463489968,-4.160769793616026,-4.919892440212916,0
b2AR-decoy_203,COc1cc(/C=C/C(=O)/C(=N\Nc2ccc([N+](=O)[O-])cc2)C(=O)C(Br)C(Br)c2ccc(O)c(OC)c2)ccc1O,-8.90934792618361,-6.622461503524775,-6.213858810104261,-5.19570481090242,-5.061747451189298,-4.300373602412444,-4.234503621900201,-4.916044200931838,-4.455578641102217,-4.733546882226907,0
b2AR-decoy_2097,C/C(=N\NC(=S)NCCc1c[nH]c2ccccc12)c1ccc(Cl)cc1,-8.90716382449768,-3.4890071413692656,-3.330807672954471,-4.061978356613619,-3.1648212617229285,-1.9124952827580648,-1.361453843491511,-2.7634129416295465,-2.245436174653636,-3.211425272691867,0
b2AR-decoy_1087,C[C@]12CC[C@@H]3[C@H]4CC/C(=N\Oc5ccc([N+](=O)[O-])cc5)C[C@@H]4CC[C@H]3[C@@H]1CC[C@@H]2O,-8.90697830767049,-6.138418620889086,-4.8183399629237815,-3.91660921005903,-3.6029760604387375,-4.201036480961985,-3.5941830573722218,-1.8931353919735767,-3.0203456383488563,-5.384140991302436,0
b2AR-decoy_2537,Clc1ccc(c2csc(N/N=C(/Cn3cncn3)c3ccc(Br)cc3)n2)cc1,-8.90548967624607,-4.098707316423735,-5.447493377289781,-4.007522844795759,-4.418042281865898,-3.8946169914979647,-3.234815399519701,-2.4161391781528865,-3.6137244948775367,-4.640231770476007,0
b2AR-decoy_2767,C[C@](O)(c1ccc(S(=O)(=O)c2ccc(c3ccc(C#N)cc3)cc2C2CC2)cc1)C(F)(F)F,-8.89889405275327,-7.031895736191045,-5.817362481842921,-4.99902039991024,-4.914781135609918,-5.235457716191865,-3.7696266163785417,-4.627450252880227,-4.5211548488989965,-4.890501043655837,0
b2AR-decoy_2333,O[C@H]1[C@H](O)CO[C@@H](c2cn(Cc3ccc4ccccc4c3)c3ccccc23)[C@@H]1O,-8.88625081702123,-6.811450120572745,-6.117717900436132,-5.5258903503086,-4.842127124913409,-3.796658301753935,-4.271705738048791,-4.0257822644882175,-5.055316012046676,-4.990934915800066,0
b2AR-decoy_12,N#C/C(=C\c1ccc(c2cccs2)o1)c1nc2ccccc2[nH]1,-8.88043488978678,-5.341629465599695,-5.768502157065501,-4.58277025243538,-4.326979695489649,-1.727131031619435,-3.133474886395521,-4.265007072345037,-3.704291029400807,-5.015399821459486,0
b2AR-decoy_910,Cc1ccc2oc3c(SCc4nc5ccccc5[nH]4)nc(C)nc3c2c1,-8.88020812612372,-4.611650439041616,-5.819825464922292,-3.4804521399264496,-4.099961343996099,-3.947198695090675,-2.9553756767749717,-3.3734998474753866,-3.687284903052916,-5.524290375078596,0
b2AR-decoy_3104,CN(C)c1ccc(/C=C/C(=O)c2cc(C(=O)/C=C/c3ccc(N(C)C)cc3)c(O)cc2O)cc1,-8.86907888035017,-5.141427315762905,-3.363701868291371,-4.03671617187398,-3.841235243778789,-2.5133933694502444,-3.499735450832961,-1.8270779857589063,-2.6570068534372666,-4.031654817446206,0
b2AR-decoy_968,Cc1oc(c2ccccc2Cl)nc1CSc1nc(O)c2c(n1)CCC2,-8.86004234084605,-6.963254176633425,-6.296998325321342,-5.17754774070241,-5.471887771491698,-3.906924063146815,-5.25471890209036,-3.224559252497377,-5.399318160761306,-5.388881937178107,0
b2AR-decoy_2921,CC(C)=CCC/C(C)=C/Cc1c(O)c(O)cc2c(=O)c3c(O)c(CC=C(C)C)c(O)cc3oc12,-8.84364501611291,-5.641294345574825,-6.232839506706892,-3.000031987197389,-2.6491496633659484,-3.701769776085965,-3.799882923150742,-2.667991360595517,-3.0615906404273865,-4.514507498291327,0
b2AR-decoy_1083,COc1c(C(C)=O)c(O)c(OCc2ccc(C(F)(F)F)cc2)c2occc12,-8.82403863939394,-5.946828772892665,-5.723088942004031,-5.51805072058173,-5.3636913274585485,-3.4275557273645747,-4.931481175155531,-3.597172228652237,-4.470305746518866,-4.665779192039677,0
b2AR-decoy_1994,NC(=O)c1c(F)ccc(OCc2nc(c3ccc(O)cc3)co2)c1F,-8.82289606346846,-6.072890650975575,-5.948287516233512,-4.12322285071808,-5.005687502190169,-3.5382034752091247,-4.341952279324511,-3.3494070011444865,-4.471999557246126,-4.562447461106377,0
b2AR-decoy_3012,CC(SC(C)C(=O)NN=Cc1cccc(Cl)c1)C(=O)NN=Cc1cccc(Cl)c1,-8.81501581870059,-6.755032046472635,-4.242299211351481,-4.20256146338983,-4.0627277816638285,-4.324079760784285,-2.460351826462931,-3.339407354626627,-3.8703488536016666,-4.4314638251566265,0
b2AR-decoy_676,CC(C)=CCC/C(C)=C/Cc1c(O)cc2oc3c(O)cccc3c(=O)c2c1O,-8.80414327392925,-6.325563313518355,-6.2700040731801305,-3.53498506102296,-3.1929271575615488,-3.892550125553245,-3.1397364730232606,-2.2656798433763967,-3.816908715859346,-4.957434717663247,0
b2AR-decoy_1005,C=C[C@]1(C)CC[C@@H](C(=C)COC(=O)c2ccccc2O)C[C@H]1C(=C)C,-8.79827994054788,-6.611652386387135,-6.16611972473383,-4.51450408114149,-3.733071328008289,-3.387822168383435,-3.8083931853109902,-2.2841531030910067,-4.029605624298046,-3.965774979150767,0
b2AR-decoy_164,C[C@H](O)[C@@H](C)Oc1nc(Nc2ccc(S(=O)(CCO)=NS(=O)(=O)CC[Si](C)(C)C)cc2)ncc1Br,-8.79367543463306,-6.298065581910386,-6.257394753398231,-4.26832767069765,-5.137442928711218,-3.4924559428352344,-3.606663425304341,-3.3393524838823367,-3.3442111973798765,-4.821979816472558,0
b2AR-decoy_238,CCCNC(=O)CCC(=O)O[C@H](C(=O)N1CSC(C)(C)[C@H]1C(=O)NC(C)(C)C)[C@H](Cc1ccccc1)NC(=O)COc1c(C)cccc1C,-8.79073512695276,-5.134673587153875,-6.157263240706621,-5.28988104297388,-4.289853898421889,-2.4686879666934045,,-5.057990028760496,-5.648748801051047,-4.690829699066928,0
b2AR-decoy_3089,Cc1ccc(CSc2nc3ccncc3n2Cc2nc(c3ccc(Cl)cc3)oc2C)cc1,-8.78922759946833,-4.494689747662895,-5.252448209975201,-5.23953403566297,-6.301943662786739,-4.170453564747264,-3.5642181214990813,-3.0586698761952364,-4.579395459100196,-5.130726858146236,0
b2AR-decoy_663,CC(C(=O)N/N=C/c1c(F)cccc1F)c1ccc(c2ccccc2)c(F)c1,-8.78691701571744,-6.601805897860565,-5.367761624903591,-4.73462223498996,-5.596466531589819,-4.5695467405545855,-4.17870925951874,-4.107559142233967,-4.596830282505186,-5.222255861550666,0
b2AR-decoy_2978,Cc1oc(c2ccccc2F)nc1Cn1c(SCc2ccccc2F)nc2ccncc21,-8.78598988737247,-4.899286502129256,-6.494767089808152,-4.07705104049497,-4.870723858939099,-4.937445371483975,-3.360527948004441,-3.922936406334557,-3.3188076042209564,-4.190099718319518,0
b2AR-decoy_1234,Cc1cc2nnc(SCc3cn4ccccc4n3)n2c2ccccc12,-8.78463505252573,-4.122515100720725,-6.36185628798227,-2.46538352017152,-4.269769770520228,-4.174034108604234,-2.154172448977951,-4.392697537878316,-4.514731866391457,-3.209717468014507,0
b2AR-decoy_937,CC1CCC/C(=N\Nc2nc(c3ccc4ccccc4c3)cs2)C1,-8.78090715819547,-4.990707907720825,-5.257771834025321,-4.9428632060721895,-3.982889225031008,-3.2783622884357246,-4.129622931236701,-3.610123418946056,-4.795493274536017,-5.429886319661467,0
b2AR-decoy_1935,CC(O)(CSc1ccc(OC(F)(F)F)cc1)C(=O)Nc1ccc([N+](=O)[O-])cc1C(F)(F)F,-8.7688450541961,-4.111851846727745,-4.925868818710621,-4.49596936649969,-3.7817819082087594,-2.059150258108975,-2.132036058409371,-2.6502751751533165,-3.8427204144320166,-4.398124439832976,0
b2AR-decoy_165,C=CC[C@@H](CC(=O)N(CCO)Cc1ccccc1)C(=O)N[C@@H](COC(=O)[C@H](CC=C)CC(=O)OC(C)(C)C)Cc1c[nH]c2ccccc12,-8.76341359898996,-6.218406970192726,-6.3373946841297215,-4.29593333604408,-3.396474574884288,-6.529357772884685,-4.211259390677961,-4.041115795705958,-4.598943272676176,-4.675838275348587,0
b2AR-decoy_2532,COc1ccn2nc(C)c(C(=O)NCc3ccc(c4ccc(OC(F)(F)F)cc4)cc3F)c2c1,-8.75165947098247,-2.7882500495818148,-3.3221849244066908,-3.62686191979454,-4.227440996432688,-0.9876721984225147,-3.8203990024541694,-0.310652925599947,-3.5566568727768866,-2.536877864810497,0
b2AR-decoy_1554,CC(C)C(OC(=O)c1ccccc1)C(C)(C)COC(=O)c1ccccc1,-8.74943961110993,-6.078080600174485,-5.963180903617401,-4.6186904000783695,-3.469173153907729,-4.800968019001164,-2.637044611623441,-3.8391327981572263,-3.673830366177016,-3.390360630873197,0
b2AR-decoy_1143,Oc1ccccc1/C=N/c1ccc(Oc2ccc(Cl)cc2)c(Cl)c1,-8.74540053253917,-6.9354562438221645,-5.760319222829922,-5.00514910182769,-4.955425424344808,-3.582971582383185,-2.9651962507496608,-3.810664148195487,-4.611646508274756,-4.7210551325269865,0
b2AR-decoy_3022,C#CCNC(=O)C1=C[C@H](c2csc3ccccc23)C[C@H](OCc2ccc(CO)cc2)O1,-8.73919122943712,-4.880230898258455,-5.927106441744021,-2.64765819854391,-3.5874071261199187,-4.801177629938845,-2.650597330244441,-2.9359856195806264,-5.151061303576377,-3.939862843487917,0
b2AR-decoy_2165,O=C1NC(=O)/C(=C\c2ccc(OCc3ccc(c4ccccc4)cc3)cc2)S1,-8.73769861143712,-6.253220120032255,-4.778182045434711,-4.24523748523479,-3.721067309923688,-3.649493452419384,-3.852449359293532,-2.4424073936743964,-4.325012863626466,-4.960921867191187,0
b2AR-decoy_1768,Cc1ccc(NC(=O)CN2C(=O)C(c3ccc(C(C)(C)C)cc3)=NC2(C)C)cc1,-8.73326236871219,-7.158430109534805,-6.009986190980271,-4.38150789810408,-4.175852754128078,-3.731200760434674,-2.796289026352732,-2.962567712497787,-3.2716432422165163,-5.8938392415213166,0
b2AR-decoy_2318,Cn1c(C(F)(F)c2nc3c(F)cc(F)cc3[nH]2)nc2ccc(C(N)=O)cc21,-8.7284735523974,-5.919029039230485,-6.250769788628931,-4.564187074689389,-5.321616784001799,-4.1171101466502655,-4.349837099721782,-4.016516661281397,-4.471679128356996,-5.388615547860157,0
b2AR-decoy_3182,COc1cc(OC)c2c(c1)oc(=O)cc2c1cccc(c2ccc(C(F)(F)F)cc2)c1,-8.72828325558423,-6.790219515714146,-5.014306428134692,-4.81154076264047,,-2.7996072987143847,-1.366245658294111,-1.5714178954954168,-4.386331776999467,-5.406606627979587,0
b2AR-decoy_2999,COc1ccc(C(C(=O)Nc2ccc3c(c2)CCC3(C)C)N(C)C(=O)c2ccc(=O)[nH]c2)cc1,-8.71976480315651,-5.997432405768165,-3.329044917440071,-4.46562315840288,0.3459079094295316,-2.4996961225001346,-2.429454334726981,-1.7364906515060472,-3.914690232644336,-5.627436755157717,0
b2AR-decoy_1957,Cc1ccc(c2nnc(SCC(=O)c3ccc(O)c(O)c3)n2Cc2ccco2)cc1,-8.70804477923195,-5.197524574604855,-6.780783937883911,-5.85275540347069,-5.798818220712409,-4.806345572913104,-3.460509997855911,-4.117864139336646,-5.054119138929936,-5.389370452878026,0
b2AR-decoy_1010,C/C(=N\NC(=O)[C@@H]1C[C@H]1c1ccc(C(C)(C)C)cc1)c1ccc(F)cc1,-8.70209446142455,-6.720554493703755,-6.060014478378331,-4.546550206659799,-4.709870419169259,-4.514643339697125,-3.793178453981952,-3.3494866247249666,-4.4927789483641165,-4.725237412883537,0
b2AR-decoy_2028,CC(=NNC(=O)c1cc(Br)ccc1O)c1cc2cc(O)ccc2n1C,-8.70176824878907,-5.431366216575995,-5.886637011736841,-4.40411696914976,-4.947101942180199,-2.967980525456725,-4.233521427345192,-2.6776218108717167,-4.568978639408207,-4.960955217243626,0
b2AR-decoy_3062,CC(c1ccc(C2(S(=O)(=O)c3ccc(F)cc3)CCCC2)cc1)(C(F)(F)F)C(F)(F)F,-8.69517684120402,-4.962587481328955,-4.703819853076241,-5.08882265396966,-2.597138825528458,-2.0262835272054645,-2.735400475577821,-4.026906611609126,-1.9500249507105467,-2.713435672961207,0
b2AR-decoy_2160,Cc1c(Cc2ccccc2)nc(SCc2ccc3ccccc3c2)[nH]c1=O,-8.68330137579752,-5.876002335103135,-5.918347715413441,-3.7362424022806495,-5.001884827559389,-3.1518412787928343,-3.249956081847561,-2.322427022412217,-3.977381799698097,-3.811543770553937,0
b2AR-decoy_1312,O=C(/C=C/c1ccc(c2ccccc2)cc1)c1ccc(O)cc1O,-8.68169468823292,-5.226185537958125,-5.282923988955221,-3.78317907443388,-2.3557072376453085,-1.1979645408971047,-3.9323763625040815,-3.780316040924017,-4.361655566831306,-2.7307318215902368,0
b2AR-decoy_1803,CCN(CC)c1ccc(NC(=O)CSc2ncnc3sc(C)c(C)c23)cc1C,-8.67816439911329,-5.219588390780885,-5.524888697199732,-3.17840591396804,-3.243063381336759,-2.319226886174695,-3.168971345684181,-2.890993638371457,-3.423784148687826,-4.522826477030318,0
b2AR-decoy_1855,CCCNC(=O)c1cc2c(c(c3cccc(c4ccc(C#N)cc4)c3)n1)[C@@H](CCO)N(C(=O)CC)C2,-8.67665888553299,-5.709204775367565,-6.272404604194412,-4.50107073738178,-5.048985483209048,-4.125300015842484,-3.7791645481255305,-3.142346372917207,-4.164145815201926,-3.9664806809189472,0
b2AR-decoy_2253,O=c1c(Cc2ccc(c3ccc(O)c(O)c3)cc2)c(c2ccc(O)cc2)oc2ccccc12,-8.67332354956153,-6.9058053233547145,-4.510093221190621,-3.0662497032922795,-4.621003840224868,-3.5225993568858645,-3.0819829879290914,-3.3689205984568265,-2.8278504414231467,-4.234050798409108,0
b2AR-decoy_1894,CC(C)=CCC/C(C)=C/Cc1c(O)ccc(c2coc3cc(O)cc(O)c3c2=O)c1O,-8.66001660087408,-5.915409864765165,-4.588744122665151,-3.13705529171426,-3.548337527467188,-1.264037677745085,-3.617152984448861,-1.8874677898465064,-3.791988325560596,-3.691370219592257,0
b2AR-decoy_29,CN1C(=O)/C(=C/c2cc(N=Nc3ccccc3)ccc2O)SC1=S,-8.65579857245474,-6.849589920050375,-6.36456248897384,-4.846047134196589,-5.493027084255299,-2.6251164748772746,-3.227952076335491,-3.994462249865237,-4.931508741315477,-4.878135364691676,0
b2AR-decoy_605,CC1(C)CCc2cc(C(=O)/C=C/c3ccc(F)c(F)c3)c(O)cc2O1,-8.65234594569804,-5.888349090255745,-5.585717047203262,-3.7587633186162,-3.8534661796849594,-1.386239018571635,-2.4663296170052518,-2.4436742744645468,-3.812198403443566,-4.639224253155348,0
b2AR-decoy_3117,COc1ccc([C@@H]2[C@@H]([C@H](O)CCc3ccccc3)OC(=O)N2c2ccc(F)cc2)c(O)c1,-8.64421972259688,-6.057455146781275,-6.51942242569007,-4.234466703470829,-5.590585700635808,-3.969759586871735,-3.9054978048885705,-4.038600999205418,-4.241506087136097,-5.150259886327927,0
b2AR-decoy_803,Cc1cc(O)c2c(c1C=O)OCC(CC[C@H]1[C@@H](C)CCCC1(C)C)=CC2,-8.63297170395385,-5.008136002699585,-4.713866914442691,-3.7181863177873096,-3.6642294422231183,-3.1746760880951648,-3.611864089397232,-1.6040011116614572,-3.8102013510039567,-3.547768379879588,0
b2AR-decoy_2913,Cc1cccc([C@H]2CC[C@H](CNC(=O)c3ccc(c4nc5cc(C#N)cc(C(C)C)c5o4)cc3)CC2)c1,-8.63136750223319,-5.797400474491576,-4.238027021731541,-3.84991906233146,-1.599712977756778,-3.2768235257803244,-3.2349163347766714,-2.394724945339627,-3.1478700155473165,-5.226519351623796,0
b2AR-decoy_3140,COc1cccc2c1OCC(C(=O)N[C@H](c1ncc(c3ccc(Br)cc3)[nH]1)C(C)C)=C2,-8.62940438949501,-6.385767950771594,-6.570658948527491,-4.387071834026949,-4.181510139946819,-4.397608184263024,-3.618889803397691,-4.238381074404437,-4.791821653775886,-4.710442911779847,0
b2AR-decoy_221,C=CCO[C@@H]1[C@H](O)[C@H](Oc2ccc(I)cc2)O[C@@H](COS(=O)(=O)c2ccc3ccccc3c2)[C@H]1O,-8.61850981648471,-6.004884197788456,-5.383807439915471,-2.91113822232218,-3.925223833194559,-3.9473242018231143,-3.854646798009672,-3.708488169389236,-4.7258128115365965,-4.499832956298388,0
b2AR-decoy_193,CC(C)C[C@@H](NC(=O)[C@H](CC(C)C)NC(=O)[C@H](CC(C)C)NC(=O)c1cnccn1)B1O[C@@H]2[C@@H](C[C@H]3C[C@@H]2C3(C)C)O1,-8.61837828471403,-5.411389628148255,-6.116503815558231,-4.51734223937354,-5.064059650529758,-3.212892246187825,-4.61766896130673,-5.164692041341247,-4.5895477387519765,-4.295973480247296,0
b2AR-decoy_1840,O=C(/C=C/c1ccc(OC[C@H](Cc2c[nH]c3ccccc23)NC(=O)c2ccc(F)cc2)cc1)NO,-8.61430109866649,-5.887132477981545,-5.122808853440171,-6.306655951845549,-5.659824803263108,-4.155732428446775,-2.8107364969149806,-5.244255938074858,-5.209330683695236,-4.819514701189917,0
b2AR-decoy_2642,COc1ccc(c2csc(N3N=C(c4ccc(F)cc4)CC3c3ccc4c(c3)OCCO4)n2)cc1,-8.60590213104159,-6.851722061420714,-5.4742583851533215,-5.433943810553469,-4.058495129373839,-3.1642635131874446,-2.5725684848316206,-2.829192584458577,-4.127825872375126,-5.055880480093517,0
b2AR-decoy_1067,COc1cc(OC)c(C(=O)/C=C/c2ccc(C(F)(F)F)cc2)c(OC)c1,-8.60072146288961,-4.507591589717525,-3.447118380328731,-3.82764084990435,-4.5982496673915385,-1.0440945983671348,-3.662535271910532,-1.8410859585342871,-1.940391190289736,-4.643056852682687,0
b2AR-decoy_224,COC(=O)[C@H](C)NP(=O)(OC[C@@H]1C=C[C@H](n2cc(C)c(=O)[nH]c2=O)O1)Oc1cccc(S(F)(F)(F)(F)F)c1,-8.59619417522467,-6.590061409231055,-5.086338049868731,-4.29301936662319,-5.031554811447858,-4.5665218607158256,-4.02580784102418,-3.263748511541867,-4.816165605018666,-4.921016910731366,0
b2AR-decoy_2189,O=C(N/N=C/c1cccc2cnccc12)C1CC1c1ccc(c2ccccc2)cc1,-8.59373862936107,-6.957467017047256,-4.7709055614689015,-4.585514107175349,-4.042908098512188,-3.5341428450609147,-3.79341515581007,-3.058980878049087,-5.048321166420217,-4.911366585469647,0
b2AR-decoy_838,CC(=O)Nc1cccc(c2c(O)ccc3cc(c4cccc(O)c4)ccc32)c1,-8.58953788714154,-6.205939355168304,-6.1889184132229005,-2.3907051088243394,-4.977893692919379,-4.029480704866775,-2.4335124864325506,-3.5697431446683474,-6.208892263508126,-4.265025261100947,0
b2AR-decoy_2076,CCCC(=CCc1c(O)cc2c(c1O)C(=O)CC(c1ccc(O)cc1)O2)CCC,-8.5888024419153,-5.728017365763795,-4.525495896304621,-3.425952064973409,-2.7396781506710486,-2.163268218417855,-3.880360306079531,-3.5971228375009563,-1.4500256797137965,-2.4969012143922966,0
b2AR-decoy_2570,C[C@H]1C[C@H]([C@@H](C)[C@H]2CC[C@H]3[C@@H]4CCC5=CC(=O)C=C[C@]5(C)[C@H]4CC[C@@]32C)OC(=O)[C@@H]1C,-8.5828011889397,-6.200318652243606,-3.872716367924381,-3.3811235360185394,-2.3818012659255583,-0.6741311131942345,-3.017304951109261,-1.2830403871223668,-3.347034558152866,-2.769059469734017,0
b2AR-decoy_219,O=C1N[C@@H](Cc2ccccc2)COC(=O)[C@H](Cc2ccc(F)cc2)CC/C=C/C[C@H]1CC(=O)N(CCO)Cc1ccccc1,-8.5751006523781,-6.604259616824786,-4.281798853603632,-2.28757576340056,-3.700420451434988,-2.020893546914474,-1.5671480929620412,-3.559781616244777,-5.174510507787437,-4.384622700474157,0
b2AR-decoy_2331,C/C(=C\c1ccc(Cl)cc1)S(=O)(=O)Nc1cccc(F)c1S(N)(=O)=O,-8.57498886861278,-5.650207826416705,-5.770938274996631,-4.30255331156363,-4.887787882732388,-4.409152339733796,-3.475371968432561,-0.9693652776936864,-3.473634007799066,-4.120111187506048,0
b2AR-decoy_658,C/C(=N\Nc1csc(c2ccc3c(c2)CCC3)n1)c1ccccc1,-8.56880945691243,-4.668483086508915,-4.647170925688371,-3.2563703613285497,-4.868970632029528,-1.174980419074565,-3.534729723969141,-0.1878263810969569,-2.626237681356137,-4.320129953454217,0
b2AR-decoy_1616,C=C1C(=O)O[C@@H]2C[C@]3(C)C(CCC(C)OC(=O)c4ccc(OC)cc4)[C@@H]3C[C@H]12,-8.56867619754329,-5.907743701482275,-4.203078271277601,-4.632443378159549,-4.400087961685569,-2.2035970058060848,-2.872833891007411,-2.644178029701317,-3.588662198829776,-4.600529255812537,0
b2AR-decoy_2800,CCC/C(=N\OC(Cn1ccnc1)c1ccc(Cl)cc1Cl)c1ccc(Cl)cc1Cl,-8.56772619357906,-2.993034504287855,-4.788057877182351,-4.07688908986223,-4.338426601406199,-3.0686304757693748,-3.812804303053051,-2.749263282556697,-3.0246234911643866,-3.903892268083857,0
b2AR-decoy_2322,O=C(c1cc(Sc2ccccc2O)c(O)cc1O)N1Cc2ccccc2C1,-8.5590915025404,-5.599513260732185,-5.677365357862231,-4.76372076916771,-4.228301610140268,-3.812272154831805,-3.641398264687931,-2.7474630376184166,-4.431946391025867,-4.643170188130638,0
b2AR-decoy_1610,Cc1nc2cnccc2n1CCCOC1CCC(c2ccc(F)cc2)O1,-8.55086721581411,-4.860381708533705,-5.457101879908121,-4.28124848972342,-4.304593451566118,-3.594242157503495,-3.2413705151895917,-3.688723550161047,-3.839502393799016,-4.456707562691557,0
b2AR-decoy_1167,C[C@@H](Oc1ccc(n2ccnc2)cc1)C(=O)Nc1ccc(c2ccccc2)cc1,-8.54201510107883,-6.195228310057486,-4.597663541351992,-4.06757630736531,-3.7683135836497375,-2.542741779069015,-2.737264871343121,-2.413927906341097,-2.9354191173923665,-4.279041242690678,0
b2AR-decoy_636,CC1(C)C=Cc2c(ccc(C(=O)/C=C/c3ccc(Cl)cc3)c2O)O1,-8.53942388929142,-5.873941555646905,-5.485093165684272,-4.25717164491649,-0.6743744130482683,-0.9564043984127252,-3.742580242390501,-3.8055647589121264,-3.672388448332656,-4.656345373221496,0
b2AR-decoy_439,CC1(C)C=Cc2cc(/C=C/C(=O)c3ccc(O)cc3O)ccc2O1,-8.53908568347862,-5.864953743372865,-4.993139368058562,-4.68389424539635,-4.116297541450819,-4.175791035885425,-3.5412520696144902,-3.081446993090897,-4.054499405915887,-4.568505952271448,0
b2AR-decoy_856,COc1ccc(c2csc(N/N=C(/C)c3cccs3)n2)cc1,-8.53755294069755,-4.304979431868575,-5.827862781023342,-4.016829720496539,-4.657800770845478,-3.945628689666365,-3.8161933871849314,-3.0484322306680767,-4.831158901962197,-4.661640058914747,0
b2AR-decoy_977,COc1ccc2cc(C(C)c3nnc(c4ccc(O)cc4)o3)ccc2c1,-8.5307428412183,-6.036616827902355,-5.586967997266171,-4.9317037639477,-5.511148939952179,-4.746304800694055,-4.596810268841031,-4.632933187520877,-5.152732320822836,-5.356831226596636,0
b2AR-decoy_2617,c1ccc(Cn2c(SCc3ccc4ccccc4c3)nnc2c2ccsc2)cc1,-8.53034396387108,-5.680304598429485,-3.684225953933611,-2.91643170947592,,-1.907923107070455,-3.739050237180861,-3.343466929372007,-4.389971408378656,-5.021236000599357,0
b2AR-decoy_494,CC(c1ccc(O)cc1)C(C#N)c1ccc(O)cc1,-8.53017937306649,-6.404872135568445,-5.617675627367591,-4.99533567024109,-4.537000584921689,-4.250624479538864,-3.139661734079941,-3.728392099938557,-4.2041149209798565,-3.465935607797937,0
b2AR-decoy_2763,Cc1cc(C)c(c2ccccn2)cc1NC(=O)c1ccc(OCc2ccccn2)cc1,-8.5208941928109,-5.633902706225535,-5.374541152297201,-4.2071767961845,-4.420695497048879,-1.4764717815521644,-1.7731244419175214,-0.4846472410463267,-2.1315295980976368,-4.291118223118216,0
b2AR-decoy_3002,C#Cc1cccc(C(=O)NCc2nc(c3cccc(NC(=O)c4ccccn4)c3)oc2C)c1,-8.51446594225471,-5.502668753910776,-6.040392719219401,-4.31804084196748,-3.7499280931537182,-4.020658527491745,-3.226845369300441,-3.693812050901157,-3.3027781530309763,-4.285241278882227,0
b2AR-decoy_1217,C/C(=N/Nc1nc(c2ccc(Cl)cc2)cs1)c1cccs1,-8.51089057057716,-4.9656419422617954,-5.943283141796231,-4.2505821263642,-4.635966287523899,-4.010497329590595,-3.2437494593772813,-3.657615124379477,-4.839465207224686,-4.701128676552466,0
b2AR-decoy_3011,C[C@H](NC(=O)c1cc[nH]n1)c1ccc(OC2CCN(c3cccc(C(F)(F)F)n3)C2)cc1,-8.50846987527034,-6.444775589016995,-4.255448420075971,-4.36262336047041,-4.178153194708928,-3.637344025216515,-2.982915866380311,-3.025230829799777,-3.8194808425529567,-6.039682713329576,0
b2AR-decoy_2337,CCCc1ccc(Cn2cc([C@@H]3OC[C@@H](O)[C@H](O)[C@H]3O)c3ccccc32)cc1,-8.50243214728827,-5.623439140654985,-5.513199000415791,-4.312530204018319,-4.702009696498129,-3.668264470301245,-3.989461260736041,-3.782592894058906,-4.159256981992517,-4.550240441899858,0
b2AR-decoy_1245,CCOc1ccc2c(C)cc(=O)oc2c1COC(=O)/C=C/c1ccc(OC)cc1,-8.49730357286367,-3.330663613624915,-3.399966897474271,-1.4002390565774796,-1.5098319862436282,-1.120018858808665,-2.9635904295426307,-1.5682464792366568,-2.276507963245426,-1.8615797860337275,0
b2AR-decoy_88,CCC(O)(c1cn(Cc2ccc3c(c2)scc3c2ccccc2)nn1)C(F)(F)F,-8.49367732988436,-5.214392255480525,-6.479907219159761,-3.52625402926492,-4.164093500085288,-1.3517535483319447,-2.621767173169161,-1.8113689388863472,-3.7179571127755855,-3.505392204552947,0
b2AR-decoy_2415,C=C(C)C(=O)c1ccc(OCc2nc(c3ccc(C(F)(F)F)cc3)cs2)c(C)c1C,-8.48975104755521,-6.893616530037605,-4.816473071274381,-5.237834235110579,-3.726356777367229,-1.7556072231562243,-2.9543322423989613,-3.0782833445804565,-1.2734589534982863,-5.441383552585657,0
b2AR-decoy_1061,COc1cc(OC)c(/C=C/C(=O)c2ccc(C(F)(F)F)cc2)c(OC)c1,-8.47973687914807,-5.614403649221825,-5.035072745160451,-3.54470782305156,-2.1505935415767485,-2.399231964369685,-3.8632821525053416,-3.000302352473467,-3.1738960210023963,-4.010253793707827,0
b2AR-decoy_2273,O=c1cc(c2ccccc2)oc(O)c1C(Sc1ccc2ccccc2c1)c1ccccc1,-8.4734185564352,-5.181443961764095,-6.2377045045877,-3.6137486967539,-4.637965448696859,-3.1994953010382847,-2.1070082617268118,-4.711806815673157,-4.157882616801887,-4.530185578351327,0
b2AR-decoy_861,N#Cc1ccc(c2csc(NN=C3CCCCCC3)n2)cc1,-8.46718334156102,-6.378726511192145,-4.995736410141701,-4.88424385139654,-4.482249946822948,-4.121420151397224,-3.0502961925336507,-3.615140482598287,-0.9784456147464264,-4.120178092661748,0
b2AR-decoy_2473,Cc1oc(c2cccc(Cl)c2)nc1CSc1nnc(C)n2c1cc1occc12,-8.46500225443478,-6.529778125651445,-4.829239281053071,-4.399575610962979,-4.586967000775778,-2.866190729964865,-1.6514756039839913,-2.960598916149557,-3.928610746596136,-5.243148137142926,0
b2AR-decoy_144,CCOc1cc(F)ccc1/C=C/C(=O)c1ccc2c(c1O)C=CC(C)(C)O2,-8.4623198515652,-5.945166223346646,-3.337870344587211,-3.936483765046369,-4.758143540884238,-3.9456979518250943,-3.680582392713392,-0.5747178192889466,-3.1450108648878663,-4.2297968693845664,0
b2AR-decoy_2506,Cc1oc(c2cccc(Cl)c2)nc1CSc1nncn2c1cc1occc12,-8.44862050969222,-6.526148260035235,-4.449826894315551,-4.92763204327654,-4.030658630646839,-4.059298156726275,-3.791474725490151,-2.684005020428047,-4.023605724928836,-5.081520202364356,0
b2AR-decoy_1685,C/C(=N\NC(=O)[C@@H]1C[C@H]1c1ccccc1)c1ccccc1O,-8.44401449282058,-5.582233659350146,-6.373323521805322,-4.23853140286107,-4.893487339867599,-3.715514116479075,-3.3552227077974006,-3.2417047961619767,-5.240619580663666,-5.071988856814167,0
b2AR-decoy_71,CC1(C)C=Cc2c(ccc(C(=O)/C=C/c3ccc4ccoc4c3)c2O)O1,-8.43752397250233,-6.274743536893125,-5.048794516201792,-4.03901034297676,-4.377139193106088,-1.0469183221052552,-2.4568445966134917,-2.991990611402126,-3.924454768792696,-4.6624633494239465,0
b2AR-decoy_335,O=C(/C=C/c1ccc(c2ccc(Cl)c(Cl)c2)o1)c1ccccc1O,-8.43403596324846,-6.174736008523185,-6.531322398044452,-3.68239024852662,-5.095262661521819,-3.287687562913015,-3.508650590183201,-3.3345732606663265,-3.5858576550094368,-4.854173858222127,0
b2AR-decoy_1810,O=S(=O)(Oc1cccc(OCCc2cccc(O)c2)c1)c1cccc(Cl)c1Cl,-8.43143709381924,-5.982359422399855,-3.252391544443471,-3.09374035699392,-3.2043293537085784,-3.0785858693053845,-0.1516655853685709,-1.0170236437735864,-3.510004115000786,-2.668973135423457,0
b2AR-decoy_1110,CCSc1ccc(C(=O)Nc2nnc(c3ccc4c(c3)CCCC4)o2)cc1,-8.43046986507301,-4.121762624042055,-5.796628329934482,-5.05584527320628,-3.9686891849659984,-0.4778595343674947,-4.2090975767083805,-2.964573381984227,-2.5738807758479867,-3.8029236419788472,0
b2AR-decoy_735,CC1(C)C=Cc2c(ccc(C(=O)/C=C/c3ccc(c4ccccc4)cc3)c2O)O1,-8.42326771105959,-5.829840482465295,-5.753117046041932,-3.253515485871389,-4.819218856312018,-0.2164338893740947,-3.395380583188831,-0.8976427765667871,-3.742916377086517,-4.7531134882031765,0
b2AR-decoy_2124,Cc1cc(CSc2nnc(Nc3ccccc3c3ccccc3)[nH]2)no1,-8.41912556495321,-5.615909755992125,-5.506029295207851,-3.90260831287729,-3.4795402038448486,-1.9679163955286745,-4.235152876898441,-1.8995753362318268,-3.5263655418194064,-4.061647792522937,0
b2AR-decoy_1995,O=c1c2ccc(/C=N/Nc3ccccc3)cc2oc2cc(O)cc(O)c12,-8.41460297671981,-5.691058133049135,-5.235241364311541,-3.60672214912172,-5.549568813298139,-4.180623525210715,-3.179976518120881,-3.0322619064960072,-4.550337552178027,-4.390609237287746,0
b2AR-decoy_1166,Cc1csc2nc(C(C)c3ccc(NC(=O)c4cccs4)cc3)oc(=O)c12,-8.41360413146883,-6.591714037084966,-5.460275092365091,-3.80363501166455,-4.889362578421538,-3.6350159381143934,-2.2045158530893607,-1.9990605921346072,-4.439031231122667,-4.535262322860847,0
b2AR-decoy_80,C=C1C[C@@]23CC[C@H]4[C@@H](CCC[C@@]4(C)COC(=O)/C=C/C(F)(F)F)[C@@H]2CC[C@]1(O)C3,-8.41260836374002,-5.716340798202145,-5.647111340071291,-5.3183730393213295,-5.757512687072989,-3.5302671572678843,-3.743018824034332,-2.5014205444295667,-4.167136302914677,-4.994559703609736,0
b2AR-decoy_631,CC(/C=C/c1ccccc1)=N/Nc1nc(c2ccccc2)cs1,-8.41041345927881,-4.432701556125036,-5.253077225908362,-4.12363765274696,-4.181848807830188,-3.836305251251015,-2.730552282948951,-3.062807989528787,-3.968282052821317,-3.5360936994976373,0
b2AR-decoy_1118,O=C(/C=C/c1ccc(O)c(O)c1)c1ccc(NC(=O)C23C[C@H]4C[C@@H](C2)C[C@@H](C3)C4)cc1,-8.40839120288498,-4.113731542789195,-2.723536967672321,-3.3032752664937,-1.6464860170194289,-0.9894446316599944,-4.08365453725003,-0.755728193773157,-2.5114554523494466,-4.165087161211787,0
b2AR-decoy_2558,CC(=O)Nc1nc2c(Oc3cc(C4=CCC(C(F)(F)F)CC4)ncn3)cccc2s1,-8.40570832836558,-4.597559032833895,-6.158050916249172,-5.3256098685537605,-4.455975129669459,-4.858879357546625,-3.016563775837561,-3.1678923864676465,-2.9976959722511465,-4.970024539783667,0
b2AR-decoy_961,C=C(CC[C@H]1[C@@H](C)CCCC1(C)C)C(O)Cc1c(O)cc(C)cc1O,-8.39593657336127,-4.713537361386035,-4.739865687085861,-3.2085294795906,-4.091476592664779,-2.7949966478359745,-3.039539922689821,-2.848136526064387,-6.381311918003117,-4.989489378597126,0
b2AR-decoy_555,CC1(C)CCc2cc(C(=O)/C=C/c3ccc(O)cc3)c(O)cc2O1,-8.39016943651113,-5.479002689113755,-5.694352418063851,-4.35730873272051,-5.206010368292999,-4.448240561468625,-3.026757650542661,-2.8150373834297167,-3.045954987800436,-4.376286358375188,0
b2AR-decoy_333,Clc1ccc(SCc2n[nH]c(c3ccc(Cl)cc3)n2)cc1,-8.38535319706351,-5.684705903103935,-5.604975114019581,-4.4758691078433,-4.477420860309079,-3.872828595167305,-3.097244488062871,-3.397323073953987,-3.442931272036496,-4.284752755290727,0
b2AR-decoy_344,O=C(C[C@H](c1ccccc1)c1c(O)c2ccccc2oc1=O)c1ccccc1,-8.38310977361737,-5.670013802853005,-6.087435316463781,-4.4685447156806095,-5.730436178159069,-4.807720597192384,-4.543916253634031,-4.771637005703846,-4.986689907367566,-4.684510933078087,0
b2AR-decoy_2453,C=C[C@@]1(C)CC=C2[C@@H](CC[C@@H]3[C@](C)(C(=O)OCc4ccc(Cl)cc4)CCC[C@@]23C)C1,-8.38197429487978,-5.846536538687655,-4.839038962488702,-4.17647461380673,-4.759120208397238,-4.815974314507274,-2.9085218029691813,-2.929531349307557,-5.356157439253087,-4.7512324373545365,0
b2AR-decoy_3128,Nc1ccccc1SC[C@@H]1CO[C@](CCc2ccc(Cl)cc2)(Cn2ccnc2)O1,-8.38091936342121,-6.736558818205715,-6.133564777974602,-4.97358670948291,-5.955119896885359,-5.132182344670936,-3.4809631744093315,-4.651302579925886,-4.657738915162977,-4.054225362609888,0
b2AR-decoy_2070,Cc1ccccc1OCc1ccc(c2nc(C#N)c(NCc3cccnc3)o2)o1,-8.37778714501543,-4.793706016022475,-4.6801623873551215,-4.64367669346622,-5.945318702996138,-3.468398960980415,-3.6740262271805104,-2.241974017711837,-3.1655178826064967,-3.8645649047195474,0
b2AR-decoy_2147,O=C(CSc1nn(c2ccccc2)c(=S)s1)c1c[nH]c2ccccc12,-8.3756483138784,-5.951808625578925,-5.921756011336951,-3.3184475320866698,-3.778932808902258,-3.465046895305635,-3.0314283727078406,-4.334946909291247,-5.525337902303747,-5.148214729796436,0
b2AR-decoy_2883,O=C(/C=C/c1ccccc1)c1ccc(OCc2cc(c3ccc(Cl)c(Cl)c3)no2)cc1,-8.36831276117653,-4.024660285391105,-5.280126990075831,-1.7661188992941197,-4.883016962953269,-2.414659688795295,-3.0355894303951514,-1.4577333499512068,-3.3399144527637867,-1.8812380637721275,0
b2AR-decoy_2205,O=c1[nH]c(SCc2ccc3ccccc3c2)nc(Cc2ccccc2)c1Br,-8.3661649247557,-5.744428884376835,-5.650446984726961,-3.45537298314093,-4.556390621838209,-3.748968149674215,-2.856973555502531,-2.8092465192391165,-3.9075357977842655,-4.900681931268927,0
b2AR-decoy_1937,CN1C(=O)[C@@H](NC(=O)c2cc3ccccc3[nH]2)N=C(c2ccccc2F)c2ccccc21,-8.36449612358298,-4.7772062244397855,-5.580913973955601,-4.63675875007847,-4.841986758529439,-4.603655651079764,-3.0710796006282406,-3.503626273267217,-4.530024815862767,-5.054563459588767,0
b2AR-decoy_370,COc1ccc(c2cc(/C=C3\C(=O)Nc4ccc(F)cc43)[nH]n2)cc1,-8.3591499745975,-3.149819343454205,-4.454378918146931,-2.43382108338154,-4.128788176935959,-2.7183544594914544,-3.2734690184682407,-2.9077794730961566,-2.211307889979726,-2.5319881136395077,0
b2AR-decoy_473,Cc1ccc(c2nc(/C=N/c3ccc(O)cc3)c(O)o2)cc1,-8.35316530039099,-5.432358193309625,-6.550805663701892,-4.1220481742360295,-5.116564473768118,-4.562316823718595,-3.762568479871311,-2.991382818751557,-4.148464239464826,-4.136396425690286,0
b2AR-decoy_2362,C/C(=C\c1ccc(Cl)cc1)S(=O)(=O)Nc1c(F)cccc1S(N)(=O)=O,-8.352940719946,-4.515747823420295,-4.456727580801061,-2.9811021744686794,-3.515131023846939,-1.9667225024026247,-2.888325028639751,,-3.0917721914895964,-4.456891139928777,0
b2AR-decoy_874,CC1CCC(=NNc2nc(c3ccc(C#N)cc3)cs2)CC1,-8.34921464123306,-5.616219429317625,-5.521615021090181,-4.31264336230125,-4.753335565685759,-4.679034749236184,-3.4737709419019707,-4.0622209174608965,-3.836480327334116,-5.0190262196695965,0
b2AR-decoy_1101,Oc1c(/C=N/c2ccc(Oc3ccccc3)cc2)cnn1c1cccc(Cl)n1,-8.34105311417052,-5.229561806930195,-4.512327899906311,-3.1959408836418097,-3.639816570405429,-3.082151538578395,-3.366405600868851,-1.875513726670837,-4.000263228637176,-5.389147196258916,0
b2AR-decoy_2939,CCc1ccncc1C1=CC=C2[C@@H]3CCC4C[C@@H](O)CC[C@]4(C)[C@H]3CC[C@]12C,-8.33902574799849,-5.545198687749565,-4.553357857034961,-4.25484614334191,-3.5351331587127888,-3.3416309045682047,-4.450267919797032,-2.1822154714093367,-4.999549912292666,-3.948307389115697,0
b2AR-decoy_1224,Cc1ccc(c2nnc(SCc3ccc(Cl)cc3)o2)c(O)c1,-8.33786494840418,-5.239540130817595,-5.513559260291351,-4.3005653448635295,-4.118445800207338,-3.3230801073719043,-3.3584634529999207,-2.2905022313148766,-4.249873103305316,-4.441291969721448,0
b2AR-decoy_1670,CC1CN(C(=O)c2ccccc2)OC(c2ccc3c(c2)OCO3)O1,-8.33642165451803,-6.102752182970665,-5.992453231142231,-4.5234231497792,-5.149758494155229,-3.5711496798504445,-3.749600506610742,-2.965804266546737,-5.312545279625186,-5.169265182470287,0
b2AR-decoy_147,Cc1sc2nc(CSc3nc4ccccc4s3)nc(O)c2c1C,-8.33477666549248,-4.400111183206515,-6.1251095533954505,-3.27629912478374,-4.311706803313938,-3.364253901164135,-3.172776149729491,-3.0276449955465665,-4.092082148207466,-4.7776903724643365,0
b2AR-decoy_2214,Cc1ccc(/C=C2/SC(c3ccc(n4ccnc4)cc3)N(Nc3ccccc3)C2=O)cc1,-8.33254520293068,-6.595973966888476,-5.924117676925111,-4.46895835436356,-4.929742924636239,-4.528167675807785,-1.9216029952199607,-3.351832816917857,-4.993579235834586,-4.550508137953987,0
b2AR-decoy_419,Cn1nc(c2ccc(Cl)cc2)s/c1=N\c1cccc(C(N)=O)c1,-8.33171382939205,-6.233524248638744,-5.707681923324251,-4.64825988760444,-4.592505867470519,-4.471547095595724,-3.0710399360660814,-2.8977196876077365,-4.785700147161556,-4.5696899742590364,0
b2AR-decoy_61,CC1(C)C=Cc2c(ccc(C(=O)/C=C/c3ccc(Br)cc3)c2O)O1,-8.32827651657352,-5.753911135010355,-4.360127660277451,-3.35976680545964,-1.1162071268164588,-0.7363272411652249,-3.558359718543532,-3.5961213314257776,-2.825542707151796,-4.630807264463797,0
b2AR-decoy_171,CC(C)CN(C[C@@H](O)[C@H](Cc1ccccc1)NC(=O)O[C@H]1CO[C@H]2OCC[C@@H]12)S(=O)(=O)c1ccc2c(c1)C(=CNCCc1ccccc1)C(=O)N2,-8.32417918963032,-4.975277503339395,-3.101556914653031,-3.51201078347996,-4.033701323929538,-2.527385996111775,-2.9267421619009406,-3.769766869408606,-4.170102461959616,-5.647013103479857,0
b2AR-decoy_1898,CC(C)=CCC/C(C)=C/Cc1c(O)cc(O)c2c1O[C@H](c1cc(O)cc(O)c1)CC2=O,-8.32337103706922,-6.143933894019655,-6.194422796958051,-4.76076054665307,-4.252666846008329,-3.034928887339575,-3.1832503278137008,-2.818045827210807,-3.124055004206336,-4.574046917716677,0
b2AR-decoy_266,C[NH+](C)CCC(=O)Nc1ccccc1N1CCN(C(=O)C2(Oc3ccc(C(F)(F)F)cc3)CCCN(C(=O)c3cnccc3C(F)(F)F)C2)CC1,-8.32033313292844,-5.112372343610995,-1.7939995669670212,-4.273232482837559,-4.137825749209158,-2.1099939175338047,-1.702609534333921,-2.907010537985177,-4.158376653709087,-4.426159360234786,0
b2AR-decoy_371,CC(=O)[C@H]1CC[C@H]2[C@@H]3CCC4C[C@H](O)CC[C@]4(C)[C@H]3C[C@H](O)[C@]12C,-8.31986596761996,-6.187239055737996,-5.314020861680072,-4.56226725890627,-4.054069682496438,-3.847750069339405,-2.326174666182501,-2.854465535311907,-4.310898474854066,-3.736288047723097,0
b2AR-decoy_898,COc1cccc(c2csc(N/N=C(\C)c3cccs3)n2)c1,-8.31455192724605,-5.343914136995415,-4.618643189602791,-3.58272493248397,-4.932691871475269,-3.8201108598708746,-3.464962749442221,-2.526238339937607,-4.408832990080366,-4.106267809060096,0
b2AR-decoy_2378,CC(C(=O)N/N=C1\C(=O)Nc2cccc(c3cccc(F)c3)c21)c1ccc(O)cc1,-8.31445845802486,-5.665789577446235,-5.437584487949181,-5.41560576844579,-3.828585281428328,-3.9719661872188734,-3.4778023091840007,-3.3543140175821264,-5.1675541057852366,-4.816185755172446,0
b2AR-decoy_20,O=c1cc(c2cccc(Oc3ccccc3)c2)oc2cc(O)ccc12,-8.30830216373054,-5.658077691675556,-6.045996153281601,-4.05432458127214,-5.223447479943008,-2.4952012131085244,-3.302564489596211,-2.966792281306617,-5.269190500899386,-4.366647976153427,0
b2AR-decoy_984,CC(C)C1=C(Cc2ccccc2)C(=O)O/C1=C\c1ccc(O)c(Cl)c1,-8.30213912727017,-5.027349900355345,-5.703156938206721,-4.66963686904106,-5.217658224900958,-4.623048190395835,-3.514444033298071,-3.2170901502200264,-4.562459537363677,-4.0964105909198665,0
b2AR-decoy_1076,CC/C(=N\NC(=O)c1cc2ccccc2cc1O)c1cc2c(F)c(F)c(F)cc2[nH]1,-8.30182028227862,-6.499716008837666,-6.308409830024882,-5.20680652715455,-5.388715525789058,-6.028105906543814,-4.258918504785381,-3.998354025463767,-4.7201113276187865,-5.472043538733416,0
b2AR-decoy_1804,O=C(NCc1ccncc1)c1ccc(Oc2ccc(/C=C/C3=CN4CCC3CC4)cc2)cc1,-8.30034997773333,-5.914227241075265,-4.922171943142391,-3.9304026636766194,-2.7485523284959585,-4.023360228079885,-3.0501437177236213,-2.938115667437377,-3.5572424384473367,-4.812137625890276,0
b2AR-decoy_162,CCC[C@@H]1C[C@@]1(NC(=O)[C@@H]1[C@@H]2[C@H](CN1C(=O)[C@@H](NC(=O)NC1(CS(=O)(=O)C(C)(C)C)CCCCC1)C(C)(C)C)C2(C)C)C(=O)C(=O)NC1CC1,-8.29039350599173,-5.826020806400625,-5.0539203128207815,-4.142569025840619,-4.890774036297339,-2.4819186868694745,-3.468455310977121,-1.574354243797817,-3.301865574217657,-4.5393713157142965,0
b2AR-decoy_3076,CO/N=C(/c1ccc(Cl)cc1)c1ccccc1Oc1ccc(C(F)(F)F)cc1,-8.28998203935443,-3.1588473832373856,-3.871999348938052,-2.07783294336972,-3.877036752781338,-2.0733281546239946,-1.488155164231161,-1.2375862793183572,-4.112195839891796,-3.9757753311824966,0
b2AR-decoy_2942,COc1cc(c2noc3c2CCCC3OCc2cc(F)cc(F)c2)ccc1n1cnc(C)c1,-8.2896444066192,-5.608534697965075,-4.432681162413691,-4.62882902260466,-4.522916760343739,-2.4740236924722945,-3.0046007052089108,-2.822158405706247,-3.6757412762154766,-4.595671507428097,0
b2AR-decoy_844,N#C/C(=C\c1ccc2ccc3cccc4ccc1c2c34)C(=O)c1c[nH]c2ccccc12,-8.28841165827031,-4.6412582822425055,-3.440935138767091,-3.48362217896046,-4.025645544576348,-1.4896659448794551,-3.9512979076436094,-3.875293727927106,-1.6442314567773764,-4.825476783739697,0
b2AR-decoy_489,Cc1c(O)ccc(C(=O)/C=C/c2ccc(F)cc2)c1O,-8.27797773487247,-5.2576497716850055,-5.332768091301711,-3.4424509317215897,-4.530269997198689,-1.9971184848711143,-3.6283518486945914,-3.0565983786208166,-4.430655787213726,-4.451013578612677,0
b2AR-decoy_118,Oc1ccc(Cl)cc1Cn1nc(c2ccc(C(F)(F)F)cc2)oc1=S,-8.27497136778246,-5.700551128706375,-4.144844497014991,-3.7699322397553,-4.463393692346268,-3.666398772886884,-2.3151398813842112,-2.803771664829167,-3.516595430146726,-4.682037639591227,0
b2AR-decoy_1720,O=C(OCc1cc(Cl)ccc1O)c1cc2cc(CCl)ccc2oc1=O,-8.27210784813782,-3.130725117340085,-4.357555608463311,-3.995910509602609,-3.771956174127318,-2.508253564119035,-3.389285309236901,-2.069839126228347,-4.667566555610196,-2.099348404820867,0
b2AR-decoy_169,CC(C)(C)C(=O)SCCOP(=O)(OCCSC(=O)C(C)(C)C)OC[C@@H]1C[C@@H](O)[C@H](n2ccc(N)nc2=O)O1,-8.27209667375099,-6.005222672709765,-4.970663570756892,-4.45510209704767,-4.484896337974658,-2.6136701441814445,-2.457969328398081,-3.1976368900564767,-3.5819130458380064,-5.176465269436687,0
b2AR-decoy_788,COc1ccc(c2nc(/C=C3\C(C)=Nc4ccccc43)c(O)o2)cc1,-8.27178961359409,-5.176103426699145,-5.368837056950031,-4.238157939620749,-4.100945534065429,-3.154935431682545,-2.7217619672304707,-3.0804822409617865,-4.041528524202766,-3.453157830141437,0
b2AR-decoy_2352,OC[C@H]1O[C@H]2c3cc(Cc4cc5ccccc5s4)c(Cl)cc3O[C@H]2[C@@H](O)[C@@H]1O,-8.26814770181239,-5.959989738378445,-5.386719699639131,-4.99675455208799,-4.651859197960548,-3.501042050115575,-3.280681296003311,-3.264200253564807,-5.0013307127528766,-4.965666612127956,0
b2AR-decoy_1956,O=C(NO)c1ccc(COc2c(=O)n(Cc3ccncc3)c3ccccc3c2c2ccccc2)cc1,-8.2670107059358,-4.223390138401405,-5.026635864130672,-3.94784610547865,-2.838153549907698,-3.5064509985511343,-3.0995306961523914,-2.657192416700557,-2.314025351008927,-4.088700998221906,0
b2AR-decoy_2191,CCc1ccc(c2csc(/C(C#N)=C/Nc3ccc4c(c3)OCCO4)n2)cc1,-8.2667325269316,-3.310893723425325,-2.791977167315861,-3.73769452957664,-4.052184814542849,-1.2613642556601548,-3.518363522548321,-3.026377332537077,-3.318999309496067,-4.769497187101788,0
b2AR-decoy_907,Clc1ccc(SCc2n[nH]c(c3ccc(Br)cc3)n2)cc1,-8.26600232550796,-5.103871815929055,-5.512495177084252,-4.01211948475762,-4.585678368129768,-3.937814584816035,-2.687914546529941,-3.1343050449818373,-3.242662036588416,-4.270123168773438,0
b2AR-decoy_1954,CC(C)c1cc(C(=O)N2CCc3c(sc(NC(=O)c4ccccc4)c3C#N)C2)[nH]n1,-8.26483349010054,-4.972135744148015,-5.604707012760802,-3.936162291168349,-4.300236868466459,-4.350446488218895,-2.710445655942851,-3.815034540133137,-4.085784023841886,-3.8643275260338767,0
b2AR-decoy_2385,COc1ccc2cc(C(C)C(=O)Nc3ccc(S(N)(=O)=O)cc3)ccc2c1,-8.26384507528666,-5.101549430875125,-4.977322759610111,-3.9441584650765495,-2.791244904379968,-2.9553178849520343,-2.329995811714851,-2.533382481973967,-4.005092387959336,-4.619711606381218,0
b2AR-decoy_935,Clc1ccc(c2csc(NN=C3CCCCCC3)n2)c(Cl)c1,-8.25998033128541,-5.136315517554046,-5.857731538343431,-4.1575537387290495,-4.390477162096489,-4.131285082510715,-3.4028239726931213,-3.898798788159997,-4.905318126826087,-4.223303399040088,0
b2AR-decoy_2003,N#C/C(=C/c1ccc(c2ccc(C(N)=O)cc2)o1)c1nc2ccccc2[nH]1,-8.25593405426646,-5.096950556960205,-6.017614733655002,-2.10719137728943,-4.261022441762188,-3.234160620266665,-3.185624218098101,-2.800488379007387,-2.9335543371109463,-4.335290137159056,0
b2AR-decoy_1065,O=C(CCCCCc1ccc(Br)cc1)N1CCOC1=O,-8.2490923439752,-4.889236723626845,,-3.39466560992963,,-2.532834215394555,-3.719429753335332,-2.917633968981767,-3.983204800558776,-4.528098510680827,0
b2AR-decoy_967,O=C(/C=C/c1csc(c2ccc(Cl)cc2)n1)c1cccc(O)c1,-8.24846379388134,-5.787548623004425,-2.996626310422952,-4.35727408738458,-4.043296324948348,-2.080853285553565,-3.178501883602941,-2.133494840460397,-3.2846657044433663,-4.7461327396823965,0
b2AR-decoy_2309,Nc1nnc(SCc2nc(O)c3c(n2)scc3c2ccccc2)s1,-8.23960877105575,-5.677884386767396,-4.719432843604361,-4.16800013017272,-3.256779557811808,-2.5939931396558844,-3.201007532641521,-2.9568807754837767,-3.3663672567994967,-5.506513628148676,0
b2AR-decoy_176,CCOC(=O)/C=C/C(C[C@@H]1CCNC1=O)NC(=O)[C@@H](CC(=O)[C@@H](NC(=O)c1cc(C)on1)C(C)C)Cc1ccc(F)cc1,-8.23918510783076,-6.624037343503495,-7.059898102111871,-3.37172246527932,-5.154262405252219,-3.1747306263719546,-5.124842149864051,-3.762624376434188,-6.095743265600456,-5.855835270910477,0
b2AR-decoy_2040,COc1ccc(c2nnc(SCc3ccccc3Cl)o2)c(O)c1,-8.23860366644259,-4.161492535988825,-4.475573053911042,-4.23747831939676,-4.606023321297728,-2.6546486535618845,-3.714920783727001,-1.0210911130259372,-3.1134438917909364,-3.862226858730787,0
b2AR-decoy_1565,CSCCC(NC(=O)c1ccco1)C(=O)OCC(=O)Nc1ncc(Cl)c(C)c1Cl,-8.23649262560953,-5.908662614582325,-6.003962292709312,-3.3210397375105,-5.121076774856768,-1.6789963606673748,-1.9417423300783807,-1.6605132527858473,-4.326520092752577,-3.640828594176517,0
b2AR-decoy_2435,COC1[N+]([O-])=C(/C=C/c2ccc3ccc4cccc5ccc2c3c45)CC1(C)C,-8.23090852037344,-4.235778242315835,-4.886813309273111,-1.1722308416921594,-3.6773273875082886,-0.6311342704827148,-3.1168492605280607,,-3.097970269223226,-4.424829161260467,0
b2AR-decoy_3119,CCN(C)c1cc(O)c(Cn2nc(c3ccc(C(F)(F)F)cc3)oc2=O)cc1Cl,-8.23008341601667,-5.730251020936545,-4.899619293012151,-3.9302533913322497,-3.9110209353630583,-1.3620654725415149,-2.8462788066663918,-2.8040151957792867,-3.5606882599988765,-4.652174970366717,0
b2AR-decoy_740,CC(C)C1=CC2=CC[C@H]3[C@](C)(C(=O)OCC(O)CCl)CCC[C@]3(C)[C@H]2CC1,-8.22777870648955,-5.973376176376846,-5.408444726889801,-4.35247227244832,-4.075051128371059,-3.646657559740765,-2.608520340059301,-2.426117220736727,-4.172563918413126,-4.719553423093156,0
b2AR-decoy_2067,CCc1cccc(NC(=O)CCN2C(=O)c3ccccc3Sc3ncccc32)c1,-8.22244676696516,-5.475772253378786,-6.243070729393912,-4.4364424954127095,-3.0025130204464583,-2.1872152405241643,-1.890019003254701,-2.234973286246027,-2.1175210812191168,-2.5322039784584667,0
b2AR-decoy_590,Clc1ccc(c2csc(N/N=C/c3cccs3)n2)cc1,-8.22209782574227,-5.7597474182963255,-5.616411194151992,-4.48629697543755,-4.243401257580328,-3.3180701256200846,-3.79223490193306,-3.2588864529717165,-3.528083378629707,-4.906599651899706,0
b2AR-decoy_1896,c1ccc(c2ccc(C(c3ccc(c4ccccc4)cc3)n3ccnc3)cc2)cc1,-8.22197694112308,-6.621994168102015,-6.324623713663851,,-4.957260076719958,-5.589267438897755,-3.6884469620335514,-5.513829551954148,-4.460696977950736,-4.522894144380688,0
b2AR-decoy_2951,O=C(CCc1nnc(c2ccc(Cl)cc2)o1)c1ccc(c2ccccc2)cc1,-8.2129565421923,-5.809152724861455,-4.114289468857381,-3.5239888098470797,-1.6006192416860283,-0.5728310834204446,-2.7709164768318413,-0.286666557134227,-3.872524567971807,-4.288275369747547,0
b2AR-decoy_2742,Cc1nc(NC(C)c2cccc(c3cnn(C)c3)c2)cc(c2ccc(C(C)C)cc2)n1,-8.21243924279821,-3.4323434369272148,-5.299530780514341,-1.7390848800814398,-1.8344430348038987,-2.3518154865516543,-2.582004966420061,-2.1344045200437964,-4.203580373090227,-3.359499361183977,0
b2AR-decoy_2686,COC(=O)c1c(O)cc(O)c(Cl)c1CCc1nccn1Cc1ccc(Cl)c(Cl)c1,-8.21098712237466,-5.380426904030635,-5.210339148825481,-4.653022598210479,-3.059606223908858,-3.538532821163285,-2.858765266909801,-1.8776840829051664,-3.6166379810355167,-3.8272184381087366,0
b2AR-decoy_642,C/C(=N\Nc1nc2c(C)cccc2s1)c1ccc(Br)cc1,-8.20642346102828,-4.608506067607125,-5.943358138726081,-4.5783208814565,-4.546043470841968,-3.433913596819905,-4.119398111344552,-2.2474222210164765,-4.472540590635696,-3.632382727319287,0
b2AR-decoy_404,CC(=O)[C@@]1(O)[C@@H](C)C[C@H]2[C@@H]3CCC4=CC(=O)C=C[C@]4(C)[C@@]3(F)[C@@H](O)C[C@@]21C,-8.20217065424322,-5.388398071890675,-5.0051494311987215,-3.49139906945668,-4.838919152104429,-4.176067238705015,-3.5502786937424204,-3.485588288743477,-4.688872303596816,-2.391144881422347,0
b2AR-decoy_1800,CCC(O)(CC)c1cc(F)cc(OCc2ccc3c(c2)oc(=O)cc3c2ccoc2)c1,-8.20181460917985,-3.4590801039303853,-2.9346174857031717,-1.45783598722924,-0.6350545790391986,0.0872802001487351,1.051285450793459,0.448025588114513,-1.6377160945955067,-3.637766161699127,0
b2AR-decoy_551,CCc1cc(O)c2c3c(c(O)cc2c1)C(=O)c1c(O)cccc1C3=O,-8.20084418794739,-5.244696022601615,-5.078508566979081,-3.66017565175477,-4.291118412192959,-2.916934088709485,-3.8825372484256704,-2.6141035905311965,-3.700048635826796,-4.774870815864977,0
b2AR-decoy_2986,FC(F)(F)c1cc(CSc2nnc(c3ccccn3)n2Cc2ccco2)ccc1Cl,-8.20002616668858,-5.632787685800555,-5.897054927740991,-4.338706392784769,-1.5679475441387585,-0.6075919564806549,-2.4054179186534608,-3.0854694890837164,-4.1752722253016366,-1.937357984335597,0
b2AR-decoy_2764,CC(C)c1nc2c(c3c1[C@@H](c1ccc(C(F)(F)F)cc1)OC31CCOCC1)[C@@H](O)CC1(CC1)C2,-8.19967033691393,-5.657475815271565,-5.131728246040941,-3.25607384729563,-3.2163785092231487,-3.5154870980853747,-3.666020710522892,-3.320662487615647,-2.533843163118206,-5.272954807854537,0
b2AR-decoy_2140,Cc1ccc(C(=O)NCC(C)/N=C/c2cc(Br)ccc2O)c(O)c1,-8.19795931687819,-6.073122858855435,-4.8316247245333415,-5.1059371315061,-4.695920063702869,-4.503132575418274,-2.693914202707351,-3.1645161284786765,-4.841494510565717,-4.687122000369907,0
b2AR-decoy_1798,C[C@H](NC(=O)C(F)(F)F)c1ccc(OC2CCN(c3ccc(OCC4CC4)cc3)C2)cc1,-8.19511106310802,-5.130505793374265,-4.445241068548452,-3.8832037875101,-3.160549915148459,-2.588315960188295,-2.193726305789471,-2.117522327951427,-3.4201459511285366,-4.483038750590078,0
b2AR-decoy_2519,Cc1ccccc1C1CCc2cc(Oc3ncc(CNC(=O)c4ccno4)s3)ccc2O1,-8.19405004242585,-6.040864257831395,-4.750205597046931,-4.38715792654643,-4.4416423981904085,-3.0137126868754445,-4.5879883021544,0.4872897044665736,-3.0724931716322867,-2.705770146170527,0
b2AR-decoy_514,CCC(=O)c1cc(O)cc2cc(c3ccc(O)cc3)oc12,-8.19321646752689,-6.574988087549334,-5.1208395914478615,-4.72325251672544,-3.862493682585429,-3.2708387043510445,-2.784310386315891,-3.5047488547314973,-4.540981416869957,-5.437193013090647,0
b2AR-decoy_1557,O=C1N[C@@H]2[C@H](CCCCCc3cn(Cc4ccc(C(F)(F)F)cc4)nn3)SC[C@@H]2N1,-8.19225408561255,-6.055886548695695,-4.4034320244812015,-4.47086815092573,-4.442265212571098,-2.7385244196196243,-2.894196144777311,-2.889829175610217,-2.9924691226521967,-4.990027989241007,0
b2AR-decoy_2107,Oc1ccc(/C=N/n2c(C(c3ccccc3)c3ccccc3)n[nH]c2=S)c(O)c1,-8.19210343240516,-4.698622548182875,-5.846723285089921,-4.1602265216903,-4.917081408200129,-3.1320423195305143,-3.7706695780866113,-3.1922177759746866,-4.391205383574777,-4.854363912746708,0
b2AR-decoy_2669,CCc1nnc(SCc2nc(c3ccccc3Cl)oc2C)c2cc3sc(C)cc3n12,-8.19132198773101,-5.0103383391253455,-2.611131439329191,-3.49430488559077,0.4195651312060113,-0.9385822783864848,-0.7102811821850912,-0.142355834344257,-4.261824022667007,-4.164010480845787,0
b2AR-decoy_2550,O=c1c(c2cccnc2)nc2ccccc2n1C(CCc1ccccc1)c1nc2ccccc2[nH]1,-8.19107728080018,-4.884850827864135,-6.020956269782431,-3.9935079663037696,-5.198185975960348,-4.387142075635754,-1.2388004463890807,-3.1346272583534365,-4.667838244733527,-4.925587619533756,0
ASD03130104,Clc1cc(Cl)cc(Nc2nc(NC3CCN(Cc4ccccc4)CC3)c3ccccc3n2)c1,-8.18986287080357,-5.284433826500555,-5.406057069508791,-3.3778521265562693,-4.084898303710118,-3.456080484180405,-1.7270053498928908,-2.6046104526844065,-3.002990329371096,-4.7844381923498265,1
ASD03130022,CNC(=O)C(Cc1cc(Br)cc(Br)c1)NC(=O)C(Cc1ccc(C(N)=O)cc1)NC(=O)C(c1ccccc1)C1CCCCC1,-8.18893392697134,-7.945685645548796,-6.677675397415861,-7.09983292754162,-8.127913566601258,-6.298332109288884,-5.551192494713972,-5.134132859386797,-7.142859127107766,-7.380781646622207,1
b2AR-decoy_1536,CC1=CC(COCc2ccccc2)OC2(C1)C(=O)N(CC1CC1)c1ccccc12,-8.1879761728366,-5.170979593464305,-5.242034850165712,-3.13410603039069,-4.224995936427368,-3.5621423355731148,-2.565199549245291,-2.7309235461725265,-3.4401344251245165,-3.7998510070551768,0
b2AR-decoy_809,Cc1c(Cl)c(O)c2c(c1C=O)OC(C)(/C=C/[C@]1(C)C(C)C(=O)CC[C@H]1C)CC2,-8.18541203240406,-5.565705594436396,-5.346768684089342,-4.15464333189853,-4.3106042781929785,-3.394957625500015,-3.8137876489220215,-2.8074260355060465,-3.3145766040232765,-4.553760549151438,0
b2AR-decoy_121,O=c1oc2ccccc2cc1CSc1nc2cc(Cl)c(Cl)cc2[nH]1,-8.18305470232919,-6.516409306761055,-5.132405376947712,-3.9550919908516695,-5.462616432034308,-4.641030164314394,0.1245650386034089,-4.612231734457117,-5.526266068273486,-5.0275826679754765,0
b2AR-decoy_577,Cc1ccc2c(c1)CC(C(=O)Nc1ccc(c3cn[nH]c3)cc1)CO2,-8.17948751883232,-6.031190833670225,-4.395040673190561,-3.5418212552374198,-2.9668245770195982,-2.334858152784255,-2.648060264940151,-3.2075000022179765,-3.883645836158986,-4.007752825362097,0
b2AR-decoy_2718,N#Cc1cc(C(=O)N/N=C/c2cccc3c2ccn3Cc2ccc(C(F)(F)F)cc2)ccc1O,-8.17910749175613,-6.885469568439506,-6.076489744121071,-4.95663318478728,-5.455446945743008,-4.016380145316365,-3.045737534426891,-2.573881696978217,-5.022423806557106,-5.251650346953957,0
b2AR-decoy_964,O=C1NC(=O)c2cc(Sc3ccccc3)c(Sc3ccccc3)cc21,-8.17850621309807,-4.929158100699105,-4.521269164008292,-3.43629454199937,-3.621106789713968,-2.8312902023212745,-2.2087030733610407,-2.5726554760736766,-4.636123433159006,-3.1532481128333774,0
b2AR-decoy_175,CCCCC(NC(=O)[C@@H]1[C@@H]2[C@H](CN1C(=O)[C@@H](NC(=O)N[C@@H](CN1C(=O)CC(C)(C)CC1=O)C(C)(C)C)C(C)(C)C)C2(C)C)C(=O)C(=O)NCC,-8.1755449899564,-6.390694928917535,-5.723231040449301,-4.4580268432635295,-5.398404346826579,-1.938674860607585,-4.06231206752137,-1.1480972060765868,-3.2594988970625263,-5.844439697556577,0
b2AR-decoy_2061,COc1ccc(C(c2cc(O)ccc2O)c2ccc(C(C)C)cc(=O)c2O)cc1,-8.1755243278472,-5.106685770393925,-5.945107174486601,-4.45251419243698,-3.452506025330118,-4.274228764809905,-3.7688881443454902,-3.542197139469776,-4.117637574817766,-5.058984088406216,0
b2AR-decoy_2411,CO/N=C(\c1ccc(Cl)cc1)c1ccccc1COc1ccc(C(F)(F)F)cc1,-8.17357365341471,-6.276114471625325,-5.829958598954661,-4.4629096038637295,-2.809522732359798,-2.536066644509175,-2.926713981347551,-3.308833882370017,-3.662069585744866,-4.736158025967137,0
b2AR-decoy_3015,C/C1=C/[C@@H](C)CC/C=C/CC/C=C/C(=O)O[C@@H]1[C@H](C)C(=O)C[C@H](O)CC1CC(=O)NC(=O)C1,-8.17310829503372,-5.505036661256745,-4.541023663593061,-3.3630791188893694,-3.632040531329839,-2.9213118066287445,-2.113131619011672,-2.967423158435637,-4.127029095800807,-4.400107136530847,0
b2AR-decoy_2670,Cc1cccc(C)c1OCc1nc2c3c(ncn2n1)oc(c1ccccc1)c3c1ccccc1,-8.17291236204897,-3.6645742419676353,-5.221966878802442,-2.06889626917133,-4.435705410834249,-3.0941773235333647,-3.12763611896217,-0.2739537089334769,-3.635507999849036,-3.6160387363861273,0
b2AR-decoy_245,C[C@H](NC(=O)C(C)(F)F)[C@H](Oc1ccc2c(cnn2c2cccc(C(=O)N3CCC[C@@H]3C(N)=O)c2)c1)c1ccc2c(c1)OCCO2,-8.17286057127235,-5.804031984022576,-5.409061852206022,-4.7395455330906096,-5.311099586330318,-3.921352373274475,-2.730179691196581,-3.1845385752007864,-4.457991262654897,-5.193449994515916,0
b2AR-decoy_316,CC(C)(C)c1ccc(SCC(c2cccnc2)c2c[nH]cn2)cc1,-8.17037932774946,-6.057977721350085,-4.944952883672562,-4.81506622548671,-4.974681455386639,-4.149901234203144,-3.130895034041681,-3.1666233894249167,-4.430423015174406,-4.443162145534027,0
b2AR-decoy_1964,COc1cc(O)c(C(CC(=O)Nc2ccc(C)cc2)c2ccc3c(c2)OCO3)c(OC)c1,-8.16673728351826,-5.115383697927115,-5.270793531431851,-3.207275574375489,-4.300676445555519,-1.3538325834923448,-2.2314715840781307,-3.3160528147829966,-2.144078825840986,-4.647736149319638,0
b2AR-decoy_3174,C=C[C@@]1(C)CC=C2[C@@H](CC[C@@H]3[C@](C)(C(=O)OCc4ccc([N+](=O)[O-])cc4)CCC[C@@]23C)C1,-8.16218339495475,-5.773609358741295,-5.6533841683272215,-3.7074268827273,-4.031144319167458,-4.834293215992735,-2.962391839006261,-2.991481808664947,-5.359328261975726,-4.894594804631836,0
b2AR-decoy_2814,COc1ccc([C@@H]2[C@@H](CCCc3ccccc3)C(=O)N2c2ccc(OC(F)(F)F)cc2)cc1,-8.1550891986777,-6.564140340766414,-4.859267087443111,-3.36421447036662,-3.805077999933208,-1.7246871114619244,-2.469324406333101,-1.653091330773477,-5.241158813841406,-4.603399730477728,0
b2AR-decoy_1232,Cc1cccc(c2noc(CN(C(=O)CCc3ccccc3)C(C)C)n2)c1,-8.14493315576334,-6.105662746462476,-4.607069302154152,-4.481205014677769,-5.046417178113158,-2.4117739147228745,-2.9951148476392406,-4.002619313188028,-3.843044707709856,-4.569400648658688,0
b2AR-decoy_434,O=C(c1cccc(c2cccc(O)c2F)n1)c1ccccc1O,-8.14317636865419,-5.658538673751125,-6.902801634473942,-4.08934406564239,-4.743606914936039,-3.6733551383587546,-3.6443240991963712,-3.034195305819127,-4.234079970173516,-4.747979500006977,0
b2AR-decoy_290,Cc1ccc(C(c2c[nH]c3ccc(C(=O)N/N=C/c4cc(O)ccc4O)cc23)c2c[nH]c3ccc(C(=O)N/N=C/c4cc(O)ccc4O)cc23)cc1,-8.14052348462172,-6.2602325897777344,-4.752292956126401,-5.448460208135959,-4.830086139157139,-7.399789806026884,-2.8939184355393506,-2.568469500258497,-5.221801883179216,-4.742279639701387,0
b2AR-decoy_500,O=C1/C(=C/c2ccccc2O)Cc2c(O)cccc21,-8.13810125647628,-5.240525737041495,-5.532656193811811,-4.369470919347879,-4.599090964949038,-4.145349088190475,-3.4983790168249413,-2.653950041117927,-4.158676972479366,-4.581978619880188,0
b2AR-decoy_1150,Cc1ccc(c2nnc(NC(=O)c3ccc(SC(F)(F)F)cc3)o2)cc1,-8.13469920736764,-5.358167176246015,-5.536191936947281,-4.13398755349124,-3.075168820561668,-1.9203629736727743,-2.5089963572050413,-3.330852455951037,-3.2166814925090668,-4.191767769709127,0
b2AR-decoy_2997,O=C(N/N=C/c1ccc(OCc2cccc(C(F)(F)F)c2)cc1)c1cc(O)c(O)c(O)c1,-8.13278749413283,-4.907903942072745,-4.4259913179896815,-4.54284594534878,-4.154630302524478,-3.4877863963893345,-3.0567059969161914,-1.640356265010797,-4.787912780352636,-3.555950085478297,0
b2AR-decoy_397,CC(C)C1c2[nH]c3ccccc3c2C[C@H]2C(=O)NC(Cc3ccccc3)C(=O)N12,-8.13226762082606,-5.133820984269535,-4.879957545308261,-4.15328931306087,-4.017703581267279,-5.312909923542074,-3.8710652322550008,-4.043976997894347,-4.008892700376746,-4.329890967094567,0
b2AR-decoy_1548,Cn1cnc2c(SCc3ccccc3OCc3ccccc3)ncnc21,-8.12851405006017,-4.791237248932375,-5.150929910706431,-4.26333190923675,-4.046443813125388,-2.839108105041655,-3.249297940157211,-2.828825571555737,-4.257704073865177,-3.884150852082437,0
b2AR-decoy_1388,Cc1ccc(CN2C(=O)S/C(=C\c3ccccc3Cl)C2=O)cc1,-8.12339764099121,-5.745633257201395,-4.2854288900180615,-2.66978154740558,-4.017115998992439,,-2.496217574682201,-1.9382297414475165,-4.896342981208806,-3.5975886903387067,0
b2AR-decoy_1648,COCc1ccc([C@@H]2[C@@H](CCCc3ccccc3)C(=O)N2c2ccc(OC)cc2)cc1,-8.12237081065137,-6.706351699702235,-4.829085776451731,-4.253912788770029,-6.018195169047148,-3.204108020229265,-2.6757176012673414,-2.9984741651821665,-4.9123066316578665,-4.995547103137147,0
b2AR-decoy_2549,N#Cc1c(O)nc(SCC(=O)N2c3ccccc3Sc3ccccc32)nc1c1ccccc1,-8.12053335043296,-3.282974288603665,-4.6169442248372015,-3.4615268812880595,-3.3741954313876388,-1.791230139072085,-0.9863652670921814,-0.3709336898872166,-1.3076109894905064,-4.846429775937237,0
b2AR-decoy_1136,CSc1ccc(c2nnc(NC(=O)c3cc(Cl)sc3Cl)o2)cc1,-8.11876993246141,-4.839618843593595,-4.158687112994661,-4.129006509622649,-4.111394681755268,-1.412007453786055,-3.1439638815723114,-3.079344558258337,-3.9477872329549264,-4.614327358670677,0
b2AR-decoy_840,COc1ccc(c2csc(N/N=C/c3cc4ccccc4s3)n2)cc1,-8.11509034902898,-6.593845983866444,-5.812669088376781,-4.158255132977,-4.814461409680668,-4.014771499139905,-4.406231101862391,-3.537346625018916,-4.520511376883396,-4.977553749604837,0
b2AR-decoy_327,CC1(C)C=Cc2c(ccc(C(=O)/C=C/c3ccc4ccccc4c3)c2O)O1,-8.11278275891783,-6.356456875662696,-4.963187695992112,-5.46199460584584,-4.940684021352869,-0.9525542204788549,-2.742542090983691,-3.586197986590207,-3.5121278401697467,-4.441397752232977,0
b2AR-decoy_2330,COc1cc(O)cc2occ(c3cc(O)c(O)c(CC=C(C)C)c3)c(=O)c12,-8.11127202542495,-4.958925947914315,-3.618047358356211,-4.11620702929518,-4.343336286449248,-3.172594887662995,-2.871213057850021,-0.1311490818263667,-4.341943679715127,-4.388054654633807,0
b2AR-decoy_1204,CCC(Sc1nc2ncccc2o1)C(=O)Nc1c(C)cc(C)cc1C,-8.11014283179714,-5.769397156036725,-5.315096512284031,-3.8732832194499496,-4.927001366089579,-2.9739855985327743,-3.085541088485721,-2.635318143110186,-3.548562045111276,-4.970584244876726,0
b2AR-decoy_1112,CCc1cc(Sc2ccc(c3ccccc3C3=NNN=N3)cc2)c2ncccc2n1,-8.10708842140345,-3.999671527935125,-6.443228375021411,,-0.6611056030599984,-3.1922153173758447,-4.265042382390892,-0.6915077670121166,-4.323557335143156,-4.303317506253487,0
b2AR-decoy_679,COc1ccc(c2onc(C(F)(F)F)c2c2cc3ccccc3o2)c(O)c1,-8.10392478389702,-4.651773738456825,-5.436766113490322,-4.49964087721934,-3.4541928252002387,-2.1595607540553843,-4.283425488390151,-3.014427069926307,-4.945846295505996,-5.278552423145026,0
b2AR-decoy_1047,COc1ccc([C@H]2C[C@@H]2COc2nc(C)ncc2c2ccc(C)nc2)nc1,-8.10083422714717,-5.603013210528385,-5.173791332969321,-4.0559530101449495,-4.559874359048968,-3.2123506672612443,-3.2988654666416317,-1.924724493255277,-4.789276764886556,-4.257711969807387,0
b2AR-decoy_3052,O=S(=O)(c1ccc(F)cc1)C1(c2ccc(C(F)(C(F)(F)F)C(F)(F)F)cc2)CCCC1,-8.09260225311292,-6.054909552345825,-5.458829570773101,-4.82260056830534,-3.516460512167418,-3.1908468389760145,-2.943294820852011,-4.0455190369671765,-3.2176873364348264,-3.353098602429547,0
b2AR-decoy_423,C/C(=N\NC(=O)c1cc2ccccc2cc1O)c1ccc(C)o1,-8.08960295581715,-6.113533305491065,-5.681271199267592,-3.120052810011789,-5.047984955294988,-3.786175381163575,-3.923683367302681,-3.412543180314737,-3.794791849207346,-4.251929937910168,0
b2AR-decoy_2770,O=C(c1ccn2c1CSC2c1cccnc1)c1c[nH]c2c(OCc3ccccc3)cccc12,-8.08633236463399,-5.319012597076895,-4.451642344796931,-3.9378523321317696,-2.1888611403306486,-1.5821931952917847,-3.4218592710997706,-3.0884034964851166,-3.3743011879374967,-3.548766894938157,0
b2AR-decoy_1719,CCCc1ccc(C(=O)O[C@H]2CC3C(=C2C)[C@H]2OC(=O)[C@@H](C)[C@@H]2CC[C@@]3(C)O)cc1,-8.08067750187236,-6.154425677600745,-6.255241753586461,-3.9664395870066897,-4.334424529425588,-3.3754576177766245,-2.510616405766121,-3.867200937922126,-3.941157246831216,-4.638049377132896,0
b2AR-decoy_1578,CC(C)(C)c1ccc(CCC(=S)NCc2ccc(NS(C)(=O)=O)c([N+](=O)[O-])c2)cc1,-8.07539278882368,-4.667471309827335,-3.139988488940941,-3.8854563538035896,,-3.502636212498815,-2.923502514405961,-3.016912152257647,-3.721920189010637,-4.4966702348222665,0
b2AR-decoy_1502,CO/N=C(/c1ccc(F)cc1)c1ccccc1COc1ccc(C(F)(F)F)cn1,-8.07535402504655,-4.723475846096835,-6.018413955159911,-3.842224815250829,-4.479010205084618,-2.9216490716393944,-3.018207350859801,-3.1490270082002567,-4.4586217093871365,-4.383436481519247,0
b2AR-decoy_1370,CSc1ccc(C2=CC(=O)C[C@H](c3ccc4c(c3)OCO4)C2)cc1,-8.07423008146626,-6.112388664264746,-5.332516502634191,-4.5330582192619495,-4.993493295403278,-3.5295729785855343,-3.84667001075252,-2.0174198744282066,-4.241201649221327,-4.837577176924498,0
b2AR-decoy_1262,O=C(CSc1nnc(COc2cccc3cccnc23)o1)c1ccc(F)cc1,-8.07187220421181,-5.837117564479995,-5.743728451310981,-3.88683955963912,-3.9186519493710583,-1.3341486477846551,-2.4805917057528912,-1.5073479189238572,-4.448762490819036,-3.0982900125339667,0
b2AR-decoy_307,Cc1c(O)c(C[NH2+][C@@H](C)c2ccccc2)c(C)c(C(=O)Oc2c(C)c(C)c(C(=O)Oc3c(C)c(C)c(C(=O)[O-])c(O)c3C)c(O)c2C)c1O,-8.07117712197931,-5.256029778910476,-4.9956900203237415,-3.827402440111929,-4.404458843936949,-3.087195045929855,-2.4241269761907107,-2.2018333020244967,-3.7588451980763367,-3.5655479110443573,0
b2AR-decoy_1186,CCc1ccc2c(Cc3c(=O)[nH][nH]c3c3ccc(C)cc3)c(O)ccc2c1,-8.07035445843196,-5.775817134561176,-5.908025086893852,-3.070230226811009,-4.375789546544178,-3.6096454395414144,-2.1914076426731306,-2.533614889748547,-4.979150762827766,-5.025880447362317,0
b2AR-decoy_13,N#C/C(=C\c1ccc(c2ccccc2)cc1)C(=O)c1c[nH]c2ccccc12,-8.06965552385738,-4.426806721400776,-4.345166305383911,-3.3950527089602,,,-3.861941667280261,-3.930023278989976,-0.9778934207189764,-2.785330489430617,0
b2AR-decoy_2264,Cc1c(C(=O)c2ccc(Oc3ccccc3)cc2)oc2cc(c3ccccc3)cc(O)c12,-8.06665984043746,-5.883180379595475,-5.523308949222751,-4.1319297191262,-4.208927779396018,-1.9360654518254048,-3.394708520145812,-2.8820838754760567,-3.4165212675473366,-4.785732979180317,0
b2AR-decoy_1945,OC12CC3CC(C1)CC(Cn1cc(c4cccc5c4-c4ccccc4C5(O)C(F)(F)F)cn1)(C3)C2,-8.06196556646026,-4.796948229780935,-5.540078856916611,-2.69155703163735,-4.1820936956200585,-2.8163642684046746,-1.5534285087874808,-2.220397935180107,-3.574620264833277,-3.767935163125627,0
b2AR-decoy_1568,C=CCn1c(SCC(=O)Nc2ccc(/C(C)=N/O)cc2)nnc1c1ccc(OC)cc1,-8.05751218220211,-4.669629914340645,-5.640408724978942,-1.64355414301846,-3.516250031063068,-2.977967220763545,-2.543668834761541,-1.1380335555553964,-3.760561885283966,-2.151267198890537,0
b2AR-decoy_235,NS(=O)(=O)CCNC(=O)C(c1nc2ccc(c3ccc(C(=O)N4CCC(F)(F)C4)cc3)cc2s1)S(=O)(=O)CCC(F)(F)F,-8.05729633004629,-6.148796722285175,-5.725525868448141,-4.1903615082301,-3.355720275852028,-2.1058706311882247,-1.771362871867031,-2.936743690505277,-3.2902388162382463,-3.996069959777427,0
b2AR-decoy_485,O=C(/C=C/c1ccc(Cl)cc1)c1ccc(O)cc1O,-8.05659774090198,-4.813836086294235,-4.627067516199981,-3.5421651811173698,-3.768029965255148,-3.037787623212595,-3.4070946773716413,-1.4415453373694271,-4.016279103446776,-4.319382596203317,0
b2AR-decoy_7,C/C(=C\c1ccc(C(C)(C)C)cc1)C(=O)Nc1ccc2c(c1)OCCO2,-8.05603134845198,-5.563467020527305,,-4.02476563353573,,-0.4492573405626148,-2.6531008219137107,0.3500513475077929,,-4.674806512149598,0
b2AR-decoy_1512,C=C1c2ccccc2S(=O)(=O)N(Cc2ccccc2)C1COCc1ccccc1,-8.05539508412684,-5.0440115018659855,,-2.635061241051829,-4.534242717393049,-2.9722735515138448,-2.736263358086501,-3.587487916130767,-4.374612592183456,-4.545668581988908,0
b2AR-decoy_2862,O=C(CSc1c(F)c(F)c2cc(C(=O)c3ccccc3)sc2c1F)c1ccccc1,-8.0533059951245,-4.731966553820605,-4.916147973129501,-3.73691039705915,-4.447679683188219,-3.078737860630385,-1.1448845004822807,-2.2516828592497564,-5.729518951173606,-4.755539227609548,0
b2AR-decoy_1600,CSc1ccccc1NC(=O)CN(C)C(=O)C(C)SCc1nc(O)c2c(C)c(C)sc2n1,-8.05236099242698,-4.918033961425746,-4.1401218181402815,-2.00322544699302,-3.828785593200439,-3.159078443695865,-2.0409403249097107,-2.062912384131697,-3.621981994391956,-4.001807014998187,0
b2AR-decoy_1160,CCCCNC(=O)[C@]1(C)CCC[C@@]2(C)C3CC[C@@]4(C)C[C@]3(CCC21)CC4=O,-8.05219631378377,-5.016685279639675,-4.520763652219591,-4.0301187569298,-4.101131189406629,-3.231392836583555,-3.366905432677491,-2.4426182154066565,-3.574354090749046,-4.802114889308177,0
b2AR-decoy_1675,CC(C)(C)CN=C(C#N)C(C#N)/N=C/c1cccc(Cl)c1,-8.05110332591629,-5.210867429081765,-5.054877199679091,-3.71011532707894,-3.9655683260854886,-3.2338288491130047,-2.530024824577751,-2.691013809950557,-4.279334116879446,-4.224570578411157,0
b2AR-decoy_1089,COc1cccc(c2ccc(Oc3cncc4sc(C5=NNN=N5)cc34)cc2)c1,-8.05086395660647,-5.119679498024605,-5.694619090672611,-2.5748316781771097,-3.131253528023988,-2.769722578990855,-2.776617181455051,-0.4729328694793171,-0.8755219646493462,-2.225770424563977,0
b2AR-decoy_2932,Cc1ccc(c2c(OCc3cn(Cc4ccccc4Cl)nn3)cnn2c2ccc(F)cc2)cc1,-8.03757413812748,-5.039141804511915,-5.080145526254992,-3.0843648554151395,-4.878074984415719,-3.9255597966540448,-3.4365190841023514,-0.8264618437803373,-3.328578812575416,-3.022318895451367,0
b2AR-decoy_2637,O=C1CCCC2=C1C1OC(CCCCN3C(=O)c4ccccc4C3=O)(Cc3c1ccc1ccccc31)O2,-8.03413651780157,-4.677536904929915,-4.612003140925011,-3.66011847302974,-3.526762864976688,-2.733248723652765,-2.3131331496450214,-2.8601527867467365,-4.139528591869117,-5.737136287846086,0
b2AR-decoy_2725,CC(C)c1cc(c2ccccc2)c(c2ccc(F)cc2)n1CC[C@@H]1C[C@@H](O)CC(=O)O1,-8.02812280209967,-3.908160511033096,-5.773972325413901,-2.75503894148806,-3.6341569337222888,-3.5565134521716644,,-2.456292371632397,-3.640836094107506,-4.031628628331918,0
b2AR-decoy_34,COc1cc(O)c(C(=O)CC(C)C)c2c1[C@H]1C[C@H](C(C)C)C=C[C@@]1(C)O2,-8.0267332222156,-4.714366682056755,-4.983340393404511,-3.86034981805287,-3.661497238986328,-2.9317121236888344,-3.176994017739081,-2.641191380605047,-3.713334651821566,-4.309940490014537,0
b2AR-decoy_291,C[C@H](C(=O)NCc1ccc(C(F)(F)F)nc1N(Cc1ccccc1)S(=O)(=O)c1ccccc1)c1ccc(NS(C)(=O)=O)c(F)c1,-8.02065854640805,-4.291273660691355,-4.798244058407811,-2.49747345415968,-4.5913592148710585,-2.452382500465575,-1.696262957939501,-3.689138537765377,-2.3666797547623366,-3.3663835252861767,0
b2AR-decoy_407,O=C(NNC(=O)c1ccccc1Cl)c1ccc(n2cccc2)cc1,-8.01972417449229,-3.776593582834876,-4.917141511143042,-3.44735806627192,-4.803619408847469,-1.2422545617646843,-3.0641269349494413,-3.1489653876068973,-3.765624055569036,-3.6851146402037966,0
b2AR-decoy_1732,CSc1nc(Cl)cc(Sc2nnc(c3ccc(C(F)(F)F)cc3)[nH]2)n1,-8.01952716778658,-5.757970772859825,-5.674768536988341,-5.18573435630598,-3.998558231757389,-3.2083812636455846,-3.474615673516441,-3.854020442935527,-4.698317146247186,-5.531106053962896,0
b2AR-decoy_1030,C=C[C@]1(C)CC[C@@H](C(=C)COC(=O)c2cccnc2)C[C@H]1C(=C)C,-8.0188941711557,-5.850615725884025,-4.787819160973431,-4.11324967285114,-3.721435870121328,-2.6591796239897345,-2.8624196992295508,-2.3465711045510265,-3.858572003906806,-3.4772345554041766,0
b2AR-decoy_2193,Cc1csc(NC(=O)c2ccc(c3ccc(Cl)cc3Cl)o2)n1,-8.01651580138275,-4.492291321847425,-4.293591448048812,-3.59479700052247,-3.652033452494108,-2.360958229961735,-3.664905056823871,-2.304550032821907,-3.263782766951977,-5.216688748317836,0
b2AR-decoy_1196,Cc1ccc(c2nnc(SCc3ccccc3Cl)o2)c(O)c1,-8.01599510614436,-5.501651524853156,-4.673473692122191,-1.8890760037416692,-3.7774317324571776,-3.260397727260175,-2.639792464828891,-2.991025373282577,-2.9857589324867364,-4.082015958832358,0
b2AR-decoy_2146,CNc1ccc(c2cncc(OCc3ccc(Cl)cc3Cl)c2)cn1,-8.01591277588826,-4.587673250654685,-5.470166531335261,-3.31330525235048,-3.4299136442580584,-3.1956527809967943,-2.321867652483701,-3.2028958773408664,-4.152693498829007,-3.393097391618237,0
b2AR-decoy_1832,CC[C@@H](NC(=O)c1cc(C(=O)N[C@H](CC)c2ncccn2)c2n1CCOC2)c1ccc(C(F)(F)F)cc1,-8.01511157111472,-5.645957133876075,-5.752521720674992,-4.63701882472647,-4.070752200924129,-4.422599701281754,-3.893299447937901,-4.593375891137777,-4.995748026050746,-4.936350673200746,0
b2AR-decoy_55,O=c1cc(c2cccc(OC(F)(F)F)c2)oc(O)c1SCc1ccccc1,-8.01482837348483,-4.572477569325425,-5.003929349072211,-3.79013962389745,-4.201429457559098,-2.9360311556252245,-3.3803501549026613,-2.674417929506567,-4.052611436461106,-4.361555673662817,0
b2AR-decoy_682,C[C@]12CC[C@@H]3[C@H]4CC/C(=N\OCc5ccccc5)C=C4CC[C@H]3[C@@H]1CC[C@@H]2O,-8.01377353323217,-6.011090338579975,-3.924357009849241,-3.87263479337598,-4.0859027253266085,-3.1994430646955045,-2.199250737336391,-2.007872256148797,-4.000865284494666,-5.001907456732617,0
b2AR-decoy_2694,OCc1ccc[n+](/C(C([S-])=Nc2cccc3ccccc23)=C(/O)c2ccc(Cl)s2)c1,-8.01364920423544,-4.872164930823265,-5.692833019442671,-5.00775962593038,-5.717764665997288,-4.324032513010465,-3.478305747464761,-2.728331322472477,-4.285462253166776,-3.8398647356775872,0
b2AR-decoy_2248,N#Cc1ccccc1Sc1ccccc1C(=O)Nc1ccc(Br)cc1,-8.01330853950901,-5.573178460436055,-4.051254203814951,-3.81091240195415,-4.813557145169968,-3.942517259255655,-2.221451296458481,-3.471397145169737,-3.9955338171882566,-3.780426411133377,0
b2AR-decoy_2050,CC(C)(C)c1ccc(C(=O)N/N=C/c2ccc(c3ccc([N+](=O)[O-])cc3)o2)cc1,-8.01175626317859,-5.045859637061915,-4.155488484134011,-1.4340361496459,-3.3086724142570185,0.8100184525760952,-3.010875103131001,-1.0113740722971665,-2.246306157200716,-3.678604434000747,0
b2AR-decoy_1980,CC(O)(CSc1ccc(C#N)cc1)C(=O)Nc1ccc([N+](=O)[O-])c(C(F)(F)F)c1,-8.0111007982226,-6.095342941176755,-4.892168138805421,-4.49065016850396,-3.7493926689405783,-3.3360035861414348,-3.0172179410086306,-3.686416615550456,-3.5119204604781062,-4.6447590976254265,0
b2AR-decoy_515,O=C(NN=C1CCCCC1)c1cc(c2ccccc2)[nH]n1,-8.00956775341372,-5.213302911616685,-4.499935998663651,-1.314485577499,-3.4251579821546185,-2.840583898163094,-3.709356387392601,-3.001454112074317,-3.490424187349956,-3.4110388361602677,0
b2AR-decoy_1320,CC[C@H]1O[C@@H]2c3ccccc3CO[C@@H]2[C@H]1OCc1cccs1,-8.00603103020376,-5.094740519279955,-5.712654606765801,-4.05598555377267,-4.546237563411708,-4.0718604568481656,-3.608490946235701,-3.354364282518497,-4.439218985642037,-4.009378900550907,0
b2AR-decoy_1972,C[C@@H](c1ccc(c2cc(=O)[nH]cn2)cc1)N1CC[C@](CCCO)(c2ccc(F)cc2)OC1=O,-8.00560850946413,-7.446823235737126,-3.878268875110892,-4.73758463909129,-3.7726876177697086,-4.6256020008140055,-4.244886323785291,-4.153170185922077,-5.143012175895846,-5.358840100935566,0
b2AR-decoy_1615,Cc1ccc2c(C)c(C(=O)N(Cc3ccc(N(C)C)cc3)Cc3ccco3)oc2c1C,-8.00432077861864,-2.807035686403476,-3.3467945944468616,-1.8889958650029095,-3.991036556182849,-3.379297414083365,-1.8856294458069307,-3.072368781946757,-3.895662779578807,-3.822128362157937,0
b2AR-decoy_953,O=C(c1cccc(F)c1)c1oc2cc(O)ccc2c1c1cccc2ccccc21,-8.00338906844286,-4.944320965073115,-5.560819343586731,-3.17933283823274,-5.119770026728858,-3.439201105006725,-4.1038067979378905,-4.236713370349607,-4.765640002944086,-3.710995390803047,0
b2AR-decoy_1936,C[C@]1(C(=O)NCC23CC4CC(CC(C4)C2)C3)CCC[C@]2(C)c3cc(O)ccc3CC[C@@H]12,-8.00196196459084,-5.888839644892285,-5.223820227878101,-4.65269780459439,-2.3168114575249383,-3.0223277675337643,,-3.5093852983567864,-4.868623366629317,-4.875767033461816,0
b2AR-decoy_546,CC(C)(C)c1ccc(C(=O)N/N=C/c2ccccc2O)cc1,-8.0013731901244,-5.933792182307835,-4.633967952233761,-4.03503581483698,-3.7912518784320586,-2.7807350867647047,-3.364739113396612,-2.9143765984797065,-1.7497248820973166,-4.4499043189444265,0
b2AR-decoy_1368,CC[C@H]1O[C@@H]2c3ccccc3CO[C@@H]2[C@H]1OCc1ccccc1Cl,-8.00027039990503,-5.331705017792925,-5.823261004728691,-3.97286588071505,-5.017320626382629,-4.009705835346235,-3.627825207219282,-3.679871505057697,-4.213931173380036,-4.516661081307937,0
b2AR-decoy_2557,Cc1cccc(Cn2cc3c(=O)n(CC(=O)Nc4c(C)cccc4C)nc-3c3cc(F)ccc32)c1,-8.00022105508596,-5.215334555554285,-4.183553385066541,-3.04870342537755,-2.756711237521288,1.2186031879107753,-1.4571428749400308,-2.428398721645987,-3.823115665828726,-3.2309490687507068,0
b2AR-decoy_2155,CC1=CCC(CC(C)Oc2ccc(/C=C3\SC(O)=NC3=O)cc2)CC1,-7.99900948061677,-5.537527425976095,-4.418836759081802,-3.75982288227516,-3.774754689999148,-2.111366300190535,-2.253456062172271,-2.017988909319217,-4.331645396182067,-4.235602406344176,0
b2AR-decoy_1187,C/C(=C\COc1ccc2ccc(=O)oc2c1)C1=CC(=N)C2(CCCCC2)O1,-7.9980808650447,-3.0869794649360456,-4.279579363006921,-3.6186365470706097,-2.6207044649223183,-1.8652294706255148,-2.3429886246776306,1.5256343623490831,-2.879355076648526,-4.333385243324226,0
b2AR-decoy_382,CC(=O)[C@H]1CC[C@@]2(O)[C@@H]3CC[C@H]4C[C@@H](O)CC[C@]4(C)[C@H]3CC[C@]12C,-7.99786674104918,-5.811239869014735,-5.915075442296591,-4.78306320315897,-4.518295439399049,-4.431266428959194,-2.487880262883001,-3.825478356945746,-4.555136517770136,-4.4079997701977565,0
b2AR-decoy_3038,CCOc1ccc2nc(NC(=O)C(NS(=O)(=O)c3cccs3)C(C)C)sc2c1,-7.99776912070042,-5.2128134337838254,-4.953948975396171,-3.2535611242966294,-2.824506926245689,-2.774128627074055,-2.148629133081501,-1.1446135024859068,-2.7465598723440463,-3.4270980285991066,0
b2AR-decoy_2795,O=C1/C(=C\c2cccc(Oc3ccccc3)c2)SC(c2ccccc2)N1Cc1ccccc1,-7.99553386016981,-3.6185893424830455,-5.008697053946971,-2.92283525218149,-4.398106096632408,-3.426799319807765,-2.7291035047893013,-3.1959593704981666,-2.8642675065027667,-2.424453798314587,0
b2AR-decoy_2176,Cc1c(Cc2ccccc2)nc(SCc2ccc(C(C)(C)C)cc2)[nH]c1=O,-7.99354125227795,-6.169952960005606,-3.309184206401941,-4.02652676054234,-2.710092559470919,-1.5865974700554846,-3.187155921740741,-1.3876621744123767,-3.335351833035526,-4.686032477295226,0
b2AR-decoy_1986,Cc1ccc(NC(=O)CSc2sc3c(O)cc(O)nc3c2C#N)cc1C,-7.99272123288045,-5.501480407240245,-5.356036770239071,-3.91858387923875,-3.610527481716829,-3.817265213679285,-2.683533029974421,-3.601088520413917,-4.140668599123846,-4.076291672316847,0
b2AR-decoy_714,C=C(C)C1CCC(COc2ccc(/C=C3\SC(=O)NC3=O)cc2Cl)CC1,-7.99154584186704,-5.304793666427106,-4.651163982087091,-3.825559458423339,-4.2718184822486185,-3.4847333599500345,-3.377580374729221,-3.319773356344717,-4.692193863713996,-4.762818857110407,0
b2AR-decoy_1108,CCOC(=O)c1ccc(c2ccc(/C=C(\C#N)c3nc4cc(C)ccc4[nH]3)o2)cc1,-7.9900476967674,-4.186780255082955,-4.575701801866622,-3.61417335379089,-4.080325536017648,-1.710805761310195,-3.6165830440495306,-0.5312724345995372,-3.723660437123937,-3.064753047785897,0
b2AR-decoy_1178,Cc1ccc(c2csc(N/N=C/c3ccc(n4ccnc4)cc3)n2)cc1,-7.98850216760948,-6.839024519221516,-5.053612229553961,-3.90114439707187,-4.130253277637168,-1.821379956330765,-2.853782108420111,-2.570173378272397,-3.8517350968961863,-3.582023236944997,0
b2AR-decoy_137,O=C(Nc1ccco1)c1nc2nc(c3cccs3)cc(C(F)(F)F)c2s1,-7.98709525586446,-4.964660614859075,-5.445087531569941,-3.48554315381375,-4.850685284615848,-2.347754150039135,-2.365077797935961,-1.916466847747997,-3.999647381223107,-3.755923175635577,0
b2AR-decoy_1142,CC(C)C1=C(Cc2ccccc2)C(=O)O/C1=C\c1cc(Cl)c(O)c(Cl)c1,-7.98697942495109,-4.595992633632375,-5.721217792469512,-4.8324441864144,-5.102462351272038,-4.731634746938225,-2.497799143600531,-2.8839959599949365,-5.145128840057627,-4.700691995108688,0
b2AR-decoy_299,CC(=O)c1ccc(N2C[C@@H](C(=O)N[C@@H](Cc3ccccc3)[C@H](O)CN(Cc3cccs3)S(=O)(=O)c3cc(F)c(F)cc3F)OC2=O)cc1,-7.98597245662801,-6.006588681444005,-3.864786124372961,-4.287669571727069,-5.882653458708008,-2.886673220265445,-3.8376051586839015,-1.9217628972521767,-4.304621185179847,-3.694505164098827,0
b2AR-decoy_865,CCCc1ccc2oc(Cc3ccc(OC)cc3)c(C)c2c1O,-7.98393283906646,-5.493611962069105,-4.672660543252001,-3.52532237137044,-3.3831697702339083,-3.228495964414245,-0.5304428658555214,-2.8561713077227164,-3.2063995296315166,-3.1533921129796973,0
b2AR-decoy_993,C=C[C@]1(C)CC[C@@H](C(=C)C)C[C@H]1C(=C)COC(=O)c1ccccc1O,-7.9831884224949,-5.501619929434376,-5.831631875877862,-4.109849962276019,-4.290008633509118,-3.185148837073805,-3.586856870377531,-3.0727488703309165,-3.982533178911656,-4.521927719088447,0
b2AR-decoy_2274,CC(C)=CC[C@@H]1C(C)=CC[C@@H](C(=O)c2c(O)cc(O)cc2O)[C@@H]1c1ccccc1,-7.98107865731306,-4.420889070590396,-5.2874467212656615,-4.039869573301179,-3.896161908707908,-2.7653725667047544,-3.224297881876941,-2.579592500469217,-3.6116291220320464,-3.807155493869677,0
b2AR-decoy_3190,Clc1ccc(C2COC(Cn3ccnc3)(c3ccc(Cl)cc3Cl)O2)c(Cl)c1,-7.9791790718869,-4.7517063064553655,-4.513311641905541,-3.24552292062332,-3.9660882570424585,-2.8525347398125644,-2.883912368009991,-2.8337547224899264,-4.564677859197077,-4.614792245772687,0
b2AR-decoy_2602,CC(C)c1ccc(COc2ccccc2C2CC(=O)c3ccccc3O2)cc1,-7.97908812705217,-6.672418684115556,-5.245670852469042,-4.00062912254644,-3.745292398798778,-3.195852599058065,-2.9730256311209606,-2.5469956360187966,-3.780723463732186,-4.3643695148089865,0
b2AR-decoy_850,O=C1/C(=C/c2ccc(Oc3ccc(Cl)cc3)cc2)Oc2cc(O)ccc21,-7.9772505324735,-6.439080703288434,-4.895789206497021,-4.84171803385258,-3.725880638497909,-1.2805996695598347,-3.600879417252852,-1.492426044996047,-4.513704624386876,-5.284824415039376,0
b2AR-decoy_2198,COc1cc2c(cc1OC)Sc1ncnc(Sc3cccc(Br)c3)c1NC2,-7.97604609311498,-4.510301239543095,-4.8600277858657215,-2.41865289015964,-3.3693801946139583,-2.748866489665895,-2.281942920541881,-2.3099129897120365,-2.564420932787046,-3.372255102701837,0
b2AR-decoy_1805,COc1ccc([C@@H]2[C@@H](CC[C@@H](O)c3ccccc3)C(=O)N2c2ccc(OC)cc2)cc1,-7.97494040763437,-6.206263596275866,-5.581369456785541,-4.72420836118481,-6.013278882146009,-4.332748127423825,-4.645690186381222,-3.0674304889873465,-3.471357110287957,-5.077580184292296,0
b2AR-decoy_1277,CCCCC(C#N)(OP1(=O)OC(c2ccccc2)C(C)N1C)c1ccccc1,-7.96924481255243,-4.428009404833255,-5.532893750684791,-3.66153940679572,-4.840647998822568,-3.5923827135629143,-3.676487463891501,-3.0354630276394268,-4.234565318026866,-4.465057644759558,0
b2AR-decoy_1574,COc1ccc(N(CC(=O)NCc2ccc(F)cc2)C(=O)CCC(=O)Nc2nccs2)cc1,-7.96862221985826,,-3.111517009567101,-2.9184967862137,-3.7827182310069984,0.9552738900427652,-2.9240790377584807,-0.934582970256777,-4.740470422789676,-4.460445599937916,0
b2AR-decoy_915,Clc1ccc(c2csc(NN=C3CCCC3)n2)c(Cl)c1,-7.96847771858245,-5.890226089843075,-5.493945973139931,-3.6218351412424497,-4.285035560357288,-3.273661762110435,-3.500094795265081,-2.8502235593138767,-3.6563910327972966,-5.056692717769307,0
b2AR-decoy_509,Cc1cc(O)ccc1CC(C#N)c1ccc(O)cc1,-7.96834788193253,-5.5765267778413055,-6.270318902930011,-4.84496722132476,-4.490245464440129,-3.801319481598455,-3.324089648591811,-3.1232085011978565,-4.627887042958887,-4.944957750656966,0
b2AR-decoy_568,N#Cc1cc(c2ccc(O)c(F)c2)cc2ccc(O)c(F)c12,-7.9666745627647,-6.071942507787545,-5.3188331854519815,-4.3233808095215895,-4.033373938175319,-4.038216553622685,-3.772751274092221,-3.684891328913446,-4.461768652041136,-3.003597326070617,0
b2AR-decoy_1593,O=C(NCc1ccccc1)C1=C[C@H](c2ccc3c(c2)OCO3)C[C@H](OCc2ccc(CO)cc2)O1,-7.96483816147959,-6.241427843947836,-5.591091866965772,-5.18431360302935,-3.291389158000598,-2.8049933396519844,-3.4313117563660507,-3.7352203187471176,-4.782736166041657,-5.525662785005066,0
b2AR-decoy_38,Cc1c(N)cccc1c1ccc(C(=O)c2cc(F)c(F)c(O)c2F)s1,-7.96089103586801,-6.350519621201656,-5.247575209810681,-4.77720749048115,-4.449422787317219,-3.6268502870735446,-4.019224554756661,-3.017885669491397,-4.910301357270266,-4.891098232834677,0
b2AR-decoy_3018,COc1ccc2[nH]c(C(=O)N3CC(=O)N(Cc4ccc[nH]4)[C@@H](Cc4ccccc4)C3)cc2c1,-7.96084937367017,-2.541335770168465,-3.899767971167111,-3.35523673204248,-3.4347135861931184,-2.190206453576125,-2.1244394501376007,-1.1832372472057466,-4.911370273331556,-3.879192696852837,0
b2AR-decoy_1911,CC(C)=CCC/C(C)=C/Cc1c(O)cc2c(c1O)C(=O)C[C@@H](c1cc(O)cc(O)c1)O2,-7.95646926920648,-6.040903479599555,-5.540549484356252,-4.22106122612437,-4.262343068527438,-3.6792838662670544,-3.9299333955058415,-3.3297745905350364,-3.4484070987479365,-4.924239347166566,0
b2AR-decoy_2119,COc1cc(c2cc(c3cc(C(C)C)c(O)cc3C)[nH]c(=O)c2C#N)ccc1O,-7.95319714616566,-3.969113197135025,-2.9702913731327616,-1.84614686243184,-3.6464033437390686,-2.2860788023274248,-2.4118249496775714,-1.2115787237385565,-3.2609890112954965,-3.3477151936778067,0
b2AR-decoy_885,O=C(/C=C/c1cncc(Br)c1)c1ccc2ccccc2c1O,-7.95286950922966,-4.526904582451155,-4.115396629573281,-2.56329632866501,-4.0883529142186585,-3.0484377939039744,-1.581410192382581,-2.826235168506667,-4.248178749331086,-4.040109841266817,0
b2AR-decoy_960,Clc1ccc(c2nnc(NC34CC5CC(CC(C5)C3)C4)s2)cc1,-7.95249372118403,-3.830477475136215,-5.217177304871191,-1.10322505010135,-0.5087494249927582,-0.2778819778873851,-3.0914260921621413,-1.088139432480527,-2.1254585654372367,-0.3274282293970971,0
b2AR-decoy_612,Cc1[nH]n(c2ccccc2)c(=O)c1N=Nc1ccc(Cl)cc1,-7.9510867003608,-5.020172159350425,-5.615440317348671,-3.6799560252732295,-4.428613957270039,-3.4030946470935843,-3.4149528638428714,-3.0842456428571365,-4.269026731879537,-4.850731776026517,0
b2AR-decoy_572,C=C1C[C@@]23CC[C@H]4[C@@](C)(CCC[C@@]4(C)NC(C)=O)[C@@H]2CC[C@]1(O)C3,-7.94688897394399,-5.929095023846535,-4.995961143596971,-4.90538496430914,-4.511170497098599,-4.030386379223525,-3.052170099729401,-2.5090982617904665,-4.332400340357166,-4.514242383657297,0
b2AR-decoy_584,CCOC(=O)c1c(CSc2ccc(C)cc2)oc2ccc(O)cc12,-7.94393885664217,-4.772615810702175,-4.792697882204161,-3.49654473717408,-2.9847360560118785,-3.3510693406055845,-3.074564687103841,-2.221671878728017,-3.1800586082370463,-3.863116763378707,0
b2AR-decoy_1296,CC(C)Oc1ccc(C2COC(c3c(F)cccc3F)=N2)cc1,-7.94276354131831,-5.337986807292285,-5.2205850560408615,-3.53390065562554,-4.355428101731718,-2.2204832744100944,-3.077038640084191,-2.800603181632397,-3.552732818439816,-4.444953959368178,0
b2AR-decoy_194,C=CCNC(=O)C(=O)C(CCC)NC(=O)[C@@H]1[C@@H]2[C@H](CN1C(=O)[C@@H](NC(=O)N[C@@H](CN1CCC(C)(C)CC1=O)C(C)(C)C)C1CCCCC1)C2(C)C,-7.9394279609349,-5.582585410269365,-2.347140025326381,-3.6987667058724094,-1.3222528247354388,-1.462094649938165,,-2.258215329069647,-2.8186793548364264,-4.895046439843007,0
b2AR-decoy_1872,CCN(CC(O)(CNC(=O)c1cnn(c2ccc(F)cc2)c1N)C(F)(F)F)C(=O)c1ccc(Cl)cc1,-7.93791812157906,-4.981996767585716,1.173512175692137,-3.86418177792319,-2.6544489973629988,-1.9918652045155048,1.1477909924363492,-1.369190065974637,,-1.5576758697796973,0
b2AR-decoy_978,CCCC(=O)Nc1sc(C)c(c2ccc(C(C)CC)cc2)c1C#N,-7.9360263412979,-5.496160395004195,-5.917321278511832,-3.91652635036559,-4.511652525217788,-3.098249801632305,-3.561621302300141,-2.149317478827797,-3.886350583824276,-3.9332149852161673,0
b2AR-decoy_553,C[C@]12CC[C@@H]3c4cc([N+](=O)[O-])c(O)cc4CC[C@H]3[C@@H]1CC[C@@H]2O,-7.93538934907658,-4.916069386885295,-4.820221069247431,-3.46703973532938,-2.902463809151948,-3.2949040237271943,-2.9026117336193518,-2.855709846357077,-4.125063168155556,-3.525659202257977,0
b2AR-decoy_151,COc1c(C)c2c(c(O)c1C/C=C(\C)CCC(=O)NCCCCCCNc1ccc([N+](=O)[O-])c3[nH]c4ccccc4c(=O)c13)C(=O)OC2,-7.9342474678525,-4.500782605432136,-3.800769972361511,-3.64801302829982,-4.789439127060788,-0.479815022697875,-2.1873486072562107,-0.9294004167112266,-3.211112494032526,-3.318611349274797,0
b2AR-decoy_425,C/C(=N\NC(=S)Nc1cccc(C)c1)c1cc2ccccc2o1,-7.93304737072455,-3.7199071239722254,-4.294910759950711,-2.9740751389594795,-2.8600505187830683,-1.0276710617217146,-2.838024973118131,-3.0060294994538266,-3.073011053908666,-4.914680858519427,0
b2AR-decoy_2543,O=C(N[C@H]1CC[C@H](O)CC1)c1ccccc1Sc1ccc2c(/C=C/c3ccccn3)n[nH]c2c1,-7.93293826006268,-5.127422210561755,-2.756753046298231,-3.5278862533935698,-2.615090091939658,-3.3190873594854544,0.2421268645441392,-2.3952144032772065,-3.4193721792680565,-2.7608630086503267,0
b2AR-decoy_1553,CCOC(c1ccc(C(F)(F)F)cc1)C(OC(C)(C)C)n1cnc(C)c1,-7.93250427554876,-4.3684901591345255,-3.782238366143402,-3.236835397779489,-3.4075172020184885,-3.433252079640175,-2.159491949827381,-2.3952384541912477,-3.9767399709516464,-3.901144759942587,0
b2AR-decoy_1027,Brc1ccc([C@H]2CC[C@@H](OCCCc3cccnc3)O2)cc1,-7.93199524079738,-5.848184108067136,-5.2908632944617615,-3.87641622677732,-4.049983940299359,-3.965200517720935,-3.097200666681231,-3.041905861492567,-4.321731467216976,-3.9790814476514274,0
b2AR-decoy_1812,COc1ccc(CSc2nc(C(C#N)c3ccccc3)c(C(C)C)c(=O)[nH]2)cc1,-7.93092647611556,-4.289266764305105,-4.759037574455701,-3.678259294761149,-3.4722251731153984,-3.5194152292084144,-2.4064895344659014,-3.2751092398614468,-3.6772741106054063,-3.7328521880761367,0
b2AR-decoy_1698,O=C(NNC(=O)c1cccs1)c1ccc2ccccc2c1,-7.93079161587671,-2.8287109232891554,-4.795432607356251,-4.73132387776774,-4.298050186592649,-4.292292808083724,-4.693103613849221,-3.4064110732761077,-4.024149685146647,-4.954985966463177,0
b2AR-decoy_1131,CC(C)n1cc(/C=N\NC(=O)c2cc3c(ccc4ccccc43)o2)c2ccccc21,-7.93053393339284,-5.119835090229225,-5.8353847739658615,-4.23853948894386,-4.118931029472509,-4.305581583474195,-0.5915692175180407,-0.4803723213021271,-4.4039039746204764,-4.826308130390007,0
b2AR-decoy_921,C/C(=N\OC(=O)Nc1ccccc1)c1sc2ccccc2c1C,-7.93010572871047,-5.222698539545825,-5.233248370975641,-4.328408313345769,-4.241213332665298,-3.3797437215753545,-3.255197987777801,-2.952223838559277,-3.318371515565576,-4.574471830302057,0
b2AR-decoy_46,CC[C@H](C1=CC(=O)OC1)[C@@]1(C)CCC2C(CC[C@@H]3C[C@@H](O)CC[C@]23C)C1,-7.92980728001147,-6.012032315805495,-4.236713502446661,-4.50429359163911,-2.4194888844814484,-3.411409403699265,-2.435985301949001,-3.632435982004827,-3.923666969030607,-4.277349810837418,0
b2AR-decoy_1785,Cc1ccc(C)c(NC(CC(=O)c2ccccc2)C(=O)OCC(=O)c2cccs2)c1,-7.92733611719766,-2.7243828385578848,-5.104988553159641,-3.8672089650519794,-5.470265434957328,-3.3668721479173245,-2.080579596883301,-4.165489145499366,-3.923220878342616,-3.352456093119097,0
b2AR-decoy_741,CC(C)=CCc1c(O)c(CC=C(C)C)c2c(c1O)C(=O)C[C@@H](c1ccc(O)cc1)O2,-7.92632222087323,-5.661607035852145,-4.940902939617051,-3.717646992539629,-4.137309832564738,-1.9342800239716444,-1.9319526441607808,-2.795783678995517,-2.495796691573206,-2.5479970488743766,0
b2AR-decoy_141,C/C(=N\Nc1nc(c2ccc(c3ccccc3)cc2)cs1)c1cccnc1,-7.921955819919,-4.824494778490185,-5.269808499923051,-5.159338974118819,-3.634707845581419,-2.7680926598742746,-3.138893494698321,-3.5877294200211374,-5.384341247836426,-3.4998200977579272,0
b2AR-decoy_757,CC(C)c1ccccc1OCC(=O)NC1CCCc2ccccc21,-7.91745471707757,-4.346141555315505,-4.082073770927582,-2.41631800414185,-4.820575465904668,-2.649563370949765,-3.4530359024822808,-2.1055159153261664,-4.490042262479816,-3.320094045335297,0
b2AR-decoy_1569,COCCN(C(=O)CCC(=O)Nc1nccs1)C(C(=O)NC(C)(C)C)c1ccc(F)cc1,-7.91672727892209,-4.457981963803375,-2.1622780844006213,-3.69166874806257,-1.7205050250050986,-0.2010813837320446,-1.4371535590899311,-0.5761807231253169,-1.3698393120808463,-2.181791268113187,0
b2AR-decoy_2965,Nc1ccccc1NC(=O)/C=C/c1ccc(c2nnc(Cc3ccc4ccccc4c3)o2)cc1,-7.91627197128394,-6.328540481473546,-4.822079664914082,-4.2753926291805495,-3.919323714921109,-3.6762108812790943,-3.087749523126381,-2.787623543325817,-4.144174159089676,-3.708331682195797,0
b2AR-decoy_2943,C=C(c1ccccc1)[C@H]1OOC2(O[C@@H]1c1ccccc1)C1CC3CC(C1)CC2C3,-7.91593579341521,-4.142424758220395,-4.936876206835692,-4.1243447925571095,-3.4235393463751187,-2.9143099126729943,-3.300244009739031,-2.669859663736447,-3.7692574273037263,-3.475870250121877,0
b2AR-decoy_668,Clc1ccc(c2csc(N/N=C/c3ccc(n4ccnc4)cc3)n2)cc1,-7.91459551008716,-5.009231937085935,-5.285554203277541,-3.88535739547319,-4.157619404242868,-1.517072177517285,-2.8571778619504213,-1.3440244826151773,-3.825108133396377,-3.671108857759777,0
b2AR-decoy_2510,CCCN1N=C2/C(=C/c3ccccc3)CSCC2C1c1ccccc1,-7.91126996756551,-5.209597139601875,-5.668656713866112,-3.82558850316936,-3.747391300138198,-3.8423343636310143,-3.5229406080176213,-2.959768763518466,-3.780157474400676,-5.216631577281557,0
b2AR-decoy_875,O=C(N/N=C/c1cccc(Cl)c1Cl)c1cc2c(s1)CCCC2,-7.90530967278451,-2.167617226879055,-4.882974944511951,-1.3466519523251297,-2.6895714650943985,-3.494833301630255,-3.0558081618613318,-3.979605249114817,-3.3333832358682365,-3.0044413089620368,0
b2AR-decoy_1817,COC(C)(C)/C=C/C/C(C)=C/Cc1c(O)ccc(C(=O)/C=C/c2ccc(O)cc2)c1O,-7.90477752786463,-5.109466823835565,-4.316049712758791,-2.9635435511754897,-3.868415922655229,-2.9528531981576247,-3.4112740724270907,-1.8613225249314471,-3.795316498175666,-3.025471159151387,0
b2AR-decoy_1077,Cc1cccc(NC(=O)CSc2nc(C(F)(F)F)cc(c3ccco3)n2)c1C,-7.90419055868791,-4.775248341337036,-5.193484523724841,-3.4097417999879696,-4.394208330863399,-1.9636152357300745,-3.1891700853158014,-2.811822534904267,-3.234738847388426,-4.931552613448746,0
b2AR-decoy_942,O=C(Nc1nc(c2cccc(Br)c2)cs1)Oc1ccccc1,-7.90293152212458,-5.542780052113176,-4.722967589346511,-3.20781186253586,-3.805937413045658,-2.8739407475279446,-2.523557172065451,-2.4662792519781265,-2.9062188903567563,-3.714142412904687,0
b2AR-decoy_940,CC(Oc1ccc(c2ccccc2)cc1)C(=O)Nc1ccc(Cl)cc1,-7.90271357945498,-6.658106763789634,-5.678070143807881,-5.43842456785133,-3.751844871030418,-4.344715749401905,-3.713322860010811,-3.738232348250767,-4.362867424069647,-4.527819008594676,0
b2AR-decoy_724,Clc1ccc(/C=N/Nc2nc(c3ccc(Cl)c(Cl)c3)cs2)cc1,-7.90240611856376,-5.270384145390205,-4.845664954043611,-3.3583127126295693,-4.326348636245209,-1.784567967144425,-2.4441320140617213,-2.4644042822816266,-3.5866815307786366,-4.130480150098377,0
b2AR-decoy_726,Clc1ccc(CSc2nc3ncc(Br)cc3[nH]2)cc1Cl,-7.90075514448689,-3.320778585420255,-5.143900687846191,-3.8428899397100498,-3.026956842647518,-2.012312222303895,-3.567436788224372,-2.6833728461753665,-3.408878102866116,-4.059271451468547,0
b2AR-decoy_1226,CC(Sc1nnc(c2ccc[nH]2)o1)C(=O)c1ccc(C(C)(C)C)cc1,-7.89295939477093,-6.662376112668795,-5.039908506050112,-4.56514846070169,-4.596833863893268,-3.4171931992138846,-3.0136220825886406,-2.3928350899904665,-3.786247773958857,-4.734637151988688,0
b2AR-decoy_1159,C[C@]12CCC(=O)C[C@@H]1CC[C@@H]1[C@@H]2CC[C@]2(C)[C@@H](O)[C@H](CCCSC#N)C[C@@H]12,-7.89196811890682,-6.207766831497835,-5.188253645303251,-3.4135017426059395,-3.835308468049308,-3.5237995956184243,-2.665691720170921,-3.709494299668707,-4.488881401908186,-4.4268154686855965,0
b2AR-decoy_994,CCC(C)n1nc(C(F)(F)F)cc1/C(CSc1ccccc1)=N/O,-7.89025808801854,-4.774648984943445,-5.558715619978271,-3.38337024551054,-2.864823189953478,-3.454116062568465,-3.057132959899981,-2.649526757285247,-4.726838517556466,-4.116551035464728,0
b2AR-decoy_564,CC(C)[C@]1(O)C=C2C(=O)C=C3C(C)(C)[C@H](O)CC[C@@]3(C)[C@@H]2CC1,-7.88990383354538,-6.676850148099096,-5.872281383567222,-4.73237350044112,-4.801177212280729,-4.015295386856585,-2.752648231160731,-2.5486959124591677,-4.936193899105906,-4.922052475297596,0
b2AR-decoy_1249,CCc1nc(Sc2nc(C)cc(C)n2)c2oc3ccccc3c2n1,-7.88817396744274,-5.034755529731255,-4.321620692862672,-2.56193650128648,-4.298066216058598,-2.3474284592370545,-3.112393002061961,-2.711499692003746,-3.4166545391910663,-4.163421547041738,0
b2AR-decoy_2268,O=C1/C(=N\O)c2c(cccc2c2ccc(C(F)(F)F)cc2)N1Cc1ccc(Cl)cc1,-7.88792831365389,-3.6544361100588247,-2.188356864900311,-1.8038838527733096,-3.614095111624798,-0.6099253793882644,-1.7213127421904906,-2.833744398415127,-4.998400490798897,-3.562046335479447,0
b2AR-decoy_1910,Cc1ccccc1c1cc(C(OCc2cccc(C#N)c2)c2cncn2C)ccc1C#N,-7.88733018728651,-3.811453728299045,-4.620473413332081,-4.74584212819069,-3.658119728373799,-2.709276381873985,-2.8883234901645407,-3.279544995209726,-4.265374887917586,-3.079190402758887,0
b2AR-decoy_452,C=C[C@]1(C)O[C@]2(C)[C@@H](O)C[C@H]3C(C)(C)CCC[C@]3(C)[C@H]2C[C@@H]1O,-7.88631200814818,-4.879286630797965,-5.211090649084292,-3.64014779327015,-4.000111911565578,-3.819169051003545,-1.7939506448511509,-1.8187404076021672,-3.679686710645607,-3.267140663275337,0
b2AR-decoy_1882,CC12C=CC(C(=O)O[C@H]3CC[C@H]4[C@@H]5CCC6=CC(=O)CC[C@@H]6[C@H]5CC[C@]34C)(CC1)CC2,-7.88609838376456,-5.7957469358014055,-5.3489989952476416,-5.12654743661171,-3.671408460905198,-3.3202968944437448,-3.877421332969771,-2.189675743722927,-4.933653725154536,-5.589031312790336,0
b2AR-decoy_2101,C[C@]12CC[C@@H]3c4ccc(O)cc4CC[C@H]3[C@@H]1CC(C(=O)NCc1ccncc1)[C@@H]2O,-7.88469426198441,-6.751689178151926,-5.763891240055811,-4.65113665706705,-4.740719224374549,-3.588782737206385,-3.87869138472206,-3.341874621858847,-4.197777478412896,-3.983394493170657,0
b2AR-decoy_2638,C=C[C@@]1(C)CC=C2[C@@H](CC[C@@H]3[C@](C)(C(=O)OCc4cn(Cc5cccc(F)c5)nn4)CCC[C@@]23C)C1,-7.88086824476218,-5.097225077579855,-4.761321544912361,-3.27407524495654,-4.247111180350778,-3.184917378935345,-2.9218754190284306,-1.1628670790009368,-3.955164763263857,-3.988667508645997,0
b2AR-decoy_2390,CC(C)NC(=O)CC1C[C@H]2[C@@H]3CCc4cc(O)ccc4[C@H]3CC[C@]2(C)[C@H]1O,-7.87987069115481,-6.410448617542604,-4.887346663504701,-4.06367209397619,-4.684779425283028,-2.754061650252245,-3.26959808793331,-3.330849158713967,-4.383978195759687,-5.390491755511016,0
b2AR-decoy_2885,O=C(/C=C/c1ccc(n2ccnc2)cc1)c1ccc(OCc2ccc(Cl)cc2Cl)cc1,-7.878496741839,-5.198132325746415,-3.1100515992126114,-1.6401830247304696,-2.246093899068108,-0.4517965710305249,-1.6381289532236911,-1.9354552786091568,-1.6374552465860468,-3.1069719965221068,0
b2AR-decoy_2036,COc1ccc(/C=C2\CCC/C(=C\c3ccc(O)c(OC)c3)C2=O)c(OC)c1,-7.87711115933951,-4.308887339471145,-5.106333255118571,-2.82766116580212,-4.1881240166134885,-0.5492665764757945,-1.1199823955224213,-2.130300536463687,-0.7318140432590363,-1.9378093325459669,0
b2AR-decoy_115,O=C1NC(=O)/C(=C/c2cc(c3ccccc3)ccc2OCc2ccccc2)S1,-7.87707203829605,-4.967731715674705,-3.262200304271671,-2.62658061329412,-3.157767385701039,-2.625763810409765,-2.826936433928841,-1.9507135315038768,-4.532337838255247,-4.796461418257927,0
b2AR-decoy_519,O=C(c1cccc(O)c1)c1ccc(c2ccc(O)cc2)s1,-7.87604694910452,-6.158231035204926,-6.258932960663531,-4.76227184613383,-4.175798157979538,-3.802778655977765,-3.044773462071011,-3.0368614055191765,-4.443456561624056,-3.753005115053017,0
b2AR-decoy_2481,CN(C)c1ccc(C2(c3ccc(N(C)C)cc3)C=Cc3ccccc3O2)cc1,-7.87572329675271,,-5.475015263725052,-0.95634872326779,-4.050646117519438,-4.115007185870695,-2.8238687877442112,-2.6406768150698072,-2.6108196065402467,-4.842371606506516,0
b2AR-decoy_1943,O=C1CCc2c(Oc3ccc4c(c3)C3C(O4)C3c3nc4cccc(F)c4[nH]3)ccnc2N1,-7.87459155622097,-6.122409898826525,-4.796443421396131,-4.67782481278223,-4.468172478937948,-3.854481896482305,-2.4913567745841414,-3.254213687133917,-5.233264901514967,-5.184263322189086,0
b2AR-decoy_1737,CCn1c(SCc2nc(c3cccs3)no2)nnc1c1c[nH]c2ccccc21,-7.87430492933531,-4.532726174036435,-4.900184217328701,-3.5433779653706194,-3.601612826073908,-1.726578211500395,-2.6615945902765112,-2.8910509893890373,-3.378372419209886,-3.964526422798387,0
b2AR-decoy_1912,C[C@]12CC[C@H]3[C@@H](CC(=O)[C@H]4C[C@H](F)CC[C@@]43C)[C@@H]1CC[C@@H]2OC(=O)c1ccccc1,-7.87156944815344,-5.7221259873743255,-2.773886002103481,-3.45134210088274,-2.5793154012618986,-2.919024893706915,0.3645395095898989,-0.9433723922368272,-4.020071923267296,-3.2473199336915566,0
b2AR-decoy_1390,FC(F)(F)Oc1ccc(CSc2nnc(c3ccccc3)o2)cc1,-7.87035404521061,-5.276694345836135,-1.9938330716520607,-3.8756471655419,-3.634236520576149,-1.130831584369755,-2.727157566688441,-1.9040763751284369,0.5404298534236638,-3.910828231460497,0
b2AR-decoy_1968,CC(C)CNc1cncc(COc2cc(/C=C3\SC(=O)N(C)C3=O)c(Br)cc2O)c1,-7.86968055104409,-5.542239996283305,-4.960581837365711,-3.31817238816575,-4.444519769061818,-3.203932570794615,-2.262729371152501,-2.1673262645674267,-3.790985799069047,-4.432817048736007,0
b2AR-decoy_1984,CC(C)Cc1ccc(S(=O)(=O)Nc2ccc3[nH]c(=O)[nH]c3c2)cc1,-7.86939280879844,-5.137284119421725,-4.049875498524651,-3.77960048597878,-3.969922233461389,-1.6308977936215443,-2.863820823571091,-2.871315291418417,-2.9638653896949165,-3.953482496176977,0
b2AR-decoy_1206,COc1ccc(c2csc(N/N=C(\C)c3sc(C)nc3C)n2)cc1,-7.86882043532908,-5.475174793460835,-5.085008936297281,-4.17972096726617,-3.7336998868411184,-3.0452750294857047,-2.942543658756021,-2.8894137156813464,-3.6817426705168663,-4.368366552182216,0
b2AR-decoy_776,CN(C)c1ccc(/C=C/C(=O)/C=C/c2ccc3[nH]ccc3c2)cc1,-7.8644484016668,,-2.531097025973211,-0.6296429268985295,-4.588802167436858,-0.7447123155885249,0.2440126311241792,,-3.0329139338254665,-3.772479244154757,0
b2AR-decoy_1332,Oc1ccc(CC[C@H]2CC=C[C@@H](c3ccc(O)cc3)O2)cc1,-7.86045207636785,-5.898523351899035,-6.181399377870262,-4.54528672074175,-4.629008011105318,-4.723988093358654,-3.8234935204825415,-3.969629624519007,-4.512660742628307,-4.422675392568946,0
b2AR-decoy_2872,Clc1sccc1CO[C@@H]1c2ccc3ccccc3c2S[C@@H]1Cn1ccnc1,-7.85873353902388,-4.866563167940925,-5.016532998174371,-3.38466498247598,-4.057255090166429,-3.621014964672945,-2.5813123725687914,-3.687312161732546,-4.524125422468706,-4.428284778590697,0
b2AR-decoy_2181,Oc1cccc(c2ccc(c3cn(CSc4ccccc4)nn3)cc2)c1,-7.8523527442502,-3.795401802679545,-1.9988507737787315,-0.1424302353823296,,0.8341519065118752,-3.102458185427841,-2.368818334566507,-2.1743685688941667,-2.712829297013408,0
b2AR-decoy_173,CCC(=O)CCCCC[C@@H]1NC(=O)[C@H]2CCCCN2C(=O)[C@H]([C@@H](C)CC)NC(=O)[C@H](CC(=O)Cc2ccccc2)NC1=O,-7.84713946594751,-6.732840273798786,-4.932058780790051,-5.46892671421112,-5.540259816769208,-4.826345065446185,-2.309061439991301,-4.183901067987607,-4.863182445863407,-5.257129581943097,0
ASD03130027,Nc1nc(Nc2ccccc2)nc2ccc(C(F)(F)F)cc12,-7.84623499267741,-4.803870881119505,-3.8879293188680313,-3.42154560910293,-4.406091478047708,-1.5501017342901449,-3.3329958135981714,-3.1884217683063865,-4.101707250087286,-3.100018630253287,1
b2AR-decoy_3000,N#Cc1cc(Oc2ccc(c3cc([C@H](O)CO)cc(C(N)=O)n3)cc2)ccc1C(F)(F)F,-7.84412686135026,-5.104105230086885,-4.564025121477592,-3.75827885170637,-2.4419905551821888,-3.6646133528747145,-2.732225019329391,-3.5171100094483467,-6.686978487258717,-5.422707506011667,0
b2AR-decoy_3095,CCc1nnc(NC(=O)/C(C#N)=C/c2ccc(OCc3ccccc3Br)c(OC)c2)s1,-7.84374340423013,-4.037142764199436,-3.513021347300321,-2.50566519564718,-2.1496587595470187,-0.5626299891864148,-0.6431405216510306,0.0493115281812732,-2.682121332856986,-2.643905337643987,0
b2AR-decoy_1580,O=C(N[C@@H]1CO[C@@H]2[C@H](OCc3ccccc3)CO[C@@H]21)/C(=C/c1ccccc1)NC(=O)c1ccccc1,-7.84369450843082,-3.9098950563296953,-5.522017675163052,-4.907353305941729,-4.376173850204318,-4.640932676637634,-3.951638076158572,-2.293278605526397,-4.687512299026446,-3.5458954388331567,0
b2AR-decoy_1914,O=C(CSc1nnc(c2ccc(N=C=S)cc2)o1)c1ccc(Cl)cc1Cl,-7.84338488001289,-4.291849703245715,-6.31279903418895,-4.04152221565207,-2.447487575068318,-3.4676692491264243,-3.491376012111961,-3.7776047523394976,-3.225180799318246,-3.6942311945512674,0
b2AR-decoy_1153,CCCCCCC(C)(C)c1cc(O)c2c(c1)oc(=O)c1ccc(C)cc12,-7.8426633706729,-5.225869212992635,-4.899372597995251,-3.6346374171326,-1.8996709217831984,-2.5664375011560843,-2.391057828114681,-2.0224009457716265,-2.1264465456393564,-4.199795271889117,0
b2AR-decoy_365,COc1ccc(c2ccc(c3cc(=O)c4ccc(O)cc4o3)s2)cc1,-7.83761444619533,-3.506961294006955,-5.742901347916781,-2.81176493556524,-4.082857069078568,-1.1647891930817948,-2.8397815476178314,-3.0281904337872767,-3.781002482545756,-2.9485750450823374,0
b2AR-decoy_613,Cc1cc(=O)c(c2ccc(Oc3ccc(Cl)cc3)cc2)c(C)n1O,-7.83648845870143,-5.003693080479995,-5.390193329222171,-2.2742275372355394,-4.352204373156808,-2.8233329038972643,-3.195251792603031,-3.330948638665527,-2.277784074562926,-3.996237082800477,0
b2AR-decoy_2209,N#CSC[C@@H]1C[C@](O)(c2ccccc2)[C@@H](c2ccccc2)[C@H](c2ccc(F)cc2)O1,-7.8344692688815,-4.976452726832705,-4.473015699405312,-3.94452819239196,-3.7800677752771774,-3.056233699015725,-2.6812539213195112,-2.7657342367148567,-3.5481444295363467,-3.610385200785917,0
b2AR-decoy_1585,CC(NC(=O)COc1ccc(/C=N/NS(=O)(=O)c2ccccc2)cc1)c1ccccc1,-7.83366487810423,-4.514584090627205,-5.488517501198751,-4.10636528246289,-3.910026440800309,-3.397766673545675,-2.830221277438821,-3.118205053204097,-4.444760159607716,-4.352726359372587,0
b2AR-decoy_887,COc1cc(c2nnc(SCc3ccc(Cl)cc3)o2)ccc1O,-7.83358117165908,-5.118586384224115,-5.560830538084821,-3.6010511437148995,-3.023133187108808,-2.479660662809385,-2.10088731063631,-2.733876444112897,-3.644705143888646,-3.6008487456035065,0
b2AR-decoy_96,COc1cc2c(cc1OC)Sc1ncnc(Sc3cccc(Cl)c3)c1NC2,-7.83274177758832,-4.947953139941575,-4.4629165399894815,-1.4755149322035497,-3.1402117773016585,-3.078258100526515,-3.625702616103082,-2.833741303915507,-3.262979269890276,-3.4175559307736267,0
b2AR-decoy_2974,CC(C)c1ccc(C2ON=C(c3ccc(C4=NOC(c5ccc(C(C)C)cc5)O4)cc3)O2)cc1,-7.83242281242006,-5.868230136430515,-4.709538338393801,-2.9770464740774,-3.9933426188142382,-2.0041121628632546,-2.911759527084511,-2.389360653747527,-2.654265281773406,-4.291137947903778,0
b2AR-decoy_341,C/C(=N\Nc1nc(c2ccc(c3ccccc3)cc2)cs1)c1ccncc1,-7.83108047099267,-5.618824192340505,-5.607525913715811,-5.56130978816808,-2.301754731148619,-1.5091236448590148,-3.143038304005291,-1.8134325781090463,-5.478024261431077,-4.517510005348926,0
b2AR-decoy_2403,Cc1ccc(COc2cc(O)cc3oc4cc(O)c(O)cc4c(=O)c23)cc1,-7.83069701738191,-4.495645593047155,-5.267682593354581,-3.93258258409446,-4.945523161854368,-5.234466950258884,-3.8133909794245504,-2.7394303545622067,-4.7080410023148165,-4.570362498986087,0
b2AR-decoy_2484,Cc1cc(=O)oc2cc(OCc3cc(c4ccc(Cl)c(Cl)c4)no3)ccc12,-7.83012407477196,-5.148289590968205,-2.763406910792871,-2.92857360253421,-2.9174896433028383,-3.371011089588145,-3.0377276781199107,-0.8729615685206467,-3.433272828889046,-3.7904679706435966,0
b2AR-decoy_3020,CC(CO)Cc1cc(Oc2ccc(S(C)(=O)=O)cc2)cc(C(=O)Nc2nccs2)c1,-7.82989957244899,-5.611715482541255,-6.129009313575461,-5.772813251599089,-5.975573688857539,-3.0329584732022843,-1.6436585322993311,-2.503087252702337,-2.616806515219237,-4.148422348637627,0
b2AR-decoy_2359,Nc1ccccc1C(=O)N/N=C/c1c2ccccc2[nH]c1c1ccc(O)cc1,-7.82803436252761,-4.843009760521195,-4.247448308271792,-2.2669173094714195,-2.9276295866270585,-3.326128662518455,-2.752195632069201,-2.420493958581297,-3.645571270878937,-3.351226106159406,0
b2AR-decoy_2752,O=C(C(Nc1ccccc1F)c1ccc(c2ccncc2)cc1)N1CCCC1c1ccccc1F,-7.82617864271893,-5.2216583387183855,-5.661492156397141,-3.5237581277775094,-5.823864065622409,-4.575348424530835,-2.873069163355731,-3.1965754600648264,-4.405658762864286,-4.472052470228608,0
b2AR-decoy_1654,O=C(/C=C/c1ccccc1)c1ccc(OCc2cc(c3cccs3)no2)cc1,-7.82000461848077,-6.358766916870636,-5.165540331532821,-4.009289942865729,-3.0797726430255485,,-3.141949626606051,,-3.2954741995067263,-4.114415642349277,0
b2AR-decoy_2025,CCc1ccc2oc(C(=O)NCc3ccc(S(N)(=O)=O)cc3)c(C)c2c1,-7.81953737371957,-6.0413777523391055,-4.096453097034761,-3.87446477859894,-3.4226939226335187,-1.9566222012846843,-1.8198992539675916,-2.5371328240356066,-3.730938327080167,-1.475036777920277,0
b2AR-decoy_990,O=C(Nc1nnc(c2cccs2)o1)c1ccc(SC(F)(F)F)cc1,-7.81585814085195,-5.284226661836915,-3.918508680560701,-3.6593125433753295,-3.4003597293894687,-1.7230650554424145,-2.782561790587641,-2.6866223598694967,-3.903006834589577,-4.285805644843837,0
b2AR-decoy_1078,CC(=O)c1cccc(c2cc(c3cnn(CC#N)c3c3cc(C)cc(O)c3)ccn2)c1,-7.81455894781406,-5.691396162440135,-4.592250398251421,-3.7301544679503,-4.270415210782958,-2.7569914123394543,-1.9542995796420213,-3.215381950842577,-3.091641608754256,-4.148215817528607,0
b2AR-decoy_1622,COc1ccc(N2CCN(C(=O)C(C)c3ccc(CC(C)C)cc3)CC2)cc1,-7.81054243352431,-6.238470840135635,-5.051352993865152,-4.28899720790647,-3.6136650049131775,-1.503147236740645,-2.1021254055469614,-2.8066934782887865,-3.3687427060294866,-4.317138989770857,0
b2AR-decoy_1669,O=C(N/N=C1/CC2CCC1C2)c1cc2ccccc2cc1O,-7.81031624385776,-5.317992940149175,-5.831111838483421,-4.80076336192635,-3.949707650144129,-3.902776013103475,-3.3707280329602813,-3.786452454176427,-5.217726786861206,-4.261085272168767,0
b2AR-decoy_2847,COc1ccc(F)cc1C(C)(C)CC(O)(Cc1cccc(Cl)c1Cl)C(F)(F)F,-7.8101587737887,-3.519438954090565,-5.455084480661641,-2.7563714577198297,,-3.3814481139755443,,,-4.036684183731427,-2.3277457493743268,0
b2AR-decoy_1773,C[C@H](NC(=O)C1CC1)c1ccc(OC2CCN(c3ccc(OCC4CC4)cc3)C2)cc1,-7.80866047049379,-4.662305843555565,-3.3583405788722613,-3.37141659358844,-2.1554341956869587,-1.9597149212847444,-1.6932612164325311,-2.713101074746067,-3.3931099155196467,-2.759522687320247,0
b2AR-decoy_177,O=C(CCc1c[nH]c2ccc(Br)cc12)NCCSSCCNC(=O)CCc1c[nH]c2ccc(Br)cc12,-7.80605790325203,-4.155361139474105,-3.319088789430171,1.8665038267189704,,,,-2.027610093388507,-5.370018323905237,-2.944399837452677,0
b2AR-decoy_2133,S=C(N/N=C/c1ccc2[nH]ccc2c1)Nc1ccc(Br)cc1,-7.80471622644411,-5.219734361133675,-4.188451219083811,-2.96164192973822,-3.284128205802868,-3.3081880725857244,-2.7819080674688914,-3.0038232335726667,-3.1707919495447463,-3.352123996273767,0
b2AR-decoy_150,CCc1ccncc1C1=CC=C2[C@@H]3CCC4CC(=O)CC[C@]4(C)[C@H]3CC[C@]12C,-7.80471274616096,-5.588462152725005,-4.493060790343491,-3.39176175365892,-2.4964882265034785,-3.1201731644592847,-2.3704879979661806,-2.382109091799827,-4.395143604435726,-2.175843750276217,0
ASD03130068,Cc1ccc2nc(Nc3ccc(F)c(F)c3)nc(NC3CCCCC3)c2c1,-7.80100275082865,-3.933927945727035,-3.750975200472821,-2.7501427909861995,-3.160750891773459,-3.0494759142282746,-2.489062647033931,-2.069316092833577,-2.738963720602456,-2.926300334361327,1
b2AR-decoy_1992,CC(/C=C/C(=O)Nc1ccccc1N)=C\C1(C)Oc2cc(N(C)C)ccc2C1=O,-7.80073366503248,-5.287500377636905,-4.7346452641954215,-3.9388085327785394,-3.2023133060640685,-1.1400363100754047,-1.9489185488789609,-2.374094547972067,-2.4241576184468965,-4.010198448521637,0
b2AR-decoy_2574,C=C(C)C(=O)c1ccc(OCc2nc(c3ccc(C(F)(F)F)cc3)cs2)cc1Cl,-7.80061372195962,-6.831523719954955,-5.169431650347711,-4.97729741778834,-4.007654956642998,-3.1122701299806144,-3.549932924812561,-2.098636805528887,-3.094411509931186,-5.735529095991527,0
b2AR-decoy_2554,CC(C)=CCCC(C)(O)C1Cc2c(c(CC=C(C)C)c(O)c3c(=O)c4cc(O)ccc4oc23)O1,-7.79704292987447,-4.484140260207475,-4.007817820199492,,-2.2162451940451584,-1.407711238719565,-0.2663251439614607,-0.5284942696793671,-2.2748394228998867,-3.595377086968807,0
b2AR-decoy_2161,CC1=Nc2cc(C(=O)NCc3ccco3)ccc2Sc2ccc(C)cc21,-7.79313532560211,-5.654091227983445,-3.804912044779681,-3.0960771195927297,-3.223486682642818,-2.409362511198755,-1.9240607781720307,-1.9067777917303768,-4.134403804810367,-3.9764315093977767,0
b2AR-decoy_2114,Nc1ncc(c2ccc(c3ccccc3C(=O)N3CCC[C@@H](O)C3)cc2F)cn1,-7.79273712262849,-4.870451182912485,-5.535281684191101,-3.39910513064443,-1.5108483979062282,-3.569238276746005,-2.547533314806371,-2.769931436117587,-3.3658990581179467,-3.580385404924457,0
b2AR-decoy_1000,CC(C)(C)c1ccc(CSc2nnc(c3ccc4[nH]cnc4c3)o2)cc1,-7.7926674272589,-6.046724900767005,-5.025666273152061,-4.32344095660621,-4.012582216851668,-3.167064766050565,-2.857722352008161,-2.539178016379007,-3.326222248028796,-5.200644062350776,0
b2AR-decoy_769,C(=C/c1n[nH]c2cc(c3ccncc3)ccc12)\c1ccc2c(c1)OCO2,-7.78957030223176,-3.481745797063245,-4.8212736085923416,-4.40808075203263,-3.8491753515520086,-3.518036090606115,-2.964425858878621,-3.083854558140507,-1.932795120939546,-2.3553515373995872,0
b2AR-decoy_1106,COc1ccc(c2ccc(Oc3cncc4sc(C5=NNN=N5)cc34)cc2)cc1,-7.7881906125444,-5.085520330936575,-2.655581889319701,-3.5090345899174897,-1.4903222643824383,-2.8270761438634446,-2.836993368495361,-2.1825035687723666,,-3.9751140032873766,0
b2AR-decoy_2187,Oc1ccc(c2ccc(c3cn(CSc4ccccc4)nn3)cc2)cc1,-7.78480593656741,-5.996297643748295,-4.338074022723641,-2.09766217845132,-4.264766691263128,-1.0367824241512844,-3.118820238790171,-2.316091009580697,-4.084754085716356,-3.654058079768447,0
b2AR-decoy_531,O=C1C[C@H]2[C@@H](C1)c1cc(O)ccc1O[C@H]2c1ccc(O)cc1,-7.7841737663913,-5.690080002910695,-5.884208411960992,-5.29888931319833,-4.924896921328898,-3.618898060006495,-3.703287346545181,-3.785834081188817,-5.329376471987956,-4.739367620856447,0
b2AR-decoy_1091,Cc1ccc(NC(=O)c2nc[nH]c2C(=O)Nc2ccccc2)c(c2ccsc2)c1,-7.78363846140189,-4.748709369645905,-5.856973227054572,-2.852822119591249,-5.232180315275418,-1.7541524907594246,-3.17636541570265,-4.169359280501206,-2.8331626454298364,-5.622139228738126,0
b2AR-decoy_2031,Nc1nc(SCC(=O)c2ccc(Br)cc2)c2nc[nH]c2n1,-7.78312799477202,-5.321941072467035,-4.613174743936901,-4.148860628161319,-4.112540901963668,-3.251878573687475,-3.483312069884091,-2.8838984331636865,-3.9387168977588463,-4.607639929162207,0
b2AR-decoy_5,Cc1ccc2c(c1)N/C(=C\C(=O)c1ccc(c3ccccc3)cc1)C(=O)O2,-7.78245952008252,-5.170490840059276,-5.209253868340271,-4.17559754768827,-4.043440741115089,-2.9597749497513544,-3.578452999417012,-3.3872420879190277,-3.733439108751656,-4.6182602554165975,0
b2AR-decoy_468,CC(C)c1cc2c(cc1O)[C@@]1(C)CCC[C@@]3(C)CO[C@@H]([C@@H]2O)[C@H]13,-7.78010951604374,-5.773741833602595,-5.641444261546341,-4.17956661838839,-4.056254537629589,-3.4519912632316947,-2.751942469990211,-2.6783093403676066,-4.488845403507167,-4.633387426204317,0
b2AR-decoy_700,CC(=O)N1N=C(c2ccccc2O)CC1c1ccc(c2ccc(Cl)c(Cl)c2)o1,-7.77669064101542,-6.003541632589755,-6.117803688493002,-4.10729054673024,-4.259602358273498,-4.388052218376945,-2.390851590708831,-2.7737024645802766,-4.738470152281407,-5.277730190850326,0
b2AR-decoy_2059,[C-]#[N+]c1ccc(N[C@@H](c2nnc(c3ccc(O)cc3)o2)[C@H](C)O)c(C)c1Cl,-7.7756352008297,-5.2269886363050455,-5.812433713659181,-4.06703948727935,-5.314164853531409,-3.680664782919335,-3.6235791357368416,-3.1861928832704365,-5.024617307569597,-4.377190765883977,0
b2AR-decoy_2984,Fc1cc(F)cc(c2ccc(CSc3nnc(c4ccc5c(c4)OCO5)o3)cc2)c1,-7.77483689889237,-6.926963683245756,-1.588681944699311,,,-2.2127379513714445,0.885182856703949,,-2.981691556643426,-3.690261195389537,0
b2AR-decoy_1183,O=C(CSC1c2ccccc2-c2ccccc21)N/N=C/c1ccccc1,-7.77410915557723,-5.074048993292715,-5.071824612723831,-3.745427342145209,-2.3019877218526084,-1.4805152086557545,-3.0616606825200607,-2.875031341607147,-2.7895931650776165,-2.9293895896942472,0
b2AR-decoy_764,O=C1CCCc2c1c(SC1CCCC1)sc2c1cc[nH]n1,-7.77203252031154,-5.174401155226225,-5.477712497029021,-4.2521500419184095,-2.6799412191390486,-2.3879612975728346,-2.8742988992165914,-3.0609498978184666,-3.684950565161376,-4.395300451717247,0
b2AR-decoy_1133,CC(C)N1C(=O)S/C(=C\c2ccc(Sc3nc4ccccc4[nH]3)cc2)C1=O,-7.76967495577878,-6.415293339243306,-5.288674806370072,-3.71011657487675,-4.014887564342028,-1.900441038674125,-3.049851144052491,-1.0359129776902565,-3.4155995066871565,-4.425666427129027,0
b2AR-decoy_693,CC(C)=CCc1cc(c2coc3c(CC=C(C)C)c(O)cc(O)c3c2=O)ccc1O,-7.76950876919782,-5.598229797974725,-5.558790226894382,-3.53341270728326,-2.0841136553096984,-2.9038477326874945,-3.193274039778191,-1.7377261052931967,-4.120178299144556,-4.439102276296326,0
b2AR-decoy_1194,COc1cc(C[C@H]2COC[C@@H]2Cc2ccc(Cl)c(Cl)c2)ccc1O,-7.76934007789398,-5.060999434208475,-4.528219190039572,-4.03135733144201,-4.669109670334438,-3.1549042499524047,-3.253229329388641,-2.8110532589807464,-4.0216096001406765,-4.229303139779997,0
b2AR-decoy_2968,Cc1ccc(C(=O)SC(Cn2ccnc2)c2ccc(Cl)cc2Cl)cc1,-7.76797754684596,-5.277193929874425,-5.094683078814681,-4.48653534318062,-4.198180966567598,-3.4281470368367444,-2.983018346553531,-4.523384541661226,-4.330432444135966,-4.721853682142386,0
b2AR-decoy_2062,COc1ccccc1c1ccc(Oc2cncc3sc(C4=NNN=N4)cc23)cc1,-7.76782234875858,-4.225844648482175,-5.519486232498052,-1.1539034340218297,-2.3887713499796783,-3.4701393391992044,-2.9950105776633213,-2.474603404782627,-1.849315479465626,-4.269584021757927,0
b2AR-decoy_2830,Cc1ccc(S/C(=C/c2ccc(N(C)C)cc2)C(=O)c2ccc(Br)cc2)cc1,-7.76641383014844,-4.908742839593225,-3.6635741319634016,-2.2823422751201194,-4.913748448731269,-0.0428170562464447,,-2.178183510012677,-3.0746059215091366,-1.489978050309357,0
b2AR-decoy_2797,CC(C)Cc1ccc(C(C)c2nnc(COc3ccc(c4ccccc4)cc3)o2)cc1,-7.76539927968871,-5.083052619482805,-2.877977392768851,-2.81333114827262,-1.6203407360514088,-0.7530850283510651,-1.845605825253811,-0.6181031208231769,-2.905638558279777,-3.561835346082417,0
b2AR-decoy_44,O=C1Nc2ccccc2/C1=C\c1cccc(Oc2ccccc2)c1,-7.76286752945341,-5.109566407817296,-3.8949614286240113,-3.3577547818804394,-5.010545222282509,,-1.924874162786801,-1.9381180347405769,-4.269203472664906,,0
b2AR-decoy_1123,CC(C)(C)c1ccc([C@@H]2C[C@H]2C(=O)N/N=C/c2ccc(C(F)(F)F)cc2)cc1,-7.7545071506154,-6.2653750831139945,-4.377829480528111,-4.13066885577498,-4.996049831864548,-2.8787306111047446,-2.7945058097218007,-2.954949828474927,-2.8589679866973468,-4.4968947915156665,0
b2AR-decoy_3133,CCc1ccc(c2ccc(C(=O)NCC(=O)NCc3ccccc3C(F)(F)F)cc2)cc1,-7.75409497499766,,-2.932867655730931,,,-3.4114180923209645,0.054971441504299,,-3.5319928793130666,-2.977655200597048,0
b2AR-decoy_1736,Cc1ccc(C2(O)OC(=O)C(c3ccc4c(c3)OCO4)=C2Cc2ccccc2)cc1,-7.75395241466734,-5.183000501003255,-5.428331997024482,-3.0489288706747093,-4.737781611035689,-4.475717364208895,-2.9862927146404514,-3.283769719243967,-4.639555927127186,-5.224270530741787,0
b2AR-decoy_923,COc1cc2c(cc1NC(=O)COc1cc(C)cc(C)c1)oc1ccccc12,-7.75371962656633,-4.325978510623455,-4.257364738571801,-4.2706790524811495,-3.434686055421309,-1.9074392492342147,-2.486462116573601,-2.858397030817547,-3.779047365669566,-4.787747719689918,0
b2AR-decoy_2848,COc1cccc(/C=C/C(=O)OC[C@@]2(C)CCC[C@]3(C)[C@@H]2CC[C@@]24C=C[C@@](C)(CC[C@@H]32)C4)c1,-7.75334124149248,-4.915753573647265,-3.862430031598211,-4.487075588003029,-4.778760562595169,-2.7116073057053045,-3.4363485788272614,-2.252353670398957,-3.815869064342807,-5.3730008023448566,0
b2AR-decoy_2255,CC1CCC(OC(=O)NC(=O)c2cc(c3ccc(OC(F)(F)F)cc3)cs2)CC1,-7.75262635296324,-5.456750305227245,-3.8929893094133714,-2.064888906747409,-3.142279278519508,-2.1605841256849647,-2.5362219208895214,-2.162619394981337,-2.8402786348154967,-3.799404852952037,0
b2AR-decoy_2335,CC(C)C(CC1NC(=O)NC1=O)c1ccc(c2ccc3cccc(F)c3c2)[nH]c1=O,-7.75162909179462,-3.7594844771175353,-4.962602548098441,-2.8174953251088697,-4.5488539342639385,-3.7040270756931646,-4.462871435458082,-2.5276432583293165,-5.044124244087526,-3.9806008625216873,0
b2AR-decoy_438,Cc1c(O)cc(C#N)c2cc(c3ccc(O)c(F)c3)ccc12,-7.74619795189638,-5.8166173920858455,-5.037951036524851,-4.62063906321176,-2.9302568443308585,-3.2524409790603546,-3.9233193490250216,-2.647367542757747,-4.286820149551536,-3.114820875347967,0
b2AR-decoy_626,COc1ccc(c2ccc(/C=N/Nc3ccc(F)cc3)s2)cc1,-7.7453918784856,-5.788392736243456,-5.339988473522471,-3.2034425993475697,-3.5432808457162883,-3.5266157339487547,-3.336472360589881,-3.4495978958851667,-3.2212683509673266,-3.515621142044887,0
b2AR-decoy_3046,C=C1OC(C)=N[C@]12CC[C@H]1[C@@H]3CCC4=CC(=O)CCC4=C3[C@@H](c3ccc(N(C)C)cc3)C[C@@]12C,-7.74536006600534,-4.648475249718355,-3.803013888513261,-3.60703510880663,-3.345865480127409,-2.932348331055855,-1.8328321014343807,-1.8324285485220069,-3.3444729542366662,-3.8387136245411866,0
b2AR-decoy_2952,FC(F)(F)c1cc(CSc2nnc(c3ccncc3)n2Cc2ccco2)ccc1Cl,-7.74517709092187,-5.2159158161835055,-5.928129970885891,-4.579889654427229,-4.134271048007029,-3.603739119652325,-3.075102069859972,-4.241750162322537,-3.493886150194446,-4.708559760920227,0
b2AR-decoy_638,Fc1c(/N=N/Nc2cccc(C(F)(F)F)c2F)cccc1C(F)(F)F,-7.74495334041465,-4.247355398194645,-3.012578426052081,-1.7175783196535497,-3.3780161611651183,-3.508714871957885,-2.648456317969752,-2.6161944985594365,-3.4990994535012563,-4.128939019739766,0
b2AR-decoy_1032,CCCCCCC[S+]([O-])C1=CC(=O)c2ccccc2C1=O,-7.74262534430494,-4.699861394877305,-4.693610677122151,-2.52609954975967,,-2.8410009632535047,-2.741266382099651,-1.824657654875387,-2.607695448391226,-3.5400664769288768,0
b2AR-decoy_362,CCCc1cc(c2ccc(Oc3ccc(C#N)cc3O)c(Cl)c2)no1,-7.74193242678489,-5.3825630418376855,-2.983930855072312,-3.61829006657652,-4.360223914808408,-2.4685802187436847,-3.5942080737631006,-2.293280478724977,-3.2406318109136967,-4.686929650388247,0
b2AR-decoy_2329,O=C1C[C@@H](c2ccc(O)cc2)Oc2cc(O)c(Cc3ccccc3O)c(O)c21,-7.73899525979426,-6.336746302144595,-4.842338565584341,-2.87628183072496,-4.7284374542135685,-4.245694222714285,-3.6987226554385018,-3.852168022432236,-4.930838097409247,-4.776734236798998,0
b2AR-decoy_1307,COc1ccc(/C=C/C(=O)/C=C/c2ccc(OC)cc2)cc1,-7.73894196049811,-4.851270468035265,-2.3945241472144216,-2.13277353569471,-4.0812578905942285,-1.392510992235585,-1.869126928264361,-0.4620708663368464,-1.8425532618502167,-3.159351590619877,0
b2AR-decoy_369,Nc1ccc(c2cc(=O)c3c(N)c(F)c(Br)c(F)c3o2)cc1F,-7.72756783274257,-5.343096964129945,-4.128090800073841,-3.5827751780145496,-3.072545053601899,-3.106880388210855,-3.2213522946523607,-2.8870805736991967,-3.4330012409310964,-2.0147217820830767,0
b2AR-decoy_2342,O=C1C[C@@H](c2ccccc2)Oc2cc(O)c(Cc3cccc(O)c3O)c(O)c21,-7.72581880811584,-6.656805192282006,-5.392664408683401,-4.65069333407857,-3.997728241688488,-3.7730094384409143,-3.8332530412711616,-3.376029224763797,-5.218940030163687,-5.270094400369057,0
b2AR-decoy_1630,O=C1S/C(=C\c2ccc(OCc3ccccc3)cc2)C(=O)N1Cc1ccc(F)cc1,-7.72568063528203,-6.074381042424625,-2.720921800893401,-3.23693388669812,-0.2893752135797984,-0.523685541732215,-0.957661797402281,-0.4756424556420668,-2.2623404418725466,-4.241625614026576,0
b2AR-decoy_1723,O=c1c(Cl)c(N/N=C/c2ccc(Br)cc2)cnn1c1ccccc1,-7.72378073619032,-5.720261252761385,-3.429267010861711,-4.37479957315976,-3.965468089329688,-4.423669630923264,-2.0886810589305407,-3.215426104207437,-2.218411127755096,-4.576665423598866,0
b2AR-decoy_420,O=C1NC(=O)/C(=C/c2cn(Cc3ccc(F)cc3)c3ccccc23)N1,-7.72053062250475,-6.697056759666106,-6.480982983938212,-4.795539178518339,-5.071567582749028,-3.1910514019400047,-3.3460746457640607,-2.961004671766487,-4.9543303387568765,-5.086660525814446,0
b2AR-decoy_510,Cc1ccc(/C=C/C(=O)c2ccc(O)cc2O)cc1,-7.71896561607149,-5.569811286871396,-4.100288447389041,-4.19454948349168,-3.980646278957969,-2.900508945132045,-3.126708208415101,-2.3192383217957264,-4.422865956593976,-4.013996461649247,0
b2AR-decoy_126,C(=N/Nc1nc(c2ccc(c3ccccc3)cc2)cs1)\c1cccnc1,-7.71835900455636,-6.650291460909395,-5.128138593046371,-5.329665761230951,-4.185295273028999,-0.9471934858633348,-3.476343940067532,-3.272801519169537,-5.254753349416946,-2.970498871975917,0
b2AR-decoy_708,[C-]#[N+]c1ccc(COc2c(C3CCC3)ccc(c3cnc4c(c3)OCCN4)c2F)cc1,-7.71772848256253,-3.814316031551376,-5.212637099663211,-2.81232296439958,-3.461684859055029,-2.961685119483195,-3.3279474680018506,-1.7141048851198768,-3.435200277417696,-3.3379765892087367,0
b2AR-decoy_2607,COc1ccc2c(c1)C/C(=C/c1ccccc1c1ccc3ccccc3c1)C2=O,-7.71728851900616,-5.482618646771646,-4.526742187654831,-4.430195435617629,-5.007105095516739,-3.568456152420155,-3.475741723542341,-2.9091976834137867,-4.673652178564196,-4.674131338745477,0
b2AR-decoy_1758,CC1(C)CN(Cc2ccc(O)cc2)C(=O)C1Oc1ccc(C#N)c(C(F)(F)F)c1,-7.71697093176084,-7.168381158705625,-5.448845901173751,-4.12412208607084,-4.826006272669629,-3.0792305398128947,-3.954794670253492,-2.441532527919427,-5.630687497323216,-4.823708111934428,0
b2AR-decoy_597,O=C(Nc1nccs1)c1cccc(c2ccc3ccccc3c2)c1,-7.71475873444523,-6.191599817943985,-5.542278404420191,-4.86980980601805,-4.646084712046449,-3.5675233335948047,-3.702844208755732,-3.355597892393797,-4.416340026564146,-5.436140139738587,0
b2AR-decoy_702,Brc1ccc(c2csc(N/N=C/c3ccc(n4ccnc4)cc3)n2)cc1,-7.71119096929874,-6.533258504005206,-5.152240759536161,-3.32382842925269,-4.019392939854758,-1.4241272241180951,-2.588409450087341,-0.5220361458091665,-3.7477041198583274,-3.7912335487506663,0
b2AR-decoy_2825,Cc1noc(c2ccc3c(c2)c2c(n3CCCSc3cc(F)cc(F)c3)CCC(F)(F)C2)n1,-7.71096463972575,-1.9236829190551048,-3.638146886057012,-3.27123622786836,-2.8703665815384687,-1.9709256930425143,0.0706527581602989,-2.870727748194457,-2.819437276520806,-3.978771165105797,0
b2AR-decoy_520,Oc1ccc(c2nc3ccccc3s2)c(O)c1,-7.70944589816256,-6.317698266909046,-5.422498596063411,-5.181862923508099,-4.350846700754109,-3.1040653231955044,-3.1768110105435907,-2.8587929397330667,-4.237930828807676,-4.694811876023087,0
b2AR-decoy_52,CC1(C)CC(/C=C/c2ccc3ccc4cccc5ccc2c3c45)=[N+]([O-])C1OCCO,-7.70788022730853,-4.560448467445935,-4.382729361106411,-3.01750572634492,-4.530838439083698,-2.306816450261385,-2.826369137786311,-2.7119007853259864,-3.408350032045776,-4.163305124535476,0
b2AR-decoy_338,CC(C)c1ccc(C(=O)NN(C(=O)c2ccccc2Cl)C(C)(C)C)cc1,-7.707493117466,-3.692763264717085,,-4.081750394974169,-3.865038145741289,-3.665466311023255,-1.8113044435028012,-2.4891074173818666,-4.432822337833857,-4.779969801608466,0
b2AR-decoy_578,O=C(Nc1cc(Cl)c(O)cc1O)C1(c2cccc(O)c2)CCC1,-7.70603941745002,-5.668472950033546,-5.333832505137801,-3.73032049867454,-4.2536910156714285,-4.048140714677064,-2.5288856269502107,-2.343150778204257,-4.734242495593857,-4.946357098666516,0
b2AR-decoy_834,CC(C)[C@@H]1CC[C@]2(C)[C@H]3CC[C@]2(C)[C@H](OC(=O)/C=C/c2ccc(O)cc2)[C@@H]13,-7.70487606731662,-5.162763124703125,-5.036298823968771,-4.6612152279769,-3.9311245255404583,-3.166603102022715,-3.454587515015091,-3.2665326741421667,-4.219201161552997,-3.929853977417417,0
b2AR-decoy_883,Cc1ccc(/C=N/Nc2nc(c3ccc(F)cc3)cs2)cc1,-7.70291411559263,-5.049841973802885,-5.063785662458821,-3.74542807235398,-3.9880956008696975,-2.405555987371935,-2.797282377626491,-2.0545926089578668,-4.3973967145839366,-3.7284777480369073,0
b2AR-decoy_2131,CCCCC(=O)c1c(CC(=O)OC)cc2c(c1O)C(=O)c1c(O)cccc1C2=O,-7.69806573352921,-4.729413606821405,-3.075416043116292,-3.3148612505232595,-3.3408978468503383,-3.0307317848234243,-1.0685190669948712,-0.6893656720386065,-3.138881416579377,-3.648959903604417,0
b2AR-decoy_992,COc1ccc(c2ccc(C(=O)c3c(F)ccc(O)c3F)s2)cc1,-7.69800647000071,-5.868404512779216,-4.934293234834112,-4.14443340572795,-4.642940223918228,-3.166818243806385,-2.357645532412091,-3.4066073046154166,-4.388853980096137,-3.4495121350600573,0
b2AR-decoy_1606,O=C(NCC1CN(c2ccc(NS(=O)(=O)CCCCl)cc2)C(=O)O1)c1ccc(Cl)s1,-7.69690548240345,-4.3950186665570055,-4.813982129988021,-2.107204244382769,-3.951895530121479,-0.5406029121195051,-2.7695654154861917,-2.1106728712430467,-2.0826093340121163,-3.875451660028657,0
b2AR-decoy_1926,CC(C)=CCC/C(C)=C/Cc1cc([C@@H]2CC(=O)c3c(O)cc(O)cc3O2)c(O)cc1O,-7.69528102180868,-5.7973247303877855,-4.925842031193871,-3.98400877006281,-3.640973993355789,-2.868149463529405,-3.752693856800171,-2.9566975608291965,-3.870269460494316,-5.474423439215306,0
b2AR-decoy_830,Cc1ccc(C(=O)c2oc3cc(O)ccc3c2c2cccc3ccccc32)c(C)c1,-7.68972896728284,-4.765873764532925,-5.331845951851501,-2.1376523587622493,-5.148568213864609,-3.1961684942867548,-3.522891350961811,-3.4786680569902373,-3.998549513914287,-2.6970524928613373,0
b2AR-decoy_1703,COCC(=O)N1CCCC(C(=O)c2ccc(C(F)(F)F)cc2)C1,-7.68864080119293,-5.835884744316696,-4.443796132129552,-4.85856695009662,-3.5135100353474185,-3.3617603434041143,-3.5960163660899607,-2.5866822348625567,-4.891580930681656,-5.030607224626037,0
b2AR-decoy_15,Cc1sc(NC(=O)/C=C/c2ccc(C(C)C)cc2)c(C#N)c1C,-7.68786325363219,-3.725091850119755,-1.8276905993350208,-3.83223952336716,-3.0827437188898283,-1.3186895962294445,-2.1172055679751507,,,-3.899187785975237,0
b2AR-decoy_989,O=C(CC(Sc1ccccc1)c1ccco1)c1ccccc1O,-7.68600527318874,-6.013132257092755,-5.112266528974072,-3.77341863068898,-3.562953179682909,-3.2590713740701345,-3.1582089747797406,-2.870089376623437,-4.345397041225737,-4.848235030634948,0
b2AR-decoy_1053,O=C(/C=C/CCCCc1ccc2c(c1)OCO2)N1CCCC1,-7.68297868557771,-6.134863827746045,-5.530211106611371,-4.56070987707165,-4.609047618083628,-3.552858145801305,-3.5304043995081607,-2.4955096710122966,-3.820600893625346,-3.4206834890373767,0
b2AR-decoy_45,Oc1csc(Cc2nc(c3ccc4ccccc4c3)cs2)n1,-7.68272974620734,-5.538642426296825,-6.137039678432121,-4.949796576503299,-3.489897684833318,-3.3605997811131747,-3.453312614948911,-3.5115554201573875,-3.977558562816836,-4.704261901453897,0
b2AR-decoy_1953,N#Cc1ccc(C(c2c(O)c3ccccc3oc2=O)c2c(O)c3ccccc3oc2=O)cc1,-7.68200147751382,-5.558739479903335,-4.829783382811962,-3.71241331904512,-4.204815532820429,-3.0627191878731246,-2.595518465505741,-2.3109703006272966,-2.3921464075325867,-4.973108030890977,0
b2AR-decoy_236,COc1cc([C@H](O)[C@H](COC(=O)/C=C/c2ccc(O)cc2)Oc2ccc(/C=C/COC(=O)/C=C\c3ccc(O)cc3)cc2OC)ccc1O,-7.67998160075477,-7.1644952811579845,-7.447697797592951,-4.078552438927019,-3.954115504921458,-6.381633472634885,-5.675751367584372,-5.029353995484778,-5.1055119488546765,-4.420038092666276,0
b2AR-decoy_274,COc1ccc(C(=O)Nc2ccc(CNc3ccc(c4nc5cc(CC(=O)N[C@@H](CCCC[NH3+])C(=O)[O-])ccc5o4)cc3F)cc2)cc1Br,-7.67813353617831,-3.393140333550445,-6.800304809142912,-3.19442837040748,-0.7990476706040885,-1.6421867622069248,-3.369567359192361,0.5375797791353429,-2.6771971260519063,-3.053050448678077,0
b2AR-decoy_707,Oc1cccc2ccc(/C=C/c3ccc(c4cccc(Br)c4)o3)nc12,-7.67676765027987,-4.406834750266126,-5.173690175142172,-1.2230126974925095,-4.086128193466778,-0.0648405488348045,-1.9332737873563504,-2.321660170694777,-4.622080622476436,-3.653575499873607,0
b2AR-decoy_1753,Cc1ccc(c2csc3ncnc(SCC(=O)NCC4CCCO4)c32)cc1,-7.67560926967369,-4.878199356278665,-5.701799471471751,-4.45841297066393,-2.8398145939581187,-2.3157039652966347,-3.328464277614171,-2.5450473625978365,-2.618992258495746,-4.599737351852287,0
b2AR-decoy_2005,C/C(=N\NC(=O)Nc1n[nH]c(=S)s1)c1ccc(Br)cc1,-7.67123035386788,-5.485944592089715,-4.878845410521741,-4.11946313837344,-3.936653063202619,-1.7196092742340747,-2.647561365210401,-2.208443062268847,-3.216431888542856,-3.955209966804737,0
b2AR-decoy_512,CCO/C(O)=C\C1=Nc2cc(C)c(C)cc2NC(=O)C1,-7.6707257990053,-5.3878981172689056,-4.883125146172681,-3.86897764982718,-4.018491180136508,-3.0659007747737244,-2.1031103495772108,-1.7116579678038866,-4.016240360023817,-4.4885787015868175,0
b2AR-decoy_2130,O=C(/C=C/c1ccccc1S(=O)(=O)Nc1ccc2ccccc2c1)NO,-7.67066650819976,-4.004740000633316,-4.681716633215281,-3.0110001260271497,-2.9091856318231084,-2.823331550205875,-1.6287231790930117,-3.208567100275827,-2.343660964148576,-3.862702096449007,0
b2AR-decoy_394,CC(=O)[C@H]1CC[C@H]2[C@@H]3CC[C@@H]4C[C@H](O)CC[C@]4(C)[C@H]3[C@@H](O)C[C@]12C,-7.66866579156071,-5.782991243103485,-4.954453997590571,-3.54143842801557,-3.5446500068476388,-3.972347713620064,-1.8261946335263808,-3.468970331569597,-5.413857727588296,-3.374648104769807,0
b2AR-decoy_2901,CC(=O)N1C[C@@H](O[C@@H](C)c2cc(C(F)(F)F)cc(C(F)(F)F)c2)[C@H](c2ccccc2)C1,-7.66798244454791,-4.777447855274805,-5.522582848610571,-4.4575639241529,-4.008688659706908,-2.746424780001574,-2.8328063774985117,-2.7219747738686166,-4.826939381786076,-4.375196262974788,0
b2AR-decoy_2169,Cc1ccc(c2csc(N/N=C/c3ccc(N4CCCC4)cc3)n2)cc1,-7.66491197473754,-4.639971530155576,-4.926580055769051,-3.834763322759129,-3.832262749015208,-0.3598030782557044,-2.585657154385551,-1.3012317343456168,-2.9682800346732066,-3.458876864678747,0
b2AR-decoy_2034,Cc1cccc(NC(=O)CSc2n[nH]c(c3ccccc3O)n2)c1C,-7.66409971390992,-5.815945803742565,-4.688349205746701,-3.8417194753613098,-3.857758245248649,-2.0754517804789243,-3.153583815977151,-3.3805702450520965,-3.499710804214886,-4.188926331505616,0
b2AR-decoy_2802,FC(F)(F)c1cc(CSc2nnc(c3ccccn3)n2Cc2cccs2)ccc1Cl,-7.66367297315688,-4.388797558277536,-4.624712459196651,-3.1120770880498894,-4.944691194087259,-0.8867469559425043,-2.7053723373833707,-3.9973441081015775,-3.301280329003476,-5.044552628088347,0
b2AR-decoy_853,COc1ccc(COc2ccc3c(c2)C(C)=CC(C)(C)N3)cc1,-7.66327666167785,-5.152281676782216,-4.768945997718221,-3.54726599306563,-0.9093186023492584,-2.7412447109927545,-2.7056652427143915,-2.7507656884917973,-2.8757249063891264,-2.979987151094337,0
b2AR-decoy_651,CC(=O)O[C@H]1CC[C@@]2(C)[C@@H](CC=C3[C@@H]2CC[C@@]2(C)[C@H]3CC[C@@H]2[C@H](C)CO)C1,-7.66321277300549,-4.791053352628495,-5.005090816393051,-3.92144643832072,-3.189113516490819,-3.039788751681555,-3.158513898272881,-3.391795757098337,-3.624581397041596,-3.221340228066047,0
b2AR-decoy_1129,Cc1ccccc1OP(=O)(Nc1ccccn1)Oc1ccccc1C,-7.65947985878115,-4.707076773432205,-5.680082452488802,-3.24973530901684,-4.634204940460968,-3.8935220766764047,-3.195773694277901,-3.337764569841667,-3.854091037303067,-4.546419705253356,0
b2AR-decoy_239,C[C@H]1CN([C@H](C)CO)C(=O)Cc2cc(NC(=O)Cc3cn(C)c4ccccc34)ccc2O[C@H]1CN(C)S(=O)(=O)c1ccccc1,-7.65939399161133,-5.307426215297276,-5.904708830176811,-2.83549404468684,-3.7664567929911774,-2.0604197575811947,-1.6120023380988506,-2.5810327258084467,-3.7787999938074863,-3.3892440427654766,0
b2AR-decoy_1858,O=C1C[C@H](C(=O)Nc2cc(c3cccc(COCCC(F)(F)F)c3)n(c3ccccc3)n2)CN1,-7.65816389911606,-4.204524173389835,-4.351079569268391,-2.98335274351948,-3.1331706428307786,-2.715183465271185,-0.313663477447931,-1.9175114163328064,-4.330478171692176,-4.273664784690936,0
b2AR-decoy_596,C=C[C@@]1(C)CC[C@H]2[C@](O)(CC[C@@H]3[C@]2(C)CCC[C@@]3(C)COC(C)=O)C1,-7.65696005080973,-5.371086448368295,-5.222508333454691,-4.14178215083117,-4.023139107257708,-3.132072547667665,-2.697876778054371,-3.1034995065293565,-5.1313352414437565,-4.6351585934622666,0
b2AR-decoy_3053,C[C@]12C[C@H](c3ccc(c4cccnc4)cc3)C3=C4CCC(=O)C=C4CC[C@H]3[C@@H]1CCC21CCCC1=O,-7.65580453595769,-5.080824282834775,-4.650713692750641,-3.43418355297546,-4.003444410541628,-3.1950382112206546,-2.418876247537211,-2.910433850442007,-3.1595628634312565,-4.378695650280267,0
b2AR-decoy_402,O=C(NNC(=O)c1ccc(n2cccc2)cc1)c1ccc(Cl)cc1,-7.65493677926468,-5.891218354949225,-5.060661137281671,-1.47773575202996,,-0.7814630199259147,-2.669063438626581,-3.1185492130718364,-2.9351508849194365,-4.934106254193077,0
b2AR-decoy_1930,COc1ccc(F)cc1C(C)(C)CC(O)(Cc1cc2cc(F)ccc2[nH]1)C(F)(F)F,-7.65100834565654,-4.582773962494355,-3.4558618147770312,-2.92215758672657,-3.071178432083018,,-2.577722165589461,-2.948561157223387,-3.6292730445122254,,0
b2AR-decoy_1198,CC(Oc1ccc(Cl)cc1Cl)C(=O)NCCC1=CCCCC1,-7.64933617468874,-5.394810784295615,-4.986165178445091,-3.7883671108412,-3.9645690243002982,-3.3364296146292043,-2.746655597090691,-3.0073319627379966,-3.583364410761426,-4.5133141509458365,0
b2AR-decoy_350,CC(C)(C)c1ccc(SCC(c2ccncc2)c2c[nH]cn2)cc1,-7.64835907682134,-5.774246850091855,-5.2955365492480215,-4.44304409927073,-4.549880556381108,-3.580614666877695,-3.002530968387961,-3.413221266164517,-4.594207660518756,-4.443638636842717,0
b2AR-decoy_715,CCC(=O)C1=C(CC)NC2=C(C(=O)CC(C)(C)C2)C1c1ccc(c2ccccc2)cc1,-7.64535903623325,-5.0874104843201255,-5.248948606361111,-1.7735556201203702,-3.5177632066239486,-2.818382894425845,-0.2964388495440611,-2.7078085379400667,-3.1314983722495864,-2.078177616738627,0
b2AR-decoy_1564,COc1ccc([C@H]2[C@H](C(O)c3ccc(O)cc3)C(=O)N2c2cc(OC)c(OC)c(OC)c2)cc1,-7.64454474150445,-4.503222942476705,-4.944390409247351,-2.84863720040292,-3.847547103222638,-2.7126250765607347,-2.43125113401287,-2.631256383450947,-2.6844720254859364,-4.0077458700768975,0
b2AR-decoy_2244,C[C@]12CCC(=O)C[C@@H]1CC[C@@H]1[C@@H]2CC[C@]2(CCOCc3cc(F)cc(F)c3)[C@@H](O)CC[C@@H]12,-7.64355551178617,-5.189101589366275,-4.619707900182681,-4.03236772781505,-4.196962135373289,-3.5826189399209545,-1.768029130748011,-2.8148603355303567,-4.4214549925470665,-3.7773877184947273,0
b2AR-decoy_1653,O=C(/C=C/c1ccccc1)c1ccc(OCc2cc(c3ccccc3)no2)cc1,-7.64075672747472,-5.784306053609876,-3.188053327083421,-3.0260917521114896,-2.534588081115179,-2.3079405994127544,-2.9524397963680613,-2.4618830741080764,-3.9395076839187766,-4.539535636395698,0
b2AR-decoy_1845,CCOc1ccccc1NC(=O)CSc1ncc(S(=O)(=O)c2ccc(C(C)(C)C)cc2)c(=O)[nH]1,-7.6376733205233,-6.340444313991256,-2.512213717118561,-3.8202997154211698,-3.135926222007308,-2.330685007658195,-1.9675008570091808,-2.1131482056604964,-3.016921797172716,-4.687546975665388,0
b2AR-decoy_1189,COc1cc(/C=C/C(=O)/C=C/c2cccc(C(F)(F)F)c2F)ccc1O,-7.63747339101081,-4.747694784680896,-4.309406900238392,-4.58665751105828,-4.903189876158718,-4.079019421848054,-2.601525699161241,-1.545960249987527,-4.3933061515221565,-4.463337068300897,0
b2AR-decoy_1391,O=C1c2c(O)cccc2C(=CCCc2ccccc2)c2cccc(O)c21,-7.6372566845738,-4.528468249847025,-4.270724004116691,-2.9228038144862696,-3.836654530405738,-3.377300497554775,-2.9553979890552613,-2.633672288464646,-4.862455241125167,-3.983038333380627,0
b2AR-decoy_58,Brc1ccc(CSc2nnc(Cc3c[nH]c4ccccc34)o2)cc1,-7.63586782041932,-5.022010374043605,-3.827814037410281,-3.4014248014370594,-3.488627639536668,-2.091936306747865,-2.844152679962841,-1.5562755257775764,-1.511472171961926,-3.644179256103817,0
b2AR-decoy_1506,C=C(C)Cn1c(SCC(=O)c2cccs2)nc2sc3c(c2c1=O)CCOC3,-7.63503864320779,-4.473222091434165,-3.4713598470589915,-3.3463957780320097,-4.4514141189758085,-1.9571103921948048,-3.015846586576891,-2.7672285701529065,-3.7748189245405968,-4.704501445670086,0
b2AR-decoy_2812,Clc1ccc(COC2c3c(Cl)cc(Cl)cc3SC2Cn2ccnc2)c(Cl)c1,-7.63477983031922,-4.423694978750445,-4.950415199757591,-2.36434705605394,-4.225593522440419,-4.123178736990834,-3.064038931730771,-3.394389894599307,-4.438028574673926,-3.4526435000093367,0
b2AR-decoy_1759,O=C(Nc1nnc(SCc2ccc([N+](=O)[O-])cc2)s1)c1ccc(F)cc1,-7.63306294139319,-6.035103620267935,-5.130839558908091,-3.262516532914589,-2.3421463125858786,-1.1114453152496149,-2.8003528650788114,-2.4088477523766567,-3.8713086484096166,-3.8100385785364073,0
b2AR-decoy_2431,Cc1cc2c(cc1C)C(Cl)=C(c1nnc(c3ccc(F)cc3)o1)CCC2,-7.6321234198372,-5.223504161646045,-2.356616107293632,-3.1727814401918097,-3.5397928285302287,-3.613534655604485,-2.734510972487561,-0.0429944584856167,-2.715917817378516,-2.821809347806248,0
b2AR-decoy_1360,C=C(c1cc(SC)nc(SC)c1)c1ccc2c(c1)c(C#N)cn2C,-7.63197544442802,-4.086318750565165,-5.467346388522992,-1.2928787738886394,-3.486778446548838,-3.632042182943525,-3.049862215364061,-3.395392988233157,-3.3302350995494363,-4.269716779496976,0
b2AR-decoy_665,CC1(C)CC(=O)c2c(SCCc3ccccc3)sc(c3cc[nH]n3)c2C1,-7.63079874979691,-6.161725245176925,-3.741658748576291,-3.83242682729156,,-3.673012824115835,-2.8492105722297607,-2.388296287464347,-3.979495178144947,-4.071472927398517,0
b2AR-decoy_481,Oc1nc2sccc2c(O)c1c1ccccc1,-7.63071123975315,-4.873378184504835,-5.5266822419272215,-4.24303629562212,-3.6294340499457984,-3.3211432576546143,-2.9273688965310614,-2.2640051178815668,-3.7146626194255674,-4.537489223707958,0
b2AR-decoy_1999,CC(C)C(=O)c1c(O)cc(O)c2c1O[C@@]1(C)CC[C@H](C(C)(C)O)O[C@H]1C2,-7.62896261368797,-4.521205062360875,-5.321202660927871,-3.74164567224754,-3.4943508019393184,-2.6519639970542546,-2.616819200325061,-1.9919539621809368,-4.460668776274076,-4.116324384342537,0
b2AR-decoy_877,C/C(=N\Nc1nc(c2ccccc2)c(C)s1)c1ccccc1,-7.62808217249666,-4.520553886291165,-4.934999263793661,-2.49307707352484,-3.283786776633349,-3.351466452924485,-2.729370565171431,-3.0778644095615064,-4.271892022033116,-3.253122501041297,0
b2AR-decoy_1105,CCOc1ccc2nc(/N=C/c3c(C)nn(c4ccc(C)cc4)c3O)sc2c1,-7.62784991661981,-5.046396088703255,-2.7361248986113718,-3.0970655930773896,-4.745102748936389,-0.869477799752385,-2.9641192996242207,-0.9175473831247468,-3.218960954404916,-3.952288571291057,0
b2AR-decoy_201,CCC(CC)COC(=O)[C@H](C)NP(=O)(OCCOCn1cc(c2cnc(N)nc2OC)cn1)Oc1ccccc1,-7.62780068999574,-4.8341263818164855,-4.532322209345201,-4.01653362561307,-4.211605814788329,-2.9645431880015245,-3.349245076053321,-2.910147227238377,-4.415014403042196,-4.597896827255417,0
b2AR-decoy_1113,COc1ccc2c(C)c(Oc3c(Cl)c(Cl)c(O)c(C#N)c3C#N)oc2c1,-7.62657527251364,-4.133879126125225,-4.159879830615242,-3.28054786404609,-3.555972097212228,-2.0057307177842345,-0.3999088968544413,-1.7582335230974468,-2.688543159273147,-3.898622865309057,0
b2AR-decoy_1103,O=C1/C(=C/c2ccc(O)cc2)Cc2ccccc2/C1=C\c1ccc([N+](=O)[O-])cc1,-7.62655281373301,-5.195434235619556,-4.670103122428651,-3.2790838893027496,-3.848155062822839,-3.270768115662655,-2.583745390302461,-2.114757106013397,-1.3949877531819466,-4.522851963357027,0
b2AR-decoy_2414,Fc1ccc2c(c1)[C@@H](OCc1ccc(Cl)c(Cl)c1)[C@@H](Cn1ccnc1)S2,-7.62615019871568,-5.015855543283895,-4.487568738936851,-3.44183345190255,-4.603523168672338,-3.5665034956338646,-2.8094550354750707,-3.3064141703147065,-4.012625329505406,-4.166939996144407,0
b2AR-decoy_2339,C[C@H](O)[C@@H](CCc1ccccc1C(F)(F)F)n1cnc2c(N)ncnc21,-7.62199899555946,-4.823315023047925,-4.734724352081841,-3.86850526532654,-5.365653302605978,-3.8891235637388943,-3.046337465022301,-3.326934310281927,-3.943188040903016,-5.006613673049317,0
b2AR-decoy_405,Cc1cc(NS(=O)(=O)c2cc3c(cc2F)NC(=O)CC3)ccc1F,-7.62135046792359,-3.650598718465025,-4.752481268793211,-4.0846509090288,-3.5122831214919783,-2.925697142038125,-1.9459444915381408,-2.1740127580810267,-3.3086826361104364,-3.614361442613457,0
b2AR-decoy_1026,COc1ccc(CS/C=C/C[S+]([O-])Cc2ccc(OC)cc2)cc1,-7.62102907751366,-4.954587438283816,-3.850152443065201,-3.524378900648609,-2.4353971513442483,-1.7019300893384344,-2.7673433045065714,-1.9918147039412872,-3.2938484025891563,-2.7289074416275274,0
b2AR-decoy_1913,O=C(CC(C(=O)c1cccs1)c1ccsc1)c1ccc(Cl)cc1,-7.61993760201639,-4.721877331114465,-4.976626716715471,-2.8197982903657897,-2.9541995394596388,-3.087532313398005,-2.1779536174833014,-3.362748803307567,-4.287967829990336,-3.908940930987297,0
b2AR-decoy_1242,c1ccc(n2nnnc2SCCCSc2nc3ccccc3s2)cc1,-7.61899573707574,-4.7179216576062055,-5.033712879849602,-4.7167580905902495,-4.012620715260068,-2.2899896586436945,-3.4224490010257917,-2.054369027919937,-5.139533836432866,-4.263836897985767,0
b2AR-decoy_33,CC[C@H](C)C(=O)c1c(O)cc(OC)c2c1O[C@]1(C)C=C[C@@H](C(C)C)C[C@H]21,-7.61755773768198,-4.808257725136445,-4.789168284797661,-4.1401311971822,-4.0938720099148185,-3.038539925881585,-2.571990115487001,-2.7774326141400767,-4.096678726227216,-4.775911355693687,0
b2AR-decoy_916,Fc1cc(F)cc(/C=C/c2n[nH]c3cc(c4ccncc4)ccc23)c1,-7.61349484599781,-4.306091393976045,-1.3393699047674312,-3.03967236967953,-3.7182265340716887,-0.1837799896320247,0.4259448785528485,-0.3830662086844967,-4.631596504670706,-3.789757245100217,0
b2AR-decoy_594,Cc1ccc(c2ccc3occ(c4ccc(C(C)O)cc4)c3c2)o1,-7.61012108013962,-5.478151318218605,-5.187019617373571,-4.5734768477108,-3.398479878926868,-4.423863543520104,-3.101740047599161,-2.621059553025627,-5.253598579032456,-4.459261543942468,0
b2AR-decoy_1134,CC1CC1c1ccc(/C=C(\C#N)C(=O)Nc2ccc(Cl)cc2Cl)o1,-7.60990394480126,-4.674935376367995,-4.363032654318001,-3.2097025672690496,-4.342133709278908,-1.497293574763915,-2.744216598037031,-2.6779391537773565,-3.8094798241453054,-4.737971951828918,0
b2AR-decoy_2540,CN(C)C(=S)Nc1cccc(c2nnc(SCC(=O)c3ccc(Cl)cc3Cl)o2)c1,-7.60805899934644,-4.081458481923995,-2.288105172091311,-4.2533685148475,-2.4785076551148784,1.533038509181765,-3.169096973450001,-1.181712409696817,-2.1945659368286066,-3.989930127736017,0
b2AR-decoy_2920,CC(=O)N[C@@H](C)/C=C/c1ccc(Oc2ccc3nc(C(C)C)sc3c2C(F)(F)F)nc1,-7.60694015384089,-6.146272195511575,-4.127395146855621,-4.29422525259106,-1.7530881808661087,-3.2762997451123246,-3.54644659035306,,-4.548468454068407,-4.298057338842996,0
b2AR-decoy_2989,CCC1Sc2ccc(S(=O)(=O)CCC(=O)Nc3ccccc3Cl)cc2NC1=O,-7.60692046975225,-5.884436068019095,-4.724157464000611,-3.2738936279348696,-3.121432137547578,-3.248031803889595,-1.9800162125091108,-2.3558686208707265,-3.6862012176990655,-4.5688609467026176,0
b2AR-decoy_1830,O=C(COC(=O)c1ccccc1NS(=O)(=O)c1cccs1)NCC12CC3CC(CC(C3)C1)C2,-7.60613643402102,-3.601347286645635,-4.409885123380971,-2.45337169699462,-2.6971304740050384,-1.9610800863175148,-2.199936406294821,-2.272819350724747,-3.8573082849665674,-3.712537407451307,0
b2AR-decoy_507,Oc1ccc(c2nc3ccccc3s2)cc1O,-7.60607391429819,-5.546370048501685,-4.613988640567971,-4.59637384091963,-3.796113347862298,-3.2052838909168644,-3.023682270721931,-2.892717629339307,-3.819254395863126,-4.757923400577997,0
b2AR-decoy_2326,O=C(NC(C(=O)NO)c1ccc(c2cc(F)c(F)c(F)c2)cc1)C1CCOCC1,-7.60472907981289,-5.226025058771665,-5.219971523535182,-4.17215606385484,-3.287639435778768,-2.9440272253513946,-2.546951878215621,-2.5743657984619768,-4.265322480719036,-3.584112856576327,0
b2AR-decoy_242,CC(C)c1ccc(c2c(NS(=O)(=O)NCc3ccccc3)ncnc2OCCOc2ncc(Br)cn2)cc1,-7.60072602324472,-4.782184630376925,-2.393452743252391,-1.3932013758451296,-4.150441662259638,-2.6481384740628844,-1.0999207561317013,-3.041045377832587,-3.6946640487853166,-4.504230701729327,0
b2AR-decoy_529,C[C@H]1C(=O)[C@@]23CC[C@@H]4[C@](C)(CO)CCC[C@@]4(C)C2=CC[C@]1(O)C3,-7.59949533176154,-5.373746366144035,-5.184930073268511,-3.56957083304811,-3.931961716194309,-3.5289930179771343,-2.893442164995631,-1.781704310257937,-3.931721665600157,-3.8389996551799066,0
b2AR-decoy_1728,COc1ccc(CSc2nc(C(C#N)c3cccc(F)c3)c(C)c(=O)[nH]2)cc1,-7.59901790310484,-4.508190231752925,-4.873125758351391,-3.38563270147829,-4.078072961494459,-2.869535185279805,-3.7809072201013914,-2.3036657848085467,-3.774016551165216,-4.387312912207637,0
b2AR-decoy_183,CCCC[C@H](NC(=O)[C@@H]1[C@H]2[C@@H](CN1C(=O)[C@@H](NC(=O)NC1([C@H]3CCCS3(=O)=O)CCCCC1)C(C)(C)C)C2(C)C)C(=O)C(=O)NC1CC1,-7.59857208766916,-4.458000727320245,-2.225465825881661,-3.2793803775339097,-3.158866646291008,-3.726542070830435,-4.324455258030641,-3.108155670828797,-2.371168899526686,-4.348352545998047,0
b2AR-decoy_154,Cc1ccc(Cn2c(CCNc3nc(c4ccc(Cl)c([N+](=O)[O-])c4)cs3)nc3cc(C(=O)NCCCO)ccc32)cc1,-7.59734217396973,-5.452818562984615,-2.763446402377641,-3.1147117066533294,,-1.627376389033925,-3.8583234219260607,-2.389876778422577,-4.118779194613387,-4.046826250966968,0
b2AR-decoy_1754,OCCCCn1c(Cn2c(C(F)(F)F)nc3ccccc32)nc2ccccc21,-7.59594450056117,-1.625164291063545,-3.7576150643640416,,-3.6262894390711686,-3.126005821933945,-2.983940768547951,-0.5011435190799469,-4.112344029987557,-2.749332186377617,0
b2AR-decoy_2294,CC(C)(C)c1ccc(OP(C)(=O)Nc2ccc(SC(F)(F)F)cc2)cc1,-7.59412513298432,-5.546666625780915,-5.049748799006611,-3.4007261419414494,-3.7108609343624783,-1.741082874192565,-3.050867982549261,-2.3889094961619666,-2.8616686388067967,-4.499895526447977,0
b2AR-decoy_1887,CN1C(=O)CC[C@@]2(C)C1=CC[C@H]1[C@@H]3CC=C(c4cncc(C(F)F)c4)[C@@]3(C)CC[C@@H]12,-7.59066217158041,-5.089892361175455,-4.911754916985341,-3.44629703662501,-3.968709084346669,-3.5826630374642745,-4.217726845051791,-3.449403786124257,-4.085840797695736,-2.912740094617567,0
b2AR-decoy_547,O=C1/C(=C/c2cccc(Br)c2)Oc2cc(O)cc(O)c21,-7.59056535980003,-5.910511111312335,-5.232052564046612,-4.41379276809247,-3.987227480561169,-3.730706482889144,-3.2507477210532114,-2.760392202525967,-4.433103898692736,-3.0336330454317277,0
b2AR-decoy_2630,CCCCCc1ccc(c2cn(CC(=O)N3c4ccccc4Sc4ccc(C(F)(F)F)cc43)nn2)cc1,-7.58994779631609,-2.483940215240985,,-2.2464543183040098,-1.3000563591893188,-2.2692990340078047,-0.9297736805370712,-1.1699287581998368,-1.2707528490721065,-1.099150622034537,0
b2AR-decoy_1667,Cc1ccc(Cl)c(OC(=O)C2CSC3(C)CCC(=O)N23)c1,-7.5864590724392,-5.147393201997836,-5.645639359465691,-4.10409798789256,-4.323066586859058,-3.650431791699994,-2.911541286202901,-2.7075231653407767,-4.656856685887626,-4.223725587079578,0
b2AR-decoy_1283,CN(C)C(=O)Oc1ccc(OC/C=C/COc2ccc(C(F)(F)F)cc2)cc1,-7.5843884147348,-4.114850517489345,-3.022371501147611,-3.021233577872,-1.5154081652525289,-0.2329137975730848,-1.8655036112391707,-0.6004131042959973,-2.213694682675267,-2.9400097706541666,0
b2AR-decoy_817,CC(CCCc1ccc(F)cc1)c1cc(O)c2c(c1)OC(C)(C)c1ccncc1-2,-7.58437382023448,-5.404731529970035,-5.333471192834291,-4.54329959921016,-3.864746384434959,-2.9563490417049048,-3.463123063421971,-2.7139344616170566,-3.708296516204277,-4.631563053311316,0
b2AR-decoy_847,Cc1c(O)nc(SCc2cccc(F)c2)nc1Cc1c(Cl)cccc1Cl,-7.58241166460107,-5.919242373528825,-4.759240641678681,-3.9647725880506,-4.275373368795979,-3.5791600947434343,-3.048643040555281,-3.777626313526227,-4.1125794350476665,-4.084081173498356,0
b2AR-decoy_2206,CC[C@@]12CC[C@](O)(c3ccccc3)C[C@H]1CCc1cc(OCc3cccnc3C)ccc12,-7.58240272073013,-5.548683515975025,-5.257447732652731,-3.79930183314968,-3.9501883755109786,-4.556092955640034,-2.718550020690361,-3.060633509621117,-4.8304759857871264,-4.408342627393077,0
b2AR-decoy_1297,Cc1ccc(SCc2nc(c3ccncc3)no2)cc1,-7.58038643406702,-4.838824967782885,-3.880705886703531,-3.25702116233098,-3.143642224786128,-1.8023618103179144,-1.4492433476022306,-2.6828509599549677,-2.4462687359096167,-2.312341140498297,0
b2AR-decoy_2094,O=c1cc(c2cc(O)c(O)c(Cc3ccccc3Cl)c2)oc2cc(O)cc(O)c12,-7.58019200393684,-5.272394459455235,-4.127216201279091,-3.5098126605014697,-5.019614853409228,-2.6363919809254943,-3.637648111192601,-2.130994885807067,-4.505429670351736,-4.414538329819408,0
b2AR-decoy_1180,COc1ccc(C[C@H]2COC[C@@H]2Cc2ccc(Cl)c(Cl)c2)cc1O,-7.57983246999346,-5.925099580771145,-4.794638245259431,-4.108456778979559,-4.309157120004999,-3.1520740189698246,-2.378844955872041,-3.2235201191516767,-4.540428578612836,-3.307115594838867,0
b2AR-decoy_2597,Fc1ccc(/N=C2/c3ccccc3/C(=N/c3ccc(F)cc3)c3occc32)cc1,-7.57665127712955,-5.189665304168875,-4.909453579907582,-4.18679589641278,-2.6785834107756186,-2.6800751780021344,0.5740400572223892,-1.7760628410151664,-3.4899344151696265,-3.9964238035418966,0
b2AR-decoy_841,COc1ccc(c2coc3c(C(=O)NCc4cccs4)cccc32)c(C)c1,-7.57550876747194,-4.889606239016375,-5.001525897353721,-3.50491025335244,-4.068422549521398,-2.6729486754905043,-2.2224014778940706,-1.2026058550448369,-3.2220827762370163,-3.553836849609867,0
b2AR-decoy_832,O=c1c2ccc(O)cc2oc(SCc2ccccc2)c1c1ccccc1,-7.56612307299395,-5.053788166193185,-4.628180640803572,-4.03280011093631,-4.153188433360558,-2.806419543223215,-3.0268413000587118,-2.006022473754327,-5.253628245095497,-3.988379431500857,0
b2AR-decoy_2801,CC1(C)C(c2ccccc2)=NN(C(=O)COc2cccc3cccnc23)C1c1ccccc1Cl,-7.56333053606849,-4.902901115131225,-4.854965100912342,-4.495130032957929,-4.630670696325058,-2.484945492912245,-4.073848815420071,-3.0562427448246066,-2.9356836240770363,-4.927134194254757,0
b2AR-decoy_1668,C=C1C(=O)O[C@H]2[C@H]1CCC(=C)[C@@H]1C[C@H](OC(=O)C=C(C)C)C(=C)[C@H]21,-7.56045631704898,-4.959695731221515,-4.088424442593011,-3.7203776454981696,-3.723384129182178,-2.9549657694068143,-1.7334541783345108,-2.309517438566247,-3.5140903369781764,-3.6181461116823166,0
b2AR-decoy_1743,COc1ccc(c2cn3c(C(=O)Nc4cc(C)ccc4C)csc3n2)cc1,-7.5595076310179,-5.575135844778175,-4.039276159627031,-4.000603915961349,-3.853313330077448,-2.987489667594975,-2.035807827818201,-1.6846512683516064,-3.5050431385603966,-2.9273579714445668,0
b2AR-decoy_2306,C=C[C@]1(C)C=C2C(=O)C(O)=C3[C@@]4(C[C@@H]4C[C@@H](O)[C@@]3(C)COC(=O)C(C)C)[C@@]2(O)CC1,-7.5570683223897,-4.982765086202035,-4.868273457118051,-3.9680394725069696,-5.030066918357878,-2.8497404515302645,-2.708555625544781,-2.858918499990807,-4.458674410254607,-4.1563403954115365,0
b2AR-decoy_3063,O=C1OC[C@H]2[C@@H]1Cc1c(F)cc(F)cc1[C@@H]2/C=C/c1ccc(c2cccc(C(F)(F)F)c2)cn1,-7.55680064935388,-5.001674334332876,-4.561248487502021,-3.98090789392826,-3.325744106968468,-2.1278174184307046,-2.585230320504041,-1.7820466922998568,-3.082812852080006,-3.971554064176607,0
b2AR-decoy_2162,CC(C)(C)c1ccc(OCc2ccc(C(=O)N/N=C3\CC4CC=CC34)cc2)cc1,-7.55079605650363,-4.952918675323195,-4.241059665915572,-3.62925995741565,-3.5760769780499784,-2.288987543997985,-2.4158959878870707,-2.378427623767207,-3.683469655039737,-4.672257989385097,0
b2AR-decoy_1777,CCN(CC(=O)Nc1ccccc1C(F)(F)F)C(=O)/C=C/c1ccc(Cl)c([N+](=O)[O-])c1,-7.55048056259731,-3.934856101252655,-5.310103478720851,-1.32647280436077,0.3019333315331516,-2.9073020611049243,-1.547898506787761,-3.1220103000095367,-3.286250935134136,-1.9787335904400067,0
b2AR-decoy_1165,Cn1nc(C(C)(C)C)cc1NCc1coc(c2ccc(C(C)(C)C)cc2)n1,-7.54800467768044,-5.793760147669255,-4.403935368590601,-2.1229267839203896,-3.010853697246459,-3.0997599679292147,-2.8879354906948107,-2.9114570706018066,-3.2832934165489167,-3.468476077123897,0
b2AR-decoy_3044,Cn1cncc1C(OCc1ccc(C#N)cc1)c1ccc(C#N)c(c2ccccc2C(F)(F)F)c1,-7.54652630369294,-4.171406378088865,-5.178296684279121,-3.0851942707736697,-3.7488343180421184,-2.9816170972183444,-1.3349864635526814,-1.8788401125826573,-3.4984862390871365,-3.4791636208328973,0
b2AR-decoy_2492,Cc1nc2cc(OC(=O)N(C)Cc3cccc(c4ccncc4)c3)ccc2s1,-7.54639654495761,-2.6544332185622554,-5.087416084075842,-2.71727558196005,-2.738187723489869,-3.3234020365481047,-2.526856329993991,-2.0262422998639265,-2.1312865288541465,-3.9023862124961073,0
b2AR-decoy_2178,C[C@@H](Cn1ccc(c2ccc(C#N)c(Cl)c2)n1)Nc1cccc2cccnc12,-7.54496882676141,-4.983203193898935,-5.965902818510371,-2.1910136758565297,-4.3380628780320585,-4.048745874305195,-2.7404840494816307,-4.219463877792848,-4.328382055347997,-3.5790178917314672,0
b2AR-decoy_1665,COc1cccc(c2nnc3sc(/C=C/c4ccco4)nn32)c1,-7.5441086004931,-4.049000694331145,-5.326019488361011,-3.50505912606458,-3.632256614351518,-1.981395949292545,-2.0562422678946213,-1.9542725967956969,-3.4685688765884164,-3.071354719633287,0
b2AR-decoy_1617,Cc1nc(C)c(CNc2nc(OCC3CC3c3ccncc3)nc(Cl)c2C)s1,-7.54072773752604,-4.227808722229345,-4.650141759981731,-2.5863922794546896,-4.380193390512509,-2.9408256963327446,-2.661894057299941,-2.4945526378599068,-3.730441821203466,-3.7959088854778273,0
b2AR-decoy_1151,CC(C)c1ccc(c2[nH][nH]c(=O)c2Cc2c(O)ccc3nc(Cl)ccc23)cc1,-7.53893762856317,-5.299842123638805,-5.407420347979081,-2.90608854322529,-4.456516601384578,-3.6468687053104247,-3.228789678444232,-2.5873307041729765,-3.729457001704956,-4.569297648536686,0
b2AR-decoy_1700,Cc1cccc(c2nnc(SCC(=O)C(C)(C)C)n2C)c1,-7.53855879362015,-3.750745332717075,-4.747105407404101,-3.57281713201646,-4.383064739539239,-0.6060850898568448,-3.7462820780721113,-1.7650459903275566,-3.1380155424760963,-3.390638352208597,0
b2AR-decoy_502,Oc1ccc(C2CSc3ccc(O)cc3O2)cc1,-7.53574502770412,-5.563609848511845,-5.8348826201299415,-3.98704803709885,-4.128538763123168,-3.8623550990334543,-3.414736882856311,-3.891971269678807,-4.960988063297286,-3.951461307489827,0
b2AR-decoy_2621,FC(F)(F)Oc1ccc(c2cn(CC3=C(Cl)c4ccc(c5cccs5)nc4CC3)nn2)cc1,-7.53556172279124,-2.929826962321825,-2.447971029961041,-3.3519331284578096,-2.201368648349768,-0.200608146297605,-2.9272897548304906,-2.496419871510307,-4.066428203968126,-3.018545097630217,0
b2AR-decoy_1626,CC(C)CCCN1CC(C)(C)C(Oc2ccc(C#N)c(C(F)(F)F)c2)C1=O,-7.53424806329038,-5.941861594801635,-4.219906018785851,-4.60298180155586,-3.380896656389158,-3.169700033021165,-2.9967574880907213,-3.5946666116516663,-2.6734131224020468,-5.004368657194366,0
b2AR-decoy_1115,Cc1ccc(NC(=O)CSc2nc(C(F)(F)F)cc(c3ccco3)n2)cc1C,-7.53367310039969,-4.430005787985045,-5.096010984792681,-2.6716012052941096,-4.123780865476008,-1.8834756662686043,0.0805692819524486,-3.1635227103787367,-3.749973826299557,-3.630037477868117,0
b2AR-decoy_975,O=C1C(Sc2ccccc2)=C(Sc2ccccc2)C(=O)c2[nH]ccc21,-7.53241022232055,-4.849026661838795,-4.163508432168441,-3.56117760975774,-3.726008240579718,-3.2208263716037946,-1.349015542004821,-2.837291041833997,-4.332138763809966,-2.9173950312337573,0
b2AR-decoy_1689,CC1CN(C(=O)c2ccc3c(c2)OCO3)OC(c2ccccc2)O1,-7.53161803915301,-5.5634767741006055,-5.909810075740621,-3.91662620649407,-4.653829348360318,-2.7779557650662543,-4.111287699026841,-3.382794694171297,-3.4200960007803465,-4.061475848733947,0
b2AR-decoy_140,Cc1ccc(N=Nc2c(C)[nH]n(c3ccccc3)c2=O)cc1Br,-7.53066925651479,-4.443671625303615,-5.425485445782871,-3.91690862937045,-3.990869067933009,-3.5116788195662645,-3.076111968539731,-2.7334103449176768,-3.931278079078997,-3.901262320182297,0
b2AR-decoy_1227,CCC(=CCc1c(O)cc2c(c1O)C(=O)CC(c1ccccc1O)O2)CC,-7.53022723274082,-5.765265616704255,-4.989866218606931,-3.84470199463309,-3.577004281950038,-2.7640459182814148,-2.8874250738354013,-3.011554250810117,-5.410299698122776,-3.993235195077357,0
b2AR-decoy_2202,Cc1nc(c2ccc(C(C)Nc3cnn(c4ccccc4)c(=O)c3Cl)cc2)cs1,-7.52730110696291,-6.173959701450855,-5.127089159648121,-3.3760938054419096,-3.660708059975728,-4.235098239128735,-3.095376373654241,-3.3042225945682464,-4.139271760810447,-4.842434225168857,0
b2AR-decoy_1092,Cc1[nH]c2ccc(c3nnc(SCC(=O)c4ccccc4F)o3)cc2c1C,-7.52716615538264,-5.812788876675575,-4.481129137742172,-4.55692027110674,-2.205832472535328,-2.8142261011778045,-2.515077813658631,-1.455979098649177,-2.3989340616849164,,0
b2AR-decoy_2086,N#Cc1ccc(Oc2ccc3nc(C(=O)NCc4cccs4)ccc3c2)cc1,-7.52639913574432,-5.574277103340195,-4.027288634555871,-2.415838976022369,-3.9276964119745994,-2.5140474420594945,-2.888669232918401,0.078650498086553,-3.3995571036269965,-3.1847426757972666,0
b2AR-decoy_1346,Cc1cc(C)c(C#N)c(SCC(=O)c2ccc(Cl)cc2Cl)n1,-7.52555064349015,-4.626668673602675,-4.066500143122331,-4.03308096791265,-4.035346767896399,-2.9202147516170944,-3.5423853859057512,-1.616995011325277,-1.628777760278297,-3.7816240776850663,0
b2AR-decoy_933,Cc1[nH]n(c2ccccc2)c(=O)c1N=Nc1c(Cl)cccc1Cl,-7.5255019860537,-3.872964687143585,-4.980836001651252,-3.93784176372273,-4.145111789267949,-2.5380723785964747,-3.4854143242912308,-2.8229456778552064,-4.711686564620976,-4.419946697752417,0
b2AR-decoy_2397,CCCCn1cc(/C=C2\Oc3cc(O)cc(O)c3C2=O)c2cccc(O)c21,-7.52506218051137,-4.9911501040491455,-4.480321605855592,-3.8683436829166897,-3.1077736727662586,-3.102707773405685,-2.022670766479301,-1.5901827881363264,-4.6806795766269165,-4.501463370394466,0
b2AR-decoy_2714,N#CC1=C(N)OC2=C(C(=O)CC(c3ccco3)C2)C1c1ccc(OCc2c(F)cccc2Cl)cc1,-7.51852949334971,-2.065208540778325,-4.266775271611791,-1.9685955336952297,-2.6009044163195387,-2.620866481592815,-2.491612910932311,-0.9508556209876264,-4.337125151998887,-3.2860359349221877,0
b2AR-decoy_2982,Cc1cc(OC[P@]2(=O)OCC[C@H](c3cccnc3C)O2)c2c(c1C)Cc1scnc1-2,-7.51759552116307,-5.641745211903805,-5.667977523603302,-4.14125814940305,-3.823508289251609,-2.8235299893571746,-1.8873436468135507,-2.265026159171817,-3.2216552525746867,-3.927603245913787,0
b2AR-decoy_1300,Clc1ccc([C@H]2CC[C@@H](OCCCc3cccnc3)O2)cc1,-7.51398762052736,-5.863758162434305,-5.516919623061381,-4.397390868380549,-4.128895778107019,-3.824811281161005,-3.105877337067751,-3.688465187361377,-4.766387250708837,-4.046796466676968,0
b2AR-decoy_2636,O=C(c1ccncc1)N1N=C(c2ccccc2)CC1c1cn(c2ccccc2)nc1c1ccc(F)cc1,-7.51372838843459,-1.7821666798349454,-3.074918441323661,-1.93896405004386,-3.9234053157523183,-2.971275786499315,-1.993970210285041,-3.4493428948255564,-2.6456135235587768,-1.9448823344393864,0
b2AR-decoy_2340,O=C(NO)c1cc2ccc(NS(=O)(=O)Cc3ccccc3)cc2s1,-7.51256970549202,-5.466280490594615,-6.014077974138001,-4.35469923428318,-4.898909761627939,-3.927373239525445,-3.231552852970641,-3.267878840200087,-4.561303231652127,-4.578371212266188,0
b2AR-decoy_696,Clc1ccc(c2csc(N/N=C/c3ccc(Br)cc3)n2)cc1,-7.51247930793206,-4.925180337644145,-4.072666370463991,-2.48979671534331,-3.5537989197498687,-2.932084068573195,-2.413454830328181,-1.8208128764407965,-3.2311726112724664,-3.0523877915199478,0
b2AR-decoy_1182,N#Cc1ccc(Oc2ccc(Cc3ccncc3)cc2O)c(Cl)c1,-7.51163278719611,-5.353741356096915,-5.136233663277271,-4.11155026293376,-3.752252276890689,-3.5494479236361345,-2.496861217370431,-2.845949999523227,-4.414362765402286,-3.874455434872807,0
b2AR-decoy_535,CN(Cc1cccc(N)c1)C(=O)C12CC3CC(CC(C3)C1)C2,-7.51077899833071,-5.827783475544565,-3.874681220845151,-3.6180127103184,-3.5621136138828087,-3.852736312627255,-1.8446637745482413,-2.438721707989477,-3.6920674458960265,-4.056784531545327,0
b2AR-decoy_139,COc1ccc(/C=N/Nc2nc(c3ccc(Cl)cc3)cs2)cc1,-7.51036058475185,-4.675695157750075,-2.513499528468471,-3.77095836479067,-4.091089785730518,-1.4196048954069251,-2.8773814824655206,-3.112176249283027,-2.0803132308828367,-3.663838016860487,0
b2AR-decoy_1540,CC[C@H](C)CC/C(C)=C/c1c(C)c(O)cc2c1[nH]c1c(O)ccc(CO)c12,-7.51001344523749,-4.0913474580597455,-4.884660478869961,-3.16104063074987,-2.9486973339067086,-2.1125317782834747,-2.171783527040591,-1.7650245011631371,-3.294119281803126,-1.9178051487518668,0
b2AR-decoy_156,CCCCNC=C1C(=O)Nc2ccc(S(=O)(=O)N(CC(C)C)C[C@@H](O)[C@H](Cc3ccccc3)NC(=O)O[C@H]3CO[C@H]4OCC[C@@H]34)cc21,-7.50929220878977,-4.8837403088800455,-4.367006507136821,-2.33026054610978,-4.909476616744328,-2.9036959187938045,0.344649907271279,-3.162932333090567,-3.4541785360416464,-3.0591506092231167,0
b2AR-decoy_1366,C=C(c1ccccc1OCc1ccsc1Cl)n1ccnc1,-7.50610314638412,-5.346852120725705,-5.149567855573391,-3.15876786729692,-3.761975301558119,-3.029641205945425,-1.9029931390993309,-1.8712600987543064,-3.722400487890626,-3.581026746526367,0
b2AR-decoy_543,CC(=O)/C=C(\c1ccccc1)c1c(O)oc2ccc(O)cc2c1=O,-7.50384623405057,-4.558598562858795,,-2.82310512289577,-4.420477832116078,,-3.220232750274481,-2.4449061398183467,-2.701476857960726,-1.018693603350417,0
b2AR-decoy_2721,C=C1CC[C@H]2[C@@](C)(CC[C@@H](O)[C@@]2(C)CO)[C@@H]1C/C=C1/C(=O)OC[C@H]1Oc1cccc2ccc(C)nc12,-7.50223738051743,-4.068788889061025,-3.2376145220008308,-2.96497784890402,-3.564083488236438,-1.5374924109853945,-1.6876894792891006,1.744058354704913,-1.896902978270746,-2.859661415048007,0
b2AR-decoy_1380,CCC1CCC(c2nnc(c3ccc(Br)cc3)o2)CC1,-7.50184827124653,-4.662279547505785,-3.971912803594632,-2.32255811909998,-3.5179659022301086,-1.9193001398184748,-1.674538319716551,-2.313269145770197,-3.5962544380922763,-3.0492995334206365,0
b2AR-decoy_552,COc1cc2c(cc1NC=O)CC[C@@H]1[C@@H]2CC[C@]2(C)[C@@H](O)CC[C@@H]12,-7.49993818688798,-5.165441959376075,-4.172791165159291,-3.74616083572287,-3.831628383037269,-2.216200878400845,-3.9546354224790417,-2.200895863899887,-3.462944196325676,-3.411724404080166,0
b2AR-decoy_1317,COc1cc(OC)cc(/C(C#N)=C/c2ccccc2F)c1,-7.49695250166328,-4.5324978278757655,-4.406580788155691,-3.637221061002109,-1.4646213081892483,-2.4728965014004745,-2.6276468679943914,-2.1803922798884967,-2.937879020415856,-2.8872083075688573,0
b2AR-decoy_1955,Cc1ccccc1C(=O)Nc1c(C(O)(C(F)(F)F)C(F)(F)F)ccc2ccccc12,-7.49657035724096,-6.001474195924256,-5.624359126882172,-5.10561791063149,-5.577393983990069,-3.118495659714455,-4.105478994131971,-3.5195572830390063,-4.8562913492199264,-5.010696940641347,0
b2AR-decoy_2276,N#C/C(C(=O)c1c[nH]c2ccccc12)=C1/SC(c2ccccc2)=NN1c1ccccc1,-7.49508481291999,-3.785957753688956,-4.888154212684912,-3.1207011686740698,-4.6088373515161285,-2.996630307675705,-2.3247458897267608,-2.108092035194627,-4.716151769205406,-3.913227159835627,0
b2AR-decoy_1175,CC(C)C1=C2CCC(COC(=O)c3ccc(O)cc3)=CC[C@@]2(C)CC1,-7.49379656041639,-5.337298629211275,-4.282631448574481,-4.026906413374729,-4.882440017503319,-3.518563936179425,-2.8023751537199013,-3.1086819231738367,-4.192386864315027,-4.132607472672026,0
b2AR-decoy_1850,CCCn1c(=O)c2[nH]c(c3ccc(OC(C)C(=O)NCc4ccc(Cl)cc4)cc3)cc2n(CCC)c1=O,-7.49300419627723,-5.258460697248225,-4.346920192065221,-2.31499341844905,-2.7423421768737484,-2.2053271159990144,-0.8383076279388408,-0.6650772231042872,-1.6085738586369764,-3.985181990708227,0
b2AR-decoy_1707,C[C@@](F)(c1ccc(C(F)(F)F)nc1)S(C)(=O)=NC#N,-7.49231455585933,-5.862203944276136,-5.029394559246772,-3.94823373730294,-3.609204862511138,-3.430605577984025,-3.1267588659160808,-2.755213235191857,-4.063397969724287,-4.937817039899597,0
b2AR-decoy_292,CC(=O)N1CCC(C(N)=O)(C(=O)N2CC[C@](c3ccc(C(OCc4c(F)cccc4F)(C(F)(F)F)C(F)(F)F)cc3)(S(=O)(=O)c3ccc(F)cc3)C2)CC1,-7.49113505470851,-7.393910089059375,,-6.18521351904235,-4.726220321160879,-5.354598538312894,,0.1904373945617932,-6.634294137664277,-5.293680919869807,0
b2AR-decoy_2117,CCc1cc(O)c(F)cc1c1cc(NS(=O)(=O)C(C)C)c2cn[nH]c2c1,-7.48838169304436,-4.868651724511685,-4.557957787050691,-3.46834604508604,-2.887764370053419,-3.482471289694005,-2.1228650254067807,-1.765665956283117,-4.329626399679737,-3.0833459351966077,0
b2AR-decoy_2844,C[C@]12C=CC(=O)C=C1CCC1C2CC[C@@]2(C)C1CC[C@]2(Cl)[S+]([O-])Cc1ccccc1,-7.48708356771961,-5.876352188038175,-4.462413785179741,-3.6843832938107495,-2.6384898886798185,-1.2909976198252648,-1.6107010462898712,-1.8116703184918768,-3.590113991890366,-4.017084508029887,0
b2AR-decoy_1674,Cc1cc(=O)n2nc(Oc3ccc(C#N)cc3Cl)sc2n1,-7.48312112528389,-5.281974695578795,-4.164430680827891,-3.44322321269848,-3.277418608966168,-1.3752419623758447,-1.2832076334446807,-1.4633781912277266,-3.5099833018544064,-2.600191628529706,0
b2AR-decoy_2054,Cc1cccc(C)c1NC(=O)CN(C)C(=O)c1ccc(COc2ccccc2)cc1,-7.48247237709865,-4.903826684939875,-4.7115054689914215,-2.03063919152925,-3.895628146184389,-1.7466130772540946,-2.226518616836171,-2.725050224788977,-1.5421007436835668,-2.489133494988327,0
b2AR-decoy_2336,O=C(NNC(=S)NCc1ccc(Cl)cc1)c1ccc(Br)o1,-7.48177765677115,-5.103116415744135,-2.171539999849452,-3.693596202001229,-3.4914594931377287,-1.6878983349079748,-2.6000269894460706,-1.2264597228327565,-3.022065577166966,-4.002726648901216,0
b2AR-decoy_1966,O=C1OC(COc2cccc3[nH]c4ccccc4c23)CN1CCOc1ccccc1O,-7.47887972857207,-5.373403524616535,-3.231405249790101,-3.3557254026687198,-3.7849208330840174,-2.143867912070715,-3.118337734963311,-3.3961434203997767,-3.8997580861402463,-3.744880995963217,0
b2AR-decoy_2021,C=CC(C)(C)c1c(O)cc(OC)c2cc(c3ccc(O)cc3O)c(=O)oc12,-7.47819252461179,-4.109825647293545,-3.004368969223012,-3.81826963004594,-3.0835557314594784,-1.331057096207565,-1.7258116541021309,-3.0247635322159265,-3.118994046584456,-4.834685588188156,0
b2AR-decoy_379,CC(=O)c1ccc2c(c1)[C@H](NC(=O)c1ccc(F)c(Cl)c1)[C@H](O)C(C)(C)O2,-7.4767493650462,-5.062533423459105,-5.466778046317631,-4.76208407182322,-3.7014842370289776,-3.388497827934825,-2.6670777600612707,-2.550170895207277,-4.529983300247866,-4.2194186418585975,0
ASD03130114,Clc1cc(Cl)cc(Nc2nc(NCCC3CCCCC3)c3ccccc3n2)c1,-7.47607009100412,-3.5071838941330755,-3.560713540146601,-1.85162361940605,-1.8335451529417588,-1.6144178378987748,-2.1365664359645717,-0.443851815617637,-3.527283923214366,-3.592693848302637,1
b2AR-decoy_2082,CCCN(CC(=O)Nc1cc(Cl)ccc1Cl)C(=O)/C=C/c1ccco1,-7.47383397946369,-4.653721046580255,-5.448078560390681,-3.08860668179695,-4.853435391069889,-2.3777266467939047,-2.1109654880454114,-2.441586492922747,-3.1582182244647763,-3.681479161115257,0
b2AR-decoy_1295,COc1ccc(/C=C2/C=C(Cc3ccccc3)C(=O)O2)cc1,-7.47323466777989,-4.822991527746416,-3.843271294459771,-2.75321779401558,-3.5611647968872084,-2.1157953763284247,-1.9823954557592511,-1.7033896340060064,-4.324190738011477,-3.361665416161847,0
b2AR-decoy_1977,CCC(Sc1ncc(S(=O)(=O)c2ccc(C)cc2)c(=O)[nH]1)C(=O)Nc1cc(C)ccc1C,-7.47238754521718,-5.506153901707445,-4.626945779515861,-3.1141076055179298,-3.8032522341623087,-1.9837448084614149,-3.2960075949540606,-2.8337069266181967,-2.7922818943635663,-3.4396794580165566,0
b2AR-decoy_2541,O=C(NCc1ccnc(Cl)c1)c1cnc(Oc2ccc3c(c2)CCC(c2ccsc2)O3)s1,-7.47078447070456,-5.486034599660095,-5.057838441190601,-3.70719590161832,-4.082159554847139,-1.122846094900825,-3.506013496633501,-2.564086344753897,-3.6327593770903768,-4.490456705707047,0
b2AR-decoy_1392,C=CC1=C(C)[C@@H]2CC(=O)[C@H]3[C@](C)(COC(C)=O)CCC[C@]3(C)[C@H]2CC1,-7.46843122849294,-5.678816616829465,-6.250626618079922,-4.290159205592119,-4.2032000912747485,-3.046289047758175,-3.217798466129941,-2.666581772823097,-4.270268156689147,-4.506254279400096,0
b2AR-decoy_2869,Clc1ccc(COC2c3cc(Cl)ccc3SC2Cn2ccnc2)c(Cl)c1,-7.46540092384573,-5.612338253066485,-4.807183602568411,-2.47523323979845,-3.9303795879421086,-3.931910537486345,-2.3560924947878608,-2.7558738792144064,-4.064177823408016,-3.223348264871977,0
b2AR-decoy_504,Cc1ccc(C)c(CSc2nc(O)c3c[nH]nc3n2)c1,-7.46439150611308,-4.419817523987075,-5.035113121590771,-3.437984994404609,-3.413657633059098,-2.5344000736357444,-3.356069171630791,-1.5002180847062867,-4.055895895671976,-3.231021328493537,0
b2AR-decoy_1601,O=C1NC[C@H](C(=O)Nc2cc(c3cccc(COCCC(F)(F)F)c3)n(c3ccccc3)n2)O1,-7.4641275911186,-5.008439700703836,-3.7887640397050815,-4.38930206074602,-4.175559233150048,-2.4290879164578847,-3.073081914483991,-3.7255843567417273,-3.766872516987746,-2.435143450690037,0
b2AR-decoy_97,CCOC(=O)c1oc2cc(c3cccc(C(F)(F)F)c3)cc(O)c2c1C,-7.46167348335089,-4.384259707804345,-5.119985904568691,-2.76099626172644,-3.9488959151871583,-3.2959643472334843,-2.279401685695541,-1.3871721135773667,-4.217742479544186,-3.3904832587433567,0
b2AR-decoy_1396,O=C1NC(=O)C(=Cc2cccs2)C(=O)N1,-7.46012347585193,-5.419458916336056,-4.895091904357641,-4.26057858508074,-4.239251413542289,-3.085124146771655,-2.9108465674616006,-2.4080969434988164,-4.4986236016261065,-4.447675601529257,0
b2AR-decoy_2204,C[C@]12CC[C@H]3[C@@H](C[C@@H]4O[C@@]45C[C@@H](O)CC[C@]35C)[C@@H]1CC[C@@H]2C(=O)/C=C/c1ccccc1,-7.45914154052471,-6.507732780514894,-5.123982810779961,-3.95361880290376,-2.348725936713258,-3.4777181158598447,-2.603270990700441,-2.267128405090597,-3.6426845008987065,-4.363391236352086,0
b2AR-decoy_1219,CCc1[nH]c2nc(Sc3cccnc3)nc(Cl)c2c1C(F)F,-7.45864902843818,-5.034160462048606,-5.238343900639351,-3.9313858451449297,-4.449138117480569,-3.734579616673675,-2.4773047655127014,-3.299148961954807,-4.719166593593457,-4.397710853614077,0
b2AR-decoy_499,Cc1nn(c2ccccc2)c(N)c1N=Nc1ccccc1,-7.45643822293,-3.548124989583135,-5.234499843270541,-3.02156033227758,-3.906555417168108,-2.537177870248395,-2.4405371512692007,-2.2240298863923966,-3.9901188066391766,-3.622833590027257,0
b2AR-decoy_2592,Cc1ccc(CSc2nc3ccncc3n2Cc2nc(c3ccccc3C)oc2C)cc1,-7.45500249758038,-5.164532262674905,-4.962100359119272,-3.78788100410213,-3.643379741164768,-3.734814046747725,-1.8474158999977208,-3.045833044131057,-3.719689502922436,-4.050100872956337,0
b2AR-decoy_476,Nc1ccc(c2nc3cc(O)cc(O)c3s2)cc1,-7.45266381545326,-5.460048114900205,-4.639990609743221,-3.875513787555549,-4.242548086851368,-2.544225170567575,-2.978816931288371,-3.5721739895484177,-4.768738442867367,-4.550680763016848,0
b2AR-decoy_1169,CCO/C(O)=C1\C(CSc2ccccc2)=NC(C)=C(C#N)C1c1ccccn1,-7.45204771231333,-3.997406567166736,-4.939267591545152,-3.80216628088416,-3.790506754658328,-3.1618324033228644,-2.948211782295921,-0.4703695461100565,-3.5030665136174264,-3.2726140109519077,0
b2AR-decoy_1857,CNc1c(F)c(Oc2cccc(c3cccc(C[NH3+])c3)c2)nc(Oc2cc(N(C)C)ccc2C(=O)[O-])c1F,-7.45168798589268,-4.380309025355635,-5.875201050848801,-4.92847514619934,-5.575786147500239,-4.670797694816784,-2.811921869222881,-3.5172386278994363,-4.829797987576996,-4.605731703992596,0
b2AR-decoy_116,CC1=C(CCC2=NN=NN2)c2cc(F)ccc2/C1=C\c1ccc(C(C)C)cc1,-7.45116943833704,-4.018612518377685,-2.779010275426071,,,-2.0152504850318547,-1.9200500865340715,,-1.3128408184242062,-2.1719181231271274,0
b2AR-decoy_474,CCCC(=O)c1cc2c(c(O)c1C)C(=O)C(=O)c1c(O)cccc1-2,-7.44991092522303,-4.433572725828455,-5.351341676321502,-1.9750991929053496,-4.028262752047969,-3.0572979904412945,-1.7958278817335112,-2.6631705187289967,-3.4882254551420964,-3.383262422215607,0
b2AR-decoy_1019,COc1cc(OC)c(/C=C/C(=O)c2ccc(F)cc2)c(OC)c1,-7.44971048204037,-3.8105761166142056,-4.028625150401951,-2.7980735708636697,-1.030882958880908,-0.7356092946700947,-2.6741011819959013,-1.5177737469957666,,-3.4317218177626567,0
b2AR-decoy_1541,CC(C)COC(=O)/C(C#N)=C/c1cn(Cc2ccccc2)c2ccccc12,-7.44924974440105,-4.747904530128356,-5.079870399852831,-3.7169679643108,-3.588626266127169,-2.1153672482393047,-2.4909922270356706,-2.558483169230457,-3.885807745084057,-4.517681834330187,0
b2AR-decoy_839,Cc1c(O)nc(SCc2ccccc2)nc1Cc1c(Cl)cccc1Cl,-7.44842600828209,-4.545878114683365,-5.3343540787310415,-4.14572910889607,-3.340274058147898,-3.226022146323545,-2.788473970845791,-3.4658971470740862,-4.777900765112446,-3.837141573475837,0
b2AR-decoy_2906,N#Cc1cc(Cl)cc(Oc2cc(OCc3n[nH]c(c4ccncc4)c3Cl)ccc2Cl)c1,-7.44828029425544,-4.2917290433639055,-4.842535933222001,-2.4840086316326198,-4.015632825542088,-0.4299224112647843,-2.921243556003211,0.6136887972273533,-4.679765335731647,-3.960831632369447,0
b2AR-decoy_2898,N#Cc1cc(Cl)cc(Oc2cc(OCc3cc(c4ccccc4)[nH]n3)ccc2Cl)c1,-7.44795933353666,-4.6758976863769055,-5.574545113812711,-3.94275833852831,-4.3166648398361485,-1.7690420933938444,-1.7395268674517714,-2.6931865880170465,-3.161875611789326,-3.2661793353844373,0
b2AR-decoy_2790,CCCCCCCC(=O)CO[C@]1(C)CCC[C@]2(C)[C@@H]1CC[C@@]13CC(=O)[C@@](C)(CC[C@@H]21)C3,-7.4468930853686,-4.934612376329455,-4.371053905594391,-4.76139861346289,-3.2142717500163185,-2.1841801864880743,-2.5510400979266814,-2.406350962193347,-3.5862429402129266,-4.249830345141277,0
b2AR-decoy_2631,COc1cccc(OC)c1n1cc(c2ccccc2Sc2ccc(C(F)(F)F)cc2)nn1,-7.44601069642565,-4.963545098518956,-4.321359503512271,-3.59913358149236,-0.9735835113268684,-0.9826077979965452,-1.869835468073961,-2.9076529697368567,-3.0660161949613665,0.4729918385659428,0
b2AR-decoy_3101,CCCCC(=O)c1c(O)cc(O)c2c1OC1=C(C(=O)C(C)(C)C(=O)C1(C)C)C2CC(C)C,-7.44504027476497,-4.060489568462395,-1.9342397312219315,-1.8336970576392293,-2.5696558418730486,-2.2634690242804343,-3.0052871173477707,-1.185091116499117,-1.981827951408606,-1.722456398102037,0
b2AR-decoy_2529,Cc1cc(C(=O)Nc2ccc(c3cccnc3)cc2)n(Cc2csc(N3CCCCC3)n2)c1,-7.44446544374653,-6.324452805444395,-4.940880126097231,-3.84622086254214,-3.629215789070078,-3.0688005303048147,-2.211883810953231,-2.7184185461624573,-3.8652536337466064,-3.810397308638197,0
b2AR-decoy_1306,COc1cc(/C=C/C(C)=C/C(C)=C/c2ccccc2)oc(=O)c1,-7.44359112880014,-5.558014868249625,,,,0.5149495621474953,-2.611163477935291,-2.268660663058667,,-4.5757568573614265,0
b2AR-decoy_2508,C=CCn1c(=Nc2ccc(Cl)cc2)sc(C)c1c1ccccc1,-7.44219874155855,-2.2159439816800357,-4.434630651205802,-2.42956298817957,-1.9459634676451385,-0.4984125330783548,-1.8670325598656508,-2.605836979784847,-3.444970413891026,-2.4313251682109267,0
b2AR-decoy_2042,O=C(COc1cc(O)c2c(=O)cc(c3ccccc3)oc2c1)c1ccc(F)cc1,-7.44159391100976,-5.398845630820485,-4.965214292702771,-4.292357531316839,-2.2855690254938983,-1.5920825389970448,-2.457946650961861,-1.7781299497947165,-4.737492523147586,-5.030785083655546,0
b2AR-decoy_2948,C[C@H]1OC(=O)[C@@H]2C[C@@H]3CCCC[C@H]3[C@H](/C=C/c3ccc(c4ccsc4)cn3)[C@H]12,-7.44069745265158,-4.648365343330705,-4.695507493860801,-3.4940358379060497,-3.0989749764337784,-3.0093567219280644,-2.291703530747191,-1.8002076915623464,-3.094375507293126,-3.904681954902857,0
b2AR-decoy_113,O=C(NCc1cccs1)c1cccc2c1occ2c1ccc(F)c(F)c1,-7.44014125922784,-4.581619407505105,-4.289092447136532,-3.1989080378982,-4.614210650023659,-1.964084493894715,-3.723436388998421,-2.821655742000087,-4.424286823039027,-4.279849482462637,0
b2AR-decoy_790,CCC(c1ccc(O)c(O)c1)C(CC)c1ccc(O)c(F)c1,-7.4400071205282,-4.718144604168785,-4.126010298364301,-4.0750193237616,-3.587293612203048,-2.770456514320565,-2.868727116555621,-2.8816203995382166,-3.9121959970012874,-3.5572150210072477,0
b2AR-decoy_526,Nc1ccc(C2COc3cccc4c3N2CCC4)cc1,-7.43877782580835,-5.929966159473175,-4.955375911308481,,-3.886829938371209,-3.4192168808351147,-3.0974284809945907,-2.7435751351946065,-3.9316753818112655,-2.269006061985787,0
b2AR-decoy_2365,COc1cc(c2cc(=O)c3c(O)cc(O)c(CC=C(C)C)c3o2)ccc1O,-7.43844958001067,-3.963952495281145,-3.807520679117081,-2.3775320591562794,-3.955047213209059,-2.5022616894907346,-2.872124608233931,-0.9867069619016764,-3.506260151499067,-2.502431816160007,0
b2AR-decoy_1748,Cc1ccc(c2nnc(CCC(=O)NCC3C4CC5CC(C4)CC3C5)o2)s1,-7.43753724654435,-5.013249247704025,-4.020762437718621,-3.67690858735439,-0.4112267412835586,1.3863240418768852,-1.9411654412288504,-0.8876379706055468,-1.4696404968486263,-3.9848457362552767,0
b2AR-decoy_1254,Clc1ccc(COc2cccc3c2cnc2ncnn23)c(Cl)c1,-7.43617397896886,-4.8592704717552655,-3.521481140817881,-3.2756441128727296,-2.974662654110958,-3.3511591723702248,-1.3898363560785008,-2.6898476450673368,-4.001596594967147,-3.435062228306307,0
b2AR-decoy_3122,COC(=O)c1sc(NC(=O)CSc2nc(C3CC3)nc3sc4c(c23)CCCC4)nc1C,-7.43510956314719,-2.9967147477595155,-4.373839067339471,-2.34441961144147,-3.0420795483244687,-2.6488907265809747,-2.4950875205139718,-1.462197643148757,-2.774280630136106,-4.163997303719837,0
b2AR-decoy_2109,Cc1cc(C)cc(S(=O)(=O)c2c(C(N)=O)[nH]c3ccc(Cl)c(F)c23)c1,-7.43280082660231,-4.881428015187145,-4.844214286546771,-3.5310011591630595,-4.158666695188328,-3.3110825036763245,-0.5594817711385014,-2.500890424683157,-3.5681107145142867,-3.884708321106897,0
b2AR-decoy_1571,CC(C)c1ccc(C(C(=O)NC(C)(C)C)N(C(=O)CNC(=O)c2ccco2)c2cccnc2)cc1,-7.43152868605473,,-2.570042733416261,-1.53734926036124,-1.6774317373654988,-1.705138212705335,-0.814748213735351,-1.1495226641423066,-2.7521687800111465,,0
b2AR-decoy_1996,NC1=C2C(=O)N(CCc3c[nH]c4ccccc34)C(=O)CC2c2ccccc2O1,-7.43113953413574,-4.341839266292565,-2.985449068551291,-4.2520383887381,-4.549193857417898,-2.8984087144778448,-1.505013994709001,-0.6483294639153465,-4.267942521210596,-3.840532728709197,0
b2AR-decoy_973,CC(C)c1ccc(S(=O)(=O)Nc2ccc(SC(F)F)cc2)cc1,-7.42659744589156,-5.384852716656745,-3.987181797999521,-0.4340554056302097,-4.0648812471974285,0.0898957753259455,-2.7114019598326307,-2.4047561233282666,-2.9258816112700465,-3.824480879014197,0
b2AR-decoy_2282,CC(C)CCC[C@@H](C)[C@H]1CC[C@H]2[C@@H]3C/C(=N/O)[C@@H]4[C@@H](O)[C@@H](O)CC[C@]4(C)[C@H]3CC[C@@]21C,-7.42498305024993,-4.723076285679215,-0.9683703514470912,-2.36077236005314,-2.014396342518048,-2.352545571918065,,,-2.7211245441428265,-2.8135921535174773,0
b2AR-decoy_2353,O=C(c1cc(Sc2ccc(O)cc2)c(O)cc1O)N1Cc2ccccc2C1,-7.42351284195816,-5.299079123187705,-6.640288027071181,-5.292271789857409,-5.082651436504039,-4.525809823229634,-3.839003147137952,-3.306727087274606,-4.660350107017936,-4.393730670268187,0
b2AR-decoy_229,CC(=O)c1cccc(CN2C(=O)N(Cc3cccc(C(C)=O)c3)[C@H](Cc3ccc4c(c3)OCO4)[C@H](O)[C@@H](O)[C@H]2Cc2ccc3c(c2)OCO3)c1,-7.42263561764945,-5.205475182588695,-5.737882853170961,-4.53017475574893,-4.054686941670618,-1.8248186920791047,-1.5298714356572312,-1.767656897465237,-3.191785263088466,-3.6341975551832273,0
b2AR-decoy_2648,Cc1cc(C(=O)CSc2nnc(c3ccc(OC(F)F)cc3)o2)c(C)n1Cc1cccs1,-7.42152081181622,-6.302791282925854,-3.7149403534733816,-2.88999102125808,-3.3233811651913783,-1.5224577072915944,-2.0446126966846307,-0.8115305587384167,-2.6360578443005966,-4.661095849289247,0
b2AR-decoy_1049,CC(=O)c1ccc(OCC(=O)OCc2cc(c3ccco3)on2)cc1,-7.42100648595906,-5.838773922290075,-4.602555698310161,-3.78718337153469,-2.617948765868219,-1.614784826950375,-2.2730856224350307,-1.945311941366227,-2.9061960607934365,-4.431889734360176,0
b2AR-decoy_1275,Brc1cccc(Sc2ccc3nnc(c4cncs4)n3n2)c1,-7.42049063202357,-3.742103763267076,-4.296916144838071,-3.48029837138047,-2.657584659935428,-2.0920555230217044,-2.174645766452141,-2.1364593340188867,-3.1386652898461262,-2.083415678045877,0
b2AR-decoy_1433,O=C1NC(=O)/C(=C/c2c[nH]cn2)S1,-7.41874897622686,-5.438473522696775,-4.897320670543651,-4.19527102138797,-3.3277690134354385,-3.3244253276926843,-3.1335334484412307,-2.5245172128417668,-4.149313808857796,-4.679751875525588,0
b2AR-decoy_1034,COc1ccc(C(C)=O)cc1CSc1nnc(c2ccncc2)o1,-7.41679954640325,-4.7310825526673455,-3.4007172420420213,-2.5827182239173,-2.0599401201238887,-0.9159094785706748,-1.6605170938357112,-1.1251759512529365,-3.141153816131846,-2.459369839707087,0
b2AR-decoy_1701,O=C1/C(=C/c2ccc(O)cc2O)SC(=S)N1c1ccccc1,-7.4158595641472,-4.657760547011756,-5.634328725391801,-3.7215758242873394,-3.013711207674419,-3.498153611930805,-3.284186083889031,-2.776068886801397,-5.010859354156766,-4.661692578700677,0
b2AR-decoy_2994,O=C(NCC1CCCO1)c1cccc(S(=O)(=O)Nc2ccc(SC(F)F)cc2)c1,-7.41437453343094,-6.067051249487035,-3.379203877066481,-2.1544383183343294,-3.990357257538599,-3.2508495680170446,-2.7096710862944717,-2.133759369074937,-3.4950661973478763,-4.423126319310008,0
b2AR-decoy_772,CCCCCC1NC(=O)/C(=C/c2ccc(C(C)(C)C)cc2)O1,-7.41302102657024,-5.6892724962404255,-4.567935047867492,-4.20996350138962,-3.4361097398370086,-2.992436385036694,-1.9225441642180607,-2.5877631472197864,-3.588730416387036,-4.435943447111438,0
b2AR-decoy_1523,O=C(CC(C(=O)c1cccs1)c1ccc2c(c1)OCO2)c1ccccc1,-7.41288424374363,-4.512566082247726,-5.342597589039241,-3.6349049406960994,-4.752628056129828,-2.4199412095895347,-2.930361630160231,-3.8863091013660274,-4.0714943401722365,-3.696594049572997,0
b2AR-decoy_202,C=CC[C@@H](Cc1ccc(F)cc1)C(=O)OC[C@H](Cc1c[nH]c2ccccc12)NC(=O)[C@H](CC=C)CC(=O)N(CCO)Cc1ccccc1,-7.4120465407504,-7.068604470165445,-7.109524982497712,,-5.175316115127838,-4.912197003205394,-2.855218711068181,-2.967420579753437,-4.756334876340967,-6.490150307850277,0
b2AR-decoy_1709,COc1ccc(C=C2CCC3C(CCCC34OCCO4)C2=O)cc1,-7.41059183129091,-4.426936890855585,-4.388621497091691,-3.40880090900496,-3.7606031298010585,-3.4441736007393446,-3.3651557253723112,-2.1902086349490464,-3.787371197138617,-2.6878965660415868,0
b2AR-decoy_2373,COc1cc(O)c2c(c1Cc1ccccc1O)O[C@@H](c1ccc(O)cc1)CC2=O,-7.40939119538097,-4.836121917930015,-4.518758373566821,-3.0515273755447696,-4.162665377537758,-3.5580418656718447,-2.853938228147631,-3.122297413734497,-3.677106860980977,-3.3262971615093773,0
b2AR-decoy_2539,CC(C)Cn1nc(C(C)(C)C)s/c1=N\C(=O)c1cc(C(F)(F)F)ccc1ONC(C)(C)C,-7.40898193843224,-4.488686921118285,-4.316298646099571,-2.53148640394455,-3.1901077127091986,-3.3432962658527945,-2.1479124765563906,-1.474069820374397,-2.6753882984219164,-3.622366250774797,0
b2AR-decoy_2377,CC(C)(C)C1CCC(C(=O)NCCc2ccc(S(N)(=O)=O)cc2)CC1,-7.40895483904246,-4.044156745599955,-4.521871010040771,-3.6592200279458593,-3.1412871248969187,-1.319963714555465,-1.6303385714379512,-1.1385622840967864,-3.491589064953496,-3.712219916626368,0
b2AR-decoy_1071,CC(Sc1nnc(c2ccncc2)s1)C(=O)Nc1ccc(Cl)cc1Cl,-7.40763521816736,-5.750064013230185,-5.010698286912361,-3.77099449722951,-4.308667279574858,-3.4950709737991046,-3.693743867996482,-2.712595866589507,-3.4537796343570166,-4.854548683294468,0
b2AR-decoy_2171,COc1cccc(C2CC3=Nc4ccc(Cl)cc4SC3=C(O)C2)c1OC,-7.40743279146912,-5.280453868340145,-4.596678904930511,-3.2698571766022093,-4.5525869177608085,-3.757794001701205,-3.19863800241511,-2.5676556231900767,-4.950312514918797,-2.434327245324767,0
b2AR-decoy_650,COc1ccc(c2cc(C3(C)CCc4c(C)c(O)c(C)c(C)c4O3)on2)cc1,-7.40722248551351,-2.174257249126465,-4.718405986346731,-3.3451055769763096,-2.358350748689208,-3.538105888042315,-1.183231356219781,-3.3050946426671466,-3.544432910875006,-3.5818591484038067,0
b2AR-decoy_2039,CC(C)c1ccc(NC(=O)CSc2ncc3c(n2)CC(C)(C)CC3=O)cc1,-7.40533399204742,-2.522520348922595,-5.583619967200732,-0.8860138452149897,-2.0498175508712286,-0.5890711987931647,0.4049030883508786,-0.0614919508684463,-2.755350163064386,-4.716942041605277,0
b2AR-decoy_1511,COc1cc(C(=O)c2ccc3c(ccn3C(C)C)c2)cc(OC)c1OC,-7.40435346542133,-4.148225530790246,-4.439671025257631,-3.2118879147531096,-2.015259617809888,-1.5431055085459748,-1.0756262041710212,-1.6286418899691366,-3.4793036280375267,-4.195459688963666,0
b2AR-decoy_240,CCC[C@@H]1CCC[NH+]1Cc1sc(NC(=O)c2cnc(N3CCC(C(=O)[O-])CC3)cn2)nc1c1ccc(OC)c(C(F)(F)F)c1,-7.40382767190784,-4.396704175144005,-5.031066237751482,-4.8595710061897,-5.082492483062628,-3.444956286680495,-2.5182421932075414,-2.9894868687838265,-4.838963254908037,-3.819012108695357,0
b2AR-decoy_2015,Cc1ccc(Cl)c2c1NC(=O)/C2=N\NC(=O)C(C)c1ccc(O)cc1,-7.40351113762416,-4.936225136750835,-4.432720134359442,-4.355795505516079,-4.110098413339968,-3.1590284243079347,-1.998827625419401,-1.6941265775492464,-4.094248824855867,-3.1418231258031866,0
b2AR-decoy_1839,CC(C(=O)NC[C@@H](C)O)c1ccc(O[C@@H]2CCN(c3ccc(OCC4CC4(F)F)cn3)C2)cc1,-7.40173707775151,-5.087913745623515,-4.385474099693181,-3.95472761796327,-3.8384092267459184,-2.9617800073804847,-1.740149470527661,-2.601961892281037,-4.829762703610417,-3.8727140836643072,0
b2AR-decoy_145,C/C(=N\Nc1csc(c2ccc3c(c2)CCC3)n1)c1ccc(Cl)cc1,-7.39931598213931,-5.265262294696435,-4.322690600035931,-3.3016170170658894,-3.003232901916149,-1.3324586461127446,-2.634463388404651,-2.9285776711941764,-2.7844304276593066,-4.429739034110996,0
b2AR-decoy_607,CCCc1cc(F)c2oc(Cc3ccc(OC)cc3)c(C)c2c1O,-7.39839758773318,-3.2730786172615653,-3.988854317982871,-3.068200426516269,-3.4750186622602888,-1.9416248814086847,-2.6167366059452206,-1.9363243637409069,-3.2533404166867967,-3.8632840365150174,0
b2AR-decoy_2313,NS(=O)(=O)c1ccc(c2ccc(/C=C3\C(=O)Nc4ccccc43)o2)cc1,-7.3963167781497,-4.944938481480166,-5.766795464042141,-4.55393192678198,-4.567967271952599,-3.130227814411275,-3.9431266744594513,-2.7088418482446865,-0.6085582859149463,-3.791493834278627,0
b2AR-decoy_2311,C/C(=N\NC(=S)NCc1ccccc1)c1c(O)ccc2ccc(=O)oc12,-7.39461073631461,-6.119894905258235,-6.13801141905615,-5.80051118978097,-4.464884431847269,-3.5786134807499144,-3.291243776838052,-3.5283273065212377,-4.3703710921925865,-5.105564025230667,0
b2AR-decoy_2053,Cc1nc(c2ccc(C(C)C)c(S(=O)(=O)Nc3cccc(C#N)c3)c2)cs1,-7.39220931551625,-4.638504860323275,-4.9955975954254015,-2.16568114066532,-3.8076593301314174,-2.6694130906070246,0.8626616328973191,-1.7987571246182767,-2.914593542655096,-4.258182079461767,0
b2AR-decoy_349,CC(C)(C)c1cnc(CSc2cnc(NC(=O)c3ccccc3)s2)o1,-7.39161930438697,-6.443260495488495,-3.9989850015063313,-3.33122121945118,-0.8648818931990787,-0.9572745807612152,-1.9001219115056207,-0.5879728319365469,-2.1871255290222464,-4.054526433281996,0
b2AR-decoy_6,CCCSc1sc(c2cc[nH]n2)c2c1C(=O)CC(C)(C)C2,-7.3913856799493,-4.702955391274495,-4.929247419818501,-2.8053642054923493,-3.149748806378988,-2.544546670649355,-2.375759702202391,-1.8579766776862463,-2.822894875720146,-3.975560994068557,0
b2AR-decoy_1314,Cc1cccc(CSc2ccc(c3ccco3)nn2)c1,-7.38825227534787,-3.886588692308665,-4.640736846407451,-3.7837884570475495,-3.4984712439382486,-2.3344475251761043,-2.590605362615401,-1.412872880198587,-3.100738916732106,-3.4062752957988374,0
b2AR-decoy_1825,CC(C)=CCC/C(C)=C/CO/N=C1/C[C@@H](O)[C@@H](O)[C@@H]2[C@@H]3C(=O)N(Cc4ccccc4)C(=O)[C@H]3CC[C@@H]12,-7.38669799168492,-3.977161171432525,-4.485528412635811,-4.50980175395419,-2.851173484083378,-2.3764042317244343,-2.511055348433681,-1.625637484300527,-4.4182575594829165,-3.722607104397447,0
b2AR-decoy_2612,CO/N=C(/c1ccc(F)cc1)c1ccccc1COc1ccc(C(F)(F)F)cc1,-7.38453416142002,-4.665685530820255,-6.116486115110551,-3.44305848040806,-3.6818248297210583,-3.3495488835819947,-3.527873401636241,-3.1138242780715366,-4.708960246592857,-4.0948299181539465,0
b2AR-decoy_3171,CN(C)c1ccc(/C=C(/SCc2ccccc2Cl)C(=O)c2ccc(Cl)cc2)cc1,-7.38420593432046,-3.5178521094450854,,-1.8895120341443696,-4.864432586862478,,,-2.028788106107987,-3.5929060829801864,-3.3683423184094967,0
b2AR-decoy_388,O=C1C(Nc2ccc(O)cc2)=C(Cl)C(=O)c2sc(CO)cc21,-7.38242575214082,-5.031238964360165,-4.400952615440741,-3.6855598340616096,-4.114125960359028,-3.654242730571944,-3.5626703356743104,-2.337824866046807,-4.187575438467617,-3.8563697108669968,0
b2AR-decoy_84,C[C@]12CC[C@H]3[C@@H](CCC4C[C@H](NC(=O)C5CC5)CC[C@@]43C)[C@@H]1CC=C2c1cccnc1,-7.38216986099046,-5.876168599121256,-4.4982227696391215,-1.8952441860078293,-2.5742871782208283,-3.2008159622043744,-1.243190399335921,-1.4348286909069072,-4.542652268527516,-3.419894273925317,0
b2AR-decoy_2967,Cc1cc(C)cc(Oc2nc3ccccn3c(=O)c2/C=C(\C#N)c2nc3ccccc3s2)c1,-7.38100865438803,-3.676886260961905,-5.124338972164841,-3.39171349020208,-4.238477763094479,-1.4485996522009446,-2.5451475377834214,-2.077464649266106,-3.1414879465797467,-2.883310350019457,0
b2AR-decoy_488,Cc1cc(O)c(=O)c(O)cc1c1cccc2ccccc21,-7.37770122364841,-4.422857583079185,-5.012933564287411,-3.2689186080477697,-4.446175964942729,-2.994261291707285,-3.1190531142938207,-2.445686621483767,-4.510130342691676,-2.441074905595608,0
b2AR-decoy_860,CCOc1ccc(C2C(C#N)=C(C)N=C3C2=C(O)c2ccccc23)cc1,-7.37598791043074,-4.817343323198755,-4.783007412525501,-3.3445772428172,-2.239925688601798,-2.875110689218605,-1.524565781831261,-1.8952405091105569,-3.383551678994256,-4.485129582480997,0
b2AR-decoy_2376,CCc1nnc(NC(=O)c2sc3nc4c(cc3c2N)CCCCC4)s1,-7.37503775107155,-6.396275372407535,-3.869634593537501,-4.84313341245167,-3.1184772396168583,-2.6699332132726745,-3.0291047089431213,-1.7587361142849869,-4.279348815820686,-5.299594470230206,0
ASD03130108,Clc1cc(Cl)cc(Nc2nc(NC3CCN(c4ccccc4)CC3)c3ccccc3n2)c1,-7.37209758437174,-4.466541636139105,-5.475009481314391,-3.2860505247692293,-4.119148539654619,-3.1804142821063044,-3.511677968817291,-2.736668257692597,-4.082300045366797,-2.695626909057187,1
b2AR-decoy_598,CCC(C)Sc1nc(O)cc(Cc2ccc3ccccc3c2)n1,-7.37142651876493,-5.001682089017935,-5.225383628455731,-3.9675358454753695,-4.539653001450539,-3.543304577702905,-4.059895799189212,-3.322002118132227,-3.805980586696716,-4.158619754559567,0
b2AR-decoy_1440,O=C1NC(=S)N/C1=C\c1cccs1,-7.37136385290195,-5.905548069889405,-5.499925226462771,-4.9190652161548,-3.805424547840799,-3.0411865116261447,-3.123162453441031,-2.848948893153347,-4.6876412278668464,-4.785670631307408,0
b2AR-decoy_1860,C[C@H](NC(=O)c1c[nH]nc1C#N)c1ccc(O[C@@H]2CCN(c3ccc(OCC4CC4)cc3)C2)cc1,-7.37132158798695,-5.497118922553705,-4.217007514653111,-3.5752800753478398,-2.818377376545138,-2.9281459993661443,-1.7647301423193111,-1.2280760736249166,-3.467025787185256,-3.7343002182247074,0
b2AR-decoy_2157,O=C1NC(=O)/C(=C/c2ccc(c3ccc(OCc4ccccc4)cc3)cc2)S1,-7.37070316602415,-5.246072751310606,-3.1894600517001708,-1.74896666621206,-4.685144400645918,-0.4472944466508251,-1.5988948448717313,-1.274956014831487,-2.898832361216696,-2.872611682536286,0
b2AR-decoy_2159,CSc1nsc(Sc2nc3c(Cl)c(Cl)cc(Cl)c3[nH]2)n1,-7.36991257093845,-4.857213051954496,-4.025869814886521,-2.7712209208638594,-3.9179154333600783,-3.3710343524579844,-2.3981114385463806,-2.740831072410807,-2.9073770995538366,-3.4274552814102868,0
b2AR-decoy_539,Cc1ccc(c2[nH]ncc2C(=O)c2cccc(F)c2)c(O)c1,-7.36520217462718,,-4.036499598051751,-3.59974315901447,-3.642010778865069,-3.3054828084949346,-2.5722924415338406,-3.4736039580129976,-3.904300668247656,-4.299138454463087,0
b2AR-decoy_458,COc1cc2c(cc1O)CC[C@@H]1C2CC[C@@]2(C)C1CC[C@@H]2O,-7.36489560737489,-5.536864854638925,-4.643633542165501,-3.9246887693279096,-3.456881815051938,-3.236490750752985,-2.235869801449991,-2.1635765112274568,-3.378470789754906,-3.944173211195367,0
b2AR-decoy_490,O=c1cc(c2ccccc2)oc2cc(O)c(O)cc12,-7.36244523616353,-4.712061267769395,-5.457757546432081,-4.11442946292341,-3.5771461086345084,-2.7231973189721845,-2.949662811657931,-2.926467078460947,-3.7201901792994567,-3.4957899570638973,0
b2AR-decoy_455,O=[N+]([O-])c1ccc2ccc3c4c(cc5ccc1c2c53)C(O)C(O)C=C4,-7.36162181031219,-5.053149559355955,-5.097489892108921,-3.5732465930549298,-4.187544453997878,-3.618962942344445,-3.67526857930064,-3.402369976723487,-4.183500404132347,-4.427984364587017,0
b2AR-decoy_1599,Cc1cc2c(cc(C(=O)N[C@H](CO)c3ccc([S@+]([O-])CC(=O)OC(C)C)cc3)n2C)c(F)c1F,-7.35575784516643,-5.4904025210698055,-5.008523603876531,-3.9699227528137095,-3.747461014621509,-3.225100664795085,-2.558180233567591,-2.6202273970218366,-4.251535517843236,-4.957468552993987,0
b2AR-decoy_109,CC1(C)O[C@H]2C3=C([C@H]2O1)[C@@H](c1ccccc1)[C@H](CCc1ccccc1)C=CC=C3CO,-7.35413348247918,-3.975493925716375,-4.535919006504321,-2.5883281342669493,-3.548030347547928,-3.233036289746705,-2.525569592708311,-3.263791674954157,-3.6845489233772666,-4.563850489345487,0
b2AR-decoy_2046,COc1cc(CC(O)c2cccc(c3ccc(C#N)cc3)c2)c([N+](=O)[O-])cc1OC,-7.35374583771834,-5.834588645038656,-5.654876880338581,-4.62830815732852,-3.025929711902358,-1.774306551629425,-2.843962280322911,-3.4072274146128967,-3.4457323408248968,-3.4433909063414165,0
b2AR-decoy_134,CC(=O)N[C@@H](C)/C=C/c1ccc(Oc2cc3sc(C)nc3cc2Cl)nc1,-7.35310311243229,-4.497236593780316,-3.930121135127632,-3.22135722969164,-2.755364046572378,-1.6457989333280043,-2.485093865604761,-2.0760757589712364,-3.7359890665194166,-3.2764816605704365,0
b2AR-decoy_472,C[C@@H]1CC[C@@H]2[C@@H](C1)O[C@@H](c1ccccc1O)CC2(C)O,-7.35253702110251,-5.437260551804805,-5.734705032776241,-4.48562013209875,-4.456970767493418,-4.099021654843956,-2.886186144642801,-3.168046514571407,-4.653073122906926,-5.037476797149916,0
b2AR-decoy_448,O=c1cc(CSc2c(Cl)cccc2Cl)[nH]c(=S)[nH]1,-7.35246408149302,-4.856426308747265,-5.336316504997291,-3.76073273168687,-4.229239418526039,-3.225690522822295,-3.130533138840801,-2.2210051499498267,-3.6478443023089664,-3.725159854538957,0
b2AR-decoy_755,Cc1c(C)c2c(c(C)c1N)CC(C)(CSc1ccc(O)cc1)O2,-7.35217233391816,-4.930045346316275,-4.721434634986902,-3.85173666420593,-4.319052230164298,-3.5582877205818244,-2.5173706766364807,-2.384975969257667,-4.943594209832816,-3.5859711484445467,0
b2AR-decoy_1609,CCCCSc1ncc2ncn(Cc3c(F)ccc(Cl)c3F)c2n1,-7.3520080089684,-4.724075618858765,-3.7312257457737408,-3.29383827421407,-3.656241924653198,-3.7390502575327647,-1.652748413732251,-1.2173598617788164,-3.378802328566146,-3.327295081626817,0
b2AR-decoy_565,CC(C)c1cc2c(cc1O)[C@@]1(C)CCCC(C)(C)[C@@H]1C(O)C2=O,-7.34856644077495,-5.238587133645255,-4.692098550555111,-4.5275097204348,-3.788900084775219,-3.908638373908385,,-2.6013618797370768,-4.089501270129007,-4.832841535689077,0
b2AR-decoy_897,CC(C)c1ccc(c2cnc3sc(NCc4cccnc4)nn32)cc1,-7.34826473274372,-5.937673223955756,-5.809212312990221,-4.53039686656222,-4.323265101917708,-3.8923518993917146,-1.601253317774301,-2.7914848340806167,-5.266053047766336,-4.060909863222838,0
b2AR-decoy_2527,Clc1c[nH]nc1c1nc(c2ccc(Oc3ccc(I)cc3)cc2)no1,-7.34253338147312,-5.216251123308625,-4.277548252098971,-3.6638392560281297,-3.3080726441890587,-2.3481127853228143,-2.922617767052561,-2.1656637611111567,-3.3316538093554664,-3.636479859203927,0
b2AR-decoy_1432,O=C1NC(=O)/C(=C/c2ccco2)N1,-7.34206449974315,-5.286056052403975,-5.245260659533502,-4.49754782767657,-3.5812192456315683,-2.6594526104094047,-3.210316698183761,-2.695502596212667,-4.242910360857117,-4.012214412765447,0
b2AR-decoy_278,CCn1nc(Cc2cc(C(F)(F)F)cc(C(F)(F)F)c2)cc1C1CC[NH+](C[C@H]2C[NH+]([C@@H](C(=O)[O-])C(C)C)C[C@@H]2c2cccc(F)c2)CC1,-7.34085813026796,-5.436952611591865,-6.20918700125833,-4.438674054013609,-6.076277165544468,-3.053596340709825,-4.13289194019279,-2.935930535676057,-7.198832650535897,-4.674513891765567,0
b2AR-decoy_2098,CCOc1ccccc1c1c2cc(O)c(=O)cc-2oc2cc(O)c(O)cc21,-7.33940625070653,-4.699847811994845,-5.816097686512511,-3.2493600794147994,-3.686720433684348,-3.4068891692617846,-3.162155829083641,-2.4873946045404667,-4.289640916323997,-4.249006615361827,0
b2AR-decoy_2680,Cc1cccc(C)c1NC(=O)COc1ccccc1C(=O)Nc1ccc(Br)cn1,-7.33868632915943,-5.150818466190955,-6.069053724703911,-2.8850535091032,-3.696711098045248,-3.7701030755828544,-2.643738575504001,-2.863147335363407,-3.539665975777556,-3.767439273435647,0
b2AR-decoy_1688,CN(C)C1=C(Cl)C(=O)N(c2ccc(Cl)c(Cl)c2)C1=O,-7.33573778402717,-5.288120870154256,-4.870364751768511,-3.860652823596189,-4.189589263797289,-3.876278831755135,-2.1492200170994518,-2.4855435657485367,-4.401206268556137,-3.9442310282263473,0
b2AR-decoy_616,O=S(=O)(Nc1cccs1)c1ccc(c2ccc(Cl)cc2)cc1,-7.33330266987932,-4.932940173467715,-3.9434509786844414,-3.6364502993904,-1.7166067534439389,-2.918728673055065,-1.6214498751312512,-2.8416999835665564,-4.481690980744836,-3.6895168196132873,0
b2AR-decoy_3079,CC(C)(C)c1cc(C2c3ccc(N)nc3NP2(=O)Oc2ccccc2)cc(C(C)(C)C)c1O,-7.33324471629051,-3.737980076683135,-5.675798052767031,-3.76565175458284,-3.497112393859209,-2.431009415046874,-1.1990776522996611,-2.785840057613557,-3.4301961624714767,-3.498950212238946,0
b2AR-decoy_1472,O=C1NC(=O)C(=Cc2ccco2)C(=O)N1,-7.3319901457958,-5.380939129028755,-5.177358534096591,-4.17078250362421,-3.8315138162111086,-2.6132202701524445,-2.633172048893411,-2.1269897607997272,-4.426942375747246,-4.354213192430617,0
b2AR-decoy_289,CC[C@H]1C[NH+]2CCc3cc(OC)c(OC)cc3[C@@H]2C[C@@H]1C[C@@H]1c2cc(OC)c(OC)cc2CCN1C(=S)NCc1ccc(Cl)cc1,-7.3315633546327,-3.7475522188698456,,-3.5825228651982,-3.3953019690167183,-0.388010159884895,,,-2.408319519512556,-4.564155266036966,0
ASD03130112,Clc1cc(Cl)cc(Nc2nc(NC34CC5CC(CC(C5)C3)C4)c3ccccc3n2)c1,-7.32736759568584,-3.678053339312755,-3.8002385052356216,-2.69842182852807,-2.141795279172248,-3.1113038138816647,-1.7621553217489208,-1.937947842474947,,-3.518227360925897,1
b2AR-decoy_261,CCCCN(CCCC)C(=O)c1cc(C)n(c2ccc(N[S+]([O-])c3cccc4ccn(C)c34)cc2C(=O)N2Cc3ccccc3C[C@H]2CO)n1,-7.32690232173367,,-2.9465367628563213,-2.980542830139369,-6.226206244877238,,-1.1843812497408113,-0.4824404682901066,-0.1843104189297562,-4.018180925887908,0
b2AR-decoy_486,C=C1[C@@H](/C=C/C(C)=O)[C@]2(C)CCC[C@](C)(CO)[C@H]2C[C@H]1O,-7.32522803375897,-4.366292555893045,-4.213996921478251,-4.21739902579883,-3.5431193192486585,-2.4016131664935143,-2.757241351919581,-1.9694288718558672,-3.0707071654561062,-3.2740662678629278,0
b2AR-decoy_3031,O=C(COc1ccc(C(=O)c2ccccc2)cc1)NCC(=O)Nc1ccccc1Br,-7.32258537166024,-6.454994512924106,-4.327884947714721,-2.8988330131509,-1.064577097296988,-1.087431952511495,-3.3004344946822712,-2.6687352268230464,-2.2109622797326463,-4.055255986480267,0
b2AR-decoy_3143,C[C@H](NC(=O)C(F)(F)F)[C@H](Oc1ccc2c(cnn2c2ccc(F)cc2)c1)c1cccc(O)c1,-7.32171228131959,-5.465306426297075,-4.440674591550641,-3.26797244210578,-4.857388082746008,-2.697894147678955,-3.811722291922571,-2.3865980597668166,-4.784797968589176,-4.478537532102626,0
b2AR-decoy_406,Cc1cc(O)c(=O)c(O)cc1S(=O)(=O)c1ccc(c2ccccc2)cc1,-7.32148390427974,-7.184718132721915,,-3.7571315452774297,-1.3984883432318282,-0.9398704457927448,-4.337916256051651,-0.4718742170327772,-5.221649484972796,-4.269238959272917,0
b2AR-decoy_260,CN(CCCc1ccccc1)S(=O)(=O)c1cc(C(=O)N2CCc3ccc(S(=O)(=O)NCCc4ccccc4)cc3C2)c(O)c(O)c1O,-7.31956274191274,-5.465779867438895,-5.641766265731521,-3.9160319900999,-3.2916523952314183,-3.065272096566625,-3.034638001696421,-0.9072488761364266,-2.735323079179956,-4.754905226063297,0
b2AR-decoy_559,Cc1c(C(=O)N/N=C\c2ccccc2F)oc2cccc(O)c12,-7.31930561052606,-5.022447989120566,-5.310641566463492,-4.42636501319659,-4.251143897393408,-3.5008846745318944,-3.555625830319281,-3.3202811033671464,-3.923022184771376,-3.982941503505917,0
b2AR-decoy_1577,Cc1ccc(NC(=O)C[S+]([O-])CC(=O)N(CC(=O)NC(C)(C)C)c2cccc(C)c2C)cc1,-7.31704739920821,-2.3161087922476757,-4.223833059334501,-2.9976708627368,-1.8124303923574685,-4.066160097584294,-3.079719637413751,-2.2243493572657966,-2.653028226969816,-2.426169185616407,0
b2AR-decoy_2122,CC1=C[C@H](OC(=O)c2ccc(O)cc2)C2[C@](C)(CC[C@@]2(O)C(C)C)C[C@@H]1O,-7.31439580719934,-4.784508352545705,-5.588638588386662,-4.33412568309567,-5.440014082157319,-3.6343405001607447,-2.611545858549401,-3.3398700754476165,-3.852198290276056,-3.604101294614597,0
b2AR-decoy_523,O=c1oc(c2ccc(O)cc2)cc2cc(O)ccc12,-7.31349037104604,-6.170996695929775,-5.270307667651461,-4.985808578077299,-4.935547244685248,-4.215214192664085,-4.025732409308761,-3.768688336603006,-4.983524968972507,-4.913172564722597,0
b2AR-decoy_870,O=C(c1ccccc1)c1oc2cc(O)ccc2c1c1ccccc1,-7.31178814728771,-4.086446528173195,-4.6729191034853015,-4.181146499308429,-3.946625358861079,-3.0560106126660447,-3.686595974458841,-2.4670814586887966,-3.338968404983876,-4.5875837177774965,0
b2AR-decoy_1257,CC(=O)N(c1ccc(Cl)cc1)C1SC(=O)N(c2ccc(C)cc2)C1=O,-7.31140561588697,-5.174046894238916,-4.241567603266481,-2.1694730020202897,-2.3936452107762483,-1.8437945201178447,-1.478062280805711,-2.1423881571508767,-4.797961057547656,-1.9759464752315967,0
b2AR-decoy_1853,COc1ccc(S(=O)(=O)N(Cc2cccc(C)c2F)[C@H](Cc2cccs2)C(=O)NO)cc1,-7.31032080394639,-1.0133447315896151,-3.156027487821521,-1.5312355930859498,-5.150642761445448,-1.444391943621385,-2.0750961108569514,-0.5459675979909671,-2.3078409902808668,-2.4903182489659077,0
b2AR-decoy_2055,N#C/C(=C\Nc1ccc(OC(F)(F)F)cc1)S(=O)(=O)c1ccc(Cl)cc1,-7.3090124713178,-5.550022385130575,-3.5633986749470514,-3.7144712415420393,-3.3230908438931284,-1.7030452992326248,-2.151643542402881,-2.2107782382563066,-3.0990733710148666,-3.623752966665887,0
b2AR-decoy_1598,Cc1ccc(OCC(F)(F)F)c(CNC(=O)Cn2c(C)cnc(NCCc3ccccn3)c2=O)c1,-7.30705914160351,-4.284518487414275,-4.777978687397721,-3.20978132935121,-2.6234403924170584,-3.149218684710675,-3.8943109310910913,-2.4795853981676066,-3.0460265203738466,-2.639255304761727,0
b2AR-decoy_614,N#Cc1ccc(Oc2ccc(c3ccccn3)cc2O)c(Cl)c1,-7.30532235999307,-5.591414195928765,-4.4557551013524215,-3.05286915547112,-3.617728528880578,-2.6514034286707746,-2.071363128764901,-2.213737104105597,-4.128344876210786,-4.210870392218647,0
b2AR-decoy_3153,COc1ccc(C(=O)CC(Sc2ccc(C)cc2)c2ccc(OC)cc2)cc1,-7.30436167357727,-2.043728703512035,-4.273212690247231,-2.44989934685456,-4.618574030019288,-2.8426077984134146,-2.073963062950181,-2.5272170006512464,-4.935000710953887,-4.326083656326578,0
b2AR-decoy_186,O=C(Cc1ccccc1)Nc1nnc(CCCCc2nnc(NC(=O)Cn3cc(c4cccc(O)c4)nn3)s2)s1,-7.3023720404606,-6.325537708481535,-5.200461524588241,-4.53176811569021,-4.383747646197978,-3.268355629611805,-3.4591314869156014,-1.3584114167096866,-4.303508150123046,-5.410726354652436,0
b2AR-decoy_138,CCCCCCC1C(=O)c2c(cc3cc(O)cc(O)c3c2O)C[C@H]1C,-7.30188010764411,-5.145243068644375,-5.638559460788652,-3.33232567622422,-5.104917898988488,-3.543653392612254,-3.1052379982654106,-3.5086625835523666,-4.668939345180736,-4.615137459223098,0
b2AR-decoy_50,O=C(OC(Cn1ccnc1)c1ccc(Cl)cc1Cl)c1cc2ccccc2[nH]1,-7.30079615555846,-6.398992129657914,-5.849686737365551,-4.737188610926269,-4.818818000986898,-4.471577084676225,-3.3924914797509613,-3.3681025827551965,-4.008831834917676,-5.259818058904127,0
b2AR-decoy_1273,C=CCn1c(Sc2ccc(C#N)c([N+](=O)[O-])c2)nnc1c1ccc(OC)cc1,-7.30067581295055,-5.771661113039375,-4.568255087006311,-4.40945452662867,-2.400348204785389,-2.4861164946044143,-4.255749363132281,-1.7417521018404871,-3.989257863756136,-2.179022131539607,0
b2AR-decoy_3185,O=C(/C=C/c1ccc(c2ccc(Cl)c(Cl)c2)o1)c1ccc(Br)cc1,-7.30005222569479,-3.8313026954806855,-4.624305525765571,-4.26900765021139,0.1704100158464414,0.2261073378265452,-0.5929024755012309,-2.4709609610655168,-1.7290307712338562,-4.267339985017648,0
b2AR-decoy_1757,O=C(CSc1nccn1Cc1ccco1)Nc1cc(C(F)(F)F)ccc1Cl,-7.29956381956713,-5.233735677485865,-4.936415042047711,-4.001007581935689,-5.146010068085749,-1.9320813226305047,-2.723817065461331,-3.2892125523006968,-3.6672201127585167,-3.374720779430737,0
b2AR-decoy_1730,CC(C)(C)c1cc(NC(=O)Cn2cnc3scc(c4ccccc4)c3c2=O)on1,-7.29732641807634,-4.413045094613765,-2.7817972847862915,-2.919191003559,-3.107950588310608,-2.577801308568235,-2.496683389892631,-1.3247277790569871,-2.3994028930721667,-3.8998118335539167,0
b2AR-decoy_428,Cc1cc(O)cc2c1O[C@@H](c1ccc(O)cc1)[C@H]1CCC[C@@H]21,-7.29679851350138,-4.758982772420715,-5.210236116721251,-3.66450264261132,-4.420084782898308,-3.299997710478145,-3.822907827739112,-2.570939761749917,-4.844559983356636,-3.358399828515507,0
b2AR-decoy_484,Cc1cc(C(=O)N/N=C/c2c[nH]c3ccccc23)c(C)o1,-7.29654098567188,-3.685987684117805,-3.953245042100491,-3.57706681479014,-3.1620435100074182,-2.7475769314355247,-1.7748607327667107,-2.2106798246907973,-2.8870887050824665,-2.9062922752930773,0
b2AR-decoy_1663,Cc1nc(C#Cc2cncc(Oc3cccnc3)c2)cs1,-7.29556204092171,-5.168836559747725,-4.412397337668831,-2.48766753678711,-2.3415945514674084,-2.4605780075759247,-2.557729400685811,-1.0064771591702364,-3.3104365022337863,-4.124828363493817,0
b2AR-decoy_1818,CC(O)c1ccc(C(Cc2cc[n+]([O-])cc2)c2ccc(OC(F)F)c(OC(F)F)c2)cc1,-7.29555252364147,-4.161421191252215,-4.762938354534481,-2.885390650422289,-4.524592397749139,-3.7930405707799046,-2.8202140368131614,-3.176513707400387,-4.064007065199316,-2.9593749945411667,0
b2AR-decoy_270,CCCCc1nn(c2ccccc2C(F)(F)F)c(=O)n1Cc1ccc(c2ccccc2S(=O)(=O)NC(=O)c2sccc2C)cc1,-7.29448146383003,-5.363925998286415,-5.085476663532512,-1.6367813620169898,-2.9871579544281284,-0.6156671715506148,-1.956659317441921,-1.3801209729063366,-0.0526396615303563,-4.536161206209807,0
b2AR-decoy_1338,COc1cc(/C=C/C(=O)c2cccc(F)c2)cc(OC)c1,-7.29349626369557,-3.0926382552574747,-1.874207260430571,-3.90573191443125,-3.2900898285338087,-2.607259828835834,-0.1287004986874214,0.4287843392491233,-3.852879789121756,-3.781991525240437,0
b2AR-decoy_2398,CC(/C=N/OCCO)=C\[C@H]1CC[C@]2(O)[C@@H]3CC[C@@H]4C[C@@H](O)CC[C@]4(C)[C@H]3CC[C@]12C,-7.29107438982657,-5.572703810399325,-3.890996777530991,-3.961428465113,-3.455404255812039,-2.056366752695165,-1.8435230492287609,-1.4206732490738565,-3.7159553872466464,-2.7273422022754974,0
b2AR-decoy_1328,Fc1cccc(Cl)c1COCc1nnc(c2ccco2)o1,-7.29078206011122,-3.752471647499705,-5.015146758901631,-1.2021545275178394,-3.2352606407512283,-2.7986546028278347,-1.178896365415171,-2.523282151788557,-2.9861379291272163,-2.608546514006657,0
b2AR-decoy_2278,C[S+]([O-])c1ccc(c2nc(C3=CCC(O)CC3)oc2Sc2ccc(Cl)cc2)cc1,-7.28966191133118,-4.094017296793115,-3.740265278852551,-3.19959517294022,-5.127331376061138,-2.5064923912568347,-2.4209464608108613,-1.7660488683467266,-3.4841776312498363,-4.186393496609847,0
b2AR-decoy_2374,C/C(=N\NC(=S)NC12CC3CC(CC(C3)C1)C2)c1c(O)ccc2ccc(=O)oc12,-7.28642721054587,-5.839640222321266,-5.847218708459241,-4.03164373398642,-5.122826257065999,-1.0519866557313249,-4.7838206261922505,-2.777368191814567,-3.8827243916735066,-5.229111264961837,0
b2AR-decoy_2174,CC(C)=CCc1c(O)ccc2c1O[C@H](c1ccc3c(c1)C=CC(C)(C)O3)CC2=O,-7.28470122538725,-3.668046818776405,-4.387894441917791,-2.67455488497978,-3.078386424041229,-2.951032215846735,-2.6161594503657506,-2.712313642094087,-2.5113674039678866,-4.092844560921288,0
b2AR-decoy_1122,Cc1ccccc1OCC(=O)Nc1ccc(c2nc3c(C)c(C#N)ccc3o2)cc1,-7.27928081682021,-5.073084562752865,-3.440491716609741,-2.2493391051925498,-1.8662337018054984,-0.3586792253391948,-1.403892361972101,-0.4377175754411269,-2.8894373787155265,-3.440999428932417,0
b2AR-decoy_2849,Clc1ccc2c(c1)S[C@H](Cn1ccnc1)[C@@H]2OCc1cc(Cl)sc1Cl,-7.27775166195586,-3.831647264911656,-4.438083853127311,-2.30125153034961,-2.3582495857198484,-3.203714998797995,-1.9196343850210609,-2.456739586409287,-4.011541341455616,-4.286577278390217,0
b2AR-decoy_603,CC(C)(C)C1CCc2c(C(=O)N/N=C/c3cccs3)csc2C1,-7.27675177639693,-6.447456264371436,-5.130263809543301,-3.679115828457229,-3.210977059735889,-2.6887473672623345,-2.259619123464101,-3.0572779747211767,-3.8706225843803663,-4.4770652571521765,0
b2AR-decoy_459,C/C(=N\NC(=S)NC(C)C)c1ccc(C(C)(C)C)cc1,-7.27641613278411,-4.423291696574116,-4.777677941871871,-1.5302289638076898,-2.4523611023077487,-2.4250151464477643,-2.7180044909652814,-1.420983370613797,-3.0675161112796765,-4.139456395075337,0
b2AR-decoy_1620,O=C(Cc1ccc(Cl)cc1)OC(Cn1ccnc1)c1ccc(Cl)cc1Cl,-7.27468018796489,-4.327747701647615,-4.962159159594092,-3.17518720605154,-4.516574248870649,-3.4625401154548943,-2.6682514580832013,-3.810206098754257,-3.865252334957177,-3.761094934247217,0
b2AR-decoy_1836,C=C1C(=O)[C@@]23[C@@H]([C@@H](O)C[C@@H]1[C@H]2O)[C@]12CCCC(C)(C)[C@H]1C[C@H]3O[C@@H]2OCCn1cc(CCCCC)nn1,-7.27350092733463,-3.528281496411905,-4.745908135038021,-2.5747451319284,-4.201845724928209,-3.110850882540115,-0.9399255667767809,-1.430665758645767,-4.968707733898237,-2.6069970015489266,0
b2AR-decoy_1679,Cc1cc(=O)oc2cc(Sc3cccc(Cl)[n+]3[O-])ccc12,-7.27257364207855,-4.248883148016465,-6.469436461690842,-3.057350387269889,-3.0027236313316186,-3.633449336762375,-3.270067460441431,-2.952772160200367,-5.183284960373286,-3.8492841074328967,0
b2AR-decoy_2091,NC(=O)CCCOc1cc(Cl)c2c(c1)C(O)(C(F)(F)F)c1ccccc1-2,-7.27197670471685,,-4.296361105213541,-3.09483866967007,-2.870086412998038,-2.7271108962881643,,0.6911286080812431,-3.4624484689370068,-1.1817410430563968,0
b2AR-decoy_1946,Cc1nc(c2cccc(NC(=O)c3ccc4nc5n(c4c3)CCCNC5=O)c2)cs1,-7.27035786837639,-4.486928334406255,-4.2399492755352215,-2.88289318926721,-3.230426557335498,-1.8259643485337147,-2.705321739784501,-2.8409041201489966,-2.882032067380626,-3.8249492942832473,0
b2AR-decoy_1365,CCC(=O)Oc1oc(c2ccccc2)nc1/C=N/c1ccc(C)cc1,-7.26942683712852,-4.673564828441315,-4.601583491930882,-2.5577880593197198,-3.858738456859928,-1.617485259766955,-1.802928570948481,-0.1247615022896866,-2.8688561924157066,-2.8905770362989567,0
b2AR-decoy_395,O=C1c2c(ccc(O)c2O)CN1Cc1cccc(CBr)c1,-7.26914312304124,-4.873295929213525,-5.165808096459721,-3.38694198871976,-3.8137942884120974,-3.875590827787725,-3.869984415045231,-3.190317876348127,-4.581480958419147,-3.734403649472427,0
b2AR-decoy_2241,O=C(c1ccc2c(c1)OCCO2)c1oc2cc(O)ccc2c1c1cccc2ccccc21,-7.26657969634194,-4.377028128588105,-4.724134437397201,-2.8305578169684296,-4.182643416375928,-3.691375897712095,-2.469367739074661,-2.884266155193947,-4.168601736223686,-3.067957753454547,0
b2AR-decoy_956,CO/C(=C\c1ccc(Br)cc1)C(=O)Nc1ccc(C(C)C)cc1,-7.26647004528111,-4.796219745045035,,-3.42952016333523,,-2.7985263629466344,-2.217381599864221,-2.514006773589247,,-3.722720248337857,0
b2AR-decoy_2513,COc1ccc(Oc2cc(C)c(c3csc(NC(=O)c4ccncc4)n3)c(C)c2)cc1,-7.2662970176195,-4.6904841935676655,-4.017035090752201,-3.4088187430653694,-3.4321104878935884,-1.7274317534684949,-1.961352620375881,-2.226255404784677,-3.0154264674795765,-3.455623363034007,0
b2AR-decoy_1415,NS(=O)(=O)c1c(F)c(F)cc(F)c1F,-7.26570308564064,-5.537393933481635,-5.343863487947361,-4.09210563728632,-3.916479078296408,-3.7445171387749534,-2.972940515181971,-2.482797430095947,-4.6422506036046665,-4.397422699477247,0
b2AR-decoy_1496,O=C1NC(=O)C(=Cc2ccoc2)C(=O)N1,-7.26450700309906,-5.122632188599135,-4.780753700439932,-4.18129587578187,-3.3939579760122385,-2.9088516022961244,-3.1790020464353512,-2.4210950481044966,-4.022673079638617,-4.280089674218457,0
b2AR-decoy_1965,COc1cc2c(cc1OCCn1ccnc1)Cc1c-2n[nH]c1c1ccc(c2ccc(O)cc2)cc1,-7.26363333355358,-4.505831039098955,-4.625716116487771,-3.5672523578545494,-1.7604188775452485,-1.8757194363114147,-1.9085294111809308,-0.9336449677808673,-3.8254723452509465,-1.6966538939080968,0
b2AR-decoy_1006,N#C/C(=C\c1ccc(Cl)cc1)C(=O)NCc1ccc(Cl)c(Cl)c1,-7.26171621448064,-5.148885211411695,-4.607190714061451,-3.66456026525986,-3.830086596099479,-1.9196724430124643,-0.6767217013311306,-2.683026985069457,-4.211221893342326,-4.337058070112947,0
b2AR-decoy_470,C/C(=N\NC(=O)c1cncc(Cl)c1)c1cc(Cl)ccc1O,-7.26149572754377,-4.502953152595455,-2.0130186607421714,-2.93345274142074,-4.012792344611158,-2.7713516159208247,-2.759018808288771,-2.914645415299227,-4.674678618774176,-3.2967021623481467,0
b2AR-decoy_1127,CCCCC(=O)c1cc2c(cc1O)CC[C@@H]1[C@@H]2CC[C@]2(C)C(=O)CC[C@@H]12,-7.26063538367824,-5.555409388239495,-4.322223830518171,-2.9786580009069,-2.0972169201082984,-2.594797677201745,-1.6019207386107608,-2.326532448350277,-3.554217932795126,-3.7441059682629967,0
b2AR-decoy_2405,C[C@]12CC[C@@H]3c4ccc(O)cc4CC[C@H]3[C@@H]1CC(C(=O)NCC1CCCO1)[C@@H]2O,-7.26012941960559,-5.987903869504136,-5.053086018445781,-4.264090672234659,-4.499820365323019,-3.398121101413185,-3.872668786737462,-2.933069537570387,-4.148571094130896,-5.877639308057766,0
b2AR-decoy_3147,CC(C)C[C@H](CO)Nc1nc(S[C@@H](C)c2ccccc2Br)nc2nc(N)sc12,-7.26006246325797,-3.402404784310185,-4.015986029181922,-2.80193673203991,-1.7136147520970288,-2.5102992490734746,-2.110270657322091,-2.197688000510447,-3.471587250113896,-3.832066947238197,0
b2AR-decoy_611,Cc1c(C(=O)c2ccccc2)oc2cc(c3ccccc3)cc(O)c12,-7.25158311072631,-5.200897548289215,-3.3693384570112714,-4.22376208743829,-4.937642669367538,-2.6690593242530847,-2.895743517642801,-1.9216406459207471,-3.504731941764047,-3.3997016447553974,0
b2AR-decoy_36,N#C/C(=C\c1ccc2ccccc2c1)C(=O)c1c[nH]c2ccccc12,-7.25027946106559,-5.096718364421816,-5.526072938378891,-4.103873568398679,-5.1383856926055085,-3.941954642875335,-0.2677417920462712,-2.6631676437797465,-4.310495429733076,-5.358288470482137,0
b2AR-decoy_211,COc1ccc(C2=C(c3cccc(NCCCCCC(=O)OC(=O)CCCC[C@@H]4SC[C@@H]5NC(=O)N[C@H]45)c3)C(=O)N3CCCC3C2)cc1,-7.25020275963787,-2.459605508845245,-6.159031774022312,-3.74502262603934,-4.658721572718468,-3.2585495346742244,-3.253200375653111,-3.206400492423807,-4.502955168763217,-4.072317930763367,0
b2AR-decoy_501,Oc1cc(O)cc(c2cc3ccc(O)c(O)c3o2)c1,-7.24999183241241,-5.534004622993095,-6.004032970910451,-4.13999140004995,-4.103457227658878,-3.6755883168129744,-2.568128532246672,-3.0039683029556867,-4.441094680753676,-5.045478701576817,0
b2AR-decoy_632,C=CCSc1nc(C)c(Cc2cccc3ccccc23)c(O)n1,-7.24851976138075,-5.437528290401495,-4.046732491270431,-3.60926951130954,-3.9933282170871687,-3.3925003692290048,-2.998814938221331,-1.5008852477488173,-3.968826049500836,-3.698813485294297,0
b2AR-decoy_427,Cc1cc2c(c(=S)[nH]1)C(=O)O/C2=C\c1c[nH]c2ccccc12,-7.24811531867846,-5.119858907651945,-4.086228675614671,-3.1068508173770093,-4.231968217428409,-2.267337121155755,-2.525631600587011,-1.6351791856043665,-2.967002658879326,-3.0030321019678268,0
b2AR-decoy_2861,CC1(C)C(/C=C(\Cl)C(F)(F)F)C1C(=O)OC(C#N)c1cccc(Oc2ccccc2)c1,-7.24811279398345,-4.234038526832705,-4.559803868895561,-2.92317297611791,-4.249964800559519,-2.2210685193339943,-2.480645129115821,-3.167017784388447,-3.6363809070480064,-3.7117368938345066,0
b2AR-decoy_442,CC(C)c1ccc(Cc2c(C(F)(F)F)n[nH]c2O)cc1,-7.24632809530318,-5.264267792065096,-4.4725323383316615,-3.80366192017829,-3.669471289378248,-2.9597140713926544,-2.4241582657606813,-2.9373248832736367,-4.377388091498436,-4.538548433924047,0
b2AR-decoy_2963,Cc1c(Cl)c(=O)oc2cc(OC(=O)CCCOc3ccc(Cl)cc3Cl)ccc12,-7.24487129745097,-5.472737423609815,-2.944654551938691,-3.3388423143516297,-3.432886687641939,0.2823707483466453,-1.0291813198088908,-0.556910426991637,-2.588214226304697,-0.223864982020987,0
b2AR-decoy_3098,Cc1ccc([C@H]2CN(C(=O)c3cc(c4ccc(F)cc4)on3)[C@@H](CC(C)C)C(=O)N2)cc1,-7.24423947030432,-4.3272901704247655,-4.672128534672861,-3.60295611165014,-2.9519138628818684,-2.3689897510136744,-1.7893671870557712,-2.331399634408327,-3.9217330632348366,-2.810354360783117,0
b2AR-decoy_223,COc1ccc(NC(=O)Nc2ccc3c(c2)C(=O)N([C@@H](C)CO)C[C@@H](C)[C@@H](CN(C)S(=O)(=O)c2cccs2)O3)cc1,-7.24288646848087,-4.804196961293565,-5.696640635307481,-3.2014681029042,-3.466850512343589,-3.1661986274619345,-1.0426419701483711,-3.253126331434917,-2.522610399816906,-2.990122814760117,0
b2AR-decoy_1434,CSC1=CC(=O)C(N)=C(Cl)C1=O,-7.24230612449687,-5.192453966916445,-4.582631041563821,-2.6750042372127494,-2.9390523711592085,-2.5921059717387145,-1.9310587561793708,-2.2844121044830565,-3.736507283972727,-3.5984354434155867,0
b2AR-decoy_3191,O=C(/C=C/c1ccccc1)OC[C@H](OC(=O)/C=C/c1ccccc1)c1ccc2ccccc2c1,-7.2380242668511,-1.879186762684545,-5.786514459568111,-4.39023590247257,-4.305443046076888,-3.293281514715055,-3.3937262042844107,-3.848028955097517,-5.196113892469087,-0.5357623524318469,0
b2AR-decoy_377,N#CC1=C(N)Oc2ccc3ccccc3c2C1c1ccc2c(c1)OCO2,-7.23782560522521,-3.727075105026275,-4.2912813828372816,-2.84565640897434,-3.151091369295629,-3.5132414169819244,-1.2762606948376511,-2.490078725625537,-3.5959168384567564,-3.0525176929531166,0
b2AR-decoy_781,CC1=CC[C@@]2(C)CC[C@](O)(C(C)C)C2C(OC(=O)c2ccccc2)C1,-7.2375365300877,-4.579400938792055,-4.350241321582591,-3.817545333105009,-4.213648892329768,-3.3917521428228845,-2.426767123875041,-2.7185603794099267,-4.624039696028066,-3.810979437684067,0
b2AR-decoy_2619,Cc1nc(c2ccccc2)sc1c1nc(c2ccccc2)ncc1S(=O)(=O)c1ccccc1,-7.23566057943199,-2.962901863529325,-4.811676927269922,-2.34842604185024,-3.3399540890800488,-2.2191444371551743,-2.052531531857621,-1.481676555598867,-2.7729806802167563,-4.543084721638326,0
b2AR-decoy_1997,CC(C)n1cc(c2cc(C(N)=O)c3c(c2)C(O)(C(F)(F)F)c2ccccc2-3)cn1,-7.23508871334636,-4.507081341002965,-3.924439912882301,-2.8111330567765096,-3.5286027677891783,-3.197729550603275,-3.058081126545021,,-2.840155100578336,-2.947133177745687,0
b2AR-decoy_528,O=C1Nc2ccccc2C1=Cc1c[nH]c2ccccc12,-7.23460533323646,-5.558181302896495,-5.637444196644691,-4.483297377312789,-4.458351041987799,-4.004349554369305,-2.736515456370441,-3.301869406059887,-3.848915183392986,-4.694540184543957,0
b2AR-decoy_756,Cc1c(C(=O)C(C)C)oc2cc(c3ccccc3)cc(O)c12,-7.23441756072522,-5.351421593729795,-4.805417032674691,-3.47480916237485,-3.9434093810625983,-3.333047154944815,-3.126142678102731,-2.2579422543687464,-4.372504826588156,-4.147137387599837,0
b2AR-decoy_2407,O=c1c2ccccc2oc(c2ccco2)c1c1c(=O)c2ccccc2oc1c1ccco1,-7.23281546162845,-4.703905250584745,-5.211529624729531,-2.9007704451344294,-4.118677981474699,-1.9368621347997443,-2.342463215058351,-1.7626634793163865,-3.7754163658746966,-1.0382478027295972,0
b2AR-decoy_463,CC1(C)C(=O)CC[C@]2(C)[C@@H]1CC[C@]13C[C@@H](CC[C@@H]21)[C@](O)(CO)C3,-7.23214924960691,-4.794098365296605,-4.740735937935932,-3.5222366963364,-3.5235787634062383,-2.825933336134325,-2.608389036502291,-2.3063540593702365,-3.751523179492466,-4.030982463164378,0
b2AR-decoy_1902,CC1(C)CCC[C@@]2(C)[C@H]1CC=C1[C@@H]2CC[C@]2(C)[C@@H](C=O)C(C=O)=CC[C@@H]12,-7.23187285950876,-4.6809301848606655,-4.453114313695761,-3.5645296000787594,-3.582756535796769,-3.254735688214005,-2.8638175286918117,-2.854876929707886,-4.711744582591536,-3.2407785475956667,0
b2AR-decoy_1455,O=C1NC(=O)/C(=C\c2ccncc2)N1,-7.23127862851765,-5.605007564121825,-5.133077816051531,-4.48789929645253,-3.526508155921489,-2.852363387170815,-3.265060439554201,-2.8871328427226164,-4.347081180284176,-4.453086079104887,0
b2AR-decoy_1713,CC(=O)Oc1ccccc1c1cc2cc(C)ccc2oc1=O,-7.22974306209859,-2.501926597713455,-3.021736805747751,-1.0828899817972395,-1.7824392017394883,-0.7290722891852148,-3.4603750936497306,-3.269399510512457,-3.5743055229344964,-3.486794940400397,0
b2AR-decoy_948,COc1c(Cl)cc(Cl)cc1C(=O)c1[nH]c(Cl)c(Cl)c1Cl,-7.22765797696255,-3.809360118864075,-4.228939208857671,-2.424886223920009,-2.660613697439969,-2.7299611884744843,-1.3589123223890909,-0.4458534654611066,-2.8110747587502063,-2.799630664737507,0
b2AR-decoy_1347,Cc1onc(c2ccccc2Cl)c1C(=O)Oc1ccccc1F,-7.22674333767013,-4.204369409438995,-4.770093010653421,-3.66552000253089,-3.282977310658058,-2.1918231608234144,-2.564247098905571,-1.8579945669509472,-3.625378711648806,-2.331322232924277,0
b2AR-decoy_64,Cc1cc(c2cc(Cl)cc(Cl)c2/C=C/[C@@H]2C[C@@H](O)CC(=O)O2)ccc1F,-7.22484272666512,-4.444972455089395,-4.8080775564551015,-3.82180797675648,-3.9179193858541774,-3.073641965417675,-3.7947774978688606,-2.338055493741087,-4.559650123378276,-3.6138124721405167,0
b2AR-decoy_466,Cc1cc2c(c3oc(C(C)O)cc13)C(=O)c1c(O)cccc1C2=O,-7.22229214199057,-4.083456235945016,-4.810763474680091,-2.82476220078318,-3.608685561826788,-2.8903266547610045,-2.0823355503955314,-1.4055210617565672,-2.833939010349126,-4.1630634039513765,0
b2AR-decoy_26,O=C(N/N=C/c1ccc(Cl)cc1)c1cc2c(s1)-c1ccccc1CC2,-7.22154384329909,-2.5268520608413647,-3.7769689195290015,-1.59143558275957,-4.371256653107409,-0.4036093509456746,-2.159957929133081,,-5.009583173882836,-2.955140620569057,0
b2AR-decoy_2111,CC1=C[C@H](O)[C@@]2(C)CC[C@@](O)(C(C)C)[C@@H]2[C@@H](OC(=O)c2ccc(O)cc2)C1,-7.22132165328176,-5.205286221520865,-5.044748357049561,-4.3778864720168,-4.648339698009848,-4.103588872405355,-2.872715063894961,-2.456921981971587,-4.529045130674256,-4.136153772077357,0
b2AR-decoy_2075,O=C1NC(=O)/C(=C/c2ccc(OCCn3ccc4cc(Cl)ccc43)cc2)S1,-7.21982165896156,-4.657237294303616,-5.126763077742691,-4.07646535666544,-3.599870290038348,-3.382676212280895,-3.324635285017181,-2.235760827649507,-3.2766304500170964,-2.390995620691387,0
b2AR-decoy_1537,CCSC(CC=C(C)C)c1cc(OC)c2c(c1OC)C(=O)C=CC2=O,-7.21978361714243,-3.963470170165495,-1.709164170693521,-1.7772888385511196,-1.9876085707852689,-1.6979989719355943,-0.0766870336713712,-1.2731617112507363,-2.5480775367967965,-2.148299568809317,0
b2AR-decoy_319,CCC(=O)O[C@@H]1C=C2CC[C@@H]3[C@H](CC[C@@]4(C)[C@H]3CC[C@@]4(O)CC)[C@H]2CC1,-7.21719288939335,-4.151815126820416,-4.237670619258592,-2.23024551518402,-3.317846747815218,-3.6421116287296647,-2.344109817790141,-2.6662386518784267,-3.2697013009033764,-3.525078281625697,0
b2AR-decoy_924,FC(F)(F)c1cccc(N=NNc2cccc(C(F)(F)F)c2)c1,-7.21468412969618,-4.026724328759335,-4.775397929342211,-3.7538076888179,-3.4582481460156984,-3.239835251687725,-2.1938337037608813,-2.8411230363272164,-4.794100023399756,-3.327562265637367,0
b2AR-decoy_403,O=C(N/N=C/c1c(Cl)cccc1Cl)c1[nH]nc2c1CCCC2,-7.21435289127545,-4.137400612113155,-4.982848661729861,-3.7105848416645193,-4.634403418716539,-2.185993982169375,-1.757285954990981,-2.0468193986617766,-4.079191461865427,-3.1057711178142173,0
b2AR-decoy_2647,C[C@]12CC[C@H]3[C@@H](CCC4=CC(=O)CC[C@@]43C)[C@@H]1C/C(=C\c1ccc(OCCCn3ccnc3)cc1)C2=O,-7.21290357286938,-5.001309062977136,-2.618744997247771,-2.69781931746188,-2.4633537013886384,-1.039258579865295,-1.5013786415236314,1.1931192952985432,-2.5530088156734365,-3.9645434995813074,0
b2AR-decoy_585,COc1ccc2cc(c3ccc(O)cc3)c(=O)oc2c1CCC(C)C,-7.21157944863489,-2.361096631817735,-2.838684650315951,-1.4974264491683096,-2.430727132498628,0.0324357496589353,-1.487549993510111,-2.8420495726237167,-0.9943443949534464,-1.5517615420714166,0
b2AR-decoy_2736,C[C@](O)(c1ccc(C(=O)N(C2CC2)[C@H]2CC[C@](C#N)(c3ccccc3)CC2)cc1)C(F)(F)F,-7.21060710437628,-2.9914107680815656,-3.685311177863521,-3.38308738396304,-3.473638531730358,-3.489242358324895,-0.9353764350247512,-2.628907191024247,-4.031355666652576,-2.8260013457467266,0
b2AR-decoy_1975,CCCc1ccc(S(=O)(=O)Nc2ccc(F)c(C(=O)c3c[nH]c4ncncc34)c2F)cc1,-7.20806260343666,-4.693297310147025,-2.506795592503681,-2.93132402337191,-2.9344868668206088,-2.9829638140525248,-4.498989561988491,-1.7490807338191967,-3.3936890902795165,-4.060381748244007,0
b2AR-decoy_955,COc1cccc(C2CC(c3ccccc3O)=Nc3ccccc3S2)c1,-7.20668143474084,-4.967092709757575,-5.302950192708291,-3.49327262689322,-4.314124696054108,-3.629301955018735,-2.566916234780061,-2.5327052873922167,-3.624080442105936,-4.299627101487706,0
b2AR-decoy_2321,NS(=O)(=O)c1ccc(N2N=C3c4ccccc4CCC3C2c2cccc(O)c2)cc1,-7.20575265568883,-4.899654319498115,-4.142946260286501,-3.13536651857239,-4.483826880930488,-3.5288016534504845,-2.101582018383131,-3.379538214860707,-5.062449738377296,-4.543873940245566,0
b2AR-decoy_3037,Cc1ccc(C(=O)N/C(=C\c2ccc([N+](=O)[O-])cc2)C(=O)NCCc2ccccc2)cc1,-7.20399295114076,-5.436303922007445,,-3.23419333878953,,-3.878335739818035,2.391314345068349,-1.4910664037351469,,4.284819694891323,0
b2AR-decoy_331,COc1ccc(O)c(C2=Nc3ccccc3N=C(c3ccccc3)C2)c1,-7.20345346014265,-4.684932805844515,-5.589155386601191,-4.34839508926294,-4.292798997083788,-3.4706730844821543,-1.820565134563461,-2.856185129529857,-3.951180393082736,-4.782441239786946,0
b2AR-decoy_2310,O=C(Cc1ccc(O)c(F)c1)N/N=C1\C(=O)Nc2c(Cl)ccc(Cl)c21,-7.20287682832743,-4.360011357488765,-4.947486902290891,-4.66210825659165,-4.239174609903738,-3.248402272281515,-3.396177874913291,-2.454483816252597,-3.2906418326474265,-4.497094825192697,0
b2AR-decoy_2720,C[C@H](CCC=C(CO)CO)[C@H]1CC[C@@]2(C)C3=C(CC[C@]12C)[C@@]1(C)CCC(=O)C(C)(C)[C@@H]1CC3=O,-7.20264450231477,-3.952615787324505,-3.0208369359658214,-2.78414133813026,-2.2712467817715583,-3.0079955248981145,-0.8765955527345213,-1.5160303386675364,-2.8032914628237764,-2.814317034525977,0
b2AR-decoy_345,S=P1(c2ccc(Oc3ccccc3)cc2)Nc2ccccc2CO1,-7.20182023365996,-4.837873937490875,-4.589084041989161,-3.92801244369292,-3.221436028013158,-2.4217624648837246,-1.5081915398804906,-2.559254151983647,-4.161304031810716,-2.740516425545047,0
b2AR-decoy_1054,CCCc1cc(=O)oc2cc(OCc3cccc(OC)c3)c(Cl)cc12,-7.19966599760007,-4.630288096762625,-3.0742691822024915,0.4304878740087003,-3.4114159446695584,0.3955714122705354,-2.6844986908509414,-0.3689025358110669,-3.992216512367806,-0.5781083385742871,0
b2AR-decoy_2645,O=[N+]([O-])c1ccc(c2csc(N3N=C(c4cccs4)CC3c3ccc4c(c3)OCO4)n2)cc1,-7.19880991112301,-6.070515037935665,-5.885428914704031,-4.402257717408769,-4.803496717123878,-3.1770431473700045,-3.306909083867871,-3.8414470698644863,-3.633811685690386,-4.5764983909395465,0
b2AR-decoy_69,Cc1[nH]c(C)c(c2ccc(Oc3ccc(F)cc3)cc2)c(=O)c1Br,-7.19874095619429,-4.542164120376365,-4.620688235516751,,-0.3260613970795685,,-2.528012593349171,-2.2610322351152066,-2.7727475651560463,-1.9090943247425067,0
b2AR-decoy_999,O=C(CC(Sc1ccccc1)c1ccco1)c1ccc(O)cc1,-7.19840030847339,-5.382507261559005,-5.071546783703091,-4.21381169984625,-4.7783559907110185,-3.2980520908068245,-3.389628515090301,-3.126827722702867,-4.432690892298367,-4.632371621189387,0
b2AR-decoy_408,N#CC(=C(N)Sc1ccc(N)cc1)c1ccccc1C(F)(F)F,-7.19776009931304,-6.328689718286945,-4.802376286533962,-3.71028198857712,-3.810355629600318,-3.7903232466452943,-2.272162613016171,-3.099101569081367,-4.778682974962407,-4.161125539627866,0
b2AR-decoy_2022,CC(C(=O)N/N=C1\C(=O)Nc2c(Cl)ccc(Cl)c21)c1ccc(O)cc1,-7.19474314780201,-4.814023997284765,-5.109015208270671,-4.5017253692641495,-4.000534999408808,-2.9173238044758447,-1.7012429479952509,-1.4709153632896772,-4.193461593117426,-3.264789812557327,0
b2AR-decoy_2388,Oc1ccc(C(c2ccc(O)cc2O)c2cc(Br)c(O)cc2O)cc1,-7.19434468279307,-3.798626765912525,-4.745609341660281,-4.1139916282082,-3.623698005946019,-3.053647488974505,-2.4516598402260508,-3.1262422421443965,-3.7917630535441065,-3.757825836200277,0
b2AR-decoy_1389,COC1=CC(=O)C=C(C[C@@]2(C)CC[C@]3(C)C(C)=CCC[C@H]3[C@H]2C)C1=O,-7.19422181437743,-5.291985166539815,-4.8553901754506015,-3.50871163951674,-3.490546906797478,-2.9971190845782045,-2.397165151527581,-2.350947476179887,-3.571097028903356,-3.543531427638537,0
b2AR-decoy_2900,CC(C)(C)C(=O)N(CCc1ccsc1)C[C@@H]1CSC(c2ccccc2)N1C(=O)c1ccccc1,-7.19307279446815,,,,,,,-0.9793595153794366,,-2.1965105536618874,0
b2AR-decoy_2137,O=c1c(O)c(C(c2ccccc2)c2ccccc2)oc2cc(O)cc(O)c12,-7.19298078642716,-4.660212774496675,-5.0942887262889816,-3.7278401372950496,-3.8184023352869385,-3.2331669624800545,-3.2159016052482707,-2.1443053323058967,-4.4440745894874665,-3.8670158656681566,0
b2AR-decoy_330,C=C1C=CC[C@@H]2[C@@]1(C)CC[C@H](C)[C@@]2(C)Cc1cc(C(=O)OC)ccc1O,-7.18961528168127,-5.012775848359035,-4.596978373249131,-2.05972218459849,-2.704577843222208,-3.030541961115505,-2.26627610300955,-3.177182118652997,-4.328971968238476,-3.283139828279317,0
b2AR-decoy_511,O=C(/C=C/c1c[nH]c2ccccc12)c1ccccc1O,-7.1895938663964,-5.991873334167425,-5.129001873542451,-4.9084188847927095,-3.7836228829965286,-3.880795081551815,-3.634252514399652,-3.4378171672679265,-3.974153145735466,-3.746139262790887,0
b2AR-decoy_925,COc1cccc(C2CC(c3ccc(O)cc3)=Nc3ccccc3S2)c1,-7.18950074452703,-4.589984790789595,-4.818511274864891,-2.34870885438733,-4.0853805883377285,-3.4270316643070746,-2.3309753142974508,-2.3421067055839364,-4.049388365705776,-3.299673396021817,0
ASD03130107,Clc1cc(Cl)cc(Nc2nc(Nc3ccccc3Cl)c3ccccc3n2)c1,-7.18561118422018,-3.919030432238645,-4.388433662333111,-2.95247433959012,-2.9575118839108683,-2.503681521452095,-1.0831104990843308,-1.5335890639511467,-3.1246340490674367,-3.4761301859517477,1
b2AR-decoy_2019,CC(C)CC(=O)c1c(O)c(C=O)c(O)c2c1O[C@@]1(CO)[C@@H](C2)C[C@H]2C[C@@H]1C2(C)C,-7.18542815895788,-5.056287398918365,-4.286905159427182,-4.06115117875207,-3.4549815513522084,-3.5098604132441844,-2.817077286363621,-2.9082933636360666,-4.314022967054346,-2.7823042081763973,0
b2AR-decoy_2789,CC1(C)C(C=C(Cl)Cl)C1C(=O)OC(C#N)c1ccc(F)c(Oc2ccccc2)c1,-7.18307339850031,-4.8019792739967855,-4.371408982937632,-4.17275099338956,-3.794412056431838,-2.365564943232365,-1.8528854930838312,-2.3695547960621672,-4.108217517214686,-3.885018229866287,0
b2AR-decoy_323,C=C1CCC[C@@H]2[C@]1(C)CC[C@H](C)[C@@]2(C)Cc1cc(O)ccc1OC(C)=O,-7.18097250675218,-4.066672477645005,-4.310031966231821,-3.16838590684094,-3.3258912616270084,-2.9687815011935745,-2.753721334745931,-1.343168678714567,-4.125914729535227,-3.092327643438997,0
b2AR-decoy_264,C[C@@H]1CCCCO[C@@H](CN(C)S(=O)(=O)c2ccc(F)cc2)[C@H](C)CN([C@H](C)CO)C(=O)c2cc(NS(=O)(=O)c3ccc(Cl)cc3)ccc2O1,-7.18002513506841,-5.044740992595415,-4.306961989423161,-4.21209244347581,-2.655450990884148,-0.8605842107370947,-1.3778983685057913,-1.1217579776817672,-3.4043252991885566,-4.107512890164617,0
b2AR-decoy_491,Oc1cc(c2cc3cccc(O)c3o2)cc(O)c1O,-7.17800389464399,-5.913723320290155,-4.683924728098061,-3.97067607640189,-3.6771151863046985,-2.439546662855065,-2.650522256255411,-2.702275044385387,-4.266825479203447,-4.195819142018607,0
b2AR-decoy_1714,c1ccc2cc(c3n[nH]c4ccc(C5=NN=NN5)cc43)ccc2c1,-7.17750884127082,-4.199271727664725,-4.968858164665191,-3.53540390475026,-3.8025478634463488,-3.4751003714217745,-3.0509720790326407,-2.603575534216807,-4.003318451628647,-4.094307568591416,0
b2AR-decoy_1655,CC(C)c1ccc(Sc2ccc(C(=O)C(Cl)Cl)cc2[N+](=O)[O-])cc1,-7.17674994168281,-4.647668438729955,-4.892556127849821,-2.99381248235178,-4.114979241516428,-3.0350595797280944,-0.6845967784844609,-2.099889657602217,-3.607322133804356,-4.138679705408046,0
b2AR-decoy_4,N#C/C(=C\c1cccc2ccccc12)C(=O)c1c[nH]c2ccccc12,-7.17579480993494,-5.193619681923585,-3.292440976451111,,-2.0406451268677888,,-1.860171783826801,-2.0665472126285565,-5.089570511411806,-4.012715331637937,0
b2AR-decoy_518,N#Cc1cc(O)cc2ccc(c3cccc(O)c3)cc12,-7.17552477981242,-6.056872211380795,-5.844744676350021,-4.6099970568462,-4.378155416575408,-3.677166727341615,-3.854221042433912,-3.3351987668121668,-4.048059845521807,-4.507730443499318,0
b2AR-decoy_670,CC1=CCC[C@@H]2[C@]1(C)CC[C@H](C)[C@@]2(C)Cc1cc(N2CCCC2=O)ccc1O,-7.17533613398336,-2.959580633544816,-2.979724646004401,-3.32162312284714,-3.130931489820169,-2.3767205110285445,-3.2285192015221407,-3.2302857534693468,-4.052251593483996,-2.6942962257399867,0
b2AR-decoy_2834,C[C@H]1CCC([C@@H](C)[C@H]2CC[C@H]3[C@@H]4CC=C5C[C@@H](O)CC[C@]5(C)[C@H]4CC[C@@]32C)=NC1,-7.17529068687236,-4.194532891720916,-4.156238624204831,-2.8397730234332395,-4.598478171098268,-2.6224914059423146,,-2.0096915055303164,-3.858572796870466,-2.8409446613448366,0
b2AR-decoy_867,COc1ccc(/C=C\c2cc(OC)c3ccsc3c2)cc1O,-7.17496104680429,-5.095167452292755,-4.504005332362501,-4.02092445856251,-4.853123995240278,-1.5719009337590144,-2.6235713575224318,-3.039664837831987,-3.4357980599124565,-3.4099643142146774,0
b2AR-decoy_91,Cc1ccc(c2csc(/C(C#N)=C/Nc3ccccc3SC(F)(F)F)n2)cc1,-7.17457860925443,-4.417162078106645,-4.768868464167481,-4.01775574886301,-4.863850506446218,-1.487808902682325,0.3110541889531788,-1.657816504287477,-2.8136663253872367,-4.043140804505146,0
b2AR-decoy_2012,C=C1CC[C@H]2[C@@](C)(CC[C@@H](O)[C@@]2(C)CO)[C@@H]1C/C=C1\SC(=S)NC1=O,-7.17345118678702,-5.117671757399805,-4.812343322718792,-3.472667284706389,-3.629638146375618,-2.775648904414074,-3.217855898137711,-2.109461413134407,-3.535060526862736,-3.5959359137989373,0
b2AR-decoy_3092,O=C1/C(=C\c2cccc(Oc3ccccc3)c2)SC(c2ccccc2)N1c1ccc(Cl)cc1,-7.17263377243114,-2.010017535117985,-3.620551555930561,-2.90406665874381,-2.3813085853057787,-0.5853203453889844,-1.8604037428564717,-0.4861009383903365,-1.8666445466992068,-2.707699225530487,0
b2AR-decoy_1998,CC(=O)C1=C(C)NC(SCC(N)=O)=C(C#N)C1c1sccc1C,-7.17174365647381,-4.446084188409795,-3.603710749508301,-3.5564362425548897,-2.958914332291169,-3.172556314238455,-2.509867044231611,-1.7976854347226068,-3.756667131900266,-3.2249708476985366,0
b2AR-decoy_2793,Cc1ccc2[nH]c(/C(C#N)=C\c3ccc(Oc4ccc(C(F)(F)F)cc4[N+](=O)[O-])cc3)nc2c1,-7.1708421056962,-5.688934557821045,-3.6146560309298312,-4.228547292819,-2.655260417659548,-0.4294999733660951,-0.9113730697144709,-1.946205093328457,-1.9015708688619064,-2.829453752603657,0
b2AR-decoy_318,COc1ccc(C(=O)c2c(c3ccc(OC)cc3)oc3cccc(O)c23)cc1,-7.16958384834923,-4.739236187685435,-4.587504172435181,-4.028297806114519,-3.890224426253578,-3.0008258824305845,-1.7661309100587212,-2.386980443893817,-3.849481469234866,-3.017599654706967,0
b2AR-decoy_1892,O=[N+]([O-])c1ccc2c3ccc([N+](=O)[O-])c4ccc5ccc6ccc1c2c6c5c43,-7.16863909209329,-3.217570177813225,-5.309801585508541,-1.52456268417317,-4.013278302439248,-3.2440506331130745,-2.5120722133280013,-1.804448844066437,-2.7802670926856363,-3.663912481653517,0
b2AR-decoy_2420,C(=C(c1nc2ccccc2s1)c1nc2ccccc2s1)c1ccccn1,-7.16774405590083,-2.9753491974811954,-4.347023300602541,-3.42026898831208,-4.396740503161689,-2.671565539078065,-1.9933459974824408,-1.2759613914848966,-3.2948964273858765,-3.353136711549807,0
b2AR-decoy_1813,CCOC(=O)c1oc2cc(c3ccc(OCCc4ccccc4)cc3)cc(O)c2c1C,-7.16762427929453,-4.703608674038495,-3.8331123922830814,-2.6436140317754795,-4.080335464794988,-1.880388852251695,-2.149652074756341,-0.8789500472166072,-1.644080885335586,-4.372639607315687,0
ASD03130030,O=C(Nc1ccccc1-c1ccccc1)OC1CCN(CCCCCCCCCNCC(O)c2ccc(O)c3[nH]c(=O)ccc23)CC1,-7.16460083717804,-4.672500721706765,-5.164580589540021,-4.1705170886648695,-3.841143800476308,-3.2937768577248745,-3.246608164978941,-3.253995662790807,-3.2207714901746263,-3.4421953167904973,1
b2AR-decoy_2988,N#Cc1ccc(OCc2cn(Cc3ccc(C#N)c(c4ccc5ccccc5c4)c3)cn2)cc1,-7.16422087202079,-4.847346806368865,-5.362615877149911,-5.22207799968997,-4.571886328018668,-4.556043240194224,-1.0278625296714807,-2.095784426052677,-5.445266645934156,-5.896759034115016,0
b2AR-decoy_2121,O=C(CSCc1ccccc1)NNC(=S)Nc1cccc(Cl)c1Cl,-7.16305675397298,-4.597604661304785,-4.582906940074391,-3.41173278995026,-3.670721448678468,,-2.479472689772111,-1.2340105292673371,-3.513196695160886,-3.471527293446107,0
b2AR-decoy_2239,C[C@]12CC[C@H]3[C@@H](CC=C4C[C@@H](O)CC[C@@]43C)[C@@H]1CC[C@@H]2C(=O)/C=C/c1ccc(C#N)cc1,-7.16157958156131,-7.139230555676384,-3.1348898447174616,-4.55764900633865,-3.7682025015529774,-3.745027234392115,-1.6904032577135908,-2.552992590357647,-4.2632149666175465,-3.5809102108796167,0
b2AR-decoy_1501,O=[N+]([O-])c1ccc(CSc2nnc(c3ccc(Cl)cc3)s2)c([N+](=O)[O-])c1,-7.16001421700327,,-2.241161499029621,0.0478019058407901,-3.0970703741248284,-2.1909192360119345,-2.9129135098233307,-0.5621614319608872,,-3.4756390118468468,0
b2AR-decoy_2029,CC(C)(C)CC(=O)NC(C(=O)NO)c1ccc(c2cc(F)c(F)c(F)c2)cc1,-7.15730222619509,-4.719880743694315,-4.580967807132261,-3.24899531171119,-4.248258503283658,-3.099327633961635,-2.937835773313771,-2.7452538939343665,-3.767654878550786,-4.0254930177961565,0
b2AR-decoy_699,COc1ccc(C2COc3c(ccc4c3C=CC(C)(CCC=C(C)C)O4)C2)c(O)c1,-7.15673194448839,-4.926684077699496,-4.405350060909521,-2.5723687705138696,-2.7231827087099587,-2.3117057627332445,-2.10871099121803,-1.2537831941212572,-2.7274711392131765,-3.588143730962647,0
b2AR-decoy_536,CC1(C)CC(=O)C2=C(C1)OC(N)=C(C#N)C2C1C=CCCC1,-7.15307765922152,-5.229454343317316,-4.812325023048642,-3.8112712975882896,-3.5384850741345684,-3.974829513172745,-2.7589529493624214,-2.303750754945037,-4.6897831027434265,-4.765559059987748,0
b2AR-decoy_189,C=CC[C@H](CC(=O)NCCO)C(=O)N[C@H](COC(=O)[C@H](CC=C)CC(=O)OC(C)(C)C)Cc1c[nH]c2ccccc12,-7.15233857057974,-4.775103661461476,-5.523132713625412,-3.4090647539168897,-5.074307422175069,-3.3776827179598543,-4.229853633374541,-2.511302821607827,-4.364917119875787,-4.7095130198184965,0
b2AR-decoy_2304,Cc1nnc2sc(C(=O)NC3CN(c4cccc(F)c4F)C3)c(N)c2c1C,-7.1493969175016,-5.828646203373135,-5.036779361633212,-3.87304313922148,-4.100529036369139,-3.4723869054953544,-2.579525077906691,-3.1664303898592268,-4.009103372507746,-4.580547762625637,0
b2AR-decoy_2256,O=C1/C(=N\c2ccc(/N=C/c3ccccc3O)cc2)c2ccccc2N1Cc1ccccc1,-7.14849278141586,-5.003459358398815,-4.607555738544871,-3.81098970233733,-2.8830215935882686,-2.504790264729425,-2.750494627008461,-2.8589478918224964,-3.396402861794966,-3.949582081586017,0
b2AR-decoy_1097,O=C(NCc1cccs1)c1ccc2nc(c3ccco3)c(c3ccco3)nc2c1,-7.1476685155131,-1.6569627587123352,-4.195189063996922,-2.99267412334834,-3.219175970802689,-1.1159501215160947,0.1041951069325692,-0.9034908742845672,-3.9089503053734074,-2.609262818099657,0
b2AR-decoy_888,CC(C)c1ccc(c2cnc3sc(NCc4ccncc4)nn32)cc1,-7.14613565294656,-4.949726965498095,-4.830468622630361,-4.550717662702819,-4.290211207996759,-3.423951331755154,-2.385109169116231,-1.8617567543449365,-5.418044893444156,-3.6229195819087567,0
b2AR-decoy_2598,Brc1ccc([C@@H]2CC3CCC(S3)C2c2cc(c3ccccc3)no2)cc1,-7.14183083348979,-5.319916784851485,-4.557782432786171,-3.67884318905924,-3.770064218606159,-3.0192594467905645,-3.073862006535351,-2.3974733455844666,-3.6518887853842266,-3.634409505378186,0
b2AR-decoy_1225,CCNC1=CC(=O)C=C(C[C@]2(C)[C@@H](C)CC[C@]3(C)C(C)=CCC[C@H]32)C1=O,-7.1405283203432,-3.844678099988655,-4.194669122744951,-3.4209776584906395,-3.255223858565839,-2.946036503562265,-2.5586210482863514,-2.575146817740287,-3.5739265484495064,-3.0602997785858466,0
b2AR-decoy_979,COCO[C@@H]1C[C@]23CC[C@H]4[C@@](C)(CCC[C@@]4(C)CO)[C@@H]2CC[C@@]1(C)C3,-7.13848761885302,-4.4884830350423055,-4.106070918197971,-3.57830840541457,-2.9349573314767685,-2.4134357398501445,-1.557002865285301,-1.3345804300327169,-3.1579623537888466,-3.0036158813806666,0
b2AR-decoy_1928,OC(c1ccc(OC(F)(F)F)cc1)c1cc2ccccc2cc1c1cccnc1,-7.1378667328236,-3.815360016781956,-4.615691901776721,-2.4639857731677,-2.2702821994935087,-2.9280074524453443,-2.4082454166763414,-2.1408740014019365,-3.602924020747267,-4.303326680747176,0
b2AR-decoy_1357,COc1cc(C(C)c2ccc3c(c2)c(C)cn3C)cc(OC)c1OC,-7.13768614302209,-4.293769485887215,-4.988633048210671,-3.19158824571438,-3.939212277106108,-1.9874854913477649,-2.158899486107111,-2.418163178408437,-3.0934907796828464,-3.8184066139570674,0
b2AR-decoy_1742,Cc1ccc2[nH]c(SCc3nnc(c4ccccc4Br)o3)nc2c1,-7.13710511752754,-5.253623707393225,-5.258902494527941,-3.37545213164154,-3.952603609999039,-3.6127130171063646,-1.9274186833920612,-2.913901574765977,-3.5181225061587265,-3.897372359727847,0
b2AR-decoy_1543,CCOC(c1ccc2c(c1)OCCO2)C(SC(C)(C)C)n1ccnc1,-7.13673679886435,-4.622691776176585,-4.208096489115301,-2.72999284169508,-2.7965874388620184,-2.838965569128555,-1.353475413173021,-2.1497230251370167,-3.007076142949477,-3.236269617141447,0
b2AR-decoy_1861,O=C1CCCC/C=C\C[C@H](CC(=O)N(CCO)Cc2ccccc2)C(=O)N[C@@H](Cc2ccccc2)CO1,-7.13580909020542,-5.439320168754705,-4.7580049385309815,-3.227729437856309,-3.652827566454178,-2.3768212895346146,-1.1988105037550012,-3.634653362932177,-2.112147819070726,-4.074422009367908,0
b2AR-decoy_962,O=C(/C=C\N(O)Cc1ccccc1)c1ccc(c2ccccc2)cc1,-7.13579463780654,,-2.8729304553570314,-3.7716750500848297,-2.1003904618346683,,-3.428469265923911,-2.2907340548962667,-2.637522373487226,-2.3323454261998973,0
b2AR-decoy_1744,O=C(CSc1nc(C(F)(F)F)cc(c2cccs2)n1)NCc1ccco1,-7.13489456976237,-3.294342806700195,-3.837546671206691,-3.86905747540244,-3.7957790367923687,-3.177350837311165,-1.693412993571111,-1.677121700033637,-3.498634159329717,-4.058759037735786,0
b2AR-decoy_1044,CCOc1ccc2nc(SCC(=O)c3cccs3)sc2c1,-7.13407664278524,-5.002658179769295,-4.606221008661771,-3.5711277336373595,-3.5865026292746984,-3.160881443113195,-2.8483048756620306,-2.759989045930867,-3.656870086172926,-4.169742278984938,0
b2AR-decoy_766,C=CCc1cc2c(cc1O)C(C)(C)C(Cc1ccc(OC)cc1)O2,-7.13401288881011,-4.265183652915305,-4.827179940889401,-3.65837571077045,-3.6521151449326794,-3.295126593868905,-2.237560352949441,-0.834440171978267,-4.2256985870595365,-3.4883105324985477,0
b2AR-decoy_114,COc1ccc(/C=C2/C(=O)Nc3ccc(Cl)cc32)c(c2ccc(C#N)cc2)c1,-7.12830000317574,,-3.522504858309331,-0.4265210023186898,,-1.918336974881015,-3.098283730077921,0.1922131190696729,-1.6847689502705965,,0
b2AR-decoy_791,Clc1cc2nc(SCc3ccncc3)[nH]c2cc1Cl,-7.12686401295657,-5.573558686056175,-4.222279069546771,-4.420517461994209,-3.824509131811369,-2.3923577477447946,-1.4565014984619813,-1.2623900999515172,-2.9376422225531966,-3.115005842297227,0
b2AR-decoy_517,CC1=CC(C)(C)[C@@]2(O)CO[C@@H](c3ccc(O)cc3)[C@@H]1C2,-7.12527562292272,-4.577133647936655,-5.337373301913892,-4.38869380315794,-4.059644854545969,-3.5904620156888347,-1.956742483115821,-2.6190192901588665,-4.929715414602846,-3.2779388264365568,0
b2AR-decoy_2351,NS(=O)(=O)c1ccccc1NS(=O)(=O)/C=C/c1ccccc1C(F)(F)F,-7.12284958295801,-4.330619641804305,-4.183056890805231,-3.00099701543639,-4.427821851328658,-3.158818743961085,-1.8422177254514212,-3.670133646242636,-3.5001529666819167,-2.9695736537270467,0
b2AR-decoy_618,Cc1ccc(c2cc(NC(=O)C(C)Oc3ccc(C)c(C)c3)on2)cc1,-7.12145489687424,-5.566163505089095,-4.681695198217401,-2.85731825513484,-2.696093690128839,-2.701442934491835,-1.3539596283408608,-1.022860912631347,-3.251852462094017,-3.710394439925247,0
b2AR-decoy_615,CC1(C)Oc2ccccc2C(=O)C1(Cl)SNc1ccccc1,-7.12116803715012,-6.669949804714404,-4.432347676276331,-3.92127188521752,-3.4204678922753384,-2.9327014372154547,-2.1211877469542118,-2.2701542745646366,-3.845022818788817,-3.3999356185641774,0
b2AR-decoy_1704,C/C(=N\n1c(C)nc2cc3c(cc2c1=O)OCO3)c1cccs1,-7.12109038081635,-4.687130214499355,-4.225648987707921,-2.82709934761278,-4.417655775737509,-2.3724066899486447,-3.768088025276661,-1.9064498754014467,-4.304584858113806,-3.9491594813569866,0
b2AR-decoy_445,Oc1cc(Br)c(c2cc3ccccc3o2)cc1O,-7.11829323103368,-4.524327473536345,-4.433529897395611,-3.6690883178292495,-3.638671703562888,-2.6980285217674744,-2.5220029889969107,-2.4293382517180167,-3.6925174266996255,-3.606849227237537,0
b2AR-decoy_2211,Cc1ccc(C(=O)/C=C2\Nc3ccccc3S\C2=N\CS(=O)(=O)c2ccc(C)cc2)cc1,-7.11802137078958,-3.6116451908685647,-4.256440390101331,-3.0536578914627297,-3.451874867105678,-3.644300756160205,-2.0769065359328707,-2.032536570042077,-3.271073957563786,-3.883650420559827,0
b2AR-decoy_321,O=c1[nH]cnc2c(/C=C/c3ccccc3)c(c3ccc(F)cc3)sc12,-7.11537212114079,-4.859033199452456,-5.377309298434781,-3.54547739222287,-4.047081888589879,-2.767452560424495,-3.053672849781641,-2.182665139590127,-3.6091784352003167,-3.834442818554967,0
b2AR-decoy_1510,COc1cc(c2c(c3ccc(SC)cc3)cnn2C)cc(OC)c1OC,-7.11382360749097,-4.555259296882915,,-3.15109761846524,-2.9892501712116086,,-1.9810967329571316,-1.3876678283725772,-1.904441435783326,-3.7058353101289474,0
b2AR-decoy_298,CC(C)CN(C[C@@H](O)[C@H](Cc1cc(F)cc(F)c1)NC(=O)O[C@H]1C2CO[C@H]3OC[C@@H]1C3C2)S(=O)(=O)c1ccc2nc(NC3CC3)sc2c1,-7.11234081079145,-3.128688681390795,-7.027864914430062,-3.4788824165436694,-3.7157359827748175,-4.717164427991344,-4.36552448552014,-3.109850554247517,-4.100713729436197,-4.791891908882437,0
b2AR-decoy_2002,Cc1ccc2[nH]c(C(C#N)=Cc3ccc(OCC(N)=O)cc3)nc2c1C,-7.10961938263336,-4.162284357370985,-5.228595980376741,-3.903608006458169,-3.2047877991977787,-2.6406759326465643,-3.0344764335380807,-3.3907977188807665,-3.0883306793909364,-3.7244821338020873,0
b2AR-decoy_1374,CCC(C)c1cc(C=O)cc2cc(c3cccc(OC)c3)c(=O)oc12,-7.10843466075283,,-4.567557313197751,-2.0524536282467998,-3.386792362681589,-2.5831173622433647,-1.6122652693412611,-1.9462491567822164,-4.407176662328807,-2.421946919569107,0
b2AR-decoy_2675,O=C(CNC(=O)c1ccccc1/N=C/c1ccc(Cl)cc1)N/N=C\c1ccc(Cl)cc1,-7.1082402785867,-3.883155979204536,-4.591711983467271,-3.4744631160644497,-3.2352570175313584,-3.0640344259689147,-2.619038540843021,-2.430767185936097,-3.0561978033017265,-3.1938153444353667,0
b2AR-decoy_2846,C=C1C(=O)[C@@]23CC[C@H](C(=C)C)[C@@](C)(CCC(=O)OC4CCCCC4)[C@@H]2CC[C@H]1C3,-7.10822380440312,-4.0000344035269855,-3.9902350076836113,-3.056563609693589,-3.299932219529218,-1.812013342064045,-3.0442402024669306,-2.323212415601607,-3.723183632597357,-3.534401195232177,0
b2AR-decoy_2320,CC(O)(COc1ccc(O)cc1)C(=O)Nc1ccc(C#N)c(C(F)(F)F)c1,-7.10730070523765,-5.422601600585515,-4.806606671792111,-3.53907616442866,-5.002447496856128,-3.240613985371925,-2.453385361979181,-2.774411487517847,-4.384131549861347,-3.905582637194477,0
b2AR-decoy_487,CC1=CC[C@]2(O)C[C@H]1[C@H](c1ccc(O)cc1)OC2(C)C,-7.10433753065592,-5.112421302421005,-4.6182145721724615,-3.91085001648256,-4.096048994275838,-3.4195345795726446,-2.6636388488840907,-2.216446936996737,-4.786631647296846,-4.0093929315402566,0
b2AR-decoy_1272,CCc1ccccc1OCc1ccccc1C(=NOC)c1ccon1,-7.10378577950775,-4.775582515272645,-4.209465307538321,-2.6469082358892395,-3.8521266462045487,-2.4497150938542847,-2.3293207177134114,-1.7265322224846766,-3.3436222721381963,-2.9471709435016678,0
b2AR-decoy_2798,Cc1ccccc1c1cc(C(OCc2ccc(Br)cc2)c2cncn2C)ccc1C#N,-7.10370763455275,-4.195675801574455,-4.376120414037541,-2.5638531315633,-3.652999586041738,-3.724887736518274,-1.935017104261771,-2.991199582883717,-3.334403353639126,-4.032293046590146,0
b2AR-decoy_1200,COc1cc(O)c(C(=O)C(C)C)c2c1[C@H]1[C@@H](O2)C(C)=CC[C@@H]1C(C)C,-7.1035108443244,-3.992124774845345,-4.990895868034401,-2.96883717905603,-3.2637470210884585,-2.604456405396575,-1.8791744393546812,-2.420780913701977,-3.457502115474086,-2.1966528486290966,0
b2AR-decoy_1539,O=C(OC(Cn1ccnc1)c1ccc(Cl)cc1)c1ccc(c2ccccc2)cc1,-7.10234214859914,-4.221507477305945,-5.601670378522541,-3.113861189184369,-3.4466825728380286,-4.6884174650155455,-1.8941033843458517,-4.777928963953347,-3.5666919057668363,-3.2683295296580472,0
b2AR-decoy_991,CCCc1c(C/C=C(\C)C/C=C/C(C)(C)C)oc(=O)c(C)c1O,-7.10207779868036,-3.9560870547183855,-3.366843499100921,-2.78493832884826,,-2.421523022948505,-2.322895899054931,-1.650410035421947,-2.550569014258226,-3.6358281297403168,0
b2AR-decoy_1172,C/C(=N\O)c1ccc(OCc2cc(C(F)(F)F)cc(C(F)(F)F)c2)cc1,-7.10201297571726,-4.136327119006785,-4.616145616493001,-3.15725614510444,-4.351232508753829,-2.3725247453237346,-1.6602794712065112,-2.249306648938047,-3.987143714744637,-3.833390250018287,0
b2AR-decoy_881,Cc1cc(C)c(/C=C/[C@@H]2C[C@@H](O)CC(=O)O2)c(c2ccc(F)c(C)c2)c1,-7.09873209266834,-4.948872252882206,-4.958641502982881,-3.88204736731685,-4.245721248156259,-2.9781482830319943,-2.7843203464132307,-1.6143253774777069,-3.922749841513317,-4.1610206684274775,0
b2AR-decoy_1871,COc1c(O)cc2oc(c3cc(CC=C(C)C)c(O)c(C/C=C(\C)CO)c3)c(OC)c(=O)c2c1O,-7.0982911486132,-3.822108008410525,-3.571229282900701,-2.85031546012652,-3.4088971102875387,-1.5675911614883749,-2.7744852489630114,-1.422009945561487,-2.260876684821186,-2.578401149824926,0
b2AR-decoy_478,O=C1/C(=C/c2cccc(O)c2)Cc2ccc(O)cc21,-7.09703523892048,-6.8878676321733145,-5.984723075309761,-5.427365885580059,-3.495211037677419,-4.4349381710562845,-3.042619737181351,-4.109128997510387,-5.506928341033996,-4.0949983069198765,0
b2AR-decoy_575,Nc1ccc(/C=C2\COc3ccc(Br)cc3C2=O)cc1,-7.09660520843114,-5.302548679834965,-4.122168246712041,-4.04490019000007,-3.934341943628549,-1.8945743944275248,-3.234598589979691,-1.4043855998930166,-4.156745197529577,-2.8482769399782266,0
b2AR-decoy_123,CC(C)=CCCC1(C)C=Cc2c(O)cc(/C=C/c3ccc(O)c(O)c3)cc2O1,-7.09616951284063,-4.622127992112585,-3.7382413983774416,-2.6219323600281195,-2.484203460768028,-2.397612921515795,-2.1547421425457207,-1.6855252217930472,-3.146002865591006,-3.2826721816770568,0
b2AR-decoy_1459,C[C@@H]1C[C@@H](O)[C@@H](O)/C=C/C=C\C(=O)O1,-7.0946854734221,-3.9293937367451943,-4.554622452861981,-3.2410605974543696,-3.595984251571278,-3.163459642513045,-1.897648323581051,-1.386037895341507,-4.2884189205163565,-3.665526340131127,0
b2AR-decoy_574,NC(=O)c1sc(Oc2ccccc2)c2c1CCc1cnsc1-2,-7.09349908620833,-4.933961217761525,-4.582775995144311,-3.70267985964954,-2.213771525686359,-2.1327574064916544,-2.094116935798061,-1.981743124515397,-4.238064927418456,-3.4971314792408967,0
b2AR-decoy_75,COc1cc(c2ccc3c(c2)NC(=O)/C3=C\c2c[nH]c3c(C)cccc23)ccc1O,-7.09338630222842,-2.615144286908436,-4.113161624185511,-0.1029572692043698,-2.2848187035887886,-2.332019838350285,1.051938063997789,-1.5384715613076372,,-3.1233112375207965,0
b2AR-decoy_2613,O=C1/C(=C\c2ccc3ncccc3c2)CCC/C1=C/c1ccc2ncccc2c1,-7.09176034299487,-5.927391801685115,,,,,,,,-2.3329873586717667,0
b2AR-decoy_880,CCSC1=C(C#N)C(c2ccc3c(c2)OCO3)C2=C(O)CCCC2=N1,-7.09145991661854,-4.488816251806076,-4.3314363571018015,-3.93155607445759,-3.8833558036387386,-2.6749266564022545,-1.3298202039124911,-1.187941645053347,-2.959054647517676,-3.919896322466237,0
b2AR-decoy_1978,O=C(N[C@H]1N=C(c2ccccc2F)c2cccc3c2N(CC3)C1=O)c1cc2ccccc2[nH]1,-7.09106627438344,-4.922289315205685,-4.440940646066181,-4.8235860162706095,-4.846901512084639,-3.827073039167165,-3.339375773708751,-2.2585332740397366,-4.228783212764967,-4.943510153200236,0
b2AR-decoy_258,CCC1=C(OC(=O)N(CC)CC)N2C(=O)O/C(=N\CCc3c[nH]c4ccccc34)[C@]2(Cc2ccccc2)[C@H]2C1=CC[C@H]1C(=O)NC(=O)[C@H]12,-7.08920654728379,-5.537706572155575,-4.272799636069792,-4.20566119726608,-5.518442899447818,-2.358876856511235,-1.9016237551163009,-1.8734543246976472,-4.423707850538016,-3.9601809250612265,0
b2AR-decoy_2401,COc1c(=O)c2c(O)c(CC=C(C)C)c(O)cc2oc1c1ccc(O)cc1,-7.08718085241206,-4.411650979120025,-5.149802834185891,-3.8913090772350296,-4.166734687772388,-2.446354471366325,-3.259029665161881,-3.4511780047518066,-3.6150874865851454,-3.060510399329637,0
b2AR-decoy_2863,C[C@H]1OC(=O)[C@@H]2C[C@@H]3CCCC[C@H]3[C@H](/C=C/c3ccc(c4ccccc4Cl)cn3)[C@H]12,-7.08522655220309,-4.577815174576196,-4.481618237654101,-3.13382042831048,-2.738972467396258,-2.087018798557625,-1.438251343077571,-1.332733439884917,-3.587550553587606,-3.134836688718147,0
b2AR-decoy_1367,CC(C)(C)c1ccc(c2nnc(SCc3ccccc3)o2)cc1,-7.08521264485462,-5.881080463725925,-3.6797047926745616,-3.8792753058804097,-2.511682100889338,-0.0595203897623948,-0.0332426108795607,0.8988864492669433,-1.1556472500111266,-3.564253109989626,0
b2AR-decoy_556,N#CC1=C(N)S[C@@H](C(=O)c2ccc(F)cc2)[C@@H]1c1cccs1,-7.08488598444487,-4.836640963385356,-4.289822083590071,-3.79090416639999,-3.493336059627798,-2.661472596528605,-3.1599050757374707,-2.606339567024337,-4.966662482340336,-4.238877722989468,0
b2AR-decoy_3148,CCN(CC)P(=O)(/C=C(\Cl)c1ccccc1)/C=C(\Cl)c1ccccc1,-7.08430709520555,,-3.404920979075251,-3.948043560969349,-3.2534584401943487,-2.4179284668561447,-1.0644720882069514,-1.8658510372196364,-4.885828926689927,-5.010126784926756,0
b2AR-decoy_2674,Cc1cc(F)ccc1Oc1cc(C(F)(F)C(F)(F)F)ccc1C(=O)Nc1cc[nH]c(=O)c1,-7.08398132998185,-5.095476881092085,-4.0437101714879615,-2.2377394451371995,-4.503402057712348,-3.109611072778895,-2.635001534703301,-3.984077831158936,-3.3904672895687264,-4.038930798093308,0
b2AR-decoy_1659,CCCCc1cn(C[C@H]2CN(c3ccc4c(c3)Oc3ccccc3O4)C(=O)O2)nn1,-7.0835637473987,-4.761978050770325,-4.843062073539722,-3.20873985953272,-3.5871223889075488,-1.7742838681228443,-2.798392328904441,-0.8880855643584367,-2.998214042795847,-3.047262350578467,0
b2AR-decoy_2562,COc1ccc(OCC(=O)Nc2nc3ccc(c4nc5cc(Cl)ccc5o4)cc3s2)cc1,-7.08271646578184,-3.764048537477315,-4.313360806176381,-1.9724334256724292,-2.163197809937558,-1.2717473250928943,-2.465302475194351,-0.5466596473247165,-1.2817654164927563,-2.432355275363307,0
b2AR-decoy_1958,Cc1cc(NS(=O)(=O)Cc2ccc(NC(=O)Cc3ccc(Cl)c(Cl)c3)cc2)no1,-7.08189073938772,-4.750435498299725,-4.648999781761281,-3.30160473179708,-2.423311355860128,-2.104593233234975,-2.6577740906331613,-2.0981301404017767,-3.497557470444006,-3.568618336472047,0
b2AR-decoy_789,O=C(N/N=C/C1=C(Cl)c2ccccc2CCC1)c1ccccc1,-7.08060661141501,-3.171010760388365,-4.825351342331831,-2.45363380145592,-4.107740721845048,-3.4809144641352843,-1.9040377241808608,-0.710555779063907,-3.844502984999666,-2.915153732829587,0
b2AR-decoy_2819,COc1ccc(N2C(=O)[C@H](Oc3ccc(C=O)cc3)[C@@H]2c2c3ccccc3cc3ccccc23)cc1,-7.08012148571889,-5.018888685080436,-4.546275147772631,-3.01025050435202,-6.022191981261409,-1.8527609711413549,-2.647167575713661,-2.404873897412057,-3.578347602786627,-5.320900243391966,0
b2AR-decoy_3114,CC(C(=O)NCc1ccc(C(C)(C)C)cc1Br)c1ccc(NS(C)(=O)=O)c(F)c1,-7.07973826788592,-5.769812177062195,-3.204941297619781,-3.5079217838683894,-3.2151631518345187,-1.7031088670343149,-3.794497617577692,-2.268650807877697,-3.667538177541657,-3.842506047337877,0
b2AR-decoy_2878,O=C(/C=C/c1ccc(/C=C/C(=O)c2cccc3ccccc23)cc1)c1cccc2ccccc12,-7.07852813985362,-4.936098251737785,-2.683505549306592,,0.1706464568929817,0.5162639815305154,-1.0350799610531212,-1.8073293799244468,-1.4978759129592063,-1.4479635653603269,0
b2AR-decoy_2895,C=C1CCC2[C@@](C)(C(=O)OC)CCC[C@]2(C)[C@H]1CCc1ccc2c(c1)C(=O)C=C(C)C2=O,-7.07612875770018,-4.719697877850365,-4.381009022066151,-1.0064188931073996,-4.407809796198118,-1.5848863644919051,-1.3300906558604506,-2.3308649519168565,-3.6997044738543368,-1.8299467688886664,0
b2AR-decoy_3175,CN(C)c1ccc(/C=C(\C#N)c2nc(c3ccc(Cl)c(Cl)c3)cs2)cc1,-7.07520328745134,-2.915271922427695,-3.3463500098434915,-3.13143208561272,-1.1028421775804589,-0.9093537498999452,0.551062999478479,-2.675608027435157,-1.421040021887296,-4.771466749691667,0
b2AR-decoy_2223,O=C(c1ccc2c(c1)OCCCO2)c1oc2cc(O)ccc2c1c1cccc2ccccc21,-7.07166516391753,-4.608638525158376,-4.9202274757091615,-3.4019745447381897,-3.660793528234088,-2.9888602354743545,-2.599938947207411,-3.8341822060125175,-4.748717652419557,-3.512176450465297,0
b2AR-decoy_1589,CCCCCC[C@@H](C)/C=C(C)/C=C/C(=O)N[C@H]1C[C@]2(C=C(Cl)C(=O)[C@H](Cl)[C@H]2O)O[C@H]1OC,-7.06791145032825,-4.524956124522195,-3.8160019628412014,-2.2753373855160195,-2.630176242231329,-1.741744208126505,-1.0857564338713912,-0.8675858166005472,-3.608484764572946,-3.094182252439486,0
b2AR-decoy_1570,CCc1ncnc(NC(C)c2ccc(NC(=O)N(C)CCCN(C)C(C)=O)cc2)c1Cl,-7.0678551330807,-4.003640291531185,-4.007874016263881,-2.24969287948767,-2.1644365888332286,-2.2406646332724245,-2.735255968073851,-1.443714378787447,-1.4393497528791563,-2.042092745946007,0
b2AR-decoy_525,Oc1cccc2ccc(c3cc4ccccc4[nH]3)nc12,-7.06749941597424,-6.850632794509496,-5.033173638727691,-4.558532874518209,-4.509561972002448,-3.2502380053976543,-3.297924564128751,-3.093052267809317,-4.109674637972836,-3.5254566768718374,0
b2AR-decoy_1408,N#Cc1c[nH]c(c2nc(C(F)(F)F)c[nH]2)n1,-7.06551431136986,-4.693053830027165,-5.419110435889981,-3.798043516490489,-3.5128384025598187,-3.468606754851625,-2.4900326413758807,-2.342395339377127,-3.999754074513036,-3.581296155369087,0
b2AR-decoy_2177,CC(C)(C)c1ccc(Oc2cccc(/C=C3/SC(=O)NC3=O)c2)cc1,-7.06129786806364,-4.972165871775435,-5.228713877313061,-4.23470171047839,-2.8096038831850683,-3.467789427944915,-4.612992988795551,-2.2331064254635864,-3.2902000396256765,-4.664443798126538,0
b2AR-decoy_1154,CC(C)=CC(=O)C/C(C)=C/CC[C@@]1(C)Oc2oc3cc(O)ccc3c(=O)c2[C@H]1C,-7.05987853862726,-5.614149772748945,-5.373201109751201,-2.8359465903229,-4.484373904019368,-2.463651534300455,-1.5833959169161007,-2.0954134258784265,-4.837996574781866,-3.888525446887477,0
b2AR-decoy_1740,Cc1cc(/C=C(\C#N)C(=O)NCc2cccs2)c(C)n1c1ccc([N+](=O)[O-])cc1,-7.05976407203228,-3.381591991098025,-3.705809864183541,-3.3165543560069697,-3.3750428105902888,,0.0815901236411793,-0.8136113344215268,-1.1279917105138564,-2.8190821862117565,0
b2AR-decoy_3081,CC#C[C@]1(O)CC[C@H]2[C@@H]3CCC4=CC(=O)CCC4=C3[C@@H](c3ccc(SC)cc3)C[C@@]21C,-7.05899948817415,,-3.814618014320531,-2.2596043108132697,-2.6491811803066083,-2.6442825808264345,,-3.487345562871747,-2.653571385116506,-3.807544102845967,0
b2AR-decoy_1145,CC(=O)NCCc1ccc(OC2C=CCC(C)(C)C2)cc1c1cccc(F)c1,-7.05782371988661,-3.838705100928445,-5.487605659351261,-3.3990484589988696,-3.311547430695878,-2.9038828018174545,-2.293119022176131,2.058118664567183,-4.2460183425490765,-3.648007308868117,0
b2AR-decoy_2775,CCS(=O)(=O)c1ccc(CC(=O)Nc2ccc(c3cc(Cl)ccc3Cl)s2)cc1,-7.05732490513335,-3.289362257074915,-2.6285262954227413,-1.9658836631327,-2.6409126656748088,-0.8678777585028543,-1.289729014461101,-0.9202878109168466,-4.119221625674636,-2.0656545274030877,0
b2AR-decoy_2338,O=C(NNS(=O)(=O)c1cccc(O)c1F)c1cc(F)cc(c2ccccc2)c1,-7.05674296650388,-4.502286895763345,-4.707587646090412,-3.9394274027915497,-4.0420112194509885,-2.4433695813037346,-3.288467828057521,-3.551047620596897,-4.297995376535637,-3.3672367736385174,0
b2AR-decoy_249,CNC(=O)c1ccc(/C=C/C(=O)NCC(=O)N(C)c2ccc(Cl)c(COc3cccc4ccc(C)nc34)c2Cl)cn1,-7.05637558186176,-2.851346823620485,-3.436677714385901,,-3.4131440176396985,-2.7782940284210147,-0.4136845696416014,-0.9633420549436869,-2.8918559144115967,-2.326876662515837,0
b2AR-decoy_2085,CCCOc1cc2c(cc1C(=O)/C=C/c1ccc(OC)c(O)c1)OCS2,-7.05409533537121,-4.241200462990485,-4.646982183870652,-2.73937795669464,-3.660573968679168,-2.095636620320965,-0.723186483385911,-2.237845328161197,-3.8227503370458464,-3.5418727345714367,0
b2AR-decoy_779,CCSc1sc(c2cc[nH]n2)c2c1C(=O)CC(C)(C)C2,-7.05084868416719,-4.754444271924065,-4.680046284825131,-4.161291936648039,-2.9762587622652186,-1.7862124794646643,-1.8433870113545807,-1.1439101155586968,-3.0471015601691267,-3.547507545426297,0
b2AR-decoy_1135,C/C(=N\Nc1nc(c2cc3ccccc3o2)cs1)c1cc2ccccc2o1,-7.05079881143504,-5.558349478632056,-4.962536683782141,-3.76318018172599,-3.4900184200785684,-3.584599178923215,-2.419164004841221,-1.7192612824002165,-3.589076920221446,-4.437480166155266,0
b2AR-decoy_3178,Fc1ccc(COc2ccc(/C=C/CCSc3nc4ccccc4s3)cc2)cc1,-7.05069307836155,-5.115741982601475,-1.2982639516643912,,-2.2411513199253985,,-0.375062047977611,-1.264063179829967,-3.1425995678284764,-2.360581617463367,0
b2AR-decoy_2058,CCCOc1cc2c(cc1C(=O)/C=C/c1ccc(OC)c(O)c1)SCO2,-7.0500351689016,-4.487225739380545,-3.0910468071829715,-3.30155651335922,-1.6268965490505387,-2.2639399520532244,-2.5627228858561706,-2.049511905496387,-2.5029377572080564,-4.464571972558076,0
b2AR-decoy_954,O/N=C(\COc1cccc2ccccc12)c1ccc(c2ccccc2)cc1,-7.0497923323032,-5.509212124407635,-4.697000550862871,-3.31107914648084,,0.8659060440227351,-1.0595516813580907,-4.475521437050817,-0.9366451709530964,-3.9574198594996273,0
b2AR-decoy_980,CCCCCc1cc2c(c3c1CCCO3)C1C[C@H](O)CC[C@H]1C(C)(C)O2,-7.04882954261318,-3.436144217200935,-3.965191550570391,-2.4803558984413696,-2.8065885024752584,-1.8223968906832448,-2.4382876962043607,-1.5956144985089171,-3.126285733747096,-3.771318630462426,0
b2AR-decoy_798,CCC(CC)=NNc1nc(c2ccc(Cl)cc2)cs1,-7.04802136133048,-4.587237698072725,-4.910342924538651,-3.0647788084083194,-3.2766477810623886,-2.2076337338722745,-2.6553783978011207,-1.920550606329097,-3.0238671827691164,-3.450728170506047,0
b2AR-decoy_758,N#CCC(=O)Nc1csc(c2ccc(Cl)c(Cl)c2)c1,-7.046063624002,-4.632207953980945,-5.446379010949531,-3.89108467799728,-3.6780926614915286,-2.9700833919077345,-3.0512368187145107,-2.276540828492127,-4.505931548734626,-4.437803560519667,0
b2AR-decoy_2355,COc1ccc(C(c2oc(CO)cc(=O)c2O)c2c[nH]c3ccc(Cl)cc23)cc1,-7.04474391358371,-4.223469575810725,-4.396999516842791,-2.4313598619076293,-4.011657429430598,-3.9025986364609535,-2.592822388866571,-2.0333522482595567,-3.722467876540386,-3.1393617058819268,0
b2AR-decoy_2219,Cc1noc2c1-c1sc(C)c(C)c1C(c1ccc(Cl)cc1)=N[C@H]2Cc1ncc[nH]1,-7.04413981048485,-4.624516240016035,-5.035477177413951,-4.036320933792379,-3.748843502825008,-2.480724795627185,-1.8435170028081207,-2.3611706609794965,-3.681850872355726,-4.897380003727527,0
b2AR-decoy_592,O=C(/C=C/c1ccc(F)cc1)c1cccc(Oc2cccc(O)c2)c1,-7.0428370154634,-6.454962173303345,-5.457071003611151,-3.8409274124042,-3.989486180681438,-4.654175741780636,-1.6506665220273309,-3.109594014568797,-2.7046637782231864,-1.7269809715961766,0
b2AR-decoy_557,CNc1nnc(c2cc(c3ccc(F)cc3F)ccc2O)o1,-7.04225402342672,-5.567378544623365,-5.072054400870731,-4.002862880677419,-3.6326384269475183,-2.8296698501473543,-3.318214475327391,-2.493663758149987,-4.965296616375206,-4.426292847367266,0
b2AR-decoy_393,CC1(C)C=Cc2c(cc3c(c2O)C(=O)C[C@@H](c2ccccc2O)O3)O1,-7.03970996930699,-3.840687018975276,-4.451319222298771,-3.5168095895454297,-4.207374636750818,-3.5101785023696843,-2.700265888760881,-2.6519369987145565,-6.223450069991166,-4.169716582709127,0
b2AR-decoy_3056,CSc1ccc(SC2=C(Sc3ccc(SC)cc3)C(=O)c3ccccc3C2=O)cc1,-7.03264160943296,,,-0.3287504310767497,-2.1645390319894187,,-1.2383844647997213,-2.980438040856157,-2.754375705515036,,0
b2AR-decoy_2930,C#C[C@@H](OC(=O)[C@@H]1[C@H](C=C(Br)Br)C1(C)C)c1cccc(Oc2ccccc2)c1,-7.03229633450525,-4.446234669123355,-4.274504030898501,-2.4974033622239498,-3.4635167166560183,-2.4397495041743644,-2.211534494736201,-2.4708842148543564,-3.3264958841125667,-3.342512085129347,0
b2AR-decoy_2625,CCS(=O)(=O)c1cccc(Oc2ccc(Cl)c(n3c(C)nc4c(Cl)cccc43)c2)c1,-7.03227834590365,-4.553760016325975,-3.630965815000181,-3.5006751074084894,-3.476166318184479,-2.7995617575124143,-2.7324611497329707,-1.9611019923367667,-4.074015673043706,-3.6678754443783865,0
b2AR-decoy_2839,C[C@]12CC[C@H]3[C@H]([C@@H]1CCC2=O)[C@H](CCCc1ccccc1)CC1=CC(=O)CC[C@@]13C,-7.03108288575388,-4.187518837429725,-4.550608906132661,-2.61994920542638,,,,-2.4269181259542467,-2.161506326594976,-2.179334952239026,0
b2AR-decoy_1117,CCCCc1nnc(C2=C(C)Nc3ccnn3C2c2ccc(Cl)c(Cl)c2)o1,-7.02782456390762,-3.3070640310588555,-4.941869427847721,-2.89894211089616,-3.639650697620689,-2.6883633428940943,-2.1893274500869007,-1.8841084340109164,-3.2594574214302563,-3.668211667471667,0
b2AR-decoy_54,CC(C)(O)CCC[C@@H]1C[C@@H]2C[C@H]3[C@@H]4CCc5cc(O)ccc5[C@H]4CC[C@]3(C)[C@@]21O,-7.0259873296272,-5.895362438758115,-4.390874094593121,-4.0304729571965,-3.855413438374288,-3.055489675527115,-1.9427132592944307,-3.514589260638946,-5.112103832508196,-3.8849648538510073,0
b2AR-decoy_2049,CCN1C(=O)c2cccc3c(NS(=O)(=O)Cc4ccc(Cl)cc4)ccc1c23,-7.02392427967102,-4.958665434978135,-5.054833473469211,-3.715184343612989,-3.640162863547309,-1.6551935776406044,-2.468912535069231,-3.6005168704374366,-3.624960158686626,-4.201475479325268,0
b2AR-decoy_1318,COc1ccc(/C=N/c2nc(c3ccccc3)cs2)cc1,-7.02324493326069,-4.248542463560195,-5.048446836700721,-3.77924900141021,-4.001056222425278,-3.1311612835959046,-2.6265368371982207,-2.908505813061087,-3.844424665787076,-3.646442102398887,0
b2AR-decoy_1013,O=C(CCCOc1ccc(Cl)c(Cl)c1)Nc1ncc(Cl)s1,-7.02287180288229,-5.263994274245436,-5.130278837433071,-3.0870077640639195,-3.5854166024061183,-1.1151452957694747,-2.340175114301121,-3.083942837067447,-3.213898892887216,-4.188509554276218,0
b2AR-decoy_934,CCc1cccc(C)c1NC(=O)c1nnc(c2cc(Cl)ccc2Cl)o1,-7.02058412743897,-4.957492237752395,-3.440048320892891,-1.1132672669915695,-1.117939575162258,-2.026364431465315,-0.0465775986770014,-0.9927903553629172,-1.2670791778375965,-3.576395786239177,0
b2AR-decoy_3132,CC(=O)CNC(=O)CC[C@@H](C)[C@H]1CC[C@H]2[C@@H]3CC[C@@H]4C[C@H](O)CC[C@]4(C)[C@H]3CC[C@@]21C,-7.01941907811119,-5.021821025303315,-3.843796086470401,-3.2258361243361198,-2.7270576268904687,-2.158060045365155,-0.6709539238985514,-1.6835396699536869,-2.8837603784155865,-3.009679759787137,0
b2AR-decoy_1508,CCN(CC)C(=O)C1Sc2ccc(OC)cc2-c2c1c1ccccc1n2CCF,-7.01824598812322,-4.169729965868475,,-2.99731775152526,-2.8610939583550987,-2.6356798390086045,-2.163575839753541,-0.1905916493385371,,-0.8200014842820469,0
b2AR-decoy_1294,O=C(/C(=C\c1ccccc1)c1ccc(O)cc1)c1ccc(O)cc1,-7.01616350242319,-4.018053307859716,-4.156070977078421,-2.5718222810528,-3.0729422797430086,-2.5933109033245048,-1.841094791101911,-3.0847537183958664,-4.077703653707316,-4.107493896071176,0
b2AR-decoy_1229,COc1ccc(c2coc3cc(O)ccc3c2=O)cc1CC=C(C)C,-7.01586385614738,-4.332321736883735,-4.391282264361632,-2.2449240136665,-4.2385022065352285,-3.3892738069845043,-2.748636042332821,-2.0669387953545666,-4.217322466254847,-3.607092573506907,0
b2AR-decoy_627,Clc1ccccc1CSc1nc2ncc(Br)cc2[nH]1,-7.01533394749187,-4.311695607715056,-4.248556378482841,-3.8349840885013897,-4.035282676312678,-3.4429957340441044,-3.017392605906151,-2.7456684594924265,-4.6598466631098265,-3.365632655855657,0
b2AR-decoy_3105,Cn1cc(CCCNC(=O)CCc2c[nH]c3ccc(Cl)cc23)c2cc(OC(F)(F)F)ccc21,-7.01499890554718,-2.5465807348469154,-1.8624937691307315,-2.42694569567385,-3.4581660650831285,-2.0727074788911546,-0.2467567185318211,-2.9213627576866967,-4.5216065137122365,-3.760458246774627,0
b2AR-decoy_1811,CCP(=O)(Cc1cccc(C(=O)Nc2cc(c3cccs3)ccc2N)c1)OC,-7.01493829204272,-4.628824113141505,-4.0888860093780215,-1.32695151240216,-3.835256092194318,-1.5893420862830645,-1.3648275631206008,-2.4442072871192666,-2.5983127828025463,-3.680474662398157,0
b2AR-decoy_2993,Cc1oncc1c1cnc(N)c(c2ccc(C(=O)N[C@H](CO)c3cccc(F)c3)c(F)c2)c1,-7.01461627972529,-3.812150818100825,-4.827732874961221,-3.78619151464743,-4.189124705836218,-3.5719365364289146,-1.5500491190247212,-0.9585447569642273,-3.0351088098420265,-3.874586831597147,0
b2AR-decoy_854,Cc1cccc(c2nnc(SCC(=O)Nc3ccc(C)c(C)c3)o2)c1,-7.0127567735009,-5.683245779591225,-5.0213434956409015,-2.70168403347203,-3.8478302425403488,-3.626668317470295,-2.771785745828571,-2.666351895848887,-2.854065816053196,-4.073931628034186,0
b2AR-decoy_1789,C/C=C\[C@@H]1C[C@H](OC(=O)[C@@H](C)CC)[C@@H]2[C@@H](CC[C@@H]3C[C@@H](O)CC(=O)O3)[C@@H](C)C=C[C@H]2C1,-7.01260768935362,-4.732958604862615,-4.711402316301161,-2.71010789885233,-3.4776407235510485,-2.232483162667505,-3.6805500888280207,-1.873991029010167,-3.0511351822612767,-3.591066349676067,0
b2AR-decoy_2071,CCCCCCc1cc2c(C)cc3c(c2oc1=O)C(=O)c1c(O)cccc1C3=O,-7.01201752651919,-4.025569482179045,-4.605005450278761,-3.65762313855816,,,-3.001725018699111,-1.6994956625969468,-1.768008679642966,-4.1546467947056165,0
b2AR-decoy_562,COc1cc([C@@H]2c3cc(O)c(OC)cc3C[C@@H](C)[C@H]2C)ccc1O,-7.0116465742464,-5.255550952707625,-4.501128345813181,-3.98182645174325,-3.662345073397079,-3.304294585160645,-2.072825835126851,-2.2208997128707866,-3.0176547753366068,-3.619879394682288,0
b2AR-decoy_2454,COc1ccc2c(c1)CC[C@@H]1[C@@H]2CC[C@@]2(C)[C@H]1C[C@H]1CCCC[C@]12C(C)=O,-7.01164424317746,-3.572452878435836,-1.7618485435143012,-1.87702366476072,-2.8694243255115284,-2.2533541245375446,-2.612220640527121,-2.209848028830737,-3.663109497746557,-2.8261132449195974,0
b2AR-decoy_2780,C=C(CC)C(=O)c1ccc(OCc2nc(c3ccc4ccccc4c3)cs2)cc1Cl,-7.01100466387778,-3.654799657391585,-4.385114985333551,-2.5522722279424395,-2.5279547000229785,,-1.2529483791962308,0.787930398280793,-3.3467718652905765,-3.128700688652277,0
b2AR-decoy_1279,CC(C)c1nnc2ccc(c3ocnc3c3ccc(Cl)cc3)cn12,-7.01077316573543,-2.789516614293245,-3.6285829259902913,-1.1899468414680294,-3.546421062213798,,-2.045799388618181,-1.683899694878927,-1.6455833138361262,,0
b2AR-decoy_2229,COc1c(CC=C(C)C)c(O)cc2c1[C@@H]1Oc3c(ccc4c3C=CC(C)(C)O4)[C@@H]1CO2,-7.01072295577586,-4.547186377787085,-4.429140316762741,-3.044873290368,-3.976256372825088,-2.546183104239125,-3.4220666303271514,-2.4192430564389964,-3.819645299968676,-3.803109038125457,0
b2AR-decoy_2000,N#CC(=C(/N)Sc1ccccc1)/C(C#N)=C(\N)Sc1ccccc1,-7.01066329136514,,-3.468796437903201,-2.0225307485388093,-2.773077482374718,,-2.887425650536901,-0.0193571649698469,,-2.763909416787867,0
b2AR-decoy_2661,COc1ccccc1Sc1ccc(c2ccnc(N3CCCN(C(C)=O)CC3)c2)cc1C(F)(F)F,-7.00962339442445,-3.5759320228536757,-4.501928700159131,-2.18514233115351,-4.299573362573539,-1.6527930649384643,-0.5342209625594414,-1.4293143137924569,-3.3236524649295465,-3.738914921669687,0
b2AR-decoy_3010,C#CCNC(=O)C1=C[C@H](c2ccc(Br)cc2)C[C@H](OCc2ccc(CO)cc2)O1,-7.00706209286741,-5.879305058153835,-3.225513841285281,-3.8221938602183,-4.761381903902798,-3.4138353388393945,-3.2135977863787915,-3.286197676795637,-3.899254340128616,-4.008086415478777,0
b2AR-decoy_1386,N#C/C(=C\c1ccc(Cl)cc1)c1nc(c2ccco2)cs1,-7.00520818971593,-3.9314126671653753,-5.121477053084151,-3.0158836065243,-4.376785256217948,-2.829626983849245,-2.512637544152491,-3.100867869614267,-3.5629053919590863,-2.916499062326477,0
b2AR-decoy_1866,CC(C)C(NC(=O)Cn1c(=O)c(NC(=O)Cc2ccccc2)ccc1c1ccccc1)C(=O)C(F)(F)F,-7.00503762816251,-5.180885144690895,-3.248408147218231,-4.3074060391088,-1.232368768664668,-0.9581383212266248,-2.856303447275761,-2.784955246694917,-4.509092760227206,-3.6440145951234766,0
b2AR-decoy_2217,Cc1cc(/C(O)=C(/C([S-])=Nc2ccc(F)cc2)[n+]2ccccc2)c(C)n1c1ccc(F)cc1,-7.00414218799485,-4.812439385253855,-3.598539422452321,-2.29808767624112,-3.8303759139004985,-1.5073808202198844,-2.579179937320881,-2.9973067774346367,-3.4968412855874265,-3.984763172536017,0
b2AR-decoy_1311,C(=C/c1cccs1)\c1noc(/C=C/c2cccs2)n1,-7.00400832687806,-2.902907374458435,-2.637942798523521,-3.518999704661,-1.1451215162657986,-0.5151388356045148,-1.024645615879451,-0.4845583540966167,-0.2707994558219062,-1.6667011482627374,0
b2AR-decoy_76,COc1cccc(C2CC3=Nc4ccc(F)cc4SC3=C(O)C2)c1OC,-7.00258829746233,-4.629911622644185,-5.067635896187401,-2.48504478839007,-4.389774905407059,-4.1430410632692745,-3.0793185106470613,-2.176009355003857,-4.371571657680846,-3.391333267433587,0
b2AR-decoy_3129,CCN(CC(=O)Nc1ccccc1C(F)(F)F)C(=O)c1ccc(NC(=O)c2cccs2)cc1,-6.99663805494932,-4.542456616142875,-5.056903347777952,-2.3278355870397496,-3.0592080712084986,-2.740650973369835,-2.4819257810856907,-0.1033232000636168,-3.4717796409020165,-2.467979369463967,0
b2AR-decoy_130,CC(Br)C(=O)Nc1ccc(C(=O)/C=C/c2ccc(Cl)cc2)cc1,-6.99636596993162,-3.746182466733825,-1.065902054827081,-2.92322186405962,-1.5622382483117585,-2.9399004302831546,-1.911533566293211,-2.123942963860107,-2.826490078485186,-3.968767422542587,0
b2AR-decoy_749,O=C1c2c(cccc2OCc2ccccc2)CC1Cc1ccc(O)cc1,-6.99573190828919,-6.6883381976341045,-6.617148561794121,-5.54636535963431,-5.159503476262898,-3.655326959850905,-4.750139497291851,-5.228090097010947,-4.738462792739396,-4.674314318379917,0
b2AR-decoy_2135,N#C/C(=C(/N)Sc1ccccc1N)c1cccc(C(O)c2cccc(F)c2)c1,-6.99538246773541,-5.380813345120695,-4.556961650270461,-3.47776849016636,-3.370908696072008,-1.8229507374684744,-2.837260803415381,-2.189188624999997,-4.644049844473717,-4.319203564117737,0
b2AR-decoy_1681,Cc1occc1C(=O)N(C)Cc1nc(c2ccc(Cl)cc2)no1,-6.9953193131301,-3.740863340069645,-3.422552482165651,-3.74275971754469,-2.4460105700418984,-2.5845724609544147,-1.027933355458721,-2.4576198285202064,-3.4539036140814767,-2.736375176069887,0
b2AR-decoy_1074,O=[N+]([O-])c1cc(O)cc(c2nnc(SCc3ccc(Cl)c(Cl)c3)o2)c1,-6.99345720065075,-4.961181382481355,-5.374962821273651,-4.2242168526925,-3.597678223094229,-2.277540700422735,-2.157254870548191,-3.5406711419192973,-4.017315330682637,-4.160399740531396,0
b2AR-decoy_695,C=C1/C(=C\C=C2/CCC[C@@]3(C)[C@H]2CC[C@@H]3C(C)(C)CC)C[C@@H](O)/C(=C\CCO)[C@@H]1O,-6.9918516018235,-4.777710717069245,-4.061694768678871,-3.00716338502857,-4.026041618365409,-1.6581880599524847,-2.554687510885791,-0.1144797819004566,-3.4703202620490767,-3.975812723871437,0
b2AR-decoy_2102,CC(O)(c1ccccc1)c1cccc(/C(C#N)=C(\N)Sc2ccccc2N)c1,-6.98996944642176,-4.981864658307335,-4.644348883348961,-2.79966930218064,-3.740464451054089,-3.024718303568715,-2.4954116261701307,-3.2599306442830267,-3.9651830901831167,-3.2678499541959174,0
b2AR-decoy_2815,O=C(/C=C/c1cn(c2ccccc2)nc1c1ccc(OCc2ccccc2)cc1)c1ccccc1,-6.98824699983163,-4.104826947693725,-3.984575627666451,-3.1842794580520595,-2.6216332489096086,0.4880206526307851,-0.394161291838131,-0.5416705682206873,-4.391367098993416,-1.3815346106750872,0
b2AR-decoy_2100,COc1ccc([C@H]2O[C@@H](c3ccc(OC)cc3)[C@H](C)/C(=N/NC(N)=S)[C@H]2C)cc1,-6.98476100438862,-4.0826514712967255,-3.5890380259166115,-2.5782499579216798,-2.4854415925458087,-3.4023220220511545,-2.030315256327441,-1.4054973656769372,-3.5645327320793863,-3.995007826017977,0
b2AR-decoy_1746,CC[C@@H]1[C@@H](C)C[C@@]2(O)C(=O)O[C@H](C)[C@H]2[C@H]1/C=C/c1ccc(c2ccoc2)cn1,-6.98383492616521,-4.520898006679285,-4.716524609106242,-3.51745170831998,-3.573672663784368,-3.0974220112381143,-1.961163216557921,-2.300656652425767,-3.063272743374406,-3.500787938423817,0
b2AR-decoy_2156,CO[C@]1(c2cc(F)cc(Sc3ccc(/C(C)=N/O)cc3)c2)CCO[C@@H](C)C1,-6.98332865191992,-4.810230868983405,-5.277375665175951,-5.25220853780182,-3.1898504010579183,-3.087005001058685,-1.9648070079053517,-2.658117524599107,-3.562215139750716,-3.186556033897617,0
b2AR-decoy_2259,Oc1ccc(c2ccc(c3c(Cc4ccc(O)cc4O)sc4ccccc43)cc2)cc1,-6.98267703488487,-3.7608393624493943,-5.589517494146541,-2.22079772331631,-2.2662483207899484,-4.293181340516656,-1.2453826339749812,-1.964253938530967,-3.4128807275440165,-2.796941781041037,0
b2AR-decoy_1590,Cc1cnc(NC(=O)[C@@H]2C[C@H]3CCCC[C@@H]3N2C(=O)[C@H](CC2CCCC2)CN(O)C=O)s1,-6.98007545177576,-5.328281370788755,-3.806954845493541,-3.419496072739609,-4.181002943566258,-4.052183878284224,-2.28777126118791,-3.943104088185187,-4.273590071135486,-4.692201328825966,0
b2AR-decoy_492,COc1cc(c2cccc(O)c2F)cc(OC)c1O,-6.97863119395499,-5.593823201895435,-4.344852500349881,-4.3116749570627695,-2.994361386347518,-2.7563730051918043,-3.237021961882691,-2.468530405741477,-3.603232018622697,-4.007162603883637,0
b2AR-decoy_2132,Cc1cccc(C(=O)c2cccc(/C(=N/NC(N)=S)c3cccc(C)c3)c2)c1,-6.97790287653568,-4.850917568163325,-4.767735934778162,-3.44300591627572,-3.7636583053663086,-3.056798230104655,-2.2977916433771712,-2.5602297057216665,-3.225825772837136,-4.3888287282438565,0
b2AR-decoy_2773,O=c1c(/C=C/C(O)c2ccc(F)cc2)coc2cccc(OCC3CCCCC3)c12,-6.97594526660716,-4.822258917552605,-4.181932840458451,-4.117652545673749,-2.9913727798534984,-3.1199722756535246,-3.2608329375082006,-2.5045504182455867,-3.4571323612750167,-4.579429512675578,0
b2AR-decoy_218,Cc1ccc(S(=O)(=O)N(C)C[C@@H]2Oc3c(NC(=O)c4ccc(c5nccs5)cc4)cccc3C(=O)N([C@@H](C)CO)C[C@@H]2C)cc1,-6.9757818355137,-4.079144630232955,-4.881578615382631,-2.28383498894247,-1.9218052779993784,-0.9270498556140644,1.548207570899029,0.9833017874562832,-0.1943533012395764,-2.815248625901807,0
b2AR-decoy_1479,C[C@@H]1C[C@H](O)/C=C/[C@@H](O)CCC(=O)O1,-6.97426902924851,-5.326660126444176,-4.622282807952502,-3.95135266262625,-3.304386853773509,-2.7868139039517947,-2.7479074588542414,-2.3447520339221573,-4.374861951916047,-3.551184386236607,0
b2AR-decoy_2771,CC(C)c1nc(C(=O)NCc2ccc(Cl)c(F)c2)c(c2ccc(C#N)cc2)s1,-6.97299537056257,,-2.776083375767681,-2.2082375728799795,-3.3346559132444886,-1.890821985036645,-2.140281027264012,-1.063536428592557,-2.183807636360436,-2.9478637119323774,0
b2AR-decoy_2296,CC(C)=CC[C@H]1C(C)=CC[C@@H](c2ccccc2)[C@@H]1C(=O)c1c(O)cc(O)cc1O,-6.97147197202119,-4.800476413055645,-3.741648513590551,-3.925747874974269,-4.326120987220689,-3.4530659960880143,-1.7964146663140514,-2.706566641219057,-4.324730296525086,-4.639722795934727,0
b2AR-decoy_2460,CC1(C)[C@H]2CC[C@]1(C)[C@H](OP(=S)(S)O[C@@H]1C[C@@H]3CC[C@@]1(C)C3(C)C)C2,-6.97014729664627,-4.901870055400095,-4.637365908387541,-3.91487771549581,-2.7592021785655083,-3.168431680224245,-1.379103599755231,-3.053735555072027,-3.912933259510567,-4.395810537480537,0
b2AR-decoy_1891,Cc1cc2c(cc1C(=O)/C=C/c1ccc(C#N)cc1)C(C)(C)CCC2(C)C,-6.96978054340441,-4.416215124071735,-3.150115419631901,-2.30304559181472,-2.8061780914883485,-1.0877855666490346,-2.690963876197591,0.7254702228362531,,-3.381621956381197,0
b2AR-decoy_1970,CCN(CC(=O)Nc1c(F)cccc1F)C(=O)CCc1nc(O)c2c3c(sc2n1)CCCC3,-6.96764903495241,-4.503926744664685,-4.530797783650981,-1.97569546334986,-1.7957750414298284,-3.563985016944045,-4.112489361594312,-0.3824554025216367,-4.148839032924297,-3.3464339208910068,0
b2AR-decoy_2548,Cc1cccc(c2nn(CC(=S)Nc3cccc(C#N)c3)cc2c2ccnc(c3ccccc3)c2)n1,-6.96617210421972,-3.618754495072056,-3.3081911522752714,-3.205528067301969,-0.4843646626369984,-2.7026497016784443,-1.1613487630693309,-2.877866970410107,-3.551645512405736,-3.6146951168361863,0
b2AR-decoy_2892,Cc1cc(O)ccc1NC(=O)c1ccccc1Sc1ccc2c(/C=C/c3ccccn3)n[nH]c2c1,-6.96512646051643,-5.114438421602396,-3.875478512059552,-3.37667585421682,-2.227833954716089,-2.0602824311954047,,,-3.0971308625548266,-3.1159808931979973,0
b2AR-decoy_3083,Cc1nc2cnccc2n1c1ccc(OCc2cccc(/C=C/c3ccc4ccccc4n3)c2)cc1,-6.96426525831956,-5.581144799744135,-3.945251546666952,-2.8974987670545893,-4.051768697324018,-4.008685418048994,-1.9037230625925716,-3.087564228935527,-4.159358377290446,-2.5675107837215667,0
b2AR-decoy_2502,C=C(C)C(=O)c1ccc(OCc2nc(c3ccc([N+](=O)[O-])cc3)cs2)cc1Cl,-6.96299036675862,-4.0646162257159855,-4.807890222388531,-3.47849221125842,-3.467644086595069,-2.044773436031165,-2.2027103135070307,-2.469387784119217,-4.023341796765966,-4.136783312700937,0
b2AR-decoy_1375,CCC(=O)c1cc2c(Oc3ccc(Cl)cc3)cncc2s1,-6.96176637606108,-4.526269099156815,-4.792059424046951,-2.72476542055861,-1.8075857530877588,-2.3891686434936146,-1.482190999376221,-1.9027791571075765,-2.1804914706474863,-3.908535830952357,0
b2AR-decoy_1867,O=C(Cc1ccccc1)Nc1ccc(SCCc2nnc(NC(=O)Cc3ccccc3)s2)nn1,-6.96114175414625,-4.901027858769545,-3.1713342040481614,-3.54307540323986,-2.852733800025918,-1.4761378097884847,-2.2703829913562315,-3.058239483437766,-3.703733586786957,-4.013188807634977,0
b2AR-decoy_3077,COc1ccc(n2nnc(/C=C\C=C\N3c4ccccc4Sc4ccc(Cl)cc43)n2)cc1,-6.96011522363707,-3.961195952880045,-4.478421219924421,-3.0755904207508697,-3.646266621585088,-2.2063594225347947,-2.0227168432475318,-1.9726443613895863,-2.941781666939236,-4.291090179795017,0
b2AR-decoy_417,CC(=O)CC[C@H]1C[C@]2(C)[C@@H](O)CC[C@H]2[C@@H]2CCc3cc(O)ccc3[C@@H]12,-6.95605474609784,-4.130235318530826,-4.929601769355991,-3.07949995458483,-3.5582110332341284,-3.278225428814345,-2.277525022687101,-1.8629475703126663,-3.688847979641376,-3.976602378311257,0
b2AR-decoy_1918,Fc1ccc(F)c(COC(Cn2ccnc2)c2ccc(Cl)cc2Cl)c1,-6.95560864363339,-4.035336535553755,-4.568341138353111,-3.5721279268203,-4.297977199097589,-3.803289312823805,-2.372525897525941,-1.841326833184497,-3.837814288719736,-3.909797993491327,0
b2AR-decoy_1171,C/C(=N\Nc1nc(c2cc(C)ccc2C)cs1)c1cc2ccccc2oc1=O,-6.95539821523116,-4.100047386113775,-6.078887151549651,-3.8268426613923,-3.5623461874896183,-1.2866518785078345,-2.9535342394460717,-2.573719743660507,-3.241866104098416,-4.454490646001288,0
b2AR-decoy_360,Cc1cc2oc(=O)cc(c3ccccc3)c2c(C)c1c1ccc(C(C)O)cc1,-6.95268311797122,-4.489312702803755,-4.672431274117352,,,,,,-3.611319866313516,-1.1393683721322874,0
b2AR-decoy_95,O=Cc1cc(Cl)c(OCc2cccc(c3ccccc3)c2Br)cc1O,-6.95255365424093,-6.637917686677325,-6.390368104146452,-4.2628930683558295,-2.914814097646018,-3.3764572451235946,-2.9530583044195806,-2.0928216343098667,-4.617550886834716,-4.119712271998168,0
ASD03130065,Fc1ccc(Nc2nc(NC3CCCCC3)c3ccccc3n2)cc1Cl,-6.95249454201293,-4.480133847157576,-4.766958800410562,-3.017805362837,-3.839900193340858,-2.2378598742577545,-2.511003157296881,-2.2911605650253373,-2.7036542503074266,-4.222073814345418,1
b2AR-decoy_2975,COc1ccc(c2csc(C3=C(C)[C@@H]4CC[C@@H](C)[C@@H]5CC[C@@]6(C)OO[C@@]45[C@H](O3)O6)n2)cc1,-6.95131653646646,-4.216069745443135,-4.457815312316011,-2.27937259952464,-3.4047386180051085,-3.876270300189245,-2.436107609689791,-1.700787634047277,-2.7631046068051166,-3.202650810193046,0
b2AR-decoy_1639,COc1noc2c(C)cc(/C(=C\CCN3CCOC3=O)c3cccc(C#N)c3)cc12,-6.95099481123739,-2.938200957658405,-3.672206687194781,-2.9123665197168997,-3.2213360001815987,-1.625750803301495,-1.9060621014822117,-2.4203578213070465,-1.1167712667302363,-3.7625977292524673,0
b2AR-decoy_457,Nc1c(Cl)cc(C(=O)N2C3CC4CC(C3)CC2C4)cc1Cl,-6.95041221028893,-2.924179043109045,-4.372378166357302,-3.49976334040322,-3.539756141753249,-2.9331627721104248,-2.668696737446792,-2.4188525234708367,-3.5546022638403167,-4.215277135276256,0
b2AR-decoy_1833,CC[C@@H](NC(=O)c1cc(C(=O)N[C@H](C)c2ccc(F)cc2)n2c1COCC2)c1ccc(OC)nc1,-6.95021791127559,-5.095405848070295,-4.078126504805791,-4.0352626516833,-4.246924890559648,-2.9594717027328343,-1.907804666570251,-3.0970062019006166,-2.669498887762546,-3.588779264036457,0
b2AR-decoy_2237,N#Cc1ccc(Oc2ccc(/C=C3\SC(=O)NC3=O)c3ccccc23)cc1C(F)(F)F,-6.9482953497272,-6.092427725620385,-4.763214635626211,-3.43171335703327,-4.071721229356919,-2.2264951736994343,-1.643574346396531,-1.8583976728582368,-3.698633056794856,-3.088776832776707,0
b2AR-decoy_2432,N#Cc1cc(Cc2ccc3c(ccc4ccccc43)c2C#N)cc2c1ccc1ccccc12,-6.94546768792631,-7.369266659792496,-4.140197182112591,-3.49495306897984,-1.0402867607734088,-1.7233575354692745,-3.875918942566871,-0.3393846341441771,-4.496966915964246,-5.561645710069747,0
b2AR-decoy_767,N#C/C(=C\c1ccccc1C(F)(F)F)C(=O)Nc1ccccc1F,-6.94508240850244,-4.733347055800235,-5.152240327170051,-3.2423446002848197,-5.146049310162859,-3.541174795858745,-1.696777134024031,-1.1301736993660665,-2.4339271217639764,-3.925729045778827,0
b2AR-decoy_2361,Cc1ccc(Cc2cc(O)c(O)cc2c2cc(=O)c3c(O)cc(O)cc3o2)cc1,-6.94353458721594,-5.072501353236345,-3.119643225371151,-2.8652999066318,-3.8329128783336586,-3.029925619190045,-2.648349051490131,-2.420061228629417,-3.703589203153096,-3.815918460289817,0
b2AR-decoy_524,O=C(NNc1ccccc1C(F)(F)F)c1cccs1,-6.94170487318904,-4.592044613188535,-4.905602854043021,-3.5752990192978595,-4.077686495160508,-3.0236930399074744,-3.003405642874421,-2.2685571897475265,-3.677544474812726,-4.399859615797737,0
b2AR-decoy_1081,COC(=O)c1c(NC(=O)C2c3ccccc3Oc3ccccc32)sc(C)c1C,-6.94138529670876,-4.815579584234765,-6.009060446848591,-3.91459339736962,-3.627422287773269,-3.2767090784740747,-1.9446798679175408,-2.968449427370877,-2.8723243017521165,-4.585703029820127,0
b2AR-decoy_2891,FC(F)Oc1ccc(c2csc(COc3ccc(C4SCCS4)cc3)n2)cc1,-6.93868016935672,-5.735242638784385,-4.986466472144961,-4.76697061553511,-3.1969884120810788,-2.793121046976525,-2.830862045816021,-1.7477149844948272,-2.8889589661800263,-3.013085606570257,0
b2AR-decoy_550,CCOC(=O)c1c(C)[nH]c(/C=C2/C(=O)Nc3ccccc32)c1C,-6.93848113544343,-3.4921336426887155,-3.355783343745891,-1.2364512891306294,-0.7060834075829385,-1.7392609087351945,,-0.5052348001208165,-1.806535050391206,,0
b2AR-decoy_644,N#C/C(=C/c1ccc(O)cc1)c1nc(c2ccc(c3ccccc3)cc2)cs1,-6.93832575460556,-5.222947855681445,-3.938243232781281,-2.27046015450058,-3.059943207873828,-3.642118632809925,-3.7290696386056617,-3.5681352994387563,-1.7837052552262067,-2.1649296018603468,0
b2AR-decoy_366,N#Cc1ccc(C(=O)c2sc3cc(O)ccc3c2c2ccc(F)cc2)cc1,-6.93799892365127,-4.393606071341975,-5.802872526448721,-3.4098816888346795,-3.885777943041648,-3.5104633720969547,-2.929612580935851,-2.102603496428207,-3.462950839116516,-3.944405050783017,0
b2AR-decoy_1562,CCC(C)(C)NC(=O)C(c1ccco1)N(C(=O)CNC(=O)c1cccs1)c1cccnc1,-6.93720461138683,-1.8529221900534751,-3.905841568171441,,-1.8807010374643989,-2.1363882722480447,-1.5357158148387509,-2.3486526781569665,-2.108715017737117,-4.185555569253516,0
b2AR-decoy_35,Cc1ccccc1COc1ccccc1/C=C/C=C1\SC(=S)NC1=O,-6.9370637616554,-4.914979321515295,-5.430855087723422,-3.40094607281051,-4.030473105329849,-2.5841617182332843,-2.8126956662159914,-2.240126982092887,-3.201862533237656,-4.013533750468508,0
b2AR-decoy_3030,COc1ccc(C(NC(=O)CN2C(=O)NC3(CCc4ccccc43)C2=O)c2ccccc2)cc1,-6.93681123337407,-4.115243388293045,-3.935234127886681,-3.81253060550955,-3.4590069054068184,-2.937925400962265,-1.8378335028592208,-2.1130833346131173,-3.839293131508876,-3.234639131552267,0
b2AR-decoy_1981,CCCCOC(=O)NCc1nc(c2nc(C)cs2)c(c2ccc3ncsc3c2)[nH]1,-6.93511551958574,-3.685602413174746,-4.584576394121242,-2.90047521776944,-3.2015484481989285,-2.850677836947165,-2.6972610892317013,-1.598382977985847,-3.1621594640589468,-3.2019060555403773,0
b2AR-decoy_385,NS(=O)(=O)c1ccc(C2=C(c3ccc4c(c3)OCO4)CCC2)cc1,-6.93483520076122,-4.034624631373635,-3.1197166015155915,-3.79887244323442,-1.4947513114592388,-2.6989024883406945,-0.7683310098152907,-1.201313729189227,-2.3974023940100864,-3.1901862473516966,0
b2AR-decoy_889,CCCCCc1cc2c(=O)c(c3nc(C)cs3)coc2cc1O,-6.93438310782488,-4.985463851588666,-4.455755095254402,-2.82630026096248,-3.837639634008888,-2.607618521298675,-1.526266093717641,-1.7773613230153265,-4.291629912951007,-3.307682485727747,0
b2AR-decoy_2347,C[C@H](C(=O)NO)N1CCNc2cc(Oc3ccc(C(F)(F)F)cc3)ccc2S1,-6.93358555325699,-5.020523764755495,-5.157330297899761,-4.50719155457885,-3.3124682198133586,-2.1666983024641446,-3.7294095464030095,-2.1981706800617067,-3.196643916962616,-4.775269715216327,0
b2AR-decoy_2392,COc1c(=O)c2c(O)cc(O)cc2oc1c1ccc(O)c(CC=C(C)C)c1,-6.93357437003888,-4.639161129019096,-6.511006266497292,-3.29096055316554,-4.548970169164608,-3.7344579961961246,-2.890857562094741,-3.1856654549252568,-5.2041480694337565,-3.771622272643377,0
b2AR-decoy_1729,COc1cccc(c2cc(C(=O)Nc3ccn(Cc4ccc(C)cc4)n3)no2)c1,-6.93351421146738,-5.364886932898815,-4.019700704381331,-3.1094933723650198,-3.2662669939508584,-2.3429952109028545,-2.700014539929021,-2.437993905304917,-3.146337901972976,-3.692123351196887,0
b2AR-decoy_133,CC(=O)N[C@@H](C)/C=C/c1ccc(Oc2ccc3nc(C)sc3c2Cl)nc1,-6.93189106195055,-4.353135020496125,-3.7002815079705416,-2.50482523166741,-2.6579840917744386,-2.1650036700998347,-2.535973773280661,1.0655331063627034,-3.5095749391218662,-4.241210871420098,0
b2AR-decoy_1908,C=C[C@]1(C)CC[C@@H](C(=C)C)C[C@H]1C(=C)COC(=O)c1ccc(Cl)cc1,-6.92844270079144,-4.273737399885255,-4.302978879188031,-3.45554289757418,-3.152519979218978,-3.0498905033414747,-2.5904863701488807,-2.3263158706738967,-3.8776702664186464,-3.906635855939427,0
b2AR-decoy_429,CCn1c2cc(O)ccc2c2ccc3ccc(O)cc3c21,-6.9270927663713,-4.310654123078665,-4.804924961895691,-3.49720652414276,-3.191780428572498,-2.5210599166707643,-3.1777894981606014,-2.0369694262805265,-3.380999642166146,-4.811224674975676,0
b2AR-decoy_3123,O=C(NCc1ccccc1)C1=C[C@H](c2csc3ccccc23)C[C@H](OCc2ccc(CO)cc2)O1,-6.92649269248939,-4.263734278983005,-4.522386057776141,-5.47612021767168,-3.811773095597668,-4.472009899254434,-3.541927689738941,-3.8672035346844975,-5.472424948605806,-4.108881951404246,0
b2AR-decoy_760,CSc1sc(c2cc[nH]n2)c(c2ccccc2)c1C#N,-6.92628506083074,-3.251398558564275,-4.039167585791081,-2.00387396584565,-2.7860739606398486,-1.9852269514171343,-1.853169327328961,-2.122252260854517,-3.8938741990500665,-3.640062468825617,0
b2AR-decoy_573,Cc1cccc(Sc2cncc3sc(C(N)=O)cc23)c1,-6.92558685017269,-5.887699375315076,-5.095372621866881,-3.7983764624155,-4.112279998574548,-3.400277534914375,-2.375500503433411,-3.636529828294627,-4.715445645242626,-4.914424591081056,0
b2AR-decoy_1829,CCn1c(CNC(=O)c2ccco2)nnc1SCC(=O)Nc1ccc(Br)cc1F,-6.92406273939558,-4.981337582251415,-3.5232848929732308,-2.78887727657402,-1.200369483817428,-0.458710571486435,-1.5441853638738214,-1.895195964875537,-1.1818960941834762,-4.289231664827257,0
b2AR-decoy_1651,N#Cc1ccc(c2cnc(C(=O)CCCCCCc3ccccc3)o2)cc1,-6.92364849412665,-5.8460296482848655,-5.124992315388392,-3.42550853931907,-4.076582490186029,-2.5241516251096847,-2.102946111500932,-4.143074640400528,-3.767763076203976,-4.139008290382797,0
b2AR-decoy_1750,COc1cc(O)c(C(=O)/C=C/c2ccc(OC)c(Br)c2)c(OC)c1,-6.92166528400468,-4.501763122677906,-4.225356442983761,-1.9542514724781297,-2.4734999081736984,-1.6735820743858048,-2.0451398480759213,-1.912334798829317,-2.9371114328582664,-3.727020700613047,0
b2AR-decoy_1556,CCCS(=O)(=O)NCc1nc(c2ccc(C(=O)NCCC(F)(F)F)cc2)cs1,-6.92161686047172,-4.808644403966625,-4.618573564285451,-1.5121791040707997,-3.5879053792443987,-3.273079772639445,-1.9160614252212012,-1.7613337387504666,-2.391996593224887,-2.983090745362887,0
b2AR-decoy_634,CC(C)(C)c1ccc(/C=C/C(=O)Nc2cccc3cnccc23)cc1,-6.91961869100005,-5.569750203153665,-0.4487628651226512,-1.6366543388244796,,1.7298513294509157,-0.1216285368570808,-1.9681659321659968,-2.291005208407916,-2.1846902516958173,0
b2AR-decoy_1379,c1ccc(OC(Cn2ccnc2)c2ccc3ccccc3c2)cc1,-6.91960397501154,-4.331688931907015,-4.751620493866251,-3.16725066395938,-3.058810891514889,-3.107627021919395,-3.25136688329423,-2.0581371748385164,-3.4697793266308565,-4.142557849720907,0
b2AR-decoy_198,COc1ccc(Cn2c(CCc3ccccc3)nnc2[C@@H](Cc2c[nH]c3ccccc23)NC(=O)CNC(=O)/C(C#N)=C/c2ccc(F)cc2)cc1,-6.91936810652982,-5.8183529474473055,-2.678048085410192,-4.413614841812779,-3.886476722400809,-3.7968209782882343,-2.5266457125829014,-1.7915146111008866,-2.0993793122045465,-2.8031701245538367,0
b2AR-decoy_635,CC(C)(C)Nc1oc(c2ccccc2)nc1C=Cc1ccccc1,-6.91748503193192,-3.928824471728225,-4.186301807657181,-3.286854920374989,-3.5180146510156884,-2.1033832729175748,-2.8401494433008407,-2.924493492599807,-4.195762126842296,-3.738991314325367,0
b2AR-decoy_1756,COc1cc(/C=N\Nc2nc(c3ccc(C)cc3)c(NC(C)=O)s2)ccc1O,-6.91718541317822,-3.430740377161936,-4.871050483315731,-2.7532861355715994,-3.999882051830679,-3.0672722836439146,-0.7946124695000512,-2.731678671819707,,-3.424094138517367,0
b2AR-decoy_1660,CCC(C)C(=O)OC1c2c(ccc3ccc(=O)oc23)OC(C)(C)C1OC(=O)C(C)CC,-6.91685318582796,-4.162267964661255,-4.152388403210881,-3.4744027285282897,-4.037823785804679,-2.2796747109199345,-1.144822697291171,-2.2474718111206267,-2.842420820444306,-4.117004804231726,0
b2AR-decoy_674,C(=C/c1n[nH]c2cc(c3ccncc3)ccc12)\c1ccc2ccccc2c1,-6.91511863683503,-3.346373386119716,-5.533608409031931,-1.5205028019573597,-0.2556924753751084,0.5583287294661852,-1.873129970531311,0.8244644691970633,-1.2002241749378362,-4.024058636675568,0
b2AR-decoy_361,C[C@H](NC(=O)/C=C/c1ccccc1F)c1cccc(c2ccc(F)nc2)c1,-6.91470369573576,-6.630419029015906,-6.373036811017082,-4.2026785021130895,-4.856342240313138,-3.291142472605925,-3.424243062625981,-3.415043788493837,-4.525226428999076,-5.236493346776026,0
b2AR-decoy_1697,Cc1cs/c(=N\N=C\c2ccccc2)n1Cc1ccco1,-6.91266191773328,-4.961613027007725,-5.055981902282231,-3.6397372527373495,-3.2799520887650084,-2.5138017437551747,-2.524155040795611,-1.9393350965714464,-2.361750918924886,-3.645253187569287,0
b2AR-decoy_2640,CCC(=O)N1CCOc2c(cc(c3csc4ccccc43)cc2OCCc2ccccn2)C1,-6.91200799960476,-5.335587044721895,,-1.9872737890680696,-1.3359152130609688,-2.157452162988215,-1.562807734133191,-1.8785404268094967,-3.5054498482927468,,0
b2AR-decoy_2023,O=C1Nc2ccccc2/C1=N/NC(=S)Nc1ccc(OC(F)(F)F)cc1,-6.91076030951451,-4.421735498206455,-2.8191002895374915,-2.5903174040116097,-2.9845841017055186,-0.4062923930746045,-2.3215102076502614,-2.023617516517107,-4.712962042908896,-3.661499100860527,0
ASD03130034,Fc1cccc(Nc2nc(NC3CCCCC3)c3ccccc3n2)c1,-6.91074873985583,-4.774622558547435,-4.765035888618312,-3.56857361415032,-1.8943338869496884,-2.3470316969579548,-2.336791188240581,-1.1359907146661268,-4.2273212759250764,-4.132301676249266,1
b2AR-decoy_2118,O=c1cc(c2cc(O)c(O)c(Cc3ccc(Cl)cc3)c2)oc2cc(O)cc(O)c12,-6.9105913496043,-6.835018405674354,-5.576357497645181,-3.87453981650698,-3.8171204678706583,-2.728370892409215,-2.927160741608871,-2.162844045399857,-4.484952009468686,-4.843345509375608,0
b2AR-decoy_1797,O=C(NCc1ccc2c(c1)OCO2)c1ccc(CSCc2ccc(Cl)cc2)o1,-6.91039458795307,-4.716476652054095,-4.023364594596191,-4.25276886235305,-2.8075109266092086,-2.045323358599675,-1.1142686182691106,-0.329215450807097,-2.668465572516756,-3.4014356626021773,0
b2AR-decoy_2228,C[C@H](CC[C@H](O)C(C)(C)O)[C@H]1CC[C@@]2(C)[C@@H]3CC[C@H]4C(C)(C)[C@@H](O)CC[C@@]45C[C@@]35CC[C@]12C,-6.91016338841353,-3.8721479336734648,-4.543422760125361,-3.5391262066503,-2.157835864063978,-3.4111579967799344,-0.6588942995707914,-1.5605670007007966,-3.806715001113077,-3.195982069855057,0
b2AR-decoy_1188,COc1cccc(c2sc3ccc(OC)cc3c2C#CCC(C)O)c1,-6.9098648296029,-4.312450436906065,,-3.1784237932237795,,-2.559605812256165,-1.9783112008850117,-2.3210359560105864,-3.0544995190559963,-2.9257954513328666,0
b2AR-decoy_2907,S=c1[nH]nc(COc2ccccc2Cl)n1/N=C/c1ccc(c2ccc(Cl)cc2Cl)o1,-6.90665935482739,-5.468706818242465,-4.368957795098031,-1.5289741527819798,-3.098517793852989,-2.9282102101694747,-1.2183628207163109,-1.616138234507277,-3.3004153622990966,-2.979139201146608,0
b2AR-decoy_1846,CCC(O)C(CC(F)F)(c1ccc(C(F)(F)F)cc1)n1ncc2c(NS(C)(=O)=O)cccc21,-6.90665791300352,-6.822459567414656,-4.037144512563991,-4.39743377297866,-3.902596324134709,-3.0671665875532845,-2.312858425273051,-2.699006264421807,-3.953920889888656,-5.278257667911747,0
b2AR-decoy_1973,Cc1ccc(O)c2c3c(nn12)CCC(C)(NC(=O)c1ccc(n2cccn2)cc1Cl)C3,-6.90234366829582,-4.848392747125935,-5.145391720469581,-3.68626904380634,-4.370891828675278,-3.344565343252115,-3.4162570819050107,-2.4043389052152664,-3.4227196345364863,-4.349627999050277,0
b2AR-decoy_276,COc1cc(c2n[nH]c3ccc(NC(=O)[C@]4(SC)CC[NH+](CC(=O)N5CC=C(c6ccc(c7ncccn7)cc6)CC5)C4)cc32)ccn1,-6.90172043423218,-4.927063096987615,-4.215441446936412,-3.7428839582217694,-4.123165149954359,-1.9700482622326645,-1.420082461052421,-1.3053223037877766,-3.1321917011566764,-2.256910401427207,0
b2AR-decoy_108,CCCc1cc(=O)oc2cc(c3cccc4c3Sc3ccccc3S4)cc(O)c12,-6.90105082832638,-3.6970504419009655,-4.098420855254672,-3.12289230522336,,,-2.0970959183337907,-2.521684156434727,-2.6227443560951667,-3.845010417006107,0
b2AR-decoy_1657,O=C(/C=C/c1ccccc1)OC(Cn1ccnc1)c1ccc(Cl)cc1,-6.90033459401377,-4.687191658578725,-5.7488572655469214,-4.01943482568782,-4.408462475602338,-3.786906401499345,-3.0744488896543114,-3.2511789705405967,-3.8687560459620167,-4.044010514372458,0
b2AR-decoy_2136,Cn1cc(C2=C(c3cn(C)c4ccc(O)cc34)C(=O)NC2=O)c2ccccc21,-6.89965804736273,-4.650778469402265,-5.745491098025031,-4.14064676923966,-4.279295265511029,-3.0142831434652546,-2.4593679794831607,-1.4817857271656667,-4.076716223483286,-4.201169554763327,0
b2AR-decoy_986,Cc1[nH]c(C)c(c2ccc(OCc3ccc(F)cc3)cc2)c(=O)c1Cl,-6.89919846371525,-2.7464990738261754,-4.708964690133811,-2.14435645147309,-3.722325437572459,-2.4061485991477047,0.6368730666641089,,-3.076165133987576,-3.605171913371787,0
b2AR-decoy_1822,CC(C)CCN1C(=O)CCc2cc(NC(=O)COc3ccc(Cl)cc3)ccc21,-6.89862066394006,-3.006791086436375,-2.194336286359992,-0.1469783615621196,,0.4203722111062951,-2.115218210461701,,0.7570777647728737,-3.238358968569307,0
b2AR-decoy_1248,Cc1noc(c2ccc3occ(c4ccc([S+](C)[O-])cc4)c3c2)n1,-6.89850185199775,-5.928062210415265,-3.825456338214632,-4.47001069151325,-3.887788812414589,-1.7988841241278948,-2.183534434188621,-1.7088214119788567,-4.073789011206727,-3.7995326621282266,0
b2AR-decoy_135,CC1(C)CCC[C@@]2(CO)[C@H]1CC[C@@]1(C)[C@@H]3CC=C(C=O)[C@H](C=O)[C@@]3(C)CC[C@@H]12,-6.8974257817448,-5.147249470741045,-3.2075348621540813,-2.389177663163529,-2.2413615164311587,-3.188503727019225,,-2.311514581962957,-3.5796086307770967,-0.949019366537597,0
b2AR-decoy_1864,CC(=O)N1CCc2cc(S(=O)(=O)NC(CC(C)C)C(=O)Nc3ccc(C(C)C)cc3)ccc21,-6.89733144386266,-4.041501805070006,-4.199897948984582,-3.7685354731165095,-0.8444823362199081,-1.432151015383365,-0.778280164070031,-0.9631653671316373,-3.835348378954506,-3.305278774284227,0
b2AR-decoy_142,COc1cc(Br)cc(/C=N\c2cccc(C(F)(F)F)c2)c1O,-6.89573055165256,-4.895436540564245,-4.473224694024292,-2.8975753205403496,-3.840862066897039,-2.1065338188496447,-2.691599071408981,-1.4977615404061773,-2.8518773056983067,-3.8660204980816473,0
b2AR-decoy_917,Oc1cccc(/C=C/c2cc(O)cc(/C=C/c3cccc(O)c3)c2)c1,-6.89484977250148,,-5.459649116561951,,-0.8039081376846182,,,-3.9923023748086655,-4.784957626011456,-5.729796499393226,0
b2AR-decoy_129,CCCC[C@@H]1C[C@H]2[C@@H]3CCC4=CC(=O)CC[C@]4(C)C3=CC[C@]2(C)[C@H]1C(=O)CO,-6.89437906270013,-5.312385355841625,-3.737858273161021,-3.9055376822602295,-0.9629184783806988,-2.2024590462896043,,0.3134398059108232,-2.993765062611536,-2.2268694378971268,0
b2AR-decoy_1361,Cc1nc2c(OCc3c(Cl)cccc3Cl)cccn2c1Cl,-6.89312600520374,-4.956450725546345,-4.522433833863452,-3.3565301023203498,-4.351804741010189,-3.5759615608646644,-1.5746330981848908,-2.1104232539242265,-4.176252593248746,-2.4487426906781478,0
b2AR-decoy_1323,CC(C)=CCC[C@@H](C)c1c2ncc[nH]c-2c(C)c(=O)c1O,-6.8921734973315,-4.233266538491905,-4.122779233158181,-2.43334798340711,-2.820512025684298,-1.9052271222525148,-2.6112481714947107,-1.699685447137207,-2.126693644905286,-3.547244535287517,0
b2AR-decoy_908,COc1ccc(C2CC(c3cccc(O)c3)=Nc3ccccc3S2)cc1,-6.89208808252581,-3.922511372878055,-4.717634856630241,-4.26330471214419,-2.8427708983640585,-3.4117824064670144,-2.592827679055361,-2.0925048665937966,-4.373464351306007,-2.8893819309308566,0
b2AR-decoy_1848,C=C(C)[C@H](O)[C@H](C[C@@](C)(O)/C=C/c1c(OC)ccc2ccc(=O)oc12)c1c(OC)ccc2ccc(=O)oc12,-6.89207173480465,-3.739265396355865,-4.706802380605311,-1.7591603879666593,-3.2196309870563784,-3.1535362639604045,0.1202751127059986,-1.881843217803337,-3.1133994284338664,-3.379720697967167,0
b2AR-decoy_70,Cc1cc(C2=C(/C=C/C3CC(O)CC(=O)O3)C(C)(C)CC(C)(C)C2)ccc1F,-6.89099572164545,-5.391533945349565,-4.075795916585292,-3.9204345830813896,-2.8010267239166486,-2.866969207823545,-1.6329661336058514,-1.4427993127985568,-3.8230529129028463,-3.302782289179237,0
b2AR-decoy_1220,CCSc1cc(C2C3=C(O)CCCC3=NC(C)=C2C(=O)OC)c(C)o1,-6.89060498046599,-4.604441266704956,-3.700608211103761,-3.02833443340229,-3.3602949961917785,-2.7267769769228947,-1.752043555177221,-1.803434427263987,-3.285453931615506,-3.3831623833195272,0
b2AR-decoy_2090,Cc1cc(C)cc(COC(=O)c2cc(/N=C/c3cc(O)ccc3O)ccc2O)c1,-6.89011473181546,-4.798780212840725,-5.736299551892952,-3.728216253031579,-4.145455917455348,-4.549799302062844,-3.2341068106886013,-3.433053830723807,-3.902499326598557,-4.678259901426527,0
b2AR-decoy_495,CC(=O)N[C@@H]1CC/C(C)=C/CC(C)(C)/C=C/[C@H](O)[C@@H]1C,-6.88705122139418,-4.968008518670625,-4.316569811375391,-3.3545748526336894,-2.8694439033873085,-2.7400836465894347,-2.304298210958101,-2.5923207263717565,-3.9329920262058966,-3.585320549356427,0
b2AR-decoy_3136,O=C(COC(=O)CCCNC(=O)c1ccc(Cl)cc1)Nc1cc(Cl)c(Cl)cc1Cl,-6.88489418477456,-4.668498525227765,-3.0035474986789312,-3.68958291401094,-1.5178777380532082,-1.346487969636855,-2.347488264262761,-2.234447072650047,-1.8230363341371767,-3.471914814049127,0
b2AR-decoy_1976,O=C(N/N=C/c1cc(F)ccc1O)c1ccc(Br)cc1Br,-6.88030749510276,-4.5912129771743055,-3.929424425687281,-4.06192009688166,-3.807004645243868,-1.0432030044255045,-3.184262913792061,-2.814764051280627,-3.2883087471643764,-4.252066827809887,0
b2AR-decoy_2301,Cc1ccc(C(=O)Nc2cc(C(=O)[O-])cc(c3ccc(C4CC[NH2+]CC4)cc3)c2)cc1,-6.88014092949136,-4.312354843563105,-4.641855177526011,-1.0889175850556398,-3.767778431806948,-2.0089260937967444,-0.5445730529314012,,-0.3037718208045166,-0.6287655758586368,0
b2AR-decoy_2845,O=C(c1ccccc1Cl)c1scnc1c1cc(Br)cc(C(F)(F)F)c1,-6.8771810920242,-4.940544780030205,-4.822046430500751,-3.52632876275693,-4.426154516960568,-2.936971757223615,-2.9310595436968807,-1.995180105044977,-3.0382502590264364,-2.758432381864567,0
b2AR-decoy_770,COCc1cc2[nH]ncc2cc1c1ccccc1C(F)(F)F,-6.87669820254147,-5.117207063331305,-4.659829795816651,-3.2115565449996,-3.1962557873273783,-2.323935965049415,-2.032883405858221,-1.816999753919437,-4.252524369459397,-3.2297899818004168,0
b2AR-decoy_1629,[O-][S+](Cc1cc(Oc2ccccc2)nc(c2ccccc2)n1)c1ccccc1,-6.87573822746858,-4.511701223869345,-4.633884189830341,-4.299679222345009,-4.036615046488048,-2.5218594367801943,-3.6301742803908006,-2.224357941725577,-3.405476644817377,-3.2920186367402766,0
b2AR-decoy_2813,C[C@H]1CC[C@@H]2C(C)(C)[C@H](OS(C)(=O)=O)CC[C@@]2(C)[C@@H]1/C=C/c1ccc(c2cccc(F)c2)cn1,-6.87517129484805,-4.316702084838205,-2.461812100781361,-2.5012561271297398,-2.297014716399868,-1.2629433552176046,-0.2551891720095307,-0.9465420966091368,-2.3214831863139462,-3.196607786699427,0
b2AR-decoy_2710,CCOc1c(Cl)cccc1c1ccc([C@@H](C)NC(=O)C2(NC(=O)C(F)(F)F)CC2)c(F)c1,-6.87494154103503,-2.901968379401205,-3.920455759558231,-3.152076990624629,-3.281596705171369,-3.158192251408785,-2.509113731981381,-2.6223604556408464,-3.2807580152020765,-3.0930625396747677,0
ASD03130045,Fc1ccccc1CNc1nc(NC2CCCCC2)c2ccccc2n1,-6.8717701408806,-5.146139754379055,-4.0077425564077815,-3.4156268996255097,-2.9476101075769785,-2.740403532562945,-2.419547664568861,-2.378848091959677,-3.4143593843346363,-3.199818449950197,1
b2AR-decoy_1525,CC(=O)c1sc(SCCS(=O)(=O)c2ccc(Cl)cc2)c2c1CCCC2=O,-6.87039870335738,-6.316820457388445,-3.169538404346641,-2.631165498605029,-2.261504704609848,-3.4034346169751446,-2.384261168020801,-2.580154423108487,-2.9156499770482966,-5.621007002869737,0
b2AR-decoy_1056,CCN(Cc1nc(c2ccc(OC)cc2)no1)C(=O)c1ccoc1C,-6.87004162183,-4.323956585613455,-3.7094079001696816,-1.5916178682815794,-3.6313664195013686,-2.115791550665965,-3.6586054952098106,-2.481359213286167,-3.225741346699296,-3.5579233810536066,0
b2AR-decoy_157,CCC(=O)CCCCC[C@@H]1NC(=O)[C@H]2CCCCN2C(=O)[C@H]([C@@H](C)CC)NC(=O)[C@H](CC2CN(OC)c3ccc(Br)cc32)NC1=O,-6.86925418740845,-4.726453841075776,-3.790184704347551,-2.0877313943450595,-3.615623346862469,-2.7395814665232443,-0.6885938683508712,-1.4005182232992368,-1.9664108625614167,-3.678191575364137,0
b2AR-decoy_87,Cc1cc(C)c(c2csc(NC(=O)/C=C/c3ccc(C(F)(F)F)cc3)n2)c(C)c1,-6.86706245859853,-5.067311119776015,-3.230265665347921,-3.26631669039093,-2.424255136843678,-0.5565088570596544,-0.9348305074954107,0.5111902502023034,-2.125852388556206,-3.3753682729614574,0
b2AR-decoy_3161,Clc1ccc(CO/N=C/c2c(c3ccc4ccccc4c3)nc3occn23)cc1Cl,-6.8650385780464,-4.519377530404945,-3.9520139705403112,-2.85752740641039,-3.114192381596858,-2.9550358119969644,-1.0467518839523908,-2.9033750957051865,-3.2142101093081266,-2.9677229104738267,0
b2AR-decoy_2673,[C-]#[N+]c1ccc(N[C@@H](c2nnc(c3ccc(I)cc3)o2)[C@H](C)O)c(C)c1Cl,-6.86349798870228,-4.698520487511755,-4.732228732441032,-2.7947985781328795,-2.939648547763058,-3.108441751391715,-2.710271922702721,-2.614753641332477,-3.1897785880188767,-3.778869768660088,0
b2AR-decoy_843,O=C(Nc1ccc(Sc2ccc(Br)cc2)cc1)c1ccco1,-6.86269400707878,-5.665411884585875,-4.177110628387831,-3.1195356687846694,-3.964733889901949,-2.563744645790525,-1.181125396267661,-2.2058166897118268,-3.225397773954536,-3.494469056135817,0
b2AR-decoy_697,Cc1[nH]c(C)c(c2ccc(Oc3ccc(Cl)cc3)cc2)c(=O)c1Br,-6.86228238478587,-4.3515117866811055,-2.2346264850026314,0.0127540377361601,-3.3372414834362587,-0.1395825182567449,-2.4370392357204613,-1.7295152517765766,-2.4361303463996364,-2.680304304916127,0
ASD03130037,c1ccc(Nc2nc(NC3CCCCC3)c3ccccc3n2)cc1,-6.85929782044132,-4.555349765822125,-4.739373475051631,-3.12399621156048,-3.732753384877588,-2.344515175298125,-2.527593902604991,-1.9138741592093869,-3.302197441108416,-3.889124415173067,1
b2AR-decoy_2672,CCOc1cc(c2nc3ccccn3c2/N=C/c2cc(Br)ccc2O)ccc1O,-6.85920784654543,-3.5388118730576448,-5.682304520191921,-1.7270015842047002,-3.662994287653529,-2.8755265219098343,-2.301584395341071,-1.426142275645777,-4.319952216748926,-4.563401579631996,0
b2AR-decoy_2822,CC(=O)c1cccc(C(=O)O[C@H]2CCC[C@@]3(C)[C@H]2CC[C@@H]3[C@H](C)CCCC(C)C)c1,-6.85773831626566,-6.199561770180626,-4.842827110143341,-4.15293565412839,-3.5703224928789483,-2.6698104525362645,-2.2776236510292307,-2.4631648775824466,-4.815400945547636,-4.697313049477527,0
b2AR-decoy_1203,CC(=O)c1ccc2[nH]c(SCc3cc(C(C)(C)C)ccn3)nc2c1,-6.8568945527512,-4.914697408416625,-5.332374075952031,-3.73337792056053,-3.484130762674348,-2.1541853188568547,-2.983394055890911,-3.361985742796497,-3.2484077971752567,-4.547507039283756,0
b2AR-decoy_930,CCCOC1Oc2ccc(F)cc2-c2ccc3c(c21)C(C)=CC(C)(C)N3,-6.85523222860346,-3.907905646519765,,-1.4988541696733702,,-2.302413534620974,,-1.9143425623401769,-3.7763330891507865,-0.708906081170237,0
b2AR-decoy_629,N#C/C(=C\c1ccc(c2cccs2)s1)c1nc2ccccc2[nH]1,-6.85424676720856,-5.415647910422575,-4.714647573468722,-3.2876889504958395,-4.604148158243149,-3.5846824228077647,-3.985011178051561,-2.9413761652701664,0.5110941984768136,-4.449624907221446,0
b2AR-decoy_2829,CCCCc1oc2ccccc2c1Cc1ccc2c(Br)c(OCn3cnnn3)ccc2c1,-6.85421122803679,,-4.008288467875331,-3.25744469281985,-2.3884452833512686,-2.4368265458906047,0.0576455365742392,-1.8477373051121164,-3.4328648996170363,-3.119090727487467,0
b2AR-decoy_2194,Cc1cccc(C)c1NC(=O)CSc1nc(C(F)(F)F)cc(c2cccs2)n1,-6.85304137832011,-4.850926571554905,-4.726692994156991,-0.8136524627519797,-2.9494868124757785,-1.3447153535809644,-2.682968432260481,-2.7355439391705865,-1.934817212475516,-4.670502529801578,0
b2AR-decoy_1734,COc1ccc(C(C)(C)C)cc1NC(=O)COc1ccc(c2nnco2)cc1,-6.85197574256244,-2.909538644426385,-3.768092157143161,-3.4813632759849598,-0.3362878690510285,-1.149431070360185,-2.448174730954321,-2.0282073099106173,-4.135267438711207,-3.500113511527807,0
b2AR-decoy_1962,N#Cc1cc(S(=O)(=O)Nc2nccs2)ccc1Oc1ccc(F)cc1c1ccc(CO)cc1,-6.85189650503357,-3.495972839138135,-4.448042996444841,-2.68702619678958,-4.349815980569479,-1.793724521577495,-1.9478937609173208,-2.6810212545382868,-1.829082696637946,-2.7102365056974667,0
b2AR-decoy_359,COc1cc(C)c(/C=C(\C#N)C(=O)Nc2ccc(C)cc2)cc1C(C)C,-6.85046027708689,-3.524160511684415,-3.019468432433511,-0.9878796737727495,-3.5300617849798384,-1.0468284416484748,-2.4508432489448406,1.0271319236826733,,-2.934864192461457,0
ASD03130046,O=[N+]([O-])c1cccc(Nc2nc(NC3CCCCC3)c3ccccc3n2)c1,-6.85000430972685,-4.7712379137089656,-5.605535730719661,-3.34906281853216,-4.521388012398488,-2.557570608244835,-2.3534514946985814,-1.7088105497294173,-3.2946660029395067,-3.8179061856341066,1
b2AR-decoy_496,O=C1NCCc2c(c3ccccc3)[nH]c3cccc1c23,-6.84905122611401,,-4.922467697150971,-3.4300543865198296,-3.4292517176162782,-4.094305521853364,-0.9635241235400712,,-4.429912588353816,-4.298173546195336,0
b2AR-decoy_982,C[C@]12CCC(=O)CC1CC[C@@H]1[C@@H]2CC[C@]2(C)[C@@H](O)[C@H](CCCN=[N+]=[N-])C[C@@H]12,-6.84786140282654,-5.499868497225445,-4.646068862052391,-3.99142692256361,-3.8326814317738487,-2.8372710051019343,-2.722325925347321,-2.9059069831685065,-4.383135420420746,-4.353733990266248,0
b2AR-decoy_846,Cc1nc(c2cc(c3c(C)cccc3C)ccc2OCc2ccccc2)[nH]c1C,-6.84784546969092,-3.912531492004345,-2.4138385418117414,,-2.8934481944118984,-4.406297749856714,-1.7590120847458808,-1.5473254838960973,-3.5860676112662366,-2.3277247564659374,0
b2AR-decoy_786,CCC(C)c1ccc2c(c1)COP(=S)(NCC(C)C)O2,-6.84698093108214,-4.588008406553385,-4.202767744135061,-3.3403743568061994,-3.0405102836117788,-2.752988801305775,-2.627256421640241,-1.834849670843517,-3.3317744330602066,-3.431229600493617,0
b2AR-decoy_2279,Cc1cccc(NC(=O)CSc2nc(c3cccs3)cc(C(F)(F)F)c2C#N)c1C,-6.84668396916379,-4.871240480864655,-5.084231819589701,-2.56031797744222,-4.139361207812248,-1.9039078048956144,-1.5268811225693808,-2.978173328837107,-3.580876870855966,-3.532599744913607,0
b2AR-decoy_2855,Cc1ccc2cccc(OCc3cccc(COc4cccc5ccc(C)nc45)c3)c2n1,-6.84663500446485,-3.758744313719175,-4.777296781043331,-2.3534307627260898,-4.441037722052508,-1.7298189847796648,-1.5143331624452614,-1.8311869430847263,-4.144260048681566,-3.506164768131947,0
b2AR-decoy_3130,Cc1ccc(c2nnc(SCC(=O)c3ccc(CC(N)=O)s3)nc2c2ccc(C)cc2)cc1,-6.84596366090448,-3.131097002657615,-4.149730355141081,-1.5511051219561196,-3.577316550214489,-2.1767757723831247,-2.678113507881021,-0.0101182579536764,-2.9991201451944463,-2.705595911965427,0
b2AR-decoy_1549,N#CN1CC(OC(c2ccccc2)c2cc(c3ccon3)cc(c3ccon3)c2)C1,-6.84505627163757,-3.486381318633895,-4.018893024432641,-2.1096732266412195,-3.2813705375740785,-2.3504236713825044,0.5566036595421591,-2.025703911335317,-3.118144422348836,-2.247472325349507,0
b2AR-decoy_1343,CCn1c(SCc2c(F)cccc2Cl)nnc1c1ccco1,-6.84347762545806,-4.380249228702665,-4.217263193196851,-2.5253072762305,-3.8251103248452183,-2.8781472864472546,-1.9266784191231707,-1.9454368383060163,-3.062489846013267,-3.2930643976947374,0
b2AR-decoy_1672,O=C1C=CC2(C=C1)OCC(c1ccc(c3ccoc3)cc1)O2,-6.84327274385457,-4.818935894309695,-5.296375387637951,-3.1734578080280595,-3.7212656337023287,-2.931772780630305,-3.818025071071221,-2.5409167036187466,-4.241095330166137,-3.058375194453467,0
b2AR-decoy_1786,COC(=O)C(C)c1ccc(c2ccc(O)c(C(=O)/C=C/c3ccccc3OC)c2)c(F)c1,-6.84265975802641,-5.088652853994895,-5.363378506713211,-3.4020177847460493,-3.400843845627718,-3.5800070337526444,-2.4483850802096407,-1.6884233835572564,-4.266048445605996,-3.1190229974389267,0
b2AR-decoy_1014,Cc1ccc(NC(=O)CSc2cccc3cccnc23)c(C)c1,-6.84219074818698,-3.302392544438625,-4.817650370715311,-2.8637406524593,-4.293296948510249,0.2539231632750254,-2.1523628845663314,-2.9490164580627667,-4.742457351108577,-4.372391192129147,0
ASD03130056,CS(=O)(=O)c1cccc(Nc2nc(NC3CCCCC3)c3ccccc3n2)c1,-6.84126813286693,-5.2194750385738855,-4.795080374612821,-3.1077568146763195,-4.085338743606719,-2.416077667334025,-2.536314797521612,-1.896935096159317,-3.557384327243506,-3.996564527296107,1
b2AR-decoy_1741,Cc1cccc(c2ocnc2C(=O)Nc2cnn(CCN3CCc4ccccc43)c2)c1,-6.83915361439583,-2.927251999105045,-3.585452412729261,-2.1555848785160494,-2.6358866820559683,-2.3469548913656446,-1.9063767200776909,-1.0416151487697771,-2.1660747130785465,-3.763538219406618,0
b2AR-decoy_813,CCC(C)C(=O)c1c2c(c3oc(=O)cc(c4ccccc4)c3c1O)C=CC(C)(C)O2,-6.83894698382345,-3.508672341439476,-4.602308550483471,-2.59479540162764,-2.853956916230649,-1.839022426533095,-2.6383678009238114,-1.425869067487727,-2.517844565922976,-2.330746480928657,0
b2AR-decoy_2148,CO/C(O)=C1\C(C)=NC2=C(C(=O)CC(c3cccs3)C2)C1c1ccsc1,-6.83874222218896,-4.226234549998265,-4.476906932358541,-3.1563629811886798,-2.8955843762785083,-2.297001156714935,-3.076691339604971,-1.6712895475976666,-3.1203331246537465,-4.071435490557997,0
b2AR-decoy_3051,COc1ccc2cc(c3cn(Cc4nc(c5ccccc5)c(c5ccccc5)o4)nn3)ccc2c1,-6.83797019526357,-4.868249927054605,-4.417509796892751,-3.2412272902012,-2.8913842880530582,-2.2725617959091444,-1.9577458518630009,-1.456371023917117,-3.335801292708396,-3.410383203019937,0
b2AR-decoy_3075,Fc1ccc(C2=Nc3c(Sc4ccccc4)ncnc3Sc3ccccc32)cc1,-6.8375899547456,,-2.6738799952135315,,-4.044466604554159,-1.3180345751862443,-2.5620635976739914,-1.5768417393320266,-1.0310523689546365,-0.733283142057727,0
b2AR-decoy_2739,Cc1cc(S(=O)(=O)Nc2ccc(/N=C/c3cccs3)cc2)c2c(C)ccc(C(C)C)cc1-2,-6.83681948091437,-4.821060720512385,-3.229566988566731,-2.33720141103748,,-1.8844778723335445,-0.6778266865349414,,-2.4554396920898265,-4.3355757178767576,0
b2AR-decoy_1355,Cc1nnc(Sc2ncnc3scc(c4ccccc4)c23)s1,-6.83656073009703,-2.525214415235225,-3.828587927492821,-2.77415939772044,-3.0284510948550585,-2.5358619451546147,0.3601433186698086,-1.4779437884307471,-2.267837211884636,-3.488813827733997,0
b2AR-decoy_851,Cc1c(O)nc(SCc2cccc(C#N)c2)nc1Cc1c(Cl)cccc1Cl,-6.83483735942434,-4.548744336255465,-4.938556220045181,-4.0614037669918,-3.953287104868578,-2.9576759869830145,-2.590195083271251,-2.3385132374502167,-4.4715521364987065,-3.016808552856707,0
b2AR-decoy_1426,C/N=C1/C=C(O)/C(=N/C)C=C1O,-6.83474001573399,-4.550862157586585,-4.402445923272881,-3.69007959738017,-3.512138681269218,-2.7395019812824843,-2.3666702966455606,-2.037638321338137,-4.013731902491666,-3.886602199937267,0
b2AR-decoy_443,Oc1ccc(c2nc(Cc3ccc(Cl)cc3)no2)cc1O,-6.83256609592887,-4.764027196165356,-4.423697937938331,-3.97626839275762,-3.867444727304648,-2.5403376670189743,-2.7471562199712114,-3.207544044167417,-4.017179556939847,-4.075145092739087,0
b2AR-decoy_571,O=C(/C=C/c1ccc(c2cc(F)c(F)c(F)c2)cc1Cl)NO,-6.8316437129382,-4.761850337927595,-4.1334970666757815,-3.34171464214527,-2.6657620110938884,-3.2389664670876046,-1.0077794111998308,,-3.5505791019821267,-3.801037342344707,0
b2AR-decoy_2479,CCCc1nnn(c2c(Cl)cc(C(F)(F)F)cc2Cl)c1CCl,-6.83075185580895,-4.9781166777094255,-4.043551920226541,-3.1261139556045,-2.9023163866529185,-3.3126071969282744,,-1.709991217598887,-3.3443358673030863,-3.097030266855177,0
b2AR-decoy_2991,COc1ccc(n2c(O)cc(=O)nc2SCC(=O)Nc2ccc(Br)cc2)cc1,-6.83057518025179,-4.463323277548725,-1.3827307304462413,-3.3023156901629798,-2.2930711364387486,-1.9438390296038248,-1.0825910911923513,-1.7725029120927367,-2.8357192133332267,-3.979549022254527,0
b2AR-decoy_1184,CSCSC1=C(C#N)C(c2ccccc2Cl)C(C(C)=O)=C(C)N1,-6.82790412147276,-4.621343869506365,-3.928179273361101,-3.6679221794809393,-3.3009585705256086,-2.5727863736944245,-1.2006062507558817,-2.0597931811144967,-3.0765647124481665,-3.516957660185207,0
b2AR-decoy_1951,CC1(C)OC2=C(C(=O)/C(=N\NC(=O)c3ccncc3)c3ccccc32)C1Nc1ccccc1,-6.82726379555171,-4.120665354780365,-3.7389224793439713,-1.4768561872734691,-3.2280028339526385,-2.3746976225391343,-2.5506062703941312,1.1055457244482532,-3.1882291358671866,-2.294198209033947,0
b2AR-decoy_3118,CCCCS(=O)(=O)N[C@H]1CC=C[C@H](c2ccc(OC)cc2)N(Cc2ccc(F)cc2)C(=O)C1,-6.82717033173704,-3.379586049931035,-4.408183142464611,-3.53138296764845,-3.226568886291658,-0.8431275076591849,-0.753205185136431,-2.7978618774887165,-2.8979067676731267,-3.874817481938577,0
b2AR-decoy_1293,Oc1ccc(Cc2cocc2Cc2ccc(O)cc2)cc1,-6.82689589896171,-5.368689409960835,-5.366979109980811,-3.3111669344520296,-2.0023752999113285,-3.305437730547305,-3.123416668882741,-1.9799306748005367,-3.6629941910511463,,0
b2AR-decoy_970,Cc1ccc(c2nc(SSc3ccc(Cl)cc3)n[nH]2)cc1,-6.8247605632094,-5.058198117621955,-5.336440699117731,-3.4949191447873096,-4.227687952132158,-3.493867286427455,-1.9249694173850316,-3.481257856059937,-3.9185171112185566,-2.9975938016778367,0
b2AR-decoy_743,CCC1(c2cccs2)OCC(=O)Nc2ccc(c3ccc(F)c(Cl)c3)cc21,-6.82294875528944,-4.014249225454615,,-3.14596956892166,,,-2.8406289964976112,-3.0760762538714266,-3.9318742614359854,-3.5087632375339965,0
b2AR-decoy_3014,CCC(C)(C)C(=O)O[C@H]1CC(C)=CC2=CC(O)[C@H](C)[C@H](CC[C@@H]3C[C@@H](O)CC(=O)O3)[C@H]21,-6.82083710389145,-3.838549770723855,-4.773999851736841,-3.64948585952079,-3.988446678508709,-2.817517586412265,-1.791535167512011,-1.8542363986558368,-3.945546500933486,-3.594003494007677,0
b2AR-decoy_922,C=C(C)CC1Oc2cccc(OC)c2-c2ccc3c(c21)C(C)=CC(C)(C)N3,-6.82080324066279,-4.069550504348375,-4.562030239587121,-3.21784522087658,-3.6319193034397887,-1.7611612124344047,-1.0460013283488312,-0.6111188496173465,-3.2076113130056765,-1.115574902220687,0
b2AR-decoy_3065,CC(C)CCC[C@@H](C)[C@H]1CC[C@H]2[C@@H]3C(C=O)=C4C[C@@H](O)CC[C@]4(C)[C@H]3CC[C@@]21C,-6.82061157116056,-4.402140390857425,-3.9220496196103216,-2.9034716538440994,-2.1433464433284586,-1.8093570118069648,-0.0508685051667008,,-3.5137030788565866,-3.7784936046640873,0
b2AR-decoy_3109,CCCCN1C(=O)c2[nH]nc(c3ccccc3O)c2C1c1ccc(OCc2ccccc2)cc1,-6.81900927857644,-3.939861905124565,-1.9908815430993911,-3.1629034178515,-4.974275342938599,-3.7392579809218742,-3.83196590431908,-0.4367756229880566,-4.467959244238177,-3.489382540442817,0
b2AR-decoy_576,N#Cc1c(N)c(C#N)c(c2ccc3c(c2)OCO3)c2c1CCCC2,-6.81708461588508,-4.385280210343415,-4.789389986408641,-3.85805257781353,-3.605376572582069,-2.5371838239018345,-2.6477053082251407,-0.7976405631111367,-4.119941679070896,-2.3282300850968274,0
b2AR-decoy_2836,CC(C)C(=O)N(N=Nc1cc(C(F)(F)F)ccc1C#N)c1cc(C(F)(F)F)ccc1C#N,-6.81642308897797,-5.342346648262335,-4.560630742109721,-3.83653440039073,-3.9649589540802186,-3.4980834975670643,-1.5396256843208311,-2.1671668019443464,-3.8574533323297366,-3.430153643143497,0
b2AR-decoy_1783,C=C(CC)C(=O)c1ccc(OCC(=O)Nc2ccc(C#N)cc2)c(Cl)c1Cl,-6.81542569889009,-3.443954038846675,-5.219754423275392,-1.77757708496668,-2.7498334217955387,-2.290631821740785,-2.125504848225881,-2.5536005291224564,-2.219823818515996,-3.063667645782957,0
b2AR-decoy_2954,Cc1cccc(Oc2nc3c(C)cccn3c(=O)c2/C=C(\C#N)c2nc3ccccc3s2)c1,-6.81509927440077,-3.847047166637085,-4.672642538281801,-2.42194084985702,-2.8887831618540583,-2.4376376596958345,-1.7417671850535106,-1.5203853826069365,-3.4059023842224363,-2.964852107936687,0
b2AR-decoy_3150,O=C(/C=C/c1ccccc1OCc1ccccc1)/C=C/c1cccc(Cl)c1Cl,-6.81455461730118,-5.372630875896135,-3.2443141362161514,-2.8318747388621794,-1.129200625586928,-2.243504558209475,-1.9692550657184809,-2.303301233166027,-3.3820525026529262,-4.120158634844326,0
b2AR-decoy_483,CC(C)C1Cc2c(C#N)c(N)sc(=S)c2CO1,-6.81446304458772,-3.748541330051316,-4.466577511124811,-3.19399118509018,-2.7138233607927686,-1.8192723631270349,-2.0245170737611806,0.1589487622389329,-3.506763648340966,-3.483021330565637,0
b2AR-decoy_785,O=c1cc(C(c2ccccc2)c2ccccc2)oc2cc(O)ccc12,-6.81310732076868,-4.427866590566425,-5.708759351716121,-2.98245803710138,-3.128906425776558,-3.861972798083995,-2.1998111560754907,-2.4692400264400964,-3.9516800575224167,-3.655582698707087,0
b2AR-decoy_952,C=CCC1Oc2ccc(F)c(OC)c2-c2ccc3c(c21)C(C)=CC(C)(C)N3,-6.81282283000504,-3.901371257555545,-5.002080404406201,,-1.2583217494607588,-2.4454251351844745,-1.7488187039093512,-0.7210813254662671,-2.4352706552558265,,0
b2AR-decoy_1208,Cc1ccc(c2cc(NC(=O)COc3ccc(Cl)c(C)c3)on2)cc1,-6.81082331435934,-5.789219939824585,-2.949767384411121,-3.34981629122862,-0.9358502974485584,-0.9213193761329146,-1.3489327734432308,-1.3594956609644369,-1.7129404452723265,-3.5050572295558573,0
b2AR-decoy_215,O=C(Cc1cccc(OC(F)(F)F)c1)Nc1ccc(CCCCc2nnc(NC(=O)Cc3cccc(OC(F)F)c3)s2)nn1,-6.80757309043824,-5.656872909720685,-4.010244589845581,-4.65205429301988,-3.139512295290978,-2.319716283970114,-2.888307166882311,-1.6355075602116766,-3.645438527251416,-2.0631076468037466,0
b2AR-decoy_1788,CCCc1cc(Oc2ccccc2OCCn2ccc(=O)[nH]c2=O)c(C)c2cc(C#N)ccc12,-6.80755843244819,-4.380222025890915,,,-0.8952825758692589,-0.1717918886523151,,-3.374308129557237,-2.7866503697231666,-3.355778846912137,0
b2AR-decoy_1290,COc1nn(C)c(C(F)(F)F)c1Cc1ccc(SC)cc1,-6.80369984744826,-4.157377616475575,-4.562746308800762,-3.133994225294789,-3.698369168429898,-1.6040815701132844,-1.7687262048178312,-2.574706219794477,-2.9637092991651466,-3.9334723207596274,0
b2AR-decoy_2461,Cc1ccc(C2OOC(c3ccc(/C=N\c4ccc(Cl)cc4)cc3)OO2)cc1,-6.80358271997264,-4.844588183333735,-3.361068021432032,-2.38606705559888,-2.6056297076173687,-0.1848823212599244,-1.8762436211951008,-0.9045072981470268,-1.5225888868851865,-2.5153814112292365,0
b2AR-decoy_216,CCCCc1c(Cc2ccc(c3ccccc3c3nc(=O)o[nH]3)cc2)c(=O)n([C@H]2CC[C@H](OCC(C)(C)O)CC2)c2ncnn12,-6.80039108025106,-4.525053814125635,-4.006155352738731,-1.4152071962795594,-0.7997428246230287,-1.489148905449075,-1.461194884134161,-1.0196371972013871,-3.470259919315196,-2.718279785098487,0
b2AR-decoy_85,CC(C)c1cc(C(C)(C)C)cc(c2ccc(F)cc2)c1OCC1C[C@@H](O)CC(=O)O1,-6.79836803881823,-4.087358729768215,-4.0512697652362215,-3.24209206163781,-3.166802742762118,-2.3709549487811445,-2.12337945983363,-2.117276884298567,-3.0515859827233864,-3.594165451514597,0
b2AR-decoy_538,CN(C(=O)c1ccc(c2ccccc2O)s1)c1cccc(O)c1,-6.7982165430355,-5.430788635222515,-1.2636766816304013,-1.5505323289232995,-3.156139162928298,-2.475209865798345,-2.318185370368581,-1.8164617266260867,-2.770871047825886,-3.8666795677666568,0
b2AR-decoy_1286,CCN(CC)c1cc2oc(=O)ccc2cc1c1cccs1,-6.79785974167362,,-3.949375547206401,-2.6167843313428696,-2.582490747030028,-2.124189605967045,-1.1859143095875109,-2.4444785607508868,-2.6937665048764368,-2.528524571958647,0
b2AR-decoy_431,Cc1c2ccc(O)cc2oc(=O)c1c1ccc(O)cc1Cl,-6.79514313576493,-5.516725523035755,-4.877695814257781,-3.8949550135346,-4.2975080391991884,-2.605283880354725,-2.254741420556261,-0.9371776320695568,-3.013528093596876,-3.194809276644167,0
b2AR-decoy_1909,O=C(O[C@H]1CCC(=C2SCCCS2)[C@H]1C1SCCCS1)c1ccccc1,-6.79503814747513,-4.931066218888676,-5.605937779456902,-3.73709494075393,-2.7759309582753087,-2.7103343870844547,-1.3449240657653512,-1.0776497330701664,-3.0990221139126364,-2.814364356292637,0
b2AR-decoy_1587,COc1ccc(Cn2c(C(=O)[O-])c(C[NH2+]Cc3ccc(SC)cc3)c3ccc(OC)cc32)cc1,-6.79463770034839,-3.581596430752435,-3.082195256016321,-3.01472444596996,-2.546032180249588,-2.418539558102065,-1.9446517676735209,-0.1462442983349765,-3.4702204797508065,-2.484232572135847,0
b2AR-decoy_522,O=c1cc(c2ccc(O)c(O)c2)oc2ccccc12,-6.79399677802213,-5.287692234874015,-5.429455652411951,-4.088805805795579,-3.937221489425599,-3.068599039114445,-3.510382198417971,-2.864143238574547,-4.370784706997936,-4.298143747093137,0
b2AR-decoy_966,CCCCCc1cc(O)c2c(c1)OC(C)(C)[C@@H]1CC[C@@]3(C)O[C@H]3[C@@H]21,-6.7939449324947,-4.641525101198355,-3.793276667438081,-2.69622605484315,-3.629052240051559,-1.8409396908643345,-1.5567299044324612,-1.155265387768627,-3.3699168173001164,-2.745258089299997,0
b2AR-decoy_380,CC1(C)C=Cc2c(ccc3c(=O)c(c4ccc(O)cc4O)coc23)O1,-6.79253884526369,-5.221005978173185,-4.070368098076571,-2.43947291804641,-2.375717015801178,-3.2799328680112447,-2.219876483967961,-2.101427282340927,-3.815343289800176,-5.027454192841626,0
b2AR-decoy_1209,CCc1cc(OCc2nc3c(Cl)ccc(Cl)c3o2)c(O)nc1C,-6.79046919274438,-3.8386445685919854,-3.288778507154311,-2.554623989384869,-3.650927993942489,-1.9394718126490744,-1.7403400268929108,-1.0658067464981569,-2.366464966752166,-2.535538952514727,0
b2AR-decoy_2201,Cc1[nH]c(C)c(c2ccc(Oc3ccc(C(F)(F)F)cc3)cc2)c(=O)c1Br,-6.78965681863816,-2.863120766811755,-4.564877879056991,-3.64262980859338,-4.545760584898389,-0.4928301529712051,-2.009458038024711,-2.7650459220723267,-1.455975064709186,-1.637975404144187,0
b2AR-decoy_1877,Clc1ccccc1CC(Cc1ccc(c2ccccc2)cc1)n1ccnc1,-6.78950542860363,-5.940188883987105,-3.971651002829291,-3.67761593953143,-4.544700029334739,-3.0566679403253243,-3.9227235043358206,-4.329328880512017,-5.128619446714357,-3.223220231938227,0
b2AR-decoy_1761,CCOc1ccc(c2csc(/C(C#N)=C\c3ccc(O)c([N+](=O)[O-])c3)n2)cc1,-6.78878572006052,-4.855286332055685,-4.670649247707331,-3.7257386567781694,-3.860576878252858,-3.5750164097239745,-2.238253729704481,-2.4876403369293865,-4.081013839195096,-3.8826490681987766,0
b2AR-decoy_461,CC(=C(c1ccc(O)cc1)c1ccc(O)cc1)c1ccccn1,-6.78839882482469,-4.712588646834715,-5.057170773757052,-3.72313234905237,-4.063308451523959,-2.6144508193988143,-2.273875902895881,-3.103525841339917,-3.560149586317446,-4.087280703372768,0
b2AR-decoy_1303,CSc1ncccc1C(=O)OCc1c(F)cccc1Cl,-6.78725310702729,-3.4029098098972552,-4.072525841340181,-2.9618398495562,-3.078892424765958,-2.802252770657055,-1.7862144986002813,-2.165088793237567,-3.833079744484486,-3.202919643933597,0
b2AR-decoy_842,COCc1ccccc1C(=O)c1oc2cc(c3ccccc3)cc(O)c2c1C,-6.78638455952102,-4.982555243179315,-4.589906279352261,-3.1406088397598,-2.945145028465099,-1.7051353358511951,-2.9789851020342706,-3.129889447687467,-4.392889373448776,-2.9996377529900866,0
b2AR-decoy_3047,CC(C)=CCc1c(O)c(CC=C(C)C)c2c(c1O)C(=O)c1c(O)cc(C)c(CC=C(C)C)c1C2O,-6.78577594033342,-3.494834491774885,-3.884058969469211,,,-1.4802593741119647,,-0.7636721879168169,,-1.716920587327047,0
b2AR-decoy_2208,COc1ccc2cc([C@H](C)C(=O)OCC3(C)COc4c(C)c(C)c(O)c(C)c43)ccc2c1,-6.78569135678238,-4.523553377161945,-4.305585126520032,-2.3270171665643,-2.547119413489188,-2.2639680178444443,-1.8942426791209208,-1.2390664326916472,-3.0178939212488967,-4.6985493930398174,0
b2AR-decoy_2615,O=C1OC[C@H]2[C@@H]1Cc1c(F)cc(F)cc1[C@@H]2/C=C/c1ccc(c2cccc(Cl)c2)cn1,-6.78513183997814,-5.052929620027125,-4.4759600932318016,-4.01602758487413,-2.8382397258243586,-2.721750638106485,-1.658764887883751,-1.8143878351311769,-3.303464558174416,-4.443889330381976,0
b2AR-decoy_717,CC(C)=CCc1cc(C2CC(=O)c3c(O)cc(O)cc3O2)cc(CC=C(C)C)c1O,-6.78403603389956,-5.100762220206185,-4.297917223114362,-1.86163521292288,-3.727596976985849,-2.126244608914215,-1.8197668185829112,-1.271168564544337,-4.8558198748675965,-3.138145308438587,0
b2AR-decoy_671,CSc1nc2cc(Cl)c(Oc3cccc(Cl)c3Cl)cc2[nH]1,-6.78399269617191,-4.362927951250145,-4.770590762290031,-2.9583614634114195,-2.4548938658238084,-3.4089387455656945,-2.3913600943138613,-2.0575572303022867,-4.686067752399277,-3.293611936399188,0
b2AR-decoy_2030,C[C@]1(c2ccc(c3cc(F)c4[nH]nc(C5CC5)c4c3)[nH]c2=O)CCCNC1=O,-6.78332639863536,-4.065451971760996,-3.3857431267820117,-3.37581953240858,-2.920430243292029,-0.6214481358481247,-1.790067365544691,-1.342867932672707,-4.298377672870457,-2.4998033777607973,0
b2AR-decoy_119,COc1cc(C2CC(c3ccco3)=Nc3ccccc3S2)ccc1O,-6.78290299727378,-4.484509868258925,-4.8681571492264215,-3.7417605707535,-3.113573917340718,-3.012940799389715,-2.990367649108271,-2.7213290550555964,-3.9350566477571274,-4.242552760515297,0
b2AR-decoy_783,CC(C)(C)SC[C@H]1N=C(c2ccccc2)c2ccccc2NC1=O,-6.7828133743359,-3.5526811532096154,-4.688849380996351,-2.9964813013947094,-2.8831054263955584,-2.911830485064405,-1.9661548668040012,-2.3109123960704068,-3.1979897323841566,-3.8515424815956174,0
b2AR-decoy_435,CC1(C)C=Cc2c(O)ccc(C(=O)/C=C/c3ccc(O)cc3)c2O1,-6.78056565769542,-5.0498591951051255,-5.079925990554291,-3.10395689517929,-4.095075467693058,-2.9290631019352844,-2.7346382190008214,-4.3942722867551165,-3.462170630721066,-4.567703145903376,0
b2AR-decoy_1284,COc1cc2c(cc1OC)-c1c(oc3c4c(ccc3c1=O)OC(C(C)C)C4)CO2,-6.7799465845552,-3.6628248825873255,-3.096109009707701,-2.2287257157706897,-2.7079580727781787,-0.9077264399419952,-1.3648421020112913,0.1860868855702131,-1.457793217464376,-2.649063008906547,0
b2AR-decoy_1174,CC(C)=CCC/C(C)=C/COc1c2ccoc2c(O)c2oc(=O)ccc12,-6.77859112549648,-3.824467202603056,-4.293714400522531,-2.80019262616304,-2.3393335304086182,-2.034564863251525,-0.8663353213827314,-2.2792096696048265,-2.1399616058812665,-3.307024675876157,0
b2AR-decoy_56,Cc1cc(C)c(/C=C/[C@@H]2C[C@@H](O)CC(=O)O2)c(c2ccc(Cl)c(Cl)c2)c1,-6.77317154685762,-5.106941619310585,-5.195554504158921,-3.86910494299081,-3.897304557556068,-3.1103886715461444,-1.555796070767851,-1.2004193375446466,-4.547071521878516,-2.8172764424808165,0
b2AR-decoy_604,CC(C)c1ccc(OCC(=O)Nc2ccccc2C(F)(F)F)cc1,-6.77169335291518,-5.296022520035015,-3.466846195197771,-2.7225345871805,-2.9942542008283883,-1.846979593787525,-2.933007721658491,-2.5477487524549165,-3.1998244928717066,-3.254113372867557,0
b2AR-decoy_1724,C=C1C=C2C=C[C@H](C)[C@H](CC[C@@H]3C[C@@H](O)CC(=O)O3)[C@H]2[C@@H](OC(=O)[C@@H](C)CC)C1,-6.77131073203485,-4.932009425463615,-5.2601999479368615,-3.2222909136846294,-3.2436838806997885,-2.883298435351315,-2.0822304961064413,-1.8129040327656272,-3.233406880919927,-3.526319082316147,0
ASD03130044,Clc1cccc(CNc2nc(NC3CCCCC3)c3ccccc3n2)c1,-6.77113894430175,-4.993737521362625,-5.162127868170582,-3.66712122017406,-2.9193298576290285,-2.586643757046245,-1.1964857337146606,-1.5247355265592573,-3.030756065763776,-4.029352069291967,1
b2AR-decoy_2302,CS(=O)(=O)Nc1ccccc1c1ccc2c(c1)sc1c(N)ncnc12,-6.77032922783811,-4.127430352742925,-3.634385416676561,-3.30968075872513,-3.3042838232199587,-1.9650888233113948,-0.1167439465112814,-0.8920392708956468,-3.4912959259121568,-3.114911997159037,0
b2AR-decoy_648,Cc1ccc(C(C)C)c(OCCn2c(=S)[nH]c3c(Cl)cccc32)c1,-6.7678383213731,-3.7691555512133847,-3.7381030140960414,-2.98199165168717,-2.974948134460738,-4.345345061214404,-0.5096077142646109,-2.9004889487553767,-4.352805516775876,-4.390989715391637,0
b2AR-decoy_2221,C[C@H]1OC(=O)[C@@H]2C[C@@H]3CCCC[C@H]3[C@H](/C=C/c3ccc4cc(NC(=O)C(C)(C)C)ccc4n3)[C@H]12,-6.76693254362543,-4.453550901454445,-3.958321322680491,-2.06267354307846,-2.9466121013773288,-2.318336347066575,-0.6239099446168614,-1.452068381620487,-2.976693679872416,-3.5144955796727566,0
b2AR-decoy_2894,Clc1ccc(Cn2cc(CSc3nnc(c4ccccc4)c(c4ccccc4)n3)nn2)cc1,-6.76692871944447,-2.614330102676475,-2.9423184030439917,-1.3953367997017398,-2.8804488390035283,-1.705362691033315,-1.5832028172966206,-0.6319633059239864,-2.1688634438557264,-3.6778247043827874,0
b2AR-decoy_197,CCC(=O)CCCCC[C@@H]1NC(=O)[C@H]2CCCCN2C(=O)[C@H]([C@@H](C)CC)NC(=O)[C@H](Cc2cn(OC)c3ccc(Br)cc23)NC1=O,-6.76513444010372,-3.771696673346836,-3.391044862498441,-3.3585072991359697,-3.3058292529818187,-1.7599866546368448,-0.5931323005113311,-2.825942711192927,-2.7967328491263164,-4.435912582454318,0
b2AR-decoy_2833,CCCc1ccc2c(c1)COP(=S)(Oc1cc(C)ccc1C(C)C)O2,-6.76482986744868,-3.716961979026405,-4.839950294663962,-1.5188299488562895,-2.1204116773745287,-3.249429757210165,-0.2617753969998606,-0.4336342545341871,-3.1547560917971067,-4.117215128095896,0
b2AR-decoy_2665,CO/N=C(/c1ccc(OC(F)(F)F)cc1)c1ccccc1COc1ccc(C(F)(F)F)cn1,-6.76462721392855,-4.828162688455665,-3.7534020977307216,-3.63700663311492,-2.780267830788058,-2.1505770387399545,-0.3096152409227413,-2.133042203347597,-3.321813350667746,-4.080043976193608,0
b2AR-decoy_2380,Cc1ccc(C)c(NC(=O)CSc2sc3c(O)cc(O)nc3c2C#N)c1,-6.76460607309483,-5.312494016329345,-5.369487113068761,-4.0549777487517,-4.016394727156079,-1.641260395529975,-3.5365119064372514,-2.653362474194277,-3.093835058891377,-4.124055663576026,0
b2AR-decoy_732,CC1(C)CCN(CCOc2ccc3[nH]ccc3c2)c2ccc(Br)cc21,-6.76460248140624,,-4.325328729024421,,,-1.6010291036180346,-0.6611135280961111,-2.9564817351456565,-2.786793055377906,-1.840088715528117,0
ASD03130051,Nc1nc(N)c2cc(F)ccc2n1,-6.76399873116904,-4.560750092324845,-4.449878765274221,-3.8100409679013794,-3.274265291455678,-2.415321538961935,-2.5138749556591518,-2.1726038763547573,-3.8695311757032567,-3.8597223506388967,1
b2AR-decoy_691,Cc1ccc(C)c(c2ccc(Cl)c(Cl)c2)c1/C=C/[C@@H]1C[C@@H](O)CC(=O)O1,-6.76269588097979,-4.529257515465755,-4.551164799258351,-2.980282321245189,-2.6993927494856287,-2.5512931046739444,-2.417564688247081,-2.082054596899777,-3.917852866074086,-3.0424871722095967,0
b2AR-decoy_1422,CC1(C)C(O)OC(O)C1(C)C,-6.76088716748117,-4.524844554894545,-4.176992995268861,-3.77667217445651,-2.5327977613345185,-2.6083219436191447,-1.841600631372331,-1.6329691582165164,-3.295810951192676,-3.572239689777987,0
b2AR-decoy_1649,O=C(OCCSc1ccc([N+](=O)[O-])c2nonc12)c1ccc(Cl)cc1Cl,-6.76071432287279,-3.884282175724615,-3.064624136857101,-2.26615886994072,-1.7077582999853584,-1.9401842187481744,-2.688609135806331,-1.1983971569354566,-2.890176002286837,-4.044258818974837,0
b2AR-decoy_2571,CCCCCC(C)(C)c1cc(OC)c2c(c1)OC(C)(C)[C@@H]1CCC(C)=C[C@@H]21,-6.76052096575346,,-3.9828780155745713,,,-1.4095394947644948,-1.7519423290665914,0.114706314731233,-2.5254257630155363,-2.531048029438067,0
b2AR-decoy_2788,CCCCCN(CCCC)c1cc(C)nc2c(c3ccc(Cl)cc3Cl)nn(C)c12,-6.75981862993059,,-3.349894861014492,-0.2205236376822097,,-2.3840486643450944,-1.4510010102787607,-2.151543904964157,-2.7962845100358065,-2.231520450883397,0
b2AR-decoy_882,COc1ccc(C(=O)c2coc3cc(Cl)c(O)c(Cl)c23)cc1,-6.75789428137698,-4.796767321461605,-5.088018769357332,-2.94383142595073,-3.630641170126109,-2.2681230922126145,-2.514017058818161,-2.616551183811267,-3.1664185629113764,-3.2329541896999667,0
b2AR-decoy_871,CC(C)/C=N/Nc1nc(c2ccc(Br)cc2)cs1,-6.75764505043227,-4.733288820061265,-4.592129097458932,-2.96515767039842,-3.3387371034591986,-1.7273834245606643,-2.4996853594688613,-1.9778784058651269,-3.791244934238736,-2.937954306923217,0
b2AR-decoy_1531,COc1ccc(CN(C)C(=O)C23CC4CC(CC(Cl)(C4)C2)C3)c(OC)c1OC,-6.75667835146256,-4.044496940892045,-2.001316936917321,-2.39932269102356,-1.3018017992186284,,-2.395887835307831,-2.0536204478467868,,-2.768673894395407,0
b2AR-decoy_422,CC1CC=C2C(C#N)=C(N)C(C#N)(C#N)C(c3cccs3)C2C1,-6.75635909056294,-3.424929386738145,-4.658940636611631,-2.52305202298061,-3.2564785780739385,-2.006023712489295,-1.2476340241097912,-1.8131776509895472,-2.879237377047966,-2.387648603007007,0
b2AR-decoy_1695,CC1(C)COC(=O)[C@@H]1Oc1ccc(C#N)c(C(F)(F)F)c1,-6.75616600896472,-5.258890413831885,-3.853324099721351,-3.76703169407332,-3.765005888190628,-3.650607689608555,-1.724908371541261,-2.350660500872647,-4.112587478408696,-3.768284275630777,0
ASD03130033,Fc1ccc(Nc2nc(NC3CCCCC3)c3ccccc3n2)cc1,-6.75596554409578,-4.788306852581545,-4.613478496130552,-2.91378132352743,-3.254006948693398,-3.354221355095014,-2.4630410399510607,-1.5640806537258465,-3.0912262850213867,-3.767073067482737,1
b2AR-decoy_410,CCCC#CC1(C(F)(F)F)OC(=O)Nc2c(O)cc(Cl)cc21,-6.75586678241854,-4.133477132332515,-4.293428689819801,-2.96045563725039,-2.494109832550138,-2.1626053633224744,-1.997808563238321,-1.5633132592111565,-2.969874124885596,-2.4985917912648072,0
b2AR-decoy_2916,C=C(c1ccccc1)C1COC2(CC[C@@]3(C)C(CC[C@@H]4[C@@H]3CC[C@]3(C)[C@@H](C(C)=O)CC[C@@H]43)C2)OO1,-6.75558483160215,-3.735082873782536,-3.334695706665131,-2.20636944776415,-3.488078665239148,-1.142243392931075,-1.8355146876676909,-0.9956588516696572,-2.3655790070790568,-2.798842551472077,0
b2AR-decoy_2528,COc1ccc(c2nc3sc(C)nn3c2/C=N/Nc2nc(c3ccc(C)cc3)cs2)cc1,-6.75443541213565,-5.308455496002305,-5.324509129872921,-1.55360200140181,-3.3749195892815784,-1.0551551440964246,-2.6303869711676207,-1.5614637032635867,-3.918697830423117,-3.490105442905207,0
b2AR-decoy_1437,S=P1(c2ccccc2)NCCCN1,-6.75420028484145,-4.239654285115215,-5.417813841341221,-3.2408154257176696,-3.692776276519559,-2.9961426892769847,-2.748977040251181,-2.6349065707992168,-4.159607975037126,-4.211815160957817,0
b2AR-decoy_623,C/C(=C\c1cccc(Cl)c1Cl)C(=O)c1c(C)cc(C)nc1O,-6.7529160318865,-4.361390715170916,-3.147127741594961,-3.7440179848005695,-3.506206933822819,-2.5443266270627944,-1.3230247795334409,-0.5042382500051472,-3.6874288177034966,-3.9376764296245272,0
b2AR-decoy_2765,CC(C)(C)N(NC(=O)c1ccc2c(c1Cl)CCCO2)C(=O)c1cc(Cl)cc(Cl)c1,-6.75250064001818,-3.808443567767745,-2.850835736443571,-2.6867131720791697,-2.237577090235119,-3.0851326013532443,0.5889455426034291,-2.593100885348857,-5.232846535291686,-3.9539546542666666,0
b2AR-decoy_2386,O=C(NO)[C@]1(F)[C@H](c2ccccc2)[C@H]1c1ccc(c2ncc(O)cn2)cc1,-6.75208704716955,-6.230293381643875,-4.644532701743771,-4.536125395673119,-4.636502462579418,-4.163032907842394,-3.355609347413212,-3.2391675279388066,-4.901415072789036,-3.8973011138894473,0
b2AR-decoy_454,COc1ccc2oc(=O)c3c(c2c1)Nc1cc(C)c(C)cc1N3,-6.75135092015157,-3.836163142143855,-3.719524762951691,-4.458728164659299,-3.857884790671088,-2.5122617799947147,-2.950258054249071,-2.3185127455006267,-4.385592095302966,-2.7043461545651266,0
b2AR-decoy_718,C=CC(C)(C)c1cc([C@@H]2CC(=O)c3ccc(O)c(CC=C(C)C)c3O2)c(O)cc1O,-6.75065572863718,-3.9844450137088048,-3.895955889696881,-2.76186255020772,-3.857225126019598,-2.4890575802935846,-2.7249994114497413,-2.3410328799785267,-1.1537295920773365,-3.157942078253947,0
b2AR-decoy_1383,C=CCN1C(=O)/C(=N/c2ccc(Cl)c(Cl)c2)c2ccccc21,-6.75050280250704,-4.287332109100175,-5.055362485382911,-3.87768300128642,,-2.065598941905975,-2.895527761850341,-0.5780099351106864,-3.5483098690774364,-2.670934316585987,0
b2AR-decoy_723,CC1(C)Oc2cc(C34CC5CC(CC(C5)C3)C4)cc(O)c2[C@@H]2C[C@H](CC=O)CC[C@H]21,-6.75033622007841,-3.458939461110265,,-4.193314361064179,-4.709688375853658,-2.164083155930955,-3.552702772850001,-1.7197072537211566,-4.338980078267596,-4.053815748892808,0
b2AR-decoy_1405,NC(=O)c1cc(=S)ss1,-6.75028287243194,-4.264490210967625,-3.9367237121499015,-4.00564786099328,-3.1029813212697688,-2.0314014182619147,-2.165218788966981,-1.6710273644172666,-3.4497494095173966,-3.4391453301649477,0
b2AR-decoy_1125,CCOP(=O)(/C=C(\Cl)c1ccccc1)C(O)c1ccc(F)cc1,-6.74841619816806,-5.242073212703096,-6.350973644411601,-4.69913791167878,-2.4441326106176184,-3.7836638870740247,-3.921518515391892,-2.8354555238529877,-4.742439521644797,-4.326273579037547,0
b2AR-decoy_244,Cc1ccnc(OC(c2ccc(C(F)(F)F)cc2)C2CC[NH+](C(C)CCNC(=O)c3c(Cl)cncc3Cl)CC2)c1,-6.74793678659607,-4.420520711041765,-5.129770054133672,-3.94996777598531,-3.865901431940628,-2.516133455237065,-1.7743192499321712,-2.8133578297940565,-3.536271615232036,-4.1115615453095575,0
ASD03130106,CCN(CC)c1ccc(Nc2nc(Nc3cc(Cl)cc(Cl)c3)nc3ccccc23)cc1,-6.74726879990848,-3.703036868141285,-4.634553500967131,-2.98729781013971,-3.8976155124916687,-2.1812894983674944,-2.0106360355321407,-1.853975348985597,-3.4725648979534265,-2.275578700940766,1
b2AR-decoy_1008,CC1=CCC2C(C1)c1c(O)cc(CC#CCCC[N+](=O)[O-])cc1OC2(C)C,-6.74619264706901,-3.247501122334585,-4.324957276088592,-1.43205871546684,-1.0494640223816587,-1.4540201976929348,-1.3377658802981711,0.7042487079506432,-3.264611968846986,-2.662466656918587,0
b2AR-decoy_1711,Cc1c[nH]c(CNC(=O)c2ccc3oc(C(C)C)nc3c2)n1,-6.74589745928608,-4.507172762382435,-4.765029455607671,-2.96866058486646,-2.7689096114427585,-2.537823270938345,-1.867444237693061,-2.1248838338110065,-3.6353174012185674,-3.833055652905077,0
b2AR-decoy_725,COc1ccc(/C=C2/C(=O)Nc3ccc(Cl)cc32)c(c2ccc(Cl)cc2)c1,-6.74324314266375,-3.3670931392001053,-3.614744862233652,,,-0.9174381699564949,,-1.0514513857980168,-1.7938047152413166,,0
b2AR-decoy_1809,CCOP(=O)(OCC)C(NC(=O)c1ccc(C)cc1)C(Cl)(Cl)Cl,-6.74172333735186,-5.304826491113645,-4.198419978259821,-3.32865251253841,-1.770796032334788,-0.6363612850881344,-0.0534596434864909,-1.7597428877746673,-3.7707460600075766,-3.2421147384703866,0
b2AR-decoy_16,Cc1ccccc1C(=O)Nc1nnc(c2ccc(C(C)(C)C)cc2)s1,-6.73886046595191,-6.124040843126934,-2.580729796875941,-0.4462727441428895,-2.0823887087261186,0.2930350283173553,-3.531601975075821,-0.7814323807528565,-2.645417558161606,-4.372224683112387,0
b2AR-decoy_506,Cc1ccc(C)c(C(=O)/C=C/c2ccc(O)c(O)c2)c1,-6.7349183830001,-4.322691724760046,-3.835157133441931,-2.7358669097889,-3.3536188130641484,-2.664241811617025,-3.3537589658217613,-2.1468258377816767,-3.737386876479186,-3.081807622773247,0
b2AR-decoy_182,S=C(NCCCNc1ccccn1)NCCCN(Cc1ccc(Cl)c(Cl)c1)c1ccc(Br)cn1,-6.73227000747983,-5.035279142755635,-2.412911148517781,-2.88282868972294,-0.5376306701996385,-2.2933227098425943,0.6338467607022191,-1.1288155576231365,-1.3504387902571664,-2.937851897508277,0
b2AR-decoy_1727,CCN1C(=O)/C(=C/N2N=C(c3ccccc3)CC2c2ccccc2O)SC1=S,-6.73212124182844,-4.302727779772695,-5.745791759763112,-2.9424924023373995,-2.2097346184219786,-2.4989718943649946,-3.153843017633121,-1.6589282383612565,-3.947367232584287,-4.3563722445437065,0
b2AR-decoy_206,COC(=O)c1cc(OC)cc(O)c1C(=O)c1c(O)cc(C)c2c1O[C@@](C)(CC(=O)[C@@]13C[C@H](O)[C@@H]4O[C@]4(CC=C(C)C)[C@@H]1O3)C2,-6.73084181601976,-5.587480976630225,-4.975334389796282,-4.94734981464054,-3.4793552951054183,-3.629711398502785,-2.768948041546741,-2.931698204292857,-2.9309782838360965,-4.866550027363457,0
b2AR-decoy_2381,NS(=O)(=O)c1ccc(CNC(=O)/C=C/c2ccc(Cl)c(Cl)c2)cc1,-6.73083554031754,-5.608455767894245,-3.902689743549561,-3.18669488581462,-3.9557612221451386,-3.0703233167619848,-1.8567749179077708,-2.228638792336807,-1.7629848738107663,-1.766090240709587,0
b2AR-decoy_2628,Cn1cncc1C(OCc1ccc(C#N)cc1c1cccc2ccccc21)c1ccc(C#N)cc1,-6.72869147800843,-3.835267041744455,-4.413225872115351,-2.94452109144577,-3.491579562921059,-2.9722033959275347,-3.1128266828863307,-1.6896061717452966,-3.370854493624746,-2.5283230464950965,0
b2AR-decoy_1147,Cc1ccccc1c1ccccc1/C=N/Nc1c(Cl)cncc1Cl,-6.72521847013246,-4.757819058127695,-2.458568147998201,-2.24709968676817,-4.184276488921099,-2.4631032719968147,-1.7158841086156214,-2.931350886201397,-3.0785934024478667,,0
b2AR-decoy_1148,C=C1CCC[C@@H]2[C@]1(C)CC[C@H](C)[C@@]2(C)CC/C(C)=C/C[C@H]1OC(=O)C=C1CO,-6.72414331539363,-4.5866588857613255,-3.784125106151381,-2.86807178094863,-2.7523544145108083,-1.699006814857975,-3.406605822249521,-1.603256184018627,-4.290240066256277,-3.634652945006777,0
b2AR-decoy_1637,COc1cc(c2cn(Cc3cccc(OC(F)(F)F)c3)nn2)ccc1n1cnc(C)c1,-6.72324296763888,-4.432244181457665,-4.313584704845021,-3.115262594985269,-1.7598965082878282,-1.307944393360705,-2.490315107158791,-0.9832793530626364,-2.2114341272590563,-3.0744268876947367,0
b2AR-decoy_2472,N#Cc1c(C(F)(F)F)cc(c2cccs2)nc1SCc1ccccc1F,-6.72312331044857,-4.942519813118305,-5.218577262003722,-4.26185640814602,-4.062219456881868,-3.1826503135438147,-2.0781708316756307,-2.2979213455307272,-3.6700528046720766,-2.2403329443403077,0
b2AR-decoy_437,Cc1ccc(Sc2ccnc3sc(C(N)=O)cc23)cc1,-6.7229969030724,-4.4961116142689255,-4.711186006453041,-4.0803221343692,-3.786238877650258,-3.176214916090685,-1.749805738069071,-2.610725841915557,-3.680120012210247,-4.689339891836488,0
b2AR-decoy_2396,CC(C)(C)c1cc(C(=O)Nc2ccc(S(N)(=O)=O)cc2)cc(C(C)(C)C)c1,-6.72086089376501,-5.125050343112055,-3.7670222785628313,-4.387588858743659,-2.6826648506104487,-2.1362221568181843,-0.7639765557148408,-0.9076501982612868,-2.2323363397812166,-2.880157389935007,0
b2AR-decoy_464,CC1(C)C[C@@H](O)C[C@](C)(C/N=C(\S)c2ccccc2O)C1,-6.71937566613759,-4.854565346639615,-4.994438993542851,-4.1358425985936496,-3.4869412349776487,-2.200116056319125,-1.439940260753711,-2.2589396400511967,-3.906623195112596,-3.603128853990317,0
b2AR-decoy_1251,c1ccc(c2onc(c3ccco3)c2c2ccc3c(c2)OCO3)cc1,-6.71465717795631,-2.7611736908191755,-4.175594534349581,-2.47241995520337,-3.1511294606166587,-2.551243179218555,-2.266388913192551,-2.0020944492742965,-2.863926637406446,-2.081051861020437,0
b2AR-decoy_411,CC1(C)C=Cc2ccc(c3coc4cc(O)cc(O)c4c3=O)cc2O1,-6.7145650361551,-5.639486570908055,-4.830613448556351,-3.01216874266638,-5.476820880293939,-4.204871167815634,-2.445422221485451,-2.385597102819806,-4.685621524258196,-4.335201631260087,0
b2AR-decoy_3139,CCOC(=O)c1c(NC(NC(=O)c2ccco2)C(Cl)(Cl)Cl)scc1c1ccccc1,-6.71378407467045,-3.9360874736644655,-5.338021027429191,-4.47539611912007,-3.8034129937411487,-3.0397350172881046,-2.578791497990851,-2.025378381532567,-3.777048850746956,-3.875194433168237,0
b2AR-decoy_1334,O=S(=O)(Cc1ccccc1)Oc1ccc2ccccc2c1,-6.71340334426337,-4.040460135580805,-4.965850571782421,-3.2605545102249094,-4.094060696469408,-2.9029846442190443,-1.379216350909271,-3.2866627141531266,-4.366579357786407,-4.325882313323618,0
b2AR-decoy_1210,CSc1cnc(NC(=O)[C@H](c2ccc(Cl)cc2)C(C)(C)C)s1,-6.71237061107162,-4.803236145558085,-3.7311015443152016,-3.0213275083702795,-2.977642515498258,-2.8873858178169245,-1.7709162069410107,-1.8135267666525472,-3.9916761963049767,-3.204979411692747,0
b2AR-decoy_2756,CCc1ccc(CSc2nc(c3ccccc3F)nc3c2Cc2c(CO)cnc(C)c2O3)cc1,-6.71087560051941,,-4.933464750787511,-3.139572875395149,-0.9051564850613882,-2.465148802029085,-1.2280170128953714,-0.2609625038261169,-3.169019415677907,0.1182960316082031,0
b2AR-decoy_1572,N#Cc1cc(c2ccnc(Nc3cnn(C[C@H]4C[C@@H]4CO)c3)c2)ccc1OC1CCOCC1,-6.7095741793693,-4.159447197483425,-5.586398930172981,-3.65016293854867,-3.697212497541968,-3.671441218563645,-2.515966134470081,-3.063726348572837,-3.2219788540668963,-3.236656507714477,0
b2AR-decoy_1309,CSc1ccc(OCc2nc(Cl)c(Cl)n2C)cc1,-6.70906620387195,-3.6433964603729248,-2.871698327023031,-3.5323033376030297,-3.584577298321099,-1.295282942907475,-2.188957313818441,-1.9101338407110564,-2.695977878588097,-3.835016502506017,0
b2AR-decoy_1706,Cc1ccc(S(=O)(=O)/N=C/c2ccc(N(C)C)cc2)cc1,-6.70804188957349,-4.525407091025185,-4.077459890439761,-1.4849064558602,-3.5206795956307486,-1.6560329094176751,-1.075439179743321,-1.3187130372579867,-3.360942862850326,-2.868646925283357,0
b2AR-decoy_904,Oc1ccc(/C(=N\c2ccc(Cl)cc2)c2ccc(O)cc2O)cc1,-6.70574074781739,-4.666929610420056,-5.084881845543771,-3.0927933062404795,-3.914748699556978,-3.1971663654390543,-1.794903271335281,-2.492495137018617,-4.815440293900177,-2.9659898796285966,0
b2AR-decoy_1079,OC(c1ccc(Oc2ncccc2C2=CCOCC2)cc1)c1nc2ccccc2s1,-6.70516582537068,-6.4304692561228745,-2.687948589143131,-3.11854670386636,-2.8784279223959386,-1.6382158596834246,-2.043239138266891,-1.460216281631717,-3.529842629578656,-3.2231263848834666,0
b2AR-decoy_1469,N#C/C=C(\N)c1cccs1,-6.70387509650882,-4.718406683625525,-4.283822016264692,-3.339323691727309,-3.171265311378119,-2.1503992812053143,-2.5329960842757613,-2.1828357893479664,-3.7739175668197062,-3.798624861091907,0
b2AR-decoy_1086,COc1cc2nc(c3cccc(Br)c3)cc(O)c2cc1c1cnco1,-6.70207443031962,-2.864917587804225,-3.898719088557892,-1.6707772009169402,-3.324767081745918,-2.2991486677636344,-2.735499097123581,-0.1586920004218868,,-1.358647921832167,0
b2AR-decoy_2980,COn1c2ccccc2c2cc(COCc3ccc4c(c3)c3ccccc3n4OC)ccc21,-6.70160567769245,-3.779878927113425,-3.9571151917882617,-2.4186299938549496,-1.6003792474679583,-1.1492370842162547,-1.122904755908701,-1.1807297537849966,-2.4414545208703364,-4.371698754056666,0
b2AR-decoy_1385,Cc1c(SCc2ccc(C(C)(C)C)cc2)cnn(C(C)(C)C)c1=O,-6.70110000978278,-4.812160777934845,,,-0.5897769890944486,-2.6855572537098444,-1.5584070093355311,,-1.543854138345487,-4.020279930668437,0
b2AR-decoy_132,CCCCOC(=O)Nc1sc2nc(C)cc(C)c2c1n1cccc1,-6.69886068997514,-3.064546104790435,-4.706367384290341,-1.7887883207142794,-3.921221698678629,-2.716197213117855,-1.2816773585829306,-1.6684993936150567,-2.1175790641662866,-2.9270312858911267,0
b2AR-decoy_302,C[C@H](CCCn1cc(CC(O)(Cn2cncn2)c2ccc(F)cc2F)nn1)[C@H]1CC[C@H]2[C@@H]3CC[C@@H]4C[C@H](O)CC[C@]4(C)[C@H]3C[C@H](O)[C@@]21C,-6.69814629951051,-5.731459232711245,-4.570085506043132,-5.539146220460779,-3.4629139063238785,-1.999176285093335,-2.400647724973872,-1.547553305840017,-3.5214905802608767,-4.289947045209717,0
b2AR-decoy_1692,CC(=C/c1ccco1)/C=N/N1CCN(c2ccccc2)CC1,-6.69794784359318,-3.953411247552525,-4.426876926566311,-1.8889684031252896,-2.0406124043179483,-0.7388607687999045,-2.440333654703771,-3.873260263804037,-4.5850185340794765,-3.783043560044807,0
b2AR-decoy_1625,c1ccc(Cn2c(SCc3ccncc3)nnc2c2ccsc2)cc1,-6.69420262759148,-3.507581728413845,-4.581591007304521,-3.53023779810972,-3.4584589965781483,-2.8868681508830747,-2.8281817390239814,-1.9601080711277872,-3.656507352856436,-3.621482358161687,0
b2AR-decoy_1862,Nc1ccccc1NC(=O)c1ccc(CN(CC(=O)NCc2ccccc2)C(=O)c2cccnc2)cc1,-6.69254617885322,-4.7831381250973255,-2.378594811044101,-0.9828694503394296,-2.462075134402438,,-0.9065410730931314,-0.9096810570785764,,-0.2854043468400071,0
b2AR-decoy_1924,CSCSC1=C2CCC3C4CCC(=O)[C@@]4(C)CCC3[C@@]2(C)CCC1=O,-6.68829565394075,-4.921948510643565,-3.0962171423844715,-3.3271846864598897,-2.6685417367059587,-2.0144975469012545,,-1.9870226667286568,-3.731036792593266,-3.136900584413207,0
b2AR-decoy_2112,Cc1n[nH]c(O)c1C(c1ccc(Br)cc1)c1c(C)n[nH]c1O,-6.68823028547594,-3.2363997608178847,-3.2985933259282616,-2.7900055868329794,-2.439586800134818,-2.0742082484667845,-1.8504014664135209,-1.3721772293131869,-2.2618675889920468,-3.2563309692204068,0
b2AR-decoy_2068,Cc1ccc(NC(=O)CSc2nc(C(F)(F)F)cc(c3ccco3)n2)cc1,-6.68814175908605,-5.2437675629059655,-5.182926847865181,-2.8249491634610395,-2.6015757862647586,-1.878185483838795,-4.068325597926481,-2.266424217873067,-2.953423861597976,-5.069884546422486,0
b2AR-decoy_2470,CC(C)=CCC/C(C)=C/CCC1=C[C@H](c2ccc(C(C)C)cc2)OC1=O,-6.6858332119738,-5.119721603660565,,-2.4547620224205,,,-1.8276365700097408,,-2.5833682621888965,-2.8082785348982866,0
b2AR-decoy_2998,Cc1ccccc1C(=O)C1CCN(c2ccc(C(=O)NCC(O)c3ccsc3)nn2)CC1,-6.68545283279216,-5.572758128914635,-4.975181953846821,-3.69478345933118,-2.873250784452458,-3.7248754649760745,-2.2683815343161813,-2.4854338379650365,-4.257699222882277,-4.549506329529336,0
b2AR-decoy_149,O=c1cc(N2CCCCC2)oc(c2cccc3c2Sc2ccccc2S3)c1,-6.68452267678494,-3.5927014283140157,-4.576806115757892,-3.04143370434156,-4.283995044288009,-3.512179669252765,-2.1767623729371213,-3.5637146008190275,-2.9719992963192867,-2.716619788678457,0
b2AR-decoy_1990,O=C1NC(=O)C(n2cc(CCCO)c3ccccc32)=C1c1c[nH]c2ccccc12,-6.68378665899671,-2.9508330004280747,-3.3170567814026715,-2.0174733010500097,-2.750588102030778,-3.7176898469986543,-1.3940220086488608,-2.3991857172941264,-3.4874278198990165,-3.176495796298497,0
b2AR-decoy_1944,Cc1csc([C@](C)(O)c2nnc(Nc3ccn(Cc4c(F)cccc4F)n3)s2)n1,-6.6830952745953,-4.0353960490559455,-4.481013087521052,-2.46559308430707,-3.839714426599429,-2.5451669498353144,-3.247599125790241,-2.5932104649982373,-4.144706429743736,-4.102906911535857,0
b2AR-decoy_2182,Oc1ccc(/C=N/c2nnc(Cn3c4ccccc4c4ccccc43)s2)cc1,-6.68259175200292,-3.883646888228785,-4.165869920059231,-3.1628189308216594,-3.750375613863969,-2.4724132094215845,-3.835484951647482,-1.4332865664616872,,-4.171265632720077,0
b2AR-decoy_2427,CCCCCn1/c(=N/C(=O)c2cccc3ccccc23)sc2ccccc21,-6.68163602332472,,-4.354393052035011,-2.8844861766082994,-3.641049195068188,-0.4142206551356144,-3.1045266658267607,-0.9030516872548172,-3.3497617348960063,-3.940711889099167,0
b2AR-decoy_3120,CC(C)c1ccc(CN(Cc2ccc(F)cc2F)c2cccc(S(N)(=O)=O)c2)cc1,-6.68135344955923,-4.361834578716125,,,-0.8462440211117084,-0.6906029317171747,0.4121807494806591,-1.0464951309597763,-2.191878812020346,,0
ASD03130028,Nc1nc(Nc2ccccc2)nc2ccc(Cl)cc12,-6.68044557249431,-4.301969869098375,-3.719753051598281,-3.23262547369088,-3.1187863763328085,-2.197153844397505,-1.8695182789513112,-2.181311830879377,-3.8521042085275967,-3.013347574546717,1
b2AR-decoy_1922,Cn1cc(c2ccncc2)c(c2ccc(OCc3ccc4cc(CF)ccc4n3)cc2)n1,-6.6802883521217,-4.660635893411415,-4.161459416197041,-3.2677822230474893,-3.608039347652558,0.5357139106818654,-2.2240085711677606,,-4.125301303860627,-3.754674713617937,0
b2AR-decoy_3009,Cc1nn(c2ccc(C#N)c(Cl)c2)c(C)c1Cc1ccc(C(=O)NCC(C)(C)O)cc1,-6.67873693147931,-4.588105975708535,-5.037057407630151,-4.1438461954048895,-1.132249314473558,-3.9891747776531448,-2.115027488138831,-2.265940994879177,-2.665802836803616,-2.6239185757638466,0
b2AR-decoy_2696,CCC(O)(c1cn(Cc2ccc3c(c2)sc(C(=O)NC)c3c2ccccc2)nn1)C(F)(F)F,-6.67835177001484,-4.211378267677715,-5.0995150140432415,-1.5353275639465895,-4.029069681854589,-2.785358382577865,-3.110501206655841,-2.472264996638267,-3.5022237940258867,-3.242503871283857,0
b2AR-decoy_3084,O=C1CCC(c2ccccc2c2ccccc2)N1Cc1csc(c2ccccc2)n1,-6.67812091945126,-4.354107602567965,-3.724031384171061,-2.95146550348061,-4.175470238513548,-3.2319797606580547,-3.963303965548791,-2.288108403284637,-3.948481937788887,-3.258161604974227,0
b2AR-decoy_784,Cc1cc(C)c(S(=O)(=O)Nc2ccc3ccccc3c2)c(C)c1,-6.67797033611547,,-2.6327993879051714,-1.76791413868143,-3.2374357769482582,-2.8565666149561544,-2.4044684447978506,-2.401390005590657,-4.431864932853997,-3.5034021444507872,0
b2AR-decoy_849,FC(F)(F)c1cccc(Cl)c1c1ccc(/C=C/c2nc3ccccc3[nH]2)o1,-6.67748681843292,-4.474643326189685,-3.120934009665401,-2.6887982126130296,-4.934671502107689,-1.238352299373365,-2.439138360858461,-1.4214725827626964,-2.8619907765963566,-3.382533809090797,0
b2AR-decoy_185,CC(C)CCC[C@@H](C)[C@H]1CC[C@H]2[C@@H]3C[C@@H](O)[C@@]4(O)C[C@@H](OCC(=O)N(CCO)CCO)CC[C@]4(C)[C@H]3CC[C@@]21C,-6.67701284139671,,,-3.84347312964154,,-0.9497192979353546,,-1.0438076211998473,-1.9552506267141263,-4.328198311937356,0
b2AR-decoy_2150,COc1ccc(c2csc(N/N=C(\C)c3ccc(Cl)c(Cl)c3)n2)cc1,-6.67683724278587,-4.763379326419855,-5.642374035566982,-3.82253441715832,-3.666685226107308,-2.2103490073600245,-2.511699253159531,-2.566104906216287,-4.4023490703609465,-3.261333131227237,0
b2AR-decoy_234,CCCOc1ccc(S(=O)(=O)N2CC[NH+](CC)CC2)cc1c1nc(O)c2cc3c(cc2n1)ncn3Cc1ccccc1OC,-6.67496512561018,-4.561309641100385,-4.107449476523941,-2.01727396048791,-2.527068376237218,-3.019168439578195,-1.968140167268281,-1.3995456898945164,-2.8242261298372364,-2.591461736371507,0
b2AR-decoy_1793,O=C1NC(=O)/C(=C/c2ccc(OCc3ccccc3)cc2OCc2ccccc2)S1,-6.67402386128077,-5.234075288969315,-5.002053502597772,-3.5632161289984,-3.683841292760518,-2.964627990238035,-1.0635443106166207,-3.317195232682667,-3.1013190848761463,-4.656640908648187,0
b2AR-decoy_1520,CC(C)CC1(Cc2ccccc2)OS(=O)(=O)C=C1OCc1ccccc1,-6.67395186067685,-3.1913410163296447,-3.8306055331434816,-2.76818943856387,-4.502143653558228,-2.296656879037255,-1.7022400492851713,-2.077841543500557,-2.2067486394512867,-3.914984892042897,0
b2AR-decoy_825,[C-]#[N+]c1cccc(c2cccnc2Oc2ccc(Nc3ccccn3)cc2)c1,-6.67314914556336,-4.584584920850845,-4.416799736980771,-2.83850010137826,-2.538358850566678,-2.520720641453205,-2.1030518719450413,-2.640770472517457,-2.3451269187188863,-3.646284221928847,0
b2AR-decoy_678,COc1ccc2cc(C(=O)/C=C/c3ccc4[nH]ccc4c3)ccc2c1,-6.67229963246129,-6.015289688491055,,-3.0716290168650198,-4.110088240975168,-1.2428441037416746,-0.4662531514492007,-3.3212300717185865,,-3.949163535567347,0
b2AR-decoy_2179,CCC(C)Sc1nc(O)c(C)c(Cc2c(Cl)cccc2Cl)n1,-6.67024226543303,-3.8814686675681456,-4.322407538133241,-3.46663573527948,-3.2853034211097683,-2.423173896935075,-1.5154540012617312,-2.360151549512657,-3.4207372242035463,-3.1480988008456774,0
b2AR-decoy_1716,Cc1oc2c(c1C(=O)c1ccccc1)C(=O)c1ccccc1C2=O,-6.66927097011077,-4.911965793758875,-4.300293708742271,-2.9663680420872094,-1.5340938759220384,-3.582252240330715,-0.5574738102230308,-3.268166078767057,-3.9042707402105767,-3.202287126691447,0
b2AR-decoy_2704,CC(C)C[C@@H](c1c(O)c(C=O)c(O)c(C=O)c1O)[C@@]1(C)CC[C@H]2C1=C[C@H](C(C)(C)O)CC[C@H]2C,-6.66845552050173,-4.5217466553407455,-3.8016921924574216,-3.87162574160571,-5.195015058040958,-2.612576206008895,-3.1733255474945112,-3.393643737245587,-3.498966458187496,-2.876036907293327,0
b2AR-decoy_2173,Cc1ccccc1c1cc(=O)c2cc(NC(=O)c3cccs3)ccc2o1,-6.6675470770672,-4.505679379189985,-4.996139076566761,-2.77292755239123,-3.352147957755649,-1.3860434752330448,-1.963342637703911,-0.0915830214303268,-2.7126258045848166,-2.499921251678517,0
b2AR-decoy_2328,O=C(Cc1ccc(c2ccccc2)cc1)NNC(=S)NCc1ccco1,-6.66727287365667,-5.837487476851335,-4.119083025159971,-3.27176274455346,-3.709057807763928,,-2.210880983729571,-2.387015531899107,-3.1554639486447167,-3.883810501519387,0
b2AR-decoy_1764,CC(C)CC(=O)O[C@H]1C[C@@H](C)C=C2C=C[C@H](C)[C@H](CC[C@@H]3C[C@@H](O)CC(=O)O3)C21,-6.66697061417838,-4.465091162392185,-4.209516670214152,-3.5200975945591093,-3.5162028352464088,-1.9553325449831045,-1.2435849887791512,-2.5654225846797765,-3.6885112009329664,-4.030327419104937,0
b2AR-decoy_1642,N#Cc1ccc(c2ccc(OCC(CSc3ccccc3)N(O)C=O)cc2)cc1,-6.66368678277374,-5.252749817814685,-6.353664208603382,-3.1475503561234,-3.322567275299249,-1.8520481694865143,-2.552828682051101,-2.289025227718157,-2.7666650332104465,-4.685343280040037,0
b2AR-decoy_225,CN(C)S(=O)(=O)NC(=O)C1=C(c2ccc(OC(F)F)cc2)C[C@](c2ccc(OCCCCCC(F)(F)F)cc2)(C(F)(F)F)NC1=O,-6.6636095850879,-3.3254864159297552,-4.899031342157771,-3.6835670539651097,-3.1248069751693484,-1.7532626294974651,-0.9760115774881816,-1.7078433732264866,-0.9473636447779664,-4.193757052973087,0
b2AR-decoy_983,COc1ccc(/C=C/C(=O)c2ccc(NC(=O)c3cccs3)cc2)cc1,-6.6632625057385,-5.131086177080865,-2.632399671054051,-2.57863958166908,-0.0290053815304585,-1.6972949827029744,-1.2718115455809809,-0.5600801443346866,-2.602724217711736,-3.3886317915309774,0
b2AR-decoy_2745,COc1ccc(c2cc(C(F)(F)F)c(C#N)c(SCC(=O)Nc3ccccc3F)n2)cc1,-6.66308302287114,-6.085466901854715,-5.234941652020601,-2.0849704873903194,-3.5501924764873083,-3.543174405990345,-1.991824996895201,-2.905864485783437,-4.021654153212096,-4.886775937375207,0
b2AR-decoy_243,COc1ccc(S(=O)(=O)N(CC(C)C)C[C@@H](O)[C@H](Cc2ccc(c3ccncc3)cc2)NC(=O)O[C@H]2CCOC2)cc1,-6.6626788813386,-5.529697506515425,-2.607863370731631,-4.775651538398519,-3.2826042049186084,-3.383320118222385,-2.3507116416667007,-2.1682865425733464,-3.179424302833036,-3.0940307367835467,0
b2AR-decoy_1961,N#Cc1cc(F)cc(S(=O)(=O)c2sc3ncc(N)cc3c2c2cnccc2F)c1,-6.66189561671693,-3.375422589260655,-4.155489706223792,-2.7167038563363297,-3.567655973521818,-3.259061145265875,,-1.1208650686895272,-4.8596919698556365,-4.385611557365317,0
b2AR-decoy_2006,CC(C)(C)c1ccc(S(=O)(=O)NCc2ccc(C(=O)NO)cc2)cc1,-6.66077931338615,-4.306751052140945,-3.860549606231492,-3.8622744022026296,-2.932923783371308,-0.290302894058855,-1.9192459761602916,-1.7802754740850668,-3.1186844494886863,-4.747417099010256,0
b2AR-decoy_795,CCCCc1oc2ccccc2c1C(=O)c1ccc(O)cc1,-6.66016665388366,-5.322089481661825,-4.580564348452681,-3.176063604697529,-3.6446479451092975,-2.5738166872589447,-2.3775616704328213,-2.3270259915655664,-3.607896161711606,-4.321930385073967,0
b2AR-decoy_1372,CCC(C)c1cc(C=O)cc2cc(C(=O)c3ccc(C)cc3)oc12,-6.65887018577231,-5.141251968896365,-4.309491762206911,-3.0273645368957998,-3.3158980864164285,-2.9414202227815744,-2.5844790431161506,-2.558253412415107,-4.482729555345136,-3.294872511222777,0
b2AR-decoy_981,CC(CNS(=O)(=O)c1ccccc1)c1ccc(c2ccccc2F)cc1,-6.65851004609964,-3.213726782298595,-3.628878421920401,-2.6854702013180995,-2.448435010524179,-2.0383544989219144,,-2.1808885474255773,-3.088028765819736,-2.957974214125907,0
b2AR-decoy_1421,CC1(O)CSC(C)(O)CS1,-6.65617355170862,-3.8622591946931255,-4.502993208563141,-3.1515688484341995,-3.078813610094568,-2.4312967685740245,-1.8599534313246504,-1.1599849576307069,-3.3911482286419963,-2.8929395230013566,0
b2AR-decoy_1482,CC1=CC(=O)/C(=C(\C)N)C(=O)O1,-6.65595921357533,-4.364418194884685,-3.880595092598111,-3.59287690132134,-3.1984201723019288,-2.030050956283075,-1.544543737423691,-1.4763210528722572,-3.266945158498727,-3.0490310781228467,0
b2AR-decoy_101,C[C@]12CC[C@@H](O)C[C@@H]1CC[C@@H]1[C@@H]2[C@@H](OCc2ccccc2)C[C@@]2(C)[C@H]1CC[C@@]21CO1,-6.65506706892322,-4.410970856016745,-4.984820080161572,-3.2439895324442,-3.2838203045891685,-2.7351184522174243,-1.4017336387267614,-1.714552615875637,-3.189428585607597,-3.687863879163307,0
ASD03130073,Fc1cc(F)cc(Nc2nc(NC3CCCCC3)c3ccccc3n2)c1,-6.65386795989126,-4.809505917995905,-4.840525504803061,-3.8627550136100695,-1.9386218669187685,-2.4901190220529648,-2.063611796518291,-2.119744906770787,-3.2584457568092766,-4.009893253344787,1
b2AR-decoy_31,CC(C)(C)OC(=O)N[C@H](C(=O)OC(C)(C)C)c1ccc2ccccc2c1,-6.65106791405066,-4.580772112522006,-3.909583176932701,-3.1351953938480497,-1.8861286935979784,-3.3215021595774648,-2.1531084218260714,-2.836365044235637,-3.1652076599887264,-3.4443316221386966,0
b2AR-decoy_508,O=C(/C=C\Nc1ccccc1O)C(Cl)(Cl)Cl,-6.65082964200432,-4.952210016198605,-4.277721658210621,-3.03786151707038,-3.176223837265268,-2.7603962231040047,-1.5441856503878206,-1.781415622697427,-3.2645184064539565,-3.407027721461327,0
b2AR-decoy_3050,Fc1cc(C2=Nn3c(nnc3c3cc(F)c(Cl)cc3Cl)SC2)c(Cl)cc1Cl,-6.65033798892952,-3.319484733685345,-4.991047437426361,-4.01996133382527,-3.6980350378352975,-2.1424393306813343,-2.9953675376247317,-2.7685104577768564,-3.512803890513366,-0.667410496098257,0
b2AR-decoy_947,O=C(CSc1snnc1c1ccc2ccccc2c1)Nc1ccccc1,-6.6490426906433,-5.844362840847976,-4.587075897921971,-3.39081833181298,-4.128692796240999,-3.2782166397349943,-2.045771267277301,-1.2871169083005969,-3.781572582166056,-1.6836006452020666,0
b2AR-decoy_673,Cc1cccc(C)c1Nc1nnc(SCc2cn3cccc(C)c3n2)s1,-6.64864058534639,-4.482765239588916,-4.016011571128141,-1.1341633913031002,-3.2662089574070583,-2.984498317273915,-0.8044730672249614,-2.082315715159197,-3.103345795049056,-2.984977885401227,0
b2AR-decoy_2553,O=c1cc(c2cccc(/C=C/c3ccc4ccccc4n3)c2)oc2ccc(C3=NNN=N3)cc12,-6.64835644250986,-7.090558446123724,-6.415150913903551,-4.76374767186957,-4.283334880649629,-2.120722251390915,-2.4760120298783708,-3.978839076134797,-5.003564667183176,-2.710186528511308,0
b2AR-decoy_1751,CC1=CC[C@@H]2[C@@H](C1)c1c(O)cc(CC(=O)OCCCCC#N)cc1OC2(C)C,-6.64819915546977,-3.9725082666293448,-4.481336442403621,-2.2362020140688497,-2.998198745950888,-0.5406481139414048,-2.468210608315051,-1.410840413684037,-2.6789131449102763,-2.862647116142987,0
b2AR-decoy_1341,CC(C)c1nnc2ccc(Sc3ccc(Cl)cc3Cl)cn12,-6.64708643475445,-3.842360897674605,-4.012352287706801,-2.3502180145744798,-3.1901042496893384,-1.9089212127475343,-1.231608410265741,-2.003590013765037,-3.873806881881986,-2.448637109833457,0
b2AR-decoy_3145,CC(C)c1ccc(CN(Cc2ccccc2C(F)(F)F)c2cccc(S(N)(=O)=O)c2)cc1,-6.64618450179531,,,-1.5456469352507796,,,-0.9302344796304212,-1.7827257545995572,-2.6797201801493564,-0.3996614471234769,0
b2AR-decoy_2172,N#Cc1cc(Cl)cc(Oc2cc(CCc3ccccc3)[nH]c(=O)c2Cl)c1,-6.64436837618712,-6.181117097806315,-4.868839057630972,-3.90731310711688,-3.740800390979668,-3.1085060990019047,-2.401506713802261,-3.5968306760154576,-4.818964512185857,-3.555043625797507,0
b2AR-decoy_148,CCCCCn1c(=O)sc2cc(CC34CC5CC(CC(C5)C3)C4)ccc21,-6.64395001879376,-4.637277814580905,-2.9381919791661613,-3.48967001309667,,-2.214426321618495,-1.8281011450176008,-1.3861132270200969,-2.993936142212096,-2.084158731706227,0
b2AR-decoy_2882,CC(C)=C(c1cccnc1)c1cc(Cl)cc(/C=C/c2ccc(c3ccncc3)cc2)c1,-6.64384495798612,-3.445565993596825,-2.711358091074551,-1.88918186404738,-3.147907751986809,-2.036030906742015,-0.9978883339511508,-0.638389326060917,-1.1261214685388463,-2.663600045699128,0
b2AR-decoy_222,C=CCN(C(=O)OCc1ccc([N+](=O)[O-])cc1)C1CC[NH+](C[C@H]2CN(C(=O)C3CCCC3)C[C@]2(O)c2ccccc2)CC1,-6.64240482349165,-4.501703022511765,-4.357956139053012,-4.3920564660422,-3.789728089782608,-2.230103439439615,-2.5502210534654006,-3.786631034270768,-3.822029716918917,-4.024036218833347,0
b2AR-decoy_2149,Cc1ccc(C(=O)NC2(C)CCC2)cc1c1ccc2c(Cl)c(N)ncc2c1,-6.64233662381597,-4.536791959180525,-3.429009715327001,-3.4085865701968494,-2.678899508707299,-2.3023738453975344,-2.504513159058031,-0.8596346942331365,-3.8487106827937367,-3.3768966903318574,0
b2AR-decoy_390,COc1cc([C@@H]2c3cc(O)c(OC)cc3C(=O)[C@@H](C)[C@H]2C)ccc1O,-6.64198101331372,-5.166447089028885,-4.587857279428821,-3.63730539842141,-4.0364857780094985,-2.9843916185296244,-2.663766558961341,-1.9693513979540669,-3.8718872911755966,-4.077422841104488,0
b2AR-decoy_1612,CCCCN(C(=O)c1ccc(Cl)cc1)c1nnc(c2cccc(F)c2)s1,-6.64057828760763,-4.551835028317095,,-3.35666969948689,-3.0746445938312386,-2.5732296126034244,-2.8138832604679207,-1.654179832960307,-1.0247042298115765,-3.043161152393997,0
b2AR-decoy_622,Cc1ccc(C(C)C)c2cc(Cc3ccccc3O)c(=O)oc12,-6.64054444879855,-4.961944707379095,-4.8224100652522015,-3.13890236587766,-3.0207450631086887,-3.4749322829740343,-1.334445674639941,,-3.858441270117337,-3.394908108778937,0
b2AR-decoy_896,CCCOc1ccc2c(c1)C(C)(C)Oc1cc3oc(=O)cc(O)c3cc1-2,-6.63945567274435,-3.867991426388405,-4.200179195315101,-2.3991996154103497,-3.2667422200060887,-2.180439031848305,-1.848426629689941,-1.5628443942587067,-3.091972859041636,-2.859231837882057,0
b2AR-decoy_1498,O=C1CNC(=O)/C(=C/c2cccs2)N1,-6.63909232999957,-5.203230048498975,-4.700550712484182,-3.73019749726417,-3.3137499041641485,-1.8647262535880245,-2.397235456780461,-1.721929695027307,-4.041118485398246,-3.6972562500215873,0
b2AR-decoy_2897,O=c1c(Cl)c(c2ccccc2)[nH]c2c(c3ccc(Cl)cc3)c(Cc3ccccc3)nn12,-6.6370932901313,-3.722228825052965,-4.412774802426261,-2.21150074589326,-4.312960787937569,-1.0577271074676249,-1.7521955937324707,-1.8668214612792864,-3.4983019184473063,-2.4563210931535573,0
b2AR-decoy_2409,C/C(C=O)=C\CC[C@@H](C)[C@H]1CC[C@@]2(C)C3=CC[C@H]4C(C)(C)C(=O)CC[C@]4(C)C3=CC[C@]12C,-6.63690749784548,-3.791218633427315,-2.6616227780428314,-2.837187597966929,-2.6608390510778985,-1.8695071680430544,,-1.7753298044520172,-2.821436912693236,-2.559002809839417,0
b2AR-decoy_1646,O=C(C/C=N\OCc1c(Cl)cccc1Cl)Oc1ccc(Cl)cc1Cl,-6.63587890958862,-3.5572682143917955,-4.120667754684511,-3.4863522037040093,-3.808173011724748,-2.917537064973695,-2.894802078772141,-2.3924099649854265,-2.912987405729936,-2.6724324253834166,0
b2AR-decoy_2474,CC(C)Cc1cccc(/C=C/[C@@H]2[C@@H]3[C@@H](C)OC(=O)[C@@H]3C[C@@H]3CCCC[C@H]32)n1,-6.63398042250852,-3.3610154811427853,-3.8941019292103913,-3.5899535372106,-2.743051276078618,-2.3396848484128947,-2.2486381718292714,-2.017095333241877,-3.2175266752713068,-2.770284414510407,0
b2AR-decoy_1121,CC1=CC[C@@H]2[C@@H](C1)c1c(O)cc(C(C)(C)C(=O)OCCCC#N)cc1OC2(C)C,-6.6336474670863,-4.0143049046185055,-4.372768016090351,-3.19875312502805,-3.806159322526488,-2.5252234765018944,-2.073377442623351,-1.4535031918253267,-3.2208286324623163,-2.8447426146938466,0
b2AR-decoy_2125,O=S(=O)(/C=C/c1ccc(O)c(O)c1)NCc1ccc(C(F)(F)F)cc1,-6.63292971897198,-5.6079607289489655,-5.250783906170331,-4.176588377919019,-3.9938484900004383,-4.454177071670335,-2.8612817991922306,-3.2582412555299767,-3.5276421910870868,-4.670120015606036,0
b2AR-decoy_1471,C[C@@H]1C[C@H](O)/C=C\[C@@H](O)/C=C\C(=O)O1,-6.63208291287746,-3.473511151375055,-4.863254548293981,-2.70337733363135,-3.4604542471198583,-2.5888193166828746,-1.4336868640075808,-1.2309756368345166,-3.5478610498690664,-3.7707919254220568,0
ASD03130038,FC(F)(F)c1cccc(Nc2nc(NC3CCCCC3)c3ccccc3n2)c1,-6.6317947674238,-4.824003207909785,-4.498091616559702,-3.17185133069318,-3.367715687591798,-2.7901737689771444,-2.2518287939922117,-2.3532658052750373,-4.501472523377626,-4.609540152218438,1
b2AR-decoy_3177,Cc1cc(CCCCCOc2c(Cl)cc(c3ccc(C)o3)cc2Cl)on1,-6.63136212141783,-4.109315046074915,-4.119267152753491,-1.0866566192561495,-3.174120226049689,-1.7072862139409848,-1.4081482022766707,-1.4699115869055266,-1.3884312052689562,-2.9316582618801665,0
b2AR-decoy_1228,CCOC(=O)c1c(NC(=O)CC(C)C)scc1c1cccs1,-6.63131362744192,-3.1119843266351648,-3.068559184804921,-2.57398802015032,-3.716984093088568,-0.3729120631533344,-1.5857378450412014,-1.6834586937335967,-2.007309672605726,-2.801378092780847,0
b2AR-decoy_2791,CSc1ccc(CSc2ncc(c3ccc(F)cc3)c(c3ccncc3)n2)cc1,-6.62991680217811,-1.3558441109157453,-4.989044814449051,-1.9818115658465896,-2.8862722840248782,-0.8966667913227644,-0.3758062990281408,0.7017078893657431,-3.4028698959844466,0.037947229682723,0
b2AR-decoy_2917,COc1ccc(C2Sc3cc(OC)ccc3N=C3c4ccccc4C(c4ccccc4)C32)cc1,-6.62955979194255,-1.9503012976772247,-4.132212121977431,-2.2512281572190496,-2.8184878364068986,-2.151776095322825,-1.742411310666801,-2.145019883887477,-1.7354784906866865,-4.185096503831726,0
b2AR-decoy_353,Cc1ccc2oc(c3cc(Cc4ccccc4)ccc3O)cc(=O)c2c1,-6.62905693886988,-2.0847945607251552,-4.138705406397361,-3.71388170966853,-4.625190069327329,-2.003300006273075,-1.3136309024085806,-0.676880169914817,-3.688103055212906,-3.3915110867742766,0
b2AR-decoy_516,COc1cc2c(cc1O)[C@@H]1COc3cc(O)ccc3[C@]1(C)O2,-6.62895918459357,-4.401103836464385,-4.355302616843861,-3.27798035807783,-3.948744769002868,-2.941204947347325,-2.767097542991581,-2.530284069456557,-4.411420529849356,-3.295383694574457,0
b2AR-decoy_1473,C[C@@H]1CC[C@@H](O)/C=C/[C@@H](O)CC(=O)O1,-6.62624385523597,-4.418083351958445,-3.7815123689193113,-3.46617226684646,-2.509519987528038,-2.633639260959055,-1.6506434520919413,-2.049677635794297,-3.670933036298057,-3.3935096583094766,0
b2AR-decoy_2027,Cc1nc(SCC(=O)Nc2sccc2C(N)=O)c2c(C)c(C)sc2n1,-6.62507819768105,-4.397350924032895,-5.338263804587681,-2.0750728847390896,-3.3048716362645383,-3.612985617874824,-3.505514708051951,-2.612135099057487,-3.4349821708706862,-3.5126689352823277,0
b2AR-decoy_3013,O=C(CCCl)Nc1ccc(SCC(=O)Nc2ccc(Br)cn2)cc1,-6.62501336407043,-5.431243095503985,-3.682483972891461,-2.1607819821380696,-1.8575540038718987,-0.529482637033535,-1.8268893816572411,-2.2037193010005565,-1.8719583107214968,-3.181473160141247,0
b2AR-decoy_1170,CCc1cccc(c2cc(Cl)cc(Cl)c2/C=C/[C@@H]2C[C@@H](O)CC(=O)O2)c1,-6.62421225354927,-4.696558252570235,-5.228525096932692,-3.05105068826623,-3.600268726243278,-2.6516474874936344,-2.7046529198057714,-2.2018444700523965,-3.6184105699370166,-4.001068328472318,0
b2AR-decoy_3,Cc1cccc(/C=N/c2ccc(OCc3ccccc3)cc2)c1O,-6.6239811278536,-5.092152277954935,-3.2187743634288117,-2.79116288827598,-3.927286147623068,-3.9629288143317942,-2.631626993334641,-2.695563554548147,-4.144149057807276,-3.563854963385217,0
b2AR-decoy_1141,C/C(=N\Nc1nc(c2ccc3ccccc3c2)cs1)c1ccccc1,-6.62213552745803,-6.2170730139683545,-6.037998361646041,-4.52063755653207,-4.712399794508668,-2.7847740104561147,-0.9621819943571914,-2.686355883666927,-4.709784855819937,-5.061159788009217,0
b2AR-decoy_143,O=S1(=O)C=C(SCc2ccc(Cl)c(Cl)c2)Nc2ccccc21,-6.6216786128518,-3.822757392415305,-4.033992464708732,-3.3349682340092794,-2.5069533136874984,-3.303557796819555,-0.8771622248115811,-2.325710240894387,-4.700593936551156,-4.004026670686967,0
b2AR-decoy_1344,Fc1ccc(c2nnc(/C=C/c3ccc(Br)s3)o2)cc1,-6.61787413264369,-4.136902687134725,-2.104200205638981,-3.04976744181931,-3.615890396277369,-1.792025239480905,-1.4182272773137914,-0.8895309194038967,-2.7700279938767363,-2.212562573586157,0
b2AR-decoy_2184,Cc1nn(c2ccccc2)c(O)c1/C=N/N(c1ccccc1)c1ccccc1,-6.61757336168501,-4.9550374445095455,-4.990743054549982,-3.8040806343763,-2.9014714413640883,-3.3101689242661543,-1.8345036746988912,-3.778973358751797,-3.941391814410377,-2.8711745234395267,0
b2AR-decoy_122,Cc1ccc(Sc2ncccc2NC(=O)c2ccccc2Cl)cc1,-6.61755264080383,-3.566764780350256,-3.828648162567591,-1.89039878807281,-2.5889701390094686,-2.5808452039594343,-2.0489241522750508,-2.278212822541347,-3.890971649071056,-2.7208088823646768,0
b2AR-decoy_1666,c1ccc2c(Oc3nc4ccsc4c4nnnn34)cccc2c1,-6.61667058038956,-4.042617180415265,-4.598523410377961,-3.05900501620454,-4.286672256180569,-3.360957880964495,-1.765302651562421,-2.491522190852347,-4.497771319474117,-2.0818099720681773,0
b2AR-decoy_1683,Cc1ccc(C(=O)COc2ccc3c(C)cc(=O)oc3c2)cc1,-6.61521369087843,-4.781636682862835,-4.318999619583861,-4.20276041711948,-3.9409889392674176,-2.4129821508409046,-3.4372134603047213,-2.7926107137395872,-4.893011869296706,-4.933389707181837,0
b2AR-decoy_2938,COC1(O[C@H]2CC[C@H]3[C@@H]4CC[C@H]5CC(=O)CC[C@]5(C)[C@H]4CC[C@]23C)CCCC1,-6.61499893092409,-3.978576805282145,-4.439329217192741,-2.5135600097373,,-3.1506660982619845,-0.5493205397305712,-1.5985663437973772,-3.0071674969128965,-1.5472706841650568,0
b2AR-decoy_527,Oc1[nH]nc(c2ccccc2)c1/C=N/c1ccccc1Cl,-6.612441997791,-5.210130262777636,-5.402839171049001,-2.8991026806123097,-3.524064019234989,-3.263958794547695,-1.7654552170546411,-3.3304079456154367,-3.962092639343906,-3.973496713345647,0
b2AR-decoy_1762,CC[C@@H](C)C(=O)O[C@H]1C[C@@H](C)C=C2C=C[C@H](C)[C@H](CC[C@@H]3C[C@@H](O)CC(=O)O3)[C@H]21,-6.60583600946321,-4.2172076179433855,-5.101224472796461,-3.4515054845915696,-4.152587052764439,-2.503558420067905,-1.3031623661252114,-2.269099378165027,-3.277670425353386,-3.3365069408680266,0
b2AR-decoy_418,N#CC1=C(N)OC2=C(C(=O)c3ccccc3C2=O)C1c1ccccc1Cl,-6.60481420429993,-3.992921953782515,-4.939336099450351,-2.7441044129007794,-3.859510229658098,-4.189321818936575,-2.941052637381011,-2.918603359496277,-4.177928612565746,-3.569209509393757,0
b2AR-decoy_469,C/C1=C\CCC(C)(O)C2C=C(C(C)(C)O)C(C/C(C)=C/CC1)O2,-6.602944575726,-4.880699725580135,-4.801066679428871,-3.523539805403089,-3.607657940827108,-3.340980169937515,-1.9225467310514208,-1.9027539903282165,-4.158132319655846,-2.4311760056290166,0
b2AR-decoy_451,C[C@@H](NC(=O)c1cc(Cl)ccc1O)c1ccc(Cl)cc1,-6.60234810964501,-4.904967919116385,-5.635926662523281,-4.19487189839965,-3.8809902200576794,-3.4478664130607646,-2.766951100405171,-3.384768040961037,-5.044627459829407,-4.039825893458747,0
b2AR-decoy_866,CNc1nc(C)c(C(=O)/C=C/c2c(Cl)cccc2Cl)s1,-6.60165210960576,-4.793691432471936,-4.600991470687421,-1.3658188902288702,-2.840407285264829,-2.668594708838035,-2.148633147896821,-1.4064189624334364,-2.9905293904200265,-2.5039867392067667,0
b2AR-decoy_1916,Cc1ccc(C(=O)/C=C/c2ccc(/C=C/C(=O)c3ccc(C)cc3)cc2)cc1,-6.60139882685719,-3.5079962086909555,-1.6363405044964412,-2.36677902140494,-2.1582683336475883,-1.9594779425095543,1.7794229361163691,-0.2118163837400972,-1.903502015125686,-3.429536528286377,0
b2AR-decoy_1371,CCOC(=O)c1sc(SC(C)CC)c2c1CC(C)(C)CC2=O,-6.60042402329978,-4.626977767633645,-3.8909126026556216,-3.5754198153766694,-3.010981292637508,-1.5635872354708846,-1.4593595564068007,-1.7757001891532465,-2.8573858232295164,-4.009738925591318,0
b2AR-decoy_600,Cc1ccsc1/C=N/Nc1nc(Cl)c(Cl)cc1Cl,-6.5997322906605,-4.9582981428797455,-4.252433421056971,-3.29758545469969,-2.9221175366844285,-2.410277455798875,-2.2180811778790317,-1.569658468789667,-3.170795824225136,-3.3267930478701278,0
b2AR-decoy_1100,CC12CCC(OCC(=O)Nc3ccc(c4nc5cc(C#N)ccc5o4)cc3)(CC1)CC2,-6.59949308156548,-3.6546526589975943,-3.621687041893232,-0.0260863139378795,-2.7157298211428884,-0.5056996279000048,-0.8609023451637015,1.450254318023283,-1.9924477653725567,-3.626005997677297,0
b2AR-decoy_765,Cc1ccc(Sc2cncc3sc(/C=N/O)cc23)cc1,-6.5990500899993,-3.386152137121805,-3.6023282310245515,-3.321830337151,-2.2682519238037786,-2.122324534847575,-1.6804640466024914,-2.051769077232157,-3.5348214224486565,-3.837397413166667,0
b2AR-decoy_1168,COc1c(O)c(C(C)=O)c(OCc2ccc(c3ccccc3)cc2)c2ccoc12,-6.59838486695587,-3.206361529267345,-4.549109076966231,-4.39158688803912,-2.580322734295448,-3.6053272550250943,-1.8120165156140715,-3.236445329487787,-4.9489776884547165,-4.519865322093537,0
ASD03130066,Fc1ccc2nc(Nc3ccc(F)c(F)c3)nc(NC3CCCCC3)c2c1,-6.59583908989285,-4.652471040154655,-4.933508917486901,-2.91815751998032,-1.6816418519119587,-2.5438996376999343,-2.2482040882896515,-2.515225566679157,-3.5764212126256467,-3.184466939653517,1
b2AR-decoy_913,CC(C)/C(=N\O)c1ccc(Sc2cc(F)cc(C3CCOCC3)c2)cc1,-6.59500672344178,-5.163730042593775,,-2.4611249991938093,-2.5483699814795084,,-1.7896025024163809,-1.2242599301420665,-1.5460767258369366,-4.717697352140236,0
b2AR-decoy_2859,CC1=CCC[C@@H]2[C@]1(C)CC[C@H](C)[C@@]2(C)CC1=CC(=O)C(SC(C)C)=CC1=O,-6.59433222672816,,-4.378117736306571,-3.49835036284444,-3.268713227709738,-1.1994781944027944,-0.4723803088409806,-1.9664326981714169,-3.2143363061930765,-2.978972742282067,0
b2AR-decoy_985,CCCCSc1nc(O)cc(Cc2c(Cl)cccc2Cl)n1,-6.59274643936829,-3.513038566434295,-4.4404462944975815,-2.110663951925209,-3.0208808492875088,-2.2953070449122546,-1.1787196333918413,-1.6712912422525772,-3.977374917678127,-2.6862955201740277,0
b2AR-decoy_1282,C/C(=C\COc1ccc2ccc(=O)oc2c1)CC/C=C(\C)C1CC(=O)C(C)(C)O1,-6.59015057211282,-4.2354311761471255,-4.060535765437961,-3.0491982965709195,-1.957430388150378,-1.2646249178195044,-1.5754852593209208,-0.6154820352598067,-3.362833909223016,-2.483520280649967,0
b2AR-decoy_1264,CCCc1ccc2oc(C(=O)N(Cc3ccncc3)CC3CCCO3)c(C)c2c1,-6.5889619451238,-3.442032460495956,-4.036967964005481,-4.07540061223503,-1.6997761080638585,-2.7726613268181346,-3.378838589281121,-0.9910693172840768,-3.5745817822572263,-3.130008598346117,0
b2AR-decoy_328,CCCc1cc(=O)oc2cc(c3cc4ccccc4s3)cc(O)c12,-6.5884435905703,-5.124002539638225,-2.935401460656241,-2.8907427049312897,-2.022563109814098,,-3.445326803927681,,-3.021641531412566,-2.049696047930148,0
b2AR-decoy_51,COc1ccc(c2oc3ccc(C)cc3c2C(=O)c2cc(O)cc(OC)c2)cc1,-6.58711912121118,-5.049888513858605,-4.243757503051711,-3.3569913076888893,-3.557037789346408,-2.5054960799917847,-1.7805308842593908,-1.0397711527367672,-2.939308878112646,-2.127753951174897,0
b2AR-decoy_480,S=C(N/N=C/c1cccs1)Nc1ccccc1,-6.58619557245866,-3.5096205238831253,-4.123366234670661,-2.87046568363688,-3.3552720778191185,-2.988718555120805,-1.1149769877401514,-1.5152262277225166,-3.4536870630412464,-2.9068424983893872,0
b2AR-decoy_10,Cc1cc(/C=C/C(=O)c2cccs2)cc(/C=N/c2nccs2)c1O,-6.58455692405006,-6.471810131784634,-3.758717748742991,-3.56170795364394,-3.4373046118817783,-2.2222083741557146,-2.4857755492468314,-3.753335740126056,-3.9080474808121455,-1.665055773633307,0
b2AR-decoy_2436,CC(=O)c1ccc(S[C@@H]2CC3=CC(=O)CC[C@]3(C)[C@H]3CC[C@]4(C)C(=O)CC[C@H]4[C@@H]32)cc1,-6.58410492515529,-2.890419903644675,-2.444928347306901,-2.86681334038055,-2.4225375622568883,-1.328692638235025,-1.259997825380971,-1.692058807905707,-1.495431826270896,-3.080733288155757,0
b2AR-decoy_2835,Cc1ccc(Sc2cccc3c2C(=O)c2cccc(Sc4ccc(C)cc4)c2C3=O)cc1,-6.58240104848137,-3.383790182941995,-4.183220723744741,,-4.106472908312979,-2.385186542852745,-1.9544540619980308,-2.133980430895927,-3.5708290155321967,-4.066983204848848,0
b2AR-decoy_2008,Cc1ccc(C(=O)NNC(=O)CCC(=O)Nc2cccc(Cl)c2C)cc1,-6.58214433295401,-5.874251435930175,-1.1534885491133813,-2.64920049532016,-0.3772075508672885,,-0.5508652402026506,0.3266431224360229,-4.159853052473816,-3.246859979294657,0
b2AR-decoy_1417,N#Cc1nc(C(F)(F)F)oc1N,-6.58200582023506,-5.387103638708875,-4.594459247432641,-4.57281144630492,-3.942220161632599,-2.7791041080347343,-2.693485722811981,-2.2818327649040877,-4.022793395308937,-4.619099169028317,0
b2AR-decoy_1699,COc1ccc(Cc2cc(=O)c3ccc(OC)cc3o2)cc1,-6.580715216978,-5.577057707662036,-4.510464193713661,-0.9217767465625196,-3.7582000971242175,-3.0057749209419145,-2.1358544825646613,-2.973239478813867,-4.915037490050897,-3.6199621546798766,0
b2AR-decoy_2317,NS(=O)(=O)c1ccc(n2nc(C(F)(F)F)cc2c2ccccc2)cc1CO,-6.58012431501462,-3.646304575222096,-3.703274191151292,-3.775682726162589,-3.0789511602341086,-1.1083896865063343,-2.6306243566255514,-1.7165479965584165,-2.389048327048786,-1.3570747510862868,0
b2AR-decoy_1552,COc1ccc(CCCO[C@@H](Cn2ccnc2)c2ccc(OC)cc2)cc1,-6.57984120488574,-4.905766625331495,-4.546847826134632,-2.73204843074567,-3.666378641326008,-3.489339771064075,-1.930293118140221,-1.569903775245307,-3.2219651800857267,-2.6798654019470267,0
b2AR-decoy_2604,CCCCSc1cnc2c(c1)CCC(c1ccc(Cl)c(Cl)c1)O2,-6.57691984245656,-3.881633147541555,-2.895625899104261,-1.58993733381243,,0.1797791579984151,-3.161702145689421,-2.7734580499192267,-3.3424305660316067,-2.4372969190762466,0
ASD03130043,FC1(F)Oc2ccc(Nc3nc(NC4CCCCC4)c4ccccc4n3)cc2O1,-6.5767332200782,-4.441370185602866,-4.659052144096921,-2.97245016573571,-3.5929286555084685,-2.4255087914325344,-2.044918261869361,-2.454586309495167,-3.880931717097036,-3.5284123108316368,1
b2AR-decoy_876,COc1ccc(C(=O)c2coc3c(Cl)cc(O)c(Cl)c23)cc1,-6.57468894250711,-4.269260860908435,-4.815746185373441,-2.49117347378714,-3.571769509878319,-2.1792225996283747,-1.4027062922562212,-2.577954398151297,-2.101499283612366,-2.8741810833415573,0
b2AR-decoy_2319,COc1cc2occ(c3ccc(O)cc3O)c(=O)c2c(O)c1CC=C(C)C,-6.57419383274143,-3.214126633776205,-3.743830851429332,-2.885668687367009,-2.584402764505338,0.1772695933671051,-2.9620807986157214,-2.001496009249597,-4.225121003737526,-2.360254905172227,0
b2AR-decoy_412,Cc1ccncc1Oc1sc(C(N)=O)c2c1-c1sncc1CC2,-6.57414660718728,-4.2085772869312255,-4.472085862679001,-3.26652192271052,-3.3202054862279384,-2.538607371151195,-2.1562273118697712,-1.686621846637637,-4.405138877717167,-3.516689500373357,0
b2AR-decoy_2743,CC(C)N(Cc1ccncc1)C(=O)Cc1c2ccccc2[nH]c1c1ccc(Br)cc1,-6.57346947951345,-4.321447049579885,-2.9715662155537013,0.3998696428670301,-2.9038387018041183,0.1705504765747152,-1.3446539778728912,,-1.9298960194745467,,0
b2AR-decoy_2038,Cn1ncc(Cl)c1C(=O)NCc1ccc(Oc2ccc(Cl)cc2)cc1,-6.57342228230486,-5.711043072721766,-5.382247229343931,-3.84963768873142,-5.423922174559728,-0.7456896813477245,0.1092975193297087,-2.343150530641367,-4.099479567622416,-3.965962600046867,0
b2AR-decoy_2419,C[C@H]1[C@H](/C=C/c2ccc(c3ccccc3Cl)cn2)C2C(CC1(F)F)C(=O)O[C@@H]2C,-6.57187554392837,-4.864632231407955,-3.871132545614421,-2.56305444100187,-3.307155532106658,-1.3245732954280145,-1.8287314703956212,-0.6226806999072565,-2.1887970852249268,-3.6387590147659066,0
b2AR-decoy_2995,O=C(CSc1nnc(CNC(=O)c2cccs2)o1)Nc1ccccc1C(F)(F)F,-6.56917322898984,-5.405530800189776,-4.341203110525191,-2.983427799450109,-2.873254332174649,-1.8764511415584844,-2.8101579413782307,-0.7362208970396269,-2.838242854989006,-3.685778418780487,0
b2AR-decoy_2379,CC(C)C(=O)c1c(O)cc(O)c2c1O[C@@]1(C)CC[C@@H](C(C)(C)O)[C@@H]2[C@H]1O,-6.56905595118737,-4.275054965042555,-3.766795426007232,-3.32957058358618,-3.2399043142283386,-2.3976761158185944,-2.2989711894551714,-1.9317522066947967,-3.4759900981860863,-3.949070752199677,0
b2AR-decoy_2081,Cc1nccn1c1ccc(Sc2cccc(C3(/C=N/O)CCOCC3)c2)cc1,-6.56876642685654,-4.314443330233025,-4.727843477203571,-2.5452377947180294,-2.217041561378318,-2.6411853742260645,-3.152158088493331,-2.055594976177387,-4.872361584927827,-3.345722541347566,0
b2AR-decoy_602,C=C[C@]12CC[C@H]3[C@@](C)(CCC[C@@]3(C)C(=O)OCC)[C@@H]1CC[C@](C)(O)C2,-6.56576506875106,-5.178827583261935,-4.230087535393161,-3.53148795734496,-4.066218043242558,-3.2141749277077247,-1.6390698222171114,-1.9392931962300368,-3.670347967909757,-2.715390958813027,0
b2AR-decoy_2232,O=C(c1ccc2[nH]c(COc3ccc(C45CC6CC(CC(C6)C4)C5)cc3)nc2c1)N1CCCC1,-6.56544495137316,-5.257617298067865,-5.911757738020961,-3.42619581700734,-2.5153277237282587,-2.9936728963479746,-2.941081533634831,-1.9883242216249368,-3.225288518376276,-4.316494353200188,0
b2AR-decoy_2312,COc1c(CC=C(C)C)c(O)cc2oc(=O)c(c3ccc(O)cc3O)cc12,-6.56417527769771,-4.011677954218485,-3.590118777355041,-3.33509293225582,-2.525994190814058,-2.286667847605485,-3.0298820246612514,-1.7036141099344064,-4.550433096676737,-3.166457029517997,0
ASD03130050,Nc1nc(N)c2cc(Cl)ccc2n1,-6.56411002648992,-4.350082244913855,-4.201701229560241,-3.1459475047749894,-3.4700443060002986,-2.5256643225108446,-2.440166678759081,-1.799053531521757,-3.717714912990856,-3.500588729428667,1
b2AR-decoy_1795,O=C1/C(=C/c2ccco2)SC(=S)N1CCCCNc1ccnc2cc(Cl)ccc12,-6.56343544022519,-4.910725163963295,-2.530213060664801,-3.90953839578271,-4.098918664278118,-3.2847503117594545,-1.664127588906351,-0.3964181187244771,-3.2891860553686465,-3.6895609424096167,0
b2AR-decoy_2324,Cc1cc(NN)n2nc(SCc3ccccc3Br)nc2n1,-6.56305150593829,-4.247835481261935,-4.158561253849471,-2.47140302780843,-2.3697352209243983,-1.044933458335545,-0.8011647895862408,-1.1769003411915469,-1.7427047909457567,-3.4510554489443366,0
b2AR-decoy_1444,CC1=C(N)C(=O)C(C(C)C)=CC1=O,-6.5619468694163,-3.993472483019275,-3.6849645835788216,-2.6577323443087195,-3.238828914793949,-2.3756930370097145,-1.872411340368041,-1.205752878927477,-3.577909621172326,-3.662418720114597,0
b2AR-decoy_2955,CCOC(=O)[C@]1(C)CCC[C@]2(C)[C@@H]1CC[C@@]13C[C@@H](N=C=S)[C@@](C)(CC[C@@H]21)C3,-6.56153260125508,-4.313831364014445,-3.9590425782199015,-2.65598536429442,-2.821356115814199,-2.748662004796365,-1.825434457923091,-1.4105863812074766,-3.750384921854966,-2.262356929091617,0
b2AR-decoy_1576,CC1(C)C[C@@H](CN([C@H](CCC(F)(F)F)C(N)=O)S(=O)(=O)c2ccc(Cl)cc2)O1,-6.56119109114031,-3.9361014368487153,-2.775733348717811,,-1.0736716892808786,-1.1091733482485848,0.8999717523162891,-0.9212716273091272,-2.7842943252054964,-2.9874912959180366,0
b2AR-decoy_1202,N#CSC[C@@H]1C[C@@](O)(c2ccccc2)C[C@H](c2ccc(Cl)cc2)O1,-6.5597845543781,-5.069195908863015,-4.201245504627731,-3.76568493259417,-3.964672649550909,-2.7153598862023944,-3.354051012588891,-2.8960208785251167,-4.230007059403047,-4.088967633934477,0
b2AR-decoy_890,Clc1cncc(Cl)c1N/N=C/c1ccccc1c1ccccc1,-6.55861025864396,-3.9568335094646354,-4.836134120270041,-3.02023261234877,-3.4522665990770784,-2.1100991376836946,-1.786600643588871,-3.0558482746402467,-2.9118501731444866,-3.364329350181697,0
b2AR-decoy_1985,Nc1cc(O)cc(Cn2nc(c3cc(Cl)cc(Cl)c3)oc2=O)c1Cl,-6.5584566190524,-3.002199641199756,-3.2604613370388518,-2.11973195916944,-2.588331549401069,-2.448752306235085,-1.2771717361258608,-0.3864054993092267,-4.153013752545927,-0.9837841186150666,0
b2AR-decoy_2616,COC(=O)c1cc2c(F)c(F)c(Sc3ccccc3Br)c(F)c2s1,-6.55611091912232,-4.081943314133295,-3.406300501285111,-2.5408889802969394,-2.348307172538158,-1.2581207771282843,-0.7207046024103709,,-2.0734624507586963,-2.064523366697457,0
b2AR-decoy_530,Cc1ccc(C(=O)CC2(O)C(=O)Nc3c(C)cc(Cl)cc32)cc1,-6.55504844457228,-3.8603163654705854,-4.4554346998610415,-2.9643091044349195,-4.756370476999578,-3.640773493698105,-2.1012994238367613,-2.793194334560537,-4.758055587423006,-4.425367649200657,0
b2AR-decoy_2300,CC(C)(C)NC(=O)/C=C/c1ccc(O)c2oc(c3ccc(O)c(O)c3)cc12,-6.55233780710989,-4.107527433350505,-4.435167441698681,-2.916206919667609,-3.3071674231697985,-2.2146732613545845,-1.9967565448283715,-1.900013725023567,-3.524709370292997,-2.5175927458456866,0
b2AR-decoy_1481,Cc1ccsc1/C=N/NC(=O)C(N)=O,-6.55228647149787,-4.080062406693985,-4.760641755673541,-3.21682657503753,-3.8370160454591984,-1.8954493693564345,-2.4477066312951807,-2.3307937129495064,-4.394992923789377,-3.4746522472394665,0
b2AR-decoy_2877,COc1ccc(F)cc1C(C)(C)CC(O)(Cc1ccc(C)c2ccccc12)C(F)(F)F,-6.55185765891807,,-4.207674221611451,-3.16226161205151,-3.674398506866688,-3.634614813517155,,,-2.9451077924672964,,0
b2AR-decoy_802,CCCCOC(=O)[C@H](C)c1cc(O)c2c(c1)OC(C)(C)[C@@H]1CC=C(C)C[C@@H]21,-6.54959932124643,-3.401081927375385,-3.5000907662856813,-2.267858990746689,-2.568361183796238,-2.3659171865230446,-1.8989325547590208,-0.0260080988752671,-3.519600928401596,-2.539702201698677,0
b2AR-decoy_1382,S=C(N/N=C/c1ccccc1c1cccs1)Nc1ccccc1,-6.54883752749558,-3.814579247161325,-4.495981665054472,-2.7830742320026296,-2.382331376145949,-2.1346498175645445,-0.855553967234191,-0.9429381499482768,-3.373927325209876,-2.4979258396731168,0
b2AR-decoy_1517,COc1cccc(CN(C)C(=O)c2csc(c3cccc(OC)c3)c2)c1,-6.54696500611117,-3.8038420026571353,-5.084708187403881,-0.7769502836840099,-3.2908063563119585,1.0795470570384853,-1.268933635544661,-2.590925432986447,-4.1800847935921865,-3.4383584472164865,0
b2AR-decoy_100,Cc1cc(C)nc(SCc2ccc(C(=O)N/N=C3\CC(C)CC(C)(C)C3)cc2)n1,-6.54634278330962,-3.1934720924685047,-2.801659140436761,-1.7870805444582496,-1.8280530387139289,-0.3533853602746246,-0.8554118450962012,-1.0310924391003464,-1.730393387450266,-0.7088300376866168,0
b2AR-decoy_2249,CCCCSc1nnc2c(n1)OC(c1ccc(Br)s1)Nc1ccccc1-2,-6.54541797080336,-3.047417858785325,-3.811252569904691,-1.7056709207437295,-2.7081362302177183,-3.2516573509240247,-1.757410908102841,-1.5942790569471963,-3.5172372112580765,-1.8588421689025572,0
b2AR-decoy_902,C=C[C@@]1(C)CCC2=C([C@H](OC)[C@@H](O)[C@H]3C(C)(C)CCC[C@]23C)[C@@H]1OC,-6.54453394304894,-5.221036837795775,-4.092694920527461,-2.9663862628723594,-3.5194245619071785,-2.4984584343007343,,-2.259625169268297,-3.1480747510885365,-3.0695679030058467,0
b2AR-decoy_430,CCc1ccc2[nH]c(C(=O)Nc3ccc4c(c3)OCO4)cc2c1,-6.54415072230749,-3.232735706308855,-4.293200731851721,-3.34046347499271,-0.9465088400303784,0.8863036407674953,-3.1634823368878813,-2.0352052209225464,-3.9360332142744063,-4.135894732893577,0
b2AR-decoy_1020,COc1ccc(CCCCC(=O)C(F)(F)F)c(OC)c1,-6.5438629429328,-4.495786005203695,-3.5735556654525213,-2.40710710795824,-2.448661585959558,-2.3678671386544146,-2.0634468830677117,-0.7201174061258664,-3.128081149806416,-3.3497793441994568,0
b2AR-decoy_2522,C[C@H](Oc1ccc(c2nc(c3ccc4[nH]cnc4c3)no2)cc1C(F)(F)F)C(F)(F)F,-6.54188843361038,-4.996515104442935,-3.5335055286998216,-3.3953073490076093,-2.2899569578120387,-1.7696848002008547,-1.833538205040841,-1.0137176048242864,-4.214407851823046,-3.871029803978287,0
b2AR-decoy_1658,O=C(/C=C/c1ccc(OCc2ccc(F)cc2F)cc1)c1ccc(n2ccnc2)cc1,-6.54108358390274,-5.369166576882125,-5.3155411589919215,-4.05679625501517,-2.957312054532508,-3.0671508794341245,-3.0916515418060806,-0.2711130273554172,-2.809625296614336,-4.124259395545668,0
b2AR-decoy_3099,CC(=O)N[C@@H](C)/C=C/c1ccc(Oc2ccc3nc(C(C)(C)O)sc3c2Cl)nc1,-6.54035142178447,-3.546051877183845,-4.758774578339951,-2.53731810348506,-3.412286349465228,-1.3884127424996446,-3.054418377841511,-2.3634193302894166,-4.316155603230037,-4.0704590392894975,0
b2AR-decoy_1478,NC(=S)/N=C1/C=C[C@H]2CO[C@@H]1O2,-6.54023588343895,-4.669056044884525,-3.983477462220721,-2.2243023792251293,-3.004110475787928,-2.063894334339045,-2.148401943922061,-1.5006123077210471,-3.0975221748992663,-2.869088584832277,0
ASD03130024,Fc1ccc(Nc2nc(NC3CCCCC3)c3ccccc3n2)cc1F,-6.53988499105043,-4.803823135898146,-4.784965562247511,-3.2339004662408497,-3.3921520509922285,-2.337293663384425,-1.8208554475108407,-2.3879375087892667,-3.2329245276253262,-3.186196282219537,1
b2AR-decoy_1162,CC#C[C@@]1(O)CC[C@@]2(CC)c3ccc(OCc4cccnc4C)cc3CC[C@@H]2C1,-6.53408789791917,-5.293042332648975,-4.456901090608612,-2.8739736165060394,-2.9856426094387087,-2.6918035712069246,-0.0504232377163109,-2.074327640928807,-3.8071651662062767,-2.702972441987647,0
b2AR-decoy_1326,Cc1cccc(CSc2nnc(c3ccc(Cl)cc3)o2)n1,-6.53392481481107,-5.235406027476385,-2.9983011388023213,-0.5212753614174197,-3.561657516012988,-1.3208892671434551,-1.9612607256574317,-2.3203519773860872,-2.0026956183737568,-2.957225291246567,0
b2AR-decoy_255,CSCCc1c(OCCCNC(=O)[C@H](Cc2cccnc2)NC(C)=O)n(c2ccc(Cl)c(Cl)c2)nc1c1cccnc1,-6.53275782130091,-2.391405469685825,-1.917936397496351,-1.29702284869005,-3.1067541629965287,-1.3132481080067748,-2.533365952183021,-0.6858214246349865,-4.517378487766386,-3.799626600349247,0
b2AR-decoy_9,COc1c(C)cc2c(c1CC=C(C)C)O[C@H]1c3ccc(O)cc3OC[C@@H]21,-6.52920409841212,-3.869198733935445,-3.5201153799016014,-2.75373794637742,-2.2313654895040687,-2.5672088374502344,-1.4707164193792908,-1.977451148758237,-3.1076462159197566,-2.5137421191865568,0
b2AR-decoy_905,C/C(Sc1nnc(Cc2ccccc2)o1)=C(\O)c1ccccc1,-6.52770744475738,-4.822729418066675,-4.832628850857181,-4.57067279358841,-3.826868599977578,-3.985579501985005,-2.408887739885971,-3.5268038557244576,-3.5874898364024164,-3.649329877911687,0
b2AR-decoy_1458,NC(=S)/N=C1/CC[C@H]2CO[C@@H]1O2,-6.52720770413796,-3.636729283934725,-4.238139569454361,-3.3801310435880394,-2.1406590926904885,-2.4480390777512246,-2.6306936905026914,-2.2985886665926767,-3.104617888816777,-3.258460544073167,0
b2AR-decoy_1377,Cc1ccc(OC(=O)c2cc(c3ccc(C)c(C)c3)on2)c(C)c1,-6.52654020652358,-4.854855342806305,-1.8987164885066716,-2.0276523968474,-1.7854309687381082,-0.0918684704103549,-2.935664029063811,-2.929609809165627,-0.5243883829287563,-3.1605548346525274,0
b2AR-decoy_2083,O=C1CCC/C(=N\NC(=O)c2ccc(CSc3cccc4cccnc34)cc2)C1,-6.52616103471397,-4.307748431444865,-4.628651946194201,-2.62805470476246,-4.680851928930618,-3.4833416443352547,-1.918010584671431,-1.486583120832007,-2.8027095556451567,-3.740246925510317,0
b2AR-decoy_2303,Cc1ccc(NC(=O)c2ccc(Oc3ccc(C(F)(F)F)cc3)nc2)c(B(O)O)c1,-6.52363666387657,-3.4572819339328955,-2.8095105783864813,-1.9728249879052295,-2.189865147760888,-1.3017639740098943,-2.2870263646689013,-1.7114660255390168,-0.9459273874316164,-4.302623489058966,0
b2AR-decoy_2831,Clc1ccc(c2nc3occn3c2/C=N/OCc2ccc(Cl)c(Cl)c2)cc1,-6.52316709923027,-4.483527035813805,-4.093342036697921,-1.5153670449403398,-4.083830174041428,,-1.6414784325187908,-1.4914389006449564,-2.654573177649697,-4.587504838927018,0
b2AR-decoy_1619,Cc1ccc(OCCCC(=O)Oc2ccc3c(C)cc(=O)oc3c2)c(C)c1,-6.52281665468641,-4.212110388427065,-4.490303424423941,-3.0227667127604496,-3.623993836730128,-0.0924357414207044,-0.8694981587543413,-0.3483684224825172,-2.5089876047022264,-3.4243388846226077,0
b2AR-decoy_2594,O=C(OCCBr)C1(c2ccc(c3ccc(Cl)c(Cl)c3)c(F)c2)CC1,-6.5207547236306,-3.093850996579405,-4.326493534763912,-3.39103672686365,-1.3842931572846986,-2.9590533910291947,0.1548132448658492,-1.0434396195806173,-2.9792913866284865,,0
b2AR-decoy_2520,CC(=O)Nc1ccc(NC(=O)c2ccc(NS(=O)(=O)c3cc(C(C)(C)C)ccc3C)cc2)cc1,-6.5201049366667,-1.3449819385481852,-1.8501171804801717,-0.1461191846249496,0.5933457581518615,-0.212897523154325,-1.2968999870575306,0.4571684625900536,-1.3221715252161963,-2.7649328797669868,0
b2AR-decoy_2466,C=C(C(=O)OCCCCCCBr)[C@@H]1CC[C@H](C)[C@@H]2CC(=O)C(C)=C2C1,-6.52009814822076,-3.303285029846875,-3.902108311111201,-3.02183590495671,-2.296793265466598,-2.035555261476735,-2.0794001618095006,-2.423498140796587,-2.938204048893926,-2.491408471235497,0
b2AR-decoy_1852,CCCOc1ccc(C2(C(F)(F)F)CC(c3ccc(C)cc3)=C(NC(=O)CS(C)(=O)=O)C(=O)N2)cc1,-6.51873493269604,-4.701221847854085,-4.797071050837921,-2.7528270635735,-2.847631109671278,-0.724327886378715,-1.1093591898994406,-2.156537839737137,-2.646406784470626,-3.1928694329260066,0
b2AR-decoy_2010,N#Cc1c(NC(=O)c2cc(OCC(N)=O)ccc2Cl)sc2c1CCCC2,-6.51813105339791,-4.537806898963655,-4.518740744373531,-3.2662307107162496,-2.3720332582806183,-2.8108897101355046,-3.5017604157600517,-2.952070543400917,-4.407023166217276,-4.513810355305306,0
b2AR-decoy_675,Oc1cccc(c2cc(c3cccc(O)c3)c(c3cccc(O)c3)s2)c1,-6.5177439935285,-3.746704530474196,-5.057651774065231,-2.62953410765473,-4.477744499967579,-3.5038876826646845,-1.5550296440845406,-1.6206231914103872,-4.703033451158786,-2.1478548234487174,0
b2AR-decoy_2471,Clc1ccc(/N=C/c2c(Sc3ccc(Cl)cc3)nc3sccn23)cc1,-6.51763516619707,-4.310042136876775,-2.8240088445519413,,-1.9666289701345183,-2.313175372173215,-1.1575526797942608,-1.936823615572977,-2.9806017675077268,-2.731623102557307,0
b2AR-decoy_3170,c1ccc(COc2cc(OCc3ccccc3)c3c(c2)occ3c2ccccc2)cc1,-6.5169778896596,-3.851650823988555,-4.6375358862117215,-3.1030830523937,-3.9664262438168887,-2.622745269279215,-2.593366258481211,-1.9074819495263664,-2.718593668642366,-2.6156505416714078,0
b2AR-decoy_2451,CC(C)(C(=O)/C=C/c1ccccc1C(F)(F)F)C(=O)/C=C/c1ccccc1C(F)(F)F,-6.5169773277938,-4.336621144392336,-2.692101711610251,-2.84932132155728,-4.539482953378088,-0.6722483422331251,-1.7028873425258206,,-3.3692985573325966,-0.6902231867837272,0
b2AR-decoy_1043,CCCC[C@H](CCn1cncn1)c1ccc(Cl)cc1Cl,-6.51655198838355,-4.672576468052035,-3.278593275981021,-3.1874470960973,-2.7488951864914783,-1.9818449645551848,-2.185888298502711,-1.7389761573074471,-3.668744693177557,-2.8564118993162477,0
b2AR-decoy_513,O=c1cc(NNc2ccc3ccccc3c2)[nH]c(=S)[nH]1,-6.51611987568941,-4.588546708891655,-5.227194213999241,-3.41340664024243,-3.1971874408580385,-2.1632610963454946,-3.017261888310191,-2.338112750799117,-3.6676860510171663,-4.077699628481417,0
b2AR-decoy_2389,COc1ccc(C(c2oc(CO)cc(=O)c2O)c2c[nH]c3ccccc23)cc1,-6.51561382623447,-4.255822220831325,-4.3978286021532815,-2.05615083219954,-3.577342904132508,-3.210815705330865,-2.9870262439045714,-1.9018637514565877,-3.5516724772672665,-3.476281951524377,0
b2AR-decoy_3088,Cn1cncc1C(OCc1ccc(C#N)cc1)c1ccc(C#N)c(c2cccc(Cl)c2Cl)c1,-6.51462766160581,-3.423989741955316,-4.560104486745751,-3.28528489005606,-3.6221379901088175,-2.5474261375797047,-1.616978241770591,-2.7854531753498666,-3.5051800584806667,-3.403822136502048,0
b2AR-decoy_1308,Oc1ccccc1/N=C/c1ccc(/C=N/c2ccccc2O)cc1,-6.51415276156154,-4.169144018961005,-3.728140237518751,-1.1477949307336894,,-1.2154973045573645,-0.5476591240230508,-1.5951509579559664,-2.654457947617366,-3.076264313580627,0
b2AR-decoy_2854,COc1ccc(/C=C/C(=O)c2cc(C(C)(C)C)c(OC)c(C(C)(C)C)c2)cc1,-6.5092082329392,,-3.608593401891201,,,-1.6684443595765144,,-0.0753105704614567,,,0
b2AR-decoy_74,CC(C)Oc1ccc(c2ccc(C(=O)c3c(F)ccc(O)c3F)s2)cc1C#N,-6.50831790454514,-3.966643933011365,-4.638283194324301,-2.57147004413356,-1.063025977941308,-1.8869754070178144,-0.6920177852487308,-0.036217291625217,-3.0351068845853764,-3.5265585279421967,0
b2AR-decoy_456,O=[N+]([O-])c1ccc(Sc2c(O)ccc(O)c2Cl)cc1,-6.50773292669733,-4.897715640309145,-4.4164197162393215,-3.5993372428199697,-4.394429321419218,-2.976094358567785,-3.154010532843941,-2.2445634900405764,-4.137953103341986,-3.387727271123937,0
b2AR-decoy_579,COc1cc(O)c2cc(c3cc(OC)cc(O)c3C)oc2c1,-6.50772619115186,-4.168699334874585,-4.223377636133051,-4.15609002102371,-3.1381718219866084,-2.8167368828224246,-2.027517198762851,-1.431594825475817,-3.6121256111728863,-2.310099341960147,0
b2AR-decoy_2584,C[C@]12CC[C@H]3[C@H]([C@@H]1CCC2=O)[C@H](SC1CCCCC1)CC1=CC(=O)CC[C@@]13C,-6.50417954188366,-4.989122653533495,-5.021927134356481,-3.23549171502516,-1.0455070335618082,-2.4333257423497043,-1.889506013396681,-2.063633286766817,-2.0914375717568463,-3.546990735809646,0
b2AR-decoy_1339,CCn1c(/N=C/c2ccc(Br)cc2)c(C#N)sc1=S,-6.50379723079316,-4.147206861692255,-3.8976974272116216,-3.26144358761447,-2.932536829272048,-1.8714004791127048,-2.322954884794221,-1.2475854572853269,-3.4189862739867465,,0
b2AR-decoy_83,CC(C)CCC[C@@H](C)[C@H]1CC[C@H]2[C@H]3[C@H](CC[C@@]21C)[C@@]1(C)CC[C@H](O)[C@H](O)C1=C[C@@H]3O,-6.50357736744958,-4.0430231436794655,-3.181926653356172,-2.1109788134724496,-3.163787180874408,-2.080374825000705,,-1.545800107525717,-3.929111253027406,-3.258051085467747,0
b2AR-decoy_687,CCCOC1Oc2ccc(Cl)cc2-c2ccc3c(c21)C(C)=CC(C)(C)N3,-6.50246169802422,-4.071629536374915,-4.485171407324842,-3.00503724826086,,-2.034516910191255,-0.8441952259135412,,-3.735935946054396,,0
b2AR-decoy_2971,Cc1ccc(S(=O)(=O)c2nc(c3ccco3)oc2SCc2ccccc2Cl)cc1,-6.50122630384445,-3.783663928236895,-3.861164724757181,-2.02125030921455,-2.316901723570359,-0.7196803941652448,-1.0171635775500514,-1.7258465004013166,-3.2339733396529464,-3.0866546305080766,0
b2AR-decoy_1932,CC(C)[C@@H](C)/C=C/[C@@H](C)[C@H]1CC[C@H]2C3=CC(=O)[C@@]4(O)C[C@@H](O)CC[C@]4(C)[C@H]3CC[C@@]21C,-6.50115803141196,-4.563147067914795,-4.725299872555281,-3.5405018618620696,-1.943871824950408,-1.452353073971235,,-1.5330688562784065,-3.1160436882474167,-3.733385333810347,0
b2AR-decoy_2820,COc1ccc(c2nn(c3ccc(Cl)cc3)cc2/C=C\C(=O)c2ccc(Cl)cc2)cc1,-6.50044841400771,-0.8821843915232153,-3.5422292169186718,-2.85220424382637,-2.9632549801548285,-2.930309065872214,-2.423693393249101,-0.875984428682477,-4.017496753555647,-3.316305749899497,0
b2AR-decoy_1464,N=C1C(Cl)=C(O)OC1O,-6.50020125856245,-3.7649798212345456,-3.843713584155672,-3.06688131970754,-3.1267878724360187,-1.8905862111856644,-1.0594272317614513,-1.187029327458327,-2.8331442466201366,-3.070666789702257,0
b2AR-decoy_2449,CCCCSC1=CC(=O)C(C[C@]2(C)[C@@H](C)CC[C@]3(C)C(C)=CCC[C@H]32)=CC1=O,-6.49947506674256,-2.8300929353371758,-3.734536717696951,-1.8806857567821096,-3.727261356562188,-1.0352213666290346,-0.6071796290342713,-1.4196795826975466,-2.5286770653276864,-2.813278077830947,0
b2AR-decoy_1594,CCNC(=O)CC[C@@H](CO)N(C)C(=O)c1ccc2c(c1)c1c(n2C)CC[C@@H](C2CCOCC2)C1,-6.49432321841438,-5.605483212711675,-5.171809706691171,-3.78702040933483,-2.723140629564698,-2.0243821915006643,-1.0528730320700914,-3.1325753424219664,-3.481767391179476,-4.332120965950617,0
ASD03130029,Nc1nc(Nc2ccccc2)nc2ccc(Br)cc12,-6.49299836553215,-4.004880758817985,-3.757330040707341,-3.0819846973171394,-3.055308243599418,-1.9250736296563549,-2.3717611889775814,-1.952561168011667,-3.810384361435237,-3.0952645912945767,1
b2AR-decoy_752,CC(=O)NCCC1=C(CC2CCCCC2)Cc2ccc3c(c21)CCO3,-6.4928271551089,-4.139331902595205,-3.716836767990921,-3.8944670605961695,-3.700858790305518,-3.307721130308555,-2.181403971149721,-2.4165753322755466,-3.508382910894496,-2.584890126769446,0
b2AR-decoy_936,CC(=O)Nc1cc(C(F)(F)F)ccc1Oc1cccc(Br)c1,-6.49183038853935,-4.748545970338705,-5.645770343542171,-4.30221913143956,-2.5503310161998485,-4.2661027161508045,-1.7413218940183413,-2.3227959846316164,-2.458756926878956,-4.955988383985536,0
b2AR-decoy_1289,CCCC/C(=N\O)c1cc(c2ccc(OC)c(F)c2)ccc1O,-6.49025397313756,-4.072709943399705,-4.461868763056211,-2.66574990406572,-3.1761734332630285,-2.795441827365295,-2.7197615837987907,-2.473677188940947,-2.321292702848356,-3.798751632763707,0
b2AR-decoy_1495,FC(F)(F)c1c[nH]c(c2ncc[nH]2)n1,-6.49020094937414,-5.573998549957425,-4.487327035024761,-3.405878061810029,-3.375521118691968,-2.6888845647480943,-2.432554165820501,-1.5876461839227671,-3.8735705500479862,-4.555512638115626,0
b2AR-decoy_2542,COc1cc(C)ccc1C(=O)Nc1cc(C#N)ccc1N1CCC(Oc2ccc(F)cc2F)CC1,-6.48983663607896,-2.6160449264060155,-3.2007357464648614,-0.6325616109650198,-2.4971474485639886,-2.027675697990965,-1.132871302958551,-0.1641301159235171,-4.454717992878936,-1.2613337399154774,0
b2AR-decoy_912,COc1cc(/C=C/C(=O)c2cccc(c3cccc(F)c3)c2)ccc1O,-6.48912715695657,-4.168349859707545,-4.857952640909692,-3.6637631809648896,-4.157223404664219,-2.2885356118517945,-3.003974305152001,-0.9159415779603366,-4.708354280667226,-4.704114730608227,0
b2AR-decoy_1199,CC(C)(C)c1ccc(OCc2ccccc2)c(/C=C2\SC(=O)NC2=O)c1,-6.48814380103888,-4.374657266385945,-3.729757847090821,-1.2205509111176598,-4.269757168786539,-2.5196388978000543,-2.673203221132151,-2.9283195258164465,-3.2436540436170462,-3.9328502196377566,0
b2AR-decoy_1058,Clc1ccc(OCCCCSc2ncccn2)cc1,-6.48776271455655,-4.299111631179216,-3.278389297321591,-3.02776253980939,-2.111395790113199,-1.251207692961505,-1.919074736019291,-1.8708980054307265,-2.358440797729476,-2.6894707743643878,0
b2AR-decoy_2344,NC(=S)N=Nc1c(O)n(CCCl)c2ccc(Br)cc12,-6.48772768716618,-4.433306093277115,-4.377475543894612,-3.26134788104455,-3.0627711316828883,-2.786140370662615,-2.617109003411521,-2.083418936333497,-3.989628080820326,-4.045783308098157,0
b2AR-decoy_819,CC(C)(C)[C@H](C(=O)Nc1ncc(C(F)(F)F)s1)c1ccc(Cl)cc1,-6.48587137042262,-4.190352950248475,-4.485857099375702,-2.9370736076737,-3.119721054995348,-2.1262674395902046,-2.01276166951463,-1.8427226709603264,-3.2363125237683663,-3.2366298058573872,0
b2AR-decoy_728,C=C(C)[C@@H]1C/C=C(\COC(C)=O)CC[C@@H](O)[C@](C)(Cl)CC/C=C(\C)CC1,-6.485797429553,-2.716374271460035,-4.755352787344052,-3.19834544977527,-1.2421283439814887,-1.501693674188525,-2.198360048597751,-2.000427800122047,-2.117107666950057,-1.9688947888561468,0
b2AR-decoy_2533,COc1cc(/C=C/C(=O)c2cccc(n3cc(c4ccccc4C(F)(F)F)nn3)c2)ccc1O,-6.48573580169054,-4.286373325511885,-3.842734699029212,-3.3092256053058,-2.461489731028909,-2.3339949746760347,-2.276736630490751,-0.2340529450361064,-4.210619808282036,-3.510719704646917,0
b2AR-decoy_2970,CC(=O)[C@@]12OC(C)(c3ccccc3)O[C@@H]1CC1C3CCC4=CC(=O)CCC4(C)C3CCC12C,-6.48486558117562,-3.923354792297715,-3.508385501987351,-3.16585397641357,-3.322030608824148,-1.5640547764383843,0.215119961786609,-1.3680054731677265,-2.864858603173066,-3.1958508404863566,0
b2AR-decoy_414,Cc1ccc(Cl)cc1NS(=O)(=O)c1ccc2c(c1)NC(=O)CCS2,-6.48324245558376,-5.097880838282745,-2.879988082462161,-3.9957408196225694,-2.616257354356229,-1.696771974493445,0.2334930266355392,-2.525192228833257,-2.172732200040657,-2.495437728093887,0
b2AR-decoy_2017,Nc1ccc(C(Cn2cnnc2)=C(c2ccc(O)cc2)c2ccc(O)cc2)cc1,-6.48160027856846,-3.592748298411185,-2.341940977321281,-1.1619264082687994,-2.909552885483448,-1.3700121759746144,,-0.2614599236373767,-0.5944685792430162,-1.8463373041969475,0
b2AR-decoy_554,CC(C)OC(=O)c1c(N)scc1c1ccc2c(c1)OCO2,-6.48081951306903,-5.607680131251235,-4.072500971464201,-3.77202224098919,-2.2978362630313987,-2.5208116532735945,-2.1093579797173314,-1.6694294812665469,-3.842665283595727,-3.1575584696019265,0
b2AR-decoy_477,CC1=CCCC(C)(C)C1/C=C/c1cc(C(=O)NO)no1,-6.48081847856733,-5.270495408788765,-4.569897525860731,-2.45540807415788,-1.9858620671047689,-1.826959242269285,-2.2682010329050213,-1.3308929927491766,-2.6999694592481163,-3.1869605904799267,0
b2AR-decoy_3016,COc1cc(OC)cc(C(=O)NCc2n[nH]c(=S)n2c2ccc(Br)cc2)c1,-6.48068330710746,-4.920669163478995,-4.090690056242731,-2.0080321749831294,-3.2126977196771387,-1.1401068961233245,-2.59549640000063,-1.799769454342747,-2.668501441331596,-2.596451201972997,0
b2AR-decoy_1040,CCN(Cc1cccs1)C(=O)C(C)Oc1ccc(C)cc1,-6.47886246190391,-4.875741696333445,-3.663927393986412,-3.303156332864249,-3.419301133453499,-2.173619857426405,-1.989661859061281,-3.0807309796789677,-3.0970469618191965,-3.689031380327957,0
b2AR-decoy_2867,CC1=CC[C@@H]2[C@@H](C1)c1c(O)cc(C(C)(C)c3ccccc3C)cc1OC2(C)C,-6.47850701394304,-3.4602468286671755,-2.4362105491874013,-3.08057565972024,,-2.6393327817480543,-1.487756177836511,-0.8828950098865667,-4.703773592442087,-1.297594207959197,0
b2AR-decoy_753,O=[N+]([O-])c1ccc(Oc2ccc(Cl)cc2O)c(Cl)c1,-6.47847556240414,-4.427749647511496,-4.210063534679081,-3.7172235815795593,-3.796221371529678,-2.7720626337448744,-2.0507321455959406,-1.883065653081137,-4.012301903829356,-3.783614722740037,0
b2AR-decoy_2783,Cc1nn(c2ccccc2)c(Oc2ccccc2F)c1c1nnc(c2ccc(Br)cc2)o1,-6.47771746244951,-5.093089641839365,-2.212182670529472,-2.55997075448622,-3.010069362684188,,-1.5083728108221113,-2.8160301848588167,-3.9496351953663966,-2.7661131365099974,0
b2AR-decoy_1096,CCn1cc(/C=N/Nc2nc(c3cc4ccccc4oc3=O)cs2)c2ccccc21,-6.47432352167612,-7.170310539295375,-3.3863488756327014,-4.73837726124766,-4.267242362986319,-1.071531984019975,-3.82187968859629,-1.9333705844622369,-4.220256701366757,-5.045716287116916,0
b2AR-decoy_1080,Cc1csc(N2Nc3onc(c4ccccc4)c3C2c2ccc(Cl)cc2)n1,-6.47360379405089,-2.510081015075605,-4.5282400141510415,-2.7480549202595297,-3.097220798631689,-2.8056342436330546,-1.655917248373611,-1.6856743718543266,-3.196822472545926,-3.1095806439011078,0
b2AR-decoy_684,COc1cc(c2ccc3c(c2)/C(=C/c2c[nH]c4ccccc24)C(=O)N3)ccc1O,-6.47173293565883,-4.827269838271075,-5.452198727055602,-1.52082035491898,-3.954735639251679,-0.6400862352292451,,-3.176292838519257,-2.698434239915376,-1.6299433581733669,0
b2AR-decoy_2387,O=c1c(c2ccc(O)cc2)c(CSC2=NCCS2)oc2cc(O)cc(O)c12,-6.46741500198703,-3.694805040785015,-4.9261136313928615,-2.18488068825918,-3.5288842419423183,-1.4738868838404446,-2.0688575355081014,-1.3675575031976868,-4.215550998079356,-3.944566787479807,0
b2AR-decoy_677,C/C1=C\CC(C)(C)C[C@@H](OC(=O)/C=C/c2ccc(O)cc2)C/C(C)=C/CC1,-6.46437191131447,-3.6649984843111554,-4.532389278372091,-2.213623228585789,-2.8304139566847883,-1.350375422900055,-0.6924757501015213,-1.4202321763226564,-3.1171128411301163,-3.848171933360847,0
b2AR-decoy_746,CCOc1ccc(Br)cc1/C=C/C(=O)c1ccccc1O,-6.46324899242942,-3.571303341080905,-4.858036369764991,-1.0348621910463098,-2.671272140929818,-2.8268791132360347,-2.9135726342870507,-2.452646958897347,-4.121432011660287,-3.2060440112267066,0
b2AR-decoy_2004,CCNC(=O)c1noc(c2cc(C(C)C)c(O)cc2O)c1C#Cc1ccccc1,-6.46003136988482,-4.733621847884745,-4.977092535686872,-3.7538071264045696,-3.544658348028449,-3.223037026832695,-2.0599925982318013,-3.216018462717517,-4.597428640030096,-2.6156276643539766,0
b2AR-decoy_387,Cc1cc(C2=CC(c3ccc(F)cc3)N(C(=O)c3ccncc3)N2)ccc1O,-6.45966314362726,-5.154795798208535,-4.413713690311151,-2.81215834227313,-3.4460539045866483,-2.909308026423635,-2.304720162996931,-2.432273115766777,-3.9155069751584666,-5.141611967186316,0
b2AR-decoy_1336,CCCCCc1cccc2c1S(=O)(=O)c1ccccc1O2,-6.45824750384153,-3.616156039240376,,-2.29831650277223,-2.5902497103489086,-2.440239013733505,0.0056956902332787,-2.034895982247307,-4.161448393590876,-3.0380003537204066,0
b2AR-decoy_1039,CCCCCCCC1=CC(=O)c2ccccc2S1(=O)=O,-6.45590448307096,-3.6722999395376847,-4.529557109949591,-2.1834037787263094,-3.4307673674386985,-3.3112241124214243,-1.8561846703703608,-1.2295867528635371,-3.3728166515204867,-2.717012089291877,0
b2AR-decoy_1003,C=C[C@]12CC[C@H]3[C@@](C)(CCC[C@@]3(C)C(=O)OCC)[C@@H]1CC[C@](C)(CO)C2,-6.45459420907364,-4.803237421154416,-4.420492005979191,-3.10746621427369,-3.9938623598114287,-2.811609765710495,-1.4818159393844308,-1.699184000153397,-3.490483270322426,-2.110399565096157,0
b2AR-decoy_1505,CC(C)=CCC1=C(OCc2cn(c3ccc(C#N)cc3)nn2)C(=O)c2ccccc2C1=O,-6.4545684379139,-3.413840943635185,-4.546836302218711,-2.6732918051012597,-3.3061013339255787,-2.6750784080461045,-3.086190357546851,-1.5187643568398572,-3.144799836335056,-2.824621061523747,0
b2AR-decoy_2186,COc1cc(/C(F)=C/c2cc(O)c3ccsc3c2)cc(OC)c1OC,-6.4543782056364,-4.151352115255565,-2.655963826383701,-1.9792837222981896,-2.529779808403198,-1.845997370953075,-0.0973528768810307,-0.918275186357727,-3.5277848414324664,-1.5130244565765367,0
b2AR-decoy_1395,N#Cc1c[nH]c(c2ncc[nH]2)n1,-6.45404458138126,-4.169019912321745,-3.517765329296741,-2.7755824380239,-2.262066684552458,-2.3793913036515244,-1.4728734570445514,-1.0533085100720363,-2.6325472184301164,-2.349368979086847,0
b2AR-decoy_392,NS(=O)(=O)c1ccc(C2=C(c3ccc(F)c(F)c3)CC3(CC3)C2)cc1,-6.45199038218364,-4.701678820758205,-4.075818942824001,-3.57204546041387,-3.8368883137593386,-1.0930182684519547,-1.9140658933213808,-2.065799526645417,-3.3868192771630667,-3.883848346983997,0
b2AR-decoy_66,CC(C)(C)[C@H](C(=O)Nc1ncc(Br)s1)c1ccc(Cl)cc1,-6.45099509997985,-4.945435993223815,-3.537198214257301,-3.32468754175253,-3.0167631739779885,-2.769038215096625,-2.332719652546001,-1.7006556673411168,-3.3297440043609168,-3.644516552068557,0
b2AR-decoy_1024,CCN(Cc1cccs1)C(=O)COc1ccc(Cl)cc1,-6.44958064641137,-5.103532995448015,-4.979783489794981,-3.72893827352378,-3.2662203575718083,-1.831589838553345,-0.9231778698904812,-2.1664453359220266,-3.9104334753919767,-2.9592037653125174,0
b2AR-decoy_1881,CCC(CC)(c1ccc(OC(=O)N2CCCCC2)cc1)c1ccc(N(C)C(C)=O)cc1,-6.44943655314064,-4.592609809430545,-3.657934020818861,-2.5125234725237595,-2.954357481613348,3.150130799482908,-0.1604718242182707,4.045303293799808,,,0
b2AR-decoy_1991,N#Cc1c(N)nc(Sc2ccccc2O)c(C#N)c1c1cccs1,-6.44571923776107,-5.026826091434216,-3.955776488004221,-3.8264696928999697,-4.224572267739489,-2.6962974090359646,-2.3953347424278317,-2.5660851613213165,-3.8309407788185865,-1.7865559329081573,0
b2AR-decoy_1602,N#C/C(=C\c1ccccc1Cl)C(=O)NCCCCNC(=O)/C(C#N)=C/c1ccccc1Cl,-6.44545772925899,-5.383260211910375,-3.454978836234921,-1.0762360372535298,-2.1047933739643483,-1.7061658238917143,-0.4268075093769514,-0.5478774945694971,-3.0540253023275863,-2.7786910563102167,0
b2AR-decoy_1128,COc1ccccc1/C=C/c1nc(C#N)c(NC(C)c2ccccc2)o1,-6.44330174267183,-4.9352859422361055,-4.679093644033941,-3.96471007364691,-3.496550837152019,-2.474607184188935,-2.595182789070031,-1.313887541549847,-2.8957047888893364,-3.5374170313260067,0
b2AR-decoy_220,COc1ccc(S(=O)(=O)N(CC(C)C)C[C@@H](O)[C@H](Cc2ccccc2)NC(=O)O[C@@H]2C[C@@H]3OC(=O)N(C)[C@@H]3C2)cc1,-6.44242244700499,-3.8415241849879047,-6.297216562297392,-3.75589425911166,-1.9826661995832584,-2.782470062277735,0.5125836714568788,-2.171218706212517,-3.418113699511486,-3.367503107738797,0
b2AR-decoy_586,O=C(Nc1ccc(OC(F)(F)F)cc1)Sc1ccc(Cl)s1,-6.44233001231117,-3.5089458414028254,-2.0349017328287813,-2.4742357297142394,-2.4845484500270887,-1.5245261450280347,-1.6543284139119807,-2.520413910648677,-3.009805149306956,-2.7609883354441966,0
b2AR-decoy_86,Cc1nc2c(Cl)c(NS(=O)(=O)c3cc(Cl)ccc3Cl)ccc2s1,-6.44067460052788,-4.330017524778665,-3.6370468833124816,-2.8019154994446893,-2.9911064292367087,-1.9134776207788544,-0.5082868854044911,-2.370832101595417,-2.999295603101187,-3.7661359251247366,0
b2AR-decoy_1213,COc1cc(/C=N/c2cc(C(C)(C)C)c(O)cc2C)cc(OC)c1OC,-6.44057286823343,-3.297871519260005,-3.336915415547701,-2.239573572088489,-2.748971898099948,-2.4770740709385946,-1.8404413664568608,-0.4378069645719264,-2.8113286640493564,-2.9345997291247667,0
ASD03130062,Fc1ccc(Nc2nc(NC3CCNCC3)c3ccccc3n2)cc1Cl,-6.44055830454188,-3.996712856535935,-4.125886416388031,-3.3712993496262893,-3.322207083720598,-2.9494335905139346,-1.941202802201941,-2.353638835337927,-3.3174718049833567,-3.285403777239668,1
b2AR-decoy_2525,COC(=O)N[C@@H]1CC[C@@H]2[C@@H](C1)C[C@H]1C(=O)O[C@H](C)[C@H]1[C@H]2/C=C/c1ccc(c2cccc(F)c2)cn1,-6.44011265462119,-4.455591027889275,-3.6763783477985816,-2.7492620775197096,-3.428525996193458,-2.7470195095544945,-1.3057641952248211,-1.4672128076103572,-2.7057915496913063,-3.381676252915057,0
b2AR-decoy_348,CCCCCc1cc2c(c(C(=O)NC)c1)[C@@H]1C=C(C)CC[C@H]1C(C)(C)O2,-6.43997341606141,-5.116654395258426,-3.6134643796646513,-2.9489511217828994,-2.181847463775709,-1.6038324374358144,-1.8775766395228304,-0.3657335511429664,-3.1213254840844566,-3.835652641595187,0
b2AR-decoy_1634,CC(C)CC(=O)OC1c2c(ccc3ccc(=O)oc23)OC(C)(C)C1OC(=O)CC(C)C,-6.43440797386269,-4.196676957268245,-4.298129085887021,-2.1093453603134096,-2.8242327354202086,-2.204736114909985,-1.037265573110301,-1.083958098704957,-2.7235389094081563,-2.864051578296667,0
b2AR-decoy_811,C=CCC1Oc2ccc(Cl)c(OC)c2-c2ccc3c(c21)C(C)=CC(C)(C)N3,-6.43250563381246,-3.727043476601636,-4.382740380013531,-2.19068539416989,,-1.762191877212815,-0.6373000996678009,-2.195401899158207,-3.427227848628216,-3.397716561040957,0
b2AR-decoy_2267,CC(C)=CCc1c([C@H]2CCc3ccc(O)cc3O2)cc(O)c(O)c1CC=C(C)C,-6.43213503729647,-3.960889620119855,-3.988815401048512,-3.0780534665629595,-2.686447427704678,-4.684379232374095,-2.554132729021311,-4.606754855202658,-3.5514596416020563,-4.305906038033537,0
b2AR-decoy_944,FC(F)(F)c1ccccc1c1cc2cn[nH]c2cc1OCC1CC1,-6.4315664025274,-3.5129602919794856,-3.333856771258501,-2.47963507457043,-2.6422974842040983,-2.371963765995015,-1.4003494553038711,0.1935447194263035,-3.273282877279926,-3.843578966370927,0
b2AR-decoy_2850,Cc1ccc(N2CCN(c3ccc(C(=O)/C=C/c4ccc(Cl)cc4)cc3)CC2)c(C)c1,-6.43109547133912,-4.622599668544365,-3.9587622490538408,-2.91190181494562,-3.439688444748258,-2.2304614815295647,-2.700734854962451,-2.8243899082737665,-1.8214877681739765,-2.651841025097786,0
b2AR-decoy_2265,O=c1c2ccc(OCc3ccc(Cl)cc3)cc2[nH]c2ccc(Cl)c(Cl)c12,-6.43048737847217,-3.5911567560052653,-4.697300725281581,0.4022211917246303,-1.5975996731977284,-2.8155594537475643,-1.6051959499371309,-0.931893282324987,-3.3200995419045567,-3.443846290797787,0
b2AR-decoy_107,Cc1cc(C)c(S(=O)(=O)Nc2cc(Cl)c3oc4c(c3c2)C(=O)CCC4)cc1C,-6.43019457986104,-3.226827058305285,-3.929467697320491,-2.42985717204685,-0.7875348132059483,-1.9833360269635048,-1.4856424193182107,-1.9334666736819568,-3.4244214814584266,-3.195442675418627,0
b2AR-decoy_591,COc1ccc(N/N=C2\C3=C(CCC(C)(C)O3)C(=O)c3ccccc32)cc1,-6.42805729326591,,-3.390802557328871,-1.4211787616016096,-2.1097107812541287,,-1.5039137179062907,,,,0
b2AR-decoy_666,Cc1c(OCc2cccc3ccccc23)ccc2c(O)cc(=S)oc12,-6.42802958693373,-5.722528600474525,-3.741939703257291,-2.9261128274823798,-2.7597908614154685,-3.734397470928165,-3.474368612495171,-2.5757054308161464,-4.022838182577936,-4.275113997788107,0
b2AR-decoy_312,COc1ccc(S(=O)(=O)Nc2cccc3c2O[C@H](CN(C)C(=O)Nc2ccc(C(F)(F)F)cc2)[C@@H](C)CN([C@H](C)CO)C3=O)cc1,-6.42730822854113,-5.163441036102535,-3.489518963125101,-2.264208681164829,-1.0059828746398782,-2.079524633606475,0.614926383231909,-0.8815326290037566,-3.227295330225177,-2.8444781278082174,0
b2AR-decoy_391,O=C(NNC(=O)c1sccc1n1cccc1)c1cccc(Cl)c1,-6.42727356897526,-5.779408534943615,-4.215866020587171,-3.60413705595239,-3.284674772673519,-3.545062538681865,-3.5736394212672007,-1.284887456090737,-4.2773102409929065,-3.157826245188217,0
b2AR-decoy_777,O=c1[nH]nc(c2cccs2)cc1Cc1ccc(Cl)c(Cl)c1,-6.42664004430782,-5.327929858853435,-4.951141019447511,-4.13710396738758,-3.057193995750878,-2.008794291497205,-2.467913430097771,-3.212363285540067,-3.051800238683186,-3.173883796883177,0
b2AR-decoy_1252,Cc1onc(c2ccccc2)c1c1nnc(c2ccccc2C(F)(F)F)o1,-6.42610341429859,-4.911089917358505,-3.530549107472352,-0.93332020692444,-2.517330195287829,-1.290996643436145,-1.7488822125113712,-1.5445981443991572,-2.456115303548236,-3.457113529986237,0
b2AR-decoy_1886,CCCCCCC[C@@H]1CC2C(CCC3(C)C(=O)CCC23)C2(C)C=CC(=O)C=C12,-6.42435069499894,-4.788584875836396,-3.8467966903834414,-2.8703113890181298,-2.900846472583078,-2.056598925245515,-1.9031326866108813,-2.0263659977671766,-3.024313419614717,-3.608560735194317,0
b2AR-decoy_1119,CCC(=O)N1c2ccccc2N=C2CC(c3ccco3)CC(O)=C2C1c1ccco1,-6.42381545449748,-4.557995717342076,-4.646669502356281,-3.3144008818185897,-4.100263991471398,-4.198133299803555,-1.077068367658101,-3.5284548205716977,-4.4080633645569565,-2.9176192228782267,0
b2AR-decoy_1281,COc1ccc(C(=O)C(OC(=O)c2ccc(F)cc2)c2ccc(OC)cc2)cc1,-6.42358821096748,-4.080593372001435,-4.287868759186461,-3.091566209165609,-4.002798717313999,-3.5540746611840843,-2.900460417577112,-1.722557926438807,-2.7246153485108664,-2.1988807166059874,0
b2AR-decoy_413,O=C(c1cc(Br)c(O)cc1O)N1Cc2ccccc2C1,-6.42185544527815,-4.487385134591575,-5.650525268858761,-4.56105936873168,-4.057184038819779,-3.389843753244315,-4.2892821373811,-3.7741313769494873,-4.421537980071746,-4.0587936620328176,0
b2AR-decoy_2197,C/C(=C\CC[C@@H](C)[C@H]1CC[C@@]2(C)C3=C(CC[C@]12C)[C@@]1(C)CCC(=O)C(C)(C)[C@@H]1CC3=O)CO,-6.42149160870536,-3.6347767575071552,-3.323977432069941,-2.4771891633645198,-2.559432166400809,-1.9518088757887744,-0.5849773067226414,-1.5742065276464068,-3.232917632346516,-3.3596848815341374,0
b2AR-decoy_2719,Cc1noc(=O)c2ccc(NC(=O)C(O)(CC3(C4CCC4)CCCc4ccccc43)C(F)(F)F)cc12,-6.42097142872071,-2.224979800070365,-3.320472703418031,-2.15811077439899,-1.9226089069198284,-1.218022998870265,-2.0649498503510118,-0.3008663500624466,-2.213714652385097,-2.047658630613467,0
b2AR-decoy_2013,NS(=O)(=O)c1ccc(N/N=C/c2ccc(N3CCCCC3)cc2)cc1,-6.42026309823611,-5.568996202211365,-4.023784663208781,-3.66722270287287,-2.3336841504994883,-2.322032127997294,-1.9824253590338212,-1.5185416186796568,-3.143810836972216,-3.7043109707707873,0
ASD03130049,CN(c1ccccc1)c1nc(NC2CCCCC2)c2ccccc2n1,-6.41750765519048,-3.7547244076136153,-4.575414315426912,-1.3342209864893402,-3.076135661128858,-2.0291256487179243,-1.284222084421951,-0.8294407567535664,-2.724553401895636,-3.558531440503357,1
b2AR-decoy_1515,COc1ccc(c2nc3sccn3c2/C=N/OCc2ccc(Cl)c(Cl)c2)cc1,-6.41738084187438,-4.102954047341795,-4.963020124083741,-2.5057406776278794,-2.669397100834739,-2.6511070776413543,-0.3966129198109209,-2.082310223935357,-2.086966589390906,-3.236424460394217,0
b2AR-decoy_2500,Cc1ccc(OC2=C(Sc3ccccc3)C(=O)c3ccccc3C2=O)cc1,-6.41582599654905,-2.713418374279305,-3.3420726890809416,-2.31287425179943,-2.494858684601418,-3.3752347428435847,-1.7479698762697913,1.2368902842706833,-3.4444157165651763,-2.7657068028285674,0
b2AR-decoy_2711,O=C(c1cc2cc(C3CC3)ccc2[nH]1)N1CC(=O)N(Cc2ccc3cc[nH]c3c2)[C@@H](Cc2ccccc2)C1,-6.41575936419258,-4.0006154269015655,-1.822509461955351,-3.35337401007952,-4.224236760562729,-2.805836413724105,-1.477260782274711,-2.1350262653094267,-4.426109637432696,-2.729299664779957,0
b2AR-decoy_1146,CC(C)c1ccccc1Sc1c(O)cc(c2ccccc2Cl)oc1=O,-6.41529847714592,-4.6690451907402055,-3.752202829346581,-3.4539531718848195,-3.001491228388458,-4.161916505708474,-0.3416030666311114,-2.1913221214545766,-1.9933416495448668,-2.9958923787767677,0
b2AR-decoy_2551,Cc1nc(c2ccccc2)sc1C(=O)CSc1nc(c2ccc(Cl)cc2)c(C#N)c(=O)[nH]1,-6.41494868710306,-6.240784652563995,-3.127297857824061,-2.9982871626544494,-1.9202467566271784,-1.4461856142626743,-0.9666657104028308,-0.9415888976511272,-4.721776739684247,-1.8612547714413767,0
b2AR-decoy_712,C=CC(C)(C)c1ccc(O)c([C@@H]2CC(=O)c3c(O)cc(O)c(CC=C(C)C)c3O2)c1,-6.41480219831156,-5.275031018687155,-4.459630431092261,-3.2825600731745697,-4.068085222905949,-3.4641687231126346,-1.9401066869566712,-3.345557333656777,-4.039761927332346,-3.8951430355924166,0
b2AR-decoy_1315,CCOC(=O)c1sc(SCC)c2c1CC(C)(C)CC2=O,-6.40852419863204,-3.921026918064345,-3.576923146168161,-2.81083149870224,-2.1751342018149185,-2.1502238542713643,-1.3378541132021209,-0.863545545197467,-2.775512468068136,-3.4179866415247973,0
b2AR-decoy_1983,NC(=O)COc1cc(Cl)c2c(c1)C(O)(C(F)(F)F)c1ccccc1-2,-6.40788979291606,-3.2968379341675256,-3.2617152510545315,-3.55755069086594,-3.4307373339308285,-2.570180408807725,-2.0340129513075107,-2.8635347541001077,-3.690349705265926,-2.881093472506947,0
b2AR-decoy_1084,Cc1cccc(c2c(NC(=O)c3ccco3)oc3ccc(Cl)cc3c2=O)c1,-6.40527720103616,-3.256750710892045,-4.839257867954752,-2.544603136059329,-3.0280447981617087,-1.8256555946027249,-2.5969879865077514,-1.2624121944447264,-3.770004407903636,-1.1864912590877066,0
b2AR-decoy_610,CCC(C)C(=O)c1c(O)cc2c3c1OC(C)(C)C1CCC(C)(CC31)O2,-6.40365103004888,-4.272467663097125,-4.193952768119131,-3.38884744053522,-3.050522245707718,-2.2699993280862847,-1.9405289691838317,-1.257788727394777,-3.4998127861382864,-3.301033913147187,0
b2AR-decoy_2423,COC1(O[C@H]2CC[C@H]3[C@@H]4CC[C@H]5C[C@@H]6S[C@@H]6C[C@]5(C)[C@H]4CC[C@]23C)CCCC1,-6.39991572578703,-4.223155211935535,-3.4911089474253814,-2.0646255505735,-1.7245751093510586,-1.9973453199577351,-0.2236184521307613,-0.9669181364308468,-3.344951745801306,-2.2194252326722768,0
b2AR-decoy_1404,Nc1nnc(C(F)(F)F)s1,-6.39862079479254,-4.441906045769975,-3.5435592348807914,-2.4675808879757595,-2.2683931571978686,-1.6305132482772544,-2.183905342639461,-2.043434893515057,-3.2487176970516565,-3.2646273616476877,0
b2AR-decoy_637,CC(C)(C)[C@H](C(=O)Nc1ncc(Cl)s1)c1ccc(Cl)cc1,-6.39738622339351,-4.649361359374745,-4.162127681875071,-3.48489746579524,-4.282352290247938,-2.8722337545245944,-2.857954515999201,-1.3447265757174671,-3.2568157850609367,-3.639021473696157,0
b2AR-decoy_3005,CCOC(=O)/C=C/c1c(O)c(OC)cc(NS(=O)(=O)c2cccs2)c1SC,-6.39675586759143,-2.570032645623825,-2.862796691784921,-1.29300397081055,-1.5632401634376585,-0.1597201688892244,-0.258570140721801,-1.0285081803754768,-1.9275681828201865,-2.361843147403287,0
b2AR-decoy_1011,CC(C)=CCOc1ccc(C(=O)/C=C/c2ccc(C)cc2)c(O)c1,-6.39583676200572,-5.428631739611885,,-4.12535275705182,-0.7727321637875084,-0.4779434114583649,-1.910932367503401,0.1844316018509628,-3.368491916900106,-3.535573345089287,0
b2AR-decoy_1890,Fc1c(F)c(F)c(/N=N/c2c(F)c(F)c(F)c(F)c2F)c(F)c1F,-6.39557500723373,-5.4054539573639655,-5.231993612474032,-4.19591683434728,-3.2085314108559686,-2.8758103391297247,-2.7038230562075807,-1.2600004178273163,-4.318284906614257,-3.417495466042847,0
b2AR-decoy_47,COc1ccc2[nH]cc(/C=C/C(=O)c3ccc(OC)c4c3OC(C)(C)C=C4)c2c1,-6.39358888498522,-4.176450974547695,-3.592608132641991,-2.91605668837758,-2.5996593510952986,-1.3542138137029944,-1.8936805493994608,-1.2598394303721363,-3.750554333066276,-3.047866704789127,0
b2AR-decoy_1931,C/C(=N\NC(=S)Nc1ccc(Br)cc1)c1ccc(Br)cc1,-6.3933115832949,,-4.718218868899862,-2.739281964322569,-3.2819727056447583,-1.8402426551959348,,1.036328453700233,-1.736362028323536,-2.8352427078125277,0
ASD03130035,Clc1ccc(Nc2nc(NC3CCCCC3)c3ccccc3n2)cc1,-6.39160263237894,-4.382067105105455,-4.435758112592572,-3.4027050818535693,-3.2321957903806284,-2.365174908944555,-2.418646916150891,-1.2573459448740971,-2.6383523165243767,-3.673139994595997,1
ASD03130054,COCCOc1cccc(Nc2nc(NC3CCCCC3)c3ccccc3n2)c1,-6.39065563051304,-4.156353930632045,-4.332138263641321,-2.4990163608383096,-2.756851866796178,-1.9849025665015745,-2.1459674244203706,-1.0273222940017472,-2.702018772964406,-2.937391037093747,1
b2AR-decoy_2011,CC(C)(C)c1cc(CCC(=O)NNC(=O)c2ccco2)cc(C(C)(C)C)c1O,-6.38917693690687,-5.126976111453195,-2.348069016345441,-3.07128340581035,-0.5588719544944682,0.2001323697811852,-1.2693319089486206,-0.7394096776158969,-2.4243739484233267,-2.9310077092335773,0
b2AR-decoy_2252,Cc1cc(c2ccccc2)n2ncc(C(=O)Nc3ccccc3Sc3ccccc3)c2n1,-6.38902840502208,-4.356958763282025,-3.667256319405531,-2.73248448979322,-4.781379908390268,-2.4570425764101147,-1.9398857134658012,-1.3812521912757267,-4.654334992591607,-2.751545355939957,0
b2AR-decoy_2412,CCOC(c1ccc(Cl)cc1)C(SC(C)(C)C)n1cnc(Cl)c1,-6.38804356746272,-2.291359935296125,-4.487879722574212,-2.4778317660749494,-3.3234710698799983,-2.948890938749395,-2.42767720696211,-1.986552873760047,-3.3242046541741663,-2.937129405433617,0
b2AR-decoy_3008,C[C@H](CO)CCC[C@@H](C)[C@H]1CC(=O)C2=C3C[C@H](O)[C@H]4[C@@H](O)[C@@H](O)CC[C@]4(C)[C@H]3CC[C@@]21C,-6.38718486924911,-4.414370719257205,-3.465109742771572,-3.1567994071642,-2.950170018147449,-2.405836947320095,,-2.8842178437711867,-2.551403326833956,-3.509276268058357,0
b2AR-decoy_2283,CC(C)CCC[C@@H](C)[C@H]1CC[C@H]2[C@@H]3[C@H](O)/C(=N\O)C4=C[C@@H](O)CC[C@]4(C)[C@H]3CC[C@@]21C,-6.38567826793385,-3.895887978805255,-3.1017511175719115,-2.8182160497752298,-1.7002872732827283,-1.258016963163655,-1.463861099923801,-1.4606036623123169,-3.117597128919046,-3.2845223640914267,0
b2AR-decoy_2437,O=C1C=C(c2ccc(Br)c3ccccc23)C[C@@H](c2ccc3c(c2)OCO3)C1,-6.38407903977629,-5.010304879871836,-3.810484754142731,-3.32883338095231,-4.374201653090599,-1.013726512743295,-1.6670806859299914,-1.7600248676708672,-4.2094412810048665,-1.199150522187527,0
b2AR-decoy_1345,Cc1nc(C(F)(F)F)c(/C=C/C=C/C(=O)/C=C/c2ccccn2)s1,-6.38319493617727,-4.807808517817465,-5.242417819947312,-2.85425176529004,-4.2382945212718885,-0.5212552988848849,-2.266421843421851,-2.9219809762546065,-2.110432486984866,-3.775696484053847,0
b2AR-decoy_2113,CC(C)(O)Cn1cc(c2ccccc2c2ccc(c3cnc(N)cn3)c(F)c2)cn1,-6.3824310358509,-3.679756144054856,,-2.09046459120606,,-0.217536242120695,0.5208183107143189,,-0.5684888423473664,-2.166813909850948,0
b2AR-decoy_2291,O=C1C[C@H](O)C[C@@H](/C=C/c2c(Cl)cc(Cl)cc2c2cc(Cl)cc(Cl)c2)O1,-6.38217492477782,-3.288160968966775,-4.682413404042151,-2.21030244157547,-3.029312031828418,-1.9597045971344649,-0.9598426764516113,-1.615262786458457,-2.673259998720316,-2.944230186573257,0
b2AR-decoy_2908,Clc1ccc(c2noc(CSc3nnc(Cc4cccs4)n3c3ccccc3)n2)cc1,-6.3820779904373,-4.750702962562955,-4.5567855478382215,-4.36387376519384,-2.8339372225596886,-3.1969848090176347,-3.525354619673121,-0.9503276424070268,-3.138596986413116,-5.257619197106337,0
b2AR-decoy_534,CC(=O)Nc1c(C)cc(C(=O)Nc2c(C)cccc2C)cc1C,-6.38206116015093,-1.9356626304857956,-3.809774176214451,-2.2317811697572294,-2.7337908768803487,-2.778909759140185,-1.266145535424621,-0.3074017707061065,-1.3489151729687363,-0.4082246966907568,0
b2AR-decoy_988,CC#C[C@@]1(O)CC[C@@]2(CC)c3ccc(OCc4ccncc4)cc3CC[C@@H]2C1,-6.38186862307441,-4.9323517282970455,-3.7991585943160215,-2.88814389385814,-2.8396894404281685,-2.726420768131205,-1.685389382502711,-0.8469324323388365,-3.874053795922296,-3.509376754696167,0
b2AR-decoy_965,COc1ccc(c2ccsc2c2cc(OC)c(OC)c(OC)c2)cc1O,-6.38079738560828,-3.2409745785432555,-4.367871563784731,-2.13762188794938,-2.941134829715798,-2.5773242342459746,-1.7713290373039214,-1.4555354449367064,-2.713111375908296,-3.2448376278379967,0
b2AR-decoy_2428,O=CC1=Cc2cc(S(F)(F)(F)(F)F)cc(Br)c2OC1C(F)(F)F,-6.38051892870727,-4.058101955640535,-4.160033245577811,-2.970469946095489,-2.8852160660588684,-2.093360590810025,-1.8631483942295717,-1.6742182947375772,-3.614873294525596,-3.1372639055072766,0
b2AR-decoy_583,O=C(Nc1c(Cl)cccc1Cl)c1csc(c2cccnc2)n1,-6.37883958398618,-4.315602455861336,-3.5312104129768214,-3.1929325096276795,-4.470019505599408,-2.0253345190514045,-2.002689742698921,-1.7223663031661367,-4.077214159710357,-2.606514011347417,0
b2AR-decoy_389,Cc1ccc(Br)cc1NC(=O)C(C)NC(=O)OC(C)(C)C,-6.37882935725168,-3.224160479225365,-3.777537606334331,-3.36163780218166,-2.3580019600256783,-1.4922374189166447,-1.5642537918005912,-1.5366222612181968,-4.069975507803906,-3.4166066399309867,0
b2AR-decoy_1407,CC1(C)C(C(N)=O)C1(Cl)Cl,-6.37724647123685,-4.354868527080325,-4.659256949186911,-3.2734356458364,-2.5416584705670786,-2.815835213317425,-1.7298994357597612,-2.2458207154417265,-3.952169654438836,-2.9860403887930373,0
b2AR-decoy_1325,Cc1ccccc1CSc1nnc(c2ccccc2)o1,-6.37710661456385,-4.0143607790965055,-1.9588120680601315,-1.7119043854893494,-2.555974287670129,-3.3258255918610846,-1.4649823589584612,-2.356525224119327,-4.058014401167446,-2.3717841804592568,0
b2AR-decoy_399,O=C1Nc2ccc(Cl)cc2/C1=C\c1ccc(O)c(Br)c1,-6.37642185905654,-3.357689945612325,-3.8089078250969415,-2.88237363286349,-2.8831443194313087,-2.6301290809878948,-1.9485830576892509,-0.9082339130524968,-2.387816704113046,-3.1038539276111465,0
b2AR-decoy_2166,C=C(C)/C=C/c1c2c(c(O)c3c(=O)cc(c4ccccc4)oc13)C=CC(C)(C)O2,-6.37631313309846,-1.2414514518083952,-4.368027148659271,,,-2.300769178463665,-2.7893572042486614,-2.030656092389477,-2.4475134028247867,,0
b2AR-decoy_976,Cc1cccc(C)c1N=C([S-])/C(=C(\O)c1cccs1)[n+]1ccccc1,-6.37515820942213,-4.814588879120265,-4.582951908706732,-3.19410663114063,-3.6431630962633887,-3.600560073028535,-2.386481776373772,-2.978090328557527,-4.274934214004577,-3.7615756867675167,0
b2AR-decoy_2983,C=C1[C@H](C)CCC[C@]1(C)CC[C@@]1(C)C=Cc2c(OC(C)=O)c(OC(C)=O)cc(OC)c2O1,-6.37513947324079,-5.147459712227245,-4.701664578592212,-3.95962109889702,-1.652921155467029,-0.9156866850323446,-1.058102678572031,-1.7466190843222869,-3.615869021948616,-3.857157741652537,0
ASD03130064,Clc1ccc(Nc2nc(NC3CCNCC3)c3ccccc3n2)cc1Cl,-6.374682871856,-4.515747140992195,-4.090994997049691,-2.16473059087597,-2.131046629854658,-1.6830319485207443,-1.867109372021921,-0.7752111166363971,-3.9578938710941465,-3.0951420511215573,1
b2AR-decoy_2577,COC(=O)c1c(SC)cc(c2ccc(F)cc2)cc1c1ccc(F)cc1,-6.3746091971677,-3.468169598633785,-4.588424226220021,-2.73447254080527,-2.5081101500162983,-1.186802262158305,-2.1414833280789507,-1.0393334039473467,-3.4967530921571663,,0
b2AR-decoy_2538,Clc1ccc(Cn2nccc2c2ccc3nnn(c4ccc5cn[nH]c5c4)c3c2)c(Cl)c1,-6.37150702455891,-4.954030458987365,-5.214382486947962,-2.165487583885,-4.507262376389848,-2.935877355856065,-4.090535784620132,-2.698463839634657,-3.338987162237377,-4.181061961853416,0
b2AR-decoy_195,C=CCCCS(=O)(=O)NC(=O)c1ccccc1NC(=O)[C@@H](NC(=O)OC(C)(C)C)c1ccc(Oc2cc(OC)nc(c3ccccc3)n2)cc1,-6.37081688386658,-2.517258252004665,-1.769807906114811,-1.8437245139609295,-3.4524574181216883,-3.133715535685285,-2.7848670950647207,-3.618649378398146,-2.6168121309394667,-4.797881418420307,0
b2AR-decoy_2875,CCOc1c(/N=N/c2ccccc2Cl)c(c2ccccc2)nn1C(=S)S,-6.36974771357271,-2.919703530905645,-4.453670370831952,-1.7652323431333894,-1.984053421264268,-1.8210094016583944,-2.0272916071810707,-1.216936268840227,-2.567453043504016,-2.6690922739308074,0
b2AR-decoy_1149,CC(C)=C/C=C/[C@H](C)C1=CC[C@]2(C)C[C@H]3[C@H](C(=O)C[C@@]3(C)O)C(C=O)=CC[C@@H]12,-6.36934336420775,-4.331127871075015,-4.8826547023734514,-3.9107335184805896,-2.815989870903838,-2.116248539379005,,-2.156157881412817,-3.719181620444286,-2.963978973617787,0
b2AR-decoy_1278,CC1=CC(=O)[C@@H]2C(C)(C)C(=O)CC[C@@]2(C)[C@@H]1COc1ccc2ccc(=O)oc2c1,-6.36932192006827,-4.673838690415376,-3.726883237446371,-3.111869952435669,-2.994436297332478,-2.879408962933545,-2.084900094178681,-1.8662765350915669,-3.877922921685526,-2.8541539605159367,0
b2AR-decoy_2395,CCc1cc2c(cc1OS(N)(=O)=O)CC[C@@H]1[C@@H]2CC[C@@]2(C)[C@H]1CC[C@@H]2CCO,-6.36853628600754,-4.235057403890015,-3.898691371022132,-2.28261506407099,-2.3880512648187686,-3.333051251456835,-2.524429265328191,-2.4995914659990373,-3.850903045705956,-2.248605600074717,0
b2AR-decoy_2345,CC(C)(CO)NC(=O)/C=C1/CC[C@H]2[C@@H]3CC=C4C[C@@H](O)CC[C@]4(C)[C@H]3CC[C@]12C,-6.36679020803569,-3.597708636184596,-2.708796030672061,-3.31144085185616,-3.649297553960668,-1.248920591110605,0.0151474857957989,-1.5891000658708467,-2.987292685654756,-2.3517480693225568,0
b2AR-decoy_174,CCC(=O)C(F)CCCC[C@@H]1NC(=O)[C@H]2CCCCN2C(=O)[C@H]([C@@H](C)CC)NC(=O)[C@H](Cc2cn(OC)c3ccccc23)NC1=O,-6.36626254938114,-6.718351037848656,-3.652678400169381,-3.0842703953612998,-3.867349779028429,-2.015329441103895,0.813136170382629,-3.861304113767737,-4.898098812788676,-4.294777414818837,0
b2AR-decoy_2332,Cc1ccc(Cc2cc(c3cc(=O)c4c(O)cc(O)cc4o3)cc(O)c2O)cc1,-6.36588872942972,-6.641994346327785,-5.704800462211392,-5.24683874786947,-5.193250556427499,-3.6620949780729743,-3.3054503401275213,-3.187638344185097,-4.354045846268557,-3.791664265819037,0
b2AR-decoy_946,O=C(Nc1ccccc1Cl)Oc1ccc(c2ccccc2)cc1,-6.36487660499949,-4.786939878470116,,-2.88018635017424,-1.8574950786044084,-0.499268742330595,-2.3593804039752007,-0.872830676163157,-1.8681175351601864,-3.0400756766527866,0
b2AR-decoy_971,CN(C)c1ccc(C(C/C(=N\O)c2ccccc2)c2ccccc2)cc1,-6.36475302453746,-4.318529344059845,-4.432795592078992,-3.01006679597465,-4.071809905511839,-2.8730396747436044,-3.6549125933829103,-2.6877925501303466,-3.9900991092512665,-3.231586898799897,0
b2AR-decoy_3166,CC(C)C/C=C/[C@@H](C)[C@H]1CC[C@H]2C3=C(CC[C@@]21C)[C@@]1(C)CC[C@H](O)CC1=CC3=O,-6.3642348605861,-4.100075490863746,-2.923886091100472,-2.9440387090090496,-2.347725752825208,-2.137287825280615,-2.351969946802301,-1.4743138340507365,-4.039372021423416,-3.722238736465637,0
b2AR-decoy_1563,CC1=C(C(=O)Nc2ccc(CC(=O)NCc3ccc(OC(C)C)cc3)cc2)SCCO1,-6.36190221227985,-3.882130406620076,-3.293665187374501,-3.45946902861711,-3.3540317074077786,-1.3413749562681143,-2.2668642878701206,0.6137834947037133,-2.3615691931802765,-3.1650925690447766,0
b2AR-decoy_1222,COc1cc2c(cc1OC)-c1n[nH]c(c3ccc(c4ccncc4)cc3)c1C2,-6.36056996365946,-4.305267364801215,,-2.4285946072247397,-1.0795328547743583,-0.2164839776061144,0.3698296794317093,0.1898693089655232,-0.4455639369975963,-2.523143339577197,0
b2AR-decoy_2447,CCC(=O)N(N=Nc1cc(C(F)(F)F)ccc1C#N)c1cc(C(F)(F)F)ccc1C#N,-6.3599899811358,-5.105125551973815,-5.494620473116801,-3.3384469232821496,-4.527333560700448,-3.821157757157765,-2.8570871428736506,-0.8224480036889368,-4.421938749282396,-3.5564648010533277,0
b2AR-decoy_2929,N#Cc1cc(Cl)cc(Oc2c(F)c(CCc3cccc(Cl)c3)[nH]c(=O)c2Br)c1,-6.35747227435904,-3.8237288259135953,-4.900846301183932,-2.50262877597258,-3.0727325622701285,-1.4872584042925243,-2.066515089496961,-0.788658793313247,-3.4508206333467166,-2.4839441088064267,0
b2AR-decoy_2084,O=c1c(OC/C(=N/O)c2ccccc2)c(c2ccccc2)oc2ccccc12,-6.35666582988787,-3.587914127480685,-5.384441648415261,-4.71124947809249,-4.019180751304658,-2.1649358737177247,-3.0197163015158406,-3.650934280727277,-4.248084173697876,-4.061172785904587,0
b2AR-decoy_3196,CN(CCC(Oc1ccc(C(F)(F)F)cc1)c1ccccc1)C(=S)SCCCl,-6.35654957784391,-3.6751748747851143,-5.288022265554122,,-2.7313670268747288,-2.662151966692525,-2.7470707011820714,-3.2409767584646465,-2.5208507390467068,-3.893219662443697,0
b2AR-decoy_2231,CCc1oc2ccccc2c1C(=O)c1ccc(Br)c(O)c1Br,-6.35630299902784,-3.4891885212098748,-3.6154392889143008,-2.27992417158831,-2.4932808137745086,-1.2914496145128045,-1.9312655802392813,-1.625368231740997,-3.4043839603089063,-3.185398427727327,0
b2AR-decoy_2138,O=C(/C=C/c1cc(O)c(O)c(O)c1)c1cc(O)cc(/C=C/c2ccc(O)cc2)c1,-6.35479627699075,-6.698337509573426,-5.687671190089901,-4.98501480908582,-5.296747301218549,-2.7021457699239946,-2.93211295548735,-4.390456974075747,-4.850973730691926,-3.336900218061537,0
b2AR-decoy_2105,CC(C)(O)CCc1ccc(O)c2oc3cc4c(c(O)c3c(=O)c12)CCC(C)(C)O4,-6.35460142909088,-4.129577490399416,-2.8857165047234714,-2.87811284162179,-0.9696306076598588,-1.0338159655728445,-1.211299562075571,-1.3106056248721272,-2.4779003720910566,-3.0546803243448277,0
b2AR-decoy_2990,O=C(CO[C@H](Cn1nncc1c1ccccc1)c1ccc(C#Cc2ccccc2)cc1)NO,-6.35398443552712,-4.266022188158155,-6.152451947302431,-2.31790907164135,-2.0957930681021386,-1.9534305108492545,1.3487735581591989,-0.1583584350997666,-2.9134078470957965,-1.408360314089617,0
b2AR-decoy_1763,O=C(/C=C/c1ccc(/C=C(/C(=O)NC2CC2)c2ccc(C(F)(F)F)cc2)cc1)NO,-6.35356464868725,-3.241614201761415,-2.6650632712981315,-2.32840849705822,-0.4266928994217984,-2.8045351702908343,-0.9001055640526712,-0.967918292649447,-2.1575503614056464,-3.5836359404467677,0
b2AR-decoy_1691,COc1ccc(C2COc3c(ccc(O)c3OC)C2)c(OC)c1O,-6.35303278806128,,,-1.9243556299996396,-2.287576499072139,-2.7771329601178243,-2.3817953950934614,-1.6152570836567568,-4.091486293558557,-2.647125722332277,0
b2AR-decoy_2056,Cc1cc(C(=O)CSc2nc(O)c(C#N)c(c3cccs3)n2)ccc1Cl,-6.35242448997187,-6.023093011707515,-3.906868759304581,-5.28722059996633,-1.8162131829639483,-3.306808515720965,-4.58279634659522,-2.1242646075206064,-4.272674457666817,-5.724566624860186,0
b2AR-decoy_692,O=C(NC(=O)c1c(Cl)cccc1Cl)OCc1ccc(c2ccccc2F)o1,-6.35054548565052,-6.877542480025864,-3.9724366549014816,-2.5860786704336194,-4.883272009387779,-1.129873099186255,-2.9579764513225406,-2.1690142098026266,-4.357599591244607,-2.130956617416657,0
b2AR-decoy_479,O=C(Cc1ccc(Cl)cc1)c1ccc(O)c(O)c1,-6.35017979391165,-5.085007951469665,-4.471867059995551,-2.8579446066992498,-3.3670950680969884,-2.898981413023015,-2.397627492448591,-2.2796370252897367,-4.174042784184716,-2.5293759140848477,0
b2AR-decoy_2909,Clc1ccccc1c1nnc(SCc2nc(c3ccccc3)no2)n1c1ccccc1,-6.34834934732462,-4.909265043842615,-1.549528544579541,-2.6397645783201,-2.703413002921629,0.2689585942045251,-2.031905680326651,-1.1093753585554469,-2.594651635956996,-3.547009234156707,0
b2AR-decoy_1486,CC1=C(C)C(O)C=CC1O,-6.34695729033497,-4.340402232608345,-4.269602200725491,-2.61931225690916,-3.1202702912729787,-2.391671659973285,-1.6786733250785613,-1.455758908781137,-3.429013324120427,-3.2240019767948973,0
b2AR-decoy_378,C[C@]1(CO)[C@H](O)C(=O)C[C@@]2(C)[C@H]1CC[C@@]1(C)c3cocc3CC[C@@H]12,-6.34459205706189,-4.6912229839651856,-4.706527146051902,-4.081310751519379,-3.962607684178228,-2.7757074868128644,-2.2664703910301407,-1.897318059188577,-3.9602330891074367,-3.875836426668157,0
b2AR-decoy_2511,CCCCSC1=C2CCC3C4CCC(=O)C4(C)CCC3C2(C)CCC1=O,-6.34123895114091,-4.368282610392795,-3.928155543624211,-2.94603928565742,-2.442366495364868,-1.403624233949575,-1.8197026739339712,-1.6063928885662069,-3.897452723339996,-3.814507662401907,0
b2AR-decoy_1397,Cc1c[nH]c(c2nc(C#N)c[nH]2)n1,-6.33859395137898,-4.409181424613386,-4.286004537547001,-3.37884147096874,-2.6533108480535983,-1.347822233112125,-1.5949709550641806,-1.7698163555146067,-2.810029782121497,-3.766230811140346,0
b2AR-decoy_1900,O=c1cc(c2ccc(OC(F)(F)F)cc2)oc2c1ccc1ccccc12,-6.33658070727145,-3.153704663513305,-3.653488643962991,-1.9940550970072,-2.835818972823158,-1.2517534467173244,-1.928637348540991,-0.8607570134517264,-1.9571299279856864,-0.1780119025076971,0
b2AR-decoy_293,C[NH2+]CCOC1(Cn2ncc(c3ccc(N4CCc5cccc(C(=O)Nc6nc7ccccc7s6)c5C4)nc3C(=O)[O-])c2C)CCCC(C)(C)C1,-6.33636444693339,-4.919303469695755,-2.705955910628391,-3.70179970674511,-2.9877035272583186,-3.2913684083226844,-0.0922354192466912,0.7185418293347432,-1.6969050351183963,-3.314086477377337,0
b2AR-decoy_432,O=c1c(c2ccc(Cl)cc2)coc2c(O)c(O)ccc12,-6.3346455856478,-5.703392516331225,-3.744349292816101,-2.83953925280157,-2.7590237834388684,-2.2419649639959145,-2.957926120865441,-2.5263132463274465,-3.8666878817039567,-3.268660028009537,0
b2AR-decoy_1310,CCCCCc1ccc2c3c1C(=O)C(=O)C(C)=C3OC=C2C,-6.33326171927497,-3.593622364659685,-4.079596703770801,-2.802661876419449,-2.916527104488199,-2.1669987043658248,-2.0187648412690606,-2.144250936446067,-2.9644548753790163,-3.2198234488833166,0
b2AR-decoy_587,COc1c2occc2c(O)c(c2ccccc2)c1c1ccccc1,-6.33322822331838,-2.515843371065305,-4.202383361082632,-2.04073761035576,-2.7531287426179585,-2.3622334641205747,-1.8671512052688009,-0.6014193531453067,-2.908257098095387,-2.6966338786247968,0
b2AR-decoy_2372,Cc1cc(N)nc(C)c1CNC(=O)c1cnn(Cc2ccc(F)c(F)c2)c1,-6.33225050672863,-5.054543864577505,-4.429762779760421,-2.38770294732665,-3.1814380229031185,-3.0558037425511744,-3.844664500423061,-1.7174252876238263,-4.584220912929136,-5.478788567913467,0
b2AR-decoy_2881,CC(=O)[C@H]1CC[C@H]2[C@@H]3CC[C@@H]4C[C@@](O)(c5ccccc5)CC[C@]4(C)[C@H]3CC[C@]12C,-6.3321059906949,-4.473801030283685,-2.724459511876031,-4.66682327996737,-3.786851026353708,-2.311938175855965,-1.6469725228319607,-3.947289444144486,-4.644892732331586,-3.104630000033247,0
b2AR-decoy_2134,Cc1cc(C)c(c2n[nH]c3c2C(c2ccccc2F)N(CCO)C3=O)c(O)c1,-6.33187070948439,-3.585041469094865,-4.331546430968391,-3.61632640419794,-3.2496704923943787,-2.7733468350440846,-2.853502517595081,-1.833638761034237,-3.650425790976496,-3.649874841954507,0
b2AR-decoy_2444,C=C(C=O)[C@@H]1CC[C@]2(C)CC[C@]3(C)[C@H](CC[C@@H]4[C@@]5(C)CCC(=O)C(C)(C)[C@@H]5CC[C@]43C)[C@@H]12,-6.33119386617553,,-2.725159003172921,-2.8668785826962697,-1.7555570728035883,-1.1721400626161849,-2.066876621300201,-0.9123766113517268,-2.5448770961101568,-1.4293165759189468,0
b2AR-decoy_761,COc1cc(CCc2cccc(Cl)c2Cl)cc(OC)c1O,-6.33103056707495,-2.958114174226835,-3.597090817085712,-2.73409713160404,,-1.5964175647903147,-2.233000370960321,-2.1110207560145566,-2.512974558231046,-2.476974120071367,0
b2AR-decoy_751,Nc1[nH]nc(C2CC2)c1N=Nc1ccc(Cl)c(Cl)c1,-6.32759609273654,-5.255179383937275,-4.575378238894751,-3.26252522289636,-2.6076520047885783,-2.833423763620494,-2.066267109430931,-2.1360587558053767,-3.409124368185096,-3.611552694767757,0
b2AR-decoy_2035,O=c1cc(c2ccccc2)oc2cc(OC/C(=N/O)c3ccccc3)ccc12,-6.32718603495935,-5.617722935982315,-2.871166566813441,-4.48903630704319,-3.286837220288678,-2.9123483887163744,-3.1106767571518708,-3.080125737925026,-4.372269018206317,-4.097723025357947,0
b2AR-decoy_1929,C=C1C(=O)O[C@H]2[C@H]1CCC(/C=N/NC(=S)Nc1ccc(F)cc1)=C\CC[C@@]1(C)O[C@@H]21,-6.32528027444979,-4.611059670876885,-4.587065863476881,-3.50367903163738,-3.271603072755348,-3.662781506765655,-2.2610622546968413,-1.592518549317747,-2.966712895467226,-3.942107675417557,0
b2AR-decoy_2406,CCOC(=O)c1sc(=S)sc1SCc1cccc(C(F)(F)F)c1,-6.32445201816795,-5.927384516839576,-4.213103543130581,-3.46106684316935,-2.940214846209429,-2.859540067321655,-1.490590627682371,-3.474364503657396,-4.757648700727526,-4.075735547290547,0
b2AR-decoy_2618,CN(C)c1ccc(/C=N/c2ccc(/N=C3\C(=O)N(Cc4ccccc4)c4ccccc43)cc2)cc1,-6.32272799720393,-4.690292466018465,-2.7394863479298115,-3.5732174663186296,-3.0551887789609182,-0.4914459767342043,0.5805045032657792,-1.6348184988906969,-2.6140705084104168,-2.1893694708059277,0
b2AR-decoy_1073,C[C@H](CCC(N)=O)[C@H]1CC[C@H]2[C@@H]3CC[C@@H]4C[C@H](N=[N+]=[N-])CC[C@]4(C)[C@H]3C[C@H](O)[C@@]21C,-6.32258316876738,-5.820576890318905,-4.710711181979651,-4.545095993962049,-2.4757077597777686,-3.443719325219785,,-2.0475133375476364,-3.949669863539336,-1.9888327079454773,0
b2AR-decoy_475,CC(=O)Nc1ccccc1NC(=O)CC(C)(C)C,-6.32212594981493,-5.347032201112795,-2.505400645087361,-2.41917236844852,-2.355070856395268,-2.9020792628324346,-2.2774661381114507,0.4484072977750832,-3.4246087861374965,-3.5634217288056877,0
b2AR-decoy_2127,COc1cc2c(CO)c(c3ccc(O)cc3O)oc2c(CC=C(C)C)c1O,-6.32173757479857,-5.367384807374955,-3.444333756871921,,-1.6855121460454583,-1.805239169087275,-1.7074858528035808,,-3.781747319138196,-2.774640230506067,0
b2AR-decoy_2622,CCn1c(CN2C(=O)CSc3ccc(C(F)(F)F)cc32)nnc1SCc1ccc(Cl)cc1,-6.32130860924261,-4.255795711774105,-2.316122033651792,-1.6364165141058296,-2.6266861721261385,0.7756769215769852,-1.7379351557294207,-0.5815962349643664,-2.3980600970119763,-1.964976531448417,0
b2AR-decoy_2158,CC(C)=CCc1cc(c2cc(=O)c3cc4c(cc3o2)OC(C)(C)C=C4)ccc1O,-6.31984896305408,-5.531625788498735,-3.799175707322141,-2.6892175632716397,-4.495932187012069,-3.2738498802492044,-3.0145049111647007,-1.7658973528184871,-4.455164735634586,-4.147965836329156,0
b2AR-decoy_2600,CCOc1ccc(c2ccc(C3=CC(=O)C[C@H](c4ccc(F)cc4)C3)cc2)cc1,-6.31928230176078,-5.850164495081125,-3.380494793818521,-3.22432914969019,-3.2579115962713887,-0.8450613373690148,-2.6806931479947917,0.5365676262054828,-0.8329758320700562,-3.686620183172487,0
b2AR-decoy_252,CCCCN(CCCC)S(=O)(=O)N[C@@H]1c2cc3c(cc2[C@@H](c2cc(OC)c(O)c(OC)c2)[C@H]2C(=O)OC[C@H]12)OCO3,-6.31776635879338,-4.741399109300676,-5.865666742719551,-2.80966832698767,-4.001641717648428,-2.3711811440462647,-1.2154900363129206,-1.8251097304625867,-3.781392949105256,-3.449003697454747,0
b2AR-decoy_852,CC(C)=CCOc1cc(O)c2c(=O)c3ccccc3oc2c1CC=C(C)C,-6.3169919724268,-3.344046800994035,-4.548453115987821,-2.35194168470991,-2.7366775387007385,-1.959786656384285,-0.9496717993390612,-3.258313648706997,-3.2569071945109265,-2.4077221242751468,0
b2AR-decoy_1893,Cc1cccc(OCC(=O)N(Cc2cccs2)c2ccc(Cl)cc2)c1C,-6.31494254085466,-3.631979690882175,-4.310677070827421,-2.9866243356469,,-1.779365631828795,-1.119584640533871,-1.117908306254467,-1.4580270241632969,-3.4656090611411066,0
b2AR-decoy_120,COc1cccc(/C=C2/C(=O)Nc3cc(Cl)ccc32)c1c1ccc(C#N)cc1,-6.31366671448918,-0.6350873668054953,-1.140197638329021,-2.79148225409078,-2.1365714819659782,-2.1998537097083144,-1.9604965152045304,-2.836336623554767,-2.6586260011332365,,0
b2AR-decoy_900,CC(C)=NNc1nc(c2ccc(c3ccccc3)cc2)cs1,-6.31205218453165,-4.862341910472205,-4.3231735711663815,-2.9816965243653097,-2.7557850869422884,-2.5759274956049447,-2.463874189063011,-2.007968353246447,-2.988907951882166,-2.8064615174362677,0
b2AR-decoy_2116,Cc1ccc(Nc2nnc(Sc3ccc(S(N)(=O)=O)cc3)s2)cc1,-6.30726286382595,-5.158702667750975,-4.576649122555431,-3.5981439632817693,-2.716103914258708,-2.7079455394337444,-1.4001688534063712,-1.6043277382441472,-4.268677750097046,-3.2646479899857765,0
b2AR-decoy_1717,CC(C)(C)C(NC(=O)c1cc(OCC(F)(F)F)c(C2CC2)cn1)c1nccs1,-6.30705256235329,-3.5185752385276654,-5.082730334470852,-3.46226062873105,-3.7946979921504287,-3.1727739822999146,-2.159850467716121,-1.8603810491598871,-2.9121256412005865,-3.000978228860397,0
b2AR-decoy_2200,COc1ccc(C2c3c(cc4c(c3N)CCCC4)Oc3[nH]nc(c4ccccc4)c32)cc1,-6.3065635681316,-3.748255043215335,-4.648800361208021,-0.9336604755624798,-3.851136777268568,-2.572256871240385,-2.909775797701281,-3.0388122742770864,-4.458364585744627,-3.9344767366179063,0
b2AR-decoy_582,CC(C)c1cc2c(cc1O)[C@@]13CCCC(C)(C)[C@@H]1[C@H](OC3=O)[C@@H]2O,-6.30310642161946,-5.808261533799556,-3.415332146413351,-4.04868966965652,-3.590961503810508,-3.5494035111073448,-1.739056723120581,-2.5538145720049465,-4.553152757425886,-3.7798724522610967,0
b2AR-decoy_1644,CC(=O)N[C@@H](C)c1ccc(OC2CCN(c3ccc(OC(C)C)cc3C)C2)cc1,-6.30142329866687,-3.4987033742285654,-4.801817880532561,-3.61422265208443,-3.5127919713179887,-2.541964667994975,-1.430346171278341,-2.6692135293792765,-3.125894710877817,-2.942147470624547,0
ASD03130055,c1ccc2c(NC3CCCCC3)nc(N3CCOCC3)nc2c1,-6.30097423445717,-4.841671977509365,-4.775510303258571,-3.216770965687489,-3.884404832597369,-2.4752159411366748,-2.2638998776014514,-1.745594028388937,-3.3697343282915364,-3.0608138070420874,1
b2AR-decoy_1722,CC(=O)Nc1cc(C(=O)N(C)Cc2ccco2)ccc1Sc1ccc(C)cc1,-6.30057818399146,-4.190955891592605,-3.796148350593141,-4.07809950553594,-3.152340779050708,-2.2598489462648645,-1.513650013737081,-1.6296547444877767,-4.258140385933936,-3.338749297591327,0
b2AR-decoy_863,COc1ccc(C2C(C#N)=C(C)N=C3CC(C)(C)CC(O)=C32)c(OC)c1,-6.29881430292295,-4.594029286832395,-3.920158871118141,-3.293556527259009,-3.6537744166569386,-2.8053670338408443,-2.365265489262221,-2.481438854242037,-3.218352301125597,-3.3745343685814477,0
b2AR-decoy_498,Cc1cc(C)c(C(=O)/C=C/c2ccc(O)c(O)c2)c(C)c1,-6.29667162299696,-4.745193859626125,-3.533300238150211,-2.8478898155041694,-4.017045261380768,-2.783352092179155,-1.9399080964531707,-2.542920491262387,-2.9804528083893063,-3.8969864811596167,0
b2AR-decoy_1124,CCCCNC1=CC(=O)C=C(C[C@]2(C)[C@@H](C)CC[C@]3(C)C(C)=CCC[C@H]32)C1=O,-6.29592479006965,-3.848426104018325,-4.141400430674041,-2.7861238181058496,-2.762885973630368,-1.9147955556004348,-2.0853971771950306,-1.0968797279239064,-2.944040921340096,-3.0132278652583278,0
b2AR-decoy_2953,CC[Si](CC)(CC)O[C@]1(C)CCC2=C(C)CC[C@H]3/C(=C\c4ccc(F)cc4)C(=O)O[C@@H]3[C@H]21,-6.29586310396215,-4.308590979032625,-5.056076455318451,-3.86833312141294,-3.604315576617268,-3.823271748222835,0.2703287521968587,-3.414682269514657,-4.079456265888246,-2.4954446984318666,0
b2AR-decoy_2044,COc1ccc(/C=C/c2nc(c3ccc4c(c3)CCC(=O)N4)cs2)cc1OC,-6.2940415032322,-5.263787119109655,-5.502443525993951,-4.05211845310939,-2.721143431401148,-4.449872962285484,-1.4890750127547108,-3.2363331832845272,-2.837488812343376,-3.731163932798427,0
b2AR-decoy_2305,CON[C@H]1CC[C@]2(C)[C@H]3C[C@@H](O)[C@]4(C)[C@@H](C5=CC(=O)OC5)CC[C@]4(O)[C@@H]3CC[C@@H]2C1,-6.29372130497572,-4.460680444218795,-4.270546315566001,-3.3311366506079594,-2.597832886261669,-2.5578482756030247,-1.9325692522070612,-2.306683880667417,-3.1581450022347664,-2.748115404751917,0
b2AR-decoy_400,CC(C)(C)c1cc(/C=C2/CCN(O)S2(=O)=O)cc(C(C)(C)C)c1O,-6.29258474388829,-4.188999569823845,,-3.88237906187378,-2.769264373828478,-2.805400293525315,-0.8484770617684614,-0.9624254996679164,-3.184000871817746,-3.612054846510867,0
b2AR-decoy_3034,O=c1cc(c2ccnc(NC(CF)CF)n2)ccn1[C@H](CO)c1ccc(Cl)c(F)c1,-6.29190017203252,-5.975073825458345,-2.2511804436026512,-4.39459365769875,-3.994223458155629,-4.171275450980005,-2.5537551435946213,-2.227633332705847,-3.891970503598376,-5.384666345036747,0
b2AR-decoy_624,COc1ccc(c2n[nH]c3c2Cc2sc(c4cccnc4)cc2-3)cc1,-6.2910823457476,-4.452027792391125,-3.461058674604801,-0.96010120684557,-1.971730217816148,-1.812274119717685,-2.0864433207880007,0.1684219946383836,-3.232619939427736,-2.551904924172107,0
b2AR-decoy_3033,Cc1c(NC(=O)/C(=C\c2ccccc2)NC(=O)c2ccccc2)c(=O)n(c2ccccc2)n1C,-6.29102416235816,-3.3338353404277647,,-0.4841938143154696,,,,,-3.9611454167008864,-3.067974040708467,0
b2AR-decoy_3021,COc1ccc(/C=N/NC(=O)c2ccc(NC(C)=O)cc2)cc1COc1ccc(F)cc1F,-6.29098114388369,-3.422696707523065,-5.081569274311112,-3.27900361964082,-3.3647367947188584,-0.9146104644833146,-1.7283792176139308,0.6376456244405033,-1.8755789215746963,-3.635605836953218,0
b2AR-decoy_895,Cc1cc(Cl)c2ccc(Cl)cc2c1CCC1C[C@@H](O)CC(=O)O1,-6.28957624320112,-4.679546857647625,-4.703899627607092,-3.44539521858046,-2.8070067916317782,-2.355958227973315,-1.517687964993491,-1.6638239013514564,-4.390757637001296,-2.6061869044656967,0
b2AR-decoy_2987,O=C(OCC#CCSc1nnc(c2cccc3ccccc32)o1)c1cc2ccccc2s1,-6.28922908030915,-3.232171292090785,-3.925344299577081,-3.09618323732961,-3.5639860236499885,-1.4753662774369447,-3.121748617595471,-2.145192660491607,-3.0295971199135865,-4.241535527128818,0
b2AR-decoy_2945,CC(Oc1ccc(c2ccc(C#N)cc2)cc1)C(=O)C12CC3CC(CC(C3)C1)C2,-6.28897010160444,-6.142468515326696,-3.895216088690951,-4.4589639067986,-2.980321662979838,-2.082377326665565,-2.3716903456890908,-1.331416412851227,-3.826163565199816,-2.829790999016557,0
b2AR-decoy_1771,COC(=O)c1cccc(NC(=O)/C=C/Oc2ccc(C(C)(C)CC(C)(C)C)cc2)c1,-6.28869585022883,-2.292566104348925,,-0.2154003455360995,,-1.4831943467537343,1.2336426077134588,,,-1.4213405105276569,0
b2AR-decoy_161,COc1ccc(CNC(=O)c2csc([C@@H](NC(=O)c3csc([C@@H](NC(=O)OC(C)(C)C)C(C)C)n3)C(C)C)n2)c(OC)c1,-6.2874873090944,-5.055868392068815,-3.4250403713676416,-3.4154840611644595,-3.334891515859688,-2.510414401152965,-2.212759259123831,-1.9201078636402364,-4.1738920970062265,-4.932484136572697,0
b2AR-decoy_2677,COc1c(/C=C/c2ccc(NS(C)(=O)=O)cc2)cc(c2cc(F)c[nH]c2=O)cc1C1(Cl)CC1,-6.28457290090964,-3.757747274680165,-4.447567468344062,-0.7035302212448498,-3.152451437024369,-2.4199190216311344,0.858518899889229,-0.3600198639162766,-2.4767594946697367,-3.340630749375227,0
b2AR-decoy_3024,C#CCCCCn1c(Sc2cc3c(cc2Br)OCO3)nc2c(N)ncnc21,-6.28424011621033,-3.756000575685476,-3.338351863546821,-1.7760770044058694,-2.579565301348558,-1.5447239675879851,-1.279654166625571,-1.7360540425763569,-3.797341257328746,-2.315476685915677,0
b2AR-decoy_2243,CC(C)[C@@H](C)C[C@H](O)[C@@H](C)[C@H]1CC[C@H]2[C@H]3[C@H](CC[C@@]21C)[C@@]1(C)CC[C@H](O)CC1=C[C@@H]3O,-6.28364717361431,-4.295058649905095,-3.907901628668341,-2.31221945831905,-3.0174492539410984,-0.8861766188221747,-1.9595313321691317,-0.4366706878491371,-3.835232980056426,-3.078231279361017,0
ASD03130040,Clc1cccc(Nc2nc(NC3CCCCC3)c3ccccc3n2)c1,-6.28312051287701,-4.408866749717776,-4.847188149180021,-3.07983946864832,-3.1977467340230987,-2.3073431976219148,-2.6382125770645306,-0.8602989549734472,-4.702263263202136,-3.437773509646697,1
b2AR-decoy_1529,COc1ccc(N(C)S(=O)(=O)c2ccc(c3cccc(OC)c3)cc2)cc1,-6.28211790360081,-5.377101745798045,-4.645510352886201,-4.035668659435539,-2.683345913084948,-1.7497189478270745,-2.232987341430321,-1.9502647984388872,-3.901009679286586,-0.730308633677637,0
b2AR-decoy_146,C=C1CCC[C@]2(C)CC[C@@H](C(C)C)[C@H](OC(=O)/C=C/c3ccc(O)cc3)[C@@H]12,-6.28208308515456,-4.899636083467085,-3.597680030106541,-4.13746350326833,-4.298473632207909,-2.871122345834065,-2.942212161778192,-3.645132186534436,-4.367226472581066,-2.600856230266817,0
b2AR-decoy_354,CC(C)=CCC1(C)C=Cc2c(c(c3ccc(C)cc3)c(Cl)[nH]c2=O)O1,-6.28126229229869,-3.836491799975425,-4.005860536838541,-2.7983400290066296,-2.5981760971714483,-2.6649516549566847,-1.5259680360809913,-1.6467651199257265,-2.9604894365474568,-3.116107190987097,0
b2AR-decoy_59,N#C/C(=C\c1cccnc1)c1c[nH]c2ccc(OCc3ccccc3)cc12,-6.28107630378569,-4.957515393458545,-3.843690734202792,-2.4188873464519194,-3.419263526439228,-1.1716489137172648,-2.935624522959261,-1.9812014545309165,-4.345263317261036,-4.345142167543317,0
b2AR-decoy_1316,CCc1cc(Oc2ccc([N+](=O)[O-])cc2C#N)ccc1Cl,-6.28015050161152,-4.964708013045815,-4.475462623404502,-2.62422734775315,-3.558288230536649,-2.727152764146605,-1.0723604857347109,-2.9200291752146565,-3.4457514280751864,-2.704680223570277,0
b2AR-decoy_829,Cc1cc(/C=C\C#N)cc(C)c1Sc1ccnc(Nc2ccc(C#N)cc2)n1,-6.27938513550293,-5.387652416624086,-3.874810459484401,-2.6475516732359994,-3.3913383170296685,-3.5505106279665446,-2.925227431381341,-2.165121853043257,-3.609768158948106,-3.7867911598202872,0
b2AR-decoy_2463,CCCCCc1ccc(n2ncc(Cl)c(Oc3ccc(OC)cc3)c2=O)cc1,-6.27912000917021,-4.455601157706945,-3.3236285000088213,-0.9331543501929498,-0.2057571028391884,-0.2843373689907045,-1.5232566014074909,,-1.7656762642285466,-1.9255170482174464,0
b2AR-decoy_561,Cc1c(CO)c(CO)c2n1[C@H](c1ccccc1)SC2(C)C,-6.27874737754216,-5.301936648361616,-4.690826858330151,-3.5801145303269,-2.9423006355505184,-1.7553376815350346,-2.0212358635640912,-1.451833300064897,-2.216666502052286,-4.2094202483695575,0
b2AR-decoy_1884,COc1ccc(/C=C/c2ccc3oc(=O)c(c4ccc(OC)c(OC)c4)cc3c2)cc1,-6.2779385789198,-3.092006769192305,-2.620293993228411,-0.2279656323649299,-3.3253858492335384,-1.5251417723329643,0.1313402142862694,-0.2478578382174365,-2.8542442248352664,-1.541523582407477,0
b2AR-decoy_1820,CCc1c(Cc2cc(C)cc(C)c2)nc(SCc2ccc([N+](=O)[O-])cc2)[nH]c1=O,-6.27650354313413,-4.716082147686995,-4.963494373876191,-3.56547813564396,-4.332416014084538,-3.399839661766035,-2.270981572291271,-2.3292254439986566,-3.218248860879946,-3.286122712124277,0
b2AR-decoy_381,C[C@@H]1C(=O)C(O)=C2C(C)(C)C(=O)CC[C@]2(C)[C@@]1(O)CCc1ccoc1,-6.27535370176767,-4.785125583778945,-4.166865689360061,-3.65436576745492,-3.156544333426968,-3.328379748705455,-1.860980896088991,-2.314128620645177,-3.707823809317106,-3.2712371737704866,0
b2AR-decoy_117,CCC(C)(CC)CN1C(=O)S/C(=C\c2ccc(O)c(C(F)(F)F)c2)C1=O,-6.27444621927831,-4.985950401708955,-3.3854705750498715,-3.4339369166906595,-4.0073423916248485,-1.867303884161715,-2.008460740369701,-1.6634211179313263,-3.5582234964193766,-3.821735709937687,0
b2AR-decoy_1322,Cc1ccc(C2=CC=C(C=O)C(c3ccc([N+](=O)[O-])cc3)C2)o1,-6.27418954557224,-5.075187933261615,-4.218216390124531,-4.36940695276773,-3.965131183970729,-2.2020184977911743,-2.6225223468681707,-2.2249015409510973,-3.5760647491392863,-4.1771057667807465,0
b2AR-decoy_792,N#CCC(=O)Nc1cc(c2ccc(Cl)c(Cl)c2)cs1,-6.2725589073373,-5.227657848603386,-5.403500206940501,-3.639891575106169,-3.615869003679959,-1.8957457841435843,-3.0847243028451112,-2.302542993430637,-3.6229758284593863,-4.384170332858487,0
b2AR-decoy_2976,O=C(SCCc1ccc(CO)cc1)SCc1ccc(Cl)cc1Cl,-6.27197053096552,-4.911676028901655,-4.583764331759651,-4.80202189531111,-2.747405242381358,-0.485373928534635,-2.0529662522144614,-1.4042162062954464,-4.256338952928917,-3.3246694830587877,0
b2AR-decoy_1394,O=C(NO)c1csc(c2cnccn2)n1,-6.2692294127873,-3.822800335810435,-3.099233713344941,-2.2266799863658,-2.3979421282756785,-1.0314629398126351,-1.5959324364370406,-0.3238249425195167,-2.7701454896851763,-3.0211304429743677,0
b2AR-decoy_1258,Cc1noc(C)c1CSc1nnc2cc(C)c3ccccc3n12,-6.26794121159788,-4.2280316892362055,-3.3244067088071816,-3.5983393955205,-2.9403520305078183,-1.4722034578599548,-1.1459073795020212,-0.2111748444936969,-2.642186712366956,-2.600246001925046,0
b2AR-decoy_2796,CCN(CC)c1ccc(S[C@@H]2CC3=CC(=O)CC[C@]3(C)[C@H]3CC[C@]4(C)C(=O)CC[C@H]4[C@@H]32)cc1,-6.26649571491329,-4.066758627033625,-2.268203088267612,-2.4766769514885194,-2.804745475929929,,-1.5112388922476008,-1.8917485712983364,-1.2695614660406265,-2.7273418490272268,0
b2AR-decoy_662,Clc1cccc(Cl)c1/C=N/Nc1c(Cl)cncc1Cl,-6.26553969953925,-4.907001787904255,-4.855937773257471,-4.37479528768053,-3.982916812062759,-2.970782174132025,-1.5331470849165107,-1.0054521254373965,,-3.383618548238037,0
b2AR-decoy_2794,COc1ccc2c(c1)C(C(=O)N(Cc1ccc(N(C)C)cc1)c1ccc(C(C)C)cc1)CCC2,-6.26541841684993,-3.653167390293765,-4.087732046479141,-2.1701075207767198,-2.888098334824968,-0.1418216558239944,-2.997913385142131,-0.7866497647833768,-3.405880521245477,-3.266389336388357,0
b2AR-decoy_1787,Cc1nc([C@](C)(CC(C)(C)C)NC(=O)c2cc(OCC(F)(F)F)c(C3CC3)cn2)no1,-6.26436656775638,-3.747257976718955,-3.987793238540081,-2.00104752103804,-3.2290006358052983,-2.244483450400555,-1.4760139466948914,-1.489548772628737,-2.349649176973286,-2.306313176717377,0
ASD03130041,Cc1ccc(CNc2nc(NC3CCCCC3)c3ccccc3n2)cc1,-6.2638721612218,-2.812825402952015,-4.077446805047821,-3.06380004359925,-3.7265808853910976,-2.5004599741062945,-0.6564631112331814,-1.1624744010075068,-3.7362230854302654,-3.3741902950212173,1
b2AR-decoy_2547,CC(c1ccccc1)S(=O)(=O)/C=C/c1ccc(C(=O)OC2CC(C)(C)N(O)C(C)(C)C2)cc1,-6.26231875244936,-3.482219614041665,-4.028017343895521,-0.9408698590808496,-1.7304937157480786,-1.997865206653585,-0.461514365978271,-1.1934498815369468,-1.621863402503596,-1.5945368634742274,0
b2AR-decoy_566,Cc1c(C)c2c(c(C)c1N)CC(C)(CSc1ccncc1)O2,-6.26226646066252,-4.347954326930355,-4.726820424036141,-2.9980269762169,-2.9152472406919285,-2.5836340132063844,-2.232194791133841,-1.9020110128140064,-4.524777794717147,-3.4504234913993765,0
b2AR-decoy_2210,C=C(Br)CC1Oc2cccc(OC)c2-c2ccc3c(c21)C(C)=CC(C)(C)N3,-6.26164087147422,-3.6316963853882953,-4.124194775198821,-1.7032719898977593,-1.050221301558638,-1.8788653136890143,,-1.4762079403810064,-3.028868603476506,-2.356878434113147,0
b2AR-decoy_1982,O=c1cc(CO)oc(C(Nc2nccs2)c2ccc(F)cc2)c1O,-6.25979818892093,-4.970455904998375,-4.859878781176302,-3.571580456670349,-3.3630551433405182,-2.835230568642974,-2.793822369244431,-2.016943945192067,-3.237163898076066,-3.5415518559872567,0
b2AR-decoy_3186,Clc1ccc(C(COCc2ccc(c3ccccc3)cc2)Cn2cncn2)c(Cl)c1,-6.25876375637932,-3.360440274484975,-4.436105166149531,-1.9470527255544097,-1.034892614275078,-2.4311283685364344,-2.7489991262144717,-0.3364122873910666,-2.2762165488839567,-2.831633943023627,0
b2AR-decoy_1402,Nc1c(C(F)(F)F)n[nH]c1O,-6.25835206221763,-4.697976900155076,-5.002658778094741,-2.917918428897829,-3.3587378976848488,-2.719544874462855,-1.667455523963751,-1.6520542693407965,-3.7036933966057566,-3.1938763681634077,0
b2AR-decoy_1243,Cc1nc(c2cccnc2)sc1c1nnc(c2cccc(Cl)c2Cl)o1,-6.25827080896205,-5.196133781195635,-4.703068361554871,-2.5166928008105,-2.6642057959806387,-0.8966772760805446,-2.6868693581653806,-3.125536321360346,-2.8027578134468163,-3.591606204924347,0
b2AR-decoy_1575,CCCc1cccc(c2cc(NC(=O)[C@@H]3CNC(=O)C3)nn2c2cccc(OCC3(C)COC3)c2)c1,-6.25805966369554,-3.7072697136821056,-5.649469591695722,-2.62735502963913,-3.3546930739786687,-2.2625482743518344,-1.3403448902906607,-1.458040196337187,-2.765989931392296,-4.306113340555367,0
b2AR-decoy_2509,N#Cc1ccc(c2cccs2)nc1SCc1c(F)cccc1Cl,-6.25779281138514,-4.970821613962715,-5.094833246815651,-3.2985163514834497,-3.7818300723645786,-2.2538919773779744,-1.998348819524531,-2.249322642011747,-4.769593930107086,-1.956099932164007,0
b2AR-decoy_2213,COc1ccc(C(=O)O[C@H]2CC[C@@]3(C)C(=CC[C@H]4[C@@H]5CC/C(=N\O)[C@@]5(C)CC[C@@H]43)C2)cc1,-6.25347778929354,-4.161843725718645,-4.306191310877101,-2.4135897295160698,-2.1738907815229283,-1.6414318314880347,-1.7219314168153508,-3.396751404195797,-2.8592940702025365,-1.950843078666037,0
b2AR-decoy_2754,CC(C)(C)c1cc(/C=C2\CCN(c3ccc(Cl)cc3)S2(=O)=O)cc(C(C)(C)C)c1O,-6.24976611784372,,-2.4407575810952613,,-2.0542626257408987,,,,-1.8210744279090667,,0
b2AR-decoy_1942,CC(C)(O)C#Cc1cnc(NC(=O)[C@H](CC2CCCC2)c2ccc(S(C)(=O)=O)c(Cl)c2)cn1,-6.24942765442913,,-3.828543211740692,-1.1342201933293694,-2.3980193998140384,-1.4282510063326646,-0.8814261906705507,-1.6100318412459371,-2.7439628535730165,,0
b2AR-decoy_1376,Cc1cc(C)c(C(CC(=O)c2cccs2)C(C#N)C#N)c(C)c1,-6.24923217181937,,-3.939305858100121,,,-2.181629962847005,-1.531707734518891,-1.7307079584346663,-2.6093207088786867,,0
b2AR-decoy_1028,CCOP(=O)(CCCCCCN=C=S)c1ccccc1,-6.24892616485186,-3.1093000682695555,-2.2660844639728115,-1.0207772754440998,-2.885003962748278,-0.8142422705966048,-1.6187782174051106,-1.6771451674106572,-3.099046665056936,-1.9713950144189067,0
b2AR-decoy_1806,COc1ccc2c(C(=O)c3cc(OC)c(OC)c(OC)c3)c(c3ccc(O)cc3)oc2c1,-6.24637570843129,,-3.9390838256694014,-1.50808509315043,-2.795565159704749,,-1.862861882441741,-3.1151965025170867,-3.4567333650749665,-1.5209081405105374,0
b2AR-decoy_2448,Cc1cnc(Sc2nc3cc(Cl)c(Cl)cc3nc2C(F)(F)F)s1,-6.24569977666376,-5.285191390760125,-3.841976076601632,-2.6836390321892,-3.866017921155809,-3.696599446559225,-2.854605035941641,-1.2258202858391467,-3.1509816834684763,-3.905624934093417,0
b2AR-decoy_1,CC(C)c1ccc(NC(=O)Oc2ccc3c(c2)[C@]2(C)CCOC2O3)cc1,-6.24457483091926,-2.795946343246345,-1.3391504693470613,-2.7176516563788,-1.7168992813177182,-0.1472946803923243,-1.7171030412228214,1.419728529198863,-0.5351110206367564,-2.1427876093222573,0
b2AR-decoy_1799,CCCc1ccc(OCC(=O)Nc2sc3c(c2C(=O)OCC)CCC(C(C)(C)C)C3)cc1,-6.24447979392372,-5.145635859150995,-2.737141501161761,-1.8007809886423098,-1.947394070933308,-0.4164519705411251,-1.9101698586484712,-1.5362061741885968,,-2.138246618649737,0
b2AR-decoy_3023,CC(O)c1ccc(N(C)S(=O)(=O)c2cccc(C(=O)Nc3ccc(C#N)cc3)c2)cc1,-6.24421316708598,-4.411097336180835,-4.515233847634971,-1.30674846566904,-3.5410584760409582,0.0916610286797454,-0.8467944840998607,-1.0370039838251772,-3.000201361608406,-2.6140561418957278,0
b2AR-decoy_1879,O=C(/C=C/c1cccs1)c1ccc(C(=O)/C=C/c2cccs2)cc1,-6.24299252972057,-4.293728169369715,-3.680378082652792,-2.4154712739958297,,-0.081252726689935,-1.7534360944071308,2.557678650837753,-1.3428552793357165,-1.076664048783067,0
b2AR-decoy_1618,CC1=NC(C)=C(C(=O)OCC(C)C)C(c2ccccn2)/C1=C(\O)OCC(C)C,-6.24162122175655,-3.640550158587785,-2.961038754662301,-2.4497149728364995,-2.862202634720118,-1.7557978696162744,-1.7553381347394206,-1.3321086818658765,-3.179439375330716,-2.4969638726776267,0
b2AR-decoy_2368,Cc1ccc(c2cc(C(F)(F)F)nn2c2ccc(S(N)(=O)=O)c(CO)c2)cc1,-6.24159817150485,-3.586449979278865,-3.672170915214672,-3.23277321007406,-1.8106757930881583,-2.0289536360854443,-1.9344739910014512,-1.9473004725447067,-2.1610620928994866,-2.7931248157577677,0
b2AR-decoy_862,CC1=C(CCc2ccoc2)[C@@]2(C)CCCC(C)(C)C2=C(O)C1=O,-6.23989475422342,,-3.1324451001058518,,-2.184304029183778,,0.1706005018230687,,,-2.345120768207177,0
b2AR-decoy_208,CC(C)(C)OC(=O)CCCCNC(=O)[C@H](CCCCN1C(=O)c2ccccc2C1=O)NC(=O)CI,-6.23921980063589,-5.759956071342685,-5.9065055076363615,-2.6864836034731,-2.1447337608801185,-3.4831130885869843,-2.318277193529501,-0.7806288679956772,-2.442345602664666,-2.7036334211255872,0
b2AR-decoy_2129,Cc1csc(c2cnc(N)c(/N=C/c3ccnc(NC(=O)C4CC4)c3)c2)c1,-6.23824525013792,-4.220519457553915,-4.574944707924951,-3.03521145013511,-3.538440537703428,-2.065447196639325,-3.104301196978211,-2.116234045101957,-2.9640939848531467,-3.8180502336332274,0
b2AR-decoy_2240,C[C@H](C[C@@H]1CCCN(C)C1=O)[C@H]1CC[C@H]2[C@@H]3CC=C4C[C@@H](O)CC[C@]4(C)[C@H]3CC[C@@]21C,-6.23390926336762,-5.175847507067875,-4.520787853072831,-3.65445322161632,-2.674042781908589,-3.463497503228574,-2.4856589037696013,-2.137135184957417,-4.841949228550567,-3.365812898178667,0
b2AR-decoy_1463,O=S(=O)([O-])c1cc(O)ccc1O,-6.23261512681336,-4.062293624423135,-4.408049023445031,-2.89944200665604,-3.453426438663149,-3.0605419999403347,-1.798166577688991,-1.4680570838487466,-3.773589828334696,-3.5497676038969077,0
b2AR-decoy_1462,Oc1cccc(O)c1Cl,-6.23210894069022,-4.2175118988189855,-4.155587473050892,-2.6269034313099398,-3.353855213220398,-2.4882861093534645,-1.5338829105107008,-1.1261750126666268,-3.2404707445718364,-2.614376983926497,0
b2AR-decoy_1643,COc1cc(C2CC(c3cccs3)=NN2C(=O)CCl)ccc1OC(F)F,-6.23175661412501,-4.950670274113455,-3.134943999594292,-3.04920397603171,-4.301168818193449,-2.996671242859705,-2.205601464899601,-3.058218274769767,-3.8555877184437968,-3.900281132799367,0
b2AR-decoy_231,CN(C)c1cccc2c(S(=O)(=O)NCc3cn(CCCCn4c5ccccc5c5ccc6c(C=O)c[nH]c6c54)nn3)cccc12,-6.22961178101469,-4.764674172055875,-4.867266111977921,-2.1292513686967194,0.8547828705252214,-1.3069922672223946,-0.5791597333797514,-1.3180490283754072,0.1147183938359837,-1.157392376229787,0
b2AR-decoy_2726,CCO/C(O)=C1\C(CSc2ccccc2)=NC(C)=C(C#N)C1c1ccccc1C(F)(F)F,-6.22694982409887,-2.7367810999861053,-1.7995504089677512,-1.47339997052386,-3.8819776506261783,-1.0777829424327647,0.3720061364480589,-2.309475092970577,-3.680532356140536,-3.5317608370785574,0
b2AR-decoy_2163,Cc1ccc(C)c(NC(=O)CCc2nc(c3ccc(C(C)(C)C)cc3)no2)c1,-6.22679628131627,-6.963896035784655,-3.359890310162341,-2.231144117126949,-3.2267003048293885,-2.4686936581044048,-2.391254845260701,-2.430602106678987,-2.7475144415839168,-4.537126028042717,0
b2AR-decoy_2751,COC(=O)c1sc2ccccc2c1NC(=O)CCSc1ccc(Br)cc1,-6.22521400980919,-4.393191611428385,,-2.11080910737846,2.558665736984869,-2.4325989668604846,-0.7679830015415412,-0.6110521654758667,-3.8404708879147567,-2.5388541105246367,0
b2AR-decoy_1158,COc1ccc(c2cc(O)c3c(c2)oc(N)c3c2cccs2)cc1OC,-6.2249868309627,-4.030357916734976,-4.377146490484932,-1.3152798286631198,-2.981153642130389,-1.6474100943266148,-1.727508503761051,-0.7916658873070173,-0.8982694821177866,-1.5233634543226873,0
b2AR-decoy_901,COc1cc(OC)cc(c2cccc(c3ccc(O)cc3)c2)c1,-6.22288110555157,-4.590233083417945,-5.065672782148451,-1.87519978571494,-2.8444383845941585,-3.2591394209203246,-3.1441398299097107,-2.953393239949067,-4.044058503092336,-3.707851508581357,0
b2AR-decoy_537,C=CCc1c(O)cc(O)c2c1OC(c1ccc(Cl)cc1)CC2=O,-6.22263139019077,-4.916591964430605,-4.187296336368581,-3.45374202537457,-2.586134522696378,,-2.2643775229245517,-1.8186120330047064,-3.7587463007641366,-2.915121929334267,0
b2AR-decoy_2730,N#Cc1c(c2ccccc2)cc(C(F)(F)F)c2c3n(nc12)C(c1ccccc1)CCN3,-6.22191473998429,-2.411161993950925,-4.822787072455181,-1.97920615766102,-3.4152473341500285,-3.023164113963305,-2.7757448689277906,-1.5643945548557872,-3.3852079195982165,-3.3580565966507767,0
b2AR-decoy_1686,CCOC=C1SC(=S)N(c2ccccc2OC)C1=O,-6.22093897244582,-4.056493850949555,-4.2290461896459215,-2.1775958368946,-3.1942533472836088,-1.7115460164900949,-1.9238718951035916,-0.8792088298375367,-2.0014073338469363,-2.379247064348857,0
b2AR-decoy_3134,Cc1ccc(NC(=O)c2c(C)cc(C)nc2SCC(=O)Nc2ccc(Br)cc2)cc1,-6.21833908812449,-4.771519195873015,-0.0053943006471912,-3.75479356790464,-2.4070286197111184,-1.9753446938788144,-1.6379778776102514,-1.7971124055260672,-2.898682898067426,-2.3673158514897774,0
b2AR-decoy_462,Cc1cc(C(=O)NN=Cc2c(C)[nH]c3ccccc23)c(C)o1,-6.21779379115746,-3.8001211917250455,-4.206815121239871,-3.16537998458792,-3.2685703036560385,-2.684131044234415,-1.924492397711541,-2.2798814490749866,-4.400270844506626,-2.9352843654181773,0
b2AR-decoy_1738,CS(=O)(=O)NC(=O)c1cc(Cl)c(OC2CCC3(CCCC3)CC2)cc1F,-6.21778255233473,-4.468587533258075,-3.6520947601134512,-3.34999578896828,-3.212928473626218,-1.9506913842495548,-2.177840748162331,-1.4225729242163163,-3.0465407117318666,-4.178016255108828,0
b2AR-decoy_1237,C[S+]([O-])c1ccc(c2coc3ccc(c4nnc(S)o4)cc32)cc1,-6.21763908312768,-5.454033677484445,-4.518418495794902,-3.4992110828386096,-3.4281143598725983,-3.2193283065649645,-2.550458122526501,-1.928270188564687,-4.059870005731026,-3.4813968403809272,0
b2AR-decoy_376,NC(=O)c1cc2c(Sc3ccc(Br)cc3)cncc2s1,-6.21727916751813,-5.458371583778595,-4.277982766994781,-3.3809247336203194,-4.278897516985778,-2.915135720747175,-1.6098569166118413,-3.2942528919622767,-4.460175661980356,-3.7976004093210967,0
b2AR-decoy_2422,CCC=C(c1cc(Cl)ccc1OCc1ccc(Cl)cc1Cl)n1ccnc1,-6.2171152934609,-2.313673656344955,-5.264627121510711,-2.9865317234307893,-3.007480339223008,-2.3928198481824747,-2.5856807095567707,-2.581536635839517,-2.923448950427776,-3.849911479337497,0
b2AR-decoy_269,CC(C)(C)c1cc(NC(=O)NCc2ccccc2Sc2ccc3nnc(c4ccccc4[S+]([O-])CCO)n3c2)n(c2ccc(O)c(Cl)c2)n1,-6.21706039411876,-5.312714508556185,-6.070572178081692,-4.52690134066275,-3.946322839659258,-2.311194694942195,-3.273853527512731,-3.7354308084655177,-4.694236364876646,-5.464169864668376,0
b2AR-decoy_2944,CN(C)C(=O)OC1=C(c2ccccc2)Sc2c(Cl)cccc2-n2cccc21,-6.21703501202546,,-4.286326554418452,,-2.0935774726688487,-0.8169514010991348,-1.3139243835689207,-1.1401179304219164,-2.950933881280286,,0
b2AR-decoy_2041,Cc1cc(OCc2cc(C(=O)NCc3cc(C(C)C)no3)no2)cc(C)c1Cl,-6.21625300261394,-2.588230801159355,-1.1135884235096811,-1.3040132387560197,-1.2945811934822382,-1.0022147641220949,-0.4922348597282813,0.4963447995462635,-1.0246046178977362,-1.3580200192444771,0
b2AR-decoy_1544,Cc1ccc(/C=C/C(=O)Oc2cc(CCc3ccccc3)oc(=O)c2)cc1,-6.21559904120896,-5.012519372296265,-3.9097209003079616,-2.70618894350034,-2.744096881092559,-0.7630066662560147,-1.4616317372787409,-0.6675923467749767,-2.9994157783184567,-3.3888103619405867,0
b2AR-decoy_2729,COc1c(CC=C(C)C)cc(C2CC(=O)c3ccc(O)cc3O2)cc1CC=C(C)C,-6.20856165770627,-3.320504256323135,-3.104236931747711,-2.3743496949209897,-2.7705645660616787,-1.827251011173785,-1.5369856578321412,0.0419754315014335,-2.5016199403141863,-2.552753780198977,0
b2AR-decoy_317,C/C(=N\NC(N)=S)c1sc(c2ccccc2)c(c2ccccc2)c1C,-6.2076753631949,-4.1759293525379855,-5.854996833622101,-2.45188711074604,-2.982390441035249,-2.718560604417185,-1.494601379529251,-1.6122539006262766,-3.1662408010832666,-3.6287293726513767,0
b2AR-decoy_3165,Clc1ccc(COc2ccc(/C=C/CCn3cnc4ccccc43)cc2)cc1,-6.20522389116505,-5.086965775678835,-2.8153405549277712,-1.7277788977714297,-2.3549373006851484,-0.5659702260535351,0.488860738433289,-0.2567100554337269,-4.982666875202536,-3.151022186265257,0
b2AR-decoy_3110,C[C@H](NC(=O)CNc1cc(C(F)(F)F)c2c(c3ccccc3)nn(C)c2n1)c1ccccc1,-6.20256284852791,-3.036410181993415,-2.1455270514633518,-2.4116179544362994,-4.083625154550549,-1.7961166425370445,-2.6358588897917707,-2.820899150080277,-3.9236000971472262,-4.4304143703817775,0
b2AR-decoy_2633,FC(F)(F)Cn1cc(c2ccncc2)c(c2ccc(OCc3ccc4ccccc4n3)cc2)n1,-6.2020649145978,-3.511445419394115,-2.0691878453435715,-2.53529693529206,0.3656867894897515,-0.0359752120096446,-0.4370633784219411,-1.9794161812290767,-2.5339685416146267,-4.025642376954297,0
b2AR-decoy_1863,CC(C)CC(C)(CC(C)C)OC(=O)CC(C)NC(=O)C1=NOC(C(O)(C(F)(F)F)C(F)(F)F)C1,-6.20177766805093,-3.204315711900695,-3.885519642557621,-2.6374562322818798,-2.0134902292759387,-1.4307565562269344,-1.217296258581101,-0.5917754261600168,-3.723307852949586,-2.231625698383667,0
b2AR-decoy_864,COc1cccc(COc2ccc3c(c2)C(C)=CC(C)(C)N3)c1,-6.20109437475345,-4.848435453938655,-5.198629511308291,-2.5794078610600497,-2.6876796216358985,-2.470868154524995,-2.6456032161007315,-2.3693929022237272,-3.0607763482195267,-4.286009510073868,0
ASD03130111,COCCN1CCC(Nc2nc(Nc3cc(Cl)cc(Cl)c3)nc3ccccc23)CC1,-6.2004678269104,-3.703060573078175,-3.172298052342612,-1.0866569472186498,-1.362674074760628,-1.1321772140566546,0.379529643758409,-0.8454460852235766,-3.1055771198023265,-3.1094195530254267,1
b2AR-decoy_1567,CO[C@H]1/C=C/CC/C=C/C(=O)O[C@@H](/C(C)=C/[C@H](C)C(=O)CCCC2CC(=O)NC(=O)C2)[C@@H](C)[C@@H]1O,-6.19960816830241,-4.444460089459225,-4.138334291503441,-3.0568352273976096,-3.2786396598315486,-1.720329867831965,-2.1208199478436214,-1.9834621260129768,-3.0598752634966964,-4.531695913918927,0
b2AR-decoy_253,COc1ccc(S(=O)(=O)N(C)C[C@@H]2Oc3c(NS(=O)(=O)c4ccc(Cl)cc4)cccc3C(=O)N([C@@H](C)CO)C[C@H]2C)cc1,-6.19920482132613,-4.015764919116715,-5.198101093123821,-2.5028477168405594,-0.2338072742101284,-3.2784064929615946,2.516732326446089,-2.733993957974137,-3.5696291733868266,-3.026741882831367,0
b2AR-decoy_3112,C[C@H](CCCC(C)(C)O)[C@H]1CC[C@H]2/C(=C\C=C3C[C@@H](O)C(O)(CF)[C@H](O)C3)CCC[C@@]21C,-6.19845820330603,-4.222985129723496,-2.544218988346961,-3.0255454836046294,-2.781447636598358,-3.3305482048730344,-2.1944314547185213,-3.6818922810949264,-3.5442832631460064,-3.304001562279297,0
b2AR-decoy_1022,C=C(Br)COC1C=CC(c2ccccc2)OC1COC,-6.19828140968377,-5.118160772576395,-4.393336746220752,-3.8625840479965,-2.9876722774090183,-2.9826449299701947,-2.0100732691098706,-2.760716670645687,-3.797133766723397,-3.888307901321667,0
b2AR-decoy_363,CCc1cnccc1SC/C(=N\O)c1cc(Cl)sc1Cl,-6.19386015280898,-4.519374115963375,-4.911397681099091,-3.38658673915216,-3.785214586339438,-3.2647005180044246,-2.362130407168671,-2.4071361920395766,-4.042545198535397,-3.738571711106917,0
b2AR-decoy_1528,CCCCSC(=O)[C@@]1(C)CC[C@H]2[C@@H](CC=C3C[C@@H](OC(C)=O)CC[C@@]32C)[C@@H]1CC#N,-6.19308369738691,-3.9783378543662256,-3.105431157525971,-2.7726734907012998,-2.1202152186508387,-1.122929956377675,-0.9329966067528712,-1.3426469578424367,-3.742289932884926,-3.4613276982161474,0
b2AR-decoy_974,COc1cc(/C=C/C(=O)OC2CC3CCC2(C)C3(C)C)cc(Cl)c1O,-6.1881532983481,-3.795840055314975,-4.767495384628641,-3.52778272409899,-2.8542315167567187,-1.6593821362597447,-2.0641741831608806,-1.2363238319476366,-3.922334732744417,-4.021449500852247,0
b2AR-decoy_1270,O=[N+]([O-])CCCCCCN1c2ccc(F)cc2Sc2cccnc21,-6.18776692421348,-3.323322889421785,-4.309409797352691,-1.99556420248738,-1.4339735606688286,-1.383446244699095,-2.018461352746341,-1.644595318222997,-3.136965788955407,-3.4654373497192874,0
b2AR-decoy_2287,CC(C)CCCC(C)[C@H]1CCC2C3C/C(=N\O)C4=C[C@H](O)[C@H](O)C[C@]4(C)C3CC[C@@]21C,-6.18758166093835,-4.622816852431175,-3.9788587156286113,-3.71138301321145,-2.552436042251748,-2.761890152920765,-0.7044757193243711,-2.422454516888007,-2.769797970429436,-2.9580704833941067,0
b2AR-decoy_1682,O=S1(=O)C=C(Sc2nc3ccccc3o2)c2ccccc21,-6.18728260181064,-4.381563016125485,-4.561522192231921,-2.49538880180602,-4.018803912212288,-2.576584701820095,-2.412566553363791,-2.8583218821811567,-3.934995937137666,-3.552755551380597,0
b2AR-decoy_1230,Oc1ncccc1C(/C=C/C1CC1)(OCc1ccccc1)C(F)(F)F,-6.18603622188817,-3.141006008113816,-4.554325916886371,-1.4222375611077591,,-3.427197140461625,-2.920169330253721,-1.7439934744833063,-3.866624429763396,-3.144837176954367,0
b2AR-decoy_259,C=C(C)[C@]12C[C@@H](C)[C@@]34O[C@](Cc5ccccc5)(O[C@@H]1[C@@H]3C=C(COC(=O)C(OC(C)=O)c1ccc(O)c(OC)c1)C[C@]1(O)C(=O)C(C)=C[C@H]14)O2,-6.18240342490453,-4.188315960925265,-4.117658800557241,-3.42194803426582,-2.686919258207189,-3.761690170277735,-2.678106448453472,0.542180503073233,-3.5127407516431166,-2.2481710781788373,0
b2AR-decoy_739,CC(CCCc1ccc(F)cc1)c1cc(O)c2c(c1)OC(C)(C)C1=C2C2CCN1CC2,-6.18239753120625,-4.780656704386916,-4.816370325119571,-3.834299293687209,-0.7882204871518184,,,,,-4.017243426207777,0
ASD03130058,FC1(F)CCC(Nc2nc(Nc3cccc(OCCCN4CCOCC4)c3)nc3ccccc23)CC1,-6.18119032197809,-5.919671055774635,-4.141339906850972,-3.0938277977378297,-2.2142284477606786,-2.201148168934515,-0.9892967921830512,-1.3553579808697265,-3.6431266427538063,-3.898175578380807,1
b2AR-decoy_2941,C=C(c1cc(Cl)cc(Cl)c1OCc1ccc(Cl)cc1)n1ccnc1,-6.1809460971272,-2.9419372211760955,-3.898484100481631,-2.183770468579889,-2.691220477462479,-1.1399911538827745,-2.224617169259891,-2.2475441335807265,-3.1757137389564862,-3.138213858845027,0
b2AR-decoy_272,CC(=O)N1C[C@H]2[NH2+][C@H](CC(c3ccc(CCCOc4c(F)ccc(F)c4Cl)cc3)=C2C(=O)N(Cc2cccc(Cl)c2Cl)C2CC2)C1,-6.18070141489584,,-3.298068942101991,-2.60960823777713,,-0.9827278971179244,1.4374469091406792,1.738563732947473,,,0
b2AR-decoy_368,CCOC(=O)C1=C(N)OC2=C(C(=O)CCC2)C1c1sccc1C,-6.18016194006859,-3.817220716179016,-3.825611988962181,-2.6483320569454696,-3.1327062141665287,-2.377209918230335,-1.7900478324068407,-1.9424333223065764,-3.304707203805906,-2.900214617610797,0
b2AR-decoy_775,FC(F)(F)Oc1ccccc1c1cccc(c2c[nH]cn2)c1,-6.18005730087924,-4.696256905508135,-5.0051561134975815,-3.31984339290847,-4.053723533534629,-3.3468970610443343,-2.312596651355811,-2.4770621385028067,-4.203885465943436,-3.189422287979087,0
b2AR-decoy_3097,COC(=O)Cc1c(SSSc2[nH]c3ccccc3c2CC(=O)OC)[nH]c2ccccc12,-6.17927221214758,-5.187134909347085,-3.954036344336431,-1.6845293376591597,-1.4719137667598885,,1.2579318040425589,-1.0582728883222865,-1.3138511955133363,-3.3277481754034066,0
b2AR-decoy_2715,Cc1ccc(Cc2cc(c3ccc(Br)cc3)n(c3ccc(S(N)(=O)=O)cc3)n2)cc1,-6.17874039481808,-3.831627069285116,-2.849945665241611,-2.7975116495195094,-3.116435893859788,-3.7126766632387143,-2.967546055775691,-1.3658808939879368,-4.0539850365969565,1.860094117254313,0
b2AR-decoy_1041,COc1cc(C(=O)c2ccc(c3ccsc3)s2)cc(OC)c1OC,-6.1737801451637,-4.122025572729405,-2.3551346959267114,-2.1015677660479195,-1.0155232837972583,-0.1360955333454949,-1.028139620753441,-1.345794378124567,-2.7808368210553063,-2.709145864724937,0
b2AR-decoy_2501,CCN(/C(=C\C(=O)/C=C/C1=C(C)CCCC1(C)C)SC)c1ccccc1,-6.17053723865571,,-5.4178312054244016,-2.1254402457393,-3.098137498426799,-0.6303422961669147,,,-2.886907930366826,-2.920307684056627,0
b2AR-decoy_409,O=C(NC1N=C(c2ccccc2F)c2ccccc2NC1=O)c1ccsc1,-6.17042081232975,-4.465860668117386,-4.965683656297741,-3.79541852750396,-4.270444968223618,-3.5349945985318945,-2.9806353648208117,-3.3180866738572066,-3.5239423506814767,-4.182448457692287,0
b2AR-decoy_570,O=c1c(c2cc(Cl)c(O)c(Cl)c2)coc2cc(O)ccc12,-6.16905455664032,-4.996635413075545,-4.1420793067785615,-3.85866256623902,-4.303746014378558,-3.069327030231925,-2.8094924811261306,-2.165463735267987,-4.283345576970846,-4.537665148682697,0
b2AR-decoy_1250,COc1ccc(/C=C2\COC/C(=C\c3nc(C)c(C)nc3C)C2=O)c(Cl)c1,-6.16552174398051,-3.169715331654235,-3.3135506041812715,-2.7440297939207,-2.9245615322122385,-0.9696065734226949,-0.5995547997709414,0.2867073193255836,-3.4674245201643865,-2.773100744236946,0
b2AR-decoy_1233,O=c1cc(N2CCOCC2)oc2ccc(c3ccc(OC(F)(F)F)cc3)cc12,-6.16539199288215,-4.027649316898915,-3.4166587967855118,-1.6056961317360194,-1.7105405610931683,-1.5550630283346043,-0.6995061876716608,-0.7657737012054664,-2.9447907138218667,-2.4495636733354567,0
b2AR-decoy_2664,FC(F)Oc1ccc(c2nnc3cncc(Oc4ccc(Cl)c(C(F)(F)F)c4)n32)cc1,-6.16449033027103,-2.317183667047785,-3.5521153607409914,-1.54512423974899,-1.4135589416762988,1.043449584520355,-0.0215664495488212,-2.018463850809507,-1.6622085133994269,-2.293676156584407,0
b2AR-decoy_2936,COc1ccc(/C=C/C2=CC3(C)CC2(C)C(c2ccc(OC)cc2)CC3=O)cc1,-6.1631438938489,-4.096262228550865,-3.3980048013492308,-3.6199521367596095,-2.6873306255927885,-3.079774203339685,-2.976301130715261,-3.4121179290012265,-3.4932088988425667,-2.424704600934057,0
b2AR-decoy_2969,C[C@@H](O[C@H]1O[C@@H]2O[C@@]3(C)CC[C@H]4[C@H](C)CCC([C@H]1C)[C@]42OO3)c1ccc(C(F)(F)F)cc1,-6.16285701598098,-4.982891358228575,-4.569807493988211,-4.16497653346019,-2.9961117793376983,-2.7689226444934345,-1.6330359782222414,-2.263566862915317,-3.6122536261270968,-3.839823725349657,0
b2AR-decoy_1025,COc1ccc2cc(/C=C/C(=O)/C=C/c3ccc(N(C)C)cc3)ccc2c1,-6.16196007870675,-2.6980597312839354,-2.838228054669041,-3.90932370106641,-3.3070463880578087,0.3474046468080454,-1.4295020877158713,-3.0177033885785667,-1.924409550084836,-3.831886880648297,0
b2AR-decoy_1470,NC(=O)c1cncc(Cl)n1,-6.16177025806514,-3.540560031929165,-3.413112967775791,-3.64250919000434,-2.0987406957620083,-2.4991053172910744,-2.159604111023281,-0.9330683534955472,-3.131646706506216,-3.073956023329757,0
b2AR-decoy_1755,CC(C)n1cc(NC(=O)c2cnn3cccnc23)c(c2cccc(Cl)c2)n1,-6.16124617691234,-3.560452972713205,-4.886795286979101,-4.10129845773828,-4.051078122114888,-3.9392418225865447,-1.7312860952031714,-2.965781253260717,-3.868231135303597,-5.110581860791097,0
b2AR-decoy_1063,CC(=O)C[C@@H](CC(=O)Oc1ccc(C#N)cc1)c1ccccc1,-6.15784148166849,-4.638441012118185,-4.526728568917552,-2.63406706316636,-3.0697933132095088,-2.4290945154419044,-1.271685068432931,-1.8953064327004867,-3.683212830624516,-2.556258880580207,0
b2AR-decoy_190,COc1ccc(S(=O)(=O)N(CC(C)C)C[C@@H](O)[C@H](Cc2ccccc2)NC(=O)c2cc(N)cc(C(=O)N(C)Cc3nc(C)oc3C)c2)cc1,-6.1576839187516,-3.1349618547059155,-5.620759748291532,-2.2243962503859,-3.675119662350329,-1.573116455291255,-1.7624700718310011,-3.4738956776650163,-0.5596202911018064,,0
b2AR-decoy_2544,COc1nc2ccccc2cc1c1cccnc1Oc1ccc(C(=O)c2nc3ccccc3[nH]2)cc1,-6.15745128997527,-5.628236354400825,-4.868450548000761,-2.11472422574235,-4.365460561712449,-1.508383798908815,0.2321998740026387,-2.054078863985037,-2.257435621128127,-3.969734894063827,0
b2AR-decoy_1018,O=C1CCCCC1(CCc1ccncc1)CCc1ccncc1,-6.15708342867537,-4.2944132897614455,-3.7623788006882712,-3.6455390830632,-3.1584946729077785,-1.810169230624135,-0.8122234396205412,-1.8350431802357767,-4.185147818404507,-3.4177750600965173,0
b2AR-decoy_63,CCCCc1ccc(C(=O)NN(C(=O)c2ccccc2Cl)C(C)(C)C)cc1,-6.15601895902158,-1.7550809882993952,-4.150080031347981,-4.002758258178099,,-2.6945711215859545,,-2.0284066122825264,-3.5125195810780365,-2.306396670728447,0
b2AR-decoy_2285,CCCCOC(=O)C1(c2cc(O)c3c(c2)OC(C)(C)[C@@H]2CC=C(C)C[C@@H]32)CCC1,-6.15574585241641,-3.4317578599241347,-2.379896737180641,-2.1463812509543896,-1.2425348125186888,-2.5305628160713844,-1.4109301782048806,-0.1491599294339964,-0.8833804964888863,-2.765455794902007,0
b2AR-decoy_304,Cc1cn([C@H]2C[C@H](C3(c4ccc(NC(=O)CCCCCCC(=O)NO)cc4)SCCCS3)[C@@H](CO[Si](C)(C)C(C)(C)C)O2)c(=O)[nH]c1=O,-6.15306279033975,-2.3616438771996355,-0.881098720991051,-1.4099026478610694,-0.4254911361382985,2.2741026644350253,1.057650060686269,-1.8108783472221168,1.5303025239397137,-1.6989203579697167,0
b2AR-decoy_2556,COc1ccc(c2nn(c3ccccc3)cc2/C=C/C(=O)c2ccc(O)c3c2OC(C)(C)C3)cc1,-6.1527579814658,-3.960879697768045,-3.8177169490760416,-1.5082528416855494,-3.7595850436454175,-0.8984144671158845,-1.9984385529289612,-0.5305985822137069,-2.174273396502226,-2.021713528887107,0
b2AR-decoy_1640,C#CCOCc1c(C)nc2c(OCc3c(Cl)cccc3Cl)cccn12,-6.1509895786797,-4.406167566519256,-4.335604790118231,-1.83097271822622,-2.538283433997118,-3.1716008433200047,-2.037048211284861,-1.5461581112379663,-2.592671292731386,-3.8311774920086967,0
b2AR-decoy_1179,COc1cc(NC(=O)/C=C/c2c(C)cc(F)cc2C)ccc1c1cnco1,-6.15092774982701,-4.741063585421645,-3.0673443511386216,-2.8405090108343094,-3.076470391257818,-1.2840161571010045,-2.676655080460521,-1.580916139472997,-2.8974492436541164,-1.9547329673458875,0
b2AR-decoy_1869,COCCNC(=O)c1cc(C(C)Nc2cc(F)cc(F)c2)c2oc(N3CCOCC3)cc(=O)c2c1,-6.14871680396587,-3.9629929897270353,-3.4212218198325117,-1.95865922021782,-3.146674476722568,-2.5183195178122144,-2.1494315669534307,-2.050037509080867,-3.3832942600035665,-1.8990749336829071,0
b2AR-decoy_2744,COc1ccc(/C=C/Sc2nc(C(C)c3c(Cl)cccc3Cl)c(C)c(=O)[nH]2)cc1,-6.14871069234559,-4.296419289526445,-3.220113643370631,-1.79002091360036,-3.1501143317655886,-1.9889762839299443,-0.7748601746828108,-1.1732686473891771,-3.531617636004566,-1.4766225700917066,0
b2AR-decoy_1989,C=C1CC[C@@H](OC)[C@@](O)(CO)C[C@H]2O[C@@]23[C@H](C(C)(C)O)CC[C@@]3(C)CC1,-6.14841106442292,-3.910502210626955,-3.617334664972911,-2.79569075387362,-2.915650047153089,-2.501361677074475,-1.4305482072353506,-1.8011159051173964,-2.8077892890066067,-2.5439473241563277,0
b2AR-decoy_734,CC(C)=CCc1cccc([C@@H]2CC(=O)c3c(O)cc(O)c(CC=C(C)C)c3O2)c1O,-6.14767768361868,-5.105332174877365,-5.323514557109061,-3.8109302265114,-3.897260642072769,-3.963423835120385,-1.367718212650061,-3.370606744144747,-4.419697190907996,-4.190121937626326,0
ASD03130060,Clc1ccc(Nc2nc(NC3CCCCC3)c3ccccc3n2)cc1Cl,-6.1473716375357,-4.352421528710335,-4.358415850521531,-2.93872107926593,-3.123681180215768,-2.7514235397527846,-0.8473928481091111,-2.809240321124067,-3.5782618426968966,-3.2974508177496173,1
b2AR-decoy_2212,C=C(C)C(/C=C\[C@@H](C)[C@H]1CC[C@H]2[C@@H]3C[C@H](O)[C@H]4C[C@H](O)[C@@H](O)C[C@]4(C)[C@H]3CC[C@@]21C)C(C)C,-6.14602005315647,-4.039477428305955,-2.312245508888401,-4.08991523491265,-2.1823182595290085,,,0.1365325916783835,-3.0648343925584163,-3.413005095676597,0
b2AR-decoy_1559,C/C(=C(/CCOC(=O)c1ccccc1)SC(=O)c1ccccc1)N(C=O)Cc1cnc(C)nc1N,-6.14539241277603,,-3.524659681903101,-1.1417012968498002,,,,,,,0
b2AR-decoy_3180,COc1cc(c2nnc(SCc3ccc(C)cc3)o2)ccc1OCc1ccc(C)cc1,-6.14467365836813,-4.856938652677036,-3.0126470562401213,-3.4435323756326897,-2.950908315598918,-1.1933823354146949,-2.514812840225101,-0.8639793774177171,-3.611613752769936,-2.069837488311697,0
b2AR-decoy_1085,O=C1Oc2ccc(c3ccccc3)cc2C(=O)/C1=N/Nc1c(Cl)cccc1Cl,-6.14438943340502,-4.077407649720815,-3.393707579968811,-3.06656350944838,-1.3870361741323682,-1.479943184919935,-3.424466827360801,-3.720947913876836,-3.2645295656399567,-5.148443424953987,0
b2AR-decoy_951,O=S(=O)(Nc1ccc(Cl)cc1Cl)c1cc(Cl)ccc1Cl,-6.14349769576334,-3.456612870852825,-2.531864637177472,-2.8681224587957894,-1.7536433508004885,-0.920662500696805,0.4765890339127088,-1.4693355800819663,-2.7617344163106363,-3.148105307942067,0
b2AR-decoy_805,COC(=O)C1=C(C)NC2=C(C(=O)CC(C)(C)C2)C1c1ccc(c2ccc(C)cc2)cc1,-6.14109895907282,-4.5137348212168655,-4.419283280860401,-2.24482189067235,-3.6843230725388185,-3.422907595679435,-1.5678252271912614,-1.6639295428184164,-3.1605872323289965,-2.983124835629487,0
b2AR-decoy_709,COC(=O)CC[C@@H](C)[C@H]1CC[C@H]2[C@@H]3CC[C@@H]4C[C@H](O)CC[C@]4(C)[C@H]3CC[C@@]21C,-6.1410449646886,-3.944279046055235,-2.922422381104341,-2.455166482881109,-2.876310776356738,-2.8208866621297046,-0.3052974858907014,-1.0434926744306263,-2.790467934269806,-1.973738562692377,0
b2AR-decoy_450,Oc1ccc(C(=Nc2ccccc2)c2ccc(O)cc2)cc1,-6.14079802534207,-5.378869814043785,-4.952333385506392,-4.00790162387806,-3.641197215022558,-3.1195190844061047,-3.1807822103442414,-3.0612396589993764,-3.7800855523797567,-4.305179362423267,0
b2AR-decoy_2183,CCc1ccc(C(=O)NN(C(=O)c2cc(C)cc(C)c2Cl)C(C)(C)C)cc1,-6.14050343456451,-2.637310498089975,-3.609912642882082,,,-2.413600822940225,-2.208196212722841,-1.0936545708647971,-4.345883001748886,,0
b2AR-decoy_2099,CCC(=O)N1N=C(c2ccc(N)cc2)c2cc3c(cc2CC1C)OCO3,-6.14036097921478,-4.386257886428226,-4.6687267789053415,-3.06179813254849,-3.205583539426269,-1.6366794324582647,-1.4668534324418214,-2.0811033914749766,-2.8787085259748064,-2.881503818462677,0
b2AR-decoy_2375,O=C(N/N=C/c1cc(Br)c(O)c(Br)c1O)c1ccncc1,-6.13990323423778,-4.407145542992105,-3.792077757913371,-3.39671902331843,-2.960147887133508,-1.4167385300009645,-1.7534960683301613,-0.9689465122964568,-3.332881644336756,-3.389576018169897,0
b2AR-decoy_787,C/C(=C\c1ccc(Br)cc1)C(=O)c1c(C)cc(C)nc1O,-6.13613700617199,-4.086815573127615,-3.799638778946991,-3.1153037115992595,,-1.6507712469827247,-2.218505663177581,-1.786040869694017,-2.9322377093734664,-3.534510965936186,0
b2AR-decoy_1416,OC(O)(C(F)(F)F)C(F)(F)F,-6.13587163131893,-4.442320646692835,-4.043702079420531,-3.32980634446394,-2.8396222050379585,-2.044417322088985,-1.7513470587032511,-1.368348391694247,-3.0339174063847363,-3.3822277542807773,0
b2AR-decoy_2079,Cc1ccc(c2cc(C(=O)NC3CC3)cc(N3C(=O)OC[C@H]3C(C)C)c2)c(F)c1,-6.13362859341356,-4.307675237349585,-3.503768390299541,-2.65342872491918,-2.767661489849808,-2.6594242196671143,-2.7400889082236715,-2.229793530968677,-2.190403858793567,-3.556580604388817,0
b2AR-decoy_996,COc1cc(/C=C/c2ccc(OC(=O)c3ccccc3O)cc2)cc(OC)c1,-6.13133489192204,-3.0686352086818856,-2.9738913618549008,-1.6274030084429991,-1.8971136891768987,0.5092305900106853,-0.2448493111147707,0.1605523440140235,0.4063670378621138,0.8753197791322931,0
b2AR-decoy_1302,COc1cccnc1C(=O)/C=C/c1ccccc1C(F)(F)F,-6.13097103398245,-4.009981280862335,-5.532099840793431,-3.14939485357195,-2.7271202251767086,-2.5519841315623646,-1.2512647680637814,-2.6975504696357966,-3.5191225539669064,-3.517846109881067,0
b2AR-decoy_1715,CN(C)C(=O)CSc1ncnc2scc(c3ccccc3)c12,-6.13059488640877,-3.303020176104305,-4.508022676698431,-3.91683458307753,-2.8444058797683383,-1.0224302103052851,-2.629878950527501,-1.801963164604107,-3.713780304883256,-4.264159663769437,0
ASD03130071,Fc1ccc(Nc2nc(NC3CCNCC3)c3cc(Cl)ccc3n2)cc1F,-6.13034821441734,-3.480206085444725,-3.907711247261741,-2.47746776787329,-3.0774176927614185,-2.5871451921120148,-1.7468352991740614,-2.359937952793487,-4.281787710972327,-2.5219302326983466,1
b2AR-decoy_2433,Clc1ccc(C(Cn2ccnc2)OCc2ccc3ccccc3c2)c(Cl)c1,-6.12919325423355,-4.106155488515495,-5.046285429966951,-3.84463292959253,-3.6025716029261083,-2.7367128684939246,-4.003995861490202,-4.273652668681358,-3.5957401046486464,-4.085323038479897,0
b2AR-decoy_2087,CC(=O)N[C@@H](C)c1cc(c2cnc(Oc3ccc(OC(C)C)cc3)s2)no1,-6.12707543591979,-3.649335847632315,-2.811053560967731,-2.30330232477617,-2.4122191870746885,-1.1648025564690947,-1.2809289512378106,-1.2305596520818964,-2.0445006009379867,-2.581726283465277,0
b2AR-decoy_1489,OB(O)c1cc(Cl)ncc1Cl,-6.12623982708917,-4.308325290369515,-4.006809902742771,-3.16961064792243,-3.2016218413726385,-1.843745960194985,-1.734211610869921,-1.1726638706304469,-3.764589033598276,-3.025064149108697,0
b2AR-decoy_2110,CO[P@](=O)(c1cc(C)cc(/C=C/C#N)c1)c1c(C(N)=O)[nH]c2ccc(Cl)cc12,-6.12529063515282,-4.865881813366615,-2.923552143578351,-2.832555550163629,-2.510511519379598,-4.188741260023365,0.4566744927195287,-1.8410563507305069,-3.3654678195178462,-2.197220892899407,0
b2AR-decoy_1963,CCCS(=O)(=O)Nc1ccc(Oc2ccc(F)cc2F)c(c2cn(C)c(=O)c3[nH]ccc32)c1,-6.12472986730867,-4.234892685772465,-4.176301692206941,-2.1927740706112298,-3.864192935649938,-3.804338267497995,-2.367508902520971,-3.1599699046468466,-2.568501853515307,-3.052120267233437,0
b2AR-decoy_2350,O=C(NNC(=O)c1ccccc1Cl)c1cc2cc(OC(F)(F)F)ccc2[nH]1,-6.1236206583539,-3.6945399429170553,-3.229702715465991,-2.4339414608776,-2.9884176381661183,-1.6150918986990748,-2.768581552768861,-3.1604919037941466,0.1014388899386036,-3.2212019660141373,0
b2AR-decoy_1191,CCc1cc(N(C)Cc2nc3c(Cl)ccc(Cl)c3o2)c(O)nc1C,-6.1229972909453,-4.433872828963255,-4.007407000345241,-3.1092017626941395,-4.215922526866328,-3.2574323669035143,-1.4816871268928011,-3.2473228759004966,-1.9436874396277368,-3.9928382307033066,0
b2AR-decoy_1705,O=C(OCC(=O)c1ccccc1Br)c1ccccn1,-6.12011334928662,-4.595129061071985,-5.339271416296612,-3.81008471779984,-3.0026708651926386,-2.656203700951245,-2.005938719733831,-2.6582760620308266,-2.881545811495016,-3.705652937037157,0
ASD03130100,CC(C)CCNc1nc(Nc2cc(Cl)cc(Cl)c2)nc2ccccc12,-6.1180251091418,-3.777500708521935,-3.8154248403701017,-3.03106514157541,-2.2398715530222786,-1.9392174081658744,0.2460641677154988,-1.7698364327291571,-2.8662482116606567,-3.683761849561917,1
b2AR-decoy_1888,Clc1ccc(C(CCn2ccnc2)Oc2c(Cl)cccc2Cl)cc1,-6.11756207618144,-4.333173544251205,-3.929252243216841,-2.3481274526206395,-4.0206599746691785,-2.065805516903075,-2.2349171259910507,-1.7274442872956168,-3.8568581082155062,-2.423377207082287,0
b2AR-decoy_1969,COc1c(COc2ccc(NS(C)(=O)=O)cc2)cc(c2ccc[nH]c2=O)cc1C(C)(C)C,-6.11740639474535,-4.754879080625575,-4.373073926774431,-1.6458076871394691,-2.941940100475218,-2.5048830506135547,-1.544280240763511,-0.2079287740254072,-2.3590121856776465,-2.9387322243891467,0
ASD03130109,Cc1ccc2c(NC3CCCCC3)nc(Nc3cc(Cl)cc(Cl)c3)nc2c1,-6.11664138410803,-3.324987281657105,-3.935293576834352,-3.0385462856342693,-2.796303664626178,-2.490787671342435,-1.389662976606961,-0.9348664496788572,-2.5374722582193963,-2.781008394031377,1
b2AR-decoy_2635,CCOCCCn1c(SCc2nc(c3cccs3)oc2C)nc2sc(C)c(C)c2c1=O,-6.1153622100592,-2.506533078210415,-2.550547055481661,-2.5357726222237096,-3.4982199325240586,-0.8602997576954747,-1.5939662945941206,1.474861723186503,-2.4750639473733864,-3.772941036729297,0
b2AR-decoy_750,Cc1cc(C)c(C/C(=N/O)c2cc3ccccc3o2)c(C)c1,-6.11517106090641,-4.456493358864705,-4.687815495045231,-3.0747435066973,-2.7902885778276287,-3.2405229509301146,-0.7056605938263107,-2.609614018494377,-4.432966196979437,,0
b2AR-decoy_2384,NC(=O)c1cc(Br)ccc1NC(=O)/C=C/c1ccc(Cl)cc1,-6.11374514296972,-3.831462873933665,-4.349217475628771,-2.29192185044385,-2.4311015955869086,-3.0788011834758846,-3.118258749969031,-1.956047605739247,-3.238438005413756,-3.170811910718107,0
ASD03130047,CC1CCCC(Nc2nc(NC3CCCCC3)c3ccccc3n2)C1,-6.11349124026081,-4.310973636850105,-4.619506256484061,-3.15323170750579,-2.412864094332848,-2.2404834755211045,-2.227289378651891,-1.7123888825605071,-3.5655571562656867,-4.506048496395687,1
b2AR-decoy_1299,Cc1ccc(c2nnc(SSCC(C)C)o2)cc1,-6.11262463428108,-4.414176102195155,-4.372387726140992,-1.58719719175126,-2.362723165742959,-2.252157839853245,-1.021446902829351,-2.8614014892173767,-2.5317280169804564,-3.0597451758515866,0
b2AR-decoy_267,O=C(/C=C/c1cccc([N+](=O)[O-])c1)Nc1ccc(N2CC[NH+](CC(O)(Cn3cncn3)c3ccc(F)cc3F)CC2)c(C(F)(F)F)c1,-6.11180545925288,-4.627823062285425,-3.915160253385832,-1.8073287500036492,-2.042867753088668,-2.267677127638655,-0.0981728100641712,-2.7561984253439364,-1.0449502901506365,-2.148465461252337,0
b2AR-decoy_2323,CCOc1cc(c2cc(c3ccc(OC)cc3)nc(N)c2C#N)ccc1O,-6.11057874635326,-3.8432037211655943,-3.921110325001131,-2.00448315366309,-2.3736899955374984,-2.9690833203057148,-1.5674961291621117,,-4.279690910921207,-1.7853772523245666,0
b2AR-decoy_153,CCC(=O)CCCCC[C@@H]1NC(=O)[C@H](C)N(C)C(=O)C[C@H](CC(C)C)NC(=O)CN(CCc2c[nH]c3ccccc23)C1=O,-6.11005471869686,-6.090896286988915,-4.450674973557751,-3.85717174630776,-5.157173452957279,-2.373878783069185,0.5600703135746792,-2.2353851023157567,-5.007400777576416,-5.212314226516526,0
b2AR-decoy_1747,O=C(/C=C/c1ccc(O)cc1)c1ccc(OS(=O)(=O)c2cccc(F)c2)cc1,-6.1091081623077,-4.291682348533565,-3.968272961957092,-3.53962041186824,-1.9191795197753183,-0.6621002360408648,-1.854106508981281,-0.8257265115199965,-1.7831326845467066,-5.102246798477866,0
b2AR-decoy_1451,N#CCc1nc(C#N)c(N)o1,-6.10882765065319,-3.894131815934295,-3.177333147897192,-3.00871167580829,-2.6848589973733583,-1.792449287987905,-1.1957514886563514,-0.8546957790522169,-3.2525265159672063,-2.899636537712977,0
b2AR-decoy_2123,Nc1sc(c2ccccc2)cc1C(=O)NCCc1c[nH]c2ccccc12,-6.10873250587029,-4.713765782098156,-4.277279171678291,-3.5658962440120394,-4.706483570445059,-2.911892458995035,-1.5363699091948213,0.2430498688387627,-3.963199788111236,-5.003739370516456,0
b2AR-decoy_233,COc1cc(C(=O)NS(=O)(=O)c2ccccc2C)ccc1Cc1cn(C)c2ccc(C(=O)NC[C@@H](C)CC(F)(F)F)cc12,-6.10792781706781,-2.2814813620303047,-4.263194751004601,-2.91172515373348,-2.582829732091999,-2.737254936317595,-3.3571220022660206,-0.2617428572364764,-2.123966713955406,-1.938393048804667,0
b2AR-decoy_2069,CN(C)C(=O)[C@H]1C[C@@H]1c1ccc(c2nc[nH]c2Sc2ccc(Cl)cn2)cc1,-6.10378789564052,-5.071294372723445,-3.992440760828021,-4.407092855406369,-3.3403219833106386,-3.694104572629585,-2.7519542791876512,-2.583447587342027,-3.835861040729436,-2.927245803918457,0
b2AR-decoy_2782,O=C(c1ccc(N2CCN(c3cccc(Cl)c3Cl)CC2)cc1)C1CC1c1ccc(Cl)cc1,-6.10348993553563,-5.390354907227875,-5.614553214657791,-2.69404927909227,-3.3038384449827785,-1.8859211413440944,-1.1828453166647206,-1.7147421679959969,-3.9243621719483466,-3.717325147732067,0
b2AR-decoy_1350,C=C1C(CC(C)C)=C(C#N)C(=O)N1c1cc(Cl)ccc1Cl,-6.10142419083858,-4.220961261419745,-3.6707089967394513,-2.00631645275518,-3.107320508598998,-2.111034967595235,-1.4503464249505909,-2.711765631761237,-2.9379068449508967,-1.3973829531435071,0
b2AR-decoy_2488,CCCCCn1cc(C(=O)c2ccc(CC)c3ccccc23)c2ccccc21,-6.09982343568408,,,,-4.158455455051539,-1.3700416306160044,-1.0571163824597507,0.8327311980957233,-2.4015682698509764,-2.4142779820007374,0
b2AR-decoy_17,Cc1cc(OCc2ccc(C(=O)NN=C3CCCC3)cc2)ccc1Cl,-6.09980142322601,-5.125482408948435,-4.315751709068981,-1.28796110468432,-0.8015246645430985,-2.275897189147175,-2.3118776311822407,-1.7327453337137868,-4.072528113799996,-3.3868222883618078,0
b2AR-decoy_444,O=C1c2ccccc2C(=Cc2ccc(O)c(O)c2)c2ccccc21,-6.09948017517627,-5.118783715310685,-4.712867038819152,-2.3258512205448696,-3.968219704244598,-2.924320727823715,-2.1135803863721714,-2.5841440013570764,-4.428611947222116,-3.157269359779147,0
b2AR-decoy_3060,O=C1S/C(=C\c2sc(SCc3ccccc3)nc2Cl)C(=O)N1Cc1ccccc1,-6.09785204420166,-4.887885785027885,-3.6845606402636113,-2.7424606566797296,-2.947009225610528,-1.024620874669715,-0.7180396330846213,1.058750985226613,-2.439792536551546,-2.751589768962717,0
b2AR-decoy_1837,CCN(CC(=O)NCc1cccs1)C(=O)c1cccc(S(=O)(=O)Nc2ccc(OC)cc2)c1,-6.09670571359491,-4.734130467073755,-4.799928759706601,-4.70172629584119,-3.3900006537455187,-2.2308685530801444,-2.0676928063896707,0.9738701096733332,-2.891836986488596,-2.9059526562227966,0
b2AR-decoy_820,Cc1ccc(Sc2ncccc2COC(=O)Nc2ccccc2C)cc1,-6.09662153605651,-5.542448088174855,-4.804748340342401,-3.89300604081558,-2.7302562401715686,-2.3574733187104444,-2.705086470925501,-2.507620992822347,-3.971087467189927,-4.6910427076067975,0
b2AR-decoy_3090,Cc1cccc(c2ccc(/C=C/[C@@H]3[C@@H]4[C@@H](C)OC(=O)[C@@H]4C[C@@H]4CCCC[C@H]43)nc2)c1,-6.09431433587022,-4.402530181015075,-4.000350474362111,-2.54411306884992,-2.3083670503436684,-2.546783546942285,-1.5462092315110008,-1.9559019678600569,-2.873625629690446,-3.285860677019768,0
b2AR-decoy_1152,Cc1c(C(=O)Cc2ccccc2)oc2cc(c3ccccc3)cc(O)c12,-6.09270688744413,-5.661578492914336,-4.771448451600492,-3.16614543189866,-4.286702492140629,-3.130529160239534,-3.0455326940433807,-2.052094920281897,-3.584381984784076,-3.745766646365517,0
b2AR-decoy_48,CC(C)=C/C=C\[C@H](C)[C@H]1CC[C@]2(C)C[C@H]3[C@H]4C(=CC[C@@H]12)C(=O)O[C@H]4C[C@@]3(C)O,-6.09133262525602,-3.399031062131105,-3.2745518162904013,-3.43828721355467,-2.8760840542903185,-2.0084001397992743,-1.671635099063271,-1.119550261641557,-2.887383956328696,-2.257754620035207,0
b2AR-decoy_104,C[C@]12CC[C@@H](O)C[C@@H]1C[C@H](OCc1ccccc1)[C@@H]1[C@@H]2CC[C@@]2(C)[C@H]1CC[C@@]21CO1,-6.09104829718781,-5.078671364394295,-4.892396584188951,-3.7203185314026497,-3.2243045716861385,-3.072807311060455,-2.102346246595532,-2.969331438017437,-2.7342975954117863,-4.203566170493547,0
b2AR-decoy_1507,COc1c(O)cc2oc3cc(O)c(CC=C(C)C)c(O)c3c(=O)c2c1CCC(C)(C)O,-6.09092171452761,-4.952454889901595,-4.592679822584821,-3.05948517801201,-2.8054486821920985,-2.4890893148131346,-1.6038133143092912,-1.624044414690947,-4.003922396751887,-4.168179533253417,0
b2AR-decoy_1558,C=CC[C@@H]1C=C[C@H](O/N=C2\c3cc(OC)ccc3O[C@H](c3cccc(OC)c3)[C@H]2O)[C@H](CO)O1,-6.0908942533166,-4.177114698510085,-4.291907573527891,-2.7051426217120493,-2.987563912531808,-2.537063040374565,-3.097268656683891,-2.0767921957838364,-3.957306015953926,-3.3418444272821666,0
b2AR-decoy_1255,COc1ccc(C(=O)c2ccc3c(c2)C(n2ccccc2=O)=CC(C)(C)O3)cc1,-6.08934565426035,-4.128376617646476,-4.922478399208251,-2.17736578638781,-2.8255034108505983,-1.3120554319432145,2.024004103215769,-1.884100108042447,-1.6986967273271665,-3.247941513788057,0
b2AR-decoy_1001,CC(C)c1ccc2c(c1)CC[C@@H]1[C@]2(C)CCC[C@@]1(C)C/N=C/c1ncc[nH]1,-6.08912994998703,-4.880503835620055,,-3.3361401613177595,-2.169830645560938,-3.554455340256145,-1.3179721695653512,-1.5793354114682172,-5.379729741560347,-4.449696190539397,0
b2AR-decoy_2393,O=S1(=O)c2ccccc2Nc2c(CCc3ccc(O)c(O)c3)cccc21,-6.08874563777464,-2.996797054515505,-4.928728077927011,-2.72688165625933,,-1.251956100060645,-1.312740590129831,-1.775016110058817,-3.353529567145796,-2.0791323667497665,0
b2AR-decoy_1712,O=C(c1cnc(c2ccco2)s1)N1CCOc2ncccc21,-6.08624926146284,-1.847762627687465,-2.520153790614981,-0.9141374662447896,-0.3019612316025584,-1.2881201074850743,-2.340546533275571,-0.1710835072009064,-3.039733640913126,-2.064368522372827,0
b2AR-decoy_2190,O=c1c(Cc2ccc(O)cc2)coc2cccc(OCC3CCCCC3)c12,-6.08452968638091,-5.041048291390595,-4.471532993152241,-3.85957426530192,,-2.539424434514305,-3.179993131489571,-2.123961105419077,-4.526191508366517,-3.839570540307817,0
b2AR-decoy_1792,c1ccc(Cn2cc(CNc3ccccc3c3nnc(c4ccccc4)o3)nn2)cc1,-6.08438881989297,-6.586477056111516,-6.824187070589471,-4.50409640305025,-0.4676369035743386,-3.3162990992904744,-3.2975253640607214,-2.5578807671369965,-3.553899613351616,-3.594736478654237,0
b2AR-decoy_1468,C/N=C1\C(Cl)=C(O)OC1O,-6.08213695915532,-3.8880234636582953,-4.122425585343321,-2.85915891622703,-2.896530431715939,-1.880950430301965,-1.6660074413939414,-1.3482349377534568,-3.3940343831156667,-3.2136867227031467,0
b2AR-decoy_1979,COc1cc(C(CC=C(C)C)SC(=O)c2cccs2)c(OC)c2c1/C(=N/O)C=C/C2=N\O,-6.08196811431327,,-3.9087069789398416,-3.53095414929657,-3.982510432460249,-2.100070008583165,-3.413792968891201,-1.991763449092467,-4.015311882244196,-1.732005784295067,0
b2AR-decoy_2164,CC(C)=CCc1cc2c(=O)cc(c3ccc4c(c3)C=CC(C)(C)O4)oc2cc1O,-6.07966141545939,-3.489693074359555,-3.075431128804192,-2.9816237310866,-1.9994514205530785,-2.3357036613158444,-1.274881178949891,-1.1339946579904767,-3.8113631869749662,-3.745770489127627,0
b2AR-decoy_1784,CCc1cc(CC)nc(SCC(=O)Nc2ncc(Cc3cccc(C)c3)s2)n1,-6.07924768756705,-4.294211667837765,-3.867767705340611,-2.1634463237262,-2.9901185900149585,-1.8272728808160448,-2.3635175551736607,-1.1395427942553065,-1.6259939098885168,-2.595519936312197,0
b2AR-decoy_1948,CCC(=O)Nc1ccc(S(=O)(=O)NCc2ccc3c(c2)CCN3C(=O)c2ccc(C)cc2)cc1,-6.07829400998651,-1.8391538703280248,-1.4632430322367411,0.2114993681933104,-0.4478067342571883,0.5383000554103154,-0.9466499665649212,1.1285926586862134,0.6780174185861436,-1.5366544739407266,0
b2AR-decoy_124,N#Cc1cnc2sc(c3ccccc3)cc2c1Oc1ccc2[nH]ccc2c1,-6.0778027881103,,-4.087747102704311,-0.5727299193177395,-2.504410081088058,-2.253722283290105,-1.961372547151261,-0.6577716952026069,-2.327376680414297,,0
b2AR-decoy_1702,CCN(C(=O)/C=C/c1ccc2c(c1)OCO2)c1ccccc1,-6.07685321914031,-3.147245883937585,-2.145555695615281,-1.5025179391973094,-3.2772860301245084,-0.974679396584035,-0.7625232581049106,-1.9844071769151368,-3.1036096502030768,-0.4971153059623368,0
b2AR-decoy_110,C=C1/C(=C\C=C2/CCC[C@@]3(C)[C@H]2CC[C@@H]3[C@H](C)CCC(C)(C)O)C[C@@H](O)C[C@@H]1O,-6.07342646044882,-4.592202316124506,-2.677530701414772,-3.0886086609437,-2.4455131735098385,-1.9652105771183344,-0.9418010093727612,-1.9335224358131864,-3.653961021529426,-3.3161718261021678,0
b2AR-decoy_859,COc1cc2c(cc1CCC(C)C)C(=O)C[C@@H](c1ccc(O)cc1)O2,-6.07075074545411,-4.979705112497365,-3.601856224175541,,-2.6659152658642187,-3.648622477448905,-1.150589227925181,-2.006055955203977,-3.708919517467926,-4.314033460772507,0
b2AR-decoy_1046,CCCCCCCCCCOC(=O)c1csc2nnsc12,-6.07072708610306,-3.840296827324665,,-2.16061296582723,-2.9401350727154387,0.8653639492599252,-1.2682017949784408,-1.7979232290769271,-3.0859284820646167,-3.2854538427602766,0
b2AR-decoy_1526,CCN(Cc1ccccc1)C(=O)Oc1ccc(Oc2ccc(C(F)(F)F)cn2)cc1,-6.06961198115303,-3.321753398684785,-3.135259212390751,-1.0979027069534597,-0.8314905620410489,-1.6078108057406046,-1.636601619925231,-1.1570788615343064,-1.9681508014553064,-1.832398335222717,0
b2AR-decoy_2649,COc1ncc(c2ccc(N3C(c4ccsc4)=Cc4ccccc4C3CC(C)=O)cc2)cn1,-6.06816081819372,-2.1417409473999856,-2.704147103335261,-1.89278836630516,-3.251665284361499,-2.561232073687865,1.5249052738491988,-2.105271044643126,-2.7672175350933363,-3.380049012962586,0
b2AR-decoy_505,O=c1c2ccccc2[nH]c2cc(OCC3CS3)cc(O)c12,-6.06717331171057,-5.105267809739795,-4.334067351782021,-3.7902757149016697,-4.351275645558618,-2.961799381946455,-2.274162070603511,-2.1764592867361765,-3.830616489616687,-1.0469609645348463,0
b2AR-decoy_3045,O=C(c1cnc(N2CCCC2)s1)c1sc2cc(Cl)cc(Cl)c2c1Cl,-6.06703373815113,-4.442187420105565,-4.815803911150911,-2.35327346211352,-1.9008756521084988,-1.055554083426915,-2.048021034546081,-1.546463859687167,-2.6806384378579766,-3.120076091186697,0
b2AR-decoy_19,O=c1cc(Sc2ccc(Cl)cc2Cl)c2cccc([N+](=O)[O-])c2[nH]1,-6.06669459013596,-4.988800737305015,-4.953047905145311,-3.0301285724076994,-3.861997987386329,-3.0637039025537547,-2.442909620669111,-2.424865121405837,-3.633911903142116,-2.911276882223188,0
b2AR-decoy_2578,Clc1ccc(CC(Cn2ccnc2)c2ccccc2Cl)c(Cl)c1,-6.06667067155756,-3.341138147724465,-3.444377719853171,-3.4768595772729,-2.610382087212268,-2.7216384296464744,-1.4741589501558314,-1.8990935753695668,-3.4067819930205765,-2.7909464022835366,0
b2AR-decoy_339,CC(=O)[C@H]1CC[C@H]2[C@@H]3CC[C@H]4C[C@@](O)(CN=[N+]=[N-])CC[C@]4(C)[C@H]3CC[C@]12C,-6.06602132767851,-4.798046941702155,-3.5976957365239413,-2.58022977082482,-2.6088362770924887,-2.173146974693955,-2.112130964868051,-2.8732480051335267,-3.619838718190517,-2.2800962470057478,0
b2AR-decoy_1521,COc1ccc(SCC(=O)c2cc(C)c(OC(=S)N(C)C)c(C)c2)cc1,-6.06599678871721,-3.379928524037605,-1.849765931813501,-2.8794267812426098,-2.264954682023438,0.5466433754993254,-1.047609156171231,0.1315321036244929,-1.1968295154777162,-0.906723509523967,0
b2AR-decoy_796,CC(C)=CCC/C(C)=C/Cc1cc2ccc(=O)oc2cc1O,-6.06575489658148,-3.896414629742925,-4.240708490772241,-3.1667251899371296,-3.643743370653058,-2.700013688919995,-1.6705823004347409,-2.5151412247740668,-2.916265194380026,-2.956860962486467,0
b2AR-decoy_2864,COc1ccc2cc1Oc1ccc(cc1)/C=C/c1cccc(OC)c1Oc1cccc(c1)CC2,-6.05897072161667,-2.609341397390305,,0.4534131627915201,-0.6753083548171683,,2.157436730390739,,-0.3066126504733164,-1.2506144302749471,0
b2AR-decoy_2289,COc1cc(O)c(Cc2ccc(O)cc2)c2c1-c1ccc(O)c(CC=C(C)C)c1CC2,-6.0588701424055,-3.406348379589176,-4.5113993579417615,-3.1294584977409494,-4.819886683753319,-3.033977221237085,-2.656199857181031,-1.6733312896215065,-3.075159752268786,-1.7964831315038166,0
b2AR-decoy_1329,C=C[C@@H](OC/C=C/c1ccc(O)cc1)c1ccc(O)cc1,-6.05878948266648,-3.797670056348255,-2.5305195078553915,-3.39073233423275,-2.0829150143595685,-1.393109439231405,-0.9490283125011808,-0.257820571110547,-2.5574849076845565,-2.4925467715794274,0
b2AR-decoy_1340,CC(=O)OCC(C)/C1=C/C=C(\C)CC/C=C(\C)CC[C@H]2O[C@]2(C)CC1,-6.05805750255244,-3.083492946951245,-3.2934065083865613,-2.6865088929234,-1.6348945823429188,-1.7167947636771448,-1.2419340021388408,-1.2067180759532563,-2.670870218323416,-1.6155637091753072,0
b2AR-decoy_963,CC(C)c1ccccc1Sc1c(O)cc(c2ccc(F)cc2)oc1=O,-6.05471976633387,-3.699569044184355,-3.4395332239612912,-2.5886823834801094,-3.3188544321386386,-2.1451100010595443,-1.3622005684929208,0.125092089938823,-3.580201295434186,-2.3184990404050674,0
b2AR-decoy_1690,CO[C@@H]1C(c2ccc(C#N)c(Cl)c2C)=NN2CC(F)(F)C[C@@H]12,-6.05377510530093,-4.713885617127775,-4.438447686369141,-3.28872664923413,-3.3840143445712885,-3.567506493296805,-2.102440337991321,-3.003379171605797,-4.397259493576256,-3.624791990890017,0
b2AR-decoy_2690,C#CCOC(=O)c1ccc(O)c(NC(=O)COc2ccc(C34CC5CC(CC(C5)C3)C4)cc2)c1,-6.05172424105897,-6.254066223862486,-0.6194547157198711,-4.558266462796119,-1.0525749679866785,-2.3665341752551043,-3.898217601075281,-1.6199914684378864,-3.4435961201260765,-4.808673396898406,0
b2AR-decoy_2924,CC(C)(C)c1ccc(c2ccc(OCc3ccccc3)c(/C=C3\SC(=O)NC3=O)c2)cc1,-6.04729948292468,,,-2.25036806556953,-3.680496525185269,-0.2052764608722244,-2.4258914562477507,,,-2.771892809110667,0
b2AR-decoy_308,CCCCc1nn(c2ccccc2C(F)(F)F)c(=O)n1Cc1ccc(c2ccccc2S(=O)(=O)NC(=O)c2sccc2Br)cc1,-6.04522655715496,-0.3990197380961153,-1.9135747343077811,-0.9743210013093296,,1.6600551399271652,0.331921134862549,0.8344238156315833,-1.890566275014426,,0
b2AR-decoy_2141,O=c1cc(COc2ccccc2)[nH]cc1Oc1cccc(Cl)c1Cl,-6.04468960137371,-4.598466137795625,-4.229060306528901,-1.07381480683538,-2.7429124498208584,-2.6218992920690445,-2.552577891737921,-2.206715916325707,-3.898714571434196,-1.027617347100057,0
b2AR-decoy_2,CC[C@@H](/C=C/[C@@H](C)[C@H]1CCC2C3=CC(=O)O[C@@]3(O)CC[C@@]21C)C(C)C,-6.04393285765778,-4.436103503747956,-4.023964482787951,-3.055713993534,-3.4050588690236587,-2.433079444572095,-1.1409869514264406,-2.501999207542817,-3.522158151468086,-3.119206947528897,0
b2AR-decoy_32,O=C1COc2ccc(/C=C(\c3ccccc3)c3ccc(F)cc3F)cc2N1,-6.04244337626944,-4.405665765579765,-5.022757252646661,-2.4208899261302994,-3.567518718654388,-2.513940286972874,-3.637333714064191,-2.373133316895827,-3.889218362485156,,0
b2AR-decoy_2659,CCn1c(Cc2ccccc2)nnc1SCC(=O)N1c2ccccc2Sc2ccccc21,-6.04161118917224,-4.985790895898245,-2.827173956774571,-0.7285418705178297,-2.486208756695178,-1.1792369831485845,,-0.7314451132321071,-2.1896391326445963,-2.305282765300617,0
b2AR-decoy_1017,CCCOC(=O)N(CC)P(C)(=S)Oc1ccc([N+](=O)[O-])cc1,-6.03784275665803,-3.7055277269801854,-2.868959589651271,-2.97403691040356,-3.366829027686149,-1.3442871235325846,-1.708330182541741,-0.0329111188293467,-2.191470327041216,-2.553933894255087,0
b2AR-decoy_2884,COc1cc(/C=C/c2cc(O)c(CCC(C)C)c(O)c2)cc2c1O[C@]1(C)CC[C@@H](O)C(C)(C)[C@H]1C2,-6.03701598039292,-3.273187941377885,-3.4142478333909416,-2.24145239702864,-1.4400675975659087,-1.0453431746214443,0.5849801133679189,-0.4521453973078664,-2.2388598182885167,-1.9716685296853675,0
ASD03130069,Fc1ccc(Nc2nc(NC3CCCCC3)c3cc(Br)ccc3n2)cc1F,-6.03594708548902,-3.050604794664016,-3.511493092019811,-2.6893200949438496,-1.1234839980827385,-3.143782571909095,-0.5349378839686709,-0.8249169384496069,-2.8478977895973765,-2.401038113251857,1
b2AR-decoy_3154,CC1=C(C/C=C(\C)CC/C=C(\C)Cc2cccc(C)c2C)C(=O)c2ccccc2C1=O,-6.03512819269158,,-2.762905110961741,-0.8892691880893899,-3.619754068045788,-1.7336062807673145,-0.8972271605781508,-2.9121890974101765,,-1.1832230956871466,0
b2AR-decoy_821,C=CCC1Oc2ccc(OCC#N)c(OC)c2-c2ccc3c(c21)C(C)=CC(C)(C)N3,-6.03472751765767,-2.933396928395915,-2.794509070018401,-1.99308624985072,-2.0778063949020584,-1.756149504485565,0.4682379363090492,0.7728540698708932,-2.6453989455328566,-3.533240999729427,0
b2AR-decoy_2425,CCCO[C@@]1(C)CC[C@H]2[C@@H]3C[C@H](C)[C@H]4CC(=O)[C@H](C)C[C@]4(C)[C@H]3CC[C@@]21C,-6.03429137536525,-3.4981089164304557,-3.1898346809272318,-1.4941533314054398,-2.003299596978028,-1.9228495793556943,-1.4333120461539617,-1.027213684072497,-3.479717900934096,,0
b2AR-decoy_1949,C=C(CC[C@@H](C)[C@H]1CC[C@H]2[C@@H]3C(=O)C=C4C[C@@H](O)CC[C@]4(CO)[C@H]3CC[C@@]21C)C(C)C,-6.03320334601605,-4.160294002993045,-3.891616188816431,-3.49604434745682,-2.3029649366531686,-2.605055014340965,-2.4383145862439117,-1.2553359799454764,-2.9575978628816664,-3.4676808079790766,0
b2AR-decoy_1767,CC(C)c1cc(N2CCCCC2)nnc1C(=O)NC1C2CC3CC(C2)CC1C3,-6.02836982108146,-5.721323648667995,-3.923083866502961,-2.2936113220337697,,-1.3138008716660847,-1.8698331929108611,-1.156927005348117,-3.176406122352846,-4.821190378015928,0
b2AR-decoy_2958,C=CCc1ccc(OP2(=S)OCc3cc(C(C)C)ccc3O2)c(OC)c1,-6.02556633208333,-4.6044645105810655,-4.215844526038572,-3.46683028123356,-4.159220974633058,-3.2648922815216546,-2.103851300977121,-2.2930466882596265,-4.137724249628387,-3.883681706658107,0
b2AR-decoy_24,COc1ccc2[nH]cc(c3nn4cc(c5ccsc5)nc4s3)c2c1,-6.02417970672772,-3.543316936988205,-5.737237464463472,-2.5170902904898,-4.626814828525019,-2.4704907827716944,-3.415498042385691,-2.023837205264787,-2.1338897948093667,-3.200291812447648,0
b2AR-decoy_3195,Brc1ccc(COc2ccc(/C=C/CCn3cnc4ccccc43)cc2)cc1,-6.02379333530039,-4.758403409197955,-3.5446751836185517,-2.8640748293735294,-2.144205864405948,-1.2697232706112749,-0.7409307131006706,0.1686142126051635,-1.7458802103512765,-3.254874652813817,0
b2AR-decoy_1287,CN(C)c1cccc(/C=C2/C=C(Cc3ccccc3)C(=O)O2)c1,-6.0216466792767,-4.8299911289305255,-4.749900042864571,-3.68104061160856,-4.089710270570278,-1.651699865698645,-2.9285364392368107,-2.569866428200207,-4.682598265709866,-2.282302018568227,0
b2AR-decoy_2077,Cc1c(C(=O)Nc2c(C)n(C)n(C3CCCCC3)c2=O)noc1CCC(C)(C)C,-6.02002692303866,-5.1175984429746055,,-1.5935828288028393,-3.1867780791405185,-0.2694340318976751,-1.6450110635080506,0.5203487380133733,-2.4721691787279267,-2.2328517704596966,0
b2AR-decoy_928,Cc1ccc(C(C)C)cc1OC(=O)Nc1ccc(C(F)(F)F)cc1,-6.01884418340429,-5.116700815679796,-3.490290703787551,-3.0988310134255297,-3.5029812605430184,-0.8816238279280046,1.371238652574649,-1.1455400764904065,-0.7636992846791562,-2.177310459328297,0
b2AR-decoy_1708,C/C(=N\NC(=S)Nc1ccccc1F)c1ccc([N+](=O)[O-])cc1,-6.01863197681808,-4.483034860182985,-4.543209964481092,-1.61321191944805,-2.505921147486358,-1.4892452105742144,-3.780294044885681,-3.864901974600716,-3.6815989228710464,-3.303872788446897,0
b2AR-decoy_311,Cn1cc(NC(=O)c2cc(NC(=O)c3cc(c4sc(Cl)c(Cl)c4Cl)cn3C)cn2C)cc1C(=O)NCC[NH+]1CCOCC1,-6.01856816775821,-5.582174099799695,-3.282274158541971,-3.61919051032761,-4.895717977473629,-0.8814960815291144,-1.8660665914577308,-3.5865260432346773,-5.120565679017556,-5.127034519173096,0
b2AR-decoy_1524,COc1ccc2sc(/C=C\c3cc(OC)c(OC)c(OC)c3)cc2c1,-6.01851522080185,-2.612123492088805,-3.4983512537506414,-2.806186653561729,-0.9834981551683288,-2.7119082620191444,,-2.214412357494677,-3.562519743558946,-4.016123600058807,0
b2AR-decoy_3091,CC(=O)O[C@H]1CC[C@@]2(C)C(=CC[C@H]3[C@@H]4CC[C@H](c5nnc(c6cccnc6)o5)[C@@]4(C)CC[C@@H]32)C1,-6.01537451262698,-4.428329776935845,-4.726491327928531,-3.42108539608806,-2.367476345190669,-2.8844777920082443,1.466352218597919,-2.1788556300390765,-3.1727220870944866,-3.3650173280436166,0
b2AR-decoy_268,O=C(/C=C/c1ccc([N+](=O)[O-])cc1)Nc1ccc(N2CC[NH+](CC(O)(Cn3cncn3)c3ccc(F)cc3F)CC2)c(C(F)(F)F)c1,-6.01401848709512,-1.832061710230155,-2.799196631988212,-2.3638818588773,-1.814207878444768,-2.201535736528685,-1.1868851398496414,-2.4795064879143567,-1.9933631492593564,-2.399630164593048,0
b2AR-decoy_1960,COc1c(O)cc2c(c1CC=C(C)C)OC(=O)c1c(cc3c(c1O)C=CC(C)(C)O3)O2,-6.00803444117561,-3.6998713977314654,-4.490658439424871,-2.82744242858298,-2.527921500837569,-2.0221408001689944,-2.7284686181746007,-1.4542967573553964,-2.929401503181996,-3.8674028521816273,0
b2AR-decoy_336,CC(C)CCC[C@@H](C)[C@H]1CC[C@H]2C3=CC[C@@H]4C(=O)NC(=O)[C@@H]4[C@@H]3CC[C@@]21C,-6.00739705495518,-5.010142771530285,-3.943484072549591,-3.23618273959754,-2.7341021000881884,-3.5421888014654046,-2.311580516698741,-1.7403322792724172,-5.321281483262216,-3.758628865006687,0
b2AR-decoy_2552,O=C(NC1CC1)c1ccc(C2CC(=O)N(Cc3ccccc3[N+](=O)[O-])c3ccccc3S2)cc1,-6.00697919766773,-4.366806206219825,-5.010287472412201,-3.22178027414465,-1.8817464966367483,-3.827880626594075,-1.869141010984371,2.0349914697742832,-3.294324970900516,-0.0102504145479369,0
b2AR-decoy_1907,CC(C(=O)OC(C)(C)C)c1ccc(c2cc(Cl)cc(Cl)c2)c(F)c1,-6.00592113203954,-4.216552191469015,-3.863274270066701,-1.97424566235798,-1.9002838792590584,-1.3961085580758246,-0.6453096706029706,0.4349723421143627,-3.167003366954046,-0.1983755358562668,0
b2AR-decoy_1579,O=C(c1ccc(SCc2ccccc2B(O)O)nc1)N(Cc1ccncc1)c1ccc(F)cc1,-6.00582282621135,-4.167536112014085,-3.149268692384421,3.6032701800575873,-0.6162816737862786,,-0.5822860488340211,1.4812814430291232,-1.9229215842209868,-1.7577726154314273,0
b2AR-decoy_1280,COc1ccc(C2OOC(c3ccc(C(C)(C)C)cc3)OO2)cc1,-6.00254532065181,-5.200739529729755,-2.932557511854611,-4.1530762931412,-1.2176286299659989,-1.643618498261155,-1.8377326023659208,-1.7743470627545266,-2.1309748868394465,-3.017275369215367,0
b2AR-decoy_1497,Nc1nnnn1/N=C/c1cccs1,-6.00138785460811,-4.073913070018206,-3.105787563145981,-3.16361111837114,-2.4422555077997083,-0.988194398180565,-1.596306232354391,-0.7275500756946869,-3.0816030392321068,-2.8061243421863966,0
ASD03130101,CCOC(=O)N1CCC(Nc2nc(Nc3cc(Cl)cc(Cl)c3)nc3ccccc23)CC1,-6.00041362834882,-3.793923172775525,-4.109791480206721,-2.66826753851083,-2.622020799272218,-1.749257867637815,-1.086358494814761,-1.2134519305868965,-3.0906059598369566,-2.9065801142747367,1
ASD03130053,c1ccc2c(NC3CCCCC3)nc(Nc3ccc(OCCCN4CCOCC4)cc3)nc2c1,-5.99933006252853,-5.953514781345115,-4.739936831480241,-3.6333793932423895,-2.8393561306159283,-1.973035201058475,-2.682972680140291,-1.246396930725357,-2.4362587900902364,-3.0120944971684973,1
b2AR-decoy_580,O=c1[nH]c2cc(c3ccc(F)cc3)ccc2c(Br)c1O,-5.99931200498886,-4.199256459531005,-3.964893348592571,-2.7320174820593897,-2.1851871520281483,-2.2321873285866145,-2.343994317332591,-1.958737825514107,-3.5328011719656063,-2.414528753598417,0
b2AR-decoy_2608,N#Cc1cc(Cl)cc(Oc2cc(OCc3nc(c4ccccc4)no3)ccc2Cl)c1,-5.99880915261265,-2.2493264157260557,-4.975596507685581,-1.9577432937673895,-3.843652228755518,-1.6406404232766745,-1.8842237914263904,-0.7429324187370465,-3.305927053577866,-1.8470713032079276,0
b2AR-decoy_868,CC(C)=CCc1c(O)ccc2cc(c3cc(O)cc(O)c3)oc12,-5.99754347560252,-4.718029449639555,-4.321078894356481,-2.9692890648194394,-4.137643489261318,-4.201742401803815,-1.9154853211725609,-2.2084539190602266,-5.188645812493356,-3.7153255212358567,0
b2AR-decoy_1923,CO[C@@H](c1cc(C)no1)c1ccccc1/C=N/N=C(\C)c1ccc(Cl)c(Cl)c1,-5.99693777058312,-3.877811126246345,-3.878205502028311,-3.33670258368024,-3.974837425873279,-1.759001765055225,-2.0333265175597512,-1.553320238487827,-3.209716575371856,-4.0788462584876175,0
b2AR-decoy_2093,COc1c(N)cc2c(c1OC)-c1ccc(SC)c(=O)cc1[C@@H](NC(C)=O)CC2,-5.99650274782793,-3.811079725249245,-3.1390817150948616,,-0.7702674736014883,-1.4487069169921751,-1.1073297260579509,-1.8350217291897264,,-2.685756523092566,0
b2AR-decoy_823,CC1(C)CC(=O)c2c(SCc3ccccc3)sc(c3cc[nH]n3)c2C1,-5.99620437632196,-4.2124288951981255,-4.558242613047011,-3.7533306267296096,-2.9858602773981584,-2.757746461581675,-2.794510132240372,-2.816544110416217,-3.5429848406040163,-3.154795092839057,0
b2AR-decoy_3087,COc1ccc([C@@H]2CC(=O)c3cc(CC=C(C)C)c4c(c3O2)C=CC(C)(C)O4)cc1OC,-5.99546176910405,-3.677452134726485,-3.534695087622741,-2.5590749227144096,-2.1654828194615385,-2.096695732991325,-1.4294289240479312,-0.6696249354798072,-2.5815519171735968,-2.4183227942572167,0
b2AR-decoy_374,CC1(C)OC(c2ccc(S(N)(=O)=O)c(F)c2)=C(c2cccc(F)c2)C1=O,-5.99453836254979,-4.561259715290865,-4.063768021006552,-3.005263166483489,-3.241363870715638,-2.2154474088050344,-2.040481182750921,-0.6085950687543065,-2.6688961953197063,-3.325376387117257,0
b2AR-decoy_2063,CCCCCCc1cc2cc(S(=O)(=O)c3ccc(F)cc3)c(=O)oc2cc1O,-5.99341008145005,-2.662272755522725,-3.093609766379221,0.2688114205670802,-1.8047430038696184,-1.1191297182212845,-1.398622107506851,,-2.445995985709116,-1.1330139495267768,0
b2AR-decoy_1192,CCOC(=O)c1c(NC(=O)C(C)(C)C)scc1c1cccs1,-5.992191052717,-3.2867667235873554,-4.199753207663871,-1.61577655336347,-2.198736144202148,-0.2498208222414248,-1.174677179213231,-1.848400588182037,-1.0333505121995563,-2.3130565586049268,0
b2AR-decoy_1588,CC(C)(CO)[C@@H](O)C(=O)NCCC(=O)Nc1cc(Cl)ccc1Oc1ccc(Cl)cc1Cl,-5.9918040824201,-2.911052735965005,-3.889957667355411,-2.4459776810600093,-3.969035191782228,-4.094228933915234,-1.474208276986971,-1.3654431896224368,-1.0140430578015662,-0.8860957039368871,0
b2AR-decoy_2007,COc1cc(/C=C2\CCCC3C2=NNC3c2ccc(O)c(OC)c2)ccc1O,-5.99175518237416,-4.336414904987676,-5.317299938218901,-3.00138836998927,-3.428775341996128,-2.8826634876030948,-1.5085757081829607,-2.142091223507977,-3.6916269637493766,-3.578729454847387,0
b2AR-decoy_23,CC1=CC[C@H]2C(C)(C)CCC[C@]2(C)[C@@]12CC[C@@](C)(C[C@@H]1O[C@H]1CO)O2,-5.98976095241825,,-4.200050897885081,-2.95490349265207,-2.381456638590258,-2.1128731644765546,,-1.7278269863142768,-3.317411622116996,,0
b2AR-decoy_1538,COc1ccc(N(C(=O)CCCl)C(C#N)c2ccc(Br)cc2)cc1,-5.98708596288146,-2.587646512979505,-3.3040355403224915,-1.85698003074474,-3.451235817753508,-1.210667128362675,-0.5662078801795811,-1.9673942864911167,-4.068722012631946,-2.7458280924715277,0
b2AR-decoy_826,CCCC/C=C\C1(c2cc(O)c3c(c2)OC(C)(C)[C@@H]2CCC(=O)C[C@@H]32)CCCC1,-5.98464587947996,-4.256184754827405,-2.818719917354612,-3.26877179024551,-2.161225269484609,-1.0015566439821848,-1.4532924106965313,-0.964423934194377,-2.2793746274511166,-3.425895542763477,0
b2AR-decoy_545,Cc1ccc(C2C(C#N)=C(N)OC3=C2C(=O)CC(C)(C)C3)cc1,-5.98404774841572,-4.080978092890065,-4.740474424753462,-2.9211506316727998,-3.4044194009134987,-2.714207622981305,-2.3763289503748317,-1.995836582938547,-3.833664831038957,-2.938176574868787,0
b2AR-decoy_497,CCOC(=O)c1c(N)scc1c1ccsc1,-5.98404500886314,-4.066669116978416,-4.028592376989881,-2.9509705491844898,-2.2900972394137487,-1.8496798044332443,-1.8020869311505807,-1.6296474943652963,-2.489046040608226,-2.8002601792240074,0
b2AR-decoy_1424,Oc1cccc(Br)c1O,-5.98318041127755,-3.861926756889845,-3.972464629711252,-2.91432406598103,-2.6923344649480985,-1.8090879191039848,-1.5144951864415912,-1.3300837699468169,-2.8317289680287168,-2.956846022534687,0
ASD03130072,Fc1ccc(Nc2nc(NC3CCCNC3)c3cc(Cl)ccc3n2)cc1F,-5.98260116262555,-4.6230747257914855,-4.6272275672835415,-3.19526915491402,-2.057148418027998,-1.719173609001265,-2.7929176555635813,-2.3606731802229666,-2.4063624753450963,-2.6986112311738477,1
b2AR-decoy_1176,CCCCCCC(=O)c1cc(O)c2c(c1)OC(C)(C)[C@@H]1CC=C(C)C[C@@H]21,-5.98155449290656,-4.201402804121416,-3.8924978666002215,-2.2292673667170595,-3.3443384532493488,-2.9463371598756147,-1.069402259516811,-0.9367037779621964,-2.970868935913946,-2.3256406760093067,0
b2AR-decoy_1584,CCCc1c(OCC(O)COc2ccc(/C=C3\CC(=O)NC3=O)cc2)ccc(Cl)c1Cl,-5.97816327128158,-4.311576976465736,-4.922917858655091,-3.45599662947493,-0.9875264839928884,-2.9815649471897743,-0.2215283272849006,-0.6739858775540766,-2.741499252253286,-3.7397359869630367,0
ASD03130063,COc1ccc(Nc2nc(NC3CCCCC3)c3ccccc3n2)cc1OC,-5.97742246324154,-4.213195363585325,-4.451821143937181,-1.96613776458182,-2.335453326030769,-2.1141461984953844,0.829285141397059,-0.7730275339846164,-2.6079191391460466,-3.245501841726877,1
b2AR-decoy_1221,COc1ccccc1c1cc(c2ccc(OC(F)(F)F)cc2)[nH]n1,-5.9761474619823,-3.2442339617169056,-3.837243806946732,-2.1407913429145697,-2.9951051929090484,-2.2862487653672643,-2.1721634155894707,0.2435057063299135,-4.112955639046716,-2.480120650807266,0
b2AR-decoy_567,Oc1[nH]nc(c2ccccc2)c1/C=N/c1ccc(Cl)cc1,-5.9733407670364,-4.500527579330385,-4.777227154227231,-3.25922436085415,-2.843699101568548,-2.2380104640752343,-1.7147774839367909,-3.376111594046507,-4.131209527487217,-2.9943670987867166,0
b2AR-decoy_2565,Cc1ccsc1c1cncc(C#Cc2cncc(c3sccc3C)c2)c1,-5.96751470334295,-4.366010754829645,,-2.28607934561126,-4.9038613473373385,-1.3230867213855246,-0.9671140588368514,-1.7550807911588766,-1.9368801713743864,-3.658653446742387,0
b2AR-decoy_441,C=C1CC[C@@H]2O[C@@]2(C)CC[C@@H](C(C)C)/C=C/[C@](C)(O)CC[C@H]1O,-5.96585894576697,-4.666635753096725,-4.220374905780541,-3.65661830008588,-3.4518383687278185,-2.4148899655336544,-1.9264041930196507,-1.612319892080257,-3.228828572650106,-3.167221276188957,0
ASD03130048,CCN(CC)c1nc(NC2CCCCC2)c2ccccc2n1,-5.96411352386236,-3.569492935902545,-3.9055083154437913,-2.7363533364957,-2.4807716843336287,-0.8238697453544246,-1.3143986375517906,-1.1593882361142969,-1.361987521079806,-3.0379119523641074,1
b2AR-decoy_2455,Cc1cc(OCc2ccccc2)c2c(c1)C(=O)c1cccc(OCc3ccccc3)c1C2=O,-5.96307070993461,-3.384433881103935,-3.738607817769121,-4.38243913732165,-2.629784152466768,-1.5955633309596449,-0.2758995860118007,-1.7711136226822868,-4.119907793932536,-4.059643374371177,0
b2AR-decoy_2026,CCC(=O)Nc1ccc(NC(=S)NC(=O)/C=C/c2ccco2)cc1,-5.96251138709477,-4.427117841407805,-4.448603485500581,-2.8703768599754698,-4.584918422820318,-1.3356336071111343,-3.28823688357363,-0.8637717102363469,-1.940342169691056,-3.6447295131577966,0
b2AR-decoy_1535,Cc1ccccc1c1cc(N(Cc2ccccc2)Cc2cncn2C)ccc1C#N,-5.96131582597849,-3.044037609780255,-3.0838781427129014,-3.6827396890183,-2.8237375640605986,-1.4856622204008243,-2.659056805550671,-2.940789043878147,-3.5301424540932267,-3.801582102792477,0
b2AR-decoy_2371,Cc1c(C)c2c(c(NC(=O)/C=C/c3ccc(O)c(O)c3)c1O)CCC(C)(C)O2,-5.96125292041634,-3.251869723991085,-4.076966483359201,-2.02109597493663,-1.7694283925291785,-2.1050362680704247,-1.900406459104011,-1.4437012588053069,-2.455361667060096,-2.970057772096187,0
b2AR-decoy_643,Cc1ccc(C(C)C)c(NC(=O)Oc2ccc(C(C)(C)C)cc2)c1,-5.95953712328884,-3.246781308107715,-2.123864537855221,-1.0011684485100698,-1.8686696557557283,-0.6375943605452647,-1.6370037461876308,1.2702448275654832,,-2.2667698936653866,0
b2AR-decoy_542,CC(C)(C)c1cc(c2nnc(O)s2)cc(C(C)(C)C)c1O,-5.95914107829277,,-3.261175621333672,,,,-1.706073230561321,-1.739513960756477,,-4.371896629380647,0
b2AR-decoy_89,CC(=O)c1c(O)c(CC=C(C)C)c2c3c1OC1(C)CCC(C3C1)C(C)(C)O2,-5.95842130965419,-3.803675199925255,-4.239460875059491,-3.13825652962656,-3.8614271530871775,-2.456889056884955,-2.3110169130620117,-1.890151781281567,-4.224005893216276,-2.9281520310938567,0
b2AR-decoy_1849,c1cc(c2ccc(c3ncc(C[NH2+]CC4CC[NH2+]CC4)nc3c3ccc(c4ccoc4)cc3)cc2)co1,-5.95423241012982,-5.6807289756188855,-4.267547941588191,-0.5046489059544399,-2.779981650098108,-1.150548659897595,-1.2755867429221608,,-3.737155415925156,-4.065433570891157,0
b2AR-decoy_2254,CC(C)(C)NC(=O)C(c1cccnc1)N(C(=O)c1cccs1)c1ccc(C(C)(C)C)cc1,-5.95359337279493,-1.515660655458885,-2.5924143648386915,-1.2786341668131298,-2.1106396178825584,-0.4543967914612743,0.1876748803390988,1.7987213049296034,-2.9040781832829463,-3.036878202581517,0
b2AR-decoy_2653,CO/N=C(\Cl)CCC/C=C(/c1cccc(C#N)c1)c1cc(C)c(OC)c(C(=O)SC)c1,-5.95286239408852,-3.352708086946285,-1.9233364889259612,-2.2596934320009296,-1.025543031690228,-0.114874924203475,-1.4632998523932512,-0.9183610351064564,-2.557358419432096,-4.400896261200828,0
b2AR-decoy_2566,C=C1CC[C@@H]2[C@H](C(C)C)C3=C(O[C@@]2(C)CC[C@@H]2[C@@H]1CC2(C)C)C(C)(C)C(OC)=C(C)C3=O,-5.95191893015799,-2.4644375903344558,-2.8642043389380616,-3.05902173462374,-1.2847511269746985,-1.2944081170887145,-0.8553335263275414,-0.8606509165593366,-2.027207804317486,-2.486049908989067,0
b2AR-decoy_2693,CC(C)=C[C@H](O)[C@@H](O)[C@@H](CO)[C@H]1CC[C@@]2(C)[C@@H]3CC[C@H]4C(C)(C)[C@@H](O)CC[C@@]45C[C@@]35CC[C@]12C,-5.95187407085032,,,,,-1.3560679932259545,2.130731061969549,-0.0963294613735472,,,0
b2AR-decoy_1393,S=P1(c2ccccc2)NCCN1,-5.95090886834091,-3.990555318299455,-4.645650206443201,-3.4974377871100595,-3.259062232120418,-2.7241581077552546,-2.2893956675769607,-2.041812793710087,-3.7219366464819066,-3.613646609390687,0
b2AR-decoy_1560,COc1ccc(NC(=O)C(NC(=O)/C=C\c2ccc3c(c2)OCO3)c2ccc(OC)cc2)cc1,-5.95023407109456,-2.6249173878093157,-3.0999398007702013,-0.3882652641429995,-4.498831062060888,-2.588183837638555,0.0329033606581088,-2.003074493049497,1.0209103028666635,-4.070378726382726,0
b2AR-decoy_1899,C=C1CC2(CC(c3ccccc3Cl)OC(c3ccccc3Cl)C2)OC1=O,-5.9484163632142,-3.791967165884136,-3.208757400681331,-3.1940401037950297,-3.1356017696886784,-3.1885361612405347,-0.9704784998056812,-1.441833404394397,-4.009895364002836,-3.3613507598643566,0
b2AR-decoy_2167,Cc1ccc(C(=O)/C=C/c2cc(C)c(O)c(/C=N/c3nccs3)c2)cc1,-5.94831128045913,-3.577757978793225,-3.664509749747381,-4.35579026369888,-3.2012571097184788,-2.7438683162115547,-1.959532588893751,-1.926133892879597,-3.872478098220056,-3.3473692729905973,0
b2AR-decoy_67,C/C(=N\Nc1nc(c2ccc(Cl)cc2)cs1)c1ccc(Cl)c(Cl)c1,-5.94704186606124,-4.937181625751856,-4.528348887512391,-2.394283669901,-2.232669758475608,-2.1035838503197946,-2.069311437474491,-3.763826710651756,-2.216776002354286,-2.1487895301062667,0
b2AR-decoy_2828,CC(C)=CCC/C(C)=C/Cc1c(O)c2c(c(/C=C/C(=O)c3ccc(O)c(O)c3)c1O)OC(C)(C)C=C2,-5.94678143503433,-5.019595331496305,-4.024954125146671,-3.18181765906236,-5.245830745644959,-1.7469381946834046,-0.3333436423892806,-1.0278079722959772,-1.893653577979176,-3.867539150222586,0
b2AR-decoy_1814,COC(=O)C1=CNC(CC(CC=O)c2ccc(F)cc2)=CC1c1ccc(N(C)C)cc1Cl,-5.94584773923837,-5.573671203041005,-7.172981999569352,-4.33053806508008,-2.4754288001325184,-4.969616380584245,0.1936509400785189,-4.383804370758197,-5.321411752452226,-4.293551201810107,0
b2AR-decoy_932,COc1ccc2nc(N=Nc3ccc(O)c4ccccc34)sc2c1,-5.9446018421861,-3.6511303220305855,-4.388284608980151,-3.16171913991999,-3.5231285897207787,-2.7486676774252743,-1.7593432965141511,-2.778770744589897,-3.745666416284607,-3.430918310315737,0
b2AR-decoy_716,COC(=O)/C=C/CC1Oc2cccc(OC)c2-c2ccc3c(c21)C(C)=CC(C)(C)N3,-5.94401765222787,-1.9706094196421156,-4.069740897687232,-1.3562227739258796,1.969792413138832,-3.210500517442105,0.0590630687239288,-2.161168485821597,-4.0448151426483765,-0.979207451881877,0
b2AR-decoy_2238,Cc1cc(C)c2sc(C(=O)N(C)C)c(c3ccc(CCNC(=O)OC(C)(C)C)cc3)c2c1,-5.9436199610224,-1.2837291231198154,-3.234761743414992,-2.1225117874411694,0.0845750457776115,-0.7766952028756045,0.2618709091481692,-0.6520469731620668,-1.9447531289581568,-0.802706666147647,0
b2AR-decoy_2236,CC(C)CCC[C@@H](C)[C@H]1CC[C@H]2[C@H]3[C@H](CC[C@@]21C)[C@@]1(C)CC[C@H](O)C[C@@H]1[C@@H](O)[C@@H]3O,-5.94337869432921,-3.931824421762776,-3.301016714058541,-2.55198685804361,-1.1490536660676582,-1.2499767334653544,-0.8909717373269306,-1.181945381944347,-2.0965479322671063,-3.3719611422308966,0
b2AR-decoy_2445,C=C(C)[C@@H]1CC[C@]2(C=O)CC[C@]3(C)[C@H](CC[C@@H]4[C@@]5(C)CC[C@@H](O)C(C)(C)[C@@H]5CC[C@]43C)[C@@H]12,-5.94327100070733,-3.5196428671766453,,-2.3099587913800894,-2.206702271687009,,,-1.899429632089717,-3.371156849923306,,0
b2AR-decoy_1583,Nc1cnc(c2ccc(c3ccccc3S(=O)(=O)N[C@H](CO)Cc3ccccc3)cc2F)cn1,-5.9428397488865,-4.011501904560445,-4.310722497993871,-4.80331110623098,-2.5757342147661086,-4.092525395106154,-2.274345732461801,-2.705348798905997,-1.495628082733046,-3.526277585092887,0
b2AR-decoy_1007,CC(C)C1=CC(=O)[C@H](CO[Si](C)(C)C(C)(C)C)[C@@]12C=C[C@](C)(O)CC2,-5.94135535120891,-2.7694923750477853,-3.522145723136801,-2.50090822175879,-1.2862986864696788,-1.9693001331615747,-0.6488194835812813,,-2.8704501885393565,-2.134373446751067,0
b2AR-decoy_99,Cc1ccc(c2cc(C(=O)NC(C)c3cnccn3)cc(c3scnc3C)c2)cc1,-5.94051022856293,-3.2801400295957555,-2.427442547751172,-0.9661968082453698,-2.5770630210309884,-2.156435410711195,-2.280379390897881,-1.5329038769335472,-3.827252097455256,-2.6444777065649974,0
b2AR-decoy_2852,Cc1ccc(S(=O)(=O)c2nc(c3cccs3)oc2SC(C)c2ccccc2)cc1,-5.93923120518017,-4.819343786531475,-3.5202158269308117,-2.4766175083772595,-3.026595759155809,-2.318873225601795,-1.2728741993444208,-2.039676909279427,-3.776594850534896,-2.6859259549137566,0
b2AR-decoy_2175,CN(C)c1ccc(/C=N/NC(=O)N2c3ccccc3Sc3ccccc32)cc1,-5.93854158254611,-5.771507642921805,-4.751180107965761,-2.2784185049826595,-1.4705785384220782,-4.224890778633816,-3.187451836471091,-0.4033689446072266,-4.642807087965487,-4.936113912560437,0
b2AR-decoy_837,CC1=NN(c2ccccc2)C(=S)/C1=C/Nc1ccc(/N=N/c2ccccc2)cc1,-5.93813141787369,-3.6931543730486354,-2.7478009997984616,-1.2075122113015695,-3.5930768834131284,-0.6232923277228348,-2.7295741491242014,-2.217963258871597,-1.8299974921474664,-2.8232642871774067,0
b2AR-decoy_1399,O=C1CS/C(=C/c2cnc[nH]2)N1,-5.93713316715539,-4.530759138166985,-4.045829573385671,-3.2854509661690194,-3.0547255476067585,-1.850108882829255,-2.459656133362331,-2.2518654612608566,-3.4893908650902565,-3.199750244124267,0
b2AR-decoy_1321,CCc1ccc(C(=O)NNc2cc(Cl)ccc2Cl)cc1,-5.93651752665202,-3.133783051874365,-5.163891408873622,-3.3201393166970297,-3.9232080011312487,-3.064341991621885,-0.8136734095698808,-3.216474127709657,-3.872674340783556,-3.718786064589146,0
b2AR-decoy_2934,O=C1[C@H](Cc2ccccc2)N=C(c2ccccc2)c2ccccc2N1Cc1cccc(c2ccccc2)c1,-5.93550015111146,-2.158286381248555,-4.394557630677991,-1.42935278773244,-1.7798711075272182,-2.843950312028385,-1.5078652736252112,-2.1387927232134265,-4.4821800489333565,,0
b2AR-decoy_3158,CC(C)[C@@H](C)/C=C/[C@@H](C)[C@H]1CC[C@H]2[C@@]34C=C[C@]5(CCCC[C@]5(C)[C@H]3CC[C@]12C)OO4,-5.93478888287718,-4.136591304398515,-2.0947902483093115,-3.49022424209699,,,-1.039150970875791,-1.5145066138663967,-3.381630764496366,-3.587378473710967,0
b2AR-decoy_1190,COc1cc2oc(c3ccc(O)cc3)cc(=O)c2cc1CC=C(C)C,-5.93429594251721,-2.848621040337245,-4.650027502389361,-2.1164028357597795,-3.666170771301209,-2.035897385778145,-3.1937983460403307,-3.236744875711537,-3.415626092051117,-3.042617379892367,0
b2AR-decoy_1484,Cc1sc(c2cc[nH]n2)nc1O,-5.9339529784107,-4.923519792441645,-3.9086486626606014,-2.9233927645387,-2.5097719737219286,-1.4898223960731043,-1.7288439902485209,-1.1655739728809469,-3.3000772889665866,-2.612529107794008,0
b2AR-decoy_690,CCOc1ccc(c2oc3c(ccc4ccccc43)c(=O)c2O)cc1OCC,-5.93227519536189,-2.166528525415265,-3.3418575062305718,-2.323699487324069,-2.9578451369158483,-2.853094593244335,-2.1327877340897112,-1.017969742302217,-2.259415521561796,-2.9755511597307174,0
b2AR-decoy_1733,COc1cc2c(c(OC)c1OC)-c1c(cc3c(c1O)OCO3)[C@H](OC)[C@@H](C)[C@@H](C)C2,-5.93222388914705,-4.265373345755505,-2.438675466935651,-2.4120674952219696,,-2.1922553423049447,-0.7910296560251808,-0.7598311274338165,-3.435522069906477,-3.743975901082257,0
b2AR-decoy_2603,CC1=CC[C@H]2C(C)(C)C(=O)CC[C@]2(C)[C@H]1CC[C@H]1C(C)=CC[C@H]2C(C)(C)C(=O)CC[C@]12C,-5.9313045522912,-2.933306434246885,-3.917014942927831,-2.84238764992695,-2.9831767207303885,-1.3710104975612447,-1.4047207047801011,-1.329693414873347,-2.763301150487596,-3.139512228861237,0
b2AR-decoy_2940,Cc1sc2c(c1C)C(c1ccc(Cl)cc1)=C[C@@H](CC(=O)OC(C)(C)C)c1nnc(C)n1-2,-5.93063336497644,-3.166048767781465,-3.505539861353941,-2.3374350185316795,-1.8836119702557488,-0.7660776881230049,-1.693444687163061,-2.3235843813860564,-2.9112269608628463,-3.1409553043636467,0
b2AR-decoy_2429,CCOC(c1cc(Cl)cc(Cl)c1)C(SC(C)(C)C)n1ccnc1,-5.92865795216875,-3.8141627652985752,-3.843967501713912,-2.44495702810892,-2.6465455054190485,-2.1707097196863447,1.0800073527153589,-1.707420972907017,-2.392069675145886,-3.827181733236157,0
b2AR-decoy_742,CC(C)(C)c1cc(C(=O)/C=C/c2ccc3c(c2)OCO3)cc(C(C)(C)C)c1O,-5.92683971649997,-4.484657948027065,-3.6295392473436103,-2.25812469430724,,-1.525997220487275,-1.219431901289591,-0.8708363992199466,-2.2684276205174765,-3.376247943525677,0
b2AR-decoy_2766,Cn1nc(C(C)(C)C)c(Cl)c1c1nc2cc(c3ccccc3C(F)(F)F)ncc2[nH]1,-5.92613538713909,-3.5485059729801653,-4.310140700941641,-2.42340375164634,-1.4982404787931385,-0.8435312873624747,1.2287079582401992,-0.1261314611668069,-2.770100547451146,-3.079660616911746,0
ASD03130110,Fc1ccc(Nc2nc(Nc3cc(Cl)cc(Cl)c3)nc3ccccc23)c(F)c1,-5.92602442583282,-4.739323044892585,-4.417105652401132,-2.612504900506249,-2.6781003763767286,-2.932184904043285,-2.036678453072392,0.4950056154299735,-4.611964690528346,-1.8612938710317968,1
b2AR-decoy_1677,CC(C)(C)C(=O)OCSc1nc(c2ccncc2)no1,-5.9240522959518,-3.486220653684416,-3.501318561566551,-3.29765453062806,-2.7798008259858484,-1.5408865104878844,-0.7288975234897412,-1.9688186402364467,-3.570415867870296,-2.9457058608157767,0
b2AR-decoy_3187,CC(C)[C@@H]1CC[C@@H](C)C[C@H]1O[C@@H]1C(=O)N([C@@H](C)c2ccccc2)[C@@H]1/C=C/c1ccccc1,-5.92375529838585,-4.016012877995865,-4.308600189184541,-2.37354201457374,-3.7148684366899687,-2.498107116924455,-1.0406131900906006,-2.623444351497807,-3.986562816295496,-2.642424615292097,0
b2AR-decoy_1420,Nc1oncc1n1cc(F)cn1,-5.92324933898327,-3.9978677393138256,-3.556064053030121,-2.8024973719862,-2.3651256775247083,-1.548639209069795,-1.4810895982170609,-1.2939318749418467,-2.908406890410556,-2.578901802655667,0
b2AR-decoy_2769,O=C(CSc1nccnc1c1ccccc1Cl)Nc1ccc(Cl)cc1Br,-5.92298950772297,-3.3074880579928854,-2.5835284919837718,-2.85616389225303,-2.8213368534778285,-0.6770793774509949,-1.397480892348061,-0.5842179596476669,-3.0186126295453466,-0.1567917960934068,0
b2AR-decoy_79,CCCCCCc1cc2c(C)cc3c(c2o1)C(=O)c1c(O)cccc1C3=O,-5.92283239970611,-3.366209055027065,-2.6355706506021708,,-3.3231269348032386,-2.5477470830964046,-0.5529768317917112,-2.252931576090777,-3.2700660056643764,-3.1716871088765277,0
b2AR-decoy_827,COc1ccc(c2cc3c(cc2OC)CC[C@@H]2[C@@H]3CC[C@@]3(C)[C@H]2CC[C@]3(C)O)cc1,-5.9213072697377,-2.958413386364385,-2.833914327239551,,-2.4635821348423086,-2.4597577328806244,-1.4407331250942308,,-0.1813918864155863,-2.889781811606108,0
b2AR-decoy_1319,CC(=O)COc1cccc(c2cc3cc(C)ccc3oc2=O)c1,-5.92050036495585,-6.169715473767084,-6.142767387140312,-4.4462971923388,-2.6031035087428585,-4.508091216552975,-3.4887418549259914,-4.173651556806776,-4.854448047492876,-2.9038251512162065,0
b2AR-decoy_493,CCOc1ccc(c2cc(=O)c3c(O)cc(O)cc3o2)cc1,-5.91887491361757,-3.013512674719885,-4.130543977608581,-3.89259038552326,-2.1076350300570788,-3.192676485488625,-2.785613733657251,-2.441629178068757,-3.9297548444783463,-2.958701633868167,0
b2AR-decoy_1369,CCCc1nccn1Cc1coc(c2cccc3ccccc32)n1,-5.91733170184475,-4.057375960345125,-5.717333281280901,-3.49831530511566,-2.654655719133788,-3.2922734504199846,-2.536453303405791,-1.7900031714224367,-3.4485049697916565,-3.977103397945746,0
b2AR-decoy_2732,C[C@]12CC[C@H]3[C@@H](CC=C4C[C@H](NC(=O)C5CCC5)CC[C@@]43C)[C@@H]1CC=C2n1ccnc1,-5.91720814685111,-3.891526207127996,-3.224516250208371,-2.35415890642758,-2.4207159001696983,-1.9188532358506247,-1.562665083424621,-0.5882776361689173,-2.8105651610641065,-3.254337861394537,0
b2AR-decoy_43,C/C=C1\[C@H]2C=C(C)C[C@]1(/N=C/C=C/c1ccccc1)c1ccc(=O)[nH]c1C2,-5.9168758304398,-4.839379210071395,-4.727010543094432,-3.64618262711428,-3.576426027234608,-3.241108407547894,-2.509007613304311,-1.9898892925285665,-3.9824324288648567,-3.0720618650800966,0
b2AR-decoy_857,CCc1cc2c(cc1O)CC[C@@H]1[C@@H]2CC[C@]2(C)[C@@H](C[N+](=O)[O-])CC[C@@H]12,-5.91621998493827,-3.383985787771725,-3.2334568001952317,-1.937942760102,-2.693553741446139,-2.171514532077885,,-1.240496921561677,-3.106553794563516,-2.7335566268560174,0
b2AR-decoy_748,C=CCOc1ccc(/C=N/c2ccc(C)c(Cl)c2)c(O)c1,-5.91467188528191,-4.275124548797765,-3.624777154348891,-1.6698601238219402,-2.925814373993698,-2.798834271023225,-2.242220689903781,-2.095618560175737,-3.5790790226670968,-1.716606533110427,0
b2AR-decoy_1430,COC(=O)c1c[nH]c(c2ncc[nH]2)n1,-5.9144689346099,-4.128838957099105,-3.674164742305892,-2.06755065369694,-2.0553761965512782,-1.8065979244453745,-1.170089045207931,-0.9126222634536668,-2.698426206931986,-3.605413766261767,0
b2AR-decoy_681,CCOc1ccc(c2onc(C(F)(F)F)c2c2ccc(OC)cc2)c(O)c1,-5.91445689550368,-3.728802562148275,-2.873804152657031,-2.8473443518171697,-1.7965575105878484,-1.8669527316750747,-2.3893200339281107,0.0022072472812935,-3.278718078729386,-2.999319089062537,0
b2AR-decoy_279,CCCCc1nn(c2ccccc2C(F)(F)F)c(=O)n1Cc1ccc(c2ccccc2S(=O)(=O)NC(=O)C2C(C)(C)C2(C)C)cc1,-5.91041141286722,-6.745510597483195,-4.131271229050741,-2.9898088827921,-2.841095226058319,-0.5691589326559843,-1.1350260756048811,0.0844923936787331,-2.6833119932485063,-3.498748826103317,0
b2AR-decoy_2207,C[C@H](CC[C@H](O)C(C)(C)O)[C@H]1CC[C@@]2(C)C3=C(CC[C@]12C)[C@@]1(C)CC[C@H](O)C(C)(C)C1CC3,-5.91008441501835,-3.059114971313595,-2.950204197727971,-2.7005042925609297,-1.803060388202608,-2.4393678963177043,1.454177380022439,0.0187216796575331,-3.0677232736437468,,0
b2AR-decoy_1873,CCNS(=O)(=O)c1ccc(NC(=O)CSc2nc(C(F)(F)F)cc(c3ccco3)n2)cc1,-5.9081989941009,-4.553234652135245,-3.3127918229705013,-1.9944591308923296,-1.6794119009968984,-2.224774880820694,-2.3839895985066413,-2.695239922962007,-2.6928888479341166,-3.058055149991907,0
b2AR-decoy_3151,COc1cc(C(SCc2ccccc2)SCc2ccccc2)ccc1O,-5.90534895972478,,,-3.6274222464202097,-4.521481295557129,,-2.856100867416111,-1.3790775377304971,-3.383884912314106,-3.653413494764877,0
b2AR-decoy_2469,CCCCC[C@@H]1CC2C(CCC3(C)C(=O)CCC23)C2(C)C=CC(=O)C=C12,-5.90492363528545,-3.957669920079905,-2.284947728286541,-2.2491362252999,-1.8953203385755089,-2.1422829798061747,-1.1233114708545608,-1.8647017412952869,-3.3045420926053666,-2.2909601426050066,0
b2AR-decoy_2728,CCC(/C=C/[C@@H](C)[C@H]1CC[C@H]2[C@@H]3CC=C4C(=O)[C@](O)(C(=O)OC)C[C@]4(C)[C@H]3CC[C@@]21C)C(C)C,-5.90467251373558,-4.141478127387175,-4.066378916666421,-2.7362502464311698,-2.345286109395248,-0.6414861007404244,-1.8215183948453708,-2.0010933806771067,-1.5571006342718965,-2.8158993373153574,0
ASD03130074,Cc1ccc2nc(Nc3cc(Cl)cc(Cl)c3)nc(NC3CCCCC3)c2c1,-5.90371824168391,-3.593347132577935,-4.207228471418821,-2.9472805143957395,-2.8951130014223985,-1.5808685561069948,-0.0895466882764912,-1.326147087439037,-2.7667663409481467,-2.978352765225137,1
b2AR-decoy_2893,Cc1ccc2[nH]cc(C(/C(=N\O)c3ccc(Br)cc3)c3c[nH]c4ccc(C)cc34)c2c1,-5.90366756886537,-1.2753932876826153,,-1.99595319513856,,-2.689828178064955,,,-0.8176204733662762,-3.2263151896265065,0
b2AR-decoy_3032,Cc1csc(C(C)(O)c2nnc(Nc3cnn(Cc4c(F)cccc4F)c3)s2)n1,-5.90359021594782,-3.7797568266506048,-4.499562178687331,-2.74104125485486,-2.473667568245398,-2.0262433245887843,-2.8868973705787013,-2.565092134834707,-3.632677730916287,-2.797661498212887,0
ASD03130039,c1ccc2c(NC3CCCCC3)nc(NC3CCCCC3)nc2c1,-5.90035651861296,-4.468803206952385,-4.656969977339712,-2.53016678260141,-2.5413593263650585,-2.147169701254815,-1.8490591083663608,-1.4326831402777964,-1.466528922072686,-2.746427728805697,1
b2AR-decoy_2928,COc1cccc(c2cc(C#N)ccc2COC(c2ccc(Cl)cc2)c2cncn2C)c1,-5.90004719478188,-3.432905517805115,-5.157802035184751,-3.24092373709001,-3.202569005578608,-2.492663690692445,-2.0978741052966114,0.2719587991574634,-4.128800540655557,-3.3531740437068067,0
b2AR-decoy_731,C[C@H](/C=C/C=O)[C@@H]1CC[C@]2(C)C3=C(CC[C@@]12C)[C@@]1(C)CC[C@H](O)C(C)(C)[C@@H]1CC3=O,-5.8991098920347,-3.938029868670885,-4.365822823322931,-3.24239597136377,-2.3058489213296784,-3.3874602026177945,-0.8611796045151809,-2.183599428493737,-4.237282634229836,-2.4589456953229667,0
b2AR-decoy_1874,O=C(NCCSCCO)c1ccccc1Sc1ccc2c(/C=C/c3ccccn3)n[nH]c2c1,-5.89770319724335,-3.0145664630515148,-1.9839114398831512,-1.6403845531100891,,-1.6219697704625249,-1.2445929976168406,-2.703082078314437,-0.3532156419050665,-2.113249646054127,0
b2AR-decoy_1269,C[C@@H]1CC[C@H]2C(CSc3ccccc3)C(=O)O[C@@H]3O[C@]4(C)CC[C@@H]1[C@]32OO4,-5.89747887294862,-5.549717958765375,-4.638007950101311,-3.23444209759509,-4.151230714344218,-3.360937798225895,-2.335638911317841,-3.036066965710207,-3.695994830445677,-4.067476396829648,0
b2AR-decoy_1461,CC1(C)C(=O)C(C)(C)C1=NN,-5.89641221167379,-4.240045034438925,-4.299503162208271,-3.39546845175712,-2.183650757957168,-1.7672218011410843,-1.5236942795010109,-0.7441095838430867,-3.1237319422153567,-2.4004095280642272,0
b2AR-decoy_2526,Cc1cc(c2c(F)cc3c(=O)c(Cc4c(O)cc(O)cc4O)cn(C4CC4)c3c2F)cc(C)n1,-5.8942839521852,-4.471051182512675,-3.799417832929901,-2.7386407368039998,-2.7667234224862582,-2.1037590363317644,-2.712231538822911,0.2672332352171027,-3.357737051395576,-1.4554049670389069,0
b2AR-decoy_810,C=CC(C)(C)C1Oc2cccc(OC)c2-c2ccc3c(c21)C(C)=CC(C)(C)N3,-5.89373155384833,-3.393150584999725,,-2.45570077629308,-0.5455010104467486,-1.5637436012225647,-0.9902379748599808,-2.2401704120622368,-3.090608869625126,-2.813458689291868,0
b2AR-decoy_1212,CC(OC(=O)CCCNC(=O)OC(C)(C)C)c1ccc2ccccc2c1,-5.89371979254897,-4.661092391534195,-5.694230951995541,-2.02819890680994,-3.8932274995100986,-1.463726471531125,-1.7344358340149206,-0.5492061336656668,-3.207829804786116,-2.9807399510019272,0
b2AR-decoy_416,CC1(C)OC(c2ccc(S(N)(=O)=O)cc2F)=C(c2cccc(F)c2)C1=O,-5.88916977608594,-3.177282256530435,-3.0677018887064413,-1.9496735290413696,-3.307398377443149,-1.6666090579667443,-1.571700837753311,-1.7418555466526664,-2.797710500814336,-2.088395729389617,0
b2AR-decoy_2168,CC(C)c1c(OC2CCCCC2C)cc(Cc2ccc(F)cc2)[nH]c1=O,-5.88652806960863,-3.752541037781385,-3.6237287332247208,-2.74635189609109,-3.5790025011911286,-3.073056011488715,-1.6961969311363712,-2.196232552452007,-3.486597072811036,-3.747917214365667,0
b2AR-decoy_892,CC(C)=CCc1c(O)cc(O)cc1c1cc2ccc(O)cc2o1,-5.88638220294466,-3.958500887847215,-6.025221278952041,-1.81316474372188,-2.2592479162912085,-3.2531999577789747,-2.2927080353642117,-2.7058412496935365,-4.135169142606436,-3.457132328274817,0
b2AR-decoy_1267,Cc1onc(c2ccccc2Cl)c1C(=O)N1C=CC(C(F)(F)Cl)=NCC1,-5.88505433105017,-3.975764619406485,-3.103336216570221,-1.8510002489165096,-1.9769757852096683,-1.727241424636465,-1.3164001698801506,-1.178551462895677,-3.5341357693620967,-2.846937697677528,0
b2AR-decoy_1412,C#CSc1cnc(O)nc1O,-5.88390458419161,-3.906396596386696,-4.788161483215081,-2.4499975073972,-2.031395275496198,-0.9712373452398052,-0.6931842584371406,-1.4540814441149372,-3.0215065271744663,-3.1311673120947767,0
b2AR-decoy_68,Cc1ccc(C(C)C)c(OC(=O)Nc2ccc(I)cc2)c1,-5.88322848070899,-2.2352063063808147,-2.989326779965832,-1.5161052241322397,-0.0431647966324986,-0.4687005215908746,0.5081262422921489,0.4361472363244134,-3.5105625204866167,0.1267919538593429,0
b2AR-decoy_2575,Clc1ccc(COC(Cn2ccnc2)c2ccc(Cl)cc2Cl)c(Cl)c1,-5.8815750240673,-3.407769029118205,-3.2522317507395515,-2.54196600835067,-3.2205771530664187,-2.034685633755995,-3.1668707306308512,-2.314904197312197,-3.0766294156272167,-3.893178832549627,0
b2AR-decoy_1197,C/C(CCc1oc2ccc(Br)cc2c1c1ccc(C)o1)=N/O,-5.88052973980912,-3.7815945401207953,-3.8832244514938914,-1.6587544730809594,-1.6570613368211484,-1.4063707018734348,-1.1159173898361612,-0.8008806721197272,-3.116331726047976,-1.5768141780516571,0
b2AR-decoy_3192,COC(=O)CCC/C=C(\c1cc(F)cc(C(F)(F)F)c1)c1cc(C)c2onc(OC)c2c1,-5.8794492611452,0.1986311629902648,-3.910721601713641,-2.3142212097265595,-2.470918433798498,-1.7152257998364844,-1.5228658098672607,-0.3934021730389165,-1.848406129049437,-1.8265120616708868,0
b2AR-decoy_2074,O=c1cc(/C=N\c2ccc(O)cc2)c2ccc(OCc3ccccc3)cc2o1,-5.87933404151246,-4.513451986877085,-3.713595570851061,-2.03949424404332,-2.4916340006702784,-0.9184563006825446,-2.452853549741241,,-3.2194630527572263,-3.826685914340127,0
b2AR-decoy_1530,Cc1ccc(Sc2c(C)nn(c3ccccc3)c2OC(=O)CC(C)C)cc1,-5.87846625765554,,-4.311498149500821,-3.66649353642632,-4.000933473038498,-2.6150876266488243,-2.258049093470701,-2.179835657058767,-3.889945147569766,-4.402605671638238,0
b2AR-decoy_2535,COc1ccc(C(=O)/C=C/C2=C/C(=C/NC(C)C)C(=O)c3ccc4c(C)cc(=O)oc4c32)cc1,-5.87845661872772,-5.086427973103275,-4.478657986837852,-1.86519685595366,-3.2040367793246185,-3.153733452794765,-1.788934871065151,-2.3794259858416265,-3.0660572194783766,-3.809762474832367,0
b2AR-decoy_2564,CCS(=O)(=O)C(C)(C)c1ccc(Oc2ccc(F)cc2F)c(c2cn(C)c(=O)c3[nH]ccc32)c1,-5.87671851096067,-3.270044918404415,-5.422007238034981,-2.33919756947025,-2.408427939839158,-3.215427673190895,-1.343744147541071,-3.4866760254466573,-2.1797671980756865,,0
b2AR-decoy_1015,O=C(/C=C/c1ccc([N+](=O)[O-])cc1)/C=C/c1ccc([N+](=O)[O-])cc1,-5.87610031933573,-5.478627599374025,-5.3141875292207015,-2.7382505986771,-0.0474798833367184,-0.3949644992396948,0.3284876165079389,-3.0323351166606667,-1.4123234891482968,-1.870700974957907,0
b2AR-decoy_694,CC(C)CC(=O)c1c(O)c2c(c3c1oc(=O)cc3c1ccccc1)OC(C)(C)C=C2,-5.87541376715378,-3.7575736057406255,-3.896410261562131,-0.5457314723870099,-1.8222411795757385,-1.8890561503382344,0.0656595978222887,-1.3376691165681471,-2.999688451295566,,0
b2AR-decoy_918,CCOC(=O)C1=C(C)Nc2ccccc2SC1c1ccccc1Cl,-5.87334978337909,-3.914076924332705,-3.399106508447611,-2.0597087863515497,-2.1661988330304185,-1.6719569058634445,-1.961988424287851,-2.400054887940166,-3.207863951114806,-3.400422444833987,0
b2AR-decoy_2781,CC(=O)O[C@H]1CC[C@]2(C)[C@H]3CC[C@@]4(C)[C@@H](CC[C@@H]4[C@H](C)CCCC(C)C)[C@@H]3C[C@@H]3O[C@@]32C1,-5.87262222336785,-3.174579688617875,-3.193610447533361,-2.8368036914663097,,-2.3699885544100248,-0.6696678407037409,-1.1892022050929771,-1.880238952012836,-2.535496881453287,0
b2AR-decoy_1126,C=C1[C@H](O)CC(=C/C=C2\CCC[C@@H]3[C@@H](CCCCC(C)(C)O)CC[C@@H]23)C[C@H]1O,-5.87207852977303,-5.623728760126155,-4.092535479523011,-2.64425512393306,-3.1043675301507188,-0.0670341733250143,-2.2033477750352413,-1.8223970002457568,-4.348806256801106,-2.9067978282374667,0
b2AR-decoy_2032,CCc1ccc(C2c3c([nH]nc3c3cc(C)ccc3O)C(=O)N2CCO)cc1,-5.87194095234703,-3.793838351595765,-5.000044922952132,-2.68467819947059,-2.879488470529008,-0.8714238345901348,-2.228860946144331,-1.617910509616177,-2.531544364464146,-2.391906739870127,0
b2AR-decoy_367,Cc1oc(C)c2c(=O)ccc3c(c12)OC(N)=C(C#N)C3c1ccc(F)cc1,-5.86966075315617,,-2.5950680372426014,-1.7124491785859597,,-2.331728665511455,-1.3815574372241208,-1.6282677901498168,-3.4689656618111764,-2.259160046235777,0
b2AR-decoy_329,O=c1oc(C2(O)CCCCC2)cc2ccc(/C=C/c3ccc(F)cc3)cc12,-5.86815732534125,-3.2371553338249357,-3.151650814656051,-0.6676885038581997,,,,,-1.4308031910262766,-3.0580087832154272,0
b2AR-decoy_2495,COc1cccc(C(=O)c2oc3ccc4c(C)cc(=O)oc4c3c2c2ccccc2)c1,-5.86808590685692,-3.291614114913995,-2.994125581722141,-2.5305011483676,-4.251321367221869,-1.664639903563125,-2.6701234774771114,-1.8014510494677465,-3.658214512071006,-2.258597722966407,0
b2AR-decoy_2568,N#C/C(=C\c1ccc(C(F)(F)F)cc1)c1ccc(OCc2c(F)cccc2Cl)cc1,-5.86781890510522,-5.499973600996345,-4.122733124746401,-3.5090294104075497,-2.121042404877028,-0.2067225488391351,1.0237166768858388,-1.9315404074138671,-0.2723858802163263,-3.430805431486887,0
b2AR-decoy_2192,Cc1cc(/C=C2\SC(=O)NC2=O)c(C)n1c1ccc(Oc2ccccc2)cc1,-5.86775599170046,-4.683900418328075,-5.059729149323111,-3.52380746240419,-3.051069058180448,-2.169506190268285,-3.73950849859537,-1.5812805608939966,-4.742023594644197,-3.2838030762492374,0
b2AR-decoy_1854,O=C(NCCCn1ccnc1)/C(=C\c1ccc(Br)cc1)NC(=O)c1ccccc1F,-5.8671640069798,-4.847041987218765,-3.3844815546069613,-3.49430298662861,-5.737434247711148,-2.706713960718755,0.2286541123498091,,-3.4923783062454863,-3.656480246325937,0
b2AR-decoy_2634,N#Cc1c(SCc2nnc(c3ccccc3)o2)nc(c2ccccc2)cc1c1ccccc1,-5.86595502761705,,-5.174398953560841,-0.2915721748604896,-2.4069096842414286,-2.3294308301082447,0.6603401359741992,-1.878135428630877,-2.148329230582537,,0
b2AR-decoy_2899,CC(=O)O[C@H]1CC[C@@]2(C)C(=CC[C@H]3[C@@H]4CC[C@H](c5nnc(c6ccco6)o5)[C@@]4(C)CC[C@@H]32)C1,-5.8657830108845,-2.852601827710635,-4.428227303824461,-3.048491223127749,-1.8197982812032487,-2.9140816961491245,1.6116707610901688,-1.9200841928923564,-1.0841341580571862,-3.185194000675367,0
b2AR-decoy_2866,COc1ccc(c2oc3ccc(c4ccc5c(c4)OCO5)cc3c2c2ccc(OC)nc2)cc1,-5.86553068354734,-2.8274847805522354,-1.1349922302626911,-1.34917796570046,-2.2303150159055782,0.2619322695527852,-0.3658389189666406,1.099401585366523,-2.2812330513407364,-1.2562835356113466,0
b2AR-decoy_720,C[C@]12CC[C@H]3[C@@H](CC=C4C[C@H](NC(=O)C5CC5)CC[C@@]43C)[C@@H]1CC=C2c1cccnc1,-5.8649936560796,-2.756574053969296,-2.781010687949672,-1.6164680832802991,-2.019899090694389,-2.998169672520965,-1.7547387168983208,-0.6118099383363571,-3.3250980671725365,-3.195656132892387,0
b2AR-decoy_2349,CCOC(=O)c1sc(SC(C)C)c(C#N)c1c1cc(O)c(O)c(O)c1,-5.86313872342259,-4.544203732851265,-2.469269487356521,-2.69475728320723,,-2.2055999745343646,-2.5843121892366314,,-2.4856624071714464,,0
b2AR-decoy_873,CCCC[C@@]12CCC(=O)C(CC)=C1c1ccc3[nH]ncc3c1C2,-5.86278075877992,-2.963975228670076,-3.954367737749881,-2.3120742919667,-1.6280084167675488,-2.130420634377545,-1.457023456379411,-0.9985535682676066,-2.703684232739197,-2.1364824531856166,0
b2AR-decoy_1104,CC(=O)Nc1cccc2c1Cc1c-2[nH]nc1c1ccc(c2ccc(O)cc2)cc1,-5.86067070237724,-5.030855519048725,-4.033162557849812,-3.83440746252156,0.2478891252881614,-0.4866660945517749,-0.6227967908816812,-1.479648845588577,,-1.215091107824017,0
b2AR-decoy_1259,CCCc1ccc(C(=O)OCc2c(OC(C)C)ccc3c(C)cc(=O)oc23)cc1,-5.86053697493502,-5.615639961579285,-2.569621957323281,-1.89974154720698,-2.550195896036118,-2.5143432177832343,0.0262236323409092,-1.2095009186710968,-1.649301652003266,0.0064696716967431,0
b2AR-decoy_1491,Nc1ncc([N+](=O)[O-])s1,-5.86045505315373,-3.794465953539075,-3.5795842880836712,-2.40589650319649,-2.1666259238487786,-1.6178460778978645,-1.6373057543759106,-1.162386155258817,-2.736771807997356,-2.396946091367347,0
b2AR-decoy_421,C/C(=N/Nc1ncnc2sc(C)c(C)c12)c1ccccc1O,-5.8601998579634,-3.253079358783375,-4.802202735741451,-2.9892624659751794,-3.709910184811529,-3.8098360743743935,-2.1206292074402717,-2.141692181581427,-3.502857227307066,-2.2488819790021366,0
b2AR-decoy_2755,CC(C)CCC[C@@H](C)C1CC[C@H]2[C@@H]3C[C@@H]([N+](=O)[O-])[C@H]4C[C@@H](O)CC[C@]4(C)[C@H]3CC[C@]12C,-5.85872213541583,-3.397515052924545,-2.8739772797143117,-2.032341298043629,,-1.8938473058637744,,-0.8276544307988667,-2.232497474722787,-3.2855148222356667,0
b2AR-decoy_2735,CCC(C)(C)C1CCc2sc3ncnc(N/N=C(\C)c4ccc(OC)cc4)c3c2C1,-5.85726416451537,-3.945327980071795,-3.482581205139472,-3.58539681478132,-2.1773121611539983,-1.1000162684144943,-1.4882098267993609,-0.8174521811370372,-2.1851212739908465,-0.552118916695227,0
b2AR-decoy_2768,Cc1ccccc1c1coc2c(c(O)cc3occ(c4ccccc4C)c(=O)c32)c1=O,-5.85712468845408,-4.685158649907115,-3.3359226658726016,-3.3225076036019,-1.0634876534614488,-0.4607221516215647,-0.8051108374143814,-0.7028635186042065,-3.2167814552030967,-3.400541299981707,0
b2AR-decoy_2707,CC(O)(COc1cc(C(C)(C)C)cc(C(C)(C)C)c1)C(=O)Nc1ccc(C#N)c(C(F)(F)F)c1,-5.85428015120527,-4.893846183741645,-3.3604518557379013,-3.5305085691077496,-2.721812002006778,-1.398030239687115,-1.9288890594077917,-0.1190413139993067,-3.0690821861773765,-4.641570507013977,0
b2AR-decoy_544,CCOC(=O)c1sc2cc(c3ccc(F)cc3)oc(=O)c2c1N,-5.85401801247102,-0.9460391649430652,-4.084121990270131,-2.2173679472579897,-2.2143813465225684,-0.8625912330918446,-2.1636484897130317,0.2966424189795429,-2.297937162123116,0.4084762411443132,0
b2AR-decoy_1337,CCCN(c1cc(Cl)ncn1)n1ccc2ccccc21,-5.85304084036013,-3.843789152073815,-4.314799785266532,-2.31799471486955,-2.863695089421409,-0.4669927345856051,-0.0046010023749714,0.2395852636173234,-3.1192002610755063,-1.600054948422057,0
b2AR-decoy_655,Cc1ncnc(C)c1c1ccc(Oc2nccc3[nH]ccc23)cc1Cl,-5.85292941325514,-3.424154992866935,-2.815183530207041,-2.9976613450519496,-1.7960004540253385,-1.9428106869591044,-0.570956860173121,0.3417659649276334,-3.490331380842206,-0.4647834341128871,0
b2AR-decoy_2857,O=c1cc(N2CCCCC2)oc2c1cccc2c1cc(c2ccsc2)cs1,-5.85257224427052,-5.243461769526385,-3.558270591777501,-2.86008713432252,-3.6481360819006983,-3.2542815977039945,-2.414942028119861,-1.8906876732759272,-3.1410553569043165,-1.0068110855284167,0
b2AR-decoy_1527,COc1ccc(c2cscc2c2cc(OC)c(OC)c(OC)c2)cn1,-5.85200034218036,-3.1991068544540155,-4.104644413769251,-1.9125961883935,-3.011498341018968,-1.4488519018158446,-1.224579024561801,-0.0451319301469368,-2.895476690421896,-2.299040546846197,0
b2AR-decoy_1419,Nc1nc(C(F)(F)F)ns1,-5.85132964482234,-4.253580994968105,-3.174403560008381,-2.4070530590647,-1.9874510713470084,-1.067738868406665,-1.3171055359375314,-1.1925277620057368,-3.0102029704665965,-2.378987982991837,0
b2AR-decoy_2890,COC1CC(C)(C)Oc2nc(c3ccc(Cl)cc3Cl)c(c3ccc(Cl)cc3)cc21,-5.85118886552374,,-3.064846124888541,-0.5076204807574198,-3.1994568640033485,-0.8479541206530747,-0.8059403066732713,-0.8222322843345369,-2.405984681146216,-1.9313558725096371,0
b2AR-decoy_2762,FC(F)(F)c1ccccc1c1cc(C(F)(F)F)c2[nH]c(C3=NOC4(CCOCC4)C3)nc2c1,-5.85109885640201,-3.936739747311975,-3.5569121692339314,-2.8405103300915098,-3.899135833723898,-1.6836004413399843,-1.4815344093477512,-1.2485965966896666,-4.182883181398276,-3.071108175665717,0
b2AR-decoy_2860,Cc1cc(Sc2c([N+](=O)[O-])cc([N+](=O)[O-])cc2C(F)(F)F)c(Cl)cc1Cl,-5.85009897371139,-3.147738925377035,-4.334221808519232,-2.12275299237802,,,-1.7315546549047711,,-2.3806696075959364,-3.463534812524887,0
b2AR-decoy_309,NS(=O)(=O)c1ccc(NC(=O)C(F)(F)C(F)(F)C(F)(F)C(F)(F)C(F)(F)C(F)(F)C(F)(F)C(F)(F)F)c(I)c1,-5.84941811473045,-4.617472078701985,-4.036596066001911,-3.11592689238884,,-2.2101253239623047,,-2.5507813444606464,-3.364311246445716,,0
b2AR-decoy_2546,O=C1OC(c2ccccc2Cl)=N/C1=C/c1ccc(OC(=O)c2ccccc2Cl)c(O)c1,-5.84938805544492,-7.118170997467015,-5.815400210983151,-1.5445960966239791,-1.8401624641794188,-0.7755332735214848,-2.955642989583791,-1.0741071747779571,-4.742070538234937,-1.9957283280265967,0
b2AR-decoy_2033,C/C(=N\NS(=O)(=O)c1ccc(N)cc1)c1ccc(n2c(C)ccc2C)cc1,-5.84648789135012,-3.098945214237215,-2.876522429027861,-1.98361014523144,-2.5192598174333485,-2.618420898969955,-2.0202966973073613,-1.0755063361090764,-3.975849282176356,-1.8657433742983769,0
b2AR-decoy_931,CCOC(=O)/C(=C\Nc1ccc(Cl)cc1Cl)c1ccc(Cl)cc1,-5.84618425421846,,-3.734316834318811,-1.3156055635978898,,-2.782824578697335,-1.7304096240078612,-1.4494357236372668,-4.124099657477986,,0
b2AR-decoy_2610,CC1=C(/C=C/C(C)=C/C=C/C(C)=C/C(=O)n2ccnc2)C(C)(C)CCC1n1ccnc1,-5.84614865202521,-4.324507790265305,-3.007951126377841,-2.44571207842276,-2.8062935979922887,-2.358802854763015,-1.122798692144091,-1.192582067914267,-2.909023308138156,-3.0066905935045374,0
b2AR-decoy_1413,COc1ccc(Br)c(O)c1O,-5.83802273732111,-4.456268471887155,-3.818771120131651,-2.89372744382556,-2.8775744196150885,-2.183750540914395,-1.9044744638822115,-1.137159163503597,-3.0682744943390965,-3.183822166723177,0
b2AR-decoy_2441,COC(=O)[C@]1(C)CCC[C@@]2(C)C1CC[C@]13C=C(C(C)C)[C@H](CC21)CC3(Cl)C#N,-5.83603600779426,-3.5850873507018948,-6.0160496233884215,-3.632872586163789,-2.931088186903539,-4.507104207375464,-1.4310048885001807,-2.952769818828397,-4.766670613512747,0.818151687593013,0
b2AR-decoy_855,COc1cc(c2nnc(SCc3ccccc3Cl)o2)ccc1O,-5.83551600138908,-4.661031149071175,-5.671064997334171,-4.2531480142116695,-4.405346695601518,-2.7488203717912247,-2.9549620368281007,-2.1930105165367264,-3.7750751616216167,-2.447301382933357,0
b2AR-decoy_906,CCOC(=O)C1=C(C)NC(c2ccc(C)cc2)=CC1c1cccs1,-5.8349449522473,-4.334341884243996,-4.072132206633631,-2.5822660403782,-3.1271700531581983,-2.8495095872650547,-2.837875267745501,-2.103447777669417,-3.478423047123097,-2.642598702157007,0
b2AR-decoy_1586,CCC(C)(C)NC(=O)C(c1cccc(OC)c1)N(C(=O)c1cc[nH]n1)c1cccc(OC)c1,-5.83454915401937,-0.388895665423135,-3.421282331378971,-0.8331633225400199,-3.7210611188317086,-2.2668756504944545,-0.4222748955083313,0.1835190005602731,-2.356000135752276,-2.779150186280557,0
b2AR-decoy_2723,O=C(COc1ccccc1SCc1ccc(Cl)cc1)NNC(=O)c1ccccc1Cl,-5.83417875122278,-5.394994875239585,-5.344873185195641,-3.1474424555715697,-4.696282358632739,-2.654710415211765,-2.3821729156697407,-2.6767619240079865,-2.7384672754994064,-3.8041173295757074,0
b2AR-decoy_401,CC1(C)NC(=O)C2=C1Nc1cc3c(cc1C2c1cccc(Cl)c1)OCO3,-5.83291924757934,-4.559526422441525,-4.450048330575251,-3.014336528211929,-2.6773555839321785,-1.7568945947904346,-1.5705998810996409,-0.908561226713867,-2.5691327230717267,-3.1848504032643565,0
b2AR-decoy_347,CC(=O)O[C@H](C/C(C)=C/CO)[C@]1(C)[C@H]2CCCC(C)(C)C2=CC[C@H]1C,-5.832791205954,-4.764128558956975,-4.5111624907090215,-3.61037678520779,-3.352265830034349,-2.090925520681565,-1.8479333955114008,-1.8713082716902765,-3.1613057768872066,-3.688288299259367,0
b2AR-decoy_824,CCC1(c2ccsc2)OCC(=O)Nc2ccc(c3ccc(F)c(Cl)c3)cc21,-5.83152186459195,-4.245062114927865,,-2.6907783624235497,-2.450426871858628,,-2.744580968669921,-2.0263261270945865,-3.4481341492733764,-3.673027613798347,0
b2AR-decoy_3159,CCCCCCCC[C@H]1C[C@H]2[C@@H]3CCC(=O)[C@@]3(C)CC[C@@H]2[C@@]2(C)CCC(=O)C=C12,-5.82594770107761,-2.626069052195485,-2.234600052214061,,-1.3514873515850183,-1.8892830081206045,-0.1411229790076706,-1.2654136395048567,,-2.785687076823167,0
b2AR-decoy_2260,COC(C[C@@H](C)C1=C2C[C@H](O)[C@H]3[C@@]4(C)CCC(=O)C(C)(C)[C@@H]4CC[C@]3(C)[C@@]2(C)CC1)OC,-5.82470688511947,-4.4934706605740455,-4.3786032870789215,-3.85631529155231,-2.9678429628232887,-0.960141604495635,-0.7515825380783809,-3.251606339928407,-3.574250988068056,-3.0132696109363866,0
b2AR-decoy_521,CC(=O)Nc1cc(C(C)(C)C)c(O)c(C(C)(C)C)c1,-5.82367896018139,-4.307496322572365,-4.103704028130252,-3.7303441652359,,,-1.477515682890691,-2.039999474072397,-2.916471630923806,-2.145464782330148,0
b2AR-decoy_2057,Cc1noc(NS(=O)(=O)c2ccccc2c2ccc(c3cnco3)cc2)c1C,-5.82231453737111,-3.117734698945285,-4.125998959933221,-3.72568425468478,-3.054624642148088,-0.5293639720738543,0.4592863092590189,-1.8821401022787168,-1.4502670903008168,-2.9225397625716867,0
b2AR-decoy_1448,CC1(C)C(COC(N)=O)C1(C)C,-5.81864965594737,-3.2545952955824555,-1.9149676922107317,-2.83928165121603,-1.4621159945383484,-1.4762766521223147,-0.7915878821223608,-0.4706144679288071,-2.2161041220745563,-2.1067953080716566,0
b2AR-decoy_1791,CCCCc1nc(COC2(c3ccccc3)c3ccccc3C(=O)N2Cc2ccccc2)c[nH]1,-5.81678627089524,-4.107043314932415,-4.7448314866712415,-4.24017962371936,-3.084564590469128,-2.6845290561022743,-1.2078128972556206,-2.081861995967647,-4.010349090626867,-1.8981526015913568,0
b2AR-decoy_1815,COc1ccc2c(Oc3ccc(CC(=O)Nc4ncc(C)s4)c(OC)c3)ccnc2c1,-5.81663403920246,-5.945054117976595,-3.7969026323292416,-2.81951568273299,-2.8336818378124784,-1.113770737019915,-2.456063654502521,-0.9376349268346572,-4.5029567619951365,-3.872796984473147,0
b2AR-decoy_649,CCOC(=O)c1oc2cc(c3ccc(Br)cc3)cc(O)c2c1C,-5.81565623473214,-4.130322308098656,-3.004264058749761,-1.57076563281018,-3.7125400270568782,-1.9428122085089743,-2.3999912792185407,-0.8008072198315572,-3.478156196235246,-2.0482834517011166,0
b2AR-decoy_2348,CCc1sc2nc(N)[nH]c(=O)c2c1Sc1cc(OC)ccc1OC,-5.81523064426723,-3.1280915046283955,-3.7504233947467416,-2.57442821337069,0.5342317312663813,-0.8201269460994247,-1.2404910919108012,-1.1200933889626272,-1.4288505317039064,-1.268850049123317,0
b2AR-decoy_2671,Cc1c(NC(=O)NC(=O)c2c(F)cccc2F)ccc(SC(F)(F)C(F)Cl)c1C,-5.8147224090551,-4.123670314920465,-5.082091508571171,-2.2416394705496794,-2.927359395626598,-0.5589714468318245,-1.9932591738825307,-1.6364302696167865,-2.765398507973436,-2.9642793746676266,0
ASD03130052,COCCOc1ccc(Nc2nc(NC3CCCCC3)c3ccccc3n2)cc1,-5.81309245180521,-3.579032840448336,-4.410871353509271,-2.9727026470160194,-2.4385274797524383,-1.0882612043657245,-1.0540915574585012,-0.2391773070589469,-2.4724397522783965,-3.395677007348848,1
ASD03130061,FC(F)(F)Sc1ccc(Nc2nc(NC3CCNCC3)c3ccccc3n2)cc1Cl,-5.81199049641307,-4.991724257569005,-3.9529308264457512,-2.26103141079522,-3.729842886205579,-3.718018343879325,-3.351105417291081,-2.327491037553667,-2.1293013555257163,-3.6520543493331368,1
b2AR-decoy_1335,CO/N=C/c1ccc(Sc2ccccc2)c([N+](=O)[O-])c1,-5.81137329248208,-4.939133777753885,-4.249111911935532,-2.715745704859509,-1.552326792735438,-1.4746136204163849,-1.5891776615144808,-1.4249361199567172,-2.4308924283485567,-3.4100939959165677,0
b2AR-decoy_2446,Clc1ccc(C(Cn2ccnc2)OCc2ccccc2Cl)c(Cl)c1,-5.81081322012137,-3.597833304574235,-4.275106068974651,-3.72185610219851,-3.3988178228747987,-2.399378103210445,-0.9815723811193512,-1.9965177296601668,-3.0883275380314963,-1.8411152854343664,0
b2AR-decoy_2315,Sc1nnc(NNc2ccc(I)cc2)n1NC1C=CCC1,-5.81066976052765,-3.750133898066095,-4.105678213484661,-2.79949019805024,-2.726796628006058,-2.4224741777222345,-2.387183982664471,-1.634798633923757,-3.8701973008487167,-2.4216464233960573,0
b2AR-decoy_1485,NC(=O)c1cnc(Cl)cn1,-5.80589975869795,-3.5286330733143147,-2.317693542377631,-2.7496295367091594,-2.7817545254460985,-1.532494064771475,-1.014113518127001,-0.8581667651324771,-1.947858089221186,-3.1335946606920277,0
b2AR-decoy_1173,COc1cc2c(cc1OC)-c1n[nH]c(c3ccc(c4ccc(N)cc4)cc3)c1C2,-5.80535276245477,-3.9395489367249943,-2.3977144640237915,-2.89022104058139,-1.0187733957109986,-0.0111209167640846,0.8982319632207889,1.0039816970381232,-3.4629885472539064,0.141723806831973,0
b2AR-decoy_3160,CCCCCCC(C)(C)c1cc(OC)c2c(c1)OC(C)(C)[C@@H]1CC=C(C)C[C@@H]21,-5.80460226406288,-3.0490294349804747,-2.844078258652731,-1.4915999505645594,,-1.7262957500581448,-0.7743019940202513,,-1.4293159140031166,-2.5925454800089667,0
b2AR-decoy_1441,NC(=O)c1ncsc1Cl,-5.80292479616527,-3.859518359205725,-3.695725120391521,-3.4209993101051897,-2.418020515128738,-1.9939025548456344,-1.7669468530903014,-1.3133457578161565,-3.5659105617710267,-3.275622370696207,0
b2AR-decoy_1358,CCCc1cc(=O)oc2cc(OCC3CC3)c3c(c12)OC(C)(C)C=C3,-5.80249536977751,-1.8007067129677652,-3.663308288854661,-2.6260989120013294,-1.2184125353512982,-0.6290276988251247,-1.0066271176164712,-1.5439177109505264,-2.5581412393516167,-2.920658638054587,0
b2AR-decoy_3029,O=C(NO)C1(S(=O)(=O)c2ccc(Oc3ccc(c4ccccc4)cc3)cc2)CCOCC1,-5.80186004629789,-3.590666472475736,-4.670326535782161,-2.41819439180464,-3.109131499659888,-2.9779541648329646,,-2.442026850892927,-3.5234709058902967,-3.814402394967977,0
b2AR-decoy_247,C[C@H]1CN([C@H](C)CO)C(=O)c2cc(NS(=O)(=O)c3cccs3)ccc2O[C@@H]1CN(C)S(=O)(=O)c1ccc(F)cc1,-5.80091161475183,-4.1596627091426255,-2.047500035950331,-4.39199444105224,-2.2962028434408284,-1.4652851384393948,-0.6958178841784406,-2.0765078607390164,-2.7745911695164267,-3.6242635215857466,0
b2AR-decoy_1710,O=S(=O)(c1cccc(Cl)c1Cl)n1ccc2ncccc21,-5.79960018057821,-3.729074395522975,-4.147605287300771,-3.26935712554861,-3.609286156661579,-3.0968933736460844,-2.494864544737961,-2.590674919871347,-4.290497815325397,-4.283034277898636,0
ASD03130036,Brc1cccc(Nc2nc(NC3CCCCC3)c3ccccc3n2)c1,-5.79863367984711,-4.7010851014790855,-4.299487542838891,-2.8197859176555,-3.656044611103429,-2.4280505017870544,-1.9577270579871917,-1.3845379464339969,-3.1650688668177462,-2.895142638082247,1
b2AR-decoy_1261,COc1cc2c(cc1C(=O)/C=C/c1cc(OC)c(OC)c(OC)c1)SCO2,-5.79806179614007,-4.765047377534325,-3.513881673681952,-1.7245998127373596,-2.670408106945678,-2.1629052464508947,-2.461146434019211,-2.1513298131094967,-2.0714543191458263,-3.439141401728747,0
b2AR-decoy_1247,COc1ccc(OC)c2c1C(=O)C=C([C@@H](CC=C(C)C)Oc1ccncc1)C2=O,-5.79693007001926,-4.132319800427245,-3.2983868482870013,-2.7691317606329795,-4.102037568024389,-1.529665296629675,-0.9988672904812416,-1.588677600268917,-4.202475345733366,-2.057096904263697,0
b2AR-decoy_701,Clc1ccc(/C(Cn2ccnc2)=N/Nc2c(Cl)cccc2Cl)s1,-5.79663489016116,-4.001401306423825,-3.120578156796201,-2.2866510341387998,-3.746230194031519,-2.140392739422075,-2.826856364564211,-0.6720191945362473,-2.752720459671276,-3.4886192487332672,0
b2AR-decoy_2438,CC(C)(C)C(=O)O[C@H]1CC[C@@]2(C)C(=CC[C@H]3C4=CC=C(c5cccnc5)[C@@]4(C)CC[C@@H]32)C1,-5.7960781314279,-3.8418796872387055,-2.795896845718201,-2.9015074530838296,-3.087487330453908,-1.0179602963563648,-0.7423136095125011,-0.8489821631543366,-2.626833613887296,-3.5617047468922967,0
b2AR-decoy_65,CC(C)=CCC[C@H](C)[C@H]1CC[C@]2(C)C[C@H]3[C@H](C(=O)C[C@@]3(C)O)C(C=O)=CC[C@@H]12,-5.79541712661875,-3.981730790520516,-4.418213387970551,-2.90896156276977,-3.489105238499058,-1.5664872069945748,-2.47984450011617,-3.1395484310820567,-3.5688490710953564,-3.3649737397598467,0
b2AR-decoy_3138,CC(Oc1ccc(F)c(C(N)=O)c1F)c1nc(c2ccc(OC(F)(F)F)cc2)c(Cl)o1,-5.79276199701043,-5.028727392645045,-4.293019212203611,-3.98355631645236,-4.014888135690539,-3.2453968633121244,-2.434115777209671,-2.6177260775020166,-3.747512554142056,-4.105270222410997,0
b2AR-decoy_2009,Cc1nc(c2cc(c3cc(F)c(CO)c(F)c3)c3c(N)ncnn23)cs1,-5.79226379914839,-2.427173455585685,-3.3953533123768613,-3.119944245471729,-4.513291096057719,-0.6558130458491647,-2.4358285180156214,-1.6757341631704872,-5.216487695162966,-4.269422922689447,0
b2AR-decoy_1718,CCc1nc(SCC(=O)Nc2cc(C)ccc2OC)c2c(C)c(C)sc2n1,-5.79158275747466,-5.370977319035926,-3.917969857194211,-2.405814355411389,-3.0110854634990085,-2.1449017861415944,-0.002071638169661,-1.4456781537143968,-3.0766552568389267,-3.9618360877103966,0
b2AR-decoy_1442,COc1cc(O)cc(Br)c1O,-5.78939726835595,-3.9088341380092455,-3.9186962727081616,-2.98155657540155,-2.669563969363298,-1.490186269603785,-1.560531592023641,-1.1363316718888372,-2.777212837102806,-2.442135360187667,0
b2AR-decoy_49,C/C(=N/NC(=O)C(C)Oc1cc(Cl)c(Cl)cc1Cl)c1ccc(C)cc1,-5.78892064007068,-3.480415378656305,-4.5925389048203815,-3.1724922868344496,-2.7138052186409585,-1.811777307195375,-1.894427760730261,-1.5616506633917773,-3.049809867469216,-2.8677432492853767,0
b2AR-decoy_2841,COc1ccc(/C=N\O[Si](C)(C)C(C)(C)C)cc1O[Si](C)(C)C(C)(C)C,-5.78852296824242,-3.666727677981525,,-0.9289072819067,0.2592095906678318,-0.657575645435295,1.255771731245379,0.1632375945202229,-1.9471714868352965,-1.426368933977447,0
b2AR-decoy_688,CC(C)c1ccccc1Sc1c(O)cc(c2cccc(N(C)C)c2)oc1=O,-5.78818278128862,-4.209336665335005,-4.267159065981561,-2.3914168306725,-2.7572223703418883,-3.4426572342443045,-2.822815783959271,-2.4680358006489165,-4.085629828772166,-2.470946751064807,0
b2AR-decoy_1403,Cc1cc(S(N)(=O)=O)c(C)o1,-5.78785214574268,-3.8277668195702654,-3.1338133237932317,-3.6344208044244297,-2.2140457426174187,-1.3202678758524549,-1.3131408080421814,-1.2176798985924169,-2.906102190480256,-3.0094061010283077,0
b2AR-decoy_1542,CON=C(c1ccon1)c1ccccc1COc1ccc(Cl)cc1C,-5.78757744676821,-3.801870729643955,-3.9345760976584616,-2.77550258265408,-3.0058938892717784,-2.1863512019705844,-1.2644666021620008,-2.342519815229207,-3.677773546926036,-1.7184344555906468,0
b2AR-decoy_2705,C=C(CC[C@@H](CO)[C@H]1[C@H](O)C[C@@]2(C)C3=CC[C@H]4C(C)(C)[C@H](O)CC[C@]4(C)C3=CC[C@]12C)C(C)(C)O,-5.78752701755613,-4.172710970291595,-2.623169019836171,-3.46721356492223,-2.1331150228421283,-2.6194296743933148,,,-2.9594474846097363,-2.6933480412455078,0
b2AR-decoy_763,CC(=O)Oc1cc2c(cc1C(C)C)CC[C@@H]1[C@]2(C)CCC[C@@]1(C)CO,-5.78701878583005,0.9468237207258878,-2.333021620095521,1.6135388394108103,-0.4656438201038986,-2.6031734024750444,-1.1737604815651013,-1.1137873204272468,-2.9537926337193268,,0
b2AR-decoy_131,O=C1CCCN1C(c1ccc(Br)cc1)c1c(O)ccc2ccccc12,-5.78509638478571,-3.1215348593181256,-4.513588912912272,-1.17463761497208,-2.618879300776978,-0.9949305344706048,-1.8830549115671704,-1.2874110185304772,-3.376740644848236,-3.2825359658215274,0
b2AR-decoy_2043,COc1cccc(/C=C/C(=O)c2ccc3c(c2O)C=CC(C)(C)O3)c1OC,-5.78463755723036,-5.484034861719286,-3.453077609482081,-3.0594499540613995,-3.8259042256937783,-3.859344776776205,-1.6346420672369808,-2.9273889174421166,-2.677614254636616,-3.910406786204667,0
b2AR-decoy_727,C[C@H](CCC(=O)N(C)C)[C@H]1CC[C@H]2[C@@H]3CC[C@@H]4C[C@H](O)CC[C@]4(C)[C@H]3CC[C@@]21C,-5.78316688046648,-5.424553317155165,-3.5590188905175117,-2.7481378867321498,-2.6571300351167286,-1.5754760609111047,-0.2280314632003808,-1.2186745567229569,-3.4655674250706863,-1.9978574039036672,0
b2AR-decoy_2234,O=C(Nc1nnc(SCc2c(Cl)cccc2Cl)s1)c1ccc2ncsc2c1,-5.78247315210413,-3.297717399137075,-3.269129297024812,-3.85681431321753,-3.966440618880548,-1.045092939637155,-3.753285070310081,-0.7669754986749471,-2.413165638776237,-4.167509118283277,0
b2AR-decoy_1782,CC(=O)N[C@@H](C)c1ccc(OC2CCN(c3ccc(OCC(C)(C)F)cc3)C2)cc1,-5.78196796960486,-4.9176360949839255,-4.627402792275452,-3.28741767619481,-2.6310845756000285,-1.7735594932673049,-3.122460589233251,-2.395453754055697,-3.974787464956056,-2.054489672497517,0
b2AR-decoy_2853,CC(C)(C)c1cc(c2ccc(C(=O)N3CCCCC3)s2)cc(C(C)(C)C)[s+]1,-5.78165613185409,,-2.7622550239877413,-2.57574965568067,,,-1.3283263862001211,,-2.936750932547076,-2.705417086629527,0
b2AR-decoy_1099,CO/C(O)=C1\C(C)=NC(C)=C(C(=O)OCC(C)C)C1c1ccccc1C(F)(F)F,-5.78137760881941,-4.522450341468205,,-0.3129884890732497,,,,,,-3.187820301422487,0
b2AR-decoy_1566,CCOC(C)(C)CCc1c(O)cc2oc3c(O)ccc(CCC(C)(C)O)c3c(=O)c2c1O,-5.77632069402539,-5.430310230912645,-4.161661357256291,-1.1509716786805502,-3.3039947568012487,-2.3810037227965344,-1.749111515470401,-0.2734673130092968,-3.1554330910748165,-3.9668440789834167,0
b2AR-decoy_569,O/N=C/c1ccc(c2ccc(O)cc2)c(c2ccc(O)cc2)c1O,-5.77331613025545,,-4.239986399919712,-2.7023300969483195,-2.250742841007119,-1.3289826171931445,-3.067608434766381,-1.369176115532837,-2.6548901766181965,-1.9443057725944064,0
b2AR-decoy_92,C[C@H](CCCC(C)(C)O)[C@H]1CC[C@H]2[C@@H]3[C@H](O)C=C4C[C@@H](O)CC[C@]4(C)[C@H]3CC[C@@]21C,-5.76819148703613,-3.7261835441824047,-3.778323346421821,-2.9891202637748497,-2.001186922269328,-2.510927730748845,-1.8648971790871116,-0.8150884895514272,-3.8383559126269855,-3.770776415702657,0
b2AR-decoy_1904,CC(C)C[C@@H]1C[C@@]2(CC[C@H]3C[C@@H]2C3(C)C)OC2=C1C(=O)C(C)(C)C(=O)C2(C)C,-5.76741940185806,-5.103872273103345,-1.997392272958041,-2.57031559738207,-2.6758899928950983,-2.0007534507597544,-1.142882716904431,-1.4860949764074167,-2.789737452500707,-2.322783906919517,0
b2AR-decoy_1205,O=C(/C=C/c1cccc(OC(F)(F)F)c1)Nc1ccc2c(c1)CCC2,-5.76669565412474,-3.821195040463596,-3.1118653896031008,-3.39607413689314,-4.120387686138638,-1.196336433484885,-1.684802461664611,-1.0301202304705566,-2.5498198833690067,-3.271447857724897,0
b2AR-decoy_958,O=C(Nc1ccc(OC(F)(F)F)cc1)Oc1ccccc1N1CCCCC1,-5.76661309053871,-3.955577989798465,-4.350592682989741,-2.0560718686482096,-3.0896909228183587,-2.056202958225775,-1.0633121195556807,-0.6615469770495768,-2.645804229328876,-2.6126977659697066,0
b2AR-decoy_2757,CCCCCc1ccc(C(=O)NN(C(=O)c2cc(C)cc(C)c2Cl)C(C)(C)C)cc1,-5.76512425330796,,,,,-2.1662254551619045,,,,,0
b2AR-decoy_2078,CC1=NC(C)=C(C(=O)OCCSc2ccccc2)C(C)/C1=C(\O)OC(C)C,-5.76380761709583,-4.216840628476515,-3.199411227623451,-3.67195154513566,-2.6337034305120186,-1.094713740648075,-1.548040678129671,-0.7105576467877466,-2.660770251634826,-2.552051612300817,0
b2AR-decoy_659,CC1=CC[C@@H]2[C@@H](C1)c1c(O)cc(C(C)(C)CCCCC#N)cc1OC2(C)C,-5.76378392865869,-3.3207121046286048,-3.017091359946331,-2.5384326365334493,-2.899056362570488,-2.597543776898025,-2.665884633844541,-1.9823614495897868,-3.770125061287136,-2.2299941071376765,0
b2AR-decoy_2020,NC(=S)N/N=C(\COc1ccc(F)cc1)c1ccc(Br)cc1,-5.76261290138422,-3.386818450234545,-4.352197362190991,-2.402018742602809,-2.6746370670095585,-1.7261266440433145,-1.2833494211809908,-1.820847503572507,-3.531059582459136,-2.7423195118178367,0
b2AR-decoy_1327,CCN(c1ccccc1)C1SC(=O)N(c2ccccc2)C1=O,-5.76214848218617,-3.366412077868845,-4.829565650390821,-3.5481847774889896,-2.8835092919956686,-2.174483716184165,-1.2849528161008408,-0.7578900359808864,-3.972788499769706,-3.4958335045874667,0
b2AR-decoy_588,COc1ccccc1c1ccc2c(c1)C(C(C)OC)=CC(C)(C)N2,-5.76190318292035,,-4.291811783588272,-3.50313660987924,-3.0389079837125585,-2.495665554820235,-1.6995246857043007,-1.8977474314587468,-3.5258653590487663,-2.0185235809879267,0
b2AR-decoy_722,Cc1c(C)c(C)c(CSc2nnc(c3ccc4[nH]cnc4c3)o2)c(C)c1C,-5.7609279440224,-4.019713593049025,-5.355954249614511,-0.9343046940672596,-2.5215515076796287,-0.7392183762854945,-2.5067567238187607,-1.0699938395552169,-1.533795503417326,-2.771801769393677,0
b2AR-decoy_3028,CCC(C)(C)NC(=O)C1CCC(CNS(=O)(=O)c2ccc3c(c2)CC(C)N3C(C)=O)CC1,-5.76040975783206,-1.614212634894915,-3.1167538099619216,-0.9151758230142896,-1.823848444729478,-0.9232700855194746,-1.1314634508270809,2.639668480642613,-1.7929599575482662,-2.5321368254899768,0
b2AR-decoy_2413,Clc1ccc([C@H](Cn2ccnc2)OCc2csc3c(Cl)cccc23)c(Cl)c1,-5.76028944705766,,-3.297236320160981,-5.01284698836864,-2.4426833054407284,-4.125748541678945,-3.779444513563652,-2.963643945915437,-4.554978440412266,-2.4112131576976368,0
b2AR-decoy_396,O=C(c1cc(Cl)c2c(c1)C(O)(C(F)(F)F)c1ccccc1-2)N1CC(O)C1,-5.75982212822997,-2.730779192098645,-3.972519603451051,-2.3361783980140496,-3.9467692380948174,-1.6098022375854448,-1.7631155361170308,-1.450222861208907,-2.5216094593461165,-0.7812348609724569,0
b2AR-decoy_1381,C=C(c1cc(Cl)cc(Cl)c1OCc1ccsc1)n1ccnc1,-5.75695239328038,-4.582214948423395,-3.5494433463142414,-1.9533830821403295,-3.0977430200753187,-1.9533846945153748,-1.584534954269901,-1.1937467146050365,-2.8334095013184264,-2.856697570004107,0
b2AR-decoy_2827,CC(C)(C)c1cn(CC(OCc2ccc(Cl)cc2)c2ccc(Cl)cc2Cl)nn1,-5.75664964925136,,-2.763588602712601,-3.14435473356769,-2.0537539764124686,-1.6403721731091343,-1.247477838830731,-3.9473008217483976,-3.287686125754866,-3.160421005254697,0
b2AR-decoy_2922,CCOC(=O)c1ccc(N2C(=O)c3[nH]nc(c4cccs4)c3C2c2ccc(C(C)C)cc2)cc1,-5.75617314549368,-3.203831082344035,-4.146798147241691,-1.7457187218657395,-2.536180905602988,-1.749604116189805,-1.8899543961434608,-1.698318076280657,-3.3134874292805865,-1.988369882300097,0
b2AR-decoy_711,COc1cc(/C=C2\CCC/C(=C\c3ccccc3C(F)(F)F)C2=O)ccc1O,-5.7558192196963,-5.716214541644785,-3.464857279029681,-3.2843377648268497,0.0901732513511115,-2.7124164051063246,-1.8642708274860311,-2.058570906395797,-3.806402691353936,-1.8395066002718568,0
b2AR-decoy_818,COc1cc(C(=O)OCC2=CC[C@@]3(C)CCC(C(C)C)=C3CC2)ccc1O,-5.7553292166254,-3.617634335032276,-3.743570086840132,-2.82814194052355,-4.239141745276468,-2.669872188588525,-1.8529475523129515,-1.4810097493915668,-4.576087898735296,-3.4976801991543174,0
b2AR-decoy_2555,Cc1nc(c2ccccc2Oc2ccc(S(=O)(=O)Nc3ccc(F)cn3)cc2C#N)cs1,-5.7544733750579,-3.938964830979175,-3.922917692531581,-1.5742792200705695,-2.655378469986238,-2.0808338002182047,-0.9756574809376914,-0.9224266730712972,-1.8067938642918568,-2.562075113280487,0
b2AR-decoy_288,COc1ccc(C(CCCNS(=O)(=O)c2cccs2)N2C(=O)c3cccc(N4CC[NH+]([C@H](C)c5ccccc5)CC4)c3C2=O)cc1OC,-5.75336576917944,-3.315339414066865,-4.3083584897339815,-3.26542462976317,-4.029589212363429,-2.2682803283867345,-1.1242296347978007,-1.795226799203367,-4.3796877503793565,-3.272302081147917,0
b2AR-decoy_1410,Oc1ccc(O)c2c1SCCS2,-5.75214206563447,-4.422124725381855,-4.122734327363371,-2.81127067864514,-2.753063549723838,-1.7913590437000044,-1.8672356732390307,-1.601249945012377,-2.640723373157546,-3.0837363972571272,0
b2AR-decoy_352,COC(=O)c1ccc(/C=C/[C@H]2CCCC3C(C)(C)[C@@H](O)CC[C@@]32C)cc1,-5.75110459224788,-2.604945087229405,-2.5231531230849717,-0.9071827995478698,-1.6147509508406983,-1.4028004567795946,-0.5890810776325406,,-2.297691562976357,-2.8211516535134966,0
b2AR-decoy_105,CC(C)(O)CCC[C@](C)(O)[C@H]1CC[C@H]2[C@@H]3CC=C4C[C@@H](O)CC[C@]4(C)[C@H]3CC[C@@]21C,-5.74823929786141,-4.482998590837855,,-3.88319248442426,,-2.5162748360395044,,-1.2903567521967672,-3.165486972783496,-2.240963037575567,0
b2AR-decoy_1157,Cc1cc(C)c(/C=C/[C@@H]2C[C@@H](O)CC(=O)O2)c(/C=C/c2ccc(Cl)cc2)c1,-5.74797732540109,-4.922936472557005,-3.450882571156561,-3.1163576749752,-3.205150734243529,-2.5864373234574147,-2.007843202710041,-2.665133380326677,-4.094223545416647,-1.826674911690067,0
ASD03130067,Fc1ccc(Nc2nc(NC3CCCCC3)c3cc(Cl)ccc3n2)cc1F,-5.74683135213845,-4.261725876281155,-4.146992798152541,-2.3057296423054394,-2.6677400901986283,-3.3045899195222947,-0.3406866374321611,-1.004212086166107,-2.9711738501314064,-2.6472903119262674,1
b2AR-decoy_246,C[C@H]1CN([C@@H](C)CO)C(=O)c2cc(NC(=O)Cc3cn(C)c4ccccc34)ccc2O[C@H]1CN(C)S(=O)(=O)c1ccc(F)cc1,-5.74287617676173,-5.555426541403455,-5.833955270162392,-3.21191246591298,-3.785779037304798,-3.742435498950584,-2.6025041369769517,-2.0962708539380968,-3.960263815204897,-4.061170408626447,0
b2AR-decoy_2915,CC1=C(C(=O)Nc2ccccc2C)C(/C=C/c2ccccc2)C(C(=O)Nc2ccccc2C)=C(C)N1,-5.73962972292471,-2.691951622211775,-1.8757504256265716,-1.52396410824125,-2.562324915190178,,,-1.2090078595384668,-2.1620834804499163,-2.9678289972444074,0
b2AR-decoy_2316,COc1c(CC=C(C)C)c(O)cc(O)c1c1coc2cc(O)ccc2c1=O,-5.73613192133364,-5.377085152490405,-4.043479817639812,-3.5433873638154294,-3.288132249545418,-4.266272682553614,-2.5988324440806707,-1.8242821262849072,-4.081090158577847,-3.4320374785272567,0
b2AR-decoy_1941,CC(C)NS(=O)(=O)c1cccc(CNC(=O)c2cccc3c2cnn3c2ccc(F)cc2)c1,-5.73430628154751,-4.091899911705265,-2.104014491787871,-3.30972879684953,-2.451778446238458,-1.5538502842437447,-1.9744417698735408,1.3071953873876532,0.0839697283078235,-1.582735412113387,0
b2AR-decoy_1082,COc1ccc(c2c(OC)c(O)c(c3ccc(OC)cc3)c3scnc32)cc1,-5.73427028472432,-3.0436571784122552,-4.483104216538001,-1.16972298109786,-2.1718588226740883,-0.7474845509098449,-1.8217917516772009,-1.3893714018279066,-3.285242415290436,-2.2035986717449174,0
b2AR-decoy_460,COc1ccc2c(c1)/C(=N/Nc1ccc(C(C)(C)C)cc1)C(=O)N2,-5.73420346894581,-3.989672163451975,-2.9480054022008515,-2.92402426890035,-2.510769454799348,-1.244309990844335,-0.0140654479860113,-2.505232802807127,-4.022607614056766,-4.108239225112268,0
b2AR-decoy_1752,CCn1c2ccncc2c2cc(NS(=O)(=O)c3ccc(OC)cc3OC)ccc21,-5.73404766332045,-3.224545460431715,-3.680803294536172,-2.5562281077378994,-3.085026449433128,-3.2345145158609343,-0.4649228619963113,-1.4647034857110066,-2.667042534081066,-2.3645728968032267,0
b2AR-decoy_1614,CCOC(=O)c1ccc2sc(C(=O)/C=C/c3ccc(OC)cc3)cc2c1,-5.73236732971061,-3.4223943555260554,-2.383534776613441,-1.20415538128439,-3.3925790126636386,-0.7507053752957846,-1.638760638085781,0.5506832174673133,-1.5114805280156969,-2.489339646508697,0
b2AR-decoy_1591,COc1ccc(OC)c(C=NNC(=O)c2ccc(NS(=O)(=O)c3cccs3)cc2)c1,-5.72808968509518,-3.3215621312300554,-3.0097419834641315,-1.0679263328694295,-2.609398495128959,-0.9854027634746948,-1.1671612617479612,-0.5365292669125266,-2.665639190453966,-3.2779403154151674,0
b2AR-decoy_1069,Cc1ccc(c2cc(C(=O)NC(C)c3cnccn3)cc(c3cncs3)c2)cc1,-5.7278739393073,-3.409200553363145,-4.356835683066331,-0.9949700403916796,-3.222640595429658,-1.8213400889696345,-0.5228163713289113,-1.5822433469141366,-3.1342663147029164,-1.8998677226420173,0
b2AR-decoy_639,CCC(c1ccc(c2ccc(NC(=O)OC(C)(C)C)cc2)cc1)n1ccnc1,-5.72612703172541,-3.509143396320165,-2.057838300854291,-0.1895050259824495,-2.4461433661349883,-1.835604885160245,0.8430447923251592,-0.2526515923104364,-1.6487506706932369,-1.8373802546808664,0
b2AR-decoy_1447,COc1cccc(O)c1O,-5.72387304852272,-3.8482702834228455,-3.786638635463911,-2.8654214534512,-3.0055568083824884,-1.7340783171069143,-1.6470668923008809,-1.2281501237341963,-2.8591230677439468,-2.607278600812277,0
b2AR-decoy_2851,CC(C)N=C1CCCC1C(=S)SSC(=S)C1CCCC1=NC(C)C,-5.7235075668655,,,-1.88996720354727,,0.0403528726231052,,,-1.5042034373839668,-1.4651033556485171,0
b2AR-decoy_1550,COc1ccc(c2nnc(c3cc(OC(F)(F)F)ccc3n3cccn3)o2)cc1OC,-5.72288787633335,-3.1740020384240357,-3.353437896909151,-2.6962768381107294,-1.118697816430898,-2.139427680589005,-1.5163428706522506,-1.4202792949483865,-0.6905797648342364,-2.838735866604597,0
b2AR-decoy_2170,Cc1c(O)nc(SCC(C)C)nc1Cc1c(Cl)cccc1Cl,-5.72147689187568,-4.139277917788405,-4.064337478985941,-2.98614839442808,-3.6072308930214394,-2.058709174521895,-1.2947478228496712,-1.8523994428932864,-3.081181291470986,-3.0584092891993278,0
b2AR-decoy_998,CCCOC(=O)[C@]12CC[C@@]3(C)CC[C@@](C)(O)C=C[C@H]3[C@@H]1CC[C@@H]2C(C)C,-5.72110826795871,-5.151341098225845,-3.903686240425941,-3.42345153186786,-2.728127260000038,-2.869096509004205,-1.797427163317051,-2.1476468164319664,-3.9398783749982567,-3.253382112194527,0
b2AR-decoy_1490,C/C=C/[C@H]1C[C@H](O)[C@H](O)C1,-5.71978652996471,-4.046909292500636,-3.776665895184971,-2.53810786540638,-2.2899477669008386,-1.417825050265355,-1.5065585737305014,-1.1352547827528765,-2.6878137203759964,-2.7062938505094567,0
b2AR-decoy_125,COc1ccc(c2cc(O)c(Sc3ccccc3C(C)C)c(=O)o2)cc1,-5.71977865293123,-5.689963262234535,-3.3769490456603712,-1.8624480711703797,-3.932919315759678,-3.412957700597885,-0.794812198744201,-1.2698304097106767,-3.8460647324252566,-0.2547026971438368,0
b2AR-decoy_2701,Nc1cc2c(=O)c(C(=O)OCc3ccc(Cl)cc3)cn(Cc3ccc(Cl)cc3)c2cc1Cl,-5.71915341136276,-3.595228126685825,-4.508794558749012,-2.98810448262161,-2.5900120731513585,-2.105288913787125,,-2.492546093699067,-2.7634893902828264,-2.304823205138637,0
b2AR-decoy_2531,CCC(C)C(=O)O[C@@H]1c2cc3c(c(O)c2-c2c(cc(OC)c(OC)c2OC)C[C@@H](C)[C@H]1C)OCO3,-5.71893217091097,-3.752515465685895,-2.940946496131131,-2.38631197753063,-1.9494203256939289,-1.9480109615276548,0.250245723711469,-1.529246212896787,-2.425608176395796,-3.0061950256992067,0
b2AR-decoy_653,CC(C)(C)c1cnc(CSc2cnc(NC(=O)C3CCCCC3)s2)o1,-5.71878057257124,-3.441581510352885,-3.369366987374171,-2.14210858266412,-1.3433131840270989,-0.3319730860536749,-2.0640555053799314,-0.5588011761475871,-0.8209279239688265,-2.039773045631437,0
b2AR-decoy_3125,CCOC(=O)CC(O)CC(O)/C=C/C1=C(c2ccc(F)cc2)c2ccccc2OC12CCCC2,-5.71869159407809,-3.643189608285055,-4.204317419787421,-2.3155852207656897,-1.404434686122248,-1.1829198442304047,-2.1189851137873914,-0.5435760171213069,-2.848239075207486,-2.547114475129557,0
b2AR-decoy_2151,Cc1cc(C#N)cc(C)c1Oc1ccc(N)c(Nc2ccc(C#N)cc2)c1,-5.71595009999087,-3.840375998968265,-4.157988839409011,-2.139094474877289,-3.857297699881189,-2.2464209416187444,-1.8265339850355116,-2.503920614792557,-4.062923547179026,-2.685493000160917,0
b2AR-decoy_2018,O=C1Nc2ccccc2/C1=C1/Nc2ccccc2/C1=N\OCCCCO,-5.71219755673315,-4.396944586213375,-3.5863942151395216,-1.8645577997415,-2.315203311767708,-1.0812469753583347,-0.7139354905585309,-0.4730586472474964,-2.8512539498425564,-3.4023423107923967,0
b2AR-decoy_1423,NC(=O)c1cssc1=S,-5.7093045736538,-4.174635060163775,-4.070284330939941,-2.410099499153349,-3.2838450793474383,-2.2329073781732047,-2.2854999875472606,-1.7061808891743873,-3.1032435294331666,-3.517261578482557,0
b2AR-decoy_1427,Nc1cnc(Br)cn1,-5.70902618781036,-3.676549034743165,-2.998729333765491,-2.4602957501480995,-1.6858252466017385,-1.464922277785985,-1.2479218185760912,-1.189652697637487,-1.9700327444333965,-1.9636908175364869,0
b2AR-decoy_1875,Cc1ccc(CC(CNC(=O)Cc2ccc(NS(C)(=O)=O)c(F)c2)COC(=O)C(C)(C)C)cc1C,-5.70896948621521,-3.6164891797491143,-3.5664789257058613,-2.36387594786428,-3.4917591091461686,-2.4808700541942645,-1.829087670447871,-2.079006561592677,-3.4895023375471466,-3.464474441859187,0
b2AR-decoy_1779,C=C(C)CC[C@]1(C)C2=CCC[C@](C)(C[C@@H](OC(C)=O)C3=CC(=O)OC3O)[C@H]2CC[C@H]1C,-5.7089192197995,-3.463924438569516,-3.718654249020341,-2.65373695622628,-2.0582301189506387,-2.070453512871945,-1.6030332695424407,-1.376384225672707,-3.493600255333696,-2.227667726868217,0
b2AR-decoy_2203,C=C(CC[C@H](O)C(C)(C)O)[C@H]1CC[C@]2(C)[C@@H]1CC[C@@H]1[C@@]3(C)CC[C@@H](O)C(C)(C)[C@@H]3CC[C@]12C,-5.70612777881371,-3.514929995328565,-4.215556564975222,-2.8903357147261897,-1.368497033476168,-2.9393808189789548,-2.784462743763311,-1.448236899136897,-2.718418256076067,-0.2214468810303169,0
b2AR-decoy_1831,C=CCOc1ccc2ccc(CN([C@H](C)C(=O)NO)S(=O)(=O)c3ccc(OC)cc3)cc2c1,-5.70561901844837,-3.9124348133551248,-3.489106887746991,,-3.1731712958034084,-0.337356679687125,1.1853772920556191,1.259087225695303,-0.2563835582374563,-2.041201843654727,0
b2AR-decoy_3181,CC1=CCC[C@@H]2[C@@](C)(CCC3=CC(=O)OC3OC(=O)OC(C)(C)C)[C@H](C)CC[C@@]12C,-5.7049941754648,-1.9263471758812851,-3.024176120190172,-1.8041210086534496,-3.009806055220449,-1.2309711796069849,-1.2431278897737812,-1.5656664953714363,-2.4240752679266366,-2.0933588719977068,0
b2AR-decoy_364,CCCC[C@@]12CCC(=O)C(C(F)(F)F)=C1c1ccc3[nH]ncc3c1C2,-5.70482175952263,-3.652611436975045,-2.916987417689961,-2.21892528543645,,-1.918597556022175,-1.6857148338789312,-1.916664964710387,-3.572647354208506,-3.642303892485767,0
b2AR-decoy_1177,Clc1ccc(C(c2ccc(Cl)cc2)(c2cc[nH]n2)n2ccnc2)cc1,-5.70318462399206,-1.871073197192655,-4.121494688931751,-0.8001469261616498,-2.7714759166997984,-2.4655548084434944,-0.9630979122988412,-1.337203378193447,-3.3304014923328067,-2.430512657590127,0
b2AR-decoy_1906,COc1ccc(c2oc3ccc(C)cc3c2C(=O)c2cc(OC)cc(OC)c2)cc1,-5.70275699995126,-3.095659676987345,-3.4109445886875718,-2.8716174398096594,-3.355167194757419,-1.2769371729087045,-1.714368220108461,0.9544011002353332,-0.8195123323091065,-0.4277874040645368,0
b2AR-decoy_2052,O=[N+]([O-])c1ccc(OCc2ccsc2)cc1/C=C(/CO)c1ccccc1,-5.70243128265985,-4.421900510584855,-1.6586354553101912,-2.9890086123824497,,-3.507958631704754,-0.5123093569979211,-2.5000774674379764,-3.501625312710656,,0
b2AR-decoy_2583,O=C1C(=C2SC(c3ccccc3)(c3ccccc3)c3ccccc32)C(=O)c2ccccc21,-5.70030449973792,,-4.168102830251241,,-3.305437206541418,-4.479508200622675,,-3.921885827529756,-3.4930399669215566,,0
b2AR-decoy_1132,O=C(NC(=O)c1c(F)cccc1F)OCc1ccc(c2ccc(Cl)cc2)o1,-5.69670922689861,-5.828038387463825,-2.664208416516841,-2.5997639312731,-1.0178149067565982,0.1326477025027252,-0.9144958692183414,-0.5900329279077168,-4.685233071200757,-3.036092015625917,0
b2AR-decoy_2295,CC(C)CCC[C@@H](C)[C@H]1CC[C@H]2[C@@H]3C/C(=N\O)C4=CC(=O)CC[C@]4(C)[C@H]3CC[C@@]21C,-5.6920308002237,-4.628450703195766,-2.996114585908071,-1.8653790196010196,-2.0178325351902187,-1.495835930981145,-2.1147575958095013,-1.1430035971288772,-2.461526741948666,-3.064760300261747,0
b2AR-decoy_1878,COc1cc(c2cscc2c2ccc(SC)cc2)cc(OC)c1OC,-5.69200956600028,-3.188400522809535,-4.356774718150641,-2.2263303807738,-3.6432989531631774,-1.8244276007545144,-2.416008830535831,,-2.373544541101537,-3.3164720856225167,0
b2AR-decoy_2624,COc1ccc(c2nn3c(nc(c4ccc(OC)cc4)c3c3ccc(OC)cc3)s2)cc1,-5.69038898958027,-3.192462392022136,-2.733151386873152,0.7159645273996103,-1.453056659798718,-1.2795472998100743,1.6410181514053992,-0.4210071927739571,-0.8456151857906362,-1.025705417541317,0
b2AR-decoy_2103,CCc1sc2nc(N)[nH]c(=O)c2c1Sc1cc(OC)cc(OC)c1,-5.68911919559148,-4.845564514315675,-3.7098526111471912,-2.6788678152372,-2.9000137507694985,-1.7171599902825545,-0.5844780626023409,-0.6842315600460767,-2.341202814087036,-1.8840857296064863,0
b2AR-decoy_1163,N#C/C(=C/c1ccc(N2CCCCC2)o1)C(=O)Nc1ccc2ccccc2c1,-5.68813553195004,-4.3049293531396655,-3.915766336892781,-3.06311381671802,-3.8088609713742887,-0.999683483751185,-3.621906594001171,-1.7832285887199673,-2.8356476092858163,-2.978077203493237,0
b2AR-decoy_2142,O=C(/C=C/c1nccc2c1[nH]c1ccccc12)c1ccc(Br)cc1,-5.68797907518902,-5.018611435619016,-4.433488483144451,0.2597799180027103,-3.785598419298848,-0.6660819593377143,-2.736636651158572,-0.0031323025777467,-4.187850635679006,-3.6829887404752566,0
b2AR-decoy_3169,CCCCCC1(CCCCC)Cc2c(cc(C(C)(C)C)c(O)c2C(C)(C)C)O1,-5.68589515260355,,-4.202931327937631,,,-1.202863230085125,,0.2553415131323433,-1.7574192770371964,,0
b2AR-decoy_1974,Cc1cc(NS(=O)(=O)c2cccs2)c2oc(COC(=O)NCc3ccccc3)cc2c1,-5.68504952756476,-3.2279716417738653,-3.1711008297087515,-3.2610198943790296,-2.4199309575597887,-1.827987647358535,-1.9315642091011207,0.0251209654254429,-2.0816863314102267,-2.253243476589297,0
b2AR-decoy_322,C/C(=N\OC(C)C)C1=CC[C@H]2[C@@H]3CC=C4C[C@@H](O)CC[C@]4(C)[C@H]3CC[C@]12C,-5.6840322585567,-3.039069276293575,-2.383832408753072,-2.63371049739553,-2.4025622848550787,-1.7050874240851748,-2.1093970560623614,-0.1652218081087566,-2.5011951753239963,-3.820779335508557,0
b2AR-decoy_804,CC(C)CC(=O)c1c2c(c3oc(=O)cc(c4ccccc4)c3c1O)C=CC(C)(C)O2,-5.6829470471613,-4.284626085925945,-4.122249497098371,-3.1876701583102296,-2.8851455407801483,-1.567432718330565,-2.332814622141141,-1.4615587940766668,-1.2990882186208963,-3.052876671814577,0
b2AR-decoy_1647,Cc1ccc(CN(C(=O)COc2ccccc2Cl)c2ccccn2)o1,-5.68145232641918,-2.7995887107763755,-3.204259124151041,-2.2037654904054,-1.2239704949707786,-2.2993440767772446,-0.4386211897915606,0.1160550069026831,-3.4306669371414165,-3.5074068942369574,0
b2AR-decoy_1673,O=C(c1cnc(c2ccco2)s1)N1CCCC1Cn1cccn1,-5.68142774504057,-5.619764688998245,-3.924576011973541,-2.4975876849512995,-2.8893306367935185,-2.7162833065245344,-1.6153843554656009,-1.0092582748314367,-4.214226026571496,-3.3499704594518867,0
b2AR-decoy_8,CCC(C)(C)c1ccc(/C=C/C(=O)Nc2ccc3c(c2)OCCO3)cc1,-5.68074193636758,-5.411990331444145,-2.4069941390255014,-4.00722842098879,-4.004340729331479,-1.6429712971430348,-2.6520342885068207,-2.6767065374131764,-0.3068497879082663,-2.247760902411707,0
b2AR-decoy_2823,COc1ccc2c(Cc3c(Cl)cncc3Cl)nncc2c1C#CCCCc1ccccc1,-5.67751443982284,-1.6849772766522353,-2.439924971258921,-2.51170147840224,-1.4960605051251088,-1.765846196856545,-2.1544545728968707,-1.6902052613779972,-2.2441052642263166,-3.5238525891140573,0
b2AR-decoy_706,Cc1ccc(N=Nc2ccc(O)c(P(=O)(c3ccccc3)c3ccccc3)c2)cc1,-5.67681673203962,-4.804350511462356,-5.469154858609831,-2.94249210275226,-3.1115657590245185,-2.8178863880720444,-2.1998374820592907,-3.1641600601966564,-2.876928392563526,-3.759543506499877,0
b2AR-decoy_2733,CC(C)=CCc1c(O)c2c(c3c1[C@@H]1COc4cc5c(cc4[C@@H]1O3)C=CC(C)(C)O5)C=CC(C)(C)O2,-5.67676447063459,-3.4499831147737154,-3.0297769206932914,-2.21340753182174,-1.716039408732688,-0.9561900028470348,-0.154825194188481,0.6083125804115932,-2.8453257938040366,-3.3735047393404467,0
b2AR-decoy_433,CC(C)=CCc1c(O)c(C=O)cc2c1[nH]c1ccccc12,-5.67666793658191,-4.436766350318105,-4.3151470041869615,-3.63571602659219,-3.2117351854818885,-2.6084953389967547,-1.9150059462943811,-2.4697006806128066,-4.128165859999356,-3.3111224724774666,0
b2AR-decoy_1480,NC(=S)c1nccs1,-5.67461730328841,-3.562530303410905,-3.798355709847381,-3.04888058710908,-2.6282219276499683,-1.3601582986421643,-1.456499392698151,-1.3305617552588371,-2.9991520723488465,-3.3940299399763068,0
b2AR-decoy_2712,COc1ccc(c2nc(SCc3csc(c4ccc(Cl)cc4)n3)nc(N)c2C#N)cc1,-5.67413697464497,-5.586391618279295,-3.968044597659051,-4.34413875346503,-1.089688510798409,-1.922629208285425,-1.5084800511749812,-0.2197053795599268,-3.930301497710376,-3.845355100993047,0
b2AR-decoy_927,COc1ccc(c2cc(c3c(O)c(C)c(C)c4c3CCC(C)(C)O4)on2)cc1,-5.67342540047019,-3.6638045690167553,-3.364848090297921,-1.8051124451740292,-1.7259711041849384,-1.0179014331293743,-1.3944553007619014,-1.2999521060858266,-2.1055376882370167,-2.594979661294188,0
b2AR-decoy_2477,CC(C)CCCC(C)C1CCC2C3CCC4N(C)C(=O)CC[C@]4(C)C3CC[C@]12C,-5.67260879375802,-4.3498061262568655,-2.443500462776721,-3.21005314445022,-2.586589919073778,-2.482459445444195,0.0619435182544894,,-3.1451040857190566,-3.502817782129877,0
b2AR-decoy_2582,CCCCCC[C@H]1C[C@H]2[C@@H]3CCC(=O)[C@@]3(C)CC[C@@H]2[C@@]2(C)CCC(=O)C=C12,-5.67226618348379,-3.151959857249185,,-2.04044985159362,-2.0584649991550386,-2.311770610185495,,-1.2802094712127072,-2.3144159488453164,-2.6992105848995567,0
b2AR-decoy_1241,Cc1cc(/C=C2\SC(=O)N(c3ccccc3)C2=O)c(C)n1c1cccnc1,-5.66884920864195,-2.750849311100125,-3.581475115841981,-1.9416562722792292,-0.3307684097950383,0.0276275567103754,-2.804650685312571,1.2146487694581831,-2.6184336690996863,-2.871292623342657,0
b2AR-decoy_872,Cc1ccc(C(O)(c2ccc(OC(C)C)cc2)c2cccnc2)c(F)c1,-5.66838138843648,-4.192735785560955,-4.214209339789921,-3.3452464191828897,-3.613804323013799,-3.7826684727565247,-2.5104955508732214,-2.9809321967908966,-3.9565163712322464,-3.316123610346186,0
b2AR-decoy_2873,CC(Oc1ccccc1Cl)C(=O)ON=C1CCCCCCCCCCC(=O)OCCC1,-5.66633676508569,-3.4983483254266954,-4.359228369759761,-2.51502118959002,-3.837042874346999,-2.744457207611915,0.186467247603149,-2.2422930326355672,-3.235252864879996,-2.7437127899208167,0
b2AR-decoy_2001,C=CCNc1sc(C(=O)c2ccc(Br)s2)c(N)c1C#N,-5.66442530970633,-3.249788440498535,-3.645820044730921,-2.6767712190124096,-3.3510617871902086,-2.198857971479085,-0.8414322217704413,-2.301669759331327,-3.394949622616826,-2.9982341971378568,0
b2AR-decoy_628,COc1cc(/C(F)=C/c2cc(O)c3ccoc3c2)cc(OC)c1OC,-5.66066562255975,-4.360372544694525,-2.857740202395771,-1.18773723846959,-1.8948465958947187,-2.0251619888418944,0.1502149301138793,-0.680851190980297,-1.959672677530507,-1.7856667025447766,0
b2AR-decoy_2699,Cc1ccccc1NC(=O)c1ccc(NS(=O)(=O)c2cc(C(C)(C)C)cc(C)c2C)cc1,-5.65910179029537,-1.000786905192915,-1.565823504588311,-2.40618199232242,0.1198461582395014,-0.4095448711613247,,-0.8332159178926872,-2.173025883417246,-0.6792602468411371,0
b2AR-decoy_1457,CC(=O)NNC(=O)c1ccco1,-5.6577753679333,-3.5995020676307847,-3.226282754367671,-1.1535093547181594,-2.2264330689895484,-0.9115686776603048,-1.1950334594240817,-0.0803134743418567,-2.4878373505642166,-2.4144396922115674,0
b2AR-decoy_1265,Cc1nnc(SCC(=O)N(Cc2ccccc2)C(C)C)n1c1ccccc1,-5.65774021743895,-4.439711937831565,-2.179860145692412,-3.3669120991696,-2.8404112981706984,-3.9626445233060954,-1.506481639257801,-2.109733115287537,-4.983854965723657,-3.4554154170017566,0
b2AR-decoy_30,CCCCC12CCC(=O)C(Br)=C1c1ccc3[nH]ncc3c1C2,-5.65458492546324,-1.366021561904745,-4.329888879009982,-0.8491529196338097,-2.9535054888427688,-2.085946055023655,-0.2097554942013912,-1.6969408272167366,-3.624731210598556,-2.3514951372281065,0
b2AR-decoy_3082,CC(C)[C@@H](C)/C=C/[C@@H](C)[C@H]1CC[C@H]2C3=CC(=O)C4=CC(=O)CC[C@]4(C)[C@H]3CC[C@@]21C,-5.65224088242105,-5.834927199896055,-3.165299947157161,-4.12090938369854,-2.4458771409565587,-2.2184826574947447,-0.9357024308957912,-1.649347770202687,-2.9057373184545963,-3.4192316558683467,0
b2AR-decoy_25,CCC1OC(/C=C/C2CC2)(C(F)(F)F)c2cc(Cl)ccc2NC1=O,-5.65162901186631,-3.787169301957295,-3.715691541465781,-2.65716045710262,-1.9207698285755388,-1.2578042745607343,-2.317180432636781,-1.1744161178392565,-2.755307715456536,-3.2585933209302174,0
b2AR-decoy_163,COc1cc(/C=C/C(=O)NCCc2c[nH]c3ccc(O)c(c4c(O)ccc5[nH]cc(CCNC(=O)/C=C/c6ccc(O)cc6)c54)c23)ccc1O,-5.65115697962753,-4.679088897058205,-7.273078822209362,-3.17151703481563,-2.6059470666480884,-1.4227990060373044,-0.0047369216059713,-0.3190248504899466,-3.3405068632894768,-3.117830347856477,0
b2AR-decoy_3194,COc1ccc(/C=C/c2cc(OC)cc(OC)c2/C=C/C(=O)c2ccc(C)c(C)c2)cc1,-5.64726169827647,-3.108144011905665,-4.667757074937001,-1.6925154961755702,-3.780564123882848,-3.7056232622781744,-3.956990675293591,-0.1665268902770371,-3.023262299539346,-2.3947067993401467,0
b2AR-decoy_196,C=CCCS(=O)(=O)NC(=O)c1ccccc1NC(=O)[C@@H](NC(=O)OC(C)(C)C)c1ccc(Oc2cc(OC)nc(c3ccccc3)n2)c(C=C)c1,-5.64695836014576,-3.593357720604935,-3.9268217058543415,-3.791816123090229,-2.963771804588748,-0.3373262583442544,-1.072331516711201,-0.8144641432199968,-2.989322044452736,-4.033258186647467,0
b2AR-decoy_1266,CCCCC1=CC2=CC(=O)C(C)(OC(=O)CC)C(=O)C2=CN1Cc1ccccc1,-5.64568321938626,-3.869698601625615,-3.856000145277021,-3.542500507167229,-2.6586301513114483,-1.6479855182625744,-1.8857690308574109,-1.964024885866657,-3.014230980525526,-3.1727983126709174,0
b2AR-decoy_2343,COc1cc(c2cc(c3ccc(S(C)(=O)=O)cc3)cnc2N)ccc1O,-5.64376724681244,-4.4960605860887854,-4.348118699347952,-3.3127638231823493,-3.1277969733960687,-1.8603532050993945,-0.7583296452915507,-3.122473964571207,-3.8892083429689768,-2.0705164079583267,0
b2AR-decoy_1453,Oc1cc(O)nc(S)n1,-5.64102044957565,-3.8380508385137055,-3.488719409688631,-2.302189175485529,-2.4632876082998383,-1.1345625489093043,-1.2302975253714008,-0.7066750114492164,-2.313818512368626,-2.521308524547917,0
b2AR-decoy_1156,CC(=O)NCCC1=C(c2ccc(C(C)(C)C)cc2)Cc2ccc3c(c21)CCO3,-5.64007292180171,-2.578729435040085,,-2.3318271508898496,-0.8388083542236382,-1.147456382840505,-2.514522828872261,,-3.451659169140476,-3.564693220259157,0
b2AR-decoy_1487,CC(C)(C)C1C[NH2+]CCO1,-5.63999417830188,-3.738108704788055,-3.4098214655787515,-2.5468637382744497,-2.468220834538128,-1.2417018386731948,-1.628724808108811,-0.8391093415777764,-2.5746360087712468,-2.9195924974743765,0
b2AR-decoy_1633,CCOC(c1ccc(Cl)cc1Cl)C(OC(C)(C)C)n1cnc(C)c1,-5.63822101992355,-3.431081541579675,-3.5519437018740616,,-2.518801432683098,-2.1027831190076647,-0.5845196394908907,-1.2049184310005865,-3.2956919033360466,-3.0198048886637667,0
b2AR-decoy_2804,CC(C)CCC[C@@H](C)[C@H]1CC[C@H]2[C@@]34C=C[C@@]5(CC(=O)CC[C@]5(C)[C@H]3CC[C@]12C)OO4,-5.63821238480977,-3.2872654240554158,-2.503624043748661,-2.51503062562701,-1.7037997684544184,-0.9201709626547244,-0.3475043775596607,-0.539580019349077,-3.2842794844821963,-2.804897660397027,0
b2AR-decoy_1940,Nc1ncc(c2ccc(C(=O)N3CCOCC3)cc2)cc1c1ccc(C(F)(F)F)nc1,-5.63603810833654,-4.841613825017396,-1.9947562459627912,-1.93894978899975,-3.0948420341346186,-1.1644184167938345,0.4155698783951687,-0.0656954415062465,-3.2146661498508964,-2.969240323102397,0
b2AR-decoy_1354,Cc1ccc(OC(Cn2ccnc2)c2ccc(Cl)cc2)cc1,-5.63352965645124,-4.381864724394675,-3.9643562046286815,-2.40436066439492,-3.758592349172989,-2.050153772122685,-2.3731367158328407,-2.2300788287202664,-3.0010544794799063,-3.044364930427927,0
b2AR-decoy_1509,COC(=O)/C=C(C)/C=C/C=C(C)/C=C/C1=C(C)C(n2ccnc2)CCC1(C)C,-5.63052905744634,-4.203984079930256,-2.7832367482888314,-2.04024684242653,0.1006527501115117,-1.4474748439907144,-1.195925852368001,-0.4731135261381469,-2.574253153776766,-2.9211418446838477,0
b2AR-decoy_1760,CCO/C(O)=C1\C(C)=NC2=C(C(=O)CC(C)(C)C2)C1c1ccc(N(C)C)cc1,-5.63015580225746,-3.7943882149139143,-4.009177619095691,,,-1.7330079906750449,-1.7578084735919308,-1.6767435726233364,-2.7236138550220863,-2.8399994461529574,0
b2AR-decoy_1993,CC(C)C(=O)c1c(O)cc(O)c(C[C@@H]2[C@@H](C(C)(C)O)CC[C@]2(C)O)c1O,-5.62975348903411,-4.037574626937815,-3.3564096523872013,-3.2551118936111,-2.7482503655967285,-2.947344153175065,,-1.1639729297146468,-3.606184581348936,-3.0909654586719277,0
b2AR-decoy_601,COc1c(CC=C(C)C)c(O)cc(O)c1c1oc2cc(O)ccc2c1C,-5.62944800876245,-4.183948280398115,-3.853639407993791,-1.98336886288596,-2.994074965510368,-1.0611050438268146,-2.6974807416888007,-1.421532453102197,-4.571481149750106,-4.108061050906267,0
b2AR-decoy_2964,CCOc1ccc(c2cc(OC(=O)c3ccc(OC)cc3)c3c(C)oc(C)c3c(=O)c2)cc1,-5.62863451245204,-1.8570992449745851,-3.772094696283201,-0.8549056687876799,-2.038164363699928,0.0500756205757451,-2.567130079961321,-1.3752983416342266,-1.8148173266315668,-2.442817511438727,0
b2AR-decoy_2919,CCOC(=O)c1ccc(c2nc(c3ccc4c(c3)C(C)(C)CCC4(C)C)c(C)s2)cc1,-5.627370387183,-3.087967112413416,,-0.95610819786363,-1.0847717211490382,,-0.6637731868089212,,-0.4435564588759062,,0
b2AR-decoy_94,CCCCC[C@](C)(O)[C@H]1CC[C@H]2[C@@H]3C[C@H](O)[C@H]4C[C@@H](O)CC[C@]4(C)[C@H]3CC[C@@]21C,-5.62633149041157,-3.039311881099475,,,,-1.4362310508982743,,,-2.898153788636506,-2.214395696441637,0
b2AR-decoy_3068,Cc1ccc(SC2=C(Cl)C(=O)C(Sc3ccc(C)cc3)=C(Cl)C2=O)cc1,-5.62631180127682,-2.8939478067722355,-4.087134240440571,-1.94249733242646,-1.4659405881716188,,-2.936953236681621,-1.6053997159971871,-3.258431747473356,-2.915234627891697,0
b2AR-decoy_3127,C[C@@H](CCCC(C)(C)O)C1CCC2/C(=C/C=C3C[C@@H](O)C(=CCO)[C@H](O)C3)CCCC21C,-5.62610403614034,-4.856897568835385,-2.458118487074501,-3.21317735006258,-1.0946812566114783,-1.970122534794645,-0.6456653584191407,-1.4198187694664268,-4.488203167545336,-3.3923240065448077,0
b2AR-decoy_704,COc1c(Cl)cc(c2ccc(C(=O)c3cccc(O)c3)s2)cc1Cl,-5.62293029668505,-4.626787533706465,-4.907725537625112,-3.3062817908952398,-3.699769896463368,-3.221322719523835,-2.600610607595091,-2.5699014958655564,-4.169596999782057,-3.7476087852583073,0
b2AR-decoy_2691,Cc1noc(C(=O)CC[C@@H](C)[C@H]2CC[C@H]3[C@@H]4[C@@H](O)C[C@@H]5C[C@H](O)CC[C@]5(C)[C@H]4CC[C@@]32C)n1,-5.62272217237048,-3.961770396928325,-2.8344464113768613,-2.53334261765593,-2.371259046161838,-1.3662349414992851,-0.4339868416426311,-1.7724970282535768,-3.468526767558406,-2.671824565653177,0
b2AR-decoy_1796,COc1cc(CSc2nc(O)c(C)c(Cc3c(Cl)cccc3Cl)n2)cc(OC)c1,-5.62077068304398,-4.631506933236755,-4.219989808171241,-1.85157157053922,-3.3809197183350186,-2.8624664807317544,-1.381005839651091,-0.1603279733917864,-2.494005576120556,-1.8028245638868268,0
b2AR-decoy_2962,C[C@]12CC[C@H]3[C@@H](CC(c4ccccc4)C4=CC(=O)CC[C@@]43C)[C@@H]1CC=C2c1cncc(F)c1,-5.62006193987024,-2.277680877251825,-3.181248720050851,-2.77240744460702,-2.1638260566349983,-2.1469188560632144,-0.5070895641234507,-0.912127683393507,-4.556895507710497,-2.9077306042888966,0
b2AR-decoy_558,C/C(=N/O)c1c(O)c(C)c(c2ccccc2)n(c2ccccc2)c1=O,-5.61598739862823,-3.169689149511015,-3.636913196247521,-2.3793086005389297,-1.599215032720668,-1.0137879384082948,-1.406569524292891,-1.0496156508172367,-2.388529227012657,,0
b2AR-decoy_1988,C/C(=C\c1ccc(Cl)cc1)S(=O)(=O)Nc1ccc(C)cc1S(N)(=O)=O,-5.61537848800779,,-3.415490044780551,,-4.791503699394869,-2.299671653006895,-3.0475458134396307,-1.301841469401137,-2.7528088994282367,,0
b2AR-decoy_3040,COc1ccc2c(C(=O)N(C)CC(N)=O)c(OCC(F)(F)F)ccc2c1C(F)(F)F,-5.61536027982235,-3.2777709279431653,-4.602287500771131,-2.85259692891182,-3.3458676197448485,-2.2830708781653044,-2.2024800026976807,-1.155050847014187,-2.619339211467397,-3.695610141019487,0
b2AR-decoy_3007,CC(C)(O)c1ccc(Oc2ccc(S(=O)(=O)Nc3ccc(F)cn3)cc2C#N)cc1,-5.61477262037842,-3.262405886206965,-3.340707798909412,-1.81600224118458,-2.059674030680388,-1.9736874013187649,-0.7847376831523007,-0.801490038046337,-3.795313596414936,-2.7258664355026068,0
b2AR-decoy_1632,C=C(C/C=C/C=C/Cl)CC(OC(=O)[C@@H]1CCC(=O)N1C)C(C)(C)C,-5.61443241059043,-4.124878800997125,-4.454757791113542,-3.2664474911005,-3.562960951035908,-1.925311703476825,-1.872306982484781,-0.5113423699309969,-3.5780467762239967,-2.865875433087107,0
b2AR-decoy_894,COc1cc(Sc2c[nH]c3ccc(C)cc23)cc(OC)c1OC,-5.61409853379857,-4.0736039406374855,-3.320756119698141,,,-1.2224501137964143,0.1634763869722286,-1.6870314077296067,-2.8494970364311865,-3.614718991328977,0
b2AR-decoy_625,COc1cc2c(cc1O)CC[C@@H]1[C@@H]2CC[C@@]2(C)[C@H]1CC[C@@H]2CC(C)=O,-5.61383410256035,-3.539620595571205,,-1.7925456864738996,-3.304038768367419,-2.6166626376146445,-2.618164487151901,-0.8194493220248571,-3.9933613601313054,-2.3457954623011967,0
b2AR-decoy_2503,CCN(c1ccc(C#N)c(Cl)c1)c1cc(c2ccoc2)ccc1C,-5.61357657690233,-5.180946427636875,-3.6369210910598513,-3.51468695567128,-2.8267368614052684,-3.827315360215025,-1.0749213920826008,-1.766480688203477,-3.665051688717206,-3.238107384227597,0
b2AR-decoy_2014,COc1cc(Br)cc(/C=N/c2ccc3[nH]c(=O)[nH]c3c2)c1O,-5.61116474133188,-2.393986245684085,-2.668798421189411,-2.0202641320006998,-2.245234695733129,-1.0452522802019244,-0.4800561608862512,-0.2176339691680464,-2.9485047911009064,-2.124567453506897,0
b2AR-decoy_997,Cc1ccc(c2cc(O)c(Sc3ccccc3C(C)C)c(=O)o2)cc1,-5.6084466417312,-5.577885323350585,-3.919738386739221,-2.20925572999297,-3.095991913892129,-2.361168990104205,-1.4712248791677007,-3.238064782137937,-4.2818190315084665,-2.751993987418437,0
b2AR-decoy_1467,COCc1nc(C#N)c(N)o1,-5.60543485551349,-3.725873138888155,-3.698757851044872,-2.1090326737205096,-1.8261591072845984,-1.3332269767089446,-0.8497468756293314,-0.9490256828881564,-2.967664247862766,-2.819106110539567,0
b2AR-decoy_1652,C=C(C)CCOCc1ccc(C2(CC)Oc3ccccc3-n3cccc3C2=O)cc1,-5.60357370806149,-3.655449586826025,-2.330672633850101,-0.2148303024676199,-1.4299243396318388,-2.511606876008485,0.0986260377205292,0.5843718789448933,-0.1416585505876662,-2.819370543103147,0
b2AR-decoy_1102,Cc1ccc(C2=Nc3ccccc3N(CC(=O)Nc3ccccc3C)C(=O)C2)cc1C,-5.6034893381273,-2.4326137519821254,-3.717324450391521,-3.4049682594409,-2.4226926592717284,0.3943829543535853,-0.3214675246794209,-1.6854205367218666,-1.779142006727806,-3.920974014672277,0
b2AR-decoy_1095,COc1ccc(c2ccc(C(=O)Nc3ccc(OC)nc3)c3occc32)c(C)c1,-5.60319876469578,-3.548942144721665,-2.748690187096681,-3.4984588045404896,-2.0896008672668085,0.1998493983962652,-2.6070802574180814,-0.2839365408186669,-2.5106973018411267,-1.747967013755257,0
b2AR-decoy_1291,CCOc1ccc(/C=C\c2cc(OC)cc(OC)c2)cc1,-5.60024698237963,-4.424637722141205,-1.4887682225939312,-1.82892480802078,0.6116024218053018,-2.2082839363601847,1.5068734581367589,0.0377524439419332,-2.8475898674484865,-1.3413277490231867,0
b2AR-decoy_2104,CC(O)CNC(=O)c1ccc(c2ccc(c3ccc4c(c3)COC4=O)s2)cc1O,-5.5997993151652,-3.7136729877662056,-3.448353894735781,-3.93262475792774,-2.185685870155468,-2.282375442250305,-3.561369328070452,-2.032458245802897,-2.7401514992129563,-3.1717884973322072,0
b2AR-decoy_280,C=C1C(=O)[C@@]23[C@@H](CC[C@@H]1[C@H]2OC(=O)CCC(=O)OCCOc1ccc(c2cc(=S)ss2)cc1)[C@@]12CO[C@@]3(O)[C@@H](O)[C@@H]1C(C)(C)CC[C@@H]2OC(C)=O,-5.59924973841186,-3.642726298437065,-3.817882597521101,-2.9593765429394,-3.324099186671428,-2.5074289625910646,-2.0462727623798718,-3.353239625944127,-4.459526902475226,-2.092550073807647,0
b2AR-decoy_383,Cc1csc(S(=O)(=O)N(N)C(=O)c2ccc(Cl)cc2Cl)c1,-5.59375130401495,-4.153702314057945,-0.9238052663050214,-2.51099864875051,-2.148544458794259,-1.5015778075574548,-0.8353909294318509,-2.148164448518177,-2.164695812566096,,0
b2AR-decoy_2650,COc1cc(OCc2cccc(c3ccc(C#N)nc3)c2)c2cc(c3cn4nc(OC)sc4n3)oc2c1,-5.59269309902691,-5.051241002137045,-4.073451889761041,-4.02426729878388,-3.2836329091905085,-0.8637418813358249,-0.766893811607031,-0.3088715891493567,-2.9097756252010765,-4.329037987152487,0
b2AR-decoy_737,CC(C)(C)c1cc(c2nnc(SCC(F)(F)F)s2)cc(C(C)(C)C)c1O,-5.59195426557061,,-2.737199987015672,,,-0.790393217421415,-0.8227069823222113,-0.7647409679433066,,-2.955323845449747,0
b2AR-decoy_2271,CCOc1ccc(Br)cc1/C=C1\CCC/C(=C\c2ccc(O)c(OC)c2)C1=O,-5.59178133956369,-3.1437127718962854,-2.7858436270941915,-1.85457357326833,-2.5093866907799285,-1.5215433521070851,-0.555593394505201,0.4305432821744634,-1.5007175428890065,-3.037601765355127,0
b2AR-decoy_1161,Cc1noc(NS(=O)(=O)c2ccccc2c2ccc(C(C)(C)C)cc2)c1C,-5.59107116191145,-4.731439234610445,-4.168516037674671,-3.11716016074386,-1.4849785549783787,-2.627477203054215,-0.1853216524466709,-0.6902366480575566,-2.6273035806546465,-2.624113991567867,0
b2AR-decoy_1274,Cc1c(CCC(=O)N2CCCCC2)c(=O)oc2cc3occ(C(C)(C)C)c3cc12,-5.58965054493774,-5.383639747052235,-2.678130945610131,-3.16818617143272,-2.7414240521593785,0.0613877489186553,-1.1584110420765512,-1.681453249495377,-1.2221297394574364,-3.456346903444277,0
b2AR-decoy_1656,O=C(/C=C/c1ccc(OS(=O)(=O)c2ccccc2)cc1)c1ccccc1,-5.58836071185944,-3.365451728436465,-2.6595591098943414,-1.10342812501648,-1.0278848700709586,-0.7192835167601244,-2.4122545822401307,-0.6471592023989272,-3.162931411569057,-2.900122738409077,0
b2AR-decoy_2808,CO[C@H]1C[C@@H]2C[C@H](OC)CC[C@]2(C)[C@H]2CC[C@@]3(C)[C@@H](CC[C@@H]3[C@H](C)CCC(=O)N3CCCC3)[C@H]12,-5.58791346877469,-5.070568134948405,-3.405535286935581,-3.62361070455327,-2.608166343166978,-2.1275780015389243,-0.5124164647459111,-1.2624126108367468,-3.4230109943501867,-2.0420716513733974,0
b2AR-decoy_747,O=c1cc(c2ccccc2)c2cc(c3ccc(CO)cc3)ccc2o1,-5.58367983333392,-2.7105960061948355,-5.342955426547841,-3.76366631542355,-2.1146333125475083,-0.5340927184801947,-1.0401176719883614,-2.268030162237867,-3.3348980321163264,-2.417627179653427,0
b2AR-decoy_3006,O=S(=O)(CC(F)(F)F)NCCCCNc1nc2c(s1)CCCc1ccc(F)cc1-2,-5.58184701582777,-3.4854454901522853,-3.775859447979661,-3.283348537610069,-2.704403472535148,-2.740768154674055,-1.4109500661135908,-1.4599708328153964,-1.9108614239947064,-3.499458966840907,0
b2AR-decoy_2950,COc1ccc(F)cc1C(C)(C)CC(O)(Cc1ccccc1Br)C(F)(F)F,-5.57826739787302,-4.527426003498626,-4.172207489912831,-3.44381714424658,-3.533861370078069,-2.0309087438246047,-2.170370740424511,-2.838266429410207,-1.777074823191087,-2.079661737757187,0
ASD03130070,Fc1ccc(Nc2nc(NC3CCCCC3)c3cc(C(F)(F)F)ccc3n2)cc1F,-5.57634120642716,-4.152915870745085,-4.357972409851901,-3.37185317031232,-2.908163996818688,-2.002231760566625,-1.2984784981110309,-2.089810400446657,-2.2782243060995366,-3.5989702018279077,1
b2AR-decoy_1499,Oc1ncc(Cl)c(O)n1,-5.57484972385434,-3.869412301042675,-3.565878692806721,-2.43268482862134,-2.288852168381168,-2.430916058769915,-0.8519274787352007,-0.653130731011637,-2.857973990805746,-2.709303568413667,0
b2AR-decoy_1181,CC(C)CCOC1(C(F)(F)F)OC(=O)Nc2ccc(Cl)cc21,-5.57429789948857,-2.407938135340425,-3.805664486924841,-1.9858229139457693,-3.2779933021934884,-2.5225035842715444,-0.3571999415693812,-1.6539267413714267,-3.3514849843209564,-2.149000315978007,0
b2AR-decoy_1201,CC(=O)/C(=C/n1c(=S)sc2ccccc21)C(=O)Nc1ccccc1C,-5.56982646565395,-5.882002374724735,-5.004012827661441,-3.02419080112488,-3.798013644844568,-3.1615605548882444,-2.2256502022312707,-3.033818218626097,-3.2027446320700568,-3.3061435377631674,0
b2AR-decoy_2486,Cc1ccc(Sc2cncc3sc(C(=O)c4ccccc4)cc23)cc1,-5.5684853162971,-4.770203475701146,-3.530553987983901,-3.11697130125526,-3.3408086922989284,-3.237946766259705,-1.388637057656141,-2.831029850228997,-4.733735791382586,-4.907157850957866,0
b2AR-decoy_1950,Cc1ccc(S(=O)(=O)Nc2c(C(=O)N[C@@H](C)C(C)(C)C)c(C)nn2C(C)C)cc1,-5.56797043582362,-3.522110215243905,-3.899430026188411,-3.51065152282313,-1.9621648782381784,-1.075965621049015,1.760716029904219,-1.4550179188320067,-0.0658065016160862,-3.565849101557727,0
b2AR-decoy_1456,CC(C)(C)OC(=O)N/N=C\c1ccc[nH]1,-5.56522796077827,-3.7709140622849056,-3.170789481448961,-2.3452713267731493,-1.8190348864334285,-1.555772416157395,-1.1412307170545013,-1.1480601343626669,-2.291940602795856,-2.9672023883135066,0
b2AR-decoy_2366,Cc1cccc2c1-c1sc(C(=O)Nc3ccccc3C(N)=O)cc1CO2,-5.56353980857981,-5.487992388138295,-4.249521363396611,-2.51975566314575,-3.177472866972418,-1.9740797534052448,-1.785507133577461,-1.4362244804353868,-3.860364734377466,-3.1045018538615365,0
b2AR-decoy_1790,Cc1ccc(C(=O)NCCCCn2c3ccc(O)cc3c(C)c2c2ccc(O)cc2)cc1,-5.56331242189927,-5.676591552874715,-6.515537660560851,-0.68083656997822,-4.505788244763979,-4.002175032389864,,-1.3335252448342771,-2.192930200262066,-4.684630262005108,0
b2AR-decoy_1474,Cc1ccncc1S(N)(=O)=O,-5.56151209485517,-3.568097623333305,-4.078222502207671,-2.71229539571526,-2.6315669784082187,-1.559627047637595,-1.4605482992366907,-1.3350144643103468,-2.4057087154911763,-2.5858544962845973,0
b2AR-decoy_1596,C[C@]1(C#N)C[C@@H](CN([C@H](CCC(F)(F)F)C(N)=O)S(=O)(=O)c2ccc(Cl)cc2)C1,-5.56132110382321,-3.221017990515305,-2.628301027579311,0.4645578149256804,-1.3958022420331586,-1.5374573399832745,-1.154860461287491,-0.0963353208172064,0.8444434640274636,-1.177011449052467,0
b2AR-decoy_3162,O=S(=O)(c1ccccc1)n1ccc2cc(/C=C/c3ccc4ccccc4c3)ccc21,-5.56100421412301,-3.2809686342265856,,-0.6922815701112897,-1.7912986778008886,-0.9247175658832544,0.2086462755401088,0.6205024362379232,-1.0432073481704265,0.3639984976199528,0
b2AR-decoy_2493,Cc1cc(Cl)ccc1Oc1coc(/C=C/c2ccccc2)cc1=O,-5.55981560470142,-3.9401869859436456,-2.6613045283849117,-1.7883466455003996,-1.687415823673608,-0.2444817778247445,-2.477324270404041,-2.559435093599137,-3.2803070642178964,-3.331329395902857,0
b2AR-decoy_2561,O=S(=O)(Nc1ncns1)c1ccc(Oc2ccccc2c2ccccc2)cc1Cl,-5.55863481005624,-2.722117215497015,-3.9266856714003513,-1.7025987891459191,-3.9484869582776794,-1.5807561857421346,-0.4896013978921614,-0.9386066508247372,-1.5074471832710865,-2.4211291513369173,0
b2AR-decoy_1215,CC1=NC(C)=C(C(=O)OC(C)C)C(c2cccs2)/C1=C(\O)OC(C)C,-5.55836093082585,-3.277655233403215,-3.6602936689920114,-2.27321209874118,-2.6444701278134684,-2.1470678363768148,-0.7716403411103414,-1.3623176245575772,-1.3489268064512163,-1.849279962980257,0
b2AR-decoy_2258,Cc1ccc(C(=O)Nc2cccc(C(=O)/C=C/c3ccc4c(c3)c3ccccc3n4C)c2)cc1,-5.55813126781482,-1.4559666837602552,-2.224848583435131,-3.00716620827062,-2.853287662184018,-1.4042838300026848,-2.3256682303863707,-1.5814762677789371,-2.753022118811536,-3.0224406666749872,0
b2AR-decoy_2599,Cn1c(=Nc2ccc(Cl)c(Cl)c2)scc1c1ccc(Cl)cc1,-5.55742482492947,-2.175933768821505,-4.133776750456041,-0.9106209276855196,-4.017108042691278,-3.8595423501374446,-2.689572083625001,-1.7279399746511466,-4.645387442561867,-3.0148824717879967,0
b2AR-decoy_2408,O=C(/C=C/C1=Cc2cc(Cl)ccc2OC1)c1ccc(Cl)cc1Cl,-5.55464650226113,-2.962706395965805,-5.234958357628491,-3.26973888457741,,-1.184266600163335,-2.5267797997387413,-3.1547593238410965,-3.1474366983295363,-3.888285939253557,0
b2AR-decoy_340,COc1ccc2c(c1)OC(C)(C)[C@@H](c1ccccc1)[C@@H]2c1ccc(O)cc1,-5.55453976920806,-2.9085236302446456,-3.550202435026531,-0.6741166774231799,-1.8438449872857685,-1.3881590046309649,-2.2902493763960114,-1.8841638502146472,-2.6612193534696367,-0.977692496013177,0
b2AR-decoy_808,CC(C)(C)[Si](C)(C)Oc1ccc(c2cc(=O)c3ccc(O)cc3o2)cc1,-5.55022676356544,-4.255519630413005,-3.0637354188055914,-2.54996092655394,-3.2380824166641986,-1.7609625806966651,-1.6207689325057606,-2.602414820381677,-3.130900030138906,-3.0413103777331467,0
b2AR-decoy_1847,C=C1C(=O)O[C@H](C[C@@H](C)[C@H]2CC[C@H]3/C(=C/C=C4/C[C@@H](O)[C@H](OCCCO)[C@H](O)C4=C)CCC[C@@]32C)[C@H]1C,-5.55021966772661,-4.781317435927015,-2.730667702369111,-4.077436094846569,-3.240965407170899,-3.026456567768065,-2.7424343053476115,-1.3977469625250167,-3.661709020713426,-4.562309886569096,0
b2AR-decoy_1739,COc1ccc2c(c1)c(C(=O)N/N=C/c1cccc(Br)c1)c(C)n2C,-5.5483763173298,-5.0170724243634455,-3.038380487166851,-3.2059814001898497,-2.6492312253101185,-0.9303142097216348,-0.9554704489757508,-1.8776765551858965,-1.7422446089417063,-2.101219619544287,0
b2AR-decoy_3035,Cc1ccc(/C=N/NC(=O)c2cccc(S(=O)(=O)Nc3ccccc3Cl)c2)s1,-5.54099948494879,-2.319902204069045,-3.0515623801636016,-1.7289345374663494,-3.0952627932019787,-0.5844570431819243,-1.1132693444211208,-2.704754535351867,-4.174083370273596,-4.483120775297048,0
b2AR-decoy_2145,Cc1cc(=O)c(c2ccc(OCc3ccc(OC(F)(F)F)cc3)cc2)c(C)[nH]1,-5.53723673207886,-4.513934549406285,-2.024752419243061,-2.13919838368842,-3.004165406766899,-2.5087144635722245,-1.5437670964636014,1.4712384203162832,-1.615275374381846,-2.851042201535257,0
b2AR-decoy_1794,CCOc1cc(Cl)ccc1Oc1ccc(S(=O)(=O)Nc2ccc(F)cn2)cc1C#N,-5.53689400742077,-2.5065874504164247,-4.419235675980572,-0.5355367452681499,-2.622411359742938,-1.3324937083040949,-0.5802514539618908,0.4600140576237228,-1.1018531190251362,-2.7531543979365467,0
b2AR-decoy_1693,CC(C)(C1=N[C@@H](C(C)(C)C)CO1)C1=N[C@@H](C(C)(C)C)CO1,-5.53469915234797,-4.756713956520745,-3.685725649152901,-2.1689774283572696,-2.147901999806159,-2.1483038537634647,-1.6969427832394306,-1.315295815385757,-3.5067026399939163,-2.944396003350487,0
b2AR-decoy_1493,O=C1OCC(CC2=C(O)C(=O)OC2)=C1O,-5.53310104715197,-3.773888908939565,-3.445804289143571,-2.13433171783801,-2.5312331302306683,-1.582263771862085,-1.111131669763271,-0.8639220888541672,-2.544837626762126,-2.7991203905675968,0
b2AR-decoy_2655,C/C(=N\OCCSc1nnc(C)s1)c1ccc(Sc2cc(F)cc(C3CCOCC3)c2)cc1,-5.53095447635093,-3.685960847262165,-2.381615266167741,-1.99585709307315,-2.7707808828951386,-2.7040433377548148,-0.792127137526121,0.0818544024403635,-3.0720394191828664,-4.373307535620727,0
b2AR-decoy_797,COC(=O)CCCC[C@H]1[C@@H](C)CC[C@@]2(C)CC(C)[C@H](O)[C@@H](C)[C@H]12,-5.5305661492589,-3.784030598225336,-3.757476290417161,-2.52223516991275,-3.2007034334824382,-2.6391131783057844,-0.9845780136593012,,-2.7967213652960465,-2.4371835511874766,0
b2AR-decoy_1060,CCCCCC(=O)c1cccc(OCc2cccc(C#N)c2)c1,-5.5294402030578,,-3.4372393060506914,-2.5491664351582,-3.9057180928970174,-0.8236095903186245,-1.6561271369510813,-0.9450970091995972,-3.706219157294046,-2.7900442948850865,0
b2AR-decoy_2534,Nc1ccccc1NC(=O)/C=C/c1ccc(c2nnc(Cc3cccc4ccccc34)o2)cc1,-5.52593665093918,-4.088048165400555,-2.972958159243891,-3.2194926928236995,-2.7378857739198788,-1.7520407460401843,-2.431422438706311,-0.7886278271087672,-2.4316172594442964,-3.769137274381397,0
b2AR-decoy_351,CCSc1nnc(c2cc(C(C)(C)C)c(O)c(C(C)(C)C)c2)o1,-5.52507628151357,-4.054901144551355,-3.453407668585301,,,,,-0.8104109092079765,-2.369208040427917,-2.7500451277593974,0
b2AR-decoy_2180,CC(C)=CCc1cc(C2CC(=O)c3ccc(O)cc3O2)cc2c1OC(C)(C)C=C2,-5.52413142427515,-3.686212303772916,-3.8913215613951913,-3.090203470807809,-2.873557862936289,-2.0643034621276444,-0.2002176066395007,-1.2842697741886866,-3.1743499030949662,-2.662937358926287,0
b2AR-decoy_1938,O=C(C/C(=C\c1cn(c2ccccc2)nc1c1ccccc1)c1n[nH]c(=O)[nH]1)c1ccc(Cl)cc1,-5.5237993081168,-4.241636293820625,-3.799728569204581,-3.5614460293113,-4.649218634590208,-2.0368398075357046,0.7706614844329289,-1.656184694110947,-2.525545756409626,-3.5304754538595278,0
b2AR-decoy_1435,N/N=C/c1ccc([N+](=O)[O-])o1,-5.52365846254892,-3.6372601176475854,-3.0655771987911318,-2.1281602883397994,-1.5128274821250989,-1.129732191208265,-1.1115082057492112,-1.059345472132537,-2.500161562147956,-2.2129771275148973,0
b2AR-decoy_2632,COc1ccc(c2oc3ccc(c4cc(OC)c(OC)c(OC)c4)cc3c2c2ccc(OC)cc2)cc1,-5.523373789018,-2.5909761077343454,-3.347260188398721,-2.4621473413212893,-1.6669615871424384,-0.9797255771414948,0.5336502906813791,-0.1762128085812566,-0.5841085276266762,-1.9059311219427968,0
b2AR-decoy_1305,C=CCOc1cc(C)c2c(c1C(C)C)C=C(C)C(=O)C2=O,-5.52283551849403,-3.392970481954075,-2.756721345227451,,-3.064837253517668,2.009012331964636,0.5410806825278289,-0.501086684884827,-1.542287165591536,,0
b2AR-decoy_2430,Cc1ccc(OP(=O)(Oc2ccc(C)cc2)C(=O)Oc2ccccc2)cc1,-5.51992495971772,-2.747220261854596,-4.573217306435641,-3.15829000529214,-1.723708596725018,-1.8151025864894148,-2.4999710398059207,-1.8550111917519665,-2.7187555695929566,-1.9407176886807869,0
b2AR-decoy_1662,C[C@H](CCCC(C)(C)O)[C@H]1CC[C@H]2/C(=C/C=C3C[C@@H](O)C(O)[C@H](O)C3)CCC[C@@]21C,-5.5196394603021,-4.676281902579385,,-2.9363296491357493,-3.367402060847568,-1.8066032331472843,-1.1678650652834612,-2.039134141273367,-3.4364514600060563,-3.8627631928322272,0
b2AR-decoy_2270,COc1cc2[nH]c3cc(OCc4ccc(OC(F)(F)F)cc4)ccc3c(=O)c2cc1Cl,-5.51928466945909,-4.397818942088676,-3.928475212856201,-3.17255907301318,-2.7778887905998086,-1.118118414756995,-1.9541845855052704,-0.8921907978457568,-3.691774009258147,-3.484903300085357,0
b2AR-decoy_2498,CCc1ccc2nc(c3ccc(n4nnc5cc(OC)ccc54)c(C)c3)sc2c1,-5.51926865154788,-3.769245409575265,-2.9288270450164413,-1.1428565852426793,-1.628441514354888,-1.1897081611773244,0.9024200303716592,-0.065989424951427,-0.7680926484911663,-2.095102549107757,0
ASD03130102,Cc1cccc2c(NC3CCCCC3)nc(Nc3cc(Cl)cc(Cl)c3)nc12,-5.5185564055245,-4.248238607973275,-3.946891492417041,-2.6543900687226296,-2.7575242221754284,-2.441956633602805,-1.126634070898331,-1.8672797709790163,-2.135633407943656,-3.0266635431669173,1
b2AR-decoy_738,O/N=C(\CSc1ccncc1c1ccccc1)c1cc(Cl)sc1Cl,-5.51851494375948,-3.4442338508832355,-5.158923471270941,-1.81053893794439,-2.9311918296104285,-2.919834769782015,-2.561088832385421,-2.4359446280784267,-3.4266810625808963,-3.602225084296547,0
b2AR-decoy_180,CC(C)CN(C[C@@H](O)[C@H](Cc1ccccc1)NC(=O)O[C@H]1CO[C@H]2OC[C@H](OCC(=O)NCc3ccccc3)[C@@H]12)S(=O)(=O)c1ccc(N)cc1,-5.51756836367405,-5.063222237159125,-4.884128166964961,-5.831920374804,-2.3803341046118485,-2.544487409732855,-1.3258416481479909,-3.014668273588657,-4.702636898988026,-0.385211371580187,0
b2AR-decoy_548,C=C1CC[C@H]2C(C)(C)CCC[C@]2(C)[C@H]1C[C@@H](O)C1=CC(=O)OC1O,-5.51692791991806,,-3.501011989135812,,-3.158486153560858,,-1.7200030177220906,-1.9147839656078665,-2.313703702867586,,0
b2AR-decoy_167,COc1ccc(/C=C/C(=O)c2ccccc2OCC2=CN(CC(O)COC3=C(C)C(=O)SC3C)NN2)c(OC)c1OC,-5.51678430204852,-4.7032983450979255,-3.128709556010951,-3.9096584277933895,-2.9644900068438487,-0.8725856341577645,-1.4329064893731909,-3.0228061113431366,-3.713981684169056,-3.6751137715435074,0
b2AR-decoy_2439,FC(F)(F)c1nnc2ccc(c3ccc(S(F)(F)(F)(F)F)cc3)cn12,-5.51594829925922,-4.496431825197105,-3.465615945975212,-4.21540914569933,-0.9387044787734782,-1.633411047903425,-1.983173232300791,-1.1757781612540068,-3.3573328224356764,-0.5334663981280472,0
b2AR-decoy_2443,CCCc1c(Cl)c(=O)oc2c3c(c4c(c12)OC(c1ccccc1)C=C4)OC(C)CC3=O,-5.51594782574954,-3.101977217112255,-4.549337041162891,-2.3376423427978894,-3.968881261377528,-2.489077131147705,-0.9214699243371508,-2.406885540009047,-3.4477592248820264,-2.382277845370347,0
b2AR-decoy_1298,O=S(=O)(Oc1ccccc1c1ccccc1)c1ccccc1,-5.51586062500884,-4.559064286632525,-3.510542272495861,-2.96549322473109,,-2.6063060429472147,-0.4317751871865809,-1.6917458188634766,-3.0301538902475267,-3.303597333802197,0
b2AR-decoy_1446,CC(C)(C)/C=N/NC(N)=S,-5.51558038679515,-3.198595888083835,-4.017483176211711,-3.20816135674269,-2.3213883875030987,-1.0408253932902651,-1.7203278217742213,-1.2375604574743768,-2.454284302989697,-2.946252558471637,0
b2AR-decoy_482,Nc1ccc(Oc2ccc([N+](=O)[O-])cc2Cl)cc1,-5.51502957260484,-4.185806576728445,-3.276162268969271,-3.4289239332570998,-2.9651917874211486,-2.540059524757435,-1.071743523863911,-1.5608331949203471,-3.4586656679030865,-3.0055124182430366,0
b2AR-decoy_184,C=C(F)CO[C@H]1CO[C@@H]2OC[C@H](OC(=O)N[C@@H](Cc3ccccc3)[C@H](O)CN(CC(C)C)S(=O)(=O)c3ccc4nc(NC)oc4c3)[C@H]12,-5.51330281717529,-3.5164440699099755,-5.287220991526641,-3.47009043254495,-4.159514187340219,-2.215165441726965,-1.6884315710426812,-1.8098663165233768,-2.9405815685608765,-3.2995612185943366,0
b2AR-decoy_1838,O=C(CSCc1nc(c2ccc(Cl)cc2)cs1)NNS(=O)(=O)c1ccc(Cl)cc1,-5.51223316525588,-5.249547702913636,-3.5153381142672613,-4.083732760292199,-2.2906861925989483,-2.1212479369783344,-0.5453338016406608,-0.5352111754408968,-3.036661249888536,-4.229999275629877,0
b2AR-decoy_943,Cc1cc(N2CCc3ccsc3C2)cc(C)c1NC(=O)CC(C)(C)C,-5.51196769293857,-3.565727532675755,,,,,-1.2416069897572308,-1.023847984492087,-2.881069795274466,-3.632018836527577,0
b2AR-decoy_2682,CC(C)=CCC1(CC=C(C)C)C(=O)[C@](O)(CC=C(C)C)C(=O)C2=C1O[C@H](c1ccccc1)C[C@H]2O,-5.50748584255122,-2.2576883345900054,-3.426352083668861,-2.42071777082392,-3.3813899447565188,-2.5938193400088343,-1.2633182981320212,-2.1404781684383964,-3.239717667211866,-2.542310123385667,0
b2AR-decoy_230,COc1ncc(C(=O)NC2(C(=O)N[C@H](C)c3ncc(c4cc(Cl)cc(Cl)c4OCC(F)F)cc3F)COC2)cn1,-5.50692132316211,-5.181744539655255,-6.025172604057911,-2.4246347360647,-2.039139865413919,,-1.0566602651494108,-1.813314733044587,-2.852965936096606,-3.5336844464215766,0
b2AR-decoy_2905,COC(=O)[C@@H](CCC=C(C)C)[C@@H]1CC[C@]2(C)C3=CC[C@H]4[C@@](C)(CO)C(=O)CC[C@]4(C)[C@H]3CC[C@@]12C,-5.50468357030958,-3.282377858086315,-2.4443539906099216,-2.12729979602884,-1.1880520507600387,-0.1515744530653249,,,-1.383848158137516,-1.9027212954819064,0
b2AR-decoy_2703,CC(CO)(CO)C(=O)O[C@H]1CC[C@@]2(C)C(=CC[C@H]3C4=CC=C(c5cccnc5)[C@@]4(C)CC[C@@H]32)C1,-5.50056295354308,-3.985078327168565,-3.124222408417832,-2.81613890484636,-2.2809526532582884,-2.0034500379862044,-0.9025392982750312,-0.8213403259156564,-3.0752996531048966,-2.959522433664017,0
b2AR-decoy_1476,CSc1ccccc1B(O)O,-5.50039615130482,-3.660730503768465,-4.034366410242481,-2.49926092239597,-3.0538366204311487,-2.2395328960789147,-1.014232998254171,-1.5852611736106166,-3.1018548148040264,-3.048939786279407,0
b2AR-decoy_1140,CC(C)=CC(=O)/C=C(\C)CCC[C@@]1(C)Oc2c(c(=O)oc3cc(O)ccc23)[C@@H]1C,-5.49683225484483,-3.4089266486957053,-3.658035422891351,-2.71285746073082,-1.7394926716359382,-2.458276776493845,-0.6468712880168708,-0.2850668588987668,-2.9529606493921765,-2.616630304512406,0
b2AR-decoy_2709,Cc1cc(F)ccc1NC(=O)c1ccc(NS(=O)(=O)c2cc(C(C)(C)C)ccc2C)cc1,-5.49674192874374,-5.150528173048505,-1.696479824342091,-2.32744856357711,-3.2972233432415186,-2.6982864475623343,-1.3124998948292212,3.62012628362845,-3.2017615151327368,-1.6716311187447768,0
b2AR-decoy_306,CCCCNC(=O)c1ccc(Br)c(n2nc(CC)n(Cc3ccc(c4ccccc4S(=O)(=O)NC(=O)OC(C)(C)C)cc3F)c2=O)c1,-5.49352737531089,-1.860257585967315,-4.213380452456061,-1.6603040425156994,0.3232908949946114,0.0104533209189754,-1.3356241990167206,,-0.4777541571704464,,0
b2AR-decoy_2242,CC(C)=CCC[C@](C)(O)[C@H]1CC[C@@]2(C)[C@@H]3CC=C4[C@@H](CCC(=O)C4(C)C)[C@]3(C)C(=O)C[C@]12C,-5.48857813259571,-3.4144352175956856,-3.284501046801332,-2.9130685875641493,-3.450622173929869,-1.291329428759445,-0.366475141672181,-0.6369244065832165,-3.393893073012106,-2.6307824769602868,0
b2AR-decoy_1051,COCCOC(=O)c1c(C)oc2ccc(OC(=O)c3cccs3)cc12,-5.4823702311092,-3.922985695730016,-4.300565740304411,-2.4167432993331595,-2.7266615032018384,-0.5665888037484548,-1.1006604240017612,0.3326895369692435,-0.5918220053929462,-2.5238909856939373,0
b2AR-decoy_2724,CC1=CC[C@@H]2[C@@H](C1)c1c(O)cc(C(C)(C)CCCCC(=O)N(C)C)cc1OC2(C)C,-5.48186796897511,-3.438190786570865,-4.306810947257981,-2.4353161000825496,-3.308105466478258,-2.0498606522117546,-1.1810027656097608,-1.413411629666017,-2.006198680547576,-2.6865082016311166,0
b2AR-decoy_2426,CSc1ccccc1/C=C1\Oc2ccc(F)cc2-c2ccc3c(c21)C(C)=CC(C)(C)N3,-5.48057459725936,-3.242688169487635,-1.3956263849396913,-1.4347727611373091,-1.3078639585283085,,,-1.570075900463177,-2.0167634929992264,,0
b2AR-decoy_685,Cc1ccc(C(C)C)c(OC(=O)Nc2ccc(C(C)(C)C)cc2)c1,-5.48041357690665,,-0.2077975157120613,-3.2493429284751194,1.9257295692168817,3.532501200567207,-2.7729462459908607,0.1296421159954333,-1.8080929510305568,-1.0745725771319168,0
b2AR-decoy_1927,CCCCCCC(=O)O[C@H]1CC[C@H]2[C@@H]3CC[C@H]4CC(=O)C=C(C)[C@]4(C)[C@H]3CC[C@]12C,-5.48040584945486,-3.047479324595665,-2.2297398176479213,-0.95869969285712,-1.3095342087145685,-0.714964275621325,-1.8111854388201407,-0.6934475554423072,-3.2987928437944163,-1.545628465178687,0
b2AR-decoy_2809,N#Cc1ccc(C(OCc2ccc(C#N)cc2c2cccc(Cl)c2)c2cncs2)cc1,-5.47820108587143,-3.454794948181616,-3.788689380391041,-2.66952716887912,-3.964909645297919,-3.786069360209705,-2.873993016887461,-3.5491024096936368,-3.6024282971247965,-3.805574681021447,0
b2AR-decoy_57,CN(C)c1ccc(c2nnc(c3c[nH]c4ccc(Br)cc43)s2)cc1,-5.47324819446137,-1.4863442073944753,-2.153574083768871,-0.5500394707124698,-1.1302196184372386,0.5303634744266654,,-0.2767677851100965,-0.6788290336521063,-2.1616289119874668,0
b2AR-decoy_1107,CCCCc1ccc(n2nc3cc(Cl)c(C(=O)NC(C)(C)C)cc3n2)cc1,-5.47133881397926,-3.197313165653455,-1.4731247337941311,-2.0221526789455,-3.0126563989312087,-0.0392723528266847,-1.0634518362602208,-1.5183068266471471,-0.5950632650112762,-3.5425555807310567,0
b2AR-decoy_2491,CC(C)(C)c1cc2c(OCc3cc(c4ccc(Cl)cc4)no3)ncnc2s1,-5.46575879041062,-4.295801368146416,-2.363051992270301,-2.69086452801489,-3.2581697128348788,0.0874927755072754,-2.9909269684815207,-0.3568528048411572,-3.290318338561426,-3.345316045085267,0
b2AR-decoy_1919,Cc1ncc2nccn2c1c1ccc(Oc2nccc3occc23)c(C(F)(F)F)c1,-5.46559487066787,-5.773337399428575,-2.8636123269363614,-2.7284961560343897,-4.5102942183141685,-1.1935313697611347,-1.053511844580461,-1.075428337177077,-5.992895282093826,-2.0724767571875167,0
b2AR-decoy_2777,CN(C)c1ccc(/C=C/C(=O)/C=C/c2ccc(N(c3ccccc3)c3ccccc3)cc2)cc1,-5.46436695402895,-4.947084646763305,,-0.5992772823716899,-2.591399943435598,-0.101076751105765,0.6075306064702191,,,-2.167295308691767,0
b2AR-decoy_204,COc1ccc2cc(C(=O)N[C@@H](Cc3ccccc3)[C@H](O)CN(CC(C)C)S(=O)(=O)c3ccc(N)cc3)c(=O)oc2c1,-5.46268587843907,-6.636184078834566,-4.954168023365881,-0.9750028297945996,-2.7599219628066285,-2.0680422014306643,1.329158876052099,,-3.522907663487977,-2.529963665560397,0
b2AR-decoy_2656,COc1ccc([C@@H]2COc3c(cc(/C=C/C(=O)c4ccccc4)c4c3C=CC(C)(C)O4)C2)c(OC)c1,-5.46127035497115,-4.811807442525455,-3.3244360449690413,-0.4812523507332695,-1.777482511271418,-1.676547298744575,-1.921551594699041,-0.3563378808740767,-2.6670999851941266,-3.723086854669967,0
b2AR-decoy_2708,Cc1ccc(OC(C)C(=O)Nc2ccc(C)c(S(=O)(=O)Nc3ccc(C)cc3C)c2)cc1,-5.45905503153125,-2.946989939056905,-4.080457003033342,-1.4161977349902202,0.2386154358263517,-1.0202589181396349,0.6790616158541689,0.4817937194721731,-1.2525443224243764,-1.346325817173477,0
b2AR-decoy_1292,Cc1cc(Cl)cc(C)c1OCCCCn1ccnc1,-5.45905137244337,-3.090745560580705,-3.941691329108161,-2.8437049486797896,-2.7622993851068385,-2.0404683762245144,-1.4264099657093912,-1.0037748805497673,-3.172576232828126,-3.003442515220867,0
b2AR-decoy_1450,CN(C)C(=S)SCC(N)=O,-5.45690228041403,-2.643681225005995,-3.416659619082681,-1.6310032014257594,-2.756638778361018,-1.8305726144197951,-0.1633285302820812,-0.1572976880858965,-2.268238949304516,-1.8282205340107371,0
b2AR-decoy_1418,CC(=O)NC1=CC(=C[N+](=O)[O-])C=C1O,-5.45658206045022,-3.651310735696345,-3.101529930754372,-2.24291434542198,-1.753298236191128,-1.0180690604719551,-0.7736016587153713,-0.8181955201555571,-2.8139453022661964,-2.629327844398317,0
b2AR-decoy_793,C/C(=N\Nc1nc(C)c(C)s1)c1ccc(Cl)c(Cl)c1,-5.45581684669674,-4.334443156268256,-4.677260378288652,-2.18888233652717,-3.7727531910821286,-1.4677885650976945,-2.3905669588940714,-1.4484363863389067,-3.6690664123674255,-2.8653199077577267,0
b2AR-decoy_1826,CCCCCCCCCC(=O)O[C@@H]1[C@@H](C)[C@@]2(O)[C@@H](C=C(CO)C[C@]3(O)C(=O)C(C)=C[C@@H]23)[C@@H]2C(C)(C)[C@]12O,-5.45150382126351,-4.685971896832156,-3.699194293730991,-2.53105866891889,,-1.9493347649586743,-2.385464190456511,-0.1409284486816568,-2.2454797027627365,-3.006878148853897,0
b2AR-decoy_1449,Nc1oncc1n1cccn1,-5.45041498384586,-3.372772314782245,-3.0119683494800213,-2.01583615946664,-1.9176496418819484,-1.0933941711484545,-0.8188289317608506,-0.5993616196410265,-2.1597073871478862,-1.8911719189732872,0
b2AR-decoy_3059,COc1ccc(C)cc1C1=C(Br)C(=O)N(CC(C)C)/C1=C\c1cccc(Cl)c1,-5.44235261136491,,-4.206596088235972,,-2.595882396547668,-2.2602315850139645,,,-2.163814345067876,,0
b2AR-decoy_3155,CC1=C(C/C=C(\C)CC/C=C(\C)Cc2ccccc2)C(=O)c2ccccc2C1=O,-5.44058256277017,-3.688087622542155,-3.533469367385951,-2.16672301430118,-2.832289027370458,-2.1545237942641746,-3.510481430434461,-1.261800881223257,-3.763590243175816,,0
b2AR-decoy_2417,Clc1ccc(C(Cc2ccc(Cl)cc2Cl)Cn2ccnc2)cc1,-5.44005195000716,-3.520081328094685,-4.1643630375907215,-2.388663852399889,-3.3440734905651484,-1.479570118094835,-2.036844356849211,-1.933020413710607,-3.4851059848804464,-2.3456997520083074,0
b2AR-decoy_2786,C=C(CC[C@@H](C)[C@H]1CC[C@H]2C3=C(C(=O)C[C@@]21C)[C@@]1(C)CCC(=O)[C@@H](C)[C@@H]1CC3)C(C)C(=O)OC,-5.43860229838293,-3.856951489471215,-3.200949733581432,-2.8411019889602693,-2.8404548952038287,-1.4910184703723743,0.7879591228566691,-1.5826729380573663,-2.913690725884827,-2.657442740251207,0
b2AR-decoy_2741,CC(=O)O[C@H]1CC[C@@]2(C)C(=CC(=O)[C@@H]3[C@@H]2CC[C@@]2(C)[C@H]3CC[C@@H]2[C@H](C)CCCC(C)(C)O)C1,-5.43774280336694,-3.947934913980356,-3.486126103462311,-2.26334724285446,-2.1106410772261386,-1.2299241312409048,-2.183078148553701,-1.1151944055892369,-3.487241124095936,-3.414645704128057,0
b2AR-decoy_2235,Cc1ccc(C2=C(C#N)C(=O)NC(c3ccc(Oc4ccccc4)nc3)(C(F)(F)F)C2)cc1,-5.43691490700612,-5.948750131293005,-3.0775658958887115,-4.86635530839318,-2.1047204509674984,-1.754852051658685,-1.3030824994830708,-3.253199009944317,-4.698255000287406,-3.8688527915099766,0
b2AR-decoy_1193,Clc1ccc(C(c2ccc(Cl)cc2)(c2ncc[nH]2)n2ccnc2)cc1,-5.43265981746945,-2.323390169560465,-4.350903317062751,-1.4049682965917,-2.4918650837959087,-2.3446825945425944,-1.827053790612041,-1.737511841623097,-3.653364872148386,-2.1664300668949266,0
b2AR-decoy_2224,N#CC1=C(SCC(=O)c2ccc(Cl)cc2)N=C2CCCC(O)=C2C1c1ccco1,-5.43265470241892,-3.327648578470545,-4.289806379835532,-3.49044803363752,-3.5081702994288086,-1.4794497198260943,-1.5585585146846306,-1.9631836180949067,-2.927085340274046,-2.915856055343577,0
b2AR-decoy_1246,Cc1cc(Oc2ccc([N+](=O)[O-])cc2C#N)ccc1Br,-5.43143659717839,-4.926867748404135,-3.476153458770791,-3.4248154444685595,-3.5025245095670883,-2.280483860707035,-1.3237211260148314,-2.4126779013388564,-2.741775422868156,-3.3577932422632477,0
b2AR-decoy_209,Cc1cn([C@@H]2O[C@H](CO[Si](C)(C)C(C)(C)C)[C@@]3(OS(=O)(=O)C=C3N)[C@H]2O[Si](C)(C)C(C)(C)C)c(=O)n(CCc2ccccc2)c1=O,-5.42678203054077,-3.253059853801905,-3.669516098783551,-3.5231169042597,-3.867438713082168,0.1730197546023153,,-1.2595500884012267,-3.1041441713575564,-4.602012563006067,0
b2AR-decoy_232,COc1ccc(/C=C/[C@@H](C)[C@@H]2C/C=C/C(=O)N[C@H](Cc3ccc(OC)c(Cl)c3)C(=O)NCC(C)(C)C(=O)O[C@@H](CC(C)C)C(=O)O2)cc1,-5.42648169010813,-5.512139188379395,-3.824609121246681,-2.8455254539173094,-1.6034887791736183,-0.7041738776023445,-0.4720193615071713,-1.5562539060439171,-2.866026142467196,-3.5656500537862974,0
b2AR-decoy_2586,CC(C)CO[C@H]1CC[C@@]2(C)[C@@H](CC[C@H]3[C@@H]4C[C@@H](Br)C(=O)[C@@]4(C)CC[C@@H]32)C1,-5.4249746241011,-3.309869800564285,-3.9743916939567008,-2.92752767337205,-3.1054450007600884,-2.019298090730014,-1.9064283562260116,-2.4898085385115065,-2.7478110329685563,-1.709695656657987,0
b2AR-decoy_170,COc1ccc(N(CC(=O)N[C@@H](Cc2ccccc2)[C@H](O)CN(CC(C)C)S(=O)(=O)c2ccc(N)cc2)CC(=O)N(C)C)cc1,-5.42357718764978,-4.065876874215965,,-2.3421241235729697,-4.611997070636798,-1.739094998172785,,,,-3.310993947254507,0
b2AR-decoy_1865,Cc1ccc(S(=O)(=O)CNC(=S)CCCC(=S)NCS(=O)(=O)c2ccc(C)cc2)cc1,-5.42067462385687,-3.329165083555736,-4.777855324691752,-3.4553769706742896,-2.2397967717942686,-2.2063126567330844,0.1578036821733492,-2.399818242683727,-1.5587115157246565,-3.219317100514117,0
b2AR-decoy_759,CC(=O)NC(CC(=O)c1ccc(Cl)cc1)c1ccc(Cl)cc1,-5.41978823535598,-3.531386205174175,-3.5708157721507314,-3.27709478212567,-2.9217498527993184,-2.7335329106122046,-1.9590828730151808,-2.185212674113997,-3.668803091902636,-2.0531019102074866,0
b2AR-decoy_1144,CC(C)=CC(=O)C/C(C)=C/CC[C@@]1(C)Oc2c(c(=O)oc3cc(O)ccc23)[C@H]1C,-5.4192192263403,-4.642500561723075,-3.856082108509361,-3.1249070415277997,-2.784631833577218,-2.171175563260305,-1.787981782784751,-0.4566525236441068,-5.3289725119182565,-3.6786827414066168,0
b2AR-decoy_782,CC(C)(C)OC(=O)N/N=C\c1ccc(c2cccc(Cl)c2)o1,-5.4170649031877,-4.198458703981305,-3.160952144874352,-1.4718610269472894,-2.7844918678329984,-0.5461238224355247,-2.022015248622231,-1.019354662064747,-3.4349017204284262,-3.151541625473247,0
b2AR-decoy_2325,CC(C)CC(=O)NC(=S)Nc1ccc(NC(=O)c2cccs2)cc1,-5.41685653682429,-2.793992743955785,-4.099752608916392,-1.24982925961012,-0.3092377444133385,-0.9585114192817548,-1.5234750313834011,-0.4428587783097972,-1.1598261030019863,-3.5422542585436374,0
b2AR-decoy_1218,CCCCOC(C#CC1CC1)(c1cc(CC)c(C)nc1O)C(F)(F)F,-5.4152664609324,-2.7982372623783256,-2.663824938602361,-2.8266670146589394,-3.8209844272814575,-1.542154711595935,-1.4058077971431109,-0.950326598587127,-4.081447763563866,-3.5549179325965565,0
b2AR-decoy_313,O=C1OCC/C1=C/c1ccc(/N=N/c2c(O)ccc3ccccc23)cc1,-5.41477021927701,-3.095657306328645,-3.807087361476321,-1.2826727407026397,-2.5979754265648083,-1.3458965793390751,-1.1004251402305814,-0.9647026308530168,-2.776292142957926,-2.489468613388467,0
b2AR-decoy_2981,CCOC1=C[C@@]2(C)C(=CC1=O)C=C[C@@H]1[C@@H]2CC[C@@]2(C)[C@H]1C[C@@H]1O[C@]3(CC[C@@H](C)CO3)[C@@H](C)[C@@H]12,-5.41344693269946,-2.286122146326365,-1.815000059299821,-1.7133220004695895,-1.481581779379498,-0.8535385064179248,-1.716168429708821,0.4411680099479733,-2.3469454712094464,-2.193970373922267,0
b2AR-decoy_3003,CC1=C(CCCNS(=O)(=O)c2ccc(C)cc2)C2=C(C)C3(CC3)[C@@](C)(O)C(=O)C2=C1,-5.41327084460747,-2.637199860428125,-3.068297393927341,-1.5312459094424398,-2.1787407006095485,0.1572352666037852,1.734451914112959,-2.7071273634491666,-2.1549166316246264,-1.748399874710167,0
b2AR-decoy_2462,Cc1ccc(C(C)C)c(OC(=O)/C=C/c2ccc(Cl)cc2Cl)c1,-5.40653253833408,,-3.9851216042334414,-3.64796453311886,-3.923921365158228,0.4081221544172853,-1.2974747252837409,0.981050058033043,-2.578606764409346,-2.831864725110917,0
b2AR-decoy_2064,COc1ccc(/C=C/C(=O)c2ccc(NS(=O)(=O)c3cccs3)cc2)cc1,-5.40408379984283,-3.530677127041665,-2.745657078780852,-1.42433671324609,-2.3400867725544385,-0.3100688732507048,-2.243945947288431,0.9022655101226134,-1.640214555542796,-1.3447821742408972,0
b2AR-decoy_3019,COC(=O)[C@]1(C)CCC[C@]2(C)[C@@H](CC/C(C)=C/[C@H](O)[C@H]3OC(=O)C=C3C)[C@](C)(O)CC[C@H]21,-5.40375797411045,-3.0068671354517056,-3.876257965477821,-1.7504581986927894,-2.788216710945049,-1.3718003280652349,-2.284408078956451,-2.5123017241972665,-1.2626478126914162,-3.044912094561177,0
b2AR-decoy_2626,CC(C)=CCC/C(C)=C/[C@H]1OC(=O)C[C@]12C[C@H](OC(=O)c1c(Cl)cccc1Cl)C=CC2=O,-5.4015708896481,-4.034332595421855,-4.071602858943411,-2.636940224857629,-2.429777091174919,-1.4453198858502248,-1.893841979530551,-2.593730748681637,-3.4506427050481765,-2.7994533605425667,0
b2AR-decoy_2985,Cc1ccccc1c1cc(=O)c2cc3c(=O)cc(c4ccccc4C)oc3cc2o1,-5.39677711917905,-4.218091137615965,-2.444173502262931,-1.80574306415188,-2.668875779760919,-0.8236011998684551,-1.148224611138481,0.2845016414496228,-3.104574369383257,-1.4675443478292274,0
b2AR-decoy_1801,CCCCc1nc(Cl)c(C=O)n1Cc1ccc(c2ccccc2C2=NNN=N2)s1,-5.39559947916247,-2.131776322767545,-2.402449048271861,0.0755227936387203,-1.6927246869005188,-3.3759225266171144,-0.0086773041004306,-0.1082821871835966,-5.360186584006996,,0
b2AR-decoy_646,Cc1cc(C)cc(NC(=O)c2coc(c3ccc(OC(F)(F)F)cc3)n2)c1,-5.39513004935451,-3.647062232825135,-2.4783887241986013,-0.8629083737495198,-0.9254079781178683,0.6945776717869552,-1.719833124963161,-1.5101318698570871,-2.7008052496234862,-1.6988910084686366,0
b2AR-decoy_2716,COC(=O)c1ccc([C@H]2Nc3ccc(S(=O)(=O)Nc4ccc(C)cc4)cc3[C@H]3C=CC[C@H]32)cc1,-5.39228839568764,-4.267275836094285,-4.0007421733930615,-2.05539117327192,-2.9569805943582983,-1.4921051046375349,-1.2121999929965108,-1.1457502023037067,-2.421043106550396,-2.988975637946147,0
b2AR-decoy_1216,COc1ccc2[nH]c(C)c(Sc3cc(OC)c(OC)c(OC)c3)c2c1,-5.38977339634451,-0.975238571404105,-2.313467182560191,-1.4825330870316895,-1.8447580976038385,-1.1190718103356243,,-0.343204743235157,-3.0230480273392963,-2.749764108848008,0
b2AR-decoy_1066,Cc1c(SCc2ccc(OCC(C)F)cc2)oc2ccccc2c1=O,-5.38900746900786,-2.806760783622765,-3.515322866790391,-1.78864842402428,-1.3843355973104885,-0.0219373779483649,-1.6881917730473406,-0.8105912656103964,-3.0116147583244564,-3.1780322800285465,0
b2AR-decoy_2402,CCNC(=O)c1noc(c2cc(C(C)C)c(O)cc2O)c1C#CC1CCCC1,-5.38804988702064,-3.534240889666165,-5.148025320307281,,-2.0506701898279287,-2.148995829967495,-2.002449842245471,-2.141989764152667,-3.0281725376114768,-3.465118436142127,0
b2AR-decoy_581,Cc1cc(C)c2c(N)c(S(=O)(=O)Cc3ccccc3)sc2n1,-5.38717099475064,-4.281221559321735,-4.163837642379571,,-2.976014160420738,-2.6546705964517043,-0.5906015896187808,-1.2283877438829167,-3.462682692685446,-2.6702595482912077,0
b2AR-decoy_1477,CC(C)(C)OC(=O)n1cccc1B(O)O,-5.38698751642367,-3.582207720966405,-3.849827627763301,-2.61589195087268,-1.9479532193345683,-1.257158438011035,-0.9960897094827512,-0.635171004211597,-2.873926413222317,-2.5552232284603966,0
b2AR-decoy_2452,CCOc1cc(c2ccc(OC(=O)c3ccccc3F)cc2)cc(=O)c2c(C)oc(C)c12,-5.38639992970827,-2.349315931031025,-2.386249666588661,-0.3935017942003997,-0.6647705170116183,0.9576789413876554,0.836721819710049,2.3152302979181534,-0.8567183430996863,-1.1714196345601668,0
b2AR-decoy_1895,O=[N+]([O-])c1ccc2c3c([N+](=O)[O-])ccc4ccc5ccc6ccc1c2c6c5c43,-5.384396177364,-2.916884944840125,-3.452642838999691,-1.6333832728980902,-2.7681179750632783,-1.9792573384524044,,-1.5651387840518067,-2.567117638513606,,0
b2AR-decoy_1903,COc1ccc(c2cc(Oc3cccc(C#N)c3)nnc2c2ccc(OC)cc2)cc1,-5.38407972235607,-4.020684758668275,-3.400171828794531,-0.7954147434582497,-3.195389793378289,-1.4967116986826443,-1.8552278740749308,-1.087231118244027,-0.8698838553355466,-3.161165162043457,0
b2AR-decoy_2060,COC(=O)c1cc2sc(Cl)cc2n1CC(=O)Nc1cccc(SC)c1,-5.38394451558093,,-3.007642251709771,,-0.4556428965414785,,-2.8113409826378213,-0.605877850498767,-3.465926134373686,-1.1132789488689163,0
b2AR-decoy_2687,O=S(=O)(Nc1cncc(c2ccc(c3ccc4[nH]ccc4c3)s2)c1)c1ccc(F)cc1F,-5.38318415268249,-4.968789394747385,-3.959055631173311,-2.9107533386514195,-3.267051594263669,-1.2283204501521243,-0.0417946418683712,-1.5814460388004967,-2.061342443870866,-3.1446443103871773,0
b2AR-decoy_237,Nc1ncnc2c1ncn2OCCOCP(=O)(Oc1ccc(Br)cc1)Oc1ccc(Br)cc1,-5.38021604718548,-5.293225149917945,-3.381950113577111,-4.010257894119739,-1.8373131920894483,-3.8903904648802743,-2.878420319550101,-4.119781387517136,-3.5147110685740266,-4.170771990450307,0
b2AR-decoy_2931,Cc1nnc(c2c(C)[nH]c(c3ccccc3)c2c2ccccc2)c2cn(c3ccccc3)nc12,-5.37745908070116,-2.628855749815245,-3.398492269977181,-3.52708303119766,-0.807355953829858,-0.1678117658965447,-0.3617139964767206,0.5902691601240933,-3.169861251424236,-4.002292691958697,0
b2AR-decoy_1680,CCOC(=O)c1cc2cc(Br)ccc2oc1=O,-5.37598627846012,-5.032336295400125,-4.499964252412811,-2.2546395307564,-2.304011060250269,-1.2373913414649351,-2.418382298184251,-2.281775221387667,-3.217735705395876,-3.506074057157187,0
b2AR-decoy_801,Cc1nc(C)c(c2ccc(Oc3ccc(Cl)c(Cl)c3)cc2)c(O)c1Cl,-5.37552470947506,-4.281453171750905,-2.233026729172741,-1.54435370862228,-1.7033783739263182,-0.4059147510675949,-1.1045925768006306,-2.853417661137067,-2.5231509936060963,-1.5748874136596371,0
b2AR-decoy_2092,CC(C)Oc1c(Br)cc(Br)cc1/C=N/NC(N)=S,-5.37421686609591,-3.6202986458332953,-2.554895723522791,-2.97338705643428,-1.9980817768104584,-1.039904520373625,-0.6146829811288512,-0.1581071144878665,-1.9907786325736565,-3.183933513811487,0
b2AR-decoy_2357,COc1cc(I)cc(/C=N/c2ccc3[nH]c(=O)[nH]c3c2)c1O,-5.37340967826418,-2.671123423268945,-2.833902628204632,-1.77529103785489,-1.391174908794798,-0.9249208009416146,-0.0796295543644509,0.2753378229745635,-2.916953092431406,-2.0035040073288166,0
b2AR-decoy_2478,Clc1ccccc1C(Cc1c(Cl)cccc1Cl)Cn1ccnc1,-5.36919467761374,-4.590275815857815,-4.055001745881731,-3.077572268811,-3.2206305970793787,-2.975411666056755,-1.2618346459371912,-1.6220277101454368,-3.730372974079466,-3.177691355349547,0
b2AR-decoy_2410,Cc1ccc(OCC(=O)ON=C2CCCCCCCCCCC(=O)OCCC2)cc1C,-5.36738338762289,-2.6418014015939555,-2.5754060736374718,-2.27320551606,-1.5471000291524488,-1.0356122102745449,-1.106051244775971,-0.380770563730457,-2.478272275597166,-2.781625524605197,0
b2AR-decoy_1952,C/C(=N\Nc1ccc(C(F)(F)F)cn1)c1ccc(S(=O)(=O)NCc2ccco2)cc1,-5.36707884125953,-4.055902238384985,-2.611182749305152,-2.1078209091062394,-2.1044561835688285,-0.7462095041856251,-0.9202596792792006,-0.1129207509219467,-3.3949224416263464,-3.061204194971177,0
ASD03130113,CCN(CC)C1CCC(Nc2nc(Nc3cc(Cl)cc(Cl)c3)nc3ccccc23)CC1,-5.36417928180873,-3.662657773336795,-5.712146275506211,-2.7297115557555296,-3.3089828596073287,-1.073206125680635,-2.157500812002321,-1.7103249044161473,-1.0902531694377462,-1.7874870717685067,1
b2AR-decoy_1064,CCCCCC1=CC(=O)C2=C(OC(C)(CCC=C(C)C)C=C2)C1=O,-5.35856035848959,-5.440454114678065,-3.794545387785371,-2.73649999345532,-2.7416309348322683,-2.7936790604735844,-1.2493921765386808,-2.0623673002351373,-3.897803328230687,-2.8249783459855267,0
b2AR-decoy_1735,Cc1cccc(NC(=O)CSc2nnc(c3ccco3)c(c3ccco3)n2)c1C,-5.35746334062571,-4.6721012549578855,-1.883128010629921,-0.6423024693111099,-3.409850244874309,-2.4198117310014444,-1.9756381239550809,-0.6461653010984465,-2.644161436439786,-1.3610832379348667,0
b2AR-decoy_1533,CCCCOCCC1c2cccc(C)c2C(=O)N1C(=O)c1ccc(C(F)(F)F)cc1,-5.35635122447651,-3.607698077533615,-2.9631822484638315,-1.5651650962170098,-2.623800866148568,-2.9407705653833345,0.7590040392404691,-2.015965607732217,-3.647856673602246,-1.5143304176269372,0
b2AR-decoy_1513,COc1cccc(CN(C)C(=O)c2cccc(c3cccc(OC)c3)c2)c1,-5.35467255009659,-3.419028923371525,-3.341317046663232,-3.2486635924287297,-3.243678272589449,2.0526699992223456,-0.0454493514073908,5.865396062541683,-3.9662484440376256,-2.833742166688887,0
b2AR-decoy_2088,CCCCc1ncoc1c1ccc(NC(=O)C(=O)NC(C)(C)C)cc1OC,-5.35281448362167,-2.9847960556115654,-1.671625036801771,-0.9942717052264896,-1.1759369467527083,0.2353567034086854,-0.1624324963965406,-0.0122331501549268,-0.0471897667773562,-3.1987459183057774,0
b2AR-decoy_2587,CC(C)C1CC(=O)c2s/c(=N/c3c(Cl)cc(Cl)cc3Cl)oc2C1,-5.35251480086748,-4.024448928466595,-3.7711368729738712,-2.78085258888318,-2.686802863890499,-1.7559566873691643,-0.7486189497057314,-1.2993191566489672,-3.5002017410752666,-1.9417804895469768,0
b2AR-decoy_2576,Cc1cc2c(C(C)C)ccc(C)c2cc1OC(=O)c1ccc(C(F)(F)F)cc1,-5.34893685805942,-3.5519000194040755,-3.489045824234621,-0.7221005613862599,-2.351040631330118,-0.192107918293015,-3.2389828057316006,-0.945081521919227,-1.3415157418683965,-1.920396615570127,0
b2AR-decoy_2369,CNC(=O)c1cnc(N)c2cc(c3ccc(OC(F)(F)F)cc3)sc12,-5.34552382756406,-3.509918939256496,-2.9371644498663816,-0.7873512845072699,-3.2310878321558087,-1.9701593684170744,-2.010090298750601,0.323401981984583,-2.378368611671537,-2.2559166466247267,0
b2AR-decoy_909,Cc1[nH]c(C)c(c2ccc(Oc3ccc(Cl)cc3)cc2)c(=O)c1C,-5.34447236866888,-3.321767710707316,-4.754649230436561,-1.0824880346934296,-3.648795656327239,-2.558920799048935,-2.6449208795520507,-1.755753629264257,-1.7283221030083764,-2.060392304977617,0
b2AR-decoy_11,COc1ccc2[nH]cc(/C(C#N)=C/c3cccc4cnccc34)c2c1,-5.34033003835678,-4.073237027893875,-3.3925802069900115,-3.21393942202302,-3.248573172540838,-3.767536207466794,,,-3.079934799105776,-1.8581139884712263,0
b2AR-decoy_1288,COc1cc(OC)cc(/C(C#N)=C/c2c(C)cc(C)cc2C)c1,-5.339200852168,,-3.4203733382718813,,-2.838364803409938,-1.439940476076325,1.744406146879789,,-3.225879034066776,-2.140567491646077,0
b2AR-decoy_2697,C/C=C/[C@H]1[C@H](C(=O)c2c(O)c(c3ccc(OC(=O)C4CC4)cc3)c[nH]c2=O)C=C(C)[C@H]2CC[C@H](C)C[C@@H]21,-5.33657790027344,-2.973666565796905,-2.865979819627161,-0.6171923737881397,-2.603589894695518,-2.3488829427594347,-0.5631279508445406,-0.966494508026507,-1.0940614805989766,-0.9491565939661366,0
ASD03130026,Nc1nc(Nc2ccccc2)nc2ccc(I)cc12,-5.33607211096347,-3.7964288638666055,-3.371612412578691,-2.43609605926543,-2.8057265432033587,-1.568790458466255,-1.500762908033571,-1.8974278308232968,-3.5828022092521365,-2.914285267979007,1
b2AR-decoy_1114,CCCO/C(O)=C1\C(C)=NC2=C(C(=O)CC(C)(C)C2)C1c1ccc(N(C)C)cc1,-5.33379074356507,-4.408319315498195,-3.655631168411321,-1.0879548808234598,-2.5060562696713387,-2.0877678371255346,-1.2863740363558307,-1.6031051904430864,-3.120584667796986,-2.9254785562630867,0
b2AR-decoy_3049,O=S1(=O)[C@@H](c2ccccc2)c2c(c(c3ccccc3)sc2c2ccccc2)[C@H]1c1ccccc1,-5.3334374848031,,-2.7725770159065317,,-2.535378405477088,,,,,,0
b2AR-decoy_2072,COc1ccc2c(c1O)CCCC(C)=C2c1cc(OC)c(OC)c(OC)c1,-5.32969203672616,-2.8898986048999253,-4.138394360142261,-1.314773766673509,,-1.2269677646450647,0.2578854150169389,-0.539852141900667,-2.4536115794979363,-1.3087182273374869,0
b2AR-decoy_1947,C/C(=N\Nc1nc(Cl)c(Cl)cc1Cl)c1ccc(S(=O)(=O)NCc2ccco2)cc1,-5.32886418107233,-2.456727400321625,-2.3060905248969714,-1.32437970396456,,-1.1012443096966544,-0.395309853303381,-2.0451986426127764,-2.9542784297535167,-3.113509592322177,0
b2AR-decoy_2261,CC1(C)Oc2cc(C3(CCCCC#N)CCCC3)cc(O)c2[C@@H]2CC(=O)CC[C@H]21,-5.3286246868356,-4.7028236024087455,-2.546899989433231,-1.25013748768645,-2.8655041569711086,,-0.0921593535925113,,-3.360796110847456,-2.1186522181442373,0
b2AR-decoy_3036,CC(C)=CCC/C(C)=C/CO/N=C1/C[C@@H](O)[C@@H](O)[C@@H]2[C@@H]3C(=O)N(C(C)(C)C)C(=O)[C@H]3CC[C@@H]12,-5.32498202558694,-4.724559973944825,-3.596975342842491,-3.0827345167856697,-3.113359229044849,-2.5045925534723645,-1.6979107855691211,-0.8570389801089764,-3.197639336514066,-3.871404898005087,0
b2AR-decoy_1036,COc1cc(OC)c2c(=O)cc(Oc3ccc(OC)c(OC)c3)oc2c1,-5.32440345386468,-4.589406887507125,-3.3359263303646216,-2.2446614144615795,-1.852403803759218,-0.5853174360730646,-0.6208543758794711,-0.2614268231549772,-1.985292978144367,-2.253998405371107,0
b2AR-decoy_938,Clc1ccc(/N=N/Nc2ccc(Cl)c(Cl)c2)cc1Cl,-5.3219371477,-4.513895059307215,-4.822188347543901,-1.51268449694577,-2.1646101546463283,-2.3587821001496545,-2.948600543026931,-0.9713199428459864,-3.767425356880576,-2.1298682313509567,0
b2AR-decoy_1356,Cn1s/c(=N/c2ccc(c3ccccc3)cc2)nc1c1ccccc1,-5.32162378246305,-3.984519825034426,-2.877303982173541,-1.6283367225062897,-1.9548066769295485,-1.647177660663445,,,-1.7406108734283263,-2.770516643630877,0
b2AR-decoy_2937,CCOc1cc2c(cc1OCC)C(CC)C(C)=NN=C2c1ccc(Cl)cc1,-5.32110930196046,-4.533694969602225,-3.003572664443051,-2.22136207507104,-2.222882507123739,-1.603549177672515,1.0111749624273791,-1.1964086676991572,-2.4822762993234164,-2.9464963261231367,0
b2AR-decoy_1844,CCOc1ccc(N2CC(Oc3ccc([C@H](C)NC(=O)c4cnc(NC(C)=O)s4)cc3)C2)cc1,-5.31905857757958,-3.892772651620275,-3.287304621728591,-2.58321671369817,-2.0288963243174587,-0.5048888376571146,-0.3709408825738114,-0.5159476654707866,-3.0081195578968467,-3.240023588225077,0
b2AR-decoy_2774,FC(F)(F)c1ccccc1c1cc(C(F)(F)F)c2[nH]c(C3=NOC4(CCCCC4)C3)nc2c1,-5.31400047980906,-5.867882422257295,-3.679423066878601,-1.83365837511178,-2.285362125219768,-1.229707266233465,,-1.1833658254032366,-1.8194601589946064,-2.5839355308954466,0
b2AR-decoy_2497,C=CCSc1nnc(c2ccco2)n1c1ccc(OCc2ccccc2)cc1,-5.31214866621817,-4.663918925200766,-1.7568315267225114,-1.4975725628520091,-1.5570862043701783,-1.0428655195989949,0.068285359942239,-2.4875203037727065,-2.580004327259406,-1.7996343340577972,0
b2AR-decoy_1035,CCn1nnc(c2cc(C)c(OCCCc3cc(C)no3)c(C)c2)n1,-5.31142642321666,-4.791340518173575,-3.3035061645401718,-2.67185944933666,-2.935876097414428,-1.0890694256750448,-1.2121926202313211,-1.1719734278956873,-2.298402534971676,-2.3979698758569667,0
b2AR-decoy_1414,OC(O)C(Cl)(Cl)Cl,-5.30218058292296,-3.3057536651826758,-3.2588569224987616,-2.17067902761279,-2.180457645336558,-0.7343371711514948,-0.2597598193626611,-0.8303975670114871,-2.708047470901467,-1.8297709909963067,0
b2AR-decoy_3061,COc1ccc(c2cc(Oc3c(F)c(F)c(F)c(F)c3F)nnc2c2ccc(OC)cc2)cc1,-5.30210163905822,-4.305660446241936,-1.2332247693974714,-1.7469215384744796,-0.5813550500861786,-3.3681024488675746,-2.1896334424124406,-0.5921660575535173,-2.647706593475556,-3.436365676762437,0
b2AR-decoy_1401,CC(C)(C)OC(=O)n1cc(N)cn1,-5.29933535725754,-3.748493823251756,-3.301969320914991,-2.292511799581749,0.1308135765272213,-1.1679913919793847,-0.502379050309611,-0.3841820675720466,-2.146486580393616,-1.723779770353307,0
b2AR-decoy_2960,Clc1ccccc1c1ocnc1c1cc2c(s1)-c1ncccc1OCC2,-5.29845220408955,-3.921670803766776,-3.9496601588018514,-1.283962027037029,-2.6551624794715183,-2.9980112356271844,-2.43379268261619,-0.9893306236033864,-0.8166698921322162,-1.1888435729147466,0
b2AR-decoy_2595,CC(C)C(=O)CC[C@@H](C)[C@H]1CC[C@@]2(C)[C@@H]3CC[C@H]4C(C)(C)C(=O)CC[C@@]45C[C@@]35CC[C@]12C,-5.29694979549524,-4.060534155506815,-3.830142182335261,-3.0457845528166,-2.8527445651130385,-2.0475622285958144,-1.2744246393158507,-2.6419162237569767,-3.103785441159957,-3.704492948812697,0
b2AR-decoy_1431,Cc1nc(N)sc1Br,-5.2936563412388,-3.4455599732697757,-3.2141003552733918,-3.0957696262011,-3.1842470053149388,-1.4620079630033151,-1.005399147321981,-1.583779188980417,-2.460599902860136,-2.193151430954717,0
b2AR-decoy_342,CC(C)c1ccc(/C=C(\C#N)c2nc(c3ccc(O)cc3)cs2)cc1,-5.29224099035402,-2.786668603767515,,-3.30280268971936,-3.856104384325748,,-2.310328260845771,,,-4.416732810462756,0
b2AR-decoy_1465,NNC(=O)c1cccs1,-5.29167412215554,-3.911845257063735,-4.183405179256671,-2.93235646501332,-2.223140989437838,-2.1952845267301546,-1.2775027058742507,-1.0039795104246272,-2.883701088694276,-3.004546582579437,0
b2AR-decoy_1330,O=C1OC(/C=C/c2ccccc2)=N/C1=C/C=C/c1ccccc1,-5.28987624189604,-4.752714069678025,-3.615807595421592,-2.89010256581967,-1.891550077760038,0.2542548859145053,-1.8027296296073008,-0.4302775560402772,-0.9861851195316662,-2.9157507767506066,0
b2AR-decoy_1223,CC(C)(C)C(=O)Nc1ncc(SCc2ncc(C(C)(C)C)o2)s1,-5.28876874714014,-4.651196002789325,-3.8110933357624015,-3.1206681064087096,-0.9110777184762684,-1.0250976651444246,-0.2048296813851813,-1.781440648776667,-3.073680812216736,-3.3521729749689078,0
b2AR-decoy_3152,CCOP(=O)(OCC)C(Cc1ccc(F)cc1)c1sc2ccccc2c1C,-5.2875400841556,,-3.919302416331552,,-1.8982414933934784,-2.9135848055821647,-0.5018547611571709,,-3.857106508157656,,0
b2AR-decoy_1827,OCCOCn1cnc2c(O)n3c(C(c4ccccc4)(c4ccccc4)c4ccccc4)cnc3nc21,-5.28715897927504,,,-0.4635757316569098,-1.0836893564146886,-0.7172856527579548,,,-1.5614498763353266,0.0125036070524831,0
b2AR-decoy_3066,CC(C)=CCC1=C2OCC[C@@]23C[C@H](CC=C(C)C)C(C)(C)[C@@](C(=O)c2ccccc2)(C1=O)C3=O,-5.28524320908406,-4.303912299182465,-0.4955854091188412,-2.74318006922279,-2.297308121495629,,1.3298439519832188,0.1972806457099434,-3.4553034262412865,-3.6975743634739273,0
b2AR-decoy_2272,Cc1cc2nc(c3cccc(NC(=O)c4ccc(Br)o4)c3C)oc2cc1C,-5.28300404576833,-5.422914126049655,-3.350508835883991,-1.66898397473891,0.2186576982621515,-1.8876275762484749,-2.7043475889775515,-0.377430560743317,-1.1437109769256666,-1.7265913134979267,0
b2AR-decoy_762,C=CCc1ccc(O)c(c2cc(CC=C)c3oncc3c2)c1,-5.28217196434327,-3.294609585628815,-2.879532227583141,-2.177686153971829,-2.9902494441244087,-0.502764219051425,-0.2381190529555814,-1.3218879154290164,-2.4043860232397263,-2.226180625926627,0
b2AR-decoy_2394,CC(C)(O)c1cc(c2ccc(S(N)(=O)=O)cc2)c(c2ccc(F)cc2)s1,-5.27846531625148,-3.302277411995295,-1.5108918104631912,-2.62168491862616,-0.8216313771253487,-1.9660886061542744,-0.4250244289499507,0.5126451542628034,-2.6360176314689365,-3.422439280164267,0
b2AR-decoy_1164,COc1ccc(/C=C/c2cc(O)cc(/C=C/c3ccc(OC)c(O)c3)c2)cc1O,-5.27708604445049,-2.8045049593396554,-3.718101467434521,-3.286535780245829,-1.468814788493618,-1.9618220107249345,0.2821232667132394,-0.3325764104674764,-0.8535588145011164,-0.873149618535837,0
b2AR-decoy_1409,CC(C)(Br)C(N)=O,-5.27579530167214,-3.7422728968690455,-2.870508583344312,-2.5401983143190296,-1.2317412669073988,-0.6733991411718643,-0.332446487597771,-0.2636500962864971,-2.3402225921682662,-2.023336211875017,0
b2AR-decoy_773,Nc1ccc(c2ccc(CC3CCOC3)c(O)c2)c2ccccc12,-5.2722898293729,-4.587230938859006,-4.8903071470427015,-3.19378388618121,-3.067636258148198,-2.9056271988013647,-0.2257512886579311,0.2906731238173528,-4.4939396285132265,-3.102506333313117,0
b2AR-decoy_2560,[N-]=[N+]=Nc1ccc(c2nc(c3ccncc3)c(c3cccc(I)c3)[nH]2)cc1,-5.27180320686861,-3.378317338436765,-2.7011558881670616,-1.4059207333455594,-2.0678907256108188,-1.928646664736175,-1.7280880896130508,-0.8374011622082964,-1.7763718106382065,-3.094598920994977,0
b2AR-decoy_1271,CCc1nnc2n1N=C(c1ccc(c3cc(Cl)ccc3Cl)o1)CS2,-5.27169232787996,-4.429058185407425,-3.1043209205484112,-3.76315654793346,-3.630473478771989,-2.1108795479684748,-3.4921827463638917,-1.2719920400218472,-3.145838966374356,-4.340930991760347,0
b2AR-decoy_1353,N#C/C(=C/c1ccc(N2CCCCCC2)o1)c1ccc(Cl)cc1,-5.26648353288971,-3.6891723278248856,-4.339236150492341,-2.6794535807696995,-1.771806216524438,-1.5508041877777243,-2.219584613523801,-1.1431844476552664,-3.0790718952185365,-3.535725119070857,0
b2AR-decoy_415,NS(=O)(=O)c1cccc(c2ccc(c3ccc4c(c3)COC4=O)s2)c1,-5.26569474196776,-3.786938738941945,-3.272142585100821,-3.28143349851553,-3.8216480486071776,-2.916133887628555,-2.2388824458627914,0.7294139219300231,-3.744745390686166,-2.619571271478468,0
b2AR-decoy_1373,CNc1c(/C=N/O)ccc(c2ccc(C)cc2)c1c1ccc(C)cc1,-5.26341965812295,-1.8779659219446048,-1.7263121207106713,-1.6652557849674796,-0.9910766269204584,-0.4028153793449149,-2.737818100821541,-0.091231841991437,-2.071260966540616,,0
b2AR-decoy_3071,CC(C)OC1=C[C@@]2(C)C(=CC1=O)C=C[C@@H]1[C@@H]2CC[C@@]2(C)[C@H]1C[C@@H]1O[C@]3(CC[C@@H](C)CO3)[C@@H](C)[C@@H]12,-5.25747581312475,-3.478757731716435,-2.259673133096501,-1.85893799746069,-1.4607608309805489,-0.411059115126565,2.193284608479609,0.4980234631365929,-1.9351266957358264,-2.454436966381587,0
b2AR-decoy_2684,CCOc1c(Cl)cc(Cl)cc1c1cnc([C@@H](C)NC(=O)C2(NC(=O)C(F)(F)F)CC2)c(F)c1,-5.25708568745112,-2.7111576286179453,-5.413436123007031,-2.33098485586836,-2.241051534661729,-2.8020935643798746,-1.6271967428350411,-2.0700247521278667,-3.4682248084494463,-2.742259123867387,0
b2AR-decoy_2245,CC1(C)Oc2cc(C3(CCCCBr)CCCC3)cc(O)c2[C@@H]2CC(=O)CC[C@H]21,-5.25649287967939,,,-1.83205314363369,,,-1.2971111665554211,,-3.2873295367106268,-1.1057320582180874,0
b2AR-decoy_815,Oc1ccccc1C1SC(c2ccccc2O)SC(c2ccccc2O)S1,-5.25490325432211,,,,-2.2776091143717183,-1.8233238898376145,-1.1911425992225109,-2.3119071308080565,-3.768342262096106,-1.069597136323027,0
b2AR-decoy_1466,Brc1c[nH]c(c2ncc[nH]2)n1,-5.25441371990481,-4.148492214894315,-3.562525447019971,-2.8743041353907897,-2.209761818408569,-2.2795678420536447,-0.9631550254116412,-0.8712169268282368,-2.710827142511726,-2.924649802773567,0
b2AR-decoy_2579,C/C=C(\CC[C@@H](C)[C@H]1CC[C@H]2[C@@H]3CC(=O)C4=CC(=O)CC[C@]4(C)[C@H]3CC[C@@]21C)C(C)C,-5.25132144988926,-4.349984948642375,,-1.9559081755182304,-2.7344017091414985,-0.3611718019583243,0.0515037984331385,-0.4715697503324865,-0.1264124688548564,-2.004279158101387,0
b2AR-decoy_835,Cc1nc(c2ccc(F)cc2)sc1CCNC(=O)c1ccc(C(C)(C)C)cc1,-5.25018005674294,-3.0314548013825053,-2.093769987566131,-0.6468493511853097,-0.3499508275126484,-1.0335675287891348,0.7051010308693488,,-3.4724164678546066,-3.032065906106657,0
b2AR-decoy_2784,CCCn1c(SCC)c2cc3cc4ccccc4cc3cc2c1c1nc(F)nc(F)n1,-5.24937667393659,-0.7831918316796154,-3.1909760547853416,-1.7033224892349894,-1.6399187283719885,-2.7015116156561447,-1.600850065664171,-2.6715177139217667,-1.789281323479556,,0
b2AR-decoy_2843,CC(=O)OC1CC[C@@]2(C)C(=CC[C@@H]3[C@@H]2CC[C@@]2(C)[C@H]3CC[C@@H]2[C@H](C)CCCC(C)C)C1,-5.24828970503172,-3.733512759732525,-2.364482657323051,-2.683340362020489,-2.1578362247571787,-2.169517000917065,0.4238537934857493,3.202113832324663,0.5605102065653038,-2.794264744658357,0
b2AR-decoy_2572,Clc1ccc(CC(Cn2ccnc2)c2ccc(Cl)cc2Cl)c(Cl)c1,-5.24824955705059,-3.860696879897485,-3.594799724988331,-2.5007338201292093,-3.091707685392379,-2.497605592371425,-2.4683457620259306,-3.045005119593357,-2.685604419170007,-2.594710425587657,0
b2AR-decoy_929,CCOc1nn(c2ccc(Cl)cc2)c(O)c1/C=N/c1ccc(Cl)cc1,-5.24099109288229,-4.729088148505655,-5.254540198058251,-4.09198211308955,-4.036186072456519,-0.8828372253846046,-2.628927619621031,-3.089141007762527,-2.1951681678540664,-2.8418628544620077,0
b2AR-decoy_1824,CCc1cc2c(COC(=O)CCNS(=O)(=O)c3cccc(C(F)(F)F)c3)cc(=O)oc2cc1O,-5.2398382837044,-4.484333822425075,-2.987631622980291,-2.17984801496974,-2.620838278915638,-0.2347035663921044,-1.1945956370817914,-1.1233295709710367,-3.240135395967396,-2.634608915545537,0
b2AR-decoy_294,CC[NH+](CC)CCOc1c(I)cc(C(=O)c2c(CCCCO)oc3ccccc23)cc1I,-5.23496214463471,-4.080137878546445,-4.929067051251941,-1.5253027884282195,-2.6062470561563185,-0.542122056822965,-1.0229375619211707,-2.1551050270121968,-3.2918577673875866,-1.8008732631784068,0
b2AR-decoy_1775,CCOP(=O)(Cc1ccc(C(=O)Nc2cc(c3ccc(Cl)cc3)no2)cc1)OCC,-5.23335100982449,-2.6161570297516947,-0.8537194988220214,-0.7002207184458498,-1.7598959877083482,-1.0331738856575343,-1.3590149231782114,-1.4591131898915766,-0.9145502208337462,-1.5356972232174368,0
b2AR-decoy_2717,Nc1cccc(Cn2c(c3ccc(Oc4cnccn4)cc3)ccc2c2ccccc2Cl)n1,-5.23069717881537,-3.253996924742335,-3.264073897081601,-2.39609806195426,-3.200798746195119,-1.2509143244045546,1.1946243341851992,-0.3437978456282566,-2.4411863771758364,-1.667209971658877,0
b2AR-decoy_686,CCCC/C=C\C1(c2cc(O)c3c(c2)OC(C)(C)[C@@H]2CCC(=O)C[C@@H]32)CCC1,-5.22847402617345,-3.648329033968396,-3.162056611249011,-2.4768658183543097,,-1.703787331726205,-0.7644704806203411,-1.2482334894640967,-4.275815960945477,-3.099427710517127,0
b2AR-decoy_771,CC(=O)NC(CC(=O)c1cc(Cl)cs1)c1ccc(Cl)cc1,-5.22732906335143,-4.488831613522315,-5.572906505763581,-3.31409215826271,-2.362985923082788,-2.5730315570390445,-2.204197432282661,-2.002557682919507,-2.677955487863517,-1.5000313957324374,0
b2AR-decoy_40,CC(C)c1ccccc1OCCn1c(=S)[nH]c2ccccc21,-5.22295977022395,-3.426545630316335,-4.439424949305352,-2.57612267109722,-3.5410162354780983,-4.300769939855845,-2.353851751071331,-3.651787802617127,-3.651938992771696,-4.442478938275468,0
b2AR-decoy_2277,O=C1CCCCCCCCCC/C(=N\OCc2c(F)cccc2Cl)CCN1,-5.22273462380446,-3.0015720912673247,-3.420840698092091,-1.7949716065381294,-1.5012422138925183,,-1.1425152687597713,-2.5000878222364165,-1.691011605864456,-2.019216312972897,0
b2AR-decoy_1256,CC(Oc1c(c2c(F)cc(F)cc2F)c(Cl)nc2ncnn12)C(F)(F)F,-5.22216125976321,-2.596086563240715,-3.796537065694332,-1.8362138572857292,-2.788388871833038,-2.173582169719385,-1.383764374429601,-0.2248683595374068,-2.971140913020286,,0
b2AR-decoy_2753,C[C@H](CCC(=O)NC1CC1)[C@H]1CC[C@H]2[C@@H]3CC[C@@H]4C[C@@H](N=[N+]=[N-])CC[C@]4(C)[C@H]3CC[C@@]21C,-5.22202620230638,-3.035392925847235,-3.5577599394048915,-2.4411193492884298,-1.7062716928009485,-1.6513192885447046,-1.2220784601878112,-0.3736951331349569,-2.425333092967386,-2.447713603251667,0
b2AR-decoy_1608,Cc1ccc(C(=O)NCCc2nnc3ccc(SCC(=O)Nc4c(C)cc(C)cc4C)nn23)cc1,-5.21484984867055,-2.822434966195935,-2.2774621159275616,-3.22915014569946,-3.338537840809888,-2.3967633781618245,-0.9694841650840312,-2.170467423235187,-3.024914167397746,-4.3024908563409365,0
b2AR-decoy_1939,N#Cc1cc(S(=O)(=O)Nc2ccc(F)cn2)ccc1Oc1ccc(Cl)c(CO)c1,-5.21292842129034,-5.104610480848405,-4.695992065811462,-1.5313535695774698,-1.9762892999386583,-2.849125556259395,-2.928840177750711,-1.198084196971677,-3.910172124424476,-1.7122271465911667,0
b2AR-decoy_2748,CCCCCn1cc(C(=O)N[C@H]2C(C)(C)[C@H]3CC[C@]2(C)C3)c(=O)c2cc(Br)ccc21,-5.2117030164972,-1.7700079958896553,-3.6428154121337615,,-2.373896915366048,-1.8098347742244345,0.6016868444001391,-1.706978168417697,-2.0071595815992964,,0
b2AR-decoy_1425,CC(C)C(O)C#CC(C)(C)O,-5.21167214545929,-3.2118691819641354,-3.437703387641851,-2.0345047237278093,-1.0967682121548386,-1.130238742460925,-1.0872823909800111,-0.462631149138927,-2.225492694245256,-2.5136907399516466,0
b2AR-decoy_332,C=C[C@@](C)(O)CC[C@H]1C(=C)C[C@H](OC(C)=O)[C@H]2C(C)(C)CCC[C@]12C,-5.20494696135647,-3.4191331215469853,-2.029497918749171,-1.7226166674250996,-1.9464585547600688,-1.3588792538333545,,-0.5842897919743271,-1.8410697991505964,-2.6407175001431478,0
b2AR-decoy_816,CC(C)(C)c1ccc(C(=O)NCCc2csc(c3ccc(Cl)cc3)n2)cc1,-5.19844967549741,-5.001795744486095,-2.580508040990601,-0.7553355982061398,-1.9499875122205184,,-2.186559064060191,-0.5152236600295268,-2.626438996079866,-3.810155636242997,0
b2AR-decoy_2805,CC(C)=CCC/C(C)=C/Cc1c(=O)c2c(O)cc(O)c(CC=C(C)C)c2oc1c1ccc(O)cc1O,-5.197470871334,-5.945634616035005,-4.167531944602471,-4.4415788181736096,-1.012082992775598,0.1928547415490653,-0.6458413726249006,-2.0662390357922966,-1.3008766696285663,-4.686958522848148,0
b2AR-decoy_1905,CC(C)n1c(/C=C/C(=O)/C=C/c2nc3ccccc3n2C(C)C)nc2ccccc21,-5.19710520415258,-3.802875341638715,-3.3211968607703115,-1.2110537385333595,-1.3541994554475183,-2.4222274664054844,0.1854961377026693,-1.760383071924827,-2.8147760699334663,-3.3322064235013173,0
b2AR-decoy_2293,CC(=O)/C=C/c1ccc(C2CC(C)=Nc3c(ccc4c3C(=O)c3ccccc3C4=O)N2)cc1,-5.19709828013592,-3.472940526964956,-3.0190203302287517,-2.05670755506718,-2.2473470468172483,-2.026004031017795,-2.434141475897971,-0.2109559293661771,-3.1733386231977967,-1.9902933065156567,0
b2AR-decoy_2961,CC[Si](CC)(CC)O[C@]1(C)CCC2=C(C)CC[C@H]3/C(=C/c4ccccc4F)C(=O)O[C@@H]3[C@H]21,-5.19233496283846,-3.9880745646701454,-3.926543414620221,-3.4219633729735497,-3.9244679796133184,-3.074975287026155,,-1.8694515346644869,-2.7811308052357564,-3.976163709721407,0
b2AR-decoy_1012,COc1c(O)cc2oc(c3cc(O)cc(O)c3)cc2c1CC=C(C)C,-5.19192362126203,-3.555446923886895,-4.758272166141981,-3.575387831939309,-3.655070831137098,-2.2742445879108546,-3.242306583952552,-2.202499221800217,-4.865065003853776,-2.6088841418468074,0
b2AR-decoy_2678,Cc1cc(c2cnc(c3sc(C)c4c3C[C@@H]3[C@H]4C3(C)C)s2)cc(C)c1OCC(O)CO,-5.18776472320488,-2.5306089340646656,-3.587452052233472,-1.7385217863730595,-1.2727730253367886,-0.8540244427005348,0.1353761150201986,0.2040776677332232,-1.5247363462428265,-0.4163311361140072,0
b2AR-decoy_2914,CC1CC(=O)C2=C(C1)OC1=C(C(=O)CC(C)(C)C1)C2c1cc2ccccc2n1Cc1ccccc1,-5.18386972994336,-2.728607235960005,-2.421673480152071,-0.8026337222813695,-2.773747637304038,-2.4200294024457545,-0.4973467163123111,-0.3314093692860167,,-1.992027549436337,0
b2AR-decoy_199,CCNC(=O)Nc1ccc(CCCCc2nnc(NC(=O)Cc3cccc(CNC(=O)OC(C)(C)C)c3)s2)nn1,-5.18226968701692,-2.9786951735588154,-3.050926666123312,-1.81945035378509,-2.368835716335508,-0.4902545300880447,-0.1058739169382807,1.0387011375671933,-1.994090880426076,-0.504501857444347,0
b2AR-decoy_1398,N#Cc1nc(c2cnccn2)oc1N,-5.18168442080628,-4.503923922972785,-3.619122655662292,-3.35106051502708,-2.7667129585620387,-1.8125767673148545,-2.001581001385211,-1.4594410889886866,-3.731477045851976,-3.004161397845587,0
b2AR-decoy_1650,CCCCCCN1C(=O)/C(=N\NC(=O)c2cc3ccccc3s2)c2ccccc21,-5.18139573363064,,-2.021794181602772,-2.1458439010039294,-4.562756611854229,-2.6613332163947643,-0.6284833342248408,-2.618295113697987,-1.8921470856478964,-2.4425030093323072,0
b2AR-decoy_1137,O=C(NC(=O)c1c(F)cccc1F)OCc1ccc(c2cccc(Cl)c2)o1,-5.17804220334787,-4.321448401783255,-2.676957067698761,-4.1844818478966594,-3.627225006096839,-3.535789011708535,-1.292419157863561,-0.7032931955034272,-2.243525343541096,-2.3185294616724765,0
b2AR-decoy_532,C[C@H]1CCc2cc(F)ccc2N1C(=O)c1ccc(O)cc1O,-5.17152687584792,-2.550537845331795,-3.325751642536651,-1.4406561823505395,-1.8059891461578683,-2.055048801273685,1.594600005341909,-0.4232882369171964,-0.0439688542759664,-2.211870112563797,0
b2AR-decoy_705,CCC1(CC)Oc2cc(OC)ccc2[C@@H](c2ccc(O)cc2)[C@H]1c1ccccc1,-5.16871031840546,-3.006426400848756,-3.665119422947221,,,-1.9735479593656449,-1.4276381819085406,,-1.966004660382047,,0
b2AR-decoy_1721,C/C=C1\[C@H]2C=C(C)C[C@]1(/N=C/c1ccc(OC)cc1OC)c1ccc(=O)[nH]c1C2,-5.16747364299302,-2.8018728119846648,-3.131226031167452,-1.45116121094272,-2.2625937625037587,-3.3131686218873746,0.0578798715407691,-1.8000435459427768,-3.061929339628846,-2.206899905679997,0
b2AR-decoy_972,COc1cc(/C=N/c2cc(C)c(O)cc2C(C)C)cc(OC)c1OC,-5.16654770380668,-2.926217258072425,-3.1379571753957918,-2.87005324427997,-3.893622390993828,-2.3406333809431947,-1.270906095876481,-0.9523040991770672,-2.8910090912088764,-3.282891192440727,0
b2AR-decoy_540,CCOC(=O)c1c(N)sc2c(OC)c(Br)ccc12,-5.16565899141716,-3.703778489016905,-4.1732546561421815,-2.40791214794133,-1.698166101103029,-2.2769133266472146,-1.3574140563652008,-0.7803985139263965,-2.5403137442234067,-2.090499616746577,0
b2AR-decoy_2292,Cc1ccc(Cl)c(Nc2ccccc2/C=C2\SC(=S)N(C)C2=O)c1Cl,-5.16493805245541,-4.046173326084715,-5.279767566003831,-2.84353876930112,-3.355400430096238,-1.3098290374292445,,-1.894684478326857,-4.387269746767286,-1.6914150695082966,0
b2AR-decoy_2227,Cc1[nH]c(C)c(c2cccc(c3ccc(OC(F)(F)F)cc3)c2)c(=O)c1Br,-5.16453607020887,-5.369550535006365,-2.342137389093841,-2.7590673492911,-0.8752718730553886,-2.851496864422395,0.747454869341909,-2.6055531622136465,-1.6060055897144467,-4.487697175518846,0
b2AR-decoy_2185,COc1cc2c(c(OC)c1CC=C(C)C)C=C(c1ccc(C)cc1O)CO2,-5.16324701928685,,-2.7155920708001515,-2.02896243792131,-1.5489153206392388,0.2427755015086155,-1.6299708619654911,-0.8273081374025573,-3.5219308834713967,-2.332922339197737,0
ASD03130042,CCOCCCNc1nc(NC2CCCCC2)c2ccccc2n1,-5.16178108283209,-3.433681967147405,-3.5001155071901517,-0.8259436753379896,-2.713662899070399,-2.051830168790625,-0.8689529995102712,-0.9923713222125068,-2.6537582302061367,-2.470381937013307,1
b2AR-decoy_1253,CC1=CSC(OCC(C)C)(c2ccc(Br)cc2)c2noc(=O)n21,-5.16133665209693,-2.891079438209525,-2.8330414214850315,-2.31167081401978,-2.1109854998443787,-2.2557553093933347,-0.3044283086891806,-0.8700282577945169,-2.9402938903468367,-2.597601939785837,0
b2AR-decoy_1624,CCOP(=O)(OCC)O/C(=C\Cl)c1ccc(Cl)cc1Cl,-5.16110212130386,-4.396515320538005,-4.161354495738792,-2.630719740258669,-2.5574674846409184,-2.0273665674702146,-1.5331796538469114,-1.244006079980477,-2.8765307983555166,-1.7697833592901069,0
b2AR-decoy_721,Cc1[nH]c(C)c(c2ccc(Oc3ccc(C(F)(F)F)cc3)cc2)c(=O)c1Cl,-5.15967020147721,-6.535942406617705,-2.270145949592191,,-3.946983868539898,-2.4225881772668645,-0.6605801672980114,-3.271607392874597,-0.5828070395801062,-1.3889191990886371,0
b2AR-decoy_621,Cc1cc(C)c(S(=O)(=O)Nc2ccccc2c2ccccc2)c(C)c1,-5.1573699288693,-3.2702105789157647,,-0.7403197935298098,,,,-2.285407896001997,-2.0045854201651068,,0
b2AR-decoy_957,Cc1ccc(c2nnc(Nc3cccc(Br)c3)s2)c(C)c1,-5.15695398438758,-3.697654168011496,-2.091475949476381,-1.6955969785282496,-2.895294772338339,-0.4807271438970746,-2.0735576893146206,-0.8087149595023968,-0.9772596948977466,-3.0357450297527677,0
b2AR-decoy_1443,Oc1nnc(O)c(Cl)c1Cl,-5.15684798173373,-3.0030373989363355,-3.4403533456616517,-2.33862694063689,-2.546897137631828,-1.5578589447162043,-0.9238214458968814,-0.6039624505445369,-2.541592309647366,-2.2383827095647866,0
b2AR-decoy_3144,COc1cc2c(cc1OCc1ccncc1)-c1n[nH]c(c3ccc(c4ccc(O)cc4)cc3)c1C2,-5.15683309110343,-3.0669999626573548,,-0.5627972500043796,0.3682730840382517,0.3309190188279451,2.303528188826769,0.9584075509182832,-3.081011482755736,-2.637083392440157,0
b2AR-decoy_2080,C=Cc1cc(OCC(C)C)ccc1Oc1ncc(C#CC(C)NC(C)=O)s1,-5.15163344740728,-3.931218293457525,-3.655448772025341,-2.06872911788657,2.0891760296578816,-0.1932042543667043,-1.912205862818101,,-1.2698265268118365,-3.641490239627127,0
b2AR-decoy_1766,CCc1c(Sc2cc(C)cc(C)c2)n(C/C=C/c2ccco2)c(=O)[nH]c1=O,-5.14797687938428,,,,-1.7810446014486585,-2.0186011623784443,,,-1.959663470790396,,0
b2AR-decoy_62,O=P(Oc1ccccc1)(Oc1ccccc1)[C@@]1(O)c2ccccc2C[C@@H]1Cl,-5.14778503544722,-4.447902052182715,-3.844735341205271,-3.52727843750596,-3.0792937667745086,-2.984534452891425,,-2.618050959539997,-3.655077463672936,-3.915206428839327,0
b2AR-decoy_37,COc1ccc2[nH]cc(/C=C/C3=Nc4ccccc4C3(C)C)c2c1,-5.14745754695583,-5.774944811806775,-5.1172371002476815,-3.0353488206682497,-3.999160498444738,-2.1763367419192745,-2.762454530092272,-1.1523847968174667,-4.637131021733357,-4.748875304246747,0
b2AR-decoy_155,COc1ccc(S(=O)(=O)N(Cc2ccc3c(c2)OCO3)[C@H](CCCNC(=O)NCc2cccc(C)c2)C(=O)NO)cc1,-5.14661066344675,-2.4218107038462757,-4.431789351812641,-3.60146055358223,-2.029880681467118,-0.3568254819096745,3.008329989971549,0.0962245083653732,-4.7584307696025965,-2.514916348277717,0
b2AR-decoy_1313,CC/C=C\C[C@H]1C(=O)C=C[C@H]1CC(=O)OC1CCCCC1,-5.14419391786435,-2.8608902293419955,-2.7918992515368317,-1.3724537045451797,-0.9339664979184388,-0.3362638613569446,-0.9974494715381416,-0.2000876340086268,-1.9917374359684068,-1.9195939291563968,0
b2AR-decoy_1934,CC(=O)O[C@@H]1[C@@H](O)[C@@H]2O[C@@H]([C@H](C)CCC[C@H](C)[C@@H]3CC=C(C)[C@H]4CCC(C)=C[C@H]43)OC[C@@H](O2)[C@H]1O,-5.14413740964362,-2.590012415505215,-3.5087168993324616,-0.4864728976093597,-2.1966863666510585,-1.387788581882135,-0.4412321361490612,-0.5302436846034668,-2.085937094690716,-2.316199327581557,0
b2AR-decoy_287,CCCCCCCC(=O)SCC/C=C/[C@@H]1CC(=O)NCc2nc(cs2)C2=N[C@@](C)(CS2)C(=O)N[C@H](Cc2cccc3ccccc23)C(=O)O1,-5.14387912778145,-6.715700786606105,-4.480026531969121,-3.12677623463731,-2.373932927430139,-2.4826302558218947,-1.1734599009894309,-4.9220906517475065,-3.257263770927066,-3.8287242815048272,0
b2AR-decoy_2799,CC1=N[C@H](CC(C)C)C(=O)N(Cc2ccc(C(C)(C)C)cc2)c2cc(C(=O)OC(C)(C)C)ccc21,-5.14384171648994,-4.1418356601025055,-3.967606536953341,-2.6094983503134195,-2.7830950597337383,-1.8186182295090545,1.008893458005359,-1.163592616217687,-2.766774937437086,,0
b2AR-decoy_1883,O=C1CC(c2ccccc2)c2c(ccc3cc(c4ccc5ccccc5c4)ccc23)O1,-5.14271305360422,-3.965886706727715,-4.129577927302151,-3.1030244195773,-2.581940453493498,-1.6150603340101446,-0.0996273402549814,-1.419672427330947,-3.547089840596777,-0.7143954887254269,0
b2AR-decoy_2778,CCOC(=O)[C@]1(C)CCC[C@]2(C)[C@@H]1CC[C@@]13C/C(=N\OCc4c(C)noc4C)[C@@](C)(CC[C@@H]21)C3,-5.14248592655647,-3.373081617923085,-3.805818995442521,-1.9194368013974,-2.6944860524292986,-1.7899807331332545,0.2858535741712593,0.0351375306864527,-3.114886265666236,-1.6086535562105069,0
b2AR-decoy_2979,COc1cc2c(cc1[C@@H]1CC(=O)c3c(O)c(C)c4c(c3O1)C=CC(C)(C)O4)C=CC(C)(C)O2,-5.14155090574484,-2.883940855449965,-3.405326768248151,-2.963900973057489,-1.3308201922909983,-0.1346274965125049,-0.6760536800614307,-0.956054992878907,-3.0995613609159864,-4.282874971747336,0
b2AR-decoy_1635,CCCCn1c(=O)c2c(c3cc(C(=O)N(CC)C4CC4)ccc31)CCCCC2,-5.1353841065928,-3.888771685608905,-3.860283140877451,-2.69055340576554,-2.400613201131878,-2.0076551963237845,,-0.4258569385259765,-2.5379612204345268,0.921145792760973,0
b2AR-decoy_3157,CC1=C(C/C=C(\C)CC/C=C(\C)Cc2cccc3ccccc23)C(=O)c2ccccc2C1=O,-5.13529269223555,-3.003852881781415,-4.266705195270092,-2.0170244507095294,,,,,-1.4155100433557966,-4.051163492072318,0
b2AR-decoy_2354,CC(C)Nc1sc(C(=O)c2ccc(Br)s2)c(N)c1C#N,-5.13391816415686,-3.214737986644825,-3.616395551475521,-0.7941689437318495,-2.358401584858129,0.6691852360464354,0.1577501158548688,-1.6422798820424669,-3.346194808193256,-3.923243615801877,0
b2AR-decoy_2400,CCc1nccc(c2ccc(C(=O)NC)c(Cl)c2)c1C#Cc1ccc(N)nc1C,-5.12929174861277,-3.949313636093735,-4.646070649087491,-2.09725827698298,-1.335635316828978,-0.9538056357935448,,-1.1733909080169769,-4.539320917878866,,0
b2AR-decoy_2903,CC(=O)c1ccc(c2cc(c3ccc([N+](=O)[O-])c4cccnc43)c(c3ccc(C(C)=O)cc3)o2)cc1,-5.12137771771835,-3.716520893090236,-3.770229164033061,-1.8766341391111296,-3.3378853953731085,-1.684219935535495,-2.284654739021951,-2.0956290220078566,-2.8130243137003665,-3.787391652154037,0
b2AR-decoy_2220,C=C(C)[C@H](O)CC[C@](C)(O)[C@H]1CC[C@]2(C)[C@@H]1CC[C@@H]1[C@@]3(C)CC[C@H](O)C(C)(C)[C@@H]3CC[C@]12C,-5.12006642888669,-3.0512197334050954,-2.361885476126801,-2.6570384206252,,-1.5924157669704044,-0.9986722316167906,-1.155279644707127,-3.2372479881827765,-2.192425668632097,0
b2AR-decoy_2216,CC(C)[C@@H](C)[C@H](C)C[C@@](C)(O)C1=CC[C@H]2[C@@H]3CC=C4C[C@@H](O)CC[C@]4(C)[C@H]3[C@H](O)C[C@]12C,-5.11711354483254,-3.881314941510855,-3.2839233040452216,-1.7156259642876197,-2.7510162513840086,-0.949556825562305,-2.1764714874213507,,-2.1344618635166164,-3.272872266027657,0
b2AR-decoy_2759,O=C(OCc1ccccc1)/C(=C/c1ccc(Cl)cc1)NC(=O)c1ccccc1Cl,-5.11162633077029,,-3.813798617506581,-0.7045266440040696,-5.061312515448888,-2.9230564592959647,-2.1308238317898507,-2.758687420495157,-2.8344238220817166,-2.0169793662168574,0
b2AR-decoy_919,CC(C)(C)OC(=O)Nc1ccc(c2cc(c3ccccc3)no2)cc1,-5.10982089997732,-3.043473595148145,-2.4439091021229213,-1.27121020097601,-1.0164854670346388,-0.9845605502827848,0.9567056749345187,-0.1843841568566171,-0.1243373443792563,-1.246152805600937,0
b2AR-decoy_3121,CC(C)C[C@H](c1c(O)c(C=O)c(O)c(C=O)c1O)[C@@H]1CC[C@@](C)(O)[C@@H]2[C@@H]3[C@H](CC[C@@]12C)C3(C)C,-5.10773788725143,-3.5678306240270654,-2.524452258747541,-2.53246626270258,-2.664934724755148,-3.1192865405027046,-2.1656486453467814,-1.7220933296631769,-3.418250216371506,-1.3657820635847773,0
b2AR-decoy_1004,COc1cccc(/C=C/c2n[nH]c3cc(c4ccncc4)ccc23)c1,-5.10672033066625,-4.522469343583396,-1.826080216711571,-3.18990048446405,-2.514458295815558,-1.3709906621360846,-2.269553047799831,1.010958783097553,-3.937129401879647,-2.4345414394048173,0
b2AR-decoy_3168,COc1ccc(OCc2nc(c3ccc4c(c3)C(C)(C)CCC4(C)C)cs2)cc1,-5.10591631921197,,-1.4220779487706414,,-3.707650825592689,-1.8285359043851548,-0.5732508429243213,-0.4110833630774468,-1.3160780007570363,-1.2237780677540069,0
b2AR-decoy_1631,CC(C)[Si](Oc1ncc(B2OC(C)(C)C(C)(C)O2)o1)(C(C)C)C(C)C,-5.10581930818698,-2.521353477580785,,-3.3238651835463493,-2.6514677681474383,-0.2333905741641544,,,-1.0924781773570065,,0
b2AR-decoy_2458,O=C1CC(c2ccccc2)c2c(ccc3cc(c4ccc(c5ccccc5)cc4)ccc23)O1,-5.10451593221216,-2.1737762837263555,-1.8347214486423007,-2.3523011934387794,-2.5576394193843788,-1.299969884731345,,0.259844445989513,,-0.6324437162512471,0
b2AR-decoy_2992,Nc1cnc(c2ccc(c3ccccc3S(=O)(=O)NC[C@H](O)c3ccccc3)cc2F)cn1,-5.09670753683867,-3.0543477629646247,-1.082377122570731,-3.78619204525336,-1.5021701346636087,,-0.5585855577982812,-0.1460171967489572,0.6570055721088337,,0
b2AR-decoy_2096,COc1c(O)cc2c(c1O)-c1c(cc(O)c(OC)c1OC)C[C@@H](C)[C@@H](C)C2,-5.09595617722695,-3.646495210913836,-3.7465533367575015,-1.99261163070486,,-1.8883124974133647,,0.3048646076926928,-2.861639046913056,-1.633463195288297,0
b2AR-decoy_1304,CCN(CC)C(=O)CC12CCCCC1=Nc1ccccc12,-5.09493520068157,-4.857083097623195,-2.9829138824796413,-2.1300229682168297,-2.0827214036168584,-1.833093820599995,-0.657418190580751,-2.1488321491475872,-2.8014806176598963,-2.351025998989917,0
b2AR-decoy_1009,Cc1cc(Cl)ccc1Oc1coc(/C=C/c2ccc[nH]2)cc1=O,-5.09349493516852,-3.784551217381475,-3.943375292685821,-2.0919914571554896,-1.9178092397176885,0.3255988717265152,-1.4339253422010012,0.8880320938377131,-2.591471405376816,-2.7139610169792365,0
b2AR-decoy_2956,Cn1c2ccccc2c2cc(/C=C3\SC(=S)N(c4ccccc4)C3=O)ccc21,-5.09276257822114,,,-0.8046281002712399,-0.9404325317874688,0.0928050625082654,1.3883036192626488,-0.3861195231557266,,-2.2604037591278368,0
b2AR-decoy_2360,NS(=O)(=O)c1ccc(n2nc(C(F)(F)F)cc2c2ccc(CO)cc2)cc1,-5.08976052708779,-3.594822816005605,-4.187310249719851,-2.1586922766974794,-2.998686316884158,-3.169965936384755,-1.441405442863811,-1.6547615336215165,-2.542191095525136,-2.969570488359777,0
b2AR-decoy_1236,Cc1ccc(c2cc(c3ccc4c(c3)CN(C(C)C)C4=O)on2)cn1,-5.08000531062081,-5.346169863553985,-2.037800176882531,-3.0124902963079,-0.3859757750860986,-0.8313533053095243,0.3059388212048892,1.0166036571729131,-2.8706155134540463,-1.9063677803654568,0
b2AR-decoy_3124,CC(=O)O[C@H]1C[C@@H]2C[C@H](OC(C)=O)CC[C@]2(C)[C@H]2CC[C@@]3(C)[C@@H](CC[C@@H]3[C@H](C)CCC(N)=O)[C@H]12,-5.07889349368481,-0.2825997026936551,-2.222048243522031,-0.1855544847224797,-2.0902620770291387,5.612638578586245,0.7461571685719388,3.0048318590724232,-2.017281319942376,-2.024474313440987,0
b2AR-decoy_226,CCC(=O)O[C@H]1C[C@@H]2C(=CC[C@H]3[C@]4(C)C[C@@H](O)[C@H]([C@@](C)(O)C(=O)CCC(C)(C)OC(C)=O)[C@@]4(C)CC(=O)[C@]32C)C(C)(C)[C@@H]1OC(=O)CC,-5.07770573549172,-2.7100042603721954,-2.6488629984036214,-2.504069168473229,-2.372555900322438,-0.0335184069415648,-0.6645557778270312,-2.018825153935757,-0.2934098921319963,-1.575956650179657,0
b2AR-decoy_2758,Cn1nc(C(C)(C)C)cc1c1nc2cc(c3ccccc3C(F)(F)F)nc(Cl)c2[nH]1,-5.07440860655926,-3.939226366096805,-1.751890384977031,-1.4297779862549396,-1.0393068738179982,-1.2813337260040747,-0.0227186350532413,0.0955620997511932,-3.360524610143566,-2.628425932118567,0
b2AR-decoy_2887,O=C1c2ccccc2C(=O)N1CCCCN(C(=O)c1ccc(Cl)s1)c1ccc(Cl)cc1,-5.07410615080908,-2.111400737566665,-0.9834663727886812,-1.2618692635091795,1.5432746873994716,-0.4380911991786345,-0.9720807271253912,5.303658957913032,-0.4295195675649164,0.8644802144105332,0
b2AR-decoy_3054,C=C(C)[C@@H]1CC[C@]2(C(=O)OC)CC[C@]3(C)[C@H](CC[C@@H]4[C@@]5(C)CCC(=O)C(C)(C)[C@@H]5CC[C@]43C)[C@@H]12,-5.06542025863477,-3.006664616885195,-0.4093919967749011,-0.7185969925703599,-0.5308101885115986,-0.249386933706325,-1.4845530256552308,-0.1655155099850267,,-0.807581002455457,0
b2AR-decoy_2870,CCn1c2ccccc2c2cc(/C=C/C(=O)c3ccc(I)cc3)ccc21,-5.06341820546752,-1.322165375343375,-2.875488182369181,,-0.1005009152242082,-1.3360910468042348,0.6281951019163992,0.8738792218156832,-2.071176429590146,-2.2250316135538166,0
b2AR-decoy_914,O=[N+]([O-])c1ccc(/C=C/c2ccc3c(Cl)cc(Cl)c(O)c3n2)cc1,-5.06128035853286,-4.074911527860805,-2.523174933163781,,-1.5952641057580284,-0.2172470973743347,1.2886619918983389,0.4242517170155828,-0.8661175011338162,-0.7245348354222068,0
b2AR-decoy_2923,Cc1cccc(Oc2nc3ccccn3c(=O)c2/C=C(\C#N)c2nc3ccccc3s2)c1C,-5.06033888669915,-3.575747641929075,-5.088023963718821,-4.7448421246785095,-1.829190510416808,-3.0032183769939644,-1.1349221268913912,-3.109272476131017,-4.025942770954506,-0.7739622597028868,0
b2AR-decoy_680,Cc1cc(C)cc(NC(=O)c2cnc(c3ccc(OC(F)(F)F)cc3)o2)c1,-5.05939054245785,-4.956963188983615,-3.725061270111791,-3.804913093299,-1.1675169704461688,-0.5356410326263648,-0.2233133810601408,-1.6371384570559568,-3.5153397265620168,-1.2559980641738568,0
b2AR-decoy_1731,CCCOc1ccc(Oc2ncc(C#CC(C)NC(C)=O)s2)c(Cl)c1,-5.05790859407105,-2.551406429822655,-1.8465670425179712,-2.35411001833928,-3.163433971404449,-0.9268305459939644,-0.4319748152328007,-0.1241512093954968,-1.9148784409178568,-3.163758723513417,0
b2AR-decoy_2356,NC(=O)c1ccccc1NC(=O)CC12CC3CC(CC(Br)(C3)C1)C2,-5.05059863428274,-4.699023805524115,-3.677650786979211,-0.8546388315464499,-1.9963348352377688,-1.5434606151653645,0.0638712093713786,-0.3572452156570564,-1.431567567850406,-3.373732343945497,0
b2AR-decoy_1059,Cc1cc(CCCCCOc2ccc(C3=NCCO3)cc2C=O)on1,-5.04891869096378,-5.176157492834776,-2.858048252198281,-4.0036192557403,-2.386321372421138,-2.6471180175233044,-1.8256030183056808,-1.8735192910997664,-2.3847208050343065,-4.360496584198547,0
b2AR-decoy_1561,CCc1cc(c2noc(c3cc(C)nc(N(CC)CC)c3)n2)cc(C)c1OC[C@@H](O)CO,-5.0485425616474,-3.0610855420043253,-2.934405070503101,-1.8607057619681295,-1.7401340492782484,-0.3569384379383846,-0.5907868961722711,-0.8958118825721773,-2.297674567137336,-2.4327576745578168,0
b2AR-decoy_228,CC(C)CC1(C)OC(c2ccnc(NCC3CCCO3)n2)=C(c2cccc(NS(=O)(=O)c3c(F)cccc3F)c2F)C1=O,-5.04220102260174,-4.764656633694075,-5.306900968875072,-2.135843833246009,-3.722810254192989,-1.829042171971695,-0.8670344366383107,-1.5409799223035368,-3.618126898608386,-3.021713542361217,0
b2AR-decoy_533,C=Cc1c(C)c(O)cc2c1-c1ccc(OC)c(CO)c1CC2,-5.04109384099504,-3.794436020788375,-4.130878112246111,-1.92754821670846,-2.639655382792478,-2.2315499240500944,-1.8969513423621809,-1.6925139538266567,-3.4021739661428763,-2.838679669110397,0
b2AR-decoy_93,C[C@H](C(O)CCC(C)(C)O)[C@H]1CC[C@H]2[C@@H]3CC=C4C[C@@H](O)CC[C@]4(C)[C@H]3CC[C@@]21C,-5.03943345191921,-5.050685615016615,-3.158472844612711,-4.068364350069159,-2.647795571056818,-2.1967584936335447,-1.4750293106878312,-0.3235865783780367,-3.328878925770426,-2.8144805120621874,0
ASD03130057,COCCOc1cccc(Nc2nc(NC3CCC(F)(F)CC3)c3ccccc3n2)c1,-5.0393249990401,-4.400248629663535,-3.291428682688851,-2.86907598017683,-1.8730248497818984,-2.0439330737155945,-2.219327434749281,-1.4533657547775265,-2.918480246318996,-2.5429981156250068,1
b2AR-decoy_2889,Cc1ccc(Nc2ccc(Nc3ccc(C)cc3)c3c2C(=O)c2cccc(O)c2C3=O)cc1,-5.03699304661256,-4.452196982442535,-4.2753960660774615,-2.0924945291152497,0.5716610485512414,-1.7000763325342945,0.4939377160052589,-1.598035139602897,-0.9033565758741262,-2.586488076207057,0
b2AR-decoy_2803,CN(C)c1ccc(/C=C/c2ccc(c3nc4ccc(OCCCF)cc4o3)cc2)cc1,-5.03474755608656,-4.568709624793695,,-2.49597678634552,-1.301272414130068,-0.2265263668737249,1.1136001604289292,,-0.1628447201541663,0.2865050737269432,0
b2AR-decoy_181,CCCn1c(=O)c2nc(c3ccc(OCC(=O)NCCNC(=O)CCc4ccc(N)c(I)c4)cc3)[nH]c2n(CCC)c1=O,-5.0322397952513,-4.493127437889025,-2.545444232378601,-2.34778390058887,-3.1879064912112582,-1.869015427590015,-1.918853423246361,-0.6632545185134671,-3.3637035852258466,-3.220471682038927,0
b2AR-decoy_2596,CS(=O)(=O)c1ccc(C2=C(c3ccc(Cl)cc3Cl)CC3(CC3)C2)cc1,-5.02933822036427,-2.851140139908985,,-1.3083313307435196,-2.3089977868917586,-1.803580040992225,-1.1798866108653607,1.6387853705252031,-2.869542302465276,-2.247312696977547,0
b2AR-decoy_1045,CC/C=C/[C@H](CC)C[C@]1(C)C=C(CC)/C(=C/C(=O)OC)O1,-5.02467272605539,-3.347801695318725,-2.7352280760340912,-2.1659034552735994,-2.747665108204888,-1.2847311400754649,-0.8036818387965514,-1.0576301793959164,-2.9229028796497465,-1.4556994730946768,0
b2AR-decoy_3176,Cc1ccc(COc2ccc(/C=C/C(=O)/C=C/c3cccc(Cl)c3Cl)cc2)cc1,-5.02201081019827,-4.773200597785575,-4.390644736489081,-3.63750698302477,-2.7940442138356083,-0.8189822324680245,-2.102504481866501,-2.2224739657617665,-0.6274437868223264,-2.230892195950117,0
b2AR-decoy_778,CC(=O)c1ccc(N/C=C/C(=O)c2ccc(Br)cc2)cc1,-5.02006667078277,-2.983157360895425,-4.966253235381461,-2.6467813772513296,-3.393370858043938,-1.1592950646476945,-1.764932052967071,-0.3587700419541066,-2.076501045334896,-1.7344572298158272,0
b2AR-decoy_1628,C=CCCC(C)N(C(=O)OC(C)(C)C)S(=O)(=O)c1ccc(C)cc1,-5.01874343495915,,-1.7597491925484614,0.3894901675752003,-0.9303750351239284,-1.8344903691227945,0.4020863250679287,-1.4340166419680769,-3.5194389666525367,-0.6380085472778769,0
b2AR-decoy_1769,CC(C)Cn1cc(c2cc(C(N)=O)c3c(c2)C(O)(C(F)(F)F)c2ccccc2-3)cn1,-5.01791227811705,-4.022634292082675,,-2.82837541372784,,-2.522605183822374,-2.242096611047841,,-3.268196228267306,-2.554177557940017,0
b2AR-decoy_2485,CC1=C(C/C=C(\C)CC/C=C(\C)Cc2cccc(C)c2)C(=O)c2ccccc2C1=O,-5.01523061489421,-1.970373457741775,-3.073111470169291,-2.7851303722021195,-3.292172103786128,-1.3436124596478043,-0.1688324476246112,0.0214792104121235,-1.6413199325834666,-2.637552159906257,0
b2AR-decoy_2016,CC1(C)CC=C(c2cc(CCO)ccc2NC(=O)c2nc(C#N)c[nH]2)CC1,-5.01257346995569,-3.615497417712235,-5.269178958349771,-0.5438159155607196,-3.413358347596408,-3.064381722266555,-2.6669579215624517,-2.989452945420587,-4.379306583241016,-3.4152349486080467,0
b2AR-decoy_780,CCc1c(C)[nH]c(=O)c(Br)c1Oc1cc(C)cc(C)c1,-5.01206644837979,-2.3592445401919253,,-2.7232565032618297,-1.3758787821367884,-0.9525100324655148,,,-3.4619825938812765,-2.092192966091147,0
b2AR-decoy_2946,COc1cc(c2coc3cc4c(c(OC)c3c2=O)C=CC(C)(C)O4)ccc1OCC=C(C)C,-5.01084930529118,-3.236895984069325,-2.549763809137551,-1.7824066074523497,-0.2234969025917386,-0.5542292111125748,1.2794527928327888,0.7084576279509331,-2.3415117434851966,-1.460342216203537,0
b2AR-decoy_2266,Cc1nc(C)c(c2ccc(Oc3ccc(Cl)cc3)c(Cl)c2)c(O)c1Br,-5.00726694993162,-5.334589022667825,-3.625871956240151,-2.065152539579969,-2.420088881051468,,-3.7383230103530014,,-3.1220279583554067,-3.9084969472315474,0
b2AR-decoy_1120,Cc1ccccc1NC(=O)CSc1nc2c(c(c3ccco3)c1C#N)CCCC2,-5.00495570223647,-4.826020434871275,-3.8451481772424616,-2.644761123614669,-3.7116624374579086,-1.8615348694091551,-1.3116218378765812,-1.9480982978109167,-3.3577094553540165,-2.585950625101287,0
b2AR-decoy_3200,CCN(CC)[c+]1sc2c(s1)C(c1ccc(Cl)cc1)Oc1ccc(Cl)cc1-2,-5.00264995594752,-3.962677467518665,-3.365656488512511,-1.4164248757233295,-1.4255629037497286,-2.095180242863715,-1.1178079424146814,-1.0998311943166073,-2.6098716693164965,-2.554542729802947,0
b2AR-decoy_1094,Cc1ccccc1C(=O)Nc1ccc(C(=O)N2Cc3cccn3-c3ccccc32)cc1,-5.00103799333144,-2.827144570564415,-2.726245598450891,-1.33558441950409,-3.0087045244324484,-1.5092470048141546,-1.1444508059353111,-0.1897419622760567,-0.0350914800327362,-1.557200250449807,0
b2AR-decoy_281,COc1ccc(S(=O)(=O)N(C)C[C@@H]2Oc3ccc(NS(=O)(=O)c4ccc(Cl)cc4)cc3CC(=O)N([C@@H](C)CO)C[C@H]2C)cc1,-4.99854171704083,-3.4022474549948347,-0.3460560149126612,-3.54029070536566,0.4730000621298815,-1.7946688054079043,-0.9592859281162812,-0.2243675168664172,-3.5088996155804866,-1.2692257168045766,0
b2AR-decoy_1057,COc1ccc(/C=C\c2cc(OC)c(OC)c(OC)c2)s1,-4.98963268125,-3.6256063517889143,-4.114593803609401,-2.5406626636399,,-1.9454971507970145,-2.162644323631481,-1.7611109169923465,-3.688040051378376,-2.9779339745035167,0
b2AR-decoy_1920,COc1cc(/C=C/c2ccc(O[Si](C)(C)C(C)(C)C)cc2)cc(OC)c1,-4.98350818514274,-2.794281761870475,-2.6449790737046808,-0.6784033068773598,-1.6560921314301682,-0.291045420424135,,-0.0033768463358967,0.0919366128607337,-0.6250307652622871,0
b2AR-decoy_3108,CC(C)CC(O)(CC(C)C)[C@@H]1C=CC=C(CO)C2=C3[C@H]1CCCC[C@@]31OC(C)(C)O[C@@H]21,-4.98110112616991,,-2.922658121894151,-2.42808884779888,,-2.589358383791565,1.0323825466164789,,-3.0082995010279365,-1.1463295725614668,0
b2AR-decoy_3026,O=C1COc2ccc(S(=O)(=O)NCCCN3c4ccccc4CCc4ccccc43)cc2N1,-4.97996157357572,-3.0016320451948757,,-0.8439016088651399,-1.3112247886877686,,0.656695959399229,,-1.0102854501018363,-3.615902765269667,0
b2AR-decoy_2514,Cc1cccc(c2ccc(F)c(F)c2)c1Oc1ccc(S(=O)(=O)Nc2ncns2)cc1C#N,-4.97981153994742,-3.321976194537055,,-2.6524484125668497,-2.895479786418038,0.1140701489171651,1.1277795690426689,-0.8383730306032771,-2.321382858722316,,0
b2AR-decoy_2580,Clc1ccc(C(COc2ccc(Br)cc2)Cn2ccnc2)c(Cl)c1,-4.97936953382186,-1.2112060185763052,-3.522550761969001,-3.0466429275008293,-3.376059447482689,-2.490512470842165,-2.397962798027561,-2.480078126651197,-3.6217824715143454,-2.7777260423305266,0
b2AR-decoy_812,CCCCCc1cc(NC(N)=O)c2c(c1)OC(C)(C)[C@@H]1CCC(C)=C[C@@H]21,-4.97898427529651,-4.638012349628055,-5.086899346550071,-2.48217834166471,-3.626496193470119,-2.5041565434827247,-1.4710226717237411,-2.7898449936859766,-3.9807974386446254,-2.680735470030206,0
b2AR-decoy_2727,Cc1ccc(C(=O)O[C@H]2CC[C@@]3(C)C(=CC[C@H]4[C@@H]5CC/C(=N\O)[C@@]5(C)CC[C@@H]43)C2)cc1,-4.97789641802775,-5.211113845506155,-3.328864227260061,-2.31496545748099,-2.1826998968629185,-2.242254520813855,-2.4299539116064413,-2.716588076028187,-2.9124140599851964,-3.1950009651412468,0
b2AR-decoy_334,CCOC(=O)C1=C(C)Nc2ccccc2SC1c1ccc(F)cc1,-4.97677304651344,-2.4851167043240547,-2.5125997621435614,-2.84704844916408,-2.7573986643180683,-1.3936443132826746,-0.5958583172758711,-2.1837137034455267,-3.3769326460230564,-2.019443444042427,0
b2AR-decoy_3106,COc1cc(C(=O)c2cn(c3ccc(F)cc3)cc2c2ccc(N)cc2)cc(OC)c1OC,-4.973154849101,-2.489823329579605,,,-2.0073520954683586,-2.493527226154095,-0.7574443960984807,,-3.130885904758286,-1.1445082151235169,0
b2AR-decoy_356,COc1cc(/C=C2\CC/C(=C\c3ccc4ccccc4c3)C2=O)ccc1O,-4.96476388427858,-4.463812147939835,-4.116441419851252,-1.6719506214451894,-3.2345051591363383,-2.782268218204025,-1.904945950037571,-1.4472639717695168,-4.320825427112936,-4.029841936901496,0
b2AR-decoy_2949,COc1ccc(C(=C(I)c2ccccc2)c2ccc(OC)cc2)cc1,-4.9647160257347,-2.660017459290855,-2.031635928761472,-1.88180364900656,-0.5336952133229986,-1.069402569777865,-1.052199646140231,-0.1784735920725264,-1.9451339573225663,,0
b2AR-decoy_1475,N#CC(C(N)=O)=C1CCCCC1,-4.9586059814114,-4.034425501575505,-2.254634702251661,-3.5893143807106997,-1.567626992850748,,-2.1928483528087312,,-3.038931569282516,-3.2821427727037373,0
b2AR-decoy_1038,CO/C=C(/C(=O)OC)c1ccccc1/C=C/C=C/c1ccc(C)cc1C,-4.95768585655621,-2.8140354341208957,-4.164663663725741,-1.2712951746068295,-3.241582320264138,-0.980827384059265,0.5599675175145289,-0.5156096013797269,-2.8950167775462967,-1.072976333154667,0
b2AR-decoy_2601,Cc1ccc(/N=C2/c3ccccc3/C(=N/c3ccc(C)cc3)c3occc32)cc1,-4.95305969482448,-4.537006754641165,-4.640793514124422,-3.6617143722311294,-1.5194060245417385,-2.876644059623205,,0.4712652712903429,-2.9412672043639967,-1.0705876246358472,0
b2AR-decoy_2499,CCc1nnc(SCc2ccc(F)cc2Cl)c2cc3sc(C)cc3n12,-4.94990174857646,-4.462125990873695,-4.898075085645831,-3.04946037193826,-3.608531301504298,-3.0049030963041847,,-2.049106577311157,-4.0254345936516165,-2.207020292666297,0
b2AR-decoy_945,O=[N+]([O-])c1cccc(/C=C/c2ccc3c(Cl)cc(Cl)c(O)c3n2)c1,-4.94990098680952,-2.8565143649200757,-2.933245152792571,0.0020071355649902,-3.0373499483331186,-2.022776568561115,-2.050823145619981,0.613273016485643,-3.9332557390493967,,0
b2AR-decoy_2475,CCOP1(=O)OC(c2ccc(CC)cc2)=Cc2ccc(Cl)cc21,-4.94820483610076,-2.6879447859071552,,-3.3867296651608294,-4.682338668459519,-0.9837945415087548,-1.2160700673142513,-2.2702525525057267,-3.1885235083614463,-0.840677798053957,0
b2AR-decoy_1921,CCCCCC[C@@H]1CC2C(CCC3(C)C(=O)CCC23)C2(C)C=CC(=O)C=C12,-4.94644468976074,-3.946837075253465,-3.150105494102161,-2.2013348420623897,-2.5725250332149985,-2.052785219196645,-0.5882908420752306,-1.6902348316924964,-2.5407187332251366,-2.481119957722697,0
b2AR-decoy_3179,Cc1ccc(OP2(=S)OCc3cc(C(C)C)ccc3O2)c(C(C)C)c1,-4.94544512607722,-3.869263180754545,-5.187639564000591,-3.41666441059658,-3.1673770171242683,-3.682167331146705,-1.6806369398098011,-2.2483462147662765,-2.2591187310008367,-4.080326233897727,0
b2AR-decoy_2722,O=C1CCCN1CCOc1ccc(C2Oc3cc(O)ccc3-c3sc4cc(O)ccc4c32)cc1,-4.94247743279146,-4.3386921580411455,-5.198260014024201,-2.54500741757733,-2.031243372948569,-3.3756714325936645,-1.562211151318011,-1.6563958309333966,-2.1127220442775565,-4.053472981699077,0
b2AR-decoy_1959,COCC(C)(C)NC(=O)c1c(NC(=O)c2ccccc2OC(F)(F)F)sc2c1CCOC2,-4.94239860659921,-2.8569779107649955,-4.726828776507801,-1.7733433490025696,-2.5299087971078587,-1.7642791779442346,-0.4080668272157712,-1.6371299462430269,-0.1769853827598164,-2.5894308086451567,0
b2AR-decoy_606,CCNC(=O)OC1=C(c2ccc(C)cc2)Oc2ccccc2-n2cccc21,-4.94226914659211,,-3.508525205493001,0.1031712430012503,-2.001795200227658,-1.9664895412129644,-0.817492470398121,-1.425123923969637,-2.1892794768359867,-2.144406726855397,0
b2AR-decoy_3041,COc1ccc2cc(C3(C)NC(=O)N(CC(=O)NCCC4=CCCCC4)C3=O)ccc2c1,-4.93860945316928,-6.330785530140865,-3.605086597353761,-2.6628282035390995,-2.852704312972689,-2.3331771016474443,-2.6214799199251813,-1.2891539540057364,-3.154436367774226,-2.936657413880327,0
b2AR-decoy_3199,CC(C)=CCC/C(C)=C/CC/C(C)=C/CC1=C(C)C(=O)c2ccccc2C1=O,-4.93450337053911,,,-0.0565633795645399,,0.1322720264074455,,-0.3136877293364968,-2.181190408749877,,0
b2AR-decoy_1031,CN(C)c1ccc(/C=C/c2ccc(OCC3COC(C)(C)OC3)cc2)cc1,-4.93402927669552,-4.1812428349169055,-1.5368145030018012,-1.46442749038534,0.4232504635504615,-0.5935983741537347,-0.5402298383094815,-0.1290561609892764,-1.640190237826376,-1.769409422503887,0
b2AR-decoy_3073,Clc1ccc(CO/N=C/c2c(c3ccc(c4ccccc4)cc3)nc3sccn23)cc1Cl,-4.93182880208009,-2.653450895257645,-3.0406162925281315,-0.1580291431527296,-2.5893670471539085,,-0.7676677267280514,-1.743106930295557,-3.452514798310846,-1.1786189801077671,0
b2AR-decoy_1351,COc1nc2ccccc2cc1/C=C/c1noc(c2cccc(C)c2)n1,-4.93027881697338,-4.470033420568395,-2.609126112003671,-1.0815836704925896,-3.228825018766458,-0.9255633233903052,0.381831053832049,-0.3320189611357467,-2.3570075106970565,-2.671427152475307,0
b2AR-decoy_2644,O=C(ON(C(=O)c1ccccc1)c1ccc(C(=O)c2ccccc2)cc1)c1ccc(Cl)cc1,-4.92917581005382,-4.065795421759675,-3.330620908259452,-0.2447882183871996,-0.3296069643490984,-0.4011651158079345,0.3821865067230385,0.7176366143022332,-0.7030383873991863,2.436689125098618,0
b2AR-decoy_1436,CC#CC#Cc1ccc(C#CC(O)CO)s1,-4.92913994800396,-3.571381536874445,-2.912357284097131,-2.7228814500466694,-1.9711006883807185,-0.8855821238357144,-0.8455266938030714,-1.414171975223737,-2.2970126392711467,-3.1649341765552266,0
b2AR-decoy_90,COc1cc(OC)c(c2ccc(O)c3c(OC)cc(C)cc32)c2c1C(C)=N[C@@H](C)C2,-4.92891941325696,-1.9695613100566451,-2.9127723467983517,,-2.3180282814973188,-0.9824057448758944,,0.0112430730717427,-0.7800082108188864,-2.1126569465355467,0
b2AR-decoy_3193,O=C(Oc1ccc(Br)cc1C(=O)c1ccc(Cl)cc1)c1ccc(Cl)cc1,-4.92812778527921,,,-2.0719503170882696,-3.8597337414964974,-1.605416982657645,-1.3542744034689609,-2.047534499686747,-3.2839037522020265,-2.1879762172805868,0
b2AR-decoy_398,COC(=O)c1ccccc1Cc1ccc2c(c1O)C(=O)c1c(O)cccc1C2,-4.92679674828704,-3.5870287626928947,-3.831564739658581,-2.9380214535787896,,-3.001782865128435,,-0.8309237235975067,-2.395647780899746,-4.075763158865827,0
b2AR-decoy_3167,CCOC(=O)/C(C)=C/C[C@]1(C)CC[C@@]2(O1)C(C)=CC[C@H]1C(C)(C)CCC[C@@]12C,-4.92651049290732,-3.721163015477785,-4.035874636417161,-0.8311124101732799,-1.982782576103128,-1.1711370285904945,0.027560508736939,,-3.288867178245816,,0
b2AR-decoy_599,CC(=O)c1c(C)[nH]c(C(=O)CSc2c(C)c(C)cc(C)c2C)c1C,-4.92438668839896,-4.533838821625515,-1.8261660697960715,-3.04870796221819,-2.5639560773312686,-2.096073180818035,-0.9819584330837108,,-2.9057625759222665,0.2822464974509131,0
b2AR-decoy_1519,C=CCOc1cc(OC)c(C(=O)/C=C/c2ccc(F)cc2)c(OCC=C)c1,-4.91806970712838,-4.836939856937895,-4.491672539205391,-1.4331071800045,-2.6473831366523983,-1.6459082576208344,-2.421005915258021,-2.392862409382727,-3.597324769499856,-4.097308394130828,0
b2AR-decoy_879,Cc1cc(/C=C/C(=O)NCCn2c(C)cc3ccccc32)cc(C)c1F,-4.91702649231184,-2.108881704198815,-5.613935794065611,-1.9358686926603097,-1.9000246345307683,-0.2518746005389944,-1.9288409078271709,-0.8146248602819766,-3.754622234126906,-3.3511780293825173,0
b2AR-decoy_1052,CCCCOP(=O)(OCCCC)Oc1ccc(C)cc1,-4.91299530321725,-2.2587905974667253,-3.097004286295581,-1.2221069607049797,-1.2953615711941584,,-0.6767290088652809,0.0235998371202033,-1.0801758062419062,-2.880156876330417,0
b2AR-decoy_1445,Nc1nccnc1Br,-4.91254264770731,-2.888469702541516,-2.826941644832472,-1.8403071615517896,-2.2190333670330284,-0.9286171685667046,-0.585714536015641,-0.4331455638513164,-2.025983298720586,-1.869872955548987,0
b2AR-decoy_2806,COC(=O)/C=C/c1cccc(N(Cc2ccc(/C=C/c3cccc(F)c3)cc2)C(=O)C(C)C)c1,-4.90988146211014,,-1.2718350910190912,0.1385721080780202,-2.4117723819670784,0.5510017786623354,,3.68842167403734,-0.5140185081227364,5.377580606158483,0
b2AR-decoy_3070,CCC(=O)Oc1ccc(/C=C2\CCC/C(=C\c3ccc(N4CCCCC4)cc3)C2=O)cc1OC,-4.90651586068871,-2.4544998127040856,-1.0638557540332512,-1.3412925682585897,-0.7457751781787083,0.7456662789322954,-0.9447500413345712,0.4267417324547233,-1.7257835304531266,0.965556939264753,0
b2AR-decoy_1452,NS(=O)(=O)c1cccs1,-4.90268721235863,-3.873952978718205,-3.6348601008503714,-2.45223131731424,-2.286775529551268,-1.5442378367664746,-1.194470085514741,-0.6904350292774071,-2.7609315359241764,-2.661480326333527,0
b2AR-decoy_2787,N#Cc1cc(c2ccc(Cl)cc2)c(c2ccc(Cl)cc2Cl)nc1OCc1ccc(F)cc1,-4.90157912931946,-3.413368629579145,-3.8517930841281016,-1.66279462880712,-2.4386707650757984,-1.2640465231369244,-0.0385745617323607,-0.4328221614786267,-1.4241519001859864,-2.130911219907277,0
b2AR-decoy_733,CC(C)(C)c1cc(C(=O)N/N=C/c2cc3ccccc3cc2O)cc(C(C)(C)C)c1O,-4.89811365364294,-4.363614265257445,-3.184180864442891,-1.54023221474218,-2.453783768021548,-2.522869614819755,-1.9515461118328008,-2.659509852665037,-2.8083098591078066,-0.514006023598407,0
b2AR-decoy_78,O=c1c(c2ccc3ccccc3c2)c(c2ccccc2)c(c2ccccc2)nn1CCO,-4.89502795150238,-3.678139420817815,,-2.9717783610574093,,,0.661757782536879,,-2.318505755682426,-1.6013123453118667,0
b2AR-decoy_2307,NS(=O)(=O)c1ccccc1NS(=O)(=O)/C=C/c1c(Cl)cccc1Cl,-4.893939251669,-3.4143909520543154,-5.410204784406731,-2.53701748962538,-4.355243231098359,-3.0369486348718144,-2.1115142158486906,-1.257584100567497,-3.848782415738256,-3.062005561229397,0
b2AR-decoy_358,Oc1c(Cl)cc(Cl)cc1/C=N/c1ccccc1N1CCCC1,-4.89329892267882,-4.3004161372103855,-4.574002643706641,-2.9282145565594,-3.273338635348308,-3.5599619608323847,-2.4915822412347106,-1.2248743159257467,-4.488473384623647,-2.970202935050637,0
b2AR-decoy_375,O=C(NNC(=O)c1sccc1n1cccc1)c1c(F)cccc1F,-4.88688217525583,-3.582418171171885,-5.748133087867031,,-4.2907686144111485,-1.3408364066219844,-0.9707972767724112,-3.330676604106057,-3.960924572480047,-0.8500931505408569,0
b2AR-decoy_3094,COc1cc(OC)c([C@@H]2COc3c(ccc4c3C=CC(C)(C)O4)C2)cc1/C=C/C(=O)c1ccco1,-4.88634194808872,-3.3965105657148253,-2.639766243627661,-1.97519543603444,-3.421405111952039,-1.5102271791742543,1.080929418248219,-1.742872997415767,-2.1405030945986567,-3.5436136783571173,0
b2AR-decoy_2467,O=C(/C(=C(\C1=Cc2ccccc2CC1)c1ccccc1)c1ccccc1)N1CCCC1,-4.88515099353909,-3.977148889033205,-3.768456897181621,,,,,,,-2.4698586711437467,0
b2AR-decoy_2957,C=CCn1/c(=N/N=C/C=C/c2cccs2)scc1c1ccc(Cl)cc1,-4.88475185742744,-2.7263876719296656,-1.4369495299150312,-2.0513484618955298,-2.2030780848935487,0.1609013601078754,-3.6824957651626704,-0.9642703588711568,-3.063293235467317,-1.7794628675689972,0
b2AR-decoy_969,O=C(/C=C/c1ccc(OCc2ccc(Cl)cc2)cc1)c1ccc(O)cc1,-4.88453780537245,-6.221727297334034,-2.619844985076581,-4.25809445534086,-3.4346414648858783,-1.7456407753995746,-2.2310304850950606,-0.093258850135717,-2.614244271483797,-3.2324816484553973,0
b2AR-decoy_2585,CC1(C)C=Cc2c(c3c(cc2c2cc4ccccc4s2)oc(=O)cc3c2ccccc2)O1,-4.86285119937794,-2.111498428231365,-3.388727026093801,-1.0129371663999498,,-0.6738061354122147,1.7641996193421892,0.6264360871775332,-2.1915436330023965,-1.2416645027989968,0
b2AR-decoy_2196,C=C1CC/C=C(\C)CCC2=C(C)C(=O)O[C@H]2/C=C(\C)CC[C@@H]1OC(=O)NCCCCC,-4.86191509655343,-3.170794386292905,-4.6365821942602015,-3.38464207795556,-2.131160497071418,-1.3929495593945749,-0.9557714769408908,-1.2239184559967766,-3.1423176343453463,-3.2235030943607668,0
b2AR-decoy_3096,Cc1cccc(NC(=O)c2c(C)cc(C)nc2SCC(=O)Nc2c(C)cc(C)cc2C)c1,-4.86010007819802,-4.839475259304115,-3.972845405826392,-2.735207984243869,-2.9341163814469686,-3.186769243394365,-1.3802998985458013,0.0860879391607936,-2.130008867369086,-2.853175617341267,0
b2AR-decoy_81,CC(C)CCC[C@@H](C)[C@H]1CC[C@H]2[C@@]34C=C[C@]5(C[C@@H](O)CC[C@]5(C)[C@H]3CC[C@]12C)OO4,-4.85367104817214,-4.930125676196045,,,-1.5076500574313787,-0.5956557060354948,-1.7599449166486014,-0.1161845099500764,-2.7391652030507965,-2.4895418287245072,0
b2AR-decoy_1546,COc1ccc(/C=C/C(=O)c2ccc(OC(=O)c3cccs3)cc2)cc1,-4.85274195515211,-2.6460317670912152,-3.0378336736825915,-2.22577161475487,,-0.6473112002119548,-1.795591956150501,0.3106458214303034,-1.782785636928926,-1.8648588723455768,0
b2AR-decoy_1971,COc1ccc(/C=C(\NC(=O)c2ccccc2)C(=O)N/N=C/c2sccc2C)cc1,-4.84493236081457,-2.387972244279605,-4.978864855194471,,-4.194746846917388,-2.8215046159001043,-2.284868215819781,-0.6280449351517365,-4.4474838182349465,-4.261825534106396,0
b2AR-decoy_1641,CCN(CC)P(=O)(Oc1occc1Cc1c(C)cccc1Cl)N(CC)CC,-4.84269172411659,-2.748536307773535,-2.673262008047831,,-0.1337918427020783,-1.4017106602239044,-0.4534162968713406,-0.1123696272351768,,-2.1456777241777867,0
b2AR-decoy_640,Oc1ccc(/C=C/c2ccc(/C=C/c3cc(O)cc(O)c3)cc2)cc1,-4.84220547476999,-2.8736794205724854,,,,,-0.4793083435344112,,-3.3144950852420267,,0
b2AR-decoy_1438,C[Si]1(C)N[Si](C)(C)N[Si](C)(C)N1,-4.84185989887233,-2.461191478416345,-2.631489733588621,-1.02724487672563,-1.598422105202839,-0.9641778775437349,-0.1674455252105309,,-2.0094893336029465,-1.783530018168157,0
b2AR-decoy_2620,CCOC(=O)[C@]1(C)CCC[C@]2(C)[C@@H]1CC[C@@]13C/C(=N\OCc4cc(C)nn4C)[C@@](C)(CC[C@@H]21)C3,-4.84110494925942,-3.0490194463755254,-4.350120398506752,-2.38389056065354,-1.6993205686471784,-1.0731144258239445,0.1987560896254692,-0.8140548058185466,-2.7605392530815367,-2.227806046945767,0
b2AR-decoy_2606,Cc1coc2c1C(=O)C(=O)c1c-2ccc2c1C(OC(=O)c1ccc(F)cc1)CCC2(C)C,-4.83517311711014,-4.349015423895535,,-4.226822852533069,-3.145801578033669,-2.5497886388478648,-0.1447133494317913,-2.605278003584747,-3.658855660070897,-1.9674015861600167,0
b2AR-decoy_2591,O=C(Oc1ccc(c2ccccc2)cc1)N1c2ccccc2Sc2ccccc21,-4.83299832586441,-3.603601788121376,-3.173791081129972,-1.9055000512458695,-1.5724333754016089,-2.3611562607594445,-0.3988951160138407,-2.976679679978937,-2.1213586799349464,-3.330105880808597,0
b2AR-decoy_995,CCc1c(C)[nH]c(=O)c(c2ccsc2)c1Oc1cc(C)cc(C)c1,-4.82798804739386,-2.672825178287515,-3.718450796105441,,-1.4253035010814088,-0.4176104091483346,,-0.4465068895418165,-2.393999474845616,,0
b2AR-decoy_920,COc1cccc(SC/C(=N\O)c2cc(Cl)sc2Cl)c1C,-4.82354110703991,-4.604227312303055,-4.676387746519431,-3.62190488028957,-3.2328468195143483,-2.520096797535505,-2.4627831947653114,-2.5110707735421567,-3.5352153442291065,-3.331337647149226,0
b2AR-decoy_1770,CCOP(=O)(OCC)C(Nc1ccc([N+](=O)[O-])cc1)c1ccc(Cl)cc1,-4.82243652720728,-3.903088109059375,-3.750838016824341,-2.12154424930644,-2.473619423259918,-1.8818423350815143,-1.1661084443901713,-1.5284257341927168,-3.1933429152789667,-2.9032314845986567,0
b2AR-decoy_1987,CNC(=O)C=Cc1cnc(N)c2c1scc2c1ccc2c(c1)OCO2,-4.82125117417974,-5.447477977784575,-3.053810559041481,-2.50210061198328,-2.7314501615546583,-3.1593885280156746,-0.7595828726560008,-3.3020770379363764,-3.4638555883793467,-3.1436085174562467,0
b2AR-decoy_2051,CC1=C(C(=O)OC(C)C)C(c2ccc(Cl)cc2)C(C(=O)OC(C)C)=C(C)N1,-4.8172039691615,-1.8635591191469756,-2.304816886784211,-0.2069210801493497,-2.124516253421488,-0.512256174547205,-0.1579582302030608,1.3460915273797731,-2.457390469399696,-1.6798795054228166,0
b2AR-decoy_1684,C#CCOC1=C/C(=N\c2ccc(OC)cc2)c2ccccc2C1=O,-4.80999231889116,-3.962051668372565,-3.633343785954791,-2.25644249817576,0.4428485156103416,-2.3477965030501045,-1.0699368371318014,-1.554614239047047,-3.4201505079687564,-1.6636437642424269,0
b2AR-decoy_2706,CNC(=O)c1ccc2c(c1)C(=O)c1ccc(Nc3cc(C(=O)N(C)C(C)C)ccc3C)cc1CC2,-4.80901277257449,-3.0468675075352856,-2.5885453487198413,,-1.4441833969755082,,0.3404301254410393,-0.1597169764508166,,-0.682296403362797,0
b2AR-decoy_703,Cc1[nH]c(C)c(c2ccc(Oc3cccc(C(F)(F)F)c3)cc2)c(=O)c1Cl,-4.80605770172557,-3.047559826579845,-4.423114435612241,-3.473616485107049,-3.654573165106098,-2.804783754124755,-0.603197779243331,0.286945334126373,-1.722601407166846,-3.455254331681697,0
b2AR-decoy_1581,CCOc1ccccc1NC(=O)c1ccc(F)c(S(=O)(=O)NCc2ccc3c(c2)OCO3)c1,-4.80373871753318,-3.3260269313809454,-2.668793985033321,-3.12820802935813,-2.362358807442498,-0.9631410570931348,-1.2103998420686812,1.0278448554853332,-3.8993500258528666,-2.009841725551427,0
b2AR-decoy_1349,O=C(Oc1ccc(c2cc(=S)ss2)cc1)c1cccnc1,-4.79825710716958,-2.4459391727920448,-0.5702621426117611,-1.52236727671072,-1.0423324550627582,1.3555672034334352,-1.3595927724354713,-2.067862274481977,-1.458064403168346,-1.5959625487058369,0
b2AR-decoy_2643,CCCc1ccc(OCC(=O)N(Cc2nc(c3ccc4ccccc4c3)no2)C(C)C)cc1,-4.78865732805573,-2.2441938481090853,-3.678190752326091,-1.07549915585515,0.5984427608808316,-2.7815407847998843,0.4691143519148193,-0.7071149729680473,-2.4592061707458965,-2.3290413360319966,0
b2AR-decoy_2639,CCCC(CCC)C(=O)N(C)C(=O)c1nn(c2ccc(Cl)cc2Cl)c(c2ccc(Cl)cc2)c1C,-4.78600474535587,-1.3748210526333753,-2.1117618369311613,-0.4308164091490298,-1.095459235793668,,-0.2815917113658406,,,,0
b2AR-decoy_2457,O=C(/C=C/C1=Cc2c(ccc3ccccc23)OC1)c1ccccc1Br,-4.77722434197534,-1.9383873914863048,-4.615546449844901,,-2.8367754997666284,-0.6144899788348148,-2.517074547177881,0.0647218980212835,-4.358359244329156,-2.775866515607087,0
b2AR-decoy_1671,Nc1ccc(/C=C2\SC(=O)N(CCc3ccccc3)C2=O)cc1,-4.77303413209648,-5.917392048214715,-5.674585733209201,-2.313439862296049,-4.582966126311138,-3.175811222488015,-3.0572037024089207,-3.2631355785223164,-2.6323062239068165,-4.042756920705276,0
b2AR-decoy_2516,Cc1nc(c2ccc(Cl)cc2)sc1C(=O)CSc1nc(c2ccccc2)c(C#N)c(=O)[nH]1,-4.76305524217274,-4.713661776147005,-3.723107457172871,-2.97643581080638,-1.7999888229917982,-1.2113229959172849,-1.159570854964711,-1.7369835240059768,-4.719033733713176,-2.4239477855857268,0
b2AR-decoy_541,COC(=O)c1sc2cc(c3ccc(C(C)=O)cc3)cnc2c1N,-4.76126397106843,-3.6013568198717048,-4.234288260000941,1.1450112948428703,-1.3727914053115082,-0.566502554565175,-1.7401331840269414,-1.9931266175429068,-2.955018504382476,-1.9329696240022467,0
b2AR-decoy_987,C=CCOCC1=CC(C)(C)Nc2ccc(c3ccccc3OC)cc21,-4.75877104234712,-3.650959118618495,-2.491872698990341,-1.6723300828538097,-2.8545355605040488,-2.372109139813235,0.0299559511514191,-1.8399722568883567,-2.5083628783697964,-1.3017559266701668,0
b2AR-decoy_903,CC(C)[C@@H]1CC[C@@H](C)C[C@H]1NC(=O)Oc1ccc(Cl)cc1,-4.75708457427196,-3.4006847094590853,-2.408088854687331,-2.39658498663,-0.9861043906370188,-1.980767457235035,-1.898856913767471,-0.4192572685519069,-3.0084173043602966,-2.9983782544534168,0
b2AR-decoy_2416,CC(C)=C[C@@H]1C[C@@H]([C@@H]2CC[C@]3(C)C4=CCC5C(C)(C)C(=O)CC[C@]5(C)[C@H]4CC[C@@]23C)CO1,-4.75630423085353,-3.9951375132890847,-2.957193981566691,-3.2472729595967893,-2.234961256904758,0.6390044433945952,-1.0162189234390606,-1.0140108236290368,-2.8157071079546467,-2.9144800128645065,0
b2AR-decoy_2308,Cc1ccc(S(=O)(=O)Nc2ccc(C(=O)Nc3ccccc3O)cc2)cc1C,-4.7497426931795,-4.616648736887545,-3.073644632281151,-2.07258537097424,-2.8277624608039487,-1.1315537605876944,-1.300760583723961,-0.3928845398264267,-3.1575573622558064,-3.957254184852577,0
b2AR-decoy_2627,CC(C)(C)c1ccc(Sc2nncc(c3cnnc(Sc4ccc(C(C)(C)C)cc4)n3)n2)cc1,-4.74961277195492,-4.378634430845185,-2.831599427782841,-2.88933151484808,-0.921086983402998,-1.8875004382403144,-2.1827974954908607,-1.0172284690865867,-1.545485654825086,-3.6495137316050568,0
b2AR-decoy_2222,C[C@H](CCCC(C)(C)O)[C@H]1CC[C@@]2(C)C3=C(CC[C@]12C)[C@@]1(C)C[C@@H](O)[C@H](O)C(C)(C)[C@@H]1CC3,-4.73395144561215,-4.132265744923325,-2.916902890098121,-2.573438312481509,-2.4341682091726184,-1.681304005698725,,-1.0528328629981472,-2.9472968913860367,-1.2689707224627766,0
b2AR-decoy_386,OCc1c(Br)c(O)c(O)c(Br)c1Br,-4.73327230180179,-2.691810545505075,-2.205672175889431,-1.7273279784831097,-1.1299799569269684,-0.0359382553950848,-0.0808705212107909,-0.0881116220980864,-1.3210448968112365,-1.5768456702329767,0
b2AR-decoy_2910,COc1cc2[nH]c(=O)c(c3cccs3)c(c3cccc(C#N)c3)c2cc1c1ccccc1,-4.73021416688797,-2.7161700332366348,-2.5191342494267914,-1.4505179360695897,-1.2187510941599389,-1.299663337807555,-1.489739850839931,,-1.6308446941022368,-2.079896852983827,0
b2AR-decoy_2904,Cn1c(C23CCC(c4nc(c5ccc(F)cc5)no4)(CC2)CC3)nnc1c1ccc(OC(F)F)cc1,-4.72880425745386,-2.495642483978385,-3.307540250539061,-1.2360329503383791,-1.5857079588303886,-0.8050391038051146,0.3794019761884692,-0.3775859957939964,0.4003225150780838,-2.2050822854439374,0
b2AR-decoy_656,C=CCOc1ccc2c(c1)Oc1ccccc1C(CC)=C2c1ccc(O)cc1,-4.71721625445641,-4.268339497278555,-2.6054714709684115,-1.97021682513878,-0.7540602650957284,0.2335765953500255,-0.4974764887287906,1.9821045547322635,-2.407985283175746,,0
b2AR-decoy_1029,CCSCCn1/c(=N/OC)sc2cc(OC(F)(F)F)ccc21,-4.71669461853107,-4.006946385377075,-3.273614998741591,0.1930446573495401,-2.4920398710638985,-1.9272009611910743,-0.9921564825940408,-0.5609201966779871,-3.003966591995167,-2.458848354776077,0
b2AR-decoy_949,Oc1ccc(/C=C/c2ccc(/C=C/c3ccc(O)c(O)c3)cc2)cc1,-4.7130055612552,-2.6782789646845853,-1.4465536073274414,-2.1602066323022093,,0.2290501081144653,-1.6752789890357906,,,-0.1389667356551669,0
b2AR-decoy_373,CC(=O)OC[C@@]1(C)CC[C@@H](C(C)C)/C=C/[C@](C)(O)C/C=C/[C@](C)(O)CC1=O,-4.7126056554595,-3.131854830000985,-4.527939230299781,-2.09598407041785,-2.2058800449809883,-1.7616606998319346,0.1840467503730689,-0.6647194153063865,-2.808583885955306,-2.108292792421787,0
b2AR-decoy_950,Cc1[nH]c(C)c(c2ccc(Oc3ccc(F)cc3)cc2)c(=O)c1Cl,-4.71249529894978,-3.366309799230085,-4.898451581409931,-0.9169394547545896,-2.384679698325068,-0.4549027753114547,-1.7383940443145711,-1.4641280497846072,-0.4409581641779065,-2.335931630682467,0
b2AR-decoy_2611,COc1ccc(Cl)cc1n1ncc(c2nnc(c3ccc(Cl)c(Cl)c3)o2)c1C,-4.71239441384537,-2.393129818409545,-2.743510539155112,-1.6286954440107602,-1.597406981880618,-0.0729717309209343,-0.2317490147992513,-0.0810193071881366,-2.7380849032302663,-1.6158181972873673,0
b2AR-decoy_73,CC(C)N(c1ccc(/C=C(\C#N)c2nc3ccccc3[nH]2)cc1)C(C)C,-4.70886086064135,-2.728981346903745,-2.630080312139131,-0.1812851136635496,-1.2388274456970685,-0.061408639104175,-0.9580672258169614,-0.3791652235010172,-2.5159231731974465,-2.3654161381209167,0
b2AR-decoy_426,CCc1ccc(/C(=N/O)c2ccc(Cl)cc2)c(O)c1,-4.70869430766323,-4.111886207788055,-3.358344288976752,-1.7817917980167302,-3.394710622607109,-2.647611967341115,-3.067928027330261,-1.5148310182176772,-3.4567197754471364,-2.6527181883764173,0
b2AR-decoy_2450,CCc1cncc(C2=CC[C@H]3[C@@H]4CC[C@H]5C[C@@H](OC)CC[C@]5(C)[C@H]4CC[C@]23C)c1,-4.70600686046294,-4.395886311017676,-3.833084698233101,-3.40660610299787,-3.952110116671729,-3.182405057124665,-0.1899197920786406,-2.393446842695897,-4.575852413600916,-3.370787158601137,0
b2AR-decoy_800,Cc1cc(/C=C/c2ccc(C(=O)Oc3ccc(F)cc3)cc2)cc(C)c1O,-4.70235723534184,-2.640889690118005,-0.6148876891461712,0.4447733878392803,,1.3485720180615552,-1.1705292847320008,2.024872790843343,,-1.581600887986807,0
b2AR-decoy_1595,CC(=O)Nc1ccc(NC(=O)C(C)OC(=O)CCCOc2ccc(Cl)cc2C)cc1,-4.70072168196218,-3.723946757161555,-5.408308753006991,-2.419063591300429,-3.305899134328638,-0.7829247749339645,-0.5422796870199313,-2.513575006648277,-2.778911151778736,-1.000834782997157,0
b2AR-decoy_1547,CC(C)(C)n1ncc(OCc2ccc(CCCCF)cc2)c(Cl)c1=O,-4.69891058184348,-2.663199323001475,-4.673258158664461,-2.58479975543054,-3.1282600550738184,1.1352600932527557,0.8084057108649492,-2.0803428019951964,-0.4839422556334263,-3.2886101205119567,0
b2AR-decoy_2874,Cc1ccc2c(c1)[C@H](C(C)C)CC[C@]21C[C@H](CC(C)C)C2=C(O1)C(C)(C)C(=O)C(C)(C)C2=O,-4.69234738747502,,-1.9755575608094411,-1.6903593999687896,,-0.4615006834928046,0.488289368454569,-0.443602390106057,,-1.638521246426357,0
b2AR-decoy_3111,O=C(N/N=C/c1ccc(OC(F)(F)C(F)F)cc1)c1cnc2c(C(F)(F)F)cccc2c1O,-4.68605371470229,-3.0648964428420253,-3.621246490363292,-1.3566115566770298,-1.7019079354077489,-1.2035495212101743,-0.8899530662607811,-0.2489281494503465,-2.3130320971397564,-2.860861051429677,0
b2AR-decoy_1621,CCCCC1Cc2cc(OC)ccc2-c2cc3cc(OC)c(OC)cc3n21,-4.68303527137297,,-4.013138524370231,-2.20857815001313,-3.729849809068009,-2.112904424033455,-1.355868136841301,-0.6049233517838566,-2.770009889196836,-0.7055754227917168,0
b2AR-decoy_1725,O=C(CC12CC3CC(C1)CC(C1CCCC1)(C3)C2)N/N=C/c1ccc([N+](=O)[O-])o1,-4.68177760757473,-4.125891239713965,-4.938110873200931,-2.23220804006118,-2.0547595419917384,-1.7152934301485647,0.1048720495582387,-1.3301975840437468,-2.1692814847582964,-2.675226297950187,0
b2AR-decoy_2246,COc1ccc2c(c1)CC[C@@H]1[C@@H]2CC[C@]2(C)C([C@@](C)(O)C(=O)/C=C/c3ccc(F)cc3)=CC[C@@H]12,-4.67696550003696,-3.843655470123365,-1.3076697629265013,-2.5261865431890795,,,-0.5512697084844609,,-2.896119987882126,-3.3741487841629474,0
b2AR-decoy_3001,CCC(=O)N1CCc2cc(CNS(=O)(=O)c3ccc(NC(=O)CC(C)C)cc3)ccc21,-4.66280357435711,-1.7806214645055554,-2.194782234977791,-0.3177271684818197,-1.7040983475049885,-2.0082331770536745,-0.8005734830930606,1.171808466636743,-1.4029276961344568,-0.0060397666402067,0
b2AR-decoy_1276,CO/C=C(/C(=O)OC)c1ccccc1Oc1cc(Oc2ccccc2C#N)ncn1,-4.65960673805943,-2.060646764771835,-2.870107344083481,-0.93136153569015,-2.4606530301486584,-2.814120885715755,-0.4756026383836014,-0.8156000649506172,-1.1578183461073062,-1.286702175935797,0
b2AR-decoy_2698,C=C[C@@](C)(CC[C@H]1C(C)=CC[C@H]2C(C)(C)CCC[C@@]21C)O[C@@H]1O[C@@H](C)[C@H](O)[C@@H](O)[C@H]1OC(C)=O,-4.65751544519205,,0.1918482409607187,-1.8838735088713,-1.5699619288942186,-0.9808111989040552,,,-2.0049616918981865,,0
b2AR-decoy_2247,CC(C)CCC[C@@H](C)[C@H]1CC[C@H]2[C@@H]3C/C(=N\O)[C@@]4(F)C[C@H](O)[C@H](O)C[C@]4(C)[C@H]3CC[C@@]21C,-4.65416097986977,-3.4862379698282053,-3.684156721613501,-3.56453553790207,-2.2304430365551786,-1.744306963026145,-1.1269858668872414,0.421709509286793,-2.733344039399416,-3.0377136872655077,0
b2AR-decoy_1240,CCC(CC)Oc1cc(C)nc(Oc2c(C)cc(C)cc2C)c1C(=O)OC,-4.6537306149303,,-2.0874845295935014,,-1.7238462265944785,-1.634319497920555,,0.9692028597691732,0.1465898696468937,-2.781862685602247,0
b2AR-decoy_3115,CC(C)C[C@H](c1c(O)c(C=O)c(O)c(C=O)c1O)[C@@]1(C)CC[C@@H]2[C@@H]1[C@H]1[C@@H](CC[C@]2(C)O)C1(C)C,-4.64889994294594,,-4.273384186068741,-3.469269957037,-3.618932302931598,-2.378357094238975,-1.4822822148134014,-0.9141617595135668,-2.7146411398699364,-3.250559154226147,0
b2AR-decoy_2692,C/C(=N\NC(=O)c1ccc(NS(=O)(=O)c2cccs2)cc1)c1ccc2ccccc2c1,-4.64760024522755,-3.5849713158617256,-2.362499714109891,-2.8582207472010497,-0.6509705568217883,0.4483573456174352,2.134503603102379,-0.1554849789588468,-1.4693032128686063,-2.984799296704787,0
ASD03130105,O=C(Nc1ccc(F)cc1)Nc1nc(Nc2cc(Cl)cc(Cl)c2)nc2ccccc12,-4.64649069718554,-3.7355610572414255,-5.910678505511012,-1.9222137591988293,-3.7935200820506783,-0.9870519107889146,0.301038667331909,-0.5458152452751968,-3.2255957588907966,-1.6904635659837068,1
b2AR-decoy_2505,Cc1occc1/C(S)=N\c1ccc(Cl)c(COC(C)(C)C)c1,-4.64255658558814,-3.7530358305249054,-4.251985451761981,-1.0746734799446598,-2.285512894948819,-2.129733805542365,-1.0206421795748917,-1.7634924973171868,-2.8536388694855663,-2.006472277879757,0
b2AR-decoy_647,Cc1ccc(/C=C/C(=N\NC(=O)c2cccs2)c2ccc(Cl)cc2)cc1,-4.63906539013705,-2.253309355512415,-3.471441970430721,,,,-1.034679992774841,-0.8592791775680366,-2.364737899460076,-2.599379719085777,0
b2AR-decoy_227,CO[C@H]1[C@H](C)O[C@@H](O[C@@H]2C[C@@H]3CC[C@@H](C)[C@H](O)C[C@@](C)(CC/C=C/C=C\Br)OC(=O)C[C@](O)(C2)O3)[C@H](OC)[C@@H]1OC,-4.63698595624641,-2.587375715742355,-2.201573475075321,-1.2178209029973894,-2.5277393484492388,-0.8399150466052951,-0.4294489565621111,-0.768320875253977,-1.888789252240036,-1.776519709434527,0
b2AR-decoy_2468,O=C(N(C1=CCCC1)N(c1ccccc1)c1ccccc1)C(F)(F)F,-4.63063084800882,,-4.138237090120041,-3.31571061600527,-3.1393970566416485,-2.7139294947782844,-2.338516864778251,0.5381405234355032,,-1.3084887783312769,0
b2AR-decoy_1781,CCOC(=O)c1c(NC(=O)COc2cc(C)ccc2C(C)C)sc2c1CCCC2,-4.626683196162,-2.642637401682065,,-3.22651116368124,2.4181017043158928,0.6307293774192555,,0.0192298949435727,0.2819563055529235,-2.1128929629939965,0
b2AR-decoy_3126,CCCCCNS(=O)(=O)c1ccc(N=c2c3ccccc3[nH]c3cc(N)ccc23)cc1,-4.62120078589235,-3.3511785881884157,-2.280882991669711,0.0724708878474902,-2.735962812989489,0.2993270475801353,-2.2670220906343514,-1.4871408498772265,-3.032603328535016,-2.496145273979437,0
b2AR-decoy_2144,COc1ccc(/C(C)=N/Nc2csc(c3ccc4c(c3)CCC4)n2)cc1,-4.6126520060405,-4.670448880870665,-4.095485300211081,-3.71437012984542,-3.876198642154528,-2.7033418904422346,-3.2913724109963507,-2.655941101816847,-2.6229989309730266,-4.072955033823858,0
b2AR-decoy_3064,CC(C)=CCC[C@H](C)C[C@@H]1CC2=C(C(=O)OC(C)(C)O2)[C@H](c2ccc(Cl)cc2)O1,-4.61013798863029,-4.069029707843975,-3.918578284370831,-0.6301802193268298,-2.2795078107697586,-2.214525894843405,-1.377727314202171,-1.6923674727522169,-2.889105050242036,-2.711277575493637,0
b2AR-decoy_2518,Cc1cccc(C(C)(C)C)c1OC(=O)NS(=O)(=O)Oc1c(C(C)C)cccc1C(C)C,-4.60899946402819,-1.641722857171695,-1.9571988686245316,2.9966248895806142,-2.5908287485650288,0.3590604763405354,-0.4220811385583314,,-1.842677860893156,-2.8519292897173067,0
b2AR-decoy_1597,CC(C(=O)NCc1cc(C(C)(C)C)nn1c1ccccn1)c1ccc(CNS(C)(=O)=O)c(F)c1,-4.60491634177332,-5.077063186478265,-4.326958494017001,-3.81214842093684,-3.374773920732208,-1.608226593831815,-0.7461422160084608,-0.264359806091277,-3.7665588488509063,-3.5142404825310467,0
b2AR-decoy_424,N#Cc1ccc2c3c([nH]c2c1)-c1ccc(c2cn[nH]c2)cc1C3=O,-4.60325496777111,-4.203142344630345,-4.000920781043291,-1.4869502807203698,-3.015817561032539,-2.806331619760845,-0.9582364877489412,-1.625021274138727,-2.698975715070686,-2.2667428559711573,0
b2AR-decoy_2404,CC(C)Nc1sc(C(=O)c2ccc(I)s2)c(N)c1C#N,-4.59791505223296,-3.170240295015325,-4.091284023135091,-1.07116715645763,-2.6928772272153187,-1.7104960196725445,-1.0812731501543107,-1.6974630957657064,-2.463245196601286,-2.8741264212662867,0
b2AR-decoy_1235,CC(C)OP(=O)(OC(C)C)C(=O)Oc1ccc([N+](=O)[O-])cc1,-4.59671541778974,-3.589937368386895,-2.857529749047411,-0.7422925333432797,-2.505316618492569,-0.5779273889547651,-1.151763417114391,1.4568136512458434,-2.5295427550016765,-1.2419598280810766,0
b2AR-decoy_14,COc1ccc(/N=C\c2oc3ccc4ccccc4c3c2O)cc1,-4.59165174542899,-4.968362453604545,-4.116645036639372,-2.31825900060014,-3.941896189569429,-2.6644111070682346,-2.6968795899843307,-3.664729178735756,-2.830040262041786,-3.701579015600387,0
b2AR-decoy_1611,CCCCc1nc2ccccc2nc1Oc1ccc(c2ccccc2C2=NNN=N2)cc1,-4.58965877922824,,-3.496161750596652,-1.60430813064037,-2.531077738079889,-1.403403568504725,-0.2133684522493908,-0.3840571807150468,,-3.120933150471617,0
b2AR-decoy_102,CNC(=O)/C=C/c1ccc(Oc2c3ccc(O)cc3sc2c2ccc(O)cc2)cc1,-4.58324241849527,,-4.042538424725541,1.0898901993061203,,-0.4437468993504847,-0.6505546863836607,-0.8020584434106173,-3.5427301019954864,-2.1594278993374174,0
b2AR-decoy_3142,Cc1ccc(OC(=O)c2sccc2S(=O)(=O)Nc2onc(C)c2Cl)c(C)c1,-4.57978848035678,-4.221252431682345,-4.385585656975401,-1.4913780317517995,-2.0501441280479087,-1.849783277712695,-1.247353946768591,-0.146268795917777,-2.3146886078878763,-1.4621153194578969,0
b2AR-decoy_1627,CCN(CC)S(=O)(=O)c1ccc(/C=C/c2nc3cc(C)c(C)cc3s2)cc1,-4.57605764581283,-3.603507425823315,-1.3966007023182812,0.6793898688694102,0.0567377504633714,1.7651934821655253,,0.870041369340083,-0.3453076419882261,0.2610314576141732,0
b2AR-decoy_2545,CC(/C=C/C=C/CO)=C\[C@@H]1Cc2nc(cs2)CCCCC(=O)O[C@@H](C)C/C(C)=C/C=C\C(=O)O1,-4.57412483199411,-4.750549680170855,-1.9768725029571117,-3.02081891168508,1.5063392355752017,1.0849095902544257,2.019151516118589,1.2240112254065831,-2.474545753209986,-3.163063533065127,0
b2AR-decoy_72,COc1ccc2c(/C=C/C(=O)c3ccc(OC)c4c3OC(C)(C)C=C4)c[nH]c2c1,-4.57394744064181,-2.3808430133103853,-3.8351609023450113,-2.647389474615029,-3.774669734524198,-1.2643604417927945,1.267032221160369,-0.8785134050590973,-2.970481062403266,-3.418231248733717,0
b2AR-decoy_1090,N#Cc1c(/N=C/c2c[nH]c3cccc([N+](=O)[O-])c23)sc2c1CCCCCC2,-4.57001360929932,-4.063479984490015,-4.5663565320480615,-2.36496605144266,-4.205207780105239,-1.2340734143275345,-1.294799399104721,-1.4249265343858868,-2.239221828040076,-1.3464037902773671,0
b2AR-decoy_911,Cc1ccc(C(C)C)cc1OC(=O)Nc1ccc(Cl)c(Cl)c1,-4.56477250016042,-3.7087492380084655,-1.4734664712678511,-1.50872867622133,-2.6923744116686983,-1.095284786746895,0.0045474692444393,-0.3223565119295468,-1.4213371522104763,,0
b2AR-decoy_2593,CCC1=C(C)/C(=C(\c2ccc([N+](=O)[O-])cc2)c2c(C)c(CC)c(C)n2B(F)F)N=C1C,-4.55952249345204,,-4.153751549400851,-1.1651346435010694,-3.351627431381329,-1.8874126892010343,-1.1648969184630014,-1.2897787469430364,-2.9372052817910568,-3.114285549167127,0
b2AR-decoy_1645,COc1ccc(OCCCCCCCc2c(C)nn(C)c2C)c(Cl)c1,-4.55410666818047,-4.367682801216975,-2.515644411585681,-2.0852749268571094,-3.346849914378028,-1.5382020502233944,1.797861222094519,-0.595629060171107,-1.8423002335740664,-2.037469629279357,0
b2AR-decoy_2838,CCCCCCOc1cccc2c1C(=O)C=CC21Oc2cccc3cccc(c23)O1,-4.55409115883435,-3.9172327190996654,-2.9235573413279816,-2.37233292839771,-2.0754815802426982,-0.8239011816181945,-0.1812638566139108,-0.1180565921918965,-1.2603671185327463,-2.7018881654701867,0
b2AR-decoy_21,Cc1ccc(C(=O)Nc2nnc(c3ccc(C(C)(C)C)cc3)s2)cc1,-4.55214260029423,-3.1707852132144856,-3.164312116386051,-4.98006264683141,-1.8824665617341685,-0.2302044399550551,-1.136353909142931,1.126660190229193,-3.717301641816556,-3.928195283942307,0
b2AR-decoy_2842,CO/C=C(/C(=O)OC)c1ccccc1/C=C/c1ccc(c2ccccc2C(F)(F)F)o1,-4.55179828525602,,-4.476607938183181,-0.5570807454240296,-2.0737436230051483,-1.295517762533275,2.861081286629119,-0.572918241078967,-4.926165016822447,-2.2927666161765967,0
b2AR-decoy_1661,CCCCc1ccc(C2=NN(S(=O)(=O)c3ccccc3)CCC2)cc1,-4.52878099192724,-3.838144567174665,-3.012488822846521,-3.16065836805348,-0.7156762590411585,-2.5363397731092148,-2.035978094929721,0.4729032484965527,-2.2052524242202667,-2.142464331851977,0
b2AR-decoy_3113,CCOC(=O)CC1C(C(=O)OCC)=C(N)Oc2ccc(c3ccc(C(C)(C)C)cc3)cc21,-4.52527924902035,-2.430080134318205,,-2.32791234225302,,-0.5067835853576446,-2.1655832398505312,,-2.698504726262996,-3.006844561690577,0
b2AR-decoy_1072,Cc1ccc(Cn2ccc(NC(=O)c3c(C)onc3c3ccccc3Cl)n2)cc1,-4.523898268523,-3.751738859837485,-4.361743859687811,-2.66028573752966,-3.4537881034519486,-2.258852051924645,-2.001995957434941,-1.4616594840178363,-3.105827766417046,-2.605740591500868,0
b2AR-decoy_1021,CCCCC(C#N)(Cn1cncn1)c1ccc(Cl)cc1,-4.50042021432344,-4.679894091255215,-3.251114887328272,-3.2071841256116693,-2.1157712337944687,-1.298283625720555,-1.0750264580062812,-0.5189177284146567,-2.8282949294662165,-2.6881850717793667,0
b2AR-decoy_563,CC(C)(C)c1cccc(n2cc(C(=O)c3ccccc3N)nn2)c1,-4.49495113556892,-4.785445487198695,-4.917776416952041,-2.4029818702852994,-3.338511424616849,-2.5347039180190247,-1.1236786990281509,-1.2439287161288668,-2.745917299209216,-1.0654218096153074,0
b2AR-decoy_3107,C/C(=N\NC(=O)c1ccc(NS(=O)(=O)c2cccs2)cc1)c1ccc(C(C)(C)C)cc1,-4.49303297711364,-4.225369415233035,-1.4729855755275811,-1.80006131063905,-0.8396734634423488,-1.3909024616451546,-2.8853992231929606,-1.9850924415329567,-2.173020133599157,-4.247588522442667,0
b2AR-decoy_2760,CCOC(=O)[C@]1(C)CC[C@]2(C)CC[C@]3(C)C4=CC=C5C(=CC(=O)C(O)=C5C)[C@]4(C)CC[C@@]3(C)[C@@H]2C1,-4.48380665995765,-3.061546205085575,-2.802626749151231,-1.6862042898625391,-1.969908580728548,,2.360743195794119,-0.6939081032663266,-2.3738788320339363,-2.1416844370295167,0
b2AR-decoy_2524,O=C(/C=C\c1ccc(Br)cc1)N1N=C(c2ccncc2)OC1c1c[nH]c2ccccc12,-4.47640907085444,-4.423857130940325,-5.559949466311632,-2.90209726701638,-5.206094501522699,-3.2679307458815243,-2.73536383292013,-3.5636425557947167,-4.408007250644126,-2.733239650164857,0
b2AR-decoy_1207,O=C(Nc1nccs1)C(c1ccc(Cl)cc1)c1ccc(Cl)cc1,-4.47554968063293,-3.0299916898368053,-3.309670051308521,-2.45060642726196,-3.189612071728978,-1.4701405324609444,-1.9913577084301508,-2.831466946878977,-3.135356386031247,-3.1452945996352866,0
b2AR-decoy_1042,C=C[Si](C)(C)COC(=O)/C(C#N)=C/C=C/c1ccccc1,-4.47349494530463,-1.0140436236523351,-0.505176478627201,-1.2083118327535498,-1.5299588461448783,-0.2880461643837044,1.7160052132804688,0.6042056714803632,-2.625699986196026,-0.9244214744704268,0
b2AR-decoy_2902,Cn1nc(c2c(F)cccc2Cl)nc1c1sc(c2ccc(C(F)(F)F)cc2)cc1Cl,-4.47051070778777,-3.997311390704655,-3.332262898071721,-3.69840216042539,-2.694418640347318,-0.700488615461035,0.1872812524860991,0.299230622071553,-2.7064404296324662,-1.8866556517959672,0
b2AR-decoy_633,COc1ccc(/C=C/c2ccc3c(Br)ccc(O)c3n2)cc1,-4.47007868202386,-2.7250636056016155,-4.209868364403871,-1.1083713552803998,-0.6908681533876884,-1.487959921230395,0.380586535657569,1.0710789245784933,-0.5490107063112162,-1.905932827422737,0
b2AR-decoy_2418,CC1=C(/C=C/C(C)=C/C=C/C(C)=C/C=C2C(=O)CCCCCC2=O)C(C)(C)CCC1,-4.46961344491374,-2.3342748353396248,-2.640211436846341,-0.5891857823537698,-1.0713413022939884,-1.1150198764349346,0.9804782904863591,0.654485635336723,-1.1460079987368663,-1.575554637420947,0
b2AR-decoy_1613,O=C(OCC1=CC=C(COC(=O)c2ccccc2)SS1)c1ccccc1,-4.46925061552936,-4.343248321583175,-4.222718820509061,-1.1942160536204396,,-2.7527951378933944,-0.348050321701991,-1.332783204790407,-3.2527215277779167,-3.5514882372967773,0
b2AR-decoy_560,COc1cc2c(cc1O)-c1cc(O)c(OC)c(OC)c1C=CC2,-4.46675555877163,-3.3001643140177155,-4.347111691676242,,-2.543186655799029,-1.2563506918137843,-0.7506569720578007,-1.6190020475569469,-2.9993013307169667,-2.310137020731547,0
b2AR-decoy_1037,Cc1ccc(CCCCCC(=O)N2CCOC2=O)cc1C,-4.45796819091469,-2.557871136267205,-3.841988404617092,-2.4089000741207194,-2.2242883800097584,-1.343289470325125,-1.8532447924824007,-1.3644979538742872,-2.3142685547122364,-2.770783702694348,0
b2AR-decoy_1439,CSCP(O)(O)=S,-4.45573248430487,-2.7002714721575654,-2.647440838179561,-1.7953448795655298,-1.1704047686912284,-0.7652949593690144,0.1146600659504093,0.274080253401503,-1.6315213404814664,-1.744484114115807,0
b2AR-decoy_2641,O=Nc1c(c2ccc(c3cc4ccccc4oc3=O)cc2)nc2sc(Cc3noc4ccccc34)nn12,-4.4518333941619,-3.0424843620962854,-1.2826751751741714,-2.07773607111446,-1.0643162457172188,-0.9170740385502444,-1.633771322207541,1.3051489920979833,-2.797955757001736,-2.636140630054568,0
b2AR-decoy_283,CC(=O)OC[C@H]1O[C@@H](O[C@@H]2C[C@H]3C(C)(C)[C@H](OC(C)=O)CC[C@]3(C)[C@H]3CC[C@]45C[C@]4(CC[C@H]5[C@@H](C)C[C@@H](O)[C@@H]4OC4(C)C)[C@]23C)[C@H](O)[C@@H](O)[C@@H]1O,-4.4500722610889,2.065715865091335,-2.8385487970250614,0.2316837410888403,-2.515479761216568,,2.6843467094922597,,3.478076709678572,-2.7304824376694268,0
b2AR-decoy_3197,CCOC1(O[C@H]2CC[C@H]3[C@@H]4CC[C@H]5CC(=O)CC[C@]5(C)[C@H]4CC[C@]23C)CCCC1,-4.44976096662843,-4.726599615740345,-1.1845747268332314,-1.48784090201457,-2.358858615974558,-0.9358361959977844,1.3169449211164088,0.5371248287570829,-1.7316803340232063,-0.669898432224227,0
b2AR-decoy_2973,CC(=O)C1=NN(c2ccc(Br)cc2)SC12c1ccccc1Oc1ccccc12,-4.44848818633911,-3.1479716469473056,-1.754139921143631,-0.2133025685775895,-0.3877042585113286,-2.458077954459795,1.8204950548392391,-1.399289578339677,-2.330732487157186,,0
b2AR-decoy_191,Cc1cn([C@@H]2C[C@H](C3(c4ccc(NC(=O)CCCCC(=O)NO)cc4)SCCCS3)[C@@H](CO[Si](C)(C)C(C)(C)C)O2)c(=O)[nH]c1=O,-4.44756301047961,-5.984381878535555,-3.212584063015531,-2.18646889599874,-2.046954040592708,-2.7519092111068444,1.372471488548459,-1.0687153460092764,-0.7031539175289963,0.035264110564503,0
b2AR-decoy_1062,COc1ccc(S(=O)(=O)C(CCS)Cc2ccccc2)cc1,-4.4332697429865,-4.013017957495695,-3.192592899856101,-1.5485710818289995,-3.129239665327728,-2.647292183864935,-1.6971237333458706,-2.605897423566107,-4.188259662170196,-4.218008928703616,0
b2AR-decoy_683,COc1ccc2c(c1)OC(C)(C)C/C2=C(\c1ccccc1)c1ccc(O)cc1,-4.43166370560235,-2.230853186280515,,-2.1460864693723494,,,,0.9127324995851032,-2.895489303985606,-0.5103397123549169,0
b2AR-decoy_1492,CCNC(=O)Nn1c(C)nnc1C,-4.43135439636684,-3.294095902632515,-2.645280686749232,-1.5649295604623594,-1.1748041911870688,0.2860270634732251,0.1719882189944686,-0.0434082457957067,-1.4079135700666168,-0.5675735107134972,0
b2AR-decoy_1268,Cc1cc(C)c(OCC(=O)N(Cc2ccco2)Cc2ccco2)c(C)c1,-4.42683868480247,-3.4194293082308453,-4.739132327405431,-2.9122602552172694,-3.7178636037865775,-1.9072199994357648,-1.3952135323321206,-2.252826827980387,-3.190730467795566,-2.855166654382097,0
b2AR-decoy_2590,CC1(C)OC(S)=Nc2ccc(c3cc(Br)cc(OC(F)(F)F)c3)cc21,-4.4259706452089,-2.758457023375355,-3.870325202807611,,0.5090830983709815,-1.0928474489199251,-0.4990036529379207,-0.0113426715836171,-1.4220427760330168,0.6965111271599929,0
b2AR-decoy_2188,COc1cc(c2ccc3c(c2)NC(=O)/C3=C\c2c[nH]c3ccccc23)ccc1O,-4.42164876659763,-5.035427838359225,-3.6834704181784215,,,,0.1161986927359493,,-3.3461011320477265,,0
b2AR-decoy_2662,COc1cc(/C=C2\SC(=O)N(Cc3ccc(F)cc3)C2=O)ccc1OCc1ccccc1,-4.41513228783223,-6.1389193822287655,-3.251030787099511,-3.0288466299620893,-2.2507805092226985,-1.791776792539335,0.0746754090254793,-0.8975170587796972,-2.029073440178796,-2.035754105832527,0
b2AR-decoy_2314,O=C(NCc1c[nH]c2ccccc12)c1cc(Br)c(Br)[nH]1,-4.39844553269358,-4.672789690636475,-2.186100232812641,-1.2076899401300594,-4.160165424406518,-1.174369375278815,-0.927140732320991,-1.4260874650091564,-3.053024051080576,-1.626844661754567,0
b2AR-decoy_1749,CCOC(=O)c1sc(NC(=O)c2ccc(Br)cc2)c(C#N)c1C,-4.39769498328597,-2.0128503368199957,-1.8269123568046317,-1.37653890808505,-3.374887094850428,-0.0969573494014843,-2.125688826954131,-1.5479079559584568,-3.0066583852332966,-3.0967357311796566,0
b2AR-decoy_2559,CCc1nnc(c2cc(C(=O)N3CCC(F)(c4ccc(C#N)cc4)CC3)ccc2C2CCC2)[nH]1,-4.39593102544438,-5.566343231600925,-3.693104830388811,-3.0994398338527,-2.5623742353144987,-1.7742911681040248,-1.1409906670909509,-1.0250851903228364,-1.9789545980005068,-4.021143392520948,0
b2AR-decoy_2115,O=C1Nc2ccc(O)cc2/C1=C\c1ccc2c(/C=C/c3ccncc3)n[nH]c2c1,-4.38740829048669,-5.535676065168855,-2.931644470109781,-3.1604156534070293,-1.4537715695697182,-1.5197636416404643,-0.999719367408801,0.7744976882832733,-1.6175220632478862,-3.3753549567479277,0
b2AR-decoy_257,COc1ccc(S(=O)(=O)N(C)C[C@H]2Oc3ccc(NS(=O)(=O)c4ccc(F)cc4)cc3CC(=O)N([C@H](C)CO)C[C@H]2C)cc1,-4.38190215303175,-3.717283267622945,-2.418804917215821,-2.68278337565766,0.0130988060522714,-2.9128644230343745,-0.760725988100261,1.8670996393333832,-4.201715709623176,-2.5076871610101974,0
b2AR-decoy_2818,CC(C)=CCc1c(O)c(CC=C(C)C)c2oc(c3ccc(O)cc3O)c(CC=C(C)C)c(=O)c2c1O,-4.37884859692832,-2.823664668704815,-2.842587387156581,,-1.7492931601458883,0.9288943931896952,0.596420957819269,0.6478115285301431,-2.328297192470636,-2.290904722989127,0
b2AR-decoy_128,O=C1/C(=C\c2cc(Cl)c(O)c(Cl)c2)SC(=S)N1Cc1ccccc1,-4.37430781665511,-4.506088936165325,-3.6406866622738514,-1.6530073140594297,-2.963703717187329,-3.5832331271689544,-0.9886220306694308,-2.2470679711153867,-3.427571204606436,-3.6821996541814666,0
b2AR-decoy_620,Cc1[nH]c(C)c(c2ccc(/C=C/c3ccccn3)cc2)c(=O)c1Cl,-4.37115050159191,-4.228228258175435,-1.9481953027845007,-0.5735345393386497,,-0.4658381569081449,-0.0734103290518506,0.6336953814504631,0.4408733789583237,-1.971400435366737,0
b2AR-decoy_3085,COc1cc2oc(=O)cc(c3ccc(c4ccc(C(F)(F)F)cc4)cc3)c2c(OC)c1OC,-4.36507109310847,-4.331638991932225,-1.0041351534470913,-2.0144686371301894,0.9997291230518616,1.4975168925038451,1.405434766007279,-0.0615504674960565,,-1.0605530247621666,0
b2AR-decoy_325,CC(C)[C@@H]1CC[C@@H](C)C[C@H]1NC(=O)Oc1ccc(C(F)(F)F)cc1,-4.36046865431546,-3.785145623574476,-2.5642588080742508,-2.814383806755909,-1.8487028962470389,-0.7233561540839943,-1.8379250452662408,-1.9970186731737272,-2.1225850575614267,-2.124845617736027,0
b2AR-decoy_2972,CC1=C(/C=C/C(C)=C/C=C/C(C)=C/C(=O)N2CCCOCC2)C(C)(C)CCC1,-4.35775173475436,-3.2713859262521554,,-0.8799563530871399,-0.7647116602555784,-1.8223594250040147,0.0559359669631787,0.797935573153083,-0.1071599105660863,-2.742026353846787,0
b2AR-decoy_1352,C=Cc1cc(NCc2nc3c(Cl)ccc(Cl)c3o2)c(O)nc1C,-4.35516360283278,-1.5470370657961752,-3.1025639452956915,-2.34522816956388,-2.911791511091458,-2.915343119873535,-2.595235690893001,-1.491779066061147,-2.248846872440576,-1.000276837295257,0
b2AR-decoy_248,CNC(=O)c1ccc(/C=C/C(=O)NCC(=O)N(C)c2ccc(Cl)c(COc3cccc4c3nc(C)cc4n3ccnc3)c2Cl)cc1,-4.35015693898306,-4.7840368760770255,-4.258784759822471,-3.52437270161938,-1.756920923070238,-0.7215567172092445,-0.0551736778908713,-2.388697793435277,-4.546703409910957,-3.0386157371752973,0
b2AR-decoy_1774,COc1ccc(CCNC(=O)c2ccc3c(c2)N(Cc2ccccc2)CCS3)c(OC)c1,-4.34760446481733,-3.351783481290215,-2.970692148346401,-1.9068686615889796,-2.074046037086718,-0.7992545825835347,-1.941651584086431,0.7173883110317032,-2.637131759290436,-3.138534092892647,0
b2AR-decoy_2623,Cc1ccc(S(=O)(=O)N(c2ccc(OCc3cccc(C)c3)cc2)S(=O)(=O)c2ccc(C)cc2)cc1,-4.34688457275557,-0.221527688731915,,2.057131380427401,,0.8310175828660351,-0.754510716043491,-1.2969191872910573,0.1806529265626935,-0.0973517616304771,0
b2AR-decoy_2482,c1ccc2c(c1)Oc1ccccc1C2(Cc1ccncc1)Cc1ccncc1,-4.34544379249682,-2.9070367188497848,-3.762810235701661,-1.8676402356326396,-2.966592893879408,-1.8045470129568049,-0.9441721013592508,-1.7616707694311868,-2.6098105568636267,-1.928075420503037,0
b2AR-decoy_2106,COc1cc(OC)cc(C(=O)NNC(=S)Nc2csc(c3ccccc3)c2)c1,-4.34255055291046,-4.377518327102835,-2.701368908228151,-2.9159263555251997,-1.4851059180545985,-0.9485687458175648,-1.619677993152571,,-2.6530448587456466,-3.1247345852878774,0
b2AR-decoy_1231,O=C1C=CC2(Oc3cccc4cccc(c34)O2)c2cccc(OCc3ccoc3)c21,-4.33656455158019,-3.8359331142830655,-3.8024998279455913,-0.7726484301784495,-3.090362912236098,0.9289861723730852,-1.241980945379641,-0.0329340967110667,-0.7592846618337266,-1.533597377272487,0
b2AR-decoy_2658,O=C(c1ccncc1)n1nc(c2ccccc2)c(/N=N/c2ccccc2[N+](=O)[O-])c1c1ccccc1,-4.3323744398187,-4.479704465325665,-3.944497158200961,-0.4675524291355697,-3.0070769503847883,-1.5784903455380244,-1.1227750340258913,-0.8662857609334971,-0.8289727337688464,-0.3673673538347271,0
b2AR-decoy_1195,COc1ccc(c2coc3c(CC=C(C)C)c(O)ccc3c2=O)cc1,-4.33222203988658,-2.9024424434001155,-3.692297912368812,-2.1107264180872694,-1.9031668795307184,-0.5251771931779343,-1.7015268562547714,0.9187245177852232,-2.8486831460716164,-0.545567053820057,0
b2AR-decoy_1745,CC(C)(C#N)c1ccc(NC(=O)C2=CCN(c3ncccc3C(F)(F)F)CC2)cc1,-4.31833403486067,-2.926302592918216,-2.8479601935263013,-1.26104402161892,-0.4293984771868584,-1.5005367799201146,-0.5184905473535206,0.4907785755858933,-3.630657426288926,-3.233673613717967,0
b2AR-decoy_3188,CCn1/c(=C\C=C\C2=[N+](CC)c3cccc4cccc2c34)c2cccc3cccc1c32,-4.31820842098436,-3.008788733489115,-2.6156433699824517,,,,-0.7333345057838612,,-1.5390132492719166,,0
b2AR-decoy_2195,CO[C@@H]1C[C@@H]2C[C@H](O)CC[C@]2(C)[C@H]2CC[C@@]3(C)[C@@H](CC[C@@H]3[C@H](C)CCc3nnc(C)o3)[C@@H]21,-4.3167121478157,-3.253897134616075,-2.982187424512952,-1.8922958075138296,-1.7743087001143385,-0.9296763056296546,-1.0251160369769314,-1.278136021841977,-2.348986404954136,-0.843866562072837,0
b2AR-decoy_2504,Cc1cc(C)n(CCc2nc(c3ccc(C(C)(C)C)cc3)cs2)n1,-4.3076663899993,-6.824146103620166,,-0.4277819602495798,,-4.538449596368155,-1.2804812858018808,-3.599421591240036,-2.9395759792662366,-5.737912765588687,0
b2AR-decoy_1088,CC(=O)c1ccc(c2cc(c3cnn(CC#N)c3c3cc(C)cc(O)c3)ccn2)cc1,-4.30058481269655,,-3.0614296765027014,-3.84921951135375,-4.330899165698389,-1.9570516267082445,-0.2905213960799413,-1.8621233408890765,-4.9503349879158165,-4.363531465771237,0
b2AR-decoy_1636,COCCCN(/C(S)=C1/C(=O)c2cc(Cl)ccc2N(C)C1=O)c1ccccc1,-4.2982519135779,,-4.667137503448012,0.2000285025405701,-1.5949393244135388,-4.248212581990615,0.0967825540327291,0.145902658597703,-1.8159630199280263,-1.690966478695077,0
b2AR-decoy_41,Cc1cc(Oc2nccc3[nH]ccc23)ccc1c1c(C)ncnc1C,-4.2974087425595,,-2.710956053575641,-2.13268231659067,-1.218028093175258,-2.129066226073115,-2.686012110966071,-1.858519538783237,-1.3053205933063865,-1.1815878542193468,0
b2AR-decoy_593,CC(=O)c1ccc(Oc2ccc(O)c(C(C)(C)C)c2)c(Cl)c1,-4.28245677823437,-2.8813947227206853,-3.081608827540001,-2.5709254410190594,,-2.090244135687045,-1.9035052862534307,-1.9402492374263272,-3.869720934504517,-1.372751130052357,0
b2AR-decoy_2927,COc1ccc(C2S/C(=C\c3ccccc3)C(=O)N2NC(=O)c2ccc(c3ccccc3)cc2)cc1,-4.27951261143315,-2.8439425289144955,-5.489985300865821,-1.78744089277839,-1.4541623587531485,-1.4952781913295343,-4.186046206922551,-0.5373572683848069,-1.5331383077823864,-1.4026679001928666,0
b2AR-decoy_886,COc1ccccc1COc1ccc2c(c1)C(C)=CC(C)(C)N2,-4.26936770310024,-2.657982156576256,-3.0261374682829514,-2.237214567145,-2.9026334248417385,-2.0790576988288043,-2.655483576546751,-1.9786556731168168,-3.301466182339996,-3.3841183957886867,0
b2AR-decoy_2382,Cc1ccc(SCc2n[nH]c3c2C2(CCSCC2)C(C#N)=C(N)O3)cc1,-4.2618190488372,,-3.7835935895569808,,,,-1.6566211200500014,,-3.830573025734177,,0
b2AR-decoy_2810,COc1ccc(C(=O)c2c3cc(c4ccc(OC)nc4)ccc3oc2c2ccc(OC)cc2)cc1,-4.25937636919585,-2.775890021642745,-3.844785884071952,-1.2254993802478698,-1.1419242192366186,-1.9529459556767943,-0.7100491134617206,-0.6947355497117069,-1.3254396971709363,-1.6666897914807168,0
b2AR-decoy_1055,CCCCC(CC)COC(=O)C=Cc1ccc(OC)cc1,-4.2590303714756,-1.4596370363984952,-1.5876862720021614,-0.8422604553773798,-0.8357629256602781,0.8427518484382253,0.3389919883543086,2.217555452976484,-0.6314227575504763,-1.0509401645137673,0
b2AR-decoy_295,C=C[C@]1(C)C[C@@H](OC(=O)CSC2CCN(C(=O)CCn3cnc4c(N)ncnc43)CC2)[C@@]2(C)[C@H]3C(=O)CC[C@@]3(CC[C@H]2C)[C@@H](C)[C@@H]1O,-4.2560516261206,-2.5955705205679958,-3.368614634415361,-2.40508103027576,-1.5034406034803889,-2.9395993629149046,-0.8673848399319306,-1.7950601677211069,-1.7349892444754964,-2.529716936626507,0
b2AR-decoy_1676,CCOc1cc(C)c(S(=O)(=O)N2CCCCC2)cc1C,-4.24947034005912,-3.447620981803676,-2.2110436104429416,-1.0307447489833996,-1.0138477894061086,-0.8892690349850847,-0.3656779567786312,0.7764971043855233,-2.4730881037969867,-2.273624963879848,0
b2AR-decoy_1068,COc1ccc(/C=C/c2nsc(/C=C/c3ccc(OC)cc3)n2)cc1,-4.24320889895029,-2.043236309941745,-5.192083409707712,-3.04188799848818,-2.2748707937272883,0.1438581647720251,-0.449503544743731,-2.1761469692286566,-2.2662793993969768,-0.428028205688677,0
b2AR-decoy_1821,CCCCN/C=C1/C=C(/C=C/C(=O)c2ccccc2)c2c(ccc3c(C)cc(=O)oc23)C1=O,-4.24239410736756,-3.322343905846605,-3.772575491106581,-1.89336524900847,-1.3550338123071786,-0.928500615565075,-1.5728097705295507,-0.4320189792596069,-1.9666239860174464,-4.084487064870997,0
b2AR-decoy_745,Cc1cc(C)c(NS(=O)(=O)c2ccc(C(C)(C)C)cc2)c(C)c1,-4.23986276213621,-2.8531078309320748,-1.275030482592591,-1.2192642060386998,0.4269622844733614,-1.0646044212093848,,-1.102650183708047,-3.052795644386147,-2.4874407911456573,0
b2AR-decoy_848,C=CCC1Oc2cccc(OCC3CC3)c2-c2ccc3c(c21)C(C)=CC(C)(C)N3,-4.23979202212858,-2.884274995157565,-2.599005798883751,-1.90826651246382,-3.0298724960130787,-1.7477191150494145,0.990643950957729,-1.174090681247117,-2.9688969001298062,-3.298529753012487,0
b2AR-decoy_3055,COc1cc(/C=C2\CCC/C(=C\c3ccc(N4CCCCC4)cc3)C2=O)ccc1OC(=O)C(C)C,-4.23897997415895,-1.679698899665095,-2.155342955090052,-1.0821589654769,0.6581477865284815,0.6072967323779253,0.3790147821570793,0.9540498385801732,-2.501925727559306,,0
b2AR-decoy_1263,CCc1ccccc1N(CC)C(=O)CCc1nc(c2ccc(C)cc2)no1,-4.23843068051354,-1.1001345513662453,-4.121967247295091,-2.9315297756456298,-2.448467919666478,-3.3390596867500744,-0.5285511884557614,-2.4735685485331764,-3.0274287911657067,-2.218034026289557,0
b2AR-decoy_2676,C=C1/C(=C\C=C2/CCC[C@]3(C)[C@@H]([C@@H](C)OCCCS(=O)(=O)C(C)(C)C)CC[C@@H]23)C[C@@H](O)C[C@@H]1O,-4.23805260757316,-4.798361095824715,-2.425921639647311,,-0.0194366858626482,-1.8328994329248047,-2.011522783343781,-0.3632073504010469,-2.641997932267686,-1.9708049082243568,0
b2AR-decoy_1363,CCc1nncn1c1ccc(OCc2c(Cl)cccc2Cl)cc1,-4.21579512841489,-2.596421172676865,-3.458853148959661,-2.39730887790299,-1.4086495704014288,-1.7110369957315248,-2.8902892015181507,-0.1060305777159369,-2.1861273407405664,-1.3502339619095172,0
b2AR-decoy_2935,O=c1ncn2nc(Sc3ccc(Cl)c(Cl)c3)ccc2c1c1c(Cl)cccc1Cl,-4.20942475154059,-3.629238987190565,-4.459799985979991,-2.0286954969290694,,-1.4474297795485445,-0.2549204056739107,-0.2251029980225967,-2.4831887334604765,-3.2670371957617967,0
b2AR-decoy_1534,CCSc1ccc(c2cnc(c3nnc(C)n3c3ccc(OC)nc3)cn2)c(C)c1,-4.20746669526318,,-2.123137381276221,-1.2655728247874398,,-0.2216104764777045,-0.4809604723269007,-0.7627135943504566,,0.522442305308843,0
b2AR-decoy_893,COc1cccc(c2sc3ccc(OC)cc3c2C#CC(C)(C)O)c1,-4.20602575944767,-4.594861093357236,-4.888462360297932,-3.71362689217845,-3.017723165200919,-0.8426934244510047,,1.3946890878489433,-2.646884399001296,-2.871567983542087,0
b2AR-decoy_1098,CC(C)(C)c1cc(NC(=O)[C@]2(C)CCCN2c2ccc(C(F)(F)F)cc2)no1,-4.19956228315157,-6.051492414262385,-4.9945368146303215,-3.56930577617013,-3.753122619698909,-2.7688064502396044,-2.846123419920631,-2.345844205729957,-3.6083697478739465,-4.544085960646727,0
b2AR-decoy_672,CCCCN(C(=O)C1=COc2cc(O)c(C(C)(C)C)cc2O1)c1ccccc1,-4.19670443947288,,1.9845835572456696,0.4558672225655504,,,,0.888065706317803,5.680795594131244,,0
b2AR-decoy_3198,CCCCCCC(C)(C)c1cc(OC)c2c(c1)OC(C)(C)c1cnn(CC)c1-2,-4.1936067309538,-3.6905761333880047,-3.432140268846161,-1.8287373860203795,,,-0.2376050574445711,0.4699089060346235,-1.2074797777335862,-2.496876159357857,0
b2AR-decoy_2288,Cc1ccoc1C(=O)Nc1ccc(N2Cc3cccc(Cl)c3C2=O)c(Cl)c1Cl,-4.18603805000812,-2.286943638920265,-4.907402472162041,-0.4888052335861998,-1.8692826594684984,0.1771061354031751,-1.905946519037581,0.1101285273369629,-0.7887862425101964,-1.7701565418796874,0
b2AR-decoy_112,CC(C)=CCc1cc2c(=O)c(c3ccc4c(c3)OCO4)coc2c(CC=C(C)C)c1O,-4.16935689389153,-1.4533657903106851,-2.885984400659261,-2.3230683997916097,-2.9062686551767483,-1.0696957840436143,0.0452658222009993,-0.3426766091206872,-2.518412834426896,-1.359601381807917,0
b2AR-decoy_1488,CCCC(O)C#CC#CCO,-4.16747502822322,-2.4727600132178957,-3.100553075968871,-1.03322433110452,-1.0864408385667783,-0.863914560038225,-0.4248952441452713,-0.2240308621257369,-1.8841263113169464,-1.919333993157537,0
b2AR-decoy_1342,Cc1ccccc1/N=C/C=C1/C=C(c2ccccc2)OC(C)(C)O1,-4.15027533844145,-3.813234576672845,-5.331862639013451,-3.1092219012437594,-4.366435201766149,-3.0718924755936543,-3.0144599822608207,-2.9083606988667965,-3.848359458741826,-3.8032783151509366,0
b2AR-decoy_2440,COC(=O)CC[C@@H](C)[C@H]1CC[C@H]2[C@@H]3[C@@H](OC)C[C@@H]4C[C@H](OC)CC[C@]4(C)[C@H]3CC[C@@]21C,-4.14994912791343,-2.8083178171315355,-3.6179760830616416,-2.3781116662146493,-1.2938921591205084,-1.8168031452527744,-0.4139476326351206,-1.408617779030247,-2.5690146506319165,-2.467126034392287,0
b2AR-decoy_2483,CCc1nnc(SCc2c(F)cccc2Cl)c2cc3sccc3n12,-4.13983081008164,-4.078935100921226,-3.989151095292951,-3.32811048387454,-3.9696191326177983,-3.865076868146884,-3.001805228520281,-1.458319947761327,-3.858885848064916,-3.5813545476797866,0
b2AR-decoy_730,CC(=O)N(c1ccccc1)c1nc(/C=C/C(=O)Nc2c(C)cc(C)cc2C)cs1,-4.13778439823783,-2.902325355511985,-2.2125064831486414,-1.4812440893696197,,-1.4344396421771544,1.3773252217594192,1.2573853305765232,-1.0251856902437662,-2.640169898992007,0
b2AR-decoy_1780,Clc1ccc2ccc(/C=C/c3ccc(OCc4ccccc4CC4=NN=NN4)cc3)nc2c1,-4.13771019610579,-4.120681636016845,-1.1639759432544814,-2.5218024603021494,-2.972932349380148,-1.4173356607152447,-2.0121892786561317,-0.0302278238800663,-2.2627783276397064,-0.3772029031786768,0
b2AR-decoy_794,Cc1ccc(C(=O)N/N=C/C2=C(Cl)c3ccccc3CCC2)cc1,-4.13309590132604,-2.805293389782335,-1.4463102948976814,-3.38251926993627,-4.155294691263428,-2.9124382036482848,-0.2396597053256206,0.4459099822077634,,-3.019978678224837,0
b2AR-decoy_1573,CCCNC(=O)c1ccccc1NC(=O)c1ccccc1N(C)S(=O)(=O)c1ccc(C)cc1,-4.11492412832095,-2.7748266743262056,,-0.3520323400038996,1.2972771951530315,2.105114242201245,-0.3896689212629809,-0.4373315998090472,-3.5897684020685867,-0.3011038515854269,0
b2AR-decoy_1033,CCCCOc1ccc(/C=C/c2cc(OC)cc(OC)c2)cc1,-4.10883578546904,-2.6763137056955757,-1.8897420911176317,-2.4809001120005494,-0.4609785646747184,0.8682874423366553,-1.0386136911721513,0.9809566782501932,-2.397137804860976,-0.6309308442335468,0
b2AR-decoy_210,COC(=O)[C@H]1[C@@H](C)C/C(C)=C/C=C/[C@H](OC)[C@@H]([C@@H](C)[C@@H](O)[C@H](C)[C@@]2(O)C[C@@H](C(=O)OC)[C@H](C)[C@@H](C(C)C)O2)OC(=O)/C(OC)=C/C(C)=C/[C@H]1C,-4.10768728888288,-3.6522410039197153,-3.315925026435512,-1.5490041560950498,-2.441115116711078,-0.9922727369300244,-0.8836595953983508,-0.489717976283047,-0.5434524603679463,-2.4688870809134467,0
b2AR-decoy_3189,COC(=O)CC[C@@H](C)[C@H]1CC[C@H]2[C@@H]3CC=C4C(C)(C)c5nccnc5C[C@]4(C)[C@H]3CC[C@@]21C,-4.10284370377932,-2.3136028645848654,-2.096361696972731,-1.2989703771961096,-1.9342238941131988,-1.1365319887348244,0.6527381058384192,0.670665110823573,-0.8176779033471764,-1.851424798108387,0
b2AR-decoy_2666,Fc1cccc(Cl)c1CSc1nnc(c2ccco2)n1c1ccc(OCc2ccccc2)cc1,-4.10097829714635,-4.930037175005805,-2.609164213509141,-1.40928302009202,0.1770408626889215,-3.2783346512684446,-0.5110277375627907,-2.965865014618017,-3.0445407308103363,-3.3442449110088366,0
b2AR-decoy_2646,CC(=O)O[C@@H](C[C@@H](C)C1=C2C=CC3[C@@]4(C)CCC(=O)C(C)(C)C4CC[C@]3(C)[C@@]2(C)CC1=O)[C@H]1OC1(C)C,-4.09420729899379,-1.9602403098964956,-2.7280047517699915,-3.728054431432629,-3.095044558751538,-1.4329981268082346,-1.2262956895137809,-1.4790379112905567,-1.4228113913706464,-2.1841723977059373,0
b2AR-decoy_619,Oc1cc(/C=C/c2ccc(Br)cc2)cc(n2ccnc2)c1,-4.09121845087284,-3.875267730769795,-4.297099842323261,-4.901410073742039,-2.932433748498628,-2.8955121856878447,0.0960494258926791,-1.5777829664936371,-4.427945841986096,-2.268254925570447,0
b2AR-decoy_713,COc1c(c2ccccc2)cc(OC)c2c1oc1c3c(c(O)cc12)OC(C)(C)C=C3,-4.08992087452944,-3.011974521640925,,-2.188070374796029,-0.9952615103154888,-0.1715949594903945,-2.98901618671923,,-3.635236124108807,-1.9233875617751568,0
b2AR-decoy_2581,O=C1CCCCCCCCCC/C(=N/OC(=O)COc2ccc(Cl)cc2)CCCO1,-4.07619925155496,-1.049251958767215,-4.438477482997231,-1.2097249242091497,,-2.435457762705215,1.4349579485780088,-2.055675064661937,-3.257442058591856,-2.296832891212287,0
b2AR-decoy_2947,CC(C)(C)C(=O)OCN1c2ccc(c3csc(C#N)c3)cc2C(C)(C)OC1C(F)(F)F,-4.07412608864676,-3.846448823567515,-4.239418783446621,-3.33456201086254,-1.8923860165735285,-1.0741424859025548,-1.6710413087577614,-2.0762245742189966,-2.032496249335316,-1.6753634585945174,0
b2AR-decoy_2048,COc1c(Br)c(CCCO)cc2cc(c3ccc4c(c3)OCO4)oc12,-4.07238329455794,-2.209417016250065,-2.437328764088341,0.5092891367289702,-2.317488165048508,-0.0137917374889249,-1.676378911059901,0.5574025730886532,-2.9338577331659064,-1.121110078126557,0
b2AR-decoy_1454,CNC(=S)NNC(=O)C(C)(C)C,-4.05229472100624,-2.5333667528050547,-2.9923457288469013,-3.0836223011429995,,-0.8411895600112551,-0.5527648560757106,-0.2289818911485364,-2.6062285335461164,-2.4846142989628466,0
b2AR-decoy_2370,C[C@@H]1N=C(c2ccccc2)c2cc(C#CCCCC(=O)NO)ccc2NC1=O,-4.04792235877389,-3.9246116863648055,-3.4616231225754213,-2.6013082229438496,-3.007275155764119,-1.9880031551708344,-1.4246382595558709,-0.2015229348895566,-2.614749233203137,-3.163565495127257,0
b2AR-decoy_1518,CC(=O)N(Cc1ccc(Oc2ccc(C#N)cc2)cc1)C(=O)c1cc(C2CC2)nn1C,-4.04525255389559,-3.3037280820686155,0.3811542541849289,-0.7039973691211596,-2.9880417083229487,0.0287859180772751,1.777740127450269,,-3.0221899378797765,-2.233723887891857,0
b2AR-decoy_2750,O=S(=O)(Nc1nccs1)c1ccc(Oc2ccc(c3ccccc3)cc2)cc1F,-4.04052059370312,-5.185552300255385,-4.550503021018781,-3.63826493593818,-2.1854733471170587,-0.3214787856334444,-0.6448015705476706,-1.0793391757516169,-3.4285221245924564,-3.518380014521177,0
b2AR-decoy_3149,Cc1onc(c2c(Cl)cccc2Cl)c1N(C)C(=O)OCc1c(F)cccc1Cl,-4.02942650744937,-2.872834404322095,-4.770912706430852,-0.9154076720873596,-0.0353829156841682,,-0.5755951921180911,-3.409934051932167,-3.637253377743747,-1.2985418534392568,0
b2AR-decoy_1333,Cc1ccc(C(=O)Oc2ccccc2)cc1/N=N/N(C)C,-4.02715503285446,-3.947557684963085,-3.1723977715653517,-1.5430696907141597,1.4815696698403915,-1.2983020683690043,0.794903021755009,0.951469639246393,-0.4776036622775765,-2.0304627601141267,0
b2AR-decoy_2702,Cc1ccc(NS(=O)(=O)c2cc(NC(=O)c3cc4c(s3)CCCC4)ccc2C)c(C)c1,-4.02066286922422,-2.4483322657644653,-0.1719572873087611,-2.48605580488635,0.2871741738959117,-1.2741207291558148,0.721014996251399,1.8095660834527632,-0.6995063515394864,0.594575504777163,0
b2AR-decoy_1155,OCCCCCCC1CCOOC2(CCCCCCCCCCC2)OOC1,-4.01985229187888,-2.847587551153105,-2.2834412724551214,-1.7237981264179894,-0.6738863986518187,,1.0699480876672092,-0.0613740628201968,-1.482724955220727,-1.9052796434919368,0
b2AR-decoy_282,CC(=O)c1cccc(CN2C(=O)N(Cc3cccc(C(C)=O)c3)[C@H](Cc3ccc4c(c3)CCO4)[C@H](O)[C@@H](O)[C@H]2Cc2ccc3c(c2)CCO3)c1,-4.00761654147789,-4.4859593477294455,-4.202805921488361,-5.234045176487729,-3.3323090297349687,,0.2443946203458287,,-4.997631762896567,-6.561190669925457,0
b2AR-decoy_589,CCCC[C@@]12CCC(=O)C(CC)=C1c1ccc3[nH]nc(F)c3c1C2,-4.00558308786106,,-4.520924189344141,-2.267562829157629,-3.313837053660098,-0.3465489188328643,,,-3.2060018872042866,-1.9657536672053468,0
b2AR-decoy_1428,CC(C)(C)NC(S)=[NH+]C(C)(C)C,-4.0032564781713,-3.121682310064285,,-1.6842807451738997,,,,-0.9030419496977472,-2.060671231540776,-2.4438349592817974,0
b2AR-decoy_2824,N#Cc1c(C(F)(F)F)cc(c2ccc(Oc3ccccc3)cc2)n(Cc2ccc(F)cc2F)c1=O,-4.00104499758299,-4.757314465104735,-4.847536388042861,-1.66472719082289,-2.413290643520618,-2.807900999187095,-2.6695481696520917,-2.845069977960547,-2.4246039835306767,-3.484954851120557,0
b2AR-decoy_2746,C=C1CC[C@H]2[C@](C)(CCC=C(C)C)[C@H](O)CC[C@]2(C)[C@@H]1C[C@@]1(C(=O)OC)OC(C)=C(C)C1=O,-3.98192798574724,-2.177349769147235,,-0.3095302286477799,-1.2465103039689085,-0.7979461153989051,0.5677837306156288,1.5933572743603532,-1.9425050801317365,-1.7119406830424766,0
b2AR-decoy_1514,C=CCn1c(SCc2cccc3ccccc23)nnc1c1cccnc1,-3.97515978591743,-3.718967077180405,-2.9748393350222715,-2.22911777074472,-1.0566695976397789,-1.7104311611317344,0.568172095050429,-1.924043710623497,-1.3320983067846064,-2.829006076461277,0
b2AR-decoy_1816,COc1ccc(C(=Cc2ccc(OC)c(O)c2)C(=O)c2cc(OC)c(OC)c(OC)c2)cc1,-3.97129687626043,-2.8368388447332755,-3.573325218905131,-1.2424182064419194,-2.0297109747306186,-1.2671083444184843,-1.7460769681628507,-1.9412777447064764,-3.607684605103996,-1.626883652837447,0
b2AR-decoy_346,COc1ccc(CCc2ccc(c3c(C)[nH]c(C)c(Cl)c3=O)cc2)cc1,-3.96656917930889,,-2.8493009531657414,,,-0.6375647339329351,0.6499990588014191,1.4043358350646833,1.1399858502235236,,0
b2AR-decoy_2341,O=C(NCc1cc(Br)cc2nc(O)c(O)nc12)c1cccs1,-3.96568966777984,-3.447026229591195,-3.556713366326691,-1.42844122902925,,-1.5461365737096644,-0.1720105318231608,-0.2518097037192364,-3.5723912567449068,-4.389068873772757,0
b2AR-decoy_2126,COCc1sc(S(=O)(=O)NC(=O)Nc2ncc(Br)s2)cc1C,-3.95260694707946,-2.972557167620005,-1.1836426262540511,0.7373214748768104,-1.5524142110071582,1.7218949421717251,2.162291687468279,-0.3043142399058967,-0.1239220101791662,-1.5237603076660071,0
b2AR-decoy_814,CC(C)c1ccc(NC(=O)Oc2ccc3c(c2)[C@]2(C)CCC(C)[C@@H]2C3C)cc1,-3.9495031815033,-3.081327879502835,-1.1236846303905312,-0.3433654731868598,-1.2730324134046382,0.5795605590241952,0.7080340155466689,-0.6300232145575873,-2.065648224440146,-1.0236469687582868,0
b2AR-decoy_3017,CC(C)C[C@H](C(N)=O)N(Cc1cc(F)cc(F)c1)S(=O)(=O)c1ccc(Cl)cc1,-3.93630632411797,-3.648125201151415,-4.786674961724572,-1.6429182513810794,-0.4926990040907886,-0.2187302950806744,-0.6175807570155607,-0.1689839745975465,0.0075173440667635,,0
b2AR-decoy_2966,O=c1c(Oc2ccc(OC(F)(F)F)cc2)c(Cl)cnn1Cc1cccc2ccccc12,-3.9348227607222,-4.811928205206145,-3.974099979699021,-0.4590866246144798,-3.5342215329898385,-3.6020214322643644,-1.126731208566861,-2.899028632060137,-2.4212010017311068,-2.820618156125726,0
b2AR-decoy_2668,Cc1ccc(c2c(C)c(OCCOc3c(Cl)cc(OCC=C(Cl)Cl)cc3Cl)nn2C)cc1,-3.93297465945392,-4.378880274757005,-2.586008057108112,-2.8820237418792995,-3.0613047425779687,-1.561394475004425,-1.8750686221981117,-0.4765160526153567,-2.4861862241866968,-1.1058384834130766,0
b2AR-decoy_2154,FC(F)(F)C1=NN=C(c2ccc(Cl)cc2)/C1=N/Nc1ccc(Cl)cc1,-3.9291170602698,-5.934101970380495,-2.5252134985091117,,,-0.5142190148595649,-0.1092185054303414,-0.5365544739520267,,,0
b2AR-decoy_1111,C/C(=N\NC(=O)c1ccc(n2c(C)ccc2C)cc1)c1ccc(n2cccc2)cc1,-3.91459407404966,-3.329255168677236,-3.7253999509779714,,,-0.0420901897551946,-1.6432086518073712,-0.2724469633858772,-2.8336548069410963,-2.332080104421117,0
b2AR-decoy_1842,CC(=O)NCCCOc1cc(F)c(c2c(Cl)nc3ncnn3c2N[C@@H](C)C(F)(F)F)c(F)c1,-3.91013617175473,-1.8172552473081152,-2.2060892191217016,0.5567382638030303,-1.4995142971583286,0.0938789222982254,1.1773608506512891,0.860844347716093,-0.7510570110022865,-1.1085286719760874,0
b2AR-decoy_2826,O=C1C(=O)N(Cc2ccc(c3ccccc3)cc2)c2ccc(OCc3ccc(Cl)cc3)cc21,-3.89449858336187,-4.822226384979805,-2.674672151267841,-0.8628355706671895,-2.4290804609494483,-2.6105670157267147,-2.1571797119655907,-1.7086689821657872,-2.063132795525976,-3.634553897205507,0
b2AR-decoy_1925,CN(C)C(=O)c1cc(Cl)ccc1Sc1cc(Cl)ccc1Cl,-3.8931614608827,-3.139266866087516,-2.9970763858083918,-2.2426901954376994,,-2.8158738235714944,,-1.228077959888477,-4.099683876789556,-2.508881669030117,0
b2AR-decoy_2896,O=C(Oc1ccc2c(=O)c(c3ccccc3Cl)c(C(F)(F)F)oc2c1)c1cccs1,-3.88497325506515,0.8288664536401749,-1.329333752275621,-0.1649056966730695,-1.0025804533297489,0.1880352474012654,0.6800749661995988,2.009186472872983,-0.9210652821859964,-0.354031494798587,0
b2AR-decoy_2037,Cc1c(C)c2c(c(C)c1O)C=CC(C)(COCc1cc(c3ccccc3)no1)O2,-3.8819900998483,-4.024288390355685,-4.375417242089641,-2.12644132478641,-3.1822983964215688,-3.2337296669130344,-1.3727037625376113,-2.563584311680557,-3.928540604773766,-3.576296018428027,0
b2AR-decoy_1400,S=c1[nH]nc(c2n[nH]c(=S)o2)o1,-3.87937714517735,-2.336017417649765,-2.595779509547371,-1.17303930846602,-0.9196419606236086,0.1887655212993353,0.9331993189230592,0.5783904543766933,-0.9554124135137864,-0.756073828366457,0
b2AR-decoy_1835,CCc1ccccc1NS(=O)(=O)c1ccc2[nH]cc(C(=O)N(CC(C)C)CC(C)C)c(=O)c2c1,-3.86779186969868,-0.0675273875093551,0.3777381083123587,-0.2623657949559197,-2.475607243477919,-0.1607242959952746,,1.843805804604873,0.5460621618544534,-2.113819059080867,0
b2AR-decoy_609,C=C/C(C)=C/C[C@H]1C(=C)CC[C@H]2C(C)(C)[C@@H](OC(C)=O)[C@H](O)C[C@]12C,-3.86189871256082,-3.371573207513145,,-1.1628528092007393,,-1.8670175152479045,,-0.4002274603940572,-1.8880110776499863,,0
b2AR-decoy_355,CCCC(=C(c1ccc(O)cc1)c1ccc(O)cc1)c1ccc(O)cc1,-3.85780776737314,,-5.451518021556391,-1.37304862161918,-1.924387175266978,,,,,,0
b2AR-decoy_2290,COC(=O)/C=C(C)/C=C/C=C(\C)C(=O)Nc1ccc(C(C)(C)C)cc1C(C)(C)C,-3.84808044734222,-0.1289963783170953,1.6417547171306897,-2.08927741327613,,-1.0039568774379743,-2.6419442789333214,1.9709128143694432,-0.8130926259327862,-4.079960757351998,0
b2AR-decoy_3137,COc1ccccc1c1cc2cc(C(C)(C)C(=O)NC(C)(C)C)ccc2n1CC(=O)NC(C)(C)C,-3.84368444158572,-0.8508655433630752,,-1.39488721592799,-2.386427716262828,,,-0.6498303270854366,,-2.872713139063627,0
b2AR-decoy_314,COC(=O)C[C@]1(C)CCC[C@]2(C)c3cc(O)c(C(C)C)cc3CC[C@@H]12,-3.83304006598283,-4.615257964072625,,-2.530679074157,,-2.2075049405061344,-0.6708935141781014,1.185009767790723,-2.5394560273223368,,0
b2AR-decoy_2364,CCC(=O)c1cc(c2ccc(F)cc2)c(c2ccc(S(N)(=O)=O)cc2)[nH]1,-3.82708441857242,-5.068791267321815,-4.2119695746318015,-4.49368808241145,,-1.7622584445857346,-2.268447049452371,-1.8770565244547868,-2.0764733967476667,-4.257088473234237,0
b2AR-decoy_1516,CCN(CC)C(=O)C1Sc2ccccc2-c2c1c1cc(OC)ccc1n2CCF,-3.8257400322267,,,-2.09962701726142,,-2.573924066232185,0.1435795081842092,,,,0
b2AR-decoy_884,COc1cc(OC)cc(c2ccc(c3ccc(O)cc3)cc2)c1,-3.82252315333989,-3.727274722491545,-3.879033214931601,-1.5461350520223496,-3.756117094675589,-2.174194980819305,-1.4068409357538112,-0.3513375078449172,-3.643710075125497,-1.2627495744747868,0
b2AR-decoy_1623,COc1ccc(/C=C/c2cc(OC)cc(OC)c2/C=C/C(=O)NCC(C)C)cc1,-3.79226105955311,-0.7432654476688954,-1.779928206695311,-2.69190033897586,-2.053320060735558,-1.1626461135320243,1.3385353752813591,-1.097231489053697,-2.5848059249904365,-2.2290951603606373,0
b2AR-decoy_2280,CC[C@@]1(C)CCC[C@@]2(C)[C@H]1CC[C@@]1(C)[C@@H]3C[C@H](O)[C@@H](C(C)=O)C[C@@]3(C)[C@@H](OC(C)=O)C[C@H]21,-3.77937018938557,-0.1901648121718753,-3.2903695423477712,-0.2412653196330496,,-1.932514882508415,,0.595528342961753,-4.065326367290166,,0
b2AR-decoy_2512,CC(C)CCn1c2ccc(C3CCCCO3)cc2c2c3c(c4c(c21)CCc1nn(C)cc1-4)C(=O)NC3,-3.77656635861263,-3.1648166163904152,-2.927470193159481,-0.5982301337956799,-0.2895937948842584,-0.4795323511530345,0.6647222572930489,0.2541193581846332,-1.461867463450936,,0
b2AR-decoy_2933,Cc1ccc(OC(=O)c2ccc(C(C)(C)C)cc2)c(NC(=O)c2ccc(C(C)(C)C)cc2)c1,-3.76305779777616,-0.9729554647221152,-5.114541741423631,-1.3074356671159295,-0.5781282213782584,,0.0716427740573593,,-1.971081941149376,-2.3272114369600367,0
b2AR-decoy_2465,COC(=O)c1ccc(/C=C/c2ccc(/C=C/c3ccncc3)cc2)cc1,-3.76137568482593,-3.397046350338365,-2.980997464753571,-0.92543762593579,,-1.6259032190049243,,-0.7653025586420865,-0.4045391389489863,,0
b2AR-decoy_595,CC(C)c1ccc(NC(=O)Oc2ccc3c(c2)[C@]2(C)CO[C@@H](C2)O3)cc1,-3.74844183675298,-2.6869808526517955,-3.102803375859411,0.2073767356851901,-1.1174951311310188,-0.8014738670620849,-1.0960195959157506,-0.4680946196846767,-1.3525221041048066,-2.4643453449037973,0
b2AR-decoy_2689,Cc1cc(C)c(S(=O)(=O)N[C@@H](C)CNc2cccc3c2cnn3c2cccc(C)c2)c(C)c1,-3.74607976531677,-5.155578302692735,-3.266471629435941,-1.8960150178400597,-1.540790879371959,0.3172402349844754,-0.6482510727465209,,-4.009302408612997,-0.3471161913845568,0
b2AR-decoy_1362,COc1ccc(/C(=C/c2cc(OC)cc(OC)c2)C(F)(F)F)cc1,-3.72177355388036,-3.098059571366675,-3.1408396229121216,-3.56461403590596,-0.9353995124428388,-1.584600395646515,-1.020168364287171,-0.7810380031129665,-3.167070701076466,,0
b2AR-decoy_1324,COc1cc(/C=C/c2ccc([N+](=O)[O-])cc2)cc(OC)c1,-3.68489811595955,-2.476142065032155,-2.7434572027982917,,0.0786867253553214,-0.2076732502153744,-0.1793991806127506,,-2.9595957387139364,,0
b2AR-decoy_3074,CN1CCCN(Cc2ccc(F)cc2)P12=NP(Cl)(Cl)=NP(Cl)(Cl)=N2,-3.67947178296798,-4.186727543479915,-3.754853608745081,-1.8354245979234696,-1.8501157407307984,-1.206974960504125,0.217761983693089,-1.6343100908936368,-2.992940868023757,-2.793720437921257,0
b2AR-decoy_1694,Cc1ccc(N(C)S(=O)(=O)c2ccc([N+](=O)[O-])cc2)cc1,-3.67571362036093,-1.6215552920486354,-4.472499742790191,-1.7549610011628296,-3.822009814017049,-0.0603420029568346,2.017126335841659,1.065556686867713,-3.2218295485806365,-1.1284832055911669,0
b2AR-decoy_77,CCCCC1Oc2ccc(OC)cc2-c2ccc3c(c21)C(C)=CC(C)(C)N3,-3.67447761074338,-3.855920645691925,,-1.00484804775452,,-2.161893432735285,,-1.8370613772817173,-2.8563378015671166,-3.0503433953731567,0
b2AR-decoy_2749,CCCNS(=O)(=O)c1ccc(c2ccc3c(cnn3c3ccc(F)cc3)c2)c(C(F)(F)F)c1,-3.67384099329626,-1.0913579633132953,-2.135793263093281,0.1087472867476502,-1.0986254681613383,-0.2989495574264849,0.433681770243699,1.439095892398623,-0.4778256465954262,-0.317430823595477,0
b2AR-decoy_2521,N#Cc1c(N)nc(SCc2csc(c3cccc(F)c3)n2)c(C#N)c1c1ccc(O)cc1,-3.65361609547825,-4.079314673820065,-1.9359355689410007,-2.8432143645540098,-3.413871272201958,-2.155977413071275,-1.8819825441876912,-0.0839063470935865,-1.1762803323774964,-3.906472822507258,0
b2AR-decoy_3135,C=C(CC[C@@H](C)[C@H]1CC[C@@H]([C@@H]2C[C@H]3O[C@]34C[C@@H](O)CC[C@]4(C)C2=O)[C@]1(C)CCO)C(C)C,-3.65318187573214,-4.153848705622655,,-2.90907597247218,,-0.9459245595961444,,-0.608385160738897,-4.675449532433847,-2.2986696990941966,0
b2AR-decoy_343,CN(C)c1ccc(/N=N/c2ccc(/C=C3\C(=O)Nc4ccccc43)cc2)cc1,-3.64391254490648,-3.585958560397515,-2.1261749428971517,,,,-0.7482446009047212,0.4828316951804927,-2.355475093751786,-1.7709642076552368,0
b2AR-decoy_822,C/C(=N\NC(=O)/C=C/c1ccc(C(C)(C)C)cc1)c1ccc(C2CCCCC2)cc1,-3.61715807904969,,,,-3.1001164715500185,,-1.2153747803431214,0.3420363332288731,,-2.890415185269887,0
b2AR-decoy_1604,CNC(=O)NCCN(Cc1ccc(Cl)cc1)C(=O)C1(C)CCN1C(=O)Cc1cc(C)cc(C)c1,-3.61685949401185,-2.846481358806675,-2.646270389681331,,-4.326904892907458,,,,-2.5191388763023763,-0.3269763195249671,0
b2AR-decoy_3072,CN(C)c1ccc(/C=C(/Sc2ccc(Br)cc2)C(=O)c2ccc(Cl)cc2)cc1,-3.60779039702067,,,,-4.448508448968198,,-1.386920307934551,-1.1132775958908967,-1.4276604213211463,,0
b2AR-decoy_2785,CCCCc1ccc(CCc2cc3c(s2)-n2c(C)nnc2CN=C3c2ccccc2Cl)cc1,-3.59436384452853,-2.306473374678715,-2.8107984051456514,0.2829401383620702,-1.023510643167579,-0.8730738089475949,-0.3707321769641609,,-2.0726199694781267,-2.649133754243477,0
b2AR-decoy_2832,O=c1oc2ccccc2c2c1C1CC(c3ccc(c4ccccc4)cc3)(Oc3ccccc31)O2,-3.54386403301285,-4.206537555272155,-5.092155461787991,-0.9313993432969498,-2.3184244772541884,-1.0842800285701149,-0.5342138780975807,0.3449882743387835,-0.8230402092416962,-2.238296340408686,0
b2AR-decoy_296,CCN(C(=O)c1nc(C(=O)NCC(C)(C)O)sc1c1ccc(S(=O)(=O)N[C@@H](C)C(F)(F)F)c(Cl)c1Cl)C12CC(C1)C2,-3.52424308299474,-3.5580321686675958,-1.3292378890722212,,2.3049427979828074,0.3565052600874554,,2.986959085208973,-0.9891576532419264,0.6725232117505131,0
b2AR-decoy_172,C=CC(=O)Nc1cc(Nc2cc(c3cccc(NC(=O)c4ccc(N(C)C)cc4)c3C)cn(C)c2=O)ccc1C(=O)N(CCOCC)CCOCC,-3.51680013389519,3.343402833452335,,,,0.3153579501966552,,,-1.9978913638579767,,0
b2AR-decoy_3164,Cc1cc(C(C)(C)c2ccc(OCC(=O)C(C)(C)C)c(C)c2)ccc1OCC(=O)C(C)(C)C,-3.50429724844425,-1.8135631733112647,-4.290131681834821,-3.255948250070149,-0.6616492766729682,-2.9770535014225645,-3.282478531944781,-2.325746828091667,-2.4608675955157064,-1.9178349161252668,0
b2AR-decoy_2327,C[C@H]1CCc2cc(c3ncccc3CO)ccc2N1C(=O)c1ccc(O)cc1O,-3.5039968661756,-1.9656317585136152,-1.154185261070491,1.8187355321721803,0.0583038580511314,-0.4340040936426046,0.1475597602972991,0.0441408431415331,-0.2997486034449164,0.1325883813245632,0
b2AR-decoy_436,CCSC1=C(c2ccc(O)cc2)C(=O)c2cc(O)ccc21,-3.49500613636889,-4.304292710802945,-5.254625603327761,-2.5758974293231995,-3.4630583621623288,-2.434152473681115,-2.6693456772097512,-1.746943617606477,-4.446697440620037,-3.4258152470524066,0
b2AR-decoy_1500,C/C=C/C#CC#C[C@H](O)CCO,-3.49029792742273,-1.836093043363955,-2.030068428936011,-1.1781202575584393,0.0050658633587516,,0.5174988115674188,0.1659070243897433,-1.0076152901175566,-0.7779363758334568,0
b2AR-decoy_2257,Cc1c(C(=O)NC(=O)C(C)C)nn(c2ccc(Cl)cc2Cl)c1c1ccc(Cl)cc1,-3.46832559177124,-1.583061989239305,-1.469564149200581,0.9206413812152304,0.4034954531593016,0.8031470748925251,1.070638679960339,0.7849654731010234,-3.513336540216856,-1.6622022570824968,0
b2AR-decoy_2530,C/C(=N\OC(C)C)c1ccc2c(c1)c1c3c(c4c(c1n2C(C)C)CCc1nn(C)cc1-4)C(=O)NC3,-3.43909829689185,,-2.214421874153641,-0.9743107190522396,,,-0.195438381650721,1.6614006706748632,-2.290625998353306,-1.5776935161051973,0
b2AR-decoy_2816,CC(=O)O[C@H]1CC[C@@]2(C)[C@@H](CC[C@]3(C)[C@@H]2CCC2[C@@H]([C@@](C)(O)CCC=C(C)C)CC[C@]23C)C1(C)C,-3.43738632876652,-2.805661192112045,,-1.70569154260948,,,,,,-0.3616042414256069,0
b2AR-decoy_2811,CN(C)c1ccc(/C=C/c2ccc(c3nc4cc(OCCCF)ccc4s3)cc2)cc1,-3.41817524052331,,-1.7940564030146713,-0.1566576664157497,-1.4647429657655984,,1.492021346297229,0.7713424027823432,-0.2817896162042763,-1.9290666385774664,0
b2AR-decoy_1664,CCOC(=O)c1c(C)n(C)c2ccc(OC(=O)c3ccoc3)cc12,-3.41725012773074,-1.8747770368314152,-0.7765025311809111,-1.19132097097686,0.6440959276963714,-0.6238266427860344,-0.8594409608618108,1.140045003891303,0.2294366385468835,-1.096022311013097,0
b2AR-decoy_3048,COC1=C[C@@]2(C)C(C[C@@H](OC(C)=O)[C@@]3(C)C4=CC[C@@H](c5ccoc5)[C@]4(C)CCC23)C(C)(C)C1=O,-3.40451868789549,-0.2707076682781153,-2.212936770471271,0.3824733633045905,-1.6970982872769582,-1.230760721149875,5.637829224953179,-1.2526066963117168,-2.861071627852386,-1.598639800445627,0
b2AR-decoy_1592,COc1ccc2c(c1)c(CC(=O)N[C@H](CO)CC(C)C)c(C)n2C(=O)c1ccc(Cl)cc1,-3.36847963203759,-4.726878295012785,-4.983625082632651,-2.92167027010216,,-0.953787137696505,,-0.068077317718477,-3.020445138455126,-2.330841483111367,0
b2AR-decoy_1429,S=c1[nH]nc(c2n[nH]c(=S)s2)s1,-3.36495198114411,-2.7314682456162256,-2.0608113070455216,-1.5447999424822,-1.1697097904257587,0.3222986244622752,-0.0411493211381905,0.4021555455327927,-0.3659039745021863,-1.352500795157297,0
b2AR-decoy_2567,[O-][N+]1=C(c2ccccc2)/C(=C2\C(c3ccccc3)=[N+]([O-])c3ccccc32)Cc2ccccc21,-3.35579699033896,,-3.456062955987972,-1.1797604221068498,-3.8093547392811686,-1.8468364198374043,-0.1992289937730307,-2.948699446510277,-1.7219851001232165,-3.389554061372197,0
b2AR-decoy_1378,C/C(=N\OC(=O)c1ccc(OC(C)C)cc1)c1ccc(C)c(C)c1,-3.33591431684061,-3.225725093923205,-1.4896530989975711,-1.5103445220866796,-0.2379419230679884,-1.7768116485964551,-1.3804433397420608,-1.0728748731732969,-2.3338739337447265,-2.640853123757237,0
b2AR-decoy_2667,O=C1c2ccccc2C(=O)N1CCOC(=S)N(C(=O)c1cc2ccccc2s1)c1ccc(Cl)cc1,-3.31916589077389,-0.2486330547755453,-4.204621591048531,-0.3558194672491499,-0.2182486508553083,-1.4420014370248548,-1.8614103971757812,-0.0010425385914869,-1.9367344840524563,-0.0347077175617469,0
b2AR-decoy_689,C/C=C1\CC[C@H]2[C@@H]3CCc4cc(NC=O)c(OC)cc4[C@H]3CC[C@]12C,-3.31367161738163,-2.531798230974995,-4.347840121976321,-2.44690960371526,-2.3434361705026188,-2.3284686442061444,-2.223605951615431,-1.9922841984267272,-3.386194026052336,0.4754868123189628,0
b2AR-decoy_187,O=C(/C=C/c1cc(O)c(O)c(O)c1)NCCCCCCCC[P+](c1ccccc1)(c1ccccc1)c1ccccc1,-3.30672017016824,-2.950014732643905,,-1.0093635046804397,-1.868305759350548,-1.6386356095390644,,-0.0662750017299567,-1.1420710645076362,,0
b2AR-decoy_1605,N#Cc1ccc(OCC(O)CCNS(=O)(=O)c2ccc(Cl)cc2Cl)cc1F,-3.28781413765695,-6.147027245704406,-0.9939672237541312,-3.26008085226068,-2.4110645524857786,-2.6288736287025545,-0.3988791219044811,-2.057765446268367,-1.5523017400521466,-2.6644024830233968,0
b2AR-decoy_2738,CC1=CC[C@@H]2[C@@H](C1)c1c(O)cc(C3(C(=O)OCCCCC#N)CCC3)cc1OC2(C)C,-3.28711369833452,-4.835374067068715,-3.4370917189267614,-2.7444801491992497,-3.037417973147009,-2.325673642523835,-1.3728581241326108,-0.8864806509985765,-2.6468432841147065,-2.811945645221417,0
b2AR-decoy_2045,CCCCCCNC(=O)Oc1c(C(C)(C)C)cc(C(=O)OC)cc1C(C)(C)C,-3.27409791131935,-4.345922265934955,,1.940878309253552,,1.121363114693405,,2.981859814482683,1.7578547828724955,-1.257994120905607,0
b2AR-decoy_2713,C[C@H](CC[C@@H](O)C(C)(C)O)[C@H]1CC[C@]2(C)C3CCC4C(C)(C)C(=O)C(C=O)=C[C@]4(C)C3=CC[C@]12C,-3.21500588124162,-1.8668908782378848,-1.4467059133537012,-1.91925563331606,0.6730428085827915,1.8699844045990752,1.280612140421829,1.008211204820523,-1.8041502578797468,0.764912245030223,0
b2AR-decoy_2263,C/C(=N\Nc1nc(c2ccc(Br)cc2)cs1)c1ccc(Cl)c(Cl)c1,-3.12169228906096,-2.234291151822005,-4.245478614516121,-0.4845583660138897,-2.815354465839828,-1.6612417030363948,-0.2635306385708613,-1.8648711548810863,-2.9896372484078864,-3.0663818784460566,0
b2AR-decoy_28,COc1ccc(C2CC(=O)c3c(O)cc(OC)c(CC=C(C)C)c3O2)cc1,-3.06581769920324,-3.192961932635645,-3.2749906291317714,-1.9361387515814297,-3.6640047260323287,-0.5580639260002949,-2.206375699528941,-0.001296257646377,-3.2830375650332764,-1.4420434120021066,0
b2AR-decoy_2747,COc1ccc2cc(CC(=O)OCCC3(C)CCc4c(C)c(O)c(C)c(C)c4O3)ccc2c1,-3.02483291741332,-0.541568568195665,,-1.9277680757964493,-2.126144832523698,-2.586395501048635,-1.2046936128101713,0.1568455946374634,-2.6611095754527367,-1.3326097565790769,0
b2AR-decoy_1607,COc1cc(CNC(=O)COC(=O)/C=C(\C)CCC=C(C)C)c(I)cc1O,-2.99751663422494,-3.678148600582915,,-1.1307912142177097,-0.7321426487199583,0.9323278748395554,0.2439162089543192,-1.6298613910184772,-0.5853200195968165,-2.470376076770687,0
b2AR-decoy_2536,Cc1cnccc1c1cc(Cl)ccc1Oc1ccc(S(=O)(=O)Nc2ncns2)cc1C#N,-2.99571853420112,-0.888189863862245,-3.522510188582171,-1.3391682534173697,-2.561295836892868,-1.615455970564665,0.6984496824238189,0.325306159807913,-1.8855484505633464,-0.9559985054340872,0
b2AR-decoy_2334,Cc1cccc(c2ccc(c3cnc(N)nc3)c(F)c2)c1S(=O)(=O)NC(C)(C)C,-2.96343952217388,-3.714085887117635,-3.828901821449331,,0.4603686433245517,0.2167935943569254,2.163400027599029,-0.7564854864798667,-2.7344339567732465,1.745391805001553,0
b2AR-decoy_2128,COc1ccc(c2ccn(c3ccc(O)nc3)c2c2ccc(C(N)=O)cc2C)cc1,-2.95950702377519,-3.957527394155975,-4.942188199618201,-1.2506009979853197,,,,-1.7937309218933768,-3.3685264225658864,,0
b2AR-decoy_1301,CC(=O)Oc1cc(C)cc(Oc2cc(C)cc(OC(C)=O)c2)c1,-2.95393487569521,1.1882109475290568,4.887750476089179,3.278171373618161,-0.1512515413427486,4.165108074438891,0.4446627651020893,0.8481050600646234,2.8853660959953755,4.244302069166863,0
b2AR-decoy_285,Cc1ccc2cccc(OCc3c(N4CCCC4=O)ccc(n4cccc4CNC(=O)/C=C/c4ccc(N5CCCC5=O)cc4)c3N3CCCC3=O)c2n1,-2.94160005898609,,-3.3818598308664614,,-0.8656306837183481,-0.4681541983165145,,0.9901711420196632,,-1.566207067560177,0
b2AR-decoy_1050,COc1cc(/C=C/c2ccc(SC)cc2)cc(OC)c1OC,-2.93761529594653,-2.3196740470639448,-4.659953937314461,,,-1.348782088794625,-2.6369656247698714,0.749936877084683,-1.7478944613552363,-2.1587492097774867,0
b2AR-decoy_2367,CCNS(=O)(=O)c1ccccc1c1ccc(c2cnc(N)nc2)c(F)c1,-2.9163608326111,-2.1802997026509354,,,0.2041696666754315,0.1399455781297653,,1.0254563807985932,1.5322579617560437,,0
b2AR-decoy_1889,CCOC(=O)/C=C(C)/C(F)=C/C=C(C)/C=C/c1c(C)cc(C)c(Cl)c1C,-2.91512640401221,-2.4742768517683853,,0.6851660907591803,-2.262744153832778,-2.416141847387375,-0.7727894255424408,1.0121898584485831,0.6204515760173437,-2.267371838483887,0
b2AR-decoy_2772,COc1ccc(/C(Cl)=C/C=C(\C#N)C(=O)c2c[nH]c3ccc(Br)cc23)cc1OC,-2.91138910127657,-2.072589274963315,-4.661401936194442,-1.2832077390893897,-0.8982465891572886,0.2008850872281353,-0.269664813584141,-1.0975108708485264,-0.1109423518491463,-1.9545738813348872,0
b2AR-decoy_807,Cc1cc(C)c(Nc2cc(Oc3c(C)cc(C#N)cc3C)ncn2)c(C)c1,-2.89530562541956,-2.529175774339825,-2.154518398864351,-1.3079130755191797,-4.270119445889969,-1.653933690951125,-1.1758859532247312,1.3591218909683134,-3.213728133919096,-2.799581720592537,0
b2AR-decoy_2517,CC(C)(C)NC(=O)C(c1cccnc1)N(C(=O)c1ccco1)c1ccc(c2ccc(F)c(F)c2)cc1,-2.89272621067749,-1.581236508155595,-2.994221484340721,-2.16837863349756,-2.5532278678149884,1.524767316441915,-0.457521537291651,0.096539866746923,0.9166845880906536,-1.5739138631948566,0
b2AR-decoy_251,COc1ccc(S(=O)(=O)N(CC(C)C)C[C@@H](O)[C@H](Cc2ccccc2)NC(=O)c2cccc(C(=O)N(C)Cc3nc(C)oc3C)c2)cc1,-2.88209344707496,-3.219530303478465,,-2.9172801178215897,,-1.558345336277525,,-1.0876395793761366,-1.9302815792619663,1.585886865243993,0
b2AR-decoy_1808,COC(=O)/C=C/c1cccc(N(Cc2ccc(c3ccc(C)cc3)cc2)C(=O)NC(C)C)c1,-2.83444313495856,-3.2010506638508147,0.4320803282725187,-2.1426309059712896,-1.9942357019662484,2.578298308414995,-0.9929547308594406,-2.076746138370986,-4.214386828415696,-1.8146786432433468,0
b2AR-decoy_2807,CN(C(=O)Oc1ccc(Cl)cc1)[C@H]1CC[C@H](c2ccc(C[N+]3([O-])CCCCC3)cc2)CC1,-2.79299611854537,-3.4229949587399853,-0.7437221849210514,-0.0207838135267097,-0.7294341353738885,,-0.000528704636781,-1.9656575433171264,-0.0847942499553262,-1.8195807360432463,0
b2AR-decoy_774,COc1ccc2sc(C(=O)NC(C)C)c(SC(C)C)c2c1,-2.72545327600653,,-3.721038312009471,-1.551961433753149,-2.4136082394250185,-2.590437504614445,,-1.401995013006407,-2.121652440559136,-2.4227049752758867,0
b2AR-decoy_277,CO/C1=C\C(C)=C\[C@@H](C)[C@@H](O)[C@@H](C)C/C(C)=C/C=C/[C@H](OC)[C@@H]([C@@H](C)[C@@H](O)[C@H](C)[C@@]2(O)C[C@@H](C(=O)Oc3ccccc3)[C@H](C)[C@@H](C(C)C)O2)OC1=O,-2.71439206865106,-4.091731386691675,-3.813239506259261,-3.4296670000259297,1.0732454791476314,-1.5061039561765348,,-1.970391764918757,,-2.637427679064427,0
b2AR-decoy_1551,CCCCCCCCCOC1(c2ccc(Cl)cc2)SC=C(C)n2c1noc2=O,-2.67501760206318,-1.953594404678245,0.6016966261427987,-0.1011764481963797,-1.9904657842208584,-0.0328990411676248,0.9999355678548292,-0.639481475576237,-1.601644744537967,1.259913860929223,0
b2AR-decoy_1828,CC(C)C[C@H](CO)Nc1nc(SCc2ccc(Br)cc2F)nc2nc(N)sc12,-2.6638819013988,-4.978259392074125,-4.622320310450942,-2.5888722408726297,,-1.6133029509966743,,-2.668815434255767,-3.4463451281807966,-2.9048780836347974,0
b2AR-decoy_1678,COC(=O)CSc1ncnc2scc(c3ccccc3)c12,-2.65264128761059,-3.220077417136535,-4.252856166321041,-0.91721012418245,-2.808159457405308,-2.1750064134893243,0.8803434671755288,-1.6993583435061366,-3.5407381717638264,-3.173863986482797,0
b2AR-decoy_1765,COC(=O)C(C)(C)Oc1ccc(C(=O)/C=C/c2c(C)[nH]c3ccccc23)cc1,-2.64877370330401,-1.9634082440985248,-2.3011288675085213,,0.4237539252120115,-0.3917927542105444,1.9710238264592688,-0.084413261410857,-2.772719695844857,,0
b2AR-decoy_2996,COC(=O)c1ccccc1c1ccc([C@@H](C)NC(=O)C2(NC(=O)C(F)(F)F)CC2)c(F)c1,-2.64468518948355,0.0937853407811748,,-1.7530039912088098,,-2.0802163929621145,0.7584105217104189,-1.295251114445147,-3.5426680290647763,-3.0899545523071867,0
b2AR-decoy_310,COc1ccc(CN(C(=O)Cn2cc(CNS(=O)(=O)c3ccc(Br)cc3)nn2)c2cc(OC)c(OC)c(OC)c2)cc1,-2.54062391806257,-2.504972855877365,-0.731338840016281,-1.1202831837426896,-3.491366891511598,,1.102121919751859,,-0.5345798955264764,-0.1627603869696567,0
b2AR-decoy_1504,CCc1ccc(Cc2cc(CCCl)ccc2OC(C)=O)c(OC(C)=O)c1,-2.51146755885338,-0.4003734306124751,-3.587779029958141,-0.6942140044609597,-3.1333683514936883,1.8168897994727156,5.453039351033469,-1.7337019507205165,-0.6179262667076664,1.621507182873603,0
ASD03130103,COc1cc(Nc2nc(Nc3cc(Cl)cc(Cl)c3)nc3ccccc23)c(C(C)=O)cc1OC,-2.49640558144746,-3.345590263709276,-5.433226273391702,-1.7711734443380696,-1.2473556896326388,-1.934274094919985,-0.9228742596525912,-1.9973918466060767,-1.7403116135074468,-2.4777111117338677,1
b2AR-decoy_1494,CC(C)(C)NC(=O)/C=N/O,-2.48996769490165,-1.6436476987409954,-1.494547749306081,-0.6652157463976298,0.1683116149161514,0.9805624688755454,0.980004151928739,0.5124309787909231,-0.5762740808306663,-0.5962080931969571,0
b2AR-decoy_3069,COC(=O)[C@]12CCC(C)(C)C[C@H]1C1=CC[C@@H]3[C@@]4(C)C[C@@H](C=O)C(C)(C)[C@@H]4CC[C@@]3(C)[C@]1(C)CC2,-2.48619764622297,-1.8651742655798351,-1.8211961346359715,-0.9200447846155496,-0.9875927568601686,,,1.2336757173525132,,-0.4452148682192969,0
b2AR-decoy_2840,O=C1/C(=C\c2ccc(Cl)cc2)SC2(CCCCC2)N1c1ccc(Br)cc1,-2.42101815830569,-3.584414487133775,,-1.5931256549425197,,-2.436608058254965,-1.4946456461044813,2.465364377408283,-2.2029612227937667,-2.5164397905691067,0
b2AR-decoy_2047,CCOc1ccc(c2csc(/N=C/c3c[nH]c4ccccc34)n2)c(OCC)c1,-2.27208315785687,-3.525107432780445,-4.686452133171842,-1.00207768407638,-0.2588791404892885,-1.811435874917155,0.1582741056145691,,-2.270907252460586,-1.3048868677331569,0
b2AR-decoy_2629,COC(=O)c1ccc(S(=O)(=O)N(CCCCC(F)(F)F)c2sc3ccccc3c2C(C)C)cc1,-2.17992081836501,-1.2528459584079452,,-0.6600253399709399,0.1246206864101515,-1.2620194189064646,,,,-3.435479471723246,0
b2AR-decoy_471,C[C@]12CC[C@@H]3c4ccc(OC(N)=O)cc4CC[C@H]3[C@@H]1CCC2=O,-2.10725320417655,-3.441743035480025,-3.505347418419901,-2.30149704677188,-0.9522148932480884,-1.5899614668819746,-2.3824321180666708,-0.8349012292402271,-1.4054739142710764,-3.416064922043217,0
b2AR-decoy_284,CC(C)[C@@H](C)[C@@]1(C)CC[C@]2(C)[C@H]3CC[C@H]4[C@@]5(C)COC[C@@]4(C[C@@H](n4ncnc4c4ncccn4)[C@@H]5OC[C@](C)([NH3+])C(C)C)C3=CC[C@@]2(C)[C@@H]1C(=O)[O-],-1.89061265845102,-1.106615533514915,-0.334050880790071,-2.951039600816,-2.5660465811524285,0.1852902291945652,1.9588842211270792,-0.909283951570397,-1.0946410618377564,-0.541935661692917,0
b2AR-decoy_53,Cc1ccc(C(C)C)cc1OC(=O)Nc1ccc(I)cc1,-1.80178539938822,-4.439269968132336,-0.0985598842020811,-1.7560408324970194,-1.7814369789097286,-0.9844866665022148,-0.3291569931341307,-1.618267915164297,-1.1350093587706462,-1.0287012184769568,0
b2AR-decoy_1967,O=C1OCC2=C1C1(C(=O)N(Cc3ccccc3)c3ccccc31)c1c([nH]nc1c1ccccc1)N2,-1.69114698101282,-2.318131743851625,,-1.9759424958545504,-1.7705978495571983,-2.014826428711075,,-1.7784098801536468,-3.815199679580577,-2.028611233744497,0
b2AR-decoy_337,CC(=O)Oc1ccc(O)c(C[C@]2(C)[C@@H](C)CC[C@]3(C)C(C)=CCC[C@H]32)c1,-1.66213012185626,-3.325746783568425,-2.2413113709502817,-1.9126648068179897,-2.3316338748477987,-2.684396330556095,0.3086251475026991,0.694884234936203,-2.0289119819564165,-0.1885571018975471,0
b2AR-decoy_2363,Cc1nc(N)ncc1c1ccc(c2ccccc2S(=O)(=O)NC(C)(C)C)cc1F,-1.57313714539011,-3.103004943290175,-2.6032704146222017,-1.379709987397599,-2.3283861585636485,-0.8898881488245847,5.003233017167855,0.7686000741644832,-0.7913664241635865,-1.2803277461914973,0
b2AR-decoy_2120,COc1ccc(c2ccc3nc(NS(=O)(=O)c4ccc(N)cc4)sc3c2)cc1,-1.55175843925813,-4.452097447941005,-3.090272982740431,-1.8269670292174596,-2.1865684007531483,-1.106791452912585,0.8410935848942191,0.5219821463792735,-1.2954856471377665,-1.7919624441655873,0
b2AR-decoy_2487,CCOC(=O)/C=C(C)/C=C/C=C(\C)c1ccc2c(c1)C(C)(C)CCS2,-1.38006626666756,0.97539281711241,-2.6673452190305014,2.1744445914096984,-2.3390188899692186,-1.7158744920515048,2.103848669646119,-0.9700331615768372,-0.8588081311324864,1.389156892292013,0
b2AR-decoy_315,CC(C)Oc1ccc(/C(=C(\C#N)c2ccccc2)c2ccc(O)cc2)cc1,-1.33115404669988,-2.592840429115145,-3.1645363735251117,-0.5810867202116299,,,-2.4794655996036914,,-3.4513230210455967,-3.8383006742119368,0
b2AR-decoy_3183,CCOC(=O)/C=C(C)/C(F)=C/C(F)=C(C)/C=C/c1c(C)cc(OC)c(C)c1C,-1.27468883991578,0.2772375566992149,,0.0719251802093601,3.2977739742818786,-0.8337645295790148,-0.8112152210228114,,0.3408266677515437,2.643685355655456,0
b2AR-decoy_39,CC(C)c1ccc(NC(=O)Oc2ccc3c(c2)[C@@]2(C)CCO[C@H]2N3C)cc1,-1.14256738749553,-3.9843893760372655,-1.3524365322845413,-1.5421903423405094,-1.431457765761598,0.1351350234526953,-1.9548630323889504,1.554134175919483,-1.3314826590831466,-1.692189977697287,0
b2AR-decoy_1834,CCN(CC(=O)Nc1ccc(NC(C)=O)cc1)C(=O)c1ccccc1Sc1ccccc1C#N,-0.965125143646077,-4.275109486058925,-0.3990065493460211,2.631379320682248,2.3518048489563346,-0.4930117848751649,-2.016689772691551,-1.6455762558950164,2.4057844425322936,,0
b2AR-decoy_2269,CC(=O)O[C@H]1CC[C@@]2(C)C(=CC[C@H]3[C@@H]4CC[C@H]([C@@](C)(O)c5ccccn5)[C@@]4(C)CC[C@@H]32)C1,-0.75810029650636,-1.506794980543245,-1.1590011232340711,-0.1497957298350796,-2.3876988919125184,-1.2005585210827343,-0.7360484755710113,,-1.5158649957746562,-1.1154931219569266,0
b2AR-decoy_1933,COc1ccc2c(c1)[nH]c1c(C)[n+](CCCC[n+]3ccc4c([nH]c5cc(OC)ccc54)c3C)ccc12,-0.585609328235946,-1.233411179786895,-2.907548764870671,-0.8177527689318498,-0.3457697816265583,-0.814601032523445,-0.9395703962491906,,-0.4352787209173963,-3.377226683749377,0
b2AR-decoy_1048,COC(=O)/C=C\c1ccc(OC/C=C(\C)CCC=C(C)C)cc1,-0.390665796086677,-2.8869504065017155,-1.0163378728745411,-1.2964047714999394,-2.9044911452064985,0.8834431240183354,-0.3662749891160413,2.1455365315926933,-1.897932829518096,-1.675708421565017,0
b2AR-decoy_3025,CC(=O)N1CCc2cc(S(=O)(=O)NC(CC(C)C)C(=O)Nc3cc(C)cc(C)c3)ccc21,-0.149542310533989,-1.1298797326114354,-2.280825641833651,0.2121074000231702,2.048597352271772,-0.913056511515415,0.4200669018962291,1.109685620040913,-4.722565388790306,2.828461838642491,0
b2AR-decoy_3042,CC(=O)OC[C@]12CCCC(C)(C)[C@@H]1CC[C@@]1(C)[C@@H]3CCc4cocc4[C@@]3(C)[C@H](OC(C)=O)C[C@@H]12,1.1867392282696,,,-1.18905421352488,-1.5860451251206484,,0.1771186755798988,,-2.704081254183186,-0.4743139261660167,0
b2AR-decoy_166,COc1cc(/C=C\C(=O)OC[C@H](Cc2ccc(O)c(OC)c2)[C@H](COC(=O)/C=C\c2ccc(O)c(OC)c2)Cc2ccc(O)c(OC)c2)ccc1O,1.61840485688784,-4.594948204402075,-3.5834852816425613,-2.65909575584171,-4.793053984571128,0.4976149180841154,3.541494001266944,0.8958465293347433,4.812910225273574,5.204352320916833,0
b2AR-decoy_2868,O=C(/C=C/c1ccc(/C=C/C(=O)c2ccc3ccccc3c2)cc1)c1ccc2ccccc2c1,,-6.411622365698156,-4.878974666913111,-2.49483399261234,-0.3427801392769583,-1.4633056371002144,-1.1904008310284713,1.2483502425571134,-1.6706495936586263,0.2991851801692529,0
b2AR-decoy_2480,COc1ccc([C@H]2CC(=O)C=C(/C=C/c3ccc(Cl)cc3)C2)cc1,,-6.2394165769399255,-5.418446585123551,-3.1597631947737,-2.0408370703908583,-1.1302661394334246,-0.5424369370503612,-2.994652082709367,-3.1829334183654163,-2.0794561552498867,0
b2AR-decoy_1772,Cn1cc(C2=C(c3cn(CCCCCC#N)c4ccccc34)C(=O)N(O)C2=O)c2ccccc21,,-6.146531362038765,-2.166837028263151,,-3.254737769467118,-1.110824762456165,-1.0140193949236114,-1.934666429411097,-2.501057573328036,,0
b2AR-decoy_1331,CCC(/C=C/C(=O)N1CCCCC1)=C\c1ccc2c(c1)OCO2,,-5.791759590882696,-4.219356293228521,-3.098308356653789,-4.197365781931718,-2.653446396132945,-1.102982148390411,-0.2750113493751867,-4.037361999240306,-2.5787874268963877,0
b2AR-decoy_3078,O=C(Oc1ccc(Cl)cc1Cc1ccccc1)c1ccccc1c1ccc(C(F)(F)F)cc1,,-5.690381839971425,-3.399814825549771,-1.17727186109423,-2.020184999121338,0.5529468307449554,,-0.7469862947127668,-1.9330119899859264,-1.5913049290118972,0
b2AR-decoy_2476,CN(Cc1ccc(CN(C)c2ccc(F)cc2)cc1)c1ccc(F)cc1,,-5.284566475438076,-3.5245972178460008,,-2.5887675416476883,-2.1240833362488045,,-0.2872409211432272,-2.324267040659456,,0
b2AR-decoy_2284,C=C1CC[C@@H]2C(C)(C)CCC[C@@]2(C)[C@@H]1CC/C(C)=C/C(=O)Nc1ccc(C#N)cc1,,-5.044329062587705,,-0.5992051056921,-3.4785628274030085,-1.2956889901244546,1.939343700558629,,-2.904176215383976,-1.8852215672343768,0
b2AR-decoy_3103,CCNC(=O)c1ccccc1CC[C@]1(O)CCC2=Cc3c(cnn3c3ccc(F)cc3)C[C@@]21C,,-4.977658284330235,-4.4972831827730015,-2.5190299285659297,-2.2404661655481988,-3.680784177010235,2.024731920095079,-0.890066339526947,-3.827018157866757,-2.8682491746640166,0
b2AR-decoy_1384,C=CCC(C)(C)c1nnc2ccc(Sc3ccc(F)cc3F)cn12,,-4.876424854709275,,-2.772798392320269,-2.8807092535179084,-2.1833413252729548,,-2.323274760536777,-3.1891780530903864,,0
b2AR-decoy_453,Cc1cccc(Cl)c1NNC(=O)c1ccc(C(C)(C)C)cc1,,-4.862437608179935,-2.407808636064031,-2.2768551784671693,-2.0178101537254785,-1.6933940325724848,-2.497521735031732,-2.811081014417317,-2.458539206090526,-4.069132951941267,0
b2AR-decoy_1070,Cn1cc(C(c2ccc(O)c(O)c2O)c2cn(C)c3ccccc23)c2ccccc21,,-4.857984473069865,-4.531145804331591,-1.24870830225575,-3.1103249941282387,-2.669323023088345,,-2.765636361769247,,,0
b2AR-decoy_667,Oc1ccc(/C=C/c2cc(O)cc(/C=C/c3ccc(O)cc3)c2)cc1,,-4.797085163418525,-4.208694924594851,,-0.6375057850692882,-2.686808069512165,-0.0354168977889708,-3.4730486720124265,,-4.783585097374827,0
b2AR-decoy_127,CC(C)(C)c1cc(/C=N/NC(=S)Nc2ccccc2)cc(C(C)(C)C)c1O,,-4.7394927285866055,-4.186723089537591,-3.55257037339911,-2.1710122779423884,-1.0512004044589949,-1.0898587079255613,-1.2189082928274066,-2.1167115825063165,-4.220898324487788,0
b2AR-decoy_2688,CCN(c1cc(Cl)cc(C(=O)NCc2c(C(F)(F)F)cc(C)[nH]c2=O)c1C)C1CCOCC1,,-4.560301409093855,,0.0485324376556501,,-0.5711774459659251,,-0.3106990582033466,-1.0548509724858164,-2.109408085436447,0
b2AR-decoy_617,CC(=O)Nc1ccc(/C=C/C(=O)c2ccc(C(C)(C)C)cc2)cc1,,-4.5338270967676255,-0.0390351793617111,,-0.1059949748657382,-2.332347215335595,0.6465981445349192,,-1.0958875471347964,-4.642751778453437,0
b2AR-decoy_1185,S=C(N/N=C(\c1ccccc1)c1ccccn1)SCc1ccccc1,,-4.519832429541025,-3.927040790944191,-2.1805976724171794,-4.810365807312939,-2.2029552468671847,-3.2989719837654112,-2.139973942346667,-1.7425822895393868,-2.500061103943686,0
b2AR-decoy_2737,N#Cc1c(C(F)(F)F)cc(c2ccccc2)c2c3n(nc12)C(c1ccccc1)CCN3,,-4.461213942885605,-5.169891471969661,-1.1214650646201298,-2.6788722664962084,-1.2917422831719143,-1.2093391758243808,-1.713115012387937,-3.635005258948036,-2.3972162685919067,0
b2AR-decoy_305,O=C1N[C@@](c2ccc(OCCCC(F)(F)F)cc2F)(C(F)(F)F)CC(c2ccn(CC3CCC3)n2)=C1C(=O)NS(=O)(=O)C1CC1,,-4.436903525254405,-3.941361925703741,-2.8216325307479595,-2.587384731407049,-2.0415702682949446,-0.7746395518398108,-1.6329636633496865,-1.9893713696272368,-1.3246898784072667,0
b2AR-decoy_3100,C=C1/C(=C\C=C2/CCC[C@@]3(C)[C@H]2CC[C@@H]3[C@H](C)CC[C@@H](O)C(C)(C)O)C[C@@H](O)C[C@@H]1O,,-4.427731092578315,-3.166089077979491,-2.1299140241584293,-0.8141024769904686,-0.1402410645470446,-0.5777599920223109,-1.427033394272767,-3.203358833807436,-3.3585053953220974,0
b2AR-decoy_1130,CCOC[C@@]1(O)CC[C@@]2(C)[C@@H](CC[C@@H]3[C@@H]2CC[C@]2(C)[C@@H](C(C)=O)CC[C@@H]32)C1,,-4.425839076722285,,-3.4709402088795898,,-2.0843255070326743,-2.447119855136431,-3.3557033240313068,-3.6877592140011055,1.358851068906413,0
b2AR-decoy_1075,CC(=O)c1ccccc1c1cc(c2cn(CC#N)nc2c2cc(C)cc(O)c2)ccn1,,-4.395469610706815,-3.678313531262301,-1.3935706947616395,-2.3162953082465787,-1.9505659946852747,0.589057835775689,-0.8924491074119372,-2.2030016582850767,-1.9326135564365967,0
b2AR-decoy_2108,Cc1cc2c(c(c3cnn(CC(CO)CO)c3)c1)-c1ccccc1C2(O)C(F)(F)F,,-4.374723911228295,-3.528105611225631,-4.00310265293765,-2.8250940370001185,-2.7824668959749648,,-2.160639791634257,-3.5356597214983267,-3.328050779034877,0
b2AR-decoy_2977,C[C@]12ON(P(=O)(c3ccccc3)c3ccccc3)[C@](C)(c3ccccc31)c1ccccc12,,-4.3507666151631055,-5.277408062655721,-0.3440165052894697,0.6878021055313517,-2.2340381455543543,-0.5059300955873107,-1.4114929085270769,-0.0254877047126265,,0
b2AR-decoy_372,Cc1cccc(N2C3=C(C(=O)CC(C)(C)C3)[C@]3(O)C(=O)c4ccccc4[C@]23O)c1,,-4.341457544980985,-4.747555219938802,-1.3134043765582897,-2.6264571018821288,-3.092327675619705,-0.0643232912417008,-2.1639281222168467,-3.866382807800236,-1.634841767831047,0
b2AR-decoy_3116,C=C1/C(=C\C=C2/CCC[C@@]3(C)[C@H]2CC[C@@H]3[C@H](C)CCC[C@@](C)(O)[C@@H](C)CO)C[C@@H](O)C[C@@H]1O,,-4.326369026663395,,-2.6829471924232298,-3.384199718927368,,,-1.441002124191657,-2.273995497140536,,0
b2AR-decoy_2139,CS(=O)(=O)NCc1ccc(c2c(O)ccc3[nH]c(=O)c4sccc4c32)cc1,,-4.313751806741435,-2.6734745834943414,,,,,-1.2758304098191866,-0.9835309375787262,-1.8993175640414168,0
b2AR-decoy_1696,Cc1c(C(C)(C)C)s/c(=N/S(=O)(=O)c2ccccc2)n1C,,-4.2488379554681455,-2.890869846114072,,-2.0794092264126087,-1.3982923842301744,-0.5268165138506413,-2.5637018727063365,-1.627832686713516,-3.675786315900337,0
b2AR-decoy_2250,CC(C)c1ccccc1Sc1c(O)cc(c2cccc(c3ccccc3)c2)oc1=O,,-4.207700832084235,-4.405139451698661,-2.05216354118552,-1.3390396069423884,-1.399662934186165,-2.425691690149171,-1.347807333681267,-2.4545892576548667,-2.745913211338437,0
b2AR-decoy_2926,C=C1/C(=C\C=C2/CCC[C@]3(C)C([C@H](C)CCC/C(=N\O)C(C)(C)C)=CC[C@@H]23)C[C@H](O)C[C@H]1O,,-4.190898161521665,-2.944595771288792,-2.8955057496527994,-2.2920764048487783,-1.5630625976884645,-0.4969964331536411,0.2969834632604335,-3.690214368154936,,0
b2AR-decoy_320,Cc1cc(c2ccc3oc(=O)cc(c4ccccc4)c3c2)c(C)cc1CO,,-4.113712891561975,-4.192457471223271,,-1.879288450744208,-3.3642672423956848,-1.9799692334138408,,-2.0935422727293664,,0
b2AR-decoy_256,CCCCN(CCCC)C(=O)c1cc(C)n(c2ccc(NS(=O)(=O)C(C)C)cc2C(=O)N2Cc3ccccc3C[C@H]2CO)n1,,-4.096046580604745,-4.417357182374381,,,,-2.3573824871806317,-1.941320868719397,,,0
b2AR-decoy_1885,CCOC(=O)C(C)(C)C1=C/C(=C\c2cccc(c3ccccc3)c2)c2ccc(F)cc21,,-4.072126862067545,-1.5464732042388412,-1.0360041982526995,-0.5898736943675984,0.4714374477098952,0.5005683433597592,-1.5547568243646666,-2.550952616677196,-1.6673705033213673,0
b2AR-decoy_1138,COc1cc(/C=C\c2cc(C(C)(C)C)c(O)c(C(C)(C)C)c2)cc(OC)c1,,-3.972582139009565,-2.425454798694271,-2.83262695165194,,-1.6842692974382445,-0.3132326757038211,-1.0337676239283369,,-3.2716136765002566,0
b2AR-decoy_3102,COc1cc(OC)c2c(c1Cc1ccc(O)cc1)CCc1c-2ccc(O)c1CC=C(C)C,,-3.9587142803320647,-3.2259034831290414,-2.12134565409907,-2.2413279004002984,-2.3129967175962047,0.4268555669825487,,-3.4074203230278064,-2.3990568441274367,0
b2AR-decoy_858,CCCCOC(=O)c1cc(C(C)(C)C)c(O)c(C(C)(C)C)c1,,-3.874824174315025,-2.820253575783592,-2.3878363501586097,-2.2501868835786283,-1.513673795301805,0.1519176213457793,-0.7822524640472466,-2.3857440638625667,-2.7811841750755373,0
b2AR-decoy_1387,COc1ccc(c2ccc(c3ccc4c(c3)COC4=O)s2)cc1,,-3.826221776307145,-5.034936653954452,-3.0197789966213198,-4.285249152986668,-3.013609640305255,-2.564037907657661,-0.5070155130187972,-4.332966689358086,-1.8222772237192069,0
b2AR-decoy_241,CC(C)(C)Cn1ccc(C2=C(C(=O)NS(=O)(=O)C3CC3)C(=O)N[C@@](c3ccc(CCCCC(F)(F)F)cc3F)(C(F)(F)F)C2)n1,,-3.824270783365275,-3.9579172987858016,-1.1359681329766094,-1.4074923384921585,-0.7545103266139446,0.677213525834889,-1.0331555774067969,-1.5201065154979565,-0.826269036569367,0
b2AR-decoy_1555,CSC1=C(COP(N)(=O)N(CCCl)CCCl)C(=O)c2ccccc2C1=O,,-3.819964061304815,-4.127942219707851,-1.4795339798379097,-2.638818482898948,-0.5688375551051443,-1.3405287445657708,-1.191110506078907,-2.8856070589658867,-2.709626457811327,0
b2AR-decoy_2297,O=S(=O)(c1ccc(Cl)cc1)c1sc2nccc(O)c2c1c1ccc(Cl)cc1,,-3.813675908770965,-4.310786986337261,-1.9422356255526,,-0.5382949575964249,,-0.5110124212683065,-2.2189627840317065,,0
b2AR-decoy_18,CCOC(=O)c1nc(c2cc(C(C)(C)C)c(O)c(C(C)(C)C)c2)ns1,,-3.8105769530265543,-3.5489191263778608,-2.61518027419592,-0.2916040814489884,-1.1789813759577843,-1.5667724132029814,1.4786959451821031,-2.737652427296176,-2.585620840959407,0
b2AR-decoy_1139,CCCCc1oc2ccccc2c1C(=O)c1ccc(c2ccc(O)cc2)cc1,,-3.809941245744256,-4.069688298167391,-2.1560485091220998,-5.280956332455768,-2.5905514364554145,-3.038334772965621,-2.7384186271412965,-5.030439288879206,-1.6520505246835966,0
b2AR-decoy_1522,CC(C)c1cc(CCCCCCC(O)(C(N)=O)C(F)(F)F)cc(C(C)C)c1O,,-3.802138932035756,,-0.0389318808200798,,-2.1300104232604946,,-1.5081856364818265,-2.8719433111181463,-3.692174959166977,0
b2AR-decoy_326,Cc1[nH]cc(Br)c(=O)c1c1ccc(Oc2ccccc2)cc1,,-3.786660472191775,-3.651381248812881,-2.43332476589549,-1.5895651805568782,-1.665010995310265,-2.192374170049451,-1.3895181148535265,-3.110935785536346,-3.244157661521847,0
b2AR-decoy_1807,Cc1noc(NS(=O)(=O)c2ccccc2c2ccc(CCC(C)C)cc2)c1C,,-3.770691789812555,-3.4706209890999613,-0.4938887415664599,,,,3.251895520175933,-2.4197184818709463,,0
b2AR-decoy_1214,CCn1c(=N)n(CCCOc2ccc(Cl)cc2Cl)c2ccccc21,,-3.770092207036515,-3.938005267282021,-1.6670020940461994,-2.719947669605599,-3.1239452359740545,-1.1362968154842212,0.5072786232973128,-3.2318396226407264,,0
b2AR-decoy_2912,O=C1c2c(Cl)c(Cl)c(Cl)c(Cl)c2C(=O)N1c1ccc(CCc2cccc(O)c2)cc1,,-3.755104107130915,,,,,,,-0.8938888996102365,0.3367521408053529,0
b2AR-decoy_2275,COc1cc(c2ccc3sc(c4ccsc4)c(C#CCO)c3c2)cc(OC)c1OC,,-3.7426851555066856,-5.322777569465491,,-3.802986524043949,-1.5405455115197544,,,-0.7222050405497065,,0
b2AR-decoy_3146,C[Si](C)(C)CCOCS(=O)(=O)c1ccccc1c1ccc(c2cnc(N)nc2)c(F)c1,,-3.736994413736405,-5.039987708103071,-2.09372146976757,-1.5293994422762482,-3.0724281268917446,2.255148686414329,-1.616981940467947,-0.0747299498372364,-3.640105900272357,0
b2AR-decoy_899,COc1ccc(NC(=O)/C=C/c2ccc(C(C)(C)C)cc2)cc1,,-3.724998738586345,-2.150087346191261,-3.6975431095561095,,-1.5409966815197444,-2.420915228353021,,-1.944946840667466,-4.286897057569737,0
b2AR-decoy_3039,CCOC(=O)CCc1ccc(c2ccc(OC)cc2)n1c1ccc(S(N)(=O)=O)cc1C,,-3.658271932288885,-5.361639538919682,0.6417767801189305,-1.3708179055867582,-3.1911696647644945,,,-3.501107744560306,-1.281878033853867,0
b2AR-decoy_831,CC(C)N(C(=O)[C@H]1CCC2C3CC=C4C=C(CO)CC[C@]4(C)C3CC[C@@]21C)C(C)C,,-3.638042800051705,-2.771334698388511,-2.581033005919409,,-0.3736569259057543,,,-3.4425653704998265,,0
b2AR-decoy_3163,C=C1CC[C@@H]2[C@@H](C1)c1c(OC)cc(C(C)(C)CCCCCC)cc1OC2(C)C,,-3.609765497977455,-4.007630526292121,-1.4364977900218694,-1.1500615764986986,-2.161900954620995,-1.6804077101308108,0.7067223523367532,-1.608044296048046,-2.727699435239677,0
b2AR-decoy_939,Cc1cc(C(c2ccc(O)cc2)c2cc(C)c(O)cc2C)c(C)cc1O,,-3.5973123352023557,-3.845113416747421,-1.91161271046326,-2.5040178616152486,-2.897173749685085,-1.1434161753050909,-2.088505988860117,-2.7547110648297064,-2.586889697571967,0
b2AR-decoy_214,COc1ccc(S(=O)(=O)N(Cc2ccc3c(c2)OCO3)[C@H](CCC(=O)N(CCc2ccccc2)Cc2ccccc2)C(=O)NO)cc1,,-3.554925864158365,-5.654382457877651,-2.76822248708156,-1.4998808399496788,-1.8188035878429645,2.103007586494299,-5.070028833383597,-3.950218541589126,-0.2259325681624768,0
b2AR-decoy_1411,COC(=O)c1cnc(N)s1,,-3.5351213152447247,0.1397673155402188,,,,-0.8209901584423109,2.810236923137393,,-1.5413428583867366,0
b2AR-decoy_729,COc1ccc(c2ccc3oc(c4ccc(OC)cc4)c(C#CCCO)c3c2)cc1,,-3.520066872877905,-3.186963314616051,,-1.8883167199239388,-2.1607365359481445,-0.8996827020105709,1.2550133463427833,-1.3911756519222562,-2.3282444389278667,0
b2AR-decoy_2456,CC(C)C1=C(Sc2ccccc2)c2ccc3c(c2C(=O)C1=O)CCCC3(C)C,,-3.496705876311765,-2.596813612242041,,-2.5169390499618283,-2.487760228240025,-2.538905102156571,-3.343419261293177,-3.1436599296031167,,0
b2AR-decoy_22,Cn1nc(c2ccccc2)c(C(O)c2ccccc2C(F)(F)F)c1Cl,,-3.4916155133917552,,-2.43040732217834,,-2.4857444431200344,-1.4869543687943914,-1.3953931224770972,-5.074094275560796,-3.1354221377030678,0
b2AR-decoy_959,CC(C)Sc1sc(C(=O)NC2CC2)c(c2ccc(Cl)cc2)c1C#N,,-3.459217282233765,0.2390088172152888,-0.5156973405827898,,,-0.8536886254526106,-1.8449863340710069,-2.7510534018147066,-1.4396156128308673,0
b2AR-decoy_2569,CC(=O)SS[C@]1(Cl)C(C)(C)[C@@](Cl)(SSC(C)=O)C1(C)C,,-3.4533952995866954,,-1.84297136109872,-1.211450937753888,-0.1719459301400343,-0.4342635707677011,,-2.6684017627836267,-1.5580188769485566,0
b2AR-decoy_2494,CCCCCc1cc2c(c(N(C)C)c1)C1=C(CCC(C)C1)C(C)(C)O2,,-3.452588420988125,,,,,,,,,0
b2AR-decoy_271,COc1cc([C@](O)(CC[NH+](C)C)[C@H](c2cc(OC(C)C)cnc2OC)c2cc3cc(Br)ccc3nc2OC)cc(OC)n1,,-3.4227647317514256,-3.586459231387951,-1.7082896292065195,-4.018720275791218,-2.5322191985844045,,-0.1967091150788968,-1.8320291801205864,-2.138015604071968,0
b2AR-decoy_2879,Cn1cccc1/C=C/c1cc(Br)c(/C=C/c2cccn2C)cc1Br,,-3.394557518185405,-1.8856247807532915,,,,,-2.082710265432387,,,0
b2AR-decoy_630,CC(C)(C)c1ccccc1Oc1ncccc1Nc1nncs1,,-3.380996983756975,-3.673421354243101,-2.41577682880926,,-0.4803001090586143,-1.3957230527446909,0.456600975562373,-3.1460147684868964,-1.7683441416308168,0
b2AR-decoy_652,N#Cc1c(c2ccccc2)cc2[nH]nc(c3ccccc3)c2c1c1ccccc1,,-3.3779792820096155,,-1.4998388208042694,-2.0779474358950782,,1.222617221438579,0.4529587413084028,,,0
b2AR-decoy_1348,COC(=O)c1ccc(/C=C(\C)c2ccc3c(c2)C(C)(C)CO3)cc1,,-3.366123927706215,-2.4714078511803117,-1.4423776784200897,-3.656843213841748,-2.0373758976810743,-0.3958324892873008,-0.6938539882399368,-1.9611786381242764,-1.502302655211177,0
b2AR-decoy_1545,CCCCCCCCCCC1=C(OC(C)=O)C(=O)c2ccccc2C1=O,,-3.363100137149025,-0.858269798445471,-3.1686256134557595,-2.0325984979330087,,-1.2096553751461112,1.5418695471587034,-0.8154494409626163,,0
b2AR-decoy_2383,CNC(=O)c1c(SSc2[nH]c3ccccc3c2C(=O)NC)[nH]c2ccccc12,,-3.3529254051559247,-2.613802059809321,-2.57280351093155,-2.6516310010055184,-1.6346902713073543,-0.0644274571812308,-1.2462745126187764,-3.0035630030922267,-3.2601925895844768,0
b2AR-decoy_111,CC(C)(C)c1ccc(/C=N/Nc2ncnc3sc4c(c23)CCCC4)cc1,,-3.3513702626948447,-2.282515579296871,-1.5578119704785394,-2.3595912754337887,-3.2060012592067544,-2.527154106379121,,-3.390235192264896,-1.8419626236220967,0
b2AR-decoy_2876,CCCCCCC1(c2cc(O)c3c(c2)OC(C)(C)[C@@H]2CC=C(C)C[C@@H]32)CCCC1,,-3.343263168164505,,,,,-0.8402490660785711,,0.1955289784401936,-1.8113403760600968,0
b2AR-decoy_42,CCOC(=O)c1nsc(c2cc(C(C)(C)C)c(O)c(C(C)(C)C)c2)n1,,-3.316942739221025,-3.518349615305551,-2.798860362773889,-1.9781937225877089,-1.3128407260436248,,-0.3957639364094572,-2.1448427903055967,,0
b2AR-decoy_1285,CCCCOc1ccc(/C=C/c2cc(O)cc(O)c2)cc1,,-3.304598958772865,-1.3527250743874113,-2.70487424930972,-2.136652714343488,-2.175145723600985,0.888718648409279,,-3.8310944927765167,-3.0743588596247267,0
b2AR-decoy_645,CCCCCc1cc(NC(C)=O)c2c(c1)OC(C)(C)C1=C2CC(C)CC1,,-3.3024458597465856,,,,-1.456992607621805,,,-2.6152297391856862,,0
b2AR-decoy_2779,CCC(C)(C)c1nnc(c2nn(c3ccc(Cl)cc3Cl)c(c3ccc(Cl)cc3)c2C)o1,,-3.291168452351295,,-1.0381008307593396,,0.1907928411539554,,-0.4613816172543972,,-2.440106693476077,0
b2AR-decoy_2761,CC1(c2cccc(Cl)c2)CC(c2cccc(Cl)c2)=C(C#N)C(=C(C#N)C#N)N1,,-3.278994255072665,-2.676553576257141,-0.8789890583953799,-2.5471584964531484,-1.049975348231535,,-1.6665263300857864,-3.594473482300546,,0
b2AR-decoy_710,COC(=N)/C(=C1\OC(=N)C(c2ccc(Cl)cc2)=C1O)c1ccc(Cl)cc1,,-3.252262214152545,,,-2.9918296019499584,,-0.663848304968031,,-2.6332290716369062,-1.2774791474712068,0
b2AR-decoy_1603,CC(C)C[C@H](C(N)=O)N(Cc1ccc2c(c1)OCO2)S(=O)(=O)c1ccc(Cl)cc1,,-3.249659815322105,,,-2.915526100904718,-2.0023556100999045,0.553358431256679,-2.400760466286507,-3.323053610569656,-2.7563742157080173,0
b2AR-decoy_1687,Cc1cc(C)c(C)c(C(=O)C2OC(=O)C(C)(C)C(=O)C2(C)C)c1C,,-3.2007246723021847,-3.861080358055271,,-2.6689996954825483,-2.8037885792699244,,-1.865221930386797,-3.655471181777987,-2.9323990067629366,0
b2AR-decoy_768,CC(=O)C1=C(C)Nc2ccccc2SC1c1ccccc1[N+](=O)[O-],,-3.195864897621025,,,-1.3276504016846085,-3.867120914282995,,-1.4526910669459268,-4.433605986582196,,0
b2AR-decoy_1260,CC(F)(F)c1nn2cc(c3cc4cccc(OC(F)(F)F)c4o3)nc2s1,,-3.1923598597574347,-1.7808392289057111,-2.2745996934472696,-3.4342351870731385,-1.1121516728580545,-1.9154592189188309,1.188850511213233,-0.1271517576041763,-2.496772844242107,0
b2AR-decoy_2695,Cc1ccc(C(=O)N/C(=C\c2ccc(c3cc(Cl)ccc3Cl)o2)C(=O)NCc2cccnc2)cc1,,-3.186150692357965,-4.423000488866801,,-3.523299752303479,-1.4914615708621843,-1.3550175042359411,-1.299175468754477,-5.018861037229306,-1.876357774024417,0
b2AR-decoy_3172,CC1=C(C/C=C(\C)CC/C=C(\C)Cc2ccc(C)cc2C)C(=O)c2ccccc2C1=O,,-3.1827186941740955,-3.451546055160841,0.6511213609917301,-1.7301890126911887,-1.0665254613864643,-0.2530508530412714,-0.4866652186602369,-2.0733898597870564,-2.673146982776187,0
b2AR-decoy_3093,Cc1ccc(C)c(/C=C(\C(=O)c2ccc(Cl)cc2)S(=O)(=O)Cc2ccc(Cl)cc2)c1,,-3.172507637944745,-2.7825292293068014,,,-2.4624938733412343,-1.4658197902758312,0.1912047865044828,,-2.4352134375266368,0
b2AR-decoy_1915,CCCC(=O)c1cc(C(C)(C)C)c2c(c1)C(C1CCCC1)(C1CCCC1)CO2,,-3.148542801708265,-2.7174081769616416,-0.7320960682657396,-1.636535388928098,-1.653366580854545,-1.771672210063981,-2.053179468515527,-2.7754589917435366,-1.5595778789794663,0
b2AR-decoy_1023,CCCCc1nc(Cl)c(/C=C/C(=O)c2ccc(Cl)s2)n1C,,-3.141509478956205,-3.4061365120064613,-0.2827044435716099,-2.1780763675627783,-0.6936361802930344,-2.8086482132438717,-1.3272972389492468,-2.900451226113036,-2.1952798667630677,0
b2AR-decoy_2459,CCC1(CC)CC(c2ccc(F)cc2)=C(c2ccc(S(C)(=O)=O)cc2)C1,,-3.107646963767205,-2.5415460013989613,-2.2757607086786296,,-2.4387596941361247,-0.3485812331743414,-2.1704492327282168,-2.1836871838852963,-4.319738626083778,0
b2AR-decoy_1726,CC(C)(C)NC(=O)C(c1ccc(Cl)cc1)N(Cc1ccco1)C(=O)CCl,,-3.1017160552513348,-2.776758049585712,,,0.3843256516927651,-1.1836368602200409,,-1.881700769655226,,0
b2AR-decoy_103,CCCCNC(=S)N1C/C(=C\c2ccccc2C)C(=O)/C(=C/c2ccccc2C)C1,,-3.0355463227189654,-3.938163699949121,,,0.3497045364377453,1.568231840269429,,,,0
b2AR-decoy_2663,CO/C=C(/C(=O)OC)c1ccccc1COc1cccc(C(=O)/C=C/c2ccc(Br)cc2)c1,,-3.029832971542725,,,,,1.1735007620605091,,,-2.417589730860977,0
b2AR-decoy_2464,O=S(=O)(Oc1ccc(c2ccc3sccc3c2)cc1)c1ccccc1,,-3.013863145253895,-4.3101902909652114,-0.8494624591494797,-1.945420432874398,0.3571427222022851,-1.863683287204001,-2.283226050229457,-3.110792498126947,-2.996862193387067,0
b2AR-decoy_3156,CC1(C)[C@@H]2CC[C@@]1(C)/C(=N/CCCCCC/N=C1\C[C@H]3CC[C@]1(C)C3(C)C)C2,,-3.012416642574915,-3.5160925796502718,-3.061595395057,-1.8471598237382985,0.3252806886115653,,-0.4071053967638072,-1.6346608940864762,-2.923879210474247,0
b2AR-decoy_106,COc1c2c(c(/C=C\C(C)(C)O)c3oc(c4ccccc4)cc(=O)c13)OC(C)(C)C=C2,,-2.9374622348557056,,,-3.0040140436032186,0.1427230827723353,,,,-2.020428766253848,0
b2AR-decoy_1503,CC(=O)OC(CC(C)C)P1(=O)N(CC(C)(C)C)[C@@H]2CCCC[C@H]2N1CC(C)(C)C,,-2.9114064758118747,1.2676368898438128,-1.5345630095004,-1.2423051130973786,-1.9087400010281348,2.019812297397609,-0.4162622477594171,-1.745568457084456,-3.091494511834437,0
b2AR-decoy_1917,Cn1cc(/C=C2\CCC/C(=C\c3cn(C)c4ccccc34)C2=O)c2ccccc21,,-2.874452227051525,,,,-0.5542146893570248,,-0.5878582228704365,-1.6218570249931863,-1.720760906996627,0
b2AR-decoy_2740,O=C1c2ccccc2C(OCc2cccc(O)c2)(c2ccccc2)N1Cc1ccccc1,,-2.858993592769816,-4.227467018074631,-3.72630169259066,-4.046005087105009,-1.7046888271646443,-1.8061544966649008,-3.3706910399332672,-3.607241063470497,-3.6060372745443368,0
b2AR-decoy_1843,COc1ccc(OC)c(S/C(N)=C(C#N)/C(C#N)=C(\N)Sc2cc(OC)ccc2OC)c1,,-2.704030575530365,-1.6344145746963412,0.1263097368495502,,,-0.4284076418427212,0.3455796499412935,-2.842565399076526,,0
b2AR-decoy_2251,Cc1ccccc1/C=C1\CN(C(=S)Nc2ccccc2)C/C(=C\c2ccccc2C)C1=O,,-2.6675009888252648,,,,,,,-1.7497806957440067,-1.702096512355467,0
b2AR-decoy_1851,CSC(SC)=C(C#N)C(=O)N/N=C(\C)c1ccc(NS(=O)(=O)c2ccc(Cl)cc2)cc1,,-2.6554329002651453,-1.4655190615343612,2.075534319326368,,,,,,-1.1216147441691071,0
b2AR-decoy_2281,O=C(/C(=C\c1c2ccccc2[nH]c1c1ccccc1)C(=O)C(F)(F)F)c1ccco1,,-2.650416534844415,-3.049540305943781,,,,,-0.1424690664164565,-1.9760552408145864,,0
b2AR-decoy_1582,O=C(NCCCn1ccc(=O)[nH]c1=O)C(c1ccccc1)(c1ccccc1)c1ccccc1,,-2.645780611121495,-3.808215402223291,-1.5777092086381996,-3.148298064007088,-1.8349587454601544,-2.5611192258637807,-0.7070810970505672,-1.5675754392491168,-1.2762404346072267,0
b2AR-decoy_273,CCCCN(CCCC)C(=O)c1cc(C)n(c2ccc(N[S+]([O-])c3c(C)onc3c3ccccc3)cc2C(=O)N2Cc3ccccc3C[C@H]2CO)n1,,-2.645306340510305,,,,0.7526987981329554,-1.3919313896111607,-2.3590298706156467,,-0.9416609376310467,0
b2AR-decoy_152,C=C(C)[C@@H]1CC[C@]2(C(=O)NCCCCCCCC(=O)NCC(=O)[O-])CC[C@]3(C)[C@H](CC[C@@H]4[C@@]5(C)CC[C@H](O)C(C)(C)[C@@H]5CC[C@]43C)[C@@H]12,,-2.640687511350695,,-2.65338015373728,,,-3.2719575874519906,,-3.332661333470666,,0
b2AR-decoy_301,COc1cc([C@](O)(CC[NH+](C)C)[C@@H](c2cc3cc(Br)ccc3nc2OC)c2ccnc(OC)c2OC)cc(OC(C)C)n1,,-2.594064608355985,-2.5932978811075413,-1.4491354833683694,-2.730664234831928,-0.4727053147322344,1.227886722249739,,0.5795898883629036,-2.220609515035187,0
b2AR-decoy_1016,COc1cc(c2nccnc2c2ccc(N(C)C)cc2)cc(OC)c1OC,,-2.5471894221044757,-3.4557712250194914,-3.657475260621,-2.7310142461821387,-0.8061394692405148,0.3454187759029086,-1.7426984024153969,-3.3849767265594064,-2.943490081480857,0
b2AR-decoy_1841,COc1ccc(CN([C@H](CC(C)C)C(N)=O)S(=O)(=O)c2ccc(C(F)(F)F)cc2)cc1F,,-2.515240486912236,-1.1768930371000814,-2.5650890550576197,,,-0.7782287163263106,,-2.5385251518285967,-2.864452535805127,0
b2AR-decoy_1364,Cc1ccc(/C(=C(/C#N)c2ccc(O)cc2)c2ccc(O)cc2)cc1,,-2.497581279580965,-2.1995988681098515,-0.8919119279412397,-2.197945623371909,-2.6890106004226046,-2.757202426482121,-2.001016658127467,-3.439877391737676,-2.6384259902805174,0
b2AR-decoy_2776,CCS(=O)(=O)N(Cc1ccc(F)c(C(F)(F)F)c1)c1sc2ccccc2c1C(C)(C)O,,-2.495015946740456,,,-2.506532123407088,-1.2946936874080448,,,-3.669239691027436,0.6162074406866731,0
b2AR-decoy_82,CC(C)=CCc1c(O)c2c(c3c1OC(C)(C)C=C3)CC=C(c1ccc(O)c(O)c1)C2=O,,-2.457688315506375,-3.3778661906520115,,,-1.113804087204195,0.9418471222929892,,-2.3529519167167567,-0.395158044036807,0
b2AR-decoy_2153,COC1(c2cc(Sc3ccc(/C(C)=N/O)cc3)cc(F)c2C)CCOCC1,,-2.397102571705335,-2.853957291688201,-2.38853371353866,-1.9647817274710189,-2.985938129733915,-2.454836542938941,-1.2595951838755566,-2.4581547565114965,-3.9185927530258673,0
b2AR-decoy_2490,COc1ccc(C2(c3ccc(OC)cc3)Sc3ccccc3-n3cccc32)cc1,,-2.3662020685700758,-3.442441330472451,-2.9133417752225395,-2.2268603944434986,-0.9587274510590752,0.482875654230019,,-3.3776942071821763,,0
b2AR-decoy_297,CCCCC(=O)Nc1ccc(Br)c(n2nc(C)n(Cc3ccc(c4ccccc4S(=O)(=O)NC(=O)OC(C)(C)C)cc3F)c2=O)c1,,-2.347486828069475,-4.239032752137941,0.5361707598091701,-1.5994384046149488,-1.572423619351075,-0.6834764695930406,-0.9149450584006368,-0.4362055191940963,-0.6398186870379869,0
b2AR-decoy_2731,O=S(=O)(NCCCN1c2ccccc2CCc2ccc(Cl)cc21)c1ccc(Cl)cc1F,,-2.2913919537317256,-4.682489793924681,-0.0945454566236296,-3.2764813070145884,-1.3483984598929544,-2.277093028321481,,-2.986393808068846,,0
b2AR-decoy_2700,O=C(Cc1ccc(Cl)cc1)NC(NC(=O)Cc1ccc(Cl)cc1)c1ccccc1C(F)(F)F,,-2.1883014052491854,-1.966153969494961,-3.5792675336844795,-3.542640610894148,,-0.1766947954533506,-2.634296294216127,-3.3751961780212065,-4.496502059160557,0
b2AR-decoy_2685,Cc1ccccc1C1CC(c2ccc(OCc3ccccc3)cc2)=NN1c1ccc(S(N)(=O)=O)cc1,,-2.167868609267485,-2.1109345101837915,,-3.101690758949829,,,-1.7934637918353469,-1.8940716739062664,1.237129304048203,0
b2AR-decoy_1238,CC(C)c1csc(c2nnc3n2N=C(c2ccc(Cl)cc2)CS3)n1,,-2.121874416588965,-4.187984034038371,,-1.7933921856217685,-1.593047064381465,-1.203475120078581,-1.6511311871880672,-1.9141177877153863,-1.7287266469729867,0
b2AR-decoy_98,CCCCNC(=S)N1C/C(=C\c2ccc(C)cc2)C(=O)/C(=C/c2ccc(C)cc2)C1,,-2.115231647022525,,-1.7666753603640195,,,,,-1.8030693680137064,,0
b2AR-decoy_1638,CCOC(=O)Cc1cc(c2ccc(C)cc2)n(c2ccc(S(C)(=O)=O)cc2)c1C,,-2.102866338545525,-3.366969663539221,-1.7243878687800098,-2.564342982016538,-0.8215465250731047,-1.3453943242181214,-0.317468910968067,-2.523267847568996,-1.6166186578122974,0
b2AR-decoy_1856,C/C(CC(=O)NCC(C)C)=N\NC(=O)COc1cc(C)c(Br)cc1Br,,-2.033667394411235,-2.1473153969559915,1.2372001917762905,-2.326926320159078,-0.4932344000980047,,,-1.0687676039440364,-0.0583231149694469,0
b2AR-decoy_2734,CCCCNC(=O)C1C(c2ccccc2)=Nc2ccccc2N1C(=O)c1ccc(C(F)(F)F)cc1,,-2.0327039543229453,1.2731589682913398,1.4388186140149102,-1.9634369854575588,2.390926836625895,4.396218339786663,2.260892546856413,0.0977012689003036,0.3972276927156932,0
b2AR-decoy_2654,COc1ccc(C(=O)CN2C(=O)S/C(=C\C3=C(Cl)c4cc(C)c(C)cc4CCC3)C2=O)cc1,,-2.020469819140575,,-1.8023439320783796,0.6852183685832216,0.4741485009395152,-1.360441946150171,,-2.670933940823576,,0
b2AR-decoy_2215,CC(C)=CC/C=C(/C)[C@H]1CC[C@]2(C)[C@@H]1[C@H](O)C[C@@H]1[C@@]3(C)CC[C@H](O)C(C)(C)[C@@H]3[C@@H](O)C[C@]12C,,-2.0180952446302958,-3.667563634938032,,,,,,-0.8561763592379665,-2.4852648836237567,0
b2AR-decoy_806,COc1cc(OC)cc(c2sc3ccc(OC)cc3c2c2ccc3cc[nH]c3c2)c1,,-1.988371331576435,-3.3070918675769017,-0.8348833683760897,-2.882439604470158,0.1944499839437052,2.064773811365829,-1.6631810153562672,-3.1951207373131965,,0
b2AR-decoy_1876,CCC/C=C\Cn1nnc(c2ccc(Cl)cc2Cl)c1c1ccc(Cl)cc1,,-1.9112733871839451,-1.8852996931300607,-1.0836848075084196,,-2.224092927126975,0.465748042540409,-2.405433056326137,-1.5864426204611366,,0
b2AR-decoy_3004,COc1ccc(OC)c(CCn2ccc3ccc(c4ccccc4S(N)(=O)=O)cc3c2=O)c1,,-1.8360730001957952,,-0.7579646170941698,-1.859282834960318,,,3.922404754319523,,0.4166934999786829,0
b2AR-decoy_2683,CNc1ccc(c2[nH]c(c3ccc(/C=C/C(=O)OC)cc3)nc2c2ccc(N(C)C)cc2)cc1,,-1.769528818606835,-3.119620150230761,,-0.9504149505396384,-0.3853430501673847,0.8031300409096991,,-4.144998182528476,-1.6791145274485868,0
b2AR-decoy_2391,C=CCNc1nc(N)c(C(=C(C#N)C#N)c2ccc(Br)cc2)s1,,-1.7531434073028351,,-0.4184362120940799,-0.8440885469125083,-0.7283029007594148,1.6335656467550588,0.9887498006419332,-2.0544902425674163,-1.260737847657817,0
b2AR-decoy_836,CCC1=C(C)C2=C(c3ccc(O)cc3)c3c(C)c(CC)c(C)n3[B-](F)(F)[N+]2=C1C,,-1.732319056854425,-4.496465668977221,-0.0281044853287095,,-2.206633735042235,,-0.4156395290369667,-2.5598952002798168,,0
b2AR-decoy_828,CCCCC1Oc2cccc(OC)c2-c2ccc3c(c21)C(C)=CC(C)(C)N3,,-1.6929620887924552,-3.829524821833451,,-0.9891226662740688,-2.092786367398615,,-1.7392706976768766,-3.5022659454210663,-1.8211352292637568,0
b2AR-decoy_2199,O=C1C(=Cc2c[nH]c3ccccc23)C(=O)N(c2ccc(Cl)cc2)N1c1ccc(Cl)cc1,,-1.681425139196465,-3.970531610421752,-1.4952019523171298,,,,,0.5071001656586835,-1.0557181261483266,0
b2AR-decoy_1870,O=C(NCCO)/C(=C/c1ccc(Oc2ccccc2Br)cc1)NC(=O)c1ccccc1,,-1.6474435277340254,-1.596072134612331,0.8588464701006004,-2.9695871036507784,,-1.4200799785432414,,-2.1955091626207563,-2.248471236383087,0
b2AR-decoy_1093,CCCc1n[nH]c2c1C(c1ccc(Cl)cc1)c1c(nc3c(c1N)CSCC3)O2,,-1.591107684883755,-3.863950885693361,-1.46398792154318,-2.426946160747998,,-3.064062403620251,-3.0364883492134265,-3.006274591624126,-3.293463033751437,0
b2AR-decoy_657,CC(C)(C)c1cc(C(=O)/C=C/c2ccc3c(c2)CCO3)cc(C(C)(C)C)c1O,,-1.5256781741017154,-1.9712114560066116,-1.62665985636779,-1.2733716512437887,-1.8239007195062449,,-0.2752406300810666,-2.8039556840948867,-0.8285244978171669,0
b2AR-decoy_213,CNC(=O)Nc1ccc(/C=C/C(=O)NCC(=O)N(C)c2ccc(Cl)c(COc3cccn4c(Br)c(C)nc34)c2Cl)cc1,,-0.9432532468938452,-2.344767579864251,-0.9889635365938898,-2.609088730399148,-0.1637156195091744,0.1597805278241688,-0.6156783044473872,-1.6839994584466966,-3.620426168797047,0
b2AR-decoy_2523,CC(C)(C)NC(=O)C(c1cccnc1)N(C(=O)Cc1cccnc1)c1ccc(C(C)(C)C)cc1,,-0.8403466036261054,-1.3754639284503614,,,0.0511776621632553,0.4090952682661486,,-0.5006511145221864,,0
b2AR-decoy_2925,CC(C)(C)Oc1cccc(C(=O)N2Cc3ccccc3C(c3ccccc3)c3ccccc32)c1,,-0.6633460513567453,-2.6872719054150918,-3.06825226577026,-2.6537342032718687,-2.004882655992895,-0.5421096749519014,-0.2626433542235968,-1.0894520580882063,-3.3899304655197477,0
b2AR-decoy_1778,O=S(=O)(c1ccccc1)N(CC(O)Cn1c2ccccc2c2ccccc21)c1ccccc1,,-0.6262708625026954,-5.181607830241951,-2.98466161849972,-1.2983480760685282,,,,-2.7976423470381464,-3.494106242833967,0
b2AR-decoy_736,COc1ccc([Si](C)(C)COc2cc(C(C)(C)C)c(O)c(C(C)(C)C)c2)cc1,,-0.603224109922095,-3.884740685704471,-1.6528686345408,-1.4840281586538184,0.2192610668665153,,,-2.9040643823113568,-3.678571162908407,0
b2AR-decoy_286,C[NH2+][C@@](C)(CO[C@H]1[C@H](n2ncnc2c2ccccn2)C[C@@]23COC[C@]1(C)[C@@H]2CC[C@H]1C3=CC[C@@]2(C)[C@H](C(=O)[O-])[C@@](C)([C@H](C)C(C)C)CC[C@]12C)C(C)C,,-0.5988908487805253,-1.8028347763810115,-0.8027850451829597,-1.8097508698477087,,,1.381841474296453,-0.8877780483690265,,0
b2AR-decoy_262,COc1ccc(S(=O)(=O)N(Cc2ccc3c(c2)OCO3)[C@H](Cc2cncn2C(c2ccccc2)(c2ccccc2)c2ccccc2)C(=O)NO)cc1,,-0.5749555129794452,0.4019247495195888,,,-2.391721426923395,,,,-1.8221872989939567,0
b2AR-decoy_2225,CC(=O)Oc1cc2c(cc1C(C)C)CC[C@@H]1[C@]2(C)CCC[C@@]1(C)CNC(=O)c1ccncc1,,-0.5459122826076053,-2.148644565590491,0.9911066654991804,-0.5368458748101586,,-0.977585221017371,1.7572455430221732,-1.0279600719058566,0.7006514991531629,0
b2AR-decoy_3131,CC(C)Oc1ccc(Br)cc1C(C)NC(=O)NS(=O)(=O)c1ccc(Cl)cc1,,-0.4576747996128452,-3.657648468689681,-0.2467905122098899,0.0939654401615714,0.7274564190746653,1.3354332205716188,-1.4274582009488368,-0.1458238125778264,-1.8395970589005863,0
b2AR-decoy_160,O=C([O-])c1cc(N(Cc2ccc(C3CC[NH2+]CC3)cc2)C(=O)CN(Cc2ccccc2)S(=O)(=O)c2ccc(c3ccccc3)cc2)ccc1O,,-0.293244552309305,,,,,1.3074694382544392,,,,0
b2AR-decoy_2681,Nc1cc[n+](Cc2ccc(CCc3ccc(C[n+]4ccc(N)c5ccccc54)cc3)cc2)c2ccccc12,,-0.240282274845565,-0.7122234862738814,-0.0780660574922098,,2.469947304625816,,0.6928219611828332,-0.5970273790060765,-0.222154554409057,0
b2AR-decoy_3173,CC1=C(/C=C/C(C)=C/C=C/C(C)=C/C(=O)OCOC(=O)C(C)C)C(C)(C)CCC1,,1.061621384964286,,0.2200571726089202,-0.8208706990227581,,1.2076416497212992,1.7555058721652133,-0.4395053443678063,1.7578314826712331,0
b2AR-decoy_1819,CCCN(CC(=O)Nc1ccccc1C)C(=O)c1ccc(C(=O)c2ccccc2)cc1,,1.3314185943974537,2.287069229339832,-2.91167209987863,,-1.4522986976646948,1.6948033793693988,-3.2963025363909466,,-2.5260680697822866,0
b2AR-decoy_941,CCOC(=O)/C=C1\CC[C@H]2[C@@H]3CCc4cc(O)c(CC)cc4[C@H]3CC[C@]12C,,1.7517580922007938,,,,0.4619780288755053,,,-0.3159701675477664,-2.346609416843497,0
b2AR-decoy_1901,CC1=C(/C=C/C(C)=C/C=C/C(C)=C/C(=O)N2CCCCCC2)C(C)(C)CCC1,,2.359804203292621,,-0.5828993337120298,-1.3186731656129682,-0.870472108115985,0.4035461388893191,-0.5852180868032768,-2.0717441752560664,-2.234835962596407,0
b2AR-decoy_27,N#Cc1ccc(C(=O)/C=C/c2c[nH]c3ccc(Br)cc23)cc1,,,-4.839077885672341,,,-1.821992555067335,0.2352217186100693,0.4737258456545232,-3.471598359680586,0.6610080029464229,0
b2AR-decoy_446,CNC(=O)C(C)(C)c1ccc(c2cc(C)cc(C)c2)c(O)c1,,,-4.647277605713851,,,-3.394458063868065,,-1.1260428767347266,-3.715233997643236,-3.888785721325737,0
b2AR-decoy_447,O=C1C(O)=Cc2cccc3ccc(c4ccc(O)cc4)c1c23,,,-4.625390974492741,-2.5124981269569497,-4.075099559802698,-3.4737616477300346,,-2.7745656017281064,-1.1162385962979662,,0
b2AR-decoy_2299,O=S(=O)(c1ccc(Cl)cc1)c1sc2nc(O)ccc2c1c1ccc(Cl)cc1,,,-4.385761365954021,-2.07095496827551,-1.2980924985640885,-0.5031811890503048,-0.0139510952252912,-0.9300624926968064,-4.125272393798646,-2.745094423036567,0
b2AR-decoy_1802,CCCCCCc1c(=O)c2c(O)cc(OC)c(OC)c2oc1c1ccc(O)c(O)c1,,,-4.247244719919752,,-2.6750417661342487,-1.936090219569845,,,-2.726821321641326,-3.918049002926917,0
b2AR-decoy_2614,CC(=O)Oc1c(C)c(c2ccccc2)c(C)c(c2ccccc2)c1C(=S)c1ccccc1,,,-4.228236848415062,,,,-0.5196542958602413,0.0590564229126933,-0.0435019061153765,,0
b2AR-decoy_669,CC(C)(C)c1cc(/C=[N+](\[O-])Cc2ccccc2)cc(C(C)(C)C)c1O,,,-4.091708777358082,-2.83159371901014,,-4.093214074311094,,-4.090723369892286,-4.206603646794736,,0
b2AR-decoy_608,CCSc1nnc(c2cc(C(C)C)c(O)c(C(C)C)c2)s1,,,-3.996611459688231,,,-1.9003513406429944,-2.060940795743961,-1.7258125678279566,-3.6779366294634768,-1.9040912537511168,0
b2AR-decoy_1868,C[C@@H](c1ccc(c2ccc(=O)[nH]c2)cc1)N1CC[C@](CC(C)(C)NS(C)(=O)=O)(c2ccccc2)OC1=O,,,-3.751653955996191,-1.7655049662248894,,3.017259694713017,0.6452854798325092,,-1.7584601601468668,,0
b2AR-decoy_2918,C[Si]1(C)CCN(C(=O)c2cc(c3ccc(Cl)cc3)n(c3ccc(Cl)cc3)n2)CC1,,,-3.748450273207271,,-1.6397339220364584,,0.5808971853822689,-0.2232623947249967,-2.226715073971026,-1.9781937996843868,0
b2AR-decoy_833,CC(C)c1cccc(C(C)C)c1OC(=O)NC(=O)SCc1ccc(Cl)cc1,,,-3.678987471617031,-0.6450283272795097,,0.4197346917951452,,-1.4669308459615165,-2.455173002515396,-1.020069278751777,0
b2AR-decoy_878,CCCc1cc(c2c(O)c(C)c(C)c3c2CCC(C)(C)O3)no1,,,-3.6113451961740113,-2.570456767927729,,-1.451440328684395,-1.752189379886091,-1.6085293634693372,-2.6611161392635667,-3.013743126432008,0
b2AR-decoy_1359,CCCCc1cc(OC)c2c(C)cc(C)c(C)c2c1OC(C)=O,,,-3.479696496138581,0.37108472288639,-2.5549765544186585,,-1.3562415710523208,2.050602282066083,-2.9560038243345863,,0
b2AR-decoy_3043,COC(=O)c1ccc(/C=C/c2c3ccccc3sc2c2ccc(OC)cc2)cc1,,,-3.172301220232841,-2.46689427219006,,1.0436753019516654,,-0.8562575440951665,-2.093296418676796,0.510925821363903,0
b2AR-decoy_2888,COC(=O)c1cc(CSc2nnc(c3ccc(C)cc3)c(c3ccc(C)cc3)n2)oc1C,,,-3.070953437803851,-1.2340812950633095,-2.109672809261548,,-1.964356885106131,-0.1410797294514365,,-1.0008523491783667,0
b2AR-decoy_719,Oc1ccc(C(O)(c2ccccc2)c2ccc(O)c3ccccc23)c2ccccc12,,,-2.988378971138691,,,,-0.7029727027588306,,,,0
b2AR-decoy_1244,COC(=O)/C1=C\CC[C@]2(C)O[C@H]2CC/C(C(=O)OC)=C/C=C(/C(C)C)CC1,,,-2.9232558934839616,-1.9439971446434596,-2.289112741584079,1.4135586815269652,-0.2494426323344312,-0.9139049845190668,0.7059260531925737,,0
b2AR-decoy_3057,CC(C)C1=C(Sc2ccc(Br)cc2)c2ccc3c(c2C(=O)C1=O)CCCC3(C)C,,,-2.860728926886601,,,-3.004990080205075,,-1.5623116881991166,-3.031583928991896,,0
b2AR-decoy_3184,Cc1cc(C)c(C2=C(C(=O)C3C(C=C(Cl)Cl)C3(C)C)C3(CCCC3)OC2=O)c(C)c1,,,-2.5078713692346613,-1.6988902452527102,-2.4073320908130382,0.0743912880450352,0.2805376127292387,-0.5082689807175766,-2.675966852915356,0.396330352064083,0
b2AR-decoy_2652,CCO/C(CC1=CC[C@H]2[C@@H]3CCc4cc(OC)ccc4[C@H]3CC[C@]12C)=N/S(=O)(=O)c1ccc(C)cc1,,,-2.467485572041401,-1.49371010925148,-2.324845899380698,,0.0261503261388194,0.9686938972072832,-3.416760383832126,-2.3942314155148368,0
b2AR-decoy_2152,CCC(=O)Nc1ccccc1Sc1ncnc2scc(c3ccccc3)c12,,,-2.461918210081661,,-2.1373305813123284,-1.875010648084765,-0.3469985008140606,0.0349841157399133,-3.0949993047247366,,0
b2AR-decoy_2605,CC(C)CCC1(CCC(C)C)Cc2c(cc(C(C)(C)C)c(O)c2C(C)(C)C)O1,,,-2.374053094277441,,,,-0.3667435335927909,,-1.6124355694244965,-1.5679367466578469,0
b2AR-decoy_2911,CCC(CC)N1C(=O)[C@@](C)(CS(C)(=O)=O)C[C@H](c2cccc(Cl)c2)[C@H]1c1ccc(Cl)cc1,,,-2.345366467934612,0.3631968874662901,,0.0148731153642951,,,0.0368410087275634,-0.5948599895295268,0
b2AR-decoy_2073,CC(C)c1ccc(NC(=O)CCn2c(=O)c3cccn3c3ccccc32)cc1,,,-2.200413085369531,-3.03198186929362,-2.8503915959800583,,-3.7595959683935702,-3.641959310507737,,-4.2934529041619065,0
b2AR-decoy_2837,C[N+](C)(CCCN1c2ccccc2Sc2ccc(Cl)cc21)Cc1ccccc1Cl,,,-1.773106658996381,,,-1.6615156639596247,,,-3.4824404305624164,,0
b2AR-decoy_3141,C[C@H](c1ccc(Cl)cc1)N(C(=O)/C=C/c1ccccc1)[C@H](C(N)=O)c1ccc(Cl)cc1,,,-1.3914974698496314,-2.31987485124614,,,-2.1696913660557806,6.871314377086954,-3.2853752975611163,-2.947156809953237,0
b2AR-decoy_660,CC(=O)Oc1c(C(C)C)c(C(C)C)c(O)c(c2ccc(F)cc2)c1C(C)C,,,-1.275257057455791,,,,,,,,0
b2AR-decoy_1859,CCn1cc(C(CC)(CC)c2ccc(C#CC(O)(CC)CC)c(C)c2)cc1C(=O)NCC(=O)OC,,,0.5437743665378487,,,-1.0306642011630451,,,,,0
b2AR-decoy_1897,Cc1cc2oc(=O)cc(c3ccccc3)c2c(C)c1c1cccc(Cl)c1,,,,-3.34294105565414,,,-0.2404009879165212,,-2.651125520906346,,0
b2AR-decoy_2095,CC(C)Cc1ccc(c2n[nH]c3c2C(c2ccc(N(C)C)cc2)C(C#N)=C(N)O3)cc1,,,,-2.99247467892381,,-2.435753151572695,-0.2421993136016809,-2.5584201327660168,-3.004780786519256,-0.3058331738044071,0
b2AR-decoy_2421,Cc1ccc(OSN(C(=O)c2ccccc2)N(C(=O)c2ccccc2)C(C)(C)C)cc1,,,,-2.4805800789659296,-4.581621929470808,,-2.411243818523051,0.3481239458947733,-3.242281593273966,-2.4692468857066774,0
b2AR-decoy_2563,Cc1cccc(NC(=O)C(=O)C(C(=O)c2ccc3ccccc3c2)C2OC(=O)c3ccccc32)c1C,,,,-2.35650140829887,,,1.943950548170689,,-1.1177342775977266,-2.4352022369126174,0
b2AR-decoy_1002,C/C(=N\NC(=O)/C=C/c1ccc(C(C)(C)C)cc1)c1ccc(Cl)cc1,,,,-2.23590800055372,-1.2752201467749185,-1.5690856564675144,-1.245734732710881,0.4418261555622633,-3.343367309976077,-3.6633460529210766,0
b2AR-decoy_2651,C=CCCCc1ccc2cc(N3CCCN(C(=O)c4cc(CC=C)ccc4n4nccn4)CC3)ccc2c1,,,,-2.2226863630169698,,-4.783983566650205,,-2.3125802349078866,-2.0887370549871367,,0
b2AR-decoy_2496,CCCCCCC(C)(C)c1ccc(c2cc(C)cc(C)c2)c(C(=O)OC)c1,,,,-2.1460416251537,,-1.6423218428208246,,,,-3.768417469976437,0
b2AR-decoy_1880,Cc1cc(=O)oc2c1ccc1oc(c3ccccc3)c(c3ccccc3)c12,,,,-2.07306142512821,,-0.7288964287117947,-2.0387974720124813,,-2.514687132692597,,0
b2AR-decoy_2442,C/C(=C\c1ccc(S(C)(=O)=O)cc1)c1ccc2c(c1)C(C)(C)CCC2(C)C,,,,-1.9244127518896696,,,,-1.298506822993707,,,0
b2AR-decoy_549,CCc1ccc(c2[nH]nc3c2C(=O)c2c(NC(C)=O)cccc2-3)cc1,,,,-1.7743393145098194,-2.5903705633202287,,,,-2.516505251606157,-2.632816373889107,0
b2AR-decoy_3067,COc1ccc(/C=C(/Sc2ccc(Br)cc2)C(=O)c2ccc(Cl)cc2)cc1,,,,-1.45680700107311,-4.090602068025159,-1.5489385213734943,-0.1760351675713609,-1.217413092371947,,-0.5201812837837272,0
b2AR-decoy_205,NS(=O)(=O)c1nc2ccc(OC(=O)C(F)(F)C(F)(F)C(F)(F)C(F)(F)C(F)(F)C(F)(F)C(F)(F)C(F)(F)F)cc2s1,,,,-1.2047452998935997,,,,1.9103645121530728,,,0
b2AR-decoy_2880,O=S(=O)(c1ccc(Cl)cc1Cl)c1sc2ncccc2c1c1ccc(Cl)cc1,,,,-0.7777973630979198,,-1.185696204271225,-1.0652729850318314,,-0.6679382907438063,,0
b2AR-decoy_2143,CC1=C(CC2=NN=NN2)c2ccccc2/C1=C\c1ccc(C(C)(C)C)cc1,,,,-0.6574701481374499,,-1.9194891832188947,,,-1.6583333007669765,-4.177783908970268,0
b2AR-decoy_2230,COc1c(O)ccc2c1-c1ccc3c(c1/C(=C/c1ccc(F)cc1CO)O2)C(C)=CC(C)(C)N3,,,,-0.2725795870383698,-2.308180795705659,-0.440046424596705,,-0.7604099446104371,-1.3864171300024868,,0
b2AR-decoy_159,Cc1ccc(CC(O)CCc2ccccc2C(=O)N(CCO)C(C)(C)C)c(C(=O)N(CCO)C(C)(C)c2ccccc2)c1,,,,0.0805339801488802,,,,,,,0
b2AR-decoy_2489,CC(C)CN(CC(C)C)C(=O)/C=C/C1=C(Cc2ccccc2)c2ccccc2CC1,,,,4.42922963748493,-3.3490589744761987,,,,,-2.675634475843967,0
b2AR-decoy_661,O/N=C(\COc1ccc2ccccc2c1)c1ccc(c2ccccc2)cc1,,,,,-4.166800002476599,,-4.5371125118666615,-4.124585785569307,-4.786895264520666,,0
b2AR-decoy_2298,O=C(N/N=C\C1=C(Cl)c2ccccc2CCC1)C1=C(Cl)c2ccccc2CCC1,,,,,-3.3433476569083984,-3.379073610660055,,,-4.019135334246497,-0.782022941546757,0
b2AR-decoy_2089,CCc1cc2c(cc1O)CC[C@@H]1[C@@H]2CC[C@]2(C)[C@@H](OS(N)(=O)=O)CC[C@@H]12,,,,,-3.157228053533938,-2.4934495865460944,0.5974949287399389,0.693258058833643,-3.921616419447616,,0
b2AR-decoy_2959,CC(C)c1cc(C(C)C)c(S(=O)(=O)n2cc3c(=O)oc4ccccc4c3n2)c(C(C)C)c1,,,,,-2.7646883717578987,,,1.823047863516463,-2.856262686692957,-4.088424195954778,0
b2AR-decoy_654,Oc1nnc(c2ccccc2)c(c2ccccc2)c1c1ccccc1,,,,,-2.588430729837368,-1.7250272686658743,-0.6291745446126411,,,,0
b2AR-decoy_641,Cc1cc(CO)ccc1c1c(C)cc2oc(=O)cc(c3ccccc3)c2c1C,,,,,-2.3833654195289284,-1.778829148273385,,,-2.237610315446146,,0
b2AR-decoy_357,Cc1cc2oc(=O)cc(c3ccccc3)c2cc1c1ccc(CO)cc1,,,,,-2.328650845172988,-2.769457650440245,,,-2.3781760476311566,,0
b2AR-decoy_2507,O=C1/C(=C/c2ccc(N3CCCC3)cc2)CCC/C1=C\c1ccc(N2CCCC2)cc1,,,,,-2.304111431749148,,0.3782318490939493,,,,0
b2AR-decoy_2660,C=C[C@@H]1c2cc(C)ccc2N(S(=O)(=O)c2ccc(C)cc2)[C@H](c2ccc(C(C)(F)F)cc2)C1(C#N)C#N,,,,,-2.1022593620328287,2.5427370074125752,-0.6232549471316311,,-1.7077611242654562,-0.0367650801610368,0
b2AR-decoy_664,Cc1cc2oc(=O)cc(c3ccccc3)c2c(C)c1c1ccc(CO)cc1,,,,,-2.0473476208292887,,-2.438544038117241,,-2.2007485398453763,,0
b2AR-decoy_2589,Cc1ccc(CS(=O)(=O)/C(=C/c2cc(C)cc(C)c2)C(=O)c2ccc(Cl)cc2)cc1,,,,,-0.7317625414556583,-2.467183246714935,0.535438969900579,,-1.9316890186200464,,0
b2AR-decoy_2424,CC(/C=C/c1cc(C)c2cc(C(C)C)ccc(C)c1-2)=C\C=C\C(C)=C\C(=O)[O-],,,,,0.0008664485371814,-1.0927385231639546,-0.2899306081299508,,-1.0966296885621762,,0
b2AR-decoy_2871,CC1=CC[C@@H]2[C@@H](C1)c1c(O)cc(C(C)(C)c3ccc(F)cc3)cc1OC2(C)C,,,,,,-3.118768007445325,-1.814763406747021,,-2.3656104270024567,-3.129391696957297,0
b2AR-decoy_2858,COC(=O)[C@]1(C)CCC[C@]2(C)c3cc(c4cscn4)c(C(C)C)cc3CC[C@H]21,,,,,,-1.7963296724318347,,,-0.9649405161531566,,0
b2AR-decoy_217,O=C(CCCn1ccc(=O)[nH]c1=O)N1CCC[C@H]1C(O)(c1cccc(c2ccsc2)c1)c1cccc(c2ccsc2)c1,,,,,,-1.079660847860695,-0.025803999002151,,,,0
b2AR-decoy_799,CC(C)Oc1ccc(/C=C2/C(=O)Nc3ccc(Cl)cc32)c(OC(C)C)c1,,,,,,-0.7943150042797749,,,-0.5411645161367664,,0
b2AR-decoy_300,NS(=O)(=O)c1ccc(NC(=O)C(F)(F)C(F)(F)C(F)(F)C(F)(F)C(F)(F)C(F)(F)C(F)(F)C(F)(F)F)c(Br)c1,,,,,,-0.503847205849155,,,,,0
b2AR-decoy_2865,CC(C)c1cc2c(cc1OC(=O)c1cccnc1)[C@@]1(C)CCCC(C)(C)[C@@H]1CC2,,,,,,-0.4213194115988949,,,,,0
b2AR-decoy_2218,CC(C)CCC[C@](C)(O)[C@H]1CC[C@]2(C)[C@@H]1[C@H](O)C[C@@H]1[C@@]3(C)CC[C@H](O)C(C)(C)[C@@H]3CC[C@]12C,,,,,,,-2.107917175948721,,,,0
b2AR-decoy_2679,CC1(C)OC(C(O)(c2ccccc2)c2ccccc2)C(C(O)(c2ccccc2)c2ccccc2)O1,,,,,,,,-1.8650236307290164,-1.730743738460446,,0
b2AR-decoy_3058,COC(=O)[C@]12CC[C@@H](C(C)C)C1C1CC[C@@H]3[C@@]4(C)C=CC(=O)C(C)(C)C4CC[C@@]3(C)[C@]1(C)CC2,,,,,,,,,-2.518858652188807,0.005988541563993,0
b2AR-decoy_2821,CCCN(CCC)c1c([N+](=O)[O-])cc(Sc2cc(C)c(Cl)cc2Cl)cc1[N+](=O)[O-],,,,,,,,,-2.0885507679576465,,0
b2AR-decoy_2792,CCCCCCCCS(=O)(=O)N1CCC(=C2c3ccc(Cl)cc3CCc3cccnc32)CC1,,,,,,,,,1.3484007411276735,,0
