ligand_id,SMILES,BE_avg,is_active
ASD03130019,CNC(=O)C(Cc1cccc(Br)c1)NC(=O)C(Cc1ccc(C(N)=O)cc1)NC(=O)C(c1ccccc1)C1CCCCC1,-7.9637651340536255,1
ASD03130022,CNC(=O)C(Cc1cc(Br)cc(Br)c1)NC(=O)C(Cc1ccc(C(N)=O)cc1)NC(=O)C(c1ccccc1)C1CCCCC1,-6.954733970119851,1
b2AR-decoy_179,CC(C)(C)C(=O)OCC(Cc1ccccc1)NP(=O)(OC[C@H]1O[C@@H](n2ccc(N)nc2=O)[C@](C)(O)[C@@H]1O)Oc1ccccc1,-5.9129056913306695,0
b2AR-decoy_891,C(=N/Nc1nc(c2ccc3ccccc3c2)cs1)\c1cccs1,-5.767811249269109,0
b2AR-decoy_192,Cc1c(CNc2ccc(C[NH2+][C@H](CO)C(=O)[O-])c(OCc3cccc(C#N)c3)c2)cccc1c1ccc2c(c1)OCCO2,-5.750606908296704,0
b2AR-decoy_236,COc1cc([C@H](O)[C@H](COC(=O)/C=C/c2ccc(O)cc2)Oc2ccc(/C=C/COC(=O)/C=C\c3ccc(O)cc3)cc2OC)ccc1O,-5.693713150057917,0
b2AR-decoy_2399,Nc1ccc(N2CC(CNC(=O)c3ccc(Cl)s3)OC2=O)cc1F,-5.655075118995936,0
b2AR-decoy_188,C#CCCC(=O)N[C@H](C(=O)N[C@@H](CC(C)C)C(=O)N[C@@H](CC(C)C)C(=O)N[C@@H](C)/C=C/C(=O)N1C(=O)C=C(OC)[C@@H]1C(C)C)[C@@H](C)CC,-5.6472796413068895,0
b2AR-decoy_1776,Oc1ccc(SC[C@@H]2CO[C@@](CCc3ccc(Cl)cc3)(Cn3ccnc3)O2)cc1,-5.625542226129758,0
b2AR-decoy_1076,CC/C(=N\NC(=O)c1cc2ccccc2cc1O)c1cc2c(F)c(F)c(F)cc2[nH]1,-5.618300147722994,0
b2AR-decoy_263,Cc1n[nH]c(CN(C)c2cc3c(cc2C(=O)N[C@H]2CC[C@H](C(F)(F)F)CC2)nc(Nc2c(Cl)ccc(CNC(=O)C(C)(C)F)c2Cl)n3C)n1,-5.596431096294477,0
b2AR-decoy_265,CCn1cc(/C(=N/Nc2nc(c3ccc(F)cc3)c(C#N)s2)C(F)(F)F)c2cc(c3nc(C[NH+]4CCC[C@H]4C(=O)[O-])cs3)ccc21,-5.594466333118779,0
b2AR-decoy_968,Cc1oc(c2ccccc2Cl)nc1CSc1nc(O)c2c(n1)CCC2,-5.594413267066889,0
b2AR-decoy_212,O=C1[C@@H](CCn2cc(CO[C@H]3Cc4c(O)cc(O)cc4O[C@@H]3c3ccc(O)c(O)c3)nn2)[C@@H](c2ccccc2)N1c1ccccc1,-5.5742596914255245,0
b2AR-decoy_503,O=c1oc2ccc(O)cc2cc1c1cccc(O)c1,-5.556947976748905,0
b2AR-decoy_1896,c1ccc(c2ccc(C(c3ccc(c4ccccc4)cc3)n3ccnc3)cc2)cc1,-5.544554441647309,0
b2AR-decoy_2065,Cc1cc(C)c2c(O)nc(SCC(=O)c3ccc(C(C)C)cc3)nc2n1,-5.541083483522804,0
b2AR-decoy_1957,Cc1ccc(c2nnc(SCC(=O)c3ccc(O)c(O)c3)n2Cc2ccco2)cc1,-5.516613621781742,0
b2AR-decoy_2233,O=C1OC(O)C(c2cccc(c3ccc4ccccc4c3)c2)=C1c1ccc2ccccc2c1,-5.5150708411214335,0
b2AR-decoy_977,COc1ccc2cc(C(C)c3nnc(c4ccc(O)cc4)o3)ccc2c1,-5.508279217476213,0
b2AR-decoy_2767,C[C@](O)(c1ccc(S(=O)(=O)c2ccc(c3ccc(C#N)cc3)cc2C2CC2)cc1)C(F)(F)F,-5.470614428431285,0
b2AR-decoy_203,COc1cc(/C=C/C(=O)/C(=N\Nc2ccc([N+](=O)[O-])cc2)C(=O)C(Br)C(Br)c2ccc(O)c(OC)c2)ccc1O,-5.464316745047796,0
b2AR-decoy_200,CCCCOC(=O)[C@H](C)NP(=O)(Oc1cccc2ccccc12)O[C@H](C)[C@H]1O[C@@H](n2ccc(N)nc2=O)[C@](C)(O)[C@@H]1O,-5.4472271459820245,0
b2AR-decoy_176,CCOC(=O)/C=C/C(C[C@@H]1CCNC1=O)NC(=O)[C@@H](CC(=O)[C@@H](NC(=O)c1cc(C)on1)C(C)C)Cc1ccc(F)cc1,-5.446288111315878,0
b2AR-decoy_2333,O[C@H]1[C@H](O)CO[C@@H](c2cn(Cc3ccc4ccccc4c3)c3ccccc23)[C@@H]1O,-5.43238335453898,0
b2AR-decoy_202,C=CC[C@@H](Cc1ccc(F)cc1)C(=O)OC[C@H](Cc1c[nH]c2ccccc12)NC(=O)[C@H](CC=C)CC(=O)N(CCO)Cc1ccccc1,-5.416312620751073,0
b2AR-decoy_3128,Nc1ccccc1SC[C@@H]1CO[C@](CCc2ccc(Cl)cc2)(Cn2ccnc2)O1,-5.415616194274881,0
b2AR-decoy_344,O=C(C[C@H](c1ccccc1)c1c(O)c2ccccc2oc1=O)c1ccccc1,-5.413401448374975,0
b2AR-decoy_1239,O=C1C(c2ccc(Oc3ccccc3)cc2)=[N+]([O-])c2cc3c(cc21)OCO3,-5.411224591026508,0
b2AR-decoy_749,O=C1c2c(cccc2OCc2ccccc2)CC1Cc1ccc(O)cc1,-5.405342116888764,0
b2AR-decoy_1840,O=C(/C=C/c1ccc(OC[C@H](Cc2c[nH]c3ccccc23)NC(=O)c2ccc(F)cc2)cc1)NO,-5.383029343351863,0
b2AR-decoy_663,CC(C(=O)N/N=C/c1c(F)cccc1F)c1ccc(c2ccccc2)c(F)c1,-5.376247459142452,0
b2AR-decoy_2346,CC(C)(C)c1ccc(Cn2cc([C@@H]3OC[C@@H](O)[C@H](O)[C@H]3O)c3ccccc32)cc1,-5.366470889408964,0
b2AR-decoy_292,CC(=O)N1CCC(C(N)=O)(C(=O)N2CC[C@](c3ccc(C(OCc4c(F)cccc4F)(C(F)(F)F)C(F)(F)F)cc3)(S(=O)(=O)c3ccc(F)cc3)C2)CC1,-5.3610768981570365,0
b2AR-decoy_158,COc1cccc(COc2ccc(C(=O)c3c(OCc4cccc(OC)c4)cc(OC)cc3O[C@@H]3O[C@H](CO)[C@@H](O)[C@H](O)[C@H]3O)cc2)c1,-5.338362363256422,0
b2AR-decoy_2318,Cn1c(C(F)(F)c2nc3c(F)cc(F)cc3[nH]2)nc2ccc(C(N)=O)cc21,-5.31278348228186,0
b2AR-decoy_165,C=CC[C@@H](CC(=O)N(CCO)Cc1ccccc1)C(=O)N[C@@H](COC(=O)[C@H](CC=C)CC(=O)OC(C)(C)C)Cc1c[nH]c2ccccc12,-5.306813767153414,0
b2AR-decoy_2856,CN(C)c1ccc(/C=C2/CC[C@@]3(C)[C@@H](CC[C@@H]3c3ccc4ccncc4c3)C2)cc1,-5.294763384486025,0
b2AR-decoy_168,CCC(NC(=O)[C@@H]1C[C@@H](OCc2ccccc2)CN1C(=O)[C@H](NC(=O)[C@H](NC(=O)c1cnccn1)C(C)C)C(C)C)C(=O)C(F)(F)F,-5.283934084382816,0
b2AR-decoy_238,CCCNC(=O)CCC(=O)O[C@H](C(=O)N1CSC(C)(C)[C@H]1C(=O)NC(C)(C)C)[C@H](Cc1ccccc1)NC(=O)COc1c(C)cccc1C,-5.280962599086768,0
b2AR-decoy_698,Cc1cc(C)c(/C=N/NC(=O)C(C)c2ccc(c3ccccc3)c(F)c2)c(C)c1,-5.263587445878121,0
b2AR-decoy_744,CC1CCc2c(c3c(O)cc(C(C)CCCc4ccc(F)cc4)cc3oc2=O)C1,-5.25442439417769,0
b2AR-decoy_1083,COc1c(C(C)=O)c(O)c(OCc2ccc(C(F)(F)F)cc2)c2occc12,-5.246799247206182,0
b2AR-decoy_254,C[C@@H](S[C@H]1CO[C@H](c2ccc(C(=O)Nc3ccc(C#N)c(C#N)c3)cc2)OC1)[C@](O)(Cn1cncn1)c1ccc(F)cc1F,-5.23972984140754,0
b2AR-decoy_3117,COc1ccc([C@@H]2[C@@H]([C@H](O)CCc3ccccc3)OC(=O)N2c2ccc(F)cc2)c(O)c1,-5.235177406360459,0
b2AR-decoy_290,Cc1ccc(C(c2c[nH]c3ccc(C(=O)N/N=C/c4cc(O)ccc4O)cc23)c2c[nH]c3ccc(C(=O)N/N=C/c4cc(O)ccc4O)cc23)cc1,-5.225785464252429,0
b2AR-decoy_136,O=C1NC(=S)S/C1=C/c1cccc(Oc2ccc(C(F)(F)F)cc2)c1,-5.216215080925574,0
b2AR-decoy_465,Cc1cc(c2ccc(C(=O)c3ccc(F)c(O)c3)cc2)ccc1O,-5.212408826820655,0
b2AR-decoy_173,CCC(=O)CCCCC[C@@H]1NC(=O)[C@H]2CCCCN2C(=O)[C@H]([C@@H](C)CC)NC(=O)[C@H](CC(=O)Cc2ccccc2)NC1=O,-5.196084465274828,0
b2AR-decoy_926,CC1CCC(=NNc2nc(c3ccc4ccccc4c3)cs2)CC1,-5.193050953601512,0
b2AR-decoy_3140,COc1cccc2c1OCC(C(=O)N[C@H](c1ncc(c3ccc(Br)cc3)[nH]1)C(C)C)=C2,-5.191155689038875,0
b2AR-decoy_29,CN1C(=O)/C(=C/c2cc(N=Nc3ccccc3)ccc2O)SC1=S,-5.1866200107016,0
b2AR-decoy_178,Cc1c(COc2cc(OCc3cccc(C#N)c3)c(C[NH2+][C@@H](C(=O)[O-])[C@H](C)O)cc2Cl)cccc1c1ccccc1,-5.162126631139207,0
b2AR-decoy_1010,C/C(=N\NC(=O)[C@@H]1C[C@H]1c1ccc(C(C)(C)C)cc1)c1ccc(F)cc1,-5.16144088389874,0
b2AR-decoy_193,CC(C)C[C@@H](NC(=O)[C@H](CC(C)C)NC(=O)[C@H](CC(C)C)NC(=O)c1cnccn1)B1O[C@@H]2[C@@H](C[C@H]3C[C@@H]2C3(C)C)O1,-5.16084480861589,0
b2AR-decoy_278,CCn1nc(Cc2cc(C(F)(F)F)cc(C(F)(F)F)c2)cc1C1CC[NH+](C[C@H]2C[NH+]([C@@H](C(=O)[O-])C(C)C)C[C@@H]2c2cccc(F)c2)CC1,-5.149771432155637,0
b2AR-decoy_2718,N#Cc1cc(C(=O)N/N=C/c2cccc3c2ccn3Cc2ccc(C(F)(F)F)cc2)ccc1O,-5.146322046507953,0
b2AR-decoy_1972,C[C@@H](c1ccc(c2cc(=O)[nH]cn2)cc1)N1CC[C@](CCCO)(c2ccc(F)cc2)OC1=O,-5.136648366452595,0
b2AR-decoy_224,COC(=O)[C@H](C)NP(=O)(OC[C@@H]1C=C[C@H](n2cc(C)c(=O)[nH]c2=O)O1)Oc1cccc(S(F)(F)(F)(F)F)c1,-5.119042854142743,0
b2AR-decoy_2613,O=C1/C(=C\c2ccc3ncccc3c2)CCC/C1=C/c1ccc2ncccc2c1,-5.117379834450584,0
b2AR-decoy_1805,COc1ccc([C@@H]2[C@@H](CC[C@@H](O)c3ccccc3)C(=O)N2c2ccc(OC)cc2)cc1,-5.109486680139924,0
b2AR-decoy_1143,Oc1ccccc1/C=N/c1ccc(Oc2ccc(Cl)cc2)c(Cl)c1,-5.109328414749383,0
b2AR-decoy_1832,CC[C@@H](NC(=O)c1cc(C(=O)N[C@H](CC)c2ncccn2)c2n1CCOC2)c1ccc(C(F)(F)F)cc1,-5.096273519092532,0
b2AR-decoy_840,COc1ccc(c2csc(N/N=C/c3cc4ccccc4s3)n2)cc1,-5.095073631643933,0
b2AR-decoy_1670,CC1CN(C(=O)c2ccccc2)OC(c2ccc3c(c2)OCO3)O1,-5.087317362766875,0
b2AR-decoy_531,O=C1C[C@H]2[C@@H](C1)c1cc(O)ccc1O[C@H]2c1ccc(O)cc1,-5.075901199637512,0
b2AR-decoy_523,O=c1oc(c2ccc(O)cc2)cc2cc(O)ccc12,-5.058248302966078,0
b2AR-decoy_3089,Cc1ccc(CSc2nc3ccncc3n2Cc2nc(c3ccc(Cl)cc3)oc2C)cc1,-5.058130713524416,0
b2AR-decoy_1332,Oc1ccc(CC[C@H]2CC=C[C@@H](c3ccc(O)cc3)O2)cc1,-5.0567116911541685,0
b2AR-decoy_2886,Cc1c(N2Cc3ccccc3C2=O)cccc1c1ccc(C(N)=O)c2[nH]c3cc(C(C)(C)O)ccc3c21,-5.053346220154372,0
b2AR-decoy_2353,O=C(c1cc(Sc2ccc(O)cc2)c(O)cc1O)N1Cc2ccccc2C1,-5.046342405350681,0
b2AR-decoy_1955,Cc1ccccc1C(=O)Nc1c(C(O)(C(F)(F)F)C(F)(F)F)ccc2ccccc12,-5.041593580141565,0
b2AR-decoy_250,CC(C)C[C@H]([NH3+])C(=O)Nc1ccc(C(=O)N[C@@H](Cc2c[nH]c3ccccc23)C(=O)[O-])cc1OCCc1c[nH]c2ccccc12,-5.038153500605522,0
b2AR-decoy_420,O=C1NC(=O)/C(=C/c2cn(Cc3ccc(F)cc3)c3ccccc23)N1,-5.03047987114183,0
b2AR-decoy_1994,NC(=O)c1c(F)ccc(OCc2nc(c3ccc(O)cc3)co2)c1F,-5.0236994357616425,0
b2AR-decoy_1685,C/C(=N\NC(=O)[C@@H]1C[C@H]1c1ccccc1)c1ccccc1O,-5.015664047462101,0
b2AR-decoy_940,CC(Oc1ccc(c2ccccc2)cc1)C(=O)Nc1ccc(Cl)cc1,-5.011611731626205,0
b2AR-decoy_478,O=C1/C(=C/c2cccc(O)c2)Cc2ccc(O)cc21,-5.008081642336292,0
b2AR-decoy_2342,O=C1C[C@@H](c2ccccc2)Oc2cc(O)c(Cc3cccc(O)c3O)c(O)c21,-4.989503611985692,0
b2AR-decoy_2024,O=C(NNC(=O)c1ccccc1OCc1ccccc1)c1ccccc1O,-4.988741709078795,0
b2AR-decoy_2311,C/C(=N\NC(=S)NCc1ccccc1)c1c(O)ccc2ccc(=O)oc12,-4.979203236378969,0
b2AR-decoy_80,C=C1C[C@@]23CC[C@H]4[C@@H](CCC[C@@]4(C)COC(=O)/C=C/C(F)(F)F)[C@@H]2CC[C@]1(O)C3,-4.978834876066397,0
b2AR-decoy_874,CC1CCC(=NNc2nc(c3ccc(C#N)cc3)cs2)CC1,-4.962356117523063,0
b2AR-decoy_50,O=C(OC(Cn1ccnc1)c1ccc(Cl)cc1Cl)c1cc2ccccc2[nH]1,-4.960630267549928,0
b2AR-decoy_2214,Cc1ccc(/C=C2/SC(c3ccc(n4ccnc4)cc3)N(Nc3ccccc3)C2=O)cc1,-4.959702898747824,0
b2AR-decoy_2286,C=C(CCC(O)c1cccc2ccccc12)C1COC2(OO1)C1CC3CC(C1)CC2C3,-4.955762259801666,0
b2AR-decoy_2378,CC(C(=O)N/N=C1\C(=O)Nc2cccc(c3cccc(F)c3)c21)c1ccc(O)cc1,-4.9449845948237074,0
b2AR-decoy_597,O=C(Nc1nccs1)c1cccc(c2ccc3ccccc3c2)c1,-4.944297707592097,0
b2AR-decoy_1732,CSc1nc(Cl)cc(Sc2nnc(c3ccc(C(F)(F)F)cc3)[nH]2)n1,-4.940299964600575,0
b2AR-decoy_1855,CCCNC(=O)c1cc2c(c(c3cccc(c4ccc(C#N)cc4)c3)n1)[C@@H](CCO)N(C(=O)CC)C2,-4.938576191869189,0
b2AR-decoy_164,C[C@H](O)[C@@H](C)Oc1nc(Nc2ccc(S(=O)(CCO)=NS(=O)(=O)CC[Si](C)(C)C)cc2)ncc1Br,-4.935956923522489,0
b2AR-decoy_419,Cn1nc(c2ccc(Cl)cc2)s/c1=N\c1cccc(C(N)=O)c1,-4.930938259712014,0
b2AR-decoy_2189,O=C(N/N=C/c1cccc2cnccc12)C1CC1c1ccc(c2ccccc2)cc1,-4.92967600443747,0
b2AR-decoy_2352,OC[C@H]1O[C@H]2c3cc(Cc4cc5ccccc5s4)c(Cl)cc3O[C@H]2[C@@H](O)[C@@H]1O,-4.927639181444302,0
b2AR-decoy_38,Cc1c(N)cccc1c1ccc(C(=O)c2cc(F)c(F)c(O)c2F)s1,-4.925097624610526,0
b2AR-decoy_1758,CC1(C)CN(Cc2ccc(O)cc2)C(=O)C1Oc1ccc(C#N)c(C(F)(F)F)c1,-4.921427969762415,0
b2AR-decoy_937,CC1CCC/C(=N\Nc2nc(c3ccc4ccccc4c3)cs2)C1,-4.919862756386078,0
b2AR-decoy_2573,O=C1c2ccccc2C(=O)c2c1cc(Sc1ccc3ccccc3c1)c1nsnc21,-4.919461241924944,0
b2AR-decoy_473,Cc1ccc(c2nc(/C=N/c3ccc(O)cc3)c(O)o2)cc1,-4.917607059290324,0
b2AR-decoy_564,CC(C)[C@]1(O)C=C2C(=O)C=C3C(C)(C)[C@H](O)CC[C@@]3(C)[C@@H]2CC1,-4.914747198281353,0
b2AR-decoy_440,Cc1c(O)ccc(C(=O)/C=C/c2ccc(C(F)(F)F)cc2)c1O,-4.914637940469564,0
b2AR-decoy_1768,Cc1ccc(NC(=O)CN2C(=O)C(c3ccc(C(C)(C)C)cc3)=NC2(C)C)cc1,-4.911457930448245,0
b2AR-decoy_509,Cc1cc(O)ccc1CC(C#N)c1ccc(O)cc1,-4.897186867347271,0
b2AR-decoy_1937,CN1C(=O)[C@@H](NC(=O)c2cc3ccccc3[nH]2)N=C(c2ccccc2F)c2ccccc21,-4.896431163101302,0
b2AR-decoy_984,CC(C)C1=C(Cc2ccccc2)C(=O)O/C1=C\c1ccc(O)c(Cl)c1,-4.893339356197173,0
b2AR-decoy_121,O=c1oc2ccccc2cc1CSc1nc2cc(Cl)c(Cl)cc2[nH]1,-4.893212340534101,0
b2AR-decoy_245,C[C@H](NC(=O)C(C)(F)F)[C@H](Oc1ccc2c(cnn2c2cccc(C(=O)N3CCC[C@@H]3C(N)=O)c2)c1)c1ccc2c(c1)OCCO2,-4.892411142376453,0
b2AR-decoy_494,CC(c1ccc(O)cc1)C(C#N)c1ccc(O)cc1,-4.887379223350045,0
b2AR-decoy_434,O=C(c1cccc(c2cccc(O)c2F)n1)c1ccccc1O,-4.887140167101243,0
b2AR-decoy_361,C[C@H](NC(=O)/C=C/c1ccccc1F)c1cccc(c2ccc(F)nc2)c1,-4.886932937769584,0
b2AR-decoy_838,CC(=O)Nc1cccc(c2c(O)ccc3cc(c4cccc(O)c4)ccc32)c1,-4.885964831785321,0
b2AR-decoy_2978,Cc1oc(c2ccccc2F)nc1Cn1c(SCc2ccccc2F)nc2ccncc21,-4.885763542710739,0
b2AR-decoy_2147,O=C(CSc1nn(c2ccccc2)c(=S)s1)c1c[nH]c2ccccc12,-4.885156810118811,0
b2AR-decoy_2337,CCCc1ccc(Cn2cc([C@@H]3OC[C@@H](O)[C@H](O)[C@H]3O)c3ccccc32)cc1,-4.880342623786407,0
b2AR-decoy_2140,Cc1ccc(C(=O)NCC(C)/N=C/c2cc(Br)ccc2O)c(O)c1,-4.879474351301586,0
b2AR-decoy_2101,C[C@]12CC[C@@H]3c4ccc(O)cc4CC[C@H]3[C@@H]1CC(C(=O)NCc1ccncc1)[C@@H]2O,-4.878265127700459,0
b2AR-decoy_2028,CC(=NNC(=O)c1cc(Br)ccc1O)c1cc2cc(O)ccc2n1C,-4.8780048008757335,0
b2AR-decoy_2453,C=C[C@@]1(C)CC=C2[C@@H](CC[C@@H]3[C@](C)(C(=O)OCc4ccc(Cl)cc4)CCC[C@@]23C)C1,-4.876456196165175,0
b2AR-decoy_1217,C/C(=N/Nc1nc(c2ccc(Cl)cc2)cs1)c1cccs1,-4.875881986564779,0
b2AR-decoy_382,CC(=O)[C@H]1CC[C@@]2(O)[C@@H]3CC[C@H]4C[C@@H](O)CC[C@]4(C)[C@H]3CC[C@]12C,-4.873330203167436,0
b2AR-decoy_467,Cc1cc(c2ccc(C(=O)c3cccc(O)c3)nc2)ccc1O,-4.87224463921551,0
b2AR-decoy_1648,COCc1ccc([C@@H]2[C@@H](CCCc3ccccc3)C(=O)N2c2ccc(OC)cc2)cc1,-4.87160697660963,0
b2AR-decoy_2515,O=C(OCCC12C[C@H]3C[C@@H](C1)C[C@@H](C2)C3)c1cc(/N=C/c2cc(O)ccc2O)ccc1O,-4.869608966710611,0
b2AR-decoy_1857,CNc1c(F)c(Oc2cccc(c3cccc(C[NH3+])c3)c2)nc(Oc2cc(N(C)C)ccc2C(=O)[O-])c1F,-4.864694723930539,0
b2AR-decoy_1593,O=C(NCc1ccccc1)C1=C[C@H](c2ccc3c(c2)OCO3)C[C@H](OCc2ccc(CO)cc2)O1,-4.855298499923503,0
b2AR-decoy_335,O=C(/C=C/c1ccc(c2ccc(Cl)c(Cl)c2)o1)c1ccccc1O,-4.848869020685863,0
b2AR-decoy_3174,C=C[C@@]1(C)CC=C2[C@@H](CC[C@@H]3[C@](C)(C(=O)OCc4ccc([N+](=O)[O-])cc4)CCC[C@@]23C)C1,-4.836983805418954,0
b2AR-decoy_935,Clc1ccc(c2csc(NN=C3CCCCCC3)n2)c(Cl)c1,-4.836358765723844,0
b2AR-decoy_316,CC(C)(C)c1ccc(SCC(c2cccnc2)c2c[nH]cn2)cc1,-4.828406243202362,0
b2AR-decoy_1669,O=C(N/N=C1/CC2CCC1C2)c1cc2ccccc2cc1O,-4.824866059383099,0
b2AR-decoy_1142,CC(C)C1=C(Cc2ccccc2)C(=O)O/C1=C\c1cc(Cl)c(O)c(Cl)c1,-4.819834707443941,0
b2AR-decoy_1368,CC[C@H]1O[C@@H]2c3ccccc3CO[C@@H]2[C@H]1OCc1ccccc1Cl,-4.819341773183551,0
b2AR-decoy_2642,COc1ccc(c2csc(N3N=C(c4ccc(F)cc4)CC3c3ccc4c(c3)OCCO4)n2)cc1,-4.817405245248922,0
b2AR-decoy_2322,O=C(c1cc(Sc2ccccc2O)c(O)cc1O)N1Cc2ccccc2C1,-4.810424253673745,0
b2AR-decoy_2059,[C-]#[N+]c1ccc(N[C@@H](c2nnc(c3ccc(O)cc3)o2)[C@H](C)O)c(C)c1Cl,-4.808850676698488,0
b2AR-decoy_2329,O=C1C[C@@H](c2ccc(O)cc2)Oc2cc(O)c(Cc3ccccc3O)c(O)c21,-4.8026956647255,0
b2AR-decoy_2506,Cc1oc(c2cccc(Cl)c2)nc1CSc1nncn2c1cc1occc12,-4.802279016790403,0
b2AR-decoy_514,CCC(=O)c1cc(O)cc2cc(c3ccc(O)cc3)oc12,-4.801286272119399,0
b2AR-decoy_2694,OCc1ccc[n+](/C(C([S-])=Nc2cccc3ccccc23)=C(/O)c2ccc(Cl)s2)c1,-4.796016801822111,0
b2AR-decoy_1943,O=C1CCc2c(Oc3ccc4c(c3)C3C(O4)C3c3nc4cccc(F)c4[nH]3)ccnc2N1,-4.795702275006822,0
b2AR-decoy_2558,CC(=O)Nc1nc2c(Oc3cc(C4=CCC(C(F)(F)F)CC4)ncn3)cccc2s1,-4.795395930755851,0
b2AR-decoy_2061,COc1ccc(C(c2cc(O)ccc2O)c2ccc(C(C)C)cc(=O)c2O)cc1,-4.789427320234397,0
b2AR-decoy_397,CC(C)C1c2[nH]c3ccccc3c2C[C@H]2C(=O)NC(Cc3ccccc3)C(=O)N12,-4.788377486589473,0
b2AR-decoy_700,CC(=O)N1N=C(c2ccccc2O)CC1c1ccc(c2ccc(Cl)c(Cl)c2)o1,-4.78337354838997,0
b2AR-decoy_1995,O=c1c2ccc(/C=N/Nc3ccccc3)cc2oc2cc(O)cc(O)c12,-4.783100217579372,0
b2AR-decoy_2340,O=C(NO)c1cc2ccc(NS(=O)(=O)Cc3ccccc3)cc2s1,-4.781301654275024,0
b2AR-decoy_1211,C/C(=N/Nc1nc(c2ccc(Cl)cc2)cs1)c1nccs1,-4.777682317897037,0
b2AR-decoy_1882,CC12C=CC(C(=O)O[C@H]3CC[C@H]4[C@@H]5CCC6=CC(=O)CC[C@@H]6[C@H]5CC[C@]34C)(CC1)CC2,-4.773887922141182,0
b2AR-decoy_20,O=c1cc(c2cccc(Oc3ccccc3)c2)oc2cc(O)ccc12,-4.7690544530967,0
b2AR-decoy_856,COc1ccc(c2csc(N/N=C(/C)c3cccs3)n2)cc1,-4.76480789133278,0
b2AR-decoy_439,CC1(C)C=Cc2cc(/C=C/C(=O)c3ccc(O)cc3O)ccc2O1,-4.761886603853536,0
b2AR-decoy_221,C=CCO[C@@H]1[C@H](O)[C@H](Oc2ccc(I)cc2)O[C@@H](COS(=O)(=O)c2ccc3ccccc3c2)[C@H]1O,-4.757966844676238,0
b2AR-decoy_2752,O=C(C(Nc1ccccc1F)c1ccc(c2ccncc2)cc1)N1CCCC1c1ccccc1F,-4.7579655612278655,0
b2AR-decoy_2403,Cc1ccc(COc2cc(O)cc3oc4cc(O)c(O)cc4c(=O)c23)cc1,-4.753782273527902,0
b2AR-decoy_2226,O=C1NC(=S)S/C1=C\N1N=C(c2ccc3ccccc3c2)CC1c1ccc(Cl)cc1,-4.752394704388218,0
b2AR-decoy_1370,CSc1ccc(C2=CC(=O)C[C@H](c3ccc4c(c3)OCO4)C2)cc1,-4.751812845294251,0
b2AR-decoy_3080,Cn1cncc1C(OCc1ccc(C#N)cc1)c1ccc(C#N)c(c2cc3ccccc3s2)c1,-4.751258250839589,0
b2AR-decoy_518,N#Cc1cc(O)cc2ccc(c3cccc(O)c3)cc12,-4.748767096657367,0
b2AR-decoy_2332,Cc1ccc(Cc2cc(c3cc(=O)c4c(O)cc(O)cc4o3)cc(O)c2O)cc1,-4.745366661673905,0
b2AR-decoy_2262,CC1=NN(c2cc(F)c(O)c(F)c2)C(=O)/C1=C\c1ccc(c2ccccc2C(F)F)o1,-4.743349177418351,0
b2AR-decoy_1911,CC(C)=CCC/C(C)=C/Cc1c(O)cc2c(c1O)C(=O)C[C@@H](c1cc(O)cc(O)c1)O2,-4.733296482603653,0
b2AR-decoy_519,O=C(c1cccc(O)c1)c1ccc(c2ccc(O)cc2)s1,-4.731215614933136,0
b2AR-decoy_472,C[C@@H]1CC[C@@H]2[C@@H](C1)O[C@@H](c1ccccc1O)CC2(C)O,-4.731089773939073,0
b2AR-decoy_1005,C=C[C@]1(C)CC[C@@H](C(=C)COC(=O)c2ccccc2O)C[C@H]1C(=C)C,-4.729937652105287,0
b2AR-decoy_2405,C[C@]12CC[C@@H]3c4ccc(O)cc4CC[C@H]3[C@@H]1CC(C(=O)NCC1CCCO1)[C@@H]2O,-4.729510017302288,0
b2AR-decoy_3011,C[C@H](NC(=O)c1cc[nH]n1)c1ccc(OC2CCN(c3cccc(C(F)(F)F)n3)C2)cc1,-4.725412471682177,0
b2AR-decoy_2138,O=C(/C=C/c1cc(O)c(O)c(O)c1)c1cc(O)cc(/C=C/c2ccc(O)cc2)c1,-4.7235156735199,0
b2AR-decoy_423,C/C(=N\NC(=O)c1cc2ccccc2cc1O)c1ccc(C)o1,-4.722156894178108,0
b2AR-decoy_1554,CC(C)C(OC(=O)c1ccccc1)C(C)(C)COC(=O)c1ccccc1,-4.721990109471995,0
b2AR-decoy_324,Cc1ccc(O)c(Cc2cc(C)cc(Cc3cc(C)ccc3O)c2O)c1,-4.717963199050767,0
b2AR-decoy_1109,NC(=O)c1ccccc1NC(=O)c1ccc(Oc2ccc3ccccc3c2)cc1,-4.716839643152207,0
b2AR-decoy_2107,Oc1ccc(/C=N/n2c(C(c3ccccc3)c3ccccc3)n[nH]c2=S)c(O)c1,-4.7155256165481685,0
b2AR-decoy_590,Clc1ccc(c2csc(N/N=C/c3cccs3)n2)cc1,-4.713182918226274,0
b2AR-decoy_502,Oc1ccc(C2CSc3ccc(O)cc3O2)cc1,-4.713133691892361,0
b2AR-decoy_1719,CCCc1ccc(C(=O)O[C@H]2CC3C(=C2C)[C@H]2OC(=O)[C@@H](C)[C@@H]2CC[C@@]3(C)O)cc1,-4.712369063492083,0
b2AR-decoy_1936,C[C@]1(C(=O)NCC23CC4CC(CC(C4)C2)C3)CCC[C@]2(C)c3cc(O)ccc3CC[C@@H]12,-4.706692729495804,0
b2AR-decoy_953,O=C(c1cccc(F)c1)c1oc2cc(O)ccc2c1c1cccc2ccccc21,-4.706398890910566,0
b2AR-decoy_2390,CC(C)NC(=O)CC1C[C@H]2[C@@H]3CCc4cc(O)ccc4[C@H]3CC[C@]2(C)[C@H]1O,-4.705509633963156,0
b2AR-decoy_520,Oc1ccc(c2nc3ccccc3s2)c(O)c1,-4.705476436370015,0
b2AR-decoy_2165,O=C1NC(=O)/C(=C\c2ccc(OCc3ccc(c4ccccc4)cc3)cc2)S1,-4.696569050826753,0
b2AR-decoy_500,O=C1/C(=C/c2ccccc2O)Cc2c(O)cccc21,-4.69181788101194,0
b2AR-decoy_1320,CC[C@H]1O[C@@H]2c3ccccc3CO[C@@H]2[C@H]1OCc1cccs1,-4.68989628452292,0
b2AR-decoy_2645,O=[N+]([O-])c1ccc(c2csc(N3N=C(c4cccs4)CC3c3ccc4c(c3)OCO4)n2)cc1,-4.689621767602764,0
b2AR-decoy_1300,Clc1ccc([C@H]2CC[C@@H](OCCCc3cccnc3)O2)cc1,-4.685328957548655,0
b2AR-decoy_2273,O=c1cc(c2ccccc2)oc(O)c1C(Sc1ccc2ccccc2c1)c1ccccc1,-4.685065974182922,0
b2AR-decoy_555,CC1(C)CCc2cc(C(=O)/C=C/c3ccc(O)cc3)c(O)cc2O1,-4.683912058631888,0
b2AR-decoy_2968,Cc1ccc(C(=O)SC(Cn2ccnc2)c2ccc(Cl)cc2Cl)cc1,-4.681140691661314,0
b2AR-decoy_45,Oc1csc(Cc2nc(c3ccc4ccccc4c3)cs2)n1,-4.680539439276311,0
b2AR-decoy_1736,Cc1ccc(C2(O)OC(=O)C(c3ccc4c(c3)OCO4)=C2Cc2ccccc2)cc1,-4.676160165036775,0
b2AR-decoy_12,N#C/C(=C\c1ccc(c2cccs2)o1)c1nc2ccccc2[nH]1,-4.674562030159729,0
b2AR-decoy_350,CC(C)(C)c1ccc(SCC(c2ccncc2)c2c[nH]cn2)cc1,-4.67452803306047,0
b2AR-decoy_572,C=C1C[C@@]23CC[C@H]4[C@@](C)(CCC[C@@]4(C)NC(C)=O)[C@@H]2CC[C@]1(O)C3,-4.672679806755308,0
b2AR-decoy_2952,FC(F)(F)c1cc(CSc2nnc(c3ccncc3)n2Cc2ccco2)ccc1Cl,-4.672642084337504,0
b2AR-decoy_333,Clc1ccc(SCc2n[nH]c(c3ccc(Cl)cc3)n2)cc1,-4.672340436685078,0
b2AR-decoy_568,N#Cc1cc(c2ccc(O)c(F)c2)cc2ccc(O)c(F)c12,-4.667543013844124,0
b2AR-decoy_3002,C#Cc1cccc(C(=O)NCc2nc(c3cccc(NC(=O)c4ccccn4)c3)oc2C)c1,-4.665483173011263,0
b2AR-decoy_2550,O=c1c(c2cccnc2)nc2ccccc2n1C(CCc1ccccc1)c1nc2ccccc2[nH]1,-4.664257396535641,0
b2AR-decoy_3012,CC(SC(C)C(=O)NN=Cc1cccc(Cl)c1)C(=O)NN=Cc1cccc(Cl)c1,-4.650328794221052,0
b2AR-decoy_384,O=C(NCc1ccc(C(F)(F)F)c(F)c1)c1cc(Cl)ccc1O,-4.6469097979608005,0
b2AR-decoy_2607,COc1ccc2c(c1)C/C(=C/c1ccccc1c1ccc3ccccc3c1)C2=O,-4.646512896125296,0
b2AR-decoy_3123,O=C(NCc1ccccc1)C1=C[C@H](c2csc3ccccc23)C[C@H](OCc2ccc(CO)cc2)O1,-4.646295436620581,0
b2AR-decoy_1898,CC(C)=CCC/C(C)=C/Cc1c(O)cc(O)c2c1O[C@H](c1cc(O)cc(O)c1)CC2=O,-4.640948208499543,0
b2AR-decoy_175,CCCCC(NC(=O)[C@@H]1[C@@H]2[C@H](CN1C(=O)[C@@H](NC(=O)N[C@@H](CN1C(=O)CC(C)(C)CC1=O)C(C)(C)C)C(C)(C)C)C2(C)C)C(=O)C(=O)NCC,-4.639892487823799,0
b2AR-decoy_910,Cc1ccc2oc3c(SCc4nc5ccccc5[nH]4)nc(C)nc3c2c1,-4.637974701148272,0
b2AR-decoy_2574,C=C(C)C(=O)c1ccc(OCc2nc(c3ccc(C(F)(F)F)cc3)cs2)cc1Cl,-4.637730193293841,0
b2AR-decoy_2386,O=C(NO)[C@]1(F)[C@H](c2ccccc2)[C@H]1c1ccc(c2ncc(O)cn2)cc1,-4.635606695868264,0
b2AR-decoy_1610,Cc1nc2cnccc2n1CCCOC1CCC(c2ccc(F)cc2)O1,-4.627473892489019,0
b2AR-decoy_1654,O=C(/C=C/c1ccccc1)c1ccc(OCc2cc(c3cccs3)no2)cc1,-4.623151740154695,0
b2AR-decoy_1232,Cc1cccc(c2noc(CN(C(=O)CCc3ccccc3)C(C)C)n2)c1,-4.620724082908958,0
b2AR-decoy_676,CC(C)=CCC/C(C)=C/Cc1c(O)cc2oc3c(O)cccc3c(=O)c2c1O,-4.619993275468774,0
b2AR-decoy_2988,N#Cc1ccc(OCc2cn(Cc3ccc(C#N)c(c4ccc5ccccc5c4)c3)cn2)cc1,-4.618986375921575,0
b2AR-decoy_917,Oc1cccc(/C=C/c2cc(O)cc(/C=C/c3cccc(O)c3)c2)c1,-4.6109105878269,0
b2AR-decoy_594,Cc1ccc(c2ccc3occ(c4ccc(C(C)O)cc4)c3c2)o1,-4.610677200948928,0
b2AR-decoy_1226,CC(Sc1nnc(c2ccc[nH]2)o1)C(=O)c1ccc(C(C)(C)C)cc1,-4.6101761635825325,0
b2AR-decoy_993,C=C[C@]1(C)CC[C@@H](C(=C)C)C[C@H]1C(=C)COC(=O)c1ccccc1O,-4.606551429937463,0
b2AR-decoy_2205,O=c1[nH]c(SCc2ccc3ccccc3c2)nc(Cc2ccccc2)c1Br,-4.599621035230769,0
b2AR-decoy_1440,O=C1NC(=S)N/C1=C\c1cccs1,-4.598793663064451,0
b2AR-decoy_1166,Cc1csc2nc(C(C)c3ccc(NC(=O)c4cccs4)cc3)oc(=O)c12,-4.597147678832685,0
b2AR-decoy_138,CCCCCCC1C(=O)c2c(cc3cc(O)cc(O)c3c2O)C[C@H]1C,-4.596455699112371,0
b2AR-decoy_528,O=C1Nc2ccccc2C1=Cc1c[nH]c2ccccc12,-4.59580690368148,0
b2AR-decoy_1698,O=C(NNC(=O)c1cccs1)c1ccc2ccccc2c1,-4.595525235770137,0
b2AR-decoy_1954,CC(C)c1cc(C(=O)N2CCc3c(sc(NC(=O)c4ccccc4)c3C#N)C2)[nH]n1,-4.590411364081481,0
b2AR-decoy_2374,C/C(=N\NC(=S)NC12CC3CC(CC(C3)C1)C2)c1c(O)ccc2ccc(=O)oc12,-4.585276726275228,0
b2AR-decoy_679,COc1ccc(c2onc(C(F)(F)F)c2c2cc3ccccc3o2)c(O)c1,-4.5828110369286605,0
b2AR-decoy_1703,COCC(=O)N1CCCC(C(=O)c2ccc(C(F)(F)F)cc2)C1,-4.580704576274754,0
b2AR-decoy_642,C/C(=N\Nc1nc2c(C)cccc2s1)c1ccc(Br)cc1,-4.578830926679588,0
b2AR-decoy_501,Oc1cc(O)cc(c2cc3ccc(O)c(O)c3o2)c1,-4.576573658837061,0
b2AR-decoy_60,O=C(Nc1nnc(c2ccc3c(c2)CCCC3)o1)c1ccc(Cl)cc1Cl,-4.575850721517095,0
b2AR-decoy_3000,N#Cc1cc(Oc2ccc(c3cc([C@H](O)CO)cc(C(N)=O)n3)cc2)ccc1C(F)(F)F,-4.573616099472613,0
b2AR-decoy_2160,Cc1c(Cc2ccccc2)nc(SCc2ccc3ccccc3c2)[nH]c1=O,-4.572892860945878,0
b2AR-decoy_612,Cc1[nH]n(c2ccccc2)c(=O)c1N=Nc1ccc(Cl)cc1,-4.57173208213028,0
b2AR-decoy_2206,CC[C@@]12CC[C@](O)(c3ccccc3)C[C@H]1CCc1cc(OCc3cccnc3C)ccc12,-4.571211927715026,0
b2AR-decoy_2510,CCCN1N=C2/C(=C/c3ccccc3)CSCC2C1c1ccccc1,-4.568433641119039,0
b2AR-decoy_714,C=C(C)C1CCC(COc2ccc(/C=C3\SC(=O)NC3=O)cc2Cl)CC1,-4.5681981242901575,0
b2AR-decoy_1580,O=C(N[C@@H]1CO[C@@H]2[C@H](OCc3ccccc3)CO[C@@H]21)/C(=C/c1ccccc1)NC(=O)c1ccccc1,-4.567839149225182,0
b2AR-decoy_511,O=C(/C=C/c1c[nH]c2ccccc12)c1ccccc1O,-4.5675668013641255,0
b2AR-decoy_2331,C/C(=C\c1ccc(Cl)cc1)S(=O)(=O)Nc1cccc(F)c1S(N)(=O)=O,-4.563411094548728,0
b2AR-decoy_2339,C[C@H](O)[C@@H](CCc1ccccc1C(F)(F)F)n1cnc2c(N)ncnc21,-4.56263939916172,0
b2AR-decoy_740,CC(C)C1=CC2=CC[C@H]3[C@](C)(C(=O)OCC(O)CCl)CCC[C@]3(C)[C@H]2CC1,-4.561053547261865,0
b2AR-decoy_1392,C=CC1=C(C)[C@@H]2CC(=O)[C@H]3[C@](C)(COC(C)=O)CCC[C@]3(C)[C@H]2CC1,-4.559842548306966,0
b2AR-decoy_915,Clc1ccc(c2csc(NN=C3CCCC3)n2)c(Cl)c1,-4.559658435042119,0
b2AR-decoy_565,CC(C)c1cc2c(cc1O)[C@@]1(C)CCCC(C)(C)[C@@H]1C(O)C2=O,-4.558667221072097,0
b2AR-decoy_897,CC(C)c1ccc(c2cnc3sc(NCc4cccnc4)nn32)cc1,-4.556086520040544,0
b2AR-decoy_269,CC(C)(C)c1cc(NC(=O)NCc2ccccc2Sc2ccc3nnc(c4ccccc4[S+]([O-])CCO)n3c2)n(c2ccc(O)c(Cl)c2)n1,-4.555245652154411,0
b2AR-decoy_298,CC(C)CN(C[C@@H](O)[C@H](Cc1cc(F)cc(F)c1)NC(=O)O[C@H]1C2CO[C@H]3OC[C@@H]1C3C2)S(=O)(=O)c1ccc2nc(NC3CC3)sc2c1,-4.554865791200842,0
b2AR-decoy_186,O=C(Cc1ccccc1)Nc1nnc(CCCCc2nnc(NC(=O)Cn3cc(c4cccc(O)c4)nn3)s2)s1,-4.554402007343112,0
b2AR-decoy_1186,CCc1ccc2c(Cc3c(=O)[nH][nH]c3c3ccc(C)cc3)c(O)ccc2c1,-4.553991563539535,0
b2AR-decoy_999,O=C(CC(Sc1ccccc1)c1ccco1)c1ccc(O)cc1,-4.55241928863805,0
b2AR-decoy_371,CC(=O)[C@H]1CC[C@H]2[C@@H]3CCC4C[C@H](O)CC[C@]4(C)[C@H]3C[C@H](O)[C@]12C,-4.551303961985171,0
b2AR-decoy_2553,O=c1cc(c2cccc(/C=C/c3ccc4ccccc4n3)c2)oc2ccc(C3=NNN=N3)cc12,-4.54904729081549,0
b2AR-decoy_2202,Cc1nc(c2ccc(C(C)Nc3cnn(c4ccccc4)c(=O)c3Cl)cc2)cs1,-4.548155502681005,0
b2AR-decoy_1087,C[C@]12CC[C@@H]3[C@H]4CC/C(=N\Oc5ccc([N+](=O)[O-])cc5)C[C@@H]4CC[C@H]3[C@@H]1CC[C@@H]2O,-4.54761637219402,0
b2AR-decoy_2473,Cc1oc(c2cccc(Cl)c2)nc1CSc1nnc(C)n2c1cc1occc12,-4.546058640671553,0
b2AR-decoy_809,Cc1c(Cl)c(O)c2c(c1C=O)OC(C)(/C=C/[C@]1(C)C(C)C(=O)CC[C@H]1C)CC2,-4.54476423841241,0
b2AR-decoy_1277,CCCCC(C#N)(OP1(=O)OC(c2ccccc2)C(C)N1C)c1ccccc1,-4.543629154156902,0
b2AR-decoy_468,CC(C)c1cc2c(cc1O)[C@@]1(C)CCC[C@@]3(C)CO[C@@H]([C@@H]2O)[C@H]13,-4.543559267051164,0
b2AR-decoy_1980,CC(O)(CSc1ccc(C#N)cc1)C(=O)Nc1ccc([N+](=O)[O-])c(C(F)(F)F)c1,-4.543497241645337,0
b2AR-decoy_3182,COc1cc(OC)c2c(c1)oc(=O)cc2c1cccc(c2ccc(C(F)(F)F)cc2)c1,-4.541617691061834,0
b2AR-decoy_1027,Brc1ccc([C@H]2CC[C@@H](OCCCc3cccnc3)O2)cc1,-4.540256277116609,0
b2AR-decoy_1159,C[C@]12CCC(=O)C[C@@H]1CC[C@@H]1[C@@H]2CC[C@]2(C)[C@@H](O)[C@H](CCCSC#N)C[C@@H]12,-4.535148129241499,0
b2AR-decoy_1053,O=C(/C=C/CCCCc1ccc2c(c1)OCO2)N1CCCC1,-4.533786771407489,0
b2AR-decoy_1689,CC1CN(C(=O)c2ccc3c(c2)OCO3)OC(c2ccccc2)O1,-4.532897045162731,0
b2AR-decoy_525,Oc1cccc2ccc(c3cc4ccccc4[nH]3)nc12,-4.529574684791249,0
b2AR-decoy_578,O=C(Nc1cc(Cl)c(O)cc1O)C1(c2cccc(O)c2)CCC1,-4.529313310105924,0
b2AR-decoy_3020,CC(CO)Cc1cc(Oc2ccc(S(C)(=O)=O)cc2)cc(C(=O)Nc2nccs2)c1,-4.526394443108314,0
b2AR-decoy_3022,C#CCNC(=O)C1=C[C@H](c2csc3ccccc23)C[C@H](OCc2ccc(CO)cc2)O1,-4.526027862093163,0
b2AR-decoy_404,CC(=O)[C@@]1(O)[C@@H](C)C[C@H]2[C@@H]3CCC4=CC(=O)C=C[C@]4(C)[C@@]3(F)[C@@H](O)C[C@@]21C,-4.521798778510381,0
b2AR-decoy_169,CC(C)(C)C(=O)SCCOP(=O)(OCCSC(=O)C(C)(C)C)OC[C@@H]1C[C@@H](O)[C@H](n2ccc(N)nc2=O)O1,-4.521563603015068,0
b2AR-decoy_1319,CC(=O)COc1cccc(c2cc3cc(C)ccc3oc2=O)c1,-4.521114175393972,0
b2AR-decoy_1204,CCC(Sc1nc2ncccc2o1)C(=O)Nc1c(C)cc(C)cc1C,-4.520891220577411,0
b2AR-decoy_961,C=C(CC[C@H]1[C@@H](C)CCCC1(C)C)C(O)Cc1c(O)cc(C)cc1O,-4.5202820087278965,0
b2AR-decoy_141,C/C(=N\Nc1nc(c2ccc(c3ccccc3)cc2)cs1)c1cccnc1,-4.518918283822055,0
b2AR-decoy_869,O=C(/C=C/c1ccc(Oc2ccccc2)cc1)c1ccccc1O,-4.518648479909692,0
b2AR-decoy_1224,Cc1ccc(c2nnc(SCc3ccc(Cl)cc3)o2)c(O)c1,-4.517318634929746,0
b2AR-decoy_2939,CCc1ccncc1C1=CC=C2[C@@H]3CCC4C[C@@H](O)CC[C@]4(C)[C@H]3CC[C@]12C,-4.514953319202066,0
b2AR-decoy_189,C=CC[C@H](CC(=O)NCCO)C(=O)N[C@H](COC(=O)[C@H](CC=C)CC(=O)OC(C)(C)C)Cc1c[nH]c2ccccc12,-4.512721643439509,0
b2AR-decoy_898,COc1cccc(c2csc(N/N=C(\C)c3cccs3)n2)c1,-4.511893880619466,0
b2AR-decoy_596,C=C[C@@]1(C)CC[C@H]2[C@](O)(CC[C@@H]3[C@]2(C)CCC[C@@]3(C)COC(C)=O)C1,-4.5115418757879,0
b2AR-decoy_413,O=C(c1cc(Br)c(O)cc1O)N1Cc2ccccc2C1,-4.511159816595941,0
b2AR-decoy_847,Cc1c(O)nc(SCc2cccc(F)c2)nc1Cc1c(Cl)cccc1Cl,-4.510313069402612,0
b2AR-decoy_2090,Cc1cc(C)cc(COC(=O)c2cc(/N=C/c3cc(O)ccc3O)ccc2O)c1,-4.509658583853641,0
b2AR-decoy_1125,CCOP(=O)(/C=C(\Cl)c1ccccc1)C(O)c1ccc(F)cc1,-4.50940846045804,0
b2AR-decoy_861,N#Cc1ccc(c2csc(NN=C3CCCCCC3)n2)cc1,-4.509362059505169,0
b2AR-decoy_327,CC1(C)C=Cc2c(ccc(C(=O)/C=C/c3ccc4ccccc4c3)c2O)O1,-4.506992584822681,0
b2AR-decoy_1502,CO/N=C(/c1ccc(F)cc1)c1ccccc1COc1ccc(C(F)(F)F)cn1,-4.5069420468244585,0
b2AR-decoy_598,CCC(C)Sc1nc(O)cc(Cc2ccc3ccccc3c2)n1,-4.499548391944513,0
b2AR-decoy_1047,COc1ccc([C@H]2C[C@@H]2COc2nc(C)ncc2c2ccc(C)nc2)nc1,-4.497639550169089,0
b2AR-decoy_1926,CC(C)=CCC/C(C)=C/Cc1cc([C@@H]2CC(=O)c3c(O)cc(O)cc3O2)c(O)cc1O,-4.496566432767733,0
b2AR-decoy_1667,Cc1ccc(Cl)c(OC(=O)C2CSC3(C)CCC(=O)N23)c1,-4.495673472486521,0
b2AR-decoy_126,C(=N/Nc1nc(c2ccc(c3ccccc3)cc2)cs1)\c1cccnc1,-4.493334125926535,0
b2AR-decoy_147,Cc1sc2nc(CSc3nc4ccccc4s3)nc(O)c2c1C,-4.4882450897304125,0
b2AR-decoy_573,Cc1cccc(Sc2cncc3sc(C(N)=O)cc23)c1,-4.486149341131079,0
b2AR-decoy_2070,Cc1ccccc1OCc1ccc(c2nc(C#N)c(NCc3cccnc3)o2)o1,-4.48551329380542,0
b2AR-decoy_2253,O=c1c(Cc2ccc(c3ccc(O)c(O)c3)cc2)c(c2ccc(O)cc2)oc2ccccc12,-4.4811879820728056,0
b2AR-decoy_1129,Cc1ccccc1OP(=O)(Nc1ccccn1)Oc1ccccc1C,-4.475815041753236,0
b2AR-decoy_907,Clc1ccc(SCc2n[nH]c(c3ccc(Br)cc3)n2)cc1,-4.475298655309832,0
b2AR-decoy_1219,CCc1[nH]c2nc(Sc3cccnc3)nc(Cl)c2c1C(F)F,-4.473958814510035,0
b2AR-decoy_1978,O=C(N[C@H]1N=C(c2ccccc2F)c2cccc3c2N(CC3)C1=O)c1cc2ccccc2[nH]1,-4.472205921689141,0
b2AR-decoy_2411,CO/N=C(\c1ccc(Cl)cc1)c1ccccc1COc1ccc(C(F)(F)F)cc1,-4.4721921180156965,0
b2AR-decoy_2392,COc1c(=O)c2c(O)cc(O)cc2oc1c1ccc(O)c(CC=C(C)C)c1,-4.471042384317867,0
b2AR-decoy_1986,Cc1ccc(NC(=O)CSc2sc3c(O)cc(O)nc3c2C#N)cc1C,-4.469819680682367,0
b2AR-decoy_3052,O=S(=O)(c1ccc(F)cc1)C1(c2ccc(C(F)(C(F)(F)F)C(F)(F)F)cc2)CCCC1,-4.469584909236419,0
b2AR-decoy_2537,Clc1ccc(c2csc(N/N=C(/Cn3cncn3)c3ccc(Br)cc3)n2)cc1,-4.467678333114534,0
b2AR-decoy_299,CC(=O)c1ccc(N2C[C@@H](C(=O)N[C@@H](Cc3ccccc3)[C@H](O)CN(Cc3cccs3)S(=O)(=O)c3cc(F)c(F)cc3F)OC2=O)cc1,-4.467283791836025,0
b2AR-decoy_2965,Nc1ccccc1NC(=O)/C=C/c1ccc(c2nnc(Cc3ccc4ccccc4c3)o2)cc1,-4.466569825079,0
b2AR-decoy_5,Cc1ccc2c(c1)N/C(=C\C(=O)c1ccc(c3ccccc3)cc1)C(=O)O2,-4.465841191854106,0
b2AR-decoy_989,O=C(CC(Sc1ccccc1)c1ccco1)c1ccccc1O,-4.4628777666961446,0
b2AR-decoy_559,Cc1c(C(=O)N/N=C\c2ccccc2F)oc2cccc(O)c12,-4.461265937319573,0
b2AR-decoy_2111,CC1=C[C@H](O)[C@@]2(C)CC[C@@](O)(C(C)C)[C@@H]2[C@@H](OC(=O)c2ccc(O)cc2)C1,-4.459600722290235,0
b2AR-decoy_1877,Clc1ccccc1CC(Cc1ccc(c2ccccc2)cc1)n1ccnc1,-4.458422128811193,0
b2AR-decoy_455,O=[N+]([O-])c1ccc2ccc3c4c(cc5ccc1c2c53)C(O)C(O)C=C4,-4.458113857591782,0
b2AR-decoy_834,CC(C)[C@@H]1CC[C@]2(C)[C@H]3CC[C@]2(C)[C@H](OC(=O)/C=C/c2ccc(O)cc2)[C@@H]13,-4.453305619965626,0
b2AR-decoy_2602,CC(C)c1ccc(COc2ccccc2C2CC(=O)c3ccccc3O2)cc1,-4.450406602972098,0
b2AR-decoy_2122,CC1=C[C@H](OC(=O)c2ccc(O)cc2)C2[C@](C)(CC[C@@]2(O)C(C)C)C[C@@H]1O,-4.450373853243311,0
b2AR-decoy_1071,CC(Sc1nnc(c2ccncc2)s1)C(=O)Nc1ccc(Cl)cc1Cl,-4.445779832115086,0
b2AR-decoy_1234,Cc1cc2nnc(SCc3cn4ccccc4n3)n2c2ccccc12,-4.444951316178694,0
b2AR-decoy_754,CC1(C)C=Cc2c(ccc(C(=O)/C=C/c3ccc(F)c(F)c3)c2O)O1,-4.444693515532419,0
b2AR-decoy_921,C/C(=N\OC(=O)Nc1ccccc1)c1sc2ccccc2c1C,-4.443568317902306,0
b2AR-decoy_2125,O=S(=O)(/C=C/c1ccc(O)c(O)c1)NCc1ccc(C(F)(F)F)cc1,-4.443357355509641,0
b2AR-decoy_978,CCCC(=O)Nc1sc(C)c(c2ccc(C(C)CC)cc2)c1C#N,-4.440644104219799,0
b2AR-decoy_489,Cc1c(O)ccc(C(=O)/C=C/c2ccc(F)cc2)c1O,-4.440485460479239,0
b2AR-decoy_1415,NS(=O)(=O)c1c(F)c(F)cc(F)c1F,-4.439547360978716,0
b2AR-decoy_240,CCC[C@@H]1CCC[NH+]1Cc1sc(NC(=O)c2cnc(N3CCC(C(=O)[O-])CC3)cn2)nc1c1ccc(OC)c(C(F)(F)F)c1,-4.438432228633091,0
b2AR-decoy_551,CCc1cc(O)c2c3c(c(O)cc2c1)C(=O)c1c(O)cccc1C3=O,-4.436383722083393,0
b2AR-decoy_547,O=C1/C(=C/c2cccc(Br)c2)Oc2cc(O)cc(O)c21,-4.434273263440541,0
b2AR-decoy_95,O=Cc1cc(Cl)c(OCc2cccc(c3ccccc3)c2Br)cc1O,-4.431814695375247,0
b2AR-decoy_1141,C/C(=N\Nc1nc(c2ccc3ccccc3c2)cs1)c1ccccc1,-4.431450078642255,0
b2AR-decoy_1000,CC(C)(C)c1ccc(CSc2nnc(c3ccc4[nH]cnc4c3)o2)cc1,-4.429191321945315,0
b2AR-decoy_1814,COC(=O)C1=CNC(CC(CC=O)c2ccc(F)cc2)=CC1c1ccc(N(C)C)cc1Cl,-4.427320057258759,0
b2AR-decoy_1707,C[C@@](F)(c1ccc(C(F)(F)F)nc1)S(C)(=O)=NC#N,-4.425514434791216,0
b2AR-decoy_2264,Cc1c(C(=O)c2ccc(Oc3ccccc3)cc2)oc2cc(c3ccccc3)cc(O)c12,-4.422911876195284,0
b2AR-decoy_817,CC(CCCc1ccc(F)cc1)c1cc(O)c2c(c1)OC(C)(C)c1ccncc1-2,-4.420388866294346,0
b2AR-decoy_1804,O=C(NCc1ccncc1)c1ccc(Oc2ccc(/C=C/C3=CN4CCC3CC4)cc2)cc1,-4.419670383170207,0
b2AR-decoy_2118,O=c1cc(c2cc(O)c(O)c(Cc3ccc(Cl)cc3)c2)oc2cc(O)cc(O)c12,-4.416030073556372,0
b2AR-decoy_2031,Nc1nc(SCC(=O)c2ccc(Br)cc2)c2nc[nH]c2n1,-4.414509124495725,0
b2AR-decoy_2921,CC(C)=CCC/C(C)=C/Cc1c(O)c(O)cc2c(=O)c3c(O)c(CC=C(C)C)c(O)cc3oc12,-4.411270271750889,0
b2AR-decoy_2612,CO/N=C(/c1ccc(F)cc1)c1ccccc1COc1ccc(C(F)(F)F)cc1,-4.408662584551653,0
b2AR-decoy_476,Nc1ccc(c2nc3cc(O)cc(O)c3s2)cc1,-4.408539971179218,0
b2AR-decoy_1557,O=C1N[C@@H]2[C@H](CCCCCc3cn(Cc4ccc(C(F)(F)F)cc4)nn3)SC[C@@H]2N1,-4.406975287418663,0
b2AR-decoy_992,COc1ccc(c2ccc(C(=O)c3c(F)ccc(O)c3F)s2)cc1,-4.40575150432503,0
b2AR-decoy_2942,COc1cc(c2noc3c2CCCC3OCc2cc(F)cc(F)c2)ccc1n1cnc(C)c1,-4.405480163697739,0
b2AR-decoy_850,O=C1/C(=C/c2ccc(Oc3ccc(Cl)cc3)cc2)Oc2cc(O)ccc21,-4.405215328584442,0
b2AR-decoy_661,O/N=C(\COc1ccc2ccccc2c1)c1ccc(c2ccccc2)cc1,-4.403848391108308,0
b2AR-decoy_1091,Cc1ccc(NC(=O)c2nc[nH]c2C(=O)Nc2ccccc2)c(c2ccsc2)c1,-4.402950255410028,0
b2AR-decoy_2872,Clc1sccc1CO[C@@H]1c2ccc3ccccc3c2S[C@@H]1Cn1ccnc1,-4.402579947781527,0
b2AR-decoy_2920,CC(=O)N[C@@H](C)/C=C/c1ccc(Oc2ccc3nc(C(C)C)sc3c2C(F)(F)F)nc1,-4.399688117560228,0
b2AR-decoy_1585,CC(NC(=O)COc1ccc(/C=N/NS(=O)(=O)c2ccccc2)cc1)c1ccccc1,-4.399683771636228,0
b2AR-decoy_408,N#CC(=C(N)Sc1ccc(N)cc1)c1ccccc1C(F)(F)F,-4.39508596656445,0
b2AR-decoy_2178,C[C@@H](Cn1ccc(c2ccc(C#N)c(Cl)c2)n1)Nc1cccc2cccnc12,-4.393924514171844,0
b2AR-decoy_2901,CC(=O)N1C[C@@H](O[C@@H](C)c2cc(C(F)(F)F)cc(C(F)(F)F)c2)[C@H](c2ccccc2)C1,-4.393760730842266,0
b2AR-decoy_2801,CC1(C)C(c2ccccc2)=NN(C(=O)COc2cccc3cccnc23)C1c1ccccc1Cl,-4.392485235288377,0
b2AR-decoy_451,C[C@@H](NC(=O)c1cc(Cl)ccc1O)c1ccc(Cl)cc1,-4.390314371745713,0
b2AR-decoy_1116,CCC(C)N1C(=O)S/C(=C/c2ccc(Sc3nc4ccccc4[nH]3)o2)C1=O,-4.38974697718219,0
b2AR-decoy_507,Oc1ccc(c2nc3ccccc3s2)cc1O,-4.3857781379569,0
b2AR-decoy_379,CC(=O)c1ccc2c(c1)[C@H](NC(=O)c1ccc(F)c(Cl)c1)[C@H](O)C(C)(C)O2,-4.382477756898497,0
b2AR-decoy_2304,Cc1nnc2sc(C(=O)NC3CN(c4cccc(F)c4F)C3)c(N)c2c1C,-4.379638816649321,0
b2AR-decoy_1657,O=C(/C=C/c1ccccc1)OC(Cn1ccnc1)c1ccc(Cl)cc1,-4.37895816414583,0
b2AR-decoy_1455,O=C1NC(=O)/C(=C\c2ccncc2)N1,-4.378849538990172,0
b2AR-decoy_1175,CC(C)C1=C2CCC(COC(=O)c3ccc(O)cc3)=CC[C@@]2(C)CC1,-4.377768841914041,0
b2AR-decoy_1227,CCC(=CCc1c(O)cc2c(c1O)C(=O)CC(c1ccccc1O)O2)CC,-4.37736254807622,0
b2AR-decoy_2764,CC(C)c1nc2c(c3c1[C@@H](c1ccc(C(F)(F)F)cc1)OC31CCOCC1)[C@@H](O)CC1(CC1)C2,-4.377029502194188,0
b2AR-decoy_395,O=C1c2c(ccc(O)c2O)CN1Cc1cccc(CBr)c1,-4.3760761152919,0
b2AR-decoy_411,CC1(C)C=Cc2ccc(c3coc4cc(O)cc(O)c4c3=O)cc2O1,-4.373036832621899,0
b2AR-decoy_2309,Nc1nnc(SCc2nc(O)c3c(n2)scc3c2ccccc2)s1,-4.368646802214139,0
b2AR-decoy_1701,O=C1/C(=C/c2ccc(O)cc2O)SC(=S)N1c1ccccc1,-4.367419638399118,0
b2AR-decoy_2248,N#Cc1ccccc1Sc1ccccc1C(=O)Nc1ccc(Br)cc1,-4.367353668008964,0
b2AR-decoy_2415,C=C(C)C(=O)c1ccc(OCc2nc(c3ccc(C(F)(F)F)cc3)cs2)c(C)c1C,-4.366709697756458,0
b2AR-decoy_36,N#C/C(=C\c1ccc2ccccc2c1)C(=O)c1c[nH]c2ccccc12,-4.365697800378705,0
b2AR-decoy_522,O=c1cc(c2ccc(O)c(O)c2)oc2ccccc12,-4.364922489072731,0
b2AR-decoy_1396,O=C1NC(=O)C(=Cc2cccs2)C(=O)N1,-4.362487115605608,0
b2AR-decoy_1616,C=C1C(=O)O[C@@H]2C[C@]3(C)C(CCC(C)OC(=O)c4ccc(OC)cc4)[C@@H]3C[C@H]12,-4.362182989130541,0
b2AR-decoy_788,COc1ccc(c2nc(/C=C3\C(C)=Nc4ccccc43)c(O)o2)cc1,-4.360769956514845,0
b2AR-decoy_2617,c1ccc(Cn2c(SCc3ccc4ccccc4c3)nnc2c2ccsc2)cc1,-4.35699487870127,0
b2AR-decoy_162,CCC[C@@H]1C[C@@]1(NC(=O)[C@@H]1[C@@H]2[C@H](CN1C(=O)[C@@H](NC(=O)NC1(CS(=O)(=O)C(C)(C)C)CCCCC1)C(C)(C)C)C2(C)C)C(=O)C(=O)NC1CC1,-4.356964281892747,0
b2AR-decoy_2335,CC(C)C(CC1NC(=O)NC1=O)c1ccc(c2ccc3cccc(F)c3c2)[nH]c1=O,-4.355933225247319,0
b2AR-decoy_394,CC(=O)[C@H]1CC[C@H]2[C@@H]3CC[C@@H]4C[C@H](O)CC[C@]4(C)[C@H]3[C@@H](O)C[C@]12C,-4.354821797819211,0
b2AR-decoy_631,CC(/C=C/c1ccccc1)=N/Nc1nc(c2ccccc2)cs1,-4.353571997793706,0
b2AR-decoy_1194,COc1cc(C[C@H]2COC[C@@H]2Cc2ccc(Cl)c(Cl)c2)ccc1O,-4.352912528216095,0
b2AR-decoy_3143,C[C@H](NC(=O)C(F)(F)F)[C@H](Oc1ccc2c(cnn2c2ccc(F)cc2)c1)c1cccc(O)c1,-4.351260382407924,0
b2AR-decoy_1123,CC(C)(C)c1ccc([C@@H]2C[C@H]2C(=O)N/N=C/c2ccc(C(F)(F)F)cc2)cc1,-4.350847942941151,0
b2AR-decoy_201,CCC(CC)COC(=O)[C@H](C)NP(=O)(OCCOCn1cc(c2cnc(N)nc2OC)cn1)Oc1ccccc1,-4.345923544314967,0
b2AR-decoy_1548,Cn1cnc2c(SCc3ccccc3OCc3ccccc3)ncnc21,-4.343954347476333,0
b2AR-decoy_2306,C=C[C@]1(C)C=C2C(=O)C(O)=C3[C@@]4(C[C@@H]4C[C@@H](O)[C@@]3(C)COC(=O)C(C)C)[C@@]2(O)CC1,-4.343844263930663,0
b2AR-decoy_2056,Cc1cc(C(=O)CSc2nc(O)c(C#N)c(c3cccs3)n2)ccc1Cl,-4.3396930596278045,0
b2AR-decoy_2848,COc1cccc(/C=C/C(=O)OC[C@@]2(C)CCC[C@]3(C)[C@@H]2CC[C@@]24C=C[C@@](C)(CC[C@@H]32)C4)c1,-4.338654041895534,0
b2AR-decoy_341,C/C(=N\Nc1nc(c2ccc(c3ccccc3)cc2)cs1)c1ccncc1,-4.338162389011904,0
b2AR-decoy_1846,CCC(O)C(CC(F)F)(c1ccc(C(F)(F)F)cc1)n1ncc2c(NS(C)(=O)=O)cccc21,-4.337750192514408,0
b2AR-decoy_438,Cc1c(O)cc(C#N)c2cc(c3ccc(O)c(F)c3)ccc12,-4.3376431183792326,0
b2AR-decoy_1151,CC(C)c1ccc(c2[nH][nH]c(=O)c2Cc2c(O)ccc3nc(Cl)ccc23)cc1,-4.33705489829602,0
b2AR-decoy_557,CNc1nnc(c2cc(c3ccc(F)cc3F)ccc2O)o1,-4.335032582391295,0
b2AR-decoy_118,Oc1ccc(Cl)cc1Cn1nc(c2ccc(C(F)(F)F)cc2)oc1=S,-4.333763631444361,0
b2AR-decoy_1180,COc1ccc(C[C@H]2COC[C@@H]2Cc2ccc(Cl)c(Cl)c2)cc1O,-4.331916746245384,0
b2AR-decoy_1242,c1ccc(n2nnnc2SCCCSc2nc3ccccc3s2)cc1,-4.327018750238993,0
b2AR-decoy_1206,COc1ccc(c2csc(N/N=C(\C)c3sc(C)nc3C)n2)cc1,-4.326976664581664,0
b2AR-decoy_1189,COc1cc(/C=C/C(=O)/C=C/c2cccc(C(F)(F)F)c2F)ccc1O,-4.326757105396696,0
b2AR-decoy_71,CC1(C)C=Cc2c(ccc(C(=O)/C=C/c3ccc4ccoc4c3)c2O)O1,-4.325988321001762,0
b2AR-decoy_1887,CN1C(=O)CC[C@@]2(C)C1=CC[C@H]1[C@@H]3CC=C(c4cncc(C(F)F)c4)[C@@]3(C)CC[C@@H]12,-4.325569013166652,0
b2AR-decoy_428,Cc1cc(O)cc2c1O[C@@H](c1ccc(O)cc1)[C@H]1CCC[C@@H]21,-4.32474099399923,0
b2AR-decoy_1599,Cc1cc2c(cc(C(=O)N[C@H](CO)c3ccc([S@+]([O-])CC(=O)OC(C)C)cc3)n2C)c(F)c1F,-4.318458010376972,0
b2AR-decoy_1160,CCCCNC(=O)[C@]1(C)CCC[C@@]2(C)C3CC[C@@]4(C)C[C@]3(CCC21)CC4=O,-4.313828065670439,0
b2AR-decoy_1626,CC(C)CCCN1CC(C)(C)C(Oc2ccc(C#N)c(C(F)(F)F)c2)C1=O,-4.311880004718285,0
b2AR-decoy_1433,O=C1NC(=O)/C(=C/c2c[nH]cn2)S1,-4.308912487764976,0
b2AR-decoy_1182,N#Cc1ccc(Oc2ccc(Cc3ccncc3)cc2O)c(Cl)c1,-4.304648768719963,0
b2AR-decoy_536,CC1(C)CC(=O)C2=C(C1)OC(N)=C(C#N)C2C1C=CCCC1,-4.303748877752172,0
b2AR-decoy_2414,Fc1ccc2c(c1)[C@@H](OCc1ccc(Cl)c(Cl)c1)[C@@H](Cn1ccnc1)S2,-4.303686912858477,0
b2AR-decoy_331,COc1ccc(O)c(C2=Nc3ccccc3N=C(c3ccccc3)C2)c1,-4.299978072038025,0
b2AR-decoy_55,O=c1cc(c2cccc(OC(F)(F)F)c2)oc(O)c1SCc1ccccc1,-4.298777072349739,0
b2AR-decoy_171,CC(C)CN(C[C@@H](O)[C@H](Cc1ccccc1)NC(=O)O[C@H]1CO[C@H]2OCC[C@@H]12)S(=O)(=O)c1ccc2c(c1)C(=CNCCc1ccccc1)C(=O)N2,-4.298773630789304,0
b2AR-decoy_1198,CC(Oc1ccc(Cl)cc1Cl)C(=O)NCCC1=CCCCC1,-4.297034400873611,0
b2AR-decoy_1590,Cc1cnc(NC(=O)[C@@H]2C[C@H]3CCCC[C@@H]3N2C(=O)[C@H](CC2CCCC2)CN(O)C=O)s1,-4.296466131198271,0
b2AR-decoy_1675,CC(C)(C)CN=C(C#N)C(C#N)/N=C/c1cccc(Cl)c1,-4.295130378677349,0
b2AR-decoy_1679,Cc1cc(=O)oc2cc(Sc3cccc(Cl)[n+]3[O-])ccc12,-4.293982529559772,0
b2AR-decoy_839,Cc1c(O)nc(SCc2ccccc2)nc1Cc1c(Cl)cccc1Cl,-4.291009697157218,0
b2AR-decoy_206,COC(=O)c1cc(OC)cc(O)c1C(=O)c1c(O)cc(C)c2c1O[C@@](C)(CC(=O)[C@@]13C[C@H](O)[C@@H]4O[C@]4(CC=C(C)C)[C@@H]1O3)C2,-4.284824824773416,0
b2AR-decoy_2862,O=C(CSc1c(F)c(F)c2cc(C(=O)c3ccccc3)sc2c1F)c1ccccc1,-4.284637400146755,0
b2AR-decoy_2094,O=c1cc(c2cc(O)c(O)c(Cc3ccccc3Cl)c2)oc2cc(O)cc(O)c12,-4.283423315667817,0
b2AR-decoy_2172,N#Cc1cc(Cl)cc(Oc2cc(CCc3ccccc3)[nH]c(=O)c2Cl)c1,-4.282328965652395,0
b2AR-decoy_46,CC[C@H](C1=CC(=O)OC1)[C@@]1(C)CCC2C(CC[C@@H]3C[C@@H](O)CC[C@]23C)C1,-4.27831830419053,0
b2AR-decoy_1432,O=C1NC(=O)/C(=C/c2ccco2)N1,-4.277254496341716,0
b2AR-decoy_1065,O=C(CCCCCc1ccc(Br)cc1)N1CCOC1=O,-4.276774490810366,0
b2AR-decoy_1512,C=C1c2ccccc2S(=O)(=O)N(Cc2ccccc2)C1COCc1ccccc1,-4.2761129493712415,0
b2AR-decoy_33,CC[C@H](C)C(=O)c1c(O)cc(OC)c2c1O[C@]1(C)C=C[C@@H](C(C)C)C[C@H]21,-4.270953969214268,0
b2AR-decoy_54,CC(C)(O)CCC[C@@H]1C[C@@H]2C[C@H]3[C@@H]4CCc5cc(O)ccc5[C@H]4CC[C@]3(C)[C@@]21O,-4.270797114036892,0
b2AR-decoy_2997,O=C(N/N=C/c1ccc(OCc2cccc(C(F)(F)F)c2)cc1)c1cc(O)c(O)c(O)c1,-4.269287052621577,0
b2AR-decoy_626,COc1ccc(c2ccc(/C=N/Nc3ccc(F)cc3)s2)cc1,-4.26700720167514,0
b2AR-decoy_481,Oc1nc2sccc2c(O)c1c1ccccc1,-4.266791112695389,0
b2AR-decoy_1523,O=C(CC(C(=O)c1cccs1)c1ccc2c(c1)OCO2)c1ccccc1,-4.266028124271754,0
b2AR-decoy_2376,CCc1nnc(NC(=O)c2sc3nc4c(cc3c2N)CCCCC4)s1,-4.263927569163679,0
b2AR-decoy_2320,CC(O)(COc1ccc(O)cc1)C(=O)Nc1ccc(C#N)c(C(F)(F)F)c1,-4.263615766082483,0
b2AR-decoy_1101,Oc1c(/C=N/c2ccc(Oc3ccccc3)cc2)cnn1c1cccc(Cl)n1,-4.263218156606844,0
b2AR-decoy_2124,Cc1cc(CSc2nnc(Nc3ccccc3c3ccccc3)[nH]2)no1,-4.2613871075876615,0
b2AR-decoy_845,COc1c(C)cc(c2ccc(/C=C(\C#N)c3nc4ccccc4[nH]3)o2)cc1C,-4.260630167903468,0
b2AR-decoy_1914,O=C(CSc1nnc(c2ccc(N=C=S)cc2)o1)c1ccc(Cl)cc1Cl,-4.2593105415615335,0
b2AR-decoy_1178,Cc1ccc(c2csc(N/N=C/c3ccc(n4ccnc4)cc3)n2)cc1,-4.2591630367958455,0
b2AR-decoy_665,CC1(C)CC(=O)c2c(SCCc3ccccc3)sc(c3cc[nH]n3)c2C1,-4.258677484466121,0
b2AR-decoy_2177,CC(C)(C)c1ccc(Oc2cccc(/C=C3/SC(=O)NC3=O)c2)cc1,-4.257501589077187,0
b2AR-decoy_211,COc1ccc(C2=C(c3cccc(NCCCCCC(=O)OC(=O)CCCC[C@@H]4SC[C@@H]5NC(=O)N[C@H]45)c3)C(=O)N3CCCC3C2)cc1,-4.256600774354096,0
b2AR-decoy_2822,CC(=O)c1cccc(C(=O)O[C@H]2CCC[C@@]3(C)[C@H]2CC[C@@H]3[C@H](C)CCCC(C)C)c1,-4.254669831977007,0
b2AR-decoy_3010,C#CCNC(=O)C1=C[C@H](c2ccc(Br)cc2)C[C@H](OCc2ccc(CO)cc2)O1,-4.251642831404884,0
b2AR-decoy_832,O=c1c2ccc(O)cc2oc(SCc2ccccc2)c1c1ccccc1,-4.251537141792019,0
b2AR-decoy_1296,CC(C)Oc1ccc(C2COC(c3c(F)cccc3F)=N2)cc1,-4.248647603594339,0
b2AR-decoy_605,CC1(C)CCc2cc(C(=O)/C=C/c3ccc(F)c(F)c3)c(O)cc2O1,-4.248630714809855,0
b2AR-decoy_2321,NS(=O)(=O)c1ccc(N2N=C3c4ccccc4CCC3C2c2cccc(O)c2)cc1,-4.248379220029351,0
b2AR-decoy_888,CC(C)c1ccc(c2cnc3sc(NCc4ccncc4)nn32)cc1,-4.247904184234383,0
b2AR-decoy_994,CCC(C)n1nc(C(F)(F)F)cc1/C(CSc1ccccc1)=N/O,-4.247598146117916,0
b2AR-decoy_140,Cc1ccc(N=Nc2c(C)[nH]n(c3ccccc3)c2=O)cc1Br,-4.24613455571897,0
b2AR-decoy_933,Cc1[nH]n(c2ccccc2)c(=O)c1N=Nc1c(Cl)cccc1Cl,-4.244032187095552,0
b2AR-decoy_2814,COc1ccc([C@@H]2[C@@H](CCCc3ccccc3)C(=O)N2c2ccc(OC(F)(F)F)cc2)cc1,-4.243945049007469,0
b2AR-decoy_1688,CN(C)C1=C(Cl)C(=O)N(c2ccc(Cl)c(Cl)c2)C1=O,-4.240094520472903,0
b2AR-decoy_2098,CCOc1ccccc1c1c2cc(O)c(=O)cc-2oc2cc(O)c(O)cc21,-4.238651939688475,0
b2AR-decoy_510,Cc1ccc(/C=C/C(=O)c2ccc(O)cc2O)cc1,-4.234757900636767,0
b2AR-decoy_1683,Cc1ccc(C(=O)COc2ccc3c(C)cc(=O)oc3c2)cc1,-4.232880725107579,0
b2AR-decoy_682,C[C@]12CC[C@@H]3[C@H]4CC/C(=N\OCc5ccccc5)C=C4CC[C@H]3[C@@H]1CC[C@@H]2O,-4.231709719977195,0
b2AR-decoy_393,CC1(C)C=Cc2c(cc3c(c2O)C(=O)C[C@@H](c2ccccc2O)O3)O1,-4.23114484794227,0
b2AR-decoy_2310,O=C(Cc1ccc(O)c(F)c1)N/N=C1\C(=O)Nc2c(Cl)ccc(Cl)c21,-4.229845857589,0
b2AR-decoy_2637,O=C1CCCC2=C1C1OC(CCCCN3C(=O)c4ccccc4C3=O)(Cc3c1ccc1ccccc31)O2,-4.229375744142265,0
b2AR-decoy_2686,COC(=O)c1c(O)cc(O)c(Cl)c1CCc1nccn1Cc1ccc(Cl)c(Cl)c1,-4.223322058747263,0
b2AR-decoy_2003,N#C/C(=C/c1ccc(c2ccc(C(N)=O)cc2)o1)c1nc2ccccc2[nH]1,-4.222783085557544,0
b2AR-decoy_388,O=C1C(Nc2ccc(O)cc2)=C(Cl)C(=O)c2sc(CO)cc21,-4.221298620799005,0
b2AR-decoy_3190,Clc1ccc(C2COC(Cn3ccnc3)(c3ccc(Cl)cc3Cl)O2)c(Cl)c1,-4.220548013319584,0
b2AR-decoy_435,CC1(C)C=Cc2c(O)ccc(C(=O)/C=C/c3ccc(O)cc3)c2O1,-4.219723059054286,0
b2AR-decoy_1803,CCN(CC)c1ccc(NC(=O)CSc2ncnc3sc(C)c(C)c23)cc1C,-4.216991327834718,0
b2AR-decoy_2034,Cc1cccc(NC(=O)CSc2n[nH]c(c3ccccc3O)n2)c1C,-4.216611542123782,0
b2AR-decoy_755,Cc1c(C)c2c(c(C)c1N)CC(C)(CSc1ccc(O)cc1)O2,-4.216464093434491,0
b2AR-decoy_219,O=C1N[C@@H](Cc2ccccc2)COC(=O)[C@H](Cc2ccc(F)cc2)CC/C=C/C[C@H]1CC(=O)N(CCO)Cc1ccccc1,-4.215611180202496,0
b2AR-decoy_1096,CCn1cc(/C=N/Nc2nc(c3cc4ccccc4oc3=O)cs2)c2ccccc21,-4.212935780640036,0
b2AR-decoy_603,CC(C)(C)C1CCc2c(C(=O)N/N=C/c3cccs3)csc2C1,-4.209789704548493,0
b2AR-decoy_1167,C[C@@H](Oc1ccc(n2ccnc2)cc1)C(=O)Nc1ccc(c2ccccc2)cc1,-4.207919176033963,0
b2AR-decoy_1651,N#Cc1ccc(c2cnc(C(=O)CCCCCCc3ccccc3)o2)cc1,-4.207370523090292,0
b2AR-decoy_2812,Clc1ccc(COC2c3c(Cl)cc(Cl)cc3SC2Cn2ccnc2)c(Cl)c1,-4.20711102253258,0
b2AR-decoy_1536,CC1=CC(COCc2ccccc2)OC2(C1)C(=O)N(CC1CC1)c1ccccc12,-4.20583434464553,0
b2AR-decoy_1472,O=C1NC(=O)C(=Cc2ccco2)C(=O)N1,-4.20471217767799,0
b2AR-decoy_756,Cc1c(C(=O)C(C)C)oc2cc(c3ccccc3)cc(O)c12,-4.2046249032171445,0
b2AR-decoy_2244,C[C@]12CCC(=O)C[C@@H]1CC[C@@H]1[C@@H]2CC[C@]2(CCOCc3cc(F)cc(F)c3)[C@@H](O)CC[C@@H]12,-4.204604598176458,0
b2AR-decoy_982,C[C@]12CCC(=O)CC1CC[C@@H]1[C@@H]2CC[C@]2(C)[C@@H](O)[C@H](CCCN=[N+]=[N-])C[C@@H]12,-4.202028044074659,0
b2AR-decoy_34,COc1cc(O)c(C(=O)CC(C)C)c2c1[C@H]1C[C@H](C(C)C)C=C[C@@]1(C)O2,-4.201946001858514,0
b2AR-decoy_144,CCOc1cc(F)ccc1/C=C/C(=O)c1ccc2c(c1O)C=CC(C)(C)O2,-4.2015789623529525,0
b2AR-decoy_2171,COc1cccc(C2CC3=Nc4ccc(Cl)cc4SC3=C(O)C2)c1OC,-4.201573704665275,0
b2AR-decoy_1968,CC(C)CNc1cncc(COc2cc(/C=C3\SC(=O)N(C)C3=O)c(Br)cc2O)c1,-4.199298559624028,0
b2AR-decoy_2725,CC(C)c1cc(c2ccccc2)c(c2ccc(F)cc2)n1CC[C@@H]1C[C@@H](O)CC(=O)O1,-4.198302451111166,0
b2AR-decoy_1785,Cc1ccc(C)c(NC(CC(=O)c2ccccc2)C(=O)OCC(=O)c2cccs2)c1,-4.198279977068619,0
b2AR-decoy_2066,O=c1ccc2cc(OC/C(=N\O)c3ccc(c4ccccc4)cc3)ccc2o1,-4.198129415616906,0
b2AR-decoy_830,Cc1ccc(C(=O)c2oc3cc(O)ccc3c2c2cccc3ccccc32)c(C)c1,-4.196699916530855,0
b2AR-decoy_1388,Cc1ccc(CN2C(=O)S/C(=C\c3ccccc3Cl)C2=O)cc1,-4.196637369142879,0
b2AR-decoy_487,CC1=CC[C@]2(O)C[C@H]1[C@H](c1ccc(O)cc1)OC2(C)C,-4.193751736029835,0
b2AR-decoy_955,COc1cccc(C2CC(c3ccccc3O)=Nc3ccccc3S2)c1,-4.19367526809387,0
b2AR-decoy_758,N#CCC(=O)Nc1csc(c2ccc(Cl)c(Cl)c2)c1,-4.193542407678995,0
b2AR-decoy_3119,CCN(C)c1cc(O)c(Cn2nc(c3ccc(C(F)(F)F)cc3)oc2=O)cc1Cl,-4.192645076201346,0
ASD03130104,Clc1cc(Cl)cc(Nc2nc(NC3CCN(Cc4ccccc4)CC3)c3ccccc3n2)c1,-4.191822900555793,1
b2AR-decoy_1973,Cc1ccc(O)c2c3c(nn12)CCC(C)(NC(=O)c1ccc(n2cccn2)cc1Cl)C3,-4.1890797972332106,0
b2AR-decoy_517,CC1=CC(C)(C)[C@@]2(O)CO[C@@H](c3ccc(O)cc3)[C@@H]1C2,-4.18619992604801,0
b2AR-decoy_2529,Cc1cc(C(=O)Nc2ccc(c3cccnc3)cc2)n(Cc2csc(N3CCCCC3)n2)c1,-4.185998885670568,0
b2AR-decoy_526,Nc1ccc(C2COc3cccc4c3N2CCC4)cc1,-4.185761308420286,0
b2AR-decoy_1131,CC(C)n1cc(/C=N\NC(=O)c2cc3c(ccc4ccccc43)o2)c2ccccc21,-4.185095954330914,0
b2AR-decoy_1565,CSCCC(NC(=O)c1ccco1)C(=O)OCC(=O)Nc1ncc(Cl)c(C)c1Cl,-4.183983467572913,0
b2AR-decoy_2847,COc1ccc(F)cc1C(C)(C)CC(O)(Cc1cccc(Cl)c1Cl)C(F)(F)F,-4.183847387620291,0
b2AR-decoy_1620,O=C(Cc1ccc(Cl)cc1)OC(Cn1ccnc1)c1ccc(Cl)cc1Cl,-4.182369344562553,0
b2AR-decoy_1077,Cc1cccc(NC(=O)CSc2nc(C(F)(F)F)cc(c3ccco3)n2)c1C,-4.180777287138847,0
b2AR-decoy_2583,O=C1C(=C2SC(c3ccccc3)(c3ccccc3)c3ccccc32)C(=O)c2ccccc21,-4.178046421934095,0
b2AR-decoy_764,O=C1CCCc2c1c(SC1CCCC1)sc2c1cc[nH]n1,-4.175969854511076,0
b2AR-decoy_2204,C[C@]12CC[C@H]3[C@@H](C[C@@H]4O[C@@]45C[C@@H](O)CC[C@]35C)[C@@H]1CC[C@@H]2C(=O)/C=C/c1ccccc1,-4.174739512033826,0
b2AR-decoy_3015,C/C1=C/[C@@H](C)CC/C=C/CC/C=C/C(=O)O[C@@H]1[C@H](C)C(=O)C[C@H](O)CC1CC(=O)NC(=O)C1,-4.174329108651045,0
b2AR-decoy_905,C/C(Sc1nnc(Cc2ccccc2)o1)=C(\O)c1ccccc1,-4.173869791915677,0
b2AR-decoy_1723,O=c1c(Cl)c(N/N=C/c2ccc(Br)cc2)cnn1c1ccccc1,-4.173643000771807,0
b2AR-decoy_360,Cc1cc2oc(=O)cc(c3ccccc3)c2c(C)c1c1ccc(C(C)O)cc1,-4.173023066667626,0
b2AR-decoy_2680,Cc1cccc(C)c1NC(=O)COc1ccccc1C(=O)Nc1ccc(Br)cn1,-4.172441736286621,0
b2AR-decoy_1030,C=C[C@]1(C)CC[C@@H](C(=C)COC(=O)c2cccnc2)C[C@H]1C(=C)C,-4.169599158806692,0
b2AR-decoy_442,CC(C)c1ccc(Cc2c(C(F)(F)F)n[nH]c2O)cc1,-4.1693395181105934,0
b2AR-decoy_1539,O=C(OC(Cn1ccnc1)c1ccc(Cl)cc1)c1ccc(c2ccccc2)cc1,-4.168153501518965,0
b2AR-decoy_491,Oc1cc(c2cc3cccc(O)c3o2)cc(O)c1O,-4.167843179045671,0
b2AR-decoy_636,CC1(C)C=Cc2c(ccc(C(=O)/C=C/c3ccc(Cl)cc3)c2O)O1,-4.166328788985686,0
b2AR-decoy_546,CC(C)(C)c1ccc(C(=O)N/N=C/c2ccccc2O)cc1,-4.1654901017617805,0
b2AR-decoy_529,C[C@H]1C(=O)[C@@]23CC[C@@H]4[C@](C)(CO)CCC[C@@]4(C)C2=CC[C@]1(O)C3,-4.163456513442727,0
b2AR-decoy_2274,CC(C)=CC[C@@H]1C(C)=CC[C@@H](C(=O)c2c(O)cc(O)cc2O)[C@@H]1c1ccccc1,-4.161349349613085,0
b2AR-decoy_1757,O=C(CSc1nccn1Cc1ccco1)Nc1cc(C(F)(F)F)ccc1Cl,-4.160378402170393,0
b2AR-decoy_64,Cc1cc(c2cc(Cl)cc(Cl)c2/C=C/[C@@H]2C[C@@H](O)CC(=O)O2)ccc1F,-4.159755765336669,0
b2AR-decoy_734,CC(C)=CCc1cccc([C@@H]2CC(=O)c3c(O)cc(O)c(CC=C(C)C)c3O2)c1O,-4.159628320463879,0
b2AR-decoy_2239,C[C@]12CC[C@H]3[C@@H](CC=C4C[C@@H](O)CC[C@@]43C)[C@@H]1CC[C@@H]2C(=O)/C=C/c1ccc(C#N)cc1,-4.15940997498073,0
b2AR-decoy_307,Cc1c(O)c(C[NH2+][C@@H](C)c2ccccc2)c(C)c(C(=O)Oc2c(C)c(C)c(C(=O)Oc3c(C)c(C)c(C(=O)[O-])c(O)c3C)c(O)c2C)c1O,-4.159230663852815,0
b2AR-decoy_1578,CC(C)(C)c1ccc(CCC(=S)NCc2ccc(NS(C)(=O)=O)c([N+](=O)[O-])c2)cc1,-4.1588833604878745,0
b2AR-decoy_44,O=C1Nc2ccccc2/C1=C\c1cccc(Oc2ccccc2)c1,-4.158486380031244,0
b2AR-decoy_235,NS(=O)(=O)CCNC(=O)C(c1nc2ccc(c3ccc(C(=O)N4CCC(F)(F)C4)cc3)cc2s1)S(=O)(=O)CCC(F)(F)F,-4.157798667443794,0
b2AR-decoy_450,Oc1ccc(C(=Nc2ccccc2)c2ccc(O)cc2)cc1,-4.156790593234561,0
b2AR-decoy_1728,COc1ccc(CSc2nc(C(C#N)c3cccc(F)c3)c(C)c(=O)[nH]2)cc1,-4.15594772097445,0
b2AR-decoy_1136,CSc1ccc(c2nnc(NC(=O)c3cc(Cl)sc3Cl)o2)cc1,-4.155490756566989,0
b2AR-decoy_1496,O=C1NC(=O)C(=Cc2ccoc2)C(=O)N1,-4.155485819462529,0
b2AR-decoy_2385,COc1ccc2cc(C(C)C(=O)Nc3ccc(S(N)(=O)=O)cc3)ccc2c1,-4.152162080820982,0
b2AR-decoy_803,Cc1cc(O)c2c(c1C=O)OCC(CC[C@H]1[C@@H](C)CCCC1(C)C)=CC2,-4.148590140114395,0
b2AR-decoy_448,O=c1cc(CSc2c(Cl)cccc2Cl)[nH]c(=S)[nH]1,-4.148541201391134,0
b2AR-decoy_2819,COc1ccc(N2C(=O)[C@H](Oc3ccc(C=O)cc3)[C@@H]2c2c3ccccc3cc3ccccc23)cc1,-4.148177809463106,0
b2AR-decoy_1417,N#Cc1nc(C(F)(F)F)oc1N,-4.147491547440215,0
ASD03130030,O=C(Nc1ccccc1-c1ccccc1)OC1CCN(CCCCCCCCCNCC(O)c2ccc(O)c3[nH]c(=O)ccc23)CC1,-4.147069053002575,1
b2AR-decoy_2326,O=C(NC(C(=O)NO)c1ccc(c2cc(F)c(F)c(F)c2)cc1)C1CCOCC1,-4.14253014010777,0
b2AR-decoy_2433,Clc1ccc(C(Cn2ccnc2)OCc2ccc3ccccc3c2)c(Cl)c1,-4.142426324702866,0
b2AR-decoy_2313,NS(=O)(=O)c1ccc(c2ccc(/C=C3\C(=O)Nc4ccccc43)o2)cc1,-4.141219837971557,0
b2AR-decoy_2046,COc1cc(CC(O)c2cccc(c3ccc(C#N)cc3)c2)c([N+](=O)[O-])cc1OC,-4.1412068726058,0
b2AR-decoy_2592,Cc1ccc(CSc2nc3ccncc3n2Cc2nc(c3ccccc3C)oc2C)cc1,-4.141074923139673,0
b2AR-decoy_1150,Cc1ccc(c2nnc(NC(=O)c3ccc(SC(F)(F)F)cc3)o2)cc1,-4.140687574366089,0
b2AR-decoy_1110,CCSc1ccc(C(=O)Nc2nnc(c3ccc4c(c3)CCCC4)o2)cc1,-4.140173018810876,0
b2AR-decoy_2137,O=c1c(O)c(C(c2ccccc2)c2ccccc2)oc2cc(O)cc(O)c12,-4.139818911498464,0
b2AR-decoy_2913,Cc1cccc([C@H]2CC[C@H](CNC(=O)c3ccc(c4nc5cc(C#N)cc(C(C)C)c5o4)cc3)CC2)c1,-4.1397281211612285,0
b2AR-decoy_2223,O=C(c1ccc2c(c1)OCCCO2)c1oc2cc(O)ccc2c1c1cccc2ccccc21,-4.134717472933648,0
b2AR-decoy_113,O=C(NCc1cccs1)c1cccc2c1occ2c1ccc(F)c(F)c1,-4.133728473218623,0
b2AR-decoy_870,O=C(c1ccccc1)c1oc2cc(O)ccc2c1c1ccccc1,-4.133516580569077,0
b2AR-decoy_1312,O=C(/C=C/c1ccc(c2ccccc2)cc1)c1ccc(O)cc1O,-4.13327348599722,0
b2AR-decoy_2800,CCC/C(=N\OC(Cn1ccnc1)c1ccc(Cl)cc1Cl)c1ccc(Cl)cc1Cl,-4.132334808694506,0
b2AR-decoy_1953,N#Cc1ccc(C(c2c(O)c3ccccc3oc2=O)c2c(O)c3ccccc3oc2=O)cc1,-4.132221558452438,0
b2AR-decoy_1074,O=[N+]([O-])c1cc(O)cc(c2nnc(SCc3ccc(Cl)c(Cl)c3)o2)c1,-4.1304678264296735,0
b2AR-decoy_1061,COc1cc(OC)c(/C=C/C(=O)c2ccc(C(F)(F)F)cc2)c(OC)c1,-4.127148092221737,0
b2AR-decoy_1078,CC(=O)c1cccc(c2cc(c3cnn(CC#N)c3c3cc(C)cc(O)c3)ccn2)c1,-4.126530555634579,0
b2AR-decoy_512,CCO/C(O)=C\C1=Nc2cc(C)c(C)cc2NC(=O)C1,-4.121470604617603,0
b2AR-decoy_409,O=C(NC1N=C(c2ccccc2F)c2ccccc2NC1=O)c1ccsc1,-4.120793607805614,0
b2AR-decoy_2084,O=c1c(OC/C(=N/O)c2ccccc2)c(c2ccccc2)oc2ccccc12,-4.120429525074427,0
b2AR-decoy_577,Cc1ccc2c(c1)CC(C(=O)Nc1ccc(c3cn[nH]c3)cc1)CO2,-4.119618193941358,0
b2AR-decoy_2338,O=C(NNS(=O)(=O)c1cccc(O)c1F)c1cc(F)cc(c2ccccc2)c1,-4.119617331073249,0
b2AR-decoy_781,CC1=CC[C@@]2(C)CC[C@](O)(C(C)C)C2C(OC(=O)c2ccccc2)C1,-4.117047179571712,0
b2AR-decoy_1935,CC(O)(CSc1ccc(OC(F)(F)F)cc1)C(=O)Nc1ccc([N+](=O)[O-])cc1C(F)(F)F,-4.116662334027957,0
b2AR-decoy_258,CCC1=C(OC(=O)N(CC)CC)N2C(=O)O/C(=N\CCc3c[nH]c4ccccc34)[C@]2(Cc2ccccc2)[C@H]2C1=CC[C@H]1C(=O)NC(=O)[C@H]12,-4.114166056414748,0
b2AR-decoy_3034,O=c1cc(c2ccnc(NC(CF)CF)n2)ccn1[C@H](CO)c1ccc(Cl)c(F)c1,-4.1136272332863495,0
b2AR-decoy_556,N#CC1=C(N)S[C@@H](C(=O)c2ccc(F)cc2)[C@@H]1c1cccs1,-4.11288467020683,0
b2AR-decoy_2541,O=C(NCc1ccnc(Cl)c1)c1cnc(Oc2ccc3c(c2)CCC(c2ccsc2)O3)s1,-4.112017498710637,0
b2AR-decoy_137,O=C(Nc1ccco1)c1nc2nc(c3cccs3)cc(C(F)(F)F)c2s1,-4.111794119330486,0
b2AR-decoy_1622,COc1ccc(N2CCN(C(=O)C(C)c3ccc(CC(C)C)cc3)CC2)cc1,-4.110087629672148,0
b2AR-decoy_2998,Cc1ccccc1C(=O)C1CCN(c2ccc(C(=O)NCC(O)c3ccsc3)nn2)CC1,-4.108732354900615,0
b2AR-decoy_735,CC1(C)C=Cc2c(ccc(C(=O)/C=C/c3ccc(c4ccccc4)cc3)c2O)O1,-4.108444669616963,0
b2AR-decoy_2146,CNc1ccc(c2cncc(OCc3ccc(Cl)cc3Cl)c2)cn1,-4.108317865575535,0
b2AR-decoy_490,O=c1cc(c2ccccc2)oc2cc(O)c(O)cc12,-4.103914696737734,0
b2AR-decoy_485,O=C(/C=C/c1ccc(Cl)cc1)c1ccc(O)cc1O,-4.102978582737247,0
b2AR-decoy_1133,CC(C)N1C(=O)S/C(=C\c2ccc(Sc3nc4ccccc4[nH]3)cc2)C1=O,-4.1026118334844,0
b2AR-decoy_1391,O=C1c2c(O)cccc2C(=CCCc2ccccc2)c2cccc(O)c21,-4.100777163301,0
b2AR-decoy_651,CC(=O)O[C@H]1CC[C@@]2(C)[C@@H](CC=C3[C@@H]2CC[C@@]2(C)[C@H]3CC[C@@H]2[C@H](C)CO)C1,-4.100593692899899,0
b2AR-decoy_2347,C[C@H](C(=O)NO)N1CCNc2cc(Oc3ccc(C(F)(F)F)cc3)ccc2S1,-4.099729155141225,0
b2AR-decoy_2745,COc1ccc(c2cc(C(F)(F)F)c(C#N)c(SCC(=O)Nc3ccccc3F)n2)cc1,-4.096794851988037,0
b2AR-decoy_1753,Cc1ccc(c2csc3ncnc(SCC(=O)NCC4CCCO4)c32)cc1,-4.096178087790283,0
b2AR-decoy_1081,COC(=O)c1c(NC(=O)C2c3ccccc3Oc3ccccc32)sc(C)c1C,-4.095590671826974,0
b2AR-decoy_2136,Cn1cc(C2=C(c3cn(C)c4ccc(O)cc34)C(=O)NC2=O)c2ccccc21,-4.094919227790141,0
b2AR-decoy_1910,Cc1ccccc1c1cc(C(OCc2cccc(C#N)c2)c2cncn2C)ccc1C#N,-4.0944929343406855,0
b2AR-decoy_693,CC(C)=CCc1cc(c2coc3c(CC=C(C)C)c(O)cc(O)c3c2=O)ccc1O,-4.093818360985965,0
b2AR-decoy_883,Cc1ccc(/C=N/Nc2nc(c3ccc(F)cc3)cs2)cc1,-4.093337086165515,0
ASD03130108,Clc1cc(Cl)cc(Nc2nc(NC3CCN(c4ccccc4)CC3)c3ccccc3n2)c1,-4.092553522928926,1
b2AR-decoy_2982,Cc1cc(OC[P@]2(=O)OCC[C@H](c3cccnc3C)O2)c2c(c1C)Cc1scnc1-2,-4.091724298915585,0
b2AR-decoy_1714,c1ccc2cc(c3n[nH]c4ccc(C5=NN=NN5)cc43)ccc2c1,-4.091086450668863,0
b2AR-decoy_3053,C[C@]12C[C@H](c3ccc(c4cccnc4)cc3)C3=C4CCC(=O)C=C4CC[C@H]3[C@@H]1CCC21CCCC1=O,-4.088757729797159,0
b2AR-decoy_88,CCC(O)(c1cn(Cc2ccc3c(c2)scc3c2ccccc2)nn1)C(F)(F)F,-4.0886563311590844,0
b2AR-decoy_2193,Cc1csc(NC(=O)c2ccc(c3ccc(Cl)cc3Cl)o2)n1,-4.086011385917289,0
b2AR-decoy_967,O=C(/C=C/c1csc(c2ccc(Cl)cc2)n1)c1cccc(O)c1,-4.08568575933843,0
b2AR-decoy_1742,Cc1ccc2[nH]c(SCc3nnc(c4ccccc4Br)o3)nc2c1,-4.084721520224027,0
b2AR-decoy_1202,N#CSC[C@@H]1C[C@@](O)(c2ccccc2)C[C@H](c2ccc(Cl)cc2)O1,-4.084499002066783,0
b2AR-decoy_772,CCCCCC1NC(=O)/C(=C/c2ccc(C(C)(C)C)cc2)O1,-4.08437193718778,0
b2AR-decoy_1792,c1ccc(Cn2cc(CNc3ccccc3c3nnc(c4ccccc4)o3)nn2)cc1,-4.0787127575712585,0
b2AR-decoy_970,Cc1ccc(c2nc(SSc3ccc(Cl)cc3)n[nH]2)cc1,-4.075821194963737,0
b2AR-decoy_553,C[C@]12CC[C@@H]3c4cc([N+](=O)[O-])c(O)cc4CC[C@H]3[C@@H]1CC[C@@H]2O,-4.074513132380779,0
b2AR-decoy_1812,COc1ccc(CSc2nc(C(C#N)c3ccccc3)c(C(C)C)c(=O)[nH]2)cc1,-4.074085558497022,0
b2AR-decoy_76,COc1cccc(C2CC3=Nc4ccc(F)cc4SC3=C(O)C2)c1OC,-4.073622936412567,0
b2AR-decoy_282,CC(=O)c1cccc(CN2C(=O)N(Cc3cccc(C(C)=O)c3)[C@H](Cc3ccc4c(c3)CCO4)[C@H](O)[C@@H](O)[C@H]2Cc2ccc3c(c2)CCO3)c1,-4.072145478674323,0
b2AR-decoy_2519,Cc1ccccc1C1CCc2cc(Oc3ncc(CNC(=O)c4ccno4)s3)ccc2O1,-4.07065948244071,0
b2AR-decoy_739,CC(CCCc1ccc(F)cc1)c1cc(O)c2c(c1)OC(C)(C)C1=C2C2CCN1CC2,-4.069864627959924,0
b2AR-decoy_2296,CC(C)=CC[C@H]1C(C)=CC[C@@H](c2ccccc2)[C@@H]1C(=O)c1c(O)cc(O)cc1O,-4.068596615694328,0
b2AR-decoy_627,Clc1ccccc1CSc1nc2ncc(Br)cc2[nH]1,-4.0677388816912,0
b2AR-decoy_1839,CC(C(=O)NC[C@@H](C)O)c1ccc(O[C@@H]2CCN(c3ccc(OCC4CC4(F)F)cn3)C2)cc1,-4.0674629925241295,0
b2AR-decoy_2943,C=C(c1ccccc1)[C@H]1OOC2(O[C@@H]1c1ccccc1)C1CC3CC(C1)CC2C3,-4.067266216097761,0
b2AR-decoy_2209,N#CSC[C@@H]1C[C@](O)(c2ccccc2)[C@@H](c2ccccc2)[C@H](c2ccc(F)cc2)O1,-4.067028515016101,0
b2AR-decoy_2802,FC(F)(F)c1cc(CSc2nnc(c3ccccn3)n2Cc2cccs2)ccc1Cl,-4.066924763128749,0
b2AR-decoy_2932,Cc1ccc(c2c(OCc3cn(Cc4ccccc4Cl)nn3)cnn2c2ccc(F)cc2)cc1,-4.065873974128876,0
b2AR-decoy_592,O=C(/C=C/c1ccc(F)cc1)c1cccc(Oc2cccc(O)c2)c1,-4.063136481365966,0
b2AR-decoy_2869,Clc1ccc(COC2c3cc(Cl)ccc3SC2Cn2ccnc2)c(Cl)c1,-4.062193860698979,0
b2AR-decoy_1203,CC(=O)c1ccc2[nH]c(SCc3cc(C(C)(C)C)ccn3)nc2c1,-4.0616954674358015,0
b2AR-decoy_881,Cc1cc(C)c(/C=C/[C@@H]2C[C@@H](O)CC(=O)O2)c(c2ccc(F)c(C)c2)c1,-4.059457898087026,0
b2AR-decoy_246,C[C@H]1CN([C@@H](C)CO)C(=O)c2cc(NC(=O)Cc3cn(C)c4ccccc34)ccc2O[C@H]1CN(C)S(=O)(=O)c1ccc(F)cc1,-4.059259420524233,0
b2AR-decoy_338,CC(C)c1ccc(C(=O)NN(C(=O)c2ccccc2Cl)C(C)(C)C)cc1,-4.058412803805421,0
b2AR-decoy_1135,C/C(=N\Nc1nc(c2cc3ccccc3o2)cs1)c1cc2ccccc2o1,-4.057446512819515,0
b2AR-decoy_2380,Cc1ccc(C)c(NC(=O)CSc2sc3c(O)cc(O)nc3c2C#N)c1,-4.056698517702962,0
b2AR-decoy_1999,CC(C)C(=O)c1c(O)cc(O)c2c1O[C@@]1(C)CC[C@H](C(C)(C)O)O[C@H]1C2,-4.054509713134044,0
b2AR-decoy_2401,COc1c(=O)c2c(O)c(CC=C(C)C)c(O)cc2oc1c1ccc(O)cc1,-4.053883845792019,0
b2AR-decoy_2029,CC(C)(C)CC(=O)NC(C(=O)NO)c1ccc(c2cc(F)c(F)c(F)c2)cc1,-4.053096978957323,0
b2AR-decoy_496,O=C1NCCc2c(c3ccccc3)[nH]c3cccc1c23,-4.052092600917959,0
b2AR-decoy_2373,COc1cc(O)c2c(c1Cc1ccccc1O)O[C@@H](c1ccc(O)cc1)CC2=O,-4.051614577000466,0
b2AR-decoy_1044,CCOc1ccc2nc(SCC(=O)c3cccs3)sc2c1,-4.049637392399232,0
b2AR-decoy_613,Cc1cc(=O)c(c2ccc(Oc3ccc(Cl)cc3)cc2)c(C)n1O,-4.048036127132517,0
b2AR-decoy_2638,C=C[C@@]1(C)CC=C2[C@@H](CC[C@@H]3[C@](C)(C(=O)OCc4cn(Cc5cccc(F)c5)nn4)CCC[C@@]23C)C1,-4.047409344143628,0
b2AR-decoy_524,O=C(NNc1ccccc1C(F)(F)F)c1cccs1,-4.046539781801885,0
b2AR-decoy_2538,Clc1ccc(Cn2nccc2c2ccc3nnn(c4ccc5cn[nH]c5c4)c3c2)c(Cl)c1,-4.045759603497072,0
b2AR-decoy_443,Oc1ccc(c2nc(Cc3ccc(Cl)cc3)no2)cc1O,-4.045136693093136,0
b2AR-decoy_2989,CCC1Sc2ccc(S(=O)(=O)CCC(=O)Nc3ccccc3Cl)cc2NC1=O,-4.044981856892552,0
b2AR-decoy_1672,O=C1C=CC2(C=C1)OCC(c1ccc(c3ccoc3)cc1)O2,-4.044349254747249,0
b2AR-decoy_1818,CC(O)c1ccc(C(Cc2cc[n+]([O-])cc2)c2ccc(OC(F)F)c(OC(F)F)c2)cc1,-4.0443045492333525,0
b2AR-decoy_2155,CC1=CCC(CC(C)Oc2ccc(/C=C3\SC(O)=NC3=O)cc2)CC1,-4.044001031215724,0
b2AR-decoy_1902,CC1(C)CCC[C@@]2(C)[C@H]1CC=C1[C@@H]2CC[C@]2(C)[C@@H](C=O)C(C=O)=CC[C@@H]12,-4.043915677074162,0
b2AR-decoy_321,O=c1[nH]cnc2c(/C=C/c3ccccc3)c(c3ccc(F)cc3)sc12,-4.039168570339232,0
b2AR-decoy_366,N#Cc1ccc(C(=O)c2sc3cc(O)ccc3c2c2ccc(F)cc2)cc1,-4.0380172492678845,0
b2AR-decoy_2019,CC(C)CC(=O)c1c(O)c(C=O)c(O)c2c1O[C@@]1(CO)[C@@H](C2)C[C@H]2C[C@@H]1C2(C)C,-4.0376311685882325,0
b2AR-decoy_1755,CC(C)n1cc(NC(=O)c2cnn3cccnc23)c(c2cccc(Cl)c2)n1,-4.037599318360295,0
b2AR-decoy_1408,N#Cc1c[nH]c(c2nc(C(F)(F)F)c[nH]2)n1,-4.037064546182407,0
b2AR-decoy_362,CCCc1cc(c2ccc(Oc3ccc(C#N)cc3O)c(Cl)c2)no1,-4.0370570537613535,0
b2AR-decoy_570,O=c1c(c2cc(Cl)c(O)c(Cl)c2)coc2cc(O)ccc12,-4.033547182939159,0
b2AR-decoy_1262,O=C(CSc1nnc(COc2cccc3cccnc23)o1)c1ccc(F)cc1,-4.032735050482737,0
b2AR-decoy_530,Cc1ccc(C(=O)CC2(O)C(=O)Nc3c(C)cc(Cl)cc32)cc1,-4.031016958005748,0
b2AR-decoy_2447,CCC(=O)N(N=Nc1cc(C(F)(F)F)ccc1C#N)c1cc(C(F)(F)F)ccc1C#N,-4.030461294426509,0
b2AR-decoy_492,COc1cc(c2cccc(O)c2F)cc(OC)c1O,-4.02956632349329,0
b2AR-decoy_2877,COc1ccc(F)cc1C(C)(C)CC(O)(Cc1ccc(C)c2ccccc12)C(F)(F)F,-4.0293191009053615,0
b2AR-decoy_535,CN(Cc1cccc(N)c1)C(=O)C12CC3CC(CC(C3)C1)C2,-4.027834379152796,0
b2AR-decoy_854,Cc1cccc(c2nnc(SCC(=O)Nc3ccc(C)c(C)c3)o2)c1,-4.025966372798054,0
b2AR-decoy_1318,COc1ccc(/C=N/c2nc(c3ccccc3)cs2)cc1,-4.0257610159398265,0
b2AR-decoy_1601,O=C1NC[C@H](C(=O)Nc2cc(c3cccc(COCCC(F)(F)F)c3)n(c3ccccc3)n2)O1,-4.025596278078497,0
b2AR-decoy_2362,C/C(=C\c1ccc(Cl)cc1)S(=O)(=O)Nc1c(F)cccc1S(N)(=O)=O,-4.025040020549302,0
b2AR-decoy_2598,Brc1ccc([C@@H]2CC3CCC(S3)C2c2cc(c3ccccc3)no2)cc1,-4.0245330548465645,0
b2AR-decoy_1154,CC(C)=CC(=O)C/C(C)=C/CC[C@@]1(C)Oc2oc3cc(O)ccc3c(=O)c2[C@H]1C,-4.0236532814234,0
b2AR-decoy_539,Cc1ccc(c2[nH]ncc2C(=O)c2cccc(F)c2)c(O)c1,-4.022030449034554,0
b2AR-decoy_712,C=CC(C)(C)c1ccc(O)c([C@@H]2CC(=O)c3c(O)cc(O)c(CC=C(C)C)c3O2)c1,-4.018484665082235,0
b2AR-decoy_1761,CCOc1ccc(c2csc(/C(C#N)=C\c3ccc(O)c([N+](=O)[O-])c3)n2)cc1,-4.016561021860627,0
b2AR-decoy_2035,O=c1cc(c2ccccc2)oc2cc(OC/C(=N/O)c3ccccc3)ccc12,-4.016509199244451,0
b2AR-decoy_1541,CC(C)COC(=O)/C(C#N)=C/c1cn(Cc2ccccc2)c2ccccc12,-4.015095112873989,0
b2AR-decoy_615,CC1(C)Oc2ccccc2C(=O)C1(Cl)SNc1ccccc1,-4.013420719172102,0
b2AR-decoy_260,CN(CCCc1ccccc1)S(=O)(=O)c1cc(C(=O)N2CCc3ccc(S(=O)(=O)NCCc4ccccc4)cc3C2)c(O)c(O)c1O,-4.013218054005721,0
b2AR-decoy_2674,Cc1cc(F)ccc1Oc1cc(C(F)(F)C(F)(F)F)ccc1C(=O)Nc1cc[nH]c(=O)c1,-4.0122398411714615,0
b2AR-decoy_724,Clc1ccc(/C=N/Nc2nc(c3ccc(Cl)c(Cl)c3)cs2)cc1,-4.011338251123714,0
b2AR-decoy_1894,CC(C)=CCC/C(C)=C/Cc1c(O)ccc(c2coc3cc(O)cc(O)c3c2=O)c1O,-4.010158040467916,0
b2AR-decoy_222,C=CCN(C(=O)OCc1ccc([N+](=O)[O-])cc1)C1CC[NH+](C[C@H]2CN(C(=O)C3CCCC3)C[C@]2(O)c2ccccc2)CC1,-4.009687000380929,0
b2AR-decoy_1437,S=P1(c2ccccc2)NCCCN1,-4.0096709549857446,0
b2AR-decoy_964,O=C1NC(=O)c2cc(Sc3ccccc3)c(Sc3ccccc3)cc21,-4.008835510726717,0
b2AR-decoy_2040,COc1ccc(c2nnc(SCc3ccccc3Cl)o2)c(O)c1,-4.00855021978735,0
b2AR-decoy_2372,Cc1cc(N)nc(C)c1CNC(=O)c1cnn(Cc2ccc(F)c(F)c2)c1,-4.006660113273699,0
b2AR-decoy_2330,COc1cc(O)cc2occ(c3cc(O)c(O)c(CC=C(C)C)c3)c(=O)c12,-4.005274400912822,0
b2AR-decoy_488,Cc1cc(O)c(=O)c(O)cc1c1cccc2ccccc21,-4.003879321977766,0
b2AR-decoy_2773,O=c1c(/C=C/C(O)c2ccc(F)cc2)coc2cccc(OCC3CCCCC3)c12,-4.001107985550337,0
b2AR-decoy_452,C=C[C@]1(C)O[C@]2(C)[C@@H](O)C[C@H]3C(C)(C)CCC[C@]3(C)[C@H]2C[C@@H]1O,-3.999563647024397,0
b2AR-decoy_1112,CCc1cc(Sc2ccc(c3ccccc3C3=NNN=N3)cc2)c2ncccc2n1,-3.998526026177276,0
b2AR-decoy_1479,C[C@@H]1C[C@H](O)/C=C/[C@@H](O)CCC(=O)O1,-3.998447121492579,0
b2AR-decoy_461,CC(=C(c1ccc(O)cc1)c1ccc(O)cc1)c1ccccn1,-3.9983881899317617,0
b2AR-decoy_2042,O=C(COc1cc(O)c2c(=O)cc(c3ccccc3)oc2c1)c1ccc(F)cc1,-3.998001713790051,0
b2AR-decoy_311,Cn1cc(NC(=O)c2cc(NC(=O)c3cc(c4sc(Cl)c(Cl)c4Cl)cn3C)cn2C)cc1C(=O)NCC[NH+]1CCOCC1,-3.997961382831329,0
b2AR-decoy_2156,CO[C@]1(c2cc(F)cc(Sc3ccc(/C(C)=N/O)cc3)c2)CCO[C@@H](C)C1,-3.997169483215049,0
b2AR-decoy_1956,O=C(NO)c1ccc(COc2c(=O)n(Cc3ccncc3)c3ccccc3c2c2ccccc2)cc1,-3.9968936824489143,0
b2AR-decoy_1269,C[C@@H]1CC[C@H]2C(CSc3ccccc3)C(=O)O[C@@H]3O[C@]4(C)CC[C@@H]1[C@]32OO4,-3.996699249628388,0
b2AR-decoy_2276,N#C/C(C(=O)c1c[nH]c2ccccc12)=C1/SC(c2ccccc2)=NN1c1ccccc1,-3.995758246112218,0
b2AR-decoy_527,Oc1[nH]nc(c2ccccc2)c1/C=N/c1ccccc1Cl,-3.994398944137226,0
b2AR-decoy_2049,CCN1C(=O)c2cccc3c(NS(=O)(=O)Cc4ccc(Cl)cc4)ccc1c23,-3.994382901643783,0
b2AR-decoy_418,N#CC1=C(N)OC2=C(C(=O)c3ccccc3C2=O)C1c1ccccc1Cl,-3.993680283786504,0
b2AR-decoy_790,CCC(c1ccc(O)c(O)c1)C(CC)c1ccc(O)c(F)c1,-3.9936690007448874,0
b2AR-decoy_153,CCC(=O)CCCCC[C@@H]1NC(=O)[C@H](C)N(C)C(=O)C[C@H](CC(C)C)NC(=O)CN(CCc2c[nH]c3ccccc23)C1=O,-3.9934879754411767,0
b2AR-decoy_1913,O=C(CC(C(=O)c1cccs1)c1ccsc1)c1ccc(Cl)cc1,-3.991758297483826,0
b2AR-decoy_632,C=CCSc1nc(C)c(Cc2cccc3ccccc23)c(O)n1,-3.989521836144367,0
b2AR-decoy_119,COc1cc(C2CC(c3ccco3)=Nc3ccccc3S2)ccc1O,-3.989315141467935,0
b2AR-decoy_458,COc1cc2c(cc1O)CC[C@@H]1C2CC[C@@]2(C)C1CC[C@@H]2O,-3.988554565293987,0
b2AR-decoy_407,O=C(NNC(=O)c1ccccc1Cl)c1ccc(n2cccc2)cc1,-3.987052232368345,0
b2AR-decoy_2397,CCCCn1cc(/C=C2\Oc3cc(O)cc(O)c3C2=O)c2cccc(O)c21,-3.9870355521141754,0
b2AR-decoy_3191,O=C(/C=C/c1ccccc1)OC[C@H](OC(=O)/C=C/c1ccccc1)c1ccc2ccccc2c1,-3.986631735665113,0
b2AR-decoy_923,COc1cc2c(cc1NC(=O)COc1cc(C)cc(C)c1)oc1ccccc12,-3.986152146564889,0
b2AR-decoy_1249,CCc1nc(Sc2nc(C)cc(C)n2)c2oc3ccccc3c2n1,-3.985595014691731,0
b2AR-decoy_2267,CC(C)=CCc1c([C@H]2CCc3ccc(O)cc3O2)cc(O)c(O)c1CC=C(C)C,-3.9848973448966136,0
b2AR-decoy_2294,CC(C)(C)c1ccc(OP(C)(=O)Nc2ccc(SC(F)(F)F)cc2)cc1,-3.984455215223434,0
b2AR-decoy_2005,C/C(=N\NC(=O)Nc1n[nH]c(=S)s1)c1ccc(Br)cc1,-3.983939211511631,0
b2AR-decoy_1196,Cc1ccc(c2nnc(SCc3ccccc3Cl)o2)c(O)c1,-3.981661851600929,0
b2AR-decoy_3104,CN(C)c1ccc(/C=C/C(=O)c2cc(C(=O)/C=C/c3ccc(N(C)C)cc3)c(O)cc2O)cc1,-3.97810279569828,0
b2AR-decoy_302,C[C@H](CCCn1cc(CC(O)(Cn2cncn2)c2ccc(F)cc2F)nn1)[C@H]1CC[C@H]2[C@@H]3CC[C@@H]4C[C@H](O)CC[C@]4(C)[C@H]3C[C@H](O)[C@@]21C,-3.9760566106427353,0
b2AR-decoy_1964,COc1cc(O)c(C(CC(=O)Nc2ccc(C)cc2)c2ccc3c(c2)OCO3)c(OC)c1,-3.975403849032233,0
b2AR-decoy_2219,Cc1noc2c1-c1sc(C)c(C)c1C(c1ccc(Cl)cc1)=N[C@H]2Cc1ncc[nH]1,-3.975394100003028,0
b2AR-decoy_13,N#C/C(=C\c1ccc(c2ccccc2)cc1)C(=O)c1c[nH]c2ccccc12,-3.9739837645027625,0
b2AR-decoy_867,COc1ccc(/C=C\c2cc(OC)c3ccsc3c2)cc1O,-3.9729081788502896,0
b2AR-decoy_456,O=[N+]([O-])c1ccc(Sc2c(O)ccc(O)c2Cl)cc1,-3.97159836034032,0
b2AR-decoy_851,Cc1c(O)nc(SCc2cccc(C#N)c2)nc1Cc1c(Cl)cccc1Cl,-3.971157378464527,0
b2AR-decoy_2790,CCCCCCCC(=O)CO[C@]1(C)CCC[C@]2(C)[C@@H]1CC[C@@]13CC(=O)[C@@](C)(CC[C@@H]21)C3,-3.970587426273396,0
b2AR-decoy_437,Cc1ccc(Sc2ccnc3sc(C(N)=O)cc23)cc1,-3.970306193593588,0
b2AR-decoy_887,COc1cc(c2nnc(SCc3ccc(Cl)cc3)o2)ccc1O,-3.969716073184247,0
b2AR-decoy_376,NC(=O)c1cc2c(Sc3ccc(Br)cc3)cncc2s1,-3.969047736952035,0
b2AR-decoy_584,CCOC(=O)c1c(CSc2ccc(C)cc2)oc2ccc(O)cc12,-3.968101462078766,0
b2AR-decoy_1134,CC1CC1c1ccc(/C=C(\C#N)C(=O)Nc2ccc(Cl)cc2Cl)o1,-3.966660935458774,0
b2AR-decoy_942,O=C(Nc1nc(c2cccc(Br)c2)cs1)Oc1ccccc1,-3.966656691399875,0
b2AR-decoy_844,N#C/C(=C\c1ccc2ccc3cccc4ccc1c2c34)C(=O)c1c[nH]c2ccccc12,-3.9665838623783953,0
b2AR-decoy_2241,O=C(c1ccc2c(c1)OCCO2)c1oc2cc(O)ccc2c1c1cccc2ccccc21,-3.966251277733054,0
b2AR-decoy_552,COc1cc2c(cc1NC=O)CC[C@@H]1[C@@H]2CC[C@]2(C)[C@@H](O)CC[C@@H]12,-3.9662361295369104,0
b2AR-decoy_666,Cc1c(OCc2cccc3ccccc23)ccc2c(O)cc(=S)oc12,-3.966082527416892,0
b2AR-decoy_2388,Oc1ccc(C(c2ccc(O)cc2O)c2cc(Br)c(O)cc2O)cc1,-3.965740888560943,0
b2AR-decoy_2757,CCCCCc1ccc(C(=O)NN(C(=O)c2cc(C)cc(C)c2Cl)C(C)(C)C)cc1,-3.965674854234932,0
b2AR-decoy_1360,C=C(c1cc(SC)nc(SC)c1)c1ccc2c(c1)c(C#N)cn2C,-3.964254706954081,0
b2AR-decoy_146,C=C1CCC[C@]2(C)CC[C@@H](C(C)C)[C@H](OC(=O)/C=C/c3ccc(O)cc3)[C@@H]12,-3.9641885731199,0
ASD03130027,Nc1nc(Nc2ccccc2)nc2ccc(C(F)(F)F)cc12,-3.963891747635086,1
b2AR-decoy_390,COc1cc([C@@H]2c3cc(O)c(OC)cc3C(=O)[C@@H](C)[C@H]2C)ccc1O,-3.963689626592745,0
b2AR-decoy_2974,CC(C)c1ccc(C2ON=C(c3ccc(C4=NOC(c5ccc(C(C)C)cc5)O4)cc3)O2)cc1,-3.9631215953508487,0
b2AR-decoy_2190,O=c1c(Cc2ccc(O)cc2)coc2cccc(OCC3CCCCC3)c12,-3.962869550702551,0
b2AR-decoy_924,FC(F)(F)c1cccc(N=NNc2cccc(C(F)(F)F)c2)c1,-3.962531650344427,0
b2AR-decoy_1798,C[C@H](NC(=O)C(F)(F)F)c1ccc(OC2CCN(c3ccc(OCC4CC4)cc3)C2)cc1,-3.96173609233371,0
b2AR-decoy_52,CC1(C)CC(/C=C/c2ccc3ccc4cccc5ccc2c3c45)=[N+]([O-])C1OCCO,-3.961614375124442,0
b2AR-decoy_2704,CC(C)C[C@@H](c1c(O)c(C=O)c(O)c(C=O)c1O)[C@@]1(C)CC[C@H]2C1=C[C@H](C(C)(C)O)CC[C@H]2C,-3.961308402417638,0
b2AR-decoy_976,Cc1cccc(C)c1N=C([S-])/C(=C(\O)c1cccs1)[n+]1ccccc1,-3.961161080338507,0
b2AR-decoy_757,CC(C)c1ccccc1OCC(=O)NC1CCCc2ccccc21,-3.9600815009940495,0
b2AR-decoy_1506,C=C(C)Cn1c(SCC(=O)c2cccs2)nc2sc3c(c2c1=O)CCOC3,-3.9596936397844047,0
b2AR-decoy_2135,N#C/C(=C(/N)Sc1ccccc1N)c1cccc(C(O)c2cccc(F)c2)c1,-3.959448822384024,0
b2AR-decoy_1704,C/C(=N\n1c(C)nc2cc3c(cc2c1=O)OCO3)c1cccs1,-3.9579313636471456,0
b2AR-decoy_2044,COc1ccc(/C=C/c2nc(c3ccc4c(c3)CCC(=O)N4)cs2)cc1OC,-3.9577467936312862,0
b2AR-decoy_35,Cc1ccccc1COc1ccccc1/C=C/C=C1\SC(=S)NC1=O,-3.95666979992828,0
b2AR-decoy_3139,CCOC(=O)c1c(NC(NC(=O)c2ccco2)C(Cl)(Cl)Cl)scc1c1ccccc1,-3.956284986935205,0
b2AR-decoy_877,C/C(=N\Nc1nc(c2ccccc2)c(C)s1)c1ccccc1,-3.954421512347151,0
b2AR-decoy_1152,Cc1c(C(=O)Cc2ccccc2)oc2cc(c3ccccc3)cc(O)c12,-3.953688716171265,0
b2AR-decoy_1966,O=C1OC(COc2cccc3[nH]c4ccccc4c23)CN1CCOc1ccccc1O,-3.952732288826872,0
b2AR-decoy_2406,CCOC(=O)c1sc(=S)sc1SCc1cccc(C(F)(F)F)c1,-3.9524101214196383,0
b2AR-decoy_2150,COc1ccc(c2csc(N/N=C(\C)c3ccc(Cl)c(Cl)c3)n2)cc1,-3.952364561636237,0
b2AR-decoy_1572,N#Cc1cc(c2ccnc(Nc3cnn(C[C@H]4C[C@@H]4CO)c3)c2)ccc1OC1CCOCC1,-3.951256480650428,0
b2AR-decoy_3062,CC(c1ccc(C2(S(=O)(=O)c3ccc(F)cc3)CCCC2)cc1)(C(F)(F)F)C(F)(F)F,-3.94995968931715,0
b2AR-decoy_2158,CC(C)=CCc1cc(c2cc(=O)c3cc4c(cc3o2)OC(C)(C)C=C4)ccc1O,-3.94931829253548,0
b2AR-decoy_2002,Cc1ccc2[nH]c(C(C#N)=Cc3ccc(OCC(N)=O)cc3)nc2c1C,-3.948765842429547,0
b2AR-decoy_936,CC(=O)Nc1cc(C(F)(F)F)ccc1Oc1cccc(Br)c1,-3.948366275572488,0
b2AR-decoy_668,Clc1ccc(c2csc(N/N=C/c3ccc(n4ccnc4)cc3)n2)cc1,-3.9466849963405735,0
b2AR-decoy_990,O=C(Nc1nnc(c2cccs2)o1)c1ccc(SC(F)(F)F)cc1,-3.945932744134733,0
b2AR-decoy_792,N#CCC(=O)Nc1cc(c2ccc(Cl)c(Cl)c2)cs1,-3.944963678340452,0
b2AR-decoy_1168,COc1c(O)c(C(C)=O)c(OCc2ccc(c3ccccc3)cc2)c2ccoc12,-3.9448397206199215,0
b2AR-decoy_2012,C=C1CC[C@H]2[C@@](C)(CC[C@@H](O)[C@@]2(C)CO)[C@@H]1C/C=C1\SC(=S)NC1=O,-3.943973435433549,0
b2AR-decoy_1671,Nc1ccc(/C=C2\SC(=O)N(CCc3ccccc3)C2=O)cc1,-3.943263155015893,0
b2AR-decoy_1629,[O-][S+](Cc1cc(Oc2ccccc2)nc(c2ccccc2)n1)c1ccccc1,-3.9431504850455545,0
b2AR-decoy_2010,N#Cc1c(NC(=O)c2cc(OCC(N)=O)ccc2Cl)sc2c1CCCC2,-3.939849685655102,0
b2AR-decoy_2162,CC(C)(C)c1ccc(OCc2ccc(C(=O)N/N=C3\CC4CC=CC34)cc2)cc1,-3.938915013328512,0
b2AR-decoy_611,Cc1c(C(=O)c2ccccc2)oc2cc(c3ccccc3)cc(O)c12,-3.9374100947168698,0
b2AR-decoy_868,CC(C)=CCc1c(O)ccc2cc(c3cc(O)cc(O)c3)oc12,-3.937323734944513,0
b2AR-decoy_582,CC(C)c1cc2c(cc1O)[C@@]13CCCC(C)(C)[C@@H]1[C@H](OC3=O)[C@@H]2O,-3.934165129121925,0
b2AR-decoy_463,CC1(C)C(=O)CC[C@]2(C)[C@@H]1CC[C@]13C[C@@H](CC[C@@H]21)[C@](O)(CO)C3,-3.9335981087245786,0
b2AR-decoy_1334,O=S(=O)(Cc1ccccc1)Oc1ccc2ccccc2c1,-3.9335654638712394,0
b2AR-decoy_2132,Cc1cccc(C(=O)c2cccc(/C(=N/NC(N)=S)c3cccc(C)c3)c2)c1,-3.933269468140368,0
b2AR-decoy_2015,Cc1ccc(Cl)c2c1NC(=O)/C2=N\NC(=O)C(C)c1ccc(O)cc1,-3.932640490552613,0
b2AR-decoy_629,N#C/C(=C\c1ccc(c2cccs2)s1)c1nc2ccccc2[nH]1,-3.9325979834712976,0
b2AR-decoy_2481,CN(C)c1ccc(C2(c3ccc(N(C)C)cc3)C=Cc3ccccc3O2)cc1,-3.932275266999608,0
b2AR-decoy_820,Cc1ccc(Sc2ncccc2COC(=O)Nc2ccccc2C)cc1,-3.929939120281593,0
b2AR-decoy_614,N#Cc1ccc(Oc2ccc(c3ccccn3)cc2O)c(Cl)c1,-3.9298808271596655,0
b2AR-decoy_2075,O=C1NC(=O)/C(=C/c2ccc(OCCn3ccc4cc(Cl)ccc43)cc2)S1,-3.929085607336772,0
b2AR-decoy_2082,CCCN(CC(=O)Nc1cc(Cl)ccc1Cl)C(=O)/C=C/c1ccco1,-3.928765167264357,0
b2AR-decoy_2524,O=C(/C=C\c1ccc(Br)cc1)N1N=C(c2ccncc2)OC1c1c[nH]c2ccccc12,-3.9276591472050826,0
b2AR-decoy_109,CC1(C)O[C@H]2C3=C([C@H]2O1)[C@@H](c1ccccc1)[C@H](CCc1ccccc1)C=CC=C3CO,-3.9272701866646686,0
b2AR-decoy_3138,CC(Oc1ccc(F)c(C(N)=O)c1F)c1nc(c2ccc(OC(F)(F)F)cc2)c(Cl)o1,-3.9262974548578855,0
b2AR-decoy_1793,O=C1NC(=O)/C(=C/c2ccc(OCc3ccccc3)cc2OCc2ccccc2)S1,-3.9260537601668433,0
b2AR-decoy_1073,C[C@H](CCC(N)=O)[C@H]1CC[C@H]2[C@@H]3CC[C@@H]4C[C@H](N=[N+]=[N-])CC[C@]4(C)[C@H]3C[C@H](O)[C@@]21C,-3.922712247673109,0
b2AR-decoy_1817,COC(C)(C)/C=C/C/C(C)=C/Cc1c(O)ccc(C(=O)/C=C/c2ccc(O)cc2)c1O,-3.920849099113292,0
b2AR-decoy_1945,OC12CC3CC(C1)CC(Cn1cc(c4cccc5c4-c4ccccc4C5(O)C(F)(F)F)cn1)(C3)C2,-3.920538952074638,0
b2AR-decoy_1389,COC1=CC(=O)C=C(C[C@@]2(C)CC[C@]3(C)C(C)=CCC[C@H]3[C@H]2C)C1=O,-3.920071587150962,0
b2AR-decoy_1786,COC(=O)C(C)c1ccc(c2ccc(O)c(C(=O)/C=C/c3ccccc3OC)c2)c(F)c1,-3.9199439689672753,0
b2AR-decoy_785,O=c1cc(C(c2ccccc2)c2ccccc2)oc2cc(O)ccc12,-3.919938446275825,0
b2AR-decoy_1918,Fc1ccc(F)c(COC(Cn2ccnc2)c2ccc(Cl)cc2Cl)c1,-3.919414576920345,0
b2AR-decoy_2004,CCNC(=O)c1noc(c2cc(C(C)C)c(O)cc2O)c1C#Cc1ccccc1,-3.918131562005555,0
b2AR-decoy_1119,CCC(=O)N1c2ccccc2N=C2CC(c3ccco3)CC(O)=C2C1c1ccco1,-3.917248462295437,0
b2AR-decoy_2102,CC(O)(c1ccccc1)c1cccc(/C(C#N)=C(\N)Sc2ccccc2N)c1,-3.916941035971369,0
b2AR-decoy_2022,CC(C(=O)N/N=C1\C(=O)Nc2c(Cl)ccc(Cl)c21)c1ccc(O)cc1,-3.916777624346593,0
b2AR-decoy_3083,Cc1nc2cnccc2n1c1ccc(OCc2cccc(/C=C/c3ccc4ccccc4n3)c2)cc1,-3.916677093969836,0
b2AR-decoy_2358,C/C(=N\NC(N)=S)c1ccc(OCc2ncc(C(F)(F)F)cc2Cl)cc1,-3.916058298794847,0
b2AR-decoy_2328,O=C(Cc1ccc(c2ccccc2)cc1)NNC(=S)NCc1ccco1,-3.915759432642016,0
b2AR-decoy_391,O=C(NNC(=O)c1sccc1n1cccc1)c1cccc(Cl)c1,-3.915008585535288,0
b2AR-decoy_2232,O=C(c1ccc2[nH]c(COc3ccc(C45CC6CC(CC(C6)C4)C5)cc3)nc2c1)N1CCCC1,-3.914120505138179,0
b2AR-decoy_1273,C=CCn1c(Sc2ccc(C#N)c([N+](=O)[O-])c2)nnc1c1ccc(OC)cc1,-3.9102292699283216,0
b2AR-decoy_2460,CC1(C)[C@H]2CC[C@]1(C)[C@H](OP(=S)(S)O[C@@H]1C[C@@H]3CC[C@@]1(C)C3(C)C)C2,-3.909347778653783,0
b2AR-decoy_1984,CC(C)Cc1ccc(S(=O)(=O)Nc2ccc3[nH]c(=O)[nH]c3c2)cc1,-3.908945694066793,0
b2AR-decoy_2133,S=C(N/N=C/c1ccc2[nH]ccc2c1)Nc1ccc(Br)cc1,-3.9075507261648488,0
b2AR-decoy_1737,CCn1c(SCc2nc(c3cccs3)no2)nnc1c1c[nH]c2ccccc21,-3.9074328745319193,0
b2AR-decoy_1790,Cc1ccc(C(=O)NCCCCn2c3ccc(O)cc3c(C)c2c2ccc(O)cc2)cc1,-3.906147465507593,0
b2AR-decoy_743,CCC1(c2cccs2)OCC(=O)Nc2ccc(c3ccc(F)c(Cl)c3)cc21,-3.905787185572106,0
b2AR-decoy_1171,C/C(=N\Nc1nc(c2cc(C)ccc2C)cs1)c1cc2ccccc2oc1=O,-3.903378421349062,0
b2AR-decoy_1366,C=C(c1ccccc1OCc1ccsc1Cl)n1ccnc1,-3.903058796975431,0
b2AR-decoy_2229,COc1c(CC=C(C)C)c(O)cc2c1[C@@H]1Oc3c(ccc4c3C=CC(C)(C)O4)[C@@H]1CO2,-3.901842644261818,0
b2AR-decoy_2994,O=C(NCC1CCCO1)c1cccc(S(=O)(=O)Nc2ccc(SC(F)F)cc2)c1,-3.901789777590172,0
b2AR-decoy_2836,CC(C)C(=O)N(N=Nc1cc(C(F)(F)F)ccc1C#N)c1cc(C(F)(F)F)ccc1C#N,-3.9013376793126455,0
b2AR-decoy_1890,Fc1c(F)c(F)c(/N=N/c2c(F)c(F)c(F)c(F)c2F)c(F)c1F,-3.901288500809669,0
b2AR-decoy_1617,Cc1nc(C)c(CNc2nc(OCC3CC3c3ccncc3)nc(Cl)c2C)s1,-3.9008886987878206,0
b2AR-decoy_1695,CC1(C)COC(=O)[C@@H]1Oc1ccc(C#N)c(C(F)(F)F)c1,-3.900746642084384,0
b2AR-decoy_2184,Cc1nn(c2ccccc2)c(O)c1/C=N/N(c1ccccc1)c1ccccc1,-3.900511823205168,0
ASD03130038,FC(F)(F)c1cccc(Nc2nc(NC3CCCCC3)c3ccccc3n2)c1,-3.899973765401872,1
b2AR-decoy_2770,O=C(c1ccn2c1CSC2c1cccnc1)c1c[nH]c2c(OCc3ccccc3)cccc12,-3.899922482472255,0
b2AR-decoy_885,O=C(/C=C/c1cncc(Br)c1)c1ccc2ccccc2c1O,-3.899119170952889,0
b2AR-decoy_387,Cc1cc(C2=CC(c3ccc(F)cc3)N(C(=O)c3ccncc3)N2)ccc1O,-3.898980512653885,0
b2AR-decoy_2432,N#Cc1cc(Cc2ccc3c(ccc4ccccc43)c2C#N)cc2c1ccc1ccccc12,-3.898744509779896,0
b2AR-decoy_726,Clc1ccc(CSc2nc3ncc(Br)cc3[nH]2)cc1Cl,-3.89665526111492,0
b2AR-decoy_1532,O=C(O/N=C(\Cn1ccnc1)c1ccc2ccccc2c1)c1ccc(c2ccccc2)cc1,-3.8964142986075214,0
b2AR-decoy_912,COc1cc(/C=C/C(=O)c2cccc(c3cccc(F)c3)c2)ccc1O,-3.8957336749442497,0
b2AR-decoy_2908,Clc1ccc(c2noc(CSc3nnc(Cc4cccs4)n3c3ccccc3)n2)cc1,-3.895626074320924,0
b2AR-decoy_855,COc1cc(c2nnc(SCc3ccccc3Cl)o2)ccc1O,-3.894527632731864,0
b2AR-decoy_266,C[NH+](C)CCC(=O)Nc1ccccc1N1CCN(C(=O)C2(Oc3ccc(C(F)(F)F)cc3)CCCN(C(=O)c3cnccc3C(F)(F)F)C2)CC1,-3.894191327934995,0
b2AR-decoy_2114,Nc1ncc(c2ccc(c3ccccc3C(=O)N3CCC[C@@H](O)C3)cc2F)cn1,-3.8941411008995104,0
b2AR-decoy_515,O=C(NN=C1CCCCC1)c1cc(c2ccccc2)[nH]n1,-3.891530764448792,0
b2AR-decoy_2256,O=C1/C(=N\c2ccc(/N=C/c3ccccc3O)cc2)c2ccccc2N1Cc1ccccc1,-3.8913736901226503,0
b2AR-decoy_2789,CC1(C)C(C=C(Cl)Cl)C1C(=O)OC(C#N)c1ccc(F)c(Oc2ccccc2)c1,-3.890486568471547,0
b2AR-decoy_229,CC(=O)c1cccc(CN2C(=O)N(Cc3cccc(C(C)=O)c3)[C@H](Cc3ccc4c(c3)OCO4)[C@H](O)[C@@H](O)[C@H]2Cc2ccc3c(c2)OCO3)c1,-3.889918519430192,0
b2AR-decoy_2891,FC(F)Oc1ccc(c2csc(COc3ccc(C4SCCS4)cc3)n2)cc1,-3.889809095793992,0
b2AR-decoy_239,C[C@H]1CN([C@H](C)CO)C(=O)Cc2cc(NC(=O)Cc3cn(C)c4ccccc34)ccc2O[C@H]1CN(C)S(=O)(=O)c1ccccc1,-3.889497873282489,0
b2AR-decoy_1642,N#Cc1ccc(c2ccc(OCC(CSc3ccccc3)N(O)C=O)cc2)cc1,-3.888612883312072,0
b2AR-decoy_1709,COc1ccc(C=C2CCC3C(CCCC34OCCO4)C2=O)cc1,-3.887035998228511,0
b2AR-decoy_1977,CCC(Sc1ncc(S(=O)(=O)c2ccc(C)cc2)c(=O)[nH]1)C(=O)Nc1cc(C)ccc1C,-3.8868267748534526,0
b2AR-decoy_244,Cc1ccnc(OC(c2ccc(C(F)(F)F)cc2)C2CC[NH+](C(C)CCNC(=O)c3c(Cl)cncc3Cl)CC2)c1,-3.886574045520233,0
b2AR-decoy_154,Cc1ccc(Cn2c(CCNc3nc(c4ccc(Cl)c([N+](=O)[O-])c4)cs3)nc3cc(C(=O)NCCCO)ccc32)cc1,-3.8855000978831367,0
b2AR-decoy_1293,Oc1ccc(Cc2cocc2Cc2ccc(O)cc2)cc1,-3.883098435394272,0
ASD03130046,O=[N+]([O-])c1cccc(Nc2nc(NC3CCCCC3)c3ccccc3n2)c1,-3.882963362633258,1
b2AR-decoy_723,CC1(C)Oc2cc(C34CC5CC(CC(C5)C3)C4)cc(O)c2[C@@H]2C[C@H](CC=O)CC[C@H]21,-3.882396380863226,0
b2AR-decoy_702,Brc1ccc(c2csc(N/N=C/c3ccc(n4ccnc4)cc3)n2)cc1,-3.8813422090571152,0
b2AR-decoy_775,FC(F)(F)Oc1ccccc1c1cccc(c2c[nH]cn2)c1,-3.878490085115353,0
b2AR-decoy_406,Cc1cc(O)c(=O)c(O)cc1S(=O)(=O)c1ccc(c2ccccc2)cc1,-3.878041254292645,0
b2AR-decoy_2068,Cc1ccc(NC(=O)CSc2nc(C(F)(F)F)cc(c3ccco3)n2)cc1,-3.87776048272418,0
b2AR-decoy_904,Oc1ccc(/C(=N\c2ccc(Cl)cc2)c2ccc(O)cc2O)cc1,-3.87310891569004,0
b2AR-decoy_2069,CN(C)C(=O)[C@H]1C[C@@H]1c1ccc(c2nc[nH]c2Sc2ccc(Cl)cn2)cc1,-3.8707551151716144,0
b2AR-decoy_1322,Cc1ccc(C2=CC=C(C=O)C(c3ccc([N+](=O)[O-])cc3)C2)o1,-3.870474490722733,0
b2AR-decoy_2187,Oc1ccc(c2ccc(c3cn(CSc4ccccc4)nn3)cc2)cc1,-3.8692112310760742,0
b2AR-decoy_1098,CC(C)(C)c1cc(NC(=O)[C@]2(C)CCCN2c2ccc(C(F)(F)F)cc2)no1,-3.8681249692324178,0
b2AR-decoy_2472,N#Cc1c(C(F)(F)F)cc(c2cccs2)nc1SCc1ccccc1F,-3.867742449036104,0
b2AR-decoy_2723,O=C(COc1ccccc1SCc1ccc(Cl)cc1)NNC(=O)c1ccccc1Cl,-3.8674001485826928,0
b2AR-decoy_2109,Cc1cc(C)cc(S(=O)(=O)c2c(C(N)=O)[nH]c3ccc(Cl)c(F)c23)c1,-3.867238471780678,0
b2AR-decoy_429,CCn1c2cc(O)ccc2c2ccc3ccc(O)cc3c21,-3.865970196231463,0
b2AR-decoy_3,Cc1cccc(/C=N/c2ccc(OCc3ccccc3)cc2)c1O,-3.8651480188543466,0
b2AR-decoy_562,COc1cc([C@@H]2c3cc(O)c(OC)cc3C[C@@H](C)[C@H]2C)ccc1O,-3.864805170108472,0
b2AR-decoy_971,CN(C)c1ccc(C(C/C(=N\O)c2ccccc2)c2ccccc2)cc1,-3.863538548847081,0
b2AR-decoy_1833,CC[C@@H](NC(=O)c1cc(C(=O)N[C@H](C)c2ccc(F)cc2)n2c1COCC2)c1ccc(OC)nc1,-3.862849852939733,0
b2AR-decoy_669,CC(C)(C)c1cc(/C=[N+](\[O-])Cc2ccccc2)cc(C(C)(C)C)c1O,-3.862768717473267,0
b2AR-decoy_115,O=C1NC(=O)/C(=C/c2cc(c3ccccc3)ccc2OCc2ccccc2)S1,-3.862356508959324,0
b2AR-decoy_363,CCc1cnccc1SC/C(=N\O)c1cc(Cl)sc1Cl,-3.8611517302218026,0
b2AR-decoy_183,CCCC[C@H](NC(=O)[C@@H]1[C@H]2[C@@H](CN1C(=O)[C@@H](NC(=O)NC1([C@H]3CCCS3(=O)=O)CCCCC1)C(C)(C)C)C2(C)C)C(=O)C(=O)NC1CC1,-3.8598960109910583,0
b2AR-decoy_2076,CCCC(=CCc1c(O)cc2c(c1O)C(=O)CC(c1ccc(O)cc1)O2)CCC,-3.859562417573261,0
b2AR-decoy_1553,CCOC(c1ccc(C(F)(F)F)cc1)C(OC(C)(C)C)n1cnc(C)c1,-3.8593452615177695,0
b2AR-decoy_795,CCCCc1oc2ccccc2c1C(=O)c1ccc(O)cc1,-3.8591762929847904,0
b2AR-decoy_2898,N#Cc1cc(Cl)cc(Oc2cc(OCc3cc(c4ccccc4)[nH]n3)ccc2Cl)c1,-3.858763580812716,0
b2AR-decoy_2795,O=C1/C(=C\c2cccc(Oc3ccccc3)c2)SC(c2ccccc2)N1Cc1ccccc1,-3.858434510532631,0
b2AR-decoy_1248,Cc1noc(c2ccc3occ(c4ccc([S+](C)[O-])cc4)c3c2)n1,-3.857438154818581,0
b2AR-decoy_1690,CO[C@@H]1C(c2ccc(C#N)c(Cl)c2C)=NN2CC(F)(F)C[C@@H]12,-3.8574226889963454,0
b2AR-decoy_3084,O=C1CCC(c2ccccc2c2ccccc2)N1Cc1csc(c2ccccc2)n1,-3.857323132043904,0
b2AR-decoy_378,C[C@]1(CO)[C@H](O)C(=O)C[C@@]2(C)[C@H]1CC[C@@]1(C)c3cocc3CC[C@@H]12,-3.856182607558375,0
b2AR-decoy_516,COc1cc2c(cc1O)[C@@H]1COc3cc(O)ccc3[C@]1(C)O2,-3.855748154920179,0
b2AR-decoy_2240,C[C@H](C[C@@H]1CCCN(C)C1=O)[C@H]1CC[C@H]2[C@@H]3CC=C4C[C@@H](O)CC[C@]4(C)[C@H]3CC[C@@]21C,-3.855309434571807,0
b2AR-decoy_37,COc1ccc2[nH]cc(/C=C/C3=Nc4ccccc4C3(C)C)c2c1,-3.855133117293239,0
b2AR-decoy_1930,COc1ccc(F)cc1C(C)(C)CC(O)(Cc1cc2cc(F)ccc2[nH]1)C(F)(F)F,-3.854817063632824,0
b2AR-decoy_1165,Cn1nc(C(C)(C)C)cc1NCc1coc(c2ccc(C(C)(C)C)cc2)n1,-3.8530402698005792,0
b2AR-decoy_369,Nc1ccc(c2cc(=O)c3c(N)c(F)c(Br)c(F)c3o2)cc1F,-3.85171121081394,0
b2AR-decoy_1103,O=C1/C(=C/c2ccc(O)cc2)Cc2ccccc2/C1=C\c1ccc([N+](=O)[O-])cc1,-3.850643945242429,0
b2AR-decoy_622,Cc1ccc(C(C)C)c2cc(Cc3ccccc3O)c(=O)oc12,-3.8496971096584938,0
b2AR-decoy_975,O=C1C(Sc2ccccc2)=C(Sc2ccccc2)C(=O)c2[nH]ccc21,-3.848879791715158,0
b2AR-decoy_925,COc1cccc(C2CC(c3ccc(O)cc3)=Nc3ccccc3S2)c1,-3.848126169882263,0
b2AR-decoy_237,Nc1ncnc2c1ncn2OCCOCP(=O)(Oc1ccc(Br)cc1)Oc1ccc(Br)cc1,-3.847703762786158,0
b2AR-decoy_704,COc1c(Cl)cc(c2ccc(C(=O)c3cccc(O)c3)s2)cc1Cl,-3.847253566340008,0
b2AR-decoy_1495,FC(F)(F)c1c[nH]c(c2ncc[nH]2)n1,-3.84710938175133,0
ASD03130056,CS(=O)(=O)c1cccc(Nc2nc(NC3CCCCC3)c3ccccc3n2)c1,-3.845219551989125,1
b2AR-decoy_504,Cc1ccc(C)c(CSc2nc(O)c3c[nH]nc3n2)c1,-3.8448569333292975,0
b2AR-decoy_318,COc1ccc(C(=O)c2c(c3ccc(OC)cc3)oc3cccc(O)c23)cc1,-3.843586480116291,0
b2AR-decoy_2861,CC1(C)C(/C=C(\Cl)C(F)(F)F)C1C(=O)OC(C#N)c1cccc(Oc2ccccc2)c1,-3.843194220010992,0
b2AR-decoy_2027,Cc1nc(SCC(=O)Nc2sccc2C(N)=O)c2c(C)c(C)sc2n1,-3.8418923978442527,0
b2AR-decoy_4,N#C/C(=C\c1cccc2ccccc12)C(=O)c1c[nH]c2ccccc12,-3.841438179335316,0
b2AR-decoy_1759,O=C(Nc1nnc(SCc2ccc([N+](=O)[O-])cc2)s1)c1ccc(F)cc1,-3.840566212572079,0
b2AR-decoy_2176,Cc1c(Cc2ccccc2)nc(SCc2ccc(C(C)(C)C)cc2)[nH]c1=O,-3.8392097615238105,0
b2AR-decoy_1170,CCc1cccc(c2cc(Cl)cc(Cl)c2/C=C/[C@@H]2C[C@@H](O)CC(=O)O2)c1,-3.837823879332284,0
b2AR-decoy_1653,O=C(/C=C/c1ccccc1)c1ccc(OCc2cc(c3ccccc3)no2)cc1,-3.837510273159805,0
b2AR-decoy_2999,COc1ccc(C(C(=O)Nc2ccc3c(c2)CCC3(C)C)N(C)C(=O)c2ccc(=O)[nH]c2)cc1,-3.8373725471873312,0
b2AR-decoy_1386,N#C/C(=C\c1ccc(Cl)cc1)c1nc(c2ccco2)cs1,-3.837330362460927,0
b2AR-decoy_402,O=C(NNC(=O)c1ccc(n2cccc2)cc1)c1ccc(Cl)cc1,-3.8358760926958206,0
b2AR-decoy_1820,CCc1c(Cc2cc(C)cc(C)c2)nc(SCc2ccc([N+](=O)[O-])cc2)[nH]c1=O,-3.8358392465486,0
b2AR-decoy_1237,C[S+]([O-])c1ccc(c2coc3ccc(c4nnc(S)o4)cc32)cc1,-3.835674016288634,0
b2AR-decoy_2067,CCc1cccc(NC(=O)CCN2C(=O)c3ccccc3Sc3ncccc32)c1,-3.8342177855299497,0
b2AR-decoy_1006,N#C/C(=C\c1ccc(Cl)cc1)C(=O)NCc1ccc(Cl)c(Cl)c1,-3.834014009418145,0
b2AR-decoy_445,Oc1cc(Br)c(c2cc3ccccc3o2)cc1O,-3.8332647039777337,0
b2AR-decoy_1372,CCC(C)c1cc(C=O)cc2cc(C(=O)c3ccc(C)cc3)oc12,-3.831463128506856,0
b2AR-decoy_2763,Cc1cc(C)c(c2ccccn2)cc1NC(=O)c1ccc(OCc2ccccn2)cc1,-3.831410163029888,0
b2AR-decoy_61,CC1(C)C=Cc2c(ccc(C(=O)/C=C/c3ccc(Br)cc3)c2O)O1,-3.8265447506887553,0
b2AR-decoy_1720,O=C(OCc1cc(Cl)ccc1O)c1cc2cc(CCl)ccc2oc1=O,-3.8262548217686487,0
b2AR-decoy_1379,c1ccc(OC(Cn2ccnc2)c2ccc3ccccc3c2)cc1,-3.825844321266298,0
b2AR-decoy_1564,COc1ccc([C@H]2[C@H](C(O)c3ccc(O)cc3)C(=O)N2c2cc(OC)c(OC)c(OC)c2)cc1,-3.825569288644144,0
b2AR-decoy_1229,COc1ccc(c2coc3cc(O)ccc3c2=O)cc1CC=C(C)C,-3.825215776202812,0
b2AR-decoy_2845,O=C(c1ccccc1Cl)c1scnc1c1cc(Br)cc(C(F)(F)F)c1,-3.825214962912913,0
b2AR-decoy_97,CCOC(=O)c1oc2cc(c3cccc(C(F)(F)F)c3)cc(O)c2c1C,-3.8246575157431466,0
b2AR-decoy_150,CCc1ccncc1C1=CC=C2[C@@H]3CCC4CC(=O)CC[C@]4(C)[C@H]3CC[C@]12C,-3.821824327832908,0
b2AR-decoy_2527,Clc1c[nH]nc1c1nc(c2ccc(Oc3ccc(I)cc3)cc2)no1,-3.821277263914382,0
b2AR-decoy_1201,CC(=O)/C(=C/n1c(=S)sc2ccccc21)C(=O)Nc1ccccc1C,-3.8207963259588418,0
b2AR-decoy_956,CO/C(=C\c1ccc(Br)cc1)C(=O)Nc1ccc(C(C)C)cc1,-3.820692134057048,0
b2AR-decoy_513,O=c1cc(NNc2ccc3ccccc3c2)[nH]c(=S)[nH]1,-3.820647629463416,0
b2AR-decoy_2351,NS(=O)(=O)c1ccccc1NS(=O)(=O)/C=C/c1ccccc1C(F)(F)F,-3.8206241718396714,0
b2AR-decoy_769,C(=C/c1n[nH]c2cc(c3ccncc3)ccc12)\c1ccc2c(c1)OCO2,-3.820430897743635,0
b2AR-decoy_2316,COc1c(CC=C(C)C)c(O)cc(O)c1c1coc2cc(O)ccc2c1=O,-3.8190731394849,0
b2AR-decoy_1668,C=C1C(=O)O[C@H]2[C@H]1CCC(=C)[C@@H]1C[C@H](OC(=O)C=C(C)C)C(=C)[C@H]21,-3.818251210051192,0
b2AR-decoy_1743,COc1ccc(c2cn3c(C(=O)Nc4cc(C)ccc4C)csc3n2)cc1,-3.816818675523165,0
b2AR-decoy_2413,Clc1ccc([C@H](Cn2ccnc2)OCc2csc3c(Cl)cccc23)c(Cl)c1,-3.816453851143994,0
b2AR-decoy_2958,C=CCc1ccc(OP2(=S)OCc3cc(C(C)C)ccc3O2)c(OC)c1,-3.8155122851614487,0
b2AR-decoy_1525,CC(=O)c1sc(SCCS(=O)(=O)c2ccc(Cl)cc2)c2c1CCCC2=O,-3.815393495632981,0
b2AR-decoy_1944,Cc1csc([C@](C)(O)c2nnc(Nc3ccn(Cc4c(F)cccc4F)n3)s2)n1,-3.813840180398219,0
b2AR-decoy_1067,COc1cc(OC)c(C(=O)/C=C/c2ccc(C(F)(F)F)cc2)c(OC)c1,-3.8112485822016127,0
b2AR-decoy_2834,C[C@H]1CCC([C@@H](C)[C@H]2CC[C@H]3[C@@H]4CC=C5C[C@@H](O)CC[C@]5(C)[C@H]4CC[C@@]32C)=NC1,-3.8106681963352833,0
b2AR-decoy_741,CC(C)=CCc1c(O)c(CC=C(C)C)c2c(c1O)C(=O)C[C@@H](c1ccc(O)cc1)O2,-3.808959910902233,0
b2AR-decoy_104,C[C@]12CC[C@@H](O)C[C@@H]1C[C@H](OCc1ccccc1)[C@@H]1[C@@H]2CC[C@@]2(C)[C@H]1CC[C@@]21CO1,-3.80890881104386,0
b2AR-decoy_96,COc1cc2c(cc1OC)Sc1ncnc(Sc3cccc(Cl)c3)c1NC2,-3.807757538823359,0
b2AR-decoy_56,Cc1cc(C)c(/C=C/[C@@H]2C[C@@H](O)CC(=O)O2)c(c2ccc(Cl)c(Cl)c2)c1,-3.807302921509198,0
b2AR-decoy_3171,CN(C)c1ccc(/C=C(/SCc2ccccc2Cl)C(=O)c2ccc(Cl)cc2)cc1,-3.8065770246100095,0
b2AR-decoy_2117,CCc1cc(O)c(F)cc1c1cc(NS(=O)(=O)C(C)C)c2cn[nH]c2c1,-3.805507622600644,0
b2AR-decoy_2191,CCc1ccc(c2csc(/C(C#N)=C/Nc3ccc4c(c3)OCCO4)n2)cc1,-3.805408436913568,0
b2AR-decoy_3114,CC(C(=O)NCc1ccc(C(C)(C)C)cc1Br)c1ccc(NS(C)(=O)=O)c(F)c1,-3.8053878195640047,0
b2AR-decoy_575,Nc1ccc(/C=C2\COc3ccc(Br)cc3C2=O)cc1,-3.80391449904148,0
b2AR-decoy_1426,C/N=C1/C=C(O)/C(=N/C)C=C1O,-3.803441107693795,0
b2AR-decoy_865,CCCc1ccc2oc(Cc3ccc(OC)cc3)c(C)c2c1O,-3.803359926659561,0
b2AR-decoy_1013,O=C(CCCOc1ccc(Cl)c(Cl)c1)Nc1ncc(Cl)s1,-3.803124097533231,0
b2AR-decoy_1022,C=C(Br)COC1C=CC(c2ccccc2)OC1COC,-3.799891179165725,0
b2AR-decoy_908,COc1ccc(C2CC(c3cccc(O)c3)=Nc3ccccc3S2)cc1,-3.7998271156895393,0
b2AR-decoy_1699,COc1ccc(Cc2cc(=O)c3ccc(OC)cc3o2)cc1,-3.799808248909165,0
b2AR-decoy_2038,Cn1ncc(Cl)c1C(=O)NCc1ccc(Oc2ccc(Cl)cc2)cc1,-3.798525730799037,0
b2AR-decoy_499,Cc1nn(c2ccccc2)c(N)c1N=Nc1ccccc1,-3.798187610980579,0
b2AR-decoy_3063,O=C1OC[C@H]2[C@@H]1Cc1c(F)cc(F)cc1[C@@H]2/C=C/c1ccc(c2cccc(C(F)(F)F)c2)cn1,-3.797583681957673,0
b2AR-decoy_1361,Cc1nc2c(OCc3c(Cl)cccc3Cl)cccn2c1Cl,-3.796635860484474,0
b2AR-decoy_767,N#C/C(=C\c1ccccc1C(F)(F)F)C(=O)Nc1ccccc1F,-3.7946845498712056,0
b2AR-decoy_174,CCC(=O)C(F)CCCC[C@@H]1NC(=O)[C@H]2CCCCN2C(=O)[C@H]([C@@H](C)CC)NC(=O)[C@H](Cc2cn(OC)c3ccccc23)NC1=O,-3.7945285773885424,0
b2AR-decoy_2161,CC1=Nc2cc(C(=O)NCc3ccco3)ccc2Sc2ccc(C)cc21,-3.7922738795910087,0
b2AR-decoy_2121,O=C(CSCc1ccccc1)NNC(=S)Nc1cccc(Cl)c1Cl,-3.791581089069703,0
b2AR-decoy_841,COc1ccc(c2coc3c(C(=O)NCc4cccs4)cccc32)c(C)c1,-3.7913849340992174,0
b2AR-decoy_2798,Cc1ccccc1c1cc(C(OCc2ccc(Br)cc2)c2cncn2C)ccc1C#N,-3.791015739166282,0
b2AR-decoy_1961,N#Cc1cc(F)cc(S(=O)(=O)c2sc3ncc(N)cc3c2c2cnccc2F)c1,-3.7891552759150975,0
b2AR-decoy_1823,C=CCn1c(CCNC(=O)c2ccccc2F)nnc1SCC(=O)Nc1nc2ccccc2s1,-3.7864980222730793,0
b2AR-decoy_1825,CC(C)=CCC/C(C)=C/CO/N=C1/C[C@@H](O)[C@@H](O)[C@@H]2[C@@H]3C(=O)N(Cc4ccccc4)C(=O)[C@H]3CC[C@@H]12,-3.786432454212983,0
b2AR-decoy_1908,C=C[C@]1(C)CC[C@@H](C(=C)C)C[C@H]1C(=C)COC(=O)c1ccc(Cl)cc1,-3.786422072318021,0
b2AR-decoy_403,O=C(N/N=C/c1c(Cl)cccc1Cl)c1[nH]nc2c1CCCC2,-3.78546523410013,0
b2AR-decoy_658,C/C(=N\Nc1csc(c2ccc3c(c2)CCC3)n1)c1ccccc1,-3.785370862141881,0
b2AR-decoy_1976,O=C(N/N=C/c1cc(F)ccc1O)c1ccc(Br)cc1Br,-3.7852475184562335,0
b2AR-decoy_10,Cc1cc(/C=C/C(=O)c2cccs2)cc(/C=N/c2nccs2)c1O,-3.7848520288077454,0
b2AR-decoy_2986,FC(F)(F)c1cc(CSc2nnc(c3ccccn3)n2Cc2ccco2)ccc1Cl,-3.784763229100872,0
b2AR-decoy_1997,CC(C)n1cc(c2cc(C(N)=O)c3c(c2)C(O)(C(F)(F)F)c2ccccc2-3)cn1,-3.783271638585514,0
b2AR-decoy_1600,CSc1ccccc1NC(=O)CN(C)C(=O)C(C)SCc1nc(O)c2c(C)c(C)sc2n1,-3.782924797431388,0
b2AR-decoy_2237,N#Cc1ccc(Oc2ccc(/C=C3\SC(=O)NC3=O)c3ccccc23)cc1C(F)(F)F,-3.782324937988976,0
b2AR-decoy_2278,C[S+]([O-])c1ccc(c2nc(C3=CCC(O)CC3)oc2Sc2ccc(Cl)cc2)cc1,-3.781492988425231,0
b2AR-decoy_777,O=c1[nH]nc(c2cccs2)cc1Cc1ccc(Cl)c(Cl)c1,-3.781476392844863,0
b2AR-decoy_1594,CCNC(=O)CC[C@@H](CO)N(C)C(=O)c1ccc2c(c1)c1c(n2C)CC[C@@H](C2CCOCC2)C1,-3.780549609983957,0
b2AR-decoy_708,[C-]#[N+]c1ccc(COc2c(C3CCC3)ccc(c3cnc4c(c3)OCCN4)c2F)cc1,-3.779560377646308,0
b2AR-decoy_2159,CSc1nsc(Sc2nc3c(Cl)c(Cl)cc(Cl)c3[nH]2)n1,-3.77869410363827,0
b2AR-decoy_1346,Cc1cc(C)c(C#N)c(SCC(=O)c2ccc(Cl)cc2Cl)n1,-3.777714418283569,0
b2AR-decoy_291,C[C@H](C(=O)NCc1ccc(C(F)(F)F)nc1N(Cc1ccccc1)S(=O)(=O)c1ccccc1)c1ccc(NS(C)(=O)=O)c(F)c1,-3.776985621075691,0
b2AR-decoy_2467,O=C(/C(=C(\C1=Cc2ccccc2CC1)c1ccccc1)c1ccccc1)N1CCCC1,-3.775153862724416,0
b2AR-decoy_365,COc1ccc(c2ccc(c3cc(=O)c4ccc(O)cc4o3)s2)cc1,-3.774443779487787,0
b2AR-decoy_417,CC(=O)CC[C@H]1C[C@]2(C)[C@@H](O)CC[C@H]2[C@@H]2CCc3cc(O)ccc3[C@@H]12,-3.773775120157036,0
b2AR-decoy_901,COc1cc(OC)cc(c2cccc(c3ccc(O)cc3)c2)c1,-3.7707007643879855,0
b2AR-decoy_2192,Cc1cc(/C=C2\SC(=O)NC2=O)c(C)n1c1ccc(Oc2ccccc2)cc1,-3.770238400058737,0
ASD03130051,Nc1nc(N)c2cc(F)ccc2n1,-3.768998774544316,1
b2AR-decoy_1643,COc1cc(C2CC(c3cccs3)=NN2C(=O)CCl)ccc1OC(F)F,-3.768410351583016,0
b2AR-decoy_2502,C=C(C)C(=O)c1ccc(OCc2nc(c3ccc([N+](=O)[O-])cc3)cs2)cc1Cl,-3.765862975584093,0
b2AR-decoy_842,COCc1ccccc1C(=O)c1oc2cc(c3ccccc3)cc(O)c2c1C,-3.765113696228929,0
b2AR-decoy_330,C=C1C=CC[C@@H]2[C@@]1(C)CC[C@H](C)[C@@]2(C)Cc1cc(C(=O)OC)ccc1O,-3.764978151040598,0
b2AR-decoy_635,CC(C)(C)Nc1oc(c2ccccc2)nc1C=Cc1ccccc1,-3.7640260532693888,0
b2AR-decoy_2881,CC(=O)[C@H]1CC[C@H]2[C@@H]3CC[C@@H]4C[C@@](O)(c5ccccc5)CC[C@]4(C)[C@H]3CC[C@]12C,-3.763976371437294,0
b2AR-decoy_32,O=C1COc2ccc(/C=C(\c3ccccc3)c3ccc(F)cc3F)cc2N1,-3.7636556355220674,0
b2AR-decoy_474,CCCC(=O)c1cc2c(c(O)c1C)C(=O)C(=O)c1c(O)cccc1-2,-3.762597154058781,0
b2AR-decoy_2657,CCC(F)(CC)c1nc(COc2cc(OC)cc3oc(c4cn5nc(OC)sc5n4)cc23)cs1,-3.762108024500265,0
b2AR-decoy_829,Cc1cc(/C=C\C#N)cc(C)c1Sc1ccnc(Nc2ccc(C#N)cc2)n1,-3.7618157233036618,0
b2AR-decoy_766,C=CCc1cc2c(cc1O)C(C)(C)C(Cc1ccc(OC)cc1)O2,-3.761800357667264,0
b2AR-decoy_1861,O=C1CCCC/C=C\C[C@H](CC(=O)N(CCO)Cc2ccccc2)C(=O)N[C@@H](Cc2ccccc2)CO1,-3.7610546186462015,0
b2AR-decoy_2359,Nc1ccccc1C(=O)N/N=C/c1c2ccccc2[nH]c1c1ccc(O)cc1,-3.760865495762638,0
b2AR-decoy_40,CC(C)c1ccccc1OCCn1c(=S)[nH]c2ccccc21,-3.760689668101243,0
b2AR-decoy_336,CC(C)CCC[C@@H](C)[C@H]1CC[C@H]2C3=CC[C@@H]4C(=O)NC(=O)[C@@H]4[C@@H]3CC[C@@]21C,-3.760532068442624,0
b2AR-decoy_2175,CN(C)c1ccc(/C=N/NC(=O)N2c3ccccc3Sc3ccccc32)cc1,-3.760485893707648,0
b2AR-decoy_1658,O=C(/C=C/c1ccc(OCc2ccc(F)cc2F)cc1)c1ccc(n2ccnc2)cc1,-3.76036997700801,0
b2AR-decoy_464,CC1(C)C[C@@H](O)C[C@](C)(C/N=C(\S)c2ccccc2O)C1,-3.75999118461183,0
b2AR-decoy_405,Cc1cc(NS(=O)(=O)c2cc3c(cc2F)NC(=O)CC3)ccc1F,-3.7590062956083785,0
b2AR-decoy_872,Cc1ccc(C(O)(c2ccc(OC(C)C)cc2)c2cccnc2)c(F)c1,-3.758111345798312,0
b2AR-decoy_1845,CCOc1ccccc1NC(=O)CSc1ncc(S(=O)(=O)c2ccc(C(C)(C)C)cc2)c(=O)[nH]1,-3.756236013222757,0
b2AR-decoy_495,CC(=O)N[C@@H]1CC/C(C)=C/CC(C)(C)/C=C/[C@H](O)[C@@H]1C,-3.7550663466942806,0
b2AR-decoy_1727,CCN1C(=O)/C(=C/N2N=C(c3ccccc3)CC2c2ccccc2O)SC1=S,-3.754835042961099,0
b2AR-decoy_1092,Cc1[nH]c2ccc(c3nnc(SCC(=O)c4ccccc4F)o3)cc2c1C,-3.752005998734776,0
b2AR-decoy_287,CCCCCCCC(=O)SCC/C=C/[C@@H]1CC(=O)NCc2nc(cs2)C2=N[C@@](C)(CS2)C(=O)N[C@H](Cc2cccc3ccccc23)C(=O)O1,-3.7504484469414856,0
b2AR-decoy_43,C/C=C1\[C@H]2C=C(C)C[C@]1(/N=C/C=C/c1ccccc1)c1ccc(=O)[nH]c1C2,-3.750037384528024,0
b2AR-decoy_2355,COc1ccc(C(c2oc(CO)cc(=O)c2O)c2c[nH]c3ccc(Cl)cc23)cc1,-3.7498833153584856,0
b2AR-decoy_454,COc1ccc2oc(=O)c3c(c2c1)Nc1cc(C)c(C)cc1N3,-3.749462261019002,0
b2AR-decoy_1287,CN(C)c1cccc(/C=C2/C=C(Cc3ccccc3)C(=O)O2)c1,-3.748729175066439,0
b2AR-decoy_2948,C[C@H]1OC(=O)[C@@H]2C[C@@H]3CCCC[C@H]3[C@H](/C=C/c3ccc(c4ccsc4)cn3)[C@H]12,-3.74779065106165,0
b2AR-decoy_1172,C/C(=N\O)c1ccc(OCc2cc(C(F)(F)F)cc(C(F)(F)F)c2)cc1,-3.7465619195306537,0
b2AR-decoy_2361,Cc1ccc(Cc2cc(O)c(O)cc2c2cc(=O)c3c(O)cc(O)cc3o2)cc1,-3.74517355135414,0
b2AR-decoy_1982,O=c1cc(CO)oc(C(Nc2nccs2)c2ccc(F)cc2)c1O,-3.744948111224928,0
b2AR-decoy_1049,CC(=O)c1ccc(OCC(=O)OCc2cc(c3ccco3)on2)cc1,-3.7438736429867454,0
b2AR-decoy_444,O=C1c2ccccc2C(=Cc2ccc(O)c(O)c2)c2ccccc21,-3.743312827664981,0
b2AR-decoy_2673,[C-]#[N+]c1ccc(N[C@@H](c2nnc(c3ccc(I)cc3)o2)[C@H](C)O)c(C)c1Cl,-3.743081000665689,0
b2AR-decoy_2625,CCS(=O)(=O)c1cccc(Oc2ccc(Cl)c(n3c(C)nc4c(Cl)cccc43)c2)c1,-3.742886161982702,0
b2AR-decoy_2486,Cc1ccc(Sc2cncc3sc(C(=O)c4ccccc4)cc23)cc1,-3.742553009002163,0
b2AR-decoy_1342,Cc1ccccc1/N=C/C=C1/C=C(c2ccccc2)OC(C)(C)O1,-3.741738058775169,0
b2AR-decoy_692,O=C(NC(=O)c1c(Cl)cccc1Cl)OCc1ccc(c2ccccc2F)o1,-3.741529526937194,0
b2AR-decoy_1598,Cc1ccc(OCC(F)(F)F)c(CNC(=O)Cn2c(C)cnc(NCCc3ccccn3)c2=O)c1,-3.741117487728872,0
b2AR-decoy_2071,CCCCCCc1cc2c(C)cc3c(c2oc1=O)C(=O)c1c(O)cccc1C3=O,-3.740511469147475,0
b2AR-decoy_145,C/C(=N\Nc1csc(c2ccc3c(c2)CCC3)n1)c1ccc(Cl)cc1,-3.7401787963335584,0
b2AR-decoy_3153,COc1ccc(C(=O)CC(Sc2ccc(C)cc2)c2ccc(OC)cc2)cc1,-3.7394648673505686,0
b2AR-decoy_1655,CC(C)c1ccc(Sc2ccc(C(=O)C(Cl)Cl)cc2[N+](=O)[O-])cc1,-3.739131408715797,0
b2AR-decoy_431,Cc1c2ccc(O)cc2oc(=O)c1c1ccc(O)cc1Cl,-3.738756782901384,0
b2AR-decoy_223,COc1ccc(NC(=O)Nc2ccc3c(c2)C(=O)N([C@@H](C)CO)C[C@@H](C)[C@@H](CN(C)S(=O)(=O)c2cccs2)O3)cc1,-3.738674282395196,0
b2AR-decoy_19,O=c1cc(Sc2ccc(Cl)cc2Cl)c2cccc([N+](=O)[O-])c2[nH]1,-3.737733722237431,0
b2AR-decoy_3079,CC(C)(C)c1cc(C2c3ccc(N)nc3NP2(=O)Oc2ccccc2)cc(C(C)(C)C)c1O,-3.735486049385324,0
b2AR-decoy_380,CC1(C)C=Cc2c(ccc3c(=O)c(c4ccc(O)cc4O)coc23)O1,-3.734313697232297,0
b2AR-decoy_1169,CCO/C(O)=C1\C(CSc2ccccc2)=NC(C)=C(C#N)C1c1ccccn1,-3.733748916286588,0
b2AR-decoy_2670,Cc1cccc(C)c1OCc1nc2c3c(ncn2n1)oc(c1ccccc1)c3c1ccccc1,-3.731136905048881,0
b2AR-decoy_1710,O=S(=O)(c1cccc(Cl)c1Cl)n1ccc2ncccc21,-3.731088807709157,0
b2AR-decoy_1498,O=C1CNC(=O)/C(=C/c2cccs2)N1,-3.730908663322667,0
b2AR-decoy_2892,Cc1cc(O)ccc1NC(=O)c1ccccc1Sc1ccc2c(/C=C/c3ccccn3)n[nH]c2c1,-3.729118423757439,0
b2AR-decoy_2182,Oc1ccc(/C=N/c2nnc(Cn3c4ccccc4c4ccccc43)s2)cc1,-3.728639273914156,0
b2AR-decoy_161,COc1ccc(CNC(=O)c2csc([C@@H](NC(=O)c3csc([C@@H](NC(=O)OC(C)(C)C)C(C)C)n3)C(C)C)n2)c(OC)c1,-3.726842940705096,0
b2AR-decoy_1746,CC[C@@H]1[C@@H](C)C[C@@]2(O)C(=O)O[C@H](C)[C@H]2[C@H]1/C=C/c1ccc(c2ccoc2)cn1,-3.723568447607511,0
b2AR-decoy_2435,COC1[N+]([O-])=C(/C=C/c2ccc3ccc4cccc5ccc2c3c45)CC1(C)C,-3.719315695850812,0
b2AR-decoy_469,C/C1=C\CCC(C)(O)C2C=C(C(C)(C)O)C(C/C(C)=C/CC1)O2,-3.717149794356722,0
b2AR-decoy_345,S=P1(c2ccc(Oc3ccccc3)cc2)Nc2ccccc2CO1,-3.71692552989497,0
b2AR-decoy_671,CSc1nc2cc(Cl)c(Oc3cccc(Cl)c3Cl)cc2[nH]1,-3.716830249792762,0
b2AR-decoy_2344,NC(=S)N=Nc1c(O)n(CCCl)c2ccc(Br)cc12,-3.7144708036391454,0
b2AR-decoy_470,C/C(=N\NC(=O)c1cncc(Cl)c1)c1cc(Cl)ccc1O,-3.7140109247544446,0
b2AR-decoy_486,C=C1[C@@H](/C=C/C(C)=O)[C@]2(C)CCC[C@](C)(CO)[C@H]2C[C@H]1O,-3.713909267976576,0
b2AR-decoy_303,C[C@H](CCC(=O)OCc1cn(CC(O)(Cn2cncn2)c2ccc(F)cc2F)nn1)[C@H]1CC[C@H]2[C@@H]3CC[C@@H]4C[C@H](O)CC[C@]4(C)[C@H]3C[C@H](O)[C@@]21C,-3.71315308746115,0
b2AR-decoy_753,O=[N+]([O-])c1ccc(Oc2ccc(Cl)cc2O)c(Cl)c1,-3.71315107566953,0
b2AR-decoy_149,O=c1cc(N2CCCCC2)oc(c2cccc3c2Sc2ccccc2S3)c1,-3.712073469749307,0
b2AR-decoy_616,O=S(=O)(Nc1cccs1)c1ccc(c2ccc(Cl)cc2)cc1,-3.7115837206976807,0
b2AR-decoy_2615,O=C1OC[C@H]2[C@@H]1Cc1c(F)cc(F)cc1[C@@H]2/C=C/c1ccc(c2cccc(Cl)c2)cn1,-3.711054611361337,0
b2AR-decoy_1183,O=C(CSC1c2ccccc2-c2ccccc21)N/N=C/c1ccccc1,-3.7103587813146417,0
b2AR-decoy_1108,CCOC(=O)c1ccc(c2ccc(/C=C(\C#N)c3nc4cc(C)ccc4[nH]3)o2)cc1,-3.709410336839461,0
b2AR-decoy_457,Nc1c(Cl)cc(C(=O)N2C3CC4CC(C3)CC2C4)cc1Cl,-3.7077080334056376,0
b2AR-decoy_3014,CCC(C)(C)C(=O)O[C@H]1CC(C)=CC2=CC(O)[C@H](C)[C@H](CC[C@@H]3C[C@@H](O)CC(=O)O3)[C@H]21,-3.707415841190292,0
b2AR-decoy_1789,C/C=C\[C@@H]1C[C@H](OC(=O)[C@@H](C)CC)[C@@H]2[C@@H](CC[C@@H]3C[C@@H](O)CC(=O)O3)[C@@H](C)C=C[C@H]2C1,-3.7073943045363817,0
b2AR-decoy_2504,Cc1cc(C)n(CCc2nc(c3ccc(C(C)(C)C)cc3)cs2)n1,-3.706929459016755,0
b2AR-decoy_2479,CCCc1nnn(c2c(Cl)cc(C(F)(F)F)cc2Cl)c1CCl,-3.704979482743085,0
b2AR-decoy_571,O=C(/C=C/c1ccc(c2cc(F)c(F)c(F)c2)cc1Cl)NO,-3.703647788155001,0
b2AR-decoy_243,COc1ccc(S(=O)(=O)N(CC(C)C)C[C@@H](O)[C@H](Cc2ccc(c3ccncc3)cc2)NC(=O)O[C@H]2CCOC2)cc1,-3.70342688439818,0
b2AR-decoy_1357,COc1cc(C(C)c2ccc3c(c2)c(C)cn3C)cc(OC)c1OC,-3.702733474944369,0
b2AR-decoy_2279,Cc1cccc(NC(=O)CSc2nc(c3cccs3)cc(C(F)(F)F)c2C#N)c1C,-3.702427432694429,0
ASD03130065,Fc1ccc(Nc2nc(NC3CCCCC3)c3ccccc3n2)cc1Cl,-3.7023044406991743,1
b2AR-decoy_902,C=C[C@@]1(C)CCC2=C([C@H](OC)[C@@H](O)[C@H]3C(C)(C)CCC[C@]23C)[C@@H]1OC,-3.702200309312792,0
b2AR-decoy_882,COc1ccc(C(=O)c2coc3cc(Cl)c(O)c(Cl)c23)cc1,-3.701521705572615,0
b2AR-decoy_1729,COc1cccc(c2cc(C(=O)Nc3ccn(Cc4ccc(C)cc4)n3)no2)c1,-3.7013327124370057,0
b2AR-decoy_2969,C[C@@H](O[C@H]1O[C@@H]2O[C@@]3(C)CC[C@H]4[C@H](C)CCC([C@H]1C)[C@]42OO3)c1ccc(C(F)(F)F)cc1,-3.699424701810341,0
b2AR-decoy_1481,Cc1ccsc1/C=N/NC(=O)C(N)=O,-3.699042813899209,0
ASD03130037,c1ccc(Nc2nc(NC3CCCCC3)c3ccccc3n2)cc1,-3.6988075751147136,1
b2AR-decoy_1682,O=S1(=O)C=C(Sc2nc3ccccc3o2)c2ccccc21,-3.697978515006966,0
b2AR-decoy_662,Clc1cccc(Cl)c1/C=N/Nc1c(Cl)cncc1Cl,-3.6976879214631375,0
b2AR-decoy_2809,N#Cc1ccc(C(OCc2ccc(C#N)cc2c2cccc(Cl)c2)c2cncs2)cc1,-3.697328999355817,0
b2AR-decoy_1724,C=C1C=C2C=C[C@H](C)[C@H](CC[C@@H]3C[C@@H](O)CC(=O)O3)[C@H]2[C@@H](OC(=O)[C@@H](C)CC)C1,-3.696765382727921,0
b2AR-decoy_1149,CC(C)=C/C=C/[C@H](C)C1=CC[C@]2(C)C[C@H]3[C@H](C(=O)C[C@@]3(C)O)C(C=O)=CC[C@@H]12,-3.696157371321615,0
b2AR-decoy_1975,CCCc1ccc(S(=O)(=O)Nc2ccc(F)c(C(=O)c3c[nH]c4ncncc34)c2F)cc1,-3.695907134466362,0
b2AR-decoy_2672,CCOc1cc(c2nc3ccccn3c2/N=C/c2cc(Br)ccc2O)ccc1O,-3.6956927100930823,0
b2AR-decoy_637,CC(C)(C)[C@H](C(=O)Nc1ncc(Cl)s1)c1ccc(Cl)cc1,-3.6946877125684856,0
b2AR-decoy_1254,Clc1ccc(COc2cccc3c2cnc2ncnn23)c(Cl)c1,-3.6934734355315206,0
b2AR-decoy_3046,C=C1OC(C)=N[C@]12CC[C@H]1[C@@H]3CCC4=CC(=O)CCC4=C3[C@@H](c3ccc(N(C)C)cc3)C[C@@]12C,-3.693054535296109,0
b2AR-decoy_62,O=P(Oc1ccccc1)(Oc1ccccc1)[C@@]1(O)c2ccccc2C[C@@H]1Cl,-3.691095993117706,0
b2AR-decoy_1032,CCCCCCC[S+]([O-])C1=CC(=O)c2ccccc2C1=O,-3.6907648768458574,0
b2AR-decoy_3044,Cn1cncc1C(OCc1ccc(C#N)cc1)c1ccc(C#N)c(c2ccccc2C(F)(F)F)c1,-3.690335148815044,0
b2AR-decoy_1530,Cc1ccc(Sc2c(C)nn(c3ccccc3)c2OC(=O)CC(C)C)cc1,-3.689212734778608,0
b2AR-decoy_1369,CCCc1nccn1Cc1coc(c2cccc3ccccc32)n1,-3.6889350260705847,0
b2AR-decoy_1992,CC(/C=C/C(=O)Nc1ccccc1N)=C\C1(C)Oc2cc(N(C)C)ccc2C1=O,-3.6861406619602377,0
b2AR-decoy_3109,CCCCN1C(=O)c2[nH]nc(c3ccccc3O)c2C1c1ccc(OCc2ccccc2)cc1,-3.68522727805005,0
b2AR-decoy_1697,Cc1cs/c(=N\N=C\c2ccccc2)n1Cc1ccco1,-3.6834242176142,0
b2AR-decoy_706,Cc1ccc(N=Nc2ccc(O)c(P(=O)(c3ccccc3)c3ccccc3)c2)cc1,-3.6822735793279975,0
b2AR-decoy_215,O=C(Cc1cccc(OC(F)(F)F)c1)Nc1ccc(CCCCc2nnc(NC(=O)Cc3cccc(OC(F)F)c3)s2)nn1,-3.6818334363434624,0
b2AR-decoy_1459,C[C@@H]1C[C@@H](O)[C@@H](O)/C=C/C=C\C(=O)O1,-3.6816837634138,0
b2AR-decoy_1153,CCCCCCC(C)(C)c1cc(O)c2c(c1)oc(=O)c1ccc(C)cc12,-3.680835161314745,0
b2AR-decoy_1666,c1ccc2c(Oc3nc4ccsc4c4nnnn34)cccc2c1,-3.680085245848945,0
b2AR-decoy_3196,CN(CCC(Oc1ccc(C(F)(F)F)cc1)c1ccccc1)C(=S)SCCCl,-3.6794870636541694,0
b2AR-decoy_309,NS(=O)(=O)c1ccc(NC(=O)C(F)(F)C(F)(F)C(F)(F)C(F)(F)C(F)(F)C(F)(F)C(F)(F)C(F)(F)F)c(I)c1,-3.677804438098836,0
b2AR-decoy_1705,O=C(OCC(=O)c1ccccc1Br)c1ccccn1,-3.6774886640895774,0
b2AR-decoy_2025,CCc1ccc2oc(C(=O)NCc3ccc(S(N)(=O)=O)cc3)c(C)c2c1,-3.677415630861423,0
b2AR-decoy_1434,CSC1=CC(=O)C(N)=C(Cl)C1=O,-3.677396730113855,0
b2AR-decoy_2448,Cc1cnc(Sc2nc3cc(Cl)c(Cl)cc3nc2C(F)(F)F)s1,-3.675615558327244,0
b2AR-decoy_1991,N#Cc1c(N)nc(Sc2ccccc2O)c(C#N)c1c1cccs1,-3.6754577802350825,0
b2AR-decoy_602,C=C[C@]12CC[C@H]3[C@@](C)(CCC[C@@]3(C)C(=O)OCC)[C@@H]1CC[C@](C)(O)C2,-3.6750663060871327,0
b2AR-decoy_198,COc1ccc(Cn2c(CCc3ccccc3)nnc2[C@@H](Cc2c[nH]c3ccccc23)NC(=O)CNC(=O)/C(C#N)=C/c2ccc(F)cc2)cc1,-3.673339144233131,0
b2AR-decoy_648,Cc1ccc(C(C)C)c(OCCn2c(=S)[nH]c3c(Cl)cccc32)c1,-3.6731273629232346,0
b2AR-decoy_1625,c1ccc(Cn2c(SCc3ccncc3)nnc2c2ccsc2)cc1,-3.672521983005068,0
b2AR-decoy_860,CCOc1ccc(C2C(C#N)=C(C)N=C3C2=C(O)c2ccccc23)cc1,-3.672443981920966,0
b2AR-decoy_1929,C=C1C(=O)O[C@H]2[C@H]1CCC(/C=N/NC(=S)Nc1ccc(F)cc1)=C\CC[C@@]1(C)O[C@@H]21,-3.672387079486131,0
b2AR-decoy_1996,NC1=C2C(=O)N(CCc3c[nH]c4ccccc34)C(=O)CC2c2ccccc2O1,-3.6719887538157594,0
b2AR-decoy_770,COCc1cc2[nH]ncc2cc1c1ccccc1C(F)(F)F,-3.671768087010329,0
b2AR-decoy_947,O=C(CSc1snnc1c1ccc2ccccc2c1)Nc1ccccc1,-3.667627060014824,0
b2AR-decoy_2953,CC[Si](CC)(CC)O[C@]1(C)CCC2=C(C)CC[C@H]3/C(=C\c4ccc(F)cc4)C(=O)O[C@@H]3[C@H]21,-3.667570546620418,0
b2AR-decoy_2696,CCC(O)(c1cn(Cc2ccc3c(c2)sc(C(=O)NC)c3c2ccccc2)nn1)C(F)(F)F,-3.6666494548718687,0
b2AR-decoy_2675,O=C(CNC(=O)c1ccccc1/N=C/c1ccc(Cl)cc1)N/N=C\c1ccc(Cl)cc1,-3.665668167533944,0
b2AR-decoy_1469,N#C/C=C(\N)c1cccs1,-3.665546638224512,0
b2AR-decoy_425,C/C(=N\NC(=S)Nc1cccc(C)c1)c1cc2ccccc2o1,-3.66414083591118,0
b2AR-decoy_1700,Cc1cccc(c2nnc(SCC(=O)C(C)(C)C)n2C)c1,-3.663835845823824,0
b2AR-decoy_2509,N#Cc1ccc(c2cccs2)nc1SCc1c(F)cccc1Cl,-3.663105139719689,0
b2AR-decoy_2993,Cc1oncc1c1cnc(N)c(c2ccc(C(=O)N[C@H](CO)c3cccc(F)c3)c(F)c2)c1,-3.6620042247128017,0
b2AR-decoy_1854,O=C(NCCCn1ccnc1)/C(=C\c1ccc(Br)cc1)NC(=O)c1ccccc1F,-3.661927020453961,0
b2AR-decoy_2043,COc1cccc(/C=C/C(=O)c2ccc3c(c2O)C=CC(C)(C)O3)c1OC,-3.6616501010483495,0
b2AR-decoy_342,CC(C)c1ccc(/C=C(\C#N)c2nc(c3ccc(O)cc3)cs2)cc1,-3.660812956579195,0
b2AR-decoy_319,CCC(=O)O[C@@H]1C=C2CC[C@@H]3[C@H](CC[C@@]4(C)[C@H]3CC[C@@]4(O)CC)[C@H]2CC1,-3.66020105793989,0
b2AR-decoy_1860,C[C@H](NC(=O)c1c[nH]nc1C#N)c1ccc(O[C@@H]2CCN(c3ccc(OCC4CC4)cc3)C2)cc1,-3.660138369780708,0
b2AR-decoy_3148,CCN(CC)P(=O)(/C=C(\Cl)c1ccccc1)/C=C(\Cl)c1ccccc1,-3.659437486593768,0
b2AR-decoy_1665,COc1cccc(c2nnc3sc(/C=C/c4ccco4)nn32)c1,-3.658827893380592,0
b2AR-decoy_2163,Cc1ccc(C)c(NC(=O)CCc2nc(c3ccc(C(C)(C)C)cc3)no2)c1,-3.6583618128890336,0
ASD03130043,FC1(F)Oc2ccc(Nc3nc(NC4CCCCC4)c4ccccc4n3)cc2O1,-3.657689176174789,1
b2AR-decoy_823,CC1(C)CC(=O)c2c(SCc3ccccc3)sc(c3cc[nH]n3)c2C1,-3.657264742637621,0
b2AR-decoy_1306,COc1cc(/C=C/C(C)=C/C(C)=C/c2ccccc2)oc(=O)c1,-3.6570395722096087,0
b2AR-decoy_1225,CCNC1=CC(=O)C=C(C[C@]2(C)[C@@H](C)CC[C@]3(C)C(C)=CCC[C@H]32)C1=O,-3.6570107756757535,0
ASD03130033,Fc1ccc(Nc2nc(NC3CCCCC3)c3ccccc3n2)cc1,-3.6565181566304745,1
b2AR-decoy_6,CCCSc1sc(c2cc[nH]n2)c2c1C(=O)CC(C)(C)C2,-3.6555440423240335,0
b2AR-decoy_889,CCCCCc1cc2c(=O)c(c3nc(C)cs3)coc2cc1O,-3.655010028634971,0
b2AR-decoy_2123,Nc1sc(c2ccccc2)cc1C(=O)NCCc1c[nH]c2ccccc12,-3.6544308932082616,0
ASD03130045,Fc1ccccc1CNc1nc(NC2CCCCC2)c2ccccc2n1,-3.654186658224624,1
b2AR-decoy_1294,O=C(/C(=C\c1ccccc1)c1ccc(O)cc1)c1ccc(O)cc1,-3.653940931075791,0
b2AR-decoy_2266,Cc1nc(C)c(c2ccc(Oc3ccc(Cl)cc3)c(Cl)c2)c(O)c1Br,-3.652727158176373,0
b2AR-decoy_381,C[C@@H]1C(=O)C(O)=C2C(C)(C)C(=O)CC[C@]2(C)[C@@]1(O)CCc1ccoc1,-3.652080532431578,0
b2AR-decoy_638,Fc1c(/N=N/Nc2cccc(C(F)(F)F)c2F)cccc1C(F)(F)F,-3.650188580720814,0
b2AR-decoy_3038,CCOc1ccc2nc(NC(=O)C(NS(=O)(=O)c3cccs3)C(C)C)sc2c1,-3.648362874400735,0
b2AR-decoy_574,NC(=O)c1sc(Oc2ccccc2)c2c1CCc1cnsc1-2,-3.647050155791453,0
b2AR-decoy_2844,C[C@]12C=CC(=O)C=C1CCC1C2CC[C@@]2(C)C1CC[C@]2(Cl)[S+]([O-])Cc1ccccc1,-3.646929020795536,0
b2AR-decoy_843,O=C(Nc1ccc(Sc2ccc(Br)cc2)cc1)c1ccco1,-3.646003964059948,0
b2AR-decoy_2883,O=C(/C=C/c1ccccc1)c1ccc(OCc2cc(c3ccc(Cl)c(Cl)c3)no2)cc1,-3.645137088456843,0
b2AR-decoy_2081,Cc1nccn1c1ccc(Sc2cccc(C3(/C=N/O)CCOCC3)c2)cc1,-3.6440355155561663,0
b2AR-decoy_2198,COc1cc2c(cc1OC)Sc1ncnc(Sc3cccc(Br)c3)c1NC2,-3.641180663870609,0
b2AR-decoy_479,O=C(Cc1ccc(Cl)cc1)c1ccc(O)c(O)c1,-3.641175910920401,0
b2AR-decoy_2200,COc1ccc(C2c3c(cc4c(c3N)CCCC4)Oc3[nH]nc(c4ccccc4)c32)cc1,-3.6402102490967287,0
b2AR-decoy_2211,Cc1ccc(C(=O)/C=C2\Nc3ccccc3S\C2=N\CS(=O)(=O)c2ccc(C)cc2)cc1,-3.640010795058665,0
b2AR-decoy_1001,CC(C)c1ccc2c(c1)CC[C@@H]1[C@]2(C)CCC[C@@]1(C)C/N=C/c1ncc[nH]1,-3.63964371620836,0
b2AR-decoy_252,CCCCN(CCCC)S(=O)(=O)N[C@@H]1c2cc3c(cc2[C@@H](c2cc(OC)c(O)c(OC)c2)[C@H]2C(=O)OC[C@H]12)OCO3,-3.637831981283148,0
b2AR-decoy_864,COc1cccc(COc2ccc3c(c2)C(C)=CC(C)(C)N3)c1,-3.63478969538392,0
b2AR-decoy_323,C=C1CCC[C@@H]2[C@]1(C)CC[C@H](C)[C@@]2(C)Cc1cc(O)ccc1OC(C)=O,-3.633586800672526,0
b2AR-decoy_1128,COc1ccccc1/C=C/c1nc(C#N)c(NC(C)c2ccccc2)o1,-3.633574157476496,0
b2AR-decoy_791,Clc1cc2nc(SCc3ccncc3)[nH]c2cc1Cl,-3.633162577337381,0
b2AR-decoy_644,N#C/C(=C/c1ccc(O)cc1)c1nc(c2ccc(c3ccccc3)cc2)cs1,-3.631787863338359,0
b2AR-decoy_2144,COc1ccc(/C(C)=N/Nc2csc(c3ccc4c(c3)CCC4)n2)cc1,-3.631576432717451,0
b2AR-decoy_2235,Cc1ccc(C2=C(C#N)C(=O)NC(c3ccc(Oc4ccccc4)nc3)(C(F)(F)F)C2)cc1,-3.631254804643197,0
b2AR-decoy_289,CC[C@H]1C[NH+]2CCc3cc(OC)c(OC)cc3[C@@H]2C[C@@H]1C[C@@H]1c2cc(OC)c(OC)cc2CCN1C(=S)NCc1ccc(Cl)cc1,-3.631060764735983,0
b2AR-decoy_2055,N#C/C(=C\Nc1ccc(OC(F)(F)F)cc1)S(=O)(=O)c1ccc(Cl)cc1,-3.624828903440316,0
b2AR-decoy_432,O=c1c(c2ccc(Cl)cc2)coc2c(O)c(O)ccc12,-3.6242502671937857,0
b2AR-decoy_156,CCCCNC=C1C(=O)Nc2ccc(S(=O)(=O)N(CC(C)C)C[C@@H](O)[C@H](Cc3ccccc3)NC(=O)O[C@H]3CO[C@H]4OCC[C@@H]34)cc21,-3.623508367753861,0
b2AR-decoy_3030,COc1ccc(C(NC(=O)CN2C(=O)NC3(CCc4ccccc43)C2=O)c2ccccc2)cc1,-3.6221600761965904,0
b2AR-decoy_1762,CC[C@@H](C)C(=O)O[C@H]1C[C@@H](C)C=C2C=C[C@H](C)[C@H](CC[C@@H]3C[C@@H](O)CC(=O)O3)[C@H]21,-3.621835816813861,0
b2AR-decoy_2945,CC(Oc1ccc(c2ccc(C#N)cc2)cc1)C(=O)C12CC3CC(CC(C3)C1)C2,-3.6207378924822775,0
b2AR-decoy_2083,O=C1CCC/C(=N\NC(=O)c2ccc(CSc3cccc4cccnc34)cc2)C1,-3.620235987704029,0
b2AR-decoy_1115,Cc1ccc(NC(=O)CSc2nc(C(F)(F)F)cc(c3ccco3)n2)cc1C,-3.6201512342810096,0
b2AR-decoy_1998,CC(=O)C1=C(C)NC(SCC(N)=O)=C(C#N)C1c1sccc1C,-3.619863594202944,0
b2AR-decoy_427,Cc1cc2c(c(=S)[nH]1)C(=O)O/C2=C\c1c[nH]c2ccccc12,-3.6191204604944778,0
b2AR-decoy_1946,Cc1nc(c2cccc(NC(=O)c3ccc4nc5n(c4c3)CCCNC5=O)c2)cs1,-3.618972679505167,0
b2AR-decoy_3151,COc1cc(C(SCc2ccccc2)SCc2ccccc2)ccc1O,-3.618104187703959,0
b2AR-decoy_370,COc1ccc(c2cc(/C=C3\C(=O)Nc4ccc(F)cc43)[nH]n2)cc1,-3.6168856451191216,0
b2AR-decoy_1321,CCc1ccc(C(=O)NNc2cc(Cl)ccc2Cl)cc1,-3.61634892395024,0
b2AR-decoy_70,Cc1cc(C2=C(/C=C/C3CC(O)CC(=O)O3)C(C)(C)CC(C)(C)C2)ccc1F,-3.6148356746888384,0
b2AR-decoy_798,CCC(CC)=NNc1nc(c2ccc(Cl)cc2)cs1,-3.614518666469022,0
b2AR-decoy_412,Cc1ccncc1Oc1sc(C(N)=O)c2c1-c1sncc1CC2,-3.614482207348509,0
b2AR-decoy_2130,O=C(/C=C/c1ccccc1S(=O)(=O)Nc1ccc2ccccc2c1)NO,-3.614429379007091,0
b2AR-decoy_1958,Cc1cc(NS(=O)(=O)Cc2ccc(NC(=O)Cc3ccc(Cl)c(Cl)c3)cc2)no1,-3.613291537829191,0
b2AR-decoy_108,CCCc1cc(=O)oc2cc(c3cccc4c3Sc3ccccc3S4)cc(O)c12,-3.613243659821896,0
b2AR-decoy_2062,COc1ccccc1c1ccc(Oc2cncc3sc(C4=NNN=N4)cc23)cc1,-3.611448083660902,0
b2AR-decoy_2217,Cc1cc(/C(O)=C(/C([S-])=Nc2ccc(F)cc2)[n+]2ccccc2)c(C)n1c1ccc(F)cc1,-3.6109056578941496,0
b2AR-decoy_1568,C=CCn1c(SCC(=O)Nc2ccc(/C(C)=N/O)cc2)nnc1c1ccc(OC)cc1,-3.609885369085821,0
b2AR-decoy_853,COc1ccc(COc2ccc3c(c2)C(C)=CC(C)(C)N3)cc1,-3.6094476631275576,0
b2AR-decoy_2484,Cc1cc(=O)oc2cc(OCc3cc(c4ccc(Cl)c(Cl)c4)no3)ccc12,-3.609332495813143,0
b2AR-decoy_1615,Cc1ccc2c(C)c(C(=O)N(Cc3ccc(N(C)C)cc3)Cc3ccco3)oc2c1C,-3.6093270264228536,0
ASD03130034,Fc1cccc(Nc2nc(NC3CCCCC3)c3ccccc3n2)c1,-3.609275124016059,1
b2AR-decoy_2849,Clc1ccc2c(c1)S[C@H](Cn1ccnc1)[C@@H]2OCc1cc(Cl)sc1Cl,-3.6085191486138464,0
b2AR-decoy_751,Nc1[nH]nc(C2CC2)c1N=Nc1ccc(Cl)c(Cl)c1,-3.608475763506316,0
b2AR-decoy_1014,Cc1ccc(NC(=O)CSc2cccc3cccnc23)c(C)c1,-3.6081575986902266,0
b2AR-decoy_1609,CCCCSc1ncc2ncn(Cc3c(F)ccc(Cl)c3F)c2n1,-3.607264551570497,0
b2AR-decoy_84,C[C@]12CC[C@H]3[C@@H](CCC4C[C@H](NC(=O)C5CC5)CC[C@@]43C)[C@@H]1CC=C2c1cccnc1,-3.606747418887953,0
b2AR-decoy_678,COc1ccc2cc(C(=O)/C=C/c3ccc4[nH]ccc4c3)ccc2c1,-3.606099680158668,0
ASD03130073,Fc1cc(F)cc(Nc2nc(NC3CCCCC3)c3ccccc3n2)c1,-3.604709099871517,1
b2AR-decoy_1314,Cc1cccc(CSc2ccc(c3ccco3)nn2)c1,-3.604277749557082,0
b2AR-decoy_1559,C/C(=C(/CCOC(=O)c1ccccc1)SC(=O)c1ccccc1)N(C=O)Cc1cnc(C)nc1N,-3.6039177971763103,0
b2AR-decoy_1744,O=C(CSc1nc(C(F)(F)F)cc(c2cccs2)n1)NCc1ccco1,-3.603689928784547,0
b2AR-decoy_1127,CCCCC(=O)c1cc2c(cc1O)CC[C@@H]1[C@@H]2CC[C@]2(C)C(=O)CC[C@@H]12,-3.6035718288672016,0
b2AR-decoy_3098,Cc1ccc([C@H]2CN(C(=O)c3cc(c4ccc(F)cc4)on3)[C@@H](CC(C)C)C(=O)N2)cc1,-3.6020372146429684,0
b2AR-decoy_142,COc1cc(Br)cc(/C=N\c2cccc(C(F)(F)F)c2)c1O,-3.601662140812324,0
b2AR-decoy_863,COc1ccc(C2C(C#N)=C(C)N=C3CC(C)(C)CC(O)=C32)c(OC)c1,-3.600529145184159,0
b2AR-decoy_696,Clc1ccc(c2csc(N/N=C/c3ccc(Br)cc3)n2)cc1,-3.600383382926796,0
b2AR-decoy_786,CCC(C)c1ccc2c(c1)COP(=S)(NCC(C)C)O2,-3.5996740649531915,0
b2AR-decoy_3099,CC(=O)N[C@@H](C)/C=C/c1ccc(Oc2ccc3nc(C(C)(C)O)sc3c2Cl)nc1,-3.598764742340866,0
b2AR-decoy_2174,CC(C)=CCc1c(O)ccc2c1O[C@H](c1ccc3c(c1)C=CC(C)(C)O3)CC2=O,-3.5977301068298195,0
b2AR-decoy_506,Cc1ccc(C)c(C(=O)/C=C/c2ccc(O)c(O)c2)c1,-3.5966274078528024,0
b2AR-decoy_2835,Cc1ccc(Sc2cccc3c2C(=O)c2cccc(Sc4ccc(C)cc4)c2C3=O)cc1,-3.596368679956537,0
b2AR-decoy_675,Oc1cccc(c2cc(c3cccc(O)c3)c(c3cccc(O)c3)s2)c1,-3.595980769845736,0
b2AR-decoy_1867,O=C(Cc1ccccc1)Nc1ccc(SCCc2nnc(NC(=O)Cc3ccccc3)s2)nn1,-3.595099569923415,0
b2AR-decoy_1106,COc1ccc(c2ccc(Oc3cncc4sc(C5=NNN=N5)cc34)cc2)cc1,-3.594481863502128,0
b2AR-decoy_566,Cc1c(C)c2c(c(C)c1N)CC(C)(CSc1ccncc1)O2,-3.594335653180861,0
b2AR-decoy_752,CC(=O)NCCC1=C(CC2CCCCC2)Cc2ccc3c(c21)CCO3,-3.5943295147994467,0
b2AR-decoy_3029,O=C(NO)C1(S(=O)(=O)c2ccc(Oc3ccc(c4ccccc4)cc3)cc2)CCOCC1,-3.5942259180671647,0
b2AR-decoy_1295,COc1ccc(/C=C2/C=C(Cc3ccccc3)C(=O)O2)cc1,-3.594131670115587,0
b2AR-decoy_2839,C[C@]12CC[C@H]3[C@H]([C@@H]1CCC2=O)[C@H](CCCc1ccccc1)CC1=CC(=O)CC[C@@]13C,-3.593845605647271,0
b2AR-decoy_505,O=c1c2ccccc2[nH]c2cc(OCC3CS3)cc(O)c12,-3.5938058027130357,0
b2AR-decoy_2398,CC(/C=N/OCCO)=C\[C@H]1CC[C@]2(O)[C@@H]3CC[C@@H]4C[C@@H](O)CC[C@]4(C)[C@H]3CC[C@]12C,-3.593546833920185,0
ASD03130055,c1ccc2c(NC3CCCCC3)nc(N3CCOCC3)nc2c1,-3.593459029597065,1
b2AR-decoy_2389,COc1ccc(C(c2oc(CO)cc(=O)c2O)c2c[nH]c3ccccc23)cc1,-3.59304185150348,0
b2AR-decoy_1012,COc1c(O)cc2oc(c3cc(O)cc(O)c3)cc2c1CC=C(C)C,-3.5929100913731524,0
ASD03130061,FC(F)(F)Sc1ccc(Nc2nc(NC3CCNCC3)c3ccccc3n2)cc1Cl,-3.592549038101155,1
b2AR-decoy_466,Cc1cc2c(c3oc(C(C)O)cc13)C(=O)c1c(O)cccc1C2=O,-3.5925145296439256,0
b2AR-decoy_194,C=CCNC(=O)C(=O)C(CCC)NC(=O)[C@@H]1[C@@H]2[C@H](CN1C(=O)[C@@H](NC(=O)N[C@@H](CN1CCC(C)(C)CC1=O)C(C)(C)C)C1CCCCC1)C2(C)C,-3.591578744536193,0
b2AR-decoy_2597,Fc1ccc(/N=C2/c3ccccc3/C(=N/c3ccc(F)cc3)c3occc32)cc1,-3.5909605648900835,0
b2AR-decoy_2967,Cc1cc(C)cc(Oc2nc3ccccn3c(=O)c2/C=C(\C#N)c2nc3ccccc3s2)c1,-3.590843527666101,0
b2AR-decoy_2846,C=C1C(=O)[C@@]23CC[C@H](C(=C)C)[C@@](C)(CCC(=O)OC4CCCCC4)[C@@H]2CC[C@H]1C3,-3.589203983279865,0
b2AR-decoy_576,N#Cc1c(N)c(C#N)c(c2ccc3c(c2)OCO3)c2c1CCCC2,-3.588588542243857,0
ASD03130044,Clc1cccc(CNc2nc(NC3CCCCC3)c3ccccc3n2)c1,-3.588142856401396,1
b2AR-decoy_1858,O=C1C[C@H](C(=O)Nc2cc(c3cccc(COCCC(F)(F)F)c3)n(c3ccccc3)n2)CN1,-3.5880792343559578,0
b2AR-decoy_2007,COc1cc(/C=C2\CCCC3C2=NNC3c2ccc(O)c(OC)c2)ccc1O,-3.587932057545693,0
b2AR-decoy_2134,Cc1cc(C)c(c2n[nH]c3c2C(c2ccccc2F)N(CCO)C3=O)c(O)c1,-3.587524425274437,0
b2AR-decoy_543,CC(=O)/C=C(\c1ccccc1)c1c(O)oc2ccc(O)cc2c1=O,-3.586417137915648,0
b2AR-decoy_1764,CC(C)CC(=O)O[C@H]1C[C@@H](C)C=C2C=C[C@H](C)[C@H](CC[C@@H]3C[C@@H](O)CC(=O)O3)C21,-3.5861057615070173,0
b2AR-decoy_875,O=C(N/N=C/c1cccc(Cl)c1Cl)c1cc2c(s1)CCCC2,-3.5860196519031726,0
b2AR-decoy_2499,CCc1nnc(SCc2ccc(F)cc2Cl)c2cc3sc(C)cc3n12,-3.583839895385756,0
b2AR-decoy_2148,CO/C(O)=C1\C(C)=NC2=C(C(=O)CC(c3cccs3)C2)C1c1ccsc1,-3.5830581721142267,0
b2AR-decoy_170,COc1ccc(N(CC(=O)N[C@@H](Cc2ccccc2)[C@H](O)CN(CC(C)C)S(=O)(=O)c2ccc(N)cc2)CC(=O)N(C)C)cc1,-3.582277366917134,0
b2AR-decoy_7,C/C(=C\c1ccc(C(C)(C)C)cc1)C(=O)Nc1ccc2c(c1)OCCO2,-3.5816253328047347,0
b2AR-decoy_1191,CCc1cc(N(C)Cc2nc3c(Cl)ccc(Cl)c3o2)c(O)nc1C,-3.5812369449842123,0
b2AR-decoy_2255,CC1CCC(OC(=O)NC(=O)c2cc(c3ccc(OC(F)(F)F)cc3)cs2)CC1,-3.580864308219413,0
b2AR-decoy_567,Oc1[nH]nc(c2ccccc2)c1/C=N/c1ccc(Cl)cc1,-3.5808495131349174,0
b2AR-decoy_2470,CC(C)=CCC/C(C)=C/CCC1=C[C@H](c2ccc(C(C)C)cc2)OC1=O,-3.5799333675252982,0
b2AR-decoy_880,CCSC1=C(C#N)C(c2ccc3c(c2)OCO3)C2=C(O)CCCC2=N1,-3.579826387897475,0
b2AR-decoy_892,CC(C)=CCc1c(O)cc(O)cc1c1cc2ccc(O)cc2o1,-3.578656774347498,0
b2AR-decoy_1847,C=C1C(=O)O[C@H](C[C@@H](C)[C@H]2CC[C@H]3/C(=C/C=C4/C[C@@H](O)[C@H](OCCCO)[C@H](O)C4=C)CCC[C@@]32C)[C@H]1C,-3.5771263050963427,0
b2AR-decoy_1040,CCN(Cc1cccs1)C(=O)C(C)Oc1ccc(C)cc1,-3.577108005685532,0
ASD03130040,Clc1cccc(Nc2nc(NC3CCCCC3)c3ccccc3n2)c1,-3.576265311695495,1
b2AR-decoy_1711,Cc1c[nH]c(CNC(=O)c2ccc3oc(C(C)C)nc3c2)n1,-3.575419427015146,0
b2AR-decoy_1583,Nc1cnc(c2ccc(c3ccccc3S(=O)(=O)N[C@H](CO)Cc3ccccc3)cc2F)cn1,-3.5738235066737785,0
b2AR-decoy_1393,S=P1(c2ccccc2)NCCN1,-3.573456423722894,0
b2AR-decoy_2961,CC[Si](CC)(CC)O[C@]1(C)CCC2=C(C)CC[C@H]3/C(=C/c4ccccc4F)C(=O)O[C@@H]3[C@H]21,-3.5727895145959443,0
b2AR-decoy_1866,CC(C)C(NC(=O)Cn1c(=O)c(NC(=O)Cc2ccccc2)ccc1c1ccccc1)C(=O)C(F)(F)F,-3.572661009839309,0
b2AR-decoy_1347,Cc1onc(c2ccccc2Cl)c1C(=O)Oc1ccccc1F,-3.572046884220451,0
ASD03130024,Fc1ccc(Nc2nc(NC3CCCCC3)c3ccccc3n2)cc1F,-3.571993363595856,1
b2AR-decoy_859,COc1cc2c(cc1CCC(C)C)C(=O)C[C@@H](c1ccc(O)cc1)O2,-3.57182755408997,0
ASD03130050,Nc1nc(N)c2cc(Cl)ccc2n1,-3.571507348695051,1
b2AR-decoy_139,COc1ccc(/C=N/Nc2nc(c3ccc(Cl)cc3)cs2)cc1,-3.571491729639038,0
b2AR-decoy_433,CC(C)=CCc1c(O)c(C=O)cc2c1[nH]c1ccccc12,-3.570852280154182,0
b2AR-decoy_59,N#C/C(=C\c1cccnc1)c1c[nH]c2ccc(OCc3ccccc3)cc12,-3.5699313680349967,0
b2AR-decoy_24,COc1ccc2[nH]cc(c3nn4cc(c5ccsc5)nc4s3)c2c1,-3.5692646864873394,0
b2AR-decoy_537,C=CCc1c(O)cc(O)c2c1OC(c1ccc(Cl)cc1)CC2=O,-3.569250447232063,0
b2AR-decoy_1928,OC(c1ccc(OC(F)(F)F)cc1)c1cc2ccccc2cc1c1cccnc1,-3.5686564196061545,0
b2AR-decoy_750,Cc1cc(C)c(C/C(=N/O)c2cc3ccccc3o2)c(C)c1,-3.568141751063501,0
b2AR-decoy_2129,Cc1csc(c2cnc(N)c(/N=C/c3ccnc(NC(=O)C4CC4)c3)c2)c1,-3.56754880606612,0
b2AR-decoy_180,CC(C)CN(C[C@@H](O)[C@H](Cc1ccccc1)NC(=O)O[C@H]1CO[C@H]2OC[C@H](OCC(=O)NCc3ccccc3)[C@@H]12)S(=O)(=O)c1ccc(N)cc1,-3.565001884925171,0
b2AR-decoy_2116,Cc1ccc(Nc2nnc(Sc3ccc(S(N)(=O)=O)cc3)s2)cc1,-3.560263040283992,0
b2AR-decoy_498,Cc1cc(C)c(C(=O)/C=C/c2ccc(O)c(O)c2)c(C)c1,-3.5583720767101865,0
b2AR-decoy_2169,Cc1ccc(c2csc(N/N=C/c3ccc(N4CCCC4)cc3)n2)cc1,-3.557233849877533,0
b2AR-decoy_3077,COc1ccc(n2nnc(/C=C\C=C\N3c4ccccc4Sc4ccc(Cl)cc43)n2)cc1,-3.5556181912683664,0
b2AR-decoy_1963,CCCS(=O)(=O)Nc1ccc(Oc2ccc(F)cc2F)c(c2cn(C)c(=O)c3[nH]ccc32)c1,-3.55453304469638,0
b2AR-decoy_1756,COc1cc(/C=N\Nc2nc(c3ccc(C)cc3)c(NC(C)=O)s2)ccc1O,-3.554422447171023,0
b2AR-decoy_691,Cc1ccc(C)c(c2ccc(Cl)c(Cl)c2)c1/C=C/[C@@H]1C[C@@H](O)CC(=O)O1,-3.55340456945392,0
b2AR-decoy_2782,O=C(c1ccc(N2CCN(c3cccc(Cl)c3Cl)CC2)cc1)C1CC1c1ccc(Cl)cc1,-3.5531481727181573,0
b2AR-decoy_143,O=S1(=O)C=C(SCc2ccc(Cl)c(Cl)c2)Nc2ccccc21,-3.5531400887436257,0
b2AR-decoy_554,CC(C)OC(=O)c1c(N)scc1c1ccc2c(c1)OCO2,-3.553068198726018,0
b2AR-decoy_2021,C=CC(C)(C)c1c(O)cc(OC)c2cc(c3ccc(O)cc3O)c(=O)oc12,-3.5529524419932,0
b2AR-decoy_2570,C[C@H]1C[C@H]([C@@H](C)[C@H]2CC[C@H]3[C@@H]4CCC5=CC(=O)C=C[C@]5(C)[C@H]4CC[C@@]32C)OC(=O)[C@@H]1C,-3.550933149036453,0
b2AR-decoy_2930,C#C[C@@H](OC(=O)[C@@H]1[C@H](C=C(Br)Br)C1(C)C)c1cccc(Oc2ccccc2)c1,-3.5505131296413914,0
b2AR-decoy_1117,CCCCc1nnc(C2=C(C)Nc3ccnn3C2c2ccc(Cl)c(Cl)c2)o1,-3.550481914722488,0
b2AR-decoy_1922,Cn1cc(c2ccncc2)c(c2ccc(OCc3ccc4cc(CF)ccc4n3)cc2)n1,-3.5496084344882965,0
b2AR-decoy_14,COc1ccc(/N=C\c2oc3ccc4ccccc4c3c2O)cc1,-3.549445357927297,0
b2AR-decoy_3018,COc1ccc2[nH]c(C(=O)N3CC(=O)N(Cc4ccc[nH]4)[C@@H](Cc4ccccc4)C3)cc2c1,-3.548034955434521,0
b2AR-decoy_3049,O=S1(=O)[C@@H](c2ccccc2)c2c(c(c3ccccc3)sc2c2ccccc2)[C@H]1c1ccccc1,-3.547130968728906,0
b2AR-decoy_3081,CC#C[C@]1(O)CC[C@H]2[C@@H]3CCC4=CC(=O)CCC4=C3[C@@H](c3ccc(SC)cc3)C[C@@]21C,-3.5468933281594017,0
b2AR-decoy_1646,O=C(C/C=N\OCc1c(Cl)cccc1Cl)Oc1ccc(Cl)cc1Cl,-3.539850903393829,0
b2AR-decoy_3031,O=C(COc1ccc(C(=O)c2ccccc2)cc1)NCC(=O)Nc1ccccc1Br,-3.539169488297668,0
b2AR-decoy_1507,COc1c(O)cc2oc3cc(O)c(CC=C(C)C)c(O)c3c(=O)c2c1CCC(C)(C)O,-3.539003926103681,0
b2AR-decoy_1272,CCc1ccccc1OCc1ccccc1C(=NOC)c1ccon1,-3.538422973410474,0
b2AR-decoy_1836,C=C1C(=O)[C@@]23[C@@H]([C@@H](O)C[C@@H]1[C@H]2O)[C@]12CCCC(C)(C)[C@H]1C[C@H]3O[C@@H]2OCCn1cc(CCCCC)nn1,-3.5381428359050986,0
b2AR-decoy_1199,CC(C)(C)c1ccc(OCc2ccccc2)c(/C=C2\SC(=O)NC2=O)c1,-3.53805329024233,0
b2AR-decoy_2086,N#Cc1ccc(Oc2ccc3nc(C(=O)NCc4cccs4)ccc3c2)cc1,-3.5379866217952967,0
b2AR-decoy_1660,CCC(C)C(=O)OC1c2c(ccc3ccc(=O)oc23)OC(C)(C)C1OC(=O)C(C)CC,-3.537513091204083,0
b2AR-decoy_2936,COc1ccc(/C=C/C2=CC3(C)CC2(C)C(c2ccc(OC)cc2)CC3=O)cc1,-3.5350800448934185,0
b2AR-decoy_1148,C=C1CCC[C@@H]2[C@]1(C)CC[C@H](C)[C@@]2(C)CC/C(C)=C/C[C@H]1OC(=O)C=C1CO,-3.534911533515495,0
b2AR-decoy_2648,Cc1cc(C(=O)CSc2nnc(c3ccc(OC(F)F)cc3)o2)c(C)n1Cc1cccs1,-3.53283792909694,0
b2AR-decoy_1970,CCN(CC(=O)Nc1c(F)cccc1F)C(=O)CCc1nc(O)c2c3c(sc2n1)CCCC3,-3.532804680292306,0
b2AR-decoy_1552,COc1ccc(CCCO[C@@H](Cn2ccnc2)c2ccc(OC)cc2)cc1,-3.53222499749059,0
b2AR-decoy_871,CC(C)/C=N/Nc1nc(c2ccc(Br)cc2)cs1,-3.532110417286668,0
b2AR-decoy_920,COc1cccc(SC/C(=N\O)c2cc(Cl)sc2Cl)c1C,-3.531941162288762,0
b2AR-decoy_1024,CCN(Cc1cccs1)C(=O)COc1ccc(Cl)cc1,-3.53189060478203,0
b2AR-decoy_242,CC(C)c1ccc(c2c(NS(=O)(=O)NCc3ccccc3)ncnc2OCCOc2ncc(Br)cn2)cc1,-3.530800579352062,0
b2AR-decoy_101,C[C@]12CC[C@@H](O)C[C@@H]1CC[C@@H]1[C@@H]2[C@@H](OCc2ccccc2)C[C@@]2(C)[C@H]1CC[C@@]21CO1,-3.530736501372563,0
b2AR-decoy_2975,COc1ccc(c2csc(C3=C(C)[C@@H]4CC[C@@H](C)[C@@H]5CC[C@@]6(C)OO[C@@]45[C@H](O3)O6)n2)cc1,-3.528823377267983,0
b2AR-decoy_1708,C/C(=N\NC(=S)Nc1ccccc1F)c1ccc([N+](=O)[O-])cc1,-3.5283922809795123,0
b2AR-decoy_1717,CC(C)(C)C(NC(=O)c1cc(OCC(F)(F)F)c(C2CC2)cn1)c1nccs1,-3.5271426125470198,0
b2AR-decoy_2483,CCc1nnc(SCc2c(F)cccc2Cl)c2cc3sccc3n12,-3.5271089062961343,0
b2AR-decoy_3088,Cn1cncc1C(OCc1ccc(C#N)cc1)c1ccc(C#N)c(c2cccc(Cl)c2Cl)c1,-3.5265004520154632,0
b2AR-decoy_1558,C=CC[C@@H]1C=C[C@H](O/N=C2\c3cc(OC)ccc3O[C@H](c3cccc(OC)c3)[C@H]2O)[C@H](CO)O1,-3.5262897395676824,0
b2AR-decoy_687,CCCOC1Oc2ccc(Cl)cc2-c2ccc3c(c21)C(C)=CC(C)(C)N3,-3.525563996020576,0
b2AR-decoy_1383,C=CCN1C(=O)/C(=N/c2ccc(Cl)c(Cl)c2)c2ccccc21,-3.525473469200775,0
b2AR-decoy_3008,C[C@H](CO)CCC[C@@H](C)[C@H]1CC(=O)C2=C3C[C@H](O)[C@H]4[C@@H](O)[C@@H](O)CC[C@]4(C)[C@H]3CC[C@@]21C,-3.524929904730348,0
b2AR-decoy_3009,Cc1nn(c2ccc(C#N)c(Cl)c2)c(C)c1Cc1ccc(C(=O)NCC(C)(C)O)cc1,-3.5239860497935056,0
b2AR-decoy_1892,O=[N+]([O-])c1ccc2c3ccc([N+](=O)[O-])c4ccc5ccc6ccc1c2c6c5c43,-3.5238603106874145,0
b2AR-decoy_2379,CC(C)C(=O)c1c(O)cc(O)c2c1O[C@@]1(C)CC[C@@H](C(C)(C)O)[C@@H]2[C@H]1O,-3.5233841602405995,0
b2AR-decoy_1290,COc1nn(C)c(C(F)(F)F)c1Cc1ccc(SC)cc1,-3.520088278109965,0
b2AR-decoy_2513,COc1ccc(Oc2cc(C)c(c3csc(NC(=O)c4ccncc4)n3)c(C)c2)cc1,-3.5200835142040967,0
b2AR-decoy_2539,CC(C)Cn1nc(C(C)(C)C)s/c1=N\C(=O)c1cc(C(F)(F)F)ccc1ONC(C)(C)C,-3.5198594734284137,0
b2AR-decoy_377,N#CC1=C(N)Oc2ccc3ccccc3c2C1c1ccc2c(c1)OCO2,-3.518094524021373,0
b2AR-decoy_1105,CCOc1ccc2nc(/N=C/c3c(C)nn(c4ccc(C)cc4)c3O)sc2c1,-3.5174933254145544,0
b2AR-decoy_1402,Nc1c(C(F)(F)F)n[nH]c1O,-3.517226849958669,0
b2AR-decoy_1663,Cc1nc(C#Cc2cncc(Oc3cccnc3)c2)cs1,-3.5166107459752363,0
b2AR-decoy_1056,CCN(Cc1nc(c2ccc(OC)cc2)no1)C(=O)c1ccoc1C,-3.5165811382310928,0
b2AR-decoy_707,Oc1cccc2ccc(/C=C/c3ccc(c4cccc(Br)c4)o3)nc12,-3.516186409588343,0
b2AR-decoy_650,COc1ccc(c2cc(C3(C)CCc4c(C)c(O)c(C)c(C)c4O3)on2)cc1,-3.515606599286028,0
b2AR-decoy_670,CC1=CCC[C@@H]2[C@]1(C)CC[C@H](C)[C@@]2(C)Cc1cc(N2CCCC2=O)ccc1O,-3.51492693114439,0
b2AR-decoy_2742,Cc1nc(NC(C)c2cccc(c3cnn(C)c3)c2)cc(c2ccc(C(C)C)cc2)n1,-3.5149146082414817,0
b2AR-decoy_783,CC(C)(C)SC[C@H]1N=C(c2ccccc2)c2ccccc2NC1=O,-3.514236059825072,0
b2AR-decoy_932,COc1ccc2nc(N=Nc3ccc(O)c4ccccc34)sc2c1,-3.513223094796728,0
b2AR-decoy_1345,Cc1nc(C(F)(F)F)c(/C=C/C=C/C(=O)/C=C/c2ccccn2)s1,-3.512175465010403,0
b2AR-decoy_2252,Cc1cc(c2ccccc2)n2ncc(C(=O)Nc3ccccc3Sc3ccccc3)c2n1,-3.511116871557633,0
b2AR-decoy_1085,O=C1Oc2ccc(c3ccccc3)cc2C(=O)/C1=N/Nc1c(Cl)cccc1Cl,-3.510743526342691,0
ASD03130062,Fc1ccc(Nc2nc(NC3CCNCC3)c3ccccc3n2)cc1Cl,-3.510381482108956,1
b2AR-decoy_328,CCCc1cc(=O)oc2cc(c3cc4ccccc4s3)cc(O)c12,-3.5097272236100685,0
b2AR-decoy_2434,C/C(=N\OC(=O)c1cccnc1)[C@H]1CC[C@H]2[C@@H]3CCC4=CC(=O)CC[C@]4(C)[C@H]3CC[C@]12C,-3.5095473615304207,0
b2AR-decoy_207,COc1cc(C(=O)NS(=O)(=O)c2ccccc2C)ccc1Cn1cc(CCC(=O)N2CCOCC2)c2ccc(C(=O)NCC3CCCC3)cc21,-3.50905697330158,0
b2AR-decoy_1302,COc1cccnc1C(=O)/C=C/c1ccccc1C(F)(F)F,-3.508733526749679,0
b2AR-decoy_2628,Cn1cncc1C(OCc1ccc(C#N)cc1c1cccc2ccccc21)c1ccc(C#N)cc1,-3.5087098836914072,0
b2AR-decoy_31,CC(C)(C)OC(=O)N[C@H](C(=O)OC(C)(C)C)c1ccc2ccccc2c1,-3.508326219871799,0
b2AR-decoy_1924,CSCSC1=C2CCC3C4CCC(=O)[C@@]4(C)CCC3[C@@]2(C)CCC1=O,-3.50796059119678,0
b2AR-decoy_890,Clc1cncc(Cl)c1N/N=C/c1ccccc1c1ccccc1,-3.505280467904348,0
b2AR-decoy_2951,O=C(CCc1nnc(c2ccc(Cl)cc2)o1)c1ccc(c2ccccc2)cc1,-3.5052220842550117,0
b2AR-decoy_66,CC(C)(C)[C@H](C(=O)Nc1ncc(Br)s1)c1ccc(Cl)cc1,-3.5051754114604696,0
b2AR-decoy_604,CC(C)c1ccc(OCC(=O)Nc2ccccc2C(F)(F)F)cc1,-3.5033024789797045,0
b2AR-decoy_58,Brc1ccc(CSc2nnc(Cc3c[nH]c4ccccc34)o2)cc1,-3.502376061340096,0
b2AR-decoy_2407,O=c1c2ccccc2oc(c2ccco2)c1c1c(=O)c2ccccc2oc1c1ccco1,-3.502335176133064,0
b2AR-decoy_117,CCC(C)(CC)CN1C(=O)S/C(=C\c2ccc(O)c(C(F)(F)F)c2)C1=O,-3.5006291453172453,0
b2AR-decoy_779,CCSc1sc(c2cc[nH]n2)c2c1C(=O)CC(C)(C)C2,-3.4991008651803006,0
b2AR-decoy_929,CCOc1nn(c2ccc(Cl)cc2)c(O)c1/C=N/c1ccc(Cl)cc1,-3.49907245000765,0
b2AR-decoy_1659,CCCCc1cn(C[C@H]2CN(c3ccc4c(c3)Oc3ccccc3O4)C(=O)O2)nn1,-3.499070427490905,0
b2AR-decoy_545,Cc1ccc(C2C(C#N)=C(N)OC3=C2C(=O)CC(C)(C)C3)cc1,-3.4989284860847976,0
b2AR-decoy_1281,COc1ccc(C(=O)C(OC(=O)c2ccc(F)cc2)c2ccc(OC)cc2)cc1,-3.4987004338951837,0
b2AR-decoy_717,CC(C)=CCc1cc(C2CC(=O)c3c(O)cc(O)cc3O2)cc(CC=C(C)C)c1O,-3.498309284247648,0
b2AR-decoy_392,NS(=O)(=O)c1ccc(C2=C(c3ccc(F)c(F)c3)CC3(CC3)C2)cc1,-3.498197323250488,0
b2AR-decoy_134,CC(=O)N[C@@H](C)/C=C/c1ccc(Oc2cc3sc(C)nc3cc2Cl)nc1,-3.497662140259812,0
b2AR-decoy_1289,CCCC/C(=N\O)c1cc(c2ccc(OC)c(F)c2)ccc1O,-3.497568095263932,0
b2AR-decoy_2528,COc1ccc(c2nc3sc(C)nn3c2/C=N/Nc2nc(c3ccc(C)cc3)cs2)cc1,-3.497173072055022,0
b2AR-decoy_11,COc1ccc2[nH]cc(/C(C#N)=C/c3cccc4cnccc34)c2c1,-3.49678060785604,0
b2AR-decoy_618,Cc1ccc(c2cc(NC(=O)C(C)Oc3ccc(C)c(C)c3)on2)cc1,-3.4963235922927725,0
b2AR-decoy_1407,CC1(C)C(C(N)=O)C1(Cl)Cl,-3.4936231471658354,0
b2AR-decoy_998,CCCOC(=O)[C@]12CC[C@@]3(C)CC[C@@](C)(O)C=C[C@H]3[C@@H]1CC[C@@H]2C(C)C,-3.49351453744244,0
b2AR-decoy_91,Cc1ccc(c2csc(/C(C#N)=C/Nc3ccccc3SC(F)(F)F)n2)cc1,-3.49335937547468,0
b2AR-decoy_1210,CSc1cnc(NC(=O)[C@H](c2ccc(Cl)cc2)C(C)(C)C)s1,-3.491416272422165,0
b2AR-decoy_2855,Cc1ccc2cccc(OCc3cccc(COc4cccc5ccc(C)nc45)c3)c2n1,-3.490290849112912,0
b2AR-decoy_1343,CCn1c(SCc2c(F)cccc2Cl)nnc1c1ccco1,-3.489722443601773,0
b2AR-decoy_1716,Cc1oc2c(c1C(=O)c1ccccc1)C(=O)c1ccccc1C2=O,-3.4896442386843987,0
b2AR-decoy_2420,C(=C(c1nc2ccccc2s1)c1nc2ccccc2s1)c1ccccn1,-3.489603211243942,0
b2AR-decoy_1909,O=C(O[C@H]1CCC(=C2SCCCS2)[C@H]1C1SCCCS1)c1ccccc1,-3.4891362700975197,0
b2AR-decoy_462,Cc1cc(C(=O)NN=Cc2c(C)[nH]c3ccccc23)c(C)o1,-3.488274049331208,0
b2AR-decoy_1200,COc1cc(O)c(C(=O)C(C)C)c2c1[C@H]1[C@@H](O2)C(C)=CC[C@@H]1C(C)C,-3.4877682409905058,0
b2AR-decoy_1026,COc1ccc(CS/C=C/C[S+]([O-])Cc2ccc(OC)cc2)cc1,-3.4869388952858515,0
ASD03130047,CC1CCCC(Nc2nc(NC3CCCCC3)c3ccccc3n2)C1,-3.4861834324828487,1
b2AR-decoy_508,O=C(/C=C\Nc1ccccc1O)C(Cl)(Cl)Cl,-3.485239029485373,0
ASD03130066,Fc1ccc2nc(Nc3ccc(F)c(F)c3)nc(NC3CCCCC3)c2c1,-3.484983586437459,1
b2AR-decoy_2441,COC(=O)[C@]1(C)CCC[C@@]2(C)C1CC[C@]13C=C(C(C)C)[C@H](CC21)CC3(Cl)C#N,-3.484053159557567,0
b2AR-decoy_2976,O=C(SCCc1ccc(CO)cc1)SCc1ccc(Cl)cc1Cl,-3.484040285235154,0
b2AR-decoy_3112,C[C@H](CCCC(C)(C)O)[C@H]1CC[C@H]2/C(=C\C=C3C[C@@H](O)C(O)(CF)[C@H](O)C3)CCC[C@@]21C,-3.4827812207691258,0
b2AR-decoy_1981,CCCCOC(=O)NCc1nc(c2nc(C)cs2)c(c2ccc3ncsc3c2)[nH]1,-3.481770541661413,0
b2AR-decoy_1405,NC(=O)c1cc(=S)ss1,-3.481666828914102,0
b2AR-decoy_607,CCCc1cc(F)c2oc(Cc3ccc(OC)cc3)c(C)c2c1O,-3.481485991605081,0
b2AR-decoy_89,CC(=O)c1c(O)c(CC=C(C)C)c2c3c1OC1(C)CCC(C3C1)C(C)(C)O2,-3.4811456742891336,0
b2AR-decoy_151,COc1c(C)c2c(c(O)c1C/C=C(\C)CCC(=O)NCCCCCCNc1ccc([N+](=O)[O-])c3[nH]c4ccccc4c(=O)c13)C(=O)OC2,-3.479954009097939,0
b2AR-decoy_2710,CCOc1c(Cl)cccc1c1ccc([C@@H](C)NC(=O)C2(NC(=O)C(F)(F)F)CC2)c(F)c1,-3.479452636969832,0
b2AR-decoy_1184,CSCSC1=C(C#N)C(c2ccccc2Cl)C(C(C)=O)=C(C)N1,-3.477301619254495,0
b2AR-decoy_1316,CCc1cc(Oc2ccc([N+](=O)[O-])cc2C#N)ccc1Cl,-3.477281079309307,0
b2AR-decoy_1830,O=C(COC(=O)c1ccccc1NS(=O)(=O)c1cccs1)NCC12CC3CC(CC(C3)C1)C2,-3.4771552550802243,0
b2AR-decoy_3050,Fc1cc(C2=Nn3c(nnc3c3cc(F)c(Cl)cc3Cl)SC2)c(Cl)cc1Cl,-3.4765398244396337,0
b2AR-decoy_2312,COc1c(CC=C(C)C)c(O)cc2oc(=O)c(c3ccc(O)cc3O)cc12,-3.4764113240737,0
b2AR-decoy_2085,CCCOc1cc2c(cc1C(=O)/C=C/c1ccc(OC)c(O)c1)OCS2,-3.476352141109151,0
b2AR-decoy_347,CC(=O)O[C@H](C/C(C)=C/CO)[C@]1(C)[C@H]2CCCC(C)(C)C2=CC[C@H]1C,-3.473048613489196,0
b2AR-decoy_600,Cc1ccsc1/C=N/Nc1nc(Cl)c(Cl)cc1Cl,-3.4725772820544174,0
b2AR-decoy_1422,CC1(C)C(O)OC(O)C1(C)C,-3.4723137027614266,0
b2AR-decoy_65,CC(C)=CCC[C@H](C)[C@H]1CC[C@]2(C)C[C@H]3[C@H](C(=O)C[C@@]3(C)O)C(C=O)=CC[C@@H]12,-3.471313105542665,0
b2AR-decoy_2535,COc1ccc(C(=O)/C=C/C2=C/C(=C/NC(C)C)C(=O)c3ccc4c(C)cc(=O)oc4c32)cc1,-3.471069021795941,0
b2AR-decoy_1463,O=S(=O)([O-])c1cc(O)ccc1O,-3.470594931371039,0
b2AR-decoy_358,Oc1c(Cl)cc(Cl)cc1/C=N/c1ccccc1N1CCCC1,-3.4704365733170683,0
b2AR-decoy_688,CC(C)c1ccccc1Sc1c(O)cc(c2cccc(N(C)C)c2)oc1=O,-3.470340311230904,0
b2AR-decoy_2984,Fc1cc(F)cc(c2ccc(CSc3nnc(c4ccc5c(c4)OCO5)o3)cc2)c1,-3.469998624791128,0
b2AR-decoy_3051,COc1ccc2cc(c3cn(Cc4nc(c5ccccc5)c(c5ccccc5)o4)nn3)ccc2c1,-3.468920466488278,0
b2AR-decoy_2013,NS(=O)(=O)c1ccc(N/N=C/c2ccc(N3CCCCC3)cc2)cc1,-3.468507173048239,0
b2AR-decoy_2690,C#CCOC(=O)c1ccc(O)c(NC(=O)COc2ccc(C34CC5CC(CC(C5)C3)C4)cc2)c1,-3.4673099373216885,0
ASD03130068,Cc1ccc2nc(Nc3ccc(F)c(F)c3)nc(NC3CCCCC3)c2c1,-3.4669918288847734,1
b2AR-decoy_2736,C[C@](O)(c1ccc(C(=O)N(C2CC2)[C@H]2CC[C@](C#N)(c3ccccc3)CC2)cc1)C(F)(F)F,-3.465493796278796,0
b2AR-decoy_2492,Cc1nc2cc(OC(=O)N(C)Cc3cccc(c4ccncc4)c3)ccc2s1,-3.4653882560801903,0
b2AR-decoy_1317,COc1cc(OC)cc(/C(C#N)=C/c2ccccc2F)c1,-3.464389646415417,0
b2AR-decoy_695,C=C1/C(=C\C=C2/CCC[C@@]3(C)[C@H]2CC[C@@H]3C(C)(C)CC)C[C@@H](O)/C(=C\CCO)[C@@H]1O,-3.4637950429624844,0
b2AR-decoy_85,CC(C)c1cc(C(C)(C)C)cc(c2ccc(F)cc2)c1OCC1C[C@@H](O)CC(=O)O1,-3.4603254065373923,0
b2AR-decoy_2167,Cc1ccc(C(=O)/C=C/c2cc(C)c(O)c(/C=N/c3nccs3)c2)cc1,-3.459700855161265,0
b2AR-decoy_1782,CC(=O)N[C@@H](C)c1ccc(OC2CCN(c3ccc(OCC(C)(C)F)cc3)C2)cc1,-3.45662600826689,0
b2AR-decoy_1932,CC(C)[C@@H](C)/C=C/[C@@H](C)[C@H]1CC[C@H]2C3=CC(=O)[C@@]4(O)C[C@@H](O)CC[C@]4(C)[C@H]3CC[C@@]21C,-3.456536623444658,0
b2AR-decoy_2900,CC(C)(C)C(=O)N(CCc1ccsc1)C[C@@H]1CSC(c2ccccc2)N1C(=O)c1ccccc1,-3.4563142878364914,0
b2AR-decoy_1271,CCc1nnc2n1N=C(c1ccc(c3cc(Cl)ccc3Cl)o1)CS2,-3.456052575303016,0
b2AR-decoy_3179,Cc1ccc(OP2(=S)OCc3cc(C(C)C)ccc3O2)c(C(C)C)c1,-3.4536984749174544,0
b2AR-decoy_1220,CCSc1cc(C2C3=C(O)CCCC3=NC(C)=C2C(=O)OC)c(C)o1,-3.453515516216791,0
b2AR-decoy_1567,CO[C@H]1/C=C/CC/C=C/C(=O)O[C@@H](/C(C)=C/[C@H](C)C(=O)CCCC2CC(=O)NC(=O)C2)[C@@H](C)[C@@H]1O,-3.4534060555598414,0
b2AR-decoy_3170,c1ccc(COc2cc(OCc3ccccc3)c3c(c2)occ3c2ccccc2)cc1,-3.453351158367103,0
b2AR-decoy_2259,Oc1ccc(c2ccc(c3c(Cc4ccc(O)cc4O)sc4ccccc43)cc2)cc1,-3.453272035719472,0
b2AR-decoy_1380,CCC1CCC(c2nnc(c3ccc(Br)cc3)o2)CC1,-3.452922622049517,0
b2AR-decoy_2831,Clc1ccc(c2nc3occn3c2/C=N/OCc2ccc(Cl)c(Cl)c2)cc1,-3.4526920822738023,0
b2AR-decoy_2494,CCCCCc1cc2c(c(N(C)C)c1)C1=C(CCC(C)C1)C(C)(C)O2,-3.452588420988125,0
b2AR-decoy_1722,CC(=O)Nc1cc(C(=O)N(C)Cc2ccco2)ccc1Sc1ccc(C)cc1,-3.4518166098778837,0
ASD03130053,c1ccc2c(NC3CCCCC3)nc(Nc3ccc(OCCCN4CCOCC4)cc3)nc2c1,-3.451627529839506,1
b2AR-decoy_997,Cc1ccc(c2cc(O)c(Sc3ccccc3C(C)C)c(=O)o2)cc1,-3.451558966604284,0
b2AR-decoy_1099,CO/C(O)=C1\C(C)=NC(C)=C(C(=O)OCC(C)C)C1c1ccccc1C(F)(F)F,-3.4511591851958383,0
b2AR-decoy_1265,Cc1nnc(SCC(=O)N(Cc2ccccc2)C(C)C)n1c1ccccc1,-3.450276535888007,0
b2AR-decoy_2179,CCC(C)Sc1nc(O)c(C)c(Cc2c(Cl)cccc2Cl)n1,-3.449367310028235,0
b2AR-decoy_789,O=C(N/N=C/C1=C(Cl)c2ccccc2CCC1)c1ccccc1,-3.449350792264548,0
b2AR-decoy_2336,O=C(NNC(=S)NCc1ccc(Cl)cc1)c1ccc(Br)o1,-3.448066704075868,0
b2AR-decoy_208,CC(C)(C)OC(=O)CCCCNC(=O)[C@H](CCCCN1C(=O)c2ccccc2C1=O)NC(=O)CI,-3.4464896917870567,0
b2AR-decoy_2906,N#Cc1cc(Cl)cc(Oc2cc(OCc3n[nH]c(c4ccncc4)c3Cl)ccc2Cl)c1,-3.446026086615779,0
b2AR-decoy_895,Cc1cc(Cl)c2ccc(Cl)cc2c1CCC1C[C@@H](O)CC(=O)O1,-3.445983937445333,0
b2AR-decoy_561,Cc1c(CO)c(CO)c2n1[C@H](c1ccccc1)SC2(C)C,-3.444841964569721,0
b2AR-decoy_2097,C/C(=N\NC(=S)NCCc1c[nH]c2ccccc12)c1ccc(Cl)cc1,-3.444800177238259,0
b2AR-decoy_1243,Cc1nc(c2cccnc2)sc1c1nnc(c2cccc(Cl)c2Cl)o1,-3.4441818522481134,0
b2AR-decoy_1278,CC1=CC(=O)[C@@H]2C(C)(C)C(=O)CC[C@@]2(C)[C@@H]1COc1ccc2ccc(=O)oc2c1,-3.4439012572103422,0
b2AR-decoy_421,C/C(=N/Nc1ncnc2sc(C)c(C)c12)c1ccccc1O,-3.443855127298023,0
b2AR-decoy_1644,CC(=O)N[C@@H](C)c1ccc(OC2CCN(c3ccc(OC(C)C)cc3C)C2)cc1,-3.4438525726985367,0
b2AR-decoy_1692,CC(=C/c1ccco1)/C=N/N1CCN(c2ccccc2)CC1,-3.4428333606587245,0
b2AR-decoy_3161,Clc1ccc(CO/N=C/c2c(c3ccc4ccccc4c3)nc3occn23)cc1Cl,-3.43952456784354,0
b2AR-decoy_579,COc1cc(O)c2cc(c3cc(OC)cc(O)c3C)oc2c1,-3.4392138865363946,0
b2AR-decoy_1810,O=S(=O)(Oc1cccc(OCCc2cccc(O)c2)c1)c1cccc(Cl)c1Cl,-3.439051012023685,0
b2AR-decoy_1003,C=C[C@]12CC[C@H]3[C@@](C)(CCC[C@@]3(C)C(=O)OCC)[C@@H]1CC[C@](C)(CO)C2,-3.437314475095927,0
b2AR-decoy_493,CCOc1ccc(c2cc(=O)c3c(O)cc(O)cc3o2)cc1,-3.437153285708752,0
b2AR-decoy_2016,CC1(C)CC=C(c2cc(CCO)ccc2NC(=O)c2nc(C#N)c[nH]2)CC1,-3.4369758230273475,0
b2AR-decoy_15,Cc1sc(NC(=O)/C=C/c2ccc(C(C)C)cc2)c(C#N)c1C,-3.436338986940473,0
b2AR-decoy_2408,O=C(/C=C/C1=Cc2cc(Cl)ccc2OC1)c1ccc(Cl)cc1Cl,-3.4359531668621224,0
b2AR-decoy_2503,CCN(c1ccc(C#N)c(Cl)c1)c1cc(c2ccoc2)ccc1C,-3.4344744426121507,0
b2AR-decoy_1606,O=C(NCC1CN(c2ccc(NS(=O)(=O)CCCCl)cc2)C(=O)O1)c1ccc(Cl)s1,-3.4343908246342245,0
b2AR-decoy_1795,O=C1/C(=C/c2ccco2)SC(=S)N1CCCCNc1ccnc2cc(Cl)ccc12,-3.433687374208265,0
b2AR-decoy_583,O=C(Nc1c(Cl)cccc1Cl)c1csc(c2cccnc2)n1,-3.4322723204025656,0
b2AR-decoy_441,C=C1CC[C@@H]2O[C@@]2(C)CC[C@@H](C(C)C)/C=C/[C@](C)(O)CC[C@H]1O,-3.431099017293056,0
b2AR-decoy_825,[C-]#[N+]c1cccc(c2cccnc2Oc2ccc(Nc3ccccn3)cc2)c1,-3.430734688190335,0
b2AR-decoy_715,CCC(=O)C1=C(CC)NC2=C(C(=O)CC(C)(C)C2)C1c1ccc(c2ccccc2)cc1,-3.4305343224556992,0
b2AR-decoy_317,C/C(=N\NC(N)=S)c1sc(c2ccccc2)c(c2ccccc2)c1C,-3.429326515944363,0
b2AR-decoy_1971,COc1ccc(/C=C(\NC(=O)c2ccccc2)C(=O)N/N=C/c2sccc2C)cc1,-3.4278048251576667,0
b2AR-decoy_3033,Cc1c(NC(=O)/C(=C\c2ccccc2)NC(=O)c2ccccc2)c(=O)n(c2ccccc2)n1C,-3.4276345549021494,0
b2AR-decoy_264,C[C@@H]1CCCCO[C@@H](CN(C)S(=O)(=O)c2ccc(F)cc2)[C@H](C)CN([C@H](C)CO)C(=O)c2cc(NS(=O)(=O)c3ccc(Cl)cc3)ccc2O1,-3.4271350297724767,0
b2AR-decoy_818,COc1cc(C(=O)OCC2=CC[C@@]3(C)CCC(C(C)C)=C3CC2)ccc1O,-3.4261414912480483,0
b2AR-decoy_3133,CCc1ccc(c2ccc(C(=O)NCC(=O)NCc3ccccc3C(F)(F)F)cc2)cc1,-3.4255095602425616,0
b2AR-decoy_812,CCCCCc1cc(NC(N)=O)c2c(c1)OC(C)(C)[C@@H]1CCC(C)=C[C@@H]21,-3.423912762417673,0
b2AR-decoy_459,C/C(=N\NC(=S)NC(C)C)c1ccc(C(C)(C)C)cc1,-3.4230951351727392,0
ASD03130060,Clc1ccc(Nc2nc(NC3CCCCC3)c3ccccc3n2)cc1Cl,-3.4204380645681747,1
b2AR-decoy_484,Cc1cc(C(=O)N/N=C/c2c[nH]c3ccccc23)c(C)o1,-3.420138250595631,0
b2AR-decoy_1473,C[C@@H]1CC[C@@H](O)/C=C/[C@@H](O)CC(=O)O1,-3.4199934873941045,0
ASD03130035,Clc1ccc(Nc2nc(NC3CCCCC3)c3ccccc3n2)cc1,-3.4196988803401083,1
b2AR-decoy_1979,COc1cc(C(CC=C(C)C)SC(=O)c2cccs2)c(OC)c2c1/C(=N/O)C=C/C2=N\O,-3.417453752012892,0
ASD03130028,Nc1nc(Nc2ccccc2)nc2ccc(Cl)cc12,-3.416701608051716,1
b2AR-decoy_3076,CO/N=C(/c1ccc(Cl)cc1)c1ccccc1Oc1ccc(C(F)(F)F)cc1,-3.4162739236928727,0
b2AR-decoy_2289,COc1cc(O)c(Cc2ccc(O)cc2)c2c1-c1ccc(O)c(CC=C(C)C)c1CC2,-3.416111431324294,0
b2AR-decoy_1121,CC1=CC[C@@H]2[C@@H](C1)c1c(O)cc(C(C)(C)C(=O)OCCCC#N)cc1OC2(C)C,-3.4143308193456434,0
b2AR-decoy_1190,COc1cc2oc(c3ccc(O)cc3)cc(=O)c2cc1CC=C(C)C,-3.4140202171778307,0
b2AR-decoy_1715,CN(C)C(=O)CSc1ncnc2scc(c3ccccc3)c12,-3.413509049614696,0
b2AR-decoy_1145,CC(=O)NCCc1ccc(OC2C=CCC(C)(C)C2)cc1c1cccc(F)c1,-3.4127639180704663,0
b2AR-decoy_2422,CCC=C(c1cc(Cl)ccc1OCc1ccc(Cl)cc1Cl)n1ccnc1,-3.41228257573144,0
b2AR-decoy_2987,O=C(OCC#CCSc1nnc(c2cccc3ccccc32)o1)c1cc2ccccc2s1,-3.4120354135523043,0
b2AR-decoy_2995,O=C(CSc1nnc(CNC(=O)c2cccs2)o1)Nc1ccccc1C(F)(F)F,-3.41194405250754,0
b2AR-decoy_746,CCOc1ccc(Br)cc1/C=C/C(=O)c1ccccc1O,-3.4119297764558865,0
b2AR-decoy_2100,COc1ccc([C@H]2O[C@@H](c3ccc(OC)cc3)[C@H](C)/C(=N/NC(N)=S)[C@H]2C)cc1,-3.411781725422234,0
b2AR-decoy_1399,O=C1CS/C(=C/c2cnc[nH]2)N1,-3.4104669979150786,0
b2AR-decoy_1815,COc1ccc2c(Oc3ccc(CC(=O)Nc4ncc(C)s4)c(OC)c3)ccnc2c1,-3.409501137487914,0
b2AR-decoy_1303,CSc1ncccc1C(=O)OCc1c(F)cccc1Cl,-3.4092976483499866,0
b2AR-decoy_1543,CCOC(c1ccc2c(c1)OCCO2)C(SC(C)(C)C)n1ccnc1,-3.407961511224285,0
b2AR-decoy_900,CC(C)=NNc1nc(c2ccc(c3ccccc3)cc2)cs1,-3.407818878471067,0
b2AR-decoy_542,CC(C)(C)c1cc(c2nnc(O)s2)cc(C(C)(C)C)c1O,-3.407560104064977,0
b2AR-decoy_2381,NS(=O)(=O)c1ccc(CNC(=O)/C=C/c2ccc(Cl)c(Cl)c2)cc1,-3.406924930124802,0
b2AR-decoy_2377,CC(C)(C)C1CCC(C(=O)NCCc2ccc(S(N)(=O)=O)cc2)CC1,-3.406816329919603,0
b2AR-decoy_1188,COc1cccc(c2sc3ccc(OC)cc3c2C#CCC(C)O)c1,-3.4049983749091712,0
b2AR-decoy_974,COc1cc(/C=C/C(=O)OC2CC3CCC2(C)C3(C)C)cc(Cl)c1O,-3.403716736411235,0
b2AR-decoy_2450,CCc1cncc(C2=CC[C@H]3[C@@H]4CC[C@H]5C[C@@H](OC)CC[C@]5(C)[C@H]4CC[C@]23C)c1,-3.400610535348457,0
b2AR-decoy_276,COc1cc(c2n[nH]c3ccc(NC(=O)[C@]4(SC)CC[NH+](CC(=O)N5CC=C(c6ccc(c7ncccn7)cc6)CC5)C4)cc32)ccn1,-3.399482921598908,0
b2AR-decoy_1983,NC(=O)COc1cc(Cl)c2c(c1)C(O)(C(F)(F)F)c1ccccc1-2,-3.3993902294923104,0
b2AR-decoy_1147,Cc1ccccc1c1ccccc1/C=N/Nc1c(Cl)cncc1Cl,-3.3957681690232584,0
b2AR-decoy_177,O=C(CCc1c[nH]c2ccc(Br)cc12)NCCSSCCNC(=O)CCc1c[nH]c2ccc(Br)cc12,-3.3937188943119656,0
b2AR-decoy_2532,COc1ccn2nc(C)c(C(=O)NCc3ccc(c4ccc(OC(F)(F)F)cc4)cc3F)c2c1,-3.392865622526222,0
b2AR-decoy_2307,NS(=O)(=O)c1ccccc1NS(=O)(=O)/C=C/c1c(Cl)cccc1Cl,-3.392763063710944,0
b2AR-decoy_2365,COc1cc(c2cc(=O)c3c(O)cc(O)c(CC=C(C)C)c3o2)ccc1O,-3.391228725405965,0
b2AR-decoy_184,C=C(F)CO[C@H]1CO[C@@H]2OC[C@H](OC(=O)N[C@@H](Cc3ccccc3)[C@H](O)CN(CC(C)C)S(=O)(=O)c3ccc4nc(NC)oc4c3)[C@H]12,-3.39001786149453,0
b2AR-decoy_824,CCC1(c2ccsc2)OCC(=O)Nc2ccc(c3ccc(F)c(Cl)c3)cc21,-3.3887322590797777,0
b2AR-decoy_1674,Cc1cc(=O)n2nc(Oc3ccc(C#N)cc3Cl)sc2n1,-3.388217104078759,0
b2AR-decoy_1791,CCCCc1nc(COC2(c3ccccc3)c3ccccc3C(=O)N2Cc2ccccc2)c[nH]1,-3.387611092823115,0
b2AR-decoy_1773,C[C@H](NC(=O)C1CC1)c1ccc(OC2CCN(c3ccc(OCC4CC4)cc3)C2)cc1,-3.3874867497500256,0
b2AR-decoy_2387,O=c1c(c2ccc(O)cc2)c(CSC2=NCCS2)oc2cc(O)cc(O)c12,-3.3872518312471804,0
b2AR-decoy_906,CCOC(=O)C1=C(C)NC(c2ccc(C)cc2)=CC1c1cccs1,-3.38627095186214,0
b2AR-decoy_1540,CC[C@H](C)CC/C(C)=C/c1c(C)c(O)cc2c1[nH]c1c(O)ccc(CO)c12,-3.3857023583865966,0
b2AR-decoy_2431,Cc1cc2c(cc1C)C(Cl)=C(c1nnc(c3ccc(F)cc3)o1)CCC2,-3.385358520926134,0
b2AR-decoy_2382,Cc1ccc(SCc2n[nH]c3c2C2(CCSCC2)C(C#N)=C(N)O3)cc1,-3.3831516960445898,0
b2AR-decoy_436,CCSC1=C(c2ccc(O)cc2)C(=O)c2cc(O)ccc21,-3.381583469815491,0
b2AR-decoy_230,COc1ncc(C(=O)NC2(C(=O)N[C@H](C)c3ncc(c4cc(Cl)cc(Cl)c4OCC(F)F)cc3F)COC2)cn1,-3.38158204989623,0
b2AR-decoy_738,O/N=C(\CSc1ccncc1c1ccccc1)c1cc(Cl)sc1Cl,-3.3809177410591778,0
b2AR-decoy_280,C=C1C(=O)[C@@]23[C@@H](CC[C@@H]1[C@H]2OC(=O)CCC(=O)OCCOc1ccc(c2cc(=S)ss2)cc1)[C@@]12CO[C@@]3(O)[C@@H](O)[C@@H]1C(C)(C)CC[C@@H]2OC(C)=O,-3.380235269117879,0
b2AR-decoy_805,COC(=O)C1=C(C)NC2=C(C(=O)CC(C)(C)C2)C1c1ccc(c2ccc(C)cc2)cc1,-3.380163645800885,0
b2AR-decoy_2168,CC(C)c1c(OC2CCCCC2C)cc(Cc2ccc(F)cc2)[nH]c1=O,-3.378815202015075,0
b2AR-decoy_1230,Oc1ncccc1C(/C=C/C1CC1)(OCc1ccccc1)C(F)(F)F,-3.3784919177680592,0
b2AR-decoy_2053,Cc1nc(c2ccc(C(C)C)c(S(=O)(=O)Nc3cccc(C#N)c3)c2)cs1,-3.3777936446506507,0
b2AR-decoy_1556,CCCS(=O)(=O)NCc1nc(c2ccc(C(=O)NCCC(F)(F)F)cc2)cs1,-3.377448158723788,0
b2AR-decoy_699,COc1ccc(C2COc3c(ccc4c3C=CC(C)(CCC=C(C)C)O4)C2)c(O)c1,-3.37741323805696,0
b2AR-decoy_796,CC(C)=CCC/C(C)=C/Cc1cc2ccc(=O)oc2cc1O,-3.377220994868213,0
b2AR-decoy_2783,Cc1nn(c2ccccc2)c(Oc2ccccc2F)c1c1nnc(c2ccc(Br)cc2)o1,-3.3770201355051195,0
b2AR-decoy_2619,Cc1nc(c2ccccc2)sc1c1nc(c2ccccc2)ncc1S(=O)(=O)c1ccccc1,-3.376803742762827,0
ASD03130106,CCN(CC)c1ccc(Nc2nc(Nc3cc(Cl)cc(Cl)c3)nc3ccccc23)cc1,-3.37638169734277,1
b2AR-decoy_2665,CO/N=C(/c1ccc(OC(F)(F)F)cc1)c1ccccc1COc1ccc(C(F)(F)F)cn1,-3.375855827388956,0
b2AR-decoy_2054,Cc1cccc(C)c1NC(=O)CN(C)C(=O)c1ccc(COc2ccccc2)cc1,-3.375348802629472,0
b2AR-decoy_684,COc1cc(c2ccc3c(c2)/C(=C/c2c[nH]c4ccccc24)C(=O)N3)ccc1O,-3.3746126852214897,0
b2AR-decoy_1139,CCCCc1oc2ccccc2c1C(=O)c1ccc(c2ccc(O)cc2)cc1,-3.3740476706238494,0
b2AR-decoy_3122,COC(=O)c1sc(NC(=O)CSc2nc(C3CC3)nc3sc4c(c23)CCCC4)nc1C,-3.373661636211176,0
b2AR-decoy_2131,CCCCC(=O)c1c(CC(=O)OC)cc2c(c1O)C(=O)c1c(O)cccc1C2=O,-3.37351123248812,0
b2AR-decoy_1575,CCCc1cccc(c2cc(NC(=O)[C@@H]3CNC(=O)C3)nn2c2cccc(OCC3(C)COC3)c2)c1,-3.3729883705618504,0
b2AR-decoy_1079,OC(c1ccc(Oc2ncccc2C2=CCOCC2)cc1)c1nc2ccccc2s1,-3.371519859094314,0
b2AR-decoy_979,COCO[C@@H]1C[C@]23CC[C@H]4[C@@](C)(CCC[C@@]4(C)CO)[C@@H]2CC[C@@]1(C)C3,-3.3712904579322305,0
b2AR-decoy_2546,O=C1OC(c2ccccc2Cl)=N/C1=C/c1ccc(OC(=O)c2ccccc2Cl)c(O)c1,-3.371080012884325,0
b2AR-decoy_1471,C[C@@H]1C[C@H](O)/C=C\[C@@H](O)/C=C\C(=O)O1,-3.3704814986113805,0
b2AR-decoy_1923,CO[C@@H](c1cc(C)no1)c1ccccc1/C=N/N=C(\C)c1ccc(Cl)c(Cl)c1,-3.369870576337357,0
b2AR-decoy_1089,COc1cccc(c2ccc(Oc3cncc4sc(C5=NNN=N5)cc34)cc2)c1,-3.369181277064333,0
b2AR-decoy_1264,CCCc1ccc2oc(C(=O)N(Cc3ccncc3)CC3CCCO3)c(C)c2c1,-3.36902987039108,0
b2AR-decoy_2830,Cc1ccc(S/C(=C/c2ccc(N(C)C)cc2)C(=O)c2ccc(Br)cc2)cc1,-3.368934007070452,0
b2AR-decoy_2,CC[C@@H](/C=C/[C@@H](C)[C@H]1CCC2C3=CC(=O)O[C@@]3(O)CC[C@@]21C)C(C)C,-3.368220440928968,0
b2AR-decoy_1738,CS(=O)(=O)NC(=O)c1cc(Cl)c(OC2CCC3(CCCC3)CC2)cc1F,-3.367705113176965,0
b2AR-decoy_819,CC(C)(C)[C@H](C(=O)Nc1ncc(C(F)(F)F)s1)c1ccc(Cl)cc1,-3.3673570192406763,0
b2AR-decoy_1767,CC(C)c1cc(N2CCCCC2)nnc1C(=O)NC1C2CC3CC(C2)CC1C3,-3.367171803175558,0
b2AR-decoy_1458,NC(=S)/N=C1/CC[C@H]2CO[C@@H]1O2,-3.366326656154211,0
b2AR-decoy_2305,CON[C@H]1CC[C@]2(C)[C@H]3C[C@@H](O)[C@]4(C)[C@@H](C5=CC(=O)OC5)CC[C@]4(O)[C@@H]3CC[C@@H]2C1,-3.365727941709433,0
b2AR-decoy_2228,C[C@H](CC[C@H](O)C(C)(C)O)[C@H]1CC[C@@]2(C)[C@@H]3CC[C@H]4C(C)(C)[C@@H](O)CC[C@@]45C[C@@]35CC[C@]12C,-3.365601252094629,0
b2AR-decoy_1505,CC(C)=CCC1=C(OCc2cn(c3ccc(C#N)cc3)nn2)C(=O)c2ccccc2C1=O,-3.3644092843086257,0
ASD03130058,FC1(F)CCC(Nc2nc(Nc3cccc(OCCCN4CCOCC4)c3)nc3ccccc23)CC1,-3.3637362693224118,1
b2AR-decoy_2395,CCc1cc2c(cc1OS(N)(=O)=O)CC[C@@H]1[C@@H]2CC[C@@]2(C)[C@H]1CC[C@@H]2CCO,-3.3629532018374184,0
b2AR-decoy_1157,Cc1cc(C)c(/C=C/[C@@H]2C[C@@H](O)CC(=O)O2)c(/C=C/c2ccc(Cl)cc2)c1,-3.3623617141934226,0
b2AR-decoy_2543,O=C(N[C@H]1CC[C@H](O)CC1)c1ccccc1Sc1ccc2c(/C=C/c3ccccn3)n[nH]c2c1,-3.3612499948392798,0
b2AR-decoy_2127,COc1cc2c(CO)c(c3ccc(O)cc3O)oc2c(CC=C(C)C)c1O,-3.361010107078253,0
b2AR-decoy_2208,COc1ccc2cc([C@H](C)C(=O)OCC3(C)COc4c(C)c(C)c(O)c(C)c43)ccc2c1,-3.3602686884463573,0
b2AR-decoy_2863,C[C@H]1OC(=O)[C@@H]2C[C@@H]3CCCC[C@H]3[C@H](/C=C/c3ccc(c4ccccc4Cl)cn3)[C@H]12,-3.359784368396599,0
b2AR-decoy_2850,Cc1ccc(N2CCN(c3ccc(C(=O)/C=C/c4ccc(Cl)cc4)cc3)CC2)c(C)c1,-3.359296268666875,0
b2AR-decoy_1529,COc1ccc(N(C)S(=O)(=O)c2ccc(c3cccc(OC)c3)cc2)cc1,-3.3588033975466045,0
b2AR-decoy_2149,Cc1ccc(C(=O)NC2(C)CCC2)cc1c1ccc2c(Cl)c(N)ncc2c1,-3.358775344904194,0
b2AR-decoy_2384,NC(=O)c1cc(Br)ccc1NC(=O)/C=C/c1ccc(Cl)cc1,-3.357980639387894,0
b2AR-decoy_610,CCC(C)C(=O)c1c(O)cc2c3c1OC(C)(C)C1CCC(C)(CC31)O2,-3.357860487145844,0
b2AR-decoy_2194,Cc1cccc(C)c1NC(=O)CSc1nc(C(F)(F)F)cc(c2cccs2)n1,-3.356234768654889,0
ASD03130029,Nc1nc(Nc2ccccc2)nc2ccc(Br)cc12,-3.354754704534945,1
b2AR-decoy_220,COc1ccc(S(=O)(=O)N(CC(C)C)C[C@@H](O)[C@H](Cc2ccccc2)NC(=O)O[C@@H]2C[C@@H]3OC(=O)N(C)[C@@H]3C2)cc1,-3.3546445557268862,0
b2AR-decoy_446,CNC(=O)C(C)(C)c1ccc(c2cc(C)cc(C)c2)c(O)c1,-3.3543596530571227,0
b2AR-decoy_1257,CC(=O)N(c1ccc(Cl)cc1)C1SC(=O)N(c2ccc(C)cc2)C1=O,-3.3528290817042588,0
b2AR-decoy_1673,O=C(c1cnc(c2ccco2)s1)N1CCCC1Cn1cccn1,-3.351780919060213,0
b2AR-decoy_288,COc1ccc(C(CCCNS(=O)(=O)c2cccs2)N2C(=O)c3cccc(N4CC[NH+]([C@H](C)c5ccccc5)CC4)c3C2=O)cc1OC,-3.351180410902206,0
b2AR-decoy_623,C/C(=C\c1cccc(Cl)c1Cl)C(=O)c1c(C)cc(C)nc1O,-3.3508354311205166,0
b2AR-decoy_1113,COc1ccc2c(C)c(Oc3c(Cl)c(Cl)c(O)c(C#N)c3C#N)oc2c1,-3.350789335283075,0
b2AR-decoy_2009,Cc1nc(c2cc(c3cc(F)c(CO)c(F)c3)c3c(N)ncnn23)cs1,-3.350131225352807,0
b2AR-decoy_3110,C[C@H](NC(=O)CNc1cc(C(F)(F)F)c2c(c3ccccc3)nn(C)c2n1)c1ccccc1,-3.348663234090961,0
b2AR-decoy_1510,COc1cc(c2c(c3ccc(SC)cc3)cnn2C)cc(OC)c1OC,-3.348559000161589,0
b2AR-decoy_988,CC#C[C@@]1(O)CC[C@@]2(CC)c3ccc(OCc4ccncc4)cc3CC[C@@H]2C1,-3.3483385413565,0
b2AR-decoy_2006,CC(C)(C)c1ccc(S(=O)(=O)NCc2ccc(C(=O)NO)cc2)cc1,-3.347920405013568,0
b2AR-decoy_954,O/N=C(\COc1cccc2ccccc12)c1ccc(c2ccccc2)cc1,-3.347812917654826,0
b2AR-decoy_2300,CC(C)(C)NC(=O)/C=C/c1ccc(O)c2oc(c3ccc(O)c(O)c3)cc12,-3.3472152672341684,0
b2AR-decoy_1162,CC#C[C@@]1(O)CC[C@@]2(CC)c3ccc(OCc4cccnc4C)cc3CC[C@@H]2C1,-3.3470339605167467,0
b2AR-decoy_2522,C[C@H](Oc1ccc(c2nc(c3ccc4[nH]cnc4c3)no2)cc1C(F)(F)F)C(F)(F)F,-3.34595516394401,0
b2AR-decoy_1886,CCCCCCC[C@@H]1CC2C(CCC3(C)C(=O)CCC23)C2(C)C=CC(=O)C=C12,-3.3449861887252594,0
b2AR-decoy_1374,CCC(C)c1cc(C=O)cc2cc(c3cccc(OC)c3)c(=O)oc12,-3.3428881483493025,0
b2AR-decoy_1754,OCCCCn1c(Cn2c(C(F)(F)F)nc3ccccc32)nc2ccccc21,-3.341975513442994,0
b2AR-decoy_2907,S=c1[nH]nc(COc2ccccc2Cl)n1/N=C/c1ccc(c2ccc(Cl)cc2Cl)o1,-3.3414081743641626,0
b2AR-decoy_3150,O=C(/C=C/c1ccccc1OCc1ccccc1)/C=C/c1cccc(Cl)c1Cl,-3.341084698845381,0
b2AR-decoy_2058,CCCOc1cc2c(cc1C(=O)/C=C/c1ccc(OC)c(O)c1)SCO2,-3.340044525104679,0
b2AR-decoy_1297,Cc1ccc(SCc2nc(c3ccncc3)no2)cc1,-3.339364666995357,0
b2AR-decoy_2711,O=C(c1cc2cc(C3CC3)ccc2[nH]1)N1CC(=O)N(Cc2ccc3cc[nH]c3c2)[C@@H](Cc2ccccc2)C1,-3.339002778721264,0
b2AR-decoy_1371,CCOC(=O)c1sc(SC(C)CC)c2c1CC(C)(C)CC2=O,-3.3370487231454997,0
b2AR-decoy_2026,CCC(=O)Nc1ccc(NC(=S)NC(=O)/C=C/c2ccco2)cc1,-3.3366241880568905,0
b2AR-decoy_1813,CCOC(=O)c1oc2cc(c3ccc(OCCc4ccccc4)cc3)cc(O)c2c1C,-3.3354006309062485,0
b2AR-decoy_26,O=C(N/N=C/c1ccc(Cl)cc1)c1cc2c(s1)-c1ccccc1CC2,-3.3351497926741205,0
b2AR-decoy_3059,COc1ccc(C)cc1C1=C(Br)C(=O)N(CC(C)C)/C1=C\c1cccc(Cl)c1,-3.333775405246078,0
b2AR-decoy_105,CC(C)(O)CCC[C@](C)(O)[C@H]1CC[C@H]2[C@@H]3CC=C4C[C@@H](O)CC[C@]4(C)[C@H]3CC[C@@]21C,-3.332501710245552,0
b2AR-decoy_3147,CC(C)C[C@H](CO)Nc1nc(S[C@@H](C)c2ccccc2Br)nc2nc(N)sc12,-3.331591686514512,0
b2AR-decoy_3032,Cc1csc(C(C)(O)c2nnc(Nc3cnn(Cc4c(F)cccc4F)c3)s2)n1,-3.330619010351738,0
ASD03130112,Clc1cc(Cl)cc(Nc2nc(NC34CC5CC(CC(C5)C3)C4)c3ccccc3n2)c1,-3.330612320773996,1
b2AR-decoy_2292,Cc1ccc(Cl)c(Nc2ccccc2/C=C2\SC(=S)N(C)C2=O)c1Cl,-3.330335163997,0
b2AR-decoy_63,CCCCc1ccc(C(=O)NN(C(=O)c2ccccc2Cl)C(C)(C)C)cc1,-3.325729027815253,0
b2AR-decoy_1144,CC(C)=CC(=O)C/C(C)=C/CC[C@@]1(C)Oc2c(c(=O)oc3cc(O)ccc23)[C@H]1C,-3.3250805894691786,0
b2AR-decoy_3129,CCN(CC(=O)Nc1ccccc1C(F)(F)F)C(=O)c1ccc(NC(=O)c2cccs2)cc1,-3.324870064200352,0
b2AR-decoy_849,FC(F)(F)c1cccc(Cl)c1c1ccc(/C=C/c2nc3ccccc3[nH]2)o1,-3.3240021697690403,0
b2AR-decoy_784,Cc1cc(C)c(S(=O)(=O)Nc2ccc3ccccc3c2)c(C)c1,-3.323756864699975,0
b2AR-decoy_135,CC1(C)CCC[C@@]2(CO)[C@H]1CC[C@@]1(C)[C@@H]3CC=C(C=O)[C@H](C=O)[C@@]3(C)CC[C@@H]12,-3.3234884000590545,0
b2AR-decoy_123,CC(C)=CCCC1(C)C=Cc2c(O)cc(/C=C/c3ccc(O)c(O)c3)cc2O1,-3.322923005724943,0
b2AR-decoy_1275,Brc1cccc(Sc2ccc3nnc(c4cncs4)n3n2)c1,-3.322263516282935,0
b2AR-decoy_2739,Cc1cc(S(=O)(=O)Nc2ccc(/N=C/c3cccs3)cc2)c2c(C)ccc(C(C)C)cc1-2,-3.322246071233254,0
b2AR-decoy_1730,CC(C)(C)c1cc(NC(=O)Cn2cnc3scc(c4ccccc4)c3c2=O)on1,-3.3217737593489938,0
b2AR-decoy_2501,CCN(/C(=C\C(=O)/C=C/C1=C(C)CCCC1(C)C)SC)c1ccccc1,-3.3213577284052254,0
b2AR-decoy_962,O=C(/C=C\N(O)Cc1ccccc1)c1ccc(c2ccccc2)cc1,-3.321232715698796,0
b2AR-decoy_1574,COc1ccc(N(CC(=O)NCc2ccc(F)cc2)C(=O)CCC(=O)Nc2nccs2)cc1,-3.320628709705128,0
b2AR-decoy_51,COc1ccc(c2oc3ccc(C)cc3c2C(=O)c2cc(O)cc(OC)c2)cc1,-3.3187655181432283,0
b2AR-decoy_521,CC(=O)Nc1cc(C(C)(C)C)c(O)c(C(C)(C)C)c1,-3.3180843807921185,0
b2AR-decoy_1988,C/C(=C\c1ccc(Cl)cc1)S(=O)(=O)Nc1ccc(C)cc1S(N)(=O)=O,-3.3177485810655867,0
b2AR-decoy_2108,Cc1cc2c(c(c3cnn(CC(CO)CO)c3)c1)-c1ccccc1C2(O)C(F)(F)F,-3.317230425066765,0
b2AR-decoy_1520,CC(C)CC1(Cc2ccccc2)OS(=O)(=O)C=C1OCc1ccccc1,-3.3164703505589244,0
b2AR-decoy_1912,C[C@]12CC[C@H]3[C@@H](CC(=O)[C@H]4C[C@H](F)CC[C@@]43C)[C@@H]1CC[C@@H]2OC(=O)c1ccccc1,-3.3163488573088578,0
b2AR-decoy_2366,Cc1cccc2c1-c1sc(C(=O)Nc3ccccc3C(N)=O)cc1CO2,-3.3158960045889985,0
b2AR-decoy_2364,CCC(=O)c1cc(c2ccc(F)cc2)c(c2ccc(S(N)(=O)=O)cc2)[nH]1,-3.315873025712476,0
b2AR-decoy_1993,CC(C)C(=O)c1c(O)cc(O)c(C[C@@H]2[C@@H](C(C)(C)O)CC[C@]2(C)O)c1O,-3.315063016719725,0
b2AR-decoy_3157,CC1=C(C/C=C(\C)CC/C=C(\C)Cc2cccc3ccccc23)C(=O)c2ccccc2C1=O,-3.314924792570783,0
b2AR-decoy_1511,COc1cc(C(=O)c2ccc3c(ccn3C(C)C)c2)cc(OC)c1OC,-3.314153447371953,0
b2AR-decoy_83,CC(C)CCC[C@@H](C)[C@H]1CC[C@H]2[C@H]3[C@H](CC[C@@]21C)[C@@]1(C)CC[C@H](O)[C@H](O)C1=C[C@@H]3O,-3.3129589366504058,0
b2AR-decoy_3187,CC(C)[C@@H]1CC[C@@H](C)C[C@H]1O[C@@H]1C(=O)N([C@@H](C)c2ccccc2)[C@@H]1/C=C/c1ccccc1,-3.3127930906930425,0
ASD03130107,Clc1cc(Cl)cc(Nc2nc(Nc3ccccc3Cl)c3ccccc3n2)c1,-3.3124206821799675,1
b2AR-decoy_718,C=CC(C)(C)c1cc([C@@H]2CC(=O)c3ccc(O)c(CC=C(C)C)c3O2)c(O)cc1O,-3.311690585032332,0
b2AR-decoy_1577,Cc1ccc(NC(=O)C[S+]([O-])CC(=O)N(CC(=O)NC(C)(C)C)c2cccc(C)c2C)cc1,-3.311651701073472,0
ASD03130036,Brc1cccc(Nc2nc(NC3CCCCC3)c3ccccc3n2)c1,-3.310556386403225,1
b2AR-decoy_991,CCCc1c(C/C=C(\C)C/C=C/C(C)(C)C)oc(=O)c(C)c1O,-3.310130309196873,0
b2AR-decoy_2478,Clc1ccccc1C(Cc1c(Cl)cccc1Cl)Cn1ccnc1,-3.3080013456812054,0
b2AR-decoy_1018,O=C1CCCCC1(CCc1ccncc1)CCc1ccncc1,-3.3078268004077542,0
b2AR-decoy_973,CC(C)c1ccc(S(=O)(=O)Nc2ccc(SC(F)F)cc2)cc1,-3.3074193411494663,0
b2AR-decoy_2260,COC(C[C@@H](C)C1=C2C[C@H](O)[C@H]3[C@@]4(C)CCC(=O)C(C)(C)[C@@H]4CC[C@]3(C)[C@@]2(C)CC1)OC,-3.30717901686549,0
b2AR-decoy_2705,C=C(CC[C@@H](CO)[C@H]1[C@H](O)C[C@@]2(C)C3=CC[C@H]4C(C)(C)[C@H](O)CC[C@]4(C)C3=CC[C@]12C)C(C)(C)O,-3.306995099462102,0
b2AR-decoy_1482,CC1=CC(=O)/C(=C(\C)N)C(=O)O1,-3.305916155788198,0
b2AR-decoy_1888,Clc1ccc(C(CCn2ccnc2)Oc2c(Cl)cccc2Cl)cc1,-3.3057177536426843,0
b2AR-decoy_2151,Cc1cc(C#N)cc(C)c1Oc1ccc(N)c(Nc2ccc(C#N)cc2)c1,-3.303599920191337,0
b2AR-decoy_2983,C=C1[C@H](C)CCC[C@]1(C)CC[C@@]1(C)C=Cc2c(OC(C)=O)c(OC(C)=O)cc(OC)c2O1,-3.303024122995211,0
b2AR-decoy_1535,Cc1ccccc1c1cc(N(Cc2ccccc2)Cc2cncn2C)ccc1C#N,-3.3012941458265894,0
b2AR-decoy_197,CCC(=O)CCCCC[C@@H]1NC(=O)[C@H]2CCCCN2C(=O)[C@H]([C@@H](C)CC)NC(=O)[C@H](Cc2cn(OC)c3ccc(Br)cc23)NC1=O,-3.300391962598853,0
b2AR-decoy_1163,N#C/C(=C/c1ccc(N2CCCCC2)o1)C(=O)Nc1ccc2ccccc2c1,-3.2999349489326164,0
b2AR-decoy_846,Cc1nc(c2cc(c3c(C)cccc3C)ccc2OCc2ccccc2)[nH]c1C,-3.2993434871277527,0
b2AR-decoy_1421,CC1(O)CSC(C)(O)CS1,-3.298713132266639,0
b2AR-decoy_1146,CC(C)c1ccccc1Sc1c(O)cc(c2ccccc2Cl)oc1=O,-3.2976066619621784,0
b2AR-decoy_2073,CC(C)c1ccc(NC(=O)CCn2c(=O)c3cccn3c3ccccc32)cc1,-3.296299122284404,0
b2AR-decoy_2730,N#Cc1c(c2ccccc2)cc(C(F)(F)F)c2c3n(nc12)C(c1ccccc1)CCN3,-3.2956885352197327,0
b2AR-decoy_2533,COc1cc(/C=C/C(=O)c2cccc(n3cc(c4ccccc4C(F)(F)F)nn3)c2)ccc1O,-3.295168322569819,0
b2AR-decoy_167,COc1ccc(/C=C/C(=O)c2ccccc2OCC2=CN(CC(O)COC3=C(C)C(=O)SC3C)NN2)c(OC)c1OC,-3.294033432838129,0
b2AR-decoy_356,COc1cc(/C=C2\CC/C(=C\c3ccc4ccccc4c3)C2=O)ccc1O,-3.2936618736676744,0
b2AR-decoy_2557,Cc1cccc(Cn2cc3c(=O)n(CC(=O)Nc4c(C)cccc4C)nc-3c3cc(F)ccc32)c1,-3.292552680186029,0
b2AR-decoy_195,C=CCCCS(=O)(=O)NC(=O)c1ccccc1NC(=O)[C@@H](NC(=O)OC(C)(C)C)c1ccc(Oc2cc(OC)nc(c3ccccc3)n2)cc1,-3.2905990532576594,0
b2AR-decoy_2119,COc1cc(c2cc(c3cc(C(C)C)c(O)cc3C)[nH]c(=O)c2C#N)ccc1O,-3.290333860332121,0
b2AR-decoy_2860,Cc1cc(Sc2c([N+](=O)[O-])cc([N+](=O)[O-])cc2C(F)(F)F)c(Cl)cc1Cl,-3.2900816821444674,0
b2AR-decoy_1064,CCCCCC1=CC(=O)C2=C(OC(C)(CCC=C(C)C)C=C2)C1=O,-3.2899911000704227,0
b2AR-decoy_1339,CCn1c(/N=C/c2ccc(Br)cc2)c(C#N)sc1=S,-3.2892898924180614,0
b2AR-decoy_731,C[C@H](/C=C/C=O)[C@@H]1CC[C@]2(C)C3=C(CC[C@@]12C)[C@@]1(C)CC[C@H](O)C(C)(C)[C@@H]1CC3=O,-3.287967504190148,0
b2AR-decoy_1246,Cc1cc(Oc2ccc([N+](=O)[O-])cc2C#N)ccc1Br,-3.2878249311581094,0
b2AR-decoy_1486,CC1=C(C)C(O)C=CC1O,-3.2875663466599248,0
b2AR-decoy_2268,O=C1/C(=N\O)c2c(cccc2c2ccc(C(F)(F)F)cc2)N1Cc1ccc(Cl)cc1,-3.2874129599283366,0
b2AR-decoy_2857,O=c1cc(N2CCCCC2)oc2c1cccc2c1cc(c2ccsc2)cs1,-3.287030556333014,0
b2AR-decoy_1063,CC(=O)C[C@@H](CC(=O)Oc1ccc(C#N)cc1)c1ccccc1,-3.286242916686014,0
b2AR-decoy_876,COc1ccc(C(=O)c2coc3c(Cl)cc(O)c(Cl)c23)cc1,-3.2858202629444264,0
b2AR-decoy_2023,O=C1Nc2ccccc2/C1=N/NC(=S)Nc1ccc(OC(F)(F)F)cc1,-3.285237886398698,0
b2AR-decoy_1837,CCN(CC(=O)NCc1cccs1)C(=O)c1cccc(S(=O)(=O)Nc2ccc(OC)cc2)c1,-3.284497278246985,0
b2AR-decoy_1354,Cc1ccc(OC(Cn2ccnc2)c2ccc(Cl)cc2)cc1,-3.284149232562613,0
b2AR-decoy_2428,O=CC1=Cc2cc(S(F)(F)(F)(F)F)cc(Br)c2OC1C(F)(F)F,-3.283720462189001,0
b2AR-decoy_1043,CCCC[C@H](CCn1cncn1)c1ccc(Cl)cc1Cl,-3.283593002786453,0
b2AR-decoy_1444,CC1=C(N)C(=O)C(C(C)C)=CC1=O,-3.2831130792709216,0
b2AR-decoy_2564,CCS(=O)(=O)C(C)(C)c1ccc(Oc2ccc(F)cc2F)c(c2cn(C)c(=O)c3[nH]ccc32)c1,-3.282445691218198,0
b2AR-decoy_2584,C[C@]12CC[C@H]3[C@H]([C@@H]1CCC2=O)[C@H](SC1CCCCC1)CC1=CC(=O)CC[C@@]13C,-3.282112142844029,0
b2AR-decoy_2474,CC(C)Cc1cccc(/C=C/[C@@H]2[C@@H]3[C@@H](C)OC(=O)[C@@H]3C[C@@H]3CCCC[C@H]32)n1,-3.2815332089416662,0
b2AR-decoy_1962,N#Cc1cc(S(=O)(=O)Nc2nccs2)ccc1Oc1ccc(F)cc1c1ccc(CO)cc1,-3.279471325734412,0
b2AR-decoy_2575,Clc1ccc(COC(Cn2ccnc2)c2ccc(Cl)cc2Cl)c(Cl)c1,-3.279038777521804,0
b2AR-decoy_1039,CCCCCCCC1=CC(=O)c2ccccc2S1(=O)=O,-3.2758756955190926,0
b2AR-decoy_2437,O=C1C=C(c2ccc(Br)c3ccccc23)C[C@@H](c2ccc3c(c2)OCO3)C1,-3.275732757737031,0
b2AR-decoy_2079,Cc1ccc(c2cc(C(=O)NC3CC3)cc(N3C(=O)OC[C@H]3C(C)C)c2)c(F)c1,-3.274245355787352,0
b2AR-decoy_2188,COc1cc(c2ccc3c(c2)NC(=O)/C3=C\c2c[nH]c3ccccc23)ccc1O,-3.2740898924894117,0
b2AR-decoy_2928,COc1cccc(c2cc(C#N)ccc2COC(c2ccc(Cl)cc2)c2cncn2C)c1,-3.273480107163432,0
b2AR-decoy_2599,Cn1c(=Nc2ccc(Cl)c(Cl)c2)scc1c1ccc(Cl)cc1,-3.2732188637347277,0
b2AR-decoy_1919,Cc1ncc2nccn2c1c1ccc(Oc2nccc3occc23)c(C(F)(F)F)c1,-3.2729178562181382,0
b2AR-decoy_3041,COc1ccc2cc(C3(C)NC(=O)N(CC(=O)NCCC4=CCCCC4)C3=O)ccc2c1,-3.2724918854408616,0
b2AR-decoy_2954,Cc1cccc(Oc2nc3c(C)cccn3c(=O)c2/C=C(\C#N)c2nc3ccccc3s2)c1,-3.271605771054614,0
b2AR-decoy_339,CC(=O)[C@H]1CC[C@H]2[C@@H]3CC[C@H]4C[C@@](O)(CN=[N+]=[N-])CC[C@]4(C)[C@H]3CC[C@]12C,-3.27092909637137,0
b2AR-decoy_1118,O=C(/C=C/c1ccc(O)c(O)c1)c1ccc(NC(=O)C23C[C@H]4C[C@@H](C2)C[C@@H](C3)C4)cc1,-3.2700790973104032,0
b2AR-decoy_69,Cc1[nH]c(C)c(c2ccc(Oc3ccc(F)cc3)cc2)c(=O)c1Br,-3.2698176784412385,0
b2AR-decoy_2544,COc1nc2ccccc2cc1c1cccnc1Oc1ccc(C(=O)c2nc3ccccc3[nH]2)cc1,-3.269175628391482,0
b2AR-decoy_1126,C=C1[C@H](O)CC(=C/C=C2\CCC[C@@H]3[C@@H](CCCCC(C)(C)O)CC[C@@H]23)C[C@H]1O,-3.268534845715055,0
b2AR-decoy_1849,c1cc(c2ccc(c3ncc(C[NH2+]CC4CC[NH2+]CC4)nc3c3ccc(c4ccoc4)cc3)cc2)co1,-3.268429363669501,0
b2AR-decoy_1375,CCC(=O)c1cc2c(Oc3ccc(Cl)cc3)cncc2s1,-3.267561217448847,0
b2AR-decoy_2287,CC(C)CCCC(C)[C@H]1CCC2C3C/C(=N\O)C4=C[C@H](O)[C@H](O)C[C@]4(C)C3CC[C@@]21C,-3.2669765127418016,0
b2AR-decoy_2104,CC(O)CNC(=O)c1ccc(c2ccc(c3ccc4c(c3)COC4=O)s2)cc1O,-3.266827983841921,0
b2AR-decoy_2349,CCOC(=O)c1sc(SC(C)C)c(C#N)c1c1cc(O)c(O)c(O)c1,-3.2638491139685786,0
b2AR-decoy_2343,COc1cc(c2cc(c3ccc(S(C)(=O)=O)cc3)cnc2N)ccc1O,-3.2629388894717053,0
b2AR-decoy_2765,CC(C)(C)N(NC(=O)c1ccc2c(c1Cl)CCCO2)C(=O)c1cc(Cl)cc(Cl)c1,-3.2612159340200813,0
b2AR-decoy_1949,C=C(CC[C@@H](C)[C@H]1CC[C@H]2[C@@H]3C(=O)C=C4C[C@@H](O)CC[C@]4(CO)[C@H]3CC[C@@]21C)C(C)C,-3.260810707332661,0
b2AR-decoy_1681,Cc1occc1C(=O)N(C)Cc1nc(c2ccc(Cl)cc2)no1,-3.260790985803669,0
b2AR-decoy_3065,CC(C)CCC[C@@H](C)[C@H]1CC[C@H]2[C@@H]3C(C=O)=C4C[C@@H](O)CC[C@]4(C)[C@H]3CC[C@@]21C,-3.260449097699467,0
b2AR-decoy_2412,CCOC(c1ccc(Cl)cc1)C(SC(C)(C)C)n1cnc(Cl)c1,-3.259304114036734,0
b2AR-decoy_1328,Fc1cccc(Cl)c1COCc1nnc(c2ccco2)o1,-3.2591333197947066,0
b2AR-decoy_1811,CCP(=O)(Cc1cccc(C(=O)Nc2cc(c3cccs3)ccc2N)c1)OC,-3.257202040088236,0
ASD03130071,Fc1ccc(Nc2nc(NC3CCNCC3)c3cc(Cl)ccc3n2)cc1F,-3.257078739550875,1
b2AR-decoy_2511,CCCCSC1=C2CCC3C4CCC(=O)C4(C)CCC3C2(C)CCC1=O,-3.256776306837186,0
b2AR-decoy_1059,Cc1cc(CCCCCOc2ccc(C3=NCCO3)cc2C=O)on1,-3.256452278031988,0
b2AR-decoy_913,CC(C)/C(=N\O)c1ccc(Sc2cc(F)cc(C3CCOCC3)c2)cc1,-3.2557335321555616,0
b2AR-decoy_1960,COc1c(O)cc2c(c1CC=C(C)C)OC(=O)c1c(cc3c(c1O)C=CC(C)(C)O3)O2,-3.255563873881511,0
b2AR-decoy_3118,CCCCS(=O)(=O)N[C@H]1CC=C[C@H](c2ccc(OC)cc2)N(Cc2ccc(F)cc2)C(=O)C1,-3.2539810197968837,0
b2AR-decoy_2427,CCCCCn1/c(=N/C(=O)c2cccc3ccccc23)sc2ccccc21,-3.2526485643609537,0
b2AR-decoy_787,C/C(=C\c1ccc(Br)cc1)C(=O)c1c(C)cc(C)nc1O,-3.2511068361122035,0
b2AR-decoy_601,COc1c(CC=C(C)C)c(O)cc(O)c1c1oc2cc(O)ccc2c1C,-3.2504139964824867,0
b2AR-decoy_760,CSc1sc(c2cc[nH]n2)c(c2ccccc2)c1C#N,-3.2501384339147883,0
b2AR-decoy_1423,NC(=O)c1cssc1=S,-3.249326190606888,0
b2AR-decoy_980,CCCCCc1cc2c(c3c1CCCO3)C1C[C@H](O)CC[C@H]1C(C)(C)O2,-3.249101316090717,0
b2AR-decoy_1519,C=CCOc1cc(OC)c(C(=O)/C=C/c2ccc(F)cc2)c(OCC=C)c1,-3.2481582165820826,0
ASD03130072,Fc1ccc(Nc2nc(NC3CCCNC3)c3cc(Cl)ccc3n2)cc1F,-3.246305917994936,1
b2AR-decoy_1640,C#CCOCc1c(C)nc2c(OCc3c(Cl)cccc3Cl)cccn12,-3.244067403812344,0
b2AR-decoy_480,S=C(N/N=C/c1cccs1)Nc1ccccc1,-3.242437142448255,0
b2AR-decoy_2099,CCC(=O)N1N=C(c2ccc(N)cc2)c2cc3c(cc2CC1C)OCO3,-3.2407575917335647,0
b2AR-decoy_23,CC1=CC[C@H]2C(C)(C)CCC[C@]2(C)[C@@]12CC[C@@](C)(C[C@@H]1O[C@H]1CO)O2,-3.2406119649219263,0
b2AR-decoy_3166,CC(C)C/C=C/[C@@H](C)[C@H]1CC[C@H]2C3=C(CC[C@@]21C)[C@@]1(C)CC[C@H](O)CC1=CC3=O,-3.240514326840728,0
b2AR-decoy_765,Cc1ccc(Sc2cncc3sc(/C=N/O)cc23)cc1,-3.2404389213397984,0
b2AR-decoy_1323,CC(C)=CCC[C@@H](C)c1c2ncc[nH]c-2c(C)c(=O)c1O,-3.239217819915023,0
b2AR-decoy_1987,CNC(=O)C=Cc1cnc(N)c2c1scc2c1ccc2c(c1)OCO2,-3.238460302898738,0
b2AR-decoy_1750,COc1cc(O)c(C(=O)/C=C/c2ccc(OC)c(Br)c2)c(OC)c1,-3.2371725085080536,0
b2AR-decoy_1416,OC(O)(C(F)(F)F)C(F)(F)F,-3.23715808400862,0
b2AR-decoy_2895,C=C1CCC2[C@@](C)(C(=O)OC)CCC[C@]2(C)[C@H]1CCc1ccc2c(c1)C(=O)C=C(C)C2=O,-3.236655756193443,0
b2AR-decoy_2525,COC(=O)N[C@@H]1CC[C@@H]2[C@@H](C1)C[C@H]1C(=O)O[C@H](C)[C@H]1[C@H]2/C=C/c1ccc(c2cccc(F)c2)cn1,-3.235733441901825,0
b2AR-decoy_1397,Cc1c[nH]c(c2nc(C#N)c[nH]2)n1,-3.235480236951447,0
b2AR-decoy_1489,OB(O)c1cc(Cl)ncc1Cl,-3.235288213389885,0
b2AR-decoy_3082,CC(C)[C@@H](C)/C=C/[C@@H](C)[C@H]1CC[C@H]2C3=CC(=O)C4=CC(=O)CC[C@]4(C)[C@H]3CC[C@@]21C,-3.2347756387045528,0
b2AR-decoy_2923,Cc1cccc(Oc2nc3ccccn3c(=O)c2/C=C(\C#N)c2nc3ccccc3s2)c1C,-3.234546113811613,0
b2AR-decoy_67,C/C(=N\Nc1nc(c2ccc(Cl)cc2)cs1)c1ccc(Cl)c(Cl)c1,-3.2341813338608687,0
b2AR-decoy_2234,O=C(Nc1nnc(SCc2c(Cl)cccc2Cl)s1)c1ccc2ncsc2c1,-3.231860304604578,0
b2AR-decoy_2955,CCOC(=O)[C@]1(C)CCC[C@]2(C)[C@@H]1CC[C@@]13C[C@@H](N=C=S)[C@@](C)(CC[C@@H]21)C3,-3.230917271847156,0
b2AR-decoy_2701,Nc1cc2c(=O)c(C(=O)OCc3ccc(Cl)cc3)cn(Cc3ccc(Cl)cc3)c2cc1Cl,-3.2297155839420246,0
b2AR-decoy_2828,CC(C)=CCC/C(C)=C/Cc1c(O)c2c(c(/C=C/C(=O)c3ccc(O)c(O)c3)c1O)OC(C)(C)C=C2,-3.2288261833955048,0
b2AR-decoy_2074,O=c1cc(/C=N\c2ccc(O)cc2)c2ccc(OCc3ccccc3)cc2o1,-3.2283298512750385,0
b2AR-decoy_793,C/C(=N\Nc1nc(C)c(C)s1)c1ccc(Cl)c(Cl)c1,-3.227033413931877,0
b2AR-decoy_1797,O=C(NCc1ccc2c(c1)OCO2)c1ccc(CSCc2ccc(Cl)cc2)o1,-3.226922428636043,0
b2AR-decoy_1309,CSc1ccc(OCc2nc(Cl)c(Cl)n2C)cc1,-3.226641010572312,0
b2AR-decoy_1365,CCC(=O)Oc1oc(c2ccccc2)nc1/C=N/c1ccc(C)cc1,-3.226571023540015,0
b2AR-decoy_2037,Cc1c(C)c2c(c(C)c1O)C=CC(C)(COCc1cc(c3ccccc3)no1)O2,-3.22652898178346,0
b2AR-decoy_353,Cc1ccc2oc(c3cc(Cc4ccccc4)ccc3O)cc(=O)c2c1,-3.226505390557191,0
b2AR-decoy_1878,COc1cc(c2cscc2c2ccc(SC)cc2)cc(OC)c1OC,-3.226363022101315,0
b2AR-decoy_1783,C=C(CC)C(=O)c1ccc(OCC(=O)Nc2ccc(C#N)cc2)c(Cl)c1Cl,-3.225977333116245,0
b2AR-decoy_259,C=C(C)[C@]12C[C@@H](C)[C@@]34O[C@](Cc5ccccc5)(O[C@@H]1[C@@H]3C=C(COC(=O)C(OC(C)=O)c1ccc(O)c(OC)c1)C[C@]1(O)C(=O)C(C)=C[C@H]14)O2,-3.225577342433997,0
b2AR-decoy_2661,COc1ccccc1Sc1ccc(c2ccnc(N3CCCN(C(C)=O)CC3)c2)cc1C(F)(F)F,-3.2251095539053907,0
b2AR-decoy_1899,C=C1CC2(CC(c3ccccc3Cl)OC(c3ccccc3Cl)C2)OC1=O,-3.225087699257118,0
b2AR-decoy_3132,CC(=O)CNC(=O)CC[C@@H](C)[C@H]1CC[C@H]2[C@@H]3CC[C@@H]4C[C@H](O)CC[C@]4(C)[C@H]3CC[C@@]21C,-3.224392371853162,0
b2AR-decoy_1310,CCCCCc1ccc2c3c1C(=O)C(=O)C(C)=C3OC=C2C,-3.2239962574956387,0
b2AR-decoy_966,CCCCCc1cc(O)c2c(c1)OC(C)(C)[C@@H]1CC[C@@]3(C)O[C@H]3[C@@H]21,-3.222213488569138,0
b2AR-decoy_1088,CC(=O)c1ccc(c2cc(c3cnn(CC#N)c3c3cc(C)cc(O)c3)ccn2)cc1,-3.21841066484619,0
b2AR-decoy_375,O=C(NNC(=O)c1sccc1n1cccc1)c1c(F)cccc1F,-3.217947784358584,0
b2AR-decoy_2740,O=C1c2ccccc2C(OCc2cccc(O)c2)(c2ccccc2)N1Cc1ccccc1,-3.217064454701974,0
b2AR-decoy_2549,N#Cc1c(O)nc(SCC(=O)N2c3ccccc3Sc3ccccc32)nc1c1ccccc1,-3.215874403802875,0
b2AR-decoy_2950,COc1ccc(F)cc1C(C)(C)CC(O)(Cc1ccccc1Br)C(F)(F)F,-3.215186188021672,0
b2AR-decoy_3194,COc1ccc(/C=C/c2cc(OC)cc(OC)c2/C=C/C(=O)c2ccc(C)c(C)c2)cc1,-3.2143352331905843,0
b2AR-decoy_1680,CCOC(=O)c1cc2cc(Br)ccc2oc1=O,-3.212829604086964,0
b2AR-decoy_2402,CCNC(=O)c1noc(c2cc(C(C)C)c(O)cc2O)c1C#CC1CCCC1,-3.211968077437916,0
b2AR-decoy_981,CC(CNS(=O)(=O)c1ccccc1)c1ccc(c2ccccc2F)cc1,-3.211140720939339,0
b2AR-decoy_2714,N#CC1=C(N)OC2=C(C(=O)CC(c3ccco3)C2)C1c1ccc(OCc2c(F)cccc2Cl)cc1,-3.2106509356188417,0
b2AR-decoy_1212,CC(OC(=O)CCCNC(=O)OC(C)(C)C)c1ccc2ccccc2c1,-3.2106407737398497,0
b2AR-decoy_1478,NC(=S)/N=C1/C=C[C@H]2CO[C@@H]1O2,-3.2100701591270946,0
b2AR-decoy_1875,Cc1ccc(CC(CNC(=O)Cc2ccc(NS(C)(=O)=O)c(F)c2)COC(=O)C(C)(C)C)cc1C,-3.209051371432178,0
b2AR-decoy_2712,COc1ccc(c2nc(SCc3csc(c4ccc(Cl)cc4)n3)nc(N)c2C#N)cc1,-3.208887169257051,0
b2AR-decoy_2445,C=C(C)[C@@H]1CC[C@]2(C=O)CC[C@]3(C)[C@H](CC[C@@H]4[C@@]5(C)CC[C@@H](O)C(C)(C)[C@@H]5CC[C@]43C)[C@@H]12,-3.208360235494016,0
b2AR-decoy_1769,CC(C)Cn1cc(c2cc(C(N)=O)c3c(c2)C(O)(C(F)(F)F)c2ccccc2-3)cn1,-3.2079996521435867,0
b2AR-decoy_1327,CCN(c1ccccc1)C1SC(=O)N(c2ccccc2)C1=O,-3.207576885255356,0
b2AR-decoy_477,CC1=CCCC(C)(C)C1/C=C/c1cc(C(=O)NO)no1,-3.2075464872131,0
b2AR-decoy_2183,CCc1ccc(C(=O)NN(C(=O)c2cc(C)cc(C)c2Cl)C(C)(C)C)cc1,-3.207008740544759,0
b2AR-decoy_274,COc1ccc(C(=O)Nc2ccc(CNc3ccc(c4nc5cc(CC(=O)N[C@@H](CCCC[NH3+])C(=O)[O-])ccc5o4)cc3F)cc2)cc1Br,-3.2069476636877163,0
b2AR-decoy_2323,CCOc1cc(c2cc(c3ccc(OC)cc3)nc(N)c2C#N)ccc1O,-3.2060792838260195,0
b2AR-decoy_256,CCCCN(CCCC)C(=O)c1cc(C)n(c2ccc(NS(=O)(=O)C(C)C)cc2C(=O)N2Cc3ccccc3C[C@H]2CO)n1,-3.2030267797197887,0
b2AR-decoy_1662,C[C@H](CCCC(C)(C)O)[C@H]1CC[C@H]2/C(=C/C=C3C[C@@H](O)C(O)[C@H](O)C3)CCC[C@@]21C,-3.2013855739341333,0
b2AR-decoy_122,Cc1ccc(Sc2ncccc2NC(=O)c2ccccc2Cl)cc1,-3.2012097221015523,0
b2AR-decoy_398,COC(=O)c1ccccc1Cc1ccc2c(c1O)C(=O)c1c(O)cccc1C2,-3.198441154088603,0
b2AR-decoy_1070,Cn1cc(C(c2ccc(O)c(O)c2O)c2cn(C)c3ccccc23)c2ccccc21,-3.1971871597738395,0
b2AR-decoy_3036,CC(C)=CCC/C(C)=C/CO/N=C1/C[C@@H](O)[C@@H](O)[C@@H]2[C@@H]3C(=O)N(C(C)(C)C)C(=O)[C@H]3CC[C@@H]12,-3.1971197641874385,0
b2AR-decoy_1965,COc1cc2c(cc1OCCn1ccnc1)Cc1c-2n[nH]c1c1ccc(c2ccc(O)cc2)cc1,-3.196287177897236,0
b2AR-decoy_2315,Sc1nnc(NNc2ccc(I)cc2)n1NC1C=CCC1,-3.1929069216689947,0
b2AR-decoy_2897,O=c1c(Cl)c(c2ccccc2)[nH]c2c(c3ccc(Cl)cc3)c(Cc3ccccc3)nn12,-3.1927925625521603,0
b2AR-decoy_1612,CCCCN(C(=O)c1ccc(Cl)cc1)c1nnc(c2cccc(F)c2)s1,-3.192542855275564,0
b2AR-decoy_771,CC(=O)NC(CC(=O)c1cc(Cl)cs1)c1ccc(Cl)cc1,-3.192391881982,0
b2AR-decoy_866,CNc1nc(C)c(C(=O)/C=C/c2c(Cl)cccc2Cl)s1,-3.19207241370539,0
b2AR-decoy_2455,Cc1cc(OCc2ccccc2)c2c(c1)C(=O)c1cccc(OCc3ccccc3)c1C2=O,-3.192046340655353,0
b2AR-decoy_368,CCOC(=O)C1=C(N)OC2=C(C(=O)CCC2)C1c1sccc1C,-3.191864581068224,0
b2AR-decoy_896,CCCOc1ccc2c(c1)C(C)(C)Oc1cc3oc(=O)cc(O)c3cc1-2,-3.1916482882584942,0
b2AR-decoy_2824,N#Cc1c(C(F)(F)F)cc(c2ccc(Oc3ccccc3)cc2)n(Cc2ccc(F)cc2F)c1=O,-3.191599166652506,0
b2AR-decoy_1990,O=C1NC(=O)C(n2cc(CCCO)c3ccccc32)=C1c1c[nH]c2ccccc12,-3.18945590330474,0
b2AR-decoy_2852,Cc1ccc(S(=O)(=O)c2nc(c3cccs3)oc2SC(C)c2ccccc2)cc1,-3.187594922584982,0
b2AR-decoy_2170,Cc1c(O)nc(SCC(C)C)nc1Cc1c(Cl)cccc1Cl,-3.186391859703471,0
b2AR-decoy_1828,CC(C)C[C@H](CO)Nc1nc(SCc2ccc(Br)cc2F)nc2nc(N)sc12,-3.185834430233067,0
b2AR-decoy_2595,CC(C)C(=O)CC[C@@H](C)[C@H]1CC[C@@]2(C)[C@@H]3CC[C@H]4C(C)(C)C(=O)CC[C@@]45C[C@@]35CC[C@]12C,-3.185833673290825,0
b2AR-decoy_986,Cc1[nH]c(C)c(c2ccc(OCc3ccc(F)cc3)cc2)c(=O)c1Cl,-3.1857729662848606,0
b2AR-decoy_228,CC(C)CC1(C)OC(c2ccnc(NCC3CCCO3)n2)=C(c2cccc(NS(=O)(=O)c3c(F)cccc3F)c2F)C1=O,-3.1849309684493035,0
b2AR-decoy_410,CCCC#CC1(C(F)(F)F)OC(=O)Nc2c(O)cc(Cl)cc21,-3.1829531176293737,0
b2AR-decoy_2722,O=C1CCCN1CCOc1ccc(C2Oc3cc(O)ccc3-c3sc4cc(O)ccc4c32)cc1,-3.181615383620441,0
b2AR-decoy_1080,Cc1csc(N2Nc3onc(c4ccccc4)c3C2c2ccc(Cl)cc2)n1,-3.181082952247678,0
b2AR-decoy_1390,FC(F)(F)Oc1ccc(CSc2nnc(c3ccccc3)o2)cc1,-3.178322905304032,0
b2AR-decoy_1632,C=C(C/C=C/C=C/Cl)CC(OC(=O)[C@@H]1CCC(=O)N1C)C(C)(C)C,-3.1776360710041214,0
b2AR-decoy_86,Cc1nc2c(Cl)c(NS(=O)(=O)c3cc(Cl)ccc3Cl)ccc2s1,-3.175878907330511,0
b2AR-decoy_2762,FC(F)(F)c1ccccc1c1cc(C(F)(F)F)c2[nH]c(C3=NOC4(CCOCC4)C3)nc2c1,-3.175211974120472,0
b2AR-decoy_1848,C=C(C)[C@H](O)[C@H](C[C@@](C)(O)/C=C/c1c(OC)ccc2ccc(=O)oc12)c1c(OC)ccc2ccc(=O)oc12,-3.172515538224764,0
b2AR-decoy_374,CC1(C)OC(c2ccc(S(N)(=O)=O)c(F)c2)=C(c2cccc(F)c2)C1=O,-3.172498937879356,0
b2AR-decoy_2282,CC(C)CCC[C@@H](C)[C@H]1CC[C@H]2[C@@H]3C/C(=N/O)[C@@H]4[C@@H](O)[C@@H](O)CC[C@]4(C)[C@H]3CC[C@@]21C,-3.172357582440724,0
b2AR-decoy_400,CC(C)(C)c1cc(/C=C2/CCN(O)S2(=O)=O)cc(C(C)(C)C)c1O,-3.171731813633855,0
b2AR-decoy_349,CC(C)(C)c1cnc(CSc2cnc(NC(=O)c3ccccc3)s2)o1,-3.1716989200539683,0
b2AR-decoy_209,Cc1cn([C@@H]2O[C@H](CO[Si](C)(C)C(C)(C)C)[C@@]3(OS(=O)(=O)C=C3N)[C@H]2O[Si](C)(C)C(C)(C)C)c(=O)n(CCc2ccccc2)c1=O,-3.170288963181181,0
b2AR-decoy_234,CCCOc1ccc(S(=O)(=O)N2CC[NH+](CC)CC2)cc1c1nc(O)c2cc3c(cc2n1)ncn3Cc1ccccc1OC,-3.169060874290937,0
b2AR-decoy_261,CCCCN(CCCC)C(=O)c1cc(C)n(c2ccc(N[S+]([O-])c3cccc4ccn(C)c34)cc2C(=O)N2Cc3ccccc3C[C@H]2CO)n1,-3.168687652806897,0
b2AR-decoy_1062,COc1ccc(S(=O)(=O)C(CCS)Cc2ccccc2)cc1,-3.167327327914575,0
b2AR-decoy_3040,COc1ccc2c(C(=O)N(C)CC(N)=O)c(OCC(F)(F)F)ccc2c1C(F)(F)F,-3.1649434337557367,0
ASD03130070,Fc1ccc(Nc2nc(NC3CCCCC3)c3cc(C(F)(F)F)ccc3n2)cc1F,-3.1634961821206917,1
b2AR-decoy_483,CC(C)C1Cc2c(C#N)c(N)sc(=S)c2CO1,-3.1612022085202685,0
b2AR-decoy_351,CCSc1nnc(c2cc(C(C)(C)C)c(O)c(C(C)(C)C)c2)o1,-3.160508195340919,0
b2AR-decoy_2396,CC(C)(C)c1cc(C(=O)Nc2ccc(S(N)(=O)=O)cc2)cc(C(C)(C)C)c1,-3.1603529865304543,0
b2AR-decoy_1462,Oc1cccc(O)c1Cl,-3.1589158718119563,0
b2AR-decoy_2572,Clc1ccc(CC(Cn2ccnc2)c2ccc(Cl)cc2Cl)c(Cl)c1,-3.1587458986206363,0
b2AR-decoy_163,COc1cc(/C=C/C(=O)NCCc2c[nH]c3ccc(O)c(c4c(O)ccc5[nH]cc(CCNC(=O)/C=C/c6ccc(O)cc6)c54)c23)ccc1O,-3.158568678963799,0
b2AR-decoy_1524,COc1ccc2sc(/C=C\c3cc(OC)c(OC)c(OC)c3)cc2c1,-3.1581820820558804,0
b2AR-decoy_580,O=c1[nH]c2cc(c3ccc(F)cc3)ccc2c(Br)c1O,-3.1562915844197312,0
b2AR-decoy_157,CCC(=O)CCCCC[C@@H]1NC(=O)[C@H]2CCCCN2C(=O)[C@H]([C@@H](C)CC)NC(=O)[C@H](CC2CN(OC)c3ccc(Br)cc32)NC1=O,-3.1562543470138213,0
b2AR-decoy_1387,COc1ccc(c2ccc(c3ccc4c(c3)COC4=O)s2)cc1,-3.1562326171031767,0
b2AR-decoy_3090,Cc1cccc(c2ccc(/C=C/[C@@H]3[C@@H]4[C@@H](C)OC(=O)[C@@H]4C[C@@H]4CCCC[C@H]43)nc2)c1,-3.155805616346455,0
b2AR-decoy_2375,O=C(N/N=C/c1cc(Br)c(O)c(Br)c1O)c1ccncc1,-3.1557632218729434,0
b2AR-decoy_133,CC(=O)N[C@@H](C)/C=C/c1ccc(Oc2ccc3nc(C)sc3c2Cl)nc1,-3.1534347061418817,0
b2AR-decoy_2707,CC(O)(COc1cc(C(C)(C)C)cc(C(C)(C)C)c1)C(=O)Nc1ccc(C#N)c(C(F)(F)F)c1,-3.1517512068084907,0
b2AR-decoy_355,CCCC(=C(c1ccc(O)cc1)c1ccc(O)cc1)c1ccc(O)cc1,-3.1516903964539225,0
b2AR-decoy_3016,COc1cc(OC)cc(C(=O)NCc2n[nH]c(=S)n2c2ccc(Br)cc2)c1,-3.151309781526075,0
b2AR-decoy_2727,Cc1ccc(C(=O)O[C@H]2CC[C@@]3(C)C(=CC[C@H]4[C@@H]5CC/C(=N\O)[C@@]5(C)CC[C@@H]43)C2)cc1,-3.15117513787128,0
b2AR-decoy_1341,CC(C)c1nnc2ccc(Sc3ccc(Cl)cc3Cl)cn12,-3.150868551289343,0
b2AR-decoy_673,Cc1cccc(C)c1Nc1nnc(SCc2cn3cccc(C)c3n2)s1,-3.1507400524881963,0
b2AR-decoy_3155,CC1=C(C/C=C(\C)CC/C=C(\C)Cc2ccccc2)C(=O)c2ccccc2C1=O,-3.150171993718625,0
b2AR-decoy_1187,C/C(=C\COc1ccc2ccc(=O)oc2c1)C1=CC(=N)C2(CCCCC2)O1,-3.1499304757907405,0
b2AR-decoy_1404,Nc1nnc(C(F)(F)F)s1,-3.149125866374805,0
b2AR-decoy_2548,Cc1cccc(c2nn(CC(=S)Nc3cccc(C#N)c3)cc2c2ccnc(c3ccccc3)c2)n1,-3.1491216545905822,0
b2AR-decoy_985,CCCCSc1nc(O)cc(Cc2c(Cl)cccc2Cl)n1,-3.148676445992172,0
b2AR-decoy_3158,CC(C)[C@@H](C)/C=C/[C@@H](C)[C@H]1CC[C@H]2[C@@]34C=C[C@]5(CCCC[C@]5(C)[C@H]3CC[C@]12C)OO4,-3.1473826875789395,0
b2AR-decoy_1850,CCCn1c(=O)c2[nH]c(c3ccc(OC(C)C(=O)NCc4ccc(Cl)cc4)cc3)cc2n(CCC)c1=O,-3.1458188497300825,0
b2AR-decoy_773,Nc1ccc(c2ccc(CC3CCOC3)c(O)c2)c2ccccc12,-3.14483993850723,0
b2AR-decoy_1852,CCCOc1ccc(C2(C(F)(F)F)CC(c3ccc(C)cc3)=C(NC(=O)CS(C)(=O)=O)C(=O)N2)cc1,-3.144698713804475,0
b2AR-decoy_538,CN(C(=O)c1ccc(c2ccccc2O)s1)c1cccc(O)c1,-3.144676093012557,0
b2AR-decoy_354,CC(C)=CCC1(C)C=Cc2c(c(c3ccc(C)cc3)c(Cl)[nH]c2=O)O1,-3.143441219378869,0
b2AR-decoy_1398,N#Cc1nc(c2cnccn2)oc1N,-3.1431741774416797,0
b2AR-decoy_2754,CC(C)(C)c1cc(/C=C2\CCN(c3ccc(Cl)cc3)S2(=O)=O)cc(C(C)(C)C)c1O,-3.1414651881472366,0
b2AR-decoy_17,Cc1cc(OCc2ccc(C(=O)NN=C3CCCC3)cc2)ccc1Cl,-3.141039186667585,0
b2AR-decoy_2212,C=C(C)C(/C=C\[C@@H](C)[C@H]1CC[C@H]2[C@@H]3C[C@H](O)[C@H]4C[C@H](O)[C@@H](O)C[C@]4(C)[C@H]3CC[C@@]21C)C(C)C,-3.138910422668639,0
b2AR-decoy_2793,Cc1ccc2[nH]c(/C(C#N)=C\c3ccc(Oc4ccc(C(F)(F)F)cc4[N+](=O)[O-])cc3)nc2c1,-3.137634316280021,0
ASD03130041,Cc1ccc(CNc2nc(NC3CCCCC3)c3ccccc3n2)cc1,-3.137433616501046,1
b2AR-decoy_588,COc1ccccc1c1ccc2c(c1)C(C(C)OC)=CC(C)(C)N2,-3.137009574680044,0
b2AR-decoy_1413,COc1ccc(Br)c(O)c1O,-3.136184502214304,0
b2AR-decoy_1871,COc1c(O)cc2oc(c3cc(CC=C(C)C)c(O)c(C/C=C(\C)CO)c3)c(OC)c(=O)c2c1O,-3.135420520099747,0
b2AR-decoy_1468,C/N=C1\C(Cl)=C(O)OC1O,-3.135118927136808,0
b2AR-decoy_148,CCCCCn1c(=O)sc2cc(CC34CC5CC(CC(C5)C3)C4)ccc21,-3.1350917103568903,0
b2AR-decoy_1566,CCOC(C)(C)CCc1c(O)cc2oc3c(O)ccc(CCC(C)(C)O)c3c(=O)c2c1O,-3.134911843901059,0
b2AR-decoy_969,O=C(/C=C/c1ccc(OCc2ccc(Cl)cc2)cc1)c1ccc(O)cc1,-3.133550203857935,0
b2AR-decoy_2157,O=C1NC(=O)/C(=C/c2ccc(c3ccc(OCc4ccccc4)cc3)cc2)S1,-3.133293638599993,0
b2AR-decoy_185,CC(C)CCC[C@@H](C)[C@H]1CC[C@H]2[C@@H]3C[C@@H](O)[C@@]4(O)C[C@@H](OCC(=O)N(CCO)CCO)CC[C@]4(C)[C@H]3CC[C@@]21C,-3.132910304804156,0
b2AR-decoy_759,CC(=O)NC(CC(=O)c1ccc(Cl)cc1)c1ccc(Cl)cc1,-3.1320568307457384,0
ASD03130110,Fc1ccc(Nc2nc(Nc3cc(Cl)cc(Cl)c3)nc3ccccc23)c(F)c1,-3.132017470325536,1
b2AR-decoy_190,COc1ccc(S(=O)(=O)N(CC(C)C)C[C@@H](O)[C@H](Cc2ccccc2)NC(=O)c2cc(N)cc(C(=O)N(C)Cc3nc(C)oc3C)c2)cc1,-3.1313359922638173,0
b2AR-decoy_1385,Cc1c(SCc2ccc(C(C)(C)C)cc2)cnn(C(C)(C)C)c1=O,-3.1301623012673394,0
b2AR-decoy_811,C=CCC1Oc2ccc(Cl)c(OC)c2-c2ccc3c(c21)C(C)=CC(C)(C)N3,-3.128090352256168,0
b2AR-decoy_225,CN(C)S(=O)(=O)NC(=O)C1=C(c2ccc(OC(F)F)cc2)C[C@](c2ccc(OCCCCCC(F)(F)F)cc2)(C(F)(F)F)NC1=O,-3.127473965027307,0
b2AR-decoy_1266,CCCCC1=CC2=CC(=O)C(C)(OC(=O)CC)C(=O)C2=CN1Cc1ccccc1,-3.125732135295066,0
b2AR-decoy_2636,O=C(c1ccncc1)N1N=C(c2ccccc2)CC1c1cn(c2ccccc2)nc1c1ccc(F)cc1,-3.1238267624997453,0
b2AR-decoy_2578,Clc1ccc(CC(Cn2ccnc2)c2ccccc2Cl)c(Cl)c1,-3.123204755409636,0
b2AR-decoy_2650,COc1cc(OCc2cccc(c3ccc(C#N)nc3)c2)c2cc(c3cn4nc(OC)sc4n3)oc2c1,-3.1203607093345163,0
b2AR-decoy_389,Cc1ccc(Br)cc1NC(=O)C(C)NC(=O)OC(C)(C)C,-3.1179862824689044,0
b2AR-decoy_2621,FC(F)(F)Oc1ccc(c2cn(CC3=C(Cl)c4ccc(c5cccs5)nc4CC3)nn2)cc1,-3.117595256611843,0
b2AR-decoy_619,Oc1cc(/C=C/c2ccc(Br)cc2)cc(n2ccnc2)c1,-3.1170876340051903,0
b2AR-decoy_813,CCC(C)C(=O)c1c2c(c3oc(=O)cc(c4ccccc4)c3c1O)C=CC(C)(C)O2,-3.115053053540095,0
b2AR-decoy_1475,N#CC(C(N)=O)=C1CCCCC1,-3.1148162816993743,0
b2AR-decoy_852,CC(C)=CCOc1cc(O)c2c(=O)c3ccccc3oc2c1CC=C(C)C,-3.113051253603572,0
b2AR-decoy_1718,CCc1nc(SCC(=O)Nc2cc(C)ccc2OC)c2c(C)c(C)sc2n1,-3.1128572675190167,0
b2AR-decoy_2443,CCCc1c(Cl)c(=O)oc2c3c(c4c(c12)OC(c1ccccc1)C=C4)OC(C)CC3=O,-3.1121255353946387,0
b2AR-decoy_1838,O=C(CSCc1nc(c2ccc(Cl)cc2)cs1)NNS(=O)(=O)c1ccc(Cl)cc1,-3.1119991374906237,0
b2AR-decoy_1939,N#Cc1cc(S(=O)(=O)Nc2ccc(F)cn2)ccc1Oc1ccc(Cl)c(CO)c1,-3.1119623039463766,0
b2AR-decoy_1441,NC(=O)c1ncsc1Cl,-3.111291619921577,0
b2AR-decoy_1515,COc1ccc(c2nc3sccn3c2/C=N/OCc2ccc(Cl)c(Cl)c2)cc1,-3.1111914062935293,0
b2AR-decoy_2446,Clc1ccc(C(Cn2ccnc2)OCc2ccccc2Cl)c(Cl)c1,-3.1111337556199383,0
b2AR-decoy_348,CCCCCc1cc2c(c(C(=O)NC)c1)[C@@H]1C=C(C)CC[C@H]1C(C)(C)O2,-3.110501153032435,0
b2AR-decoy_1788,CCCc1cc(Oc2ccccc2OCCn2ccc(=O)[nH]c2=O)c(C)c2cc(C#N)ccc12,-3.1102274670076038,0
b2AR-decoy_1020,COc1ccc(CCCCC(=O)C(F)(F)F)c(OC)c1,-3.109826522936068,0
b2AR-decoy_1120,Cc1ccccc1NC(=O)CSc1nc2c(c(c3ccco3)c1C#N)CCCC2,-3.109746296097474,0
b2AR-decoy_1597,CC(C(=O)NCc1cc(C(C)(C)C)nn1c1ccccn1)c1ccc(CNS(C)(=O)=O)c(F)c1,-3.109538831125114,0
b2AR-decoy_3091,CC(=O)O[C@H]1CC[C@@]2(C)C(=CC[C@H]3[C@@H]4CC[C@H](c5nnc(c6cccnc6)o5)[C@@]4(C)CC[C@@H]32)C1,-3.109347797735759,0
b2AR-decoy_2050,CC(C)(C)c1ccc(C(=O)N/N=C/c2ccc(c3ccc([N+](=O)[O-])cc3)o2)cc1,-3.1092954262330967,0
b2AR-decoy_2030,C[C@]1(c2ccc(c3cc(F)c4[nH]nc(C5CC5)c4c3)[nH]c2=O)CCCNC1=O,-3.1083335757575754,0
b2AR-decoy_2221,C[C@H]1OC(=O)[C@@H]2C[C@@H]3CCCC[C@H]3[C@H](/C=C/c3ccc4cc(NC(=O)C(C)(C)C)ccc4n3)[C@H]12,-3.107359434506525,0
b2AR-decoy_128,O=C1/C(=C\c2cc(Cl)c(O)c(Cl)c2)SC(=S)N1Cc1ccccc1,-3.106648843408272,0
b2AR-decoy_92,C[C@H](CCCC(C)(C)O)[C@H]1CC[C@H]2[C@@H]3[C@H](O)C=C4C[C@@H](O)CC[C@]4(C)[C@H]3CC[C@@]21C,-3.1063051291401567,0
b2AR-decoy_1331,CCC(/C=C/C(=O)N1CCCCC1)=C\c1ccc2c(c1)OCO2,-3.10604214919244,0
b2AR-decoy_1251,c1ccc(c2onc(c3ccco3)c2c2ccc3c(c2)OCO3)cc1,-3.1039679859057383,0
b2AR-decoy_8,CCC(C)(C)c1ccc(/C=C/C(=O)Nc2ccc3c(c2)OCCO3)cc1,-3.1037618370540496,0
b2AR-decoy_129,CCCC[C@@H]1C[C@H]2[C@@H]3CCC4=CC(=O)CC[C@]4(C)C3=CC[C@]2(C)[C@H]1C(=O)CO,-3.1025258436923497,0
b2AR-decoy_2466,C=C(C(=O)OCCCCCCBr)[C@@H]1CC[C@H](C)[C@@H]2CC(=O)C(C)=C2C1,-3.101218674381439,0
b2AR-decoy_482,Nc1ccc(Oc2ccc([N+](=O)[O-])cc2Cl)cc1,-3.100792846866862,0
b2AR-decoy_1802,CCCCCCc1c(=O)c2c(O)cc(OC)c(OC)c2oc1c1ccc(O)c(O)c1,-3.1006494060384178,0
b2AR-decoy_2141,O=c1cc(COc2ccccc2)[nH]cc1Oc1cccc(Cl)c1Cl,-3.09964683210214,0
b2AR-decoy_2052,O=[N+]([O-])c1ccc(OCc2ccsc2)cc1/C=C(/CO)c1ccccc1,-3.099243328723581,0
b2AR-decoy_2495,COc1cccc(C(=O)c2oc3ccc4c(C)cc(=O)oc4c3c2c2ccccc2)c1,-3.0988674784627923,0
b2AR-decoy_3136,O=C(COC(=O)CCCNC(=O)c1ccc(Cl)cc1)Nc1cc(Cl)c(Cl)cc1Cl,-3.098777531548137,0
b2AR-decoy_47,COc1ccc2[nH]cc(/C=C/C(=O)c3ccc(OC)c4c3OC(C)(C)C=C4)c2c1,-3.098451886297778,0
b2AR-decoy_2825,Cc1noc(c2ccc3c(c2)c2c(n3CCCSc3cc(F)cc(F)c3)CCC(F)(F)C2)n1,-3.098360637894797,0
b2AR-decoy_447,O=C1C(O)=Cc2cccc3ccc(c4ccc(O)cc4)c1c23,-3.096259084501416,0
b2AR-decoy_116,CC1=C(CCC2=NN=NN2)c2cc(F)ccc2/C1=C\c1ccc(C(C)C)cc1,-3.0955502493225797,0
b2AR-decoy_422,CC1CC=C2C(C#N)=C(N)C(C#N)(C#N)C(c3cccs3)C2C1,-3.095348108261088,0
b2AR-decoy_2173,Cc1ccccc1c1cc(=O)c2cc(NC(=O)c3cccs3)ccc2o1,-3.094795723360144,0
b2AR-decoy_2270,COc1cc2[nH]c3cc(OCc4ccc(OC(F)(F)F)cc4)ccc3c(=O)c2cc1Cl,-3.0937197795468485,0
b2AR-decoy_2929,N#Cc1cc(Cl)cc(Oc2c(F)c(CCc3cccc(Cl)c3)[nH]c(=O)c2Br)c1,-3.093460576895515,0
b2AR-decoy_49,C/C(=N/NC(=O)C(C)Oc1cc(Cl)c(Cl)cc1Cl)c1ccc(C)cc1,-3.093358127709478,0
ASD03130054,COCCOc1cccc(Nc2nc(NC3CCCCC3)c3ccccc3n2)c1,-3.0932618147402744,1
b2AR-decoy_270,CCCCc1nn(c2ccccc2C(F)(F)F)c(=O)n1Cc1ccc(c2ccccc2S(=O)(=O)NC(=O)c2sccc2C)cc1,-3.090907177173311,0
b2AR-decoy_1057,COc1ccc(/C=C\c2cc(OC)c(OC)c(OC)c2)s1,-3.089524657510106,0
b2AR-decoy_2224,N#CC1=C(SCC(=O)c2ccc(Cl)cc2)N=C2CCCC(O)=C2C1c1ccco1,-3.089286124201458,0
b2AR-decoy_132,CCCCOC(=O)Nc1sc2nc(C)cc(C)c2c1n1cccc1,-3.089076851382208,0
b2AR-decoy_1124,CCCCNC1=CC(=O)C=C(C[C@]2(C)[C@@H](C)CC[C@]3(C)C(C)=CCC[C@H]32)C1=O,-3.088910236381603,0
b2AR-decoy_2213,COc1ccc(C(=O)O[C@H]2CC[C@@]3(C)C(=CC[C@H]4[C@@H]5CC/C(=N\O)[C@@]5(C)CC[C@@H]43)C2)cc1,-3.087924513829604,0
b2AR-decoy_1410,Oc1ccc(O)c2c1SCCS2,-3.084563977911476,0
b2AR-decoy_2640,CCC(=O)N1CCOc2c(cc(c3csc4ccccc43)cc2OCCc2ccccn2)C1,-3.084379277334918,0
b2AR-decoy_748,C=CCOc1ccc(/C=N/c2ccc(C)c(Cl)c2)c(O)c1,-3.084260716312447,0
b2AR-decoy_701,Clc1ccc(/C(Cn2ccnc2)=N/Nc2c(Cl)cccc2Cl)s1,-3.0832103588478583,0
b2AR-decoy_3105,Cn1cc(CCCNC(=O)CCc2c[nH]c3ccc(Cl)cc23)c2cc(OC(F)(F)F)ccc21,-3.083207688587834,0
b2AR-decoy_965,COc1ccc(c2ccsc2c2cc(OC)c(OC)c(OC)c2)cc1O,-3.083053796583434,0
b2AR-decoy_1268,Cc1cc(C)c(OCC(=O)N(Cc2ccco2)Cc2ccco2)c(C)c1,-3.081668166136853,0
b2AR-decoy_808,CC(C)(C)[Si](C)(C)Oc1ccc(c2cc(=O)c3ccc(O)cc3o2)cc1,-3.0813881897458333,0
b2AR-decoy_1809,CCOP(=O)(OCC)C(NC(=O)c1ccc(C)cc1)C(Cl)(Cl)Cl,-3.080684296642578,0
b2AR-decoy_2166,C=C(C)/C=C/c1c2c(c(O)c3c(=O)cc(c4ccccc4)oc13)C=CC(C)(C)O2,-3.079155373070388,0
b2AR-decoy_659,CC1=CC[C@@H]2[C@@H](C1)c1c(O)cc(C(C)(C)CCCCC#N)cc1OC2(C)C,-3.0784985421094726,0
b2AR-decoy_2419,C[C@H]1[C@H](/C=C/c2ccc(c3ccccc3Cl)cn2)C2C(CC1(F)F)C(=O)O[C@@H]2C,-3.0781391859781,0
b2AR-decoy_2036,COc1ccc(/C=C2\CCC/C(=C\c3ccc(O)c(OC)c3)C2=O)c(OC)c1,-3.0777289820611737,0
b2AR-decoy_2201,Cc1[nH]c(C)c(c2ccc(Oc3ccc(C(F)(F)F)cc3)cc2)c(=O)c1Br,-3.0767330439920286,0
b2AR-decoy_1261,COc1cc2c(cc1C(=O)/C=C/c1cc(OC)c(OC)c(OC)c1)SCO2,-3.0757975981493564,0
b2AR-decoy_2626,CC(C)=CCC/C(C)=C/[C@H]1OC(=O)C[C@]12C[C@H](OC(=O)c1c(Cl)cccc1Cl)C=CC2=O,-3.075721233969907,0
b2AR-decoy_1938,O=C(C/C(=C\c1cn(c2ccccc2)nc1c1ccccc1)c1n[nH]c(=O)[nH]1)c1ccc(Cl)cc1,-3.075421306252639,0
b2AR-decoy_430,CCc1ccc2[nH]c(C(=O)Nc3ccc4c(c3)OCO4)cc2c1,-3.074137133970207,0
b2AR-decoy_2302,CS(=O)(=O)Nc1ccccc1c1ccc2c(c1)sc1c(N)ncnc12,-3.07261895429922,0
b2AR-decoy_797,COC(=O)CCCC[C@H]1[C@@H](C)CC[C@@]2(C)CC(C)[C@H](O)[C@@H](C)[C@H]12,-3.0725119721939103,0
b2AR-decoy_1084,Cc1cccc(c2c(NC(=O)c3ccco3)oc3ccc(Cl)cc3c2=O)c1,-3.071548515665054,0
b2AR-decoy_1589,CCCCCC[C@@H](C)/C=C(C)/C=C/C(=O)N[C@H]1C[C@]2(C=C(Cl)C(=O)[C@H](Cl)[C@H]2O)O[C@H]1OC,-3.071213664104988,0
b2AR-decoy_426,CCc1ccc(/C(=N/O)c2ccc(Cl)cc2)c(O)c1,-3.069523620176448,0
b2AR-decoy_110,C=C1/C(=C\C=C2/CCC[C@@]3(C)[C@H]2CC[C@@H]3[C@H](C)CCC(C)(C)O)C[C@@H](O)C[C@@H]1O,-3.068794818237751,0
b2AR-decoy_1298,O=S(=O)(Oc1ccccc1c1ccccc1)c1ccccc1,-3.068282075768368,0
b2AR-decoy_2409,C/C(C=O)=C\CC[C@@H](C)[C@H]1CC[C@@]2(C)C3=CC[C@H]4C(C)(C)C(=O)CC[C@]4(C)C3=CC[C@]12C,-3.068116917043131,0
b2AR-decoy_475,CC(=O)Nc1ccccc1NC(=O)CC(C)(C)C,-3.0667970638970856,0
b2AR-decoy_2684,CCOc1c(Cl)cc(Cl)cc1c1cnc([C@@H](C)NC(=O)C2(NC(=O)C(F)(F)F)CC2)c(F)c1,-3.0663514821265805,0
b2AR-decoy_1174,CC(C)=CCC/C(C)=C/COc1c2ccoc2c(O)c2oc(=O)ccc12,-3.0663395021190234,0
b2AR-decoy_3180,COc1cc(c2nnc(SCc3ccc(C)cc3)o2)ccc1OCc1ccc(C)cc1,-3.0662325852656043,0
b2AR-decoy_1777,CCN(CC(=O)Nc1ccccc1C(F)(F)F)C(=O)/C=C/c1ccc(Cl)c([N+](=O)[O-])c1,-3.06621750088748,0
b2AR-decoy_2454,COc1ccc2c(c1)CC[C@@H]1[C@@H]2CC[C@@]2(C)[C@H]1C[C@H]1CCCC[C@]12C(C)=O,-3.06570391919614,0
ASD03130064,Clc1ccc(Nc2nc(NC3CCNCC3)c3ccccc3n2)cc1Cl,-3.0655590590023283,1
b2AR-decoy_2873,CC(Oc1ccccc1Cl)C(=O)ON=C1CCCCCCCCCCC(=O)OCCC1,-3.065522617165431,0
b2AR-decoy_1470,NC(=O)c1cncc(Cl)n1,-3.065407365518232,0
b2AR-decoy_204,COc1ccc2cc(C(=O)N[C@@H](Cc3ccccc3)[C@H](O)CN(CC(C)C)S(=O)(=O)c3ccc(N)cc3)c(=O)oc2c1,-3.064413047518632,0
b2AR-decoy_2551,Cc1nc(c2ccccc2)sc1C(=O)CSc1nc(c2ccc(Cl)cc2)c(C#N)c(=O)[nH]1,-3.0639036850215,0
b2AR-decoy_1869,COCCNC(=O)c1cc(C(C)Nc2cc(F)cc(F)c2)c2oc(N3CCOCC3)cc(=O)c2c1,-3.0638423097998797,0
b2AR-decoy_2859,CC1=CCC[C@@H]2[C@]1(C)CC[C@H](C)[C@@]2(C)CC1=CC(=O)C(SC(C)C)=CC1=O,-3.063457089275472,0
b2AR-decoy_3152,CCOP(=O)(OCC)C(Cc1ccc(F)cc1)c1sc2ccccc2c1C,-3.06293834479627,0
b2AR-decoy_1734,COc1ccc(C(C)(C)C)cc1NC(=O)COc1ccc(c2nnco2)cc1,-3.0608451750632115,0
b2AR-decoy_2577,COC(=O)c1c(SC)cc(c2ccc(F)cc2)cc1c1ccc(F)cc1,-3.0597953110205385,0
b2AR-decoy_1706,Cc1ccc(S(=O)(=O)/N=C/c2ccc(N(C)C)cc2)cc1,-3.059626983708205,0
b2AR-decoy_1299,Cc1ccc(c2nnc(SSCC(C)C)o2)cc1,-3.057558824484346,0
b2AR-decoy_1806,COc1ccc2c(C(=O)c3cc(OC)c(OC)c(OC)c3)c(c3ccc(O)cc3)oc2c1,-3.0556012096875254,0
b2AR-decoy_9,COc1c(C)cc2c(c1CC=C(C)C)O[C@H]1c3ccc(O)cc3OC[C@@H]21,-3.054038638882473,0
b2AR-decoy_2606,Cc1coc2c1C(=O)C(=O)c1c-2ccc2c1C(OC(=O)c1ccc(F)cc1)CCC2(C)C,-3.053650023296414,0
b2AR-decoy_1019,COc1cc(OC)c(/C=C/C(=O)c2ccc(F)cc2)c(OC)c1,-3.053008257802836,0
b2AR-decoy_1639,COc1noc2c(C)cc(/C(=C\CCN3CCOC3=O)c3cccc(C#N)c3)cc12,-3.052664469806253,0
b2AR-decoy_401,CC1(C)NC(=O)C2=C1Nc1cc3c(cc1C2c1cccc(Cl)c1)OCO3,-3.052422494168025,0
b2AR-decoy_938,Clc1ccc(/N=N/Nc2ccc(Cl)c(Cl)c2)cc1Cl,-3.051131138039732,0
b2AR-decoy_1873,CCNS(=O)(=O)c1ccc(NC(=O)CSc2nc(C(F)(F)F)cc(c3ccco3)n2)cc1,-3.0503044901311247,0
b2AR-decoy_948,COc1c(Cl)cc(Cl)cc1C(=O)c1[nH]c(Cl)c(Cl)c1Cl,-3.049688962585667,0
b2AR-decoy_1484,Cc1sc(c2cc[nH]n2)nc1O,-3.049613292773674,0
b2AR-decoy_1542,CON=C(c1ccon1)c1ccccc1COc1ccc(Cl)cc1C,-3.049496636787496,0
b2AR-decoy_2903,CC(=O)c1ccc(c2cc(c3ccc([N+](=O)[O-])c4cccnc43)c(c3ccc(C(C)=O)cc3)o2)cc1,-3.04875669717456,0
b2AR-decoy_1247,COc1ccc(OC)c2c1C(=O)C=C([C@@H](CC=C(C)C)Oc1ccncc1)C2=O,-3.0475588484767777,0
b2AR-decoy_1989,C=C1CC[C@@H](OC)[C@@](O)(CO)C[C@H]2O[C@@]23[C@H](C(C)(C)O)CC[C@@]3(C)CC1,-3.047235114363965,0
b2AR-decoy_581,Cc1cc(C)c2c(N)c(S(=O)(=O)Cc3ccccc3)sc2n1,-3.0460940586447487,0
b2AR-decoy_2128,COc1ccc(c2ccn(c3ccc(O)nc3)c2c2ccc(C(N)=O)cc2C)cc1,-3.0453468266656585,0
b2AR-decoy_1649,O=C(OCCSc1ccc([N+](=O)[O-])c2nonc12)c1ccc(Cl)cc1Cl,-3.0445163138132223,0
b2AR-decoy_2938,COC1(O[C@H]2CC[C@H]3[C@@H]4CC[C@H]5CC(=O)CC[C@]5(C)[C@H]4CC[C@]23C)CCCC1,-3.044384014000462,0
b2AR-decoy_94,CCCCC[C@](C)(O)[C@H]1CC[C@H]2[C@@H]3C[C@H](O)[C@H]4C[C@@H](O)CC[C@]4(C)[C@H]3CC[C@@]21C,-3.0428847814974924,0
b2AR-decoy_279,CCCCc1nn(c2ccccc2C(F)(F)F)c(=O)n1Cc1ccc(c2ccccc2S(=O)(=O)NC(=O)C2C(C)(C)C2(C)C)cc1,-3.041985078218553,0
b2AR-decoy_711,COc1cc(/C=C2\CCC/C(=C\c3ccccc3C(F)(F)F)C2=O)ccc1O,-3.041222298446045,0
b2AR-decoy_1637,COc1cc(c2cn(Cc3cccc(OC(F)(F)F)c3)nn2)ccc1n1cnc(C)c1,-3.0411630825750584,0
b2AR-decoy_2451,CC(C)(C(=O)/C=C/c1ccccc1C(F)(F)F)C(=O)/C=C/c1ccccc1C(F)(F)F,-3.041017987511891,0
b2AR-decoy_952,C=CCC1Oc2ccc(F)c(OC)c2-c2ccc3c(c21)C(C)=CC(C)(C)N3,-3.040649007655433,0
b2AR-decoy_1376,Cc1cc(C)c(C(CC(=O)c2cccs2)C(C#N)C#N)c(C)c1,-3.04031739909979,0
b2AR-decoy_2759,O=C(OCc1ccccc1)/C(=C/c1ccc(Cl)cc1)NC(=O)c1ccccc1Cl,-3.039470556401042,0
b2AR-decoy_2110,CO[P@](=O)(c1cc(C)cc(/C=C/C#N)c1)c1c(C(N)=O)[nH]c2ccc(Cl)cc12,-3.039360349209261,0
b2AR-decoy_1384,C=CCC(C)(C)c1nnc2ccc(Sc3ccc(F)cc3F)cn12,-3.0376211065745955,0
b2AR-decoy_2319,COc1cc2occ(c3ccc(O)cc3O)c(=O)c2c(O)c1CC=C(C)C,-3.0373905893227287,0
b2AR-decoy_2477,CC(C)CCCC(C)C1CCC2C3CCC4N(C)C(=O)CC[C@]4(C)C3CC[C@]12C,-3.036777360150472,0
b2AR-decoy_1185,S=C(N/N=C(\c1ccccc1)c1ccccn1)SCc1ccccc1,-3.035820140741964,0
b2AR-decoy_1464,N=C1C(Cl)=C(O)OC1O,-3.0343417662824064,0
b2AR-decoy_2001,C=CCNc1sc(C(=O)c2ccc(Br)s2)c(N)c1C#N,-3.032301057347394,0
b2AR-decoy_2829,CCCCc1oc2ccccc2c1Cc1ccc2c(Br)c(OCn3cnnn3)ccc2c1,-3.031918179290692,0
b2AR-decoy_2820,COc1ccc(c2nn(c3ccc(Cl)cc3)cc2/C=C\C(=O)c2ccc(Cl)cc2)cc1,-3.0304110637689736,0
b2AR-decoy_1751,CC1=CC[C@@H]2[C@@H](C1)c1c(O)cc(CC(=O)OCCCCC#N)cc1OC2(C)C,-3.0297704021516223,0
b2AR-decoy_399,O=C1Nc2ccc(Cl)cc2/C1=C\c1ccc(O)c(Br)c1,-3.028715426551444,0
b2AR-decoy_1179,COc1cc(NC(=O)/C=C/c2c(C)cc(F)cc2C)ccc1c1cnco1,-3.0270084676513926,0
b2AR-decoy_2091,NC(=O)CCCOc1cc(Cl)c2c(c1)C(O)(C(F)(F)F)c1ccccc1-2,-3.026679336599853,0
b2AR-decoy_2275,COc1cc(c2ccc3sc(c4ccsc4)c(C#CCO)c3c2)cc(OC)c1OC,-3.0262399602171173,0
b2AR-decoy_364,CCCC[C@@]12CCC(=O)C(C(F)(F)F)=C1c1ccc3[nH]ncc3c1C2,-3.0254749445477613,0
b2AR-decoy_2720,C[C@H](CCC=C(CO)CO)[C@H]1CC[C@@]2(C)C3=C(CC[C@]12C)[C@@]1(C)CCC(=O)C(C)(C)[C@@H]1CC3=O,-3.024971525915684,0
b2AR-decoy_415,NS(=O)(=O)c1cccc(c2ccc(c3ccc4c(c3)COC4=O)s2)c1,-3.021777668685919,0
b2AR-decoy_3047,CC(C)=CCc1c(O)c(CC=C(C)C)c2c(c1O)C(=O)c1c(O)cc(C)c(CC=C(C)C)c1C2O,-3.0209202584888906,0
b2AR-decoy_548,C=C1CC[C@H]2C(C)(C)CCC[C@]2(C)[C@H]1C[C@@H](O)C1=CC(=O)OC1O,-3.0208194581353798,0
b2AR-decoy_1760,CCO/C(O)=C1\C(C)=NC2=C(C(=O)CC(C)(C)C2)C1c1ccc(N(C)C)cc1,-3.0206118717915533,0
b2AR-decoy_1325,Cc1ccccc1CSc1nnc(c2ccccc2)o1,-3.019528989144555,0
b2AR-decoy_1072,Cc1ccc(Cn2ccc(NC(=O)c3c(C)onc3c3ccccc3Cl)n2)cc1,-3.0185530680325248,0
b2AR-decoy_2565,Cc1ccsc1c1cncc(C#Cc2cncc(c3sccc3C)c2)c1,-3.0182534822910245,0
b2AR-decoy_2833,CCCc1ccc2c(c1)COP(=S)(Oc1cc(C)ccc1C(C)C)O2,-3.0177794396007083,0
b2AR-decoy_125,COc1ccc(c2cc(O)c(Sc3ccccc3C(C)C)c(=O)o2)cc1,-3.0160426086378047,0
b2AR-decoy_2853,CC(C)(C)c1cc(c2ccc(C(=O)N3CCCCC3)s2)cc(C(C)(C)C)[s+]1,-3.015025869483204,0
b2AR-decoy_1713,CC(=O)Oc1ccccc1c1cc2cc(C)ccc2oc1=O,-3.013868300577882,0
b2AR-decoy_2417,Clc1ccc(C(Cc2ccc(Cl)cc2Cl)Cn2ccnc2)cc1,-3.013747428420101,0
b2AR-decoy_677,C/C1=C\CC(C)(C)C[C@@H](OC(=O)/C=C/c2ccc(O)cc2)C/C(C)=C/CC1,-3.013416498308348,0
b2AR-decoy_2671,Cc1c(NC(=O)NC(=O)c2c(F)cccc2F)ccc(SC(F)(F)C(F)Cl)c1C,-3.010782187169521,0
b2AR-decoy_93,C[C@H](C(O)CCC(C)(C)O)[C@H]1CC[C@H]2[C@@H]3CC=C4C[C@@H](O)CC[C@]4(C)[C@H]3CC[C@@]21C,-3.010348565320654,0
b2AR-decoy_1691,COc1ccc(C2COc3c(ccc(O)c3OC)C2)c(OC)c1O,-3.009720296486492,0
b2AR-decoy_1137,O=C(NC(=O)c1c(F)cccc1F)OCc1ccc(c2cccc(Cl)c2)o1,-3.008171069711248,0
b2AR-decoy_2780,C=C(CC)C(=O)c1ccc(OCc2nc(c3ccc4ccccc4c3)cs2)cc1Cl,-3.0079596410474028,0
b2AR-decoy_1864,CC(=O)N1CCc2cc(S(=O)(=O)NC(CC(C)C)C(=O)Nc3ccc(C(C)C)cc3)ccc21,-3.006597270707742,0
b2AR-decoy_130,CC(Br)C(=O)Nc1ccc(C(=O)/C=C/c2ccc(Cl)cc2)cc1,-3.006454506532815,0
b2AR-decoy_1747,O=C(/C=C/c1ccc(O)cc1)c1ccc(OS(=O)(=O)c2cccc(F)c2)cc1,-3.005517614400863,0
b2AR-decoy_918,CCOC(=O)C1=C(C)Nc2ccccc2SC1c1ccccc1Cl,-3.005472744958163,0
b2AR-decoy_79,CCCCCCc1cc2c(C)cc3c(c2o1)C(=O)c1c(O)cccc1C3=O,-3.004794182850931,0
b2AR-decoy_922,C=C(C)CC1Oc2cccc(OC)c2-c2ccc3c(c21)C(C)=CC(C)(C)N3,-3.0043616114541605,0
b2AR-decoy_3045,O=C(c1cnc(N2CCCC2)s1)c1sc2cc(Cl)cc(Cl)c2c1Cl,-3.0029927690334466,0
b2AR-decoy_1584,CCCc1c(OCC(O)COc2ccc(/C=C3\CC(=O)NC3=O)cc2)ccc(Cl)c1Cl,-3.0014495611115297,0
b2AR-decoy_2243,CC(C)[C@@H](C)C[C@H](O)[C@@H](C)[C@H]1CC[C@H]2[C@H]3[C@H](CC[C@@]21C)[C@@]1(C)CC[C@H](O)CC1=C[C@@H]3O,-3.001211906270578,0
b2AR-decoy_2827,CC(C)(C)c1cn(CC(OCc2ccc(Cl)cc2)c2ccc(Cl)cc2Cl)nn1,-3.0001783251824383,0
b2AR-decoy_460,COc1ccc2c(c1)/C(=N/Nc1ccc(C(C)(C)C)cc1)C(=O)N2,-3.0001129839104843,0
b2AR-decoy_2317,NS(=O)(=O)c1ccc(n2nc(C(F)(F)F)cc2c2ccccc2)cc1CO,-2.9986022085610085,0
b2AR-decoy_1687,Cc1cc(C)c(C)c(C(=O)C2OC(=O)C(C)(C)C(=O)C2(C)C)c1C,-2.9982407748625213,0
b2AR-decoy_931,CCOC(=O)/C(=C\Nc1ccc(Cl)cc1Cl)c1ccc(Cl)cc1,-2.9975537479936585,0
b2AR-decoy_1205,O=C(/C=C/c1cccc(OC(F)(F)F)c1)Nc1ccc2c(c1)CCC2,-2.9948744773937173,0
b2AR-decoy_930,CCCOC1Oc2ccc(F)cc2-c2ccc3c(c21)C(C)=CC(C)(C)N3,-2.994855330296967,0
b2AR-decoy_2142,O=C(/C=C/c1nccc2c1[nH]c1ccccc12)c1ccc(Br)cc1,-2.9942587784476915,0
b2AR-decoy_2164,CC(C)=CCc1cc2c(=O)cc(c3ccc4c(c3)C=CC(C)(C)O4)oc2cc1O,-2.9927573944621617,0
b2AR-decoy_1307,COc1ccc(/C=C/C(=O)/C=C/c2ccc(OC)cc2)cc1,-2.9924381641343625,0
b2AR-decoy_2000,N#CC(=C(/N)Sc1ccccc1)/C(C#N)=C(\N)Sc1ccccc1,-2.992251456068069,0
b2AR-decoy_1286,CCN(CC)c1cc2oc(=O)ccc2cc1c1cccs1,-2.9914871022659386,0
b2AR-decoy_1280,COc1ccc(C2OOC(c3ccc(C(C)(C)C)cc3)OO2)cc1,-2.991049570477979,0
b2AR-decoy_732,CC1(C)CCN(CCOc2ccc3[nH]ccc3c2)c2ccc(Br)cc21,-2.9907767640280696,0
b2AR-decoy_1693,CC(C)(C1=N[C@@H](C(C)(C)C)CO1)C1=N[C@@H](C(C)(C)C)CO1,-2.9905659281918093,0
b2AR-decoy_2580,Clc1ccc(C(COc2ccc(Br)cc2)Cn2ccnc2)c(Cl)c1,-2.9903890598716485,0
b2AR-decoy_1517,COc1cccc(CN(C)C(=O)c2csc(c3cccc(OC)c3)c2)c1,-2.9902027088469447,0
b2AR-decoy_1176,CCCCCCC(=O)c1cc(O)c2c(c1)OC(C)(C)[C@@H]1CC=C(C)C[C@@H]21,-2.989801379287248,0
b2AR-decoy_497,CCOC(=O)c1c(N)scc1c1ccsc1,-2.989109474121103,0
b2AR-decoy_2991,COc1ccc(n2c(O)cc(=O)nc2SCC(=O)Nc2ccc(Br)cc2)cc1,-2.9886217283325154,0
b2AR-decoy_1562,CCC(C)(C)NC(=O)C(c1ccco1)N(C(=O)CNC(=O)c1cccs1)c1cccnc1,-2.98796630659006,0
b2AR-decoy_804,CC(C)CC(=O)c1c2c(c3oc(=O)cc(c4ccccc4)c3c1O)C=CC(C)(C)O2,-2.987640935425984,0
b2AR-decoy_2032,CCc1ccc(C2c3c([nH]nc3c3cc(C)ccc3O)C(=O)N2CCO)cc1,-2.987163729157944,0
b2AR-decoy_1544,Cc1ccc(/C=C/C(=O)Oc2cc(CCc3ccccc3)oc(=O)c2)cc1,-2.986858202897486,0
b2AR-decoy_1424,Oc1cccc(Br)c1O,-2.9866472194863567,0
b2AR-decoy_3006,O=S(=O)(CC(F)(F)F)NCCCCNc1nc2c(s1)CCCc1ccc(F)cc1-2,-2.985291340854359,0
b2AR-decoy_2797,CC(C)Cc1ccc(C(C)c2nnc(COc3ccc(c4ccccc4)cc3)o2)cc1,-2.984436905505465,0
b2AR-decoy_1382,S=C(N/N=C/c1ccccc1c1cccs1)Nc1ccccc1,-2.982979914748996,0
b2AR-decoy_3130,Cc1ccc(c2nnc(SCC(=O)c3ccc(CC(N)=O)s3)nc2c2ccc(C)cc2)cc1,-2.982493628625148,0
b2AR-decoy_2941,C=C(c1cc(Cl)cc(Cl)c1OCc1ccc(Cl)cc1)n1ccnc1,-2.98224384193522,0
b2AR-decoy_2360,NS(=O)(=O)c1ccc(n2nc(C(F)(F)F)cc2c2ccc(CO)cc2)cc1,-2.9807166683149884,0
b2AR-decoy_2249,CCCCSc1nnc2c(n1)OC(c1ccc(Br)s1)Nc1ccccc1-2,-2.979732224658952,0
b2AR-decoy_2400,CCc1nccc(c2ccc(C(=O)NC)c(Cl)c2)c1C#Cc1ccc(N)nc1C,-2.9780108861619183,0
b2AR-decoy_1634,CC(C)CC(=O)OC1c2c(ccc3ccc(=O)oc23)OC(C)(C)C1OC(=O)CC(C)C,-2.9776342387181645,0
b2AR-decoy_1209,CCc1cc(OCc2nc3c(Cl)ccc(Cl)c3o2)c(O)nc1C,-2.977106675712507,0
b2AR-decoy_2480,COc1ccc([C@H]2CC(=O)C=C(/C=C/c3ccc(Cl)cc3)C2)cc1,-2.976467573337388,0
b2AR-decoy_943,Cc1cc(N2CCc3ccsc3C2)cc(C)c1NC(=O)CC(C)(C)C,-2.976039805277614,0
b2AR-decoy_152,C=C(C)[C@@H]1CC[C@]2(C(=O)NCCCCCCCC(=O)NCC(=O)[O-])CC[C@]3(C)[C@H](CC[C@@H]4[C@@]5(C)CC[C@H](O)C(C)(C)[C@@H]5CC[C@]43C)[C@@H]12,-2.974671646502658,0
b2AR-decoy_1608,Cc1ccc(C(=O)NCCc2nnc3ccc(SCC(=O)Nc4c(C)cc(C)cc4C)nn23)cc1,-2.974655490752313,0
b2AR-decoy_2291,O=C1C[C@H](O)C[C@@H](/C=C/c2c(Cl)cc(Cl)cc2c2cc(Cl)cc(Cl)c2)O1,-2.974466401652874,0
b2AR-decoy_1677,CC(C)(C)C(=O)OCSc1nc(c2ccncc2)no1,-2.974377127071682,0
b2AR-decoy_2917,COc1ccc(C2Sc3cc(OC)ccc3N=C3c4ccccc4C(c4ccccc4)C32)cc1,-2.974157148961868,0
ASD03130039,c1ccc2c(NC3CCCCC3)nc(NC3CCCCC3)nc2c1,-2.973952441264888,1
b2AR-decoy_1476,CSc1ccccc1B(O)O,-2.9738412277170023,0
b2AR-decoy_414,Cc1ccc(Cl)cc1NS(=O)(=O)c1ccc2c(c1)NC(=O)CCS2,-2.972975065513317,0
ASD03130102,Cc1cccc2c(NC3CCCCC3)nc(Nc3cc(Cl)cc(Cl)c3)nc12,-2.9723768223403604,1
b2AR-decoy_3115,CC(C)C[C@H](c1c(O)c(C=O)c(O)c(C=O)c1O)[C@@]1(C)CC[C@@H]2[C@@H]1[C@H]1[C@@H](CC[C@]2(C)O)C1(C)C,-2.9722764168494784,0
b2AR-decoy_2534,Nc1ccccc1NC(=O)/C=C/c1ccc(c2nnc(Cc3cccc4ccccc34)o2)cc1,-2.971716698800816,0
b2AR-decoy_1350,C=C1C(CC(C)C)=C(C#N)C(=O)N1c1cc(Cl)ccc1Cl,-2.971516823275342,0
b2AR-decoy_2540,CN(C)C(=S)Nc1cccc(c2nnc(SCC(=O)c3ccc(Cl)cc3Cl)o2)c1,-2.97117657618538,0
b2AR-decoy_2471,Clc1ccc(/N=C/c2c(Sc3ccc(Cl)cc3)nc3sccn23)cc1,-2.970899072818421,0
b2AR-decoy_591,COc1ccc(N/N=C2\C3=C(CCC(C)(C)O3)C(=O)c3ccccc32)cc1,-2.970732622271362,0
b2AR-decoy_3068,Cc1ccc(SC2=C(Cl)C(=O)C(Sc3ccc(C)cc3)=C(Cl)C2=O)cc1,-2.970205677459063,0
b2AR-decoy_2020,NC(=S)N/N=C(\COc1ccc(F)cc1)c1ccc(Br)cc1,-2.9681987186495915,0
b2AR-decoy_2231,CCc1oc2ccccc2c1C(=O)c1ccc(Br)c(O)c1Br,-2.9672001609044147,0
b2AR-decoy_2808,CO[C@H]1C[C@@H]2C[C@H](OC)CC[C@]2(C)[C@H]2CC[C@@]3(C)[C@@H](CC[C@@H]3[C@H](C)CCC(=O)N3CCCC3)[C@H]12,-2.966328366122409,0
b2AR-decoy_2794,COc1ccc2c(c1)C(C(=O)N(Cc1ccc(N(C)C)cc1)c1ccc(C(C)C)cc1)CCC2,-2.966317837260786,0
b2AR-decoy_2631,COc1cccc(OC)c1n1cc(c2ccccc2Sc2ccc(C(F)(F)F)cc2)nn1,-2.9656752983478896,0
b2AR-decoy_2854,COc1ccc(/C=C/C(=O)c2cc(C(C)(C)C)c(OC)c(C(C)(C)C)c2)cc1,-2.965389141217093,0
b2AR-decoy_1531,COc1ccc(CN(C)C(=O)C23CC4CC(CC(Cl)(C4)C2)C3)c(OC)c1OC,-2.965224862133017,0
b2AR-decoy_385,NS(=O)(=O)c1ccc(C2=C(c3ccc4c(c3)OCO4)CCC2)cc1,-2.96389360570511,0
b2AR-decoy_2934,O=C1[C@H](Cc2ccccc2)N=C(c2ccccc2)c2ccccc2N1Cc1cccc(c2ccccc2)c1,-2.9633729351220044,0
b2AR-decoy_2586,CC(C)CO[C@H]1CC[C@@]2(C)[C@@H](CC[C@H]3[C@@H]4C[C@@H](Br)C(=O)[C@@]4(C)CC[C@@H]32)C1,-2.96152504678483,0
b2AR-decoy_625,COc1cc2c(cc1O)CC[C@@H]1[C@@H]2CC[C@@]2(C)[C@H]1CC[C@@H]2CC(C)=O,-2.9603858246885317,0
b2AR-decoy_1335,CO/N=C/c1ccc(Sc2ccccc2)c([N+](=O)[O-])c1,-2.9597405305919158,0
b2AR-decoy_533,C=Cc1c(C)c(O)cc2c1-c1ccc(OC)c(CO)c1CC2,-2.9595480429022665,0
b2AR-decoy_1336,CCCCCc1cccc2c1S(=O)(=O)c1ccccc1O2,-2.959095312140207,0
ASD03130049,CN(c1ccccc1)c1nc(NC2CCCCC2)c2ccccc2n1,-2.958387635814164,1
b2AR-decoy_2966,O=c1c(Oc2ccc(OC(F)(F)F)cc2)c(Cl)cnn1Cc1cccc2ccccc12,-2.958375953397988,0
b2AR-decoy_1461,CC1(C)C(=O)C(C)(C)C1=NN,-2.957424675280004,0
ASD03130114,Clc1cc(Cl)cc(Nc2nc(NCCC3CCCCC3)c3ccccc3n2)c1,-2.9543950158629597,1
b2AR-decoy_2600,CCOc1ccc(c2ccc(C3=CC(=O)C[C@H](c4ccc(F)cc4)C3)cc2)cc1,-2.954096521102287,0
b2AR-decoy_2554,CC(C)=CCCC(C)(O)C1Cc2c(c(CC=C(C)C)c(O)c3c(=O)c4cc(O)ccc4oc23)O1,-2.953110374061742,0
b2AR-decoy_761,COc1cc(CCc2cccc(Cl)c2Cl)cc(OC)c1O,-2.9500800066732378,0
b2AR-decoy_1034,COc1ccc(C(C)=O)cc1CSc1nnc(c2ccncc2)o1,-2.9493383864652065,0
b2AR-decoy_1587,COc1ccc(Cn2c(C(=O)[O-])c(C[NH2+]Cc3ccc(SC)cc3)c3ccc(OC)cc32)cc1,-2.948307468933391,0
b2AR-decoy_667,Oc1ccc(/C=C/c2cc(O)cc(/C=C/c3ccc(O)cc3)c2)cc1,-2.9460206585387216,0
b2AR-decoy_2393,O=S1(=O)c2ccccc2Nc2c(CCc3ccc(O)c(O)c3)cccc21,-2.9459474622912603,0
b2AR-decoy_1315,CCOC(=O)c1sc(SCC)c2c1CC(C)(C)CC2=O,-2.943756258564559,0
b2AR-decoy_1279,CC(C)c1nnc2ccc(c3ocnc3c3ccc(Cl)cc3)cn12,-2.942565375879254,0
b2AR-decoy_248,CNC(=O)c1ccc(/C=C/C(=O)NCC(=O)N(C)c2ccc(Cl)c(COc3cccc4c3nc(C)cc4n3ccnc3)c2Cl)cc1,-2.942501953519383,0
b2AR-decoy_2604,CCCCSc1cnc2c(c1)CCC(c1ccc(Cl)c(Cl)c1)O2,-2.942136082848099,0
b2AR-decoy_1326,Cc1cccc(CSc2nnc(c3ccc(Cl)cc3)o2)n1,-2.9412987738327487,0
b2AR-decoy_2368,Cc1ccc(c2cc(C(F)(F)F)nn2c2ccc(S(N)(=O)=O)c(CO)c2)cc1,-2.940858307744946,0
b2AR-decoy_2867,CC1=CC[C@@H]2[C@@H](C1)c1c(O)cc(C(C)(C)c3ccccc3C)cc1OC2(C)C,-2.9407657579322524,0
b2AR-decoy_1338,COc1cc(/C=C/C(=O)c2cccc(F)c2)cc(OC)c1,-2.9398210824985,0
ASD03130067,Fc1ccc(Nc2nc(NC3CCCCC3)c3cc(Cl)ccc3n2)cc1F,-2.9396972564254447,1
b2AR-decoy_1570,CCc1ncnc(NC(C)c2ccc(NC(=O)N(C)CCCN(C)C(C)=O)cc2)c1Cl,-2.939457638815555,0
b2AR-decoy_1969,COc1c(COc2ccc(NS(C)(=O)=O)cc2)cc(c2ccc[nH]c2=O)cc1C(C)(C)C,-2.9387943665229312,0
b2AR-decoy_320,Cc1cc(c2ccc3oc(=O)cc(c4ccccc4)c3c2)c(C)cc1CO,-2.937206260344724,0
b2AR-decoy_3013,O=C(CCCl)Nc1ccc(SCC(=O)Nc2ccc(Br)cn2)cc1,-2.9370599209029926,0
b2AR-decoy_1741,Cc1cccc(c2ocnc2C(=O)Nc2cnn(CCN3CCc4ccccc43)c2)c1,-2.936788927950043,0
b2AR-decoy_1381,C=C(c1cc(Cl)cc(Cl)c1OCc1ccsc1)n1ccnc1,-2.936151022494651,0
b2AR-decoy_857,CCc1cc2c(cc1O)CC[C@@H]1[C@@H]2CC[C@]2(C)[C@@H](C[N+](=O)[O-])CC[C@@H]12,-2.9352534388347182,0
ASD03130109,Cc1ccc2c(NC3CCCCC3)nc(Nc3cc(Cl)cc(Cl)c3)nc2c1,-2.934556994273896,1
b2AR-decoy_247,C[C@H]1CN([C@H](C)CO)C(=O)c2cc(NS(=O)(=O)c3cccs3)ccc2O[C@@H]1CN(C)S(=O)(=O)c1ccc(F)cc1,-2.9332737218796883,0
b2AR-decoy_2508,C=CCn1c(=Nc2ccc(Cl)cc2)sc(C)c1c1ccccc1,-2.9315877485099904,0
b2AR-decoy_1447,COc1cccc(O)c1O,-2.9305457230941374,0
b2AR-decoy_1058,Clc1ccc(OCCCCSc2ncccn2)cc1,-2.929351397948533,0
b2AR-decoy_1353,N#C/C(=C/c1ccc(N2CCCCCC2)o1)c1ccc(Cl)cc1,-2.927452207174726,0
b2AR-decoy_2805,CC(C)=CCC/C(C)=C/Cc1c(=O)c2c(O)cc(O)c(CC=C(C)C)c2oc1c1ccc(O)cc1O,-2.927136010226553,0
b2AR-decoy_2112,Cc1n[nH]c(O)c1C(c1ccc(Br)cc1)c1c(C)n[nH]c1O,-2.926780126159584,0
b2AR-decoy_2559,CCc1nnc(c2cc(C(=O)N3CCC(F)(c4ccc(C#N)cc4)CC3)ccc2C2CCC2)[nH]1,-2.925765817264058,0
b2AR-decoy_1480,NC(=S)c1nccs1,-2.925300729023005,0
ASD03130101,CCOC(=O)N1CCC(Nc2nc(Nc3cc(Cl)cc(Cl)c3)nc3ccccc23)CC1,-2.924067098626528,1
b2AR-decoy_2516,Cc1nc(c2ccc(Cl)cc2)sc1C(=O)CSc1nc(c2ccccc2)c(C#N)c(=O)[nH]1,-2.922710800347768,0
ASD03130026,Nc1nc(Nc2ccccc2)nc2ccc(I)cc12,-2.9210004664431826,1
b2AR-decoy_1282,C/C(=C\COc1ccc2ccc(=O)oc2c1)CC/C=C(\C)C1CC(=O)C(C)(C)O1,-2.9194692600692416,0
b2AR-decoy_2970,CC(=O)[C@@]12OC(C)(c3ccccc3)O[C@@H]1CC1C3CCC4=CC(=O)CCC4(C)C3CCC12C,-2.918214019217733,0
b2AR-decoy_196,C=CCCS(=O)(=O)NC(=O)c1ccccc1NC(=O)[C@@H](NC(=O)OC(C)(C)C)c1ccc(Oc2cc(OC)nc(c3ccccc3)n2)c(C=C)c1,-2.916942786365967,0
b2AR-decoy_3127,C[C@@H](CCCC(C)(C)O)C1CCC2/C(=C/C=C3C[C@@H](O)C(=CCO)[C@H](O)C3)CCCC21C,-2.9165112535494644,0
b2AR-decoy_721,Cc1[nH]c(C)c(c2ccc(Oc3ccc(C(F)(F)F)cc3)cc2)c(=O)c1Cl,-2.915471600259469,0
b2AR-decoy_725,COc1ccc(/C=C2/C(=O)Nc3ccc(Cl)cc32)c(c2ccc(Cl)cc2)c1,-2.91462923584889,0
b2AR-decoy_2350,O=C(NNC(=O)c1ccccc1Cl)c1cc2cc(OC(F)(F)F)ccc2[nH]1,-2.9134150847118283,0
b2AR-decoy_2197,C/C(=C\CC[C@@H](C)[C@H]1CC[C@@]2(C)C3=C(CC[C@]12C)[C@@]1(C)CCC(=O)C(C)(C)[C@@H]1CC3=O)CO,-2.912046235208626,0
b2AR-decoy_1619,Cc1ccc(OCCCC(=O)Oc2ccc3c(C)cc(=O)oc3c2)c(C)c1,-2.911561982901039,0
b2AR-decoy_747,O=c1cc(c2ccccc2)c2cc(c3ccc(CO)cc3)ccc2o1,-2.911029665852383,0
b2AR-decoy_2669,CCc1nnc(SCc2nc(c3ccccc3Cl)oc2C)c2cc3sc(C)cc3n12,-2.9104585318998937,0
b2AR-decoy_944,FC(F)(F)c1ccccc1c1cc2cn[nH]c2cc1OCC1CC1,-2.909594637006335,0
b2AR-decoy_1787,Cc1nc([C@](C)(CC(C)(C)C)NC(=O)c2cc(OCC(F)(F)F)c(C3CC3)cn2)no1,-2.9095474463273603,0
b2AR-decoy_1893,Cc1cccc(OCC(=O)N(Cc2cccs2)c2ccc(Cl)cc2)c1C,-2.90941314468141,0
b2AR-decoy_1395,N#Cc1c[nH]c(c2ncc[nH]2)n1,-2.9065968413861176,0
b2AR-decoy_1218,CCCCOC(C#CC1CC1)(c1cc(CC)c(C)nc1O)C(F)(F)F,-2.905963490734008,0
b2AR-decoy_249,CNC(=O)c1ccc(/C=C/C(=O)NCC(=O)N(C)c2ccc(Cl)c(COc3cccc4ccc(C)nc34)c2Cl)cn1,-2.9035108186046203,0
b2AR-decoy_2526,Cc1cc(c2c(F)cc3c(=O)c(Cc4c(O)cc(O)cc4O)cn(C4CC4)c3c2F)cc(C)n1,-2.9032016485290097,0
b2AR-decoy_1207,O=C(Nc1nccs1)C(c1ccc(Cl)cc1)c1ccc(Cl)cc1,-2.90290460942058,0
b2AR-decoy_48,CC(C)=C/C=C\[C@H](C)[C@H]1CC[C@]2(C)C[C@H]3[C@H]4C(=CC[C@@H]12)C(=O)O[C@H]4C[C@@]3(C)O,-2.902401084839052,0
b2AR-decoy_329,O=c1oc(C2(O)CCCCC2)cc2ccc(/C=C/c3ccc(F)cc3)cc12,-2.902243991987023,0
b2AR-decoy_2610,CC1=C(/C=C/C(C)=C/C=C/C(C)=C/C(=O)n2ccnc2)C(C)(C)CCC1n1ccnc1,-2.902051076154747,0
b2AR-decoy_2715,Cc1ccc(Cc2cc(c3ccc(Br)cc3)n(c3ccc(S(N)(=O)=O)cc3)n2)cc1,-2.9014255205069093,0
b2AR-decoy_16,Cc1ccccc1C(=O)Nc1nnc(c2ccc(C(C)(C)C)cc2)s1,-2.9009934127609105,0
b2AR-decoy_1221,COc1ccccc1c1cc(c2ccc(OC(F)(F)F)cc2)[nH]n1,-2.900150453095036,0
b2AR-decoy_1826,CCCCCCCCCC(=O)O[C@@H]1[C@@H](C)[C@@]2(O)[C@@H](C=C(CO)C[C@]3(O)C(=O)C(C)=C[C@@H]23)[C@@H]2C(C)(C)[C@]12O,-2.89953488182878,0
ASD03130100,CC(C)CCNc1nc(Nc2cc(Cl)cc(Cl)c2)nc2ccccc12,-2.8994887087033634,1
b2AR-decoy_1891,Cc1cc2c(cc1C(=O)/C=C/c1ccc(C#N)cc1)C(C)(C)CCC2(C)C,-2.897803994089187,0
b2AR-decoy_2924,CC(C)(C)c1ccc(c2ccc(OCc3ccccc3)c(/C=C3\SC(=O)NC3=O)c2)cc1,-2.8968707999850203,0
b2AR-decoy_3021,COc1ccc(/C=N/NC(=O)c2ccc(NC(C)=O)cc2)cc1COc1ccc(F)cc1F,-2.8955516356262203,0
b2AR-decoy_1784,CCc1cc(CC)nc(SCC(=O)Nc2ncc(Cc3cccc(C)c3)s2)n1,-2.8946639050932315,0
b2AR-decoy_1549,N#CN1CC(OC(c2ccccc2)c2cc(c3ccon3)cc(c3ccon3)c2)C1,-2.892651504979341,0
b2AR-decoy_1465,NNC(=O)c1cccs1,-2.8907436427229856,0
b2AR-decoy_649,CCOC(=O)c1oc2cc(c3ccc(Br)cc3)cc(O)c2c1C,-2.8903598616943054,0
b2AR-decoy_909,Cc1[nH]c(C)c(c2ccc(Oc3ccc(Cl)cc3)cc2)c(=O)c1C,-2.890048271668466,0
b2AR-decoy_1270,O=[N+]([O-])CCCCCCN1c2ccc(F)cc2Sc2cccnc21,-2.8898943428487294,0
b2AR-decoy_1563,CC1=C(C(=O)Nc2ccc(CC(=O)NCc3ccc(OC(C)C)cc3)cc2)SCCO1,-2.887231605395889,0
b2AR-decoy_1451,N#CCc1nc(C#N)c(N)o1,-2.886892289704297,0
b2AR-decoy_1733,COc1cc2c(c(OC)c1OC)-c1c(cc3c(c1O)OCO3)[C@H](OC)[C@@H](C)[C@@H](C)C2,-2.8856615882014283,0
b2AR-decoy_2885,O=C(/C=C/c1ccc(n2ccnc2)cc1)c1ccc(OCc2ccc(Cl)cc2Cl)cc1,-2.8842765636568126,0
b2AR-decoy_107,Cc1cc(C)c(S(=O)(=O)Nc2cc(Cl)c3oc4c(c3c2)C(=O)CCC4)cc1C,-2.882619059758034,0
b2AR-decoy_1252,Cc1onc(c2ccccc2)c1c1nnc(c2ccccc2C(F)(F)F)o1,-2.881609867522286,0
b2AR-decoy_2298,O=C(N/N=C\C1=C(Cl)c2ccccc2CCC1)C1=C(Cl)c2ccccc2CCC1,-2.8808948858404264,0
b2AR-decoy_3096,Cc1cccc(NC(=O)c2c(C)cc(C)nc2SCC(=O)Nc2c(C)cc(C)cc2C)c1,-2.880591079650909,0
b2AR-decoy_3035,Cc1ccc(/C=N/NC(=O)c2cccc(S(=O)(=O)Nc3ccccc3Cl)c2)s1,-2.879634646837532,0
b2AR-decoy_1829,CCn1c(CNC(=O)c2ccco2)nnc1SCC(=O)Nc1ccc(Br)cc1F,-2.87871516342582,0
b2AR-decoy_640,Oc1ccc(/C=C/c2ccc(/C=C/c3cc(O)cc(O)c3)cc2)cc1,-2.877422081029728,0
b2AR-decoy_1686,CCOC=C1SC(=S)N(c2ccccc2OC)C1=O,-2.877360933684652,0
b2AR-decoy_2682,CC(C)=CCC1(CC=C(C)C)C(=O)[C@](O)(CC=C(C)C)C(=O)C2=C1O[C@H](c1ccccc1)C[C@H]2O,-2.8773277573567317,0
b2AR-decoy_1528,CCCCSC(=O)[C@@]1(C)CC[C@H]2[C@@H](CC=C3C[C@@H](OC(C)=O)CC[C@@]32C)[C@@H]1CC#N,-2.87719325707053,0
b2AR-decoy_1025,COc1ccc2cc(/C=C/C(=O)/C=C/c3ccc(N(C)C)cc3)ccc2c1,-2.8770715214003477,0
b2AR-decoy_2456,CC(C)C1=C(Sc2ccccc2)c2ccc3c(c2C(=O)C1=O)CCCC3(C)C,-2.8748861514012174,0
b2AR-decoy_1292,Cc1cc(Cl)cc(C)c1OCCCCn1ccnc1,-2.874416456645153,0
b2AR-decoy_972,COc1cc(/C=N/c2cc(C)c(O)cc2C(C)C)cc(OC)c1OC,-2.873214163219504,0
b2AR-decoy_2980,COn1c2ccccc2c2cc(COCc3ccc4c(c3)c3ccccc3n4OC)ccc21,-2.8723633906754,0
b2AR-decoy_1011,CC(C)=CCOc1ccc(C(=O)/C=C/c2ccc(C)cc2)c(O)c1,-2.87011809572857,0
b2AR-decoy_1951,CC1(C)OC2=C(C(=O)/C(=N\NC(=O)c3ccncc3)c3ccccc32)C1Nc1ccccc1,-2.86938961642883,0
b2AR-decoy_3185,O=C(/C=C/c1ccc(c2ccc(Cl)c(Cl)c2)o1)c1ccc(Br)cc1,-2.8688384936297693,0
b2AR-decoy_1208,Cc1ccc(c2cc(NC(=O)COc3ccc(Cl)c(C)c3)on2)cc1,-2.868322271264099,0
b2AR-decoy_705,CCC1(CC)Oc2cc(OC)ccc2[C@@H](c2ccc(O)cc2)[C@H]1c1ccccc1,-2.867907823976278,0
b2AR-decoy_2741,CC(=O)O[C@H]1CC[C@@]2(C)C(=CC(=O)[C@@H]3[C@@H]2CC[C@@]2(C)[C@H]3CC[C@@H]2[C@H](C)CCCC(C)(C)O)C1,-2.867587565449804,0
b2AR-decoy_1618,CC1=NC(C)=C(C(=O)OCC(C)C)C(c2ccccn2)/C1=C(\O)OCC(C)C,-2.8674775676793165,0
b2AR-decoy_1442,COc1cc(O)cc(Br)c1O,-2.8674445954644936,0
b2AR-decoy_2774,FC(F)(F)c1ccccc1c1cc(C(F)(F)F)c2[nH]c(C3=NOC4(CCCCC4)C3)nc2c1,-2.866310583422584,0
b2AR-decoy_2916,C=C(c1ccccc1)C1COC2(CC[C@@]3(C)C(CC[C@@H]4[C@@H]3CC[C@]3(C)[C@@H](C(C)=O)CC[C@@H]43)C2)OO1,-2.8657650015872664,0
b2AR-decoy_727,C[C@H](CCC(=O)N(C)C)[C@H]1CC[C@H]2[C@@H]3CC[C@@H]4C[C@H](O)CC[C@]4(C)[C@H]3CC[C@@]21C,-2.8657613919796825,0
b2AR-decoy_1925,CN(C)C(=O)c1cc(Cl)ccc1Sc1cc(Cl)ccc1Cl,-2.8655890296869937,0
b2AR-decoy_563,CC(C)(C)c1cccc(n2cc(C(=O)c3ccccc3N)nn2)c1,-2.8653316776622377,0
ASD03130057,COCCOc1cccc(Nc2nc(NC3CCC(F)(F)CC3)c3ccccc3n2)c1,-2.865120776653762,1
b2AR-decoy_776,CN(C)c1ccc(/C=C/C(=O)/C=C/c2ccc3[nH]ccc3c2)cc1,-2.865010423052496,0
b2AR-decoy_181,CCCn1c(=O)c2nc(c3ccc(OCC(=O)NCCNC(=O)CCc4ccc(N)c(I)c4)cc3)[nH]c2n(CCC)c1=O,-2.864180049393367,0
b2AR-decoy_802,CCCCOC(=O)[C@H](C)c1cc(O)c2c(c1)OC(C)(C)[C@@H]1CC=C(C)C[C@@H]21,-2.8637153159708038,0
b2AR-decoy_3176,Cc1ccc(COc2ccc(/C=C/C(=O)/C=C/c3cccc(Cl)c3Cl)cc2)cc1,-2.861970400420204,0
b2AR-decoy_2603,CC1=CC[C@H]2C(C)(C)C(=O)CC[C@]2(C)[C@H]1CC[C@H]1C(C)=CC[C@H]2C(C)(C)C(=O)CC[C@]12C,-2.861542829668678,0
b2AR-decoy_1344,Fc1ccc(c2nnc(/C=C/c3ccc(Br)s3)o2)cc1,-2.8607008867175563,0
ASD03130113,CCN(CC)C1CCC(Nc2nc(Nc3cc(Cl)cc(Cl)c3)nc3ccccc23)CC1,-2.8596449829319948,1
b2AR-decoy_2750,O=S(=O)(Nc1nccs1)c1ccc(Oc2ccc(c3ccccc3)cc2)cc1F,-2.85928358690789,0
b2AR-decoy_2601,Cc1ccc(/N=C2/c3ccccc3/C(=N/c3ccc(C)cc3)c3occc32)cc1,-2.858801553077294,0
b2AR-decoy_916,Fc1cc(F)cc(/C=C/c2n[nH]c3cc(c4ccncc4)ccc23)c1,-2.8579110118027105,0
b2AR-decoy_1508,CCN(CC)C(=O)C1Sc2ccc(OC)cc2-c2c1c1ccccc1n2CCF,-2.857029559531848,0
b2AR-decoy_233,COc1cc(C(=O)NS(=O)(=O)c2ccccc2C)ccc1Cc1cn(C)c2ccc(C(=O)NC[C@@H](C)CC(F)(F)F)cc12,-2.856563837450836,0
b2AR-decoy_1213,COc1cc(/C=N/c2cc(C(C)(C)C)c(O)cc2C)cc(OC)c1OC,-2.856515606837108,0
b2AR-decoy_3178,Fc1ccc(COc2ccc(/C=C/CCSc3nc4ccccc4s3)cc2)cc1,-2.85601959320653,0
b2AR-decoy_768,CC(=O)C1=C(C)Nc2ccccc2SC1c1ccccc1[N+](=O)[O-],-2.8553866534233507,0
b2AR-decoy_2430,Cc1ccc(OP(=O)(Oc2ccc(C)cc2)C(=O)Oc2ccccc2)cc1,-2.855191920634616,0
b2AR-decoy_2687,O=S(=O)(Nc1cncc(c2ccc(c3ccc4[nH]ccc4c3)s2)c1)c1ccc(F)cc1F,-2.854638199659731,0
b2AR-decoy_2651,C=CCCCc1ccc2cc(N3CCCN(C(=O)c4cc(CC=C)ccc4n4nccn4)CC3)ccc2c1,-2.851996804890549,0
b2AR-decoy_1630,O=C1S/C(=C\c2ccc(OCc3ccccc3)cc2)C(=O)N1Cc1ccc(F)cc1,-2.850824842955366,0
b2AR-decoy_25,CCC1OC(/C=C/C2CC2)(C(F)(F)F)c2cc(Cl)ccc2NC1=O,-2.8495722002391077,0
b2AR-decoy_886,COc1ccccc1COc1ccc2c(c1)C(C)=CC(C)(C)N2,-2.849211684656724,0
b2AR-decoy_2283,CC(C)CCC[C@@H](C)[C@H]1CC[C@H]2[C@@H]3[C@H](O)/C(=N\O)C4=C[C@@H](O)CC[C@]4(C)[C@H]3CC[C@@]21C,-2.8486421905779222,0
b2AR-decoy_1752,CCn1c2ccncc2c2cc(NS(=O)(=O)c3ccc(OC)cc3OC)ccc21,-2.8476407269911905,0
b2AR-decoy_1420,Nc1oncc1n1cc(F)cn1,-2.845577355613305,0
b2AR-decoy_686,CCCC/C=C\C1(c2cc(O)c3c(c2)OC(C)(C)[C@@H]2CCC(=O)C[C@@H]32)CCC1,-2.8452733847798237,0
b2AR-decoy_2180,CC(C)=CCc1cc(C2CC(=O)c3ccc(O)cc3O2)cc2c1OC(C)(C)C=C2,-2.845150472816444,0
b2AR-decoy_1865,Cc1ccc(S(=O)(=O)CNC(=S)CCCC(=S)NCS(=O)(=O)c2ccc(C)cc2)cc1,-2.844922460805515,0
b2AR-decoy_2608,N#Cc1cc(Cl)cc(Oc2cc(OCc3nc(c4ccccc4)no3)ccc2Cl)c1,-2.8445922588773103,0
b2AR-decoy_1122,Cc1ccccc1OCC(=O)Nc1ccc(c2nc3c(C)c(C#N)ccc3o2)cc1,-2.8439155873581234,0
b2AR-decoy_1258,Cc1noc(C)c1CSc1nnc2cc(C)c3ccccc3n12,-2.8430789431817263,0
b2AR-decoy_586,O=C(Nc1ccc(OC(F)(F)F)cc1)Sc1ccc(Cl)s1,-2.841502372062395,0
b2AR-decoy_3024,C#CCCCCn1c(Sc2cc3c(cc2Br)OCO3)nc2c(N)ncnc21,-2.8407484981231392,0
b2AR-decoy_1796,COc1cc(CSc2nc(O)c(C)c(Cc3c(Cl)cccc3Cl)n2)cc(OC)c1,-2.8405389147108235,0
b2AR-decoy_1355,Cc1nnc(Sc2ncnc3scc(c4ccccc4)c23)s1,-2.840328701993476,0
b2AR-decoy_742,CC(C)(C)c1cc(C(=O)/C=C/c2ccc3c(c2)OCO3)cc(C(C)(C)C)c1O,-2.8400114101353164,0
b2AR-decoy_963,CC(C)c1ccccc1Sc1c(O)cc(c2ccc(F)cc2)oc1=O,-2.838227766555116,0
b2AR-decoy_2594,O=C(OCCBr)C1(c2ccc(c3ccc(Cl)c(Cl)c3)c(F)c2)CC1,-2.838155587943857,0
b2AR-decoy_232,COc1ccc(/C=C/[C@@H](C)[C@@H]2C/C=C/C(=O)N[C@H](Cc3ccc(OC)c(Cl)c3)C(=O)NCC(C)(C)C(=O)O[C@@H](CC(C)C)C(=O)O2)cc1,-2.8376367574232058,0
b2AR-decoy_1779,C=C(C)CC[C@]1(C)C2=CCC[C@](C)(C[C@@H](OC(C)=O)C3=CC(=O)OC3O)[C@H]2CC[C@H]1C,-2.837460397285528,0
b2AR-decoy_1403,Cc1cc(S(N)(=O)=O)c(C)o1,-2.836449571014364,0
b2AR-decoy_1624,CCOP(=O)(OCC)O/C(=C\Cl)c1ccc(Cl)cc1Cl,-2.8358025621423466,0
b2AR-decoy_2771,CC(C)c1nc(C(=O)NCc2ccc(Cl)c(F)c2)c(c2ccc(C#N)cc2)s1,-2.835364780182305,0
b2AR-decoy_1740,Cc1cc(/C=C(\C#N)C(=O)NCc2cccs2)c(C)n1c1ccc([N+](=O)[O-])cc1,-2.8353175779352298,0
b2AR-decoy_2210,C=C(Br)CC1Oc2cccc(OC)c2-c2ccc3c(c21)C(C)=CC(C)(C)N3,-2.8346495127974896,0
b2AR-decoy_1412,C#CSc1cnc(O)nc1O,-2.8331032333747914,0
b2AR-decoy_293,C[NH2+]CCOC1(Cn2ncc(c3ccc(N4CCc5cccc(C(=O)Nc6nc7ccccc7s6)c5C4)nc3C(=O)[O-])c2C)CCCC(C)(C)C1,-2.832718057199133,0
b2AR-decoy_2724,CC1=CC[C@@H]2[C@@H](C1)c1c(O)cc(C(C)(C)CCCCC(=O)N(C)C)cc1OC2(C)C,-2.830727319903099,0
b2AR-decoy_1613,O=C(OCC1=CC=C(COC(=O)c2ccccc2)SS1)c1ccccc1,-2.829696915633613,0
ASD03130074,Cc1ccc2nc(Nc3cc(Cl)cc(Cl)c3)nc(NC3CCCCC3)c2c1,-2.8288368799494608,1
b2AR-decoy_587,COc1c2occc2c(O)c(c2ccccc2)c1c1ccccc1,-2.82810163076949,0
b2AR-decoy_2971,Cc1ccc(S(=O)(=O)c2nc(c3ccco3)oc2SCc2ccccc2Cl)cc1,-2.8267525431901075,0
b2AR-decoy_958,O=C(Nc1ccc(OC(F)(F)F)cc1)Oc1ccccc1N1CCCCC1,-2.8258110604923097,0
b2AR-decoy_253,COc1ccc(S(=O)(=O)N(C)C[C@@H]2Oc3c(NS(=O)(=O)c4ccc(Cl)cc4)cccc3C(=O)N([C@@H](C)CO)C[C@H]2C)cc1,-2.824176500532519,0
b2AR-decoy_899,COc1ccc(NC(=O)/C=C/c2ccc(C(C)(C)C)cc2)cc1,-2.823769286063384,0
b2AR-decoy_3116,C=C1/C(=C\C=C2/CCC[C@@]3(C)[C@H]2CC[C@@H]3[C@H](C)CCC[C@@](C)(O)[C@@H](C)CO)C[C@@H](O)C[C@@H]1O,-2.821702711869237,0
b2AR-decoy_893,COc1cccc(c2sc3ccc(OC)cc3c2C#CC(C)(C)O)c1,-2.820795109958628,0
b2AR-decoy_3121,CC(C)C[C@H](c1c(O)c(C=O)c(O)c(C=O)c1O)[C@@H]1CC[C@@](C)(O)[C@@H]2[C@@H]3[C@H](CC[C@@]12C)C3(C)C,-2.818848255295271,0
b2AR-decoy_728,C=C(C)[C@@H]1C/C=C(\COC(C)=O)CC[C@@H](O)[C@](C)(Cl)CC/C=C(\C)CC1,-2.818448226082837,0
b2AR-decoy_1633,CCOC(c1ccc(Cl)cc1Cl)C(OC(C)(C)C)n1cnc(C)c1,-2.816418408617704,0
b2AR-decoy_1060,CCCCCC(=O)c1cccc(OCc2cccc(C#N)c2)c1,-2.8158512473124606,0
b2AR-decoy_569,O/N=C/c1ccc(c2ccc(O)cc2)c(c2ccc(O)cc2)c1O,-2.8145931760928407,0
b2AR-decoy_1931,C/C(=N\NC(=S)Nc1ccc(Br)cc1)c1ccc(Br)cc1,-2.813538007474232,0
b2AR-decoy_2196,C=C1CC/C=C(\C)CCC2=C(C)C(=O)O[C@H]2/C=C(\C)CC[C@@H]1OC(=O)NCCCCC,-2.812355447317187,0
b2AR-decoy_255,CSCCc1c(OCCCNC(=O)[C@H](Cc2cccnc2)NC(C)=O)n(c2ccc(Cl)c(Cl)c2)nc1c1cccnc1,-2.8095317273110085,0
b2AR-decoy_2796,CCN(CC)c1ccc(S[C@@H]2CC3=CC(=O)CC[C@]3(C)[C@H]3CC[C@]4(C)C(=O)CC[C@H]4[C@@H]32)cc1,-2.809196737360752,0
b2AR-decoy_2216,CC(C)[C@@H](C)[C@H](C)C[C@@](C)(O)C1=CC[C@H]2[C@@H]3CC=C4C[C@@H](O)CC[C@]4(C)[C@H]3[C@H](O)C[C@]12C,-2.809150716509797,0
b2AR-decoy_2078,CC1=NC(C)=C(C(=O)OCCSc2ccccc2)C(C)/C1=C(\O)OC(C)C,-2.805184837834461,0
b2AR-decoy_1588,CC(C)(CO)[C@@H](O)C(=O)NCCC(=O)Nc1cc(Cl)ccc1Oc1ccc(Cl)cc1Cl,-2.804184652084585,0
b2AR-decoy_131,O=C1CCCN1C(c1ccc(Br)cc1)c1c(O)ccc2ccccc12,-2.8038410148003186,0
b2AR-decoy_589,CCCC[C@@]12CCC(=O)C(CC)=C1c1ccc3[nH]nc(F)c3c1C2,-2.803744519037918,0
b2AR-decoy_1430,COC(=O)c1c[nH]c(c2ncc[nH]2)n1,-2.803354869056384,0
b2AR-decoy_2728,CCC(/C=C/[C@@H](C)[C@H]1CC[C@H]2[C@@H]3CC=C4C(=O)[C@](O)(C(=O)OC)C[C@]4(C)[C@H]3CC[C@@]21C)C(C)C,-2.803116376146575,0
b2AR-decoy_2265,O=c1c2ccc(OCc3ccc(Cl)cc3)cc2[nH]c2ccc(Cl)c(Cl)c12,-2.803091785994414,0
b2AR-decoy_2922,CCOC(=O)c1ccc(N2C(=O)c3[nH]nc(c4cccs4)c3C2c2ccc(C(C)C)cc2)cc1,-2.802843590274274,0
b2AR-decoy_2324,Cc1cc(NN)n2nc(SCc3ccccc3Br)nc2n1,-2.8027345318785954,0
b2AR-decoy_3177,Cc1cc(CCCCCOc2c(Cl)cc(c3ccc(C)o3)cc2Cl)on1,-2.8026156635824377,0
b2AR-decoy_1114,CCCO/C(O)=C1\C(C)=NC2=C(C(=O)CC(C)(C)C2)C1c1ccc(N(C)C)cc1,-2.801506266595391,0
b2AR-decoy_2755,CC(C)CCC[C@@H](C)C1CC[C@H]2[C@@H]3C[C@@H]([N+](=O)[O-])[C@H]4C[C@@H](O)CC[C@]4(C)[C@H]3CC[C@]12C,-2.800258724964926,0
b2AR-decoy_3101,CCCCC(=O)c1c(O)cc(O)c2c1OC1=C(C(=O)C(C)(C)C(=O)C1(C)C)C2CC(C)C,-2.800125408159953,0
b2AR-decoy_1497,Nc1nnnn1/N=C/c1cccs1,-2.798673320159129,0
b2AR-decoy_2491,CC(C)(C)c1cc2c(OCc3cc(c4ccc(Cl)cc4)no3)ncnc2s1,-2.79695677731392,0
b2AR-decoy_1592,COc1ccc2c(c1)c(CC(=O)N[C@H](CO)CC(C)C)c(C)n2C(=O)c1ccc(Cl)cc1,-2.796725544595833,0
b2AR-decoy_690,CCOc1ccc(c2oc3c(ccc4ccccc43)c(=O)c2O)cc1OCC,-2.796102460217642,0
b2AR-decoy_2371,Cc1c(C)c2c(c(NC(=O)/C=C/c3ccc(O)c(O)c3)c1O)CCC(C)(C)O2,-2.7955176920368463,0
b2AR-decoy_2732,C[C@]12CC[C@H]3[C@@H](CC=C4C[C@H](NC(=O)C5CCC5)CC[C@@]43C)[C@@H]1CC=C2n1ccnc1,-2.794282438868756,0
b2AR-decoy_2716,COC(=O)c1ccc([C@H]2Nc3ccc(S(=O)(=O)Nc4ccc(C)cc4)cc3[C@H]3C=CC[C@H]32)cc1,-2.79327522172395,0
b2AR-decoy_1245,CCOc1ccc2c(C)cc(=O)oc2c1COC(=O)/C=C/c1ccc(OC)cc1,-2.792794864365107,0
b2AR-decoy_74,CC(C)Oc1ccc(c2ccc(C(=O)c3c(F)ccc(O)c3F)s2)cc1C#N,-2.7924616950375007,0
b2AR-decoy_1474,Cc1ccncc1S(N)(=O)=O,-2.7898447617480038,0
b2AR-decoy_453,Cc1cccc(Cl)c1NNC(=O)c1ccc(C(C)(C)C)cc1,-2.7882867240544384,0
b2AR-decoy_2033,C/C(=N\NS(=O)(=O)c1ccc(N)cc1)c1ccc(n2c(C)ccc2C)cc1,-2.7880642086141108,0
b2AR-decoy_2587,CC(C)C1CC(=O)c2s/c(=N/c3c(Cl)cc(Cl)cc3Cl)oc2C1,-2.786163307942773,0
b2AR-decoy_2647,C[C@]12CC[C@H]3[C@@H](CCC4=CC(=O)CC[C@@]43C)[C@@H]1C/C(=C\c1ccc(OCCCn3ccnc3)cc1)C2=O,-2.7859200893289926,0
b2AR-decoy_1904,CC(C)C[C@@H]1C[C@@]2(CC[C@H]3C[C@@H]2C3(C)C)OC2=C1C(=O)C(C)(C)C(=O)C2(C)C,-2.785714204168844,0
b2AR-decoy_22,Cn1nc(c2ccccc2)c(C(O)c2ccccc2C(F)(F)F)c1Cl,-2.78566159760364,0
b2AR-decoy_1161,Cc1noc(NS(=O)(=O)c2ccccc2c2ccc(C(C)(C)C)cc2)c1C,-2.7847618225699766,0
b2AR-decoy_2616,COC(=O)c1cc2c(F)c(F)c(Sc3ccccc3Br)c(F)c2s1,-2.7833735649300704,0
b2AR-decoy_1895,O=[N+]([O-])c1ccc2c3c([N+](=O)[O-])ccc4ccc5ccc6ccc1c2c6c5c43,-2.783367371272875,0
b2AR-decoy_3134,Cc1ccc(NC(=O)c2c(C)cc(C)nc2SCC(=O)Nc2ccc(Br)cc2)cc1,-2.78335084988328,0
b2AR-decoy_2261,CC1(C)Oc2cc(C3(CCCCC#N)CCCC3)cc(O)c2[C@@H]2CC(=O)CC[C@H]21,-2.7831997007399174,0
b2AR-decoy_1490,C/C=C/[C@H]1C[C@H](O)[C@H](O)C1,-2.782516332759172,0
b2AR-decoy_2203,C=C(CC[C@H](O)C(C)(C)O)[C@H]1CC[C@]2(C)[C@@H]1CC[C@@H]1[C@@]3(C)CC[C@@H](O)C(C)(C)[C@@H]3CC[C@]12C,-2.78073926863054,0
b2AR-decoy_1466,Brc1c[nH]c(c2ncc[nH]2)n1,-2.779891407519727,0
b2AR-decoy_2345,CC(C)(CO)NC(=O)/C=C1/CC[C@H]2[C@@H]3CC=C4C[C@@H](O)CC[C@]4(C)[C@H]3CC[C@]12C,-2.779594720687214,0
b2AR-decoy_2875,CCOc1c(/N=N/c2ccccc2Cl)c(c2ccccc2)nn1C(=S)S,-2.779418997482248,0
b2AR-decoy_1086,COc1cc2nc(c3cccc(Br)c3)cc(O)c2cc1c1cnco1,-2.779249230720652,0
b2AR-decoy_894,COc1cc(Sc2c[nH]c3ccc(C)cc23)cc(OC)c1OC,-2.777334969556019,0
b2AR-decoy_1538,COc1ccc(N(C(=O)CCCl)C(C#N)c2ccc(Br)cc2)cc1,-2.774580326481856,0
b2AR-decoy_1770,CCOP(=O)(OCC)C(Nc1ccc([N+](=O)[O-])cc1)c1ccc(Cl)cc1,-2.7744477239199385,0
b2AR-decoy_1193,Clc1ccc(C(c2ccc(Cl)cc2)(c2ncc[nH]2)n2ccnc2)cc1,-2.773282985030132,0
b2AR-decoy_2695,Cc1ccc(C(=O)N/C(=C\c2ccc(c3cc(Cl)ccc3Cl)o2)C(=O)NCc2cccnc2)cc1,-2.771665536079321,0
b2AR-decoy_216,CCCCc1c(Cc2ccc(c3ccccc3c3nc(=O)o[nH]3)cc2)c(=O)n([C@H]2CC[C@H](OCC(C)(C)O)CC2)c2ncnn12,-2.770507095921632,0
b2AR-decoy_703,Cc1[nH]c(C)c(c2ccc(Oc3cccc(C(F)(F)F)c3)cc2)c(=O)c1Cl,-2.7703813552221064,0
b2AR-decoy_2429,CCOC(c1cc(Cl)cc(Cl)c1)C(SC(C)(C)C)n1ccnc1,-2.769566550096925,0
b2AR-decoy_681,CCOc1ccc(c2onc(C(F)(F)F)c2c2ccc(OC)cc2)c(O)c1,-2.769306815882782,0
b2AR-decoy_424,N#Cc1ccc2c3c([nH]c2c1)-c1ccc(c2cn[nH]c2)cc1C3=O,-2.766539388788801,0
b2AR-decoy_3186,Clc1ccc(C(COCc2ccc(c3ccccc3)cc2)Cn2cncn2)c(Cl)c1,-2.7661644810892865,0
b2AR-decoy_1446,CC(C)(C)/C=N/NC(N)=S,-2.7660459729336684,0
b2AR-decoy_2940,Cc1sc2c(c1C)C(c1ccc(Cl)cc1)=C[C@@H](CC(=O)OC(C)(C)C)c1nnc(C)n1-2,-2.7658558004797893,0
b2AR-decoy_1097,O=C(NCc1cccs1)c1ccc2nc(c3ccco3)c(c3ccco3)nc2c1,-2.7645129444714547,0
b2AR-decoy_99,Cc1ccc(c2cc(C(=O)NC(C)c3cnccn3)cc(c3scnc3C)c2)cc1,-2.7632801117749097,0
b2AR-decoy_826,CCCC/C=C\C1(c2cc(O)c3c(c2)OC(C)(C)[C@@H]2CCC(=O)C[C@@H]32)CCCC1,-2.7614090770479782,0
b2AR-decoy_1156,CC(=O)NCCC1=C(c2ccc(C(C)(C)C)cc2)Cc2ccc3c(c21)CCO3,-2.7584711828834605,0
b2AR-decoy_2721,C=C1CC[C@H]2[C@@](C)(CC[C@@H](O)[C@@]2(C)CO)[C@@H]1C/C=C1/C(=O)OC[C@H]1Oc1cccc2ccc(C)nc12,-2.757539005760808,0
b2AR-decoy_1228,CCOC(=O)c1c(NC(=O)CC(C)C)scc1c1cccs1,-2.755362561943561,0
b2AR-decoy_2744,COc1ccc(/C=C/Sc2nc(C(C)c3c(Cl)cccc3Cl)c(C)c(=O)[nH]2)cc1,-2.755072418270682,0
b2AR-decoy_2493,Cc1cc(Cl)ccc1Oc1coc(/C=C/c2ccccc2)cc1=O,-2.752994719015266,0
b2AR-decoy_2303,Cc1ccc(NC(=O)c2ccc(Oc3ccc(C(F)(F)F)cc3)nc2)c(B(O)O)c1,-2.750192655257046,0
b2AR-decoy_3056,CSc1ccc(SC2=C(Sc3ccc(SC)cc3)C(=O)c3ccccc3C2=O)cc1,-2.749854880611674,0
b2AR-decoy_3135,C=C(CC[C@@H](C)[C@H]1CC[C@@H]([C@@H]2C[C@H]3O[C@]34C[C@@H](O)CC[C@]4(C)C2=O)[C@]1(C)CCO)C(C)C,-2.749219357955723,0
b2AR-decoy_2295,CC(C)CCC[C@@H](C)[C@H]1CC[C@H]2[C@@H]3C/C(=N\O)C4=CC(=O)CC[C@]4(C)[C@H]3CC[C@@]21C,-2.747969181024871,0
b2AR-decoy_2703,CC(CO)(CO)C(=O)O[C@H]1CC[C@@]2(C)C(=CC[C@H]3C4=CC=C(c5cccnc5)[C@@]4(C)CC[C@@H]32)C1,-2.7469106996179926,0
ASD03130052,COCCOc1ccc(Nc2nc(NC3CCCCC3)c3ccccc3n2)cc1,-2.746387360104169,1
b2AR-decoy_862,CC1=C(CCc2ccoc2)[C@@]2(C)CCCC(C)(C)C2=C(O)C1=O,-2.746232829979432,0
b2AR-decoy_1748,Cc1ccc(c2nnc(CCC(=O)NCC3C4CC5CC(C4)CC3C5)o2)s1,-2.745664986366636,0
b2AR-decoy_2552,O=C(NC1CC1)c1ccc(C2CC(=O)N(Cc3ccccc3[N+](=O)[O-])c3ccccc3S2)cc1,-2.745420520033377,0
b2AR-decoy_2700,O=C(Cc1ccc(Cl)cc1)NC(NC(=O)Cc1ccc(Cl)cc1)c1ccccc1C(F)(F)F,-2.744881605771752,0
b2AR-decoy_3023,CC(O)c1ccc(N(C)S(=O)(=O)c2cccc(C(=O)Nc3ccc(C#N)cc3)c2)cc1,-2.742474623536121,0
b2AR-decoy_1356,Cn1s/c(=N/c2ccc(c3ccccc3)cc2)nc1c1ccccc1,-2.740612020853688,0
b2AR-decoy_837,CC1=NN(c2ccccc2)C(=S)/C1=C/Nc1ccc(/N=N/c2ccccc2)cc1,-2.740376740047899,0
b2AR-decoy_1267,Cc1onc(c2ccccc2Cl)c1C(=O)N1C=CC(C(F)(F)Cl)=NCC1,-2.739539772560497,0
b2AR-decoy_2246,COc1ccc2c(c1)CC[C@@H]1[C@@H]2CC[C@]2(C)C([C@@](C)(O)C(=O)/C=C/c3ccc(F)cc3)=CC[C@@H]12,-2.7394308224007777,0
b2AR-decoy_1308,Oc1ccccc1/N=C/c1ccc(/C=N/c2ccccc2O)cc1,-2.7386957329454846,0
b2AR-decoy_2738,CC1=CC[C@@H]2[C@@H](C1)c1c(O)cc(C3(C(=O)OCCCCC#N)CCC3)cc1OC2(C)C,-2.73852789536674,0
b2AR-decoy_2500,Cc1ccc(OC2=C(Sc3ccccc3)C(=O)c3ccccc3C2=O)cc1,-2.737548685054658,0
b2AR-decoy_816,CC(C)(C)c1ccc(C(=O)NCCc2csc(c3ccc(Cl)cc3)n2)cc1,-2.736050436423705,0
b2AR-decoy_1491,Nc1ncc([N+](=O)[O-])s1,-2.735828360871904,0
b2AR-decoy_87,Cc1cc(C)c(c2csc(NC(=O)/C=C/c3ccc(C(F)(F)F)cc3)n2)c(C)c1,-2.73365808468275,0
b2AR-decoy_2439,FC(F)(F)c1nnc2ccc(c3ccc(S(F)(F)(F)(F)F)cc3)cn12,-2.7315271356926294,0
b2AR-decoy_2227,Cc1[nH]c(C)c(c2cccc(c3ccc(OC(F)(F)F)cc3)c2)c(=O)c1Br,-2.731386113918299,0
b2AR-decoy_1090,N#Cc1c(/N=C/c2c[nH]c3cccc([N+](=O)[O-])c23)sc2c1CCCCCC2,-2.7309448923520883,0
b2AR-decoy_1778,O=S(=O)(c1ccccc1)N(CC(O)Cn1c2ccccc2c2ccccc21)c1ccccc1,-2.7304394961975014,0
b2AR-decoy_3019,COC(=O)[C@]1(C)CCC[C@]2(C)[C@@H](CC/C(C)=C/[C@H](O)[C@H]3OC(=O)C=C3C)[C@](C)(O)CC[C@H]21,-2.730162802314936,0
b2AR-decoy_2562,COc1ccc(OCC(=O)Nc2nc3ccc(c4nc5cc(Cl)ccc5o4)cc3s2)cc1,-2.7293587184513544,0
b2AR-decoy_2308,Cc1ccc(S(=O)(=O)Nc2ccc(C(=O)Nc3ccccc3O)cc2)cc1C,-2.728039432537284,0
b2AR-decoy_709,COC(=O)CC[C@@H](C)[C@H]1CC[C@H]2[C@@H]3CC[C@@H]4C[C@H](O)CC[C@]4(C)[C@H]3CC[C@@]21C,-2.727310697049924,0
b2AR-decoy_1766,CCc1c(Sc2cc(C)cc(C)c2)n(C/C=C/c2ccco2)c(=O)[nH]c1=O,-2.7268215285004445,0
b2AR-decoy_416,CC1(C)OC(c2ccc(S(N)(=O)=O)cc2F)=C(c2cccc(F)c2)C1=O,-2.725749750038401,0
b2AR-decoy_946,O=C(Nc1ccccc1Cl)Oc1ccc(c2ccccc2)cc1,-2.7254634385033536,0
b2AR-decoy_1499,Oc1ncc(Cl)c(O)n1,-2.7234929542442408,0
b2AR-decoy_2655,C/C(=N\OCCSc1nnc(C)s1)c1ccc(Sc2cc(F)cc(C3CCOCC3)c2)cc1,-2.7224831593393284,0
b2AR-decoy_2438,CC(C)(C)C(=O)O[C@H]1CC[C@@]2(C)C(=CC[C@H]3C4=CC=C(c5cccnc5)[C@@]4(C)CC[C@@H]32)C1,-2.7220643877725337,0
b2AR-decoy_1223,CC(C)(C)C(=O)Nc1ncc(SCc2ncc(C(C)(C)C)o2)s1,-2.722002569306876,0
b2AR-decoy_722,Cc1c(C)c(C)c(CSc2nnc(c3ccc4[nH]cnc4c3)o2)c(C)c1C,-2.72140182009033,0
b2AR-decoy_782,CC(C)(C)OC(=O)N/N=C\c1ccc(c2cccc(Cl)c2)o1,-2.720676572584782,0
b2AR-decoy_294,CC[NH+](CC)CCOc1c(I)cc(C(=O)c2c(CCCCO)oc3ccccc23)cc1I,-2.718861259533996,0
b2AR-decoy_1035,CCn1nnc(c2cc(C)c(OCCCc3cc(C)no3)c(C)c2)n1,-2.718361653731219,0
b2AR-decoy_1093,CCCc1n[nH]c2c1C(c1ccc(Cl)cc1)c1c(nc3c(c1N)CSCC3)O2,-2.718285128884692,0
b2AR-decoy_1595,CC(=O)Nc1ccc(NC(=O)C(C)OC(=O)CCCOc2ccc(Cl)cc2C)cc1,-2.7176465321137857,0
b2AR-decoy_2909,Clc1ccccc1c1nnc(SCc2nc(c3ccccc3)no2)n1c1ccccc1,-2.716430383177978,0
b2AR-decoy_1604,CNC(=O)NCCN(Cc1ccc(Cl)cc1)C(=O)C1(C)CCN1C(=O)Cc1cc(C)cc(C)c1,-2.7137718885391098,0
b2AR-decoy_1863,CC(C)CC(C)(CC(C)C)OC(=O)CC(C)NC(=O)C1=NOC(C(O)(C(F)(F)F)C(F)(F)F)C1,-2.713732127636837,0
b2AR-decoy_3087,COc1ccc([C@@H]2CC(=O)c3cc(CC=C(C)C)c4c(c3O2)C=CC(C)(C)O4)cc1OC,-2.7127791037579096,0
b2AR-decoy_1283,CN(C)C(=O)Oc1ccc(OC/C=C/COc2ccc(C(F)(F)F)cc2)cc1,-2.711078714293397,0
b2AR-decoy_2815,O=C(/C=C/c1cn(c2ccccc2)nc1c1ccc(OCc2ccccc2)cc1)c1ccccc1,-2.7104275199250014,0
b2AR-decoy_1181,CC(C)CCOC1(C(F)(F)F)OC(=O)Nc2ccc(Cl)cc21,-2.708583230540441,0
b2AR-decoy_2457,O=C(/C=C/C1=Cc2c(ccc3ccccc23)OC1)c1ccccc1Br,-2.7076668967778703,0
b2AR-decoy_2449,CCCCSC1=CC(=O)C(C[C@]2(C)[C@@H](C)CC[C@]3(C)C(C)=CCC[C@H]32)=CC1=O,-2.707608755464047,0
b2AR-decoy_1739,COc1ccc2c(c1)c(C(=O)N/N=C/c1cccc(Br)c1)c(C)n2C,-2.706596729672934,0
b2AR-decoy_127,CC(C)(C)c1cc(/C=N/NC(=S)Nc2ccccc2)cc(C(C)(C)C)c1O,-2.705263975741307,0
b2AR-decoy_2962,C[C@]12CC[C@H]3[C@@H](CC(c4ccccc4)C4=CC(=O)CC[C@@]43C)[C@@H]1CC=C2c1cncc(F)c1,-2.70459872539945,0
b2AR-decoy_2691,Cc1noc(C(=O)CC[C@@H](C)[C@H]2CC[C@H]3[C@@H]4[C@@H](O)C[C@@H]5C[C@H](O)CC[C@]5(C)[C@H]4CC[C@@]32C)n1,-2.7036610789100517,0
b2AR-decoy_2103,CCc1sc2nc(N)[nH]c(=O)c2c1Sc1cc(OC)cc(OC)c1,-2.7034576043685536,0
b2AR-decoy_1853,COc1ccc(S(=O)(=O)N(Cc2cccc(C)c2F)[C@H](Cc2cccs2)C(=O)NO)cc1,-2.7025186269605,0
b2AR-decoy_1274,Cc1c(CCC(=O)N2CCCCC2)c(=O)oc2cc3occ(C(C)(C)C)c3cc12,-2.7017984646747197,0
b2AR-decoy_2469,CCCCC[C@@H]1CC2C(CCC3(C)C(=O)CCC23)C2(C)C=CC(=O)C=C12,-2.70177962746937,0
b2AR-decoy_1487,CC(C)(C)C1C[NH2+]CCO1,-2.700677341608667,0
b2AR-decoy_2461,Cc1ccc(C2OOC(c3ccc(/C=N\c4ccc(Cl)cc4)cc3)OO2)cc1,-2.700453922667113,0
b2AR-decoy_1501,O=[N+]([O-])c1ccc(CSc2nnc(c3ccc(Cl)cc3)s2)c([N+](=O)[O-])c1,-2.6990096717449914,0
b2AR-decoy_1602,N#C/C(=C\c1ccccc1Cl)C(=O)NCCCCNC(=O)/C(C#N)=C/c1ccccc1Cl,-2.697829337509813,0
b2AR-decoy_2008,Cc1ccc(C(=O)NNC(=O)CCC(=O)Nc2cccc(Cl)c2C)cc1,-2.696358612635569,0
b2AR-decoy_1367,CC(C)(C)c1ccc(c2nnc(SCc3ccccc3)o2)cc1,-2.6950732219400617,0
b2AR-decoy_1304,CCN(CC)C(=O)CC12CCCCC1=Nc1ccccc12,-2.6939527329596245,0
b2AR-decoy_1431,Cc1nc(N)sc1Br,-2.6938270934418567,0
b2AR-decoy_720,C[C@]12CC[C@H]3[C@@H](CC=C4C[C@H](NC(=O)C5CC5)CC[C@@]43C)[C@@H]1CC=C2c1cccnc1,-2.6924418099793823,0
b2AR-decoy_2571,CCCCCC(C)(C)c1cc(OC)c2c(c1)OC(C)(C)[C@@H]1CCC(C)=C[C@@H]21,-2.692378326125927,0
b2AR-decoy_621,Cc1cc(C)c(S(=O)(=O)Nc2ccccc2c2ccccc2)c(C)c1,-2.691578723496396,0
b2AR-decoy_2582,CCCCCC[C@H]1C[C@H]2[C@@H]3CCC(=O)[C@@]3(C)CC[C@@H]2[C@@]2(C)CCC(=O)C=C12,-2.6910934383280884,0
b2AR-decoy_1132,O=C(NC(=O)c1c(F)cccc1F)OCc1ccc(c2ccc(Cl)cc2)o1,-2.6899741050358985,0
b2AR-decoy_733,CC(C)(C)c1cc(C(=O)N/N=C/c2cc3ccccc3cc2O)cc(C(C)(C)C)c1O,-2.689616622813081,0
b2AR-decoy_2475,CCOP1(=O)OC(c2ccc(CC)cc2)=Cc2ccc(Cl)cc21,-2.6893929359302664,0
b2AR-decoy_2476,CN(Cc1ccc(CN(C)c2ccc(F)cc2)cc1)c1ccc(F)cc1,-2.6889204221638754,0
b2AR-decoy_2944,CN(C)C(=O)OC1=C(c2ccccc2)Sc2c(Cl)cccc2-n2cccc21,-2.6884095193547166,0
b2AR-decoy_396,O=C(c1cc(Cl)c2c(c1)C(O)(C(F)(F)F)c1ccccc1-2)N1CC(O)C1,-2.687205351511849,0
b2AR-decoy_2242,CC(C)=CCC[C@](C)(O)[C@H]1CC[C@@]2(C)[C@@H]3CC=C4[C@@H](CCC(=O)C4(C)C)[C@]3(C)C(=O)C[C@]12C,-2.6870609685473985,0
b2AR-decoy_2301,Cc1ccc(C(=O)Nc2cc(C(=O)[O-])cc(c3ccc(C4CC[NH2+]CC4)cc3)c2)cc1,-2.686342612314929,0
b2AR-decoy_2826,O=C1C(=O)N(Cc2ccc(c3ccccc3)cc2)c2ccc(OCc3ccc(Cl)cc3)cc21,-2.685741555381573,0
ASD03130063,COc1ccc(Nc2nc(NC3CCCCC3)c3ccccc3n2)cc1OC,-2.6855339633332505,1
b2AR-decoy_2106,COc1cc(OC)cc(C(=O)NNC(=S)Nc2csc(c3ccccc3)c2)c1,-2.685388471647212,0
b2AR-decoy_2768,Cc1ccccc1c1coc2c(c(O)cc3occ(c4ccccc4C)c(=O)c32)c1=O,-2.6850220524122106,0
b2AR-decoy_2775,CCS(=O)(=O)c1ccc(CC(=O)Nc2ccc(c3cc(Cl)ccc3Cl)s2)cc1,-2.684478052339704,0
b2AR-decoy_1650,CCCCCCN1C(=O)/C(=N\NC(=O)c2cc3ccccc3s2)c2ccccc21,-2.6838391319321517,0
b2AR-decoy_2556,COc1ccc(c2nn(c3ccccc3)cc2/C=C/C(=O)c2ccc(O)c3c2OC(C)(C)C3)cc1,-2.6822631041288743,0
b2AR-decoy_267,O=C(/C=C/c1cccc([N+](=O)[O-])c1)Nc1ccc(N2CC[NH+](CC(O)(Cn3cncn3)c3ccc(F)cc3F)CC2)c(C(F)(F)F)c1,-2.6820449392466186,0
b2AR-decoy_3175,CN(C)c1ccc(/C=C(\C#N)c2nc(c3ccc(Cl)c(Cl)c3)cs2)cc1,-2.6797505032351294,0
b2AR-decoy_1017,CCCOC(=O)N(CC)P(C)(=S)Oc1ccc([N+](=O)[O-])cc1,-2.678412865757917,0
b2AR-decoy_1985,Nc1cc(O)cc(Cn2nc(c3cc(Cl)cc(Cl)c3)oc2=O)c1Cl,-2.677830851869268,0
b2AR-decoy_312,COc1ccc(S(=O)(=O)Nc2cccc3c2O[C@H](CN(C)C(=O)Nc2ccc(C(F)(F)F)cc2)[C@@H](C)CN([C@H](C)CO)C3=O)cc1,-2.676836412098518,0
b2AR-decoy_2425,CCCO[C@@]1(C)CC[C@H]2[C@@H]3C[C@H](C)[C@H]4CC(=O)[C@H](C)C[C@]4(C)[C@H]3CC[C@@]21C,-2.6758645679580724,0
b2AR-decoy_1377,Cc1ccc(OC(=O)c2cc(c3ccc(C)c(C)c3)on2)c(C)c1,-2.6735280929643137,0
b2AR-decoy_2618,CN(C)c1ccc(/C=N/c2ccc(/N=C3\C(=O)N(Cc4ccccc4)c4ccccc43)cc2)cc1,-2.673011300800722,0
b2AR-decoy_2788,CCCCCN(CCCC)c1cc(C)nc2c(c3ccc(Cl)cc3Cl)nn(C)c12,-2.668079458641813,0
b2AR-decoy_3193,O=C(Oc1ccc(Br)cc1C(=O)c1ccc(Cl)cc1)c1ccc(Cl)cc1,-2.6673647123949924,0
b2AR-decoy_1069,Cc1ccc(c2cc(C(=O)NC(C)c3cnccn3)cc(c3cncs3)c2)cc1,-2.667205465611573,0
b2AR-decoy_593,CC(=O)c1ccc(Oc2ccc(O)c(C(C)(C)C)c2)c(Cl)c1,-2.6658729437153106,0
b2AR-decoy_3165,Clc1ccc(COc2ccc(/C=C/CCn3cnc4ccccc43)cc2)cc1,-2.6657755024750007,0
b2AR-decoy_2423,COC1(O[C@H]2CC[C@H]3[C@@H]4CC[C@H]5C[C@@H]6S[C@@H]6C[C@]5(C)[C@H]4CC[C@]23C)CCCC1,-2.6655639432065428,0
b2AR-decoy_624,COc1ccc(c2n[nH]c3c2Cc2sc(c4cccnc4)cc2-3)cc1,-2.6650820546872387,0
b2AR-decoy_1419,Nc1nc(C(F)(F)F)ns1,-2.66403814500189,0
b2AR-decoy_879,Cc1cc(/C=C/C(=O)NCCn2c(C)cc3ccccc32)cc(C)c1F,-2.657687794992491,0
b2AR-decoy_367,Cc1oc(C)c2c(=O)ccc3c(c12)OC(N)=C(C#N)C3c1ccc(F)cc1,-2.6558571962396345,0
b2AR-decoy_1394,O=C(NO)c1csc(c2cnccn2)n1,-2.6558381828012885,0
b2AR-decoy_983,COc1ccc(/C=C/C(=O)c2ccc(NC(=O)c3cccs3)cc2)cc1,-2.655493599893431,0
b2AR-decoy_2963,Cc1c(Cl)c(=O)oc2cc(OC(=O)CCCOc3ccc(Cl)cc3Cl)ccc12,-2.6549792481772614,0
b2AR-decoy_3095,CCc1nnc(NC(=O)/C(C#N)=C/c2ccc(OCc3ccccc3Br)c(OC)c2)s1,-2.653171712408123,0
b2AR-decoy_1799,CCCc1ccc(OCC(=O)Nc2sc3c(c2C(=O)OCC)CCC(C(C)(C)C)C3)cc1,-2.6529452039822257,0
b2AR-decoy_3125,CCOC(=O)CC(O)CC(O)/C=C/C1=C(c2ccc(F)cc2)c2ccccc2OC12CCCC2,-2.652705305451465,0
b2AR-decoy_2893,Cc1ccc2[nH]cc(C(/C(=N\O)c3ccc(Br)cc3)c3c[nH]c4ccc(C)cc34)c2c1,-2.651462982124047,0
b2AR-decoy_372,Cc1cccc(N2C3=C(C(=O)CC(C)(C)C3)[C@]3(O)C(=O)c4ccccc4[C@]23O)c1,-2.6500753231188594,0
b2AR-decoy_3164,Cc1cc(C(C)(C)c2ccc(OCC(=O)C(C)(C)C)c(C)c2)ccc1OCC(=O)C(C)(C)C,-2.648957100343344,0
b2AR-decoy_322,C/C(=N\OC(C)C)C1=CC[C@H]2[C@@H]3CC=C4C[C@@H](O)CC[C@]4(C)[C@H]3CC[C@]12C,-2.64448875249428,0
b2AR-decoy_827,COc1ccc(c2cc3c(cc2OC)CC[C@@H]2[C@@H]3CC[C@@]3(C)[C@H]2CC[C@]3(C)O)cc1,-2.6436102092725613,0
b2AR-decoy_2370,C[C@@H]1N=C(c2ccccc2)c2cc(C#CCCCC(=O)NO)ccc2NC1=O,-2.643521962436874,0
b2AR-decoy_2813,C[C@H]1CC[C@@H]2C(C)(C)[C@H](OS(C)(=O)=O)CC[C@@]2(C)[C@@H]1/C=C/c1ccc(c2cccc(F)c2)cn1,-2.6434721920846864,0
b2AR-decoy_1263,CCc1ccccc1N(CC)C(=O)CCc1nc(c2ccc(C)cc2)no1,-2.6427172415681257,0
b2AR-decoy_2018,O=C1Nc2ccccc2/C1=C1/Nc2ccccc2/C1=N\OCCCCO,-2.6397134843394565,0
b2AR-decoy_3064,CC(C)=CCC[C@H](C)C[C@@H]1CC2=C(C(=O)OC(C)(C)O2)[C@H](c2ccc(Cl)cc2)O1,-2.639243731847515,0
b2AR-decoy_2222,C[C@H](CCCC(C)(C)O)[C@H]1CC[C@@]2(C)C3=C(CC[C@]12C)[C@@]1(C)C[C@@H](O)[C@H](O)C(C)(C)[C@@H]1CC3,-2.637903453870379,0
b2AR-decoy_2894,Clc1ccc(Cn2cc(CSc3nnc(c4ccccc4)c(c4ccccc4)n3)nn2)cc1,-2.636657982636264,0
b2AR-decoy_2781,CC(=O)O[C@H]1CC[C@]2(C)[C@H]3CC[C@@]4(C)[C@@H](CC[C@@H]4[C@H](C)CCCC(C)C)[C@@H]3C[C@@H]3O[C@@]32C1,-2.635801164962029,0
ASD03130048,CCN(CC)c1nc(NC2CCCCC2)c2ccccc2n1,-2.635379588850245,1
b2AR-decoy_2726,CCO/C(O)=C1\C(CSc2ccccc2)=NC(C)=C(C#N)C1c1ccccc1C(F)(F)F,-2.6346204046377144,0
b2AR-decoy_77,CCCCC1Oc2ccc(OC)cc2-c2ccc3c(c21)C(C)=CC(C)(C)N3,-2.6344117587353,0
b2AR-decoy_1493,O=C1OCC(CC2=C(O)C(=O)OC2)=C1O,-2.631963464111303,0
b2AR-decoy_1883,O=C1CC(c2ccccc2)c2c(ccc3cc(c4ccc5ccccc5c4)ccc23)O1,-2.631898799162316,0
b2AR-decoy_2737,N#Cc1c(C(F)(F)F)cc(c2ccccc2)c2c3n(nc12)C(c1ccccc1)CCN3,-2.630873416099531,0
b2AR-decoy_2468,O=C(N(C1=CCCC1)N(c1ccccc1)c1ccccc1)C(F)(F)F,-2.630846278153512,0
b2AR-decoy_2105,CC(C)(O)CCc1ccc(O)c2oc3cc4c(c(O)c3c(=O)c12)CCC(C)(C)O4,-2.630594072245184,0
b2AR-decoy_2591,O=C(Oc1ccc(c2ccccc2)cc1)N1c2ccccc2Sc2ccccc21,-2.6276520239259,0
b2AR-decoy_2990,O=C(CO[C@H](Cn1nncc1c1ccccc1)c1ccc(C#Cc2ccccc2)cc1)NO,-2.6270944259706432,0
b2AR-decoy_1007,CC(C)C1=CC(=O)[C@H](CO[Si](C)(C)C(C)(C)C)[C@@]12C=C[C@](C)(O)CC2,-2.6270159566283606,0
b2AR-decoy_1255,COc1ccc(C(=O)c2ccc3c(c2)C(n2ccccc2=O)=CC(C)(C)O3)cc1,-2.62618595462386,0
b2AR-decoy_2593,CCC1=C(C)/C(=C(\c2ccc([N+](=O)[O-])cc2)c2c(C)c(CC)c(C)n2B(F)F)N=C1C,-2.624846144811172,0
b2AR-decoy_3060,O=C1S/C(=C\c2sc(SCc3ccccc3)nc2Cl)C(=O)N1Cc1ccccc1,-2.62350601798254,0
b2AR-decoy_560,COc1cc2c(cc1O)-c1cc(O)c(OC)c(OC)c1C=CC2,-2.6214073647935177,0
b2AR-decoy_1046,CCCCCCCCCCOC(=O)c1csc2nnsc12,-2.620435039065637,0
b2AR-decoy_2656,COc1ccc([C@@H]2COc3c(cc(/C=C/C(=O)c4ccccc4)c4c3C=CC(C)(C)O4)C2)c(OC)c1,-2.6200872318652118,0
b2AR-decoy_697,Cc1[nH]c(C)c(c2ccc(Oc3ccc(Cl)cc3)cc2)c(=O)c1Br,-2.619547975923925,0
b2AR-decoy_540,CCOC(=O)c1c(N)sc2c(OC)c(Br)ccc12,-2.61943096435294,0
b2AR-decoy_2555,Cc1nc(c2ccccc2Oc2ccc(S(=O)(=O)Nc3ccc(F)cn3)cc2C#N)cs1,-2.6193800520425,0
b2AR-decoy_2258,Cc1ccc(C(=O)Nc2cccc(C(=O)/C=C/c3ccc4c(c3)c3ccccc3n4C)c2)cc1,-2.6186291519119367,0
b2AR-decoy_3195,Brc1ccc(COc2ccc(/C=C/CCn3cnc4ccccc43)cc2)cc1,-2.617794725616825,0
b2AR-decoy_3007,CC(C)(O)c1ccc(Oc2ccc(S(=O)(=O)Nc3ccc(F)cn3)cc2C#N)cc1,-2.617465773179471,0
b2AR-decoy_2057,Cc1noc(NS(=O)(=O)c2ccccc2c2ccc(c3cnco3)cc2)c1C,-2.6171381711048536,0
b2AR-decoy_1921,CCCCCC[C@@H]1CC2C(CCC3(C)C(=O)CCC23)C2(C)C=CC(=O)C=C12,-2.617039671830596,0
b2AR-decoy_2039,CC(C)c1ccc(NC(=O)CSc2ncc3c(n2)CC(C)(C)CC3=O)cc1,-2.616525797023736,0
ASD03130069,Fc1ccc(Nc2nc(NC3CCCCC3)c3cc(Br)ccc3n2)cc1F,-2.616342236237604,1
b2AR-decoy_1021,CCCCC(C#N)(Cn1cncn1)c1ccc(Cl)cc1,-2.6163092365700136,0
b2AR-decoy_1004,COc1cccc(/C=C/c2n[nH]c3cc(c4ccncc4)ccc23)c1,-2.616088443936365,0
ASD03130105,O=C(Nc1ccc(F)cc1)Nc1nc(Nc2cc(Cl)cc(Cl)c2)nc2ccccc12,-2.615635191479419,1
b2AR-decoy_2729,COc1c(CC=C(C)C)cc(C2CC(=O)c3ccc(O)cc3O2)cc1CC=C(C)C,-2.615485206477744,0
b2AR-decoy_3057,CC(C)C1=C(Sc2ccc(Br)cc2)c2ccc3c(c2C(=O)C1=O)CCCC3(C)C,-2.6149036560706724,0
b2AR-decoy_873,CCCC[C@@]12CCC(=O)C(CC)=C1c1ccc3[nH]ncc3c1C2,-2.6147370778883503,0
b2AR-decoy_778,CC(=O)c1ccc(N/C=C/C(=O)c2ccc(Br)cc2)cc1,-2.610358493707452,0
b2AR-decoy_2677,COc1c(/C=C/c2ccc(NS(C)(=O)=O)cc2)cc(c2cc(F)c[nH]c2=O)cc1C1(Cl)CC1,-2.608467953190623,0
b2AR-decoy_3103,CCNC(=O)c1ccccc1CC[C@]1(O)CCC2=Cc3c(cnn3c3ccc(F)cc3)C[C@@]21C,-2.60842483224336,0
b2AR-decoy_2659,CCn1c(Cc2ccccc2)nnc1SCC(=O)N1c2ccccc2Sc2ccccc21,-2.6083256292648853,0
b2AR-decoy_2871,CC1=CC[C@@H]2[C@@H](C1)c1c(O)cc(C(C)(C)c3ccc(F)cc3)cc1OC2(C)C,-2.6071333845380247,0
b2AR-decoy_2436,CC(=O)c1ccc(S[C@@H]2CC3=CC(=O)CC[C@]3(C)[C@H]3CC[C@]4(C)C(=O)CC[C@H]4[C@@H]32)cc1,-2.606571846469266,0
b2AR-decoy_2627,CC(C)(C)c1ccc(Sc2nncc(c3cnnc(Sc4ccc(C(C)(C)C)cc4)n3)n2)cc1,-2.6052790918081925,0
b2AR-decoy_1082,COc1ccc(c2c(OC)c(O)c(c3ccc(OC)cc3)c3scnc32)cc1,-2.605010227489683,0
b2AR-decoy_2786,C=C(CC[C@@H](C)[C@H]1CC[C@H]2C3=C(C(=O)C[C@@]21C)[C@@]1(C)CCC(=O)[C@@H](C)[C@@H]1CC3)C(C)C(=O)OC,-2.603492615730878,0
b2AR-decoy_2666,Fc1cccc(Cl)c1CSc1nnc(c2ccco2)n1c1ccc(OCc2ccccc2)cc1,-2.601643488833282,0
b2AR-decoy_1452,NS(=O)(=O)c1cccs1,-2.600206195260904,0
b2AR-decoy_1527,COc1ccc(c2cscc2c2cc(OC)c(OC)c(OC)c2)cn1,-2.5992926233608773,0
b2AR-decoy_2093,COc1c(N)cc2c(c1OC)-c1ccc(SC)c(=O)cc1[C@@H](NC(C)=O)CC2,-2.5992183196382435,0
b2AR-decoy_2799,CC1=N[C@H](CC(C)C)C(=O)N(Cc2ccc(C(C)(C)C)cc2)c2cc(C(=O)OC(C)(C)C)ccc21,-2.5984410720834905,0
b2AR-decoy_1140,CC(C)=CC(=O)/C=C(\C)CCC[C@@]1(C)Oc2c(c(=O)oc3cc(O)ccc23)[C@@H]1C,-2.597595033611271,0
b2AR-decoy_3075,Fc1ccc(C2=Nc3c(Sc4ccccc4)ncnc3Sc3ccccc32)cc1,-2.59715149721474,0
b2AR-decoy_1824,CCc1cc2c(COC(=O)CCNS(=O)(=O)c3cccc(C(F)(F)F)c3)cc(=O)oc2cc1O,-2.593986310895301,0
b2AR-decoy_2568,N#C/C(=C\c1ccc(C(F)(F)F)cc1)c1ccc(OCc2c(F)cccc2Cl)cc1,-2.593833503720292,0
b2AR-decoy_939,Cc1cc(C(c2ccc(O)cc2)c2cc(C)c(O)cc2C)c(C)cc1O,-2.592083666697805,0
b2AR-decoy_2947,CC(C)(C)C(=O)OCN1c2ccc(c3csc(C#N)c3)cc2C(C)(C)OC1C(F)(F)F,-2.591620979990611,0
b2AR-decoy_2915,CC1=C(C(=O)Nc2ccccc2C)C(/C=C/c2ccccc2)C(C(=O)Nc2ccccc2C)=C(C)N1,-2.591567641428409,0
b2AR-decoy_359,COc1cc(C)c(/C=C(\C#N)C(=O)Nc2ccc(C)cc2)cc1C(C)C,-2.590826071036611,0
b2AR-decoy_2181,Oc1cccc(c2ccc(c3cn(CSc4ccccc4)nn3)cc2)c1,-2.590373115053428,0
b2AR-decoy_1772,Cn1cc(C2=C(c3cn(CCCCCC#N)c4ccccc34)C(=O)N(O)C2=O)c2ccccc21,-2.5898106171268487,0
b2AR-decoy_1467,COCc1nc(C#N)c(N)o1,-2.5884027520080397,0
b2AR-decoy_680,Cc1cc(C)cc(NC(=O)c2cnc(c3ccc(OC(F)(F)F)cc3)o2)c1,-2.588127572677676,0
b2AR-decoy_1130,CCOC[C@@]1(O)CC[C@@]2(C)[C@@H](CC[C@@H]3[C@@H]2CC[C@]2(C)[C@@H](C(C)=O)CC[C@@H]32)C1,-2.587548016699569,0
b2AR-decoy_1250,COc1ccc(/C=C2\COC/C(=C\c3nc(C)c(C)nc3C)C2=O)c(Cl)c1,-2.5840358324218338,0
b2AR-decoy_2247,CC(C)CCC[C@@H](C)[C@H]1CC[C@H]2[C@@H]3C/C(=N\O)[C@@]4(F)C[C@H](O)[C@H](O)C[C@]4(C)[C@H]3CC[C@@]21C,-2.584017529306025,0
b2AR-decoy_1015,O=C(/C=C/c1ccc([N+](=O)[O-])cc1)/C=C/c1ccc([N+](=O)[O-])cc1,-2.5836482393442903,0
b2AR-decoy_1974,Cc1cc(NS(=O)(=O)c2cccs2)c2oc(COC(=O)NCc3ccccc3)cc2c1,-2.583443355001993,0
b2AR-decoy_2293,CC(=O)/C=C/c1ccc(C2CC(C)=Nc3c(ccc4c3C(=O)c3ccccc3C4=O)N2)cc1,-2.582784710520945,0
b2AR-decoy_1725,O=C(CC12CC3CC(C1)CC(C1CCCC1)(C3)C2)N/N=C/c1ccc([N+](=O)[O-])o1,-2.5817874049885097,0
b2AR-decoy_1177,Clc1ccc(C(c2ccc(Cl)cc2)(c2cc[nH]n2)n2ccnc2)cc1,-2.5794145601836638,0
b2AR-decoy_2505,Cc1occc1/C(S)=N\c1ccc(Cl)c(COC(C)(C)C)c1,-2.5781743872568272,0
b2AR-decoy_1456,CC(C)(C)OC(=O)N/N=C\c1ccc[nH]1,-2.577544397640264,0
b2AR-decoy_2662,COc1cc(/C=C2\SC(=O)N(Cc3ccc(F)cc3)C2=O)ccc1OCc1ccccc1,-2.5764155584650177,0
b2AR-decoy_1569,COCCN(C(=O)CCC(=O)Nc1nccs1)C(C(=O)NC(C)(C)C)c1ccc(F)cc1,-2.5715207346335087,0
b2AR-decoy_1477,CC(C)(C)OC(=O)n1cccc1B(O)O,-2.570043682874872,0
b2AR-decoy_2096,COc1c(O)cc2c(c1O)-c1c(cc(O)c(OC)c1OC)C[C@@H](C)[C@@H](C)C2,-2.570020810940646,0
b2AR-decoy_780,CCc1c(C)[nH]c(=O)c(Br)c1Oc1cc(C)cc(C)c1,-2.568161695201181,0
b2AR-decoy_2186,COc1cc(/C(F)=C/c2cc(O)c3ccsc3c2)cc(OC)c1OC,-2.5673192410177887,0
b2AR-decoy_1485,NC(=O)c1cnc(Cl)cn1,-2.566983753448932,0
b2AR-decoy_2236,CC(C)CCC[C@@H](C)[C@H]1CC[C@H]2[C@H]3[C@H](CC[C@@]21C)[C@@]1(C)CC[C@H](O)C[C@@H]1[C@@H](O)[C@@H]3O,-2.5668663281496427,0
b2AR-decoy_111,CC(C)(C)c1ccc(/C=N/Nc2ncnc3sc4c(c23)CCCC4)cc1,-2.564580283672114,0
b2AR-decoy_1453,Oc1cc(O)nc(S)n1,-2.5639929604209817,0
b2AR-decoy_21,Cc1ccc(C(=O)Nc2nnc(c3ccc(C(C)(C)C)cc3)s2)cc1,-2.5635164223088003,0
b2AR-decoy_326,Cc1[nH]cc(Br)c(=O)c1c1ccc(Oc2ccccc2)cc1,-2.562547599414273,0
b2AR-decoy_831,CC(C)N(C(=O)[C@H]1CCC2C3CC=C4C=C(CO)CC[C@]4(C)C3CC[C@@]21C)C(C)C,-2.561326560153041,0
b2AR-decoy_2087,CC(=O)N[C@@H](C)c1cc(c2cnc(Oc3ccc(OC(C)C)cc3)s2)no1,-2.560550440056276,0
b2AR-decoy_3092,O=C1/C(=C\c2cccc(Oc3ccccc3)c2)SC(c2ccccc2)N1c1ccc(Cl)cc1,-2.559474690639476,0
b2AR-decoy_884,COc1cc(OC)cc(c2ccc(c3ccc(O)cc3)cc2)c1,-2.556991631147929,0
b2AR-decoy_934,CCc1cccc(C)c1NC(=O)c1nnc(c2cc(Cl)ccc2Cl)o1,-2.555853887782009,0
b2AR-decoy_2245,CC1(C)Oc2cc(C3(CCCCBr)CCCC3)cc(O)c2[C@@H]2CC(=O)CC[C@H]21,-2.5557437569594432,0
b2AR-decoy_124,N#Cc1cnc2sc(c3ccccc3)cc2c1Oc1ccc2[nH]ccc2c1,-2.5553666371598345,0
b2AR-decoy_1256,CC(Oc1c(c2c(F)cc(F)cc2F)c(Cl)nc2ncnn12)C(F)(F)F,-2.5547492705026333,0
b2AR-decoy_810,C=CC(C)(C)C1Oc2cccc(OC)c2-c2ccc3c(c21)C(C)=CC(C)(C)N3,-2.554033719183296,0
b2AR-decoy_2960,Clc1ccccc1c1ocnc1c1cc2c(s1)-c1ncccc1OCC2,-2.553555568006045,0
b2AR-decoy_960,Clc1ccc(c2nnc(NC34CC5CC(CC(C5)C3)C4)s2)cc1,-2.552245727364993,0
b2AR-decoy_1158,COc1ccc(c2cc(O)c3c(c2)oc(N)c3c2cccs2)cc1OC,-2.5517142130811274,0
b2AR-decoy_3107,C/C(=N\NC(=O)c1ccc(NS(=O)(=O)c2cccs2)cc1)c1ccc(C(C)(C)C)cc1,-2.5513125524368547,0
b2AR-decoy_1329,C=C[C@@H](OC/C=C/c1ccc(O)cc1)c1ccc(O)cc1,-2.5510616397569565,0
b2AR-decoy_2899,CC(=O)O[C@H]1CC[C@@]2(C)C(=CC[C@H]3[C@@H]4CC[C@H](c5nnc(c6ccco6)o5)[C@@]4(C)CC[C@@H]32)C1,-2.550672493343446,0
b2AR-decoy_1533,CCCCOCCC1c2cccc(C)c2C(=O)N1C(=O)c1ccc(C(F)(F)F)cc1,-2.54761167379438,0
b2AR-decoy_3097,COC(=O)Cc1c(SSSc2[nH]c3ccccc3c2CC(=O)OC)[nH]c2ccccc12,-2.546536336160735,0
b2AR-decoy_2404,CC(C)Nc1sc(C(=O)c2ccc(I)s2)c(N)c1C#N,-2.545008763751645,0
b2AR-decoy_608,CCSc1nnc(c2cc(C(C)C)c(O)c(C(C)C)c2)s1,-2.544290674519623,0
b2AR-decoy_1763,O=C(/C=C/c1ccc(/C=C(/C(=O)NC2CC2)c2ccc(C(F)(F)F)cc2)cc1)NO,-2.5429088847072183,0
b2AR-decoy_2531,CCC(C)C(=O)O[C@@H]1c2cc3c(c(O)c2-c2c(cc(OC)c(OC)c2OC)C[C@@H](C)[C@H]1C)OCO3,-2.5406941088760533,0
b2AR-decoy_3061,COc1ccc(c2cc(Oc3c(F)c(F)c(F)c(F)c3F)nnc2c2ccc(OC)cc2)cc1,-2.540323766232981,0
b2AR-decoy_1605,N#Cc1ccc(OCC(O)CCNS(=O)(=O)c2ccc(Cl)cc2Cl)cc1F,-2.5402176431812893,0
b2AR-decoy_2649,COc1ncc(c2ccc(N3C(c4ccsc4)=Cc4ccccc4C3CC(C)=O)cc2)cn1,-2.5347366912133347,0
b2AR-decoy_1942,CC(C)(O)C#Cc1cnc(NC(=O)[C@H](CC2CCCC2)c2ccc(S(C)(=O)=O)c(Cl)c2)cn1,-2.534235293891925,0
b2AR-decoy_1233,O=c1cc(N2CCOCC2)oc2ccc(c3ccc(OC(F)(F)F)cc3)cc12,-2.5340634103764823,0
b2AR-decoy_3039,CCOC(=O)CCc1ccc(c2ccc(OC)cc2)n1c1ccc(S(N)(=O)=O)cc1C,-2.5318725771221517,0
b2AR-decoy_2882,CC(C)=C(c1cccnc1)c1cc(Cl)cc(/C=C/c2ccc(c3ccncc3)cc2)c1,-2.5299888739683745,0
b2AR-decoy_815,Oc1ccccc1C1SC(c2ccccc2O)SC(c2ccccc2O)S1,-2.528117912425877,0
b2AR-decoy_1903,COc1ccc(c2cc(Oc3cccc(C#N)c3)nnc2c2ccc(OC)cc2)cc1,-2.5265960555036022,0
b2AR-decoy_3113,CCOC(=O)CC1C(C(=O)OCC)=C(N)Oc2ccc(c3ccc(C(C)(C)C)cc3)cc21,-2.5229982626790464,0
b2AR-decoy_2756,CCc1ccc(CSc2nc(c3ccccc3F)nc3c2Cc2c(CO)cnc(C)c2O3)cc1,-2.521546823842637,0
b2AR-decoy_1340,CC(=O)OCC(C)/C1=C/C=C(\C)CC/C=C(\C)CC[C@H]2O[C@]2(C)CC1,-2.5208241202424526,0
b2AR-decoy_2153,COC1(c2cc(Sc3ccc(/C(C)=N/O)cc3)cc(F)c2C)CCOCC1,-2.5201658522765547,0
b2AR-decoy_120,COc1cccc(/C=C2/C(=O)Nc3cc(Cl)ccc32)c1c1ccc(C#N)cc1,-2.5191464783645894,0
b2AR-decoy_2735,CCC(C)(C)C1CCc2sc3ncnc(N/N=C(\C)c4ccc(OC)cc4)c3c2C1,-2.519080079269892,0
b2AR-decoy_2496,CCCCCCC(C)(C)c1ccc(c2cc(C)cc(C)c2)c(C(=O)OC)c1,-2.518926979316987,0
b2AR-decoy_2823,COc1ccc2c(Cc3c(Cl)cncc3Cl)nncc2c1C#CCCCc1ccccc1,-2.518864255573313,0
b2AR-decoy_3169,CCCCCC1(CCCCC)Cc2c(cc(C(C)(C)C)c(O)c2C(C)(C)C)O1,-2.518753494906232,0
b2AR-decoy_334,CCOC(=O)C1=C(C)Nc2ccccc2SC1c1ccc(F)cc1,-2.514852905053276,0
b2AR-decoy_1721,C/C=C1\[C@H]2C=C(C)C[C@]1(/N=C/c1ccc(OC)cc1OC)c1ccc(=O)[nH]c1C2,-2.513848900118984,0
b2AR-decoy_1037,Cc1ccc(CCCCCC(=O)N2CCOC2=O)cc1C,-2.5137100660017864,0
b2AR-decoy_2521,N#Cc1c(N)nc(SCc2csc(c3cccc(F)c3)n2)c(C#N)c1c1ccc(O)cc1,-2.51305714342326,0
b2AR-decoy_114,COc1ccc(/C=C2/C(=O)Nc3ccc(Cl)cc32)c(c2ccc(C#N)cc2)c1,-2.5123574857090887,0
b2AR-decoy_30,CCCCC12CCC(=O)C(Br)=C1c1ccc3[nH]ncc3c1C2,-2.512202249912299,0
b2AR-decoy_1054,CCCc1cc(=O)oc2cc(OCc3cccc(OC)c3)c(Cl)cc12,-2.511330601255961,0
b2AR-decoy_599,CC(=O)c1c(C)[nH]c(C(=O)CSc2c(C)c(C)cc(C)c2C)c1C,-2.510955923527012,0
b2AR-decoy_268,O=C(/C=C/c1ccc([N+](=O)[O-])cc1)Nc1ccc(N2CC[NH+](CC(O)(Cn3cncn3)c3ccc(F)cc3F)CC2)c(C(F)(F)F)c1,-2.5084287244780645,0
b2AR-decoy_3154,CC1=C(C/C=C(\C)CC/C=C(\C)Cc2cccc(C)c2C)C(=O)c2ccccc2C1=O,-2.504162774278911,0
b2AR-decoy_1905,CC(C)n1c(/C=C/C(=O)/C=C/c2nc3ccccc3n2C(C)C)nc2ccccc21,-2.5030527494604917,0
b2AR-decoy_1735,Cc1cccc(NC(=O)CSc2nnc(c3ccco3)c(c3ccco3)n2)c1C,-2.501170515082856,0
b2AR-decoy_2927,COc1ccc(C2S/C(=C\c3ccccc3)C(=O)N2NC(=O)c2ccc(c3ccccc3)cc2)cc1,-2.500953156735715,0
b2AR-decoy_214,COc1ccc(S(=O)(=O)N(Cc2ccc3c(c2)OCO3)[C@H](CCC(=O)N(CCc2ccccc2)Cc2ccccc2)C(=O)NO)cc1,-2.493265288172347,0
b2AR-decoy_357,Cc1cc2oc(=O)cc(c3ccccc3)c2cc1c1ccc(CO)cc1,-2.4920948477481297,0
b2AR-decoy_315,CC(C)Oc1ccc(/C(=C(\C#N)c2ccccc2)c2ccc(O)cc2)cc1,-2.491243837773284,0
b2AR-decoy_3167,CCOC(=O)/C(C)=C/C[C@]1(C)CC[C@@]2(O1)C(C)=CC[C@H]1C(C)(C)CCC[C@@]12C,-2.491235853647256,0
b2AR-decoy_2482,c1ccc2c(c1)Oc1ccccc1C2(Cc1ccncc1)Cc1ccncc1,-2.4897799737674218,0
b2AR-decoy_1102,Cc1ccc(C2=Nc3ccccc3N(CC(=O)Nc3ccccc3C)C(=O)C2)cc1C,-2.4893709587661363,0
b2AR-decoy_1215,CC1=NC(C)=C(C(=O)OC(C)C)C(c2cccs2)/C1=C(\O)OC(C)C,-2.489322463125193,0
b2AR-decoy_1631,CC(C)[Si](Oc1ncc(B2OC(C)(C)C(C)(C)O2)o1)(C(C)C)C(C)C,-2.488062414830452,0
b2AR-decoy_1197,C/C(CCc1oc2ccc(Br)cc2c1c1ccc(C)o1)=N/O,-2.487747920925487,0
b2AR-decoy_313,O=C1OCC/C1=C/c1ccc(/N=N/c2c(O)ccc3ccccc23)cc1,-2.487494816111849,0
b2AR-decoy_2979,COc1cc2c(cc1[C@@H]1CC(=O)c3c(O)c(C)c4c(c3O1)C=CC(C)(C)O4)C=CC(C)(C)O2,-2.4874712196907613,0
b2AR-decoy_2250,CC(C)c1ccccc1Sc1c(O)cc(c2cccc(c3ccccc3)c2)oc1=O,-2.486411984324524,0
b2AR-decoy_2220,C=C(C)[C@H](O)CC[C@](C)(O)[C@H]1CC[C@]2(C)[C@@H]1CC[C@@H]1[C@@]3(C)CC[C@H](O)C(C)(C)[C@@H]3CC[C@]12C,-2.485139039905887,0
b2AR-decoy_2314,O=C(NCc1c[nH]c2ccccc12)c1cc(Br)c(Br)[nH]1,-2.483265710612338,0
b2AR-decoy_928,Cc1ccc(C(C)C)cc1OC(=O)Nc1ccc(C(F)(F)F)cc1,-2.48245829726914,0
b2AR-decoy_1008,CC1=CCC2C(C1)c1c(O)cc(CC#CCCC[N+](=O)[O-])cc1OC2(C)C,-2.481478977914672,0
b2AR-decoy_2341,O=C(NCc1cc(Br)cc2nc(O)c(O)nc12)c1cccs1,-2.481031936944078,0
b2AR-decoy_2561,O=S(=O)(Nc1ncns1)c1ccc(Oc2ccccc2c2ccccc2)cc1Cl,-2.4796064013444243,0
b2AR-decoy_1104,CC(=O)Nc1cccc2c1Cc1c-2[nH]nc1c1ccc(c2ccc(O)cc2)cc1,-2.47948999503947,0
b2AR-decoy_2277,O=C1CCCCCCCCCC/C(=N\OCc2c(F)cccc2Cl)CCN1,-2.4771324714920078,0
b2AR-decoy_2462,Cc1ccc(C(C)C)c(OC(=O)/C=C/c2ccc(Cl)cc2Cl)c1,-2.4758126714664765,0
b2AR-decoy_1844,CCOc1ccc(N2CC(Oc3ccc([C@H](C)NC(=O)c4cnc(NC(C)=O)s4)cc3)C2)cc1,-2.475116942076771,0
b2AR-decoy_558,C/C(=N/O)c1c(O)c(C)c(c2ccccc2)n(c2ccccc2)c1=O,-2.4732906353530497,0
b2AR-decoy_2421,Cc1ccc(OSN(C(=O)c2ccccc2)N(C(=O)c2ccccc2)C(C)(C)C)cc1,-2.472808393340943,0
b2AR-decoy_550,CCOC(=O)c1c(C)[nH]c(/C=C2/C(=O)Nc3ccccc32)c1C,-2.4724954472298526,0
b2AR-decoy_1436,CC#CC#Cc1ccc(C#CC(O)CO)s1,-2.471408851609182,0
b2AR-decoy_1028,CCOP(=O)(CCCCCCN=C=S)c1ccccc1,-2.4710699270174823,0
b2AR-decoy_182,S=C(NCCCNc1ccccn1)NCCCN(Cc1ccc(Cl)c(Cl)c1)c1ccc(Br)cn1,-2.467750185320478,0
b2AR-decoy_1647,Cc1ccc(CN(C(=O)COc2ccccc2Cl)c2ccccn2)o1,-2.467302023776728,0
ASD03130042,CCOCCCNc1nc(NC2CCCCC2)c2ccccc2n1,-2.467247978931088,1
b2AR-decoy_78,O=c1c(c2ccc3ccccc3c2)c(c2ccccc2)c(c2ccccc2)nn1CCO,-2.4671676753058365,0
b2AR-decoy_1550,COc1ccc(c2nnc(c3cc(OC(F)(F)F)ccc3n3cccn3)o2)cc1OC,-2.467066794383664,0
b2AR-decoy_1284,COc1cc2c(cc1OC)-c1c(oc3c4c(ccc3c1=O)OC(C(C)C)C4)CO2,-2.466890214815309,0
b2AR-decoy_2011,CC(C)(C)c1cc(CCC(=O)NNC(=O)c2ccco2)cc(C(C)(C)C)c1O,-2.465836829945056,0
b2AR-decoy_3200,CCN(CC)[c+]1sc2c(s1)C(c1ccc(Cl)cc1)Oc1ccc(Cl)cc1-2,-2.4650205470166204,0
b2AR-decoy_1621,CCCCC1Cc2cc(OC)ccc2-c2cc3cc(OC)c(OC)cc3n21,-2.464875886607945,0
b2AR-decoy_927,COc1ccc(c2cc(c3c(O)c(C)c(C)c4c3CCC(C)(C)O4)on2)cc1,-2.464598779865214,0
b2AR-decoy_3160,CCCCCCC(C)(C)c1cc(OC)c2c(c1)OC(C)(C)[C@@H]1CC=C(C)C[C@@H]21,-2.4639711307938903,0
b2AR-decoy_75,COc1cc(c2ccc3c(c2)NC(=O)/C3=C\c2c[nH]c3c(C)cccc23)ccc1O,-2.461259195477384,0
b2AR-decoy_647,Cc1ccc(/C=C/C(=N\NC(=O)c2cccs2)c2ccc(Cl)cc2)cc1,-2.460270500709845,0
b2AR-decoy_645,CCCCCc1cc(NC(C)=O)c2c(c1)OC(C)(C)C1=C2CC(C)CC1,-2.4582227355180257,0
b2AR-decoy_951,O=S(=O)(Nc1ccc(Cl)cc1Cl)c1cc(Cl)ccc1Cl,-2.4576989784508685,0
b2AR-decoy_1571,CC(C)c1ccc(C(C(=O)NC(C)(C)C)N(C(=O)CNC(=O)c2ccco2)c2cccnc2)cc1,-2.4547412859739834,0
b2AR-decoy_2879,Cn1cccc1/C=C/c1cc(Br)c(/C=C/c2cccn2C)cc1Br,-2.454297521457028,0
b2AR-decoy_2937,CCOc1cc2c(cc1OCC)C(CC)C(C)=NN=C2c1ccc(Cl)cc1,-2.4520177026591363,0
b2AR-decoy_1352,C=Cc1cc(NCc2nc3c(Cl)ccc(Cl)c3o2)c(O)nc1C,-2.4513265881143504,0
b2AR-decoy_694,CC(C)CC(=O)c1c(O)c2c(c3c1oc(=O)cc3c1ccccc1)OC(C)(C)C=C2,-2.450902711866549,0
b2AR-decoy_1940,Nc1ncc(c2ccc(C(=O)N3CCOCC3)cc2)cc1c1ccc(C(F)(F)F)nc1,-2.4504650455309305,0
b2AR-decoy_1872,CCN(CC(O)(CNC(=O)c1cnn(c2ccc(F)cc2)c1N)C(F)(F)F)C(=O)c1ccc(Cl)cc1,-2.4484415151769245,0
b2AR-decoy_1952,C/C(=N\Nc1ccc(C(F)(F)F)cn1)c1ccc(S(=O)(=O)NCc2ccco2)cc1,-2.4481957492609028,0
b2AR-decoy_2542,COc1cc(C)ccc1C(=O)Nc1cc(C#N)ccc1N1CCC(Oc2ccc(F)cc2F)CC1,-2.4477055218146293,0
b2AR-decoy_72,COc1ccc2c(/C=C/C(=O)c3ccc(OC)c4c3OC(C)(C)C=C4)c[nH]c2c1,-2.4476564502264937,0
b2AR-decoy_1635,CCCCn1c(=O)c2c(c3cc(C(=O)N(CC)C4CC4)ccc31)CCCCC2,-2.447325900277765,0
b2AR-decoy_2077,Cc1c(C(=O)Nc2c(C)n(C)n(C3CCCCC3)c2=O)noc1CCC(C)(C)C,-2.446344842281845,0
b2AR-decoy_2935,O=c1ncn2nc(Sc3ccc(Cl)c(Cl)c3)ccc2c1c1c(Cl)cccc1Cl,-2.44498203712306,0
b2AR-decoy_1095,COc1ccc(c2ccc(C(=O)Nc3ccc(OC)nc3)c3occc32)c(C)c1,-2.443872248375829,0
b2AR-decoy_689,C/C=C1\CC[C@H]2[C@@H]3CCc4cc(NC=O)c(OC)cc4[C@H]3CC[C@]12C,-2.4438721752532504,0
b2AR-decoy_2635,CCOCCCn1c(SCc2nc(c3cccs3)oc2C)nc2sc(C)c(C)c2c1=O,-2.4433844211704825,0
b2AR-decoy_3188,CCn1/c(=C\C=C\C2=[N+](CC)c3cccc4cccc2c34)c2cccc3cccc1c32,-2.442997655902341,0
b2AR-decoy_383,Cc1csc(S(=O)(=O)N(N)C(=O)c2ccc(Cl)cc2Cl)c1,-2.442292332221807,0
b2AR-decoy_1537,CCSC(CC=C(C)C)c1cc(OC)c2c(c1OC)C(=O)C=CC2=O,-2.4401540189801656,0
b2AR-decoy_1591,COc1ccc(OC)c(C=NNC(=O)c2ccc(NS(=O)(=O)c3cccs3)cc2)c1,-2.4369391425792077,0
b2AR-decoy_1427,Nc1cnc(Br)cn1,-2.4366645909038303,0
b2AR-decoy_1443,Oc1nnc(O)c(Cl)c1Cl,-2.4351380664970206,0
b2AR-decoy_2668,Cc1ccc(c2c(C)c(OCCOc3c(Cl)cc(OCC=C(Cl)Cl)cc3Cl)nn2C)cc1,-2.434619533319397,0
b2AR-decoy_2743,CC(C)N(Cc1ccncc1)C(=O)Cc1c2ccccc2[nH]c1c1ccc(Br)cc1,-2.434306415544606,0
b2AR-decoy_2567,[O-][N+]1=C(c2ccccc2)/C(=C2\C(c3ccccc3)=[N+]([O-])c3ccccc32)Cc2ccccc21,-2.434142125481231,0
b2AR-decoy_1330,O=C1OC(/C=C/c2ccccc2)=N/C1=C/C=C/c1ccccc1,-2.4320738746590704,0
b2AR-decoy_2416,CC(C)=C[C@@H]1C[C@@H]([C@@H]2CC[C@]3(C)C4=CCC5C(C)(C)C(=O)CC[C@]5(C)[C@H]4CC[C@@]23C)CO1,-2.431228236670351,0
b2AR-decoy_271,COc1cc([C@](O)(CC[NH+](C)C)[C@H](c2cc(OC(C)C)cnc2OC)c2cc3cc(Br)ccc3nc2OC)cc(OC)n1,-2.4294008707491206,0
b2AR-decoy_2634,N#Cc1c(SCc2nnc(c3ccccc3)o2)nc(c2ccccc2)cc1c1ccccc1,-2.4292988992034084,0
b2AR-decoy_3106,COc1cc(C(=O)c2cn(c3ccc(F)cc3)cc2c2ccc(N)cc2)cc(OC)c1OC,-2.4280994308976203,0
b2AR-decoy_1253,CC1=CSC(OCC(C)C)(c2ccc(Br)cc2)c2noc(=O)n21,-2.4276221531665354,0
b2AR-decoy_1684,C#CCOC1=C/C(=N\c2ccc(OC)cc2)c2ccccc2C1=O,-2.427512360722407,0
b2AR-decoy_2145,Cc1cc(=O)c(c2ccc(OCc3ccc(OC(F)(F)F)cc3)cc2)c(C)[nH]1,-2.4266848206820173,0
b2AR-decoy_1418,CC(=O)NC1=CC(=C[N+](=O)[O-])C=C1O,-2.425877469452144,0
b2AR-decoy_903,CC(C)[C@@H]1CC[C@@H](C)C[C@H]1NC(=O)Oc1ccc(Cl)cc1,-2.4254224714053523,0
b2AR-decoy_1862,Nc1ccccc1NC(=O)c1ccc(CN(CC(=O)NCc2ccccc2)C(=O)c2cccnc2)cc1,-2.4251062720935286,0
b2AR-decoy_2459,CCC1(CC)CC(c2ccc(F)cc2)=C(c2ccc(S(C)(=O)=O)cc2)C1,-2.4232712054815693,0
b2AR-decoy_2444,C=C(C=O)[C@@H]1CC[C@]2(C)CC[C@]3(C)[C@H](CC[C@@H]4[C@@]5(C)CCC(=O)C(C)(C)[C@@H]5CC[C@]43C)[C@@H]12,-2.422708388016169,0
b2AR-decoy_2731,O=S(=O)(NCCCN1c2ccccc2CCc2ccc(Cl)cc21)c1ccc(Cl)cc1F,-2.422399115368272,0
b2AR-decoy_2115,O=C1Nc2ccc(O)cc2/C1=C\c1ccc2c(/C=C/c3ccncc3)n[nH]c2c1,-2.420677838950388,0
b2AR-decoy_2560,[N-]=[N+]=Nc1ccc(c2nc(c3ccncc3)c(c3cccc(I)c3)[nH]2)cc1,-2.419019454061952,0
b2AR-decoy_325,CC(C)[C@@H]1CC[C@@H](C)C[C@H]1NC(=O)Oc1ccc(C(F)(F)F)cc1,-2.4178690336788558,0
b2AR-decoy_3094,COc1cc(OC)c([C@@H]2COc3c(ccc4c3C=CC(C)(C)O4)C2)cc1/C=C/C(=O)c1ccco1,-2.417550683671526,0
b2AR-decoy_1560,COc1ccc(NC(=O)C(NC(=O)/C=C\c2ccc3c(c2)OCO3)c2ccc(OC)cc2)cc1,-2.4170010979423964,0
b2AR-decoy_1900,O=c1cc(c2ccc(OC(F)(F)F)cc2)oc2c1ccc1ccccc12,-2.414993772378153,0
b2AR-decoy_1337,CCCN(c1cc(Cl)ncn1)n1ccc2ccccc21,-2.414458326483225,0
b2AR-decoy_2369,CNC(=O)c1cnc(N)c2cc(c3ccc(OC(F)(F)F)cc3)sc12,-2.410217927682937,0
b2AR-decoy_2753,C[C@H](CCC(=O)NC1CC1)[C@H]1CC[C@H]2[C@@H]3CC[C@@H]4C[C@@H](N=[N+]=[N-])CC[C@]4(C)[C@H]3CC[C@@]21C,-2.408270968773441,0
b2AR-decoy_2060,COC(=O)c1cc2sc(Cl)cc2n1CC(=O)Nc1cccc(SC)c1,-2.4062362257444816,0
b2AR-decoy_794,Cc1ccc(C(=O)N/N=C/C2=C(Cl)c3ccccc3CCC2)cc1,-2.405408905799637,0
b2AR-decoy_3102,COc1cc(OC)c2c(c1Cc1ccc(O)cc1)CCc1c-2ccc(O)c1CC=C(C)C,-2.4049887044661715,0
b2AR-decoy_3181,CC1=CCC[C@@H]2[C@@](C)(CCC3=CC(=O)OC3OC(=O)OC(C)(C)C)[C@H](C)CC[C@@]12C,-2.40266442400867,0
b2AR-decoy_295,C=C[C@]1(C)C[C@@H](OC(=O)CSC2CCN(C(=O)CCn3cnc4c(N)ncnc43)CC2)[C@@]2(C)[C@H]3C(=O)CC[C@@]3(CC[C@H]2C)[C@@H](C)[C@@H]1O,-2.399550896653005,0
b2AR-decoy_2653,CO/N=C(\Cl)CCC/C=C(/c1cccc(C#N)c1)c1cc(C)c(OC)c(C(=O)SC)c1,-2.396893392598803,0
b2AR-decoy_3072,CN(C)c1ccc(/C=C(/Sc2ccc(Br)cc2)C(=O)c2ccc(Cl)cc2)cc1,-2.396831434227092,0
b2AR-decoy_305,O=C1N[C@@](c2ccc(OCCCC(F)(F)F)cc2F)(C(F)(F)F)CC(c2ccn(CC3CCC3)n2)=C1C(=O)NS(=O)(=O)C1CC1,-2.3945019382924557,0
b2AR-decoy_3149,Cc1onc(c2c(Cl)cccc2Cl)c1N(C)C(=O)OCc1c(F)cccc1Cl,-2.393920964578568,0
b2AR-decoy_1192,CCOC(=O)c1c(NC(=O)C(C)(C)C)scc1c1cccs1,-2.391252934197502,0
b2AR-decoy_2719,Cc1noc(=O)c2ccc(NC(=O)C(O)(CC3(C4CCC4)CCCc4ccccc43)C(F)(F)F)cc12,-2.389235609581021,0
b2AR-decoy_1435,N/N=C/c1ccc([N+](=O)[O-])o1,-2.38812081082054,0
b2AR-decoy_277,CO/C1=C\C(C)=C\[C@@H](C)[C@@H](O)[C@@H](C)C/C(C)=C/C=C/[C@H](OC)[C@@H]([C@@H](C)[C@@H](O)[C@H](C)[C@@]2(O)C[C@@H](C(=O)Oc3ccccc3)[C@H](C)[C@@H](C(C)C)O2)OC1=O,-2.3862134853300017,0
b2AR-decoy_1214,CCn1c(=N)n(CCCOc2ccc(Cl)cc2Cl)c2ccccc21,-2.384981286096503,0
b2AR-decoy_1816,COc1ccc(C(=Cc2ccc(OC)c(O)c2)C(=O)c2cc(OC)c(OC)c(OC)c2)cc1,-2.384262143630063,0
b2AR-decoy_1259,CCCc1ccc(C(=O)OCc2c(OC(C)C)ccc3c(C)cc(=O)oc23)cc1,-2.383618882150063,0
b2AR-decoy_373,CC(=O)OC[C@@]1(C)CC[C@@H](C(C)C)/C=C/[C@](C)(O)C/C=C/[C@](C)(O)CC1=O,-2.3833473874301445,0
b2AR-decoy_878,CCCc1cc(c2c(O)c(C)c(C)c3c2CCC(C)(C)O3)no1,-2.381260043119591,0
b2AR-decoy_2488,CCCCCn1cc(C(=O)c2ccc(CC)c3ccccc23)c2ccccc21,-2.381221708223909,0
b2AR-decoy_1288,COc1cc(OC)cc(/C(C#N)=C/c2c(C)cc(C)cc2C)c1,-2.379988549822744,0
b2AR-decoy_549,CCc1ccc(c2[nH]nc3c2C(=O)c2c(NC(C)=O)cccc2-3)cc1,-2.378507875831328,0
b2AR-decoy_1358,CCCc1cc(=O)oc2cc(OCC3CC3)c3c(c12)OC(C)(C)C=C3,-2.376939422375089,0
b2AR-decoy_1041,COc1cc(C(=O)c2ccc(c3ccsc3)s2)cc(OC)c1OC,-2.3768043681668742,0
b2AR-decoy_1696,Cc1c(C(C)(C)C)s/c(=N/S(=O)(=O)c2ccccc2)n1C,-2.376443350174479,0
b2AR-decoy_713,COc1c(c2ccccc2)cc(OC)c2c1oc1c3c(c(O)cc12)OC(C)(C)C=C3,-2.3755577641719343,0
b2AR-decoy_3142,Cc1ccc(OC(=O)c2sccc2S(=O)(=O)Nc2onc(C)c2Cl)c(C)c1,-2.374835867655907,0
b2AR-decoy_81,CC(C)CCC[C@@H](C)[C@H]1CC[C@H]2[C@@]34C=C[C@]5(C[C@@H](O)CC[C@]5(C)[C@H]3CC[C@]12C)OO4,-2.37399236827613,0
b2AR-decoy_340,COc1ccc2c(c1)OC(C)(C)[C@@H](c1ccccc1)[C@@H]2c1ccc(O)cc1,-2.373271157991262,0
b2AR-decoy_3074,CN1CCCN(Cc2ccc(F)cc2)P12=NP(Cl)(Cl)=NP(Cl)(Cl)=N2,-2.371677764749693,0
b2AR-decoy_1661,CCCCc1ccc(C2=NN(S(=O)(=O)c3ccccc3)CCC2)cc1,-2.3702880384657687,0
b2AR-decoy_2784,CCCn1c(SCC)c2cc3cc4ccccc4cc3cc2c1c1nc(F)nc(F)n1,-2.3699940551922403,0
b2AR-decoy_1428,CC(C)(C)NC(S)=[NH+]C(C)(C)C,-2.3694612789883016,0
b2AR-decoy_774,COc1ccc2sc(C(=O)NC(C)C)c(SC(C)C)c2c1,-2.3686063993312554,0
b2AR-decoy_1364,Cc1ccc(/C(=C(/C#N)c2ccc(O)cc2)c2ccc(O)cc2)cc1,-2.3680634184504834,0
b2AR-decoy_1576,CC1(C)C[C@@H](CN([C@H](CCC(F)(F)F)C(N)=O)S(=O)(=O)c2ccc(Cl)cc2)O1,-2.3609951567058527,0
b2AR-decoy_801,Cc1nc(C)c(c2ccc(Oc3ccc(Cl)c(Cl)c3)cc2)c(O)c1Cl,-2.359970008921833,0
b2AR-decoy_1066,Cc1c(SCc2ccc(OCC(C)F)cc2)oc2ccccc2c1=O,-2.3594442595714886,0
b2AR-decoy_1656,O=C(/C=C/c1ccc(OS(=O)(=O)c2ccccc2)cc1)c1ccccc1,-2.3586435996655,0
b2AR-decoy_1821,CCCCN/C=C1/C=C(/C=C/C(=O)c2ccccc2)c2c(ccc3c(C)cc(=O)oc23)C1=O,-2.357015298187907,0
b2AR-decoy_1678,COC(=O)CSc1ncnc2scc(c3ccccc3)c12,-2.3559567900722485,0
b2AR-decoy_1045,CC/C=C/[C@H](CC)C[C@]1(C)C=C(CC)/C(=C/C(=O)OC)O1,-2.354591657189905,0
b2AR-decoy_2804,CC(C)CCC[C@@H](C)[C@H]1CC[C@H]2[C@@]34C=C[C@@]5(CC(=O)CC[C@]5(C)[C@H]3CC[C@]12C)OO4,-2.354436475113796,0
b2AR-decoy_945,O=[N+]([O-])c1cccc(/C=C/c2ccc3c(Cl)cc(Cl)c(O)c3n2)c1,-2.352065083781683,0
b2AR-decoy_2092,CC(C)Oc1c(Br)cc(Br)cc1/C=N/NC(N)=S,-2.3508286831072214,0
b2AR-decoy_2426,CSc1ccccc1/C=C1\Oc2ccc(F)cc2-c2ccc3c(c21)C(C)=CC(C)(C)N3,-2.3497664664021007,0
b2AR-decoy_1702,CCN(C(=O)/C=C/c1ccc2c(c1)OCO2)c1ccccc1,-2.347179355578449,0
b2AR-decoy_987,C=CCOCC1=CC(C)(C)Nc2ccc(c3ccccc3OC)cc21,-2.3420712753903947,0
b2AR-decoy_1522,CC(C)c1cc(CCCCCCC(O)(C(N)=O)C(F)(F)F)cc(C(C)C)c1O,-2.3405641904805465,0
b2AR-decoy_1959,COCC(C)(C)NC(=O)c1c(NC(=O)c2ccccc2OC(F)(F)F)sc2c1CCOC2,-2.3405349582790445,0
ASD03130103,COc1cc(Nc2nc(Nc3cc(Cl)cc(Cl)c3)nc3ccccc23)c(C(C)=O)cc1OC,-2.336631417893912,1
b2AR-decoy_1947,C/C(=N\Nc1nc(Cl)c(Cl)cc1Cl)c1ccc(S(=O)(=O)NCc2ccco2)cc1,-2.336178070882666,0
b2AR-decoy_2646,CC(=O)O[C@@H](C[C@@H](C)C1=C2C=CC3[C@@]4(C)CCC(=O)C(C)(C)C4CC[C@]3(C)[C@@]2(C)CC1=O)[C@H]1OC1(C)C,-2.33508668675336,0
b2AR-decoy_1362,COc1ccc(/C(=C/c2cc(OC)cc(OC)c2)C(F)(F)F)cc1,-2.3348404178478974,0
b2AR-decoy_2272,Cc1cc2nc(c3cccc(NC(=O)c4ccc(Br)o4)c3C)oc2cc1C,-2.334646130057167,0
b2AR-decoy_1581,CCOc1ccccc1NC(=O)c1ccc(F)c(S(=O)(=O)NCc2ccc3c(c2)OCO3)c1,-2.334401426582885,0
ASD03130111,COCCN1CCC(Nc2nc(Nc3cc(Cl)cc(Cl)c3)nc3ccccc23)CC1,-2.333824780266004,1
b2AR-decoy_2769,O=C(CSc1nccnc1c1ccccc1Cl)Nc1ccc(Cl)cc1Br,-2.332568945851596,0
b2AR-decoy_762,C=CCc1ccc(O)c(c2cc(CC=C)c3oncc3c2)c1,-2.3317587212253845,0
b2AR-decoy_2547,CC(c1ccccc1)S(=O)(=O)/C=C/c1ccc(C(=O)OC2CC(C)(C)N(O)C(C)(C)C2)cc1,-2.33131490053621,0
b2AR-decoy_3145,CC(C)c1ccc(CN(Cc2ccccc2C(F)(F)F)c2cccc(S(N)(=O)=O)c2)cc1,-2.3306955497581505,0
b2AR-decoy_1051,COCCOC(=O)c1c(C)oc2ccc(OC(=O)c3cccs3)cc12,-2.329959915154648,0
b2AR-decoy_2766,Cn1nc(C(C)(C)C)c(Cl)c1c1nc2cc(c3ccccc3C(F)(F)F)ncc2[nH]1,-2.329714224615235,0
b2AR-decoy_674,C(=C/c1n[nH]c2cc(c3ccncc3)ccc12)\c1ccc2ccccc2c1,-2.328591529280061,0
b2AR-decoy_1016,COc1cc(c2nccnc2c2ccc(N(C)C)cc2)cc(OC)c1OC,-2.3248151175244858,0
b2AR-decoy_1029,CCSCCn1/c(=N/OC)sc2cc(OC(F)(F)F)ccc21,-2.323934380359844,0
b2AR-decoy_2709,Cc1cc(F)ccc1NC(=O)c1ccc(NS(=O)(=O)c2cc(C(C)(C)C)ccc2C)cc1,-2.3232474525593587,0
b2AR-decoy_534,CC(=O)Nc1c(C)cc(C(=O)Nc2c(C)cccc2C)cc1C,-2.320266694841916,0
b2AR-decoy_2354,CC(C)Nc1sc(C(=O)c2ccc(Br)s2)c(N)c1C#N,-2.320240518500348,0
b2AR-decoy_585,COc1ccc2cc(c3ccc(O)cc3)c(=O)oc2c1CCC(C)C,-2.318278406593527,0
b2AR-decoy_1509,COC(=O)/C=C(C)/C=C/C=C(C)/C=C/C1=C(C)C(n2ccnc2)CCC1(C)C,-2.316925319893792,0
b2AR-decoy_2566,C=C1CC[C@@H]2[C@H](C(C)C)C3=C(O[C@@]2(C)CC[C@@H]2[C@@H]1CC2(C)C)C(C)(C)C(OC)=C(C)C3=O,-2.314798399431109,0
b2AR-decoy_2778,CCOC(=O)[C@]1(C)CCC[C@]2(C)[C@@H]1CC[C@@]13C/C(=N\OCc4c(C)noc4C)[C@@](C)(CC[C@@H]21)C3,-2.312783884390106,0
b2AR-decoy_2576,Cc1cc2c(C(C)C)ccc(C)c2cc1OC(=O)c1ccc(C(F)(F)F)cc1,-2.310110849779686,0
b2AR-decoy_2285,CCCCOC(=O)C1(c2cc(O)c3c(c2)OC(C)(C)[C@@H]2CC=C(C)C[C@@H]32)CCC1,-2.309580572809541,0
b2AR-decoy_1555,CSC1=C(COP(N)(=O)N(CCCl)CCCl)C(=O)c2ccccc2C1=O,-2.3068854518085065,0
b2AR-decoy_2622,CCn1c(CN2C(=O)CSc3ccc(C(F)(F)F)cc32)nnc1SCc1ccc(Cl)cc1,-2.306322013847767,0
b2AR-decoy_2837,C[N+](C)(CCCN1c2ccccc2Sc2ccc(Cl)cc21)Cc1ccccc1Cl,-2.3056875845061406,0
b2AR-decoy_3066,CC(C)=CCC1=C2OCC[C@@]23C[C@H](CC=C(C)C)C(C)(C)[C@@](C(=O)c2ccccc2)(C1=O)C3=O,-2.3056647000139816,0
b2AR-decoy_1036,COc1cc(OC)c2c(=O)cc(Oc3ccc(OC)c(OC)c3)oc2c1,-2.305369190858021,0
b2AR-decoy_332,C=C[C@@](C)(O)CC[C@H]1C(=C)C[C@H](OC(C)=O)[C@H]2C(C)(C)CCC[C@]12C,-2.3052899521043577,0
b2AR-decoy_655,Cc1ncnc(C)c1c1ccc(Oc2nccc3[nH]ccc23)cc1Cl,-2.301304613256609,0
b2AR-decoy_2620,CCOC(=O)[C@]1(C)CCC[C@]2(C)[C@@H]1CC[C@@]13C/C(=N\OCc4cc(C)nn4C)[C@@](C)(CC[C@@H]21)C3,-2.3000214365486737,0
b2AR-decoy_2902,Cn1nc(c2c(F)cccc2Cl)nc1c1sc(c2ccc(C(F)(F)F)cc2)cc1Cl,-2.299997861966867,0
b2AR-decoy_2463,CCCCCc1ccc(n2ncc(Cl)c(Oc3ccc(OC)cc3)c2=O)cc1,-2.2995609336402563,0
b2AR-decoy_1603,CC(C)C[C@H](C(N)=O)N(Cc1ccc2c(c1)OCO2)S(=O)(=O)c1ccc(Cl)cc1,-2.2991959125191754,0
b2AR-decoy_2633,FC(F)(F)Cn1cc(c2ccncc2)c(c2ccc(OCc3ccc4ccccc4n3)cc2)n1,-2.2964374015367377,0
b2AR-decoy_1457,CC(=O)NNC(=O)c1ccco1,-2.295269526784149,0
b2AR-decoy_1907,CC(C(=O)OC(C)(C)C)c1ccc(c2cc(Cl)cc(Cl)c2)c(F)c1,-2.293210192456704,0
b2AR-decoy_2440,COC(=O)CC[C@@H](C)[C@H]1CC[C@H]2[C@@H]3[C@@H](OC)C[C@@H]4C[C@H](OC)CC[C@]4(C)[C@H]3CC[C@@]21C,-2.292375609538412,0
b2AR-decoy_2356,NC(=O)c1ccccc1NC(=O)CC12CC3CC(CC(Br)(C3)C1)C2,-2.292038142681723,0
b2AR-decoy_3108,CC(C)CC(O)(CC(C)C)[C@@H]1C=CC=C(CO)C2=C3[C@H]1CCCC[C@@]31OC(C)(C)O[C@@H]21,-2.291921858089633,0
b2AR-decoy_957,Cc1ccc(c2nnc(Nc3cccc(Br)c3)s2)c(C)c1,-2.291298037010665,0
b2AR-decoy_1950,Cc1ccc(S(=O)(=O)Nc2c(C(=O)N[C@@H](C)C(C)(C)C)c(C)nn2C(C)C)cc1,-2.286425019146786,0
b2AR-decoy_1749,CCOC(=O)c1sc(NC(=O)c2ccc(Br)cc2)c(C#N)c1C,-2.28628319285731,0
b2AR-decoy_848,C=CCC1Oc2cccc(OCC3CC3)c2-c2ccc3c(c21)C(C)=CC(C)(C)N3,-2.285980432312789,0
b2AR-decoy_1874,O=C(NCCSCCO)c1ccccc1Sc1ccc2c(/C=C/c3ccccn3)n[nH]c2c1,-2.2858528652934558,0
b2AR-decoy_2931,Cc1nnc(c2c(C)[nH]c(c3ccccc3)c2c2ccccc2)c2cn(c3ccccc3)nc12,-2.285065663115321,0
b2AR-decoy_2017,Nc1ccc(C(Cn2cnnc2)=C(c2ccc(O)cc2)c2ccc(O)cc2)cc1,-2.2844496479005696,0
b2AR-decoy_2733,CC(C)=CCc1c(O)c2c(c3c1[C@@H]1COc4cc5c(cc4[C@@H]1O3)C=CC(C)(C)O5)C=CC(C)(C)O2,-2.280750459642443,0
b2AR-decoy_3073,Clc1ccc(CO/N=C/c2c(c3ccc(c4ccccc4)cc3)nc3sccn23)cc1Cl,-2.279466735068303,0
b2AR-decoy_2985,Cc1ccccc1c1cc(=O)c2cc3c(=O)cc(c4ccccc4C)oc3cc2o1,-2.2793103489740547,0
b2AR-decoy_352,COC(=O)c1ccc(/C=C/[C@H]2CCCC3C(C)(C)[C@@H](O)CC[C@@]32C)cc1,-2.27909570042809,0
b2AR-decoy_737,CC(C)(C)c1cc(c2nnc(SCC(F)(F)F)s2)cc(C(C)(C)C)c1O,-2.277053210953827,0
b2AR-decoy_2263,C/C(=N\Nc1nc(c2ccc(Br)cc2)cs1)c1ccc(Cl)c(Cl)c1,-2.274703751059509,0
b2AR-decoy_2207,C[C@H](CC[C@H](O)C(C)(C)O)[C@H]1CC[C@@]2(C)C3=C(CC[C@]12C)[C@@]1(C)CC[C@H](O)C(C)(C)C1CC3,-2.2730178194561037,0
b2AR-decoy_995,CCc1c(C)[nH]c(=O)c(c2ccsc2)c1Oc1cc(C)cc(C)c1,-2.271812042343428,0
b2AR-decoy_950,Cc1[nH]c(C)c(c2ccc(Oc3ccc(F)cc3)cc2)c(=O)c1Cl,-2.2713190496940463,0
b2AR-decoy_2383,CNC(=O)c1c(SSc2[nH]c3ccccc3c2C(=O)NC)[nH]c2ccccc12,-2.2667010900762645,0
b2AR-decoy_1801,CCCCc1nc(Cl)c(C=O)n1Cc1ccc(c2ccccc2C2=NNN=N2)s1,-2.266677260596868,0
b2AR-decoy_1526,CCN(Cc1ccccc1)C(=O)Oc1ccc(Oc2ccc(C(F)(F)F)cn2)cc1,-2.2658058285101235,0
b2AR-decoy_3159,CCCCCCCC[C@H]1C[C@H]2[C@@H]3CCC(=O)[C@@]3(C)CC[C@@H]2[C@@]2(C)CCC(=O)C=C12,-2.26495135756606,0
b2AR-decoy_2957,C=CCn1/c(=N/N=C/C=C/c2cccs2)scc1c1ccc(Cl)cc1,-2.2631136473023483,0
b2AR-decoy_2497,C=CCSc1nnc(c2ccco2)n1c1ccc(OCc2ccccc2)cc1,-2.26292970101103,0
b2AR-decoy_28,COc1ccc(C2CC(=O)c3c(O)cc(OC)c(CC=C(C)C)c3O2)cc1,-2.262473059879541,0
b2AR-decoy_2751,COC(=O)c1sc2ccccc2c1NC(=O)CCSc1ccc(Br)cc1,-2.262389791549828,0
b2AR-decoy_2630,CCCCCc1ccc(c2cn(CC(=O)N3c4ccccc4Sc4ccc(C(F)(F)F)cc43)nn2)cc1,-2.262144848100196,0
b2AR-decoy_1111,C/C(=N\NC(=O)c1ccc(n2c(C)ccc2C)cc1)c1ccc(n2cccc2)cc1,-2.261591238751941,0
b2AR-decoy_2154,FC(F)(F)C1=NN=C(c2ccc(Cl)cc2)/C1=N/Nc1ccc(Cl)cc1,-2.258070753900223,0
b2AR-decoy_1414,OC(O)C(Cl)(Cl)Cl,-2.258024086297716,0
b2AR-decoy_2215,CC(C)=CC/C=C(/C)[C@H]1CC[C@]2(C)[C@@H]1[C@H](O)C[C@@H]1[C@@]3(C)CC[C@H](O)C(C)(C)[C@@H]3[C@@H](O)C[C@]12C,-2.2567750306075123,0
b2AR-decoy_2676,C=C1/C(=C\C=C2/CCC[C@]3(C)[C@@H]([C@@H](C)OCCCS(=O)(=O)C(C)(C)C)CC[C@@H]23)C[C@@H](O)C[C@@H]1O,-2.255800492896612,0
b2AR-decoy_2689,Cc1cc(C)c(S(=O)(=O)N[C@@H](C)CNc2cccc3c2cnn3c2cccc(C)c2)c(C)c1,-2.2547072258241183,0
b2AR-decoy_821,C=CCC1Oc2ccc(OCC#N)c(OC)c2-c2ccc3c(c21)C(C)=CC(C)(C)N3,-2.252722360439267,0
b2AR-decoy_2905,COC(=O)[C@@H](CCC=C(C)C)[C@@H]1CC[C@]2(C)C3=CC[C@H]4[C@@](C)(CO)C(=O)CC[C@]4(C)[C@H]3CC[C@@]12C,-2.2481138965599308,0
b2AR-decoy_1774,COc1ccc(CCNC(=O)c2ccc3c(c2)N(Cc2ccccc2)CCS3)c(OC)c1,-2.2450178500950995,0
b2AR-decoy_2761,CC1(c2cccc(Cl)c2)CC(c2cccc(Cl)c2)=C(C#N)C(=C(C#N)C#N)N1,-2.241810078113744,0
b2AR-decoy_1425,CC(C)C(O)C#CC(C)(C)O,-2.2411853367724683,0
b2AR-decoy_2748,CCCCCn1cc(C(=O)N[C@H]2C(C)(C)[C@H]3CC[C@]2(C)C3)c(=O)c2cc(Br)ccc21,-2.240088627465994,0
b2AR-decoy_828,CCCCC1Oc2cccc(OC)c2-c2ccc3c(c21)C(C)=CC(C)(C)N3,-2.238152545237184,0
b2AR-decoy_1009,Cc1cc(Cl)ccc1Oc1coc(/C=C/c2ccc[nH]2)cc1=O,-2.235694894110182,0
b2AR-decoy_1448,CC1(C)C(COC(N)=O)C1(C)C,-2.2350988721814637,0
b2AR-decoy_1449,Nc1oncc1n1cccn1,-2.233110547812822,0
b2AR-decoy_1363,CCc1nncn1c1ccc(OCc2c(Cl)cccc2Cl)cc1,-2.232074597597153,0
b2AR-decoy_2964,CCOc1ccc(c2cc(OC(=O)c3ccc(OC)cc3)c3c(C)oc(C)c3c(=O)c2)cc1,-2.230088612528753,0
b2AR-decoy_2139,CS(=O)(=O)NCc1ccc(c2c(O)ccc3[nH]c(=O)c4sccc4c32)cc1,-2.229181060335021,0
b2AR-decoy_664,Cc1cc2oc(=O)cc(c3ccccc3)c2c(C)c1c1ccc(CO)cc1,-2.2288800662639687,0
b2AR-decoy_628,COc1cc(/C(F)=C/c2cc(O)c3ccoc3c2)cc(OC)c1OC,-2.226249983379795,0
b2AR-decoy_2464,O=S(=O)(Oc1ccc(c2ccc3sccc3c2)cc1)c1ccccc1,-2.224039737220908,0
b2AR-decoy_2297,O=S(=O)(c1ccc(Cl)cc1)c1sc2nccc(O)c2c1c1ccc(Cl)cc1,-2.2224947805928776,0
b2AR-decoy_1351,COc1nc2ccccc2cc1/C=C/c1noc(c2cccc(C)c2)n1,-2.2224032932670865,0
b2AR-decoy_2926,C=C1/C(=C\C=C2/CCC[C@]3(C)C([C@H](C)CCC/C(=N\O)C(C)(C)C)=CC[C@@H]23)C[C@H](O)C[C@H]1O,-2.22204575288108,0
b2AR-decoy_1138,COc1cc(/C=C\c2cc(C(C)(C)C)c(O)c(C(C)(C)C)c2)cc(OC)c1,-2.2190781661323475,0
b2AR-decoy_2410,Cc1ccc(OCC(=O)ON=C2CCCCCCCCCCC(=O)OCCC2)cc1C,-2.2187228227050104,0
b2AR-decoy_155,COc1ccc(S(=O)(=O)N(Cc2ccc3c(c2)OCO3)[C@H](CCCNC(=O)NCc2cccc(C)c2)C(=O)NO)cc1,-2.2157170055608075,0
b2AR-decoy_1450,CN(C)C(=S)SCC(N)=O,-2.215254342039251,0
b2AR-decoy_1100,CC12CCC(OCC(=O)Nc3ccc(c4nc5cc(C#N)ccc5o4)cc3)(CC1)CC2,-2.215245033562735,0
b2AR-decoy_1285,CCCCOc1ccc(/C=C/c2cc(O)cc(O)c2)cc1,-2.211341428050804,0
b2AR-decoy_42,CCOC(=O)c1nsc(c2cc(C(C)(C)C)c(O)c(C(C)(C)C)c2)n1,-2.209399127520979,0
b2AR-decoy_2271,CCOc1ccc(Br)cc1/C=C1\CCC/C(=C\c2ccc(O)c(OC)c2)C1=O,-2.207021077528438,0
b2AR-decoy_541,COC(=O)c1sc2cc(c3ccc(C(C)=O)cc3)cnc2c1N,-2.201243964592946,0
b2AR-decoy_3120,CC(C)c1ccc(CN(Cc2ccc(F)cc2F)c2cccc(S(N)(=O)=O)c2)cc1,-2.2008897392291003,0
b2AR-decoy_2878,O=C(/C=C/c1ccc(/C=C/C(=O)c2cccc3ccccc23)cc1)c1cccc2ccccc12,-2.1999411468635106,0
b2AR-decoy_1916,Cc1ccc(C(=O)/C=C/c2ccc(/C=C/C(=O)c3ccc(C)cc3)cc2)cc1,-2.199569282864246,0
b2AR-decoy_1614,CCOC(=O)c1ccc2sc(C(=O)/C=C/c3ccc(OC)cc3)cc2c1,-2.197463382623678,0
b2AR-decoy_1068,COc1ccc(/C=C/c2nsc(/C=C/c3ccc(OC)cc3)n2)cc1,-2.197138736510123,0
b2AR-decoy_3111,O=C(N/N=C/c1ccc(OC(F)(F)C(F)F)cc1)c1cnc2c(C(F)(F)F)cccc2c1O,-2.1947040025483124,0
b2AR-decoy_471,C[C@]12CC[C@@H]3c4ccc(OC(N)=O)cc4CC[C@H]3[C@@H]1CCC2=O,-2.193688924859961,0
b2AR-decoy_1107,CCCCc1ccc(n2nc3cc(Cl)c(C(=O)NC(C)(C)C)cc3n2)cc1,-2.1935235652779945,0
b2AR-decoy_2080,C=Cc1cc(OCC(C)C)ccc1Oc1ncc(C#CC(C)NC(C)=O)s1,-2.1927311649714003,0
b2AR-decoy_2485,CC1=C(C/C=C(\C)CC/C=C(\C)Cc2cccc(C)c2)C(=O)c2ccccc2C1=O,-2.190585580814354,0
b2AR-decoy_3126,CCCCCNS(=O)(=O)c1ccc(N=c2c3ccccc3[nH]c3cc(N)ccc23)cc1,-2.1900338786338374,0
b2AR-decoy_2717,Nc1cccc(Cn2c(c3ccc(Oc4cnccn4)cc3)ccc2c2ccccc2Cl)n1,-2.1854148993471005,0
b2AR-decoy_1586,CCC(C)(C)NC(=O)C(c1cccc(OC)c1)N(C(=O)c1cc[nH]n1)c1cccc(OC)c1,-2.1839733459668547,0
b2AR-decoy_653,CC(C)(C)c1cnc(CSc2cnc(NC(=O)C3CCCCC3)s2)o1,-2.1830681574170976,0
b2AR-decoy_2777,CN(C)c1ccc(/C=C/C(=O)/C=C/c2ccc(N(c3ccccc3)c3ccccc3)cc2)cc1,-2.1804243257038367,0
b2AR-decoy_2791,CSc1ccc(CSc2ncc(c3ccc(F)cc3)c(c3ccncc3)n2)cc1,-2.1778577444701264,0
b2AR-decoy_2014,COc1cc(Br)cc(/C=N/c2ccc3[nH]c(=O)[nH]c3c2)c1O,-2.1755462890803234,0
b2AR-decoy_1967,O=C1OCC2=C1C1(C(=O)N(Cc3ccccc3)c3ccccc31)c1c([nH]nc1c1ccccc1)N2,-2.174108286558248,0
b2AR-decoy_314,COC(=O)C[C@]1(C)CCC[C@]2(C)c3cc(O)c(C(C)C)cc3CC[C@@H]12,-2.1731174026326143,0
b2AR-decoy_1906,COc1ccc(c2oc3ccc(C)cc3c2C(=O)c2cc(OC)cc(OC)c2)cc1,-2.172034992934873,0
b2AR-decoy_716,COC(=O)/C=C/CC1Oc2cccc(OC)c2-c2ccc3c(c21)C(C)=CC(C)(C)N3,-2.170742685941429,0
b2AR-decoy_257,COc1ccc(S(=O)(=O)N(C)C[C@H]2Oc3ccc(NS(=O)(=O)c4ccc(F)cc4)cc3CC(=O)N([C@H](C)CO)C[C@H]2C)cc1,-2.170356854991053,0
b2AR-decoy_2185,COc1cc2c(c(OC)c1CC=C(C)C)C=C(c1ccc(C)cc1O)CO2,-2.169563729908457,0
b2AR-decoy_41,Cc1cc(Oc2nccc3[nH]ccc23)ccc1c1c(C)ncnc1C,-2.168842392138804,0
b2AR-decoy_3192,COC(=O)CCC/C=C(\c1cc(F)cc(C(F)(F)F)c1)c1cc(C)c2onc(OC)c2c1,-2.1683091316856613,0
b2AR-decoy_1611,CCCCc1nc2ccccc2nc1Oc1ccc(c2ccccc2C2=NNN=N2)cc1,-2.1678710938107413,0
b2AR-decoy_1547,CC(C)(C)n1ncc(OCc2ccc(CCCCF)cc2)c(Cl)c1=O,-2.165765724803665,0
b2AR-decoy_710,COC(=N)/C(=C1\OC(=N)C(c2ccc(Cl)cc2)=C1O)c1ccc(Cl)cc1,-2.1637296680357294,0
b2AR-decoy_2890,COC1CC(C)(C)Oc2nc(c3ccc(Cl)cc3Cl)c(c3ccc(Cl)cc3)cc21,-2.159619955609976,0
b2AR-decoy_1884,COc1ccc(/C=C/c2ccc3oc(=O)c(c4ccc(OC)c(OC)c4)cc3c2)cc1,-2.1581018026445866,0
b2AR-decoy_2889,Cc1ccc(Nc2ccc(Nc3ccc(C)cc3)c3c2C(=O)c2cccc(O)c2C3=O)cc1,-2.157943798390968,0
b2AR-decoy_634,CC(C)(C)c1ccc(/C=C/C(=O)Nc2cccc3cnccc23)cc1,-2.1567138553085266,0
b2AR-decoy_2787,N#Cc1cc(c2ccc(Cl)cc2)c(c2ccc(Cl)cc2Cl)nc1OCc1ccc(F)cc1,-2.15587126033508,0
b2AR-decoy_218,Cc1ccc(S(=O)(=O)N(C)C[C@@H]2Oc3c(NC(=O)c4ccc(c5nccs5)cc4)cccc3C(=O)N([C@@H](C)CO)C[C@@H]2C)cc1,-2.154728777247127,0
b2AR-decoy_2581,O=C1CCCCCCCCCC/C(=N/OC(=O)COc2ccc(Cl)cc2)CCCO1,-2.153789271791316,0
b2AR-decoy_2063,CCCCCCc1cc2cc(S(=O)(=O)c3ccc(F)cc3)c(=O)oc2cc1O,-2.1535539941798403,0
b2AR-decoy_1731,CCCOc1ccc(Oc2ncc(C#CC(C)NC(C)=O)s2)c(Cl)c1,-2.153501979120894,0
b2AR-decoy_2884,COc1cc(/C=C/c2cc(O)c(CCC(C)C)c(O)c2)cc2c1O[C@]1(C)CC[C@@H](O)C(C)(C)[C@H]1C2,-2.152900855629157,0
b2AR-decoy_1454,CNC(=S)NNC(=O)C(C)(C)C,-2.152823182616184,0
b2AR-decoy_2325,CC(C)CC(=O)NC(=S)Nc1ccc(NC(=O)c2cccs2)cc1,-2.1496594484240505,0
b2AR-decoy_2394,CC(C)(O)c1cc(c2ccc(S(N)(=O)=O)cc2)c(c2ccc(F)cc2)s1,-2.14718756269361,0
b2AR-decoy_1941,CC(C)NS(=O)(=O)c1cccc(CNC(=O)c2cccc3c2cnn3c2ccc(F)cc2)c1,-2.1411590278663826,0
b2AR-decoy_3100,C=C1/C(=C\C=C2/CCC[C@@]3(C)[C@H]2CC[C@@H]3[C@H](C)CC[C@@H](O)C(C)(C)O)C[C@@H](O)C[C@@H]1O,-2.1383039279642624,0
b2AR-decoy_231,CN(C)c1cccc2c(S(=O)(=O)NCc3cn(CCCCn4c5ccccc5c5ccc6c(C=O)c[nH]c6c54)nn3)cccc12,-2.1382895574591343,0
b2AR-decoy_1216,COc1ccc2[nH]c(C)c(Sc3cc(OC)c(OC)c(OC)c3)c2c1,-2.137873224966936,0
b2AR-decoy_1038,CO/C=C(/C(=O)OC)c1ccccc1/C=C/C=C/c1ccc(C)cc1C,-2.135372502789924,0
b2AR-decoy_641,Cc1cc(CO)ccc1c1c(C)cc2oc(=O)cc(c3ccccc3)c2c1C,-2.1332682944161534,0
b2AR-decoy_1241,Cc1cc(/C=C2\SC(=O)N(c3ccccc3)C2=O)c(C)n1c1cccnc1,-2.132569896924468,0
b2AR-decoy_1050,COc1cc(/C=C/c2ccc(SC)cc2)cc(OC)c1OC,-2.132462223492184,0
b2AR-decoy_1409,CC(C)(Br)C(N)=O,-2.129357089221134,0
b2AR-decoy_2914,CC1CC(=O)C2=C(C1)OC1=C(C(=O)CC(C)(C)C1)C2c1cc2ccccc2n1Cc1ccccc1,-2.127927204791252,0
b2AR-decoy_2910,COc1cc2[nH]c(=O)c(c3cccs3)c(c3cccc(C#N)c3)c2cc1c1ccccc1,-2.126103579501608,0
b2AR-decoy_1582,O=C(NCCCn1ccc(=O)[nH]c1=O)C(c1ccccc1)(c1ccccc1)c1ccccc1,-2.1252198031356584,0
b2AR-decoy_1561,CCc1cc(c2noc(c3cc(C)nc(N(CC)CC)c3)n2)cc(C)c1OC[C@@H](O)CO,-2.12188424437792,0
b2AR-decoy_1514,C=CCn1c(SCc2cccc3ccccc23)nnc1c1cccnc1,-2.118216072645529,0
b2AR-decoy_1311,C(=C/c1cccs1)\c1noc(/C=C/c2cccs2)n1,-2.117082313045204,0
b2AR-decoy_2490,COc1ccc(C2(c3ccc(OC)cc3)Sc3ccccc3-n3cccc32)cc1,-2.114627367531399,0
b2AR-decoy_1927,CCCCCCC(=O)O[C@H]1CC[C@H]2[C@@H]3CC[C@H]4CC(=O)C=C(C)[C@]4(C)[C@H]3CC[C@]12C,-2.108987747212701,0
b2AR-decoy_1645,COc1ccc(OCCCCCCCc2c(C)nn(C)c2C)c(Cl)c1,-2.1085298473371674,0
b2AR-decoy_2851,CC(C)N=C1CCCC1C(=S)SSC(=S)C1CCCC1=NC(C)C,-2.10848573816443,0
b2AR-decoy_2218,CC(C)CCC[C@](C)(O)[C@H]1CC[C@]2(C)[C@@H]1[C@H](O)C[C@@H]1[C@@]3(C)CC[C@H](O)C(C)(C)[C@@H]3CC[C@]12C,-2.107917175948721,0
b2AR-decoy_2072,COc1ccc2c(c1O)CCCC(C)=C2c1cc(OC)c(OC)c(OC)c1,-2.1048914518673407,0
b2AR-decoy_1023,CCCCc1nc(Cl)c(/C=C/C(=O)c2ccc(Cl)s2)n1C,-2.1037488363843675,0
b2AR-decoy_2143,CC1=C(CC2=NN=NN2)c2ccccc2/C1=C\c1ccc(C(C)(C)C)cc1,-2.103269135273397,0
b2AR-decoy_1780,Clc1ccc2ccc(/C=C/c3ccc(OCc4ccccc4CC4=NN=NN4)cc3)nc2c1,-2.101683657912924,0
b2AR-decoy_2658,O=C(c1ccncc1)n1nc(c2ccccc2)c(/N=N/c2ccccc2[N+](=O)[O-])c1c1ccccc1,-2.099509667096667,0
b2AR-decoy_191,Cc1cn([C@@H]2C[C@H](C3(c4ccc(NC(=O)CCCCC(=O)NO)cc4)SCCCS3)[C@@H](CO[Si](C)(C)C(C)(C)C)O2)c(=O)[nH]c1=O,-2.0993994764154302,0
b2AR-decoy_606,CCNC(=O)OC1=C(c2ccc(C)cc2)Oc2ccccc2-n2cccc21,-2.0991344942870693,0
b2AR-decoy_822,C/C(=N\NC(=O)/C=C/c1ccc(C(C)(C)C)cc1)c1ccc(C2CCCCC2)cc1,-2.0962056365967685,0
b2AR-decoy_1794,CCOc1cc(Cl)ccc1Oc1ccc(S(=O)(=O)Nc2ccc(F)cn2)cc1C#N,-2.0928403860432803,0
b2AR-decoy_2838,CCCCCCOc1cccc2c1C(=O)C=CC21Oc2cccc3cccc(c23)O1,-2.092817264232934,0
b2AR-decoy_609,C=C/C(C)=C/C[C@H]1C(=C)CC[C@H]2C(C)(C)[C@@H](OC(C)=O)[C@H](O)C[C@]12C,-2.0919301304277758,0
b2AR-decoy_1516,CCN(CC)C(=O)C1Sc2ccccc2-c2c1c1cc(OC)ccc1n2CCF,-2.0889279018840234,0
b2AR-decoy_2821,CCCN(CCC)c1c([N+](=O)[O-])cc(Sc2cc(C)c(Cl)cc2Cl)cc1[N+](=O)[O-],-2.0885507679576465,0
b2AR-decoy_100,Cc1cc(C)nc(SCc2ccc(C(=O)N/N=C3\CC(C)CC(C)(C)C3)cc2)n1,-2.083572066899512,0
b2AR-decoy_2113,CC(C)(O)Cn1cc(c2ccccc2c2ccc(c3cnc(N)cn3)c(F)c2)cn1,-2.0835246363880726,0
b2AR-decoy_3037,Cc1ccc(C(=O)N/C(=C\c2ccc([N+](=O)[O-])cc2)C(=O)NCCc2ccccc2)cc1,-2.0811083307901783,0
b2AR-decoy_1897,Cc1cc2oc(=O)cc(c3ccccc3)c2c(C)c1c1cccc(Cl)c1,-2.078155854825669,0
b2AR-decoy_2816,CC(=O)O[C@H]1CC[C@@]2(C)[C@@H](CC[C@]3(C)[C@@H]2CCC2[C@@H]([C@@](C)(O)CCC=C(C)C)CC[C@]23C)C1(C)C,-2.077585826228413,0
b2AR-decoy_3198,CCCCCCC(C)(C)c1cc(OC)c2c(c1)OC(C)(C)c1cnn(CC)c1-2,-2.077139075963717,0
b2AR-decoy_1841,COc1ccc(CN([C@H](CC(C)C)C(N)=O)S(=O)(=O)c2ccc(C(F)(F)F)cc2)cc1F,-2.0730714971716617,0
b2AR-decoy_858,CCCCOC(=O)c1cc(C(C)(C)C)c(O)c(C(C)(C)C)c1,-2.0715597623085813,0
b2AR-decoy_1934,CC(=O)O[C@@H]1[C@@H](O)[C@@H]2O[C@@H]([C@H](C)CCC[C@H](C)[C@@H]3CC=C(C)[C@H]4CCC(C)=C[C@H]43)OC[C@@H](O2)[C@H]1O,-2.068742681364865,0
b2AR-decoy_2195,CO[C@@H]1C[C@@H]2C[C@H](O)CC[C@]2(C)[C@H]2CC[C@@]3(C)[C@@H](CC[C@@H]3[C@H](C)CCc3nnc(C)o3)[C@@H]21,-2.064518254604843,0
b2AR-decoy_807,Cc1cc(C)c(Nc2cc(Oc3c(C)cc(C#N)cc3C)ncn2)c(C)c1,-2.064103992775206,0
b2AR-decoy_2348,CCc1sc2nc(N)[nH]c(=O)c2c1Sc1cc(OC)ccc1OC,-2.061235403354675,0
b2AR-decoy_3146,C[Si](C)(C)CCOCS(=O)(=O)c1ccccc1c1ccc(c2cnc(N)nc2)c(F)c1,-2.0610222516598053,0
b2AR-decoy_1546,COc1ccc(/C=C/C(=O)c2ccc(OC(=O)c3cccs3)cc2)cc1,-2.0602534283208267,0
b2AR-decoy_1712,O=C(c1cnc(c2ccco2)s1)N1CCOc2ncccc21,-2.057411668886014,0
b2AR-decoy_1445,Nc1nccnc1Br,-2.053062804636935,0
b2AR-decoy_1822,CC(C)CCN1C(=O)CCc2cc(NC(=O)COc3ccc(Cl)cc3)ccc21,-2.052856700181298,0
b2AR-decoy_210,COC(=O)[C@H]1[C@@H](C)C/C(C)=C/C=C/[C@H](OC)[C@@H]([C@@H](C)[C@@H](O)[C@H](C)[C@@]2(O)C[C@@H](C(=O)OC)[C@H](C)[C@@H](C(C)C)O2)OC(=O)/C(OC)=C/C(C)=C/[C@H]1C,-2.0443962441937047,0
b2AR-decoy_1401,CC(C)(C)OC(=O)n1cc(N)cn1,-2.043631558508678,0
b2AR-decoy_2758,Cn1nc(C(C)(C)C)cc1c1nc2cc(c3ccccc3C(F)(F)F)nc(Cl)c2[nH]1,-2.043205102127429,0
b2AR-decoy_2832,O=c1oc2ccccc2c2c1C1CC(c3ccc(c4ccccc4)cc3)(Oc3ccccc31)O2,-2.042722305260343,0
b2AR-decoy_3005,CCOC(=O)/C=C/c1c(O)c(OC)cc(NS(=O)(=O)c2cccs2)c1SC,-2.0422039159458363,0
b2AR-decoy_2251,Cc1ccccc1/C=C1\CN(C(=S)Nc2ccccc2)C/C(=C\c2ccccc2C)C1=O,-2.0397927323082463,0
b2AR-decoy_1800,CCC(O)(CC)c1cc(F)cc(OCc2ccc3c(c2)oc(=O)cc3c2ccoc2)c1,-2.037729378231977,0
b2AR-decoy_1879,O=C(/C=C/c1cccs1)c1ccc(C(=O)/C=C/c2cccs2)cc1,-2.0365666171241115,0
b2AR-decoy_2697,C/C=C/[C@H]1[C@H](C(=O)c2c(O)c(c3ccc(OC(=O)C4CC4)cc3)c[nH]c2=O)C=C(C)[C@H]2CC[C@H](C)C[C@@H]21,-2.031873003037676,0
b2AR-decoy_1164,COc1ccc(/C=C/c2cc(O)cc(/C=C/c3ccc(OC)c(O)c3)c2)cc1O,-2.029402662748024,0
b2AR-decoy_646,Cc1cc(C)cc(NC(=O)c2coc(c3ccc(OC(F)(F)F)cc3)n2)c1,-2.024398093937105,0
b2AR-decoy_1238,CC(C)c1csc(c2nnc3n2N=C(c2ccc(Cl)cc2)CS3)n1,-2.024218555323199,0
b2AR-decoy_835,Cc1nc(c2ccc(F)cc2)sc1CCNC(=O)c1ccc(C(C)(C)C)cc1,-2.022794877363398,0
b2AR-decoy_3093,Cc1ccc(C)c(/C=C(\C(=O)c2ccc(Cl)cc2)S(=O)(=O)Cc2ccc(Cl)cc2)c1,-2.021226530315128,0
b2AR-decoy_1075,CC(=O)c1ccccc1c1cc(c2cn(CC#N)nc2c2cc(C)cc(O)c2)ccn1,-2.0192468473356144,0
b2AR-decoy_1745,CC(C)(C#N)c1ccc(NC(=O)C2=CCN(c3ncccc3C(F)(F)F)CC2)cc1,-2.01756191118056,0
b2AR-decoy_3026,O=C1COc2ccc(S(=O)(=O)NCCCN3c4ccccc4CCc4ccccc43)cc2N1,-2.0151731817565395,0
b2AR-decoy_1236,Cc1ccc(c2cc(c3ccc4c(c3)CN(C(C)C)C4=O)on2)cn1,-2.0148235543202544,0
b2AR-decoy_3156,CC1(C)[C@@H]2CC[C@@]1(C)/C(=N/CCCCCC/N=C1\C[C@H]3CC[C@]1(C)C3(C)C)C2,-2.009703656716681,0
b2AR-decoy_2299,O=S(=O)(c1ccc(Cl)cc1)c1sc2nc(O)ccc2c1c1ccc(Cl)cc1,-2.009046303325154,0
b2AR-decoy_2064,COc1ccc(/C=C/C(=O)c2ccc(NS(=O)(=O)c3cccs3)cc2)cc1,-2.008158753166609,0
b2AR-decoy_1915,CCCC(=O)c1cc(C(C)(C)C)c2c(c1)C(C1CCCC1)(C1CCCC1)CO2,-2.005315285113422,0
b2AR-decoy_3078,O=C(Oc1ccc(Cl)cc1Cc1ccccc1)c1ccccc1c1ccc(C(F)(F)F)cc1,-2.0007512385878,0
b2AR-decoy_3137,COc1ccccc1c1cc2cc(C(C)(C)C(=O)NC(C)(C)C)ccc2n1CC(=O)NC(C)(C)C,-1.9997347305481128,0
b2AR-decoy_90,COc1cc(OC)c(c2ccc(O)c3c(OC)cc(C)cc32)c2c1C(C)=N[C@@H](C)C2,-1.9991386475959825,0
b2AR-decoy_736,COc1ccc([Si](C)(C)COc2cc(C(C)(C)C)c(O)c(C(C)(C)C)c2)cc1,-1.998319438167776,0
b2AR-decoy_2596,CS(=O)(=O)c1ccc(C2=C(c3ccc(Cl)cc3Cl)CC3(CC3)C2)cc1,-1.9954826398537489,0
b2AR-decoy_2933,Cc1ccc(OC(=O)c2ccc(C(C)(C)C)cc2)c(NC(=O)c2ccc(C(C)(C)C)cc2)c1,-1.9953461870585183,0
b2AR-decoy_2664,FC(F)Oc1ccc(c2nnc3cncc(Oc4ccc(Cl)c(C(F)(F)F)c4)n32)cc1,-1.9944937925306905,0
b2AR-decoy_544,CCOC(=O)c1sc2cc(c3ccc(F)cc3)oc(=O)c2c1N,-1.993498668626891,0
b2AR-decoy_226,CCC(=O)O[C@H]1C[C@@H]2C(=CC[C@H]3[C@]4(C)C[C@@H](O)[C@H]([C@@](C)(O)C(=O)CCC(C)(C)OC(C)=O)[C@@]4(C)CC(=O)[C@]32C)C(C)(C)[C@@H]1OC(=O)CC,-1.9899463944079208,0
b2AR-decoy_2842,CO/C=C(/C(=O)OC)c1ccccc1/C=C/c1ccc(c2ccccc2C(F)(F)F)o1,-1.9872796602056164,0
b2AR-decoy_1636,COCCCN(/C(S)=C1/C(=O)c2cc(Cl)ccc2N(C)C1=O)c1ccccc1,-1.9858619007646852,0
b2AR-decoy_2465,COC(=O)c1ccc(/C=C/c2ccc(/C=C/c3ccncc3)cc2)cc1,-1.980086006064237,0
b2AR-decoy_2919,CCOC(=O)c1ccc(c2nc(c3ccc4c(c3)C(C)(C)CCC4(C)C)c(C)s2)cc1,-1.9772578440489847,0
b2AR-decoy_630,CC(C)(C)c1ccccc1Oc1ncccc1Nc1nncs1,-1.9754970328959975,0
b2AR-decoy_2959,CC(C)c1cc(C(C)C)c(S(=O)(=O)n2cc3c(=O)oc4ccccc4c3n2)c(C(C)C)c1,-1.9715818477222924,0
b2AR-decoy_2514,Cc1cccc(c2ccc(F)c(F)c2)c1Oc1ccc(S(=O)(=O)Nc2ncns2)cc1C#N,-1.9709527631043904,0
b2AR-decoy_2357,COc1cc(I)cc(/C=N/c2ccc3[nH]c(=O)[nH]c3c2)c1O,-1.969457130847917,0
b2AR-decoy_1195,COc1ccc(c2coc3c(CC=C(C)C)c(O)ccc3c2=O)cc1,-1.9643085424812652,0
b2AR-decoy_343,CN(C)c1ccc(/N=N/c2ccc(/C=C3\C(=O)Nc4ccccc43)cc2)cc1,-1.9639854650474853,0
b2AR-decoy_3163,C=C1CC[C@@H]2[C@@H](C1)c1c(OC)cc(C(C)(C)CCCCCC)cc1OC2(C)C,-1.9639206038325467,0
b2AR-decoy_2458,O=C1CC(c2ccccc2)c2c(ccc3cc(c4ccc(c5ccccc5)cc4)ccc23)O1,-1.961940429049632,0
b2AR-decoy_2810,COc1ccc(C(=O)c2c3cc(c4ccc(OC)nc4)ccc3oc2c2ccc(OC)cc2)cc1,-1.9597335981896908,0
b2AR-decoy_281,COc1ccc(S(=O)(=O)N(C)C[C@@H]2Oc3ccc(NS(=O)(=O)c4ccc(Cl)cc4)cc3CC(=O)N([C@@H](C)CO)C[C@H]2C)cc1,-1.9570583412959772,0
b2AR-decoy_106,COc1c2c(c(/C=C\C(C)(C)O)c3oc(c4ccccc4)cc(=O)c13)OC(C)(C)C=C2,-1.9547954904851088,0
b2AR-decoy_3003,CC1=C(CCCNS(=O)(=O)c2ccc(C)cc2)C2=C(C)C3(CC3)[C@@](C)(O)C(=O)C2=C1,-1.954751139808214,0
b2AR-decoy_2281,O=C(/C(=C\c1c2ccccc2[nH]c1c1ccccc1)C(=O)C(F)(F)F)c1ccco1,-1.9546202870048095,0
b2AR-decoy_1276,CO/C=C(/C(=O)OC)c1ccccc1Oc1cc(Oc2ccccc2C#N)ncn1,-1.9532219523846632,0
b2AR-decoy_3168,COc1ccc(OCc2nc(c3ccc4c(c3)C(C)(C)CCC4(C)C)cs2)cc1,-1.9485464090591584,0
b2AR-decoy_1348,COC(=O)c1ccc(/C=C(\C)c2ccc3c(c2)C(C)(C)CO3)cc1,-1.947477371076904,0
b2AR-decoy_1438,C[Si]1(C)N[Si](C)(C)N[Si](C)(C)N1,-1.942761205259015,0
b2AR-decoy_643,Cc1ccc(C(C)C)c(NC(=O)Oc2ccc(C(C)(C)C)cc2)c1,-1.941238249594485,0
b2AR-decoy_2981,CCOC1=C[C@@]2(C)C(=CC1=O)C=C[C@@H]1[C@@H]2CC[C@@]2(C)[C@H]1C[C@@H]1O[C@]3(CC[C@@H](C)CO3)[C@@H](C)[C@@H]12,-1.937892768948522,0
b2AR-decoy_1094,Cc1ccccc1C(=O)Nc1ccc(C(=O)N2Cc3cccn3-c3ccccc32)cc1,-1.9334448609791357,0
b2AR-decoy_1052,CCCCOP(=O)(OCCCC)Oc1ccc(C)cc1,-1.9333022859106768,0
b2AR-decoy_2095,CC(C)Cc1ccc(c2n[nH]c3c2C(c2ccc(N(C)C)cc2)C(C#N)=C(N)O3)cc1,-1.9232435395313112,0
b2AR-decoy_2579,C/C=C(\CC[C@@H](C)[C@H]1CC[C@H]2[C@@H]3CC(=O)C4=CC(=O)CC[C@]4(C)[C@H]3CC[C@@]21C)C(C)C,-1.9115050737783643,0
b2AR-decoy_836,CCC1=C(C)C2=C(c3ccc(O)cc3)c3c(C)c(CC)c(C)n3[B-](F)(F)[N+]2=C1C,-1.9065096125865624,0
b2AR-decoy_1378,C/C(=N\OC(=O)c1ccc(OC(C)C)cc1)c1ccc(C)c(C)c1,-1.9004435873929828,0
b2AR-decoy_2643,CCCc1ccc(OCC(=O)N(Cc2nc(c3ccc4ccccc4c3)no2)C(C)C)cc1,-1.899588723609623,0
b2AR-decoy_112,CC(C)=CCc1cc2c(=O)c(c3ccc4c(c3)OCO4)coc2c(CC=C(C)C)c1O,-1.898316492702795,0
b2AR-decoy_2284,C=C1CC[C@@H]2C(C)(C)CCC[C@@]2(C)[C@@H]1CC/C(C)=C/C(=O)Nc1ccc(C#N)cc1,-1.8954057239809985,0
b2AR-decoy_98,CCCCNC(=S)N1C/C(=C\c2ccc(C)cc2)C(=O)/C(=C/c2ccc(C)cc2)C1,-1.894992125133417,0
b2AR-decoy_102,CNC(=O)/C=C/c1ccc(Oc2c3ccc(O)cc3sc2c2ccc(O)cc2)cc1,-1.8918010842990447,0
b2AR-decoy_1521,COc1ccc(SCC(=O)c2cc(C)c(OC(=S)N(C)C)c(C)c2)cc1,-1.8913059409883453,0
b2AR-decoy_227,CO[C@H]1[C@H](C)O[C@@H](O[C@@H]2C[C@@H]3CC[C@@H](C)[C@H](O)C[C@@](C)(CC/C=C/C=C\Br)OC(=O)C[C@](O)(C2)O3)[C@H](OC)[C@@H]1OC,-1.887448923860666,0
b2AR-decoy_2047,CCOc1ccc(c2csc(/N=C/c3c[nH]c4ccccc34)n2)c(OCC)c1,-1.8859506042079055,0
b2AR-decoy_683,COc1ccc2c(c1)OC(C)(C)C/C2=C(\c1ccccc1)c1ccc(O)cc1,-1.8836166463351056,0
b2AR-decoy_2868,O=C(/C=C/c1ccc(/C=C/C(=O)c2ccc3ccccc3c2)cc1)c1ccc2ccccc2c1,-1.87833686706239,0
b2AR-decoy_745,Cc1cc(C)c(NS(=O)(=O)c2ccc(C(C)(C)C)cc2)c(C)c1,-1.8741993375194947,0
b2AR-decoy_18,CCOC(=O)c1nc(c2cc(C(C)(C)C)c(O)c(C(C)(C)C)c2)ns1,-1.8729568385870636,0
b2AR-decoy_2760,CCOC(=O)[C@]1(C)CC[C@]2(C)CC[C@]3(C)C4=CC=C5C(=CC(=O)C(O)=C5C)[C@]4(C)CC[C@@]3(C)[C@@H]2C1,-1.8725356290356892,0
b2AR-decoy_2632,COc1ccc(c2oc3ccc(c4cc(OC)c(OC)c(OC)c4)cc3c2c2ccc(OC)cc2)cc1,-1.870304675822564,0
b2AR-decoy_2776,CCS(=O)(=O)N(Cc1ccc(F)c(C(F)(F)F)c1)c1sc2ccccc2c1C(C)(C)O,-1.8698548015792704,0
b2AR-decoy_1373,CNc1c(/C=N/O)ccc(c2ccc(C)cc2)c1c1ccc(C)cc1,-1.869684044596075,0
b2AR-decoy_1222,COc1cc2c(cc1OC)-c1n[nH]c(c3ccc(c4ccncc4)cc3)c1C2,-1.8666063395826051,0
b2AR-decoy_639,CCC(c1ccc(c2ccc(NC(=O)OC(C)(C)C)cc2)cc1)n1ccnc1,-1.8660099731536928,0
b2AR-decoy_911,Cc1ccc(C(C)C)cc1OC(=O)Nc1ccc(Cl)c(Cl)c1,-1.8647246976632497,0
b2AR-decoy_2641,O=Nc1c(c2ccc(c3cc4ccccc4oc3=O)cc2)nc2sc(Cc3noc4ccccc34)nn12,-1.859883800398014,0
b2AR-decoy_1313,CC/C=C\C[C@H]1C(=O)C=C[C@H]1CC(=O)OC1CCCCC1,-1.854853593323531,0
b2AR-decoy_1231,O=C1C=CC2(Oc3cccc4cccc(c34)O2)c2cccc(OCc3ccoc3)c21,-1.847681974504723,0
b2AR-decoy_719,Oc1ccc(C(O)(c2ccccc2)c2ccc(O)c3ccccc23)c2ccccc12,-1.845675836948761,0
b2AR-decoy_2280,CC[C@@]1(C)CCC[C@@]2(C)[C@H]1CC[C@@]1(C)[C@@H]3C[C@H](O)[C@@H](C(C)=O)C[C@@]3(C)[C@@H](OC(C)=O)C[C@H]21,-1.843354681482156,0
b2AR-decoy_1002,C/C(=N\NC(=O)/C=C/c1ccc(C(C)(C)C)cc1)c1ccc(Cl)cc1,-1.8415479634059893,0
b2AR-decoy_1880,Cc1cc(=O)oc2c1ccc1oc(c3ccccc3)c(c3ccccc3)c12,-1.8388606146362707,0
b2AR-decoy_306,CCCCNC(=O)c1ccc(Br)c(n2nc(CC)n(Cc3ccc(c4ccccc4S(=O)(=O)NC(=O)OC(C)(C)C)cc3F)c2=O)c1,-1.8383879495654432,0
b2AR-decoy_1235,CC(C)OP(=O)(OC(C)C)C(=O)Oc1ccc([N+](=O)[O-])cc1,-1.833617142496596,0
b2AR-decoy_1831,C=CCOc1ccc2ccc(CN([C@H](C)C(=O)NO)S(=O)(=O)c3ccc(OC)cc3)cc2c1,-1.8300899532424757,0
b2AR-decoy_2992,Nc1cnc(c2ccc(c3ccccc3S(=O)(=O)NC[C@H](O)c3ccccc3)cc2F)cn1,-1.8211739730911751,0
b2AR-decoy_2498,CCc1ccc2nc(c3ccc(n4nnc5cc(OC)ccc54)c(C)c3)sc2c1,-1.820511195909317,0
b2AR-decoy_1638,CCOC(=O)Cc1cc(c2ccc(C)cc2)n(c2ccc(S(C)(=O)=O)cc2)c1C,-1.820318124280209,0
b2AR-decoy_2925,CC(C)(C)Oc1cccc(C(=O)N2Cc3ccccc3C(c3ccccc3)c3ccccc32)c1,-1.8179580705100349,0
b2AR-decoy_2698,C=C[C@@](C)(CC[C@H]1C(C)=CC[C@H]2C(C)(C)CCC[C@@]21C)O[C@@H]1O[C@@H](C)[C@H](O)[C@@H](O)[C@H]1OC(C)=O,-1.8175459221331824,0
b2AR-decoy_1641,CCN(CC)P(=O)(Oc1occc1Cc1c(C)cccc1Cl)N(CC)CC,-1.8139320238935304,0
b2AR-decoy_2949,COc1ccc(C(=C(I)c2ccccc2)c2ccc(OC)cc2)cc1,-1.813008671269975,0
b2AR-decoy_1652,C=C(C)CCOCc1ccc(C2(CC)Oc3ccccc3-n3cccc3C2=O)cc1,-1.8024088623870955,0
b2AR-decoy_2679,CC1(C)OC(C(O)(c2ccccc2)c2ccccc2)C(C(O)(c2ccccc2)c2ccccc2)O1,-1.7978836845947312,0
b2AR-decoy_949,Oc1ccc(/C=C/c2ccc(/C=C/c3ccc(O)c(O)c3)cc2)cc1,-1.7976057688779896,0
b2AR-decoy_1,CC(C)c1ccc(NC(=O)Oc2ccc3c(c2)[C@]2(C)CCOC2O3)cc1,-1.7936790403584475,0
b2AR-decoy_2288,Cc1ccoc1C(=O)Nc1ccc(N2Cc3cccc(Cl)c3C2=O)c(Cl)c1Cl,-1.791612669483245,0
b2AR-decoy_2254,CC(C)(C)NC(=O)C(c1cccnc1)N(C(=O)c1cccs1)c1ccc(C(C)(C)C)cc1,-1.7859899169845233,0
b2AR-decoy_2611,COc1ccc(Cl)cc1n1ncc(c2nnc(c3ccc(Cl)c(Cl)c3)o2)c1C,-1.7814780350727362,0
b2AR-decoy_1305,C=CCOc1cc(C)c2c(c1C(C)C)C=C(C)C(=O)C2=O,-1.77883067939714,0
b2AR-decoy_73,CC(C)N(c1ccc(/C=C(\C#N)c2nc3ccccc3[nH]2)cc1)C(C)C,-1.7768015478785362,0
b2AR-decoy_2706,CNC(=O)c1ccc2c(c1)C(=O)c1ccc(Nc3cc(C(=O)N(C)C(C)C)ccc3C)cc1CC2,-1.770027468596814,0
b2AR-decoy_729,COc1ccc(c2ccc3oc(c4ccc(OC)cc4)c(C#CCCO)c3c2)cc1,-1.7650216112354935,0
b2AR-decoy_1291,CCOc1ccc(/C=C\c2cc(OC)cc(OC)c2)cc1,-1.7583550964083412,0
b2AR-decoy_1513,COc1cccc(CN(C)C(=O)c2cccc(c3cccc(OC)c3)c2)c1,-1.7534734285519402,0
b2AR-decoy_1173,COc1cc2c(cc1OC)-c1n[nH]c(c3ccc(c4ccc(N)cc4)cc3)c1C2,-1.7481782596423052,0
b2AR-decoy_1775,CCOP(=O)(Cc1ccc(C(=O)Nc2cc(c3ccc(Cl)cc3)no2)cc1)OCC,-1.7464893687330911,0
b2AR-decoy_199,CCNC(=O)Nc1ccc(CCCCc2nnc(NC(=O)Cc3cccc(CNC(=O)OC(C)(C)C)c3)s2)nn1,-1.7456197644149198,0
b2AR-decoy_1771,COC(=O)c1cccc(NC(=O)/C=C/Oc2ccc(C(C)(C)CC(C)(C)C)cc2)c1,-1.7445924249469644,0
b2AR-decoy_532,C[C@H]1CCc2cc(F)ccc2N1C(=O)c1ccc(O)cc1O,-1.7434037691913506,0
b2AR-decoy_1324,COc1cc(/C=C/c2ccc([N+](=O)[O-])cc2)cc(OC)c1,-1.7389255468538194,0
b2AR-decoy_617,CC(=O)Nc1ccc(/C=C/C(=O)c2ccc(C(C)(C)C)cc2)cc1,-1.7290350924834266,0
b2AR-decoy_2840,O=C1/C(=C\c2ccc(Cl)cc2)SC2(CCCCC2)N1c1ccc(Br)cc1,-1.7229810800870025,0
b2AR-decoy_3017,CC(C)C[C@H](C(N)=O)N(Cc1cc(F)cc(F)c1)S(=O)(=O)c1ccc(Cl)cc1,-1.7227223805658711,0
b2AR-decoy_1676,CCOc1cc(C)c(S(=O)(=O)N2CCCCC2)cc1C,-1.7177890425750273,0
b2AR-decoy_1488,CCCC(O)C#CC#CCO,-1.7176754257865003,0
b2AR-decoy_251,COc1ccc(S(=O)(=O)N(CC(C)C)C[C@@H](O)[C@H](Cc2ccccc2)NC(=O)c2cccc(C(=O)N(C)Cc3nc(C)oc3C)c2)cc1,-1.715611928292379,0
b2AR-decoy_2785,CCCCc1ccc(CCc2cc3c(s2)-n2c(C)nnc2CN=C3c2ccccc2Cl)cc1,-1.7130850931990849,0
b2AR-decoy_1726,CC(C)(C)NC(=O)C(c1ccc(Cl)cc1)N(Cc1ccco1)C(=O)CCl,-1.7118972166039097,0
b2AR-decoy_187,O=C(/C=C/c1cc(O)c(O)c(O)c1)NCCCCCCCC[P+](c1ccccc1)(c1ccccc1)c1ccccc1,-1.7116265489456843,0
b2AR-decoy_3028,CCC(C)(C)NC(=O)C1CCC(CNS(=O)(=O)c2ccc3c(c2)CC(C)N3C(C)=O)CC1,-1.6970562309174853,0
b2AR-decoy_2843,CC(=O)OC1CC[C@@]2(C)C(=CC[C@@H]3[C@@H]2CC[C@@]2(C)[C@H]3CC[C@@H]2[C@H](C)CCCC(C)C)C1,-1.6964765622064668,0
b2AR-decoy_2747,COc1ccc2cc(CC(=O)OCCC3(C)CCc4c(C)c(O)c(C)c(C)c4O3)ccc2c1,-1.6942530272424765,0
b2AR-decoy_2996,COC(=O)c1ccccc1c1ccc([C@@H](C)NC(=O)C2(NC(=O)C(F)(F)F)CC2)c(F)c1,-1.6941979258724988,0
b2AR-decoy_1260,CC(F)(F)c1nn2cc(c3cc4cccc(OC(F)(F)F)c4o3)nc2s1,-1.6827465501770544,0
b2AR-decoy_2977,C[C@]12ON(P(=O)(c3ccccc3)c3ccccc3)[C@](C)(c3ccccc31)c1ccccc12,-1.6826672414947892,0
b2AR-decoy_1240,CCC(CC)Oc1cc(C)nc(Oc2c(C)cc(C)cc2C)c1C(=O)OC,-1.6807786893178596,0
b2AR-decoy_2639,CCCC(CCC)C(=O)N(C)C(=O)c1nn(c2ccc(Cl)cc2Cl)c(c2ccc(Cl)cc2)c1C,-1.6800758318714906,0
b2AR-decoy_1623,COc1ccc(/C=C/c2cc(OC)cc(OC)c2/C=C/C(=O)NCC(C)C)cc1,-1.679591842628417,0
b2AR-decoy_2678,Cc1cc(c2cnc(c3sc(C)c4c3C[C@@H]3[C@H]4C3(C)C)s2)cc(C)c1OCC(O)CO,-1.6772758663516811,0
b2AR-decoy_1694,Cc1ccc(N(C)S(=O)(=O)c2ccc([N+](=O)[O-])cc2)cc1,-1.66747112047989,0
b2AR-decoy_656,C=CCOc1ccc2c(c1)Oc1ccccc1C(CC)=C2c1ccc(O)cc1,-1.6672316594177925,0
b2AR-decoy_595,CC(C)c1ccc(NC(=O)Oc2ccc3c(c2)[C@]2(C)CO[C@@H](C2)O3)cc1,-1.6630799992381131,0
b2AR-decoy_2089,CCc1cc2c(cc1O)CC[C@@H]1[C@@H]2CC[C@]2(C)[C@@H](OS(N)(=O)=O)CC[C@@H]12,-1.6563082143908132,0
b2AR-decoy_1439,CSCP(O)(O)=S,-1.652175453751313,0
b2AR-decoy_272,CC(=O)N1C[C@H]2[NH2+][C@H](CC(c3ccc(CCCOc4c(F)ccc(F)c4Cl)cc3)=C2C(=O)N(Cc2cccc(Cl)c2Cl)C2CC2)C1,-1.6491826416341226,0
b2AR-decoy_654,Oc1nnc(c2ccccc2)c(c2ccccc2)c1c1ccccc1,-1.6475441810386278,0
b2AR-decoy_2152,CCC(=O)Nc1ccccc1Sc1ncnc2scc(c3ccccc3)c12,-1.6468788548796065,0
b2AR-decoy_3071,CC(C)OC1=C[C@@]2(C)C(=CC1=O)C=C[C@@H]1[C@@H]2CC[C@@]2(C)[C@H]1C[C@@H]1O[C@]3(CC[C@@H](C)CO3)[C@@H](C)[C@@H]12,-1.64249202120067,0
b2AR-decoy_1881,CCC(CC)(c1ccc(OC(=O)N2CCCCC2)cc1)c1ccc(N(C)C(C)=O)cc1,-1.641487383557838,0
b2AR-decoy_2238,Cc1cc(C)c2sc(C(=O)N(C)C)c(c3ccc(CCNC(=O)OC(C)(C)C)cc3)c2c1,-1.641437863121607,0
b2AR-decoy_2685,Cc1ccccc1C1CC(c2ccc(OCc3ccccc3)cc2)=NN1c1ccc(S(N)(=O)=O)cc1,-1.6384833400157524,0
b2AR-decoy_1031,CN(C)c1ccc(/C=C/c2ccc(OCC3COC(C)(C)OC3)cc2)cc1,-1.636574767523186,0
b2AR-decoy_1808,COC(=O)/C=C/c1cccc(N(Cc2ccc(c3ccc(C)cc3)cc2)C(=O)NC(C)C)c1,-1.6260748110948868,0
b2AR-decoy_2699,Cc1ccccc1NC(=O)c1ccc(NS(=O)(=O)c2cc(C(C)(C)C)cc(C)c2C)cc1,-1.623010550385768,0
b2AR-decoy_2569,CC(=O)SS[C@]1(Cl)C(C)(C)[C@@](Cl)(SSC(C)=O)C1(C)C,-1.620063962725603,0
b2AR-decoy_2692,C/C(=N\NC(=O)c1ccc(NS(=O)(=O)c2cccs2)cc1)c1ccc2ccccc2c1,-1.613098911903443,0
b2AR-decoy_2708,Cc1ccc(OC(C)C(=O)Nc2ccc(C)c(S(=O)(=O)Nc3ccc(C)cc3C)c2)cc1,-1.612235799519651,0
b2AR-decoy_2442,C/C(=C\c1ccc(S(C)(=O)=O)cc1)c1ccc2c(c1)C(C)(C)CCC2(C)C,-1.6114597874416885,0
b2AR-decoy_2683,CNc1ccc(c2[nH]c(c3ccc(/C=C/C(=O)OC)cc3)nc2c2ccc(N(C)C)cc2)cc1,-1.6065556626588546,0
b2AR-decoy_1870,O=C(NCCO)/C(=C/c1ccc(Oc2ccccc2Br)cc1)NC(=O)c1ccccc1,-1.6026166676348026,0
b2AR-decoy_2904,Cn1c(C23CCC(c4nc(c5ccc(F)cc5)no4)(CC2)CC3)nnc1c1ccc(OC(F)F)cc1,-1.5961710794916568,0
b2AR-decoy_2866,COc1ccc(c2oc3ccc(c4ccc5c(c4)OCO5)cc3c2c2ccc(OC)nc2)cc1,-1.5949522326967718,0
b2AR-decoy_2120,COc1ccc(c2ccc3nc(NS(=O)(=O)c4ccc(N)cc4)sc3c2)cc1,-1.5938828112852623,0
b2AR-decoy_1628,C=CCCC(C)N(C(=O)OC(C)(C)C)S(=O)(=O)c1ccc(C)cc1,-1.5936939661121885,0
b2AR-decoy_2973,CC(=O)C1=NN(c2ccc(Br)cc2)SC12c1ccccc1Oc1ccccc12,-1.5910235051818202,0
b2AR-decoy_2041,Cc1cc(OCc2cc(C(=O)NCc3cc(C(C)C)no3)no2)cc(C)c1Cl,-1.5897396120967555,0
b2AR-decoy_2888,COC(=O)c1cc(CSc2nnc(c3ccc(C)cc3)c(c3ccc(C)cc3)n2)oc1C,-1.5868327509774407,0
b2AR-decoy_2652,CCO/C(CC1=CC[C@H]2[C@@H]3CCc4cc(OC)ccc4[C@H]3CC[C@]12C)=N/S(=O)(=O)c1ccc(C)cc1,-1.5860270223820627,0
b2AR-decoy_3172,CC1=C(C/C=C(\C)CC/C=C(\C)Cc2ccc(C)cc2C)C(=O)c2ccccc2C1=O,-1.5851234196317343,0
b2AR-decoy_2818,CC(C)=CCc1c(O)c(CC=C(C)C)c2oc(c3ccc(O)cc3O)c(CC=C(C)C)c(=O)c2c1O,-1.5822743165395847,0
b2AR-decoy_2048,COc1c(Br)c(CCCO)cc2cc(c3ccc4c(c3)OCO4)oc12,-1.5715063989968523,0
b2AR-decoy_633,COc1ccc(/C=C/c2ccc3c(Br)ccc(O)c3n2)cc1,-1.569548815542572,0
b2AR-decoy_3197,CCOC1(O[C@H]2CC[C@H]3[C@@H]4CC[C@H]5CC(=O)CC[C@]5(C)[C@H]4CC[C@]23C)CCCC1,-1.5690980039562858,0
b2AR-decoy_1518,CC(=O)N(Cc1ccc(Oc2ccc(C#N)cc2)cc1)C(=O)c1cc(C2CC2)nn1C,-1.5676948043852752,0
b2AR-decoy_386,OCc1c(Br)c(O)c(O)c(Br)c1Br,-1.5590873924354551,0
b2AR-decoy_68,Cc1ccc(C(C)C)c(OC(=O)Nc2ccc(I)cc2)c1,-1.5575229197421965,0
b2AR-decoy_1349,O=C(Oc1ccc(c2cc(=S)ss2)cc1)c1cccnc1,-1.550507294970506,0
b2AR-decoy_2803,CN(C)c1ccc(/C=C/c2ccc(c3nc4ccc(OCCCF)cc4o3)cc2)cc1,-1.5487465292784828,0
b2AR-decoy_1155,OCCCCCCC1CCOOC2(CCCCCCCCCCC2)OOC1,-1.5475551349358403,0
b2AR-decoy_1596,C[C@]1(C#N)C[C@@H](CN([C@H](CCC(F)(F)F)C(N)=O)S(=O)(=O)c2ccc(Cl)cc2)C1,-1.546310565613828,0
b2AR-decoy_763,CC(=O)Oc1cc2c(cc1C(C)C)CC[C@@H]1[C@]2(C)CCC[C@@]1(C)CO,-1.54109283378661,0
b2AR-decoy_2918,C[Si]1(C)CCN(C(=O)c2cc(c3ccc(Cl)cc3)n(c3ccc(Cl)cc3)n2)CC1,-1.539243046373645,0
b2AR-decoy_2199,O=C1C(=Cc2c[nH]c3ccccc23)C(=O)N(c2ccc(Cl)cc2)N1c1ccc(Cl)cc1,-1.539155332484998,0
b2AR-decoy_337,CC(=O)Oc1ccc(O)c(C[C@]2(C)[C@@H](C)CC[C@]3(C)C(C)=CCC[C@H]32)c1,-1.537184299001191,0
b2AR-decoy_2088,CCCCc1ncoc1c1ccc(NC(=O)C(=O)NC(C)(C)C)cc1OC,-1.536468885624012,0
b2AR-decoy_241,CC(C)(C)Cn1ccc(C2=C(C(=O)NS(=O)(=O)C3CC3)C(=O)N[C@@](c3ccc(CCCCC(F)(F)F)cc3F)(C(F)(F)F)C2)n1,-1.5313862759858914,0
b2AR-decoy_1876,CCC/C=C\Cn1nnc(c2ccc(Cl)cc2Cl)c1c1ccc(Cl)cc1,-1.5186397784566097,0
b2AR-decoy_959,CC(C)Sc1sc(C(=O)NC2CC2)c(c2ccc(Cl)cc2)c1C#N,-1.517892825681494,0
b2AR-decoy_2946,COc1cc(c2coc3cc4c(c(OC)c3c2=O)C=CC(C)(C)O4)ccc1OCC=C(C)C,-1.5171585358559734,0
b2AR-decoy_1827,OCCOCn1cnc2c(O)n3c(C(c4ccccc4)(c4ccccc4)c4ccccc4)cnc3nc21,-1.5167759982312397,0
b2AR-decoy_657,CC(C)(C)c1cc(C(=O)/C=C/c2ccc3c(c2)CCO3)cc(C(C)(C)C)c1O,-1.516067833652409,0
b2AR-decoy_1920,COc1cc(/C=C/c2ccc(O[Si](C)(C)C(C)(C)C)cc2)cc(OC)c1,-1.5094200975763346,0
b2AR-decoy_2772,COc1ccc(/C(Cl)=C/C=C(\C#N)C(=O)c2c[nH]c3ccc(Br)cc23)cc1OC,-1.5058641471069572,0
b2AR-decoy_3067,COc1ccc(/C=C(/Sc2ccc(Br)cc2)C(=O)c2ccc(Cl)cc2)cc1,-1.5016628556997995,0
b2AR-decoy_2870,CCn1c2ccccc2c2cc(/C=C/C(=O)c3ccc(I)cc3)ccc21,-1.4990886049578225,0
b2AR-decoy_53,Cc1ccc(C(C)C)cc1OC(=O)Nc1ccc(I)cc1,-1.4972715215177623,0
b2AR-decoy_2874,Cc1ccc2c(c1)[C@H](C(C)C)CC[C@]21C[C@H](CC(C)C)C2=C(O1)C(C)(C)C(=O)C(C)(C)C2=O,-1.4876570428319855,0
b2AR-decoy_57,CN(C)c1ccc(c2nnc(c3c[nH]c4ccc(Br)cc43)s2)cc1,-1.4866986478997144,0
b2AR-decoy_914,O=[N+]([O-])c1ccc(/C=C/c2ccc3c(Cl)cc(Cl)c(O)c3n2)cc1,-1.4832907389257677,0
b2AR-decoy_2605,CC(C)CCC1(CCC(C)C)Cc2c(cc(C(C)(C)C)c(O)c2C(C)(C)C)O1,-1.4802922359881436,0
b2AR-decoy_2051,CC1=C(C(=O)OC(C)C)C(c2ccc(Cl)cc2)C(C(=O)OC(C)C)=C(C)N1,-1.477841016085653,0
b2AR-decoy_833,CC(C)c1cccc(C(C)C)c1OC(=O)NC(=O)SCc1ccc(Cl)cc1,-1.4744090390550142,0
b2AR-decoy_2536,Cc1cnccc1c1cc(Cl)ccc1Oc1ccc(S(=O)(=O)Nc2ncns2)cc1C#N,-1.4740129761286138,0
b2AR-decoy_1917,Cn1cc(/C=C2\CCC/C(=C\c3cn(C)c4ccccc34)C2=O)c2ccccc21,-1.47182861425376,0
b2AR-decoy_3199,CC(C)=CCC/C(C)=C/CC/C(C)=C/CC1=C(C)C(=O)c2ccccc2C1=O,-1.4707345723565155,0
b2AR-decoy_1492,CCNC(=O)Nn1c(C)nnc1C,-1.4671344781506142,0
b2AR-decoy_730,CC(=O)N(c1ccccc1)c1nc(/C=C/C(=O)Nc2c(C)cc(C)cc2C)cs1,-1.4665494450383405,0
b2AR-decoy_27,N#Cc1ccc(C(=O)/C=C/c2c[nH]c3ccc(Br)cc23)cc1,-1.4604522055348743,0
b2AR-decoy_82,CC(C)=CCc1c(O)c2c(c3c1OC(C)(C)C=C3)CC=C(c1ccc(O)c(O)c1)C2=O,-1.4592702386371927,0
b2AR-decoy_1579,O=C(c1ccc(SCc2ccccc2B(O)O)nc1)N(Cc1ccncc1)c1ccc(F)cc1,-1.45748199219954,0
b2AR-decoy_2585,CC1(C)C=Cc2c(c3c(cc2c2cc4ccccc4s2)oc(=O)cc3c2ccccc2)O1,-1.4547102649774382,0
b2AR-decoy_2972,CC1=C(/C=C/C(C)=C/C=C/C(C)=C/C(=O)N2CCCOCC2)C(C)(C)CCC1,-1.454608869294429,0
b2AR-decoy_806,COc1cc(OC)cc(c2sc3ccc(OC)cc3c2c2ccc3cc[nH]c3c2)c1,-1.4514830161699397,0
b2AR-decoy_2876,CCCCCCC1(c2cc(O)c3c(c2)OC(C)(C)[C@@H]2CC=C(C)C[C@@H]32)CCCC1,-1.4498309079657448,0
b2AR-decoy_919,CC(C)(C)OC(=O)Nc1ccc(c2cc(c3ccccc3)no2)cc1,-1.4467628447444112,0
b2AR-decoy_2629,COC(=O)c1ccc(S(=O)(=O)N(CCCCC(F)(F)F)c2sc3ccccc3c2C(C)C)cc1,-1.4442783868272426,0
b2AR-decoy_2520,CC(=O)Nc1ccc(NC(=O)c2ccc(NS(=O)(=O)c3cc(C(C)(C)C)ccc3C)cc2)cc1,-1.4407710934773132,0
b2AR-decoy_2912,O=C1c2c(Cl)c(Cl)c(Cl)c(Cl)c2C(=O)N1c1ccc(CCc2cccc(O)c2)cc1,-1.4374136219785996,0
b2AR-decoy_2590,CC1(C)OC(S)=Nc2ccc(c3cc(Br)cc(OC(F)(F)F)c3)cc21,-1.4304883550372631,0
b2AR-decoy_2624,COc1ccc(c2nn3c(nc(c4ccc(OC)cc4)c3c3ccc(OC)cc3)s2)cc1,-1.4283951845385252,0
b2AR-decoy_2688,CCN(c1cc(Cl)cc(C(=O)NCc2c(C(F)(F)F)cc(C)[nH]c2=O)c1C)C1CCOCC1,-1.4263174222549566,0
b2AR-decoy_2663,CO/C=C(/C(=O)OC)c1ccccc1COc1cccc(C(=O)/C=C/c2ccc(Br)cc2)c1,-1.4246406467810644,0
b2AR-decoy_213,CNC(=O)Nc1ccc(/C=C/C(=O)NCC(=O)N(C)c2ccc(Cl)c(COc3cccn4c(Br)c(C)nc34)c2Cl)cc1,-1.423345790791919,0
b2AR-decoy_3189,COC(=O)CC[C@@H](C)[C@H]1CC[C@H]2[C@@H]3CC=C4C(C)(C)c5nccnc5C[C@]4(C)[C@H]3CC[C@@]21C,-1.422823401017462,0
b2AR-decoy_2841,COc1ccc(/C=N\O[Si](C)(C)C(C)(C)C)cc1O[Si](C)(C)C(C)(C)C,-1.415228341993917,0
b2AR-decoy_1545,CCCCCCCCCCC1=C(OC(C)=O)C(=O)c2ccccc2C1=O,-1.4151184737047555,0
b2AR-decoy_2545,CC(/C=C/C=C/CO)=C\[C@@H]1Cc2nc(cs2)CCCCC(=O)O[C@@H](C)C/C(C)=C/C=C\C(=O)O1,-1.412556364572747,0
b2AR-decoy_2779,CCC(C)(C)c1nnc(c2nn(c3ccc(Cl)cc3Cl)c(c3ccc(Cl)cc3)c2C)o1,-1.407992950537431,0
b2AR-decoy_996,COc1cc(/C=C/c2ccc(OC(=O)c3ccccc3O)cc2)cc(OC)c1,-1.399175772017438,0
b2AR-decoy_2518,Cc1cccc(C(C)(C)C)c1OC(=O)NS(=O)(=O)Oc1c(C(C)C)cccc1C(C)C,-1.3955280957374545,0
b2AR-decoy_620,Cc1[nH]c(C)c(c2ccc(/C=C/c3ccccn3)cc2)c(=O)c1Cl,-1.3952431958676046,0
b2AR-decoy_1033,CCCCOc1ccc(/C=C/c2cc(OC)cc(OC)c2)cc1,-1.383420847863734,0
b2AR-decoy_3054,C=C(C)[C@@H]1CC[C@]2(C(=O)OC)CC[C@]3(C)[C@H](CC[C@@H]4[C@@]5(C)CCC(=O)C(C)(C)[C@@H]5CC[C@]43C)[C@@H]12,-1.3819911694643183,0
b2AR-decoy_2858,COC(=O)[C@]1(C)CCC[C@]2(C)c3cc(c4cscn4)c(C(C)C)cc3CC[C@H]21,-1.3806350942924956,0
b2AR-decoy_1807,Cc1noc(NS(=O)(=O)c2ccccc2c2ccc(CCC(C)C)cc2)c1C,-1.380604896434798,0
b2AR-decoy_285,Cc1ccc2cccc(OCc3c(N4CCCC4=O)ccc(n4cccc4CNC(=O)/C=C/c4ccc(N5CCCC5=O)cc4)c3N3CCCC3=O)c2n1,-1.3722134495713212,0
b2AR-decoy_3001,CCC(=O)N1CCc2cc(CNS(=O)(=O)c3ccc(NC(=O)CC(C)C)cc3)ccc21,-1.3705998446111922,0
b2AR-decoy_2667,O=C1c2ccccc2C(=O)N1CCOC(=S)N(C(=O)c1cc2ccccc2s1)c1ccc(Cl)cc1,-1.362238522910875,0
b2AR-decoy_3162,O=S(=O)(c1ccccc1)n1ccc2cc(/C=C/c3ccc4ccccc4c3)ccc21,-1.344481200101941,0
b2AR-decoy_1607,COc1cc(CNC(=O)COC(=O)/C=C(\C)CCC=C(C)C)c(I)cc1O,-1.3386569445930698,0
b2AR-decoy_1885,CCOC(=O)C(C)(C)C1=C/C(=C\c2cccc(c3ccccc3)c2)c2ccc(F)cc21,-1.3383946791355843,0
b2AR-decoy_2418,CC1=C(/C=C/C(C)=C/C=C/C(C)=C/C=C2C(=O)CCCCCC2=O)C(C)(C)CCC1,-1.330624538851713,0
b2AR-decoy_1333,Cc1ccc(C(=O)Oc2ccccc2)cc1/N=N/N(C)C,-1.3268606340015967,0
b2AR-decoy_297,CCCCC(=O)Nc1ccc(Br)c(n2nc(C)n(Cc3ccc(c4ccccc4S(=O)(=O)NC(=O)OC(C)(C)C)cc3F)c2=O)c1,-1.3218507309544478,0
b2AR-decoy_1359,CCCCc1cc(OC)c2c(C)cc(C)c(C)c2c1OC(C)=O,-1.3208719068319457,0
b2AR-decoy_2693,CC(C)=C[C@H](O)[C@@H](O)[C@@H](CO)[C@H]1CC[C@@]2(C)[C@@H]3CC[C@H]4C(C)(C)[C@@H](O)CC[C@@]45C[C@@]35CC[C@]12C,-1.318385115870068,0
b2AR-decoy_273,CCCCN(CCCC)C(=O)c1cc(C)n(c2ccc(N[S+]([O-])c3c(C)onc3c3ccccc3)cc2C(=O)N2Cc3ccccc3C[C@H]2CO)n1,-1.317045948047041,0
b2AR-decoy_2512,CC(C)CCn1c2ccc(C3CCCCO3)cc2c2c3c(c4c(c21)CCc1nn(C)cc1-4)C(=O)NC3,-1.308803921774306,0
b2AR-decoy_2530,C/C(=N\OC(C)C)c1ccc2c(c1)c1c3c(c4c(c1n2C(C)C)CCc1nn(C)cc1-4)C(=O)NC3,-1.2900268736474416,0
b2AR-decoy_2807,CN(C(=O)Oc1ccc(Cl)cc1)[C@H]1CC[C@H](c2ccc(C[N+]3([O-])CCCCC3)cc2)CC1,-1.286721382784387,0
b2AR-decoy_301,COc1cc([C@](O)(CC[NH+](C)C)[C@@H](c2cc3cc(Br)ccc3nc2OC)c2ccnc(OC)c2OC)cc(OC(C)C)n1,-1.2816250533523257,0
b2AR-decoy_660,CC(=O)Oc1c(C(C)C)c(C(C)C)c(O)c(c2ccc(F)cc2)c1C(C)C,-1.275257057455791,0
b2AR-decoy_39,CC(C)c1ccc(NC(=O)Oc2ccc3c(c2)[C@@]2(C)CCO[C@H]2N3C)cc1,-1.274230787371665,0
b2AR-decoy_1933,COc1ccc2c(c1)[nH]c1c(C)[n+](CCCC[n+]3ccc4c([nH]c5cc(OC)ccc54)c3C)ccc12,-1.2729742952101477,0
b2AR-decoy_103,CCCCNC(=S)N1C/C(=C\c2ccccc2C)C(=O)/C(=C/c2ccccc2C)C1,-1.2639434114902282,0
b2AR-decoy_3058,COC(=O)[C@]12CC[C@@H](C(C)C)C1C1CC[C@@H]3[C@@]4(C)C=CC(=O)C(C)(C)C4CC[C@@]3(C)[C@]1(C)CC2,-1.2564350553124068,0
b2AR-decoy_310,COc1ccc(CN(C(=O)Cn2cc(CNS(=O)(=O)c3ccc(Br)cc3)nn2)c2cc(OC)c(OC)c(OC)c2)cc1,-1.2479755064943472,0
b2AR-decoy_2290,COC(=O)/C=C(C)/C=C/C=C(\C)C(=O)Nc1ccc(C(C)(C)C)cc1C(C)(C)C,-1.2214045830101543,0
b2AR-decoy_814,CC(C)c1ccc(NC(=O)Oc2ccc3c(c2)[C@]2(C)CCC(C)[C@@H]2C3C)cc1,-1.220263741117332,0
b2AR-decoy_1534,CCSc1ccc(c2cnc(c3nnc(C)n3c3ccc(OC)nc3)cn2)c(C)c1,-1.2198598770247226,0
b2AR-decoy_1889,CCOC(=O)/C=C(C)/C(F)=C/C=C(C)/C=C/c1c(C)cc(C)c(Cl)c1C,-1.1989603328668856,0
b2AR-decoy_1429,S=c1[nH]nc(c2n[nH]c(=S)s2)s1,-1.1906841187516422,0
b2AR-decoy_1843,COc1ccc(OC)c(S/C(N)=C(C#N)/C(C#N)=C(\N)Sc2cc(OC)ccc2OC)c1,-1.189588134059185,0
b2AR-decoy_2864,COc1ccc2cc1Oc1ccc(cc1)/C=C/c1cccc(OC)c1Oc1cccc(c1)CC2,-1.1842853801985929,0
b2AR-decoy_2614,CC(=O)Oc1c(C)c(c2ccccc2)c(C)c(c2ccccc2)c1C(=S)c1ccccc1,-1.1830841568694963,0
b2AR-decoy_3043,COC(=O)c1ccc(/C=C/c2c3ccccc3sc2c2ccc(OC)cc2)cc1,-1.172358055313216,0
b2AR-decoy_3144,COc1cc2c(cc1OCc1ccncc1)-c1n[nH]c(c3ccc(c4ccc(O)cc4)cc3)c1C2,-1.171510815149979,0
b2AR-decoy_2269,CC(=O)O[C@H]1CC[C@@]2(C)C(=CC[C@H]3[C@@H]4CC[C@H]([C@@](C)(O)c5ccccn5)[C@@]4(C)CC[C@@H]32)C1,-1.1699284596018449,0
b2AR-decoy_2517,CC(C)(C)NC(=O)C(c1cccnc1)N(C(=O)c1ccco1)c1ccc(c2ccc(F)c(F)c2)cc1,-1.1683234333693373,0
b2AR-decoy_1781,CCOC(=O)c1c(NC(=O)COc2cc(C)ccc2C(C)C)sc2c1CCCC2,-1.1573384302859573,0
b2AR-decoy_2589,Cc1ccc(CS(=O)(=O)/C(=C/c2cc(C)cc(C)c2)C(=O)c2ccc(Cl)cc2)cc1,-1.1487989592225152,0
b2AR-decoy_2956,Cn1c2ccccc2c2cc(/C=C3\SC(=S)N(c4ccccc4)C3=O)ccc21,-1.1433196872560711,0
b2AR-decoy_3184,Cc1cc(C)c(C2=C(C(=O)C3C(C=C(Cl)Cl)C3(C)C)C3(CCCC3)OC2=O)c(C)c1,-1.1308837857618732,0
b2AR-decoy_2654,COc1ccc(C(=O)CN2C(=O)S/C(=C\C3=C(Cl)c4cc(C)c(C)cc4CCC3)C2=O)cc1,-1.1158037947783277,0
b2AR-decoy_2746,C=C1CC[C@H]2[C@](C)(CCC=C(C)C)[C@H](O)CC[C@]2(C)[C@@H]1C[C@@]1(C(=O)OC)OC(C)=C(C)C1=O,-1.1118410179009224,0
b2AR-decoy_3070,CCC(=O)Oc1ccc(/C=C2\CCC/C(=C\c3ccc(N4CCCCC4)cc3)C2=O)cc1OC,-1.1044507794999272,0
b2AR-decoy_262,COc1ccc(S(=O)(=O)N(Cc2ccc3c(c2)OCO3)[C@H](Cc2cncn2C(c2ccccc2)(c2ccccc2)c2ccccc2)C(=O)NO)cc1,-1.096734872344302,0
b2AR-decoy_1400,S=c1[nH]nc(c2n[nH]c(=S)o2)o1,-1.0914986288745272,0
b2AR-decoy_1500,C/C=C/C#CC#C[C@H](O)CCO,-1.0701844026573597,0
b2AR-decoy_1503,CC(=O)OC(CC(C)C)P1(=O)N(CC(C)(C)C)[C@@H]2CCCC[C@H]2N1CC(C)(C)C,-1.0625434032082972,0
b2AR-decoy_652,N#Cc1c(c2ccccc2)cc2[nH]nc(c3ccccc3)c2c1c1ccccc1,-1.0560379151923962,0
b2AR-decoy_308,CCCCc1nn(c2ccccc2C(F)(F)F)c(=O)n1Cc1ccc(c2ccccc2S(=O)(=O)NC(=O)c2sccc2Br)cc1,-1.0495385269326645,0
b2AR-decoy_2644,O=C(ON(C(=O)c1ccccc1)c1ccc(C(=O)c2ccccc2)cc1)c1ccc(Cl)cc1,-1.0467678579892474,0
b2AR-decoy_2334,Cc1cccc(c2ccc(c3cnc(N)nc3)c(F)c2)c1S(=O)(=O)NC(C)(C)C,-1.0457102893013224,0
b2AR-decoy_3069,COC(=O)[C@]12CCC(C)(C)C[C@H]1C1=CC[C@@H]3[C@@]4(C)C[C@@H](C=O)C(C)(C)[C@@H]4CC[C@@]3(C)[C@]1(C)CC2,-1.0416778198258971,0
b2AR-decoy_2230,COc1c(O)ccc2c1-c1ccc3c(c1/C(=C/c1ccc(F)cc1CO)O2)C(C)=CC(C)(C)N3,-1.0335267763907314,0
b2AR-decoy_1042,C=C[Si](C)(C)COC(=O)/C(C#N)=C/C=C/c1ccccc1,-1.0248942466771918,0
b2AR-decoy_3055,COc1cc(/C=C2\CCC/C(=C\c3ccc(N4CCCCC4)cc3)C2=O)ccc1OC(=O)C(C)C,-1.0066219313674043,0
b2AR-decoy_685,Cc1ccc(C(C)C)c(OC(=O)Nc2ccc(C(C)(C)C)cc2)c1,-1.0005881010519604,0
b2AR-decoy_3085,COc1cc2oc(=O)cc(c3ccc(c4ccc(C(F)(F)F)cc4)cc3)c2c(OC)c1OC,-0.9927485095903572,0
b2AR-decoy_2563,Cc1cccc(NC(=O)C(=O)C(C(=O)c2ccc3ccccc3c2)C2OC(=O)c3ccccc32)c1C,-0.9913718436596312,0
b2AR-decoy_304,Cc1cn([C@H]2C[C@H](C3(c4ccc(NC(=O)CCCCCCC(=O)NO)cc4)SCCCS3)[C@@H](CO[Si](C)(C)C(C)(C)C)O2)c(=O)[nH]c1=O,-0.9878942628660632,0
b2AR-decoy_1856,C/C(CC(=O)NCC(C)C)=N\NC(=O)COc1cc(C)c(Br)cc1Br,-0.984433434108786,0
b2AR-decoy_1948,CCC(=O)Nc1ccc(S(=O)(=O)NCc2ccc3c(c2)CCN3C(=O)c2ccc(C)cc2)cc1,-0.9755392586438127,0
b2AR-decoy_1765,COC(=O)C(C)(C)Oc1ccc(C(=O)/C=C/c2c(C)[nH]c3ccccc23)cc1,-0.9709323468382542,0
b2AR-decoy_2507,O=C1/C(=C/c2ccc(N3CCCC3)cc2)CCC/C1=C\c1ccc(N2CCCC2)cc1,-0.9629397913275994,0
b2AR-decoy_1573,CCCNC(=O)c1ccccc1NC(=O)c1ccccc1N(C)S(=O)(=O)c1ccc(C)cc1,-0.95080716444698,0
b2AR-decoy_1048,COC(=O)/C=C\c1ccc(OC/C=C(\C)CCC=C(C)C)cc1,-0.9405786576757498,0
b2AR-decoy_284,CC(C)[C@@H](C)[C@@]1(C)CC[C@]2(C)[C@H]3CC[C@H]4[C@@]5(C)COC[C@@]4(C[C@@H](n4ncnc4c4ncccn4)[C@@H]5OC[C@](C)([NH3+])C(C)C)C3=CC[C@@]2(C)[C@@H]1C(=O)[O-],-0.925005147950386,0
b2AR-decoy_2880,O=S(=O)(c1ccc(Cl)cc1Cl)c1sc2ncccc2c1c1ccc(Cl)cc1,-0.9241762107861956,0
b2AR-decoy_2452,CCOc1cc(c2ccc(OC(=O)c3ccccc3F)cc2)cc(=O)c2c(C)oc(C)c12,-0.9098744757183972,0
b2AR-decoy_1244,COC(=O)/C1=C\CC[C@]2(C)O[C@H]2CC/C(C(=O)OC)=C/C=C(/C(C)C)CC1,-0.8857469516922085,0
b2AR-decoy_3141,C[C@H](c1ccc(Cl)cc1)N(C(=O)/C=C/c1ccccc1)[C@H](C(N)=O)c1ccc(Cl)cc1,-0.8737135695964918,0
b2AR-decoy_800,Cc1cc(/C=C/c2ccc(C(=O)Oc3ccc(F)cc3)cc2)cc(C)c1O,-0.8615058238225808,0
b2AR-decoy_1842,CC(=O)NCCCOc1cc(F)c(c2c(Cl)nc3ncnn3c2N[C@@H](C)C(F)(F)F)c(F)c1,-0.8603758233852611,0
b2AR-decoy_3048,COC1=C[C@@]2(C)C(C[C@@H](OC(C)=O)[C@@]3(C)C4=CC[C@@H](c5ccoc5)[C@]4(C)CCC23)C(C)(C)C1=O,-0.8508037671423668,0
b2AR-decoy_2811,CN(C)c1ccc(/C=C/c2ccc(c3nc4cc(OCCCF)ccc4s3)cc2)cc1,-0.8476405976776877,0
b2AR-decoy_2363,Cc1nc(N)ncc1c1ccc(c2ccccc2S(=O)(=O)NC(C)(C)C)cc1F,-0.8177257877111066,0
b2AR-decoy_1851,CSC(SC)=C(C#N)C(=O)N/N=C(\C)c1ccc(NS(=O)(=O)c2ccc(Cl)cc2)cc1,-0.7917580966605614,0
b2AR-decoy_1664,CCOC(=O)c1c(C)n(C)c2ccc(OC(=O)c3ccoc3)cc12,-0.7825563011246311,0
b2AR-decoy_2257,Cc1c(C(=O)NC(=O)C(C)C)nn(c2ccc(Cl)cc2Cl)c1c1ccc(Cl)cc1,-0.771360246518206,0
b2AR-decoy_2702,Cc1ccc(NS(=O)(=O)c2cc(NC(=O)c3cc4c(s3)CCCC4)ccc2C)c(C)c1,-0.7688304549501861,0
b2AR-decoy_3042,CC(=O)OC[C@]12CCCC(C)(C)[C@@H]1CC[C@@]1(C)[C@@H]3CCc4cocc4[C@@]3(C)[C@H](OC(C)=O)C[C@@H]12,-0.7649394358575389,0
b2AR-decoy_286,C[NH2+][C@@](C)(CO[C@H]1[C@H](n2ncnc2c2ccccn2)C[C@@]23COC[C@]1(C)[C@@H]2CC[C@H]1C3=CC[C@@]2(C)[C@H](C(=O)[O-])[C@@](C)([C@H](C)C(C)C)CC[C@]12C)C(C)C,-0.753366352377463,0
b2AR-decoy_1055,CCCCC(CC)COC(=O)C=Cc1ccc(OC)cc1,-0.7267440693209138,0
b2AR-decoy_1868,C[C@@H](c1ccc(c2ccc(=O)[nH]c2)cc1)N1CC[C@](CC(C)(C)NS(C)(=O)=O)(c2ccccc2)OC1=O,-0.7226147815644841,0
b2AR-decoy_2749,CCCNS(=O)(=O)c1ccc(c2ccc3c(cnn3c3ccc(F)cc3)c2)c(C(F)(F)F)c1,-0.7112298766091592,0
b2AR-decoy_346,COc1ccc(CCc2ccc(c3c(C)[nH]c(C)c(Cl)c3=O)cc2)cc1,-0.7098523537196567,0
b2AR-decoy_2126,COCc1sc(S(=O)(=O)NC(=O)Nc2ncc(Br)s2)cc1C,-0.6991709405194928,0
b2AR-decoy_1627,CCN(CC)S(=O)(=O)c1ccc(/C=C/c2nc3cc(C)c(C)cc3s2)cc1,-0.6987866097211209,0
b2AR-decoy_1819,CCCN(CC(=O)Nc1ccccc1C)C(=O)c1ccc(C(=O)c2ccccc2)cc1,-0.6961500286585534,0
b2AR-decoy_1835,CCc1ccccc1NS(=O)(=O)c1ccc2[nH]cc(C(=O)N(CC(C)C)CC(C)C)c(=O)c2c1,-0.6866921751051477,0
b2AR-decoy_799,CC(C)Oc1ccc(/C=C2/C(=O)Nc3ccc(Cl)cc32)c(OC(C)C)c1,-0.6677397602082706,0
b2AR-decoy_3131,CC(C)Oc1ccc(Br)cc1C(C)NC(=O)NS(=O)(=O)c1ccc(Cl)cc1,-0.6242375303479789,0
b2AR-decoy_2424,CC(/C=C/c1cc(C)c2cc(C(C)C)ccc(C)c1-2)=C\C=C\C(C)=C\C(=O)[O-],-0.6196080928297251,0
b2AR-decoy_1551,CCCCCCCCCOC1(c2ccc(Cl)cc2)SC=C(C)n2c1noc2=O,-0.6132733445513643,0
b2AR-decoy_1901,CC1=C(/C=C/C(C)=C/C=C/C(C)=C/C(=O)N2CCCCCC2)C(C)(C)CCC1,-0.6125615612393491,0
b2AR-decoy_1411,COC(=O)c1cnc(N)s1,-0.5894900186792321,0
b2AR-decoy_2391,C=CCNc1nc(N)c(C(=C(C#N)C#N)c2ccc(Br)cc2)s1,-0.554610463737135,0
b2AR-decoy_217,O=C(CCCn1ccc(=O)[nH]c1=O)N1CCC[C@H]1C(O)(c1cccc(c2ccsc2)c1)c1cccc(c2ccsc2)c1,-0.552732423431423,0
b2AR-decoy_2489,CC(C)CN(CC(C)C)C(=O)/C=C/C1=C(Cc2ccccc2)c2ccccc2CC1,-0.5318212709450786,0
b2AR-decoy_2327,C[C@H]1CCc2cc(c3ncccc3CO)ccc2N1C(=O)c1ccc(O)cc1O,-0.515623820786052,0
b2AR-decoy_283,CC(=O)OC[C@H]1O[C@@H](O[C@@H]2C[C@H]3C(C)(C)[C@H](OC(C)=O)CC[C@]3(C)[C@H]3CC[C@]45C[C@]4(CC[C@H]5[C@@H](C)C[C@@H](O)[C@@H]4OC4(C)C)[C@]23C)[C@H](O)[C@@H](O)[C@@H]1O,-0.5093450289561188,0
b2AR-decoy_2911,CCC(CC)N1C(=O)[C@@](C)(CS(C)(=O)=O)C[C@H](c2cccc(Cl)c2)[C@H]1c1ccc(Cl)cc1,-0.5050630891811979,0
b2AR-decoy_300,NS(=O)(=O)c1ccc(NC(=O)C(F)(F)C(F)(F)C(F)(F)C(F)(F)C(F)(F)C(F)(F)C(F)(F)C(F)(F)F)c(Br)c1,-0.503847205849155,0
b2AR-decoy_1494,CC(C)(C)NC(=O)/C=N/O,-0.482455184886262,0
b2AR-decoy_2713,C[C@H](CC[C@@H](O)C(C)(C)O)[C@H]1CC[C@]2(C)C3CCC4C(C)(C)C(=O)C(C=O)=C[C@]4(C)C3=CC[C@]12C,-0.4655245760574573,0
b2AR-decoy_172,C=CC(=O)Nc1cc(Nc2cc(c3cccc(NC(=O)c4ccc(N(C)C)cc4)c3C)cn(C)c2=O)ccc1C(=O)N(CCOCC)CCOCC,-0.4639826785260441,0
b2AR-decoy_2623,Cc1ccc(S(=O)(=O)N(c2ccc(OCc3cccc(C)c3)cc2)S(=O)(=O)c2ccc(C)cc2)cc1,-0.4560490045745476,0
b2AR-decoy_3124,CC(=O)O[C@H]1C[C@@H]2C[C@H](OC(C)=O)CC[C@]2(C)[C@H]2CC[C@@]3(C)[C@@H](CC[C@@H]3[C@H](C)CCC(N)=O)[C@H]12,-0.4537486028804871,0
b2AR-decoy_2523,CC(C)(C)NC(=O)C(c1cccnc1)N(C(=O)Cc1cccnc1)c1ccc(C(C)(C)C)cc1,-0.4512377432338498,0
b2AR-decoy_2865,CC(C)c1cc2c(cc1OC(=O)c1cccnc1)[C@@]1(C)CCCC(C)(C)[C@@H]1CC2,-0.4213194115988949,0
b2AR-decoy_2896,O=C(Oc1ccc2c(=O)c(c3ccccc3Cl)c(C(F)(F)F)oc2c1)c1cccs1,-0.3950726794214149,0
b2AR-decoy_2660,C=C[C@@H]1c2cc(C)ccc2N(S(=O)(=O)c2ccc(C)cc2)[C@H](c2ccc(C(C)(F)F)cc2)C1(C#N)C#N,-0.3854607012356755,0
b2AR-decoy_296,CCN(C(=O)c1nc(C(=O)NCC(C)(C)O)sc1c1ccc(S(=O)(=O)N[C@@H](C)C(F)(F)F)c(Cl)c1Cl)C12CC(C1)C2,-0.3849675548683416,0
b2AR-decoy_1504,CCc1ccc(Cc2cc(CCCl)ccc2OC(C)=O)c(OC(C)=O)c1,-0.378739425942704,0
b2AR-decoy_2367,CCNS(=O)(=O)c1ccccc1c1ccc(c2cnc(N)nc2)c(F)c1,-0.3658051579837003,0
b2AR-decoy_2887,O=C1c2ccccc2C(=O)N1CCCCN(C(=O)c1ccc(Cl)s1)c1ccc(Cl)cc1,-0.3559120158819511,0
b2AR-decoy_2487,CCOC(=O)/C=C(C)/C=C/C=C(\C)c1ccc2c(c1)C(C)(C)CCS2,-0.3288303189967868,0
b2AR-decoy_1834,CCN(CC(=O)Nc1ccc(NC(C)=O)cc1)C(=O)c1ccccc1Sc1ccccc1C#N,-0.2672833755935422,0
b2AR-decoy_3025,CC(=O)N1CCc2cc(S(=O)(=O)NC(CC(C)C)C(=O)Nc3cc(C)cc(C)c3)ccc21,-0.2576950472410221,0
b2AR-decoy_1859,CCn1cc(C(CC)(CC)c2ccc(C#CC(O)(CC)CC)c(C)c2)cc1C(=O)NCC(=O)OC,-0.2434449173125982,0
b2AR-decoy_2225,CC(=O)Oc1cc2c(cc1C(C)C)CC[C@@H]1[C@]2(C)CCC[C@@]1(C)CNC(=O)c1ccncc1,-0.2234930385321207,0
b2AR-decoy_2045,CCCCCCNC(=O)Oc1c(C(C)(C)C)cc(C(=O)OC)cc1C(C)(C)C,-0.1537226109796823,0
b2AR-decoy_941,CCOC(=O)/C=C1\CC[C@H]2[C@@H]3CCc4cc(O)c(CC)cc4[C@H]3CC[C@]12C,-0.112210865828741,0
b2AR-decoy_3004,COc1ccc(OC)c(CCn2ccc3ccc(c4ccccc4S(N)(=O)=O)cc3c2=O)c1,-0.0228444395904154,0
b2AR-decoy_159,Cc1ccc(CC(O)CCc2ccccc2C(=O)N(CCO)C(C)(C)C)c(C(=O)N(CCO)C(C)(C)c2ccccc2)c1,0.0805339801488802,0
b2AR-decoy_2806,COC(=O)/C=C/c1cccc(N(Cc2ccc(/C=C/c3cccc(F)c3)cc2)C(=O)C(C)C)c1,0.0810085904646416,0
b2AR-decoy_166,COc1cc(/C=C\C(=O)OC[C@H](Cc2ccc(O)c(OC)c2)[C@H](COC(=O)/C=C\c2ccc(O)c(OC)c2)Cc2ccc(O)c(OC)c2)ccc1O,0.0940039625306574,0
b2AR-decoy_2681,Nc1cc[n+](Cc2ccc(CCc3ccc(C[n+]4ccc(N)c5ccccc54)cc3)cc2)c2ccccc12,0.1875736448259798,0
b2AR-decoy_205,NS(=O)(=O)c1nc2ccc(OC(=O)C(F)(F)C(F)(F)C(F)(F)C(F)(F)C(F)(F)C(F)(F)C(F)(F)C(F)(F)F)cc2s1,0.3528096061297368,0
b2AR-decoy_3183,CCOC(=O)/C=C(C)/C(F)=C/C(F)=C(C)/C=C/c1c(C)cc(OC)c(C)c1C,0.4639725180099808,0
b2AR-decoy_160,O=C([O-])c1cc(N(Cc2ccc(C3CC[NH2+]CC3)cc2)C(=O)CN(Cc2ccccc2)S(=O)(=O)c2ccc(c3ccccc3)cc2)ccc1O,0.5071124429725671,0
b2AR-decoy_3173,CC1=C(/C=C/C(C)=C/C=C/C(C)=C/C(=O)OCOC(=O)C(C)C)C(C)(C)CCC1,0.677468788391484,0
b2AR-decoy_2734,CCCCNC(=O)C1C(c2ccccc2)=Nc2ccccc2N1C(=O)c1ccc(C(F)(F)F)cc1,0.917644814156746,0
b2AR-decoy_672,CCCCN(C(=O)C1=COc2cc(O)c(C(C)(C)C)cc2O1)c1ccccc1,0.9625215281574776,0
b2AR-decoy_2792,CCCCCCCCS(=O)(=O)N1CCC(=C2c3ccc(Cl)cc3CCc3cccnc32)CC1,1.3484007411276735,0
b2AR-decoy_1301,CC(=O)Oc1cc(C)cc(Oc2cc(C)cc(OC(C)=O)c2)c1,1.883649044496628,0
