ligand_id,SMILES,BE_min,is_active
b2AR-decoy_1239,O=C1C(c2ccc(Oc3ccccc3)cc2)=[N+]([O-])c2cc3c(cc21)OCO3,-10.9869176566154,0
b2AR-decoy_263,Cc1n[nH]c(CN(C)c2cc3c(cc2C(=O)N[C@H]2CC[C@H](C(F)(F)F)CC2)nc(Nc2c(Cl)ccc(CNC(=O)C(C)(C)F)c2Cl)n3C)n1,-10.5579110002232,0
b2AR-decoy_2573,O=C1c2ccccc2C(=O)c2c1cc(Sc1ccc3ccccc3c1)c1nsnc21,-10.2571143862104,0
b2AR-decoy_2233,O=C1OC(O)C(c2cccc(c3ccc4ccccc4c3)c2)=C1c1ccc2ccccc2c1,-10.1334331031885,0
b2AR-decoy_265,CCn1cc(/C(=N/Nc2nc(c3ccc(F)cc3)c(C#N)s2)C(F)(F)F)c2cc(c3nc(C[NH+]4CCC[C@H]4C(=O)[O-])cs3)ccc21,-10.0767423104838,0
b2AR-decoy_465,Cc1cc(c2ccc(C(=O)c3ccc(F)c(O)c3)cc2)ccc1O,-9.81880147305,0
b2AR-decoy_250,CC(C)C[C@H]([NH3+])C(=O)Nc1ccc(C(=O)N[C@@H](Cc2c[nH]c3ccccc23)C(=O)[O-])cc1OCCc1c[nH]c2ccccc12,-9.78515512887709,0
b2AR-decoy_179,CC(C)(C)C(=O)OCC(Cc1ccccc1)NP(=O)(OC[C@H]1O[C@@H](n2ccc(N)nc2=O)[C@](C)(O)[C@@H]1O)Oc1ccccc1,-9.78418155145124,0
b2AR-decoy_192,Cc1c(CNc2ccc(C[NH2+][C@H](CO)C(=O)[O-])c(OCc3cccc(C#N)c3)c2)cccc1c1ccc2c(c1)OCCO2,-9.75551736482299,0
b2AR-decoy_891,C(=N/Nc1nc(c2ccc3ccccc3c2)cs1)\c1cccs1,-9.73389786872122,0
b2AR-decoy_200,CCCCOC(=O)[C@H](C)NP(=O)(Oc1cccc2ccccc12)O[C@H](C)[C@H]1O[C@@H](n2ccc(N)nc2=O)[C@](C)(O)[C@@H]1O,-9.72205966409705,0
b2AR-decoy_168,CCC(NC(=O)[C@@H]1C[C@@H](OCc2ccccc2)CN1C(=O)[C@H](NC(=O)[C@H](NC(=O)c1cnccn1)C(C)C)C(C)C)C(=O)C(F)(F)F,-9.66085288736462,0
b2AR-decoy_845,COc1c(C)cc(c2ccc(/C=C(\C#N)c3nc4ccccc4[nH]3)o2)cc1C,-9.50536697401559,0
b2AR-decoy_2399,Nc1ccc(N2CC(CNC(=O)c3ccc(Cl)s3)OC2=O)cc1F,-9.49433033629827,0
b2AR-decoy_303,C[C@H](CCC(=O)OCc1cn(CC(O)(Cn2cncn2)c2ccc(F)cc2F)nn1)[C@H]1CC[C@H]2[C@@H]3CC[C@@H]4C[C@H](O)CC[C@]4(C)[C@H]3C[C@H](O)[C@@]21C,-9.40763259846751,0
b2AR-decoy_2262,CC1=NN(c2cc(F)c(O)c(F)c2)C(=O)/C1=C\c1ccc(c2ccccc2C(F)F)o1,-9.34449639647508,0
b2AR-decoy_188,C#CCCC(=O)N[C@H](C(=O)N[C@@H](CC(C)C)C(=O)N[C@@H](CC(C)C)C(=O)N[C@@H](C)/C=C/C(=O)N1C(=O)C=C(OC)[C@@H]1C(C)C)[C@@H](C)CC,-9.33514230467529,0
b2AR-decoy_384,O=C(NCc1ccc(C(F)(F)F)c(F)c1)c1cc(Cl)ccc1O,-9.32571679874414,0
b2AR-decoy_324,Cc1ccc(O)c(Cc2cc(C)cc(Cc3cc(C)ccc3O)c2O)c1,-9.30563328428665,0
b2AR-decoy_212,O=C1[C@@H](CCn2cc(CO[C@H]3Cc4c(O)cc(O)cc4O[C@@H]3c3ccc(O)c(O)c3)nn2)[C@@H](c2ccccc2)N1c1ccccc1,-9.26439987577442,0
b2AR-decoy_207,COc1cc(C(=O)NS(=O)(=O)c2ccccc2C)ccc1Cn1cc(CCC(=O)N2CCOCC2)c2ccc(C(=O)NCC3CCCC3)cc21,-9.25091357749036,0
ASD03130019,CNC(=O)C(Cc1cccc(Br)c1)NC(=O)C(Cc1ccc(C(N)=O)cc1)NC(=O)C(c1ccccc1)C1CCCCC1,-9.22720402957465,1
b2AR-decoy_2515,O=C(OCCC12C[C@H]3C[C@@H](C1)C[C@@H](C2)C3)c1cc(/N=C/c2cc(O)ccc2O)ccc1O,-9.22140366963368,0
b2AR-decoy_178,Cc1c(COc2cc(OCc3cccc(C#N)c3)c(C[NH2+][C@@H](C(=O)[O-])[C@H](C)O)cc2Cl)cccc1c1ccccc1,-9.21241267876961,0
b2AR-decoy_1109,NC(=O)c1ccccc1NC(=O)c1ccc(Oc2ccc3ccccc3c2)cc1,-9.21024440992066,0
b2AR-decoy_2226,O=C1NC(=S)S/C1=C\N1N=C(c2ccc3ccccc3c2)CC1c1ccc(Cl)cc1,-9.20807494139206,0
b2AR-decoy_254,C[C@@H](S[C@H]1CO[C@H](c2ccc(C(=O)Nc3ccc(C#N)c(C#N)c3)cc2)OC1)[C@](O)(Cn1cncn1)c1ccc(F)cc1F,-9.16398433368719,0
b2AR-decoy_698,Cc1cc(C)c(/C=N/NC(=O)C(C)c2ccc(c3ccccc3)c(F)c2)c(C)c1,-9.16346369477583,0
b2AR-decoy_1116,CCC(C)N1C(=O)S/C(=C/c2ccc(Sc3nc4ccccc4[nH]3)o2)C1=O,-9.14478748883805,0
b2AR-decoy_503,O=c1oc2ccc(O)cc2cc1c1cccc(O)c1,-9.14385979273668,0
b2AR-decoy_2066,O=c1ccc2cc(OC/C(=N\O)c3ccc(c4ccccc4)cc3)ccc2o1,-9.14283027250201,0
b2AR-decoy_1776,Oc1ccc(SC[C@@H]2CO[C@@](CCc3ccc(Cl)cc3)(Cn3ccnc3)O2)cc1,-9.13182198302892,0
b2AR-decoy_744,CC1CCc2c(c3c(O)cc(C(C)CCCc4ccc(F)cc4)cc3oc2=O)C1,-9.13015370491706,0
b2AR-decoy_2286,C=C(CCC(O)c1cccc2ccccc12)C1COC2(OO1)C1CC3CC(C1)CC2C3,-9.11919945249471,0
b2AR-decoy_2434,C/C(=N\OC(=O)c1cccnc1)[C@H]1CC[C@H]2[C@@H]3CCC4=CC(=O)CC[C@]4(C)[C@H]3CC[C@]12C,-9.11656778837763,0
b2AR-decoy_2358,C/C(=N\NC(N)=S)c1ccc(OCc2ncc(C(F)(F)F)cc2Cl)cc1,-9.10782871910263,0
b2AR-decoy_3080,Cn1cncc1C(OCc1ccc(C#N)cc1)c1ccc(C#N)c(c2cc3ccccc3s2)c1,-9.08976313227313,0
b2AR-decoy_2346,CC(C)(C)c1ccc(Cn2cc([C@@H]3OC[C@@H](O)[C@H](O)[C@H]3O)c3ccccc32)cc1,-9.06890012091049,0
b2AR-decoy_1532,O=C(O/N=C(\Cn1ccnc1)c1ccc2ccccc2c1)c1ccc(c2ccccc2)cc1,-9.04698444440643,0
b2AR-decoy_467,Cc1cc(c2ccc(C(=O)c3cccc(O)c3)nc2)ccc1O,-9.04438126222745,0
b2AR-decoy_2856,CN(C)c1ccc(/C=C2/CC[C@@]3(C)[C@@H](CC[C@@H]3c3ccc4ccncc4c3)C2)cc1,-9.0359920695118,0
b2AR-decoy_158,COc1cccc(COc2ccc(C(=O)c3c(OCc4cccc(OC)c4)cc(OC)cc3O[C@@H]3O[C@H](CO)[C@@H](O)[C@H](O)[C@H]3O)cc2)c1,-9.02888401677209,0
b2AR-decoy_136,O=C1NC(=S)S/C1=C/c1cccc(Oc2ccc(C(F)(F)F)cc2)c1,-9.02467075728549,0
b2AR-decoy_1823,C=CCn1c(CCNC(=O)c2ccccc2F)nnc1SCC(=O)Nc1nc2ccccc2s1,-9.02153571860719,0
b2AR-decoy_440,Cc1c(O)ccc(C(=O)/C=C/c2ccc(C(F)(F)F)cc2)c1O,-9.01492394032389,0
b2AR-decoy_2065,Cc1cc(C)c2c(O)nc(SCC(=O)c3ccc(C(C)C)cc3)nc2n1,-9.00979006660362,0
b2AR-decoy_2024,O=C(NNC(=O)c1ccccc1OCc1ccccc1)c1ccccc1O,-9.00273390247562,0
b2AR-decoy_2657,CCC(F)(CC)c1nc(COc2cc(OC)cc3oc(c4cn5nc(OC)sc5n4)cc23)cs1,-8.99472486529168,0
b2AR-decoy_2886,Cc1c(N2Cc3ccccc3C2=O)cccc1c1ccc(C(N)=O)c2[nH]c3cc(C(C)(C)O)ccc3c21,-8.98705056592352,0
b2AR-decoy_869,O=C(/C=C/c1ccc(Oc2ccccc2)cc1)c1ccccc1O,-8.96550442724158,0
b2AR-decoy_754,CC1(C)C=Cc2c(ccc(C(=O)/C=C/c3ccc(F)c(F)c3)c2O)O1,-8.95888835940105,0
b2AR-decoy_60,O=C(Nc1nnc(c2ccc3c(c2)CCCC3)o1)c1ccc(Cl)cc1Cl,-8.9516069855541,0
b2AR-decoy_926,CC1CCC(=NNc2nc(c3ccc4ccccc4c3)cs2)CC1,-8.93407053689562,0
b2AR-decoy_1211,C/C(=N/Nc1nc(c2ccc(Cl)cc2)cs1)c1nccs1,-8.92693324729279,0
b2AR-decoy_203,COc1cc(/C=C/C(=O)/C(=N\Nc2ccc([N+](=O)[O-])cc2)C(=O)C(Br)C(Br)c2ccc(O)c(OC)c2)ccc1O,-8.90934792618361,0
b2AR-decoy_2097,C/C(=N\NC(=S)NCCc1c[nH]c2ccccc12)c1ccc(Cl)cc1,-8.90716382449768,0
b2AR-decoy_1087,C[C@]12CC[C@@H]3[C@H]4CC/C(=N\Oc5ccc([N+](=O)[O-])cc5)C[C@@H]4CC[C@H]3[C@@H]1CC[C@@H]2O,-8.90697830767049,0
b2AR-decoy_2537,Clc1ccc(c2csc(N/N=C(/Cn3cncn3)c3ccc(Br)cc3)n2)cc1,-8.90548967624607,0
b2AR-decoy_2767,C[C@](O)(c1ccc(S(=O)(=O)c2ccc(c3ccc(C#N)cc3)cc2C2CC2)cc1)C(F)(F)F,-8.89889405275327,0
b2AR-decoy_2333,O[C@H]1[C@H](O)CO[C@@H](c2cn(Cc3ccc4ccccc4c3)c3ccccc23)[C@@H]1O,-8.88625081702123,0
b2AR-decoy_12,N#C/C(=C\c1ccc(c2cccs2)o1)c1nc2ccccc2[nH]1,-8.88043488978678,0
b2AR-decoy_910,Cc1ccc2oc3c(SCc4nc5ccccc5[nH]4)nc(C)nc3c2c1,-8.88020812612372,0
b2AR-decoy_3104,CN(C)c1ccc(/C=C/C(=O)c2cc(C(=O)/C=C/c3ccc(N(C)C)cc3)c(O)cc2O)cc1,-8.86907888035017,0
b2AR-decoy_968,Cc1oc(c2ccccc2Cl)nc1CSc1nc(O)c2c(n1)CCC2,-8.86004234084605,0
b2AR-decoy_2921,CC(C)=CCC/C(C)=C/Cc1c(O)c(O)cc2c(=O)c3c(O)c(CC=C(C)C)c(O)cc3oc12,-8.84364501611291,0
b2AR-decoy_1083,COc1c(C(C)=O)c(O)c(OCc2ccc(C(F)(F)F)cc2)c2occc12,-8.82403863939394,0
b2AR-decoy_1994,NC(=O)c1c(F)ccc(OCc2nc(c3ccc(O)cc3)co2)c1F,-8.82289606346846,0
b2AR-decoy_3012,CC(SC(C)C(=O)NN=Cc1cccc(Cl)c1)C(=O)NN=Cc1cccc(Cl)c1,-8.81501581870059,0
b2AR-decoy_676,CC(C)=CCC/C(C)=C/Cc1c(O)cc2oc3c(O)cccc3c(=O)c2c1O,-8.80414327392925,0
b2AR-decoy_1005,C=C[C@]1(C)CC[C@@H](C(=C)COC(=O)c2ccccc2O)C[C@H]1C(=C)C,-8.79827994054788,0
b2AR-decoy_164,C[C@H](O)[C@@H](C)Oc1nc(Nc2ccc(S(=O)(CCO)=NS(=O)(=O)CC[Si](C)(C)C)cc2)ncc1Br,-8.79367543463306,0
b2AR-decoy_238,CCCNC(=O)CCC(=O)O[C@H](C(=O)N1CSC(C)(C)[C@H]1C(=O)NC(C)(C)C)[C@H](Cc1ccccc1)NC(=O)COc1c(C)cccc1C,-8.79073512695276,0
b2AR-decoy_3089,Cc1ccc(CSc2nc3ccncc3n2Cc2nc(c3ccc(Cl)cc3)oc2C)cc1,-8.78922759946833,0
b2AR-decoy_663,CC(C(=O)N/N=C/c1c(F)cccc1F)c1ccc(c2ccccc2)c(F)c1,-8.78691701571744,0
b2AR-decoy_2978,Cc1oc(c2ccccc2F)nc1Cn1c(SCc2ccccc2F)nc2ccncc21,-8.78598988737247,0
b2AR-decoy_1234,Cc1cc2nnc(SCc3cn4ccccc4n3)n2c2ccccc12,-8.78463505252573,0
b2AR-decoy_937,CC1CCC/C(=N\Nc2nc(c3ccc4ccccc4c3)cs2)C1,-8.78090715819547,0
b2AR-decoy_1935,CC(O)(CSc1ccc(OC(F)(F)F)cc1)C(=O)Nc1ccc([N+](=O)[O-])cc1C(F)(F)F,-8.7688450541961,0
b2AR-decoy_165,C=CC[C@@H](CC(=O)N(CCO)Cc1ccccc1)C(=O)N[C@@H](COC(=O)[C@H](CC=C)CC(=O)OC(C)(C)C)Cc1c[nH]c2ccccc12,-8.76341359898996,0
b2AR-decoy_2532,COc1ccn2nc(C)c(C(=O)NCc3ccc(c4ccc(OC(F)(F)F)cc4)cc3F)c2c1,-8.75165947098247,0
b2AR-decoy_1554,CC(C)C(OC(=O)c1ccccc1)C(C)(C)COC(=O)c1ccccc1,-8.74943961110993,0
b2AR-decoy_1143,Oc1ccccc1/C=N/c1ccc(Oc2ccc(Cl)cc2)c(Cl)c1,-8.74540053253917,0
b2AR-decoy_3022,C#CCNC(=O)C1=C[C@H](c2csc3ccccc23)C[C@H](OCc2ccc(CO)cc2)O1,-8.73919122943712,0
b2AR-decoy_2165,O=C1NC(=O)/C(=C\c2ccc(OCc3ccc(c4ccccc4)cc3)cc2)S1,-8.73769861143712,0
b2AR-decoy_1768,Cc1ccc(NC(=O)CN2C(=O)C(c3ccc(C(C)(C)C)cc3)=NC2(C)C)cc1,-8.73326236871219,0
b2AR-decoy_2318,Cn1c(C(F)(F)c2nc3c(F)cc(F)cc3[nH]2)nc2ccc(C(N)=O)cc21,-8.7284735523974,0
b2AR-decoy_3182,COc1cc(OC)c2c(c1)oc(=O)cc2c1cccc(c2ccc(C(F)(F)F)cc2)c1,-8.72828325558423,0
b2AR-decoy_2999,COc1ccc(C(C(=O)Nc2ccc3c(c2)CCC3(C)C)N(C)C(=O)c2ccc(=O)[nH]c2)cc1,-8.71976480315651,0
b2AR-decoy_1957,Cc1ccc(c2nnc(SCC(=O)c3ccc(O)c(O)c3)n2Cc2ccco2)cc1,-8.70804477923195,0
b2AR-decoy_1010,C/C(=N\NC(=O)[C@@H]1C[C@H]1c1ccc(C(C)(C)C)cc1)c1ccc(F)cc1,-8.70209446142455,0
b2AR-decoy_2028,CC(=NNC(=O)c1cc(Br)ccc1O)c1cc2cc(O)ccc2n1C,-8.70176824878907,0
b2AR-decoy_3062,CC(c1ccc(C2(S(=O)(=O)c3ccc(F)cc3)CCCC2)cc1)(C(F)(F)F)C(F)(F)F,-8.69517684120402,0
b2AR-decoy_2160,Cc1c(Cc2ccccc2)nc(SCc2ccc3ccccc3c2)[nH]c1=O,-8.68330137579752,0
b2AR-decoy_1312,O=C(/C=C/c1ccc(c2ccccc2)cc1)c1ccc(O)cc1O,-8.68169468823292,0
b2AR-decoy_1803,CCN(CC)c1ccc(NC(=O)CSc2ncnc3sc(C)c(C)c23)cc1C,-8.67816439911329,0
b2AR-decoy_1855,CCCNC(=O)c1cc2c(c(c3cccc(c4ccc(C#N)cc4)c3)n1)[C@@H](CCO)N(C(=O)CC)C2,-8.67665888553299,0
b2AR-decoy_2253,O=c1c(Cc2ccc(c3ccc(O)c(O)c3)cc2)c(c2ccc(O)cc2)oc2ccccc12,-8.67332354956153,0
b2AR-decoy_1894,CC(C)=CCC/C(C)=C/Cc1c(O)ccc(c2coc3cc(O)cc(O)c3c2=O)c1O,-8.66001660087408,0
b2AR-decoy_29,CN1C(=O)/C(=C/c2cc(N=Nc3ccccc3)ccc2O)SC1=S,-8.65579857245474,0
b2AR-decoy_605,CC1(C)CCc2cc(C(=O)/C=C/c3ccc(F)c(F)c3)c(O)cc2O1,-8.65234594569804,0
b2AR-decoy_3117,COc1ccc([C@@H]2[C@@H]([C@H](O)CCc3ccccc3)OC(=O)N2c2ccc(F)cc2)c(O)c1,-8.64421972259688,0
b2AR-decoy_803,Cc1cc(O)c2c(c1C=O)OCC(CC[C@H]1[C@@H](C)CCCC1(C)C)=CC2,-8.63297170395385,0
b2AR-decoy_2913,Cc1cccc([C@H]2CC[C@H](CNC(=O)c3ccc(c4nc5cc(C#N)cc(C(C)C)c5o4)cc3)CC2)c1,-8.63136750223319,0
b2AR-decoy_3140,COc1cccc2c1OCC(C(=O)N[C@H](c1ncc(c3ccc(Br)cc3)[nH]1)C(C)C)=C2,-8.62940438949501,0
b2AR-decoy_221,C=CCO[C@@H]1[C@H](O)[C@H](Oc2ccc(I)cc2)O[C@@H](COS(=O)(=O)c2ccc3ccccc3c2)[C@H]1O,-8.61850981648471,0
b2AR-decoy_193,CC(C)C[C@@H](NC(=O)[C@H](CC(C)C)NC(=O)[C@H](CC(C)C)NC(=O)c1cnccn1)B1O[C@@H]2[C@@H](C[C@H]3C[C@@H]2C3(C)C)O1,-8.61837828471403,0
b2AR-decoy_1840,O=C(/C=C/c1ccc(OC[C@H](Cc2c[nH]c3ccccc23)NC(=O)c2ccc(F)cc2)cc1)NO,-8.61430109866649,0
b2AR-decoy_2642,COc1ccc(c2csc(N3N=C(c4ccc(F)cc4)CC3c3ccc4c(c3)OCCO4)n2)cc1,-8.60590213104159,0
b2AR-decoy_1067,COc1cc(OC)c(C(=O)/C=C/c2ccc(C(F)(F)F)cc2)c(OC)c1,-8.60072146288961,0
b2AR-decoy_224,COC(=O)[C@H](C)NP(=O)(OC[C@@H]1C=C[C@H](n2cc(C)c(=O)[nH]c2=O)O1)Oc1cccc(S(F)(F)(F)(F)F)c1,-8.59619417522467,0
b2AR-decoy_2189,O=C(N/N=C/c1cccc2cnccc12)C1CC1c1ccc(c2ccccc2)cc1,-8.59373862936107,0
b2AR-decoy_838,CC(=O)Nc1cccc(c2c(O)ccc3cc(c4cccc(O)c4)ccc32)c1,-8.58953788714154,0
b2AR-decoy_2076,CCCC(=CCc1c(O)cc2c(c1O)C(=O)CC(c1ccc(O)cc1)O2)CCC,-8.5888024419153,0
b2AR-decoy_2570,C[C@H]1C[C@H]([C@@H](C)[C@H]2CC[C@H]3[C@@H]4CCC5=CC(=O)C=C[C@]5(C)[C@H]4CC[C@@]32C)OC(=O)[C@@H]1C,-8.5828011889397,0
b2AR-decoy_219,O=C1N[C@@H](Cc2ccccc2)COC(=O)[C@H](Cc2ccc(F)cc2)CC/C=C/C[C@H]1CC(=O)N(CCO)Cc1ccccc1,-8.5751006523781,0
b2AR-decoy_2331,C/C(=C\c1ccc(Cl)cc1)S(=O)(=O)Nc1cccc(F)c1S(N)(=O)=O,-8.57498886861278,0
b2AR-decoy_658,C/C(=N\Nc1csc(c2ccc3c(c2)CCC3)n1)c1ccccc1,-8.56880945691243,0
b2AR-decoy_1616,C=C1C(=O)O[C@@H]2C[C@]3(C)C(CCC(C)OC(=O)c4ccc(OC)cc4)[C@@H]3C[C@H]12,-8.56867619754329,0
b2AR-decoy_2800,CCC/C(=N\OC(Cn1ccnc1)c1ccc(Cl)cc1Cl)c1ccc(Cl)cc1Cl,-8.56772619357906,0
b2AR-decoy_2322,O=C(c1cc(Sc2ccccc2O)c(O)cc1O)N1Cc2ccccc2C1,-8.5590915025404,0
b2AR-decoy_1610,Cc1nc2cnccc2n1CCCOC1CCC(c2ccc(F)cc2)O1,-8.55086721581411,0
b2AR-decoy_1167,C[C@@H](Oc1ccc(n2ccnc2)cc1)C(=O)Nc1ccc(c2ccccc2)cc1,-8.54201510107883,0
b2AR-decoy_636,CC1(C)C=Cc2c(ccc(C(=O)/C=C/c3ccc(Cl)cc3)c2O)O1,-8.53942388929142,0
b2AR-decoy_439,CC1(C)C=Cc2cc(/C=C/C(=O)c3ccc(O)cc3O)ccc2O1,-8.53908568347862,0
b2AR-decoy_856,COc1ccc(c2csc(N/N=C(/C)c3cccs3)n2)cc1,-8.53755294069755,0
b2AR-decoy_977,COc1ccc2cc(C(C)c3nnc(c4ccc(O)cc4)o3)ccc2c1,-8.5307428412183,0
b2AR-decoy_2617,c1ccc(Cn2c(SCc3ccc4ccccc4c3)nnc2c2ccsc2)cc1,-8.53034396387108,0
b2AR-decoy_494,CC(c1ccc(O)cc1)C(C#N)c1ccc(O)cc1,-8.53017937306649,0
b2AR-decoy_2763,Cc1cc(C)c(c2ccccn2)cc1NC(=O)c1ccc(OCc2ccccn2)cc1,-8.5208941928109,0
b2AR-decoy_3002,C#Cc1cccc(C(=O)NCc2nc(c3cccc(NC(=O)c4ccccn4)c3)oc2C)c1,-8.51446594225471,0
b2AR-decoy_1217,C/C(=N/Nc1nc(c2ccc(Cl)cc2)cs1)c1cccs1,-8.51089057057716,0
b2AR-decoy_3011,C[C@H](NC(=O)c1cc[nH]n1)c1ccc(OC2CCN(c3cccc(C(F)(F)F)n3)C2)cc1,-8.50846987527034,0
b2AR-decoy_2337,CCCc1ccc(Cn2cc([C@@H]3OC[C@@H](O)[C@H](O)[C@H]3O)c3ccccc32)cc1,-8.50243214728827,0
b2AR-decoy_1245,CCOc1ccc2c(C)cc(=O)oc2c1COC(=O)/C=C/c1ccc(OC)cc1,-8.49730357286367,0
b2AR-decoy_88,CCC(O)(c1cn(Cc2ccc3c(c2)scc3c2ccccc2)nn1)C(F)(F)F,-8.49367732988436,0
b2AR-decoy_2415,C=C(C)C(=O)c1ccc(OCc2nc(c3ccc(C(F)(F)F)cc3)cs2)c(C)c1C,-8.48975104755521,0
b2AR-decoy_1061,COc1cc(OC)c(/C=C/C(=O)c2ccc(C(F)(F)F)cc2)c(OC)c1,-8.47973687914807,0
b2AR-decoy_2273,O=c1cc(c2ccccc2)oc(O)c1C(Sc1ccc2ccccc2c1)c1ccccc1,-8.4734185564352,0
b2AR-decoy_861,N#Cc1ccc(c2csc(NN=C3CCCCCC3)n2)cc1,-8.46718334156102,0
b2AR-decoy_2473,Cc1oc(c2cccc(Cl)c2)nc1CSc1nnc(C)n2c1cc1occc12,-8.46500225443478,0
b2AR-decoy_144,CCOc1cc(F)ccc1/C=C/C(=O)c1ccc2c(c1O)C=CC(C)(C)O2,-8.4623198515652,0
b2AR-decoy_2506,Cc1oc(c2cccc(Cl)c2)nc1CSc1nncn2c1cc1occc12,-8.44862050969222,0
b2AR-decoy_1685,C/C(=N\NC(=O)[C@@H]1C[C@H]1c1ccccc1)c1ccccc1O,-8.44401449282058,0
b2AR-decoy_71,CC1(C)C=Cc2c(ccc(C(=O)/C=C/c3ccc4ccoc4c3)c2O)O1,-8.43752397250233,0
b2AR-decoy_335,O=C(/C=C/c1ccc(c2ccc(Cl)c(Cl)c2)o1)c1ccccc1O,-8.43403596324846,0
b2AR-decoy_1810,O=S(=O)(Oc1cccc(OCCc2cccc(O)c2)c1)c1cccc(Cl)c1Cl,-8.43143709381924,0
b2AR-decoy_1110,CCSc1ccc(C(=O)Nc2nnc(c3ccc4c(c3)CCCC4)o2)cc1,-8.43046986507301,0
b2AR-decoy_735,CC1(C)C=Cc2c(ccc(C(=O)/C=C/c3ccc(c4ccccc4)cc3)c2O)O1,-8.42326771105959,0
b2AR-decoy_2124,Cc1cc(CSc2nnc(Nc3ccccc3c3ccccc3)[nH]2)no1,-8.41912556495321,0
b2AR-decoy_1995,O=c1c2ccc(/C=N/Nc3ccccc3)cc2oc2cc(O)cc(O)c12,-8.41460297671981,0
b2AR-decoy_1166,Cc1csc2nc(C(C)c3ccc(NC(=O)c4cccs4)cc3)oc(=O)c12,-8.41360413146883,0
b2AR-decoy_80,C=C1C[C@@]23CC[C@H]4[C@@H](CCC[C@@]4(C)COC(=O)/C=C/C(F)(F)F)[C@@H]2CC[C@]1(O)C3,-8.41260836374002,0
b2AR-decoy_631,CC(/C=C/c1ccccc1)=N/Nc1nc(c2ccccc2)cs1,-8.41041345927881,0
b2AR-decoy_1118,O=C(/C=C/c1ccc(O)c(O)c1)c1ccc(NC(=O)C23C[C@H]4C[C@@H](C2)C[C@@H](C3)C4)cc1,-8.40839120288498,0
b2AR-decoy_2558,CC(=O)Nc1nc2c(Oc3cc(C4=CCC(C(F)(F)F)CC4)ncn3)cccc2s1,-8.40570832836558,0
b2AR-decoy_961,C=C(CC[C@H]1[C@@H](C)CCCC1(C)C)C(O)Cc1c(O)cc(C)cc1O,-8.39593657336127,0
b2AR-decoy_555,CC1(C)CCc2cc(C(=O)/C=C/c3ccc(O)cc3)c(O)cc2O1,-8.39016943651113,0
b2AR-decoy_333,Clc1ccc(SCc2n[nH]c(c3ccc(Cl)cc3)n2)cc1,-8.38535319706351,0
b2AR-decoy_344,O=C(C[C@H](c1ccccc1)c1c(O)c2ccccc2oc1=O)c1ccccc1,-8.38310977361737,0
b2AR-decoy_2453,C=C[C@@]1(C)CC=C2[C@@H](CC[C@@H]3[C@](C)(C(=O)OCc4ccc(Cl)cc4)CCC[C@@]23C)C1,-8.38197429487978,0
b2AR-decoy_3128,Nc1ccccc1SC[C@@H]1CO[C@](CCc2ccc(Cl)cc2)(Cn2ccnc2)O1,-8.38091936342121,0
b2AR-decoy_2070,Cc1ccccc1OCc1ccc(c2nc(C#N)c(NCc3cccnc3)o2)o1,-8.37778714501543,0
b2AR-decoy_2147,O=C(CSc1nn(c2ccccc2)c(=S)s1)c1c[nH]c2ccccc12,-8.3756483138784,0
b2AR-decoy_2883,O=C(/C=C/c1ccccc1)c1ccc(OCc2cc(c3ccc(Cl)c(Cl)c3)no2)cc1,-8.36831276117653,0
b2AR-decoy_2205,O=c1[nH]c(SCc2ccc3ccccc3c2)nc(Cc2ccccc2)c1Br,-8.3661649247557,0
b2AR-decoy_1937,CN1C(=O)[C@@H](NC(=O)c2cc3ccccc3[nH]2)N=C(c2ccccc2F)c2ccccc21,-8.36449612358298,0
b2AR-decoy_370,COc1ccc(c2cc(/C=C3\C(=O)Nc4ccc(F)cc43)[nH]n2)cc1,-8.3591499745975,0
b2AR-decoy_473,Cc1ccc(c2nc(/C=N/c3ccc(O)cc3)c(O)o2)cc1,-8.35316530039099,0
b2AR-decoy_2362,C/C(=C\c1ccc(Cl)cc1)S(=O)(=O)Nc1c(F)cccc1S(N)(=O)=O,-8.352940719946,0
b2AR-decoy_874,CC1CCC(=NNc2nc(c3ccc(C#N)cc3)cs2)CC1,-8.34921464123306,0
b2AR-decoy_1101,Oc1c(/C=N/c2ccc(Oc3ccccc3)cc2)cnn1c1cccc(Cl)n1,-8.34105311417052,0
b2AR-decoy_2939,CCc1ccncc1C1=CC=C2[C@@H]3CCC4C[C@@H](O)CC[C@]4(C)[C@H]3CC[C@]12C,-8.33902574799849,0
b2AR-decoy_1224,Cc1ccc(c2nnc(SCc3ccc(Cl)cc3)o2)c(O)c1,-8.33786494840418,0
b2AR-decoy_1670,CC1CN(C(=O)c2ccccc2)OC(c2ccc3c(c2)OCO3)O1,-8.33642165451803,0
b2AR-decoy_147,Cc1sc2nc(CSc3nc4ccccc4s3)nc(O)c2c1C,-8.33477666549248,0
b2AR-decoy_2214,Cc1ccc(/C=C2/SC(c3ccc(n4ccnc4)cc3)N(Nc3ccccc3)C2=O)cc1,-8.33254520293068,0
b2AR-decoy_419,Cn1nc(c2ccc(Cl)cc2)s/c1=N\c1cccc(C(N)=O)c1,-8.33171382939205,0
b2AR-decoy_61,CC1(C)C=Cc2c(ccc(C(=O)/C=C/c3ccc(Br)cc3)c2O)O1,-8.32827651657352,0
b2AR-decoy_171,CC(C)CN(C[C@@H](O)[C@H](Cc1ccccc1)NC(=O)O[C@H]1CO[C@H]2OCC[C@@H]12)S(=O)(=O)c1ccc2c(c1)C(=CNCCc1ccccc1)C(=O)N2,-8.32417918963032,0
b2AR-decoy_1898,CC(C)=CCC/C(C)=C/Cc1c(O)cc(O)c2c1O[C@H](c1cc(O)cc(O)c1)CC2=O,-8.32337103706922,0
b2AR-decoy_266,C[NH+](C)CCC(=O)Nc1ccccc1N1CCN(C(=O)C2(Oc3ccc(C(F)(F)F)cc3)CCCN(C(=O)c3cnccc3C(F)(F)F)C2)CC1,-8.32033313292844,0
b2AR-decoy_371,CC(=O)[C@H]1CC[C@H]2[C@@H]3CCC4C[C@H](O)CC[C@]4(C)[C@H]3C[C@H](O)[C@]12C,-8.31986596761996,0
b2AR-decoy_898,COc1cccc(c2csc(N/N=C(\C)c3cccs3)n2)c1,-8.31455192724605,0
b2AR-decoy_2378,CC(C(=O)N/N=C1\C(=O)Nc2cccc(c3cccc(F)c3)c21)c1ccc(O)cc1,-8.31445845802486,0
b2AR-decoy_20,O=c1cc(c2cccc(Oc3ccccc3)c2)oc2cc(O)ccc12,-8.30830216373054,0
b2AR-decoy_984,CC(C)C1=C(Cc2ccccc2)C(=O)O/C1=C\c1ccc(O)c(Cl)c1,-8.30213912727017,0
b2AR-decoy_1076,CC/C(=N\NC(=O)c1cc2ccccc2cc1O)c1cc2c(F)c(F)c(F)cc2[nH]1,-8.30182028227862,0
b2AR-decoy_1804,O=C(NCc1ccncc1)c1ccc(Oc2ccc(/C=C/C3=CN4CCC3CC4)cc2)cc1,-8.30034997773333,0
b2AR-decoy_162,CCC[C@@H]1C[C@@]1(NC(=O)[C@@H]1[C@@H]2[C@H](CN1C(=O)[C@@H](NC(=O)NC1(CS(=O)(=O)C(C)(C)C)CCCCC1)C(C)(C)C)C2(C)C)C(=O)C(=O)NC1CC1,-8.29039350599173,0
b2AR-decoy_3076,CO/N=C(/c1ccc(Cl)cc1)c1ccccc1Oc1ccc(C(F)(F)F)cc1,-8.28998203935443,0
b2AR-decoy_2942,COc1cc(c2noc3c2CCCC3OCc2cc(F)cc(F)c2)ccc1n1cnc(C)c1,-8.2896444066192,0
b2AR-decoy_844,N#C/C(=C\c1ccc2ccc3cccc4ccc1c2c34)C(=O)c1c[nH]c2ccccc12,-8.28841165827031,0
b2AR-decoy_489,Cc1c(O)ccc(C(=O)/C=C/c2ccc(F)cc2)c1O,-8.27797773487247,0
b2AR-decoy_118,Oc1ccc(Cl)cc1Cn1nc(c2ccc(C(F)(F)F)cc2)oc1=S,-8.27497136778246,0
b2AR-decoy_1720,O=C(OCc1cc(Cl)ccc1O)c1cc2cc(CCl)ccc2oc1=O,-8.27210784813782,0
b2AR-decoy_169,CC(C)(C)C(=O)SCCOP(=O)(OCCSC(=O)C(C)(C)C)OC[C@@H]1C[C@@H](O)[C@H](n2ccc(N)nc2=O)O1,-8.27209667375099,0
b2AR-decoy_788,COc1ccc(c2nc(/C=C3\C(C)=Nc4ccccc43)c(O)o2)cc1,-8.27178961359409,0
b2AR-decoy_2352,OC[C@H]1O[C@H]2c3cc(Cc4cc5ccccc5s4)c(Cl)cc3O[C@H]2[C@@H](O)[C@@H]1O,-8.26814770181239,0
b2AR-decoy_1956,O=C(NO)c1ccc(COc2c(=O)n(Cc3ccncc3)c3ccccc3c2c2ccccc2)cc1,-8.2670107059358,0
b2AR-decoy_2191,CCc1ccc(c2csc(/C(C#N)=C/Nc3ccc4c(c3)OCCO4)n2)cc1,-8.2667325269316,0
b2AR-decoy_907,Clc1ccc(SCc2n[nH]c(c3ccc(Br)cc3)n2)cc1,-8.26600232550796,0
b2AR-decoy_1954,CC(C)c1cc(C(=O)N2CCc3c(sc(NC(=O)c4ccccc4)c3C#N)C2)[nH]n1,-8.26483349010054,0
b2AR-decoy_2385,COc1ccc2cc(C(C)C(=O)Nc3ccc(S(N)(=O)=O)cc3)ccc2c1,-8.26384507528666,0
b2AR-decoy_935,Clc1ccc(c2csc(NN=C3CCCCCC3)n2)c(Cl)c1,-8.25998033128541,0
b2AR-decoy_2003,N#C/C(=C/c1ccc(c2ccc(C(N)=O)cc2)o1)c1nc2ccccc2[nH]1,-8.25593405426646,0
b2AR-decoy_1065,O=C(CCCCCc1ccc(Br)cc1)N1CCOC1=O,-8.2490923439752,0
b2AR-decoy_967,O=C(/C=C/c1csc(c2ccc(Cl)cc2)n1)c1cccc(O)c1,-8.24846379388134,0
b2AR-decoy_2309,Nc1nnc(SCc2nc(O)c3c(n2)scc3c2ccccc2)s1,-8.23960877105575,0
b2AR-decoy_176,CCOC(=O)/C=C/C(C[C@@H]1CCNC1=O)NC(=O)[C@@H](CC(=O)[C@@H](NC(=O)c1cc(C)on1)C(C)C)Cc1ccc(F)cc1,-8.23918510783076,0
b2AR-decoy_2040,COc1ccc(c2nnc(SCc3ccccc3Cl)o2)c(O)c1,-8.23860366644259,0
b2AR-decoy_1565,CSCCC(NC(=O)c1ccco1)C(=O)OCC(=O)Nc1ncc(Cl)c(C)c1Cl,-8.23649262560953,0
b2AR-decoy_2435,COC1[N+]([O-])=C(/C=C/c2ccc3ccc4cccc5ccc2c3c45)CC1(C)C,-8.23090852037344,0
b2AR-decoy_3119,CCN(C)c1cc(O)c(Cn2nc(c3ccc(C(F)(F)F)cc3)oc2=O)cc1Cl,-8.23008341601667,0
b2AR-decoy_740,CC(C)C1=CC2=CC[C@H]3[C@](C)(C(=O)OCC(O)CCl)CCC[C@]3(C)[C@H]2CC1,-8.22777870648955,0
b2AR-decoy_2067,CCc1cccc(NC(=O)CCN2C(=O)c3ccccc3Sc3ncccc32)c1,-8.22244676696516,0
b2AR-decoy_590,Clc1ccc(c2csc(N/N=C/c3cccs3)n2)cc1,-8.22209782574227,0
b2AR-decoy_1896,c1ccc(c2ccc(C(c3ccc(c4ccccc4)cc3)n3ccnc3)cc2)cc1,-8.22197694112308,0
b2AR-decoy_2951,O=C(CCc1nnc(c2ccc(Cl)cc2)o1)c1ccc(c2ccccc2)cc1,-8.2129565421923,0
b2AR-decoy_2742,Cc1nc(NC(C)c2cccc(c3cnn(C)c3)c2)cc(c2ccc(C(C)C)cc2)n1,-8.21243924279821,0
b2AR-decoy_2686,COC(=O)c1c(O)cc(O)c(Cl)c1CCc1nccn1Cc1ccc(Cl)c(Cl)c1,-8.21098712237466,0
b2AR-decoy_642,C/C(=N\Nc1nc2c(C)cccc2s1)c1ccc(Br)cc1,-8.20642346102828,0
b2AR-decoy_404,CC(=O)[C@@]1(O)[C@@H](C)C[C@H]2[C@@H]3CCC4=CC(=O)C=C[C@]4(C)[C@@]3(F)[C@@H](O)C[C@@]21C,-8.20217065424322,0
b2AR-decoy_1800,CCC(O)(CC)c1cc(F)cc(OCc2ccc3c(c2)oc(=O)cc3c2ccoc2)c1,-8.20181460917985,0
b2AR-decoy_551,CCc1cc(O)c2c3c(c(O)cc2c1)C(=O)c1c(O)cccc1C3=O,-8.20084418794739,0
b2AR-decoy_2986,FC(F)(F)c1cc(CSc2nnc(c3ccccn3)n2Cc2ccco2)ccc1Cl,-8.20002616668858,0
b2AR-decoy_2764,CC(C)c1nc2c(c3c1[C@@H](c1ccc(C(F)(F)F)cc1)OC31CCOCC1)[C@@H](O)CC1(CC1)C2,-8.19967033691393,0
b2AR-decoy_2140,Cc1ccc(C(=O)NCC(C)/N=C/c2cc(Br)ccc2O)c(O)c1,-8.19795931687819,0
b2AR-decoy_1798,C[C@H](NC(=O)C(F)(F)F)c1ccc(OC2CCN(c3ccc(OCC4CC4)cc3)C2)cc1,-8.19511106310802,0
b2AR-decoy_2519,Cc1ccccc1C1CCc2cc(Oc3ncc(CNC(=O)c4ccno4)s3)ccc2O1,-8.19405004242585,0
b2AR-decoy_514,CCC(=O)c1cc(O)cc2cc(c3ccc(O)cc3)oc12,-8.19321646752689,0
b2AR-decoy_1557,O=C1N[C@@H]2[C@H](CCCCCc3cn(Cc4ccc(C(F)(F)F)cc4)nn3)SC[C@@H]2N1,-8.19225408561255,0
b2AR-decoy_2107,Oc1ccc(/C=N/n2c(C(c3ccccc3)c3ccccc3)n[nH]c2=S)c(O)c1,-8.19210343240516,0
b2AR-decoy_2669,CCc1nnc(SCc2nc(c3ccccc3Cl)oc2C)c2cc3sc(C)cc3n12,-8.19132198773101,0
b2AR-decoy_2550,O=c1c(c2cccnc2)nc2ccccc2n1C(CCc1ccccc1)c1nc2ccccc2[nH]1,-8.19107728080018,0
ASD03130104,Clc1cc(Cl)cc(Nc2nc(NC3CCN(Cc4ccccc4)CC3)c3ccccc3n2)c1,-8.18986287080357,1
ASD03130022,CNC(=O)C(Cc1cc(Br)cc(Br)c1)NC(=O)C(Cc1ccc(C(N)=O)cc1)NC(=O)C(c1ccccc1)C1CCCCC1,-8.18893392697134,1
b2AR-decoy_1536,CC1=CC(COCc2ccccc2)OC2(C1)C(=O)N(CC1CC1)c1ccccc12,-8.1879761728366,0
b2AR-decoy_809,Cc1c(Cl)c(O)c2c(c1C=O)OC(C)(/C=C/[C@]1(C)C(C)C(=O)CC[C@H]1C)CC2,-8.18541203240406,0
b2AR-decoy_121,O=c1oc2ccccc2cc1CSc1nc2cc(Cl)c(Cl)cc2[nH]1,-8.18305470232919,0
b2AR-decoy_577,Cc1ccc2c(c1)CC(C(=O)Nc1ccc(c3cn[nH]c3)cc1)CO2,-8.17948751883232,0
b2AR-decoy_2718,N#Cc1cc(C(=O)N/N=C/c2cccc3c2ccn3Cc2ccc(C(F)(F)F)cc2)ccc1O,-8.17910749175613,0
b2AR-decoy_964,O=C1NC(=O)c2cc(Sc3ccccc3)c(Sc3ccccc3)cc21,-8.17850621309807,0
b2AR-decoy_175,CCCCC(NC(=O)[C@@H]1[C@@H]2[C@H](CN1C(=O)[C@@H](NC(=O)N[C@@H](CN1C(=O)CC(C)(C)CC1=O)C(C)(C)C)C(C)(C)C)C2(C)C)C(=O)C(=O)NCC,-8.1755449899564,0
b2AR-decoy_2061,COc1ccc(C(c2cc(O)ccc2O)c2ccc(C(C)C)cc(=O)c2O)cc1,-8.1755243278472,0
b2AR-decoy_2411,CO/N=C(\c1ccc(Cl)cc1)c1ccccc1COc1ccc(C(F)(F)F)cc1,-8.17357365341471,0
b2AR-decoy_3015,C/C1=C/[C@@H](C)CC/C=C/CC/C=C/C(=O)O[C@@H]1[C@H](C)C(=O)C[C@H](O)CC1CC(=O)NC(=O)C1,-8.17310829503372,0
b2AR-decoy_2670,Cc1cccc(C)c1OCc1nc2c3c(ncn2n1)oc(c1ccccc1)c3c1ccccc1,-8.17291236204897,0
b2AR-decoy_245,C[C@H](NC(=O)C(C)(F)F)[C@H](Oc1ccc2c(cnn2c2cccc(C(=O)N3CCC[C@@H]3C(N)=O)c2)c1)c1ccc2c(c1)OCCO2,-8.17286057127235,0
b2AR-decoy_316,CC(C)(C)c1ccc(SCC(c2cccnc2)c2c[nH]cn2)cc1,-8.17037932774946,0
b2AR-decoy_1964,COc1cc(O)c(C(CC(=O)Nc2ccc(C)cc2)c2ccc3c(c2)OCO3)c(OC)c1,-8.16673728351826,0
b2AR-decoy_3174,C=C[C@@]1(C)CC=C2[C@@H](CC[C@@H]3[C@](C)(C(=O)OCc4ccc([N+](=O)[O-])cc4)CCC[C@@]23C)C1,-8.16218339495475,0
b2AR-decoy_2814,COc1ccc([C@@H]2[C@@H](CCCc3ccccc3)C(=O)N2c2ccc(OC(F)(F)F)cc2)cc1,-8.1550891986777,0
b2AR-decoy_1232,Cc1cccc(c2noc(CN(C(=O)CCc3ccccc3)C(C)C)n2)c1,-8.14493315576334,0
b2AR-decoy_434,O=C(c1cccc(c2cccc(O)c2F)n1)c1ccccc1O,-8.14317636865419,0
b2AR-decoy_290,Cc1ccc(C(c2c[nH]c3ccc(C(=O)N/N=C/c4cc(O)ccc4O)cc23)c2c[nH]c3ccc(C(=O)N/N=C/c4cc(O)ccc4O)cc23)cc1,-8.14052348462172,0
b2AR-decoy_500,O=C1/C(=C/c2ccccc2O)Cc2c(O)cccc21,-8.13810125647628,0
b2AR-decoy_1150,Cc1ccc(c2nnc(NC(=O)c3ccc(SC(F)(F)F)cc3)o2)cc1,-8.13469920736764,0
b2AR-decoy_2997,O=C(N/N=C/c1ccc(OCc2cccc(C(F)(F)F)c2)cc1)c1cc(O)c(O)c(O)c1,-8.13278749413283,0
b2AR-decoy_397,CC(C)C1c2[nH]c3ccccc3c2C[C@H]2C(=O)NC(Cc3ccccc3)C(=O)N12,-8.13226762082606,0
b2AR-decoy_1548,Cn1cnc2c(SCc3ccccc3OCc3ccccc3)ncnc21,-8.12851405006017,0
b2AR-decoy_1388,Cc1ccc(CN2C(=O)S/C(=C\c3ccccc3Cl)C2=O)cc1,-8.12339764099121,0
b2AR-decoy_1648,COCc1ccc([C@@H]2[C@@H](CCCc3ccccc3)C(=O)N2c2ccc(OC)cc2)cc1,-8.12237081065137,0
b2AR-decoy_2549,N#Cc1c(O)nc(SCC(=O)N2c3ccccc3Sc3ccccc32)nc1c1ccccc1,-8.12053335043296,0
b2AR-decoy_1136,CSc1ccc(c2nnc(NC(=O)c3cc(Cl)sc3Cl)o2)cc1,-8.11876993246141,0
b2AR-decoy_840,COc1ccc(c2csc(N/N=C/c3cc4ccccc4s3)n2)cc1,-8.11509034902898,0
b2AR-decoy_327,CC1(C)C=Cc2c(ccc(C(=O)/C=C/c3ccc4ccccc4c3)c2O)O1,-8.11278275891783,0
b2AR-decoy_2330,COc1cc(O)cc2occ(c3cc(O)c(O)c(CC=C(C)C)c3)c(=O)c12,-8.11127202542495,0
b2AR-decoy_1204,CCC(Sc1nc2ncccc2o1)C(=O)Nc1c(C)cc(C)cc1C,-8.11014283179714,0
b2AR-decoy_1112,CCc1cc(Sc2ccc(c3ccccc3C3=NNN=N3)cc2)c2ncccc2n1,-8.10708842140345,0
b2AR-decoy_679,COc1ccc(c2onc(C(F)(F)F)c2c2cc3ccccc3o2)c(O)c1,-8.10392478389702,0
b2AR-decoy_1047,COc1ccc([C@H]2C[C@@H]2COc2nc(C)ncc2c2ccc(C)nc2)nc1,-8.10083422714717,0
b2AR-decoy_3052,O=S(=O)(c1ccc(F)cc1)C1(c2ccc(C(F)(C(F)(F)F)C(F)(F)F)cc2)CCCC1,-8.09260225311292,0
b2AR-decoy_423,C/C(=N\NC(=O)c1cc2ccccc2cc1O)c1ccc(C)o1,-8.08960295581715,0
b2AR-decoy_2770,O=C(c1ccn2c1CSC2c1cccnc1)c1c[nH]c2c(OCc3ccccc3)cccc12,-8.08633236463399,0
b2AR-decoy_1719,CCCc1ccc(C(=O)O[C@H]2CC3C(=C2C)[C@H]2OC(=O)[C@@H](C)[C@@H]2CC[C@@]3(C)O)cc1,-8.08067750187236,0
b2AR-decoy_1578,CC(C)(C)c1ccc(CCC(=S)NCc2ccc(NS(C)(=O)=O)c([N+](=O)[O-])c2)cc1,-8.07539278882368,0
b2AR-decoy_1502,CO/N=C(/c1ccc(F)cc1)c1ccccc1COc1ccc(C(F)(F)F)cn1,-8.07535402504655,0
b2AR-decoy_1370,CSc1ccc(C2=CC(=O)C[C@H](c3ccc4c(c3)OCO4)C2)cc1,-8.07423008146626,0
b2AR-decoy_1262,O=C(CSc1nnc(COc2cccc3cccnc23)o1)c1ccc(F)cc1,-8.07187220421181,0
b2AR-decoy_307,Cc1c(O)c(C[NH2+][C@@H](C)c2ccccc2)c(C)c(C(=O)Oc2c(C)c(C)c(C(=O)Oc3c(C)c(C)c(C(=O)[O-])c(O)c3C)c(O)c2C)c1O,-8.07117712197931,0
b2AR-decoy_1186,CCc1ccc2c(Cc3c(=O)[nH][nH]c3c3ccc(C)cc3)c(O)ccc2c1,-8.07035445843196,0
b2AR-decoy_13,N#C/C(=C\c1ccc(c2ccccc2)cc1)C(=O)c1c[nH]c2ccccc12,-8.06965552385738,0
b2AR-decoy_2264,Cc1c(C(=O)c2ccc(Oc3ccccc3)cc2)oc2cc(c3ccccc3)cc(O)c12,-8.06665984043746,0
b2AR-decoy_1945,OC12CC3CC(C1)CC(Cn1cc(c4cccc5c4-c4ccccc4C5(O)C(F)(F)F)cn1)(C3)C2,-8.06196556646026,0
b2AR-decoy_1568,C=CCn1c(SCC(=O)Nc2ccc(/C(C)=N/O)cc2)nnc1c1ccc(OC)cc1,-8.05751218220211,0
b2AR-decoy_235,NS(=O)(=O)CCNC(=O)C(c1nc2ccc(c3ccc(C(=O)N4CCC(F)(F)C4)cc3)cc2s1)S(=O)(=O)CCC(F)(F)F,-8.05729633004629,0
b2AR-decoy_485,O=C(/C=C/c1ccc(Cl)cc1)c1ccc(O)cc1O,-8.05659774090198,0
b2AR-decoy_7,C/C(=C\c1ccc(C(C)(C)C)cc1)C(=O)Nc1ccc2c(c1)OCCO2,-8.05603134845198,0
b2AR-decoy_1512,C=C1c2ccccc2S(=O)(=O)N(Cc2ccccc2)C1COCc1ccccc1,-8.05539508412684,0
b2AR-decoy_2862,O=C(CSc1c(F)c(F)c2cc(C(=O)c3ccccc3)sc2c1F)c1ccccc1,-8.0533059951245,0
b2AR-decoy_1600,CSc1ccccc1NC(=O)CN(C)C(=O)C(C)SCc1nc(O)c2c(C)c(C)sc2n1,-8.05236099242698,0
b2AR-decoy_1160,CCCCNC(=O)[C@]1(C)CCC[C@@]2(C)C3CC[C@@]4(C)C[C@]3(CCC21)CC4=O,-8.05219631378377,0
b2AR-decoy_1675,CC(C)(C)CN=C(C#N)C(C#N)/N=C/c1cccc(Cl)c1,-8.05110332591629,0
b2AR-decoy_1089,COc1cccc(c2ccc(Oc3cncc4sc(C5=NNN=N5)cc34)cc2)c1,-8.05086395660647,0
b2AR-decoy_2932,Cc1ccc(c2c(OCc3cn(Cc4ccccc4Cl)nn3)cnn2c2ccc(F)cc2)cc1,-8.03757413812748,0
b2AR-decoy_2637,O=C1CCCC2=C1C1OC(CCCCN3C(=O)c4ccccc4C3=O)(Cc3c1ccc1ccccc31)O2,-8.03413651780157,0
b2AR-decoy_2725,CC(C)c1cc(c2ccccc2)c(c2ccc(F)cc2)n1CC[C@@H]1C[C@@H](O)CC(=O)O1,-8.02812280209967,0
b2AR-decoy_34,COc1cc(O)c(C(=O)CC(C)C)c2c1[C@H]1C[C@H](C(C)C)C=C[C@@]1(C)O2,-8.0267332222156,0
b2AR-decoy_291,C[C@H](C(=O)NCc1ccc(C(F)(F)F)nc1N(Cc1ccccc1)S(=O)(=O)c1ccccc1)c1ccc(NS(C)(=O)=O)c(F)c1,-8.02065854640805,0
b2AR-decoy_407,O=C(NNC(=O)c1ccccc1Cl)c1ccc(n2cccc2)cc1,-8.01972417449229,0
b2AR-decoy_1732,CSc1nc(Cl)cc(Sc2nnc(c3ccc(C(F)(F)F)cc3)[nH]2)n1,-8.01952716778658,0
b2AR-decoy_1030,C=C[C@]1(C)CC[C@@H](C(=C)COC(=O)c2cccnc2)C[C@H]1C(=C)C,-8.0188941711557,0
b2AR-decoy_2193,Cc1csc(NC(=O)c2ccc(c3ccc(Cl)cc3Cl)o2)n1,-8.01651580138275,0
b2AR-decoy_1196,Cc1ccc(c2nnc(SCc3ccccc3Cl)o2)c(O)c1,-8.01599510614436,0
b2AR-decoy_2146,CNc1ccc(c2cncc(OCc3ccc(Cl)cc3Cl)c2)cn1,-8.01591277588826,0
b2AR-decoy_1832,CC[C@@H](NC(=O)c1cc(C(=O)N[C@H](CC)c2ncccn2)c2n1CCOC2)c1ccc(C(F)(F)F)cc1,-8.01511157111472,0
b2AR-decoy_55,O=c1cc(c2cccc(OC(F)(F)F)c2)oc(O)c1SCc1ccccc1,-8.01482837348483,0
b2AR-decoy_682,C[C@]12CC[C@@H]3[C@H]4CC/C(=N\OCc5ccccc5)C=C4CC[C@H]3[C@@H]1CC[C@@H]2O,-8.01377353323217,0
b2AR-decoy_2694,OCc1ccc[n+](/C(C([S-])=Nc2cccc3ccccc23)=C(/O)c2ccc(Cl)s2)c1,-8.01364920423544,0
b2AR-decoy_2248,N#Cc1ccccc1Sc1ccccc1C(=O)Nc1ccc(Br)cc1,-8.01330853950901,0
b2AR-decoy_2050,CC(C)(C)c1ccc(C(=O)N/N=C/c2ccc(c3ccc([N+](=O)[O-])cc3)o2)cc1,-8.01175626317859,0
b2AR-decoy_1980,CC(O)(CSc1ccc(C#N)cc1)C(=O)Nc1ccc([N+](=O)[O-])c(C(F)(F)F)c1,-8.0111007982226,0
b2AR-decoy_515,O=C(NN=C1CCCCC1)c1cc(c2ccccc2)[nH]n1,-8.00956775341372,0
b2AR-decoy_1320,CC[C@H]1O[C@@H]2c3ccccc3CO[C@@H]2[C@H]1OCc1cccs1,-8.00603103020376,0
b2AR-decoy_1972,C[C@@H](c1ccc(c2cc(=O)[nH]cn2)cc1)N1CC[C@](CCCO)(c2ccc(F)cc2)OC1=O,-8.00560850946413,0
b2AR-decoy_1615,Cc1ccc2c(C)c(C(=O)N(Cc3ccc(N(C)C)cc3)Cc3ccco3)oc2c1C,-8.00432077861864,0
b2AR-decoy_953,O=C(c1cccc(F)c1)c1oc2cc(O)ccc2c1c1cccc2ccccc21,-8.00338906844286,0
b2AR-decoy_1936,C[C@]1(C(=O)NCC23CC4CC(CC(C4)C2)C3)CCC[C@]2(C)c3cc(O)ccc3CC[C@@H]12,-8.00196196459084,0
b2AR-decoy_546,CC(C)(C)c1ccc(C(=O)N/N=C/c2ccccc2O)cc1,-8.0013731901244,0
b2AR-decoy_1368,CC[C@H]1O[C@@H]2c3ccccc3CO[C@@H]2[C@H]1OCc1ccccc1Cl,-8.00027039990503,0
b2AR-decoy_2557,Cc1cccc(Cn2cc3c(=O)n(CC(=O)Nc4c(C)cccc4C)nc-3c3cc(F)ccc32)c1,-8.00022105508596,0
b2AR-decoy_2155,CC1=CCC(CC(C)Oc2ccc(/C=C3\SC(O)=NC3=O)cc2)CC1,-7.99900948061677,0
b2AR-decoy_1187,C/C(=C\COc1ccc2ccc(=O)oc2c1)C1=CC(=N)C2(CCCCC2)O1,-7.9980808650447,0
b2AR-decoy_382,CC(=O)[C@H]1CC[C@@]2(O)[C@@H]3CC[C@H]4C[C@@H](O)CC[C@]4(C)[C@H]3CC[C@]12C,-7.99786674104918,0
b2AR-decoy_3038,CCOc1ccc2nc(NC(=O)C(NS(=O)(=O)c3cccs3)C(C)C)sc2c1,-7.99776912070042,0
b2AR-decoy_2795,O=C1/C(=C\c2cccc(Oc3ccccc3)c2)SC(c2ccccc2)N1Cc1ccccc1,-7.99553386016981,0
b2AR-decoy_2176,Cc1c(Cc2ccccc2)nc(SCc2ccc(C(C)(C)C)cc2)[nH]c1=O,-7.99354125227795,0
b2AR-decoy_1986,Cc1ccc(NC(=O)CSc2sc3c(O)cc(O)nc3c2C#N)cc1C,-7.99272123288045,0
b2AR-decoy_714,C=C(C)C1CCC(COc2ccc(/C=C3\SC(=O)NC3=O)cc2Cl)CC1,-7.99154584186704,0
b2AR-decoy_1108,CCOC(=O)c1ccc(c2ccc(/C=C(\C#N)c3nc4cc(C)ccc4[nH]3)o2)cc1,-7.9900476967674,0
b2AR-decoy_1178,Cc1ccc(c2csc(N/N=C/c3ccc(n4ccnc4)cc3)n2)cc1,-7.98850216760948,0
b2AR-decoy_137,O=C(Nc1ccco1)c1nc2nc(c3cccs3)cc(C(F)(F)F)c2s1,-7.98709525586446,0
b2AR-decoy_1142,CC(C)C1=C(Cc2ccccc2)C(=O)O/C1=C\c1cc(Cl)c(O)c(Cl)c1,-7.98697942495109,0
b2AR-decoy_299,CC(=O)c1ccc(N2C[C@@H](C(=O)N[C@@H](Cc3ccccc3)[C@H](O)CN(Cc3cccs3)S(=O)(=O)c3cc(F)c(F)cc3F)OC2=O)cc1,-7.98597245662801,0
b2AR-decoy_865,CCCc1ccc2oc(Cc3ccc(OC)cc3)c(C)c2c1O,-7.98393283906646,0
b2AR-decoy_993,C=C[C@]1(C)CC[C@@H](C(=C)C)C[C@H]1C(=C)COC(=O)c1ccccc1O,-7.9831884224949,0
b2AR-decoy_2274,CC(C)=CC[C@@H]1C(C)=CC[C@@H](C(=O)c2c(O)cc(O)cc2O)[C@@H]1c1ccccc1,-7.98107865731306,0
b2AR-decoy_3190,Clc1ccc(C2COC(Cn3ccnc3)(c3ccc(Cl)cc3Cl)O2)c(Cl)c1,-7.9791790718869,0
b2AR-decoy_2602,CC(C)c1ccc(COc2ccccc2C2CC(=O)c3ccccc3O2)cc1,-7.97908812705217,0
b2AR-decoy_850,O=C1/C(=C/c2ccc(Oc3ccc(Cl)cc3)cc2)Oc2cc(O)ccc21,-7.9772505324735,0
b2AR-decoy_2198,COc1cc2c(cc1OC)Sc1ncnc(Sc3cccc(Br)c3)c1NC2,-7.97604609311498,0
b2AR-decoy_1805,COc1ccc([C@@H]2[C@@H](CC[C@@H](O)c3ccccc3)C(=O)N2c2ccc(OC)cc2)cc1,-7.97494040763437,0
b2AR-decoy_1277,CCCCC(C#N)(OP1(=O)OC(c2ccccc2)C(C)N1C)c1ccccc1,-7.96924481255243,0
b2AR-decoy_1574,COc1ccc(N(CC(=O)NCc2ccc(F)cc2)C(=O)CCC(=O)Nc2nccs2)cc1,-7.96862221985826,0
b2AR-decoy_915,Clc1ccc(c2csc(NN=C3CCCC3)n2)c(Cl)c1,-7.96847771858245,0
b2AR-decoy_509,Cc1cc(O)ccc1CC(C#N)c1ccc(O)cc1,-7.96834788193253,0
b2AR-decoy_568,N#Cc1cc(c2ccc(O)c(F)c2)cc2ccc(O)c(F)c12,-7.9666745627647,0
b2AR-decoy_1593,O=C(NCc1ccccc1)C1=C[C@H](c2ccc3c(c2)OCO3)C[C@H](OCc2ccc(CO)cc2)O1,-7.96483816147959,0
b2AR-decoy_38,Cc1c(N)cccc1c1ccc(C(=O)c2cc(F)c(F)c(O)c2F)s1,-7.96089103586801,0
b2AR-decoy_3018,COc1ccc2[nH]c(C(=O)N3CC(=O)N(Cc4ccc[nH]4)[C@@H](Cc4ccccc4)C3)cc2c1,-7.96084937367017,0
b2AR-decoy_1911,CC(C)=CCC/C(C)=C/Cc1c(O)cc2c(c1O)C(=O)C[C@@H](c1cc(O)cc(O)c1)O2,-7.95646926920648,0
b2AR-decoy_2119,COc1cc(c2cc(c3cc(C(C)C)c(O)cc3C)[nH]c(=O)c2C#N)ccc1O,-7.95319714616566,0
b2AR-decoy_885,O=C(/C=C/c1cncc(Br)c1)c1ccc2ccccc2c1O,-7.95286950922966,0
b2AR-decoy_960,Clc1ccc(c2nnc(NC34CC5CC(CC(C5)C3)C4)s2)cc1,-7.95249372118403,0
b2AR-decoy_612,Cc1[nH]n(c2ccccc2)c(=O)c1N=Nc1ccc(Cl)cc1,-7.9510867003608,0
b2AR-decoy_572,C=C1C[C@@]23CC[C@H]4[C@@](C)(CCC[C@@]4(C)NC(C)=O)[C@@H]2CC[C@]1(O)C3,-7.94688897394399,0
b2AR-decoy_584,CCOC(=O)c1c(CSc2ccc(C)cc2)oc2ccc(O)cc12,-7.94393885664217,0
b2AR-decoy_1296,CC(C)Oc1ccc(C2COC(c3c(F)cccc3F)=N2)cc1,-7.94276354131831,0
b2AR-decoy_194,C=CCNC(=O)C(=O)C(CCC)NC(=O)[C@@H]1[C@@H]2[C@H](CN1C(=O)[C@@H](NC(=O)N[C@@H](CN1CCC(C)(C)CC1=O)C(C)(C)C)C1CCCCC1)C2(C)C,-7.9394279609349,0
b2AR-decoy_1872,CCN(CC(O)(CNC(=O)c1cnn(c2ccc(F)cc2)c1N)C(F)(F)F)C(=O)c1ccc(Cl)cc1,-7.93791812157906,0
b2AR-decoy_978,CCCC(=O)Nc1sc(C)c(c2ccc(C(C)CC)cc2)c1C#N,-7.9360263412979,0
b2AR-decoy_553,C[C@]12CC[C@@H]3c4cc([N+](=O)[O-])c(O)cc4CC[C@H]3[C@@H]1CC[C@@H]2O,-7.93538934907658,0
b2AR-decoy_151,COc1c(C)c2c(c(O)c1C/C=C(\C)CCC(=O)NCCCCCCNc1ccc([N+](=O)[O-])c3[nH]c4ccccc4c(=O)c13)C(=O)OC2,-7.9342474678525,0
b2AR-decoy_425,C/C(=N\NC(=S)Nc1cccc(C)c1)c1cc2ccccc2o1,-7.93304737072455,0
b2AR-decoy_2543,O=C(N[C@H]1CC[C@H](O)CC1)c1ccccc1Sc1ccc2c(/C=C/c3ccccn3)n[nH]c2c1,-7.93293826006268,0
b2AR-decoy_1553,CCOC(c1ccc(C(F)(F)F)cc1)C(OC(C)(C)C)n1cnc(C)c1,-7.93250427554876,0
b2AR-decoy_1027,Brc1ccc([C@H]2CC[C@@H](OCCCc3cccnc3)O2)cc1,-7.93199524079738,0
b2AR-decoy_1812,COc1ccc(CSc2nc(C(C#N)c3ccccc3)c(C(C)C)c(=O)[nH]2)cc1,-7.93092647611556,0
b2AR-decoy_1698,O=C(NNC(=O)c1cccs1)c1ccc2ccccc2c1,-7.93079161587671,0
b2AR-decoy_1131,CC(C)n1cc(/C=N\NC(=O)c2cc3c(ccc4ccccc43)o2)c2ccccc21,-7.93053393339284,0
b2AR-decoy_921,C/C(=N\OC(=O)Nc1ccccc1)c1sc2ccccc2c1C,-7.93010572871047,0
b2AR-decoy_46,CC[C@H](C1=CC(=O)OC1)[C@@]1(C)CCC2C(CC[C@@H]3C[C@@H](O)CC[C@]23C)C1,-7.92980728001147,0
b2AR-decoy_1785,Cc1ccc(C)c(NC(CC(=O)c2ccccc2)C(=O)OCC(=O)c2cccs2)c1,-7.92733611719766,0
b2AR-decoy_741,CC(C)=CCc1c(O)c(CC=C(C)C)c2c(c1O)C(=O)C[C@@H](c1ccc(O)cc1)O2,-7.92632222087323,0
b2AR-decoy_141,C/C(=N\Nc1nc(c2ccc(c3ccccc3)cc2)cs1)c1cccnc1,-7.921955819919,0
b2AR-decoy_757,CC(C)c1ccccc1OCC(=O)NC1CCCc2ccccc21,-7.91745471707757,0
b2AR-decoy_1569,COCCN(C(=O)CCC(=O)Nc1nccs1)C(C(=O)NC(C)(C)C)c1ccc(F)cc1,-7.91672727892209,0
b2AR-decoy_2965,Nc1ccccc1NC(=O)/C=C/c1ccc(c2nnc(Cc3ccc4ccccc4c3)o2)cc1,-7.91627197128394,0
b2AR-decoy_2943,C=C(c1ccccc1)[C@H]1OOC2(O[C@@H]1c1ccccc1)C1CC3CC(C1)CC2C3,-7.91593579341521,0
b2AR-decoy_668,Clc1ccc(c2csc(N/N=C/c3ccc(n4ccnc4)cc3)n2)cc1,-7.91459551008716,0
b2AR-decoy_2510,CCCN1N=C2/C(=C/c3ccccc3)CSCC2C1c1ccccc1,-7.91126996756551,0
b2AR-decoy_875,O=C(N/N=C/c1cccc(Cl)c1Cl)c1cc2c(s1)CCCC2,-7.90530967278451,0
b2AR-decoy_1817,COC(C)(C)/C=C/C/C(C)=C/Cc1c(O)ccc(C(=O)/C=C/c2ccc(O)cc2)c1O,-7.90477752786463,0
b2AR-decoy_1077,Cc1cccc(NC(=O)CSc2nc(C(F)(F)F)cc(c3ccco3)n2)c1C,-7.90419055868791,0
b2AR-decoy_942,O=C(Nc1nc(c2cccc(Br)c2)cs1)Oc1ccccc1,-7.90293152212458,0
b2AR-decoy_940,CC(Oc1ccc(c2ccccc2)cc1)C(=O)Nc1ccc(Cl)cc1,-7.90271357945498,0
b2AR-decoy_724,Clc1ccc(/C=N/Nc2nc(c3ccc(Cl)c(Cl)c3)cs2)cc1,-7.90240611856376,0
b2AR-decoy_726,Clc1ccc(CSc2nc3ncc(Br)cc3[nH]2)cc1Cl,-7.90075514448689,0
b2AR-decoy_1226,CC(Sc1nnc(c2ccc[nH]2)o1)C(=O)c1ccc(C(C)(C)C)cc1,-7.89295939477093,0
b2AR-decoy_1159,C[C@]12CCC(=O)C[C@@H]1CC[C@@H]1[C@@H]2CC[C@]2(C)[C@@H](O)[C@H](CCCSC#N)C[C@@H]12,-7.89196811890682,0
b2AR-decoy_994,CCC(C)n1nc(C(F)(F)F)cc1/C(CSc1ccccc1)=N/O,-7.89025808801854,0
b2AR-decoy_564,CC(C)[C@]1(O)C=C2C(=O)C=C3C(C)(C)[C@H](O)CC[C@@]3(C)[C@@H]2CC1,-7.88990383354538,0
b2AR-decoy_1249,CCc1nc(Sc2nc(C)cc(C)n2)c2oc3ccccc3c2n1,-7.88817396744274,0
b2AR-decoy_2268,O=C1/C(=N\O)c2c(cccc2c2ccc(C(F)(F)F)cc2)N1Cc1ccc(Cl)cc1,-7.88792831365389,0
b2AR-decoy_1910,Cc1ccccc1c1cc(C(OCc2cccc(C#N)c2)c2cncn2C)ccc1C#N,-7.88733018728651,0
b2AR-decoy_452,C=C[C@]1(C)O[C@]2(C)[C@@H](O)C[C@H]3C(C)(C)CCC[C@]3(C)[C@H]2C[C@@H]1O,-7.88631200814818,0
b2AR-decoy_1882,CC12C=CC(C(=O)O[C@H]3CC[C@H]4[C@@H]5CCC6=CC(=O)CC[C@@H]6[C@H]5CC[C@]34C)(CC1)CC2,-7.88609838376456,0
b2AR-decoy_2101,C[C@]12CC[C@@H]3c4ccc(O)cc4CC[C@H]3[C@@H]1CC(C(=O)NCc1ccncc1)[C@@H]2O,-7.88469426198441,0
b2AR-decoy_2638,C=C[C@@]1(C)CC=C2[C@@H](CC[C@@H]3[C@](C)(C(=O)OCc4cn(Cc5cccc(F)c5)nn4)CCC[C@@]23C)C1,-7.88086824476218,0
b2AR-decoy_2390,CC(C)NC(=O)CC1C[C@H]2[C@@H]3CCc4cc(O)ccc4[C@H]3CC[C@]2(C)[C@H]1O,-7.87987069115481,0
b2AR-decoy_2885,O=C(/C=C/c1ccc(n2ccnc2)cc1)c1ccc(OCc2ccc(Cl)cc2Cl)cc1,-7.878496741839,0
b2AR-decoy_2036,COc1ccc(/C=C2\CCC/C(=C\c3ccc(O)c(OC)c3)C2=O)c(OC)c1,-7.87711115933951,0
b2AR-decoy_115,O=C1NC(=O)/C(=C/c2cc(c3ccccc3)ccc2OCc2ccccc2)S1,-7.87707203829605,0
b2AR-decoy_519,O=C(c1cccc(O)c1)c1ccc(c2ccc(O)cc2)s1,-7.87604694910452,0
b2AR-decoy_2481,CN(C)c1ccc(C2(c3ccc(N(C)C)cc3)C=Cc3ccccc3O2)cc1,-7.87572329675271,0
b2AR-decoy_1943,O=C1CCc2c(Oc3ccc4c(c3)C3C(O4)C3c3nc4cccc(F)c4[nH]3)ccnc2N1,-7.87459155622097,0
b2AR-decoy_1737,CCn1c(SCc2nc(c3cccs3)no2)nnc1c1c[nH]c2ccccc21,-7.87430492933531,0
b2AR-decoy_1912,C[C@]12CC[C@H]3[C@@H](CC(=O)[C@H]4C[C@H](F)CC[C@@]43C)[C@@H]1CC[C@@H]2OC(=O)c1ccccc1,-7.87156944815344,0
b2AR-decoy_1390,FC(F)(F)Oc1ccc(CSc2nnc(c3ccccc3)o2)cc1,-7.87035404521061,0
b2AR-decoy_1968,CC(C)CNc1cncc(COc2cc(/C=C3\SC(=O)N(C)C3=O)c(Br)cc2O)c1,-7.86968055104409,0
b2AR-decoy_1984,CC(C)Cc1ccc(S(=O)(=O)Nc2ccc3[nH]c(=O)[nH]c3c2)cc1,-7.86939280879844,0
b2AR-decoy_1206,COc1ccc(c2csc(N/N=C(\C)c3sc(C)nc3C)n2)cc1,-7.86882043532908,0
b2AR-decoy_776,CN(C)c1ccc(/C=C/C(=O)/C=C/c2ccc3[nH]ccc3c2)cc1,-7.8644484016668,0
b2AR-decoy_1332,Oc1ccc(CC[C@H]2CC=C[C@@H](c3ccc(O)cc3)O2)cc1,-7.86045207636785,0
b2AR-decoy_2872,Clc1sccc1CO[C@@H]1c2ccc3ccccc3c2S[C@@H]1Cn1ccnc1,-7.85873353902388,0
b2AR-decoy_2181,Oc1cccc(c2ccc(c3cn(CSc4ccccc4)nn3)cc2)c1,-7.8523527442502,0
b2AR-decoy_173,CCC(=O)CCCCC[C@@H]1NC(=O)[C@H]2CCCCN2C(=O)[C@H]([C@@H](C)CC)NC(=O)[C@H](CC(=O)Cc2ccccc2)NC1=O,-7.84713946594751,0
ASD03130027,Nc1nc(Nc2ccccc2)nc2ccc(C(F)(F)F)cc12,-7.84623499267741,1
b2AR-decoy_3000,N#Cc1cc(Oc2ccc(c3cc([C@H](O)CO)cc(C(N)=O)n3)cc2)ccc1C(F)(F)F,-7.84412686135026,0
b2AR-decoy_3095,CCc1nnc(NC(=O)/C(C#N)=C/c2ccc(OCc3ccccc3Br)c(OC)c2)s1,-7.84374340423013,0
b2AR-decoy_1580,O=C(N[C@@H]1CO[C@@H]2[C@H](OCc3ccccc3)CO[C@@H]21)/C(=C/c1ccccc1)NC(=O)c1ccccc1,-7.84369450843082,0
b2AR-decoy_1914,O=C(CSc1nnc(c2ccc(N=C=S)cc2)o1)c1ccc(Cl)cc1Cl,-7.84338488001289,0
b2AR-decoy_1153,CCCCCCC(C)(C)c1cc(O)c2c(c1)oc(=O)c1ccc(C)cc12,-7.8426633706729,0
b2AR-decoy_365,COc1ccc(c2ccc(c3cc(=O)c4ccc(O)cc4o3)s2)cc1,-7.83761444619533,0
b2AR-decoy_613,Cc1cc(=O)c(c2ccc(Oc3ccc(Cl)cc3)cc2)c(C)n1O,-7.83648845870143,0
b2AR-decoy_2209,N#CSC[C@@H]1C[C@](O)(c2ccccc2)[C@@H](c2ccccc2)[C@H](c2ccc(F)cc2)O1,-7.8344692688815,0
b2AR-decoy_1585,CC(NC(=O)COc1ccc(/C=N/NS(=O)(=O)c2ccccc2)cc1)c1ccccc1,-7.83366487810423,0
b2AR-decoy_887,COc1cc(c2nnc(SCc3ccc(Cl)cc3)o2)ccc1O,-7.83358117165908,0
b2AR-decoy_96,COc1cc2c(cc1OC)Sc1ncnc(Sc3cccc(Cl)c3)c1NC2,-7.83274177758832,0
b2AR-decoy_2974,CC(C)c1ccc(C2ON=C(c3ccc(C4=NOC(c5ccc(C(C)C)cc5)O4)cc3)O2)cc1,-7.83242281242006,0
b2AR-decoy_341,C/C(=N\Nc1nc(c2ccc(c3ccccc3)cc2)cs1)c1ccncc1,-7.83108047099267,0
b2AR-decoy_2403,Cc1ccc(COc2cc(O)cc3oc4cc(O)c(O)cc4c(=O)c23)cc1,-7.83069701738191,0
b2AR-decoy_2484,Cc1cc(=O)oc2cc(OCc3cc(c4ccc(Cl)c(Cl)c4)no3)ccc12,-7.83012407477196,0
b2AR-decoy_3020,CC(CO)Cc1cc(Oc2ccc(S(C)(=O)=O)cc2)cc(C(=O)Nc2nccs2)c1,-7.82989957244899,0
b2AR-decoy_2359,Nc1ccccc1C(=O)N/N=C/c1c2ccccc2[nH]c1c1ccc(O)cc1,-7.82803436252761,0
b2AR-decoy_2752,O=C(C(Nc1ccccc1F)c1ccc(c2ccncc2)cc1)N1CCCC1c1ccccc1F,-7.82617864271893,0
b2AR-decoy_1654,O=C(/C=C/c1ccccc1)c1ccc(OCc2cc(c3cccs3)no2)cc1,-7.82000461848077,0
b2AR-decoy_2025,CCc1ccc2oc(C(=O)NCc3ccc(S(N)(=O)=O)cc3)c(C)c2c1,-7.81953737371957,0
b2AR-decoy_990,O=C(Nc1nnc(c2cccs2)o1)c1ccc(SC(F)(F)F)cc1,-7.81585814085195,0
b2AR-decoy_1078,CC(=O)c1cccc(c2cc(c3cnn(CC#N)c3c3cc(C)cc(O)c3)ccn2)c1,-7.81455894781406,0
b2AR-decoy_1622,COc1ccc(N2CCN(C(=O)C(C)c3ccc(CC(C)C)cc3)CC2)cc1,-7.81054243352431,0
b2AR-decoy_1669,O=C(N/N=C1/CC2CCC1C2)c1cc2ccccc2cc1O,-7.81031624385776,0
b2AR-decoy_2847,COc1ccc(F)cc1C(C)(C)CC(O)(Cc1cccc(Cl)c1Cl)C(F)(F)F,-7.8101587737887,0
b2AR-decoy_1773,C[C@H](NC(=O)C1CC1)c1ccc(OC2CCN(c3ccc(OCC4CC4)cc3)C2)cc1,-7.80866047049379,0
b2AR-decoy_177,O=C(CCc1c[nH]c2ccc(Br)cc12)NCCSSCCNC(=O)CCc1c[nH]c2ccc(Br)cc12,-7.80605790325203,0
b2AR-decoy_2133,S=C(N/N=C/c1ccc2[nH]ccc2c1)Nc1ccc(Br)cc1,-7.80471622644411,0
b2AR-decoy_150,CCc1ccncc1C1=CC=C2[C@@H]3CCC4CC(=O)CC[C@]4(C)[C@H]3CC[C@]12C,-7.80471274616096,0
ASD03130068,Cc1ccc2nc(Nc3ccc(F)c(F)c3)nc(NC3CCCCC3)c2c1,-7.80100275082865,1
b2AR-decoy_1992,CC(/C=C/C(=O)Nc1ccccc1N)=C\C1(C)Oc2cc(N(C)C)ccc2C1=O,-7.80073366503248,0
b2AR-decoy_2574,C=C(C)C(=O)c1ccc(OCc2nc(c3ccc(C(F)(F)F)cc3)cs2)cc1Cl,-7.80061372195962,0
b2AR-decoy_2554,CC(C)=CCCC(C)(O)C1Cc2c(c(CC=C(C)C)c(O)c3c(=O)c4cc(O)ccc4oc23)O1,-7.79704292987447,0
b2AR-decoy_2161,CC1=Nc2cc(C(=O)NCc3ccco3)ccc2Sc2ccc(C)cc21,-7.79313532560211,0
b2AR-decoy_2114,Nc1ncc(c2ccc(c3ccccc3C(=O)N3CCC[C@@H](O)C3)cc2F)cn1,-7.79273712262849,0
b2AR-decoy_1000,CC(C)(C)c1ccc(CSc2nnc(c3ccc4[nH]cnc4c3)o2)cc1,-7.7926674272589,0
b2AR-decoy_769,C(=C/c1n[nH]c2cc(c3ccncc3)ccc12)\c1ccc2c(c1)OCO2,-7.78957030223176,0
b2AR-decoy_1106,COc1ccc(c2ccc(Oc3cncc4sc(C5=NNN=N5)cc34)cc2)cc1,-7.7881906125444,0
b2AR-decoy_2187,Oc1ccc(c2ccc(c3cn(CSc4ccccc4)nn3)cc2)cc1,-7.78480593656741,0
b2AR-decoy_531,O=C1C[C@H]2[C@@H](C1)c1cc(O)ccc1O[C@H]2c1ccc(O)cc1,-7.7841737663913,0
b2AR-decoy_1091,Cc1ccc(NC(=O)c2nc[nH]c2C(=O)Nc2ccccc2)c(c2ccsc2)c1,-7.78363846140189,0
b2AR-decoy_2031,Nc1nc(SCC(=O)c2ccc(Br)cc2)c2nc[nH]c2n1,-7.78312799477202,0
b2AR-decoy_5,Cc1ccc2c(c1)N/C(=C\C(=O)c1ccc(c3ccccc3)cc1)C(=O)O2,-7.78245952008252,0
b2AR-decoy_468,CC(C)c1cc2c(cc1O)[C@@]1(C)CCC[C@@]3(C)CO[C@@H]([C@@H]2O)[C@H]13,-7.78010951604374,0
b2AR-decoy_700,CC(=O)N1N=C(c2ccccc2O)CC1c1ccc(c2ccc(Cl)c(Cl)c2)o1,-7.77669064101542,0
b2AR-decoy_2059,[C-]#[N+]c1ccc(N[C@@H](c2nnc(c3ccc(O)cc3)o2)[C@H](C)O)c(C)c1Cl,-7.7756352008297,0
b2AR-decoy_2984,Fc1cc(F)cc(c2ccc(CSc3nnc(c4ccc5c(c4)OCO5)o3)cc2)c1,-7.77483689889237,0
b2AR-decoy_1183,O=C(CSC1c2ccccc2-c2ccccc21)N/N=C/c1ccccc1,-7.77410915557723,0
b2AR-decoy_764,O=C1CCCc2c1c(SC1CCCC1)sc2c1cc[nH]n1,-7.77203252031154,0
b2AR-decoy_1133,CC(C)N1C(=O)S/C(=C\c2ccc(Sc3nc4ccccc4[nH]3)cc2)C1=O,-7.76967495577878,0
b2AR-decoy_693,CC(C)=CCc1cc(c2coc3c(CC=C(C)C)c(O)cc(O)c3c2=O)ccc1O,-7.76950876919782,0
b2AR-decoy_1194,COc1cc(C[C@H]2COC[C@@H]2Cc2ccc(Cl)c(Cl)c2)ccc1O,-7.76934007789398,0
b2AR-decoy_2968,Cc1ccc(C(=O)SC(Cn2ccnc2)c2ccc(Cl)cc2Cl)cc1,-7.76797754684596,0
b2AR-decoy_2062,COc1ccccc1c1ccc(Oc2cncc3sc(C4=NNN=N4)cc23)cc1,-7.76782234875858,0
b2AR-decoy_2830,Cc1ccc(S/C(=C/c2ccc(N(C)C)cc2)C(=O)c2ccc(Br)cc2)cc1,-7.76641383014844,0
b2AR-decoy_2797,CC(C)Cc1ccc(C(C)c2nnc(COc3ccc(c4ccccc4)cc3)o2)cc1,-7.76539927968871,0
b2AR-decoy_44,O=C1Nc2ccccc2/C1=C\c1cccc(Oc2ccccc2)c1,-7.76286752945341,0
b2AR-decoy_1123,CC(C)(C)c1ccc([C@@H]2C[C@H]2C(=O)N/N=C/c2ccc(C(F)(F)F)cc2)cc1,-7.7545071506154,0
b2AR-decoy_3133,CCc1ccc(c2ccc(C(=O)NCC(=O)NCc3ccccc3C(F)(F)F)cc2)cc1,-7.75409497499766,0
b2AR-decoy_1736,Cc1ccc(C2(O)OC(=O)C(c3ccc4c(c3)OCO4)=C2Cc2ccccc2)cc1,-7.75395241466734,0
b2AR-decoy_923,COc1cc2c(cc1NC(=O)COc1cc(C)cc(C)c1)oc1ccccc12,-7.75371962656633,0
b2AR-decoy_2848,COc1cccc(/C=C/C(=O)OC[C@@]2(C)CCC[C@]3(C)[C@@H]2CC[C@@]24C=C[C@@](C)(CC[C@@H]32)C4)c1,-7.75334124149248,0
b2AR-decoy_2255,CC1CCC(OC(=O)NC(=O)c2cc(c3ccc(OC(F)(F)F)cc3)cs2)CC1,-7.75262635296324,0
b2AR-decoy_2335,CC(C)C(CC1NC(=O)NC1=O)c1ccc(c2ccc3cccc(F)c3c2)[nH]c1=O,-7.75162909179462,0
b2AR-decoy_438,Cc1c(O)cc(C#N)c2cc(c3ccc(O)c(F)c3)ccc12,-7.74619795189638,0
b2AR-decoy_626,COc1ccc(c2ccc(/C=N/Nc3ccc(F)cc3)s2)cc1,-7.7453918784856,0
b2AR-decoy_3046,C=C1OC(C)=N[C@]12CC[C@H]1[C@@H]3CCC4=CC(=O)CCC4=C3[C@@H](c3ccc(N(C)C)cc3)C[C@@]12C,-7.74536006600534,0
b2AR-decoy_2952,FC(F)(F)c1cc(CSc2nnc(c3ccncc3)n2Cc2ccco2)ccc1Cl,-7.74517709092187,0
b2AR-decoy_638,Fc1c(/N=N/Nc2cccc(C(F)(F)F)c2F)cccc1C(F)(F)F,-7.74495334041465,0
b2AR-decoy_1032,CCCCCCC[S+]([O-])C1=CC(=O)c2ccccc2C1=O,-7.74262534430494,0
b2AR-decoy_362,CCCc1cc(c2ccc(Oc3ccc(C#N)cc3O)c(Cl)c2)no1,-7.74193242678489,0
b2AR-decoy_2329,O=C1C[C@@H](c2ccc(O)cc2)Oc2cc(O)c(Cc3ccccc3O)c(O)c21,-7.73899525979426,0
b2AR-decoy_1307,COc1ccc(/C=C/C(=O)/C=C/c2ccc(OC)cc2)cc1,-7.73894196049811,0
b2AR-decoy_369,Nc1ccc(c2cc(=O)c3c(N)c(F)c(Br)c(F)c3o2)cc1F,-7.72756783274257,0
b2AR-decoy_2342,O=C1C[C@@H](c2ccccc2)Oc2cc(O)c(Cc3cccc(O)c3O)c(O)c21,-7.72581880811584,0
b2AR-decoy_1630,O=C1S/C(=C\c2ccc(OCc3ccccc3)cc2)C(=O)N1Cc1ccc(F)cc1,-7.72568063528203,0
b2AR-decoy_1723,O=c1c(Cl)c(N/N=C/c2ccc(Br)cc2)cnn1c1ccccc1,-7.72378073619032,0
b2AR-decoy_420,O=C1NC(=O)/C(=C/c2cn(Cc3ccc(F)cc3)c3ccccc23)N1,-7.72053062250475,0
b2AR-decoy_510,Cc1ccc(/C=C/C(=O)c2ccc(O)cc2O)cc1,-7.71896561607149,0
b2AR-decoy_126,C(=N/Nc1nc(c2ccc(c3ccccc3)cc2)cs1)\c1cccnc1,-7.71835900455636,0
b2AR-decoy_708,[C-]#[N+]c1ccc(COc2c(C3CCC3)ccc(c3cnc4c(c3)OCCN4)c2F)cc1,-7.71772848256253,0
b2AR-decoy_2607,COc1ccc2c(c1)C/C(=C/c1ccccc1c1ccc3ccccc3c1)C2=O,-7.71728851900616,0
b2AR-decoy_1758,CC1(C)CN(Cc2ccc(O)cc2)C(=O)C1Oc1ccc(C#N)c(C(F)(F)F)c1,-7.71697093176084,0
b2AR-decoy_597,O=C(Nc1nccs1)c1cccc(c2ccc3ccccc3c2)c1,-7.71475873444523,0
b2AR-decoy_702,Brc1ccc(c2csc(N/N=C/c3ccc(n4ccnc4)cc3)n2)cc1,-7.71119096929874,0
b2AR-decoy_2825,Cc1noc(c2ccc3c(c2)c2c(n3CCCSc3cc(F)cc(F)c3)CCC(F)(F)C2)n1,-7.71096463972575,0
b2AR-decoy_520,Oc1ccc(c2nc3ccccc3s2)c(O)c1,-7.70944589816256,0
b2AR-decoy_52,CC1(C)CC(/C=C/c2ccc3ccc4cccc5ccc2c3c45)=[N+]([O-])C1OCCO,-7.70788022730853,0
b2AR-decoy_338,CC(C)c1ccc(C(=O)NN(C(=O)c2ccccc2Cl)C(C)(C)C)cc1,-7.707493117466,0
b2AR-decoy_578,O=C(Nc1cc(Cl)c(O)cc1O)C1(c2cccc(O)c2)CCC1,-7.70603941745002,0
b2AR-decoy_834,CC(C)[C@@H]1CC[C@]2(C)[C@H]3CC[C@]2(C)[C@H](OC(=O)/C=C/c2ccc(O)cc2)[C@@H]13,-7.70487606731662,0
b2AR-decoy_883,Cc1ccc(/C=N/Nc2nc(c3ccc(F)cc3)cs2)cc1,-7.70291411559263,0
b2AR-decoy_2131,CCCCC(=O)c1c(CC(=O)OC)cc2c(c1O)C(=O)c1c(O)cccc1C2=O,-7.69806573352921,0
b2AR-decoy_992,COc1ccc(c2ccc(C(=O)c3c(F)ccc(O)c3F)s2)cc1,-7.69800647000071,0
b2AR-decoy_1606,O=C(NCC1CN(c2ccc(NS(=O)(=O)CCCCl)cc2)C(=O)O1)c1ccc(Cl)s1,-7.69690548240345,0
b2AR-decoy_1926,CC(C)=CCC/C(C)=C/Cc1cc([C@@H]2CC(=O)c3c(O)cc(O)cc3O2)c(O)cc1O,-7.69528102180868,0
b2AR-decoy_830,Cc1ccc(C(=O)c2oc3cc(O)ccc3c2c2cccc3ccccc32)c(C)c1,-7.68972896728284,0
b2AR-decoy_1703,COCC(=O)N1CCCC(C(=O)c2ccc(C(F)(F)F)cc2)C1,-7.68864080119293,0
b2AR-decoy_15,Cc1sc(NC(=O)/C=C/c2ccc(C(C)C)cc2)c(C#N)c1C,-7.68786325363219,0
b2AR-decoy_989,O=C(CC(Sc1ccccc1)c1ccco1)c1ccccc1O,-7.68600527318874,0
b2AR-decoy_1053,O=C(/C=C/CCCCc1ccc2c(c1)OCO2)N1CCCC1,-7.68297868557771,0
b2AR-decoy_45,Oc1csc(Cc2nc(c3ccc4ccccc4c3)cs2)n1,-7.68272974620734,0
b2AR-decoy_1953,N#Cc1ccc(C(c2c(O)c3ccccc3oc2=O)c2c(O)c3ccccc3oc2=O)cc1,-7.68200147751382,0
b2AR-decoy_236,COc1cc([C@H](O)[C@H](COC(=O)/C=C/c2ccc(O)cc2)Oc2ccc(/C=C/COC(=O)/C=C\c3ccc(O)cc3)cc2OC)ccc1O,-7.67998160075477,0
b2AR-decoy_274,COc1ccc(C(=O)Nc2ccc(CNc3ccc(c4nc5cc(CC(=O)N[C@@H](CCCC[NH3+])C(=O)[O-])ccc5o4)cc3F)cc2)cc1Br,-7.67813353617831,0
b2AR-decoy_707,Oc1cccc2ccc(/C=C/c3ccc(c4cccc(Br)c4)o3)nc12,-7.67676765027987,0
b2AR-decoy_1753,Cc1ccc(c2csc3ncnc(SCC(=O)NCC4CCCO4)c32)cc1,-7.67560926967369,0
b2AR-decoy_2005,C/C(=N\NC(=O)Nc1n[nH]c(=S)s1)c1ccc(Br)cc1,-7.67123035386788,0
b2AR-decoy_512,CCO/C(O)=C\C1=Nc2cc(C)c(C)cc2NC(=O)C1,-7.6707257990053,0
b2AR-decoy_2130,O=C(/C=C/c1ccccc1S(=O)(=O)Nc1ccc2ccccc2c1)NO,-7.67066650819976,0
b2AR-decoy_394,CC(=O)[C@H]1CC[C@H]2[C@@H]3CC[C@@H]4C[C@H](O)CC[C@]4(C)[C@H]3[C@@H](O)C[C@]12C,-7.66866579156071,0
b2AR-decoy_2901,CC(=O)N1C[C@@H](O[C@@H](C)c2cc(C(F)(F)F)cc(C(F)(F)F)c2)[C@H](c2ccccc2)C1,-7.66798244454791,0
b2AR-decoy_2169,Cc1ccc(c2csc(N/N=C/c3ccc(N4CCCC4)cc3)n2)cc1,-7.66491197473754,0
b2AR-decoy_2034,Cc1cccc(NC(=O)CSc2n[nH]c(c3ccccc3O)n2)c1C,-7.66409971390992,0
b2AR-decoy_2802,FC(F)(F)c1cc(CSc2nnc(c3ccccn3)n2Cc2cccs2)ccc1Cl,-7.66367297315688,0
b2AR-decoy_853,COc1ccc(COc2ccc3c(c2)C(C)=CC(C)(C)N3)cc1,-7.66327666167785,0
b2AR-decoy_651,CC(=O)O[C@H]1CC[C@@]2(C)[C@@H](CC=C3[C@@H]2CC[C@@]2(C)[C@H]3CC[C@@H]2[C@H](C)CO)C1,-7.66321277300549,0
b2AR-decoy_1129,Cc1ccccc1OP(=O)(Nc1ccccn1)Oc1ccccc1C,-7.65947985878115,0
b2AR-decoy_239,C[C@H]1CN([C@H](C)CO)C(=O)Cc2cc(NC(=O)Cc3cn(C)c4ccccc34)ccc2O[C@H]1CN(C)S(=O)(=O)c1ccccc1,-7.65939399161133,0
b2AR-decoy_1858,O=C1C[C@H](C(=O)Nc2cc(c3cccc(COCCC(F)(F)F)c3)n(c3ccccc3)n2)CN1,-7.65816389911606,0
b2AR-decoy_596,C=C[C@@]1(C)CC[C@H]2[C@](O)(CC[C@@H]3[C@]2(C)CCC[C@@]3(C)COC(C)=O)C1,-7.65696005080973,0
b2AR-decoy_3053,C[C@]12C[C@H](c3ccc(c4cccnc4)cc3)C3=C4CCC(=O)C=C4CC[C@H]3[C@@H]1CCC21CCCC1=O,-7.65580453595769,0
b2AR-decoy_402,O=C(NNC(=O)c1ccc(n2cccc2)cc1)c1ccc(Cl)cc1,-7.65493677926468,0
b2AR-decoy_1930,COc1ccc(F)cc1C(C)(C)CC(O)(Cc1cc2cc(F)ccc2[nH]1)C(F)(F)F,-7.65100834565654,0
b2AR-decoy_1198,CC(Oc1ccc(Cl)cc1Cl)C(=O)NCCC1=CCCCC1,-7.64933617468874,0
b2AR-decoy_350,CC(C)(C)c1ccc(SCC(c2ccncc2)c2c[nH]cn2)cc1,-7.64835907682134,0
b2AR-decoy_715,CCC(=O)C1=C(CC)NC2=C(C(=O)CC(C)(C)C2)C1c1ccc(c2ccccc2)cc1,-7.64535903623325,0
b2AR-decoy_1564,COc1ccc([C@H]2[C@H](C(O)c3ccc(O)cc3)C(=O)N2c2cc(OC)c(OC)c(OC)c2)cc1,-7.64454474150445,0
b2AR-decoy_2244,C[C@]12CCC(=O)C[C@@H]1CC[C@@H]1[C@@H]2CC[C@]2(CCOCc3cc(F)cc(F)c3)[C@@H](O)CC[C@@H]12,-7.64355551178617,0
b2AR-decoy_1653,O=C(/C=C/c1ccccc1)c1ccc(OCc2cc(c3ccccc3)no2)cc1,-7.64075672747472,0
b2AR-decoy_1845,CCOc1ccccc1NC(=O)CSc1ncc(S(=O)(=O)c2ccc(C(C)(C)C)cc2)c(=O)[nH]1,-7.6376733205233,0
b2AR-decoy_1189,COc1cc(/C=C/C(=O)/C=C/c2cccc(C(F)(F)F)c2F)ccc1O,-7.63747339101081,0
b2AR-decoy_1391,O=C1c2c(O)cccc2C(=CCCc2ccccc2)c2cccc(O)c21,-7.6372566845738,0
b2AR-decoy_58,Brc1ccc(CSc2nnc(Cc3c[nH]c4ccccc34)o2)cc1,-7.63586782041932,0
b2AR-decoy_1506,C=C(C)Cn1c(SCC(=O)c2cccs2)nc2sc3c(c2c1=O)CCOC3,-7.63503864320779,0
b2AR-decoy_2812,Clc1ccc(COC2c3c(Cl)cc(Cl)cc3SC2Cn2ccnc2)c(Cl)c1,-7.63477983031922,0
b2AR-decoy_1759,O=C(Nc1nnc(SCc2ccc([N+](=O)[O-])cc2)s1)c1ccc(F)cc1,-7.63306294139319,0
b2AR-decoy_2431,Cc1cc2c(cc1C)C(Cl)=C(c1nnc(c3ccc(F)cc3)o1)CCC2,-7.6321234198372,0
b2AR-decoy_1360,C=C(c1cc(SC)nc(SC)c1)c1ccc2c(c1)c(C#N)cn2C,-7.63197544442802,0
b2AR-decoy_665,CC1(C)CC(=O)c2c(SCCc3ccccc3)sc(c3cc[nH]n3)c2C1,-7.63079874979691,0
b2AR-decoy_481,Oc1nc2sccc2c(O)c1c1ccccc1,-7.63071123975315,0
b2AR-decoy_1999,CC(C)C(=O)c1c(O)cc(O)c2c1O[C@@]1(C)CC[C@H](C(C)(C)O)O[C@H]1C2,-7.62896261368797,0
b2AR-decoy_877,C/C(=N\Nc1nc(c2ccccc2)c(C)s1)c1ccccc1,-7.62808217249666,0
b2AR-decoy_1105,CCOc1ccc2nc(/N=C/c3c(C)nn(c4ccc(C)cc4)c3O)sc2c1,-7.62784991661981,0
b2AR-decoy_201,CCC(CC)COC(=O)[C@H](C)NP(=O)(OCCOCn1cc(c2cnc(N)nc2OC)cn1)Oc1ccccc1,-7.62780068999574,0
b2AR-decoy_1113,COc1ccc2c(C)c(Oc3c(Cl)c(Cl)c(O)c(C#N)c3C#N)oc2c1,-7.62657527251364,0
b2AR-decoy_1103,O=C1/C(=C/c2ccc(O)cc2)Cc2ccccc2/C1=C\c1ccc([N+](=O)[O-])cc1,-7.62655281373301,0
b2AR-decoy_2414,Fc1ccc2c(c1)[C@@H](OCc1ccc(Cl)c(Cl)c1)[C@@H](Cn1ccnc1)S2,-7.62615019871568,0
b2AR-decoy_2339,C[C@H](O)[C@@H](CCc1ccccc1C(F)(F)F)n1cnc2c(N)ncnc21,-7.62199899555946,0
b2AR-decoy_405,Cc1cc(NS(=O)(=O)c2cc3c(cc2F)NC(=O)CC3)ccc1F,-7.62135046792359,0
b2AR-decoy_1026,COc1ccc(CS/C=C/C[S+]([O-])Cc2ccc(OC)cc2)cc1,-7.62102907751366,0
b2AR-decoy_1913,O=C(CC(C(=O)c1cccs1)c1ccsc1)c1ccc(Cl)cc1,-7.61993760201639,0
b2AR-decoy_1242,c1ccc(n2nnnc2SCCCSc2nc3ccccc3s2)cc1,-7.61899573707574,0
b2AR-decoy_33,CC[C@H](C)C(=O)c1c(O)cc(OC)c2c1O[C@]1(C)C=C[C@@H](C(C)C)C[C@H]21,-7.61755773768198,0
b2AR-decoy_916,Fc1cc(F)cc(/C=C/c2n[nH]c3cc(c4ccncc4)ccc23)c1,-7.61349484599781,0
b2AR-decoy_594,Cc1ccc(c2ccc3occ(c4ccc(C(C)O)cc4)c3c2)o1,-7.61012108013962,0
b2AR-decoy_1134,CC1CC1c1ccc(/C=C(\C#N)C(=O)Nc2ccc(Cl)cc2Cl)o1,-7.60990394480126,0
b2AR-decoy_2540,CN(C)C(=S)Nc1cccc(c2nnc(SCC(=O)c3ccc(Cl)cc3Cl)o2)c1,-7.60805899934644,0
b2AR-decoy_2920,CC(=O)N[C@@H](C)/C=C/c1ccc(Oc2ccc3nc(C(C)C)sc3c2C(F)(F)F)nc1,-7.60694015384089,0
b2AR-decoy_2989,CCC1Sc2ccc(S(=O)(=O)CCC(=O)Nc3ccccc3Cl)cc2NC1=O,-7.60692046975225,0
b2AR-decoy_1830,O=C(COC(=O)c1ccccc1NS(=O)(=O)c1cccs1)NCC12CC3CC(CC(C3)C1)C2,-7.60613643402102,0
b2AR-decoy_507,Oc1ccc(c2nc3ccccc3s2)cc1O,-7.60607391429819,0
b2AR-decoy_2326,O=C(NC(C(=O)NO)c1ccc(c2cc(F)c(F)c(F)c2)cc1)C1CCOCC1,-7.60472907981289,0
b2AR-decoy_242,CC(C)c1ccc(c2c(NS(=O)(=O)NCc3ccccc3)ncnc2OCCOc2ncc(Br)cn2)cc1,-7.60072602324472,0
b2AR-decoy_529,C[C@H]1C(=O)[C@@]23CC[C@@H]4[C@](C)(CO)CCC[C@@]4(C)C2=CC[C@]1(O)C3,-7.59949533176154,0
b2AR-decoy_1728,COc1ccc(CSc2nc(C(C#N)c3cccc(F)c3)c(C)c(=O)[nH]2)cc1,-7.59901790310484,0
b2AR-decoy_183,CCCC[C@H](NC(=O)[C@@H]1[C@H]2[C@@H](CN1C(=O)[C@@H](NC(=O)NC1([C@H]3CCCS3(=O)=O)CCCCC1)C(C)(C)C)C2(C)C)C(=O)C(=O)NC1CC1,-7.59857208766916,0
b2AR-decoy_154,Cc1ccc(Cn2c(CCNc3nc(c4ccc(Cl)c([N+](=O)[O-])c4)cs3)nc3cc(C(=O)NCCCO)ccc32)cc1,-7.59734217396973,0
b2AR-decoy_1754,OCCCCn1c(Cn2c(C(F)(F)F)nc3ccccc32)nc2ccccc21,-7.59594450056117,0
b2AR-decoy_2294,CC(C)(C)c1ccc(OP(C)(=O)Nc2ccc(SC(F)(F)F)cc2)cc1,-7.59412513298432,0
b2AR-decoy_1887,CN1C(=O)CC[C@@]2(C)C1=CC[C@H]1[C@@H]3CC=C(c4cncc(C(F)F)c4)[C@@]3(C)CC[C@@H]12,-7.59066217158041,0
b2AR-decoy_547,O=C1/C(=C/c2cccc(Br)c2)Oc2cc(O)cc(O)c21,-7.59056535980003,0
b2AR-decoy_2630,CCCCCc1ccc(c2cn(CC(=O)N3c4ccccc4Sc4ccc(C(F)(F)F)cc43)nn2)cc1,-7.58994779631609,0
b2AR-decoy_1667,Cc1ccc(Cl)c(OC(=O)C2CSC3(C)CCC(=O)N23)c1,-7.5864590724392,0
b2AR-decoy_1283,CN(C)C(=O)Oc1ccc(OC/C=C/COc2ccc(C(F)(F)F)cc2)cc1,-7.5843884147348,0
b2AR-decoy_817,CC(CCCc1ccc(F)cc1)c1cc(O)c2c(c1)OC(C)(C)c1ccncc1-2,-7.58437382023448,0
b2AR-decoy_847,Cc1c(O)nc(SCc2cccc(F)c2)nc1Cc1c(Cl)cccc1Cl,-7.58241166460107,0
b2AR-decoy_2206,CC[C@@]12CC[C@](O)(c3ccccc3)C[C@H]1CCc1cc(OCc3cccnc3C)ccc12,-7.58240272073013,0
b2AR-decoy_1297,Cc1ccc(SCc2nc(c3ccncc3)no2)cc1,-7.58038643406702,0
b2AR-decoy_2094,O=c1cc(c2cc(O)c(O)c(Cc3ccccc3Cl)c2)oc2cc(O)cc(O)c12,-7.58019200393684,0
b2AR-decoy_1180,COc1ccc(C[C@H]2COC[C@@H]2Cc2ccc(Cl)c(Cl)c2)cc1O,-7.57983246999346,0
b2AR-decoy_2597,Fc1ccc(/N=C2/c3ccccc3/C(=N/c3ccc(F)cc3)c3occc32)cc1,-7.57665127712955,0
b2AR-decoy_841,COc1ccc(c2coc3c(C(=O)NCc4cccs4)cccc32)c(C)c1,-7.57550876747194,0
b2AR-decoy_832,O=c1c2ccc(O)cc2oc(SCc2ccccc2)c1c1ccccc1,-7.56612307299395,0
b2AR-decoy_2801,CC1(C)C(c2ccccc2)=NN(C(=O)COc2cccc3cccnc23)C1c1ccccc1Cl,-7.56333053606849,0
b2AR-decoy_1668,C=C1C(=O)O[C@H]2[C@H]1CCC(=C)[C@@H]1C[C@H](OC(=O)C=C(C)C)C(=C)[C@H]21,-7.56045631704898,0
b2AR-decoy_1743,COc1ccc(c2cn3c(C(=O)Nc4cc(C)ccc4C)csc3n2)cc1,-7.5595076310179,0
b2AR-decoy_2306,C=C[C@]1(C)C=C2C(=O)C(O)=C3[C@@]4(C[C@@H]4C[C@@H](O)[C@@]3(C)COC(=O)C(C)C)[C@@]2(O)CC1,-7.5570683223897,0
b2AR-decoy_3063,O=C1OC[C@H]2[C@@H]1Cc1c(F)cc(F)cc1[C@@H]2/C=C/c1ccc(c2cccc(C(F)(F)F)c2)cn1,-7.55680064935388,0
b2AR-decoy_2162,CC(C)(C)c1ccc(OCc2ccc(C(=O)N/N=C3\CC4CC=CC34)cc2)cc1,-7.55079605650363,0
b2AR-decoy_1777,CCN(CC(=O)Nc1ccccc1C(F)(F)F)C(=O)/C=C/c1ccc(Cl)c([N+](=O)[O-])c1,-7.55048056259731,0
b2AR-decoy_1165,Cn1nc(C(C)(C)C)cc1NCc1coc(c2ccc(C(C)(C)C)cc2)n1,-7.54800467768044,0
b2AR-decoy_3044,Cn1cncc1C(OCc1ccc(C#N)cc1)c1ccc(C#N)c(c2ccccc2C(F)(F)F)c1,-7.54652630369294,0
b2AR-decoy_2492,Cc1nc2cc(OC(=O)N(C)Cc3cccc(c4ccncc4)c3)ccc2s1,-7.54639654495761,0
b2AR-decoy_2178,C[C@@H](Cn1ccc(c2ccc(C#N)c(Cl)c2)n1)Nc1cccc2cccnc12,-7.54496882676141,0
b2AR-decoy_1665,COc1cccc(c2nnc3sc(/C=C/c4ccco4)nn32)c1,-7.5441086004931,0
b2AR-decoy_1617,Cc1nc(C)c(CNc2nc(OCC3CC3c3ccncc3)nc(Cl)c2C)s1,-7.54072773752604,0
b2AR-decoy_1151,CC(C)c1ccc(c2[nH][nH]c(=O)c2Cc2c(O)ccc3nc(Cl)ccc23)cc1,-7.53893762856317,0
b2AR-decoy_1700,Cc1cccc(c2nnc(SCC(=O)C(C)(C)C)n2C)c1,-7.53855879362015,0
b2AR-decoy_502,Oc1ccc(C2CSc3ccc(O)cc3O2)cc1,-7.53574502770412,0
b2AR-decoy_2621,FC(F)(F)Oc1ccc(c2cn(CC3=C(Cl)c4ccc(c5cccs5)nc4CC3)nn2)cc1,-7.53556172279124,0
b2AR-decoy_1626,CC(C)CCCN1CC(C)(C)C(Oc2ccc(C#N)c(C(F)(F)F)c2)C1=O,-7.53424806329038,0
b2AR-decoy_1115,Cc1ccc(NC(=O)CSc2nc(C(F)(F)F)cc(c3ccco3)n2)cc1C,-7.53367310039969,0
b2AR-decoy_975,O=C1C(Sc2ccccc2)=C(Sc2ccccc2)C(=O)c2[nH]ccc21,-7.53241022232055,0
b2AR-decoy_1689,CC1CN(C(=O)c2ccc3c(c2)OCO3)OC(c2ccccc2)O1,-7.53161803915301,0
b2AR-decoy_140,Cc1ccc(N=Nc2c(C)[nH]n(c3ccccc3)c2=O)cc1Br,-7.53066925651479,0
b2AR-decoy_1227,CCC(=CCc1c(O)cc2c(c1O)C(=O)CC(c1ccccc1O)O2)CC,-7.53022723274082,0
b2AR-decoy_2202,Cc1nc(c2ccc(C(C)Nc3cnn(c4ccccc4)c(=O)c3Cl)cc2)cs1,-7.52730110696291,0
b2AR-decoy_1092,Cc1[nH]c2ccc(c3nnc(SCC(=O)c4ccccc4F)o3)cc2c1C,-7.52716615538264,0
b2AR-decoy_2086,N#Cc1ccc(Oc2ccc3nc(C(=O)NCc4cccs4)ccc3c2)cc1,-7.52639913574432,0
b2AR-decoy_1346,Cc1cc(C)c(C#N)c(SCC(=O)c2ccc(Cl)cc2Cl)n1,-7.52555064349015,0
b2AR-decoy_933,Cc1[nH]n(c2ccccc2)c(=O)c1N=Nc1c(Cl)cccc1Cl,-7.5255019860537,0
b2AR-decoy_2397,CCCCn1cc(/C=C2\Oc3cc(O)cc(O)c3C2=O)c2cccc(O)c21,-7.52506218051137,0
b2AR-decoy_2714,N#CC1=C(N)OC2=C(C(=O)CC(c3ccco3)C2)C1c1ccc(OCc2c(F)cccc2Cl)cc1,-7.51852949334971,0
b2AR-decoy_2982,Cc1cc(OC[P@]2(=O)OCC[C@H](c3cccnc3C)O2)c2c(c1C)Cc1scnc1-2,-7.51759552116307,0
b2AR-decoy_1300,Clc1ccc([C@H]2CC[C@@H](OCCCc3cccnc3)O2)cc1,-7.51398762052736,0
b2AR-decoy_2636,O=C(c1ccncc1)N1N=C(c2ccccc2)CC1c1cn(c2ccccc2)nc1c1ccc(F)cc1,-7.51372838843459,0
b2AR-decoy_2340,O=C(NO)c1cc2ccc(NS(=O)(=O)Cc3ccccc3)cc2s1,-7.51256970549202,0
b2AR-decoy_696,Clc1ccc(c2csc(N/N=C/c3ccc(Br)cc3)n2)cc1,-7.51247930793206,0
b2AR-decoy_1182,N#Cc1ccc(Oc2ccc(Cc3ccncc3)cc2O)c(Cl)c1,-7.51163278719611,0
b2AR-decoy_535,CN(Cc1cccc(N)c1)C(=O)C12CC3CC(CC(C3)C1)C2,-7.51077899833071,0
b2AR-decoy_139,COc1ccc(/C=N/Nc2nc(c3ccc(Cl)cc3)cs2)cc1,-7.51036058475185,0
b2AR-decoy_1540,CC[C@H](C)CC/C(C)=C/c1c(C)c(O)cc2c1[nH]c1c(O)ccc(CO)c12,-7.51001344523749,0
b2AR-decoy_156,CCCCNC=C1C(=O)Nc2ccc(S(=O)(=O)N(CC(C)C)C[C@@H](O)[C@H](Cc3ccccc3)NC(=O)O[C@H]3CO[C@H]4OCC[C@@H]34)cc21,-7.50929220878977,0
b2AR-decoy_1366,C=C(c1ccccc1OCc1ccsc1Cl)n1ccnc1,-7.50610314638412,0
b2AR-decoy_543,CC(=O)/C=C(\c1ccccc1)c1c(O)oc2ccc(O)cc2c1=O,-7.50384623405057,0
b2AR-decoy_2721,C=C1CC[C@H]2[C@@](C)(CC[C@@H](O)[C@@]2(C)CO)[C@@H]1C/C=C1/C(=O)OC[C@H]1Oc1cccc2ccc(C)nc12,-7.50223738051743,0
b2AR-decoy_1380,CCC1CCC(c2nnc(c3ccc(Br)cc3)o2)CC1,-7.50184827124653,0
b2AR-decoy_552,COc1cc2c(cc1NC=O)CC[C@@H]1[C@@H]2CC[C@]2(C)[C@@H](O)CC[C@@H]12,-7.49993818688798,0
b2AR-decoy_1317,COc1cc(OC)cc(/C(C#N)=C/c2ccccc2F)c1,-7.49695250166328,0
b2AR-decoy_1955,Cc1ccccc1C(=O)Nc1c(C(O)(C(F)(F)F)C(F)(F)F)ccc2ccccc12,-7.49657035724096,0
b2AR-decoy_2276,N#C/C(C(=O)c1c[nH]c2ccccc12)=C1/SC(c2ccccc2)=NN1c1ccccc1,-7.49508481291999,0
b2AR-decoy_1175,CC(C)C1=C2CCC(COC(=O)c3ccc(O)cc3)=CC[C@@]2(C)CC1,-7.49379656041639,0
b2AR-decoy_1850,CCCn1c(=O)c2[nH]c(c3ccc(OC(C)C(=O)NCc4ccc(Cl)cc4)cc3)cc2n(CCC)c1=O,-7.49300419627723,0
b2AR-decoy_1707,C[C@@](F)(c1ccc(C(F)(F)F)nc1)S(C)(=O)=NC#N,-7.49231455585933,0
b2AR-decoy_292,CC(=O)N1CCC(C(N)=O)(C(=O)N2CC[C@](c3ccc(C(OCc4c(F)cccc4F)(C(F)(F)F)C(F)(F)F)cc3)(S(=O)(=O)c3ccc(F)cc3)C2)CC1,-7.49113505470851,0
b2AR-decoy_2117,CCc1cc(O)c(F)cc1c1cc(NS(=O)(=O)C(C)C)c2cn[nH]c2c1,-7.48838169304436,0
b2AR-decoy_2844,C[C@]12C=CC(=O)C=C1CCC1C2CC[C@@]2(C)C1CC[C@]2(Cl)[S+]([O-])Cc1ccccc1,-7.48708356771961,0
b2AR-decoy_1674,Cc1cc(=O)n2nc(Oc3ccc(C#N)cc3Cl)sc2n1,-7.48312112528389,0
b2AR-decoy_2054,Cc1cccc(C)c1NC(=O)CN(C)C(=O)c1ccc(COc2ccccc2)cc1,-7.48247237709865,0
b2AR-decoy_2336,O=C(NNC(=S)NCc1ccc(Cl)cc1)c1ccc(Br)o1,-7.48177765677115,0
b2AR-decoy_1966,O=C1OC(COc2cccc3[nH]c4ccccc4c23)CN1CCOc1ccccc1O,-7.47887972857207,0
b2AR-decoy_2021,C=CC(C)(C)c1c(O)cc(OC)c2cc(c3ccc(O)cc3O)c(=O)oc12,-7.47819252461179,0
b2AR-decoy_379,CC(=O)c1ccc2c(c1)[C@H](NC(=O)c1ccc(F)c(Cl)c1)[C@H](O)C(C)(C)O2,-7.4767493650462,0
ASD03130114,Clc1cc(Cl)cc(Nc2nc(NCCC3CCCCC3)c3ccccc3n2)c1,-7.47607009100412,1
b2AR-decoy_2082,CCCN(CC(=O)Nc1cc(Cl)ccc1Cl)C(=O)/C=C/c1ccco1,-7.47383397946369,0
b2AR-decoy_1295,COc1ccc(/C=C2/C=C(Cc3ccccc3)C(=O)O2)cc1,-7.47323466777989,0
b2AR-decoy_1977,CCC(Sc1ncc(S(=O)(=O)c2ccc(C)cc2)c(=O)[nH]1)C(=O)Nc1cc(C)ccc1C,-7.47238754521718,0
b2AR-decoy_2541,O=C(NCc1ccnc(Cl)c1)c1cnc(Oc2ccc3c(c2)CCC(c2ccsc2)O3)s1,-7.47078447070456,0
b2AR-decoy_1392,C=CC1=C(C)[C@@H]2CC(=O)[C@H]3[C@](C)(COC(C)=O)CCC[C@]3(C)[C@H]2CC1,-7.46843122849294,0
b2AR-decoy_2869,Clc1ccc(COC2c3cc(Cl)ccc3SC2Cn2ccnc2)c(Cl)c1,-7.46540092384573,0
b2AR-decoy_504,Cc1ccc(C)c(CSc2nc(O)c3c[nH]nc3n2)c1,-7.46439150611308,0
b2AR-decoy_1601,O=C1NC[C@H](C(=O)Nc2cc(c3cccc(COCCC(F)(F)F)c3)n(c3ccccc3)n2)O1,-7.4641275911186,0
b2AR-decoy_97,CCOC(=O)c1oc2cc(c3cccc(C(F)(F)F)c3)cc(O)c2c1C,-7.46167348335089,0
b2AR-decoy_1396,O=C1NC(=O)C(=Cc2cccs2)C(=O)N1,-7.46012347585193,0
b2AR-decoy_2204,C[C@]12CC[C@H]3[C@@H](C[C@@H]4O[C@@]45C[C@@H](O)CC[C@]35C)[C@@H]1CC[C@@H]2C(=O)/C=C/c1ccccc1,-7.45914154052471,0
b2AR-decoy_1219,CCc1[nH]c2nc(Sc3cccnc3)nc(Cl)c2c1C(F)F,-7.45864902843818,0
b2AR-decoy_499,Cc1nn(c2ccccc2)c(N)c1N=Nc1ccccc1,-7.45643822293,0
b2AR-decoy_2592,Cc1ccc(CSc2nc3ccncc3n2Cc2nc(c3ccccc3C)oc2C)cc1,-7.45500249758038,0
b2AR-decoy_476,Nc1ccc(c2nc3cc(O)cc(O)c3s2)cc1,-7.45266381545326,0
b2AR-decoy_1169,CCO/C(O)=C1\C(CSc2ccccc2)=NC(C)=C(C#N)C1c1ccccn1,-7.45204771231333,0
b2AR-decoy_1857,CNc1c(F)c(Oc2cccc(c3cccc(C[NH3+])c3)c2)nc(Oc2cc(N(C)C)ccc2C(=O)[O-])c1F,-7.45168798589268,0
b2AR-decoy_116,CC1=C(CCC2=NN=NN2)c2cc(F)ccc2/C1=C\c1ccc(C(C)C)cc1,-7.45116943833704,0
b2AR-decoy_474,CCCC(=O)c1cc2c(c(O)c1C)C(=O)C(=O)c1c(O)cccc1-2,-7.44991092522303,0
b2AR-decoy_1019,COc1cc(OC)c(/C=C/C(=O)c2ccc(F)cc2)c(OC)c1,-7.44971048204037,0
b2AR-decoy_1541,CC(C)COC(=O)/C(C#N)=C/c1cn(Cc2ccccc2)c2ccccc12,-7.44924974440105,0
b2AR-decoy_839,Cc1c(O)nc(SCc2ccccc2)nc1Cc1c(Cl)cccc1Cl,-7.44842600828209,0
b2AR-decoy_2906,N#Cc1cc(Cl)cc(Oc2cc(OCc3n[nH]c(c4ccncc4)c3Cl)ccc2Cl)c1,-7.44828029425544,0
b2AR-decoy_2898,N#Cc1cc(Cl)cc(Oc2cc(OCc3cc(c4ccccc4)[nH]n3)ccc2Cl)c1,-7.44795933353666,0
b2AR-decoy_2790,CCCCCCCC(=O)CO[C@]1(C)CCC[C@]2(C)[C@@H]1CC[C@@]13CC(=O)[C@@](C)(CC[C@@H]21)C3,-7.4468930853686,0
b2AR-decoy_2631,COc1cccc(OC)c1n1cc(c2ccccc2Sc2ccc(C(F)(F)F)cc2)nn1,-7.44601069642565,0
b2AR-decoy_3101,CCCCC(=O)c1c(O)cc(O)c2c1OC1=C(C(=O)C(C)(C)C(=O)C1(C)C)C2CC(C)C,-7.44504027476497,0
b2AR-decoy_2529,Cc1cc(C(=O)Nc2ccc(c3cccnc3)cc2)n(Cc2csc(N3CCCCC3)n2)c1,-7.44446544374653,0
b2AR-decoy_1306,COc1cc(/C=C/C(C)=C/C(C)=C/c2ccccc2)oc(=O)c1,-7.44359112880014,0
b2AR-decoy_2508,C=CCn1c(=Nc2ccc(Cl)cc2)sc(C)c1c1ccccc1,-7.44219874155855,0
b2AR-decoy_2042,O=C(COc1cc(O)c2c(=O)cc(c3ccccc3)oc2c1)c1ccc(F)cc1,-7.44159391100976,0
b2AR-decoy_2948,C[C@H]1OC(=O)[C@@H]2C[C@@H]3CCCC[C@H]3[C@H](/C=C/c3ccc(c4ccsc4)cn3)[C@H]12,-7.44069745265158,0
b2AR-decoy_113,O=C(NCc1cccs1)c1cccc2c1occ2c1ccc(F)c(F)c1,-7.44014125922784,0
b2AR-decoy_790,CCC(c1ccc(O)c(O)c1)C(CC)c1ccc(O)c(F)c1,-7.4400071205282,0
b2AR-decoy_526,Nc1ccc(C2COc3cccc4c3N2CCC4)cc1,-7.43877782580835,0
b2AR-decoy_2365,COc1cc(c2cc(=O)c3c(O)cc(O)c(CC=C(C)C)c3o2)ccc1O,-7.43844958001067,0
b2AR-decoy_1748,Cc1ccc(c2nnc(CCC(=O)NCC3C4CC5CC(C4)CC3C5)o2)s1,-7.43753724654435,0
b2AR-decoy_1254,Clc1ccc(COc2cccc3c2cnc2ncnn23)c(Cl)c1,-7.43617397896886,0
b2AR-decoy_3122,COC(=O)c1sc(NC(=O)CSc2nc(C3CC3)nc3sc4c(c23)CCCC4)nc1C,-7.43510956314719,0
b2AR-decoy_2109,Cc1cc(C)cc(S(=O)(=O)c2c(C(N)=O)[nH]c3ccc(Cl)c(F)c23)c1,-7.43280082660231,0
b2AR-decoy_1571,CC(C)c1ccc(C(C(=O)NC(C)(C)C)N(C(=O)CNC(=O)c2ccco2)c2cccnc2)cc1,-7.43152868605473,0
b2AR-decoy_1996,NC1=C2C(=O)N(CCc3c[nH]c4ccccc34)C(=O)CC2c2ccccc2O1,-7.43113953413574,0
b2AR-decoy_973,CC(C)c1ccc(S(=O)(=O)Nc2ccc(SC(F)F)cc2)cc1,-7.42659744589156,0
b2AR-decoy_2282,CC(C)CCC[C@@H](C)[C@H]1CC[C@H]2[C@@H]3C/C(=N/O)[C@@H]4[C@@H](O)[C@@H](O)CC[C@]4(C)[C@H]3CC[C@@]21C,-7.42498305024993,0
b2AR-decoy_2353,O=C(c1cc(Sc2ccc(O)cc2)c(O)cc1O)N1Cc2ccccc2C1,-7.42351284195816,0
b2AR-decoy_229,CC(=O)c1cccc(CN2C(=O)N(Cc3cccc(C(C)=O)c3)[C@H](Cc3ccc4c(c3)OCO4)[C@H](O)[C@@H](O)[C@H]2Cc2ccc3c(c2)OCO3)c1,-7.42263561764945,0
b2AR-decoy_2648,Cc1cc(C(=O)CSc2nnc(c3ccc(OC(F)F)cc3)o2)c(C)n1Cc1cccs1,-7.42152081181622,0
b2AR-decoy_1049,CC(=O)c1ccc(OCC(=O)OCc2cc(c3ccco3)on2)cc1,-7.42100648595906,0
b2AR-decoy_1275,Brc1cccc(Sc2ccc3nnc(c4cncs4)n3n2)c1,-7.42049063202357,0
b2AR-decoy_1433,O=C1NC(=O)/C(=C/c2c[nH]cn2)S1,-7.41874897622686,0
b2AR-decoy_1034,COc1ccc(C(C)=O)cc1CSc1nnc(c2ccncc2)o1,-7.41679954640325,0
b2AR-decoy_1701,O=C1/C(=C/c2ccc(O)cc2O)SC(=S)N1c1ccccc1,-7.4158595641472,0
b2AR-decoy_2994,O=C(NCC1CCCO1)c1cccc(S(=O)(=O)Nc2ccc(SC(F)F)cc2)c1,-7.41437453343094,0
b2AR-decoy_772,CCCCCC1NC(=O)/C(=C/c2ccc(C(C)(C)C)cc2)O1,-7.41302102657024,0
b2AR-decoy_1523,O=C(CC(C(=O)c1cccs1)c1ccc2c(c1)OCO2)c1ccccc1,-7.41288424374363,0
b2AR-decoy_202,C=CC[C@@H](Cc1ccc(F)cc1)C(=O)OC[C@H](Cc1c[nH]c2ccccc12)NC(=O)[C@H](CC=C)CC(=O)N(CCO)Cc1ccccc1,-7.4120465407504,0
b2AR-decoy_1709,COc1ccc(C=C2CCC3C(CCCC34OCCO4)C2=O)cc1,-7.41059183129091,0
b2AR-decoy_2373,COc1cc(O)c2c(c1Cc1ccccc1O)O[C@@H](c1ccc(O)cc1)CC2=O,-7.40939119538097,0
b2AR-decoy_2539,CC(C)Cn1nc(C(C)(C)C)s/c1=N\C(=O)c1cc(C(F)(F)F)ccc1ONC(C)(C)C,-7.40898193843224,0
b2AR-decoy_2377,CC(C)(C)C1CCC(C(=O)NCCc2ccc(S(N)(=O)=O)cc2)CC1,-7.40895483904246,0
b2AR-decoy_1071,CC(Sc1nnc(c2ccncc2)s1)C(=O)Nc1ccc(Cl)cc1Cl,-7.40763521816736,0
b2AR-decoy_2171,COc1cccc(C2CC3=Nc4ccc(Cl)cc4SC3=C(O)C2)c1OC,-7.40743279146912,0
b2AR-decoy_650,COc1ccc(c2cc(C3(C)CCc4c(C)c(O)c(C)c(C)c4O3)on2)cc1,-7.40722248551351,0
b2AR-decoy_2039,CC(C)c1ccc(NC(=O)CSc2ncc3c(n2)CC(C)(C)CC3=O)cc1,-7.40533399204742,0
b2AR-decoy_1511,COc1cc(C(=O)c2ccc3c(ccn3C(C)C)c2)cc(OC)c1OC,-7.40435346542133,0
b2AR-decoy_240,CCC[C@@H]1CCC[NH+]1Cc1sc(NC(=O)c2cnc(N3CCC(C(=O)[O-])CC3)cn2)nc1c1ccc(OC)c(C(F)(F)F)c1,-7.40382767190784,0
b2AR-decoy_2015,Cc1ccc(Cl)c2c1NC(=O)/C2=N\NC(=O)C(C)c1ccc(O)cc1,-7.40351113762416,0
b2AR-decoy_1839,CC(C(=O)NC[C@@H](C)O)c1ccc(O[C@@H]2CCN(c3ccc(OCC4CC4(F)F)cn3)C2)cc1,-7.40173707775151,0
b2AR-decoy_145,C/C(=N\Nc1csc(c2ccc3c(c2)CCC3)n1)c1ccc(Cl)cc1,-7.39931598213931,0
b2AR-decoy_607,CCCc1cc(F)c2oc(Cc3ccc(OC)cc3)c(C)c2c1O,-7.39839758773318,0
b2AR-decoy_2313,NS(=O)(=O)c1ccc(c2ccc(/C=C3\C(=O)Nc4ccccc43)o2)cc1,-7.3963167781497,0
b2AR-decoy_2311,C/C(=N\NC(=S)NCc1ccccc1)c1c(O)ccc2ccc(=O)oc12,-7.39461073631461,0
b2AR-decoy_2053,Cc1nc(c2ccc(C(C)C)c(S(=O)(=O)Nc3cccc(C#N)c3)c2)cs1,-7.39220931551625,0
b2AR-decoy_349,CC(C)(C)c1cnc(CSc2cnc(NC(=O)c3ccccc3)s2)o1,-7.39161930438697,0
b2AR-decoy_6,CCCSc1sc(c2cc[nH]n2)c2c1C(=O)CC(C)(C)C2,-7.3913856799493,0
b2AR-decoy_1314,Cc1cccc(CSc2ccc(c3ccco3)nn2)c1,-7.38825227534787,0
b2AR-decoy_1825,CC(C)=CCC/C(C)=C/CO/N=C1/C[C@@H](O)[C@@H](O)[C@@H]2[C@@H]3C(=O)N(Cc4ccccc4)C(=O)[C@H]3CC[C@@H]12,-7.38669799168492,0
b2AR-decoy_2612,CO/N=C(/c1ccc(F)cc1)c1ccccc1COc1ccc(C(F)(F)F)cc1,-7.38453416142002,0
b2AR-decoy_3171,CN(C)c1ccc(/C=C(/SCc2ccccc2Cl)C(=O)c2ccc(Cl)cc2)cc1,-7.38420593432046,0
b2AR-decoy_388,O=C1C(Nc2ccc(O)cc2)=C(Cl)C(=O)c2sc(CO)cc21,-7.38242575214082,0
b2AR-decoy_84,C[C@]12CC[C@H]3[C@@H](CCC4C[C@H](NC(=O)C5CC5)CC[C@@]43C)[C@@H]1CC=C2c1cccnc1,-7.38216986099046,0
b2AR-decoy_2967,Cc1cc(C)cc(Oc2nc3ccccn3c(=O)c2/C=C(\C#N)c2nc3ccccc3s2)c1,-7.38100865438803,0
b2AR-decoy_488,Cc1cc(O)c(=O)c(O)cc1c1cccc2ccccc21,-7.37770122364841,0
b2AR-decoy_860,CCOc1ccc(C2C(C#N)=C(C)N=C3C2=C(O)c2ccccc23)cc1,-7.37598791043074,0
b2AR-decoy_2376,CCc1nnc(NC(=O)c2sc3nc4c(cc3c2N)CCCCC4)s1,-7.37503775107155,0
ASD03130108,Clc1cc(Cl)cc(Nc2nc(NC3CCN(c4ccccc4)CC3)c3ccccc3n2)c1,-7.37209758437174,1
b2AR-decoy_598,CCC(C)Sc1nc(O)cc(Cc2ccc3ccccc3c2)n1,-7.37142651876493,0
b2AR-decoy_1440,O=C1NC(=S)N/C1=C\c1cccs1,-7.37136385290195,0
b2AR-decoy_1860,C[C@H](NC(=O)c1c[nH]nc1C#N)c1ccc(O[C@@H]2CCN(c3ccc(OCC4CC4)cc3)C2)cc1,-7.37132158798695,0
b2AR-decoy_2157,O=C1NC(=O)/C(=C/c2ccc(c3ccc(OCc4ccccc4)cc3)cc2)S1,-7.37070316602415,0
b2AR-decoy_2159,CSc1nsc(Sc2nc3c(Cl)c(Cl)cc(Cl)c3[nH]2)n1,-7.36991257093845,0
b2AR-decoy_2432,N#Cc1cc(Cc2ccc3c(ccc4ccccc43)c2C#N)cc2c1ccc1ccccc12,-7.369266659792496,0
b2AR-decoy_539,Cc1ccc(c2[nH]ncc2C(=O)c2cccc(F)c2)c(O)c1,-7.36520217462718,0
b2AR-decoy_458,COc1cc2c(cc1O)CC[C@@H]1C2CC[C@@]2(C)C1CC[C@@H]2O,-7.36489560737489,0
b2AR-decoy_490,O=c1cc(c2ccccc2)oc2cc(O)c(O)cc12,-7.36244523616353,0
b2AR-decoy_455,O=[N+]([O-])c1ccc2ccc3c4c(cc5ccc1c2c53)C(O)C(O)C=C4,-7.36162181031219,0
b2AR-decoy_1599,Cc1cc2c(cc(C(=O)N[C@H](CO)c3ccc([S@+]([O-])CC(=O)OC(C)C)cc3)n2C)c(F)c1F,-7.35575784516643,0
b2AR-decoy_109,CC1(C)O[C@H]2C3=C([C@H]2O1)[C@@H](c1ccccc1)[C@H](CCc1ccccc1)C=CC=C3CO,-7.35413348247918,0
b2AR-decoy_2046,COc1cc(CC(O)c2cccc(c3ccc(C#N)cc3)c2)c([N+](=O)[O-])cc1OC,-7.35374583771834,0
b2AR-decoy_134,CC(=O)N[C@@H](C)/C=C/c1ccc(Oc2cc3sc(C)nc3cc2Cl)nc1,-7.35310311243229,0
b2AR-decoy_472,C[C@@H]1CC[C@@H]2[C@@H](C1)O[C@@H](c1ccccc1O)CC2(C)O,-7.35253702110251,0
b2AR-decoy_448,O=c1cc(CSc2c(Cl)cccc2Cl)[nH]c(=S)[nH]1,-7.35246408149302,0
b2AR-decoy_755,Cc1c(C)c2c(c(C)c1N)CC(C)(CSc1ccc(O)cc1)O2,-7.35217233391816,0
b2AR-decoy_1609,CCCCSc1ncc2ncn(Cc3c(F)ccc(Cl)c3F)c2n1,-7.3520080089684,0
b2AR-decoy_565,CC(C)c1cc2c(cc1O)[C@@]1(C)CCCC(C)(C)[C@@H]1C(O)C2=O,-7.34856644077495,0
b2AR-decoy_897,CC(C)c1ccc(c2cnc3sc(NCc4cccnc4)nn32)cc1,-7.34826473274372,0
b2AR-decoy_2527,Clc1c[nH]nc1c1nc(c2ccc(Oc3ccc(I)cc3)cc2)no1,-7.34253338147312,0
b2AR-decoy_1432,O=C1NC(=O)/C(=C/c2ccco2)N1,-7.34206449974315,0
b2AR-decoy_278,CCn1nc(Cc2cc(C(F)(F)F)cc(C(F)(F)F)c2)cc1C1CC[NH+](C[C@H]2C[NH+]([C@@H](C(=O)[O-])C(C)C)C[C@@H]2c2cccc(F)c2)CC1,-7.34085813026796,0
b2AR-decoy_2098,CCOc1ccccc1c1c2cc(O)c(=O)cc-2oc2cc(O)c(O)cc21,-7.33940625070653,0
b2AR-decoy_2680,Cc1cccc(C)c1NC(=O)COc1ccccc1C(=O)Nc1ccc(Br)cn1,-7.33868632915943,0
b2AR-decoy_1688,CN(C)C1=C(Cl)C(=O)N(c2ccc(Cl)c(Cl)c2)C1=O,-7.33573778402717,0
b2AR-decoy_616,O=S(=O)(Nc1cccs1)c1ccc(c2ccc(Cl)cc2)cc1,-7.33330266987932,0
b2AR-decoy_3079,CC(C)(C)c1cc(C2c3ccc(N)nc3NP2(=O)Oc2ccccc2)cc(C(C)(C)C)c1O,-7.33324471629051,0
b2AR-decoy_1472,O=C1NC(=O)C(=Cc2ccco2)C(=O)N1,-7.3319901457958,0
b2AR-decoy_289,CC[C@H]1C[NH+]2CCc3cc(OC)c(OC)cc3[C@@H]2C[C@@H]1C[C@@H]1c2cc(OC)c(OC)cc2CCN1C(=S)NCc1ccc(Cl)cc1,-7.3315633546327,0
ASD03130112,Clc1cc(Cl)cc(Nc2nc(NC34CC5CC(CC(C5)C3)C4)c3ccccc3n2)c1,-7.32736759568584,1
b2AR-decoy_261,CCCCN(CCCC)C(=O)c1cc(C)n(c2ccc(N[S+]([O-])c3cccc4ccn(C)c34)cc2C(=O)N2Cc3ccccc3C[C@H]2CO)n1,-7.32690232173367,0
b2AR-decoy_486,C=C1[C@@H](/C=C/C(C)=O)[C@]2(C)CCC[C@](C)(CO)[C@H]2C[C@H]1O,-7.32522803375897,0
b2AR-decoy_3031,O=C(COc1ccc(C(=O)c2ccccc2)cc1)NCC(=O)Nc1ccccc1Br,-7.32258537166024,0
b2AR-decoy_3143,C[C@H](NC(=O)C(F)(F)F)[C@H](Oc1ccc2c(cnn2c2ccc(F)cc2)c1)c1cccc(O)c1,-7.32171228131959,0
b2AR-decoy_406,Cc1cc(O)c(=O)c(O)cc1S(=O)(=O)c1ccc(c2ccccc2)cc1,-7.32148390427974,0
b2AR-decoy_260,CN(CCCc1ccccc1)S(=O)(=O)c1cc(C(=O)N2CCc3ccc(S(=O)(=O)NCCc4ccccc4)cc3C2)c(O)c(O)c1O,-7.31956274191274,0
b2AR-decoy_559,Cc1c(C(=O)N/N=C\c2ccccc2F)oc2cccc(O)c12,-7.31930561052606,0
b2AR-decoy_1577,Cc1ccc(NC(=O)C[S+]([O-])CC(=O)N(CC(=O)NC(C)(C)C)c2cccc(C)c2C)cc1,-7.31704739920821,0
b2AR-decoy_2122,CC1=C[C@H](OC(=O)c2ccc(O)cc2)C2[C@](C)(CC[C@@]2(O)C(C)C)C[C@@H]1O,-7.31439580719934,0
b2AR-decoy_523,O=c1oc(c2ccc(O)cc2)cc2cc(O)ccc12,-7.31349037104604,0
b2AR-decoy_870,O=C(c1ccccc1)c1oc2cc(O)ccc2c1c1ccccc1,-7.31178814728771,0
b2AR-decoy_1257,CC(=O)N(c1ccc(Cl)cc1)C1SC(=O)N(c2ccc(C)cc2)C1=O,-7.31140561588697,0
b2AR-decoy_1853,COc1ccc(S(=O)(=O)N(Cc2cccc(C)c2F)[C@H](Cc2cccs2)C(=O)NO)cc1,-7.31032080394639,0
b2AR-decoy_2055,N#C/C(=C\Nc1ccc(OC(F)(F)F)cc1)S(=O)(=O)c1ccc(Cl)cc1,-7.3090124713178,0
b2AR-decoy_1598,Cc1ccc(OCC(F)(F)F)c(CNC(=O)Cn2c(C)cnc(NCCc3ccccn3)c2=O)c1,-7.30705914160351,0
b2AR-decoy_614,N#Cc1ccc(Oc2ccc(c3ccccn3)cc2O)c(Cl)c1,-7.30532235999307,0
b2AR-decoy_3153,COc1ccc(C(=O)CC(Sc2ccc(C)cc2)c2ccc(OC)cc2)cc1,-7.30436167357727,0
b2AR-decoy_186,O=C(Cc1ccccc1)Nc1nnc(CCCCc2nnc(NC(=O)Cn3cc(c4cccc(O)c4)nn3)s2)s1,-7.3023720404606,0
b2AR-decoy_138,CCCCCCC1C(=O)c2c(cc3cc(O)cc(O)c3c2O)C[C@H]1C,-7.30188010764411,0
b2AR-decoy_50,O=C(OC(Cn1ccnc1)c1ccc(Cl)cc1Cl)c1cc2ccccc2[nH]1,-7.30079615555846,0
b2AR-decoy_1273,C=CCn1c(Sc2ccc(C#N)c([N+](=O)[O-])c2)nnc1c1ccc(OC)cc1,-7.30067581295055,0
b2AR-decoy_3185,O=C(/C=C/c1ccc(c2ccc(Cl)c(Cl)c2)o1)c1ccc(Br)cc1,-7.30005222569479,0
b2AR-decoy_1757,O=C(CSc1nccn1Cc1ccco1)Nc1cc(C(F)(F)F)ccc1Cl,-7.29956381956713,0
b2AR-decoy_1730,CC(C)(C)c1cc(NC(=O)Cn2cnc3scc(c4ccccc4)c3c2=O)on1,-7.29732641807634,0
b2AR-decoy_428,Cc1cc(O)cc2c1O[C@@H](c1ccc(O)cc1)[C@H]1CCC[C@@H]21,-7.29679851350138,0
b2AR-decoy_484,Cc1cc(C(=O)N/N=C/c2c[nH]c3ccccc23)c(C)o1,-7.29654098567188,0
b2AR-decoy_1663,Cc1nc(C#Cc2cncc(Oc3cccnc3)c2)cs1,-7.29556204092171,0
b2AR-decoy_1818,CC(O)c1ccc(C(Cc2cc[n+]([O-])cc2)c2ccc(OC(F)F)c(OC(F)F)c2)cc1,-7.29555252364147,0
b2AR-decoy_270,CCCCc1nn(c2ccccc2C(F)(F)F)c(=O)n1Cc1ccc(c2ccccc2S(=O)(=O)NC(=O)c2sccc2C)cc1,-7.29448146383003,0
b2AR-decoy_1338,COc1cc(/C=C/C(=O)c2cccc(F)c2)cc(OC)c1,-7.29349626369557,0
b2AR-decoy_2398,CC(/C=N/OCCO)=C\[C@H]1CC[C@]2(O)[C@@H]3CC[C@@H]4C[C@@H](O)CC[C@]4(C)[C@H]3CC[C@]12C,-7.29107438982657,0
b2AR-decoy_1328,Fc1cccc(Cl)c1COCc1nnc(c2ccco2)o1,-7.29078206011122,0
b2AR-decoy_2278,C[S+]([O-])c1ccc(c2nc(C3=CCC(O)CC3)oc2Sc2ccc(Cl)cc2)cc1,-7.28966191133118,0
b2AR-decoy_2374,C/C(=N\NC(=S)NC12CC3CC(CC(C3)C1)C2)c1c(O)ccc2ccc(=O)oc12,-7.28642721054587,0
b2AR-decoy_2174,CC(C)=CCc1c(O)ccc2c1O[C@H](c1ccc3c(c1)C=CC(C)(C)O3)CC2=O,-7.28470122538725,0
b2AR-decoy_1122,Cc1ccccc1OCC(=O)Nc1ccc(c2nc3c(C)c(C#N)ccc3o2)cc1,-7.27928081682021,0
b2AR-decoy_2849,Clc1ccc2c(c1)S[C@H](Cn1ccnc1)[C@@H]2OCc1cc(Cl)sc1Cl,-7.27775166195586,0
b2AR-decoy_603,CC(C)(C)C1CCc2c(C(=O)N/N=C/c3cccs3)csc2C1,-7.27675177639693,0
b2AR-decoy_459,C/C(=N\NC(=S)NC(C)C)c1ccc(C(C)(C)C)cc1,-7.27641613278411,0
b2AR-decoy_1620,O=C(Cc1ccc(Cl)cc1)OC(Cn1ccnc1)c1ccc(Cl)cc1Cl,-7.27468018796489,0
b2AR-decoy_1836,C=C1C(=O)[C@@]23[C@@H]([C@@H](O)C[C@@H]1[C@H]2O)[C@]12CCCC(C)(C)[C@H]1C[C@H]3O[C@@H]2OCCn1cc(CCCCC)nn1,-7.27350092733463,0
b2AR-decoy_163,COc1cc(/C=C/C(=O)NCCc2c[nH]c3ccc(O)c(c4c(O)ccc5[nH]cc(CCNC(=O)/C=C/c6ccc(O)cc6)c54)c23)ccc1O,-7.273078822209362,0
b2AR-decoy_1679,Cc1cc(=O)oc2cc(Sc3cccc(Cl)[n+]3[O-])ccc12,-7.27257364207855,0
b2AR-decoy_2091,NC(=O)CCCOc1cc(Cl)c2c(c1)C(O)(C(F)(F)F)c1ccccc1-2,-7.27197670471685,0
b2AR-decoy_1946,Cc1nc(c2cccc(NC(=O)c3ccc4nc5n(c4c3)CCCNC5=O)c2)cs1,-7.27035786837639,0
b2AR-decoy_1365,CCC(=O)Oc1oc(c2ccccc2)nc1/C=N/c1ccc(C)cc1,-7.26942683712852,0
b2AR-decoy_395,O=C1c2c(ccc(O)c2O)CN1Cc1cccc(CBr)c1,-7.26914312304124,0
b2AR-decoy_2241,O=C(c1ccc2c(c1)OCCO2)c1oc2cc(O)ccc2c1c1cccc2ccccc21,-7.26657969634194,0
b2AR-decoy_956,CO/C(=C\c1ccc(Br)cc1)C(=O)Nc1ccc(C(C)C)cc1,-7.26647004528111,0
b2AR-decoy_2513,COc1ccc(Oc2cc(C)c(c3csc(NC(=O)c4ccncc4)n3)c(C)c2)cc1,-7.2662970176195,0
b2AR-decoy_1415,NS(=O)(=O)c1c(F)c(F)cc(F)c1F,-7.26570308564064,0
b2AR-decoy_1496,O=C1NC(=O)C(=Cc2ccoc2)C(=O)N1,-7.26450700309906,0
b2AR-decoy_1965,COc1cc2c(cc1OCCn1ccnc1)Cc1c-2n[nH]c1c1ccc(c2ccc(O)cc2)cc1,-7.26363333355358,0
b2AR-decoy_1006,N#C/C(=C\c1ccc(Cl)cc1)C(=O)NCc1ccc(Cl)c(Cl)c1,-7.26171621448064,0
b2AR-decoy_470,C/C(=N\NC(=O)c1cncc(Cl)c1)c1cc(Cl)ccc1O,-7.26149572754377,0
b2AR-decoy_1127,CCCCC(=O)c1cc2c(cc1O)CC[C@@H]1[C@@H]2CC[C@]2(C)C(=O)CC[C@@H]12,-7.26063538367824,0
b2AR-decoy_2405,C[C@]12CC[C@@H]3c4ccc(O)cc4CC[C@H]3[C@@H]1CC(C(=O)NCC1CCCO1)[C@@H]2O,-7.26012941960559,0
b2AR-decoy_3147,CC(C)C[C@H](CO)Nc1nc(S[C@@H](C)c2ccccc2Br)nc2nc(N)sc12,-7.26006246325797,0
b2AR-decoy_611,Cc1c(C(=O)c2ccccc2)oc2cc(c3ccccc3)cc(O)c12,-7.25158311072631,0
b2AR-decoy_36,N#C/C(=C\c1ccc2ccccc2c1)C(=O)c1c[nH]c2ccccc12,-7.25027946106559,0
b2AR-decoy_211,COc1ccc(C2=C(c3cccc(NCCCCCC(=O)OC(=O)CCCC[C@@H]4SC[C@@H]5NC(=O)N[C@H]45)c3)C(=O)N3CCCC3C2)cc1,-7.25020275963787,0
b2AR-decoy_501,Oc1cc(O)cc(c2cc3ccc(O)c(O)c3o2)c1,-7.24999183241241,0
b2AR-decoy_632,C=CCSc1nc(C)c(Cc2cccc3ccccc23)c(O)n1,-7.24851976138075,0
b2AR-decoy_427,Cc1cc2c(c(=S)[nH]1)C(=O)O/C2=C\c1c[nH]c2ccccc12,-7.24811531867846,0
b2AR-decoy_2861,CC1(C)C(/C=C(\Cl)C(F)(F)F)C1C(=O)OC(C#N)c1cccc(Oc2ccccc2)c1,-7.24811279398345,0
b2AR-decoy_442,CC(C)c1ccc(Cc2c(C(F)(F)F)n[nH]c2O)cc1,-7.24632809530318,0
b2AR-decoy_2963,Cc1c(Cl)c(=O)oc2cc(OC(=O)CCCOc3ccc(Cl)cc3Cl)ccc12,-7.24487129745097,0
b2AR-decoy_3098,Cc1ccc([C@H]2CN(C(=O)c3cc(c4ccc(F)cc4)on3)[C@@H](CC(C)C)C(=O)N2)cc1,-7.24423947030432,0
b2AR-decoy_223,COc1ccc(NC(=O)Nc2ccc3c(c2)C(=O)N([C@@H](C)CO)C[C@@H](C)[C@@H](CN(C)S(=O)(=O)c2cccs2)O3)cc1,-7.24288646848087,0
b2AR-decoy_1434,CSC1=CC(=O)C(N)=C(Cl)C1=O,-7.24230612449687,0
b2AR-decoy_3191,O=C(/C=C/c1ccccc1)OC[C@H](OC(=O)/C=C/c1ccccc1)c1ccc2ccccc2c1,-7.2380242668511,0
b2AR-decoy_377,N#CC1=C(N)Oc2ccc3ccccc3c2C1c1ccc2c(c1)OCO2,-7.23782560522521,0
b2AR-decoy_781,CC1=CC[C@@]2(C)CC[C@](O)(C(C)C)C2C(OC(=O)c2ccccc2)C1,-7.2375365300877,0
b2AR-decoy_2619,Cc1nc(c2ccccc2)sc1c1nc(c2ccccc2)ncc1S(=O)(=O)c1ccccc1,-7.23566057943199,0
b2AR-decoy_1997,CC(C)n1cc(c2cc(C(N)=O)c3c(c2)C(O)(C(F)(F)F)c2ccccc2-3)cn1,-7.23508871334636,0
b2AR-decoy_528,O=C1Nc2ccccc2C1=Cc1c[nH]c2ccccc12,-7.23460533323646,0
b2AR-decoy_756,Cc1c(C(=O)C(C)C)oc2cc(c3ccccc3)cc(O)c12,-7.23441756072522,0
b2AR-decoy_2407,O=c1c2ccccc2oc(c2ccco2)c1c1c(=O)c2ccccc2oc1c1ccco1,-7.23281546162845,0
b2AR-decoy_463,CC1(C)C(=O)CC[C@]2(C)[C@@H]1CC[C@]13C[C@@H](CC[C@@H]21)[C@](O)(CO)C3,-7.23214924960691,0
b2AR-decoy_1902,CC1(C)CCC[C@@]2(C)[C@H]1CC=C1[C@@H]2CC[C@]2(C)[C@@H](C=O)C(C=O)=CC[C@@H]12,-7.23187285950876,0
b2AR-decoy_1455,O=C1NC(=O)/C(=C\c2ccncc2)N1,-7.23127862851765,0
b2AR-decoy_1713,CC(=O)Oc1ccccc1c1cc2cc(C)ccc2oc1=O,-7.22974306209859,0
b2AR-decoy_948,COc1c(Cl)cc(Cl)cc1C(=O)c1[nH]c(Cl)c(Cl)c1Cl,-7.22765797696255,0
b2AR-decoy_1347,Cc1onc(c2ccccc2Cl)c1C(=O)Oc1ccccc1F,-7.22674333767013,0
b2AR-decoy_64,Cc1cc(c2cc(Cl)cc(Cl)c2/C=C/[C@@H]2C[C@@H](O)CC(=O)O2)ccc1F,-7.22484272666512,0
b2AR-decoy_466,Cc1cc2c(c3oc(C(C)O)cc13)C(=O)c1c(O)cccc1C2=O,-7.22229214199057,0
b2AR-decoy_26,O=C(N/N=C/c1ccc(Cl)cc1)c1cc2c(s1)-c1ccccc1CC2,-7.22154384329909,0
b2AR-decoy_2111,CC1=C[C@H](O)[C@@]2(C)CC[C@@](O)(C(C)C)[C@@H]2[C@@H](OC(=O)c2ccc(O)cc2)C1,-7.22132165328176,0
b2AR-decoy_2075,O=C1NC(=O)/C(=C/c2ccc(OCCn3ccc4cc(Cl)ccc43)cc2)S1,-7.21982165896156,0
b2AR-decoy_1537,CCSC(CC=C(C)C)c1cc(OC)c2c(c1OC)C(=O)C=CC2=O,-7.21978361714243,0
b2AR-decoy_319,CCC(=O)O[C@@H]1C=C2CC[C@@H]3[C@H](CC[C@@]4(C)[C@H]3CC[C@@]4(O)CC)[C@H]2CC1,-7.21719288939335,0
b2AR-decoy_924,FC(F)(F)c1cccc(N=NNc2cccc(C(F)(F)F)c2)c1,-7.21468412969618,0
b2AR-decoy_403,O=C(N/N=C/c1c(Cl)cccc1Cl)c1[nH]nc2c1CCCC2,-7.21435289127545,0
b2AR-decoy_2647,C[C@]12CC[C@H]3[C@@H](CCC4=CC(=O)CC[C@@]43C)[C@@H]1C/C(=C\c1ccc(OCCCn3ccnc3)cc1)C2=O,-7.21290357286938,0
b2AR-decoy_585,COc1ccc2cc(c3ccc(O)cc3)c(=O)oc2c1CCC(C)C,-7.21157944863489,0
b2AR-decoy_2736,C[C@](O)(c1ccc(C(=O)N(C2CC2)[C@H]2CC[C@](C#N)(c3ccccc3)CC2)cc1)C(F)(F)F,-7.21060710437628,0
b2AR-decoy_1975,CCCc1ccc(S(=O)(=O)Nc2ccc(F)c(C(=O)c3c[nH]c4ncncc34)c2F)cc1,-7.20806260343666,0
b2AR-decoy_955,COc1cccc(C2CC(c3ccccc3O)=Nc3ccccc3S2)c1,-7.20668143474084,0
b2AR-decoy_2321,NS(=O)(=O)c1ccc(N2N=C3c4ccccc4CCC3C2c2cccc(O)c2)cc1,-7.20575265568883,0
b2AR-decoy_3037,Cc1ccc(C(=O)N/C(=C\c2ccc([N+](=O)[O-])cc2)C(=O)NCCc2ccccc2)cc1,-7.20399295114076,0
b2AR-decoy_331,COc1ccc(O)c(C2=Nc3ccccc3N=C(c3ccccc3)C2)c1,-7.20345346014265,0
b2AR-decoy_2310,O=C(Cc1ccc(O)c(F)c1)N/N=C1\C(=O)Nc2c(Cl)ccc(Cl)c21,-7.20287682832743,0
b2AR-decoy_2720,C[C@H](CCC=C(CO)CO)[C@H]1CC[C@@]2(C)C3=C(CC[C@]12C)[C@@]1(C)CCC(=O)C(C)(C)[C@@H]1CC3=O,-7.20264450231477,0
b2AR-decoy_345,S=P1(c2ccc(Oc3ccccc3)cc2)Nc2ccccc2CO1,-7.20182023365996,0
b2AR-decoy_1054,CCCc1cc(=O)oc2cc(OCc3cccc(OC)c3)c(Cl)cc12,-7.19966599760007,0
b2AR-decoy_2645,O=[N+]([O-])c1ccc(c2csc(N3N=C(c4cccs4)CC3c3ccc4c(c3)OCO4)n2)cc1,-7.19880991112301,0
b2AR-decoy_69,Cc1[nH]c(C)c(c2ccc(Oc3ccc(F)cc3)cc2)c(=O)c1Br,-7.19874095619429,0
b2AR-decoy_999,O=C(CC(Sc1ccccc1)c1ccco1)c1ccc(O)cc1,-7.19840030847339,0
b2AR-decoy_408,N#CC(=C(N)Sc1ccc(N)cc1)c1ccccc1C(F)(F)F,-7.19776009931304,0
b2AR-decoy_2022,CC(C(=O)N/N=C1\C(=O)Nc2c(Cl)ccc(Cl)c21)c1ccc(O)cc1,-7.19474314780201,0
b2AR-decoy_2388,Oc1ccc(C(c2ccc(O)cc2O)c2cc(Br)c(O)cc2O)cc1,-7.19434468279307,0
b2AR-decoy_1389,COC1=CC(=O)C=C(C[C@@]2(C)CC[C@]3(C)C(C)=CCC[C@H]3[C@H]2C)C1=O,-7.19422181437743,0
b2AR-decoy_2900,CC(C)(C)C(=O)N(CCc1ccsc1)C[C@@H]1CSC(c2ccccc2)N1C(=O)c1ccccc1,-7.19307279446815,0
b2AR-decoy_2137,O=c1c(O)c(C(c2ccccc2)c2ccccc2)oc2cc(O)cc(O)c12,-7.19298078642716,0
b2AR-decoy_330,C=C1C=CC[C@@H]2[C@@]1(C)CC[C@H](C)[C@@]2(C)Cc1cc(C(=O)OC)ccc1O,-7.18961528168127,0
b2AR-decoy_511,O=C(/C=C/c1c[nH]c2ccccc12)c1ccccc1O,-7.1895938663964,0
b2AR-decoy_925,COc1cccc(C2CC(c3ccc(O)cc3)=Nc3ccccc3S2)c1,-7.18950074452703,0
ASD03130107,Clc1cc(Cl)cc(Nc2nc(Nc3ccccc3Cl)c3ccccc3n2)c1,-7.18561118422018,1
b2AR-decoy_2019,CC(C)CC(=O)c1c(O)c(C=O)c(O)c2c1O[C@@]1(CO)[C@@H](C2)C[C@H]2C[C@@H]1C2(C)C,-7.18542815895788,0
b2AR-decoy_2789,CC1(C)C(C=C(Cl)Cl)C1C(=O)OC(C#N)c1ccc(F)c(Oc2ccccc2)c1,-7.18307339850031,0
b2AR-decoy_323,C=C1CCC[C@@H]2[C@]1(C)CC[C@H](C)[C@@]2(C)Cc1cc(O)ccc1OC(C)=O,-7.18097250675218,0
b2AR-decoy_264,C[C@@H]1CCCCO[C@@H](CN(C)S(=O)(=O)c2ccc(F)cc2)[C@H](C)CN([C@H](C)CO)C(=O)c2cc(NS(=O)(=O)c3ccc(Cl)cc3)ccc2O1,-7.18002513506841,0
b2AR-decoy_491,Oc1cc(c2cc3cccc(O)c3o2)cc(O)c1O,-7.17800389464399,0
b2AR-decoy_1714,c1ccc2cc(c3n[nH]c4ccc(C5=NN=NN5)cc43)ccc2c1,-7.17750884127082,0
b2AR-decoy_1655,CC(C)c1ccc(Sc2ccc(C(=O)C(Cl)Cl)cc2[N+](=O)[O-])cc1,-7.17674994168281,0
b2AR-decoy_4,N#C/C(=C\c1cccc2ccccc12)C(=O)c1c[nH]c2ccccc12,-7.17579480993494,0
b2AR-decoy_518,N#Cc1cc(O)cc2ccc(c3cccc(O)c3)cc12,-7.17552477981242,0
b2AR-decoy_670,CC1=CCC[C@@H]2[C@]1(C)CC[C@H](C)[C@@]2(C)Cc1cc(N2CCCC2=O)ccc1O,-7.17533613398336,0
b2AR-decoy_2834,C[C@H]1CCC([C@@H](C)[C@H]2CC[C@H]3[C@@H]4CC=C5C[C@@H](O)CC[C@]5(C)[C@H]4CC[C@@]32C)=NC1,-7.17529068687236,0
b2AR-decoy_867,COc1ccc(/C=C\c2cc(OC)c3ccsc3c2)cc1O,-7.17496104680429,0
b2AR-decoy_91,Cc1ccc(c2csc(/C(C#N)=C/Nc3ccccc3SC(F)(F)F)n2)cc1,-7.17457860925443,0
b2AR-decoy_2012,C=C1CC[C@H]2[C@@](C)(CC[C@@H](O)[C@@]2(C)CO)[C@@H]1C/C=C1\SC(=S)NC1=O,-7.17345118678702,0
b2AR-decoy_1814,COC(=O)C1=CNC(CC(CC=O)c2ccc(F)cc2)=CC1c1ccc(N(C)C)cc1Cl,-7.172981999569352,0
b2AR-decoy_3092,O=C1/C(=C\c2cccc(Oc3ccccc3)c2)SC(c2ccccc2)N1c1ccc(Cl)cc1,-7.17263377243114,0
b2AR-decoy_1998,CC(=O)C1=C(C)NC(SCC(N)=O)=C(C#N)C1c1sccc1C,-7.17174365647381,0
b2AR-decoy_2793,Cc1ccc2[nH]c(/C(C#N)=C\c3ccc(Oc4ccc(C(F)(F)F)cc4[N+](=O)[O-])cc3)nc2c1,-7.1708421056962,0
b2AR-decoy_1096,CCn1cc(/C=N/Nc2nc(c3cc4ccccc4oc3=O)cs2)c2ccccc21,-7.170310539295375,0
b2AR-decoy_318,COc1ccc(C(=O)c2c(c3ccc(OC)cc3)oc3cccc(O)c23)cc1,-7.16958384834923,0
b2AR-decoy_1892,O=[N+]([O-])c1ccc2c3ccc([N+](=O)[O-])c4ccc5ccc6ccc1c2c6c5c43,-7.16863909209329,0
b2AR-decoy_2420,C(=C(c1nc2ccccc2s1)c1nc2ccccc2s1)c1ccccn1,-7.16774405590083,0
b2AR-decoy_1813,CCOC(=O)c1oc2cc(c3ccc(OCCc4ccccc4)cc3)cc(O)c2c1C,-7.16762427929453,0
ASD03130030,O=C(Nc1ccccc1-c1ccccc1)OC1CCN(CCCCCCCCCNCC(O)c2ccc(O)c3[nH]c(=O)ccc23)CC1,-7.16460083717804,1
b2AR-decoy_2988,N#Cc1ccc(OCc2cn(Cc3ccc(C#N)c(c4ccc5ccccc5c4)c3)cn2)cc1,-7.16422087202079,0
b2AR-decoy_2121,O=C(CSCc1ccccc1)NNC(=S)Nc1cccc(Cl)c1Cl,-7.16305675397298,0
b2AR-decoy_2239,C[C@]12CC[C@H]3[C@@H](CC=C4C[C@@H](O)CC[C@@]43C)[C@@H]1CC[C@@H]2C(=O)/C=C/c1ccc(C#N)cc1,-7.16157958156131,0
b2AR-decoy_1501,O=[N+]([O-])c1ccc(CSc2nnc(c3ccc(Cl)cc3)s2)c([N+](=O)[O-])c1,-7.16001421700327,0
b2AR-decoy_2029,CC(C)(C)CC(=O)NC(C(=O)NO)c1ccc(c2cc(F)c(F)c(F)c2)cc1,-7.15730222619509,0
b2AR-decoy_699,COc1ccc(C2COc3c(ccc4c3C=CC(C)(CCC=C(C)C)O4)C2)c(O)c1,-7.15673194448839,0
b2AR-decoy_536,CC1(C)CC(=O)C2=C(C1)OC(N)=C(C#N)C2C1C=CCCC1,-7.15307765922152,0
b2AR-decoy_189,C=CC[C@H](CC(=O)NCCO)C(=O)N[C@H](COC(=O)[C@H](CC=C)CC(=O)OC(C)(C)C)Cc1c[nH]c2ccccc12,-7.15233857057974,0
b2AR-decoy_2304,Cc1nnc2sc(C(=O)NC3CN(c4cccc(F)c4F)C3)c(N)c2c1C,-7.1493969175016,0
b2AR-decoy_2256,O=C1/C(=N\c2ccc(/N=C/c3ccccc3O)cc2)c2ccccc2N1Cc1ccccc1,-7.14849278141586,0
b2AR-decoy_1097,O=C(NCc1cccs1)c1ccc2nc(c3ccco3)c(c3ccco3)nc2c1,-7.1476685155131,0
b2AR-decoy_888,CC(C)c1ccc(c2cnc3sc(NCc4ccncc4)nn32)cc1,-7.14613565294656,0
b2AR-decoy_2598,Brc1ccc([C@@H]2CC3CCC(S3)C2c2cc(c3ccccc3)no2)cc1,-7.14183083348979,0
b2AR-decoy_1225,CCNC1=CC(=O)C=C(C[C@]2(C)[C@@H](C)CC[C@]3(C)C(C)=CCC[C@H]32)C1=O,-7.1405283203432,0
b2AR-decoy_979,COCO[C@@H]1C[C@]23CC[C@H]4[C@@](C)(CCC[C@@]4(C)CO)[C@@H]2CC[C@@]1(C)C3,-7.13848761885302,0
b2AR-decoy_1928,OC(c1ccc(OC(F)(F)F)cc1)c1cc2ccccc2cc1c1cccnc1,-7.1378667328236,0
b2AR-decoy_1357,COc1cc(C(C)c2ccc3c(c2)c(C)cn3C)cc(OC)c1OC,-7.13768614302209,0
b2AR-decoy_1742,Cc1ccc2[nH]c(SCc3nnc(c4ccccc4Br)o3)nc2c1,-7.13710511752754,0
b2AR-decoy_1543,CCOC(c1ccc2c(c1)OCCO2)C(SC(C)(C)C)n1ccnc1,-7.13673679886435,0
b2AR-decoy_1861,O=C1CCCC/C=C\C[C@H](CC(=O)N(CCO)Cc2ccccc2)C(=O)N[C@@H](Cc2ccccc2)CO1,-7.13580909020542,0
b2AR-decoy_962,O=C(/C=C\N(O)Cc1ccccc1)c1ccc(c2ccccc2)cc1,-7.13579463780654,0
b2AR-decoy_1744,O=C(CSc1nc(C(F)(F)F)cc(c2cccs2)n1)NCc1ccco1,-7.13489456976237,0
b2AR-decoy_1044,CCOc1ccc2nc(SCC(=O)c3cccs3)sc2c1,-7.13407664278524,0
b2AR-decoy_766,C=CCc1cc2c(cc1O)C(C)(C)C(Cc1ccc(OC)cc1)O2,-7.13401288881011,0
b2AR-decoy_114,COc1ccc(/C=C2/C(=O)Nc3ccc(Cl)cc32)c(c2ccc(C#N)cc2)c1,-7.12830000317574,0
b2AR-decoy_791,Clc1cc2nc(SCc3ccncc3)[nH]c2cc1Cl,-7.12686401295657,0
b2AR-decoy_517,CC1=CC(C)(C)[C@@]2(O)CO[C@@H](c3ccc(O)cc3)[C@@H]1C2,-7.12527562292272,0
b2AR-decoy_2351,NS(=O)(=O)c1ccccc1NS(=O)(=O)/C=C/c1ccccc1C(F)(F)F,-7.12284958295801,0
b2AR-decoy_618,Cc1ccc(c2cc(NC(=O)C(C)Oc3ccc(C)c(C)c3)on2)cc1,-7.12145489687424,0
b2AR-decoy_615,CC1(C)Oc2ccccc2C(=O)C1(Cl)SNc1ccccc1,-7.12116803715012,0
b2AR-decoy_1704,C/C(=N\n1c(C)nc2cc3c(cc2c1=O)OCO3)c1cccs1,-7.12109038081635,0
b2AR-decoy_445,Oc1cc(Br)c(c2cc3ccccc3o2)cc1O,-7.11829323103368,0
b2AR-decoy_2546,O=C1OC(c2ccccc2Cl)=N/C1=C/c1ccc(OC(=O)c2ccccc2Cl)c(O)c1,-7.118170997467015,0
b2AR-decoy_2211,Cc1ccc(C(=O)/C=C2\Nc3ccccc3S\C2=N\CS(=O)(=O)c2ccc(C)cc2)cc1,-7.11802137078958,0
b2AR-decoy_321,O=c1[nH]cnc2c(/C=C/c3ccccc3)c(c3ccc(F)cc3)sc12,-7.11537212114079,0
b2AR-decoy_1510,COc1cc(c2c(c3ccc(SC)cc3)cnn2C)cc(OC)c1OC,-7.11382360749097,0
b2AR-decoy_298,CC(C)CN(C[C@@H](O)[C@H](Cc1cc(F)cc(F)c1)NC(=O)O[C@H]1C2CO[C@H]3OC[C@@H]1C3C2)S(=O)(=O)c1ccc2nc(NC3CC3)sc2c1,-7.11234081079145,0
b2AR-decoy_2002,Cc1ccc2[nH]c(C(C#N)=Cc3ccc(OCC(N)=O)cc3)nc2c1C,-7.10961938263336,0
b2AR-decoy_1374,CCC(C)c1cc(C=O)cc2cc(c3cccc(OC)c3)c(=O)oc12,-7.10843466075283,0
b2AR-decoy_2675,O=C(CNC(=O)c1ccccc1/N=C/c1ccc(Cl)cc1)N/N=C\c1ccc(Cl)cc1,-7.1082402785867,0
b2AR-decoy_2846,C=C1C(=O)[C@@]23CC[C@H](C(=C)C)[C@@](C)(CCC(=O)OC4CCCCC4)[C@@H]2CC[C@H]1C3,-7.10822380440312,0
b2AR-decoy_2320,CC(O)(COc1ccc(O)cc1)C(=O)Nc1ccc(C#N)c(C(F)(F)F)c1,-7.10730070523765,0
b2AR-decoy_487,CC1=CC[C@]2(O)C[C@H]1[C@H](c1ccc(O)cc1)OC2(C)C,-7.10433753065592,0
b2AR-decoy_1272,CCc1ccccc1OCc1ccccc1C(=NOC)c1ccon1,-7.10378577950775,0
b2AR-decoy_2798,Cc1ccccc1c1cc(C(OCc2ccc(Br)cc2)c2cncn2C)ccc1C#N,-7.10370763455275,0
b2AR-decoy_1200,COc1cc(O)c(C(=O)C(C)C)c2c1[C@H]1[C@@H](O2)C(C)=CC[C@@H]1C(C)C,-7.1035108443244,0
b2AR-decoy_1539,O=C(OC(Cn1ccnc1)c1ccc(Cl)cc1)c1ccc(c2ccccc2)cc1,-7.10234214859914,0
b2AR-decoy_991,CCCc1c(C/C=C(\C)C/C=C/C(C)(C)C)oc(=O)c(C)c1O,-7.10207779868036,0
b2AR-decoy_1172,C/C(=N\O)c1ccc(OCc2cc(C(F)(F)F)cc(C(F)(F)F)c2)cc1,-7.10201297571726,0
b2AR-decoy_881,Cc1cc(C)c(/C=C/[C@@H]2C[C@@H](O)CC(=O)O2)c(c2ccc(F)c(C)c2)c1,-7.09873209266834,0
b2AR-decoy_1871,COc1c(O)cc2oc(c3cc(CC=C(C)C)c(O)c(C/C=C(\C)CO)c3)c(OC)c(=O)c2c1O,-7.0982911486132,0
b2AR-decoy_478,O=C1/C(=C/c2cccc(O)c2)Cc2ccc(O)cc21,-7.09703523892048,0
b2AR-decoy_575,Nc1ccc(/C=C2\COc3ccc(Br)cc3C2=O)cc1,-7.09660520843114,0
b2AR-decoy_123,CC(C)=CCCC1(C)C=Cc2c(O)cc(/C=C/c3ccc(O)c(O)c3)cc2O1,-7.09616951284063,0
b2AR-decoy_1459,C[C@@H]1C[C@@H](O)[C@@H](O)/C=C/C=C\C(=O)O1,-7.0946854734221,0
b2AR-decoy_574,NC(=O)c1sc(Oc2ccccc2)c2c1CCc1cnsc1-2,-7.09349908620833,0
b2AR-decoy_75,COc1cc(c2ccc3c(c2)NC(=O)/C3=C\c2c[nH]c3c(C)cccc23)ccc1O,-7.09338630222842,0
b2AR-decoy_2613,O=C1/C(=C\c2ccc3ncccc3c2)CCC/C1=C/c1ccc2ncccc2c1,-7.09176034299487,0
b2AR-decoy_880,CCSC1=C(C#N)C(c2ccc3c(c2)OCO3)C2=C(O)CCCC2=N1,-7.09145991661854,0
b2AR-decoy_1978,O=C(N[C@H]1N=C(c2ccccc2F)c2cccc3c2N(CC3)C1=O)c1cc2ccccc2[nH]1,-7.09106627438344,0
b2AR-decoy_2553,O=c1cc(c2cccc(/C=C/c3ccc4ccccc4n3)c2)oc2ccc(C3=NNN=N3)cc12,-7.090558446123724,0
b2AR-decoy_258,CCC1=C(OC(=O)N(CC)CC)N2C(=O)O/C(=N\CCc3c[nH]c4ccccc34)[C@]2(Cc2ccccc2)[C@H]2C1=CC[C@H]1C(=O)NC(=O)[C@H]12,-7.08920654728379,0
b2AR-decoy_2401,COc1c(=O)c2c(O)c(CC=C(C)C)c(O)cc2oc1c1ccc(O)cc1,-7.08718085241206,0
b2AR-decoy_2863,C[C@H]1OC(=O)[C@@H]2C[C@@H]3CCCC[C@H]3[C@H](/C=C/c3ccc(c4ccccc4Cl)cn3)[C@H]12,-7.08522655220309,0
b2AR-decoy_1367,CC(C)(C)c1ccc(c2nnc(SCc3ccccc3)o2)cc1,-7.08521264485462,0
b2AR-decoy_556,N#CC1=C(N)S[C@@H](C(=O)c2ccc(F)cc2)[C@@H]1c1cccs1,-7.08488598444487,0
b2AR-decoy_3148,CCN(CC)P(=O)(/C=C(\Cl)c1ccccc1)/C=C(\Cl)c1ccccc1,-7.08430709520555,0
b2AR-decoy_2674,Cc1cc(F)ccc1Oc1cc(C(F)(F)C(F)(F)F)ccc1C(=O)Nc1cc[nH]c(=O)c1,-7.08398132998185,0
b2AR-decoy_1659,CCCCc1cn(C[C@H]2CN(c3ccc4c(c3)Oc3ccccc3O4)C(=O)O2)nn1,-7.0835637473987,0
b2AR-decoy_2562,COc1ccc(OCC(=O)Nc2nc3ccc(c4nc5cc(Cl)ccc5o4)cc3s2)cc1,-7.08271646578184,0
b2AR-decoy_1958,Cc1cc(NS(=O)(=O)Cc2ccc(NC(=O)Cc3ccc(Cl)c(Cl)c3)cc2)no1,-7.08189073938772,0
b2AR-decoy_789,O=C(N/N=C/C1=C(Cl)c2ccccc2CCC1)c1ccccc1,-7.08060661141501,0
b2AR-decoy_2819,COc1ccc(N2C(=O)[C@H](Oc3ccc(C=O)cc3)[C@@H]2c2c3ccccc3cc3ccccc23)cc1,-7.08012148571889,0
b2AR-decoy_3114,CC(C(=O)NCc1ccc(C(C)(C)C)cc1Br)c1ccc(NS(C)(=O)=O)c(F)c1,-7.07973826788592,0
b2AR-decoy_2878,O=C(/C=C/c1ccc(/C=C/C(=O)c2cccc3ccccc23)cc1)c1cccc2ccccc12,-7.07852813985362,0
b2AR-decoy_2895,C=C1CCC2[C@@](C)(C(=O)OC)CCC[C@]2(C)[C@H]1CCc1ccc2c(c1)C(=O)C=C(C)C2=O,-7.07612875770018,0
b2AR-decoy_3175,CN(C)c1ccc(/C=C(\C#N)c2nc(c3ccc(Cl)c(Cl)c3)cs2)cc1,-7.07520328745134,0
b2AR-decoy_2223,O=C(c1ccc2c(c1)OCCCO2)c1oc2cc(O)ccc2c1c1cccc2ccccc21,-7.07166516391753,0
b2AR-decoy_1589,CCCCCC[C@@H](C)/C=C(C)/C=C/C(=O)N[C@H]1C[C@]2(C=C(Cl)C(=O)[C@H](Cl)[C@H]2O)O[C@H]1OC,-7.06791145032825,0
b2AR-decoy_1570,CCc1ncnc(NC(C)c2ccc(NC(=O)N(C)CCCN(C)C(C)=O)cc2)c1Cl,-7.0678551330807,0
b2AR-decoy_525,Oc1cccc2ccc(c3cc4ccccc4[nH]3)nc12,-7.06749941597424,0
b2AR-decoy_1408,N#Cc1c[nH]c(c2nc(C(F)(F)F)c[nH]2)n1,-7.06551431136986,0
b2AR-decoy_2177,CC(C)(C)c1ccc(Oc2cccc(/C=C3/SC(=O)NC3=O)c2)cc1,-7.06129786806364,0
b2AR-decoy_1154,CC(C)=CC(=O)C/C(C)=C/CC[C@@]1(C)Oc2oc3cc(O)ccc3c(=O)c2[C@H]1C,-7.05987853862726,0
b2AR-decoy_1740,Cc1cc(/C=C(\C#N)C(=O)NCc2cccs2)c(C)n1c1ccc([N+](=O)[O-])cc1,-7.05976407203228,0
b2AR-decoy_3081,CC#C[C@]1(O)CC[C@H]2[C@@H]3CCC4=CC(=O)CCC4=C3[C@@H](c3ccc(SC)cc3)C[C@@]21C,-7.05899948817415,0
b2AR-decoy_1145,CC(=O)NCCc1ccc(OC2C=CCC(C)(C)C2)cc1c1cccc(F)c1,-7.05782371988661,0
b2AR-decoy_2775,CCS(=O)(=O)c1ccc(CC(=O)Nc2ccc(c3cc(Cl)ccc3Cl)s2)cc1,-7.05732490513335,0
b2AR-decoy_2338,O=C(NNS(=O)(=O)c1cccc(O)c1F)c1cc(F)cc(c2ccccc2)c1,-7.05674296650388,0
b2AR-decoy_249,CNC(=O)c1ccc(/C=C/C(=O)NCC(=O)N(C)c2ccc(Cl)c(COc3cccc4ccc(C)nc34)c2Cl)cn1,-7.05637558186176,0
b2AR-decoy_2085,CCCOc1cc2c(cc1C(=O)/C=C/c1ccc(OC)c(O)c1)OCS2,-7.05409533537121,0
b2AR-decoy_779,CCSc1sc(c2cc[nH]n2)c2c1C(=O)CC(C)(C)C2,-7.05084868416719,0
b2AR-decoy_1135,C/C(=N\Nc1nc(c2cc3ccccc3o2)cs1)c1cc2ccccc2o1,-7.05079881143504,0
b2AR-decoy_3178,Fc1ccc(COc2ccc(/C=C/CCSc3nc4ccccc4s3)cc2)cc1,-7.05069307836155,0
b2AR-decoy_2058,CCCOc1cc2c(cc1C(=O)/C=C/c1ccc(OC)c(O)c1)SCO2,-7.0500351689016,0
b2AR-decoy_954,O/N=C(\COc1cccc2ccccc12)c1ccc(c2ccccc2)cc1,-7.0497923323032,0
b2AR-decoy_980,CCCCCc1cc2c(c3c1CCCO3)C1C[C@H](O)CC[C@H]1C(C)(C)O2,-7.04882954261318,0
b2AR-decoy_798,CCC(CC)=NNc1nc(c2ccc(Cl)cc2)cs1,-7.04802136133048,0
b2AR-decoy_758,N#CCC(=O)Nc1csc(c2ccc(Cl)c(Cl)c2)c1,-7.046063624002,0
b2AR-decoy_2355,COc1ccc(C(c2oc(CO)cc(=O)c2O)c2c[nH]c3ccc(Cl)cc23)cc1,-7.04474391358371,0
b2AR-decoy_2219,Cc1noc2c1-c1sc(C)c(C)c1C(c1ccc(Cl)cc1)=N[C@H]2Cc1ncc[nH]1,-7.04413981048485,0
b2AR-decoy_592,O=C(/C=C/c1ccc(F)cc1)c1cccc(Oc2cccc(O)c2)c1,-7.0428370154634,0
b2AR-decoy_557,CNc1nnc(c2cc(c3ccc(F)cc3F)ccc2O)o1,-7.04225402342672,0
b2AR-decoy_393,CC1(C)C=Cc2c(cc3c(c2O)C(=O)C[C@@H](c2ccccc2O)O3)O1,-7.03970996930699,0
b2AR-decoy_3056,CSc1ccc(SC2=C(Sc3ccc(SC)cc3)C(=O)c3ccccc3C2=O)cc1,-7.03264160943296,0
b2AR-decoy_2930,C#C[C@@H](OC(=O)[C@@H]1[C@H](C=C(Br)Br)C1(C)C)c1cccc(Oc2ccccc2)c1,-7.03229633450525,0
b2AR-decoy_2625,CCS(=O)(=O)c1cccc(Oc2ccc(Cl)c(n3c(C)nc4c(Cl)cccc43)c2)c1,-7.03227834590365,0
b2AR-decoy_2839,C[C@]12CC[C@H]3[C@H]([C@@H]1CCC2=O)[C@H](CCCc1ccccc1)CC1=CC(=O)CC[C@@]13C,-7.03108288575388,0
b2AR-decoy_1117,CCCCc1nnc(C2=C(C)Nc3ccnn3C2c2ccc(Cl)c(Cl)c2)o1,-7.02782456390762,0
b2AR-decoy_54,CC(C)(O)CCC[C@@H]1C[C@@H]2C[C@H]3[C@@H]4CCc5cc(O)ccc5[C@H]4CC[C@]3(C)[C@@]21O,-7.0259873296272,0
b2AR-decoy_2049,CCN1C(=O)c2cccc3c(NS(=O)(=O)Cc4ccc(Cl)cc4)ccc1c23,-7.02392427967102,0
b2AR-decoy_1318,COc1ccc(/C=N/c2nc(c3ccccc3)cs2)cc1,-7.02324493326069,0
b2AR-decoy_1013,O=C(CCCOc1ccc(Cl)c(Cl)c1)Nc1ncc(Cl)s1,-7.02287180288229,0
b2AR-decoy_934,CCc1cccc(C)c1NC(=O)c1nnc(c2cc(Cl)ccc2Cl)o1,-7.02058412743897,0
b2AR-decoy_3132,CC(=O)CNC(=O)CC[C@@H](C)[C@H]1CC[C@H]2[C@@H]3CC[C@@H]4C[C@H](O)CC[C@]4(C)[C@H]3CC[C@@]21C,-7.01941907811119,0
b2AR-decoy_1508,CCN(CC)C(=O)C1Sc2ccc(OC)cc2-c2c1c1ccccc1n2CCF,-7.01824598812322,0
b2AR-decoy_1294,O=C(/C(=C\c1ccccc1)c1ccc(O)cc1)c1ccc(O)cc1,-7.01616350242319,0
b2AR-decoy_1229,COc1ccc(c2coc3cc(O)ccc3c2=O)cc1CC=C(C)C,-7.01586385614738,0
b2AR-decoy_627,Clc1ccccc1CSc1nc2ncc(Br)cc2[nH]1,-7.01533394749187,0
b2AR-decoy_3105,Cn1cc(CCCNC(=O)CCc2c[nH]c3ccc(Cl)cc23)c2cc(OC(F)(F)F)ccc21,-7.01499890554718,0
b2AR-decoy_1811,CCP(=O)(Cc1cccc(C(=O)Nc2cc(c3cccs3)ccc2N)c1)OC,-7.01493829204272,0
b2AR-decoy_2993,Cc1oncc1c1cnc(N)c(c2ccc(C(=O)N[C@H](CO)c3cccc(F)c3)c(F)c2)c1,-7.01461627972529,0
b2AR-decoy_854,Cc1cccc(c2nnc(SCC(=O)Nc3ccc(C)c(C)c3)o2)c1,-7.0127567735009,0
b2AR-decoy_1789,C/C=C\[C@@H]1C[C@H](OC(=O)[C@@H](C)CC)[C@@H]2[C@@H](CC[C@@H]3C[C@@H](O)CC(=O)O3)[C@@H](C)C=C[C@H]2C1,-7.01260768935362,0
b2AR-decoy_2071,CCCCCCc1cc2c(C)cc3c(c2oc1=O)C(=O)c1c(O)cccc1C3=O,-7.01201752651919,0
b2AR-decoy_562,COc1cc([C@@H]2c3cc(O)c(OC)cc3C[C@@H](C)[C@H]2C)ccc1O,-7.0116465742464,0
b2AR-decoy_2454,COc1ccc2c(c1)CC[C@@H]1[C@@H]2CC[C@@]2(C)[C@H]1C[C@H]1CCCC[C@]12C(C)=O,-7.01164424317746,0
b2AR-decoy_2780,C=C(CC)C(=O)c1ccc(OCc2nc(c3ccc4ccccc4c3)cs2)cc1Cl,-7.01100466387778,0
b2AR-decoy_1279,CC(C)c1nnc2ccc(c3ocnc3c3ccc(Cl)cc3)cn12,-7.01077316573543,0
b2AR-decoy_2229,COc1c(CC=C(C)C)c(O)cc2c1[C@@H]1Oc3c(ccc4c3C=CC(C)(C)O4)[C@@H]1CO2,-7.01072295577586,0
b2AR-decoy_2000,N#CC(=C(/N)Sc1ccccc1)/C(C#N)=C(\N)Sc1ccccc1,-7.01066329136514,0
b2AR-decoy_2661,COc1ccccc1Sc1ccc(c2ccnc(N3CCCN(C(C)=O)CC3)c2)cc1C(F)(F)F,-7.00962339442445,0
b2AR-decoy_3010,C#CCNC(=O)C1=C[C@H](c2ccc(Br)cc2)C[C@H](OCc2ccc(CO)cc2)O1,-7.00706209286741,0
b2AR-decoy_1386,N#C/C(=C\c1ccc(Cl)cc1)c1nc(c2ccco2)cs1,-7.00520818971593,0
b2AR-decoy_1866,CC(C)C(NC(=O)Cn1c(=O)c(NC(=O)Cc2ccccc2)ccc1c1ccccc1)C(=O)C(F)(F)F,-7.00503762816251,0
b2AR-decoy_2217,Cc1cc(/C(O)=C(/C([S-])=Nc2ccc(F)cc2)[n+]2ccccc2)c(C)n1c1ccc(F)cc1,-7.00414218799485,0
b2AR-decoy_1311,C(=C/c1cccs1)\c1noc(/C=C/c2cccs2)n1,-7.00400832687806,0
b2AR-decoy_76,COc1cccc(C2CC3=Nc4ccc(F)cc4SC3=C(O)C2)c1OC,-7.00258829746233,0
b2AR-decoy_3129,CCN(CC(=O)Nc1ccccc1C(F)(F)F)C(=O)c1ccc(NC(=O)c2cccs2)cc1,-6.99663805494932,0
b2AR-decoy_130,CC(Br)C(=O)Nc1ccc(C(=O)/C=C/c2ccc(Cl)cc2)cc1,-6.99636596993162,0
b2AR-decoy_749,O=C1c2c(cccc2OCc2ccccc2)CC1Cc1ccc(O)cc1,-6.99573190828919,0
b2AR-decoy_2135,N#C/C(=C(/N)Sc1ccccc1N)c1cccc(C(O)c2cccc(F)c2)c1,-6.99538246773541,0
b2AR-decoy_1681,Cc1occc1C(=O)N(C)Cc1nc(c2ccc(Cl)cc2)no1,-6.9953193131301,0
b2AR-decoy_1074,O=[N+]([O-])c1cc(O)cc(c2nnc(SCc3ccc(Cl)c(Cl)c3)o2)c1,-6.99345720065075,0
b2AR-decoy_695,C=C1/C(=C\C=C2/CCC[C@@]3(C)[C@H]2CC[C@@H]3C(C)(C)CC)C[C@@H](O)/C(=C\CCO)[C@@H]1O,-6.9918516018235,0
b2AR-decoy_2102,CC(O)(c1ccccc1)c1cccc(/C(C#N)=C(\N)Sc2ccccc2N)c1,-6.98996944642176,0
b2AR-decoy_2815,O=C(/C=C/c1cn(c2ccccc2)nc1c1ccc(OCc2ccccc2)cc1)c1ccccc1,-6.98824699983163,0
b2AR-decoy_2100,COc1ccc([C@H]2O[C@@H](c3ccc(OC)cc3)[C@H](C)/C(=N/NC(N)=S)[C@H]2C)cc1,-6.98476100438862,0
b2AR-decoy_1746,CC[C@@H]1[C@@H](C)C[C@@]2(O)C(=O)O[C@H](C)[C@H]2[C@H]1/C=C/c1ccc(c2ccoc2)cn1,-6.98383492616521,0
b2AR-decoy_2156,CO[C@]1(c2cc(F)cc(Sc3ccc(/C(C)=N/O)cc3)c2)CCO[C@@H](C)C1,-6.98332865191992,0
b2AR-decoy_2259,Oc1ccc(c2ccc(c3c(Cc4ccc(O)cc4O)sc4ccccc43)cc2)cc1,-6.98267703488487,0
b2AR-decoy_1590,Cc1cnc(NC(=O)[C@@H]2C[C@H]3CCCC[C@@H]3N2C(=O)[C@H](CC2CCCC2)CN(O)C=O)s1,-6.98007545177576,0
b2AR-decoy_492,COc1cc(c2cccc(O)c2F)cc(OC)c1O,-6.97863119395499,0
b2AR-decoy_2132,Cc1cccc(C(=O)c2cccc(/C(=N/NC(N)=S)c3cccc(C)c3)c2)c1,-6.97790287653568,0
b2AR-decoy_2773,O=c1c(/C=C/C(O)c2ccc(F)cc2)coc2cccc(OCC3CCCCC3)c12,-6.97594526660716,0
b2AR-decoy_218,Cc1ccc(S(=O)(=O)N(C)C[C@@H]2Oc3c(NC(=O)c4ccc(c5nccs5)cc4)cccc3C(=O)N([C@@H](C)CO)C[C@@H]2C)cc1,-6.9757818355137,0
b2AR-decoy_1479,C[C@@H]1C[C@H](O)/C=C/[C@@H](O)CCC(=O)O1,-6.97426902924851,0
b2AR-decoy_2771,CC(C)c1nc(C(=O)NCc2ccc(Cl)c(F)c2)c(c2ccc(C#N)cc2)s1,-6.97299537056257,0
b2AR-decoy_2296,CC(C)=CC[C@H]1C(C)=CC[C@@H](c2ccccc2)[C@@H]1C(=O)c1c(O)cc(O)cc1O,-6.97147197202119,0
b2AR-decoy_2460,CC1(C)[C@H]2CC[C@]1(C)[C@H](OP(=S)(S)O[C@@H]1C[C@@H]3CC[C@@]1(C)C3(C)C)C2,-6.97014729664627,0
b2AR-decoy_1891,Cc1cc2c(cc1C(=O)/C=C/c1ccc(C#N)cc1)C(C)(C)CCC2(C)C,-6.96978054340441,0
b2AR-decoy_1970,CCN(CC(=O)Nc1c(F)cccc1F)C(=O)CCc1nc(O)c2c3c(sc2n1)CCCC3,-6.96764903495241,0
b2AR-decoy_2548,Cc1cccc(c2nn(CC(=S)Nc3cccc(C#N)c3)cc2c2ccnc(c3ccccc3)c2)n1,-6.96617210421972,0
b2AR-decoy_2892,Cc1cc(O)ccc1NC(=O)c1ccccc1Sc1ccc2c(/C=C/c3ccccn3)n[nH]c2c1,-6.96512646051643,0
b2AR-decoy_3083,Cc1nc2cnccc2n1c1ccc(OCc2cccc(/C=C/c3ccc4ccccc4n3)c2)cc1,-6.96426525831956,0
b2AR-decoy_2163,Cc1ccc(C)c(NC(=O)CCc2nc(c3ccc(C(C)(C)C)cc3)no2)c1,-6.963896035784655,0
b2AR-decoy_2502,C=C(C)C(=O)c1ccc(OCc2nc(c3ccc([N+](=O)[O-])cc3)cs2)cc1Cl,-6.96299036675862,0
b2AR-decoy_1375,CCC(=O)c1cc2c(Oc3ccc(Cl)cc3)cncc2s1,-6.96176637606108,0
b2AR-decoy_1867,O=C(Cc1ccccc1)Nc1ccc(SCCc2nnc(NC(=O)Cc3ccccc3)s2)nn1,-6.96114175414625,0
b2AR-decoy_3077,COc1ccc(n2nnc(/C=C\C=C\N3c4ccccc4Sc4ccc(Cl)cc43)n2)cc1,-6.96011522363707,0
b2AR-decoy_417,CC(=O)CC[C@H]1C[C@]2(C)[C@@H](O)CC[C@H]2[C@@H]2CCc3cc(O)ccc3[C@@H]12,-6.95605474609784,0
b2AR-decoy_1918,Fc1ccc(F)c(COC(Cn2ccnc2)c2ccc(Cl)cc2Cl)c1,-6.95560864363339,0
b2AR-decoy_1171,C/C(=N\Nc1nc(c2cc(C)ccc2C)cs1)c1cc2ccccc2oc1=O,-6.95539821523116,0
b2AR-decoy_360,Cc1cc2oc(=O)cc(c3ccccc3)c2c(C)c1c1ccc(C(C)O)cc1,-6.95268311797122,0
b2AR-decoy_95,O=Cc1cc(Cl)c(OCc2cccc(c3ccccc3)c2Br)cc1O,-6.95255365424093,0
ASD03130065,Fc1ccc(Nc2nc(NC3CCCCC3)c3ccccc3n2)cc1Cl,-6.95249454201293,1
b2AR-decoy_2975,COc1ccc(c2csc(C3=C(C)[C@@H]4CC[C@@H](C)[C@@H]5CC[C@@]6(C)OO[C@@]45[C@H](O3)O6)n2)cc1,-6.95131653646646,0
b2AR-decoy_1639,COc1noc2c(C)cc(/C(=C\CCN3CCOC3=O)c3cccc(C#N)c3)cc12,-6.95099481123739,0
b2AR-decoy_457,Nc1c(Cl)cc(C(=O)N2C3CC4CC(C3)CC2C4)cc1Cl,-6.95041221028893,0
b2AR-decoy_1833,CC[C@@H](NC(=O)c1cc(C(=O)N[C@H](C)c2ccc(F)cc2)n2c1COCC2)c1ccc(OC)nc1,-6.95021791127559,0
b2AR-decoy_2237,N#Cc1ccc(Oc2ccc(/C=C3\SC(=O)NC3=O)c3ccccc23)cc1C(F)(F)F,-6.9482953497272,0
b2AR-decoy_767,N#C/C(=C\c1ccccc1C(F)(F)F)C(=O)Nc1ccccc1F,-6.94508240850244,0
b2AR-decoy_2361,Cc1ccc(Cc2cc(O)c(O)cc2c2cc(=O)c3c(O)cc(O)cc3o2)cc1,-6.94353458721594,0
b2AR-decoy_524,O=C(NNc1ccccc1C(F)(F)F)c1cccs1,-6.94170487318904,0
b2AR-decoy_1081,COC(=O)c1c(NC(=O)C2c3ccccc3Oc3ccccc32)sc(C)c1C,-6.94138529670876,0
b2AR-decoy_2891,FC(F)Oc1ccc(c2csc(COc3ccc(C4SCCS4)cc3)n2)cc1,-6.93868016935672,0
b2AR-decoy_550,CCOC(=O)c1c(C)[nH]c(/C=C2/C(=O)Nc3ccccc32)c1C,-6.93848113544343,0
b2AR-decoy_644,N#C/C(=C/c1ccc(O)cc1)c1nc(c2ccc(c3ccccc3)cc2)cs1,-6.93832575460556,0
b2AR-decoy_366,N#Cc1ccc(C(=O)c2sc3cc(O)ccc3c2c2ccc(F)cc2)cc1,-6.93799892365127,0
b2AR-decoy_1562,CCC(C)(C)NC(=O)C(c1ccco1)N(C(=O)CNC(=O)c1cccs1)c1cccnc1,-6.93720461138683,0
b2AR-decoy_35,Cc1ccccc1COc1ccccc1/C=C/C=C1\SC(=S)NC1=O,-6.9370637616554,0
b2AR-decoy_3030,COc1ccc(C(NC(=O)CN2C(=O)NC3(CCc4ccccc43)C2=O)c2ccccc2)cc1,-6.93681123337407,0
b2AR-decoy_1981,CCCCOC(=O)NCc1nc(c2nc(C)cs2)c(c2ccc3ncsc3c2)[nH]1,-6.93511551958574,0
b2AR-decoy_385,NS(=O)(=O)c1ccc(C2=C(c3ccc4c(c3)OCO4)CCC2)cc1,-6.93483520076122,0
b2AR-decoy_889,CCCCCc1cc2c(=O)c(c3nc(C)cs3)coc2cc1O,-6.93438310782488,0
b2AR-decoy_2347,C[C@H](C(=O)NO)N1CCNc2cc(Oc3ccc(C(F)(F)F)cc3)ccc2S1,-6.93358555325699,0
b2AR-decoy_2392,COc1c(=O)c2c(O)cc(O)cc2oc1c1ccc(O)c(CC=C(C)C)c1,-6.93357437003888,0
b2AR-decoy_1729,COc1cccc(c2cc(C(=O)Nc3ccn(Cc4ccc(C)cc4)n3)no2)c1,-6.93351421146738,0
b2AR-decoy_133,CC(=O)N[C@@H](C)/C=C/c1ccc(Oc2ccc3nc(C)sc3c2Cl)nc1,-6.93189106195055,0
b2AR-decoy_1908,C=C[C@]1(C)CC[C@@H](C(=C)C)C[C@H]1C(=C)COC(=O)c1ccc(Cl)cc1,-6.92844270079144,0
b2AR-decoy_429,CCn1c2cc(O)ccc2c2ccc3ccc(O)cc3c21,-6.9270927663713,0
b2AR-decoy_3123,O=C(NCc1ccccc1)C1=C[C@H](c2csc3ccccc23)C[C@H](OCc2ccc(CO)cc2)O1,-6.92649269248939,0
b2AR-decoy_760,CSc1sc(c2cc[nH]n2)c(c2ccccc2)c1C#N,-6.92628506083074,0
b2AR-decoy_573,Cc1cccc(Sc2cncc3sc(C(N)=O)cc23)c1,-6.92558685017269,0
b2AR-decoy_1829,CCn1c(CNC(=O)c2ccco2)nnc1SCC(=O)Nc1ccc(Br)cc1F,-6.92406273939558,0
b2AR-decoy_1651,N#Cc1ccc(c2cnc(C(=O)CCCCCCc3ccccc3)o2)cc1,-6.92364849412665,0
b2AR-decoy_1750,COc1cc(O)c(C(=O)/C=C/c2ccc(OC)c(Br)c2)c(OC)c1,-6.92166528400468,0
b2AR-decoy_1556,CCCS(=O)(=O)NCc1nc(c2ccc(C(=O)NCCC(F)(F)F)cc2)cs1,-6.92161686047172,0
b2AR-decoy_634,CC(C)(C)c1ccc(/C=C/C(=O)Nc2cccc3cnccc23)cc1,-6.91961869100005,0
b2AR-decoy_1379,c1ccc(OC(Cn2ccnc2)c2ccc3ccccc3c2)cc1,-6.91960397501154,0
b2AR-decoy_198,COc1ccc(Cn2c(CCc3ccccc3)nnc2[C@@H](Cc2c[nH]c3ccccc23)NC(=O)CNC(=O)/C(C#N)=C/c2ccc(F)cc2)cc1,-6.91936810652982,0
b2AR-decoy_635,CC(C)(C)Nc1oc(c2ccccc2)nc1C=Cc1ccccc1,-6.91748503193192,0
b2AR-decoy_1756,COc1cc(/C=N\Nc2nc(c3ccc(C)cc3)c(NC(C)=O)s2)ccc1O,-6.91718541317822,0
b2AR-decoy_1660,CCC(C)C(=O)OC1c2c(ccc3ccc(=O)oc23)OC(C)(C)C1OC(=O)C(C)CC,-6.91685318582796,0
b2AR-decoy_674,C(=C/c1n[nH]c2cc(c3ccncc3)ccc12)\c1ccc2ccccc2c1,-6.91511863683503,0
b2AR-decoy_361,C[C@H](NC(=O)/C=C/c1ccccc1F)c1cccc(c2ccc(F)nc2)c1,-6.91470369573576,0
b2AR-decoy_1697,Cc1cs/c(=N\N=C\c2ccccc2)n1Cc1ccco1,-6.91266191773328,0
b2AR-decoy_2640,CCC(=O)N1CCOc2c(cc(c3csc4ccccc43)cc2OCCc2ccccn2)C1,-6.91200799960476,0
b2AR-decoy_2023,O=C1Nc2ccccc2/C1=N/NC(=S)Nc1ccc(OC(F)(F)F)cc1,-6.91076030951451,0
ASD03130034,Fc1cccc(Nc2nc(NC3CCCCC3)c3ccccc3n2)c1,-6.91074873985583,1
b2AR-decoy_2118,O=c1cc(c2cc(O)c(O)c(Cc3ccc(Cl)cc3)c2)oc2cc(O)cc(O)c12,-6.9105913496043,0
b2AR-decoy_1797,O=C(NCc1ccc2c(c1)OCO2)c1ccc(CSCc2ccc(Cl)cc2)o1,-6.91039458795307,0
b2AR-decoy_2228,C[C@H](CC[C@H](O)C(C)(C)O)[C@H]1CC[C@@]2(C)[C@@H]3CC[C@H]4C(C)(C)[C@@H](O)CC[C@@]45C[C@@]35CC[C@]12C,-6.91016338841353,0
b2AR-decoy_1188,COc1cccc(c2sc3ccc(OC)cc3c2C#CCC(C)O)c1,-6.9098648296029,0
b2AR-decoy_2907,S=c1[nH]nc(COc2ccccc2Cl)n1/N=C/c1ccc(c2ccc(Cl)cc2Cl)o1,-6.90665935482739,0
b2AR-decoy_1846,CCC(O)C(CC(F)F)(c1ccc(C(F)(F)F)cc1)n1ncc2c(NS(C)(=O)=O)cccc21,-6.90665791300352,0
b2AR-decoy_1973,Cc1ccc(O)c2c3c(nn12)CCC(C)(NC(=O)c1ccc(n2cccn2)cc1Cl)C3,-6.90234366829582,0
b2AR-decoy_276,COc1cc(c2n[nH]c3ccc(NC(=O)[C@]4(SC)CC[NH+](CC(=O)N5CC=C(c6ccc(c7ncccn7)cc6)CC5)C4)cc32)ccn1,-6.90172043423218,0
b2AR-decoy_108,CCCc1cc(=O)oc2cc(c3cccc4c3Sc3ccccc3S4)cc(O)c12,-6.90105082832638,0
b2AR-decoy_1657,O=C(/C=C/c1ccccc1)OC(Cn1ccnc1)c1ccc(Cl)cc1,-6.90033459401377,0
b2AR-decoy_2136,Cn1cc(C2=C(c3cn(C)c4ccc(O)cc34)C(=O)NC2=O)c2ccccc21,-6.89965804736273,0
b2AR-decoy_986,Cc1[nH]c(C)c(c2ccc(OCc3ccc(F)cc3)cc2)c(=O)c1Cl,-6.89919846371525,0
b2AR-decoy_1822,CC(C)CCN1C(=O)CCc2cc(NC(=O)COc3ccc(Cl)cc3)ccc21,-6.89862066394006,0
b2AR-decoy_1248,Cc1noc(c2ccc3occ(c4ccc([S+](C)[O-])cc4)c3c2)n1,-6.89850185199775,0
b2AR-decoy_135,CC1(C)CCC[C@@]2(CO)[C@H]1CC[C@@]1(C)[C@@H]3CC=C(C=O)[C@H](C=O)[C@@]3(C)CC[C@@H]12,-6.8974257817448,0
b2AR-decoy_1864,CC(=O)N1CCc2cc(S(=O)(=O)NC(CC(C)C)C(=O)Nc3ccc(C(C)C)cc3)ccc21,-6.89733144386266,0
b2AR-decoy_142,COc1cc(Br)cc(/C=N\c2cccc(C(F)(F)F)c2)c1O,-6.89573055165256,0
b2AR-decoy_917,Oc1cccc(/C=C/c2cc(O)cc(/C=C/c3cccc(O)c3)c2)c1,-6.89484977250148,0
b2AR-decoy_129,CCCC[C@@H]1C[C@H]2[C@@H]3CCC4=CC(=O)CC[C@]4(C)C3=CC[C@]2(C)[C@H]1C(=O)CO,-6.89437906270013,0
b2AR-decoy_1361,Cc1nc2c(OCc3c(Cl)cccc3Cl)cccn2c1Cl,-6.89312600520374,0
b2AR-decoy_1323,CC(C)=CCC[C@@H](C)c1c2ncc[nH]c-2c(C)c(=O)c1O,-6.8921734973315,0
b2AR-decoy_908,COc1ccc(C2CC(c3cccc(O)c3)=Nc3ccccc3S2)cc1,-6.89208808252581,0
b2AR-decoy_1848,C=C(C)[C@H](O)[C@H](C[C@@](C)(O)/C=C/c1c(OC)ccc2ccc(=O)oc12)c1c(OC)ccc2ccc(=O)oc12,-6.89207173480465,0
b2AR-decoy_70,Cc1cc(C2=C(/C=C/C3CC(O)CC(=O)O3)C(C)(C)CC(C)(C)C2)ccc1F,-6.89099572164545,0
b2AR-decoy_1220,CCSc1cc(C2C3=C(O)CCCC3=NC(C)=C2C(=O)OC)c(C)o1,-6.89060498046599,0
b2AR-decoy_2090,Cc1cc(C)cc(COC(=O)c2cc(/N=C/c3cc(O)ccc3O)ccc2O)c1,-6.89011473181546,0
b2AR-decoy_495,CC(=O)N[C@@H]1CC/C(C)=C/CC(C)(C)/C=C/[C@H](O)[C@@H]1C,-6.88705122139418,0
b2AR-decoy_3136,O=C(COC(=O)CCCNC(=O)c1ccc(Cl)cc1)Nc1cc(Cl)c(Cl)cc1Cl,-6.88489418477456,0
b2AR-decoy_1976,O=C(N/N=C/c1cc(F)ccc1O)c1ccc(Br)cc1Br,-6.88030749510276,0
b2AR-decoy_2301,Cc1ccc(C(=O)Nc2cc(C(=O)[O-])cc(c3ccc(C4CC[NH2+]CC4)cc3)c2)cc1,-6.88014092949136,0
b2AR-decoy_692,O=C(NC(=O)c1c(Cl)cccc1Cl)OCc1ccc(c2ccccc2F)o1,-6.877542480025864,0
b2AR-decoy_2845,O=C(c1ccccc1Cl)c1scnc1c1cc(Br)cc(C(F)(F)F)c1,-6.8771810920242,0
b2AR-decoy_770,COCc1cc2[nH]ncc2cc1c1ccccc1C(F)(F)F,-6.87669820254147,0
b2AR-decoy_1629,[O-][S+](Cc1cc(Oc2ccccc2)nc(c2ccccc2)n1)c1ccccc1,-6.87573822746858,0
b2AR-decoy_2813,C[C@H]1CC[C@@H]2C(C)(C)[C@H](OS(C)(=O)=O)CC[C@@]2(C)[C@@H]1/C=C/c1ccc(c2cccc(F)c2)cn1,-6.87517129484805,0
b2AR-decoy_2710,CCOc1c(Cl)cccc1c1ccc([C@@H](C)NC(=O)C2(NC(=O)C(F)(F)F)CC2)c(F)c1,-6.87494154103503,0
ASD03130045,Fc1ccccc1CNc1nc(NC2CCCCC2)c2ccccc2n1,-6.8717701408806,1
b2AR-decoy_1525,CC(=O)c1sc(SCCS(=O)(=O)c2ccc(Cl)cc2)c2c1CCCC2=O,-6.87039870335738,0
b2AR-decoy_1056,CCN(Cc1nc(c2ccc(OC)cc2)no1)C(=O)c1ccoc1C,-6.87004162183,0
b2AR-decoy_157,CCC(=O)CCCCC[C@@H]1NC(=O)[C@H]2CCCCN2C(=O)[C@H]([C@@H](C)CC)NC(=O)[C@H](CC2CN(OC)c3ccc(Br)cc32)NC1=O,-6.86925418740845,0
b2AR-decoy_87,Cc1cc(C)c(c2csc(NC(=O)/C=C/c3ccc(C(F)(F)F)cc3)n2)c(C)c1,-6.86706245859853,0
b2AR-decoy_3161,Clc1ccc(CO/N=C/c2c(c3ccc4ccccc4c3)nc3occn23)cc1Cl,-6.8650385780464,0
b2AR-decoy_2673,[C-]#[N+]c1ccc(N[C@@H](c2nnc(c3ccc(I)cc3)o2)[C@H](C)O)c(C)c1Cl,-6.86349798870228,0
b2AR-decoy_843,O=C(Nc1ccc(Sc2ccc(Br)cc2)cc1)c1ccco1,-6.86269400707878,0
b2AR-decoy_697,Cc1[nH]c(C)c(c2ccc(Oc3ccc(Cl)cc3)cc2)c(=O)c1Br,-6.86228238478587,0
ASD03130037,c1ccc(Nc2nc(NC3CCCCC3)c3ccccc3n2)cc1,-6.85929782044132,1
b2AR-decoy_2672,CCOc1cc(c2nc3ccccn3c2/N=C/c2cc(Br)ccc2O)ccc1O,-6.85920784654543,0
b2AR-decoy_2822,CC(=O)c1cccc(C(=O)O[C@H]2CCC[C@@]3(C)[C@H]2CC[C@@H]3[C@H](C)CCCC(C)C)c1,-6.85773831626566,0
b2AR-decoy_1203,CC(=O)c1ccc2[nH]c(SCc3cc(C(C)(C)C)ccn3)nc2c1,-6.8568945527512,0
b2AR-decoy_930,CCCOC1Oc2ccc(F)cc2-c2ccc3c(c21)C(C)=CC(C)(C)N3,-6.85523222860346,0
b2AR-decoy_629,N#C/C(=C\c1ccc(c2cccs2)s1)c1nc2ccccc2[nH]1,-6.85424676720856,0
b2AR-decoy_2829,CCCCc1oc2ccccc2c1Cc1ccc2c(Br)c(OCn3cnnn3)ccc2c1,-6.85421122803679,0
b2AR-decoy_2194,Cc1cccc(C)c1NC(=O)CSc1nc(C(F)(F)F)cc(c2cccs2)n1,-6.85304137832011,0
b2AR-decoy_1734,COc1ccc(C(C)(C)C)cc1NC(=O)COc1ccc(c2nnco2)cc1,-6.85197574256244,0
b2AR-decoy_1962,N#Cc1cc(S(=O)(=O)Nc2nccs2)ccc1Oc1ccc(F)cc1c1ccc(CO)cc1,-6.85189650503357,0
b2AR-decoy_359,COc1cc(C)c(/C=C(\C#N)C(=O)Nc2ccc(C)cc2)cc1C(C)C,-6.85046027708689,0
ASD03130046,O=[N+]([O-])c1cccc(Nc2nc(NC3CCCCC3)c3ccccc3n2)c1,-6.85000430972685,1
b2AR-decoy_496,O=C1NCCc2c(c3ccccc3)[nH]c3cccc1c23,-6.84905122611401,0
b2AR-decoy_982,C[C@]12CCC(=O)CC1CC[C@@H]1[C@@H]2CC[C@]2(C)[C@@H](O)[C@H](CCCN=[N+]=[N-])C[C@@H]12,-6.84786140282654,0
b2AR-decoy_846,Cc1nc(c2cc(c3c(C)cccc3C)ccc2OCc2ccccc2)[nH]c1C,-6.84784546969092,0
b2AR-decoy_786,CCC(C)c1ccc2c(c1)COP(=S)(NCC(C)C)O2,-6.84698093108214,0
b2AR-decoy_2279,Cc1cccc(NC(=O)CSc2nc(c3cccs3)cc(C(F)(F)F)c2C#N)c1C,-6.84668396916379,0
b2AR-decoy_2855,Cc1ccc2cccc(OCc3cccc(COc4cccc5ccc(C)nc45)c3)c2n1,-6.84663500446485,0
b2AR-decoy_3130,Cc1ccc(c2nnc(SCC(=O)c3ccc(CC(N)=O)s3)nc2c2ccc(C)cc2)cc1,-6.84596366090448,0
b2AR-decoy_1549,N#CN1CC(OC(c2ccccc2)c2cc(c3ccon3)cc(c3ccon3)c2)C1,-6.84505627163757,0
b2AR-decoy_1343,CCn1c(SCc2c(F)cccc2Cl)nnc1c1ccco1,-6.84347762545806,0
b2AR-decoy_1672,O=C1C=CC2(C=C1)OCC(c1ccc(c3ccoc3)cc1)O2,-6.84327274385457,0
b2AR-decoy_1786,COC(=O)C(C)c1ccc(c2ccc(O)c(C(=O)/C=C/c3ccccc3OC)c2)c(F)c1,-6.84265975802641,0
b2AR-decoy_1014,Cc1ccc(NC(=O)CSc2cccc3cccnc23)c(C)c1,-6.84219074818698,0
ASD03130056,CS(=O)(=O)c1cccc(Nc2nc(NC3CCCCC3)c3ccccc3n2)c1,-6.84126813286693,1
b2AR-decoy_1741,Cc1cccc(c2ocnc2C(=O)Nc2cnn(CCN3CCc4ccccc43)c2)c1,-6.83915361439583,0
b2AR-decoy_813,CCC(C)C(=O)c1c2c(c3oc(=O)cc(c4ccccc4)c3c1O)C=CC(C)(C)O2,-6.83894698382345,0
b2AR-decoy_2148,CO/C(O)=C1\C(C)=NC2=C(C(=O)CC(c3cccs3)C2)C1c1ccsc1,-6.83874222218896,0
b2AR-decoy_3051,COc1ccc2cc(c3cn(Cc4nc(c5ccccc5)c(c5ccccc5)o4)nn3)ccc2c1,-6.83797019526357,0
b2AR-decoy_3075,Fc1ccc(C2=Nc3c(Sc4ccccc4)ncnc3Sc3ccccc32)cc1,-6.8375899547456,0
b2AR-decoy_2739,Cc1cc(S(=O)(=O)Nc2ccc(/N=C/c3cccs3)cc2)c2c(C)ccc(C(C)C)cc1-2,-6.83681948091437,0
b2AR-decoy_1355,Cc1nnc(Sc2ncnc3scc(c4ccccc4)c23)s1,-6.83656073009703,0
b2AR-decoy_851,Cc1c(O)nc(SCc2cccc(C#N)c2)nc1Cc1c(Cl)cccc1Cl,-6.83483735942434,0
b2AR-decoy_1426,C/N=C1/C=C(O)/C(=N/C)C=C1O,-6.83474001573399,0
b2AR-decoy_443,Oc1ccc(c2nc(Cc3ccc(Cl)cc3)no2)cc1O,-6.83256609592887,0
b2AR-decoy_571,O=C(/C=C/c1ccc(c2cc(F)c(F)c(F)c2)cc1Cl)NO,-6.8316437129382,0
b2AR-decoy_2479,CCCc1nnn(c2c(Cl)cc(C(F)(F)F)cc2Cl)c1CCl,-6.83075185580895,0
b2AR-decoy_2991,COc1ccc(n2c(O)cc(=O)nc2SCC(=O)Nc2ccc(Br)cc2)cc1,-6.83057518025179,0
b2AR-decoy_1184,CSCSC1=C(C#N)C(c2ccccc2Cl)C(C(C)=O)=C(C)N1,-6.82790412147276,0
b2AR-decoy_1951,CC1(C)OC2=C(C(=O)/C(=N\NC(=O)c3ccncc3)c3ccccc32)C1Nc1ccccc1,-6.82726379555171,0
b2AR-decoy_3118,CCCCS(=O)(=O)N[C@H]1CC=C[C@H](c2ccc(OC)cc2)N(Cc2ccc(F)cc2)C(=O)C1,-6.82717033173704,0
b2AR-decoy_1293,Oc1ccc(Cc2cocc2Cc2ccc(O)cc2)cc1,-6.82689589896171,0
b2AR-decoy_970,Cc1ccc(c2nc(SSc3ccc(Cl)cc3)n[nH]2)cc1,-6.8247605632094,0
b2AR-decoy_1792,c1ccc(Cn2cc(CNc3ccccc3c3nnc(c4ccccc4)o3)nn2)cc1,-6.824187070589471,0
b2AR-decoy_2504,Cc1cc(C)n(CCc2nc(c3ccc(C(C)(C)C)cc3)cs2)n1,-6.824146103620166,0
b2AR-decoy_743,CCC1(c2cccs2)OCC(=O)Nc2ccc(c3ccc(F)c(Cl)c3)cc21,-6.82294875528944,0
b2AR-decoy_3014,CCC(C)(C)C(=O)O[C@H]1CC(C)=CC2=CC(O)[C@H](C)[C@H](CC[C@@H]3C[C@@H](O)CC(=O)O3)[C@H]21,-6.82083710389145,0
b2AR-decoy_922,C=C(C)CC1Oc2cccc(OC)c2-c2ccc3c(c21)C(C)=CC(C)(C)N3,-6.82080324066279,0
b2AR-decoy_3065,CC(C)CCC[C@@H](C)[C@H]1CC[C@H]2[C@@H]3C(C=O)=C4C[C@@H](O)CC[C@]4(C)[C@H]3CC[C@@]21C,-6.82061157116056,0
b2AR-decoy_3109,CCCCN1C(=O)c2[nH]nc(c3ccccc3O)c2C1c1ccc(OCc2ccccc2)cc1,-6.81900927857644,0
b2AR-decoy_576,N#Cc1c(N)c(C#N)c(c2ccc3c(c2)OCO3)c2c1CCCC2,-6.81708461588508,0
b2AR-decoy_2836,CC(C)C(=O)N(N=Nc1cc(C(F)(F)F)ccc1C#N)c1cc(C(F)(F)F)ccc1C#N,-6.81642308897797,0
b2AR-decoy_1783,C=C(CC)C(=O)c1ccc(OCC(=O)Nc2ccc(C#N)cc2)c(Cl)c1Cl,-6.81542569889009,0
b2AR-decoy_2954,Cc1cccc(Oc2nc3c(C)cccn3c(=O)c2/C=C(\C#N)c2nc3ccccc3s2)c1,-6.81509927440077,0
b2AR-decoy_3150,O=C(/C=C/c1ccccc1OCc1ccccc1)/C=C/c1cccc(Cl)c1Cl,-6.81455461730118,0
b2AR-decoy_483,CC(C)C1Cc2c(C#N)c(N)sc(=S)c2CO1,-6.81446304458772,0
b2AR-decoy_785,O=c1cc(C(c2ccccc2)c2ccccc2)oc2cc(O)ccc12,-6.81310732076868,0
b2AR-decoy_952,C=CCC1Oc2ccc(F)c(OC)c2-c2ccc3c(c21)C(C)=CC(C)(C)N3,-6.81282283000504,0
b2AR-decoy_1208,Cc1ccc(c2cc(NC(=O)COc3ccc(Cl)c(C)c3)on2)cc1,-6.81082331435934,0
b2AR-decoy_215,O=C(Cc1cccc(OC(F)(F)F)c1)Nc1ccc(CCCCc2nnc(NC(=O)Cc3cccc(OC(F)F)c3)s2)nn1,-6.80757309043824,0
b2AR-decoy_1788,CCCc1cc(Oc2ccccc2OCCn2ccc(=O)[nH]c2=O)c(C)c2cc(C#N)ccc12,-6.80755843244819,0
b2AR-decoy_1290,COc1nn(C)c(C(F)(F)F)c1Cc1ccc(SC)cc1,-6.80369984744826,0
b2AR-decoy_2461,Cc1ccc(C2OOC(c3ccc(/C=N\c4ccc(Cl)cc4)cc3)OO2)cc1,-6.80358271997264,0
b2AR-decoy_216,CCCCc1c(Cc2ccc(c3ccccc3c3nc(=O)o[nH]3)cc2)c(=O)n([C@H]2CC[C@H](OCC(C)(C)O)CC2)c2ncnn12,-6.80039108025106,0
b2AR-decoy_85,CC(C)c1cc(C(C)(C)C)cc(c2ccc(F)cc2)c1OCC1C[C@@H](O)CC(=O)O1,-6.79836803881823,0
b2AR-decoy_538,CN(C(=O)c1ccc(c2ccccc2O)s1)c1cccc(O)c1,-6.7982165430355,0
b2AR-decoy_1286,CCN(CC)c1cc2oc(=O)ccc2cc1c1cccs1,-6.79785974167362,0
b2AR-decoy_431,Cc1c2ccc(O)cc2oc(=O)c1c1ccc(O)cc1Cl,-6.79514313576493,0
b2AR-decoy_1909,O=C(O[C@H]1CCC(=C2SCCCS2)[C@H]1C1SCCCS1)c1ccccc1,-6.79503814747513,0
b2AR-decoy_1587,COc1ccc(Cn2c(C(=O)[O-])c(C[NH2+]Cc3ccc(SC)cc3)c3ccc(OC)cc32)cc1,-6.79463770034839,0
b2AR-decoy_522,O=c1cc(c2ccc(O)c(O)c2)oc2ccccc12,-6.79399677802213,0
b2AR-decoy_966,CCCCCc1cc(O)c2c(c1)OC(C)(C)[C@@H]1CC[C@@]3(C)O[C@H]3[C@@H]21,-6.7939449324947,0
b2AR-decoy_380,CC1(C)C=Cc2c(ccc3c(=O)c(c4ccc(O)cc4O)coc23)O1,-6.79253884526369,0
b2AR-decoy_1209,CCc1cc(OCc2nc3c(Cl)ccc(Cl)c3o2)c(O)nc1C,-6.79046919274438,0
b2AR-decoy_2201,Cc1[nH]c(C)c(c2ccc(Oc3ccc(C(F)(F)F)cc3)cc2)c(=O)c1Br,-6.78965681863816,0
b2AR-decoy_1877,Clc1ccccc1CC(Cc1ccc(c2ccccc2)cc1)n1ccnc1,-6.78950542860363,0
b2AR-decoy_1761,CCOc1ccc(c2csc(/C(C#N)=C\c3ccc(O)c([N+](=O)[O-])c3)n2)cc1,-6.78878572006052,0
b2AR-decoy_461,CC(=C(c1ccc(O)cc1)c1ccc(O)cc1)c1ccccn1,-6.78839882482469,0
b2AR-decoy_1303,CSc1ncccc1C(=O)OCc1c(F)cccc1Cl,-6.78725310702729,0
b2AR-decoy_842,COCc1ccccc1C(=O)c1oc2cc(c3ccccc3)cc(O)c2c1C,-6.78638455952102,0
b2AR-decoy_3047,CC(C)=CCc1c(O)c(CC=C(C)C)c2c(c1O)C(=O)c1c(O)cc(C)c(CC=C(C)C)c1C2O,-6.78577594033342,0
b2AR-decoy_2208,COc1ccc2cc([C@H](C)C(=O)OCC3(C)COc4c(C)c(C)c(O)c(C)c43)ccc2c1,-6.78569135678238,0
b2AR-decoy_2615,O=C1OC[C@H]2[C@@H]1Cc1c(F)cc(F)cc1[C@@H]2/C=C/c1ccc(c2cccc(Cl)c2)cn1,-6.78513183997814,0
b2AR-decoy_717,CC(C)=CCc1cc(C2CC(=O)c3c(O)cc(O)cc3O2)cc(CC=C(C)C)c1O,-6.78403603389956,0
b2AR-decoy_671,CSc1nc2cc(Cl)c(Oc3cccc(Cl)c3Cl)cc2[nH]1,-6.78399269617191,0
b2AR-decoy_2030,C[C@]1(c2ccc(c3cc(F)c4[nH]nc(C5CC5)c4c3)[nH]c2=O)CCCNC1=O,-6.78332639863536,0
b2AR-decoy_119,COc1cc(C2CC(c3ccco3)=Nc3ccccc3S2)ccc1O,-6.78290299727378,0
b2AR-decoy_783,CC(C)(C)SC[C@H]1N=C(c2ccccc2)c2ccccc2NC1=O,-6.7828133743359,0
b2AR-decoy_435,CC1(C)C=Cc2c(O)ccc(C(=O)/C=C/c3ccc(O)cc3)c2O1,-6.78056565769542,0
b2AR-decoy_1284,COc1cc2c(cc1OC)-c1c(oc3c4c(ccc3c1=O)OC(C(C)C)C4)CO2,-6.7799465845552,0
b2AR-decoy_1174,CC(C)=CCC/C(C)=C/COc1c2ccoc2c(O)c2oc(=O)ccc12,-6.77859112549648,0
b2AR-decoy_56,Cc1cc(C)c(/C=C/[C@@H]2C[C@@H](O)CC(=O)O2)c(c2ccc(Cl)c(Cl)c2)c1,-6.77317154685762,0
b2AR-decoy_604,CC(C)c1ccc(OCC(=O)Nc2ccccc2C(F)(F)F)cc1,-6.77169335291518,0
b2AR-decoy_1724,C=C1C=C2C=C[C@H](C)[C@H](CC[C@@H]3C[C@@H](O)CC(=O)O3)[C@H]2[C@@H](OC(=O)[C@@H](C)CC)C1,-6.77131073203485,0
ASD03130044,Clc1cccc(CNc2nc(NC3CCCCC3)c3ccccc3n2)c1,-6.77113894430175,1
b2AR-decoy_2302,CS(=O)(=O)Nc1ccccc1c1ccc2c(c1)sc1c(N)ncnc12,-6.77032922783811,0
b2AR-decoy_648,Cc1ccc(C(C)C)c(OCCn2c(=S)[nH]c3c(Cl)cccc32)c1,-6.7678383213731,0
b2AR-decoy_2221,C[C@H]1OC(=O)[C@@H]2C[C@@H]3CCCC[C@H]3[C@H](/C=C/c3ccc4cc(NC(=O)C(C)(C)C)ccc4n3)[C@H]12,-6.76693254362543,0
b2AR-decoy_2894,Clc1ccc(Cn2cc(CSc3nnc(c4ccccc4)c(c4ccccc4)n3)nn2)cc1,-6.76692871944447,0
b2AR-decoy_197,CCC(=O)CCCCC[C@@H]1NC(=O)[C@H]2CCCCN2C(=O)[C@H]([C@@H](C)CC)NC(=O)[C@H](Cc2cn(OC)c3ccc(Br)cc23)NC1=O,-6.76513444010372,0
b2AR-decoy_2833,CCCc1ccc2c(c1)COP(=S)(Oc1cc(C)ccc1C(C)C)O2,-6.76482986744868,0
b2AR-decoy_2665,CO/N=C(/c1ccc(OC(F)(F)F)cc1)c1ccccc1COc1ccc(C(F)(F)F)cn1,-6.76462721392855,0
b2AR-decoy_2380,Cc1ccc(C)c(NC(=O)CSc2sc3c(O)cc(O)nc3c2C#N)c1,-6.76460607309483,0
b2AR-decoy_732,CC1(C)CCN(CCOc2ccc3[nH]ccc3c2)c2ccc(Br)cc21,-6.76460248140624,0
ASD03130051,Nc1nc(N)c2cc(F)ccc2n1,-6.76399873116904,1
b2AR-decoy_691,Cc1ccc(C)c(c2ccc(Cl)c(Cl)c2)c1/C=C/[C@@H]1C[C@@H](O)CC(=O)O1,-6.76269588097979,0
b2AR-decoy_1422,CC1(C)C(O)OC(O)C1(C)C,-6.76088716748117,0
b2AR-decoy_1649,O=C(OCCSc1ccc([N+](=O)[O-])c2nonc12)c1ccc(Cl)cc1Cl,-6.76071432287279,0
b2AR-decoy_2571,CCCCCC(C)(C)c1cc(OC)c2c(c1)OC(C)(C)[C@@H]1CCC(C)=C[C@@H]21,-6.76052096575346,0
b2AR-decoy_2788,CCCCCN(CCCC)c1cc(C)nc2c(c3ccc(Cl)cc3Cl)nn(C)c12,-6.75981862993059,0
b2AR-decoy_882,COc1ccc(C(=O)c2coc3cc(Cl)c(O)c(Cl)c23)cc1,-6.75789428137698,0
b2AR-decoy_871,CC(C)/C=N/Nc1nc(c2ccc(Br)cc2)cs1,-6.75764505043227,0
b2AR-decoy_1531,COc1ccc(CN(C)C(=O)C23CC4CC(CC(Cl)(C4)C2)C3)c(OC)c1OC,-6.75667835146256,0
b2AR-decoy_422,CC1CC=C2C(C#N)=C(N)C(C#N)(C#N)C(c3cccs3)C2C1,-6.75635909056294,0
b2AR-decoy_1695,CC1(C)COC(=O)[C@@H]1Oc1ccc(C#N)c(C(F)(F)F)c1,-6.75616600896472,0
ASD03130033,Fc1ccc(Nc2nc(NC3CCCCC3)c3ccccc3n2)cc1,-6.75596554409578,1
b2AR-decoy_410,CCCC#CC1(C(F)(F)F)OC(=O)Nc2c(O)cc(Cl)cc21,-6.75586678241854,0
b2AR-decoy_2916,C=C(c1ccccc1)C1COC2(CC[C@@]3(C)C(CC[C@@H]4[C@@H]3CC[C@]3(C)[C@@H](C(C)=O)CC[C@@H]43)C2)OO1,-6.75558483160215,0
b2AR-decoy_2528,COc1ccc(c2nc3sc(C)nn3c2/C=N/Nc2nc(c3ccc(C)cc3)cs2)cc1,-6.75443541213565,0
b2AR-decoy_1437,S=P1(c2ccccc2)NCCCN1,-6.75420028484145,0
b2AR-decoy_623,C/C(=C\c1cccc(Cl)c1Cl)C(=O)c1c(C)cc(C)nc1O,-6.7529160318865,0
b2AR-decoy_2765,CC(C)(C)N(NC(=O)c1ccc2c(c1Cl)CCCO2)C(=O)c1cc(Cl)cc(Cl)c1,-6.75250064001818,0
b2AR-decoy_2386,O=C(NO)[C@]1(F)[C@H](c2ccccc2)[C@H]1c1ccc(c2ncc(O)cn2)cc1,-6.75208704716955,0
b2AR-decoy_454,COc1ccc2oc(=O)c3c(c2c1)Nc1cc(C)c(C)cc1N3,-6.75135092015157,0
b2AR-decoy_718,C=CC(C)(C)c1cc([C@@H]2CC(=O)c3ccc(O)c(CC=C(C)C)c3O2)c(O)cc1O,-6.75065572863718,0
b2AR-decoy_1383,C=CCN1C(=O)/C(=N/c2ccc(Cl)c(Cl)c2)c2ccccc21,-6.75050280250704,0
b2AR-decoy_723,CC1(C)Oc2cc(C34CC5CC(CC(C5)C3)C4)cc(O)c2[C@@H]2C[C@H](CC=O)CC[C@H]21,-6.75033622007841,0
b2AR-decoy_1405,NC(=O)c1cc(=S)ss1,-6.75028287243194,0
b2AR-decoy_1125,CCOP(=O)(/C=C(\Cl)c1ccccc1)C(O)c1ccc(F)cc1,-6.74841619816806,0
b2AR-decoy_244,Cc1ccnc(OC(c2ccc(C(F)(F)F)cc2)C2CC[NH+](C(C)CCNC(=O)c3c(Cl)cncc3Cl)CC2)c1,-6.74793678659607,0
ASD03130106,CCN(CC)c1ccc(Nc2nc(Nc3cc(Cl)cc(Cl)c3)nc3ccccc23)cc1,-6.74726879990848,1
b2AR-decoy_1008,CC1=CCC2C(C1)c1c(O)cc(CC#CCCC[N+](=O)[O-])cc1OC2(C)C,-6.74619264706901,0
b2AR-decoy_1711,Cc1c[nH]c(CNC(=O)c2ccc3oc(C(C)C)nc3c2)n1,-6.74589745928608,0
b2AR-decoy_279,CCCCc1nn(c2ccccc2C(F)(F)F)c(=O)n1Cc1ccc(c2ccccc2S(=O)(=O)NC(=O)C2C(C)(C)C2(C)C)cc1,-6.745510597483195,0
b2AR-decoy_725,COc1ccc(/C=C2/C(=O)Nc3ccc(Cl)cc32)c(c2ccc(Cl)cc2)c1,-6.74324314266375,0
b2AR-decoy_1809,CCOP(=O)(OCC)C(NC(=O)c1ccc(C)cc1)C(Cl)(Cl)Cl,-6.74172333735186,0
b2AR-decoy_16,Cc1ccccc1C(=O)Nc1nnc(c2ccc(C(C)(C)C)cc2)s1,-6.73886046595191,0
b2AR-decoy_506,Cc1ccc(C)c(C(=O)/C=C/c2ccc(O)c(O)c2)c1,-6.7349183830001,0
b2AR-decoy_182,S=C(NCCCNc1ccccn1)NCCCN(Cc1ccc(Cl)c(Cl)c1)c1ccc(Br)cn1,-6.73227000747983,0
b2AR-decoy_1727,CCN1C(=O)/C(=C/N2N=C(c3ccccc3)CC2c2ccccc2O)SC1=S,-6.73212124182844,0
b2AR-decoy_206,COC(=O)c1cc(OC)cc(O)c1C(=O)c1c(O)cc(C)c2c1O[C@@](C)(CC(=O)[C@@]13C[C@H](O)[C@@H]4O[C@]4(CC=C(C)C)[C@@H]1O3)C2,-6.73084181601976,0
b2AR-decoy_2381,NS(=O)(=O)c1ccc(CNC(=O)/C=C/c2ccc(Cl)c(Cl)c2)cc1,-6.73083554031754,0
b2AR-decoy_2628,Cn1cncc1C(OCc1ccc(C#N)cc1c1cccc2ccccc21)c1ccc(C#N)cc1,-6.72869147800843,0
b2AR-decoy_1147,Cc1ccccc1c1ccccc1/C=N/Nc1c(Cl)cncc1Cl,-6.72521847013246,0
b2AR-decoy_1148,C=C1CCC[C@@H]2[C@]1(C)CC[C@H](C)[C@@]2(C)CC/C(C)=C/C[C@H]1OC(=O)C=C1CO,-6.72414331539363,0
b2AR-decoy_1637,COc1cc(c2cn(Cc3cccc(OC(F)(F)F)c3)nn2)ccc1n1cnc(C)c1,-6.72324296763888,0
b2AR-decoy_2472,N#Cc1c(C(F)(F)F)cc(c2cccs2)nc1SCc1ccccc1F,-6.72312331044857,0
b2AR-decoy_437,Cc1ccc(Sc2ccnc3sc(C(N)=O)cc23)cc1,-6.7229969030724,0
b2AR-decoy_2396,CC(C)(C)c1cc(C(=O)Nc2ccc(S(N)(=O)=O)cc2)cc(C(C)(C)C)c1,-6.72086089376501,0
b2AR-decoy_464,CC1(C)C[C@@H](O)C[C@](C)(C/N=C(\S)c2ccccc2O)C1,-6.71937566613759,0
b2AR-decoy_174,CCC(=O)C(F)CCCC[C@@H]1NC(=O)[C@H]2CCCCN2C(=O)[C@H]([C@@H](C)CC)NC(=O)[C@H](Cc2cn(OC)c3ccccc23)NC1=O,-6.718351037848656,0
b2AR-decoy_287,CCCCCCCC(=O)SCC/C=C/[C@@H]1CC(=O)NCc2nc(cs2)C2=N[C@@](C)(CS2)C(=O)N[C@H](Cc2cccc3ccccc23)C(=O)O1,-6.715700786606105,0
b2AR-decoy_1251,c1ccc(c2onc(c3ccco3)c2c2ccc3c(c2)OCO3)cc1,-6.71465717795631,0
b2AR-decoy_411,CC1(C)C=Cc2ccc(c3coc4cc(O)cc(O)c4c3=O)cc2O1,-6.7145650361551,0
b2AR-decoy_3139,CCOC(=O)c1c(NC(NC(=O)c2ccco2)C(Cl)(Cl)Cl)scc1c1ccccc1,-6.71378407467045,0
b2AR-decoy_1334,O=S(=O)(Cc1ccccc1)Oc1ccc2ccccc2c1,-6.71340334426337,0
b2AR-decoy_1210,CSc1cnc(NC(=O)[C@H](c2ccc(Cl)cc2)C(C)(C)C)s1,-6.71237061107162,0
b2AR-decoy_2756,CCc1ccc(CSc2nc(c3ccccc3F)nc3c2Cc2c(CO)cnc(C)c2O3)cc1,-6.71087560051941,0
b2AR-decoy_1572,N#Cc1cc(c2ccnc(Nc3cnn(C[C@H]4C[C@@H]4CO)c3)c2)ccc1OC1CCOCC1,-6.7095741793693,0
b2AR-decoy_1309,CSc1ccc(OCc2nc(Cl)c(Cl)n2C)cc1,-6.70906620387195,0
b2AR-decoy_1706,Cc1ccc(S(=O)(=O)/N=C/c2ccc(N(C)C)cc2)cc1,-6.70804188957349,0
b2AR-decoy_904,Oc1ccc(/C(=N\c2ccc(Cl)cc2)c2ccc(O)cc2O)cc1,-6.70574074781739,0
b2AR-decoy_1079,OC(c1ccc(Oc2ncccc2C2=CCOCC2)cc1)c1nc2ccccc2s1,-6.70516582537068,0
b2AR-decoy_1469,N#C/C=C(\N)c1cccs1,-6.70387509650882,0
b2AR-decoy_1086,COc1cc2nc(c3cccc(Br)c3)cc(O)c2cc1c1cnco1,-6.70207443031962,0
b2AR-decoy_2980,COn1c2ccccc2c2cc(COCc3ccc4c(c3)c3ccccc3n4OC)ccc21,-6.70160567769245,0
b2AR-decoy_1385,Cc1c(SCc2ccc(C(C)(C)C)cc2)cnn(C(C)(C)C)c1=O,-6.70110000978278,0
b2AR-decoy_132,CCCCOC(=O)Nc1sc2nc(C)cc(C)c2c1n1cccc1,-6.69886068997514,0
b2AR-decoy_2138,O=C(/C=C/c1cc(O)c(O)c(O)c1)c1cc(O)cc(/C=C/c2ccc(O)cc2)c1,-6.698337509573426,0
b2AR-decoy_302,C[C@H](CCCn1cc(CC(O)(Cn2cncn2)c2ccc(F)cc2F)nn1)[C@H]1CC[C@H]2[C@@H]3CC[C@@H]4C[C@H](O)CC[C@]4(C)[C@H]3C[C@H](O)[C@@]21C,-6.69814629951051,0
b2AR-decoy_1692,CC(=C/c1ccco1)/C=N/N1CCN(c2ccccc2)CC1,-6.69794784359318,0
b2AR-decoy_1625,c1ccc(Cn2c(SCc3ccncc3)nnc2c2ccsc2)cc1,-6.69420262759148,0
b2AR-decoy_1862,Nc1ccccc1NC(=O)c1ccc(CN(CC(=O)NCc2ccccc2)C(=O)c2cccnc2)cc1,-6.69254617885322,0
b2AR-decoy_1924,CSCSC1=C2CCC3C4CCC(=O)[C@@]4(C)CCC3[C@@]2(C)CCC1=O,-6.68829565394075,0
b2AR-decoy_2112,Cc1n[nH]c(O)c1C(c1ccc(Br)cc1)c1c(C)n[nH]c1O,-6.68823028547594,0
b2AR-decoy_2068,Cc1ccc(NC(=O)CSc2nc(C(F)(F)F)cc(c3ccco3)n2)cc1,-6.68814175908605,0
b2AR-decoy_2470,CC(C)=CCC/C(C)=C/CCC1=C[C@H](c2ccc(C(C)C)cc2)OC1=O,-6.6858332119738,0
b2AR-decoy_2998,Cc1ccccc1C(=O)C1CCN(c2ccc(C(=O)NCC(O)c3ccsc3)nn2)CC1,-6.68545283279216,0
b2AR-decoy_149,O=c1cc(N2CCCCC2)oc(c2cccc3c2Sc2ccccc2S3)c1,-6.68452267678494,0
b2AR-decoy_1990,O=C1NC(=O)C(n2cc(CCCO)c3ccccc32)=C1c1c[nH]c2ccccc12,-6.68378665899671,0
b2AR-decoy_1944,Cc1csc([C@](C)(O)c2nnc(Nc3ccn(Cc4c(F)cccc4F)n3)s2)n1,-6.6830952745953,0
b2AR-decoy_2182,Oc1ccc(/C=N/c2nnc(Cn3c4ccccc4c4ccccc43)s2)cc1,-6.68259175200292,0
b2AR-decoy_2427,CCCCCn1/c(=N/C(=O)c2cccc3ccccc23)sc2ccccc21,-6.68163602332472,0
b2AR-decoy_3120,CC(C)c1ccc(CN(Cc2ccc(F)cc2F)c2cccc(S(N)(=O)=O)c2)cc1,-6.68135344955923,0
ASD03130028,Nc1nc(Nc2ccccc2)nc2ccc(Cl)cc12,-6.68044557249431,1
b2AR-decoy_1922,Cn1cc(c2ccncc2)c(c2ccc(OCc3ccc4cc(CF)ccc4n3)cc2)n1,-6.6802883521217,0
b2AR-decoy_3009,Cc1nn(c2ccc(C#N)c(Cl)c2)c(C)c1Cc1ccc(C(=O)NCC(C)(C)O)cc1,-6.67873693147931,0
b2AR-decoy_2696,CCC(O)(c1cn(Cc2ccc3c(c2)sc(C(=O)NC)c3c2ccccc2)nn1)C(F)(F)F,-6.67835177001484,0
b2AR-decoy_3084,O=C1CCC(c2ccccc2c2ccccc2)N1Cc1csc(c2ccccc2)n1,-6.67812091945126,0
b2AR-decoy_784,Cc1cc(C)c(S(=O)(=O)Nc2ccc3ccccc3c2)c(C)c1,-6.67797033611547,0
b2AR-decoy_849,FC(F)(F)c1cccc(Cl)c1c1ccc(/C=C/c2nc3ccccc3[nH]2)o1,-6.67748681843292,0
b2AR-decoy_185,CC(C)CCC[C@@H](C)[C@H]1CC[C@H]2[C@@H]3C[C@@H](O)[C@@]4(O)C[C@@H](OCC(=O)N(CCO)CCO)CC[C@]4(C)[C@H]3CC[C@@]21C,-6.67701284139671,0
b2AR-decoy_2150,COc1ccc(c2csc(N/N=C(\C)c3ccc(Cl)c(Cl)c3)n2)cc1,-6.67683724278587,0
b2AR-decoy_234,CCCOc1ccc(S(=O)(=O)N2CC[NH+](CC)CC2)cc1c1nc(O)c2cc3c(cc2n1)ncn3Cc1ccccc1OC,-6.67496512561018,0
b2AR-decoy_1793,O=C1NC(=O)/C(=C/c2ccc(OCc3ccccc3)cc2OCc2ccccc2)S1,-6.67402386128077,0
b2AR-decoy_1520,CC(C)CC1(Cc2ccccc2)OS(=O)(=O)C=C1OCc1ccccc1,-6.67395186067685,0
b2AR-decoy_825,[C-]#[N+]c1cccc(c2cccnc2Oc2ccc(Nc3ccccn3)cc2)c1,-6.67314914556336,0
b2AR-decoy_678,COc1ccc2cc(C(=O)/C=C/c3ccc4[nH]ccc4c3)ccc2c1,-6.67229963246129,0
b2AR-decoy_2179,CCC(C)Sc1nc(O)c(C)c(Cc2c(Cl)cccc2Cl)n1,-6.67024226543303,0
b2AR-decoy_1716,Cc1oc2c(c1C(=O)c1ccccc1)C(=O)c1ccccc1C2=O,-6.66927097011077,0
b2AR-decoy_2704,CC(C)C[C@@H](c1c(O)c(C=O)c(O)c(C=O)c1O)[C@@]1(C)CC[C@H]2C1=C[C@H](C(C)(C)O)CC[C@H]2C,-6.66845552050173,0
b2AR-decoy_2173,Cc1ccccc1c1cc(=O)c2cc(NC(=O)c3cccs3)ccc2o1,-6.6675470770672,0
b2AR-decoy_2328,O=C(Cc1ccc(c2ccccc2)cc1)NNC(=S)NCc1ccco1,-6.66727287365667,0
b2AR-decoy_1764,CC(C)CC(=O)O[C@H]1C[C@@H](C)C=C2C=C[C@H](C)[C@H](CC[C@@H]3C[C@@H](O)CC(=O)O3)C21,-6.66697061417838,0
b2AR-decoy_1642,N#Cc1ccc(c2ccc(OCC(CSc3ccccc3)N(O)C=O)cc2)cc1,-6.66368678277374,0
b2AR-decoy_225,CN(C)S(=O)(=O)NC(=O)C1=C(c2ccc(OC(F)F)cc2)C[C@](c2ccc(OCCCCCC(F)(F)F)cc2)(C(F)(F)F)NC1=O,-6.6636095850879,0
b2AR-decoy_983,COc1ccc(/C=C/C(=O)c2ccc(NC(=O)c3cccs3)cc2)cc1,-6.6632625057385,0
b2AR-decoy_2745,COc1ccc(c2cc(C(F)(F)F)c(C#N)c(SCC(=O)Nc3ccccc3F)n2)cc1,-6.66308302287114,0
b2AR-decoy_243,COc1ccc(S(=O)(=O)N(CC(C)C)C[C@@H](O)[C@H](Cc2ccc(c3ccncc3)cc2)NC(=O)O[C@H]2CCOC2)cc1,-6.6626788813386,0
b2AR-decoy_1961,N#Cc1cc(F)cc(S(=O)(=O)c2sc3ncc(N)cc3c2c2cnccc2F)c1,-6.66189561671693,0
b2AR-decoy_2006,CC(C)(C)c1ccc(S(=O)(=O)NCc2ccc(C(=O)NO)cc2)cc1,-6.66077931338615,0
b2AR-decoy_795,CCCCc1oc2ccccc2c1C(=O)c1ccc(O)cc1,-6.66016665388366,0
b2AR-decoy_1372,CCC(C)c1cc(C=O)cc2cc(C(=O)c3ccc(C)cc3)oc12,-6.65887018577231,0
b2AR-decoy_981,CC(CNS(=O)(=O)c1ccccc1)c1ccc(c2ccccc2F)cc1,-6.65851004609964,0
b2AR-decoy_1421,CC1(O)CSC(C)(O)CS1,-6.65617355170862,0
b2AR-decoy_1482,CC1=CC(=O)/C(=C(\C)N)C(=O)O1,-6.65595921357533,0
b2AR-decoy_101,C[C@]12CC[C@@H](O)C[C@@H]1CC[C@@H]1[C@@H]2[C@@H](OCc2ccccc2)C[C@@]2(C)[C@H]1CC[C@@]21CO1,-6.65506706892322,0
ASD03130073,Fc1cc(F)cc(Nc2nc(NC3CCCCC3)c3ccccc3n2)c1,-6.65386795989126,1
b2AR-decoy_31,CC(C)(C)OC(=O)N[C@H](C(=O)OC(C)(C)C)c1ccc2ccccc2c1,-6.65106791405066,0
b2AR-decoy_508,O=C(/C=C\Nc1ccccc1O)C(Cl)(Cl)Cl,-6.65082964200432,0
b2AR-decoy_3050,Fc1cc(C2=Nn3c(nnc3c3cc(F)c(Cl)cc3Cl)SC2)c(Cl)cc1Cl,-6.65033798892952,0
b2AR-decoy_947,O=C(CSc1snnc1c1ccc2ccccc2c1)Nc1ccccc1,-6.6490426906433,0
b2AR-decoy_673,Cc1cccc(C)c1Nc1nnc(SCc2cn3cccc(C)c3n2)s1,-6.64864058534639,0
b2AR-decoy_1751,CC1=CC[C@@H]2[C@@H](C1)c1c(O)cc(CC(=O)OCCCCC#N)cc1OC2(C)C,-6.64819915546977,0
b2AR-decoy_1341,CC(C)c1nnc2ccc(Sc3ccc(Cl)cc3Cl)cn12,-6.64708643475445,0
b2AR-decoy_3145,CC(C)c1ccc(CN(Cc2ccccc2C(F)(F)F)c2cccc(S(N)(=O)=O)c2)cc1,-6.64618450179531,0
b2AR-decoy_2172,N#Cc1cc(Cl)cc(Oc2cc(CCc3ccccc3)[nH]c(=O)c2Cl)c1,-6.64436837618712,0
b2AR-decoy_148,CCCCCn1c(=O)sc2cc(CC34CC5CC(CC(C5)C3)C4)ccc21,-6.64395001879376,0
b2AR-decoy_2882,CC(C)=C(c1cccnc1)c1cc(Cl)cc(/C=C/c2ccc(c3ccncc3)cc2)c1,-6.64384495798612,0
b2AR-decoy_222,C=CCN(C(=O)OCc1ccc([N+](=O)[O-])cc1)C1CC[NH+](C[C@H]2CN(C(=O)C3CCCC3)C[C@]2(O)c2ccccc2)CC1,-6.64240482349165,0
b2AR-decoy_2149,Cc1ccc(C(=O)NC2(C)CCC2)cc1c1ccc2c(Cl)c(N)ncc2c1,-6.64233662381597,0
b2AR-decoy_2332,Cc1ccc(Cc2cc(c3cc(=O)c4c(O)cc(O)cc4o3)cc(O)c2O)cc1,-6.641994346327785,0
b2AR-decoy_390,COc1cc([C@@H]2c3cc(O)c(OC)cc3C(=O)[C@@H](C)[C@H]2C)ccc1O,-6.64198101331372,0
b2AR-decoy_1612,CCCCN(C(=O)c1ccc(Cl)cc1)c1nnc(c2cccc(F)c2)s1,-6.64057828760763,0
b2AR-decoy_622,Cc1ccc(C(C)C)c2cc(Cc3ccccc3O)c(=O)oc12,-6.64054444879855,0
b2AR-decoy_896,CCCOc1ccc2c(c1)C(C)(C)Oc1cc3oc(=O)cc(O)c3cc1-2,-6.63945567274435,0
b2AR-decoy_1498,O=C1CNC(=O)/C(=C/c2cccs2)N1,-6.63909232999957,0
b2AR-decoy_2897,O=c1c(Cl)c(c2ccccc2)[nH]c2c(c3ccc(Cl)cc3)c(Cc3ccccc3)nn12,-6.6370932901313,0
b2AR-decoy_2409,C/C(C=O)=C\CC[C@@H](C)[C@H]1CC[C@@]2(C)C3=CC[C@H]4C(C)(C)C(=O)CC[C@]4(C)C3=CC[C@]12C,-6.63690749784548,0
b2AR-decoy_204,COc1ccc2cc(C(=O)N[C@@H](Cc3ccccc3)[C@H](O)CN(CC(C)C)S(=O)(=O)c3ccc(N)cc3)c(=O)oc2c1,-6.636184078834566,0
b2AR-decoy_1646,O=C(C/C=N\OCc1c(Cl)cccc1Cl)Oc1ccc(Cl)cc1Cl,-6.63587890958862,0
b2AR-decoy_2474,CC(C)Cc1cccc(/C=C/[C@@H]2[C@@H]3[C@@H](C)OC(=O)[C@@H]3C[C@@H]3CCCC[C@H]32)n1,-6.63398042250852,0
b2AR-decoy_1121,CC1=CC[C@@H]2[C@@H](C1)c1c(O)cc(C(C)(C)C(=O)OCCCC#N)cc1OC2(C)C,-6.6336474670863,0
b2AR-decoy_2125,O=S(=O)(/C=C/c1ccc(O)c(O)c1)NCc1ccc(C(F)(F)F)cc1,-6.63292971897198,0
b2AR-decoy_1471,C[C@@H]1C[C@H](O)/C=C\[C@@H](O)/C=C\C(=O)O1,-6.63208291287746,0
ASD03130038,FC(F)(F)c1cccc(Nc2nc(NC3CCCCC3)c3ccccc3n2)c1,-6.6317947674238,1
b2AR-decoy_3177,Cc1cc(CCCCCOc2c(Cl)cc(c3ccc(C)o3)cc2Cl)on1,-6.63136212141783,0
b2AR-decoy_1228,CCOC(=O)c1c(NC(=O)CC(C)C)scc1c1cccs1,-6.63131362744192,0
b2AR-decoy_2791,CSc1ccc(CSc2ncc(c3ccc(F)cc3)c(c3ccncc3)n2)cc1,-6.62991680217811,0
b2AR-decoy_2917,COc1ccc(C2Sc3cc(OC)ccc3N=C3c4ccccc4C(c4ccccc4)C32)cc1,-6.62955979194255,0
b2AR-decoy_353,Cc1ccc2oc(c3cc(Cc4ccccc4)ccc3O)cc(=O)c2c1,-6.62905693886988,0
b2AR-decoy_516,COc1cc2c(cc1O)[C@@H]1COc3cc(O)ccc3[C@]1(C)O2,-6.62895918459357,0
b2AR-decoy_1473,C[C@@H]1CC[C@@H](O)/C=C/[C@@H](O)CC(=O)O1,-6.62624385523597,0
b2AR-decoy_2027,Cc1nc(SCC(=O)Nc2sccc2C(N)=O)c2c(C)c(C)sc2n1,-6.62507819768105,0
b2AR-decoy_3013,O=C(CCCl)Nc1ccc(SCC(=O)Nc2ccc(Br)cn2)cc1,-6.62501336407043,0
b2AR-decoy_1170,CCc1cccc(c2cc(Cl)cc(Cl)c2/C=C/[C@@H]2C[C@@H](O)CC(=O)O2)c1,-6.62421225354927,0
b2AR-decoy_3,Cc1cccc(/C=N/c2ccc(OCc3ccccc3)cc2)c1O,-6.6239811278536,0
b2AR-decoy_1141,C/C(=N\Nc1nc(c2ccc3ccccc3c2)cs1)c1ccccc1,-6.62213552745803,0
b2AR-decoy_143,O=S1(=O)C=C(SCc2ccc(Cl)c(Cl)c2)Nc2ccccc21,-6.6216786128518,0
b2AR-decoy_1344,Fc1ccc(c2nnc(/C=C/c3ccc(Br)s3)o2)cc1,-6.61787413264369,0
b2AR-decoy_2184,Cc1nn(c2ccccc2)c(O)c1/C=N/N(c1ccccc1)c1ccccc1,-6.61757336168501,0
b2AR-decoy_122,Cc1ccc(Sc2ncccc2NC(=O)c2ccccc2Cl)cc1,-6.61755264080383,0
b2AR-decoy_1666,c1ccc2c(Oc3nc4ccsc4c4nnnn34)cccc2c1,-6.61667058038956,0
b2AR-decoy_1683,Cc1ccc(C(=O)COc2ccc3c(C)cc(=O)oc3c2)cc1,-6.61521369087843,0
b2AR-decoy_2938,COC1(O[C@H]2CC[C@H]3[C@@H]4CC[C@H]5CC(=O)CC[C@]5(C)[C@H]4CC[C@]23C)CCCC1,-6.61499893092409,0
b2AR-decoy_527,Oc1[nH]nc(c2ccccc2)c1/C=N/c1ccccc1Cl,-6.612441997791,0
b2AR-decoy_1762,CC[C@@H](C)C(=O)O[C@H]1C[C@@H](C)C=C2C=C[C@H](C)[C@H](CC[C@@H]3C[C@@H](O)CC(=O)O3)[C@H]21,-6.60583600946321,0
b2AR-decoy_418,N#CC1=C(N)OC2=C(C(=O)c3ccccc3C2=O)C1c1ccccc1Cl,-6.60481420429993,0
b2AR-decoy_469,C/C1=C\CCC(C)(O)C2C=C(C(C)(C)O)C(C/C(C)=C/CC1)O2,-6.602944575726,0
b2AR-decoy_451,C[C@@H](NC(=O)c1cc(Cl)ccc1O)c1ccc(Cl)cc1,-6.60234810964501,0
b2AR-decoy_866,CNc1nc(C)c(C(=O)/C=C/c2c(Cl)cccc2Cl)s1,-6.60165210960576,0
b2AR-decoy_1916,Cc1ccc(C(=O)/C=C/c2ccc(/C=C/C(=O)c3ccc(C)cc3)cc2)cc1,-6.60139882685719,0
b2AR-decoy_1371,CCOC(=O)c1sc(SC(C)CC)c2c1CC(C)(C)CC2=O,-6.60042402329978,0
b2AR-decoy_600,Cc1ccsc1/C=N/Nc1nc(Cl)c(Cl)cc1Cl,-6.5997322906605,0
b2AR-decoy_1100,CC12CCC(OCC(=O)Nc3ccc(c4nc5cc(C#N)ccc5o4)cc3)(CC1)CC2,-6.59949308156548,0
b2AR-decoy_765,Cc1ccc(Sc2cncc3sc(/C=N/O)cc23)cc1,-6.5990500899993,0
b2AR-decoy_1168,COc1c(O)c(C(C)=O)c(OCc2ccc(c3ccccc3)cc2)c2ccoc12,-6.59838486695587,0
ASD03130066,Fc1ccc2nc(Nc3ccc(F)c(F)c3)nc(NC3CCCCC3)c2c1,-6.59583908989285,1
b2AR-decoy_913,CC(C)/C(=N\O)c1ccc(Sc2cc(F)cc(C3CCOCC3)c2)cc1,-6.59500672344178,0
b2AR-decoy_2859,CC1=CCC[C@@H]2[C@]1(C)CC[C@H](C)[C@@]2(C)CC1=CC(=O)C(SC(C)C)=CC1=O,-6.59433222672816,0
b2AR-decoy_985,CCCCSc1nc(O)cc(Cc2c(Cl)cccc2Cl)n1,-6.59274643936829,0
b2AR-decoy_1282,C/C(=C\COc1ccc2ccc(=O)oc2c1)CC/C=C(\C)C1CC(=O)C(C)(C)O1,-6.59015057211282,0
b2AR-decoy_1264,CCCc1ccc2oc(C(=O)N(Cc3ccncc3)CC3CCCO3)c(C)c2c1,-6.5889619451238,0
b2AR-decoy_328,CCCc1cc(=O)oc2cc(c3cc4ccccc4s3)cc(O)c12,-6.5884435905703,0
b2AR-decoy_51,COc1ccc(c2oc3ccc(C)cc3c2C(=O)c2cc(O)cc(OC)c2)cc1,-6.58711912121118,0
b2AR-decoy_480,S=C(N/N=C/c1cccs1)Nc1ccccc1,-6.58619557245866,0
b2AR-decoy_10,Cc1cc(/C=C/C(=O)c2cccs2)cc(/C=N/c2nccs2)c1O,-6.58455692405006,0
b2AR-decoy_2436,CC(=O)c1ccc(S[C@@H]2CC3=CC(=O)CC[C@]3(C)[C@H]3CC[C@]4(C)C(=O)CC[C@H]4[C@@H]32)cc1,-6.58410492515529,0
b2AR-decoy_2835,Cc1ccc(Sc2cccc3c2C(=O)c2cccc(Sc4ccc(C)cc4)c2C3=O)cc1,-6.58240104848137,0
b2AR-decoy_2008,Cc1ccc(C(=O)NNC(=O)CCC(=O)Nc2cccc(Cl)c2C)cc1,-6.58214433295401,0
b2AR-decoy_1417,N#Cc1nc(C(F)(F)F)oc1N,-6.58200582023506,0
b2AR-decoy_1699,COc1ccc(Cc2cc(=O)c3ccc(OC)cc3o2)cc1,-6.580715216978,0
b2AR-decoy_2317,NS(=O)(=O)c1ccc(n2nc(C(F)(F)F)cc2c2ccccc2)cc1CO,-6.58012431501462,0
b2AR-decoy_1552,COc1ccc(CCCO[C@@H](Cn2ccnc2)c2ccc(OC)cc2)cc1,-6.57984120488574,0
b2AR-decoy_2604,CCCCSc1cnc2c(c1)CCC(c1ccc(Cl)c(Cl)c1)O2,-6.57691984245656,0
ASD03130043,FC1(F)Oc2ccc(Nc3nc(NC4CCCCC4)c4ccccc4n3)cc2O1,-6.5767332200782,1
b2AR-decoy_876,COc1ccc(C(=O)c2coc3c(Cl)cc(O)c(Cl)c23)cc1,-6.57468894250711,0
b2AR-decoy_2319,COc1cc2occ(c3ccc(O)cc3O)c(=O)c2c(O)c1CC=C(C)C,-6.57419383274143,0
b2AR-decoy_412,Cc1ccncc1Oc1sc(C(N)=O)c2c1-c1sncc1CC2,-6.57414660718728,0
b2AR-decoy_2743,CC(C)N(Cc1ccncc1)C(=O)Cc1c2ccccc2[nH]c1c1ccc(Br)cc1,-6.57346947951345,0
b2AR-decoy_2038,Cn1ncc(Cl)c1C(=O)NCc1ccc(Oc2ccc(Cl)cc2)cc1,-6.57342228230486,0
b2AR-decoy_2419,C[C@H]1[C@H](/C=C/c2ccc(c3ccccc3Cl)cn2)C2C(CC1(F)F)C(=O)O[C@@H]2C,-6.57187554392837,0
b2AR-decoy_2995,O=C(CSc1nnc(CNC(=O)c2cccs2)o1)Nc1ccccc1C(F)(F)F,-6.56917322898984,0
b2AR-decoy_2379,CC(C)C(=O)c1c(O)cc(O)c2c1O[C@@]1(C)CC[C@@H](C(C)(C)O)[C@@H]2[C@H]1O,-6.56905595118737,0
b2AR-decoy_2081,Cc1nccn1c1ccc(Sc2cccc(C3(/C=N/O)CCOCC3)c2)cc1,-6.56876642685654,0
b2AR-decoy_602,C=C[C@]12CC[C@H]3[C@@](C)(CCC[C@@]3(C)C(=O)OCC)[C@@H]1CC[C@](C)(O)C2,-6.56576506875106,0
b2AR-decoy_2232,O=C(c1ccc2[nH]c(COc3ccc(C45CC6CC(CC(C6)C4)C5)cc3)nc2c1)N1CCCC1,-6.56544495137316,0
b2AR-decoy_2312,COc1c(CC=C(C)C)c(O)cc2oc(=O)c(c3ccc(O)cc3O)cc12,-6.56417527769771,0
ASD03130050,Nc1nc(N)c2cc(Cl)ccc2n1,-6.56411002648992,1
b2AR-decoy_1795,O=C1/C(=C/c2ccco2)SC(=S)N1CCCCNc1ccnc2cc(Cl)ccc12,-6.56343544022519,0
b2AR-decoy_2324,Cc1cc(NN)n2nc(SCc3ccccc3Br)nc2n1,-6.56305150593829,0
b2AR-decoy_1444,CC1=C(N)C(=O)C(C(C)C)=CC1=O,-6.5619468694163,0
b2AR-decoy_2955,CCOC(=O)[C@]1(C)CCC[C@]2(C)[C@@H]1CC[C@@]13C[C@@H](N=C=S)[C@@](C)(CC[C@@H]21)C3,-6.56153260125508,0
b2AR-decoy_1576,CC1(C)C[C@@H](CN([C@H](CCC(F)(F)F)C(N)=O)S(=O)(=O)c2ccc(Cl)cc2)O1,-6.56119109114031,0
b2AR-decoy_282,CC(=O)c1cccc(CN2C(=O)N(Cc3cccc(C(C)=O)c3)[C@H](Cc3ccc4c(c3)CCO4)[C@H](O)[C@@H](O)[C@H]2Cc2ccc3c(c2)CCO3)c1,-6.561190669925457,0
b2AR-decoy_1202,N#CSC[C@@H]1C[C@@](O)(c2ccccc2)C[C@H](c2ccc(Cl)cc2)O1,-6.5597845543781,0
b2AR-decoy_890,Clc1cncc(Cl)c1N/N=C/c1ccccc1c1ccccc1,-6.55861025864396,0
b2AR-decoy_1985,Nc1cc(O)cc(Cn2nc(c3cc(Cl)cc(Cl)c3)oc2=O)c1Cl,-6.5584566190524,0
b2AR-decoy_2616,COC(=O)c1cc2c(F)c(F)c(Sc3ccccc3Br)c(F)c2s1,-6.55611091912232,0
b2AR-decoy_530,Cc1ccc(C(=O)CC2(O)C(=O)Nc3c(C)cc(Cl)cc32)cc1,-6.55504844457228,0
b2AR-decoy_2300,CC(C)(C)NC(=O)/C=C/c1ccc(O)c2oc(c3ccc(O)c(O)c3)cc12,-6.55233780710989,0
b2AR-decoy_1481,Cc1ccsc1/C=N/NC(=O)C(N)=O,-6.55228647149787,0
b2AR-decoy_2877,COc1ccc(F)cc1C(C)(C)CC(O)(Cc1ccc(C)c2ccccc12)C(F)(F)F,-6.55185765891807,0
b2AR-decoy_802,CCCCOC(=O)[C@H](C)c1cc(O)c2c(c1)OC(C)(C)[C@@H]1CC=C(C)C[C@@H]21,-6.54959932124643,0
b2AR-decoy_1382,S=C(N/N=C/c1ccccc1c1cccs1)Nc1ccccc1,-6.54883752749558,0
b2AR-decoy_1517,COc1cccc(CN(C)C(=O)c2csc(c3cccc(OC)c3)c2)c1,-6.54696500611117,0
b2AR-decoy_100,Cc1cc(C)nc(SCc2ccc(C(=O)N/N=C3\CC(C)CC(C)(C)C3)cc2)n1,-6.54634278330962,0
b2AR-decoy_2249,CCCCSc1nnc2c(n1)OC(c1ccc(Br)s1)Nc1ccccc1-2,-6.54541797080336,0
b2AR-decoy_902,C=C[C@@]1(C)CCC2=C([C@H](OC)[C@@H](O)[C@H]3C(C)(C)CCC[C@]23C)[C@@H]1OC,-6.54453394304894,0
b2AR-decoy_430,CCc1ccc2[nH]c(C(=O)Nc3ccc4c(c3)OCO4)cc2c1,-6.54415072230749,0
b2AR-decoy_1020,COc1ccc(CCCCC(=O)C(F)(F)F)c(OC)c1,-6.5438629429328,0
b2AR-decoy_2522,C[C@H](Oc1ccc(c2nc(c3ccc4[nH]cnc4c3)no2)cc1C(F)(F)F)C(F)(F)F,-6.54188843361038,0
b2AR-decoy_1658,O=C(/C=C/c1ccc(OCc2ccc(F)cc2F)cc1)c1ccc(n2ccnc2)cc1,-6.54108358390274,0
b2AR-decoy_3099,CC(=O)N[C@@H](C)/C=C/c1ccc(Oc2ccc3nc(C(C)(C)O)sc3c2Cl)nc1,-6.54035142178447,0
b2AR-decoy_1478,NC(=S)/N=C1/C=C[C@H]2CO[C@@H]1O2,-6.54023588343895,0
ASD03130024,Fc1ccc(Nc2nc(NC3CCCCC3)c3ccccc3n2)cc1F,-6.53988499105043,1
b2AR-decoy_721,Cc1[nH]c(C)c(c2ccc(Oc3ccc(C(F)(F)F)cc3)cc2)c(=O)c1Cl,-6.535942406617705,0
b2AR-decoy_1162,CC#C[C@@]1(O)CC[C@@]2(CC)c3ccc(OCc4cccnc4C)cc3CC[C@@H]2C1,-6.53408789791917,0
b2AR-decoy_1326,Cc1cccc(CSc2nnc(c3ccc(Cl)cc3)o2)n1,-6.53392481481107,0
b2AR-decoy_255,CSCCc1c(OCCCNC(=O)[C@H](Cc2cccnc2)NC(C)=O)n(c2ccc(Cl)c(Cl)c2)nc1c1cccnc1,-6.53275782130091,0
b2AR-decoy_9,COc1c(C)cc2c(c1CC=C(C)C)O[C@H]1c3ccc(O)cc3OC[C@@H]21,-6.52920409841212,0
b2AR-decoy_905,C/C(Sc1nnc(Cc2ccccc2)o1)=C(\O)c1ccccc1,-6.52770744475738,0
b2AR-decoy_1458,NC(=S)/N=C1/CC[C@H]2CO[C@@H]1O2,-6.52720770413796,0
b2AR-decoy_1377,Cc1ccc(OC(=O)c2cc(c3ccc(C)c(C)c3)on2)c(C)c1,-6.52654020652358,0
b2AR-decoy_2083,O=C1CCC/C(=N\NC(=O)c2ccc(CSc3cccc4cccnc34)cc2)C1,-6.52616103471397,0
b2AR-decoy_2303,Cc1ccc(NC(=O)c2ccc(Oc3ccc(C(F)(F)F)cc3)nc2)c(B(O)O)c1,-6.52363666387657,0
b2AR-decoy_2831,Clc1ccc(c2nc3occn3c2/C=N/OCc2ccc(Cl)c(Cl)c2)cc1,-6.52316709923027,0
b2AR-decoy_1619,Cc1ccc(OCCCC(=O)Oc2ccc3c(C)cc(=O)oc3c2)c(C)c1,-6.52281665468641,0
b2AR-decoy_2594,O=C(OCCBr)C1(c2ccc(c3ccc(Cl)c(Cl)c3)c(F)c2)CC1,-6.5207547236306,0
b2AR-decoy_2520,CC(=O)Nc1ccc(NC(=O)c2ccc(NS(=O)(=O)c3cc(C(C)(C)C)ccc3C)cc2)cc1,-6.5201049366667,0
b2AR-decoy_2466,C=C(C(=O)OCCCCCCBr)[C@@H]1CC[C@H](C)[C@@H]2CC(=O)C(C)=C2C1,-6.52009814822076,0
b2AR-decoy_1852,CCCOc1ccc(C2(C(F)(F)F)CC(c3ccc(C)cc3)=C(NC(=O)CS(C)(=O)=O)C(=O)N2)cc1,-6.51873493269604,0
b2AR-decoy_2010,N#Cc1c(NC(=O)c2cc(OCC(N)=O)ccc2Cl)sc2c1CCCC2,-6.51813105339791,0
b2AR-decoy_675,Oc1cccc(c2cc(c3cccc(O)c3)c(c3cccc(O)c3)s2)c1,-6.5177439935285,0
b2AR-decoy_2471,Clc1ccc(/N=C/c2c(Sc3ccc(Cl)cc3)nc3sccn23)cc1,-6.51763516619707,0
b2AR-decoy_3170,c1ccc(COc2cc(OCc3ccccc3)c3c(c2)occ3c2ccccc2)cc1,-6.5169778896596,0
b2AR-decoy_2451,CC(C)(C(=O)/C=C/c1ccccc1C(F)(F)F)C(=O)/C=C/c1ccccc1C(F)(F)F,-6.5169773277938,0
b2AR-decoy_1043,CCCC[C@H](CCn1cncn1)c1ccc(Cl)cc1Cl,-6.51655198838355,0
b2AR-decoy_513,O=c1cc(NNc2ccc3ccccc3c2)[nH]c(=S)[nH]1,-6.51611987568941,0
b2AR-decoy_2389,COc1ccc(C(c2oc(CO)cc(=O)c2O)c2c[nH]c3ccccc23)cc1,-6.51561382623447,0
b2AR-decoy_1790,Cc1ccc(C(=O)NCCCCn2c3ccc(O)cc3c(C)c2c2ccc(O)cc2)cc1,-6.515537660560851,0
b2AR-decoy_3088,Cn1cncc1C(OCc1ccc(C#N)cc1)c1ccc(C#N)c(c2cccc(Cl)c2Cl)c1,-6.51462766160581,0
b2AR-decoy_1308,Oc1ccccc1/N=C/c1ccc(/C=N/c2ccccc2O)cc1,-6.51415276156154,0
b2AR-decoy_2854,COc1ccc(/C=C/C(=O)c2cc(C(C)(C)C)c(OC)c(C(C)(C)C)c2)cc1,-6.5092082329392,0
b2AR-decoy_74,CC(C)Oc1ccc(c2ccc(C(=O)c3c(F)ccc(O)c3F)s2)cc1C#N,-6.50831790454514,0
b2AR-decoy_456,O=[N+]([O-])c1ccc(Sc2c(O)ccc(O)c2Cl)cc1,-6.50773292669733,0
b2AR-decoy_579,COc1cc(O)c2cc(c3cc(OC)cc(O)c3C)oc2c1,-6.50772619115186,0
b2AR-decoy_2584,C[C@]12CC[C@H]3[C@H]([C@@H]1CCC2=O)[C@H](SC1CCCCC1)CC1=CC(=O)CC[C@@]13C,-6.50417954188366,0
b2AR-decoy_1339,CCn1c(/N=C/c2ccc(Br)cc2)c(C#N)sc1=S,-6.50379723079316,0
b2AR-decoy_83,CC(C)CCC[C@@H](C)[C@H]1CC[C@H]2[C@H]3[C@H](CC[C@@]21C)[C@@]1(C)CC[C@H](O)[C@H](O)C1=C[C@@H]3O,-6.50357736744958,0
b2AR-decoy_687,CCCOC1Oc2ccc(Cl)cc2-c2ccc3c(c21)C(C)=CC(C)(C)N3,-6.50246169802422,0
b2AR-decoy_2971,Cc1ccc(S(=O)(=O)c2nc(c3ccco3)oc2SCc2ccccc2Cl)cc1,-6.50122630384445,0
b2AR-decoy_1932,CC(C)[C@@H](C)/C=C/[C@@H](C)[C@H]1CC[C@H]2C3=CC(=O)[C@@]4(O)C[C@@H](O)CC[C@]4(C)[C@H]3CC[C@@]21C,-6.50115803141196,0
b2AR-decoy_2820,COc1ccc(c2nn(c3ccc(Cl)cc3)cc2/C=C\C(=O)c2ccc(Cl)cc2)cc1,-6.50044841400771,0
b2AR-decoy_1464,N=C1C(Cl)=C(O)OC1O,-6.50020125856245,0
b2AR-decoy_2449,CCCCSC1=CC(=O)C(C[C@]2(C)[C@@H](C)CC[C@]3(C)C(C)=CCC[C@H]32)=CC1=O,-6.49947506674256,0
b2AR-decoy_1594,CCNC(=O)CC[C@@H](CO)N(C)C(=O)c1ccc2c(c1)c1c(n2C)CC[C@@H](C2CCOCC2)C1,-6.49432321841438,0
ASD03130029,Nc1nc(Nc2ccccc2)nc2ccc(Br)cc12,-6.49299836553215,1
b2AR-decoy_752,CC(=O)NCCC1=C(CC2CCCCC2)Cc2ccc3c(c21)CCO3,-6.4928271551089,0
b2AR-decoy_936,CC(=O)Nc1cc(C(F)(F)F)ccc1Oc1cccc(Br)c1,-6.49183038853935,0
b2AR-decoy_1289,CCCC/C(=N\O)c1cc(c2ccc(OC)c(F)c2)ccc1O,-6.49025397313756,0
b2AR-decoy_1495,FC(F)(F)c1c[nH]c(c2ncc[nH]2)n1,-6.49020094937414,0
b2AR-decoy_2542,COc1cc(C)ccc1C(=O)Nc1cc(C#N)ccc1N1CCC(Oc2ccc(F)cc2F)CC1,-6.48983663607896,0
b2AR-decoy_912,COc1cc(/C=C/C(=O)c2cccc(c3cccc(F)c3)c2)ccc1O,-6.48912715695657,0
b2AR-decoy_1199,CC(C)(C)c1ccc(OCc2ccccc2)c(/C=C2\SC(=O)NC2=O)c1,-6.48814380103888,0
b2AR-decoy_1058,Clc1ccc(OCCCCSc2ncccn2)cc1,-6.48776271455655,0
b2AR-decoy_2344,NC(=S)N=Nc1c(O)n(CCCl)c2ccc(Br)cc12,-6.48772768716618,0
b2AR-decoy_819,CC(C)(C)[C@H](C(=O)Nc1ncc(C(F)(F)F)s1)c1ccc(Cl)cc1,-6.48587137042262,0
b2AR-decoy_728,C=C(C)[C@@H]1C/C=C(\COC(C)=O)CC[C@@H](O)[C@](C)(Cl)CC/C=C(\C)CC1,-6.485797429553,0
b2AR-decoy_2533,COc1cc(/C=C/C(=O)c2cccc(n3cc(c4ccccc4C(F)(F)F)nn3)c2)ccc1O,-6.48573580169054,0
b2AR-decoy_2970,CC(=O)[C@@]12OC(C)(c3ccccc3)O[C@@H]1CC1C3CCC4=CC(=O)CCC4(C)C3CCC12C,-6.48486558117562,0
b2AR-decoy_414,Cc1ccc(Cl)cc1NS(=O)(=O)c1ccc2c(c1)NC(=O)CCS2,-6.48324245558376,0
b2AR-decoy_2017,Nc1ccc(C(Cn2cnnc2)=C(c2ccc(O)cc2)c2ccc(O)cc2)cc1,-6.48160027856846,0
b2AR-decoy_554,CC(C)OC(=O)c1c(N)scc1c1ccc2c(c1)OCO2,-6.48081951306903,0
b2AR-decoy_477,CC1=CCCC(C)(C)C1/C=C/c1cc(C(=O)NO)no1,-6.48081847856733,0
b2AR-decoy_3016,COc1cc(OC)cc(C(=O)NCc2n[nH]c(=S)n2c2ccc(Br)cc2)c1,-6.48068330710746,0
b2AR-decoy_1040,CCN(Cc1cccs1)C(=O)C(C)Oc1ccc(C)cc1,-6.47886246190391,0
b2AR-decoy_2867,CC1=CC[C@@H]2[C@@H](C1)c1c(O)cc(C(C)(C)c3ccccc3C)cc1OC2(C)C,-6.47850701394304,0
b2AR-decoy_753,O=[N+]([O-])c1ccc(Oc2ccc(Cl)cc2O)c(Cl)c1,-6.47847556240414,0
b2AR-decoy_2783,Cc1nn(c2ccccc2)c(Oc2ccccc2F)c1c1nnc(c2ccc(Br)cc2)o1,-6.47771746244951,0
b2AR-decoy_1080,Cc1csc(N2Nc3onc(c4ccccc4)c3C2c2ccc(Cl)cc2)n1,-6.47360379405089,0
b2AR-decoy_684,COc1cc(c2ccc3c(c2)/C(=C/c2c[nH]c4ccccc24)C(=O)N3)ccc1O,-6.47173293565883,0
b2AR-decoy_2387,O=c1c(c2ccc(O)cc2)c(CSC2=NCCS2)oc2cc(O)cc(O)c12,-6.46741500198703,0
b2AR-decoy_677,C/C1=C\CC(C)(C)C[C@@H](OC(=O)/C=C/c2ccc(O)cc2)C/C(C)=C/CC1,-6.46437191131447,0
b2AR-decoy_746,CCOc1ccc(Br)cc1/C=C/C(=O)c1ccccc1O,-6.46324899242942,0
b2AR-decoy_2004,CCNC(=O)c1noc(c2cc(C(C)C)c(O)cc2O)c1C#Cc1ccccc1,-6.46003136988482,0
b2AR-decoy_387,Cc1cc(C2=CC(c3ccc(F)cc3)N(C(=O)c3ccncc3)N2)ccc1O,-6.45966314362726,0
b2AR-decoy_1336,CCCCCc1cccc2c1S(=O)(=O)c1ccccc1O2,-6.45824750384153,0
b2AR-decoy_1039,CCCCCCCC1=CC(=O)c2ccccc2S1(=O)=O,-6.45590448307096,0
b2AR-decoy_1003,C=C[C@]12CC[C@H]3[C@@](C)(CCC[C@@]3(C)C(=O)OCC)[C@@H]1CC[C@](C)(CO)C2,-6.45459420907364,0
b2AR-decoy_1505,CC(C)=CCC1=C(OCc2cn(c3ccc(C#N)cc3)nn2)C(=O)c2ccccc2C1=O,-6.4545684379139,0
b2AR-decoy_2186,COc1cc(/C(F)=C/c2cc(O)c3ccsc3c2)cc(OC)c1OC,-6.4543782056364,0
b2AR-decoy_1395,N#Cc1c[nH]c(c2ncc[nH]2)n1,-6.45404458138126,0
b2AR-decoy_392,NS(=O)(=O)c1ccc(C2=C(c3ccc(F)c(F)c3)CC3(CC3)C2)cc1,-6.45199038218364,0
b2AR-decoy_66,CC(C)(C)[C@H](C(=O)Nc1ncc(Br)s1)c1ccc(Cl)cc1,-6.45099509997985,0
b2AR-decoy_1024,CCN(Cc1cccs1)C(=O)COc1ccc(Cl)cc1,-6.44958064641137,0
b2AR-decoy_1881,CCC(CC)(c1ccc(OC(=O)N2CCCCC2)cc1)c1ccc(N(C)C(C)=O)cc1,-6.44943655314064,0
b2AR-decoy_1991,N#Cc1c(N)nc(Sc2ccccc2O)c(C#N)c1c1cccs1,-6.44571923776107,0
b2AR-decoy_1602,N#C/C(=C\c1ccccc1Cl)C(=O)NCCCCNC(=O)/C(C#N)=C/c1ccccc1Cl,-6.44545772925899,0
b2AR-decoy_1128,COc1ccccc1/C=C/c1nc(C#N)c(NC(C)c2ccccc2)o1,-6.44330174267183,0
b2AR-decoy_220,COc1ccc(S(=O)(=O)N(CC(C)C)C[C@@H](O)[C@H](Cc2ccccc2)NC(=O)O[C@@H]2C[C@@H]3OC(=O)N(C)[C@@H]3C2)cc1,-6.44242244700499,0
b2AR-decoy_586,O=C(Nc1ccc(OC(F)(F)F)cc1)Sc1ccc(Cl)s1,-6.44233001231117,0
b2AR-decoy_86,Cc1nc2c(Cl)c(NS(=O)(=O)c3cc(Cl)ccc3Cl)ccc2s1,-6.44067460052788,0
b2AR-decoy_1213,COc1cc(/C=N/c2cc(C(C)(C)C)c(O)cc2C)cc(OC)c1OC,-6.44057286823343,0
ASD03130062,Fc1ccc(Nc2nc(NC3CCNCC3)c3ccccc3n2)cc1Cl,-6.44055830454188,1
b2AR-decoy_2525,COC(=O)N[C@@H]1CC[C@@H]2[C@@H](C1)C[C@H]1C(=O)O[C@H](C)[C@H]1[C@H]2/C=C/c1ccc(c2cccc(F)c2)cn1,-6.44011265462119,0
b2AR-decoy_348,CCCCCc1cc2c(c(C(=O)NC)c1)[C@@H]1C=C(C)CC[C@H]1C(C)(C)O2,-6.43997341606141,0
b2AR-decoy_1634,CC(C)CC(=O)OC1c2c(ccc3ccc(=O)oc23)OC(C)(C)C1OC(=O)CC(C)C,-6.43440797386269,0
b2AR-decoy_811,C=CCC1Oc2ccc(Cl)c(OC)c2-c2ccc3c(c21)C(C)=CC(C)(C)N3,-6.43250563381246,0
b2AR-decoy_2267,CC(C)=CCc1c([C@H]2CCc3ccc(O)cc3O2)cc(O)c(O)c1CC=C(C)C,-6.43213503729647,0
b2AR-decoy_944,FC(F)(F)c1ccccc1c1cc2cn[nH]c2cc1OCC1CC1,-6.4315664025274,0
b2AR-decoy_2850,Cc1ccc(N2CCN(c3ccc(C(=O)/C=C/c4ccc(Cl)cc4)cc3)CC2)c(C)c1,-6.43109547133912,0
b2AR-decoy_2265,O=c1c2ccc(OCc3ccc(Cl)cc3)cc2[nH]c2ccc(Cl)c(Cl)c12,-6.43048737847217,0
b2AR-decoy_107,Cc1cc(C)c(S(=O)(=O)Nc2cc(Cl)c3oc4c(c3c2)C(=O)CCC4)cc1C,-6.43019457986104,0
b2AR-decoy_591,COc1ccc(N/N=C2\C3=C(CCC(C)(C)O3)C(=O)c3ccccc32)cc1,-6.42805729326591,0
b2AR-decoy_666,Cc1c(OCc2cccc3ccccc23)ccc2c(O)cc(=S)oc12,-6.42802958693373,0
b2AR-decoy_312,COc1ccc(S(=O)(=O)Nc2cccc3c2O[C@H](CN(C)C(=O)Nc2ccc(C(F)(F)F)cc2)[C@@H](C)CN([C@H](C)CO)C3=O)cc1,-6.42730822854113,0
b2AR-decoy_391,O=C(NNC(=O)c1sccc1n1cccc1)c1cccc(Cl)c1,-6.42727356897526,0
b2AR-decoy_777,O=c1[nH]nc(c2cccs2)cc1Cc1ccc(Cl)c(Cl)c1,-6.42664004430782,0
b2AR-decoy_1252,Cc1onc(c2ccccc2)c1c1nnc(c2ccccc2C(F)(F)F)o1,-6.42610341429859,0
b2AR-decoy_1886,CCCCCCC[C@@H]1CC2C(CCC3(C)C(=O)CCC23)C2(C)C=CC(=O)C=C12,-6.42435069499894,0
b2AR-decoy_1119,CCC(=O)N1c2ccccc2N=C2CC(c3ccco3)CC(O)=C2C1c1ccco1,-6.42381545449748,0
b2AR-decoy_1281,COc1ccc(C(=O)C(OC(=O)c2ccc(F)cc2)c2ccc(OC)cc2)cc1,-6.42358821096748,0
b2AR-decoy_413,O=C(c1cc(Br)c(O)cc1O)N1Cc2ccccc2C1,-6.42185544527815,0
b2AR-decoy_2197,C/C(=C\CC[C@@H](C)[C@H]1CC[C@@]2(C)C3=C(CC[C@]12C)[C@@]1(C)CCC(=O)C(C)(C)[C@@H]1CC3=O)CO,-6.42149160870536,0
b2AR-decoy_2719,Cc1noc(=O)c2ccc(NC(=O)C(O)(CC3(C4CCC4)CCCc4ccccc43)C(F)(F)F)cc12,-6.42097142872071,0
b2AR-decoy_2013,NS(=O)(=O)c1ccc(N/N=C/c2ccc(N3CCCCC3)cc2)cc1,-6.42026309823611,0
ASD03130049,CN(c1ccccc1)c1nc(NC2CCCCC2)c2ccccc2n1,-6.41750765519048,1
b2AR-decoy_1515,COc1ccc(c2nc3sccn3c2/C=N/OCc2ccc(Cl)c(Cl)c2)cc1,-6.41738084187438,0
b2AR-decoy_2500,Cc1ccc(OC2=C(Sc3ccccc3)C(=O)c3ccccc3C2=O)cc1,-6.41582599654905,0
b2AR-decoy_2711,O=C(c1cc2cc(C3CC3)ccc2[nH]1)N1CC(=O)N(Cc2ccc3cc[nH]c3c2)[C@@H](Cc2ccccc2)C1,-6.41575936419258,0
b2AR-decoy_1146,CC(C)c1ccccc1Sc1c(O)cc(c2ccccc2Cl)oc1=O,-6.41529847714592,0
b2AR-decoy_2551,Cc1nc(c2ccccc2)sc1C(=O)CSc1nc(c2ccc(Cl)cc2)c(C#N)c(=O)[nH]1,-6.41494868710306,0
b2AR-decoy_712,C=CC(C)(C)c1ccc(O)c([C@@H]2CC(=O)c3c(O)cc(O)c(CC=C(C)C)c3O2)c1,-6.41480219831156,0
b2AR-decoy_2868,O=C(/C=C/c1ccc(/C=C/C(=O)c2ccc3ccccc3c2)cc1)c1ccc2ccccc2c1,-6.411622365698156,0
b2AR-decoy_1315,CCOC(=O)c1sc(SCC)c2c1CC(C)(C)CC2=O,-6.40852419863204,0
b2AR-decoy_1983,NC(=O)COc1cc(Cl)c2c(c1)C(O)(C(F)(F)F)c1ccccc1-2,-6.40788979291606,0
b2AR-decoy_1084,Cc1cccc(c2c(NC(=O)c3ccco3)oc3ccc(Cl)cc3c2=O)c1,-6.40527720103616,0
b2AR-decoy_610,CCC(C)C(=O)c1c(O)cc2c3c1OC(C)(C)C1CCC(C)(CC31)O2,-6.40365103004888,0
b2AR-decoy_2423,COC1(O[C@H]2CC[C@H]3[C@@H]4CC[C@H]5C[C@@H]6S[C@@H]6C[C@]5(C)[C@H]4CC[C@]23C)CCCC1,-6.39991572578703,0
b2AR-decoy_1404,Nc1nnc(C(F)(F)F)s1,-6.39862079479254,0
b2AR-decoy_637,CC(C)(C)[C@H](C(=O)Nc1ncc(Cl)s1)c1ccc(Cl)cc1,-6.39738622339351,0
b2AR-decoy_3005,CCOC(=O)/C=C/c1c(O)c(OC)cc(NS(=O)(=O)c2cccs2)c1SC,-6.39675586759143,0
b2AR-decoy_1011,CC(C)=CCOc1ccc(C(=O)/C=C/c2ccc(C)cc2)c(O)c1,-6.39583676200572,0
b2AR-decoy_1890,Fc1c(F)c(F)c(/N=N/c2c(F)c(F)c(F)c(F)c2F)c(F)c1F,-6.39557500723373,0
b2AR-decoy_47,COc1ccc2[nH]cc(/C=C/C(=O)c3ccc(OC)c4c3OC(C)(C)C=C4)c2c1,-6.39358888498522,0
b2AR-decoy_1931,C/C(=N\NC(=S)Nc1ccc(Br)cc1)c1ccc(Br)cc1,-6.3933115832949,0
ASD03130035,Clc1ccc(Nc2nc(NC3CCCCC3)c3ccccc3n2)cc1,-6.39160263237894,1
ASD03130054,COCCOc1cccc(Nc2nc(NC3CCCCC3)c3ccccc3n2)c1,-6.39065563051304,1
b2AR-decoy_2011,CC(C)(C)c1cc(CCC(=O)NNC(=O)c2ccco2)cc(C(C)(C)C)c1O,-6.38917693690687,0
b2AR-decoy_2252,Cc1cc(c2ccccc2)n2ncc(C(=O)Nc3ccccc3Sc3ccccc3)c2n1,-6.38902840502208,0
b2AR-decoy_2412,CCOC(c1ccc(Cl)cc1)C(SC(C)(C)C)n1cnc(Cl)c1,-6.38804356746272,0
b2AR-decoy_3008,C[C@H](CO)CCC[C@@H](C)[C@H]1CC(=O)C2=C3C[C@H](O)[C@H]4[C@@H](O)[C@@H](O)CC[C@]4(C)[C@H]3CC[C@@]21C,-6.38718486924911,0
b2AR-decoy_2283,CC(C)CCC[C@@H](C)[C@H]1CC[C@H]2[C@@H]3[C@H](O)/C(=N\O)C4=C[C@@H](O)CC[C@]4(C)[C@H]3CC[C@@]21C,-6.38567826793385,0
b2AR-decoy_2437,O=C1C=C(c2ccc(Br)c3ccccc23)C[C@@H](c2ccc3c(c2)OCO3)C1,-6.38407903977629,0
b2AR-decoy_1345,Cc1nc(C(F)(F)F)c(/C=C/C=C/C(=O)/C=C/c2ccccn2)s1,-6.38319493617727,0
b2AR-decoy_2113,CC(C)(O)Cn1cc(c2ccccc2c2ccc(c3cnc(N)cn3)c(F)c2)cn1,-6.3824310358509,0
b2AR-decoy_2291,O=C1C[C@H](O)C[C@@H](/C=C/c2c(Cl)cc(Cl)cc2c2cc(Cl)cc(Cl)c2)O1,-6.38217492477782,0
b2AR-decoy_2908,Clc1ccc(c2noc(CSc3nnc(Cc4cccs4)n3c3ccccc3)n2)cc1,-6.3820779904373,0
b2AR-decoy_534,CC(=O)Nc1c(C)cc(C(=O)Nc2c(C)cccc2C)cc1C,-6.38206116015093,0
b2AR-decoy_988,CC#C[C@@]1(O)CC[C@@]2(CC)c3ccc(OCc4ccncc4)cc3CC[C@@H]2C1,-6.38186862307441,0
b2AR-decoy_965,COc1ccc(c2ccsc2c2cc(OC)c(OC)c(OC)c2)cc1O,-6.38079738560828,0
b2AR-decoy_2428,O=CC1=Cc2cc(S(F)(F)(F)(F)F)cc(Br)c2OC1C(F)(F)F,-6.38051892870727,0
b2AR-decoy_583,O=C(Nc1c(Cl)cccc1Cl)c1csc(c2cccnc2)n1,-6.37883958398618,0
b2AR-decoy_389,Cc1ccc(Br)cc1NC(=O)C(C)NC(=O)OC(C)(C)C,-6.37882935725168,0
b2AR-decoy_1407,CC1(C)C(C(N)=O)C1(Cl)Cl,-6.37724647123685,0
b2AR-decoy_1325,Cc1ccccc1CSc1nnc(c2ccccc2)o1,-6.37710661456385,0
b2AR-decoy_399,O=C1Nc2ccc(Cl)cc2/C1=C\c1ccc(O)c(Br)c1,-6.37642185905654,0
b2AR-decoy_2166,C=C(C)/C=C/c1c2c(c(O)c3c(=O)cc(c4ccccc4)oc13)C=CC(C)(C)O2,-6.37631313309846,0
b2AR-decoy_976,Cc1cccc(C)c1N=C([S-])/C(=C(\O)c1cccs1)[n+]1ccccc1,-6.37515820942213,0
b2AR-decoy_2983,C=C1[C@H](C)CCC[C@]1(C)CC[C@@]1(C)C=Cc2c(OC(C)=O)c(OC(C)=O)cc(OC)c2O1,-6.37513947324079,0
ASD03130064,Clc1ccc(Nc2nc(NC3CCNCC3)c3ccccc3n2)cc1Cl,-6.374682871856,1
b2AR-decoy_2577,COC(=O)c1c(SC)cc(c2ccc(F)cc2)cc1c1ccc(F)cc1,-6.3746091971677,0
b2AR-decoy_2538,Clc1ccc(Cn2nccc2c2ccc3nnn(c4ccc5cn[nH]c5c4)c3c2)c(Cl)c1,-6.37150702455891,0
b2AR-decoy_195,C=CCCCS(=O)(=O)NC(=O)c1ccccc1NC(=O)[C@@H](NC(=O)OC(C)(C)C)c1ccc(Oc2cc(OC)nc(c3ccccc3)n2)cc1,-6.37081688386658,0
b2AR-decoy_2875,CCOc1c(/N=N/c2ccccc2Cl)c(c2ccccc2)nn1C(=S)S,-6.36974771357271,0
b2AR-decoy_1149,CC(C)=C/C=C/[C@H](C)C1=CC[C@]2(C)C[C@H]3[C@H](C(=O)C[C@@]3(C)O)C(C=O)=CC[C@@H]12,-6.36934336420775,0
b2AR-decoy_1278,CC1=CC(=O)[C@@H]2C(C)(C)C(=O)CC[C@@]2(C)[C@@H]1COc1ccc2ccc(=O)oc2c1,-6.36932192006827,0
b2AR-decoy_2395,CCc1cc2c(cc1OS(N)(=O)=O)CC[C@@H]1[C@@H]2CC[C@@]2(C)[C@H]1CC[C@@H]2CCO,-6.36853628600754,0
b2AR-decoy_2345,CC(C)(CO)NC(=O)/C=C1/CC[C@H]2[C@@H]3CC=C4C[C@@H](O)CC[C@]4(C)[C@H]3CC[C@]12C,-6.36679020803569,0
b2AR-decoy_946,O=C(Nc1ccccc1Cl)Oc1ccc(c2ccccc2)cc1,-6.36487660499949,0
b2AR-decoy_971,CN(C)c1ccc(C(C/C(=N\O)c2ccccc2)c2ccccc2)cc1,-6.36475302453746,0
b2AR-decoy_3166,CC(C)C/C=C/[C@@H](C)[C@H]1CC[C@H]2C3=C(CC[C@@]21C)[C@@]1(C)CC[C@H](O)CC1=CC3=O,-6.3642348605861,0
b2AR-decoy_1563,CC1=C(C(=O)Nc2ccc(CC(=O)NCc3ccc(OC(C)C)cc3)cc2)SCCO1,-6.36190221227985,0
b2AR-decoy_1222,COc1cc2c(cc1OC)-c1n[nH]c(c3ccc(c4ccncc4)cc3)c1C2,-6.36056996365946,0
b2AR-decoy_2447,CCC(=O)N(N=Nc1cc(C(F)(F)F)ccc1C#N)c1cc(C(F)(F)F)ccc1C#N,-6.3599899811358,0
b2AR-decoy_2929,N#Cc1cc(Cl)cc(Oc2c(F)c(CCc3cccc(Cl)c3)[nH]c(=O)c2Br)c1,-6.35747227435904,0
b2AR-decoy_2084,O=c1c(OC/C(=N/O)c2ccccc2)c(c2ccccc2)oc2ccccc12,-6.35666582988787,0
b2AR-decoy_3196,CN(CCC(Oc1ccc(C(F)(F)F)cc1)c1ccccc1)C(=S)SCCCl,-6.35654957784391,0
b2AR-decoy_2231,CCc1oc2ccccc2c1C(=O)c1ccc(Br)c(O)c1Br,-6.35630299902784,0
b2AR-decoy_2105,CC(C)(O)CCc1ccc(O)c2oc3cc4c(c(O)c3c(=O)c12)CCC(C)(C)O4,-6.35460142909088,0
b2AR-decoy_2990,O=C(CO[C@H](Cn1nncc1c1ccccc1)c1ccc(C#Cc2ccccc2)cc1)NO,-6.35398443552712,0
b2AR-decoy_1763,O=C(/C=C/c1ccc(/C=C(/C(=O)NC2CC2)c2ccc(C(F)(F)F)cc2)cc1)NO,-6.35356464868725,0
b2AR-decoy_1691,COc1ccc(C2COc3c(ccc(O)c3OC)C2)c(OC)c1O,-6.35303278806128,0
b2AR-decoy_2056,Cc1cc(C(=O)CSc2nc(O)c(C#N)c(c3cccs3)n2)ccc1Cl,-6.35242448997187,0
b2AR-decoy_479,O=C(Cc1ccc(Cl)cc1)c1ccc(O)c(O)c1,-6.35017979391165,0
b2AR-decoy_2909,Clc1ccccc1c1nnc(SCc2nc(c3ccccc3)no2)n1c1ccccc1,-6.34834934732462,0
b2AR-decoy_1486,CC1=C(C)C(O)C=CC1O,-6.34695729033497,0
b2AR-decoy_378,C[C@]1(CO)[C@H](O)C(=O)C[C@@]2(C)[C@H]1CC[C@@]1(C)c3cocc3CC[C@@H]12,-6.34459205706189,0
b2AR-decoy_2511,CCCCSC1=C2CCC3C4CCC(=O)C4(C)CCC3C2(C)CCC1=O,-6.34123895114091,0
b2AR-decoy_1397,Cc1c[nH]c(c2nc(C#N)c[nH]2)n1,-6.33859395137898,0
b2AR-decoy_1900,O=c1cc(c2ccc(OC(F)(F)F)cc2)oc2c1ccc1ccccc12,-6.33658070727145,0
b2AR-decoy_293,C[NH2+]CCOC1(Cn2ncc(c3ccc(N4CCc5cccc(C(=O)Nc6nc7ccccc7s6)c5C4)nc3C(=O)[O-])c2C)CCCC(C)(C)C1,-6.33636444693339,0
b2AR-decoy_432,O=c1c(c2ccc(Cl)cc2)coc2c(O)c(O)ccc12,-6.3346455856478,0
b2AR-decoy_1310,CCCCCc1ccc2c3c1C(=O)C(=O)C(C)=C3OC=C2C,-6.33326171927497,0
b2AR-decoy_587,COc1c2occc2c(O)c(c2ccccc2)c1c1ccccc1,-6.33322822331838,0
b2AR-decoy_2372,Cc1cc(N)nc(C)c1CNC(=O)c1cnn(Cc2ccc(F)c(F)c2)c1,-6.33225050672863,0
b2AR-decoy_2881,CC(=O)[C@H]1CC[C@H]2[C@@H]3CC[C@@H]4C[C@@](O)(c5ccccc5)CC[C@]4(C)[C@H]3CC[C@]12C,-6.3321059906949,0
b2AR-decoy_2134,Cc1cc(C)c(c2n[nH]c3c2C(c2ccccc2F)N(CCO)C3=O)c(O)c1,-6.33187070948439,0
b2AR-decoy_2444,C=C(C=O)[C@@H]1CC[C@]2(C)CC[C@]3(C)[C@H](CC[C@@H]4[C@@]5(C)CCC(=O)C(C)(C)[C@@H]5CC[C@]43C)[C@@H]12,-6.33119386617553,0
b2AR-decoy_761,COc1cc(CCc2cccc(Cl)c2Cl)cc(OC)c1O,-6.33103056707495,0
b2AR-decoy_3041,COc1ccc2cc(C3(C)NC(=O)N(CC(=O)NCCC4=CCCCC4)C3=O)ccc2c1,-6.330785530140865,0
b2AR-decoy_751,Nc1[nH]nc(C2CC2)c1N=Nc1ccc(Cl)c(Cl)c1,-6.32759609273654,0
b2AR-decoy_2035,O=c1cc(c2ccccc2)oc2cc(OC/C(=N/O)c3ccccc3)ccc12,-6.32718603495935,0
b2AR-decoy_1929,C=C1C(=O)O[C@H]2[C@H]1CCC(/C=N/NC(=S)Nc1ccc(F)cc1)=C\CC[C@@]1(C)O[C@@H]21,-6.32528027444979,0
b2AR-decoy_2406,CCOC(=O)c1sc(=S)sc1SCc1cccc(C(F)(F)F)c1,-6.32445201816795,0
b2AR-decoy_2618,CN(C)c1ccc(/C=N/c2ccc(/N=C3\C(=O)N(Cc4ccccc4)c4ccccc43)cc2)cc1,-6.32272799720393,0
b2AR-decoy_1073,C[C@H](CCC(N)=O)[C@H]1CC[C@H]2[C@@H]3CC[C@@H]4C[C@H](N=[N+]=[N-])CC[C@]4(C)[C@H]3C[C@H](O)[C@@]21C,-6.32258316876738,0
b2AR-decoy_475,CC(=O)Nc1ccccc1NC(=O)CC(C)(C)C,-6.32212594981493,0
b2AR-decoy_2127,COc1cc2c(CO)c(c3ccc(O)cc3O)oc2c(CC=C(C)C)c1O,-6.32173757479857,0
b2AR-decoy_2622,CCn1c(CN2C(=O)CSc3ccc(C(F)(F)F)cc32)nnc1SCc1ccc(Cl)cc1,-6.32130860924261,0
b2AR-decoy_2158,CC(C)=CCc1cc(c2cc(=O)c3cc4c(cc3o2)OC(C)(C)C=C4)ccc1O,-6.31984896305408,0
b2AR-decoy_2600,CCOc1ccc(c2ccc(C3=CC(=O)C[C@H](c4ccc(F)cc4)C3)cc2)cc1,-6.31928230176078,0
b2AR-decoy_252,CCCCN(CCCC)S(=O)(=O)N[C@@H]1c2cc3c(cc2[C@@H](c2cc(OC)c(O)c(OC)c2)[C@H]2C(=O)OC[C@H]12)OCO3,-6.31776635879338,0
b2AR-decoy_852,CC(C)=CCOc1cc(O)c2c(=O)c3ccccc3oc2c1CC=C(C)C,-6.3169919724268,0
b2AR-decoy_1893,Cc1cccc(OCC(=O)N(Cc2cccs2)c2ccc(Cl)cc2)c1C,-6.31494254085466,0
b2AR-decoy_120,COc1cccc(/C=C2/C(=O)Nc3cc(Cl)ccc32)c1c1ccc(C#N)cc1,-6.31366671448918,0
b2AR-decoy_900,CC(C)=NNc1nc(c2ccc(c3ccccc3)cc2)cs1,-6.31205218453165,0
b2AR-decoy_2116,Cc1ccc(Nc2nnc(Sc3ccc(S(N)(=O)=O)cc3)s2)cc1,-6.30726286382595,0
b2AR-decoy_1717,CC(C)(C)C(NC(=O)c1cc(OCC(F)(F)F)c(C2CC2)cn1)c1nccs1,-6.30705256235329,0
b2AR-decoy_2200,COc1ccc(C2c3c(cc4c(c3N)CCCC4)Oc3[nH]nc(c4ccccc4)c32)cc1,-6.3065635681316,0
b2AR-decoy_582,CC(C)c1cc2c(cc1O)[C@@]13CCCC(C)(C)[C@@H]1[C@H](OC3=O)[C@@H]2O,-6.30310642161946,0
b2AR-decoy_1644,CC(=O)N[C@@H](C)c1ccc(OC2CCN(c3ccc(OC(C)C)cc3C)C2)cc1,-6.30142329866687,0
ASD03130055,c1ccc2c(NC3CCCCC3)nc(N3CCOCC3)nc2c1,-6.30097423445717,1
b2AR-decoy_1722,CC(=O)Nc1cc(C(=O)N(C)Cc2ccco2)ccc1Sc1ccc(C)cc1,-6.30057818399146,0
b2AR-decoy_863,COc1ccc(C2C(C#N)=C(C)N=C3CC(C)(C)CC(O)=C32)c(OC)c1,-6.29881430292295,0
b2AR-decoy_498,Cc1cc(C)c(C(=O)/C=C/c2ccc(O)c(O)c2)c(C)c1,-6.29667162299696,0
b2AR-decoy_1124,CCCCNC1=CC(=O)C=C(C[C@]2(C)[C@@H](C)CC[C@]3(C)C(C)=CCC[C@H]32)C1=O,-6.29592479006965,0
b2AR-decoy_2953,CC[Si](CC)(CC)O[C@]1(C)CCC2=C(C)CC[C@H]3/C(=C\c4ccc(F)cc4)C(=O)O[C@@H]3[C@H]21,-6.29586310396215,0
b2AR-decoy_2044,COc1ccc(/C=C/c2nc(c3ccc4c(c3)CCC(=O)N4)cs2)cc1OC,-6.2940415032322,0
b2AR-decoy_2305,CON[C@H]1CC[C@]2(C)[C@H]3C[C@@H](O)[C@]4(C)[C@@H](C5=CC(=O)OC5)CC[C@]4(O)[C@@H]3CC[C@@H]2C1,-6.29372130497572,0
b2AR-decoy_400,CC(C)(C)c1cc(/C=C2/CCN(O)S2(=O)=O)cc(C(C)(C)C)c1O,-6.29258474388829,0
b2AR-decoy_3034,O=c1cc(c2ccnc(NC(CF)CF)n2)ccn1[C@H](CO)c1ccc(Cl)c(F)c1,-6.29190017203252,0
b2AR-decoy_624,COc1ccc(c2n[nH]c3c2Cc2sc(c4cccnc4)cc2-3)cc1,-6.2910823457476,0
b2AR-decoy_3033,Cc1c(NC(=O)/C(=C\c2ccccc2)NC(=O)c2ccccc2)c(=O)n(c2ccccc2)n1C,-6.29102416235816,0
b2AR-decoy_3021,COc1ccc(/C=N/NC(=O)c2ccc(NC(C)=O)cc2)cc1COc1ccc(F)cc1F,-6.29098114388369,0
b2AR-decoy_895,Cc1cc(Cl)c2ccc(Cl)cc2c1CCC1C[C@@H](O)CC(=O)O1,-6.28957624320112,0
b2AR-decoy_2987,O=C(OCC#CCSc1nnc(c2cccc3ccccc32)o1)c1cc2ccccc2s1,-6.28922908030915,0
b2AR-decoy_2945,CC(Oc1ccc(c2ccc(C#N)cc2)cc1)C(=O)C12CC3CC(CC(C3)C1)C2,-6.28897010160444,0
b2AR-decoy_1771,COC(=O)c1cccc(NC(=O)/C=C/Oc2ccc(C(C)(C)CC(C)(C)C)cc2)c1,-6.28869585022883,0
b2AR-decoy_161,COc1ccc(CNC(=O)c2csc([C@@H](NC(=O)c3csc([C@@H](NC(=O)OC(C)(C)C)C(C)C)n3)C(C)C)n2)c(OC)c1,-6.2874873090944,0
b2AR-decoy_2677,COc1c(/C=C/c2ccc(NS(C)(=O)=O)cc2)cc(c2cc(F)c[nH]c2=O)cc1C1(Cl)CC1,-6.28457290090964,0
b2AR-decoy_3024,C#CCCCCn1c(Sc2cc3c(cc2Br)OCO3)nc2c(N)ncnc21,-6.28424011621033,0
b2AR-decoy_2243,CC(C)[C@@H](C)C[C@H](O)[C@@H](C)[C@H]1CC[C@H]2[C@H]3[C@H](CC[C@@]21C)[C@@]1(C)CC[C@H](O)CC1=C[C@@H]3O,-6.28364717361431,0
ASD03130040,Clc1cccc(Nc2nc(NC3CCCCC3)c3ccccc3n2)c1,-6.28312051287701,1
b2AR-decoy_1529,COc1ccc(N(C)S(=O)(=O)c2ccc(c3cccc(OC)c3)cc2)cc1,-6.28211790360081,0
b2AR-decoy_146,C=C1CCC[C@]2(C)CC[C@@H](C(C)C)[C@H](OC(=O)/C=C/c3ccc(O)cc3)[C@@H]12,-6.28208308515456,0
b2AR-decoy_354,CC(C)=CCC1(C)C=Cc2c(c(c3ccc(C)cc3)c(Cl)[nH]c2=O)O1,-6.28126229229869,0
b2AR-decoy_59,N#C/C(=C\c1cccnc1)c1c[nH]c2ccc(OCc3ccccc3)cc12,-6.28107630378569,0
b2AR-decoy_1316,CCc1cc(Oc2ccc([N+](=O)[O-])cc2C#N)ccc1Cl,-6.28015050161152,0
b2AR-decoy_829,Cc1cc(/C=C\C#N)cc(C)c1Sc1ccnc(Nc2ccc(C#N)cc2)n1,-6.27938513550293,0
b2AR-decoy_2463,CCCCCc1ccc(n2ncc(Cl)c(Oc3ccc(OC)cc3)c2=O)cc1,-6.27912000917021,0
b2AR-decoy_561,Cc1c(CO)c(CO)c2n1[C@H](c1ccccc1)SC2(C)C,-6.27874737754216,0
b2AR-decoy_1884,COc1ccc(/C=C/c2ccc3oc(=O)c(c4ccc(OC)c(OC)c4)cc3c2)cc1,-6.2779385789198,0
b2AR-decoy_1820,CCc1c(Cc2cc(C)cc(C)c2)nc(SCc2ccc([N+](=O)[O-])cc2)[nH]c1=O,-6.27650354313413,0
b2AR-decoy_381,C[C@@H]1C(=O)C(O)=C2C(C)(C)C(=O)CC[C@]2(C)[C@@]1(O)CCc1ccoc1,-6.27535370176767,0
b2AR-decoy_117,CCC(C)(CC)CN1C(=O)S/C(=C\c2ccc(O)c(C(F)(F)F)c2)C1=O,-6.27444621927831,0
b2AR-decoy_1322,Cc1ccc(C2=CC=C(C=O)C(c3ccc([N+](=O)[O-])cc3)C2)o1,-6.27418954557224,0
b2AR-decoy_792,N#CCC(=O)Nc1cc(c2ccc(Cl)c(Cl)c2)cs1,-6.2725589073373,0
b2AR-decoy_2976,O=C(SCCc1ccc(CO)cc1)SCc1ccc(Cl)cc1Cl,-6.27197053096552,0
b2AR-decoy_1394,O=C(NO)c1csc(c2cnccn2)n1,-6.2692294127873,0
b2AR-decoy_1258,Cc1noc(C)c1CSc1nnc2cc(C)c3ccccc3n12,-6.26794121159788,0
b2AR-decoy_2796,CCN(CC)c1ccc(S[C@@H]2CC3=CC(=O)CC[C@]3(C)[C@H]3CC[C@]4(C)C(=O)CC[C@H]4[C@@H]32)cc1,-6.26649571491329,0
b2AR-decoy_662,Clc1cccc(Cl)c1/C=N/Nc1c(Cl)cncc1Cl,-6.26553969953925,0
b2AR-decoy_2794,COc1ccc2c(c1)C(C(=O)N(Cc1ccc(N(C)C)cc1)c1ccc(C(C)C)cc1)CCC2,-6.26541841684993,0
b2AR-decoy_1787,Cc1nc([C@](C)(CC(C)(C)C)NC(=O)c2cc(OCC(F)(F)F)c(C3CC3)cn2)no1,-6.26436656775638,0
ASD03130041,Cc1ccc(CNc2nc(NC3CCCCC3)c3ccccc3n2)cc1,-6.2638721612218,1
b2AR-decoy_2547,CC(c1ccccc1)S(=O)(=O)/C=C/c1ccc(C(=O)OC2CC(C)(C)N(O)C(C)(C)C2)cc1,-6.26231875244936,0
b2AR-decoy_566,Cc1c(C)c2c(c(C)c1N)CC(C)(CSc1ccncc1)O2,-6.26226646066252,0
b2AR-decoy_2210,C=C(Br)CC1Oc2cccc(OC)c2-c2ccc3c(c21)C(C)=CC(C)(C)N3,-6.26164087147422,0
b2AR-decoy_1982,O=c1cc(CO)oc(C(Nc2nccs2)c2ccc(F)cc2)c1O,-6.25979818892093,0
b2AR-decoy_3186,Clc1ccc(C(COCc2ccc(c3ccccc3)cc2)Cn2cncn2)c(Cl)c1,-6.25876375637932,0
b2AR-decoy_1402,Nc1c(C(F)(F)F)n[nH]c1O,-6.25835206221763,0
b2AR-decoy_1243,Cc1nc(c2cccnc2)sc1c1nnc(c2cccc(Cl)c2Cl)o1,-6.25827080896205,0
b2AR-decoy_1575,CCCc1cccc(c2cc(NC(=O)[C@@H]3CNC(=O)C3)nn2c2cccc(OCC3(C)COC3)c2)c1,-6.25805966369554,0
b2AR-decoy_2509,N#Cc1ccc(c2cccs2)nc1SCc1c(F)cccc1Cl,-6.25779281138514,0
b2AR-decoy_2690,C#CCOC(=O)c1ccc(O)c(NC(=O)COc2ccc(C34CC5CC(CC(C5)C3)C4)cc2)c1,-6.254066223862486,0
b2AR-decoy_2213,COc1ccc(C(=O)O[C@H]2CC[C@@]3(C)C(=CC[C@H]4[C@@H]5CC/C(=N\O)[C@@]5(C)CC[C@@H]43)C2)cc1,-6.25347778929354,0
b2AR-decoy_2754,CC(C)(C)c1cc(/C=C2\CCN(c3ccc(Cl)cc3)S2(=O)=O)cc(C(C)(C)C)c1O,-6.24976611784372,0
b2AR-decoy_1942,CC(C)(O)C#Cc1cnc(NC(=O)[C@H](CC2CCCC2)c2ccc(S(C)(=O)=O)c(Cl)c2)cn1,-6.24942765442913,0
b2AR-decoy_1376,Cc1cc(C)c(C(CC(=O)c2cccs2)C(C#N)C#N)c(C)c1,-6.24923217181937,0
b2AR-decoy_1028,CCOP(=O)(CCCCCCN=C=S)c1ccccc1,-6.24892616485186,0
b2AR-decoy_1806,COc1ccc2c(C(=O)c3cc(OC)c(OC)c(OC)c3)c(c3ccc(O)cc3)oc2c1,-6.24637570843129,0
b2AR-decoy_2448,Cc1cnc(Sc2nc3cc(Cl)c(Cl)cc3nc2C(F)(F)F)s1,-6.24569977666376,0
b2AR-decoy_1,CC(C)c1ccc(NC(=O)Oc2ccc3c(c2)[C@]2(C)CCOC2O3)cc1,-6.24457483091926,0
b2AR-decoy_1799,CCCc1ccc(OCC(=O)Nc2sc3c(c2C(=O)OCC)CCC(C(C)(C)C)C3)cc1,-6.24447979392372,0
b2AR-decoy_3023,CC(O)c1ccc(N(C)S(=O)(=O)c2cccc(C(=O)Nc3ccc(C#N)cc3)c2)cc1,-6.24421316708598,0
b2AR-decoy_1879,O=C(/C=C/c1cccs1)c1ccc(C(=O)/C=C/c2cccs2)cc1,-6.24299252972057,0
b2AR-decoy_1618,CC1=NC(C)=C(C(=O)OCC(C)C)C(c2ccccn2)/C1=C(\O)OCC(C)C,-6.24162122175655,0
b2AR-decoy_2368,Cc1ccc(c2cc(C(F)(F)F)nn2c2ccc(S(N)(=O)=O)c(CO)c2)cc1,-6.24159817150485,0
b2AR-decoy_862,CC1=C(CCc2ccoc2)[C@@]2(C)CCCC(C)(C)C2=C(O)C1=O,-6.23989475422342,0
b2AR-decoy_2480,COc1ccc([C@H]2CC(=O)C=C(/C=C/c3ccc(Cl)cc3)C2)cc1,-6.2394165769399255,0
b2AR-decoy_208,CC(C)(C)OC(=O)CCCCNC(=O)[C@H](CCCCN1C(=O)c2ccccc2C1=O)NC(=O)CI,-6.23921980063589,0
b2AR-decoy_2129,Cc1csc(c2cnc(N)c(/N=C/c3ccnc(NC(=O)C4CC4)c3)c2)c1,-6.23824525013792,0
b2AR-decoy_2240,C[C@H](C[C@@H]1CCCN(C)C1=O)[C@H]1CC[C@H]2[C@@H]3CC=C4C[C@@H](O)CC[C@]4(C)[C@H]3CC[C@@]21C,-6.23390926336762,0
b2AR-decoy_1463,O=S(=O)([O-])c1cc(O)ccc1O,-6.23261512681336,0
b2AR-decoy_1462,Oc1cccc(O)c1Cl,-6.23210894069022,0
b2AR-decoy_1643,COc1cc(C2CC(c3cccs3)=NN2C(=O)CCl)ccc1OC(F)F,-6.23175661412501,0
b2AR-decoy_231,CN(C)c1cccc2c(S(=O)(=O)NCc3cn(CCCCn4c5ccccc5c5ccc6c(C=O)c[nH]c6c54)nn3)cccc12,-6.22961178101469,0
b2AR-decoy_2726,CCO/C(O)=C1\C(CSc2ccccc2)=NC(C)=C(C#N)C1c1ccccc1C(F)(F)F,-6.22694982409887,0
b2AR-decoy_2751,COC(=O)c1sc2ccccc2c1NC(=O)CCSc1ccc(Br)cc1,-6.22521400980919,0
b2AR-decoy_1158,COc1ccc(c2cc(O)c3c(c2)oc(N)c3c2cccs2)cc1OC,-6.2249868309627,0
b2AR-decoy_901,COc1cc(OC)cc(c2cccc(c3ccc(O)cc3)c2)c1,-6.22288110555157,0
b2AR-decoy_537,C=CCc1c(O)cc(O)c2c1OC(c1ccc(Cl)cc1)CC2=O,-6.22263139019077,0
b2AR-decoy_2730,N#Cc1c(c2ccccc2)cc(C(F)(F)F)c2c3n(nc12)C(c1ccccc1)CCN3,-6.22191473998429,0
b2AR-decoy_969,O=C(/C=C/c1ccc(OCc2ccc(Cl)cc2)cc1)c1ccc(O)cc1,-6.221727297334034,0
b2AR-decoy_1686,CCOC=C1SC(=S)N(c2ccccc2OC)C1=O,-6.22093897244582,0
b2AR-decoy_3134,Cc1ccc(NC(=O)c2c(C)cc(C)nc2SCC(=O)Nc2ccc(Br)cc2)cc1,-6.21833908812449,0
b2AR-decoy_462,Cc1cc(C(=O)NN=Cc2c(C)[nH]c3ccccc23)c(C)o1,-6.21779379115746,0
b2AR-decoy_1738,CS(=O)(=O)NC(=O)c1cc(Cl)c(OC2CCC3(CCCC3)CC2)cc1F,-6.21778255233473,0
b2AR-decoy_1237,C[S+]([O-])c1ccc(c2coc3ccc(c4nnc(S)o4)cc32)cc1,-6.21763908312768,0
b2AR-decoy_376,NC(=O)c1cc2c(Sc3ccc(Br)cc3)cncc2s1,-6.21727916751813,0
b2AR-decoy_2422,CCC=C(c1cc(Cl)ccc1OCc1ccc(Cl)cc1Cl)n1ccnc1,-6.2171152934609,0
b2AR-decoy_269,CC(C)(C)c1cc(NC(=O)NCc2ccccc2Sc2ccc3nnc(c4ccccc4[S+]([O-])CCO)n3c2)n(c2ccc(O)c(Cl)c2)n1,-6.21706039411876,0
b2AR-decoy_2944,CN(C)C(=O)OC1=C(c2ccccc2)Sc2c(Cl)cccc2-n2cccc21,-6.21703501202546,0
b2AR-decoy_2041,Cc1cc(OCc2cc(C(=O)NCc3cc(C(C)C)no3)no2)cc(C)c1Cl,-6.21625300261394,0
b2AR-decoy_1544,Cc1ccc(/C=C/C(=O)Oc2cc(CCc3ccccc3)oc(=O)c2)cc1,-6.21559904120896,0
b2AR-decoy_2729,COc1c(CC=C(C)C)cc(C2CC(=O)c3ccc(O)cc3O2)cc1CC=C(C)C,-6.20856165770627,0
b2AR-decoy_317,C/C(=N\NC(N)=S)c1sc(c2ccccc2)c(c2ccccc2)c1C,-6.2076753631949,0
b2AR-decoy_3165,Clc1ccc(COc2ccc(/C=C/CCn3cnc4ccccc43)cc2)cc1,-6.20522389116505,0
b2AR-decoy_3110,C[C@H](NC(=O)CNc1cc(C(F)(F)F)c2c(c3ccccc3)nn(C)c2n1)c1ccccc1,-6.20256284852791,0
b2AR-decoy_2633,FC(F)(F)Cn1cc(c2ccncc2)c(c2ccc(OCc3ccc4ccccc4n3)cc2)n1,-6.2020649145978,0
b2AR-decoy_1863,CC(C)CC(C)(CC(C)C)OC(=O)CC(C)NC(=O)C1=NOC(C(O)(C(F)(F)F)C(F)(F)F)C1,-6.20177766805093,0
b2AR-decoy_864,COc1cccc(COc2ccc3c(c2)C(C)=CC(C)(C)N3)c1,-6.20109437475345,0
ASD03130111,COCCN1CCC(Nc2nc(Nc3cc(Cl)cc(Cl)c3)nc3ccccc23)CC1,-6.2004678269104,1
b2AR-decoy_1567,CO[C@H]1/C=C/CC/C=C/C(=O)O[C@@H](/C(C)=C/[C@H](C)C(=O)CCCC2CC(=O)NC(=O)C2)[C@@H](C)[C@@H]1O,-6.19960816830241,0
b2AR-decoy_253,COc1ccc(S(=O)(=O)N(C)C[C@@H]2Oc3c(NS(=O)(=O)c4ccc(Cl)cc4)cccc3C(=O)N([C@@H](C)CO)C[C@H]2C)cc1,-6.19920482132613,0
b2AR-decoy_3112,C[C@H](CCCC(C)(C)O)[C@H]1CC[C@H]2/C(=C\C=C3C[C@@H](O)C(O)(CF)[C@H](O)C3)CCC[C@@]21C,-6.19845820330603,0
b2AR-decoy_1022,C=C(Br)COC1C=CC(c2ccccc2)OC1COC,-6.19828140968377,0
b2AR-decoy_363,CCc1cnccc1SC/C(=N\O)c1cc(Cl)sc1Cl,-6.19386015280898,0
b2AR-decoy_1528,CCCCSC(=O)[C@@]1(C)CC[C@H]2[C@@H](CC=C3C[C@@H](OC(C)=O)CC[C@@]32C)[C@@H]1CC#N,-6.19308369738691,0
b2AR-decoy_974,COc1cc(/C=C/C(=O)OC2CC3CCC2(C)C3(C)C)cc(Cl)c1O,-6.1881532983481,0
b2AR-decoy_1270,O=[N+]([O-])CCCCCCN1c2ccc(F)cc2Sc2cccnc21,-6.18776692421348,0
b2AR-decoy_2287,CC(C)CCCC(C)[C@H]1CCC2C3C/C(=N\O)C4=C[C@H](O)[C@H](O)C[C@]4(C)C3CC[C@@]21C,-6.18758166093835,0
b2AR-decoy_1682,O=S1(=O)C=C(Sc2nc3ccccc3o2)c2ccccc21,-6.18728260181064,0
b2AR-decoy_1230,Oc1ncccc1C(/C=C/C1CC1)(OCc1ccccc1)C(F)(F)F,-6.18603622188817,0
b2AR-decoy_259,C=C(C)[C@]12C[C@@H](C)[C@@]34O[C@](Cc5ccccc5)(O[C@@H]1[C@@H]3C=C(COC(=O)C(OC(C)=O)c1ccc(O)c(OC)c1)C[C@]1(O)C(=O)C(C)=C[C@H]14)O2,-6.18240342490453,0
b2AR-decoy_739,CC(CCCc1ccc(F)cc1)c1cc(O)c2c(c1)OC(C)(C)C1=C2C2CCN1CC2,-6.18239753120625,0
ASD03130058,FC1(F)CCC(Nc2nc(Nc3cccc(OCCCN4CCOCC4)c3)nc3ccccc23)CC1,-6.18119032197809,1
b2AR-decoy_2941,C=C(c1cc(Cl)cc(Cl)c1OCc1ccc(Cl)cc1)n1ccnc1,-6.1809460971272,0
b2AR-decoy_272,CC(=O)N1C[C@H]2[NH2+][C@H](CC(c3ccc(CCCOc4c(F)ccc(F)c4Cl)cc3)=C2C(=O)N(Cc2cccc(Cl)c2Cl)C2CC2)C1,-6.18070141489584,0
b2AR-decoy_368,CCOC(=O)C1=C(N)OC2=C(C(=O)CCC2)C1c1sccc1C,-6.18016194006859,0
b2AR-decoy_775,FC(F)(F)Oc1ccccc1c1cccc(c2c[nH]cn2)c1,-6.18005730087924,0
b2AR-decoy_3097,COC(=O)Cc1c(SSSc2[nH]c3ccccc3c2CC(=O)OC)[nH]c2ccccc12,-6.17927221214758,0
b2AR-decoy_2715,Cc1ccc(Cc2cc(c3ccc(Br)cc3)n(c3ccc(S(N)(=O)=O)cc3)n2)cc1,-6.17874039481808,0
b2AR-decoy_1041,COc1cc(C(=O)c2ccc(c3ccsc3)s2)cc(OC)c1OC,-6.1737801451637,0
b2AR-decoy_2501,CCN(/C(=C\C(=O)/C=C/C1=C(C)CCCC1(C)C)SC)c1ccccc1,-6.17053723865571,0
b2AR-decoy_409,O=C(NC1N=C(c2ccccc2F)c2ccccc2NC1=O)c1ccsc1,-6.17042081232975,0
b2AR-decoy_1319,CC(=O)COc1cccc(c2cc3cc(C)ccc3oc2=O)c1,-6.169715473767084,0
b2AR-decoy_570,O=c1c(c2cc(Cl)c(O)c(Cl)c2)coc2cc(O)ccc12,-6.16905455664032,0
b2AR-decoy_1250,COc1ccc(/C=C2\COC/C(=C\c3nc(C)c(C)nc3C)C2=O)c(Cl)c1,-6.16552174398051,0
b2AR-decoy_1233,O=c1cc(N2CCOCC2)oc2ccc(c3ccc(OC(F)(F)F)cc3)cc12,-6.16539199288215,0
b2AR-decoy_2664,FC(F)Oc1ccc(c2nnc3cncc(Oc4ccc(Cl)c(C(F)(F)F)c4)n32)cc1,-6.16449033027103,0
b2AR-decoy_2936,COc1ccc(/C=C/C2=CC3(C)CC2(C)C(c2ccc(OC)cc2)CC3=O)cc1,-6.1631438938489,0
b2AR-decoy_2969,C[C@@H](O[C@H]1O[C@@H]2O[C@@]3(C)CC[C@H]4[C@H](C)CCC([C@H]1C)[C@]42OO3)c1ccc(C(F)(F)F)cc1,-6.16285701598098,0
b2AR-decoy_1025,COc1ccc2cc(/C=C/C(=O)/C=C/c3ccc(N(C)C)cc3)ccc2c1,-6.16196007870675,0
b2AR-decoy_1470,NC(=O)c1cncc(Cl)n1,-6.16177025806514,0
b2AR-decoy_1755,CC(C)n1cc(NC(=O)c2cnn3cccnc23)c(c2cccc(Cl)c2)n1,-6.16124617691234,0
b2AR-decoy_1063,CC(=O)C[C@@H](CC(=O)Oc1ccc(C#N)cc1)c1ccccc1,-6.15784148166849,0
b2AR-decoy_190,COc1ccc(S(=O)(=O)N(CC(C)C)C[C@@H](O)[C@H](Cc2ccccc2)NC(=O)c2cc(N)cc(C(=O)N(C)Cc3nc(C)oc3C)c2)cc1,-6.1576839187516,0
b2AR-decoy_2544,COc1nc2ccccc2cc1c1cccnc1Oc1ccc(C(=O)c2nc3ccccc3[nH]2)cc1,-6.15745128997527,0
b2AR-decoy_1018,O=C1CCCCC1(CCc1ccncc1)CCc1ccncc1,-6.15708342867537,0
b2AR-decoy_63,CCCCc1ccc(C(=O)NN(C(=O)c2ccccc2Cl)C(C)(C)C)cc1,-6.15601895902158,0
b2AR-decoy_2285,CCCCOC(=O)C1(c2cc(O)c3c(c2)OC(C)(C)[C@@H]2CC=C(C)C[C@@H]32)CCC1,-6.15574585241641,0
b2AR-decoy_304,Cc1cn([C@H]2C[C@H](C3(c4ccc(NC(=O)CCCCCCC(=O)NO)cc4)SCCCS3)[C@@H](CO[Si](C)(C)C(C)(C)C)O2)c(=O)[nH]c1=O,-6.15306279033975,0
b2AR-decoy_2556,COc1ccc(c2nn(c3ccccc3)cc2/C=C/C(=O)c2ccc(O)c3c2OC(C)(C)C3)cc1,-6.1527579814658,0
b2AR-decoy_1640,C#CCOCc1c(C)nc2c(OCc3c(Cl)cccc3Cl)cccn12,-6.1509895786797,0
b2AR-decoy_1179,COc1cc(NC(=O)/C=C/c2c(C)cc(F)cc2C)ccc1c1cnco1,-6.15092774982701,0
b2AR-decoy_1869,COCCNC(=O)c1cc(C(C)Nc2cc(F)cc(F)c2)c2oc(N3CCOCC3)cc(=O)c2c1,-6.14871680396587,0
b2AR-decoy_2744,COc1ccc(/C=C/Sc2nc(C(C)c3c(Cl)cccc3Cl)c(C)c(=O)[nH]2)cc1,-6.14871069234559,0
b2AR-decoy_1989,C=C1CC[C@@H](OC)[C@@](O)(CO)C[C@H]2O[C@@]23[C@H](C(C)(C)O)CC[C@@]3(C)CC1,-6.14841106442292,0
b2AR-decoy_734,CC(C)=CCc1cccc([C@@H]2CC(=O)c3c(O)cc(O)c(CC=C(C)C)c3O2)c1O,-6.14767768361868,0
ASD03130060,Clc1ccc(Nc2nc(NC3CCCCC3)c3ccccc3n2)cc1Cl,-6.1473716375357,1
b2AR-decoy_1605,N#Cc1ccc(OCC(O)CCNS(=O)(=O)c2ccc(Cl)cc2Cl)cc1F,-6.147027245704406,0
b2AR-decoy_1772,Cn1cc(C2=C(c3cn(CCCCCC#N)c4ccccc34)C(=O)N(O)C2=O)c2ccccc21,-6.146531362038765,0
b2AR-decoy_2212,C=C(C)C(/C=C\[C@@H](C)[C@H]1CC[C@H]2[C@@H]3C[C@H](O)[C@H]4C[C@H](O)[C@@H](O)C[C@]4(C)[C@H]3CC[C@@]21C)C(C)C,-6.14602005315647,0
b2AR-decoy_1559,C/C(=C(/CCOC(=O)c1ccccc1)SC(=O)c1ccccc1)N(C=O)Cc1cnc(C)nc1N,-6.14539241277603,0
b2AR-decoy_3180,COc1cc(c2nnc(SCc3ccc(C)cc3)o2)ccc1OCc1ccc(C)cc1,-6.14467365836813,0
b2AR-decoy_1085,O=C1Oc2ccc(c3ccccc3)cc2C(=O)/C1=N/Nc1c(Cl)cccc1Cl,-6.14438943340502,0
b2AR-decoy_951,O=S(=O)(Nc1ccc(Cl)cc1Cl)c1cc(Cl)ccc1Cl,-6.14349769576334,0
b2AR-decoy_805,COC(=O)C1=C(C)NC2=C(C(=O)CC(C)(C)C2)C1c1ccc(c2ccc(C)cc2)cc1,-6.14109895907282,0
b2AR-decoy_709,COC(=O)CC[C@@H](C)[C@H]1CC[C@H]2[C@@H]3CC[C@@H]4C[C@H](O)CC[C@]4(C)[C@H]3CC[C@@]21C,-6.1410449646886,0
b2AR-decoy_450,Oc1ccc(C(=Nc2ccccc2)c2ccc(O)cc2)cc1,-6.14079802534207,0
b2AR-decoy_2183,CCc1ccc(C(=O)NN(C(=O)c2cc(C)cc(C)c2Cl)C(C)(C)C)cc1,-6.14050343456451,0
b2AR-decoy_2099,CCC(=O)N1N=C(c2ccc(N)cc2)c2cc3c(cc2CC1C)OCO3,-6.14036097921478,0
b2AR-decoy_2375,O=C(N/N=C/c1cc(Br)c(O)c(Br)c1O)c1ccncc1,-6.13990323423778,0
b2AR-decoy_2662,COc1cc(/C=C2\SC(=O)N(Cc3ccc(F)cc3)C2=O)ccc1OCc1ccccc1,-6.1389193822287655,0
b2AR-decoy_787,C/C(=C\c1ccc(Br)cc1)C(=O)c1c(C)cc(C)nc1O,-6.13613700617199,0
b2AR-decoy_1416,OC(O)(C(F)(F)F)C(F)(F)F,-6.13587163131893,0
b2AR-decoy_2079,Cc1ccc(c2cc(C(=O)NC3CC3)cc(N3C(=O)OC[C@H]3C(C)C)c2)c(F)c1,-6.13362859341356,0
b2AR-decoy_996,COc1cc(/C=C/c2ccc(OC(=O)c3ccccc3O)cc2)cc(OC)c1,-6.13133489192204,0
b2AR-decoy_1302,COc1cccnc1C(=O)/C=C/c1ccccc1C(F)(F)F,-6.13097103398245,0
b2AR-decoy_1715,CN(C)C(=O)CSc1ncnc2scc(c3ccccc3)c12,-6.13059488640877,0
ASD03130071,Fc1ccc(Nc2nc(NC3CCNCC3)c3cc(Cl)ccc3n2)cc1F,-6.13034821441734,1
b2AR-decoy_2433,Clc1ccc(C(Cn2ccnc2)OCc2ccc3ccccc3c2)c(Cl)c1,-6.12919325423355,0
b2AR-decoy_2087,CC(=O)N[C@@H](C)c1cc(c2cnc(Oc3ccc(OC(C)C)cc3)s2)no1,-6.12707543591979,0
b2AR-decoy_1489,OB(O)c1cc(Cl)ncc1Cl,-6.12623982708917,0
b2AR-decoy_2110,CO[P@](=O)(c1cc(C)cc(/C=C/C#N)c1)c1c(C(N)=O)[nH]c2ccc(Cl)cc12,-6.12529063515282,0
b2AR-decoy_1963,CCCS(=O)(=O)Nc1ccc(Oc2ccc(F)cc2F)c(c2cn(C)c(=O)c3[nH]ccc32)c1,-6.12472986730867,0
b2AR-decoy_2350,O=C(NNC(=O)c1ccccc1Cl)c1cc2cc(OC(F)(F)F)ccc2[nH]1,-6.1236206583539,0
b2AR-decoy_1191,CCc1cc(N(C)Cc2nc3c(Cl)ccc(Cl)c3o2)c(O)nc1C,-6.1229972909453,0
b2AR-decoy_1705,O=C(OCC(=O)c1ccccc1Br)c1ccccn1,-6.12011334928662,0
ASD03130100,CC(C)CCNc1nc(Nc2cc(Cl)cc(Cl)c2)nc2ccccc12,-6.1180251091418,1
b2AR-decoy_1888,Clc1ccc(C(CCn2ccnc2)Oc2c(Cl)cccc2Cl)cc1,-6.11756207618144,0
b2AR-decoy_1969,COc1c(COc2ccc(NS(C)(=O)=O)cc2)cc(c2ccc[nH]c2=O)cc1C(C)(C)C,-6.11740639474535,0
ASD03130109,Cc1ccc2c(NC3CCCCC3)nc(Nc3cc(Cl)cc(Cl)c3)nc2c1,-6.11664138410803,1
b2AR-decoy_2635,CCOCCCn1c(SCc2nc(c3cccs3)oc2C)nc2sc(C)c(C)c2c1=O,-6.1153622100592,0
b2AR-decoy_750,Cc1cc(C)c(C/C(=N/O)c2cc3ccccc3o2)c(C)c1,-6.11517106090641,0
b2AR-decoy_2384,NC(=O)c1cc(Br)ccc1NC(=O)/C=C/c1ccc(Cl)cc1,-6.11374514296972,0
ASD03130047,CC1CCCC(Nc2nc(NC3CCCCC3)c3ccccc3n2)C1,-6.11349124026081,1
b2AR-decoy_1299,Cc1ccc(c2nnc(SSCC(C)C)o2)cc1,-6.11262463428108,0
b2AR-decoy_267,O=C(/C=C/c1cccc([N+](=O)[O-])c1)Nc1ccc(N2CC[NH+](CC(O)(Cn3cncn3)c3ccc(F)cc3F)CC2)c(C(F)(F)F)c1,-6.11180545925288,0
b2AR-decoy_2323,CCOc1cc(c2cc(c3ccc(OC)cc3)nc(N)c2C#N)ccc1O,-6.11057874635326,0
b2AR-decoy_153,CCC(=O)CCCCC[C@@H]1NC(=O)[C@H](C)N(C)C(=O)C[C@H](CC(C)C)NC(=O)CN(CCc2c[nH]c3ccccc23)C1=O,-6.11005471869686,0
b2AR-decoy_1747,O=C(/C=C/c1ccc(O)cc1)c1ccc(OS(=O)(=O)c2cccc(F)c2)cc1,-6.1091081623077,0
b2AR-decoy_1451,N#CCc1nc(C#N)c(N)o1,-6.10882765065319,0
b2AR-decoy_2123,Nc1sc(c2ccccc2)cc1C(=O)NCCc1c[nH]c2ccccc12,-6.10873250587029,0
b2AR-decoy_233,COc1cc(C(=O)NS(=O)(=O)c2ccccc2C)ccc1Cc1cn(C)c2ccc(C(=O)NC[C@@H](C)CC(F)(F)F)cc12,-6.10792781706781,0
b2AR-decoy_2069,CN(C)C(=O)[C@H]1C[C@@H]1c1ccc(c2nc[nH]c2Sc2ccc(Cl)cn2)cc1,-6.10378789564052,0
b2AR-decoy_2782,O=C(c1ccc(N2CCN(c3cccc(Cl)c3Cl)CC2)cc1)C1CC1c1ccc(Cl)cc1,-6.10348993553563,0
b2AR-decoy_1350,C=C1C(CC(C)C)=C(C#N)C(=O)N1c1cc(Cl)ccc1Cl,-6.10142419083858,0
b2AR-decoy_2488,CCCCCn1cc(C(=O)c2ccc(CC)c3ccccc23)c2ccccc21,-6.09982343568408,0
b2AR-decoy_17,Cc1cc(OCc2ccc(C(=O)NN=C3CCCC3)cc2)ccc1Cl,-6.09980142322601,0
b2AR-decoy_444,O=C1c2ccccc2C(=Cc2ccc(O)c(O)c2)c2ccccc21,-6.09948017517627,0
b2AR-decoy_3060,O=C1S/C(=C\c2sc(SCc3ccccc3)nc2Cl)C(=O)N1Cc1ccccc1,-6.09785204420166,0
b2AR-decoy_1837,CCN(CC(=O)NCc1cccs1)C(=O)c1cccc(S(=O)(=O)Nc2ccc(OC)cc2)c1,-6.09670571359491,0
b2AR-decoy_820,Cc1ccc(Sc2ncccc2COC(=O)Nc2ccccc2C)cc1,-6.09662153605651,0
b2AR-decoy_3090,Cc1cccc(c2ccc(/C=C/[C@@H]3[C@@H]4[C@@H](C)OC(=O)[C@@H]4C[C@@H]4CCCC[C@H]43)nc2)c1,-6.09431433587022,0
b2AR-decoy_1152,Cc1c(C(=O)Cc2ccccc2)oc2cc(c3ccccc3)cc(O)c12,-6.09270688744413,0
b2AR-decoy_48,CC(C)=C/C=C\[C@H](C)[C@H]1CC[C@]2(C)C[C@H]3[C@H]4C(=CC[C@@H]12)C(=O)O[C@H]4C[C@@]3(C)O,-6.09133262525602,0
b2AR-decoy_104,C[C@]12CC[C@@H](O)C[C@@H]1C[C@H](OCc1ccccc1)[C@@H]1[C@@H]2CC[C@@]2(C)[C@H]1CC[C@@]21CO1,-6.09104829718781,0
b2AR-decoy_1507,COc1c(O)cc2oc3cc(O)c(CC=C(C)C)c(O)c3c(=O)c2c1CCC(C)(C)O,-6.09092171452761,0
b2AR-decoy_1558,C=CC[C@@H]1C=C[C@H](O/N=C2\c3cc(OC)ccc3O[C@H](c3cccc(OC)c3)[C@H]2O)[C@H](CO)O1,-6.0908942533166,0
b2AR-decoy_1255,COc1ccc(C(=O)c2ccc3c(c2)C(n2ccccc2=O)=CC(C)(C)O3)cc1,-6.08934565426035,0
b2AR-decoy_1001,CC(C)c1ccc2c(c1)CC[C@@H]1[C@]2(C)CCC[C@@]1(C)C/N=C/c1ncc[nH]1,-6.08912994998703,0
b2AR-decoy_2393,O=S1(=O)c2ccccc2Nc2c(CCc3ccc(O)c(O)c3)cccc21,-6.08874563777464,0
b2AR-decoy_1712,O=C(c1cnc(c2ccco2)s1)N1CCOc2ncccc21,-6.08624926146284,0
b2AR-decoy_2190,O=c1c(Cc2ccc(O)cc2)coc2cccc(OCC3CCCCC3)c12,-6.08452968638091,0
b2AR-decoy_1468,C/N=C1\C(Cl)=C(O)OC1O,-6.08213695915532,0
b2AR-decoy_1979,COc1cc(C(CC=C(C)C)SC(=O)c2cccs2)c(OC)c2c1/C(=N/O)C=C/C2=N\O,-6.08196811431327,0
b2AR-decoy_2164,CC(C)=CCc1cc2c(=O)cc(c3ccc4c(c3)C=CC(C)(C)O4)oc2cc1O,-6.07966141545939,0
b2AR-decoy_1784,CCc1cc(CC)nc(SCC(=O)Nc2ncc(Cc3cccc(C)c3)s2)n1,-6.07924768756705,0
b2AR-decoy_1948,CCC(=O)Nc1ccc(S(=O)(=O)NCc2ccc3c(c2)CCN3C(=O)c2ccc(C)cc2)cc1,-6.07829400998651,0
b2AR-decoy_124,N#Cc1cnc2sc(c3ccccc3)cc2c1Oc1ccc2[nH]ccc2c1,-6.0778027881103,0
b2AR-decoy_1702,CCN(C(=O)/C=C/c1ccc2c(c1)OCO2)c1ccccc1,-6.07685321914031,0
b2AR-decoy_110,C=C1/C(=C\C=C2/CCC[C@@]3(C)[C@H]2CC[C@@H]3[C@H](C)CCC(C)(C)O)C[C@@H](O)C[C@@H]1O,-6.07342646044882,0
b2AR-decoy_859,COc1cc2c(cc1CCC(C)C)C(=O)C[C@@H](c1ccc(O)cc1)O2,-6.07075074545411,0
b2AR-decoy_1046,CCCCCCCCCCOC(=O)c1csc2nnsc12,-6.07072708610306,0
b2AR-decoy_1526,CCN(Cc1ccccc1)C(=O)Oc1ccc(Oc2ccc(C(F)(F)F)cn2)cc1,-6.06961198115303,0
b2AR-decoy_2649,COc1ncc(c2ccc(N3C(c4ccsc4)=Cc4ccccc4C3CC(C)=O)cc2)cn1,-6.06816081819372,0
b2AR-decoy_505,O=c1c2ccccc2[nH]c2cc(OCC3CS3)cc(O)c12,-6.06717331171057,0
b2AR-decoy_3045,O=C(c1cnc(N2CCCC2)s1)c1sc2cc(Cl)cc(Cl)c2c1Cl,-6.06703373815113,0
b2AR-decoy_19,O=c1cc(Sc2ccc(Cl)cc2Cl)c2cccc([N+](=O)[O-])c2[nH]1,-6.06669459013596,0
b2AR-decoy_2578,Clc1ccc(CC(Cn2ccnc2)c2ccccc2Cl)c(Cl)c1,-6.06667067155756,0
b2AR-decoy_339,CC(=O)[C@H]1CC[C@H]2[C@@H]3CC[C@H]4C[C@@](O)(CN=[N+]=[N-])CC[C@]4(C)[C@H]3CC[C@]12C,-6.06602132767851,0
b2AR-decoy_1521,COc1ccc(SCC(=O)c2cc(C)c(OC(=S)N(C)C)c(C)c2)cc1,-6.06599678871721,0
b2AR-decoy_796,CC(C)=CCC/C(C)=C/Cc1cc2ccc(=O)oc2cc1O,-6.06575489658148,0
b2AR-decoy_2864,COc1ccc2cc1Oc1ccc(cc1)/C=C/c1cccc(OC)c1Oc1cccc(c1)CC2,-6.05897072161667,0
b2AR-decoy_2289,COc1cc(O)c(Cc2ccc(O)cc2)c2c1-c1ccc(O)c(CC=C(C)C)c1CC2,-6.0588701424055,0
b2AR-decoy_1329,C=C[C@@H](OC/C=C/c1ccc(O)cc1)c1ccc(O)cc1,-6.05878948266648,0
b2AR-decoy_1340,CC(=O)OCC(C)/C1=C/C=C(\C)CC/C=C(\C)CC[C@H]2O[C@]2(C)CC1,-6.05805750255244,0
b2AR-decoy_963,CC(C)c1ccccc1Sc1c(O)cc(c2ccc(F)cc2)oc1=O,-6.05471976633387,0
b2AR-decoy_1690,CO[C@@H]1C(c2ccc(C#N)c(Cl)c2C)=NN2CC(F)(F)C[C@@H]12,-6.05377510530093,0
b2AR-decoy_1098,CC(C)(C)c1cc(NC(=O)[C@]2(C)CCCN2c2ccc(C(F)(F)F)cc2)no1,-6.051492414262385,0
b2AR-decoy_2924,CC(C)(C)c1ccc(c2ccc(OCc3ccccc3)c(/C=C3\SC(=O)NC3=O)c2)cc1,-6.04729948292468,0
b2AR-decoy_308,CCCCc1nn(c2ccccc2C(F)(F)F)c(=O)n1Cc1ccc(c2ccccc2S(=O)(=O)NC(=O)c2sccc2Br)cc1,-6.04522655715496,0
b2AR-decoy_2141,O=c1cc(COc2ccccc2)[nH]cc1Oc1cccc(Cl)c1Cl,-6.04468960137371,0
b2AR-decoy_2,CC[C@@H](/C=C/[C@@H](C)[C@H]1CCC2C3=CC(=O)O[C@@]3(O)CC[C@@]21C)C(C)C,-6.04393285765778,0
b2AR-decoy_32,O=C1COc2ccc(/C=C(\c3ccccc3)c3ccc(F)cc3F)cc2N1,-6.04244337626944,0
b2AR-decoy_2659,CCn1c(Cc2ccccc2)nnc1SCC(=O)N1c2ccccc2Sc2ccccc21,-6.04161118917224,0
b2AR-decoy_1017,CCCOC(=O)N(CC)P(C)(=S)Oc1ccc([N+](=O)[O-])cc1,-6.03784275665803,0
b2AR-decoy_2884,COc1cc(/C=C/c2cc(O)c(CCC(C)C)c(O)c2)cc2c1O[C@]1(C)CC[C@@H](O)C(C)(C)[C@H]1C2,-6.03701598039292,0
ASD03130069,Fc1ccc(Nc2nc(NC3CCCCC3)c3cc(Br)ccc3n2)cc1F,-6.03594708548902,1
b2AR-decoy_3154,CC1=C(C/C=C(\C)CC/C=C(\C)Cc2cccc(C)c2C)C(=O)c2ccccc2C1=O,-6.03512819269158,0
b2AR-decoy_821,C=CCC1Oc2ccc(OCC#N)c(OC)c2-c2ccc3c(c21)C(C)=CC(C)(C)N3,-6.03472751765767,0
b2AR-decoy_2425,CCCO[C@@]1(C)CC[C@H]2[C@@H]3C[C@H](C)[C@H]4CC(=O)[C@H](C)C[C@]4(C)[C@H]3CC[C@@]21C,-6.03429137536525,0
b2AR-decoy_1949,C=C(CC[C@@H](C)[C@H]1CC[C@H]2[C@@H]3C(=O)C=C4C[C@@H](O)CC[C@]4(CO)[C@H]3CC[C@@]21C)C(C)C,-6.03320334601605,0
b2AR-decoy_1767,CC(C)c1cc(N2CCCCC2)nnc1C(=O)NC1C2CC3CC(C2)CC1C3,-6.02836982108146,0
b2AR-decoy_2958,C=CCc1ccc(OP2(=S)OCc3cc(C(C)C)ccc3O2)c(OC)c1,-6.02556633208333,0
b2AR-decoy_892,CC(C)=CCc1c(O)cc(O)cc1c1cc2ccc(O)cc2o1,-6.025221278952041,0
b2AR-decoy_230,COc1ncc(C(=O)NC2(C(=O)N[C@H](C)c3ncc(c4cc(Cl)cc(Cl)c4OCC(F)F)cc3F)COC2)cn1,-6.025172604057911,0
b2AR-decoy_24,COc1ccc2[nH]cc(c3nn4cc(c5ccsc5)nc4s3)c2c1,-6.02417970672772,0
b2AR-decoy_3195,Brc1ccc(COc2ccc(/C=C/CCn3cnc4ccccc43)cc2)cc1,-6.02379333530039,0
b2AR-decoy_1287,CN(C)c1cccc(/C=C2/C=C(Cc3ccccc3)C(=O)O2)c1,-6.0216466792767,0
b2AR-decoy_2077,Cc1c(C(=O)Nc2c(C)n(C)n(C3CCCCC3)c2=O)noc1CCC(C)(C)C,-6.02002692303866,0
b2AR-decoy_928,Cc1ccc(C(C)C)cc1OC(=O)Nc1ccc(C(F)(F)F)cc1,-6.01884418340429,0
b2AR-decoy_1708,C/C(=N\NC(=S)Nc1ccccc1F)c1ccc([N+](=O)[O-])cc1,-6.01863197681808,0
b2AR-decoy_311,Cn1cc(NC(=O)c2cc(NC(=O)c3cc(c4sc(Cl)c(Cl)c4Cl)cn3C)cn2C)cc1C(=O)NCC[NH+]1CCOCC1,-6.01856816775821,0
b2AR-decoy_1524,COc1ccc2sc(/C=C\c3cc(OC)c(OC)c(OC)c3)cc2c1,-6.01851522080185,0
b2AR-decoy_2441,COC(=O)[C@]1(C)CCC[C@@]2(C)C1CC[C@]13C=C(C(C)C)[C@H](CC21)CC3(Cl)C#N,-6.0160496233884215,0
b2AR-decoy_3091,CC(=O)O[C@H]1CC[C@@]2(C)C(=CC[C@H]3[C@@H]4CC[C@H](c5nnc(c6cccnc6)o5)[C@@]4(C)CC[C@@H]32)C1,-6.01537451262698,0
b2AR-decoy_268,O=C(/C=C/c1ccc([N+](=O)[O-])cc1)Nc1ccc(N2CC[NH+](CC(O)(Cn3cncn3)c3ccc(F)cc3F)CC2)c(C(F)(F)F)c1,-6.01401848709512,0
b2AR-decoy_1960,COc1c(O)cc2c(c1CC=C(C)C)OC(=O)c1c(cc3c(c1O)C=CC(C)(C)O3)O2,-6.00803444117561,0
b2AR-decoy_336,CC(C)CCC[C@@H](C)[C@H]1CC[C@H]2C3=CC[C@@H]4C(=O)NC(=O)[C@@H]4[C@@H]3CC[C@@]21C,-6.00739705495518,0
b2AR-decoy_2552,O=C(NC1CC1)c1ccc(C2CC(=O)N(Cc3ccccc3[N+](=O)[O-])c3ccccc3S2)cc1,-6.00697919766773,0
b2AR-decoy_1907,CC(C(=O)OC(C)(C)C)c1ccc(c2cc(Cl)cc(Cl)c2)c(F)c1,-6.00592113203954,0
b2AR-decoy_1579,O=C(c1ccc(SCc2ccccc2B(O)O)nc1)N(Cc1ccncc1)c1ccc(F)cc1,-6.00582282621135,0
b2AR-decoy_1280,COc1ccc(C2OOC(c3ccc(C(C)(C)C)cc3)OO2)cc1,-6.00254532065181,0
b2AR-decoy_1497,Nc1nnnn1/N=C/c1cccs1,-6.00138785460811,0
ASD03130101,CCOC(=O)N1CCC(Nc2nc(Nc3cc(Cl)cc(Cl)c3)nc3ccccc23)CC1,-6.00041362834882,1
ASD03130053,c1ccc2c(NC3CCCCC3)nc(Nc3ccc(OCCCN4CCOCC4)cc3)nc2c1,-5.99933006252853,1
b2AR-decoy_580,O=c1[nH]c2cc(c3ccc(F)cc3)ccc2c(Br)c1O,-5.99931200498886,0
b2AR-decoy_2608,N#Cc1cc(Cl)cc(Oc2cc(OCc3nc(c4ccccc4)no3)ccc2Cl)c1,-5.99880915261265,0
b2AR-decoy_868,CC(C)=CCc1c(O)ccc2cc(c3cc(O)cc(O)c3)oc12,-5.99754347560252,0
b2AR-decoy_1923,CO[C@@H](c1cc(C)no1)c1ccccc1/C=N/N=C(\C)c1ccc(Cl)c(Cl)c1,-5.99693777058312,0
b2AR-decoy_2093,COc1c(N)cc2c(c1OC)-c1ccc(SC)c(=O)cc1[C@@H](NC(C)=O)CC2,-5.99650274782793,0
b2AR-decoy_823,CC1(C)CC(=O)c2c(SCc3ccccc3)sc(c3cc[nH]n3)c2C1,-5.99620437632196,0
b2AR-decoy_3087,COc1ccc([C@@H]2CC(=O)c3cc(CC=C(C)C)c4c(c3O2)C=CC(C)(C)O4)cc1OC,-5.99546176910405,0
b2AR-decoy_374,CC1(C)OC(c2ccc(S(N)(=O)=O)c(F)c2)=C(c2cccc(F)c2)C1=O,-5.99453836254979,0
b2AR-decoy_2063,CCCCCCc1cc2cc(S(=O)(=O)c3ccc(F)cc3)c(=O)oc2cc1O,-5.99341008145005,0
b2AR-decoy_1919,Cc1ncc2nccn2c1c1ccc(Oc2nccc3occc23)c(C(F)(F)F)c1,-5.992895282093826,0
b2AR-decoy_1192,CCOC(=O)c1c(NC(=O)C(C)(C)C)scc1c1cccs1,-5.992191052717,0
b2AR-decoy_1588,CC(C)(CO)[C@@H](O)C(=O)NCCC(=O)Nc1cc(Cl)ccc1Oc1ccc(Cl)cc1Cl,-5.9918040824201,0
b2AR-decoy_2007,COc1cc(/C=C2\CCCC3C2=NNC3c2ccc(O)c(OC)c2)ccc1O,-5.99175518237416,0
b2AR-decoy_23,CC1=CC[C@H]2C(C)(C)CCC[C@]2(C)[C@@]12CC[C@@](C)(C[C@@H]1O[C@H]1CO)O2,-5.98976095241825,0
b2AR-decoy_1538,COc1ccc(N(C(=O)CCCl)C(C#N)c2ccc(Br)cc2)cc1,-5.98708596288146,0
b2AR-decoy_826,CCCC/C=C\C1(c2cc(O)c3c(c2)OC(C)(C)[C@@H]2CCC(=O)C[C@@H]32)CCCC1,-5.98464587947996,0
b2AR-decoy_191,Cc1cn([C@@H]2C[C@H](C3(c4ccc(NC(=O)CCCCC(=O)NO)cc4)SCCCS3)[C@@H](CO[Si](C)(C)C(C)(C)C)O2)c(=O)[nH]c1=O,-5.984381878535555,0
b2AR-decoy_545,Cc1ccc(C2C(C#N)=C(N)OC3=C2C(=O)CC(C)(C)C3)cc1,-5.98404774841572,0
b2AR-decoy_497,CCOC(=O)c1c(N)scc1c1ccsc1,-5.98404500886314,0
b2AR-decoy_1424,Oc1cccc(Br)c1O,-5.98318041127755,0
ASD03130072,Fc1ccc(Nc2nc(NC3CCCNC3)c3cc(Cl)ccc3n2)cc1F,-5.98260116262555,1
b2AR-decoy_1176,CCCCCCC(=O)c1cc(O)c2c(c1)OC(C)(C)[C@@H]1CC=C(C)C[C@@H]21,-5.98155449290656,0
b2AR-decoy_1584,CCCc1c(OCC(O)COc2ccc(/C=C3\CC(=O)NC3=O)cc2)ccc(Cl)c1Cl,-5.97816327128158,0
ASD03130063,COc1ccc(Nc2nc(NC3CCCCC3)c3ccccc3n2)cc1OC,-5.97742246324154,1
b2AR-decoy_1221,COc1ccccc1c1cc(c2ccc(OC(F)(F)F)cc2)[nH]n1,-5.9761474619823,0
b2AR-decoy_567,Oc1[nH]nc(c2ccccc2)c1/C=N/c1ccc(Cl)cc1,-5.9733407670364,0
b2AR-decoy_2565,Cc1ccsc1c1cncc(C#Cc2cncc(c3sccc3C)c2)c1,-5.96751470334295,0
b2AR-decoy_441,C=C1CC[C@@H]2O[C@@]2(C)CC[C@@H](C(C)C)/C=C/[C@](C)(O)CC[C@H]1O,-5.96585894576697,0
ASD03130048,CCN(CC)c1nc(NC2CCCCC2)c2ccccc2n1,-5.96411352386236,1
b2AR-decoy_2455,Cc1cc(OCc2ccccc2)c2c(c1)C(=O)c1cccc(OCc3ccccc3)c1C2=O,-5.96307070993461,0
b2AR-decoy_2026,CCC(=O)Nc1ccc(NC(=S)NC(=O)/C=C/c2ccco2)cc1,-5.96251138709477,0
b2AR-decoy_1535,Cc1ccccc1c1cc(N(Cc2ccccc2)Cc2cncn2C)ccc1C#N,-5.96131582597849,0
b2AR-decoy_2371,Cc1c(C)c2c(c(NC(=O)/C=C/c3ccc(O)c(O)c3)c1O)CCC(C)(C)O2,-5.96125292041634,0
b2AR-decoy_643,Cc1ccc(C(C)C)c(NC(=O)Oc2ccc(C(C)(C)C)cc2)c1,-5.95953712328884,0
b2AR-decoy_542,CC(C)(C)c1cc(c2nnc(O)s2)cc(C(C)(C)C)c1O,-5.95914107829277,0
b2AR-decoy_89,CC(=O)c1c(O)c(CC=C(C)C)c2c3c1OC1(C)CCC(C3C1)C(C)(C)O2,-5.95842130965419,0
b2AR-decoy_1849,c1cc(c2ccc(c3ncc(C[NH2+]CC4CC[NH2+]CC4)nc3c3ccc(c4ccoc4)cc3)cc2)co1,-5.95423241012982,0
b2AR-decoy_2254,CC(C)(C)NC(=O)C(c1cccnc1)N(C(=O)c1cccs1)c1ccc(C(C)(C)C)cc1,-5.95359337279493,0
b2AR-decoy_2653,CO/N=C(\Cl)CCC/C=C(/c1cccc(C#N)c1)c1cc(C)c(OC)c(C(=O)SC)c1,-5.95286239408852,0
b2AR-decoy_2566,C=C1CC[C@@H]2[C@H](C(C)C)C3=C(O[C@@]2(C)CC[C@@H]2[C@@H]1CC2(C)C)C(C)(C)C(OC)=C(C)C3=O,-5.95191893015799,0
b2AR-decoy_2693,CC(C)=C[C@H](O)[C@@H](O)[C@@H](CO)[C@H]1CC[C@@]2(C)[C@@H]3CC[C@H]4C(C)(C)[C@@H](O)CC[C@@]45C[C@@]35CC[C@]12C,-5.95187407085032,0
b2AR-decoy_1393,S=P1(c2ccccc2)NCCN1,-5.95090886834091,0
b2AR-decoy_1560,COc1ccc(NC(=O)C(NC(=O)/C=C\c2ccc3c(c2)OCO3)c2ccc(OC)cc2)cc1,-5.95023407109456,0
b2AR-decoy_2235,Cc1ccc(C2=C(C#N)C(=O)NC(c3ccc(Oc4ccccc4)nc3)(C(F)(F)F)C2)cc1,-5.948750131293005,0
b2AR-decoy_1899,C=C1CC2(CC(c3ccccc3Cl)OC(c3ccccc3Cl)C2)OC1=O,-5.9484163632142,0
b2AR-decoy_2167,Cc1ccc(C(=O)/C=C/c2cc(C)c(O)c(/C=N/c3nccs3)c2)cc1,-5.94831128045913,0
b2AR-decoy_67,C/C(=N\Nc1nc(c2ccc(Cl)cc2)cs1)c1ccc(Cl)c(Cl)c1,-5.94704186606124,0
b2AR-decoy_2828,CC(C)=CCC/C(C)=C/Cc1c(O)c2c(c(/C=C/C(=O)c3ccc(O)c(O)c3)c1O)OC(C)(C)C=C2,-5.94678143503433,0
b2AR-decoy_2805,CC(C)=CCC/C(C)=C/Cc1c(=O)c2c(O)cc(O)c(CC=C(C)C)c2oc1c1ccc(O)cc1O,-5.945634616035005,0
b2AR-decoy_1815,COc1ccc2c(Oc3ccc(CC(=O)Nc4ncc(C)s4)c(OC)c3)ccnc2c1,-5.945054117976595,0
b2AR-decoy_932,COc1ccc2nc(N=Nc3ccc(O)c4ccccc34)sc2c1,-5.9446018421861,0
b2AR-decoy_716,COC(=O)/C=C/CC1Oc2cccc(OC)c2-c2ccc3c(c21)C(C)=CC(C)(C)N3,-5.94401765222787,0
b2AR-decoy_2238,Cc1cc(C)c2sc(C(=O)N(C)C)c(c3ccc(CCNC(=O)OC(C)(C)C)cc3)c2c1,-5.9436199610224,0
b2AR-decoy_2236,CC(C)CCC[C@@H](C)[C@H]1CC[C@H]2[C@H]3[C@H](CC[C@@]21C)[C@@]1(C)CC[C@H](O)C[C@@H]1[C@@H](O)[C@@H]3O,-5.94337869432921,0
b2AR-decoy_2445,C=C(C)[C@@H]1CC[C@]2(C=O)CC[C@]3(C)[C@H](CC[C@@H]4[C@@]5(C)CC[C@@H](O)C(C)(C)[C@@H]5CC[C@]43C)[C@@H]12,-5.94327100070733,0
b2AR-decoy_1583,Nc1cnc(c2ccc(c3ccccc3S(=O)(=O)N[C@H](CO)Cc3ccccc3)cc2F)cn1,-5.9428397488865,0
b2AR-decoy_1007,CC(C)C1=CC(=O)[C@H](CO[Si](C)(C)C(C)(C)C)[C@@]12C=C[C@](C)(O)CC2,-5.94135535120891,0
b2AR-decoy_99,Cc1ccc(c2cc(C(=O)NC(C)c3cnccn3)cc(c3scnc3C)c2)cc1,-5.94051022856293,0
b2AR-decoy_2852,Cc1ccc(S(=O)(=O)c2nc(c3cccs3)oc2SC(C)c2ccccc2)cc1,-5.93923120518017,0
b2AR-decoy_2175,CN(C)c1ccc(/C=N/NC(=O)N2c3ccccc3Sc3ccccc32)cc1,-5.93854158254611,0
b2AR-decoy_837,CC1=NN(c2ccccc2)C(=S)/C1=C/Nc1ccc(/N=N/c2ccccc2)cc1,-5.93813141787369,0
b2AR-decoy_1399,O=C1CS/C(=C/c2cnc[nH]2)N1,-5.93713316715539,0
b2AR-decoy_1321,CCc1ccc(C(=O)NNc2cc(Cl)ccc2Cl)cc1,-5.93651752665202,0
b2AR-decoy_2934,O=C1[C@H](Cc2ccccc2)N=C(c2ccccc2)c2ccccc2N1Cc1cccc(c2ccccc2)c1,-5.93550015111146,0
b2AR-decoy_3158,CC(C)[C@@H](C)/C=C/[C@@H](C)[C@H]1CC[C@H]2[C@@]34C=C[C@]5(CCCC[C@]5(C)[C@H]3CC[C@]12C)OO4,-5.93478888287718,0
b2AR-decoy_1190,COc1cc2oc(c3ccc(O)cc3)cc(=O)c2cc1CC=C(C)C,-5.93429594251721,0
b2AR-decoy_2154,FC(F)(F)C1=NN=C(c2ccc(Cl)cc2)/C1=N/Nc1ccc(Cl)cc1,-5.934101970380495,0
b2AR-decoy_1484,Cc1sc(c2cc[nH]n2)nc1O,-5.9339529784107,0
b2AR-decoy_690,CCOc1ccc(c2oc3c(ccc4ccccc43)c(=O)c2O)cc1OCC,-5.93227519536189,0
b2AR-decoy_1733,COc1cc2c(c(OC)c1OC)-c1c(cc3c(c1O)OCO3)[C@H](OC)[C@@H](C)[C@@H](C)C2,-5.93222388914705,0
b2AR-decoy_2603,CC1=CC[C@H]2C(C)(C)C(=O)CC[C@]2(C)[C@H]1CC[C@H]1C(C)=CC[C@H]2C(C)(C)C(=O)CC[C@]12C,-5.9313045522912,0
b2AR-decoy_2940,Cc1sc2c(c1C)C(c1ccc(Cl)cc1)=C[C@@H](CC(=O)OC(C)(C)C)c1nnc(C)n1-2,-5.93063336497644,0
b2AR-decoy_2429,CCOC(c1cc(Cl)cc(Cl)c1)C(SC(C)(C)C)n1ccnc1,-5.92865795216875,0
b2AR-decoy_742,CC(C)(C)c1cc(C(=O)/C=C/c2ccc3c(c2)OCO3)cc(C(C)(C)C)c1O,-5.92683971649997,0
b2AR-decoy_2766,Cn1nc(C(C)(C)C)c(Cl)c1c1nc2cc(c3ccccc3C(F)(F)F)ncc2[nH]1,-5.92613538713909,0
ASD03130110,Fc1ccc(Nc2nc(Nc3cc(Cl)cc(Cl)c3)nc3ccccc23)c(F)c1,-5.92602442583282,1
b2AR-decoy_1677,CC(C)(C)C(=O)OCSc1nc(c2ccncc2)no1,-5.9240522959518,0
b2AR-decoy_3187,CC(C)[C@@H]1CC[C@@H](C)C[C@H]1O[C@@H]1C(=O)N([C@@H](C)c2ccccc2)[C@@H]1/C=C/c1ccccc1,-5.92375529838585,0
b2AR-decoy_1420,Nc1oncc1n1cc(F)cn1,-5.92324933898327,0
b2AR-decoy_2769,O=C(CSc1nccnc1c1ccccc1Cl)Nc1ccc(Cl)cc1Br,-5.92298950772297,0
b2AR-decoy_79,CCCCCCc1cc2c(C)cc3c(c2o1)C(=O)c1c(O)cccc1C3=O,-5.92283239970611,0
b2AR-decoy_827,COc1ccc(c2cc3c(cc2OC)CC[C@@H]2[C@@H]3CC[C@@]3(C)[C@H]2CC[C@]3(C)O)cc1,-5.9213072697377,0
b2AR-decoy_493,CCOc1ccc(c2cc(=O)c3c(O)cc(O)cc3o2)cc1,-5.91887491361757,0
b2AR-decoy_1671,Nc1ccc(/C=C2\SC(=O)N(CCc3ccccc3)C2=O)cc1,-5.917392048214715,0
b2AR-decoy_1369,CCCc1nccn1Cc1coc(c2cccc3ccccc32)n1,-5.91733170184475,0
b2AR-decoy_2732,C[C@]12CC[C@H]3[C@@H](CC=C4C[C@H](NC(=O)C5CCC5)CC[C@@]43C)[C@@H]1CC=C2n1ccnc1,-5.91720814685111,0
b2AR-decoy_43,C/C=C1\[C@H]2C=C(C)C[C@]1(/N=C/C=C/c1ccccc1)c1ccc(=O)[nH]c1C2,-5.9168758304398,0
b2AR-decoy_857,CCc1cc2c(cc1O)CC[C@@H]1[C@@H]2CC[C@]2(C)[C@@H](C[N+](=O)[O-])CC[C@@H]12,-5.91621998493827,0
b2AR-decoy_748,C=CCOc1ccc(/C=N/c2ccc(C)c(Cl)c2)c(O)c1,-5.91467188528191,0
b2AR-decoy_1430,COC(=O)c1c[nH]c(c2ncc[nH]2)n1,-5.9144689346099,0
b2AR-decoy_681,CCOc1ccc(c2onc(C(F)(F)F)c2c2ccc(OC)cc2)c(O)c1,-5.91445689550368,0
ASD03130105,O=C(Nc1ccc(F)cc1)Nc1nc(Nc2cc(Cl)cc(Cl)c2)nc2ccccc12,-5.910678505511012,1
b2AR-decoy_2207,C[C@H](CC[C@H](O)C(C)(C)O)[C@H]1CC[C@@]2(C)C3=C(CC[C@]12C)[C@@]1(C)CC[C@H](O)C(C)(C)C1CC3,-5.91008441501835,0
b2AR-decoy_1873,CCNS(=O)(=O)c1ccc(NC(=O)CSc2nc(C(F)(F)F)cc(c3ccco3)n2)cc1,-5.9081989941009,0
b2AR-decoy_3151,COc1cc(C(SCc2ccccc2)SCc2ccccc2)ccc1O,-5.90534895972478,0
b2AR-decoy_2469,CCCCC[C@@H]1CC2C(CCC3(C)C(=O)CCC23)C2(C)C=CC(=O)C=C12,-5.90492363528545,0
b2AR-decoy_2728,CCC(/C=C/[C@@H](C)[C@H]1CC[C@H]2[C@@H]3CC=C4C(=O)[C@](O)(C(=O)OC)C[C@]4(C)[C@H]3CC[C@@]21C)C(C)C,-5.90467251373558,0
ASD03130074,Cc1ccc2nc(Nc3cc(Cl)cc(Cl)c3)nc(NC3CCCCC3)c2c1,-5.90371824168391,1
b2AR-decoy_2893,Cc1ccc2[nH]cc(C(/C(=N\O)c3ccc(Br)cc3)c3c[nH]c4ccc(C)cc34)c2c1,-5.90366756886537,0
b2AR-decoy_3032,Cc1csc(C(C)(O)c2nnc(Nc3cnn(Cc4c(F)cccc4F)c3)s2)n1,-5.90359021594782,0
ASD03130039,c1ccc2c(NC3CCCCC3)nc(NC3CCCCC3)nc2c1,-5.90035651861296,1
b2AR-decoy_2928,COc1cccc(c2cc(C#N)ccc2COC(c2ccc(Cl)cc2)c2cncn2C)c1,-5.90004719478188,0
b2AR-decoy_731,C[C@H](/C=C/C=O)[C@@H]1CC[C@]2(C)C3=C(CC[C@@]12C)[C@@]1(C)CC[C@H](O)C(C)(C)[C@@H]1CC3=O,-5.8991098920347,0
b2AR-decoy_1874,O=C(NCCSCCO)c1ccccc1Sc1ccc2c(/C=C/c3ccccn3)n[nH]c2c1,-5.89770319724335,0
b2AR-decoy_1269,C[C@@H]1CC[C@H]2C(CSc3ccccc3)C(=O)O[C@@H]3O[C@]4(C)CC[C@@H]1[C@]32OO4,-5.89747887294862,0
b2AR-decoy_1461,CC1(C)C(=O)C(C)(C)C1=NN,-5.89641221167379,0
b2AR-decoy_2526,Cc1cc(c2c(F)cc3c(=O)c(Cc4c(O)cc(O)cc4O)cn(C4CC4)c3c2F)cc(C)n1,-5.8942839521852,0
b2AR-decoy_810,C=CC(C)(C)C1Oc2cccc(OC)c2-c2ccc3c(c21)C(C)=CC(C)(C)N3,-5.89373155384833,0
b2AR-decoy_1212,CC(OC(=O)CCCNC(=O)OC(C)(C)C)c1ccc2ccccc2c1,-5.89371979254897,0
b2AR-decoy_416,CC1(C)OC(c2ccc(S(N)(=O)=O)cc2F)=C(c2cccc(F)c2)C1=O,-5.88916977608594,0
b2AR-decoy_2168,CC(C)c1c(OC2CCCCC2C)cc(Cc2ccc(F)cc2)[nH]c1=O,-5.88652806960863,0
b2AR-decoy_1267,Cc1onc(c2ccccc2Cl)c1C(=O)N1C=CC(C(F)(F)Cl)=NCC1,-5.88505433105017,0
b2AR-decoy_1412,C#CSc1cnc(O)nc1O,-5.88390458419161,0
b2AR-decoy_68,Cc1ccc(C(C)C)c(OC(=O)Nc2ccc(I)cc2)c1,-5.88322848070899,0
b2AR-decoy_1201,CC(=O)/C(=C/n1c(=S)sc2ccccc21)C(=O)Nc1ccccc1C,-5.882002374724735,0
b2AR-decoy_2575,Clc1ccc(COC(Cn2ccnc2)c2ccc(Cl)cc2Cl)c(Cl)c1,-5.8815750240673,0
b2AR-decoy_1197,C/C(CCc1oc2ccc(Br)cc2c1c1ccc(C)o1)=N/O,-5.88052973980912,0
b2AR-decoy_3192,COC(=O)CCC/C=C(\c1cc(F)cc(C(F)(F)F)c1)c1cc(C)c2onc(OC)c2c1,-5.8794492611452,0
b2AR-decoy_2074,O=c1cc(/C=N\c2ccc(O)cc2)c2ccc(OCc3ccccc3)cc2o1,-5.87933404151246,0
b2AR-decoy_1530,Cc1ccc(Sc2c(C)nn(c3ccccc3)c2OC(=O)CC(C)C)cc1,-5.87846625765554,0
b2AR-decoy_2535,COc1ccc(C(=O)/C=C/C2=C/C(=C/NC(C)C)C(=O)c3ccc4c(C)cc(=O)oc4c32)cc1,-5.87845661872772,0
b2AR-decoy_2564,CCS(=O)(=O)C(C)(C)c1ccc(Oc2ccc(F)cc2F)c(c2cn(C)c(=O)c3[nH]ccc32)c1,-5.87671851096067,0
b2AR-decoy_1015,O=C(/C=C/c1ccc([N+](=O)[O-])cc1)/C=C/c1ccc([N+](=O)[O-])cc1,-5.87610031933573,0
b2AR-decoy_694,CC(C)CC(=O)c1c(O)c2c(c3c1oc(=O)cc3c1ccccc1)OC(C)(C)C=C2,-5.87541376715378,0
b2AR-decoy_918,CCOC(=O)C1=C(C)Nc2ccccc2SC1c1ccccc1Cl,-5.87334978337909,0
b2AR-decoy_2781,CC(=O)O[C@H]1CC[C@]2(C)[C@H]3CC[C@@]4(C)[C@@H](CC[C@@H]4[C@H](C)CCCC(C)C)[C@@H]3C[C@@H]3O[C@@]32C1,-5.87262222336785,0
b2AR-decoy_1126,C=C1[C@H](O)CC(=C/C=C2\CCC[C@@H]3[C@@H](CCCCC(C)(C)O)CC[C@@H]23)C[C@H]1O,-5.87207852977303,0
b2AR-decoy_2032,CCc1ccc(C2c3c([nH]nc3c3cc(C)ccc3O)C(=O)N2CCO)cc1,-5.87194095234703,0
b2AR-decoy_367,Cc1oc(C)c2c(=O)ccc3c(c12)OC(N)=C(C#N)C3c1ccc(F)cc1,-5.86966075315617,0
b2AR-decoy_329,O=c1oc(C2(O)CCCCC2)cc2ccc(/C=C/c3ccc(F)cc3)cc12,-5.86815732534125,0
b2AR-decoy_2495,COc1cccc(C(=O)c2oc3ccc4c(C)cc(=O)oc4c3c2c2ccccc2)c1,-5.86808590685692,0
b2AR-decoy_2774,FC(F)(F)c1ccccc1c1cc(C(F)(F)F)c2[nH]c(C3=NOC4(CCCCC4)C3)nc2c1,-5.867882422257295,0
b2AR-decoy_2568,N#C/C(=C\c1ccc(C(F)(F)F)cc1)c1ccc(OCc2c(F)cccc2Cl)cc1,-5.86781890510522,0
b2AR-decoy_2192,Cc1cc(/C=C2\SC(=O)NC2=O)c(C)n1c1ccc(Oc2ccccc2)cc1,-5.86775599170046,0
b2AR-decoy_1854,O=C(NCCCn1ccnc1)/C(=C\c1ccc(Br)cc1)NC(=O)c1ccccc1F,-5.8671640069798,0
b2AR-decoy_2634,N#Cc1c(SCc2nnc(c3ccccc3)o2)nc(c2ccccc2)cc1c1ccccc1,-5.86595502761705,0
b2AR-decoy_2899,CC(=O)O[C@H]1CC[C@@]2(C)C(=CC[C@H]3[C@@H]4CC[C@H](c5nnc(c6ccco6)o5)[C@@]4(C)CC[C@@H]32)C1,-5.8657830108845,0
b2AR-decoy_2866,COc1ccc(c2oc3ccc(c4ccc5c(c4)OCO5)cc3c2c2ccc(OC)nc2)cc1,-5.86553068354734,0
b2AR-decoy_720,C[C@]12CC[C@H]3[C@@H](CC=C4C[C@H](NC(=O)C5CC5)CC[C@@]43C)[C@@H]1CC=C2c1cccnc1,-5.8649936560796,0
b2AR-decoy_2349,CCOC(=O)c1sc(SC(C)C)c(C#N)c1c1cc(O)c(O)c(O)c1,-5.86313872342259,0
b2AR-decoy_873,CCCC[C@@]12CCC(=O)C(CC)=C1c1ccc3[nH]ncc3c1C2,-5.86278075877992,0
b2AR-decoy_1104,CC(=O)Nc1cccc2c1Cc1c-2[nH]nc1c1ccc(c2ccc(O)cc2)cc1,-5.86067070237724,0
b2AR-decoy_1259,CCCc1ccc(C(=O)OCc2c(OC(C)C)ccc3c(C)cc(=O)oc23)cc1,-5.86053697493502,0
b2AR-decoy_1491,Nc1ncc([N+](=O)[O-])s1,-5.86045505315373,0
b2AR-decoy_421,C/C(=N/Nc1ncnc2sc(C)c(C)c12)c1ccccc1O,-5.8601998579634,0
b2AR-decoy_2755,CC(C)CCC[C@@H](C)C1CC[C@H]2[C@@H]3C[C@@H]([N+](=O)[O-])[C@H]4C[C@@H](O)CC[C@]4(C)[C@H]3CC[C@]12C,-5.85872213541583,0
b2AR-decoy_2735,CCC(C)(C)C1CCc2sc3ncnc(N/N=C(\C)c4ccc(OC)cc4)c3c2C1,-5.85726416451537,0
b2AR-decoy_2768,Cc1ccccc1c1coc2c(c(O)cc3occ(c4ccccc4C)c(=O)c32)c1=O,-5.85712468845408,0
b2AR-decoy_2707,CC(O)(COc1cc(C(C)(C)C)cc(C(C)(C)C)c1)C(=O)Nc1ccc(C#N)c(C(F)(F)F)c1,-5.85428015120527,0
b2AR-decoy_544,CCOC(=O)c1sc2cc(c3ccc(F)cc3)oc(=O)c2c1N,-5.85401801247102,0
b2AR-decoy_1337,CCCN(c1cc(Cl)ncn1)n1ccc2ccccc21,-5.85304084036013,0
b2AR-decoy_655,Cc1ncnc(C)c1c1ccc(Oc2nccc3[nH]ccc23)cc1Cl,-5.85292941325514,0
b2AR-decoy_2857,O=c1cc(N2CCCCC2)oc2c1cccc2c1cc(c2ccsc2)cs1,-5.85257224427052,0
b2AR-decoy_1527,COc1ccc(c2cscc2c2cc(OC)c(OC)c(OC)c2)cn1,-5.85200034218036,0
b2AR-decoy_1419,Nc1nc(C(F)(F)F)ns1,-5.85132964482234,0
b2AR-decoy_2890,COC1CC(C)(C)Oc2nc(c3ccc(Cl)cc3Cl)c(c3ccc(Cl)cc3)cc21,-5.85118886552374,0
b2AR-decoy_2762,FC(F)(F)c1ccccc1c1cc(C(F)(F)F)c2[nH]c(C3=NOC4(CCOCC4)C3)nc2c1,-5.85109885640201,0
b2AR-decoy_2860,Cc1cc(Sc2c([N+](=O)[O-])cc([N+](=O)[O-])cc2C(F)(F)F)c(Cl)cc1Cl,-5.85009897371139,0
b2AR-decoy_309,NS(=O)(=O)c1ccc(NC(=O)C(F)(F)C(F)(F)C(F)(F)C(F)(F)C(F)(F)C(F)(F)C(F)(F)C(F)(F)F)c(I)c1,-5.84941811473045,0
b2AR-decoy_2033,C/C(=N\NS(=O)(=O)c1ccc(N)cc1)c1ccc(n2c(C)ccc2C)cc1,-5.84648789135012,0
b2AR-decoy_931,CCOC(=O)/C(=C\Nc1ccc(Cl)cc1Cl)c1ccc(Cl)cc1,-5.84618425421846,0
b2AR-decoy_2610,CC1=C(/C=C/C(C)=C/C=C/C(C)=C/C(=O)n2ccnc2)C(C)(C)CCC1n1ccnc1,-5.84614865202521,0
b2AR-decoy_1413,COc1ccc(Br)c(O)c1O,-5.83802273732111,0
b2AR-decoy_855,COc1cc(c2nnc(SCc3ccccc3Cl)o2)ccc1O,-5.83551600138908,0
b2AR-decoy_906,CCOC(=O)C1=C(C)NC(c2ccc(C)cc2)=CC1c1cccs1,-5.8349449522473,0
b2AR-decoy_3082,CC(C)[C@@H](C)/C=C/[C@@H](C)[C@H]1CC[C@H]2C3=CC(=O)C4=CC(=O)CC[C@]4(C)[C@H]3CC[C@@]21C,-5.834927199896055,0
b2AR-decoy_1586,CCC(C)(C)NC(=O)C(c1cccc(OC)c1)N(C(=O)c1cc[nH]n1)c1cccc(OC)c1,-5.83454915401937,0
b2AR-decoy_2723,O=C(COc1ccccc1SCc1ccc(Cl)cc1)NNC(=O)c1ccccc1Cl,-5.83417875122278,0
b2AR-decoy_246,C[C@H]1CN([C@@H](C)CO)C(=O)c2cc(NC(=O)Cc3cn(C)c4ccccc34)ccc2O[C@H]1CN(C)S(=O)(=O)c1ccc(F)cc1,-5.833955270162392,0
b2AR-decoy_401,CC1(C)NC(=O)C2=C1Nc1cc3c(cc1C2c1cccc(Cl)c1)OCO3,-5.83291924757934,0
b2AR-decoy_347,CC(=O)O[C@H](C/C(C)=C/CO)[C@]1(C)[C@H]2CCCC(C)(C)C2=CC[C@H]1C,-5.832791205954,0
b2AR-decoy_180,CC(C)CN(C[C@@H](O)[C@H](Cc1ccccc1)NC(=O)O[C@H]1CO[C@H]2OC[C@H](OCC(=O)NCc3ccccc3)[C@@H]12)S(=O)(=O)c1ccc(N)cc1,-5.831920374804,0
b2AR-decoy_824,CCC1(c2ccsc2)OCC(=O)Nc2ccc(c3ccc(F)c(Cl)c3)cc21,-5.83152186459195,0
b2AR-decoy_1132,O=C(NC(=O)c1c(F)cccc1F)OCc1ccc(c2ccc(Cl)cc2)o1,-5.828038387463825,0
b2AR-decoy_3159,CCCCCCCC[C@H]1C[C@H]2[C@@H]3CCC(=O)[C@@]3(C)CC[C@@H]2[C@@]2(C)CCC(=O)C=C12,-5.82594770107761,0
b2AR-decoy_2260,COC(C[C@@H](C)C1=C2C[C@H](O)[C@H]3[C@@]4(C)CCC(=O)C(C)(C)[C@@H]4CC[C@]3(C)[C@@]2(C)CC1)OC,-5.82470688511947,0
b2AR-decoy_521,CC(=O)Nc1cc(C(C)(C)C)c(O)c(C(C)(C)C)c1,-5.82367896018139,0
b2AR-decoy_2057,Cc1noc(NS(=O)(=O)c2ccccc2c2ccc(c3cnco3)cc2)c1C,-5.82231453737111,0
b2AR-decoy_1448,CC1(C)C(COC(N)=O)C1(C)C,-5.81864965594737,0
b2AR-decoy_1791,CCCCc1nc(COC2(c3ccccc3)c3ccccc3C(=O)N2Cc2ccccc2)c[nH]1,-5.81678627089524,0
b2AR-decoy_649,CCOC(=O)c1oc2cc(c3ccc(Br)cc3)cc(O)c2c1C,-5.81565623473214,0
b2AR-decoy_2348,CCc1sc2nc(N)[nH]c(=O)c2c1Sc1cc(OC)ccc1OC,-5.81523064426723,0
b2AR-decoy_2671,Cc1c(NC(=O)NC(=O)c2c(F)cccc2F)ccc(SC(F)(F)C(F)Cl)c1C,-5.8147224090551,0
ASD03130052,COCCOc1ccc(Nc2nc(NC3CCCCC3)c3ccccc3n2)cc1,-5.81309245180521,1
ASD03130061,FC(F)(F)Sc1ccc(Nc2nc(NC3CCNCC3)c3ccccc3n2)cc1Cl,-5.81199049641307,1
b2AR-decoy_1335,CO/N=C/c1ccc(Sc2ccccc2)c([N+](=O)[O-])c1,-5.81137329248208,0
b2AR-decoy_2446,Clc1ccc(C(Cn2ccnc2)OCc2ccccc2Cl)c(Cl)c1,-5.81081322012137,0
b2AR-decoy_2315,Sc1nnc(NNc2ccc(I)cc2)n1NC1C=CCC1,-5.81066976052765,0
b2AR-decoy_1485,NC(=O)c1cnc(Cl)cn1,-5.80589975869795,0
b2AR-decoy_1173,COc1cc2c(cc1OC)-c1n[nH]c(c3ccc(c4ccc(N)cc4)cc3)c1C2,-5.80535276245477,0
b2AR-decoy_3160,CCCCCCC(C)(C)c1cc(OC)c2c(c1)OC(C)(C)[C@@H]1CC=C(C)C[C@@H]21,-5.80460226406288,0
b2AR-decoy_1441,NC(=O)c1ncsc1Cl,-5.80292479616527,0
b2AR-decoy_1358,CCCc1cc(=O)oc2cc(OCC3CC3)c3c(c12)OC(C)(C)C=C3,-5.80249536977751,0
b2AR-decoy_3029,O=C(NO)C1(S(=O)(=O)c2ccc(Oc3ccc(c4ccccc4)cc3)cc2)CCOCC1,-5.80186004629789,0
b2AR-decoy_247,C[C@H]1CN([C@H](C)CO)C(=O)c2cc(NS(=O)(=O)c3cccs3)ccc2O[C@@H]1CN(C)S(=O)(=O)c1ccc(F)cc1,-5.80091161475183,0
b2AR-decoy_1710,O=S(=O)(c1cccc(Cl)c1Cl)n1ccc2ncccc21,-5.79960018057821,0
ASD03130036,Brc1cccc(Nc2nc(NC3CCCCC3)c3ccccc3n2)c1,-5.79863367984711,1
b2AR-decoy_1261,COc1cc2c(cc1C(=O)/C=C/c1cc(OC)c(OC)c(OC)c1)SCO2,-5.79806179614007,0
b2AR-decoy_1247,COc1ccc(OC)c2c1C(=O)C=C([C@@H](CC=C(C)C)Oc1ccncc1)C2=O,-5.79693007001926,0
b2AR-decoy_701,Clc1ccc(/C(Cn2ccnc2)=N/Nc2c(Cl)cccc2Cl)s1,-5.79663489016116,0
b2AR-decoy_2438,CC(C)(C)C(=O)O[C@H]1CC[C@@]2(C)C(=CC[C@H]3C4=CC=C(c5cccnc5)[C@@]4(C)CC[C@@H]32)C1,-5.7960781314279,0
b2AR-decoy_65,CC(C)=CCC[C@H](C)[C@H]1CC[C@]2(C)C[C@H]3[C@H](C(=O)C[C@@]3(C)O)C(C=O)=CC[C@@H]12,-5.79541712661875,0
b2AR-decoy_3138,CC(Oc1ccc(F)c(C(N)=O)c1F)c1nc(c2ccc(OC(F)(F)F)cc2)c(Cl)o1,-5.79276199701043,0
b2AR-decoy_2009,Cc1nc(c2cc(c3cc(F)c(CO)c(F)c3)c3c(N)ncnn23)cs1,-5.79226379914839,0
b2AR-decoy_1331,CCC(/C=C/C(=O)N1CCCCC1)=C\c1ccc2c(c1)OCO2,-5.791759590882696,0
b2AR-decoy_1718,CCc1nc(SCC(=O)Nc2cc(C)ccc2OC)c2c(C)c(C)sc2n1,-5.79158275747466,0
b2AR-decoy_1442,COc1cc(O)cc(Br)c1O,-5.78939726835595,0
b2AR-decoy_49,C/C(=N/NC(=O)C(C)Oc1cc(Cl)c(Cl)cc1Cl)c1ccc(C)cc1,-5.78892064007068,0
b2AR-decoy_2841,COc1ccc(/C=N\O[Si](C)(C)C(C)(C)C)cc1O[Si](C)(C)C(C)(C)C,-5.78852296824242,0
b2AR-decoy_688,CC(C)c1ccccc1Sc1c(O)cc(c2cccc(N(C)C)c2)oc1=O,-5.78818278128862,0
b2AR-decoy_1403,Cc1cc(S(N)(=O)=O)c(C)o1,-5.78785214574268,0
b2AR-decoy_1542,CON=C(c1ccon1)c1ccccc1COc1ccc(Cl)cc1C,-5.78757744676821,0
b2AR-decoy_2705,C=C(CC[C@@H](CO)[C@H]1[C@H](O)C[C@@]2(C)C3=CC[C@H]4C(C)(C)[C@H](O)CC[C@]4(C)C3=CC[C@]12C)C(C)(C)O,-5.78752701755613,0
b2AR-decoy_763,CC(=O)Oc1cc2c(cc1C(C)C)CC[C@@H]1[C@]2(C)CCC[C@@]1(C)CO,-5.78701878583005,0
b2AR-decoy_131,O=C1CCCN1C(c1ccc(Br)cc1)c1c(O)ccc2ccccc12,-5.78509638478571,0
b2AR-decoy_2043,COc1cccc(/C=C/C(=O)c2ccc3c(c2O)C=CC(C)(C)O3)c1OC,-5.78463755723036,0
b2AR-decoy_727,C[C@H](CCC(=O)N(C)C)[C@H]1CC[C@H]2[C@@H]3CC[C@@H]4C[C@H](O)CC[C@]4(C)[C@H]3CC[C@@]21C,-5.78316688046648,0
b2AR-decoy_2234,O=C(Nc1nnc(SCc2c(Cl)cccc2Cl)s1)c1ccc2ncsc2c1,-5.78247315210413,0
b2AR-decoy_1782,CC(=O)N[C@@H](C)c1ccc(OC2CCN(c3ccc(OCC(C)(C)F)cc3)C2)cc1,-5.78196796960486,0
b2AR-decoy_2853,CC(C)(C)c1cc(c2ccc(C(=O)N3CCCCC3)s2)cc(C(C)(C)C)[s+]1,-5.78165613185409,0
b2AR-decoy_1099,CO/C(O)=C1\C(C)=NC(C)=C(C(=O)OCC(C)C)C1c1ccccc1C(F)(F)F,-5.78137760881941,0
b2AR-decoy_1566,CCOC(C)(C)CCc1c(O)cc2oc3c(O)ccc(CCC(C)(C)O)c3c(=O)c2c1O,-5.77632069402539,0
b2AR-decoy_37,COc1ccc2[nH]cc(/C=C/C3=Nc4ccccc4C3(C)C)c2c1,-5.774944811806775,0
b2AR-decoy_569,O/N=C/c1ccc(c2ccc(O)cc2)c(c2ccc(O)cc2)c1O,-5.77331613025545,0
b2AR-decoy_92,C[C@H](CCCC(C)(C)O)[C@H]1CC[C@H]2[C@@H]3[C@H](O)C=C4C[C@@H](O)CC[C@]4(C)[C@H]3CC[C@@]21C,-5.76819148703613,0
b2AR-decoy_1904,CC(C)C[C@@H]1C[C@@]2(CC[C@H]3C[C@@H]2C3(C)C)OC2=C1C(=O)C(C)(C)C(=O)C2(C)C,-5.76741940185806,0
b2AR-decoy_1205,O=C(/C=C/c1cccc(OC(F)(F)F)c1)Nc1ccc2c(c1)CCC2,-5.76669565412474,0
b2AR-decoy_958,O=C(Nc1ccc(OC(F)(F)F)cc1)Oc1ccccc1N1CCCCC1,-5.76661309053871,0
b2AR-decoy_2757,CCCCCc1ccc(C(=O)NN(C(=O)c2cc(C)cc(C)c2Cl)C(C)(C)C)cc1,-5.76512425330796,0
b2AR-decoy_2078,CC1=NC(C)=C(C(=O)OCCSc2ccccc2)C(C)/C1=C(\O)OC(C)C,-5.76380761709583,0
b2AR-decoy_659,CC1=CC[C@@H]2[C@@H](C1)c1c(O)cc(C(C)(C)CCCCC#N)cc1OC2(C)C,-5.76378392865869,0
b2AR-decoy_2020,NC(=S)N/N=C(\COc1ccc(F)cc1)c1ccc(Br)cc1,-5.76261290138422,0
b2AR-decoy_1327,CCN(c1ccccc1)C1SC(=O)N(c2ccccc2)C1=O,-5.76214848218617,0
b2AR-decoy_588,COc1ccccc1c1ccc2c(c1)C(C(C)OC)=CC(C)(C)N2,-5.76190318292035,0
b2AR-decoy_722,Cc1c(C)c(C)c(CSc2nnc(c3ccc4[nH]cnc4c3)o2)c(C)c1C,-5.7609279440224,0
b2AR-decoy_3028,CCC(C)(C)NC(=O)C1CCC(CNS(=O)(=O)c2ccc3c(c2)CC(C)N3C(C)=O)CC1,-5.76040975783206,0
b2AR-decoy_2413,Clc1ccc([C@H](Cn2ccnc2)OCc2csc3c(Cl)cccc23)c(Cl)c1,-5.76028944705766,0
b2AR-decoy_396,O=C(c1cc(Cl)c2c(c1)C(O)(C(F)(F)F)c1ccccc1-2)N1CC(O)C1,-5.75982212822997,0
b2AR-decoy_1381,C=C(c1cc(Cl)cc(Cl)c1OCc1ccsc1)n1ccnc1,-5.75695239328038,0
b2AR-decoy_2827,CC(C)(C)c1cn(CC(OCc2ccc(Cl)cc2)c2ccc(Cl)cc2Cl)nn1,-5.75664964925136,0
b2AR-decoy_2922,CCOC(=O)c1ccc(N2C(=O)c3[nH]nc(c4cccs4)c3C2c2ccc(C(C)C)cc2)cc1,-5.75617314549368,0
b2AR-decoy_711,COc1cc(/C=C2\CCC/C(=C\c3ccccc3C(F)(F)F)C2=O)ccc1O,-5.7558192196963,0
b2AR-decoy_818,COc1cc(C(=O)OCC2=CC[C@@]3(C)CCC(C(C)C)=C3CC2)ccc1O,-5.7553292166254,0
b2AR-decoy_2555,Cc1nc(c2ccccc2Oc2ccc(S(=O)(=O)Nc3ccc(F)cn3)cc2C#N)cs1,-5.7544733750579,0
b2AR-decoy_288,COc1ccc(C(CCCNS(=O)(=O)c2cccs2)N2C(=O)c3cccc(N4CC[NH+]([C@H](C)c5ccccc5)CC4)c3C2=O)cc1OC,-5.75336576917944,0
b2AR-decoy_1410,Oc1ccc(O)c2c1SCCS2,-5.75214206563447,0
b2AR-decoy_352,COC(=O)c1ccc(/C=C/[C@H]2CCCC3C(C)(C)[C@@H](O)CC[C@@]32C)cc1,-5.75110459224788,0
b2AR-decoy_105,CC(C)(O)CCC[C@](C)(O)[C@H]1CC[C@H]2[C@@H]3CC=C4C[C@@H](O)CC[C@]4(C)[C@H]3CC[C@@]21C,-5.74823929786141,0
b2AR-decoy_375,O=C(NNC(=O)c1sccc1n1cccc1)c1c(F)cccc1F,-5.748133087867031,0
b2AR-decoy_1157,Cc1cc(C)c(/C=C/[C@@H]2C[C@@H](O)CC(=O)O2)c(/C=C/c2ccc(Cl)cc2)c1,-5.74797732540109,0
ASD03130067,Fc1ccc(Nc2nc(NC3CCCCC3)c3cc(Cl)ccc3n2)cc1F,-5.74683135213845,1
b2AR-decoy_2915,CC1=C(C(=O)Nc2ccccc2C)C(/C=C/c2ccccc2)C(C(=O)Nc2ccccc2C)=C(C)N1,-5.73962972292471,0
b2AR-decoy_2316,COc1c(CC=C(C)C)c(O)cc(O)c1c1coc2cc(O)ccc2c1=O,-5.73613192133364,0
b2AR-decoy_1941,CC(C)NS(=O)(=O)c1cccc(CNC(=O)c2cccc3c2cnn3c2ccc(F)cc2)c1,-5.73430628154751,0
b2AR-decoy_1082,COc1ccc(c2c(OC)c(O)c(c3ccc(OC)cc3)c3scnc32)cc1,-5.73427028472432,0
b2AR-decoy_460,COc1ccc2c(c1)/C(=N/Nc1ccc(C(C)(C)C)cc1)C(=O)N2,-5.73420346894581,0
b2AR-decoy_1752,CCn1c2ccncc2c2cc(NS(=O)(=O)c3ccc(OC)cc3OC)ccc21,-5.73404766332045,0
b2AR-decoy_1614,CCOC(=O)c1ccc2sc(C(=O)/C=C/c3ccc(OC)cc3)cc2c1,-5.73236732971061,0
b2AR-decoy_1591,COc1ccc(OC)c(C=NNC(=O)c2ccc(NS(=O)(=O)c3cccs3)cc2)c1,-5.72808968509518,0
b2AR-decoy_1069,Cc1ccc(c2cc(C(=O)NC(C)c3cnccn3)cc(c3cncs3)c2)cc1,-5.7278739393073,0
b2AR-decoy_639,CCC(c1ccc(c2ccc(NC(=O)OC(C)(C)C)cc2)cc1)n1ccnc1,-5.72612703172541,0
b2AR-decoy_1447,COc1cccc(O)c1O,-5.72387304852272,0
b2AR-decoy_2851,CC(C)N=C1CCCC1C(=S)SSC(=S)C1CCCC1=NC(C)C,-5.7235075668655,0
b2AR-decoy_1550,COc1ccc(c2nnc(c3cc(OC(F)(F)F)ccc3n3cccn3)o2)cc1OC,-5.72288787633335,0
b2AR-decoy_2170,Cc1c(O)nc(SCC(C)C)nc1Cc1c(Cl)cccc1Cl,-5.72147689187568,0
b2AR-decoy_998,CCCOC(=O)[C@]12CC[C@@]3(C)CC[C@@](C)(O)C=C[C@H]3[C@@H]1CC[C@@H]2C(C)C,-5.72110826795871,0
b2AR-decoy_1490,C/C=C/[C@H]1C[C@H](O)[C@H](O)C1,-5.71978652996471,0
b2AR-decoy_125,COc1ccc(c2cc(O)c(Sc3ccccc3C(C)C)c(=O)o2)cc1,-5.71977865293123,0
b2AR-decoy_2701,Nc1cc2c(=O)c(C(=O)OCc3ccc(Cl)cc3)cn(Cc3ccc(Cl)cc3)c2cc1Cl,-5.71915341136276,0
b2AR-decoy_2531,CCC(C)C(=O)O[C@@H]1c2cc3c(c(O)c2-c2c(cc(OC)c(OC)c2OC)C[C@@H](C)[C@H]1C)OCO3,-5.71893217091097,0
b2AR-decoy_653,CC(C)(C)c1cnc(CSc2cnc(NC(=O)C3CCCCC3)s2)o1,-5.71878057257124,0
b2AR-decoy_3125,CCOC(=O)CC(O)CC(O)/C=C/C1=C(c2ccc(F)cc2)c2ccccc2OC12CCCC2,-5.71869159407809,0
b2AR-decoy_2151,Cc1cc(C#N)cc(C)c1Oc1ccc(N)c(Nc2ccc(C#N)cc2)c1,-5.71595009999087,0
b2AR-decoy_2018,O=C1Nc2ccccc2/C1=C1/Nc2ccccc2/C1=N\OCCCCO,-5.71219755673315,0
ASD03130113,CCN(CC)C1CCC(Nc2nc(Nc3cc(Cl)cc(Cl)c3)nc3ccccc23)CC1,-5.712146275506211,1
b2AR-decoy_1423,NC(=O)c1cssc1=S,-5.7093045736538,0
b2AR-decoy_1427,Nc1cnc(Br)cn1,-5.70902618781036,0
b2AR-decoy_1875,Cc1ccc(CC(CNC(=O)Cc2ccc(NS(C)(=O)=O)c(F)c2)COC(=O)C(C)(C)C)cc1C,-5.70896948621521,0
b2AR-decoy_1779,C=C(C)CC[C@]1(C)C2=CCC[C@](C)(C[C@@H](OC(C)=O)C3=CC(=O)OC3O)[C@H]2CC[C@H]1C,-5.7089192197995,0
b2AR-decoy_2203,C=C(CC[C@H](O)C(C)(C)O)[C@H]1CC[C@]2(C)[C@@H]1CC[C@@H]1[C@@]3(C)CC[C@@H](O)C(C)(C)[C@@H]3CC[C@]12C,-5.70612777881371,0
b2AR-decoy_1831,C=CCOc1ccc2ccc(CN([C@H](C)C(=O)NO)S(=O)(=O)c3ccc(OC)cc3)cc2c1,-5.70561901844837,0
b2AR-decoy_3181,CC1=CCC[C@@H]2[C@@](C)(CCC3=CC(=O)OC3OC(=O)OC(C)(C)C)[C@H](C)CC[C@@]12C,-5.7049941754648,0
b2AR-decoy_364,CCCC[C@@]12CCC(=O)C(C(F)(F)F)=C1c1ccc3[nH]ncc3c1C2,-5.70482175952263,0
b2AR-decoy_1177,Clc1ccc(C(c2ccc(Cl)cc2)(c2cc[nH]n2)n2ccnc2)cc1,-5.70318462399206,0
b2AR-decoy_1906,COc1ccc(c2oc3ccc(C)cc3c2C(=O)c2cc(OC)cc(OC)c2)cc1,-5.70275699995126,0
b2AR-decoy_2052,O=[N+]([O-])c1ccc(OCc2ccsc2)cc1/C=C(/CO)c1ccccc1,-5.70243128265985,0
b2AR-decoy_2583,O=C1C(=C2SC(c3ccccc3)(c3ccccc3)c3ccccc32)C(=O)c2ccccc21,-5.70030449973792,0
b2AR-decoy_2295,CC(C)CCC[C@@H](C)[C@H]1CC[C@H]2[C@@H]3C/C(=N\O)C4=CC(=O)CC[C@]4(C)[C@H]3CC[C@@]21C,-5.6920308002237,0
b2AR-decoy_1878,COc1cc(c2cscc2c2ccc(SC)cc2)cc(OC)c1OC,-5.69200956600028,0
b2AR-decoy_2624,COc1ccc(c2nn3c(nc(c4ccc(OC)cc4)c3c3ccc(OC)cc3)s2)cc1,-5.69038898958027,0
b2AR-decoy_3078,O=C(Oc1ccc(Cl)cc1Cc1ccccc1)c1ccccc1c1ccc(C(F)(F)F)cc1,-5.690381839971425,0
b2AR-decoy_2103,CCc1sc2nc(N)[nH]c(=O)c2c1Sc1cc(OC)cc(OC)c1,-5.68911919559148,0
b2AR-decoy_1163,N#C/C(=C/c1ccc(N2CCCCC2)o1)C(=O)Nc1ccc2ccccc2c1,-5.68813553195004,0
b2AR-decoy_2142,O=C(/C=C/c1nccc2c1[nH]c1ccccc12)c1ccc(Br)cc1,-5.68797907518902,0
b2AR-decoy_3169,CCCCCC1(CCCCC)Cc2c(cc(C(C)(C)C)c(O)c2C(C)(C)C)O1,-5.68589515260355,0
b2AR-decoy_1974,Cc1cc(NS(=O)(=O)c2cccs2)c2oc(COC(=O)NCc3ccccc3)cc2c1,-5.68504952756476,0
b2AR-decoy_322,C/C(=N\OC(C)C)C1=CC[C@H]2[C@@H]3CC=C4C[C@@H](O)CC[C@]4(C)[C@H]3CC[C@]12C,-5.6840322585567,0
b2AR-decoy_804,CC(C)CC(=O)c1c2c(c3oc(=O)cc(c4ccccc4)c3c1O)C=CC(C)(C)O2,-5.6829470471613,0
b2AR-decoy_1647,Cc1ccc(CN(C(=O)COc2ccccc2Cl)c2ccccn2)o1,-5.68145232641918,0
b2AR-decoy_1673,O=C(c1cnc(c2ccco2)s1)N1CCCC1Cn1cccn1,-5.68142774504057,0
b2AR-decoy_8,CCC(C)(C)c1ccc(/C=C/C(=O)Nc2ccc3c(c2)OCCO3)cc1,-5.68074193636758,0
b2AR-decoy_2823,COc1ccc2c(Cc3c(Cl)cncc3Cl)nncc2c1C#CCCCc1ccccc1,-5.67751443982284,0
b2AR-decoy_706,Cc1ccc(N=Nc2ccc(O)c(P(=O)(c3ccccc3)c3ccccc3)c2)cc1,-5.67681673203962,0
b2AR-decoy_2733,CC(C)=CCc1c(O)c2c(c3c1[C@@H]1COc4cc5c(cc4[C@@H]1O3)C=CC(C)(C)O5)C=CC(C)(C)O2,-5.67676447063459,0
b2AR-decoy_433,CC(C)=CCc1c(O)c(C=O)cc2c1[nH]c1ccccc12,-5.67666793658191,0
b2AR-decoy_1480,NC(=S)c1nccs1,-5.67461730328841,0
b2AR-decoy_2712,COc1ccc(c2nc(SCc3csc(c4ccc(Cl)cc4)n3)nc(N)c2C#N)cc1,-5.67413697464497,0
b2AR-decoy_927,COc1ccc(c2cc(c3c(O)c(C)c(C)c4c3CCC(C)(C)O4)on2)cc1,-5.67342540047019,0
b2AR-decoy_2477,CC(C)CCCC(C)C1CCC2C3CCC4N(C)C(=O)CC[C@]4(C)C3CC[C@]12C,-5.67260879375802,0
b2AR-decoy_2582,CCCCCC[C@H]1C[C@H]2[C@@H]3CCC(=O)[C@@]3(C)CC[C@@H]2[C@@]2(C)CCC(=O)C=C12,-5.67226618348379,0
b2AR-decoy_1241,Cc1cc(/C=C2\SC(=O)N(c3ccccc3)C2=O)c(C)n1c1cccnc1,-5.66884920864195,0
b2AR-decoy_872,Cc1ccc(C(O)(c2ccc(OC(C)C)cc2)c2cccnc2)c(F)c1,-5.66838138843648,0
b2AR-decoy_2873,CC(Oc1ccccc1Cl)C(=O)ON=C1CCCCCCCCCCC(=O)OCCC1,-5.66633676508569,0
b2AR-decoy_2001,C=CCNc1sc(C(=O)c2ccc(Br)s2)c(N)c1C#N,-5.66442530970633,0
b2AR-decoy_628,COc1cc(/C(F)=C/c2cc(O)c3ccoc3c2)cc(OC)c1OC,-5.66066562255975,0
b2AR-decoy_2699,Cc1ccccc1NC(=O)c1ccc(NS(=O)(=O)c2cc(C(C)(C)C)cc(C)c2C)cc1,-5.65910179029537,0
b2AR-decoy_1457,CC(=O)NNC(=O)c1ccco1,-5.6577753679333,0
b2AR-decoy_1265,Cc1nnc(SCC(=O)N(Cc2ccccc2)C(C)C)n1c1ccccc1,-5.65774021743895,0
b2AR-decoy_30,CCCCC12CCC(=O)C(Br)=C1c1ccc3[nH]ncc3c1C2,-5.65458492546324,0
b2AR-decoy_214,COc1ccc(S(=O)(=O)N(Cc2ccc3c(c2)OCO3)[C@H](CCC(=O)N(CCc2ccccc2)Cc2ccccc2)C(=O)NO)cc1,-5.654382457877651,0
b2AR-decoy_25,CCC1OC(/C=C/C2CC2)(C(F)(F)F)c2cc(Cl)ccc2NC1=O,-5.65162901186631,0
b2AR-decoy_3194,COc1ccc(/C=C/c2cc(OC)cc(OC)c2/C=C/C(=O)c2ccc(C)c(C)c2)cc1,-5.64726169827647,0
b2AR-decoy_196,C=CCCS(=O)(=O)NC(=O)c1ccccc1NC(=O)[C@@H](NC(=O)OC(C)(C)C)c1ccc(Oc2cc(OC)nc(c3ccccc3)n2)c(C=C)c1,-5.64695836014576,0
b2AR-decoy_1266,CCCCC1=CC2=CC(=O)C(C)(OC(=O)CC)C(=O)C2=CN1Cc1ccccc1,-5.64568321938626,0
b2AR-decoy_2343,COc1cc(c2cc(c3ccc(S(C)(=O)=O)cc3)cnc2N)ccc1O,-5.64376724681244,0
b2AR-decoy_1453,Oc1cc(O)nc(S)n1,-5.64102044957565,0
b2AR-decoy_1156,CC(=O)NCCC1=C(c2ccc(C(C)(C)C)cc2)Cc2ccc3c(c21)CCO3,-5.64007292180171,0
b2AR-decoy_1487,CC(C)(C)C1C[NH2+]CCO1,-5.63999417830188,0
b2AR-decoy_1633,CCOC(c1ccc(Cl)cc1Cl)C(OC(C)(C)C)n1cnc(C)c1,-5.63822101992355,0
b2AR-decoy_2804,CC(C)CCC[C@@H](C)[C@H]1CC[C@H]2[C@@]34C=C[C@@]5(CC(=O)CC[C@]5(C)[C@H]3CC[C@]12C)OO4,-5.63821238480977,0
b2AR-decoy_1940,Nc1ncc(c2ccc(C(=O)N3CCOCC3)cc2)cc1c1ccc(C(F)(F)F)nc1,-5.63603810833654,0
b2AR-decoy_1354,Cc1ccc(OC(Cn2ccnc2)c2ccc(Cl)cc2)cc1,-5.63352965645124,0
b2AR-decoy_1509,COC(=O)/C=C(C)/C=C/C=C(C)/C=C/C1=C(C)C(n2ccnc2)CCC1(C)C,-5.63052905744634,0
b2AR-decoy_1760,CCO/C(O)=C1\C(C)=NC2=C(C(=O)CC(C)(C)C2)C1c1ccc(N(C)C)cc1,-5.63015580225746,0
b2AR-decoy_1993,CC(C)C(=O)c1c(O)cc(O)c(C[C@@H]2[C@@H](C(C)(C)O)CC[C@]2(C)O)c1O,-5.62975348903411,0
b2AR-decoy_601,COc1c(CC=C(C)C)c(O)cc(O)c1c1oc2cc(O)ccc2c1C,-5.62944800876245,0
b2AR-decoy_2964,CCOc1ccc(c2cc(OC(=O)c3ccc(OC)cc3)c3c(C)oc(C)c3c(=O)c2)cc1,-5.62863451245204,0
b2AR-decoy_2919,CCOC(=O)c1ccc(c2nc(c3ccc4c(c3)C(C)(C)CCC4(C)C)c(C)s2)cc1,-5.627370387183,0
b2AR-decoy_94,CCCCC[C@](C)(O)[C@H]1CC[C@H]2[C@@H]3C[C@H](O)[C@H]4C[C@@H](O)CC[C@]4(C)[C@H]3CC[C@@]21C,-5.62633149041157,0
b2AR-decoy_3068,Cc1ccc(SC2=C(Cl)C(=O)C(Sc3ccc(C)cc3)=C(Cl)C2=O)cc1,-5.62631180127682,0
b2AR-decoy_3127,C[C@@H](CCCC(C)(C)O)C1CCC2/C(=C/C=C3C[C@@H](O)C(=CCO)[C@H](O)C3)CCCC21C,-5.62610403614034,0
b2AR-decoy_704,COc1c(Cl)cc(c2ccc(C(=O)c3cccc(O)c3)s2)cc1Cl,-5.62293029668505,0
b2AR-decoy_2691,Cc1noc(C(=O)CC[C@@H](C)[C@H]2CC[C@H]3[C@@H]4[C@@H](O)C[C@@H]5C[C@H](O)CC[C@]5(C)[C@H]4CC[C@@]32C)n1,-5.62272217237048,0
b2AR-decoy_1796,COc1cc(CSc2nc(O)c(C)c(Cc3c(Cl)cccc3Cl)n2)cc(OC)c1,-5.62077068304398,0
b2AR-decoy_2962,C[C@]12CC[C@H]3[C@@H](CC(c4ccccc4)C4=CC(=O)CC[C@@]43C)[C@@H]1CC=C2c1cncc(F)c1,-5.62006193987024,0
b2AR-decoy_558,C/C(=N/O)c1c(O)c(C)c(c2ccccc2)n(c2ccccc2)c1=O,-5.61598739862823,0
b2AR-decoy_1988,C/C(=C\c1ccc(Cl)cc1)S(=O)(=O)Nc1ccc(C)cc1S(N)(=O)=O,-5.61537848800779,0
b2AR-decoy_3040,COc1ccc2c(C(=O)N(C)CC(N)=O)c(OCC(F)(F)F)ccc2c1C(F)(F)F,-5.61536027982235,0
b2AR-decoy_3007,CC(C)(O)c1ccc(Oc2ccc(S(=O)(=O)Nc3ccc(F)cn3)cc2C#N)cc1,-5.61477262037842,0
b2AR-decoy_1632,C=C(C/C=C/C=C/Cl)CC(OC(=O)[C@@H]1CCC(=O)N1C)C(C)(C)C,-5.61443241059043,0
b2AR-decoy_894,COc1cc(Sc2c[nH]c3ccc(C)cc23)cc(OC)c1OC,-5.61409853379857,0
b2AR-decoy_879,Cc1cc(/C=C/C(=O)NCCn2c(C)cc3ccccc32)cc(C)c1F,-5.613935794065611,0
b2AR-decoy_625,COc1cc2c(cc1O)CC[C@@H]1[C@@H]2CC[C@@]2(C)[C@H]1CC[C@@H]2CC(C)=O,-5.61383410256035,0
b2AR-decoy_2503,CCN(c1ccc(C#N)c(Cl)c1)c1cc(c2ccoc2)ccc1C,-5.61357657690233,0
b2AR-decoy_2014,COc1cc(Br)cc(/C=N/c2ccc3[nH]c(=O)[nH]c3c2)c1O,-5.61116474133188,0
b2AR-decoy_997,Cc1ccc(c2cc(O)c(Sc3ccccc3C(C)C)c(=O)o2)cc1,-5.6084466417312,0
b2AR-decoy_1467,COCc1nc(C#N)c(N)o1,-5.60543485551349,0
b2AR-decoy_1652,C=C(C)CCOCc1ccc(C2(CC)Oc3ccccc3-n3cccc3C2=O)cc1,-5.60357370806149,0
b2AR-decoy_1102,Cc1ccc(C2=Nc3ccccc3N(CC(=O)Nc3ccccc3C)C(=O)C2)cc1C,-5.6034893381273,0
b2AR-decoy_1095,COc1ccc(c2ccc(C(=O)Nc3ccc(OC)nc3)c3occc32)c(C)c1,-5.60319876469578,0
b2AR-decoy_1291,CCOc1ccc(/C=C\c2cc(OC)cc(OC)c2)cc1,-5.60024698237963,0
b2AR-decoy_2104,CC(O)CNC(=O)c1ccc(c2ccc(c3ccc4c(c3)COC4=O)s2)cc1O,-5.5997993151652,0
b2AR-decoy_280,C=C1C(=O)[C@@]23[C@@H](CC[C@@H]1[C@H]2OC(=O)CCC(=O)OCCOc1ccc(c2cc(=S)ss2)cc1)[C@@]12CO[C@@]3(O)[C@@H](O)[C@@H]1C(C)(C)CC[C@@H]2OC(C)=O,-5.59924973841186,0
b2AR-decoy_383,Cc1csc(S(=O)(=O)N(N)C(=O)c2ccc(Cl)cc2Cl)c1,-5.59375130401495,0
b2AR-decoy_2650,COc1cc(OCc2cccc(c3ccc(C#N)nc3)c2)c2cc(c3cn4nc(OC)sc4n3)oc2c1,-5.59269309902691,0
b2AR-decoy_737,CC(C)(C)c1cc(c2nnc(SCC(F)(F)F)s2)cc(C(C)(C)C)c1O,-5.59195426557061,0
b2AR-decoy_2271,CCOc1ccc(Br)cc1/C=C1\CCC/C(=C\c2ccc(O)c(OC)c2)C1=O,-5.59178133956369,0
b2AR-decoy_1161,Cc1noc(NS(=O)(=O)c2ccccc2c2ccc(C(C)(C)C)cc2)c1C,-5.59107116191145,0
b2AR-decoy_1274,Cc1c(CCC(=O)N2CCCCC2)c(=O)oc2cc3occ(C(C)(C)C)c3cc12,-5.58965054493774,0
b2AR-decoy_1656,O=C(/C=C/c1ccc(OS(=O)(=O)c2ccccc2)cc1)c1ccccc1,-5.58836071185944,0
b2AR-decoy_2808,CO[C@H]1C[C@@H]2C[C@H](OC)CC[C@]2(C)[C@H]2CC[C@@]3(C)[C@@H](CC[C@@H]3[C@H](C)CCC(=O)N3CCCC3)[C@H]12,-5.58791346877469,0
b2AR-decoy_747,O=c1cc(c2ccccc2)c2cc(c3ccc(CO)cc3)ccc2o1,-5.58367983333392,0
b2AR-decoy_3006,O=S(=O)(CC(F)(F)F)NCCCCNc1nc2c(s1)CCCc1ccc(F)cc1-2,-5.58184701582777,0
b2AR-decoy_2950,COc1ccc(F)cc1C(C)(C)CC(O)(Cc1ccccc1Br)C(F)(F)F,-5.57826739787302,0
ASD03130070,Fc1ccc(Nc2nc(NC3CCCCC3)c3cc(C(F)(F)F)ccc3n2)cc1F,-5.57634120642716,1
b2AR-decoy_1499,Oc1ncc(Cl)c(O)n1,-5.57484972385434,0
b2AR-decoy_1181,CC(C)CCOC1(C(F)(F)F)OC(=O)Nc2ccc(Cl)cc21,-5.57429789948857,0
b2AR-decoy_771,CC(=O)NC(CC(=O)c1cc(Cl)cs1)c1ccc(Cl)cc1,-5.572906505763581,0
b2AR-decoy_2486,Cc1ccc(Sc2cncc3sc(C(=O)c4ccccc4)cc23)cc1,-5.5684853162971,0
b2AR-decoy_1950,Cc1ccc(S(=O)(=O)Nc2c(C(=O)N[C@@H](C)C(C)(C)C)c(C)nn2C(C)C)cc1,-5.56797043582362,0
b2AR-decoy_2559,CCc1nnc(c2cc(C(=O)N3CCC(F)(c4ccc(C#N)cc4)CC3)ccc2C2CCC2)[nH]1,-5.566343231600925,0
b2AR-decoy_1456,CC(C)(C)OC(=O)N/N=C\c1ccc[nH]1,-5.56522796077827,0
b2AR-decoy_2366,Cc1cccc2c1-c1sc(C(=O)Nc3ccccc3C(N)=O)cc1CO2,-5.56353980857981,0
b2AR-decoy_1474,Cc1ccncc1S(N)(=O)=O,-5.56151209485517,0
b2AR-decoy_1596,C[C@]1(C#N)C[C@@H](CN([C@H](CCC(F)(F)F)C(N)=O)S(=O)(=O)c2ccc(Cl)cc2)C1,-5.56132110382321,0
b2AR-decoy_3162,O=S(=O)(c1ccccc1)n1ccc2cc(/C=C/c3ccc4ccccc4c3)ccc21,-5.56100421412301,0
b2AR-decoy_2524,O=C(/C=C\c1ccc(Br)cc1)N1N=C(c2ccncc2)OC1c1c[nH]c2ccccc12,-5.559949466311632,0
b2AR-decoy_2493,Cc1cc(Cl)ccc1Oc1coc(/C=C/c2ccccc2)cc1=O,-5.55981560470142,0
b2AR-decoy_2561,O=S(=O)(Nc1ncns1)c1ccc(Oc2ccccc2c2ccccc2)cc1Cl,-5.55863481005624,0
b2AR-decoy_1215,CC1=NC(C)=C(C(=O)OC(C)C)C(c2cccs2)/C1=C(\O)OC(C)C,-5.55836093082585,0
b2AR-decoy_2258,Cc1ccc(C(=O)Nc2cccc(C(=O)/C=C/c3ccc4c(c3)c3ccccc3n4C)c2)cc1,-5.55813126781482,0
b2AR-decoy_2599,Cn1c(=Nc2ccc(Cl)c(Cl)c2)scc1c1ccc(Cl)cc1,-5.55742482492947,0
b2AR-decoy_2408,O=C(/C=C/C1=Cc2cc(Cl)ccc2OC1)c1ccc(Cl)cc1Cl,-5.55464650226113,0
b2AR-decoy_340,COc1ccc2c(c1)OC(C)(C)[C@@H](c1ccccc1)[C@@H]2c1ccc(O)cc1,-5.55453976920806,0
b2AR-decoy_808,CC(C)(C)[Si](C)(C)Oc1ccc(c2cc(=O)c3ccc(O)cc3o2)cc1,-5.55022676356544,0
b2AR-decoy_1847,C=C1C(=O)O[C@H](C[C@@H](C)[C@H]2CC[C@H]3/C(=C/C=C4/C[C@@H](O)[C@H](OCCCO)[C@H](O)C4=C)CCC[C@@]32C)[C@H]1C,-5.55021966772661,0
b2AR-decoy_1739,COc1ccc2c(c1)c(C(=O)N/N=C/c1cccc(Br)c1)c(C)n2C,-5.5483763173298,0
b2AR-decoy_3035,Cc1ccc(/C=N/NC(=O)c2cccc(S(=O)(=O)Nc3ccccc3Cl)c2)s1,-5.54099948494879,0
b2AR-decoy_2145,Cc1cc(=O)c(c2ccc(OCc3ccc(OC(F)(F)F)cc3)cc2)c(C)[nH]1,-5.53723673207886,0
b2AR-decoy_1794,CCOc1cc(Cl)ccc1Oc1ccc(S(=O)(=O)Nc2ccc(F)cn2)cc1C#N,-5.53689400742077,0
b2AR-decoy_2115,O=C1Nc2ccc(O)cc2/C1=C\c1ccc2c(/C=C/c3ccncc3)n[nH]c2c1,-5.535676065168855,0
b2AR-decoy_1693,CC(C)(C1=N[C@@H](C(C)(C)C)CO1)C1=N[C@@H](C(C)(C)C)CO1,-5.53469915234797,0
b2AR-decoy_1493,O=C1OCC(CC2=C(O)C(=O)OC2)=C1O,-5.53310104715197,0
b2AR-decoy_2655,C/C(=N\OCCSc1nnc(C)s1)c1ccc(Sc2cc(F)cc(C3CCOCC3)c2)cc1,-5.53095447635093,0
b2AR-decoy_797,COC(=O)CCCC[C@H]1[C@@H](C)CC[C@@]2(C)CC(C)[C@H](O)[C@@H](C)[C@H]12,-5.5305661492589,0
b2AR-decoy_1060,CCCCCC(=O)c1cccc(OCc2cccc(C#N)c2)c1,-5.5294402030578,0
b2AR-decoy_2534,Nc1ccccc1NC(=O)/C=C/c1ccc(c2nnc(Cc3cccc4ccccc34)o2)cc1,-5.52593665093918,0
b2AR-decoy_351,CCSc1nnc(c2cc(C(C)(C)C)c(O)c(C(C)(C)C)c2)o1,-5.52507628151357,0
b2AR-decoy_2180,CC(C)=CCc1cc(C2CC(=O)c3ccc(O)cc3O2)cc2c1OC(C)(C)C=C2,-5.52413142427515,0
b2AR-decoy_1938,O=C(C/C(=C\c1cn(c2ccccc2)nc1c1ccccc1)c1n[nH]c(=O)[nH]1)c1ccc(Cl)cc1,-5.5237993081168,0
b2AR-decoy_1435,N/N=C/c1ccc([N+](=O)[O-])o1,-5.52365846254892,0
b2AR-decoy_2632,COc1ccc(c2oc3ccc(c4cc(OC)c(OC)c(OC)c4)cc3c2c2ccc(OC)cc2)cc1,-5.523373789018,0
b2AR-decoy_1305,C=CCOc1cc(C)c2c(c1C(C)C)C=C(C)C(=O)C2=O,-5.52283551849403,0
b2AR-decoy_2430,Cc1ccc(OP(=O)(Oc2ccc(C)cc2)C(=O)Oc2ccccc2)cc1,-5.51992495971772,0
b2AR-decoy_1662,C[C@H](CCCC(C)(C)O)[C@H]1CC[C@H]2/C(=C/C=C3C[C@@H](O)C(O)[C@H](O)C3)CCC[C@@]21C,-5.5196394603021,0
b2AR-decoy_2270,COc1cc2[nH]c3cc(OCc4ccc(OC(F)(F)F)cc4)ccc3c(=O)c2cc1Cl,-5.51928466945909,0
b2AR-decoy_2498,CCc1ccc2nc(c3ccc(n4nnc5cc(OC)ccc54)c(C)c3)sc2c1,-5.51926865154788,0
ASD03130102,Cc1cccc2c(NC3CCCCC3)nc(Nc3cc(Cl)cc(Cl)c3)nc12,-5.5185564055245,1
b2AR-decoy_738,O/N=C(\CSc1ccncc1c1ccccc1)c1cc(Cl)sc1Cl,-5.51851494375948,0
b2AR-decoy_548,C=C1CC[C@H]2C(C)(C)CCC[C@]2(C)[C@H]1C[C@@H](O)C1=CC(=O)OC1O,-5.51692791991806,0
b2AR-decoy_167,COc1ccc(/C=C/C(=O)c2ccccc2OCC2=CN(CC(O)COC3=C(C)C(=O)SC3C)NN2)c(OC)c1OC,-5.51678430204852,0
b2AR-decoy_2439,FC(F)(F)c1nnc2ccc(c3ccc(S(F)(F)(F)(F)F)cc3)cn12,-5.51594829925922,0
b2AR-decoy_2443,CCCc1c(Cl)c(=O)oc2c3c(c4c(c12)OC(c1ccccc1)C=C4)OC(C)CC3=O,-5.51594782574954,0
b2AR-decoy_1298,O=S(=O)(Oc1ccccc1c1ccccc1)c1ccccc1,-5.51586062500884,0
b2AR-decoy_1446,CC(C)(C)/C=N/NC(N)=S,-5.51558038679515,0
b2AR-decoy_482,Nc1ccc(Oc2ccc([N+](=O)[O-])cc2Cl)cc1,-5.51502957260484,0
b2AR-decoy_184,C=C(F)CO[C@H]1CO[C@@H]2OC[C@H](OC(=O)N[C@@H](Cc3ccccc3)[C@H](O)CN(CC(C)C)S(=O)(=O)c3ccc4nc(NC)oc4c3)[C@H]12,-5.51330281717529,0
b2AR-decoy_1838,O=C(CSCc1nc(c2ccc(Cl)cc2)cs1)NNS(=O)(=O)c1ccc(Cl)cc1,-5.51223316525588,0
b2AR-decoy_232,COc1ccc(/C=C/[C@@H](C)[C@@H]2C/C=C/C(=O)N[C@H](Cc3ccc(OC)c(Cl)c3)C(=O)NCC(C)(C)C(=O)O[C@@H](CC(C)C)C(=O)O2)cc1,-5.512139188379395,0
b2AR-decoy_943,Cc1cc(N2CCc3ccsc3C2)cc(C)c1NC(=O)CC(C)(C)C,-5.51196769293857,0
b2AR-decoy_2682,CC(C)=CCC1(CC=C(C)C)C(=O)[C@](O)(CC=C(C)C)C(=O)C2=C1O[C@H](c1ccccc1)C[C@H]2O,-5.50748584255122,0
b2AR-decoy_2905,COC(=O)[C@@H](CCC=C(C)C)[C@@H]1CC[C@]2(C)C3=CC[C@H]4[C@@](C)(CO)C(=O)CC[C@]4(C)[C@H]3CC[C@@]12C,-5.50468357030958,0
b2AR-decoy_2703,CC(CO)(CO)C(=O)O[C@H]1CC[C@@]2(C)C(=CC[C@H]3C4=CC=C(c5cccnc5)[C@@]4(C)CC[C@@H]32)C1,-5.50056295354308,0
b2AR-decoy_1476,CSc1ccccc1B(O)O,-5.50039615130482,0
b2AR-decoy_1140,CC(C)=CC(=O)/C=C(\C)CCC[C@@]1(C)Oc2c(c(=O)oc3cc(O)ccc23)[C@@H]1C,-5.49683225484483,0
b2AR-decoy_2709,Cc1cc(F)ccc1NC(=O)c1ccc(NS(=O)(=O)c2cc(C(C)(C)C)ccc2C)cc1,-5.49674192874374,0
b2AR-decoy_306,CCCCNC(=O)c1ccc(Br)c(n2nc(CC)n(Cc3ccc(c4ccccc4S(=O)(=O)NC(=O)OC(C)(C)C)cc3F)c2=O)c1,-5.49352737531089,0
b2AR-decoy_2927,COc1ccc(C2S/C(=C\c3ccccc3)C(=O)N2NC(=O)c2ccc(c3ccccc3)cc2)cc1,-5.489985300865821,0
b2AR-decoy_2242,CC(C)=CCC[C@](C)(O)[C@H]1CC[C@@]2(C)[C@@H]3CC=C4[C@@H](CCC(=O)C4(C)C)[C@]3(C)C(=O)C[C@]12C,-5.48857813259571,0
b2AR-decoy_1051,COCCOC(=O)c1c(C)oc2ccc(OC(=O)c3cccs3)cc12,-5.4823702311092,0
b2AR-decoy_2724,CC1=CC[C@@H]2[C@@H](C1)c1c(O)cc(C(C)(C)CCCCC(=O)N(C)C)cc1OC2(C)C,-5.48186796897511,0
b2AR-decoy_2426,CSc1ccccc1/C=C1\Oc2ccc(F)cc2-c2ccc3c(c21)C(C)=CC(C)(C)N3,-5.48057459725936,0
b2AR-decoy_685,Cc1ccc(C(C)C)c(OC(=O)Nc2ccc(C(C)(C)C)cc2)c1,-5.48041357690665,0
b2AR-decoy_1927,CCCCCCC(=O)O[C@H]1CC[C@H]2[C@@H]3CC[C@H]4CC(=O)C=C(C)[C@]4(C)[C@H]3CC[C@]12C,-5.48040584945486,0
b2AR-decoy_2809,N#Cc1ccc(C(OCc2ccc(C#N)cc2c2cccc(Cl)c2)c2cncs2)cc1,-5.47820108587143,0
b2AR-decoy_57,CN(C)c1ccc(c2nnc(c3c[nH]c4ccc(Br)cc43)s2)cc1,-5.47324819446137,0
b2AR-decoy_1107,CCCCc1ccc(n2nc3cc(Cl)c(C(=O)NC(C)(C)C)cc3n2)cc1,-5.47133881397926,0
b2AR-decoy_2491,CC(C)(C)c1cc2c(OCc3cc(c4ccc(Cl)cc4)no3)ncnc2s1,-5.46575879041062,0
b2AR-decoy_2777,CN(C)c1ccc(/C=C/C(=O)/C=C/c2ccc(N(c3ccccc3)c3ccccc3)cc2)cc1,-5.46436695402895,0
b2AR-decoy_2656,COc1ccc([C@@H]2COc3c(cc(/C=C/C(=O)c4ccccc4)c4c3C=CC(C)(C)O4)C2)c(OC)c1,-5.46127035497115,0
b2AR-decoy_2708,Cc1ccc(OC(C)C(=O)Nc2ccc(C)c(S(=O)(=O)Nc3ccc(C)cc3C)c2)cc1,-5.45905503153125,0
b2AR-decoy_1292,Cc1cc(Cl)cc(C)c1OCCCCn1ccnc1,-5.45905137244337,0
b2AR-decoy_1450,CN(C)C(=S)SCC(N)=O,-5.45690228041403,0
b2AR-decoy_1418,CC(=O)NC1=CC(=C[N+](=O)[O-])C=C1O,-5.45658206045022,0
b2AR-decoy_793,C/C(=N\Nc1nc(C)c(C)s1)c1ccc(Cl)c(Cl)c1,-5.45581684669674,0
b2AR-decoy_355,CCCC(=C(c1ccc(O)cc1)c1ccc(O)cc1)c1ccc(O)cc1,-5.451518021556391,0
b2AR-decoy_1826,CCCCCCCCCC(=O)O[C@@H]1[C@@H](C)[C@@]2(O)[C@@H](C=C(CO)C[C@]3(O)C(=O)C(C)=C[C@@H]23)[C@@H]2C(C)(C)[C@]12O,-5.45150382126351,0
b2AR-decoy_1449,Nc1oncc1n1cccn1,-5.45041498384586,0
b2AR-decoy_1987,CNC(=O)C=Cc1cnc(N)c2c1scc2c1ccc2c(c1)OCO2,-5.447477977784575,0
b2AR-decoy_3059,COc1ccc(C)cc1C1=C(Br)C(=O)N(CC(C)C)/C1=C\c1cccc(Cl)c1,-5.44235261136491,0
b2AR-decoy_3155,CC1=C(C/C=C(\C)CC/C=C(\C)Cc2ccccc2)C(=O)c2ccccc2C1=O,-5.44058256277017,0
b2AR-decoy_1064,CCCCCC1=CC(=O)C2=C(OC(C)(CCC=C(C)C)C=C2)C1=O,-5.440454114678065,0
b2AR-decoy_2417,Clc1ccc(C(Cc2ccc(Cl)cc2Cl)Cn2ccnc2)cc1,-5.44005195000716,0
b2AR-decoy_2786,C=C(CC[C@@H](C)[C@H]1CC[C@H]2C3=C(C(=O)C[C@@]21C)[C@@]1(C)CCC(=O)[C@@H](C)[C@@H]1CC3)C(C)C(=O)OC,-5.43860229838293,0
b2AR-decoy_2741,CC(=O)O[C@H]1CC[C@@]2(C)C(=CC(=O)[C@@H]3[C@@H]2CC[C@@]2(C)[C@H]3CC[C@@H]2[C@H](C)CCCC(C)(C)O)C1,-5.43774280336694,0
ASD03130103,COc1cc(Nc2nc(Nc3cc(Cl)cc(Cl)c3)nc3ccccc23)c(C(C)=O)cc1OC,-5.433226273391702,1
b2AR-decoy_1193,Clc1ccc(C(c2ccc(Cl)cc2)(c2ncc[nH]2)n2ccnc2)cc1,-5.43265981746945,0
b2AR-decoy_2224,N#CC1=C(SCC(=O)c2ccc(Cl)cc2)N=C2CCCC(O)=C2C1c1ccco1,-5.43265470241892,0
b2AR-decoy_1246,Cc1cc(Oc2ccc([N+](=O)[O-])cc2C#N)ccc1Br,-5.43143659717839,0
b2AR-decoy_209,Cc1cn([C@@H]2O[C@H](CO[Si](C)(C)C(C)(C)C)[C@@]3(OS(=O)(=O)C=C3N)[C@H]2O[Si](C)(C)C(C)(C)C)c(=O)n(CCc2ccccc2)c1=O,-5.42678203054077,0
b2AR-decoy_2586,CC(C)CO[C@H]1CC[C@@]2(C)[C@@H](CC[C@H]3[C@@H]4C[C@@H](Br)C(=O)[C@@]4(C)CC[C@@H]32)C1,-5.4249746241011,0
b2AR-decoy_170,COc1ccc(N(CC(=O)N[C@@H](Cc2ccccc2)[C@H](O)CN(CC(C)C)S(=O)(=O)c2ccc(N)cc2)CC(=O)N(C)C)cc1,-5.42357718764978,0
b2AR-decoy_2272,Cc1cc2nc(c3cccc(NC(=O)c4ccc(Br)o4)c3C)oc2cc1C,-5.422914126049655,0
b2AR-decoy_1865,Cc1ccc(S(=O)(=O)CNC(=S)CCCC(=S)NCS(=O)(=O)c2ccc(C)cc2)cc1,-5.42067462385687,0
b2AR-decoy_759,CC(=O)NC(CC(=O)c1ccc(Cl)cc1)c1ccc(Cl)cc1,-5.41978823535598,0
b2AR-decoy_1144,CC(C)=CC(=O)C/C(C)=C/CC[C@@]1(C)Oc2c(c(=O)oc3cc(O)ccc23)[C@H]1C,-5.4192192263403,0
b2AR-decoy_782,CC(C)(C)OC(=O)N/N=C\c1ccc(c2cccc(Cl)c2)o1,-5.4170649031877,0
b2AR-decoy_2325,CC(C)CC(=O)NC(=S)Nc1ccc(NC(=O)c2cccs2)cc1,-5.41685653682429,0
b2AR-decoy_1218,CCCCOC(C#CC1CC1)(c1cc(CC)c(C)nc1O)C(F)(F)F,-5.4152664609324,0
b2AR-decoy_313,O=C1OCC/C1=C/c1ccc(/N=N/c2c(O)ccc3ccccc23)cc1,-5.41477021927701,0
b2AR-decoy_2981,CCOC1=C[C@@]2(C)C(=CC1=O)C=C[C@@H]1[C@@H]2CC[C@@]2(C)[C@H]1C[C@@H]1O[C@]3(CC[C@@H](C)CO3)[C@@H](C)[C@@H]12,-5.41344693269946,0
b2AR-decoy_2684,CCOc1c(Cl)cc(Cl)cc1c1cnc([C@@H](C)NC(=O)C2(NC(=O)C(F)(F)F)CC2)c(F)c1,-5.413436123007031,0
b2AR-decoy_3003,CC1=C(CCCNS(=O)(=O)c2ccc(C)cc2)C2=C(C)C3(CC3)[C@@](C)(O)C(=O)C2=C1,-5.41327084460747,0
b2AR-decoy_2307,NS(=O)(=O)c1ccccc1NS(=O)(=O)/C=C/c1c(Cl)cccc1Cl,-5.410204784406731,0
b2AR-decoy_1595,CC(=O)Nc1ccc(NC(=O)C(C)OC(=O)CCCOc2ccc(Cl)cc2C)cc1,-5.408308753006991,0
b2AR-decoy_2462,Cc1ccc(C(C)C)c(OC(=O)/C=C/c2ccc(Cl)cc2Cl)c1,-5.40653253833408,0
b2AR-decoy_2064,COc1ccc(/C=C/C(=O)c2ccc(NS(=O)(=O)c3cccs3)cc2)cc1,-5.40408379984283,0
b2AR-decoy_3019,COC(=O)[C@]1(C)CCC[C@]2(C)[C@@H](CC/C(C)=C/[C@H](O)[C@H]3OC(=O)C=C3C)[C@](C)(O)CC[C@H]21,-5.40375797411045,0
b2AR-decoy_2626,CC(C)=CCC/C(C)=C/[C@H]1OC(=O)C[C@]12C[C@H](OC(=O)c1c(Cl)cccc1Cl)C=CC2=O,-5.4015708896481,0
b2AR-decoy_2985,Cc1ccccc1c1cc(=O)c2cc3c(=O)cc(c4ccccc4C)oc3cc2o1,-5.39677711917905,0
b2AR-decoy_1801,CCCCc1nc(Cl)c(C=O)n1Cc1ccc(c2ccccc2C2=NNN=N2)s1,-5.39559947916247,0
b2AR-decoy_646,Cc1cc(C)cc(NC(=O)c2coc(c3ccc(OC(F)(F)F)cc3)n2)c1,-5.39513004935451,0
b2AR-decoy_2716,COC(=O)c1ccc([C@H]2Nc3ccc(S(=O)(=O)Nc4ccc(C)cc4)cc3[C@H]3C=CC[C@H]32)cc1,-5.39228839568764,0
b2AR-decoy_1216,COc1ccc2[nH]c(C)c(Sc3cc(OC)c(OC)c(OC)c3)c2c1,-5.38977339634451,0
b2AR-decoy_1066,Cc1c(SCc2ccc(OCC(C)F)cc2)oc2ccccc2c1=O,-5.38900746900786,0
b2AR-decoy_2402,CCNC(=O)c1noc(c2cc(C(C)C)c(O)cc2O)c1C#CC1CCCC1,-5.38804988702064,0
b2AR-decoy_581,Cc1cc(C)c2c(N)c(S(=O)(=O)Cc3ccccc3)sc2n1,-5.38717099475064,0
b2AR-decoy_1477,CC(C)(C)OC(=O)n1cccc1B(O)O,-5.38698751642367,0
b2AR-decoy_2452,CCOc1cc(c2ccc(OC(=O)c3ccccc3F)cc2)cc(=O)c2c(C)oc(C)c12,-5.38639992970827,0
b2AR-decoy_1895,O=[N+]([O-])c1ccc2c3c([N+](=O)[O-])ccc4ccc5ccc6ccc1c2c6c5c43,-5.384396177364,0
b2AR-decoy_1903,COc1ccc(c2cc(Oc3cccc(C#N)c3)nnc2c2ccc(OC)cc2)cc1,-5.38407972235607,0
b2AR-decoy_2060,COC(=O)c1cc2sc(Cl)cc2n1CC(=O)Nc1cccc(SC)c1,-5.38394451558093,0
b2AR-decoy_2687,O=S(=O)(Nc1cncc(c2ccc(c3ccc4[nH]ccc4c3)s2)c1)c1ccc(F)cc1F,-5.38318415268249,0
b2AR-decoy_237,Nc1ncnc2c1ncn2OCCOCP(=O)(Oc1ccc(Br)cc1)Oc1ccc(Br)cc1,-5.38021604718548,0
b2AR-decoy_2931,Cc1nnc(c2c(C)[nH]c(c3ccccc3)c2c2ccccc2)c2cn(c3ccccc3)nc12,-5.37745908070116,0
b2AR-decoy_1680,CCOC(=O)c1cc2cc(Br)ccc2oc1=O,-5.37598627846012,0
b2AR-decoy_801,Cc1nc(C)c(c2ccc(Oc3ccc(Cl)c(Cl)c3)cc2)c(O)c1Cl,-5.37552470947506,0
b2AR-decoy_2092,CC(C)Oc1c(Br)cc(Br)cc1/C=N/NC(N)=S,-5.37421686609591,0
b2AR-decoy_2357,COc1cc(I)cc(/C=N/c2ccc3[nH]c(=O)[nH]c3c2)c1O,-5.37340967826418,0
b2AR-decoy_2227,Cc1[nH]c(C)c(c2cccc(c3ccc(OC(F)(F)F)cc3)c2)c(=O)c1Br,-5.369550535006365,0
b2AR-decoy_2478,Clc1ccccc1C(Cc1c(Cl)cccc1Cl)Cn1ccnc1,-5.36919467761374,0
b2AR-decoy_2410,Cc1ccc(OCC(=O)ON=C2CCCCCCCCCCC(=O)OCCC2)cc1C,-5.36738338762289,0
b2AR-decoy_1952,C/C(=N\Nc1ccc(C(F)(F)F)cn1)c1ccc(S(=O)(=O)NCc2ccco2)cc1,-5.36707884125953,0
b2AR-decoy_3039,CCOC(=O)CCc1ccc(c2ccc(OC)cc2)n1c1ccc(S(N)(=O)=O)cc1C,-5.361639538919682,0
b2AR-decoy_1735,Cc1cccc(NC(=O)CSc2nnc(c3ccco3)c(c3ccco3)n2)c1C,-5.35746334062571,0
b2AR-decoy_1533,CCCCOCCC1c2cccc(C)c2C(=O)N1C(=O)c1ccc(C(F)(F)F)cc1,-5.35635122447651,0
b2AR-decoy_1513,COc1cccc(CN(C)C(=O)c2cccc(c3cccc(OC)c3)c2)c1,-5.35467255009659,0
b2AR-decoy_2088,CCCCc1ncoc1c1ccc(NC(=O)C(=O)NC(C)(C)C)cc1OC,-5.35281448362167,0
b2AR-decoy_2587,CC(C)C1CC(=O)c2s/c(=N/c3c(Cl)cc(Cl)cc3Cl)oc2C1,-5.35251480086748,0
b2AR-decoy_2576,Cc1cc2c(C(C)C)ccc(C)c2cc1OC(=O)c1ccc(C(F)(F)F)cc1,-5.34893685805942,0
b2AR-decoy_1236,Cc1ccc(c2cc(c3ccc4c(c3)CN(C(C)C)C4=O)on2)cn1,-5.346169863553985,0
b2AR-decoy_2369,CNC(=O)c1cnc(N)c2cc(c3ccc(OC(F)(F)F)cc3)sc12,-5.34552382756406,0
b2AR-decoy_909,Cc1[nH]c(C)c(c2ccc(Oc3ccc(Cl)cc3)cc2)c(=O)c1C,-5.34447236866888,0
b2AR-decoy_11,COc1ccc2[nH]cc(/C(C#N)=C/c3cccc4cnccc34)c2c1,-5.34033003835678,0
b2AR-decoy_1288,COc1cc(OC)cc(/C(C#N)=C/c2c(C)cc(C)cc2C)c1,-5.339200852168,0
b2AR-decoy_2697,C/C=C/[C@H]1[C@H](C(=O)c2c(O)c(c3ccc(OC(=O)C4CC4)cc3)c[nH]c2=O)C=C(C)[C@H]2CC[C@H](C)C[C@@H]21,-5.33657790027344,0
ASD03130026,Nc1nc(Nc2ccccc2)nc2ccc(I)cc12,-5.33607211096347,1
b2AR-decoy_2266,Cc1nc(C)c(c2ccc(Oc3ccc(Cl)cc3)c(Cl)c2)c(O)c1Br,-5.334589022667825,0
b2AR-decoy_1114,CCCO/C(O)=C1\C(C)=NC2=C(C(=O)CC(C)(C)C2)C1c1ccc(N(C)C)cc1,-5.33379074356507,0
b2AR-decoy_3049,O=S1(=O)[C@@H](c2ccccc2)c2c(c(c3ccccc3)sc2c2ccccc2)[C@H]1c1ccccc1,-5.3334374848031,0
b2AR-decoy_1342,Cc1ccccc1/N=C/C=C1/C=C(c2ccccc2)OC(C)(C)O1,-5.331862639013451,0
b2AR-decoy_2072,COc1ccc2c(c1O)CCCC(C)=C2c1cc(OC)c(OC)c(OC)c1,-5.32969203672616,0
b2AR-decoy_1947,C/C(=N\Nc1nc(Cl)c(Cl)cc1Cl)c1ccc(S(=O)(=O)NCc2ccco2)cc1,-5.32886418107233,0
b2AR-decoy_2261,CC1(C)Oc2cc(C3(CCCCC#N)CCCC3)cc(O)c2[C@@H]2CC(=O)CC[C@H]21,-5.3286246868356,0
b2AR-decoy_3036,CC(C)=CCC/C(C)=C/CO/N=C1/C[C@@H](O)[C@@H](O)[C@@H]2[C@@H]3C(=O)N(C(C)(C)C)C(=O)[C@H]3CC[C@@H]12,-5.32498202558694,0
b2AR-decoy_1036,COc1cc(OC)c2c(=O)cc(Oc3ccc(OC)c(OC)c3)oc2c1,-5.32440345386468,0
b2AR-decoy_2275,COc1cc(c2ccc3sc(c4ccsc4)c(C#CCO)c3c2)cc(OC)c1OC,-5.322777569465491,0
b2AR-decoy_938,Clc1ccc(/N=N/Nc2ccc(Cl)c(Cl)c2)cc1Cl,-5.3219371477,0
b2AR-decoy_1356,Cn1s/c(=N/c2ccc(c3ccccc3)cc2)nc1c1ccccc1,-5.32162378246305,0
b2AR-decoy_2937,CCOc1cc2c(cc1OCC)C(CC)C(C)=NN=C2c1ccc(Cl)cc1,-5.32110930196046,0
b2AR-decoy_1844,CCOc1ccc(N2CC(Oc3ccc([C@H](C)NC(=O)c4cnc(NC(C)=O)s4)cc3)C2)cc1,-5.31905857757958,0
b2AR-decoy_2497,C=CCSc1nnc(c2ccco2)n1c1ccc(OCc2ccccc2)cc1,-5.31214866621817,0
b2AR-decoy_1035,CCn1nnc(c2cc(C)c(OCCCc3cc(C)no3)c(C)c2)n1,-5.31142642321666,0
b2AR-decoy_228,CC(C)CC1(C)OC(c2ccnc(NCC3CCCO3)n2)=C(c2cccc(NS(=O)(=O)c3c(F)cccc3F)c2F)C1=O,-5.306900968875072,0
b2AR-decoy_1414,OC(O)C(Cl)(Cl)Cl,-5.30218058292296,0
b2AR-decoy_3061,COc1ccc(c2cc(Oc3c(F)c(F)c(F)c(F)c3F)nnc2c2ccc(OC)cc2)cc1,-5.30210163905822,0
b2AR-decoy_1401,CC(C)(C)OC(=O)n1cc(N)cn1,-5.29933535725754,0
b2AR-decoy_2960,Clc1ccccc1c1ocnc1c1cc2c(s1)-c1ncccc1OCC2,-5.29845220408955,0
b2AR-decoy_2595,CC(C)C(=O)CC[C@@H](C)[C@H]1CC[C@@]2(C)[C@@H]3CC[C@H]4C(C)(C)C(=O)CC[C@@]45C[C@@]35CC[C@]12C,-5.29694979549524,0
b2AR-decoy_1431,Cc1nc(N)sc1Br,-5.2936563412388,0
b2AR-decoy_342,CC(C)c1ccc(/C=C(\C#N)c2nc(c3ccc(O)cc3)cs2)cc1,-5.29224099035402,0
b2AR-decoy_1465,NNC(=O)c1cccs1,-5.29167412215554,0
b2AR-decoy_1330,O=C1OC(/C=C/c2ccccc2)=N/C1=C/C=C/c1ccccc1,-5.28987624189604,0
b2AR-decoy_1223,CC(C)(C)C(=O)Nc1ncc(SCc2ncc(C(C)(C)C)o2)s1,-5.28876874714014,0
b2AR-decoy_3152,CCOP(=O)(OCC)C(Cc1ccc(F)cc1)c1sc2ccccc2c1C,-5.2875400841556,0
b2AR-decoy_1827,OCCOCn1cnc2c(O)n3c(C(c4ccccc4)(c4ccccc4)c4ccccc4)cnc3nc21,-5.28715897927504,0
b2AR-decoy_3066,CC(C)=CCC1=C2OCC[C@@]23C[C@H](CC=C(C)C)C(C)(C)[C@@](C(=O)c2ccccc2)(C1=O)C3=O,-5.28524320908406,0
b2AR-decoy_2476,CN(Cc1ccc(CN(C)c2ccc(F)cc2)cc1)c1ccc(F)cc1,-5.284566475438076,0
b2AR-decoy_762,C=CCc1ccc(O)c(c2cc(CC=C)c3oncc3c2)c1,-5.28217196434327,0
b2AR-decoy_1139,CCCCc1oc2ccccc2c1C(=O)c1ccc(c2ccc(O)cc2)cc1,-5.280956332455768,0
b2AR-decoy_2292,Cc1ccc(Cl)c(Nc2ccccc2/C=C2\SC(=S)N(C)C2=O)c1Cl,-5.279767566003831,0
b2AR-decoy_2394,CC(C)(O)c1cc(c2ccc(S(N)(=O)=O)cc2)c(c2ccc(F)cc2)s1,-5.27846531625148,0
b2AR-decoy_2977,C[C@]12ON(P(=O)(c3ccccc3)c3ccccc3)[C@](C)(c3ccccc31)c1ccccc12,-5.277408062655721,0
b2AR-decoy_1164,COc1ccc(/C=C/c2cc(O)cc(/C=C/c3ccc(OC)c(O)c3)c2)cc1O,-5.27708604445049,0
b2AR-decoy_1409,CC(C)(Br)C(N)=O,-5.27579530167214,0
b2AR-decoy_773,Nc1ccc(c2ccc(CC3CCOC3)c(O)c2)c2ccccc12,-5.2722898293729,0
b2AR-decoy_2560,[N-]=[N+]=Nc1ccc(c2nc(c3ccncc3)c(c3cccc(I)c3)[nH]2)cc1,-5.27180320686861,0
b2AR-decoy_1271,CCc1nnc2n1N=C(c1ccc(c3cc(Cl)ccc3Cl)o1)CS2,-5.27169232787996,0
b2AR-decoy_2016,CC1(C)CC=C(c2cc(CCO)ccc2NC(=O)c2nc(C#N)c[nH]2)CC1,-5.269178958349771,0
b2AR-decoy_1353,N#C/C(=C/c1ccc(N2CCCCCC2)o1)c1ccc(Cl)cc1,-5.26648353288971,0
b2AR-decoy_415,NS(=O)(=O)c1cccc(c2ccc(c3ccc4c(c3)COC4=O)s2)c1,-5.26569474196776,0
b2AR-decoy_1373,CNc1c(/C=N/O)ccc(c2ccc(C)cc2)c1c1ccc(C)cc1,-5.26341965812295,0
b2AR-decoy_3071,CC(C)OC1=C[C@@]2(C)C(=CC1=O)C=C[C@@H]1[C@@H]2CC[C@@]2(C)[C@H]1C[C@@H]1O[C@]3(CC[C@@H](C)CO3)[C@@H](C)[C@@H]12,-5.25747581312475,0
b2AR-decoy_2245,CC1(C)Oc2cc(C3(CCCCBr)CCCC3)cc(O)c2[C@@H]2CC(=O)CC[C@H]21,-5.25649287967939,0
b2AR-decoy_815,Oc1ccccc1C1SC(c2ccccc2O)SC(c2ccccc2O)S1,-5.25490325432211,0
b2AR-decoy_436,CCSC1=C(c2ccc(O)cc2)C(=O)c2cc(O)ccc21,-5.254625603327761,0
b2AR-decoy_929,CCOc1nn(c2ccc(Cl)cc2)c(O)c1/C=N/c1ccc(Cl)cc1,-5.254540198058251,0
b2AR-decoy_1466,Brc1c[nH]c(c2ncc[nH]2)n1,-5.25441371990481,0
b2AR-decoy_2579,C/C=C(\CC[C@@H](C)[C@H]1CC[C@H]2[C@@H]3CC(=O)C4=CC(=O)CC[C@]4(C)[C@H]3CC[C@@]21C)C(C)C,-5.25132144988926,0
b2AR-decoy_835,Cc1nc(c2ccc(F)cc2)sc1CCNC(=O)c1ccc(C(C)(C)C)cc1,-5.25018005674294,0
b2AR-decoy_2784,CCCn1c(SCC)c2cc3cc4ccccc4cc3cc2c1c1nc(F)nc(F)n1,-5.24937667393659,0
b2AR-decoy_2843,CC(=O)OC1CC[C@@]2(C)C(=CC[C@@H]3[C@@H]2CC[C@@]2(C)[C@H]3CC[C@@H]2[C@H](C)CCCC(C)C)C1,-5.24828970503172,0
b2AR-decoy_2572,Clc1ccc(CC(Cn2ccnc2)c2ccc(Cl)cc2Cl)c(Cl)c1,-5.24824955705059,0
b2AR-decoy_1824,CCc1cc2c(COC(=O)CCNS(=O)(=O)c3cccc(C(F)(F)F)c3)cc(=O)oc2cc1O,-5.2398382837044,0
b2AR-decoy_294,CC[NH+](CC)CCOc1c(I)cc(C(=O)c2c(CCCCO)oc3ccccc23)cc1I,-5.23496214463471,0
b2AR-decoy_1775,CCOP(=O)(Cc1ccc(C(=O)Nc2cc(c3ccc(Cl)cc3)no2)cc1)OCC,-5.23335100982449,0
b2AR-decoy_2717,Nc1cccc(Cn2c(c3ccc(Oc4cnccn4)cc3)ccc2c2ccccc2Cl)n1,-5.23069717881537,0
b2AR-decoy_686,CCCC/C=C\C1(c2cc(O)c3c(c2)OC(C)(C)[C@@H]2CCC(=O)C[C@@H]32)CCC1,-5.22847402617345,0
b2AR-decoy_40,CC(C)c1ccccc1OCCn1c(=S)[nH]c2ccccc21,-5.22295977022395,0
b2AR-decoy_2277,O=C1CCCCCCCCCC/C(=N\OCc2c(F)cccc2Cl)CCN1,-5.22273462380446,0
b2AR-decoy_1256,CC(Oc1c(c2c(F)cc(F)cc2F)c(Cl)nc2ncnn12)C(F)(F)F,-5.22216125976321,0
b2AR-decoy_2753,C[C@H](CCC(=O)NC1CC1)[C@H]1CC[C@H]2[C@@H]3CC[C@@H]4C[C@@H](N=[N+]=[N-])CC[C@]4(C)[C@H]3CC[C@@]21C,-5.22202620230638,0
b2AR-decoy_1608,Cc1ccc(C(=O)NCCc2nnc3ccc(SCC(=O)Nc4c(C)cc(C)cc4C)nn23)cc1,-5.21484984867055,0
b2AR-decoy_1939,N#Cc1cc(S(=O)(=O)Nc2ccc(F)cn2)ccc1Oc1ccc(Cl)c(CO)c1,-5.21292842129034,0
b2AR-decoy_2748,CCCCCn1cc(C(=O)N[C@H]2C(C)(C)[C@H]3CC[C@]2(C)C3)c(=O)c2cc(Br)ccc21,-5.2117030164972,0
b2AR-decoy_1425,CC(C)C(O)C#CC(C)(C)O,-5.21167214545929,0
b2AR-decoy_2727,Cc1ccc(C(=O)O[C@H]2CC[C@@]3(C)C(=CC[C@H]4[C@@H]5CC/C(=N\O)[C@@]5(C)CC[C@@H]43)C2)cc1,-5.211113845506155,0
b2AR-decoy_332,C=C[C@@](C)(O)CC[C@H]1C(=C)C[C@H](OC(C)=O)[C@H]2C(C)(C)CCC[C@]12C,-5.20494696135647,0
b2AR-decoy_816,CC(C)(C)c1ccc(C(=O)NCCc2csc(c3ccc(Cl)cc3)n2)cc1,-5.19844967549741,0
b2AR-decoy_2722,O=C1CCCN1CCOc1ccc(C2Oc3cc(O)ccc3-c3sc4cc(O)ccc4c32)cc1,-5.198260014024201,0
b2AR-decoy_1905,CC(C)n1c(/C=C/C(=O)/C=C/c2nc3ccccc3n2C(C)C)nc2ccccc21,-5.19710520415258,0
b2AR-decoy_2293,CC(=O)/C=C/c1ccc(C2CC(C)=Nc3c(ccc4c3C(=O)c3ccccc3C4=O)N2)cc1,-5.19709828013592,0
b2AR-decoy_2961,CC[Si](CC)(CC)O[C@]1(C)CCC2=C(C)CC[C@H]3/C(=C/c4ccccc4F)C(=O)O[C@@H]3[C@H]21,-5.19233496283846,0
b2AR-decoy_1068,COc1ccc(/C=C/c2nsc(/C=C/c3ccc(OC)cc3)n2)cc1,-5.192083409707712,0
b2AR-decoy_1012,COc1c(O)cc2oc(c3cc(O)cc(O)c3)cc2c1CC=C(C)C,-5.19192362126203,0
b2AR-decoy_2678,Cc1cc(c2cnc(c3sc(C)c4c3C[C@@H]3[C@H]4C3(C)C)s2)cc(C)c1OCC(O)CO,-5.18776472320488,0
b2AR-decoy_3179,Cc1ccc(OP2(=S)OCc3cc(C(C)C)ccc3O2)c(C(C)C)c1,-5.187639564000591,0
b2AR-decoy_2750,O=S(=O)(Nc1nccs1)c1ccc(Oc2ccc(c3ccccc3)cc2)cc1F,-5.185552300255385,0
b2AR-decoy_2914,CC1CC(=O)C2=C(C1)OC1=C(C(=O)CC(C)(C)C1)C2c1cc2ccccc2n1Cc1ccccc1,-5.18386972994336,0
b2AR-decoy_199,CCNC(=O)Nc1ccc(CCCCc2nnc(NC(=O)Cc3cccc(CNC(=O)OC(C)(C)C)c3)s2)nn1,-5.18226968701692,0
b2AR-decoy_1398,N#Cc1nc(c2cnccn2)oc1N,-5.18168442080628,0
b2AR-decoy_1778,O=S(=O)(c1ccccc1)N(CC(O)Cn1c2ccccc2c2ccccc21)c1ccccc1,-5.181607830241951,0
b2AR-decoy_1650,CCCCCCN1C(=O)/C(=N\NC(=O)c2cc3ccccc3s2)c2ccccc21,-5.18139573363064,0
b2AR-decoy_1137,O=C(NC(=O)c1c(F)cccc1F)OCc1ccc(c2cccc(Cl)c2)o1,-5.17804220334787,0
b2AR-decoy_1059,Cc1cc(CCCCCOc2ccc(C3=NCCO3)cc2C=O)on1,-5.176157492834776,0
b2AR-decoy_532,C[C@H]1CCc2cc(F)ccc2N1C(=O)c1ccc(O)cc1O,-5.17152687584792,0
b2AR-decoy_2737,N#Cc1c(C(F)(F)F)cc(c2ccccc2)c2c3n(nc12)C(c1ccccc1)CCN3,-5.169891471969661,0
b2AR-decoy_705,CCC1(CC)Oc2cc(OC)ccc2[C@@H](c2ccc(O)cc2)[C@H]1c1ccccc1,-5.16871031840546,0
b2AR-decoy_1721,C/C=C1\[C@H]2C=C(C)C[C@]1(/N=C/c1ccc(OC)cc1OC)c1ccc(=O)[nH]c1C2,-5.16747364299302,0
b2AR-decoy_972,COc1cc(/C=N/c2cc(C)c(O)cc2C(C)C)cc(OC)c1OC,-5.16654770380668,0
b2AR-decoy_540,CCOC(=O)c1c(N)sc2c(OC)c(Br)ccc12,-5.16565899141716,0
b2AR-decoy_2185,COc1cc2c(c(OC)c1CC=C(C)C)C=C(c1ccc(C)cc1O)CO2,-5.16324701928685,0
ASD03130042,CCOCCCNc1nc(NC2CCCCC2)c2ccccc2n1,-5.16178108283209,1
b2AR-decoy_1253,CC1=CSC(OCC(C)C)(c2ccc(Br)cc2)c2noc(=O)n21,-5.16133665209693,0
b2AR-decoy_1624,CCOP(=O)(OCC)O/C(=C\Cl)c1ccc(Cl)cc1Cl,-5.16110212130386,0
b2AR-decoy_621,Cc1cc(C)c(S(=O)(=O)Nc2ccccc2c2ccccc2)c(C)c1,-5.1573699288693,0
b2AR-decoy_957,Cc1ccc(c2nnc(Nc3cccc(Br)c3)s2)c(C)c1,-5.15695398438758,0
b2AR-decoy_1443,Oc1nnc(O)c(Cl)c1Cl,-5.15684798173373,0
b2AR-decoy_3144,COc1cc2c(cc1OCc1ccncc1)-c1n[nH]c(c3ccc(c4ccc(O)cc4)cc3)c1C2,-5.15683309110343,0
b2AR-decoy_2689,Cc1cc(C)c(S(=O)(=O)N[C@@H](C)CNc2cccc3c2cnn3c2cccc(C)c2)c(C)c1,-5.155578302692735,0
b2AR-decoy_2080,C=Cc1cc(OCC(C)C)ccc1Oc1ncc(C#CC(C)NC(C)=O)s1,-5.15163344740728,0
b2AR-decoy_1766,CCc1c(Sc2cc(C)cc(C)c2)n(C/C=C/c2ccco2)c(=O)[nH]c1=O,-5.14797687938428,0
b2AR-decoy_62,O=P(Oc1ccccc1)(Oc1ccccc1)[C@@]1(O)c2ccccc2C[C@@H]1Cl,-5.14778503544722,0
b2AR-decoy_155,COc1ccc(S(=O)(=O)N(Cc2ccc3c(c2)OCO3)[C@H](CCCNC(=O)NCc2cccc(C)c2)C(=O)NO)cc1,-5.14661066344675,0
b2AR-decoy_1313,CC/C=C\C[C@H]1C(=O)C=C[C@H]1CC(=O)OC1CCCCC1,-5.14419391786435,0
b2AR-decoy_1934,CC(=O)O[C@@H]1[C@@H](O)[C@@H]2O[C@@H]([C@H](C)CCC[C@H](C)[C@@H]3CC=C(C)[C@H]4CCC(C)=C[C@H]43)OC[C@@H](O2)[C@H]1O,-5.14413740964362,0
b2AR-decoy_2799,CC1=N[C@H](CC(C)C)C(=O)N(Cc2ccc(C(C)(C)C)cc2)c2cc(C(=O)OC(C)(C)C)ccc21,-5.14384171648994,0
b2AR-decoy_1883,O=C1CC(c2ccccc2)c2c(ccc3cc(c4ccc5ccccc5c4)ccc23)O1,-5.14271305360422,0
b2AR-decoy_2778,CCOC(=O)[C@]1(C)CCC[C@]2(C)[C@@H]1CC[C@@]13C/C(=N\OCc4c(C)noc4C)[C@@](C)(CC[C@@H]21)C3,-5.14248592655647,0
b2AR-decoy_2979,COc1cc2c(cc1[C@@H]1CC(=O)c3c(O)c(C)c4c(c3O1)C=CC(C)(C)O4)C=CC(C)(C)O2,-5.14155090574484,0
b2AR-decoy_1635,CCCCn1c(=O)c2c(c3cc(C(=O)N(CC)C4CC4)ccc31)CCCCC2,-5.1353841065928,0
b2AR-decoy_3157,CC1=C(C/C=C(\C)CC/C=C(\C)Cc2cccc3ccccc23)C(=O)c2ccccc2C1=O,-5.13529269223555,0
b2AR-decoy_2354,CC(C)Nc1sc(C(=O)c2ccc(Br)s2)c(N)c1C#N,-5.13391816415686,0
b2AR-decoy_2400,CCc1nccc(c2ccc(C(=O)NC)c(Cl)c2)c1C#Cc1ccc(N)nc1C,-5.12929174861277,0
b2AR-decoy_2903,CC(=O)c1ccc(c2cc(c3ccc([N+](=O)[O-])c4cccnc43)c(c3ccc(C(C)=O)cc3)o2)cc1,-5.12137771771835,0
b2AR-decoy_2220,C=C(C)[C@H](O)CC[C@](C)(O)[C@H]1CC[C@]2(C)[C@@H]1CC[C@@H]1[C@@]3(C)CC[C@H](O)C(C)(C)[C@@H]3CC[C@]12C,-5.12006642888669,0
b2AR-decoy_2216,CC(C)[C@@H](C)[C@H](C)C[C@@](C)(O)C1=CC[C@H]2[C@@H]3CC=C4C[C@@H](O)CC[C@]4(C)[C@H]3[C@H](O)C[C@]12C,-5.11711354483254,0
b2AR-decoy_2933,Cc1ccc(OC(=O)c2ccc(C(C)(C)C)cc2)c(NC(=O)c2ccc(C(C)(C)C)cc2)c1,-5.114541741423631,0
b2AR-decoy_2759,O=C(OCc1ccccc1)/C(=C/c1ccc(Cl)cc1)NC(=O)c1ccccc1Cl,-5.11162633077029,0
b2AR-decoy_919,CC(C)(C)OC(=O)Nc1ccc(c2cc(c3ccccc3)no2)cc1,-5.10982089997732,0
b2AR-decoy_3121,CC(C)C[C@H](c1c(O)c(C=O)c(O)c(C=O)c1O)[C@@H]1CC[C@@](C)(O)[C@@H]2[C@@H]3[C@H](CC[C@@]12C)C3(C)C,-5.10773788725143,0
b2AR-decoy_1004,COc1cccc(/C=C/c2n[nH]c3cc(c4ccncc4)ccc23)c1,-5.10672033066625,0
b2AR-decoy_3168,COc1ccc(OCc2nc(c3ccc4c(c3)C(C)(C)CCC4(C)C)cs2)cc1,-5.10591631921197,0
b2AR-decoy_1631,CC(C)[Si](Oc1ncc(B2OC(C)(C)C(C)(C)O2)o1)(C(C)C)C(C)C,-5.10581930818698,0
b2AR-decoy_2458,O=C1CC(c2ccccc2)c2c(ccc3cc(c4ccc(c5ccccc5)cc4)ccc23)O1,-5.10451593221216,0
b2AR-decoy_2992,Nc1cnc(c2ccc(c3ccccc3S(=O)(=O)NC[C@H](O)c3ccccc3)cc2F)cn1,-5.09670753683867,0
b2AR-decoy_2096,COc1c(O)cc2c(c1O)-c1c(cc(O)c(OC)c1OC)C[C@@H](C)[C@@H](C)C2,-5.09595617722695,0
b2AR-decoy_1304,CCN(CC)C(=O)CC12CCCCC1=Nc1ccccc12,-5.09493520068157,0
b2AR-decoy_1009,Cc1cc(Cl)ccc1Oc1coc(/C=C/c2ccc[nH]2)cc1=O,-5.09349493516852,0
b2AR-decoy_2956,Cn1c2ccccc2c2cc(/C=C3\SC(=S)N(c4ccccc4)C3=O)ccc21,-5.09276257822114,0
b2AR-decoy_2832,O=c1oc2ccccc2c2c1C1CC(c3ccc(c4ccccc4)cc3)(Oc3ccccc31)O2,-5.092155461787991,0
b2AR-decoy_2360,NS(=O)(=O)c1ccc(n2nc(C(F)(F)F)cc2c2ccc(CO)cc2)cc1,-5.08976052708779,0
b2AR-decoy_2923,Cc1cccc(Oc2nc3ccccn3c(=O)c2/C=C(\C#N)c2nc3ccccc3s2)c1C,-5.088023963718821,0
b2AR-decoy_812,CCCCCc1cc(NC(N)=O)c2c(c1)OC(C)(C)[C@@H]1CCC(C)=C[C@@H]21,-5.086899346550071,0
b2AR-decoy_3124,CC(=O)O[C@H]1C[C@@H]2C[C@H](OC(C)=O)CC[C@]2(C)[C@H]2CC[C@@]3(C)[C@@H](CC[C@@H]3[C@H](C)CCC(N)=O)[C@H]12,-5.07889349368481,0
b2AR-decoy_226,CCC(=O)O[C@H]1C[C@@H]2C(=CC[C@H]3[C@]4(C)C[C@@H](O)[C@H]([C@@](C)(O)C(=O)CCC(C)(C)OC(C)=O)[C@@]4(C)CC(=O)[C@]32C)C(C)(C)[C@@H]1OC(=O)CC,-5.07770573549172,0
b2AR-decoy_1597,CC(C(=O)NCc1cc(C(C)(C)C)nn1c1ccccn1)c1ccc(CNS(C)(=O)=O)c(F)c1,-5.077063186478265,0
b2AR-decoy_2758,Cn1nc(C(C)(C)C)cc1c1nc2cc(c3ccccc3C(F)(F)F)nc(Cl)c2[nH]1,-5.07440860655926,0
b2AR-decoy_2887,O=C1c2ccccc2C(=O)N1CCCCN(C(=O)c1ccc(Cl)s1)c1ccc(Cl)cc1,-5.07410615080908,0
b2AR-decoy_22,Cn1nc(c2ccccc2)c(C(O)c2ccccc2C(F)(F)F)c1Cl,-5.074094275560796,0
b2AR-decoy_2364,CCC(=O)c1cc(c2ccc(F)cc2)c(c2ccc(S(N)(=O)=O)cc2)[nH]1,-5.068791267321815,0
b2AR-decoy_3054,C=C(C)[C@@H]1CC[C@]2(C(=O)OC)CC[C@]3(C)[C@H](CC[C@@H]4[C@@]5(C)CCC(=O)C(C)(C)[C@@H]5CC[C@]43C)[C@@H]12,-5.06542025863477,0
b2AR-decoy_2870,CCn1c2ccccc2c2cc(/C=C/C(=O)c3ccc(I)cc3)ccc21,-5.06341820546752,0
b2AR-decoy_914,O=[N+]([O-])c1ccc(/C=C/c2ccc3c(Cl)cc(Cl)c(O)c3n2)cc1,-5.06128035853286,0
b2AR-decoy_680,Cc1cc(C)cc(NC(=O)c2cnc(c3ccc(OC(F)(F)F)cc3)o2)c1,-5.05939054245785,0
b2AR-decoy_1731,CCCOc1ccc(Oc2ncc(C#CC(C)NC(C)=O)s2)c(Cl)c1,-5.05790859407105,0
b2AR-decoy_93,C[C@H](C(O)CCC(C)(C)O)[C@H]1CC[C@H]2[C@@H]3CC=C4C[C@@H](O)CC[C@]4(C)[C@H]3CC[C@@]21C,-5.050685615016615,0
b2AR-decoy_2356,NC(=O)c1ccccc1NC(=O)CC12CC3CC(CC(Br)(C3)C1)C2,-5.05059863428274,0
b2AR-decoy_1561,CCc1cc(c2noc(c3cc(C)nc(N(CC)CC)c3)n2)cc(C)c1OC[C@@H](O)CO,-5.0485425616474,0
b2AR-decoy_2284,C=C1CC[C@@H]2C(C)(C)CCC[C@@]2(C)[C@@H]1CC/C(C)=C/C(=O)Nc1ccc(C#N)cc1,-5.044329062587705,0
b2AR-decoy_533,C=Cc1c(C)c(O)cc2c1-c1ccc(OC)c(CO)c1CC2,-5.04109384099504,0
b2AR-decoy_3146,C[Si](C)(C)CCOCS(=O)(=O)c1ccccc1c1ccc(c2cnc(N)nc2)c(F)c1,-5.039987708103071,0
ASD03130057,COCCOc1cccc(Nc2nc(NC3CCC(F)(F)CC3)c3ccccc3n2)c1,-5.0393249990401,1
b2AR-decoy_2889,Cc1ccc(Nc2ccc(Nc3ccc(C)cc3)c3c2C(=O)c2cccc(O)c2C3=O)cc1,-5.03699304661256,0
b2AR-decoy_2188,COc1cc(c2ccc3c(c2)NC(=O)/C3=C\c2c[nH]c3ccccc23)ccc1O,-5.035427838359225,0
b2AR-decoy_1387,COc1ccc(c2ccc(c3ccc4c(c3)COC4=O)s2)cc1,-5.034936653954452,0
b2AR-decoy_2803,CN(C)c1ccc(/C=C/c2ccc(c3nc4ccc(OCCCF)cc4o3)cc2)cc1,-5.03474755608656,0
b2AR-decoy_181,CCCn1c(=O)c2nc(c3ccc(OCC(=O)NCCNC(=O)CCc4ccc(N)c(I)c4)cc3)[nH]c2n(CCC)c1=O,-5.0322397952513,0
b2AR-decoy_2596,CS(=O)(=O)c1ccc(C2=C(c3ccc(Cl)cc3Cl)CC3(CC3)C2)cc1,-5.02933822036427,0
b2AR-decoy_1045,CC/C=C/[C@H](CC)C[C@]1(C)C=C(CC)/C(=C/C(=O)OC)O1,-5.02467272605539,0
b2AR-decoy_3176,Cc1ccc(COc2ccc(/C=C/C(=O)/C=C/c3cccc(Cl)c3Cl)cc2)cc1,-5.02201081019827,0
b2AR-decoy_778,CC(=O)c1ccc(N/C=C/C(=O)c2ccc(Br)cc2)cc1,-5.02006667078277,0
b2AR-decoy_2695,Cc1ccc(C(=O)N/C(=C\c2ccc(c3cc(Cl)ccc3Cl)o2)C(=O)NCc2cccnc2)cc1,-5.018861037229306,0
b2AR-decoy_1628,C=CCCC(C)N(C(=O)OC(C)(C)C)S(=O)(=O)c1ccc(C)cc1,-5.01874343495915,0
b2AR-decoy_1769,CC(C)Cn1cc(c2cc(C(N)=O)c3c(c2)C(O)(C(F)(F)F)c2ccccc2-3)cn1,-5.01791227811705,0
b2AR-decoy_2485,CC1=C(C/C=C(\C)CC/C=C(\C)Cc2cccc(C)c2)C(=O)c2ccccc2C1=O,-5.01523061489421,0
b2AR-decoy_780,CCc1c(C)[nH]c(=O)c(Br)c1Oc1cc(C)cc(C)c1,-5.01206644837979,0
b2AR-decoy_2946,COc1cc(c2coc3cc4c(c(OC)c3c2=O)C=CC(C)(C)O4)ccc1OCC=C(C)C,-5.01084930529118,0
b2AR-decoy_1120,Cc1ccccc1NC(=O)CSc1nc2c(c(c3ccco3)c1C#N)CCCC2,-5.00495570223647,0
b2AR-decoy_3200,CCN(CC)[c+]1sc2c(s1)C(c1ccc(Cl)cc1)Oc1ccc(Cl)cc1-2,-5.00264995594752,0
b2AR-decoy_1094,Cc1ccccc1C(=O)Nc1ccc(C(=O)N2Cc3cccn3-c3ccccc32)cc1,-5.00103799333144,0
b2AR-decoy_281,COc1ccc(S(=O)(=O)N(C)C[C@@H]2Oc3ccc(NS(=O)(=O)c4ccc(Cl)cc4)cc3CC(=O)N([C@@H](C)CO)C[C@H]2C)cc1,-4.99854171704083,0
b2AR-decoy_1057,COc1ccc(/C=C\c2cc(OC)c(OC)c(OC)c2)s1,-4.98963268125,0
b2AR-decoy_1592,COc1ccc2c(c1)c(CC(=O)N[C@H](CO)CC(C)C)c(C)n2C(=O)c1ccc(Cl)cc1,-4.983625082632651,0
b2AR-decoy_1920,COc1cc(/C=C/c2ccc(O[Si](C)(C)C(C)(C)C)cc2)cc(OC)c1,-4.98350818514274,0
b2AR-decoy_3108,CC(C)CC(O)(CC(C)C)[C@@H]1C=CC=C(CO)C2=C3[C@H]1CCCC[C@@]31OC(C)(C)O[C@@H]21,-4.98110112616991,0
b2AR-decoy_21,Cc1ccc(C(=O)Nc2nnc(c3ccc(C(C)(C)C)cc3)s2)cc1,-4.98006264683141,0
b2AR-decoy_3026,O=C1COc2ccc(S(=O)(=O)NCCCN3c4ccccc4CCc4ccccc43)cc2N1,-4.97996157357572,0
b2AR-decoy_2514,Cc1cccc(c2ccc(F)c(F)c2)c1Oc1ccc(S(=O)(=O)Nc2ncns2)cc1C#N,-4.97981153994742,0
b2AR-decoy_2580,Clc1ccc(C(COc2ccc(Br)cc2)Cn2ccnc2)c(Cl)c1,-4.97936953382186,0
b2AR-decoy_1971,COc1ccc(/C=C(\NC(=O)c2ccccc2)C(=O)N/N=C/c2sccc2C)cc1,-4.978864855194471,0
b2AR-decoy_1828,CC(C)C[C@H](CO)Nc1nc(SCc2ccc(Br)cc2F)nc2nc(N)sc12,-4.978259392074125,0
b2AR-decoy_3103,CCNC(=O)c1ccccc1CC[C@]1(O)CCC2=Cc3c(cnn3c3ccc(F)cc3)C[C@@]21C,-4.977658284330235,0
b2AR-decoy_334,CCOC(=O)C1=C(C)Nc2ccccc2SC1c1ccc(F)cc1,-4.97677304651344,0
b2AR-decoy_3106,COc1cc(C(=O)c2cn(c3ccc(F)cc3)cc2c2ccc(N)cc2)cc(OC)c1OC,-4.973154849101,0
b2AR-decoy_14,COc1ccc(/N=C\c2oc3ccc4ccccc4c3c2O)cc1,-4.968362453604545,0
b2AR-decoy_356,COc1cc(/C=C2\CC/C(=C\c3ccc4ccccc4c3)C2=O)ccc1O,-4.96476388427858,0
b2AR-decoy_2949,COc1ccc(C(=C(I)c2ccccc2)c2ccc(OC)cc2)cc1,-4.9647160257347,0
b2AR-decoy_1475,N#CC(C(N)=O)=C1CCCCC1,-4.9586059814114,0
b2AR-decoy_1038,CO/C=C(/C(=O)OC)c1ccccc1/C=C/C=C/c1ccc(C)cc1C,-4.95768585655621,0
b2AR-decoy_2601,Cc1ccc(/N=C2/c3ccccc3/C(=N/c3ccc(C)cc3)c3occc32)cc1,-4.95305969482448,0
b2AR-decoy_1088,CC(=O)c1ccc(c2cc(c3cnn(CC#N)c3c3cc(C)cc(O)c3)ccn2)cc1,-4.9503349879158165,0
b2AR-decoy_2499,CCc1nnc(SCc2ccc(F)cc2Cl)c2cc3sc(C)cc3n12,-4.94990174857646,0
b2AR-decoy_945,O=[N+]([O-])c1cccc(/C=C/c2ccc3c(Cl)cc(Cl)c(O)c3n2)c1,-4.94990098680952,0
b2AR-decoy_2475,CCOP1(=O)OC(c2ccc(CC)cc2)=Cc2ccc(Cl)cc21,-4.94820483610076,0
b2AR-decoy_1921,CCCCCC[C@@H]1CC2C(CCC3(C)C(=O)CCC23)C2(C)C=CC(=O)C=C12,-4.94644468976074,0
b2AR-decoy_1959,COCC(C)(C)NC(=O)c1c(NC(=O)c2ccccc2OC(F)(F)F)sc2c1CCOC2,-4.94239860659921,0
b2AR-decoy_606,CCNC(=O)OC1=C(c2ccc(C)cc2)Oc2ccccc2-n2cccc21,-4.94226914659211,0
b2AR-decoy_2128,COc1ccc(c2ccn(c3ccc(O)nc3)c2c2ccc(C(N)=O)cc2C)cc1,-4.942188199618201,0
b2AR-decoy_1725,O=C(CC12CC3CC(C1)CC(C1CCCC1)(C3)C2)N/N=C/c1ccc([N+](=O)[O-])o1,-4.938110873200931,0
b2AR-decoy_3199,CC(C)=CCC/C(C)=C/CC/C(C)=C/CC1=C(C)C(=O)c2ccccc2C1=O,-4.93450337053911,0
b2AR-decoy_1031,CN(C)c1ccc(/C=C/c2ccc(OCC3COC(C)(C)OC3)cc2)cc1,-4.93402927669552,0
b2AR-decoy_3073,Clc1ccc(CO/N=C/c2c(c3ccc(c4ccccc4)cc3)nc3sccn23)cc1Cl,-4.93182880208009,0
b2AR-decoy_1351,COc1nc2ccccc2cc1/C=C/c1noc(c2cccc(C)c2)n1,-4.93027881697338,0
b2AR-decoy_81,CC(C)CCC[C@@H](C)[C@H]1CC[C@H]2[C@@]34C=C[C@]5(C[C@@H](O)CC[C@]5(C)[C@H]3CC[C@]12C)OO4,-4.930125676196045,0
b2AR-decoy_2666,Fc1cccc(Cl)c1CSc1nnc(c2ccco2)n1c1ccc(OCc2ccccc2)cc1,-4.930037175005805,0
b2AR-decoy_2644,O=C(ON(C(=O)c1ccccc1)c1ccc(C(=O)c2ccccc2)cc1)c1ccc(Cl)cc1,-4.92917581005382,0
b2AR-decoy_1436,CC#CC#Cc1ccc(C#CC(O)CO)s1,-4.92913994800396,0
b2AR-decoy_90,COc1cc(OC)c(c2ccc(O)c3c(OC)cc(C)cc32)c2c1C(C)=N[C@@H](C)C2,-4.92891941325696,0
b2AR-decoy_3193,O=C(Oc1ccc(Br)cc1C(=O)c1ccc(Cl)cc1)c1ccc(Cl)cc1,-4.92812778527921,0
b2AR-decoy_398,COC(=O)c1ccccc1Cc1ccc2c(c1O)C(=O)c1c(O)cccc1C2,-4.92679674828704,0
b2AR-decoy_3167,CCOC(=O)/C(C)=C/C[C@]1(C)CC[C@@]2(O1)C(C)=CC[C@H]1C(C)(C)CCC[C@@]12C,-4.92651049290732,0
b2AR-decoy_2842,CO/C=C(/C(=O)OC)c1ccccc1/C=C/c1ccc(c2ccccc2C(F)(F)F)o1,-4.926165016822447,0
b2AR-decoy_599,CC(=O)c1c(C)[nH]c(C(=O)CSc2c(C)c(C)cc(C)c2C)c1C,-4.92438668839896,0
b2AR-decoy_1519,C=CCOc1cc(OC)c(C(=O)/C=C/c2ccc(F)cc2)c(OCC=C)c1,-4.91806970712838,0
b2AR-decoy_563,CC(C)(C)c1cccc(n2cc(C(=O)c3ccccc3N)nn2)c1,-4.917776416952041,0
b2AR-decoy_1052,CCCCOP(=O)(OCCCC)Oc1ccc(C)cc1,-4.91299530321725,0
b2AR-decoy_1445,Nc1nccnc1Br,-4.91254264770731,0
b2AR-decoy_2806,COC(=O)/C=C/c1cccc(N(Cc2ccc(/C=C/c3cccc(F)c3)cc2)C(=O)C(C)C)c1,-4.90988146211014,0
b2AR-decoy_2288,Cc1ccoc1C(=O)Nc1ccc(N2Cc3cccc(Cl)c3C2=O)c(Cl)c1Cl,-4.907402472162041,0
b2AR-decoy_3070,CCC(=O)Oc1ccc(/C=C2\CCC/C(=C\c3ccc(N4CCCCC4)cc3)C2=O)cc1OC,-4.90651586068871,0
b2AR-decoy_1452,NS(=O)(=O)c1cccs1,-4.90268721235863,0
b2AR-decoy_2787,N#Cc1cc(c2ccc(Cl)cc2)c(c2ccc(Cl)cc2Cl)nc1OCc1ccc(F)cc1,-4.90157912931946,0
b2AR-decoy_619,Oc1cc(/C=C/c2ccc(Br)cc2)cc(n2ccnc2)c1,-4.901410073742039,0
b2AR-decoy_950,Cc1[nH]c(C)c(c2ccc(Oc3ccc(F)cc3)cc2)c(=O)c1Cl,-4.898451581409931,0
b2AR-decoy_733,CC(C)(C)c1cc(C(=O)N/N=C/c2cc3ccccc3cc2O)cc(C(C)(C)C)c1O,-4.89811365364294,0
b2AR-decoy_78,O=c1c(c2ccc3ccccc3c2)c(c2ccccc2)c(c2ccccc2)nn1CCO,-4.89502795150238,0
b2AR-decoy_358,Oc1c(Cl)cc(Cl)cc1/C=N/c1ccccc1N1CCCC1,-4.89329892267882,0
b2AR-decoy_893,COc1cccc(c2sc3ccc(OC)cc3c2C#CC(C)(C)O)c1,-4.888462360297932,0
b2AR-decoy_3094,COc1cc(OC)c([C@@H]2COc3c(ccc4c3C=CC(C)(C)O4)C2)cc1/C=C/C(=O)c1ccco1,-4.88634194808872,0
b2AR-decoy_2467,O=C(/C(=C(\C1=Cc2ccccc2CC1)c1ccccc1)c1ccccc1)N1CCCC1,-4.88515099353909,0
b2AR-decoy_2957,C=CCn1/c(=N/N=C/C=C/c2cccs2)scc1c1ccc(Cl)cc1,-4.88475185742744,0
b2AR-decoy_1384,C=CCC(C)(C)c1nnc2ccc(Sc3ccc(F)cc3F)cn12,-4.876424854709275,0
b2AR-decoy_2585,CC1(C)C=Cc2c(c3c(cc2c2cc4ccccc4s2)oc(=O)cc3c2ccccc2)O1,-4.86285119937794,0
b2AR-decoy_453,Cc1cccc(Cl)c1NNC(=O)c1ccc(C(C)(C)C)cc1,-4.862437608179935,0
b2AR-decoy_2196,C=C1CC/C=C(\C)CCC2=C(C)C(=O)O[C@H]2/C=C(\C)CC[C@@H]1OC(=O)NCCCCC,-4.86191509655343,0
b2AR-decoy_3096,Cc1cccc(NC(=O)c2c(C)cc(C)nc2SCC(=O)Nc2c(C)cc(C)cc2C)c1,-4.86010007819802,0
b2AR-decoy_1070,Cn1cc(C(c2ccc(O)c(O)c2O)c2cn(C)c3ccccc23)c2ccccc21,-4.857984473069865,0
b2AR-decoy_1546,COc1ccc(/C=C/C(=O)c2ccc(OC(=O)c3cccs3)cc2)cc1,-4.85274195515211,0
b2AR-decoy_2824,N#Cc1c(C(F)(F)F)cc(c2ccc(Oc3ccccc3)cc2)n(Cc2ccc(F)cc2F)c1=O,-4.847536388042861,0
b2AR-decoy_1641,CCN(CC)P(=O)(Oc1occc1Cc1c(C)cccc1Cl)N(CC)CC,-4.84269172411659,0
b2AR-decoy_640,Oc1ccc(/C=C/c2ccc(/C=C/c3cc(O)cc(O)c3)cc2)cc1,-4.84220547476999,0
b2AR-decoy_1438,C[Si]1(C)N[Si](C)(C)N[Si](C)(C)N1,-4.84185989887233,0
b2AR-decoy_2620,CCOC(=O)[C@]1(C)CCC[C@]2(C)[C@@H]1CC[C@@]13C/C(=N\OCc4cc(C)nn4C)[C@@](C)(CC[C@@H]21)C3,-4.84110494925942,0
b2AR-decoy_27,N#Cc1ccc(C(=O)/C=C/c2c[nH]c3ccc(Br)cc23)cc1,-4.839077885672341,0
b2AR-decoy_2738,CC1=CC[C@@H]2[C@@H](C1)c1c(O)cc(C3(C(=O)OCCCCC#N)CCC3)cc1OC2(C)C,-4.835374067068715,0
b2AR-decoy_2606,Cc1coc2c1C(=O)C(=O)c1c-2ccc2c1C(OC(=O)c1ccc(F)cc1)CCC2(C)C,-4.83517311711014,0
b2AR-decoy_2591,O=C(Oc1ccc(c2ccccc2)cc1)N1c2ccccc2Sc2ccccc21,-4.83299832586441,0
b2AR-decoy_995,CCc1c(C)[nH]c(=O)c(c2ccsc2)c1Oc1cc(C)cc(C)c1,-4.82798804739386,0
b2AR-decoy_920,COc1cccc(SC/C(=N\O)c2cc(Cl)sc2Cl)c1C,-4.82354110703991,0
b2AR-decoy_1770,CCOP(=O)(OCC)C(Nc1ccc([N+](=O)[O-])cc1)c1ccc(Cl)cc1,-4.82243652720728,0
b2AR-decoy_2826,O=C1C(=O)N(Cc2ccc(c3ccccc3)cc2)c2ccc(OCc3ccc(Cl)cc3)cc21,-4.822226384979805,0
b2AR-decoy_2051,CC1=C(C(=O)OC(C)C)C(c2ccc(Cl)cc2)C(C(=O)OC(C)C)=C(C)N1,-4.8172039691615,0
b2AR-decoy_2966,O=c1c(Oc2ccc(OC(F)(F)F)cc2)c(Cl)cnn1Cc1cccc2ccccc12,-4.811928205206145,0
b2AR-decoy_1185,S=C(N/N=C(\c1ccccc1)c1ccccn1)SCc1ccccc1,-4.810365807312939,0
b2AR-decoy_1684,C#CCOC1=C/C(=N\c2ccc(OC)cc2)c2ccccc2C1=O,-4.80999231889116,0
b2AR-decoy_2706,CNC(=O)c1ccc2c(c1)C(=O)c1ccc(Nc3cc(C(=O)N(C)C(C)C)ccc3C)cc1CC2,-4.80901277257449,0
b2AR-decoy_703,Cc1[nH]c(C)c(c2ccc(Oc3cccc(C(F)(F)F)c3)cc2)c(=O)c1Cl,-4.80605770172557,0
b2AR-decoy_1581,CCOc1ccccc1NC(=O)c1ccc(F)c(S(=O)(=O)NCc2ccc3c(c2)OCO3)c1,-4.80373871753318,0
b2AR-decoy_2676,C=C1/C(=C\C=C2/CCC[C@]3(C)[C@@H]([C@@H](C)OCCCS(=O)(=O)C(C)(C)C)CC[C@@H]23)C[C@@H](O)C[C@@H]1O,-4.798361095824715,0
b2AR-decoy_1349,O=C(Oc1ccc(c2cc(=S)ss2)cc1)c1cccnc1,-4.79825710716958,0
b2AR-decoy_667,Oc1ccc(/C=C/c2cc(O)cc(/C=C/c3ccc(O)cc3)c2)cc1,-4.797085163418525,0
b2AR-decoy_166,COc1cc(/C=C\C(=O)OC[C@H](Cc2ccc(O)c(OC)c2)[C@H](COC(=O)/C=C\c2ccc(O)c(OC)c2)Cc2ccc(O)c(OC)c2)ccc1O,-4.793053984571128,0
b2AR-decoy_2643,CCCc1ccc(OCC(=O)N(Cc2nc(c3ccc4ccccc4c3)no2)C(C)C)cc1,-4.78865732805573,0
b2AR-decoy_661,O/N=C(\COc1ccc2ccccc2c1)c1ccc(c2ccccc2)cc1,-4.786895264520666,0
b2AR-decoy_3017,CC(C)C[C@H](C(N)=O)N(Cc1cc(F)cc(F)c1)S(=O)(=O)c1ccc(Cl)cc1,-4.786674961724572,0
b2AR-decoy_2639,CCCC(CCC)C(=O)N(C)C(=O)c1nn(c2ccc(Cl)cc2Cl)c(c2ccc(Cl)cc2)c1C,-4.78600474535587,0
b2AR-decoy_248,CNC(=O)c1ccc(/C=C/C(=O)NCC(=O)N(C)c2ccc(Cl)c(COc3cccc4c3nc(C)cc4n3ccnc3)c2Cl)cc1,-4.7840368760770255,0
b2AR-decoy_2651,C=CCCCc1ccc2cc(N3CCCN(C(=O)c4cc(CC=C)ccc4n4nccn4)CC3)ccc2c1,-4.783983566650205,0
b2AR-decoy_2457,O=C(/C=C/C1=Cc2c(ccc3ccccc23)OC1)c1ccccc1Br,-4.77722434197534,0
b2AR-decoy_3149,Cc1onc(c2c(Cl)cccc2Cl)c1N(C)C(=O)OCc1c(F)cccc1Cl,-4.770912706430852,0
b2AR-decoy_2516,Cc1nc(c2ccc(Cl)cc2)sc1C(=O)CSc1nc(c2ccccc2)c(C#N)c(=O)[nH]1,-4.76305524217274,0
b2AR-decoy_541,COC(=O)c1sc2cc(c3ccc(C(C)=O)cc3)cnc2c1N,-4.76126397106843,0
b2AR-decoy_987,C=CCOCC1=CC(C)(C)Nc2ccc(c3ccccc3OC)cc21,-4.75877104234712,0
b2AR-decoy_903,CC(C)[C@@H]1CC[C@@H](C)C[C@H]1NC(=O)Oc1ccc(Cl)cc1,-4.75708457427196,0
b2AR-decoy_2416,CC(C)=C[C@@H]1C[C@@H]([C@@H]2CC[C@]3(C)C4=CCC5C(C)(C)C(=O)CC[C@]5(C)[C@H]4CC[C@@]23C)CO1,-4.75630423085353,0
b2AR-decoy_2545,CC(/C=C/C=C/CO)=C\[C@@H]1Cc2nc(cs2)CCCCC(=O)O[C@@H](C)C/C(C)=C/C=C\C(=O)O1,-4.750549680170855,0
b2AR-decoy_2308,Cc1ccc(S(=O)(=O)Nc2ccc(C(=O)Nc3ccccc3O)cc2)cc1C,-4.7497426931795,0
b2AR-decoy_2627,CC(C)(C)c1ccc(Sc2nncc(c3cnnc(Sc4ccc(C(C)(C)C)cc4)n3)n2)cc1,-4.74961277195492,0
b2AR-decoy_372,Cc1cccc(N2C3=C(C(=O)CC(C)(C)C3)[C@]3(O)C(=O)c4ccccc4[C@]23O)c1,-4.747555219938802,0
b2AR-decoy_127,CC(C)(C)c1cc(/C=N/NC(=S)Nc2ccccc2)cc(C(C)(C)C)c1O,-4.7394927285866055,0
b2AR-decoy_1268,Cc1cc(C)c(OCC(=O)N(Cc2ccco2)Cc2ccco2)c(C)c1,-4.739132327405431,0
b2AR-decoy_2222,C[C@H](CCCC(C)(C)O)[C@H]1CC[C@@]2(C)C3=C(CC[C@]12C)[C@@]1(C)C[C@@H](O)[C@H](O)C(C)(C)[C@@H]1CC3,-4.73395144561215,0
b2AR-decoy_386,OCc1c(Br)c(O)c(O)c(Br)c1Br,-4.73327230180179,0
b2AR-decoy_2910,COc1cc2[nH]c(=O)c(c3cccs3)c(c3cccc(C#N)c3)c2cc1c1ccccc1,-4.73021416688797,0
b2AR-decoy_2904,Cn1c(C23CCC(c4nc(c5ccc(F)cc5)no4)(CC2)CC3)nnc1c1ccc(OC(F)F)cc1,-4.72880425745386,0
b2AR-decoy_3197,CCOC1(O[C@H]2CC[C@H]3[C@@H]4CC[C@H]5CC(=O)CC[C@]5(C)[C@H]4CC[C@]23C)CCCC1,-4.726599615740345,0
b2AR-decoy_3025,CC(=O)N1CCc2cc(S(=O)(=O)NC(CC(C)C)C(=O)Nc3cc(C)cc(C)c3)ccc21,-4.722565388790306,0
b2AR-decoy_656,C=CCOc1ccc2c(c1)Oc1ccccc1C(CC)=C2c1ccc(O)cc1,-4.71721625445641,0
b2AR-decoy_1029,CCSCCn1/c(=N/OC)sc2cc(OC(F)(F)F)ccc21,-4.71669461853107,0
b2AR-decoy_949,Oc1ccc(/C=C/c2ccc(/C=C/c3ccc(O)c(O)c3)cc2)cc1,-4.7130055612552,0
b2AR-decoy_373,CC(=O)OC[C@@]1(C)CC[C@@H](C(C)C)/C=C/[C@](C)(O)C/C=C/[C@](C)(O)CC1=O,-4.7126056554595,0
b2AR-decoy_2611,COc1ccc(Cl)cc1n1ncc(c2nnc(c3ccc(Cl)c(Cl)c3)o2)c1C,-4.71239441384537,0
b2AR-decoy_73,CC(C)N(c1ccc(/C=C(\C#N)c2nc3ccccc3[nH]2)cc1)C(C)C,-4.70886086064135,0
b2AR-decoy_426,CCc1ccc(/C(=N/O)c2ccc(Cl)cc2)c(O)c1,-4.70869430766323,0
b2AR-decoy_2450,CCc1cncc(C2=CC[C@H]3[C@@H]4CC[C@H]5C[C@@H](OC)CC[C@]5(C)[C@H]4CC[C@]23C)c1,-4.70600686046294,0
b2AR-decoy_800,Cc1cc(/C=C/c2ccc(C(=O)Oc3ccc(F)cc3)cc2)cc(C)c1O,-4.70235723534184,0
b2AR-decoy_1547,CC(C)(C)n1ncc(OCc2ccc(CCCCF)cc2)c(Cl)c1=O,-4.69891058184348,0
b2AR-decoy_2874,Cc1ccc2c(c1)[C@H](C(C)C)CC[C@]21C[C@H](CC(C)C)C2=C(O1)C(C)(C)C(=O)C(C)(C)C2=O,-4.69234738747502,0
b2AR-decoy_2047,CCOc1ccc(c2csc(/N=C/c3c[nH]c4ccccc34)n2)c(OCC)c1,-4.686452133171842,0
b2AR-decoy_3111,O=C(N/N=C/c1ccc(OC(F)(F)C(F)F)cc1)c1cnc2c(C(F)(F)F)cccc2c1O,-4.68605371470229,0
b2AR-decoy_1621,CCCCC1Cc2cc(OC)ccc2-c2cc3cc(OC)c(OC)cc3n21,-4.68303527137297,0
b2AR-decoy_2731,O=S(=O)(NCCCN1c2ccccc2CCc2ccc(Cl)cc21)c1ccc(Cl)cc1F,-4.682489793924681,0
b2AR-decoy_1021,CCCCC(C#N)(Cn1cncn1)c1ccc(Cl)cc1,-4.679894091255215,0
b2AR-decoy_2246,COc1ccc2c(c1)CC[C@@H]1[C@@H]2CC[C@]2(C)C([C@@](C)(O)C(=O)/C=C/c3ccc(F)cc3)=CC[C@@H]12,-4.67696550003696,0
b2AR-decoy_3135,C=C(CC[C@@H](C)[C@H]1CC[C@@H]([C@@H]2C[C@H]3O[C@]34C[C@@H](O)CC[C@]4(C)C2=O)[C@]1(C)CCO)C(C)C,-4.675449532433847,0
b2AR-decoy_2314,O=C(NCc1c[nH]c2ccccc12)c1cc(Br)c(Br)[nH]1,-4.672789690636475,0
b2AR-decoy_2144,COc1ccc(/C(C)=N/Nc2csc(c3ccc4c(c3)CCC4)n2)cc1,-4.670448880870665,0
b2AR-decoy_1636,COCCCN(/C(S)=C1/C(=O)c2cc(Cl)ccc2N(C)C1=O)c1ccccc1,-4.667137503448012,0
b2AR-decoy_3001,CCC(=O)N1CCc2cc(CNS(=O)(=O)c3ccc(NC(=O)CC(C)C)cc3)ccc21,-4.66280357435711,0
b2AR-decoy_2772,COc1ccc(/C(Cl)=C/C=C(\C#N)C(=O)c2c[nH]c3ccc(Br)cc23)cc1OC,-4.661401936194442,0
b2AR-decoy_1050,COc1cc(/C=C/c2ccc(SC)cc2)cc(OC)c1OC,-4.659953937314461,0
b2AR-decoy_1276,CO/C=C(/C(=O)OC)c1ccccc1Oc1cc(Oc2ccccc2C#N)ncn1,-4.65960673805943,0
b2AR-decoy_2698,C=C[C@@](C)(CC[C@H]1C(C)=CC[C@H]2C(C)(C)CCC[C@@]21C)O[C@@H]1O[C@@H](C)[C@H](O)[C@@H](O)[C@H]1OC(C)=O,-4.65751544519205,0
b2AR-decoy_2247,CC(C)CCC[C@@H](C)[C@H]1CC[C@H]2[C@@H]3C/C(=N\O)[C@@]4(F)C[C@H](O)[C@H](O)C[C@]4(C)[C@H]3CC[C@@]21C,-4.65416097986977,0
b2AR-decoy_1240,CCC(CC)Oc1cc(C)nc(Oc2c(C)cc(C)cc2C)c1C(=O)OC,-4.6537306149303,0
b2AR-decoy_3115,CC(C)C[C@H](c1c(O)c(C=O)c(O)c(C=O)c1O)[C@@]1(C)CC[C@@H]2[C@@H]1[C@H]1[C@@H](CC[C@]2(C)O)C1(C)C,-4.64889994294594,0
b2AR-decoy_2692,C/C(=N\NC(=O)c1ccc(NS(=O)(=O)c2cccs2)cc1)c1ccc2ccccc2c1,-4.64760024522755,0
b2AR-decoy_446,CNC(=O)C(C)(C)c1ccc(c2cc(C)cc(C)c2)c(O)c1,-4.647277605713851,0
b2AR-decoy_617,CC(=O)Nc1ccc(/C=C/C(=O)c2ccc(C(C)(C)C)cc2)cc1,-4.642751778453437,0
b2AR-decoy_2505,Cc1occc1/C(S)=N\c1ccc(Cl)c(COC(C)(C)C)c1,-4.64255658558814,0
b2AR-decoy_647,Cc1ccc(/C=C/C(=N\NC(=O)c2cccs2)c2ccc(Cl)cc2)cc1,-4.63906539013705,0
b2AR-decoy_227,CO[C@H]1[C@H](C)O[C@@H](O[C@@H]2C[C@@H]3CC[C@@H](C)[C@H](O)C[C@@](C)(CC/C=C/C=C\Br)OC(=O)C[C@](O)(C2)O3)[C@H](OC)[C@@H]1OC,-4.63698595624641,0
b2AR-decoy_2468,O=C(N(C1=CCCC1)N(c1ccccc1)c1ccccc1)C(F)(F)F,-4.63063084800882,0
b2AR-decoy_1781,CCOC(=O)c1c(NC(=O)COc2cc(C)ccc2C(C)C)sc2c1CCCC2,-4.626683196162,0
b2AR-decoy_447,O=C1C(O)=Cc2cccc3ccc(c4ccc(O)cc4)c1c23,-4.625390974492741,0
b2AR-decoy_3126,CCCCCNS(=O)(=O)c1ccc(N=c2c3ccccc3[nH]c3cc(N)ccc23)cc1,-4.62120078589235,0
b2AR-decoy_314,COC(=O)C[C@]1(C)CCC[C@]2(C)c3cc(O)c(C(C)C)cc3CC[C@@H]12,-4.615257964072625,0
b2AR-decoy_3064,CC(C)=CCC[C@H](C)C[C@@H]1CC2=C(C(=O)OC(C)(C)O2)[C@H](c2ccc(Cl)cc2)O1,-4.61013798863029,0
b2AR-decoy_2518,Cc1cccc(C(C)(C)C)c1OC(=O)NS(=O)(=O)Oc1c(C(C)C)cccc1C(C)C,-4.60899946402819,0
b2AR-decoy_424,N#Cc1ccc2c3c([nH]c2c1)-c1ccc(c2cn[nH]c2)cc1C3=O,-4.60325496777111,0
b2AR-decoy_2404,CC(C)Nc1sc(C(=O)c2ccc(I)s2)c(N)c1C#N,-4.59791505223296,0
b2AR-decoy_1235,CC(C)OP(=O)(OC(C)C)C(=O)Oc1ccc([N+](=O)[O-])cc1,-4.59671541778974,0
b2AR-decoy_1611,CCCCc1nc2ccccc2nc1Oc1ccc(c2ccccc2C2=NNN=N2)cc1,-4.58965877922824,0
b2AR-decoy_102,CNC(=O)/C=C/c1ccc(Oc2c3ccc(O)cc3sc2c2ccc(O)cc2)cc1,-4.58324241849527,0
b2AR-decoy_2421,Cc1ccc(OSN(C(=O)c2ccccc2)N(C(=O)c2ccccc2)C(C)(C)C)cc1,-4.581621929470808,0
b2AR-decoy_3142,Cc1ccc(OC(=O)c2sccc2S(=O)(=O)Nc2onc(C)c2Cl)c(C)c1,-4.57978848035678,0
b2AR-decoy_1627,CCN(CC)S(=O)(=O)c1ccc(/C=C/c2nc3cc(C)c(C)cc3s2)cc1,-4.57605764581283,0
b2AR-decoy_72,COc1ccc2c(/C=C/C(=O)c3ccc(OC)c4c3OC(C)(C)C=C4)c[nH]c2c1,-4.57394744064181,0
b2AR-decoy_1090,N#Cc1c(/N=C/c2c[nH]c3cccc([N+](=O)[O-])c23)sc2c1CCCCCC2,-4.57001360929932,0
b2AR-decoy_911,Cc1ccc(C(C)C)cc1OC(=O)Nc1ccc(Cl)c(Cl)c1,-4.56477250016042,0
b2AR-decoy_2688,CCN(c1cc(Cl)cc(C(=O)NCc2c(C(F)(F)F)cc(C)[nH]c2=O)c1C)C1CCOCC1,-4.560301409093855,0
b2AR-decoy_2593,CCC1=C(C)/C(=C(\c2ccc([N+](=O)[O-])cc2)c2c(C)c(CC)c(C)n2B(F)F)N=C1C,-4.55952249345204,0
b2AR-decoy_1645,COc1ccc(OCCCCCCCc2c(C)nn(C)c2C)c(Cl)c1,-4.55410666818047,0
b2AR-decoy_2838,CCCCCCOc1cccc2c1C(=O)C=CC21Oc2cccc3cccc(c23)O1,-4.55409115883435,0
b2AR-decoy_1661,CCCCc1ccc(C2=NN(S(=O)(=O)c3ccccc3)CCC2)cc1,-4.52878099192724,0
b2AR-decoy_3113,CCOC(=O)CC1C(C(=O)OCC)=C(N)Oc2ccc(c3ccc(C(C)(C)C)cc3)cc21,-4.52527924902035,0
b2AR-decoy_1072,Cc1ccc(Cn2ccc(NC(=O)c3c(C)onc3c3ccccc3Cl)n2)cc1,-4.523898268523,0
b2AR-decoy_589,CCCC[C@@]12CCC(=O)C(CC)=C1c1ccc3[nH]nc(F)c3c1C2,-4.520924189344141,0
b2AR-decoy_128,O=C1/C(=C\c2cc(Cl)c(O)c(Cl)c2)SC(=S)N1Cc1ccccc1,-4.506088936165325,0
b2AR-decoy_2700,O=C(Cc1ccc(Cl)cc1)NC(NC(=O)Cc1ccc(Cl)cc1)c1ccccc1C(F)(F)F,-4.496502059160557,0
b2AR-decoy_836,CCC1=C(C)C2=C(c3ccc(O)cc3)c3c(C)c(CC)c(C)n3[B-](F)(F)[N+]2=C1C,-4.496465668977221,0
b2AR-decoy_3107,C/C(=N\NC(=O)c1ccc(NS(=O)(=O)c2cccs2)cc1)c1ccc(C(C)(C)C)cc1,-4.49303297711364,0
b2AR-decoy_2760,CCOC(=O)[C@]1(C)CC[C@]2(C)CC[C@]3(C)C4=CC=C5C(=CC(=O)C(O)=C5C)[C@]4(C)CC[C@@]3(C)[C@@H]2C1,-4.48380665995765,0
b2AR-decoy_2658,O=C(c1ccncc1)n1nc(c2ccccc2)c(/N=N/c2ccccc2[N+](=O)[O-])c1c1ccccc1,-4.479704465325665,0
b2AR-decoy_1207,O=C(Nc1nccs1)C(c1ccc(Cl)cc1)c1ccc(Cl)cc1,-4.47554968063293,0
b2AR-decoy_1042,C=C[Si](C)(C)COC(=O)/C(C#N)=C/C=C/c1ccccc1,-4.47349494530463,0
b2AR-decoy_1694,Cc1ccc(N(C)S(=O)(=O)c2ccc([N+](=O)[O-])cc2)cc1,-4.472499742790191,0
b2AR-decoy_2902,Cn1nc(c2c(F)cccc2Cl)nc1c1sc(c2ccc(C(F)(F)F)cc2)cc1Cl,-4.47051070778777,0
b2AR-decoy_633,COc1ccc(/C=C/c2ccc3c(Br)ccc(O)c3n2)cc1,-4.47007868202386,0
b2AR-decoy_2418,CC1=C(/C=C/C(C)=C/C=C/C(C)=C/C=C2C(=O)CCCCCC2=O)C(C)(C)CCC1,-4.46961344491374,0
b2AR-decoy_1613,O=C(OCC1=CC=C(COC(=O)c2ccccc2)SS1)c1ccccc1,-4.46925061552936,0
b2AR-decoy_560,COc1cc2c(cc1O)-c1cc(O)c(OC)c(OC)c1C=CC2,-4.46675555877163,0
b2AR-decoy_2935,O=c1ncn2nc(Sc3ccc(Cl)c(Cl)c3)ccc2c1c1c(Cl)cccc1Cl,-4.459799985979991,0
b2AR-decoy_1037,Cc1ccc(CCCCCC(=O)N2CCOC2=O)cc1C,-4.45796819091469,0
b2AR-decoy_1439,CSCP(O)(O)=S,-4.45573248430487,0
b2AR-decoy_2120,COc1ccc(c2ccc3nc(NS(=O)(=O)c4ccc(N)cc4)sc3c2)cc1,-4.452097447941005,0
b2AR-decoy_2641,O=Nc1c(c2ccc(c3cc4ccccc4oc3=O)cc2)nc2sc(Cc3noc4ccccc34)nn12,-4.4518333941619,0
b2AR-decoy_283,CC(=O)OC[C@H]1O[C@@H](O[C@@H]2C[C@H]3C(C)(C)[C@H](OC(C)=O)CC[C@]3(C)[C@H]3CC[C@]45C[C@]4(CC[C@H]5[C@@H](C)C[C@@H](O)[C@@H]4OC4(C)C)[C@]23C)[C@H](O)[C@@H](O)[C@@H]1O,-4.4500722610889,0
b2AR-decoy_3072,CN(C)c1ccc(/C=C(/Sc2ccc(Br)cc2)C(=O)c2ccc(Cl)cc2)cc1,-4.448508448968198,0
b2AR-decoy_2973,CC(=O)C1=NN(c2ccc(Br)cc2)SC12c1ccccc1Oc1ccccc12,-4.44848818633911,0
b2AR-decoy_53,Cc1ccc(C(C)C)cc1OC(=O)Nc1ccc(I)cc1,-4.439269968132336,0
b2AR-decoy_2581,O=C1CCCCCCCCCC/C(=N/OC(=O)COc2ccc(Cl)cc2)CCCO1,-4.438477482997231,0
b2AR-decoy_305,O=C1N[C@@](c2ccc(OCCCC(F)(F)F)cc2F)(C(F)(F)F)CC(c2ccn(CC3CCC3)n2)=C1C(=O)NS(=O)(=O)C1CC1,-4.436903525254405,0
b2AR-decoy_768,CC(=O)C1=C(C)Nc2ccccc2SC1c1ccccc1[N+](=O)[O-],-4.433605986582196,0
b2AR-decoy_1062,COc1ccc(S(=O)(=O)C(CCS)Cc2ccccc2)cc1,-4.4332697429865,0
b2AR-decoy_683,COc1ccc2c(c1)OC(C)(C)C/C2=C(\c1ccccc1)c1ccc(O)cc1,-4.43166370560235,0
b2AR-decoy_1492,CCNC(=O)Nn1c(C)nnc1C,-4.43135439636684,0
b2AR-decoy_3100,C=C1/C(=C\C=C2/CCC[C@@]3(C)[C@H]2CC[C@@H]3[C@H](C)CC[C@@H](O)C(C)(C)O)C[C@@H](O)C[C@@H]1O,-4.427731092578315,0
b2AR-decoy_2590,CC1(C)OC(S)=Nc2ccc(c3cc(Br)cc(OC(F)(F)F)c3)cc21,-4.4259706452089,0
b2AR-decoy_1130,CCOC[C@@]1(O)CC[C@@]2(C)[C@@H](CC[C@@H]3[C@@H]2CC[C@]2(C)[C@@H](C(C)=O)CC[C@@H]32)C1,-4.425839076722285,0
b2AR-decoy_256,CCCCN(CCCC)C(=O)c1cc(C)n(c2ccc(NS(=O)(=O)C(C)C)cc2C(=O)N2Cc3ccccc3C[C@H]2CO)n1,-4.417357182374381,0
b2AR-decoy_2250,CC(C)c1ccccc1Sc1c(O)cc(c2cccc(c3ccccc3)c2)oc1=O,-4.405139451698661,0
b2AR-decoy_1749,CCOC(=O)c1sc(NC(=O)c2ccc(Br)cc2)c(C#N)c1C,-4.39769498328597,0
b2AR-decoy_1075,CC(=O)c1ccccc1c1cc(c2cn(CC#N)nc2c2cc(C)cc(O)c2)ccn1,-4.395469610706815,0
b2AR-decoy_2341,O=C(NCc1cc(Br)cc2nc(O)c(O)nc12)c1cccs1,-4.389068873772757,0
b2AR-decoy_2299,O=S(=O)(c1ccc(Cl)cc1)c1sc2nc(O)ccc2c1c1ccc(Cl)cc1,-4.385761365954021,0
b2AR-decoy_257,COc1ccc(S(=O)(=O)N(C)C[C@H]2Oc3ccc(NS(=O)(=O)c4ccc(F)cc4)cc3CC(=O)N([C@H](C)CO)C[C@H]2C)cc1,-4.38190215303175,0
b2AR-decoy_2668,Cc1ccc(c2c(C)c(OCCOc3c(Cl)cc(OCC=C(Cl)Cl)cc3Cl)nn2C)cc1,-4.378880274757005,0
b2AR-decoy_2818,CC(C)=CCc1c(O)c(CC=C(C)C)c2oc(c3ccc(O)cc3O)c(CC=C(C)C)c(=O)c2c1O,-4.37884859692832,0
b2AR-decoy_2106,COc1cc(OC)cc(C(=O)NNC(=S)Nc2csc(c3ccccc3)c2)c1,-4.377518327102835,0
b2AR-decoy_2037,Cc1c(C)c2c(c(C)c1O)C=CC(C)(COCc1cc(c3ccccc3)no1)O2,-4.375417242089641,0
b2AR-decoy_2108,Cc1cc2c(c(c3cnn(CC(CO)CO)c3)c1)-c1ccccc1C2(O)C(F)(F)F,-4.374723911228295,0
b2AR-decoy_620,Cc1[nH]c(C)c(c2ccc(/C=C/c3ccccn3)cc2)c(=O)c1Cl,-4.37115050159191,0
b2AR-decoy_3085,COc1cc2oc(=O)cc(c3ccc(c4ccc(C(F)(F)F)cc4)cc3)c2c(OC)c1OC,-4.36507109310847,0
b2AR-decoy_325,CC(C)[C@@H]1CC[C@@H](C)C[C@H]1NC(=O)Oc1ccc(C(F)(F)F)cc1,-4.36046865431546,0
b2AR-decoy_2972,CC1=C(/C=C/C(C)=C/C=C/C(C)=C/C(=O)N2CCCOCC2)C(C)(C)CCC1,-4.35775173475436,0
b2AR-decoy_1352,C=Cc1cc(NCc2nc3c(Cl)ccc(Cl)c3o2)c(O)nc1C,-4.35516360283278,0
b2AR-decoy_689,C/C=C1\CC[C@H]2[C@@H]3CCc4cc(NC=O)c(OC)cc4[C@H]3CC[C@]12C,-4.347840121976321,0
b2AR-decoy_1774,COc1ccc(CCNC(=O)c2ccc3c(c2)N(Cc2ccccc2)CCS3)c(OC)c1,-4.34760446481733,0
b2AR-decoy_2623,Cc1ccc(S(=O)(=O)N(c2ccc(OCc3cccc(C)c3)cc2)S(=O)(=O)c2ccc(C)cc2)cc1,-4.34688457275557,0
b2AR-decoy_2045,CCCCCCNC(=O)Oc1c(C(C)(C)C)cc(C(=O)OC)cc1C(C)(C)C,-4.345922265934955,0
b2AR-decoy_2482,c1ccc2c(c1)Oc1ccccc1C2(Cc1ccncc1)Cc1ccncc1,-4.34544379249682,0
b2AR-decoy_1231,O=C1C=CC2(Oc3cccc4cccc(c34)O2)c2cccc(OCc3ccoc3)c21,-4.33656455158019,0
b2AR-decoy_1195,COc1ccc(c2coc3c(CC=C(C)C)c(O)ccc3c2=O)cc1,-4.33222203988658,0
b2AR-decoy_1604,CNC(=O)NCCN(Cc1ccc(Cl)cc1)C(=O)C1(C)CCN1C(=O)Cc1cc(C)cc(C)c1,-4.326904892907458,0
b2AR-decoy_3116,C=C1/C(=C\C=C2/CCC[C@@]3(C)[C@H]2CC[C@@H]3[C@H](C)CCC[C@@](C)(O)[C@@H](C)CO)C[C@@H](O)C[C@@H]1O,-4.326369026663395,0
b2AR-decoy_2459,CCC1(CC)CC(c2ccc(F)cc2)=C(c2ccc(S(C)(=O)=O)cc2)C1,-4.319738626083778,0
b2AR-decoy_1745,CC(C)(C#N)c1ccc(NC(=O)C2=CCN(c3ncccc3C(F)(F)F)CC2)cc1,-4.31833403486067,0
b2AR-decoy_3188,CCn1/c(=C\C=C\C2=[N+](CC)c3cccc4cccc2c34)c2cccc3cccc1c32,-4.31820842098436,0
b2AR-decoy_2195,CO[C@@H]1C[C@@H]2C[C@H](O)CC[C@]2(C)[C@H]2CC[C@@]3(C)[C@@H](CC[C@@H]3[C@H](C)CCc3nnc(C)o3)[C@@H]21,-4.3167121478157,0
b2AR-decoy_2139,CS(=O)(=O)NCc1ccc(c2c(O)ccc3[nH]c(=O)c4sccc4c32)cc1,-4.313751806741435,0
b2AR-decoy_2297,O=S(=O)(c1ccc(Cl)cc1)c1sc2nccc(O)c2c1c1ccc(Cl)cc1,-4.310786986337261,0
b2AR-decoy_2464,O=S(=O)(Oc1ccc(c2ccc3sccc3c2)cc1)c1ccccc1,-4.3101902909652114,0
b2AR-decoy_41,Cc1cc(Oc2nccc3[nH]ccc23)ccc1c1c(C)ncnc1C,-4.2974087425595,0
b2AR-decoy_2073,CC(C)c1ccc(NC(=O)CCn2c(=O)c3cccn3c3ccccc32)cc1,-4.2934529041619065,0
b2AR-decoy_3164,Cc1cc(C(C)(C)c2ccc(OCC(=O)C(C)(C)C)c(C)c2)ccc1OCC(=O)C(C)(C)C,-4.290131681834821,0
b2AR-decoy_899,COc1ccc(NC(=O)/C=C/c2ccc(C(C)(C)C)cc2)cc1,-4.286897057569737,0
b2AR-decoy_593,CC(=O)c1ccc(Oc2ccc(O)c(C(C)(C)C)c2)c(Cl)c1,-4.28245677823437,0
b2AR-decoy_1834,CCN(CC(=O)Nc1ccc(NC(C)=O)cc1)C(=O)c1ccccc1Sc1ccccc1C#N,-4.275109486058925,0
b2AR-decoy_807,Cc1cc(C)c(Nc2cc(Oc3c(C)cc(C#N)cc3C)ncn2)c(C)c1,-4.270119445889969,0
b2AR-decoy_886,COc1ccccc1COc1ccc2c(c1)C(C)=CC(C)(C)N2,-4.26936770310024,0
b2AR-decoy_2382,Cc1ccc(SCc2n[nH]c3c2C2(CCSCC2)C(C#N)=C(N)O3)cc1,-4.2618190488372,0
b2AR-decoy_2810,COc1ccc(C(=O)c2c3cc(c4ccc(OC)nc4)ccc3oc2c2ccc(OC)cc2)cc1,-4.25937636919585,0
b2AR-decoy_1055,CCCCC(CC)COC(=O)C=Cc1ccc(OC)cc1,-4.2590303714756,0
b2AR-decoy_295,C=C[C@]1(C)C[C@@H](OC(=O)CSC2CCN(C(=O)CCn3cnc4c(N)ncnc43)CC2)[C@@]2(C)[C@H]3C(=O)CC[C@@]3(CC[C@H]2C)[C@@H](C)[C@@H]1O,-4.2560516261206,0
b2AR-decoy_1678,COC(=O)CSc1ncnc2scc(c3ccccc3)c12,-4.252856166321041,0
b2AR-decoy_1676,CCOc1cc(C)c(S(=O)(=O)N2CCCCC2)cc1C,-4.24947034005912,0
b2AR-decoy_1696,Cc1c(C(C)(C)C)s/c(=N/S(=O)(=O)c2ccccc2)n1C,-4.2488379554681455,0
b2AR-decoy_1802,CCCCCCc1c(=O)c2c(O)cc(OC)c(OC)c2oc1c1ccc(O)c(O)c1,-4.247244719919752,0
b2AR-decoy_2263,C/C(=N\Nc1nc(c2ccc(Br)cc2)cs1)c1ccc(Cl)c(Cl)c1,-4.245478614516121,0
b2AR-decoy_1821,CCCCN/C=C1/C=C(/C=C/C(=O)c2ccccc2)c2c(ccc3c(C)cc(=O)oc23)C1=O,-4.24239410736756,0
b2AR-decoy_745,Cc1cc(C)c(NS(=O)(=O)c2ccc(C(C)(C)C)cc2)c(C)c1,-4.23986276213621,0
b2AR-decoy_848,C=CCC1Oc2cccc(OCC3CC3)c2-c2ccc3c(c21)C(C)=CC(C)(C)N3,-4.23979202212858,0
b2AR-decoy_2947,CC(C)(C)C(=O)OCN1c2ccc(c3csc(C#N)c3)cc2C(C)(C)OC1C(F)(F)F,-4.239418783446621,0
b2AR-decoy_297,CCCCC(=O)Nc1ccc(Br)c(n2nc(C)n(Cc3ccc(c4ccccc4S(=O)(=O)NC(=O)OC(C)(C)C)cc3F)c2=O)c1,-4.239032752137941,0
b2AR-decoy_3055,COc1cc(/C=C2\CCC/C(=C\c3ccc(N4CCCCC4)cc3)C2=O)ccc1OC(=O)C(C)C,-4.23897997415895,0
b2AR-decoy_1263,CCc1ccccc1N(CC)C(=O)CCc1nc(c2ccc(C)cc2)no1,-4.23843068051354,0
b2AR-decoy_2614,CC(=O)Oc1c(C)c(c2ccccc2)c(C)c(c2ccccc2)c1C(=S)c1ccccc1,-4.228236848415062,0
b2AR-decoy_2740,O=C1c2ccccc2C(OCc2cccc(O)c2)(c2ccccc2)N1Cc1ccccc1,-4.227467018074631,0
b2AR-decoy_1363,CCc1nncn1c1ccc(OCc2c(Cl)cccc2Cl)cc1,-4.21579512841489,0
b2AR-decoy_1808,COC(=O)/C=C/c1cccc(N(Cc2ccc(c3ccc(C)cc3)cc2)C(=O)NC(C)C)c1,-4.214386828415696,0
b2AR-decoy_1534,CCSc1ccc(c2cnc(c3nnc(C)n3c3ccc(OC)nc3)cn2)c(C)c1,-4.20746669526318,0
b2AR-decoy_669,CC(C)(C)c1cc(/C=[N+](\[O-])Cc2ccccc2)cc(C(C)(C)C)c1O,-4.206603646794736,0
b2AR-decoy_2667,O=C1c2ccccc2C(=O)N1CCOC(=S)N(C(=O)c1cc2ccccc2s1)c1ccc(Cl)cc1,-4.204621591048531,0
b2AR-decoy_672,CCCCN(C(=O)C1=COc2cc(O)c(C(C)(C)C)cc2O1)c1ccccc1,-4.19670443947288,0
b2AR-decoy_3198,CCCCCCC(C)(C)c1cc(OC)c2c(c1)OC(C)(C)c1cnn(CC)c1-2,-4.1936067309538,0
b2AR-decoy_320,Cc1cc(c2ccc3oc(=O)cc(c4ccccc4)c3c2)c(C)cc1CO,-4.192457471223271,0
b2AR-decoy_2926,C=C1/C(=C\C=C2/CCC[C@]3(C)C([C@H](C)CCC/C(=N\O)C(C)(C)C)=CC[C@@H]23)C[C@H](O)C[C@H]1O,-4.190898161521665,0
b2AR-decoy_1238,CC(C)c1csc(c2nnc3n2N=C(c2ccc(Cl)cc2)CS3)n1,-4.187984034038371,0
b2AR-decoy_3074,CN1CCCN(Cc2ccc(F)cc2)P12=NP(Cl)(Cl)=NP(Cl)(Cl)=N2,-4.186727543479915,0
b2AR-decoy_2143,CC1=C(CC2=NN=NN2)c2ccccc2/C1=C\c1ccc(C(C)(C)C)cc1,-4.177783908970268,0
b2AR-decoy_112,CC(C)=CCc1cc2c(=O)c(c3ccc4c(c3)OCO4)coc2c(CC=C(C)C)c1O,-4.16935689389153,0
b2AR-decoy_1488,CCCC(O)C#CC#CCO,-4.16747502822322,0
b2AR-decoy_794,Cc1ccc(C(=O)N/N=C/C2=C(Cl)c3ccccc3CCC2)cc1,-4.155294691263428,0
b2AR-decoy_2440,COC(=O)CC[C@@H](C)[C@H]1CC[C@H]2[C@@H]3[C@@H](OC)C[C@@H]4C[C@H](OC)CC[C@]4(C)[C@H]3CC[C@@]21C,-4.14994912791343,0
b2AR-decoy_2683,CNc1ccc(c2[nH]c(c3ccc(/C=C/C(=O)OC)cc3)nc2c2ccc(N(C)C)cc2)cc1,-4.144998182528476,0
b2AR-decoy_2483,CCc1nnc(SCc2c(F)cccc2Cl)c2cc3sccc3n12,-4.13983081008164,0
b2AR-decoy_730,CC(=O)N(c1ccccc1)c1nc(/C=C/C(=O)Nc2c(C)cc(C)cc2C)cs1,-4.13778439823783,0
b2AR-decoy_1780,Clc1ccc2ccc(/C=C/c3ccc(OCc4ccccc4CC4=NN=NN4)cc3)nc2c1,-4.13771019610579,0
b2AR-decoy_1555,CSC1=C(COP(N)(=O)N(CCCl)CCCl)C(=O)c2ccccc2C1=O,-4.127942219707851,0
b2AR-decoy_1573,CCCNC(=O)c1ccccc1NC(=O)c1ccccc1N(C)S(=O)(=O)c1ccc(C)cc1,-4.11492412832095,0
b2AR-decoy_1033,CCCCOc1ccc(/C=C/c2cc(OC)cc(OC)c2)cc1,-4.10883578546904,0
b2AR-decoy_210,COC(=O)[C@H]1[C@@H](C)C/C(C)=C/C=C/[C@H](OC)[C@@H]([C@@H](C)[C@@H](O)[C@H](C)[C@@]2(O)C[C@@H](C(=O)OC)[C@H](C)[C@@H](C(C)C)O2)OC(=O)/C(OC)=C/C(C)=C/[C@H]1C,-4.10768728888288,0
b2AR-decoy_3189,COC(=O)CC[C@@H](C)[C@H]1CC[C@H]2[C@@H]3CC=C4C(C)(C)c5nccnc5C[C@]4(C)[C@H]3CC[C@@]21C,-4.10284370377932,0
b2AR-decoy_1925,CN(C)C(=O)c1cc(Cl)ccc1Sc1cc(Cl)ccc1Cl,-4.099683876789556,0
b2AR-decoy_2646,CC(=O)O[C@@H](C[C@@H](C)C1=C2C=CC3[C@@]4(C)CCC(=O)C(C)(C)C4CC[C@]3(C)[C@@]2(C)CC1=O)[C@H]1OC1(C)C,-4.09420729899379,0
b2AR-decoy_277,CO/C1=C\C(C)=C\[C@@H](C)[C@@H](O)[C@@H](C)C/C(C)=C/C=C/[C@H](OC)[C@@H]([C@@H](C)[C@@H](O)[C@H](C)[C@@]2(O)C[C@@H](C(=O)Oc3ccccc3)[C@H](C)[C@@H](C(C)C)O2)OC1=O,-4.091731386691675,0
b2AR-decoy_3067,COc1ccc(/C=C(/Sc2ccc(Br)cc2)C(=O)c2ccc(Cl)cc2)cc1,-4.090602068025159,0
b2AR-decoy_713,COc1c(c2ccccc2)cc(OC)c2c1oc1c3c(c(O)cc12)OC(C)(C)C=C3,-4.08992087452944,0
b2AR-decoy_2959,CC(C)c1cc(C(C)C)c(S(=O)(=O)n2cc3c(=O)oc4ccccc4c3n2)c(C(C)C)c1,-4.088424195954778,0
b2AR-decoy_2290,COC(=O)/C=C(C)/C=C/C=C(\C)C(=O)Nc1ccc(C(C)(C)C)cc1C(C)(C)C,-4.079960757351998,0
b2AR-decoy_2521,N#Cc1c(N)nc(SCc2csc(c3cccc(F)c3)n2)c(C#N)c1c1ccc(O)cc1,-4.079314673820065,0
b2AR-decoy_2048,COc1c(Br)c(CCCO)cc2cc(c3ccc4c(c3)OCO4)oc12,-4.07238329455794,0
b2AR-decoy_1885,CCOC(=O)C(C)(C)C1=C/C(=C\c2cccc(c3ccccc3)c2)c2ccc(F)cc21,-4.072126862067545,0
b2AR-decoy_2280,CC[C@@]1(C)CCC[C@@]2(C)[C@H]1CC[C@@]1(C)[C@@H]3C[C@H](O)[C@@H](C(C)=O)C[C@@]3(C)[C@@H](OC(C)=O)C[C@H]21,-4.065326367290166,0
b2AR-decoy_1454,CNC(=S)NNC(=O)C(C)(C)C,-4.05229472100624,0
b2AR-decoy_2370,C[C@@H]1N=C(c2ccccc2)c2cc(C#CCCCC(=O)NO)ccc2NC1=O,-4.04792235877389,0
b2AR-decoy_1518,CC(=O)N(Cc1ccc(Oc2ccc(C#N)cc2)cc1)C(=O)c1cc(C2CC2)nn1C,-4.04525255389559,0
b2AR-decoy_1333,Cc1ccc(C(=O)Oc2ccccc2)cc1/N=N/N(C)C,-4.02715503285446,0
b2AR-decoy_2702,Cc1ccc(NS(=O)(=O)c2cc(NC(=O)c3cc4c(s3)CCCC4)ccc2C)c(C)c1,-4.02066286922422,0
b2AR-decoy_1155,OCCCCCCC1CCOOC2(CCCCCCCCCCC2)OOC1,-4.01985229187888,0
b2AR-decoy_2298,O=C(N/N=C\C1=C(Cl)c2ccccc2CCC1)C1=C(Cl)c2ccccc2CCC1,-4.019135334246497,0
b2AR-decoy_271,COc1cc([C@](O)(CC[NH+](C)C)[C@H](c2cc(OC(C)C)cnc2OC)c2cc3cc(Br)ccc3nc2OC)cc(OC)n1,-4.018720275791218,0
b2AR-decoy_3163,C=C1CC[C@@H]2[C@@H](C1)c1c(OC)cc(C(C)(C)CCCCCC)cc1OC2(C)C,-4.007630526292121,0
b2AR-decoy_1428,CC(C)(C)NC(S)=[NH+]C(C)(C)C,-4.0032564781713,0
b2AR-decoy_608,CCSc1nnc(c2cc(C(C)C)c(O)c(C(C)C)c2)s1,-3.996611459688231,0
b2AR-decoy_39,CC(C)c1ccc(NC(=O)Oc2ccc3c(c2)[C@@]2(C)CCO[C@H]2N3C)cc1,-3.9843893760372655,0
b2AR-decoy_2746,C=C1CC[C@H]2[C@](C)(CCC=C(C)C)[C@H](O)CC[C@]2(C)[C@@H]1C[C@@]1(C(=O)OC)OC(C)=C(C)C1=O,-3.98192798574724,0
b2AR-decoy_1514,C=CCn1c(SCc2cccc3ccccc23)nnc1c1cccnc1,-3.97515978591743,0
b2AR-decoy_1138,COc1cc(/C=C\c2cc(C(C)(C)C)c(O)c(C(C)(C)C)c2)cc(OC)c1,-3.972582139009565,0
b2AR-decoy_1816,COc1ccc(C(=Cc2ccc(OC)c(O)c2)C(=O)c2cc(OC)c(OC)c(OC)c2)cc1,-3.97129687626043,0
b2AR-decoy_2199,O=C1C(=Cc2c[nH]c3ccccc23)C(=O)N(c2ccc(Cl)cc2)N1c1ccc(Cl)cc1,-3.970531610421752,0
b2AR-decoy_346,COc1ccc(CCc2ccc(c3c(C)[nH]c(C)c(Cl)c3=O)cc2)cc1,-3.96656917930889,0
b2AR-decoy_3102,COc1cc(OC)c2c(c1Cc1ccc(O)cc1)CCc1c-2ccc(O)c1CC=C(C)C,-3.9587142803320647,0
b2AR-decoy_241,CC(C)(C)Cn1ccc(C2=C(C(=O)NS(=O)(=O)C3CC3)C(=O)N[C@@](c3ccc(CCCCC(F)(F)F)cc3F)(C(F)(F)F)C2)n1,-3.9579172987858016,0
b2AR-decoy_2126,COCc1sc(S(=O)(=O)NC(=O)Nc2ncc(Br)s2)cc1C,-3.95260694707946,0
b2AR-decoy_814,CC(C)c1ccc(NC(=O)Oc2ccc3c(c2)[C@]2(C)CCC(C)[C@@H]2C3C)cc1,-3.9495031815033,0
b2AR-decoy_103,CCCCNC(=S)N1C/C(=C\c2ccccc2C)C(=O)/C(=C/c2ccccc2C)C1,-3.938163699949121,0
b2AR-decoy_1214,CCn1c(=N)n(CCCOc2ccc(Cl)cc2Cl)c2ccccc21,-3.938005267282021,0
b2AR-decoy_2089,CCc1cc2c(cc1O)CC[C@@H]1[C@@H]2CC[C@]2(C)[C@@H](OS(N)(=O)=O)CC[C@@H]12,-3.921616419447616,0
b2AR-decoy_2153,COC1(c2cc(Sc3ccc(/C(C)=N/O)cc3)cc(F)c2C)CCOCC1,-3.9185927530258673,0
b2AR-decoy_1111,C/C(=N\NC(=O)c1ccc(n2c(C)ccc2C)cc1)c1ccc(n2cccc2)cc1,-3.91459407404966,0
b2AR-decoy_1842,CC(=O)NCCCOc1cc(F)c(c2c(Cl)nc3ncnn3c2N[C@@H](C)C(F)(F)F)c(F)c1,-3.91013617175473,0
b2AR-decoy_2896,O=C(Oc1ccc2c(=O)c(c3ccccc3Cl)c(C(F)(F)F)oc2c1)c1cccs1,-3.88497325506515,0
b2AR-decoy_736,COc1ccc([Si](C)(C)COc2cc(C(C)(C)C)c(O)c(C(C)(C)C)c2)cc1,-3.884740685704471,0
b2AR-decoy_1400,S=c1[nH]nc(c2n[nH]c(=S)o2)o1,-3.87937714517735,0
b2AR-decoy_884,COc1cc(OC)cc(c2ccc(c3ccc(O)cc3)cc2)c1,-3.879033214931601,0
b2AR-decoy_858,CCCCOC(=O)c1cc(C(C)(C)C)c(O)c(C(C)(C)C)c1,-3.874824174315025,0
b2AR-decoy_1835,CCc1ccccc1NS(=O)(=O)c1ccc2[nH]cc(C(=O)N(CC(C)C)CC(C)C)c(=O)c2c1,-3.86779186969868,0
b2AR-decoy_1093,CCCc1n[nH]c2c1C(c1ccc(Cl)cc1)c1c(nc3c(c1N)CSCC3)O2,-3.863950885693361,0
b2AR-decoy_609,C=C/C(C)=C/C[C@H]1C(=C)CC[C@H]2C(C)(C)[C@@H](OC(C)=O)[C@H](O)C[C@]12C,-3.86189871256082,0
b2AR-decoy_1687,Cc1cc(C)c(C)c(C(=O)C2OC(=O)C(C)(C)C(=O)C2(C)C)c1C,-3.861080358055271,0
b2AR-decoy_77,CCCCC1Oc2ccc(OC)cc2-c2ccc3c(c21)C(C)=CC(C)(C)N3,-3.855920645691925,0
b2AR-decoy_939,Cc1cc(C(c2ccc(O)cc2)c2cc(C)c(O)cc2C)c(C)cc1O,-3.845113416747421,0
b2AR-decoy_3137,COc1ccccc1c1cc2cc(C(C)(C)C(=O)NC(C)(C)C)ccc2n1CC(=O)NC(C)(C)C,-3.84368444158572,0
b2AR-decoy_315,CC(C)Oc1ccc(/C(=C(\C#N)c2ccccc2)c2ccc(O)cc2)cc1,-3.8383006742119368,0
b2AR-decoy_1285,CCCCOc1ccc(/C=C/c2cc(O)cc(O)c2)cc1,-3.8310944927765167,0
b2AR-decoy_828,CCCCC1Oc2cccc(OC)c2-c2ccc3c(c21)C(C)=CC(C)(C)N3,-3.829524821833451,0
b2AR-decoy_2334,Cc1cccc(c2ccc(c3cnc(N)nc3)c(F)c2)c1S(=O)(=O)NC(C)(C)C,-3.828901821449331,0
b2AR-decoy_1516,CCN(CC)C(=O)C1Sc2ccccc2-c2c1c1cc(OC)ccc1n2CCF,-3.8257400322267,0
b2AR-decoy_1967,O=C1OCC2=C1C1(C(=O)N(Cc3ccccc3)c3ccccc31)c1c([nH]nc1c1ccccc1)N2,-3.815199679580577,0
b2AR-decoy_18,CCOC(=O)c1nc(c2cc(C(C)(C)C)c(O)c(C(C)(C)C)c2)ns1,-3.8105769530265543,0
b2AR-decoy_2567,[O-][N+]1=C(c2ccccc2)/C(=C2\C(c3ccccc3)=[N+]([O-])c3ccccc32)Cc2ccccc21,-3.8093547392811686,0
b2AR-decoy_1582,O=C(NCCCn1ccc(=O)[nH]c1=O)C(c1ccccc1)(c1ccccc1)c1ccccc1,-3.808215402223291,0
b2AR-decoy_1522,CC(C)c1cc(CCCCCCC(O)(C(N)=O)C(F)(F)F)cc(C(C)C)c1O,-3.802138932035756,0
b2AR-decoy_1623,COc1ccc(/C=C/c2cc(OC)cc(OC)c2/C=C/C(=O)NCC(C)C)cc1,-3.79226105955311,0
b2AR-decoy_326,Cc1[nH]cc(Br)c(=O)c1c1ccc(Oc2ccccc2)cc1,-3.786660472191775,0
b2AR-decoy_2512,CC(C)CCn1c2ccc(C3CCCCO3)cc2c2c3c(c4c(c21)CCc1nn(C)cc1-4)C(=O)NC3,-3.77656635861263,0
b2AR-decoy_1807,Cc1noc(NS(=O)(=O)c2ccccc2c2ccc(CCC(C)C)cc2)c1C,-3.770691789812555,0
b2AR-decoy_2496,CCCCCCC(C)(C)c1ccc(c2cc(C)cc(C)c2)c(C(=O)OC)c1,-3.768417469976437,0
b2AR-decoy_2465,COC(=O)c1ccc(/C=C/c2ccc(/C=C/c3ccncc3)cc2)cc1,-3.76137568482593,0
b2AR-decoy_2912,O=C1c2c(Cl)c(Cl)c(Cl)c(Cl)c2C(=O)N1c1ccc(CCc2cccc(O)c2)cc1,-3.755104107130915,0
b2AR-decoy_1868,C[C@@H](c1ccc(c2ccc(=O)[nH]c2)cc1)N1CC[C@](CC(C)(C)NS(C)(=O)=O)(c2ccccc2)OC1=O,-3.751653955996191,0
b2AR-decoy_2918,C[Si]1(C)CCN(C(=O)c2cc(c3ccc(Cl)cc3)n(c3ccc(Cl)cc3)n2)CC1,-3.748450273207271,0
b2AR-decoy_595,CC(C)c1ccc(NC(=O)Oc2ccc3c(c2)[C@]2(C)CO[C@@H](C2)O3)cc1,-3.74844183675298,0
b2AR-decoy_1362,COc1ccc(/C(=C/c2cc(OC)cc(OC)c2)C(F)(F)F)cc1,-3.72177355388036,0
b2AR-decoy_774,COc1ccc2sc(C(=O)NC(C)C)c(SC(C)C)c2c1,-3.721038312009471,0
b2AR-decoy_1324,COc1cc(/C=C/c2ccc([N+](=O)[O-])cc2)cc(OC)c1,-3.68489811595955,0
b2AR-decoy_833,CC(C)c1cccc(C(C)C)c1OC(=O)NC(=O)SCc1ccc(Cl)cc1,-3.678987471617031,0
b2AR-decoy_1607,COc1cc(CNC(=O)COC(=O)/C=C(\C)CCC=C(C)C)c(I)cc1O,-3.678148600582915,0
b2AR-decoy_2749,CCCNS(=O)(=O)c1ccc(c2ccc3c(cnn3c3ccc(F)cc3)c2)c(C(F)(F)F)c1,-3.67384099329626,0
b2AR-decoy_630,CC(C)(C)c1ccccc1Oc1ncccc1Nc1nncs1,-3.673421354243101,0
b2AR-decoy_2776,CCS(=O)(=O)N(Cc1ccc(F)c(C(F)(F)F)c1)c1sc2ccccc2c1C(C)(C)O,-3.669239691027436,0
b2AR-decoy_2215,CC(C)=CC/C=C(/C)[C@H]1CC[C@]2(C)[C@@H]1[C@H](O)C[C@@H]1[C@@]3(C)CC[C@H](O)C(C)(C)[C@@H]3[C@@H](O)C[C@]12C,-3.667563634938032,0
b2AR-decoy_28,COc1ccc(C2CC(=O)c3c(O)cc(OC)c(CC=C(C)C)c3O2)cc1,-3.6640047260323287,0
b2AR-decoy_1002,C/C(=N\NC(=O)/C=C/c1ccc(C(C)(C)C)cc1)c1ccc(Cl)cc1,-3.6633460529210766,0
b2AR-decoy_3131,CC(C)Oc1ccc(Br)cc1C(C)NC(=O)NS(=O)(=O)c1ccc(Cl)cc1,-3.657648468689681,0
b2AR-decoy_1016,COc1cc(c2nccnc2c2ccc(N(C)C)cc2)cc(OC)c1OC,-3.657475260621,0
b2AR-decoy_1348,COC(=O)c1ccc(/C=C(\C)c2ccc3c(c2)C(C)(C)CO3)cc1,-3.656843213841748,0
b2AR-decoy_343,CN(C)c1ccc(/N=N/c2ccc(/C=C3\C(=O)Nc4ccccc43)cc2)cc1,-3.64391254490648,0
b2AR-decoy_831,CC(C)N(C(=O)[C@H]1CCC2C3CC=C4C=C(CO)CC[C@]4(C)C3CC[C@@]21C)C(C)C,-3.638042800051705,0
b2AR-decoy_213,CNC(=O)Nc1ccc(/C=C/C(=O)NCC(=O)N(C)c2ccc(Cl)c(COc3cccn4c(Br)c(C)nc34)c2Cl)cc1,-3.620426168797047,0
b2AR-decoy_822,C/C(=N\NC(=O)/C=C/c1ccc(C(C)(C)C)cc1)c1ccc(C2CCCCC2)cc1,-3.61715807904969,0
b2AR-decoy_878,CCCc1cc(c2c(O)c(C)c(C)c3c2CCC(C)(C)O3)no1,-3.6113451961740113,0
b2AR-decoy_2761,CC1(c2cccc(Cl)c2)CC(c2cccc(Cl)c2)=C(C#N)C(=C(C#N)C#N)N1,-3.594473482300546,0
b2AR-decoy_2785,CCCCc1ccc(CCc2cc3c(s2)-n2c(C)nnc2CN=C3c2ccccc2Cl)cc1,-3.59436384452853,0
b2AR-decoy_1504,CCc1ccc(Cc2cc(CCCl)ccc2OC(C)=O)c(OC(C)=O)c1,-3.587779029958141,0
b2AR-decoy_2840,O=C1/C(=C\c2ccc(Cl)cc2)SC2(CCCCC2)N1c1ccc(Br)cc1,-3.584414487133775,0
b2AR-decoy_296,CCN(C(=O)c1nc(C(=O)NCC(C)(C)O)sc1c1ccc(S(=O)(=O)N[C@@H](C)C(F)(F)F)c(Cl)c1Cl)C12CC(C1)C2,-3.5580321686675958,0
b2AR-decoy_2996,COC(=O)c1ccccc1c1ccc([C@@H](C)NC(=O)C2(NC(=O)C(F)(F)F)CC2)c(F)c1,-3.5426680290647763,0
b2AR-decoy_1411,COC(=O)c1cnc(N)s1,-3.5351213152447247,0
b2AR-decoy_2536,Cc1cnccc1c1cc(Cl)ccc1Oc1ccc(S(=O)(=O)Nc2ncns2)cc1C#N,-3.522510188582171,0
b2AR-decoy_729,COc1ccc(c2ccc3oc(c4ccc(OC)cc4)c(C#CCCO)c3c2)cc1,-3.520066872877905,0
b2AR-decoy_42,CCOC(=O)c1nsc(c2cc(C(C)(C)C)c(O)c(C(C)(C)C)c2)n1,-3.518349615305551,0
b2AR-decoy_172,C=CC(=O)Nc1cc(Nc2cc(c3cccc(NC(=O)c4ccc(N(C)C)cc4)c3C)cn(C)c2=O)ccc1C(=O)N(CCOCC)CCOCC,-3.51680013389519,0
b2AR-decoy_3156,CC1(C)[C@@H]2CC[C@@]1(C)/C(=N/CCCCCC/N=C1\C[C@H]3CC[C@]1(C)C3(C)C)C2,-3.5160925796502718,0
b2AR-decoy_2257,Cc1c(C(=O)NC(=O)C(C)C)nn(c2ccc(Cl)cc2Cl)c1c1ccc(Cl)cc1,-3.513336540216856,0
b2AR-decoy_471,C[C@]12CC[C@@H]3c4ccc(OC(N)=O)cc4CC[C@H]3[C@@H]1CCC2=O,-3.505347418419901,0
b2AR-decoy_2327,C[C@H]1CCc2cc(c3ncccc3CO)ccc2N1C(=O)c1ccc(O)cc1O,-3.5039968661756,0
b2AR-decoy_2456,CC(C)C1=C(Sc2ccccc2)c2ccc3c(c2C(=O)C1=O)CCCC3(C)C,-3.496705876311765,0
b2AR-decoy_310,COc1ccc(CN(C(=O)Cn2cc(CNS(=O)(=O)c3ccc(Br)cc3)nn2)c2cc(OC)c(OC)c(OC)c2)cc1,-3.491366891511598,0
b2AR-decoy_1500,C/C=C/C#CC#C[C@H](O)CCO,-3.49029792742273,0
b2AR-decoy_2837,C[N+](C)(CCCN1c2ccccc2Sc2ccc(Cl)cc21)Cc1ccccc1Cl,-3.4824404305624164,0
b2AR-decoy_1359,CCCCc1cc(OC)c2c(C)cc(C)c(C)c2c1OC(C)=O,-3.479696496138581,0
b2AR-decoy_959,CC(C)Sc1sc(C(=O)NC2CC2)c(c2ccc(Cl)cc2)c1C#N,-3.459217282233765,0
b2AR-decoy_2569,CC(=O)SS[C@]1(Cl)C(C)(C)[C@@](Cl)(SSC(C)=O)C1(C)C,-3.4533952995866954,0
b2AR-decoy_2494,CCCCCc1cc2c(c(N(C)C)c1)C1=C(CCC(C)C1)C(C)(C)O2,-3.452588420988125,0
b2AR-decoy_3172,CC1=C(C/C=C(\C)CC/C=C(\C)Cc2ccc(C)cc2C)C(=O)c2ccccc2C1=O,-3.451546055160841,0
b2AR-decoy_2490,COc1ccc(C2(c3ccc(OC)cc3)Sc3ccccc3-n3cccc32)cc1,-3.442441330472451,0
b2AR-decoy_1364,Cc1ccc(/C(=C(/C#N)c2ccc(O)cc2)c2ccc(O)cc2)cc1,-3.439877391737676,0
b2AR-decoy_2530,C/C(=N\OC(C)C)c1ccc2c(c1)c1c3c(c4c(c1n2C(C)C)CCc1nn(C)cc1-4)C(=O)NC3,-3.43909829689185,0
b2AR-decoy_2816,CC(=O)O[C@H]1CC[C@@]2(C)[C@@H](CC[C@]3(C)[C@@H]2CCC2[C@@H]([C@@](C)(O)CCC=C(C)C)CC[C@]23C)C1(C)C,-3.43738632876652,0
b2AR-decoy_2629,COC(=O)c1ccc(S(=O)(=O)N(CCCCC(F)(F)F)c2sc3ccccc3c2C(C)C)cc1,-3.435479471723246,0
b2AR-decoy_1260,CC(F)(F)c1nn2cc(c3cc4cccc(OC(F)(F)F)c4o3)nc2s1,-3.4342351870731385,0
b2AR-decoy_2807,CN(C(=O)Oc1ccc(Cl)cc1)[C@H]1CC[C@H](c2ccc(C[N+]3([O-])CCCCC3)cc2)CC1,-3.4229949587399853,0
b2AR-decoy_2811,CN(C)c1ccc(/C=C/c2ccc(c3nc4cc(OCCCF)ccc4s3)cc2)cc1,-3.41817524052331,0
b2AR-decoy_1664,CCOC(=O)c1c(C)n(C)c2ccc(OC(=O)c3ccoc3)cc12,-3.41725012773074,0
b2AR-decoy_2652,CCO/C(CC1=CC[C@H]2[C@@H]3CCc4cc(OC)ccc4[C@H]3CC[C@]12C)=N/S(=O)(=O)c1ccc(C)cc1,-3.416760383832126,0
b2AR-decoy_1023,CCCCc1nc(Cl)c(/C=C/C(=O)c2ccc(Cl)s2)n1C,-3.4061365120064613,0
b2AR-decoy_3048,COC1=C[C@@]2(C)C(C[C@@H](OC(C)=O)[C@@]3(C)C4=CC[C@@H](c5ccoc5)[C@]4(C)CCC23)C(C)(C)C1=O,-3.40451868789549,0
b2AR-decoy_2879,Cn1cccc1/C=C/c1cc(Br)c(/C=C/c2cccn2C)cc1Br,-3.394557518185405,0
b2AR-decoy_111,CC(C)(C)c1ccc(/C=N/Nc2ncnc3sc4c(c23)CCCC4)cc1,-3.390235192264896,0
b2AR-decoy_2925,CC(C)(C)Oc1cccc(C(=O)N2Cc3ccccc3C(c3ccccc3)c3ccccc32)c1,-3.3899304655197477,0
b2AR-decoy_285,Cc1ccc2cccc(OCc3c(N4CCCC4=O)ccc(n4cccc4CNC(=O)/C=C/c4ccc(N5CCCC5=O)cc4)c3N3CCCC3=O)c2n1,-3.3818598308664614,0
b2AR-decoy_652,N#Cc1c(c2ccccc2)cc2[nH]nc(c3ccccc3)c2c1c1ccccc1,-3.3779792820096155,0
b2AR-decoy_82,CC(C)=CCc1c(O)c2c(c3c1OC(C)(C)C=C3)CC=C(c1ccc(O)c(O)c1)C2=O,-3.3778661906520115,0
b2AR-decoy_1933,COc1ccc2c(c1)[nH]c1c(C)[n+](CCCC[n+]3ccc4c([nH]c5cc(OC)ccc54)c3C)ccc12,-3.377226683749377,0
b2AR-decoy_1638,CCOC(=O)Cc1cc(c2ccc(C)cc2)n(c2ccc(S(C)(=O)=O)cc2)c1C,-3.366969663539221,0
b2AR-decoy_1429,S=c1[nH]nc(c2n[nH]c(=S)s2)s1,-3.36495198114411,0
b2AR-decoy_1545,CCCCCCCCCCC1=C(OC(C)=O)C(=O)c2ccccc2C1=O,-3.363100137149025,0
b2AR-decoy_2383,CNC(=O)c1c(SSc2[nH]c3ccccc3c2C(=O)NC)[nH]c2ccccc12,-3.3529254051559247,0
b2AR-decoy_2489,CC(C)CN(CC(C)C)C(=O)/C=C/C1=C(Cc2ccccc2)c2ccccc2CC1,-3.3490589744761987,0
b2AR-decoy_2876,CCCCCCC1(c2cc(O)c3c(c2)OC(C)(C)[C@@H]2CC=C(C)C[C@@H]32)CCCC1,-3.343263168164505,0
b2AR-decoy_1897,Cc1cc2oc(=O)cc(c3ccccc3)c2c(C)c1c1cccc(Cl)c1,-3.34294105565414,0
b2AR-decoy_1378,C/C(=N\OC(=O)c1ccc(OC(C)C)cc1)c1ccc(C)c(C)c1,-3.33591431684061,0
b2AR-decoy_152,C=C(C)[C@@H]1CC[C@]2(C(=O)NCCCCCCCC(=O)NCC(=O)[O-])CC[C@]3(C)[C@H](CC[C@@H]4[C@@]5(C)CC[C@H](O)C(C)(C)[C@@H]5CC[C@]43C)[C@@H]12,-3.332661333470666,0
b2AR-decoy_337,CC(=O)Oc1ccc(O)c(C[C@]2(C)[C@@H](C)CC[C@]3(C)C(C)=CCC[C@H]32)c1,-3.325746783568425,0
b2AR-decoy_1603,CC(C)C[C@H](C(N)=O)N(Cc1ccc2c(c1)OCO2)S(=O)(=O)c1ccc(Cl)cc1,-3.323053610569656,0
b2AR-decoy_806,COc1cc(OC)cc(c2sc3ccc(OC)cc3c2c2ccc3cc[nH]c3c2)c1,-3.3070918675769017,0
b2AR-decoy_187,O=C(/C=C/c1cc(O)c(O)c(O)c1)NCCCCCCCC[P+](c1ccccc1)(c1ccccc1)c1ccccc1,-3.30672017016824,0
b2AR-decoy_645,CCCCCc1cc(NC(C)=O)c2c(c1)OC(C)(C)C1=C2CC(C)CC1,-3.3024458597465856,0
b2AR-decoy_1819,CCCN(CC(=O)Nc1ccccc1C)C(=O)c1ccc(C(=O)c2ccccc2)cc1,-3.2963025363909466,0
b2AR-decoy_2779,CCC(C)(C)c1nnc(c2nn(c3ccc(Cl)cc3Cl)c(c3ccc(Cl)cc3)c2C)o1,-3.291168452351295,0
b2AR-decoy_3141,C[C@H](c1ccc(Cl)cc1)N(C(=O)/C=C/c1ccccc1)[C@H](C(N)=O)c1ccc(Cl)cc1,-3.2853752975611163,0
b2AR-decoy_710,COC(=N)/C(=C1\OC(=N)C(c2ccc(Cl)cc2)=C1O)c1ccc(Cl)cc1,-3.252262214152545,0
b2AR-decoy_251,COc1ccc(S(=O)(=O)N(CC(C)C)C[C@@H](O)[C@H](Cc2ccccc2)NC(=O)c2cccc(C(=O)N(C)Cc3nc(C)oc3C)c2)cc1,-3.219530303478465,0
b2AR-decoy_2713,C[C@H](CC[C@@H](O)C(C)(C)O)[C@H]1CC[C@]2(C)C3CCC4C(C)(C)C(=O)C(C=O)=C[C@]4(C)C3=CC[C@]12C,-3.21500588124162,0
b2AR-decoy_3093,Cc1ccc(C)c(/C=C(\C(=O)c2ccc(Cl)cc2)S(=O)(=O)Cc2ccc(Cl)cc2)c1,-3.172507637944745,0
b2AR-decoy_3043,COC(=O)c1ccc(/C=C/c2c3ccccc3sc2c2ccc(OC)cc2)cc1,-3.172301220232841,0
b2AR-decoy_1915,CCCC(=O)c1cc(C(C)(C)C)c2c(c1)C(C1CCCC1)(C1CCCC1)CO2,-3.148542801708265,0
b2AR-decoy_2871,CC1=CC[C@@H]2[C@@H](C1)c1c(O)cc(C(C)(C)c3ccc(F)cc3)cc1OC2(C)C,-3.129391696957297,0
b2AR-decoy_2363,Cc1nc(N)ncc1c1ccc(c2ccccc2S(=O)(=O)NC(C)(C)C)cc1F,-3.103004943290175,0
b2AR-decoy_1726,CC(C)(C)NC(=O)C(c1ccc(Cl)cc1)N(Cc1ccco1)C(=O)CCl,-3.1017160552513348,0
b2AR-decoy_2685,Cc1ccccc1C1CC(c2ccc(OCc3ccccc3)cc2)=NN1c1ccc(S(N)(=O)=O)cc1,-3.101690758949829,0
b2AR-decoy_2152,CCC(=O)Nc1ccccc1Sc1ncnc2scc(c3ccccc3)c12,-3.0949993047247366,0
b2AR-decoy_1503,CC(=O)OC(CC(C)C)P1(=O)N(CC(C)(C)C)[C@@H]2CCCC[C@H]2N1CC(C)(C)C,-3.091494511834437,0
b2AR-decoy_2888,COC(=O)c1cc(CSc2nnc(c3ccc(C)cc3)c(c3ccc(C)cc3)n2)oc1C,-3.070953437803851,0
b2AR-decoy_2281,O=C(/C(=C\c1c2ccccc2[nH]c1c1ccccc1)C(=O)C(F)(F)F)c1ccco1,-3.049540305943781,0
b2AR-decoy_3057,CC(C)C1=C(Sc2ccc(Br)cc2)c2ccc3c(c2C(=O)C1=O)CCCC3(C)C,-3.031583928991896,0
b2AR-decoy_2663,CO/C=C(/C(=O)OC)c1ccccc1COc1cccc(C(=O)/C=C/c2ccc(Br)cc2)c1,-3.029832971542725,0
b2AR-decoy_2747,COc1ccc2cc(CC(=O)OCCC3(C)CCc4c(C)c(O)c(C)c(C)c4O3)ccc2c1,-3.02483291741332,0
b2AR-decoy_2095,CC(C)Cc1ccc(c2n[nH]c3c2C(c2ccc(N(C)C)cc2)C(C#N)=C(N)O3)cc1,-3.004780786519256,0
b2AR-decoy_106,COc1c2c(c(/C=C\C(C)(C)O)c3oc(c4ccccc4)cc(=O)c13)OC(C)(C)C=C2,-3.0040140436032186,0
b2AR-decoy_2517,CC(C)(C)NC(=O)C(c1cccnc1)N(C(=O)c1ccco1)c1ccc(c2ccc(F)c(F)c2)cc1,-2.994221484340721,0
b2AR-decoy_719,Oc1ccc(C(O)(c2ccccc2)c2ccc(O)c3ccccc23)c2ccccc12,-2.988378971138691,0
b2AR-decoy_1870,O=C(NCCO)/C(=C/c1ccc(Oc2ccccc2Br)cc1)NC(=O)c1ccccc1,-2.9695871036507784,0
b2AR-decoy_1301,CC(=O)Oc1cc(C)cc(Oc2cc(C)cc(OC(C)=O)c2)c1,-2.95393487569521,0
b2AR-decoy_284,CC(C)[C@@H](C)[C@@]1(C)CC[C@]2(C)[C@H]3CC[C@H]4[C@@]5(C)COC[C@@]4(C[C@@H](n4ncnc4c4ncccn4)[C@@H]5OC[C@](C)([NH3+])C(C)C)C3=CC[C@@]2(C)[C@@H]1C(=O)[O-],-2.951039600816,0
b2AR-decoy_1244,COC(=O)/C1=C\CC[C@]2(C)O[C@H]2CC/C(C(=O)OC)=C/C=C(/C(C)C)CC1,-2.9232558934839616,0
b2AR-decoy_2367,CCNS(=O)(=O)c1ccccc1c1ccc(c2cnc(N)nc2)c(F)c1,-2.9163608326111,0
b2AR-decoy_1889,CCOC(=O)/C=C(C)/C(F)=C/C=C(C)/C=C/c1c(C)cc(C)c(Cl)c1C,-2.91512640401221,0
b2AR-decoy_1048,COC(=O)/C=C\c1ccc(OC/C=C(\C)CCC=C(C)C)cc1,-2.9044911452064985,0
b2AR-decoy_1917,Cn1cc(/C=C2\CCC/C(=C\c3cn(C)c4ccccc34)C2=O)c2ccccc21,-2.874452227051525,0
b2AR-decoy_1841,COc1ccc(CN([C@H](CC(C)C)C(N)=O)S(=O)(=O)c2ccc(C(F)(F)F)cc2)cc1F,-2.864452535805127,0
b2AR-decoy_1843,COc1ccc(OC)c(S/C(N)=C(C#N)/C(C#N)=C(\N)Sc2cc(OC)ccc2OC)c1,-2.842565399076526,0
b2AR-decoy_657,CC(C)(C)c1cc(C(=O)/C=C/c2ccc3c(c2)CCO3)cc(C(C)(C)C)c1O,-2.8039556840948867,0
b2AR-decoy_1765,COC(=O)C(C)(C)Oc1ccc(C(=O)/C=C/c2c(C)[nH]c3ccccc23)cc1,-2.772719695844857,0
b2AR-decoy_357,Cc1cc2oc(=O)cc(c3ccccc3)c2cc1c1ccc(CO)cc1,-2.769457650440245,0
b2AR-decoy_301,COc1cc([C@](O)(CC[NH+](C)C)[C@@H](c2cc3cc(Br)ccc3nc2OC)c2ccnc(OC)c2OC)cc(OC(C)C)n1,-2.730664234831928,0
b2AR-decoy_3042,CC(=O)OC[C@]12CCCC(C)(C)[C@@H]1CC[C@@]1(C)[C@@H]3CCc4cocc4[C@@]3(C)[C@H](OC(C)=O)C[C@@H]12,-2.704081254183186,0
b2AR-decoy_3184,Cc1cc(C)c(C2=C(C(=O)C3C(C=C(Cl)Cl)C3(C)C)C3(CCCC3)OC2=O)c(C)c1,-2.675966852915356,0
b2AR-decoy_1551,CCCCCCCCCOC1(c2ccc(Cl)cc2)SC=C(C)n2c1noc2=O,-2.67501760206318,0
b2AR-decoy_2654,COc1ccc(C(=O)CN2C(=O)S/C(=C\C3=C(Cl)c4cc(C)c(C)cc4CCC3)C2=O)cc1,-2.670933940823576,0
b2AR-decoy_2251,Cc1ccccc1/C=C1\CN(C(=S)Nc2ccccc2)C/C(=C\c2ccccc2C)C1=O,-2.6675009888252648,0
b2AR-decoy_2487,CCOC(=O)/C=C(C)/C=C/C=C(\C)c1ccc2c(c1)C(C)(C)CCS2,-2.6673452190305014,0
b2AR-decoy_1851,CSC(SC)=C(C#N)C(=O)N/N=C(\C)c1ccc(NS(=O)(=O)c2ccc(Cl)cc2)cc1,-2.6554329002651453,0
b2AR-decoy_273,CCCCN(CCCC)C(=O)c1cc(C)n(c2ccc(N[S+]([O-])c3c(C)onc3c3ccccc3)cc2C(=O)N2Cc3ccccc3C[C@H]2CO)n1,-2.645306340510305,0
b2AR-decoy_549,CCc1ccc(c2[nH]nc3c2C(=O)c2c(NC(C)=O)cccc2-3)cc1,-2.632816373889107,0
b2AR-decoy_654,Oc1nnc(c2ccccc2)c(c2ccccc2)c1c1ccccc1,-2.588430729837368,0
b2AR-decoy_3058,COC(=O)[C@]12CC[C@@H](C(C)C)C1C1CC[C@@H]3[C@@]4(C)C=CC(=O)C(C)(C)C4CC[C@@]3(C)[C@]1(C)CC2,-2.518858652188807,0
b2AR-decoy_1880,Cc1cc(=O)oc2c1ccc1oc(c3ccccc3)c(c3ccccc3)c12,-2.514687132692597,0
b2AR-decoy_1494,CC(C)(C)NC(=O)/C=N/O,-2.48996769490165,0
b2AR-decoy_3069,COC(=O)[C@]12CCC(C)(C)C[C@H]1C1=CC[C@@H]3[C@@]4(C)C[C@@H](C=O)C(C)(C)[C@@H]4CC[C@@]3(C)[C@]1(C)CC2,-2.48619764622297,0
b2AR-decoy_2589,Cc1ccc(CS(=O)(=O)/C(=C/c2cc(C)cc(C)c2)C(=O)c2ccc(Cl)cc2)cc1,-2.467183246714935,0
b2AR-decoy_664,Cc1cc2oc(=O)cc(c3ccccc3)c2c(C)c1c1ccc(CO)cc1,-2.438544038117241,0
b2AR-decoy_2563,Cc1cccc(NC(=O)C(=O)C(C(=O)c2ccc3ccccc3c2)C2OC(=O)c3ccccc32)c1C,-2.4352022369126174,0
b2AR-decoy_1876,CCC/C=C\Cn1nnc(c2ccc(Cl)cc2Cl)c1c1ccc(Cl)cc1,-2.405433056326137,0
b2AR-decoy_262,COc1ccc(S(=O)(=O)N(Cc2ccc3c(c2)OCO3)[C@H](Cc2cncn2C(c2ccccc2)(c2ccccc2)c2ccccc2)C(=O)NO)cc1,-2.391721426923395,0
b2AR-decoy_2269,CC(=O)O[C@H]1CC[C@@]2(C)C(=CC[C@H]3[C@@H]4CC[C@H]([C@@](C)(O)c5ccccn5)[C@@]4(C)CC[C@@H]32)C1,-2.3876988919125184,0
b2AR-decoy_641,Cc1cc(CO)ccc1c1c(C)cc2oc(=O)cc(c3ccccc3)c2c1C,-2.3833654195289284,0
b2AR-decoy_2605,CC(C)CCC1(CCC(C)C)Cc2c(cc(C(C)(C)C)c(O)c2C(C)(C)C)O1,-2.374053094277441,0
b2AR-decoy_941,CCOC(=O)/C=C1\CC[C@H]2[C@@H]3CCc4cc(O)c(CC)cc4[C@H]3CC[C@]12C,-2.346609416843497,0
b2AR-decoy_2911,CCC(CC)N1C(=O)[C@@](C)(CS(C)(=O)=O)C[C@H](c2cccc(Cl)c2)[C@H]1c1ccc(Cl)cc1,-2.345366467934612,0
b2AR-decoy_1856,C/C(CC(=O)NCC(C)C)=N\NC(=O)COc1cc(C)c(Br)cc1Br,-2.326926320159078,0
b2AR-decoy_2230,COc1c(O)ccc2c1-c1ccc3c(c1/C(=C/c1ccc(F)cc1CO)O2)C(C)=CC(C)(C)N3,-2.308180795705659,0
b2AR-decoy_2507,O=C1/C(=C/c2ccc(N3CCCC3)cc2)CCC/C1=C\c1ccc(N2CCCC2)cc1,-2.304111431749148,0
b2AR-decoy_1901,CC1=C(/C=C/C(C)=C/C=C/C(C)=C/C(=O)N2CCCCCC2)C(C)(C)CCC1,-2.234835962596407,0
b2AR-decoy_2225,CC(=O)Oc1cc2c(cc1C(C)C)CC[C@@H]1[C@]2(C)CCC[C@@]1(C)CNC(=O)c1ccncc1,-2.148644565590491,0
b2AR-decoy_98,CCCCNC(=S)N1C/C(=C\c2ccc(C)cc2)C(=O)/C(=C/c2ccc(C)cc2)C1,-2.115231647022525,0
b2AR-decoy_2218,CC(C)CCC[C@](C)(O)[C@H]1CC[C@]2(C)[C@@H]1[C@H](O)C[C@@H]1[C@@]3(C)CC[C@H](O)C(C)(C)[C@@H]3CC[C@]12C,-2.107917175948721,0
b2AR-decoy_2660,C=C[C@@H]1c2cc(C)ccc2N(S(=O)(=O)c2ccc(C)cc2)[C@H](c2ccc(C(C)(F)F)cc2)C1(C#N)C#N,-2.1022593620328287,0
b2AR-decoy_2821,CCCN(CCC)c1c([N+](=O)[O-])cc(Sc2cc(C)c(Cl)cc2Cl)cc1[N+](=O)[O-],-2.0885507679576465,0
b2AR-decoy_2391,C=CCNc1nc(N)c(C(=C(C#N)C#N)c2ccc(Br)cc2)s1,-2.0544902425674163,0
b2AR-decoy_2734,CCCCNC(=O)C1C(c2ccccc2)=Nc2ccccc2N1C(=O)c1ccc(C(F)(F)F)cc1,-2.0327039543229453,0
b2AR-decoy_2442,C/C(=C\c1ccc(S(C)(=O)=O)cc1)c1ccc2c(c1)C(C)(C)CCC2(C)C,-1.9244127518896696,0
b2AR-decoy_2679,CC1(C)OC(C(O)(c2ccccc2)c2ccccc2)C(C(O)(c2ccccc2)c2ccccc2)O1,-1.8650236307290164,0
b2AR-decoy_3004,COc1ccc(OC)c(CCn2ccc3ccc(c4ccccc4S(N)(=O)=O)cc3c2=O)c1,-1.859282834960318,0
b2AR-decoy_286,C[NH2+][C@@](C)(CO[C@H]1[C@H](n2ncnc2c2ccccn2)C[C@@]23COC[C@]1(C)[C@@H]2CC[C@H]1C3=CC[C@@]2(C)[C@H](C(=O)[O-])[C@@](C)([C@H](C)C(C)C)CC[C@]12C)C(C)C,-1.8097508698477087,0
b2AR-decoy_2858,COC(=O)[C@]1(C)CCC[C@]2(C)c3cc(c4cscn4)c(C(C)C)cc3CC[C@H]21,-1.7963296724318347,0
b2AR-decoy_2523,CC(C)(C)NC(=O)C(c1cccnc1)N(C(=O)Cc1cccnc1)c1ccc(C(C)(C)C)cc1,-1.3754639284503614,0
b2AR-decoy_660,CC(=O)Oc1c(C(C)C)c(C(C)C)c(O)c(c2ccc(F)cc2)c1C(C)C,-1.275257057455791,0
b2AR-decoy_3183,CCOC(=O)/C=C(C)/C(F)=C/C(F)=C(C)/C=C/c1c(C)cc(OC)c(C)c1C,-1.27468883991578,0
b2AR-decoy_205,NS(=O)(=O)c1nc2ccc(OC(=O)C(F)(F)C(F)(F)C(F)(F)C(F)(F)C(F)(F)C(F)(F)C(F)(F)C(F)(F)F)cc2s1,-1.2047452998935997,0
b2AR-decoy_2880,O=S(=O)(c1ccc(Cl)cc1Cl)c1sc2ncccc2c1c1ccc(Cl)cc1,-1.185696204271225,0
b2AR-decoy_2424,CC(/C=C/c1cc(C)c2cc(C(C)C)ccc(C)c1-2)=C\C=C\C(C)=C\C(=O)[O-],-1.0966296885621762,0
b2AR-decoy_217,O=C(CCCn1ccc(=O)[nH]c1=O)N1CCC[C@H]1C(O)(c1cccc(c2ccsc2)c1)c1cccc(c2ccsc2)c1,-1.079660847860695,0
b2AR-decoy_1859,CCn1cc(C(CC)(CC)c2ccc(C#CC(O)(CC)CC)c(C)c2)cc1C(=O)NCC(=O)OC,-1.0306642011630451,0
b2AR-decoy_3173,CC1=C(/C=C/C(C)=C/C=C/C(C)=C/C(=O)OCOC(=O)C(C)C)C(C)(C)CCC1,-0.8208706990227581,0
b2AR-decoy_799,CC(C)Oc1ccc(/C=C2/C(=O)Nc3ccc(Cl)cc32)c(OC(C)C)c1,-0.7943150042797749,0
b2AR-decoy_2681,Nc1cc[n+](Cc2ccc(CCc3ccc(C[n+]4ccc(N)c5ccccc54)cc3)cc2)c2ccccc12,-0.7122234862738814,0
b2AR-decoy_300,NS(=O)(=O)c1ccc(NC(=O)C(F)(F)C(F)(F)C(F)(F)C(F)(F)C(F)(F)C(F)(F)C(F)(F)C(F)(F)F)c(Br)c1,-0.503847205849155,0
b2AR-decoy_2865,CC(C)c1cc2c(cc1OC(=O)c1cccnc1)[C@@]1(C)CCCC(C)(C)[C@@H]1CC2,-0.4213194115988949,0
b2AR-decoy_160,O=C([O-])c1cc(N(Cc2ccc(C3CC[NH2+]CC3)cc2)C(=O)CN(Cc2ccccc2)S(=O)(=O)c2ccc(c3ccccc3)cc2)ccc1O,-0.293244552309305,0
b2AR-decoy_159,Cc1ccc(CC(O)CCc2ccccc2C(=O)N(CCO)C(C)(C)C)c(C(=O)N(CCO)C(C)(C)c2ccccc2)c1,0.0805339801488802,0
b2AR-decoy_2792,CCCCCCCCS(=O)(=O)N1CCC(=C2c3ccc(Cl)cc3CCc3cccnc32)CC1,1.3484007411276735,0
