ligand_id,SMILES,dock38_score,is_active
ASD01820204,c1ccc2c(-c3ccc(-c4c(CCCNC5CCCCC5)ccc5ccccc45)cc3)c(CCCNC3CCCCC3)ccc2c1,-49.25,1
ASD01820032,Clc1cccc(Cl)c1CON=Cc1cc[n+](CCCc2ccccc2)cc1,-47.22,1
ASD01820178,C[N+](C)(CCCCCC[N+](C)(C)CCCN1C(=O)c2cc3ccccc3cc2C1=O)CCCN1C(=O)c2cc3ccccc3cc2C1=O,-44.73,1
ASD01820170,C[N+](C)(CCCCCC[N+](C)(C)CCCN1C(=O)c2cccc3cccc(c23)C1=O)CCCN1C(=O)c2ccccc2C1=O,-44.32,1
ASD01820173,C[N+](C)(CCCCCC[N+](C)(C)CCCN1C(=O)c2cc(F)c(F)cc2C1=O)CCCN1C(=O)c2cc(F)c(F)cc2C1=O,-43.05,1
ASD01830023,O=C1CC2OCC=C3C[N+]4(Cc5ccc(-c6ccccc6)cc5)CCC56c7ccccc7N1C5C2C3CC64,-42.88,1
ASD01840068.1,Cc1c(Cl)c(OCC(=O)N2CCN(C)CC2)nc2sc(C(=O)NC3CC3)c(N)c12,-42.22,1
ASD01820036,CCC[n+]1ccc(C=NOCc2c(Cl)cccc2Cl)cc1,-41.64,1
ASD01820180,C[N+](C)(CCCCCC[N+](C)(C)CCCN1C(=O)c2cccc3cccc(c23)C1=O)CCCN1C(=O)c2cccc3cccc(c23)C1=O,-41.54,1
ASD01820068,O=C1c2ccccc2C(=O)N1CC[n+]1ccc(CCCc2cc[n+](CCN3C(=O)c4ccccc4C3=O)cc2)cc1,-41.41,1
ASD01820041,C[N+](C)(CCCCCC[N+](C)(C)CCCN1C(=O)c2ccccc2C1=O)CCCN1C(=O)c2ccccc2C1=O,-40.44,1
ASD01820217,C=CC1CN2CCC1CC2C(O)c1ccnc2ccc(OC)cc12,-40.26,1
ASD01820044,CC(C)(CN1C(=O)c2ccccc2C1=O)C[N+](C)(C)CCCCCC[N+](C)(C)CCCN1C(=O)c2ccccc2C1=O,-39.57,1
ASD01820195,CC(C)(CN1C(=O)c2cccc3cccc(c23)C1=O)C[N+](C)(C)CCCCCC[N+](C)(C)CCCN1C(=O)c2cccc3cccc(c23)C1=O,-39.5,1
ASD01820070,O=C1c2ccccc2C(=O)N1CCCC[n+]1ccc(CCCc2cc[n+](CCCCN3C(=O)c4ccccc4C3=O)cc2)cc1,-39.05,1
ASD01820163,C[N+](C)(CCCCCC[N+](C)(C)CCCN1C(=O)c2cc(F)c(F)cc2C1=O)CCCN1C(=O)c2ccccc2C1=O,-39.02,1
ASD01820169,C[N+](C)(CCCCCC[N+](C)(C)CCCN1C(=O)c2cc(Cl)c(Cl)cc2C1=O)CCCN1C(=O)c2ccccc2C1=O,-38.33,1
ASD01820033,COc1ccc(CCC[n+]2ccc(C=NOCc3c(Cl)cccc3Cl)cc2)cc1,-38.17,1
ASD01820085,OC(c1cc(C(F)(F)F)nc2c(Cl)cc(Cl)cc12)C1CCCCN1,-38.1,1
ASD01820109,O=C(NC(c1ccccc1Cl)C(F)(F)F)c1cn(-c2ccc(F)cc2F)c2nc(N3CC(O)CC3=O)ccc2c1=O,-37.87,1
ASD01820191,Cc1ccc2c(c1)C(=O)N(CCC[N+](C)(C)CCCCCC[N+](C)(C)CCCN1C(=O)c3cccc4cccc(c34)C1=O)C2=O,-37.81,1
ASD01820042,CC(CN1C(=O)c2ccccc2C1=O)C[N+](C)(C)CCCCCC[N+](C)(C)CCCN1C(=O)c2ccccc2C1=O,-37.75,1
ASD01820016,CC[N+](C)(C)CCCCCC[N+](C)(C)CCCN1C(=O)c2ccccc2C1=O,-37.55,1
ASD01820214,COc1ccc(CCN(C)CCCC(C#N)(c2ccc(OC)c(OC)c2)C(C)C)cc1OC,-37.53,1
ASD01820005,Cc1c(Cl)c(OCC(=O)N2CCN(C)CC2)cc2sc(C(=O)NC3CC3)c(N)c12,-37.32,1
ASD01820027,ON=Cc1cc[n+](CCC[n+]2ccc(C=NOCc3c(Cl)cccc3Cl)cc2)cc1,-37.25,1
ASD01820059,C[N+](C)(CCCN1C(=O)c2ccccc2C1=O)CCCN1C(=O)c2ccccc2C1=O,-37.08,1
ASD01820227,C1=C2C[N+]3(Cc4ccccc4)CCC45c6ccccc6N6C7OCC=C8C[N+]9(Cc%10ccccc%10)CCC%10%11c%12ccccc%12N(C(OC1)C(C2CC43)C65)C%10C7C8CC%119,-36.9,1
ASD01820179,C[N+](C)(CCCCCC[N+](C)(C)CCCN1C(=O)c2cc(Cl)c(Cl)cc2C1=O)CCCN1C(=O)c2cc(Cl)c(Cl)cc2C1=O,-36.87,1
ASD01820052,C[N+](C)(CCCN1C(=O)c2ccccc2C1=O)CCC[N+](C)(C)CCCN1C(=O)c2ccccc2C1=O,-36.56,1
ASD01820167,C[N+](C)(CCCCCC[N+](C)(C)CCCN1C(=O)C2C3c4ccccc4C(c4ccccc43)C2C1=O)CCCN1C(=O)c2ccccc2C1=O,-36.26,1
ASD01830022,O=C1CC2OCC=C3C[N+]4(Cc5ccc6ccccc6c5)CCC56c7ccccc7N1C5C2C3CC64,-36.22,1
ASD01820074,O=C1CCc2ccccc2N1CCCN1CCC(CCCCCCCCCO)CC1,-36.1,1
ASD01820193,Cc1ccc2c(c1)C(=O)N(CC(C)(C)C[N+](C)(C)CCCCCC[N+](C)(C)CCCN1C(=O)c3cccc4cccc(c34)C1=O)C2=O,-36.03,1
ASD01820030,CN(C)c1cc[n+](CCC[n+]2ccc(C=NOCc3c(Cl)cccc3Cl)cc2)cc1,-36.02,1
ASD01820017,CCCCCC[N+](C)(C)CCCN1C(=O)c2ccccc2C1=O,-35.99,1
ASD01820053,C[N+](C)(CCCC[N+](C)(C)CCCN1C(=O)c2ccccc2C1=O)CCCN1C(=O)c2ccccc2C1=O,-35.97,1
ASD01820171,C[N+](C)(CCCCCC[N+](C)(C)CCCN1C(=O)c2nccnc2C1=O)CCCN1C(=O)c2nccnc2C1=O,-35.92,1
ASD01820011,CN1CCC=C(c2nsnc2OCCCCCCCC2CCN(CCCN3C(=O)CCc4ccccc43)CC2)C1,-35.75,1
ASD01820150,N#CC[N+]12CCC34c5ccccc5N5C6OCC=C7C[N+]8(CC#N)CCC9%10c%11ccccc%11N(C%11OCC=C(C1)C(CC32)C%11C54)C9C6C7CC%108,-35.69,1
ASD01820031,Clc1cccc(Cl)c1CON=Cc1cc[n+](CCC[n+]2ccccc2)cc1,-35.67,1
ASD01810029,COc1ccc2c(c1)c1c3c(cc4c1n2C(=O)CC4)CCNC3,-35.42,1
ASD01820014,CC12CCCCC1(C)C(=O)N(CCC[N+](C)(C)CCCCCC[N+](C)(C)CCCN1C(=O)c3ccccc3C1=O)C2=O,-35.28,1
ASD01820098,C[N+](C)(CC#CCOC1=NOCC1)CCCCCC[N+](C)(C)CCCN1C(=O)c2cccc3cccc(c23)C1=O,-35.14,1
ASD01820225,C#CC[N+]12CCC34c5ccccc5N5C6OCC=C7C[N+]8(CC#C)CCC9%10c%11ccccc%11N(C%11OCC=C(C1)C(CC32)C%11C54)C9C6C7CC%108,-35.14,1
ASD01820013,CN1CCC=C(c2nsnc2OCCCCCCCCCC2CCN(CCCN3C(=O)CCc4ccccc43)CC2)C1,-35.13,1
ASD01820075,O=C1CCc2ccccc2N1CCCN1CCC(CCCCCCCCCCCO)CC1,-35.11,1
ASD01820035,CC[N+](CC)(CC)CCC[n+]1ccc(C=NOCc2c(Cl)cccc2Cl)cc1,-35.04,1
ASD01820023.1,CCCN(CCCCCCN1C(=O)c2ccccc2C1=O)CC1CCCCN1CCNC(=O)N1c2ccccc2C(=O)Nc2cccnc21,-35.04,1
ASD01820012,Cc1cc(N)c2ccccc2[n+]1CCCCCCCCCC[n+]1c(C)cc(N)c2ccccc21,-35.03,1
ASD01830030,COc1cc2c(cc1OC)C13CC[N+]4(Cc5ccccc5)CC5=CCOC6CC(=O)N2C1C6C5CC34,-34.46,1
ASD01810330,CCCCC1CCN(CCCN2C(=O)CCc3ccccc32)CC1,-34.45,1
ASD01820034,C[N+](C)(C)CCC[n+]1ccc(C=NOCc2c(Cl)cccc2Cl)cc1,-34.06,1
ASD01820010,CN1CCC=C(c2nsnc2OCCCC2CCN(CCCN3C(=O)CCc4ccccc43)CC2)C1,-34.04,1
ASD01820076,O=C1CCc2ccccc2N1CCCN1CCC(CCCCCCCCCCCCCO)CC1,-34.01,1
ASD01828001,O=C(OC1CN2CCC1CC2)C(O)(c1ccccc1)c1ccccc1,-33.98,1
ASD01820019,CC[N+](C)(C)CCCN1C(=O)c2ccccc2C1=O,-33.87,1
ASD01820028,Cc1cc[n+](CCC[n+]2ccc(C=NOCc3c(Cl)cccc3Cl)cc2)cc1,-33.86,1
ASD01820026,CON=Cc1cc[n+](CCC[n+]2ccc(C=NOCc3c(Cl)cccc3Cl)cc2)cc1,-33.64,1
ASD01820115,O=C(NC(c1ccccc1Cl)C(F)(F)F)c1cn(-c2ncc(F)cc2F)c2nc(N3CC(O)CC3=O)ccc2c1=O,-33.57,1
ASD01820029,N#Cc1cc[n+](CCC[n+]2ccc(C=NOCc3c(Cl)cccc3Cl)cc2)cc1,-33.47,1
ASD01810329,CCCCC1CCN(CCCC(=O)c2ccccc2C)CC1,-33.37,1
ASD01820040,O=C1CCc2ccccc2N1CCCN1CCC(CCCCCO)CC1,-33.29,1
ASD01820018,CCC[N+](C)(C)CCCN1C(=O)c2ccccc2C1=O,-33.16,1
ASD01820189,CC(C)(CN1C(=O)c2ccccc2C1=O)C[N+](C)(C)CCCCCC[N+](C)(C)CCCN1C(=O)c2cccc3cccc(c23)C1=O,-33.03,1
ASD01820055,O=C1CCc2ccccc2N1CCCN1CCC(CCCCCCCO)CC1,-33.01,1
ASD01820108,O=C(NC(C1CC1)C(F)(F)F)c1cn(-c2c(F)cc(F)cc2Cl)c2nc(N3CC(O)CC3=O)ccc2c1=O,-33.0,1
ASD01820104,C[N+](C)(CC#CCOC1=NOCC1)CCCCCC[N+](C)(C)CCCN1C(=O)c2ccccc2C1=O,-32.95,1
ASD01820072,O=C1c2ccccc2C(=O)N1CCCC[n+]1ccc(CCc2cc[n+](CCCCN3C(=O)c4ccccc4C3=O)cc2)cc1,-32.84,1
ASD01820103,C[N+](C)(CC#CCOC1=NOCC1)CC#Cc1ccccc1C#CC[N+](C)(C)CCCN1C(=O)c2cccc3cccc(c23)C1=O,-32.76,1
ASD01820117,CC(C)CC(NC(=O)c1cn(-c2ncc(F)cc2F)c2nc(N3CC(O)CC3=O)ccc2c1=O)C(F)(F)F,-32.71,1
ASD01820024.1,CCCN(CCCCCC[N+](C)(C)CCCN1C(=O)c2ccccc2C1=O)CC1CCCCN1CCNC(=O)N1c2ccccc2C(=O)Nc2cccnc21,-32.7,1
ASD01820113,CC(NC(=O)c1cn(-c2c(F)cc(F)cc2F)c2nc(N3CCNC3=O)ccc2c1=O)C(F)(F)C(F)(F)F,-32.7,1
ASD01820118,CCC(NC(=O)c1cn(-c2ncc(F)cc2F)c2nc(N3CC(O)CC3=O)ccc2c1=O)C(F)(F)C(F)(F)F,-32.65,1
ASD01820196,CC(C)(CN1C(=O)c2cccc3cccc(c23)C1=O)C[N+](C)(C)CCCCCC[N+](C)(C)CC(C)(C)CN1C(=O)c2cccc3cccc(c23)C1=O,-32.51,1
ASD01820124,CCC(CC)(CC)NC(=O)c1cn(-c2c(F)cc(F)cc2F)c2nc(N3CC(O)C(O)C3)c(F)cc2c1=O,-32.46,1
ASD01820168,C[N+](C)(CCCCCC[N+](C)(C)CCCN1C(=O)c2cc3ccccc3cc2C1=O)CCCN1C(=O)c2ccccc2C1=O,-32.34,1
ASD01820116,CC(C)(C)C(NC(=O)c1cn(-c2ncc(F)cc2F)c2nc(N3CC(O)CC3=O)ccc2c1=O)C(F)(F)F,-32.3,1
ASD01810030,O=C1CCc2cc3c(c4c5cc(O)ccc5n1c24)CNCC3,-32.28,1
ASD01820119,CCC(NC(=O)c1cn(-c2ncc(F)cc2F)c2nc(N3CCNC3=O)ccc2c1=O)C(F)(F)C(F)(F)F,-32.06,1
ASD01820039,O=C1CCc2ccccc2N1CCCN1CCC(CCCO)CC1,-31.95,1
ASD01830026,COc1cc2c(cc1OC)C13CC[N+]4(CCl)CC5=CCOC6CC(=O)N2C1C6C5CC34,-31.86,1
ASD01820123,O=C(NC(C1CC1)C(F)(F)F)c1cn(-c2c(F)cc(F)cc2Cl)c2nc(N3CC(O)C(O)C3)c(F)cc2c1=O,-31.7,1
ASD01830017,N[N+]12CCC34c5ccccc5N5C(=O)CC6OCC=C(C1)C(CC32)C6C54,-31.57,1
ASD01810028,O=C1CCc2cc3c(c4c5ccccc5n1c24)CNCC3,-31.41,1
ASD01830028,COc1cc2c(cc1OC)C13CC[N+]4(N)CC5=CCOC6CC(=O)N2C1C6C5CC34,-31.13,1
ASD01820009,CC(C)(CN1C(=O)c2cccc3cccc(c23)C1=O)C[N+](C)(C)CCCCCC[N+](C)(C)CC#CCOC1=NOCC1,-31.12,1
ASD01820043,CC(CN1C(=O)c2ccccc2C1=O)C[N+](C)(C)CCCCCC[N+](C)(C)CC(C)CN1C(=O)c2ccccc2C1=O,-31.04,1
ASD01830013,C=CC[N+]12CCC34c5ccccc5N5C(=O)CC6OCC=C(C1)C(CC32)C6C54,-30.73,1
ASD01820144,CC=CC[N+]12CCC34c5ccccc5N5C6OCC=C7C[N+]8(CC=CC)CCC9%10c%11ccccc%11N(C%11OCC=C(C1)C(CC32)C%11C54)C9C6C7CC%108,-30.54,1
ASD01820206,NCCc1ccc2ccccc2c1-c1ccc(-c2c(CCN)ccc3ccccc23)cc1,-30.4,1
ASD01820223,CCC[N+]12CCC34c5ccccc5N5C6OCC=C7C[N+]8(CCC)CCC9%10c%11ccccc%11N(C%11OCC=C(C1)C(CC32)C%11C54)C9C6C7CC%108,-30.39,1
ASD01820060,O=C1c2ccccc2C(=O)N1CON=Cc1cc[n+](CCC[n+]2ccc(C=NOCN3C(=O)c4ccccc4C3=O)cc2)cc1,-30.28,1
ASD01820061,O=C1c2ccccc2C(=O)N1CON=Cc1cc[n+](CCCC[n+]2ccc(C=NOCN3C(=O)c4ccccc4C3=O)cc2)cc1,-30.27,1
ASD01820126,C[N+](C)(C)CC#CCOC(=O)Nc1cccc(Cl)c1,-30.19,1
ASD01820121,CC(C)C(NC(=O)c1cn(-c2c(F)cc(F)cc2F)c2nc(N3CC(O)C(O)C3)c(F)cc2c1=O)C(C)C,-29.99,1
ASD01820022.1,CCCN(CCCN1C(=O)c2ccccc2C1=O)CC1CCCCN1CCNC(=O)N1c2ccccc2C(=O)Nc2cccnc21,-29.9,1
ASD01810033,O=C1CCc2cc3c(c4c5ccc(O)cc5n1c24)CNCC3,-29.85,1
ASD01820190,CC(C)(CN1C(=O)c2ccccc2C1=O)C[N+](C)(C)CCCCCC[N+](C)(C)CC(C)(C)CN1C(=O)c2cccc3cccc(c23)C1=O,-29.82,1
ASD01820136,C=CC[N+]12CCC34c5cc(C)c(C)cc5N5C6OCC=C7C[N+]8(CC=C)CCC9%10c%11cc(C)c(C)cc%11N(C%11OCC=C(C1)C(CC32)C%11C54)C9C6C7CC%108,-29.78,1
ASD01820122,CCC(NC(=O)c1cn(-c2c(F)cc(F)cc2F)c2nc(N3CC(O)C(O)C3)c(F)cc2c1=O)C(F)(F)C(F)(F)F,-29.51,1
ASD01810034,COc1cc2c3c4c(cc5c3n(c2cc1OC)C(=O)CC5)CCNC4,-29.46,1
ASD01810017,COC(=O)c1ccc2c3c4c(cc5c3n(c2c1)C(=O)CC5)CNCC4,-29.45,1
ASD01820071,O=C1c2ccccc2C(=O)N1CCCC[n+]1ccc(-c2cc[n+](CCCCN3C(=O)c4ccccc4C3=O)cc2)cc1,-29.41,1
ASD01820162,C[N+](C)(CCCCCC[N+](C)(C)CCCN1C(=O)c2nccnc2C1=O)CCCN1C(=O)c2ccccc2C1=O,-29.41,1
ASD01820054,C[N+](C)(CCCCC[N+](C)(C)CCCN1C(=O)c2ccccc2C1=O)CCCN1C(=O)c2ccccc2C1=O,-29.09,1
ASD01820192,Cc1ccc2c(c1)C(=O)N(CCC[N+](C)(C)CCCCCC[N+](C)(C)CC(C)(C)CN1C(=O)c3cccc4cccc(c34)C1=O)C2=O,-29.04,1
ASD01830018,O=C1CC2OCC=C3C[N+]4(Cc5ccccc5)CCC56c7ccccc7N1C5C2C3CC64,-29.02,1
ASD01810003,O=C1CCc2cc3c(c4c5c(O)cccc5n1c24)CCNC3,-29.01,1
ASD01820051,Cc1ccc2c(c1)C(=O)N(CC(C)(C)C[N+](C)(C)CCCCCC[N+](C)(C)CCCN1C(=O)c3ccccc3C1=O)C2=O,-28.94,1
ASD01830025,COc1cc2c(cc1OC)C13CC[N+]4(C)CC5=CCOC6CC(=O)N2C1C6C5CC34,-28.93,1
ASD01820073,O=C1c2ccccc2C(=O)N1CCC[n+]1ccc(CCc2cc[n+](CCCN3C(=O)c4ccccc4C3=O)cc2)cc1,-28.82,1
ASD01820184,Cc1ccc2c(c1)C(=O)N(CCC[N+](C)(C)CCCCCC[N+](C)(C)CC(C)(C)CN1C(=O)c3ccccc3C1=O)C2=O,-28.81,1
ASD01820216,C[N+](C)(CCCCCC[N+](C)(C)CCCN1c2ccccc2C(=O)NC1c1ccccc1)CCCN1c2ccccc2C(=O)NC1c1ccccc1,-28.58,1
ASD01820025,Clc1cccc(Cl)c1CON=Cc1cc[n+](CCC[n+]2ccc(C=NOCc3c(Cl)cccc3Cl)cc2)cc1,-28.56,1
ASD01820186,Cc1ccc2c(c1)C(=O)N(CCC[N+](C)(C)CCCCCC[N+](C)(C)CC(C)(C)CN1C(=O)c3ccc(C)cc3C1=O)C2=O,-28.48,1
ASD01820003,C=CC[N+](C)(C)Cc1c2n(c3ccccc13)Cc1c(C[N+](C)(C)CC=C)c3ccccc3n1C2,-28.32,1
ASD01810032,COc1ccc2c3c4c(cc5c3n(c2c1)C(=O)CC5)CCNC4,-28.3,1
ASD01820164,C[N+](C)(CCCCCC[N+](C)(C)CCCN1C(=O)c2ccc(C(F)(F)F)cc2C1=O)CCCN1C(=O)c2ccccc2C1=O,-28.2,1
ASD01820220,ON=Cc1cc[n+](COC[n+]2ccc(C=NO)cc2)cc1,-28.19,1
ASD01820069,O=C1c2ccccc2C(=O)N1CCC[n+]1ccc(CCCc2cc[n+](CCCN3C(=O)c4ccccc4C3=O)cc2)cc1,-27.88,1
ASD01810018,N#Cc1ccc2c3c4c(cc5c3n(c2c1)C(=O)CC5)CNCC4,-27.88,1
ASD01830021,O=C1CC2OCC=C3C[N+]4(CCc5ccc([N+](=O)[O-])cc5)CCC56c7ccccc7N1C5C2C3CC64,-27.75,1
ASD01820065,O=C1c2ccccc2C(=O)N1CCCON=Cc1cc[n+](CCCCC[n+]2ccc(C=NOCCCN3C(=O)c4ccccc4C3=O)cc2)cc1,-27.74,1
ASD01830020,O=C1CC2OCC=C3C[N+]4(CCc5cccc([N+](=O)[O-])c5)CCC56c7ccccc7N1C5C2C3CC64,-27.71,1
ASD01810016,O=C1CCc2cc3c(c4c5ccc(Cl)cc5n1c24)CCNC3,-27.54,1
ASD01830019,O=C1CC2OCC=C3C[N+]4(CCc5ccccc5)CCC56c7ccccc7N1C5C2C3CC64,-27.48,1
ASD01820049,Cc1ccc2c(c1)C(=O)N(CCC[N+](C)(C)CCCCCC[N+](C)(C)CCCN1C(=O)c3ccccc3C1=O)C2=O,-27.35,1
ASD01820175,Cc1ccc2c(c1)C(=O)N(CCC[N+](C)(C)CCCCCC[N+](C)(C)CCCN1C(=O)c3ccc(C)cc3C1=O)C2=O,-27.29,1
ASD01820045,CC(C)(CN1C(=O)c2ccccc2C1=O)C[N+](C)(C)CCCCCC[N+](C)(C)CC(C)(C)CN1C(=O)c2ccccc2C1=O,-27.13,1
ASD01830014,C#CC[N+]12CCC34c5ccccc5N5C(=O)CC6OCC=C(C1)C(CC32)C6C54,-27.07,1
ASD01830009,C[N+]12CCC34c5ccccc5N5C(=O)CC6OCC=C(C1)C(CC32)C6C54,-27.04,1
ASD01830011,CCC[N+]12CCC34c5ccccc5N5C(=O)CC6OCC=C(C1)C(CC32)C6C54,-26.99,1
ASD01820205,COCCNCCCc1ccc2ccccc2c1-c1ccc(-c2c(CCCNCCOC)ccc3ccccc23)cc1,-26.91,1
ASD01820101,CC(C)(CN1C(=O)c2cccc3cccc(c23)C1=O)C[N+](C)(C)CCCCCC[N+](C)(C)CC#CCOc1ccon1,-26.89,1
ASD01810007,COc1ccc2c(c1)c1c3c(cc4c1n2C(=O)CC4)CNCC3,-26.81,1
ASD01820111,CCC(NC(=O)c1cn(-c2c(F)cc(F)cc2F)c2nc(N3CC(O)CC3=O)ccc2c1=O)C(F)(F)C(F)(F)F,-26.8,1
ASD01810024,COC(=O)c1c2c(c3c4cc(OC)c(OC)cc4n4c3c1CCC4=O)CCNC2,-26.78,1
ASD01820002,C[N+](C)(C)Cc1c2n(c3ccccc13)Cc1c(C[N+](C)(C)C)c3ccccc3n1C2,-26.74,1
ASD01810005,COC(=O)c1cccc2c1c1c3c(cc4c1n2C(=O)CC4)CNCC3,-26.6,1
ASD01820120,CC(C)(C)C(NC(=O)c1cn(-c2c(F)cc(F)cc2F)c2nc(N3CC(O)C(O)C3)c(F)cc2c1=O)C(F)(F)C(F)(F)F,-26.57,1
ASD01830024.1,COc1cc2c(cc1OC)C13CC[NH+]4CC5=CCOC6CC(=O)N2C1C6C5CC43,-26.57,1
ASD01830027,COc1cc2c(cc1OC)C13CC[N+]4([O-])CC5=CCOC6CC(=O)N2C1C6C5CC34,-26.57,1
ASD01830010,CC[N+]12CCC34c5ccccc5N5C(=O)CC6OCC=C(C1)C(CC32)C6C54,-26.5,1
ASD01820058,C[N+](C)(CCCCCCCCCC[N+](C)(C)CCCN1C(=O)c2ccccc2C1=O)CCCN1C(=O)c2ccccc2C1=O,-26.42,1
ASD01820145,C1=CC([N+]23CCC45c6ccccc6N6C7OCC=C8C[N+]9(C%10C=CCCC%10)CCC%10%11c%12ccccc%12N(C%12OCC=C(C2)C(CC43)C%12C65)C%10C7C8CC%119)CCC1,-26.35,1
ASD01810008,O=C1CCc2cc3c(c4c5cc(O)ccc5n1c24)CCNC3,-26.23,1
ASD01820133,C=CC[N+]12CCC34c5ccccc5N5C=C6C7CC8C9(CC[N+]8(CC=C)CC7=CCO)c7ccccc7N(C=C(C(CC31)C(=CCO)C2)C54)C69,-26.11,1
ASD01830008.1,O=C1CC2OCC=C3C[NH+]4CCC56c7ccccc7N1C5C2C3CC46,-26.08,1
ASD01820050,Cc1ccc2c(c1)C(=O)N(CC(C)C[N+](C)(C)CCCCCC[N+](C)(C)CCCN1C(=O)c3ccccc3C1=O)C2=O,-26.03,1
ASD01820112,CCC(NC(=O)c1cn(-c2c(F)cc(F)cc2F)c2nc(N3CC(O)C(O)C3)ccc2c1=O)C(F)(F)C(F)(F)F,-25.87,1
ASD01810035,CC1(C)CC(=O)n2c3ccccc3c3c4c(cc1c32)CCNC4,-25.74,1
ASD01810009,O=C1CCc2cc3c(c4c5cc(Cl)ccc5n1c24)CCNC3,-25.72,1
ASD01820067,O=C1c2ccccc2C(=O)N1C[n+]1ccc(CCCc2cc[n+](CN3C(=O)c4ccccc4C3=O)cc2)cc1,-25.72,1
ASD01820188,CC(C)(CN1C(=O)c2cccc3cccc(c23)C1=O)C[N+](C)(C)CCCCCC[N+](C)(C)CCCN1C(=O)c2ccccc2C1=O,-25.68,1
ASD01810006,Cc1ccc2c(c1)c1c3c(cc4c1n2C(=O)CC4)CNCC3,-25.6,1
ASD01820213,C[N+](C)(CCCCCC[N+](C)(C)CCN=Cc1c(Cl)cccc1Cl)CCN=Cc1c(Cl)cccc1Cl,-25.23,1
ASD01820001,CN(C)Cc1c2n(c3ccccc13)Cc1c(CN(C)C)c3ccccc3n1C2,-25.16,1
ASD01820020,C[N+](C)(C)CCCN1C(=O)c2ccccc2C1=O,-25.09,1
ASD01820015,C[N+](C)(CCCCCC[N+](C)(C)CCCN1C(=O)c2ccccc2C1=O)CCCN1C(=O)CCC1=O,-25.07,1
ASD01820222,C[N+]12CCC34c5ccccc5N5C6OCC=C7C[N+]8(C)CCC9%10c%11ccccc%11N(C%11OCC=C(C1)C(CC32)C%11C54)C9C6C7CC%108,-24.81,1
ASD01810015,O=C1CCc2cc3c(c4c5ccc(O)cc5n1c24)CCNC3,-24.73,1
ASD01820125,CCC(NC(=O)c1cn(-c2c(F)cc(F)cc2F)c2nc(N3CC(CO)(CO)C3)c(F)cc2c1=O)C(F)(F)C(F)(F)F,-24.73,1
ASD01810022,O=C1CCc2cc3c(c4c5cc6c(cc5n1c24)OCO6)CCNC3,-24.71,1
ASD01820143,CC#CC[N+]12CCC34c5ccccc5N5C6OCC=C7C[N+]8(CC#CC)CCC9%10c%11ccccc%11N(C%11OCC=C(C1)C(CC32)C%11C54)C9C6C7CC%108,-24.67,1
ASD01830015,N#CC[N+]12CCC34c5ccccc5N5C(=O)CC6OCC=C(C1)C(CC32)C6C54,-24.59,1
ASD01810013.1,O=C1CCc2cc3c(c4c5cc(CN6CCOCC6)ccc5n1c24)CCNC3,-24.56,1
ASD01810026,COc1cccc2c1c1c3c(cc4c1n2C(=O)CC4(C)C)CNCC3,-24.56,1
ASD01810020,O=C1CCc2cc3c(c4c5cccc(O)c5n1c24)CCNC3,-24.22,1
ASD01820224,C=CC[N+]12CCC34c5ccccc5N5C6OCC=C7C[N+]8(CC=C)CCC9%10c%11ccccc%11N(C%11OCC=C(C1)C(CC32)C%11C54)C9C6C7CC%108,-24.16,1
ASD01810002,COc1cccc2c1c1c3c(cc4c1n2C(=O)CC4)CNCC3,-24.05,1
ASD01820114,O=C(NC(C(F)(F)F)C(F)(F)F)c1cn(-c2ncc(F)cc2F)c2nc(N3CC4CC4(O)C3)ccc2c1=O,-23.98,1
ASD01810001,O=C1CCc2cc3c(c4c5ccccc5n1c24)CCNC3,-23.86,1
ASD01820174,C[N+](C)(CCCCCC[N+](C)(C)CCCN1C(=O)c2ccc(C(F)(F)F)cc2C1=O)CCCN1C(=O)c2ccc(C(F)(F)F)cc2C1=O,-23.78,1
ASD01810338,CCCCCCOc1nsnc1C1=CCCN(C)C1,-23.45,1
ASD01820176,CC(C)(C)c1ccc2c(c1)C(=O)N(CCC[N+](C)(C)CCCCCC[N+](C)(C)CCCN1C(=O)c3ccc(C(C)(C)C)cc3C1=O)C2=O,-23.35,1
ASD01830012,O=C1CC2OCC=C3C[N+]4(CC5CCCCC5)CCC56c7ccccc7N1C5C2C3CC64,-23.14,1
ASD01820166,CC(C)(C)c1ccc2c(c1)C(=O)N(CCC[N+](C)(C)CCCCCC[N+](C)(C)CCCN1C(=O)c3ccccc3C1=O)C2=O,-22.77,1
ASD01830016,O=C1CC2OCC=C3C[N+]4([O-])CCC56c7ccccc7N1C5C2C3CC64,-22.49,1
ASD01820137,C[N+]12CCC34c5ccccc5N5C=C6C7CC8C9(CC[N+]8(C)CC7=CCO)c7ccccc7N(C=C(C(CC31)C(=CCO)C2)C54)C69,-22.45,1
ASD01810027,CC1(C)CC(=O)n2c3cccc(O)c3c3c4c(cc1c32)CNCC4,-22.42,1
ASD01810025,COc1cc2c3c4c(c(COC(C)=O)c5c3n(c2cc1OC)C(=O)CC5)CNCC4,-22.05,1
ASD01820062,O=C1c2ccccc2C(=O)N1CON=Cc1cc[n+](CCCCCC[n+]2ccc(C=NOCN3C(=O)c4ccccc4C3=O)cc2)cc1,-21.78,1
ASD01820110,CC(C)(C)C(NC(=O)c1cn(-c2c(F)cc(F)cc2F)c2nc(N3CC(O)C(O)C3)ccc2c1=O)C(F)(F)F,-21.48,1
ASD01810036,COc1cc2c3c4c(cc5c3n(c2cc1OC)C(=O)CC5(C)C)CCNC4,-21.47,1
ASD01820021.1,CCCN(CCCN1C(=O)CCC1=O)CC1CCCCN1CCNC(=O)N1c2ccccc2C(=O)Nc2cccnc21,-21.42,1
ASD01810004,O=C1CCc2cc3c(c4c5c(Cl)cccc5n1c24)CCNC3,-21.26,1
ASD01810010,O=C(O)c1ccc2c(c1)c1c3c(cc4c1n2C(=O)CC4)CNCC3,-21.14,1
ASD01820151,NC(=O)C[N+]12CCC34c5ccccc5N5C6OCC=C7C[N+]8(CC(N)=O)CCC9%10c%11ccccc%11N(C%11OCC=C(C1)C(CC32)C%11C54)C9C6C7CC%108,-20.63,1
ASD01820208.1,COc1cc2c3cc1Oc1cc(ccc1O)CC1c4c(cc(OC)c(O)c4Oc4ccc(cc4)CC3N(C)CC2)CC[N+]1(C)C,-20.39,1
ASD01820138,C[N+]12CCC34c5ccccc5N5C=C6C7CC8C9(CC[N+]8(C)CC7=CCO)c7ccccc7N(C7OCC=C(C1)C(CC32)C7C54)C69,-20.03,1
ASD01830029,C=CC[N+]12CCC34c5cc(OC)c(OC)cc5N5C(=O)CC6OCC=C(C1)C(CC32)C6C54,-19.99,1
ASD01820077,CN1CCC=C(c2nsnc2OCCCCCCCCCOc2nsnc2C2=CCCN(C)C2)C1,-19.68,1
ASD01810011,COC(=O)c1ccc2c(c1)c1c3c(cc4c1n2C(=O)CC4)CNCC3,-19.65,1
ASD01810021,COc1cc2c3c4c(cc5c3n(c2cc1OC)C(=O)CC5)CNCC4,-19.55,1
ASD01810031,COC(=O)c1ccc2c(c1)c1c3c(cc4c1n2C(=O)CC4)CCNC3,-19.05,1
ASD01820140,C[N+]12CCC34c5ccccc5N5C6OCCC7C[N+]8(C)CCC9%10c%11ccccc%11N(C%11OCCC(C1)C(CC32)C%11C54)C9C6C7CC%108,-18.58,1
ASD01820037,CN1CCC=C(c2nsnc2OCCCCCCCCCCCC2CCN(CCCN3C(=O)CCc4ccccc43)CC2)C1,-18.44,1
ASD01810014,COc1ccc2c3c4c(cc5c3n(c2c1)C(=O)CC5)CNCC4,-17.53,1
ASD01810012,O=C(c1ccc2c(c1)c1c3c(cc4c1n2C(=O)CC4)CNCC3)N1CCOCC1,-17.32,1
ASD01820102,C[N+](C)(CC#CCOC1=NOCC1)CCCCCCCC[N+](C)(C)CCCN1C(=O)c2cccc3cccc(c23)C1=O,-17.25,1
ASD01810019,COc1cccc2c3c4c(cc5c3n(c12)C(=O)CC5)CNCC4,-17.2,1
ASD01820134,C=CC[N+]12CCC34c5ccccc5N5C=C6C7CC8C9(CC[N+]8(CC=C)CC7=CCO)c7ccccc7N(C7OCC=C(C1)C(CC32)C7C54)C69,-16.88,1
ASD01810023,COc1cc2c(c(OC)c1OC)c1c3c(cc4c1n2C(=O)CC4)CNCC3,-16.3,1
ASD01820064,O=C1c2ccccc2C(=O)N1CCCON=Cc1cc[n+](CCCC[n+]2ccc(C=NOCCCN3C(=O)c4ccccc4C3=O)cc2)cc1,-15.33,1
ASD01820066,O=C1c2ccccc2C(=O)N1CCCON=Cc1cc[n+](CCCCCC[n+]2ccc(C=NOCCCN3C(=O)c4ccccc4C3=O)cc2)cc1,-14.08,1
M2R-decoy_8568,C=CCCNc1nc(NCc2csc(c3cccs3)n2)nc(N2CCC[C@@H]2CNS(=O)(=O)c2ccc3ccccc3c2)n1,-65.97,0
M2R-decoy_4847.2,C=CCCNc1nc(NCc2csc(c3ccccc3)n2)nc(N2CC[C@H](CNS(=O)(=O)c3ccc(C(F)(F)F)cc3)C2)n1,-56.36,0
M2R-decoy_9044,CCCc1ccc(S(=O)(=O)NC[C@H]2CCCN2c2nc(NCc3csc(c4ccccc4)n3)nc(NC3CCCC3)n2)cc1,-55.36,0
M2R-decoy_8887.2,C=CCCNc1nc(NCc2csc(C)n2)nc(N2CCC[C@@H]2CNS(=O)(=O)c2ccc(C(F)(F)F)cc2)n1,-53.97,0
M2R-decoy_2696.1,COc1ccc(NC(=O)Nc2ccc3c(c2)CC(=O)N([C@H](C)CO)C[C@@H](C)[C@@H](C[NH+](C)Cc2ccc(C(=O)Nc4ccccc4N)cc2)O3)cc1,-51.89,0
M2R-decoy_7246,CCOC(=O)c1s/c(=N\N=C\c2c(c3ccc(Br)cc3)nc3sc(CC)nn23)n(c2ccc(O)cc2)c1C,-51.03,0
M2R-decoy_9239.1,O=C(/C=C1\Nc2ccccc2[NH+]=C1NC12CC3CC(CC(C3)C1)C2)c1ccc(Br)cc1,-50.88,0
M2R-decoy_8689,COc1cc(OCc2cccc(OCc3ccccc3CCc3ccccc3)c2)c2cc(c3cn4nc(OC)sc4n3)oc2c1,-50.07,0
M2R-decoy_8896,CC(=O)OCc1cc(CCC(=O)NCCNc2c3ccccc3nc3ccccc23)cc(COC(C)=O)c1O[Si](C)(C)C(C)(C)C,-49.53,0
M2R-decoy_5693,CC[NH+](CC)CCCNc1nc(NCCCc2ccccc2)nc(NC23CC4CC(CC(C4)C2)C3)n1,-49.34,0
M2R-decoy_7031,NC(=O)C([NH2+][C@H]1CC[C@@H](c2c[nH]c3ccccc32)CC1)C1CCN(C(=O)/C=C/c2cc(F)c(F)c(F)c2)CC1,-49.22,0
M2R-decoy_7086.1,OC(Cn1cncn1)(C[NH+]1CCC(=NOCc2ccccc2Br)CC1)c1ccc(F)cc1F,-48.76,0
M2R-decoy_6930,CC[C@@]1(OC(=O)CNC(=S)NC(=O)c2cccc(Cl)c2)C(=O)OCc2c1cc1n(c2=O)Cc2cc3ccccc3nc2-1,-48.75,0
M2R-decoy_1873,CCN(CCC#N)C(=O)c1ccc(c2nc(COc3cc(OC)cc4oc(c5cn6nc(OC)sc6n5)cc34)cs2)cc1,-48.65,0
M2R-decoy_7342,Cc1cc(C(=O)Nc2ccc(c3ccccc3S(N)(=O)=O)cc2)n(c2ccc3cc(Br)ccc3c2)n1,-48.52,0
M2R-decoy_3083,N#Cc1ccc(Cn2cnnc2CN(Cc2ccc(F)cc2)C(=O)c2ccc3ccccc3n2)cc1,-48.47,0
M2R-decoy_1921,C#CC(C)(C)[NH+]1CCC(CC(=O)NO)(NC(=O)c2ccc(OCc3cc(C)nc4ccccc34)cc2)CC1,-48.42,0
M2R-decoy_7057.1,OC(Cn1cncn1)(C[NH+]1CCC(=NOCc2cccc(C(F)(F)F)c2)CC1)c1ccc(F)cc1F,-48.12,0
M2R-decoy_9911,Cc1nc2c(Br)cc(Br)cc2c(=O)n1c1ccc(NC(=O)N/N=C/c2cccc([N+](=O)[O-])c2)cc1,-47.9,0
M2R-decoy_7416,Brc1c(Br)c(Br)c2[nH]c(NCCc3ccccn3)nc2c1Br,-47.87,0
M2R-decoy_5974,CS(=O)(=O)CCOCc1ccc(c2ccc3ncnc(Nc4ccc(OCc5cccc(F)c5)c(Cl)c4)c3c2)o1,-47.85,0
M2R-decoy_6207,COc1cc(c2nnc3n2NC(c2ccco2)C(C(=O)c2ccc(Br)cc2)S3)cc(OC)c1OC,-47.8,0
M2R-decoy_7434,Nc1ccccc1Nc1nc2c(Br)c(Br)c(Br)c(Br)c2[nH]1,-47.1,0
M2R-decoy_7442,Nc1cc(F)c(F)cc1Nc1nc2c(Br)c(Br)c(Br)c(Br)c2[nH]1,-47.08,0
M2R-decoy_1946,CS(=O)(=O)CC(O)[NH2+]Cc1ccc(c2ccc3ncnc(Nc4ccc(OCc5cccc(F)c5)c(Cl)c4)c3c2)o1,-46.95,0
M2R-decoy_6985,C[C@]12C[C@H](O)C3C(CCC4=CC(=O)C=C[C@@]43C)C1CC[C@]2(O)C(=O)COC(=O)c1ccccc1CO[N+](=O)[O-],-46.89,0
M2R-decoy_3971,O=[N+]([O-])c1ccc(OCc2ccc(OCCCC[P+](c3ccccc3)(c3ccccc3)c3ccccc3)cc2[N+](=O)[O-])c([N+](=O)[O-])c1,-46.86,0
M2R-decoy_6974,CC[C@@]1(OC(=O)CNC(=S)NC(=O)c2cccc(F)c2)C(=O)OCc2c1cc1n(c2=O)Cc2cc3ccccc3nc2-1,-46.73,0
M2R-decoy_7318,O=C(N/N=C/c1cccc([N+](=O)[O-])c1)Nc1ccc(n2c(=O)c3cc(Br)cc(Br)c3nc2c2ccccc2)cc1,-46.6,0
M2R-decoy_7499,Cc1cc2ccc1[C@@H](C)COC(=O)Nc1cc(F)c(O[C@H]3CCOC3)c(c1)CN(C)C(=O)C2Nc1ccc2c(N)nccc2c1,-46.43,0
M2R-decoy_11041,Cc1nn2c(/C=N/Nc3nc(c4ccc(F)cc4)cs3)c(c3ccc(Cl)cc3)nc2s1,-46.41,0
M2R-decoy_7565,O=[N+]([O-])c1ccc(c2csc(Nc3nc(Nc4ccc(Br)cc4)nc(Nc4ccc(Br)cc4)n3)n2)cc1,-46.24,0
M2R-decoy_7217,COc1cc([C@@H]2c3cc4c(cc3[C@@H](NC(=S)Nc3ccc(C(F)(F)F)cc3)[C@H]3COC(=O)[C@@H]32)OCO4)cc(OC)c1OC,-46.2,0
M2R-decoy_7072,CN(C)S(=O)(=O)c1cccc(CNc2cc(C(F)(F)F)cc3ncc(N4CC[NH+](C)CC4)cc23)c1,-46.12,0
M2R-decoy_6426,NC(=O)c1ccc(c2ccc(c3cc(NCc4cccnc4)n4ncc(Br)c4n3)cc2)cc1O,-46.06,0
M2R-decoy_3284.1,Cc1cc(n2cccc2)cn2c(CSCCc3ccccc3)cnc12,-46.05,0
M2R-decoy_8202,C=C(C)[C@@H]1CC[C@]2(C(=O)OCc3cn(c4cc(F)c(F)cc4Br)nn3)CC[C@]3(C)[C@H](CC[C@@H]4[C@@]5(C)CC[C@H](O)C(C)(C)[C@@H]5CC[C@]43C)[C@@H]12,-45.79,0
M2R-decoy_11407,O=C(CSc1ccc2nnc(c3ccccc3)n2n1)N1CCN(c2ccccc2)CC1,-45.73,0
M2R-decoy_6451,COc1ccc(CCN/C(C)=[NH+]/c2ccc3c(c2)[C@@H](NC(=O)c2ccc(Br)cc2)[C@H](O)C3)cc1,-45.72,0
M2R-decoy_7562,C[C@H]1CN([C@H](C)CO)C(=O)Cc2cc(NC(=O)Nc3cccc4ccccc34)ccc2O[C@H]1CN(C)S(=O)(=O)c1ccccc1,-45.68,0
M2R-decoy_6714.1,COC(=O)[C@H](Cc1c[nH]cn1)NC(=O)[C@@H](NC(=O)Nc1cc(C(F)(F)F)cc(C(F)(F)F)c1)C(C)C,-45.61,0
M2R-decoy_6352,CCCSc1nc(NNC(=S)Nc2ccc(Br)cc2)c2nnn(Cc3ccc(O)cc3)c2n1,-45.48,0
M2R-decoy_3021,O=C(CSc1nc2ccccc2c(=O)n1Cc1ccco1)N1CCN(c2ccccc2)CC1,-45.32,0
M2R-decoy_7158.1,C[C@H]1CN([C@@H](C)CO)C(=O)Cc2cc(NC(=O)Nc3ccc(F)cc3)ccc2O[C@@H]1C[NH+](C)Cc1ccc(C(F)(F)F)cc1,-45.26,0
M2R-decoy_7175,C[C@@H]1CN([C@H](C)CO)C(=O)Cc2cc(NC(=O)Nc3ccc(F)cc3)ccc2O[C@H]1C[NH+](C)Cc1ccc(Cl)c(Cl)c1,-45.26,0
M2R-decoy_8613,O=S(=O)(CCOCc1ccc(c2ccc3ncnc(Nc4ccc(OCc5cccc(F)c5)c(Cl)c4)c3c2)o1)c1ccccc1,-45.14,0
M2R-decoy_9771,Cc1ccc(C)c(COc2cc(NC(=O)c3ccc(I)cc3)ccc2N(C)S(=O)(=O)C(F)(F)F)c1,-45.09,0
M2R-decoy_11046,COc1ccc(/C=C/c2nc3ccccc3c(=O)n2c2nnc(c3cccc(Cl)c3)s2)cc1,-45.06,0
M2R-decoy_11042,CS(=O)(=O)c1ccc(c2csc(N3N=C(c4ccc(Cl)s4)CC3c3ccc(F)cc3)n2)cc1,-45.01,0
M2R-decoy_7029,NS(=O)(=O)c1ccc(NC(=O)Cc2csc(NC(=O)c3cc(Br)c(Br)[nH]3)n2)cc1,-45.01,0
M2R-decoy_8984,CCCN(CC)C(=O)c1ccc(c2nc(COc3cc(OC)cc4oc(c5cn6nc(OC)sc6n5)cc34)cs2)cc1,-45.01,0
M2R-decoy_3330,COc1cc(OC)cc(c2cn(c3ccc(Oc4ccccc4)cc3)nn2)c1,-44.62,0
M2R-decoy_9743,C[C@@H]1CC[C@H]2[C@@H](C)[C@@H](OCc3cn(c4ccc5c(C(F)(F)F)cc(=O)oc5c4)nn3)O[C@@H]3O[C@@]4(C)CC[C@@H]1[C@@]23OO4,-44.61,0
M2R-decoy_11062,COc1cc(OCc2ccc(F)cc2)c2cc(c3cn4nc(Br)sc4n3)oc2c1,-44.54,0
M2R-decoy_3272,CCN(CC)C(=O)CSc1nnc(c2cc(c3ccc(Cl)cc3)nc3ccccc32)o1,-44.52,0
M2R-decoy_8590,CN(CC[NH+](C)C(c1ccc(OCc2ccccc2)cc1)c1ccc(OCc2ccccc2)cc1)C(=O)n1cccn1,-44.52,0
M2R-decoy_9920,CCN1/C(=C/C=c2\s/c(=C\C3=[N+](CC)C4C=Cc5ccccc5C4S3)n(CC)c2=O)Sc2ccc3ccccc3c21,-44.52,0
M2R-decoy_9791,COc1ccc(C2=NN(C(=O)c3cc(I)ccc3O)C(c3ccc(OCc4ccccc4)cc3)C2)cc1,-44.5,0
M2R-decoy_6466,NC(=O)c1ccc(c2ccc(c3cc(NCc4cccnc4)n4ncc(Br)c4n3)cc2)c(O)c1,-44.44,0
M2R-decoy_7383,CCn1c(=O)/c(=C/C=C2\Sc3ccccc3N2C)s/c1=C\c1sc2cc(OC(F)(F)F)ccc2[n+]1C,-44.44,0
M2R-decoy_1592.1,c1ccc2[nH]c(NCCOCC3CCCO3)nc2c1,-44.29,0
M2R-decoy_7705,C[C@H]1CN([C@H](C)CO)C(=O)c2cc(NC(=O)Nc3ccc(C(F)(F)F)cc3)ccc2O[C@H](C)CCCCO[C@@H]1CN(C)S(=O)(=O)c1cccs1,-44.21,0
M2R-decoy_4365,CCCCC(=O)O[C@@H](C(=O)N1N=CC[C@H]1C(=O)NCc1cc(Cl)ccc1n1cnnn1)c1ccc(F)cc1,-44.2,0
M2R-decoy_2152,CCOC(=O)CCCCO/N=C(\c1ccc(NC(=O)c2ccn3c2CSC3c2cccnc2)cc1)c1cccnc1,-44.13,0
M2R-decoy_6629,Cc1cccc(CCNc2nc(C#Cc3ccc(Cl)s3)nc3c2ncn3[C@H]2[C@H](O)[C@H](O)[C@@H]3C[C@@H]32)c1,-44.1,0
M2R-decoy_11471,O=C(Nc1ccc(I)cc1)c1cc(Br)nn1c1ncccc1Cl,-44.0,0
M2R-decoy_4894,CC(C)c1ccc(c2nc(SCc3cn(CC(=O)NC(=O)Nc4ccccn4)nn3)nc(Nc3cccc([N+](=O)[O-])c3)c2C#N)cc1,-43.99,0
M2R-decoy_6277.1,c1ccc(N2CCC(Cc3nc4cc5ccccc5cc4nc3C[NH+]3CCN(c4ccccn4)CC3)CC2)nc1,-43.83,0
M2R-decoy_9278,Nc1ncc(c2cccc(S(N)(=O)=O)c2)c2occ(c3ccc(NC(=O)Nc4cc(C(F)(F)F)ccc4F)cc3)c12,-43.8,0
M2R-decoy_7285,O=S(=O)(CSc1nnc(Br)n1Cc1ccc(Br)c2ccccc12)Nc1cccnc1Br,-43.75,0
M2R-decoy_2141,C=CC(=O)Nc1cc(Nc2nccc(c3cn(C4CC4)c4ccccc34)n2)c(OC)cc1OCCC[S+](C)[O-],-43.66,0
M2R-decoy_5224,COc1ccc(C2CC(c3ccccc3)=NN2C(=O)COC(=O)c2cccc(S(=O)(=O)N(C)C)c2)cc1,-43.59,0
M2R-decoy_7321,O=c1oc2c(Br)cc(Br)cc2cc1c1csc(N/N=C/c2cn(c3nc4ccccc4s3)nc2c2cc3ccccc3oc2=O)n1,-43.58,0
M2R-decoy_1559,CCN(CC)c1ccc(/C=C(\C#N)C(N)=S)cc1,-43.55,0
M2R-decoy_3166,CCOC(=O)c1cc(c2cccc(OCc3cccc(Br)c3)c2)on1,-43.51,0
M2R-decoy_5964,C=CCn1c(SCC(=O)c2ccc(Br)cc2)nnc1C(CC(C)C)NC(=O)c1cccs1,-43.46,0
M2R-decoy_737,O=C1NC(=S)NC(=O)C1=CNNC(=S)Nc1ccc(Br)cc1,-43.46,0
M2R-decoy_7743,C[C@H]1CN([C@H](C)CO)C(=O)Cc2cc(NC(=O)Nc3ccc(C(F)(F)F)cc3)ccc2O[C@H]1CN(C)S(=O)(=O)c1ccc(F)cc1,-43.42,0
M2R-decoy_6454,COc1cccc(n2nnc(c3ccccc3NC(=O)Nc3ccc(NC(=O)CBr)cc3)n2)c1,-43.39,0
M2R-decoy_7345,CN1Cc2cc(ccc2S(=O)(=O)C2CC2)NC(=O)N(CC2CCC2)CCc2cccc(c2)C(Nc2ccc3c(N)ncc(F)c3c2)C1=O,-43.31,0
M2R-decoy_7272,CC1(C)CC[C@]2(C(=O)OCc3cn(c4ccc([N+](=O)[O-])cc4)nn3)CC[C@]3(C)C(=CC[C@@H]4[C@@]5(C)CCC(=O)C(C)(C)[C@@H]5CC[C@]43C)[C@@H]2C1,-43.28,0
M2R-decoy_5834,Cc1ccc(n2ccnc2)c(NC(=O)c2cnc(c3ccccc3)s2)c1,-43.19,0
M2R-decoy_7531,COc1ccc2c(c1)CCC1=C2N=c2s/c(=C\c3c[nH]c4ccc(Br)cc34)c(=O)n2C1c1cccc([N+](=O)[O-])c1,-43.11,0
M2R-decoy_5281,COc1ccc(COc2ccc(Nc3ncnc4cc5oc(=O)n(CCOC(=O)CBr)c5cc34)cc2)cc1,-43.1,0
M2R-decoy_9194,Nc1ccccc1NC(=O)c1ccc(CSC2=N[C@@H](c3ccccc3)CS2)cc1,-43.08,0
M2R-decoy_1518.1,O=C(/C=C/c1ccc(O)cc1)CC(=O)CCc1ccc(O)cc1,-43.05,0
M2R-decoy_9227,Oc1ccc(Br)cc1/C=N/c1ccccc1NC(=S)Nc1ccccc1,-42.99,0
M2R-decoy_9889,Cc1ccc(n2nc(C3CCN([S+]([O-])c4cccc(C(F)(F)F)c4)CC3)cc2NC(=O)c2cnn3cccnc23)cc1,-42.95,0
M2R-decoy_11376,COc1cc([NH+]=C(S)NC2CC(C)(C)[NH2+]C(C)(C)C2)c(OC)cc1Cl,-42.94,0
M2R-decoy_5863,O=C(Nc1nc(c2ccccn2)cs1)c1ccc(OC(F)(F)F)cc1,-42.94,0
M2R-decoy_6876,O=C1NC2(CCOc3ccccc32)C(=O)N1CC(=O)N1N=C(c2ccc(Cl)cc2)CC1c1ccco1,-42.92,0
M2R-decoy_11458,O=C1COc2c(Cl)cc(Cl)cc2N1Cc1nnc(c2ccccn2)n1CCC(F)(F)F,-42.88,0
M2R-decoy_9535,CC1=C[C@@H]2Cc3nc4cc(Cl)ccc4c(NCCCCCCCCCNC(=O)c4cc(O)c5c(c4)C(=O)c4cccc(O)c4C5=O)c3[C@H](C1)C2,-42.87,0
M2R-decoy_9221,Cc1[nH]c2nc(c3ccccc3)nc(N[C@@H]3Cc4ccccc4[C@H]3O)c2c1C,-42.83,0
M2R-decoy_9196,S=C(NNc1ccnc2cc(Cl)ccc12)Nc1ccccc1Cl,-42.82,0
M2R-decoy_8680,O=C(NCCCCCCCCCCNc1c2c(nc3cc(Cl)cc(Cl)c13)CCCC2)c1cc(=O)c2ccccc2o1,-42.75,0
M2R-decoy_10004,NC(=O)[C@H]1CC[C@H](C(=O)N2CC[C@@]3(S(=O)(=O)c4ccc(F)cc4)c4ccc(OCc5c(F)cccc5C(F)(F)F)cc4CC[C@@H]23)CC1,-42.72,0
M2R-decoy_7183.1,O=C(CBr)Nc1ccccc1Cn1c2c(c3ccccc31)C[C@@]1(O)C3Cc4ccc(O)c5c4C1(CC[NH+]3CC1CC1)[C@H]2O5,-42.71,0
M2R-decoy_9833,C[C@H](NC(=O)C[C@@H]1CC[C@H]2[C@H](COc3ccc(NS(=O)(=O)c4ccc(Cl)cc4)cc3C(=O)N2C)O1)c1ccccc1,-42.71,0
M2R-decoy_9921,COc1ccc(/C=C2\C(=O)N(c3ccc(I)cc3)N=C2C(F)(F)F)cc1OCc1ccc(F)cc1,-42.7,0
M2R-decoy_6148.1,Nc1nc(CCCNC(=O)c2cc(Br)c(Br)n2c2ccc(Br)cc2)c[nH]1,-42.68,0
M2R-decoy_9886,COC(=O)[C@H]1C(c2nc3cc(Cl)c(Cl)cc3[nH]2)=Cc2cc3c(cc2[C@H]1c1cc(OC)c(OC)c(OC)c1)OCO3,-42.66,0
M2R-decoy_7584,COC(=O)C(C(=O)C(=O)NC1=C(Cl)C(=O)c2ccccc2C1=O)c1csc(n2nc(c3ccccc3)cc2c2ccccc2)n1,-42.61,0
M2R-decoy_3059,COc1ccc(OC)c(C(=O)/C=C/c2cn(c3ccccc3)nc2c2ccc3c(c2)OCO3)c1,-42.6,0
M2R-decoy_2919,O=C([O-])CCc1n(Cc2ccc3ccccc3c2)c2ccccc2[n+]1Cc1ccc2ccccc2c1,-42.59,0
M2R-decoy_7604,Clc1ccc(c2nn3c(COc4ccc(OCc5nnc6sc(c7ccc(Cl)cc7)nn56)c(Cl)c4)nnc3s2)cc1,-42.53,0
M2R-decoy_2824,Cc1ncc([N+](=O)[O-])n1CCOC(=O)c1ccccc1OCc1cccc(Cl)c1F,-42.51,0
M2R-decoy_1136.1,O=C(NNC(=S)Nc1ccccc1)c1nsc2ccccc12,-42.45,0
M2R-decoy_10442,O=C1N(Cc2ccc(Cl)cc2Cl)c2cccn2S(=O)(=O)N1Cc1cccc(F)c1,-42.42,0
M2R-decoy_10162,Fc1cccc(c2nc(C[NH+]3CCC([NH+]4CCCCC4)CC3)co2)c1,-42.39,0
M2R-decoy_8227,Cc1ccc([P+](Cc2nc(C)c(O)c(CO)c2C[P+](c2ccc(C)cc2)(c2ccc(C)cc2)c2ccc(C)cc2)(c2ccc(C)cc2)c2ccc(C)cc2)cc1,-42.38,0
M2R-decoy_6273,CC(C)Oc1cccc(n2c(C/[NH+]=C(\S)Nc3ccc(Br)cc3)nc3ccccc3c2=O)c1,-42.35,0
M2R-decoy_7514,Cc1cc2ccc1[C@@H](C)COC(=O)Nc1ccc(S(=O)(=O)C3CC3)c(c1)CN(C)C(=O)[C@@H]2Nc1ccc2c(N)nccc2c1,-42.34,0
M2R-decoy_8314,Cc1ccc(C(=O)/C=C/c2ccc(C(=O)NCCOCCOCCNc3ccnc4cc(Cl)ccc34)cc2)o1,-42.26,0
M2R-decoy_6258.1,O=c1[nH]cnn1c1ccc(c2cnc(N3CCOCC3)c3nc(CCc4ccc5ccccc5n4)cn32)cc1,-42.25,0
M2R-decoy_7196,CCOC(=O)C1=C(c2ccccc2)N=c2s/c(=C\c3ccc(c4cccc(C(=O)OC)c4)o3)c(=O)n2C1c1ccc(OC)cc1,-42.25,0
M2R-decoy_547,Cc1cc(NNC(N)=S)n2nc(C(F)(F)F)nc2n1,-42.22,0
M2R-decoy_9264,CN1Cc2cc(ccc2S(=O)(=O)C2CC2)NC(=O)CCc2cccc(c2)[C@@H](Nc2ccc3c(N)ncc(F)c3c2)C1=O,-42.18,0
M2R-decoy_11220,Cc1ncc(COc2cc(/C=C3\SC(=O)N(C)C3=O)c(Br)cc2O)cn1,-42.17,0
M2R-decoy_9088,Clc1ccc(COc2ccc(/C=C/C(/C=C/c3ccccn3)=N/Oc3ncnc4ccccc34)cc2)c(Cl)c1,-42.16,0
M2R-decoy_6710,O=C(N[C@@H](Cc1ccccc1)C(=O)N1CCC2(CC1)[NH2+]CCc1[nH]cnc12)c1cccc(Br)c1,-42.13,0
M2R-decoy_8992,CC(C)(C)OC(=O)NC(C(=O)Nc1ccc(NC(=O)/C=C/c2ccc(c3ccc([N+](=O)[O-])cc3)o2)cc1C(=O)c1ccccc1)c1ccc(C(F)(F)F)cc1,-42.08,0
M2R-decoy_3701,O=C(CCCCCn1cc(c2ccc3ncnc(Nc4ccc(OCc5nccs5)c(Cl)c4)c3c2)nn1)NO,-42.04,0
M2R-decoy_3257,CC(C)c1ccc(C2CC(=O)c3ccc(OCc4cn(Cc5ccccc5)nn4)cc3O2)cc1,-42.02,0
M2R-decoy_1958,Cc1ccc(C(=O)Nc2cc(N(C)CC[NH+](C)C)cc(C(F)(F)F)c2)cc1Nc1ncnc2cnc(NCC(C)C)nc12,-41.99,0
M2R-decoy_7760,OC(CSc1nnc(c2ccco2)c(c2ccco2)n1)Cn1c2ccc(Br)cc2c2cc(Br)ccc21,-41.99,0
M2R-decoy_6134,Cc1ccc(n2n[o+]c([O-])c2c2nn3cc(c4cc5cc(Br)ccc5oc4=O)nc3s2)cc1,-41.97,0
M2R-decoy_9804,FC(F)(F)Oc1cc(I)ccc1Nc1nc2nonc2nc1Nc1ccc(I)cc1OC(F)(F)F,-41.97,0
M2R-decoy_7390,O=C(N/N=C/c1cc(C(F)(F)F)cc(C(F)(F)F)c1)N1CCc2ncnc(Nc3cccc(C(F)(F)F)c3)c2C1,-41.96,0
M2R-decoy_7153.1,C[C@H]1CCCCO[C@@H](C[NH+](C)Cc2ccccc2)[C@H](C)CN([C@H](C)CO)C(=O)c2cc(NC(=O)Nc3ccc(C(F)(F)F)cc3)ccc2O1,-41.94,0
M2R-decoy_9218,CC1(C)CCNc2ccc(NC(=S)Nc3ccc(OC(F)(F)F)cc3)cc21,-41.94,0
M2R-decoy_9840,O=C(N/N=C/c1cccc(Br)c1)Nc1cc2c(Nc3ccc(F)c(Cl)c3)ncnc2cc1O[C@H]1CCOC1,-41.91,0
M2R-decoy_7827,CC(C)N1C[C@@H](C)[C@H](CN(C)S(=O)(=O)c2ccc3c(c2)OCCO3)Oc2c(NC(=O)Nc3cccc4ccccc34)cccc2C1=O,-41.89,0
M2R-decoy_9839,C[C@]12C[C@H](O)[C@H]3[C@@H](CCC4=CC(=O)C=C[C@@]43C)[C@@H]1CC[C@]2(OC(=O)c1ccco1)C(=O)CSc1nccc2ccccc12,-41.89,0
M2R-decoy_7393,C[NH+](C)C1CCCN(c2nc3c(Br)c(Br)c(Br)c(Br)c3[nH]2)C1,-41.88,0
M2R-decoy_1158,O=C(NNC(=S)Nc1ccccc1C(F)(F)F)c1ccncc1,-41.87,0
M2R-decoy_7222,N#Cc1ccc(/C=C/c2nc3ccccc3c(=O)n2c2ccc(OCc3cn(Cc4ccc(Br)cc4)nn3)cc2)cc1,-41.86,0
M2R-decoy_5362,CCN(C(=O)c1ccc(CNc2nc(NC(C)C)nc(N3CCc4cc(OC)c(OC)cc4C3)n2)cc1)c1cccc(C)c1,-41.85,0
M2R-decoy_8977,CCCCCc1ccc(C#Cc2c3cn(Cc4cn(c5ccc(Cl)cc5)nn4)c(=O)nc3oc2c2ccc(CCCCC)cc2)cc1,-41.85,0
M2R-decoy_9003,COc1cc(c2ccc(Nc3nc(c4ccc([N+](=O)[O-])cc4)cs3)c(OC)c2)ccc1Nc1nc(c2ccc([N+](=O)[O-])cc2)cs1,-41.84,0
M2R-decoy_10938,O=C(CSc1nc(=O)n2ccccc2n1)N1N=C(c2cccs2)CC1c1ccc(F)cc1,-41.83,0
M2R-decoy_11080,O=C(/C(=C/C=C/c1ccccc1)c1cccc(C(F)(F)F)c1)N1CCN(c2ncccn2)CC1,-41.83,0
M2R-decoy_7569,C[C@@H](CO)N1C[C@@H](C)[C@@H](CN(C)S(=O)(=O)c2cccs2)Oc2ccc(NC(=O)Nc3ccc(C(F)(F)F)cc3)cc2CC1=O,-41.81,0
M2R-decoy_1300,O=C(Cc1ccc(Cl)cc1)NNC(=S)NC(=O)c1cccnc1,-41.8,0
M2R-decoy_9030,O=C(/C=C/c1ccc(c2ccc([N+](=O)[O-])cc2)o1)Nc1ccc(NC(=O)CCc2ccc(C(F)(F)F)cc2)c(C(=O)c2ccccc2)c1,-41.8,0
M2R-decoy_6695,CC1(C)C[C@@H](O)CN(S(=O)(=O)c2ccc(OCc3ccc(Br)cc3)cc2)[C@H]1C(=O)NO,-41.79,0
M2R-decoy_3398,O=C(c1ccco1)c1cn(CCOc2ccccc2)c2ccccc12,-41.76,0
M2R-decoy_7349,CN1Cc2cc(ccc2S(=O)(=O)C2CC2)NC(=O)CCc2cccc(c2)[C@@H](Nc2ccc3c(N)nccc3c2)C1=O,-41.76,0
M2R-decoy_7418,Nc1nc2nn(CCc3cc(Br)c(Br)cc3Br)cc2c2nc(c3ccco3)nn12,-41.76,0
M2R-decoy_11340,Cc1cc(N2CCCC2)nc(N2CCN(S(=O)(=O)c3ccc(F)cc3)CC2)n1,-41.75,0
M2R-decoy_6944.1,CN(C(=O)c1ccc(c2ccc(C(F)(F)F)cc2)cc1)C1CCN(C(=O)N(C)C2CC[NH+](CCS(=O)(=O)N3CCCC3)C2)C1,-41.75,0
M2R-decoy_1610.1,CC(C)=CC[NH+]1C[C@@H]2CC[C@H]1CN(C(=O)CSc1ccncc1)C2,-41.71,0
M2R-decoy_9081,Cc1nn(Cc2c(F)c(F)c(F)c(F)c2F)c(C)c1NC(=O)c1ccc(COc2ccccc2Cl)cc1,-41.68,0
M2R-decoy_8941,COc1cc(CNC(=O)CCCC/C=C/CCCNc2c3c(nc4cc(Cl)ccc24)CC2C=C(C)CC3C2)ccc1O,-41.67,0
M2R-decoy_10870,Cc1cccn2c(=O)nc(SCC(=O)N3N=C(c4cccs4)CC3c3ccc(F)cc3)nc12,-41.64,0
M2R-decoy_3816,CCCCc1cc(N[C@@H](CC(C)C)C(=O)NCCCOCC)nc(n2cnc(c3ccc([N+](=O)[O-])cc3)c2)n1,-41.6,0
M2R-decoy_4335,O=c1cc(c2ccccc2)oc2cc(OCCOCCn3cc(CNc4ccccc4)nn3)ccc12,-41.59,0
M2R-decoy_9104,CCOC(=O)c1cn(c2ccc(F)cc2)nc1c1sc(N(CC)c2ccccc2)nc1c1ccccc1,-41.56,0
M2R-decoy_3082,CCn1c(COc2ccc(=O)n(c3ccccc3)n2)nnc1SCc1ccc(C)cc1,-41.55,0
M2R-decoy_6224,Cc1ccccc1Nc1nc(Nc2ccc(Nc3ccnc4cc(Cl)ccc34)cc2)nc(N2CC[NH+](C)CC2)n1,-41.55,0
M2R-decoy_7212,O=S(=O)(c1ccc(c2ccc3ncnc(Nc4ccc(OCc5cccc(F)c5)c(Cl)c4)c3c2)cc1)N1CCSCC1,-41.51,0
M2R-decoy_3235,O=C1N(Cc2ccccc2COc2ccc(c3ccc(Cl)cc3)cc2)CCN1c1ccncc1,-41.5,0
M2R-decoy_7820,CCOC(=O)c1nn(c2ccc(S(N)(=O)=O)cc2)c2nc3nc(c4ccc(Cl)cc4)cc(c4ccc(OC)cc4)c3c(=O)n12,-41.47,0
M2R-decoy_6306,Cc1oncc1CN(C1Cc2cc(c3ccccc3)ccc2N(Cc2cn(C)cn2)C1)S(=O)(=O)c1cn(C)cn1,-41.46,0
M2R-decoy_6329.1,CC(=O)OCC1=C(C(=O)OC(c2ccccc2)c2ccccc2)N2C(=O)[C@@H](Nc3nc4c(N)cccc4[nH]3)C2SC1,-41.44,0
M2R-decoy_8367,CCCCN(CCCC)C(=O)c1cc(C)n(c2ccc(N[S+]([O-])c3cccc(C#N)c3)cc2C(=O)N2Cc3ccccc3C[C@H]2CO)n1,-41.42,0
M2R-decoy_8255,O=C(Cc1ccc(O)cc1)N[C@H](Cc1ccccc1)C(=O)OC[C@H](Cc1ccccc1)NC(=O)c1ccccc1,-41.41,0
M2R-decoy_11085,COc1ccc(Br)cc1/C=N/NC(=O)c1nc(c2ccccc2)n2c1CCCCC2,-41.39,0
M2R-decoy_4683,CCNC(=O)CC1C(=O)N(c2ccc(F)cc2)C(=O)N1CCc1sccc1C,-41.38,0
M2R-decoy_11014,O=C1/C(=C/c2cc(OCc3cncnc3)c(O)cc2Br)Sc2ncccc21,-41.37,0
M2R-decoy_7629,Cc1cc2ccc1[C@@H](C(F)F)COC(=O)Nc1ccc(S(=O)(=O)C3CC3)c(c1)CN(C)C(=O)[C@@H]2Nc1ccc2c(N)nccc2c1,-41.37,0
M2R-decoy_11002,Brc1ccc(OCc2nn3c(nnc3c3ccc(Br)cc3)s2)cc1,-41.36,0
M2R-decoy_1413.1,O=C1Nc2c(Br)cccc2/C1=C1/Nc2ccc(CO)cc2C1=O,-41.35,0
M2R-decoy_5135,CC(C)(C)OC(=O)N[C@H](CCCCNC(=O)[C@@H]1Cc2ccccc2CN1C(=O)CCC(=O)c1ccccc1)C(=O)NCC(c1ccccc1)c1ccccc1,-41.33,0
M2R-decoy_7237,Cc1cc(SC2=C([O-])OC(C)(CCc3ccc(O)cc3)CC2=O)c(C(C)(C)C)cc1NS(=O)(=O)c1ccc(C(F)(F)F)cc1,-41.33,0
M2R-decoy_6749,Cc1cc(C)[n+](NC(=O)c2[nH]c3ccc(S(N)(=O)=O)cc3c2c2c(F)c(F)c(F)c(F)c2F)c(C)c1,-41.32,0
M2R-decoy_8216,O=C(CCCC[C@@H]1SCC2C1N(Cc1cccc(Br)c1)C(=O)N2Cc1cccc(Br)c1)OCc1cccc(Br)c1,-41.31,0
M2R-decoy_9267,CCS(=O)(=O)c1ccc2cc1CNC(=O)[C@H](Nc1ccc3c(N)nccc3c1)c1ccc(c(C)c1)CCOC(=O)N2,-41.3,0
M2R-decoy_6425,O=C(CNc1ncnc2ccc(C(F)(F)F)cc12)NC1C[NH+](C2CCC(c3ccccc3CO)CC2)C1,-41.29,0
M2R-decoy_4291,O=C(NCCOC(=O)c1ccc(C(=O)OCCNC(=O)c2cccnc2)s1)c1cccnc1,-41.23,0
M2R-decoy_10545,Cc1nnsc1C1=NNC(=O)/C1=C\c1cn(C)c2ccc(Cl)cc12,-41.21,0
M2R-decoy_7450,O=C1c2ccc(c3ccc(Cl)c(C(F)(F)F)c3)cc2S(=O)(=O)c2cccc(C(=O)N3CCN(c4ncc(Br)cn4)CC3)c21,-41.21,0
M2R-decoy_3382,O=[N+]([O-])c1ccc(/C=C/CSSC/C=C/c2ccc([N+](=O)[O-])cc2)cc1,-41.19,0
M2R-decoy_9206,Nc1oc2c(ccnc2c2ccc(F)c(F)c2F)c1Nc1ccc(F)c(Cl)c1,-41.17,0
M2R-decoy_6344,C[NH2+][C@H]1[C@@H](O[C@@H]2c3cc4ccccc4cc3[C@@H]3[C@H]2CC[C@@]32C(=O)C=Cc3ccc(OC)cc32)O[C@H](C)[C@H](O)[C@@H]1O,-41.14,0
M2R-decoy_3832,O=C(N[C@@H](Cc1ccccc1)C(=O)N[C@H](/C=C/c1ccccn1)CCc1ccccc1)OCc1ccccc1,-41.12,0
M2R-decoy_2776,COc1ccc(OC)c(COc2cc(NC(=O)c3ccc(Br)cc3)ccc2N(C)S(=O)(=O)C(F)(F)F)c1,-41.11,0
M2R-decoy_10119,O=C(NCC(O)c1ccc(F)cc1)C1CC[NH+](C2CCCCC2)CC1,-41.07,0
M2R-decoy_1284,O=C(NNC(=S)NCc1ccccc1)c1ccc2c(c1)OCO2,-41.07,0
M2R-decoy_6706,Cc1c(C(=O)N2CCN(c3ncc(c4ccc(C(F)(F)F)cc4)o3)CC2)cnn1c1nn2cccc2c(=O)[nH]1,-41.07,0
M2R-decoy_2901,CCc1nc(COc2cc(OC)cc3oc(c4cn5nc(OC)sc5n4)cc23)cs1,-41.06,0
M2R-decoy_9207,Nc1oc2c(/C=C/c3ccccc3)nccc2c1Nc1ccc(F)c(Cl)c1,-41.02,0
M2R-decoy_3392,Cc1ccccc1OCC(=O)Nc1ccc2nc(SCCOc3ccccc3)sc2c1,-41.0,0
M2R-decoy_6675,NS(=O)(=O)Oc1ccc(NC(=O)N2CCN(c3nccc(c4cccc(C(F)(F)F)c4)n3)CC2)cc1,-41.0,0
M2R-decoy_10202,CC(=O)NC(=S)NNC(=O)c1ccc(Br)cc1,-40.95,0
M2R-decoy_3048,COc1nc([N+](=O)[O-])cn1CC(OCc1ccc(F)cc1)c1ccc(Cl)cc1Cl,-40.95,0
M2R-decoy_5661,CCCCCc1ncc(c2ccc(S(=O)(=O)Nc3ccc(CC[NH2+]C[C@H](O)c4cccnc4)cc3)cc2)o1,-40.92,0
M2R-decoy_8690,CCCCc1ccc(Nc2nc(Cl)c3ccn(C4CC(Oc5ccc(C)cc5)C(COc5ccc(C)cc5)O4)c3n2)cc1,-40.91,0
M2R-decoy_10935,O=C(/C=C/c1ccc(Cl)cc1Cl)N1CCN(c2ccc([N+](=O)[O-])c(N3CCOCC3)c2)CC1,-40.88,0
M2R-decoy_1114.1,Cn1c(=O)c2c(nc(N/N=C/c3cccs3)n2Cc2ccccc2)n(C)c1=O,-40.88,0
M2R-decoy_7016,C[C@@H]1CN([C@H](C)CO)C(=O)CCCn2cc(nn2)CO[C@H]1CN(C)C(=O)Nc1ccc(c2cccs2)cc1,-40.88,0
M2R-decoy_1744,O=C(/C=C/c1ccc([N+](=O)[O-])o1)c1ccc(OCc2ccc(Cl)cc2Cl)cc1,-40.85,0
M2R-decoy_11258,Cc1ccc(N2CCn3c2nc2c3c(=O)n(C/C=C/c3ccccc3)c(=O)n2C)cc1C,-40.81,0
M2R-decoy_657,Fc1ccc(NC2=[NH+]CC[NH+]=C(Nc3ccc(F)cc3)SS2)cc1,-40.78,0
M2R-decoy_2021.1,O=C(/C=C/c1ccccc1)c1ccc(OCc2cn(Cc3ccc(Br)cc3)nn2)cc1O,-40.77,0
M2R-decoy_3183,CSCSc1nnc(c2cn(c3ccccc3)nc2CC(C)C)o1,-40.77,0
M2R-decoy_1781.1,CC[NH+]1CCc2c(nc(n3c(C[NH3+])cc4ccccc43)nc2NCc2ccccc2)C1,-40.75,0
M2R-decoy_3052,O=C(/C=C/c1ccc([N+](=O)[O-])cc1)c1cn(C(c2ccccc2)c2ccccc2)nn1,-40.74,0
M2R-decoy_10053,COc1ccc(c2nn(c3ccc(S(N)(=O)=O)cc3)cc2/C=N\Nc2nc(c3cc4cc(Br)ccc4oc3=O)cs2)cc1,-40.73,0
M2R-decoy_6905,NNC(=O)COc1ccc(NC(=O)c2cc(Br)c(Br)[nH]2)c(OCc2ccccc2)c1,-40.73,0
M2R-decoy_5289,CCCCCCOc1cc(NC(=O)c2ccc(I)cc2)ccc1N(C)S(C)(=O)=O,-40.7,0
M2R-decoy_2234.1,CCC[NH+](CCOC)Cc1ccc(CCn2ccc(OCc3ccc(F)cc3)cc2=O)cc1,-40.69,0
M2R-decoy_5810,O=C(NC(=O)[C@H](Cc1ccc2ccccc2c1)NC(=O)[C@H](CCc1ccccc1)N/C=C/S(=O)(=O)c1ccc2ccccc2c1)NN1CCOCC1,-40.66,0
M2R-decoy_4915,COc1cc2cc(C(=O)C3CN(CCl)c4cc(NC(=O)OCc5ncc([N+](=O)[O-])n5CCO)c5ccccc5c43)[nH]c2c(OC)c1OC,-40.65,0
M2R-decoy_4208,COc1cc2nc(N(C)CCSSCCN(C)C(=O)c3ccc(CCl)o3)nc(N)c2cc1OC,-40.61,0
M2R-decoy_7721.1,O=C1[C@@H](Oc2ccc(Cl)cc2Cl)[C@@H](c2ccc(Cl)cc2)N1c1ccc(Nc2nc(N3CCOCC3)nc(N3CCOCC3)n2)cc1,-40.61,0
M2R-decoy_1543,Cc1cncn1CCCNC(=S)Nc1ccc2c(c1)OCO2,-40.6,0
M2R-decoy_8788,CC(C)CCN(c1ccc(OCc2ccccc2)cc1)C1CCN(C(=O)[C@H](CC(C)C)NC(=O)N2CCCCCC2)CC1,-40.6,0
M2R-decoy_9984,C/C(=N\Nc1ccc([N+](=O)[O-])cc1[N+](=O)[O-])[C@@H]1CC[C@]2(C(=O)[O-])CC[C@]3(C)[C@H](CC[C@@H]4[C@@]5(C)CC/C(=N\Nc6ccc([N+](=O)[O-])cc6[N+](=O)[O-])C(C)(C)[C@@H]5CC[C@]43C)[C@@H]12,-40.6,0
M2R-decoy_9031,CCOC(=O)c1[nH]c2cc(Cl)ccc2c1C(C(=O)NC(C)(C)C)N(C=O)Cc1ccc(OCc2ccccc2Br)cc1,-40.58,0
M2R-decoy_9929,CC[C@@]1(OC(=O)[C@H](C)NC(=S)NC(=O)c2ccc3ccccc3c2)C(=O)OCc2c1cc1n(c2=O)Cc2cc3ccccc3nc2-1,-40.58,0
M2R-decoy_2541,CC(=O)OC[C@H]1O[C@@H](NC(=S)N/N=C/c2ccc(O)cc2)[C@H](OC(C)=O)[C@@H](OC(C)=O)[C@H]1OC(C)=O,-40.56,0
M2R-decoy_253,Cc1ccc2c(c1)SC1=[NH+]c3sc4cc(C)ccc4[n+]3CN12,-40.55,0
M2R-decoy_1900.1,C=CC(=O)Nc1cc2c(Nc3ccc(Br)cc3F)ncnc2cc1OCCNC(=O)C[NH+]1CCC1,-40.5,0
M2R-decoy_5710,Cc1cc(N[C@@H](Cc2ccccc2)C(=O)NCCOc2ccccc2)nc(NCCc2cccs2)n1,-40.5,0
M2R-decoy_7059,C[C@@H](CO)N1C[C@@H](C)[C@H](C[NH+](C)Cc2cccnc2)Oc2cc(/C=C/c3ccccc3)ccc2S1(=O)=O,-40.48,0
M2R-decoy_10050,C[C@H]1CCCCO[C@@H](CN(C)C(=O)Nc2ccc(F)cc2)[C@@H](C)CN([C@H](C)CO)C(=O)c2cc(NC(=O)Nc3ccc(F)cc3)ccc2O1,-40.45,0
M2R-decoy_6497,O=c1[nH]ncn1c1ccc(c2cnc(N3CCOCC3)c3nc(/C=C/c4ccc5ccccc5n4)cn32)cc1,-40.45,0
M2R-decoy_3068,CO/N=C(/C(=O)OC)c1ccccc1CSc1nnc(c2cc(F)c(Cl)cc2Cl)o1,-40.44,0
M2R-decoy_6177,NC(=O)n1cc(NC(=O)N2C[C@H](F)C[C@H]2CNS(=O)(=O)c2cccc(OC(F)(F)F)c2)c2ccccc21,-40.44,0
M2R-decoy_8674,CC(C)=CCN(c1ccc(OCc2ccccc2)cc1)C1CCN(C(=O)[C@H](CC(C)C)NC(=O)N2CCCCCC2)CC1,-40.43,0
M2R-decoy_9150.1,O=C(/C=N/Nc1cnc2ccccc2n1)NCCCCCCCNc1ccnc2cc(Cl)ccc12,-40.41,0
M2R-decoy_1524,Cc1cnn(CC(C)[NH2+]Cc2csc(c3ccsc3)n2)c1,-40.39,0
M2R-decoy_10133,C[NH+](C)C(C[NH+]=C(S)Nc1ccccc1Cl)c1cccnc1,-40.37,0
M2R-decoy_11481,Cn1c(CN2CCN(S(=O)(=O)c3cc4ccc(Cl)cc4s3)CC2=O)cc2cnccc21,-40.37,0
M2R-decoy_7845,Cc1cccc(C)c1NC(=S)N/N=C/c1ccc(n2nc3c(c2c2ccccc2)N(C)S(=O)(=O)c2ccccc2-3)cc1,-40.36,0
M2R-decoy_8609,COc1cc(OCc2cccc(OCc3cccc(OCc4ccccc4)c3)c2)c2cc(c3cn4nc(OC)sc4n3)oc2c1,-40.36,0
M2R-decoy_9238,O=C(NCCc1c[nH]c2ccccc12)Nc1cc(Br)cc(Br)c1,-40.36,0
M2R-decoy_8842,O=C(CCCC[P+](c1ccccc1)(c1ccccc1)c1ccccc1)Oc1ccc(c2ccc(C(=O)C(Cl)Cl)cc2)cc1[N+](=O)[O-],-40.35,0
M2R-decoy_3216,O=C(CSc1nnc(c2cccnc2)o1)c1ccc(c2ccccc2)cc1,-40.3,0
M2R-decoy_6389.1,O=C([C@@H]1C[C@H]1c1ccc(C(F)(F)F)cc1)N1CCN(S(=O)(=O)c2cc(C(F)(F)F)cc(c3n[nH]c(=O)o3)c2)CC1,-40.3,0
M2R-decoy_6137,Cc1cc(COc2ccc(NC(=O)[C@H]3CCN(C(=O)NC(C)(C)C)C[C@@H]3C(=O)NO)cc2)c2ccccc2n1,-40.22,0
M2R-decoy_7474,O=C1[C@@H]2C[C@H](Oc3ccc(c4ccc(Br)cc4)cc3)CN2C(=O)N1c1cc(Cl)cc(Cl)c1,-40.21,0
M2R-decoy_6139,Cc1cc(COc2ccc(NC(=O)[C@H]3CCN(C(=O)OC(C)C)C[C@@H]3C(=O)NO)cc2)c2ccccc2n1,-40.2,0
M2R-decoy_533,O=C(NNC(=S)NC(=O)c1cccnc1)c1ccccc1,-40.17,0
M2R-decoy_7570,COc1ccc(/C=C/C(=O)O[C@@H]2O[C@@H]3O[C@@]4(C)CC[C@H]5[C@H](C)[C@H](OC(=O)/C=C/c6ccc(OC)cc6)C[C@@H]([C@H]2C)[C@]53OO4)cc1,-40.17,0
M2R-decoy_5202,Cn1cnc(S(=O)(=O)N(Cc2ccc(n3cccc3)cc2)C2Cc3cc(C#N)ccc3N(Cc3cncn3C)C2)c1,-40.15,0
M2R-decoy_9197,O=C(c1nc(c2c[nH]c3cc(F)ccc32)c[nH]1)c1c[nH]c2cc(F)ccc12,-40.14,0
M2R-decoy_2888,COc1ccc(C(=O)Nn2c(SCC(=O)NCc3ccccc3)nc3ccccc3c2=O)cc1,-40.13,0
M2R-decoy_9256,O=c1/c(=C/c2ccc([N+](=O)[O-])o2)sc2n1[C@@H](c1ccc(Cl)cc1)C=C(c1cc(F)c(Cl)cc1Cl)N=2,-40.13,0
M2R-decoy_3414,Cc1ccc(Oc2ccc(C(=O)N(C)Cc3ccncc3)cc2)cc1,-40.12,0
M2R-decoy_10873,O=C(C(=O)c1ccc(Br)c([N+](=O)[O-])c1)c1ccc(Br)c([N+](=O)[O-])c1,-40.09,0
M2R-decoy_859,C#CCn1c(=O)c2[nH]c(/C=C/c3cccc(Cl)c3)nc2n(C)c1=O,-40.09,0
M2R-decoy_10752,O=C1N(Cc2ccccc2Br)c2cccn2S(=O)(=O)N1Cc1cccc(F)c1,-40.05,0
M2R-decoy_3360.1,COc1cc(OCc2ccccc2)ccc1/C=C/C(=O)CC(=O)/C=C/c1ccc2cc[nH]c2c1,-40.05,0
M2R-decoy_9857.1,O=C(/C=C/c1ccc(Br)cc1)c1ccc(OCc2cn([C@H]3CC(=O)N4C[C@@H]5CCC[NH+]6CCC[C@@H]([C@H]56)[C@H]4C3)nn2)cc1,-40.05,0
M2R-decoy_1057.1,Cc1ccc(Nc2nc(N3CCOCC3)nc(N3CCOCC3)n2)cc1Cl,-40.04,0
M2R-decoy_1361,Oc1ccc(Br)cc1/C=N/NC(=S)NC1CC2CCC1C2,-40.04,0
M2R-decoy_9193,Nc1ccccc1NC(=O)c1ccc(COc2ccc(Br)cc2)cc1,-39.95,0
M2R-decoy_2051,COC(=O)C(=C(/C)c1cc(OC)cc(OC)c1)/C(=C\c1ccccc1)C(=O)Nc1cccc2cccnc12,-39.94,0
M2R-decoy_7880,Cc1nc2c(Br)cc(Br)cc2c(=O)n1c1ccc(NC(=O)N/N=C/c2ccc([N+](=O)[O-])cc2)cc1,-39.93,0
M2R-decoy_6646,C=C1C(=O)[C@@]23[C@@H]([C@@H](O)C[C@@H]1[C@H]2O)[C@]12CCCC(C)(C)[C@H]1C[C@H]3O[C@@H]2OCCc1cn(Cc2ccccc2)nn1,-39.92,0
M2R-decoy_9213,Cc1cc(NCc2cccc(C(F)(F)F)c2F)c2cccc(C(N)=O)c2n1,-39.92,0
M2R-decoy_9236,Fc1cc(Nc2ccncc2)cc(F)c1NCCc1c[nH]c2ccccc12,-39.89,0
M2R-decoy_5861,Cc1ccc(C)c(NC(=O)CSc2nncn3c2cc2sccc23)c1,-39.86,0
M2R-decoy_1661,CC(=O)N1N=C(c2ccc3c(c2)OCCO3)OC1c1ccc(Cl)cc1Cl,-39.84,0
M2R-decoy_6230,N#Cc1ccc(n2nnc(COc3ccc([N+](=O)[O-])cc3C(F)(F)F)c2I)cc1C(F)(F)F,-39.81,0
M2R-decoy_8836,CC1Cc2c(OCc3ccc(c4ccccc4)cn3)ccc3c2c(c(CSCC(C)C(=O)[O-])n3Cc2ccc(Cl)cc2)S1,-39.79,0
M2R-decoy_8538,O=C1NC(=O)C(=Cc2ccc(N(CCOc3ccc([N+](=O)[O-])cc3)CCOc3ccc([N+](=O)[O-])cc3)cc2)C(=O)N1,-39.78,0
M2R-decoy_10049,COc1ccccc1[C@@H]1OC[C@]2(C)[C@H](CC[C@]3(C)[C@H]4[C@@H](O)c5c(cc(c6cccnc6)oc5=O)O[C@]4(C)[C@@H](OC(=O)c4ccc(C#N)cc4)C[C@H]32)O1,-39.76,0
M2R-decoy_11045,O=Cc1cn(c2nc(c3cc4cc(Br)ccc4oc3=O)cs2)nc1c1ccc(Cl)cc1,-39.74,0
M2R-decoy_8545.1,COc1cc(Nc2nc(NCCCCNc3cnc4cc(Cl)ccc4c3)nc(N3CCOCC3)n2)cc(OC)c1,-39.73,0
M2R-decoy_1844,COC(=O)[C@H]1C(/C=C/C(=O)c2ccc([N+](=O)[O-])cc2)=Cc2cc(OC)c(OC)cc2[C@H]1c1cc(OC)c(OC)c(OC)c1,-39.71,0
M2R-decoy_7360,O=C(Nc1ccc(C(F)(F)F)cc1)Nc1ccc2c(c1)[C@H]1C[C@H](CC(=O)N3CCc4ccccc4C3)O[C@H](CO)[C@H]1O2,-39.7,0
M2R-decoy_8310,CC(C)C[C@H](NC(=O)N1CCCCCC1)C(=O)N1CCC(N(CCC(C)O)c2ccc(OCc3ccccc3)cc2)CC1,-39.7,0
M2R-decoy_7013,CCOC(=O)[C@H]1[C@H]2COc3ccc(Br)cc3[C@@H]2N2C(=O)c3cc(OC)c(OC)cc3NC(=O)[C@@]12C,-39.66,0
M2R-decoy_844,O=C(NNC(=S)NCc1ccc(Cl)cc1)c1cccnc1,-39.66,0
M2R-decoy_831,Oc1cccc(n2cnc3nc4ccccc4nc32)c1,-39.65,0
M2R-decoy_8703,CC(C)(CC[C@H](SCc1ccccc1C(C)(C)O)c1cccc(/C=C/c2ccc3ccc(Cl)cc3n2)c1)CC(=O)[O-],-39.65,0
M2R-decoy_5897,COc1ccc(OCCOCc2ccccc2)c(CCNC(=S)Nc2ccc(Br)cn2)c1,-39.64,0
M2R-decoy_1916,C[NH+]1CCC(c2ccc(Nc3ncc(C(F)(F)F)c(CCc4ncncc4CC(N)=O)n3)cc2)CC1,-39.61,0
M2R-decoy_9173,CCCCCC(=O)N[C@@H](C(=O)NCc1ccc(NC(N)=[NH2+])cc1)c1ccc(OCc2ccc(C(F)(F)F)cc2)cc1,-39.61,0
M2R-decoy_2836,CCCCOC(=O)CSCC(=O)N1N=C(c2cccs2)CC1c1ccc(F)cc1,-39.6,0
M2R-decoy_1767,Cc1ccnc(SCc2cc(=O)c(OC(=O)C3(c4ccc(Cl)cc4)CCCC3)co2)n1,-39.6,0
M2R-decoy_10999,CSC(=O)c1sc(c2ccc(Cl)cc2)nc1C(Br)Br,-39.57,0
M2R-decoy_11060,O=c1cc(CSc2nc3ccsc3c(=O)n2c2ccc(Br)cc2)nc2ccccn12,-39.57,0
M2R-decoy_8607,FC(F)(F)C(F)(F)C(F)(F)C(F)(F)C(F)(F)C(F)(F)CCn1cc(COc2nc(c3ccccc3)nc3ccccc23)nn1,-39.57,0
M2R-decoy_10837,CCOC(=O)C1=CN(Cc2cccc(c3ccc(F)cc3)c2)S(=O)(=O)N(C)C1C,-39.54,0
M2R-decoy_7671,C[C@H]1[C@@H]2CC[C@@]3(C)OO[C@@]24[C@@H](C[C@H]1OC(=O)/C=C/c1ccc(C(F)(F)F)cc1)[C@@H](C)[C@H](OC(=O)/C=C/c1ccc(C(F)(F)F)cc1)O[C@@H]4O3,-39.53,0
M2R-decoy_747.1,Cc1cc(C)n2cc(C[NH+]3CCCC3Cn3nc(C)nc3C)nc2n1,-39.52,0
M2R-decoy_8675,CCC(C)[C@@H](c1nc(C(=O)OC)co1)n1cc(CC2CC(CCc3ccccc3)CC(O[Si](C)(C)C(C)(C)C)C2)nn1,-39.52,0
M2R-decoy_6158,CNOC(=O)C1CCN(C(=O)[C@H](Cc2c[nH]c3ccccc23)NC(=O)Nc2ccc(Br)cc2)CC1C,-39.51,0
M2R-decoy_9120,Cc1c(C)n(Cc2ccc(c3ccccc3)cc2)c2ccc(C(=O)N[C@@H](Cc3ccccc3)c3cccc(C(C)C)c3)cc12,-39.51,0
M2R-decoy_3050,N#Cc1ccc(OCc2nnc(SCC(=O)N3CCCc4ccccc43)n2c2ccccc2)cc1,-39.49,0
M2R-decoy_6771,NS(=O)(=O)c1ccc(CNS(=O)(=O)c2ccc(NC(=O)c3c(F)c(F)cc(F)c3F)cc2)cc1,-39.48,0
M2R-decoy_8845,O=C(/C=C/c1ccc(c2ccc([N+](=O)[O-])cc2)o1)Nc1ccc(NC(=O)CCc2ccccc2C(F)(F)F)c(C(=O)c2ccccc2)c1,-39.48,0
M2R-decoy_8724,CC(C)[NH+]1CCC(N(Cc2ccc(c3ccc(C(F)(F)F)cc3)cc2)C(=O)Cn2c(SCc3cccc(F)c3F)cc(=O)c3c2CCC3)CC1,-39.47,0
M2R-decoy_10046,Fc1ccccc1Nc1nc(Nc2ccccc2F)nc(c2cn(c3ccc(c4nc(c5ccccc5)c(c5ccccc5)o4)cc3)nn2)n1,-39.46,0
M2R-decoy_10910,CCC1CN(C(=O)N2CCC(C(=O)N3CCN(c4ccccc4F)CC3)CC2)c2ccccc2O1,-39.46,0
M2R-decoy_10988,N#Cc1ccc(c2csc(N3N=C(c4cccs4)CC3c3ccc4c(c3)OCO4)n2)cc1,-39.46,0
M2R-decoy_6417,O=C(NNC(=O)[C@H](Cc1ccc(O)cc1)NC(=O)c1ccc(c2ccc(F)cc2)s1)c1ccc(F)cc1,-39.45,0
M2R-decoy_10614,O=C(c1cccc(C(F)(F)F)c1Cl)N1CCn2c(nnc2c2ccncn2)C1,-39.44,0
M2R-decoy_11207,O=[N+]([O-])c1cn2c(n1)OC[C@@H](OCC#Cc1cccc(c3ccc(C(F)(F)F)nc3)c1)C2,-39.44,0
M2R-decoy_7544,COc1ccc(C(=O)C[n+]2ccn([C@H]3CC[C@@]4(C)C(=CC[C@H]5[C@@H]6C[C@@H]7O[C@]8(CC[C@@H](C)CO8)[C@@H](C)[C@@H]7[C@@]6(C)CC[C@@H]54)C3)c2)cc1,-39.43,0
M2R-decoy_8093,C[C@H]1CN([C@H](C)CO)C(=O)c2cc(NC(=O)Nc3ccc4c(c3)OCO4)ccc2O[C@H](C)CCCCO[C@@H]1CN(C)S(=O)(=O)c1ccccc1,-39.43,0
M2R-decoy_9999,Fc1ccc(c2nc(c3ccc(n4cc(c5nc(Nc6ccccc6F)nc(Nc6ccccc6F)n5)nn4)cc3)oc2c2ccc(F)cc2)cc1,-39.42,0
M2R-decoy_1740.1,Sc1nnc(CSc2nnc(c3ccccc3)n2c2ccccc2)n1c1ccccc1,-39.4,0
M2R-decoy_1639,COc1ccc(C)cc1[NH+]=C(S)NNC(=O)c1ccccc1Cl,-39.38,0
M2R-decoy_7150,Nc1nc(Nc2ccc3ncsc3c2)cc(N2CCC[C@H]2C(=O)NCCc2cccc(I)c2)n1,-39.38,0
M2R-decoy_7573,Brc1nc2c(I)c(I)c(I)c(I)c2[nH]1,-39.38,0
M2R-decoy_9463,C[NH+](C)CCSC(SCCC(=O)[O-])c1cccc(/C=C/c2ccc3ccc(Cl)cc3n2)c1,-39.37,0
M2R-decoy_10961,O=C(Cn1cnc2c(I)nc(Cl)nc21)c1ccc(Cl)cc1Cl,-39.35,0
M2R-decoy_2205,Cc1cc(=O)oc2cc(OCCCCCn3cncn3)cc(OCCCCCn3cncn3)c12,-39.35,0
M2R-decoy_4350,Cc1cccc(C)c1Nc1nc(OCc2cn(CCNc3ccnc4cc(Cl)ccc34)nn2)nc(N(C)C)n1,-39.35,0
M2R-decoy_1184,O=C1Nc2ccc(F)cc2/C1=N/NC(=S)Nc1cc(F)cc(F)c1,-39.32,0
M2R-decoy_2955,O=C(OCc1ccccc1)c1ccc(c2nnn(Cc3ccccc3F)n2)cc1,-39.32,0
M2R-decoy_3090.1,COc1ccc(n2c(S)nnc2CSc2nnc(c3ccccc3)n2c2ccccc2)cc1,-39.32,0
M2R-decoy_3239,Cn1ncc(c2ccncc2)c1c1ccc(OCc2cc(COCCF)c3ccccc3n2)cc1,-39.32,0
M2R-decoy_10896,CC1COCCN1c1cnc2ccc(Sc3nnc4c(F)cc(c5cnn(C)c5)cn34)cc2c1,-39.3,0
M2R-decoy_1027.1,Fc1ccc(Nc2nc(N3CCOCC3)nc(N3CCOCC3)n2)cc1Cl,-39.29,0
M2R-decoy_1182,O=C1Nc2ccccc2/C1=N\NC(=S)NC1C2CC3CC(C2)CC1C3,-39.27,0
M2R-decoy_7361,CNC(=O)c1c(C2CC2)oc2cc(N(C)S(C)(=O)=O)c(c3ccc4c(n3)-c3cc5c(F)cccc5n3CC4)cc12,-39.27,0
M2R-decoy_1735,Clc1ccc(c2noc(CSc3nnc(Cc4cccs4)n3c3ccccc3)n2)cc1,-39.26,0
M2R-decoy_1747,CO/N=C(\c1ccc(Cl)cc1)c1ccccc1COc1ccc(C(F)(F)F)cc1,-39.24,0
M2R-decoy_6835,CC(=O)c1nn(c2ccc(S(N)(=O)=O)cc2)c2nc3nc(c4ccc(Cl)cc4)cc(c4ccc(Cl)cc4)c3c(=O)n12,-39.23,0
M2R-decoy_7616,CC1(C)CC(=O)C2=C(C1)Oc1cc3ccc(OCc4cn(c5ccnc6cc(Cl)ccc65)nn4)cc3cc1C2c1cccc2ccccc12,-39.23,0
M2R-decoy_5876,O=C(/C=C/c1ccc2c(c1)OCO2)Nc1nc(c2ccccc2)cs1,-39.21,0
M2R-decoy_9270,CC(=O)Oc1c(I)cc(I)cc1/C=C/c1ccc2c(Cl)cc(Cl)c(OC(C)=O)c2n1,-39.21,0
M2R-decoy_9915,C[C@]12C[C@H](O)[C@H]3[C@@H](CCC4=CC(=O)CC[C@@]43C)[C@@H]1CC[C@]2(OC(=O)c1ccco1)C(=O)CSc1nc2ccccc2o1,-39.14,0
M2R-decoy_8123,O=C1CCSSCCC(=O)Nc2nc(nc(c3ccccc3)n2)NC(=O)CCSSCCC(=O)Nc2nc(nc(c3ccccc3)n2)N1,-39.12,0
M2R-decoy_11356,Fc1ccc(c2cnc3nnc(CSc4ncnc5[nH]ncc45)n3n2)cc1,-39.11,0
M2R-decoy_8676,CC(C)=CCN(c1ccc(OCc2ccccc2)cc1)C1CCCN(C(=O)[C@H](CC(C)C)NC(=O)N2CCCCCC2)C1,-39.1,0
M2R-decoy_1600.1,Cc1cc(C)cc(C(=O)O/[NH+]=C(\N)c2ccc(Br)cc2)c1,-39.09,0
M2R-decoy_476,CC(/N=C1\C(O)=C(O)\C1=N/c1ccccc1C#N)C(C)(C)C,-39.09,0
M2R-decoy_5591.1,O=C(NCCOc1ccccc1)[C@H](Cc1ccccc1)Nc1ccnc(NCC2CCCCC2)n1,-39.09,0
M2R-decoy_3078,O=[N+]([O-])c1cn(CC(OCc2ccc(OC(F)(F)F)cc2)c2ccc(F)cc2F)cn1,-39.08,0
M2R-decoy_3951,CC[NH+](CC)CCCOc1ccc(c2nc3ccccc3n2C/C=C/Cn2c3ccccc3nc2c2ccccc2)cc1,-39.08,0
M2R-decoy_2347,COc1ccc(C(CC(=O)c2cc3ccccc3o2)C[N+](=O)[O-])cc1,-39.07,0
M2R-decoy_9300,CC(C)([NH3+])CNC(=O)c1c(Nc2ccc(I)cc2Cl)sc2c1CC(C)(C)CNC2=O,-39.06,0
M2R-decoy_11110,O=C1NC(=S)N(Cc2ccc(F)cc2)C(=O)/C1=C/NN1CCCCC1,-39.04,0
M2R-decoy_7089,COc1ccc(Cn2c(C(=O)NCCCc3c[nH]c(N)n3)cc(Br)c2Br)cc1,-39.04,0
M2R-decoy_11063,O=c1c2ccccc2nc(/C=C/c2ccc(Cl)cc2)n1c1nnc(/C=C/c2ccccc2)s1,-39.01,0
M2R-decoy_11015,Fc1ccc(N2CCN(c3ncnc4c3cnn4Cc3ccc(Cl)cc3Cl)CC2)cc1,-39.0,0
M2R-decoy_3687,Cc1cc(=O)oc2cc(OCCCCCCn3cncn3)cc(OCCCCCCn3cncn3)c12,-38.98,0
M2R-decoy_6131,O=C(C[C@@H]1C/C=C\C[C@H](NC(=O)OCC2c3ccccc3-c3ccccc32)C(=O)OC[C@@H]2CCCN2C1=O)NCCO,-38.98,0
M2R-decoy_1072,O=C(NNC(=O)c1cccc(S(=O)(=O)Nc2ccccc2F)c1)c1ccncc1,-38.97,0
M2R-decoy_1399,CS(=O)(=O)c1ccc2nc(c3cnc(c4ccccc4)nc3)[nH]c2c1,-38.97,0
M2R-decoy_1579,CCc1cc(Nc2cc(=O)n(CCCC#N)c(=O)[nH]2)ccc1C,-38.95,0
M2R-decoy_5872,O=C(Cn1c2ccccc2nc1c1nccs1)Nc1ccc(Cl)cc1,-38.95,0
M2R-decoy_4174,CCOC(=O)COc1ccc(c2ccc(OCC[NH+](C)C)cc2)cc1Cc1ccc(c2ccccc2)cc1,-38.92,0
M2R-decoy_4371,O=[N+]([O-])c1cccc(/C=C/S(=O)(=O)Nc2cccc(OCc3cn(Cc4cccnc4)nn3)c2)c1,-38.92,0
M2R-decoy_1749,COC(=O)c1cc(CSc2nnc(c3ccc(C)cc3)c(c3ccc(C)cc3)n2)oc1C,-38.89,0
M2R-decoy_4004,CCOC(=O)CCCCCOc1cccc(CN(C(=O)c2ccc(c3cccc([N+](=O)[O-])c3)cc2)C(C)C)c1,-38.88,0
M2R-decoy_973,O=C1CN(C(=O)CSc2nncn2c2ccccc2)c2ccccc2N1,-38.88,0
M2R-decoy_2240,COc1ccc(c2nc(C[S+]([O-])CC(=O)NCc3ccco3)c(C)o2)cc1OC,-38.87,0
M2R-decoy_5426,O=[N+]([O-])c1cccc(/C=C/S(=O)(=O)Nc2cccc(OCc3cn(Cc4nc5ccccc5s4)nn3)c2)c1,-38.86,0
M2R-decoy_9086,c1ccc([P+](CCSCCSCC[P+](c2ccccc2)(c2ccccc2)c2ccccc2)(c2ccccc2)c2ccccc2)cc1,-38.85,0
M2R-decoy_11469,C[C@H]1C(=O)N(c2ccc(S(=O)(=O)C(F)(F)F)cc2)C(=O)N1Cc1cncc2ccccc12,-38.84,0
M2R-decoy_2902,O=C(COC(=O)c1cn(c2ccccc2)nc1c1ccccc1)c1ccc([N+](=O)[O-])cc1,-38.84,0
M2R-decoy_10137,O=C(Nc1ccc(C2C[NH2+]CCO2)cc1)c1ccnc(Cl)c1,-38.83,0
M2R-decoy_7568,O=C(c1cccc(C(F)(F)F)c1)N(/N=N/c1ccc([N+](=O)[O-])cc1Br)c1ccc([N+](=O)[O-])cc1Br,-38.82,0
M2R-decoy_6184,O=C(CSc1nnc(c2ccccc2)c(c2ccccc2)n1)N1CCN(S(=O)(=O)c2ccc3ccccc3c2)CC1,-38.78,0
M2R-decoy_977,O=C(Cc1ccc(F)cc1)NNC(=S)NC(=O)CC1CCCCC1,-38.78,0
M2R-decoy_11156,[O-]c1on[n+](c2ccc(Cl)cc2)c1/C=N/c1nnc(c2ccccc2)s1,-38.77,0
M2R-decoy_1181,O=C(c1ccco1)N1CCN(C(=S)Nc2cc(F)cc(F)c2)CC1,-38.77,0
M2R-decoy_4361,CCn1c(SCC(=O)Nc2ccc(C(C)=O)cc2)nnc1c1cc(OC)c(OC)c(OC)c1,-38.77,0
M2R-decoy_6318,O=C(c1cn(Cc2ccc(I)cc2)nn1)N1CCN(S(=O)(=O)c2ccc(Cl)cc2)CC1,-38.77,0
M2R-decoy_10294,Fc1ccc(c2nnc3sc(C4COc5ccccc5O4)nn32)cc1,-38.75,0
M2R-decoy_9290,Fc1cc(Nc2nc(N3CCCCC3)nc3c2CCN(c2ncccc2C(F)(F)F)CC3)ccc1C(F)(F)F,-38.75,0
M2R-decoy_1012,O=C(CCc1nc2ccccc2c(=O)[nH]1)N1CCN(C(=O)c2ccco2)CC1,-38.73,0
M2R-decoy_6462,CN(C)c1ccc2c(CC(=O)O[C@@H]3CC(=O)c4coc5c4[C@@]3(C)c3ccc4c(c3C5=O)CCC4=O)cc(=O)oc2c1,-38.73,0
M2R-decoy_1803.1,C[NH+](C)CC[NH+]1CCN(c2c3cc(c4ccncc4)ccc3nc3c2[nH]c2ccccc23)CC1,-38.72,0
M2R-decoy_10015,CC(=O)OC[C@]1(C)[C@@H](OC(C)=O)CC[C@]2(C)[C@H]3[C@@H](O)c4c(cc(c5cccnc5)oc4=O)O[C@]3(C)[C@@H](OC(=O)c3ccc(C)c(F)c3)C[C@H]21,-38.71,0
M2R-decoy_9848,O=C([O-])[C@H]1CC[C@H](C(=O)N2CC[C@@]3(S(=O)(=O)c4ccc(F)cc4)c4ccc(OCc5c(F)cccc5C(F)(F)F)cc4CC[C@@H]23)CC1,-38.71,0
M2R-decoy_8665,Clc1ccc(c2nn3c(CCCCCCCCc4nnc5sc(c6ccc(Cl)cc6)nn45)nnc3s2)cc1,-38.7,0
M2R-decoy_2842,C/C(=N\OCC(=O)OCC(=O)N(Cc1ccccc1)C(C)(C)C)c1ccc2c(c1)OCO2,-38.69,0
M2R-decoy_10361,Brc1ccc(c2nn3c(nnc3c3ccccn3)s2)cc1,-38.68,0
M2R-decoy_377,Cc1nnsc1C1=NNC(=O)/C1=C\c1cn(C)c2cccc(F)c12,-38.67,0
M2R-decoy_10418,O=c1c2sccc2n2c(=O)n(Cc3ccc(Cl)cc3)nc2n1Cc1cccs1,-38.66,0
M2R-decoy_11016,Cc1ccc(C)c(CSc2nnc3c(=O)n(c4ccc(Br)cc4)ccn23)c1,-38.66,0
M2R-decoy_1663,COc1ccc2nc(COc3ccc(c4c(c5ccncc5)cnn4C)cc3)ccc2c1,-38.66,0
M2R-decoy_10834,O=S(=O)(c1cccn2cnnc12)N(Cc1cccc(F)c1)c1cccc(Cl)c1,-38.65,0
M2R-decoy_10152,Fc1cccc(n2ccc(C[NH+]3CCCC3Cn3cccn3)n2)c1,-38.65,0
M2R-decoy_2762,COc1ccc(/C=C/C(=O)c2ccc(Nc3nc(c4ccc(OC)c(OC)c4)nc4ccccc34)cc2)cc1OC,-38.63,0
M2R-decoy_2548.1,CC([NH3+])C(=O)OCN1C(=O)N/C(=C\c2cnn3c(NC4CC4)cc(Nc4ccc(C#N)cc4Cl)nc23)C1=O,-38.61,0
M2R-decoy_10148,O=C1CC(c2ccco2)CC(=O)C1=CNCC1[NH2+]CCc2ccccc21,-38.6,0
M2R-decoy_4501,CCOC(=O)Cc1csc(NC(=O)CCS/C=C/c2ccccc2)n1,-38.6,0
M2R-decoy_3282,O=C(CN1C(=O)COc2ccccc21)N(Cc1cccnc1)Cc1ccccc1F,-38.6,0
M2R-decoy_413,c1ccc(c2nnc3n2N=C2c4ccccc4CC2S3)cc1,-38.59,0
M2R-decoy_5282,CC(=O)c1ccccc1NC(=O)COc1ccc(c2nc3c(=O)n(Cc4ccccc4)c(=O)n(Cc4ccccc4)c3[nH]2)cc1,-38.59,0
M2R-decoy_7094,O=C(CSc1nc2ccc(Cl)cc2c(=O)n1Cc1ccccc1)NNC(=S)NCc1ccccc1,-38.59,0
M2R-decoy_7293,Cc1ccc(S(=O)(=O)N(C)C[C@H]2Oc3ccc(NC(=O)Nc4ccc(C(F)(F)F)cc4)cc3CC(=O)N([C@@H](C)CO)C[C@H]2C)cc1,-38.59,0
M2R-decoy_1298,O=C(/C=C/c1ccc(F)cc1)NC(=S)NNC(=O)c1cccnc1,-38.58,0
M2R-decoy_550,Nc1c(C2=[NH+]CCCN2)cnn1c1cc(Cl)cc(Cl)c1,-38.58,0
M2R-decoy_3251,CCc1nnc(SCC(=O)N(CC)Cc2ccccc2)c2cc3sccc3n12,-38.57,0
M2R-decoy_7146,[NH3+][C@@H](Cc1ccc(Cl)cc1)C(=O)OC[C@H]1OC(n2c(Br)nc3cc(Cl)c(Cl)cc32)[C@H](O)[C@@H]1O,-38.56,0
M2R-decoy_4749,O=C(/C=C/c1ccc(Br)cc1)Nc1ccc(n2cnn(C[C@@](O)(Cn3cncn3)c3ccc(F)cc3F)c2=O)cc1,-38.55,0
M2R-decoy_8209,O=C1[C@@H]([NH+](Cc2cn(c3ccnc4cc(Cl)ccc43)nn2)Cc2cn(c3ccnc4cc(Cl)ccc43)nn2)[C@@H](/C=C/c2ccccc2)N1Cc1ccccc1,-38.55,0
M2R-decoy_10284,O=[N+]([O-])c1nn2cc(c3ccc(Br)cc3)nc2s1,-38.54,0
M2R-decoy_11233,CCOC(=O)N1CCN(C(=O)/C=C/c2c(C)nn(c3ccc(F)cc3)c2Cl)CC1,-38.53,0
M2R-decoy_11404,Cc1cccc(N2CCN(C(=O)Cn3c(=O)c4cccn4c4ccc(F)cc43)CC2)c1C,-38.53,0
M2R-decoy_1287,O=C(Cc1cccs1)NNC(=S)NC(=O)c1ccccc1,-38.53,0
M2R-decoy_3055,COc1ccc(C(=O)/C=C/c2cn(c3ccccc3)nc2c2ccncc2)c(OC)c1,-38.53,0
M2R-decoy_4254,CCCSc1nc(NCCNC(=S)Nc2ccc([N+](=O)[O-])cc2)c2nnn(CCc3ccccc3)c2n1,-38.51,0
M2R-decoy_6400,C=C1C(=O)O[C@@H]2[C@H]1CC[C@H](C)[C@]1(O)[C@@H](n3cc(CNn4ccc5cc(Br)ccc54)nn3)CC(=O)[C@@]21C,-38.5,0
M2R-decoy_7422,O=C(c1ccc(Br)cc1)c1[nH]c2[nH]cnc(=O)c2c1c1cc(Br)cc(Br)c1,-38.5,0
M2R-decoy_10982,O=Cc1cn(c2nc(c3cc4cc(Cl)ccc4oc3=O)cs2)nc1c1ccc(Cl)cc1,-38.49,0
M2R-decoy_5146,CN(C)c1ccc(CN(C(=O)COc2ccc(Br)cc2)C2CCS(=O)(=O)C2)cc1,-38.49,0
M2R-decoy_10158.2,c1ccc(c2cc(C[NH+]3C[C@@H]4CC[C@H](C3)C[NH+]4CC3CC3)on2)cc1,-38.48,0
M2R-decoy_11077,Cc1cccc(N2CCN(C(=O)/C=C/c3cn(c4ccccc4)nc3c3ccncc3)CC2)c1C,-38.47,0
M2R-decoy_2996,O=C(c1ccc(N2CCCCC2)c([N+](=O)[O-])c1)N(Cc1ccccc1)c1ccccn1,-38.46,0
M2R-decoy_7574,C[C@@H]1CN([C@H](C)CO)C(=O)Cc2cc(NC(=O)Nc3ccc(C(F)(F)F)cc3)ccc2O[C@@H]1CN(C)S(=O)(=O)c1ccccc1,-38.46,0
M2R-decoy_5830,O=C(Nc1nnc(c2cccs2)o1)c1ccc(SC(F)(F)F)cc1,-38.45,0
M2R-decoy_10895,CC1COCCN1c1cnc2ccc(Sc3nnc4ccc(c5cnn(C)c5)cn34)cc2c1,-38.44,0
M2R-decoy_10915,O=C1C(=O)N(Cc2cnnn2c2ccnc3cc(Cl)ccc32)c2ccc(Br)cc21,-38.44,0
M2R-decoy_11059,CC1(C)C(=O)N(c2ccc(C#N)c(C(F)(F)F)c2)C(=O)N1CCCc1cccc(I)c1,-38.44,0
M2R-decoy_6470,O=C1C(=O)N(Cc2cn([C@@H]3C(=O)N(C4CCCCC4)[C@@H]3/C=C/c3ccccc3)nn2)c2ccc(Cl)cc21,-38.4,0
M2R-decoy_2006,CCOc1ccc(Nc2oc(c3ccc(COc4ccc(C)cc4)o3)nc2C#N)cc1,-38.37,0
M2R-decoy_3436,O=S(=O)(/C=C/c1ccccc1)N1CCC(Cc2ccccc2)CC1,-38.37,0
M2R-decoy_3871,COc1nc2ccccc2cc1c1nnc([C@H](CCCCNC(=O)c2ccccc2SC)NC(=O)c2cncs2)o1,-38.35,0
M2R-decoy_10402,O=c1c2ccccc2nc(/C=C/c2ccncc2)n1c1nnc(c2cccc(Cl)c2)s1,-38.34,0
M2R-decoy_3857,CCCC[C@H](NC(=O)O[C@@H]1C(=O)N(C(=O)OCc2ccc(c3ccccc3)cc2)CC1(C)C)C(=O)C(=O)N[C@H](C)c1ccccc1,-38.32,0
M2R-decoy_9149,CC(C)C[C@H](CC(=O)NO)C(=O)N[C@H](Cc1ccc(c2ccccc2)cc1)C(=O)NCCc1ccc(O)cc1,-38.32,0
M2R-decoy_9937,C[C@]12C[C@H](O)[C@H]3[C@@H](CCC4=Cc5c(cnn5c5ccccc5)C[C@@]43C)[C@@H]1CC[C@]2(O)C(=O)COc1cnc2ccccc2n1,-38.32,0
M2R-decoy_1736,CCCSc1ccc(c2nn(c3ccccc3)cc2/C=C(/C#N)C(=O)N2CCOCC2)cc1,-38.3,0
M2R-decoy_6175,COc1ccc(n2n[o+]c([O-])c2c2nn3cc(c4cc5cc(Br)ccc5oc4=O)nc3s2)cc1,-38.29,0
M2R-decoy_9126,O=C(/C=C/c1ccc(Cl)cc1)Oc1ccc(/C=C2/CCC/C(=C\c3ccc(OC(=O)/C=C/c4ccc(Cl)cc4)cc3)C2=O)cc1,-38.29,0
M2R-decoy_4472,c1csc(c2ccc(C[NH2+]CC[NH2+]Cc3ccc(c4nccs4)cc3)cc2)n1,-38.28,0
M2R-decoy_8702,COc1ccc(COC(C)c2ccc(c3cccc(COc4cc(OC)cc5oc(c6cn7nc(OC)sc7n6)cc45)c3)nc2)cc1,-38.28,0
M2R-decoy_11414,O=S(=O)(c1ccc2nncn2c1)N(Cc1cc(F)cc(F)c1)c1ccc(F)cc1,-38.27,0
M2R-decoy_3575,O=C(/C=C/c1ccccc1)N/C(=C/c1ccccc1)C(=O)NCCO,-38.26,0
M2R-decoy_9210,S=C(NCCc1c[nH]c2ccccc12)Nc1ccc(Br)cn1,-38.26,0
M2R-decoy_12,c1cncc(c2cc(c3ccc4c(c3)OCO4)ncn2)c1,-38.25,0
M2R-decoy_1241.1,O=C1Nc2ccc(Br)cc2/C1=C1/Nc2ccccc2C1=O,-38.24,0
M2R-decoy_2916,COc1cc(/C=C/C(=O)c2ccc(N)c(c3ccc(F)cc3)c2)cc(OC)c1OC,-38.22,0
M2R-decoy_4348,COCCN(C)c1ncc2ncnc(Nc3cc(C(=O)Nc4ccc(OC)c(C(F)(F)F)c4)ccc3OC)c2n1,-38.22,0
M2R-decoy_9242,Oc1ccc(NCc2cc(Br)cc(Br)c2O)cc1,-38.22,0
M2R-decoy_1293,O=C(NNC(=S)NCC1CCCO1)c1ccc(Cl)s1,-38.21,0
M2R-decoy_11066,Brc1ccc(/N=C/c2c(c3ccccc3)nc3sc(c4ccc5c(c4)OCO5)nn23)cc1,-38.2,0
M2R-decoy_3450,C#CCC1=CC=C(/C=C/C(=O)/C=C/c2ccc(Cl)cc2)C(=O)C1,-38.18,0
M2R-decoy_6288,NN/C(Nc1ccc(Cl)cc1)=[NH+]\S(=O)(=O)c1cc(Cl)c(Oc2ccc([N+](=O)[O-])cc2Cl)c(Cl)c1,-38.18,0
M2R-decoy_7185.1,C[C@H]1CCCCO[C@@H](C[NH+](C)Cc2ccc(C(F)(F)F)cc2)[C@H](C)CN([C@@H](C)CO)C(=O)c2cc(NC(=O)Nc3ccccc3)ccc2O1,-38.18,0
M2R-decoy_6298,Cc1ccc(n2nc(C3CCN(C(=O)C4(O)CCC4)CC3)cc2NC(=O)c2cnn3cc(Br)cnc23)cc1,-38.17,0
M2R-decoy_2884,CCC(=O)Nc1cc2c(Nc3ccc4c(c3)CCN4Cc3ccccn3)ncnc2cc1OC,-38.16,0
M2R-decoy_955,Cc1nnc2sc(SCC(=O)Nc3ccc(Cl)cc3)nn2c1=O,-38.16,0
M2R-decoy_7103,[NH3+]Cc1ccc(C(=O)Nc2ccncc2F)cc1c1cccc(C(=O)Nc2ccc(CC(=O)OC3CCOCC3)cc2)c1,-38.14,0
M2R-decoy_9732,O=C(O[C@@H]1C=C[C@H](n2ccc(=O)n(C(=O)c3cc(Cl)cc(Cl)c3)c2=O)C1)c1cc(Cl)cc(Cl)c1,-38.14,0
M2R-decoy_3219,CCOC1(c2cc(F)cc(OCc3ccc(n4ccnc4C)cc3)c2)CCOCC1,-38.12,0
M2R-decoy_9091.1,CCC(C)C1=CC(/C=C/C(=O)c2ccc(Cl)cc2)=C/C(=C\NCCNc2ccnc3cc(Cl)ccc23)C1=O,-38.12,0
M2R-decoy_10404,O=c1c2ccccc2nc(/C=C/c2ccccc2)n1c1nnc(c2ccccc2)o1,-38.11,0
M2R-decoy_10949,O=C1S/C(=C\c2ccc3c(c2)OCO3)C(=O)N1Cc1cn(c2ccc(Cl)c(F)c2)nn1,-38.1,0
M2R-decoy_2023,CC(=O)N[C@@H](C)c1nc(c2ccc(Oc3ccc(OCc4ccccc4)cc3)cc2)no1,-38.1,0
M2R-decoy_1126.1,Cc1cc(Nc2ccc(C)c(I)c2)nc(N)n1,-38.09,0
M2R-decoy_11056,CC1(C)C2CCC1(C)C(O[C@H]1OC(=O)C(Br)=C1Sc1nnc(c3ccncc3)s1)C2,-38.07,0
M2R-decoy_11173,Fc1cccc(Cl)c1Cn1nnc(c2ccc(N3CCOCC3)cc2)n1,-38.07,0
M2R-decoy_8777,CC(C)CCN(c1ccc(NCc2ccccc2)cc1)C1CCN(C(=O)[C@H](CC(C)C)NC(=O)N2CCCCCC2)CC1,-38.07,0
M2R-decoy_8092,CCS(=O)(=O)NCc1nnc(Cn2c(SCc3ccc(F)cc3)nc(=O)c3c2CCC3)n1Cc1ccc(c2ccc(C(F)(F)F)cc2)cc1,-38.06,0
M2R-decoy_9831,COc1ccc(n2cc(/C=C3/Cc4cc(OC)c(OC)cc4C3=O)c(c3cc4cc(Br)ccc4oc3=O)n2)cc1,-38.06,0
M2R-decoy_3306,CCN(CC)C(=O)CSc1nc2ccccc2c(=O)n1Cc1ccco1,-38.05,0
M2R-decoy_9769,Cc1cc(N/N=C/c2ccc(O[C@H]3O[C@@H]4O[C@@]5(C)CC[C@H]6[C@H](C)CC[C@@H]([C@H]3C)[C@]64OO5)cc2)c2cccc(Br)c2n1,-38.05,0
M2R-decoy_704,O=S(=O)(c1cccc(c2ccccc2)n1)N1CCC([NH+]2CCOCC2)CC1,-38.04,0
M2R-decoy_7197,O=S(=O)(NCc1ccc(c2ccc3ncnc(Nc4ccc(OCc5cccc(F)c5)c(Cl)c4)c3c2)o1)C(F)(F)F,-38.04,0
M2R-decoy_8117,COc1ccc(S(=O)(=O)N2Cc3cc(c4ccc(C#N)o4)ccc3N(Cc3cncn3C)C[C@H]2Cc2ccc(OS(=O)(=O)C(F)(F)F)cc2)cc1,-38.04,0
M2R-decoy_1732,O=C(CSc1nnc(c2cccnc2)n1Cc1ccco1)c1ccc2ccccc2c1,-38.03,0
M2R-decoy_5348,COc1cc(/C=C/C(=O)/C=C/c2cccs2)ccc1OCc1cn(CCN2C(=O)C(=O)c3cc(Br)ccc32)nn1,-38.03,0
M2R-decoy_10194,CN1/C(=c2\s/c(=C\c3cccc[n+]3C)n(C)c2=O)Sc2ccccc21,-38.02,0
M2R-decoy_3627,COC[C@@H]1CO[C@@](CCc2ccc(Cl)cc2)(Cn2ccnc2)O1,-38.02,0
M2R-decoy_2963,CCOC(=O)C(=O)CC(=O)/C=C/c1cc(C(=O)c2ccccc2)cn1Cc1ccc(F)cc1,-38.01,0
M2R-decoy_5458,COc1ccc(Oc2nc(Nc3ccc(N4CCOCC4)cc3)ncc2/N=C/c2cc(OC)cc(OC)c2)cc1,-38.0,0
M2R-decoy_6354,CC(=O)N1CC2(C1)CC(CC(=O)NO)(NS(=O)(=O)c1ccc(OCc3cc(C)nc4ccccc34)cc1)C2,-38.0,0
M2R-decoy_9974.1,CC(=O)O[C@H]1C[C@H]2[C@H]([C@@H]3CC[C@H]([C@H](C)CCC[NH+](C)CCNc4ccnc5cc(Cl)ccc45)[C@@]13C)[C@H](OC(C)=O)C[C@@H]1C[C@H](OC(C)=O)CC[C@@]12C,-38.0,0
M2R-decoy_2975,CO/C=C(/C(=O)OC)c1ccccc1COc1ccc2c(C)c(F)c(=O)oc2c1,-37.98,0
M2R-decoy_5829,Cc1ccc(NS(=O)(=O)c2ccc(c3coc(C)n3)cc2)c(Cl)c1,-37.98,0
M2R-decoy_2920,Cc1ccc(C(=O)COC(=O)c2cn(c3ccccc3)nc2c2ccccc2)cc1[N+](=O)[O-],-37.95,0
M2R-decoy_1824,c1cc(C2=[NH+]CCN2)ccc1Oc1ccc(c2cc3ccc(C4=[NH+]CCN4)cc3[nH]2)cc1,-37.94,0
M2R-decoy_1540,O=C(NCC(O)c1ccc([N+](=O)[O-])cc1)C1CCCCC1,-37.94,0
M2R-decoy_10429,COc1ccc(n2cc(c3ccc(n4nc(C(F)(F)F)cc4C(F)(F)F)cc3)nn2)cc1,-37.93,0
M2R-decoy_1605,C1Cc2nc(CCNc3nc(C4CC4)nc4c3CC[NH2+]CC4)sc2C1,-37.93,0
M2R-decoy_10927,O=C(CSc1nnc(c2ccccc2Br)o1)N1CCN(C(=O)c2ccco2)CC1,-37.92,0
M2R-decoy_9130,C[C@H](Nc1cc(Nc2ccc(F)cc2)ncn1)[C@@H](Cc1ccc(Cl)cc1)c1cccc(Br)c1,-37.92,0
M2R-decoy_2864,COCc1ncccc1C1C(C(=O)CC(C)C)C(=O)C(=O)N1c1ccc(c2ccsc2)cc1,-37.91,0
M2R-decoy_7757,O=C(CCc1ccc(N(S(=O)(=O)c2ccc(C(F)(F)F)cc2)S(=O)(=O)c2ccc(C(F)(F)F)cc2)cc1)N1CC[C@H](O)[C@H](O)C1,-37.91,0
M2R-decoy_10048,COc1ccc(NC(=O)Nc2ccc3c(c2)C(=O)N([C@H](C)CO)C[C@@H](C)[C@@H](CN(C)C(=O)Cc2ccccc2)OCCCC[C@H](C)O3)cc1,-37.9,0
M2R-decoy_9231,Cc1c(O)cccc1NCc1nc2c(sc3ccc(Cl)cc32)c(=O)[nH]1,-37.89,0
M2R-decoy_10795,O=C(OCc1cc(=O)n2nc(c3cccs3)sc2n1)c1ccc(F)cc1,-37.88,0
M2R-decoy_1275,Nc1nc(SCc2cccc(F)c2F)nc2[nH]c(=O)cnc12,-37.88,0
M2R-decoy_5849,CNC(=O)c1cc2c(Oc3ccc(OC(F)(F)F)cc3)cncc2s1,-37.87,0
M2R-decoy_6053,COc1ccc(C#Cc2ccc3c(c2)O[C@@H](CN(C)S(=O)(=O)c2ccccc2F)[C@@H](C)CN([C@H](C)CO)S3(=O)=O)cc1,-37.86,0
M2R-decoy_6061,CC(=O)N1N=C(c2ccc(I)cc2)CC1c1ccc(C(=O)OCCn2c([N+](=O)[O-])cnc2C)cc1,-37.86,0
M2R-decoy_10755,Fc1cc(F)cc(c2ccc3nnc(COc4cnc5ccccc5c4)n3n2)c1,-37.85,0
M2R-decoy_692,CC1=[NH+]N(C(=O)Nc2cc(C)cc(C)c2)C(C)=[NH+]N1C(=O)Nc1cc(C)cc(C)c1,-37.85,0
M2R-decoy_7133,CNC(=O)c1c2cc(C3CC3)c(N(CCCNC(=O)C3CCC3)S(C)(=O)=O)cc2nn1c1ccc(Br)cc1,-37.83,0
M2R-decoy_7693,CC(=O)O[C@H]1C[C@H]2[C@H]([C@@H]3CC[C@H]([C@H](C)CCC(=O)Nc4ccnc5cc(Cl)ccc45)[C@@]13C)[C@H](OC(C)=O)C[C@@H]1C[C@H](OC(C)=O)CC[C@@]12C,-37.83,0
M2R-decoy_6090,O=C(CSc1nnc(SCC(=O)c2ccc([N+](=O)[O-])cc2)s1)c1ccc([N+](=O)[O-])cc1,-37.82,0
M2R-decoy_681,Nc1nccc(Nc2ccc3[nH]nc(I)c3c2)n1,-37.81,0
M2R-decoy_409,O=C(NNC(=S)NC(=O)c1cccs1)c1cccnc1,-37.8,0
M2R-decoy_9725,C=CCN1C(=O)NC(c2ccc(I)cc2)(c2ccc(I)cc2)C1=O,-37.8,0
M2R-decoy_11031,O=C(/C=C/c1cn(c2ccccc2)nc1c1cccc(Cl)c1)N1CCN(c2ccccn2)CC1,-37.79,0
M2R-decoy_3147,COc1ccc(c2nnc(SCC(=O)c3cccs3)o2)c(OC)c1,-37.79,0
M2R-decoy_6781,COC(=O)C1C(=O)NC(SCC(=O)Nc2ccc(C)cc2Br)=C(C#N)C1c1ccc(OC)cc1,-37.79,0
M2R-decoy_11057,O=C1[C@H]2C[C@@H](OCc3cccc(c4ccc(Cl)cc4)c3)CN2C(=O)N1c1cc(Cl)cc(Cl)c1,-37.78,0
M2R-decoy_2157,COc1ccc(C(=O)Nc2ccc(C)c(Nc3nccc(c4cccnc4)n3)c2)c(OCCCCn2ccnc2)c1,-37.78,0
M2R-decoy_6910,CCc1ccc(Cc2cc([C@@H]3O[C@H](CO)[C@@H](O)[C@H](O)[C@H]3O)c(COc3ccccc3)cc2Cl)cc1,-37.78,0
M2R-decoy_10890,COc1cccc(C#Cc2cc(Cl)cn3c([N+](=O)[O-])c(CS(=O)(=O)c4ccccc4)nc23)c1,-37.77,0
M2R-decoy_10809,CN(C(=O)CSc1nc(c2cccs2)nc2ccccc12)C1CCS(=O)(=O)C1,-37.76,0
M2R-decoy_1389,CC1=C/C(=C/c2oc3ccccc3[n+]2C)[NH+]=C2Sc3cc(Cl)ccc3N12,-37.76,0
M2R-decoy_3790,COc1ccc(CN(C(=O)Cn2cc(CSc3nc4ccccc4s3)nn2)c2cc(OC)c(OC)c(OC)c2)cc1,-37.75,0
M2R-decoy_4796,Cc1ncc(NC(=O)c2cccc(C(F)(F)F)c2)cc1c1cnc(OC2CCOCC2)c(N(CCO)CCO)c1,-37.75,0
M2R-decoy_7553,Cc1ccccc1[C@@H]1OC[C@]2(C)[C@H](CC[C@]3(C)[C@H]4[C@@H](O)c5c(cc(c6cccnc6)oc5=O)O[C@]4(C)[C@@H](OC(=O)c4ccc(C#N)cc4)C[C@H]32)O1,-37.74,0
M2R-decoy_1695,Cc1ccc(n2cc(OCc3cn(Cc4ccccc4Br)nn3)cn2)cc1,-37.72,0
M2R-decoy_10140,Cc1cc(C)cc(NC(=O)c2cncc(N3C[C@@H]4C[NH2+]C[C@@H]4C3)c2)c1,-37.71,0
M2R-decoy_1514,CCOC(=O)COc1ccc2c(=O)cc(c3ccccc3)oc2c1,-37.71,0
M2R-decoy_1751,Cn1cncc1C(OCc1ccc(C#N)cc1c1cccc2ccccc21)c1ccc(C#N)nc1,-37.71,0
M2R-decoy_5800,C[C@H](NC(=O)C1Cc2ccccc2C1)C(=O)N[C@@H](CCc1ccccc1)C(=O)N[C@@H](Cc1ccccc1)C(=O)C(=O)NCc1ccccc1,-37.71,0
M2R-decoy_3098,COc1cc(/C=C/C(C)=O)ccc1OCc1cn(c2ccnc3cc(Cl)ccc32)nn1,-37.69,0
M2R-decoy_1673,COc1cc(C(=O)c2nnc(c3ccc(C)cc3)s2)cc(OC)c1OC,-37.69,0
M2R-decoy_3276,CCn1cc2nc(SCc3cc(C)ccc3C)n(Cc3ccc(OC)cc3)c(=O)c2n1,-37.69,0
M2R-decoy_7319,CC(=O)O[C@@H]1C[C@H]2C(C)(C)C(=O)C=C[C@]2(C)[C@H]2CC[C@@]3(C)[C@H](c4ccoc4)/C(=N\OCc4cn(c5ccc(Cl)cc5)nn4)[C@H]4O[C@]43[C@]12C,-37.69,0
M2R-decoy_8979,O=S(=O)(CCSCc1ccc(c2ccc3ncnc(Nc4ccc(OCc5cccc(F)c5)c(Cl)c4)c3c2)o1)c1ccccc1,-37.69,0
M2R-decoy_9393,CC(C)[C@H](NC(=O)OCC1c2ccccc2-c2ccccc21)C(=O)N[C@@H](COC(=O)c1ccccc1)Cc1ccccc1,-37.69,0
M2R-decoy_1398.1,Cn1cc2c(NS(=O)(=O)c3ccc(Br)cc3)cccc2n1,-37.68,0
M2R-decoy_1879,Cn1c(Cc2nn(C)c(=O)c3ccccc23)nnc1SCc1cn(CCCCC(=O)Nc2ccc(Cl)cc2Cl)nn1,-37.67,0
M2R-decoy_1597,COc1ccc(C2(c3cccc(c4cncnc4)c3)CCC(N)=[NH+]2)cc1,-37.66,0
M2R-decoy_11196,FC(F)(F)c1nc2ccccc2n1CCn1cnc2c(N3CCOCC3)ncnc21,-37.65,0
M2R-decoy_6656,O[C@@H]1[C@@H](COC2CC2)O[C@@H](n2cnc3c(NCc4cccc(I)c4)nc(Cl)nc32)[C@@H]1O,-37.65,0
M2R-decoy_1276,CC(=NNC(=S)N1CCN(c2ccccn2)CC1)c1ccccn1,-37.64,0
M2R-decoy_1753,O=[N+]([O-])c1cn(CC(OCc2ccc(F)cc2)c2ccc(Cl)cc2Cl)c(Br)n1,-37.64,0
M2R-decoy_7174,Oc1c(I)cc(I)cc1/C=N/Nc1nc(Nc2ccccc2)nc(Nc2ccccc2)n1,-37.64,0
M2R-decoy_10149,Fc1cccc(c2nc(C[NH+]3CC[NH+](C4CCCCC4)CC3)co2)c1,-37.62,0
M2R-decoy_5332,CCCCn1cc2c(nc(NC(=O)Nc3ccc(N(CCCl)CCCl)cc3)n3nc(c4ccco4)nc23)n1,-37.62,0
M2R-decoy_6367,C[NH+](C)CCOc1ccc(N2C(=O)c3ccc(C(=O)[O-])cc3C2=O)cc1c1nc2cc(c3ccccc3)ccc2o1,-37.62,0
M2R-decoy_9180,CCOC(=O)NC[C@H](Cc1ccc(OCCc2nc(c3ccccc3)oc2C)cc1)N/C(C)=C/C(=O)c1ccc(C(F)(F)F)cc1,-37.62,0
M2R-decoy_10822,Brc1ccccc1c1nnc(CSc2nncn2c2ccccc2)o1,-37.61,0
M2R-decoy_9001,CCCCCCCN(CCCCC[S+]([O-])c1cc(c2ccccc2)c(c2ccccc2)nn1)C(=O)Nc1ccc(F)cc1F,-37.61,0
M2R-decoy_3780,COc1ccc(c2cc(C(=O)NCCSSCCNC(=O)c3cc(c4ccc(OC)cc4)on3)no2)cc1,-37.6,0
M2R-decoy_3429,Fc1ccc(F)c(COC(CCn2ccnc2)c2cccs2)c1,-37.59,0
M2R-decoy_6474,CCNC(=O)[C@H]1S[C@@H](n2cnc3c(NCc4cccc(I)c4)nc(Cl)nc32)[C@H](O)[C@@H]1O,-37.59,0
M2R-decoy_9715,Brc1ccc(c2nc3sc(c4ccc(I)cc4)nn3c2/C=N/C2CC2)cc1,-37.59,0
M2R-decoy_3970,O=C(NCCCCCCCCCCNc1c2c(nc3ccccc13)CCCC2)c1cc(=O)c2ccccc2o1,-37.58,0
M2R-decoy_3259,CCOC(=O)c1cc(c2ccc(OC)cc2)c(c2cc(OC)c(OC)c(OC)c2)s1,-37.58,0
M2R-decoy_10830,O=S(=O)(c1ccc2nncn2c1)N(Cc1cc(F)cc(F)c1)c1cc(F)cc(F)c1,-37.55,0
M2R-decoy_5892,Cc1ccc(S(=O)(=O)N(CCO)c2ccccc2CN(C)C(=O)CCc2ccc(Cl)cc2)cc1,-37.55,0
M2R-decoy_1807,O=C(C[NH+]1CCC[NH+](Cc2nc3ccccc3[nH]2)CC1)Nc1ccccc1C(F)(F)F,-37.54,0
M2R-decoy_11399,COc1ccc(S(=O)(=O)Oc2ccc3c(c2)O/C(=C\c2cccnc2)C3=O)cc1,-37.53,0
M2R-decoy_314,[O-][S+]1c2ccccc2SN1c1ccc(F)c(F)c1,-37.53,0
M2R-decoy_8982,CCn1c(Sc2ccc(Nc3c(C#N)cnc4cc(NCCCc5ccccc5)c(OC)cc34)cc2Cl)nc(C)c1C,-37.53,0
M2R-decoy_5228,COCCCn1ccc(Nc2ncc3c(n2)-c2c(nn(C)c2Cc2cccc(c4cnn(C)c4)c2)CC3)n1,-37.5,0
M2R-decoy_2972,c1ccc(COc2ccc(Cn3cnc4c(c5ccco5)ncnc43)cc2)cc1,-37.49,0
M2R-decoy_6663,Cn1cc(c2cnc(Nc3cccc(Cn4nc(c5ccc(S(C)(=O)=O)cc5)ccc4=O)c3)nc2)cn1,-37.49,0
M2R-decoy_2049,COc1ccc(NC(=O)CC2C(=O)N(c3ccccc3)C(=O)N2CCC2=CCCCC2)cc1,-37.48,0
M2R-decoy_7101,O=C(NCCSCCNC(=O)c1cc(Br)c(Br)[nH]1)c1cc(Br)c(Br)[nH]1,-37.48,0
M2R-decoy_1794,O=C(Nc1cc(c2nc(N[C@H]3C[NH2+]C[C@@H]3O)c3sccc3n2)ccn1)c1cccs1,-37.47,0
M2R-decoy_7168,O=C(NC(Cc1ccccc1)C(O)CN1CCCCCCCCCCC(c2ccccc2)OC1=O)O[C@H]1CO[C@H]2OCC[C@@H]12,-37.47,0
M2R-decoy_9085,c1ccc2nc(COc3ccc(C4(c5ccc(OCc6ccc7ccccc7n6)cc5)CC5CCC4C5)cc3)ccc2c1,-37.47,0
M2R-decoy_11353,O=C1Nc2cc(Br)ccc2/C1=C1/Nc2ccccc2/C1=N\OCC(O)CO,-37.46,0
M2R-decoy_7767,O=C(Nc1cccc(c2nc3sccn3c2c2ccnc(Nc3cccc(N4CCOCC4)c3)n2)c1Cl)c1ccccc1F,-37.46,0
M2R-decoy_9582,C=CCNC(=S)NNC(=O)c1cccc(Br)c1,-37.46,0
M2R-decoy_2176,S=C(NCCCCN(Cc1ccc(Cl)c(Cl)c1)c1ccc(Br)cn1)NCCCn1ccnc1,-37.45,0
M2R-decoy_256.1,Nc1[nH]nc2c1NN(c1ccc(Cl)cc1Cl)N2,-37.44,0
M2R-decoy_4721,O=C(CNS(=O)(=O)c1ccc2ccccc2c1)OCc1nnc(c2ccccc2)o1,-37.44,0
M2R-decoy_8169,COc1ccc(S(=O)(=O)Nc2ccc3c(c2)C(=O)N([C@@H](C)CO)C[C@H](C)[C@@H](CN(C)C(=O)Nc2cccc4ccccc24)OCCCC[C@H](C)O3)cc1,-37.44,0
M2R-decoy_9880,O=C1CSC(c2ccccc2)N1NCc1nc2ccc(Br)cc2c(=O)n1c1nc(c2ccc(Cl)cc2)cs1,-37.44,0
M2R-decoy_9214,c1cc2cc(C[NH+]3CCCC(Nc4ccc5[nH]ncc5c4)C3)ccc2s1,-37.43,0
M2R-decoy_9538,O=C1C(Cl)=C(NCC2CCCO2)C(=O)N1c1ccccc1,-37.41,0
M2R-decoy_9687,O=C(CCCCC(O)C(=O)Nc1ccccc1)NO,-37.39,0
M2R-decoy_9893,CN(C(=O)NC(=O)c1cccc(C(F)(F)F)c1)c1nc(C(F)(F)F)c(C(=O)N/N=C/c2ccc(C(F)(F)F)cc2)s1,-37.39,0
M2R-decoy_10326,CC(C)n1c(=O)nc2n1C(=O)N(c1ccc(Br)cc1)C2,-37.38,0
M2R-decoy_2873,O=[N+]([O-])c1ccc(Sc2nnc(COc3ccccc3)n2c2ccccc2)nc1,-37.38,0
M2R-decoy_9814,C=C[C@]1(C)C[C@@H](OC(=O)CSc2nnc(NC(=O)c3cccc(Cl)c3)s2)[C@]2(C)[C@H](C)CC[C@]3(CCC(=O)[C@H]32)[C@@H](C)[C@@H]1O,-37.38,0
M2R-decoy_10037,C[C@H]1CCCCO[C@@H](CN(C)S(=O)(=O)c2cccc(F)c2)[C@H](C)CN([C@@H](C)CO)C(=O)c2cc(NC(=O)Nc3ccccc3)ccc2O1,-37.36,0
M2R-decoy_10819,C/C=C(\C)C(=O)C1=C2C3=COC(/C=C/[C@@H](C)CC)=CC3=C(Cl)C(=O)[C@@]2(C)OC1=O,-37.36,0
M2R-decoy_11074,N=c1sc2cc(OC(F)(F)F)ccc2n1CCn1cc(c2cc(C(F)(F)F)cc(C(F)(F)F)c2)nn1,-37.35,0
M2R-decoy_1529,O=C1C=CC[C@H](/C=C/C[C@@H](O)C[C@H](O)/C=C/c2ccccc2)O1,-37.35,0
M2R-decoy_10648,c1ccc2c(c1)OCC(c1nn3c(nnc3c3ccco3)s1)O2,-37.33,0
M2R-decoy_2924,COc1ccc2[nH]cc(CCn3cnc(NC(=O)c4ncoc4c4cccc(C)c4)c3)c2c1,-37.33,0
M2R-decoy_2648,COCc1ccc(c2ccc3nc(C(C(=O)NCCS(N)(=O)=O)S(=O)(=O)Cc4ccc(OC(F)(F)F)cc4)sc3c2)cc1,-37.32,0
M2R-decoy_5843,COc1ccc(OC)c2sc(NC(=O)c3ccc(Br)s3)nc12,-37.32,0
M2R-decoy_11319,C[C@@H](O)[C@@H](NC(=O)N1CCN(c2ccc(C#Cc3cccnc3)cc2)CC1)C(=O)NO,-37.3,0
M2R-decoy_9536,CCN(CC)C(=O)C(C)c1ccc2[nH]c(c3cc(C)cc(C)c3)c(CC[NH2+]CCCCc3ccc(NS(C)(=O)=O)cc3)c2c1,-37.3,0
M2R-decoy_9909,CN1c2c(nn(c3ccc(/C=N/NC(=S)Nc4ccccc4Cl)cc3)c2c2ccccc2)-c2ccccc2S1(=O)=O,-37.3,0
M2R-decoy_6251,O=C(NCc1cc(c2ccc(C(F)(F)F)nc2)ncn1)[C@@H]1C[C@@H](F)CN1S(=O)(=O)c1ccc(F)cc1,-37.28,0
M2R-decoy_6560,CCCN1C(=O)/C(=N\c2ccc(NC(=O)Nc3ccc(S(N)(=O)=O)cc3)cc2)c2cc(Br)ccc21,-37.28,0
M2R-decoy_6584,C=CCn1c(=O)c(C2C(C(=O)OC(C)C)=C(N)N(NC(=O)c3ccncc3)C3=C2C(=O)CCC3)cc2cc(Cl)ccc21,-37.27,0
M2R-decoy_8480,CC[NH+](CC)CCn1c(Cn2c(SCc3ccc(F)cc3)nc(=O)c3c2CCC3)ncc1c1ccc(c2ccc(C(F)(F)F)cc2)cc1,-37.27,0
M2R-decoy_3778,COc1ccc(C(=O)/C=C/c2ccc(OCc3cn(CC(O)CN4C(=O)C(=O)c5cc(Cl)ccc54)nn3)cc2)c(OC)c1,-37.26,0
M2R-decoy_1576,CC(=O)NC(C(=O)Nc1ccc(N(C)C)nc1)C(C)C,-37.25,0
M2R-decoy_11013,O=c1c2ccccc2nc(/C=C/c2ccc(Cl)cc2)n1c1nnc(c2ccccc2)s1,-37.24,0
M2R-decoy_9230,CCc1ccc(OC/C(=N\NC(N)=S)c2ccc(Br)cc2)cc1,-37.24,0
M2R-decoy_8547.1,S=C(NCCCCN(Cc1ccc(Cl)c(Cl)c1)c1ccc(Br)cn1)NCCCc1c[nH]cn1,-37.23,0
M2R-decoy_7195,CO[C@@]1(C)CO[C@]2(C=C([C@@H]3CC[C@]45C[C@]34CC[C@@H]3[C@H]4CC=C6C[C@@H](c7ccc8c(c7)OCO8)OC[C@]6(C)[C@@H]4C[C@@H](O)[C@]35C)C(=O)O2)C1,-37.2,0
M2R-decoy_10411,CC(C)(C)c1ccc(S(=O)(=O)N2CCN(C(=O)/C=C/c3ccc(F)cc3)CC2)cc1,-37.19,0
M2R-decoy_6681,Cn1c(Cc2nn(C)c(=O)c3ccccc23)nnc1SCC(=O)Nc1ccc(I)cc1,-37.18,0
M2R-decoy_6705,COc1ccc(NC(=O)N(C)C[C@@H]2Oc3ccc(NC(=O)NC(C)C)cc3CC(=O)N([C@H](C)CO)C[C@@H]2C)cc1,-37.18,0
M2R-decoy_3167,CSc1cc(c2ccc(OCCc3nccc4c3CCCC4)cc2)oc(=O)c1C#N,-37.16,0
M2R-decoy_9779,O=S(=O)(CSc1nnc(Br)n1Cc1ccc(Br)c2ccccc12)Nc1ccc(Br)nc1,-37.16,0
M2R-decoy_991,O=C(NNC(=S)NC(=O)c1ccccc1)c1ccc(Br)cc1,-37.16,0
M2R-decoy_1667,N#Cc1ccc(OCc2nnc(SC3CCCC3)n2c2cccnc2)cc1,-37.14,0
M2R-decoy_3154,CC(c1nccs1)N(C)C(=O)CCc1nnc(c2ccc(c3ccccc3)cc2)o1,-37.13,0
M2R-decoy_9796,C[C@H]1CN([C@H](C)CO)C(=O)c2cc(N(C)C)ccc2O[C@H](C)CCCCO[C@@H]1CN(C)C(=O)Nc1cccc2ccccc12,-37.13,0
M2R-decoy_570,c1cc2c(N3CCOCC3)nc(N3CCOCC3)nc2[nH]1,-37.12,0
M2R-decoy_9905,CN(C(=O)NC(=O)c1ccc(C(F)(F)F)cc1)c1nc(C(F)(F)F)c(C(=O)N/N=C/c2ccc(C(F)(F)F)cc2)s1,-37.12,0
M2R-decoy_6927,O=S(=O)(N[C@H]1C(O)O[C@H](CNS(=O)(=O)c2cccc(Cl)c2Cl)[C@@H](O)[C@@H]1O)c1cccc(c2ccc(Cl)cc2)c1,-37.11,0
M2R-decoy_9146,O=C(Cc1cnc[nH]1)N[C@@H](COCc1ccccc1)C(=O)Nc1ccc(OCc2ccccc2)cc1,-37.11,0
M2R-decoy_10849,Cn1cncc1C(OCc1ccc(C#N)cc1C#Cc1ccc(C#N)cc1)c1ccc(C#N)cc1,-37.1,0
M2R-decoy_6975.2,CN(C(=O)/C=C/c1ccc(S(C)(=O)=O)cc1)c1ccc(S(=O)(=O)N2CCC[NH+](Cc3ccccc3)CC2)cc1,-37.1,0
M2R-decoy_7738,COc1cccc(/C=C/C(=O)O[C@@H]2O[C@@H]3O[C@@]4(C)CC[C@H]5[C@H](C)[C@H](OC(=O)/C=C/c6cccc(OC)c6)C[C@@H]([C@H]2C)[C@]53OO4)c1,-37.1,0
M2R-decoy_7883,O=S(=O)(c1ccc(Br)cc1)c1ccc(c2nnc3sc(Nc4ccc(Br)cc4)nn32)cc1,-37.1,0
M2R-decoy_1078.1,Cc1nc(C(F)(F)F)cc2nc(S(=O)(=O)Nc3cc(F)ccc3F)nn12,-37.09,0
M2R-decoy_3814,O=C(NCc1ccccc1)C(c1ccc(OCCBr)cc1)N(C(=O)CCc1ccccc1)C1CC1,-37.09,0
M2R-decoy_8931,CC[NH+](CC)CCN(Cc1ccc(c2ccc(C(F)(F)F)cc2)cc1)C(=O)Cn1c(CCc2cccc(F)c2F)nc(=O)c2sccc21,-37.09,0
M2R-decoy_194,CN(C(=O)Nc1ccc(C(F)(F)F)cc1)C1CCN(C#N)C1,-37.08,0
M2R-decoy_10424,O=C(/C=C/c1ccc(Cl)cc1)N1CCN(c2ccc(Cl)cc2[N+](=O)[O-])CC1,-37.07,0
M2R-decoy_3135,CCn1c(CN2C(=O)COc3ccc(C)cc32)nnc1SCc1ccc(Cl)cc1,-37.07,0
M2R-decoy_11479,C[C@H]1C(=O)N(c2ccc(S(=O)(=O)C(F)(F)F)cc2)C(=O)N1Cc1ccnc2ccccc12,-37.06,0
M2R-decoy_3297,O=C(CN1C(=O)COc2ccccc21)N(Cc1cccnc1)Cc1cccc(F)c1,-37.06,0
M2R-decoy_3365,C=CCn1c(COc2ccccc2F)nnc1SCC(=O)c1c[nH]c2ccccc12,-37.06,0
M2R-decoy_5758,CCc1cc(c2nc(c3cc(C)c(OC[C@@H](O)CNC(=O)CO)c(CC)c3)no2)cc(OC2CCCC2)n1,-37.06,0
M2R-decoy_9780,O=S(=O)(Nc1ccc(c2nc3cc(NS(=O)(=O)c4ccc(Br)cc4)ccc3o2)cc1)c1ccc(Br)cc1,-37.05,0
M2R-decoy_3102,CCOC(=O)CC(=O)CSc1nc(c2ccc3c(c2)OCO3)cc(C(F)(F)F)c1C#N,-37.04,0
M2R-decoy_3116,CCc1nn2c(nc(c3cc(OC)c(OC)c(OC)c3)c2c2ccc(F)cc2)s1,-37.04,0
M2R-decoy_5603,CC[NH+](CC)CCC(=O)Nc1ccc(NC(=O)Nc2ccc(N(CCCl)CCCl)cc2)cc1,-37.03,0
M2R-decoy_11314,Cc1ccc(S(=O)(=O)N2CCN(c3nc(n4ccnn4)nc4ccccc34)CC2)cc1,-37.02,0
M2R-decoy_3148,Cc1nn(Cc2ccccc2)c(Cl)c1/C=C/C(=O)OC(C)C(=O)N1CCCC1,-37.02,0
M2R-decoy_10124,c1cnn(CC2C[NH+](Cc3csc(c4ccsc4)n3)CCO2)c1,-37.01,0
M2R-decoy_3553,COC(=O)c1cc(NC(=O)[C@@H](NC(=O)C[C@H](O)[C@H](Cc2cc(F)cc(F)c2)NC(=O)C(O)c2ccccc2c2ccccc2)C(C)C)cc(C(=O)OC)c1,-37.01,0
M2R-decoy_3170,CCOC(=O)c1cc2cc(/C=C/C(=O)c3ccc(C)cc3)cc(C(C)CC)c2oc1=O,-37.01,0
M2R-decoy_3132,Cc1cc(=O)oc2cc(OCCSc3nnc(c4ccccc4C)o3)ccc12,-37.0,0
M2R-decoy_10451,O=C1N(Cc2ccccc2)c2cccn2S(=O)(=O)N1Cc1cccc(Br)c1,-36.99,0
M2R-decoy_3185,Clc1ccc(CSc2nnc(c3ccncc3)n2Cc2ccco2)cc1Cl,-36.99,0
M2R-decoy_3128,COCCN(C(=O)/C=C/c1ccccc1)c1nnc(c2cccnc2)s1,-36.99,0
M2R-decoy_10860,COc1cc2nc(Cl)nc(N3CCN(S(=O)(=O)c4ccc(C)cc4)CC3)c2cc1OC,-36.98,0
M2R-decoy_5247,CCn1cc(c2cnc(NCc3ccc4c(c3)OCO4)c(C(=O)NC[C@H]3COc4ccccc4O3)c2)cn1,-36.98,0
M2R-decoy_6455,COCCNC(=O)C[C@@H]1CC[C@@H]2[C@H](COc3ccc(NC(=O)Nc4cccc(F)c4)cc3C(=O)N2C)O1,-36.98,0
M2R-decoy_31,CN(C)/N=C/c1cn(c2ccccc2)nc1c1cccnc1,-36.97,0
M2R-decoy_11052,O=c1c2ccccc2nc(SCc2cn(c3ccccc3)nn2)n1c1ccc(Br)cc1,-36.96,0
M2R-decoy_3618,Cc1ccc([NH+]=C(S)N(CC[NH+](C)C)Cc2cccs2)cc1C,-36.96,0
M2R-decoy_9898,COc1cc2c(cc1OC)C(=O)/C(=C\c1cn(c3ccc(C)cc3)nc1c1cc3cc(Br)ccc3oc1=O)C2,-36.96,0
M2R-decoy_11499,Cc1c(Sc2cccc(I)c2)n(OCCO)c(=O)[nH]c1=O,-36.95,0
M2R-decoy_7583,Cc1cc(SCc2nnc(c3ccc(Br)cc3)o2)nc(SCc2nnc(c3ccc(Br)cc3)o2)n1,-36.95,0
M2R-decoy_6775,CCOC(=O)/C(C#N)=C1/SC(C(=O)Nc2c(C)n(C)n(c3ccccc3)c2=O)=C(N)N1c1ccccc1,-36.95,0
M2R-decoy_1047,CC#CC(=O)N1CCC(n2nccc2NC(=O)c2ccc3c(c2)OCO3)CC1,-36.93,0
M2R-decoy_1841,O=[P@]1(c2ccccc2)O[C@H](COCc2ccccc2)[C@@H](OCc2ccccc2)[C@H](OCc2ccccc2)[C@@H]1O,-36.93,0
M2R-decoy_7251,O=C(N1CCOCC1)N1CCC(c2ccc(C(OCc3c(F)cccc3F)(C(F)(F)F)C(F)(F)F)cc2)(S(=O)(=O)c2ccc(F)cc2)C1,-36.93,0
M2R-decoy_6543,CCNC(=O)O[C@@H]1C[NH2+][C@@H](C#Cc2cc3ncnc(Nc4ccc(OCc5cccc(F)c5)c(Cl)c4)c3s2)C1,-36.92,0
M2R-decoy_5143,O=C(CN(/N=C/c1ccc(Cl)cc1)C(=O)c1ccncc1)N1CCN(c2ccc(F)cc2)CC1,-36.91,0
M2R-decoy_367,CN(C(=O)Nc1ccc(C(F)(F)F)nc1)[C@@H]1CCN(C#N)C1,-36.9,0
M2R-decoy_6659,COc1ccc(/C=c2\oc3n(c2=O)C(c2ccc([N+](=O)[O-])cc2)C(C(=O)Nc2ccccc2)=C(C)N=3)cc1,-36.9,0
M2R-decoy_1295,Cn1cc(NC(=O)c2ccc(Br)s2)cc1C(N)=O,-36.89,0
M2R-decoy_10416,CCCc1cc2c(N3CCN(c4nnc(C(F)(F)F)s4)CC3)ncnc2s1,-36.88,0
M2R-decoy_7064,Cc1cc(OC(F)F)cnc1C(=O)Nc1cc(C)c(F)c([C@]2(CF)C[C@@H](C(F)(F)F)OC(N)=[NH+]2)c1,-36.88,0
M2R-decoy_10969,Cc1c(C(=O)N2CCN(S(=O)(=O)c3ccccc3)CC2)oc2ccc(Br)cc12,-36.87,0
M2R-decoy_7810,CCOC(=O)c1ccc(NC(=S)N[C@@H]2c3cc4c(cc3[C@@H](c3cc(OC)c(OC)c(OC)c3)[C@H]3C(=O)OC[C@H]23)OCO4)cc1,-36.87,0
M2R-decoy_6527,NN(C(=[NH2+])c1ccccn1)S(=O)(=O)c1cc(Cl)c(Oc2ccc([N+](=O)[O-])cc2Cl)c(Cl)c1,-36.86,0
M2R-decoy_6688,O=C(C1CCN(c2ccc(S(=O)(=O)C3(C(=O)NO)CCOCC3)cc2)CC1)N1CCc2ccccc2C1,-36.86,0
M2R-decoy_10432,CN1C(=O)C(C(=O)OCc2ccccc2)(c2ncc(C#Cc3ccccc3)cn2)CC1(C)C,-36.84,0
M2R-decoy_10955,N#Cc1cccc(S(=O)(=O)N2CCN(C(=O)c3cccc(Oc4ccc(F)cc4)n3)CC2)c1,-36.84,0
M2R-decoy_1932,Cc1ccc(S(=O)(=O)N[C@@H](CC(=O)NC(C)(C)C)C(=O)NCCNC(=O)c2ccccc2)cc1,-36.84,0
M2R-decoy_3587.2,C[NH+](C)C(C[NH2+]Cc1nc(c2ccsc2)no1)c1cccc(F)c1,-36.83,0
M2R-decoy_11127,NC(=O)N1CCN(C(=S)SCc2cn(Cc3ccccc3F)nn2)CC1,-36.82,0
M2R-decoy_3874,COc1cc(NC(C)CCCNc2nc(C)c(C(=O)OC(C)C)c(c3ccccc3[N+](=O)[O-])n2)c2ncccc2c1,-36.82,0
M2R-decoy_5871,Clc1ccc2c(NCc3coc(c4cccs4)n3)ncnc2c1,-36.82,0
M2R-decoy_717,Cc1ccc(NC(=O)NC(C)C(=O)N2CCS(=O)(=O)CC2)cc1,-36.82,0
M2R-decoy_3061,Cc1ccc(S(=O)(=O)OCCCc2cn(c3ccc(I)cc3)nn2)cc1,-36.81,0
M2R-decoy_1079,Cc1nsc2c1nc(SCc1ccccc1)n2[C@@H]1O[C@H](CO)[C@@H](O)[C@H]1O,-36.8,0
M2R-decoy_10175,Cc1nnsc1C1=[NH+]NC2SC(c3cccc(F)c3)=NN12,-36.8,0
M2R-decoy_2900,CC(C)c1ccc(CN(Cc2ccc(F)cc2F)c2cccc(S(N)(=O)=O)c2)cc1,-36.8,0
M2R-decoy_3956,CCCCN(C(=O)CSc1nnc(c2ccc(OC)cc2)n1C(C)C)c1c(N)n(Cc2ccccc2)c(=O)[nH]c1=O,-36.8,0
M2R-decoy_1928,CC(C)Oc1ccc(Nc2nc(=O)n(CC(CO)CO)c(=O)n2Cc2ccc(Cl)cc2)cc1,-36.79,0
M2R-decoy_3621,COc1ccc2c(c1)O/C(=C\c1ccc(OCC[NH+](C)C)cc1)C2=O,-36.79,0
M2R-decoy_1937.1,C=CC(=O)Nc1ccc(/C=C/c2nc(Nc3cn(C(C)C)cn3)cc(N3CC[NH+](C)CC3)n2)cc1,-36.78,0
M2R-decoy_4008,CCO[C@@H](Cc1ccc(OC/C=C/c2cc(CCc3ccccc3)cc(CCc3ccccc3)c2)cc1)C(=O)[O-],-36.78,0
M2R-decoy_10406,O=C(N1CCCCC1Cc1ccccc1)n1cc(c2ccc(OC(F)(F)F)cc2)nn1,-36.77,0
M2R-decoy_2314,COCCn1c(SCC(=O)c2ccc(Cl)cc2)nnc1C(C)C,-36.77,0
M2R-decoy_7118,CCCCN1C(=O)N(Cc2cccc(C(=[NH2+])NO)c2)[C@H](Cc2ccccc2)[C@H](O)CN1S(=O)(=O)c1cccc(Br)c1,-36.77,0
M2R-decoy_11083,CC(C)C(=O)N1CCN(c2nc(CSc3ccccc3)nc3sc4c(c23)CCCC4)CC1,-36.76,0
M2R-decoy_5298,O=C(CCCCCn1c(=O)c2sccc2n(Cc2ccccc2Cl)c1=O)NCc1ccc2c(c1)OCO2,-36.76,0
M2R-decoy_5860,Cc1cccc2sc(NC(=O)CSc3nc4ccccc4o3)nc12,-36.76,0
M2R-decoy_2509.1,Cc1nc(CN(C)c2nccc(N(C)C)n2)cs1,-36.75,0
M2R-decoy_7091,NC(=O)c1c2n(nc1c1ccc(Oc3ccccc3)cc1)[C@H](C1CCN(C(=O)C#CC[NH+]3CCCC3)CC1)CCN2,-36.75,0
M2R-decoy_8618.1,CC(=O)O[C@H]1C[C@H]2[C@H]([C@@H]3CC[C@H]([C@H](C)CCC(=O)NCCNc4ccnc5cc(Cl)ccc45)[C@@]13C)[C@H](OC(C)=O)C[C@@H]1C[C@H](OC(C)=O)CC[C@@]12C,-36.75,0
M2R-decoy_2904,CNc1nc(Nc2ccc(S(C)(=O)=O)cc2OCCF)ncc1C(F)(F)F,-36.74,0
M2R-decoy_3037,c1ccc(CCn2c3ccccc3c3nnc(SCc4ccc5nonc5c4)nc32)cc1,-36.74,0
M2R-decoy_6519,O=C(CNc1cc(C(F)(F)F)nc2ccc(C(F)(F)F)cc12)NC1C[NH+]([C@H]2CC[C@@](O)(c3cncs3)CC2)C1,-36.73,0
M2R-decoy_6319,O=c1c(F)cn(Cc2cn(Cc3ccccc3Cl)nn2)c(=O)n1Cc1cn(Cc2ccccc2Cl)nn1,-36.72,0
M2R-decoy_3289,N#Cc1ncc2cc(COc3ccccc3)n(CCC3CCCCC3)c2n1,-36.71,0
M2R-decoy_3152,Cc1onc(c2ccccc2)c1COc1ccc(C(=O)OCc2ccoc2)cc1,-36.7,0
M2R-decoy_962,Cc1nnsc1C1=NNC(=O)/C1=C\c1cn(C)c2ccc(C#N)cc12,-36.7,0
M2R-decoy_4205,CC/C(=C(/c1ccc(OCC[NH+](C)C)cc1)c1ccc(OCc2ccc([N+](=O)[O-])cc2)cc1)c1ccccc1,-36.69,0
M2R-decoy_2903,C=CCn1c(Cc2cccs2)nnc1SCC(=O)c1cccc(Br)c1,-36.68,0
M2R-decoy_4183,O=C([O-])CCCCCCCCCCCNC(=O)Cc1cn(CCn2ccc3ccccc32)c2ccccc12,-36.68,0
M2R-decoy_8478,CC(C(=O)NCCCNc1c2c(nc3ccccc13)CCCC2)c1ccc(c2ccc(OCCO[N+](=O)[O-])cc2)c(F)c1,-36.68,0
M2R-decoy_3697,Cc1cccc(CN/C(CCCCc2ccccc2OCc2ccccc2)=C2\C(=O)OC(CO)C2=O)c1,-36.67,0
M2R-decoy_1708,Clc1ccc(c2nnc3n2ccc2nnc(c4ccc(Cl)cc4)n23)cc1,-36.66,0
M2R-decoy_1402,Ic1ccc(CSc2ncnc3[nH]cnc23)cc1,-36.65,0
M2R-decoy_4204,COc1cc(CCN(C(=O)c2cccc(S(C)(=O)=O)c2)C(CCc2ccccc2)c2nc3ccccc3[nH]2)cc(OC)c1,-36.65,0
M2R-decoy_6512,Cc1ncc(C2(O)CCC([NH+]3CC(NC(=O)CNc4ncnc5ccc(C(F)(F)F)cc45)C3)CC2)s1,-36.65,0
M2R-decoy_9394,CC(C)=CCC/C(C)=C/CC/C(C)=C/CC[C@@H]1[C@@]2(C)CC/C(=N\OCc3cn(c4ccncc4)nn3)C(C)(C)[C@@H]2CC[C@@]1(C)O,-36.65,0
M2R-decoy_235,CC(/N=C1\C(O)=C(O)\C1=N/c1ccc(C#N)cc1)C(C)(C)C,-36.64,0
M2R-decoy_3992,COc1ccc2cc(C(=O)N[C@@H](Cc3ccccc3)[C@H](O)CN(CC(C)C)S(=O)(=O)c3ccc([N+](=O)[O-])cc3)c(=O)oc2c1,-36.64,0
M2R-decoy_11441,CCOC(=O)C1=C(C)N=c2s/c(=C\c3ccc(Cl)cc3)c(=O)n2C1c1ccc(SC)cc1,-36.63,0
M2R-decoy_6289,CCOC(=O)c1ccc(N[C@@H]2c3cc4c(cc3[C@H](C3=CC(=O)C(=O)C(OC)=C3)[C@H]3C(=O)OCC23)OCO4)cc1,-36.63,0
M2R-decoy_10300,Fc1ccc(c2nn3c(C4COc5ccccc5O4)nnc3s2)cc1,-36.62,0
M2R-decoy_9716,COC(=O)N1CCC(c2cc(NC(=O)c3cnn4cc(Br)cnc34)n(c3ccc(C)cc3)n2)CC1,-36.61,0
M2R-decoy_9835,O=S(=O)(CSc1nnc(Br)n1Cc1ccc(Br)c2ccccc12)Nc1ccc(C(F)(F)F)nc1,-36.61,0
M2R-decoy_7079,CCN(C(=O)COC(=O)/C=C/c1ccc(Cl)c(Cl)c1)c1c(N)n(Cc2ccccc2)c(=O)[nH]c1=O,-36.6,0
M2R-decoy_1366,Cc1nc2sccn2c1C(=O)N/N=C/c1ccc(Br)cc1,-36.59,0
M2R-decoy_835,O=C(NC(=S)NCc1nc2ccccc2[nH]1)c1ccc(F)cc1,-36.59,0
M2R-decoy_9336,NC(=[NH2+])NCCC[C@H](NC(=O)c1ccccc1F)C(=O)N[C@@H](CCCC[NH3+])C(=O)N[C@@H](C(N)=O)c1ccc(OCc2ccccc2)cc1,-36.58,0
M2R-decoy_3204,Brc1ccc(CSc2nnc(c3ccccn3)n2Cc2ccco2)cc1,-36.57,0
M2R-decoy_3403,c1ccc(C(Cc2nc(c3cccnc3)no2)c2ccccc2)cc1,-36.57,0
M2R-decoy_3366,Cc1nc(CCCCCCC(O)c2ccccc2)n2nc(n3ccnc3)ccc12,-36.56,0
M2R-decoy_1817,Cc1cc(C)c2nc(C)n(Cc3ccc(NCC4CC[NH+](C5CC[NH+](C)CC5)CC4)cc3)c2n1,-36.55,0
M2R-decoy_10761,Cc1ccc(/C=C/C(=O)N2CCN(S(=O)(=O)c3c(C)c(C)cc(C)c3C)CC2)o1,-36.54,0
M2R-decoy_1143,O=c1c(/C=N/c2ncccc2O)coc2ccc(Br)cc12,-36.54,0
M2R-decoy_11455,O=c1c2sccc2nc(SCc2cc(=O)n3cc(Cl)ccc3n2)n1Cc1ccccn1,-36.53,0
M2R-decoy_7084,CC(=O)N1CCCC1(CC(=O)NO)CS(=O)(=O)c1ccc(OCc2cc(C)nc3ccccc23)cc1,-36.53,0
M2R-decoy_10645,c1coc(c2nnc3sc(c4ccc5c(c4)OCO5)nn32)c1,-36.52,0
M2R-decoy_3412,O=[N+]([O-])/C=C/c1cccc(OCc2ccc(Br)cc2)c1,-36.52,0
M2R-decoy_11371,O=C(CNC(=O)c1ccc(Br)o1)NNC(=O)c1ccccc1O,-36.5,0
M2R-decoy_11069,Brc1ccc(CSc2nnc(c3ccc4c(c3)OCCO4)n2c2ccccc2)cc1,-36.49,0
M2R-decoy_6858,O=C(COc1ccc(c2cc3c([nH]2)c(=O)n(CC(F)(F)F)c(=O)n3CC(F)(F)F)cc1)N1CCN(c2ccccc2)CC1,-36.49,0
M2R-decoy_4352,CCCCN(C)C(=O)c1ccc(COC(COCc2ccc(OC)cc2)Cn2ccnc2)cc1,-36.48,0
M2R-decoy_10372,O=C(/C=C/c1c(Cl)nc2ccccn12)N1CCN(c2ccccc2F)CC1,-36.47,0
M2R-decoy_10043,C[C@@H]1CC[C@H]2[C@@H](C)[C@H](NC(=O)CCC(=O)OCc3ccc4ncnc(Nc5ccc(F)c(Cl)c5)c4c3)O[C@@H]3O[C@@]4(C)CC[C@@H]1[C@@]23OO4,-36.47,0
M2R-decoy_6341,Cn1cncc1CN1CC(N(Cc2cccc(n3cccn3)c2)S(=O)(=O)c2ccccn2)Cc2cc(C#N)ccc21,-36.47,0
M2R-decoy_10771,O=C1/C(=C/c2ccc(OCCF)cc2)Oc2ccc(I)cc21,-36.45,0
M2R-decoy_4614,CCOC(=O)CCCCCOc1cccc(CN(C(=O)c2ccc(c3cccc(O)c3)cc2)C(C)C)c1,-36.45,0
M2R-decoy_5593,CC(C)Cn1ccnc1/C=C/C=C/C(=O)/C=C/C=C/c1nccn1CC(C)C,-36.45,0
M2R-decoy_6226,CCCO[C@H]1CC2[C@](C)(CC[C@H](OC(C)=O)[C@@]2(C)COC(C)=O)C2[C@@H](O)c3c(cc(c4cccnc4)oc3=O)O[C@@]21C,-36.44,0
M2R-decoy_6946,Cc1ccc(CNC(=O)[C@H]2S[C@@H](n3cnc4c(NCc5cccc(I)c5)ncnc43)[C@H](O)[C@@H]2O)cc1,-36.44,0
M2R-decoy_2154,O=C([O-])Cc1cn(Cc2ccccc2)c2ccc(OCCCOc3ccc(OCc4ccc(Cl)cc4)cc3)cc12,-36.43,0
M2R-decoy_11043,O=C(COC(=O)C1CCN(c2ccc(C(F)(F)F)cn2)CC1)c1ccc(Br)cc1,-36.42,0
M2R-decoy_7005.1,CC(C)NC(=O)[C@H]1CC[C@@H](n2/c(=N/C(=O)c3ccc(F)cc3)[nH]c3ccc(C[NH+]4CCC[C@H]4C(N)=O)cc32)CC1,-36.42,0
M2R-decoy_9127,CC(C)Cc1ccc(C(C)c2nc3cc(OCc4cccc(F)c4)ccc3n2Cc2ccccc2C(F)(F)F)cc1,-36.42,0
M2R-decoy_2251,Cc1ncc([N+](=O)[O-])n1CC(C)OC(=O)/C=C/c1ccc(OCc2ccccc2)cc1,-36.41,0
M2R-decoy_524,[NH2+]=C(NC(=O)c1ccccc1)Nc1nc2ccccc2o1,-36.41,0
M2R-decoy_3379,Cc1oc(c2ccccc2)nc1COc1ccc(CCCCC2SC(=O)NC2=O)cc1,-36.4,0
M2R-decoy_6025,Cc1ccc(S(=O)(=O)N(Cc2cn(Cc3cc(F)ccc3F)nn2)Cc2cn(S(C)(=O)=O)c3ccccc23)cc1,-36.4,0
M2R-decoy_10878,O=S(=O)(c1ccc(Br)cc1)N1CCN(c2cc(c3ccccc3)nc3ncnn23)CC1,-36.39,0
M2R-decoy_1777,C[NH+]1CC[NH+](CCNc2nc(Nc3ccc(F)c(Cl)c3)nc3ccccc23)CC1,-36.39,0
M2R-decoy_9246,Cc1ccc(NC(=S)NC(NC(=O)c2ccccc2)C(Cl)(Cl)Cl)cc1,-36.39,0
M2R-decoy_10492,FC(F)(F)c1cc(c2ccc(I)cc2)nc2nnnn12,-36.38,0
M2R-decoy_10540,O=C1O/C(=C\c2ccc(O)c(Br)c2)C(=O)N1c1ccc(F)nc1,-36.38,0
M2R-decoy_8964,CCN(CC)c1ccc(/C=C2\COc3cc(OCCCCCCNc4c5c(nc6ccccc46)CCCC5)ccc3C2=O)cc1,-36.37,0
M2R-decoy_6473,CCC1(c2ccc(Nc3cc(C)nc4nc(SCc5nc6ccccc6[nH]5)nn34)cc2)CCC(=O)NC1=O,-36.36,0
M2R-decoy_2967,CCSc1nnc(Cn2c(=O)sc3ccccc32)n1c1ccc(OC)cc1,-36.35,0
M2R-decoy_5423,O=C(OCc1ccccc1)c1cccc(CC(=O)N2C(=O)[C@@H](Cc3ccc(O)cc3)[C@H]2C(=O)OCc2ccccc2)c1,-36.35,0
M2R-decoy_11084,Ic1cccc(c2nsc(c3cccc(I)c3)n2)c1,-36.33,0
M2R-decoy_1662,CCOc1nc(/C=C/c2ccccc2)oc1C(=O)Oc1cncc(Cl)c1,-36.33,0
M2R-decoy_5839,O=[N+]([O-])c1ccc(/N=C/C=C(\O)c2ccc(Br)cc2)cc1,-36.33,0
M2R-decoy_9815,CC(C)(C)c1cc(C(=O)Nc2cc(c3cccs3)nn2c2ccc(I)cc2)n(Cc2ccccc2)n1,-36.33,0
M2R-decoy_1664,CCOC(=O)C1=C2C(=NC1=O)c1cccc3c(SCCc4cnccn4)ccc2c13,-36.32,0
M2R-decoy_8229,Cc1nc(C[P+](c2ccccc2)(c2ccccc2)c2ccccc2)c(C[P+](c2ccccc2)(c2ccccc2)c2ccccc2)c2c1OC(C(C)C)OC2,-36.32,0
M2R-decoy_3001,CCOC(=O)C(C)Sc1nc2cc(n3nc(C)n(C(F)F)c3=O)c(Cl)cc2s1,-36.31,0
M2R-decoy_10841,Cn1c(SCC(=O)N2CCN(c3ccccc3)CC2)nnc1c1ccc(Br)cc1,-36.29,0
M2R-decoy_2302,CCCCOC(=O)c1cc(/C=C/c2ccc(OC)nc2)on1,-36.29,0
M2R-decoy_5445,Nc1ccc(OCCOc2no[n+]([O-])c2S(=O)(=O)c2ccccc2)c(C(=O)Oc2ccc(c3cc(=S)ss3)cc2)c1,-36.29,0
M2R-decoy_9199,COc1ccc(/C=C/C(=O)c2ccc(N)c(c3ccc(F)cc3)c2)cc1O,-36.29,0
M2R-decoy_3261,CCN(C(=O)CSc1nc2ccccc2n1CC(=O)N(C)C1CCCCC1)c1ccccc1,-36.28,0
M2R-decoy_5657,CCCCCc1cccc(C(=O)NCCNC(=O)CCCCCc2cnc(N)[nH]2)c1,-36.28,0
M2R-decoy_10621,Cn1nccc1c1nnc2n1CCN(C(=O)c1cccc(Cl)c1Cl)C2,-36.27,0
M2R-decoy_4853,COc1cc(/C=C/C(=O)/C=C/c2ccc([N+](=O)[O-])cc2)ccc1OCc1cn(CCN2C(=O)C(=O)c3cc(Br)ccc32)nn1,-36.27,0
M2R-decoy_6166,Cc1ccc(C2=NN(c3ccc(S(N)(=O)=O)cc3)C(c3c(C)nn(c4ccc(S(N)(=O)=O)cc4)c3Cl)C2)cc1,-36.27,0
M2R-decoy_581,[O-]c1on[n+]2c1c(Nc1ccc(Cl)cc1)nc1ccccc12,-36.26,0
M2R-decoy_6942,CC[C@@]1(OC(=O)CNC(=S)NC(=O)c2cccs2)C(=O)OCc2c1cc1n(c2=O)Cc2cc3ccccc3nc2-1,-36.26,0
M2R-decoy_6570,NC(=O)CC(NC(=O)c1ccc(Br)cc1)c1ccc(N2CCC(Br)CC2)c([N+](=O)[O-])c1,-36.26,0
M2R-decoy_2960,COc1cc(/C=C/c2nnc(c3ccc(Cl)cc3Cl)o2)cc(OC)c1OC,-36.25,0
M2R-decoy_3226,COc1ccc(OC)c(C(=O)/C=C/c2cn(c3ccccc3)nc2c2ccncc2)c1,-36.25,0
M2R-decoy_9928,C[C@H](Nc1ncnc(N)c1C#Cc1ccc(F)cn1)c1nc2cccc(Cl)c2c(=O)n1c1cccc(S(C)(=O)=O)c1,-36.25,0
M2R-decoy_2787,C=CC(=O)Nc1cc2c(Nc3ccc(F)c(Cl)c3)ncnc2cc1OCc1cn(Cc2ccccc2F)nn1,-36.24,0
M2R-decoy_2925,CO/N=C1\C(=O)N(CCOCCOc2ccc3c(C)cc(=O)oc3c2)c2ccc(F)cc21,-36.23,0
M2R-decoy_1822.1,C/C(=N\NC(N)=[NH2+])c1sc(c2ccc(C#Cc3ccc(C(=O)[O-])c(C)c3)cc2)nc1C,-36.22,0
M2R-decoy_1596,CC(=O)C(Sc1nnnn1c1ccccc1)C(C)=O,-36.22,0
M2R-decoy_11047,COc1cc(c2cn(Cc3cc(Br)cc(Br)c3)nn2)ccc1n1cnc(C)c1,-36.21,0
M2R-decoy_767,O=C(NC(=S)Nc1ccc2oc(=O)ccc2c1)c1ccco1,-36.21,0
M2R-decoy_1857,CCOC(=O)CCCn1c(=O)oc2cc3ncnc(Nc4ccc(C(=O)OCc5ccc(Cl)cc5)cc4)c3cc21,-36.2,0
M2R-decoy_11055,COc1ccc(/C=C2\C(=O)N(c3cccc(Br)c3)N=C2C(F)(F)F)c(OC)c1OC,-36.19,0
M2R-decoy_1120,Cc1ccc(NS(=O)(=O)c2cccc(C(=O)n3ncc(C#N)c3N)c2)c(C)c1,-36.19,0
M2R-decoy_10208,Cn1c(=O)c2nc(/C=C/c3cccc(F)c3)[nH]c2n(C)c1=O,-36.19,0
M2R-decoy_3084,O=C(/C=C/c1ccccc1)c1ccc(CCc2cn(Cc3ccc(F)cc3)nn2)cc1,-36.19,0
M2R-decoy_9899,O=C(c1cccs1)[C@]12Cc3cnn(c4ccc(F)cc4)c3C=C1CCN(S(=O)(=O)c1ccc(C(F)(F)F)cc1)C2,-36.18,0
M2R-decoy_1815,CC(C(=O)Nc1ccc(C#N)cc1)[NH+](C)CC(=O)Nc1ccccc1Br,-36.17,0
M2R-decoy_9465,COc1cc(NC(=S)NCCCn2cncc2C)ccc1OCCCc1cncnc1,-36.17,0
M2R-decoy_8907,CCCCCCOc1ccc(NS(=O)(=O)c2ccc3c(c2)CCN(C(=O)Nc2ccc(CCCC)cc2)C3)c(F)c1,-36.16,0
M2R-decoy_11092,Cn1c(=O)c2c(ncn2CCOc2ccc(Br)cc2)n(C)c1=O,-36.15,0
M2R-decoy_2802,CS(=O)(=O)c1ccc(c2nc(SCCCOC(=O)/C=C/c3ccccc3)nn2c2ccc(Br)cc2)cc1,-36.15,0
M2R-decoy_4699,C=CCn1c(SCC(=O)NCc2ccco2)nc2sc3c(c2c1=O)CCC3,-36.15,0
M2R-decoy_3125,Fc1ccc(OCCO/N=C2\c3ccccc3OCC2n2ccnc2)cc1,-36.15,0
M2R-decoy_9414,C=CC(=O)Nc1cccc(Nc2nc(Nc3ccc(OCCCSC(=S)N(C)C)cc3)ncc2F)c1,-36.15,0
M2R-decoy_7061,CS(=O)(=O)c1ccc(c2nc(SCCN(O)C(N)=O)nn2c2ccc(Br)cc2)cc1,-36.13,0
M2R-decoy_6529,NS(=O)(=O)c1ccc(n2nc(C(=O)N/N=C3\C(=O)Nc4ccc(Cl)cc43)cc2c2ccccc2)cc1,-36.13,0
M2R-decoy_11026,COc1cc(OC)c2c(=O)cc(c3cc(C(F)(F)F)c(OC)c(C(F)(F)F)c3)oc2c1,-36.12,0
M2R-decoy_2504.1,CN(C)c1n/c(=N/Cc2cccnc2)ss1,-36.12,0
M2R-decoy_9244,CCCCCc1ccc(C#Cc2ccc(CC(=O)[C@@H]([NH3+])Cc3c[nH]cn3)cc2)cc1,-36.12,0
M2R-decoy_4022.1,COc1ccccc1Oc1c(NS(=O)(=O)NCc2ccccc2)ncnc1OCCOc1ncc(Br)cn1,-36.11,0
M2R-decoy_4906,COc1cc(/C=C/C(=O)/C=C/c2cccc([N+](=O)[O-])c2)ccc1OCc1cn(CCN2C(=O)C(=O)c3cc(Cl)ccc32)nn1,-36.11,0
M2R-decoy_5725,Cc1cc(CCC(=O)c2sc(C)c3c2CCC(C)(C)C3)cc(C)c1OCC(O)C[NH2+]CCO,-36.1,0
M2R-decoy_11246,Cc1ccc(N2CCN(S(=O)(=O)c3ccc4oc(=O)ccc4c3)CC2)cc1Cl,-36.08,0
M2R-decoy_2551,NNC(=[NH2+])c1ccc(C[C@@H](NC(=O)CNS(=O)(=O)c2ccc3ccccc3c2)C(=O)N2CCCCC2)cc1,-36.08,0
M2R-decoy_5273,CC(C)(C)NC(=O)CCCc1nc2cc(S(=O)(=O)NCc3ccc(F)cc3)ccc2n1Cc1ccccc1,-36.08,0
M2R-decoy_7509,NS(=O)(=O)c1ccc(n2nc(c3ccc(Cl)cc3)c3c(C(F)(F)F)cc(c4ccc(Br)cc4)nc32)cc1,-36.08,0
M2R-decoy_10908,N#Cc1ccc(OC(=O)N2CCN(c3nc(C4=NOC(c5ccccc5)C4)cs3)CC2)cc1,-36.07,0
M2R-decoy_1160,Cc1csc2c(=O)sc(NC(=O)c3cccs3)nc12,-36.07,0
M2R-decoy_190,CC1(NC(=O)c2ccc(C#Cc3ccncc3)cn2)COC1,-36.07,0
M2R-decoy_4110,CCCCN(CCCCCSc1nc(c2ccc(OC)cc2)c(c2ccc(OC)cc2)[nH]1)c1nc2cc(Cl)c([N+](=O)[O-])cc2o1,-36.07,0
M2R-decoy_5982,CCOC(=O)c1ccc(N2CCN(C(=O)CCN(Cc3ccc(F)cc3)c3cccc(Oc4ccccc4)c3)CC2)cc1,-36.07,0
M2R-decoy_6538.1,Cc1ccc2c(c1)N(CC(=O)NC(C)(C)C)C(=O)[C@H](NC(=O)Nc1cccc(C3=NNN=N3)c1)C[C@@H]2c1ccccc1,-36.07,0
M2R-decoy_3448,COc1cc(/C=C/c2cccc(Oc3ccccc3)c2)oc(=O)c1,-36.06,0
M2R-decoy_5906.2,CCOC(=O)c1cn(Cc2ccccc2[N+](=O)[O-])c2sc(c3ccc(OC)cc3)c(C[NH+](C)Cc3ccccc3)c2c1=O,-36.06,0
M2R-decoy_1552,CC(CCc1ccccc1)[NH+]1CC[NH+](Cc2ccccc2)CC1,-36.05,0
M2R-decoy_3585,Cc1cnccc1C[NH2+]Cc1ccc(OC23CCC[NH+](CC2)C3)cc1,-36.05,0
M2R-decoy_9028,Cc1ccc(NC(=O)c2cc(I)ccc2OCCCCn2ccnc2)cc1Nc1nccc(c2cccnc2)n1,-36.05,0
M2R-decoy_10407,COc1ccccc1N1CCN(C(=O)c2cc(c3ccc(Br)cc3)on2)CC1,-36.04,0
M2R-decoy_5853,Cc1csc(c2cnn(c3ccccc3)c2NC(=O)c2cccc(F)c2)n1,-36.04,0
M2R-decoy_4934,CCCCC[NH2+]C(c1c(C(=O)[O-])[nH]c2cc(Cl)ccc12)c1nnnn1c1ccc(OCc2ccc(Br)cc2)cc1,-36.04,0
M2R-decoy_1994,Cc1ccc(S(=O)(=O)N[C@H](CC(=O)N[C@@H](C)C(=O)NCc2cccc3ccccc23)CC(=O)NC(C)(C)C)cc1,-36.03,0
M2R-decoy_3721,CCCCc1nc(Cl)c(CO)n1CCCOc1cc2c(Nc3ccc(OC)cc3)ncnc2cc1OC,-36.03,0
M2R-decoy_6313,CS(=O)(=O)Nc1cccc(Oc2cc(F)cc(Nc3ccc(I)cc3F)c2C(N)=O)c1,-36.03,0
M2R-decoy_6945,O=C(COC(=O)c1cc(S(=O)(=O)N2CCOCC2)c(Cl)cc1Cl)Nc1ncc(C(F)(F)F)cc1Cl,-36.03,0
M2R-decoy_2908,CCCCCc1ccc(S(=O)(=O)NCCc2c(c3cccs3)n[nH]c2c2cnccn2)cc1,-36.02,0
M2R-decoy_11051,N#Cc1ccnc(N2CCN(c3nc(CSc4ccccc4)nc4sc5c(c34)CCC5)CC2)c1,-36.01,0
M2R-decoy_3164,CN(C)c1ccc(c2nnc(SCC(=O)c3ccc(Br)cc3)o2)cc1,-36.0,0
M2R-decoy_4343,O=c1cc(c2ccc(OCCOCCn3cc(CNc4ccccc4)nn3)cc2)oc2ccccc12,-36.0,0
M2R-decoy_6199,CC(=O)c1nn(CC(=O)N2C[C@H](F)C[C@H]2C(=O)Nc2cccc(Br)n2)c2ccc(c3cnc(C)nc3)cc12,-36.0,0
M2R-decoy_11044,Ic1ccc(c2nsc(c3ccc(I)cc3)n2)cc1,-35.99,0
M2R-decoy_3625,CCn1c(SCC(=O)Nc2ccc(C(C)=O)cc2)nnc1C1CC1,-35.99,0
M2R-decoy_2835,C[Si](C)(CC(C#N)(Cn1cncn1)c1cccc(Oc2ccccc2)c1)c1ccccc1,-35.97,0
M2R-decoy_639,O=C1Oc2ccccc2C(=O)/C1=C\N1C(=O)/C(=C/c2ccccc2)NC1=S,-35.97,0
M2R-decoy_842,O=C(NNC(=S)NCc1ccco1)c1ccccc1Br,-35.97,0
M2R-decoy_10538,CC(=O)O[C@@H]1C#C/C=C\C#CC[C@H]2C(=O)N(C(=O)Nc3ccc4ccccc4c3)[C@H]12,-35.94,0
M2R-decoy_6236,CC(=O)OC[C@@]1(C)C2C[C@H](OCC(C)C)[C@@]3(C)Oc4cc(c5cccnc5)oc(=O)c4[C@H](O)C3[C@@]2(C)CC[C@@H]1OC(C)=O,-35.94,0
M2R-decoy_5851,O=C(CSc1nncn2c1cc1sccc12)Nc1ccccc1C(F)(F)F,-35.91,0
M2R-decoy_4686,COCCn1cc(Nc2ncc3c(n2)-c2c(nn(C)c2Cc2ccccc2)CC3)cn1,-35.9,0
M2R-decoy_9838,CN(c1ccc(NC(=O)c2cc(C(F)(F)F)cc(C(F)(F)F)c2)cc1OCc1ccccc1C(F)(F)F)S(C)(=O)=O,-35.9,0
M2R-decoy_10899,C[C@H]1Cn2c(nnc2c2ncc(Br)cn2)C(=O)N1Cc1cccc(C(F)(F)F)c1Cl,-35.89,0
M2R-decoy_8619,COc1cc(/C=C/C(=O)/C=C/c2ccc(Br)cc2)ccc1OCc1cn(CCN2C(=O)C(=O)c3cc(Br)ccc32)nn1,-35.89,0
M2R-decoy_3034,COc1c(OC)c(OC)c2c(=O)cc(c3cccc(OCc4ccccc4)c3)oc2c1OC,-35.87,0
M2R-decoy_10741,COc1ccc(OC)c(c2cn3nc(c4cn(C)c5ccccc45)sc3n2)c1,-35.86,0
M2R-decoy_11232,O=C(/C=C/c1ccc(F)cc1)N1CCN(S(=O)(=O)c2cccc3ccccc23)CC1,-35.86,0
M2R-decoy_4257,COc1ccccc1/C=C/C(=O)/C=C/c1ccc(OCc2cn(CCN3C(=O)C(=O)c4cc(Br)ccc43)nn2)c(OC)c1,-35.86,0
M2R-decoy_3380,O=C(COc1ccc(F)cc1)Nc1ccc2nc(SCCOc3ccccc3)sc2c1,-35.86,0
M2R-decoy_7051,CC(=O)N1CC[C@H](C(=O)Nc2ccc(COc3ccnc4cc(C(F)(F)F)ccc34)cc2)[C@@H](C(=O)NO)C1,-35.86,0
M2R-decoy_10981,Cc1c(Br)c(C)n2c(CSCc3ccccc3)cnc2c1Br,-35.85,0
M2R-decoy_1204,Oc1nc2cc(F)ccc2n1c1nc2ccc(F)cc2o1,-35.85,0
M2R-decoy_1996,Nc1c(C(=O)NCc2ccc(C(=O)N[C@@H](CCC3CCCCC3)C(=O)NCc3cccnc3)cc2)cnn1c1ccccc1,-35.85,0
M2R-decoy_5884,COc1ccc(OC)c2sc(NC(=O)c3ccc(Cl)s3)nc12,-35.85,0
M2R-decoy_8573,Cc1ccc(CCN(CC(N)=O)C(=O)CCCOc2cc(c3cccnc3)nn2c2ccc(Cl)c(Cl)c2)cc1,-35.85,0
M2R-decoy_3002,COc1ccc(OC)c(/C=N/N=c2\scc(C3=CC(=O)C=CC3=O)n2c2ccccc2)c1,-35.84,0
M2R-decoy_4672,CCCCCCCCCCCCOC(=O)N1CCN(/[N+]([O-])=N/Oc2ccc([N+](=O)[O-])cc2[N+](C)=O)CC1,-35.84,0
M2R-decoy_927,c1ccc(c2nnc3sc(c4ccc5c(c4)OCO5)nn32)nc1,-35.84,0
M2R-decoy_10343,Brc1ccc(c2nn3c(nnc3c3ccncc3)s2)o1,-35.82,0
M2R-decoy_4150,C#CCOCCOCCOc1ccc(OC)cc1CCNC(=S)Nc1ccc(Br)cn1,-35.82,0
M2R-decoy_1247,COc1ccc(/C=c2\c(=O)[nH]c3nc4ccccc4c(=O)n23)cc1,-35.81,0
M2R-decoy_6639,CC(=O)O[C@H]1CO[C@@H](n2nc3sc(c4ccc(Cl)cc4)nn3c2=S)[C@H](OC(C)=O)[C@H]1OC(C)=O,-35.81,0
M2R-decoy_3277,CN(C)c1ncnc2c1ncn2Cc1ccc(OCc2ccccc2)cc1,-35.8,0
M2R-decoy_8329,CC[NH+](C/C=C/C#CC(C)(C)C)Cc1cccc(OCCN(C)S(=O)(=O)c2ccc(c3cccs3)s2)c1,-35.8,0
M2R-decoy_6723,Cc1c(C(=O)N2CCN(c3nc(c4ccc(Cl)nc4)cs3)CC2)cnn1c1nn2cccc2c(=O)[nH]1,-35.8,0
M2R-decoy_9201,CC1(C)CC(Nc2ccc(c3cc4ccccc4s3)nn2)CC(C)(C)[NH2+]1,-35.8,0
M2R-decoy_4218,COc1ccc(Cn2c(CCc3ccccc3)nnc2[C@@H](Cc2c[nH]c3ccccc23)NC(=O)c2ccc(N3CCCC3)cn2)cc1,-35.79,0
M2R-decoy_3300,Cc1ccccc1Cn1cc(COC(=O)N(C)Cc2ccccc2)nn1,-35.79,0
M2R-decoy_5837,CCOc1ccc2nc(N3C(=O)/C(=C/c4ccc(Cl)cc4)NC3=S)sc2c1,-35.79,0
M2R-decoy_7008,COc1ccc(C#Cc2ccc3c(c2)O[C@@H](CN(C)C(=O)Nc2cccc(OC)c2)[C@H](C)CN([C@@H](C)CO)S3(=O)=O)cc1,-35.79,0
M2R-decoy_9090,Cc1cc(C)c(S(=O)(=O)N(Cc2ccc(c3cccc(S(C)(=O)=O)c3)cc2)Cc2ccc(F)cc2Cl)c(C)c1,-35.79,0
M2R-decoy_108,CCCCC(OC(=O)CCl)c1ccccc1C(=O)Oc1ccc(/C=C/C(=O)OCCO[N+](=O)[O-])cc1OC,-35.78,0
M2R-decoy_10882,c1ccc(n2ncc3c(N4CCN(c5ccccn5)CC4)nc(N4CCCCCC4)nc32)cc1,-35.78,0
M2R-decoy_6035,Cc1nn(c2ccccc2)c(C)c1/C=N/NC(=O)CSc1nc2ccccc2c(=O)n1c1ccc(Br)cc1,-35.78,0
M2R-decoy_721,O=c1[nH]c(=O)n(COCCO)c(I)c1Cl,-35.78,0
M2R-decoy_9089,Cc1cc2ccccc2nc1c1cn(CCC(F)(F)C(F)(F)C(F)(F)C(F)(F)C(F)(F)C(F)(F)C(F)(F)C(F)(F)F)nn1,-35.78,0
M2R-decoy_3572,O=S(=O)(Cc1cccc(F)c1)NCC(O)Cc1ccccc1,-35.77,0
M2R-decoy_4442,O=C(N[C@H](COC(=O)[C@H](Cc1ccccc1)NC(=O)c1cccs1)Cc1ccccc1)c1ccccc1,-35.77,0
M2R-decoy_6206,CC(C)NC(=O)N1CCN(C(=O)C(Cc2c[nH]c3ccccc23)NC(=O)Nc2cccc(Cl)c2Cl)CC1C,-35.77,0
M2R-decoy_6934,Cc1ncnc(C)c1C(=O)N1CCC(C)([NH+]2CCC(/C(=N\OCC3CC3)c3ccc(Br)cc3)CC2)CC1,-35.77,0
M2R-decoy_7703,Fc1ccc(Nc2nc(Nc3ccc(F)cc3)nc(c3cn(c4ccccc4c4nc(c5ccc(F)cc5)c(c5ccc(F)cc5)o4)nn3)n2)cc1,-35.77,0
M2R-decoy_6769,CSc1ncc(Cl)c(C(=O)Nc2ccc3c(c2)-c2c(c(C(N)=O)nn2c2ccc4c(c2)OCO4)CC3)n1,-35.77,0
M2R-decoy_9932,CC1=C(C(=O)Nc2ccc(F)cc2)C(c2ccc([N+](=O)[O-])cc2)n2c(s/c(=C/c3ccc(Cl)cc3Cl)c2=O)=N1,-35.75,0
M2R-decoy_11419,O=C(Cn1c(=O)sc2ccccc21)Nc1ccc(S(=O)(=O)N2CCCC2)cc1,-35.74,0
M2R-decoy_4971,CN(CCc1ccccc1)C(=O)CN(Cc1ccc(OCc2ccccc2)cc1)C(=O)[C@H](Cc1c[nH]cn1)NC(=O)OCc1ccccc1,-35.72,0
M2R-decoy_504,Cc1cc(Nc2cc(O)nc(O)n2)ccc1Br,-35.71,0
M2R-decoy_10828.1,O=C1O[C@@H](C/N=C(/S)C(F)F)CN1c1cc(F)c(C2C=CS(=O)(=O)CC2)c(F)c1,-35.7,0
M2R-decoy_4484,COc1ccc(OCCCC(=O)N(C)CC(=O)Nc2c(C)cccc2C)cc1,-35.7,0
M2R-decoy_5858,Fc1ccccc1NCn1nc(c2ccc3ccccc3n2)oc1=S,-35.7,0
M2R-decoy_6811,COc1ccc([C@H]2C[C@@H](O)[C@H](n3cc(COC(=O)c4ccccc4)nn3)CN2C(=O)c2cccs2)cc1,-35.7,0
M2R-decoy_10507,CCOC(=O)c1cc2cc(Br)cc(Br)c2oc1=O,-35.69,0
M2R-decoy_1709,CC(=O)Oc1ccccc1C(=O)Oc1ccccc1/C=C/C(=O)c1ccc(C#N)cc1,-35.69,0
M2R-decoy_3607.1,C[NH+]1CCC[C@H]1COc1cnc(Cl)c(OCc2ccnc(F)c2)c1,-35.69,0
M2R-decoy_7169.1,C[C@H]1CCCCO[C@@H](C[NH+](C)Cc2ccc(C(F)(F)F)cc2)[C@@H](C)CN([C@H](C)CO)C(=O)c2cc(NC(=O)NC3CCCCC3)ccc2O1,-35.69,0
M2R-decoy_1476,O=S(=O)(NCC(O)/C=C/c1ccccc1)c1ccc(Cl)cc1,-35.68,0
M2R-decoy_2538.1,O=C1NC(=O)/C(=C/c2cnn3c(NC4CC4)nc(N[C@H]4CC[C@H](NS(=O)(=O)CCC(F)(F)F)CC4)nc23)N1,-35.68,0
M2R-decoy_3657,CN(C)c1ccc(C(=O)NCCC/C=C/C(=O)Nc2ccccc2N)cc1,-35.68,0
M2R-decoy_4723,CC(=O)N[C@@H](C)c1ccc(O[C@@H]2CCN(c3ccnc(O[C@H]4CCOC4)c3)C2)cc1,-35.68,0
M2R-decoy_1167,Cc1cc(C)nc(NC(=S)N2CCN(c3cccc(C#N)c3)CC2)c1,-35.67,0
M2R-decoy_9807,C[C@]12C[C@H](O)[C@H]3[C@@H](CCC4=CC(=O)CC[C@@]43C)[C@@H]1CC[C@]2(OC(=O)c1ccco1)C(=O)CSc1nc2ncccc2s1,-35.66,0
M2R-decoy_10616,O=C(c1ccc(Cl)cc1Cl)N1CCn2c(nnc2c2ccncn2)C1,-35.65,0
M2R-decoy_10213,O=C(S[C@]12CC[C@H](O)[C@H]1C(=O)NC2=O)c1ccc(F)cc1,-35.65,0
M2R-decoy_2301,CCSCCSc1nnc(c2ccc([N+](=O)[O-])cc2)s1,-35.65,0
M2R-decoy_3130,COCCn1c(C)cc(C(=O)COC(=O)c2ccc3ncsc3c2)c1C,-35.65,0
M2R-decoy_6322,CC(C)(NC(=O)c1ccc(S(N)(=O)=O)cc1)C(=O)O[C@H]1CC[C@H]2[C@@H]3CCc4cc(O)ccc4[C@H]3CC[C@]12C,-35.64,0
M2R-decoy_7138,CC(=O)Nn1c(Cc2c(NC(=O)c3ccccc3)sc3c2CCCC3)nnc1SCC(=O)N/N=C/c1ccccc1,-35.64,0
M2R-decoy_1265,O=C(Cc1ccc(O)cc1)N/N=C1\C(=O)Nc2cc(Cl)ccc21,-35.63,0
M2R-decoy_2829,COC(=O)c1ccc(/C=C/C(=O)N(Cc2ccccc2)Cc2ccccc2[N+](=O)[O-])cc1,-35.63,0
M2R-decoy_10436,CC(=O)OCc1ccc2oc(=O)c(C(=O)Oc3cccc(Br)c3)cc2c1,-35.62,0
M2R-decoy_5514,CCCn1c(=O)c2nc(c3ccc(OCC(=O)c4ccc(I)cc4)cc3)[nH]c2n(CCC)c1=O,-35.62,0
M2R-decoy_6801,NS(=O)(=O)c1ccc(NC(=O)CSc2nnc(N3C(=O)CSC3c3ccc(Cl)cc3)s2)cc1,-35.62,0
M2R-decoy_6789,C[C@H]1CN([C@H](C)CO)C(=O)c2cccc(NC(=O)c3ccncc3)c2O[C@H]1CN(C)C(=O)Nc1ccccc1,-35.61,0
M2R-decoy_10589,O=C(Nc1cccc2cnccc12)N1CCN(c2ccnc(Cl)n2)CC1,-35.59,0
M2R-decoy_6568,NC1=[NH+]C2(CCS1)c1cc(NC(=O)c3ncc(Cl)cc3F)ccc1Oc1c2cc(C2=CCOCC2)nc1F,-35.59,0
M2R-decoy_10930,CCCCN(CC)c1nc(C)nc2c1nnn2c1ccc(Br)cc1Br,-35.58,0
M2R-decoy_3442,CSc1c(SCc2ccccc2)cnn(c2ccccc2)c1=O,-35.58,0
M2R-decoy_3208,Fc1ccc(C(CCCn2nnc(c3cccnc3)n2)c2ccc(F)cc2)cc1,-35.57,0
M2R-decoy_6045,O=C(c1cccc(Cc2nnc(O)c3ccccc23)c1)N1CCCN(S(=O)(=O)c2ccc(c3ccccc3)cc2)CC1,-35.57,0
M2R-decoy_10991,Clc1ccc(C2ON=C(c3ccc(C4=NOC(c5ccc(Cl)cc5)O4)cc3)O2)cc1,-35.55,0
M2R-decoy_1769,Cc1cc(C)n(CCc2nc3c4ccccc4nc(SCc4ccc(Cl)cc4)n3n2)n1,-35.55,0
M2R-decoy_2244.1,CC(C)c1nccn1CC(O)COc1ccc(F)cc1C(=O)CCc1ccc(F)cc1,-35.54,0
M2R-decoy_6325,Cc1nn(c2ccc(S(N)(=O)=O)cc2)c(Cl)c1C1CC(c2ccc(F)cc2)=NN1c1ccc(S(N)(=O)=O)cc1,-35.54,0
M2R-decoy_10762,O=c1c(Br)c(OCc2ccc(F)cc2F)cnn1c1c(Cl)cncc1Cl,-35.53,0
M2R-decoy_6554,Cc1cccc2nc([C@H](C)Nc3ncnc(N)c3C#Cc3ccc(F)cn3)n(c3cccc(CN(C)S(C)(=O)=O)c3)c(=O)c12,-35.53,0
M2R-decoy_9837.1,O=C(CCCCc1cn(c2ccnc3cc(Cl)ccc32)nn1)N1CCN(c2c3c(nc4cc(Cl)ccc24)CCCC3)CC1,-35.53,0
M2R-decoy_5605,CC(C)C[C@H](NC(=O)OCc1ccccc1)C(=O)NCCNc1ccc(OCc2ccccc2)cc1,-35.52,0
M2R-decoy_10794,O=C(c1cc2ccccc2o1)N1CCN(S(=O)(=O)/C=C/c2ccccc2)CC1,-35.5,0
M2R-decoy_10005,C[NH+]1C2(c3ccccc3)C(C(=O)c3ccccc3)=C(C(=O)c3ccccc3)C1(c1ccccc1)c1c2c(c2ccccc2)sc1c1ccccc1,-35.5,0
M2R-decoy_1983,COc1cc(COCc2cn(Cc3cc(c4ccc(C)cc4)cnc3N3CCOCC3)nn2)cc(OC)c1OC,-35.5,0
M2R-decoy_7083.1,Cc1cc(c2c(O)cccc2F)cc2nnc(Nc3ccc(S(=O)(=O)NCC[NH+]4CCCC4)cc3)nc12,-35.5,0
M2R-decoy_7735,CC1(C)CC(=O)C2=C(C1)N(c1ccc(Cl)cc1)CN(c1ccc(OCC(=O)N/N=C/c3cccc(Br)c3)cc1)C2,-35.5,0
M2R-decoy_259.1,N#Cc1nc(C2=C(Cl)c3ccccc3OC2)[nH]c1C#N,-35.49,0
M2R-decoy_6929,CC[C@@]1(OC(=O)CCCNC(=S)NC(=O)c2ccc(F)cc2)C(=O)OCc2c1cc1n(c2=O)Cc2cc3ccccc3nc2-1,-35.49,0
M2R-decoy_826,FC(F)(F)c1ccn2c(ncc2c2ccnc(Cl)n2)n1,-35.49,0
M2R-decoy_5833,CC1(C)CC(=O)C/C(=N/NC(=O)COc2ccc3ccccc3c2Br)C1,-35.48,0
M2R-decoy_6270,CC(=O)O[C@H]1C[C@H]2[C@@H](OC(C)=O)CC3C[C@](C)(C(=O)[C@H](O)C(=C1C)C2(C)C)[C@@H](O)C[C@@H]3OC(=O)/C=C/c1ccccc1,-35.47,0
M2R-decoy_633,Cc1nn(C)c(C(=O)NC(=S)Nc2ccccc2O)c1Cl,-35.47,0
M2R-decoy_7259,CC(=O)[C@H]1CC[C@H]2[C@@H]3CC=C4C[C@@H](OC(=O)NCCNC(=O)/C(C#N)=C/c5ccc(Br)cc5)CC[C@]4(C)[C@H]3CC[C@]12C,-35.47,0
M2R-decoy_10303,O=C(c1ccc(F)cc1)N1CCn2c(nnc2c2cccc(C(F)(F)F)n2)C1,-35.46,0
M2R-decoy_4714,CCCn1c(=O)c2c(nc3n2CCCN3Cc2cccc(OC)c2)n(CCC)c1=O,-35.46,0
M2R-decoy_5889.1,CCSc1nnc(NC(=O)CSc2nnc(Cc3cccn3C)n2CCc2ccccc2)s1,-35.46,0
M2R-decoy_8080,CC(C)[C@@H]1NC(=O)[C@]2(C)CSC(=N2)c2csc(n2)CNC(=O)C[C@@H](/C=C/CCSSC[C@H](NC(=O)OC(C)(C)C)C(=O)OC(C)(C)C)OC1=O,-35.46,0
M2R-decoy_8108,C[C@@]12CC[C@@H]3O[C@H](CO)[C@@H](O)C[C@H]3O[C@H]1C[C@H]1O[C@H]3CC[C@@]4(C)O[C@H]5C[C@@H](OCc6ccccc6)[C@H](CCOCc6ccccc6)O[C@@H]5C[C@@H]4O[C@@H]3C[C@@H]1O2,-35.46,0
M2R-decoy_10745,O=C(/C=C/c1ccc(Cl)cc1Cl)N1CCN(c2ccccc2[N+](=O)[O-])CC1,-35.45,0
M2R-decoy_11302,CCC(=O)N1CCc2cc(S(=O)(=O)N3CCN(C(=O)c4ccco4)CC3)ccc21,-35.45,0
M2R-decoy_6433,O=C(/C=C/c1ccc(C(O)(O)C(F)(F)F)cc1)Nc1ccc(c2nc3ccc([N+](=O)[O-])cc3n2O)cc1,-35.44,0
M2R-decoy_7143,COc1ccc(S(=O)(=O)N(C)C[C@@H]2Oc3ncc(c4cc5ccccc5o4)cc3C(=O)N([C@H](C)CO)C[C@@H]2C)cc1,-35.44,0
M2R-decoy_8129,CC(=O)OC[C@]1(C)[C@@H](OC(C)=O)[C@H](OC(C)=O)C[C@@]2(C)[C@H]1CC[C@]1(C)[C@@H]2CC=C2[C@@H]3[C@@H](C)[C@H](C)CC[C@]3(C(=O)NCc3cn(c4ccc(Cl)cc4)nn3)CC[C@]21C,-35.44,0
M2R-decoy_9191,O=C(/C=C/c1cc(O)c(O)c(Br)c1)NC12CC3CC(CC(C3)C1)C2,-35.44,0
M2R-decoy_7476,CC(C)(C)c1cc(N2C(=O)c3c(Br)c(Br)c(Br)c(Br)c3C2=O)no1,-35.43,0
M2R-decoy_10609,Cn1c([N+](=O)[O-])cnc1/C=C1\Oc2ccc(I)cc2C1=O,-35.42,0
M2R-decoy_2060,CCOc1cc2ncnc(Nc3cccc(c4csc(N(C)C)n4)c3)c2cc1OCC,-35.42,0
M2R-decoy_3184,Cc1ccc(OCc2nnc(SC3CCCC3)n2c2cccnc2)cc1Cl,-35.42,0
M2R-decoy_8928,C=CCN(C(=O)OCc1ccc([N+](=O)[O-])cc1)C1CC[NH+](CCC(Cn2cnc3ccccc32)c2ccccc2)CC1,-35.42,0
M2R-decoy_2772,O=c1cc(OCCCn2cc(CSc3nnc(c4ccccc4)c(c4ccccc4)n3)nn2)c2ccccc2o1,-35.41,0
M2R-decoy_11450,CC1(C)C(=O)N(c2ccc(S(=O)(=O)C(F)(F)F)cc2)C(=O)N1Cc1ccnc2ccccc12,-35.4,0
M2R-decoy_514,CSC(=S)N/N=C/c1ccc(Br)cn1,-35.4,0
M2R-decoy_7410,N#CN/C(=[NH+]/Cc1cc[n+]([O-])cc1)N1CCC(=C2c3ccc(Cl)cc3CCc3cc(Br)cnc32)CC1,-35.4,0
M2R-decoy_8890,CCC/C(=N\NC(=O)c1cc2ccccc2cc1O)C(CC)C(=O)CCC(=O)N(Cc1ccccc1)Cc1ccccc1,-35.4,0
M2R-decoy_2562,COc1cc2ncnc(Nc3ccc(F)c(Br)c3)c2cc1OCCC[NH+]1CC[NH2+]CC[NH2+]CC1,-35.39,0
M2R-decoy_9035,CNc1ccc(n2nc(c3ccc(OCCCC[P+](c4ccccc4)(c4ccccc4)c4ccccc4)cc3)c3ccccc3c2=O)cc1,-35.38,0
M2R-decoy_1256,NC(=O)C1CCN(C(=O)/C=C/c2cc(Br)ccc2F)CC1,-35.37,0
M2R-decoy_4251,CCOC(=O)c1ccc(NC(=O)CSc2nnc(COc3ccc(NC(C)=O)cc3)n2Cc2ccccc2)cc1,-35.37,0
M2R-decoy_2214,COC(=O)/C=C/[C@H](CCc1ccccc1)NC(=O)[C@H](CC(C)C)NC(=O)OCc1ccc([N+](=O)[O-])cc1,-35.36,0
M2R-decoy_10867,CS(=O)(=O)c1ccc(OCc2nnc3sc(c4cccc(Cl)c4Cl)nn23)cc1,-35.35,0
M2R-decoy_5152,CN1C(=O)COc2ccc(OC[C@@H]3CO[C@](Cn4ccnc4)(c4ccc(Cl)cc4Cl)O3)cc21,-35.35,0
M2R-decoy_641,Cc1cc(C(C)(O)C#Cc2cc(n3ccc4cnc(N)nc43)ccn2)no1,-35.35,0
M2R-decoy_3153,O=S1(=O)N(Cc2cccnc2)CCN1Cc1cccc(Oc2ccccc2)c1,-35.34,0
M2R-decoy_7866,O=C(c1ccccn1)[C@]12Cc3cnn(c4ccc(F)cc4)c3C=C1CCN(S(=O)(=O)c1ccc(C(F)(F)F)c(F)c1)C2,-35.33,0
M2R-decoy_10884,CC(=O)N1CCN(c2ccc3c(c2)CCCN3S(=O)(=O)N(C)Cc2ccc(Cl)cc2)CC1,-35.32,0
M2R-decoy_10323,Cn1c(=O)c2sccc2n2c(=O)n(Cc3ccc(Cl)cc3)nc12,-35.32,0
M2R-decoy_3244,Cc1ccc(OCC(=O)N(Cc2nc(c3ccc(Cl)cc3)no2)C(C)C)cc1,-35.32,0
M2R-decoy_7725.1,CC(=O)O[C@H]1C[C@H]2[C@H]([C@@H]3CC[C@H]([C@H](C)CCCNc4ccnc5cc(Cl)ccc45)[C@@]13C)[C@H](OC(C)=O)C[C@@H]1C[C@H](OC(C)=O)CC[C@@]12C,-35.32,0
M2R-decoy_9107,Cc1nc(N[C@](Cc2ccccc2)(c2cc(F)cc(OC(F)(F)C(F)F)c2)c2ccc(Cl)cn2)sc1C,-35.32,0
M2R-decoy_3983,CC(C)[C@H](NC(=O)OCc1ccccc1)C(=O)NC(Cc1ccc(OCc2ccccc2)cc1)C(=O)C(F)(F)C(=O)N1CCOCC1,-35.31,0
M2R-decoy_9783,CC1(C)O[C@@H]2[C@@H](O1)[C@@H](Cc1ccccc1)N(CC#Cc1cnc3ccccc3c1)C(=O)N(CC#Cc1cnc3ccccc3c1)[C@@H]2Cc1ccccc1,-35.31,0
M2R-decoy_2944,COc1ccc(c2ccc(c3nnc(c4cc(OC)ccc4OC)o3)cc2)cc1,-35.3,0
M2R-decoy_5867,COc1cccc(Nc2nc(c3ccc4c(c3)OCCO4)cs2)c1,-35.28,0
M2R-decoy_669,O=C(NC(=S)NNC(=O)c1cccs1)c1ccc(Br)o1,-35.28,0
M2R-decoy_2042,Cc1cc(C)c(S(=O)(=O)N(Nc2ccccc2)C(=O)Oc2ccc(OCc3ccccc3)cc2)c(C)c1,-35.27,0
M2R-decoy_2954,COc1cccc(OCCOc2cccc(/C=c3\sc4nc5ccccc5n4c3=O)c2)c1,-35.26,0
M2R-decoy_3187,CO/N=C(/COc1ccc2c(=O)c(c3ccccc3)coc2c1)c1ccccc1,-35.26,0
M2R-decoy_10818,ClC1=C(Cn2cc(COc3cccc4cccnc34)nn2)CCOc2ccccc21,-35.25,0
M2R-decoy_2887,COCCc1nnc(c2ccn3c(c2)ncc3c2cccc(NC(=O)NCC(F)(F)F)c2)s1,-35.25,0
M2R-decoy_8395,CC(/C=C/C(=O)[O-])=N\OC(c1ccc(OCc2ccc3ccccc3n2)cc1)c1ccc(OCc2ccc3ccccc3n2)cc1,-35.25,0
M2R-decoy_4673.1,CC(=O)N[C@@H](C)c1ccc(O[C@@H]2CCN(c3ccnc(N(C)C(C)C)n3)C2)cc1,-35.24,0
M2R-decoy_3314,Cc1ccc(COc2ccc(C3=NN(CCC#N)C(=O)CO3)cc2)cc1,-35.24,0
M2R-decoy_5316,S=C(NCCCN(Cc1ccc(Cl)c(Cl)c1)c1ccc(Br)cn1)NCCCn1ccnc1,-35.24,0
M2R-decoy_8241,COc1ccc(OCc2nnc(SCC(=O)Nc3ccc(C(N)=O)cc3)n2CCc2ccccc2)cc1,-35.24,0
M2R-decoy_11393,COc1ccc(/C=N/NC(=O)c2c(C)nc3ccc(Br)cn23)cc1OC,-35.23,0
M2R-decoy_2150,COc1cc(c2cc(COCc3cn(Cc4cc(c5ccc(C)cc5)cnc4N4CCSCC4)nn3)on2)cc(OC)c1OC,-35.23,0
M2R-decoy_1648,Clc1cccc(C#CCSc2nsnc2C23C[NH+]4CC2C3C4)c1,-35.23,0
M2R-decoy_11064,CC(C)c1nnc2c(SCC(=O)Nc3ccc(Br)cc3F)nc3ccccc3n12,-35.22,0
M2R-decoy_11421,O=C(CSc1nc2ccccc2[nH]1)N1CCN(S(=O)(=O)c2ccc(Cl)cc2)CC1,-35.22,0
M2R-decoy_10307,Clc1cccc(C2=Nn3c(nnc3c3ccncc3)SC2)c1,-35.22,0
M2R-decoy_1872,O=S(=O)(NCc1ccccc1)c1ccc(S(=O)(=O)N(Cc2ccc(Cl)cc2)Cc2ccco2)cc1,-35.22,0
M2R-decoy_1676,Fc1ccc(c2nnc(SCc3cn(Cc4ccccc4)nn3)o2)cc1,-35.22,0
M2R-decoy_5701,CCCC[NH+](CCCC)CCCNc1nc(NC2CC3CCC2C3)nc(NC23CC4CC(CC(C4)C2)C3)n1,-35.22,0
M2R-decoy_9806,CC(=O)[C@H]1CC[C@H]2[C@@H]3CC=C4C[C@@H](OC(=O)NCCNC(=O)/C(C#N)=C/c5ccc([N+](=O)[O-])cc5)CC[C@]4(C)[C@H]3CC[C@]12C,-35.22,0
M2R-decoy_1553,Cn1cc(C=CC(=O)c2cccc(F)c2)cc1C=CC(=O)NO,-35.21,0
M2R-decoy_7840,O=C(NCc1ccccc1Br)c1cccc2c1C(=O)c1ccc(c3ccc(OC(F)(F)F)cc3)cc1S2(=O)=O,-35.21,0
M2R-decoy_10746,CC(Cc1ccccc1)Oc1ccc2c(c1)n1ncc(I)c1n[n+]2[O-],-35.2,0
M2R-decoy_2950,CCOC(=O)c1c(C)oc2ccc(OC(=O)COc3c(F)c(F)c(F)c(F)c3F)cc12,-35.2,0
M2R-decoy_10318,O=[N+]([O-])c1ccc2c(c1)S(c1ccc(Br)cc1)=NS2(=O)=O,-35.19,0
M2R-decoy_2008,COc1ccc(N(CCC(=O)Nc2ccccc2F)S(=O)(=O)c2ccc(C)cc2C)cc1,-35.19,0
M2R-decoy_419,Clc1ncc(C#Cc2ccccc2)c2ncncc12,-35.19,0
M2R-decoy_5543,Nc1ccccc1NC(=O)CCCCCCC(=O)NOCc1ccccc1,-35.19,0
M2R-decoy_6954,NC(=O)c1nn(c2ccc(S(N)(=O)=O)cc2)c2c1CCc1ccc(NC(=O)c3cccc(Br)c3)cc1-2,-35.19,0
M2R-decoy_6987,C=C1C(=O)[C@@]23[C@@H](CC[C@@H]1[C@H]2OC(=O)c1cn(c2ccc(C)cc2)nn1)[C@@]12CO[C@]3(O)[C@@H](O)[C@@H]1C(C)(C)CC[C@@H]2O,-35.19,0
M2R-decoy_9217,CC(C)(C)c1cc(/C=N/NC(=O)c2ccccc2O)c(O)c(C(C)(C)C)c1,-35.19,0
M2R-decoy_8912,C/C(=N\OCCCC(C)(c1ccc(OCc2ccc3ccccc3n2)cc1)c1ccc(OCc2ccc3ccccc3n2)cc1)C(=O)[O-],-35.18,0
M2R-decoy_9284,O=[N+]([O-])c1ccc(c2csc(N3N=C(c4cccs4)CC3c3cc4c(cc3Br)OCO4)n2)cc1,-35.18,0
M2R-decoy_11440,COC(=O)C1(CC2CC(c3cccc(Br)c3)=NO2)CCN(C(=O)OC(C)(C)C)CC1,-35.17,0
M2R-decoy_3413,CCN(CC)c1ccc(/C=C2\Oc3cc(C(C)=O)ccc3C2=O)cc1,-35.16,0
M2R-decoy_3157,CCn1c(=O)nc(Cc2ccc(OC(C)C)cc2)n(Cc2ccc(Cl)cc2)c1=O,-35.15,0
M2R-decoy_5449,COC1CCN(S(=O)(=O)c2ccc(Oc3cc(OCC=C(C)C)cc(C(=O)Nc4ncc(F)s4)c3)cc2)CC1,-35.15,0
M2R-decoy_5476,CCCn1cc2c(nc(NC(=O)Nc3ccc(N(CCCl)CCCl)cc3)n3nc(c4ccco4)nc23)n1,-35.15,0
M2R-decoy_7756,CC(Sc1nnc2c3ccccc3n(Cc3ccccc3)c2n1)C(=O)N1CCN(C(=O)C(c2ccccc2)c2ccccc2)C(C)C1,-35.15,0
M2R-decoy_2786,COc1cc(OCc2cccc(OCc3ccccc3OC(F)(F)F)c2)c2cc(c3cn4nc(OC)sc4n3)oc2c1,-35.14,0
M2R-decoy_1655,CC(=O)OC(C)Cn1cnc2c(Cl)nc(I)nc21,-35.14,0
M2R-decoy_11284,O=C(Cc1ccccc1F)N1CCN(S(=O)(=O)c2ccc(Cl)cc2)CC1,-35.13,0
M2R-decoy_4933,CS(=O)(=O)CC[NH+](CC#N)Cc1ccc(c2ccc3ncnc(Nc4ccc(OCc5cccc(F)c5)c(Cl)c4)c3c2)o1,-35.13,0
M2R-decoy_10568,Cc1nnsc1C(=O)Nc1nc2c(Br)cccc2o1,-35.12,0
M2R-decoy_5287,COc1ccc(COC(=O)[C@H](CSCC2CCCCC2)NC(=O)[C@@H]2CSCN2C(=O)OC(C)(C)C)cc1,-35.12,0
M2R-decoy_9125,O=C(NC(=S)N1CCc2c(OCCCCCOc3ccc(Cl)cc3)cccc21)c1ccc(Br)cc1,-35.12,0
M2R-decoy_8077,COc1ccc(S(=O)(=O)N2Cc3cc(c4ccnc(OC)c4)ccc3N(Cc3cncn3C)C[C@H]2Cc2ccc(OCc3ccccc3)cc2)cc1,-35.11,0
M2R-decoy_3881,COc1ccc(CNc2cc(OCc3ccccn3)ccc2C(=O)c2cc(OC)c(OC)c(OC)c2)cc1Cl,-35.09,0
M2R-decoy_1073,OC[C@H]1C[C@@H](n2cnc3c(SCc4c(F)cccc4Cl)ncnc32)[C@H](O)[C@@H]1O,-35.08,0
M2R-decoy_8155,CC(=O)OC1C(COC(=O)c2ccccc2)OC(Nc2ncc(c3ccc(Br)cc3)s2)C(OC(=O)c2ccccc2)C1OC(=O)c1ccccc1,-35.08,0
M2R-decoy_11342,Cc1cc(C)n2nc(C(=O)Nc3cc(S(=O)(=O)N4CCCCC4)ccc3C)nc2n1,-35.07,0
M2R-decoy_1793,O[C@@H]1CO[C@@H](Cn2cnc3c(NCc4cccc(Br)c4)ncnc32)[C@@H]1O,-35.07,0
M2R-decoy_1439,c1ccc(COc2ccc(C(C3CC3)n3cncn3)cc2)cc1,-35.07,0
M2R-decoy_7111,O=C(N[C@@H]1C(Cn2cnc3c(NCc4cccc5ccccc45)ncnc32)OC(CO)[C@@H]1O)c1ccc(c2ccccc2)cc1,-35.07,0
M2R-decoy_764.1,O=C1Nc2ccc(Cl)cc2/C1=C1/Nc2ccc(F)cc2/C1=N/O,-35.07,0
M2R-decoy_11352,O=C1C[C@H](NC(=O)C2(C(=O)NNC(=O)c3cccc4ccccc34)CCC2)C(O)O1,-35.06,0
M2R-decoy_3747.1,CCCCCCCc1cc2c(=O)n(CCCSc3nc(c4cc(OC)c(OC)c(OC)c4)c(C#N)c(=O)[nH]3)cnc2s1,-35.06,0
M2R-decoy_5653.1,[O-][S+](CCCCCCCSc1ncc(Cc2cccnc2)c(O)n1)c1ccc(Cl)cc1,-35.06,0
M2R-decoy_10365,O=C(/C=C/c1ccc(Br)cc1)N1CCN(C(=O)c2ccccc2)CC1,-35.05,0
M2R-decoy_3411,O=C(CCCC#Cc1ccccc1)c1ncc(c2ccccn2)o1,-35.05,0
M2R-decoy_9885,Cc1nc(N(C)C(=O)NC(=O)c2c(F)cccc2F)sc1C(=O)N/N=C/c1cc(C(F)(F)F)cc(C(F)(F)F)c1,-35.05,0
M2R-decoy_4538,CCOC(=O)CCc1sc(NC(=O)CSCCCc2ccccc2)nc1/C=C/c1ccccc1,-35.04,0
M2R-decoy_9891,CCOC(=O)CCCSc1nc2c(Br)c(Br)c(Br)c(Br)c2n1C,-35.04,0
M2R-decoy_4313,COC(=O)[C@H](Cc1ccc(O)cc1)NC(=O)C(=O)c1cn(Cc2cn(Cc3ccccc3)nn2)c2ccccc12,-35.03,0
M2R-decoy_11191,CC1CN(C(=O)c2ccccc2)CCN1C(=O)C(=O)c1ccc(n2cncn2)cc1,-35.02,0
M2R-decoy_11330,CC(C)(C)OC(=O)N1CCN(c2ncc(OCc3ccncc3C#N)cn2)CC1,-35.02,0
M2R-decoy_5967,Cc1ccc(C(C)C)c(OCc2nnc(SCC(=O)Nc3ccc([N+](=O)[O-])cc3)n2Cc2ccccc2)c1,-35.02,0
M2R-decoy_4923,CCc1ccc(/C=C2\SC(=O)N(CCCCCNC(=O)CNC(=O)c3ccc(Nc4ccc([N+](=O)[O-])c5nonc45)cc3)C2=O)cc1,-35.02,0
M2R-decoy_9298,Cn1c2ccccc2nc1c1cccc(N2CCc3sc(C(=O)N4CCN(c5ccccc5F)CC4)cc3C2)c1,-35.02,0
M2R-decoy_9444,CC(C)C[C@@H](C=O)NC(=O)[C@@H](NS(=O)(=O)c1ccc(/C=C/c2ccccc2)cc1)C(C)C,-35.02,0
M2R-decoy_4692,CCOC(=O)Cn1c(=O)oc2cc(S(=O)(=O)NC(C)c3ccccc3)ccc21,-35.01,0
M2R-decoy_6118.1,O=c1cc(c2ccc3c(c2)OCCO3)oc2cc(OCCCCCCO[N+](=O)[O-])cc(O)c12,-35.0,0
M2R-decoy_6248,COc1cccc(NC(=O)N(C)C[C@@H]2Oc3cc(C#Cc4ccccc4)ccc3S(=O)(=O)N([C@H](C)CO)C[C@@H]2C)c1,-35.0,0
M2R-decoy_10689,CS(=O)(=O)c1cccc(C#Cc2ccc(=O)n(C(F)F)c2)c1,-34.99,0
M2R-decoy_10919,CC1(C)C(=O)N(c2ccc(SC(F)(F)F)cc2)C(=O)N1Cc1ccnc(N2CCOCC2)c1,-34.99,0
M2R-decoy_6286,CNC(=O)c1c2cc(c3cnc4c(c3)C(=O)NC(C3CC3)N4)c(N(C)S(C)(=O)=O)cc2oc1c1ccc(F)cc1,-34.99,0
M2R-decoy_808,CC(=O)N1N=C(c2ccc3c(c2)OCCO3)OC1c1cccc(F)c1,-34.99,0
M2R-decoy_9702,CCNC(=O)Nc1nc2cc(c3cccnc3)cc(C(N)=O)n2n1,-34.99,0
M2R-decoy_1806,NC(=O)c1ccc(N/C(NC(=O)c2ccc(Br)cc2)=[NH+]\C(=O)c2ccccc2)cc1,-34.98,0
M2R-decoy_2177,O=C1C=C[C@@H](OCc2ccccc2)[C@@H]([C@@H](COC(=O)/C=C/c2ccc([N+](=O)[O-])cc2)OCc2ccccc2)O1,-34.98,0
M2R-decoy_26,O=c1cc(Cn2cnc3ccccc32)nc2sccn12,-34.98,0
M2R-decoy_2982,Cc1ccc(S(=O)(=O)N2C(=O)[C@@H](Cc3ccccc3)[C@H]2COC(=O)c2ccccc2)cc1,-34.98,0
M2R-decoy_3081,CCC1(CC)C(=O)N(c2ccc(CSc3nnc(c4ccccc4)o3)cc2)C1=O,-34.97,0
M2R-decoy_3596.2,CC[NH+](CCn1cccn1)Cc1nc(c2cccs2)oc1C,-34.97,0
M2R-decoy_5977,CC1Cc2c(OCc3ccc(c4ccccc4)cn3)ccc3c2c(c(CCOCC(=O)[O-])n3Cc2ccc(Cl)cc2)S1,-34.97,0
M2R-decoy_1483,Cc1ccc(C(=O)/C=C/c2ccc(O)c(OCCC[NH+](C)C)c2)cc1,-34.96,0
M2R-decoy_2910.1,CN(C)S(=O)(=O)CCc1ccc(NC(=O)c2nc(C#N)c[nH]2)c(C2=CCC(C)(C)CC2)c1,-34.96,0
M2R-decoy_3670,COCCn1c(SCC(=O)c2ccc(F)cc2)nnc1C(C)C,-34.96,0
M2R-decoy_8615,CCO/N=C1/C(=O)N(CCn2cc(COc3ccc4oc(c5ccc(OC)cc5)c(C(=O)OCC)c4c3)nn2)c2ccc(Br)cc21,-34.96,0
M2R-decoy_9228,N#CC(=C(/N)Sc1ccccc1F)/C(C#N)=C(\N)Sc1ccccc1F,-34.96,0
M2R-decoy_10537,O=C(c1cnc2n(c1=O)CCS2)N1CCN(c2ccc(Cl)c(Cl)c2)CC1,-34.95,0
M2R-decoy_10843,O=S(=O)(c1ccc2nncn2c1)N(Cc1cc(F)cc(F)c1)c1ccc(F)c(F)c1,-34.95,0
M2R-decoy_3810,CCCNc1nc(/C=C/c2cc(OC)c(OC)c(OC)c2)cc(/C=C/c2cc(OC)c(OC)c(OC)c2)n1,-34.95,0
M2R-decoy_6163,O=C(Nc1ncc(Br)s1)[C@@H]1[C@@H]2C=C[C@H]([C@H]1C(=O)NCCCc1nc3ccccc3[nH]1)C21CC1,-34.95,0
M2R-decoy_6652,Cn1nc(C(F)(F)F)cc1C(=O)Nc1ccc(S(=O)(=O)N2CCC(NC(=O)OC(C)(C)C)CC2)cc1,-34.95,0
M2R-decoy_9667,Nc1nc(Cl)c2ncn(CCC(CO)CO)c2n1,-34.95,0
M2R-decoy_6980,CC[C@@]1(OC(=O)CCNC(=S)NC(=O)c2ccc(Cl)cc2)C(=O)OCc2c1cc1n(c2=O)Cc2cc3ccccc3nc2-1,-34.94,0
M2R-decoy_7343,COc1ccccc1NC(=S)N1CCc2c(sc(NC(=O)c3ccccc3I)c2C(N)=O)C1,-34.94,0
M2R-decoy_2442,CCOC(=O)Cn1nc(/C=C/c2ccccc2)ccc1=O,-34.93,0
M2R-decoy_3616,CNC(=O)[C@@H]([NH2+]Cc1ccc(OCc2ccccc2)cc1)C(C)C,-34.93,0
M2R-decoy_5865,Fc1ccc(F)c(CNc2nnnn2c2cccc(Cl)c2Cl)c1Cl,-34.93,0
M2R-decoy_5878,COc1cc(/C=C/C(=O)N2CCN(c3ccc(F)cc3)CC2)ccc1O,-34.93,0
M2R-decoy_7055,O=C(N[C@@H](Cc1ccccc1)C(=O)OCc1ccccc1)c1[nH]cnc1C(=O)N1CCc2ccccc2C1,-34.93,0
M2R-decoy_10917,COc1cccc(n2c(SCC(=O)N3c4ccccc4CC3C)nnc2c2ccco2)c1,-34.92,0
M2R-decoy_21,CC(C)c1n[nH]c2c(NCc3ccccc3)ncnc12,-34.92,0
M2R-decoy_5366,CC(C)[C@@H](CNc1ccc(OC(F)(F)F)cc1)NC(=O)[C@H](CCCc1ccccc1)CC(=O)N1CCOCC1,-34.92,0
M2R-decoy_6296,O=C(NC[C@H]1CN(c2ccc(S(=O)(=O)N3CCOCC3)c(Cl)c2)C(=O)O1)c1ccc(Cl)s1,-34.92,0
M2R-decoy_8301,O=C(c1ccccc1)c1ccccc1N[C@@H](Cc1ccc(OCCOc2c(Cl)cccc2Cl)cc1)C(=O)[O-],-34.92,0
M2R-decoy_8906.1,C#CCCCCC(=O)OCCCNc1nc2cc(C)c(C)cc2n1CC(=O)c1cc(C(C)(C)C)c(O)c(C(C)(C)C)c1,-34.92,0
M2R-decoy_5822,O=c1n(CCCC2CCCC2)ccn1c1ccc(S(=O)(=O)Nc2ccc(CC[NH2+]C[C@H](O)c3cccnc3)cc2)cc1,-34.91,0
M2R-decoy_6312.2,CC(C)NC(=O)Nc1ccc2c(c1)C(=O)N([C@H](C)CO)C[C@H](C)[C@H](C[NH+](C)Cc1ccncc1)OCCCC[C@H](C)O2,-34.91,0
M2R-decoy_6593,CS(=O)(=O)Nc1c(F)ccc(C(=O)c2n[nH]c3ncc(c4ccc(S(N)(=O)=O)cc4)cc23)c1F,-34.91,0
M2R-decoy_11294,O=C(/C=C/c1ccc(F)cc1)N1CCN(S(=O)(=O)c2cccs2)CC1,-34.9,0
M2R-decoy_1446.2,Cc1cc(/C=C/C(=O)CC(=O)/C=C/c2ccc(O)cc2)ccc1O,-34.89,0
M2R-decoy_5711,CCNC(=O)C(=O)[C@H](Cc1ccc(Cl)cc1)NC(=O)[C@@H](NC(=O)CCCCC1CCSS1)C(C)C,-34.89,0
M2R-decoy_7193,C[C@H](c1nc2c(C3CC3)nccn2c1c1ccc(C#N)cc1)N(CC1CCS(=O)(=O)CC1)C(=O)Cc1cccc(C(F)(F)F)c1,-34.89,0
M2R-decoy_6472,CC(=O)N1CCN(c2ccc(CN(C3CCC3)S(=O)(=O)c3cccc(C(F)(F)F)c3)c(F)c2)CC1,-34.88,0
M2R-decoy_7045,COc1cc(OC)c(c2cn3ccc(N4CC[C@H]([NH2+]Cc5ccc([N+](=O)[O-])cc5)C4)cc3n2)cc1Cl,-34.88,0
M2R-decoy_5782,CCNC(=O)C(=O)[C@H](Cc1ccc(Br)cc1)NC(=O)[C@@H](NC(=O)CCCCC1CCSS1)C(C)C,-34.86,0
M2R-decoy_7551,O=c1c2ccc(S(=O)(=O)c3ccc4c(=O)n5c6ccccc6nc5c5cccc3c45)c3cccc(c32)c2nc3ccccc3n12,-34.86,0
M2R-decoy_9985,COc1cc([C@@H]2c3cc4c(cc3[C@@H](Nc3ccc(NC(=O)c5cc(NC(=O)c6cc([N+](=O)[O-])cn6C)cn5C)cc3)[C@H]3COC(=O)[C@@H]32)OCO4)cc(OC)c1O,-34.86,0
M2R-decoy_6239,Cc1cccc(C(=O)c2c(OCC(=O)Nc3ccc(S(N)(=O)=O)cc3C)ccc3cc(Br)ccc23)c1,-34.85,0
M2R-decoy_4666.1,O=C(N[C@H](Cc1c[nH]cn1)C(=O)N[C@@H](Cc1ccc(OCc2ccccc2)cc1)C(=O)NCCOCc1ccccc1)OCc1ccccc1,-34.84,0
M2R-decoy_5831,Cc1nc2ccccc2n1Cc1nnc(Nc2ccccc2Cl)s1,-34.84,0
M2R-decoy_6745,CCCS(=O)(=O)Nc1ccc(F)c(C(=O)c2c[nH]c3ncc(c4ccc(S(N)(=O)=O)cc4)cc23)c1F,-34.84,0
M2R-decoy_11310,C[C@H]1CN(c2nc(N3CCOCC3)c3sc(c4cncnc4)cc3n2)C[C@@H](C)O1,-34.83,0
M2R-decoy_10161,c1nc(NC2CCC[NH2+]C2)c2cc(c3cncs3)ccc2n1,-34.83,0
M2R-decoy_1701,CCOc1cccc(c2nnc3sc(COc4ccc(C)cc4)nn32)c1,-34.83,0
M2R-decoy_4327,O=C(NCc1ccco1)C(c1ccco1)N(CCc1ccccc1)C(=O)Cn1nnc2ccccc21,-34.83,0
M2R-decoy_7050,CS(=O)(=O)Nc1ccc(c2ccc3[nH]nc(c4cncc(O[C@H]5C[NH2+]CCC56CC6)n4)c3c2)c(F)c1,-34.83,0
M2R-decoy_11001,COc1ccc(N2C(=O)/C(=C/c3ccc4c(c3)c3ccccc3n4C)SC2=S)cc1OC,-34.82,0
M2R-decoy_11223,[O-][n+]1nc2c(I)cnn2c2cc(OCc3cccs3)ccc21,-34.82,0
M2R-decoy_3238,COc1cc(OC)c(C(=O)/C=C/c2cn(c3ccccc3)nc2c2ccsc2)c(OC)c1,-34.81,0
M2R-decoy_5455,CC(=O)Oc1ccc(/C=C/S(=O)(=O)CCc2ccc(NC(=O)c3ccc([N+](=O)[O-])cc3)cc2)cc1OC(C)=O,-34.81,0
M2R-decoy_7417,Cc1ccc(/N=C2\C(=O)Nc3ccc(Br)cc32)cc1/N=C1\C(=O)Nc2ccc(Br)cc21,-34.81,0
M2R-decoy_752.1,Cc1cc(OC2CCCCC2)c(S(C)(=O)=O)cc1C(=O)[NH+]=C(N)N,-34.81,0
M2R-decoy_10801,CC[C@H](C)/C=C(C)/C=C/C1=CC2=C(Cl)C(=O)[C@@]3(C)OC(=O)C(C(C)=O)=C3C2=CO1,-34.8,0
M2R-decoy_10914,COc1ccc(S(=O)(=O)N2CCN(c3ncnc4c3snc4c3ccccc3)CC2)cc1,-34.8,0
M2R-decoy_1273,Cc1cccc(N2CCN(S(=O)(=O)c3cccc(O)c3)CC2)c1,-34.8,0
M2R-decoy_1499,CCN(CC[NH2+]Cc1coc(c2cccc(F)c2)n1)c1cccc(C)c1,-34.8,0
M2R-decoy_1407,O=C(N/N=C/c1cccnc1)c1cc2cc(Br)ccc2oc1=O,-34.8,0
M2R-decoy_2857,CCN(CC)S(=O)(=O)c1ccc(c2ccc(S(=O)(=O)N(CC)CC)cc2)cc1,-34.8,0
M2R-decoy_3447,C=CCn1c(SCc2ccc(C#N)cc2)nnc1c1ccccc1,-34.8,0
M2R-decoy_3025,COC(=O)c1ccc(COC(=O)c2c(C)nn(Cc3ccccc3Cl)c2Cl)o1,-34.79,0
M2R-decoy_412,Nc1nc(N)nc(c2ccc(Cl)cc2Cl)n1,-34.79,0
M2R-decoy_3395,Cc1ccc(C(=O)CCCC#Cc2ccc(C3=NCCO3)cc2)s1,-34.79,0
M2R-decoy_4864,C[N+](C)(C)CCNC(=O)CCc1cnc(N2CCC(c3nc(COc4ccc(n5cnnn5)cc4)cs3)CC2)nc1,-34.79,0
M2R-decoy_6595,O=C(CCNS(=O)(=O)c1cccc2nsnc12)N1CCN(c2ccc(Br)cn2)CC1,-34.79,0
M2R-decoy_1046,CC1(OC(=O)N2CCC3(CC2)C[C@H]3CNC(=O)N2Cc3ccncc3C2)COC1,-34.78,0
M2R-decoy_3559,CC(C)OC(=O)[C@H](Cc1ccccc1)NP(=O)(CCSCCn1cnc2c(=O)[nH]cnc21)N[C@@H](Cc1ccccc1)C(=O)OC(C)C,-34.78,0
M2R-decoy_3290,CS(=O)(=O)c1ccccc1CCCCCCC(=O)c1ncc(c2ccccn2)o1,-34.78,0
M2R-decoy_6065,CNC(=O)c1c2cc(c3ccc4nnn(Cc5ccccc5)c(=O)c4c3)c(N(C)S(C)(=O)=O)cc2oc1c1ccc(F)cc1,-34.78,0
M2R-decoy_8458,O=P(O)(O)C(F)(F)c1ccc(CC(Cc2ccc(OCc3ccccc3)cc2)(c2ccccc2)n2nnc3ccccc32)cc1,-34.78,0
M2R-decoy_2837,CC(C)N(Cc1nc(c2ccc(Cl)cc2)no1)C(=O)CN(C)S(=O)(=O)c1ccc(Cl)cc1,-34.77,0
M2R-decoy_3011,CN(C)/C=C/C(=O)c1ccc([N+](=O)[O-])c(CS(=O)(=O)c2ccc(Cl)cc2)c1,-34.77,0
M2R-decoy_5954,Cc1nccc2c3ccc(OCc4cn(C/C=C/c5ccccc5)nn4)cc3n(Cc3cn(C/C=C/c4ccccc4)nn3)c12,-34.77,0
M2R-decoy_10631,O=C(c1ccccc1Cl)N1CCn2c(nnc2c2ccncn2)C1,-34.76,0
M2R-decoy_5504,CO/N=C(\C(=O)N(C)n1cnnc1)c1csc(NC(c2ccccc2)(c2ccccc2)c2ccccc2)n1,-34.76,0
M2R-decoy_654,CC(=O)OC(C)n1cnc2c(Cl)nc(I)nc21,-34.76,0
M2R-decoy_9655,C[C@@H]1O[C@H](CNC(=O)/C=C/c2ccccc2)[C@@H](O)[C@H](O)[C@@H]1O,-34.76,0
M2R-decoy_588,O=C(c1ccccc1)n1[nH]c(=O)n(c2ccc(Cl)cc2)c1=O,-34.75,0
M2R-decoy_6598,CCCCC#Cc1nc(NCc2cccc(Br)c2)c2ncn([C@@H]3SC[C@@H](O)[C@H]3O)c2n1,-34.75,0
M2R-decoy_10501,O=C(C(=O)N1CCN(c2ccncc2)CC1)c1cccc(Br)c1,-34.74,0
M2R-decoy_1351,O=c1c(Cl)c(C(F)(F)F)oc2ccc([N+](=O)[O-])cc12,-34.74,0
M2R-decoy_1470.1,O=P1(Oc2ccccc2)CC=C[C@H](COCc2ccccc2)O1,-34.74,0
M2R-decoy_1624,C[NH+](Cc1ccc(Br)s1)Cn1nc(c2ccccc2)oc1=O,-34.74,0
M2R-decoy_3605,OC(C[NH2+]CCn1cccn1)COc1ccc2ccccc2c1,-34.74,0
M2R-decoy_3990,CCCCCc1ccc(C#Cc2c3cn([C@H]4C[C@H](OC(C)=O)[C@@H](COC(C)=O)O4)c(=O)nc3oc2c2ccc(CCCCC)cc2)cc1,-34.74,0
M2R-decoy_3405,COCc1cc(C)nc(SCc2ccc(Cl)cc2)c1C#N,-34.74,0
M2R-decoy_8700,CCc1ccc(/C=C2\SC(=O)N(CCCCCNC(=O)c3ccc(Nc4ccc([N+](=O)[O-])c5nonc45)cc3)C2=O)cc1,-34.74,0
M2R-decoy_10344,O=c1n(Cc2cccc(Br)c2)nc2ccc(c3ccccc3)nn12,-34.73,0
M2R-decoy_1461,NC(=O)C[S+]([O-])Cc1ccccc1Oc1ccc(Cl)c(F)c1,-34.73,0
M2R-decoy_3303,CCCn1cc(c2cccnc2)nc1CCc1nc2cccc(C)n2n1,-34.73,0
M2R-decoy_1009,Cn1ncc2c1CN(C(=O)NCc1ccc(S(=O)(=O)c3ccccc3)cn1)C2,-34.71,0
M2R-decoy_10909,N#Cc1cc2c(=O)n3ccccc3nc2n(c2nnc(SCc3ccccc3F)s2)c1=O,-34.71,0
M2R-decoy_13,Cc1ccc(c2cnc(N)c(n3cc(C)nn3)c2)cc1,-34.71,0
M2R-decoy_4696,CCn1c(SCC(=O)Nc2ccc(N3CCOCC3)cc2)nnc1c1ccco1,-34.71,0
M2R-decoy_7775,Brc1cc(Br)c2c(SCc3ccc(c4cccc(C5=NN=NN5)c4)cc3)nc(CCc3ccccc3)nc2c1,-34.71,0
M2R-decoy_9828,CC(C)C[C@@H]1OC(=O)C(C)(C)CNC(=O)[C@@H](Cc2ccc3ccccc3c2)NC(=O)/C=C/C[C@@H]([C@H](C)/C=C/c2ccccc2)OC1=O,-34.71,0
M2R-decoy_2019,CCCSc1nc(N/N=C/c2ccc(Br)cc2)c2nnn(Cc3ccccc3)c2n1,-34.7,0
M2R-decoy_2798,O=C(Nc1ncc(Cc2cccc(Cl)c2Cl)s1)c1ccc(CSc2nnc(c3ccncc3)n2c2ccccc2)cc1,-34.7,0
M2R-decoy_5302.1,COc1c(C(C)(C)C)cc(C2SCC(=O)N2CCC[NH+](C)CCOc2ccc3c(c2)OCO3)cc1C(C)(C)C,-34.7,0
M2R-decoy_6799,CC(Oc1ccc(c2cc3c([nH]2)c(=O)n(C)c(=O)n3C)cc1)C(=O)N1CCN(c2ccc(Br)cc2)CC1,-34.7,0
M2R-decoy_10426,CS(=O)(=O)c1ccc(Cc2nnc3n2N=C(c2ccc(Cl)cc2Cl)CS3)cc1,-34.69,0
M2R-decoy_10498,CC(=O)c1cc2cc(Br)cc(Br)c2oc1=O,-34.69,0
M2R-decoy_10772,CC1=CSC(OCc2ccccc2)(c2ccc(Cl)cc2)c2noc(=O)n21,-34.69,0
M2R-decoy_4160,CCC(C)(C)NC(=O)C(c1ccc(OC)cc1)N(CC1CCCO1)C(=O)CCC(=O)Nc1cc(C)on1,-34.69,0
M2R-decoy_11198,COc1ccc(N2CCN(C(=O)Cn3c(=O)c4cccn4c4cccnc43)CC2)cc1,-34.68,0
M2R-decoy_3325,O=C(CSc1nnc(Cc2ccccc2)n1c1ccc(F)cc1)N1CCOCC1,-34.68,0
M2R-decoy_7340,CC1OC(n2c3ccccc3c3c4c(c5c6ccccc6[nH]c5c32)C(=O)N(C)C4=O)CC([NH2+]Cc2ccccc2)C1O,-34.68,0
M2R-decoy_7350,O=C1CCc2c(Oc3ccc4c(c3)C[C@H](NC(=O)c3cc(C(F)(F)F)cc(c5cn[nH]c5)c3)CC4)ccnc2N1,-34.68,0
M2R-decoy_939,O=C(Nc1ccc(F)cc1F)Nc1c[nH]c(=O)[nH]c1=O,-34.68,0
M2R-decoy_10811,O=S(=O)(c1ccc2nncn2c1)N(Cc1cccc(F)c1)c1ccc(F)c(F)c1,-34.67,0
M2R-decoy_7872,CCS(=O)(=O)c1ccc2cc1CN(C)C(=O)[C@H](Nc1ccc3c(N)ncc(F)c3c1)c1ccc(c(C)c1)[C@@H](C)COC(=O)N2,-34.67,0
M2R-decoy_3038,O=C(CSc1nnc(c2cnccn2)n1Cc1ccco1)c1ccc(Cl)c(Cl)c1,-34.66,0
M2R-decoy_11429,CC(=O)N1c2ccc(S(=O)(=O)N3CCCC(C(=O)N4CCCCC4)C3)cc2CC1C,-34.65,0
M2R-decoy_10009,CC(=O)[C@]1(O)CC[C@]2(O)[C@]3(O)CC=C4C[C@@H](OC(=O)/C=C/c5ccccc5[N+](=O)[O-])CC[C@]4(C)[C@H]3C[C@@H](OC(=O)/C=C(\C)C(C)C)[C@]12C,-34.65,0
M2R-decoy_3672,CCn1c(Cc2ccccc2)nnc1SCC(=O)Nc1ccc(N)cc1,-34.65,0
M2R-decoy_5464,CN(C)c1ccc([C@@H]2[C@@H](C(=O)NCc3ccccc3CN3CCCC3=O)OCC(=O)N2c2ccc(Cc3ccncc3)cc2)cc1,-34.65,0
M2R-decoy_10189,CC1C(c2ccccc2)=Nn2c(=O)n(c3ccccc3)c(=O)n21,-34.64,0
M2R-decoy_873,Fc1ccc(N2CCN(C(=S)N/N=C\c3ccccn3)CC2)cc1,-34.64,0
M2R-decoy_932,Cn1c([N+](=O)[O-])cnc1/C=C1\Oc2ccc(Br)cc2C1=O,-34.64,0
M2R-decoy_10954,CCc1nc(N2CCN(S(=O)(=O)c3ccc(Br)cc3)CC2)c2c(C)c(C)sc2n1,-34.63,0
M2R-decoy_11316,O=C(CN1C(=O)C2CC=CCC2C1=O)OCc1cc(=O)n2cc(Br)ccc2n1,-34.63,0
M2R-decoy_4660,CCNC(=O)C(=O)[C@H](Cc1ccc(C)cc1)NC(=O)[C@@H](NC(=O)CCCCC1CCSS1)C(C)C,-34.63,0
M2R-decoy_6238,O=C1C(Cl)C(c2ccccc2)N1n1c(CSc2nnc(c3ccncc3)o2)nc2ccc(Br)cc2c1=O,-34.63,0
M2R-decoy_10423,O=S(=O)(c1ccc(F)cc1)N1CCC[C@H](c2nc(c3ccc(F)cc3)no2)C1,-34.62,0
M2R-decoy_11365,CCC(CC)C1=NN2C(=[NH2+])/C(=C\c3c(C)[nH]c4ccccc34)C(=O)[NH+]=C2S1,-34.62,0
M2R-decoy_1434,O=C(CCCSc1ccccc1)NNC(=O)c1cccs1,-34.62,0
M2R-decoy_390,CN1C(=O)C(=CNc2ccc(Br)cc2)C(=O)N(C)C1=O,-34.62,0
M2R-decoy_4,O=c1oc2ccccc2c(Cl)c1/C=N/c1nncs1,-34.62,0
M2R-decoy_10937,Cc1cn(c2ccc3n(c2=O)CCN(CCOc2ccc(Cl)cc2C(F)(F)F)C3=O)cn1,-34.61,0
M2R-decoy_25,Cc1c(C)n(CCO)c2ncnc(Nc3ccc(F)cc3)c12,-34.61,0
M2R-decoy_1776,N#C[C@H](Cc1ccc(c2ccc3c(c2)COC3=O)s1)NC(=O)[C@H]1[NH2+][C@@H]2CC[C@H]1C2,-34.61,0
M2R-decoy_5309,O=C(OCc1nc(c2ccccc2)oc1C(F)(F)F)c1ccc(CC(SCCc2ccc(F)cc2)C(=O)[O-])cc1,-34.61,0
M2R-decoy_5648,CCCCOc1ccc(/C=C(\C)Cn2cc(CCCCCc3c[nH]c(N)n3)nn2)cc1,-34.61,0
M2R-decoy_7309,C[C@H]1CCCCO[C@@H](CN(C)C(=O)Nc2ccccc2)[C@@H](C)CN([C@H](C)CO)C(=O)c2cc(NC(=O)CCC(F)(F)F)ccc2O1,-34.61,0
M2R-decoy_833,Cc1nn(C)c(C(=O)N/N=C/c2cccnc2)c1Br,-34.61,0
M2R-decoy_10413,Cc1nc(SCC(=O)N2CCN(c3ccccc3)CC2)c2oc3ccccc3c2n1,-34.6,0
M2R-decoy_4573,COc1cc(N(CCCn2cnc3c(SC)ncnc32)CCCn2cnc3c(SC)ncnc32)cc(OC)c1OC,-34.6,0
M2R-decoy_6871,COc1ccc(C2C(C(=O)OC(C)C)=C(C)N=c3s/c(=C\c4cc(Cl)ccc4O)c(=O)n32)cc1,-34.6,0
M2R-decoy_7038,COc1cc(OCc2csc(N3CCC([NH+]4CCOCC4)CC3)n2)c2cc(c3cn4nc(C)ccc4n3)oc2c1,-34.6,0
M2R-decoy_8543,COc1ccc(OCCC[NH+](C)CCOc2ccc3c(c2)OCO3)c(C2(OC)Sc3ccccc3N(C)C2=O)c1,-34.6,0
M2R-decoy_3109,COc1ccc(c2nnc3ccc(c4cccc(OC(C)C)c4)cn32)cc1OC,-34.59,0
M2R-decoy_4370,COc1ccc(C(=O)/C=C/c2ccc(OCc3cn(CC(O)CN4C(=O)C(=O)c5cc(Cl)ccc54)nn3)cc2)cc1,-34.59,0
M2R-decoy_7834,COc1cc2c(c(OC)c1OC)-c1c(cc3c(c1OC)OCO3)C[C@H](C)[C@@](C)(O)/C2=N/OCc1cn(c2cc(C)cc(C)c2)nn1,-34.59,0
M2R-decoy_11068,c1ccc(Sc2nc(Sc3ccccc3)c3ncn(C4CNc5ccccc5CO4)c3n2)cc1,-34.58,0
M2R-decoy_10022,C[C@@H]1CC[C@H]2[C@@H](C)[C@H](NC(=O)CCCC(=O)OCc3ccc4ncnc(Nc5ccc(F)c(Cl)c5)c4c3)O[C@@H]3O[C@@]4(C)CC[C@@H]1[C@@]23OO4,-34.57,0
M2R-decoy_2831,CCCN(CCC)C(=O)CSc1nc2ccccc2c(=O)n1CC1COc2ccccc2O1,-34.57,0
M2R-decoy_7052,O=C(Cc1cccc2ccccc12)NCCNC(=O)C1(NC(=O)c2ccc(C(F)(F)F)nc2)CCCC1,-34.55,0
M2R-decoy_10769,O=c1c(Cl)c(Cl)cnn1c1ccc(S(=O)(=O)Oc2ccccc2F)cc1,-34.53,0
M2R-decoy_1228,CNC(=O)Oc1c(Cl)c(Cl)c(C#N)c(Cl)c1C#N,-34.53,0
M2R-decoy_2052.1,CCCCc1ccc(NC(=O)c2sccc2S(=O)(=O)Nc2onc(C)c2Br)cc1,-34.53,0
M2R-decoy_3133,CN(CCCl)P(=O)(OCC1=CC(=O)c2ccccc2C1=O)N(C)CCCl,-34.53,0
M2R-decoy_4258,CCCCCC(O)C#Cc1cn(C/C=C2\OC(=O)C(OCc3ccccc3)=C2OCc2ccccc2)c(=O)[nH]c1=O,-34.53,0
M2R-decoy_6508,OCC12CC1C(n1cnc3c(NCc4cccc(I)c4)nc(Cl)nc31)C(O)C2O,-34.53,0
M2R-decoy_1830,CC(C)c1ccc(S(=O)(=O)N(CCO)c2ccccc2CN(C)C(=O)/C=C/c2ccc(C(F)(F)F)cc2)cc1,-34.52,0
M2R-decoy_2039,COc1cc(C)ccc1OCCn1cccc1/C=N/Nc1nc2ccccc2s1,-34.52,0
M2R-decoy_1683,CO/C=C(/C(=O)OC)c1ccccc1COc1ccc2c(C)c(C)c(=O)oc2c1,-34.52,0
M2R-decoy_4402,COCCCn1c(CSc2nc(C)cc(C)n2)nnc1SCC(=O)Nc1ccc(C)c(C)c1,-34.52,0
M2R-decoy_10946,CCS(=O)(=O)c1oc(c2ccc(F)cc2)nc1S(=O)(=O)c1ccc(Br)cc1,-34.51,0
M2R-decoy_6658,CCOc1ncc(c2ncc(OC)c3c(C(=O)C(=O)N4CCN(C(=O)c5ccccc5)CC4)c[nH]c32)s1,-34.5,0
M2R-decoy_11195,CC(C)(C)c1cc(C(=O)N2CCN(c3nccnc3C#N)CC2)n(Cc2ccccc2)n1,-34.49,0
M2R-decoy_1367,Cc1ccc(Cl)c2c1NC(=O)/C2=N\NC(=O)C(C)c1ccc(O)cc1,-34.49,0
M2R-decoy_1668,O=c1cc(Cn2ccnc2)c2ccc(OCc3cccc(OC(F)(F)F)c3)cc2o1,-34.49,0
M2R-decoy_6970,NS(=O)(=O)c1ccccc1c1ccc(C(=O)N2CCN(S(=O)(=O)c3ccc4cc(Br)ccc4c3)CC2)cc1,-34.48,0
M2R-decoy_863,Oc1nc(O)c(I)c(NCc2ccccc2)n1,-34.48,0
M2R-decoy_8989,C[C@@H](OCc1ccccc1)[C@@H](C#N)NC(=O)[C@H](Cc1cccc(Br)c1)NC(=O)c1ccc(c2cccnc2)cc1,-34.48,0
M2R-decoy_9080,O=C(/C=C/c1c(OCc2cn(Cc3ccccc3)nn2)ccc2ccccc12)c1ccc(Br)cc1,-34.47,0
M2R-decoy_10147,Brc1ccc(Nc2ccc(C3C[NH2+]CCO3)cn2)nc1,-34.46,0
M2R-decoy_2830,Clc1ccc(CC[C@@]2(Cn3ccnc3)OC[C@@H](COc3ccc(Br)cc3)O2)cc1,-34.46,0
M2R-decoy_8955,Clc1ccc(C(COCc2ccc(OCc3ccc(OCc4ccccc4)cc3)cc2)Cn2cncn2)c(Cl)c1,-34.46,0
M2R-decoy_10150,Cc1cc(O)c(C[NH+]2CC[NH+](Cc3cccs3)CC2)cc1C(C)C,-34.45,0
M2R-decoy_5378,COc1ccc(S(=O)(=O)N(C)C[C@H]2Oc3ncc(/C=C/c4ccccc4)cc3C(=O)N([C@H](C)CO)C[C@@H]2C)cc1,-34.45,0
M2R-decoy_8303,O=C([O-])CCc1ccc(C#Cc2cccc(OCCOCCNc3ccc([N+](=O)[O-])c4nonc34)c2)cc1F,-34.45,0
M2R-decoy_11338,N#Cc1ccccc1S(=O)(=O)N1CCN(C(=O)/C=C/c2ccc(F)cc2)CC1,-34.44,0
M2R-decoy_2871,COc1ccc(OC)c(c2csc(N(Cc3ccco3)C(=O)c3ccco3)n2)c1,-34.44,0
M2R-decoy_7250,CC(=O)[C@H]1CC[C@H]2[C@@H]3CC=C4C[C@@H](OC(=O)NCCNC(=O)/C(C#N)=C/c5cccc(Br)c5)CC[C@]4(C)[C@H]3CC[C@]12C,-34.44,0
M2R-decoy_1618.1,CC(C)(C)c1ccc(C/[NH+]=C(\S)NCc2ccc3[nH]nnc3c2)cc1,-34.43,0
M2R-decoy_4470,CCc1ccc(C(=O)COC(=O)CNC(=O)COc2ccccc2)cc1,-34.43,0
M2R-decoy_7226,CN(C)c1ccc(/C=N/NC(=O)Nc2ccc(n3c(=O)c4cc(Br)cc(Br)c4nc3c3ccccc3)cc2)cc1,-34.43,0
M2R-decoy_9841,COc1ccc(C[C@H]2NC(=O)/C=C/C[C@@H](C(Br)C#Cc3ccccc3)OC(=O)[C@H](CC(C)C)OC(=O)[C@@H](C)CNC2=O)cc1,-34.43,0
M2R-decoy_1076,O=C(N/N=C/c1ccc2c(c1)no[n+]2[O-])c1ccc(I)cc1,-34.42,0
M2R-decoy_11188,Clc1ccc(Cc2nn3c(Cn4nnc5ccccc54)nnc3s2)cc1,-34.42,0
M2R-decoy_1694,COc1ccc2ccc(COc3ccc(c4c(c5ccncc5)cnn4C)cc3)nc2c1,-34.42,0
M2R-decoy_356,O=C1NC(=S)N/C1=C1\C(=O)Nc2c(Br)cccc21,-34.42,0
M2R-decoy_9417,COC(=O)c1ccccc1NC(=O)c1csc([C@H](Cc2ccc(OCc3ccccc3)cc2)NC(=O)C2CCCCC2)n1,-34.42,0
M2R-decoy_9895,COc1ccc2c(c1)C(=O)[C@H](OC(=O)Nc1ccc(C)c(Br)c1)[C@@H](c1ccc(OC)c(Br)c1)O2,-34.42,0
M2R-decoy_3917,CCOC(=O)c1ccc(NC(=O)CSc2nnc(COc3cc(C)ccc3C(C)C)n2Cc2ccccc2)cc1,-34.41,0
M2R-decoy_5562,COc1ccc(COCC(Cn2ccnc2)OCc2ccc(C(=S)N(C)C)cc2)cc1,-34.41,0
M2R-decoy_5564,CCOC(=O)C(C)(C)CCCCOC(COCc1ccc(OC)cc1)Cn1ccnc1,-34.41,0
M2R-decoy_2861,CCCn1c(C)cc(C(=O)CSc2nc3ccccc3c(=O)n2Cc2ccco2)c1C,-34.4,0
M2R-decoy_4583,CC(C)(C)OC(=O)NCC(=O)N1CCC[C@H]1COCCCCCC/C=C/c1ccc(c2ccccc2)cc1,-34.4,0
M2R-decoy_6703,CC1(C)CNC(=O)c2sc(Nc3ccc(I)cc3F)c(C(=O)NOCCO)c2C1,-34.4,0
M2R-decoy_6787,O=C(COC(=O)C1CCN(S(=O)(=O)c2ccc3c(c2)OCCO3)CC1)Nc1ccc(C(F)(F)F)cc1,-34.4,0
M2R-decoy_9142,O=C(N[C@@H](Cc1ccc(O)cc1)C(=O)N[C@@H](COC(=O)c1ccccc1)Cc1ccccc1)OCC1c2ccccc2-c2ccccc21,-34.4,0
M2R-decoy_10397,Cc1cccc(N2CCN(C(=O)CN3CCSc4ccccc43)CC2C)c1,-34.39,0
M2R-decoy_3087,COc1cc(c2nnc([S+]([O-])Cc3cccc(F)c3)s2)cc(OC)c1OC,-34.38,0
M2R-decoy_3162,O=C(CSc1nnc(c2cccc(N=C=S)c2)o1)c1ccc(F)cc1,-34.38,0
M2R-decoy_4148,CCC(=O)CCCCC[C@H](NC(=O)[C@@H]1CC12CCOCC2)c1ncc(c2cc3ccccc3nc2OC)[nH]1,-34.38,0
M2R-decoy_993,O=C(Nc1cnn(S(=O)(=O)c2ccc(F)c(F)c2)c1)c1nccs1,-34.38,0
M2R-decoy_10321,O=c1c(c2ccccc2)nnc2n1CCN2c1cccc(Cl)c1,-34.37,0
M2R-decoy_24,N#Cc1cc(F)cc(c2nc(c3ccccn3)no2)c1,-34.37,0
M2R-decoy_9212,Oc1ccc(CN(Cc2cccc(Br)c2O)C(=S)Nc2ccccc2)cc1,-34.37,0
M2R-decoy_9421,CCCCCCCN(CCCCSc1nc(c2ccc(OC)cc2)c(c2ccc(OC)cc2)[nH]1)c1nc2ccccc2o1,-34.37,0
M2R-decoy_11289,FC(F)(F)Cn1cc(c2cnc3nnn(Cc4ccc5nccn5c4)c3n2)cn1,-34.36,0
M2R-decoy_1302,O=C1NC(=S)N/C1=C\c1c[nH]c2ccc(Br)cc12,-34.36,0
M2R-decoy_6900,O=C1NS(=O)(=O)c2cccc(c3cnc(N4CCOCC4)c4nc(/C=C/c5ccc6ccccc6n5)cn43)c21,-34.36,0
M2R-decoy_6685,CC(=O)c1ccc(N2CCN(C(=O)CCCn3c(=O)[nH]c4ccc(Br)cc4c3=O)CC2)cc1,-34.36,0
M2R-decoy_6051,COc1ccccc1S(=O)(=O)N(C)C[C@@H]1OCc2ccccc2-c2c(n(C)c3ccccc23)C(=O)N([C@@H](C)CO)C[C@@H]1C,-34.35,0
M2R-decoy_1598,C/C(=N/[NH+]=C(\S)N1CCN(c2ccccn2)CC1)c1cccs1,-34.34,0
M2R-decoy_9785,COc1cc(/C=N/Nc2nc(c3cc(C(F)(F)F)cc(C(F)(F)F)c3)cs2)c(Br)c(Br)c1OC,-34.34,0
M2R-decoy_7741,Clc1ccc(C2(c3nnc(c4nn(c5ccc(Cl)cc5Cl)c(c5ccc(Br)cc5)c4Cn4cncn4)o3)CC2)cc1,-34.33,0
M2R-decoy_2277,Cc1cc(OCCc2ccccc2n2cnnn2)cc(C(=O)N(CC(C)C)CC(C)C)c1,-34.32,0
M2R-decoy_1572,Cc1ccc(C(c2ccc(C)cc2)[S+]([O-])CC(N)=O)cc1,-34.31,0
M2R-decoy_11273,O=S(=O)(c1cnc2ccc(c3cccnc3)nn12)N1CCN(c2ccccn2)CC1,-34.3,0
M2R-decoy_10154,CC[NH+]1CCN(c2nc(c3cccnc3)nc3ccccc23)CC1,-34.3,0
M2R-decoy_3168,CCOc1cc(/C=C/C(=O)c2ccc(c3ccccc3)cc2)ccc1OCC(=O)N(C)C,-34.3,0
M2R-decoy_1955,CC[NH+](CC)CCNc1nc(NCCCNc2ccnc3cc(Cl)ccc23)nc(N2CCOCC2)n1,-34.29,0
M2R-decoy_1530,CCOC(=O)COc1ccc(c2nocc3cccc2-3)cc1,-34.29,0
M2R-decoy_1685,CCOC(=O)c1c(C)nc(c2cccc(C#N)c2)n1OCc1ccc(F)cc1,-34.29,0
M2R-decoy_5959,CCCCC(CC)C(=O)N1CCOC(COc2cc3ncnc(Nc4ccc(Cl)c(Cl)c4)c3cc2OC)C1,-34.29,0
M2R-decoy_6178,O=C([O-])c1ccc(CN2C(=O)/C(=C/c3ccc(Oc4ccccc4)cc3)S/C2=[NH+]\c2ccc(F)cc2)cc1,-34.29,0
M2R-decoy_8029,COc1cc([C@@H]2c3cc4c(cc3[C@@H](NC(=O)c3ccc(NC(=O)Nc5cc(C(F)(F)F)cc(C(F)(F)F)c5)cc3)[C@H]3COC(=O)[C@@H]32)OCO4)cc(OC)c1OC,-34.29,0
M2R-decoy_9654,O=C(CCCCCNC(=O)c1ccc(O)cc1)NO,-34.29,0
M2R-decoy_10587,O=C(c1cccc(Cl)c1Cl)N1CCn2c(nnc2c2cccnn2)C1,-34.28,0
M2R-decoy_11115,N#CN1CC[C@@H](N2CCN(C3CCN(c4ccccn4)C3)S2(=O)=O)C1,-34.28,0
M2R-decoy_43,O=C(OC1CSc2nc3ccccc3n2C1)c1ccco1,-34.28,0
M2R-decoy_4685,COc1ccc(C(=O)CSc2nnc(Cn3nnc4ccccc43)n2C)cc1,-34.28,0
M2R-decoy_7063.1,Cc1cccc(c2nc(C3C[NH+](Cc4ccc(c5nc6nc(C)nn6c(C)c5c5ccccc5)cc4)C3)n[nH]2)n1,-34.28,0
M2R-decoy_1454,CC(C)C[C@H](Nc1cscc1Br)C(=O)NCC#N,-34.27,0
M2R-decoy_174,Nc1ccc2c(c1)C(=O)/C(=C1/C(=O)Nc3ccccc31)N2,-34.27,0
M2R-decoy_8997,C=C1CCC2[C@@](C)(C(=O)OCCCCCCBr)CCC[C@]2(C)[C@H]1CCc1ccc2c(OC(C)=O)ccc(OC(C)=O)c2c1,-34.27,0
M2R-decoy_11453,Cc1nc(c2ccc(C)c(N3CCN(C(=O)Nc4ccc(Br)cc4)CC3)c2)no1,-34.26,0
M2R-decoy_11178,C/C(=C\c1noc(Cn2cnc3ncn(C)c3c2=O)n1)c1ccc(Cl)cc1,-34.25,0
M2R-decoy_215,CC(C)(C)NC(=O)Cn1nc(C(F)(F)F)c2c1CCCC2,-34.25,0
M2R-decoy_3028,CCN(Cc1ccc(c2cc(C(F)(F)F)nn2c2ccc(S(C)(=O)=O)cc2)cc1)N=O,-34.25,0
M2R-decoy_9208.1,Oc1c(O)c(Cl)c2c(c1Cl)CCN(C(=S)NCCc1ccc(Cl)cc1)C2,-34.25,0
M2R-decoy_1039,CC(C)(O)c1ccc(c2cnc3c(n2)N(CC2CCOCC2)CC(=O)N3)cn1,-34.24,0
M2R-decoy_3159,O=C(OC[C@@H]1CO[C@@](Cn2ccnc2)(c2ccc(Cl)cc2Cl)O1)c1ccccc1,-34.24,0
M2R-decoy_3243,Cc1ccccc1OCC(=O)N(Cc1nnc(c2ccc(Cl)cc2)o1)C(C)C,-34.24,0
M2R-decoy_3397,CCC(C)n1ccnc1/C=C/C(=O)/C=C/C=C/c1ccccn1,-34.24,0
M2R-decoy_10003,C[C@]12CC[C@H]3[C@@H](CC=C4C[C@@H](OC(=O)Cn5cc(COc6ccc(C(=O)/C=C/c7ccc(Br)cc7)cc6)nn5)CC[C@@]43C)[C@@H]1CCC2=O,-34.23,0
M2R-decoy_3033,O=c1n(Cc2nnc(SCc3cccc(Cl)c3)s2)nnn1c1ccc(Cl)cc1,-34.23,0
M2R-decoy_3666,CC[C@H](C)[C@H](NS(=O)(=O)c1ccc(c2ccc(C)cc2)cc1)C(=O)NO,-34.23,0
M2R-decoy_3432,c1ccc(COC2CCCn3nc(COc4ccccc4)cc32)cc1,-34.23,0
M2R-decoy_1080,O=C(Cn1[nH]c(=O)c2ccccc2c1=O)OCC(=O)c1ccc(Br)cc1,-34.22,0
M2R-decoy_183,CC1(NC(=O)c2ccc(C#Cc3ccccn3)cn2)COC1,-34.22,0
M2R-decoy_4346,O=[N+]([O-])c1cccc(/C=C/S(=O)(=O)Nc2cccc(OCc3cn(Cc4cc5ccccc5[nH]4)nn3)c2)c1,-34.22,0
M2R-decoy_6878,CC(C)CN(C(=O)COC(=O)c1ccc(Cl)c(N)c1)c1c(N)n(Cc2ccccc2)c(=O)[nH]c1=O,-34.22,0
M2R-decoy_2287,CCc1ccc(C(=O)COC(=O)C(CCSC)NC(=O)c2ccccc2)cc1,-34.21,0
M2R-decoy_47,COc1ccc(C2CC(c3ccccc3O)=NN2)cc1OC,-34.21,0
M2R-decoy_497,S=C(Nc1ccc(Br)cc1)Nc1nc[nH]n1,-34.21,0
M2R-decoy_9512,Oc1ccc(C[C@H]2CNC(=S)N2CC2CCC[NH+]2C[C@H](Cc2ccccc2)N2C[C@H](Cc3ccc(O)cc3)N(CC3CCCCCC3)C2=S)cc1,-34.21,0
M2R-decoy_11264,O=[N+]([O-])c1cn2c(n1)OC[C@@H](OCC#Cc1ccc(c3ccc(C(F)(F)F)nc3)cn1)C2,-34.2,0
M2R-decoy_6294,CS(=O)(=O)c1ccc(n2nc(C(N)=O)c3c2-c2cc(NC(=O)c4ccc(Cl)c(N)c4)ccc2CC3)cc1,-34.2,0
M2R-decoy_10556,Cc1cc(C)nc(NC(=S)N2CCN(c3ccc4nsnc4c3)CC2)c1,-34.19,0
M2R-decoy_11476.1,COc1cc(Br)c(S(=O)(=O)Nc2ccc(C(F)(F)F)c(F)c2)cc1OC,-34.19,0
M2R-decoy_1326,c1ccc2nc3c(nc2c1)sc1nc2ccccc2n13,-34.19,0
M2R-decoy_724,CC(=O)Nc1ccc(S(=O)(=O)N2CCC([NH+]3CCCCC3)CC2)cc1,-34.19,0
M2R-decoy_9550,Cc1c(F)cc(C(=O)NCC(F)(F)F)cc1NCC(=O)N(C)C,-34.19,0
M2R-decoy_10845,COC1(c2cc(F)cc(OCc3ccc4c(c3)sc(=O)n4C)c2)CCOCC1,-34.18,0
M2R-decoy_1270,COc1cc(C(=O)C#Cc2ccc(S(C)(=O)=O)cc2)ccc1O,-34.18,0
M2R-decoy_220,O=C(NO)N/N=C/c1cccc(I)c1,-34.18,0
M2R-decoy_3180,COc1ccc(C(=O)OC(Cn2ccnc2)c2ccc(Cl)cc2Cl)cc1,-34.18,0
M2R-decoy_5589,CCOC(=O)C(Cc1ccccc1)N(C)C(=O)Cc1ccc(OCc2ccccc2)cc1,-34.18,0
M2R-decoy_1368,CS(=O)(=O)c1ccc(Oc2cc(F)cc(C#N)c2)c2c1[C@H](O)C(F)(F)C2,-34.17,0
M2R-decoy_2948,CCOC(=O)c1ccc(c2ccc3ncnc(N(C)Cc4sccc4C)c3c2)o1,-34.17,0
M2R-decoy_3101,CCOC(=O)c1cc(C#N)c(SCC(=O)c2cc(C#N)c(SC)nc2C)nc1C,-34.17,0
M2R-decoy_7006,[NH2+]=C(NO)NS(=O)(=O)c1cc(c2nc(c3ccccc3)cs2)c(Cl)cc1SCc1ccc2c(c1)OCO2,-34.17,0
M2R-decoy_1460,CCC(C)n1ccnc1/C=C/C(=O)/C=C/C=C/c1nccs1,-34.16,0
M2R-decoy_1721,O=C(CSc1nnc(c2ccc3c(c2)OCO3)n1c1ccccc1)c1ccc(Cl)cc1,-34.16,0
M2R-decoy_6697,NC(=O)c1nn(CC(=O)N2[C@H](C(=O)Nc3cccc(c4ncccc4F)c3F)C[C@H]3C[C@H]32)c2ccccc12,-34.16,0
M2R-decoy_9425,CCOC(=O)c1ccc(COC(COCc2ccc(OC)cc2)Cn2ccnc2)cc1,-34.16,0
M2R-decoy_6399,O=C(CCCCC1SCC2NC(=O)NC21)Nc1cccc2c1CC([NH+]1CCC(c3ccccc3)CC1)C(O)C2,-34.15,0
M2R-decoy_11298,COc1cnc2ccn([C@H](C)c3nnc4ccc(c5cnn(C)c5)cn34)c(=O)c2c1,-34.14,0
M2R-decoy_3126,COCCn1c(C)cc(C(=O)CSc2nnc(C3CC3)n2C2CC2)c1C,-34.14,0
M2R-decoy_3803,CCCCCCCNc1ccc(c2ccc(OCC(O)(Cn3cncn3)c3ccc(F)cc3F)cc2)cn1,-34.14,0
M2R-decoy_9925,O=S(=O)(c1ccc(Nc2nc(N3CCCCC3)nc3c2CCN(c2ncccc2C(F)(F)F)CC3)cc1)C(F)(F)F,-34.14,0
M2R-decoy_1294,CC(C)NC(=O)c1nnn(c2cccc(Br)c2)c1N,-34.13,0
M2R-decoy_6418,Cn1cc(NC(=O)c2cc(N)cn2C)cc1C(=O)NCCn1nc2c3c(cccc31)C(=O)c1c(Cl)cccc1-2,-34.13,0
M2R-decoy_6875,COc1cc(N2CCN(N3CCOCC3)CC2)ccc1Nc1ncc2ccc(c3ccccc3OC)n2n1,-34.13,0
M2R-decoy_3193,Fc1ccc(c2nnc(CCCCc3ccc4cccnc4n3)o2)cc1C(F)(F)F,-34.12,0
M2R-decoy_5787,COC(=O)N[C@@H](C(=O)NCCCC[C@H](CO)N(CC(C)C)S(=O)(=O)c1ccc(N)cc1)C(c1ccccc1)c1ccccc1,-34.12,0
M2R-decoy_6337,O=C(NCCc1ccccc1)[C@H]1S[C@@H](n2cnc3c(NCc4cccc(I)c4)ncnc32)[C@H](O)[C@@H]1O,-34.12,0
M2R-decoy_9847.1,C=C1CN(S(=O)(=O)c2ccc(C)cc2)CCC[NH+](Cc2ccccc2)CCCN(S(=O)(=O)c2cccc3c(N(C)C)cccc23)C1,-34.12,0
M2R-decoy_997,CN1C(C(=O)NCc2ccco2)=CC(c2ccc(F)cc2)=NS1(=O)=O,-34.12,0
M2R-decoy_10420,CSc1nn2c(=O)cc(c3ccncc3)nc2n1Cc1cccc(Cl)c1Cl,-34.11,0
M2R-decoy_10921,Cc1ccc2c(c1)N(C(=O)Cn1nc3ccc(SCc4ccc(Cl)cc4)nn3c1=O)CCO2,-34.11,0
M2R-decoy_10288,Brc1ccc(c2nnc(c3ccc4c(c3)OCO4)o2)o1,-34.11,0
M2R-decoy_1897,O=C(CNS(=O)(=O)c1ccc2ccccc2c1)N[C@H](CCNc1ccncc1)C(=O)N1CCCCC1,-34.11,0
M2R-decoy_5651,CCOC(=O)c1ccc(OCCCCCCCc2c(CC)noc2CC)cc1,-34.11,0
M2R-decoy_11489,Cc1ccc(Sc2nccn3c(=O)n(CC(=O)Nc4ccc(C)cc4Br)nc23)c(C)c1,-34.1,0
M2R-decoy_2542,CC(C)CC(NC(=O)OCc1ccccc1)C(=O)N[C@@H](CCCNC(N)=[NH2+])C(=O)c1nc2ccccc2s1,-34.1,0
M2R-decoy_3759,Cc1cccc(C[C@H](NC(=O)c2cc(F)cc(F)c2)C(=O)N[C@H](/C=C/S(=O)(=O)c2ccccc2)CCc2ccccc2)c1,-34.1,0
M2R-decoy_4211,O=C(N[C@@H](CCc1ccccc1)CNc1ccc(OC(F)(F)F)cc1)[C@@H](CC(=O)N1CCOCC1)CC1CCCCC1,-34.1,0
M2R-decoy_4267,CC(C)c1ccccc1SC1=C([O-])OC(CCCCC(=O)NCCc2ccccc2)(c2ccccc2)CC1=O,-34.1,0
M2R-decoy_580,CS(=O)(=O)N1CCC[C@@]2(CCN(C(=O)Nc3ccccc3)C2)C1,-34.1,0
M2R-decoy_6592,O=C(Cn1cc(COc2cc(O)c3c(=O)c4ccc(Br)cc4oc3c2)nn1)Nc1ccc(O)cc1O,-34.1,0
M2R-decoy_7894,CC(=O)OC[C@@]1(C)C2C[C@H](OS(C)(=O)=O)[C@@]3(C)Oc4cc(c5cccnc5)oc(=O)c4[C@H](O)C3[C@@]2(C)CC[C@@H]1OC(C)=O,-34.1,0
M2R-decoy_6603,COc1ccc2c(c1)/C(=N/NC(=O)c1cnn(c3ccc(S(N)(=O)=O)cc3)c1c1ccccc1)C(=O)N2,-34.09,0
M2R-decoy_926,NNC(=S)Nc1ccc(I)cc1,-34.09,0
M2R-decoy_9812,Cc1csc(C(=O)[C@]23Cc4cnn(c5ccc(F)cc5)c4C=C2CCN(S(=O)(=O)c2cccc(C(F)(F)F)c2)C3)n1,-34.09,0
M2R-decoy_2788,COc1ccc(C(=O)/C=C/c2ccc(OCCO[C@H]3O[C@@H]4O[C@@]5(C)CC[C@H]6[C@H](C)CC[C@@H]([C@H]3C)[C@]64OO5)cc2)cc1Cl,-34.08,0
M2R-decoy_9875,O=C(COc1ccc(c2cc3c([nH]2)c(=O)n(CC(F)(F)F)c(=O)n3CC(F)(F)F)cc1)Nc1ccc(Br)cc1,-34.08,0
M2R-decoy_2964,CCCCc1cnnc2c(c3ccc(F)cc3)c(c3ccc(S(C)(=O)=O)cc3)nn12,-34.06,0
M2R-decoy_4186,O=C(N[C@@H](Cc1ccccc1)C(=O)N[C@H](/C=C/S(=O)(=O)c1ccccc1)CCc1ccccc1)OCc1ccccc1,-34.06,0
M2R-decoy_6443,CC(=O)N1CCN(c2ccc(OCC3COC(Cn4ccnc4)(c4ccc(Cl)cc4Cl)O3)cc2)CC1,-34.06,0
M2R-decoy_6536,Cc1cc(C#N)cc(C)c1Oc1nc(NC2CC[NH+](Cc3ccc(S(N)(=O)=O)cc3)CC2F)nc2ccsc12,-34.06,0
M2R-decoy_10625,O=C(c1cccc(C(F)(F)F)c1Cl)N1CCn2c(nnc2c2cccnn2)C1,-34.05,0
M2R-decoy_10265,O=C(Oc1cc(=O)oc2ccccc12)N1CCN(c2ccccc2)CC1,-34.05,0
M2R-decoy_7325,CCOc1ccc(N2C(=O)[C@H](Oc3ccc(C4C(C#N)=C(N)Oc5c4c(=O)oc4ccccc54)cc3)[C@@H]2c2c3ccccc3cc3ccccc23)cc1,-34.05,0
M2R-decoy_9557,O=C(NO)/C(=C\c1ccccc1)C(=O)NCc1ccc(F)cc1,-34.05,0
M2R-decoy_1494,CNc1ccc(/C=C/c2cnc(OCCO)c(Br)c2)cc1,-34.03,0
M2R-decoy_388,O=C(NNC(=S)NC(=O)c1ccco1)c1ccc(F)cc1,-34.03,0
M2R-decoy_9426.1,CCCCc1cnc(Nc2ncnc3cc(OCCC[NH+]4CCOCC4)c(OC)cc23)s1,-34.03,0
M2R-decoy_3406,O=C(/C=C/C=C/c1ccncc1F)/C=C/C=C/c1ccncc1F,-34.02,0
M2R-decoy_6892,CC(=O)Nn1c(Cc2c(NC(=O)c3ccccc3)sc3c2CCCC3)nnc1SCC(=O)NN,-34.02,0
M2R-decoy_6753,CC(C)(C)c1ccc(C(=O)NNC(=O)[C@H](Cc2ccc(O)cc2)NC(=O)c2ccc(Br)o2)cc1,-34.02,0
M2R-decoy_9443,O=C(CCCCCCCOc1ccc(c2nc(N3CCOCC3)c3sccc3n2)cc1)NO,-34.02,0
M2R-decoy_11488,CCOC(=O)C1=C(C)N=c2s/c(=C\c3ccccc3Br)c(=O)n2C1c1ccccc1,-34.01,0
M2R-decoy_7747,CC(=O)O[C@@]12CO[C@@H]1C[C@H](O)[C@@]1(C)C(=O)[C@H](O)C3=C(C)[C@@H](OC(=O)CCc4ccc5ccccc5c4)C[C@@](O)([C@@H](OCc4ccccc4)[C@@H]12)C3(C)C,-34.01,0
M2R-decoy_10389,Clc1ncn(c2csc(N3CCOCC3)n2)c1I,-34.0,0
M2R-decoy_6937,COc1n[nH]c2ncc(c3cn(c4c(F)ccc(NS(=O)(=O)c5cccc(Br)c5)c4F)nn3)cc12,-34.0,0
M2R-decoy_907,Cc1ccc(C(=O)C#Cc2ccc(S(C)(=O)=O)cc2)cc1,-34.0,0
M2R-decoy_10945,O=c1c2sccc2nc(SCc2cc(=O)n3cc(Br)ccc3n2)n1Cc1ccccn1,-33.99,0
M2R-decoy_6064,CC(=O)O[C@H]1C=C([C@H](C)[C@H]2CC(C)=C(C)C(=O)O2)[C@@]2(C)CC[C@H]3[C@@H](C[C@H]4O[C@]45[C@@H](OC(=O)/C=C/c4cccs4)C=CC(=O)[C@]35C)[C@]12O,-33.99,0
M2R-decoy_8965,CCCn1c(SCc2cc([N+](=O)[O-])ccc2OC)nc2cc(NC(=O)NC(C)(C)C)cc(C(=O)NCc3ccccn3)c21,-33.99,0
M2R-decoy_10971,C[C@H]1C(=O)N(c2ccc([S+]([O-])C(F)(F)F)cc2)C(=O)N1Cc1ccnc2ccccc12,-33.98,0
M2R-decoy_1507,C[NH+](C)CCNc1nc(c2cccs2)cc(c2cccs2)n1,-33.98,0
M2R-decoy_1414,O=C(N/N=C/c1ccc(Br)cc1O)c1cccc(F)c1F,-33.98,0
M2R-decoy_3137,Cc1c(C(=O)OCC(=O)N(CCC#N)c2ccccc2)oc2c1ccc1ccccc12,-33.98,0
M2R-decoy_5391,C[C@@H](S[C@H]1CO[C@H](/C=C/C=C/c2ccc(C#N)cc2F)OC1)[C@](O)(Cn1cncn1)c1ccc(F)cc1F,-33.98,0
M2R-decoy_879,Cc1ncc(C(=O)NCc2ccnn2C)c(O)c1Br,-33.98,0
M2R-decoy_10388,Cc1nc(c2nc(C(F)(F)F)cn2c2ccc(S(C)(=O)=O)cc2)cs1,-33.97,0
M2R-decoy_11184,CN(c1nc2ccccc2n2c(C3CC3)nnc12)S(=O)(=O)c1ccccc1,-33.97,0
M2R-decoy_3273,COc1cc(OC)cc(c2nnc(SCC(=O)c3ccc(Br)cc3)o2)c1,-33.97,0
M2R-decoy_6600,CN(C)c1ccc(C#Cc2ncnc(N3CCN(S(=O)(=O)N(C)C)CC3)c2c2ccc(Cl)cc2)cc1,-33.97,0
M2R-decoy_3190,CCOc1ccc(n2cc(CSc3nc4ccccc4s3)nn2)cc1,-33.96,0
M2R-decoy_9446,CCCCNS(=O)(=O)c1ccc2nc(c3cccs3)cc(C(=O)NCC(OC)OC)c2c1,-33.96,0
M2R-decoy_2293,CCCC(CCC)C(=O)N(C)/N=N/c1ccc(C(=O)OCC)cc1,-33.95,0
M2R-decoy_7200,CC(=O)[C@]1(O)CC[C@]2(O)[C@]3(O)CC=C4C[C@@H](OC(=O)/C=C/c5cccc(C(F)(F)F)c5)CC[C@]4(C)[C@H]3C[C@@H](OC(=O)/C=C(\C)C(C)C)[C@]12C,-33.95,0
M2R-decoy_8601,CC1Cc2c(OCc3ccc(c4ccccc4)cn3)ccc3c2c(c(CCSC(C)C(=O)[O-])n3Cc2ccc(Cl)cc2)S1,-33.95,0
M2R-decoy_1271.1,O=C1NN(c2ccc(F)cc2)C(=O)/C1=C\c1cnn(c2ccccc2)c1,-33.94,0
M2R-decoy_3852.1,O=C(Cc1cccc(OC(F)(F)F)c1)Nc1ccc(CCCCc2nnc(NC(=O)Cc3cccc(F)c3F)s2)nn1,-33.94,0
M2R-decoy_9234,CCP(=O)(CC)Cc1ccc(C(=O)Nc2cc(c3cccs3)ccc2N)cc1,-33.94,0
M2R-decoy_10121.1,c1ccc(C[NH+]2CCCC3(CC[NH+](Cc4cccs4)C3)C2)nc1,-33.93,0
M2R-decoy_128,O=C(/C=C1\CCc2ccc(F)cc21)N1CCCC1,-33.93,0
M2R-decoy_3757,CCCCOCCCNC(=O)C[C@@H]1C[C@@]2(C(=O)OCC)CCC=C2N(Cc2ccc(Cl)cc2Cl)C1=O,-33.93,0
M2R-decoy_3923.1,CN(CCCc1ccc(Cl)cc1)c1nc(NCCc2ccc(O)cc2)nc(N2CCN(S(=O)(=O)/C=C/c3ccccc3)CC2)n1,-33.93,0
M2R-decoy_8090,O=C(Oc1ccccc1)c1ccc(NS(=O)(=O)c2ccc(c3ccc(S(=O)(=O)Nc4ccc(C(=O)Oc5ccccc5)c(O)c4)cc3)cc2)cc1O,-33.93,0
M2R-decoy_11194,Cc1ccc(S(=O)(=O)N2CCN(C(=O)/C=C/c3ccccc3)CC2)cc1C,-33.92,0
M2R-decoy_3401,CCc1cc2c(SCC(=O)c3ccc(C)cc3)ncnc2s1,-33.92,0
M2R-decoy_5466,COc1ccc(N(C)C(=O)CNC(=O)/C=C/c2cccc(C)c2)c(OC)c1COc1cccc2ccc(C)nc12,-33.91,0
M2R-decoy_8959,O=C(/C=C/c1ccccc1)Oc1ccc(/C=C/c2cc(OC(=O)/C=C/c3ccccc3)cc(OC(=O)/C=C/c3ccccc3)c2)cc1,-33.91,0
M2R-decoy_9122,COc1ccc(/C(=C\Sc2ccc(Cl)cc2)n2cc(Sc3ccc(Cl)cc3)c(c3ccc(OC)cc3)n2)cc1,-33.91,0
M2R-decoy_230,Cc1cc(/N=C2\C(O)=C(O)\C2=N/[C@H](C)C(C)(C)C)ccc1C#N,-33.9,0
M2R-decoy_4282,Cc1ccc(CN(Cc2ccco2)S(=O)(=O)c2ccc(S(=O)(=O)NCC3CCCO3)cc2)cc1,-33.9,0
M2R-decoy_10561,Clc1ncccc1c1nnn(c2ccccc2Br)n1,-33.89,0
M2R-decoy_11111,CN(C(=O)CNC(=O)c1cc2cc(Cl)ccc2[nH]1)C1CCS(=O)(=O)CC1,-33.89,0
M2R-decoy_38,O=C(Nc1ccc2c(c1)COC2=O)NC1CCCCC1,-33.89,0
M2R-decoy_4349,COc1cc(/C=C/C(=O)/C=C/c2ccco2)ccc1OCc1cn(CCN2C(=O)C(=O)c3ccccc32)nn1,-33.88,0
M2R-decoy_5859,Cc1cc(C)c(Sc2cn(C)c(=O)c(Nc3ccc(C#N)cc3)n2)c(C)c1,-33.88,0
M2R-decoy_8645,CC(CC(=O)[O-])SCc1c2c3c(c(OCc4ccc(c5ccccc5)cn4)ccc3n1Cc1ccc(Cl)cc1)CC(C)S2,-33.88,0
M2R-decoy_1619,CC12CCC(=O)C=C1[C@@H](F)CC1C2C(O)CC2(C)C1C[C@@H](O)[C@]2(O)C(=O)CO,-33.86,0
M2R-decoy_3233,C=C(CC)C(=O)c1ccc(OCc2nc(c3ccc(Cl)cc3)no2)c(Cl)c1Cl,-33.86,0
M2R-decoy_1117.1,Cc1nc2scc(C)n2c(=O)c1S(=O)(=O)NCCc1ccc(Cl)cc1,-33.85,0
M2R-decoy_2839,COc1ccc(c2noc(CN(C(=O)COc3cc(C)c(Br)c(C)c3)C(C)C)n2)cc1,-33.85,0
M2R-decoy_5307,COc1ccc(N(CC(=O)N/N=C/c2ccc(c3ccc([N+](=O)[O-])cc3)o2)S(=O)(=O)c2ccc(C)cc2)cc1Cl,-33.85,0
M2R-decoy_5382,O=C1O/C(=C\Cn2ccc(NC(=O)c3ccccc3)nc2=O)C(OCc2ccccc2)=C1OCc1ccccc1,-33.85,0
M2R-decoy_6317,CCOc1ccc(Cc2cc([C@@H]3O[C@H](/C=N/NC(=O)c4ccc(Cl)cc4)[C@@H](O)[C@H](O)[C@H]3O)ccc2Cl)cc1,-33.85,0
M2R-decoy_2255,Cc1ncnc2c1ncn2COC(COCc1ccccc1)COCc1ccccc1,-33.84,0
M2R-decoy_2610,O=C(Nc1ccc(S(=O)(=O)Nc2cccc([N+](=O)[O-])c2)cc1)c1cn(CCO)c2c(cc(O)c3ncccc32)c1=O,-33.84,0
M2R-decoy_2876,Cc1cc(n2c(C)cc(C(=O)CSc3nc4ccccc4c(=O)n3Cc3ccco3)c2C)no1,-33.84,0
M2R-decoy_4459,CCc1cc(OCCc2ccc(C(N)=[NH2+])cc2)cc(OS(=O)(=O)c2ccccc2)c1,-33.84,0
M2R-decoy_7812,Cc1ccc(S(=O)(=O)N(C)C[C@@H]2Oc3ccc(NC(=O)Nc4ccc5c(c4)OCO5)cc3C(=O)N([C@H](C)CO)C[C@@H]2C)cc1,-33.84,0
M2R-decoy_9151,CCCCc1nc(Cl)c(C=O)n1CCCOc1cc2c(Nc3cccc(F)c3)ncnc2cc1OC,-33.84,0
M2R-decoy_10735,CC(C)c1nsc(N2CCn3c(nnc3C(F)(F)F)C2)n1,-33.83,0
M2R-decoy_10153,Cc1ncsc1C[NH+]1C[C@H]2CC[C@@H]1C[NH+](Cc1ccccc1)C2,-33.83,0
M2R-decoy_1255,N#Cc1ccc(NC(=O)Cn2cc(I)cn2)cc1,-33.83,0
M2R-decoy_10295,O=c1c(c2cccs2)nnc2n1CCN2c1ccccc1Cl,-33.83,0
M2R-decoy_3604.2,C[NH+](C)C(C[NH2+]Cc1nc(c2ccsc2)no1)c1ccsc1,-33.83,0
M2R-decoy_3349,CCN(CC)C(=S)SC(CC(=O)c1ccc(OC)cc1)c1ccc(OC)cc1,-33.83,0
M2R-decoy_6648,O=C(NC[C@H]1COc2ccccc2O1)c1cc(N2C[C@@H]3CC[C@H](C2)O3)cnc1NCc1ccc2c(c1)OCO2,-33.83,0
M2R-decoy_11067,N#CSc1c(c2ccc(Br)cc2)nc2sc(Cc3noc4ccccc34)nn12,-33.82,0
M2R-decoy_2055,CCc1ccccc1n1cc(COc2ccc(/C=C/C(=O)c3cc4c(cc3O)OC(C)(C)CC4)cc2)nn1,-33.82,0
M2R-decoy_3613,C=C(C)COc1cccc(C[NH2+]Cc2nc3ccccc3c(=O)[nH]2)c1,-33.82,0
M2R-decoy_6957,COc1cc2cc(C(=O)N3C[C@H]4C[C@@]45C3=CC(=O)c3[nH]c(C)c(I)c35)[nH]c2c(OC)c1OC,-33.81,0
M2R-decoy_8312,COC(=O)CCCC(C(=O)/C=C/c1ccc(O)c(OC(F)(F)F)c1)C(=O)/C=C/c1ccc(O)c(OC(F)(F)F)c1,-33.81,0
M2R-decoy_8580,C/C=C(\C)C(=O)O[C@H]1C(C)=C2[C@@H]3OC(=O)[C@@](C)(O)[C@@]3(O)[C@@H](OC(=O)CCC)C[C@](C)(O)[C@H]2[C@@H]1OC(=O)CCCCCCC,-33.81,0
M2R-decoy_9046,COc1ccc(/C=N/NC(=O)c2cnc3c(C(F)(F)F)cccc3c2N[C@@H](CSc2ccccc2)CC(=O)N(C)C)cc1O,-33.81,0
M2R-decoy_9549,NNC(=O)c1ccc(COc2ccc(Br)cc2)o1,-33.81,0
M2R-decoy_10711,CCOC(=O)c1nc2c(O)nc3cc(Cl)c(Cl)cc3n2n1,-33.8,0
M2R-decoy_3004,N#Cc1ccc(COc2ccc3c(c2)CCn2c-3cc(OCC3CCCO3)nc2=O)cc1,-33.8,0
M2R-decoy_3318,O=C(CSc1nnc(Cc2ccccc2)o1)c1ccc2c(c1)OCO2,-33.8,0
M2R-decoy_8140,O=C1[C@@H]([NH+](Cc2cn(c3ccnc4cc(Cl)ccc43)nn2)Cc2cn(c3ccnc4cc(Cl)ccc43)nn2)[C@@H](/C=C/c2ccccc2)N1c1ccccc1,-33.8,0
M2R-decoy_1550,N#Cc1ccc(CCc2nc(CCC(=O)NO)cs2)cc1,-33.79,0
M2R-decoy_399,NC(=S)N/N=C1\CCS(=O)(=O)c2ccc(OC(F)(F)F)cc21,-33.79,0
M2R-decoy_8936,Cc1c(C)c2c(c(C)c1O)CCC(C)(C(=O)NCCCCCCCCCCNc1c3c(nc4ccccc14)CCCC3)O2,-33.79,0
M2R-decoy_1792.1,Nc1ncc(c2cc([C@@H]3[C@H]4C[NH+](C5COC5)C[C@H]43)n(CC(F)(F)F)n2)cc1C(F)(F)F,-33.78,0
M2R-decoy_1040,COCC(=O)N1CCN(c2ccc(NC(=O)N3Cc4ccccc4C3)cc2)CC1,-33.76,0
M2R-decoy_1021,CC(=O)c1ccc(NS(=O)(=O)c2cc3[nH]c(=O)c(=O)[nH]c3cc2C)cc1,-33.76,0
M2R-decoy_10113,C[NH+](Cc1cc(Cl)ccc1C#N)C1CC[NH+](CC2CC2)CC1,-33.75,0
M2R-decoy_662,O=c1[nH]c2cc(S(=O)(=O)n3nnc4cc(Cl)ccc43)ccc2o1,-33.75,0
M2R-decoy_1423.1,CCCCc1cn(CC/N=C2\C[C@H]3CC[C@]2(C)C3(C)C)nn1,-33.74,0
M2R-decoy_606,O=C(NNC(=O)c1ccccc1Br)c1ccc2[nH]cnc2c1,-33.74,0
M2R-decoy_11,O=C1CC(c2noc3ccccc23)C(=O)N1c1ccccc1,-33.73,0
M2R-decoy_10252,CSc1ncnc2ncn(C3COc4ccccc4CO3)c12,-33.73,0
M2R-decoy_6057,CCOC(=O)c1ccc(n2cc(CN(c3ccc(C(O)(C(F)(F)F)C(F)(F)F)cc3)S(=O)(=O)c3ccccc3)nn2)cc1,-33.73,0
M2R-decoy_8894,COc1ccc(Cn2c(CCc3ccccc3)nnc2[C@@H](Cc2c[nH]c3ccccc23)NC(=O)c2ncccc2C(=O)c2ccccc2)cc1,-33.73,0
M2R-decoy_4385,COc1cc(COCc2cn(Cc3cc(c4ccccc4)cnc3N3CCSCC3)nn2)cc(OC)c1OC,-33.72,0
M2R-decoy_7333,CN1C(=O)c2cc(NC(=O)c3cccc(F)c3)ccc2OC[C@@H]2O[C@H](CC(=O)N3CCc4ccccc4C3)CC[C@@H]21,-33.72,0
M2R-decoy_9179,CN(C)c1ccc(c2nc(SCCCCCNc3nc4ccccc4o3)[nH]c2c2ccc(N(C)C)cc2)cc1,-33.72,0
M2R-decoy_2939,CCOC(=O)CSc1nc(Cl)cc(OCc2ccc3ncccc3c2)n1,-33.71,0
M2R-decoy_3169,CCOCCOc1ccc(c2cn3nc(SCC(C)C)ccc3n2)cc1,-33.71,0
M2R-decoy_8190,C=C[C@]1(C)C[C@@H](OC(=O)CS[C@@H]2CC[C@H](C(=O)OCC)C[C@H]2NS(=O)(=O)c2ccc([N+](=O)[O-])cc2)[C@]2(C)[C@H](C)CC[C@]3(CCC(=O)[C@H]32)[C@@H](C)[C@@H]1O,-33.71,0
M2R-decoy_4730,Cc1oc(c2ccccc2)nc1CCOc1ccc(C[C@@H](C(=O)[O-])[NH+]2CCCCC2)cc1,-33.7,0
M2R-decoy_2412,C#CCSc1nncn1C(=O)/C=C/c1ccccc1,-33.69,0
M2R-decoy_69,CCCCC/C=C\C/C=C\C/C=C\C/C=C\CCCC(=O)NCc1ccc2[nH]ncc2c1,-33.69,0
M2R-decoy_9219,Nc1ccc2c3ccc(N)cc3n(Cc3cccc(OC4CCCC4)c3)c2c1,-33.69,0
M2R-decoy_10596,O=c1cc(C(F)(F)F)nc2sc(c3cccc([N+](=O)[O-])c3)nn12,-33.68,0
M2R-decoy_143,O=C1C=C(Cl)C(=O)C(c2ccc(Cl)cc2)=C1,-33.68,0
M2R-decoy_3743,CCN(C(=O)Cc1ccccc1)c1nnc(CCSCCc2nnc(N(CC)C(=O)Cc3ccccc3)s2)s1,-33.68,0
M2R-decoy_4294,CS(=O)(=O)c1ccc(C(=O)NCCCC(=O)N(Cc2ccccc2)Cc2ccccc2)cc1[N+](=O)[O-],-33.68,0
M2R-decoy_3088,CC1(CS(C)(=O)=O)CN(c2cc(COc3ccc(F)c(F)c3F)nc(c3ccccn3)n2)C1,-33.67,0
M2R-decoy_7699,Cc1ccc(S(=O)(=O)n2cccc2[C@@H]2NC(=O)[C@H](Cc3c[nH]c4ccccc34)NC(=O)C[C@H](CCc3ccccc3)NC(=O)C/C=C/[C@@H]2C)cc1,-33.67,0
M2R-decoy_8868,CC1Cc2c(OCc3ccc(c4ccccc4)cn3)ccc3c2c(c(CCOc2ccccc2C(=O)[O-])n3Cc2ccc(Cl)cc2)S1,-33.67,0
M2R-decoy_571,Cc1ccc(n2nc(C(=O)N3CCCCC3C)c(=O)n(C)c2=O)cc1,-33.65,0
M2R-decoy_11105,Cn1c(N)c(C(=O)COC(=O)C23CC4CC(CC(C4)C2)C3)c(=O)n(C)c1=O,-33.64,0
M2R-decoy_1528,CNC(=O)c1cc2c(Oc3ccc(C(F)(F)CO)cc3)cncc2s1,-33.64,0
M2R-decoy_3373,CCOC(CCNC(=O)c1cc(c2cccs2)nc2ccccc12)OCC,-33.64,0
M2R-decoy_5396.1,O=C(CSc1nc2ccc(Nc3nc(N4CCCC4)nc(N4CCCC4)n3)cc2s1)NCc1ccco1,-33.64,0
M2R-decoy_5420,Cc1cc(N(CCC#N)CCC#N)ccc1/C=C1\[NH+]=C(/C=C\c2ccccc2)N(c2ccc(Cl)cc2)C1=O,-33.64,0
M2R-decoy_11377,O=C(COc1cccc(C(F)(F)F)c1)N1CCN(c2cccc([N+](=O)[O-])c2)CC1,-33.63,0
M2R-decoy_10203,CC(C)(C)NC(=O)C(=O)NNC(=O)c1cccc(Br)c1,-33.63,0
M2R-decoy_2891,C/C(CC(=O)Nc1ccc2c(c1)OCCO2)=N\NC(=O)COc1ccc(C)cc1Br,-33.63,0
M2R-decoy_3344,O=C(Cc1ccccc1)N[C@@H](CS)Cc1ccc(OCc2ccccc2)cc1,-33.63,0
M2R-decoy_6420,Cc1cc(C)cc(S(=O)(=O)c2c(C(=O)NC(C)C(=O)NCc3cccc(O)c3)[nH]c3ccc(Cl)cc23)c1,-33.63,0
M2R-decoy_9116,CC(C)(O)CCCSC(CCC(C)(C)CC(=O)[O-])c1cccc(/C=C/c2ccc3ccc(Cl)cc3n2)c1,-33.63,0
M2R-decoy_10802,Cn1nc(COc2cc(F)cc(F)c2)c2c1CCN(S(=O)(=O)c1ccc(Cl)cc1)C2,-33.62,0
M2R-decoy_1269,NS(=O)(=O)NCc1csc2cccc(Br)c12,-33.62,0
M2R-decoy_4682,COc1cc(CCn2cnc3ccc(S(=O)(=O)N(C)C)cc3c2=O)cc(OC)c1,-33.62,0
M2R-decoy_8925.2,COc1ccc(O[C@H]2C=C[C@@H](c3ccccc3)O[C@@H]2CO/N=C(\C)CC[NH+]2CCc3nc(c4ccccc4)c(c4ccccc4)cc3C2)cc1,-33.62,0
M2R-decoy_5347,CC(C)Oc1ccc(/N=c2\[nH]c(=O)n(CCC(C)(C)C(=O)OCc3ccccc3)c(=O)n2Cc2ccc(Cl)cc2)cc1Cl,-33.6,0
M2R-decoy_6702,C=CC(=O)Nc1cc2c(Nc3ccc(Br)cc3F)ncnc2cc1OCCNC(=O)N1CCN(C(C)=O)CC1,-33.6,0
M2R-decoy_6759,C[C@@H](CO)N1C[C@@H](C)[C@H](CN(C)C(=O)NC2CCCCC2)Oc2cc(C#Cc3ccccc3F)ccc2S1(=O)=O,-33.6,0
M2R-decoy_1623,O=C(c1ccc(Br)o1)N1CC[NH+]=C1SCc1cccc(F)c1,-33.59,0
M2R-decoy_35,Fc1cccc(c2nn3c(nnc3c3ccccn3)s2)c1,-33.59,0
M2R-decoy_8514,COCCn1c(CNc2ccc(F)cc2)nnc1SCC(=O)Nc1ccc(OC)cc1OC,-33.59,0
M2R-decoy_2221,CC(C)C[C@H](NC(=O)C1CCC(=O)CC1)C(=O)N[C@H](/C=C/S(=O)(=O)c1ccccc1)CCc1ccccc1,-33.58,0
M2R-decoy_3271,CCOC(=O)c1c(Oc2ccc(C(C)=O)cc2)nnc(c2ccccc2)c1c1ccccc1,-33.58,0
M2R-decoy_4887,COc1ccc(S(=O)(=O)N(CC(C)C)C[C@@H](O)[C@H](Cc2ccc(c3ccc(Cl)cc3)cc2)NC(=O)O[C@H]2CCOC2)cc1,-33.58,0
M2R-decoy_961,O=C1C(CS(=O)(=O)Nc2ccc(Cl)cc2)=NC(=O)n2cccc21,-33.58,0
M2R-decoy_4604,C/C(=N\OCCC(C)(c1ccc(OCc2ccc3ccccc3n2)cc1)c1ccc(OCc2ccc3ccccc3n2)cc1)C(=O)[O-],-33.57,0
M2R-decoy_4720,COCCn1ccc(Nc2ncc3c(n2)-c2c(nn(C)c2Cc2ccccc2)CC3)n1,-33.57,0
M2R-decoy_6095,COC1C=C(CCC/C(C)=C/C=C/[C@@H](C)CC/C=C(/C)C[C@@H]2OC(=O)C(C)=C2[O-])C(=O)O1,-33.57,0
M2R-decoy_6792,O=C(Nc1ccc(S(=O)(=O)C(F)(F)F)cc1)N1CCC(F)(c2ncc([C@H](O)CO)cc2Cl)CC1,-33.57,0
M2R-decoy_2022,CC(C)(C)N(Cc1ccccc1)C(=O)CSc1nnc(CNc2ccc(F)cc2)o1,-33.56,0
M2R-decoy_725,Cc1ccc(C[NH+]2CCCn3c(nc(Cn4cncn4)cc3=O)C2)s1,-33.56,0
M2R-decoy_7354,CN1C(=O)c2cc(NS(=O)(=O)c3ccc(Cl)cc3)ccc2OC[C@@H]2O[C@H](CC(=O)N3CCc4ccccc4C3)CC[C@H]21,-33.56,0
M2R-decoy_10313,Brc1ccc(c2nn3c(nnc3c3ccco3)s2)o1,-33.54,0
M2R-decoy_7585,COc1ccc(/C(C#N)=C/C(=O)OCCOC(=O)[C@]2(C)CC[C@]3(C)CC[C@]4(C)C5=CC=C6C(=CC(=O)C(O)=C6C)[C@]5(C)CC[C@@]4(C)[C@@H]3C2)cc1,-33.54,0
M2R-decoy_7611,COc1cc(OCc2csc(c3ccc(C(=O)N4CCC(F)(F)C4)cc3)n2)c2cc(c3cn4nc(OC)sc4n3)oc2c1,-33.54,0
M2R-decoy_9211.1,Oc1ccccc1C[NH+]1CCCC(c2n[nH]cc2c2ccc(Cl)cc2)C1,-33.54,0
M2R-decoy_11374,CCOC(=O)c1nn(c2ccc(Cl)cc2)c2nc(CC)c(C#N)c(=O)n12,-33.53,0
M2R-decoy_156,Cc1nnc2sc(c3cc4ccccc4o3)nn12,-33.53,0
M2R-decoy_1644,Cc1ccc(C#Cc2nc3ncccc3nc2OC(C)C[NH+](C)C)cc1,-33.53,0
M2R-decoy_3456.1,COc1cc2ncnc(Nc3cccc(Br)c3)c2cc1OCCCOP(N)(=O)N(CCCl)CCCl,-33.53,0
M2R-decoy_8295,O=C(N[C@@H](Cc1ccccc1)C(=O)N[C@H](/C=C/S(=O)(=O)c1ccccc1)Cc1ccccc1)OCc1ccccc1,-33.53,0
M2R-decoy_3177,COc1cc(CC/C=C/C(C)=O)cc2cc(c3ccc4c(c3)OCO4)oc12,-33.52,0
M2R-decoy_9593,Cc1c(Cl)cccc1S(=O)(=O)NCC(O)c1cccn1C,-33.52,0
M2R-decoy_4531,Cc1ncnc(C)c1OCC(=O)N[C@@H](Cc1ccccc1)C[C@H](O)[C@H](Cc1ccccc1)NC(=O)O[C@H]1COC2OCCC21,-33.51,0
M2R-decoy_4675,COc1ccc(/C=C/S(=O)(=O)c2cc(OC)c(OC)c(OC)c2)cc1OC,-33.51,0
M2R-decoy_6907,CC1=C(CCCC(=O)N[C@H]2[C@@H](Sc3ccccc3)O[C@H](CO)[C@@H](O)[C@@H]2O)C(=O)c2c(O)cccc2C1=O,-33.51,0
M2R-decoy_10785,Cc1nn(C)c(C)c1S(=O)(=O)N1CCC(C(=O)c2ccc(Cl)cc2)CC1,-33.5,0
M2R-decoy_11315,O=C(Cc1cccs1)N1CCN(S(=O)(=O)c2ccc(F)c(F)c2)CC1,-33.5,0
M2R-decoy_4167,COC1=C(N(CCc2ccccc2)NC(=O)[C@H](Cc2ccccc2)NC(=O)OCc2ccccc2)C(=O)C1=O,-33.5,0
M2R-decoy_3400,Cc1ccc(OC(CCn2ccnc2)c2ccc(F)cc2)cc1,-33.5,0
M2R-decoy_5176,COc1cc(OCc2nc(c3ccc(Br)cc3)no2)ccc1c1cc2c([nH]1)c(=O)n(C)c(=O)n2C,-33.5,0
M2R-decoy_5595,[NH3+]CCCC(NC(=O)OCc1ccccc1)P(=O)(Oc1ccccc1)Oc1ccccc1,-33.5,0
M2R-decoy_6551,COc1ccc2cc(c3cn([C@H]4C[C@H](n5cc(C)c(=O)[nH]c5=O)O[C@@H]4CO[Si](C)(C)C(C)(C)C)nn3)ccc2c1,-33.5,0
M2R-decoy_8569,COc1ccc2[nH]cc(CCNC(=O)C(CC(C)C)NC(=O)c3cc(=O)c4c(OCc5ccc(Br)cc5)cccc4o3)c2c1,-33.5,0
M2R-decoy_2580,COC(=O)/C=C/[C@H](CC(C)C)NC(=O)CC[C@@H]1NC(=O)[C@H](CC(C)C)NC(=O)[C@H](CC(C)C)C(=O)NC(=O)[C@H](CO)NC1=O,-33.49,0
M2R-decoy_3490,Cc1nc(C(=O)N[C@@H](Cc2ccccc2)[C@@H](O)C[C@H](Cc2ccccc2)NC(=O)c2ccccc2NC(=O)OCc2ccccn2)cs1,-33.49,0
M2R-decoy_4278,OCCOCCOCCOc1ccc(c2nnc(c3ccc(I)cc3)o2)cc1,-33.49,0
M2R-decoy_5327.1,CCN(CC)P(=O)(Nc1ccc([N+](=O)[O-])cc1)c1c(C)nn(CCC#N)c1NC(=O)c1ccc(Cl)cc1,-33.49,0
M2R-decoy_610,O=C(NCc1nnc2n1CCCCC2)N1CCc2sccc2C1,-33.49,0
M2R-decoy_8903,CCOC(=O)c1ccccc1CC[C@H](SC[C@@H](C)C(=O)[O-])c1cccc(/C=C/c2ccc3ccc(Cl)cc3n2)c1,-33.49,0
M2R-decoy_9724,Brc1ccc([C@H]2Oc3ccccc3C3=C2[C@@H](c2ccc(Br)cc2)n2ncnc2N3)cc1,-33.49,0
M2R-decoy_5740,COc1ccc(CCN(CCC(=O)NO)S(=O)(=O)c2ccc(NC(=O)NCCc3ccccc3)cc2)cc1,-33.48,0
M2R-decoy_4283,Cc1nncn1c1ccc(OCCOc2ccc(CCC(C)(C(=O)NO)S(C)(=O)=O)cc2)cc1,-33.47,0
M2R-decoy_775,Clc1ncnc2ncn(C3COc4ccccc4CO3)c12,-33.47,0
M2R-decoy_10642,CC(=O)N1CCN(C(=O)Nc2ccc(Cl)cc2)[C@H]2CS(=O)(=O)C[C@H]21,-33.46,0
M2R-decoy_5727.1,COC(=O)C(C)NC(=O)[C@H](Cc1ccccc1)NC(=O)[C@H](Cc1c[nH]cn1)NC(=O)OCc1ccccc1,-33.46,0
M2R-decoy_10936,CCS(=O)(=O)c1ccc(Oc2cc(F)c(F)c(F)c2)c(c2cn(C)c(=O)c3cncn32)c1,-33.45,0
M2R-decoy_1640,Cc1ccc(c2cc(c3ccncc3)nc(N3CC[NH+](C)CC3)n2)cc1,-33.45,0
M2R-decoy_996,O=C(NNC(=O)c1cc2cc(Cl)ccc2oc1=O)c1ccccc1O,-33.45,0
M2R-decoy_1496,O=C(CSc1nccn1Cc1ccc(F)cc1)NC1CCCC1,-33.44,0
M2R-decoy_3268,COc1cc(/C=C/[N+](=O)[O-])c(/C=C/c2ccc(c3ccccc3)cc2)c(OC)c1OC,-33.44,0
M2R-decoy_10956,Cc1cccc(/C=C/c2onc(C)c2S(=O)(=O)N2CCC(C(=O)N3CCC(C)CC3)CC2)c1,-33.43,0
M2R-decoy_11172,Cc1c(C#N)cc(Cl)c2nc(CCc3nc(N4CCCC4)nn3C)nn12,-33.43,0
M2R-decoy_1337,Clc1ncnc2c1nc(C#Cc1ccccc1)n2C1CCCCO1,-33.43,0
M2R-decoy_10549.1,N#Cc1ccc2[nH]c(N3CCN(c4ncccc4C(F)(F)F)CC3)nc2c1,-33.42,0
M2R-decoy_1070,OCC1CCN(c2cncc(OC3CN(c4ccc5ccccc5n4)C3)n2)CC1,-33.42,0
M2R-decoy_1035,O=C(/C=C/c1ccc2c(n1)C(=O)C1=C(C2=O)S(=O)(=O)CCN1)c1ccccc1,-33.42,0
M2R-decoy_3053,COc1ccc(C(=O)CSc2nnc(c3ccc(OC)cc3)c(c3ccc(OC)cc3)n2)cc1,-33.42,0
M2R-decoy_329.1,O=C1Nc2ccc(F)cc2/C1=C1/Nc2ccc(Cl)cc2/C1=N/O,-33.42,0
M2R-decoy_5660.1,CC(OCc1ccccc1)OC(=O)[C@H](C)/N=C/C=C/N[C@@H](C)C(=O)OC(C)OCc1ccccc1,-33.42,0
M2R-decoy_7367,O=C(N[C@@H]1Cc2ccc3[nH]ncc3c2CN(Cc2ccccc2)C1=O)N1CCC(N2Cc3ccccc3NC2=O)CC1,-33.42,0
M2R-decoy_10394,O=C(Cn1nc(C(F)(F)F)c2c1CCC2)N1CCN(c2ccccc2)CC1,-33.41,0
M2R-decoy_1290,NC(=O)c1ccc(NC(=O)N2CCN(c3cccs3)CC2)c(F)c1,-33.41,0
M2R-decoy_2550,CCOCCNc1nc(C)c(c2nc3c(C)nccc3s2)c(N[C@@H]2C[C@H](C(O)(COC)COC)[C@@H](O)[C@H]2O)n1,-33.41,0
M2R-decoy_2847,Cc1ncc([N+](=O)[O-])n1CCOC(=O)c1ccccc1OCc1ccc(Br)cc1,-33.41,0
M2R-decoy_4830,CC(=O)OC[C@H]1O[C@@H](n2nc(SCc3ccccc3)nc2c2cc3ccccc3[nH]2)[C@H](OC(C)=O)[C@@H](OC(C)=O)[C@@H]1OC(C)=O,-33.41,0
M2R-decoy_8098,COc1cc([C@@H]2c3cc4c(cc3[C@@H](Nc3ccc(NC(=O)[C@@H](Cc5ccc(O)cc5)NC(=O)OCc5ccccc5)cc3)[C@H]3COC(=O)[C@@H]32)OCO4)cc(OC)c1O,-33.41,0
M2R-decoy_10214,Fc1ccc(NC2=[NH+]CC(CI)S2)c(F)c1,-33.4,0
M2R-decoy_5842,COC(=O)/C(=C\c1c[nH]c2ccccc12)S(=O)(=O)c1ccccc1,-33.4,0
M2R-decoy_6116,CCCn1c(=O)c2c(nc3cc(OC)ccn32)n(CCCCOC(=O)c2cccc(S(=O)(=O)F)c2)c1=O,-33.4,0
M2R-decoy_10788,Cc1ccc(c2nnc(C3CCN(S(=O)(=O)c4ccc(C)c(C)c4)CC3)o2)cc1,-33.39,0
M2R-decoy_3006,CCOC(=O)CCSc1nc2cc(n3nc(C(C)(C)C)oc3=O)c(Cl)cc2s1,-33.39,0
M2R-decoy_7599.1,O=S(=O)(Nc1ccc(c2nc(c3ccnc(Nc4ccc(OC(F)(F)F)cc4)c3)no2)cc1)c1ccc(Br)cc1,-33.39,0
M2R-decoy_484,Oc1cc(F)ccc1c1csc(N2CCOCC2)n1,-33.38,0
M2R-decoy_5208,CN(c1ccc(OCC(=O)OCC(=O)Nc2c(F)c(F)c(F)c(F)c2F)cc1)S(=O)(=O)c1ccc(F)cc1,-33.38,0
M2R-decoy_7436,CC[C@@]1(OC(=O)COc2cc(C(F)(F)F)ncn2)C(=O)OCc2c1cc1n(c2=O)Cc2cc3ccccc3nc2-1,-33.38,0
M2R-decoy_2980,COCCSc1c(C)on(C(=O)N(c2ccc(Cl)cc2)C(C)C)c1=O,-33.37,0
M2R-decoy_5164,O=C(CSc1nnc(Cn2cnc3ccccc32)o1)Nc1ccc(I)cc1,-33.37,0
M2R-decoy_8260,CCC(CC)O[C@@H]1C=C(C(=O)[O-])C[C@H]([NH2+]Cc2ccc(OCc3cccc(C#N)c3)cc2)[C@H]1NC(C)=O,-33.37,0
M2R-decoy_8591,CN(CCc1ccccc1)C(=O)c1cccc(NC(=O)Cc2cccc(NC(=O)C3CCCN(C(=O)CCc4ccccc4)C3)c2)c1,-33.37,0
M2R-decoy_10602,O=C(Nc1nccs1)c1cc2c(cc1Cl)Sc1nccn1S2(=O)=O,-33.36,0
M2R-decoy_10846,Cc1ccc(CN(c2ccc(F)c(F)c2)S(=O)(=O)c2cccn3cnnc23)cc1,-33.36,0
M2R-decoy_309,N#Cc1c(c2ccc(F)c(Br)c2)no[n+]1[O-],-33.36,0
M2R-decoy_3369,CC(=O)N[C@@H](C)c1ccc(OC2CCN(c3ccc(OCOC(C)C)cc3)C2)cc1,-33.36,0
M2R-decoy_6676,COc1cccc(S(=O)(=O)C2CCN(c3ccc(C#N)cc3NC(=O)c3cn(C)nc3OC)CC2)c1,-33.36,0
M2R-decoy_8362,O=C(/C=C/c1ccc(C(F)(F)F)cc1)Nc1ccc(C(=O)NS(=O)(=O)c2ccc(NCCSc3ccccc3)c([N+](=O)[O-])c2)cc1,-33.36,0
M2R-decoy_8679,CC(C)=CCN(c1ccc(CCc2ccccc2)cc1)C1CCN(C(=O)[C@H](CC(C)C)NC(=O)N2CCCCCC2)CC1,-33.36,0
M2R-decoy_10684,Cc1nc2ccc(C#CC3(O)CCCCC3)cc2n1c1ncnc(N)n1,-33.35,0
M2R-decoy_10791,C[C@@H]1CN(C(=O)c2ccccc2)CCN1C(=O)C(=O)c1ccc(N2CCCC2)cc1,-33.35,0
M2R-decoy_1602,CO[C@H]1CC[C@]2(CC1)Cc1ccc(OCC3CC3(F)F)cc1C21N=C(C)C(N)=[NH+]1,-33.35,0
M2R-decoy_4307.1,CC(=O)OC[C@H]1O[C@H](CCO/N=C(\C)CCN2CCCc3nc(C)c(C)cc32)C=C[C@@H]1OC(C)=O,-33.35,0
M2R-decoy_5,O=c1c2ccc(F)cc2ncn1CCCCBr,-33.35,0
M2R-decoy_881,O=C1[C@H]2CC=CC[C@H]2C(=O)N1c1nnc(Cc2ccc(F)cc2)[nH]1,-33.35,0
M2R-decoy_10868,CCC1c2ccsc2CCN1C(=O)C1CCN(S(=O)(=O)c2ccc(Cl)c([N+](=O)[O-])c2)CC1,-33.34,0
M2R-decoy_1132,O=C(N/N=C1\CCC\C1=C(/O)C(F)(F)F)c1cccc(O)c1,-33.34,0
M2R-decoy_2097,CCOC(=O)c1ccc(N(CCOS(=O)(=O)c2ccc(C)cc2)CCOS(=O)(=O)c2ccc(C)cc2)cc1,-33.34,0
M2R-decoy_2995,COc1ccc(/C=C(/C(=O)c2ccc(Cl)cc2)C(=O)C(F)(F)F)cc1OC,-33.34,0
M2R-decoy_1697,C=C(C(=O)OCc1cn(Cc2ccccc2F)nn1)[C@@H]1CC[C@H](C)[C@@H]2CC(=O)C(C)=C2C1,-33.34,0
M2R-decoy_3438.1,CCCCc1ccc(n2c(S)nnc2Cc2cccs2)cc1,-33.34,0
M2R-decoy_5493.1,Cc1ccc(S(=O)(=O)N2CCC(C[NH+](Cc3ccc(Cl)cc3)Cc3ccc([N+](=O)[O-])s3)C2)cc1,-33.34,0
M2R-decoy_6981,CC(=O)OCC1=C(C(=O)OC(c2ccccc2)c2ccccc2)N2C(=O)[C@@H](Nc3nc4c(O)cccc4[nH]3)C2SC1,-33.34,0
M2R-decoy_7311,CCN(CC)c1nc2ccc(C(O)(c3ccc(C(F)(F)F)nc3)c3cncn3C)cc2c(C(F)(F)F)c1Oc1ccc(Cl)cc1,-33.34,0
M2R-decoy_9735,BrCCn1nc2c(Br)c(Br)c(Br)c(Br)c2n1,-33.34,0
M2R-decoy_11199,Cc1cccc(Oc2ccnc(N3CCN(C(=O)c4c(C)noc4C)CC3)n2)c1,-33.33,0
M2R-decoy_2956,CCc1ccc(N(Cc2ccccc2C)S(=O)(=O)c2cccn3c(C)nnc23)cc1,-33.33,0
M2R-decoy_4219,CSc1ncc(C2C(C(=O)OCCc3ccccc3)=C(C)NC(C)=C2C(=O)OCCc2ccccc2)n1Nc1ccccc1,-33.33,0
M2R-decoy_6445,Nc1cc(C2CCC(CNS(=O)(=O)c3ccccc3[N+](=O)[O-])CC2)nn1c1cccc(C(F)(F)F)c1,-33.33,0
M2R-decoy_6873,Cc1ccccc1N(C(=O)Cn1nnc(c2ccc(F)cc2)n1)C(C(=O)NC(C)(C)C)c1ccncc1,-33.33,0
M2R-decoy_10548,O=C(Nc1ccc(Cl)cc1)N1CCN(c2ccnc(Cl)n2)CC1,-33.32,0
M2R-decoy_2833,COc1ccc(c2cc(C#N)ccc2COCc2cncn2Cc2ccc(C#N)cc2)cn1,-33.32,0
M2R-decoy_4420,CCOC(=O)c1cnc2c(cnn2CC(Cl)COc2ccccc2)c1NCCc1ccccc1,-33.32,0
M2R-decoy_5942,CCOc1nc2cccc(C(=O)OCOC(=O)/C=C/c3ccccc3)c2n1Cc1ccc(c2ccccc2C2=NNN=N2)cc1,-33.32,0
M2R-decoy_6082,COc1cc(OC)cc(C(=O)N/N=C/c2ccc(OCCn3c([N+](=O)[O-])cnc3C)cc2)c1,-33.32,0
M2R-decoy_6351,Cn1cncc1CN1CC(N(Cc2ocnc2c2ccccc2)S(=O)(=O)c2ccccn2)Cc2cc(C#N)ccc21,-33.32,0
M2R-decoy_6437,CN(CCN(C)C(=O)c1cn(S(=O)(=O)c2ccccc2)c2ccccc12)C(=O)c1coc2ccccc2c1=O,-33.32,0
M2R-decoy_1585.1,CCc1ccccc1Nc1cnccc1NS(C)(=O)=O,-33.31,0
M2R-decoy_1680,COc1ccc(Cl)cc1C(=O)CSc1nnnn1C1CCCCC1,-33.31,0
M2R-decoy_8761,O=C(c1ccccc1)c1cnc2c(C(F)(F)F)ccc(c3cccc(OCc4ccc(C(Cc5ccc(c6ccccc6)cc5)C(=O)[O-])cc4)c3)c2c1,-33.31,0
M2R-decoy_10031,COc1cc(/C=C/C(=O)O[C@H]2CC[C@@]3(C)C(=CC[C@]4(O)[C@@H]3C[C@@H](OC(=O)/C=C(\C)C(C)C)[C@]3(C)[C@](O)(C(C)=O)CC[C@]43O)C2)cc(OC)c1,-33.3,0
M2R-decoy_3940,CCOP(=O)(OCC)C(NNC(=O)CSc1nnc(c2ccncc2)o1)c1ccc(Br)cc1,-33.3,0
M2R-decoy_7306,O=C1CCCC2=C1C(c1ccc(Br)cc1)c1cc3cc(OCc4cn(c5ccnc6cc(Cl)ccc65)nn4)ccc3cc1O2,-33.3,0
M2R-decoy_2945,CCOC(=O)C(=O)c1cc(c2ccc(S(C)(=O)=O)cc2)n(c2ccc(F)c(F)c2)c1C,-33.29,0
M2R-decoy_8654,COc1ccc(/C=C2\COc3cc(OCCCCCCNc4c5c(nc6cc(Cl)ccc46)CCCC5)ccc3C2=O)cc1,-33.29,0
M2R-decoy_9750,COC(=O)[C@@H]1N2C(=O)C(Br)(Br)[C@H]2S[C@@]1(C)CSc1nc2ccccc2s1,-33.29,0
M2R-decoy_10782,N#CSc1c(c2ccccc2)nc2sc(Cc3noc4ccccc34)nn12,-33.28,0
M2R-decoy_1477,CC(/C=C/C=C/c1ccccc1)=N/NC(=O)C(O)c1ccccc1,-33.28,0
M2R-decoy_3281,O=C(Oc1ccc(Cn2ccc(=O)n(Cc3ccccc3)c2=O)cc1)c1ccccc1,-33.28,0
M2R-decoy_6205,C=C[C@]1(C)C[C@@H](OC(=O)CSc2nnc(NC(=O)c3cccc(N)c3)s2)[C@]2(C)[C@H](C)CC[C@]3(CCC(=O)[C@H]32)[C@@H](C)[C@@H]1O,-33.28,0
M2R-decoy_4968,CC(C)C[C@H](NC(=O)CCCCC1CCSS1)C(=O)NC(Cc1ccc(Br)cc1)C(=O)C(=O)NCCc1ccccn1,-33.28,0
M2R-decoy_6853,CCc1c(C)sc2[nH]c(c3ccc(C(=O)N4CCN(S(=O)(=O)c5c(Cl)cccc5Cl)CC4)cc3)nc(=O)c12,-33.28,0
M2R-decoy_10292,COc1ccc(C#Cc2cnc(Cl)c3cncnc23)cc1OC,-33.27,0
M2R-decoy_23,Cc1cccc(Cn2cc(C#N)c3c(N)ncnc32)c1,-33.27,0
M2R-decoy_5554,Cc1[nH]cnc1CSCCN/C(NCCC(c1ccccc1)c1ccccc1)=[NH+]/C#N,-33.27,0
M2R-decoy_10959,CC(C)(C)OC(=O)N1CC2(CCN(c3nc(=O)c4cc(C(F)(F)F)cc([N+](=O)[O-])c4s3)CC2)C1,-33.26,0
M2R-decoy_449,C/C=C1/C=C(c2ccc(Br)cc2)C(=O)O1,-33.26,0
M2R-decoy_8401,O=C(N[C@@H](Cc1ccccc1)C(=O)N[C@@H](COC(=O)c1ccccc1)Cc1ccccc1)OCC1c2ccccc2-c2ccccc21,-33.26,0
M2R-decoy_287,C/N=C(\S)n1nc(c2ccc(C#N)cc2)nc1N,-33.25,0
M2R-decoy_3231,CCCN(C(=O)CCc1nc(c2ccc(C)cc2)no1)c1ccc(OCC)cc1,-33.25,0
M2R-decoy_3287,COCCn1c(C)cc(C(=O)COC(=O)c2cncc(Br)c2)c1C,-33.25,0
M2R-decoy_6330,CN(C)C(=O)Oc1cc(C(F)(F)F)cc(S(=O)(=O)N2CCN(C(=O)[C@@H]3C[C@H]3c3ccc(C(F)(F)F)cc3)CC2)c1,-33.25,0
M2R-decoy_7715,CC(=O)OC[C@H]1O[C@@H](n2c(SCc3cc4cc(Br)ccc4oc3=O)nc3cc(Cl)c(Cl)cc32)C[C@@H](OC(C)=O)[C@@H]1OC(C)=O,-33.25,0
M2R-decoy_10399,O=C(OCn1ncc(Br)c(Br)c1=O)c1ccc(F)cc1,-33.24,0
M2R-decoy_1063,O=C(c1cnn(c2nc3c(c(=O)[nH]2)CCC3)c1)N1CCC(CC(F)(F)F)CC1,-33.24,0
M2R-decoy_10847,Cc1ccc(Cl)cc1N1CCN(S(=O)(=O)c2ccc(c3cnc(C4CC4)o3)cc2)CC1,-33.24,0
M2R-decoy_5852,Fc1ccc(c2csc(N/N=C\c3ccc4c(c3)OCO4)n2)c(F)c1,-33.24,0
M2R-decoy_7044,O=C(CNC(=O)c1ccccc1O)N/N=C/c1cc(Br)ccc1OC(=O)/C=C/c1ccco1,-33.24,0
M2R-decoy_9108,O=C1N(Cc2cccc3ccccc23)C(Cc2ccccc2)C(O)C(C(Br)Cc2ccccc2)N1Cc1cccc2ccccc12,-33.23,0
M2R-decoy_9755,CC1(C)CC(=O)C2=C(C1)N(NC(=O)c1ccncc1)C1=C(C(=O)CC(C)(C)C1)C2c1ccc(Br)cc1,-33.23,0
M2R-decoy_10740,Cc1nn(C)c(C)c1S(=O)(=O)N1CCC(Oc2ccc(Br)cc2F)CC1,-33.22,0
M2R-decoy_10842,CS(=O)(=O)c1ccc(n2nc(C(F)(F)F)c(C#N)c2SCc2ccccc2)nc1,-33.22,0
M2R-decoy_2072,CC(C)NC(=O)C(F)(F)C(=O)C(Cc1ccc(OCc2ccccc2)cc1)NC(=O)[C@@H](NC(=O)OCc1ccccc1)C(C)C,-33.22,0
M2R-decoy_8454,C/C(CCC(=O)[O-])=N\OC(c1ccc(OCc2ccc3ccccc3n2)cc1)c1ccc(OCc2ccc3ccccc3n2)cc1,-33.22,0
M2R-decoy_10025,O=C(NS(=O)(=O)c1ccc(Cl)c([N+](=O)[O-])c1)[C@H](Cc1ccccc1)N1C(=O)/C(=C/c2ccc(c3ccc(Cl)cc3)cc2)SC1=S,-33.21,0
M2R-decoy_1723,Clc1ccc(n2c(Cc3ccccc3)nnc2SCc2nc(c3cccs3)no2)cc1,-33.21,0
M2R-decoy_3753,CC[NH+](CC)CCOc1ccc(C(c2ccc(OC)cc2)c2cn(S(=O)(=O)c3ccccc3)c3ccccc23)cc1,-33.21,0
M2R-decoy_9222,NC(=S)N/N=C(/c1cccc(Br)c1)c1cccc(Br)c1F,-33.21,0
M2R-decoy_11003,COc1ccc(c2csc(n3nc(C)cc3c3cc4cc(Br)ccc4oc3=O)n2)cc1,-33.2,0
M2R-decoy_11295,O=C(Nc1cccnn1)N1CCN(c2nccc(c3ccc(F)c(F)c3)n2)CC1,-33.2,0
M2R-decoy_3019,COCn1ccc2cc(C3=NCC(c4cc(OC)c(OC)c(OC)c4)O3)ccc21,-33.2,0
M2R-decoy_6662,CC(C)N1Cc2c(NC(c3ccccc3)c3ccccc3)nc(N3CCN(S(C)(=O)=O)CC3)nc2C1=O,-33.2,0
M2R-decoy_872,Cc1nnc2n1CCN(C(=O)c1cc(Br)c(Cl)[nH]1)C2,-33.2,0
M2R-decoy_2283,CNc1ccc(c2cc3cc(OCCOCCOCCF)ccc3o2)cc1,-33.19,0
M2R-decoy_9881,Cc1cc(C)cc(S(=O)(=O)n2c(SCC(=O)Nc3ccc(S(C)(=O)=O)cc3Cl)nc3ccc(Cl)cc32)c1,-33.19,0
M2R-decoy_1031,Cc1cc(C)cc(NC(=O)C2CCN(S(=O)(=O)c3cn(C)cn3)CC2)c1,-33.18,0
M2R-decoy_30,Fc1ccccc1CSc1nnc(c2cnccn2)o1,-33.18,0
M2R-decoy_1244,Brc1cc2c(Nc3ccncc3)ncnn2c1,-33.17,0
M2R-decoy_10707,COc1ccc(OC)c(C#Cc2cccc3nc(N)nc(N)c23)c1,-33.16,0
M2R-decoy_11391,O=C(COc1ccc(C(F)(F)F)cc1)N1CCN(c2ccc([N+](=O)[O-])cc2)CC1,-33.16,0
M2R-decoy_219,O=C1O/C(=C\CO)C=C1c1ccc(Br)cc1,-33.16,0
M2R-decoy_9926,O=C1C=C2CC3(OC(=O)c4ccccc4)COc4cc(OC(=O)c5ccccc5)ccc4C3=C2C=C1OC(=O)c1ccccc1,-33.16,0
M2R-decoy_2410,COCCn1cnnc1SCc1ccc(C#N)cc1,-33.15,0
M2R-decoy_1544,CC(C)CC1CCN(C(=O)CCn2cnnn2)C1,-33.15,0
M2R-decoy_8629,COc1cc2ncnc(Nc3ccc(OCc4cccc(F)c4)c(Cl)c3)c2cc1OCCCSC(=S)N1CCSCC1,-33.15,0
M2R-decoy_11005,COc1ccc2cc(C(C)c3nc4s/c(=C\c5ccc(Br)s5)c(=O)n4n3)ccc2c1,-33.14,0
M2R-decoy_11328,CS(=O)(=O)N1CCC(n2cc(c3nnc(c4cccc(Cl)c4)o3)nn2)CC1,-33.14,0
M2R-decoy_6486,CC1(C)C(=O)N(c2ccc(C#N)c(C(F)(F)F)c2)C(=O)N1OCC#CCCc1ccc(O)c(C(N)=O)c1,-33.14,0
M2R-decoy_9101,CCn1c(C(=O)OCc2ccc(F)cc2)ccc1C(CC)(CC)c1ccc(OCC(=O)C(C)(C)C)c(C)c1,-33.14,0
M2R-decoy_3648,CCOC(=O)Cc1csc(NC(=O)COc2c(C)cccc2C)n1,-33.13,0
M2R-decoy_1110,CN(C)c1ncnc2c1nc(Br)n2Cc1cccc(NS(C)(=O)=O)c1,-33.12,0
M2R-decoy_2004,C/C(=C\CC1OC(=O)NC1=O)c1cccc(OCCc2nc(c3ccccc3)oc2C)c1,-33.12,0
M2R-decoy_3583,CC(C)[NH2+]C(O)COc1ccc2c(=O)cc(c3ccccc3)oc2c1,-33.12,0
M2R-decoy_4057.1,CCCOC(=O)[C@H](C)NP(=O)(OCC(CO)CCn1cnc2c(OC)nc(N)nc21)Oc1cccc2ccccc12,-33.12,0
M2R-decoy_9302,CC(C)(C)OC(=O)N1Cc2[nH]c3ccccc3c2CC1C(=O)N[C@@H]1CCCN2C(=O)N(Cc3ccccc3)C(=O)C[C@H]12,-33.12,0
M2R-decoy_4141,CC(C)OC(=O)CCC/C=C\C[C@H]1[C@@H](O)C[C@@H](O)[C@@H]1/C=C/[C@@H](O)CCc1cccc(c2ccccc2)c1,-33.11,0
M2R-decoy_565,Cn1c(NC(=O)c2ccc(Br)o2)cc(=O)n(C)c1=O,-33.11,0
M2R-decoy_684,CC(C)(C)c1cc(NC(=O)N2CCCN(C(=O)C3CCOCC3)CC2)no1,-33.11,0
M2R-decoy_3031,Cc1nn(Cc2ccccc2)c(Cl)c1C(=O)OCc1nnc(c2ccc(Cl)cc2)o1,-33.1,0
M2R-decoy_1419,O=C1/C(=C/c2cccc(Br)c2)NS(=O)(=O)c2ccccc21,-33.1,0
M2R-decoy_6338,CCN(CC)c1cc(Cl)c(F)c(CNC(=O)[C@@H]2C[C@@H](F)CN2C(=O)Nc2cn(C(N)=O)c3ccccc23)c1,-33.1,0
M2R-decoy_2305,CCOc1ccc(OCc2ccc(C(=O)Nc3cccc(C)n3)o2)cc1,-33.09,0
M2R-decoy_2460,CCOC(=O)Cn1c(C(=O)OCC)cc2sccc21,-33.09,0
M2R-decoy_7892,Cc1cc2cc(C)c1CCOC(=O)Nc1ccc(S(=O)(=O)C3CC3)c(c1)CN(C)C(=O)[C@@H]2Nc1ccc2cc[nH]c(=O)c2c1,-33.09,0
M2R-decoy_855,O=C(NCCc1nnc2n1CCC2)N1CCC2(CCCCC2)C1,-33.09,0
M2R-decoy_1097,O=C(NCc1ccc(S(=O)(=O)c2ccccc2)cc1)c1cn2ccnc2cn1,-33.08,0
M2R-decoy_2020,COc1ccc(n2ncc3c(NC[C@H](C)NS(=O)(=O)c4c(C)cc(C)cc4C)cc(C)cc32)cc1,-33.08,0
M2R-decoy_3039,COc1ccc(CN(c2cc(C)cc(C)c2)S(=O)(=O)c2cccn3c(C)nnc23)cc1,-33.08,0
M2R-decoy_5205,CCC(NC(=O)[C@@H]1C[C@@H](S(=O)(=O)c2ccccc2)CN1c1ccccc1)C(=O)c1nc2ccccc2o1,-33.08,0
M2R-decoy_6187,C[C@@H]1C(=O)N(C(=O)C2CC2)[C@H]2CCN(C(=O)[C@@H]3CCCN3S(=O)(=O)c3ccc(c4ccc(Cl)cc4)cc3)[C@H]12,-33.08,0
M2R-decoy_6895,C=C1C(=O)O[C@@H]2[C@H]1CC[C@H](C)[C@]1(O)[C@@H](n3cc(COc4ccc(Br)cc4)nn3)CC(=O)[C@@]21C,-33.08,0
M2R-decoy_7886.1,CCC1=C(C)C2=N/C1=C\c1[nH]c(c(CC)c1CC)/C=c1\[nH]/c(c(C)c1CC)=C\C1=NC(C=C1)/C(c1ccccc1)=c1/cc/c([nH]1)=C/2,-33.08,0
M2R-decoy_10400,Cc1c(Cl)c(C(F)(F)F)nn1CC(=O)N1CCN(c2ccccc2)CC1,-33.07,0
M2R-decoy_3022,CN1C(=O)SC(Cc2ccc(OCCN(C)c3nc4ccccc4o3)cc2)C1=O,-33.07,0
M2R-decoy_707,CC[C@H]1O[C@@H](NC(=S)N/N=C/c2ccc(C(F)(F)F)cc2)[C@H](O)[C@@H](O)[C@@H]1O,-33.07,0
M2R-decoy_8633,O=C(Nc1cccc(C(F)(F)F)c1)Nc1ccc(OC(=O)CCCO[N+](=O)[O-])c(C(=O)Oc2ccc(c3cc(=S)ss3)cc2)c1,-33.07,0
M2R-decoy_11090,CC(OC(=O)C1=NNC(=O)CC1)C(=O)Nc1ncc(Cl)cc1Cl,-33.06,0
M2R-decoy_11182,COC(=O)c1nn(c2cccc(C)c2)c2nnc(Cc3ccccc3)c(=O)n12,-33.06,0
M2R-decoy_10183,Clc1ccc2nc(NC3=[NH+]CC4(C[NH+]5CCC4CC5)O3)sc2c1,-33.06,0
M2R-decoy_297,Clc1ccc2c(Cl)ncnc2c1I,-33.06,0
M2R-decoy_613,Nc1nc(N2CCOCC2)c2sc(c3ccc(F)cc3)nc2n1,-33.06,0
M2R-decoy_7745,O=C(Cc1ccccc1)Nc1cc(c2nc3sccn3c2c2ccnc(Nc3cccc(N4CCOCC4)c3)n2)ccc1Cl,-33.06,0
M2R-decoy_6700.1,CC(=O)c1c(O)c(C)c(O)c2c1OC1=CC(=O)/C(=C(/C)NCCn3c(=O)c(O)nc4ccccc43)C(=O)[C@@]12C,-33.06,0
M2R-decoy_2898,COc1ccc(N(CC(=O)Nc2cccc(C)c2C)S(=O)(=O)c2c(C)n[nH]c2C)cc1,-33.05,0
M2R-decoy_3364,C/C(=N\OCCOc1ccc(CC2SC(=O)NC2=O)cc1)c1cccc(c2ccccc2)c1,-33.05,0
M2R-decoy_603,[O-][S+](c1ccccc1)C1CC2CC3(CCC21O)OCCO3,-33.05,0
M2R-decoy_6667,COc1ccc2ncc(F)c(CCC34CCC(N(C)C(=O)c5ccc6c(n5)NC(=O)CO6)(CC3)CO4)c2n1,-33.05,0
M2R-decoy_10002,CC1=C(O)C(=O)C=C2C1=CC=C1[C@@]3(C)CC[C@@]4(C)CC[C@@](C)(C(=O)OCCCOC(=O)/C=C(\C#N)c5ccc(C)cc5)C[C@H]4[C@]3(C)CC[C@@]21C,-33.04,0
M2R-decoy_9059,COc1ccc(OC)c(c2csc(Nc3ccc(c4ccc(Nc5nc(c6cc(OC)ccc6OC)cs5)c(OC)c4)cc3OC)n2)c1,-33.04,0
M2R-decoy_3742,CCCOc1ccc(C[C@@H](Cc2ccccc2)C(=O)[O-])cc1CNC(=O)c1ccc(c2cccc(F)c2)cc1,-33.03,0
M2R-decoy_3063,COc1ccc(C(=O)/C=C/c2ccc(OCc3nnc(c4ccccc4)o3)c(OC)c2)cc1,-33.02,0
M2R-decoy_3478,COc1ccc(CN(Cc2ccc(OC)cc2)S(=O)(=O)CCNC(=O)C(c2nc3ccc(c4ccccc4)cc3s2)S(C)(=O)=O)cc1,-33.02,0
M2R-decoy_372,Nc1nc(NC(=O)C(Cl)(Cl)Cl)nn1c1ccccc1,-33.02,0
M2R-decoy_966,NS(=O)(=O)c1ccc(NSC(=S)N2CCOCC2)c(Cl)c1,-33.02,0
M2R-decoy_3335,O=C(CCCCCCCSc1ncc(Cc2cnccn2)c(O)n1)c1ccc(Cl)cc1,-33.01,0
M2R-decoy_1250,Cc1nc(NC(=O)c2cccnc2N2CCOCC2)sc1C,-33.0,0
M2R-decoy_2558,COc1ccc2c(c1)C(=O)N(C[C@@]1(C#Cc3nc(c4ccc(S(=O)(=O)NC5CC5)cc4)ccc3OC)NC(=O)NC1=O)C2,-33.0,0
M2R-decoy_8315,O=C(N[C@@H](CCc1ccccc1)CNc1ccc(OC(F)(F)F)cc1)[C@@H](CC(=O)N1CCOCC1)c1ccccc1,-32.99,0
M2R-decoy_10444,O=S(=O)(c1ccc(c2cnc(C3CC3)o2)cc1)N1CCCOc2ccc(F)cc21,-32.98,0
M2R-decoy_11490,O=S(=O)(c1ccc(Cl)cc1)c1nnn2c1nc(NCc1ccccc1)c1sccc12,-32.98,0
M2R-decoy_3225,CC(C)Cc1ccc(C(C)c2nnc(SCc3cn(c4ccccc4)nn3)o2)cc1,-32.98,0
M2R-decoy_5937,CC(C)C[C@H]1O[C@H](COCc2ccccc2)[C@@H](OCc2ccccc2)[C@H](OCc2ccccc2)[C@@H]1O,-32.98,0
M2R-decoy_7680,Cc1c(C(=O)NCCc2ccc(S(N)(=O)=O)cc2)oc2ccc(N(Cc3ccc(Br)cc3)S(=O)(=O)c3ccc(Br)cc3)cc12,-32.98,0
M2R-decoy_361.2,Clc1ccccc1N1CCN(c2[nH]cnc3ncnc2-3)CC1,-32.97,0
M2R-decoy_5368,CCn1nc(CC2(OC)C(=O)N(CC(=O)N(c3ccc(OC)cc3)C(C)C)C=CN(c3ccccc3)C2=O)c2ccccc21,-32.97,0
M2R-decoy_5674,Cc1cc(N[C@@H](Cc2ccccc2)C(=O)NCCCOC(C)C)nc(NCCc2ccc(F)cc2)n1,-32.97,0
M2R-decoy_3224,COc1ccc(/C=C(\F)C(=O)c2cc(OC)c(OC)c(OC)c2)cc1Br,-32.96,0
M2R-decoy_7363,C/C=C/C=C/c1cc2c(Br)c3c(c(O)c2c(O)n1)[C@@]1(CC3)C(=O)C2=C(C(=O)c3c(O)c(NC4CC4)cc(O)c3C2=O)C1=O,-32.96,0
M2R-decoy_10487,Cn1cc(/C=C2\SC(=S)N(N3CCOCC3)C2=O)c2ccccc21,-32.95,0
M2R-decoy_11268,Cc1cc2ncn(CCn3cnc4c(N5CCOCC5)ncnc43)c2cc1C,-32.95,0
M2R-decoy_2210,Cn1c([N+](=O)[O-])cnc1COP(=O)(N(CCCl)CCCl)N(CCCl)CCCl,-32.95,0
M2R-decoy_2443.1,COc1ccc(OC)c(C2CNP(=S)(OC)O2)c1,-32.95,0
M2R-decoy_7065,CS(=O)(=O)C(C(=O)NCc1cccc(S(N)(=O)=O)c1)c1nc2ccc(c3ccccc3)cc2s1,-32.95,0
M2R-decoy_1677,CCn1ccc2cc(C3=NCC(c4cc(OC)c(OC)c(OC)c4)O3)ccc21,-32.94,0
M2R-decoy_6227,CC(C)[NH2+]Cc1cc(NC(=O)[C@H]2CCc3ccc(Oc4ccnc5c4CCC(=O)N5)cc3C2)cc(C(F)(F)F)c1,-32.94,0
M2R-decoy_8952,CCOC(=O)/C(C)=C\C(C)=C\c1csc([C@H](Cc2ccc(OCc3ccccc3)cc2)NC(=O)c2ccco2)n1,-32.94,0
M2R-decoy_1369,Cc1nn(CC(=O)Nc2ccc(Br)cc2F)c(=O)c2cccn12,-32.93,0
M2R-decoy_3763,O=c1nc(n2cncn2)ccn1C1S[C@@H](COCc2ccccc2)[C@H](OCc2ccccc2)[C@H]1OCc1ccccc1,-32.93,0
M2R-decoy_8079,COc1ccc(/C=C/C(=O)c2ccc(OCc3cn([C@@H]4c5cc6c(cc5[C@@H](c5cc(OC)c(OC)c(OC)c5)[C@H]5C(=O)OC[C@H]45)OCO6)nn3)cc2)cc1,-32.93,0
M2R-decoy_8212,C=C[C@@H]1C2=CCOC(=O)C2=CO[C@H]1O[C@@H]1O[C@H](COC(=O)c2ccccc2)[C@@H](SC(C)=O)[C@H](OC(=O)c2ccccc2)[C@H]1OC(=O)c1ccccc1,-32.93,0
M2R-decoy_1785,CS(=O)(=O)c1ccc(c2ccc(C[C@@H](C#N)NC(=O)[C@H]3[NH2+]C4CCC3CC4)cc2)cc1,-32.92,0
M2R-decoy_187,Cn1cc(/C=C2\C(=O)NN=C2c2nccs2)c2cc(F)ccc21,-32.92,0
M2R-decoy_2439,C(=C/c1ccccc1)\Cn1cc(C2=NCCO2)nn1,-32.92,0
M2R-decoy_5815,COC(=O)N[C@H](C(=O)N[C@H](c1ccc([C@@H](CO)N(C(C)C)S(=O)(=O)c2ccc3[nH]ccc3c2)s1)C(F)(F)F)C(c1ccccc1)c1ccccc1,-32.92,0
M2R-decoy_1849,CN(Cc1ccc(c2ccccc2)cc1)C(=O)Cn1cc(Cc2cncnc2)c(=O)nc1SCc1ccc(F)cc1,-32.91,0
M2R-decoy_9272,CC(C)c1ccc(NC(=O)N2CCC[C@H]2C(=O)N2CC[C@H]3[C@H]2[C@H](C)C(=O)N3c2nc3ccc([N+](=O)[O-])cc3s2)cc1,-32.91,0
M2R-decoy_9293,CS(=O)(=O)N1CCC(=C(c2ccc(c3cccc(C#N)c3)cc2)c2nc3cc(F)c(C(F)(F)F)cc3[nH]2)CC1,-32.91,0
M2R-decoy_386,O=C(C1CCCO1)N1CCN(C(=S)Nc2ccc(Cl)cc2)CC1,-32.9,0
M2R-decoy_9834,C=C1CN(S(=O)(=O)c2ccc(C)cc2)CCC[NH+](CC2CCCCC2)CCCN(S(=O)(=O)c2ccc(n3cccc3)cc2)C1,-32.9,0
M2R-decoy_10382,Cc1c(Cn2ccn3c(=O)cc(C4CCOCC4)nc23)cccc1C(F)(F)F,-32.89,0
M2R-decoy_4255,COc1cc2c(Nc3ccc(Cl)cc3F)ncnc2cc1OCCOCCNC(=O)c1c(F)c(F)c(N=[N+]=[N-])c(F)c1F,-32.88,0
M2R-decoy_6830,C=C[C@]1(C)C[C@@H](OC(=O)CSc2nc(O)cc(NC(=O)[C@@H]3CCCC[NH2+]3)n2)[C@]2(C)[C@H](C)CC[C@]3(CCC(=O)[C@H]32)[C@@H](C)[C@@H]1O,-32.88,0
M2R-decoy_8817,O=C(N[C@@H](Cc1ccc2ccccc2c1)C(=O)N[C@H](COC(=O)c1ccccc1)Cc1ccccc1)OCC1c2ccccc2-c2ccccc21,-32.88,0
M2R-decoy_9666,CCN(C)c1nc(CCc2nc3c(C)ncc(C)n3n2)n(C)n1,-32.88,0
M2R-decoy_10768,Cc1ccc2c(c1)N(S(=O)(=O)c1ccc(c3cnc(C4CC4)o3)cc1)CCCO2,-32.87,0
M2R-decoy_4546,Oc1ccc(CCn2cc(CCCCCCc3cn(CCc4ccc(O)c(Br)c4)nn3)nn2)cc1Br,-32.87,0
M2R-decoy_5983,CC1Cc2c(OCc3ccc(c4ccccc4)cn3)ccc3c2c(c(CCOCCC(=O)[O-])n3Cc2ccc(Cl)cc2)S1,-32.87,0
M2R-decoy_6182,CCn1nc2c(c3ccc(Cl)cc3)c(c3cnc(N(C)C)nc3)c(=O)n(Cc3ccc(C#N)cc3)n2c1=O,-32.87,0
M2R-decoy_6320,C=C1C(=O)O[C@H]2[C@H]1CC/C(COC(=O)Cn1cc(F)c(=O)n(Cc3ccc(F)cc3F)c1=O)=C\CC[C@@]1(C)O[C@@H]21,-32.87,0
M2R-decoy_8281,CCOC(=O)/C=C/C(=O)[C@@H](CCc1ccccc1)NC(=O)[C@H](Cc1ccccc1)NC(=O)N1CCOCC1,-32.87,0
M2R-decoy_5732,COC(=O)CCc1cccc(Oc2ccc(CCNC(=O)[C@H](CC(N)=O)NC(=O)OC(C)(C)C)cc2)c1,-32.86,0
M2R-decoy_677,Cn1c(=O)c(c2ccc(Cl)cc2)nc2cnc(N3CCOCC3)nc21,-32.86,0
M2R-decoy_10169,FC(F)(F)c1cc(Nc2ccc([C@@H]3C[NH2+]CCO3)cc2)ncn1,-32.85,0
M2R-decoy_186,C[C@@H](O)[C@H]1C(=O)N2S/C(=C/C(=O)OC(C)(C)C)S[C@H]12,-32.85,0
M2R-decoy_3179,CCS(=O)(=O)N(Cc1cccnc1)c1cccc(c2nc3ccccc3s2)c1,-32.85,0
M2R-decoy_777,Clc1ncnc2c1ncn2C1COc2ccccc2CO1,-32.85,0
M2R-decoy_1629,O=S(=O)(c1ccc(Cl)cc1)N1CC[NH+](C2CCCCCC2)CC1,-32.84,0
M2R-decoy_40,O=C(N/N=C/Nc1ccc(F)c(F)c1)c1ccncc1,-32.84,0
M2R-decoy_1959,Cc1ccc(C(CC(N)=O)NC(=O)C[C@H](O)COc2cc(c3cccnc3)nn2c2ccc(Cl)c(Cl)c2)cc1,-32.83,0
M2R-decoy_491,O=C(NC(=S)Nc1ccc(F)cc1)c1ccc2c(c1)OCCO2,-32.83,0
M2R-decoy_7056,CC1(C)c2cc(OC[C@@H](O)[C@H](O)CO)ccc2C(=O)c2c1oc1cc(OC(=O)NCc3ccccc3)ccc21,-32.83,0
M2R-decoy_8034,C=C[C@@H]1C[C@]1(NC(=O)[C@@H]1C[C@@H]2CN1C(=O)[C@H](C(C)C)Nc1nc(cs1)CCCCc1ccc3nc(c4ccccc4)cc(c3c1)O2)C(=O)NS(=O)(=O)C1CC1,-32.83,0
M2R-decoy_10499,O=C(C1CC1)N1CCN(S(=O)(=O)c2cc(Cl)cc(Cl)c2)CC1,-32.82,0
M2R-decoy_4305,CC(C)OC(=O)COc1cccc(CN(Cc2ccc(n3cccn3)cc2)S(=O)(=O)c2cccnc2)c1,-32.82,0
M2R-decoy_6151,CNC(=O)[C@@]12C[C@@H]1[C@@H](n1cnc3c(NCc4cccc(Cl)c4)nc(C#Cc4ccc(F)c(F)c4)nc31)[C@H](O)[C@@H]2O,-32.82,0
M2R-decoy_6265,CC1=C(C)[C@H]2[C@H](Cc3c[nH]c4ccccc34)NC(=O)[C@]23C(=O)/C=C/C(=O)[C@H](O)/C(C)=C/[C@@H](C)C/C=C/[C@H]3[C@@H]1O,-32.82,0
M2R-decoy_10857,CC(=O)Oc1ccc(Br)cc1C1OC(c2ccc3c(c2)OCCO3)=NN1C(C)=O,-32.81,0
M2R-decoy_1780,Cc1cc(C)cc(NC(=O)C(c2ccccc2)[NH+]2CC[NH+](CC(=O)N3CCCC3)CC2)c1,-32.81,0
M2R-decoy_3212,COC(c1cc(C)no1)c1ccccc1/C=N/N=C(\C)c1ccc(Cl)cc1,-32.81,0
M2R-decoy_5537,CC(C)C1C(=O)N(Cc2cn(CC3CCCCC3)nn2)CCS(=O)(=O)N1Cc1ccc(c2cccc(CO)c2)cc1,-32.81,0
M2R-decoy_6218,O=C(CCS(=O)(=O)c1cc(Br)cc2c1N(C(=O)C1CC1)CC2)Nc1ccc(Br)cc1F,-32.81,0
M2R-decoy_7419,OC1CCCCC1Nc1nc2c(Br)c(Br)c(Br)c(Br)c2[nH]1,-32.81,0
M2R-decoy_7443,O=C(N[C@@H]1N=C(c2ccccc2)c2ccccc2N(CC(F)(F)F)C1=O)N1CCC(n2c(O)nc3c4ccccc4ccc32)CC1,-32.81,0
M2R-decoy_7654.1,CN(Cc1ccncc1)C(=O)C1CCN(c2ccnc3c2c(/C=C2\Oc4ccc(NC(=O)Nc5cccnc5)cc4C2=O)cn3C)CC1,-32.81,0
M2R-decoy_3254,CCOC(=O)CCc1c(C)c2ccc(OCc3cccc(F)c3)c(C)c2oc1=O,-32.8,0
M2R-decoy_4728,COc1cc(Cl)ccc1OCc1cc(C(=O)N(C)CCc2cnn(C)c2)no1,-32.8,0
M2R-decoy_7192,CNC(=O)c1c2cc(c3ccc4c(n3)-c3cc5c(F)c(F)ccc5n3CO4)c(N(C)S(C)(=O)=O)cc2oc1c1ccc(F)cc1,-32.8,0
M2R-decoy_8643,Cc1cccc(COP(=O)(CCCCC2(C(=O)NCC(F)(F)F)c3ccccc3-c3ccccc32)OCc2cccc(C)n2)n1,-32.8,0
M2R-decoy_3181,CCCC(C)n1ccnc1/C=C/C(=O)/C=C/c1coc2ccccc2c1=O,-32.79,0
M2R-decoy_493,Oc1cc(Nc2cccc(Br)c2)nc(O)n1,-32.79,0
M2R-decoy_6483,C[C@]12CC[C@H]3[C@@H](CC[C@H]4C[C@@H](O)CC[C@@]43C)[C@@H]1C[C@H](n1cc(Cn3cnc4c(Cl)nc(N)nc43)nn1)C2=O,-32.79,0
M2R-decoy_5311,O=C([O-])CCSC(SCCC(=O)N1CCOCC1)c1cccc(/C=C/c2ccc3ccc(Cl)cc3n2)c1,-32.78,0
M2R-decoy_9551,CN(C)c1ncccc1CNS(=O)(=O)c1ccc(F)cc1F,-32.78,0
M2R-decoy_11448,Cc1c(Cl)c(C(F)(F)F)nn1CC(=O)N1CCN(c2ccc(Br)cc2)CC1,-32.77,0
M2R-decoy_2859,CCOC(=O)C1(C(=O)OCC)Cc2cc(OCc3ccccc3)cc(OCc3ccccc3)c2C=N1,-32.77,0
M2R-decoy_5408,COc1ccc(CN2C[C@H](COC(=O)c3cn(C)c4ccccc34)NC(=O)c3nn(CCc4ccccc4)cc32)cc1,-32.77,0
M2R-decoy_9896,Nc1nnc(c2cc(C(F)(F)F)cc(S(=O)(=O)N3CCN(C(=O)[C@@H]4C[C@H]4c4ccc(C(F)(F)F)cc4)CC3)c2)o1,-32.77,0
M2R-decoy_11336,O=C1C=CC2(C=C1)OCC(=O)N2c1nc(c2ccc3c(c2)OCCO3)nn1c1ccccc1,-32.76,0
M2R-decoy_10228,S=C(SSC(=S)N1CCSCC1)N1CCSCC1,-32.76,0
M2R-decoy_3472,COc1cc(NC(C)CCCNC(=O)NCCCC(C)Nc2cc(OC)cc3cccnc23)c2ncccc2c1,-32.76,0
M2R-decoy_7163,CC(C)c1ccccc1SC1=C([O-])OC(CCCCC(=O)N2CCN(C(=O)OC(C)(C)C)CC2)(c2ccccc2)CC1=O,-32.76,0
M2R-decoy_6644,COc1nc([S+](C)[O-])ncc1COc1cc(/C=C2\SC(=O)N(C)C2=O)c(Br)cc1O,-32.76,0
M2R-decoy_1112,CCc1cnc2c(c1SCC(=O)Nc1ccc(C)cc1C)c(=O)n(C)c(=O)n2C,-32.75,0
M2R-decoy_2281,COc1cc(OC)cc(OCCCCOc2c3ccoc3cc3oc(=O)ccc23)c1,-32.75,0
M2R-decoy_5548,O=C(CCCCCCOc1ccc2ncnc(Nc3ccc(F)c(Cl)c3)c2c1)NO,-32.75,0
M2R-decoy_8536,CCc1cc(c2nnc(c3cc(C)nc(CC(C)C)c3)o2)cc(C)c1OC[C@@H](O)CNC(=O)CO,-32.75,0
M2R-decoy_8554,COc1ccc(Cn2c([C@H](Cc3ccccc3)NC(C)=O)nnc2[C@@H](Cc2c[nH]c3ccccc23)NC(=O)c2ccccn2)cc1,-32.75,0
M2R-decoy_1440,C=CCc1ccc(Oc2cc(/C=C/C=O)cc(O)c2O)cc1,-32.74,0
M2R-decoy_3466,CCCN(CCC)C(=O)c1cc(C(=O)N[C@@H](Cc2ccccc2)[C@@H](O)C[NH2+]C(C)(C)c2cccc(OC)c2)cc(N2CCCCS2(=O)=O)c1,-32.74,0
M2R-decoy_8610,CC(=O)NCC(=O)N(CCCCN=c1c2ccccc2nc2n1CCCCCC2)CCCN=c1c2ccccc2nc2n1CCCCCC2,-32.74,0
M2R-decoy_9473,O=C(CN(Cc1ccco1)C(=O)CCC(=O)Nc1ccccn1)NCCc1ccccc1,-32.74,0
M2R-decoy_1178,Cc1nc(N2CCN(c3ccc(Cl)cc3)CC2)nc(O)c1C,-32.73,0
M2R-decoy_10253,Cc1cc(C(=O)N2CCN(c3nc4c(C)cccc4s3)CC2)no1,-32.73,0
M2R-decoy_1539,O=C(Cc1ccccc1)NCC(=O)N/N=C/c1cccnc1,-32.73,0
M2R-decoy_2804,CCc1ccccc1NS(=O)(=O)c1cccc2c(NC(=O)/C=C/c3ccc(OC(C)=O)c(OC(C)=O)c3)cccc12,-32.73,0
M2R-decoy_6672,C=C[C@]1(C)C[C@]2(O)[C@H](OC(C)=O)[C@@]3(O)OCC4([C@@H]3[C@@](C)(COC(=O)c3ccccc3)CC[C@H]4O)[C@H]2CC1=O,-32.73,0
M2R-decoy_8357,C[C@H](NP(=O)(COCCn1cnc2c(N)ncnc21)Oc1cccc2ccccc12)C(=O)OCc1ccccc1,-32.73,0
M2R-decoy_1910,C[NH2+][C@@H](C)C(=O)N[C@@H](C(=O)N1CCC[C@H]1C(=O)NCc1csc(c2cccs2)n1)C(C)C,-32.72,0
M2R-decoy_1538,CC(=O)NCCNc1nc(c2cccnc2)nc2ccccc12,-32.72,0
M2R-decoy_2843,CCOC(=O)c1cc(CCCOc2c(C)cc(c3noc(C(F)(F)F)n3)cc2C)on1,-32.72,0
M2R-decoy_3176,CCO[C@@H](c1ccc2c(c1)OCO2)[C@@H](C)[C@H](C)Cc1ccc2c(c1)OCO2,-32.72,0
M2R-decoy_8489.1,CCCn1c(=O)c2nc(c3ccc(OCC(=O)c4ccc(C(=O)OCC)cc4)nn3)[nH]c2n(CCC)c1=O,-32.72,0
M2R-decoy_1595,CCOC(=O)c1c(C)n[nH]c1N/N=C/Cc1ccccc1,-32.71,0
M2R-decoy_3574,CC(=O)OCCOCn1ccc2c(Cl)nc(Cl)nc21,-32.71,0
M2R-decoy_201,O=C1/C(=C/c2ccc(O)c(O)c2)NC(=S)N1c1ccccc1,-32.7,0
M2R-decoy_6477,C[C@H]([NH3+])C(=O)NCc1cccc(n2nc(C(F)(F)F)cc2c2nnc(c3cccc4ncsc43)o2)c1,-32.7,0
M2R-decoy_1095.1,Cc1nc(c2ccc(S(=O)(=O)Nc3ccc(S(N)(=O)=O)cc3)cc2)co1,-32.68,0
M2R-decoy_1445,NC(=O)c1cccc(OCCSc2nc3ccccc3s2)c1,-32.68,0
M2R-decoy_1404,S=C(NCc1ccc(Cl)cc1)N1CCN(c2ccccn2)CC1,-32.68,0
M2R-decoy_1501,C=CCc1c(O)nc(Nc2ccc3c(c2)CCC3)nc1OC,-32.68,0
M2R-decoy_1546,O=C(NCc1ccncc1)c1cccnc1NCc1ccncc1,-32.68,0
M2R-decoy_6821,COc1ccc(C[C@H]2NC(=O)/C=C/C[C@@H](C(=O)C#Cc3ccccc3)OC(=O)[C@H](CC(C)C)OC(=O)[C@H](C)CNC2=O)cc1,-32.68,0
M2R-decoy_162,N#Cc1cnn(C(=O)Oc2ccc3ccccc3c2)c1,-32.67,0
M2R-decoy_1631,CC(=O)N1CCN(C(S)=[NH+]c2ccc(Oc3ccccc3)cc2)CC1,-32.67,0
M2R-decoy_5251,CCC(c1nc2cc(Cl)ccc2c(=O)n1Cc1ccccc1)N(CCC[NH+](C)C)C(=O)c1ccc(Br)cc1,-32.67,0
M2R-decoy_5667,C#Cc1cccc(Nc2ncnc3ccc(OCCCOP(N)(=O)N(CCCl)CCCl)cc23)c1,-32.67,0
M2R-decoy_5868,Cc1ccc(Nc2nc(Cl)nc3c2ncn3Cc2ccccc2)cc1,-32.67,0
M2R-decoy_7884,CC(=O)Oc1ccc(C2OC(c3cc(c4ccccc4)nc4c3c(C)nn4c3ccccc3)=NN2C(C)=O)cc1OC(C)=O,-32.67,0
M2R-decoy_8460,CC1=C(C(=O)Oc2ccccc2)SC2C(O1)OC(COCc1ccccc1)C(OCc1ccccc1)C2OCc1ccccc1,-32.67,0
M2R-decoy_3056,O=C(OC[C@@H]1[C@H](Cc2ccccc2)C(=O)N1S(=O)(=O)c1ccccc1)c1ccccc1,-32.66,0
M2R-decoy_3120,CCOC(=O)CCSc1nc2cc(n3nc(C(C)(C)C)sc3=O)c(F)cc2s1,-32.66,0
M2R-decoy_3213,O=C(/C=C/c1ccc(Oc2cc(=O)oc3ccccc23)cc1)/C=C/c1ccccn1,-32.66,0
M2R-decoy_8107,Cc1ccc(c2ccc(O[C@H]3C[C@@H](C(=O)N[C@@H](Cc4ccc(Br)cc4)C(=O)NS(=O)(=O)c4ccc(Cl)c([N+](=O)[O-])c4)N(C(=O)OC(C)(C)C)C3)cc2)cc1,-32.66,0
M2R-decoy_3195,CCS(=O)(=O)N(C)c1ccc2ccc(OCc3ccc4ccccc4n3)cc2c1,-32.65,0
M2R-decoy_391,O=C(Nc1ncnc2[nH]cnc12)c1ccc(Br)cc1,-32.65,0
M2R-decoy_6992,CCNC(=O)Nc1nc2cc(c3cnc(C(C)(C)O)nc3)cc(c3cc(C[NH+]4CCC(C)(O)C4)ccn3)c2s1,-32.65,0
M2R-decoy_9717,COC(=O)[C@@H]1C[C@H](OC(C)=O)C(=O)[C@H]2[C@@]1(C)CC[C@H]1C(=O)O[C@H](C(=O)c3cccc(C(F)(F)F)c3)C[C@]21C,-32.65,0
M2R-decoy_9826,CC(=O)N1CCN(C(=O)N2CC[C@](c3ccc(C(O)(c4ccccc4)C(F)(F)F)cc3)(S(=O)(=O)c3ccc(F)cc3)C2)CC1,-32.65,0
M2R-decoy_10453,Cc1cccc(c2nc(CSc3nc4ccccc4n4c(C)nnc34)c(C)o2)c1,-32.64,0
M2R-decoy_1150.1,O=C1Nc2ccc(Br)cc2/C1=C1/Nc2ccccc2/C1=N\O,-32.64,0
M2R-decoy_1489,O=S(=O)(NCC(O)/C=C/c1ccccc1)c1ccc(F)cc1,-32.64,0
M2R-decoy_5160.1,COc1cc(OC)c(c2cn3ccc(N4CCN(c5nccc(N6CCOCC6)n5)CC4)cc3n2)cc1Cl,-32.63,0
M2R-decoy_10443,O=S(=O)(c1ccc2nc(N3CCN(c4cccc(Cl)c4)CC3)ccc2c1)N1CCCCC1,-32.62,0
M2R-decoy_1074,O=C(NCc1ccc(S(=O)(=O)c2ccccc2)cn1)c1cnc2nccn2c1,-32.62,0
M2R-decoy_11350,Nn1c(SCC(=O)c2ccc(O)c(O)c2)nc2sc3c(c2c1=O)CCCC3,-32.62,0
M2R-decoy_1312,NC(=O)c1c(N)oc2c(Cl)cc(Cl)cc2c1=O,-32.62,0
M2R-decoy_1356,Cc1c(C(C)C)c(=O)on1C(=O)n1ccc2ccccc21,-32.62,0
M2R-decoy_3026,CC(=O)N1CCN(c2ccc(CN(C3CCC3)S(=O)(=O)c3ccccc3)c(F)c2)CC1,-32.62,0
M2R-decoy_1725,CCOC(=O)c1oc2ccc(N(C(C)C)S(=O)(=O)c3ccc(Cl)cc3)cc2c1C,-32.62,0
M2R-decoy_8558,CCCCCCC(NC(=O)c1ccc(C#N)cc1)C(C)(C)C(=O)N[C@@H](Cc1ccccc1)C(=O)OCc1ccccc1,-32.62,0
M2R-decoy_8603,CCN(CC1CC1)C(=O)c1ccc(c2nc(COc3cc(OC)cc4oc(c5cn6nc(OC)sc6n5)cc34)cs2)cc1,-32.62,0
M2R-decoy_9879,O=C1CSC(c2ccccc2Cl)N1NCc1nc2ccc(Br)cc2c(=O)n1c1nc(c2ccc(Cl)cc2)cs1,-32.62,0
M2R-decoy_10748,CCC(=O)N1CCc2cc(S(=O)(=O)N3CCN(c4cc(C)ccc4C)CC3)ccc21,-32.61,0
M2R-decoy_3426,O=C(CCc1ccc(COc2ccccc2)cc1)c1ncco1,-32.61,0
M2R-decoy_6172,Cc1ccc(COc2ccc3[nH]c(C4[C@@H](C(=O)[O-])C4(C)C)[n+](Cc4ccc(Br)cc4)c3c2)nc1,-32.61,0
M2R-decoy_818,O=C(c1cccs1)N1CCn2c1nc1ccccc12,-32.61,0
M2R-decoy_9756,COc1ccc(NC(=S)N2CCc3c(sc4c3C(c3ccccc3Cl)=NCc3nnc(C)n3-4)C2)cc1,-32.61,0
M2R-decoy_1291,N#CN1CC(C(=O)Nc2cn(c3ccccc3)cn2)CC(F)(F)C1,-32.6,0
M2R-decoy_3113,Cc1nnc(SCc2nnc(c3cccs3)o2)n1Cc1ccccc1,-32.6,0
M2R-decoy_6281,CC1=C(C(=O)Nc2ccccc2)C(c2ccc([N+](=O)[O-])cc2)n2c(o/c(=C\c3ccc(N(C)C)cc3)c2=O)=N1,-32.6,0
M2R-decoy_6741,Cn1cnc(S(=O)(=O)N(Cc2ccc(n3cccn3)cc2)C2Cc3cc(C#N)ccc3N(Cc3cncn3C)C2)c1,-32.6,0
M2R-decoy_10531,O=C1C=C2C(=CCOC2OC(=O)c2ccc(Br)cc2)O1,-32.59,0
M2R-decoy_4676,CCCC(OC(=O)CO[N+](=O)[O-])C1=CC(=C(Br)Br)OC1=O,-32.59,0
M2R-decoy_5500,CS(=O)(=O)NC1CCN(c2ccc(CN(CC(F)(F)F)S(=O)(=O)Cc3ccccc3)c(F)c2)CC1,-32.59,0
M2R-decoy_10479,CC1=NN(c2ccc(Br)cc2Br)C(=O)C1=O,-32.58,0
M2R-decoy_1083,O=C(Cn1c(=O)ccc2cc(S(=O)(=O)N3CCCC3)ccc21)Nc1ccccc1,-32.58,0
M2R-decoy_11473,Cn1ccnc1C(=O)N1CCC(c2cc(F)ccc2F)(S(=O)(=O)c2ccc(Cl)cc2)CC1,-32.58,0
M2R-decoy_5512,COc1cc2c(cc1OC)C(=O)C(CC1CC[NH+](CC(=O)Cc3nc4ccc([N+](=O)[O-])cc4s3)CC1)C2,-32.58,0
M2R-decoy_18,c1ccc(c2nnc(CSc3nncs3)o2)cc1,-32.57,0
M2R-decoy_1810,O=c1c2c(Nc3ccc(I)cc3F)cncc2ncn1C[C@H](O)CO,-32.57,0
M2R-decoy_1909,Cc1cc(C[NH+](CCC(F)(F)F)C(CC(=O)[O-])c2ccc(Cl)cc2)ccc1OCCN1C(=O)CCC1=O,-32.57,0
M2R-decoy_3172,Cc1ccc(OCc2nnc(SC3CCCC3)n2c2cccnc2)cc1,-32.57,0
M2R-decoy_4489,CCOCCOC(=O)/C(C#N)=C(\NCc1ccc2ccccc2n1)SC,-32.57,0
M2R-decoy_3334,CCOC(=O)c1ccc(COC2CCN(c3ccc(C)nn3)CC2)cc1,-32.57,0
M2R-decoy_3433,O=C(CC(C(=O)c1ccco1)c1cccs1)c1cccs1,-32.57,0
M2R-decoy_5789,COc1ccc(/C=C/c2ccc(C(=O)Nc3cc(C(=O)Nc4nc(C(=O)NCCC[NH+](C)C)c(C(C)C)s4)n(C)c3)cn2)cc1,-32.57,0
M2R-decoy_4913,CCOC(=O)c1c2cc(OCc3cn(CCN4C(=O)/C(=N/OC)c5cc(OC)ccc54)nn3)ccc2oc1c1ccc(OC)cc1,-32.57,0
M2R-decoy_8557,CC(CSC(CCc1ccccc1C(=O)N(C)CO)c1cccc(OCc2ccc3ccc(Cl)cc3n2)c1)C(=O)[O-],-32.57,0
M2R-decoy_10410,CC1CCN(S(=O)(=O)c2cccc(C(=O)N3CCN(c4ccc(F)cc4)CC3)c2)CC1,-32.56,0
M2R-decoy_10455,COC(=O)[C@@H]1N2C(=O)[C@H](Cl)[C@H]2S[C@@]1(C)CSc1nc2ccccc2s1,-32.56,0
M2R-decoy_10814,O=S(=O)(c1ccc(OCc2ccc(Br)cc2)cc1)N1CCOCC1,-32.56,0
M2R-decoy_11495,CC(C)(C)[C@@H](O)C(=O)N1N=CC[C@H]1C(=O)NCc1cc(Cl)ccc1n1cnnn1,-32.56,0
M2R-decoy_1497,CC(O)CNC1=CC(=O)C(SC/C=C/c2ccccc2)=CC1=O,-32.56,0
M2R-decoy_3317,Cc1ccc(c2nnc(CCC(=O)N(C)Cc3nccs3)o2)s1,-32.56,0
M2R-decoy_8220,O=C1NC(=O)N(C2CCN(C(=O)C34CC5CC(CC(Br)(C5)C3)C4)CC2)C1Cc1ccc(OS(=O)(=O)c2cccc3cnccc23)cc1,-32.56,0
M2R-decoy_4524,C=CC[C@@H](CC(=O)N(CCO)Cc1ccccc1)C(=O)N[C@@H](COC(=O)[C@@H](CC=C)Cc1ccc(F)cc1)Cc1ccccc1,-32.55,0
M2R-decoy_10567,O=C(O/N=C1\CCS(=O)(=O)c2sccc21)c1ccc(F)cc1,-32.54,0
M2R-decoy_10859,Cc1ccc(C2CN(c3ncc(C(F)(F)F)cn3)CCN2C(=O)C2CCS(=O)(=O)CC2)s1,-32.54,0
M2R-decoy_4811,COc1cc(/C=C/C(=O)/C=C/c2cccc([N+](=O)[O-])c2)ccc1OCc1cn(CCN2C(=O)C(=O)c3ccccc32)nn1,-32.54,0
M2R-decoy_5886,Clc1ccc(c2nnc(SCc3nc4ccccc4[nH]3)o2)cc1,-32.54,0
M2R-decoy_9280,O=C([O-])c1cccc(c2ccc(/C=C3\S/C(=[NH+]\c4ccc(Cl)cc4)N(c4ccc(Cl)cc4)C3=O)s2)c1,-32.54,0
M2R-decoy_10901,N#Cc1cc(F)ccc1c1ccc(CS(=O)(=O)c2nnc(c3ccc4c(c3)OCCO4)o2)cc1,-32.53,0
M2R-decoy_1146,O=C1Nc2ccc(F)cc2/C1=N/NC(=S)Nc1ccc(Cl)cc1,-32.53,0
M2R-decoy_10160,O=C1NC(SCc2ccccc2)=[NH+]/C1=C\c1c[nH]c2ncccc12,-32.53,0
M2R-decoy_1963.1,CC(=O)NC(C)c1cccc(CC(=O)Nc2ccc(CCCCc3nnc(NC(=O)Cc4ccccc4)s3)nn2)c1,-32.53,0
M2R-decoy_5321,COc1ccc(S(=O)(=O)N(Cc2ccccc2)c2ccccc2C(=O)Nc2ccccc2C(=O)NCc2ccco2)cc1,-32.53,0
M2R-decoy_7447,O=C1c2cc(I)ccc2Oc2cc([N+](=O)[O-])ccc2N1c1ccc(Br)cc1F,-32.53,0
M2R-decoy_11143,CCn1c(SCC(=O)N2CCCCC2C)nc2c1c(=O)n(C)c(=O)n2C,-32.52,0
M2R-decoy_1435,Cc1ccc(C(=O)CCCOc2ccc(C3=NCCO3)cc2)s1,-32.52,0
M2R-decoy_3646,NC(=O)c1cc(C[C@@H](O)CO)cc(c2ccc(Oc3ccc(F)cc3)cc2)n1,-32.52,0
M2R-decoy_11010,Clc1ncccc1C(OCC#Cc1ccc(I)cc1)c1cccs1,-32.51,0
M2R-decoy_2271,COCCn1c(SCC(=O)c2cccc(OC)c2)nnc1c1ccco1,-32.51,0
M2R-decoy_2991,Cn1cncc1C(OCc1c(c2cccc(F)c2)cc(C#N)c(=O)n1C)c1ccc(C#N)cc1,-32.51,0
M2R-decoy_3194,Cc1ccc2cccc(OCC(=O)c3cc(C)n(Cc4ccco4)c3C)c2n1,-32.51,0
M2R-decoy_4884,CC(C)C[C@H](NC1=C(Nc2ccc(C(C)(C)C)cc2)C(=O)C1=O)C(=O)NN(Cc1ccccc1)C(=O)/C=C/S(=O)(=O)c1ccccc1,-32.51,0
M2R-decoy_5718,C[NH+](C)CCNc1nc(NCCCNc2ccnc3cc(Cl)ccc23)nc(N2CCOCC2)n1,-32.51,0
M2R-decoy_5879,Cc1csc2nc(CNS(=O)(=O)c3ccc4c(c3)CCCC4)cn12,-32.51,0
M2R-decoy_6936,O=C1Cc2cc(CN3C(=O)N(Cc4ccc5c(c4)CC(=O)N5)[C@H](Cc4ccccc4)[C@H](O)[C@@H](O)[C@H]3Cc3ccccc3)ccc2N1,-32.51,0
M2R-decoy_6521.1,O=C(NCc1nnc(S)n1c1ccc(Br)cc1)c1ccc(S(=O)(=O)N2CCOCC2)cc1,-32.51,0
M2R-decoy_6581,Cn1ccc(S(=O)(=O)N2CCC3=Cc4c(cnn4c4ccc(F)cc4)C[C@]3(C(=O)c3cc(C(F)(F)F)ccn3)C2)n1,-32.51,0
M2R-decoy_945,CS(=O)(=O)c1ccc(C#CC(=O)c2ccc(F)c(F)c2)cc1,-32.51,0
M2R-decoy_10698,NS(=O)(=O)c1ccc2c(c1)/C(=C/c1c[nH]c3ccccc13)C(=O)N2,-32.5,0
M2R-decoy_10238,O=C1C=C(c2ccc(Br)cc2)/C(=C/Br)N1,-32.5,0
M2R-decoy_2288,COC(c1ccccc1)c1nnc(CCC(=O)N(C)CCOc2ccccc2)o1,-32.5,0
M2R-decoy_6574,O=C([C@@H]1C[C@H]1c1ccc(C(F)(F)F)cc1)N1CCN(S(=O)(=O)c2cc(C(F)(F)F)cc(c3ncon3)c2)CC1,-32.5,0
M2R-decoy_8383,O=C(COc1ccccc1c1nc(N(CC(=O)NCc2ccccc2)c2ccc3[nH]ncc3c2)c2ccccc2n1)NCc1ccccc1,-32.5,0
M2R-decoy_4310,COc1ccc(CNC(=O)CN(Cc2ccco2)C(=O)CNS(=O)(=O)c2ccc(F)cc2)cc1,-32.49,0
M2R-decoy_10606,O=S(=O)(c1ccc(C#Cc2cccc(F)c2)cc1)N1CCOCC1,-32.48,0
M2R-decoy_6534,CCC(=O)N1CCc2cc(Br)cc(S(=O)(=O)N3CCCC(C(=O)Nc4cccc(Cl)c4C)C3)c21,-32.48,0
M2R-decoy_9247,CC([NH2+]Cc1cc(Br)ccc1OCC(=O)NCc1ccccc1)c1ccccc1,-32.48,0
M2R-decoy_9747,O=c1oc2ccc(Br)cc2cc1c1csc(N2N=C(c3ccc(Cl)cc3)C[C@@]2(O)C(F)(F)F)n1,-32.48,0
M2R-decoy_1085,Cn1cncc1CN1CC(NS(=O)(=O)c2ccccc2)Cc2cc(C#N)ccc21,-32.47,0
M2R-decoy_1917.1,NC(=O)c1cccc([C@@H]2C[C@@H]3CC[C@H](C2)[NH+]3CCN(CC23CC4CC(CC(C4)C2)C3)C(=O)CO)c1,-32.47,0
M2R-decoy_1567,CSc1ccc(NC(=O)Cn2cc(NC(C)=O)cn2)cc1,-32.47,0
M2R-decoy_2862,COc1ccc(c2noc(CCCCC(=O)N3CCN(c4cc(C)ccc4C)CC3)n2)cc1,-32.47,0
M2R-decoy_3242,Cc1cc(C)n2cc(CCc3nc(c4cccs4)cn3CCC(C)C)nc2n1,-32.47,0
M2R-decoy_8147,COc1ccc(COC[C@H](C)N2C[C@@H](C)[C@H](CN(C)S(=O)(=O)c3ccc(F)cc3)Oc3ccc(NC(=O)Nc4c(C)noc4C)cc3C2=O)cc1,-32.47,0
M2R-decoy_10249,CC(C)(C)n1nnc2c1CCC(n1cnc(c3ccc(F)cc3)n1)C2,-32.46,0
M2R-decoy_345,O=C(N1CCCC1)N1CCc2nc(C#Cc3ccccc3)sc2C1,-32.46,0
M2R-decoy_9437,COc1ncc(c2cc(OCCCCCCCCC(=O)NO)c3ncnc(C)c3c2)cc1F,-32.46,0
M2R-decoy_10159,CC(=O)NC(C)Cc1ccc(C#Cc2ccc(OC3C[NH2+]C3)cc2)cc1,-32.45,0
M2R-decoy_5891,Cc1nc(Nc2ccc(OCCCCO[N+](=O)[O-])cc2)c2c(C)nn(c3ccc(Br)cc3)c2n1,-32.45,0
M2R-decoy_6050,O=C(N[C@H](CNc1ccc(OC(F)(F)F)cc1)C1CC1)[C@@H](CC(=O)N1CCOCC1)c1ccc(C(F)(F)F)cc1,-32.45,0
M2R-decoy_10848,Cc1nnc2c(S(=O)(=O)N(Cc3cc(F)cc(F)c3)c3cccc(F)c3)cccn12,-32.44,0
M2R-decoy_10336,Cn1c(=O)c2c(nc(/C=C/c3ccc(Cl)cc3)n2C)n(C)c1=O,-32.44,0
M2R-decoy_1484,CS(=O)(=O)c1cccc(c2nnc(SCc3ccccc3)o2)c1,-32.44,0
M2R-decoy_3959,COc1ccc(/C=C(\C#N)C(=O)N[C@H](Cc2c[nH]c3ccccc23)c2nnc(CCc3ccccc3)n2Cc2ccc(OC)cc2)cc1,-32.44,0
M2R-decoy_11216,O=C(CC1CCOCC1)N1CCCC(Oc2ccc(NC(=O)N3Cc4ccncc4C3)cc2)C1,-32.43,0
M2R-decoy_2260,COC(=O)CNC(=O)CSc1nnc(COc2ccc(Cl)cc2)n1c1ccccc1,-32.43,0
M2R-decoy_1646,O=C1[NH+]=C(N[C@H](CO)Cc2ccccc2)S/C1=C\c1ccc2ncccc2c1,-32.43,0
M2R-decoy_4320,COCCNC(=O)C(c1ccco1)N(Cc1ccc(OC)cc1)C(=O)Cn1nnc2ccccc21,-32.43,0
M2R-decoy_9642,COc1ccc(/C=C/c2cnccn2)cc1OC,-32.43,0
M2R-decoy_58,COc1ccnc(NC(=O)NCc2cccs2)c1,-32.42,0
M2R-decoy_968,O=C(CS(=O)(=O)c1cccc2nsnc12)Nc1ccc(F)cc1F,-32.42,0
M2R-decoy_10760,N#Cc1cccnc1OC1CCN(S(=O)(=O)c2ccc(Br)cc2)CC1,-32.41,0
M2R-decoy_1474,NC(=O)CSc1nnc(SCc2ccc(Cl)cc2)s1,-32.41,0
M2R-decoy_8783,COc1ccc(Cn2c(CCc3ccccc3)nnc2[C@@H](Cc2c[nH]c3ccccc23)NC(=O)CNC(=O)c2ccc(C#N)nc2)cc1,-32.41,0
M2R-decoy_10358,Cn1c(S)nnc1Cn1c(C2CC2)nc2cc(Cl)c(Cl)cc21,-32.4,0
M2R-decoy_3408.1,Sc1nnc(CCSCc2ccccc2)n1c1ccccc1,-32.4,0
M2R-decoy_10854,CN(C)c1cc(CN2C(=O)N(c3ccc(SC(F)(F)F)cc3)C(=O)C2(C)C)ccn1,-32.39,0
M2R-decoy_1795,NNC(=O)c1cn(c2ccc(S(N)(=O)=O)cc2)nc1c1ccc(Br)cc1,-32.39,0
M2R-decoy_609,O=C(NCc1nnc2n1CCCC2)N1CCc2sccc2C1,-32.39,0
M2R-decoy_680.1,Nc1nc(N)c2c(n1)CCC(S(=O)(=O)c1ccc3ccccc3c1)C2,-32.39,0
M2R-decoy_10201.1,C[NH+]1C[C@@H]2CN(C(=O)c3nc4c(F)c(F)ccc4[nH]3)C[C@@H]2C1,-32.38,0
M2R-decoy_6217,CCC(CC)Nc1ccc(C#Cc2c3ccccc3c(C#Cc3cn([C@H]4C[C@H](O)[C@@H](CO)O4)c(=O)[nH]c3=O)c3ccccc23)cc1,-32.38,0
M2R-decoy_10976,Cc1cc(OCc2ccc(F)cc2F)c(Br)c(=O)n1c1c(F)cccc1F,-32.37,0
M2R-decoy_11070,Cc1ccc(S(=O)(=O)/C(=C/c2ccc(Br)cc2)C(=O)c2ccc(Br)cc2)cc1,-32.37,0
M2R-decoy_9007,FC(F)(F)C(F)(F)C(F)(F)C(F)(F)C(F)(F)C(F)(F)CCn1cc(COc2ccc(c3nc4c(ccc5ccccc54)o3)cc2)nn1,-32.37,0
M2R-decoy_1594,CC(C)Oc1ncccc1CNC(=O)c1cc[nH]n1,-32.36,0
M2R-decoy_3106,Cc1cc(C)n2nc(SCc3nnc(SCc4ccc(F)cc4F)s3)nc2n1,-32.36,0
M2R-decoy_5275,CN(c1ccc(C(=O)Nc2n[nH]c3cc(OCCOCc4ccccc4)ccc23)cc1)C1CC[N+](C)([O-])CC1,-32.36,0
M2R-decoy_7446,O=C(Nc1nc2c(s1)CCc1c-2c(Br)n(Cc2ccccc2)c1Br)c1ccccc1,-32.36,0
M2R-decoy_9466,COCCOc1ccc(c2ccc(COc3ncccc3C(=O)NCCO)nc2)c(C)c1,-32.36,0
M2R-decoy_1487,CCC([NH+]=C(S)NCc1ccc(F)cc1)c1ccc(C(C)C)cc1,-32.35,0
M2R-decoy_2174,O=C([O-])/C=N/OCC=C(c1ccc(OCc2ccc3ccccc3n2)cc1)c1ccc(OCc2ccc3ccccc3n2)cc1,-32.35,0
M2R-decoy_3444,C=CC(=O)N(Cc1ccccc1)c1nc(c2ccccc2)cs1,-32.35,0
M2R-decoy_9638,CCOC(=O)c1cc(/C=C/c2ccsc2)on1,-32.35,0
M2R-decoy_11241,CC1Cc2nc(SCC(=O)N3CCN(c4ccccc4)CC3)n(C)c(=O)c2S1,-32.34,0
M2R-decoy_277,Oc1nc2nc(Cl)c(Cl)c(Cl)c2nc1O,-32.34,0
M2R-decoy_8517,COc1ccc(S(=O)(=O)N(CC(C)C)C[C@@H](O)CNC(=O)c2ccc3occc3c2)cc1OC,-32.34,0
M2R-decoy_9083,O=C(COCc1cc(C(F)(F)F)cc(C(F)(F)F)c1)C(CC[NH+]1CCC(O)(c2ccccc2)CC1)c1ccc(Cl)c(Cl)c1,-32.34,0
M2R-decoy_10792,Brc1c(CSc2nncn2c2ccccc2)nc2ncccn12,-32.33,0
M2R-decoy_11496,O=C1C(C2=[NH+]S(=O)(=O)c3ccccc3N2)=C([O-])[C@H](Cc2cccnc2)N1Cc1ccc(F)cc1,-32.33,0
M2R-decoy_1341,N#Cc1c(F)c(F)c(C#N)c2c1Oc1ccccc1O2,-32.33,0
M2R-decoy_5186,CN(C(=O)/C=C/c1ccc(S(C)(=O)=O)cc1)c1ccc(S(=O)(=O)NC2CCCCCC2)cc1,-32.33,0
M2R-decoy_6624,CC(=O)OCC(C)(OC(C)=O)[C@@H]1C[C@H](OC(C)=O)[C@@]2(C)Oc3cc(c4cccnc4)oc(=O)c3C(=O)[C@@H]2C1,-32.33,0
M2R-decoy_7869,O=C(Nc1ccccc1)N1CCC(c2ccc(C(O)(C(F)(F)F)C(F)(F)F)cc2)(S(=O)(=O)c2ccc(F)cc2)C1,-32.33,0
M2R-decoy_6712,COc1ccc(c2nn(c3ccccc3)cc2C(=O)N2CCN(S(=O)(=O)c3ccccc3[N+](=O)[O-])CC2)cc1,-32.33,0
M2R-decoy_6542,COc1nc(N(C)C)ncc1c1cc2c(n1C(C)C)C(c1ccc(C#N)cc1)N(c1cc(Cl)c(=O)n(C)c1)C2=O,-32.33,0
M2R-decoy_9076,Cc1c(C)n(Cc2ccc(c3ccccc3C(=O)N(C)C)cc2)c2ccc(C(=O)N[C@@H](C)c3cccc(C(C)C)c3)cc12,-32.33,0
M2R-decoy_1137,Cn1/c(=N/NC(=O)c2ccccc2Br)sc2ccccc21,-32.32,0
M2R-decoy_2446,COc1ccnc(NC(=O)CSCc2cccnc2)c1,-32.32,0
M2R-decoy_1716,COc1cc(OC)c([C@@H]2COc3c(ccc4c3C=CC(C)(C)O4)C2)cc1/C=C/C(=O)c1ccco1,-32.32,0
M2R-decoy_5460,COc1cc(N2CCN(CCC#N)C2=O)ccc1Nc1ncc(Cl)c(Nc2ccccc2S(=O)(=O)C(C)C)n1,-32.31,0
M2R-decoy_9254,O=C(NCC1CCCO1)c1nn2c(C(F)(F)F)cc(c3cc(Br)cs3)nc2c1Br,-32.31,0
M2R-decoy_2974,c1ccc(COc2ccccc2c2cccc(n3nnc(c4ccccn4)n3)c2)cc1,-32.3,0
M2R-decoy_3449,CCCN(CCC)C(=O)c1cc(c2ccc(Cl)cc2)on1,-32.3,0
M2R-decoy_6077,CCO[C@@H](Cc1ccc(OCCc2nc(c3ccccc3)oc2C)c2ccsc12)C(=O)[O-],-32.3,0
M2R-decoy_5260,Cc1ccc(S(=O)(=O)N(c2cccc(OCCNc3ccncc3)c2)S(=O)(=O)c2ccc(C)cc2)cc1,-32.29,0
M2R-decoy_5993,COC(=O)c1ccc(C(NC(=O)OCc2ccccc2)/C(=C/[C@@H](C)C(=O)N(C)Cc2ccccc2)c2cccnc2)cc1,-32.29,0
M2R-decoy_6701,COc1cccc(c2cc(C(=O)N/N=C/c3c(Cl)c4ccccc4oc3=O)nn2c2ccc(S(N)(=O)=O)cc2)c1,-32.29,0
M2R-decoy_5874,S=C(NCC1CCCO1)N1CCN(c2nc(c3ccccc3)cs2)CC1,-32.28,0
M2R-decoy_604,O=C(Nc1ccc(Cl)cc1)N1CCN(C(=O)C2CCCO2)CC1,-32.28,0
M2R-decoy_1007,C[S+]([O-])c1cccc(n2c(=O)n(Cc3ccccc3)c(=O)c3[nH]cnc32)c1,-32.27,0
M2R-decoy_11229,CC1Cc2cc(S(=O)(=O)N3CCC(C(=O)N4CCCCC4)CC3)ccc2N1C(=O)C1CC1,-32.27,0
M2R-decoy_11272,Cc1nnc(CN2CC(C)(C)[C@@H](Oc3ccc(C#N)c(C(F)(F)F)c3)C2=O)o1,-32.27,0
M2R-decoy_2153,COc1cc2c(Nc3cccc(Br)c3)ncnc2cc1OCCCCCCn1ccnc1[N+](=O)[O-],-32.27,0
M2R-decoy_3232,CCOC(=O)c1ccc(COC(=O)CCc2nc(c3ccccc3)c(c3ccccc3)o2)cc1,-32.27,0
M2R-decoy_5400,Cc1ccc(C(C(=O)NCC2CCCO2)N(Cc2ccccc2F)C(=O)Cn2nnc(c3cccs3)n2)cc1,-32.27,0
M2R-decoy_6886,O=C(NCC1CCCO1)c1ccc2c(=O)n(CC3CCCO3)c(SCC(=O)N3CCCC3)nc2c1,-32.27,0
M2R-decoy_9479,O=C(CC(Cc1c[nH]c2ccccc12)(NC(=O)OC1C2CC3CC(C2)CC1C3)C(=O)NCCc1ccccc1)NCCc1ccccc1,-32.27,0
M2R-decoy_11403,CCN1CC2(CCN(S(=O)(=O)c3ccc(c4ccc5occc5c4)cc3)CC2)OCC1=O,-32.26,0
M2R-decoy_2403.1,COc1ccc(Cc2nnc(NC(=O)C(C)C)s2)cc1,-32.26,0
M2R-decoy_1711,Cc1cccc(c2nc(CSCC(=O)N3CCN(c4ccccn4)CC3)c(C)o2)c1,-32.26,0
M2R-decoy_1739,Cc1ccc(c2c(OCc3cn(Cc4ccccc4Cl)nn3)cnn2c2ccc(F)cc2)cc1,-32.26,0
M2R-decoy_3155,Cc1ccc(C(=O)N(C)CCOc2ccccc2)cc1S(=O)(=O)N1CCCCC1,-32.26,0
M2R-decoy_3217,C=C[C@H](OC/C=C/c1ccc(OC(C)=O)cc1)c1ccc(OC(C)=O)cc1,-32.26,0
M2R-decoy_5855,CSc1ccc(c2nnc(NC(=O)c3ccc(Cl)s3)o2)cc1,-32.26,0
M2R-decoy_6461,COc1ccc(NC(=O)c2nnn(Cc3nc(c4cc(Br)ccc4OC)oc3C)c2C)cc1,-32.26,0
M2R-decoy_746,OC[C@H]1O[C@H](Oc2ccc(c3cccc(O)c3)cc2)[C@@H](O)[C@@H](O)[C@@H]1O,-32.26,0
M2R-decoy_8820,CCCCCCC(=O)NC[C@H](Cc1ccc(OCCc2nc(c3ccccc3)oc2C)cc1)Nc1ccccc1C(=O)c1ccccc1,-32.26,0
M2R-decoy_9821,C=C(C)[C@@H]1CC[C@]2(C(=O)[O-])CC[C@]3(C)C(CCC4[C@@]5(C)CC[C@H](OC(=O)Cc6cc(OC)ccc6OC)C(C)(C)C5CC[C@]43C)C12,-32.26,0
M2R-decoy_990,COc1ccccc1N1CCN(C(=O)C(=O)N/N=C/c2ccccc2F)CC1,-32.26,0
M2R-decoy_1099,OC[C@H]1O[C@@H](n2ccc3c(SCc4c(F)cccc4Cl)ncnc32)[C@H](O)[C@@H]1O,-32.25,0
M2R-decoy_2434,COc1cccc(OCc2nnc(SC)n2C)c1,-32.25,0
M2R-decoy_3197,Fc1ccccc1CSc1nnc(Cn2cnc3ccccc32)n1c1ccccc1,-32.25,0
M2R-decoy_3882,CC(=O)Oc1ccc(C[C@H](NC(=O)C(CSC(C)=O)C(C)c2ccc(F)cc2)C(=O)OCc2ccccc2)cc1,-32.25,0
M2R-decoy_5461,CCCS(=O)(=O)c1ccc(CNc2nc3cnc(c4c(C)ncnc4C4CC4)nc3n([C@@H](C)C3CC3)c2=O)nc1,-32.25,0
M2R-decoy_988,C[S+]([O-])c1ccccc1n1c(=O)n(Cc2ccccc2)c(=O)c2[nH]cnc21,-32.25,0
M2R-decoy_10810,COc1ccc2nc(C3(OC)C=CC(=NS(=O)(=O)c4ccc(C)cc4)C=C3)sc2c1,-32.24,0
M2R-decoy_854,N#C/C(=C\c1ccc(O)c(O)c1)C(=O)N1CCN(c2ccccc2)CC1,-32.24,0
M2R-decoy_2355,CC(C)n1cnnc1SCC(=O)c1ccc(C#N)cc1,-32.23,0
M2R-decoy_2574,CC(CNC(=O)Nc1ccc(C(C)(C)C)cc1)C[NH+](C)C[C@H]1O[C@@H](n2cnc3c(N)ncnc32)[C@H](O)[C@@H]1O,-32.23,0
M2R-decoy_3146,O=C(c1ccc(Oc2ncccc2C2CCOC2)cc1)c1nc2ccccc2n1CCF,-32.23,0
M2R-decoy_617,O=C(C1CCCO1)N1CCN(C(=S)Nc2ccc(F)cc2)CC1,-32.23,0
M2R-decoy_6331,Cc1ccc(n2nc(C3CCN([S+]([O-])CCc4ccccc4)CC3)cc2NC(=O)c2cnn3cccnc23)cc1,-32.23,0
M2R-decoy_634,O=C(Nc1cc(O)nc(O)n1)c1cccc(Br)c1,-32.23,0
M2R-decoy_11464,O=c1c2sccc2n2c(=O)n(Cc3cccc(Br)c3)nc2n1Cc1cccs1,-32.22,0
M2R-decoy_1942,C[NH2+][C@@H](C)C(=O)N[C@H](C(=O)N1CCc2ccccc2[C@H]1C(=O)Nc1c(F)cccc1F)[C@@H](C)OC,-32.22,0
M2R-decoy_1520,O=C(/C=C/c1ccc(F)cc1)c1ccc(OCC2=NCCO2)cc1,-32.22,0
M2R-decoy_1693,Cn1cncc1C(OCc1ccc(C#N)cc1c1ccc(F)c(F)c1)c1ccc(C#N)cc1,-32.22,0
M2R-decoy_3252,Cc1ccc2nc(N(Cc3cccnc3)C(=O)CCOc3ccccc3)sc2c1,-32.22,0
M2R-decoy_5846,S=C(Nc1ccc(Oc2ccccc2)cc1)N1CCN(c2ccccn2)CC1,-32.22,0
M2R-decoy_6301,COc1cc(OC)c2c(c1)C(=O)c1cc(C)c(Cn3cc(F)c(=O)n(Cc4cccc(F)c4)c3=O)c(OC)c1C2=O,-32.22,0
M2R-decoy_1309,O=c1/c(=C/c2cccc3ccccc23)sc2ncnn12,-32.21,0
M2R-decoy_6621,CNC(=O)[C@@]12C[C@@H]1[C@@H](n1cnc3c(NCCc4ccccc4)nc(C#Cc4ccccc4)nc31)[C@H](O)[C@@H]2O,-32.21,0
M2R-decoy_6738,Cc1cc(F)c(c2nc(C(=O)Nc3cnccc3[C@@H]3C[C@H]([NH3+])[C@H](OCCS(C)(=O)=O)[C@H](C)C3)ccc2F)c(F)c1,-32.21,0
M2R-decoy_10247,O=c1c(c2ccco2)nnc2n1CCN2c1ccccc1Cl,-32.2,0
M2R-decoy_5686,O=C(CCCCCCC(=O)Nc1ccccc1O)N/N=C/c1ccc(OCc2ccccc2)cc1O,-32.2,0
M2R-decoy_6585,Cc1ccn2nc([C@H](C)Nc3ncnc4[nH]cc(c5cccc(NS(C)(=O)=O)c5)c34)n(c3ccccc3)c(=O)c12,-32.2,0
M2R-decoy_11327,O=S(=O)(c1ccc(F)c(F)c1F)N1CCN(C(=S)NCc2ccccc2)CC1,-32.19,0
M2R-decoy_2931,CO/N=C(/C(=O)OC)c1ccccc1CO/N=C(\C)C1=Cc2ccccc2C1,-32.19,0
M2R-decoy_2256,CCNc1nc(NCC)nc(OCCOC(=O)c2ccccc2)n1,-32.18,0
M2R-decoy_5746,O=S(=O)(Nc1ccc(CC[NH2+]C[C@H](O)c2cccnc2)cc1)c1ccc(c2noc(CCOC3CCCC3)n2)cc1,-32.18,0
M2R-decoy_6391,C[C@H]1CN([C@H](C)CO)C(=O)c2cc(C#Cc3cccnc3)cnc2O[C@@H]1CN(C)S(=O)(=O)c1ccccc1F,-32.18,0
M2R-decoy_1274,C/C(=N\NC(=O)C12CCC(C)(C(=O)O1)C2(C)C)c1ccccc1O,-32.17,0
M2R-decoy_2426,C#CCSc1nnnn1c1ccc(OCC)cc1,-32.17,0
M2R-decoy_339,O=C1OC(=O)c2c(Cl)c(Cl)c(Cl)c(Cl)c21,-32.17,0
M2R-decoy_6008,CCCCCCCC(=O)Nc1cc(C(=O)NCCC)ccc1N1CCC2(CC1)CC(c1ccccc1)=NO2,-32.17,0
M2R-decoy_6114,Cn1cnc(S(=O)(=O)N(CCCCCC(N)=O)C2Cc3cc(C#N)ccc3N(Cc3cncn3C)C2)c1,-32.17,0
M2R-decoy_10483,CC(=O)OCC1OC(C#Cc2ccccc2Cl)C=CC1OC(C)=O,-32.16,0
M2R-decoy_9800,CCOC(=O)C1=C(c2ccc(c3c(C)nc4ccccn43)cc2)NC(C)=C(C(=O)Nc2ccccn2)C1c1ccccc1Cl,-32.16,0
M2R-decoy_10117.1,Cn1ccnc1C[NH+]1CCC2(CC(=O)N(c3cccc(F)c3)C2)C1,-32.15,0
M2R-decoy_5936,O=C[C@H](Cc1ccccc1)NC(=O)[C@@H]1C[C@@H](OCc2ccccc2)CN1S(=O)(=O)c1ccccc1,-32.15,0
M2R-decoy_4909.1,CCOP1(=O)[NH+]=C(C2=C([O-])C(CCOCc3ccccc3)N(CCC(C)(C)C)C2=O)Nc2ccc(NS(C)(=O)=O)cc21,-32.15,0
M2R-decoy_7646,CC1=CC[C@@H](OC(=O)c2ccccc2)C2[C@@]1(C)[C@@H](OC(=O)c1cccnc1)[C@H](OC(=O)c1cccnc1)[C@]1(C)O[C@]3(CC[C@]21C)COC(=O)C3,-32.15,0
M2R-decoy_10440.1,Cc1cc(=O)oc2cc(OCc3nnc(S)n3c3ccc(Cl)cc3)ccc12,-32.14,0
M2R-decoy_2544,Cc1oc(c2ccccc2)nc1CCOc1ccc(C[C@@H](C(=O)[O-])[NH+]2CCN(S(=O)(=O)c3ccc(F)cc3)CC2)cc1,-32.14,0
M2R-decoy_39,CCOC(=O)/C=C/c1c(CO)oc2ccc(O)cc12,-32.14,0
M2R-decoy_9106,CC(C)=CCOc1ccc2c(c1)nc(C(C)c1ccc(CC(C)C)cc1)n2Cc1ccccc1C(F)(F)F,-32.14,0
M2R-decoy_9708,CO[C@@H]1O[C@H](CO)[C@H](O)[C@@H](Nc2ccc(F)c(F)c2)[C@H]1O,-32.14,0
M2R-decoy_1000,O=C(CS(=O)(=O)c1ccccc1)Nc1ccc(Br)cn1,-32.13,0
M2R-decoy_3339,c1ccc(COc2ccc(c3cc4nc(NCCOc5ccccc5)ccn4n3)cc2)cc1,-32.13,0
M2R-decoy_6683,CN1c2c(C(=O)Nc3ccc(NS(C)(=O)=O)cc3)nn(c3ccccc3F)c2-c2ccccc2S1(=O)=O,-32.13,0
M2R-decoy_10964,O=C1C(=O)N(Sc2ccccc2[N+](=O)[O-])c2c(Br)cc(Br)cc21,-32.12,0
M2R-decoy_7755,COc1ccc(CSC[C@@H](NC(=O)OC(C)(C)C)C(=O)N2CCC(=C3c4ccc(Cl)cc4CCc4cccnc43)CC2)cc1,-32.12,0
M2R-decoy_8719,CO/N=C(\CN(C)C(=O)c1cc(Cl)cc(Cl)c1)[C@H](CC[NH+]1CCC(N2CCCC(CC(=O)N3CCOCC3)C2=O)CC1)c1ccc(Cl)c(Cl)c1,-32.12,0
M2R-decoy_10601,CC1CCN(c2nc3cn(C4CCS(=O)(=O)C4)c(=O)c-3c[nH]2)CC1,-32.11,0
M2R-decoy_9202,NC(=S)N/N=C(/C=C/c1ccccc1)c1ccc(Br)cc1,-32.11,0
M2R-decoy_1089,Cc1nn(C)cc1C1=NS(=O)(=O)N(C)C(C(=O)Nc2ccc(Cl)cc2)=C1,-32.1,0
M2R-decoy_1316,Brc1ccc(c2ccnc3nnnn32)cc1,-32.1,0
M2R-decoy_3858,CC(CSC(CCc1ccccc1[N+](=O)[O-])c1cccc(OCc2ccc3ccc(Cl)cc3n2)c1)C(=O)[O-],-32.1,0
M2R-decoy_3872,O=C([O-])CO/N=C/C=C(c1ccc(OCc2ccc3ccccc3n2)cc1)c1ccc(OCc2ccc3ccccc3n2)cc1,-32.1,0
M2R-decoy_4462.1,C[C@H](/N=C/C=C/N[C@@H](C)C(=O)OCc1ccccc1)C(=O)OCc1ccccc1,-32.1,0
M2R-decoy_5387,Cn1c(C(C(=O)NCC2CCCO2)N(CCc2ccccc2)C(=O)Cn2nnc3ccccc32)nc2ccccc21,-32.1,0
M2R-decoy_598,O=C(Nc1ccccc1)C1=C2c3ccccc3S(=O)(=O)N2CC1,-32.1,0
M2R-decoy_1890,O=C(N[C@H]1c2ccccc2C[C@H]1O)[C@H](Cc1ccccc1)C[C@H](O)CNS(=O)(=O)c1ccc(F)cc1,-32.09,0
M2R-decoy_1903,CCOC(=O)C(=O)N(Cc1ccccc1)c1ccc2c(c1)O[C@@H](COc1ccc(C(N)=[NH2+])cc1)CO2,-32.09,0
M2R-decoy_6862,COc1ccc2c(c1)C(=O)N(C[C@@]1(C#Cc3ccc(c4ccc(c5cccc(N6CCSCC6)n5)cc4)cc3)NC(=O)NC1=O)C2,-32.09,0
M2R-decoy_6356,CC(C)(C)NS(=O)(=O)c1cccc2c(NC(=O)[C@H](Cc3ccc(O)cc3)NC(=O)c3ccccc3)cccc12,-32.08,0
M2R-decoy_6501,COc1ccc(c2c[nH]cc(C(=O)Nc3ccc4c(c3)NC(=O)/C4=C\c3[nH]c(C)c(C(=O)[O-])c3C)c2=O)cc1,-32.08,0
M2R-decoy_11443,CC(=O)Nc1ccc(S(=O)(=O)N2C/C(=C\c3ccc(C#N)cc3)C(=O)/C(=C/c3ccccc3F)C2)cc1,-32.07,0
M2R-decoy_7186,CCc1ccccc1[C@H]1CN(C(=O)C2CCN(C(C)=O)CC2)CC[C@@H]1C(=O)N(C)Cc1cc(C(F)(F)F)cc(C(F)(F)F)c1,-32.07,0
M2R-decoy_10414,Cc1ccc(c2nnc(n3c(/C=C/c4ccncc4)nc4ccccc4c3=O)s2)cc1,-32.06,0
M2R-decoy_11029,COc1cc(/C=C2\OC(=O)C(Br)=C2Br)ccc1OCc1nc(C)c(C)nc1C,-32.06,0
M2R-decoy_3136,CCOc1ccccc1n1nnnc1SCc1nc2ccccc2s1,-32.06,0
M2R-decoy_6119,O=[N+]([O-])c1ccc(COP(=O)(N(CCCl)CCCl)N(CCCl)CCCl)o1,-32.06,0
M2R-decoy_627,O=C1NC(=S)NC(=O)C1=Cc1ccc(c2ccccc2)s1,-32.06,0
M2R-decoy_7286,O=C(NCc1ncc(C(F)(F)F)cc1Cl)c1ccc2c(c1)C1(CCS(=O)(=O)CC1)C(C1CC1)N2S(=O)(=O)c1ccc(Cl)cc1,-32.06,0
M2R-decoy_10829,Cc1cc(C)c(S(=O)(=O)N2CCCCC2)c(C)c1N(C)S(=O)(=O)c1ccc(Cl)cc1,-32.05,0
M2R-decoy_11176,CC1CCCCN1C(=O)Cn1c(=O)oc2cc(S(=O)(=O)N3CCCCC3)ccc21,-32.05,0
M2R-decoy_11373,Cn1ncc(NC(=O)c2nc(c3c(F)cccc3F)sc2N)c1N1CCOCCC1=O,-32.05,0
M2R-decoy_1463,O=C(CSc1cccc2cccnc12)OCC(=O)c1ccccc1,-32.05,0
M2R-decoy_4253,COc1ccc(/C=C/C(=O)/C=C/c2ccc(OCc3cn(CCN4C(=O)C(=O)c5cc(Br)ccc54)nn3)c(OC)c2)cc1,-32.05,0
M2R-decoy_5996,COc1cc2c(Nc3cccc(Br)c3)ncnc2cc1OCCCCCn1ccnc1[N+](=O)[O-],-32.05,0
M2R-decoy_7275,O[C@@H](CN1c2cccc(c3cc(C(F)(F)F)cc(C(F)(F)F)c3)c2OC[C@@H]1c1cccc(OC(F)(F)C(F)F)c1)C(F)(F)F,-32.05,0
M2R-decoy_921,CS(=O)(=O)c1ccc(C#CC(=O)c2ccc(F)cc2)cc1,-32.05,0
M2R-decoy_9261,O=c1c2cc(Br)cc(Br)c2nc2c3c(ncn12)nc(c1ccc([N+](=O)[O-])cc1)cc3c1ccc([N+](=O)[O-])cc1,-32.05,0
M2R-decoy_4691,COc1cc(F)ccc1c1ncnc(Nc2cccc(CCS(C)(=O)=O)c2)n1,-32.04,0
M2R-decoy_3363,CCn1c(=O)c2cc(C(=O)N(CCCOC(C)C)Cc3ccco3)sc2c2ccccc21,-32.04,0
M2R-decoy_5563,COc1cc(NC(C)CCCNC(=O)/C=C/C(=O)Nc2ccc(F)cc2)c2ncccc2c1,-32.04,0
M2R-decoy_10466,Brc1ncn(c2csc(N3CCOCC3)n2)c1Br,-32.03,0
M2R-decoy_3245,CCc1ccc(CN(C)C(=O)c2cc(COc3cccc(C(F)(F)F)c3)on2)nc1,-32.03,0
M2R-decoy_4764.1,CCOC(=O)c1cn(Cc2ccccc2F)c2c(C#N)c(c3ccc(OC)cc3)c(C[NH+](C)CCc3ccccn3)n2c1=O,-32.03,0
M2R-decoy_7314,C=C(C)[C@@]12C[C@@H](C)C34OC(Cc5ccccc5)(OC1[C@@H]3C=C(COC(=O)Cc1cc(Br)c(N)c(OC)c1)C[C@]1(O)C(=O)C(C)=C[C@@H]41)O2,-32.03,0
M2R-decoy_9200,Cc1cccc(CN(Cc2ccc(O)cc2)C(=S)Nc2ccccc2)c1O,-32.03,0
M2R-decoy_1820,CN1Cc2c(C3=CCC([NH2+][C@@H](CO)C(=O)[O-])CC3)[nH]c3nccc(c23)-c2cc(F)ccc21,-32.02,0
M2R-decoy_9118,COc1cc(OC2CCC(OCc3ccc(Br)cc3)CC2)cc(c2cccc(F)c2)c1CCNC(C)=O,-32.02,0
M2R-decoy_1859,COc1ccc(c2ccc(CN3C(C(C)C)C(=O)N(Cc4cn(Cc5ccco5)nn4)CCS3(=O)=O)cc2)cc1OC,-32.01,0
M2R-decoy_4710,COc1ccc(C(=O)NCCSCC(=O)c2c(C)[n+]([O-])c3ccccc3[n+]2[O-])cc1,-32.01,0
M2R-decoy_5899,COC(=O)c1ccc(C(NC(=O)OCc2ccccc2)/C(=C/[C@@H](C)C(=O)NCc2ccncc2)c2cccnc2)cc1,-32.01,0
M2R-decoy_7634,CC[C@@]1(OC(=O)[C@H](Cc2ccccc2)NC(=S)NC(=O)c2ccc(I)cc2)C(=O)OCc2c1cc1n(c2=O)Cc2cc3ccccc3nc2-1,-32.01,0
M2R-decoy_2783,O=C(NN(CCCc1ccccc1)CCCc1ccccc1)c1cc(C23CC4CC(CC(C4)C2)C3)c2ccccc2n1,-32.0,0
M2R-decoy_5507,Cc1ncc([N+](=O)[O-])n1CCOc1ccc(/C=C2\S/C(=[NH+]\c3ccccc3)N(Cc3ccccc3)C2=O)cc1,-32.0,0
M2R-decoy_5755,COCCN(C(=O)COC(=O)c1ccccc1Nc1ccccc1)c1c(N)n(Cc2ccccc2)c(=O)[nH]c1=O,-32.0,0
M2R-decoy_7062,C[NH2+]Cc1cc(C(=O)N[C@@H]2CCc3ccc(Oc4ccnc5c4CCC(=O)N5)cc3C2)cc(C(F)(F)F)c1,-32.0,0
M2R-decoy_751,C[NH+]1CCN(c2cc(NCc3cccnc3)n3ncc(Br)c3n2)CC1,-32.0,0
M2R-decoy_6757,COC(=O)N1CCC(CN(C2Cc3cc(C#N)ccc3N(Cc3cncn3C)C2)S(=O)(=O)c2ccccn2)CC1,-32.0,0
M2R-decoy_9289,Cc1nn(c2ccccc2)c2nc(c3ccc(N4CCOCC4)c(Br)c3)c(C#N)c(c3ccccc3O)c12,-32.0,0
M2R-decoy_10532,O=c1oc2cc(Br)ccc2n1CSC1=NCCS1,-31.99,0
M2R-decoy_3067,O=C(CSc1nnc(c2cccs2)n1CC1CCCO1)c1cc2ccccc2o1,-31.99,0
M2R-decoy_5430,O=S(=O)(NCc1ccc(F)cc1)c1ccc2c(c1)nc(SCCc1cccnc1)n2Cc1ccccc1,-31.99,0
M2R-decoy_7082,CCCCn1c(N)c(N(CC(C)C)C(=O)c2cc(Br)c(Br)s2)c(=O)[nH]c1=O,-31.99,0
M2R-decoy_7805,COc1cc(C2CC(c3ccc(C)cc3)=Nc3c(C)nn(c4ccccc4)c3N2)ccc1Oc1nc2c(c(=O)n(C)c(=O)n2C)n1C,-31.99,0
M2R-decoy_1282,NC(=O)C1CCN(C(=O)NCc2csc(Br)c2)CC1,-31.98,0
M2R-decoy_1395,O=C(N/N=C/c1ccncc1)c1cc2cc(Br)ccc2oc1=O,-31.98,0
M2R-decoy_10222,O=C(NO)C1COC(c2ccc(I)cc2)=N1,-31.98,0
M2R-decoy_3797,Cc1c(C(=O)NCCCCCCCNS(C)(=O)=O)nn(c2ccc(Cl)cc2Cl)c1c1ccc(Cl)cc1,-31.98,0
M2R-decoy_3863,CS(=O)(=O)CCN(CCCCOc1ccc2ncnc(Nc3ccc(OCc4ccccc4)cc3)c2c1)C(=O)C(F)(F)F,-31.98,0
M2R-decoy_9105,Cc1c(C)c2c(c(C)c1OC/C=C/c1ccccc1)CCC(C)(COc1ccc(/C=C3\SC(=O)NC3=O)cc1)O2,-31.98,0
M2R-decoy_6971,CC[C@@]1(OC(=O)[C@H](C)NC(=S)NC(=O)c2ccc(C)cc2)C(=O)OCc2c1cc1n(c2=O)Cc2cc3ccccc3nc2-1,-31.97,0
M2R-decoy_2606.1,NC(=O)[C@H](Cc1ccccc1)NC(=O)[C@@H](Cc1cc(c2ccccc2)no1)CP(=O)(O)[C@@H]([NH3+])CCc1ccccc1,-31.96,0
M2R-decoy_6100,CCN(c1nc(C)nc(N(CCOC)CCOC)n1)c1ccc(C(C)C)cc1Br,-31.96,0
M2R-decoy_10804,CC(O[C@@H]1C[C@H]2CN(c3ccc(OC(F)(F)F)cc3)C(=O)N2C1)c1ccccc1,-31.95,0
M2R-decoy_11436,CC(C)(C)OC(=O)N1CCN(C(=S)SCc2cn(Cc3ccccc3C(F)(F)F)nn2)CC1,-31.95,0
M2R-decoy_7622,CC1=C(O)C(=O)C=C2C1=CC=C1[C@@]3(C)CC[C@@]4(C)CC[C@@](C)(C(=O)OCc5ccc(I)cc5)C[C@H]4[C@]3(C)CC[C@@]21C,-31.95,0
M2R-decoy_8528,CSCCCNC(=O)c1csc(c2csc(CCNC(=O)CNC(=O)OC(C)(C)C)n2)n1,-31.95,0
M2R-decoy_10546,O=C(Cn1ccc2c(Cl)cccc21)N1CCC2(CC1)OCCO2,-31.94,0
M2R-decoy_268,Cc1c(Cl)c(Cl)[n+]([O-])c2nc(O)c(O)nc12,-31.94,0
M2R-decoy_7370,CCOC(=O)C1=C(N)Oc2c(c(C)nn2C(=O)c2ccncc2)C1c1c2cc(Cl)ccc2[nH]c1c1ccc(C)cc1,-31.94,0
M2R-decoy_10825,COc1ccc(N(C(=O)c2ccncc2)S(=O)(=O)c2ccc(Cl)cc2)cc1,-31.93,0
M2R-decoy_182.1,O=C1NC(=O)C(Sc2ccc3cc(O)c(O)cc3c2)S1,-31.93,0
M2R-decoy_2119,C[C@@H](OC(=O)COCc1ccccc1)[C@H](NC(=O)c1ccccc1O)C(=O)NCCCC(=O)OCc1ccccc1,-31.93,0
M2R-decoy_2994,Cc1nn2c(COCc3cn(Cc4ccccc4)nn3)c(c3ccc(Cl)cc3)nc2s1,-31.93,0
M2R-decoy_1103,OC[C@H]1O[C@@H](n2ccc3c(SCc4ccc(F)cc4F)ncnc32)[C@H](O)[C@@H]1O,-31.92,0
M2R-decoy_1243,OC1/C(=C/c2ccccc2C(F)(F)F)N2CCC1CC2,-31.92,0
M2R-decoy_2340.1,CCc1ccc(CCC(=O)Nc2nc(CC(C)=O)ns2)o1,-31.92,0
M2R-decoy_1703,Clc1ccccc1c1nnc2sc(C3COc4ccccc4O3)nn21,-31.92,0
M2R-decoy_4276,CC(=O)Nc1cc(N2CCN(CCCCCOc3ccc(c4noc(C)n4)cc3)C2=O)ccn1,-31.92,0
M2R-decoy_858,CCOc1cc(Br)cc(/C=C2\NC(=S)NC2=O)c1O,-31.92,0
M2R-decoy_10216,CNC(=O)c1[nH]nc2ccc(I)cc12,-31.91,0
M2R-decoy_1789,OC[C@H]1O[C@@H](n2cnc3c(CSc4cccc(Br)c4)ncnc32)[C@H](O)[C@@H]1O,-31.91,0
M2R-decoy_4259,CN(C)C(=O)c1cc2cnc(Nc3ccc(NC(=O)CCCCCCCN=C=S)c(F)c3)nc2n1C1CCCC1,-31.91,0
M2R-decoy_338,COC(=O)/C(=C1/Oc2cc3c(cc2S1)OCO3)C(F)(F)F,-31.91,0
M2R-decoy_3424,O=C(OC(C(=O)c1ccccc1)c1ccccc1)c1ccccc1F,-31.91,0
M2R-decoy_7265,N#Cc1c(Cl)nc(SCC(=O)Nn2c(COc3ccc(Cl)cc3Cl)nc3ccccc3c2=O)nc1c1ccc(Cl)cc1,-31.91,0
M2R-decoy_836,COCC1CN(C(=O)Nc2cc(Br)ccc2F)CCO1,-31.91,0
M2R-decoy_10758,Fc1cnc(N2CCN(c3ccccc3)CC2)nc1N1CCN(c2ccccc2)CC1,-31.9,0
M2R-decoy_1172,CSc1nn(c2ccc(Cl)cc2)c2nc(C)[nH]c(=O)c12,-31.9,0
M2R-decoy_3230,O=C(/C=C/c1ccc(F)cc1)N(Cc1ccco1)Cc1cc(F)ccc1[N+](=O)[O-],-31.9,0
M2R-decoy_4325,CC(=O)c1ccc(S(=O)(=O)NCCC(=O)OCC(=O)N(Cc2ccccc2)C(C)(C)C)cc1,-31.9,0
M2R-decoy_5185,O=C(Cc1ccccc1OC(=O)Cn1c(=O)sc2ccccc21)Cn1c(=O)sc2ccccc21,-31.9,0
M2R-decoy_8275,CN(COC(=O)c1ccccc1)c1nc(N(C)COC(=O)c2ccccc2)nc(N(C)COC(=O)c2ccccc2)n1,-31.9,0
M2R-decoy_1249,O=S(=O)(Cc1ccc(Br)cc1F)c1ccc(O)nn1,-31.89,0
M2R-decoy_2331,Cc1ncc([N+](=O)[O-])n1CCOC(c1ccccc1)c1ccccc1,-31.89,0
M2R-decoy_10749,CCOc1cc(OC)cc2oc(c3cn4nc(Br)sc4n3)cc12,-31.88,0
M2R-decoy_10290,O=c1c(c2nnc(c3ccc(Cl)cc3)s2)cnc2ccccn12,-31.88,0
M2R-decoy_1919,C[C@H](NC(=O)c1ccccc1)C(=O)N[C@@H](C)C(=O)N[C@H](Cc1c[nH]c2ccccc12)C(=O)N(C)C,-31.88,0
M2R-decoy_3294,Cc1cc(CCCCCCCOc2ccc(C3=NC[C@H](C)O3)cc2)on1,-31.88,0
M2R-decoy_4939,CO/N=C(\CN(C)C(=O)c1cc(Cl)cc(Cl)c1)C(CC[NH+]1CCC(N2CCCC(CC(=O)N(C)C)C2=O)CC1)c1ccc(Cl)c(Cl)c1,-31.88,0
M2R-decoy_2344,CCOc1ccc(c2nc(c3ccc(OC)cc3)no2)cc1OCC,-31.87,0
M2R-decoy_3566,Cn1c(Cc2ccc(Cl)cc2)cnc1SCC[NH+](C)C,-31.87,0
M2R-decoy_5229,Cc1ccccc1c1nnc(SCc2cn(CC(O)(Cn3cncn3)c3ccc(F)cc3F)nn2)o1,-31.87,0
M2R-decoy_2050,COc1cccc(NC(=O)CN(C)C(=O)/C=C/c2cn(c3ccccc3)nc2c2cccs2)c1,-31.86,0
M2R-decoy_8978,COc1ccc(c2nc(SCC(C)(CSc3nc4ccccc4o3)c3ccccc3)[nH]c2c2ccc(OC)cc2)cc1,-31.86,0
M2R-decoy_8397,Clc1ccc(NCc2nnc(COc3ccc(OCc4nnc(CNc5ccc(Cl)cc5)o4)c(Cl)c3)o2)cc1,-31.86,0
M2R-decoy_10905,COc1ccc(Oc2nc3c(c(=O)n(Cc4ccc(Br)cc4)c(=O)n3C)n2C)cc1,-31.85,0
M2R-decoy_10974,Cc1noc(/C=C/c2ccccc2)c1N1CN=C2Oc3c(Cl)cc(Cl)cc3C=C2C1=O,-31.85,0
M2R-decoy_10018,CN(Cc1ccccc1)C(=S)N1N=C(c2ccccc2)CC1c1ccc(C2CC(c3ccccc3)=NN2C(=S)N(C)Cc2ccccc2)cc1,-31.85,0
M2R-decoy_1563,CCOC(=O)c1ccc(NC(=O)NC(C)C2CCCO2)cc1,-31.85,0
M2R-decoy_55,Nc1ccc(C(=O)/C=C/c2cccc([N+](=O)[O-])c2)cc1,-31.85,0
M2R-decoy_4908,CNC(=O)CCc1cn(Cc2ccc(C(=O)NS(=O)(=O)c3ccccc3)cc2OC)c2cc(NC(=O)CC3CCCC3)ccc12,-31.85,0
M2R-decoy_11417,CCN(C)C(=O)N1CCN(C(=S)SCc2cn(Cc3ccc(C)cc3)nn2)CC1,-31.84,0
M2R-decoy_5157,CCn1c(CSc2nnc(c3ccc4c(c3)OCO4)o2)nc2cc(S(=O)(=O)N(C)C)ccc21,-31.84,0
M2R-decoy_5388,O=C(CCCOc1ccc(Cl)cc1Cl)Nc1cc(S(=O)(=O)N2CCOCC2)ccc1N1CCOCC1,-31.84,0
M2R-decoy_7653,COc1ccccc1n1cc(COC(=O)[C@]23CC[C@@H](C)[C@H](C)[C@H]2C2=CC[C@@H]4[C@@]5(C)CC[C@H](O)C(C)(C)[C@@H]5CC[C@@]4(C)[C@]2(C)CC3)nn1,-31.84,0
M2R-decoy_1513,Cc1ccccc1CSc1nnc(Nc2cccnc2)[nH]1,-31.83,0
M2R-decoy_2848,C=CCc1cc(C=C2C(=O)N(C)C(=O)N(C)C2=O)cc(OCC)c1OCc1ccccc1,-31.83,0
M2R-decoy_11155,C[C@H]1C(=O)N(c2ccc(S(=O)(=O)C(F)(F)F)cc2)C(=O)N1Cc1cccnc1,-31.82,0
M2R-decoy_2311,CC(=O)c1ccc(OCCCOCc2ccc3c(c2)OCO3)cc1,-31.82,0
M2R-decoy_608,Cc1ccc(NC(=O)/C(C#N)=C(\N)C(Cl)(Cl)Cl)nc1,-31.82,0
M2R-decoy_6209.1,CCCC([NH3+])C(=O)O[C@H]1CC2[C@](C)(CC[C@@H]3OC(CC)OC[C@@]23C)C2[C@@H](O)c3c(cc(c4cccnc4)oc3=O)O[C@@]21C,-31.82,0
M2R-decoy_6506,CC1(c2ccc(c3ccncc3)cc2)CC(S(=O)(=O)c2ccc(F)cc2)=C(c2ccc(/C(N)=[NH+]\O)cc2)O1,-31.82,0
M2R-decoy_3984,COc1cnc(OCCOc2nc(c3ccncc3)nc(NS(=O)(=O)NCc3ccccc3)c2c2ccc(Cl)cc2)nc1,-31.81,0
M2R-decoy_4499,N#C/[NH+]=C(/NCCCCc1c[nH]cn1)NCCC(c1ccccc1)c1ccccc1,-31.81,0
M2R-decoy_7155,CC[C@@H]1C[C@H](N(Cc2cc(C(F)(F)F)cc(C(F)(F)F)c2)c2ncc(c3cnn(C)c3)cn2)CN1C(=O)OCC1CCOCC1,-31.81,0
M2R-decoy_9338,CCCCC/C=C/C/C=C/CCCCCCCC(=O)OCC1(CO)C/C(=C/CC(C)C)C(=O)O1,-31.81,0
M2R-decoy_1584,CC(=O)NC(C(=O)NCc1ccccc1)c1ncccn1,-31.8,0
M2R-decoy_5483,COc1ccc(S(=O)(=O)NCCc2nnc3ccc(SCC(=O)Nc4cc(C)cc(C)c4)nn23)cc1,-31.8,0
M2R-decoy_10729,Nc1c(Br)cc(S(N)(=O)=O)cc1I,-31.79,0
M2R-decoy_10784,C=CCN1CN(S(=O)(=O)c2cccc(Cl)c2)c2nc3ccccc3nc21,-31.79,0
M2R-decoy_1500,c1cc(NCc2cscn2)cc(OCC[NH+]2CCCCC2)c1,-31.79,0
M2R-decoy_3145,CCOc1ccc(n2cnc3scc(c4ccc(OC)c(OC)c4)c3c2=O)cc1,-31.79,0
M2R-decoy_6261,CCCn1c(C(C)[NH+]2CCN(S(=O)(=O)c3ccc(Br)cc3)CC2)nc2ccccc2c1=O,-31.79,0
M2R-decoy_6959,O=C(CSc1cc(Cl)ccc1Cl)N[C@@H]1C(=O)N2C(C(=O)[O-])=C(C[n+]3ccc4c(O)cccc4c3)CS[C@H]12,-31.79,0
M2R-decoy_10505,Cc1cc(c2ccc(S(=O)(=O)N3CCc4ccccc4C3)s2)on1,-31.78,0
M2R-decoy_10559,Clc1ccc(C2=Nn3c(nnc3c3[nH]nc4c3CCC4)SC2)s1,-31.78,0
M2R-decoy_1741,Cc1nn(Cc2ccccc2)c(C)c1C(=O)OCC(=O)c1cc(C)n(CC(F)(F)F)c1C,-31.78,0
M2R-decoy_9960,O=C(NCc1cccc(Cl)c1Cl)[C@H](CCC(=O)N1CC[NH+](C2CCCCC2)CC1)N1C(=O)[C@@H](N2C(=O)OC[C@@H]2c2ccccc2)[C@H]1/C=C/c1ccccc1,-31.78,0
M2R-decoy_10036,O=C(Nc1ccccc1)N1CCC(c2ccc(C(OCc3c(F)cccc3F)(C(F)(F)F)C(F)(F)F)cc2)(S(=O)(=O)c2ccc(F)cc2)C1,-31.77,0
M2R-decoy_1669,Cn1cccc1Cc1nnc(SCC(=O)N2CCCCCC2)n1c1ccc(F)cc1,-31.77,0
M2R-decoy_3415,COc1ccc([C@@H](c2ccccc2)[S@@+]([O-])Cc2cncs2)cc1,-31.77,0
M2R-decoy_9040,S=C(NCCCCCCCCCCCCNC(=S)NC(c1ccccc1)c1ccccc1)NC(c1ccccc1)c1ccccc1,-31.77,0
M2R-decoy_1871,CC(CCc1ccccc1)NC(=O)CSc1nc2sc3c(c2c(=O)n1CCc1ccccc1)CC(C(C)C)OC3,-31.76,0
M2R-decoy_3329,Cn1cc(C(=O)CCCCOc2ccc(C3=NCCO3)cc2)cc1C=O,-31.76,0
M2R-decoy_5401,CCCn1c(=O)c2nc(c3ccc(OCc4nc(c5cccc(Cl)c5)no4)cc3)[nH]c2n(CCC)c1=O,-31.76,0
M2R-decoy_6135,O=C(CNC(=O)c1cccn(Cc2ccc(F)c(F)c2)c1=O)Nc1ccc2c(c1)/C(=C/c1cnc[nH]1)C(=O)N2,-31.76,0
M2R-decoy_9591,C=CC(=O)N1CC(NC(=O)COc2ccc(Br)cc2)C1,-31.76,0
M2R-decoy_9817,C=C(C)[C@@H]1CC[C@]2(C(=O)[O-])CC[C@]3(C)[C@H](CC[C@@H]4[C@@]5(C)CC[C@H](OCc6cn(c7ccc(OC)cc7)nn6)C(C)(C)[C@@H]5CC[C@]43C)[C@@H]12,-31.76,0
M2R-decoy_10419,Fc1ccc(c2csc3ncnc(Sc4nnnn4c4ccccc4)c32)cc1,-31.75,0
M2R-decoy_1490,Cc1ccc(S(=O)(=O)CCC(=O)OCc2ccccc2F)cc1,-31.75,0
M2R-decoy_8759,CN(C[C@@H](CC[NH+]1CCC(c2ccccc2[S@+](C)[O-])CC1)c1ccc(Cl)c(Cl)c1)C(=O)c1c2ccccc2cc(C#N)c1c1ccccc1,-31.75,0
M2R-decoy_9935,O=C1/C(=C/c2cccc(F)c2)CN(C(=O)c2cc(Cc3n[nH]c(=O)c4ccccc34)ccc2F)C/C1=C\c1cccc(F)c1,-31.75,0
M2R-decoy_9195,NS(=O)(=O)Cc1ccc(Nc2c3ccccc3nc3ccccc23)cc1,-31.74,0
M2R-decoy_8457,Cc1ccc(N2C(=O)[C@H](CCCNS(=O)(=O)c3ccc(OC(F)(F)F)cc3)[C@H]2c2ccc(NS(=O)(=O)c3ccc(C)cc3)cc2)cc1,-31.74,0
M2R-decoy_10529,C=CCN1C(=O)C(=O)c2cc(Br)cc(Br)c21,-31.73,0
M2R-decoy_11492,O=C(CCS(=O)(=O)c1ccc(Br)cc1)N1CCN(c2ccc(Cl)cc2)CC1,-31.73,0
M2R-decoy_261,O=C1NC2(CCC3(CC2)OCCO3)NN1c1ccc(Cl)cc1,-31.73,0
M2R-decoy_3119,COc1cc(/C=C/c2nnc(c3ccccc3Cl)o2)cc(OC)c1OC,-31.73,0
M2R-decoy_715,[O-][n+]1c(Cl)c(I)cc2nc(O)c(O)nc21,-31.73,0
M2R-decoy_7854.2,CC[NH+]1CC2=C(N=c3s/c(=C\c4ccc(Cl)cc4)c(=O)n3C2c2ccc(Cl)cc2)/C(=C/c2ccc(Cl)cc2)C1,-31.73,0
M2R-decoy_8494,CSc1ccc(CCNC(=O)CCc2nnc3ccc(NCCCN4CCCC4=O)nn23)cc1,-31.73,0
M2R-decoy_10019,C/C=C(\C)C(=O)O[C@@H]1C(COC(C)=O)=C[C@@H]2C(=O)[C@]3(C=C(C)[C@H](OC(=O)c4ccccc4NC(=O)c4ccccc4N)[C@@]13O)[C@H](C)C[C@@H]1[C@H]2C1(C)C,-31.72,0
M2R-decoy_10034,CC[C@@]1(OC(=O)[C@H](Cc2c[nH]c3ccccc23)NC(=S)NC(=O)c2ccc(F)cc2)C(=O)OCc2c1cc1n(c2=O)Cc2cc3ccccc3nc2-1,-31.71,0
M2R-decoy_1763,CCc1cnc(n2nc(OCCOCc3ccccc3)c(Cc3ccccc3)c2C)nc1,-31.71,0
M2R-decoy_3139,Clc1ccc(c2nnc(SCc3cn4ccsc4n3)n2CC2CCCO2)cc1,-31.71,0
M2R-decoy_4424.1,Cc1ccccc1NS(=O)(=O)c1cccc(CCCCCCNC(=O)/C=C/c2cccnc2)c1,-31.7,0
M2R-decoy_5796,CC(C)(C)NC(=O)c1ccccc1C[C@@H](O)[C@H](Cc1ccccc1)NC(=O)[C@H](CSc1cccc2ccccc12)NS(C)(=O)=O,-31.7,0
M2R-decoy_6904,C[C@H](O)[C@]1(O)CC[C@]2(O)[C@]3(O)CC=C4C[C@@H](O)CC[C@]4(C)[C@H]3C[C@@H](OC(=O)/C=C/c3ccccc3)[C@]12C,-31.7,0
M2R-decoy_9453.1,COc1cc(OC)cc(N(CCC[NH2+]CC(F)F)c2ccc3ncc(c4cnn(C)c4)nc3c2)c1,-31.7,0
M2R-decoy_9474,CC(C)[NH+](CC(O)COc1ccc(OCc2ccccc2)cc1C(=O)CCc1ccccc1)C(C)C,-31.7,0
M2R-decoy_1081,OCCOCN1CNc2c1nc1nc(c3ccc(Br)cc3)cn1c2O,-31.69,0
M2R-decoy_1426,CC(/C=C/C=C/c1ccccc1)=N/NC(=O)CNc1ccccc1C,-31.69,0
M2R-decoy_6268.1,O=C(NCc1nnc(S)n1c1ccc(Br)cc1)c1ccc(S(=O)(=O)N2CCCC2)cc1,-31.69,0
M2R-decoy_6467,CCOC(=O)c1ccc(NC2c3cc(O)c(O)cc3[C@@H](c3cc(OC)c(O)c(OC)c3)[C@H]3C(=O)OC[C@H]23)cc1,-31.69,0
M2R-decoy_9097,CCCCC(CC)CNc1ncc(C(Oc2ccc3cc(Br)ccc3c2)c2ccc(Cl)cc2)s1,-31.69,0
M2R-decoy_10789,FC(F)(F)C1CCN(c2nccnc2OC2CN(c3ccc4ccccc4n3)C2)CC1,-31.68,0
M2R-decoy_11147,O=S(=O)(c1cccc(c2nnc(c3cccnc3)o2)c1)N1CCCCC1,-31.68,0
M2R-decoy_10142,c1ccc(C[NH+]2CCC3(CC2)CN(c2ccccn2)CCO3)nc1,-31.68,0
M2R-decoy_375,O=S(=O)(c1ccc(O)nn1)c1cc2ccc(Cl)cc2[nH]1,-31.68,0
M2R-decoy_5384.1,CCN/C(=[NH+]/c1ccc(OCCn2c3ccccc3c3ccccc32)cc1)SCc1ccc(C(=O)[O-])cc1,-31.68,0
M2R-decoy_9069,COc1ccc(Cn2c(CCc3ccccc3)nnc2[C@@H](Cc2c[nH]c3ccccc23)NC(=O)c2cncc(Br)c2)cc1,-31.68,0
M2R-decoy_9156,CC(C)[C@@H]1C[C@]1(NC(=O)OCc1ccccc1)C(=O)N[C@@H](Cc1ccccc1)C(=O)C(=O)NCCc1ccccc1,-31.68,0
M2R-decoy_2461,O=C(OCC(=O)c1ccccc1Cl)c1cnccn1,-31.67,0
M2R-decoy_6211,CC(C)(C)OC(=O)N[C@H](Cc1c[nH]c2ccccc12)C(=O)N[C@@H]1CCCN2C(=O)N(Cc3ccccc3)C(=O)C[C@H]12,-31.67,0
M2R-decoy_769,COc1ccc(c2cc(C(F)(F)F)n3nc(N)nc3n2)cc1,-31.67,0
M2R-decoy_2313,CCCCCSc1nnc(c2c(Cl)c(CC)nn2C)o1,-31.66,0
M2R-decoy_5717,C[C@H](NC(=O)[C@H](CC(=O)NC(C)(C)C)NC(=O)CCc1ccccc1)C(=O)NCc1ccc(F)c2ccccc12,-31.66,0
M2R-decoy_7211.1,CC(=O)Oc1ccc(/C=C/C(=O)Nc2cccc3c(S(=O)(=O)Nc4ccccc4C(F)(F)F)cccc23)cc1OC(C)=O,-31.66,0
M2R-decoy_766,COc1ccc(C2(C(F)(F)F)NC(=O)N(C)C(=O)N2C)cc1,-31.66,0
M2R-decoy_8471.1,C[C@H](NP(=O)(CO[C@H](C)Cn1cnc2c(N)ncnc21)Oc1cccc2ccccc12)C(=O)OCc1ccccc1,-31.66,0
M2R-decoy_2026,CN(c1ccc(S(=O)(=O)N(Cc2c[nH]cn2)CC2CCCCC2)cc1)C1CCCCC1,-31.65,0
M2R-decoy_6916,Cc1cc(c2cc(C(=O)N[C@H](C)c3ccc(S(=O)(=O)CC(=O)OC(C)C)cc3)n(C)n2)ccc1F,-31.65,0
M2R-decoy_10827,O=c1nc(N2CCOCC2)oc2c1ccc(OCc1ccccc1)c2c1cccs1,-31.64,0
M2R-decoy_10989,Cc1sc2ncnc(N3CCN(S(=O)(=O)c4ccc(C(C)(C)C)cc4)CC3)c2c1C,-31.64,0
M2R-decoy_1798,C[C@@H](O)[C@H]1C(=O)N2C(C(=O)[O-])=C(c3ccc4cc(C[n+]5cccc(N)c5)ccc4c3)C[C@H]12,-31.64,0
M2R-decoy_223,S=C(SCc1nc2ccccc2[nH]1)N1CCOCC1,-31.64,0
M2R-decoy_2404,CC(=O)c1ccc(OCC(=O)c2cccn2C)cc1,-31.64,0
M2R-decoy_5337,CCCCOP(=O)(OCCCC)Oc1ccc2nc3c(c(C)c2c1)Cn1c-3cc2c(c1=O)COC(=O)C[C@]2(O)CC,-31.64,0
M2R-decoy_5716,CCC(CC)O[C@@H]1C=C(C(=O)[O-])C[C@H]([NH2+]Cc2ccc(NCc3ccccc3)cc2)[C@H]1NC(C)=O,-31.64,0
M2R-decoy_1064,NS(=O)(=O)c1ccc(Nc2ncn(C(=O)c3c(F)cccc3F)n2)cc1,-31.63,0
M2R-decoy_3332,c1ccc(Cn2cc(Cc3nnc(c4ccccc4)c(c4ccccc4)n3)nn2)cc1,-31.63,0
M2R-decoy_2647,CCNC(=O)[C@H]1O[C@@H](n2cnc3c(NCC(c4ccccc4)c4ccccc4)nc(NCCc4ccc(Br)cc4)nc32)[C@H](O)[C@@H]1O,-31.62,0
M2R-decoy_4677,CCOCCc1nn2c(=O)cc(COC(=O)COc3ccc(C)c(C)c3)nc2s1,-31.62,0
M2R-decoy_7284,CC1=C(O)C(=O)C=C2C1=CC=C1[C@@]3(C)CC[C@@]4(C)CC[C@@](C)(C(=O)OCCOC(=O)/C(C#N)=C/c5ccc(F)cc5)C[C@H]4[C@]3(C)CC[C@@]21C,-31.62,0
M2R-decoy_11167,Cc1nc(Cc2nnc(N3CCN(c4ccc(C(F)(F)F)cn4)CC3)c(C)c2C)no1,-31.61,0
M2R-decoy_4055.1,CCOC(=O)NCc1cccc(CC(=O)Nc2ccc(CCCCc3nnc(NC(=O)C(C)c4ccccc4)s3)nn2)c1,-31.61,0
M2R-decoy_4262,CC[NH+](CC)CCN(Cc1ccc(c2ccc(Cl)cc2)cc1)C(=O)Cn1c(CCc2cccc(F)c2F)nc(=O)c2ccccc21,-31.61,0
M2R-decoy_4706,O=C(CN(Cc1ccccc1Cl)C(=O)c1csnn1)NCc1ccc2c(c1)OCO2,-31.61,0
M2R-decoy_8637,CCCCCO/N=C(\C)[C@H]1CC[C@H]2[C@@H]3CC=C4C[C@@H](OC5C=C[C@H](OC(C)=O)[C@@H](COC(C)=O)O5)CC[C@]4(C)[C@H]3CC[C@]12C,-31.61,0
M2R-decoy_9792,COc1cc(OCc2csc(C3=CCC(C(=O)OC(C)(C)C)CC3)n2)c2cc(c3cn4nc(OC)sc4n3)oc2c1,-31.61,0
M2R-decoy_10815,COc1ccc(S(=O)(=O)N2CCN(C(=O)c3sccc3c3ccccc3)CC2)cc1,-31.6,0
M2R-decoy_1884,CC(C)c1ccccc1SC1=C([O-])OC(CCCC(=O)N(C)CCc2ccccc2)(c2ccccc2)CC1=O,-31.6,0
M2R-decoy_3111,COc1ccc(c2nnc(SCC(=O)Oc3cccc(C)c3C)o2)cc1,-31.6,0
M2R-decoy_4468,O=C[C@H](Cc1ccccc1)NC(=O)C(NC(=O)OCc1ccccc1)c1ccccc1,-31.6,0
M2R-decoy_5193,COC/C=C/c1cc(F)c(S(=O)(=O)N2CCN(S(=O)(=O)c3ccc4c(c3)OCCO4)CC2)cc1F,-31.6,0
M2R-decoy_7140,O=C1NC(=O)N(C2CCN(C(=O)C34CC5CC(CC3C5)C4)CC2)C1Cc1ccc(OS(=O)(=O)c2cccc3cnccc23)cc1,-31.6,0
M2R-decoy_9545,CCN(CC)C(=S)SNc1ccc(S(N)(=O)=O)cc1,-31.6,0
M2R-decoy_10527,Cc1cc(C)nc(NC(=S)N2CCN(c3nnc(C(F)(F)F)s3)CC2)c1,-31.59,0
M2R-decoy_1935,Nc1ccc(S(=O)(=O)N(C[C@@H](O)[C@H](Cc2ccccc2)NC(=O)N2CCOCC2)C2CC2)cc1,-31.59,0
M2R-decoy_231,O=C1Oc2ccccc2C(=O)/C1=C\NC(=S)c1ccncc1,-31.59,0
M2R-decoy_273,Oc1nc2cc(Br)c(Br)cc2nc1O,-31.59,0
M2R-decoy_2863,COc1ccc(C(=O)/C=C/c2cn(c3ccccc3)nc2c2ccncc2)c(OC)c1OC,-31.59,0
M2R-decoy_3044,Cc1cccc(OCc2nnc(SCC(=O)N(C(C)C)C(C)C)n2Cc2ccco2)c1C,-31.59,0
M2R-decoy_8898,C/C(=N\Nc1nc2ccccc2s1)c1ccc(c2ccc(S(=O)(=O)NC(=O)CCCCCc3ccccc3)cc2)o1,-31.59,0
M2R-decoy_3665,COCCN(Cc1ccoc1)C(=O)CSc1ccc(F)cc1,-31.57,0
M2R-decoy_6021,O=S(=O)(N1CCN(c2ccc(OC[C@@H]3CO[C@@](Cn4ccnc4)(c4ccc(Cl)cc4Cl)O3)cc2)CC1)C(F)(F)F,-31.57,0
M2R-decoy_790,CN1C=c2c3c(ccc2=C2C=CC4C=C5OCOC5=CC4=C21)OCO3,-31.57,0
M2R-decoy_1650,CC1CC[NH+](C2CCN(S(=O)(=O)c3ccc(C#N)cc3)CC2)CC1,-31.56,0
M2R-decoy_1728,Cc1cccc(c2nc(CSCC(=O)N3CCN(c4ccccc4)CC3)c(C)o2)c1,-31.56,0
M2R-decoy_4272,O=C1C(=O)N(Cc2ccc(OCCF)cc2)c2ccc(S(=O)(=O)N3CCC[C@H]3COc3cccnc3)cc21,-31.56,0
M2R-decoy_4392,CCCCCCCNC(=O)Oc1ccc(Cn2cc(COc3ccc4ccc(=O)oc4c3)nn2)cc1,-31.56,0
M2R-decoy_7414,N#CC1(NC(=O)[C@@H]2Cc3ccc(c(Cl)c3)OC/C=C/COc3cc(c4ccc(Cl)nc4)ccc3C(=O)N2)CC1,-31.56,0
M2R-decoy_6783,COc1ccc(S(=O)(=O)N(Cc2ccccc2F)C2Cc3cc(C#N)ccc3N(Cc3cncn3C)C2)cc1,-31.56,0
M2R-decoy_10223,O=C1/C(=C/c2cccnc2)SC(=S)N1N1CCOCC1,-31.55,0
M2R-decoy_3203,Cc1cc(C(=O)CSc2nnc(c3cccs3)o2)c(C)n1c1ccccc1,-31.55,0
M2R-decoy_7021,CC(C)(C(=O)N1CC[NH+](C2c3ccc(Cl)cc3CCc3cc(Br)cnc32)CC1)c1ccc[n+]([O-])c1,-31.54,0
M2R-decoy_10632,Fc1ccccc1N1CCN(c2nc3ccccc3n3nnnc23)CC1,-31.53,0
M2R-decoy_1215,Oc1nc2ccccc2n1c1nc2ccc(F)c(F)c2o1,-31.53,0
M2R-decoy_2369,CCOC(=O)c1ccc(c2ccc(OCC)nn2)cc1,-31.53,0
M2R-decoy_2947,COc1cc(C)cc(c2nn(CC#N)cc2c2ccnc(c3cccc(C(C)=O)c3)c2)c1,-31.53,0
M2R-decoy_362,O=C(Nc1nnc2n1CCS2)c1ccc(Br)o1,-31.53,0
M2R-decoy_3396,O=S(=O)(c1ccccc1)N(Cc1cccc(F)c1)c1ccccc1,-31.53,0
M2R-decoy_9570,COc1ccc(C(=O)/C=C/c2ccccc2)cc1S(N)(=O)=O,-31.53,0
M2R-decoy_1155,CN1C=CCC(C(=O)Nc2ccc(I)cc2)=C1,-31.52,0
M2R-decoy_1449,CCN(Cc1ccncc1)C(=O)COc1ccc(C)cc1,-31.52,0
M2R-decoy_2333,COCC(COC)OC(=O)c1ccc(C(=O)C(C)(C)C)cc1,-31.52,0
M2R-decoy_8835,CCCCCC1(CCCCC)O[C@@H]2C[C@@]3(C[C@@H](OC(=O)/C=C/c4ccc(O)c(O)c4)[C@@H]2O1)OC(CCCCC)(CCCCC)OC3=O,-31.52,0
M2R-decoy_2416,CCCOC(=O)c1ccc(C(=O)OCCC)nc1,-31.51,0
M2R-decoy_346,CC1CN(c2ncc(C#Cc3ccccc3)cn2)C(=O)OC1(C)C,-31.51,0
M2R-decoy_6717,NC(=O)CNC(=O)[C@H](Cc1ccc2c(c1)COP(=O)([O-])O2)NC(=O)OCC1c2ccccc2-c2ccccc21,-31.51,0
M2R-decoy_2158,COCCCn1c(=O)c2[nH]c(c3ccc(OCC(=O)Nc4ccc(Br)cc4)cc3)cc2n(CCCOC)c1=O,-31.5,0
M2R-decoy_5207,COc1ccc(n2nnc(CCC(O)CN3c4ccccc4[S+]([O-])c4ccc(N5CCOCC5)cc43)n2)cc1,-31.5,0
M2R-decoy_9541,Cc1c(I)cccc1C(=O)NCc1ncc[nH]1,-31.5,0
M2R-decoy_11174,O=C(C1CN(S(=O)(=O)c2cccc3cnccc23)C1)N1CCN(c2ccncc2)CC1,-31.49,0
M2R-decoy_589,Nc1ncnc(C#Cc2ccc(N3CCOCC3)nc2)c1c1cccs1,-31.49,0
M2R-decoy_7890,CN(C(=O)NC(=O)c1ccccc1F)c1nc(C(F)(F)F)c(C(=O)N/N=C/c2cc(C(F)(F)F)cc(C(F)(F)F)c2)s1,-31.49,0
M2R-decoy_972,O=C(CCc1nc(O)c2ccccc2n1)NNC(=O)c1ccc(F)cc1,-31.49,0
M2R-decoy_11420,CC(=O)N1CCN(c2ccc3c(c2)CCCN3S(=O)(=O)N(C)Cc2ccccc2)CC1,-31.48,0
M2R-decoy_1400,Cc1ccc(NC(=O)Cn2nnc3sc4c(c3c2=O)CCC(C)C4)cc1,-31.48,0
M2R-decoy_3165,CC(CN(C)c1nc(c2cccnc2)nc2ccccc12)Oc1ccccc1,-31.48,0
M2R-decoy_5005,O=C([O-])CCCOc1cccc(CCCCCCOc2cc(c3ccc(F)cc3)cc(c3ccc4c(c3)OCCO4)c2)c1CCC(=O)[O-],-31.48,0
M2R-decoy_8288,COCCOCCOc1ccccc1c1nnc(Nc2ccc(CC(N)=O)cc2F)c2ccsc21,-31.48,0
M2R-decoy_4777,CN(C)S(=O)(=O)c1ccc(C(=O)NCc2nnc(SCC(=O)Nc3ccc(F)cc3)n2c2ccc(F)cc2)cc1,-31.47,0
M2R-decoy_541,Oc1cccc(N/C(S)=[NH+]/c2nc3ncnc-3c[nH]2)c1,-31.47,0
M2R-decoy_7381,CS(=O)(=O)c1ccccc1c1ccc2c(c1)CCN2C(=O)c1cc(C(F)(F)F)nn1c1ccc2onc(N)c2c1,-31.47,0
M2R-decoy_8366,CCCCC(=O)Nc1ncc(Oc2cc(I)c(OC)cc2C(C)C)c(NC(=O)CCCC)n1,-31.46,0
M2R-decoy_8452,CCOC(=O)CCCn1c(=O)nc2n(CCCCOC(=O)C[C@@H]3CC4C5CC[C@H](O)C5CCC4[C@@]4(C)CCC(=O)C=C34)c3ccccc3cc-2c1=O,-31.46,0
M2R-decoy_11140,O=C(NCc1ccc(/C=c2/sc3n(c2=O)CCN=3)o1)C(=O)Nc1ccccc1,-31.45,0
M2R-decoy_1441,NC(=O)CCSCc1csc(c2ccco2)n1,-31.45,0
M2R-decoy_2893,Cc1cccc(NC(=O)[C@H](CC(C)C)NS(=O)(=O)c2ccc3oc(=O)n(C)c3c2)c1C,-31.45,0
M2R-decoy_6969,C[C@@H](CO)N1C[C@@H](C)[C@H](CN(C)S(=O)(=O)c2ccc(F)cc2)Oc2c(NC(=O)Nc3ccc(F)cc3)cccc2C1=O,-31.45,0
M2R-decoy_10579,O=C(c1cccc(C(F)(F)F)c1Cl)N1CCn2c(nnc2c2cnccn2)C1,-31.44,0
M2R-decoy_1259,COC(=O)c1nc(NC(=S)NC(=O)c2cccs2)sc1C,-31.44,0
M2R-decoy_1762,CCC1(c2cccc(Oc3cc(Cn4ccnc4)ccc3C#N)c2)CCCCN(C)C1=O,-31.44,0
M2R-decoy_4284,COc1ccc(NCc2nnc(SCC(=O)NCc3ccco3)n2c2ccccc2OC)cc1,-31.44,0
M2R-decoy_11210,CC(=O)c1ccc(N2CCN(S(=O)(=O)c3ccc4c(c3)CCN4C(C)=O)CC2)cc1,-31.43,0
M2R-decoy_1230,Oc1nc2cc(F)ccc2n1c1nc2cccc(F)c2o1,-31.43,0
M2R-decoy_1266,Cc1ccc(S(=O)(=O)N2CCC(O)(c3cccnc3)CC2)cc1,-31.43,0
M2R-decoy_5910,CCCC(SC(=O)CCCCCO[N+](=O)[O-])C1=CC(=C(Br)Br)OC1=O,-31.43,0
M2R-decoy_699.2,Cc1cnccc1C[NH+](C)C1CCN(c2ncnc3[nH]cnc23)CC1,-31.43,0
M2R-decoy_1159,Cc1cc(Nc2c(F)c(F)c(F)c(F)c2F)n2ncnc2n1,-31.42,0
M2R-decoy_5940,COc1ccc(Cn2c(CCc3ccccc3)nnc2[C@H](NC(=O)c2ccncc2)c2c[nH]c3ccccc23)c(OC)c1,-31.42,0
M2R-decoy_8641,COc1cc(COc2cccc(COc3cc(OC)cc4oc(c5cn6nc(OC)sc6n5)cc34)c2)cc(OCc2ccccc2)c1,-31.42,0
M2R-decoy_10613,Cc1ccc(N2CCN(c3nc4ccc(C)cc4n4nnnc34)CC2)c(C)c1,-31.41,0
M2R-decoy_4722,Cc1ccc(S(=O)(=O)CCC(=O)OCc2ccc(S(=O)(=O)C(C)C)cc2)cc1,-31.41,0
M2R-decoy_9606,CCc1c(NCc2ccncc2)cnn1CC(C)C,-31.41,0
M2R-decoy_9867,O=C(/C(=C\c1ccc(Br)c([N+](=O)[O-])c1)S(=O)(=O)c1ccc(Br)cc1)c1ccc(Br)cc1,-31.41,0
M2R-decoy_1030.2,O=c1[nH]/c(=C\c2ccco2)c(=O)[nH]/c1=C\c1cccc(Oc2ccc(F)cc2)c1,-31.4,0
M2R-decoy_2457,CN(CCn1cccn1)c1cc(Br)ccn1,-31.4,0
M2R-decoy_5225,Cc1nn(CC(=O)N/N=c2\sc(c3ccc(Cl)cc3)cn2c2ccccc2)c(=O)n1CCCn1ccnc1,-31.4,0
M2R-decoy_5581,CC(C)OC(Cc1ccc(OCCc2noc(c3cccc(F)c3)n2)cc1)C(=O)[O-],-31.4,0
M2R-decoy_6755,C=C[C@]1(C)C[C@@H](OC(=O)N2Cc3ccc(NC(=O)[C@@H]4CCC[NH2+]4)cc3C2=O)[C@]2(C)[C@H](C)CC[C@]3(CCC(=O)[C@H]32)[C@@H](C)[C@@H]1O,-31.4,0
M2R-decoy_1086,Cc1ccc(NC(=O)C2=CC(c3ccc4c(c3)OCO4)=NS(=O)(=O)N2C)cc1,-31.39,0
M2R-decoy_173,N#Cc1c(c2ccc(Br)cc2)no[n+]1[O-],-31.39,0
M2R-decoy_9430,C[NH+](C)CCC(Oc1ccc(Br)cc1)c1ccc(OCCC[NH+]2CCCCC2)cc1,-31.39,0
M2R-decoy_5531.1,CC(=O)c1nn(CC(=O)N2[C@H](C(=O)N[C@H](C)[C@H]3CC3(Cl)Cl)C[C@H]3C[C@H]32)c2ccc(OCc3cc(C)[nH]n3)cc12,-31.38,0
M2R-decoy_953.1,Cc1nccn1[C@@H]1CC[C@@H](N(C)S(=O)(=O)c2cccc(F)c2)[C@H]1O,-31.38,0
M2R-decoy_1511,CC(C)C(SCc1ccc(OC(F)(F)F)cc1)C(N)=O,-31.37,0
M2R-decoy_9580,CC(C)CNC(=O)COC(=O)c1cncc(Br)c1,-31.37,0
M2R-decoy_11118,Cc1nnc(NC(=O)c2cc(S(=O)(=O)N3CCSCC3)c[nH]2)s1,-31.36,0
M2R-decoy_2959,Cc1ccc(CN(C)C(=O)c2cc(COc3cccc(C(F)(F)F)c3)on2)o1,-31.36,0
M2R-decoy_1724,N#Cc1c(SCC(=O)OCc2ccccc2)nsc1SCC(=O)OCc1ccccc1,-31.36,0
M2R-decoy_10871,O=S(=O)(c1ccc(OC(F)(F)F)cc1)N1CCC(c2nnnn2c2ccc(F)cc2)CC1,-31.35,0
M2R-decoy_11146,Cc1nnc(Sc2nc(C#N)c(C#N)nc2Sc2nnc(C)s2)s1,-31.35,0
M2R-decoy_10351,O=S(=O)(c1ccc(Br)s1)N1CCN(c2ccc(F)cc2)CC1,-31.35,0
M2R-decoy_3093,COc1cccc(c2nc3cc(C)ccc3n2Cc2cc(OC)c(OC)c(OC)c2)c1,-31.35,0
M2R-decoy_10241,O=C1C(Br)=CC(=O)c2c(I)cccc21,-31.34,0
M2R-decoy_2745,CC(C)C[C@@H]1NC(=O)[C@H](Cc2ccccc2)NC(=O)[C@H](CC(C)C)NC(=O)[C@@H](C(C)C)NC(=O)[C@H](CCCC[NH2+]C(=O)OCc2ccccc2)NC1=O,-31.34,0
M2R-decoy_3114,CCn1c(SCc2nc(c3ccccc3)no2)nnc1c1cccs1,-31.34,0
M2R-decoy_45.1,O=C1NC(=O)/C(=C/c2ccc(c3ccc(O)cc3)o2)S1,-31.34,0
M2R-decoy_4759,CC(=O)c1nn(CC(=O)N2[C@H](C(=O)N[C@@H](C)C3CC3(Cl)Cl)C[C@H]3C[C@H]32)c2ccc(OCc3ncccn3)cc12,-31.33,0
M2R-decoy_6164,O=C(COc1cnccn1)N/N=c1\scc(c2ccc(Br)cc2)n1c1ccc(Cl)cc1[N+](=O)[O-],-31.33,0
M2R-decoy_6748,N#Cc1ccc2c(Oc3ccc(OS(=O)(=O)F)cc3OCCn3ccc(=O)[nH]c3=O)cc(Cl)cc2c1,-31.33,0
M2R-decoy_11017,COc1cc(/C=C2\CCC/C(=C\c3ccc([N+](=O)[O-])cc3)C2=O)cc(Br)c1O,-31.32,0
M2R-decoy_11039,CC1(C)C2CCC1(C)C(O[C@H]1OC(=O)C(Br)=C1Sc1nnc(c3ccco3)s1)C2,-31.32,0
M2R-decoy_11304,COc1ccc(N2CCN(S(=O)(=O)c3cccc4nsnc34)CC2)cc1,-31.32,0
M2R-decoy_3158,Cc1ccc(n2ccnc2SCC(=O)N(CC(C)C)C2CCS(=O)(=O)C2)c(C)c1,-31.32,0
M2R-decoy_6577,O=C(N[C@@H]1C[C@@H](C(=O)NC[C@@H]2CC(Br)=NO2)N(C(=O)OCc2cnc3ccccc3c2)C1)c1cccc(O)c1,-31.32,0
M2R-decoy_9547,O=S(=O)(NCc1nccs1)N1CCc2ccccc2C1,-31.32,0
M2R-decoy_2339,CC(C)(C)c1ccc(OCC(=O)OCCNC(=O)c2cccnc2)cc1,-31.3,0
M2R-decoy_466,Cc1noc(NC(=O)c2ccc(Br)s2)n1,-31.3,0
M2R-decoy_5965,COc1ccc(C(C(=O)NC2CCCC2)n2c(CSCCOc3ccccc3)nc3ccccc32)cc1,-31.3,0
M2R-decoy_8242,COCCNC(=O)C(c1ccc(C)cc1)N(Cc1ccccc1)C(=O)CCC(=O)Nc1nccs1,-31.3,0
M2R-decoy_8810,COc1cc(c2cccs2)cc(/C=N/CCSSCC/N=C/c2cc(c3cccs3)cc(OC)c2O)c1O,-31.3,0
M2R-decoy_10312,CC(C(=O)/N=c1\sc2ccccc2n1C)N1C(=O)C2CC=CCC2C1=O,-31.29,0
M2R-decoy_2552,CC[NH+](CC)CCN1C(=O)C([O-])=C(C(=O)c2ccc(S(=O)(=O)N3CCOCC3)cc2)C1c1ccc(C)cc1,-31.29,0
M2R-decoy_3873,O=C(CCC(C(=O)OCc1ccccc1)C(=O)OCc1ccccc1)Nc1ccc(OCc2ccccc2)cc1,-31.28,0
M2R-decoy_3437,O=C(CCC(=O)c1cccs1)OCc1nc2ccccc2s1,-31.28,0
M2R-decoy_6687,O=C1N(CC#Cc2cncnc2)[C@H](Cc2ccccc2)[C@H](O)[C@@H](O)[C@@H](Cc2ccccc2)N1CC#Cc1cncnc1,-31.28,0
M2R-decoy_11462,O=S(=O)(c1cccc(Cl)c1)c1nnn2c1nc(NCc1cccs1)c1sccc12,-31.27,0
M2R-decoy_1380,O=C(NCC(=O)N1CCCCCCC1)c1ccccc1Br,-31.27,0
M2R-decoy_3199,CCCCOc1cc(OC)c(/C=C2\SC(=O)N(C(C)C)C2=O)cc1Br,-31.27,0
M2R-decoy_3260,O=C(CSc1oc(c2ccco2)nc1S(=O)(=O)c1ccccc1)c1ccc(Cl)cc1,-31.27,0
M2R-decoy_5435,C=CCn1c(Cn2nnc3ccccc32)nnc1SCC(=O)N/N=C/c1cc(Br)cc(OC)c1O,-31.27,0
M2R-decoy_6374,O=C(C[C@H]1C/C=C\CC[C@@H](Cc2ccc(F)cc2)C(=O)OC[C@H]2CCCN2C1=O)N[C@@H](CO)Cc1ccccc1,-31.27,0
M2R-decoy_6402,COc1ccc(C[C@H]2NC(=O)/C=C/C[C@@H](C(=O)/C=C/c3ccccc3)OC(=O)[C@H](CC(C)C)OC(=O)[C@H](C)CNC2=O)cc1,-31.27,0
M2R-decoy_7353,O=C(c1cnn2cc(Br)ccc12)N1CCN(C(=O)c2ccc(Br)cn2)[C@@H](c2ccc(Cl)cc2)C1,-31.27,0
M2R-decoy_840,Cc1c(/C=N/NC(=O)c2ccccc2)c(Cl)n(C)c(=O)c1C#N,-31.27,0
M2R-decoy_188,O=C1Nc2ccc(F)cc2/C1=N/NC(=S)Nc1ccccc1,-31.26,0
M2R-decoy_2483,Cn1nc(/C=C/C(=O)c2ccccc2)ccc1=O,-31.26,0
M2R-decoy_479,S=C(N/N=C/c1ccccn1)N1CC2CCC(CC2)C1,-31.26,0
M2R-decoy_6803,COc1cc(C(C)C)c(Oc2cnc(N)nc2NC(=O)c2cnc(C)cn2)cc1I,-31.26,0
M2R-decoy_127,CC(=O)N1CCN(C(=O)c2nc3ccccc3s2)CC1,-31.25,0
M2R-decoy_2200,CS(=O)(=O)Oc1ccc(C(=O)OCc2ccc(CC(SCCc3ccc(F)cc3)C(=O)[O-])cc2)cc1,-31.25,0
M2R-decoy_2312,CC(=O)c1ccc(OCCOc2ccc([N+](=O)[O-])cc2)cc1,-31.25,0
M2R-decoy_7858,O=C1/C(=C/c2ccccc2F)CN(C(=O)c2cc(Cc3n[nH]c(=O)c4ccccc34)ccc2F)C/C1=C\c1ccccc1F,-31.25,0
M2R-decoy_1970,NS(=O)(=O)NCCCC[C@H](NC(=O)OCc1ccccc1)C(=O)Nc1nc(c2ccccc2)c(c2ccccc2)s1,-31.24,0
M2R-decoy_3140,CCOC(=O)c1c(Cn2cnc3ccccc32)n(c2ccccc2)nc1c1ccccc1,-31.24,0
M2R-decoy_3342,O=C(OCCCCCOc1ccc(c2cc(=S)ss2)cc1)c1cccnc1,-31.24,0
M2R-decoy_3345,c1ccc(C(CCC2=NN=NN2)Cc2ccc(OCc3ccc4ccccc4n3)cc2)cc1,-31.24,0
M2R-decoy_5442,Cc1ccc(S(=O)(=O)n2cc(CN(Cc3cn(Cc4ccc(F)cc4)nn3)S(=O)(=O)c3ccccc3)c3ccccc32)cc1,-31.24,0
M2R-decoy_494,O=C(NC(=S)Nc1ccc2c(c1)OCCO2)c1ccccc1F,-31.24,0
M2R-decoy_10491,O=S(=O)(c1cccc(Br)c1)N1CCc2ccccc2C1,-31.23,0
M2R-decoy_2320,CCOc1nc2ccc(OCCCOc3ccc(C(C)=O)cc3)cc2o1,-31.23,0
M2R-decoy_4593.1,COc1ccccc1Oc1c(NS(=O)(=O)NCc2ccccc2)nc(C2CC2)nc1OCCOc1ncc(Br)cn1,-31.23,0
M2R-decoy_3149,COc1ccc(C2=NOC(COc3ccc(Cl)c4cccnc34)C2)cc1OC,-31.23,0
M2R-decoy_5171,COc1ccc(c2nn(c3ccccc3)cc2C(=O)N2CCN(S(=O)(=O)c3ccccc3C#N)CC2)cc1,-31.23,0
M2R-decoy_5262,CC(C)(Cc1nc2cc(OCc3ccc4ccccc4n3)ccc2n1Cc1ccc(C[NH+]2CCCC(F)(F)C2)cc1)C(=O)[O-],-31.23,0
M2R-decoy_5328,CC(CCC(=O)[O-])(c1ccc(OCc2cnc3ccccc3n2)cc1)c1ccc(OCc2cnc3ccccc3n2)cc1,-31.23,0
M2R-decoy_5517,Cc1ncc([N+](=O)[O-])n1CCOc1ccc(/C=C2\S/C(=[NH+]\c3ccccc3)N(Cc3cccs3)C2=O)cc1,-31.23,0
M2R-decoy_3211,C=CC[C@@H]1CC=C[C@@H](C)N1C(=O)c1cc(COc2ccc(C)c(C)c2)on1,-31.22,0
M2R-decoy_3292,Cc1cc(=O)oc2cc(OCCCCCCCCn3cncn3)ccc12,-31.22,0
M2R-decoy_5358,COCCN(C)C(=O)c1ccc(c2cccc(COc3cc(OC)cc4oc(c5cn6nc(OC)sc6n5)cc34)c2)cn1,-31.22,0
M2R-decoy_8974,CCCn1c(SCc2cc([N+](=O)[O-])ccc2OC)nc2cc(NC(=O)NC(C)(C)C)cc(C(=O)NCc3ccncc3)c21,-31.22,0
M2R-decoy_11296,COc1ccc(OC)c2sc(N3CCN(C(=O)C4COc5ccccc5O4)CC3)nc12,-31.21,0
M2R-decoy_3491,CCc1cccc(CN(C)C(=O)NC(C(=O)N[C@@H](Cc2ccccc2)[C@@H](O)C[C@H](Cc2ccccc2)NC(=O)OCc2cccnc2)C(C)C)n1,-31.21,0
M2R-decoy_205,O=C1Nc2c(ccc(Cl)c2I)C1=O,-31.2,0
M2R-decoy_1705,C=CC1(C)CCC(C(C)C(=O)C(C=C(C)C)OC(C)=O)C12C(=O)Oc1ccccc1C2=O,-31.2,0
M2R-decoy_7614,C=C(C)[C@@H]1CC[C@]2(C(=O)OCC3CCCO3)CC[C@]3(C)[C@H](CC[C@@H]4[C@@]5(C)CC[C@H](OC(C)=O)[C@@](C)(COC(C)=O)[C@@H]5CC[C@]43C)[C@@H]12,-31.2,0
M2R-decoy_8120,CC(=O)N(c1ccc(F)c(Cl)c1)c1ncnc2ccc(COC(=O)CCCC(=O)O[C@@H]3O[C@@H]4O[C@@]5(C)CC[C@H]6[C@H](C)CC[C@@H]([C@H]3C)[C@]64OO5)cc12,-31.2,0
M2R-decoy_8933,CC[NH+](CC)CCN(Cc1ccc(c2ccc(C(F)(F)F)s2)cc1)C(=O)Cn1c(CCc2cccc(F)c2F)nc(=O)c2ccccc21,-31.2,0
M2R-decoy_9155,O=C(N[C@@H](CCCCNC(=O)c1ccccc1OCC(F)(F)F)c1ncc(c2ccc3ccccc3c2)[nH]1)c1cncs1,-31.2,0
M2R-decoy_9919,O=C(c1nn(c2ccccc2Cl)c(c2ccc(Cl)cc2)c1Cn1cncn1)N1CCN(c2cccc(Cl)c2)CC1,-31.2,0
M2R-decoy_1907,CS(=O)(=O)C(C(=O)NCCS(N)(=O)=O)c1nc2ccc(c3ccc(OC(F)(F)F)cc3)cc2s1,-31.19,0
M2R-decoy_3009,COC(=O)c1ccc(COC(c2ccc(C#N)c(c3ccccc3C)c2)c2cncn2C)o1,-31.19,0
M2R-decoy_4703,COc1ccc(N(C(=O)c2cccnc2)S(=O)(=O)c2cc(OC)ccc2OC)cc1,-31.19,0
M2R-decoy_6271,O=C(C1CCN(c2ccncc2)CC1)N1CCC(CNS(=O)(=O)c2cc3ccc(Cl)cc3s2)C1,-31.19,0
M2R-decoy_7758,O=C(c1ccccc1C(F)(F)F)N(/N=N/c1ccc([N+](=O)[O-])cc1Br)c1ccc([N+](=O)[O-])cc1Br,-31.19,0
M2R-decoy_3720,COCCOc1cc2ncnc(Nc3ccccc3N(CCCl)CCCl)c2cc1OCCOC,-31.18,0
M2R-decoy_3348,CN(c1ccc(C(=O)NCCSCc2ccccc2)cc1)S(=O)(=O)c1ccccc1,-31.18,0
M2R-decoy_5883,CS(=O)(=O)c1ccc(C2=C(c3ccccc3)C(=O)O/C2=C\c2ccc(O)cc2)cc1,-31.18,0
M2R-decoy_3015,COc1ccc(CN(C(=O)c2oc3cc(C)ccc3c2C)C2CCS(=O)(=O)C2)cc1OC,-31.17,0
M2R-decoy_1625,Cc1ccc(S(=O)(=O)N2CCC([NH+]3CCC(C)CC3)CC2)cc1C,-31.17,0
M2R-decoy_6146,COc1cc([C@@H]2c3cc4c(cc3[C@@H](OC(=O)c3ccccc3)[C@H]3COC(=O)[C@H]23)OCO4)cc(OC)c1OC,-31.17,0
M2R-decoy_11276,Cc1nnc(Sc2nc3c(c(=O)n(C)c(=O)n3C)n2Cc2ccc(Cl)cc2)s1,-31.16,0
M2R-decoy_1925,CCn1c(=O)c(C(=O)C[NH+](C)CC(=O)Nc2ccccc2Br)c(N)n(Cc2ccccc2)c1=O,-31.16,0
M2R-decoy_1462,Cc1ccc(CNS(=O)(=O)NCc2ccc(Cl)cc2)cc1,-31.16,0
M2R-decoy_2297,CCCN(CCC)C(=O)/C=C/C(=O)c1cccc(Br)c1,-31.16,0
M2R-decoy_4684,CCOC(=O)Cc1csc(NC(=O)c2ccc(S(=O)(=O)N3CCCCC3)cc2)n1,-31.16,0
M2R-decoy_2012,CC(C)CCn1c(=O)c2sccc2n2c(CCCC(=O)Nc3ccc(C(C)C)cc3)nnc12,-31.15,0
M2R-decoy_3712,CC(C)N(Cc1cccc(OCCCCCC(=O)[O-])c1)C(=O)c1ccc(c2ccc3c(c2)OCCO3)cc1,-31.15,0
M2R-decoy_4871,CC(C)(Cc1nc2cc(OCc3ccc4ccccc4n3)ccc2n1Cc1ccc(c2ccc(NS(C)(=O)=O)cc2)cc1)C(=O)[O-],-31.14,0
M2R-decoy_7385,O=C(c1ccc(Br)cc1)[C@@H]1S[C@@]2(C(=O)Nc3cccc(Br)c32)[C@@H](c2ccccc2)C[C@@H]1O,-31.14,0
M2R-decoy_10488,Cc1cc(C)n(C(=O)Cn2nc(C)c(I)c2C)n1,-31.13,0
M2R-decoy_4668,O=C(NCCCCCCCCCCCC(=O)OC12CC3CC(CC(C3)C1)C2)NC12CC3CC(CC(C3)C1)C2,-31.13,0
M2R-decoy_5417,O=C(CN(c1ccc(Br)cc1)S(=O)(=O)c1ccc(Cl)c([N+](=O)[O-])c1)NCCc1ccccc1,-31.13,0
M2R-decoy_498,Cc1ccc(C)c(S(=O)(=O)c2cnc(S)nc2O)c1,-31.13,0
M2R-decoy_8594,Cc1oc(c2ccc(F)cc2)nc1CCOc1ccc(C[C@H](Nc2ccccc2C(=O)c2ccccc2)C(=O)[O-])cc1,-31.13,0
M2R-decoy_10457,CC(C)(C)OC(=O)N1CCC[C@H]1c1nnc(SCc2ccc(Cl)cc2)o1,-31.12,0
M2R-decoy_10680,N#Cc1cccc(c2cnc(N3CCO[C@H]4CN(C#N)C[C@H]43)nc2)c1,-31.12,0
M2R-decoy_204,O=C(NC(=S)N1CCN(c2ccccc2)CC1)c1ccccc1,-31.12,0
M2R-decoy_6727,C[C@H]1CN([C@H](C)CO)C(=O)c2cc(/C=C/c3ccccc3)cnc2O[C@H]1CN(C)S(=O)(=O)c1ccccc1,-31.12,0
M2R-decoy_9258,C[C@@H]1CCC[C@H](n2cnc(c3cc(Cl)ccc3n3cc(Cl)nn3)cc2=O)c2ccnc(c2)-c2c(cnn2C)NC1=O,-31.12,0
M2R-decoy_202,CSC(=S)N/N=C/c1cccc(Br)n1,-31.11,0
M2R-decoy_1686,CSc1cc(c2ccc(Br)cc2)oc(=O)c1Br,-31.11,0
M2R-decoy_4514,CS(=O)(=O)Nc1ccccc1CCC(SCCC(=O)[O-])c1cccc(OCc2ccc3ccc(Cl)cc3n2)c1,-31.11,0
M2R-decoy_6073,COc1ccc(NC(=O)COC(=O)CCc2cc(OC)c(OC)c(OC)c2)c([N+](=O)[O-])c1,-31.11,0
M2R-decoy_660,Cc1cc(C)n2nc(CC(=O)N3CC(C)n4c3nc3ccccc34)nc2n1,-31.11,0
M2R-decoy_9458,C[NH+](C)CCC(Oc1cccc(Br)c1)c1ccc(OCCC[NH+]2CCCCC2)cc1,-31.11,0
M2R-decoy_3005,Cc1c(Oc2ccccc2Cl)ncnc1O[C@@H]1C[C@@H]2CC[C@H](C1)N2S(=O)(=O)C1CC1,-31.1,0
M2R-decoy_4378,COc1cc(COCc2cn(Cc3cc(c4ccccc4)cnc3Cl)nn2)cc(OC)c1OC,-31.1,0
M2R-decoy_5785,CCc1cccc(CN(C)C(=O)NC(C(=O)N[C@@H](Cc2ccccc2)C[C@H](O)[C@H](Cc2ccccc2)NC(=O)OCc2cccnc2)C(C)C)n1,-31.1,0
M2R-decoy_6,CC(C)Oc1cccc(Cc2nc3c([nH]2)CCCNC3=O)c1,-31.1,0
M2R-decoy_5133,COCCCc1cc(CN(C(=O)[C@H]2C[NH2+]CC[C@@H]2c2ccc(OCCOc3c(Cl)cc(C)cc3Cl)cc2)C2CC2)cc(OCCOC)c1,-31.1,0
M2R-decoy_6820,CC(=O)O[C@H]1C[C@H]2[C@@H](OC(C)=O)/C=C3\C[C@](C)(C(=O)[C@H](O)C(=C1C)C2(C)C)[C@@H](OC(C)=O)C[C@@H]3OC(=O)/C=C/c1ccccc1,-31.1,0
M2R-decoy_6795,C[C@H](CCC(=O)NCc1ccc(S(N)(=O)=O)cc1)[C@H]1CC[C@H]2[C@@H]3C(=O)C[C@@H]4CC(=O)CC[C@]4(C)[C@H]3CC(=O)[C@@]21C,-31.09,0
M2R-decoy_1060,O=C(Nc1nccs1)c1[nH]cnc1C(=O)N1CCN(c2ccccc2)CC1,-31.08,0
M2R-decoy_10918,Cc1cc(C)n(CCc2nc3c4ccccc4nc(N4CCN(c5ccccc5F)CC4)n3n2)n1,-31.07,0
M2R-decoy_1362,NN1C(=O)/C(=C/c2c[nH]c3ccc(Br)cc23)SC1=S,-31.07,0
M2R-decoy_1772,[NH3+][C@@H](Cc1ccccc1)C(=O)N[C@@H]1C[C@@H](C(=O)[O-])Nc2cc(Cl)cc(Cl)c21,-31.07,0
M2R-decoy_3898,Nc1ncnc2c1ncn2OCCOCP(=O)(OCc1ccc(Br)cc1)OCc1ccc(Br)cc1,-31.07,0
M2R-decoy_3286,CCCCc1c(OC(C)=O)c2cccnc2n(c2cccc([S+](C)[O-])c2)c1=O,-31.07,0
M2R-decoy_7105,O=C(NCc1cccc(F)c1)[C@H]1S[C@@H](n2cnc3c(NCc4cccc(I)c4)ncnc32)[C@H](O)[C@@H]1O,-31.07,0
M2R-decoy_9291,CC(C)(C#N)[C@H]1OC2(CCN(C(=O)[C@@H]3C[NH+](C4CCOCC4)C[C@H]3c3ccc(F)cc3F)CC2)c2cc(F)c(F)cc21,-31.07,0
M2R-decoy_10658.1,O=C1NC(=O)/C(=C/C2=Cc3cc(Br)ccc3OC2)S1,-31.06,0
M2R-decoy_5180,Cn1cnc(S(=O)(=O)N(Cc2ccccn2)C2Cc3cc(C#N)ccc3N(Cc3cncn3C)C2)c1,-31.06,0
M2R-decoy_8487,COCc1ccc(c2ccc3nc(C(C(=O)NCCS(N)(=O)=O)S(=O)(=O)CCC(F)(F)F)sc3c2)cc1,-31.06,0
M2R-decoy_10960,O=C(c1ccc(CS(=O)(=O)c2ccc(Br)cc2)o1)N1CCN(c2ccc(F)cc2)CC1,-31.05,0
M2R-decoy_10139,c1cc(c2nc(N[C@@H]3CCC[NH2+]C3)c3sccc3n2)ccn1,-31.05,0
M2R-decoy_1527,N#Cc1c(SCC(N)=O)nsc1SCc1ccccc1Cl,-31.05,0
M2R-decoy_3310,CN(CCOc1ccc(Cl)cc1)c1ccc(S(=O)(=O)N2CCCCC2)cn1,-31.05,0
M2R-decoy_5534,CC1(C)C(=O)NC(=O)N1CC(CS(=O)(=O)c1ccc(c2ccc(OC(F)(F)F)cc2)cc1)N(O)C=O,-31.05,0
M2R-decoy_10701.1,O=c1[nH]c2ccc(Br)cc2c2nn(c3ccccc3F)c(=O)n12,-31.04,0
M2R-decoy_10986,CC(=O)Nc1nc2c(Oc3cc(C4CCC(C(F)(F)F)CC4)ncn3)cccc2s1,-31.04,0
M2R-decoy_10232,O=C(N1CCc2nc(C#Cc3ccccc3)sc2C1)N1CC(F)(F)C1,-31.04,0
M2R-decoy_11317,O=S(=O)(c1ccc(Cl)cc1Cl)n1nnnc1c1ccc2c(c1)OCO2,-31.03,0
M2R-decoy_2897,COCCOc1cnc2ccc(Cn3nnc4ccn(c5cccs5)c(=O)c43)cc2c1,-31.03,0
M2R-decoy_3407,CC(C)C(c1cccnc1)N(C)C(=O)Cc1c(F)cccc1F,-31.03,0
M2R-decoy_3409,CCOc1ccc(CN(C)C(=O)c2ccc3ccccc3n2)cc1,-31.03,0
M2R-decoy_6613,CS(=O)(=O)c1ccccc1c1ccc2c(c1)CCN2C(=O)c1cc(C(N)=O)nn1c1ccc2onc(N)c2c1,-31.03,0
M2R-decoy_11355,CN1CCCc2ccc(NC(=O)N3CCN(c4ncc([C@H](O)CO)cc4Cl)CC3)cc21,-31.02,0
M2R-decoy_5448.1,CCCCNC(=O)CSc1nc2ccc(Nc3nc(N4CCOCC4)nc(N4CCOCC4)n3)cc2s1,-31.02,0
M2R-decoy_5985,CCCc1nn(C)c2c(NCCc3cccc(Cl)c3)nc(/C=C/c3cc(OC)c(OC)c(OC)c3)nc12,-31.02,0
M2R-decoy_5988,CCOC(=O)CCCOc1ccc(C(=O)/C=C/c2cc(C(C)(C)C)c3oc(=O)c(C(=O)OCC)cc3c2)cc1,-31.02,0
M2R-decoy_7076,N#CCC1(n2cc(c3ncnc4[nH]ccc43)cn2)C[NH+](C2CCN(C(=O)C3(c4ccc(Cl)cc4)CC3)CC2)C1,-31.01,0
M2R-decoy_10542,Cc1ccc(C(=O)O/N=C2\CCS(=O)(=O)c3sccc32)cc1,-30.99,0
M2R-decoy_11384,O=C(Oc1cccc(N2CCS(=O)(=O)CC2)c1)N1CCN(c2ccccc2)CC1,-30.99,0
M2R-decoy_224,Cc1c(I)cnc2nc(O)c(O)nc12,-30.99,0
M2R-decoy_1568,COc1cc(/C=C(\C#N)C(=O)NCc2cccs2)ccc1O,-30.99,0
M2R-decoy_4423,C/C=C/C=C/C(=O)N1Cc2cc(OCCc3nc(/C(C)=C/CCC(C)C)oc3C)ccc2C[C@H]1C(=O)[O-],-30.99,0
M2R-decoy_7606,Cc1ccc(c2cc(Br)ccc2OCc2ccc(F)cc2F)n1c1cccc(C(O)(C(F)(F)F)C(F)(F)F)c1,-30.99,0
M2R-decoy_9816,O=C(NC1(c2ccc(Cl)cc2)CC1)c1nn(c2ccccc2Cl)c(c2ccc(Br)cc2)c1Cn1cncn1,-30.99,0
M2R-decoy_1127,Cc1cc(Nc2ccc(Br)cc2F)n2ncnc2n1,-30.98,0
M2R-decoy_3027,COc1ccc(c2nc(c3ccccc3)oc2Sc2ncccn2)c(OC)c1OC,-30.98,0
M2R-decoy_4359,COC(=O)C(Cc1ccc(O)cc1)N1C(=O)c2ccccc2C1(OCCn1c([N+](=O)[O-])cnc1C)c1ccccc1,-30.98,0
M2R-decoy_9784,O=C1C(c2ccccc2)N(S(=O)(=O)c2cccc(Br)c2)C(=O)C(c2ccccc2)N1S(=O)(=O)c1cccc(Br)c1,-30.98,0
M2R-decoy_1360,CN(C)C(=S)SC(=S)N1CCN(C(=O)c2ccco2)CC1,-30.97,0
M2R-decoy_1607,CO[C@H]1c2cccc3c2c(cn3S(=O)(=O)c2ccc(C)cc2)C[C@@H]1[NH3+],-30.97,0
M2R-decoy_6869,CC(C)(C)OC(=O)N1CCN(C(=S)SCc2cn(Cc3cc4ccc(O)cc4oc3=O)nn2)CC1,-30.97,0
M2R-decoy_6704,CC(=O)Oc1cccc(C(=O)Nc2ccc3c(c2)-c2c(c(C(N)=O)nn2c2ccc4c(c2)OCO4)CO3)c1C,-30.97,0
M2R-decoy_9161,Clc1ccc(Nc2nnc(CCCCCCCCc3nnc(Nc4ccc(Cl)cc4)o3)o2)cc1,-30.97,0
M2R-decoy_9778,O=C(Cc1cc(Br)cc(Br)c1OC(=O)c1cccc(Br)c1)Nc1ccccc1[N+](=O)[O-],-30.97,0
M2R-decoy_9957,C[C@@H]1[C@H]2C3=CC[C@@H]4[C@@]5(C)CCC(=O)C(C)(C)[C@@H]5CC[C@@]4(C)[C@]3(C)CC[C@@]2(C(=O)OCc2cn(c3ccccc3I)nn2)CC[C@H]1C,-30.97,0
M2R-decoy_11101,CC(=O)NC1C(Oc2ccc(C)cc2)OC2COC(c3ccco3)OC2C1O,-30.96,0
M2R-decoy_207,O=C(N/N=C/c1ccc(Cl)cc1)C(=O)N1CCCCCC1,-30.96,0
M2R-decoy_2957,Cn1cc(C(=O)c2ccc(Cl)cc2Cl)cc1c1nnc(COc2ccc(F)cc2)o1,-30.96,0
M2R-decoy_371,CC1(NC(=O)c2ccc(C#Cc3cccc(F)c3)cn2)COC1,-30.96,0
M2R-decoy_10445,O=C1C(Br)=C(Br)C(=O)c2c(I)cccc21,-30.95,0
M2R-decoy_11308,O=C(CS(=O)(=O)c1ccc(Cl)cc1)N1CCN(c2ccccc2)CC1,-30.95,0
M2R-decoy_1226.1,Oc1c(I)cc(Br)c2cccnc12,-30.95,0
M2R-decoy_813,NNC(=O)N1N=C(c2cccs2)CC1(O)C(F)(F)F,-30.95,0
M2R-decoy_125,CC1(C)CC(=O)N(c2ncc(C#Cc3ccc(F)cc3)cn2)C1,-30.94,0
M2R-decoy_3156,O=c1c2cnn(CC3COC3)c2nc(SCc2cccc(F)c2)n1c1ccccc1,-30.94,0
M2R-decoy_6917,Nc1nc(CO[C@H]2[C@@H](O)[C@@H](CO)O[C@H](Sc3ccc(Cl)c(Cl)c3)[C@@H]2O)cc(c2ccc(Cl)cc2)n1,-30.94,0
M2R-decoy_5286.1,COc1cccc(c2c(C)n(Cc3c(F)cccc3F)c(=O)n([C@@H](C)C[NH+](C)CCc3ccccn3)c2=O)c1,-30.93,0
M2R-decoy_8886,COc1cc(c2ccco2)cc(/C=N/CCSSCC/N=C/c2cc(c3cccs3)cc(OC)c2O)c1O,-30.93,0
M2R-decoy_841,COc1ccc2c(c1)/C(=N/NC(=S)Nc1ccccc1)C(=O)N2,-30.93,0
M2R-decoy_1427,CC(=O)c1ccc(OCCCCOc2ccc(C(C)=O)cc2)cc1,-30.92,0
M2R-decoy_3722,C=CC[C@@H](CC(=O)N(CCO)Cc1ccccc1)C(=O)N[C@H](COC(=O)[C@@H](CC=C)Cc1ccc(F)cc1)C(C)(C)C,-30.92,0
M2R-decoy_3943,C=CCSSCCC(=O)OCCCOc1cc2ncnc(Nc3ccc(Br)cc3)c2cc1OC,-30.92,0
M2R-decoy_7713.1,O=C(Nc1nncs1)C1CCN(C(=O)N2CC[C@](c3ccc(C(OCc4c(F)cccc4F)(C(F)(F)F)C(F)(F)F)cc3)(S(=O)(=O)c3ccc(F)cc3)C2)CC1,-30.92,0
M2R-decoy_11242,[O-][n+]1nc2c(I)cnn2c2cc(/C=C/c3ccccc3)ccc21,-30.91,0
M2R-decoy_1973,Cn1cnc(S(=O)(=O)N(CCN(Cc2cncn2C)c2ccc(c3ccccc3)cc2)Cc2ccccc2)c1,-30.91,0
M2R-decoy_1750,C=C1CC[C@H]2C(C)(C)CCC[C@]2(C)[C@H]1CC/C(C)=C/Cn1c[n+](C)c2nc[n-]/c(=N\OC)c21,-30.91,0
M2R-decoy_624,Oc1[nH]c(Nc2ccc(Br)cc2)nc2ncnc1-2,-30.91,0
M2R-decoy_9556,CN(CC(=O)Nc1ccc(F)c(F)c1F)C(=O)C1CCCO1,-30.91,0
M2R-decoy_10131,O=C([O-])C1C[NH+](Cc2ccc(Oc3ccc(Cl)cc3)cc2)C1,-30.9,0
M2R-decoy_11437,O=C(Oc1cccc(N2CCS(=O)(=O)CC2)c1)N1CCC(c2ccc(N3CCC3)cc2)CC1,-30.9,0
M2R-decoy_1522,CC(/C=C/c1ccccc1)=N\NC(=O)CSc1ccccn1,-30.9,0
M2R-decoy_7098,CC(C)CCN(C[C@@H](O)[C@@H]1Cc2ccc(cc2)OCCCCCC(=O)N[C@@H](C(C)C)C(=O)N1)NC(=O)NCc1ccccc1,-30.9,0
M2R-decoy_10462.1,Sc1nnc(c2cccnc2)n1/N=C/c1ccc(Br)s1,-30.89,0
M2R-decoy_8542,COC(=O)c1ccc(C(NC(=O)OCc2ccccc2)/C(F)=C/[C@@H](C)C(=O)NCCc2c[nH]c3ccc(OC)cc23)cc1,-30.89,0
M2R-decoy_8918,CCCC(=O)NC[C@H](Cc1ccc(OCCc2nc(c3ccccc3)oc2C)cc1)Nc1ccccc1C(=O)c1ccccc1,-30.89,0
M2R-decoy_9181,CCCC[C@H](NC(=O)OCC1(COc2nc(c3ccc(C)cc3)cs2)CCC1)C(=O)C(=O)N[C@H](C)c1ccccc1,-30.89,0
M2R-decoy_203,CC(=NNC(=S)N1CC2CCC(CC2)C1)c1cnccn1,-30.88,0
M2R-decoy_2348,C#CCCCCOC(=O)/C=C/c1ccc(OC(C)=O)c(OC(C)=O)c1,-30.88,0
M2R-decoy_5641,O=C(CCCCCCCCn1cc(c2cccnc2)nn1)NCC(c1ccccc1)c1ccccc1,-30.88,0
M2R-decoy_482,N#Cc1ccccc1C(=O)/C=C1\Nc2ccccc2NC1=O,-30.88,0
M2R-decoy_6744,CCNC(=O)c1ccc(n2ncc3c(CN4C(=O)[C@@H](NC(=O)[C@H](C)[NH2+]C)[C@H](C)Oc5ccccc54)cccc32)c(C#N)c1,-30.88,0
M2R-decoy_8631,CCCn1cc(CNC(=O)[C@@H](C)CC[C@H]2O[C@H]3C[C@H]4[C@@H]5CC[C@@H]6C[C@@H](OCc7ccccc7)CC[C@]6(C)[C@H]5CC[C@]4(C)[C@H]3[C@@H]2C)nn1,-30.88,0
M2R-decoy_9241,CC(NC(=S)Nc1ccc(NC(=O)c2ccccc2F)cc1)c1ccccc1,-30.88,0
M2R-decoy_1562,COc1ccc(C)cc1NC(=O)CCNC(=O)c1ccco1,-30.87,0
M2R-decoy_2968,CC(Sc1nc2ccccc2c(=O)n1CC1CCCO1)C(=O)N(C)Cc1ccccc1,-30.87,0
M2R-decoy_5412,CC(C)CN(c1ccc(OC2CCN(S(C)(=O)=O)CC2)cc1)S(=O)(=O)N(C)Cc1ccc(F)cc1,-30.87,0
M2R-decoy_7392,COC(=O)[C@@H]1C[C@H](OC(C)=O)C(=O)[C@H]2[C@@]1(C)CC[C@H]1C(=O)O[C@H](c3cc(Br)oc3Br)C[C@]21C,-30.87,0
M2R-decoy_7526,CC(=O)N1CCC(C(=O)N2CCC([NH+]3CCN(C(=O)c4cc(c5ccccc5)nc(c5ccc6cc[nH]c6c5)c4)CC3)CC2)CC1,-30.87,0
M2R-decoy_10926,Cn1c(=O)c(c2ccc(Cl)cc2)c(c2ccncc2)c2nn(Cc3ccc(C(F)(F)F)nc3)c(=O)n21,-30.86,0
M2R-decoy_1062,CC(C)(C)c1nccc(c2cnc(NC(=O)N3CC4CC4C3C(N)=O)s2)n1,-30.85,0
M2R-decoy_10692,COc1c(Br)cc2cc(C#N)c(=O)oc2c1[N+](=O)[O-],-30.85,0
M2R-decoy_11485,O=C(c1ccc(Br)o1)N(c1ccc(Br)cc1)C1C=CS(=O)(=O)C1,-30.85,0
M2R-decoy_1854,CCCC(OC(=O)CCCCCCCCCCO[N+](=O)[O-])C1=CC(=C(Br)Br)OC1=O,-30.85,0
M2R-decoy_404,Cc1ccc(NC(=O)N2CCN(C(=O)C3CCCO3)CC2)cc1,-30.85,0
M2R-decoy_11177,Cc1cnccc1COc1cnc(N2CCN(C(=O)OC(C)(C)C)CC2)nc1,-30.84,0
M2R-decoy_2482,CN(C)C(=O)n1cnc(SCc2ccccc2)n1,-30.84,0
M2R-decoy_2855,CCCc1nn(C)c2c(N3CCCC3)nc(/C=C/c3cc(OC)c(OC)c(OC)c3)nc12,-30.84,0
M2R-decoy_10584,O=C1CC(SC2=NCCS2)C(=O)N1c1ccc(Br)cc1,-30.83,0
M2R-decoy_1458,Clc1cc(Cl)c(OCCCCn2cncn2)c(Cl)c1,-30.83,0
M2R-decoy_9873,O=C(Nc1cc(Br)ccc1N1CCN(C(=O)c2ccco2)CC1)c1cc2ccccc2o/c1=N\c1ccccc1,-30.83,0
M2R-decoy_10852,Cc1cc(C)cc(N(Cc2cccc(Cl)c2)S(=O)(=O)c2cccn3cnnc23)c1,-30.82,0
M2R-decoy_401.1,O=C1NC(=O)C(=CNc2ccc(Cl)c(C(F)(F)F)c2)C(=O)N1,-30.82,0
M2R-decoy_4236,CCOc1ccc(NC(=O)Cn2c(=O)n(CCCC(=O)NCCc3ccc(Cl)cc3)c(=O)c3ccccc32)cc1,-30.82,0
M2R-decoy_5508,CCS(=O)(=O)c1ccc(C(NC(C)=O)C(=O)Nc2cc(c3cc(C#N)cnc3OCC(F)(F)F)cs2)cc1,-30.82,0
M2R-decoy_6452.1,COc1cc(Cc2cnc(N)nc2N)cc(/C=C/C(=O)N2N=Cc3ccccc3C2c2ccc(F)cc2)c1OC,-30.82,0
M2R-decoy_7449,CC1=NN(c2cccc(Cl)c2)C2(/C1=C/c1ccc(N(C)C)cc1)C(Cl)C(=O)N2c1nc2ccccc2s1,-30.82,0
M2R-decoy_2568,CCN1C(C(=O)N[C@@H](Cc2ccccc2)C(=O)C(=O)NCc2ccccn2)Cc2cc3c(cc2S1(=O)=O)OCCO3,-30.81,0
M2R-decoy_3578,Brc1cnc(NCCCOCC2CCOC2)nc1,-30.81,0
M2R-decoy_3761,CC(C)Oc1ccc(NC(=O)CCCCCCCSc2nnc(Cc3nn(C)c(=O)c4ccccc34)n2C)cc1,-30.81,0
M2R-decoy_3441,O=C(c1ccc(F)cc1F)N(Cc1ccccn1)Cc1ccco1,-30.81,0
M2R-decoy_6326,COc1ccc(C[C@H]2NC(=O)/C=C/C[C@@H](C(O)/C=C/c3ccccc3)OC(=O)[C@H](CC(C)C)OC(=O)[C@H](C)CNC2=O)cc1,-30.81,0
M2R-decoy_7479,O=C(c1cccc(C(F)(F)F)c1Cl)N1CCn2c(nc(I)c2I)C1,-30.81,0
M2R-decoy_1145,Cc1cc(C)c(C#N)c(SC(=S)NC(=O)c2ccccc2)n1,-30.8,0
M2R-decoy_11505,CCCNC(=O)CNC(=O)CNC(=O)c1cccc(I)c1,-30.8,0
M2R-decoy_10293,CC1Sc2sccc2-c2nc(n3cnn(CC#N)c3=O)sc21,-30.8,0
M2R-decoy_189,CS(=O)(=O)c1ccc(C#CC(=O)c2ccc(O)cc2)cc1,-30.8,0
M2R-decoy_1779,c1cc2c3cnc(Nc4nc(C[NH+]5CC[NH2+]CC5)cs4)nc3n(C3CCCC3)c2cn1,-30.8,0
M2R-decoy_7247,O=S(=O)(c1ccc(Br)cc1)N(c1cnn(Cc2ccc(Cl)c(Cl)c2)c1)S(=O)(=O)c1ccc(Br)cc1,-30.8,0
M2R-decoy_7923,COC(=O)CNC(=O)[C@]1(C)[C@@H](OC(C)=O)CC[C@]2(C)[C@H]3[C@@H](O)c4c(cc(c5cccnc5)oc4=O)O[C@]3(C)[C@@H](OC(=O)c3ccc(C#N)cc3)C[C@H]21,-30.8,0
M2R-decoy_11139.1,CC(C)c1ccc(NS(=O)(=O)C=c2[nH]c(=O)n3cccc3c2=O)cc1,-30.79,0
M2R-decoy_11180,O=C(Cc1ccc(Br)cc1)OCC(=O)N1CCc2ccccc2C1,-30.79,0
M2R-decoy_1951,C=C1/C=C/C(=O)N[C@@H](C)C(=O)N[C@H](C(C)C)C(=O)O[C@@H]([C@H](C)CCCCCC)[C@H](CCOCc2ccc(OC)cc2)C(=O)N1,-30.79,0
M2R-decoy_5917.1,CN(CCCc1cnc[nH]1)C(=S)NCCCN(Cc1ccc(Cl)cc1)c1ccc(Br)cn1,-30.79,0
M2R-decoy_6393,CN(CC(=O)NCc1cnc2scc(c3ccc(Br)cc3)n12)C(=O)Cc1ccc([N+](=O)[O-])cc1,-30.79,0
M2R-decoy_1020,Cc1ccc(C)c(NC(=O)c2cnc3sc(N4CCOCC4)nn3c2=O)c1,-30.78,0
M2R-decoy_2286,COCOc1ccc(c2cc(=O)c3c(OCOC)cc(OCOC)cc3o2)cc1,-30.78,0
M2R-decoy_5150,O=C(Cn1cc(Cc2cncnc2)c(=O)nc1SCc1ccc(F)cc1)N1CCN(c2ccccc2)C(=O)C1,-30.78,0
M2R-decoy_5342,O=C(OCc1ccc(CC(SCCc2ccc(F)cc2)C(=O)[O-])cc1)c1nc(c2ccccc2)oc1C(F)(F)F,-30.78,0
M2R-decoy_7469,COc1cccc2c1C1=C(C(c3ccc(Br)cc3)O2)C(c2ccc(Br)cc2)n2ncnc2N1C,-30.78,0
M2R-decoy_1571,CC(=O)NCc1ccc(C(=O)CSc2nccn2C)s1,-30.77,0
M2R-decoy_3838,Cc1cccc(C[C@@H](NC(=O)C(c2ccccc2)c2ccccc2)C(=O)N[C@@H](C#N)COCc2ccccc2)c1,-30.77,0
M2R-decoy_4712,CCN(CC)c1ccc(NC(=O)CN(C)S(=O)(=O)c2cccc3nsnc23)c(C)c1,-30.77,0
M2R-decoy_1272,O=C(NNC(=O)c1ccccc1F)C(=O)c1c[nH]c2ccccc12,-30.76,0
M2R-decoy_1521,CC(C)=CC(=O)OCC(=O)Nc1ccc(SC(F)F)cc1,-30.76,0
M2R-decoy_10515.1,Cc1ccc(n2c(S)nnc2Cn2nc(C(F)(F)F)cc2C)cc1,-30.75,0
M2R-decoy_1224,Nc1c(I)ccc2c1C(=O)C=CC2=O,-30.75,0
M2R-decoy_1809,O=C(C[NH+]1CC[NH+](Cc2ccccc2Cl)CC1)N=Nc1c(O)[nH]c2ccccc12,-30.75,0
M2R-decoy_2005,COc1cc(/C=N/NC(=O)CCn2cc(C)c3c(C)cccc32)ccc1OCc1ccccn1,-30.75,0
M2R-decoy_2317,CCN(CC)c1ccc(C(=O)c2cnc(/N=C/N(C)C)s2)cc1,-30.75,0
M2R-decoy_5139,CCCC(OC(=O)CO/N=[N+](\[O-])N(CC)CC)C1=CC(=C(Br)Br)OC1=O,-30.75,0
M2R-decoy_5195,CCCCc1cn([C@@H]2c3cc4c(cc3[C@@H](c3cc(OC)c(OC)c(OC)c3)[C@H]3C(=O)OC[C@H]23)OCO4)nn1,-30.75,0
M2R-decoy_6897,CCS(=O)(=O)c1ccc(Oc2cc3nc(c4ccccn4)[nH]c3cc2CN2CCCS2(=O)=O)cc1,-30.75,0
M2R-decoy_6622,C=C1C(=O)[C@@]23[C@@H](CC[C@@H]1[C@H]2OC(=O)c1cc2ccccc2[nH]1)[C@@]12CO[C@]3(O)[C@@H](O)[C@@H]1C(C)(C)CC[C@@H]2O,-30.75,0
M2R-decoy_8983,CCCCOCCOc1ccc(c2ccc3c(c2)C=C(C(=O)Nc2ccc([S@@+]([O-])Cc4cncn4CCC)cc2)CCCN3CC(C)C)cc1,-30.75,0
M2R-decoy_7525,C[S+]([O-])c1[nH]c2cc(Br)cc(Br)c2c1c1c([S+](C)[O-])[nH]c2cc(Br)cc(Br)c21,-30.74,0
M2R-decoy_3492,C=CC(=O)Nc1cccc(Nc2nc(Nc3ccc(OCCCP(=O)(OCC)N4CCOCC4)cc3)ncc2Cl)c1,-30.73,0
M2R-decoy_3830,COC(=O)C(Cc1ccccc1)C(=O)NC(CNC(=O)OCc1ccccc1)C(=O)OCc1ccccc1,-30.73,0
M2R-decoy_6870,Cc1nc(C(=O)NNC(=O)[C@H](Cc2ccc(O)cc2)NC(=O)OC(C)(C)C)cc2c1[nH]c1ccccc12,-30.73,0
M2R-decoy_9203,CCc1[nH]c2nc(N)nc(O)c2c1Sc1cccc(Br)c1,-30.73,0
M2R-decoy_5140,CC(C)S(=O)(=O)N1CCC(N(C)c2ncnc3c2scc3c2ccc(S(C)(=O)=O)cc2)CC1,-30.72,0
M2R-decoy_10448,COC(=O)c1cc2occc2n1Cc1nc(c2cccc(Br)c2)oc1C,-30.71,0
M2R-decoy_11307,O=[N+]([O-])c1cn2c(n1)S(=O)(=O)CC(Oc1ccc(OC(F)(F)F)cc1)C2,-30.71,0
M2R-decoy_10164.1,Nc1ccc2oc(N3CC[NH+](Cc4ccc(F)cc4)CC3)nc2c1,-30.71,0
M2R-decoy_3013,O=[N+]([O-])c1ccc(N(CCI)CCI)cc1,-30.71,0
M2R-decoy_4334,CC(C)=CCn1c(c2ccc(OCCN(C)c3ccccn3)cc2)nc2c1c(=O)n(Cc1ccccc1C#N)c(=O)n2C,-30.71,0
M2R-decoy_4552,COc1ccc(S(=O)(=O)N(CC2CCCC2)C[C@@H](O)CN(CCc2ccccc2)C(=O)NC2CCc3ccccc32)cc1,-30.71,0
M2R-decoy_5191,Cc1ncc([N+](=O)[O-])n1CCSC(=S)N1CCC(OC(=O)CSC(=S)N2CCCC2)CC1,-30.71,0
M2R-decoy_6864,O=C1NC(=O)N(C2CCN(C(=O)C34CC5CC(CC(C5)C3)C4)CC2)C1c1ccc(OS(=O)(=O)c2cccc3cnccc23)cc1,-30.71,0
M2R-decoy_7041,CCO/N=C(/c1ccc(Br)cc1)C1CC[NH+](C2(C)CCN(C(=O)c3c(C)cc(O)nc3C)CC2)CC1,-30.71,0
M2R-decoy_9555,CN(C)c1ncccc1CNS(=O)(=O)c1cc(F)ccc1F,-30.71,0
M2R-decoy_9599,Cc1cc(C)c(C)c(OCCCn2ccnc2)c1,-30.71,0
M2R-decoy_1375,Cc1cc2nc(C(C)C)cc(N3CCN(c4ccc(O)cc4)CC3)n2n1,-30.7,0
M2R-decoy_10185,O=c1[nH]c(=O)n([C@H]2C[C@H](O)[C@@H](CF)O2)cc1I,-30.7,0
M2R-decoy_4440,C=CC(=O)NCCCC[C@H](NC(=O)Cc1ccccc1)C(=O)N1CCN(c2ccc([N+](=O)[O-])cc2)CC1,-30.7,0
M2R-decoy_6208,COC(=O)[C@@]12C[C@@H](CC(=O)N3CCC(c4ccccc4)CC3)C(=O)N(Cc3ccc4c(c3)OCO4)C1=CCC(C)(C)C2,-30.7,0
M2R-decoy_11112,Cc1ccc(S(=O)(=O)N2C[C@H]3C[C@H](NC(=O)c4cc[nH]n4)[C@H]3C2)cc1,-30.69,0
M2R-decoy_10266,COc1c(Br)cc2cc(C#N)c(=O)oc2c1Br,-30.69,0
M2R-decoy_1923.1,Cc1ccc(CS(=O)(=O)Nc2ccc(C)n(CC(=O)NCC3CCc4n[nH]cc4C3)c2=O)cc1,-30.69,0
M2R-decoy_6394,COc1cccc(S(=O)(=O)N(C)C[C@H]2Oc3cc(C4=CCCC4)ccc3S(=O)(=O)N([C@H](C)CO)C[C@H]2C)c1,-30.69,0
M2R-decoy_2981,CCN(c1nc(C)cc(c2ccccn2)n1)c1c(Br)cc(OC)cc1OC,-30.68,0
M2R-decoy_3174,O=C(CCOc1ccccc1)N(Cc1cccnc1)c1nc2c(F)cc(F)cc2s1,-30.68,0
M2R-decoy_34,O=C(C1CC1)N1CCc2cc(c3cccnc3)ccc21,-30.68,0
M2R-decoy_5643,Cn1c([N+](=O)[O-])cnc1SCCCCCCCCCCCCCCCC(=O)[O-],-30.68,0
M2R-decoy_10033,CN(Cc1ccc(F)cc1)C(=O)[C@@H](NC(=O)c1nc2ccc(NC(=O)c3ccccc3c3cn4ccccc4n3)cc2s1)c1ccccc1,-30.67,0
M2R-decoy_3966,CC(=O)OC[C@H](Cc1ccccc1)NC(=O)[C@H](Cc1ccc(OC(C)(C)C)cc1)NC(=O)OCC1c2ccccc2-c2ccccc21,-30.67,0
M2R-decoy_6422,CO[C@@H]1[C@@H](CO)O[C@@H](Oc2ccc3c4c([nH]c3c2)[C@@]2(C)[C@@H](CC[C@H]3C(C)(C)C(=O)C=C[C@@]32C)C4)[C@H](O)[C@H]1O,-30.67,0
M2R-decoy_7278,CC(=O)O[C@H]1C=C([C@H](C)[C@H]2CC(C)=C(C)C(=O)O2)[C@@]2(C)CC[C@H]3[C@@H](C[C@H]4O[C@]45[C@@H](OC(=O)CCc4ccccc4)C=CC(=O)[C@]35C)[C@]12O,-30.67,0
M2R-decoy_7752,CC(CCCOC(=O)c1ccc2ccccc2n1)C1CC[C@H]2[C@H]3[C@H](C[C@H](O)[C@]12C)[C@@]1(C)CC[C@@H](OC(=O)c2cnc4ccccc4n2)CC1C[C@H]3O,-30.67,0
M2R-decoy_9233,Oc1c(Br)cc(/C=N/NC(=S)NCc2ccco2)cc1Br,-30.67,0
M2R-decoy_8482,O[C@H](COCCOC[C@@H](O)Cc1cn(c2cccnc2)nn1)Cc1ccc(c2ccccc2)cc1,-30.67,0
M2R-decoy_10533,Cc1nnsc1C(=O)Nc1nc2cc(Br)ccc2o1,-30.66,0
M2R-decoy_10717.1,Nc1ncc(N2CCN(c3ccc(Cl)c(Cl)c3)CC2)c(N)n1,-30.66,0
M2R-decoy_3622,CCc1cc(OC)c(OC)cc1CCc1cnc(N)nc1N,-30.66,0
M2R-decoy_5600,CC(C)Cc1sc(c2nccs2)nc1C(=O)NCCCCCCC(=O)Nc1ccccc1N,-30.66,0
M2R-decoy_8770,CCCCC1(CCCC)C[C@@H](COCc2cn(CCC[P+](c3ccccc3)(c3ccccc3)c3ccccc3)nn2)[C@](C)(OC)OO1,-30.66,0
M2R-decoy_9288,O=C(c1ccc(n2c(=O)c3ccccc3nc2c2ccccc2)cc1)[n+]1nc([S-])sc1c1ccc(Cl)c([N+](=O)[O-])c1,-30.66,0
M2R-decoy_2927,Cc1cnc(NCCn2cc(NC(=O)c3ncsc3c3cccc(C)c3)cn2)nc1,-30.65,0
M2R-decoy_3608,C#CCNC(=O)C1=C[C@@H](C2CC2)C[C@@H](OCc2ccc(CO)cc2)O1,-30.65,0
M2R-decoy_4687,CCOc1ccc(N(CC(=O)N2CCOCC2)S(=O)(=O)c2ccc(F)cc2)cc1,-30.65,0
M2R-decoy_7430,CCN1/C(=C/C2=C([O-])/C(=C\C3=[N+](CC)c4ccc(Br)cc4C3(C)C)C2=O)C(C)(C)c2cc(Br)ccc21,-30.65,0
M2R-decoy_770,COc1cccc(c2cc(C(F)(F)F)n3nc(N)nc3n2)c1,-30.65,0
M2R-decoy_9237,CC(C)c1cccc(C(C)C)c1NC(=O)NCC1(c2ccc(CO)cc2)CCCC1,-30.65,0
M2R-decoy_1042,O=S(=O)(c1ccc2nc(O)oc2c1)N1CCN(c2ccc(F)cc2)CC1,-30.64,0
M2R-decoy_3124,CCCCCC(=O)O[C@H]1C[C@H]2C[C@@H]1[C@H](n1cnc3c(Cl)ncnc31)C2,-30.64,0
M2R-decoy_5881,COc1cccc(c2csc(N/N=C3\CC(=O)c4ccccc43)n2)c1,-30.64,0
M2R-decoy_6500,C#CCN1C(=O)N(CC#C)C(=O)C2(CC=C3[C@H](CCC4=Cc5c(cnn5c5ccc(F)cc5)C[C@@]43C)O2)C1=O,-30.64,0
M2R-decoy_756,O=C(Oc1ccccc1)c1cc2ccc(O)cc2oc1=O,-30.64,0
M2R-decoy_9971,C/C1=C\[C@@H](OC(=O)CNC(=O)OCc2ccccc2)C(=O)/C=C/C=C/c2csc(n2)[C@@H](C)N2C(=O)C[C@@]([C@@](C)(O)C(=O)SCc3oc(=O)oc3C)(CC1)[S+]2[O-],-30.64,0
M2R-decoy_11364,Cc1ccc(OCc2nn(C3CC(=O)C4OCC3O4)c(=S)n2C)cc1C,-30.63,0
M2R-decoy_3650,CC(C)CCO[C@@H]1C=CC(=O)[C@@H](Cn2cc(CCBr)nn2)O1,-30.63,0
M2R-decoy_2454,CO[C@H]1C(=O)N(SC)[C@H]1/C=C/c1ccccc1,-30.62,0
M2R-decoy_8317,CN(C)c1ccc(c2nc(SCCOCCSc3[nH]cnc4ncnc3-4)[nH]c2c2ccc(N(C)C)cc2)cc1,-30.62,0
M2R-decoy_9248,COc1ccc(n2nc(C)c3c2N(C)C2(C)CC4C3(C)C3CC4(C2)N(C)c2c(c(C)nn2c2ccc(OC)cc2)C3C)cc1,-30.62,0
M2R-decoy_11405,Fc1ccccc1Cn1cc(CSC(=S)N2CCN(c3ncccn3)CC2)nn1,-30.61,0
M2R-decoy_2516.1,CCc1nccn1CC#CCN1CCCC1=O,-30.61,0
M2R-decoy_4469,COCCN(CCOC)C(=O)c1ccc(Cc2nc3ccccc3[nH]2)cc1,-30.61,0
M2R-decoy_5249,CCCc1nn(C)c2c(=O)[nH]c(c3cc(S(=O)(=O)N4CCN(c5ccccc5C)CC4)ccc3OCC)nc12,-30.61,0
M2R-decoy_7043,CC(Oc1ccc(Br)cc1)C(=O)N(Cc1ccccc1)c1c(N)n(Cc2ccccc2)c(=O)[nH]c1=O,-30.61,0
M2R-decoy_2118,CC(C)C[C@H](NC(=O)[C@H](Cc1ccccc1)NC(=O)CC(NC(=O)c1cccnc1)c1ccccc1)C(=O)[C@@]1(C)CO1,-30.6,0
M2R-decoy_5068,CC(C)(C)OC(=O)N[C@@H](Cc1ccccc1)[C@@H](O)C[C@@H](Cc1ccccc1)C(=O)N[C@H](C(=O)NCc1ccccc1)c1ccccc1,-30.6,0
M2R-decoy_7776,COC(=O)[C@@H]1CCCN1C(=O)[C@H](Cc1cnc[nH]1)NC(=O)c1cc(I)c(c2nc3cc(C)c(C)cc3[nH]2)c(I)c1,-30.6,0
M2R-decoy_10524,Cc1cc(C)nc(NC(=S)N2CCN(c3nccc(C(F)(F)F)n3)CC2)c1,-30.59,0
M2R-decoy_10803,Clc1cccc(CO/N=C2\c3cccc(Cl)c3CCC2Cn2cncn2)c1,-30.59,0
M2R-decoy_10129,Cc1cccc(C[NH+](C2CCOCC2)[C@H]2CC[NH2+]C2)c1Cl,-30.59,0
M2R-decoy_4818,COc1cc2c(Nc3ccc(F)c(F)c3)ncnc2cc1OCCOCCOCCNC(=O)Cn1cnc([N+](=O)[O-])n1,-30.59,0
M2R-decoy_9776,CC1=C2C(=CO[C@@H](C)[C@@H]2C)C(=O)[C@@](Cc2ccccc2)(C[C@]2(Cc3ccccc3)C(=O)C3=CO[C@@H](C)[C@H](C)C3=C(C)C2=O)C1=O,-30.59,0
M2R-decoy_11285,CCOc1ccc(/C=c2\sc3n(c2=O)CN(c2cccc(F)c2)CN=3)cc1,-30.58,0
M2R-decoy_2999,COc1ccc(c2oc(/N=C/N3CCOCC3)c(C#N)c2c2ccc(OC)cc2)cc1,-30.58,0
M2R-decoy_3671,Cc1ccccc1OCCSc1nnc(CC2CCS(=O)(=O)C2)n1C,-30.58,0
M2R-decoy_6161,CC(Oc1ccc(S(C)(=O)=O)cc1C(=O)N1CCN(c2ccc(S(C)(=O)=O)cc2)CC1)C(F)(F)F,-30.58,0
M2R-decoy_11382,COc1cccc(N2CCN(S(=O)(=O)c3cc(c4cc(C)no4)ccc3C)CC2)c1,-30.57,0
M2R-decoy_2018,Cc1cc(N2CCCC2)nc(N(CCCNc2ccnc3cc(Cl)ccc23)Cc2ccccn2)n1,-30.57,0
M2R-decoy_5764,CCc1cc(c2noc(c3ccc(C[NH+](C)C)s3)n2)cc(C)c1OC[C@@H](O)CNC(=O)CO,-30.57,0
M2R-decoy_7097,OC[C@H]1C[C@@H](n2nnc3c(N[C@@H]4C[C@H]4c4ccccc4)nc(SCCC(F)(F)F)nc32)[C@H](O)[C@@H]1O,-30.57,0
M2R-decoy_920,Cn1cnc([N+](=O)[O-])c1/C=C1\Oc2ccc(Cl)cc2C1=O,-30.57,0
M2R-decoy_10374,Cc1ccc(N2CCN(S(=O)(=O)N3CCCCCC3)CC2)cc1Cl,-30.56,0
M2R-decoy_10696,O=C(c1ccccc1)N1C(=S)NNC12Nc1ccccc1NC2=O,-30.56,0
M2R-decoy_1608,CC(C)[C@@H](NS(=O)(=O)c1ccc(c2ccccc2)cc1)C(=O)NO,-30.56,0
M2R-decoy_9669,CCOC(=O)C1=C(N2CCCC2)C(=O)C(C(=O)OCC)C1,-30.56,0
M2R-decoy_9683,CCn1nnnc1SCC(=O)N1CCCCC1,-30.56,0
M2R-decoy_2279,CCN(CC)C(=O)CN(Cc1ccc(OCCF)cc1)c1cc(C)cc(C)c1,-30.55,0
M2R-decoy_3112,COc1cc2ncnc(N3CCCC(c4ccccc4)C3)c2cc1OCc1ccccn1,-30.55,0
M2R-decoy_4373,CCCO[C@@H](Cc1ccc(OCCc2nc(c3ccccc3)oc2C)c2ccsc12)C(=O)[O-],-30.55,0
M2R-decoy_7151,COC(=O)[C@H]1O[C@@H](Oc2ccc([C@@H]3[C@@H](CC[C@H](O)c4ccc(F)cc4)C(=O)N3c3ccc(F)cc3)cc2)[C@H](O)[C@@H](O)[C@@H]1O,-30.55,0
M2R-decoy_8593,O=C(Cc1ccccc1OCc1ccccc1)N[C@@H](Cc1ccccc1)C(=O)OC[C@H](Cc1ccccc1)NC(=O)c1ccccc1,-30.55,0
M2R-decoy_8877,CC[NH+](CC)CCOc1c(I)cc(C(=O)c2c(CCCCO)oc3ccccc23)cc1I,-30.55,0
M2R-decoy_10925,Cc1cc(C)n(c2cc(N3CCN(C(=O)c4cccc(Br)c4)CC3)ccc2[N+](=O)[O-])n1,-30.54,0
M2R-decoy_434,CC1=C(C)SC(=C2Sc3c(n(C)c(=O)[nH]c3=O)S2)S1,-30.54,0
M2R-decoy_4548,CCCCCc1cc(=O)oc2c(C(CC[NH+](CC)CC)c3ccc(N(C)C)cc3)c(OC)cc(OC)c12,-30.54,0
M2R-decoy_3307,Cc1ncc([N+](=O)[O-])n1CCOC(c1cccs1)c1ccccc1Cl,-30.54,0
M2R-decoy_5217.1,CN(CC(CC[NH+]1CCC2(CC1)CS(=O)(=O)c1ccccc12)c1ccccc1Cl)S(=O)(=O)c1ccccc1,-30.54,0
M2R-decoy_11385,CC(=O)c1ccc(N2CCN(S(=O)(=O)c3ccc(N4CCCC4=O)cc3)CC2)cc1,-30.53,0
M2R-decoy_9115,c1ccc(c2nc(c3ccccc3)n(CCCCCCNc3c4c(nc5ccccc35)CCCC4)c2c2ccccc2)cc1,-30.53,0
M2R-decoy_9226,Oc1ccc(/C(Cc2ccc(Cl)cc2)=N\c2ccc(Br)cc2)c(O)c1O,-30.53,0
M2R-decoy_1068,CC(O)(CNC(=O)C(F)(F)F)C(=O)Nc1ccc([N+](=O)[O-])c(C(F)(F)F)c1,-30.52,0
M2R-decoy_10953,N#Cc1cc(F)ccc1c1ccc(C[S+]([O-])c2nnc(c3ccc4c(c3)OCCO4)o2)cc1,-30.52,0
M2R-decoy_1826,CC(C)CN(C(=O)c1nc2ccccc2[nH]1)[C@@H]1C[NH2+]C[C@H](C(=O)N2CCOCC2)C1,-30.52,0
M2R-decoy_2875,COc1cc(/C=N/Nc2nc(c3ccc(S(=O)(=O)N(C)C)cc3)cs2)ccc1O,-30.52,0
M2R-decoy_2989,O=C(CCc1ccccc1)N(Cc1cccnc1)c1nc2c(F)cccc2s1,-30.52,0
M2R-decoy_3632,O=C(NCCO)c1ccccc1SSc1ccccc1C(=O)NCCO,-30.52,0
M2R-decoy_6960,C/C=C/C=C/c1cc2cc3c(c(O)c2c(O)n1)[C@@]1(CC3)C(=O)C2=C(C(=O)c3c(O)c(NC(C)C)cc(O)c3C2=O)C1=O,-30.52,0
M2R-decoy_765,O=[N+]([O-])c1cc(Br)cc2cc(Cl)cnc12,-30.52,0
M2R-decoy_11345,Cc1cc(c2ccccc2)n2nc(C(=O)Nc3ccccc3C(N)=O)nc2n1,-30.51,0
M2R-decoy_281,O=C1Nc2ccc(I)cc2C1=O,-30.51,0
M2R-decoy_6650,COCC(=O)Nc1ccc2c(c1)C(=O)N(C)[C@@H]1CC[C@H](CC(=O)NCc3ccccc3Cl)O[C@H]1CO2,-30.51,0
M2R-decoy_10607,Cc1ccc2nc(N3CCN(c4cccc(C)c4C)CC3)c3nnnn3c2c1,-30.49,0
M2R-decoy_10943,O=C(C1CCS(=O)(=O)CC1)N1CCN(c2cnc(C(F)(F)F)nc2)CC1c1ccc(Cl)s1,-30.49,0
M2R-decoy_11183,[O-][n+]1nc2c(I)cnn2c2cc(I)ccc21,-30.49,0
M2R-decoy_10144,Cc1ccc(c2cnc3n2CC[NH+](C)C32CC[NH+](CC3CC3)CC2)cc1,-30.49,0
M2R-decoy_1262,C/C(=N\NC(=O)c1cccc(Br)c1)c1cnccn1,-30.49,0
M2R-decoy_3420,N#Cc1ccccc1CSc1nnc(Cc2ccccc2)o1,-30.49,0
M2R-decoy_5933,COC(=O)[C@@]1(Cc2ccccc2CN=[N+]=[N-])N=C(c2ccc(OCCCO)cc2)O[C@H]1c1ccccc1,-30.49,0
M2R-decoy_6617,NC(=O)c1nn(CC(=O)N2[C@H](C(=O)Nc3cccc(Br)c3F)C[C@@]3(CO)C[C@@H]23)c2ccccc12,-30.49,0
M2R-decoy_6726.2,COc1cccc(c2cc(C(=O)Nc3cc4cc(OC)c(OC5C[NH+](C)C[C@@H](O)[C@H]5O)c(C)c4oc3=O)ccc2OC)c1,-30.49,0
M2R-decoy_11000,O=S1O[C@H](c2ccc(Cl)cc2Cl)[C@@](Cn2cncn2)(c2ccc(Cl)cc2)O1,-30.48,0
M2R-decoy_11475.1,O=C(Nc1nnc(c2ccccc2Cl)s1)C1CCN(S(=O)(=O)c2ccc(Cl)cc2)CC1,-30.48,0
M2R-decoy_4663.1,COc1nc(N)nc2c1ncn2CCC(CO)COP(=O)(N[C@@H](C)C(=O)OCc1ccccc1)Oc1ccccc1,-30.48,0
M2R-decoy_5271,COc1ccc(OC2C[C@@H](O)C[C@H](/C=C/c3c(C(C)C)nc(N(C)S(C)(=O)=O)nc3c3ccc(F)cc3)O2)c(OC)c1,-30.48,0
M2R-decoy_6343,Cc1cc2nc(C(C(=O)NCCS(N)(=O)=O)S(C)(=O)=O)sc2cc1c1ccc(C(=O)OC(C)(C)C)cc1,-30.48,0
M2R-decoy_6966.1,O=S(=O)(c1ccc(OC2CC[NH+](C3CCN(S(=O)(=O)c4cccc5ccccc45)CC3)CC2)cc1)c1ccc2c(c1)OCO2,-30.48,0
M2R-decoy_7638,Cc1cc(Cn2ccnc2C(Cc2cc(C)c3[nH]ncc3c2)NC(=O)N2CCC(N3Cc4ccccc4NC3=O)CC2)cc(Cl)n1,-30.48,0
M2R-decoy_10352,N#Cc1ccccc1/C=C/C(=O)N1CCN(C(=O)C2CCCCCC2)CC1,-30.47,0
M2R-decoy_6449,COc1ccc(C2=CC3=C(Br)C(=O)C(C)(OC(=O)c4cnc5ccccc5n4)C(=O)C3=CO2)cc1,-30.47,0
M2R-decoy_10756,CC1(COc2ccc(OC(F)(F)F)cc2)Cn2nc(Br)nc2O1,-30.46,0
M2R-decoy_4318,Cn1cnc(S(=O)(=O)N(CCN(Cc2cncn2C)c2ccc(C#N)cc2)Cc2ccc(C#N)cc2)c1,-30.46,0
M2R-decoy_1067,COc1ccc(NC(=S)N2CCN(S(=O)(=O)c3ccc(F)cc3)CC2)cc1,-30.45,0
M2R-decoy_1177,Cc1cc(C)c2nc(NC(=O)C3CSC4(C)CCC(=O)N34)sc2c1,-30.45,0
M2R-decoy_134,Cc1csc2ncnc(C#Cc3ccccn3)c12,-30.45,0
M2R-decoy_1590,C=CCC(=O)Nc1ccc(C(=O)Nc2nccs2)nc1,-30.45,0
M2R-decoy_9450,CSc1ccc(OC(CC[NH+](C)C)c2ccc(OCCC[NH+]3CCCCC3)cc2)cc1,-30.45,0
M2R-decoy_11280,Cc1c(C#N)c(=O)oc2cc(OS(=O)(=O)c3cccc([N+](=O)[O-])c3)ccc12,-30.44,0
M2R-decoy_10023,C=C1[C@@H](OC(C)=O)C[C@H](OC(=O)/C=C/c2ccccc2)[C@@]2(C)C[C@H](OC(C)=O)C3=C(C)C[C@H](OC(=O)C(C)CC)[C@@H]([C@@H](OC(C)=O)[C@H]12)C3(C)C,-30.44,0
M2R-decoy_9034,CN(C)C(=O)CCc1ccc2c3c([nH]c2c1)[C@]1(CCc2ccccc2)[C@@H](C(=O)N2CCCCC2)C[C@H](CC(=O)NCc2cccc(C(F)(F)F)c2)C(=O)N1CC3,-30.44,0
M2R-decoy_9493,O=C(CCc1c(SSc2[nH]c3ccccc3c2CCC(=O)NCc2ccccc2)[nH]c2ccccc12)NCc1ccccc1,-30.44,0
M2R-decoy_8441,CCN(CCNC(=O)CN(CC(=O)N(C)C1Cc2ccccc2C1)c1cc(Cl)ccc1Oc1ccc(Cl)cc1)C(=O)OC(C)(C)C,-30.44,0
M2R-decoy_1493,NC(=O)c1cc(Br)ccc1OCCOc1ccccc1,-30.43,0
M2R-decoy_2254,COc1ccc(OCc2nnc(SCC(=O)NCc3ccco3)o2)cc1,-30.43,0
M2R-decoy_2420,O=C(CSc1nncn1c1ccccc1)N1CCCC1,-30.43,0
M2R-decoy_5864,O=C(Nc1nnc(Cc2cccs2)o1)c1cc(Cl)sc1Cl,-30.43,0
M2R-decoy_5911,CCCNS(=O)(=O)Nc1ncnc(OCCOc2ncc(Br)cn2)c1c1ccc(Cl)cc1,-30.43,0
M2R-decoy_6731,Cc1cc(=O)oc2cc(OCCn3cc(CSC(=S)N4CCN(C(=O)OC(C)(C)C)CC4)nn3)ccc12,-30.43,0
M2R-decoy_9954.2,COC(=O)C(Cc1c[nH]cn1)NP1(=S)Oc2ccccc2CN1c1ccc(N2Cc3ccccc3OP2(=S)NC(Cc2c[nH]cn2)C(=O)OC)cc1,-30.43,0
M2R-decoy_1615,C[C@]12C[C@H](O)[C@@]3(F)[C@@H](CCC4=CC(=O)C=C[C@@]43C)[C@@H]1C[C@@H](O)[C@]2(O)C(=O)CO,-30.42,0
M2R-decoy_3200,CCCCCCCC(=O)OCCCCC#C/C=C1/OC(=O)N2CCC[C@@H]12,-30.42,0
M2R-decoy_5367,O=S(=O)(c1ccc(N2CCN(c3ccc(F)cc3)CC2)cc1)N(CCc1ccccc1F)Cc1c[nH]cn1,-30.42,0
M2R-decoy_6450,COc1ccc(C2=CC3=C(Br)C(=O)C(C)(OC(=O)c4ccc(Cl)nc4)C(=O)C3=CO2)cc1,-30.42,0
M2R-decoy_7179,CC(C)(Cc1nc2cc(OCc3ccc4ccccc4n3)ccc2n1Cc1ccc(c2ccc(C(F)(F)F)nc2)cc1)C(=O)[O-],-30.42,0
M2R-decoy_10198,O=C1CS/C(=[NH+]/c2nc3ccc4oc(=O)ccc4c3s2)N1,-30.41,0
M2R-decoy_3097,COc1cc(OC)cc(C(=O)O[C@@H]2C=CC(=O)[C@@]3(CC(=O)O[C@@H]3/C=C(\C)CCC=C(C)C)C2)c1,-30.41,0
M2R-decoy_7635,C[C@@H]1[C@H]2C3=CC[C@@H]4[C@@]5(C)CC[C@H](O)C(C)(C)[C@@H]5CC[C@@]4(C)[C@]3(C)CC[C@@]2(C(=O)OCc2nnc(c3ccccc3Br)o2)CC[C@H]1C,-30.41,0
M2R-decoy_9646,Cc1cc(NC(=O)CSc2ccccc2)no1,-30.41,0
M2R-decoy_9883,COc1cc([C@@H]2c3cc4c(cc3[C@H](OC(=O)c3cccc(Br)n3)[C@H]3COC(=O)[C@H]23)OCO4)cc(OC)c1OC,-30.41,0
M2R-decoy_11021,Cc1cc(OC[P@]2(=O)OCC[C@H](c3cccnc3C)O2)c2c(c1C)Cc1scnc1-2,-30.4,0
M2R-decoy_11076,CCCOC(=O)C(=O)OCn1c(C(F)(F)F)c(Br)c(C#N)c1c1ccc(Cl)cc1,-30.4,0
M2R-decoy_3546,COC(=O)[C@@H](NC(=O)[C@H](CC(C)C)NC(=O)N(Cc1ccccc1)C[C@@H](O)[C@H](Cc1ccccc1)NC(=O)OC(C)(C)C)C(C)C,-30.4,0
M2R-decoy_3390,CCCCOc1ccc(C(=O)N(Cc2ccc(N(C)C)cc2)Cc2ccco2)cc1,-30.4,0
M2R-decoy_7149,NC(=O)OCC(CNC(=O)Cn1nc(c2ccc(Cl)cc2)n(C[C@H](O)C(F)(F)F)c1=O)c1cccc(C(F)(F)F)c1,-30.4,0
M2R-decoy_786,NC(=O)c1c(N)oc2ccc(Br)cc2c1=O,-30.4,0
M2R-decoy_9554,CC(=O)NCC(=O)OCC(=O)c1ccc(Br)cc1,-30.4,0
M2R-decoy_1222,OC1/C(=C/c2ccc(Cl)cc2Cl)N2CCC1CC2,-30.39,0
M2R-decoy_2299.1,COCCSc1nnc(NC(=O)Cc2ccc(OC)cc2)s1,-30.39,0
M2R-decoy_3434,Clc1ccc(OCCOc2nc3ccccc3s2)cc1,-30.39,0
M2R-decoy_6530,CSc1sc(C(N)=[NH2+])cc1S(=O)(=O)c1cc(Br)c2ncn(Cc3c(F)cccc3F)c2c1,-30.39,0
M2R-decoy_11351,CC(C)n1c(SCC(=O)N2CCCCC2)nc2c1c(=O)n(C)c(=O)n2C,-30.38,0
M2R-decoy_1847,CCC/C(=C\c1cc(OCc2ccc3nc(C(F)(F)F)cc(OC)c3c2)ccc1OCC1CC[N+](C)(C)CC1)C(=O)[O-],-30.38,0
M2R-decoy_1401,CC(C)NC(=S)NNc1ncnc2sc3c(c12)CC(C)(C)OC3,-30.38,0
M2R-decoy_5292,O=C(CCNC(=O)c1ccccc1)N[C@H](Cc1ccc(Cl)cc1)C(=O)N1CCC(Cn2cncn2)(C2CCCCC2)CC1,-30.37,0
M2R-decoy_10995,COc1cc(/C=C2/C(=O)N(c3ccc(Cl)cc3)N=C2C)c(OC)cc1Br,-30.36,0
M2R-decoy_1128,COc1cc(/C=C2\SC(=O)N(C)C2=O)c(C(F)(F)F)cc1O,-30.36,0
M2R-decoy_2508,CCSc1n/c(=C\c2ccco2)c2nncn12,-30.36,0
M2R-decoy_2537.2,CC(C)OC(=O)[C@H](C)NP(=O)(OC[C@H]1O[C@@H](n2ccc(N)nc2=O)[C@](C)([NH3+])C1O)Oc1ccccc1,-30.36,0
M2R-decoy_5138,O=c1nc(OCC2COc3ccccc3O2)cc2n1CCc1cc(OCC3COc4ccccc4O3)ccc1-2,-30.36,0
M2R-decoy_5163,Cc1ccc(c2nnn(CC(=O)N(Cc3ccco3)C(C(=O)NC3CCCC3)c3cccs3)n2)o1,-30.36,0
M2R-decoy_7502,CC1=C(COC(=O)c2cccc3ccccc23)C(=O)O[C@@H]([C@@H](C)[C@H]2CC[C@H]3[C@@H]4C[C@H]5O[C@]56[C@@H](O)C=CC(=O)[C@]6(C)[C@H]4CC[C@@]32C)C1,-30.36,0
M2R-decoy_1310,O=C1/C(=C/c2ccc(F)cc2F)Oc2cccc(F)c21,-30.35,0
M2R-decoy_180.1,CCNC(=S)NNC(=O)c1nsc2ccccc12,-30.35,0
M2R-decoy_8353,COc1cc(/C=C/c2ccc3c(c2)sc(=O)n3CCOc2ccc(CC(OCC(F)(F)F)C(=O)[O-])cc2)cc(OC)c1,-30.35,0
M2R-decoy_11361,O=C(C1CCN(S(=O)(=O)c2ccc(n3cnnn3)cc2)CC1)N1CCCCC1,-30.34,0
M2R-decoy_3000,CCOC(=O)c1cc(c2ccccc2C)nn1CC1CC(c2cccnc2)=NO1,-30.34,0
M2R-decoy_3032,[O-][S+](Cc1cn(Cc2ccccc2)nn1)c1nnc(c2ccc(Cl)cc2)o1,-30.34,0
M2R-decoy_3473,CC(C)CCN(CC(O)[C@H](Cc1ccccc1)NC(=O)[C@H](CC(N)=O)NC(=O)c1ccc2ccccc2n1)C(=O)NC(C)(C)C,-30.34,0
M2R-decoy_1556,CC[C@@H](CO)Nc1ccc2ncc(c3cccc(C=O)c3)n2n1,-30.33,0
M2R-decoy_884,C/C(=N/NC(=S)N1CCN(c2ccccc2)CC1)c1ccccn1,-30.33,0
M2R-decoy_9719,N#Cc1ccc(C2C3=C(CCC3=O)N(c3cccc(C(F)(F)F)c3)C(=O)N2C(=O)NCC2CCOCC2)cc1,-30.33,0
M2R-decoy_10941,CCOC(=O)CSc1nc2cc(n3nc(C(C)(C)C)sc3=O)c(Br)cc2s1,-30.32,0
M2R-decoy_11274,CC(C)(C)OC(=O)N1CCN(Cc2cn(Cc3ccccc3)nn2)S1(=O)=O,-30.32,0
M2R-decoy_3293,CCN(C(=O)CCS(=O)(=O)c1cccc2nsnc12)c1cccc(C)c1,-30.32,0
M2R-decoy_5404,COc1ccc(C(C(=O)NCc2ccccc2)N(C(=O)Cn2nnc3ccccc32)c2ccc(F)cc2)cc1,-30.32,0
M2R-decoy_6059,Cn1cncc1CN1CC(N(CC2CCN(C(=O)CC(C)(C)C)CC2)S(=O)(=O)c2ccccn2)Cc2cc(C#N)ccc21,-30.32,0
M2R-decoy_6756,O=C(N[C@@H]1CCCc2cc(C[NH+]3CCCCC3)ccc21)[C@H](O)[C@H](O)CS(=O)(=O)c1ccc(Cl)c(Cl)c1,-30.32,0
M2R-decoy_10017,CC1=C(O)C(=O)C=C2C1=CC=C1[C@@]3(C)CC[C@@]4(C)CC[C@@](C)(C(=O)OCCCOC(=O)/C=C(\C#N)c5ccc(C(F)(F)F)cc5)C[C@H]4[C@]3(C)CC[C@@]21C,-30.31,0
M2R-decoy_211,NC(=S)N/N=C/c1coc2ccc(Br)cc2c1=O,-30.31,0
M2R-decoy_3600,COCCN(C(=O)C1CCC1)c1nnc(c2cccnc2)s1,-30.31,0
M2R-decoy_3643,C=CCSc1nnc(c2nnc(SCC=C)n2CC)n1CC,-30.31,0
M2R-decoy_6355,C[NH+](C)C/C=C/C(=O)Nc1ccc(C(=O)N2CCC[C@@H](Nc3ncc(Cl)c(c4c[nH]c5ccccc54)n3)C2)nc1,-30.31,0
M2R-decoy_10155,NC(=O)C1CCN(C(=O)CSC(=S)N2CCCCC2)CC1,-30.3,0
M2R-decoy_2969,COc1cc(OC)c2c(c1)[C@@H](CCCCCC[C@H]1CC[C@]3(CC[C@H](C)O3)O1)OC2=O,-30.3,0
M2R-decoy_48,CSc1nc(N)nc(SCC(=O)C(C)(C)C)c1C#N,-30.3,0
M2R-decoy_7338,COc1cc(Cl)c(C)cc1NC(=O)c1cc(I)cc(I)c1OC(C)=O,-30.3,0
M2R-decoy_6690,O=C1CCC(N2Cc3c(OCc4ccc(C(=O)N5CCN(c6ccc(F)cc6)CC5)cc4)cccc3C2=O)C(=O)N1,-30.3,0
M2R-decoy_9819,CC(C)(C)c1cc(C(=O)N2CCN(C(=O)CCCCC(c3ccc(F)cc3)c3ccc(F)cc3)CC2)cc(C(C)(C)C)c1O,-30.3,0
M2R-decoy_995.1,Cc1nccn1[C@@H]1CC[C@@H](N(C)S(=O)(=O)c2ccc(F)cc2)[C@H]1O,-30.3,0
M2R-decoy_11357,CN(Cc1ccc(F)cc1)C(=O)n1cnc(S(=O)(=O)[C@@H]2C[C@H]3CC[C@@H]2C3)n1,-30.29,0
M2R-decoy_410,CN1C(=O)N(c2ncc(C#Cc3ccc(F)cc3)cn2)CC1(C)C,-30.29,0
M2R-decoy_601,CC1CN(C(=O)NCc2ccc(Br)s2)CC(=O)N1C,-30.29,0
M2R-decoy_6482,Cc1cc(C)nc(N2CC3CN(C(=O)c4cc(I)ccc4n4nccn4)CC3C2)n1,-30.29,0
M2R-decoy_8325,CC(C)CN(C[C@@H](O)[C@H](Cc1ccccc1)NC(=O)OCc1cncs1)C(=O)c1ccc2nc(C(C)C)oc2c1,-30.29,0
M2R-decoy_226,O=S1(=O)N=C(c2ccccc2)C=C(c2ccccc2)N1,-30.28,0
M2R-decoy_251,O=C(NC(=O)N1CCC2(CC1)OCCO2)c1ccc(Cl)cc1,-30.28,0
M2R-decoy_3018,COc1cccc(c2nn(c3cc(OC)c(OC)c(OC)c3)c3ncccc23)c1,-30.28,0
M2R-decoy_5890,Cc1nn(c2ccc(Br)cc2)c2ncnc(Nc3ccc(OCCCCO[N+](=O)[O-])cc3)c12,-30.28,0
M2R-decoy_6037,O=C(OC[C@H]1O[C@@H](n2ncc(Cl)c(Cl)c2=O)[C@H](OC(=O)c2ccccc2)[C@@H]1OC(=O)c1ccccc1)c1ccccc1,-30.28,0
M2R-decoy_618,CN1C(=O)/C(=C/c2ccc(N3CCCCCC3)o2)C(=O)NC1=S,-30.28,0
M2R-decoy_7236.1,CN1C(c2ccc(OCc3cc(N4CCCC4=O)ccc3N3CCOCC3)cc2)=C(C2CCCCC2)C2SC(C(=O)[O-])=CC21,-30.28,0
M2R-decoy_8026,OC(CSc1nnc(c2cccc(Br)c2)c(c2cccc(Br)c2)n1)Cn1c2ccc(Br)cc2c2cc(Br)ccc21,-30.28,0
M2R-decoy_9574,O=C(CNC(=O)c1ccc(Cl)cc1Cl)NCC1CCCO1,-30.28,0
M2R-decoy_10892,CS(=O)(=O)c1ccc(OCc2nnc3n2N=C(c2ccc(Cl)cc2Cl)CS3)cc1,-30.27,0
M2R-decoy_11094,CC(=O)c1ccc(NC(=O)C(=O)Nn2c(S)nc3ccccc3c2=O)cc1,-30.27,0
M2R-decoy_1028,CSc1ncnc2c1c(I)cn2C1O[C@H](C)[C@@H](O)[C@H]1O,-30.27,0
M2R-decoy_2367,C#CCSc1nncn1c1ccc(OCC)cc1,-30.27,0
M2R-decoy_3351,CC(C)OCCCn1c(SCC(=O)c2ccccc2)nc2c(sc3ccccc32)c1=O,-30.27,0
M2R-decoy_7831,CCC(=O)OC[C@]1(C)[C@@H](OC(=O)CC)CC[C@]2(C)[C@H]3[C@@H](O)c4c(cc(c5cccnc5)oc4=O)O[C@]3(C)[C@@H](OC(=O)c3ccc(C#N)cc3)C[C@H]21,-30.27,0
M2R-decoy_1467,OCCc1cccc(OCCCc2cc3c(cc2O)CCO3)c1,-30.26,0
M2R-decoy_3161,CCOc1ccc(/C=C2\C(=O)N(c3ccc(C(C)C)cc3)N=C2C)cc1OC,-30.26,0
M2R-decoy_3889,COc1ccc(CN(C(=O)Cn2cc(CSc3nncs3)nn2)c2cc(OC)c(OC)c(OC)c2)cc1,-30.26,0
M2R-decoy_4175,Cc1sc(c2ccccc2)nc1CCOc1ccc(C[C@H](Nc2ccccc2C(=O)c2ccccc2)C(=O)[O-])cc1,-30.26,0
M2R-decoy_6548,CC(=O)OC[C@H]1O[C@@H](OC2CC[C@@]3(C)C(CC[C@@H]4[C@@H]3CC[C@]3(C)[C@@H](C5=CC(=O)OC5)CC[C@@]43O)C2)[C@H](OC(C)=O)[C@@H]1OC(C)=O,-30.26,0
M2R-decoy_11237,N#Cc1cccc(CS(=O)(=O)c2nnnn2c2cc(C(F)(F)F)cc(C(F)(F)F)c2)c1,-30.25,0
M2R-decoy_1894,COc1ccc(CC(=O)N(C)CC(=O)Nc2ccc(F)cc2)cc1S(=O)(=O)N1CCOCC1,-30.25,0
M2R-decoy_1534,C/C=C/C[C@H](C)[C@@H](O)[C@@H](C)[C@H](O)C[C@H]1OC(=O)C=C[C@H]1CC,-30.25,0
M2R-decoy_7028,COc1cc2c(cc1Nc1ncc(Cl)c(Nc3ccccc3S(=O)(=O)C(C)C)n1)CCN1C(N)=[NH+]CC21,-30.25,0
M2R-decoy_6668,C=C1CC[C@@H](C(C)C)/C=C/[C@@](C)(O[C@@H]2O[C@H](CO)[C@@H](O)[C@H](O)[C@H]2OC(=O)/C=C/c2ccccc2)CCC1=O,-30.25,0
M2R-decoy_838,CS(=O)(=O)c1ccc(/C=C/c2nc3ccccc3c(=O)[nH]2)cc1,-30.25,0
M2R-decoy_8562,C=CC(=C)CC[C@]1(C)[C@H](C)[C@@H](OC(=O)/C=C\C=C\CCCCC)[C@H](O)[C@@]23C(=C[C@H](O)C[C@@H]12)[C@@H](OC)O[C@@H]3OC(C)=O,-30.25,0
M2R-decoy_10434,CS(=O)(=O)c1ccc(n2nc(C(F)(F)F)c(C#N)c2SC2CCCCC2)nc1,-30.24,0
M2R-decoy_10520,O=S1(=O)CCSCCN1Cc1ccc(Br)cc1,-30.24,0
M2R-decoy_10808,CC1(C)CN(c2cc(COc3ccc(F)c(F)c3F)nc(c3ccccn3)n2)C1,-30.24,0
M2R-decoy_11011,CC/C(Br)=C/C=C\C1=C(Br)[C@H]2O[C@H](C=C=CBr)C[C@H]2O1,-30.24,0
M2R-decoy_1235,Oc1nc2ccc(Cl)cc2n2nc(c3cccs3)nc12,-30.24,0
M2R-decoy_465,OC1CCN(c2nn3cc(c4ccccc4)nc3s2)CC1,-30.24,0
M2R-decoy_5446,N#CCCC(C(=O)/C=C/c1ccc(O)c(OC(F)(F)F)c1)C(=O)/C=C/c1ccc(O)c(OC(F)(F)F)c1,-30.24,0
M2R-decoy_6054,COc1ccc(C2SCC(=O)N2n2c(CSc3nnc(c4ccncc4)o3)nc3ccc(Br)cc3c2=O)cc1,-30.24,0
M2R-decoy_6127,COc1cccc(c2nc(C[S+]([O-])CC(=O)N3CCN(c4cccc(C(F)(F)F)c4)CC3)c(C)o2)c1,-30.24,0
M2R-decoy_6555,Cn1cnc(S(=O)(=O)N(Cc2cccc3nsnc23)C2Cc3cc(C#N)ccc3N(Cc3cncn3C)C2)c1,-30.24,0
M2R-decoy_7591,Cn1cncc1C(OCc1c(c2ccc(OC(F)(F)F)cc2)cc(C#N)c(=O)n1C)c1ccc(C#N)c(c2ccc(Cl)cc2)c1,-30.24,0
M2R-decoy_9440,COc1cc(NC(=S)NCCCn2cncc2C)ccc1OCCCc1ccncc1,-30.24,0
M2R-decoy_1892,Cc1ccc(S(=O)(=O)N[C@H]2C[NH2+]C[C@@H](C(=O)NCC(c3ccccc3)c3ccccc3)C2)cc1,-30.23,0
M2R-decoy_2405,Cc1cnn(CCCOc2ccc3c(c2)OCO3)c1,-30.23,0
M2R-decoy_3545,CNC(=O)[C@@H](NC(=O)[C@@](O)(CCCN(Cc1ccc(c2cccnc2)cc1)NC(=O)[C@@H](NC(=O)OC)C(C)(C)C)Cc1ccccc1)C(C)(C)C,-30.23,0
M2R-decoy_53,O=C(Oc1cc(=O)oc2ccccc12)c1cccnc1Cl,-30.23,0
M2R-decoy_970,CC(=O)c1ccc(S(=O)(=O)N2CCC(c3n[nH]c(C)n3)CC2)cc1,-30.23,0
M2R-decoy_9934,C[C@]12C[C@H](O)[C@@]3(F)[C@@H](C[C@H](F)C4=CC(=O)C=C[C@@]43C)[C@@H]1C[C@H]1O[C@@H](c3ccc(Oc4ccccc4)cc3)O[C@]12C(=O)CO,-30.23,0
M2R-decoy_10163,O=C(CNS(=O)(=O)c1ccccc1)Nc1ccc(F)cc1F,-30.22,0
M2R-decoy_10157,Fc1cccnc1OC[C@@]12CCO[C@@H]1CC[NH+](CC1CCOCC1)C2,-30.21,0
M2R-decoy_151,Cc1cc2c(cc1Cl)Sc1nnc(C)n1S2(=O)=O,-30.21,0
M2R-decoy_2971,O=c1nc(SCc2cccc(F)c2)n(Cc2ccco2)cc1Cc1cncnc1,-30.21,0
M2R-decoy_4432,CCOc1ccc(S(=O)(=O)N(CCCNC(=O)OC(C)(C)C)c2cc(OC)c(Cl)cc2OC)cc1,-30.21,0
M2R-decoy_9527,O=C(CCCCCCC(=O)Nc1ccc(NCCOc2ccc3cc2COC/C=C/COCc2cccc(c2)-c2ccnc(n2)N3)cc1)NO,-30.21,0
M2R-decoy_2389,CC(C)Sc1nnc(COc2ccccc2)n1C,-30.2,0
M2R-decoy_2812,CCn1c(SCC(=O)Nc2oc(c3ccccc3)c(c3ccccc3)c2C#N)nnc1c1cc(OC)cc(OC)c1,-30.2,0
M2R-decoy_3127,COc1cc(OC)c2c(=O)c(c3ccc(OC)c(OCC=C(C)C)c3)coc2c1,-30.2,0
M2R-decoy_9215,Nc1ccc2[nH]c3nccc(NCc4cccc(Br)c4)c3c2c1,-30.2,0
M2R-decoy_11227,Cc1ccc(C)c(S(=O)(=O)N2CCN(C(=O)c3cncc(Br)c3)CC2)c1,-30.19,0
M2R-decoy_10151,NS(=O)(=O)c1ccc(CNC(=O)Cc2ccccc2F)cc1,-30.19,0
M2R-decoy_2223,O=C(Cc1ccccc1O)N[C@@H](Cc1ccccc1)C(=O)OC[C@@H](Cc1ccccc1)NC(=O)c1ccccc1,-30.19,0
M2R-decoy_2966,O=C(C(=CN1CCN(C(=O)c2ccco2)C1=S)C(=O)c1ccccc1)c1ccccc1,-30.19,0
M2R-decoy_3860,CCCCCc1ccc(C(=O)N(CC[NH+](C(C)C)C(C)C)Cc2ccc(c3ccc4c(c3)OCO4)cc2)cc1,-30.19,0
M2R-decoy_5411.1,CCOC(=O)C1=C(C)NC2=C(C(=O)C(C(=O)OCC)C(c3cccc(OC)c3)C2)C1c1cc(OC)c(OC)c(OC)c1,-30.19,0
M2R-decoy_8495,O=CNC(Cc1ccc(N(CCCl)CCCl)cc1)C(=O)OCc1cc(O)c2c(c1O)C(=O)c1ccccc1C2=O,-30.19,0
M2R-decoy_1152,CSc1cc2c(cc1C#N)N(C(=O)Nc1cccnc1)CC2,-30.18,0
M2R-decoy_6149,CCOC(=O)C1CCCN(C(=O)C2CCN(S(=O)(=O)c3c(C)noc3/C=C/c3ccc(C)cc3)CC2)C1,-30.18,0
M2R-decoy_6471,C=C1C(=O)[C@@]23[C@@H](CC[C@@H]1[C@H]2OC(=O)c1cc2ccc(OC)cc2[nH]1)[C@@]12CO[C@]3(O)[C@@H](O)[C@@H]1C(C)(C)CC[C@@H]2O,-30.18,0
M2R-decoy_6649,O=C1COc2ccc(S(=O)(=O)Nc3ccc(C4(O)CSC(=S)N4Cc4cccnc4)cc3)cc2N1,-30.18,0
M2R-decoy_9494,C=C(Cc1ccc(O)c(Br)c1)C(=O)NCCSSCCNC(=O)C(=C)Cc1ccc(O)c(Br)c1,-30.18,0
M2R-decoy_1201.1,Oc1c(I)cc(Cl)c2cccnc12,-30.17,0
M2R-decoy_2017,O=C(CCCCCCCCn1cc(c2cccnc2)nn1)Nc1ccccc1Oc1ccccc1,-30.17,0
M2R-decoy_3480,CCCc1c(C(=O)OCC)[nH]c(c2ccc(c3[nH]c(C(=O)OCC)c(CCC)c3C(=O)OCC)s2)c1C(=O)OCC,-30.17,0
M2R-decoy_3640,CCN(CC)c1ccc(NC(=O)CSc2nnc(N)s2)cc1C,-30.17,0
M2R-decoy_382,NS(=O)(=O)c1ccc(n2ncc(Cl)c(Cl)c2=O)cc1,-30.17,0
M2R-decoy_5670,O=C1CCC[C@@H](C(=O)N[C@@H](CCCCCS)C(=O)NCc2cccc(OCc3ccccc3)c2)N1,-30.17,0
M2R-decoy_11109,CN(C)c1ncnc2c1CCN(S(=O)(=O)c1cccc3nsnc13)C2,-30.16,0
M2R-decoy_19,c1cncc(c2nc3ccccc3c(n3ccnc3)n2)c1,-30.16,0
M2R-decoy_2356,CC(=O)c1cc(C(C)=O)c(OCCCCC#N)cc1O,-30.16,0
M2R-decoy_6005,Cn1c(Cc2nn(C)c(=O)c3ccccc23)nnc1SCCCCCCCC(=O)Nc1ccc(O)cc1,-30.16,0
M2R-decoy_7161,CCN(c1cc(/C=C/c2ccc3c(c2)NC(=O)CO3)cc(C(=O)NCc2c(C)c3c([nH]c2=O)CCCC3)c1C)C1CCOCC1,-30.16,0
M2R-decoy_8072,CC(=O)N1CCN(c2ccc(OC[C@H]3CO[C@](Cn4cc[n+](Cc5ccc(OC(=O)C(C)(C)C)cc5)c4)(c4ccc(Cl)cc4Cl)O3)cc2)CC1,-30.16,0
M2R-decoy_1018,O=C(COC(=O)C1C2CC3OC(=O)C1C3C2)Nc1ccc(Br)cc1,-30.15,0
M2R-decoy_2520,O=C1C=C[C@@H](CC2=CCCCC2)O[C@@H]1CO,-30.15,0
M2R-decoy_3163,CC(=O)Oc1ccccc1C(=O)Oc1ccccc1/C=C/C(=O)c1ccc(C)cc1,-30.15,0
M2R-decoy_7668,C[C@@H]1CC[C@H]2[C@@H](C)[C@@H](CC(O)(COCc3ccncc3)C[C@H]3O[C@@H]4O[C@@]5(C)CC[C@H]6[C@H](C)CC[C@@H]([C@H]3C)[C@]64OO5)O[C@@H]3O[C@@]4(C)CC[C@@H]1[C@@]23OO4,-30.15,0
M2R-decoy_9283,Cc1nn(c2ccccc2)c2c1C(C(F)(F)F)(C(F)(F)F)OC(c1cccc(S(=O)(=O)N3CCCCC3)c1)=N2,-30.15,0
M2R-decoy_10449,CC1(C)C(=O)N(c2ccc(SC(F)(F)F)cc2)C(=O)N1Cc1ccncc1,-30.14,0
M2R-decoy_10805,O=C(c1cc(Br)c(Br)s1)N1CCc2ccccc2C1,-30.14,0
M2R-decoy_10123,NS(=O)(=O)c1ccc(NC(=O)Cc2cccs2)c(F)c1,-30.14,0
M2R-decoy_11309,CC(=O)Oc1ccccc1C1OC(c2ccc3c(c2)OCCO3)=NN1C(C)=O,-30.14,0
M2R-decoy_2940,Cc1cccc(CCCOc2nn3c(nnc3c3ccccc3)c3c2C2CCC3CC2)n1,-30.14,0
M2R-decoy_4279,CSCCC(NC(=O)c1ccc([N+](=O)[O-])cc1Cl)C(=O)OCC(=O)NC1CCCC(C)C1C,-30.14,0
M2R-decoy_4748,Cn1cnc(S(=O)(=O)N(CCN(Cc2cncn2C)c2ccc(C#N)c(F)c2)CC2CCN(c3ncccn3)CC2)c1,-30.14,0
M2R-decoy_3343,CCCCOc1ccc(c2nn3c(C)cc(C)nc3c2CC(=O)N(CC)CC)cc1,-30.14,0
M2R-decoy_5526,C=CCNS(=O)(=O)c1cc(c2c(C)nc3c(NCc4ccnc(CC)c4)cc(Cl)nn32)ccc1OC,-30.14,0
M2R-decoy_6569,Cn1cc(c2cc3cnc(Nc4ccc(C(=O)N5CCS(=O)(=O)CC5)cc4Cl)cc3n2C(=O)OC(C)(C)C)cn1,-30.14,0
M2R-decoy_10675,CC1(C(=O)N2CCN(c3ccccc3)CC2)CC1(Cl)Cl,-30.13,0
M2R-decoy_10054,CC(C)(C)CC(C)(C)c1cc(Cc2cc(C(C)(C)CC(C)(C)C)cc(n3nc4ccccc4n3)c2O)c(O)c(n2nc3ccccc3n2)c1,-30.13,0
M2R-decoy_11162,Cc1cnc(C)n2nc(CCc3nc(N4CCC[C@@H]4C(F)(F)F)nn3C)nc12,-30.13,0
M2R-decoy_11472,O=[N+]([O-])c1c(CS(=O)(=O)c2ccccc2)nc2c(Br)cc(Br)cn12,-30.13,0
M2R-decoy_3265,Clc1ccc(C(CCOc2ccccc2Cl)Cn2ccnc2)c(Cl)c1,-30.13,0
M2R-decoy_4781,CCS(=O)(=O)CCn1ccc(Nc2ncc3c(n2)-c2c(nn(C)c2Cc2cccc(c4cnn(C)c4)c2)CC3)n1,-30.13,0
M2R-decoy_6546,O=C([O-])c1ccc(S(=O)(=O)N2CCN(C(=O)c3cccc(c4ccc(Oc5ccc(F)cc5)cc4)n3)CC2)cc1,-30.13,0
M2R-decoy_10716,CS(=O)(=O)c1ncc(c2ccc(Br)cc2)cn1,-30.12,0
M2R-decoy_1836,CCCCc1nc(Cl)c(CC(=O)OC)n1Cc1ccc(NC(=O)[C@H](Cc2ccccc2)n2cccc2)cc1,-30.12,0
M2R-decoy_2709,CCC(=O)N(c1ccccc1)C1CCN(C(=O)[C@H](Cc2ccccc2)NC(=O)CNC(=O)[C@@H](C)NC(=O)[C@@H]([NH3+])Cc2c(C)cc(O)cc2C)CC1,-30.12,0
M2R-decoy_4130,Nc1ncnc2c1ncn2Cc1cn(C[C@H](OCc2ccccc2)[C@H](O)P(=O)(OCc2ccccc2)OCc2ccccc2)nn1,-30.12,0
M2R-decoy_6088,Cc1oc(c2cccs2)nc1CCOc1ccc(C[C@](C)(Oc2ccccc2)C(=O)[O-])cc1,-30.12,0
M2R-decoy_7075,CS[C@H]1O[C@@H](c2ccc(C)c(Cc3ccc(CCCC4=NC(C)(C)C(=O)O4)cc3)c2)[C@H](O)[C@@H](O)[C@@H]1O,-30.12,0
M2R-decoy_7134,Cc1ccc(S(=O)(=O)Nc2ccc3c(c2)CC(=O)N([C@H](C)CO)C[C@@H](C)[C@@H](CN(C)S(=O)(=O)c2ccc(Cl)cc2)O3)cc1,-30.12,0
M2R-decoy_1469,CCc1ccc(OCCN(C)C(=O)c2ccncc2Cl)cc1,-30.11,0
M2R-decoy_1548,CC(C)(C)c1ncc(C(=O)NCCNC(=O)c2ccco2)s1,-30.11,0
M2R-decoy_4000,CCOC(=O)CCCCCOc1cccc(CN(C(=O)c2ccc(c3cccc(c4nnc(C)o4)c3)cc2)C(C)C)c1,-30.11,0
M2R-decoy_322,CC1=C(C)SC(=C2Sc3c(n(C)c(=O)n(C)c3=O)S2)S1,-30.11,0
M2R-decoy_3394,C=CCn1/c(=N\N=C\c2cccs2)scc1c1ccccc1,-30.11,0
M2R-decoy_719,O=C(c1ccco1)N1CC[NH+](Cc2nc(c3cccs3)no2)CC1,-30.11,0
M2R-decoy_9637,O=C(c1ccc(OCc2ccncc2)cc1)C1CC1,-30.11,0
M2R-decoy_10398,O=S(=O)(Cc1cn2cc(I)ccc2n1)c1ccccc1,-30.1,0
M2R-decoy_11012,CC1(C)O[C@H](c2ccc(Cl)cc2Cl)[C@@](Cn2cncn2)(c2ccc(Cl)cc2)O1,-30.1,0
M2R-decoy_11091,Cc1cc(C)c2c(=O)n(C[NH+]3CC[NH+](C4CCCCC4)CC3)sc2n1,-30.1,0
M2R-decoy_2105,CCNc1nc2ccc(C(=O)N(CC(C)C)C[C@@H](O)[C@H](Cc3ccccc3)NC(=O)OCc3cncs3)cc2o1,-30.1,0
M2R-decoy_221,Cc1cc(Nc2c(F)c(F)cc(F)c2F)n2ncnc2n1,-30.1,0
M2R-decoy_2890,CC(C)(C)OC(=O)CN(Cc1ccc([N+](=O)[O-])s1)S(=O)(=O)c1cccc2ccccc12,-30.1,0
M2R-decoy_3565,C[NH+](CC(=O)Nc1ccc(F)cc1)CC(=O)NC1CCCCC1,-30.1,0
M2R-decoy_539,O=c1cc(Cn2ncc(Cl)c(Cl)c2=O)[nH]c(=O)[nH]1,-30.1,0
M2R-decoy_5405,O=C(NCC1CCCO1)C(c1ccc(F)cc1)N(Cc1ccc(F)cc1)C(=O)Cn1nnc(c2cccs2)n1,-30.1,0
M2R-decoy_6074.1,CCCc1nccn1C(CC(=O)OCC)C1O[C@H]2OC(C)(C)O[C@H]2[C@@H]1OCc1ccccc1,-30.1,0
M2R-decoy_6104,CN(C)/C=N/c1nc(OC[C@H](O)COC(c2ccccc2)(c2ccccc2)c2ccccc2)ns1,-30.1,0
M2R-decoy_1104,Cn1c(NCc2ccco2)nc2c1c(=O)n(Cc1ccc(Cl)cc1)c(=O)n2C,-30.09,0
M2R-decoy_11126,CN(C(=O)CN1C(=O)S/C(=C\c2ccc(F)cc2)C1=O)C1CCS(=O)(=O)C1,-30.09,0
M2R-decoy_11324,CC(=O)Nc1ccccc1Nc1ncc2c(n1)-c1c(c(C(N)=O)nn1C)CC2,-30.09,0
M2R-decoy_2409,CCCc1cc(=O)[nH]c2nnc(SCC)n12,-30.09,0
M2R-decoy_4578,COc1ccc(S(=O)(=O)N(Cc2ccc3c(c2)OCO3)[C@H](CCC(=O)N(CCC#N)Cc2ccccc2)C(=O)NO)cc1,-30.09,0
M2R-decoy_11141,Cc1cccnc1c1nc(N2CCN(S(C)(=O)=O)CC2)ncc1Cl,-30.08,0
M2R-decoy_20,O=C(CSc1nccc(O)n1)NC1CCCCCC1,-30.08,0
M2R-decoy_1471,CCOc1cccc(F)c1CCNC(=S)Nc1ccc(C)cn1,-30.08,0
M2R-decoy_3327,COc1ccc(C2CC(c3cc(OC)c(OC)c(OC)c3)=NN2C)cc1F,-30.08,0
M2R-decoy_6275.1,O=C(c1ccc(NS(=O)(=O)c2cccc3cccnc23)cc1)N1CCC(O)(c2cccc3c2OCCO3)CC1,-30.08,0
M2R-decoy_6815,CNC(=O)c1c2cc(c3ccc4c(n3)-c3cc5c(F)cccc5n3CC4)c(N(C)S(C)(=O)=O)cc2oc1n1ccccc1=O,-30.08,0
M2R-decoy_10514,O=C(OC1CS[S+]([O-])C1)c1ccc(I)cc1,-30.07,0
M2R-decoy_1800,Cc1ncnc(C(=O)NC[C@H](O)CO)c1Nc1ccc(I)cc1F,-30.07,0
M2R-decoy_381.1,O=C1NN(c2ccccc2)C(=O)/C1=C/c1coc2ccccc2c1=O,-30.07,0
M2R-decoy_5295,COCc1ccc(c2c(C)n(Cc3c(F)cccc3F)c(=O)n(CC[NH+](C)CCc3ccccn3)c2=O)cc1,-30.07,0
M2R-decoy_597,Cc1cc(C)nc(N2CCN(C(=O)c3cc(Cl)c[nH]3)CC2)n1,-30.07,0
M2R-decoy_7087,COc1cc(F)c(c2nc(C(=O)Nc3cnccc3[C@@H]3C[C@H](C)[C@H](n4ccnn4)[C@H]([NH3+])C3)ccc2F)c(F)c1,-30.07,0
M2R-decoy_8149,O=C1Cn2c3cc(ccc3c(C3CCCCC3)c2c2ccc(OCc3cc(N4CCCC4=O)ccc3N3CCOCC3)cc2)C(=O)NCCCCCCN1,-30.07,0
M2R-decoy_9860,CC(C)[C@@H]1NC(=O)[C@]2(C)CSC(=N2)c2csc(n2)CNC(=O)C[C@@H](/C=C/CCSCc2ccccc2O)OC1=O,-30.07,0
M2R-decoy_10405,CC(C)(C)OC(=O)N1CCC(O[C@H]2CC[C@H](Oc3ccc(C#N)cc3)CC2)CC1,-30.05,0
M2R-decoy_1941,CCN(CC)S(=O)(=O)c1cccc(C(=O)N[C@H](C(=O)NNC(=O)c2ccccc2)C(C)C)c1,-30.05,0
M2R-decoy_3897,O=C(N[C@@H](COC(=O)[C@H](Cc1ccccc1)NC(=O)c1ccccc1OCc1ccccc1)Cc1ccccc1)c1ccccc1,-30.05,0
M2R-decoy_575,O=C1Nn2c(nc3c(c2=O)CCC3)/C1=N/Nc1ccccc1,-30.05,0
M2R-decoy_1123,Cc1ccc2nc(COc3ccc(C(=O)NC4(C)CCS(=O)(=O)C4)cc3)cn2c1,-30.04,0
M2R-decoy_1210,O=c1[nH]c2c(Br)c(Cl)c(Cl)cc2n(O)c1=O,-30.04,0
M2R-decoy_1481,Cc1cc(O)nc(SCCCOc2ccc3c(c2)CCC3)n1,-30.04,0
M2R-decoy_2303,Cc1cc(CCCCCOc2ccc(C3=NCCO3)cc2Cl)on1,-30.04,0
M2R-decoy_5870,CCc1ccc(S(=O)(=O)Nc2ccc3c(c2)sc(=O)n3C)cc1,-30.04,0
M2R-decoy_6485,CCN(CC1CCN(C(=O)OC(C)(C)C)CC1)c1ncnc2c1cnn2c1ccc(S(C)(=O)=O)cc1,-30.04,0
M2R-decoy_1799,O=C(/C=C/c1ccc(O)cc1)O[C@H]1[C@H](O)[C@@H](CO)O[C@H]2OC[C@H](c3ccccc3)O[C@H]12,-30.03,0
M2R-decoy_2188,Cc1oc(c2ccc(c3ncccn3)cc2)nc1CCOc1ccc(CCC(=O)[O-])c(CNC(=O)OC(C)C)c1,-30.03,0
M2R-decoy_2818,CCN(CC)C(=O)Cc1c(c2ccc(OCCc3ccccc3)cc2)nn2c(C)cc(C)nc12,-30.03,0
M2R-decoy_3131,CCOC(=O)c1cnc2cc(c3ccc(OCC)cc3)nn2c1c1ccccc1,-30.03,0
M2R-decoy_4492,CCCC(=O)Nc1ccc(CNC(=O)NCC(CO)Cc2ccc(C)cc2)cc1,-30.03,0
M2R-decoy_6903,CS(=O)(=O)c1ccc(n2nc(C(N)=O)c3c2-c2cc(NC(=O)c4ccc(N)cc4Cl)ccc2CC3)cc1,-30.03,0
M2R-decoy_9287,OC(Cn1cncn1)(Cn1c2ccc(Br)cc2c2cc(Br)ccc21)c1ccc(F)cc1F,-30.03,0
M2R-decoy_1634,N#Cc1ccc(N/C(NC(c2ccccc2)c2ccccc2)=[NH+]\CC(=O)[O-])cc1,-30.02,0
M2R-decoy_1745,COc1ccc(C(=O)/C=C/c2ccc(OCCCn3nc(C)cc3C)c(OC)c2)cc1,-30.02,0
M2R-decoy_5372,COC1CCN(S(=O)(=O)c2ccc(Oc3cc(OCC=C(C)C)cc(C(=O)Nc4ccn(C)n4)c3)cc2)CC1,-30.02,0
M2R-decoy_7647,C=C1C[C@H](C)C(=O)N[C@@H](C)C(=O)N(C)[C@H](Cc2c(Br)[nH]c3ccccc23)C(=O)N[C@@H](c2ccc(O)cc2)CC(=O)O[C@@H](C)C[C@@H](C)C1O,-30.02,0
M2R-decoy_9539,Cc1ccsc1/C=C(\C#N)C(=O)NC1CCS(=O)(=O)C1,-30.02,0
M2R-decoy_1168,C#CC1CC2Cc3[nH]ncc3C(C1)N2S(=O)(=O)c1ccc(Cl)cc1,-30.01,0
M2R-decoy_10262,O=c1c(c2ccco2)nnc2n1CCN2c1ccc(Cl)cc1,-30.01,0
M2R-decoy_2834,CCCOCCc1cc(c2ccc(S(C)(=O)=O)cc2)n(c2ccc(F)c(F)c2)c1C,-30.01,0
M2R-decoy_4023,CCC(=O)NC[C@H](Cc1ccc(OCCc2nc(c3ccccc3)oc2C)cc1)N/C(C)=C\C(=O)c1ccc(C(F)(F)F)cc1,-30.01,0
M2R-decoy_5394,COc1ccc(/C=C/C(=O)c2ccc(n3cc(COc4ccc5ccc(=O)oc5c4)nn3)cc2)c(OC)c1OC,-30.01,0
M2R-decoy_5482,O=C([O-])/C=C/c1ccc2c(C(=O)c3ccc(OCC[NH+]4CCCCC4)cc3)c(c3ccc(O)cc3)sc2c1,-30.01,0
M2R-decoy_5664,c1ccc(c2nc3sc4ccccc4n3c2COCCCCCCCCCCn2cncn2)cc1,-30.01,0
M2R-decoy_6254,CC1(C)O[C@@H]2[C@@H](O1)[C@@H](Cc1ccccc1)N(CC#Cc1cn[nH]c1)C(=O)N(CC#Cc1cn[nH]c1)[C@@H]2Cc1ccccc1,-30.01,0
M2R-decoy_7035,CCOC(=O)c1cccc(NC(=O)C2CCCN(S(=O)(=O)c3cc(Br)cc4c3N(C(=O)CC)CC4)C2)c1,-30.01,0
M2R-decoy_7470,CC(=O)N1N=C(c2ccc(O[C@H]3O[C@@H]4O[C@@]5(C)CC[C@H]6[C@H](C)CC[C@@H]([C@H]3C)[C@]64OO5)cc2)CC1c1ccc(Cl)cc1,-30.01,0
M2R-decoy_10482,Cc1c(Cl)c(=O)oc2cc(OS(=O)(=O)c3ccccc3)ccc12,-30.0,0
M2R-decoy_3662,O=C(CSc1nnc(CNC(=O)c2cccs2)o1)c1ccccc1,-30.0,0
M2R-decoy_3422,CN(C)c1ccc(/C=C/C=C/C=C/C(=O)N2CCCCC2)cc1,-30.0,0
M2R-decoy_11494,CS(=O)(=O)C(C(=O)NCCS(N)(=O)=O)c1nc2cc(c3ccnc(F)c3)ccc2s1,-29.99,0
M2R-decoy_5335,Cc1cccc([P@@]2(=O)O[C@H](COCc3ccccc3)[C@@H](OCc3ccccc3)[C@H](OCc3ccccc3)[C@H]2O)c1,-29.99,0
M2R-decoy_9657,Cn1c([N+](=O)[O-])cnc1c1nc(/C=N/N2CCOCC2)cs1,-29.99,0
M2R-decoy_1185,Oc1nc2ccc(F)cc2n1c1nc2cccc(F)c2o1,-29.98,0
M2R-decoy_4496,COCC(O)COc1ccc(OCc2cccc(F)c2)cc1C(C)=O,-29.98,0
M2R-decoy_6691,N#C[C@@H]1CC(F)(F)CN1C(=O)CNC(=O)c1csc(CS(=O)(=O)c2ccc(C(F)(F)F)cc2)n1,-29.98,0
M2R-decoy_10454,Cc1ccc(c2onc(C)c2C)cc1S(=O)(=O)N1CCN(c2ccccc2F)CC1,-29.97,0
M2R-decoy_1118,Cc1cccc(N2CCN(S(=O)(=O)c3ccc(c4ccc(O)nn4)o3)CC2)c1C,-29.97,0
M2R-decoy_2289,CCCOc1ccc(/C=N/NC(=O)C(C)Sc2ccccn2)cc1OCC,-29.97,0
M2R-decoy_4162,COCCOCCOc1ccc(S(=O)(=O)N(CC(=O)N/N=C2\C(=O)Nc3ccccc32)c2ccc(Cl)cc2)cc1,-29.97,0
M2R-decoy_6348,O=C1NC(=O)N(CC2CCN(C(=O)c3ccccc3)CC2)C1Cc1ccc(OS(=O)(=O)c2cccc3cnccc23)cc1,-29.97,0
M2R-decoy_9970,COc1ccc(COC[C@H](C)N2C[C@@H](C)[C@H](CN(C)S(=O)(=O)c3ccc(F)cc3)OCCOc3ccc(NC(=O)Nc4c(C)noc4C)cc3C2=O)cc1,-29.97,0
M2R-decoy_10668,O=C(CN1CCc2ccc(Br)cc21)N1CCCCC1,-29.96,0
M2R-decoy_1092,NC(=O)c1ccsc1NC(=O)c1ccc(S(=O)(=O)N2CCCCC2)cc1,-29.96,0
M2R-decoy_10341,O=c1oc2ccccc2c2nn(S(=O)(=O)c3ccccc3)cc12,-29.96,0
M2R-decoy_1468,COc1cc(/C=C\c2ccc(OC)c(N)c2)cc(OC(C)C)c1,-29.96,0
M2R-decoy_8328,O=C([O-])CCSC(CCc1ccccc1c1nc[nH]n1)c1cccc(OCc2ccc3ccc(Cl)cc3n2)c1,-29.96,0
M2R-decoy_9134,CCN(CC)c1ccc2cc(C(=O)NCCCCCCNC(=O)/C=C/c3ccc(OC)cc3)c(=O)oc2c1,-29.96,0
M2R-decoy_2259,CS(=O)(=O)c1ccc(C(=O)/C=C/c2ccc(N(CCCl)CCCl)cc2)cc1,-29.95,0
M2R-decoy_5142,COc1ccc(CNc2nc(OCc3ccccn3)ncc2C(=O)OCc2ncccn2)cc1Cl,-29.95,0
M2R-decoy_5263,O=C(CN(CCc1ccccc1)S(=O)(=O)c1ccc(Br)cc1)NCc1ccc(Cl)cc1,-29.95,0
M2R-decoy_6967,CCc1cc(c2ccccc2)cc(CC)[n+]1CC(=O)Nc1cc(C(F)(F)F)c(S(N)(=O)=O)cc1S(N)(=O)=O,-29.95,0
M2R-decoy_3769,O=C(C[C@@H](Cc1ccccc1)C(=O)NC1c2ccccc2C[C@H]1O)CN1C(=O)[C@@H](Cc2ccccc2)C[C@@H]1Cc1ccccc1,-29.94,0
M2R-decoy_6310,CC[C@H](Nc1ncnc(N)c1C#N)c1nc2cccc(C#CCCCC(=O)N3CCCC3)c2c(=O)n1c1ccccc1,-29.94,0
M2R-decoy_8112,CC(C)(C)OC(=O)N1C[C@@H](Oc2ccc(c3ccccc3)cc2)C[C@H]1C(=O)N[C@@H](Cc1c[nH]c2ccccc12)C(=O)NS(=O)(=O)c1ccccc1,-29.94,0
M2R-decoy_2928,O=C(c1c(F)ccc(NS(=O)(=O)c2ccc(OC(F)F)cc2)c1F)c1c[nH]c2ncncc12,-29.93,0
M2R-decoy_6108,O=C([O-])[C@@H](Cc1ccccc1)N(CCc1ccccc1)S(=O)(=O)c1ccc(c2ccc(Cl)cc2)cc1,-29.93,0
M2R-decoy_8100,CC(=O)N(c1ccc(F)c(Cl)c1)c1ncnc2ccc(COC(=O)CCCC(=O)N[C@@H]3O[C@@H]4O[C@@]5(C)CC[C@H]6[C@H](C)CC[C@@H]([C@H]3C)[C@]64OO5)cc12,-29.93,0
M2R-decoy_1196,Cc1ccnc(NC(=S)N2CCc3ccccc3C2)c1,-29.92,0
M2R-decoy_2246,COC(=O)CCCCCC(CNS(=O)(=O)c1ccccc1)c1cccnc1,-29.92,0
M2R-decoy_3986,CCOC(=O)CCCCCOc1cccc(CN(C(=O)c2ccc(c3cccc(C(C)=O)c3)cc2)C(C)C)c1,-29.92,0
M2R-decoy_3267,COCOc1ccc2c(c1)OC(c1ccc(OCOC)c(CC=C(C)C)c1)CC2=O,-29.92,0
M2R-decoy_6518,CC(=O)Nc1ccc2cc(S(=O)(=O)N3CCC[C@H]3C(=O)Nc3nc4cc(O)c(O)cc4s3)ccc2c1,-29.92,0
M2R-decoy_6844,CC[C@H]1OC(=O)C[C@@H](O)[C@H](C)[C@H]2OCC[C@H]2C[C@@H](C)C(=O)/C=C/C(C)=C/[C@@H]1CO[C@@H]1O[C@H](C)[C@@H](O)[C@@H](OC)[C@H]1OC,-29.92,0
M2R-decoy_2197,CCc1c(COc2ccc(CCc3nnn(CCCC4=NN=NN4)n3)cc2)ccc(C(C)=O)c1O,-29.91,0
M2R-decoy_4688,COc1cc(/C=N/NC(=O)c2cccnc2)ccc1OS(=O)(=O)c1ccc(C)cc1,-29.91,0
M2R-decoy_4750,CC(=O)c1nn(CC(=O)N2[C@H](C(=O)NC[C@H]3CC3(Cl)Cl)C[C@H]3C[C@H]32)c2ccc(OCc3cscn3)cc12,-29.91,0
M2R-decoy_1330,FC(F)(F)c1nnc2sc(c3ccccn3)nn12,-29.9,0
M2R-decoy_2382,Cc1ccc(C(=O)OCC[C@@H](C)n2cncn2)cc1,-29.9,0
M2R-decoy_6191,Cc1cc(S(N)(=O)=O)ccc1NC(=O)COc1ccc2cc(Br)ccc2c1C(=O)c1ccccc1,-29.9,0
M2R-decoy_845,Cc1noc(C)c1NC(=O)Cn1cc(Br)ccc1=O,-29.9,0
M2R-decoy_10562,O=C(Nc1ccc2c(c1)OCCO2)N1CCN(c2ccc(F)cc2)CC1,-29.89,0
M2R-decoy_10045,CC1=C(O)C(=O)C=C2C1=CC=C1[C@@]3(C)CC[C@@]4(C)CC[C@@](C)(C(=O)OCCCCOC(=O)/C(C#N)=C/c5ccc(C)cc5)C[C@H]4[C@]3(C)CC[C@@]21C,-29.89,0
M2R-decoy_11501,Cn1cc(c2ccc3c(c2)C(=O)N(C[C@@]2(C#Cc4cccnc4)NC(=O)NC2=O)C3)cn1,-29.89,0
M2R-decoy_1390,CS(=O)(=O)c1ccc2nc(NC(=O)c3c(F)cccc3F)sc2c1,-29.89,0
M2R-decoy_4268,COc1ccc(c2nc(SCCCCCSc3[nH]cnc4ncnc3-4)[nH]c2c2ccc(OC)cc2)cc1,-29.89,0
M2R-decoy_3331,CCCCN(CC)c1ncnc2c1nnn2c1ccc(C(C)C)cc1Br,-29.88,0
M2R-decoy_530,CN1C(=O)/C(=C/c2ccc(N3CCOCC3)o2)C(=O)NC1=S,-29.88,0
M2R-decoy_6889,CS(=O)(=O)CCN(c1ccc(C(O)(C(F)(F)F)C(F)(F)F)cc1)S(=O)(=O)c1ccccc1,-29.88,0
M2R-decoy_6973,O=C([O-])C(=O)Nc1ccc(CN(Cc2ccc(c3csnn3)cc2)S(=O)(=O)c2ccccc2)cc1Br,-29.88,0
M2R-decoy_11107,CCOC(=O)C1=c2sc(=Cc3ccco3)c(=O)n2C(N)=C(C#N)C1c1ccco1,-29.87,0
M2R-decoy_255,Cc1c(Br)cnc2nc(O)c(O)nc12,-29.87,0
M2R-decoy_3099,COCCn1c(C)cc(C(=O)COc2ccc(N(C)S(=O)(=O)c3ccc(C)cc3)cc2)c1C,-29.87,0
M2R-decoy_3103,COc1ccc(OC)c2sc(N(Cc3cccnc3)C(=O)c3cccc(C)c3)nc12,-29.87,0
M2R-decoy_4293,Cc1c(c2cccc(C(C)C)c2)c(=O)n(CC[NH+](C)CCc2ccccn2)c(=O)n1Cc1c(F)cccc1F,-29.87,0
M2R-decoy_794,Cc1cc(C)n(c2nc3ccccc3n3cnnc23)n1,-29.87,0
M2R-decoy_9128,O=C(CN1c2cccc(c3cccc(OC(F)(F)F)c3)c2OC[C@@H]1c1cccc(OC(F)(F)C(F)F)c1)C(F)(F)F,-29.87,0
M2R-decoy_9849,COc1ccc2cc3[n+](cc2c1OCc1nc2ccccc2n1Cc1ccc(Cl)cc1Cl)CCc1cc2c(cc1-3)OCO2,-29.87,0
M2R-decoy_2037,COc1cccc(n2ncc3c(NC[C@H](C)NS(=O)(=O)c4c(C)cc(C)cc4C)cc(C)cc32)c1,-29.86,0
M2R-decoy_1730,COc1cc(OC)c(c2cc3ccccc3s2)cc1/C=C/C(=O)c1cc(OC)c(OC)c(OC)c1,-29.86,0
M2R-decoy_5844,COc1ccc(/C=N/N2CCN(c3ccc(Cl)cc3)CC2)cc1O,-29.86,0
M2R-decoy_940.1,CN1C(=O)NC(=O)/C(=C\c2c[nH]c3ccc(O)cc23)C1=O,-29.86,0
M2R-decoy_1245,Cc1ccc2nc(N)[nH]c(=O)c2c1Sc1ccncc1,-29.85,0
M2R-decoy_5385,O=C(NCC1CCCO1)C(c1ccc(F)cc1)N(C(=O)Cn1nnc(c2ccc(F)cc2)n1)c1cccc(O)c1,-29.85,0
M2R-decoy_6234,C[C@H](CCC(=O)NNc1ccc(S(N)(=O)=O)cc1)[C@H]1CC[C@H]2[C@@H]3C(=O)C[C@@H]4CC(=O)CC[C@]4(C)[C@H]3CC(=O)[C@@]21C,-29.85,0
M2R-decoy_6855,Cc1ccc(S(=O)(=O)NC2=C(C#N)C(c3ccc(Cl)cc3)c3sc(Nc4ccc(S(N)(=O)=O)cc4)nc3O2)cc1,-29.85,0
M2R-decoy_7678.1,CCOc1ccc2nc(Sc3ccc(NC(=O)c4cc(Cl)ccc4OS(=O)(=O)c4cc(Cl)cc(Cl)c4O)cc3)sc2c1,-29.85,0
M2R-decoy_10347,Cn1/c(=N/N=C/c2ccc(N3CCOCC3)cc2)sc2ccccc21,-29.84,0
M2R-decoy_2392,CCOC(=O)CSc1nnc(c2ccccc2)o1,-29.84,0
M2R-decoy_3586,CCN(CC)C(=S)SNCCc1ccc(S(N)(=O)=O)cc1,-29.84,0
M2R-decoy_4146,COc1ccc(S(=O)(=O)N(CC(C)C)C[C@@H](O)[C@H](Cc2ccccc2)NC(=O)Cn2cnc3c(Cl)ncnc32)cc1,-29.84,0
M2R-decoy_4231,CC(=O)NCCN(C)c1cccc(OCCCCCCCCNC(=O)Oc2cccc(c3ccccc3)c2)c1,-29.84,0
M2R-decoy_7147,C[NH+](C)C/C=C/C(=O)Nc1ccc(C(=O)N[C@H]2CCC[C@@](C)(Nc3ncc(Cl)c(c4c[nH]c5ccccc54)n3)C2)nc1,-29.84,0
M2R-decoy_8757,COC(=O)c1ccc(c2ccc(/C=C3\SC(=S)N([C@@H](Cc4ccccc4)C(=O)NS(=O)(=O)c4ccc(Cl)c([N+](=O)[O-])c4)C3=O)cc2)cc1,-29.84,0
M2R-decoy_236,CN1CCC(Sc2nc3cc(Br)cnc3[nH]2)C1=O,-29.83,0
M2R-decoy_2822,CCCn1/c(=N/c2ccc(OCC)cc2)scc1c1ccc(S(=O)(=O)N2CCOCC2)cc1,-29.83,0
M2R-decoy_3086,O=Cc1cn(c2ccccc2)nc1c1cc(Cl)ccc1OCc1cn(Cc2ccccc2)nn1,-29.83,0
M2R-decoy_4709,O=C(CSc1ncnc2c1nnn2Cc1ccc(F)cc1)NCC1CCCO1,-29.83,0
M2R-decoy_3333,O=c1c2ccccc2sn1C(Cc1ccccc1)c1nnc(Cc2ccccc2)o1,-29.83,0
M2R-decoy_5183,Cn1c(Cn2c(=O)sc3ccccc32)nnc1SCC(=O)N1CCN(c2ccccc2)CC1,-29.83,0
M2R-decoy_7522,Cc1cc(=O)oc2c3c(ccc12)OC(C)(C)[C@H](OC(=O)c1cccc(Br)c1)[C@@H]3OC(=O)c1cccc(Br)c1,-29.83,0
M2R-decoy_7586,CC(=O)O[C@H]1CC[C@](C)(O)[C@]23OC(C)(C)[C@H]([C@H](OC(=O)/C=C/c4ccccc4)[C@H](OC(=O)c4ccccc4)[C@]12C)[C@H]3OC(=O)CCl,-29.83,0
M2R-decoy_9897,CC1=C(C(=O)Nc2ccc(F)cc2)C(c2ccc(Br)cc2)n2c(s/c(=C/c3ccc(Cl)cc3)c2=O)=N1,-29.83,0
M2R-decoy_376,NNc1nnc(c2ccccc2I)s1,-29.82,0
M2R-decoy_4582.1,CCCNS(=O)(=O)Nc1ncnc(OCCOc2ncc(Br)cn2)c1Oc1cc(OC)ccc1Cl,-29.82,0
M2R-decoy_7773,CC1=C(COC(=O)c2ccc(Cl)cc2)C(=O)O[C@@H]([C@@H](C)[C@H]2CC[C@H]3[C@@H]4C[C@H]5O[C@]56[C@@H](OC(=O)c5ccc(Cl)cc5)C=CC(=O)[C@]6(CO)[C@H]4CC[C@@]32C)C1,-29.82,0
M2R-decoy_11410,O=C(CN1CCCc2c(F)cc(Br)cc21)N1CCN(C(=O)C2CC2)CC1,-29.81,0
M2R-decoy_2883,COCCNC(=O)[C@H](C)/C=C/C(NC(=O)OCc1ccccc1)c1ccc(C(=O)OC)cc1,-29.81,0
M2R-decoy_2915.1,COCCOC(=O)C1=C(C)NC(=O)NC1c1cn(c2ccccc2)nc1c1cccs1,-29.81,0
M2R-decoy_2988,CCOc1ccc(c2nnc3ccc(SCC(=O)N4CCCCC4)nn32)cc1,-29.81,0
M2R-decoy_3638,Cc1c(Sc2cccc(N)c2)n(COCC[Si](C)(C)C)c(=O)[nH]c1=O,-29.81,0
M2R-decoy_4829,O=Cc1ccc(c2ccc(C[C@@H]3NC(=O)N([C@@H](Cc4ccccc4)C(=O)NS(=O)(=O)c4ccc(Cl)c([N+](=O)[O-])c4)C3=O)cc2)cc1,-29.81,0
M2R-decoy_6843,CC(=O)O[C@H]1C(C)=C[C@]23C(=O)[C@@H](C=C(COC(=O)c4ccccc4NC(=O)c4ccccc4N)[C@@H](O)[C@]12O)[C@H]1[C@@H](C[C@H]3C)C1(C)C,-29.81,0
M2R-decoy_1357,CC(=O)Oc1cc2oc(=O)ccc2c2c1C=CC(C)(C)O2,-29.8,0
M2R-decoy_2036,COP(=O)(OC)/C(=C/c1cn(C(c2ccccc2)(c2ccccc2)c2ccccc2)cn1)NC=O,-29.8,0
M2R-decoy_2307,CCc1cc(CCCOc2c(C)cc(c3noc(C)n3)cc2C)on1,-29.8,0
M2R-decoy_696.1,O=S(=O)(c1cccs1)N1Cc2nc(C[NH+]3CCCCC3)oc2C1,-29.8,0
M2R-decoy_887,N#Cc1cc(S(N)(=O)=O)ccc1N1CCN(c2ccccc2)CC1,-29.8,0
M2R-decoy_3043,CSc1nn(Cc2ccc(F)cc2)c(N(C(C)=O)C(C)=O)c1S(=O)(=O)c1ccccc1,-29.79,0
M2R-decoy_3631.1,CCc1nnc(NC(=O)CSc2nccn2Cc2ccccc2)s1,-29.79,0
M2R-decoy_4464,CCCNC(=O)c1onc(CSc2cc(C)cc(C)c2)c1C(=O)NCCC,-29.79,0
M2R-decoy_481,NC(=O)c1cccc2c1O/C(=C\c1ccc(O)cc1)C2=O,-29.79,0
M2R-decoy_6171,CC(=O)O[C@H]1[C@H](OC(C)=O)[C@@]2(C)C(C)=CC[C@@H](OC(=O)c3cccnc3)[C@@H]2[C@@]2(C)CC[C@@]3(COC(=O)C3)O[C@@]12C,-29.79,0
M2R-decoy_9004,CCCc1cc2ccccc2nc1c1cn(CCC(F)(F)C(F)(F)C(F)(F)C(F)(F)C(F)(F)C(F)(F)C(F)(F)C(F)(F)F)nn1,-29.79,0
M2R-decoy_9411,C=CCC1CC(Cc2cn([C@@H](Cc3ccccc3)c3nc(C(=O)OC)co3)nn2)CC(O[Si](C)(C)C(C)(C)C)C1,-29.79,0
M2R-decoy_1029,CC(=O)N1CCC(C(=O)Nc2ccc(S(=O)(=O)N3CCCCC3)cc2)CC1,-29.78,0
M2R-decoy_1997,CCN(CC)C(=O)C1=C(C)NC(C)=C(C(=O)OCCCCCc2ccccc2)C1c1ncc([N+](=O)[O-])n1C,-29.78,0
M2R-decoy_2934,CCOc1cc(CN2C(=O)N(c3ccc(SC(F)(F)F)cc3)C(=O)C2(C)C)ccn1,-29.78,0
M2R-decoy_3007,COc1ccc(OC)c(Oc2ccncc2C(=O)N2CCN(C3CC3)c3ccccc32)c1,-29.78,0
M2R-decoy_5291,CSc1ncc(C2C(C(=O)Cc3cccnc3)=C(C)NC(C)=C2C(=O)Cc2cccnc2)n1Cc1ccccc1,-29.78,0
M2R-decoy_5627,COCCCCCCOc1c(OC)cc(NC(C)CCC[NH3+])c2nccc(C)c12,-29.78,0
M2R-decoy_5006,COc1ccccc1COCCCOc1ccc(C2=C(C(=O)N(C)Cc3ccccc3Cl)[C@H]3CN(C(=O)Cc4cccs4)C[C@@H](C2)[NH2+]3)cc1,-29.78,0
M2R-decoy_7252,O=C(NCc1ccc(N2CCC(c3ccc(OC(F)(F)F)cc3)CC2)cc1)c1sc2c([N+](=O)[O-])cc(C(F)(F)F)cc2[n+]1[O-],-29.78,0
M2R-decoy_2248,CCCNC(=O)c1onc(CSc2ccc(Cl)cc2)c1C(=O)NCCC(C)C,-29.77,0
M2R-decoy_3049,COc1ccc(c2noc(CN(C(C)C)S(=O)(=O)c3ccc(Br)cc3)n2)cc1,-29.77,0
M2R-decoy_4065,CCCS(=O)(=O)c1cc(C2CC[C@@H](c3cc(OC)c(OC)c(OC)c3)O2)cc(OC)c1OCCSc1ccc(C(N)=O)cc1,-29.77,0
M2R-decoy_7071.1,O=S(=O)(Nc1nccnc1N1CC[NH+](Cc2ccc3ccccc3n2)CC1)c1ccc(Oc2ccccc2)cc1,-29.77,0
M2R-decoy_1768,CCN(CC)c1ccc(C(c2ccc(N(CC)CC)cc2)c2ccc([N+](=O)[O-])cc2)cc1,-29.76,0
M2R-decoy_4942,CC(=O)Nc1nc(Cl)c2ncn([C@@H]3O[C@H](COC(C)=O)[C@@H](OCc4ccccc4)[C@@]4(OCc5ccccc5)[C@@H](OCc5ccccc5)CO[C@@H]34)c2n1,-29.76,0
M2R-decoy_6526,COC(=O)[C@@H]1CCCN1S(=O)(=O)c1ccc(N(C(=O)c2ccc(F)cc2)C(=O)c2ccc(F)cc2)cc1,-29.76,0
M2R-decoy_222,C/C(=N/NC(=S)N1CC(C)CC(C)C1)c1ccccn1,-29.75,0
M2R-decoy_3100,CC(C)C1Oc2ccccc2N(CC(=O)N(Cc2ccncc2)Cc2ccco2)C1=O,-29.75,0
M2R-decoy_510,O=C(Nc1ncccc1Cl)C1COc2ccccc2O1,-29.75,0
M2R-decoy_10952,COC(=O)[C@@H]1CCCN1C(=O)c1cnn(c2ncc3c(n2)-c2ccccc2CCC3)c1C1CC1,-29.74,0
M2R-decoy_2377,O=C(/C=C/C[C@H]1CC=CC(=O)O1)CCc1ccco1,-29.74,0
M2R-decoy_4379,COc1cccc(/C=C/C(=O)Nc2cc(C(=O)c3cc(OC)c(OC)c(OC)c3)cc(OC)c2OC)c1,-29.74,0
M2R-decoy_4610.1,CC(C)(C)OC(=O)NC(C)(C)c1cccc(CC(=O)Nc2nnc(CCCCc3ccc(NC(=O)Cc4ccccc4)nn3)s2)c1,-29.74,0
M2R-decoy_10254,Brc1ccc2c(c1)CNc1c(ncnc1N1CCOCC1)O2,-29.73,0
M2R-decoy_10951,CC1(C)CN(Cc2nc(c3ccccc3)no2)C(=O)C1Oc1ccc(C#N)c(C(F)(F)F)c1,-29.72,0
M2R-decoy_2381,COc1ccc(Sc2nc(N(C)C)ncc2OC)cc1,-29.72,0
M2R-decoy_7348,O=C1C/C(=C/c2ccc(/C=C3/CC(=O)N(c4cccc(Br)c4)C3=O)cc2)C(=O)N1c1cccc(Br)c1,-29.72,0
M2R-decoy_8081.1,COc1ccc(C2SC(C[NH+]3CCN(c4ccccn4)CC3)C(=O)N2c2ccc(Nc3nc(Oc4ccc5c(C)cc(=O)oc5c4)nc(N(C)C)n3)cc2)cc1,-29.72,0
M2R-decoy_9592,Cc1nc(CCNC(=O)C2CC(=O)N(C(C)(C)C)C2)sc1C,-29.72,0
M2R-decoy_2368,C[C@@H](CCOC(=O)c1ccccc1Cl)n1cncn1,-29.71,0
M2R-decoy_432,CC(=O)N1N=C(c2cccc(Br)c2)OC12CCCC2,-29.71,0
M2R-decoy_979,Cc1cc(C(=O)Nc2ccc(S(=O)(=O)N3CCCC3)cc2)n(C)n1,-29.71,0
M2R-decoy_1457,O=C(NCCCNc1ccccc1)c1scnc1Cl,-29.7,0
M2R-decoy_9601,CC(=O)CCc1ccc2cc(OC(C)=O)ccc2c1,-29.7,0
M2R-decoy_11470,CCOC(=O)C(C)Sc1nc2cc(n3nc(C(C)(C)C)oc3=O)c(Br)cc2s1,-29.69,0
M2R-decoy_2029,CC(C)N1C(=O)[C@H](CCCn2cnc3c(NCc4ccccc4)ncnc32)[C@H]1c1ccccc1F,-29.69,0
M2R-decoy_1672,Cc1ccc(CSc2nnc(c3ccc(S(=O)(=O)N4CCCC4)cc3)o2)cc1,-29.69,0
M2R-decoy_400,CCn1c(=N)c2c(=O)n(CC)c(=S)n3c2n(c1=S)CC3,-29.69,0
M2R-decoy_4755,Cc1ccccc1NC(=O)Cn1c(=O)n(CCCCCC(=O)NCc2ccc3c(c2)OCO3)c(=O)c2sccc21,-29.69,0
M2R-decoy_5840.1,Cc1cnc(Sc2cc3c(cc2NS(C)(=O)=O)CCC3=O)s1,-29.69,0
M2R-decoy_11433,COc1ccc(Cl)cc1OC1CN(S(=O)(=O)c2ccc3c(cnn3C)c2)C1,-29.68,0
M2R-decoy_2357,COc1ccc(C(=O)COC(=O)/C=C/c2ccco2)cc1F,-29.68,0
M2R-decoy_2486,Cn1cnnc1SCc1ccc(C#N)cc1,-29.68,0
M2R-decoy_9029,O=C(Nc1ccc(C(=O)NS(=O)(=O)c2ccc(NCCSc3ccccc3)c([N+](=O)[O-])c2)cc1)c1ccc(Br)cc1,-29.68,0
M2R-decoy_1526,O=C(COC(=O)c1ccccc1Cl)NCCC1=CCCCC1,-29.67,0
M2R-decoy_170,CC1=C(Br)C(=O)C(Br)=C(Cl)C1=O,-29.67,0
M2R-decoy_11004,CSc1ncc(C(=O)N2CCN(C)c3ccccc32)c(Oc2cc(Cl)ccc2Cl)n1,-29.66,0
M2R-decoy_11383,CC(=O)N1CCN(c2ccc3c(c2)CCCN3S(=O)(=O)N(C)Cc2cccc(C)c2)CC1,-29.66,0
M2R-decoy_2127,COc1ccc2c(Br)c3[n+](cc2c1OCCCCCCCCO[N+](=O)[O-])CCc1cc2c(cc1-3)OCO2,-29.66,0
M2R-decoy_4152,CCN(CC)C(=O)CCC/C=C\C[C@H]1C(=O)C(C)(C)[C@@H](O)[C@@H]1/C=C/C(O)Cc1cc2ccccc2s1,-29.66,0
M2R-decoy_464,O=C1CN(C(=O)/C=C/c2ccc(Cl)cc2Cl)CCN1,-29.66,0
M2R-decoy_5436,CCN(CC)C(=O)Oc1ccc(C[C@@H]2CN(Cc3cncn3C)c3ccc(C#N)cc3CN2S(=O)(=O)c2ccc(OC)cc2)cc1,-29.66,0
M2R-decoy_8733,COc1ccc(C(C)C)cc1C1=C(CN(Cc2cc(C(F)(F)F)cc(C(F)(F)F)c2)c2ncc(N3CCC(C(=O)[O-])CC3)cn2)CC(C)(C)CC1,-29.66,0
M2R-decoy_909,O=S(=O)(c1ccc(F)cc1)N1CCc2ccccc2C1,-29.65,0
M2R-decoy_10826,Cc1oc(c2ccccc2C)nc1CS(=O)(=O)CC(=O)N1CCc2ccccc21,-29.64,0
M2R-decoy_1195,Cn1/c(=N/C(=O)c2ccc(=O)[nH]c2)sc2ccccc21,-29.64,0
M2R-decoy_4161,CC(C)CN([C@@H](CCSCc1ccccc1)C(=O)NO)S(=O)(=O)c1ccc(c2ccccc2)cc1,-29.64,0
M2R-decoy_10428,O=S(=O)(c1ccc(Cl)cc1)N1CCCC1c1nc(c2ccc(Cl)cc2)no1,-29.63,0
M2R-decoy_11028,Cc1cccc(N2CCN(c3ccc4cc(S(=O)(=O)N5CCC(C)CC5)ccc4n3)CC2)c1C,-29.63,0
M2R-decoy_11123,CC(=O)NC1C(Oc2cccc(C)c2)OC2COC(c3ccco3)OC2C1O,-29.63,0
M2R-decoy_1343,FC(F)(F)c1nnc2sc(c3ccncc3)nn12,-29.63,0
M2R-decoy_1866,COc1cc(/C=C/C(=O)/C=C/c2ccco2)ccc1OCc1cn(CCCCCOc2cc(=O)oc3ccccc23)nn1,-29.63,0
M2R-decoy_198,CC1CN(C(=S)Nc2ccccc2)C(C)CN1C=O,-29.63,0
M2R-decoy_2408,COC[C@@H](/N=C/c1ccc([N+](=O)[O-])cc1)C(C)C,-29.63,0
M2R-decoy_4163,CC(=O)NCCN(C)c1cccc(OCCCCCCNC(=O)Oc2cccc(c3ccccc3)c2)c1,-29.63,0
M2R-decoy_4273.1,CC(=O)OC[C@@H]1O[C@H](CCO/N=C(\C)CCN2CCCCc3nc(C)c(C)cc32)C=C[C@@H]1OC(C)=O,-29.63,0
M2R-decoy_5527,O=C([O-])c1ccc(CN2C(=O)/C(=C/c3cccc(OCCc4ccccc4)c3)S/C2=[NH+]\c2ccc(F)cc2)cc1,-29.63,0
M2R-decoy_6807,N#Cc1cc(CCc2ccncc2)sc1NC(=O)c1cc(S(=O)(=O)N2CCOCC2)ccc1Cl,-29.63,0
M2R-decoy_7771,O=S(=O)(Nc1ccc(c2nc3cc(NS(=O)(=O)c4ccc(Cl)s4)ccc3o2)cc1)c1ccc(Cl)c(C(F)(F)F)c1,-29.63,0
M2R-decoy_874,Cc1nn(c2nc(C(F)(F)F)cc(=O)[nH]2)c(C)c1Br,-29.63,0
M2R-decoy_10172.1,CC1=NN(c2ccccc2)C(=O)C1/C=C1\NC(=S)NC1=O,-29.62,0
M2R-decoy_2769,Cc1cc(=O)oc2cc(OCc3cn(CCCCCCCCCCOc4ccc5ccc(=O)oc5c4)nn3)ccc12,-29.62,0
M2R-decoy_3883,CO[C@@H]1Cc2ccccc2[C@@H]1NC(=O)[C@H](Cc1ccccc1)C[C@H](O)CN(C)S(=O)(=O)c1ccc([N+](=O)[O-])cc1,-29.62,0
M2R-decoy_4471,O=C(CCCCCCNC(=O)/C(=C\c1ccccc1)c1ccccc1)NO,-29.62,0
M2R-decoy_5212,O=C1O/C(=C\Cn2cc(/C=C/Br)c(=O)[nH]c2=O)C(OCc2ccccc2)=C1OCc1ccccc1,-29.62,0
M2R-decoy_5615,CCCCCCCCCCCCOCC#CCOC[C@H]1O[C@@H]2OC(C)(C)O[C@@H]2[C@H]2OCO[C@H]21,-29.62,0
M2R-decoy_6609,COc1ccc(C2c3sc(Nc4ccc(S(N)(=O)=O)cc4)nc3Oc3nc[nH]c(=O)c32)cc1OC,-29.62,0
M2R-decoy_11467,O=C1COC2(CCN(S(=O)(=O)c3ccc(c4ccc5cccnc5c4)cc3)CC2)CN1C1CC1,-29.61,0
M2R-decoy_1472,Brc1cccc(OCCOCCn2ccnc2)c1,-29.61,0
M2R-decoy_3658,COCCn1c(Cc2ccccc2)nnc1SCC(=O)N(C)C,-29.61,0
M2R-decoy_4101,COC(=O)CN(c1ccc(CN(c2ccc(CN(Cc3ccccc3)S(C)(=O)=O)cc2)S(=O)(=O)Cc2ccccc2)cc1)S(C)(=O)=O,-29.61,0
M2R-decoy_10168,Cc1cccc(NC(S)=[NH+]C2CC3CCC(C2)[NH+]3Cc2ccco2)c1,-29.6,0
M2R-decoy_8358,CC(OC(=O)C(Cc1ccccc1)NC(=O)C(Cc1ccccc1)NC(=O)OC(C)(C)C)C(=O)OCc1ccccc1,-29.6,0
M2R-decoy_2216,CC[C@@](O)(Cn1nncc1CCCCn1ccc(=O)[nH]c1=O)c1cccc(OCC(C)C)c1,-29.59,0
M2R-decoy_2467,C/C=C/S(=O)(=O)c1ccccc1[N+](=O)[O-],-29.59,0
M2R-decoy_42.1,Cc1cc(CC(C)Nc2ncnc3cccc(F)c23)[nH]n1,-29.59,0
M2R-decoy_4763,COc1ccc(c2ccc(CN3C(C)C(=O)N(Cc4cn(CCC5OCCCO5)nn4)CCS3(=O)=O)cc2)cc1,-29.59,0
M2R-decoy_6176,C[C@]12CC[C@@H]3[C@H]4CCC(=O)C=C4CC[C@H]3[C@@H]1C[C@H]1O[C@@H](c3ccc(I)o3)O[C@]12C(=O)CO,-29.59,0
M2R-decoy_6885,COc1c(Br)cc(CCC(=O)[O-])cc1c1[nH]c2ccc(C(N)=[NH2+])cc2c1Cc1ccccc1,-29.59,0
M2R-decoy_9813.1,Cc1c(n2c(Cc3ccc(Cl)cc3)nn(Cc3nnc(S)n3c3ccc(F)cc3)c2=O)c(=O)n(c2ccccc2)n1C,-29.59,0
M2R-decoy_2047,Cc1nc2nc(SCC(=O)NCCc3ccc(Cl)cc3)nn2c(C)c1Cc1ccccc1Cl,-29.58,0
M2R-decoy_1509,CC[NH+](CC)CCc1c(C)[nH]c(C(=O)OCc2ccccc2)c1C,-29.58,0
M2R-decoy_429,O=C1/C(=C/C#Cc2ccccc2)COc2ccccc21,-29.58,0
M2R-decoy_74,C=CCCC/C=C/C=C\CCCCCCCC[C@H]1CC[C@H]([C@@H]2CC[C@@H](CC(=O)OC)OO2)O1,-29.58,0
M2R-decoy_10425,Cc1nc(c2ccc(S(=O)(=O)N3CCN(c4cc(Cl)ccc4C)CC3)cc2)co1,-29.57,0
M2R-decoy_118,CC(C)CCN(CCCCCCC(=O)NO)c1ncc(C(=O)NCCCn2ccnc2)s1,-29.57,0
M2R-decoy_2046,Cc1nn(CCCC(=O)NCc2ccc(OC(C)C)cc2)c(=O)c2c1sc1ccccc12,-29.57,0
M2R-decoy_1519,CC(C)C(OC(=O)c1cccs1)C(=O)NCc1cccs1,-29.57,0
M2R-decoy_4048,CCCCCCCCCCCC(=O)O[C@@H]1C2C[C@H](OC(=O)c3ccco3)[C@]3(C)[C@@H](OC(C)=O)[C@@H](OC(=O)c4ccccc4)C[C@](C)(O)C13OC2(C)C,-29.57,0
M2R-decoy_2326,CCCn1c(SCC(=O)N(CC)CC)nnc1c1ccncc1,-29.56,0
M2R-decoy_4413,CCOc1ccc(CCNC(=O)Cn2ncn3nc(c4ccc(OC)cc4)cc3c2=O)cc1OCC,-29.56,0
M2R-decoy_4857,COc1ccc(/C=N/NC(=O)c2ccc(Nc3ccccc3C(=O)N/N=C/c3ccc(OC)c(OC)c3)cc2)cc1OC,-29.56,0
M2R-decoy_10338,N#C/C(=C\c1ccc(Br)cc1)n1nnc2ncccc21,-29.55,0
M2R-decoy_2716,COc1cc2c(O[C@@H]3OC[C@@H](OC)[C@H](OC)[C@H]3OCCCCCCCC[NH+]3CCOCC3)c3c(c(c4ccc5c(c4)OCO5)c2cc1OC)C(=O)OC3,-29.55,0
M2R-decoy_3626,CCOc1ccc(N2CCN(C(=O)CNc3ccc(C(C)=O)cc3)CC2)cc1,-29.54,0
M2R-decoy_4453,C=C/[N+]([O-])=N/CCCCCCCCn1cc(CCBr)nn1,-29.54,0
M2R-decoy_4732,C[C@]1(CS(=O)(=O)N2CCC(Oc3ccc(OCc4ccc(S(C)(=O)=O)cc4)cc3)CC2)NC(=O)NC1=O,-29.54,0
M2R-decoy_5583,CCCCc1sc(c2nccs2)nc1C(=O)NCCCCC(=O)NO,-29.54,0
M2R-decoy_5631,C=C(C)[C@H]1[C@@H]2C(=O)O[C@H]1[C@@H](OC(=O)CCCCCCCCCCC)[C@]1(C)[C@@]2(O)[C@H]2O[C@H]2[C@]12CO2,-29.54,0
M2R-decoy_6421,O=C(C1CCN(S(=O)(=O)c2ccc(Br)s2)CC1)N1CCN(c2ccc(F)cc2)CC1,-29.54,0
M2R-decoy_6682,O=C(CN1CCC[C@H](NS(=O)(=O)c2ccc3cc(Cl)ccc3c2)C1=O)N1CCC(c2cccnc2)C1,-29.54,0
M2R-decoy_1466,NC(=O)CC(CC(=O)OCc1ccccc1)c1ccccc1,-29.53,0
M2R-decoy_1422,O=C(CSc1nnc(Cc2ccccc2)o1)c1ccccc1,-29.53,0
M2R-decoy_2120,CCCCCN(C[C@@H](O)[C@H](Cc1ccccc1)NC(=O)O[C@@H]1CCOC1=O)S(=O)(=O)c1ccc2ncsc2c1,-29.52,0
M2R-decoy_1498.1,O=S(=O)(NCCc1c[nH]cn1)c1cc(Cl)ccc1Cl,-29.52,0
M2R-decoy_3819,C=CC(=O)NCCC[C@H](NC(=O)OCc1ccccc1)C(=O)N1CCN(S(=O)(=O)c2cccc3c(N(C)C)cccc23)CC1,-29.52,0
M2R-decoy_5513,COC(=O)[C@@]1(Cc2ccc(F)cc2)[C@H]2c3cc(C(=O)N(C)C)n(CCSCCO)c3C[C@H]2CN1C(=O)c1ccccc1,-29.52,0
M2R-decoy_7696,O=C(Nc1ccc(/C=C/c2ccc(NC(=O)[C@@H]3[C@H]4CCC[C@H]4CN3C(=O)OCc3ccccc3)cc2)cc1)[C@@H]1[C@H]2CCC[C@H]2CN1C(=O)OCc1ccccc1,-29.52,0
M2R-decoy_5064,CC(C)C[C@@H](NC(=O)[C@H](Cc1ccccc1)NC(=O)[C@H](Cc1ccccc1)NC(=O)OC(C)(C)C)[C@H](O)CSc1ccccc1,-29.51,0
M2R-decoy_6847,C=CC(C)(C)c1[nH]c2ccccc2c1/C=C1\NC(=O)C2(C=C3c4cc(O)cc(OC)c4C(=O)c4c(O)cc(C)c(c43)O2)NC1=O,-29.51,0
M2R-decoy_694,CC(NC(=O)n1sc2c(ccc[n+]2[O-])c1=O)c1ccc2c(c1)OCCO2,-29.51,0
M2R-decoy_6539,CC1(C)O[C@@H]2[C@@H](O1)[C@@H](Cc1ccccc1)N(CC#Cc1cncnc1)C(=O)N(CC#Cc1cncnc1)[C@@H]2Cc1ccccc1,-29.51,0
M2R-decoy_9113,C=C1[C@@H](OC(=O)CCCCc2ccccc2)CC[C@@]2(C)C[C@H](OC(C)=O)C3=C(C)CC[C@@H]([C@@H](OC(C)=O)[C@H]12)C3(C)C,-29.51,0
M2R-decoy_11359,CCc1nnc2ccc(N3CCN(S(=O)(=O)c4ccc(Cl)s4)CC3)nn12,-29.5,0
M2R-decoy_3698,CC(=O)Oc1ccc(C[C@H](NC(=O)C(CSC(C)=O)C(C)c2ccc(F)c(F)c2)C(=O)OCc2ccccc2)cc1,-29.5,0
M2R-decoy_6752,CCOc1ccc(Cc2cc([C@@H]3O[C@H](/C=N/NC(=O)c4ccncc4)[C@@H](O)[C@H](O)[C@H]3O)ccc2Cl)cc1,-29.5,0
M2R-decoy_9224,N#CC(=C(/N)Sc1cccs1)/C(C#N)=C(\N)Sc1cccs1,-29.5,0
M2R-decoy_1052,Cc1cccc(CNC(=O)c2cnc3sc(N4CCOCC4)nn3c2=O)c1,-29.49,0
M2R-decoy_2414,Cc1cc(C(=O)N/N=C/c2ccc(N(C)C)o2)cs1,-29.49,0
M2R-decoy_6220,CC(=O)C1=C(C)N(c2cccc(C(F)(F)F)c2)C(=O)N(C)C1c1ccc(C#N)cc1C(=O)N1CCn2ccnc2C1,-29.49,0
M2R-decoy_6880.1,NS(=O)(=O)c1ccc(CNC(=O)[C@H]2Cc3ccccc3CN2C(=O)c2cc(Cl)c(O)cc2O)cc1,-29.49,0
M2R-decoy_857,CC(C)(C)C1CCC(=NNC(=O)C(=O)NCc2cccnc2)CC1,-29.49,0
M2R-decoy_10182,O=C(Cn1nc(Br)nc1Br)N1CCCC1,-29.48,0
M2R-decoy_10259,O=C(Oc1nsnc1N1CCCCCC1)N1CCCCC1,-29.48,0
M2R-decoy_3597,C[NH+](C)CCCS(=O)(=O)Cc1ccc(Br)cc1,-29.48,0
M2R-decoy_3295,Cn1c(SCC(=O)OCC(=O)c2ccccc2)nnc1c1cccs1,-29.48,0
M2R-decoy_8369,CC(C)[C@H](NC(=O)OCc1ccccc1)C(=O)N1CCC[C@H]1C(=O)N[C@H](C(=O)C(F)(F)CNC(=O)OC(C)(C)C)C(C)C,-29.48,0
M2R-decoy_1348,Cc1ccc(c2cnc3nc4sc(C)c(C)c4c(=O)n3n2)cc1,-29.47,0
M2R-decoy_10196,Cc1nnsc1C1=[NH+]NC2SC(C(Cl)(Cl)Cl)=NN12,-29.47,0
M2R-decoy_3258,CCOc1ccc(c2nnc(SCC(=O)N(CC)c3cccc(C)c3)o2)cc1,-29.47,0
M2R-decoy_4752,COc1ccccc1S(=O)(=O)N(C)C[C@@H]1Oc2cc(/C=C/c3ccccc3)ccc2S(=O)(=O)N([C@H](C)CO)C[C@H]1C,-29.47,0
M2R-decoy_3435,O=C(OC(Cn1ccnc1)c1ccc(Cl)cc1)c1ccccc1,-29.47,0
M2R-decoy_5361,NS(=O)(=O)c1ccc(CCOC(=O)C(F)(F)C(F)(F)C(F)(F)C(F)(F)C(F)(F)C(F)(F)C(F)(F)C(F)(F)F)cc1,-29.47,0
M2R-decoy_591,Cn1c(=O)[nH]c(=O)c2c1nc(S)n2Cc1ccc(Cl)cc1,-29.47,0
M2R-decoy_6029,CC(=O)O[C@H]1[C@@H](O)C[C@@H](C)[C@]23OC(C)(C)[C@H](C[C@H](OC(=O)c4ccccc4)[C@]12COC(=O)c1ccccc1)[C@H]3OC(=O)c1ccccc1,-29.47,0
M2R-decoy_623,CC(=O)NN1C(=O)/C(=C\c2ccc(Br)o2)SC1=S,-29.47,0
M2R-decoy_6590,CC(=O)O[C@H]1C=C2c3cc4c(c(OCc5ccc6ccccc6c5)c3C(=O)N[C@H]2[C@H](OC(C)=O)[C@@H]1OC(C)=O)OCO4,-29.47,0
M2R-decoy_793,O=C(c1nc2ccccc2s1)N1CCSCC1,-29.47,0
M2R-decoy_922,Nc1c(Cl)cc(S(N)(=O)=O)cc1Br,-29.47,0
M2R-decoy_3595,CC(=O)N[C@H](COc1ccccc1)C(=O)NCc1ccccc1,-29.46,0
M2R-decoy_4265,COc1ccc(C(C(=O)NC2CCCCC2)N(CC2CCCO2)C(=O)CCCC(=O)Nc2ccccn2)cc1,-29.46,0
M2R-decoy_5300,CC(C)S(=O)(=O)N1CCN(c2ccc(OC[C@@H]3CO[C@@](Cn4ccnc4)(c4ccc(Cl)cc4Cl)O3)cc2)CC1,-29.46,0
M2R-decoy_54.1,CCSc1nnc(NC(=O)NCC(F)(F)F)s1,-29.46,0
M2R-decoy_5413,CC(=O)c1nn(CC(=O)N2[C@H](C(=O)N[C@H](C)[C@H]3CC3(Cl)Cl)C[C@H]3C[C@H]32)c2ccc(OCc3ccn(C)n3)cc12,-29.46,0
M2R-decoy_7548.1,Nc1ccc(S(=O)(=O)N2CCN(c3ncc(C(O)(C(F)(F)F)C(F)(F)F)cc3c3ccc4ocnc4c3)CC2)cn1,-29.46,0
M2R-decoy_9459,CN(CCc1ccccc1)C(=O)CSc1ccc(OCC(=O)COc2ccc(C(=O)[O-])cc2)cc1,-29.46,0
M2R-decoy_11452,CC(C)(C)OC(=O)N1CCN(C(=S)SCc2cn(Cc3c(F)cccc3F)nn2)CC1,-29.45,0
M2R-decoy_1277,C/C(=N\NC(=O)c1ccc(Br)cc1)c1cnccn1,-29.45,0
M2R-decoy_3985,COc1cc([C@@H]2c3cc4c(cc3C=C(C=O)[C@H]2C(=O)OCCCCCCn2cnc3c(Cl)ncnc32)OCO4)cc(OC)c1OC,-29.45,0
M2R-decoy_4053,COc1cc(/C=C/C(=O)N[C@@H](CCCCCC(=O)NO)C(=O)Nc2cccc3cccnc23)cc(OC)c1OC,-29.45,0
M2R-decoy_3138.1,COc1cccc(n2c(S)nnc2Cn2nc(C(F)F)cc2C(F)F)c1,-29.45,0
M2R-decoy_852,Cc1cc(C)n(C(=O)CNC(=O)c2ccccc2Br)n1,-29.45,0
M2R-decoy_10525,O=c1/c(=C\c2ccccc2Cl)sc2n1CN(c1ccc(Cl)cc1)CN=2,-29.44,0
M2R-decoy_10640,Brc1nc(Br)n(Cc2ccccc2)n1,-29.44,0
M2R-decoy_4742,CC(=O)OC[C@H]1O[C@@H](SCc2nnn(c3ccccc3)c2I)[C@H](OC(C)=O)[C@@H](OC(C)=O)[C@@H]1OC(C)=O,-29.44,0
M2R-decoy_8103,COc1ccc(S(=O)(=O)N2Cc3cc(c4ccc(C#N)o4)ccc3N(Cc3cncn3C)C[C@H]2Cc2ccc(OC(=O)NCc3ccccc3)cc2)cc1,-29.44,0
M2R-decoy_10459,CC(C)CN1C(=S)SC(C)(C)C1n1oc(=O)n(c2ccc(Cl)cc2)c1=O,-29.43,0
M2R-decoy_11326,Cc1ccnc(S(=O)(=O)N2CC(C(=O)N3CCN(c4ccncc4)CC3)C2)c1,-29.43,0
M2R-decoy_4735,CCS(=O)(=O)c1ccc(CNc2nc3cnc(c4c(OC)ncnc4C4CC4)nc3n(c3ccccc3)c2=O)nc1,-29.43,0
M2R-decoy_7337.1,C[C@H]1[C@H]2[C@H](C[C@H]3[C@@H]4CC=C5C[C@@H](O[C@@H]6O[C@H](CO)[C@@H](O)[C@H](O)[C@H]6NC(=O)C(F)(F)F)CC[C@]5(C)[C@H]4CC[C@@]32C)O[C@]12CC[C@@H](C)CO2,-29.43,0
M2R-decoy_901,Cc1ccc(N2NC3(CCN(C(N)=O)CC3)NC2=O)cc1,-29.43,0
M2R-decoy_2167,O=C(CCC(=O)OCCCCCCSc1ccc([N+](=O)[O-])c2nonc12)Nc1ccc(F)c(Cl)c1,-29.42,0
M2R-decoy_5159,CCOC(=O)CCCOc1ccc2c(c1)CN1C(=S)N(c3cnc(C#N)c(C(F)(F)F)c3)C(=O)C1C2,-29.42,0
M2R-decoy_7326.2,COc1ccc2c(c1)C1(C(=O)N2Cc2ccccc2)C(C#N)=C(N)Oc2cc3oc(c4ccccc4)cc(=O)c3c(O)c21,-29.42,0
M2R-decoy_7702,C[C@H]1CN([C@@H](C)CO)C(=O)c2cc(NC(=O)Nc3ccccc3)ccc2O[C@H](C)CCCCO[C@H]1CN(C)S(=O)(=O)c1ccc(F)cc1,-29.42,0
M2R-decoy_8392,CCc1nc2ccc(C(=O)N(CC(C)C)C[C@@H](O)[C@H](Cc3ccccc3)NC(=O)OCc3cncs3)cc2o1,-29.42,0
M2R-decoy_454,CSC1=N/C(=C\c2cccc(F)c2)C(=O)S1,-29.41,0
M2R-decoy_5544,CCOC(c1ccc(N(C)S(=O)(=O)c2ccccc2)cc1)c1cccn1CCOC,-29.41,0
M2R-decoy_734,CCc1nn(C)c(Cl)c1C[NH+]1CCN(c2ccc(Cl)nn2)CC1,-29.41,0
M2R-decoy_1147,CNc1ncnc2c1N=C(c1ccc(Br)cc1)CO2,-29.4,0
M2R-decoy_1870,CC(C)C[C@@H](C(=O)NCc1ccc(Cl)cc1)N1C(=O)[C@@H](N2C(=O)OC[C@@H]2c2ccccc2)[C@H]1/C=C/c1ccccc1,-29.4,0
M2R-decoy_4189,O=Cc1ccc(OCCCCc2cn(CCOc3cccc4c(=O)cc(c5ccccc5)oc34)nn2)cc1,-29.4,0
M2R-decoy_6810,C[C@@H]1CN([C@H](C)CO)S(=O)(=O)c2ccc(C#Cc3cccc(F)c3)cc2O[C@@H]1CN(C)C(=O)NC1CCCCC1,-29.4,0
M2R-decoy_7380,CC(=O)N1CCC(C(=O)N2C[C@H](c3ccccc3)[C@@H](C(=O)N(C)Cc3cc(C(F)(F)F)cc(C(F)(F)F)c3)C2)CC1,-29.4,0
M2R-decoy_8883,CCOC(=O)c1ccc(OC(=O)c2ccc(C(CC)(CC)c3ccc(OCC(O)C(C)(C)C)c(C)c3)n2CC)cc1,-29.4,0
M2R-decoy_986.1,O=S(=O)(Nc1cnn(C2CCOCC2)c1)c1ccc2c(c1)CCO2,-29.4,0
M2R-decoy_1911,Cc1ccc(S(=O)(=O)NCc2ccc(C(=O)NCCc3ccc(S(N)(=O)=O)cc3)cc2)cc1,-29.39,0
M2R-decoy_2215,CC(=O)c1ccc(CC[C@H](O)/C=C/[C@H]2[C@H](O)C[C@H](O)[C@@H]2C/C=C\CCCC(=O)OC(C)C)cc1,-29.39,0
M2R-decoy_2756,CCCCCN(CC(=O)Nc1cc(C(C)(C)C)nn1c1ccc(Cl)c(Cl)c1)C(=O)c1ccc2c(c1)OCO2,-29.39,0
M2R-decoy_2933,COc1ccc(C(=O)N(c2ccc(OC)cc2)S(=O)(=O)c2cccs2)cc1,-29.39,0
M2R-decoy_1090,N#Cc1cccc(NC(=O)Cn2cnc(S(=O)(=O)N3CCc4ccccc43)c2)c1,-29.38,0
M2R-decoy_11033,Ic1ccccc1c1nsc(c2ccccc2I)n1,-29.38,0
M2R-decoy_1002.1,COc1cccc(NS(=O)(=O)c2ccc3c(c2)C=CS3(=O)=O)c1,-29.38,0
M2R-decoy_1886.1,CCC(Cc1ccccc1)c1cc(O)c(C(c2cccc(NS(=O)(=O)c3ccccc3)c2)C2CC2)c(=O)o1,-29.38,0
M2R-decoy_7504,N#Cc1ccc(N2CCc3c(sc(NC(=O)c4cc(S(=O)(=O)N5CCOCC5)c(Cl)cc4Cl)c3C#N)C2)cc1,-29.38,0
M2R-decoy_7728.1,N#Cc1c(=O)[nH]c(SCc2ccc(c3nn4c(nnc4c4c(Cl)cccc4Cl)s3)cc2)nc1c1c(Cl)cccc1Cl,-29.38,0
M2R-decoy_8776,C/C(=N\Nc1nc2ccccc2s1)c1ccc(c2cccc(S(=O)(=O)NC(=O)CCCCCc3ccccc3)c2)o1,-29.38,0
M2R-decoy_2360,CCCc1nnc(SCC(=O)NC2CC2)n1CC,-29.37,0
M2R-decoy_4070,CC(C)CN([C@H](CO)CCCCNC(=O)N(Cc1ccc2c(c1)OCO2)Cc1cccs1)S(=O)(=O)c1ccc(N)cc1,-29.37,0
M2R-decoy_4868,CSc1ccc(/C=C2/C(C)=C(CC(=O)OCC(CO[N+](=O)[O-])(CO[N+](=O)[O-])CO[N+](=O)[O-])c3cc(F)ccc32)cc1,-29.37,0
M2R-decoy_6010,CCOC(=O)/C=C/C(=O)N[C@@H](CCC(=O)NC(c1ccccc1)(c1ccccc1)c1ccccc1)C(=O)OC,-29.37,0
M2R-decoy_1943,NS(=O)(=O)c1ccc(CCN(Cc2ccc(Cl)cc2)C(=O)Cn2cc(F)c(=O)[nH]c2=O)cc1,-29.36,0
M2R-decoy_2406,C=CCOC(=O)COc1ccc2c(C)c(CC)c(=O)oc2c1,-29.36,0
M2R-decoy_4185,Nc1ncnc2c1ncn2OCCOCP(=O)(OCc1ccc(Cl)cc1)OCc1ccc(Cl)cc1,-29.36,0
M2R-decoy_4801,CCS(=O)(=O)c1ccc(CNc2nc3nnc(c4c(OC)ncnc4C4CC4)cc3n([C@@H](C)C3CC3)c2=O)nc1,-29.36,0
M2R-decoy_8264.1,CC(C)C[NH+](Cc1ccc(OCCN2C(=O)CCC2=O)c(F)c1)[C@H](CC(=O)[O-])c1ccc(Cl)c(F)c1,-29.36,0
M2R-decoy_2057,CCCCn1c(SCC(=O)Nc2ccc(S(=O)(=O)N3CCCC3)cc2)ncc1c1ccc(F)cc1,-29.35,0
M2R-decoy_238,O=c1[nH]c2ncc(Cl)c(Br)c2[nH]c1=O,-29.35,0
M2R-decoy_1652,CCc1cccc(C)c1NC(=O)COC(=O)Cn1c(C)csc1=O,-29.35,0
M2R-decoy_3811,CCOc1ccc(NC(=O)Cn2c(=O)n(CCCCC(=O)NCc3ccc4c(c3)OCO4)c(=O)c3ccccc32)cc1,-29.35,0
M2R-decoy_4324,COc1ncc(c2cccc(OC)c2CCNC(=O)c2ccc(OCCC(F)(F)F)nc2)cn1,-29.35,0
M2R-decoy_983,COc1cc(/C=C/C(=O)c2c(C)[n+]([O-])c3ccccc3[n+]2[O-])ccc1O,-29.35,0
M2R-decoy_9878,O=C1CSC(/C=C/c2ccccc2)N1c1nc2cc3sc(N4C(=O)CSC4/C=C/c4ccccc4)nc3cc2s1,-29.35,0
M2R-decoy_1816.1,CS(=O)(=O)c1ccc(c2ccccc2)c(S(=O)(=O)c2cnc(C[NH3+])s2)c1,-29.34,0
M2R-decoy_2413,[O-][S+](CCCCN=C=S)c1ccccn1,-29.34,0
M2R-decoy_3250,CCN(CC)C(=O)Cc1c(c2ccc(C#CCCCF)cc2)nn2c(C)cc(C)nc12,-29.34,0
M2R-decoy_6157,Cn1cnc(S(=O)(=O)N(Cc2ccccc2F)C2Cc3cc(C#N)ccc3N(Cc3cncn3C)C2=O)c1,-29.34,0
M2R-decoy_3091,COc1ccc(C(=O)N(C)c2nc(c3cc(OC)c(OC)c(OC)c3)cs2)cc1,-29.33,0
M2R-decoy_9112,C[C@H](S[C@H](CCc1ccccc1C(C)(C)O)c1cccc(/C=C/c2ccc3ccc(Cl)cc3n2)c1)[C@@H](C)C(=O)[O-],-29.33,0
M2R-decoy_10980,C=C1C(=O)O[C@H]2[C@H]1CC/C(COC(=O)/C=C/c1c(Cl)cccc1Cl)=C\CC[C@@]1(C)O[C@@H]21,-29.32,0
M2R-decoy_1017,C=CC(=O)N1CCC[C@@H](n2nc(C#CCNc3ccccc3)c3c(N)ncnc32)C1,-29.32,0
M2R-decoy_3209,N#CC(c1ccc([N+](=O)[O-])cc1)C(CC(=O)c1ccccc1)c1ccccc1,-29.32,0
M2R-decoy_3283,C=CCN(C(=O)Cn1c(C(=O)OC)cc2oc(C)cc21)c1ccccc1,-29.32,0
M2R-decoy_6112,COCCN(CCOC)c1cccc2nc(Nc3c(C)cc(Br)cc3OC)n(C)c12,-29.32,0
M2R-decoy_51,ClCCc1nnc(Cn2cnc3ccccc32)o1,-29.32,0
M2R-decoy_8571,O=C(N[C@@H](CCc1ccccc1)CNc1ccc(OC(F)(F)F)cc1)O[C@@H](CC1CCCCC1)C(=O)N1CCOCC1,-29.32,0
M2R-decoy_8848,COC(=O)/C=C/c1cccc(N(Cc2ccc(/C=C/C(=O)OC(C)(C)C)cc2OCc2ccccc2)C(=O)C2CCCCC2)c1,-29.32,0
M2R-decoy_1236,CC1Sc2sccc2-c2nc(n3cn[nH]c3=O)sc21,-29.31,0
M2R-decoy_2753.1,COC(=O)N[C@H](C(=O)N[C@@H](Cc1ccccc1)[C@H](CN(Cc1ccc(c2ccccn2)cc1)NC(=O)[C@@H](NC(=O)OC)C(C)(C)C)OC(=O)C[NH3+])C(C)(C)C,-29.31,0
M2R-decoy_4206,CCN(CC)c1ccc(N=Nc2ccc(S(=O)(=O)N(C)C)cc2)c(S(=O)(=O)NCC[n+]2ccccc2)c1,-29.31,0
M2R-decoy_1347,O=C1c2cc(Br)ccc2OC2C=CC=CC12,-29.3,0
M2R-decoy_4487,O=S(=O)(NCCCCCCCc1c[nH]cn1)NCc1ccc(Cl)cc1,-29.3,0
M2R-decoy_1377,O=C(CSC(=S)N1CCCCC1)Nc1ncc2c(n1)CCCC2=O,-29.29,0
M2R-decoy_1612,CCOc1ccc(S(=O)(=O)N2CCN(C(=O)C3CC3C)CC2)cc1,-29.29,0
M2R-decoy_3611,CCCOC(=O)CCc1ccc(/C(C)=N/NC(N)=S)cc1,-29.29,0
M2R-decoy_7066,CC1=C(C(=O)Nc2ccccc2)C(c2ccc(C(=O)[O-])cc2)n2nc(SCC(=O)c3ccc(C)cc3)nc2N1,-29.29,0
M2R-decoy_10824,CC(Br)C1=C(Br)C(=C(Br)Br)OC1=O,-29.28,0
M2R-decoy_284,CC(C)(C)C(=O)NC(=S)Nc1ccccc1F,-29.28,0
M2R-decoy_5551,CCCCCCCc1nc(c2ccc([C@@H](NC(=O)[C@H]3[NH2+]CC[C@@H]3O)C(C)C)cc2)no1,-29.28,0
M2R-decoy_7085.1,CS(=O)(=O)c1cccc(C2(O)CCN(C(=O)c3ccc(NS(=O)(=O)c4cccc5cccnc45)cc3)CC2)c1,-29.28,0
M2R-decoy_9910,COc1cc([C@@H]2c3cc4c(cc3[C@H](OC(=O)c3ccc5nc(C)ccc5c3)[C@H]3COC(=O)[C@H]23)OCO4)cc(OC)c1OC,-29.28,0
M2R-decoy_10370,Cc1nnc(SC2CC(=O)N(c3ccc(Br)cc3)C2=O)s1,-29.27,0
M2R-decoy_10245,Oc1nnc(Br)c2c(Br)nc(Br)n12,-29.27,0
M2R-decoy_1929,Cc1ccc(NS(=O)(=O)Cc2ccccc2)c(=O)n1CC(=O)NC/C=C/c1cnc(N)s1,-29.27,0
M2R-decoy_2587,O=C(NCCOc1nc(Cl)nc(Nc2ccc(N3CCOCC3=O)cc2)n1)C1CCCN1C(=O)OCc1ccccc1,-29.27,0
M2R-decoy_2869,CCc1cc(CC)nc(OCCCn2c3c(c4cc(c5nc(C)no5)ccc42)C(=O)CCC3)n1,-29.27,0
M2R-decoy_3386,C=CCOc1ccccc1CN(CCc1ccccc1)C(=O)c1cccc(S(C)(=O)=O)c1,-29.27,0
M2R-decoy_5885,C/C(=N\NC(=O)Cn1nc(C)c(Br)c1C)c1cccs1,-29.27,0
M2R-decoy_9585,O=S1(=O)CCOC(CO)CN1Cc1ccc(Cl)c(Cl)c1,-29.27,0
M2R-decoy_10693,O=C(OC1CS[S+]([O-])C1)c1ccc(Br)cc1,-29.26,0
M2R-decoy_1075,Cc1ccc(S(=O)(=O)NCC(=O)N2CCN(c3ccc(F)cc3)CC2)cc1,-29.26,0
M2R-decoy_1986,C[C@H](NC(=O)[C@H](Cc1ccccc1)NC(=O)c1ccccc1)C(=O)N[C@H](C(=O)C(=O)NC1CCCCC1)C(C)(C)C,-29.26,0
M2R-decoy_2093,Cc1cccc(C)c1N(C)CC(=O)N[C@@H](Cc1ccccc1)C[C@H](O)[C@H](Cc1ccccc1)NC(=O)O[C@H]1COC2OCCC21,-29.26,0
M2R-decoy_5071,CC(C)C[C@H](NC(=O)[C@@H](NC(=O)OCc1ccc([N+](=O)[O-])cc1)C(C)C)C(=O)N[C@@H](C[C@@H]1CCNC1=O)C(=O)c1nccs1,-29.26,0
M2R-decoy_9049,O=C(NCCc1nccs1)c1cnc2c(SSc3cccc4cc(C(=O)NCCc5nccs5)cnc34)cccc2c1,-29.26,0
M2R-decoy_994,O=C1CC(Nc2ccccc2)C(=O)N1c1ccc(N2CCOCC2)cc1,-29.26,0
M2R-decoy_7139,NC(=O)C(=O)C(CC1CCC1)NC(=O)[C@@H]1[C@@H]2[C@H](CN1C(=O)[C@@H](NC(=O)NC1CCCCC1)C1CCCCC1)C2(Cl)Cl,-29.25,0
M2R-decoy_6606,CNC(=O)[C@@]12C[C@@H]1[C@@H](n1cnc3c(NCc4cccc(Cl)c4)nc(C#C[Si](C)(C)C)nc31)[C@H](O)[C@@H]2O,-29.25,0
M2R-decoy_1420,C=C(C)COCC(Cn1cncn1)c1ccc(Cl)cc1Cl,-29.24,0
M2R-decoy_1432,CC(C)C(O)c1ccc(OCCCc2c[nH]cn2)cc1,-29.24,0
M2R-decoy_4435,C[C@H](NC(=O)C(C)(C)Oc1ccc(C#N)cn1)[C@@H](Cc1ccc(OCCF)cc1)c1cccc(C#N)c1,-29.24,0
M2R-decoy_5244,CC(C)C1=CC[C@H](Cn2cc(CN(c3ncccn3)S(=O)(=O)c3ccc(N)cc3)nn2)[C@@]12C=CC(=O)CC2,-29.24,0
M2R-decoy_7897,CC(=O)OC(C)(C)CCC(=O)[C@](C)(O)[C@H]1[C@H](O)C[C@@]2(C)[C@@H]3C[C@@H](O)[C@]4(OC(=O)c5cccc(Cl)c5)[C@@H](C[C@H](O)[C@@H](O)C4(C)C)[C@]3(C)C(=O)C[C@]12C,-29.24,0
M2R-decoy_9620,Cc1cc(C)cc(OCCCCn2cncn2)c1,-29.24,0
M2R-decoy_10485,O=C(c1c(F)cccc1F)N1CCN(c2ncc(Br)cn2)CC1,-29.23,0
M2R-decoy_10855,COc1ccc2cc(C(C)c3nc4s/c(=C\c5ccc(OC(C)=O)cc5)c(=O)n4n3)ccc2c1,-29.23,0
M2R-decoy_4693,Cc1ccc(S(=O)(=O)N2CCC(=O)N(CCOCc3ccc(Cl)cc3)CC2)cc1,-29.23,0
M2R-decoy_952,O=C(CNC(=O)C1CCCCC1)NNC(=O)c1ccc(Cl)cc1Cl,-29.23,0
M2R-decoy_10706,Cc1noc2ncnc(N3CCN(c4ccccc4F)CC3)c12,-29.22,0
M2R-decoy_2421,O=C(CCSc1nc2cnccc2o1)N1CCCC1,-29.22,0
M2R-decoy_4494,CC(=O)NC(CC(=O)OCC(=O)NCCc1ccccc1)c1ccccc1,-29.22,0
M2R-decoy_6884,CNC(=O)c1ccc(c2cc3cccc(c4nn(C5CCOCC5)c5c4CN(C(C)=O)CC5)c3cn2)cn1,-29.22,0
M2R-decoy_9730,Cc1nn(c2ccccc2)c2nc(n3[nH]c(=O)c(C#N)c3c3ccc(Cl)cc3)nc(c3ccc(Cl)cc3)c12,-29.22,0
M2R-decoy_10390,CC1(OC(=O)C2CCCC2)C(=O)C=C2C=C(c3ccsc3)OC=C2C1=O,-29.21,0
M2R-decoy_428,O=c1c(=O)c2c(Br)sc(Br)c2c1=O,-29.21,0
M2R-decoy_6872,Cc1cccc(N(C(=O)c2snc(C(N)=O)c2N)C(C(=O)NCc2ccccc2)c2ccncc2)c1,-29.21,0
M2R-decoy_2257,CCOC(=O)CSc1nnc(CSc2nc(C)cc(C)n2)n1Cc1ccco1,-29.2,0
M2R-decoy_1775,O=C(Cc1ccccc1)Nc1ccccc1c1cn2c(C[NH+]3CC[NH2+]CC3)csc2n1,-29.2,0
M2R-decoy_4393,COc1ccc(CN(CC(=O)NCc2ccco2)C(=O)CNS(=O)(=O)c2ccc(C)cc2)cc1,-29.2,0
M2R-decoy_708,Cn1ccnc1C[NH+]1CCC2(CC1)COCCN(c1ncccn1)C2,-29.2,0
M2R-decoy_8343,CCCCCCNC(=O)Oc1ccc(C[C@@H]2CN(Cc3cncn3C)c3ccc(C#N)cc3CN2S(=O)(=O)c2ccc(OC)cc2)cc1,-29.2,0
M2R-decoy_1142,O=C(Nc1nc2c(Cl)ccc(Cl)c2s1)C1=COCCO1,-29.19,0
M2R-decoy_10,O=C(CSc1ccc(c2ccncc2)nn1)N1CCCC1,-29.19,0
M2R-decoy_3760,CCC(C)(C)NC(=O)C(c1ccc(OC)cc1)N(Cc1ccc(OC)cc1)C(=O)CCC(=O)Nc1cc(C)on1,-29.19,0
M2R-decoy_607,Cc1nnsc1C(=O)NNC(=S)Nc1ccccc1C(F)(F)F,-29.19,0
M2R-decoy_10188,Cc1cccc(N2CN=c3s/c(=C\c4ccccn4)c(=O)n3C2)c1,-29.18,0
M2R-decoy_1026,C[C@@]1(O)[C@H](O)[C@@H](CCl)O[C@H]1n1cnc2c(NC3CC4CCC3C4)ncnc21,-29.18,0
M2R-decoy_4323,Cn1cncc1CN(CCN(CC1CCCCC1)S(=O)(=O)c1ccccn1)c1ccc(C#N)cc1,-29.18,0
M2R-decoy_5422,CCS(=O)(=O)c1ccc(Oc2cccc(NCc3ccc(NC(C)=O)cc3)c2)c(c2cn(C)c(=O)c3cncn32)c1,-29.18,0
M2R-decoy_5771,CC(C)CC(NC(=O)C(NC(=O)C(Cc1ccc(OCc2ccccc2)cc1)NC(=O)OC(C)(C)C)C(C)C)C(N)=O,-29.18,0
M2R-decoy_673,CCOC(=O)[C@H]1C[C@]12C(=O)Nc1ccc(I)cc12,-29.18,0
M2R-decoy_4210,CCCc1nc2c(C)cc(C(=O)NCCc3ccc(OC)cc3)cc2n1Cc1ccc(c2ccccc2C(=O)NC2=NN=NN2)cc1,-29.17,0
M2R-decoy_9560,O=C(NCC(=O)N1CCCC1)c1ccc(Br)cc1,-29.17,0
M2R-decoy_10383,O=C(Cc1ccccc1Br)Oc1ccc2c(c1)OS(=O)(=O)CC2,-29.16,0
M2R-decoy_10678,O=C(c1nc2ncccn2n1)N1CCN(c2ccc(F)cc2)CC1,-29.16,0
M2R-decoy_10010,N#Cc1ccc(Nc2nc(Oc3ncnc4ccccc34)nc(N3CC[NH+](C(c4ccccc4)c4ccc(Cl)cc4)CC3)n2)cc1C(F)(F)F,-29.16,0
M2R-decoy_1812,OC[C@H]1O[C@@H](n2cnc3c(SCc4ccccc4Cl)ncnc32)[C@H](O)[C@@H]1O,-29.16,0
M2R-decoy_1961,CCCCNC(=O)CC(O)C(Cc1ccccc1)NC(=O)[C@@H](NC(=O)c1ccc(OC)cc1OC)C(C)C,-29.16,0
M2R-decoy_1979,CCN(Cc1ccn(C)n1)C(=O)CN(c1cc(N(C)C)ccc1Cl)S(=O)(=O)c1ccc(OC)c(OC)c1,-29.16,0
M2R-decoy_6032,O=C(c1cn(Cc2cccc(Oc3ccccc3)c2)nn1)N1CCN(S(=O)(=O)c2ccc(Br)cc2)CC1,-29.16,0
M2R-decoy_6488,O=C(CCCN1C(=O)c2ccc(I)cc2S1(=O)=O)Nc1ccc(C(=O)NO)cc1,-29.16,0
M2R-decoy_7229,CCOC(=O)C1=C(N)Oc2c(c(=O)oc3c(Br)cc(Cl)cc23)C1c1nc(OCc2ccccc2)c2ccccc2n1,-29.16,0
M2R-decoy_9795,C=C1C[C@@]2(C)[C@@H](CC[C@]3(C)[C@@H]2C(=O)C=C2[C@@H]4C[C@@](C)(C(=O)NCCNC(=O)C5(C(=O)Nc6ccc(F)cc6)CC5)CC[C@]4(C)CC[C@]23C)C(C)(C)C1=O,-29.16,0
M2R-decoy_181,COc1ccc2c(c1)C(=O)/C(=C/c1ccc(O)c(O)c1)O2,-29.15,0
M2R-decoy_5351,COc1ccc2nc(SCC(=O)N(Cc3ccc(OC)c(O)c3)c3cc(OC)c(OC)c(OC)c3)sc2c1,-29.15,0
M2R-decoy_5610,CC(C)OC(=O)CCC/C=C\C[C@H]1[C@@H](O)C[C@@H](O)[C@@H]1/C=C/[C@H](O)CCc1ccc(c2ccoc2)cc1,-29.15,0
M2R-decoy_6416,CC(=O)N1CCN(c2cc(Nc3ncc(C)c(Nc4cccc(CO)c4)n3)cc(S(C)(=O)=O)c2)CC1,-29.15,0
M2R-decoy_6502,CC(=O)NCCc1ccccc1c1noc([C@H]2C[NH2+]CC[C@]2(O)c2ccc(F)c(F)c2)c1Br,-29.15,0
M2R-decoy_6833,O=C(c1ccc(C(F)(F)F)nc1)N1CCC(NS(=O)(=O)c2cc(S(=O)(=O)c3ccccc3)ccc2C(F)(F)F)CC1,-29.15,0
M2R-decoy_2943,Cc1ccc(C2=NOC(COCc3nnc(c4ccc(Cl)cc4)o3)C2)cc1,-29.14,0
M2R-decoy_4047.1,Nc1nc2c(ncn2COCCOP(=O)(NC(Cc2ccccc2)C(=O)OCc2ccccc2)Oc2ccccc2)c(=O)[nH]1,-29.14,0
M2R-decoy_447,CN(C)C(=S)Sn1ccc2cc(F)ccc21,-29.14,0
M2R-decoy_8596,O=C(Cn1ccnn1)c1cccc(CN2C(=O)N(Cc3ccc4[nH]ncc4c3)[C@H](Cc3ccccc3)[C@H](O)[C@@H](O)[C@H]2Cc2ccccc2)c1,-29.14,0
M2R-decoy_4138,CC(C)C[C@H](NC(=O)OCc1ccc([N+](=O)[O-])cc1)C(=O)N[C@H](/C=C/S(=O)(=O)c1ccccc1)CCc1ccccc1,-29.13,0
M2R-decoy_3319,Cc1cc(CCCOc2c(C)cc(c3noc(C(C)C)n3)cc2C)on1,-29.13,0
M2R-decoy_5242,CC(=O)c1nn(CC(=O)N2[C@H](C(=O)NC[C@H]3CC3(Cl)Cl)C[C@H]3C[C@H]32)c2ccc(OCc3nccc(C)n3)cc12,-29.13,0
M2R-decoy_722,Nc1ncc(Br)c2c1ncn2[C@@H]1C=C(CO)[C@@H](O)[C@H]1O,-29.13,0
M2R-decoy_6785,CN1c2c(C(=O)Nc3ccc(NS(C)(=O)=O)cc3)nn(c3ccc(Cl)cc3)c2-c2ccccc2S1(=O)=O,-29.13,0
M2R-decoy_10798,CC(C)c1nc2cc(Cl)c(Cl)cc2nc1S(=O)(=O)CCC1OCCO1,-29.12,0
M2R-decoy_11380,Cc1ccc(NC(=O)Cn2c(=O)ccc3cc(S(=O)(=O)N4CCCC4)ccc32)cc1C,-29.12,0
M2R-decoy_1045,N#C[C@@H]1CCOC[C@H]1n1cc(C(N)=O)c(Nc2ccc(C(F)(F)F)nc2)n1,-29.11,0
M2R-decoy_387,CNC(=O)[C@H]1C[C@H]2CN(C(=O)Nc3ccc(F)cc3)C[C@@H]1O2,-29.11,0
M2R-decoy_452,Fc1cc(F)cc(C#Cc2n[nH]c3ccccc23)c1,-29.11,0
M2R-decoy_5155,Cn1cncc1CN1CC(N(CC(=O)OC(C)(C)C)S(=O)(=O)c2cccnc2)Cc2cc(C#N)ccc21,-29.11,0
M2R-decoy_9129,C/C(=C\CC[C@]1(C)CCc2cc(OCc3ccccc3)cc(C)c2O1)CC/C=C(\C)C(=O)OCc1ccccc1,-29.11,0
M2R-decoy_8442,COc1ccc(Cn2cc(CN(Cc3cn(S(=O)(=O)c4ccc(C)cc4)c4ccccc34)S(=O)(=O)c3ccc(C)cc3)nn2)c(OC)c1,-29.11,0
M2R-decoy_10893,CCOC(=O)C(C)N1C(C)C(c2ccccc2)Oc2cc(Br)ccc2S1(=O)=O,-29.1,0
M2R-decoy_2269,CCOc1ccc(Cc2nc3cc([N+](=O)[O-])ccc3n2CC[NH+](CC)CC)cc1,-29.1,0
M2R-decoy_2895,Cc1cccc2sc(N(CCCn3ccnc3)C(=O)C=Cc3cccs3)nc12,-29.1,0
M2R-decoy_5274,CCOC(=O)CCC(NC(=O)c1ccc(/N=C/c2nc3ccccc3nc2c2ccccc2)cc1)C(=O)OCC,-29.1,0
M2R-decoy_7011,O=C1CC(c2ccc(CC(NS(=O)(=O)c3c(Cl)cccc3Cl)c3nc4ccccc4[nH]3)cc2)S(=O)(=O)N1,-29.1,0
M2R-decoy_7710,CC(=O)OC[C@]1(C)[C@@H](OC(C)=O)CC[C@]2(C)[C@H]3[C@@H](O)c4c(cc(c5cccnc5)oc4=O)O[C@]3(C)[C@@H](OC(=O)c3cccc4ccccc34)C[C@H]21,-29.1,0
M2R-decoy_7762,C=C1[C@@H](OC(C)=O)CC[C@@]2(C)C[C@H](OC(=O)/C=C/c3ccccc3)C3=C(C)C[C@H](OC(=O)/C=C/c4ccccc4)[C@@H]([C@@H](OC(C)=O)[C@H]12)C3(C)C,-29.1,0
M2R-decoy_9395,COc1ccccc1C(=O)NCCCC[C@H](NC(=O)c1cncs1)c1ncc(c2ccc3ccccc3c2)[nH]1,-29.1,0
M2R-decoy_10381,O=S(=O)(c1ccc2c(c1)OCO2)N1CC[C@H](c2ccc(F)cc2)C1,-29.09,0
M2R-decoy_1902,CSCCC(NS(=O)(=O)/C=C/c1ccccc1)C(=O)NCCc1ccc(S(N)(=O)=O)cc1,-29.09,0
M2R-decoy_2499.1,Cc1cc(C)nc(N(C)CCn2ccnc2C)n1,-29.09,0
M2R-decoy_1658,C#CCSc1nc(Sc2ccccn2)c2nnn(Cc3ccccc3)c2n1,-29.09,0
M2R-decoy_5459,O=C([O-])CCc1ccc(OCc2ccc(C[NH+]3CCC4(CC3)CC(Cc3ccc(F)cc3)CCO4)cc2)cc1,-29.09,0
M2R-decoy_8286,COC1=C(N(CCc2ccccc2)NC(=O)[C@H](CC(C)C)NC(=O)OCc2ccccc2)C(=O)C1=O,-29.09,0
M2R-decoy_1384,CC(C)(C)OC(=O)N1CSC[C@@H]1C(=O)NCc1cccc(C#N)c1,-29.08,0
M2R-decoy_1731,CCOP(=O)(OCC)C(OC(=O)COc1cccc(C(F)(F)F)c1)c1ccc(Cl)cc1,-29.08,0
M2R-decoy_4474,CCCn1c(SCC(=O)NCCc2ccccc2)nnc1c1ccco1,-29.08,0
M2R-decoy_5558,CCCCCCNC(=O)Nc1ccc(S(=O)(=O)Nc2ccc(CC(C)(C)O)cc2)cc1,-29.08,0
M2R-decoy_661,O=C1C[C@H]2O[C@H]([C@@H](I)c3ccccc3)[C@H](O)[C@H]2O1,-29.08,0
M2R-decoy_8285,COc1ccc(C(C)=O)cc1CSc1nc2ccc(OCCC[NH+](C)C)cc2c(=O)n1Cc1ccco1,-29.08,0
M2R-decoy_6772,COc1ccccc1S(=O)(=O)N(C)C[C@@H]1OCc2ccccc2-c2ccccc2C(=O)N([C@H](C)CO)C[C@@H]1C,-29.08,0
M2R-decoy_9656,C#CCn1c(=O)c2c(ncn2CCCC(C)=O)n(C)c1=O,-29.08,0
M2R-decoy_3014,N#Cc1nc(c2ccc(COc3ccccc3)o2)oc1N1CCN(c2ccccc2)CC1,-29.07,0
M2R-decoy_6643,Cc1ccc(N2CCN(C(=O)C(NS(=O)(=O)c3ccc4c(c3)CCC(=O)N4)c3ccccc3)CC2)cc1,-29.07,0
M2R-decoy_8911,CC(C)CN(C[C@@H](O)[C@H](Cc1ccccc1)NC(=O)O[C@@H]1C[C@@H]2CO[C@@H]3OCC[C@H]1[C@H]23)S(=O)(=O)c1ccc2nc(NC3CC3)sc2c1,-29.07,0
M2R-decoy_10835,COc1ccc(N(C(=O)c2ccc(Br)o2)C2C=CS(=O)(=O)C2)cc1,-29.06,0
M2R-decoy_5580,C/C(=C(/CCO)SSC[C@@H]1CCCO1)N(C=O)Cc1cnc(C)nc1N,-29.06,0
M2R-decoy_8309,Cc1oc(c2ccccc2)nc1CCOc1ccc(C[C@@H](Nc2ccccc2C(=O)C2CCCCC2)C(=O)[O-])cc1,-29.06,0
M2R-decoy_11235,O=C(c1ccc(F)cc1)N1CCN(S(=O)(=O)c2ccc(Br)cc2)CC1,-29.05,0
M2R-decoy_2845,CCOc1ccc(C(C)=O)cc1CSc1nnc(c2cccs2)n1CC1CCCO1,-29.05,0
M2R-decoy_3305,CC(C)S(=O)(=O)c1nnc(COc2ccccc2)n1c1ccccc1,-29.05,0
M2R-decoy_9084,COC(=O)COc1ccc2c(c1)nc(C(C)c1ccc(CC(C)C)cc1)n2Cc1ccccc1C(F)(F)F,-29.05,0
M2R-decoy_10634,CC(=O)N1CCN(/N=C/c2c(Cl)nc3sccn23)C1=O,-29.04,0
M2R-decoy_10733,c1ccc(N2CCN(c3nc4ccccc4n4nnnc34)CC2)cc1,-29.04,0
M2R-decoy_11445,Cc1ccc(S(=O)(=O)c2nnn3c2nc(NCc2ccc(F)cc2)c2sccc23)cc1C,-29.04,0
M2R-decoy_4003,CCCCCCCCCCCCOCc1cn([C@H]2C[C@H](O)[C@@H](CI)O2)c(=O)[nH]c1=O,-29.04,0
M2R-decoy_422,CC(=O)N1N=C(c2ccc(Br)cc2)OC12CCCC2,-29.04,0
M2R-decoy_4922,CCC/C=C1/Oc2ccc(OC(=O)CCC(=O)OC(C)CCOc3no[n+]([O-])c3S(=O)(=O)c3ccccc3)cc2C1=O,-29.04,0
M2R-decoy_7232,CC(=O)N1CCN(C(=O)N2CC[C@](c3ccc(C(F)(C(F)(F)F)C(F)(F)F)cc3)(S(=O)(=O)c3ccc(F)c(C)c3)C2)CC1,-29.04,0
M2R-decoy_8625,C[C@@H](CC[C@H]1O[C@H]2C[C@H]3[C@@H]4CC[C@@H]5C[C@@H](OCc6ccccc6)CC[C@]5(C)[C@H]4CC[C@]3(C)[C@H]2[C@@H]1C)C(=O)NCc1cn(Cc2ccncc2)nn1,-29.04,0
M2R-decoy_9165,COc1cc(/C=C/c2ccc(NC(=O)[C@@H](NP(=O)(OC(C)C)OC(C)C)C(C)C)cc2)cc(OC)c1,-29.04,0
M2R-decoy_241,S=C(Nc1ccccc1Cl)N1CCOCC1,-29.03,0
M2R-decoy_3884,C=CCOCCn1c(SCc2ccc([S+](C)[O-])cc2)nc(c2ccc(F)cc2)c1c1ccnc(NC(C)=O)c1,-29.03,0
M2R-decoy_5691,CCOP(=O)(OCC)C(F)(F)CCCCCCCc1c[nH]c2c(=O)[nH]c(N)nc12,-29.03,0
M2R-decoy_4890,C/C=C1/[C@H](O[C@@H]2O[C@H](COC(C)=O)[C@@H](OC(C)=O)[C@H](OC(C)=O)[C@H]2OC(C)=O)OC=C(C(=O)OC)[C@H]1CC(=O)OCCc1ccc(F)cc1,-29.03,0
M2R-decoy_804,O=C1C=CC(=O)C1=Cc1ccc(Br)cc1,-29.03,0
M2R-decoy_9295,N#Cc1c(C(=O)NN2CCCCC2)nn(c2ccc(Cl)cc2Cl)c1c1ccc(I)cc1,-29.03,0
M2R-decoy_10248,O=c1s/c(=N\c2ccc(Br)cc2)n2n1CCCCC2,-29.02,0
M2R-decoy_2976,CN(CCC(c1ccccc1)c1ccccc1)C(=O)Oc1ccc([N+](=O)[O-])cc1,-29.02,0
M2R-decoy_3374,C=CCn1c(SCCOc2ccccc2)nnc1C(C)NC(=O)c1ccccc1,-29.02,0
M2R-decoy_5227,Cc1cccc(NS(=O)(=O)c2cc(C(=O)OC(C)C(=O)NCc3ccc4c(c3)OCO4)ccc2C)c1,-29.02,0
M2R-decoy_572.1,Cc1nc(N(C)C)cc(N2CCN(S(C)(=O)=O)CC2)n1,-29.02,0
M2R-decoy_7819,C=C1C(=O)[C@@]23[C@@H]([C@@H](O)C[C@@H]1[C@H]2O)[C@]12CCCC(C)(C)[C@H]1C[C@H]3O[C@@H]2OCCCn1cc(CN2C(=O)S/C(=C\c3ccc(F)c(F)c3)C2=O)nn1,-29.02,0
M2R-decoy_8323,O=C(N[C@@H](Cc1ccccc1)C(=O)N[C@H](COC(=O)c1ccccc1)Cc1ccccc1)OCc1ccccc1,-29.02,0
M2R-decoy_2922,O=C(CSc1nnc(CNC(=O)c2ccco2)o1)Nc1cccc(C(F)(F)F)c1,-29.01,0
M2R-decoy_4445,COc1ccc(NC(=O)CSCC(=O)NCCc2ccccn2)cc1,-29.01,0
M2R-decoy_1379,CC12CCC(=O)N1C(C(=O)Nc1nc(c3ccccc3)cs1)CS2,-29.0,0
M2R-decoy_2025,CCCc1oc2ccc(NS(=O)(=O)c3ccc(OCC)cc3)cc2c1C(=O)OCC,-29.0,0
M2R-decoy_3234,CCc1nc2c(OCC=C(C)C)cccn2c1N(C)C(=O)c1ccc(OC)cc1,-29.0,0
M2R-decoy_6060,Cc1ccc(S(=O)(=O)N[C@@H]2COC(=O)C/C=C\[C@@H](C)[C@@H](NS(=O)(=O)c3ccc(C)cc3)COC(=O)C/C=C\[C@H]2C)cc1,-29.0,0
M2R-decoy_7297,COC(=O)/C(C#N)=C\c1cccc(OCCCOC(=O)[C@]2(C)CC[C@]3(C)CC[C@]4(C)C5=CC=C6C(=CC(=O)C(O)=C6C)[C@]5(C)CC[C@@]4(C)[C@@H]3C2)c1,-29.0,0
M2R-decoy_10928,O=S(=O)(c1cc(Cl)cc(Cl)c1)N1Cc2cc(N3CCOCC3)ccc2-n2nncc2C1,-28.99,0
M2R-decoy_11269,O=S(=O)(c1ccc(Oc2ccc(F)c(Cl)c2)nc1)N1CCOCC1,-28.99,0
M2R-decoy_1452,CCCC(O)CC(=O)/C=C/c1ccc(O)c(OC)c1,-28.99,0
M2R-decoy_1953,CC(C)ON([C@H](CCNC(=O)OCc1ccccc1)C(=O)NO)S(=O)(=O)c1ccc(c2ccccc2)cc1,-28.99,0
M2R-decoy_2282,COc1ccccc1N(CCC#N)C(=O)COC(=O)/C=C/c1ccc(OC(F)F)cc1,-28.99,0
M2R-decoy_3783,O=S(=O)(c1ccccc1)c1ccc(C(Cc2cn(Cc3ccccc3)nn2)OCc2cn(Cc3ccccc3)nn2)cc1,-28.99,0
M2R-decoy_5252,Cc1ccc(S(=O)(=O)N2CCOCC2)cc1NC(=O)COC(=O)c1ccc(OCc2c(C)noc2C)cc1,-28.99,0
M2R-decoy_1385,CN(NC(=O)C(C)(C)C)c1nc(c2ccccc2)nnc1C(F)(F)F,-28.98,0
M2R-decoy_1861,CC[C@H](C)C(=O)O[C@H]1C[C@@H](C)C=C2C=C[C@H](C)[C@H](CC[C@@H]3C[C@H](CC(=O)NC)N(Cc4ccc5c(c4)OC(F)(F)O5)C(=O)O3)[C@H]21,-28.98,0
M2R-decoy_3688,CC[NH+](C/C=C/C#CC(C)(C)C)Cc1cccc(OCCCN(C)S(=O)(=O)c2cccs2)c1,-28.98,0
M2R-decoy_7277,CC(C(=O)NCc1ccc(C(F)(F)F)cc1N1CCN(c2cccc(C(F)(F)F)c2)CC1)c1ccc(NS(C)(=O)=O)c(F)c1,-28.98,0
M2R-decoy_848,Cn1ccnc1C(O)(c1nnc(c2ccccc2)o1)C(F)(F)F,-28.98,0
M2R-decoy_3694,COc1ccc(C(=O)Nc2ccc(C(=O)NS(=O)(=O)c3ccc(NCCSc4ccccc4)c([N+](=O)[O-])c3)cc2)cc1,-28.97,0
M2R-decoy_4364,CCOC(=O)C(CC)Sc1ccc2nnc(CCNS(=O)(=O)c3ccc(C)cc3)n2n1,-28.97,0
M2R-decoy_5243,COCCN(Cc1ccccc1)C(=O)c1cccc(S(=O)(=O)N2CCN(c3ccc(F)cc3)CC2)c1,-28.97,0
M2R-decoy_6168,CC(C)[C@@H]1NC(=O)CCCC/C=C/C=C/CCOC(=O)[C@@H]2CCCN(N2)C(=O)[C@H](Cc2cccc(O)c2)NC1=O,-28.97,0
M2R-decoy_5020,COC(=O)NCCOc1ccc(C[C@H](NC(=O)O[C@H]2CO[C@H]3OCC[C@@H]23)[C@H](O)CN(CC(C)C)S(=O)(=O)c2ccc3c(c2)OCO3)cc1,-28.97,0
M2R-decoy_6849,CC(=O)N[C@H]1[C@H](O[C@H]2CC[C@@]3(C)[C@@H](CC[C@@H]4[C@@H]3CC(=O)[C@@]3(C)[C@H]4C[C@@H]4O[C@]5(CC[C@@H](C)CO5)[C@@H](C)[C@@H]43)C2)O[C@H](CO)[C@@H](O)[C@@H]1O,-28.97,0
M2R-decoy_7351,C[C@@H]1C[C@H](C)[C@@H](O)CC(=O)O[C@H]([C@@H]2CCC[C@H]2C(=O)NCc2ccccc2)C/C=C/C=C(/C#N)[C@H](O)[C@@H](C)C[C@H](C)C1,-28.97,0
M2R-decoy_1234,O=C1Nc2ccc(Br)cc2/C1=N/c1ccc2c(c1)OCO2,-28.96,0
M2R-decoy_3085,O=C(OCC(=O)c1cccs1)c1cccc(C(=O)OCC(=O)c2cccs2)n1,-28.96,0
M2R-decoy_3633,CCCC(O)CO[C@@H]1C[C@H]2CN(c3ccc(OC(F)(F)F)cc3)C(=O)N2C1,-28.96,0
M2R-decoy_3967,CN(C)C(=O)c1cc2cnc(Nc3cccc(NC(=O)CCCCCCCN=C=S)c3)nc2n1C1CCCC1,-28.96,0
M2R-decoy_4707,COc1ccc(C(=O)COC(=O)CCS(=O)(=O)c2ccc(C)cc2)c(OC)c1,-28.96,0
M2R-decoy_10200.1,O=C1NC(=O)/C(=C2\CNS(=O)(=O)c3ccccc32)S1,-28.95,0
M2R-decoy_3419,COc1ccc(c2nc(SC)n(C)c2c2ccc(OC)cc2)cc1,-28.95,0
M2R-decoy_917,Cn1cc2c(=O)n3ncn(c4ccc(Br)cc4)c3nc2n1,-28.95,0
M2R-decoy_9820,CC(C)(C)c1ccc(NC(=O)N2Cc3ccc(S(=O)(=O)Nc4ccc(OCCC5CCCCC5)cc4F)cc3C2)cc1,-28.95,0
M2R-decoy_5997,COC(=O)[C@@H]1CC[C@H](C)[C@@H](c2ccc(C)cc2)N1C(=O)c1ccc(/C=N/O[C@@H](C)c2cn([C@H](CO)Cc3ccccc3)nn2)cc1,-28.94,0
M2R-decoy_6324,COc1ccc(/N=c2\scc(c3cc4ccccc4oc3=O)n2n2c(C)nn(c3ccc(OC)cc3)c2=O)cc1,-28.94,0
M2R-decoy_6866,COCc1cc2cc(c1)C(=O)N[C@H]([C@H](O)C[NH2+]C1(c3cccc(C(C)(C)C)c3)CCC1)Cc1cccc(c1)OCCCCN2,-28.94,0
M2R-decoy_6533,Cc1nc2cc(OC3(C(=O)N4CCN(c5ccccn5)CC4)CCCN(C(=O)c4cnccc4C(F)(F)F)C3)ccc2s1,-28.94,0
M2R-decoy_9894,COc1ccc(P2(=S)NC(=S)C3=C(N2)Oc2c(c(=S)oc4ccccc24)C3c2ccc(OC)c(OC)c2)cc1,-28.94,0
M2R-decoy_10357,Cc1ccc(S(=O)(=O)N2CCN(c3ccc(Cl)cc3)CC2)cc1,-28.93,0
M2R-decoy_5177,COCCCN(C1Cc2cc(C#N)ccc2N(Cc2cncn2C)C1)S(=O)(=O)c1ccccn1,-28.93,0
M2R-decoy_5604,CC(C)[C@H](OC(=O)N[C@](C)(Cc1ccccc1)C(=O)NCCCCCCCCO)c1ccccc1,-28.93,0
M2R-decoy_7022,CNC(=O)Nc1ccc2c(c1)CC[C@@]21NC(=O)N(CC(=O)N2Cc3cc(F)ccc3OC[C@H]2C(F)(F)F)C1=O,-28.93,0
M2R-decoy_9455,CCCCc1cn(CCCOc2ccc(/C=N/NC(=O)c3ccncc3)cc2)nn1,-28.93,0
M2R-decoy_9890,Cc1ccc(S(=O)(=O)Oc2cc3c(c(OS(=O)(=O)c4ccc(C)cc4)c2)C(=O)O[C@H](C)CCCCCCC3)cc1,-28.93,0
M2R-decoy_6011,C=CC[C@@H](Cc1ccc(F)cc1)C(=O)OCCNC(=O)[C@H](CC=C)CC(=O)N(CCO)Cc1ccccc1,-28.92,0
M2R-decoy_6612.1,O=S(=O)(CC[C@@H]1OCC[C@@]2(S(=O)(=O)c3ccc(Cl)cc3)c3c(F)ccc(F)c3OC[C@@H]12)c1ncc[nH]1,-28.92,0
M2R-decoy_9677,CCOCC(=O)N1CCCn2c(nnc2Cn2cccc2)C1,-28.92,0
M2R-decoy_6575,CSc1ccc(Cl)c(C(=O)Nc2ccc3c(c2)-c2c(c(C(N)=O)nn2c2ccc(S(C)(=O)=O)cc2)CC3)c1,-28.91,0
M2R-decoy_7437,CC(=O)N1CCC(C(=O)Nc2nc3c(s2)C[C@]2(C)CCC([C@H](C)C(=O)N4CCSCC4)[C@H](O)[C@H]2[C@@H]3C)CC1,-28.91,0
M2R-decoy_9788,Cc1ccc(C(F)(F)F)cc1COc1cc(NC(=O)c2ccc(C(F)(F)F)cc2C(F)(F)F)ccc1N(C)S(C)(=O)=O,-28.91,0
M2R-decoy_10831,O=C1OC(c2ccc(Br)cc2)=N/C1=C\N1CC2CC(C1)c1cccc(=O)n1C2,-28.9,0
M2R-decoy_11049,CCOc1ccccc1/N=C/c1nc2ccc(I)cc2c(=O)n1c1ccc(F)cc1,-28.9,0
M2R-decoy_2114,CC(C)CN([C@H](CO)CCCCNC(=O)N(Cc1ccsc1)Cc1ccc2c(c1)OCO2)S(=O)(=O)c1ccc(N)cc1,-28.9,0
M2R-decoy_57,c1nc(CCO[C@H]2CCCCO2)cc2cc3c(cc12)OCO3,-28.9,0
M2R-decoy_6475,C[C@]12CN(S(=O)(=O)c3ccccn3)C[C@](C)(O1)[C@@H]1C(=O)N(c3ccc(C#N)c(C(F)(F)F)c3)C(=O)[C@@H]12,-28.9,0
M2R-decoy_6804,O=C(NCc1ccc(C(F)(F)F)o1)c1ccc(N2CCN(C(=O)c3ccccc3C(F)(F)F)CC2)nn1,-28.9,0
M2R-decoy_805,CC1Cn2c(nc([N+](=O)[O-])c2C#Cc2ccccc2)O1,-28.9,0
M2R-decoy_8584,CCCC[C@H](NC(=O)OCC1(COc2nc(c3ccccc3)cs2)CCC1)C(=O)C(=O)N[C@H](C)c1ccccc1,-28.9,0
M2R-decoy_9163,CCCCN(CCCC)C(=O)C(=O)C(CC)NC(=O)C(CC(C)C)NC(=O)OCc1ccccc1,-28.9,0
M2R-decoy_9609,CCOc1ccc(/C=C/c2cc(=O)c(O)co2)cc1,-28.9,0
M2R-decoy_10465,O=S(=O)(c1ccc(Br)s1)N1CCN(c2ccccn2)CC1,-28.89,0
M2R-decoy_10744,Cc1ccc(S(=O)(=O)N2CCN(c3ccnc(c4cccs4)n3)CC2)cc1,-28.89,0
M2R-decoy_7330,CS(=O)(=O)c1ccc(c2[nH]c(I)c(I)c2c2ccc(F)cc2)cc1,-28.89,0
M2R-decoy_11053,CN1C2=C(C(c3ccc(Br)cc3)Oc3ccccc32)C(c2ccc(C#N)cc2)n2ncnc21,-28.88,0
M2R-decoy_3201,CCOc1ccc2nc(N(Cc3cccnc3)C(=O)c3ccc(Cl)s3)sc2c1,-28.88,0
M2R-decoy_313,N#Cc1cc2cc(Br)cc(Br)c2oc1=O,-28.88,0
M2R-decoy_9546,C=CCn1c(SCC(=O)NC)nc2sc3c(c2c1=O)CCC3,-28.88,0
M2R-decoy_1054,Cc1ccc(c2cnc3[nH]ccc3n2)c(NC2CCCN(S(C)(=O)=O)C2)n1,-28.87,0
M2R-decoy_10850,CN(C(=O)CSc1nnc(c2ccc(F)cc2)c2ccccc12)C1CCS(=O)(=O)C1,-28.87,0
M2R-decoy_11249,O=[N+]([O-])c1c(CS(=O)(=O)c2ccc(F)cc2)nc2ccc(Br)cn12,-28.87,0
M2R-decoy_2602,CO[C@@H]1[C@@H](OC(=O)c2ccc(C)[nH]2)[C@@H](O)[C@H](Oc2ccc3c(OCC[NH+]4CCOCC4)cc(=O)oc3c2C)OC1(C)C,-28.87,0
M2R-decoy_2767,CC(=O)OCOC(=O)[C@H]1CC[C@H](C(C)(O)c2ccc(c3cc(C)cc(Nc4cc(C(F)F)ccn4)n3)cn2)CC1,-28.87,0
M2R-decoy_2328,c1ccc(Oc2ccc(OCCOC3CCOCC3)cc2)cc1,-28.86,0
M2R-decoy_2921,COc1ccc(N(CC(=O)NCCc2ccccc2)C(=O)CCC(=O)Nc2ccccn2)cc1,-28.86,0
M2R-decoy_3115,CCOc1ccc(n2c(Cc3ccccc3)nnc2SCc2c(C)noc2C)cc1,-28.86,0
M2R-decoy_4300,O=C(NCC1CC1)c1cc(N2CCOCC2)nc(N(CCc2ccccc2)Cc2ccccc2)n1,-28.86,0
M2R-decoy_5576,CCCCNC(=S)N/N=C/c1ccc(OCC(=O)Nc2c(C)cc(C)cc2C)c(OC)c1,-28.86,0
M2R-decoy_5792,CN(CC(=O)NCCOCCOCCNC(=O)CCCC[C@@H]1SC[C@@H]2NC(=O)N[C@H]12)c1ccc(C#Cc2c(F)cccc2F)c2ccccc12,-28.86,0
M2R-decoy_6788,Cc1ccc(S(=O)(=O)N(CCc2ccc(Br)cc2)c2nnc(S(N)(=O)=O)s2)cc1,-28.86,0
M2R-decoy_10993,O=C1S/C(=C\c2sc(N3CCCCC3)nc2Cl)C(=O)N1Cc1ccc(Cl)cc1,-28.85,0
M2R-decoy_1193,Oc1nc2nonc2nc1c1cccc(Br)c1,-28.85,0
M2R-decoy_250,N=c1c(=O)[nH]nc2n1CCN2c1ccc(Cl)cc1,-28.85,0
M2R-decoy_1687,O=C1C2=C(C(=O)c3ccccc31)[C@H](c1cccc(Br)c1)[C@@H]([N+](=O)[O-])CO2,-28.85,0
M2R-decoy_3628,CCN(CC)S(=O)(=O)N(Cc1ccccn1)Cc1ccccc1C,-28.85,0
M2R-decoy_4488,CCCCN(C)c1ccc2nc(c3ccc(OCCOC)cc3)cn2n1,-28.85,0
M2R-decoy_6143,CC1C(=O)N(Cc2cn(CC3CCCCC3)nn2)CCS(=O)(=O)N1Cc1ccc(c2ccccc2)cc1,-28.85,0
M2R-decoy_500,N#CC1=C(NC(=S)Nc2ccccc2)NC(=S)N2CCCC12,-28.85,0
M2R-decoy_7617,Cc1noc2c1N=C(c1cccs1)CC(c1cc(Cc3ccc(O)c(C4CC(c5cccs5)=Nc5c(C)noc5C4)c3)ccc1O)C2,-28.85,0
M2R-decoy_8832,Cc1ccc(N2C(=O)[C@H](CCCNS(=O)(=O)c3ccc(OC(F)(F)F)cc3)[C@H]2c2ccc(NS(C)(=O)=O)cc2)cc1,-28.85,0
M2R-decoy_9525,c1ccc(Nc2nc(NCCCCOc3nc(Nc4ccccc4)nc(N4CCc5ccccc5C4)n3)nc(N3CCc4ccccc4C3)n2)cc1,-28.85,0
M2R-decoy_10844,Cc1ccc(S(=O)(=O)N2CCc3nc(COc4ccccc4)c4c(c3C2)CO[C@@H](C)C4)cc1,-28.84,0
M2R-decoy_11171,c1ccc2nc(N3CC(Oc4nccnc4N4CCC5(CC4)COC5)C3)ccc2c1,-28.84,0
M2R-decoy_1934,CC(C)c1ccc(N(CC(=O)Nc2ccc(S(=O)(=O)N3CCOCC3)cc2)S(C)(=O)=O)cc1,-28.84,0
M2R-decoy_4142,CCCCCC/C(CC(=O)CCC(=O)NCCc1ccccc1)=N\Nc1ccc([N+](=O)[O-])cc1[N+](=O)[O-],-28.84,0
M2R-decoy_5550,CCCCCCCCCCCC#Cc1cn([C@@H]2O[C@H](CO)[C@@H](O)[C@H]2F)c(=O)[nH]c1=O,-28.84,0
M2R-decoy_9043,CO/N=C(\COCc1cc(C(F)(F)F)cc(C(F)(F)F)c1)C(CC[NH+]1CCC(N2CCCC2=S)CC1)c1ccc(Cl)c(Cl)c1,-28.84,0
M2R-decoy_1268,O=S(=O)(CC1=NCCS1)C1=NNCC1c1ccc(Cl)cc1,-28.83,0
M2R-decoy_1447,CCN(CC)S(=O)(=O)c1ccc(Oc2ccccc2)cc1,-28.83,0
M2R-decoy_1931,COc1ccc(N(C)C(=O)[C@H](Cc2ccccc2)NC(=O)CNS(=O)(=O)c2cccc(N)c2)cc1,-28.83,0
M2R-decoy_2040,COc1ccc(C(=Cc2ccc(OC)c(O)c2)C(=O)c2cc(OC)c(OC)c(OC)c2)cc1,-28.83,0
M2R-decoy_2432,CN(C)c1oc(COc2ccc(F)cc2)nc1C#N,-28.83,0
M2R-decoy_6490,Cc1sc2ncn(CC(=O)NCC3COc4ccccc4O3)c(=O)c2c1S(=O)(=O)N1CCCCC1,-28.83,0
M2R-decoy_9643,Cc1cnc(NC(=O)CCOc2ccccc2)s1,-28.82,0
M2R-decoy_11151,CC1CCN(C(=O)CSc2nc(C(C)C)nc3c2c(=O)n(C)c(=O)n3C)CC1,-28.81,0
M2R-decoy_2451,CSc1nc(C)c(CCOC(C)=O)c(Cl)n1,-28.81,0
M2R-decoy_5151,CCOC(=O)c1c(S(=O)(=O)N2CCC(C(=O)N3CCN(c4cccc(C)c4C)CC3)CC2)c(C)n(C)c1C,-28.81,0
M2R-decoy_4832.1,CC(=O)OCC1OC(CCON=C(C)CC[NH+]2CCc3nc(c4ccccc4)c(c4ccccc4)cc3C2)C=CC1OC(C)=O,-28.81,0
M2R-decoy_513,NC(=O)c1[nH]cnc1c1ccc(Cl)c(Br)c1,-28.81,0
M2R-decoy_9852,CC(=O)Nc1cc(c2c(c3ccc(F)cc3)nc(Sc3cccc(I)n3)n2C2CCCCC2)ccn1,-28.81,0
M2R-decoy_1523,O=C(C[S+]([O-])Cc1csc(C2CCCC2)n1)NC1CCCC1,-28.8,0
M2R-decoy_3035,COc1cc(OC)c(/C=C/SCc2ccc(OC)c([N+](=O)[O-])c2)c(OC)c1,-28.8,0
M2R-decoy_5072,CC(C)C[C@H](CC(=O)[C@@H](NC(=O)c1cccs1)C(C)C)C(=O)N[C@@H](Cc1ccccc1)C(=O)Nc1ccc([N+](=O)[O-])cc1Cl,-28.8,0
M2R-decoy_9577,O=C1C=C(SCCO)C(=O)c2c(F)c(F)c(F)c(F)c21,-28.8,0
M2R-decoy_1156,O=C(Nc1ccc(N2CCCC2)nc1)N1CCc2ccccc2C1,-28.79,0
M2R-decoy_10260,O=C(C1COc2ccccc2O1)N1CCn2c(nc3ccccc32)C1,-28.79,0
M2R-decoy_2149,CCCCCCC(NC(=O)c1ccc(C#N)cc1)C(C)(C)C(=O)N[C@@H](Cc1ccccc1)C(=O)OC(C)(C)C,-28.79,0
M2R-decoy_2268,CCCc1ccc(OCC(=O)N(Cc2nc(c3cccs3)no2)C(C)C)cc1,-28.79,0
M2R-decoy_4109,CC(C)CN(C[C@@H](O)[C@H](Cc1ccccc1)NC(=O)C[C@H]1C2CO[C@H]3OC[C@@H]1C3C2)S(=O)(=O)c1ccc2nc(NC3CC3)sc2c1,-28.79,0
M2R-decoy_4369,CCCCCCCCCC(=O)N[C@H]1[C@H](OC(C)=O)O[C@H](COC(C)=O)[C@@H](OC(C)=O)[C@@H]1OC(C)=O,-28.79,0
M2R-decoy_4653,O=C(N[C@@H](CCCCCCSSc1ccccn1)C(=O)Nc1cccc2ccccc12)OCc1ccccc1,-28.79,0
M2R-decoy_830,O=C(CCl)Nc1nc2ccc3oc(=O)ccc3c2s1,-28.79,0
M2R-decoy_930.1,CC(C)(C)c1n[nH]c2c(c3nc4ccccc4s3)c(N)nn2c1=O,-28.79,0
M2R-decoy_10836,COc1ccc(Br)c(c2nnc(CS(=O)(=O)c3ccccc3)o2)c1,-28.78,0
M2R-decoy_2241,COCCN(Cc1nc(O)c2ccccc2n1)C(=O)COc1cccc(C(C)=O)c1,-28.78,0
M2R-decoy_5895,Cc1cccc(NC(=O)Cn2c(=O)n(CCCCCC(=O)NCc3ccc4c(c3)OCO4)c(=O)c3sccc32)c1,-28.78,0
M2R-decoy_9140,CCCC[C@H](NC(=O)OCC1(COc2nccs2)CCC1)C(=O)C(=O)N[C@H](C)c1ccccc1,-28.78,0
M2R-decoy_1106,C/C(=N\NC(=O)c1cccc(S(=O)(=O)N2CCOCC2)c1)c1ccnc(Cl)c1,-28.77,0
M2R-decoy_4760,C[C@@H]1CN([C@H](C)CO)C(=O)Cc2cc(NS(=O)(=O)c3ccccc3)ccc2O[C@@H]1CN(C)S(=O)(=O)c1ccc(Cl)cc1,-28.77,0
M2R-decoy_621,Cc1c(S(=O)(=O)c2ccc(=O)[nH]n2)oc2ccc(Cl)cc12,-28.77,0
M2R-decoy_643.1,Cc1cccc(N2CCOCC3(C2)CN(c2cnn(C)c2)C(=O)CO3)n1,-28.77,0
M2R-decoy_7078,O=C(N[C@@H]1CO[C@@H]2[C@H](OCc3ccccc3)CO[C@@H]21)/C(=C/c1c[nH]c2ccccc12)NC(=O)c1ccccc1,-28.77,0
M2R-decoy_10770,CC1(C)[C@@H]2CC[C@@]1(CS(=O)(=O)N1CCN(c3nc4ccccc4s3)CC1)C(=O)C2,-28.76,0
M2R-decoy_2336,COC(=O)COc1ccc(/C=C/c2ccc(OCC(=O)OC)cc2)cc1,-28.76,0
M2R-decoy_2363,O=C(NCCOc1ccc(C(F)(F)F)cn1)c1ccoc1,-28.76,0
M2R-decoy_4716,CCC(=O)N1c2ccc(S(=O)(=O)CCC(=O)NCc3cccs3)cc2CC1C,-28.76,0
M2R-decoy_5856.1,Cc1ccc(Sc2cc3c(cc2NS(C)(=O)=O)CCC3=O)nc1,-28.76,0
M2R-decoy_4067,CC(C)(C)OC(=O)NCC(=O)N1CCC[C@H]1COCCCCCCCCC/C=C/c1ccc(c2ccccc2)cc1,-28.75,0
M2R-decoy_11168,O=[N+]([O-])c1cn2c(n1)OC[C@@H](OCC#Cc1ccc(OC(F)(F)F)cc1)C2,-28.74,0
M2R-decoy_1261.1,O=C1NC(=O)C(=Cc2ccc(SC3CCCCC3)o2)C(=O)N1,-28.74,0
M2R-decoy_4031,CC(C)CN([C@H](CO)CCCCNC(=O)N(Cc1ccccc1)Cc1cccnc1)S(=O)(=O)c1ccc(N)cc1,-28.74,0
M2R-decoy_4491,C=CCn1c(Cc2cccs2)nnc1SCC(=O)NCc1ccco1,-28.74,0
M2R-decoy_5216,CC(=O)c1nn(CC(=O)N2[C@H](C(=O)NCC3CC(C)C3)C[C@H]3C[C@H]32)c2ccc(OCc3ncccn3)cc12,-28.74,0
M2R-decoy_5259,CC(C)(C)C(=O)OCC(CNC(=O)Cc1ccc(NS(C)(=O)=O)c(F)c1)Cc1ccc(C(C)(C)C)cc1,-28.74,0
M2R-decoy_9682,CC(C)=C1NC(=O)C(=C(N)CCCC(C)O)C1=O,-28.74,0
M2R-decoy_8447,CCCCCNC(=O)Nc1c(OCCCn2cnc(c3ccc(OC)cc3)c2)c(Br)cc(Br)c1N(C)C,-28.74,0
M2R-decoy_1213,Clc1ccc2c(c1)CNc1c(ncnc1N1CCOCC1)O2,-28.73,0
M2R-decoy_1939,NS(=O)(=O)c1ccc(CCNC(=O)CNS(=O)(=O)c2cccc(Br)c2)cc1,-28.73,0
M2R-decoy_37,O=C(Nc1ccc(O)cc1)N1CCN(c2ccccc2)CC1,-28.73,0
M2R-decoy_4050,CCNC(=O)C(=O)[C@H](Cc1ccc(Br)cc1)NC(=O)[C@H](CC(C)C)NC(=O)CCCCC1CCSS1,-28.73,0
M2R-decoy_5414,COC(=O)[C@H](CCSC)NC(=O)c1ccc(OC[C@@H]2COc3ccccc3O2)cc1c1ccccc1OC,-28.73,0
M2R-decoy_8567,COc1ccc(c2cc(CNc3ccc(S(=O)(=O)Nc4nnc(C)s4)cc3)cc(C(=O)NCCC(C)C)c2)cn1,-28.73,0
M2R-decoy_2985,Fc1ccc(COc2nc(OCc3ccc(F)cc3)nc(OCc3ccc(F)cc3)n2)cc1,-28.72,0
M2R-decoy_5739,CCCCCCNc1nc2c(SCc3ccccc3)ncnc2n1C1O[C@H](CO)[C@@H](O)[C@H]1O,-28.72,0
M2R-decoy_6080,CCc1ccc(c2nc(C)cc(N(C)CCCOc3ccc4c(c3)CC[C@H]4CC(=O)[O-])n2)cc1,-28.72,0
M2R-decoy_8660,C[C@]1(Cc2ccccc2)C[C@H](Cc2ccccc2)N(C[C@@H](O)C[C@@H](Cc2ccccc2)C(=O)N[C@H]2c3ccccc3C[C@H]2O)C1=O,-28.72,0
M2R-decoy_636.1,O=C1NC(=S)N(c2ccccc2F)C(=O)C1=Cc1ccco1,-28.71,0
M2R-decoy_2315,C=C(C)C(=O)OCCOC(=O)/C=C/c1ccc(OCCCC)cc1,-28.7,0
M2R-decoy_374,N#Cc1c(/N=C/C2C(=O)NC(=S)NC2=O)sc2c1CCCC2,-28.7,0
M2R-decoy_4239,CC(=O)OC[C@H](Cc1ccccc1)NC(=O)[C@H](CC(=O)OCc1ccccc1)NC(=O)OCc1ccccc1,-28.7,0
M2R-decoy_8891,Cc1ccccc1S(=O)(=O)NCCc1c(CCOc2ccc(C(=O)[O-])cc2)c2cc(Cl)ccc2n1C(c1ccccc1)c1ccccc1,-28.7,0
M2R-decoy_9204,O=C(/C=C/c1ccc(C(=C2C3CC4CC(C3)CC2C4)c2ccc(O)cc2)cc1)NCCCCCO,-28.7,0
M2R-decoy_10933,CC(=O)c1ccc(N2CCN(S(=O)(=O)c3ccc4c(c3)CC(C)N4C(=O)C3CCC3)CC2)cc1,-28.69,0
M2R-decoy_9432,CCO[C@@H](Cc1ccc(OCCn2c(C)ccc2c2ccc(SC)cc2)cc1)C(=O)[O-],-28.69,0
M2R-decoy_9679,[NH3+][C@@H](CC(=O)[O-])C(=O)Nc1ccc(OCc2ccccc2)cc1,-28.69,0
M2R-decoy_11221,Cc1ccc(NC(=O)/C(C#N)=c2\s/c(=C\c3ccccc3)c(=O)n2c2ccccc2)cc1,-28.68,0
M2R-decoy_10276,CSc1ncnc2c1ncn2C1COc2ccccc2CO1,-28.68,0
M2R-decoy_3592,O=S(=O)(Cc1ccc(F)cc1F)NCCOc1cccnc1,-28.68,0
M2R-decoy_5370,CCc1ccc(S(=O)(=O)N2CCN(c3cc(OC)cc(OC)c3)CC2C(=O)NCc2ccc(Cl)cc2Cl)cc1,-28.68,0
M2R-decoy_6267,C=CC(=O)N1CC(NC(=O)Cn2cc(C(=O)N3CCc4cc(F)ccc4C3)c3cc(Br)ccc32)C1,-28.68,0
M2R-decoy_7033,CCOC(=O)C1=C(c2ccccc2)N=c2s/c(=C\c3cccc(O)c3)c(=O)n2C1c1cccc(OC)c1OC,-28.68,0
M2R-decoy_8197,CC[C@@]1(OC(=O)COc2ccc(OC)cc2)C(=O)OCc2c1cc1n(c2=O)Cc2c-1nc1ccccc1c2COC(=O)COc1ccc(OC)cc1,-28.68,0
M2R-decoy_1004,Cc1ccc(S(=O)(=O)N2CC[C@@H](N(C)c3ncnc4[nH]ccc34)C2)cc1,-28.67,0
M2R-decoy_10165,OCC(CO)OCn1c(Br)nc(Cl)c1Cl,-28.67,0
M2R-decoy_757,Cc1cc(=O)oc2cc(C(F)(F)S(N)(=O)=O)ccc12,-28.67,0
M2R-decoy_868,C[C@H]1C[C@@H](NS(=O)(=O)c2cccc(Br)c2)CN1C#N,-28.67,0
M2R-decoy_9523,CCCCN([C@H](CO)c1ccc([C@@H](NC(=O)[C@@H](NC(=O)OC)C(c2ccccc2)c2ccccc2)C(F)(F)F)s1)S(=O)(=O)c1ccc(N)cc1,-28.67,0
M2R-decoy_11239,Cc1ccc(C)c(N2CCN(C(=O)c3cc(S(=O)(=O)N4CCCCCC4)cn3C)CC2)c1,-28.66,0
M2R-decoy_10179.1,C[NH+]1CCN(C2=[NH+]c3ccccc3Sc3cscc32)CC1,-28.66,0
M2R-decoy_1974,CCCCn1c(N)c(N(CCOC)C(=O)CC(NC(=O)c2ccccc2Cl)c2ccccc2)c(=O)[nH]c1=O,-28.66,0
M2R-decoy_2098,CCC(CC)NC(=O)C[C@@H](C(=O)NC[C@@H](O)[C@H](Cc1ccccc1)NC(=O)[C@@H](NC(=O)c1ccc2ccccc2n1)C(C)C)C(C)(C)C,-28.66,0
M2R-decoy_4797,CC(C)C(=O)N1CCC(CN(CCN(Cc2cncn2C)c2ccc(C#N)cc2)S(=O)(=O)c2cn(C)cn2)CC1,-28.66,0
M2R-decoy_5472,Cc1cc(C)n(CN(Cn2nc(C)cc2C)c2ccc(N(Cn3nc(C)cc3C)Cn3nc(C)cc3C)cc2)n1,-28.66,0
M2R-decoy_6314,O=C(C[NH2+]CCN1CCNC1=O)Nc1ccc(c2cccc3c(=O)cc(N4CCOCC4)oc32)c2sc3ccccc3c12,-28.66,0
M2R-decoy_10786,Cc1nc(N2C(=O)CSC2c2c(F)cccc2Cl)nc(C)c1CCC#N,-28.65,0
M2R-decoy_315,Cc1ccc(I)cc1N=C=S,-28.65,0
M2R-decoy_5838.1,Cc1csc(Sc2cc3c(cc2NS(C)(=O)=O)CCC3=O)n1,-28.65,0
M2R-decoy_8210,CCC(C)n1ncn(c2ccc(N3CCN(c4ccc(OC[C@@H]5CO[C@@](Cn6c(C)cnc6C)(c6ccc(Cl)cc6Cl)O5)cc4)CC3)cc2)c1=O,-28.65,0
M2R-decoy_2415,O=C(CCC(=O)c1ccc(F)cc1)OC1CCOC1=O,-28.64,0
M2R-decoy_7358,CN1C(=O)N(c2cc(Cl)cc(Cl)c2)C(=O)[C@]12CN(C(=O)c1ccc3ncccc3c1)C[C@H]2c1ccc(C#N)cc1,-28.64,0
M2R-decoy_2983,COC(C)(C)c1cnc(N2CCC(c3nnc(Cc4ccccc4)c(C)c3C)CC2)cn1,-28.63,0
M2R-decoy_3661,O=C(/C=C/c1ccc(O)cc1)NCC(=O)NCCc1c[nH]c2ccccc12,-28.63,0
M2R-decoy_334,O=C1OC(=C(Br)Br)C2=C1CCCC2,-28.63,0
M2R-decoy_8261,CC(=O)/C=C/[C@H](CCc1ccccc1)NC(=O)[C@H](Cc1ccccc1)NC(=O)Cc1ccc2c(c1)OCO2,-28.63,0
M2R-decoy_8766,CC[NH+](CC)CCN(CC12CC(c3ccc(C(F)(F)F)cc3)(C1)C2)C(=O)Cn1c(SCc2ccc(F)cc2)nc(=O)c2c1CCC2,-28.63,0
M2R-decoy_11287,Cn1cc(S(=O)(=O)N2CCCCCC2)cc1C(=O)N1CCN(c2ccc(F)cc2)CC1,-28.62,0
M2R-decoy_2043,CO/C=C(/C(=O)OC)c1ccccc1COc1nc(Nc2ccccc2)nc2c1CCCC2,-28.62,0
M2R-decoy_1684,CCOc1cc(/C=C2/C(=O)N(c3ccccc3)N=C2C)ccc1OC(=O)c1cccs1,-28.62,0
M2R-decoy_3866,C=CCOC1C[C@@H](OCc2ccccc2)C[C@H](/C=C/c2c(C(C)C)nc(N(C)S(C)(=O)=O)nc2c2ccc(F)cc2)O1,-28.62,0
M2R-decoy_4799,COc1ccc(S(=O)(=O)N(C)C[C@H]2Oc3c(NC(=O)CCC(F)(F)F)cccc3C(=O)N([C@H](C)CO)C[C@@H]2C)cc1,-28.62,0
M2R-decoy_834,Nc1nc(O)nc2c1N=C(c1ccc(Br)cc1)CO2,-28.62,0
M2R-decoy_10570,CC1CCc2nc(SC3CC(=O)C4OCC3O4)nc(C(F)(F)F)c2C1,-28.61,0
M2R-decoy_1382,O=C1C=CC(O)(c2cc3ccc(F)cc3n2S(=O)(=O)c2ccccc2)C=C1,-28.61,0
M2R-decoy_2016.1,Cc1cc(C)cc(N(CCC(=O)Nc2nnc(C3CC3)s2)S(=O)(=O)c2ccc(Cl)cc2)c1,-28.61,0
M2R-decoy_244,Nc1nc(Cl)nc2ccc(Br)cc12,-28.61,0
M2R-decoy_1717,Fc1ccc(c2nnc(SCc3ncc(c4ccccc4)o3)n2CC2CCCO2)cc1,-28.61,0
M2R-decoy_5272,COc1cccc(C(C(=O)NC(C)(C)C)N(Cc2ccc(F)cc2)C(=O)CCC(=O)Nc2cc(C)on2)c1OC,-28.61,0
M2R-decoy_505,O=C(NC(=S)Nc1ccc(C(F)(F)F)cc1)c1csnn1,-28.61,0
M2R-decoy_7478,O=C1O/C(=C\c2ccc(O)c(Br)c2)C(c2cc(Br)c(O)c(Br)c2)=C1Cl,-28.61,0
M2R-decoy_11261,CN(C(=O)c1cccc(OC(F)(F)F)c1)[C@@H]1COc2nc([N+](=O)[O-])cn2C1,-28.6,0
M2R-decoy_3906,CC(C)C[C@H](NC(=O)OCc1ccccc1)C(=O)NC1CN(C(=O)[C@H](CC(C)C)N(C)C(=O)OCc2ccccc2)CC1=O,-28.6,0
M2R-decoy_11483.1,O=S(=O)(Nc1cccc(c2ccc(N3CCOCC3)nn2)c1)c1cc(C(F)(F)F)ccc1Cl,-28.59,0
M2R-decoy_4426,CCCS(=O)(=O)Nc1cc(CS(=O)(=O)/C=C/c2c(OC)cc(OC)cc2OC)cnc1OC,-28.59,0
M2R-decoy_656,CCn1ncc2c(=O)n3ncn(c4ccc(Br)cc4)c3nc21,-28.59,0
M2R-decoy_3266,O=C(c1ccc(Cl)cc1)C(CSCC1CCCC1)n1cnc2ccccc21,-28.58,0
M2R-decoy_8713,C=CCN1CC(=O)N2[C@@H](Cc3ccc(O)cc3)C(=O)N(Cc3cccc4c(c5ccc(NC(=O)c6ccccc6)cc5)cn(C)c34)C[C@@H]2N1C(=O)NCc1ccccc1,-28.58,0
M2R-decoy_929,O=C(/C=C/c1ccc(Br)cc1)N1CCCC1=O,-28.58,0
M2R-decoy_10898,Cc1ccc(N(C)C(=O)C2CCN(S(=O)(=O)c3ccc4c(c3)CCCN4C(=O)C3CCC3)CC2)cc1,-28.57,0
M2R-decoy_11236,CC(=O)N1CCC(c2nccnc2OC2CCN(c3cccc(Cl)n3)CC2)CC1,-28.57,0
M2R-decoy_246,Cc1c(Br)c[n+]([O-])c2nc(O)c(O)nc12,-28.57,0
M2R-decoy_6085,CN(CCc1ccccc1)C(=O)Cn1cc(C(=O)c2cccc(C(=O)[O-])c2)c2cc(OCc3ccccc3)ccc21,-28.57,0
M2R-decoy_8238,CN(C)c1ncnc2c1ncn2CCCCCNC(=O)OCCCCCn1cnc2c(N(C)C)ncnc21,-28.57,0
M2R-decoy_8639,CCCC(NC(=O)[C@@H]1[C@@H]2[C@H](CN1C(=O)[C@@H](NC(=O)OC(C)(C)C)C1CCCCC1)C2(C)C)C(=O)C(=O)NCC(=O)OC(C)(C)c1ccccc1,-28.57,0
M2R-decoy_3198,Cc1csc(N(C(=O)CSc2ccc(c3ccccc3)nn2)C2CCCC2)n1,-28.56,0
M2R-decoy_5847.1,CCOc1ccc(N2C(=O)/C(=C\c3cccs3)C(=O)NC2=S)cc1,-28.56,0
M2R-decoy_1424,O=S(=O)(CCSc1nccn1C1CC1)c1ccccc1,-28.55,0
M2R-decoy_3262,CC/C(=C(\c1ccccc1)c1cccc(OC(C)=O)c1)c1ccc(OC(C)=O)c(OC(C)=O)c1,-28.55,0
M2R-decoy_4789,CC(=O)OC[C@H]1O[C@@H](OCCOC2N=C(c3ccccc3)c3cc(Cl)ccc3NC2=O)[C@H](OC(C)=O)[C@@H](OC(C)=O)[C@@H]1OC(C)=O,-28.55,0
M2R-decoy_943,Brc1ccc2nc(N3CCOCC3)c3nnnn3c2c1,-28.55,0
M2R-decoy_9589,COc1ccc([S+]([O-])c2ccc(S(N)(=O)=O)s2)cc1,-28.55,0
M2R-decoy_1005,Cc1ccc(S(=O)(=O)N2CCC(C(=O)Nc3cccnc3)CC2)cc1,-28.54,0
M2R-decoy_1174,Cc1cccc2sc(NC(=O)C3CSC4(C)CCC(=O)N34)nc12,-28.54,0
M2R-decoy_10199,CC1(C(=O)NNC(=O)c2ccc(=O)oc2)CC1Br,-28.54,0
M2R-decoy_1525,CCOc1ccc(CC(=O)N/N=C/c2sccc2C)cc1,-28.54,0
M2R-decoy_7624,CC(=O)OC[C@]1(C)[C@@H](OC(C)=O)CC[C@]2(C)[C@H]3[C@@H](O)c4c(cc(c5cccnc5)oc4=O)O[C@]3(C)[C@@H](OC(=O)c3ccc(Cl)cc3)C[C@H]21,-28.54,0
M2R-decoy_9824,C[C@@H](NC(=O)c1nn(c2ccc(Cl)cc2)c2c1CN(C(=O)c1nc[nH]n1)C/C2=C\c1ccc(Cl)cc1)c1ccccc1,-28.54,0
M2R-decoy_3092,CCOP(=O)(Cc1ccc(c2nc3ccc(Br)cc3c(=O)n2C)cc1)OCC,-28.53,0
M2R-decoy_3175,CCOc1ccc(C(=O)CSc2nnc3cc(C)c4ccccc4n23)cc1,-28.53,0
M2R-decoy_3920,CC(C)=CCC/C(C)=C/CC1Cc2c(OCCCNC(=O)c3cccs3)cc(=O)n(CCCO)c2CC1(C)C,-28.53,0
M2R-decoy_3425,Cc1cc(Br)ccc1OCCCCn1ccnc1,-28.53,0
M2R-decoy_5882,Cc1c(Nc2nc(c3ccccc3)cs2)c(=O)n(c2ccccc2)n1C,-28.53,0
M2R-decoy_6031,N#Cc1ccnc(N2C(=O)CC[C@H]2C(=O)N(c2cc(F)cc(Cl)c2)[C@@]2(C(=O)NC3CC(F)(F)C3)CCc3ccccc32)c1,-28.53,0
M2R-decoy_5047,CC(=O)Nn1c(Cc2csc(NC(=O)c3ccccc3)n2)nnc1SCSc1nnc(Cc2csc(NC(=O)c3ccccc3)n2)n1NC(C)=O,-28.53,0
M2R-decoy_7625,CCOC(=O)c1[nH]nc2c1C[C@@]1(C)[C@@H](CC[C@]3(C)[C@@H]1C(=O)C=C1[C@H]4C[C@@](C)(C(=O)OCc5ccccc5)CC[C@]4(C)CC[C@]13C)C2(C)C,-28.53,0
M2R-decoy_10563,O=S1(=O)N=C(OCc2cccc(Br)c2)c2ccccc21,-28.52,0
M2R-decoy_11415,O=c1c2sccc2nc(SCc2cc(=O)n3ccccc3n2)n1Cc1ccccn1,-28.52,0
M2R-decoy_11434,CCN(C(=O)CN1C(=O)S/C(=C\c2cccc(Cl)c2)C1=O)C1CCS(=O)(=O)C1,-28.52,0
M2R-decoy_1397,CC1(O)OC(=O)C(c2cc(F)cc(F)c2)=C1c1ccc(S(C)(=O)=O)cc1,-28.52,0
M2R-decoy_2397,CCCSc1nnc(c2cc(CC)nn2C)o1,-28.52,0
M2R-decoy_424,Fc1cccc(F)c1C#Cc1cnc2[nH]ccc2c1,-28.52,0
M2R-decoy_72,CCCC[C@H](O[C@@H](Cc1ccccc1)C(=O)N1CCOCC1)C(=O)N[C@@H](CC1CCCCC1)[C@@H](O)[C@@H](O)CC(C)C,-28.52,0
M2R-decoy_7412,Cc1ccc([S@+]([O-])C2=C(c3ccccn3)OC(N)=C(C#N)[C@H]2c2cc(C(F)(F)F)cc(C(F)(F)F)c2)cc1,-28.52,0
M2R-decoy_8876,O=C([O-])c1ccc(CCCc2c(CCNS(=O)(=O)Cc3ccccc3)n(C(c3ccccc3)c3ccccc3)c3ccc(Cl)cc23)cc1,-28.52,0
M2R-decoy_11073,N#Cc1ccc(S(=O)(=O)N2C/C(=C\c3ccc(F)cc3)C(=O)/C(=C/c3ccc(F)cc3)C2)cc1,-28.51,0
M2R-decoy_1905,CC(C)S(=O)(=O)C(C(=O)NCCS(N)(=O)=O)c1nc2cc(c3ccc(F)nc3)ccc2s1,-28.51,0
M2R-decoy_1479,CC(C)COC1CCN(S(=O)(=O)Cc2cccc(F)c2)CC1,-28.51,0
M2R-decoy_3229,CCCC[C@@H](c1ccc(F)cc1)N(CCC)c1nc(c2ccc(Cl)cc2OC)n(C)n1,-28.5,0
M2R-decoy_438,CN(C)C(=S)SC(=S)N1CCN(c2ncccn2)CC1,-28.5,0
M2R-decoy_5380,CC1(C(C(=O)OCC[Si](C)(C)C)N2C(=O)[C@@H](N3C(=O)OC[C@@H]3c3ccccc3)[C@H]2/C=C/c2ccccc2)OCCO1,-28.5,0
M2R-decoy_6303,CC(=O)OCC1=C(C)C[C@H]([C@@H](C)[C@H]2CC[C@H]3[C@@H]4C[C@H]5O[C@]56[C@H](OC(C)=O)C=CC(=O)[C@]6(C)[C@H]4CC[C@@]32C)OC1=O,-28.5,0
M2R-decoy_6762,COc1ccc(NC(=O)N(C)C[C@@H]2Oc3cc(C#CCC(C)C)ccc3S(=O)(=O)N([C@@H](C)CO)C[C@@H]2C)cc1,-28.5,0
M2R-decoy_9569,CC(=O)C1=C(C)NC(SCC(N)=O)=C(C#N)C1c1cccs1,-28.5,0
M2R-decoy_2571,O=C1CCC(N2C(=O)c3cccc(NCCOCCOCCNC(=O)c4cc5c(o4)C(=O)c4ccccc4C5=O)c3C2=O)C(=O)N1,-28.49,0
M2R-decoy_5673,C=CCCCCOc1ccc(c2coc3cc(OCCCCC=C)ccc3c2=O)cc1,-28.49,0
M2R-decoy_870,CS(=O)(=O)c1ccc2nc(NC(=O)C3CCCO3)sc2c1,-28.49,0
M2R-decoy_8829,NS(=O)(=O)c1ccc(COS(=O)(=O)C(F)(F)C(F)(F)C(F)(F)C(F)(F)C(F)(F)C(F)(F)C(F)(F)C(F)(F)F)cc1,-28.49,0
M2R-decoy_9187,CCCCOC(=O)CC1C(C(=O)OCCCC)=C(N)Oc2ccc(c3cc(OC)cc(OC)c3)cc21,-28.49,0
M2R-decoy_158,Cn1sc(=O)n(c2ccc(Cl)cc2)c1=O,-28.48,0
M2R-decoy_159,Nc1nc2c(Br)c3nc(N)sc3cc2s1,-28.48,0
M2R-decoy_324,Clc1nc(N2CCOCC2)ncc1Br,-28.48,0
M2R-decoy_6204,C[C@H](CCC(=O)OCc1ccc(S(N)(=O)=O)cc1)[C@H]1CC[C@H]2[C@H]3[C@H](CC[C@@]21C)[C@@]1(C)CC[C@@H](O)C[C@H]1C[C@H]3O,-28.48,0
M2R-decoy_6407,C[C@H](CCC(=O)OCc1ccc(S(N)(=O)=O)cc1)[C@H]1CC[C@H]2[C@H]3[C@H](C[C@H](O)[C@@]21C)[C@@]1(C)CC[C@@H](O)C[C@H]1C[C@H]3O,-28.48,0
M2R-decoy_218,Cc1nnc(C)n1/N=C/c1cc(Br)ccc1O,-28.47,0
M2R-decoy_5184,CCOc1ccc(/C=C/C(=O)N2CCN(S(=O)(=O)c3ccc(Br)cc3)CC2)cc1,-28.47,0
M2R-decoy_7042.2,C[C@H]1CN([C@@H](C)CO)S(=O)(=O)c2ccc(C#CC3CCCCC3)cc2O[C@@H]1C[NH+](C)Cc1cccnc1,-28.47,0
M2R-decoy_10378,O=C(c1ccc(Cl)s1)N1CCN(S(=O)(=O)c2ccc(Cl)cc2)CC1,-28.46,0
M2R-decoy_2590,CC(C)C(=O)Nc1ccc(S(=O)(=O)NC[C@@H](O)C[C@@H](Cc2ccccc2)C(=O)N[C@H]2c3ccccc3C[C@H]2O)cc1,-28.46,0
M2R-decoy_3236,CN(Cc1ccccc1)C(=O)c1ncn(Cc2ccccc2)c1C(=O)N(C)Cc1ccccc1,-28.46,0
M2R-decoy_5410,COC(=O)[C@]12CCCCC=C1N(Cc1ccc(Cl)cc1Cl)C(=O)[C@H](CC(=O)NCCCN1CCCC1=O)C2,-28.46,0
M2R-decoy_545,Cc1cc(=O)oc2cc(O[C@@H]3OC[C@@H](O)[C@@H](O)[C@H]3O)ccc12,-28.46,0
M2R-decoy_8502,CCC/C(=N/NC(=O)C(N)=O)C(CC)C(=O)CCC(=O)N(Cc1ccccc1)Cc1ccccc1,-28.46,0
M2R-decoy_999,Cc1nn(c2ccccc2)c(O)c1/C=N/c1ccc(S(N)(=O)=O)cc1,-28.46,0
M2R-decoy_4428,COc1cc(OC)cc(N(CC2CC2)c2ccc3ncc(c4cnn(CCNS(C)(=O)=O)c4)nc3c2)c1,-28.45,0
M2R-decoy_5939,CCc1c(Cc2cc(C)cc(C)c2)n(COC/C=C/c2ccc(OC(=O)c3ccccc3)cc2)c(=O)[nH]c1=O,-28.45,0
M2R-decoy_6733,CCOC(=O)N1CCC(CN(C2Cc3cc(C#N)ccc3N(Cc3cncn3C)C2)S(=O)(=O)c2ccccn2)CC1,-28.45,0
M2R-decoy_9176,CCCCCCC#Cc1c(CCCCCC)oc2nc(=O)n(Cc3cn(c4ccc(Cl)cc4)nn3)cc12,-28.45,0
M2R-decoy_1036,CC1(C)OC(=O)[C@@]2(C=C[C@@H](OC(=O)/C=C/c3ccc(O)c(O)c3)[C@H](O)C2)O1,-28.44,0
M2R-decoy_5350.1,CC[NH+](C/C=C/C#CC(C)(C)C)Cc1cccc(OCCN(C)S(=O)(=O)c2ccc(Br)cc2)c1,-28.44,0
M2R-decoy_9020,Cc1ccc(NC(=O)c2ccc(I)cc2OCCCCn2ccnc2)cc1Nc1nccc(c2cccnc2)n1,-28.44,0
M2R-decoy_946,Cc1c(Br)sc2c(C(N)=O)cnc(N)c12,-28.44,0
M2R-decoy_10007,Cc1cc(C(=O)[O-])ccc1c1nc(C)c(c2cnc(N3CCOCC3)nc2CN2C(=O)O[C@H](c3cc(C(F)(F)F)cc(C(F)(F)F)c3)[C@@H]2C)s1,-28.43,0
M2R-decoy_10020,C[C@H]1CN([C@H](C)CO)C(=O)c2cc(NC(=O)Cc3ccccc3)ccc2O[C@H](C)CCCCO[C@@H]1CN(C)S(=O)(=O)c1ccccc1,-28.43,0
M2R-decoy_1411,Oc1cc2c(cc1O)CN(C(=S)NCCc1ccc(F)cc1)CC2,-28.43,0
M2R-decoy_363,CC(C)n1c(=O)[nH]c2cn(c3ccc(Br)cc3)c(=O)n21,-28.43,0
M2R-decoy_4403,O=S(=O)(c1ccc(C2=CSC(Nc3ccc(F)cc3)N2CCCCCCO)cc1)N1CCCC1,-28.43,0
M2R-decoy_7875,O=C(N1CC[C@](c2ccc(C(F)(C(F)(F)F)C(F)(F)F)cc2)(S(=O)(=O)c2ccc(F)cc2)C1)C1(O)CCS(=O)(=O)CC1,-28.43,0
M2R-decoy_8245,C=CC(=O)NCCCC[C@H](NC(=O)Cc1ccccc1)C(=O)N1CCN(c2ccc([N+](=O)[O-])nc2)CC1,-28.43,0
M2R-decoy_2430,CCc1ccc(C(=O)O[C@H]2CC(=O)O[C@@H]2CO)cc1,-28.42,0
M2R-decoy_1581,O=[N+]([O-])c1nccn1COCCBr,-28.42,0
M2R-decoy_4062,CCCCc1sc(c2ccc(Oc3ccc(Cl)cc3)cc2)nc1c1ccc(OCCC[NH+](CC)CC)cc1,-28.42,0
M2R-decoy_4391,COc1ccc(N(CC(=O)NCC2CCCO2)C(=O)CCC(=O)Nc2nccs2)c(OC)c1,-28.42,0
M2R-decoy_3347,C=CCn1c(SCC(=O)c2ccccc2)nnc1c1ccc(OC)c(OC)c1,-28.42,0
M2R-decoy_5230,CCCn1c(=O)c2nc(c3ccc(OCC(=O)c4ccc(Br)cc4)cn3)[nH]c2n(CCC)c1=O,-28.42,0
M2R-decoy_5756,CCC1CCC(C(=O)NC(CCSC)C(=O)NCCc2ccc(S(N)(=O)=O)cc2)CC1,-28.42,0
M2R-decoy_7602,C/C1=C\[C@@H]2[C@H](CC[C@]3(CO3)[C@H](OC(=O)c3ccccc3)[C@H]3[C@@H](OC(=O)c4ccccc4)[C@@H](C)C[C@]3(OC(=O)c3ccccc3)C1=O)C2(C)C,-28.42,0
M2R-decoy_8178,Cc1nccc(c2ccc(C[C@H](NC(=O)[C@@H]3Cc4cc5c(cc4C[NH+]3Cc3nccn3C)O[C@@H](c3ccc(OCc4ccc(Cl)c(Cl)c4)cc3)CO5)C(=O)[O-])cc2)c1C,-28.42,0
M2R-decoy_11209,CC(=O)N1c2ccc(S(=O)(=O)N3CCN(c4ccc(C)cc4C)CC3)cc2CC1C,-28.41,0
M2R-decoy_11491,CC1(C)C[C@]2(CC[C@H](Oc3ncnc4c3CCN4c3ccc(S(C)(=O)=O)cc3F)CC2)CO1,-28.41,0
M2R-decoy_1157,Cc1ccc(C(=O)Nc2cnc3sc4c(n3c2=O)CCCC4)cc1,-28.41,0
M2R-decoy_320,Clc1ncnc2ncn(C3CSc4ccccc4CO3)c12,-28.41,0
M2R-decoy_5427,COc1cccc(CN(C)C(=O)CCCN2c3ccccc3N(Cc3ccc(C(O)(C(F)(F)F)C(F)(F)F)cc3)S2(=O)=O)c1,-28.41,0
M2R-decoy_6357,Cc1onc(c2ccccc2)c1CN(C1Cc2cc(C#N)ccc2N(Cc2cncn2C)C1)S(=O)(=O)c1ccccn1,-28.41,0
M2R-decoy_6812.1,O=C(c1ccc(NS(=O)(=O)c2cccc3c(O)ncnc23)cc1)N1CCC(O)(CCC(F)(F)F)CC1,-28.41,0
M2R-decoy_733,N#Cc1ccc(N2C[C@H]3[C@H]([NH2+]CC(=O)N4C[C@@H](F)C[C@H]4C#N)[C@H]3C2)cc1,-28.41,0
M2R-decoy_9672,Cc1noc(Cn2cc(S(=O)(=O)N(C)C)ccc2=O)n1,-28.41,0
M2R-decoy_1930,COC[C@@H]1CCCN1S(=O)(=O)c1ccc2c(c1)C(=O)C(=O)N2Cc1ccc(OCCF)cc1,-28.4,0
M2R-decoy_1508,CC(C)Oc1nnc(COc2ccccc2)n1c1ccccc1,-28.4,0
M2R-decoy_2763,N#Cc1ccc(Cn2cncc2CN(c2ccc(N3CCN(C(=O)c4ccc(Cl)s4)CC3)cc2)S(=O)(=O)c2ccccc2)cc1,-28.4,0
M2R-decoy_1611,CC(Oc1ccc([S+](C)[O-])cc1)C(=O)OC1CC2CCC(C1)[NH+]2C,-28.4,0
M2R-decoy_3785,O=c1cc(c2ccc(OCCOCCOCCn3cc(CNc4ccccc4)nn3)cc2)oc2ccc(F)cc12,-28.4,0
M2R-decoy_323,N#Cc1cc(F)cc(C#Cc2csc(Br)n2)c1,-28.4,0
M2R-decoy_6266,CCC(C)C(=O)O[C@@H]1[C@H]2[C@@H]([C@@H](OC(C)=O)[C@@H](C)C(=O)[C@@]34C[C@@H](C)[C@@H](OC(C)=O)[C@]3(/C=C(\C)[C@H]1O)O4)C2(C)C,-28.4,0
M2R-decoy_10885,Cc1nc(N2CCN(S(=O)(=O)c3ccc(F)cc3)CC2)c2c(n1)scc2c1cccs1,-28.39,0
M2R-decoy_1533,O=C(CCC(=O)OCC(F)(F)C(F)F)NCc1ccccc1,-28.39,0
M2R-decoy_3653,CCN(CC)S(=O)(=O)N(Cc1cccc(C)c1)Cc1ccccn1,-28.39,0
M2R-decoy_3886,CCN(CC)S(=O)(=O)c1ccc(C(=O)NCc2nnc(SCC(=O)N3CCc4ccccc43)n2c2ccccc2OC)cc1,-28.39,0
M2R-decoy_3210,CCc1nnc(Cc2c(Cl)cncc2Cl)c2cc(OC3CCCC3)c(OC)cc12,-28.39,0
M2R-decoy_6494,CCC1(c2ccc(F)cc2)NC(=O)N(CC(=O)N2CCN(S(=O)(=O)c3ccc(Cl)cc3)CC2)C1=O,-28.39,0
M2R-decoy_2274,COc1cc(C=O)ccc1OCCOCCOc1ccc(Cl)cc1,-28.38,0
M2R-decoy_289,CN(C)C(=O)Nc1ccc(I)cc1,-28.38,0
M2R-decoy_4182,Cc1cc(=O)oc2cc(OCc3cn(CCCCCCCOc4ccc5ccc(=O)oc5c4)nn3)ccc12,-28.38,0
M2R-decoy_5357,COC(=O)c1ccc(C(NC(=O)OCc2ccccc2)/C(=C/[C@@H](C)C(=O)NCc2nc3ccccc3n2C)c2cccnc2)cc1,-28.38,0
M2R-decoy_6350,N#Cc1ccc(C2C3=C(CCC3=O)N(c3cccc(C(F)(F)F)c3)C(=O)N2CC(=O)N2CCc3[nH]c(=O)ccc3C2)cc1,-28.38,0
M2R-decoy_638,Cc1ccc2nc(N3CCN(C(=O)c4ccco4)CC3)c3nncn3c2c1,-28.38,0
M2R-decoy_6995,COc1c(Nc2ncc(Cl)c(N[C@H]3[C@@H](C(N)=O)[C@@H]4C=C[C@H]3C4)n2)ccc2c1CC[C@H]([NH+]1CCOCC1)CC2,-28.38,0
M2R-decoy_9763,CC(=O)C1=CC[C@H]2[C@@H]3CC(=O)C4=C[C@@H](OC(=O)c5ccc(I)cc5)CC[C@]4(C)[C@H]3CC[C@]12C,-28.38,0
M2R-decoy_10876,CC(C)c1nnc2c(SCC(=O)N3CCN(c4ccc(F)cc4)CC3)nc3ccccc3n12,-28.37,0
M2R-decoy_10330,O=c1oc2ccccc2c2nn(S(=O)(=O)c3ccc(F)cc3)cc12,-28.37,0
M2R-decoy_5979,O=C([O-])CCSC(CCc1ccccc1C(=O)N1CCCCC1)c1cccc(OCc2ccc3ccc(Cl)cc3n2)c1,-28.37,0
M2R-decoy_6162,Nc1nc(Nc2ccc(N3CCOCC3)cc2)nc(c2cccc(N3CCc4cc(C5CC5)ccc4C3=O)c2CO)n1,-28.37,0
M2R-decoy_7213,Cc1ccc2nc([C@H](CC3CCN(C(=O)C4CCCC4)CC3)N3C(=O)CN(c4ccc(Oc5ccccc5)cc4)C3=O)n(C)c2c1,-28.37,0
M2R-decoy_9021,Cc1ccc(NC(=O)c2ccc(OCCCCn3ccnc3)c(I)c2)cc1Nc1nccc(c2cccnc2)n1,-28.37,0
M2R-decoy_10747,O=S(=O)(c1ccc(C2CCCCC2)cc1)N1CCN(c2ncccn2)CC1,-28.36,0
M2R-decoy_11022,C=C1C(=O)O[C@H]2[C@H]1CC/C(COC(=O)c1coc(c3ccccc3C(F)(F)F)c1)=C/CC[C@@]1(C)O[C@@H]21,-28.36,0
M2R-decoy_355,NS(=O)(=O)c1ccc(/N=C2\C(=O)Nc3ccc(F)cc32)cc1,-28.36,0
M2R-decoy_3675,FC(F)(F)Oc1cccc(C[NH2+]CC[NH2+]C2C3CC4CC(C3)C2C4)c1,-28.36,0
M2R-decoy_3775,O=C(CCCCCO[N+](=O)[O-])N[C@@H](CC(=O)N1CCn2c(nnc2C(F)(F)F)C1)Cc1cc(F)c(F)cc1F,-28.36,0
M2R-decoy_595,O=C1NC(=S)NC(=O)C1=Cc1cccn1c1ccc(O)cc1,-28.36,0
M2R-decoy_7001,COC(=O)c1cc(I)cc(CNc2ccc(S(=O)(=O)Nc3nnc(C)s3)cc2)c1,-28.36,0
M2R-decoy_7731,COc1ccc2c3c1O[C@H]1[C@H](N(C)C(=O)/C=C/c4ccoc4)CC[C@@]4(O)[C@@H](C2)N(S(=O)(=O)c2ccc(Br)cc2)CC[C@]314,-28.36,0
M2R-decoy_10708,O=c1/c(=C/c2cccc([N+](=O)[O-])c2)sc2nc3ccccc3n12,-28.35,0
M2R-decoy_1197,O=C1Nc2ccc(I)cc2/C1=N/c1ccccc1,-28.35,0
M2R-decoy_1512,CC(C)C(O)(Cn1cncn1)C(C)(O)c1ccc(Cl)cc1,-28.35,0
M2R-decoy_426,CSC1=N/C(=C\c2ccccc2F)C(=O)S1,-28.35,0
M2R-decoy_7145.1,Cc1nccc2sc(c3c(C)nc(N[C@H](C)c4ccc(OC(F)(F)F)cc4)nc3N[C@@H]3C[C@H](CO)[C@@H](O)[C@H]3O)nc12,-28.35,0
M2R-decoy_7424,C=C[C@]1(C)C[C@@H](OC(=O)N2CCc3cc(OC)c([N+](=O)[O-])cc3C2=O)[C@]2(C)[C@H](C)CC[C@]3(CCC(=O)[C@H]32)[C@@H](C)[C@@H]1O,-28.35,0
M2R-decoy_9168,CC(=O)CC1C[C@@H](CCCCCCCC#C[C@@H](O)COCCOC[C@@H](O)c2ccccc2)OC1=O,-28.35,0
M2R-decoy_8455,CC(=O)c1c(=O)n(CCOC(=O)C(Cc2ccccc2)NC(=O)OCc2ccccc2)nc(c2ccc(Cl)cc2)c1c1ccc(Cl)cc1,-28.35,0
M2R-decoy_11075,O=C(Cc1c(Cl)cncc1Cl)c1ccc(OC(F)F)c2c1OCC1(CCOCC1)CO2,-28.34,0
M2R-decoy_1198,CC1CN(C(=O)OC(C)(C)C)CCN1C(=S)Nc1ccc(C#N)cc1,-28.34,0
M2R-decoy_2523,CSc1nc(=O)n(CCC#N)nc1SC,-28.34,0
M2R-decoy_5393,CS(=O)(=O)c1ccc(CO/N=C2/C(=O)N(Cc3nc4ccccc4n3CCCC#N)c3ccncc32)cc1,-28.34,0
M2R-decoy_5632,COC(=O)[C@H](Cc1ccc(c2ccsc2)cc1)NC(=O)CCCCCCC(=O)NO,-28.34,0
M2R-decoy_4914,CCCC(OC(=O)C(Cc1ccc(N(CCCl)CCCl)cc1)NC=O)c1cc(O)c2c(c1O)C(=O)c1ccccc1C2=O,-28.34,0
M2R-decoy_50,CSc1nc2ncc(c3ccsc3)c(N)n2n1,-28.34,0
M2R-decoy_6730,CC(=O)NNC(=O)CSc1nnc(Cc2c(NC(C)=O)sc3c2CCCC3)n1NC(=O)c1ccccc1,-28.34,0
M2R-decoy_11422,COc1ccc(Cl)cc1O[C@@H]1CN(S(=O)(=O)c2ccc3c(c2)OCO3)[C@@H]1C,-28.33,0
M2R-decoy_6126,CC(C)(C)OC(=O)N1CCN(C(=S)SCc2cn(CCOc3ccc4ccc(=O)oc4c3)nn2)CC1,-28.33,0
M2R-decoy_7597,C[C@@H]1CN([C@H](C)CO)C(=O)c2cccc(NC(=O)Nc3ccc(F)cc3)c2O[C@H]1CN(C)S(=O)(=O)c1ccc(Cl)cc1,-28.33,0
M2R-decoy_9476,CC(C)CCNC(=O)CN(Cc1ccc(F)cc1)C(=O)CCC(=O)Nc1ccccn1,-28.33,0
M2R-decoy_1292,COc1ccc(NC(=S)N2CCN(c3ncccn3)CC2)cc1,-28.32,0
M2R-decoy_4475,CNc1ccc(/C=C/c2ccc(OCCOCCOCCF)nc2)cc1,-28.32,0
M2R-decoy_6327,COC(=O)[C@@H](O)[C@H]1C(C)(C)[C@H](OC(C)=O)C[C@@H]2O[C@]34CC(=O)O[C@@H](c5ccoc5)[C@]3(C)C[C@@H](C(=O)[C@@H]4C)[C@@]21C,-28.32,0
M2R-decoy_6770,CS(=O)(=O)c1ccc(Cl)c(C(=O)Nc2ccc3c(c2)-c2c(c(C(N)=O)nn2c2ccc4c(c2)OCO4)CC3)c1,-28.32,0
M2R-decoy_9110,Cc1ccc(c2c(C)c(OCCCOc3c(Cl)cc(OCC=C(Cl)Cl)cc3Cl)nn2C)cc1C,-28.32,0
M2R-decoy_1286,CNc1nc(C(=O)N2CCCN(c3ccnc(C)c3)CC2)cs1,-28.31,0
M2R-decoy_10319,O=C(c1ccccc1Br)N1CCN(c2ccccc2)CC1,-28.31,0
M2R-decoy_5570,CCN(CC)c1nc2nc(SCc3cccc(F)c3F)nc(NC(CO)CO)c2s1,-28.31,0
M2R-decoy_10126,O=c1[nH]c(=O)n(C[C@H]2CCC[C@H]2CO)cc1I,-28.3,0
M2R-decoy_6694,Cc1cccc(S(=O)(=O)NC(Cc2ccc(C3CC(=O)NS3(=O)=O)cc2)c2nc3ccccc3[nH]2)c1,-28.3,0
M2R-decoy_9511,Nc1nc(c2ccc(OCc3cccc(C(=O)NCCNC(=O)c4ccc(COc5ccccc5c5coc(N)n5)cc4)c3)cc2)co1,-28.3,0
M2R-decoy_10127,CN(C)c1ccc(/C=C2/SC(=[NH+]c3ccc(O)cc3)NC2=O)cc1,-28.29,0
M2R-decoy_11341,CCS(=O)(=O)N1CCc2cc(S(=O)(=O)c3ccc4c(c3)OCCO4)ccc21,-28.29,0
M2R-decoy_2,CC1CCCCC1NC(=S)NC(=O)c1cccs1,-28.29,0
M2R-decoy_3171,CCN(CCOC)c1cc(C)nc(N(CC)c2ccc(C(C)C)cc2Br)n1,-28.29,0
M2R-decoy_3739,COC(c1ccc(C(=O)N(C)CCCCCCC(=O)NO)cc1)(c1ccc(F)cc1F)c1ccc(F)cc1F,-28.29,0
M2R-decoy_5145,COc1ccc(N(CC(=O)N2CCN(c3ccccc3)CC2)S(=O)(=O)c2c(C)nn(C)c2C)cc1,-28.29,0
M2R-decoy_10704.1,CC(C)(C)c1ncn2c1C=c1c(=O)[nH]/c(=C\c3ccccc3)c(=O)n1C2,-28.28,0
M2R-decoy_10888,C=CCn1/c(=N/N=C/c2ccc3c(c2)[n+]([O-])c(C)c(C)[n+]3[O-])scc1c1ccc(Cl)cc1,-28.28,0
M2R-decoy_5172,CC(=O)OCC1=C(C(=O)OC(c2ccccc2)c2ccccc2)N2C(=O)/C(=C/c3ccccc3)C2S(=O)(=O)C1,-28.28,0
M2R-decoy_487,O=C(NNC(=O)c1ccccc1O)c1ccc(Br)cc1,-28.28,0
M2R-decoy_9496,C=C1/C=C/C(=O)N[C@H](C)C(=O)N[C@@H](C(C)C)C(=O)O[C@@H]([C@H](C)CCCCCC)[C@H](CCO[Si](c2ccccc2)(c2ccccc2)C(C)(C)C)C(=O)N1,-28.28,0
M2R-decoy_11131,Cc1nn(CC(=O)N2CCN(c3ccccc3F)CC2)c(=O)c2cccn12,-28.27,0
M2R-decoy_700,C#CCOC(=O)N1CCC[C@H]1C(=O)NC[C@@H]1CC(Br)=NO1,-28.27,0
M2R-decoy_8211,CCC(C)n1ncn(c2ccc(N3CCN(c4ccc(OC[C@@H]5COC(Cn6ccnc6)(c6ccc(Cl)cc6Cl)O5)cc4)CC3)cc2)c1=O,-28.27,0
M2R-decoy_9746,CS(=O)(=O)c1cc(Cl)c(NC(=O)N2CCN3C(=O)N([C@H]4C[C@@H]4c4ccccc4)C(=O)C3C2)c(Cl)c1,-28.27,0
M2R-decoy_516,O=C(NN1CCOCC1)c1ccc(Br)s1,-28.26,0
M2R-decoy_5330,CC[NH+](C/C=C/C#CC(C)(C)C)Cc1cccc(OCCN(C)S(=O)(=O)c2ccc(Br)s2)c1,-28.26,0
M2R-decoy_5575,COc1cc(/C=C/C(=O)/C=C(/C=C/c2ccc(O)c(OC)c2)NCCO)ccc1O,-28.26,0
M2R-decoy_5935,COc1c(OCC(F)(F)C(F)(F)C(F)(F)C(F)F)ccnc1C[S+]([O-])c1nc2cscc2[nH]1,-28.26,0
M2R-decoy_8926,CCCCC(CC)C(=O)Nc1ccc2ccn(Cc3ccc(C(=O)NS(=O)(=O)c4ccc(C)cc4)cc3OC)c2c1,-28.26,0
M2R-decoy_11148,CC(C)(C)COc1cc(C(F)(F)F)nn1c1ccc(S(C)(=O)=O)cn1,-28.25,0
M2R-decoy_11358,O=C(/C=C/c1ccco1)N1CCN(S(=O)(=O)c2ccc(F)c(F)c2F)CC1,-28.25,0
M2R-decoy_2373,COC(=O)[C@H](CCSC)NC(=O)N1CCC(C)CC1,-28.25,0
M2R-decoy_2402,CCOCCCNC(=O)C(C)n1cc(Br)cn1,-28.25,0
M2R-decoy_4963,CCOC(=O)/C=C/[C@H](C[C@@H]1CCNC1=O)NC(=O)[C@@H]1C[C@@H](Cc2ccccc2)CN1C(=O)[C@@H](NC(=O)c1cc(C)on1)C(C)C,-28.25,0
M2R-decoy_7080,C/C=C/c1ccc2c(c1)O[C@@H](CN(C)C(=O)Nc1ccc(OC)cc1)[C@@H](C)CN([C@@H](C)CO)S2(=O)=O,-28.25,0
M2R-decoy_8095,CCCCCCCC(=O)O[C@H]1/C(=C/C(=O)OC)C[C@H]2C[C@H](CO)OC(=O)CCOc3ccc(c4ccc5[nH]ccc5c4)cc3C(=O)OCC(C)(C)[C@]1(O)O2,-28.25,0
M2R-decoy_352,COc1cc(/C=c2\sc3nccn3c2=O)c(Br)cc1O,-28.24,0
M2R-decoy_469,CN1C(=O)/C(=C\C=C\c2cccs2)C(=O)NC1=S,-28.24,0
M2R-decoy_10027,C[C@H]1CCCCO[C@H](CN(C)C(=O)Nc2ccc(C(F)(F)F)cc2)[C@@H](C)CN([C@@H](C)CO)C(=O)c2cc(NS(=O)(=O)c3ccccc3)ccc2O1,-28.23,0
M2R-decoy_1370,CNS(=O)(=O)c1ccc2c(c1)/C(=C/c1cc3c([nH]1)CCCC3)C(=O)N2,-28.23,0
M2R-decoy_441,N#Cc1cc(F)cc(C#Cc2csc(Cl)n2)c1,-28.23,0
M2R-decoy_138,CC(C)(C)/[N+]([O-])=C/c1cc2c(cc1Br)OCO2,-28.22,0
M2R-decoy_2252,CCCc1nnc(SCC(=O)N2CCCC(C)C2)n1CCCOC,-28.22,0
M2R-decoy_3725,CCC(C)(C)NC(=O)C(c1cccc(OC)c1OC)N(C(=O)CCC(=O)Nc1cc(C)on1)C(C)C,-28.22,0
M2R-decoy_6099,CCOCCCn1c(SCC(=O)NCc2ccco2)nc2c(sc3ccccc32)c1=O,-28.22,0
M2R-decoy_6768,CC(=O)Nc1ccc([C@H](C(=O)NC(C)(C)C)N2C(=O)[C@@H](C3Cc4ccccc4C3)NC(=O)[C@H]2CC(C)C)cc1,-28.22,0
M2R-decoy_4718,CCn1nc(C(=O)OCC(=O)N(CCC#N)c2ccccc2)c2ccccc2c1=O,-28.21,0
M2R-decoy_5516,Cc1ccccc1N1CCN(c2ccc(C(=O)NCCCN3CCOC3=O)cc2NC(=O)c2ccco2)CC1,-28.21,0
M2R-decoy_9012,CCCCCCCCCCCCC[C@@H]1C[C@@H](OC(=O)c2cc(F)c(Cl)nc2Cl)C[C@]2(CCC3(C=CC(=O)C=C3)O2)O1,-28.21,0
M2R-decoy_11226,CC1CCN(C(=O)C2CCCN(S(=O)(=O)c3ccc4c(c3)CC(C)N4C(=O)C3CC3)C2)CC1,-28.2,0
M2R-decoy_307,O=[N+]([O-])c1ccc2c(c1)C1=C(CO2)Cc2ccccc2O1,-28.2,0
M2R-decoy_3877,CC[C@@H](C)[C@H](NC(=O)OCc1ccccc1)C(=O)N[C@@H](Cc1ccccc1)C(=O)C(F)(F)CCc1ccccc1,-28.2,0
M2R-decoy_4232,CCOC(=O)[C@@H]1O[C@@H]1C(=O)[C@H](CCc1ccccc1)NC(=O)[C@H](Cc1ccccc1)NC(=O)OCc1ccccc1,-28.2,0
M2R-decoy_4275,CCCN(CCC)S(=O)(=O)c1ccc(C(=O)N/N=C/c2ccc(N(C)CCC#N)cc2)cc1,-28.2,0
M2R-decoy_3367,CCCc1ccc(C(=O)C(C)Sc2nnc(c3ccc(OC(F)F)cc3)o2)cc1,-28.2,0
M2R-decoy_5147,O=CC(Cc1ccccc1)NC(=O)[C@H]1CSCN1S(=O)(=O)c1ccc(Br)cc1,-28.2,0
M2R-decoy_9099,Cc1ccc2c(c1)[C@H]1O[C@H](COCc3ccccc3)[C@@H](OCc3ccccc3)[C@H](OCc3ccccc3)[C@H]1CS2,-28.2,0
M2R-decoy_11218,O=S(=O)(c1ccc(F)cc1)N1CCN(c2nc(Cl)ncc2Br)CC1,-28.19,0
M2R-decoy_1237,O=c1c(I)c[nH]cc1I,-28.19,0
M2R-decoy_3636.1,CCc1nnc(NC(=O)CCSCc2cn3ccccc3n2)s1,-28.19,0
M2R-decoy_4478,CSCCC(NS(=O)(=O)Cc1ccccc1)C(=O)NNc1ccccc1,-28.19,0
M2R-decoy_3384,CCOP(=O)(OCC)OC(Nc1ccc(C)cc1)c1ccc(N(C)C)cc1,-28.19,0
M2R-decoy_6699,CC(=O)c1nn(CC(=O)N2[C@H](C(=O)NC3(c4cccc(Cl)c4F)COC3)C[C@H]3C[C@H]32)c2ncccc12,-28.19,0
M2R-decoy_6541,COc1ccc(C(=O)Nc2cc3ccc(O[C@@H]4OC(C)(C)[C@H](OC)[C@@H](O)[C@H]4O)c(C)c3oc2=O)cc1c1cccc(O)c1,-28.19,0
M2R-decoy_2070,Nc1cc(C[C@H](NS(=O)(=O)c2cccc(C(F)(F)F)c2)C(=O)[O-])ccc1OCCCCNc1ccccn1,-28.18,0
M2R-decoy_3186,Cc1noc(C)c1COc1ccccc1C(=O)N(C)Cc1ccc(C(C)(C)C)cc1,-28.18,0
M2R-decoy_4679,CN(CC(=O)Nc1ccc(F)cc1)C(=O)COc1ccc([N+](=O)[O-])cc1Cl,-28.18,0
M2R-decoy_6243,C/C=C/c1ccc2c(c1)O[C@@H](CN(C)C(=O)Nc1cc(F)ccc1F)[C@@H](C)CN([C@H](C)CO)S2(=O)=O,-28.18,0
M2R-decoy_2498,CC(=O)OCCSC(=S)n1ccnc1,-28.17,0
M2R-decoy_262,CC1(C)CCN(c2cnc(C#Cc3ccccc3)cn2)C(=O)N1,-28.17,0
M2R-decoy_8213,CCC(C)n1ncn(c2ccc(N3CCN(c4ccc(OC[C@@H]5CO[C@@](Cn6cnc(C)n6)(c6ccc(Cl)cc6Cl)O5)cc4)CC3)cc2)c1=O,-28.17,0
M2R-decoy_913,[O-][n+]1nn(c2ccccc2)c(Br)c1Br,-28.17,0
M2R-decoy_10730,Cc1cc(O)cc2c1C(=O)Oc1cc3c(c(O)c1O2)C(=O)OC3,-28.16,0
M2R-decoy_11509,O=C(CNC(=O)c1ccc(S(=O)(=O)N2CCCC2)cc1)N/N=C/c1ccco1,-28.16,0
M2R-decoy_1442,C1=C[C@H](COCc2ccccc2)OO[C@@H]1COCc1ccccc1,-28.16,0
M2R-decoy_2559,COc1ccc(S(=O)(=O)N(Cc2cn(CCOS(=O)(=O)c3ccc(C)cc3)nn2)[C@@H](C(=O)NO)C(C)C)cc1,-28.16,0
M2R-decoy_11293,O=[N+]([O-])c1c(CS(=O)(=O)c2ccccc2)nc2ccc(Br)cn12,-28.15,0
M2R-decoy_2275,CCCN(CCC)c1nc2ccccc2nc1C(C#N)C(=O)OC(C)COC,-28.15,0
M2R-decoy_3584,Fc1ccc(C(OCC[NH+]2CCC[NH2+]CC2)c2ccc(F)cc2)cc1,-28.15,0
M2R-decoy_4131,CCn1c(C(=O)Nc2ccc(OC(F)(F)F)cc2)ccc1C(CC)(CC)c1ccc(OCCC(O)(CC)CC)c(C)c1,-28.15,0
M2R-decoy_4740,CCOC(=O)[C@H](Cc1ccc(OC(=O)N(C)C)cc1)NC(=O)[C@H]1N(S(=O)(=O)c2ccn(C)n2)CSC1(C)C,-28.15,0
M2R-decoy_5354.1,Cc1cc(C[NH+](C[C@H]2CC[C@H](C(=O)[O-])CC2)C(C)c2ccc(Cl)c(Cl)c2)ccc1OCCN1C(=O)CN(C)C1=O,-28.15,0
M2R-decoy_9573,COc1ccc(S(=O)(=O)NCc2ccncc2)cc1Cl,-28.15,0
M2R-decoy_9583,Cc1ccccc1CNS(=O)(=O)c1ccc2c(c1)OCCO2,-28.15,0
M2R-decoy_1329,[N-]=[N+]=Nc1cc2cc(Br)ccc2oc1=O,-28.14,0
M2R-decoy_4339,Cc1cn(C/C=C\CP(=O)(OCOC(=O)C(C)(C)C)OCOC(=O)C(C)(C)C)c(=O)[nH]c1=O,-28.14,0
M2R-decoy_9645,CCCOC(=O)/C=C/c1coc2ccccc2c1=O,-28.14,0
M2R-decoy_9728,FC(F)(F)c1cnc(Nc2nc(N3CCCCC3)nc3c2CCN(c2ncccc2C(F)(F)F)CC3)cn1,-28.14,0
M2R-decoy_10227,c1cc2nc(N3CCOCC3)nc(N3CCOCC3)c2s1,-28.13,0
M2R-decoy_2352,Cc1ccc(S(=O)(=O)N(CCC#N)Cc2ccco2)cc1,-28.13,0
M2R-decoy_9271,Cc1ccc(n2ncc(C(=O)N3CCN(c4ccc(Cl)cc4)CC3)c2C2CCN(C(=O)OC(C)(C)C)CC2)c(C)c1,-28.13,0
M2R-decoy_1129,O=C1Nc2ccc(F)cc2/C1=C\C(=O)c1ccc2c(c1)OCO2,-28.12,0
M2R-decoy_266,Oc1cc(Br)cc(Br)c1O,-28.12,0
M2R-decoy_9697,CNC(=S)NCCC(=O)c1cc(OC)ccc1N,-28.12,0
M2R-decoy_349,Cc1nnc2n(c1=O)N=C(c1ccc(Cl)cc1)CS2,-28.11,0
M2R-decoy_4006,CCC(CSC(CCc1ccccc1S(C)(=O)=O)c1cccc(OCc2ccc3ccc(Cl)cc3n2)c1)C(=O)[O-],-28.11,0
M2R-decoy_7102,Cc1ccccc1CNC(=O)[C@H]1N(C(=O)[C@@H](O)[C@H](Cc2ccccc2)NC(=O)c2cccc(N)c2Cl)CSC1(C)C,-28.11,0
M2R-decoy_7639,C=C(COC)[C@@H]1CC[C@]2(COC(=O)n3ccnc3C)CC[C@]3(C)[C@H](CC[C@@H]4[C@@]5(C)CC[C@H](OC(=O)n6ccnc6C)C(C)(C)[C@@H]5CC[C@]43C)[C@@H]12,-28.11,0
M2R-decoy_6786,COc1cccc(c2cc(C(=O)Nc3cc4ccc(O[C@@H]5OC[C@@H](O)[C@H]5O)c(C)c4oc3=O)ccc2OC)c1,-28.11,0
M2R-decoy_11368,O=C1C(N2CC2)=CC(=O)c2c(OS(=O)(=O)c3ccc(F)cc3)cccc21,-28.1,0
M2R-decoy_1492,CCCCCCC(O)(Cn1cncn1)c1ccc(F)cc1F,-28.1,0
M2R-decoy_663,Cc1cn2c(=O)c(C(=O)N3CCN(c4ccccc4)CC3)cnc2s1,-28.1,0
M2R-decoy_8333,COCCOCCOC(=O)c1c[nH]c(c2cc(Oc3ccc(NC(=O)Nc4cc(C)ccc4F)cc3)ccn2)c1,-28.1,0
M2R-decoy_6719,CC(=O)N1CCc2cc(Br)cc(S(=O)(=O)CCC(=O)N3CCN(c4ccc(F)cc4)CC3)c21,-28.1,0
M2R-decoy_675.1,CNC(=S)N/N=C/c1cc(Br)cc(Br)c1O,-28.1,0
M2R-decoy_10285,Cc1nc2cc(Cl)ccc2nc1C#Cc1nc(N2CCCC2)nn1C,-28.09,0
M2R-decoy_1901,O=C[C@H](Cc1ccccc1)NC(=O)[C@@H]1C[C@@H](OS(=O)(=O)c2ccccc2)CN1S(=O)(=O)c1ccccc1,-28.09,0
M2R-decoy_214,O=C(Nc1nc2c(F)cccc2s1)C1=COCCO1,-28.09,0
M2R-decoy_1517,CCCCCCCc1nnn(CC#CI)n1,-28.09,0
M2R-decoy_3620,CC(=O)NC(C(=O)NCc1ccccc1)N(N)c1ccccc1,-28.09,0
M2R-decoy_3423,Cc1ccccc1c1nnc(N(Cc2ccccc2)N(C)C)s1,-28.09,0
M2R-decoy_10481,CCn1cc(Br)c(C(=O)N2CCN(c3ccccc3)CC2)n1,-28.08,0
M2R-decoy_1325,C=C(C)n1c(=O)n(C(C)=O)c2cc(Br)cnc21,-28.08,0
M2R-decoy_1698,CCC1(c2cccc(Oc3cc(Cc4cncn4C)ccc3C#N)c2)CCCCN(C)C1=O,-28.08,0
M2R-decoy_3502,COCCOC(=O)N[C@@H](CCCC[NH3+])C(=O)c1noc(Cc2ccc(OCCc3ccc(Cl)c(Cl)c3)cc2)n1,-28.08,0
M2R-decoy_4572.1,CC(C)OC(=O)C(C)NP(=O)(COCCn1cnc2c(NC3CC3)nc(N)nc21)Oc1ccccc1,-28.08,0
M2R-decoy_470,O=C1Nc2ccc(F)cc2/C1=N/NC(=S)NC1CC2C=CC1C2,-28.08,0
M2R-decoy_5280,COC1C[C@H](OC(=O)c2cccnc2)C[C@@H](/C=C/c2c(C(C)C)nc(N(C)S(C)(=O)=O)nc2c2ccc(F)cc2)O1,-28.08,0
M2R-decoy_4837,COc1ccc(S(=O)(=O)N(C)C[C@H]2Oc3ccc(NS(=O)(=O)c4ccc(C)cc4)cc3CC(=O)N([C@H](C)CO)C[C@H]2C)cc1,-28.08,0
M2R-decoy_11032,O=C1NC(=S)S/C1=C/c1ccc(OCc2nc3ccccc3c(=O)n2c2ccc(F)cc2)cc1,-28.07,0
M2R-decoy_5211,C[C@H]1CN([C@@H](C)CO)C(=O)c2cc(c3cccc(C(=O)N(C)C)c3)cnc2O[C@H]1CN(C)C(=O)Cc1ccccn1,-28.07,0
M2R-decoy_1179,O=C(Nc1ccccc1)C1=Cc2cc(Br)ccc2S1(=O)=O,-28.06,0
M2R-decoy_210,COc1cc(Br)c(Br)c(C=O)c1O,-28.06,0
M2R-decoy_682,Cc1c(C(=O)N2CC3CC(F)(F)CC3C2)cnn1c1nn2cccc2c(=O)[nH]1,-28.06,0
M2R-decoy_7023,Cc1cc(COc2ccc(S(=O)(=O)N3CCN(C(=O)C(C)(C)C)C(C(=O)NO)C3)cc2)c2c(n1)CCCC2,-28.06,0
M2R-decoy_2015,C=CC(=O)Nc1ccc(C(=O)N2CCC[C@@H](Nc3ncc(SCc4ccncc4)s3)C2)cc1,-28.05,0
M2R-decoy_3269,COc1ccc(c2sc(/N=C/c3ccc(N(C)CCC#N)cc3)c(C#N)c2C)cc1OC,-28.05,0
M2R-decoy_3311,C=CCn1c(SCC(=O)N2CCc3ccccc3C2)nnc1c1ccncc1,-28.05,0
M2R-decoy_5745,CC(C)CCC(=O)NC[C@H]1O[C@@H](n2cnc3c(NCc4ccc(Oc5ccccc5)cc4)ncnc32)[C@H](O)[C@@H]1O,-28.05,0
M2R-decoy_7490,Cc1cc(=O)oc2c3c(ccc12)S[C@H](C)[C@H](OC(=O)[C@]12CC[C@](C)(C(=O)O1)C2(C)C)[C@@H]3OC(=O)[C@]12CC[C@](C)(C(=O)O1)C2(C)C,-28.05,0
M2R-decoy_7865,Cc1cc(/N=C2\C(=O)N(S(=O)(=O)c3ccc([N+](=O)[O-])cc3)c3ccc(OC(F)(F)F)cc32)ccc1N1C(=O)c2ccc(Cl)cc2C1=O,-28.05,0
M2R-decoy_9123,CSCC(C)(C)NC(=O)c1c(I)cccc1C(=O)Nc1ccc(OCC=C(Cl)Cl)cc1Cl,-28.05,0
M2R-decoy_9987.1,Cc1cc(=O)oc2cc(Oc3nc(Nc4ccc(N5C(=O)C(C[NH+]6CCN(c7ccccn7)CC6)SC5c5ccc([N+](=O)[O-])cc5)cc4)nc(N(C)C)n3)ccc12,-28.05,0
M2R-decoy_11036,COc1ccc(C2CC(c3cccs3)=NN2C(=O)CSC(=S)N2CCSCC2)cc1,-28.04,0
M2R-decoy_10014,COc1ccc(S(=O)(=O)Nc2cccc(C3C4=C(CC(C)(C)CC4=O)N(c4ccc(S(N)(=O)=O)cc4)C4=C3C(=O)CC(C)(C)C4)c2)cc1,-28.04,0
M2R-decoy_5256,CCCC[C@H](NC(=O)O[C@@H]1CN(C(=O)OCCc2ccccc2)CC1(C)C)C(=O)C(=O)N[C@H](C)c1ccccc1,-28.04,0
M2R-decoy_8075,CCOC(=O)C1=C(C)N(C2OC(COC(=O)c3ccccc3)C(OC(=O)c3ccccc3)C2OC(=O)c2ccccc2)C(=S)NC1c1ccccc1,-28.04,0
M2R-decoy_10287,O=c1c2oc3nc(C(F)(F)F)ccc3c2ncn1/N=C/c1ccc(F)cc1,-28.03,0
M2R-decoy_2130,COc1ccc(S(=O)(=O)N(CC(C)C)C[C@@H](O)[C@H](Cc2ccccc2)NC(=O)c2cc3ccc(OC)cc3oc2=O)cc1,-28.03,0
M2R-decoy_22,N#Cc1ccc(N2CC3(CCN(c4nccs4)C3)C2)nc1,-28.03,0
M2R-decoy_2376,COCCNC(=O)Cn1nc(C(F)(F)F)c(Cl)c1C,-28.03,0
M2R-decoy_4568,C=CCC(=O)OCCCC[C@H](NC(=O)OCC1c2ccccc2-c2ccccc21)C(=O)N1CCC[C@H]1C(=O)c1nc2ccccc2[nH]1,-28.03,0
M2R-decoy_561,CSCC1=C[C@@H](n2cnc3c(N)ncnc32)[C@H](O)[C@@H]1O,-28.03,0
M2R-decoy_1888,CC(C)[C@H](NC(=O)C[C@H](NC(=O)/C=C/c1ccccc1)c1ccccc1)C(=O)[C@@H]1C(=O)NC(=O)[C@H]1C,-28.02,0
M2R-decoy_1465,Cc1cc(C)nc(SCCS(=O)(=O)Cc2ccccc2)n1,-28.02,0
M2R-decoy_4368,CCOP(=O)(CCCn1cc(Cn2ccc(=O)n(C(=O)c3ccccc3)c2=O)nn1)OCC,-28.02,0
M2R-decoy_6940,O=C(CCBr)NC[C@H]1O[C@@H](n2cc(Cc3ccc(C4CC4)cc3)c3c(Cl)cccc32)[C@H](O)[C@@H](O)[C@@H]1O,-28.02,0
M2R-decoy_8714,Cc1c(COc2cccc(OCc3cncc(C#N)c3)c2)cccc1c1cccc(COc2ccc(C[NH2+][C@H](CO)C(=O)[O-])c(OCc3cncc(C#N)c3)c2)c1C,-28.02,0
M2R-decoy_11283,Cc1ccc(C)c(N2CCN(C(=O)c3cc(S(=O)(=O)N4CCCCC4)cn3C)CC2)c1,-28.01,0
M2R-decoy_10146,Cc1cccc(C[NH+]2CCc3ncnc(N4CCCC4)c3CC2)n1,-28.01,0
M2R-decoy_3530,COc1cncc(CN(C)C(=O)NC(C(=O)N[C@@H](Cc2ccccc2)C[C@H](O)[C@H](Cc2ccccc2)NC(=O)OCc2cccnc2)C(C)C)c1,-28.01,0
M2R-decoy_7542,C[C@@H]1[C@H]2C3=CC[C@@H]4[C@]5(C)[C@@H](CC[C@@]4(C)[C@]3(C)CC[C@@]2(C(=O)OCc2ccccc2[N+](=O)[O-])CC[C@H]1C)C(C)(C)[C@@H](O)[C@@H](O)[C@@H]5O,-28.01,0
M2R-decoy_1690,CCCCC1=CC2=C(c3ccco3)C(=O)C(C)(OC(=O)c3cccs3)C(=O)C2=CO1,-28.0,0
M2R-decoy_3952,O=C(C/C(CCC(=O)N(Cc1ccccc1)Cc1ccccc1)=N/Nc1ccc([N+](=O)[O-])cc1[N+](=O)[O-])c1ccccc1,-28.0,0
M2R-decoy_4049,Fc1ccccc1c1n[nH]c(=S)n1[C@H]1[C@H](OCc2ccccc2)O[C@H](COCc2ccccc2)[C@@H](OCc2ccccc2)[C@@H]1OCc1ccccc1,-28.0,0
M2R-decoy_5869,Cc1ccn2cc(CNS(=O)(=O)c3ccc(Cl)s3)nc2c1,-28.0,0
M2R-decoy_7863,O=C1/C(=C/c2ccc(O)c(Br)c2)C[NH+](Cc2cccc(Cl)c2)C/C1=C\c1ccc(O)c(Br)c1,-28.0,0
M2R-decoy_9436,C=C[C@H](O)C#CC#C[C@H](/C=C\CCCCCCC)OC(=O)/C=C/c1ccc(O)c(OC)c1,-28.0,0
M2R-decoy_9661,Nc1ncnc2c1ncn2[C@H]1CC[C@H](OCC(=O)NO)C1,-28.0,0
M2R-decoy_6247,COc1nc(S(C)(=O)=O)ncc1COc1cc(/C=C2\SC(=O)N(C)C2=O)c(Br)cc1O,-27.99,0
M2R-decoy_7317,Cc1ccc(S(=O)(=O)N2C[C@H]3C(=O)C[C@@H](c4cccc(Cl)c4)N(S(=O)(=O)c4ccc(C)cc4)[C@H]3C[C@H]2c2ccc(Cl)cc2)cc1,-27.99,0
M2R-decoy_10373,CC1CCN(S(=O)(=O)c2ccc(C(=O)N3CCSCC3)cc2)CC1,-27.98,0
M2R-decoy_10258,O=C1OC(=C(Br)Br)C=C1CBr,-27.98,0
M2R-decoy_1880,COc1ccc(C(C(=O)NCC2CCCO2)N(C(=O)Cn2nnc3ccccc32)c2ccc(NC(C)=O)cc2)cc1,-27.98,0
M2R-decoy_1451,CCCN(c1cncnc1)P(=O)(c1ccccc1)c1ccccc1,-27.98,0
M2R-decoy_3845,CCOC(=O)C1=C(C)OC2OC(COCc3ccccc3)C(OCc3ccccc3)C(OCc3ccccc3)C2S1,-27.98,0
M2R-decoy_3851,O=C(CCC(NC(=O)OCc1ccccc1)C(=O)OCc1ccccc1)NCC(=O)OCc1ccccc1,-27.98,0
M2R-decoy_5587,CCOc1ccc(N(CC(=O)NCC2CCCO2)S(=O)(=O)c2ccc(SC)cc2)cc1,-27.98,0
M2R-decoy_6619,C[C@]12CC[C@H](O[C@@H]3O[C@H](CO)[C@@H](O)[C@H]3O)C[C@@H]1CC[C@@H]1[C@@H]2CC[C@]2(C)[C@@H](C3=CC(=O)OC3)CC[C@@]12O,-27.98,0
M2R-decoy_750.1,O=C([O-])CC1S/C(=[NH+]\N=C2CCCCCCC2)N(c2ccccc2)C1=O,-27.98,0
M2R-decoy_7766,O=C(NCc1cccc(OC(F)(F)F)c1)c1cccc2c1C(=O)c1ccc(c3ccc(F)cc3OCc3ccccc3)cc1S2(=O)=O,-27.98,0
M2R-decoy_1153,Cc1cc(C)nc(NC(=S)N2CCN(c3ccccc3C#N)CC2)c1,-27.97,0
M2R-decoy_3591,CN(CC(=O)NCC1CCCCC1)S(=O)(=O)c1ccc(F)cc1,-27.97,0
M2R-decoy_9567,CC(C)[C@@H]1O/C(=C/C(=O)Cc2cc(F)c(F)c(F)c2)NC1=O,-27.97,0
M2R-decoy_960,Cn1cc(Br)c(C(=O)NCCn2cc(Br)cn2)n1,-27.97,0
M2R-decoy_11321,CCN1C(=O)CCN(S(=O)(=O)c2ccc(n3nc(C)cc3C)cc2)C1=S,-27.96,0
M2R-decoy_1765,CSP(=NP(=O)(c1ccccc1)c1ccccc1)(c1ccccc1)c1ccccc1,-27.96,0
M2R-decoy_3582,C=C(c1cccc(Cl)c1OCC(O)C[NH2+]C(C)C)n1ccnc1,-27.96,0
M2R-decoy_4785,Cc1ccc(S(=O)(=O)N(C)C[C@H]2Oc3ccc(NS(=O)(=O)c4ccccc4)cc3CC(=O)N([C@H](C)CO)C[C@H]2C)cc1,-27.96,0
M2R-decoy_3457,COC(=O)CC=CC(C)C(C=NOCC1OC(c2ccccc2)C=CC1Oc1ccc(OC)cc1)NS(=O)(=O)c1ccc(C)cc1,-27.96,0
M2R-decoy_6887,Cc1ccc(c2cc(C(=O)OCCOc3ccc4ccc(=O)oc4c3)nn2c2ccc(S(N)(=O)=O)cc2)cc1,-27.96,0
M2R-decoy_903,O=C(N1CCSCC1)N1CCN(c2ccc(Cl)cc2)CC1,-27.96,0
M2R-decoy_9938,COC(=O)C(CO)NC(=O)[C@]12CCC(C)(C)C[C@H]1[C@H]1C(=O)C=C3[C@@](C)(CC[C@H]4C(C)(C)C(=O)C(C#N)=C[C@]34C)[C@]1(C)CC2,-27.96,0
M2R-decoy_6989,O=S(=O)(CCO)CC[C@@H]1OCC[C@@]2(S(=O)(=O)c3ccc(Cl)cc3)c3c(F)ccc(F)c3OC[C@@H]12,-27.95,0
M2R-decoy_6991,O=C([O-])c1ccc(NC(=O)[C@@H]2[C@@H](c3ccccc3)CCN2C(=O)/C=C/c2cc(Cl)ccc2n2cnnn2)cc1,-27.95,0
M2R-decoy_8064,C[C@]12CC=C3C[C@@H](c4ccccc4)OC[C@]3(C)[C@@H]1CC(=O)[C@]1(C)[C@@H]2C=C[C@]23C[C@@]21CC[C@H]3[C@H]1C(=O)O[C@@]2(C[C@@](C)(OC(=O)C[C@@H](O)c3ccc(O)cc3)CO2)[C@@H]1O,-27.95,0
M2R-decoy_1227,CC(=O)NN1CC(C)(C)Sc2ccc(Br)cc21,-27.94,0
M2R-decoy_1700,CCCC(=O)Oc1ccc(COc2ccc3nc4ccc(=O)cc-4oc3c2)cc1,-27.94,0
M2R-decoy_9220,NC(=O)c1c(Nc2ccc(F)cc2)[nH]c2c(Cl)ccc(Cl)c2c1=O,-27.94,0
M2R-decoy_10439,FC1(F)CCCN(c2nccnc2OC2CN(c3ccc4ccccc4n3)C2)C1,-27.93,0
M2R-decoy_10862,O=C(CSc1nc2ccccc2o1)N1CCN(S(=O)(=O)c2ccc3ccccc3c2)CC1,-27.93,0
M2R-decoy_1438,C=C(c1cc(Cl)ccc1OCCC(C)C)n1cncn1,-27.93,0
M2R-decoy_3913,CC[C@H]1O[C@@H](/C(C)=C/[C@H](C)/C=C/[C@@H]2[C@@H](/C=C/[C@@H]3O[C@H](CC(=O)NCc4ccccc4)C[C@H](OC(C)=O)[C@H]3OC(C)=O)[C@@H]2C)CC=C1C,-27.93,0
M2R-decoy_8488,CCOP(=O)(OCC)OCN1C(=O)N[C@@](CN2Cc3ccc(OC)cc3C2=O)(c2cc3ncccc3o2)C1=O,-27.93,0
M2R-decoy_10603,Cn1ncc(Sc2nc3ncccn3n2)c(Br)c1=O,-27.92,0
M2R-decoy_11018,O=C1/C(=C/c2cccnc2)CN(S(=O)(=O)c2ccc(Br)cc2)C/C1=C\c1ccccc1F,-27.92,0
M2R-decoy_4498,CCOCCOc1ccc(c2cn3nc(OCC4CC4)ccc3n2)cc1,-27.92,0
M2R-decoy_611,Nc1n[nH]c2c1C1CCCC(C2)N1S(=O)(=O)c1ccc(Cl)cc1,-27.92,0
M2R-decoy_7216,Cc1ccccc1S(=O)(=O)NC(=O)c1cccc(C[C@@H]2[C@@H](C)Oc3ccc(OCc4nc5cc(F)ccc5s4)cc3[C@@H]2O)c1,-27.92,0
M2R-decoy_9907,CC(C)(C)OC(=O)N1CCC(c2c(C(=O)N3CCN(c4cccc(Cl)c4)CC3)cnn2c2cccc(Cl)c2)CC1,-27.92,0
M2R-decoy_11408,O=C(CSc1nc2ccccc2nc1N1CCOCC1)N1CCN(c2ccccc2)CC1,-27.91,0
M2R-decoy_3590,O=C(CCNS(=O)(=O)c1cccs1)NCc1cccs1,-27.91,0
M2R-decoy_4233,COc1cc(/C=C/C(=O)NCCCCNc2c3c(nc4ccccc24)CCCC3)cc(OC)c1OCc1nc(C)c(C)nc1C,-27.91,0
M2R-decoy_7859,O=S(=O)(c1ccc(Br)s1)N(c1ccc2c(c1)OC1(CCCC1)O2)S(=O)(=O)c1ccc(Br)s1,-27.91,0
M2R-decoy_796,Cc1ccc2c(c1Br)/C(=N/NC(N)=S)C(=O)N2,-27.91,0
M2R-decoy_10592,Cn1ncc(Br)c1C(=O)N1CCN(C(=O)c2ccco2)CC1,-27.9,0
M2R-decoy_1926,CCCCN(CCCC)C(=O)C(C)[NH+]1CC(c2ccc3c(c2)OCO3)C(C(=O)[O-])C1c1ccc(OC)cc1,-27.9,0
M2R-decoy_1962,CS(=O)(=O)c1ccc(S(=O)(=O)NC[C@@H](O)C[C@@H](Cc2ccccc2)C(=O)N[C@H]2c3ccccc3C[C@H]2O)cc1,-27.9,0
M2R-decoy_1603,[NH3+]CCCOc1ccc2nc3ccc(=O)cc-3oc2c1I,-27.9,0
M2R-decoy_7046,COc1c(C2(C(F)F)CC2)cc(n2ccc(=O)[nH]c2=O)c2ncc(c3ccc(NS(C)(=O)=O)cc3)cc12,-27.9,0
M2R-decoy_7458,C[C@H]1[C@H]2[C@H](C[C@H]3[C@@H]4CC[C@H]5C[C@@H](OC(=O)c6ccc(C#N)cc6)CC[C@]5(C)[C@H]4CC(=O)[C@@]32C)O[C@]12CC[C@@H](C)CO2,-27.9,0
M2R-decoy_7650,Cc1c(C(c2ccc(O)cc2)c2oc3c(c2C)C(=O)C(=O)c2c-3ccc3c2CCCC3(C)C)oc2c1C(=O)C(=O)c1c-2ccc2c1CCCC2(C)C,-27.9,0
M2R-decoy_6948,C[NH+](C)CCn1cc(c2ccc(F)c(C(F)(F)F)c2)nc1C1CCN(c2ncnc(N)c2c2cnc(N)nc2)CC1,-27.89,0
M2R-decoy_10656,Cn1ncc(Cl)c1C(=O)N1CCN(C(=O)c2ccco2)CC1,-27.88,0
M2R-decoy_1094,CNc1nn2c(C)c(CC(=O)N(C)C)c(C)nc2c1S(=O)(=O)c1ccccc1,-27.88,0
M2R-decoy_10957,C=C1C(=O)O[C@H]2[C@H]1CC/C(COC(=O)CCC(=O)N1CCC(F)(F)CC1)=C\CC[C@@]1(C)O[C@@H]21,-27.88,0
M2R-decoy_3285,CN(C(=O)CSc1nnc(C2CC2)n1C1CC1)C1(C#N)CCCCC1,-27.88,0
M2R-decoy_5628,NS(=O)(=O)c1ccc(CNC(=O)OCCCCc2ccc(N(CCCl)CCCl)cc2)cc1,-27.88,0
M2R-decoy_4881,CCCCC[C@@H](C(=O)NCNC(=O)c1ccc(c2ccc(C(=O)OCCc3ccccc3)cc2)o1)[C@@H](CC)N(O)C=O,-27.88,0
M2R-decoy_8932,COC(=O)c1ccc(C(NC(=O)OCc2ccccc2)/C(=C/[C@@H](C)C(=O)NCc2ccc(c3ccccc3)cc2)c2cccnc2)cc1,-27.88,0
M2R-decoy_8444,O=C([O-])c1ccc(c2ccc(OCCc3cc(C(O)(CC[NH+]4CCOCC4)c4ccc(Cl)cc4)ccc3Cl)cc2)cc1,-27.88,0
M2R-decoy_1149,Cc1ccc(C(=O)Nn2c(C)nc3ccccc3c2=O)cc1C,-27.87,0
M2R-decoy_3105,Cc1ccc(OCc2nnc(SCC(=O)N3C(C)CCCC3C)o2)cc1,-27.87,0
M2R-decoy_3740,O=C(C(=O)N1CCCCC1C(=O)OC(CCCc1ccccc1)CCCc1ccccn1)c1ccccc1,-27.87,0
M2R-decoy_6016,CC1=N[C@H](CC(C)C)C(=O)N(CC(=O)N2CCN(C(=O)OCc3ccccc3)CC2)c2cc(C(=O)OC(C)(C)C)ccc21,-27.87,0
M2R-decoy_7000,COc1cccc(n2c(=O)c3c(C)c(C(=O)N(C)C)sc3n(CC(=O)Nc3ccc(C)cc3Cl)c2=O)c1,-27.87,0
M2R-decoy_8802,O=C([O-])c1ccc(CCCc2c(CCNS(=O)(=O)Cc3c(F)cccc3F)n(C(c3ccccc3)c3ccccc3)c3ccc(Cl)cc23)cc1,-27.87,0
M2R-decoy_9855,C[C@@H]1C[C@H]2[C@@H]3CCC4=CC(=O)C=C[C@]4(C)C3=CC[C@]2(C)[C@H]1C(=O)C[NH+]1CCN(c2cc(N3CCCC3)nc(N3CCCC3)n2)CC1,-27.87,0
M2R-decoy_10417,O=C(c1ccc(S(=O)(=O)N2CCCCCC2)cc1)N1CCN(c2ccccc2F)CC1,-27.86,0
M2R-decoy_2104,CC(C)C[C@H](NC(=O)c1ccno1)C(=O)N[C@@H](Cc1ccccc1)C(=O)N[C@@H](CC(C)C)C(=O)[C@@]1(C)CO1,-27.86,0
M2R-decoy_8313,CC(C)(C)SCC(=O)[C@H](CCc1ccccc1)NC(=O)[C@H](Cc1ccccc1)NC(=O)OCc1cccnc1,-27.86,0
M2R-decoy_9190,NC(=S)N/N=C(/C=C/c1ccc(Br)cc1)c1ccccc1,-27.86,0
M2R-decoy_10612,CC(C)(C)C(=O)N1CCN(C(=O)/C=C/c2ccc3c(c2)OCO3)C1=O,-27.85,0
M2R-decoy_1443,CCCCCC(CC)OC(=O)c1cnc(Cl)cn1,-27.85,0
M2R-decoy_2263,CCSc1nnc(c2cccc(S(=O)(=O)N(CC)CC)c2)n1Cc1ccccc1,-27.85,0
M2R-decoy_3765,CCC[C@H]1C[C@@H](OC)C/C(C)=C\[C@@H]2C[C@@H](OC(=O)CCCCc3coc(CCCNC(=O)OC)n3)C[C@H](CC(=O)O1)O2,-27.85,0
M2R-decoy_6982,CC(C)(CS(C)(=O)=O)NC(=O)c1c(I)cccc1C(=O)Nc1ccc(C#N)c(C(F)(F)F)c1,-27.85,0
M2R-decoy_3296,CCOC(=O)c1cc2c(ccn2C)n1CC(=O)N(Cc1ccccc1)c1ccccc1,-27.84,0
M2R-decoy_370,Cn1cc(C2(C)CN(C(=O)Nc3ccccc3F)CCO2)cn1,-27.83,0
M2R-decoy_5268,O=C(N[C@H]1CO[C@@H]2[C@H](OCc3ccccc3)CO[C@H]12)[C@H](Cc1ccccc1)NC(=O)[C@@H]1CCCN1C(=O)OCc1ccccc1,-27.83,0
M2R-decoy_5305.1,CCOc1ccc([C@H]2[C@H](C(=O)[O-])[C@@H](c3ccc4c(c3)OCO4)C[NH+]2CC(=O)Nc2c(CC)cccc2CC)cc1,-27.83,0
M2R-decoy_8902,CC(=O)Nc1cc(c2c(c3ccc(F)cc3)nc(SCc3ccc([S+](C)[O-])cc3)n2CCOCCO)ccn1,-27.83,0
M2R-decoy_10363,O=S(=O)(Cc1ccccc1Cl)N1CCC2(CC1)OCCS2,-27.82,0
M2R-decoy_2329,Cc1ccccc1n1cnnc1SCCOCC1CCCO1,-27.82,0
M2R-decoy_286,Cc1cc2c(cc1Cl)Sc1n[nH]c(=O)n1S2(=O)=O,-27.82,0
M2R-decoy_398,CC(Nc1ccc2c(c1)CCC2)=C1C(=O)N(C)C(=O)N(C)C1=O,-27.82,0
M2R-decoy_526,Clc1nc2c(N3CCCC3)nc(N3CC[NH2+]CC3)nc2[nH]1,-27.82,0
M2R-decoy_6657,CS(=O)(=O)c1ccccc1c1ccc(N2CCCC(NS(=O)(=O)c3ccc4onc(N)c4c3)C2=O)c(F)c1,-27.82,0
M2R-decoy_9917,C/C=C(\C)OC(=O)[C@H]1C(C)(C)[C@H]([C@@H](O)C(=O)OC)[C@]2(C)C(=O)[C@@]1(O)C=C1[C@@H]2CC[C@]2(C)[C@H]1CC(=O)O[C@H]2c1ccoc1,-27.82,0
M2R-decoy_11396,CN(Cc1nc(c2cccnc2)no1)S(=O)(=O)c1ccc(Br)cc1,-27.81,0
M2R-decoy_10242,O=S(=O)(c1ccccc1Cl)n1cnc2c(Cl)nc(Cl)nc21,-27.81,0
M2R-decoy_217,O=C(Nc1ccccn1)c1nc(Br)cs1,-27.81,0
M2R-decoy_392,CNC(=S)N/N=C1\C(=O)Nc2ccc(OC(F)(F)F)cc21,-27.81,0
M2R-decoy_523,Cn1c(=O)/c(=C/c2nc[nH]c2C(C)(C)C)[nH]c(=O)/c1=C/c1ccccc1,-27.81,0
M2R-decoy_6109,Cc1noc(C)c1CN(CCN(Cc1cncn1C)c1ccc(C#N)cc1)S(=O)(=O)c1cn(C)cn1,-27.81,0
M2R-decoy_626,O=C(N/C=C1\C(=O)Oc2ccccc2C1=O)Oc1ccccc1,-27.81,0
M2R-decoy_6670.1,CCc1ncnc(N2CCN(S(C)(=O)=O)CC2)c1C#Cc1cnc(C)c(NS(=O)(=O)c2ccc(F)cc2)c1,-27.81,0
M2R-decoy_11136,CCOC(=O)C1=C(N)n2c(s/c(=C\c3cccnc3)c2=O)=C(C#N)C1c1cccnc1,-27.8,0
M2R-decoy_3912,CO[C@@H]1[C@@H](OCc2ccccc2)[C@H](OCc2ccccc2)[C@@H](COCc2ccccc2)O[P@@]1(=O)c1ccccc1,-27.8,0
M2R-decoy_6046,COc1cccc(S(=O)(=O)N(C)C[C@H]2Oc3cc(C#CCC(C)C)ccc3S(=O)(=O)N([C@H](C)CO)C[C@H]2C)c1,-27.8,0
M2R-decoy_10145,CC(C)[C@H]1C[NH+](C)CC[NH+]1Cc1cn(C)nc1c1cccc(Cl)c1,-27.79,0
M2R-decoy_1386,CC1(O)OC(=O)C(c2ccc(Cl)cc2)=C1c1ccc(S(C)(=O)=O)cc1,-27.79,0
M2R-decoy_2425,CC(OC(=O)c1cnccn1)C(=O)c1ccccc1,-27.79,0
M2R-decoy_2501,CC1([N+](=O)[O-])COC(C=Cc2ccccc2)OC1,-27.79,0
M2R-decoy_1588,CCOC(OCC)c1cn(Cc2ccccc2)nn1,-27.79,0
M2R-decoy_5920,CC[C@H](C)[C@H](NC(=O)OCC1c2ccccc2-c2ccccc21)C(=O)N[C@H](COC(C)=O)Cc1ccccc1,-27.79,0
M2R-decoy_10441,CCC(=O)N1c2ccc(S(=O)(=O)N3CCN(c4cc(C)ccc4C)CC3)cc2CC1C,-27.78,0
M2R-decoy_11093,Cc1ccc(S(=O)(=O)N2CCN(S(=O)(=O)N3CCC(C)CC3)CC2)cc1C,-27.78,0
M2R-decoy_1537,CS(=O)(=O)CCCSCc1ccc(Br)c(F)c1,-27.78,0
M2R-decoy_1778,OC[C@H]1O[C@@H](c2ccc(Cl)c(Cc3ccc4c(c3)OC=CO4)c2)[C@H](O)[C@@H](O)[C@@H]1O,-27.78,0
M2R-decoy_5279,O=C(Nc1ccc(N(C(=O)Cn2nnc3ccccc32)C(C(=O)NCc2ccccc2)c2cccc(F)c2)cc1)C1CC1,-27.78,0
M2R-decoy_10219,CC(=O)NC1CN=C(SSC2=NCC(NC(C)=O)S2)S1,-27.77,0
M2R-decoy_1453,CCCNC(=O)C(C)Nc1ccc(COCC)cc1,-27.77,0
M2R-decoy_3256,CCOC(=O)c1nc(N(CCc2ccccc2)C(=O)c2cccnc2SC)sc1C,-27.77,0
M2R-decoy_9665,O=C([O-])C1(n2ccnc2)CC[NH+](Cc2cc3ccccc3o2)CC1,-27.77,0
M2R-decoy_10877,COc1ccc(c2csc3ncnc(N4CCN(S(=O)(=O)c5ccc(C)c(C)c5)CC4)c32)cc1,-27.76,0
M2R-decoy_10136,O=C(CC1[NH2+]CCN(Cc2ccccc2)C1=O)Nc1ccccc1,-27.76,0
M2R-decoy_7764,COc1ccc(C2C3=C(N=c4s/c(=C\c5ccc(OCc6cccc(C(=O)[O-])c6)c(OC)c5)c(=O)n42)c2ccccc2CC3)cc1,-27.76,0
M2R-decoy_8049,C=C1C[C@@H]2C/C=C\C(=O)O[C@H]3[C@@H](C)[C@@H](C/C=C/c4nc(co4)[C@H]4C[C@H](O)C[C@@H](C[C@@H](C1)O2)O4)O[C@@H](/C(C)=C/c1coc(C[C@]2(O)C[C@H](OC)C[C@H](CO)O2)n1)[C@@H]3C,-27.76,0
M2R-decoy_3799,COc1cc(OC)cc(N(CC2CC2)c2ccc3ncc(c4cnn(CCNS(=O)(=O)N(C)C)c4)nc3c2)c1,-27.75,0
M2R-decoy_5903,CCOP(=O)(OCC)C1CC(Cn2c(=O)n(Cc3ccccc3F)c(=O)c3ccccc32)ON1Cc1ccccc1,-27.75,0
M2R-decoy_9452,CC(C)CCNC(=O)CN(Cc1ccccc1)C(=O)CCC(=O)Nc1ccccn1,-27.75,0
M2R-decoy_6544,CCO[C@@]12C[C@H]3[C@@H](C[C@@H](O)[C@@]4(Cl)CC=CC(=O)[C@]34C)[C@@H]3CC[C@@](O)([C@H](C)[C@@H]([C@@H]4O[C@H](O)[C@@]5(C)O[C@@]45C)O1)[C@]32C,-27.74,0
M2R-decoy_8840,COc1ccc(Cn2c(CCc3c[nH]c4ccccc34)nnc2[C@H](NC(=O)c2cnccn2)c2c[nH]c3ccccc23)c(OC)c1,-27.74,0
M2R-decoy_8857,CC1(C)OCC(C2OC(C)(C)OC2[C@H]2O[C@]3(O)[C@H](OCc4ccccc4)[C@@H](OCc4ccccc4)[C@H](OCc4ccccc4)[C@H]4C=CC[C@H]2[C@H]43)O1,-27.74,0
M2R-decoy_4356,CCN(CCCCN(C1Cc2cc(C#N)ccc2N(Cc2cncn2C)C1)S(=O)(=O)c1ccccn1)C(=O)OC,-27.73,0
M2R-decoy_471,C/C(=N/NC(=S)N1CCc2ccccc2C1)c1ccccn1,-27.73,0
M2R-decoy_4786,O=C(OCC(COC(=O)c1cccnc1)(COC(=O)c1cccnc1)COC(=O)c1cccnc1)c1cccnc1,-27.73,0
M2R-decoy_7655,CSc1cccc(C(=O)O[C@H]2C[C@@H]3[C@](C)(CC[C@H](OC(C)=O)[C@@]3(C)COC(C)=O)[C@H]3[C@@H](O)c4c(cc(c5cccnc5)oc4=O)O[C@]23C)c1,-27.73,0
M2R-decoy_6680,C[C@H]1CN([C@@H](C)CO)S(=O)(=O)c2ccc(C3=CCCCC3)cc2O[C@@H]1CN(C)C(=O)Cc1ccncc1,-27.73,0
M2R-decoy_10001,CNC(=O)c1c2cc(c3ccc4nc(C)n(Cc5ccc(F)cc5OC)c(=O)c4n3)c(N(C)S(C)(=O)=O)cc2oc1c1ccc(F)cc1,-27.72,0
M2R-decoy_10932,Cc1ccc(Cl)cc1N1CCN(S(=O)(=O)c2ccc3c(c2)CCCN3C(=O)C2CCC2)CC1,-27.72,0
M2R-decoy_11375,CCOc1ccc(/C=C2\SC(=S)N(N3C(=O)C4CC4C3=O)C2=O)cc1,-27.72,0
M2R-decoy_3827,COCCNC(=O)[C@H](C)/C=C(\c1cccnc1)C(NC(=O)OCc1ccccc1)c1ccc(C(=O)OC)cc1,-27.72,0
M2R-decoy_4213,CCCCN(CC)S(=O)(=O)c1ccc(C(=O)N(CCC[NH+](C)C)c2nc3cc(C)cc(C)c3s2)cc1,-27.72,0
M2R-decoy_44,COc1nc2nc(c3nc(C)cs3)cn2c2c1CCCC2,-27.72,0
M2R-decoy_4843,CCCCn1c(=O)n(Cc2ccccc2F)c(=O)c2[nH]c(Cc3ccc(NS(=O)(=O)c4ccccc4)cc3)nc21,-27.72,0
M2R-decoy_5197,CCNS(=O)(=O)NC[C@H]1CC[C@@](c2cc(F)ccc2F)(S(=O)(=O)c2ccc(Cl)cc2)CC1,-27.72,0
M2R-decoy_7541,CC1(C)[C@H](OC(=O)/C=C/c2ccc(O)c(O)c2)CC[C@@]2(C)[C@H]1CC[C@]1(C)[C@@H]2CC=C2[C@@H]3C[C@@](C)(C(=O)[O-])CC[C@@H]3CC[C@]21C,-27.72,0
M2R-decoy_1289,NC(=O)c1[nH]c2ccc(Cl)cc2c1S(=O)(=O)N1CCCC1,-27.71,0
M2R-decoy_3079,C#CCSc1nc(Sc2nc(C)cs2)c(C#N)c(c2cc(OC)c(OC)c(OC)c2)n1,-27.71,0
M2R-decoy_4191,CCCc1cc(c2nc(OCC)c(C)s2)ccc1OCCCOc1ccc2c(c1)CC[C@H]2CC(=O)[O-],-27.71,0
M2R-decoy_3446,CCC(=O)c1c(OCc2ccccc2)ccc2c(C)cc(=O)oc12,-27.71,0
M2R-decoy_6955,O=C(C1CCN(c2ccc(S(=O)(=O)C3(C(=O)NO)CCOCC3)cc2)CC1)N1CCN(c2ccccc2F)CC1,-27.71,0
M2R-decoy_7952,CC[NH+](CC)Cc1cc2ccc3c(c2oc1=O)[C@@H](OC(=O)C12CCC(C)(C(=O)O1)C2(C)C)[C@@H](OC(=O)C12CCC(C)(C(=O)O1)C2(C)C)C(C)(C)O3,-27.71,0
M2R-decoy_4072,OC(C(COCc1ccc(Br)cc1)OCc1ccccc1)C(O)C(COCc1ccc(Br)cc1)OCc1ccccc1,-27.7,0
M2R-decoy_4458,CC(=O)N(CCOc1ccccc1)CCc1ccc(NS(C)(=O)=O)cc1,-27.7,0
M2R-decoy_4724,Cn1c(CC2CCS(=O)(=O)C2)nnc1SCCOc1cccc(Cl)c1,-27.7,0
M2R-decoy_7814,COC[C@@H]1NC(=O)c2cc(Cl)ccc2OCCCCCCOC[C@@H](C(=O)N[C@@H](Cc2ccccc2)C(=O)[C@@]2(C)CO2)NC1=O,-27.7,0
M2R-decoy_9285,CC(=O)N1CCC(C(=O)N2CC[C@@H](N(C)C(=O)c3ccc(C4CC4)cc3)[C@H](c3ccc(Cl)c(Cl)c3)C2)CC1,-27.7,0
M2R-decoy_3463,Cc1cncc(CN(C)C(=O)NC(C(=O)N[C@@H](Cc2ccccc2)C[C@H](O)[C@H](Cc2ccccc2)NC(=O)OCc2cccnc2)C(C)C)c1,-27.69,0
M2R-decoy_462,CC1(C)COC(c2cc3c(cc2Br)OCO3)OC1,-27.69,0
M2R-decoy_485,Cc1cccc(/C=c2\s/c(=C\C(=O)C(C)(C)C)[nH]c2=O)c1,-27.69,0
M2R-decoy_685,Cc1nnc2c(N(C)S(=O)(=O)c3ccccc3)nc3ccccc3n12,-27.69,0
M2R-decoy_760,O=C1Nc2ccccc2/C1=N/N=C/c1coc2ccccc2c1=O,-27.69,0
M2R-decoy_8527,CS(=O)(=O)OCCN(CCOS(C)(=O)=O)c1ccc(/C=N/N=c2/nc[nH]c3nc[nH]c23)cc1,-27.69,0
M2R-decoy_8677,COc1ccc(c2oc3cc(OCCc4nc(c5ccccc5)oc4C)ccc3c2C(=O)/C=C/c2cc(OC)c(OC)c(OC)c2)cc1,-27.69,0
M2R-decoy_1980,CCOC(=O)/C=C/[C@H](Cc1ccccc1)NC(=O)[C@H](CO)NC(=O)[C@H](Cc1ccccc1)NC(=O)OC(C)(C)C,-27.68,0
M2R-decoy_3745,C/C(=N\OCc1ccc(F)cc1)C(Cc1ccc(OCCc2nc(c3ccccc3)oc2C)cc1)C(=O)[O-],-27.68,0
M2R-decoy_3891,CCCCc1ncc(C(=O)OC)n1Cc1ccc(NC(=O)[C@H](Cc2ccccc2)n2cccc2C(=O)OC)cc1,-27.68,0
M2R-decoy_4246,CCC(=O)c1cccc(CN2C(=O)N(Cc3cccc(C(=O)CC)c3)[C@H](Cc3ccccc3)[C@H](O)[C@@H](O)[C@H]2Cc2ccccc2)c1,-27.68,0
M2R-decoy_472,CCn1c(S)nnc1c1cc(Br)ccc1O,-27.68,0
M2R-decoy_4739,O=S(=O)(c1c[nH]cn1)N1CCN(c2ccc(CO[C@H]3CO[C@](Cn4ccnc4)(c4ccc(Cl)cc4Cl)OC3)cc2)CC1,-27.68,0
M2R-decoy_6721,CNC(=O)[C@H]1O[C@@H](n2cnc3c(NCCc4cn(Cc5cc(C)ccc5C)c5ccccc45)ncnc32)[C@H](O)[C@@H]1O,-27.68,0
M2R-decoy_1978,CC(C)(C)OC(=O)N[C@@H](CCCNC(=O)OCc1ccccc1)C(=O)N[C@@H](Cc1ccccc1)C(=O)OC(C)(C)C,-27.67,0
M2R-decoy_2330,CCCc1cc(CCC)n2nc(SCc3ccncc3)nc2n1,-27.67,0
M2R-decoy_237,CC1CN(C(=O)Nc2ccc3c(c2)OCCO3)CC(C)O1,-27.67,0
M2R-decoy_4375,COc1ccc(NC(=O)CSc2nnc(c3cc(OC)c(OC)c(OC)c3)n2n2cccc2)cc1,-27.67,0
M2R-decoy_7120,[NH3+][C@@H](Cc1cc(I)c(Oc2ccc(O)c(Cc3ccc(O)cc3)c2)c(I)c1)C(=O)[O-],-27.67,0
M2R-decoy_7852,CC(C)[C@@H]1NC(=O)[C@H]2N=C(O[C@@H]2C)[C@@H]2CCCN2C(=O)[C@H](Cc2ccccc2)NC(=O)[C@@H]2CSC(=N2)[C@H](Cc2ccccc2)NC(=O)[C@@H]2CSC1=N2,-27.67,0
M2R-decoy_975,CCOC(=O)C1Cc2n[nH]cc2CN1S(=O)(=O)c1ccc(Cl)cc1,-27.67,0
M2R-decoy_373,CN1C(=O)/C(=C\c2ccc(N3CCCCC3)o2)C(=O)NC1=S,-27.66,0
M2R-decoy_4737.1,COc1ccc(S(=O)(=O)N(C)C[C@@H]2Oc3c(NS(=O)(=O)c4ccc(Cl)cc4)cccc3C(=O)N([C@@H](C)CO)C[C@H]2C)cc1,-27.66,0
M2R-decoy_7628,C#CCOC(=O)[C@]1(C)CC[C@]2(C)CC[C@]3(C)C4=C[C@@H](c5c[nH]c6c(C)cccc56)c5c(cc(OC(C)=O)c(OC(C)=O)c5C)[C@]4(C)CC[C@@]3(C)[C@@H]2C1,-27.66,0
M2R-decoy_7777,CC(C)(C)C(=O)C(C#N)Oc1c(Br)cc(Br)cc1Oc1ccc(Br)cc1Br,-27.66,0
M2R-decoy_8661,O=S(=O)(Cc1ccccc1)NCCc1c(CCOc2ccc(CO)cc2)c2cc(Cl)ccc2n1C(c1ccccc1)c1ccccc1,-27.66,0
M2R-decoy_9674,[NH3+][C@@H](CCCCc1cncn1c1ccccc1)C(=O)[O-],-27.66,0
M2R-decoy_4497,CCCN(CCC)S(=O)(=O)c1ccc(NC(=O)Cc2cccs2)cc1,-27.65,0
M2R-decoy_7068,CCOc1ccc(Cc2cc([C@@H]3O[C@H](/C=N/NC(=O)c4ccsc4)[C@@H](O)[C@H](O)[C@H]3O)ccc2Cl)cc1,-27.65,0
M2R-decoy_7323,N#Cc1ccc(S(=O)(=O)[C@@]2(c3ccc(C(OCc4c(F)cccc4F)(C(F)(F)F)C(F)(F)F)cc3)CCN(C(=O)N3CCC(C(=O)[O-])CC3)C2)cc1,-27.65,0
M2R-decoy_6774.1,CS(=O)(=O)c1ccccc1C1(O)CCN(C(=O)c2ccc(NS(=O)(=O)c3cccc4cccnc34)cc2)CC1,-27.65,0
M2R-decoy_8957,CCCCc1ccc(C(=O)N(CCc2ccccc2)C(CC)c2nc3ccccc3c(=O)n2c2ccccc2OC)cc1,-27.65,0
M2R-decoy_10134,Cc1ccc(C[NH+]2CCN(c3nc4cc(N)ccc4o3)CC2)cc1,-27.64,0
M2R-decoy_5238,COC(=O)Oc1ccc(/C=N/NC(=O)CN(c2ccccc2Br)S(C)(=O)=O)cc1OC,-27.64,0
M2R-decoy_5555,CC[NH+](CC)CCSc1ccc(/C=C/C(=O)NO)cc1NS(=O)(=O)c1ccc(C)cc1,-27.64,0
M2R-decoy_8549,COc1ccc(c2cc(CNc3ccc(S(=O)(=O)Nc4nnc(C)s4)cc3)cc(C(=O)NCCc3ccccc3F)c2)cn1,-27.64,0
M2R-decoy_10576,O=S(=O)(C1CC1)N1CCc2nc(C#Cc3ccccc3)sc2C1,-27.63,0
M2R-decoy_10987,Cc1cccn2c(=O)c(/C=C(\C#N)c3nc4ccccc4s3)c(Oc3ccc(F)cc3)nc12,-27.63,0
M2R-decoy_11459,CN1CCCC[C@@H](N(Cc2ccc(Br)cc2)S(=O)(=O)c2ccc(Cl)cc2)C1=O,-27.63,0
M2R-decoy_3470,Cc1cccc(COC(=O)NC(C(=O)N[C@@H](Cc2ccccc2)C[C@H](O)[C@H](Cc2ccccc2)NC(=O)OCc2cccnc2)C(C)C)n1,-27.63,0
M2R-decoy_3642,CN(Cc1ccccc1)C(=O)CN(Cc1ccccc1)S(C)(=O)=O,-27.63,0
M2R-decoy_3950,CCN(C)c1nc2ccc(C(=O)N(C[C@@H](O)[C@H](Cc3ccccc3)NC(=O)OCc3cncs3)CC(C)(C)O)cc2o1,-27.63,0
M2R-decoy_6377,C[C@]12C[C@H](O)[C@@]3(F)[C@@H](C[C@H](F)C4=CC(=O)C=C[C@@]43C)[C@@H]1C[C@H]1CN(C(=O)OCc3ccccc3)C[C@]12C(=O)CO,-27.62,0
M2R-decoy_10865,Cc1ccc2c(c1)nnn2C1CCN(S(=O)(=O)c2ccc(C(=O)N(C)C3CCCCC3)cc2)CC1,-27.61,0
M2R-decoy_11058,COc1ccc(C=C2C(=O)N(c3ccc(Cl)cc3)N(c3ccc(Cl)cc3)C2=O)cc1OC,-27.61,0
M2R-decoy_10298,Brc1cnc(N2CCCCC2)nc1N1CCOCC1,-27.61,0
M2R-decoy_2239,CCC(=O)c1ccc(OCC(=O)OC(C)C(=O)NCc2ccc3c(c2)OCO3)cc1,-27.61,0
M2R-decoy_9952,Cc1ccc(S(=O)(=O)NC(=O)[C@H](Cc2ccc(Br)cc2)NC(=O)[C@@H]2C[C@H](Oc3ccc(c4ccccc4)cc3)CN2C(=O)OC(C)(C)C)cc1,-27.61,0
M2R-decoy_3896,COc1ccc(CN(C(=O)CCC(=O)Nc2cc(C)on2)C(C(=O)NC(C)(C)C)c2cccc(OC)c2OC)cc1,-27.6,0
M2R-decoy_6072,CCOc1ccc(C2C(C(=O)c3ccc(C)o3)=C([O-])C(=O)N2CCC[NH+](CC)CC)cc1,-27.6,0
M2R-decoy_728,Cc1cccc2c1c(/C=N/NC(N)=[NH2+])cn2S(=O)(=O)c1ccccc1,-27.6,0
M2R-decoy_7421,CC(=O)Oc1c(C2=NN(C(C)=O)C(c3ccc(F)cc3)O2)sc2nnc(c3ccccc3)c(c3ccccc3)c12,-27.6,0
M2R-decoy_3755,CCN(C)c1nc2ccc(C(=O)N(CC(C)C)C[C@@H](O)[C@H](Cc3ccccc3)NC(=O)OCc3ccc4c(c3)OCO4)cc2o1,-27.59,0
M2R-decoy_702,CN(C)c1ccc(/C=N/C2C(C#N)=C3CCCN3C2(O)[NH+]2CCOCC2)cc1,-27.59,0
M2R-decoy_8305,OC[C@H](Cc1ccccc1)Nc1nc(Oc2ccc3c(c2)CCC3)nc2c1ncn2CCOCc1ccccc1,-27.59,0
M2R-decoy_2866,CCN(CC)S(=O)(=O)c1cccc(c2nnc(SCc3ncc(c4ccccc4)o3)n2C)c1,-27.58,0
M2R-decoy_3931,C=CC(=C)CC[C@@]1(C)[C@@H]2C[C@@H](O)C=C3[C@@H](OC(C)=O)O[C@@H](OC(C)=O)[C@]32[C@@H](OC(=O)CCCCCCCCC)C[C@H]1C,-27.58,0
M2R-decoy_4409.1,CC#C[C@@H](CC(=O)[O-])c1ccc(OCc2cccc(C[NH+](Cc3ccsc3)C3CCOCC3)c2)cc1,-27.58,0
M2R-decoy_6321,C=CC(=O)Nc1cccc(Nc2nc(Nc3ccc(N4CCS(=O)(=O)CC4)cc3OC)ncc2C(F)(F)F)c1,-27.58,0
M2R-decoy_6822.1,C[NH+]1CCC[C@H]1C(=O)N1CCC(COc2ccc(c3nc(C#N)nc4c3ccn4CC3CCOC3)cc2C(F)(F)F)CC1,-27.58,0
M2R-decoy_6935,CN(CC(=O)N(Cc1ccc(F)cc1)c1ccc(C(=O)[O-])c(O)c1)S(=O)(=O)c1c(F)c(F)c(F)c(F)c1F,-27.58,0
M2R-decoy_11339,NC(=O)c1[nH]c2ccc(Br)cc2c1S(=O)(=O)NC1CCC1,-27.57,0
M2R-decoy_1186.2,Oc1c(Br)cc(Br)c(Br)c1O,-27.57,0
M2R-decoy_4104,CSCC[C@H](NP(=O)(OC[C@H]1O[C@@H](n2cc(/C=C/Br)c(=O)[nH]c2=O)C[C@@H]1O)Oc1cccc2ccccc12)C(=O)OCc1ccccc1,-27.57,0
M2R-decoy_8507,COCCOc1nc(c2cc(OC)c(OC)c(OC)c2)n(c2ccc(NC(=O)CCl)cc2)n1,-27.57,0
M2R-decoy_11463.1,O=c1nc(c2ccccc2)c(c2ccccc2)nn1Cc1nnc(S)n1c1ccc(Cl)cc1,-27.56,0
M2R-decoy_7040,NC(=O)c1nn(c2ccc(S(N)(=O)=O)cc2)c2c1CCc1ccc(NC(=O)c3ccccc3C(F)(F)F)cc1-2,-27.56,0
M2R-decoy_7295,O=C(N1CCC[C@H](O)C1)N1CC[C@](c2ccc(C(OCc3c(F)cccc3F)(C(F)(F)F)C(F)(F)F)cc2)(S(=O)(=O)c2ccc(F)cc2)C1,-27.56,0
M2R-decoy_759,NC(=O)c1cc2ccc(O)cc2o/c1=N\c1ccccc1,-27.56,0
M2R-decoy_10929.1,O=S(=O)(c1cccc(c2nnc(S)n2c2ccc(OC(F)(F)F)cc2)c1)N1CCOCC1,-27.55,0
M2R-decoy_199,CC12CCC(=O)N1C(C(=O)Nc1ccccc1F)CS2,-27.55,0
M2R-decoy_3030,CC1CCN(S(=O)(=O)c2ccc(c3nnc(SCc4cccnc4)o3)cc2)CC1,-27.55,0
M2R-decoy_4256,O=c1ccc2ccc(OCCCCCCCn3cc(CNc4c5c(nc6ccccc46)CCCC5)nn3)cc2o1,-27.55,0
M2R-decoy_5724,O=C(NCc1ccccc1)N[C@@H](CNC(=O)c1ccc2c(cnn2CCCNc2ccccn2)c1)C(=O)[O-],-27.55,0
M2R-decoy_8556,COc1ccc(CNC(=O)CN(C(=O)c2ccc[nH]2)C(C(=O)NC(C)(C)C)c2cc(OC)c(OC)c(OC)c2)cc1,-27.55,0
M2R-decoy_9680,Cc1cc(CN(C)C(=O)NC(C)c2nncn2C)no1,-27.55,0
M2R-decoy_3594,CSc1ccc(CCNS(=O)(=O)c2csc(C(N)=O)c2)cc1,-27.54,0
M2R-decoy_6464,CS(=O)(=O)N[C@H](CO)Cc1cc(I)c(Oc2ccc(O)cc2)c(I)c1,-27.54,0
M2R-decoy_9297.1,CO[C@@H]1CCN(c2nc(c3c(C)ccc4[nH]nc(C)c43)nc3c2CN(c2cc(C(F)(F)F)ccc2C)CC3)CC1(C)C,-27.54,0
M2R-decoy_4121,CC(C)CCN([C@H](CO)CCCCNC(=O)N(Cc1ccc([N+](=O)[O-])cc1)Cc1ccc2c(c1)OCO2)S(=O)(=O)c1ccc(N)cc1,-27.53,0
M2R-decoy_4139,Cc1cc(OCCCCOc2ccc(C[C@H](NC(=O)OC(C)(C)C)C(=O)NS(=O)(=O)c3ccc(Cl)c([N+](=O)[O-])c3)cc2)cc(C)c1Cl,-27.53,0
M2R-decoy_5626,CCCCCCCCCS(=O)(=O)[C@H](C)[C@](O)(Cn1cncn1)c1ccc(F)cc1F,-27.53,0
M2R-decoy_6677,O=C(C[C@H]1CC[C@H]2[C@@H](COC[C@@H](O)CN2C(=O)c2cnccn2)O1)NCc1ccc(Oc2ccccc2)cc1,-27.53,0
M2R-decoy_9025,COc1cc([C@@H]2c3cc4c(cc3[C@H](CC(=O)CCCCC3CCSC(c5cccc(C(F)(F)F)c5)S3)[C@H]3COC(=O)[C@H]23)OCO4)cc(OC)c1OC,-27.53,0
M2R-decoy_3802,COc1ccc(/C=C/C(=O)/C=C/c2ccc(OCc3cn(CCN4C(=O)C(=O)c5cc(Cl)ccc54)nn3)c(OC)c2)cc1OC,-27.52,0
M2R-decoy_3323,O=c1cc(N2CCOCC2)oc2cc(OCCOc3ccccc3)ccc12,-27.52,0
M2R-decoy_7322,Cc1ccc(S(=O)(=O)Oc2cc(OCc3cc(C(F)(F)F)cc(C(F)(F)F)c3)c(/C=C3\SC(=O)NC3=O)cc2Br)cc1,-27.52,0
M2R-decoy_6628,COc1ccc(n2nc(C(N)=O)c3ncn(c4ccc(c5ccccc5S(N)(=O)=O)cc4)c(=O)c32)cc1,-27.52,0
M2R-decoy_8243.1,CCCn1c(=O)c2nc(c3ccc(S(=O)(=O)NCCCC(=O)OCC)cc3)[nH]c2n(CCC)c1=O,-27.52,0
M2R-decoy_105,CCCCCCCC[C@H](SCCCCCC)C(=O)Nc1c(SC)ccc2ncccc12,-27.51,0
M2R-decoy_10114.1,CCN(CC)C(=O)N[C@H]1C=C2c3cccc4[nH]cc(c34)C[C@H]2[NH+](C)C1,-27.51,0
M2R-decoy_4147,COc1ccc(NC(=O)Cn2c(=O)n(CCCCCC(=O)NCc3ccc4c(c3)OCO4)c(=O)c3sccc32)cc1Cl,-27.51,0
M2R-decoy_9627,CC(=O)OC(C)CNC(=O)/C=C/c1ccccc1,-27.51,0
M2R-decoy_2310.1,CC(C)c1nnc(NC(=O)CCS(=O)(=O)Cc2ccccc2)s1,-27.5,0
M2R-decoy_963.1,Cc1cc[n+](c2[n-]c(=O)sc2C=NNC(=O)c2ccccc2)cc1C,-27.5,0
M2R-decoy_10773,CC(Oc1cccc2cnccc12)C(=O)N1CCN(C(=O)c2ccccc2)C[C@H]1C,-27.49,0
M2R-decoy_10883,O=C(c1ccco1)N1CCN(C(=O)c2cnn3c(C(F)(F)F)cc(c4cccs4)nc23)CC1,-27.49,0
M2R-decoy_11484,O=C(c1cccn1c1nnc(N2CCCCC2)s1)N1CCN(c2ccc(Cl)cc2)CC1,-27.49,0
M2R-decoy_3568,CN(C)S(=O)(=O)NCCNc1cccc(Br)c1,-27.49,0
M2R-decoy_4367,CCOc1cc(=O)n(C)cc1c1cc(N(Cc2cn(C)cn2)S(=O)(=O)CC)ccc1Oc1ccc(F)cc1F,-27.49,0
M2R-decoy_585,OC[C@@H]1CC[C@H](n2cnc3c(I)ncnc32)O1,-27.49,0
M2R-decoy_6381,CO[C@H]1[C@@H](O)[C@H](C)O[C@H](O[C@H]2C[C@@H](O)[C@]3(C)[C@H]4CC[C@]5(C)[C@@H](C6=CC(=O)OC6)CC[C@]5(O)[C@@H]4CC[C@@H]3C2)[C@H]1O,-27.49,0
M2R-decoy_5017,C/C=C/CNC(=O)c1cccc(CN2C(=O)N(Cc3cccc(C(=O)NC/C=C/C)c3)[C@H](Cc3ccccc3)[C@H](O)[C@@H](O)[C@H]2Cc2ccccc2)c1,-27.49,0
M2R-decoy_7740,COc1ccc(/C=C/C(=O)O[C@H]2CC[C@@]3(C)C(=CC[C@]4(O)[C@@H]3C[C@@H](OC(=O)/C=C(\C)C(C)C)[C@]3(C)[C@](O)(C(C)=O)CC[C@]43O)C2)cc1,-27.49,0
M2R-decoy_10751,CC(=O)N1CCOc2cc(S(=O)(=O)N(C)Cc3ccccc3)c(Cl)cc21,-27.48,0
M2R-decoy_10335,Cc1cccc(c2nnc3n2CCN(C(=O)c2ccc(F)cc2)C3)n1,-27.48,0
M2R-decoy_1505,Cc1cc(S(=O)(=O)NCCCCO)ccc1c1ccc(F)cc1F,-27.48,0
M2R-decoy_2436,CCC(=O)C(Cc1ccc(O)cc1)C(=O)CC,-27.48,0
M2R-decoy_3003,CCOC(=O)CN(C)S(=O)(=O)c1ccc(c2cc(C(=O)OC)sc2C(F)(F)F)cc1,-27.48,0
M2R-decoy_1726,COc1ccc(S(=O)(=O)N(Cc2cc3c(cn2)OC(C)(C)C=C3)c2ccccc2)cc1,-27.48,0
M2R-decoy_5953,O=[N+]([O-])c1c(F)cccc1Oc1cccc(N(Cc2cccc(OC(F)(F)C(F)F)c2)CC(O)C(F)(F)F)c1,-27.48,0
M2R-decoy_801,C(#Cc1ncnc2c1ncn2C1CCOCC1)c1ccccc1,-27.48,0
M2R-decoy_11447,CN(c1cc(Br)ccc1C(=O)N1CCCCC1)S(=O)(=O)c1cccc2nsnc12,-27.47,0
M2R-decoy_10224.1,CC(NC1=[NH+]S(=O)(=O)c2cnccc2N1C)C(C)(C)C,-27.47,0
M2R-decoy_4726,COCCn1c(SCC(=O)c2ccc3c(c2)OCCO3)nnc1c1ccco1,-27.47,0
M2R-decoy_4784,CCCCCc1ccc(OP(=O)(NC(C)C(=O)OC)OCC2OC(n3cc(C)c(=O)[nH]c3=O)CC2N=[N+]=[N-])cc1,-27.47,0
M2R-decoy_5529,CC(C(=O)NO)N(Cc1ccc([N+](=O)[O-])cc1)S(=O)(=O)C(F)(F)C(F)(F)C(F)(F)C(F)(F)F,-27.47,0
M2R-decoy_5621,CCOC(=O)CCCCCOc1cccc(CN(C(=O)c2ccc(Br)cc2)C(C)C)c1,-27.47,0
M2R-decoy_6047,C[C@@]1(c2ccc(Cl)cc2Cl)OC[C@@H](COc2ccc(N3CCN(c4ccc(n5cn[nH]c5=O)cc4)CC3)cc2)O1,-27.47,0
M2R-decoy_4917,COc1ccc(/C=C/C(=O)/C=C/c2ccc(OCc3cn([C@H]4C[C@H](n5cc(C)c(=O)[nH]c5=O)O[C@@H]4CO)nn3)c(OC)c2)cc1,-27.47,0
M2R-decoy_2250,CCN(CC)S(=O)(=O)c1ccc(OC)c(NC(=O)CCc2c(C)noc2C)c1,-27.46,0
M2R-decoy_1761,COc1cccc(C(=O)Oc2c(Sc3ccc(C)cc3)c(C)nn2C(C)(C)C)c1OC,-27.46,0
M2R-decoy_4697,O=C(Nc1ncc(Cl)s1)[C@H](CC1CCOCC1)n1cc(S(=O)(=O)C2CC2)cn1,-27.46,0
M2R-decoy_862,NN(C(=O)c1ccc(Cl)cc1Cl)S(=O)(=O)c1cncs1,-27.46,0
M2R-decoy_8734,COC(=O)[C@@]1(Cc2ccc(OC)cc2)[C@H]2c3cc(C(=O)N(C)C)n(CCc4ccc(OC)c(Br)c4)c3C[C@H]2CN1C(=O)c1ccccc1,-27.46,0
M2R-decoy_3991,COc1ccc(NC(=O)CCC(=O)OCCCCCCSc2ccc([N+](=O)[O-])c3nonc23)cc1OC,-27.45,0
M2R-decoy_430,CSC1=N/C(=C\c2ccc(F)cc2)C(=O)S1,-27.45,0
M2R-decoy_437,Clc1cc2nn(C3CCCO3)nc2cc1Cl,-27.45,0
M2R-decoy_3362,CCCC(=O)O[C@H]1CCCC[C@@H]1Cc1ccc(OCCNC(=O)OCC)cc1,-27.45,0
M2R-decoy_5976,O=[N+]([O-])c1ccccc1Oc1cccc(N(Cc2cccc(OC(F)(F)C(F)F)c2)CC(O)C(F)(F)F)c1,-27.45,0
M2R-decoy_5011,CCCCOC(=O)[C@H](C)N[P@@](=O)(OC[C@H]1O[C@@H](n2cnc3c(OC)nc(N)nc32)[C@@]2(CCO2)[C@@H]1O)Oc1ccccc1,-27.45,0
M2R-decoy_806,Cc1cccc(Oc2nc3ccsc3c3nnnn23)c1,-27.45,0
M2R-decoy_9568,NC(=O)C1Cc2ccccc2CN1S(=O)(=O)c1cccs1,-27.45,0
M2R-decoy_10367,O=C(c1ccccc1)c1sc(N2CCOCC2)nc1Br,-27.44,0
M2R-decoy_10864,CC(C)(C)OC(=O)N1CCN(C(=S)SCc2cn(Cc3ccccc3Br)nn2)CC1,-27.44,0
M2R-decoy_1813,CCc1ccc(Cc2cc([C@@H]3O[C@H](CO)[C@@H](O)[C@H](O)[C@H]3O)c3c(c2Cl)NCCO3)cc1,-27.44,0
M2R-decoy_1945,CN1CC(C)(COc2ccc(C(N)=[NH2+])cc2)Oc2cc(N(CC(=O)[O-])Cc3cc(F)cc(F)c3)ccc21,-27.44,0
M2R-decoy_2351,Cc1cc(c2nnn(C)n2)cc(C)c1OCCCCCc1cccnc1,-27.44,0
M2R-decoy_2820,CCCCOc1ccc(C(=O)N(Cc2ccc(C(C)C)cc2)C2CCS(=O)(=O)C2)cc1,-27.44,0
M2R-decoy_3705,COc1ccc(N(CC(=O)NCCc2ccccc2)C(=O)CCC(=O)Nc2nccs2)c(OC)c1,-27.44,0
M2R-decoy_3823,CCC(=O)NCCN(C)c1cccc(OCCCCCCNC(=O)Oc2cccc(c3ccccc3)c2)c1,-27.44,0
M2R-decoy_4613,CCCOC(=O)c1c(CCC)c(C(=O)SCC)c(CCOCc2ccccc2)[n+](C)c1c1ccccc1,-27.44,0
M2R-decoy_6580,Cc1ccc(S(=O)(=O)n2cccc2[C@@H]2NC(=O)[C@H](Cc3c[nH]c4ccccc34)NC(=O)CCCCNC(=O)C/C=C/[C@@H]2C)cc1,-27.44,0
M2R-decoy_11072,CC(C)[C@@]12C[C@@H](OC(=O)CO)[C@@](C)(O1)[C@@H]1CC[C@@H](C)[C@H]1[C@@H]2OC(=O)c1ccc(Cl)cc1Cl,-27.43,0
M2R-decoy_11121,O=C(C1CCCO1)N1CCN(S(=O)(=O)c2ccc(Br)cc2)CC1,-27.43,0
M2R-decoy_11288,O=C(C1CN(S(=O)(=O)c2ccc3occc3c2)C1)N1CCN(c2ccncc2)CC1,-27.43,0
M2R-decoy_11303,O=C(c1ccco1)N1CCN(C(=O)C2CCN(S(=O)(=O)c3cccs3)CC2)CC1,-27.43,0
M2R-decoy_160,O=C1OC(=C(Br)Br)C2=C1CCC2,-27.43,0
M2R-decoy_4525.1,CC(C)(C)OC(=O)NCCc1cccc(CC(=O)Nc2nnc(CCCCc3ccc(NC(=O)Cc4ccccc4)nn3)s2)c1,-27.43,0
M2R-decoy_4817,C#CCN(C[C@H]1[C@H](OC(=O)NC2CC2)[C@H](OC(=O)NC2CC2)C[C@@H](C(=O)OC)[C@H]1C(=O)OC)S(=O)(=O)c1ccc(C)cc1,-27.43,0
M2R-decoy_810,O=c1oc2ccccc2c2nn(S(=O)(=O)C(F)(F)F)cc12,-27.43,0
M2R-decoy_9587,O=C(CCS(=O)(=O)C1CCCC1)N1CCC(O)(C(F)(F)F)C1,-27.43,0
M2R-decoy_11103,NS(=O)(=O)c1ccc(c2ccc(/C=N/C3CCS(=O)(=O)C3)o2)cc1,-27.42,0
M2R-decoy_5754,CC(C)C(NC(=O)Cn1c(=O)c(NS(=O)(=O)NCc2ccccc2)ccc1c1ccccc1)C(=O)C(F)(F)F,-27.42,0
M2R-decoy_5866,CC(=O)N1CCSc2ccc(S(=O)(=O)NCc3ccc(F)cc3)cc21,-27.42,0
M2R-decoy_6893,CO[C@@H]1[C@@H](F)CN(C(=O)Cn2nc(C(C)=O)c3ccncc32)[C@@H]1C(=O)NCc1cccc(Cl)c1F,-27.42,0
M2R-decoy_6556,C[C@@H]1CN([C@H](C)CO)C(=O)c2c(c3ccccc3n2C)-c2ccccc2CO[C@@H]1CN(C)S(=O)(=O)c1ccc([N+](=O)[O-])cc1,-27.42,0
M2R-decoy_7273,COC(=O)C(C)NP1(=S)Oc2ccccc2CN1c1ccc(N2Cc3ccccc3OP2(=S)NC(C)C(=O)OC)cc1,-27.42,0
M2R-decoy_8816,O=C(NS(=O)(=O)c1ccc(NCCSc2ccccc2)c([N+](=O)[O-])c1)c1ccc(c2ccc3sc(CCc4ccccc4)nc3c2)cc1,-27.42,0
M2R-decoy_985,COC(=O)c1cc(S(=O)(=O)N2CCN(c3cc(C)ccc3C)CC2)c[nH]1,-27.42,0
M2R-decoy_10721,O=c1/c(=C/c2ccc(O)cc2)sc2nc3cc(Br)cnc3n12,-27.41,0
M2R-decoy_1774,O=C(NO)C(Cc1ccccc1)C(=O)N1CCC2(CC1)C(=O)NCN2c1ccccc1,-27.41,0
M2R-decoy_4024,COc1cc2oc(c3ccc(OCCCCCOC(=O)c4ccc(N(CCCl)CCCl)cc4)cc3)cc(=O)c2c(O)c1OC,-27.41,0
M2R-decoy_9216,CC(C)[C@]1(O)CC[C@]2(C)C=C[C@](C)(OC(=O)c3ccc(O)cc3)C[C@H](O)[C@H]21,-27.41,0
M2R-decoy_9586,O=S(=O)(NCCc1ccc2c(c1)OCCO2)c1cccs1,-27.41,0
M2R-decoy_9789,O=C([C@H]1CCN1S(=O)(=O)c1c(F)c(F)c(F)c(F)c1F)N(Cc1ccc(C2CCCCC2)cn1)c1cc2[nH]ncc2cc1F,-27.41,0
M2R-decoy_10517,Clc1cc(Cl)cc(c2nnn(CC#CI)n2)c1,-27.4,0
M2R-decoy_1111,N#CCNC(=O)Cc1nnc(Cc2nc3c(Br)cccc3s2)o1,-27.4,0
M2R-decoy_213,CCCc1nc(Br)c2c(Br)nnc(O)n12,-27.4,0
M2R-decoy_4178,C=CC[C@@H](CC(=O)OC(C)(C)C)C(=O)OCCNC(=O)[C@H](CC=C)CC(=O)N(CCO)Cc1ccccc1,-27.4,0
M2R-decoy_5154,CC(=O)c1cn(CC(=O)N2[C@H](C(=O)NCc3cc(C#N)cc(Cl)c3F)C[C@H]3C[C@H]32)c2ccccc12,-27.4,0
M2R-decoy_5438,CC(=O)c1ccccc1N(C(=O)Cn1nnc2ccccc21)C(C(=O)NCC1CCCO1)c1ccc(N2CCOCC2)cc1,-27.4,0
M2R-decoy_7378,CCn1nc2c(c3ccc(Cl)cc3)c(c3ccncc3F)c(=O)n(Cc3ccc(C(F)(F)F)nc3C)n2c1=O,-27.4,0
M2R-decoy_7403,Cc1ccc(S(=O)(=O)N[C@H]2COC(=O)[C@@H](Cc3ccccc3)NC(=O)[C@@H](C)COC(=O)C/C=C\[C@@H]2C)cc1,-27.4,0
M2R-decoy_7774,CC(C(=O)NCc1ccc(C(F)(F)F)nc1OC1CCN(C(=O)OC(C)(C)C)CC1)c1ccc(NS(C)(=O)=O)c(F)c1,-27.4,0
M2R-decoy_8704,COCOc1cc(/C=C/c2cc(C=O)c3c(c2)C[C@@H]2C(C)(C)[C@H](O)CC[C@@]2(C)O3)cc(OC)c1C/C=C(\C)CCC=C(C)C,-27.4,0
M2R-decoy_9096,COc1ccc(/C=C/c2cc(OC)cc(OC)c2/C=C/C(=O)c2cc3cccc(Br)c3oc2=O)cc1,-27.4,0
M2R-decoy_9400,C=CC[C@@H](Cc1ccc(F)cc1)C(=O)OC[C@@H](Cc1c[nH]c2ccccc12)NC(=O)[C@H](CC=C)CC(=O)N(CCO)Cc1ccccc1,-27.4,0
M2R-decoy_9590,CC(Oc1ccccc1C(F)(F)F)C(=O)NCC(=O)N1CCCC1,-27.4,0
M2R-decoy_1787,CCCSc1nc(N2CC[NH2+]CC2)c2[nH]c(=O)c(=O)n(Cc3ccccc3)c2n1,-27.39,0
M2R-decoy_2513,c1ccc(OCc2nnc3ccncc3n2)cc1,-27.39,0
M2R-decoy_5578.1,COc1cc2nc(N3CCCC3)nc(NCCCCCC[NH3+])c2cc1OC,-27.39,0
M2R-decoy_9078,O=C1/C(=C/c2ccc(Cl)cc2)COc2cc(OCCCCCCNc3c4c(nc5ccccc35)CCCC4)ccc21,-27.39,0
M2R-decoy_1504,CS(=O)(=O)CCSCc1ccn(c2ccc(F)cc2)n1,-27.38,0
M2R-decoy_5454,CCN(CC)S(=O)(=O)c1ccc2c(c1)nc(CCC(=O)OCC(=O)Nc1cc(OC)cc(OC)c1)n2C,-27.38,0
M2R-decoy_6557,COc1cc(C(C)C)c(Oc2cnc(NC3CCN(S(C)(=O)=O)CC3)nc2N)cc1I,-27.38,0
M2R-decoy_6635,C=C[C@@]1(C)CC(=O)[C@]2(O)C3(C)C(C(O)C(OC(=O)C(C)Nc4ccccc4)[C@@]2(C)O1)C(C)(C)CC[C@@H]3O,-27.38,0
M2R-decoy_10490,O=C(c1ccc(Br)s1)N1CCN(c2ccccn2)CC1,-27.37,0
M2R-decoy_1001,Cc1nnc(NC(=O)c2ccc(S(=O)(=O)N3CCCCC3)cc2)s1,-27.37,0
M2R-decoy_5811,Cc1cncc(COC(=O)NC(C(=O)N[C@@H](Cc2ccccc2)C[C@H](O)[C@H](Cc2ccccc2)NC(=O)OCc2cccnc2)C(C)C)c1,-27.37,0
M2R-decoy_6113,CC[C@@]1(C(=O)[O-])Cc2cc(OCCCOc3ccc(CCC(F)(F)F)cc3Cl)ccc2O1,-27.37,0
M2R-decoy_754,CCc1nc(C[NH+]2CCCN(c3cnc4ccccc4n3)CC2)no1,-27.37,0
M2R-decoy_8828,CCCCc1oc2ccccc2c1C(=O)c1cc(I)c(OCC[NH+](CC)CC)c(I)c1,-27.37,0
M2R-decoy_9198,Cc1ccc(S/C(=C/c2c(O)cc(O)cc2O)C(=O)c2ccc(Br)cc2)cc1,-27.37,0
M2R-decoy_9253,CC(C)C[C@@]12C(=O)N(c3cccc(Br)c3)C(=O)N1[C@H](c1ccc(F)cc1)[C@@H]1C(=O)N(C3CCCCC3)C(=O)[C@@H]12,-27.37,0
M2R-decoy_9397,COc1ccc(Cn2c(CCc3ccccc3)nnc2[C@@H](Cc2c[nH]c3ccccc23)NC(=O)c2ccccn2)cc1,-27.37,0
M2R-decoy_10931,O=C1N(Cc2nccn2Cc2ccccc2)CCCC12CCN(c1cnc3ccccc3n1)CC2,-27.36,0
M2R-decoy_6058,CNC(=O)c1c2cc(c3ccc4ncn(c5ccccc5)c(=O)c4c3)c(N(C)S(C)(=O)=O)cc2oc1c1ccc(F)cc1,-27.36,0
M2R-decoy_6882,O=S1(=O)NC[C@@H]2C[C@](c3cc(F)ccc3F)(S(=O)(=O)c3ccc(Cl)cc3)CC[C@@H]2N1C1CC1,-27.36,0
M2R-decoy_5389,CCOC(=O)CN(Cc1cc(F)cc(F)c1)c1ccc2c(c1)N(C)CC(C)(COc1ccc(C#N)cc1)O2,-27.35,0
M2R-decoy_6840,CCOC(=O)C1CCN(C(=O)N2CC[C@](c3ccc(C(O)(C(F)(F)F)C(F)(F)F)cc3)(S(=O)(=O)c3ccc(F)cc3)C2)CC1,-27.35,0
M2R-decoy_1162,O=S(=O)(c1ccc(Cl)cc1)N1Cc2c[nH]nc2-c2ccccc21,-27.34,0
M2R-decoy_8604,COc1ccc(CNC(=O)C[C@H]2C[C@H](C(=O)N3CCOCC3)[C@@]3(CCC4CCCC4)c4[nH]c5cc(c6ccco6)ccc5c4CCN3C2=O)cc1OC,-27.34,0
M2R-decoy_2327,CN(CCOc1ccc(C[C@@H]2SC(=O)NC2=O)cc1)c1ccccn1,-27.33,0
M2R-decoy_247,CN1C(=O)CO[C@H]2CN(C(=O)Nc3ccc(F)cc3)C[C@H]21,-27.33,0
M2R-decoy_7682,COc1cc2c(Nc3ccc(NC(=O)C(c4cc(F)ccc4F)N4Cc5ccccc5C4=O)cc3F)ncnc2cc1OCC1CC[NH+](C)CC1,-27.33,0
M2R-decoy_8921,CCOC(=O)/C(C)=C/C(C)=C/c1csc([C@H](Cc2ccc(OCc3ccccc3)cc2)NC(=O)C2CCCCC2)n1,-27.33,0
M2R-decoy_9751,O=c1oc2ccccc2cc1c1csc(N2N=C(c3ccc(Br)cc3)C[C@@]2(O)C(F)(F)F)n1,-27.33,0
M2R-decoy_8491,COc1ccc(OC)c(CCNC(=O)CS(=O)(=O)Cc2nc(c3cccc(OC)c3)oc2C)c1,-27.33,0
M2R-decoy_10536,O=C1C(Cl)=C(N2CCOCC2)C(=O)N1c1ccc(Cl)c(Br)c1,-27.32,0
M2R-decoy_1125,O=C1CN(S(=O)(=O)c2ccc(Cl)cc2)C(=O)C(Cc2cccc(Cl)c2)CN1,-27.32,0
M2R-decoy_1491,CCc1cc(CCCCCOc2ccc(C3=NCCO3)cc2)on1,-27.32,0
M2R-decoy_2760.1,COc1ccc([C@H]2CC(=O)N(c3cccc(NS(=O)(=O)c4cc(C)ccc4OC)c3)C2)cc1OC1CCCC1,-27.32,0
M2R-decoy_9825,CC[C@@]1(O)C(=O)OCc2c1cc1n(c2=O)Cc2c-1nc1ccccc1c2/C=N/OC(c1ccccc1)(c1ccccc1)c1ccccc1,-27.32,0
M2R-decoy_10965,O=C(N1CCC(c2ccncc2)CC1)N1CCN(S(=O)(=O)c2ccc(Br)cc2)CC1,-27.31,0
M2R-decoy_2952,Cc1cc(CCCOc2c(C)cc(c3noc(C(Cl)(Cl)Cl)n3)cc2C)on1,-27.31,0
M2R-decoy_1756,C#CCO[C@@H]1O[C@@H]2CO[C@@H](c3ccccc3)O[C@H]2[C@H](OCc2ccccc2)[C@H]1OCc1ccccc1,-27.31,0
M2R-decoy_3248,CCCN(C(=O)Cn1nc(Cc2cccnc2)c2ccccc2c1=O)c1ccc(C(C)C)cc1,-27.31,0
M2R-decoy_4285,CC(C)CN(Cc1ccc(N[C@@H]2CCN(S(C)(=O)=O)C[C@H]2F)cc1)S(=O)(=O)Cc1ccccc1,-27.31,0
M2R-decoy_4341,COC(=O)N(C)CCCCN(C1Cc2cc(C#N)ccc2N(Cc2cncn2C)C1)S(=O)(=O)c1ccccn1,-27.31,0
M2R-decoy_6279,N#CC1(NC(=O)[C@@H]2Cc3ccc(c(I)c3)OC/C=C/COc3ccc(Cl)cc3C(=O)N2)CC1,-27.31,0
M2R-decoy_7846,C[C@]1(C(=O)N2CC[C@](c3ccc(C(F)(C(F)(F)F)C(F)(F)F)cc3)(S(=O)(=O)c3ccc(F)cc3)C2)CCC(F)(F)CO1,-27.31,0
M2R-decoy_8307,CNC(=O)C(NC(=O)C(CCc1ccccc1)CC(O)C(F)(F)c1ccc(Cc2ccccc2)cc1)C(C)(C)C,-27.31,0
M2R-decoy_11401,O=S(=O)(c1ccc(Br)cc1)c1nc2ccccc2nc1N1CCOCC1,-27.3,0
M2R-decoy_1485,CCCSCCCNC(=O)Cn1cc2c(n1)CCC(C)C2,-27.3,0
M2R-decoy_2490,CS(=O)(=O)c1ccc(C(=O)c2ccoc2)cc1,-27.3,0
M2R-decoy_4918,O=C(CN1[C@@H](COc2ccccc2)[C@@H](O)[C@H](O)[C@H](COc2ccccc2)N(Cc2ccc(c3cccs3)cc2)S1(=O)=O)Nc1nccs1,-27.3,0
M2R-decoy_6363,Cn1c(CCC(=O)Nc2cc(S(C)(=O)=O)ccc2Cl)nc2cc(S(=O)(=O)N3CCOCC3)ccc21,-27.3,0
M2R-decoy_6915,CC(C)C#Cc1ccc2c(c1)O[C@@H](CN(C)C(=O)c1cnccn1)[C@@H](C)CN([C@@H](C)CO)S2(=O)=O,-27.3,0
M2R-decoy_7093,CCO/N=C(\c1ccc(Br)cc1)C1CC[NH+](C2(C)CCN(C(=O)c3c(C)cc(C)nc3O)CC2)CC1,-27.3,0
M2R-decoy_7489,COC(=O)[C@]1(C)CC2=C3C=C(C(=O)[C@H](O)[C@@]3(C)[C@@H]3C[C@H]23)[C@](C)(C(=O)OC)CC2=C3C=C1C(=O)[C@H](O)[C@@]3(C)[C@@H]1C[C@H]21,-27.3,0
M2R-decoy_11379,CN(C(=O)CCN1C(=O)/C(=C/c2ccc(F)cc2)SC1=S)C1CCS(=O)(=O)C1,-27.29,0
M2R-decoy_228,O=C1OCC(c2ccc(O)c(O)c2)=C1c1ccc(O)cc1,-27.29,0
M2R-decoy_3663,CCCc1nnc(SCC(=O)N2CCCC2)n1CC1CCCO1,-27.29,0
M2R-decoy_4701,C=CCN(c1ccccc1)S(=O)(=O)c1cccc(C(=O)NCC2CCCO2)c1,-27.29,0
M2R-decoy_3352,Cc1ccccc1NC(=O)Cc1nc(COC(=O)CCC(=O)c2ccccc2)cs1,-27.29,0
M2R-decoy_6505,CC(=O)OC[C@]12[C@@H](OC(=O)c3ccccc3)C[C@@H]3[C@@H](OC(C)=O)[C@]1(OC3(C)C)[C@H](C)C[C@H](OC(C)=O)[C@@H]2O,-27.29,0
M2R-decoy_3969.1,CCCOC(=O)[C@H](Cc1ccccc1)NP(=O)(CO[C@@H]1C=C(F)[C@H](n2cnc3c(N)ncnc32)O1)Oc1ccccc1,-27.28,0
M2R-decoy_4132,COc1ccc(CCN(C(=O)NCc2ccccc2)[C@@H](Cc2ccccc2)C(=O)N[C@@H](CC(N)=O)[C@@H]2O[C@H]3OC(C)(C)O[C@H]3[C@@H]2OCc2ccccc2)cc1,-27.28,0
M2R-decoy_6587,CC(C)(C)c1nc(COc2ccc3c(c2)CCn2c-3cc(OCC3COc4ncccc4O3)nc2=O)no1,-27.28,0
M2R-decoy_7609,CSc1ccccc1c1nnc2ccc(Sc3ccccc3CNC(=O)Nc3cc(C(C)(C)C)nn3c3cccc(O)c3)cn21,-27.28,0
M2R-decoy_10611,Cc1cc(C)n(c2nnc3n2N=C(c2c[nH]c4ccccc24)CS3)n1,-27.27,0
M2R-decoy_1034.1,O=C(CCC(=O)N1CCC2(CC1)OCCO2)Nc1nnc(C(F)(F)F)s1,-27.27,0
M2R-decoy_296,Cn1cnc2nc(c3ccc(Br)cc3)nn2c1=S,-27.27,0
M2R-decoy_8521,CCCCN(CCCC)C(=O)C[NH+]1C[C@H](c2ccc3c(c2)OCO3)[C@@H](CC(=O)[O-])[C@@H]1c1ccc(OC)cc1,-27.27,0
M2R-decoy_1804,O=C(c1c[nH]c2ccccc12)C(c1ccccc1)[NH+]1CC[NH+](CC(=O)N2CCCC2)CC1,-27.26,0
M2R-decoy_7194,CC1(C)O[C@]23[C@H](OC(=O)c4cccnc4)[C@H]1C[C@H](OC(=O)/C=C/c1ccccc1)[C@]2(C)[C@@H](OC(=O)c1ccccc1)CC[C@]3(C)O,-27.26,0
M2R-decoy_4595,CNC(=O)[C@H](Cc1ccc(OC)cc1)NC(=O)[C@@H](CC(C)C)[C@H](S)CC(=O)OCc1ccccc1,-27.25,0
M2R-decoy_7701,CC(C)(C)OC(=O)N1C[C@@H](Oc2ccc(c3ccccc3)cc2)C[C@H]1C(=O)N[C@@H](Cc1ccc(Br)cc1)C(=O)NS(=O)(=O)c1ccc(Cl)cc1,-27.25,0
M2R-decoy_7704,CC[C@@H]1C[C@H](N(Cc2cc(C(F)(F)F)cc(C(F)(F)F)c2)c2nnn(CC3CC3)n2)c2cc(C(F)(F)F)ccc2N1C(=O)OC(C)C,-27.25,0
M2R-decoy_980,Cc1cc(C)n2nc(CNS(=O)(=O)c3ccc(Cl)cc3)nc2n1,-27.25,0
M2R-decoy_3929.1,O=C(Cc1ccccc1)Nc1ccc(CCCCc2nnc(NC(=O)Cc3cccc(Cn4cccn4)c3)s2)nn1,-27.24,0
M2R-decoy_3338,COc1cc([C@@H](CC=C(C)C)OC(=O)CCc2ccccc2)c(OC)c2c1C(=O)C=CC2=O,-27.24,0
M2R-decoy_5779,CC(C)CCc1sc(NC(=O)c2cc(NC(=O)c3ccc(/C=C/c4ccc5ccccc5n4)cc3)cn2C)nc1C(=O)NCC[NH+]1CCOCC1,-27.24,0
M2R-decoy_918,O=S1(=O)CC(n2cnc3c(Cl)ncnc32)OCc2ccccc21,-27.24,0
M2R-decoy_6272,COc1ccccc1N1CCN(c2ccc3c(c2)S(=O)(=O)c2cccc(C(=O)NCC4CC4)c2C3=O)CC1,-27.23,0
M2R-decoy_2108,CCCCNC(=O)CC(O)C(Cc1ccccc1)NC(=O)[C@@H](NC(=O)c1ccc(OC)cc1OC)[C@@H](C)CC,-27.22,0
M2R-decoy_2522,COC(=O)C#CC(O/C=C/C(=O)OC)C(C)C,-27.22,0
M2R-decoy_2584,CC(C)(C)NC(=O)c1ccccc1C[C@@H](O)[C@H](Cc1ccccc1)NC(=O)[C@H](CS(=O)(=O)c1ccc(F)cc1)NS(C)(=O)=O,-27.22,0
M2R-decoy_5312,COc1ccc(c2nn(c3ccccc3)cc2C(=O)NCc2cn(Cc3cc(OC)c(OC)c(OC)c3)nn2)cc1,-27.22,0
M2R-decoy_6201,CCOC(=O)c1c(C)nc(N2CCN(S(=O)(=O)c3ccc(NC(C)=O)c(Cl)c3)CC2)nc1c1ccccc1,-27.22,0
M2R-decoy_4967,CCCN(C)C(=O)c1cc(C(=O)N[C@@H](Cc2ccccc2)[C@H](O)CN(CC(C)C)S(=O)(=O)c2ccc(OC)cc2)cc(N(C)C(=O)OC(C)(C)C)c1,-27.22,0
M2R-decoy_6809,Cc1sc(c2cccc(NC3CCN(S(=O)(=O)Cc4ccccc4)CC3)c2)cc1C1CC(=O)NS1(=O)=O,-27.22,0
M2R-decoy_7534,C[C@@H]1CC[C@H]2[C@@H](C)C(OCC#Cc3ccc(C#CCOC4O[C@@H]5O[C@@]6(C)CC[C@H]7[C@H](C)CC[C@@H]([C@H]4C)[C@]75OO6)cc3)O[C@@H]3O[C@@]4(C)CC[C@@H]1[C@@]23OO4,-27.22,0
M2R-decoy_971,O=C(Nc1ccncc1)C1CCN(S(=O)(=O)c2cccs2)CC1,-27.22,0
M2R-decoy_11454,Cc1ccc(n2nccn2)c(C(=O)N2CCN(c3nc4cc(Cl)ccc4o3)CC[C@H]2C)c1,-27.21,0
M2R-decoy_11480,O=C(NCc1ccc(Cl)cc1Cl)C1CCN(S(=O)(=O)c2ccc(Br)s2)CC1,-27.21,0
M2R-decoy_2189,CC(=O)Oc1ccc(/C=C/C(=O)OCCCCCc2cnnn2CCCO)cc1OC(C)=O,-27.21,0
M2R-decoy_2697,CSCCC[C@H](NP(=O)(OC[C@H]1O[C@@H](n2cnc3c(=O)[nH]c(N)nc32)[C@](C)(O)[C@@H]1O)Oc1cccc2ccccc12)C(=O)OC(C)C,-27.21,0
M2R-decoy_758,Cc1ccnc(NC(=S)N2CCN(c3ccc(O)cc3)CC2)c1,-27.21,0
M2R-decoy_780,Cn1cnc2nc(c3ccc(C#N)cc3)nn2c1=S,-27.21,0
M2R-decoy_8304,COCCOc1cc2ncnc(Nc3ccc(C(=O)NC45CC6CC(CC(C6)C4)C5)cc3)c2cc1OCCOC,-27.21,0
M2R-decoy_6732,NS(=O)(=O)CCNC(=O)C(c1nc2ccc(Br)cc2s1)S(=O)(=O)CCC(F)(F)F,-27.21,0
M2R-decoy_866,C=C(C)C(=O)O[C@@H]1[C@@H](O)/C(C=O)=C\CC/C(C)=C/[C@H]2OC(=O)C(=C)[C@H]12,-27.21,0
M2R-decoy_9884,O=C(N1CC[C@](c2ccc(C(F)(C(F)(F)F)C(F)(F)F)cc2)(S(=O)(=O)c2ccc(F)cc2)C1)C1(O)CCOCC1,-27.21,0
M2R-decoy_10430,Cc1cccc(c2nnc(C3CCN(S(=O)(=O)c4cccc(Cl)c4)CC3)o2)c1,-27.2,0
M2R-decoy_11395,CC(=O)N1c2ccc(S(=O)(=O)N3CCC(C(=O)N4CCCCC4)CC3)cc2CC1C,-27.2,0
M2R-decoy_2206,COC[C@H](Cc1ccccc1)NC(=O)COc1cccc(F)c1C(=O)NCCC1=CCCCC1,-27.2,0
M2R-decoy_3094,CCN(CC)S(=O)(=O)c1ccc(C)c(C(=O)Oc2cccc(c3cnc4ccccc4n3)c2)c1,-27.2,0
M2R-decoy_1759,CC(C)Oc1ccccc1n1nc(C2CCN(S(C)(=O)=O)CC2)cc1c1ccc(Cl)cc1,-27.2,0
M2R-decoy_6159,Cc1ccc(S(=O)(=O)N2CCC(c3nc4n(n3)S(=O)(=O)c3ccccc3N4c3ccccc3)CC2)cc1,-27.2,0
M2R-decoy_206,O=S(=O)(CC#Cc1ccccc1C#CCO)c1ccccc1,-27.19,0
M2R-decoy_2193,O=C(CCc1ccccc1)N[C@@H](Cc1ccccc1)C(=O)NC(CCS)C(=O)OCc1ccccc1,-27.19,0
M2R-decoy_435,Cc1cccc(C#CC=C2CCN(C(=O)NC(C)(C)C)CC2)n1,-27.19,0
M2R-decoy_5323,CCCCC(CC)C(=O)Nc1ccc2ccn(Cc3ccc(C(=O)NS(=O)(=O)c4ccc([N+](=O)[O-])cc4)cc3OC)c2c1,-27.19,0
M2R-decoy_488,Cc1ccccc1Oc1ccc2c(c1)S(=O)(=O)NCN2C,-27.19,0
M2R-decoy_5791,CCOC(=O)/C=C/[C@H](C[C@@H]1CCCNC1=O)NC(=O)[C@H](Cc1ccccc1)NC(=O)[C@H](CC(C)C)NC(=O)OCc1ccccc1,-27.19,0
M2R-decoy_690,Cn1c(=O)c2c(nc3n2CCCN3Cc2cccc(Br)c2)n(C)c1=O,-27.19,0
M2R-decoy_6711,O=C(CSc1nnnn1c1ccccc1)N/N=c1/scc(c2ccc([N+](=O)[O-])cc2)n1c1ccccc1,-27.19,0
M2R-decoy_8534,CCc1ccccc1C(NC(=O)C[NH+]1C[C@H](c2ccc3c(c2)OCO3)[C@@H](C(=O)[O-])[C@@H]1c1ccc(OC)cc1)c1ccccc1CC,-27.19,0
M2R-decoy_9959,O=C(N1CC[C@](c2ccc(C(OCc3c(F)cccc3F)(C(F)(F)F)C(F)(F)F)cc2)(S(=O)(=O)c2ccc(F)cc2)C1)C1(CO)CCOCC1,-27.19,0
M2R-decoy_1048,Cc1ccc2nc(C)n(NC(=O)/C(C#N)=C/c3ccc(O)c(O)c3)c(=O)c2c1,-27.18,0
M2R-decoy_1306,O=C(Nc1c2c(nn1c1ccccc1)C[S+]([O-])C2)c1ccco1,-27.18,0
M2R-decoy_4242,CC(C)CCNC(=O)[C@@H](CC(=O)[C@@H](CC(=O)[C@@H]1CCCN1C(=O)/C=C/c1ccccc1)CC(C)C)Cc1ccccc1,-27.18,0
M2R-decoy_6926,CCc1cccc(CC)c1NS(=O)(=O)Nc1ccc2[nH]nc(c3cccc(S(N)(=O)=O)c3)c2c1,-27.18,0
M2R-decoy_8340,COc1ccc(S(=O)(=O)N(C[C@@H](O)[C@H](Cc2ccccc2)NC(=O)OC(C)(C)C)OCC2CCCCC2)cc1,-27.18,0
M2R-decoy_8492,COC(=O)[C@@H](NC(=O)[C@@H](CCCNC(=O)OCc1ccccc1)NC(=O)OC(C)(C)C)C(C)C,-27.18,0
M2R-decoy_10508,COC(=O)C1=C(C)N(c2ccc(F)cc2)/C(=C/c2ccc(O)cc2)C1=O,-27.17,0
M2R-decoy_1889,CNC(=O)CN(Cc1ccccc1OC(F)F)C(=O)c1c[nH]c(C(=O)N2CC3CCCCC3C2)n1,-27.17,0
M2R-decoy_147,Nc1nc(N)c2c(Cl)c(Br)ccc2n1,-27.17,0
M2R-decoy_2546,COc1ncc(c2cc(O[C@@H]3CCN(S(=O)(=O)C4CCOCC4)C3)c3cnn(C)c3n2)cc1NS(C)(=O)=O,-27.17,0
M2R-decoy_1764,C=Cc1ccc(CN(c2cccc(Cl)c2)S(=O)(=O)c2cccn3c(C)nnc23)cc1,-27.17,0
M2R-decoy_4891,COc1cc(C(=O)NS(=O)(=O)c2ccccc2C)ccc1Cn1cc(CCC(=O)N2CCOCC2)c2ccc(C(=O)NCC3CCCC3)cc21,-27.17,0
M2R-decoy_112,CC[N+](CC)(CC)CCOCCOCCOCCOC(=O)[C@]1(C)CCC[C@]2(C)[C@@H]1CC[C@@]13CC(=O)[C@@](C)(CC[C@@H]21)C3,-27.16,0
M2R-decoy_10283,O=c1/c(=C/c2ccccc2Br)sc2nc3ccccc3n12,-27.16,0
M2R-decoy_408,COC(=O)N1[C@H]2CC[C@@H]1C[C@@](O)(C#Cc1cn3ccccc3n1)C2,-27.16,0
M2R-decoy_480,NC(=O)c1cccc2c1O/C(=C\c1ccccc1O)C2=O,-27.16,0
M2R-decoy_5318,COc1ccc(c2ccc(CN(C)C(=O)Cn3cc(Cc4cnn(C)c4)c(=O)nc3SCc3ccc(F)cc3)cc2)cc1,-27.16,0
M2R-decoy_6828,COc1ccc2c3c1O[C@H]1[C@H](N(C)C(=O)/C=C/c4ccoc4)CC[C@@]4(O)[C@@H](C2)N(S(=O)(=O)c2ccc(C)cc2)CC[C@]314,-27.16,0
M2R-decoy_9520,O=C(N[C@@H](Cc1ccc(OCc2ccc(c3ccccc3)cc2)cc1)C(=O)NS(=O)(=O)c1ccc(NC2CCCCC2)c([N+](=O)[O-])c1)c1ccc2ccccc2c1,-27.16,0
M2R-decoy_269,Oc1c(I)cc(F)c2cccnc12,-27.15,0
M2R-decoy_3359,CCCCCCCCc1c2[n+](cc3c(OC)c(OC)ccc13)CCc1cc3c(cc1-2)OCCO3,-27.15,0
M2R-decoy_5990,CCOc1cc(=O)n(C)cc1c1cc(N(Cc2nccs2)S(=O)(=O)Cc2ccccc2)ccc1Oc1ccc(F)cc1F,-27.15,0
M2R-decoy_8622.1,CC(C)(C)c1ccc(C(O)(CC[NH+]2CCOCC2)c2ccc(Cl)c(CCOc3ccc(c4ccc(C(=O)[O-])cc4)cc3)c2)cc1,-27.15,0
M2R-decoy_9693,O=C(NCC1CC2(CO1)CN(c1ncccn1)C2)C1CCC1,-27.15,0
M2R-decoy_11134.1,Cc1cc[n+](c2[n-]c(=O)sc2C=NNC(=O)c2ccccc2O)cc1C,-27.14,0
M2R-decoy_11333,Cc1ccc(/C=c2\s/c(=C(/C#N)C(=O)N3CCCC3)n(Cc3ccco3)c2=O)s1,-27.14,0
M2R-decoy_2494,O=CCOCc1cc2c(cc1Br)OCO2,-27.14,0
M2R-decoy_4885,CC(C)CC(NC(=O)OC(C)(C)C)C(=O)NC(CCC(=O)OCc1ccc([N+](=O)[O-])cc1)C(=O)OCc1ccc([N+](=O)[O-])cc1,-27.14,0
M2R-decoy_7244,Cc1nc2c(I)cc(I)cc2c(=O)n1Cc1ccc(I)cc1,-27.14,0
M2R-decoy_8659,CCCCC(CC)C(=O)Nc1ccc2ccn(Cc3ccc(C(=O)NS(=O)(=O)c4ccc(OC)cc4)cc3OC)c2c1,-27.14,0
M2R-decoy_9095,C=C1CCCC(C)(C)[C@@H]1CC/C(=C/CC[C@@H]1[C@@]2(C)CCCC(C)(C)[C@@H]2CC[C@@]1(C)O)COC(=O)c1ccccc1,-27.14,0
M2R-decoy_6382,Cc1c(O)cccc1C(=O)N[C@@H](Cc1ccccc1)[C@H](O)C(=O)N1CSC(C)(C)[C@H]1C(=O)N[C@H]1CCc2ccccc21,-27.13,0
M2R-decoy_9068,CCCCCCCCC(=O)Nc1ccc(C[C@H]2C(=O)OC3c4cc(C)cc(O)c4C4=C(C(=O)c5c(O[C@H]6C[C@@H](O)[C@@H](O)[C@H](C)O6)cccc5C4=O)N32)cc1,-27.13,0
M2R-decoy_9491,COc1cccc(/C=C/c2ccc(C(=O)Nc3cc(C(=O)Nc4cc(C(=O)NCC[NH+]5CCCCC5)n(CCCc5ccccc5)c4)n(C)c3)cc2)c1,-27.13,0
M2R-decoy_11412,O=C(N1CCC(c2ccncc2)CC1)N1CCN(S(=O)(=O)c2ccc(Cl)cc2)CC1,-27.12,0
M2R-decoy_11423,Cc1cc(C)cc(NC(=O)Cn2nc(N3CCN(c4ccccc4)CC3)ccc2=O)c1,-27.12,0
M2R-decoy_7125,CCC(=O)NC(CC(=O)Nc1ccc(Br)cn1)C(=O)Nc1ccc(c2ccccc2S(N)(=O)=O)cc1,-27.12,0
M2R-decoy_8235,COc1c(C)cc2c(c1OCc1ccccc1)[C@@H]1C3=Cc4c(OC(C)=O)c(C)c(OC)c(OC)c4[C@H](COCc4ccccc4)N3[C@@H](C#N)[C@H](C2)[NH+]1C,-27.12,0
M2R-decoy_131,O=C1C(Cl)=C(Cl)C(=O)C(Cl)=C1Cl,-27.11,0
M2R-decoy_2608,CSCC[C@H](NC(=O)[C@H](Cc1ccccc1)NC(=O)C12CC3CC(CC(NC(=O)[C@@H]([NH3+])Cc4ccc(O)cc4)(C3)C1)C2)C(=O)[O-],-27.11,0
M2R-decoy_5479,CCOc1cc(=O)n(C)cc1c1cc(N(Cc2nccs2)S(=O)(=O)CC)ccc1Oc1ccc(F)cc1F,-27.11,0
M2R-decoy_8981,COc1ccc(C(C)C)cc1C1=C(CN(Cc2cc(C(F)(F)F)cc(C(F)(F)F)c2)c2ncc(OCCO)cn2)CC(C)(C)CC1,-27.11,0
M2R-decoy_11234,O=C(OCn1ncc(Br)c(Br)c1=O)c1c(F)cccc1F,-27.1,0
M2R-decoy_2298,CCCc1nnc(SCC(=O)N2CCCCC2)n1CC1CCCO1,-27.1,0
M2R-decoy_6780,CCOC(=O)c1c(C)nc(N2CCN(S(=O)(=O)c3ccc(NC(C)=O)cc3)CC2)nc1c1ccccc1,-27.1,0
M2R-decoy_3903,CCCn1c(=O)c2[nH]c(c3ccc(OCC(=O)Nc4ccc(CC(=O)OCC)cc4)cc3)cc2n(CCC)c1=O,-27.09,0
M2R-decoy_850,CC(C)(C)OC(=O)N1CSC[C@@H]1C(=O)NCc1ccncc1,-27.09,0
M2R-decoy_10016,COc1ccc(C[C@H]2NC(=O)/C=C/C[C@@H]([C@H](C)[C@@H](O)[C@@H](Cl)c3ccccc3)OC(=O)[C@H](CC(C)C)OC(=O)C3(CC3)CNC2=O)cc1Cl,-27.08,0
M2R-decoy_1924,CC(C)CN(CCc1ccccc1)S(=O)(=O)c1ccc(N2CCN(S(C)(=O)=O)CC2)nc1,-27.08,0
M2R-decoy_2358,CCOC(=O)CCCCc1ccc2c(c1)OCO2,-27.08,0
M2R-decoy_5898,CCOc1ccc(CCNC(=O)CCc2c(C)nc3c(c(C)nn3c3ccccc3)c2C)cc1OCC,-27.08,0
M2R-decoy_689,COc1cc(C(=O)N2CCn3c(nnc3c3nc(C)ns3)[C@H]2C)ccc1F,-27.08,0
M2R-decoy_6696,CC(=O)OC(C)(C)/C=C/C(=O)[C@](C)(O)C1[C@H](O)C[C@@]2(C)C3CC=C4C(C[C@H](O)C(=O)C4(C)C)[C@]3(C)C(=O)C[C@]12C,-27.08,0
M2R-decoy_9094,CCCCOCc1c(c2nnc(C(C)(C)C)o2)nn(c2ccc(Cl)cc2Cl)c1c1ccc(Cl)cc1,-27.08,0
M2R-decoy_10130.1,Cc1nc(N2CCCC2)nc2c1CC[NH+](Cc1ccsc1)CC2,-27.07,0
M2R-decoy_11219,O=C(c1ccccc1F)N1CCN(S(=O)(=O)c2ccc(Br)cc2)CC1,-27.07,0
M2R-decoy_1837.1,COc1ccc(OC)c(S(=O)(=O)Nc2cccc(N3C[C@@H](c4ccc(OC)c(OC5CCCC5)c4)CC3=O)c2)c1,-27.07,0
M2R-decoy_3371,COC/C=C/c1ccc(CN(C(=O)C2CCCCC2)c2cccc(/C=C/C(=O)OC)c2)cc1,-27.07,0
M2R-decoy_6459,CCOC(=O)[C@@H]1[C@H]2COc3ccc(Br)cc3[C@@H]2N2C(=O)N(c3ccc(Cl)cc3)C(=O)[C@@]12C,-27.07,0
M2R-decoy_7036,CC1(C)[C@@H]2CC[C@@]1(CS(=O)(=O)N1CCC3(C=Cc4ccccc43)CC1)[C@@](O)(CNC(=O)Cc1ccncc1)C2,-27.07,0
M2R-decoy_2353,CCN(CC)C(=O)CSc1nc(C)cc(C)c1C#N,-27.06,0
M2R-decoy_6441,C[C@H]1COC2(CCN(c3nc(=O)c4cc(C(F)(F)F)cc(n5cc(Cc6ccccc6)nn5)c4s3)CC2)O1,-27.06,0
M2R-decoy_7801,Cc1nnc2n1Cc1sc(C#Cc3cnn(CCCNc4cccc5c4CN(C4CCC(=O)NC4=O)C5=O)c3)c(Cc3ccccc3)c1OC2,-27.06,0
M2R-decoy_8091,O=C(NCc1cccc(C(F)(F)F)c1)[C@@H](CC(=O)N1CCN(N2CCCC2)CC1)N1C(=O)[C@@H](N2C(=O)OC[C@@H]2c2ccccc2)[C@H]1/C=C/c1ccccc1,-27.06,0
M2R-decoy_8182,O=C1CC/C=C\COc2ccccc2[C@H](NC(=O)c2ccccc2)[C@@H](O)C(=O)O[C@H]2C[C@@H]3[C@@H](OC(=O)c4ccccc4)c4c(cccc4C(=O)N3C2)CO1,-27.06,0
M2R-decoy_9548.1,[NH3+]Cc1ncc(S(=O)(=O)c2ccc3cccnc3c2)s1,-27.06,0
M2R-decoy_10502,CC(=O)OCC1OC(C#Cc2ccc(F)cc2F)C=CC1OC(C)=O,-27.05,0
M2R-decoy_3301,Cc1cc(CCCOc2c(C)cc(c3noc(C(C)(F)F)n3)cc2C)on1,-27.05,0
M2R-decoy_6366,CC(=O)NS(=O)(=O)c1ccc(c2c(CCc3ccc4ccccc4n3)nc3c(N4CCOCC4)ccnn32)cc1,-27.05,0
M2R-decoy_8595.1,COC(=O)CCC(C)[C@H]1CC[C@H]2[C@H]3[C@H](CC(OC(C)=O)[C@@]21C)[C@@]1(C)CC[C@@H](OCCNc2ccnc4cc(Cl)ccc24)C[C@H]1C[C@H]3OC(C)=O,-27.05,0
M2R-decoy_9182,CCOP(=O)(/C=C/C(NC(=O)[C@H](CC(C)C)NC(=O)OCC1c2ccccc2-c2ccccc21)c1ccccc1)OCC,-27.05,0
M2R-decoy_2742,Cn1cc(NC(=O)c2cc(NC(=O)c3cc(NC(=O)c4ccc(N(CCCl)CCCl)cc4)cn3C)cn2C)cc1C(=O)NCCC(=[NH2+])NC#N,-27.04,0
M2R-decoy_6796,CNC(=O)c1cc(CSc2nc(N3CC[C@@H](O)C3)c(C#N)c(c3ccc4c(c3)OCCO4)c2C#N)ccn1,-27.04,0
M2R-decoy_8990,C=C1CC[C@@H]2[C@](C)(COC(=O)c3cccnc3)[C@H](OC(=O)c3cccnc3)CC[C@@]2(C)[C@@H]1/C=C/C1=C/C(=C\C(C)=C\CCC/C=C/C)OC1=O,-27.04,0
M2R-decoy_2198,CC(C)C[C@H](NC(=O)OCc1ccccc1)C(=O)N1CCC[C@H]1C(=O)N[C@H](C=O)CCC(=O)N(C)C,-27.03,0
M2R-decoy_6751,C[C@@H](CO)N1C[C@@H](C)[C@H](CN(C)C(=O)OC(C)(C)C)Oc2cc(C#Cc3cccc(F)c3)ccc2S1(=O)=O,-27.03,0
M2R-decoy_9232,CC(C)CCN1Cc2cc(CC(C)C)c(N)cc2N[C@@H](CC(C)C)C1=O,-27.03,0
M2R-decoy_9803,Cc1nnc(c2c(c3nnc(C4(C(F)(F)F)CC4)o3)nn(c3ccc(Cl)cc3Cl)c2c2ccc(Br)cc2)o1,-27.03,0
M2R-decoy_2028,CO/C=C(/C(=O)OC)c1ccccc1COc1cc(C(F)(F)F)nc(Nc2ccccc2C)n1,-27.02,0
M2R-decoy_6409,COc1ccc2c3c1O[C@H]1[C@H](N(C)C(=O)/C=C/c4ccoc4)CC[C@@]4(O)[C@@H](C2)N(S(=O)(=O)c2ccc(C#N)cc2)CC[C@]314,-27.02,0
M2R-decoy_5008,CC(C)[C@H](NP(=O)(OCC1OC(n2cc(/C=C/Br)c(=O)[nH]c2=O)CC1O)Oc1cccc2ccccc12)C(=O)OCc1ccccc1,-27.02,0
M2R-decoy_7456,COc1c(C)ccc2c1C1=C(C(c3ccc(Br)cc3)O2)C(c2ccc(Br)cc2)n2ncnc2N1C,-27.02,0
M2R-decoy_8218,C[C@@H](CO)N1C[C@@H](C)[C@@H](CN(C)S(=O)(=O)c2ccccc2)OCCCC[C@@H](C)Oc2ccc(NS(=O)(=O)c3ccc(Cl)cc3)cc2C1=O,-27.02,0
M2R-decoy_6767,COc1nc(=O)[nH]cc1c1nc2c(n1C(C)C)C(c1ccc(Cl)cc1)N(c1cc(Cl)cn(C)c1=O)C2=O,-27.02,0
M2R-decoy_8922,Cc1ccccc1CS(=O)(=O)NCCc1c(CCCc2ccc(C(=O)[O-])cc2)c2cc(Cl)ccc2n1C(c1ccccc1)c1ccccc1,-27.02,0
M2R-decoy_11439,O=C(c1ccc(C(=O)N2CCN(c3ccccc3F)CC2)nc1)N1CCN(c2ccccc2F)CC1,-27.01,0
M2R-decoy_4824,CC(=O)N1CCN(c2ccc(C(=O)NS(=O)(=O)c3ccc(NCCSc4ccccc4)c([N+](=O)[O-])c3)cc2)CC1,-27.01,0
M2R-decoy_6503,CC(C)[C@@H]1NC(=O)C[C@H](/C=C/c2ccccc2)OC(=O)[C@H](C(C)C)NC(=O)[C@H](C(C)C)NC(=O)[C@@H](C)NC1=O,-27.01,0
M2R-decoy_9624,CC(C)n1cnnc1SCC(=O)c1ccccc1,-27.01,0
M2R-decoy_1008,O=c1cc(N2CCOCC2)nc(Cc2nc3c(Br)cccc3o2)[nH]1,-27.0,0
M2R-decoy_10230,N#CCc1cccc(C#Cc2csc(I)n2)c1,-27.0,0
M2R-decoy_1908,COc1cc(CO)c(Br)c(Br)c1OCCCO[C@@H]1O[C@H](CO)[C@@H](O)[C@H]1O,-27.0,0
M2R-decoy_2872,CCCCNC(=O)c1c(CS(=O)(=O)c2ccccc2)noc1C(=O)NCc1ccccc1,-27.0,0
M2R-decoy_445,S=C(SSC(=S)N1CCOCC1)N1CCOCC1,-27.0,0
M2R-decoy_4450,CSCCC(NC(=O)COc1ccccc1)C(=O)N(C)Cc1cccc(F)c1,-27.0,0
M2R-decoy_579,Cc1cccnc1NC(=O)C1CSc2ncc(C)c(=O)n2C1,-27.0,0
M2R-decoy_7850,C[C@@]1(Cc2ccc(Br)cc2)C(=O)N(c2cc(Cl)cc(Cl)c2)c2ncc(S(=O)(=O)N3CCOCC3)n21,-27.0,0
M2R-decoy_11508,COC(=O)N1CC2(CC2)C[C@H](C(=O)NO)[C@H]1C(=O)N1CCN(c2ccccc2)CC1,-26.99,0
M2R-decoy_2346,Cc1cccc(Cc2nnc(CCC(=O)NCc3ccncc3C)o2)c1,-26.99,0
M2R-decoy_5447,COc1ccc(S(=O)(=O)Nc2ccc3c(c2)CC(=O)N([C@H](C)CO)C[C@H](C)[C@H](CN(C)S(=O)(=O)c2cccs2)O3)cc1,-26.99,0
M2R-decoy_6673,O=C(CCCCN1C(=O)c2ccc(I)cc2S1(=O)=O)Nc1ccc(C(=O)NO)cc1,-26.99,0
M2R-decoy_9830,Cc1cc(C#N)cc(C)c1Oc1nc(NC2CCC(NS(=O)(=O)c3cccc(C(F)(F)F)c3)CC2)nc2ccsc12,-26.99,0
M2R-decoy_3065,COc1ccc(C(=O)O[C@@H]2C=CC(=O)[C@@]3(CC(=O)O[C@@H]3/C=C(\C)CCC=C(C)C)C2)c(OC)c1,-26.98,0
M2R-decoy_3601,COCCCNC1=C(C#N)C(=O)NC(c2cccs2)S1,-26.98,0
M2R-decoy_501,O=C(Nc1cccc(F)n1)c1nc(Br)cs1,-26.98,0
M2R-decoy_6724,O=C(CCCl)NC[C@H]1O[C@@H](n2cc(Cc3ccc(C4CC4)cc3)c3c(Cl)cccc32)[C@H](O)[C@@H](O)[C@@H]1O,-26.98,0
M2R-decoy_9700,CCCCCCCCNC(=S)N1CC[C@@H](O)[C@H](O)[C@H]1CO,-26.98,0
M2R-decoy_1834,CO/C=C(/C(=O)OC)c1ccccc1CSc1nnc(CSc2nc3nc(C)cc(C)n3n2)n1c1ccccc1,-26.97,0
M2R-decoy_2844,Cc1ccc(S(=O)(=O)OC[C@@H]2CO[C@@](CCc3ccc(Cl)cc3)(Cn3ccnc3)O2)cc1,-26.97,0
M2R-decoy_2937,C=C=C1C(=O)N2C(C(=O)OC(c3ccccc3)c3ccccc3)=C(COC(C)=O)CSC12,-26.97,0
M2R-decoy_304,C(#Cc1ccccn1)c1ccc(C#Cc2ccccn2)cc1,-26.97,0
M2R-decoy_7630,CC(=O)O[C@H]1C2[C@@H](OC(C)=O)C3(OC2(C)C)[C@H](C)C[C@@H](OC(=O)c2cccnc2)[C@H](OC(=O)c2ccccc2)[C@@]3(C)[C@H]1OC(=O)c1ccccc1,-26.97,0
M2R-decoy_670,C[C@@H]1C[C@H](C(F)(F)F)n2nc(C3CCN(S(C)(=O)=O)CC3)cc2N1,-26.97,0
M2R-decoy_4823,CN(C)c1ncnc2c1ncn2CCCCCOC(=O)CNC(=O)OCCCCCn1cnc2c(N(C)C)ncnc21,-26.96,0
M2R-decoy_9038,CC(C(=O)NCc1ccc(C(F)(F)F)nc1N(Cc1ccc(Cl)cc1)S(=O)(=O)c1ccccc1)c1ccc(NS(C)(=O)=O)c(F)c1,-26.96,0
M2R-decoy_9608,C=CCn1cc(F)c(=O)n(CC=C)c1=O,-26.96,0
M2R-decoy_9863,O=C(C[NH+]1CCN(c2cccc(Cl)c2)CC1)N1CCN(c2nnc(c3ccc(Cl)cc3)c(c3ccc(Cl)cc3)n2)CC1,-26.96,0
M2R-decoy_1121,C[C@H](NC(=O)Cn1nc2cc(Cl)cnn2c1=O)c1ccc(OC(F)(F)F)cc1,-26.95,0
M2R-decoy_2085,CCCCCCCCCC(=O)N[C@@H](Cc1c[nH]c2ccccc12)C(=O)N[C@H]1/C=C/CCNC(=O)/C=C/[C@H](C(C)C)NC1=O,-26.95,0
M2R-decoy_1654,CC(=O)N1CCc2cc(S(=O)(=O)CCC(=O)NCc3cccs3)ccc21,-26.95,0
M2R-decoy_3867,CNc1nc2ccc(S(=O)(=O)N(CC(C)C)C[C@@H](O)[C@H](Cc3ccccc3)NC(=O)O[C@H]3CO[C@H]4OCC[C@@H]34)cc2s1,-26.95,0
M2R-decoy_5221,CCC(=O)N1CCc2cc(Br)cc(S(=O)(=O)CCC(=O)NCCc3ccc(Cl)cc3)c21,-26.95,0
M2R-decoy_5499,Cn1cnc(S(=O)(=O)N(Cc2ccccc2)[C@H]2CC[C@@H](N(Cc3cncn3C)c3ccc(C#N)cc3)CC2)c1,-26.95,0
M2R-decoy_49,COc1ccc(OC(C)C(=O)N2CC(C)OC(C)C2)cc1,-26.95,0
M2R-decoy_6388,NC(=O)c1nn(c2ccc(S(N)(=O)=O)cc2)c2c1CCc1ccc(NC(=O)c3ccccc3OC(F)(F)F)cc1-2,-26.95,0
M2R-decoy_7270,CNC(=O)C(=O)N1CCC(c2ccc(C(OCc3c(F)cccc3F)(C(F)(F)F)C(F)(F)F)cc2)(S(=O)(=O)c2ccc(F)cc2)C1,-26.95,0
M2R-decoy_10435,CC1CCN(c2nc3ccccc3nc2C(C#N)C(=O)OC2CCCCC2)CC1,-26.94,0
M2R-decoy_10725,O=[N+]([O-])c1cc(C(F)(F)F)cc2c1sc(C1=NCCO1)[n+]2[O-],-26.94,0
M2R-decoy_1221,Oc1nc2nonc2nc1c1ccccc1Br,-26.94,0
M2R-decoy_233,O=S(=O)(c1ccc(O)nn1)c1cc2ccccc2s1,-26.94,0
M2R-decoy_3677,COc1ccc(/C=C/S(=O)(=O)c2cc(OC)c(OC)c(OC)c2)cc1,-26.94,0
M2R-decoy_4956,C#CC[C@@H](C(=O)N[C@H](/C=C/C(=O)OCc1ccccc1)C[C@@H]1CCNC1=O)n1cccc(NC(=O)c2cc(C)on2)c1=O,-26.94,0
M2R-decoy_9906,N#CC1CCN(C(=O)N2CC[C@](c3ccc(C(F)(C(F)(F)F)C(F)(F)F)cc3)(S(=O)(=O)c3ccc(F)cc3)C2)CC1,-26.94,0
M2R-decoy_10035,COc1ccc(C#Cc2cccc(c3nc(C(=O)NCc4ccc5c(c4)OCO5)cc4c3[C@@H](CCO)N([S+]([O-])C(C)(C)C)C4)c2)cc1OC,-26.93,0
M2R-decoy_11468,CC(=O)N1c2ccc(S(=O)(=O)NCC3CCC(C(=O)N4CCCCC4)CC3)cc2CC1C,-26.93,0
M2R-decoy_2984,Cc1c(Oc2cccc(F)c2F)c(OC(C)C)nn1c1ccc(C2CC2)nn1,-26.93,0
M2R-decoy_4931.2,COc1cc2c(cc1OC)C[NH+](Cc1ccc(c3ccc(OCCOc4nonc4[S+]([O-])c4ccccc4)cc3)cc1)CC2,-26.93,0
M2R-decoy_6405,O=C(NCCCl)NC[C@H]1O[C@@H](n2cc(Cc3ccc(C4CC4)cc3)c3c(Cl)cccc32)[C@H](O)[C@@H](O)[C@@H]1O,-26.93,0
M2R-decoy_8531,O=C(NCc1ccc(F)cc1F)[C@@H](Cc1ccccc1)C[C@H](O)CNS(=O)(=O)c1ccc([N+](=O)[O-])cc1,-26.93,0
M2R-decoy_9139,CCCCC(CC)C(=O)Nc1ccc2ccn(Cc3ccc(C(=O)NS(=O)(=O)c4ccccc4)c(OC)c3)c2c1,-26.93,0
M2R-decoy_9184,CCCCOC(=O)[C@H](Cc1ccc(O)cc1)NC(=O)C1(NC(=O)[C@H](SC(=O)C(C)C)C(C)C)CCCC1,-26.93,0
M2R-decoy_9876,COc1ccc(C[C@H]2NC(=O)/C=C/C[C@@H](c3c(F)c(F)c(F)c(F)c3F)OC(=O)[C@H](CC(C)C)OC(=O)CCNC2=O)cc1,-26.93,0
M2R-decoy_10331,Cc1nc2nc(c3ccc(Cl)cc3)nn2c2c1CCN2C(C)C,-26.92,0
M2R-decoy_4418,CCCCNc1nnc(SCC(=O)N(Cc2cccc([N+](=O)[O-])c2)c2ccc(F)cc2)s1,-26.92,0
M2R-decoy_5188,O=S(=O)(OC[C@H]1c2ccccc2O[C@@H]1c1ccc(OS(=O)(=O)c2ccccn2)cc1)c1ccccn1,-26.92,0
M2R-decoy_6231,CC(C)NS(C)(=O)=Nc1ccc(c2ccc(c3nc4[nH]c(O[C@@H]5CO[C@@H]6[C@H](O)CO[C@H]56)nc4cc3Cl)cc2)cc1,-26.92,0
M2R-decoy_8193,CC[C@@]1(OC(=O)COc2ccc(C#N)c(F)c2)C(=O)OCc2c1cc1n(c2=O)Cc2c-1nc1ccccc1c2COC(=O)COc1ccc(C#N)c(F)c1,-26.92,0
M2R-decoy_9983,Cc1cc2c(c(c3cc(C)cc4c3OP(=O)(OC[C@@H]3C=C[C@H](n5cc(C)c(=O)[nH]c5=O)O3)OC4)c1)OP(=O)(OC[C@@H]1C=C[C@H](n3cc(C)c(=O)[nH]c3=O)O1)OC2,-26.92,0
M2R-decoy_1547,COCCSCC(=O)NCc1ccnc(N(C)C)c1,-26.91,0
M2R-decoy_5284,Cc1cn([C@H]2C[C@H](OC=O)[C@@H](COP(=O)(OCC(Cl)(Cl)Cl)OCC(Cl)(Cl)Cl)O2)c(=O)[nH]c1=O,-26.91,0
M2R-decoy_4926,Cc1ccc(S(=O)(=O)N(Cc2ccccc2)[C@@H](CCCC[NH2+]C(=O)OCC2c3ccccc3-c3ccccc32)C(=O)[O-])cc1,-26.91,0
M2R-decoy_6256,CC(=O)O[C@H]1C=C([C@H](C)[C@H]2CC(C)=C(C)C(=O)O2)[C@@]2(C)CC[C@H]3[C@@H](C[C@H]4O[C@]45[C@@H](OC(=O)N(C)C)C=CC(=O)[C@]35C)[C@]12O,-26.91,0
M2R-decoy_7298,Cc1ccc([C@@H]2CC(=O)[C@@H]3CN(S(=O)(=O)c4ccccc4C)[C@H](c4ccc(Cl)cc4)C[C@@H]3N2S(=O)(=O)c2ccc(C)cc2)cc1,-26.91,0
M2R-decoy_11222,O=S(=O)(c1ccc2c(c1)OCCO2)C1CCN(S(=O)(=O)c2c(F)cccc2F)CC1,-26.9,0
M2R-decoy_4317,CCC(NC(=O)[C@@H]1C[C@@H](S(=O)(=O)c2ccccc2)CN1C(=O)CCOC)C(=O)c1nc2ccccc2o1,-26.9,0
M2R-decoy_3142,O=C(CBr)c1ccc([N+](=O)[O-])c(CS(=O)(=O)c2ccc(Cl)cc2)c1,-26.9,0
M2R-decoy_8201,COc1ccc(C[C@H]2NC(=O)/C=C/C[C@@H]([C@H](C)[C@H]3O[C@@H]3c3ccccc3)OC(=O)[C@H](CC(C)C)OC(=O)C[C@@H](Cc3ccccc3)NC2=O)cc1Cl,-26.9,0
M2R-decoy_10573,O=S(=O)(N1CCOCC1)N1CCc2nc(C#Cc3ccccc3)sc2C1,-26.89,0
M2R-decoy_1171,Cc1nc(NC(=O)C23CCC(C)(C(=O)O2)C3(C)C)sc1C,-26.89,0
M2R-decoy_2946,CSc1ccccc1OCc1cc(C(=O)N2CCN(c3ccccc3)CC2C)no1,-26.89,0
M2R-decoy_4539,CCCCCN(C(=O)CCC(=O)OCC(=O)c1ccc(F)c(F)c1)c1c(N)n(CCCC)c(=O)[nH]c1=O,-26.89,0
M2R-decoy_4808,CCOC(=O)[C@H](Cc1ccc(OC(=O)c2cccs2)cc1)NC(=O)C1(NC(=O)[C@H](SC(C)=O)C(C)C)CCCC1,-26.89,0
M2R-decoy_6066,C=CCN(c1ncccc1CNc1nc(Nc2ccc(N3CCOCC3)c(Br)c2)ncc1C(F)(F)F)S(C)(=O)=O,-26.89,0
M2R-decoy_5131,COc1ccc(S(=O)(=O)N(CC(C)C)C[C@@H](O)[C@H](Cc2ccccc2)NC2=C(N[C@H]3CO[C@H]4OCC[C@@H]34)C(=O)C2=O)cc1,-26.89,0
M2R-decoy_679,Cc1nc(NC(=O)N2C[C@H](O)C[C@H]2C(N)=O)sc1c1csc(C(C)(C)C)n1,-26.89,0
M2R-decoy_9559,Cc1nn(CCCNC(=O)C2CCCO2)cc1Br,-26.89,0
M2R-decoy_1802,Nc1ncnc(N2CC[NH+]([C@@H](C[NH+]3CCCC3)c3ccc(F)cc3)CC2)c1c1ccc(F)cc1,-26.88,0
M2R-decoy_2321,Cc1cc(C(=O)NC(COCC(C)C)c2ccco2)no1,-26.88,0
M2R-decoy_583,CS(=O)(=O)N1CCC2(CC1)CN(C(=O)Nc1ccccc1)C2,-26.88,0
M2R-decoy_6284,CCC(=O)O[C@]1(C(=O)COC(C)=O)[C@H](C)CC2C3C(C(O)C[C@@]21C)[C@@]1(C)C=CC(=O)C=C1C[C@H]3I,-26.88,0
M2R-decoy_10687,O=C(OC1CS[S+]([O-])C1)c1cccc(Br)c1,-26.87,0
M2R-decoy_1084,C/C=C\C(=O)Nc1ccc(S(=O)(=O)N2CCN(C(=O)OC(C)(C)C)CC2)cc1,-26.87,0
M2R-decoy_3641,COc1cccc(c2nc(CSCC(=O)NCC3CCCO3)c(C)o2)c1,-26.87,0
M2R-decoy_10385,Cc1cccc(C)c1N1CCN(S(=O)(=O)c2ccc(F)cc2)CC1,-26.86,0
M2R-decoy_1238,CN1C(=O)S/C(=C\c2cc3oc(=O)[nH]c3cc2Br)C1=O,-26.86,0
M2R-decoy_2217,C#CCOC1O[C@H](CO)[C@@H](OCc2ccccc2)[C@H](OCc2ccccc2)[C@H]1OCc1ccccc1,-26.86,0
M2R-decoy_10940,N#Cc1ccc(/C=C2\CN(S(=O)(=O)c3ccc(F)cc3)C/C(=C\c3ccc(C#N)cc3)C2=O)cc1,-26.85,0
M2R-decoy_11050,Cc1ccc(C)c(N2CCN(C(=O)c3ccc(CS(=O)(=O)c4ccc(Br)cc4)o3)CC2)c1,-26.85,0
M2R-decoy_1109,Cc1ccc(S(=O)(=O)N[C@H]2COC(=O)[C@H](C)COC(=O)C/C=C\[C@H]2C)cc1,-26.85,0
M2R-decoy_1327,CN(C)C(=O)Oc1c(Cl)cc(Cl)c2cccnc12,-26.85,0
M2R-decoy_3629,CCN(CC)S(=O)(=O)c1cc(NS(=O)(=O)c2ccccc2)ccc1C,-26.85,0
M2R-decoy_5440,CCCc1c(Cc2ccc(c3ccccc3c3nc(=O)o[nH]3)cc2F)c(=O)n(Cc2ccc(OC)cc2OC)c2ncnn12,-26.85,0
M2R-decoy_577,O=C(CN1C(=O)/C(=C/c2ccc(O)c(O)c2)SC1=S)NO,-26.85,0
M2R-decoy_612,Cc1cc(NC(=O)N2CCOC(C(N)=O)C2)ccc1Br,-26.85,0
M2R-decoy_6614,O=C1C2CC=CCC2C(=O)N1c1ccc(S(=O)(=O)c2ccc(N3C(=O)C4CC=CCC4C3=O)cc2)cc1,-26.85,0
M2R-decoy_8085.1,CC(=O)Oc1ccc(/C=C/C(=O)N(c2cccc3c(S(=O)(=O)Nc4ccc(S(=O)(=O)C(F)(F)F)cc4)cccc23)C(F)(F)F)cc1OC(C)=O,-26.85,0
M2R-decoy_11205,O=C(c1ccco1)N1CCN(C(=O)C2(S(=O)(=O)c3ccc(Cl)cc3)CC2)CC1,-26.84,0
M2R-decoy_11366,Cc1ccc2c(c1)COP(=O)(OC[C@@H]1C=C[C@H](n3cc(C)c(=O)[nH]c3=O)O1)O2,-26.84,0
M2R-decoy_2694,C[C@H]1CCC/C=C/[C@@H]2C[C@H](OC(=O)CCCC(=O)OCCOc3no[n+]([O-])c3S(=O)(=O)c3ccccc3)C[C@H]2[C@H](O)/C=C/C(=O)O1,-26.84,0
M2R-decoy_3062,Cc1ccc(S(=O)(=O)CCC(=O)OC(C)c2nnc(c3cccs3)o2)cc1,-26.84,0
M2R-decoy_3589,COC1(CNC(=O)NCCOc2ccccc2)CCSC1,-26.84,0
M2R-decoy_3144,CO/N=C(/c1nnco1)c1ccccc1COc1cc(Cl)ccc1Cl,-26.84,0
M2R-decoy_9131,C=CC[C@@]1(C)C[C@H](c2cccc(Cl)c2)[C@@H](c2ccc(Cl)cc2)N([C@@H](CC)COc2cccnc2)C1=O,-26.84,0
M2R-decoy_2203,O=C(CCC(=O)N1CCOCC1)OCCCCCCSc1ccc([N+](=O)[O-])c2nonc12,-26.83,0
M2R-decoy_4493,Cc1ccc(OCCNC(=O)CCNS(=O)(=O)c2ccc(C)cc2)cc1,-26.83,0
M2R-decoy_620,O=C(Nc1ncnc2[nH]cnc12)c1ccccc1Br,-26.83,0
M2R-decoy_6456,CCOc1ccc(C(=O)N2CCC(c3nc(c4ccc(S(=O)(=O)N5CCCC5)cc4)no3)CC2)cc1,-26.83,0
M2R-decoy_4425,CCOC(=O)C1=C(C)NC(=O)N(CCC(=O)NCC(c2ccccc2)c2ccccc2)C1c1cccc([N+](=O)[O-])c1,-26.82,0
M2R-decoy_7707,Brc1c(Br)c(Br)c2c([nH]c3c(Br)c(Br)c(Br)c(Br)c32)c1Br,-26.82,0
M2R-decoy_774,CCC1=C(Br)/C(=C/Br)OC1=O,-26.82,0
M2R-decoy_10902,CC(C)(C)OC(=O)N1CCN(C(=S)SCc2cn(Cc3ccc(C(F)(F)F)cc3)nn2)CC1,-26.81,0
M2R-decoy_11079,CCN(C(=O)C(=O)OC1=C(c2c(C)cc(C)cc2C)C(=O)OC12CCCC2)c1ccc(Br)cc1,-26.81,0
M2R-decoy_3659,Cc1ccc(OCCC(=O)Nc2ccc(S(=O)(=O)N3CCCC3)cc2)cc1,-26.81,0
M2R-decoy_4700,CCNC(=O)[C@@H]1C(C=O)=Cc2cc3c(cc2[C@H]1c1cc(OC)c(OC)c(OC)c1)OCO3,-26.81,0
M2R-decoy_5067,COc1ccc(C(=O)CCC(=O)N(Cc2ccc(c3ccc(C[NH2+]CCc4ccc(S(C)(=O)=O)cc4)cn3)cc2)C2CC3CCC2C3)cc1F,-26.81,0
M2R-decoy_7423,O=C(/C=C/c1c(Br)cc(O)cc1Br)/C=C/c1c(Br)cc(O)cc1Br,-26.81,0
M2R-decoy_11486,Cc1nc(N2CCN(S(=O)(=O)c3ccccc3C#N)CC2)c2c(n1)scc2c1cccs1,-26.8,0
M2R-decoy_1976,CCCCNC(=O)CC(O)C(Cc1ccccc1)NC(=O)[C@H](NC(=O)COc1ccc2ccccc2c1)c1ccccc1,-26.8,0
M2R-decoy_163,O=C1CC(c2ccccc2)/C(=C\I)O1,-26.8,0
M2R-decoy_3129,Cc1cc(C)n2nc(SCc3nnc(SCc4c(F)cccc4F)s3)nc2n1,-26.8,0
M2R-decoy_5921,CCCCCS(=O)(=O)NC(=O)CCc1cc(c2ccccc2)nn1Cc1ccc(Cl)cc1Cl,-26.8,0
M2R-decoy_6102,COCC1CCN(c2ccc(CN(CC(C)C)S(=O)(=O)Cc3ccccc3)cc2)CC1,-26.8,0
M2R-decoy_6693,Cn1c(=O)c(=O)n(C)c2cc(N3CCCCC3)c(NS(=O)(=O)c3ccc(N4CCCC4=O)cc3)cc21,-26.8,0
M2R-decoy_5938,CCCN(C(=O)N[C@@H](CSCc1ccccc1)C(=O)OC)C(=O)c1cccc(c2ccccc2)c1,-26.79,0
M2R-decoy_6087,COc1cc(OC)nc(NC(=O)CSc2nnc(c3cccnc3SCc3ccccc3)o2)n1,-26.79,0
M2R-decoy_6805.1,CC1(C)[C@@H]2CC[C@@]1(CS(=O)(=O)N1CCC3(CCc4ccccc43)CC1)[C@@H](NC(=O)NCCc1c[nH]cn1)C2,-26.78,0
M2R-decoy_948,O=C(C1=Cc2cc(Br)ccc2S1(=O)=O)N1CCCCC1,-26.78,0
M2R-decoy_2826,COCCN(C(=O)c1ccc2c(c1OC)C=CC(C)(C)O2)c1ccc(OC)c(OC)c1,-26.77,0
M2R-decoy_3077,COCCN(CCOC)c1nc(C)nc2c1nn(C)c2c1ccc(Cl)cc1Cl,-26.77,0
M2R-decoy_3645,CCn1c(C)nnc1C(CC1CC1)NS(=O)(=O)c1ccc(Cl)cc1,-26.77,0
M2R-decoy_3182,CCCCCC1CC(=O)c2c(c3c(c4c(CCC)cc(=O)oc24)OC(C)(C)C=C3)O1,-26.77,0
M2R-decoy_3264,C=C(C(=O)OCCCCCCCCn1cncn1)[C@@H]1CC[C@H](C)[C@@H]2CC(=O)C(C)=C2C1,-26.77,0
M2R-decoy_4505,O=C(c1ccccc1)c1ccccc1N[C@@H](Cc1ccc(OCCOCc2ccccc2)cc1)C(=O)[O-],-26.77,0
M2R-decoy_8332,O=C(c1ccccc1)c1ccccc1N[C@@H](Cc1ccc(OCCOc2ccc(SCl)cc2)cc1)C(=O)[O-],-26.77,0
M2R-decoy_10308,O=S(=O)(c1ccc(Cl)cc1)c1nnn2c1nc(Cl)c1ccccc12,-26.76,0
M2R-decoy_2495,FC(F)(F)COc1ccc(n2ccnc2)nn1,-26.76,0
M2R-decoy_4543,CC1(C)C(=O)N(c2ccc(C#N)c(C(F)(F)F)c2)C(=O)N1CCOCCOCCOCc1ccc(O)c(C(N)=O)c1,-26.76,0
M2R-decoy_8585,CCCC[C@H](NC(=O)OCC1(CSc2nccn2c2ccccc2)CCC1)C(=O)C(=O)N[C@H](C)c1ccccc1,-26.76,0
M2R-decoy_9705,CCc1n[n+]([O-])c2ccc(OCCOC)cc2[n+]1[O-],-26.76,0
M2R-decoy_1164,Cc1cc(C)n2ncc(C(=O)Nc3ccc(Br)cc3)c2n1,-26.75,0
M2R-decoy_10320,CC(=O)N1N=C(c2ccc(C)nc2)OC1(C)c1cccc(Br)c1,-26.75,0
M2R-decoy_3752,CCCCc1nnc(SCc2cccc(OC)c2)n1Cc1ccc(NC(=O)c2ccccc2C2=NN=NN2)cc1,-26.75,0
M2R-decoy_7067,C[C@H](Nc1c(c2c(F)cc([S+]([O-])CCC[NH+](C)C)cc2F)c(Cl)nc2ncnn12)C(F)(F)F,-26.75,0
M2R-decoy_9225.1,C/C=C/Cc1noc(N)c1c1ccc(C(O)(C(F)(F)F)C(F)(F)F)cc1,-26.75,0
M2R-decoy_10582,Cc1nc(Cn2cc(I)cc(C)c2=O)oc1C,-26.74,0
M2R-decoy_10787,Cc1nn(C)c(C)c1S(=O)(=O)N1CCC(N(C)c2ccc(Cl)c(Cl)c2)CC1,-26.74,0
M2R-decoy_2585,COc1ccc(S(=O)(=O)N(C)C[C@H]2Oc3ccc(NC(=O)Cn4cnnn4)cc3C(=O)N([C@H](C)CO)C[C@@H]2C)cc1,-26.74,0
M2R-decoy_4416,CC[n+]1ccccc1CN(C(C)=O)C(=O)OCC1COC(OCCC(c2ccccc2)c2ccccc2)C1,-26.74,0
M2R-decoy_9121,COc1ccc2c(c1)CC[C@@H]1[C@@H]2CC[C@@]2(C)[C@H]1CC[C@]2(C/C(=N\S(=O)(=O)c1ccc(C)cc1)OC1CCCCC1)OC,-26.74,0
M2R-decoy_1015,Cc1c(Cc2c(F)cccc2F)nc(N2CCC3(CC2)OCCO3)[nH]c1=O,-26.73,0
M2R-decoy_1832,CC(C)Cc1ccc(C(C)c2nnc(SCc3cn(CC(=O)Nc4ccccc4[N+](=O)[O-])nn3)o2)cc1,-26.73,0
M2R-decoy_3614,CCN(C)c1ccc(CNS(=O)(=O)CC2CCCO2)cc1F,-26.73,0
M2R-decoy_427,Fc1c(F)c(F)c2c(C(F)(F)F)n[nH]c2c1F,-26.73,0
M2R-decoy_5736,O=CN(O)[C@@H](CCc1ncccn1)CS(=O)(=O)N1CCN(c2ccc(OCC(F)(F)F)cn2)CC1,-26.73,0
M2R-decoy_6264,O=C(c1cccnc1)N1CCC(NS(=O)(=O)c2cc(S(=O)(=O)c3ccccc3)ccc2C(F)(F)F)CC1,-26.73,0
M2R-decoy_6763,NS(=O)(=O)c1ccc(C(=O)N2C[C@H]3CN(C(=O)OCc4ccc(OC(F)(F)F)cc4)C[C@@H]3C2)cc1F,-26.73,0
M2R-decoy_9072,O=C(CSc1nnc(Cc2c(NC(=O)c3ccccc3)sc3c2CCCC3)n1NC(=O)c1ccccc1)N/N=C/c1ccccc1,-26.73,0
M2R-decoy_9399,CCOc1ccc(c2c(C)c(OCCCOc3c(Cl)cc(OCC=C(Cl)Cl)cc3Cl)nn2C)cc1,-26.73,0
M2R-decoy_239,O=c1[nH]c2ncc(Br)nc2n1C1CC1,-26.72,0
M2R-decoy_4363,COc1ccc2cc3[n+](cc2c1OC(=O)CCCCCCCO[N+](=O)[O-])CCc1cc2c(cc1-3)OCO2,-26.72,0
M2R-decoy_4431,C#CCCCc1cc2cn(C/C=C3\OC(=O)C(OCc4ccccc4)=C3OCc3ccccc3)c(=O)nc2o1,-26.72,0
M2R-decoy_9671,CCC(Cn1ccc2[nH]c(=O)c(C#N)cc2c1=O)OC,-26.72,0
M2R-decoy_267,O=C(NC(=S)N1CCCCC1)c1cccs1,-26.71,0
M2R-decoy_7182,O=C([O-])C1CCN(C(=O)N2CC[C@](c3ccc(C(OCC4CCCCC4)(C(F)(F)F)C(F)(F)F)cc3)(S(=O)(=O)c3ccc(F)cc3)C2)CC1,-26.71,0
M2R-decoy_7397,CCc1nc2c(I)c(I)c(I)c(I)c2[nH]1,-26.71,0
M2R-decoy_8737.1,COCCOCCOCCOc1cc2c(cc1OC)C[NH+](Cc1ccc(c3ccc(C(=O)OC)c(NC(=O)c4ccc5ncccc5c4)c3)cc1)CC2,-26.71,0
M2R-decoy_10393,Cc1cc(=O)oc2cc(SC3=NS(=O)(=O)c4ccccc43)ccc12,-26.7,0
M2R-decoy_11006,CC1=CS[C@@](OCC2CCCCC2)(c2ccc(Br)cc2)c2noc(=O)n21,-26.7,0
M2R-decoy_2506,COc1cc(C=O)ccc1Oc1cnccn1,-26.7,0
M2R-decoy_10569,CC(C)(C)C(=O)N1CCN(C(=O)/C=C/c2ccc(Cl)cc2)C1=O,-26.69,0
M2R-decoy_1848,N#CC(C#N)=C1C(=O)N(Cc2ccc(OCCF)cc2)c2ccc(S(=O)(=O)N3CC[C@H]3COc3cccnc3)cc21,-26.69,0
M2R-decoy_195,Clc1ncnc2[nH]cc(I)c12,-26.69,0
M2R-decoy_2646,CC(C)(C)NC(=O)N(CC(O)[C@H](Cc1ccccc1)NC(=O)[C@H](CC(N)=O)NC(=O)c1ccc2ccccc2n1)C1CCCCC1,-26.69,0
M2R-decoy_3680,CN(CCCC(=O)Nc1nccs1)S(=O)(=O)c1ccc(Cl)cc1,-26.69,0
M2R-decoy_421,N#CCc1cccc(C#Cc2csc(Cl)n2)c1,-26.69,0
M2R-decoy_592,NS(=O)(=O)c1ccc2c(c1)S(c1ccc(F)cc1)=NS2(=O)=O,-26.69,0
M2R-decoy_6419,CC(=O)N1CCN(c2ccc(CN(C3CCC3)S(=O)(=O)c3ccccc3C(F)(F)F)c(F)c2)CC1,-26.69,0
M2R-decoy_8901,CC(C)(C)OC(=O)CCCCC[C@H](NC(=O)OCC1c2ccccc2-c2ccccc21)C(=O)N1CCC[C@H]1C(=O)c1nc2ccccc2[nH]1,-26.69,0
M2R-decoy_10647,Cn1c(=S)n(C2CC(=O)C3OCC2O3)nc1c1cccnc1,-26.68,0
M2R-decoy_11442,Cc1c(C(=O)N2CCC(C)CC2)c(S(=O)(=O)N2CCN(c3cccc(Cl)c3)CC2)c(C)n1C,-26.68,0
M2R-decoy_2860,COc1ccc(OC)c2sc(N(CCCn3ccnc3)C(=O)COc3ccccc3)nc12,-26.68,0
M2R-decoy_4526.1,CCOC(=O)NC(C)c1cccc(CC(=O)Nc2ccc(CCCCc3nnc(NC(=O)C(C)c4ccccc4)s3)nn2)c1,-26.68,0
M2R-decoy_5571,CC(=C(CCO)SC=CC(=O)c1ccccc1)N(C=O)Cc1cnc(C)nc1N,-26.68,0
M2R-decoy_11247,CS(=O)(=O)/C(C#N)=C/c1cccn1S(=O)(=O)c1c(F)c(F)c(F)c(F)c1F,-26.67,0
M2R-decoy_2651,CC(CCC(=O)N[C@@H](Cc1ccccc1)C(=O)C(=O)NCCNS(=O)(=O)c1ccc(c2ccccn2)s1)c1ccccc1,-26.67,0
M2R-decoy_3598,c1csc(c2nnc(CSCC[NH+]3CCOCC3)o2)c1,-26.67,0
M2R-decoy_9923,CN1C(=O)N(c2ccnc(C(F)(F)F)c2)C2=C(C(=O)CC2)C1c1ccc(C#N)cc1C1=CCN(C(=O)OC(C)(C)C)CC1,-26.67,0
M2R-decoy_4331,COc1cc(OC)cc(N(CCNS(=O)(=O)N(C)C)c2ccc3ncc(c4cnn(C)c4)nc3c2)c1,-26.66,0
M2R-decoy_7729,CC(=O)N1CCC(C(=O)N2CCC(c3ccc(C(OCc4c(F)cccc4F)(C(F)(F)F)C(F)(F)F)cc3)(S(=O)(=O)c3ccc(F)cc3)C2)CC1,-26.66,0
M2R-decoy_819,O=c1onc2n1-c1cc(Br)ccc1OC2,-26.66,0
M2R-decoy_1044,CN(c1ncnc2[nH]ccc12)[C@H]1CN(S(=O)(=O)c2ccccc2)CC12CC2,-26.65,0
M2R-decoy_8980,CCCCCCCCCCOc1ccc(C2=C(c3ccc(O)cc3)[C@H]3O[C@@H]2C[C@@H]3S(=O)(=O)N(CC(F)(F)F)c2ccc(OC)cc2)cc1,-26.65,0
M2R-decoy_9576,CC(Cc1ccccc1)(C(=O)NO)S(=O)(=O)c1cccs1,-26.65,0
M2R-decoy_9695,Cc1occc1C(=O)N1CCCC(CNS(C)(=O)=O)C1,-26.65,0
M2R-decoy_10912,Cc1ccc(N2CCN(c3nc4ccc(C(=O)c5ccccc5)cc4n4cnnc34)CC2)c(C)c1,-26.64,0
M2R-decoy_2224,COc1cc(/C=C/C(=O)NCCNc2c3c(nc4ccccc24)CCCC3)ccc1OCCO[N+](=O)[O-],-26.64,0
M2R-decoy_5167,COCCNC(=O)CSc1nc2ccccc2c(=O)n1CCC(=O)N1CCN(c2ccccc2)CC1,-26.64,0
M2R-decoy_7126,COc1ccc2c3c1O[C@H]1[C@H](N(C)C(=O)/C=C/c4ccccn4)CC[C@@]4(O)[C@@H](C2)N(S(=O)(=O)c2ccccc2N(C)C)CC[C@]314,-26.64,0
M2R-decoy_7575,O=C(NO)c1ccc(N(Cc2ccc(C3CCCC3)cc2)C(=O)[C@H]2CCN2S(=O)(=O)c2c(F)c(F)c(F)c(F)c2F)cc1,-26.64,0
M2R-decoy_6734,OCC1O[C@@H](S[C@@H]2CCCC(n3cc(c4cccc(F)c4)nn3)C2O)C(O)[C@@H](n2cc(c3cccc(F)c3)nn2)[C@H]1O,-26.64,0
M2R-decoy_11244,O=C(c1cccn1c1nnc(N2CCCC2)s1)N1CCN(c2ccc(F)cc2)CC1,-26.63,0
M2R-decoy_10333,CC1=CC(=O)N(Cc2cccc(Br)c2)S(=O)(=O)O1,-26.63,0
M2R-decoy_4601,CC(C)C[C@H](NC(=O)[C@@H](NC(=O)OCc1ccccc1)C(C)C)C(=O)N[C@@H](CCC(=O)N1CCOCC1)C(=O)c1nccs1,-26.63,0
M2R-decoy_475,Cc1cc(C)n(/N=C/c2c[nH]c3ccccc23)c(=O)c1C#N,-26.63,0
M2R-decoy_9513,COc1cc(NC(C)CCCNC(=O)NCCCC(C)Nc2cc(OC)cc3ccc(C(C)(C)C)nc23)c2nc(C(C)(C)C)ccc2c1,-26.63,0
M2R-decoy_1948,C=CC[C@H](NC(=O)[C@H]1Cc2ccccc2CN1C(=O)OC(C)(C)C)C(=O)N[C@@H](CC1CCCCC1)[C@@H](O)[C@@H](O)CC(C)C,-26.62,0
M2R-decoy_2993,CCOC(=O)c1cc2c(n1Cc1cc(OC)cc(OC)c1)-c1oncc1CCC2,-26.62,0
M2R-decoy_5926,COc1cc(OC)cc(N(CCCNS(C)(=O)=O)c2ccc3ncc(c4cnn(C)c4)nc3c2)c1,-26.62,0
M2R-decoy_7683,O=S(=O)(c1ccccc1)C1C(c2ccc(Cl)cc2)=NOC1c1ccc(C2ON=C(c3ccc(Cl)cc3)C2S(=O)(=O)c2ccccc2)cc1,-26.62,0
M2R-decoy_8280,CO[C@H]1Cc2ccccc2[C@@H]1N(C)C(=O)[C@H](Cc1ccccc1)C[C@H](O)CNS(=O)(=O)c1ccc(C(C)=O)cc1,-26.62,0
M2R-decoy_2535,N#CCCS(=O)(=O)C[C@H](O)C(=O)N1CC=C(c2c(F)cc(N3C[C@H](COc4ccon4)OC3=O)cc2F)CC1,-26.61,0
M2R-decoy_300,O=C1C=Cc2c(Br)sc(Br)c21,-26.61,0
M2R-decoy_4761,CC(C)[C@@H](OCc1ccccc1)[C@H](C)CO/N=C1/[C@H]2O[C@H]2[C@@H](O)[C@H]2[C@H]1CCn1c(=O)n(c3ccccc3)c(=O)n12,-26.61,0
M2R-decoy_3416,Cc1cc(Cl)c(OCCCn2ccnc2)c(Br)c1,-26.61,0
M2R-decoy_4925,COc1ccccc1Oc1c(NS(=O)(=O)c2ccc(C(C)C)cn2)nc(c2ncccn2)nc1OCCOC(=O)Nc1ccccn1,-26.61,0
M2R-decoy_6790,C[C@H](Nc1ncnc(N)c1C#N)c1nc2ccc(F)cc2c(C(=O)N2CCS(=O)(=O)CC2)c1c1ccccc1,-26.61,0
M2R-decoy_1944.1,CN(c1ccccc1)S(=O)(=O)c1ccc(C(=O)N(CC[NH+](C)C)c2nc3cc4c(cc3s2)OCO4)cc1,-26.6,0
M2R-decoy_6002,[O-][n+]1ccc(CC(c2ccc(COc3ccc(F)cc3)cc2)c2ccc(OC(F)F)c(OC(F)F)c2)cc1,-26.6,0
M2R-decoy_7271,CC(C)(O)C(=O)N1CC[C@](c2ccc(C(OCc3c(F)cccc3F)(C(F)(F)F)C(F)(F)F)cc2)(S(=O)(=O)c2ccc(F)cc2)C1,-26.6,0
M2R-decoy_6631,CS(=O)(=O)c1ccc(n2nc(C(N)=O)c3c2-c2cc(NC(=O)c4cc(F)ccc4[N+](=O)[O-])ccc2CC3)cc1,-26.6,0
M2R-decoy_7857,CCC[C@H]1OC(=O)[C@H](C(C)C)NC(=O)[C@@H](C(C)C)N(C)C(=O)[C@@H]2CCCN2C(=O)[C@H](Cc2ccccc2)OC(=O)[C@H](C)OC(=O)C1(C)C,-26.6,0
M2R-decoy_10641,Cc1cc(I)cnc1NC(=O)C(C)(C)C,-26.59,0
M2R-decoy_11267,COCO[C@H]1C=C2C(=O)OC[C@]23C=CC2=C(C(C)=C3C1)[C@H](c1ccoc1)OC2=O,-26.59,0
M2R-decoy_1176,COc1cc(/C=C2\Sc3nccnc3C2=O)c(Br)cc1O,-26.59,0
M2R-decoy_420,O=C1C=C/C(=C/[C@H]2SSC=C[C@]23C=CC(=O)C3)C1,-26.59,0
M2R-decoy_4669,COC(=O)N[C@H](C(=O)NCc1ccc([C@@H](CO)N(Cc2cnon2)S(=O)(=O)c2ccc(N)cc2)s1)C(c1ccccc1)c1ccccc1,-26.59,0
M2R-decoy_8308,CCOc1ccc(S(=O)(=O)Nc2cc(Sc3nc[nH]n3)c(NS(=O)(=O)c3ccc(OCC)cc3)c3ccccc23)cc1,-26.59,0
M2R-decoy_8574.1,O=C(Cc1cccc(OC(F)(F)F)c1)Nc1ccc(CCCCc2nnc(NC(=O)Cc3ccccn3)s2)cn1,-26.59,0
M2R-decoy_1053,CC1=CC(C(=O)NN2CCCCC2)=NS(=O)(=O)N1c1ccc(Cl)cc1,-26.58,0
M2R-decoy_10796,CS(=O)(=O)c1ccc(n2nc(C(F)(F)F)cc2OC2CCCCC2)nc1,-26.58,0
M2R-decoy_3849,Nc1nc(Sc2ccc(OC(F)(F)F)cc2)c2ncn(CCOCP(=O)(OCC(F)(F)F)OCC(F)(F)F)c2n1,-26.58,0
M2R-decoy_4896,CNC(=O)CC1CCCN(C2CC[NH+](CC[C@H](/C(CN(C)C(=O)c3cc(Cl)cc(Cl)c3)=N/OC)c3ccc(Cl)c(Cl)c3)CC2)C1=O,-26.58,0
M2R-decoy_6920,COC/C=C/C1=CC2=CC(=O)C(C)(OC(=O)c3cnc4ccccc4n3)C(=O)C2=CN1c1ccc(CO)cc1,-26.58,0
M2R-decoy_7376,Cc1c(N2CC3(CCOCC3)c3ncc(N4CCOCC4)cc32)c2c(F)cc(F)cc2nc1c1ccccc1S(C)(=O)=O,-26.58,0
M2R-decoy_7594,CC(C)C(=O)N1CCC(c2ccc(C(OCc3c(F)cccc3F)(C(F)(F)F)C(F)(F)F)cc2)(S(=O)(=O)c2ccc(F)cc2)C1,-26.58,0
M2R-decoy_8499,CCOC(=O)/C=C(/C(=O)OCC)n1cc(C)c(=O)n(Cc2cnnn2CCCCOC(C)=O)c1=O,-26.58,0
M2R-decoy_965,COC1Oc2ccccc2C(=O)/C1=C\Nc1ccccc1S(N)(=O)=O,-26.58,0
M2R-decoy_1914,CCOc1ccc(CNC(=O)CN2C(=O)CSc3ccc(S(=O)(=O)N4CCOCC4)cc32)cc1,-26.57,0
M2R-decoy_7398,CC(=O)O[C@@H]1C=C([C@H]2O[C@@H]3OC(O)C4=C[C@@H](OC(C)=O)[C@H]5C(C)(C)CCC[C@]5(C)[C@]43O2)[C@](O)(C=O)[C@@]2(C)CCCC(C)(C)[C@H]12,-26.57,0
M2R-decoy_9663,COc1cc(c2cc(C(=O)N(C)[C@@H]3CCN(C#N)C3)on2)ccn1,-26.57,0
M2R-decoy_11065,CCc1ccc(Oc2nc3c(C)cccn3c(=O)c2/C=C(\C#N)c2nc3ccccc3s2)cc1,-26.56,0
M2R-decoy_1891,CSc1ccc(CCNC(=O)CCc2nnc3ccc(N4CCC5(CC4)OCCO5)nn23)cc1,-26.56,0
M2R-decoy_2437,CC(=O)C(=Cc1cccc([N+](=O)[O-])c1)C(C)=O,-26.56,0
M2R-decoy_7377,C[C@]1(c2ccc(F)cc2)CN(C(=O)C2CCN(C(N)=O)CC2)C[C@H]1c1ccc(C(O)(C(F)(F)F)C(F)(F)F)cc1,-26.56,0
M2R-decoy_10560,CN1C(=O)CSc2ccc(NC(=O)N3CCN(c4ccccc4)CC3)cc21,-26.55,0
M2R-decoy_10672,Cn1nnc2c(N3CCN(c4ccc(F)cc4)CC3)ncnc21,-26.55,0
M2R-decoy_10990,CCOC(=O)C1=C(C)N(c2cccc(C(F)(F)F)c2)c2nccn2[C@@H]1c1ccc(C#N)cc1,-26.55,0
M2R-decoy_1989,CC(C)CN(C[C@H](O)[C@H](NC(=O)O[C@@H]1CCOC1)Sc1ccccc1)S(=O)(=O)c1ccc(N)cc1,-26.55,0
M2R-decoy_2785,O=[P@@]1(c2ccccc2)O[C@H](COCc2ccccc2)[C@@H](OCc2ccccc2)[C@H](OCc2ccccc2)[C@H]1OCc1ccccc1,-26.55,0
M2R-decoy_2936,CCOc1nn(c2ncc(CC)cn2)c(C)c1Oc1cc(Cl)ccc1Cl,-26.55,0
M2R-decoy_3901,CCCCN(CCCC)S(=O)(=O)N[C@@H]1c2cc3c(cc2[C@@H](c2cc(OC)c(O)c(OC)c2)[C@H]2C(=O)OC[C@H]12)OCO3,-26.55,0
M2R-decoy_4301,COc1ccc(n2c(C)c(CC(=O)OCCCO[N+](=O)[O-])cc2c2ccc(S(C)(=O)=O)cc2)cc1,-26.55,0
M2R-decoy_9037,CC(C)c1cccc(C(C)C)c1NC(=O)CC(=O)C(Cc1ccccc1)Cc1ccc(OC(=O)CCCCCCN2CCCCCC2=O)cc1,-26.55,0
M2R-decoy_9160,CCCCc1nc(Cl)c(CO)n1Cc1ccc(NC(=O)[C@H](CCCC)n2cccc2C(=O)OC)cc1,-26.55,0
M2R-decoy_270,O=C1NCCc2nc(C#Cc3ccccc3F)sc21,-26.54,0
M2R-decoy_1573,CSc1nnc(N(CCC#N)CCC#N)s1,-26.54,0
M2R-decoy_4176,CC[C@H](C)[C@@H]1C(=O)O[C@H]1C(=O)N[C@@H](Cc1ccccc1)C(=O)N[C@H](C(=O)OCc1ccccc1)C(C)C,-26.54,0
M2R-decoy_4807,CN(C)C(=O)CCc1ccc2c3c([nH]c2c1)[C@]1(C)[C@@H](C(=O)N2CCOCC2)C[C@H](CC(=O)NCCCn2ccnc2)C(=O)N1CC3,-26.54,0
M2R-decoy_6089,COc1ccc(CNc2nc(OCc3ccccn3)ncc2C(=O)OCc2ccccn2)cc1Cl,-26.54,0
M2R-decoy_10446,COc1ccc(S(=O)(=O)c2cnc3ccc(Cl)cc3c2N2CCOCC2)cc1Cl,-26.53,0
M2R-decoy_2270,CCOC(=O)C(Cc1ccccc1)NC(=O)Cn1nnc(c2ccc(SC)cc2)n1,-26.53,0
M2R-decoy_8638,Cc1ccc2cccc(OCc3c(N4CCCC4=O)ccc(N(C)C(=O)CNC(=O)/C=C/c4ccc(N5CCCC5=O)cc4)c3N3CCCC3=O)c2n1,-26.53,0
M2R-decoy_9036,CCCCCCN(Cc1ccc(CC(C)(C)C)cc1)C(Nc1cc(C(C)(C)C)c(O)c(C(C)(C)C)c1)=C1C(=O)OC(C)(C)OC1=O,-26.53,0
M2R-decoy_2879,Cc1ccccc1OCC(=O)Nc1ccc(S(=O)(=O)Nc2onc(C)c2C)cc1,-26.52,0
M2R-decoy_2918,CCOC(=O)C1C(=O)C(Cc2c[nH]c3ncccc23)=C/C1=N\c1ccc(OCCO)cc1F,-26.52,0
M2R-decoy_4566,CCCn1c(=O)c2nc(c3ccc(OCC(=O)NCCNC(=O)c4ccc(CBr)cc4)cc3)[nH]c2n(CCC)c1=O,-26.52,0
M2R-decoy_6262,O=C(O[C@H]1CCOC1)N1CCC(CS(=O)(=O)N2CCC(c3ccccc3C(F)(F)F)CC2)(C(=O)NO)CC1,-26.52,0
M2R-decoy_9740,C[C@]12C[C@H](c3ccc4c(c3)OCO4)C3=C4CCC(=O)C=C4CCC3C1CC[C@@]2(O)C#Cc1ccc(S(C)(=O)=O)cc1,-26.52,0
M2R-decoy_2813,COCCN(CCOC)c1nc(C)nc2c(c3ccc(Br)cc3Cl)c(C)nn12,-26.51,0
M2R-decoy_1653,CC(=O)Nc1ccc(S(=O)(=O)NNc2cc(F)cc(F)c2)cc1,-26.51,0
M2R-decoy_3299,CCOC(=O)C1(CCc2ccccc2)CCN(C(=O)C2=C(C)OCCO2)CC1,-26.51,0
M2R-decoy_3320,CCc1cc(CC)n2nc(c3ccc(OC)cc3)c(CC(=O)N(C)C)c2n1,-26.51,0
M2R-decoy_5929,COc1ccc([C@@H](O)[C@@H](C)Oc2ccc([C@@H]3CCN(c4ccc(OC)c(OC)c4)C3)cc2OC)cc1OC,-26.51,0
M2R-decoy_6939,CC(=O)N[C@H]1CCN(C(=O)c2cc(C#N)ccc2C2C3=C(CCC3=O)N(c3cccc(C(F)(F)F)c3)C(=O)N2C)C1,-26.51,0
M2R-decoy_10906,CC(=O)c1cnc(N2CCn3c(nc4ccc(S(C)(=O)=O)cc43)[C@H]2C(C)C)nc1C(F)(F)F,-26.5,0
M2R-decoy_11256,CS(=O)(=O)N(CC(=O)N1CCN(c2ccccc2)CC1)c1ccccc1Cl,-26.5,0
M2R-decoy_2087,CCC(CC)CN(C[C@@H](O)[C@H](Cc1ccccc1)NC(=O)O[C@H]1CO[C@H]2OCC[C@@H]12)S(=O)(=O)c1ccc(CO)cc1,-26.5,0
M2R-decoy_2524,O=C([O-])CN(CC(=O)NCCc1ccccc1)C(=O)CNC(=O)c1cccc(I)c1,-26.5,0
M2R-decoy_5918,Cc1ccc(S(=O)(=O)OCCN(CCOS(=O)(=O)c2ccc(C)cc2)c2ccc(F)cc2)cc1,-26.5,0
M2R-decoy_6196,CNS(C)(=O)=Nc1ccc(c2ccc(c3nc4[nH]c(O[C@@H]5CO[C@@H]6[C@H](O)CO[C@H]56)nc4cc3Cl)cc2)cc1,-26.5,0
M2R-decoy_7173,CC(C(O)C(O)CC(F)(F)C(F)(F)C(F)(F)C(F)(F)C(F)(F)C(F)(F)F)C1CCC2C3CC(=O)C4CC(O)C(O)CC4(C)C3CCC12C,-26.5,0
M2R-decoy_7214,CSCC(C)(C)NC(=O)c1c(I)cccc1C(=O)Nc1cc(C(F)(F)F)cc(C(F)(F)F)c1,-26.5,0
M2R-decoy_7665.1,CNC1=C([N+](=O)[O-])C(c2ccc(N3CCN(c4ccnc5cc(Cl)ccc45)CC3)cc2)c2cc(Br)cc(Br)c2O1,-26.5,0
M2R-decoy_8503,COc1cc(c2cc(C(=O)OCCOc3ccc4ccc(=O)oc4c3)nn2c2ccc(S(N)(=O)=O)cc2)cc(OC)c1OC,-26.5,0
M2R-decoy_9759,O=S1(=O)c2ccccc2N(c2ccccc2)c2nc(c3cccnc3Nc3ccc(Cl)cc3Cl)nn21,-26.5,0
M2R-decoy_5747,CC(C)CN(C[C@@H](O)[C@H](Cc1ccccc1)NC(=O)C[C@H]1C2CO[C@H]3OC[C@@H]1C3C2)S(=O)(=O)c1ccc(N)cc1,-26.49,0
M2R-decoy_697,OC[C@H]1O[C@@H](Oc2c[nH]c3ccc(Br)c(Cl)c23)[C@H](O)[C@@H](O)[C@H]1O,-26.49,0
M2R-decoy_7409,C[P@]1(=O)OC[C@]2(CCC[C@@]3(S(=O)(=O)c4ccc(C(F)(F)F)cc4)c4c(F)ccc(F)c4OC[C@@H]23)CO1,-26.49,0
M2R-decoy_11426,C=CC(=O)N1C/C(=C\c2ccc(N3CC3)cc2)C(=O)/C(=C/c2ccc(N3CC3)cc2)C1,-26.48,0
M2R-decoy_11438,O=C1NCCCC[C@H]1N(Cc1cc(Cl)cc(Cl)c1)S(=O)(=O)c1ccc(Cl)cc1,-26.48,0
M2R-decoy_2323,CCOP(=S)(OCC)O/N=C(\C#N)c1ccccc1,-26.48,0
M2R-decoy_4040,O=C([O-])c1ccc(OCCCCCCCCCC[P+](c2ccccc2)(c2ccccc2)c2ccccc2)cc1O,-26.48,0
M2R-decoy_6044,COc1nc(N(C)C)ncc1n1nc2c(c1C(C)C)C(c1ccc(Cl)c(F)c1)N(c1cc(Cl)c[nH]c1=O)C2=O,-26.48,0
M2R-decoy_6359,CN(C)c1ccc(NS(=O)(=O)c2cccc(S(=O)(=O)NCC3CCN(C(=O)OC(C)(C)C)CC3)c2)cc1,-26.48,0
M2R-decoy_6476,CC12CCC(=O)N1C(C(=O)N1CCN(S(=O)(=O)c3ccc(Br)cc3Cl)CC1)CS2,-26.48,0
M2R-decoy_9117,CCCCCCNC(=S)c1c(c2ccc(F)cc2)c2c3n(c(COc4cc(C)ccc4C(C)C)nn13)CCCC2,-26.48,0
M2R-decoy_10135,Cc1csc(C(=O)N[C@@H](C)C(N)=O)c1I,-26.47,0
M2R-decoy_4245.1,CC(NC(=O)OC(C)(C)C)c1cccc(CC(=O)Nc2ccc(CCCCc3nnc(NC(=O)C(C)c4ccccc4)s3)nn2)c1,-26.47,0
M2R-decoy_4287,CC(C)CCn1c(Cn2c(=O)n(CCCCC3=NN=NN3)c3ccccc32)nc2ccccc21,-26.47,0
M2R-decoy_331,Cn1cnc2nc(c3ccc(Cl)cc3Cl)nn2c1=S,-26.47,0
M2R-decoy_6006,CC(OC(C)(C)C)C(NC(=O)OCC1c2ccccc2-c2ccccc21)C(=O)NC(Cc1ccccc1)C(=O)OCc1ccccc1,-26.47,0
M2R-decoy_11190,O=C(c1cccn1c1nnc(N2CCCC2)s1)N1CCN(c2ccccc2)CC1,-26.46,0
M2R-decoy_4166,COc1ccc(S(=O)(=O)N(CC(C)C)C[C@@H](O)[C@H](Cc2ccccc2)NC(=O)O[C@H]2CO[C@H]3OCC[C@H]3C2)cc1,-26.46,0
M2R-decoy_6106,COc1ccc(OC)c(CCNc2nc3cnc(c4cc(OC)c(OC)c(OC)c4)cc3n2C)c1,-26.46,0
M2R-decoy_6963,C[C@H]1CN([C@H](C)CO)C(=O)Cc2cc(NC(=O)C3CCCCC3)ccc2O[C@H]1CN(C)S(=O)(=O)c1cccs1,-26.46,0
M2R-decoy_9482,CC(C)OC(=O)c1ccc(NC(=O)N[C@@H](Cc2ccc(O)cc2)C(=O)NCc2n(Cc3ccc(Cl)cc3)cc[n+]2Cc2ccc(Cl)cc2)cc1,-26.46,0
M2R-decoy_1342,FC(F)(F)c1ccnc(C#Cc2ccc3ccccc3n2)n1,-26.45,0
M2R-decoy_10261,O=c1c(Br)c(Br)cnn1c1ccccc1,-26.45,0
M2R-decoy_614,CC1CN(C(=S)Nc2ccc(S(N)(=O)=O)cc2)CC(C)O1,-26.45,0
M2R-decoy_278,Cc1cccc(C#Cc2nc3c(s2)C(=O)NCC3)c1,-26.44,0
M2R-decoy_1606,CC1CC[NH+](C2CCN(S(=O)(=O)c3cccc4cnccc34)CC2)CC1,-26.44,0
M2R-decoy_3064,CCCOc1ccc(CN(C(=O)c2cc(=O)c3ccc(C)cc3o2)C2CCS(=O)(=O)C2)cc1,-26.44,0
M2R-decoy_3794,CCOC(=O)[C@H](Cc1ccc(OC(=O)c2cccnc2)cc1)NC(=O)C1(NC(=O)[C@H](SC(C)=O)C(C)C)CCCC1,-26.44,0
M2R-decoy_4523,CC(=O)c1ccc(Cc2nc3ccc(C(=O)N(CCC(C)C)CCC(C)C)cc3n2CCC[NH+]2CCCCC2)cc1,-26.44,0
M2R-decoy_6167,CCOc1ccc(NS(=O)(=O)c2ccc(Cl)c(NN=C3C(=O)NC(=S)NC3=O)c2)cc1Br,-26.44,0
M2R-decoy_7280,C=C1C(=O)[C@@]23[C@@H](CC[C@@H]1[C@H]2OC(=O)CCC(=O)Oc1ccc(c2cc(=S)ss2)cc1)[C@@]12CO[C@]3(O)[C@@H](O)[C@@H]1C(C)(C)CC[C@@H]2OC(C)=O,-26.44,0
M2R-decoy_3118,CCCN(CCC)C(=O)c1cc2c(C(=O)OC(C)(C)C)ncn2c2ccccc12,-26.43,0
M2R-decoy_5331,CCC(CC)(Cc1nc2ccc(OCc3ccc(C)cn3)cc2n1Cc1ccc(N2CCC(F)(F)CC2)cc1)C(=O)[O-],-26.43,0
M2R-decoy_5477.1,COC(CC1CN(C)P(=O)(OC[C@H]2O[C@@H](n3cc(/C=C/Br)c(=O)[nH]c3=O)C[C@@H]2O)O1)Sc1ccccc1,-26.43,0
M2R-decoy_7835.1,COC(=O)[C@@]1(c2ccc(OC)cc2)Oc2cc3c(c(OC)c2C(=O)[C@H](C(=O)N2CCC[C@@H]2NC(=O)C=C(C)C)[C@H]1c1ccccc1)OCO3,-26.43,0
M2R-decoy_340,N#Cc1cccc(OC2=NS(=O)(=O)c3ccccc32)c1,-26.42,0
M2R-decoy_7004,COc1cccc2nc(C(=O)N(CC[NH+](C)C)C3CS(=O)(=O)c4c3ccc(Cl)c4Cl)c(c3ccc(F)c(C)c3)n12,-26.42,0
M2R-decoy_7663,CC(C)(C)OC(=O)NCC1CCCN(C(=O)CN2CN(c3ccccc3)C3(CCN(C(=O)c4ccc(C5CCCCC5)cc4)CC3)C2=O)C1,-26.42,0
M2R-decoy_8125,C[C@H]1CCCCO[C@@H](CN(C)S(=O)(=O)c2ccc(Cl)cc2)[C@@H](C)CN([C@@H](C)CO)C(=O)c2cc(NS(=O)(=O)c3ccccc3)ccc2O1,-26.42,0
M2R-decoy_9186,O=C(CC(Cc1c[nH]c2ccccc12)(NC(=O)OC1C2CC3CC(C2)CC1C3)C(=O)NCCc1ccccc1)OCc1ccccc1,-26.42,0
M2R-decoy_10670,COC(=O)N1CCCCC1C(=O)N1CCN(c2cccnc2)CC1,-26.41,0
M2R-decoy_10132.1,CC1CC[NH+](Cc2no[n+]([O-])c2c2ccc(Br)cc2)CC1,-26.41,0
M2R-decoy_3962,CCOC(c1ccc2c(c1)OCO2)C(OC)Oc1ccc([C@H]2O[C@@H](c3ccc(OC)c(OC)c3)[C@@H](C)[C@H]2C)cc1OC,-26.41,0
M2R-decoy_4825,O=C(OCc1ccccc1)[C@@H]1CCCN1P(=O)(OC[C@H]1O[C@@H](n2cc(F)c(=O)[nH]c2=O)C[C@@H]1O)Oc1cccc2ccccc12,-26.41,0
M2R-decoy_5692,CCOC(=O)CCCCCOC(COCc1ccc(OC)cc1)Cn1ccnc1,-26.41,0
M2R-decoy_6228,O=C1NC(=O)C(Cc2cc(I)c(Oc3ccc(O)c(Br)c3)c(I)c2)N1,-26.41,0
M2R-decoy_9903,CCCCSC(=S)N1CCN(C(=S)SSC(=S)N2CCN(C(=S)SCCCC)CC2)CC1,-26.41,0
M2R-decoy_11460,O=C1N(c2ccc(OC(F)(F)F)cc2)C[C@@H]2C[C@H](NS(=O)(=O)c3ccccc3F)CN12,-26.4,0
M2R-decoy_2766,COc1cc(OC)c(Br)c(n2c(C(C)N(CCC(C)C)C(=O)c3ccccc3C)nc3ccccc3c2=O)c1,-26.4,0
M2R-decoy_519.1,O=C1NC(=O)/C(=C/c2c(F)c(F)c(F)c(F)c2F)S1,-26.4,0
M2R-decoy_5813,CC(C)[C@H](NC(=O)OCc1ccccc1)C(=O)NN(Cc1ccc(Br)cc1)C[C@@](O)(Cc1ccccc1)C(=O)N[C@H]1c2ccccc2C[C@H]1O,-26.4,0
M2R-decoy_8300.1,CC(C(=O)Nc1nnc(CCCCc2ccc(NC(=O)Cc3cccc(CNC(=O)OC(C)(C)C)c3)nn2)s1)c1ccccc1,-26.4,0
M2R-decoy_8599.1,C=C1CC[C@H]2[C@@](C)(CC[C@@H](OC(C)=O)[C@@]2(C)COC(C)=O)[C@H]1CC(Nc1ccc(S(=O)(=O)Nc2nccs2)cc1)C1=CCOC1=O,-26.4,0
M2R-decoy_864,CCOC(=O)c1c(C(F)(F)F)nn2c(=O)cc(CCl)[nH]c12,-26.4,0
M2R-decoy_2539.1,CC(=O)OCOC(=O)CCc1ccc2c(c1)COP(=O)(OC[C@@H]1C=C[C@H](n3cc(C)c(=O)[nH]c3=O)O1)O2,-26.39,0
M2R-decoy_3890,Cc1cc(=O)oc2cc(OCc3cn(CCCCCCCCCOc4ccc5ccc(=O)oc5c4)nn3)ccc12,-26.39,0
M2R-decoy_3978,O=C(OCC(OC(=O)c1ccccc1)C(OC(=O)c1ccccc1)C(OC(=O)c1ccccc1)c1cnn(c2ccccc2)n1)c1ccccc1,-26.39,0
M2R-decoy_4326,Cc1c(CC(=O)OCCCO[N+](=O)[O-])cc(c2ccc(S(C)(=O)=O)cc2)n1c1cccc(F)c1,-26.39,0
M2R-decoy_5586,Cn1c([N+](=O)[O-])cnc1SCCCCCCCCCCCC(=O)[O-],-26.39,0
M2R-decoy_6708,C/C(=C1/N=C(c2ccc(Br)cc2)OC1=O)N1CCC[C@H]1C(=O)N[C@@H](Cc1ccc(O)cc1)C(N)=O,-26.39,0
M2R-decoy_8399,CCOc1ccc(c2ccc(Cn3c(CC(C)(C)C(=O)[O-])c([S+]([O-])C(C)(C)C)c4cc(OCc5ccc(C)cn5)ccc43)cc2)cn1,-26.39,0
M2R-decoy_3274,CCOC(=O)c1sc(SC(C)C)c(C#N)c1c1cc(OC)cc(OC)c1,-26.38,0
M2R-decoy_5371,O=C(OCC(=O)N(CCc1ccccc1)Cc1ccccc1)c1ccc(F)c(S(=O)(=O)N2CCOCC2)c1,-26.38,0
M2R-decoy_1212,O=C(Nc1ccc(F)c(Br)c1)N1CCCC1,-26.36,0
M2R-decoy_1630,CN(C1=[NH+]C(=O)/C(=C\c2ccc(N3CCOCC3)cc2)S1)c1ccccc1,-26.36,0
M2R-decoy_3536,C[C@]12CC[C@@H]3c4ccc(O)cc4CC[C@H]3[C@@H]1C[C@@](CO)(CCCCCCNC(=O)CCCc1ccc(N(CCCl)CCCl)cc1)[C@@H]2O,-26.36,0
M2R-decoy_3652,O=CNC(=C\c1ccc(O)cc1)/C(=C/c1ccc(O)cc1)NC=O,-26.36,0
M2R-decoy_4839,C[C@H](NC(=O)[C@H]1CCCO1)[C@H](Oc1ccc(C(=O)O[C@H]2CCCN(C(=O)[C@H]3COC(=O)C3)C2)cc1)c1ccc(C2CC2)cc1,-26.36,0
M2R-decoy_8297,Cc1oc(c2sccc2C)nc1CCOc1ccc(C[C@H](Nc2ccccc2C(=O)c2ccccc2)C(=O)[O-])cc1,-26.36,0
M2R-decoy_8520,Cc1noc(C)c1S(=O)(=O)N(CC(C)C)C(C(=O)NC(C[NH+]1CCCC1)c1ccccc1)c1ccccc1,-26.36,0
M2R-decoy_883,CC1=C(C(=O)OC(C)C(F)(F)F)C(c2ccco2)NC(=O)N1,-26.36,0
M2R-decoy_10881,O=C(c1ccc(Cl)cc1[N+](=O)[O-])N1CCN(c2nc(Cl)ncc2Br)CC1,-26.35,0
M2R-decoy_11431,COc1cccc(CS(=O)(=O)c2nnnn2c2ccc(F)cc2Br)c1,-26.35,0
M2R-decoy_2350,COCCN(Cc1ccoc1)S(=O)(=O)c1ccc(F)c(Cl)c1,-26.35,0
M2R-decoy_8044,COC(=O)N[C@H](C(=O)N1CCC[C@H]1c1ncc(C#CC#Cc2ccc(c3cnc([C@@H]4CCCN4C(=O)[C@@H](NC(=O)OC)C(C)C)[nH]3)cc2c2ccccc2)[nH]1)C(C)C,-26.35,0
M2R-decoy_8670,C=C(C)CCC(C[C@@]12C[C@H]3[C@@H](C=C(C)C)[C@@](C(=O)c4ccc(O)c(O)c4)(C1=O)C(=O)[C@@](CC=C(C)C)(C2=O)C3(C)C)C(=C)C,-26.35,0
M2R-decoy_10422,CCN(C(=O)Cn1nnc2sc3c(c2c1=O)CCC(C(C)(C)C)C3)c1cccc(C)c1,-26.34,0
M2R-decoy_3017,CO/N=C(/C)CCC(=O)OC[C@@H]1O[C@H](c2ccccc2)C=C[C@@H]1Oc1ccc(OC)cc1,-26.34,0
M2R-decoy_1719,COc1cc([C@@H](CC=C(C)C)OC(=O)c2ccccc2)c(OC)c2c1C(=O)C=CC2=O,-26.34,0
M2R-decoy_3350,CCNC(=O)C(C)c1ccc(O[C@@H]2CCN(c3ccnc(OCc4ccccc4)c3)C2)cc1,-26.34,0
M2R-decoy_5386,CCCS(=O)(=O)N1CCN(c2ccc(OCC3CCN(C(=O)Nc4ccc(C(C)C)cc4)CC3)cn2)CC1,-26.34,0
M2R-decoy_5561,CC(=O)OC(CC=C(C)C)/C(C)=C/C(O)C/C(C)=C/COc1ccc2ccc(=O)oc2c1,-26.34,0
M2R-decoy_144,O=C1C(Cl)=CC(=NBr)C=C1Cl,-26.33,0
M2R-decoy_5961,CCOC(=O)C1CCC(CN(Cc2ccc(OC)cc2)S(=O)(=O)c2ccc(F)c(C(=O)Nc3cc(C)ccc3C)c2)CC1,-26.33,0
M2R-decoy_7261,C=C1C[C@@]2(C)[C@@H](CC[C@]3(C)[C@@H]2C(=O)C=C2[C@@H]4C[C@@](C)(C(=O)NCCNC(=O)C5(C(=O)OC)CC5)CC[C@]4(C)CC[C@]23C)C(C)(C)C1=O,-26.33,0
M2R-decoy_73,CC(C)CC(=O)NC[C@H](O)[C@H](CC(C)C)NC(=O)[C@H](Cc1c[nH]cn1)NC(=O)[C@H](Cc1ccccc1)NC(=O)OC(C)(C)C,-26.33,0
M2R-decoy_9519,S=c1[nH]nc(c2ccc(Cl)cc2)n1[C@H]1[C@H](OCc2ccccc2)O[C@H](COCc2ccccc2)[C@@H](OCc2ccccc2)[C@@H]1OCc1ccccc1,-26.33,0
M2R-decoy_11278,Cc1ccc(C)c(N2CCN(C(=O)C3CCN(S(=O)(=O)c4cn(C)cn4)CC3)CC2)c1,-26.32,0
M2R-decoy_2894,CCOc1ccc2nc(NC(=O)CSCC(=O)Nc3cc(C)on3)sc2c1,-26.32,0
M2R-decoy_4051,C=CCN1CC(=O)N2[C@@H](Cc3ccc(O)cc3)C(=O)N(Cc3cccc4c(C(=O)NCCCCOC)cn(C)c34)C[C@@H]2N1C(=O)NCc1ccccc1,-26.32,0
M2R-decoy_5629,CCCCNC1=C(NCCCC(C)Nc2cc(OC)cc3cccnc23)C(=O)C1=O,-26.32,0
M2R-decoy_6342,COc1ccc(N2CCN(C(=O)C3CCCN(S(=O)(=O)c4ccc5c(c4)CCCN5C(C)=O)C3)CC2)cc1,-26.32,0
M2R-decoy_4943,COCCOc1cc(CCC[C@H]2C(=O)N[C@H](C(=O)c3ccccc3)Cc3ccc(cc3)OCCCC[C@@H]2C(=O)NO)cc(OC)c1,-26.32,0
M2R-decoy_8586,COc1ccc(C/C(=N\O)C(=O)NCCc2cc(Br)c(OCCC[N+](C)(C)[O-])c(Br)c2)cc1Br,-26.32,0
M2R-decoy_9752,CO[C@H]1C(=O)N[C@@H](C(C)C)C(=O)N[C@@H](C)C(=O)N2CCC[C@H](N2)C(=O)O[C@H](C)c2cccc(c2)/C=C/CC[C@H]1C,-26.32,0
M2R-decoy_10715,Cc1noc2ncnc(N3CCN(c4ccc(F)cc4)CC3)c12,-26.31,0
M2R-decoy_11416,Cc1ccc(S(=O)(=O)N(C)c2cc(S(=O)(=O)N3CCOCC3)c(C)cc2C)cc1,-26.31,0
M2R-decoy_3045,COCO[C@H](CC(=O)OC)[C@H](Cc1ccccc1)N(C)C(=O)OCc1ccccc1,-26.31,0
M2R-decoy_4765,Nc1ncnc2c1ncn2CCOCP(=O)(OCOC(=O)OC1CCCC1)OCOC(=O)OC1CCCC1,-26.31,0
M2R-decoy_4819,O=C(CN(c1nc(Cl)nc2c1ncn2C1CCCCO1)C1CC1)N[C@@H](Cc1ccc(O)cc1)C(=O)OCc1ccccc1,-26.31,0
M2R-decoy_5827,COc1cccc(C[NH2+]C[C@@H](O)[C@H](Cc2cc(F)cc(F)c2)NC(=O)c2cc(/C(C)=N\OCc3ccccc3)cc(N3CCCCS3(=O)=O)c2)c1,-26.31,0
M2R-decoy_8624,CCS(=O)(=O)N(Cc1ccccc1)c1nc(C(F)(F)F)ccc1CNC(=O)C(C)c1ccc(NS(C)(=O)=O)c(F)c1,-26.31,0
M2R-decoy_9722,NNC(=O)Cn1cnc2c(I)c(I)c(I)c(I)c21,-26.31,0
M2R-decoy_109,COCCOCCN(CCCCCSc1nc(c2ccc(OC)cc2)c(c2ccc(OC)cc2)[nH]1)C(=O)NC(C)C,-26.3,0
M2R-decoy_10970,COC(CSc1ncnc2c1cnn2c1ncnc2sc3c(c21)-c1ccccc1CC3)OC,-26.3,0
M2R-decoy_11457,COc1ccc(S(=O)(=O)N2CCOC23CCN(C(=O)c2ccc(Cl)cc2Cl)CC3)cc1,-26.3,0
M2R-decoy_1938,CCCN(CC(=O)Nc1ccc(F)c(F)c1F)C(=O)Cc1ccc(S(=O)(=O)N2CCOCC2)s1,-26.3,0
M2R-decoy_846,CCn1cc(Br)c(=O)c(NC(=O)c2cc(C)on2)c1,-26.3,0
M2R-decoy_6410,C=C1[C@@H](O)C[C@H](OC(C)=O)[C@]2(C)[C@@H]1C[C@@H]1C[C@H](OC(=O)[C@@H](O)Cc3ccccc3)C(C)=C([C@@H]1C)[C@@H](OC(C)=O)[C@@H]2OC(C)=O,-26.29,0
M2R-decoy_6994,NS(=O)(=O)c1ccc(CCNC(=S)Nc2ccc(c3c4ccc(=O)cc-4oc4cc(O)ccc43)c(C(=O)[O-])c2)cc1,-26.29,0
M2R-decoy_7503,CCOC(=O)C1=C(C)N(c2cccc(C(F)(F)F)c2)C(=O)N(C)C1c1ccc(C#N)cc1C(=O)N1CC[C@@H](N(C)C(C)=O)C1,-26.29,0
M2R-decoy_10766,Cc1cc[n+](c2nc3ccccc3nc2[N-]S(=O)(=O)c2cccs2)cc1C,-26.28,0
M2R-decoy_2941,CCc1cc2c(=O)c(c3nc(C)cs3)coc2cc1OCC(=O)OC(C)C,-26.28,0
M2R-decoy_6308,NC(=O)c1ccc(c2cc3sc(C(C(=O)NC4CCNC4=O)S(=O)(=O)Cc4ccccc4)nc3cc2F)cc1,-26.28,0
M2R-decoy_9079,O=C(NCCCCOc1ccc(C(=C2C3CC4CC(C3)CC2C4)c2ccc(O)cc2)cc1)C12CC3CC(CC(C3)C1)C2,-26.28,0
M2R-decoy_10565,O=C(Nc1cccnc1)N1CCC(n2ccc(C(F)(F)F)n2)CC1,-26.27,0
M2R-decoy_10644,Cn1nnc2c(N3CCN(c4ccccc4F)CC3)ncnc21,-26.27,0
M2R-decoy_11125,O=C(CN1CCCCCC1=O)N1CCN(S(=O)(=O)c2cccs2)CC1,-26.27,0
M2R-decoy_2832,CCOc1ccc(NC(=O)CSc2nnc(Cn3cnc4ccccc43)n2C)cc1,-26.27,0
M2R-decoy_1642,Cc1c(Cl)ccc(S(=O)(=O)N2CC[NH+]=C2c2ccccc2)c1Cl,-26.27,0
M2R-decoy_3862,COc1ccc(OC(=O)N(CC(=O)[O-])[C@@H](C)c2ccc(OCCc3nc(c4ccccc4)oc3CO)cc2)cc1,-26.27,0
M2R-decoy_1165,CC(C)(C)c1nnc(NC(=S)c2ccc(O)cc2O)s1,-26.26,0
M2R-decoy_2779,COc1cccc(Cn2ccc3cc(c4ccc(OC(F)(F)F)cc4)ccc32)c1Oc1ccc([N+](=O)[O-])cc1C(=O)[O-],-26.26,0
M2R-decoy_1770,CC(C)c1csc(c2nnc(S(=O)(=O)Cc3cc(Cl)ccc3F)n2c2ccccc2)n1,-26.26,0
M2R-decoy_4704,COCCn1c(Cc2cccn2C)nnc1SCC(=O)Nc1nccs1,-26.26,0
M2R-decoy_5168,COc1cc(OC)cc(N(CCNS(=O)(=O)C(C)C)c2ccc3ncc(c4cnn(C)c4)nc3c2)c1,-26.26,0
M2R-decoy_6203,C=C(C)[C@]12C[C@@H](C)[C@@]34O[C@](Cc5ccccc5)(O[C@@H]1[C@@H]3C=C(COC(=O)Cc1ccccc1)C[C@]1(O)C(=O)C(C)=C[C@H]14)O2,-26.26,0
M2R-decoy_4170,CCOC(=O)/C=C/C=C/C(=O)[C@H](CCc1ccccc1)NC(=O)[C@H](Cc1ccccc1)NC(=O)N1CCOCC1,-26.25,0
M2R-decoy_7467,COc1cc(/C=C2\C(C)=NN(c3cccc(Cl)c3)C23SCC(=O)N3c2nc3ccccc3s2)ccc1O,-26.25,0
M2R-decoy_9447,CC(=O)NCCCC(=O)NC(CCC(=O)OCc1ccccc1)C(=O)OCc1ccccc1,-26.25,0
M2R-decoy_3278,CCOc1ccc(Cc2nc3cc(C(=O)N(CC)CC)ccc3n2CC2CC2)cn1,-26.24,0
M2R-decoy_6499,CNC(=O)[C@@]12C[C@@H]1[C@@H](n1cnc3c(NC)nc(C#Cc4cc5ccccc5c5ccccc45)nc31)[C@H](O)[C@@H]2O,-26.24,0
M2R-decoy_6509,CNC(=O)C[C@@H]1C[C@@H](c2ccc(Cl)c(Cl)c2)[C@H](NC(=O)c2cc(c3c(Cl)cnn3C)c(Cl)o2)C[NH2+]1,-26.24,0
M2R-decoy_7521,Cc1ccc(S(=O)(=O)N2CCN(C(=S)SSC(=S)N3CCN(S(=O)(=O)c4ccc(C)cc4)CC3)CC2)cc1,-26.24,0
M2R-decoy_7567,CC(=O)N1CCN(C(=O)N2CC[C@](c3ccc(C(OCc4c(F)cccc4C#N)(C(F)(F)F)C(F)(F)F)cc3)(S(=O)(=O)c3ccc(F)cc3)C2)CC1,-26.24,0
M2R-decoy_8233,O=C(CC1CCN(S(=O)(=O)c2ccccc2)CC1)N1CCC([C@H]2c3ncc(Br)cc3CCc3cc(Cl)cc(Br)c32)CC1,-26.24,0
M2R-decoy_9000,COc1ccc(/C=C2\COc3cc(OCCCCCCCCCNc4c5c(nc6ccccc46)CCCC5)ccc3C2=O)cc1,-26.24,0
M2R-decoy_11299,CCOC(=O)N1CCN(C(=O)C2CCCN(S(=O)(=O)c3ccc(C)cc3)C2)CC1,-26.23,0
M2R-decoy_1208,CC1(C)CC2=Nc3ccc(F)cc3S(=O)(=O)C2=C(O)C1,-26.23,0
M2R-decoy_2272,CCOc1ccc(CCNS(=O)(=O)c2ccc3c(c2)oc(=O)n3C)cc1OCC,-26.23,0
M2R-decoy_1593,NC(=O)CSc1nnc(c2cccs2)n1c1ccccc1,-26.23,0
M2R-decoy_1601,Cc1ccc(S(=O)(=O)NC(=[NH+]c2cccc(O)c2)c2ccccc2)cc1,-26.23,0
M2R-decoy_5288,CCOC(=O)c1ccc(OCC2c3cc(OC)c(OC)cc3CCN2C(=O)c2ccc(S(=O)(=O)N3CCCC3)cc2)cc1,-26.23,0
M2R-decoy_5419,CCc1ccc(S(=O)(=O)N2CCN(c3cc(OC)cc(OC)c3)CC2C(=O)NCc2ccc(OC)cc2OC)cc1,-26.23,0
M2R-decoy_807,CCC1=CC(=C(Br)Br)OC1=O,-26.23,0
M2R-decoy_512,Cc1ccc(NC(=S)N2CCN(c3ncccn3)CC2)cc1C,-26.22,0
M2R-decoy_7124,CS(=O)(=Nc1ccc(c2ccc(c3nc4[nH]c(O[C@@H]5CO[C@@H]6[C@H](O)CO[C@H]56)nc4cc3Cl)cc2)cc1)N1CCC1,-26.22,0
M2R-decoy_1283.1,Cc1ccc(/C=C2\C(=O)NC(=O)N(CC3CCCO3)C2=O)s1,-26.21,0
M2R-decoy_6988,N#C[C@H]1C[C@@H]([NH2+]CC(F)(F)F)CCC1n1cc(C(N)=O)c(Nc2ccc(S(=O)(=O)C(F)(F)F)cc2)n1,-26.21,0
M2R-decoy_10604,COC(=O)N1CCC[C@@]2(CCN(C(=O)Nc3ccc(OC)cc3)C2)C1,-26.2,0
M2R-decoy_897,CCC(=O)N1CCN(c2ncnc3c(C)nn(C)c23)CC1,-26.2,0
M2R-decoy_10041,C=C(C)C12OC3(c4ccccc4)OC1[C@@H]1[C@@H]4O[C@@]45COC(C)(C)O[C@H]5[C@]4(O)C(=O)C=C[C@@]4(C)C1(O3)[C@H](C)[C@H]2OC(=O)/C=C/C=C/CCCCC,-26.19,0
M2R-decoy_10044,C=C1CC[C@@H]2[C@](C)(COC(=O)c3cccnc3)[C@H](OC(=O)c3cccnc3)CC[C@@]2(C)[C@@H]1/C=C/C1=C/C(=C\c2ccc(N(C)C)cc2)OC1=O,-26.19,0
M2R-decoy_2083,O=C(NCCSSCCNC(=O)/C(Cc1cc(Cl)cc(Cl)c1)=N/O)/C(Cc1cc(Cl)cc(Cl)c1)=N\O,-26.19,0
M2R-decoy_4758,COc1cccc(OC)c1c1ccc(C[C@H](/[NH+]=C(\N)[C@@H]2CCN2S(=O)(=O)c2cc(Cl)cc(Cl)c2)C(=O)[O-])cc1,-26.19,0
M2R-decoy_5313,C#CCN(Cc1cc2c(O)nc(CSc3ncccn3)nc2cc1C)c1ccc(C(=O)NCc2cccc([N+](=O)[O-])c2)c(F)c1,-26.19,0
M2R-decoy_5468,C[C@@H](O)[C@H](NC(=O)CN(c1nc(Cl)nc2c1ncn2C1CCCCO1)C1CC1)C(=O)OCc1ccccc1,-26.19,0
M2R-decoy_5480,CCCCc1nc2ccc(C3CC(C(=O)OCC)=NO3)cc2c(=O)n1Cc1ccc(c2ccccc2C2=NNN=N2)cc1,-26.19,0
M2R-decoy_7310,COc1ccc(c2nn(c3ccccc3)cc2/C=C/c2oc3c4c(ccc3c2C(=O)c2ccc(Br)cc2)OCC=C4)cc1OC,-26.19,0
M2R-decoy_9843,CC(=O)NCCCC[C@H]1C(=O)C(C)(C)[C@@H](O)CC(=O)O[C@H](/C(C)=C/c2csc(C)n2)C[C@@H]2O[C@]2(C)CCC[C@H](C)[C@@H]1O,-26.19,0
M2R-decoy_2384,CCN(C#N)NC(=O)O[C@@H](C)CC1CCCCC1,-26.18,0
M2R-decoy_8951.1,CC(C)OC(=O)[C@H](Cc1ccccc1)NP(=O)(CO[C@@H]1C=C(F)[C@H](n2cnc3c(N)ncnc32)O1)Oc1ccccc1,-26.18,0
M2R-decoy_950,Cc1ccnc(NC(=O)C2CCN(S(=O)(=O)c3cccs3)CC2)c1,-26.18,0
M2R-decoy_3220,CCN(Cc1ccc(Cl)s1)C(=O)c1cccc(OCc2c(C)noc2C)c1,-26.17,0
M2R-decoy_4515,COCCNC(=O)CSc1nc2cc3c(cc2c(=O)n1CCCCCC(=O)NCc1ccc(OC)cc1)OCO3,-26.17,0
M2R-decoy_4702,CCOC(=O)CSc1nc2ccccc2n1CC(=O)N1CCN(c2ccccc2)CC1,-26.17,0
M2R-decoy_5798,CC(C)(C)NC(=O)c1ccccc1C[C@@H](O)[C@H](Cc1ccccc1)NC(=O)[C@H](CS(=O)(=O)c1cccc2ccccc12)NS(C)(=O)=O,-26.17,0
M2R-decoy_7114,O=C(Nc1cccc2c1O[C@H]1CN(S(=O)(=O)c3ccc(Cl)cc3)CC[C@H]1CN(Cc1cccnc1)C2=O)C1CC1,-26.17,0
M2R-decoy_10359,O=[N+]([O-])c1cc(S(=O)(=O)C(Cl)(Cl)Br)ccc1Cl,-26.16,0
M2R-decoy_1148.1,COP1(=S)NCC(c2ccc(Br)cc2)O1,-26.16,0
M2R-decoy_2815,Cc1c(CCOCCCO[N+](=O)[O-])cc(c2ccc(S(C)(=O)=O)cc2)n1c1ccc(F)cc1,-26.16,0
M2R-decoy_2821,COc1ccc(CC(=O)O[C@H](CC=C(C)C)c2cc(OC)c3c(c2OC)C(=O)C=CC3=O)cc1,-26.16,0
M2R-decoy_3117,CCc1nnc2c(S(=O)(=O)N(Cc3cccc(C)c3)c3ccc(Cl)cc3)cccn12,-26.16,0
M2R-decoy_6225,Cc1cc(C)c(/C=C/c2onc(C)c2S(=O)(=O)N2CCC(C(=O)N3CCN(c4ccccc4)CC3)CC2)c(C)c1,-26.16,0
M2R-decoy_7026,CCOC(=O)N1CCc2c(sc3c2c(=O)n(CCc2ccccc2)c(=O)n3CC(=O)Nc2ccccc2C)C1,-26.16,0
M2R-decoy_10471,CCOC(=O)C1=NOC2(C=C(Br)C(=O)C(Br)=C2)C1,-26.15,0
M2R-decoy_5304,CCCC[C@H](NC(=O)O[C@@H]1C(=O)N(C(=O)c2cc3ccccc3s2)CC1(C)C)C(=O)C(=O)N[C@H](C)c1ccccc1,-26.15,0
M2R-decoy_9164,CCCOC(=O)c1c(CCC)c(C(=O)SCCOC2CCCCO2)c(CC)nc1c1ccccc1,-26.15,0
M2R-decoy_10889,Cc1nn(c2ccccc2)c2c1N(CC(=O)N1CCN(c3ccc(F)cc3)CC1)C(=O)CS2,-26.14,0
M2R-decoy_1267,C/C(=N\NC(=O)c1cnccn1)c1ccc(Br)cc1,-26.14,0
M2R-decoy_4042,O=C(N[C@@H](CCCCCCSSc1ccccn1)C(=O)OCc1cccc2ccccc12)OCc1ccccc1,-26.14,0
M2R-decoy_10812,Cc1ccccc1S(=O)(=O)Cc1ccc(C(=O)N2CCN(c3ccccc3F)CC2)o1,-26.13,0
M2R-decoy_7136,CC(=O)N[C@H](C(=O)N[C@H](C(=O)N1C[C@H](O)C[C@H]1C(=O)NCc1ccc(c2scnc2C)cc1)C(C)(C)C)c1ccccc1,-26.13,0
M2R-decoy_8306,O=C(N[C@@H](Cc1ccccc1)[C@H](O)CN(CC1CCCCC1)S(=O)(=O)c1ccccc1)OCc1ccccc1,-26.13,0
M2R-decoy_9633,O=C(N/N=C/C=C\c1ccco1)c1cccs1,-26.13,0
M2R-decoy_10474,COC1(c2ccc(Br)cc2)SC=C(C)n2c1noc2=O,-26.12,0
M2R-decoy_3123,CO[C@H]1O[C@@]2(C)CC[C@H]3CCC[C@@H](CCOCc4ccncc4)[C@@]13OO2,-26.12,0
M2R-decoy_5574,COC(=O)CCCCCCCOC(Cn1cncn1)c1ccc(OC)cc1,-26.12,0
M2R-decoy_4921,CCS(=O)(=O)Oc1ccc(c2sc3cc(OS(=O)(=O)CC)ccc3c2C(=O)c2ccc(OCC[NH+]3CCCCC3)cc2)cc1,-26.12,0
M2R-decoy_8509,COc1cc(/C=C/C(=O)/C=C/c2ccc(F)cc2F)ccc1OCc1cn([C@H]2C[C@H](n3cc(C)c(=O)[nH]c3=O)O[C@@H]2CO)nn1,-26.12,0
M2R-decoy_10759,Cc1cccc(C2C(Cl)C(=O)N2c2nnc(Cn3c(C)nc4ccccc43)s2)c1,-26.11,0
M2R-decoy_11120,CC(=O)N1CCC(c2nccnc2OC2CN(C(=O)c3ccc[nH]3)C2)CC1,-26.11,0
M2R-decoy_4249,COCCOCCN(CCCCCSc1nc(c2ccc(N(C)C)cc2)c(c2ccc(N(C)C)cc2)[nH]1)C(=O)NC(C)C,-26.11,0
M2R-decoy_7751,COC(=O)c1ccc(N(Cc2cnc(C3CCCCC3)cn2)C(=O)[C@H]2CCN2S(=O)(=O)c2c(F)c(F)c(F)c(F)c2F)cc1O,-26.11,0
M2R-decoy_8276,O=C(CN/N=C/Cc1ccccn1)CSc1nnc2c3ccccc3n(CC(=O)N/N=C/c3ccccn3)c2n1,-26.11,0
M2R-decoy_9002,COC(=O)COc1cnc(N(CC2=C(c3cc(C(C)C)ccc3OC)CCC(C)(C)C2)Cc2cc(C(F)(F)F)cc(C(F)(F)F)c2)nc1,-26.11,0
M2R-decoy_9581,C=C1OC(=O)[C@@]2([C@H](/C=C/[C@H](C)C[C@H](C)CC)C=C[C@@H](O)[C@@H]2O)[C@H]1O,-26.11,0
M2R-decoy_1355,Clc1nc2c(C#Cc3ccccc3)ncnc2n1C1CCOCC1,-26.1,0
M2R-decoy_8688,COc1cccc(C(=O)/C=C/c2cc([C@@H]3COc4c(cc(/C=C/C(=O)c5cccc(OC)c5)c5c4C=CC(C)(C)O5)C3)c(OC)cc2OC)c1,-26.1,0
M2R-decoy_2497,O=C(CCl)COc1ccc([N+](=O)[O-])cc1,-26.09,0
M2R-decoy_5992,CCOC(=O)c1cnccc1Nc1nc(c2nn(Cc3ccccc3F)c3c2CCC3)ncc1Oc1ccccc1C(=O)OCC,-26.09,0
M2R-decoy_8834,CCCCC(CC)CO/C(C[C@]1(OC)CC[C@H]2[C@@H]3CCc4cc(OC)ccc4[C@H]3CC[C@@]21C)=N/S(=O)(=O)c1ccc(C)cc1,-26.09,0
M2R-decoy_11009,CS(=O)(=O)c1ccc(c2c(S(=O)(=O)c3ccc(Cl)cc3)sc3ncccc32)cc1,-26.08,0
M2R-decoy_11297,COc1nc(N(C)S(=O)(=O)c2ccc(C)cc2)nc(C)c1Br,-26.08,0
M2R-decoy_2284,C=CCc1ccccc1OCC(=O)N/N=C/c1ccc(OC(C)=O)cc1OC(C)=O,-26.08,0
M2R-decoy_3654,O=C(CCCCCCC(=O)Nc1nc2ccccc2s1)NO,-26.08,0
M2R-decoy_4397,COc1cc(OC)cc(OCC(C)(C)c2nc3c(N)ncn(Cc4ccc(OC)c(OC5CCCC5)c4)c-3n2)c1,-26.08,0
M2R-decoy_7347,O=S(=O)(c1ccc(OC(F)(F)F)cc1)C1CC2CCC(C1)N2S(=O)(=O)c1ccc(Cl)c(C(F)(F)F)c1,-26.08,0
M2R-decoy_9561,CCNS(=O)(=O)c1ccc(NC(=S)NC2CCCC2)cc1,-26.08,0
M2R-decoy_10301,O=S(=O)(c1c(Cl)sc(Cl)c1Br)N1CCCC1,-26.07,0
M2R-decoy_4083,CCCCCCCCCCCCCCCCCC(=O)Oc1ccc2nc3c(cc2c1)Cn1c-3cc2c(c1=O)COC(=O)[C@]2(O)CC,-26.07,0
M2R-decoy_5598,CCCC(C)COc1ccc([C@@H](NC(=O)[C@@H](C)c2ccccc2)C(=O)NCC2CCC[NH2+]2)cc1,-26.07,0
M2R-decoy_2053,CCOc1ccc(OCC)c(NC(=O)/C=C/c2c(C)nn(c3ccccc3)c2C)c1,-26.06,0
M2R-decoy_3042,Cc1ccc(S(=O)(=O)CCC(=O)OCC(=O)N(CCC#N)c2cc(C)cc(C)c2)cc1,-26.06,0
M2R-decoy_3682,CCc1ccc(Sc2nc(N)nc3c2ncn3CCOCP(=O)(OCC(F)(F)F)OCC(F)(F)F)cc1,-26.06,0
M2R-decoy_8701,FC(F)(F)C(F)(F)C(F)(F)C(F)(F)C(F)(F)C(F)(F)CCn1cc(COc2ccccc2c2nc3ccccc3s2)nn1,-26.06,0
M2R-decoy_10781,CC1CCN(c2nc3ccccc3nc2C(C#N)S(=O)(=O)c2ccccc2)CC1,-26.05,0
M2R-decoy_11444,CC1=C(CC(=O)/N=c2\c[n+](c3ccccc3)[n-]o2)c2cc(F)ccc2/C1=C\c1ccc(S(C)(=O)=O)cc1,-26.05,0
M2R-decoy_1363,Cc1cccc(NS(=O)(=O)c2cc3c4c(c2)C(C)C(=O)N4CCC3)c1,-26.05,0
M2R-decoy_3937,C=CCC[C@H](Cc1ccc(F)cc1)C(=O)OC[C@H](C)NC(=O)[C@H](CC=C)CC(=O)N(CCO)Cc1ccccc1,-26.05,0
M2R-decoy_7670,CC(=O)O[C@H]1[C@@H](OC(=O)c2ccccc2)[C@]2(C)[C@@H](OC(=O)c3ccccc3)CC[C@@](C)(O)[C@]23OC(C)(C)[C@H]1[C@H]3OC(=O)c1cccnc1,-26.05,0
M2R-decoy_9678,CC(C)(CO)[C@@H](O)C(=O)NCC(=O)NCC1CCCCC1,-26.05,0
M2R-decoy_1203,CC1=CC=CC2(C)CN(C)N(C(=O)Nc3ccccc3)N=C12,-26.04,0
M2R-decoy_5257.1,Cc1c(c2cccc(OC(F)(F)F)c2)c(=O)n(CC[NH+](C)CCc2ccccn2)c(=O)n1Cc1c(F)cccc1F,-26.04,0
M2R-decoy_8513,CCCC(Nc1ccc(n2cc(c3ccccn3)cn2)nc1)c1ccc(C(=O)NCCC(=O)[O-])cc1,-26.04,0
M2R-decoy_8699,CCCCC(CC)C(=O)Nc1ccc2ccn(Cc3c(OC)cc(C(=O)NS(=O)(=O)c4ccccc4)cc3OC)c2c1,-26.04,0
M2R-decoy_1541,CC(C)CCn1ccc(NC(=O)N2CCCC2C(C)(C)O)n1,-26.03,0
M2R-decoy_515.1,CS(=O)(=O)c1[nH]nc(c2ccccc2Cl)c1C#N,-26.03,0
M2R-decoy_640,O=C(N1CCOCC1)N1CCC2(CC1)OOC1(O2)C2CC3CC(C2)CC1C3,-26.03,0
M2R-decoy_6986,NS(=O)(=O)c1ccc(CN2C(=O)C3C(C2=O)C2(Cl)C(Cl)=C(Cl)C3(Cl)C2(Cl)Cl)cc1,-26.03,0
M2R-decoy_742,Cc1ncncc1C(=O)N1CCC[NH+](Cc2cnn(C(C)C)c2)CC1,-26.03,0
M2R-decoy_7480,CO[C@H]1COC[C@@H]1NC(=O)N1C(=O)N(c2cccc(C(F)(F)F)c2)C2=C(C(=O)CC2)C1c1ccc(C#N)cc1,-26.03,0
M2R-decoy_1206,Oc1nc2c(n1c1nc3ccc(F)c(F)c3o1)CCCC2,-26.02,0
M2R-decoy_2638,COc1ccc(S(=O)(=O)Nc2ccc3c(c2)C(=O)N([C@H](C)CO)C[C@H](C)[C@@H](CN(C)S(=O)(=O)c2ccc(OC)cc2)O3)cc1,-26.02,0
M2R-decoy_332,O=C1C(Br)=CC(=NBr)C=C1Br,-26.02,0
M2R-decoy_5698.1,CSCC(OP(N(CCCl)CCCl)N(CCCl)CCCl)c1ccccc1,-26.02,0
M2R-decoy_6794,COc1ccc2[nH]c(C(=O)N3CC(=O)N(Cc4ccccc4S(C)(=O)=O)[C@@H](Cc4ccccc4)C3)cc2c1,-26.02,0
M2R-decoy_9503,CC(C)(C)OC(=O)N[C@@H](Cc1ccccc1)[C@@H](O)C[C@H](Cc1ccccc1)NC(=O)c1ccccc1NC(=O)OCc1ccccn1,-26.02,0
M2R-decoy_9701,Cc1ccc(c2noc(CNS(C)(=O)=O)n2)cc1,-26.02,0
M2R-decoy_10764,N#Cc1ccc(S(=O)(=O)N2C/C(=C\c3ccncc3)C(=O)/C(=C/c3ccccc3F)C2)cc1,-26.01,0
M2R-decoy_8970,Cc1cccc(CCCOP(=O)(CCCCC2(C(=O)NCC(F)(F)F)c3ccccc3-c3ccccc32)OCCCc2cccc(C)n2)n1,-26.01,0
M2R-decoy_9294,CC[C@@]12C(=O)N(c3cccc(Br)c3)C(=O)N1[C@H](c1ccc(Cl)cc1)[C@@H]1C(=O)N(C3CCCCC3)C(=O)[C@@H]12,-26.01,0
M2R-decoy_10923,CC(C)(C)OC(=O)N1CCC(O[C@H]2CC[C@H](Oc3ccc(S(C)(=O)=O)cn3)CC2)CC1,-26.0,0
M2R-decoy_10924,O=S(=O)(c1cccc(F)c1)N1CCN(c2ncnc3scc(c4ccc(F)cc4)c23)CC1,-26.0,0
M2R-decoy_1281,CCc1c(C)nc2n(c1=O)CC(C(=O)Nc1nccs1)CS2,-26.0,0
M2R-decoy_2735,COC(=O)[C@H](NC(=O)C(F)(F)C(=O)C(Cc1ccc(OCc2ccccc2)cc1)NC(=O)[C@@H](NC(=O)OCc1ccccc1)C(C)C)C(C)C,-26.0,0
M2R-decoy_311,O=c1n2n(c(=O)n1c1ccc(Br)cc1)CCCCC2,-26.0,0
M2R-decoy_10518,O=C(c1ccccc1)N1CCN(c2ncccc2C(F)(F)F)CC1,-25.99,0
M2R-decoy_10950,CS(=O)(=O)c1ccc(OC2CCCCC2)c(C(=O)N2CCN(c3ccc(C#N)cc3F)CC2)c1,-25.99,0
M2R-decoy_11251,CC(=O)N1CCN(c2ccc(CN3CCOC[C@H](c4ccccc4)S3(=O)=O)c(F)c2)CC1,-25.99,0
M2R-decoy_3567,[NH3+]Cc1ccc(Oc2ccc(S(=O)(=O)CC3CS3)cc2)cc1,-25.99,0
M2R-decoy_5669,C=CC[C@@H](CC/C(C)=C/C=C/CC/C=C\[C@@H]1CSC([C@@H]2C[C@@H]2C)=N1)OCOC,-25.99,0
M2R-decoy_6259,Cc1nc(C)n(CCC2CCN(c3ccc(NC(=O)N4CCN(C(=O)c5cccn5C)CC4)cc3)CC2)n1,-25.99,0
M2R-decoy_6623,N#C[C@H]1CCCC[C@@H]1n1cc(C(N)=O)c(Nc2ccc(S(=O)(=O)N3CCC4(CC3)OCCO4)cc2)n1,-25.99,0
M2R-decoy_10256,O=[N+]([O-])c1cc(C(F)(F)F)cc2nc(C3=NCCO3)sc12,-25.98,0
M2R-decoy_2253,CCCCN(C)C(=O)CCCCOc1cc2ccc(=O)oc2c2c1OC(C)(C)C=C2,-25.98,0
M2R-decoy_2481,COc1cccc(C2=N/C(=C\N(C)C)C(=O)O2)c1,-25.98,0
M2R-decoy_3051,C=C1CC[C@H]2[C@@](C)(CC[C@@H](OC(C)=O)[C@@]2(C)C(=O)OCc2ccccn2)[C@@H]1CCC1=CCOC1=O,-25.98,0
M2R-decoy_5738,CCCC(NC(=O)[C@@H]1[C@H]2CCC[C@H]2CN1C(=O)[C@@H](NC(=O)[C@H](O)C(C)C)C(C)C)C(=O)C(=O)Nc1ccccc1,-25.98,0
M2R-decoy_6097,O=C(CCCO[N+](=O)[O-])N[C@@H](CC(=O)N1CCn2c(nnc2C(F)(F)F)C1)Cc1cc(F)c(F)cc1F,-25.98,0
M2R-decoy_8316,COC(c1ccc(C(=O)NCCCCCCC(=O)NO)cc1)(c1cc(F)cc(F)c1)c1cc(F)cc(F)c1,-25.98,0
M2R-decoy_10712,COc1cc(O)c2c(c1)/C=C/C[C@H](O)[C@H](O)C(=O)/C=C(/C)C[C@H](C)OC2=O,-25.97,0
M2R-decoy_11465.1,O=S(=O)(c1cccc(c2nnc(S)n2c2cccc(C(F)(F)F)c2)c1)N1CCOCC1,-25.97,0
M2R-decoy_1328,CN(C)C(=O)c1ccc2c(c1)Oc1ccccc1S2(=O)=O,-25.97,0
M2R-decoy_10193,CC(=O)Cn1ncc(Br)c(Br)c1=O,-25.97,0
M2R-decoy_1845,Cc1ccc([P@@]2(=O)O[C@H](COCc3ccccc3)[C@@H](OCc3ccccc3)[C@H](OCc3ccccc3)[C@H]2O)cc1,-25.97,0
M2R-decoy_2852,Cc1cc(CCCCCOc2c(Br)cc(C3=NCCO3)cc2[N+](=O)[O-])on1,-25.97,0
M2R-decoy_4086.1,CC(C)CNC(=O)Cc1cccc(CC(=O)Nc2nnc(CCCCc3ccc(NC(=O)Cc4ccccc4)nn3)s2)c1,-25.97,0
M2R-decoy_5329,O=C(CCc1ccc(Cn2cccn2)cc1OCCc1ccc2ccccc2c1)NS(=O)(=O)c1ccc(F)c(Cl)c1,-25.97,0
M2R-decoy_10581,Cc1ccc(S(=O)(=O)N2CC=C(C#Cc3ccccn3)CC2)cc1,-25.96,0
M2R-decoy_11265,CN(Cc1nnc2n1CCC2)S(=O)(=O)c1cc(Br)ccc1Br,-25.95,0
M2R-decoy_1408,COc1cc(Br)cc(/C=N/NC(=S)NC(C)(C)C)c1O,-25.95,0
M2R-decoy_3462,O=C(C[C@@H](CCCc1ccc(C(F)(F)F)cc1)C(=O)N[C@@H](CC1CCCCC1)C(=O)NCCc1ccccc1)NO,-25.95,0
M2R-decoy_5484,Cc1ccc(S(=O)(=O)NCCc2nnc3ccc(SCC(=O)Nc4nc5ccccc5s4)nn23)cc1,-25.95,0
M2R-decoy_4895,CCCn1c(=O)c2nc(c3ccc(OCC(=O)NCCNS(=O)(=O)c4ccc(C)cc4)cc3)[nH]c2n(CCC)c1=O,-25.95,0
M2R-decoy_62,C=CCCCCCCCCN(CC(O)C(Cc1ccccc1)NC(=O)O[C@H]1CO[C@H]2OCC[C@@H]12)C(=O)OCCC=C,-25.95,0
M2R-decoy_6707,CNS(=N)(=O)CC(C)NC(=O)c1cc(C#N)cc(C)c1NC(=O)c1cc(Br)nn1c1ncccc1Cl,-25.95,0
M2R-decoy_11048,CC(C)CN(NC(=O)c1cccc2c1Cc1ccccc1-2)c1nc(C#N)ncc1Br,-25.94,0
M2R-decoy_3069,COCCN1C=C2C(=O)C(C)(OC(=O)CCc3ccccc3)C(=O)C=C2C=C1c1ccc(C#N)cc1,-25.94,0
M2R-decoy_165,O=C1C(Br)=CC(=NCl)C=C1Br,-25.94,0
M2R-decoy_5267,CCOC(=O)CC([C@H]1O[C@@H]2OC(C)(C)O[C@@H]2[C@H]1OC)N(Cc1ccccc1O)C(=O)NCc1ccccc1,-25.94,0
M2R-decoy_5444,CC(C)(C)OC(=O)N(CCOc1cccc(N(S(=O)(=O)c2ccccc2)S(=O)(=O)c2ccccc2)c1)c1ccncc1,-25.94,0
M2R-decoy_9456,CC(C)CC(NC(=O)OCc1ccccc1)C(=O)N[C@H](CC(C)C)C(=O)P(C)(C)=O,-25.94,0
M2R-decoy_10765,O=C(Oc1cccc2cccnc12)c1cccc(S(=O)(=O)N2CCCCCC2)c1,-25.93,0
M2R-decoy_10774,COc1ccc(C2N(C(=O)C(F)(F)F)CCN2S(=O)(=O)c2ccc(C)cc2)cc1,-25.93,0
M2R-decoy_1278,O=S(=O)(c1cccs1)N1CCN(c2ccc(O)cc2)CC1,-25.93,0
M2R-decoy_257,CSc1nc(Cl)c2c(n1)Sc1ncnn1C2O,-25.93,0
M2R-decoy_3678,COCCNC(=O)c1ccc(CS(=O)(=O)c2ccccc2)o1,-25.93,0
M2R-decoy_3977.1,Cc1ccc(Cn2cc(CCC(=O)Nc3ccc(CCCCc4nnc(NC(=O)Cc5ccccn5)s4)nn3)nn2)c(C)c1,-25.93,0
M2R-decoy_5546,CCCCCCCCCCCCC(=O)COC1=C(O)C(=O)OC1C(O)CO,-25.93,0
M2R-decoy_7074,Cn1cnc(S(=O)(=O)NCCOc2ccc3c(c2)[C@@H](Cc2cccc(C(F)(F)F)c2)[C@@H]([NH3+])CC3)c1,-25.93,0
M2R-decoy_7427,C=C1C(=O)O[C@H]2C[C@H](C)[C@@]34C[C@@]5(C(=O)O[C@H]6C=C(C)[C@H]7[C@@H](OC(C)=O)C[C@@](C)(O)[C@@H]7C[C@@H]65)[C@@H](C(C)=C3C[C@H]12)[C@@H]4O,-25.93,0
M2R-decoy_8459,CCCC1(CCC)CNC(=O)[C@@H](Cc2ccc(OC)c(Cl)c2)NC(=O)/C=C/C[C@@H]([C@H](C)[C@H]2O[C@@H]2c2ccccc2)OC(=O)[C@H](CC(C)C)OC1=O,-25.93,0
M2R-decoy_1246,O=c1[nH]cnc2ccc(I)cc12,-25.92,0
M2R-decoy_2452,CC#CCOc1ccc(S(=O)(=O)CCS)cc1,-25.92,0
M2R-decoy_3071,CCCS(=O)(=O)N(CCN(Cc1cncn1C)c1ccc(C#N)cc1)Cc1ccccc1,-25.92,0
M2R-decoy_7694,C=C(C)[C@@H]1CC[C@]2(C(=O)OCc3ccccc3)CC[C@]3(C)[C@H](CC[C@@H]4[C@@]5(C)CC/C(=N\NS(=O)(=O)c6ccc(C)cc6)[C@@](C)(CO)[C@@H]5CC[C@]43C)[C@@H]12,-25.92,0
M2R-decoy_954,C[C@H](NC(=O)Cn1nc2cc(Cl)cnn2c1=O)c1ccc(Cl)c(F)c1,-25.92,0
M2R-decoy_957,O=C(N/N=C/c1ccc(N2CCOCC2)cc1)C1COc2ccccc2O1,-25.92,0
M2R-decoy_11430,O=C(NCc1ccc(F)cc1)C1CCN(S(=O)(=O)c2ccc3c(c2)OCCCO3)CC1,-25.91,0
M2R-decoy_4667,CCOC(=O)CCCCCC(=O)Nc1ccc2c(c1)CC(=O)N([C@H](C)CO)C[C@H](C)[C@H](CN(C)S(=O)(=O)c1ccc(OC)cc1)O2,-25.91,0
M2R-decoy_6758,C[C@H]1CN([C@H](C)CO)S(=O)(=O)c2ccc(C#CC3(O)CCCC3)cc2O[C@H]1CN(C)C(=O)Nc1cccc(F)c1,-25.91,0
M2R-decoy_10629,COc1cc(Cl)nc2n/c(=N/C(=O)c3ccc(Cl)nc3)sn12,-25.9,0
M2R-decoy_11106,CN(C(=O)COc1cccc(Br)c1)C1CCS(=O)(=O)C1,-25.9,0
M2R-decoy_2791,COc1ccc(NC(=O)CSc2oc(c3cccs3)nc2S(=O)(=O)c2ccc(Br)cc2)c(OC)c1,-25.9,0
M2R-decoy_8335,CCCC[C@H](NC(=O)O[C@@H]1C(=O)N(C(=O)NCCc2ccccc2)CC1(C)C)C(=O)C(=O)N[C@H](C)c1ccccc1,-25.9,0
M2R-decoy_4430.1,O=C1C(S(=O)(=O)c2ccccc2)=C(CS(=O)(=O)c2ccccc2)[C@@H](OCc2ccccc2)[C@@H]1OCc1ccccc1,-25.89,0
M2R-decoy_6520,C=C[C@@]1(C)CC(=O)[C@@]2(O)[C@](C)(O1)[C@@H](OC(=O)NCCc1ccccc1)[C@@H](O)[C@H]1C(C)(C)CC[C@H](O)[C@@]12C,-25.89,0
M2R-decoy_8504,CCOCCCN(CCC#N)C(=O)C1CCN(S(=O)(=O)c2ccc(n3cnnn3)cc2)CC1,-25.89,0
M2R-decoy_904,O=c1/c(=C/c2ccccc2Br)sc2ncnn12,-25.89,0
M2R-decoy_184,O=C(NN=C1CCCCC1)c1snnc1C(F)(F)F,-25.88,0
M2R-decoy_2464,FC(F)COCCn1nnc(c2ccsc2)n1,-25.88,0
M2R-decoy_3960,COc1cc(C/C=C/c2ccccc2/C=C/C(=O)NS(=O)(=O)c2cccs2)ccc1OCCn1cc2ccccc2c1C#N,-25.88,0
M2R-decoy_4893,CCOC(=O)Nc1ccn([C@@H]2O[C@H](CO[P@@](=O)(N[C@@H](C)C(=O)OC(C)C)Oc3ccccc3)[C@@H](O)[C@@]2(C)F)c(=O)n1,-25.88,0
M2R-decoy_2990,CN(C(=O)COC(=O)c1ccccc1C(=O)N1CCN(c2ccccc2)CC1)c1ccccc1,-25.87,0
M2R-decoy_3454,CC(C)C[C@H](NC(=O)[C@H](Cc1ccc2ccccc2c1)NC(=O)OCc1ccccc1)C(=O)N[C@H](C=O)C[C@@H]1CCNC1=O,-25.87,0
M2R-decoy_6222,COc1ccc(S(=O)(=O)N2CCCc3ccc(Br)cc32)cc1N1CCN(C(=O)C(Cl)(Cl)Cl)CC1,-25.87,0
M2R-decoy_9098,CCCCCCCCCCCCCCCCNc1nc(C(Cl)(Cl)Cl)nc(C(Cl)(Cl)Cl)n1,-25.87,0
M2R-decoy_11279,CN(CC(=O)N1CCCCCC1)S(=O)(=O)c1ccc(Br)s1,-25.86,0
M2R-decoy_11323,Cc1ccc(C#Cc2ccc(S(=O)(=O)NC[C@H]3O[C@@H](C)[C@@H](O)[C@@H](O)[C@@H]3O)s2)cc1,-25.86,0
M2R-decoy_1838,COc1cc(C(=O)NCc2nnc(SCC(=O)Nc3nc4ccc(C)cc4s3)o2)cc(OC)c1OC,-25.86,0
M2R-decoy_5374,COc1cccc(CN(C(=O)Cn2nnc(c3ccccc3F)n2)C(C(=O)NC(C)(C)C)c2ccncc2)c1,-25.86,0
M2R-decoy_602,CC1CCN(C(=O)c2nc[nH]c2C(=O)N2CCC(C)CC2)CC1,-25.86,0
M2R-decoy_6156,O=C(c1ccc2cc(Oc3ccc(C(F)(F)F)cn3)ccc2n1)N1CCN(S(=O)(=O)CC2CCOC2)CC1,-25.86,0
M2R-decoy_9600,CCOC(=O)C1(C(O)c2cccs2)CO1,-25.86,0
M2R-decoy_9686,O=S(=O)(C1CC1)N1CCc2ncc(Cn3cncn3)n2CC1,-25.86,0
M2R-decoy_10586,O=C(NC[C@H]1CC[C@]2(CC1)OO[C@]1(O2)C2CC3CC(C2)CC1C3)N1CCOCC1,-25.85,0
M2R-decoy_1220,Nc1c(Br)cc(Br)c2nsnc12,-25.85,0
M2R-decoy_3275,C=CCCCN(Cc1ccccc1)S(=O)(=O)c1ccccc1Br,-25.85,0
M2R-decoy_5737,C=CC(=O)Nc1cc(Nc2ncc(F)c(Nc3ccccc3P(C)(C)=O)n2)c(OC)cc1N(C)CC[NH+](C)C,-25.85,0
M2R-decoy_5944.1,CCCN(CCC)c1cc2nc([S+]([O-])Cc3ncc(C)c(OC)c3C)[nH]c2cc1NC(=O)c1ccco1,-25.85,0
M2R-decoy_7558,CC(=O)O[C@H]1[C@@H](OC(=O)c2ccccc2)[C@]2(C)[C@@H](OC(=O)c3ccccc3)CC[C@@H](C)[C@]23OC(C)(C)[C@H]1[C@H]3OC(=O)c1cccnc1,-25.85,0
M2R-decoy_600,NS(=O)(=O)c1cccc(/N=C2\C(=O)Nc3ccc(Cl)cc32)c1,-25.84,0
M2R-decoy_6404.1,CO[C@@H]1CN(c2cccc(c3cccc(C)c3OCc3ccc4c(c3C)CC[NH+](C3CCOCC3)CC4)n2)CC[C@@H]1C(=O)[O-],-25.84,0
M2R-decoy_11254,O=C(C1CCN(S(=O)(=O)c2cccs2)CC1)N1CCN(c2ccccc2F)CC1,-25.83,0
M2R-decoy_2799,Cc1cc(OCCCc2c3n(c4c2ccc(Cl)c4c2c(C)nn(C)c2C)C[C@H](C)N(Cc2ccc(C(=O)[O-])o2)C3=O)cc(C)c1Cl,-25.83,0
M2R-decoy_10797,O=C(CCS(=O)(=O)c1ccc(Br)cc1)N1CCN(c2ccccc2F)CC1,-25.82,0
M2R-decoy_6899,COc1ccc(S(=O)(=O)N(C)C[C@H]2Oc3ccc(N(C)C)cc3C(=O)N([C@H](C)CO)C[C@@H]2C)cc1,-25.82,0
M2R-decoy_9245,CC[C@@H](C)C[C@@H](C)/C=C(C)/C=C/C=C/C(=O)c1c(O)c(c2ccc(O)cc2)c[nH]c1=O,-25.82,0
M2R-decoy_2133,C#CCNS(=O)(=O)c1ccc(CCN(Cc2cc(F)ccc2OCCC)C(=O)Cc2ccsc2)cc1,-25.81,0
M2R-decoy_2977,CCOC(=O)C(=O)c1cc(c2ccccc2)n(c2ccc(S(C)(=O)=O)cc2)c1C,-25.81,0
M2R-decoy_4674,COc1cccc(Cn2cc(CNC(=O)C3COC(c4ccccc4)=N3)nn2)c1,-25.81,0
M2R-decoy_6291,C[C@@H](CO)N1C[C@@H](C)[C@H](CN(C)C(=O)Cc2ccccc2)Oc2cc(C#Cc3ccccc3F)ccc2S1(=O)=O,-25.81,0
M2R-decoy_6850,Cc1ccc(S(=O)(=O)N2C[C@H]3[C@H]4C(=O)N(c5ccccc5)C(=O)[C@H]4C[C@H](OC(=O)Nc4cccs4)[C@@]3(O)C2)cc1,-25.81,0
M2R-decoy_11446,Cc1cccc(N2CCN(C(=O)CCS(=O)(=O)c3ccc(Br)cc3)CC2C)c1,-25.8,0
M2R-decoy_2853,Cc1cc(C(=O)CSc2nnc(Cc3ccccc3)o2)c(C)n1Cc1ccc2c(c1)OCO2,-25.8,0
M2R-decoy_7560,O=C(c1ccccc1)N1CCC(c2ccc(C(OCc3c(F)cccc3F)(C(F)(F)F)C(F)(F)F)cc2)(S(=O)(=O)c2ccc(F)cc2)C1,-25.8,0
M2R-decoy_1297,CSc1nc2ccc(F)cn2c(=N)c1S(=O)(=O)c1ccccc1,-25.79,0
M2R-decoy_7657,C[C@H]1CC2(C)OC2[C@H](C)C[C@@H](C)OC(=O)C[C@H](c2ccc(O)cc2)NC(=O)[C@@H](Cc2c(Br)[nH]c3ccccc23)N(C)C(=O)[C@H](C)NC1=O,-25.79,0
M2R-decoy_8342,CCNC(=O)c1ccccc1CCC(SCC(CC)C(=O)[O-])c1cccc(OCc2ccc3ccc(Cl)cc3n2)c1,-25.79,0
M2R-decoy_9480.1,CC(C)C[C@H]1CNC(=S)N1C[C@H]1CCC[NH+]1C[C@H](Cc1ccc(O)cc1)N1C[C@H](Cc2ccc(O)cc2)N(CC2CCCCCC2)C1=S,-25.79,0
M2R-decoy_9653,COc1cc(N2CC[C@@H](OC)[C@@H]2Cc2cnn(C)c2)ncn1,-25.79,0
M2R-decoy_11362,Cc1ccnc2nc(C(=O)N3CCN(S(=O)(=O)c4ccccc4)CC3)nn12,-25.78,0
M2R-decoy_10255,CC(C)(C)C12COC(C3=CC(=O)C(Br)=CC3=[N+]=[N-])(OC1)OC2,-25.78,0
M2R-decoy_150,Cc1ccc(C2C(C#N)=C(N)SC(N)=C2C#N)o1,-25.78,0
M2R-decoy_2280,Cc1cc(NC(=O)CSCC(=O)OC(C)C(=O)N(C)Cc2ccccc2)no1,-25.78,0
M2R-decoy_2480,COC(=O)N(C)COc1ccc(C#N)cc1,-25.77,0
M2R-decoy_1409,Cc1cc(C)c(NS(=O)(=O)c2ccc3c(c2)oc(=O)n3C)c(C)c1,-25.77,0
M2R-decoy_2324,CCCN(CC1CC1)c1nc(c2ccc(Cl)cc2OC)n(C)n1,-25.76,0
M2R-decoy_243,Nc1cc(=O)n2c(n1)sc1nc3ccccc3nc12,-25.76,0
M2R-decoy_1564,C[C@H]1C=C[C@@H](/C=C\CC/C=C/C(=O)NCC(C)(C)O)OO1,-25.76,0
M2R-decoy_161,Brc1ccccc1c1csnn1,-25.76,0
M2R-decoy_1746,CCOc1cc(C(=S)N2CCCCC2)ccc1OS(=O)(=O)c1ccc(Br)cc1,-25.76,0
M2R-decoy_5731,CC(O)CNc1nc(N(C)Cc2ccccc2)c2nc(NCC(C)O)nc(N(C)Cc3ccccc3)c2n1,-25.76,0
M2R-decoy_6300,O=C(c1ccc2cc(Oc3ccc(C(F)(F)F)cn3)ccc2n1)N1CCN(S(=O)(=O)c2cccnc2)CC1,-25.76,0
M2R-decoy_7895,C[C@@H]1CC[C@H]2[C@@H](C)[C@@H](OCCCO[C@H]3O[C@@H]4O[C@@]5(C)CC[C@H]6[C@H](C)CC[C@@H]([C@H]3C)[C@]64OO5)O[C@@H]3O[C@@]4(C)CC[C@@H]1[C@@]23OO4,-25.76,0
M2R-decoy_11161,Cn1nnnc1Sc1ncnc2scc(c3cccc(S(C)(=O)=O)c3)c12,-25.75,0
M2R-decoy_11312,CCOC(=O)N1CCN(C(=O)C2CCN(S(=O)(=O)c3ccc(F)cc3)CC2)CC1,-25.75,0
M2R-decoy_385,CC(C)c1ccc2c(c1)/C(=N/NC(N)=S)CCS2(=O)=O,-25.75,0
M2R-decoy_5149,COc1ccc(n2c(C)c(CC(=O)OCCO[N+](=O)[O-])cc2c2ccc(S(C)(=O)=O)cc2)cc1,-25.75,0
M2R-decoy_5158,CCC(=O)N1CCc2cc(S(=O)(=O)CCC(=O)N3CCN(c4cc(C)ccc4C)CC3)ccc21,-25.75,0
M2R-decoy_5201,Cc1cc(Cl)c2cc(C(=O)N[C@H](C)c3ccc(S(=O)(=O)CC(=O)OCCS(C)(=O)=O)cc3)n(C)c2c1,-25.75,0
M2R-decoy_7749,CC(=O)O[C@H]1[C@@H](OC(=O)c2ccccc2)C[C@](C)(O)C23OC(C)(C)C(C[C@H](OC(=O)c4ccco4)[C@]12C)[C@H]3Oc1cccc2ccccc12,-25.75,0
M2R-decoy_8339,Cc1ccc(CNC(=O)[C@H](CCc2ccccc2)NC(=O)[C@H](Cc2nc(C(C)(C)C)no2)NC(=O)c2cc(C)on2)cc1,-25.75,0
M2R-decoy_8354,COc1ccc(S(=O)(=O)N(CC(C)C)C[C@@H](O)[C@H](Cc2ccccc2)NC(=O)Oc2ccc3occc3c2)cc1,-25.75,0
M2R-decoy_9858.1,O=C(c1cccc(O)c1)c1ccc(c2cccc(NS(=O)(=O)c3ccc(Br)cc3OC(F)(F)F)c2)s1,-25.75,0
M2R-decoy_3750,CCOS(=O)(=O)/C=C/c1ccc(OCc2ccc(COc3ccc(/C=C/S(=O)(=O)OCC)cc3)cc2)cc1,-25.74,0
M2R-decoy_5219,COc1ccc(c2c(C)nc3c(N4CC[C@@H](NS(=O)(=O)c5ccc(C(C)=O)cc5)C4)cc(C)nn32)cc1OC,-25.74,0
M2R-decoy_10823,CCc1nnc(SCC(=O)N2CCN(c3ccccc3)CC2)c2cc3sc(Cl)cc3n12,-25.73,0
M2R-decoy_11203,COC(=O)C1=C(OC)C(=O)OC1C1=C(Cl)c2cc(Br)ccc2OC1,-25.73,0
M2R-decoy_2874,C#CCOC(c1ccc(N(CC#C)S(=O)(=O)c2ccccc2)cc1)(C(F)(F)F)C(F)(F)F,-25.73,0
M2R-decoy_3669,CC(C)OC(=O)[C@@H](O)[C@H](CO)C1=CC([Si](C)(C)c2ccccc2)=CON1,-25.73,0
M2R-decoy_4883,CCc1c(Cc2cc(C)cc(C)c2)n(COCC#Cc2ccc(COCn3c(Cc4cc(C)cc(C)c4)c(CC)c(=O)[nH]c3=O)cc2)c(=O)[nH]c1=O,-25.73,0
M2R-decoy_9594,NC(=O)c1cc(S(=O)(=O)N2CCc3ccccc3C2)cs1,-25.73,0
M2R-decoy_11152,O=S(=O)(c1ccccc1)N1CCN(S(=O)(=O)c2ccc(F)cc2)CC1,-25.72,0
M2R-decoy_2543,CCOC(=O)[C@@H](C)N[P@@](=O)(OC[C@H]1O[C@@H](n2ccc(=O)[nH]c2=O)[C@](C)(Cl)[C@@H]1O)Oc1ccccc1,-25.72,0
M2R-decoy_6797,CCCC(=O)N1CCC2(CC1)CN(S(=O)(=O)c1ccc(C)cc1)[C@@H](CO)c1[nH]c3cc(OC)ccc3c12,-25.72,0
M2R-decoy_10409,Cc1nn(CCC#N)c2c1P(=S)(N1CCCC1)OC(c1ccc(F)cc1)=N2,-25.71,0
M2R-decoy_10554,Cc1ccc(S(=O)(=O)N2CCOC2C(Cl)(Cl)Cl)cc1,-25.71,0
M2R-decoy_11215,O=S(=O)(c1ccccc1Cl)N1CCN(c2ccc(N3CCCCC3)nn2)CC1,-25.71,0
M2R-decoy_11306,O=C(CSC(=S)N1CCCC1)N1CCN(S(=O)(=O)c2cccc(F)c2)CC1,-25.71,0
M2R-decoy_1748,CCn1c(SCc2csc(N(C(C)=O)c3cccc(C)c3)n2)nc2ccccc2c1=O,-25.71,0
M2R-decoy_4002.1,CC[C@@](C)(c1ccc(O)cc1)[C@H](CCCCN1CCCOP1(=O)N(CCCl)CCCl)c1ccc(O)cc1,-25.71,0
M2R-decoy_4156,C=CC[C@@H](Cc1ccc(F)cc1)C(=O)O[C@H](CNC(=O)[C@H](CC=C)CC(=O)N(CCO)Cc1ccccc1)c1ccccc1,-25.71,0
M2R-decoy_5303,C=C1[C@@H](OC(C)=O)C[C@H]2[C@@](C)(CC[C@@H](OC(C)=O)[C@@]2(C)COC=O)[C@@H]1C[C@@H](Nc1cccc(F)c1)C1=CCOC1=O,-25.71,0
M2R-decoy_5592,CCCCC(CC)CNC(=O)CCS(=O)(=O)c1cccc2nonc12,-25.71,0
M2R-decoy_7736,O=C(Nc1ccc(/C=C/c2ccc(NC(=O)[C@@H]3CCCN3C(=O)c3ccc4ccccc4n3)cc2)cc1)[C@@H]1CCCN1C(=O)c1ccc2ccccc2n1,-25.71,0
M2R-decoy_242,C/C1=C\CC[C@H](C)[C@@H](C)OC(=O)/C=C/[C@](C)(O)/C=C/[C@@H]1O,-25.7,0
M2R-decoy_4337,CCN(CC)C(=O)c1ccc(NC(=O)CSc2nnnn2c2cc(OC)ccc2OC)cc1,-25.7,0
M2R-decoy_8271,COc1cc(/C=C/C(=O)c2ccc(OCC(O)CNc3ccc4c(c3)OCO4)cc2)cc(OC)c1OC,-25.7,0
M2R-decoy_11054,COCC1CCN(c2nc(N3C4CCC3CC(O)C4)nc3scc(c4ccccc4)c23)CC1,-25.69,0
M2R-decoy_10234,O=C1c2c(Br)sc(Br)c2[C@H]2NC(=S)O[C@@H]12,-25.69,0
M2R-decoy_2103,CO[C@@H](NC(=O)[C@@H](NC(=O)[C@H](CCCc1ccc(c2ccccc2)c(C)c1)CC(=O)NO)C(C)(C)C)c1ccccc1,-25.69,0
M2R-decoy_2472,CCC(C#CC(=O)OC)O/C=C/C(=O)OC,-25.69,0
M2R-decoy_3774,O=C1C(=O)N(Cc2ccc(OCCOCCF)cc2)c2ccc(S(=O)(=O)N3CC[C@H]3COc3ccccc3)cc21,-25.69,0
M2R-decoy_4088,COc1ccc(S(=O)(=O)N(CC(C)C)[C@@H](O)[C@H](Cc2ccccc2)n2cc(CNC(=O)c3ccc(CNC(=O)OC(C)(C)C)cc3)nn2)cc1,-25.69,0
M2R-decoy_3453,C=CCCCCCCCCCOP(=O)(OC)OC(Cn1cncn1)(Cn1cncn1)c1ccc(F)cc1F,-25.69,0
M2R-decoy_6901,COC(=O)c1c(C)nc(C)c2c1C(=O)C(Br)=C(NC[C@H]1O[C@@H](OC)[C@@H]3OC(C)(C)O[C@H]13)C2=O,-25.69,0
M2R-decoy_8296,CN(C)C(=O)c1cc2cnc(Nc3ccc(C(=O)NCCCCCCN=C=S)cc3)nc2n1C1CCCC1,-25.69,0
M2R-decoy_8479,CSCC[C@H](NC(=O)c1ccc(CN(C(=O)Cc2ccccc2)c2cccnc2)cc1c1ccccc1C)C(=O)[O-],-25.69,0
M2R-decoy_3579,CC(C)c1ccc(/C(=C\CC([NH3+])C(=O)[O-])c2ccccc2F)cc1,-25.68,0
M2R-decoy_3702,CCCC1(CCc2ccccc2)CC(=O)C(C(CC)c2cccc(NS(=O)(=O)CCC)c2)=C([O-])O1,-25.68,0
M2R-decoy_7294,CCOC(=O)c1nn(c2ccccc2)c(C)c1c1ccc(C(=O)NS(=O)(=O)c2ccc3ccccc3c2)cc1C(=O)N1CCc2ccccc2C1,-25.68,0
M2R-decoy_2032,CCCC(C)n1c(CC)nc2c(c3ccc(OCCO)nc3C(F)(F)F)ccnc21,-25.67,0
M2R-decoy_2583,CCN1CC(C)(C)Oc2nc(N3CCOC[C@@H]3C)nc(c3ccc(NC(=O)Nc4ccc(C(=O)N(C)CC[NH+](C)C)cc4)cc3)c2C1=O,-25.67,0
M2R-decoy_457,Fc1cccc(F)c1C#Cc1cccc2[nH]ncc12,-25.67,0
M2R-decoy_6913,O=C(CN(c1ccc(Br)cc1)S(=O)(=O)c1ccc(Cl)c([N+](=O)[O-])c1)NCC1CCCO1,-25.67,0
M2R-decoy_7836,CC(=O)O[C@H]1C[C@](C)(O)[C@]23OC(C)(C)[C@H]([C@H](OC(=O)/C=C/c4ccccc4)[C@H](OC(=O)c4ccccc4)[C@]2(C)[C@H]1OC(C)=O)[C@H]3O,-25.67,0
M2R-decoy_11206,Cc1cccc(CN2C(=O)N(c3cnn(Cc4c(C)noc4C)c3)C(=O)C2(C)C)c1,-25.66,0
M2R-decoy_2780,Cc1cc(OCCCc2c3n(c4c2cccc4c2c(C)nn(C)c2C)CCCN(Cc2cccc(C(=O)[O-])c2)C3=O)cc(C)c1Cl,-25.66,0
M2R-decoy_6698,C[C@H]1CN([C@@H](C)CO)S(=O)(=O)c2ccc(Br)cc2O[C@H]1CN(C)S(=O)(=O)c1ccccc1F,-25.66,0
M2R-decoy_9299,CC(=O)OC[C@@]12CC[C@@]3(C)[C@H]4C(=CC[C@]3(C)[C@H]1[C@H](O)C[C@H]2C(C)C)[C@@]1(C)CC[C@H](OC(C)=O)C(C)(C)[C@@H]1C[C@@H]4O,-25.66,0
M2R-decoy_9758,CCOC(=O)[C@@H]1[C@H]2COc3ccc(Br)cc3[C@H]2N2C(=O)N(c3ccc(Br)cc3)C(=O)[C@]12C,-25.66,0
M2R-decoy_123,[O-][N+]1=c2cc(Cl)c(Cl)cc2=[N+]([O-])C12CCCC2,-25.65,0
M2R-decoy_1304,CC(=O)Nc1nc(C)c(c2ccc(S(C)(=O)=O)c(C#N)c2)s1,-25.65,0
M2R-decoy_1808,CSc1ccc(C(=O)NC2(C(=O)N[C@@H]3C(=O)N[C@H]3OC(C)=O)CCCCC2)cc1,-25.65,0
M2R-decoy_3975,COc1ccc(C(=O)/C=C/c2ccc(OCc3cn(CC(O)CN4C(=O)C(=O)c5cc(Cl)ccc54)nn3)cc2)c(OC)c1OC,-25.65,0
M2R-decoy_4708,O=C(NCCN1C(=O)S/C(=C\c2cccnc2)C1=O)c1cccc(OC(F)F)c1,-25.65,0
M2R-decoy_7107,CO[C@@H]1[C@@H](C)O[C@@H](N(OC)[C@@H]2CC[C@]3(C)[C@H]4C[C@@H](O)[C@]5(C)[C@@H](C6=CC(=O)OC6)CC[C@]5(O)[C@@H]4CC[C@@H]3C2)[C@H](O)[C@H]1OC,-25.65,0
M2R-decoy_9472,CN(C)C(=O)CNC(=O)/C=C/CCCCCCCCCC=C(Br)Br,-25.65,0
M2R-decoy_209,O=S(=O)(c1ccc(O)nn1)c1ccc(F)cc1Cl,-25.64,0
M2R-decoy_8273,CCC(C)(C)OC(=O)OCOP(=O)(OCOC(=O)OC(C)(C)CC)c1ccc(C2=NOC(=O)C2)o1,-25.64,0
M2R-decoy_671,CC(C)(C)OC(=O)N1CCN(S(=O)(=O)c2ccc(C#N)cc2)CC1,-25.64,0
M2R-decoy_8650,CCCc1nc(CC)c(C(=O)OCc2ccccc2c2ccccn2)n1Cc1ccc(c2ccccc2S(=O)(=O)NC(=O)OCCC(C)C)cc1F,-25.64,0
M2R-decoy_849,O=C(NNC(=S)NCc1ccccc1)c1ccc(Br)o1,-25.64,0
M2R-decoy_10171,O=C(S[C@@]12CC[C@H](O)[C@@H]1C(=O)NC2=O)c1ccccc1Cl,-25.63,0
M2R-decoy_10324,Cc1cccc2sc(N3CCN(C(=O)C4COc5ccccc5O4)CC3)nc12,-25.63,0
M2R-decoy_2654.1,COc1ccccc1Oc1c(NS(=O)(=O)NCc2ccccc2)nc(c2cnccn2)nc1OCCOc1ncc(Br)cn1,-25.63,0
M2R-decoy_2850,CCN(CC)C(=O)CN(c1cc(N(C)CC)ccc1Cl)S(=O)(=O)c1ccc(OC)c(OC)c1,-25.63,0
M2R-decoy_2882,CC(C)OC(=O)CCC/C=C\C[C@@H]1[C@@H](c2ccc3c(c2)CCC3O)[C@H](O)C[C@H]1Cl,-25.63,0
M2R-decoy_5708,Oc1cc(O)cc(CCC/C=C\CCCCCCCCCc2cc(O)cc(O)c2)c1,-25.63,0
M2R-decoy_896,O=C(N1CCCC1)N1CCN(c2ccc(Cl)nn2)C(=O)C1,-25.63,0
M2R-decoy_10115,CC(C)(SCc1ccncc1)[C@H]([NH3+])C(=O)N1C[C@@H](F)C[C@H]1C#N,-25.62,0
M2R-decoy_2846,CN(CCOc1ccc(c2ccn(S(=O)(=O)c3ccc(Cl)cc3)n2)cc1)c1ccccn1,-25.62,0
M2R-decoy_1587,COc1ccc(S(=O)(=O)C(C(=O)NO)C(C)C)cc1,-25.62,0
M2R-decoy_3639,CC(C)CCO[C@@H]1C=CC(=O)[C@@H](Cn2cc(C3CCCC3)nn2)O1,-25.62,0
M2R-decoy_4134,CC(C)CN(C[C@@H](O)[C@H](Cc1ccccc1)NC(=O)O[C@H]1CO[C@H]2OCC[C@@H]12)S(=O)(=O)c1ccc2c(c1)C(=CNCc1ccc3ccccc3n1)C(=O)N2,-25.62,0
M2R-decoy_327,O=S1(=O)c2ccccc2Oc2cc(Br)ccc21,-25.62,0
M2R-decoy_5301,C[C@@H](C(=O)NCc1ccc(S(C)(=O)=O)cc1)[C@@H]1C[C@@]1(C)[C@@H](NC(=O)OCc1ccccc1)c1ccccc1,-25.62,0
M2R-decoy_5407,COc1cccc(Cn2cc(C(=O)Nc3ccc(C)c(S(=O)(=O)N4CCOCC4)c3)c(c3cccc(OC)c3)n2)c1,-25.62,0
M2R-decoy_5462,COc1ccc(S(=O)(=O)N(C)C[C@H]2Oc3ccc(NS(=O)(=O)c4ccccc4)cc3C(=O)N([C@H](C)CO)C[C@@H]2C)cc1,-25.62,0
M2R-decoy_9492,C[C@H]1C=C2C=C[C@H](C)[C@H](CC[C@@H]3C[C@@H](O[Si](C)(C)C(C)(C)C)CC(=O)O3)[C@H]2[C@@H](OC(=O)NCCCCCCC(=O)NO)C1,-25.62,0
M2R-decoy_11187,Cc1c(OCCBr)ccc2c(=O)nc(N3CCSCC3)oc12,-25.61,0
M2R-decoy_2471,CCO/C=C1\N=C(c2ccc(F)cc2)OC1=O,-25.61,0
M2R-decoy_3483,CC(C)c1nc(CN(C)C(=O)N[C@H](C(=O)N[C@H](CC[C@H](Cc2ccccc2)NC(=O)OCc2cnco2)Cc2ccccc2)C(C)C)cs1,-25.61,0
M2R-decoy_3246,COP(=O)(OC)C(OC(=O)COc1ccc(Cl)c(C)c1)C(Cl)(Cl)Cl,-25.61,0
M2R-decoy_4372,CCN(CC)S(=O)(=O)c1cccc(c2nnc(SCCOc3ccc(Cl)cc3)o2)c1,-25.61,0
M2R-decoy_7335,C/C1=C\[C@H](C)C[C@H](C)OC(=O)[C@H](C(C)C)NC(=O)[C@H](Cc2ccc(O)c(I)c2)N(C)C(=O)CNC(=O)[C@@H](C)C1,-25.61,0
M2R-decoy_11320,Cc1ccc(F)cc1S(=O)(=O)N(C)/N=C/c1cnn2ccc(Cl)nc12,-25.6,0
M2R-decoy_11503,CC(=O)N1C[C@H](F)[C@H](N2CCc3c2nc(N2CCOCC2)nc3c2cnc(N)nc2)C1,-25.6,0
M2R-decoy_2800,Cc1ccc(c2nc(NC(=O)c3ccc(S(=O)(=O)N(CCC#N)CCC#N)cc3)sc2c2ccccc2)cc1,-25.6,0
M2R-decoy_4330,COc1cc(OCCOc2no[n+]([O-])c2S(=O)(=O)c2ccccc2)ccc1C(=O)/C=C/c1ccc(F)cc1,-25.6,0
M2R-decoy_477,CN(c1ccc(N)cc1)c1nc(=O)c2cccnc2s1,-25.6,0
M2R-decoy_5981,CCCCc1nc(Cl)c(C(=O)OC)n1Cc1ccc(NC(=O)[C@H](Cc2cccs2)n2cccc2)cc1,-25.6,0
M2R-decoy_6406,Cc1ccc(S(=O)(=O)N(C)C)cc1NC(=O)[C@@H](CC1CCCCC1)NC(=[NH2+])NC(=O)C1CCCc2ccccc21,-25.6,0
M2R-decoy_655,O=C(c1ccccn1)N1CCC2(CC1)CN(c1cncnc1)C(=O)CO2,-25.6,0
M2R-decoy_6579,CS(=O)(=O)c1ccc(n2nc(C(N)=O)c3c2-c2cc(NC(=O)c4ccc(C(F)(F)F)cc4[N+](=O)[O-])ccc2CC3)cc1,-25.59,0
M2R-decoy_7408,Cc1cc(C(=O)NC(C)(C)C)cc(C#Cc2ccc3c4c(oc3c2)C(C)(C)c2cc(NS(C)(=O)=O)ccc2C4=O)n1,-25.59,0
M2R-decoy_6684.1,CS(=O)(=O)N(CCC#N)Cc1ccc(/C=C2/C(=O)NC(=S)N(c3ccc(Br)cc3)C2=O)o1,-25.59,0
M2R-decoy_2034,CCOC(=O)c1cnc2c(cnn2CC(Cl)COc2ccccc2)c1NCc1ccccc1,-25.58,0
M2R-decoy_2466,CN(C)C(=O)/C=C/C(=O)c1cccc(F)c1,-25.58,0
M2R-decoy_1575,COC(=O)CSc1ncnc2c1cnn2Cc1ccccc1,-25.58,0
M2R-decoy_4151,CCOc1cc(NS(C)(=O)=O)c(OCC)cc1CNC(=O)Nc1ccc(OCC)c(C(=O)OC)c1,-25.58,0
M2R-decoy_10342,O=S(=O)(c1c(Cl)nc2sccn12)n1ccc2ncccc21,-25.57,0
M2R-decoy_2892,CCCCN(Cc1ccc(c2ccccc2C2=NNN=N2)cc1)c1ncnc2ccc(O)cc12,-25.57,0
M2R-decoy_2905,COc1nc(NCCc2ccc(Cl)cc2Cl)cc(c2cccc(C(C)(C)C3=NN=NN3)c2)n1,-25.57,0
M2R-decoy_2906,CCOc1ccc(C(=O)Nc2nnc(S(=O)(=O)Nc3ccccc3C)s2)cc1,-25.57,0
M2R-decoy_2907,COc1cc(P(C)(C)=O)ccc1Nc1ncc(Cl)c(Nc2ccccc2S(C)(=O)=O)n1,-25.57,0
M2R-decoy_4670,CCCCCN(C(=O)CCC(=O)OC(C)C(=O)c1ccc(CC)cc1)c1c(N)n(CCCC)c(=O)[nH]c1=O,-25.57,0
M2R-decoy_5690,CCCCCCCCCCOC(=O)C1=C(C)NC(C)=C(C(=O)OC)C1c1cccc([N+](=O)[O-])c1,-25.57,0
M2R-decoy_3716,CC[C@H](C)[C@@H]1C(=O)O[C@H]1C(=O)N[C@H](C(=O)N[C@H](C(=O)OCc1ccc(OC)cc1)C(C)C)C(C)C,-25.56,0
M2R-decoy_4292,CCN(c1ccccc1)S(=O)(=O)c1ccc(OC)c(NC(=O)COc2ccc(C(C)=O)cc2)c1,-25.56,0
M2R-decoy_6950,NC(=O)c1nn(c2ccc(S(N)(=O)=O)cc2)c2c1CCc1ccc(NC(=O)c3ccccc3Br)cc1-2,-25.56,0
M2R-decoy_1495,COc1ccc(S(=O)(=O)NCCSC(C)(C)C)cc1Cl,-25.55,0
M2R-decoy_3738.1,O=C(Cc1cccc(OC(F)(F)F)c1)Nc1ccc(CCCCc2nnc(NC(=O)Cc3ccccn3)s2)nc1,-25.55,0
M2R-decoy_5761,CC(C)CN(C[C@@H](O)[C@H](Cc1ccccc1)NC(=O)C1(C(N)=O)CC1)S(=O)(=O)c1ccc2ncsc2c1,-25.55,0
M2R-decoy_6430,O=C(COc1cccc2ccccc12)Nc1cc(S(=O)(=O)N2CCOCC2)ccc1N1CCOCC1,-25.55,0
M2R-decoy_191,CC(=O)NC(=S)Nc1ccc(N2CCOCC2)cc1,-25.54,0
M2R-decoy_1405,Cc1cccc(N(C)S(=O)(=O)c2cc3c(cc2Cl)NC(=O)CO3)c1,-25.54,0
M2R-decoy_4694,CC(=O)Oc1ccc(/C=C/S(=O)(=O)N(C)CCc2ccccc2)cc1OC(C)=O,-25.54,0
M2R-decoy_5958,CC[C@H](C)C(=O)O[C@H]1C[C@@H](C)C=C2C=C[C@H](C)[C@H](CC[C@@H]3C[C@H](CC(=O)OC)N(Cc4ccc(C(C)(C)O)cc4)C(=O)O3)[C@H]21,-25.54,0
M2R-decoy_9342.2,O=C(CCCCCCCCCCCCCCCCc1ccc2c(c1)OCO2)C1=C([O-])CCCC1=O,-25.54,0
M2R-decoy_10757,Cn1nc(C(F)(F)F)c(/C=C/C(=O)/C=C/c2c(C(F)(F)F)nn(C)c2Cl)c1Cl,-25.53,0
M2R-decoy_2738,CNC(=O)c1sc(c2ccnc(NC(=O)C3CC3)c2)nc1OCCOCCOCCOc1cccc2c1C(=O)N(C1CCC(=O)NC1=O)C2=O,-25.53,0
M2R-decoy_4126,O=C(/C=C/c1ccc(O)c(O)c1)OCCCCCCCCOc1cc(Cl)ccc1Oc1ccc(Cl)cc1Cl,-25.53,0
M2R-decoy_5845,CC(C)(C)C(=O)Nc1ncc(SCc2ncc(C(C)(C)C)o2)s1,-25.53,0
M2R-decoy_4833,Cn1cnc(S(=O)(=O)N(CCN(Cc2cncn2C)c2ccc(C#N)cc2)CC2CCN(C(=O)OC(C)(C)C)CC2)c1,-25.53,0
M2R-decoy_10467,COC(=O)C1=CSC2(S1)C(C(=O)OC)=CSc1c2ssc1=O,-25.52,0
M2R-decoy_2870,COc1ccc(C(=O)N(C)c2nc(c3cc(OC)c(OC)c(OC)c3)cs2)c(OC)c1,-25.52,0
M2R-decoy_3460,CCC[C@@H]([C@@H](CC(C)C)C(=O)N[C@H](C(=O)Nc1nccs1)C(C)(C)SCCNC(=O)OCC)N(O)C=O,-25.52,0
M2R-decoy_3737,NS(=O)(=O)c1ccc(C/N=C/c2cccc(OCc3cn(CCCOc4ccc5ccc(=O)oc5c4)nn3)c2)cc1,-25.52,0
M2R-decoy_5539,C=CC(=O)Nc1cccc(CCn2c(=O)c(c3cc(OC)cc(OC)c3Cl)cc3cnc(NC)nc32)n1,-25.52,0
M2R-decoy_8159.1,Cc1ccc(S(=O)(=O)N(C)C[C@H]2OCCCC[C@H](C)Oc3ccc(NS(=O)(=O)c4ccc(Cl)cc4)cc3C(=O)N([C@H](C)CO)C[C@@H]2C)cc1,-25.52,0
M2R-decoy_8797,CC[C@H](C)OC(=O)Cc1oc2ccccc2c1C(=O)c1cc(I)c(OCC[NH+](CC)CC)c(I)c1,-25.52,0
M2R-decoy_1811,Nc1ccc(N2CCN(C(=O)CNS(=O)(=O)c3cccc4cnccc34)CC2)cc1,-25.51,0
M2R-decoy_3893,COc1cc(C(=O)N(C)C)ccc1c1ccc(C(=O)NS(=O)(=O)c2ccc(NCCSc3ccccc3)c([N+](=O)[O-])c2)cc1,-25.51,0
M2R-decoy_459,FC(F)(F)c1nnc2ccc(N3CCCCC3)nn12,-25.51,0
M2R-decoy_4658,C=C(F)CO[C@H]1CO[C@@H]2OC[C@H](OC(=O)N[C@@H](Cc3ccccc3)[C@H](O)CN(CC(C)C)S(=O)(=O)c3ccc4nc(NC)oc4c3)[C@H]12,-25.51,0
M2R-decoy_6669,O=C(Cc1ccc(S(=O)(=O)N2CCOCC2)s1)Nc1ccc(S(=O)(=O)N2CCCCC2)cc1,-25.51,0
M2R-decoy_9543,O=C(Nc1ccc(S(=O)(=O)N2CCCCC2)cc1)C1CC1,-25.51,0
M2R-decoy_11007,Cc1nnsc1C(=O)N/C(C(=O)N1CCCCC1)=C(\Br)c1ccc(Cl)cc1,-25.5,0
M2R-decoy_11427,N#Cc1ccc(S(=O)(=O)c2cnc3ccc(Cl)cc3c2N2CCOCC2)cc1,-25.5,0
M2R-decoy_4085,CC(C)CN(C[C@@H](O)[C@H](Cc1ccccc1)NC(=O)[C@H](C)[C@H]1CO[C@H]2OCC[C@@H]12)S(=O)(=O)c1ccc2nc(NC3CC3)sc2c1,-25.5,0
M2R-decoy_6515,C=C1CC(Cn2nc(C)c(=O)n(CC3(c4ccc(F)cc4)CC(=C)C(=O)O3)c2=O)(c2ccc(F)cc2)OC1=O,-25.5,0
M2R-decoy_10617,O=C(c1sc2c([N+](=O)[O-])cc(C(F)(F)F)cc2[n+]1[O-])N1CCCCC1,-25.49,0
M2R-decoy_3388,C/C=C/c1ccc(OCC(=O)OCc2csc(Nc3ccc(C)cc3)n2)c(OC)c1,-25.49,0
M2R-decoy_5524,Cc1cc(Cl)c2cc(C(=O)N[C@H](CO)c3ccc(S(=O)(=O)CC(=O)OCC4(C)COC4)cc3)n(C)c2c1,-25.49,0
M2R-decoy_5753,Cc1cc(C)c(S(=O)(=O)NCCNC(=O)c2ccc3c(cnn3CCCNc3ncc[nH]3)c2)c(C)c1,-25.49,0
M2R-decoy_6793,CN1c2c(C(=O)Nc3ccc(NS(C)(=O)=O)cc3)nn(c3ccccc3Cl)c2-c2ccccc2S1(=O)=O,-25.49,0
M2R-decoy_8976,O=C(OC1CSSC1)c1ccc(OCCCCCCOC(=O)c2cc(Br)ccc2Br)cc1,-25.49,0
M2R-decoy_9167,CCCCCCCC/C=C\CCCC[C@@H](OC(C)=O)[C@@H](OC(C)=O)[C@H](COC(C)=O)NC(C)=O,-25.49,0
M2R-decoy_2998,CC(C)Oc1ccc(C(=O)Oc2coc(CSc3ncccn3)cc2=O)cc1,-25.48,0
M2R-decoy_436,CC1=C(C)C(=O)C2=C(C#CCCCC(=O)C#C2)C1=O,-25.48,0
M2R-decoy_535,CN(C)c1ccc(/C=c2\sc3n(c2=O)CCCN=3)cc1,-25.48,0
M2R-decoy_7,Cc1ccc(C(=O)N(CC2CCCO2)c2ccncc2)o1,-25.48,0
M2R-decoy_7803,C[C@@H]1CC[C@H]2[C@@](C)(C(=O)OCCCCCOC(=O)[C@@]3(C)O[C@@H]4O[C@@]5(C)CC[C@H]6[C@H](C)CC[C@@H]3[C@]64OO5)O[C@@H]3O[C@@]4(C)CC[C@@H]1[C@@]23OO4,-25.48,0
M2R-decoy_974,O=C(CS(=O)(=O)c1cccc2nsnc12)Nc1ccc(F)cc1,-25.48,0
M2R-decoy_1258,CSc1nc2ccccn2c(=N)c1S(=O)(=O)c1ccccc1,-25.47,0
M2R-decoy_4196,COc1ccc(F)c(c2ccc(C(=O)N(Cc3cccc(OCCCCCC(=O)[O-])c3)C(C)C)cc2)c1,-25.47,0
M2R-decoy_4816.1,CC(=O)N1Cc2cccc(CC(=O)Nc3nnc(CCCCc4ccc(NC(=O)Cc5ccccc5)nn4)s3)c2C1,-25.47,0
M2R-decoy_3340,CC(C)CO[C@H]1[C@H](Cc2ccccc2)O[C@@H]2CO[C@@H](c3ccccc3)O[C@H]2[C@@H]1OCC(C)C,-25.47,0
M2R-decoy_5893,CO[C@H]1O[C@H](CO)[C@@H](OCc2ccccc2)[C@@]2(OCc3ccccc3)[C@@H](OCc3ccccc3)CO[C@@H]12,-25.47,0
M2R-decoy_6660,COc1cc(c2ccc(F)c(F)c2)c(F)cc1n1c2c(ccc1=O)CN(S(=O)(=O)Nc1cccnn1)CC2,-25.47,0
M2R-decoy_7816,Nc1ncnc2c1c(c1ccc(O)cc1)nn2Cc1nc2cccc(C#CCCCC(=O)N3CCCC3)c2c(=O)n1Cc1ccccc1Cl,-25.47,0
M2R-decoy_8230,C=C(C)[C@@]12OC3(c4ccccc4)O[C@@H]1[C@@H]1[C@H](OC(C)=O)[C@@](C)(O)[C@@H](OC(C)=O)[C@]4(OC(=O)c5ccccc5)[C@@H](OC(C)=O)[C@@H](C)C[C@H]4[C@@]1(O3)[C@H](C)[C@@H]2OC(C)=O,-25.47,0
M2R-decoy_9691,CS(=O)(=O)CCOc1nonc1c1ccccc1,-25.47,0
M2R-decoy_2273,CCOCCOC(=O)/C(C#N)=C(/NCc1ccc(OCC)nc1)SC,-25.46,0
M2R-decoy_3909,CC(C)(C)OC(=O)NCCOCCOCCOc1ccc(n2ncc3c2CCCC3NC(=O)c2ccccn2)cc1,-25.46,0
M2R-decoy_7578,COc1ccc(C[C@H]2NC(=O)/C=C/C[C@@H]([C@H](C)[C@H]3O[C@@H]3c3ccccc3)OC(=O)[C@H](CC(C)C)OC(=O)c3ccccc3NC2=O)cc1Cl,-25.46,0
M2R-decoy_8861,C=C[C@]1(C)CC[C@@H](C(=C)COC(=O)CCCCn2cc(C(=O)OCC(=C)[C@@H]3CC[C@@](C)(C=C)[C@H](C(=C)C)C3)nn2)C[C@H]1C(=C)C,-25.46,0
M2R-decoy_9431,C(CCCCc1nnc(N2CCCCC2)o1)CCCc1nnc(N2CCCCC2)o1,-25.46,0
M2R-decoy_1410,O=C(N/N=C/c1ccc(Br)o1)c1ccc2c(c1)OCCO2,-25.45,0
M2R-decoy_6481,O=c1[nH]cccc1S(=O)(=O)CC[C@@H]1OCC[C@@]2(S(=O)(=O)c3ccc(Cl)cc3)c3c(F)ccc(F)c3OCC12,-25.45,0
M2R-decoy_6813,O=C(Cc1cc[n+]([O-])cc1)N1CC[NH+]([C@H]2c3ncc(Br)cc3CCc3cc(Cl)cc(Br)c32)CC1,-25.45,0
M2R-decoy_8865,CCCCCCCC(=O)SCC/C=C/[C@@H]1CC(=O)NCc2cc(ccn2)C2=N[C@@](C)(CS2)C(=O)N[C@@H](C(C)C)C(=O)O1,-25.45,0
M2R-decoy_1061,C[C@H]1CN(C(=O)c2ccccn2)CCN1S(=O)(=O)c1c[nH]c2ncccc12,-25.44,0
M2R-decoy_11129,CC(O)(C(=O)Nc1ccc(S(=O)(=O)c2cnccn2)cc1)C(F)(F)F,-25.44,0
M2R-decoy_11413,O=C(Cc1ccc(S(=O)(=O)N2CCCC2)s1)N1CCN(c2ccccc2)CC1,-25.44,0
M2R-decoy_3458.1,CCCCCCC(C)C/C(C)=C\C(C)/C=C(C)/C=C/C(O)C(C)(C)c1cc(O)c([C@@H]2O[C@H](CO)C[C@H](O)[C@H]2O)c(=O)o1,-25.44,0
M2R-decoy_7017,CC(=O)N(C(C)=O)C1=C(C#N)C(c2ccc(F)cc2)C2=C(CC(C)(C)CC2=O)N1c1ccc(S(N)(=O)=O)cc1,-25.44,0
M2R-decoy_10128,O=C(NCCNC(=O)C1CC1)c1sccc1Br,-25.43,0
M2R-decoy_2304,CCOc1ccc(n2c(C)nnc2SCC(=O)N(CC)CC)cc1,-25.43,0
M2R-decoy_3576,COC(=O)COc1ccc(S(=O)(=O)N2CCCCCC2)cc1,-25.43,0
M2R-decoy_4309,O=C(CN(CC1CCCO1)C(=O)CNS(=O)(=O)c1ccc(Cl)cc1)NCc1ccc(F)cc1,-25.43,0
M2R-decoy_4715,Cc1ccc(N(CC(=O)NCC2CCCO2)S(=O)(=O)c2ccccc2)c(C)c1,-25.43,0
M2R-decoy_10504,O=c1/c(=C/c2ccc(I)cc2)sc2nc3ccccc3n12,-25.42,0
M2R-decoy_11402,Cc1nc2sccn2c(=O)c1S(=O)(=O)N1CCN(c2cccc(Cl)c2)CC1,-25.42,0
M2R-decoy_1280,Cc1cc(C)[n+]([N-]C(=O)c2ccc(Cl)c(S(N)(=O)=O)c2)c(C)c1,-25.42,0
M2R-decoy_5666,C=CC[C@@H](CC(=O)N[C@H](CO)Cc1ccccc1)C(=O)N[C@H](C)COC(=O)[C@@H](CC=C)Cc1ccc(F)cc1,-25.42,0
M2R-decoy_7215,COc1ccc(/C=C/C(=O)O[C@H]2CC[C@@]3(C)C(=CC[C@]4(O)[C@@H]3C[C@H]3O[C@H](C)[C@]5(OC(=O)/C=C/c6ccccc6)CC[C@@]4(O)[C@]35C)C2)cc1,-25.42,0
M2R-decoy_10967,Cc1ccc(C(=O)N2CCN(S(=O)(=O)c3cc(Br)ccc3Br)CC2)o1,-25.41,0
M2R-decoy_1122,CCOC(=O)C1CCN(S(=O)(=O)c2c(C)[nH]c(C)c2C(=O)N2CCCC2)CC1,-25.41,0
M2R-decoy_5334.1,CC(C)(C)OC(=O)N1Cc2cccc(CC(=O)Nc3nnc(CCCCc4ccc(NC(=O)Cc5ccccc5)nn4)s3)c2C1,-25.41,0
M2R-decoy_5729,CSCC[C@H]([NH3+])CSSC[C@@H](Cc1ccccc1)C(=O)NCC(=O)OCc1ccccc1,-25.41,0
M2R-decoy_6383,CCCCC(=O)O[C@]1(C(=O)COC(C)=O)[C@@H](O)CC2C3CCC4=CC(=O)CC(CCl)C4(C)C3[C@@H](O)CC21C,-25.41,0
M2R-decoy_8144,CC1(C)C(=O)N(c2ccc(C#N)c(C(F)(F)F)c2)C(=S)N1Cc1ccc(n2cc(COCCCOC(=O)CC34CC5CC(CC(C5)C3)C4)nn2)cc1,-25.41,0
M2R-decoy_1733,CCc1ccc(N(CC(C)C)S(=O)(=O)c2ccc(OCC3CCOCC3)c([S+](C)[O-])c2)cc1,-25.4,0
M2R-decoy_3215,CCCN(CC1CC1)c1cc(C)nc2c(c3ccc(OC)cc3)c(C)nn12,-25.4,0
M2R-decoy_5495,COc1cc(C(=O)N[C@H](c2nc(C(=O)NCc3ccc4c(c3)OCO4)cs2)C(C)C)cc(OC)c1OC,-25.4,0
M2R-decoy_5931,CCN(C)c1nc2ccc(C(=O)N(C)C[C@@H](O)[C@H](Cc3ccccc3)NC(=O)OCc3cncs3)cc2o1,-25.4,0
M2R-decoy_63,Nc1ccc(S(=O)(=O)N(CCOC(=O)CCCc2ccc(N(CCCl)CCCl)cc2)c2ncccn2)cc1,-25.4,0
M2R-decoy_710,CSS[C@H]1C[C@H](n2cc(Br)c(=O)[nH]c2=O)O[C@@H]1CO,-25.4,0
M2R-decoy_8640,COC(=O)c1coc([C@H](Cc2ccccc2)n2cc(CC3CC(CCc4ccccc4)CC(O[Si](C)(C)C(C)(C)C)C3)nn2)n1,-25.4,0
M2R-decoy_10590,O=C1CC(n2nnn(c3ccccc3Cl)c2=S)C2COC1O2,-25.39,0
M2R-decoy_16,O=c1c2ccccc2nc(c2ccco2)n1c1cccnc1,-25.39,0
M2R-decoy_1659,O=C1/C(=C/c2ccccc2Br)COC/C1=C\c1ccccc1Br,-25.39,0
M2R-decoy_7132,COc1ccc(S(=O)(=O)N(C)C[C@H]2OCCCC[C@H](C)Oc3ccc(N(C)C)cc3C(=O)N([C@H](C)CO)C[C@@H]2C)cc1,-25.39,0
M2R-decoy_10996,C#Cc1cccc(N2C(=O)CC(=P(c3ccccc3)(c3ccccc3)c3ccccc3)C2=O)c1,-25.38,0
M2R-decoy_1313,Clc1nc2c(C#Cc3ccccc3)ncnc2n1C1CCCCO1,-25.38,0
M2R-decoy_10229,O=S1(=O)N=C(Oc2ccc(Br)cc2)c2ccccc21,-25.38,0
M2R-decoy_1851,CCC/C=C/c1ccc(CN2C(CC(C)C)C(=O)N(Cc3cn(CCC4OCCCO4)nn3)CCS2(=O)=O)cc1,-25.38,0
M2R-decoy_1574,CCOCCCSc1nc2[nH]cnc2c(=O)[nH]1,-25.38,0
M2R-decoy_3073,COc1cc(OC)c([C@H]2O[C@H](C)[C@@H](c3cc(OC)c(OC)cc3OC)[C@H]2C)cc1OC,-25.38,0
M2R-decoy_3668,O=C(CCCCCNC(=S)NN=C(c1ccccc1)c1ccccc1)NO,-25.38,0
M2R-decoy_3430,CCN(CC)c1ccc(C(=O)CSc2nc(C)cc(C)n2)cc1,-25.38,0
M2R-decoy_5767,C[C@@H](NC(=O)c1cc(COCC([NH3+])(CF)Cc2ccccc2)cc(N(C)S(C)(=O)=O)c1)c1ccc(F)cc1,-25.38,0
M2R-decoy_4944,O=C(CCCC[C@@H]1SC[C@@H]2NC(=O)N[C@H]12)NCCCCCCc1ccnc(SCc2nc3ccccc3s2)n1,-25.38,0
M2R-decoy_10920,COC(=O)c1scc(c2ccc(C)cc2)c1S(=O)(=O)N1CCN(c2ccccc2)CC1,-25.37,0
M2R-decoy_2447,CCOC(=O)C1=C(C)N=C(C)/C(=C(\O)OCC)C1,-25.37,0
M2R-decoy_3754,COc1c(C)c(C)c2c(c1C)CCC(C)(C(=O)OC(C(=O)NC(C)(C)C)c1cccc(OCCCCO[N+](=O)[O-])c1)O2,-25.36,0
M2R-decoy_4366,CCCCc1ncc(/C=C2/C(=O)N(CC)C(=O)N2Cc2csc(C)n2)n1Cc1ccc(C(=O)OC)cc1,-25.36,0
M2R-decoy_4809,CCOc1ccc(NC(=O)Cn2c(=O)n(CCCCC(=O)NCCc3ccc(Cl)cc3)c(=O)c3ccccc32)cc1,-25.36,0
M2R-decoy_6604,C/C1=C\[C@@H](C)C/C=C/[C@H]2[C@H](O)[C@@]3(C)O[C@@]4(Cc5c[nH]c6ccccc56)NC(=O)[C@]2(C(=O)CCC(=O)C1=O)[C@H]4[C@@H]3C,-25.36,0
M2R-decoy_9738,C=C1C([C@@H](C)[C@H]2CC=C(C)C(=O)O2)=CC[C@@]2(C)[C@@H]3C[C@@H](OC(C)=O)[C@@H]4C(=C[C@@]3(O)C[C@@H]12)C=CC(=O)OC4(C)C,-25.36,0
M2R-decoy_9058,CCCCCCCCCCN(C(=O)c1c(F)c(F)c(F)c(F)c1F)[C@H]1CC[C@H]2[C@@H]3CC[C@H]4N(C)C(=O)CC[C@]4(C)[C@H]3CC[C@@]21C,-25.35,0
M2R-decoy_4746,CCCNC(=S)N1CCN(C(=O)[C@H](CCC(=O)OC(C)(C)C)NC(=O)c2cccc(c3ccccc3)n2)CC1,-25.34,0
M2R-decoy_10032,O=C(Nc1ccc(C2S/C(=[NH+]\c3cccc(F)c3)N(Cc3ccc(F)c(F)c3F)C2=O)cc1)[C@@H]1CCCN1C(=O)OCc1ccccc1,-25.33,0
M2R-decoy_1344,Brc1ccc(c2ncncc2Br)s1,-25.33,0
M2R-decoy_276,Nc1nc(O)c2nc(C#Cc3ccccc3)cnc2n1,-25.33,0
M2R-decoy_357,CCc1ncnc(N2CCC(O)CC2)c1C#Cc1ccc(C)nc1,-25.33,0
M2R-decoy_8519,COCC(COC)Oc1cc(Oc2ccc(S(C)(=O)=O)cc2)cc(C(=O)Nc2nccs2)c1,-25.33,0
M2R-decoy_4656,CC(C(=O)NCCCCNc1c2c(nc3ccccc13)CCCC2)c1ccc(c2ccc(OCCCCO[N+](=O)[O-])cc2)c(F)c1,-25.32,0
M2R-decoy_5496,CCOC(=O)[C@]12CCC=C1N(Cc1ccc(Cl)cc1Cl)C(=O)[C@H](CC(=O)NCCCN1CCCC1=O)C2,-25.32,0
M2R-decoy_6216,CS(=O)(=O)N1CCCc2ccc(N(S(=O)(=O)c3ccc4ccccc4c3)S(=O)(=O)c3ccc4ccccc4c3)cc21,-25.32,0
M2R-decoy_7019.2,CC[C@]12CCC[NH+]3C[C@@H](Br)[C@]4(C(=Nc5ccc(Br)cc54)[C@](C(=O)OC)([N+](=O)[O-])C1)[C@@H]32,-25.32,0
M2R-decoy_7926,CO[C@H]1CC/C=C(\C)C(=O)NC2=CC(=O)C(NCCSC)=C(C[C@@H](C)C[C@H](OC)[C@H](O)[C@@H](C)/C=C(\C)[C@@H]1OC(N)=O)C2=O,-25.32,0
M2R-decoy_11348,Cc1nnc(SCCn2c(Br)nc3c2c(=O)n(C)c(=O)n3C)s1,-25.31,0
M2R-decoy_11390,COc1cccc(N2CCN(C(=O)C3CCN(S(=O)(=O)c4cccs4)CC3)CC2)c1,-25.31,0
M2R-decoy_2258,CN(C)c1ccc(c2nc3cc(OCCOCCOCCF)ccc3o2)cc1,-25.31,0
M2R-decoy_5178,COC(=O)c1cccc(Cn2cc(COc3cccc(NC(=O)Cn4sc5ccccc5c4=O)c3)nn2)c1,-25.31,0
M2R-decoy_8249,O=C(CC1CCN(C(=O)CCc2ccc(F)cc2)CC1)N[C@@H](Cc1ccc(OCc2ccccc2)cc1)C(=O)[O-],-25.31,0
M2R-decoy_2759,C=CCSc1nn2c(/C=N/N=c3\sc(C(=O)OCC)c(C)n3c3ccc(O)cc3)c(c3ccccc3)nc2s1,-25.3,0
M2R-decoy_5153,Cc1ccc(S(=O)(=O)N(c2ccc3c(c2)N(S(C)(=O)=O)CCC3)S(=O)(=O)c2ccc(C)cc2)cc1,-25.3,0
M2R-decoy_517,COC(=O)[C@H]1CSC(c2nc3ccc(O)cc3s2)=N1,-25.3,0
M2R-decoy_5355,CSCCC(NC(=O)c1ccc([N+](=O)[O-])cc1Cl)C(=O)OCC(=O)Nc1ccc(OC(F)(F)F)cc1,-25.3,0
M2R-decoy_6865,C=C[C@@]1(C)CC(=O)[C@@H]2[C@]3(C)[C@@H](C[C@@H](O)[C@@]2(O)C1=O)C(C)(C)[C@H](OC(=O)c1ccccc1)[C@H](OC(C)=O)[C@@H]3OC(=O)c1ccccc1,-25.3,0
M2R-decoy_7463,Cc1nnc2n1-c1sc(C#CCn3c(=O)c4ccccc4c4ccccc43)cc1C(C1=CC(=O)CC=C1Cl)=NC2,-25.3,0
M2R-decoy_11040,Cc1nc2c(Br)c(Br)c(Br)c(Br)c2n1CC#N,-25.29,0
M2R-decoy_1488,N#CCCN(Cc1cccs1)S(=O)(=O)c1ccccc1F,-25.29,0
M2R-decoy_4530,O=C(N[C@@H](Cc1ccccc1)C(=O)N[C@@H](Cc1ccccc1)C(=O)CSCCCc1ccccc1)OCc1cccnc1,-25.29,0
M2R-decoy_5170,Cn1cncc1c1c2c(=O)n(CC3CC3)c(=O)n(CC3CC3)c2nn1Cc1ccnc2ccc(Cl)cc12,-25.29,0
M2R-decoy_6048,COc1ccc2[nH]c3c(c2c1)CCN1C(=O)C(CC(=O)NCCc2ccccn2)C[C@H](C(=O)N2CCCCC2)[C@@]31CCc1ccccc1,-25.29,0
M2R-decoy_6740,COc1ccc(C(=O)O[C@H]2c3cc4c(cc3[C@@H](c3cc(OC)c(OC)c(OC)c3)[C@H]3C(=O)OC[C@H]23)OCO4)cn1,-25.29,0
M2R-decoy_4577,CC(C)CCCCCOP(=O)(COCCn1cnc2nc(N)nc(Cl)c21)OCCCCCC(C)C,-25.28,0
M2R-decoy_4936.1,COCC(C)OC(=O)[C@H](C)NP(=O)(OC[C@H]1O[C@@H](n2ccc(=O)[nH]c2=O)[C@](Cl)(Br)[C@@H]1O)Oc1ccccc1,-25.28,0
M2R-decoy_7652,C=C(C)[C@@H]1CC[C@]2(COC3=C(Cl)C(=O)c4ccc(C)nc4C3=O)CC[C@]3(C)[C@H](CC[C@@H]4[C@@]5(C)CC[C@H](OC(C)=O)C(C)(C)[C@@H]5CC[C@]43C)[C@@H]12,-25.28,0
M2R-decoy_7772,NC(=O)N1CCC(C(=O)N2CCC(c3ccc(C(OCc4c(F)cccc4F)(C(F)(F)F)C(F)(F)F)cc3)(S(=O)(=O)c3ccc(F)cc3)C2)CC1,-25.28,0
M2R-decoy_802,O=S(=O)(F)/C=C/c1ccc(Br)cc1,-25.28,0
M2R-decoy_8539,COc1ccc(N(CC(=O)NCCSc2ccccn2)S(=O)(=O)c2ccc(C)cc2)cc1OC,-25.28,0
M2R-decoy_179,COc1cc(/C=C2\SC(=O)N(C)C2=O)c(C)cc1O,-25.27,0
M2R-decoy_359,COc1cc[nH]c1/C=C1\C(=O)Nc2ccc(F)c(C#C[C@@H](C)O)c21,-25.27,0
M2R-decoy_4664,CCCCCN(C(=O)CCC(=O)OCC(=O)c1ccc(C(C)(C)C)cc1)c1c(N)n(CCCC)c(=O)[nH]c1=O,-25.27,0
M2R-decoy_4719,CC(=O)N1CCc2cc(S(=O)(=O)CCC(=O)NCCc3ccc(Cl)cc3)ccc21,-25.27,0
M2R-decoy_4766,Cc1ccc(S(=O)(=O)N2CSC[C@@H]2C(=O)N[C@@H](Cc2ccc(N3CCN(c4ccccc4)CC3)cc2)C(=O)[O-])cc1,-25.27,0
M2R-decoy_5491,CCCCCc1cn([C@@H]2c3cc4c(cc3[C@@H](c3cc(OC)c(OC)c(OC)c3)[C@H]3C(=O)OC[C@H]23)OCO4)nn1,-25.27,0
M2R-decoy_2249,COCCCN(C(=O)c1ccco1)c1nc(c2cc(OC)ccc2OC)cs1,-25.26,0
M2R-decoy_2424,CCN(CC)C(=O)COC(=O)c1ccccc1,-25.26,0
M2R-decoy_2470,CCOC(=O)CSc1nn(C)c(=S)s1,-25.26,0
M2R-decoy_2896,CC(C)(C#N)c1cc(Cn2cncn2)cc(Sc2ccc(OS(N)(=O)=O)c(Cl)c2)c1,-25.26,0
M2R-decoy_395,Cn1nc(C(=O)NN2CCOCC2)c(Cl)c1C(F)(F)F,-25.26,0
M2R-decoy_3313,CCOC(=O)c1sc(SC(C)C)c(C#N)c1Cc1ccccc1,-25.26,0
M2R-decoy_8589,O=C([O-])CCC/C=C\C[C@H]1[C@H](CNS(=O)(=O)c2ccc(Cl)cc2)C2CC1(c1ccc(c3ccccc3)cc1)CO2,-25.26,0
M2R-decoy_9435,O=C(Cc1cnc[nH]1)N[C@@H](COCc1ccccc1)C(=O)Nc1ccc(OC2CCCCC2)cc1,-25.26,0
M2R-decoy_9829,CC(CNC(=O)c1ccccc1)C(=O)OCC(=O)[C@@]12OC(C)(C)O[C@@H]1C[C@H]1[C@@H]3CCC4=CC(=O)C=C[C@]4(C)[C@@]3(F)[C@@H](O)C[C@@]12C,-25.26,0
M2R-decoy_10415,CC(=O)c1c(C)oc2ccc(N(C(C)=O)S(=O)(=O)c3ccc(F)cc3C)cc12,-25.25,0
M2R-decoy_10166,COCc1nc(C(=O)N2CC[NH+](Cc3ccsc3)CC2)cs1,-25.25,0
M2R-decoy_271,CC1CN(C(=O)Nc2ccc3c(c2)OCO3)CC(C)O1,-25.25,0
M2R-decoy_5250,COc1cccc(C2(C(=O)N(C)S(=O)(=O)Oc3c(C(C)C)cccc3C(C)C)CCN(c3ncccn3)CC2)c1,-25.25,0
M2R-decoy_4835,CN(C(=O)CCC(NC(=O)c1cc(Cl)cc(Cl)c1)C(=O)N1CCC2(CCCC2)CC1)[C@@H](Cc1c[nH]c2ccccc12)C(=O)[O-],-25.25,0
M2R-decoy_6784,Cc1c(NS(=O)(=O)c2cc(Br)cc3c2N(C(=O)C2CC2)CC3)c(=O)n(c2ccccc2)n1C,-25.25,0
M2R-decoy_4596,CCCCOC(=O)[C@H](CC)NP(=O)(CO[C@@H]1C=C(F)[C@H](n2cnc3c(N)ncnc32)O1)Oc1ccccc1,-25.24,0
M2R-decoy_4753,Cc1cccc(n2c(CNC(=O)c3ccc(S(=O)(=O)N4CCCCC4)cc3)nnc2SCC(=O)Nc2nccs2)c1,-25.24,0
M2R-decoy_6307,CCOC(=O)[C@H]1[C@H]2COc3ccc(Br)cc3[C@@H]2N2C(=O)CN(Cc3ccc(OC)cc3)C(=O)[C@@]12C,-25.24,0
M2R-decoy_5014,CC(C)C[C@@H](NC(=O)[C@H](C)NC(=O)[C@H](Cc1ccccc1)NC(=O)OC(C)(C)C)[C@H](O)CSc1ccc(Br)cc1,-25.24,0
M2R-decoy_7289,O=C([C@H]1CCN1S(=O)(=O)c1c(F)c(F)c(F)c(F)c1F)N(Cc1ccc(C2CCCCC2)cn1)c1ccc2c(=O)[nH]ccc2c1,-25.24,0
M2R-decoy_7661,CCN(CC)[c+]1sc2c(s1)C(c1ccc(Cl)cc1)Oc1c(I)cc(I)cc1-2,-25.24,0
M2R-decoy_9057,Cc1nccc(c2ccc(C[C@H](NC(=O)[C@@H]3Cc4cc5c(cc4CN3C(=O)c3ccccc3)O[C@@H](c3ccc(OCCC(C)(C)C)cc3)CO5)C(=O)[O-])cc2)c1C,-25.24,0
M2R-decoy_9153,CC(C)CC(NC(=O)OCc1ccccc1)C(=O)NC(CC(C)C)C(=O)NC(C=O)Cc1ccccc1,-25.24,0
M2R-decoy_10863,O=C(Cc1c(Cl)c[n+]([O-])cc1Cl)c1ccc(OC(F)F)c2c1OCC1(CCOCC1)CO2,-25.23,0
M2R-decoy_1154.1,N#Cc1c(O)nc(N2CCc3ccccc3C2)nc1c1ccc(F)cc1,-25.23,0
M2R-decoy_1189,Cc1nc(N2CCOCC2)nc2c1Nc1ccccc1S2,-25.23,0
M2R-decoy_1990.2,COCc1cc(COc2c(C)cccc2c2cccc(N3C[C@@H]4C[C@]4(C(=O)[O-])[C@H]3COC)n2)cc2c1C[NH+](C1CCOC1)CC2,-25.23,0
M2R-decoy_1502,O=S(=O)(/C=C/c1ccccc1)CS(=O)(=O)/C=C/c1ccccc1,-25.23,0
M2R-decoy_6996,Cc1ccccc1C1CCN(S(=O)(=O)CC2(C(=O)NO)CCN(C(=O)OC3COCC3(C)C)CC2)CC1,-25.23,0
M2R-decoy_8656,COc1ccccc1Nc1nc(SCC(=O)NC(=O)Nc2ccccc2)nc(c2cc(OC)c(OC)c(OC)c2)c1C#N,-25.23,0
M2R-decoy_10709,Cc1nnsc1C(=O)N1CCN(c2ccc(C#N)cn2)CC1,-25.22,0
M2R-decoy_11096,CCC(=O)N1CCN(S(=O)(=O)c2ccc(Br)cc2)C(C(=O)NO)C1,-25.22,0
M2R-decoy_1771,COc1c(C)cc(/C(=C/CCc2nnc(C)o2)c2ccc(C#N)cc2)cc1C(=O)SC,-25.22,0
M2R-decoy_3308,CCc1cnc(n2nc(OC(C)C)c(Oc3cc(F)ccc3F)c2C)nc1,-25.22,0
M2R-decoy_625,COC1OC2COC(c3ccccc3)OC2C(O)C1Br,-25.22,0
M2R-decoy_4951,CCCCc1nc(Cl)c(CC(=O)[O-])n1Cc1ccc(NC(=O)[C@H](Cc2ccccc2)n2ccc(C(=O)OCC)c2)cc1,-25.22,0
M2R-decoy_6460,O=S(=O)(Nc1nccs1)c1cc(Cl)c(NC[C@H]2[NH2+]CCC=C2c2ccc(Cl)cc2)cc1F,-25.22,0
M2R-decoy_506,O=S(=O)(c1ccc2ccccc2c1)c1ccc(O)nn1,-25.22,0
M2R-decoy_6522,O=C(Cc1c(Cl)c[n+]([O-])cc1Cl)c1ccc(OC(F)F)c2c1OC1(CCS(=O)(=O)CC1)O2,-25.22,0
M2R-decoy_1459.1,CC(C)=CCOc1cccc(O)c1C(=O)/C=C/c1ccc(O)cc1,-25.21,0
M2R-decoy_3786,COC(=O)C(Nc1cc(NS(=O)(=O)/C=C/c2c(OC)cc(OC)cc2OC)ccc1OC)c1ccc(Br)cc1,-25.21,0
M2R-decoy_3202,COc1cc(/C=C/C(=O)c2c(OC)cc(C)c(Cl)c2C)cc(OC)c1OC,-25.21,0
M2R-decoy_5077,CCOC(=O)[C@H](Cc1ccc(OC)cc1)NP(=O)(OC[C@H]1O[C@@H](n2cc(/C=C/Br)c(=O)[nH]c2=O)C[C@@H]1O)Oc1cccc2ccccc12,-25.21,0
M2R-decoy_8563,C=C1C(=O)[C@@]23[C@@H]([C@@H](O)C[C@@H]1[C@H]2O)[C@]12CCCC(C)(C)[C@H]1C[C@H]3O[C@@H]2OCCn1cc(CCCCCCCCC)nn1,-25.21,0
M2R-decoy_1124,Cc1cccc(Oc2ccc(S(=O)(=O)[C@@H]3CCOC[C@]3(O)C(=O)NO)cc2)c1,-25.2,0
M2R-decoy_11270,Cn1c(=O)n(Cc2ccc(F)cc2)c(=O)c2c1nc1n2CCN1Cc1ccco1,-25.2,0
M2R-decoy_1877,CCN(Cc1ccccc1)c1ccc(C(Cc2cc[n+]([O-])cc2)c2ccc(OC(F)F)c(OC(F)F)c2)cn1,-25.2,0
M2R-decoy_4574.1,CC(NC(=O)OC(C)(C)C)c1cc(CC(=O)Nc2ccc(CCCCc3nnc(NC(=O)Cc4ccccc4)s3)nn2)ccc1F,-25.2,0
M2R-decoy_5199,C[C@H](NC(=O)CN(c1nc(Cl)nc2c1ncn2C1CCCCO1)C1CC1)C(=O)OCc1ccccc1,-25.2,0
M2R-decoy_6245,CC(C)N1C[C@@H]2C[C@](c3cc(F)ccc3F)(S(=O)(=O)c3ccc(Cl)cc3)CC[C@@H]2NS1(=O)=O,-25.2,0
M2R-decoy_6837,COC(C)(C)c1cnc2n1C[C@H](c1cccc(F)c1F)CC[C@H]2NC(=O)N1CCC(n2c(=O)[nH]c3ncccc32)CC1,-25.2,0
M2R-decoy_7332,CO[C@@H]1CCN(c2nc(c3c(C)ccc4[nH]nc(C)c43)nc3c2CN(c2c(Cl)c(C(C)C)nn2C)CC3)[C@H](C)C1,-25.2,0
M2R-decoy_7754,CC1(C(=O)[O-])CCN(C(=O)N2CC[C@](c3ccc(C(OCc4c(F)cccc4F)(C(F)(F)F)C(F)(F)F)cc3)(S(=O)(=O)c3ccc(F)cc3)C2)CC1,-25.2,0
M2R-decoy_9260,COC(=O)[C@@H]1Cc2c([nH]c3ccccc23)[C@@H](c2ccccc2Br)N1C(=O)C(=O)c1c[nH]c2ccc(Br)cc12,-25.2,0
M2R-decoy_11192,Cn1/c(=N\C(=O)CS(=O)(=O)c2ccccc2)sc2cc([N+](=O)[O-])ccc21,-25.19,0
M2R-decoy_11435,Cc1c(C(=O)N2CCCCC2)c(S(=O)(=O)N2CCN(c3ccc(Cl)cc3)CC2)c(C)n1C,-25.19,0
M2R-decoy_1187,CC(C)(C)n1ncc2c(=O)[nH]c(N3CCC4(CCCCC4)C3)nc21,-25.19,0
M2R-decoy_1288,OCc1cc2nc(N3CCSCC3)nc(N3CCOCC3)c2s1,-25.19,0
M2R-decoy_2229,CCCC[C@H](NC(=O)OCC1(COc2ccnc(Cl)n2)CCC1)C(=O)C(=O)N[C@H](C)c1ccccc1,-25.19,0
M2R-decoy_2886,CCC1Oc2ccc(C)cc2N(CC(=O)N(Cc2ccc3c(c2)OCO3)CC2CCCO2)C1=O,-25.19,0
M2R-decoy_4203.1,CC(NC(=O)OC(C)(C)C)c1cccc(CC(=O)Nc2ccc(CCCCc3nnc(NC(=O)Cc4ccccc4)s3)nn2)c1,-25.19,0
M2R-decoy_59,Cc1ccccc1S(=O)(=O)n1c(N)nc2ccccc21,-25.19,0
M2R-decoy_637,CC1CCN(C(=O)C2CCN(S(=O)(=O)c3cccs3)CC2)CC1,-25.19,0
M2R-decoy_7365,C[C@H]1CN([C@H](C)CO)S(=O)(=O)c2ccc(C#Cc3ccccc3F)cc2O[C@H]1CN(C)C(=O)c1ccc2c(c1)OCO2,-25.19,0
M2R-decoy_748,Cc1cc(Sc2ccccc2)c(S(C)(=O)=O)cc1C(=O)[NH+]=C(N)N,-25.19,0
M2R-decoy_7536,C[C@@H]1CC[C@H]2[C@@H](C)[C@@H](CC(CO)C[C@H]3O[C@@H]4O[C@@]5(C)CC[C@H]6[C@H](C)CC[C@@H]([C@H]3C)[C@]64OO5)O[C@@H]3O[C@@]4(C)CC[C@@H]1[C@@]23OO4,-25.19,0
M2R-decoy_3732,CCCCN(C(=O)CCC(=O)Nc1cc(C)on1)C(C(=O)NC(C)(C)C)c1cccc(OC)c1OC,-25.18,0
M2R-decoy_4386.1,CCCc1cc2c(=O)n(CCCSc3nc(c4cc(OC)c(OC)c(OC)c4)c(C#N)c(=O)[nH]3)cnc2s1,-25.18,0
M2R-decoy_3298,CCC(C)n1c(S)nnc1c1cccc(S(=O)(=O)N(CC)CC)c1,-25.18,0
M2R-decoy_9303,CC1(C)OC2=C(C(=O)/C(=N\NC(=O)c3ccncc3)c3ccccc32)[C@H](n2cc(c3ccccc3)nn2)[C@H]1Br,-25.18,0
M2R-decoy_11108,C[C@H](NC1=[NH+]C(=O)C(C)(c2ccc(C(=O)[O-])cc2)S1)c1ccc(F)cc1,-25.17,0
M2R-decoy_1551,CC(=O)NC(C(=O)NCc1ccccc1)c1ncco1,-25.17,0
M2R-decoy_6295,CCOC(=O)c1c(C)[nH]c(C)c1S(=O)(=O)N1CCC(C(=O)N2CCN(c3cccc(C)c3)C(C)C2)CC1,-25.17,0
M2R-decoy_6921,CC(=O)NCCc1cc(S(=O)(=O)c2ccc3c(c2)nc(C(C)(C)C)n3CC2CCOCC2)ccn1,-25.17,0
M2R-decoy_7362,CC1=C(C(=O)OCC2CCN(C(=O)OC(C)(C)C)CC2)C(c2ccc3c(c2)OCCO3)C2=C(CC(C)(C)CC2=O)N1,-25.17,0
M2R-decoy_7592,C=C(C)[C@]12C[C@@H](C)[C@@]34O[C@](Cc5ccccc5)(O[C@@H]1[C@@H]3C=C(COC(=O)Oc1cc(F)c(O)c(OC)c1)C[C@]1(O)C(=O)C(C)=C[C@H]14)O2,-25.17,0
M2R-decoy_8962,CCCC(NC(=O)[C@@H]1CCCN1C(=O)[C@@H](NC(=O)OC(C)(C)C)C(C)C)P(=O)(Oc1ccc(C(C)(C)C)cc1)Oc1ccc(C(C)(C)C)cc1,-25.17,0
M2R-decoy_1254,Cc1cccc(C#C[C@@]2(O)C[C@@H]3CC[C@H](C2)N3S(C)(=O)=O)c1,-25.16,0
M2R-decoy_3691,COC(=O)C(Nc1cc(NS(=O)(=O)/C=C/c2c(OC)cc(OC)cc2OC)ccc1OC)c1ccc(Cl)cc1,-25.16,0
M2R-decoy_4698,CC(C)Cc1nnc(NC(=O)c2cc(S(=O)(=O)N(C)C)ccc2N2CCCC2)s1,-25.16,0
M2R-decoy_3439,CCN(C(=O)C1CCC1)C(c1cccnc1)c1ccc2c(c1)CCO2,-25.16,0
M2R-decoy_875,Cc1ccc(N(C)S(=O)(=O)c2cc3c(cc2C)NC(=O)CO3)cc1,-25.16,0
M2R-decoy_1480,C=CCN1C(=O)[C@]2(CC=C)SS[C@@]1(CC=C)C(=O)N2CC=C,-25.15,0
M2R-decoy_2865,COc1ccc(C)c2sc(N(CCCn3ccnc3)C(=O)Cc3ccccc3)nc12,-25.15,0
M2R-decoy_6993,CCN(CC)c1ncnc2ccc(C#CCNC(=O)c3cc(Cl)nn(Cc4ccc(F)c(F)c4)c3=O)cc12,-25.15,0
M2R-decoy_7455,C[C@@H]1CC[C@H]2[C@@H](C)[C@@H](CC(=O)Oc3ccc4c(c3)C3CN(C(=O)C5CCCCC5)CC(=O)N3CC4)O[C@@H]3O[C@@]4(C)CC[C@@H]1[C@@]23OO4,-25.15,0
M2R-decoy_416,Cn1ncc(Br)c1C(=O)N1CCCC1,-25.14,0
M2R-decoy_7239,Cc1ccc(S(=O)(=O)N2[C@H](c3cccc(Cl)c3)CC(=O)[C@@H]3CN(S(=O)(=O)c4ccccc4C)[C@H](c4ccc(Cl)cc4)C[C@@H]32)cc1,-25.14,0
M2R-decoy_9571,CN(CC(F)(F)F)C(=O)c1ccc(F)c(NS(C)(=O)=O)c1,-25.14,0
M2R-decoy_9707,CC(C)NC(=O)NCC1(COc2cnccn2)C[C@H](O)[C@H](O)C1,-25.14,0
M2R-decoy_10779,O=C(CC1CCCCC1)N1CCN(S(=O)(=O)c2cccc3cnccc23)CC1,-25.13,0
M2R-decoy_2917,COc1ccc(c2nc(c3cccnc3)oc2Sc2nnc(C)s2)c(OC)c1OC,-25.13,0
M2R-decoy_3075,CO/C=C(/C(=O)OC)c1ccccc1COc1ccc2c(c1)oc(=O)cc2c1ccccc1,-25.13,0
M2R-decoy_5379,CC(=O)c1nn(CC(=O)N2[C@H](C(=O)NC[C@H]3CC3(Cl)Cl)C[C@H]3C[C@H]32)c2ccc(OCc3ncccc3F)cc12,-25.13,0
M2R-decoy_5995,COc1cc(/C=C/Cc2ccccc2/C=C/C(=O)NS(=O)(=O)c2cccs2)ccc1OCc1ccccc1,-25.13,0
M2R-decoy_6018,COc1cc([C@@H]2c3cc4c(cc3[C@H](OC(=O)c3ccc(Br)cn3)[C@H]3COC(=O)[C@H]23)OCO4)cc(OC)c1OC,-25.13,0
M2R-decoy_7007,Cn1cc(c2ccc3c(c2)CC[C@]32NC(=O)N(CC(=O)N3Cc4cc(F)ccc4OC[C@H]3C(F)(F)F)C2=O)cn1,-25.13,0
M2R-decoy_9544,CS(=O)(=O)c1ccc(NC(=O)CSC(F)(F)F)cn1,-25.13,0
M2R-decoy_1069,Cc1cc(c2ccc(C)c(S(=O)(=O)Nc3ccc(S(N)(=O)=O)cc3)c2)on1,-25.12,0
M2R-decoy_10907,O=C1[C@H]2CN(S(=O)(=O)c3cccnc3Cl)C[C@H]2CCN1c1ccc(OCC(F)(F)F)cc1,-25.12,0
M2R-decoy_11035,Cc1nc(C(=O)N2[C@@H](C)CCC[C@H]2CNc2nc3ccccc3o2)c(c2ccc(F)cc2)s1,-25.12,0
M2R-decoy_4117,C=CCCCS(=O)(=O)NC(=O)c1cccc(NC(=O)C(NC(=O)OC2CCCC2)c2ccc(Oc3cc(OC)nc(c4ccccc4)n3)c(C=C)c2)c1,-25.12,0
M2R-decoy_6626,C=C[C@@]1(C)CC(=O)[C@]2(O)C3(C)C(C(O)C(OC(=O)CNC(=O)OC(C)(C)C)[C@@]2(C)O1)C(C)(C)CC[C@@H]3O,-25.12,0
M2R-decoy_10055,CC1=C(O)C(=O)C=C2C1=CC=C1[C@@]3(C)CC[C@@]4(C)CC[C@@](C)(C(=O)NCCCOc5no[n+]([O-])c5S(=O)(=O)c5ccccc5)C[C@H]4[C@]3(C)CC[C@@]21C,-25.11,0
M2R-decoy_4220,CO[C@H](CNS(=O)(=O)c1ccc(C(C)=O)cc1)C[C@@H](Cc1ccccc1)C(=O)N[C@@H]1CCc2ccccc21,-25.11,0
M2R-decoy_5656,CCCCCCCN(CCCCCSc1nc(N)cc(O)n1)C(=O)NC(C)C,-25.11,0
M2R-decoy_6083,O=C([O-])[C@@H](Cc1ccccc1)Oc1ccc(CN(Cc2ccc3c(c2)OCO3)c2ccc(F)cc2)cc1,-25.11,0
M2R-decoy_6183,CCS(=O)(=O)c1ccc(Oc2cc(c3c(C)noc3C)ccc2C#N)c(c2cn(C)c(=O)c3cncn32)c1,-25.11,0
M2R-decoy_6465,C=C1CC[C@@H]2[C@](C)(COC(=O)c3cnccn3)[C@H](OC(=O)c3cnccn3)CC[C@@]2(C)[C@@H]1/C=C/C1=CCOC1=O,-25.11,0
M2R-decoy_7135,COc1ccc(C[C@H]2NC(=O)/C=C/C[C@@H]([C@H](C)[C@H]3O[C@@H]3c3ccccc3)OC(=O)[C@H](CC(C)C)OC(=O)CCNC2=O)cc1,-25.11,0
M2R-decoy_7320,O=C([O-])C(=O)N(Cc1cc(C(F)(F)F)cc(C(F)(F)F)c1)c1ccc(N(Cc2ccc(C(F)(F)F)cc2)S(=O)(=O)c2cccc(C(F)(F)F)c2)cc1,-25.11,0
M2R-decoy_8628,COc1ccc2[nH]c3c(c2c1)CCN1C(=O)C(CC(=O)NCCCn2ccnc2)C[C@H](C(=O)N2CCCCC2)[C@@]31CCc1ccccc1,-25.11,0
M2R-decoy_7301,CCCc1cccc(S(=O)(=O)C2(c3ccc(C(F)(C(F)(F)F)C(F)(F)F)cc3)CCN(C(=O)[C@H]3CC[C@H](C(=O)[O-])CC3)C2)c1,-25.1,0
M2R-decoy_6655,O=C(CN1CCC[C@H](NS(=O)(=O)c2ccc3cc(Cl)ccc3c2)C1=O)N1C[C@@H]2C[C@H](C1)c1cccc(=O)n1C2,-25.1,0
M2R-decoy_11300,FC(F)c1nc2ccccc2n1c1nc(N2CCOCC2)nc(N2CC3CCC(C2)O3)n1,-25.09,0
M2R-decoy_1801,NC(=O)C12CC3CC(C1)C(NC(=O)[C@@H]1SCCN1S(=O)(=O)c1ccccc1F)C(C3)C2,-25.09,0
M2R-decoy_2868,COCc1cnc(N2CCC([C@H]3C[C@H]3COCc3ccc(S(C)(=O)=O)cc3F)CC2)nc1,-25.09,0
M2R-decoy_5425,COc1ccc(S(=O)(=O)N(CC(C)C)C[C@@H](O)[C@H](Cc2ccccc2)NC(=O)O[C@H]2COC[C@H]3O[C@@H]4OCC[C@@H]4[C@H]32)cc1,-25.09,0
M2R-decoy_5659,O=C(C[C@@H](CCc1ccccc1)C(=O)N[C@@H](CC1CCCCC1)C(=O)NCCc1ccccc1)NO,-25.09,0
M2R-decoy_5055,CCOC(=O)CNC(=O)C(=O)C(COCc1ccccc1)NC(=O)[C@H](CC1CCCCC1)NC(=O)c1ccc([N+](=O)[O-])s1,-25.09,0
M2R-decoy_11250,O=S(=O)(c1ccc(Cl)cc1)N1Cc2cc(Br)ccc2-n2nncc2C1,-25.08,0
M2R-decoy_2431,Cc1noc(C)c1C[S+]([O-])Cc1ccccn1,-25.08,0
M2R-decoy_6848,C=C1C(=O)[C@@]23[C@@H]([C@@H](O)C[C@@H]1[C@H]2O)[C@]12CCCC(C)(C)[C@H]1C[C@H]3O[C@@H]2OCCc1cn(Cc2ccc(Cl)c(Cl)c2)nn1,-25.08,0
M2R-decoy_2383,CC(C)Cc1nc(CS(=O)(=O)c2ccccc2)no1,-25.07,0
M2R-decoy_1713,C=CCN(C(=O)c1cccc(S(=O)(=O)N2CCCC2)c1)c1nc2c(s1)CCCC2,-25.07,0
M2R-decoy_4069,CCCOC(=O)NS(=O)(=O)c1ccccc1c1ccc(Cn2c(CCC)nc(CC)c2C(=O)OCc2ccccc2c2ccsc2)c(F)c1,-25.07,0
M2R-decoy_11387,N#Cc1ccccc1S(=O)(=O)N1CCN(C(=O)CN2CCCSc3ccccc32)CC1,-25.06,0
M2R-decoy_3839,COc1ccc(S(=O)(=O)N(CC2CCCC2)C[C@@H](O)CN(CCc2ccccc2)C(=O)OC2CCCSC2)cc1,-25.06,0
M2R-decoy_6720,O=C(C1CCCN(S(=O)(=O)c2cccc3nonc23)C1)N1CCN(c2cccc(C(F)(F)F)c2)CC1,-25.06,0
M2R-decoy_11381,CN(c1ccccc1)S(=O)(=O)c1cccc(C(=O)N2CCN(c3ccccn3)CC2)c1,-25.05,0
M2R-decoy_2316,CCOc1ccc(OCCSc2nnnn2C2CCCCC2)cc1,-25.05,0
M2R-decoy_264,O=C1C(=C2C=NC3=C(CCC=C3)N2)C(=O)c2ccccc21,-25.05,0
M2R-decoy_3695,CS(=O)(=O)Nc1ccc(CCN(CCOc2ccc(NS(C)(=O)=O)cc2)C(=O)c2ccccc2)cc1,-25.05,0
M2R-decoy_4444,CCOC(=O)c1cnnn1CCOCC1=NC(C)=C(C(=O)OC)C(c2ccccc2Cl)/C1=C(\O)OCC,-25.05,0
M2R-decoy_344,CC1=CC=CC2(C)CN(C)N(C(=S)N(C)c3ccccc3)N=C12,-25.05,0
M2R-decoy_8272,CCc1cc(CCC(=O)c2sc(OC)c3c2CCC(C)(C)C3)cc(C)c1OCC(O)CNC(=O)CO,-25.05,0
M2R-decoy_9249,N#CCC(=O)N1CCC(CC(=O)N2CCC([C@H]3c4ncc(Br)cc4CCc4cc(Cl)cc(Br)c43)CC2)CC1,-25.05,0
M2R-decoy_9558,C=CCNC(=S)NNC(=O)C(C)(C)Oc1cccc(C)c1,-25.05,0
M2R-decoy_1188,Brc1n[nH]c2c(I)cccc12,-25.04,0
M2R-decoy_10348,CCOC1(c2ccc(Br)cc2)SC=C(C)n2c1noc2=O,-25.04,0
M2R-decoy_2986,CCc1ccc(n2c(=O)c3cccnc3n2CC(=O)N(CC)c2cccc(C)c2)cc1,-25.04,0
M2R-decoy_6654,CC1(C)[C@@H]2CC[C@@]1(CS(=O)(=O)N1CCC3(C=Cc4ccccc43)CC1)[C@@](O)(CCNC(=O)C1=CCC(=O)N=C1)C2,-25.04,0
M2R-decoy_6747,CCS(=O)(=O)c1ccc(C(NC(C)=O)C(=O)Nc2ccc(C(O)(C(F)(F)F)C(F)(F)F)cc2)cc1,-25.04,0
M2R-decoy_8939,COc1cccc2cc(C(=O)N[C@@H](CC(C)C)C(=O)N[C@H](/C=N/N(C)C(=O)OC(C)(C)C)CC(=O)OC(C)(C)C)oc12,-25.04,0
M2R-decoy_9659,NC(=O)c1[nH]cnc1N=NN(CCO)Cc1ccccc1,-25.04,0
M2R-decoy_2429,CCOC(=O)Cc1nc(C)oc1c1ccco1,-25.03,0
M2R-decoy_6144,Cc1ccc(S(=O)(=O)N2CCSCCSCCSCCN(S(=O)(=O)c3ccc(C)cc3)CC2)cc1,-25.03,0
M2R-decoy_10433,Cc1occc1Sc1ncnc2scc(c3cccc(S(C)(=O)=O)c3)c12,-25.02,0
M2R-decoy_1853,Cc1cccc2c1S(=O)(=O)C[C@H]1[C@@H]2O[C@H](COCc2ccccc2)[C@@H](OCc2ccccc2)[C@@H]1OCc1ccccc1,-25.02,0
M2R-decoy_448,CCOC(=O)N1CCN(C(=S)SC(=S)N(C)C)CC1,-25.02,0
M2R-decoy_7459,CO[C@@]1(C)CO[C@]2(C=C([C@@H]3CC[C@]45C[C@]34CC[C@@H]3[C@H]4CC=C6C[C@@H](c7ccccc7)OC[C@]6(C)[C@@H]4C[C@@H](O)[C@]35C)C(=O)O2)C1,-25.02,0
M2R-decoy_7009,COc1ccc2c3c1O[C@H]1[C@H](N(C)C(=O)/C=C/c4ccoc4)CC[C@@]4(O)[C@@H](C2)N(S(=O)(=O)C2CC2)CC[C@]314,-25.01,0
M2R-decoy_8636,COP(=O)(OCCC[C@H]1O[C@@H]2O[C@@]3(C)CC[C@H]4[C@H](C)CC[C@@H]([C@H]1C)[C@]42OO3)OCCC[C@H]1O[C@@H]2O[C@@]3(C)CC[C@H]4[C@H](C)CC[C@@H]([C@H]1C)[C@]42OO3,-25.01,0
M2R-decoy_4019,CC1=C(CC(=O)OCCOCCOc2no[n+]([O-])c2S(=O)(=O)c2ccccc2)c2cc(F)ccc2/C1=C\c1ccc([S+](C)[O-])cc1,-25.0,0
M2R-decoy_6630,COc1ccc(C2c3sc(Nc4ccc(S(N)(=O)=O)cc4)nc3Oc3nc(C)[nH]c(=O)c32)cc1OC,-25.0,0
M2R-decoy_771.1,COc1cccc(c2nc(N)nc(O)c2I)c1,-25.0,0
M2R-decoy_8597,C[C@]12CC[C@H]3[C@H]([C@@H]1CC[C@@H]2O)[C@H](C/C=C/COC(=O)CCCc1ccc(N(CCCl)CCCl)cc1)CC1=CC(=O)CC[C@@]13C,-25.0,0
M2R-decoy_10452,CSc1nc(=O)c2sc(N3CCOCC3)nc2n1Cc1cccc(Cl)c1C,-24.99,0
M2R-decoy_5376,COc1cc(C(=O)c2nc(C(=O)c3cc(OC)c(OC)c(OC)c3)c3sccc3n2)cc(OC)c1OC,-24.99,0
M2R-decoy_6152,O=C(c1ccc2cc(Oc3ccc(C(F)(F)F)cn3)ccc2n1)N1CCN(S(=O)(=O)C2CCS(=O)(=O)C2)CC1,-24.99,0
M2R-decoy_6362,C[C@@H](CO)N1C[C@@H](C)[C@@H](CN(C)S(=O)(=O)c2ccc(F)cc2)Oc2cc(C3=CCCCC3)ccc2S1(=O)=O,-24.99,0
M2R-decoy_6737,C[S+]([O-])CCC([NH3+])C(=O)N[C@H]1C[C@H]2CC[C@]1(CS(=O)(=O)N1CCC3(CCc4ccccc43)CC1)C2(C)C,-24.99,0
M2R-decoy_11116.1,Cc1ccc(S(=O)(=O)Oc2ccccc2C=C2C(=O)NC(=O)NC2=O)cc1,-24.98,0
M2R-decoy_4376,CCN(CC)C(=O)CN(c1cc(N(C)C)ccc1OC)S(=O)(=O)c1ccc(OC)c(OC)c1,-24.98,0
M2R-decoy_3288,CCOc1nn(CC)c(C(F)(F)F)c1Cc1ccc(SC)cc1,-24.98,0
M2R-decoy_5002,COCCN(C)C(=O)c1ccc(c2ccc3nc(C(C(=O)NCCS(N)(=O)=O)S(=O)(=O)CCC(F)(F)F)sc3c2)cc1,-24.98,0
M2R-decoy_8136,COc1ccc(COCCN2C[C@@H](C)[C@H](CN(C)S(=O)(=O)c3ccc(F)cc3)OCCCC[C@H](C)Oc3ccc(NC(=O)Nc4ccccc4)cc3C2=O)cc1,-24.98,0
M2R-decoy_9714,N#Cc1ccc([C@@H]2C3=C(CCC3=O)N(c3cccc(C(F)(F)F)c3)C(=O)N2C(=O)NC2CS(=O)(=O)C2)cc1,-24.98,0
M2R-decoy_8470,O=C([O-])CCCCC[C@H]1[C@H](CNS(=O)(=O)c2ccc(Cl)cc2)C2CC1(c1ccc(c3ccccc3)cc1)CO2,-24.98,0
M2R-decoy_2840,O=C1/C(=C/c2ccc(OCCn3ccnc3)cc2)CC/C1=C\c1ccc(OCCn2ccnc2)cc1,-24.97,0
M2R-decoy_1430,CCCCOC(Cn1cncn1)c1ccc(F)cc1F,-24.97,0
M2R-decoy_319,CN1/C(=C(/C#N)c2ccnc(Cl)n2)Sc2ccccc21,-24.97,0
M2R-decoy_5356,COc1ccc(CN(C(=O)CSc2nc3ccccc3s2)c2cc(OC)c(OC)c(OC)c2)cc1[N+](=O)[O-],-24.97,0
M2R-decoy_586,COc1c(O)cc(O)c2c1OC/C(=C\c1ccc(O)cc1)C2=O,-24.97,0
M2R-decoy_6376,C[C@H]1O[C@@H](OC2CC[C@]3(C=O)[C@H]4CC[C@]5(C)[C@@H](C6=CC(=O)OC6)CC[C@]5(O)[C@@H]4CC[C@]3(O)C2)CC2OC(C)(C)OC21,-24.97,0
M2R-decoy_823,O=c1ssc2c1Nc1c(ssc1=O)S2,-24.97,0
M2R-decoy_3635,CCCCCCCCOC[C@H]1O[C@@H]2OC(C)(C)O[C@@H]2[C@H]2OCO[C@H]21,-24.96,0
M2R-decoy_6898,COC(=O)[C@H]1CC[C@]2(O)[C@@H]3CC[C@@H]4C[C@@H](OC(C)=O)CC[C@]4(C)[C@H]3[C@H](OC(C)=O)[C@@H](OC(C)=O)[C@]12C,-24.96,0
M2R-decoy_9658,C/C(=N/NC(=O)Cc1c(C)n[nH]c1O)c1ccc(O)cc1,-24.96,0
M2R-decoy_2878,O=CN(O)C[C@@H](CC1CCCC1)C(=O)N1CCCCN1C(=O)Nc1ccc(F)cc1,-24.95,0
M2R-decoy_4414,CCCN(CCC)c1ccc(/C=C2\Cc3cc(OC)c(OCC[NH+]4CCCCC4)cc3C2=O)cc1,-24.95,0
M2R-decoy_7099.1,C[C@H]1CN([C@H](C)CO)C(=O)c2cccc(NS(=O)(=O)c3ccc(F)cc3)c2O[C@@H]1CN(C)S(=O)(=O)c1cccs1,-24.95,0
M2R-decoy_11071,C[C@@]1(Cc2ccc(Br)cc2)C(=O)N(c2cc(Cl)cc(Cl)c2)c2ncc(S(C)(=O)=O)n21,-24.94,0
M2R-decoy_2155,CCOC(=O)[C@H](Cc1ccc(OC(=O)c2ccncc2)cc1)NC(=O)C1(NC(=O)[C@H](SC(C)=O)C(C)C)CCCC1,-24.94,0
M2R-decoy_2973,CCOc1ccc(Cc2nc3cc(C(=O)N(CC)CC)ccc3n2Cc2ccco2)cc1,-24.94,0
M2R-decoy_5214,CC(=O)c1ccc(N(C(=O)Cn2nnc3ccccc32)C(C(=O)NC2CCCCC2)c2cn(C)nc2C)cc1,-24.94,0
M2R-decoy_5375,COc1ccc(Cl)cc1NC(=O)c1nc(S(C)(=O)=O)ncc1N(Cc1ccc(C)cc1)Cc1ccco1,-24.94,0
M2R-decoy_5398,Cn1cncc1CN(CCN(Cc1ccccc1)S(=O)(=O)c1cccc2cccnc12)c1ccc(C#N)cc1,-24.94,0
M2R-decoy_7104,CCO/C=C/C(=O)O[C@H]1C=CC(=O)[C@]2(C)[C@H]3CC[C@]4(C)C([C@H](C)[C@H]5CC(C)=C(C)C(=O)O5)=C[C@H](OC(C)=O)[C@@]4(O)[C@@H]3C[C@H]3O[C@]132,-24.94,0
M2R-decoy_9865,CC(C)(C)c1ccc(CN(C(=O)[C@H]2CCN2S(=O)(=O)c2c(F)c(F)c(F)c(F)c2F)c2ccc(C(=O)[O-])cc2F)cc1,-24.94,0
M2R-decoy_2455,O=S(=O)(CCC(F)=C(F)F)c1ccccn1,-24.93,0
M2R-decoy_394,CC(C)(C)C(=O)Oc1ccc2cc(S(N)(=O)=O)sc2c1,-24.93,0
M2R-decoy_414,Fc1cccc(F)c1C#Cc1ccc2[nH]ncc2c1,-24.93,0
M2R-decoy_4527,CC(C)(C)OC(=O)NCc1ccc(CC(=O)Nc2nnc(CCCCc3ccc(NC(=O)Cc4ccccc4)nn3)s2)cc1,-24.93,0
M2R-decoy_5439,CCC(CC)(Cc1nc2c(F)cc(OCc3ccc(C)cn3)cc2n1Cc1ccc(Br)cc1)C(=O)[O-],-24.93,0
M2R-decoy_6283,COC[C@H]1OC(=O)/C(=C\N(C)c2ccncc2)C2=C(O)C(=O)C3=C([C@H](OC(C)=O)C[C@]4(C)C(=O)CC[C@@H]34)[C@]21C,-24.93,0
M2R-decoy_9050,COC(=O)CC[C@H]1NC(=O)c2cc(Oc3cc(Cl)c(Cl)c(N(C)C)c3Cl)c(NC(=O)COCc3ccccc3)cc2NC1=O,-24.93,0
M2R-decoy_10489,O=S(=O)(c1ccc(F)cc1F)N1CCC2(CC1)OCCc1ccsc12,-24.92,0
M2R-decoy_11114,O=C(OC1CCOC1=O)c1cc(S(=O)(=O)N2CCOCC2)c(Cl)cc1Cl,-24.92,0
M2R-decoy_3471,O=C(CC12CC3CC(CC(C3)C1)C2)NCCCOCCOCCCNc1cccc2c1C(=O)N(C1CCC(=O)NC1=O)C2=O,-24.92,0
M2R-decoy_4064,CC(C)CN(C[C@@H](O)[C@H](Cc1ccccc1)NC(=O)OCc1cncs1)C(=O)c1ccc2nc(NCCCn3ccnc3)oc2c1,-24.92,0
M2R-decoy_7188,CC(C)C[C@@H]1OC(=O)C(C)(C)CNC(=O)[C@@H](CCc2ccccc2)NC(=O)/C=C/C[C@@H]([C@H](C)[C@H]2O[C@@H]2c2ccccc2)OC1=O,-24.92,0
M2R-decoy_9016,CC(C(=O)NCc1ccc(C(F)(F)F)nc1N(Cc1ccccc1)S(=O)(=O)c1ccccc1)c1ccc(NS(C)(=O)=O)c(F)c1,-24.92,0
M2R-decoy_10663,Cn1c(=O)c2c(nc3n2CCN3C2CCCCCCC2)n(C)c1=O,-24.91,0
M2R-decoy_1448,CCOC(=O)CCCSc1nc(C)cc(C)c1C#N,-24.91,0
M2R-decoy_811,C1=Nc2c(ncnc2N2CCOCC2)Oc2ccccc21,-24.91,0
M2R-decoy_453,Fc1cccc(F)c1C#Cc1ccc2cn[nH]c2c1,-24.9,0
M2R-decoy_5880,Cc1cc(C)c(Oc2ccc(=O)n(Nc3ccc(Cl)cc3)n2)c(C)c1,-24.9,0
M2R-decoy_6434,Cc1ccc2c(Cn3cc(CSC(=S)N4CCN(C(=O)OC(C)(C)C)CC4)nn3)cc(=O)oc2c1,-24.9,0
M2R-decoy_7656,C=C(C)C12OC3(c4ccccc4)OC1[C@@H]1[C@@H]4O[C@@]45COC(C)(C)O[C@H]5[C@]4(O)C(=O)C=C[C@@]4(C)C1(O3)[C@H](C)[C@H]2OC(=O)/C=C/C=C/C=C/CCC,-24.9,0
M2R-decoy_9553,Cc1ccc(S(=O)(=O)NCC(C)C#N)cc1Br,-24.9,0
M2R-decoy_8396,CCN(CC)C(=O)CC[C@H](NC(=O)[C@@H](NC(=O)OCc1ccccc1)C(C)C)C(=O)c1nc2ccccc2s1,-24.9,0
M2R-decoy_1995,CCn1c(CCCc2ccc(OC(C)(C)C(=O)NS(=O)(=O)C3=CCOC=C3)cc2)nn(Cc2ccc(C(C)(C)C)cc2)c1=O,-24.89,0
M2R-decoy_2161,C=CCO[C@@H]1[C@H](OC(=O)CCC)[C@H](Oc2ccc(I)cc2)O[C@@H](COCc2ccccc2)[C@H]1O,-24.89,0
M2R-decoy_3089,CCOC(=O)C(Cc1ccc(OCCN(C)c2nc3ccccc3o2)cc1)C(=O)c1ccccc1,-24.89,0
M2R-decoy_1707,Cc1nnc([C@]23CCCC(C)(C)[C@@H]2CC(=O)C2=C3C(=O)C(=O)C(C(C)C)=C2)o1,-24.89,0
M2R-decoy_3948,O=C1NC[C@@H](CCCCN2C[C@H](Cc3ccc(O)cc3)N(CCC3CCCCC3)C(=O)C2=O)N(CC2CCCCC2)C1=O,-24.89,0
M2R-decoy_4408,COc1ccc(OC)c(N(CC(=O)NCc2ccccc2)S(=O)(=O)c2ccc(OC)c(OC)c2)c1,-24.89,0
M2R-decoy_4678,CN(C)C(=O)CSc1nnc([C@H](Cc2ccccc2)NC(=O)OC(C)(C)C)o1,-24.89,0
M2R-decoy_556,Cc1noc(C)c1C(=O)N1CCN(c2ncccn2)CC1,-24.89,0
M2R-decoy_5601,O=C(CCCCCCOc1ccc(NC(=O)CCc2c[nH]c3ccccc23)cc1)NO,-24.89,0
M2R-decoy_5235,C[C@H](CCCN1CCCS1(=O)=O)N(c1cc(Cl)ccc1CO)S(=O)(=O)c1ccc(Cl)cc1,-24.88,0
M2R-decoy_6403,CC(C)CC#Cc1ccc2c(c1)O[C@@H](CN(C)S(=O)(=O)c1cccc(F)c1)[C@@H](C)CN([C@@H](C)CO)S2(=O)=O,-24.88,0
M2R-decoy_6819,CO[C@H]1[C@H](O)[C@@H](C)O[C@@H](N(OC)[C@H]2CC[C@]3(C)[C@H]4C[C@@H](O)[C@]5(C)[C@@H](C6=CC(=O)OC6)CC[C@]5(O)[C@@H]4CC[C@@H]3C2)[C@@H]1OC,-24.88,0
M2R-decoy_776,O=C1C=CC2=C3c4cc(O)c(O)cc4C[C@@]3(O)COC2=C1O,-24.88,0
M2R-decoy_10391,Cc1ccc(C)c(S(=O)(=O)N2CCN(C(=O)c3ccc(C)s3)CC2)c1,-24.87,0
M2R-decoy_1139,O=c1c2ccccc2nc2sc(Nc3ccc(F)cc3)nn12,-24.87,0
M2R-decoy_1831,CCCCC(OC(C)=O)c1ccccc1C(=O)Oc1ccc(/C=C/C(=O)NCC(C)O[N+](=O)[O-])cc1OC,-24.87,0
M2R-decoy_4747,COC(=O)/C=C/CNC(=O)CN1C(=O)[C@@H](COC(=O)NC23CC4CC(CC(C4)C2)C3)N=C(c2ccccc2)c2ccccc21,-24.87,0
M2R-decoy_6198,CCOC(=O)C1=C(C)N(c2cccc(C(F)(F)F)c2)C(=O)N(C)C1c1ccc(C#N)cc1C(=O)NCC(C)(C)C#N,-24.87,0
M2R-decoy_7110,CSc1ccccc1c1ccc(C[C@H](NC(=O)[C@]2(C)CCCN2S(=O)(=O)c2cc(Cl)cc(Cl)c2)C(=O)[O-])cc1,-24.87,0
M2R-decoy_10594,Cc1cccc(S(=O)(=O)N2CC=C(C#Cc3ccccn3)CC2)c1,-24.86,0
M2R-decoy_2771,CCCC[C@H](NC(=O)O[C@H](Cc1nnc(c2ccccc2)o1)C(C)(C)CC)C(=O)C(=O)N[C@H](C)c1ccccc1,-24.86,0
M2R-decoy_3494,CC(C)C(NC(=O)N(C)Cc1ccccn1)C(=O)N[C@@H](Cc1ccccc1)C[C@H](O)[C@H](Cc1ccccc1)NC(=O)OCc1cccnc1,-24.86,0
M2R-decoy_5557,COc1cccc(CCc2nnc(CCC(=O)NCCc3cccc(C)n3)o2)c1,-24.86,0
M2R-decoy_6427,CC(C)(C)OC(=O)N[C@@H](Cc1c[nH]c2ccccc12)C(=O)N[C@@H]1CCCN2C(=O)N(Cc3ccccc3)CC[C@@H]12,-24.86,0
M2R-decoy_4831,COc1cccc(c2ccc(CN3C(C(C)C)C(=O)N(Cc4cn(CCC5OCCO5)nn4)CCS3(=O)=O)cc2)c1OC,-24.86,0
M2R-decoy_1670,Cc1ccc(C2=NOC3=c4ccccc4=CSC3=C2c2ccc(C)cc2)cc1,-24.85,0
M2R-decoy_4965,COc1ccnc(C(=O)N[C@H]2COC(=O)[C@H](Cc3ccccc3)[C@@H](OC(=O)C(C)C)[C@H](C)OC2=O)c1OC(=O)CCCCCC(=O)Oc1ccccc1,-24.85,0
M2R-decoy_7543,C/C(=N/NC(N)=S)c1sc2nc3nc4c(c(c5ccc(Cl)cc5)c3c(=O)n2c1C)CCC/C4=C/c1ccc(Cl)cc1,-24.85,0
M2R-decoy_837,O=C(NC1CN(C(=O)c2cccc(Br)c2F)C1)C1CC1,-24.85,0
M2R-decoy_68,CCCC[N+]1(CCCCCCCCCCCC[N+]2(CCCC)CCCC2)CCCC1,-24.85,0
M2R-decoy_10366,CO[C@H]1C(=O)N(SC)[C@H]1c1ccc(I)cc1,-24.84,0
M2R-decoy_10851,Cc1cc(C)cc(N(Cc2ccccc2F)S(=O)(=O)c2cccn3c(C)nnc23)c1,-24.84,0
M2R-decoy_2433,COc1cc(OC)c(/C=C/C(C)=O)c(OC)c1,-24.84,0
M2R-decoy_3080,CCOc1ccc(n2c(SCc3ccc(C#N)cc3)nnc2c2cccnc2)cc1,-24.84,0
M2R-decoy_4026,CCOC(=O)CCCCCOc1cccc(CN(C(=O)c2ccc(c3cc(F)cc(OC)c3)cc2)C(C)C)c1,-24.84,0
M2R-decoy_5161,CC1=C(C(=O)N2CCOCC2)CC(CC(=O)NCC2CCCCC2)C(=O)N1CCCN1CCCC1=O,-24.84,0
M2R-decoy_6132,CCS(=O)(=O)CCO[C@]12CCCC[C@@]1(S(=O)(=O)c1ccc(Cl)cc1)c1c(F)ccc(F)c1OC2,-24.84,0
M2R-decoy_11322,CN(Cc1cccc(C#N)c1)C(=O)n1cnc(S(=O)(=O)[C@@H]2C[C@H]3CC[C@@H]2C3)n1,-24.83,0
M2R-decoy_821,CC(C)(C)n1nnc(c2coc3ccccc3c2=O)n1,-24.83,0
M2R-decoy_9660,CCCCNC(=O)C1CCN(c2nc(OC)nc(OC)n2)CC1,-24.83,0
M2R-decoy_10368,N#CCCN1CCN(C(=O)c2cccc(C(F)(F)F)c2Cl)CC1=O,-24.82,0
M2R-decoy_2001,CCOC(=O)C(C)(C)NP(=O)(NC(C)(C)C(=O)OCC)c1ccc(c2nc(N)sc2c2ccccc2)o1,-24.82,0
M2R-decoy_2191,C/C(=N\NC(=O)CCCc1ccc(N(CCCl)CCCl)cc1)c1cccc(N2C(=O)C=CC2=O)c1,-24.82,0
M2R-decoy_2478,CC(=O)O[C@H]1C=CC(=O)O[C@H]1[C@H]1O[C@@H]1c1ccccc1,-24.82,0
M2R-decoy_4405,CCC1(CC)OC[C@H](C(CS(=O)(=O)c2ccc(Oc3ccc(OC(F)(F)F)cc3)cc2)N(O)C=O)O1,-24.82,0
M2R-decoy_557,Nc1nc(F)nc2c1ncn2[C@@H]1S[C@H](CO)C=C1F,-24.82,0
M2R-decoy_5763.1,CC(C)OC(=O)C(C)NP(=O)(CO[C@H](C)Cn1cnc2c(N)ncnc21)Oc1ccccc1,-24.82,0
M2R-decoy_5857,O=C(CCl)Nc1cc(S(=O)(=O)N2CCCCCC2)ccc1Cl,-24.82,0
M2R-decoy_6160,O=S(=O)(CC[C@@H]1OCC[C@@]2(S(=O)(=O)c3ccc(Cl)cc3)c3c(F)ccc(F)c3OC[C@@H]12)C1CC1,-24.82,0
M2R-decoy_6333,Cc1ccc(N2C(=O)/C(=C\c3ccc(N(C)C)cc3)C(=O)N(/N=C/c3cc4ccccc4n4nnnc34)C2=S)cc1,-24.81,0
M2R-decoy_6894,CC1C=CC=C1C(=O)N1CCN(C(=O)NC2CCN(c3ccc(C(=O)N4CCCCC4)cc3)CC2)CC1,-24.81,0
M2R-decoy_8293,CC[NH+](CC)CCOc1ccc2nc(SCc3cc(C(C)=O)ccc3OC)n(Cc3ccco3)c(=O)c2c1,-24.81,0
M2R-decoy_9461,CCCOc1ccc(C(=O)CCC(=O)OC(C)C(=O)Nc2ccc(NC(C)=O)cc2)cc1,-24.81,0
M2R-decoy_2507,C#CCCC(=O)O/N=C(\C)c1nccs1,-24.8,0
M2R-decoy_5359,CCS(=O)(=O)c1ccc([C@H](NC(C)=O)C(=O)Nc2cc(c3cccnc3OCc3ccc(OC(F)(F)F)cc3)cs2)cc1,-24.79,0
M2R-decoy_10408,Cc1ccc(C)c(N2CCN(c3ccc4cc(S(=O)(=O)N5CCCCC5)ccc4n3)CC2)c1,-24.78,0
M2R-decoy_10125,COc1ccc(/C=c2\s/c(=C\C(=O)C(C)(C)C)[nH]c2=O)cc1O,-24.78,0
M2R-decoy_2396,CC(C)(C)SCCNS(=O)(=O)c1ccc(F)cc1,-24.78,0
M2R-decoy_4144,CC(C)C(COc1ccc(C[C@H](Nc2ccccc2C(=O)c2ccccc2)C(=O)[O-])cc1)c1ccccc1,-24.78,0
M2R-decoy_4465,COCO[C@H](c1ccccc1)[C@@H](Cn1cc([Si](C)(C)C)nn1)c1ccccc1,-24.78,0
M2R-decoy_5437,C=C1[C@@H](OC(C)=O)C[C@H]2[C@@](C)(CC[C@@H](OC(C)=O)[C@@]2(C)COC=O)[C@@H]1C[C@@H](Nc1ccc(Br)cc1)C1=CCOC1=O,-24.78,0
M2R-decoy_6961,O=S(=O)(NC[C@@H]1CCC[C@@]2(S(=O)(=O)c3ccc(Cl)cc3)c3c(F)ccc(F)c3OC[C@@H]12)N1CCCC1,-24.78,0
M2R-decoy_7891,CCC(C)[C@H]1O[C@]2(CC[C@@H]1C)C[C@@H]1C[C@@H](C/C=C(\C)[C@@H](OC(=O)Cc3ccccc3)[C@@H](C)/C=C/C=C3\CO[C@@H]4[C@H](O)C(C)=C[C@@H](C(=O)O1)[C@]34O)O2,-24.78,0
M2R-decoy_9846,CS(=O)(=O)Nc1ccc2oc3c(OC(F)F)ccc(c4nc(C(=O)Nc5c(Cl)cncc5Cl)cs4)c3c2c1,-24.78,0
M2R-decoy_9851,CN(Cc1cccc2ncccc12)c1ncnc2ccc(C#CCNC(=O)c3cccn(Cc4ccc(F)c(F)c4)c3=O)cc12,-24.78,0
M2R-decoy_6154,CCOC(=O)c1c(S(=O)(=O)N2CCC(C(=O)N3CCN(c4cc(C)ccc4C)CC3)CC2)c(C)n(C)c1C,-24.77,0
M2R-decoy_6444,CC(C)c1cccc2c1C(=O)N(COc1ccc(S(=O)(=O)N3CCOCC3)cc1Cl)S2(=O)=O,-24.77,0
M2R-decoy_6608,C[C@]12CC[C@H](O[C@H]3C[C@H](O)[C@H](O)[C@H](CO)O3)C[C@@H]1CC[C@@H]1[C@@H]2CC[C@]2(C)[C@@H](C3=CC(=O)OC3)CC[C@@]12O,-24.77,0
M2R-decoy_7501,COC(=O)CCC(C)C1CC[C@H]2[C@H]3[C@H](C[C@H](OC(C)=O)[C@]12C)[C@@]1(C)CCC2(C[C@H]1C[C@H]3OC(C)=O)OOC1(OO2)C(C)CCCC1C,-24.77,0
M2R-decoy_10120.1,Cc1nc(C)c(C(c2ccccc2Cl)[NH+]2CC[NH+](C)CC2)s1,-24.76,0
M2R-decoy_1107,Cc1ccc(S(=O)(=O)c2nnn(CC(=O)Nc3ccccc3C)c2N)cc1C,-24.76,0
M2R-decoy_11313,COc1cccc(S(=O)(=O)c2nnn3c2nc(N2CCOCC2)c2sccc23)c1,-24.76,0
M2R-decoy_2526.1,C[C@@H](CO)N1C[C@@H](C)[C@@H](C[NH+](C)Cc2ccccc2C(=O)[O-])Oc2cc(c3ccccc3)ccc2S1(=O)=O,-24.76,0
M2R-decoy_4404.1,CC#C[C@@H](CC(=O)[O-])c1ccc(OCc2cccc(C[NH+](CCOC)Cc3ccsc3)c2)cc1,-24.76,0
M2R-decoy_5432,Cc1ccc(c2ccc(CN3C(CC(C)C)C(=O)N(Cc4cn(CCC5OCCCO5)nn4)CCS3(=O)=O)cc2)cc1,-24.76,0
M2R-decoy_7234,CCO/C(C[C@]1(O)CC[C@H]2[C@@H]3CCc4cc(OS(=O)(=O)c5ccc(C)cc5)ccc4[C@H]3CC[C@@]21C)=N/S(=O)(=O)c1ccc(C)cc1,-24.76,0
M2R-decoy_8073,Cc1ccc(S(=O)(=O)Nc2ccc3c(c2)C(=O)N([C@@H](C)CO)C[C@@H](C)[C@H](CN(C)S(=O)(=O)c2ccc(Cl)cc2)OCCCC[C@@H](C)O3)cc1,-24.76,0
M2R-decoy_252,O=c1cc2n(cc1O)CCN(S(=O)(=O)c1ccccc1)C2,-24.75,0
M2R-decoy_3096,COc1cc(C(=O)c2nc(Oc3ccccc3)nc3ccsc23)cc(OC)c1OC,-24.75,0
M2R-decoy_3192,O=C(COc1ccccc1)N(C(=S)OCCOc1ccccc1)c1ccccc1,-24.75,0
M2R-decoy_4528,CCCCCN(C(=O)COC(=O)COc1c(C)cc(C)cc1C)c1c(N)n(CCCC)c(=O)[nH]c1=O,-24.75,0
M2R-decoy_4655,COC[C@H](NC(=O)[C@H](COCc1ccccc1)NS(=O)(=O)c1ccc(C)cc1)C(=O)N[C@@H](CC(C)C)C(=O)c1nnc(c2ccccc2)o1,-24.75,0
M2R-decoy_4738,COc1cc(OC)cc(N(Cc2nccn2S(=O)(=O)N(C)C)c2ccc3ncc(c4cnn(C)c4)nc3c2)c1,-24.75,0
M2R-decoy_672,Cc1cc([C@](C)(O)C#Cc2ccc3c(c2)-n2nc(C(N)=O)cc2C(F)(F)CO3)no1,-24.75,0
M2R-decoy_1219,Oc1cccc2c1[C@H](O)[C@@H]1O[C@@H]1C21Oc2cccc3cccc(c23)O1,-24.74,0
M2R-decoy_360,O=C1COc2ccc(S(=O)(=O)N3CCCCCC3)cc2N1,-24.74,0
M2R-decoy_3949,O=C1NC[C@H](CCCCN2C[C@H](Cc3ccc(O)cc3)N(CC3CCCCC3)C(=O)C2=O)N(CCC2CCCCC2)C1=O,-24.74,0
M2R-decoy_3357,C=C(C(=O)OCCCCCCn1cncn1)[C@@H]1CC[C@H](C)[C@@H]2CC(=O)C(C)=C2C1,-24.74,0
M2R-decoy_3377,CCCCCCOC(=O)OC(Cn1ccnc1)c1ccc(Cl)cc1Cl,-24.74,0
M2R-decoy_5533.1,CCCCn1nc(Cc2cc(F)c(F)cc2F)c(C[NH+]2CCC3(CC2)CN(c2ccc(C(=O)[O-])cc2)C(=O)O3)c1Cl,-24.74,0
M2R-decoy_509,Cc1cc(C)nc(NC(=S)N2CCN(c3cccnc3)CC2)c1,-24.74,0
M2R-decoy_714,CN(C(=O)COc1ccc2c(c1)CN1CC(=O)NC1=[NH+]2)C1CCCCC1,-24.74,0
M2R-decoy_7391,C[C@@H](CO)N1C[C@@H](C)[C@H](CN(C)C(=O)NC2CCCCC2)Oc2cc(C#Cc3cccnc3)ccc2S1(=O)=O,-24.74,0
M2R-decoy_8318,CCCCCCOc1nc(C(F)(F)F)cc(C)c1CNC(=O)C(C)c1ccc(NS(C)(=O)=O)c(F)c1,-24.74,0
M2R-decoy_1784,CCOc1ccc(Cc2cc([C@H]3O[C@@H](CO)[C@H](O)[C@@H](O)[C@@H]3O)c3c(c2Cl)CCO3)cc1,-24.73,0
M2R-decoy_4194,CCCCCNC(=O)Nc1c(C)cccc1OCCCn1cnc(c2c(OC)cc(OC)cc2OC)c1,-24.73,0
M2R-decoy_6817,C[C@H](CCC(=O)Oc1ccc2nc(S(N)(=O)=O)sc2c1)[C@H]1CC[C@H]2[C@H]3[C@H](C[C@H](O)[C@@]21C)[C@@]1(C)CC[C@@H](O)C[C@H]1C[C@H]3O,-24.73,0
M2R-decoy_7692,Cc1ccc(S(=O)(=O)Nc2ccc3c(c2)C(=O)N([C@H](C)CO)C[C@H](C)[C@@H](CN(C)C(=O)NC2CCCCC2)OCCCC[C@@H](C)O3)cc1,-24.73,0
M2R-decoy_4089,COC(=O)N[C@H](C(=O)NCCCC[C@H](CO)N(CC(C)C)S(=O)(=O)c1ccc2c(c1)N(C)CCO2)C(c1ccccc1)c1ccccc1,-24.72,0
M2R-decoy_5511,CCOc1ccc(NS(=O)(=O)c2ccc(C(=O)N(C)CC(=O)Nc3ccccc3Br)cc2)cc1,-24.72,0
M2R-decoy_8587,COc1ccc(Cn2c(CCc3c[nH]c4ccccc34)nnc2[C@H](NC(=O)Cc2ccccn2)c2c[nH]c3ccccc23)c(OC)c1,-24.72,0
M2R-decoy_8474,CC(C(=O)NCCCNc1c2c(nc3ccccc13)CCCC2)c1ccc(c2ccc(OCCCO[N+](=O)[O-])cc2)c(F)c1,-24.72,0
M2R-decoy_10026,CC[C@@H]1C[C@H](N(Cc2cc(C(F)(F)F)cc(C(F)(F)F)c2)c2nnn(CC(N)=O)n2)c2cc(C(F)(F)F)ccc2N1C(=O)OC(C)C,-24.71,0
M2R-decoy_2477,Cc1ccc(C)n1Nc1ccc(N(C)C)nn1,-24.71,0
M2R-decoy_275,O=C1NCCc2nc(C#Cc3cccnc3)sc21,-24.71,0
M2R-decoy_343,Cc1nc2nc(c3ccccc3)nn2c2c1CCN2C(C)(C)C,-24.71,0
M2R-decoy_5360,COc1ccccc1Oc1c(NS(=O)(=O)c2ccc(C(C)(C)C)cc2)nc(C)nc1OCCOC(=O)c1ccoc1,-24.71,0
M2R-decoy_7868,Cc1ccc(S(=O)(=O)N2C[C@H]3C(=O)C[C@@H](c4ccccc4)N(S(=O)(=O)c4ccc(C)cc4)[C@H]3C[C@H]2c2cccs2)cc1,-24.71,0
M2R-decoy_1014,O=C(CN1C(=O)/C(=C/c2ccc(F)cc2)SC1=S)NC1C=CS(=O)(=O)C1,-24.7,0
M2R-decoy_1475,CC(C)C[C@@H](C)[C@@H](CO)NS(=O)(=O)c1ccc(Cl)s1,-24.7,0
M2R-decoy_444,Cn1cnc2nc(c3ccc(F)cc3)nn2c1=S,-24.7,0
M2R-decoy_3418,CCOc1ccc(N2C(=O)CC(Cc3cc(C)cc(C)c3)C2=O)cc1,-24.7,0
M2R-decoy_5510,CC(=O)Nc1ccc(/C=C/C(=O)NCC(=O)N(C)c2ccc(C)c(COc3cccc4ncc(C)nc34)c2C)cn1,-24.7,0
M2R-decoy_6492,Cc1nccc2c(C(N)=O)nn(CC(=O)N3[C@H](C(=O)Nc4cccc(OC(F)(F)F)c4F)C[C@H]4C[C@H]43)c12,-24.7,0
M2R-decoy_6550,COc1ncc(n2nc3c(c2C(C)C)C(c2ccc(Cl)cc2)N(c2cc(Cl)cn(C)c2=O)C3=O)c(OC)n1,-24.7,0
M2R-decoy_7822,CC(=O)O[C@H]1[C@@H]2C[C@]3(OC2(C)C)[C@H](C)C[C@H](OC(C)=O)[C@H](OC(C)=O)[C@@]3(COC(=O)c2cccnc2)[C@@H]1OC(=O)c1ccccc1,-24.7,0
M2R-decoy_9144,CCOCCCNC(=O)C(c1ccccc1)N(Cc1cccs1)C(=O)c1ccc(NC(C)=O)cc1,-24.7,0
M2R-decoy_1645,CCOCn1c(C(=O)c2cccc3ccccc23)c(C)c(=O)[nH]c1=O,-24.69,0
M2R-decoy_3831,O=Cc1ccc(OCCCCc2cn(CCOCCOCCOc3ccc(c4cc(=O)c5ccccc5o4)cc3)nn2)cc1,-24.69,0
M2R-decoy_4044,CCCc1nc(CC)c(C(=O)OCCC(=O)Nc2ccccc2)n1Cc1ccc(c2ccccc2S(=O)(=O)NC(=O)OCCC(C)C)cc1F,-24.69,0
M2R-decoy_3228,COC1(c2cc(F)cc(OCC3=NN(c4ccccc4)C(c4ccccc4)C3)c2)CCOCC1,-24.69,0
M2R-decoy_4263,Cc1coc2c1C(=O)C(=O)c1c-2ccc2c1CCCC2(C)COC(=O)COCCOC(=O)CCCCC1SCC2NC(=O)NC21,-24.69,0
M2R-decoy_4388,COc1ccc(S(=O)(=O)N(CC(C)C)C[C@@H](O)[C@H](Cc2ccccc2)NC(=O)O[C@H]2CCS(=O)(=O)C2)cc1,-24.69,0
M2R-decoy_8378,C[C@H](O)[C@@H](C)Oc1nc(Nc2ccc(S(=O)(CCO)=NS(=O)(=O)CC[Si](C)(C)C)cc2)ncc1Br,-24.69,0
M2R-decoy_1657,COc1ccc2c(c1)CC[C@@H]1[C@@H]2CC[C@]2(C)C3(CC[C@@]12C=O)SCCS3,-24.68,0
M2R-decoy_3723,C=CC(=O)NCCCC[C@H](NC(=O)OCc1ccccc1)C(=O)N1CCN(S(=O)(=O)c2cccc3ccccc23)CC1,-24.68,0
M2R-decoy_33,CC(C)CC1C(C#N)=C(N)Oc2c1c(=O)oc1ccccc21,-24.68,0
M2R-decoy_5310,CCCCn1c(=O)n(Cc2ccccc2F)c(=O)c2[nH]c(Cc3ccc(NS(=O)(=O)c4ccsc4C(=O)OC)cc3)nc21,-24.68,0
M2R-decoy_6616,O=C([O-])CCC(=O)N1CCc2cc(S(=O)(=O)N3CCN(c4ccc(Cl)c(Cl)c4)CC3)ccc21,-24.68,0
M2R-decoy_882,COc1ccc(S(=O)(=O)c2cnc(S)nc2O)cc1Cl,-24.68,0
M2R-decoy_1071,CC(=O)Nc1ccc(S(=O)(=O)N2CCCN(c3nc(C)cc(C)c3C#N)CC2)cc1,-24.67,0
M2R-decoy_11099,COc1ccc(S2=NS(=O)(=O)c3ccc(S(N)(=O)=O)cc32)cc1OC,-24.67,0
M2R-decoy_11329,CCCS(=O)(=O)N1CCN(c2nc(Cl)ncc2Br)CC1,-24.67,0
M2R-decoy_4783,CO[C@@]1(NC(=O)Cc2ccc(O)cc2)C(=O)N2C(C(=O)OCc3ccccc3C)=C(CSc3nnnn3C)CO[C@@H]21,-24.67,0
M2R-decoy_5835,O=C(Nc1nccs1)C1(S(=O)(=O)c2ccc(Cl)cc2)CC1,-24.67,0
M2R-decoy_6215,Cc1ccc(C(=O)c2c(OCC(=O)Nc3ccc(S(N)(=O)=O)cc3C)ccc3cc(Br)ccc23)cc1C,-24.67,0
M2R-decoy_7069,CC(O)(CS(=O)(=O)c1ccccc1OC(F)(F)F)C(=O)Nc1ccc([N+](=O)[O-])cc1C(F)(F)F,-24.67,0
M2R-decoy_7243,CC(=O)N[C@H]1CC[C@H]2[C@@H]3NC(=O)C=C4C[C@@H](OC(=O)c5ccc(C)c(N(CCCl)CCCl)c5)CC[C@]4(C)[C@H]3CC[C@]12C,-24.67,0
M2R-decoy_78,C=CCCCCCCOCC[C@@H]1[C@@H](CCC)OC(=O)[C@@]1(CC=C)S(=O)(=O)c1ccccc1,-24.67,0
M2R-decoy_9282,CS(=O)(=O)c1cc(C#N)ccc1[C@@H]1C2=C(CCC2=O)N(c2cccc(C(F)(F)F)c2)C(=O)N1C(=O)NC1C2CC1C2,-24.67,0
M2R-decoy_10461,O=C(OC1CS[S+]([O-])C1)c1ccccc1I,-24.66,0
M2R-decoy_10510,Cc1ccsc1C(=O)N1CCN(S(=O)(=O)c2cccs2)CC1,-24.66,0
M2R-decoy_11154.1,COc1ccc(n2c(S)nnc2c2csc(N(C(C)=O)C(C)=O)n2)cc1,-24.66,0
M2R-decoy_1991,Cc1cc(C[NH2+][C@H](CO)C(=O)[O-])c(OCc2cncc(C#N)c2)cc1NCc1cccc(c2ccccc2)c1C,-24.66,0
M2R-decoy_1689,Cc1c(Oc2c(F)cccc2F)c(OC(C)C)nn1c1ncc(C2CC2)cn1,-24.66,0
M2R-decoy_11189,CCC(C)[C@H]1C(=O)N(S(=O)(=O)c2ccc(C)cc2)CCN1C(=O)OC(C)(C)C,-24.65,0
M2R-decoy_2533.1,CN(CCBr)P(=O)(OC[C@H]1O[C@@H](C2C=C(F)C(=O)NC2=O)C[C@@H]1O)Oc1ccc([N+](=O)[O-])o1,-24.65,0
M2R-decoy_2808,CSc1ccc(/C=C2/C(C)=C(CC(=O)N(C)CCN(C)S(=O)(=O)c3ccc(C)cc3)c3cc(F)ccc32)cc1,-24.65,0
M2R-decoy_3656,Cn1c(CC2CCS(=O)(=O)C2)nnc1SCCOc1ccccc1F,-24.65,0
M2R-decoy_403,CN(C)c1nc(N)c2c(n1)OCC(c1ccc(Br)cc1)=N2,-24.65,0
M2R-decoy_4756,CC1=C(CC(=O)OCCOc2no[n+]([O-])c2S(=O)(=O)c2ccccc2)c2cc(F)ccc2/C1=C\c1ccc(S(C)(=O)=O)cc1,-24.65,0
M2R-decoy_5345,CCCCc1nn(c2cccc([N+](=O)[O-])c2)c(=O)n1Cc1ccc(c2ccccc2S(=O)(=O)NC(=O)c2ccccc2Cl)cc1,-24.65,0
M2R-decoy_5816,CCCN(CCC)C(=O)c1cc(C(=O)N[C@@H](Cc2ccccc2)[C@H](O)C[NH2+]C(C)(C)c2cccc(OC)c2)cc(N2CCCC2)c1,-24.65,0
M2R-decoy_10371,CSc1nn2c(C)c3c(nc2c1S(=O)(=O)c1ccccc1)CCCC3,-24.64,0
M2R-decoy_10813,Cc1onc(c2cccc(F)c2)c1COc1ccc(C(=O)N2CCSCC2)cn1,-24.64,0
M2R-decoy_2978,CCN(Cc1ccccc1)C(=O)C1CCN(S(=O)(=O)c2ccc3occc3c2)CC1,-24.64,0
M2R-decoy_6140,COc1nc(N(C)C2CCCC2)c(Cl)cc1n1c(=O)ccc2cc(S(=O)(=O)Nc3ccon3)ccc21,-24.64,0
M2R-decoy_6361,Cn1c2cc(C(=O)N[C@]3(C(=O)Nc4ccc(/C=C/C(=O)[O-])cc4)CCC[NH2+]C3)ccc2c(C2CCCCC2)c1c1ccccn1,-24.64,0
M2R-decoy_9566,CC(C)(C)NC(=O)Cc1ccc(S(=O)(=O)N2CCCC2)s1,-24.64,0
M2R-decoy_9868,CCc1nc(C)c(C(=O)N(C)C)n1Cc1ccc2oc(c3ccccc3NS(=O)(=O)C(F)(F)F)c(Br)c2c1,-24.64,0
M2R-decoy_1636,CC1=C(C(=O)OCC(C)C)C(c2cccc(F)c2)N2C(=O)C(C)SC2=[NH+]1,-24.63,0
M2R-decoy_1773,CCOc1ccc(Cc2cc([C@@H]3O[C@H](CO)[C@@H](O)[C@H](O)[C@H]3O)c3c(c2Cl)OCC3)cc1,-24.63,0
M2R-decoy_5841,O=C(N/C(=C/c1ccc(F)cc1)C(=O)N1CCCCC1)c1ccco1,-24.63,0
M2R-decoy_4954,CC(=O)Nc1nc(Cc2nnc(SCSc3nnc(Cc4csc(NC(C)=O)n4)n3NC(C)=O)n2NC(C)=O)cs1,-24.63,0
M2R-decoy_8462,CSCC[C@H](NC(=O)c1ccc(CN(Cc2ccccc2)c2cnccn2)cc1c1ccccc1C)C(=O)[O-],-24.63,0
M2R-decoy_1883,CC(=O)c1cccc(N(C(=O)Cn2nnc3ccccc32)C(C(=O)NCC2CCCO2)c2ccc(N3CCOCC3)cc2)c1,-24.62,0
M2R-decoy_2266,CCCCOc1ccc(C(C)NC(=O)CCS(=O)(=O)Cc2ccccc2F)cc1,-24.62,0
M2R-decoy_2512,CC(=O)CC(C)(C)n1nnc(c2ccccc2)n1,-24.62,0
M2R-decoy_3807,O=C(Nc1ncc(c2cn(CCOCc3ccccc3)nn2)s1)C(CC1CCOCC1)c1ccc(S(=O)(=O)C2CC2)cc1,-24.62,0
M2R-decoy_7267,CCOC(=O)N1c2ccc(C(F)(F)F)nc2[C@@H](N(Cc2cc(C(F)(F)F)cc(C(F)(F)F)c2)c2nnn(C)n2)C[C@H]1CC,-24.62,0
M2R-decoy_10922,CCOC(=O)C1=CN(Cc2cccc(F)c2)S(=O)(=O)N(C)C1c1ccc(F)c(Cl)c1,-24.61,0
M2R-decoy_1682,CS(=O)(=O)c1ccc(C(CCF)=C(c2ccccc2)c2ccccc2)cc1,-24.61,0
M2R-decoy_6026,COc1cccc(S(=O)(=O)N(C)C[C@@H]2Oc3cc(C4=CCCCC4)ccc3S(=O)(=O)N([C@H](C)CO)C[C@H]2C)c1,-24.61,0
M2R-decoy_6498,CCC(=O)N1CCc2cc(Br)cc(S(=O)(=O)N3CCN(c4ccc(C(C)=O)cc4)CC3)c21,-24.61,0
M2R-decoy_969,Cn1nccc1CNS(=O)(=O)c1cc(F)ccc1Br,-24.61,0
M2R-decoy_8461,CC(C)C[C@H](NC(=O)C1CCC2(CC1)OOC1(OO2)C2CC3CC(C2)CC1C3)C(=O)N[C@H](/C=C/S(=O)(=O)c1ccccc1)CCc1ccccc1,-24.61,0
M2R-decoy_3647,COc1ccc(C(=O)CCS(=O)(=O)c2ccc(C)cc2)cc1OC,-24.6,0
M2R-decoy_7691,COC(=O)C[C@H]1Oc2c(OC)cccc2[C@@H]2O[C@@]3(C(=O)N(Cc4ccccc4)c4ccccc43)[C@@H](c3ccc(Br)cc3)[C@@]21[N+](=O)[O-],-24.6,0
M2R-decoy_9045,CCS(=O)(=O)N1CCC(c2cc(OC(C)C)c(Nc3nc(Nc4ccccc4S(=O)(=O)C(C)C)c4c(C)[nH]nc4n3)cc2C)CC1,-24.6,0
M2R-decoy_9530,COC(=O)N[C@H](C(=O)N[C@H](c1ccc([C@@H](CO)N(CCC(C)(C)C)S(=O)(=O)c2cc3ccccc3[nH]2)s1)C(F)(F)F)C(c1ccccc1)c1ccccc1,-24.6,0
M2R-decoy_10728,O=C(NC(=O)c1c(O)cccc1O)NC1CCc2ccccc21,-24.59,0
M2R-decoy_10780,O=C(C1CCCN1S(=O)(=O)c1ccc(Cl)cc1)N1CCN(c2ccccc2)CC1,-24.59,0
M2R-decoy_1881,CCc1ccc(N(CC(C)C)S(=O)(=O)c2ccc(N(C)CC3CCOCC3)c(S(C)(=N)=O)c2)cc1,-24.59,0
M2R-decoy_1621,CS(=O)(=O)c1ccc([C@@H](O)[C@@H](CO)NC(=O)C(Cl)Cl)cc1,-24.59,0
M2R-decoy_3012,CCc1nn2c(nc(c3cc(OC)c(OC)c(OC)c3)c2c2ccc(F)cc2OC)s1,-24.58,0
M2R-decoy_3581,COc1ccc([SiH](C)c2cc(OC)c(OC)c(OC)c2)cc1O,-24.58,0
M2R-decoy_499,CC(C)NC(=O)C1=Cc2cc(Br)ccc2S1(=O)=O,-24.58,0
M2R-decoy_7477,FC(F)(F)c1cnc(Nc2nc(N3CCOCC3)nc3c2CCN(c2ncccc2C(F)(F)F)CC3)cn1,-24.58,0
M2R-decoy_9286,C=C(C)[C@@H]1CC[C@]2(C(=O)N3CCOCC3)CC[C@]3(C)[C@H](CC[C@@H]4[C@@]5(C)Cc6nccnc6[C@@](C)(COC(C)=O)[C@@H]5CC[C@]43C)[C@@H]12,-24.58,0
M2R-decoy_2337,CCCS(=O)(=O)NCc1cccnc1Oc1ccc(C)nc1,-24.57,0
M2R-decoy_8177,CCC1(CC)CNC(=O)[C@@H](Cc2ccc(OC)c(Cl)c2)NC(=O)/C=C/C[C@@H]([C@H](C)[C@@H](O)[C@@H](Cl)c2ccccc2)OC(=O)[C@H](CC(C)C)OC1=O,-24.57,0
M2R-decoy_8298,CCOC(=O)NC1CCc2ccc(OCCNS(=O)(=O)CCCF)cc2C1Cc1ccc(Cl)c(Cl)c1,-24.57,0
M2R-decoy_9265,Cc1c(C(=O)NS(=O)(=O)c2ccc(Cl)cc2)nn(c2ccc(Cl)cc2Cl)c1c1ccc(Cl)cc1,-24.57,0
M2R-decoy_2790,CCOC(=O)CCNC(=O)c1ccc(CN2C(=O)N(c3ccc(OC(F)(F)F)cc3)CC23CCC(C(C)(C)C)CC3)cc1,-24.56,0
M2R-decoy_3427,CCOC(=O)c1c(C)c(C(=O)SCC)c(C)nc1c1ccccc1,-24.56,0
M2R-decoy_5521,COc1ccc(S(=O)(=O)N(Cc2ccc(Br)cc2)[C@H](Cc2cccs2)C(=O)NO)cc1,-24.56,0
M2R-decoy_8560.1,CC[NH+]1CCN(c2cccc3c2CN([C@H](CCCN(C)S(=O)(=O)c2cccs2)c2ccc(OC)c(OC)c2)C3=O)CC1,-24.56,0
M2R-decoy_11292,O=C(N1CCN(c2ccccc2)CC1)C1(S(=O)(=O)c2ccc(Cl)cc2)CC1,-24.55,0
M2R-decoy_1263,COC(=O)C(C#N)C(=C1C(=O)CC(C)(C)CC1=O)c1ccc(O)cc1,-24.55,0
M2R-decoy_1305,O=C(CS(=O)(=O)c1c[nH]c2ccccc12)N1CCCCCC1,-24.55,0
M2R-decoy_5285.1,O=C(Cc1cccc(OC(F)(F)F)c1)Nc1ccc(C[C@H]2C[C@@H](c3nnc(NC(=O)Cc4ccccn4)s3)C2)nn1,-24.55,0
M2R-decoy_6189,C[C@@H](c1ccccc1)N1C(=O)C[C@H]2[C@H](NC(=O)[C@H](Cc3c[nH]c4ccccc34)NC(=O)OC(C)(C)C)CCCN2C1=O,-24.55,0
M2R-decoy_8813,CC#C[C@@H](CC1=NN=NN1)c1ccc(OCc2ccc3sc(Cl)c(c4ccc(OCCOC)cc4C)c3c2)cc1,-24.55,0
M2R-decoy_9614,CCOP(=O)(/C(C#N)=C(\C)O)c1ccccc1,-24.55,0
M2R-decoy_8611,COc1ccccc1Oc1c(NS(=O)(=O)c2ccc(C(C)(C)C)cc2)nc(C(C)C)nc1OCCOC(=O)Nc1ccccn1,-24.54,0
M2R-decoy_2401,CCOC(=O)c1cc2sccc2n1CC(=O)OC(C)C,-24.53,0
M2R-decoy_6664,CN(CC(=O)NCc1cnc2scc(c3ccc(Br)cc3)n12)C(=O)Cc1ccc(O)c(O)c1,-24.53,0
M2R-decoy_8207,CC(C)(C)OC(=O)N1CCN(C(=O)[C@H](Cc2ccc(OS(=O)(=O)c3cccc4cnccc34)cc2)NS(=O)(=O)c2cccc3cnccc23)CC1,-24.53,0
M2R-decoy_1218,Cc1c(O)c(Br)c(C)c(O)c1Br,-24.52,0
M2R-decoy_1321,Cc1ccc2oc(c3cn4nc(C)sc4n3)nc2c1,-24.52,0
M2R-decoy_299,CC1(C)OP(=O)(c2ccccc2)C=C1Br,-24.52,0
M2R-decoy_4657,CCOC(=O)/C=C/C(=O)[C@H](CCc1ccccc1)NC(=O)[C@H](CC(C)C)NC(=O)OCc1ccccc1,-24.52,0
M2R-decoy_6180,CC[C@H](C[C@H]1OC(C)(C)O[C@]1(C)[C@H]1CC[C@@]2(O)C3=CC(=O)[C@@H]4C[C@@H](O)[C@@H](O)C[C@]4(C)[C@H]3CC[C@]12C)C(C)(C)O,-24.52,0
M2R-decoy_6340,COc1nc(N(C)C)ncc1c1nc2c(n1C(C)C)C(c1ccc(Cl)cc1)N(c1cc(C)cn(C)c1=O)C2=O,-24.52,0
M2R-decoy_6360,CCC(=O)O[C@H]1C=CC(=O)[C@]2(C)[C@H]3CC[C@]4(C)C([C@H](C)[C@H]5CC(C)=C(C)C(=O)O5)=C[C@H](OC(C)=O)[C@@]4(O)[C@@H]3C[C@H]3O[C@]132,-24.52,0
M2R-decoy_10572,Cc1ccc(C2C(Cl)C(=O)N2n2cnc3ccccc3c2=O)cc1,-24.51,0
M2R-decoy_4451,COc1ccc(c2ccnc(SCC(=O)NCCSCc3ccco3)n2)cc1,-24.51,0
M2R-decoy_3302,CCOP(=O)(Cc1ccc(c2nc3ccccc3o2)nc1)OCC,-24.51,0
M2R-decoy_3150,CCN(CC)C(=O)Cn1c(c2ccc(OC)cc2)nc2c(C)cc(C)nc21,-24.51,0
M2R-decoy_4867,Cc1cn(Cc2cn(C[C@H]3OC(C)(C)O[C@H]3[C@@H](O)P(=O)(OCc3ccccc3)OCc3ccccc3)nn2)c(=O)[nH]c1=O,-24.51,0
M2R-decoy_941,CS(=O)(=O)c1nc2ccc(Br)cc2nc1Cl,-24.51,0
M2R-decoy_10376,CC1(C)OC(c2ccc(S(C)(=O)=O)cc2F)=C(c2cc(F)ccc2F)C1=O,-24.5,0
M2R-decoy_10267,O=C1C=C/C(=N/c2cccc3c(/N=C4/C=CC(=O)O4)cccc23)O1,-24.5,0
M2R-decoy_1444,COc1ccc(OC)c(C(=O)/C(C)=C/c2ccc(N(C)C)cc2)c1,-24.5,0
M2R-decoy_350,CC1=C2C=CC[C@H]3C(=O)OC[C@@]23C=CC2=C1[C@H](c1ccoc1)OC2=O,-24.5,0
M2R-decoy_4280,CCCC[C@H](CN(O)C=O)C(=O)N1COC[C@H]1C(=O)Nc1ccc(N2CCOCC2)c(Cl)c1,-24.5,0
M2R-decoy_7142,N#Cc1ccnc(N2C(=O)CC[C@H]2C(=O)N(c2cncc(F)c2)[C@@]2(C(=O)NC3CC(F)(F)C3)CCCc3ccccc32)c1,-24.5,0
M2R-decoy_812,O=c1/c(=C/c2ccccc2Cl)sc2n1CCN=2,-24.5,0
M2R-decoy_2418,CCOC(=O)C1(CCCc2ccc(F)cc2)CO1,-24.49,0
M2R-decoy_4952,C=CCOC(=O)C[C@H]1CNC(=O)[C@@H](Cc2ccc(OC)c(Cl)c2)NC(=O)/C=C/C[C@@H]([C@H](C)[C@H]2O[C@@H]2c2ccccc2)OC(=O)[C@H](CC(C)C)OC1=O,-24.49,0
M2R-decoy_7106,NC(=O)C1(C(=O)N2CC[C@](c3ccc(C(F)(C(F)(F)F)C(F)(F)F)cc3)(S(=O)(=O)c3ccc(F)cc3)C2)CCOCC1,-24.49,0
M2R-decoy_7462,O=C(ON=C1c2ccccc2C(Br)C(Br)c2ccccc21)c1cc([N+](=O)[O-])cc([N+](=O)[O-])c1,-24.49,0
M2R-decoy_9273,CC(C)(C)N1C(=O)[C@H]2[C@@H](C1=O)[C@@H](c1ccc(Br)cc1)N1C(=O)N(c3ccccc3)C(=O)[C@@]21Cc1ccccc1,-24.49,0
M2R-decoy_249,O=C1N[C@H]2c3c(Cl)sc(Cl)c3C(=O)[C@H]2O1,-24.48,0
M2R-decoy_3842,CCOC(=O)C1=C(C)NC(=O)N(CCC(=O)N/N=C(/C)CC(c2ccccc2)c2ccccc2)C1c1cccc([N+](=O)[O-])c1,-24.48,0
M2R-decoy_5980,CCN(CCCn1ccnc1)C(=O)OC[C@@H](C)N(c1cc(Cl)ccc1Cl)S(=O)(=O)c1ccc(Cl)cc1,-24.48,0
M2R-decoy_7550,O=C(N1CCC(O)(C(F)(F)F)CC1)N1CC[C@](c2ccc(C(O)(C(F)(F)F)C(F)(F)F)cc2)(S(=O)(=O)c2ccc(F)cc2)C1,-24.48,0
M2R-decoy_8466.1,CC(C)CCOc1ccc(CCCCCCCCNC(Nc2ccc(N(C)C)cc2)=C2C(=O)OC(C)(C)OC2=O)cc1,-24.48,0
M2R-decoy_5175,COC[C@@H]1CCCN1S(=O)(=O)c1ccc2c(c1)C(=O)C(=O)N2Cc1ccc(C(F)CBr)cc1,-24.47,0
M2R-decoy_5687,CCOP(=O)(OCC)SCCCCCCCSP(=O)(OCC)OCC,-24.47,0
M2R-decoy_7615,CC(=O)N1CCC(C(=O)N2CC[C@@]3(S(=O)(=O)c4ccc(F)cc4)c4ccc(C(F)(C(F)(F)F)C(F)(F)F)cc4CC[C@@H]23)CC1,-24.47,0
M2R-decoy_8388,COc1cc2oc(c3cccc(OCC(=O)NCCCNc4c5c(nc6cc(Cl)ccc46)CCCC5)c3)cc(=O)c2c(OC)c1OC,-24.47,0
M2R-decoy_6779,Cc1cc(Cl)c(N2CC(C)CN(CC(=O)NC3C4CC5CC3CC(C(N)=O)(C5)C4)S2(=O)=O)c(Cl)c1,-24.47,0
M2R-decoy_10360,CO/N=C(\C(=O)OC)c1ccccc1C#CC#Cc1ccccc1C(F)(F)F,-24.46,0
M2R-decoy_10963,COc1ccc(Cn2cc(CSC(=S)N3CCN(C(=O)OC(C)(C)C)CC3)nn2)cc1,-24.46,0
M2R-decoy_1024,CC1CN(C(=O)c2cccs2)CCN1S(=O)(=O)c1c[nH]c2ncccc12,-24.46,0
M2R-decoy_2173,COc1ccc(CNC(=O)c2csc([C@@H](NC(=O)c3csc([C@@H](NC(=O)OC(C)(C)C)C(C)C)n3)C(C)C)n2)c(OC)c1,-24.46,0
M2R-decoy_1589,CCOC(=O)c1cc(/C=C\c2cccc(OC)n2)on1,-24.46,0
M2R-decoy_4576,C=CCOc1ccn([C@@H]2O[C@H](CO[P@@](=O)(N[C@@H](C)C(=O)OC(C)C)Oc3ccccc3)[C@@H](O)[C@@]2(C)F)c(=O)n1,-24.46,0
M2R-decoy_5053,COC(=O)CNC(=O)C(CSCc1ccc(Br)cc1)NC(=O)CCC(NC(=O)OCc1ccccc1)C(=O)OC,-24.46,0
M2R-decoy_7623,N#CCCN1C(=O)[C@H](F)C[C@H]1C(=O)N1CC[C@@]2(S(=O)(=O)c3ccc(F)cc3)c3ccc(C(F)(C(F)(F)F)C(F)(F)F)cc3CC[C@@H]12,-24.46,0
M2R-decoy_9552,NS(=O)(=O)c1ccc(C2=C(c3ccc(F)cc3)C(=O)OC2)cc1,-24.46,0
M2R-decoy_10349,C=C[C@H]1CN(C)C(=O)[C@@H]2CCC[C@H]1N2S(=O)(=O)c1cc(Cl)cc(Cl)c1,-24.45,0
M2R-decoy_3058,CCc1cc(CC)nc(OCCCn2c3c(c4cc([N+](=O)[O-])ccc42)CCCC3)n1,-24.45,0
M2R-decoy_3708,COc1ccc(N(CC(=O)NCCSCc2ccco2)S(=O)(=O)c2ccccc2)cc1OC,-24.45,0
M2R-decoy_4114.1,O=C(CCc1cn(Cc2ccc(OC(F)(F)F)cc2)nn1)Nc1ccc(CCCCc2nnc(NC(=O)Cc3ccccn3)s2)nn1,-24.45,0
M2R-decoy_10530,O=c1oc2ccc(S(=O)(=O)N3CCCCC3)cc2cc1Br,-24.44,0
M2R-decoy_3563,O=C(NCCCCCCCCNC(=O)NCCC12CC3CC(CC(C3)C1)C2)NCCC12CC3CC(CC(C3)C1)C2,-24.44,0
M2R-decoy_10753,Cc1cccc(N2CCN(Cc3ccc(F)cc3Cl)C(=O)C2=O)c1N1CCOCC1,-24.43,0
M2R-decoy_2953,FC(F)Oc1ccc(c2nnc3cncc(OCCC45C6C7C8C6C4C8C75)n32)cc1,-24.43,0
M2R-decoy_1743,CCC/C=C/CO[C@]1(c2ccc(Br)cc2)SC=C(C)n2c1noc2=O,-24.43,0
M2R-decoy_3593,CC(CC(=O)[O-])[NH2+]CCC=C(c1ccccc1)c1ccccc1,-24.43,0
M2R-decoy_3936,CCCc1cc2c(C(F)(F)F)cc(=O)oc2c(CCC)c1OCCCCN1C(=O)NC(C)(c2ccc([N+](=O)[O-])cc2)C1=O,-24.43,0
M2R-decoy_5237,CCCC(OC(=O)CO/N=[N+](\[O-])N1CCOCC1)C1=CC(=C(Br)Br)OC1=O,-24.43,0
M2R-decoy_6596,CC(=O)[C@H]1CC[C@H]2[C@@H]3CCC4=CC(=O)CC[C@]4(C)[C@H]3[C@@H]([NH2+]C[C@@H](CO)NC(=O)OC(C)(C)C)C[C@]12C,-24.43,0
M2R-decoy_8872,COc1ccc(c2ccc(Cn3c(CC(C)(C)C(=O)[O-])c(SC(C)(C)C)c4cc(OCc5ccc6cc(C)ccc6n5)ccc43)cc2)cn1,-24.43,0
M2R-decoy_9268,CN(Cc1ccnn1C)C(=O)c1cc(C#N)ccc1C1C2=C(CCC2=O)N(c2cccc(C(F)(F)F)c2)C(=O)N1C,-24.43,0
M2R-decoy_3922,COC(=O)CCCCCCC(=O)NCc1ccc(Nc2ncc3cc(C(=O)N(C)C)n(C4CCCC4)c3n2)cc1,-24.42,0
M2R-decoy_3304,CCOc1ccnc(Cl)c1C(=O)N1C2CCC1C(COc1ccccn1)C2,-24.42,0
M2R-decoy_6345,NS(=O)(=O)c1ccccc1c1ccc(C(=O)NC(CC(=O)Nc2ccc(Br)cn2)C(=O)N2CCCCC2)cc1,-24.42,0
M2R-decoy_7666,CC[C@@H]1C[C@H](N(Cc2cc(C(F)(F)F)cc(C(F)(F)F)c2)c2nnn(C)n2)c2nc(C(F)(F)F)ccc2N1C(=O)OC1CC[NH+](C)CC1,-24.42,0
M2R-decoy_11217,O=c1n(S(=O)(=O)c2cccs2)c2ccccc2n1S(=O)(=O)c1cccs1,-24.41,0
M2R-decoy_3036,Cc1cc(C)nc(SCc2nnc(SCC(=O)OC3CCCCC3)o2)n1,-24.41,0
M2R-decoy_3667,CCc1nc(CSCc2csc(CS(C)(=O)=O)n2)cs1,-24.41,0
M2R-decoy_6513,CC(=O)N(C(C)=O)C1=C(C#N)C(c2ccc(Cl)cc2)c2sc(Nc3ccc(S(N)(=O)=O)cc3)nc2O1,-24.41,0
M2R-decoy_7121,CC1=C(CC[C@@H](C)CCO[C@@H]2O[C@H](CO)[C@@H](O)[C@H](O)[C@H]2O)O[C@H]2C[C@H]3[C@@H]4CC=C5C[C@@H](O)CC[C@]5(C)[C@H]4CC[C@]3(C)[C@@H]12,-24.41,0
M2R-decoy_736,CCNC(=O)N1CCCN(S(=O)(=O)c2ccc(C[NH3+])s2)CC1,-24.41,0
M2R-decoy_1105,C/C=C/C1=CC2=CC(=O)[C@@](C)(OC(=O)c3c(C)cc(O)cc3O)C(=O)[C@@]2(O)CO1,-24.4,0
M2R-decoy_3801,CCCOc1ccc(C[C@@H](Cc2ccccc2)C(=O)[O-])cc1CNC(=O)c1ccc(c2ccccc2C)cc1,-24.4,0
M2R-decoy_3255,CCCCC(=O)N(C)c1c(CC)nc2c(OCc3ccc(C#N)cc3)cccn12,-24.4,0
M2R-decoy_5278,CC(=O)Oc1cccc2c1C(=O)c1c(OC(C)=O)cc(C(=O)OCCOC(=O)C(C)c3ccc(CC(C)C)cc3)cc1C2=O,-24.4,0
M2R-decoy_7018,CS(=O)(=O)c1cccc(C[C@H](NC(=O)c2c(Cl)cc3c(c2Cl)CCN(C(=O)c2ccc4ccoc4c2)C3)C(=O)[O-])c1,-24.4,0
M2R-decoy_916,S=C(SSC(=S)N1CCCOCC1)N1CCCOCC1,-24.4,0
M2R-decoy_9922,COc1ccc2c(O[C@@H]3C[C@H]4C(=O)N[C@]5(C(=O)[O-])C[C@H]5/C=C\CCCCCN(C)C(=O)N4C3)cc(c3ccccc3)nc2c1,-24.4,0
M2R-decoy_10944,Cc1ccc(Cc2c(C)nc3nc(SCC(=O)N4CCC5(CC4)OCCO5)nn3c2C)cc1,-24.39,0
M2R-decoy_6237,CC(=O)OCC(=O)[C@@]1(OC(=O)c2ccco2)[C@@H](C)CC2C3CCC4=CC(=O)C=C[C@]4(C)[C@@]3(Cl)C(Cl)C[C@@]21C,-24.39,0
M2R-decoy_7453,CN1C(=O)N(C)C(=O)C2(C1=O)[C@H](c1cccc(Br)c1)CC(=O)C[C@@H]2c1cccc(Br)c1,-24.39,0
M2R-decoy_10356,CC1CCN(C(=O)C2CCCN2S(=O)(=O)c2ccc(Cl)cc2)CC1,-24.38,0
M2R-decoy_1788,C#Cc1ccc(Cc2cc([C@@H]3O[C@H](CO)[C@@H](O)[C@H](O)[C@H]3O)c3c(c2Cl)OCC3)cc1,-24.38,0
M2R-decoy_172,CC1=CC(=C(Br)Br)OC1=O,-24.38,0
M2R-decoy_4778,CC(C)C[C@H](NC(=O)OC(C)(C)C)C(=O)N1CCC[C@@H]1C(=O)N1[C@@H](C(=O)OCc2ccccc2)[C@@H]1C(=O)OCc1ccccc1,-24.38,0
M2R-decoy_7712,C=C[C@]1(C)C[C@@H](OC(=O)CS[C@@H]2CC[C@H](C(=O)OCC)C[C@H]2NS(=O)(=O)c2ccc(Br)cc2)[C@]2(C)[C@H](C)CC[C@]3(CCC(=O)[C@H]32)[C@@H](C)[C@@H]1O,-24.38,0
M2R-decoy_10958,O=C(C1CCS(=O)(=O)CC1)N1CCN(c2cnc(C(F)(F)F)cn2)CC1c1ccc(Cl)s1,-24.37,0
M2R-decoy_7253,O=C(Nc1ccc(C2S/C(=[NH+]\c3ccc(C(F)(F)F)c(F)c3)N(Cc3ccco3)C2=O)cc1)[C@@H]1CCCN1C(=O)OCc1ccccc1,-24.37,0
M2R-decoy_10225,Cn1c(=O)c2c(nc(SC3CCCCC3)n2C)n(C)c1=O,-24.36,0
M2R-decoy_2009,COc1cc(C(=O)OCc2csc(CC(=O)Nc3ccccc3C)n2)ccc1OCC(C)C,-24.36,0
M2R-decoy_9622,CCOC(=O)/C=C\Oc1cccnc1,-24.36,0
M2R-decoy_1299.1,Cc1cccc(NS(=O)(=O)c2c(C)nc3sccn3c2=O)c1C,-24.35,0
M2R-decoy_4889,CC1(C)O[C@H](Cn2cc(Cn3ccc(=O)[nH]c3=O)nn2)[C@H]([C@@H](O)P(=O)(OCc2ccccc2)OCc2ccccc2)O1,-24.35,0
M2R-decoy_6096,CCOc1ccc(S(=O)(=O)N(C)c2ccc(OCC(=O)OCc3c(C)noc3C)cc2)cc1,-24.35,0
M2R-decoy_631,Cc1ccc(S(=O)(=O)N2C(=O)NC3(CC4CCC3C4)C2=O)cc1,-24.35,0
M2R-decoy_1311,CC1(C)CCN(c2cnc(C#Cc3cccnc3)cn2)C(=O)C1,-24.34,0
M2R-decoy_4681,COCCN(Cc1ccccc1)C(=O)Cc1ccc(S(=O)(=O)N2CCOCC2)s1,-24.34,0
M2R-decoy_7687,COc1cc(C(=O)N2C(c3nccs3)C(C(=O)N(OC)C(C)c3ccccc3)CC2(CC(C)C)C(=O)OC(C)(C)C)ccc1C(C)(C)C,-24.34,0
M2R-decoy_9501,COC(=O)N[C@H](C(=O)NCc1ccc([C@@H](CO)N(CC(C)C)S(=O)(=O)c2ccc3scnc3c2)s1)C(c1ccccc1)c1ccccc1,-24.34,0
M2R-decoy_10697,COc1cc(O)c2c(c1)/C=C/C[C@H](O)[C@H](O)C(=O)/C(C)=C/OC2=O,-24.33,0
M2R-decoy_1704,C=C1C(=O)O[C@H]2[C@H]1CC/C(COC(=O)N1CCC(F)(F)CC1)=C\CC[C@@]1(C)O[C@@H]21,-24.33,0
M2R-decoy_3603,COc1ccc(c2cc(C)no2)cc1S(=O)(=O)NC(C)C,-24.33,0
M2R-decoy_5684,OC(CNc1ccccc1)COc1ccc(C2=Cc3ccc(OCC(O)CNc4ccccc4)cc3OC2)cc1,-24.33,0
M2R-decoy_7516,C/C1=C\[C@@H]2[C@H](CC[C@]3(CO3)[C@H](OC(=O)c3ccc(C(F)(F)F)cc3)[C@H]3[C@@H](OC(=O)c4ccc(C(F)(F)F)cc4)[C@@H](C)C[C@]3(O)C1=O)C2(C)C,-24.33,0
M2R-decoy_3440,CC(=O)N(Cc1ccc(OCCF)cc1)c1cc(C)cc(C)c1,-24.32,0
M2R-decoy_9070,C=Cc1cc(C(NC(C)=O)C(=O)Nc2cccc(C(=O)NS(=O)(=O)c3ccc(C(F)(F)F)cc3)c2)ccc1Oc1cc(OC)nc(c2ccccc2)n1,-24.32,0
M2R-decoy_1455,FCCOCCO/N=C1/C=C(C#Cc2cscn2)CCC1,-24.31,0
M2R-decoy_2242,COC(CN(C)C(=O)C1CCC(CNS(=O)(=O)c2ccc(C)cc2)CC1)OC,-24.31,0
M2R-decoy_3391,C=CCOC(=O)C1=C[C@@H](c2csc3ccccc23)[C@H](CCCO)[C@@H](OCC)O1,-24.31,0
M2R-decoy_5532,CCC(CC)ON(C[C@@H](O)[C@H](Cc1ccccc1)NC(=O)OC(C)(C)C)S(=O)(=O)c1ccc(OC)cc1,-24.31,0
M2R-decoy_8237,CCS(=O)(=O)c1ccc(CC(=O)N2CC[C@@](c3ccc(C(OCc4c(F)cccc4F)(C(F)(F)F)C(F)(F)F)cc3)(S(=O)(=O)c3ccc(F)cc3)C2)cc1,-24.31,0
M2R-decoy_10799,CN(c1ccccc1C(=O)N1CCN(c2ccccc2F)CC1)S(=O)(=O)c1ccccc1,-24.3,0
M2R-decoy_2038,CCOC(=O)C1(c2ccc(c3ccc(c4cnn(C)c4NC(=O)O[C@H](C)c4ccccc4)cc3)cc2)CC1,-24.3,0
M2R-decoy_3321,CO/N=C(\c1ccccc1COc1ccc(Cl)cn1)c1nccn1C,-24.3,0
M2R-decoy_6924,COCC1(OC(=O)N2CC3COCC(C2)C3Oc2ncnc(Nc3ccc(C#N)cc3F)c2F)CC1,-24.3,0
M2R-decoy_7054,COc1ncc(c2ccc3nccc(C#CC[NH+](C)C)c3c2)cc1NS(=O)(=O)c1ccc(F)cc1F,-24.3,0
M2R-decoy_8508.1,CC(C)C[C@H](NC(=O)c1[nH]cnc1C(=O)N[C@@H](C)C(=O)OCc1ccccc1)C(=O)OCc1ccccc1,-24.3,0
M2R-decoy_2062.1,CC(C)CC(=O)NCc1cccc(CC(=O)Nc2nnc(CCCCc3ccc(NC(=O)Cc4ccccc4)nn3)s2)c1,-24.29,0
M2R-decoy_1403,CSc1nc2ccccn2c(=N)c1S(=O)(=O)c1ccccc1Cl,-24.29,0
M2R-decoy_5969,CCCCOc1ccc(C2=C(c3ccc(O)cc3)[C@H]3C[C@H](S(=O)(=O)N(CC(F)(F)F)c4ccc(OC)cc4)[C@@H]2O3)cc1,-24.29,0
M2R-decoy_632,COCc1nc(Br)c2c(Br)nnc(O)n12,-24.29,0
M2R-decoy_6408,CS(=O)(=O)NCNC(=O)CN1CN(c2ccccc2)C2(CCN(C(=O)c3ccc(C4CCCCC4)cc3)CC2)C1=O,-24.29,0
M2R-decoy_6836,C=C[C@]1(C)C[C@@H](OC(=O)CSc2nc(C)cc(N3CCC(O)CC3)n2)[C@@]2(C)[C@H](C)CC[C@]3(CCC(=O)[C@H]32)[C@@H](C)[C@@H]1O,-24.29,0
M2R-decoy_8786,CCCCCCCC[C@H]1O[C@@H]2C[C@@]3(C[C@@H](OC(=O)/C=C/c4ccc(O)c(O)c4)[C@@H]2O1)O[C@@H](CCCCCCCC)OC3=O,-24.29,0
M2R-decoy_10726.1,Nc1nc(O)c(I)c(c2cnccn2)n1,-24.28,0
M2R-decoy_10156,CC#CCNc1ccc(S(=O)(=O)N2CC[C@@H](S)C2)cc1,-24.28,0
M2R-decoy_3927,CO[C@H](CNS(=O)(=O)c1ccc(Cl)cc1)C[C@@H](Cc1ccccc1)C(=O)N[C@H]1c2ccccc2C[C@@H]1OC,-24.28,0
M2R-decoy_3841.1,CSCC[C@H](NC(=O)c1ccc(C[NH+](Cc2ccccc2)Cc2cncs2)cc1c1ccccc1C)C(=O)[O-],-24.27,0
M2R-decoy_7254,CC[C@H]1C[C@@H](N(Cc2cc(C(F)(F)F)cc(C(F)(F)F)c2)c2nnn(C)n2)c2nc(C(F)(F)F)ccc2N1C(=O)OC(C)C,-24.27,0
M2R-decoy_8998,CCOC(=O)NC1CCc2ccc(OCCNS(=O)(=O)CCC(F)(F)F)cc2C1Cc1ccc(Cl)c(Cl)c1,-24.27,0
M2R-decoy_914,NC(=S)N/N=C1\CCSc2c(Br)cc(F)cc21,-24.27,0
M2R-decoy_2556,COC(=O)C1=CO[C@@H](O[C@@H]2O[C@H](CO)[C@@H](O)[C@H](O)[C@H]2O)[C@H]2[C@@H]1C=C[C@@]21C=C([C@H](C)OC(=O)/C=C/c2ccc(O)cc2)C(=O)O1,-24.26,0
M2R-decoy_1632,CN(C1CC[NH+](C)CC1)S(=O)(=O)c1ccc(OC(F)(F)F)cc1,-24.26,0
M2R-decoy_3562,CC(C)c1nc(CN(C)C(=O)N[C@H](C(=O)N[C@@H](CC[C@@H](Cc2ccccc2)NC(=O)OCc2cncs2)Cc2ccccc2)C(C)C)cs1,-24.26,0
M2R-decoy_3655,CC(=O)c1cccc(OCCCC(=O)N(C)Cc2ccccn2)c1,-24.26,0
M2R-decoy_396,Oc1nc(N2CCN(c3ccccc3)CC2)nc2c1CCCC2,-24.26,0
M2R-decoy_5192,COc1nc(C2=NN(c3ccc(C#N)c(C)n3)[C@@H](C3CCCC3)C2)ccc1C(=O)NS(C)(=O)=O,-24.26,0
M2R-decoy_5308,CC(C)CC1C(=O)N(Cc2cn(CCC3OCCO3)nn2)CCS(=O)(=O)N1Cc1ccc(c2cccc(N(C)C)c2)cc1,-24.26,0
M2R-decoy_6121,COC(C)(C)/C=C/C[C@@]1(C)CC=C(CO)C(=O)[C@@H](CC(C)=O)[C@@H]1/C=C/OC(=O)C=C(C)C,-24.26,0
M2R-decoy_7224,C[C@H]1CC[C@@]2(OC1)O[C@H]1C[C@H]3[C@@H]4CC[C@@H]5C[C@@H](OC(=O)N6CCN(S(=O)(=O)c7ccccc7)CC6)CC[C@]5(C)[C@H]4CC[C@]3(C)[C@H]1[C@@H]2C,-24.26,0
M2R-decoy_6746,CO[C@H]1[C@H](C)O[C@@H](O[C@@H]2C=C3CC[C@@H]4[C@H](CC[C@]5(C)[C@@H](c6ccc(=O)oc6)CC[C@]45O)[C@@]3(C)CC2)[C@H](O)[C@@H]1O,-24.26,0
M2R-decoy_2190,Cc1nc(c2ccccc2)nn1CCOc1ccc(C[C@H](Nc2ccccc2C(=O)c2ccccc2)C(=O)[O-])cc1,-24.25,0
M2R-decoy_3602,CCOCCCNS(=O)(=O)c1ccc(Br)cc1,-24.25,0
M2R-decoy_4449,COCCNc1ccc(CN(CC(C)C)S(=O)(=O)Cc2ccccc2)cc1,-24.25,0
M2R-decoy_5463.1,COc1ccc(S(=O)(=O)Nc2cccc3c2O[C@H](CN(C)S(=O)(=O)c2cccs2)[C@@H](C)CN([C@H](C)CO)C3=O)cc1,-24.25,0
M2R-decoy_5181,Cc1ccc(S(=O)(=O)N(C)c2ccc(C(=O)N(CC(C)C)C3CCS(=O)(=O)C3)cc2)cc1,-24.24,0
M2R-decoy_6229,C[C@H]1CN([C@H](C)CO)C(=O)c2cc(N(C)C)ccc2O[C@H](C)CCCCO[C@H]1CN(C)S(=O)(=O)c1ccccc1,-24.24,0
M2R-decoy_853,CC(=O)N1CCc2cc(S(=O)(=O)NC3CCCCC3)ccc21,-24.24,0
M2R-decoy_9005,C=C[C@]1(C)CC[C@@H](C(=C)COCc2cn(CCCCn3cc(COCC(=C)[C@@H]4CC[C@@](C)(C=C)[C@H](C(=C)C)C4)nn3)nn2)C[C@H]1C(=C)C,-24.24,0
M2R-decoy_9124,CC(C)=CCCC(C)=CCN1C(=O)C2(OC(COc3ccccc3)CC3=CCCC32)c2c(Br)cccc21,-24.24,0
M2R-decoy_1956,COc1ccc(S(=O)(=O)N(CC(C)C)C[C@@H](O)[C@H](Cc2ccccc2)NC(=O)Oc2ccc3[nH]ccc3c2)cc1,-24.23,0
M2R-decoy_2247,CCOC(=O)[C@@]1(C)CSC(c2ccc(OCCOCCOC)cc2O)=N1,-24.23,0
M2R-decoy_3684,O=C([O-])COc1cccc(CCCN(CCC(c2ccccc2)c2ccccc2)C(=O)c2ccccc2)c1,-24.23,0
M2R-decoy_7165,COC(=O)[C@@]1(Cc2ccc(F)cc2)[C@H]2c3cc(C(=O)N4CCCC4)n(CCc4c[nH]c5cc(F)ccc45)c3C[C@H]2CN1C(=O)c1ccccc1,-24.23,0
M2R-decoy_3673,CCN(CC)S(=O)(=O)c1cccc(c2nnc(S)n2CC(C)C)c1,-24.22,0
M2R-decoy_4483,CN(C(=O)COc1ccccc1C(=O)NCCOc1ccccc1)c1ccccc1,-24.22,0
M2R-decoy_3404,CCS(=O)(=O)c1ccc2c(c1)nc(CCC(C)C)n2CC1CC1,-24.22,0
M2R-decoy_967,CN(C)C(=O)c1ccc(NS(=O)(=O)c2ccc3c(c2)OCCO3)cc1,-24.22,0
M2R-decoy_272,CC1=NN(C(=O)Cn2cccn2)C(O)(C(F)(F)F)C1,-24.21,0
M2R-decoy_8773,CCOc1ccc(c2ccc(Cn3c(CC(C)(C)C(=O)[O-])c(SC(C)(C)C)c4cc(OCc5ccc(C)c[n+]5[O-])ccc43)cc2)cn1,-24.21,0
M2R-decoy_9888,CCOC(=O)C1=C(C)N(c2cccc(C(F)(F)F)c2)C(=O)N(C)C1c1ccc(C#N)cc1C(=O)N1CC[NH+]2CCOCC2C1,-24.21,0
M2R-decoy_8456,CC(=O)Oc1ccc(/C=C/C(=O)OCCSc2nc(c3ccc(S(C)(=O)=O)cc3)n(c3ccc(C(F)(F)F)cc3)n2)cc1OC(C)=O,-24.21,0
M2R-decoy_10575,Cc1cc(C)n(c2cncc(N3CCN(C(=O)C(C)(C)C)CC3)n2)n1,-24.2,0
M2R-decoy_10619,O=C1/C(=C/c2cccs2)SC(=S)N1C1CCS(=O)(=O)C1,-24.2,0
M2R-decoy_3748,Cc1nc(C(=O)[C@@H](C)Oc2ccc(SCCCCCc3ccccc3)cc2)sc1CCCC(=O)[O-],-24.2,0
M2R-decoy_483,O=S(=O)(c1ccc(O)nn1)c1cccc(Cl)c1Cl,-24.2,0
M2R-decoy_1839,C=C[C@]1(C)CC[C@@H](C(=C)COC(=O)CCC(=O)OCC#CCOc2no[n+]([O-])c2S(=O)(=O)c2ccccc2)C[C@H]1C(=C)C,-24.19,0
M2R-decoy_2002,CCCCN(C(=O)CSc1nn(c2ccc(F)cc2)c(=S)s1)c1c(N)n(CCCC)c(=O)[nH]c1=O,-24.19,0
M2R-decoy_3864,CC(CCC(SCCC(=O)[O-])c1cccc(OCc2ccc3ccc(Cl)cc3n2)c1)CC(=O)N(C)C,-24.19,0
M2R-decoy_4188,CC#C[C@@H](CC(=O)[O-])c1ccc(OCc2cccc(CN(Cc3ccsc3)S(=O)(=O)CC)c2)cc1,-24.19,0
M2R-decoy_6578,CC1(C)Oc2ccc3ccc(=O)oc3c2[C@@H](OC(=O)C23CCC(C)(C(=O)O2)C3(C)C)[C@H]1OC(=O)C12CCC(C)(C(=O)O1)C2(C)C,-24.19,0
M2R-decoy_10395,Cc1ccc(Cl)cc1N1CCN(S(=O)(=O)N2CCCCC2)CC1,-24.18,0
M2R-decoy_2117.1,COc1cc(NCc2cccc(c3ccccc3)c2C)cc(OCc2cccc(C#N)c2)c1C[NH2+][C@H](CO)C(=O)[O-],-24.18,0
M2R-decoy_283,O=C1NC(=O)/C(=C\c2ccc3c(c2)OC(F)(F)O3)S1,-24.18,0
M2R-decoy_5721,CC(=O)NCC(C=O)NC(=O)[C@H](Cc1ccccc1)NC(=O)[C@H](CC(C)C)NC(=O)OCc1ccccc1,-24.18,0
M2R-decoy_6068,COc1cc([C@@H]2c3cc4c(cc3[C@@H](NS(=O)(=O)c3ccc(Br)s3)[C@H]3COC(=O)[C@@H]32)OCO4)cc(OC)c1OC,-24.18,0
M2R-decoy_718,Cc1cn([C@H]2C[C@H]([NH3+])[C@@H](CO[Si](C)(C)C(C)(C)C)O2)c(=O)[nH]c1=O,-24.18,0
M2R-decoy_10233,C[N+]1(C)CCC[C@H]1/C=C1\CCC/C(=C\[C@H]2CCC[N+]2(C)C)C1=O,-24.17,0
M2R-decoy_6510,COc1cc([C@@H]2c3cc4c(cc3[C@@H](NC(=S)NC(=O)c3ccccc3C)[C@H]3COC(=O)[C@@H]32)OCO4)cc(OC)c1O,-24.17,0
M2R-decoy_9223,NC(=O)C(SCc1cccc(C(=O)NCc2ccccc2C(F)(F)F)c1)C1CCCC1,-24.17,0
M2R-decoy_998,O=C(Nc1nc2ccc(S(=O)(=O)N3CCCC3)cc2s1)C1CCCO1,-24.17,0
M2R-decoy_10904,CC(Oc1cc2oc(=O)c3c(c2cc1Cl)CCC3)C(=O)N1C[C@@H]2C[C@H](C1)Cn1c2cccc1=O,-24.16,0
M2R-decoy_3784,CCCCCCCC(=O)OC[C@H]1[C@@H]2CON=C2c2cc3c(cc2[C@H]1c1cc(OC)c(OC)c(OC)c1)OCO3,-24.16,0
M2R-decoy_5264,C=C1[C@@H](OC(C)=O)C[C@H]2[C@@](C)(CC[C@@H](OC(C)=O)[C@@]2(C)COC=O)[C@@H]1C[C@@H](Nc1ccc(F)cc1)C1=CCOC1=O,-24.16,0
M2R-decoy_6478,CC(=O)O[C@@H]1C[C@@]2(C)[C@@H]3CC=C4[C@@H](C[C@H](O)[C@@H](O)C4(C)C)[C@]3(C)C(=O)C[C@]2(C)[C@H]1C(C)(O)C(=O)/C=C/C(C)(C)O,-24.16,0
M2R-decoy_8015,CC1(C)[C@@H](O)CC[C@@]2(C)[C@H]1CC[C@]1(C)[C@@H]2C(=O)C=C2[C@@H]3C[C@@](C)(C(=O)NCC(=O)CCCCOc4no[n+]([O-])c4S(=O)(=O)c4ccccc4)CC[C@]3(C)CC[C@]21C,-24.16,0
M2R-decoy_8486,CC(=O)OCCCCn1nncc1Cn1ccc(=O)n(Cc2cnnn2CCCCOC(C)=O)c1=O,-24.16,0
M2R-decoy_1895,CCOC(=O)[C@@H]1CSC(c2ccccc2)N1C(=O)c1cn(CCCNC(=O)C(F)(F)F)nn1,-24.15,0
M2R-decoy_2566,COc1nc(N)nc2c1ncn2CC(=O)N[C@@H](Cc1ccccc1)[C@H](O)CN(CC(C)C)S(=O)(=O)c1ccc(N)cc1,-24.15,0
M2R-decoy_3630,CCOc1ccc(OCCC(=O)N(CC)CC(=O)NCc2cccs2)cc1,-24.15,0
M2R-decoy_4507.1,CC(C)(C)OC(=O)NCc1ccccc1CC(=O)Nc1nnc(CCCCc2ccc(NC(=O)Cc3ccccc3)nn2)s1,-24.15,0
M2R-decoy_7238,CNC(=O)CC(=O)O[C@@H]1CC[C@@]2(C)[C@@H](CC[C@]3(C)[C@@H]2C[C@@H](OC(C)=O)[C@@H]2[C@@H]([C@]4(C)CC[C@H](C(C)(C)O)O4)CC[C@]23C)C1(C)C,-24.15,0
M2R-decoy_829.1,COc1cccc(c2nc(N)nc(O)c2Br)c1,-24.15,0
M2R-decoy_7207,COC(=O)[C@]12CCC(C)(C)C[C@H]1C1=CC[C@@H]3[C@@]4(C)C[C@@H](OC(C)=O)[C@H](OC(C)=O)[C@@](C)(OC(C)=O)[C@@H]4CC[C@@]3(C)[C@]1(C)CC2,-24.14,0
M2R-decoy_8469,COc1cccc(S(=O)(=O)N(Cc2cccs2)C[C@@H](O)[C@H](Cc2ccccc2)NC(=O)c2cccc(F)c2C)c1,-24.14,0
M2R-decoy_10994,Cc1ccc(C)c(N2CCN(c3ccc4cc(S(=O)(=O)N5CCC(C)CC5)ccc4n3)CC2)c1,-24.13,0
M2R-decoy_2867,CCCS(=O)(=O)CCc1cc(c2ccc(S(C)(=O)=O)cc2)n(c2ccccc2)c1C,-24.13,0
M2R-decoy_2914,CCN(CC)C(=O)[C@H](C)[C@H]1CC[C@@H](C[C@@H](C)n2cc(C#Cc3ccccn3)nn2)O1,-24.13,0
M2R-decoy_321,Brc1c[nH]c(Br)c1Br,-24.13,0
M2R-decoy_3249,CSc1sc(c2ccnc(SCCS(C)(=O)=O)n2)c(c2ccccc2)c1C#N,-24.13,0
M2R-decoy_7176,CC1(C)[C@@H]2CC[C@]3(C)[C@H](C(=O)C=C4[C@@H]5C[C@@](C)(C(=O)OCc6ccccc6[N+](=O)[O-])CC[C@]5(C)CC[C@]43C)[C@@]2(C)[C@@H](O)[C@H](O)[C@@H]1O,-24.13,0
M2R-decoy_9639,CCCCCCCCC1OOCCCOO1,-24.13,0
M2R-decoy_11311,CC1CCN(S(=O)(=O)c2ccc(S(=O)(=O)N3CCCC3)cc2)CC1,-24.12,0
M2R-decoy_3191,COCn1cc(/C=C/C(=O)c2ccc(OC)c3c2OC(C)(C)C=C3)c2ccccc21,-24.12,0
M2R-decoy_5501,CC(C)[C@H](NC(=O)[C@@H]1CCCN1C(=O)[C@@H](NC(=O)OCc1ccccc1)C(C)C)C(=O)c1nc2ccccc2o1,-24.12,0
M2R-decoy_5013,CCCCS(=O)(=O)NC(=O)C(Cc1ccc2ccccc2c1)NC(=O)[C@@H](Cc1ccc(c2ccno2)cc1)N(C)C(=O)c1cc(C)cc(C)c1,-24.12,0
M2R-decoy_7648,C[C@@H]1CC[C@H]2[C@@H](C)[C@@H](Oc3ccc(/C=C/C(=O)N4CCN(c5cccc(C(F)(F)F)c5)CC4)cc3)O[C@@H]3O[C@@]4(C)CC[C@@H]1[C@@]23OO4,-24.12,0
M2R-decoy_9275,Cc1cc(C=C2C(=O)N(c3ccccc3)C(=S)N(c3ccccc3)C2=O)c(C)n1c1ccc(Br)cc1,-24.12,0
M2R-decoy_14,O=C(c1cc(C2CC2)on1)N1CCC2(CCOCC2)C1,-24.11,0
M2R-decoy_423,Nc1c(Br)cc(S(N)(=O)=O)cc1Br,-24.11,0
M2R-decoy_5222,CCCCc1ncc(/C=C2/C(=O)N(CO)C(=O)N2Cc2csc(C)n2)n1Cc1ccc(C(=O)OC)cc1,-24.11,0
M2R-decoy_6838,CC(C)(C)OC(=O)NCNC(=O)CN1CN(c2ccccc2)C2(CCN(C(=O)c3ccc(C4CCCCC4)cc3)CC2)C1=O,-24.11,0
M2R-decoy_785,CO[C@@H]1CO[C@@]2(CCCN(C(=O)N3CCCC3)C2)C1,-24.11,0
M2R-decoy_8880,CC(C)CCCC(C)N(Cc1ccc(CC(C)C)cc1)C(Nc1ccc(N(C)C)cc1)=C1C(=O)OC(C)(C)OC1=O,-24.11,0
M2R-decoy_521,Nc1nnc(c2ccc(Cl)c(Br)c2)c(N)n1,-24.1,0
M2R-decoy_7262,O=C(Nc1ccc(C2S/C(=[NH+]\c3cccc(F)c3)N(Cc3ccco3)C2=O)cc1)[C@H]1CCCN1C(=O)OCc1ccccc1,-24.1,0
M2R-decoy_8039,C=C[C@@H]1C[C@]1(NC(=O)[C@@H]1C[C@@H]2CN1C(=O)[C@H](C1CCCC1)NC(=O)O[C@@H]1CCC[C@H]1CCC/C=C/c1cc3ccc(OC)cc3nc1O2)C(=O)NS(=O)(=O)C1CC1,-24.1,0
M2R-decoy_824,C[C@@H]1C/C=C/CC/C=C/[C@H](O)Cc2cc(O)cc(O)c2C(=O)O1,-24.1,0
M2R-decoy_4199,COCCOc1cc2ncnc(Nc3ccc(NC(=O)C45CC6CC(CC(C6)C4)C5)c(C)c3)c2cc1OCCOC,-24.09,0
M2R-decoy_4438,CCOCCOCCOCC(F)(F)c1ccc(Oc2cncc3sc(C(=O)NC)cc23)cc1,-24.09,0
M2R-decoy_6255,COC(=O)[C@H](O)[C@H]1C(C)(C)[C@H](OC(C)=O)[C@@H]2CC3=C4CC(=O)O[C@@H](c5ccoc5)[C@]4(C)CC[C@@H]3[C@@]1(C)C2=O,-24.09,0
M2R-decoy_6867,CNC(=O)c1c(C2CC2)oc2cc(N(C)S(C)(=O)=O)c(c3cc4c(cn3)OC(CO)n3c-4cc4c(F)cccc43)cc12,-24.09,0
M2R-decoy_4180,CCCc1c(OCCCCCOc2ccc3c(ccn3CC(=O)[O-])c2)ccc2c(C(F)(F)F)noc12,-24.08,0
M2R-decoy_6588,COc1nc(N(C)C)ncc1n1nc2c(c1C(C)C)[C@H](c1ccc(C#N)cc1)N(c1cc(Cl)c[nH]c1=O)C2=O,-24.08,0
M2R-decoy_6678,COc1cccc(c2ccc3c(c2)O[C@H](CN(C)C(=O)C2CCOCC2)[C@H](C)CN([C@@H](C)CO)S3(=O)=O)c1,-24.08,0
M2R-decoy_1406,Cn1c(c2ccccc2)nc2c(N)nc(C#CC3(O)CCCCC3)nc21,-24.07,0
M2R-decoy_1656,CCSc1ccnc(C[S+]([O-])c2nc3ccccc3n2C(=O)OC(C)C)c1C,-24.07,0
M2R-decoy_7122,CC(C)CCN(C[C@@H](O)[C@@H]1Cc2ccc(cc2)OCCCCCC(=O)N[C@@H](C(C)C)C(=O)N1)S(=O)(=O)c1ccc(N)cc1,-24.07,0
M2R-decoy_7274,COC(=O)/C(C#N)=C/c1ccc(OCCOC(=O)[C@]2(C)CC[C@]3(C)CC[C@]4(C)C5=CC=C6C(=CC(=O)C(O)=C6C)[C@]5(C)CC[C@@]4(C)[C@@H]3C2)c(OC)c1,-24.07,0
M2R-decoy_6537.1,CC(=O)c1c(O)c(C)c(O)c2c1OC1=CC(=O)/C(=C(/C)NCc3cn(CC(=O)c4ccc(C(F)(F)F)cc4)nn3)C(=O)C12C,-24.07,0
M2R-decoy_10375,Cc1ccc(S(=O)(=O)N2CCN(C(=O)c3cccs3)CC2)c(C)c1,-24.06,0
M2R-decoy_2805,CC(C)=CCC/C(C)=C/COc1ccc(C(=O)OCCCOc2cccc(Nc3nc4ccccc4c(=O)o3)c2)cc1,-24.06,0
M2R-decoy_7750,O=C(N1CCCCC1)N1CC[C@](c2ccc(C(OCc3c(F)cccc3F)(C(F)(F)F)C(F)(F)F)cc2)(S(=O)(=O)c2ccc(F)cc2)C1,-24.06,0
M2R-decoy_8200,C#Cc1cccc(c2cc(O[C@H]3C[C@H]4C(=O)N(C)CCCC/C=C/[C@@H]5C[C@@]5(C(=O)NS(=O)(=O)C5(C)CC5)NC(=O)N4C3)c3ccc(OC)c(C)c3n2)c1,-24.06,0
M2R-decoy_9611,CC(C)CCOc1ccc2ccc(=O)oc2c1,-24.06,0
M2R-decoy_6252,O=C(NS(=O)(=O)c1ccccc1)c1ccc(F)c2c(C(=O)C(=O)N3CCN(C(=O)c4ccccc4)CC3)c[nH]c12,-24.05,0
M2R-decoy_6334,COc1ccc(C2C=CCN(S(=O)(=O)CC34CCC(CC3=O)C4(C)C)CC(=O)N2Cc2ccc(F)cc2)cc1,-24.05,0
M2R-decoy_8497,CCOC(=O)/C(C)=C/[C@@H](NC(=O)[C@@H](NC(=O)/C(=C/c1ccc(OC)cc1)NC(C)=O)C(C)(C)C)C(C)C,-24.05,0
M2R-decoy_8512,CCCC(C(=O)NCc1ccco1)N(Cc1ccco1)C(=O)CNS(=O)(=O)c1ccccc1,-24.05,0
M2R-decoy_9517,COC(=O)N[C@H](C(=O)N[C@H](c1ccc([C@@H](CO)N(CCC(C)(C)C)S(=O)(=O)c2ccc(N)cc2)s1)C(F)(F)F)C(c1ccccc1)c1ccccc1,-24.05,0
M2R-decoy_9809,CC(=O)O[C@H]1C[C@@]2(C)[C@@H](CC(=O)[C@H]3[C@@]4(C)CCC(=O)[C@@H](C)[C@@H]4CC[C@@]32C)/C1=C(\CCC=C(C)C)C(=O)OCc1ccccc1,-24.05,0
M2R-decoy_153,CCc1c(C)n(C(=O)N2CCCCC2)oc1=O,-24.04,0
M2R-decoy_1239,CC1=Nn2c(nnc2c2ccccc2Cl)NC(C)(C)C1,-24.03,0
M2R-decoy_2054,CCNC(=O)OCc1ccc(C(Cc2cc[n+]([O-])cc2)c2ccc(OC(F)F)c(OC(F)F)c2)cc1,-24.03,0
M2R-decoy_5061,C[NH2+][C@H](C(=O)N[C@H](C(=O)N(C)[C@H](/C=C(\C)C(=O)[O-])C(C)C)C(C)(C)SCc1ccc(OC)cc1)C(C)(C)c1ccccc1,-24.03,0
M2R-decoy_4288,Cc1ccc(S(=O)(=O)N[C@@H](Cc2ccc(OS(=O)(=O)c3ccc(C)cc3)cc2)C(=O)OCC#N)cc1,-24.02,0
M2R-decoy_8897,CCCc1cc(Cn2c(CC)nc3c(C)cc(C)nc32)cc(CCC)c1OC(C(=O)[O-])c1cccc(c2ccccc2)c1,-24.02,0
M2R-decoy_2449,CC1=NN(CCC#N)C(=O)/C1=C/c1ccc(N(C)C)cc1,-24.01,0
M2R-decoy_2701,Nc1c(Br)cc(C[C@H](NC(=O)CCc2ccccc2)C(=O)N[C@H](CCCC[NH3+])C(=O)NCCc2ccccc2)cc1Br,-24.01,0
M2R-decoy_3717.1,CCC(c1ccc(Cl)cc1)[NH+](Cc1ccc(OCCN2C(=O)CCC2=O)c(C)c1)C[C@@H]1[C@@H](C(=O)[O-])C1(C)C,-24.01,0
M2R-decoy_4446,CC(CCc1ccc(OCCC2CC2)cc1)(C(=O)NO)S(C)(=O)=O,-24.01,0
M2R-decoy_6039,CC(=O)c1ccc(N2CCN(C(=O)C3CCN(S(=O)(=O)c4ccc5c(c4)CC(C)N5C(=O)C4CC4)CC3)CC2)cc1,-24.01,0
M2R-decoy_6532,COc1cc2nc(Nc3ccc(S(C)(=O)=O)cc3)nc(OC3CCN(C(=O)OC(C)(C)C)CC3)c2cc1OC,-24.01,0
M2R-decoy_8870,COc1ccccc1Oc1c(NS(=O)(=O)c2ccc(C(C)(C)C)cc2)nc(C)nc1OCCNC(=O)Nc1ccccn1,-24.01,0
M2R-decoy_10750,CC(Oc1ccc(Br)cc1)C(=O)N1CCN(c2ccccn2)CC1,-24.0,0
M2R-decoy_10833,Cc1c(Oc2c(F)cccc2F)c(OC(C)C)nn1c1ncc(Br)cn1,-24.0,0
M2R-decoy_3222,CCC(CC)c1ccc(CN2c3ccccc3N(CCCC(=O)N3CCCC3)S2(=O)=O)cc1,-24.0,0
M2R-decoy_5826,COC(=O)N[C@H](C(=O)NN(CC[C@@](O)(Cc1ccccc1)C(=O)N[C@H]1c2ccccc2C[C@H]1O)Cc1ccc(c2ccccn2)cc1)C(C)(C)C,-24.0,0
M2R-decoy_9904,Cc1ccc(n2nc(C3CCN([S+]([O-])c4c(Cl)cccc4Cl)CC3)cc2NC(=O)c2cnn3cccnc23)cc1,-24.0,0
M2R-decoy_10273,Cc1nc2ccc(Cl)cc2nc1C#Cc1nc(N2CCCC2)nn1C,-23.99,0
M2R-decoy_1649,COc1ccnc2c1C(SCC[NH+]1CCOCC1)c1ccccc1O2,-23.99,0
M2R-decoy_1714,COC(=O)COC(=O)/C(C)=C/CC/C(C)=C/CC[C@]1(C)CCc2cc(OC)cc(C)c2O1,-23.99,0
M2R-decoy_7571,CC1=NC(C)=C(C(=O)OCCN2C(=O)c3ccccc3S2(=O)=O)C(c2cccc(Cl)c2Cl)/C1=C(\O)OCC1CCCO1,-23.99,0
M2R-decoy_886,NS(=O)(=O)Nc1nnc(c2ccc(Br)cc2)s1,-23.99,0
M2R-decoy_2003,CC(C)CN([C@H](CO)CCCCNC(=O)CN(CCc1ccccc1)c1ccccc1)S(=O)(=O)c1ccc(N)cc1,-23.98,0
M2R-decoy_6718,C[C@@H]1[C@H](C(=O)N2C(=O)[C@@H](C)[C@@H]3[C@@H]2CCN3C(=O)[C@@H]2CCCN2S(=O)(=O)c2cccc3c(N(C)C)cccc23)[C@@H]1C,-23.98,0
M2R-decoy_8620,CCC(C)C(=O)O[C@H]1C[C@](C)(O)[C@]23OC(C)(C)[C@H](C[C@H](OC(=O)c4ccccc4)[C@]2(COC(C)=O)[C@H]1OC(=O)C(C)CC)[C@H]3OC(C)=O,-23.98,0
M2R-decoy_1867,COc1ccc(c2ccc(CN3C(CC(C)C)C(=O)N(Cc4cn(CC5CCCCC5)nn4)CCS3(=O)=O)cc2)cn1,-23.97,0
M2R-decoy_3809,CN(C)C(=O)CCCCCCCNC(=O)c1ccc(F)c2c(C(=O)C(=O)N3CCN(C(=O)c4ccccc4)CC3)c[nH]c12,-23.97,0
M2R-decoy_3944,CCOc1ccc(NC(=O)Cn2c(=O)n(CCCCCC(=O)NCc3ccccc3)c(=O)c3sccc32)cc1,-23.96,0
M2R-decoy_5637.1,C[N+]1(CCOP(=O)([O-])OCCCCCCCCCCC=C2CCCCC2)CCOCC1,-23.96,0
M2R-decoy_6297,CC1(C)[C@@H]2CC[C@@]1(CS(=O)(=O)N1CCC3(CCc4ccccc43)CC1)[C@@H](NC(=O)/C=C/c1c[nH]cn1)C2,-23.96,0
M2R-decoy_9469,O=C([O-])CC/C=C\CO[C@H]1C(OCc2ccc(c3ccc(O)cc3)cc2)CC[C@@H]1[NH+]1CCCCCC1,-23.96,0
M2R-decoy_10727.1,C[NH+]1CCN(C2=[NH+]c3cc(Br)ccc3Oc3cscc32)CC1,-23.95,0
M2R-decoy_11097,O=S(=O)(c1ccccc1)c1no[n+]([O-])c1S(=O)(=O)c1ccccc1,-23.95,0
M2R-decoy_1180,O=C1/C(=C\c2ccc(O)cc2)SC(=S)N1c1cccnc1,-23.95,0
M2R-decoy_5928,O=S(=O)(c1ccc(c2cs/c(=N\c3ccc(F)cc3)n2CCCCCCO)cc1)N1CCCC1,-23.95,0
M2R-decoy_6091,CC(C)(C)C(=O)OCO[P@@]1(=O)OCC(C)(C)[C@H](C(=O)NCCC(=O)OCCc2ccccn2)O1,-23.95,0
M2R-decoy_8258,CCN(c1ccccc1)S(=O)(=O)c1ccc(C(=O)N(CC[NH+](CC)CC)c2nc3c(OC)ccc(OC)c3s2)cc1,-23.95,0
M2R-decoy_9445,CC(C)C[C@H](NC(=O)OCC(C)(C)Cc1ccccc1)C(=O)N[C@H](C=O)C[C@@H]1CCNC1=O,-23.95,0
M2R-decoy_3316,COc1ccc(OC)c(n2c(C)c(C=O)cc2c2ccc(S(C)(=O)=O)cc2)c1,-23.94,0
M2R-decoy_6138,CCCS(=O)(=O)CC[C@@H]1OCC[C@@]2(S(=O)(=O)c3ccc(Cl)cc3)c3c(F)ccc(F)c3OC[C@@H]12,-23.94,0
M2R-decoy_7900,COC(=O)n1c(=O)c(C)cn([C@@H]2O[C@H](CO[Si](C)(C)C(C)(C)C)[C@@]3(OS(=O)(=O)C=C3N)[C@H]2O[Si](C)(C)C(C)(C)C)c1=O,-23.94,0
M2R-decoy_9304,CCOC(=O)[C@H](C)NC(=O)[C@@]1(C)CC[C@]2(C)CC[C@]3(C)C(=CC(=O)C4[C@@]5(C)CC[C@H](O)C(C)(C)C5CC[C@]43C)[C@@H]2C1,-23.94,0
M2R-decoy_9854,C=C[C@]1(C)C[C@@H](OC(=O)CSc2nc(C)cc(N3CCC[C@H](CO)C3)n2)[C@@]2(C)[C@H](C)CC[C@]3(CCC(=O)[C@H]32)[C@@H](C)[C@@H]1O,-23.94,0
M2R-decoy_10793,CC(Oc1cccc2ncccc12)C(=O)N1CCN(C(=O)c2ccccc2)C[C@H]1C,-23.93,0
M2R-decoy_11449,Cc1ccc(C)c(N2CCN(S(=O)(=O)c3c(C(=O)N4CCC(C)CC4)c(C)n(C)c3C)CC2)c1,-23.93,0
M2R-decoy_1317,C/C1=C/C(=O)CC2=C[C@@H](OC2=O)[C@H](C(C)C)CC(=O)/C(C)=C/CC1,-23.93,0
M2R-decoy_4266.1,CCCCOC(=O)NS(=O)(=O)c1sc(CC(C)C)cc1c1cccc(Cn2ccnc2CCCC)c1,-23.93,0
M2R-decoy_3370,CCCc1c(C(=O)SCC)c(CC)nc(c2ccccc2)c1C(=O)OCCCF,-23.93,0
M2R-decoy_4480,CCN(CC(=O)NCc1cccs1)C(=O)/C=C/c1cccc(OC)c1OC,-23.92,0
M2R-decoy_878,Cc1[nH]c(C)c(S(=O)(=O)N2CCC(C)CC2)c1C(=O)N1CCCC1,-23.92,0
M2R-decoy_2342,CN(C)C(=O)CCCOC(=O)C(C)(C)Oc1ccc(Cl)cc1,-23.91,0
M2R-decoy_291.1,Brc1nc(Br)c(Br)[nH]1,-23.91,0
M2R-decoy_4304,COc1ccc(NC(=O)CN(c2ccc(OC)cc2)S(=O)(=O)c2ccc(OC)c(OC)c2)cc1,-23.91,0
M2R-decoy_6642,CNC(=O)[C@@H]1[NH2+]C2(CCCCC2)[C@@]2(C(=O)Nc3cc(Cl)ccc32)[C@H]1c1cc(Cl)ccc1OC(C)(C)C(=O)[O-],-23.91,0
M2R-decoy_10535,Cc1ccc(S(=O)(=O)N2C[C@@H]3[C@H]4CC[C@H](C4)[C@@H]3[C@@H](C)[C@H]2C#N)cc1,-23.9,0
M2R-decoy_2536,CO[C@@H]1CN(c2cccc(c3cccc(C)c3OCc3ccc4c(c3C)CC[NH+](C3COC3)CC4)n2)CC[C@@H]1C(=O)[O-],-23.9,0
M2R-decoy_2555,CCOC(=O)CNC(=O)[C@@H]1CC(C)CN1C(=O)[C@H](Cc1ccccc1)NC(=O)CNC(=O)OCc1ccccc1,-23.9,0
M2R-decoy_2987,CC(c1ccco1)N(C(=O)c1ccc(S(=O)(=O)N2CCCCC2)cc1)c1ccccn1,-23.9,0
M2R-decoy_11212,N#Cc1ccc(C(=O)N2CCN(S(=O)(=O)c3ccc(Br)s3)CC2)cc1,-23.89,0
M2R-decoy_2500,CCOC(=O)C1(C)CCC(C(=O)OC)C1=O,-23.89,0
M2R-decoy_154,O=c1c2oc3ccccc3oc=2c(=O)c2ccccc12,-23.89,0
M2R-decoy_65,CC(C)C[C@H](NC(=O)OCc1ccccc1)C(=O)N[C@H](/C=C/S(=O)(=O)c1ccccc1)CCCCNC(=O)OC(C)(C)C,-23.89,0
M2R-decoy_9729,CC(=O)O[C@@H]1C[C@@]23C[C@@]24CC[C@H](O)C(C)(C)[C@@H]4CC[C@H]3[C@]2(C)C[C@@H]3O[C@@]4(C[C@H](O)[C@@]5(C)O[C@@H]45)C[C@@H](C)[C@@H]3[C@@]12C,-23.89,0
M2R-decoy_9823,Cc1ccc(S(=O)(=O)N2C[C@H]3C(=O)C[C@@H](c4cccs4)N(S(=O)(=O)c4ccc(C)cc4)[C@H]3C[C@H]2c2ccccc2)cc1,-23.89,0
M2R-decoy_11500,CC(=O)N1C[C@@H](N2CCc3c2nc(N2CCOCC2)nc3c2cnc(N)nc2)[C@H](C(F)F)C1,-23.88,0
M2R-decoy_1161,COc1ccc2c(c1)/C(=C\c1c(Cl)nc3n1CCS3)C(=O)N2,-23.88,0
M2R-decoy_5714,COc1ccc(OCCNC(=O)c2ccccc2OCC(=O)Nc2ccc(NC(C)=O)cc2)cc1,-23.88,0
M2R-decoy_942,C[NH+]1CCN(C2=[NH+]c3ccccc3Sc3c2csc3Cl)CC1,-23.88,0
M2R-decoy_10763,COc1cccc(S(=O)(=O)c2cnc3ccc(Cl)cc3c2N2CCOCC2)c1,-23.87,0
M2R-decoy_10354,Cc1c(Br)cnn1C(C)C(=O)N1CCN(c2ccc(F)cc2)CC1,-23.87,0
M2R-decoy_2371,CC(=O)/C=C/c1c[nH]c2ncnc(OCC(C)C)c12,-23.87,0
M2R-decoy_2714,C[C@@H](NC(=O)[C@H](CCCNC(N)=[NH2+])NC(=O)c1ccc(CN(CCc2ccccn2)C(=O)c2ccc(F)cc2)cc1)c1cccc2ccccc12,-23.87,0
M2R-decoy_3054,CCc1cccc2c1N(C)Cc1cc(OCc3cc(C)nn3C)c(OCc3cc(C)nn3C)cc1-2,-23.87,0
M2R-decoy_4184,CCCS(=O)(=O)N(CCOc1ccc2c(c1)C(Cc1ccccc1)C(NC(=O)OCC)CC2)C1CC1,-23.87,0
M2R-decoy_4447,CNc1ccc(c2cc(=O)c3cc(OCCOCCOCCF)ccc3o2)cc1,-23.87,0
M2R-decoy_8124,CC1(C)C(=O)N(c2ccc(C#N)c(C(F)(F)F)c2)C(=O)N1Cc1ccc(n2cc(COCCCOC(=O)CC34CC5CC(CC(C5)C3)C4)nn2)cc1,-23.87,0
M2R-decoy_8368,CCOC(=O)c1c(NC(=O)C(C)Sc2cn(CCNC(=O)c3ccc(OCC)cc3)c3ccccc23)sc2c1CCC2,-23.87,0
M2R-decoy_5276.2,CCO[C@H]1CN(c2cccc(c3cc(C)ccc3OCc3cc4c(c(OC)c3)C[NH+](C3CCOCC3)CC4)n2)CC[C@H]1C(=O)[O-],-23.86,0
M2R-decoy_5518,CCc1ccc2nc(N(CCC[NH+](C)C)C(=O)c3ccc(S(=O)(=O)N(C)C4CCCCC4)cc3)sc2c1,-23.86,0
M2R-decoy_10013,COc1ccc([C@H]2O[C@@H]2[C@@H](C)[C@@H]2C/C=C/C(=O)N[C@H](Cc3ccc(OC)c(Cl)c3)C(=O)NCC(C)(C)C(=O)O[C@@H](CC(C)C)C(=O)O2)cc1,-23.85,0
M2R-decoy_4779,C[C@@H](CCCCC(=O)OCC[C@H]1O[C@@H]2O[C@@]3(C)CC[C@H]4[C@H](C)CC[C@@H]([C@H]1C)[C@]42OO3)O[C@@H]1O[C@@H](C)[C@H](O)C[C@H]1O,-23.85,0
M2R-decoy_4795,COc1cc(/C=C/C(=O)N[C@@H]2c3cc4c(cc3[C@@H](c3cc(OC)c(OC)c(OC)c3)[C@H]3C(=O)OC[C@H]23)OCO4)cc(OC)c1OC,-23.85,0
M2R-decoy_7356,N#Cc1cccc(c2cc(C(=O)N3CCN(C(=O)c4ccc(Cl)cc4)C(c4ccc(Cl)cc4)C3)c[nH]c2=O)c1,-23.85,0
M2R-decoy_7596,COc1ccc(C(=O)O[C@H]2[C@@H](C)C[C@]3(O)C(=O)/C(C)=C/[C@@H]4[C@H](CC[C@]5(CO5)[C@H](OC(=O)c5ccc(OC)cc5)[C@@H]23)C4(C)C)cc1,-23.85,0
M2R-decoy_10807,CCOc1ccc([C@@H]2Oc3ccc(Br)cc3C=C2[N+](=O)[O-])cc1OC,-23.84,0
M2R-decoy_11061,Cc1cc(C)c(C(=O)c2no[n+]([O-])c2C(=O)c2c(C)cc(C)c(Br)c2C)c(C)c1Br,-23.84,0
M2R-decoy_1583,CCCCC1(CC)SC(NC(=O)CC)=[NH+]N1C(=O)CC,-23.84,0
M2R-decoy_6487,C[C@H]1[C@H]2[C@H](C[C@H]3[C@@H]4CC[C@H]5C[C@H](O)C[C@@H](O[C@@H]6O[C@H](C)[C@H](O)[C@H](O)[C@H]6O)[C@]5(C)[C@H]4CC[C@@]32C)O[C@@]12CC[C@@H](C)CO2,-23.84,0
M2R-decoy_6941,CC(C)NC(=O)N(C)C[C@@H]1Oc2ccc(NC(=O)Cc3cn(C)c4ccccc34)cc2C(=O)N([C@H](C)CO)C[C@H]1C,-23.84,0
M2R-decoy_6573,COC(=O)[C@@]12C[C@@H](CC(=O)N3CCN(C(=O)c4ccco4)CC3)C(=O)N(Cc3ccc4c(c3)OCO4)C1=CCC(C)(C)C2,-23.84,0
M2R-decoy_10615,O=C(N1CCCN(C(=O)C(Cl)(Cl)Cl)CC1)C(Cl)(Cl)Cl,-23.83,0
M2R-decoy_1954,CCOc1ccc(C(C(=O)NCC2CCCO2)N(Cc2cccs2)C(=O)c2snc(C(N)=O)c2N)cc1,-23.83,0
M2R-decoy_3496,CC(C)[C@H](NC(=O)OCc1ccccc1)C(=O)N[C@@H](Cc1ccccc1)[C@H](O)CNC(=O)C[C@H](C(=O)NC(C)(C)C)C(C)(C)C,-23.83,0
M2R-decoy_7331,CC(C)C[C@@H]1[NH2+]CCOc2ccccc2/C=C\CNC(=O)[C@H](Cc2ccccc2Cl)NC(=O)C2(CCCC2)NC1=O,-23.83,0
M2R-decoy_7444,Cc1cc(=O)c(O)cc2c1C[C@H]1C[C@H](O)[C@@]3(C)Oc4cc(O)c(=O)cc(C)c4C[C@H]3CC(C)(C)/C=C/C[C@]1(C)O2,-23.83,0
M2R-decoy_10887,O=C(OCC1COCCOCCOCCOCCOCCO1)c1c2ccccc2cc2ccccc12,-23.82,0
M2R-decoy_10231,Cc1nc(N2CCOCC2)nc2c1CCN(c1nccs1)CC2,-23.82,0
M2R-decoy_1679,C=CC1=C2C=C(C3CC3)N(Cc3ccccc3)C=C2C(=O)C(C)(OC(=O)c2ccco2)C1=O,-23.82,0
M2R-decoy_4846,COCCn1c(=O)n(CC(=O)NCC(NS(C)(=O)=O)c2ccccc2C(F)(F)F)nc1c1ccc(Cl)s1,-23.82,0
M2R-decoy_540.1,O=C1NC(=O)/C(=C2\CCNC(=O)c3[nH]c(Br)cc32)N1,-23.82,0
M2R-decoy_353,CC1CC(C)CN(S(=O)(=O)c2cc3c(cc2Cl)NC(=O)CO3)C1,-23.81,0
M2R-decoy_647,O=C(c1cnc2sccn2c1=O)N1CCN(c2ccccc2Cl)CC1,-23.81,0
M2R-decoy_7483,C[C@]12CC[C@@H]3c4ccc(O)c(Br)c4CC[C@H]3[C@@H]1CC[C@@H]2NS(=O)(=O)c1cccc(C(F)(F)F)c1,-23.81,0
M2R-decoy_2163,C=CCC[C@@H](Cc1ccc(F)cc1)C(=O)OC[C@@H]1CCCN1C(=O)[C@@H](CC=C)CC(=O)N(CCO)Cc1ccccc1,-23.8,0
M2R-decoy_1416,N#CCSc1nc2nncc-2c(O)n1c1ccccc1Br,-23.8,0
M2R-decoy_8583,CC[NH+](CC)Cc1nnc(Cn2c(SCc3ccc(F)cc3)nc(=O)c3c2CCC3)n1Cc1ccc(c2ccc(C(F)(F)F)cc2)cc1,-23.8,0
M2R-decoy_9692,C=CCn1cnc2c1c(=O)n(C)c(=O)n2CC(C)C,-23.8,0
M2R-decoy_9845,CC(=O)O[C@H]1C[C@@]2(C)C(C[C@@H](O)C3[C@@]4(C)CC[C@@H](O)[C@@H](C)C4CC[C@@]32C)/C1=C(\CCC=C(C)C)C(=O)On1nnc2ccccc21,-23.8,0
M2R-decoy_10610,O=C(c1ccc(Cl)cc1C(F)(F)F)N1CCn2c(nnc2c2cnccn2)C1,-23.79,0
M2R-decoy_11166,Cc1c(C#N)cc(C(F)(F)F)c2nc(CCc3nc(N4CCCC4)nn3C)nn12,-23.79,0
M2R-decoy_2162,CCC[C@H]1C[C@@H](OC)C/C(C)=C\[C@@H]2C[C@@H](OC(=O)CCCCc3coc(/C=C\CNC(=O)OC)n3)C[C@H](CC(=O)O1)O2,-23.79,0
M2R-decoy_4354,CC(=O)N(C(=O)CC(=O)N/N=C\c1ccc(Br)c(N(CCC#N)CCC#N)c1)c1ccc(Cl)cc1,-23.79,0
M2R-decoy_7527,O=C(Nc1ccc2nc(c3ccc(Br)cc3)c(c3ccc(Br)cc3)nc2c1)N1CCCC(C(=O)N2CCCC2)C1,-23.79,0
M2R-decoy_8324,CC[C@H](C)[C@@H]1NC(=O)[C@H](Cc2cn(OC)c3ccccc23)NC(=O)[C@H](CCCCCC(=O)C(C)F)NC(=O)[C@H]2CCCCN2C1=O,-23.79,0
M2R-decoy_9575,CC(C)C1CCN(C(=O)NCC(=O)N(C)CC(F)(F)F)CC1,-23.79,0
M2R-decoy_11262,CS(=O)(=O)/C(C#N)=C/c1cccn1S(=O)(=O)c1cccc2ccccc12,-23.78,0
M2R-decoy_4757.1,COc1cc(C[NH+](C[C@H]2CC[C@H](C(=O)[O-])CC2)C(C)c2ccc3c(c2)CCO3)ccc1OCCn1c(=O)ccn(C)c1=O,-23.78,0
M2R-decoy_7513,Cc1ccc([C@@H]2C[C@H]3[C@@H](CN2S(=O)(=O)c2ccc(Cl)cc2)C(=O)C[C@@H](c2cccc(Cl)c2)N3S(=O)(=O)c2ccc(C)cc2)cc1,-23.78,0
M2R-decoy_10947,Cc1noc(C)c1S(=O)(=O)N1CCC(C(=O)N2CCN(c3cccc(C(F)(F)F)c3)CC2)CC1,-23.77,0
M2R-decoy_11025,N#Cc1ccc(S(=O)(=O)N2C/C(=C\c3ccccc3F)C(=O)/C(=C/c3ccccc3F)C2)cc1,-23.77,0
M2R-decoy_1933.1,CCCCN(CCCC)C(=O)C[NH+]1C[C@H](c2ccc3c(c2)OCCO3)[C@@H](C(=O)[O-])[C@@H]1c1ccc(CC)cc1,-23.77,0
M2R-decoy_4034,COC(=O)[C@@H]([C@H](Cc1ccccc1)NC(=O)OC(C)(C)C)[C@@H](O)[C@H](Cc1ccccc1)NC(=O)[C@@H](NC(=O)OCc1ccccc1)C(C)C,-23.77,0
M2R-decoy_3389,CCCOC(=O)c1c(CCSC(C)=O)c(C(=O)SCC)c(CC)nc1c1ccccc1,-23.77,0
M2R-decoy_5254,CCOC(=O)C(=O)c1csc(NC(=O)COc2ccc(N(C)S(=O)(=O)c3ccc(F)cc3)cc2)n1,-23.77,0
M2R-decoy_7428,C[C@H]1CC[C@@H]2[C@@H](OC(=O)[C@]23CC(c2ccc(Br)cc2)N(c2ccccc2)O3)[C@]2(C)C(=O)C=C[C@@]12O,-23.77,0
M2R-decoy_17,C/N=C(\S)[C@]1(c2ccncc2)CCCC[S+]1[O-],-23.76,0
M2R-decoy_5258,COc1cc(CN(C2CCCCNC2=O)S(=O)(=O)c2ccc(Cl)cc2)ccc1OCCc1scnc1C,-23.76,0
M2R-decoy_110,CCCCCCC(=O)O[C@H]1[C@H](OC(=O)CCCCCC)[C@@H](CO)O[C@H]1n1cnc2c(OC)ncnc21,-23.75,0
M2R-decoy_3615,COCCC(NS(N)(=O)=O)c1ccc(Cl)c(Cl)c1,-23.75,0
M2R-decoy_4164,C=CC[C@@H]1NC(=O)[C@]2(C)CSC(=N2)c2csc(n2)CNC(=O)C[C@@H](/C=C/CCSC(=O)CCCCCCC)OC1=O,-23.75,0
M2R-decoy_7208,O=C(N1CC[C@](c2ccc(C(OCc3c(F)cccc3F)(C(F)(F)F)C(F)(F)F)cc2)(S(=O)(=O)c2ccc(F)cc2)C1)C1(O)CCOCC1,-23.75,0
M2R-decoy_7524,CC(C)(C)OC(=O)N1CC[C@H](C(=O)N2CCC(NS(=O)(=O)c3cc(S(=O)(=O)c4ccccc4)ccc3C(F)(F)F)CC2)C1,-23.75,0
M2R-decoy_8394,C[C@@H](/C=C/c1ccc(C(=O)C(=O)N2CCCC2C(=O)NC(Cc2ccccc2)C(=O)OC(C)(C)C)s1)CO[Si](C)(C)C(C)(C)C,-23.75,0
M2R-decoy_10116,CCOC(=O)C1=C(C)[NH+]=C2SC(C)C(=O)N2C1c1ccccc1,-23.74,0
M2R-decoy_2187,COCCNC(=O)C(c1ccc(C)cc1)N(CCOC)C(=O)CCC(=O)Nc1nccs1,-23.74,0
M2R-decoy_4529.1,CC(C)NC(=O)OC(C)c1cccc(CC(=O)Nc2nnc(CCCCc3ccc(NC(=O)Cc4ccccc4)nn3)s2)c1,-23.74,0
M2R-decoy_5381,CC(=O)Nc1ccc(/C=C/C(=O)NCC(=O)N(C)c2ccc(C)c(COc3cccc4ccc(C)nc34)c2C)cn1,-23.74,0
M2R-decoy_4820,O=C(CN(c1ncnc2c1ncn2C1CCCCO1)C1CC1)N[C@@H](Cc1ccc(O)cc1)C(=O)OCc1ccccc1,-23.74,0
M2R-decoy_2505,COC(=O)C#CC(O/C=C/C(=O)OC)C(C)(C)C,-23.73,0
M2R-decoy_4209,Cc1cc(OCCCc2c(C(=O)[O-])[nH]c3c2cccc3c2c(COCC[NH+](C)C)nn(C)c2C)cc(C)c1Cl,-23.73,0
M2R-decoy_6017,COc1cc([C@@H]2c3cc4c(cc3[C@@H](NC(=S)NC(=O)c3cccs3)[C@H]3COC(=O)[C@@H]32)OCO4)cc(OC)c1OC,-23.73,0
M2R-decoy_4277,COc1cc(C(CC[NH+]2CCCCC2)c2c(OC)cc(OC)c3c(C)cc(=O)oc23)cc(OC)c1OC,-23.72,0
M2R-decoy_4389,N#CCCN(CCC#N)S(=O)(=O)c1ccc(C(=O)Nc2nc(c3ccccc3)c(C(=O)c3ccccc3)s2)cc1,-23.72,0
M2R-decoy_5503,CC(C)C(CNc1ccc(OC(F)(F)F)cc1)NC(=O)C(CC(=O)N1CCOCC1)c1ccc(F)cc1,-23.72,0
M2R-decoy_5728,COc1ccc(S(=O)(=O)N(CC(C)C)C[C@@H](O)[C@H](Cc2ccccc2)NC(=O)c2cccc(N)c2C)cc1,-23.72,0
M2R-decoy_743,O=C(NC1CCS(=O)(=O)C1)c1cccc(S(=O)(=O)N2CCCCCC2)c1,-23.72,0
M2R-decoy_7557,CC(=O)N1CCN(C(=O)N2CC[C@](c3ccc(C(OCc4ccncn4)(C(F)(F)F)C(F)(F)F)cc3)(S(=O)(=O)c3ccc(F)cc3)C2)CC1,-23.72,0
M2R-decoy_10463,CSc1nn2cccnc2c1S(=O)(=O)c1ccc(F)c(Cl)c1,-23.71,0
M2R-decoy_10210,Cc1ccc(N2CN=c3s/c(=C\c4cccnc4)c(=O)n3C2)cc1,-23.71,0
M2R-decoy_578,Cc1ncc(C(=O)N2CCOC(C(=O)N3CCCCCC3)C2)c(C)n1,-23.71,0
M2R-decoy_5908,O=c1c(Nc2ccccc2)cn(CCOc2ccc(Cl)cc2)c(=O)n1CCOc1ccc(Cl)cc1,-23.71,0
M2R-decoy_6818,CC(=O)O[C@H]1CC[C@](C)(O)[C@]23OC(C)(C)[C@H]([C@H](OC(=O)CCc4ccccc4)[C@H](OC(=O)c4ccccc4)[C@]12C)[C@H]3O,-23.71,0
M2R-decoy_9811,O=C(/C(=C\c1ccc(O)c([N+](=O)[O-])c1)S(=O)(=O)c1ccc(I)cc1)c1ccc(Br)cc1,-23.71,0
M2R-decoy_10138,COC(=O)[C@H](c1ccccc1)[NH+]1CCc2sc(OC(C)=O)cc2C1,-23.7,0
M2R-decoy_10350,O=c1c2c3c(sc2nc2n1N=CN(c1ccc(F)cc1)C2)CCCC3,-23.7,0
M2R-decoy_1927,O=S(=O)(/C=C/S(=O)(=O)c1ccccc1)Cc1nnc(CS(=O)(=O)Nc2ccccc2)s1,-23.7,0
M2R-decoy_492,C/C(=N\NC(=S)N1CCCCCC1)c1nccnc1C,-23.7,0
M2R-decoy_10832,Cc1cccc(N(Cc2cccc(F)c2)S(=O)(=O)c2cccn3c(C)nnc23)c1,-23.69,0
M2R-decoy_1098,C/C=C/C1=CC2=C(CO1)C(=O)[C@](C)(O)[C@H](OC(=O)c1c(C)cc(O)c(O)c1OC)C2,-23.69,0
M2R-decoy_11208,C[C@H]1Cn2c(nnc2c2cccnn2)C(=O)N1Cc1cccc(C(F)(F)F)c1Cl,-23.69,0
M2R-decoy_2010,C/C(=N\NC(=O)CSc1nnc(c2nc(C(C)C)cs2)n1c1ccccc1)c1ccc(C)cc1,-23.69,0
M2R-decoy_3837,COCCn1c(SCC(=O)CNc2ccc(S(=O)(=O)N3CCCCC3)cc2)ncc1c1ccccc1,-23.69,0
M2R-decoy_7851,Cc1cc(=O)c2ccc3c(c2o1)[C@@H](OC(=O)C12CCC(C)(C(=O)O1)C2(C)C)[C@@H](OC(=O)C12CCC(C)(C(=O)O1)C2(C)C)C(C)(C)O3,-23.69,0
M2R-decoy_10685,N#Cc1cc(F)cc(N2CCn3nc(c4ccccn4)nc3C2)c1,-23.68,0
M2R-decoy_11228,Cc1nn(S(=O)(=O)c2ccc(F)cc2)c(C)c1S(=O)(=O)N1CCCCCC1,-23.68,0
M2R-decoy_10310,Cc1cccc(C)c1N1CCN(c2ccc3nnc(C(F)(F)F)n3n2)CC1,-23.68,0
M2R-decoy_7290,CC(=O)N1CCN(C(=O)N2CC[C@](c3ccc(C(OCc4ccccc4)(C(F)(F)F)C(F)(F)F)cc3)(S(=O)(=O)c3ccc(F)cc3)C2)CC1,-23.68,0
M2R-decoy_9748,CC1=C[C@H]2C(=O)O[C@H]3C[C@@H](C/C=C(\C)[C@@H](O)[C@@H](C)/C=C/C=C4\CO[C@H]([C@@H]1O)[C@@]42O)O[C@@]1(CC[C@H](C)[C@@H](C(C)C)O1)C3,-23.68,0
M2R-decoy_1554,CC(C)CN(CC(=O)NO)S(=O)(=O)c1ccc(F)cc1,-23.67,0
M2R-decoy_3571,COC(OC)C1OC(C)(C)OC1Cc1cnc2ccccc2n1,-23.67,0
M2R-decoy_3312,COc1cc(n2cncc2c2ccc(N(C)C)cc2)cc(OC)c1OC,-23.67,0
M2R-decoy_10723,O=C1/C(=C/c2cccs2)SC(=S)N1N1CCOCC1,-23.66,0
M2R-decoy_1144,CC1(C(=O)Nc2nccs2)CC1(Br)Br,-23.66,0
M2R-decoy_3570,C=CCOC(=O)C1=CS[C@@H]2[C@@H]([C@H](C)OC(C)=O)C(=O)N12,-23.66,0
M2R-decoy_467,O=c1oc2cc(O)ccc2cc1S(=O)(=O)c1ccccc1,-23.66,0
M2R-decoy_5194,CC(C)Cc1ccc(CN2C(C(C)C)C(=O)N(Cc3cn(CCC4OCCO4)nn3)CCS2(=O)=O)cc1,-23.66,0
M2R-decoy_642,COc1ccc2c(c1)N(C)/C(=C1/SC(=S)N(NC(C)=O)C1=O)S2,-23.66,0
M2R-decoy_7673,CNC(=O)C(=O)N1CCC(C(=O)N2CC[C@](c3ccc(C(OCc4c(F)cccc4F)(C(F)(F)F)C(F)(F)F)cc3)(S(=O)(=O)c3ccc(F)cc3)C2)CC1,-23.66,0
M2R-decoy_10074,COc1ccc(C2Sc3ccccc3N(Cc3ccccc3)C(=O)C2NC(=O)[C@H](Cc2ccc(OP(=O)([O-])OCc3ccccc3)cc2)NC(=O)OC(C)(C)C)cc1,-23.65,0
M2R-decoy_4594.1,CC(C)(C)OC(=O)NC(C)(C)c1cccc(CC(=O)Nc2ccc(CCCCc3nnc(NC(=O)Cc4ccccc4)s3)nn2)c1,-23.65,0
M2R-decoy_797,FC(F)(F)c1cnn2cc(Br)cnc12,-23.65,0
M2R-decoy_10309,O=C(Oc1ccccc1)N1CCC2(CC1)CN(c1ncccn1)C2,-23.64,0
M2R-decoy_2370,CCOCCCNC(=O)c1nn(CC)cc1Br,-23.64,0
M2R-decoy_4195,COc1ccc(n2c(C)c(CC(=O)OCCCCO[N+](=O)[O-])cc2c2ccc(S(C)(=O)=O)cc2)cc1,-23.64,0
M2R-decoy_7951,COc1cc(C2c3cc4c(cc3[C@H](OC(=O)[C@@H](C)N3C(=O)C5C6CCC(O6)C5C3=O)[C@H]3COC(=O)[C@H]23)OCO4)cc(OC)c1OC,-23.64,0
M2R-decoy_1412.1,Cc1ccc(c2cc(C(C)(C)C)[nH]n2)cc1S(=O)(=O)N1CCOCC1,-23.63,0
M2R-decoy_10903,CC(=O)N1CCc2cc(Br)cc(S(=O)(=O)N3CCN(c4cccc(C)c4)C(C)C3)c21,-23.62,0
M2R-decoy_1864,CC(C)(C)[Si](OCCC[C@H]1OC(=O)[C@@H](Sc2ccccc2)[C@@H]1CC(=O)[O-])(c1ccccc1)c1ccccc1,-23.62,0
M2R-decoy_2491,CCCc1nnn(CC#CI)n1,-23.62,0
M2R-decoy_1647,CCOc1ccc(Cc2cc([C@@H]3O[C@H](CO)[C@@H](O)[C@H](O)[C@H]3O)ccc2Cl)cc1,-23.62,0
M2R-decoy_3925,O=C(OCCCCOc1ccc(c2cc(=O)c3c(O)c4c(cc3o2)OCCO4)cc1)c1ccc(N(CCCl)CCCl)cc1,-23.62,0
M2R-decoy_5136,COS(=O)(=O)CCC(=O)N1CCN(C(=S)SCCC(C#N)(c2ccccc2)c2ccccc2)CC1,-23.62,0
M2R-decoy_729,CC(C)Nc1nc(N2CCCC2)nc2c1CN(S(C)(=O)=O)CC2,-23.62,0
M2R-decoy_9240,NC(=S)c1cccc(n2cc(C3CCCCC3O)c3cc(CO)ccc32)c1,-23.62,0
M2R-decoy_9742,CC1(C)CC[C@]2(C(=O)On3nnc4ccccc43)CC[C@]3(C)C(=CC[C@@H]4[C@@]5(C)CC[C@H](O)[C@@](C)(CO)[C@@H]5CC[C@]43C)[C@@H]2C1,-23.62,0
M2R-decoy_11318,Cc1ccc(C)n1c1cc(S(=O)(=O)N2CCOCC2)ccc1N1CCCC1,-23.61,0
M2R-decoy_6951,COc1nc2c(C)cc(C(O)(c3cncn3C)c3cncn3C)cc2c(Cl)c1Cc1ccc(S(C)(=O)=O)cc1,-23.61,0
M2R-decoy_7600,CC(=O)O[C@H]1C[C@@H]2C(=CC[C@H]3[C@]4(C)C[C@@H](OC(C)=O)[C@H]([C@@](C)(O)C(=O)/C=C/C(C)(C)OC(C)=O)[C@@]4(C)CC(=O)[C@]32C)C(C)(C)C1=O,-23.61,0
M2R-decoy_8853,CCCCc1nc2ccn(C(C(=O)OC(C)C)c3cccc(Cl)c3)c(=O)c2n1Cc1ccc(c2ccccc2C2=NNN=N2)cc1,-23.61,0
M2R-decoy_9428,CC(C)C[C@@H](C=O)NC(=O)[C@H](CCS(=O)(=O)c1ccc2ccccc2c1)CC(C)C,-23.61,0
M2R-decoy_3703,C=COCCOCCOc1ccn2c(C(=O)Nc3cccc4c3c(C3CC3)nn4Cc3cccc(C)n3)cnc2c1,-23.6,0
M2R-decoy_5169,CCCN(Cc1nnc(c2ccccc2Cl)o1)C(=O)c1cccc(S(=O)(=O)N2CCOCC2)c1,-23.6,0
M2R-decoy_6373,CO[C@@H]1[C@@H](O)[C@@H](O)[C@@H](C)O[C@H]1O[C@H]1CC[C@]2(C)[C@H]3CC[C@]4(C)[C@@H](C5=CC(=O)OC5)CC[C@]4(O)[C@@H]3CC[C@]2(O)C1,-23.6,0
M2R-decoy_8259,Nc1ncnc2c1ncn2OCCOCP(=O)(OCCBr)OCCBr,-23.6,0
M2R-decoy_9145,CSc1ccc(/C=C2/C(C)=C(CC(=O)OCCCCCCO[N+](=O)[O-])c3cc(F)ccc32)cc1,-23.6,0
M2R-decoy_937,O=C(/C=C/c1ccc(F)cc1)N1CCN(C(=O)N2CCCCC2)C1=O,-23.6,0
M2R-decoy_9765,CC(=O)OC1C=C[C@@]2(C)[C@@H](C[C@@H](OC(C)=O)[C@]3(C)[C@@H]2CC[C@@]2(C)[C@@H](c4ccoc4)OC(=O)[C@H]4O[C@]423)C1(C)C,-23.6,0
M2R-decoy_10174,Cc1ccc(Cl)cc1[NH+]=C1[NH+]=C(S)N(C(C)C)C12CCCCC2,-23.59,0
M2R-decoy_5560,O=C(N[C@@H](CC1CCCCC1)C(=O)NCCNc1ccc(OC(F)(F)F)cc1)c1ccco1,-23.59,0
M2R-decoy_5999,COc1cc(c2nc(c3ccccc3)c(c3ccccc3)n2Cc2cn(CC(=O)Nc3cccc(C)c3)nn2)cc(OC)c1OC,-23.59,0
M2R-decoy_6174,COc1cc2c3c(c1OC)/C(=N/OS(=O)(=O)c1ccc(C)cc1)CC3N(S(=O)(=O)c1ccc(C)cc1)CC2,-23.59,0
M2R-decoy_6566,Cc1cc2c(c(O)c1c1ccc3c(c1O)C(=O)C[C@](C)([C@@H]1OC(=O)C[C@@H]1C)O3)C(=O)C[C@@](C)([C@@H]1OC(=O)C[C@H]1O)O2,-23.59,0
M2R-decoy_5553,C=CCc1cc(C=O)c(OCC(=O)OCC)c(c2ccc(OCC(=O)OCC)c(CC=C)c2)c1,-23.58,0
M2R-decoy_7053,CONC(=O)[C@@H]1[C@H](O)[C@]2(O)c3c(OC)cc(OC)cc3O[C@]2(c2ccc(OC)cc2)[C@H]1c1ccccc1,-23.58,0
M2R-decoy_10263,CC1(C)CC(=O)c2c(S(C)(=O)=O)sc(Br)c2C1,-23.57,0
M2R-decoy_1936.1,CC[NH+](CC)CCOC(=O)Nc1ccccc1S(=O)(=O)Nc1ccc2c(c1C(=O)[O-])CCCC2,-23.57,0
M2R-decoy_3795,COc1ccc(CN(C)c2nc(OCc3ccccn3)ncc2C(=O)c2cc(OC)c(OC)c(OC)c2)cc1Cl,-23.57,0
M2R-decoy_5253,Cc1cc2ncn(CC(O)COc3cc4oc(=O)cc(C)c4cc3OCC(O)Cn3cnc4cc(C)c(C)cc43)c2cc1C,-23.57,0
M2R-decoy_5741,CC[C@H](C)[C@H](NC(=O)[C@H](CC1CCCCC1)NC(=O)c1ccno1)C(=O)NCc1ccccc1,-23.57,0
M2R-decoy_6347,CCOc1ccc2cc(C3CC(c4ccc(I)cc4)=NN3C(=O)CCCC(=O)[O-])c(Cl)nc2c1,-23.57,0
M2R-decoy_9178,CCCCN(CCCNC(=O)c1cc(Nc2ccc(OC)c(OC)c2)nc2ccccc12)c1ccccc1,-23.57,0
M2R-decoy_10039.1,C[C@@H](CO)N1C[C@@H](C)[C@H](CN(C)S(=O)(=O)c2ccc(Cl)cc2)OCCCC[C@@H](C)Oc2ccc(NS(=O)(=O)c3ccc(Cl)cc3)cc2C1=O,-23.56,0
M2R-decoy_4289,C[C@@H](/C=C/c1ccc(C(=O)C(=O)N2CCCC2C(=O)NC(Cc2ccccc2)C(=O)OC(C)(C)C)s1)CO,-23.56,0
M2R-decoy_6618,C/C1=C/C(C)C/C=C/C2C3OC3(C)C(C)C3C(Cc4c[nH]c5ccccc45)NC(=O)C23C(=O)/C=C/C(=O)C1O,-23.56,0
M2R-decoy_6777,C[C@H]1CN([C@@H](C)CO)S(=O)(=O)c2ccc(C#Cc3ccncc3)cc2O[C@H]1CN(C)C(=O)C1CCCCC1,-23.56,0
M2R-decoy_936,O=C(N1CCCCC1)N1CCN(c2ccc(Cl)nn2)C(=O)C1,-23.56,0
M2R-decoy_10364,CC1(C)OC(c2ccc(S(C)(=O)=O)cc2F)=C(c2cc(F)cc(F)c2)C1=O,-23.55,0
M2R-decoy_4215,CCC(C)(C)NC(=O)C(c1ccc(OC)cc1)N(C(=O)CCC(=O)Nc1cc(C)on1)c1cccc(OC)c1,-23.55,0
M2R-decoy_8364,O=C([O-])CCCC/C=C(/c1cccnc1)c1cccc(CCNS(=O)(=O)c2ccc(I)cc2)c1,-23.55,0
M2R-decoy_1334,CC1=CP(=O)(c2ccccc2)CC1Br,-23.54,0
M2R-decoy_10339,O=S(=O)(c1ccc(Cl)cc1)N1Cc2ccccc2-n2nncc2C1,-23.54,0
M2R-decoy_2912,Cc1nc(SCC(=O)Nc2c(C)n(C)n(c3ccccc3)c2=O)nc(O)c1Cc1ccccc1,-23.54,0
M2R-decoy_8530,OCCCSc1nnc(c2nnn(c3ccccc3Cl)c2c2nnc(SCCCO)o2)o1,-23.54,0
M2R-decoy_9774,C=C(C)[C@@H]1CC[C@]2(C(=O)n3ccnc3)CC[C@]3(C)[C@H](CC[C@@H]4[C@@]5(C)C=C(OC(=O)n6ccnc6)C(=O)C(C)(C)[C@@H]5CC[C@]43C)[C@@H]12,-23.54,0
M2R-decoy_10665,CN1C(=O)/C(=C/c2ccc(O)c(Br)c2)SC1=S,-23.53,0
M2R-decoy_5406,CCS(=O)(=O)c1ncc(N(Cc2ccc(F)cc2)Cc2ccco2)c(C(=O)Nc2cc(C)ccc2C)n1,-23.53,0
M2R-decoy_6978,C/C=C(\C)C(=O)O[C@H]1C[C@@H](O)[C@@]2(C)CO[C@H]3[C@H]4O[C@@H]5C[C@@H](C6=CC(O)OC6=O)C(C)=C5[C@@]4(C)[C@H](CC(=O)OC)[C@]1(C)[C@@H]32,-23.53,0
M2R-decoy_6671,Cc1ccc(NC(=O)c2cccc(S(=O)(=O)N(C)c3ccccc3)c2)cc1S(=O)(=O)N1CCOCC1,-23.53,0
M2R-decoy_4912,Cc1ccc(Nc2nc(N/N=C/c3ccc(/C=N/Nc4nc(Nc5ccc(C)cc5)nc(N5CCOCC5)n4)cc3)nc(N3CCOCC3)n2)cc1,-23.51,0
M2R-decoy_9641,C=C1CC(C/C=C(\C)CC2CC(=C)C(=O)O2)OC1=O,-23.51,0
M2R-decoy_2204,Cc1ccc(S(=O)(=O)N(CC(C)C)[C@@H](CCCC[NH2+]C(=O)C2CC2c2ccccc2)C(=O)[O-])cc1,-23.5,0
M2R-decoy_4052,CCCCC/C=C/C/C=C/C/C=C/CCCCC(=O)O[C@H](CC=C(C)C)C1=CC(=O)c2c(O)ccc(O)c2C1=O,-23.5,0
M2R-decoy_337,CO[C@H]1CCC2(Oc3cccc4cccc(c34)O2)C2=C1C(=O)C=CC2=O,-23.5,0
M2R-decoy_7070,CC(=O)Nc1ccc(/C=C/C(=O)NC[C@H]2CN(c3ccc(N4CC[S+]([O-])CC4)c(F)c3)C(=O)O2)cc1,-23.5,0
M2R-decoy_1166,COc1c(OC)c(O)c2c(=O)cc(C)oc2c1Br,-23.49,0
M2R-decoy_240,CC1(NC(=O)N2CCCCC2)CCS(=O)(=O)C1,-23.49,0
M2R-decoy_7493,N#CC1(NC(=O)[C@@H]2Cc3ccc(c(I)c3)OCCCCOc3ccc(Cl)cc3C(=O)N2)CC1,-23.49,0
M2R-decoy_1336,C=C1C(=O)O[C@H]2/C=C(C)\C=C/[C@H]3O[C@]3(C)C[C@@H](OC(C)=O)[C@@H]12,-23.48,0
M2R-decoy_1966,COc1ccc(S(=O)(=O)N(CC(C)C)C[C@@H](O)[C@H](Cc2ccccc2)NC(=O)[C@H](C)NC(C)=O)cc1,-23.48,0
M2R-decoy_1696,CCOC(=O)CC1(CC)Oc2ccccc2N1S(=O)(=O)c1ccc(C)cc1,-23.48,0
M2R-decoy_6370,CC1(C)[C@@H]2CC[C@@]1(CS(=O)(=O)N1CCC3(CCc4ccccc43)CC1)[C@@H](N1C(=O)NC(CCS(C)(=O)=O)C1=O)C2,-23.48,0
M2R-decoy_705,CC(C)(C)c1csc(C[NH+]2CCN(S(=O)(=O)c3cccnc3)CC2)n1,-23.48,0
M2R-decoy_10243.1,CSC1=NP(=S)(SC)N(C)c2nc3n(c21)CCC3,-23.47,0
M2R-decoy_2159,CSCC[C@H](NC(=O)c1ccc(COCc2ccc(c3ccc(Cl)cc3)o2)cc1c1ccccc1C)C(=O)[O-],-23.47,0
M2R-decoy_1665,O=C1OCC2=C1C(c1cccc(OC(F)(F)F)c1)c1cc3c(cc1O2)OCO3,-23.47,0
M2R-decoy_4729,CCOC(=O)C1C(=O)CC(O)(OCC)C(C(=O)OCC)C1c1ccc(OC)cc1,-23.47,0
M2R-decoy_987,Cc1cc(NC(=O)C2CCN(S(=O)(=O)c3cccs3)CC2)no1,-23.47,0
M2R-decoy_10272,O=C1CSC(c2c(Cl)cccc2Cl)N1n1cnc2cncnc21,-23.46,0
M2R-decoy_274,Oc1noc2ccc(I)cc12,-23.46,0
M2R-decoy_166,O=S1(=O)c2ccc(Br)cc2Oc2cccnc21,-23.46,0
M2R-decoy_4518,C=C(C)C(=O)OCC(O)COc1ccc(C(C)(C)c2ccc(OCC(O)COC(=O)C(=C)C)cc2)cc1,-23.46,0
M2R-decoy_4654,CC(C)c1nc(CN(C)C(=O)N2CCC[C@H]2C(=O)N[C@H](CC[C@H](Cc2ccccc2)NC(=O)OCc2cncs2)Cc2ccccc2)cs1,-23.46,0
M2R-decoy_4776,CC(=O)OCC1OC(Sc2nc(/C=C3\C=Nc4ccccc43)c(O)n2c2ccccc2)C(OC(C)=O)C(OC(C)=O)C1OC(C)=O,-23.46,0
M2R-decoy_5688,CCCCCCCCCCCC(=O)Oc1ccc(C2CC(=O)c3ccc(OC)cc3O2)cc1O,-23.46,0
M2R-decoy_2067,CSCC[C@H](NC=O)C(=O)N[C@@H](CC(C)C)C(=O)O[C@@H](Cc1ccccc1)C(=O)NCc1ccccc1,-23.45,0
M2R-decoy_2949,Cc1ccccc1n1c(SCc2cccc(F)c2)nc2nn(CC3COC3)cc2c1=O,-23.45,0
M2R-decoy_4143,CCCCCN(C[C@@H](O)[C@H](Cc1ccccc1)NC(=O)O[C@@H]1CCOC1=O)S(=O)(=O)c1ccc(OC)cc1,-23.45,0
M2R-decoy_4547,CCCCC(=O)N1C[C@H](NC(=O)CCCC/C=C/CCCCC(=O)N[C@H]2CN(C(=O)CCCC)C2=O)C1=O,-23.45,0
M2R-decoy_7109,CC(=O)O[C@H]1C[C@@]2(C)[C@@H](C[C@@H](O)[C@H]3[C@@]4(C)CC[C@@H](O)[C@@H](C)[C@@H]4CC[C@@]32C)/C1=C(\CCC=C(C)C)C(=O)NNS(C)(=O)=O,-23.45,0
M2R-decoy_6661,C[C@H]1CN([C@@H](C)CO)S(=O)(=O)c2ccc(Br)cc2O[C@H]1CN(C)C(=O)Cc1ccccn1,-23.45,0
M2R-decoy_8658,C=C1CC[C@H]2[C@@](C)(CC[C@@H](OC(C)=O)[C@@]2(C)COC(c2ccccc2)(c2ccccc2)c2ccccc2)[C@@H]1CC(OC(C)=O)C1=CCOC1=O,-23.45,0
M2R-decoy_10021,COC(=O)/C(C#N)=C/c1ccc(OCCCOC(=O)[C@]2(C)CC[C@]3(C)CC[C@]4(C)C5=CC=C6C(=CC(=O)C(O)=C6C)[C@]5(C)CC[C@@]4(C)[C@@H]3C2)c(C)c1,-23.44,0
M2R-decoy_2180,CN(CCOc1ccc(CC(Nc2ccccc2C(=O)c2ccccc2)C(=O)[O-])cc1)c1nc2ccccc2o1,-23.44,0
M2R-decoy_4274,CCN(CC)c1ccc(S(=O)(=O)N2CCOCC2)cc1NC(=O)COC(=O)/C=C/c1ccc(C)o1,-23.44,0
M2R-decoy_3328,CO[C@H]1CC(=O)[C@@]2(CC(=O)O[C@@H]2/C=C(\C)CCC=C(C)C)C[C@@H]1OC(C)=O,-23.44,0
M2R-decoy_534,CC1CCCCN1S(=O)(=O)c1cn(C)c(=O)n(C)c1=O,-23.44,0
M2R-decoy_10250,CC(C)(C)OC(=O)N1CCN(C(=O)OC(C(F)(F)F)C(F)(F)F)CC1,-23.43,0
M2R-decoy_3346,C=CCOC(=O)C1=C(C)NC(C)=C(C(=O)OCC=C)C1c1cccc(Oc2ccccc2)c1,-23.43,0
M2R-decoy_5914,CCOc1ccc(N(CC(=O)NCCSc2ccccn2)S(=O)(=O)c2ccc(Cl)cc2)cc1,-23.43,0
M2R-decoy_1102,Cc1ccc(C(=O)N2CCN(S(=O)(=O)c3c[nH]c4ncccc34)[C@@H](C)C2)s1,-23.42,0
M2R-decoy_7833,COC[C@@H]1NC(=O)c2cccc(c2)OCCCCCCCCOC[C@@H](C(=O)N[C@@H](Cc2ccccc2)C(=O)[C@@]2(C)CO2)NC1=O,-23.42,0
M2R-decoy_8735,CC[C@]12c3[nH]c4cc(c5ccco5)ccc4c3CCN1C(=O)[C@@H](CC(=O)NC/C=C(\C)CCC=C(C)C)C[C@@H]2C(=O)N1CCN(C(=O)C2CC2)CC1,-23.42,0
M2R-decoy_9192,C=C1/C(=C/C=C2/CCC[C@]3(CC[C@H](OCCC(C)(C)O)CC3)C2)C[C@@H](O)C[C@@H]1O,-23.42,0
M2R-decoy_9887,CCOC(=O)C1=C(C)N(c2cccc(C(F)(F)F)c2)C(=O)N(C)C1c1ccc(C#N)cc1C(=O)N1CC[NH+]2CCCC2C1,-23.42,0
M2R-decoy_1796,NC(=O)C12CC3CC(C1)C(NC(=O)C1SCCN1S(=O)(=O)c1ccc(F)cc1)C(C3)C2,-23.41,0
M2R-decoy_2024,[C-]#[N+]c1ccc(N[C@@H](c2nnc(c3ccccc3)o2)[C@H](C)OC(=O)CCC)c(C)c1Cl,-23.41,0
M2R-decoy_3387,CCCOc1ccc(C(=O)N(Cc2ccc(N(C)C)cc2)CC2CCCO2)cc1,-23.41,0
M2R-decoy_5220,CCN(c1ccccc1)S(=O)(=O)c1ccc(Cl)c(C(=O)N(CC2CCCO2)C2CCS(=O)(=O)C2)c1,-23.41,0
M2R-decoy_5597,CCCCCCCCSc1nc(N)nc2c1ncn2/C=C1/CC1(CO)CO,-23.41,0
M2R-decoy_6563,CNC(=O)[C@@H]1Cc2ccc(cc2)OCCCC[C@H](C(=O)NO)[C@@H](CCCc2cc(C(F)(F)F)cc(C(F)(F)F)c2)C(=O)N1,-23.41,0
M2R-decoy_8774,CN(CCc1c(CCOc2ccc(C(=O)[O-])cc2)c2cc(Cl)ccc2n1C(c1ccccc1)c1ccccc1)S(=O)(=O)Cc1ccccc1,-23.41,0
M2R-decoy_11248,CC1CN(S(=O)(=O)c2cc(S(C)(=O)=O)ccc2Br)c2cccnc2O1,-23.4,0
M2R-decoy_136,CC(=O)N1N=C(c2ccncc2)OC12CCCC2,-23.4,0
M2R-decoy_1478,COC(C/C=C/C(=O)[C@@H](C)OCc1ccccc1)OC,-23.4,0
M2R-decoy_2503,CCOc1ccc(S(=O)(=O)N2CCCC2)cc1,-23.4,0
M2R-decoy_4135,COCCOCCOCCOc1c(OC)cc2cc(C(=O)N3C[C@@H](CCl)c4c3cc(O)c3[nH]c(C(=O)OC)cc43)[nH]c2c1OC,-23.4,0
M2R-decoy_4299,CCCNC(=O)N[C@@H](C)c1ccc(S(=O)(=O)c2ccc(OC)cc2S(=O)(=O)c2ccc(OC)cc2)cc1,-23.4,0
M2R-decoy_3393,C/C(=N/OCO/N=C(\C)c1ccccc1F)c1ccccc1F,-23.4,0
M2R-decoy_1814,CCOc1ccc(Cc2cc(C34OC[C@@](CO)(O3)[C@@H](O)[C@H](O)[C@H]4O)ccc2Cl)cc1F,-23.39,0
M2R-decoy_2810,Cc1ccc(Cn2cc(CNC(=O)c3cnc(Nc4ccc(C#N)cc4)cc3Oc3c(C)cc(C)cc3C)nn2)cc1,-23.39,0
M2R-decoy_5970,COc1cc(/C=C/C(=O)c2ccccc2)ccc1OCc1cn(C2C(=O)N(c3ccc(C)cc3)C2/C=C/c2ccccc2)nn1,-23.39,0
M2R-decoy_7379,C=C(C)[C@@H]1CC[C@]2(CO)CC[C@]3(C)[C@H](CC[C@@H]4[C@@]5(C)CC[C@H](O[C@@H]6O[C@@H](CO)[C@H](O)[C@H]6O)C(C)(C)[C@@H]5CC[C@]43C)[C@@H]12,-23.39,0
M2R-decoy_7769,O=C([O-])c1ccc(N(Cc2ccc(C3CCCCC3)cn2)C(=O)[C@H]2CCN2S(=O)(=O)c2c(F)c(F)c(F)c(F)c2F)c(F)c1,-23.39,0
M2R-decoy_910,Cn1c(=O)c2c(nc3n2CCN3CC2CCCCC2)n(C)c1=O,-23.39,0
M2R-decoy_989,COc1cc(NC(=S)N2CCN(C(=O)C3CCCO3)CC2)cc(OC)c1,-23.39,0
M2R-decoy_10456,CCN(c1nc(C)cc(C)n1)c1ccc(C(C)C)cc1I,-23.38,0
M2R-decoy_3876,C=C1/C=C/C(=O)N(C)CC(=O)N[C@@H](CC(=O)OC(C)C)C(=O)O[C@@H]([C@H](C)CCCCCCCCCCCC(C)C)[C@H](C)C(=O)N1,-23.38,0
M2R-decoy_325,Cc1c(Br)c(Br)c(C)[s+]1[O-],-23.38,0
M2R-decoy_9870,Cc1cc(N=S2(=O)CC3(COC3)C2)cc2ncnc(Nc3ccc(Cl)cc3O[C@H](C)C(=O)N[C@@H](C)C(F)(F)F)c12,-23.38,0
M2R-decoy_2752,CC(=O)c1cccc(N2C[C@@H](C(=O)N[C@@H](Cc3ccccc3)[C@@H](O)C[C@H](Cc3ccccc3)NC(=O)COc3c(C)cccc3C)OC2=O)c1,-23.37,0
M2R-decoy_3609,CC(Oc1ccccc1C(F)(F)F)C(=O)NCCC(=O)N(C)C,-23.37,0
M2R-decoy_9257,CC(=O)N(C)[C@H]1CCN(C(=O)c2cc(C#N)ccc2C2C3=C(CCC3=O)N(c3cccc(C(F)(F)F)c3)C(=O)N2C)C1,-23.37,0
M2R-decoy_11008,COC(=O)Cc1ccc(S[C@@H]2O[C@@H]3O[C@@]4(C)CC[C@H]5[C@H](C)CC[C@@H]([C@H]2C)[C@@]35OO4)cc1,-23.36,0
M2R-decoy_11132,Cn1c(=O)c2c(nc([S+]([O-])CCc3ccc(Br)cc3)n2C)n(C)c1=O,-23.36,0
M2R-decoy_10274,O=S1(=O)N=C(Oc2ccccc2Br)c2ccccc21,-23.36,0
M2R-decoy_1641,COc1ccc(S(=O)(=O)NC2CC(C)(C)[NH2+]C(C)(C)C2)c(C)c1C,-23.36,0
M2R-decoy_3554,CCC(CC)c1nc(CN(C)C(=O)NC(C(=O)N[C@@H](Cc2ccccc2)C[C@H](O)[C@H](Cc2ccccc2)NC(=O)OCc2cncs2)C(C)C)cs1,-23.36,0
M2R-decoy_720,Cc1cc(Sc2ccc(Cl)cc2)c(S(C)(=O)=O)cc1C(=O)[NH+]=C(N)N,-23.36,0
M2R-decoy_7681,COc1ccc(COC[C@H](C)N2C[C@@H](C)[C@H](CN(C)S(=O)(=O)c3ccc(F)cc3)OCCCC[C@H](C)Oc3ccc(F)cc3C2=O)cc1,-23.36,0
M2R-decoy_7870,CC(=O)N1CCOc2ccccc2/C=C\CNC(=O)[C@H](Cc2ccccc2)NC(=O)C2(CCCC2)NC(=O)[C@@H]1CC(C)C,-23.36,0
M2R-decoy_2195,CCCCCCc1cc(N[C@@H](CC(C)C)C(=O)NCCCOCC)nc(n2ccnc2)n1,-23.35,0
M2R-decoy_2374,CC(C)OCCS(=O)(=O)N(C)Cc1ccco1,-23.35,0
M2R-decoy_3973.1,CCOP(=O)(F)/C=C/c1cc(OC)c(O)c(c2cc(/C=C/P(=O)(OCC)OCC)cc(OC)c2O)c1,-23.35,0
M2R-decoy_4122,CCCCCN(C[C@@H](O)[C@H](Cc1ccccc1)NC(=O)O[C@H](C)CCC(C)=O)S(=O)(=O)c1ccc2ncsc2c1,-23.35,0
M2R-decoy_6380,C[C@]12CC[C@@H]3c4ccc(O)cc4CC[C@H]3[C@@H]1CC[C@@]2(O)C#CCCCCC#Cc1cn([C@H]2C[C@H](O)[C@@H](CO)O2)c(=O)[nH]c1=O,-23.35,0
M2R-decoy_10431,CC1(C)[C@@H]2CC[C@@]1(CS(=O)(=O)N1CCN(c3ccc(C(F)(F)F)cn3)CC1)C(F)C2,-23.34,0
M2R-decoy_102,CC(C)C[C@H](NC(=O)OCc1ccccc1)C(=O)N[C@@H](Cc1ccccc1)C(=O)N[C@H](/C=C/C(=O)N1CCCO1)CCC(N)=O,-23.34,0
M2R-decoy_3499,CC(C)(C)COC(=O)N[C@@H](CCCC[NH3+])C(=O)c1noc(Cc2ccc(OCCc3ccc(Cl)c(Cl)c3)cc2)n1,-23.34,0
M2R-decoy_4281,COc1ccccc1N1CCN(S(=O)(=O)CCNC(=O)COc2ccc(C(C)C)cc2)CC1,-23.34,0
M2R-decoy_6049,COC(=O)CCC(=O)OC1(C)C(=O)C2=CN(c3ccc(OC)cc3)C(c3ccc(OC)cc3)=CC2=C(Br)C1=O,-23.34,0
M2R-decoy_70,CCCC(/C=C/C=C/C=C/C#CC#CCCCOCOCCOC)OCOCCOC,-23.34,0
M2R-decoy_8231,COc1cc([C@@H]2c3cc4c(cc3[C@@H](NC(=O)c3ccc(NS(=O)(=O)c5cccc6nsnc56)cc3)[C@H]3COC(=O)[C@@H]32)OCO4)cc(OC)c1OC,-23.34,0
M2R-decoy_8291,Cc1cccc(C[C@H](NC(=O)C(c2ccccc2)c2ccccc2)C(=O)N[C@H](C#N)CCCc2cccc(C(=O)[O-])c2)c1,-23.34,0
M2R-decoy_6728,Cc1ccccc1CN(C1Cc2cc(C#N)ccc2N(Cc2cncn2C)C1=O)S(=O)(=O)c1cn(C)cn1,-23.34,0
M2R-decoy_11398,Cc1cc(C)c(S(=O)(=O)N2CCOCC2)c(C)c1N(C)S(=O)(=O)c1ccccc1,-23.33,0
M2R-decoy_6480,C[C@H]1CN([C@H](C)CO)C(=O)c2cc(C#CC3CCCCC3)cnc2O[C@@H]1CN(C)S(=O)(=O)c1cccc(F)c1,-23.33,0
M2R-decoy_7352,Cc1c(NC(=O)c2cnn3c2NC(c2ccc(Br)cc2)CC3C(F)(F)F)c(=O)n(c2ccccc2)n1C,-23.33,0
M2R-decoy_7768,COC(=O)CCC(=O)OC1(C)C(=O)C2=CN(Cc3ccc4c(c3)OCO4)C(c3ccc(OC)cc3)=CC2=C(Br)C1=O,-23.33,0
M2R-decoy_9250,CC(C)C[C@@]12C(=O)N(c3cccc(Cl)c3)C(=O)N1[C@H](c1ccc(Cl)cc1)[C@@H]1C(=O)N(C3CCCCC3)C(=O)[C@@H]12,-23.33,0
M2R-decoy_1797,N#C[C@H](CC(N)=O)NC(=O)[C@@H]1CCCN1S(=O)(=O)c1ccc(C(F)(F)F)cc1,-23.32,0
M2R-decoy_2073,COC(=O)N[C@H](C(=O)NCc1ncc(C(CO)N(CCC(C)C)S(=O)(=O)c2ccccc2)s1)C(c1ccccc1)c1ccccc1,-23.32,0
M2R-decoy_3815,CCOC(=O)CN(Cc1cc(OC)cc(N(C)C)c1OC)C(=O)C1CC(CO[Si](C)(C)C(C)(C)C)=CN1C(=O)OC(C)(C)C,-23.32,0
M2R-decoy_9262,Cc1ccc(S(=O)(=O)N2C[C@H]3C(=O)C[C@@H]4C(=O)N(c5ccccc5)C(=O)[C@@H]4[C@@H]3C[C@H]2c2cccc(Cl)c2)cc1,-23.32,0
M2R-decoy_10972,CC1=CC2=C[C@H](C)C[C@@]23O[C@]2(CC(C)(C)[C@@H](Br)[C@@H]2C1=O)[C@](C)(Br)C3=O,-23.31,0
M2R-decoy_2923,C#CCSc1nc(N/N=C/c2c(O)ccc3ccccc23)c2nnn(Cc3ccccc3)c2n1,-23.31,0
M2R-decoy_5497,CCOc1cc(C[NH+]2CCC3(CCN(S(=O)(=O)c4cccnc4)CC3)CC2)cc(OCC)c1c1ccc(F)cc1,-23.31,0
M2R-decoy_674,CCOC(=O)N1CCN(C(=S)NC(=O)C23CC4CC(CC(C4)C2)C3)CC1,-23.31,0
M2R-decoy_1922,COCC(C)[NH+]1CCc2nc(C(=O)Nc3cc(C(=O)[O-])ccc3CNC(=O)c3ccc(Cl)s3)sc2C1,-23.3,0
M2R-decoy_2962,CCCOc1nc(c2c(C)cc(C)cc2OC)nc(C)c1N(CCC)CCC,-23.3,0
M2R-decoy_522,Nc1nc(O)c2ncn([C@H]3C=C(F)[C@@H](CO)S3)c2n1,-23.3,0
M2R-decoy_5752,Cc1ccc(CC[C@H]([NH2+][C@H](C)C(=O)[O-])C(=O)N[C@@H](CC(C)C)C(=O)Nc2ccccc2)cc1C,-23.3,0
M2R-decoy_8496,COCCNS(=O)(=O)c1ccc(NC(=O)c2cc(N(CC3CC3)C3CCCCC3)ncn2)c(C)c1,-23.3,0
M2R-decoy_9243,C[NH2+]C1(c2nc(c3cc(C(C)(C)C)c(O)c(C(C)(C)C)c3)cs2)CCOCC1,-23.3,0
M2R-decoy_9946,CC1(C)Cc2nc(C3CCN(c4ncc(OCCCCC(=O)[O-])cn4)CC3)c([C@@H](F)c3ccc(C(F)(F)F)cc3)c(C3CCC(F)(F)CC3)c2[C@@H](O)C1,-23.3,0
M2R-decoy_10380,CC(=O)OCCN1c2c(ssc2=O)Sc2ssc(=O)c21,-23.29,0
M2R-decoy_28,C=C(C)CNC(=S)N/N=C/C1=CCC2CC1C2(C)C,-23.29,0
M2R-decoy_4600,Cc1cn(Cc2cn(C[C@H](OCc3ccccc3)[C@@H](O)P(=O)(OCc3ccccc3)OCc3ccccc3)nn2)c(=O)[nH]c1=O,-23.29,0
M2R-decoy_4689,CCN(CC)C(=O)CN(c1ccc(C)cc1)S(=O)(=O)c1ccc(OC)c(OC)c1,-23.29,0
M2R-decoy_5720,CCOP(=O)(OCC)OC[C@H]1O[C@@H](c2ccc(CC)c(Cc3ccc4c(c3)OCCO4)c2)[C@H](O)[C@@H](O)[C@@H]1O,-23.29,0
M2R-decoy_6170,CS(=O)(=O)N1CCCc2ccc(N(S(=O)(=O)c3ccc(F)cc3)S(=O)(=O)c3ccc(F)cc3)cc21,-23.29,0
M2R-decoy_6299,Cc1cccc(N2CCN(C(=O)C3CCN(c4ccc(S(=O)(=O)C5(C(=O)NO)CCOCC5)cc4)CC3)CC2)c1C,-23.29,0
M2R-decoy_8448,COc1cc(C(=O)/C=C\Nc2ccc(c3nc4cc(OC)c(OC)c(OC)c4s3)cc2C)c(Br)c(OC)c1OC,-23.29,0
M2R-decoy_8484,COC[C@H](C)Oc1cc(O[C@@H](C)Cc2ccc(Cl)o2)cc(C(=O)Nc2ccc(C(=O)[O-])cn2)c1,-23.29,0
M2R-decoy_6446,CCS(=O)(=O)c1ccc(Oc2cc(c3c(C)noc3C)ccc2OC)c(c2cn(C)c(=O)c3cncn32)c1,-23.28,0
M2R-decoy_7460,CC1=CCC[C@@H]2[C@@]3(C)[C@@H](OC(=O)c4cccnc4)C[C@]4(COC(=O)C4)O[C@@]3(C)[C@@H](O)[C@H](OC(=O)c3ccccc3)[C@@]12C,-23.28,0
M2R-decoy_2487,CCOCC1CCN(S(C)(=O)=O)CC1,-23.27,0
M2R-decoy_36,COCN(N)c1nnc(c2ccccc2Cl)s1,-23.27,0
M2R-decoy_4460,O=C(CCCCCCCSc1nc(O)cc(Cc2ccccc2)n1)NO,-23.27,0
M2R-decoy_7223,COc1c(Br)cc(Cc2c(Br)c(Br)c(OC)c(OC)c2Br)c(Br)c1OC,-23.26,0
M2R-decoy_7742,CCC(=O)O[C@H]1C[C@@H]2C(=CC[C@H]3[C@]4(C)C[C@@H](O)[C@H]([C@@](C)(O)C(=O)CCC(C)(C)OC(C)=O)[C@@]4(C)CC(=O)[C@]32C)C(C)(C)[C@@H]1O,-23.26,0
M2R-decoy_8465,CCCCc1nnc(SCc2cccc(C(=O)OC)c2)n1Cc1ccc(NC(=O)c2ccccc2C(=O)[O-])cc1,-23.26,0
M2R-decoy_1586,COCCCNC(=O)Cn1cc2c(n1)CCC(C)C2,-23.25,0
M2R-decoy_6972,COC(=O)C(C)CC(=O)C[C@@H](C)[C@H]1CC(=O)[C@@]2(C)C3=C(C(=O)[C@@H](OC(C)=O)[C@]12C)[C@@]1(C)CC[C@H](O)C(C)(C)[C@@H]1C[C@@H]3O,-23.25,0
M2R-decoy_10838,COc1ccc(Cl)cc1OC1CN(S(=O)(=O)c2ccc3scnc3c2)C1,-23.24,0
M2R-decoy_1013,COc1cc2c(S(=O)(=O)N3CCN(C(=O)c4ccccc4)CC3C)c[nH]c2cn1,-23.24,0
M2R-decoy_11466,COc1ccc(S(=O)(=O)N2CCOC23CCN(C(=O)c2c(F)cccc2Cl)CC3)cc1,-23.24,0
M2R-decoy_560,OC[C@H]1O[C@@H](c2ncc(Cl)nc2Cl)[C@H](O)[C@@H]1O,-23.24,0
M2R-decoy_6007,CC(C)CC(NC(=O)OC(C)(C)C)C(=O)NC(CC(=O)OCc1ccccc1)C(=O)OCc1ccccc1,-23.24,0
M2R-decoy_9739,O=C(c1cnn2c(Br)cccc12)N1CCN(C(=O)c2ccc(Cl)cc2)C(c2ccc(Cl)cc2)C1,-23.24,0
M2R-decoy_8467.1,CCC(=O)Oc1cccc(C[NH+](C)CCCCCCCOc2ccc3c(c2)O/C(=C\c2ccc4ccccc4c2)C3=O)c1,-23.24,0
M2R-decoy_6928,CCCN(c1ccccc1)S(=O)(=O)c1ccc(C(=O)Nc2ccc(I)cc2C(=O)[O-])cc1,-23.23,0
M2R-decoy_7049,O=C(C[C@@H]1C/C=C\C[C@H](Cc2ccc(F)cc2)C(=O)OC[C@@H](Cc2c[nH]c3ccccc23)NC1=O)NCCO,-23.23,0
M2R-decoy_9048,CCCCc1nc(Cl)c(COC(=O)Cc2cc(C(C)(C)C)c(O)c(C(C)(C)C)c2)n1Cc1ccc(c2ccccc2C2=NN=NN2)cc1,-23.23,0
M2R-decoy_4690,Cc1nn(CCCC(=O)NCc2ccco2)c(=O)c2nn(c3ccccc3)c(C)c12,-23.22,0
M2R-decoy_6023,CC(=O)OC(C)OC(=O)C(c1ccc(C2(NC(=O)c3cc4c(Cl)c(Cl)ccc4n3C)COC2)cc1)c1cccnc1,-23.22,0
M2R-decoy_6565,Nc1ccc2c(c1)COCCCCCCCN(C[C@@H](O)[C@H](Cc1ccccc1)NC(=O)O[C@H]1CO[C@H]3OCC[C@@H]13)S2(=O)=O,-23.22,0
M2R-decoy_9487,CCOP(=O)(OCC)C(CNc1ccc(NC(=S)NC(=O)[C@]2(C)CCC[C@]3(C)c4ccc(C(C)C)cc4CC[C@H]32)cc1)P(=O)(OCC)OCC,-23.22,0
M2R-decoy_10942,O=C(Cc1c(Cl)c[n+]([O-])cc1Cl)c1ccc(OC(F)F)c2c1OCC1(COC1)CO2,-23.21,0
M2R-decoy_2135,CCCCOc1ccc(Sc2nc(N)nc3c2ncn3CCOCP(=O)(OCC(F)(F)F)OCC(F)(F)F)cc1,-23.21,0
M2R-decoy_3569,C=CCOCC(O)CS(=O)(=O)Cc1ccc(Cl)cc1,-23.21,0
M2R-decoy_3856,CO[C@H](CNS(=O)(=O)c1ccc2c(c1)OCCO2)C[C@@H](Cc1ccccc1)C(=O)N[C@H]1c2ccccc2C[C@H]1OC,-23.21,0
M2R-decoy_9209,CCC(CC)C(=O)Nc1sc2c(c1C(N)=O)CCC(C(C)(C)CC)C2,-23.21,0
M2R-decoy_10628,O=C(N1CCCCC1)n1cnc(S(=O)(=O)[C@@H]2C[C@H]3CC[C@@H]2C3)n1,-23.2,0
M2R-decoy_10975,COc1ccc(S(=O)(=O)c2cnc3cc(Cl)ccc3c2N2CCC(C)CC2)cc1Cl,-23.2,0
M2R-decoy_2827,C=CCSc1ccc2c3c(cccc13)C1=NC(=O)C(C(=O)OCC(=O)SCCC)=C12,-23.2,0
M2R-decoy_29,CN(C)c1nc(N)c(C#N)c(c2ccccc2)c1C#N,-23.2,0
M2R-decoy_2926,COc1cccc(n2c(SCC(=O)NCC3CCCO3)nc3c4ccccc4nc-3c2O)c1,-23.2,0
M2R-decoy_473.1,Cc1nc2cc(NN=C3C(=O)CCCC3=O)ccc2s1,-23.2,0
M2R-decoy_5399,COC1OC(C)C(OCc2ccccc2)C(OS(=O)(=O)c2ccc(C)cc2)C1OS(=O)(=O)c1ccc(C)cc1,-23.2,0
M2R-decoy_4916,COC(=O)c1cc([C@@H](OC(=O)c2cccnc2)[C@H](OC(=O)c2cccnc2)[C@@H](COC(=O)c2cccnc2)OC(=O)c2cccnc2)oc1C,-23.2,0
M2R-decoy_4153,CCCCCCOc1cc(C(C)(F)F)ccc1CNC(=O)C(C)c1ccc(NS(C)(=O)=O)c(F)c1,-23.19,0
M2R-decoy_3378,CC(=O)OC(CC1OC1(C)C)/C(C)=C/COc1ccc(CCNC(=O)c2ccccc2)cc1,-23.19,0
M2R-decoy_8960,CC1(C)CCC(C)(C)c2cc(NC(=O)c3ccc(C(=O)OCCCCCCOC(=O)c4ccc(OCc5c(c6ccccc6)no[n+]5[O-])cc4)cc3)ccc21,-23.19,0
M2R-decoy_1353.1,N#CC1=C(N)SC(N)=C(C#N)C1C1=CC=NC2C=CC=CC12,-23.18,0
M2R-decoy_15,CN(C(=O)Cc1coc(c2cccs2)n1)C1(C#N)CCC1,-23.18,0
M2R-decoy_3699.1,O=C(Cc1cccc(OC(F)(F)F)c1)Nc1ccc(CCCCc2nnc(NC(=O)Cc3ccccn3)s2)nn1,-23.18,0
M2R-decoy_6221.1,COc1cc(Cl)cc(c2cc(OC)c(n3c4c(ccc3=O)CN(S(=O)(=O)Nc3ccon3)CC4)cc2F)c1,-23.18,0
M2R-decoy_8904,CCOC(=O)C(C)(C)Oc1ccc(CN(Cc2ccc(CC(C)C)cc2)C(=O)Nc2ccc(F)cc2F)c(OC)c1,-23.18,0
M2R-decoy_1378,Cc1cs/c(=N\C2CCCCC2)n1/N=C/c1ccc(O)c(O)c1O,-23.17,0
M2R-decoy_4564,COC(=O)[C@H](Cc1ccccc1)NC(=O)N(CCC#N)CCCCN(CCC#N)C(=O)N[C@@H](Cc1ccccc1)C(=O)OC,-23.17,0
M2R-decoy_6260,CC(C)([NH3+])/C=C(\C#N)C(=O)N1CCCC(n2nc(c3ccc(Oc4ccccc4)cc3F)c3c(N)ncnc32)C1,-23.17,0
M2R-decoy_9235,Cc1cccc(COc2ccccc2C(=O)N(CCC[NH3+])Cc2cccs2)c1,-23.17,0
M2R-decoy_9612,CCCn1cc2c(SC)nc(SC)nc2n1,-23.17,0
M2R-decoy_10550,CC(C)(C)n1nc2c(c1NC(=O)c1ccc(Br)o1)C[S+]([O-])C2,-23.16,0
M2R-decoy_1381,CC(C)[C@@H]1c2cn[nH]c2C(=O)CN1S(=O)(=O)c1ccc(Cl)cc1,-23.16,0
M2R-decoy_3676,CC(SCCS(C)(=O)=O)c1nc(Cc2ccc(F)cc2)no1,-23.16,0
M2R-decoy_8068,CC[C@H](C)[C@H]1C(=O)N[C@H](Cc2cc(Cl)c(O)c(Cl)c2)C(=O)N[C@@H](C(C)C)C(=O)O[C@H](c2ccccc2)[C@H](C)/C=C/C=C(\C)[C@H](OC)C[C@@H]2O[C@@]2(C)C(=O)N1C,-23.16,0
M2R-decoy_1006.1,Cc1nc2scc(C)n2c(=O)c1S(=O)(=O)NC(C)c1ccccc1,-23.15,0
M2R-decoy_3805,CC(C)OCCCNC(=O)CCCn1c(SCC(=O)c2ccc(F)cc2)nc2c(sc3ccccc32)c1=O,-23.15,0
M2R-decoy_5324,CSCC[C@H](NC(=O)CCN(c1cc(C)cc(C)c1)S(=O)(=O)c1ccc(Cl)cc1)c1nc2ccccc2[nH]1,-23.15,0
M2R-decoy_7167,CCCS(=O)(=O)NNC(=O)/C(CCC=C(C)C)=C1\[C@@H](OC(C)=O)C[C@@]2(C)[C@H]1C[C@@H](O)[C@H]1[C@@]3(C)CC[C@@H](O)[C@@H](C)[C@@H]3CC[C@@]12C,-23.15,0
M2R-decoy_11113,O=S(=O)(c1ccc(N2CCOCC2)c(N=C=S)c1)N1CCOCC1,-23.14,0
M2R-decoy_1374,C[C@@H](Oc1cc(I)cc2ncccc12)[C@H]1CNC(=O)C1,-23.14,0
M2R-decoy_1542,CCS(=O)(=O)CCNC(=O)NCCC(C)(C)C,-23.14,0
M2R-decoy_3010,COCC1CCCCN1C(=O)c1cccc(OC2CCN(C(=O)C3CC3)CC2)c1,-23.14,0
M2R-decoy_1643,COc1cc(C)c(C)cc1S(=O)(=O)NC1CC(C)(C)[NH2+]C(C)(C)C1,-23.14,0
M2R-decoy_3649,CCCCN(C1CCS(=O)(=O)C1)S(=O)(=O)c1ccc(OC)cc1,-23.14,0
M2R-decoy_6353,CCOC(=O)[C@H]1[C@@H](OC(C)=O)[C@@H]2[C@@]3(C)C=CC(=O)[C@@](C)(C(=O)OC)C3=CC(=O)[C@@]2(C)[C@@]23O[C@@H]2C[C@@H](c2ccoc2)[C@]13C,-23.14,0
M2R-decoy_6906,O=S(=O)(NS(=O)(=O)N1CCc2ccc(Br)cc2C1)N1CCc2ccc(Br)cc2C1,-23.14,0
M2R-decoy_7131,O=C(CN1CN(c2ccccc2)C2(CCN(C(=O)c3ccc(C4CCCCC4)cc3)CC2)C1=O)N1CCC(CO)CC1,-23.14,0
M2R-decoy_7372,O=C1NC/C=C\c2ccccc2OCC[NH2+][C@@H](Cc2ccccc2Cl)C(=O)NC2(CCCC2)C(=O)N[C@H]1Cc1ccccc1,-23.14,0
M2R-decoy_9409,COc1ccc(c2ccc(Cn3c(CC(C)(C)C(=O)[O-])c(SC(C)(C)C)c4cc(OCc5cc(C)on5)ccc43)cc2)cn1,-23.14,0
M2R-decoy_9698,COc1nc(OCC#N)nc(N2CCCCC2)n1,-23.14,0
M2R-decoy_1561,CCOC(=O)[C@@H](Cc1ccc(O)cc1)NC(C)=O,-23.13,0
M2R-decoy_4155,CCC(CSC(CCc1ccccc1c1nnnn1C)c1cccc(OCc2ccc3ccc(Cl)cc3n2)c1)C(=O)[O-],-23.13,0
M2R-decoy_8274,COc1cccc(C(=O)c2ccccc2NC(Cc2ccc(OCCN(C)c3nc4ccccc4o3)cc2)C(=O)[O-])c1,-23.13,0
M2R-decoy_10620,Cc1cc2c(c3c1C(=O)Oc1c(C)c4c(c(O)c1O3)C(=O)OC4)CO2,-23.12,0
M2R-decoy_260,O=C1C2=CCCC1(O)C#Cc1ccccc1C#C[C@H]2O,-23.12,0
M2R-decoy_3972,CSc1ccc(/C=C2/C(C)=C(CC(=O)OCCCCCCOc3no[n+]([O-])c3S(=O)(=O)c3ccccc3)c3cc(F)ccc32)cc1,-23.12,0
M2R-decoy_4533,Cc1ccc(S(=O)(=O)N(CC(C)C)[C@H](CO)CCCCNC(=O)N(Cc2ccccc2)Cc2ccccc2)cc1,-23.12,0
M2R-decoy_6056,C/C=C(\C)C(=O)O[C@H]1C[C@@H](O)[C@@](C)(C=O)[C@@H]2[C@@H](OC(C)=O)[C@H]3O[C@@H]4C[C@@H](c5ccoc5)C(C)=C4[C@@]3(C)[C@@H](CC(=O)OC)[C@@]12C,-23.12,0
M2R-decoy_5925,CCS(=O)(=O)c1ccc(CC(=O)Nc2cc(c3cccnc3OCCc3ccccc3)cs2)cc1,-23.11,0
M2R-decoy_8475,CC(C)=CCC1Cc2c(OCCCNS(=O)(=O)c3ccc(Br)cc3)cc(=O)n(CCCO)c2CC1(C)C,-23.11,0
M2R-decoy_3706,CCCCCCCOC(=O)[C@@H]1C(C=O)=Cc2cc3c(cc2[C@H]1c1cc(OC)c(OC)c(OC)c1)OCO3,-23.1,0
M2R-decoy_4214,COc1ccc(S(=O)(=O)N(CC2CCCC2)C[C@@H](O)CN(CCc2ccccc2)C(=O)OC2CCSC2)cc1,-23.1,0
M2R-decoy_7137,CO[C@H]1[C@H](O)[C@@H](OC)[C@H](N(OC)[C@H]2CC[C@]3(C)[C@H]4C[C@@H](O)[C@]5(C)[C@@H](C6=CC(=O)OC6)CC[C@]5(O)[C@@H]4CC[C@@H]3C2)O[C@@H]1C,-23.1,0
M2R-decoy_8266,CCCC(C(=O)NCc1ccco1)N(CC1CCCO1)C(=O)CNS(=O)(=O)c1ccc(F)cc1,-23.1,0
M2R-decoy_8673,C=C(C)[C@H](OC(=O)CC)[C@H](C[C@@H](C)C1=C2C[C@H](OC(=O)CC)[C@H]3[C@@]4(C)CCC(=O)C(C)(C)[C@@H]4CC[C@]3(C)[C@@]2(C)CC1)OC(=O)CC,-23.1,0
M2R-decoy_1191,O=C1/C(=C/c2c[nH]c3ncccc23)Cc2cc3c(cc21)OCO3,-23.09,0
M2R-decoy_1681,COc1cc(OC)c(c2csc(N(C)C(=O)c3ccccc3)n2)c(OC)c1,-23.09,0
M2R-decoy_4876,COc1cc(c2nc(SCc3cn(CC(=O)NC(=O)Nc4ccccn4)nn3)nc(Nc3ccc(Cl)cc3)c2C#N)cc(OC)c1OC,-23.09,0
M2R-decoy_5824,CC(C)CN([C@H](CO)CCCCNC(=O)[C@@H](NC(=O)c1ccccn1)C(c1ccccc1)c1ccccc1)S(=O)(=O)c1ccc(N)cc1,-23.09,0
M2R-decoy_6495,CCC1(CC)C(=O)C2=C3C1[C@H](C(=O)OC)C=C(C(=O)OC)C[C@H]3[C@H]1C(=O)N(Cc3ccccc3)C(=O)[C@H]1[C@H]2C,-23.09,0
M2R-decoy_8384,O=C(/C=C/c1cccc(C(F)(F)F)c1)Nc1ccc(C(=O)NS(=O)(=O)c2ccc(NCCSc3ccccc3)c([N+](=O)[O-])c2)cc1,-23.09,0
M2R-decoy_10486,Cc1cc(N2CCOCC2)ccc1/C=C1\SC(=O)N(C(C)C)C1=O,-23.08,0
M2R-decoy_10506,O=C1C(Cl)C(c2ccc(Cl)cc2)N1n1cnc2ccccc2c1=O,-23.08,0
M2R-decoy_1565,CCSCCC(C)N(C)C(=O)c1ccc2nncn2c1,-23.08,0
M2R-decoy_1577,Cc1cccn2cc(C[S+]([O-])Cc3noc(C(C)C)n3)nc12,-23.08,0
M2R-decoy_4671,CCCCOP(=O)(OCCCC)C(Nc1ccc(CNC(=O)NC23CC4CC(CC(C4)C2)C3)cc1)C(C)(C)C,-23.08,0
M2R-decoy_6489,COc1ccc(n2c3c(c(=O)[nH]c2=O)C(NS(=O)(=O)c2ccc(Cl)cc2)(C(F)(F)F)C(=O)N3)cc1,-23.08,0
M2R-decoy_6964,O=C1C=CC(=O)C([C@@H]2O[C@H](CNC(=O)c3ccccc3)[C@@H](O)[C@H](OC(=O)c3ccccc3)[C@H]2OC(=O)c2ccccc2)=C1,-23.08,0
M2R-decoy_6611,CC(=O)OC[C@H]1O[C@@H](n2c(Br)nc3cc(Cl)c(Cl)cc32)[C@H](OC(C)=O)[C@@H]1OC(C)=O,-23.08,0
M2R-decoy_9976,O=C([O-])c1ccc(N(Cc2ccc(C3CCCCC3)cc2)C(=O)CN(Cc2c(F)c(F)c(F)c(F)c2F)S(=O)(=O)c2c(F)c(F)c(F)c(F)c2F)cc1O,-23.08,0
M2R-decoy_1169,O=C1Nc2c(cc(Cl)c(O)c2O)[C@@](C#CC2CC2)(C(F)(F)F)O1,-23.07,0
M2R-decoy_2747,COc1ccc(S(=O)(=O)N(CC2CCCC2)C[C@@H](O)CN(CCc2ccccc2)C(=O)N[C@H](C(=O)OCc2ccccc2)C(C)C)cc1,-23.07,0
M2R-decoy_2778,COc1ccc([C@H]2CC(=O)N(c3cccc(NS(=O)(=O)c4cccc(OC(F)(F)F)c4)c3)C2)cc1OC1CCCC1,-23.07,0
M2R-decoy_8143,Cc1cn([C@@H]2O[C@H](CO[Si](C)(C)C(C)(C)C)[C@@]3(OS(=O)(=O)C=C3NC(=O)N(C(=O)Nc3ccccc3)c3ccccc3)[C@H]2O[Si](C)(C)C(C)(C)C)c(=O)n(C)c1=O,-23.07,0
M2R-decoy_2468,CC(=O)N(C)S(=O)(=O)Cc1ccccc1,-23.06,0
M2R-decoy_2564,CCN1CCN(C[C@H]2CCN(S(=O)(=O)C[C@H]3CC[C@H](N(C)c4ncnc5[nH]ccc45)CC3)C2)C(=O)C1=O,-23.06,0
M2R-decoy_3372,C=CCC/C=C/C#CC#CCCCCCCCC[C@H]1C(=O)O[C@H](C)[C@@H]1OC(C)=O,-23.05,0
M2R-decoy_7593,CCOc1ccc(N2C(=O)[C@H](Oc3ccc(C4C(C#N)=C(N)OC5=C4C(=O)CC(C)(C)C5)cc3)[C@@H]2c2c3ccccc3cc3ccccc23)cc1,-23.05,0
M2R-decoy_2514,COc1ccc(S(=O)(=O)/C=C/c2cncnc2)cc1,-23.04,0
M2R-decoy_3954,COc1ccc(/C=C/C[C@H]2C[C@@H]([C@@H](O)c3ccc(OC)c(OC)c3)CO[C@@H]2c2ccc(OC)c(OC)c2)cc1OC,-23.04,0
M2R-decoy_4129,COc1cc(COC(=O)NC(C(=O)N[C@@H](Cc2ccccc2)[C@@H](O)C[C@H](Cc2ccccc2)NC(=O)OCc2cccnc2)C(C)C)on1,-23.04,0
M2R-decoy_5506,COc1cc(NC(=O)CCS(=O)(=O)c2nc(C(F)(F)F)cc(c3cccs3)n2)cc(OC)c1OC,-23.04,0
M2R-decoy_9597,CC(C)(O)COc1ccc(S(C)(=O)=O)cc1,-23.04,0
M2R-decoy_2572,CC[C@H]1C=CCC[C@@]2(C[C@@H]3CC[C@@H]4[C@H](C(=O)OCCCCCCCC(=O)[O-])[C@]5(CCC[C@@H](C)O5)NC(=[NH+]2)N34)O1,-23.03,0
M2R-decoy_1712,CC(=O)O[C@@H]1CC[C@@H](OC(C)=O)[C@@]2(CC(=O)O[C@@H]2/C=C(\C)CCC=C(C)C)C1,-23.03,0
M2R-decoy_711,N#Cc1ccc(S(=O)(=O)N2CSCC2C(=O)NCC(F)(F)F)cc1,-23.03,0
M2R-decoy_1285,CSCC[C@@H]1NC(=O)C/C=C\[C@@H](C)COC(=O)[C@H](C)COC1=O,-23.02,0
M2R-decoy_2335,CCOC(=O)Cc1csc(SCC(=O)Nc2nccs2)n1,-23.02,0
M2R-decoy_1609,CCc1ccc(/[NH+]=C2\SC3(CC3c3ccnc(N)c3)C(=O)N2C)cc1,-23.02,0
M2R-decoy_4782,CCCc1c(Cc2ccc(c3ccccc3c3nc(=O)o[nH]3)cc2)c(=O)n([C@H]2CC[C@H](OCCO)CC2)c2ncnn12,-23.02,0
M2R-decoy_6015,COc1nc(N(C)C)ncc1c1nc2c(n1C(C)C)C(c1ccc(Cl)cc1F)N(c1cc(Cl)cn(C)c1=O)C2=O,-23.02,0
M2R-decoy_1130,CC1=C(C(=O)OC(C)(C)C)C(c2ccsc2)NC(=O)N1C,-23.01,0
M2R-decoy_1782,OC[C@H]1O[C@@H](c2ccc(Cl)c(Cc3ccc4c(c3)OCCO4)c2)[C@H](O)[C@@H](O)[C@@H]1O,-23.01,0
M2R-decoy_1464,COc1ccc(OCCCOC2CCCCO2)cc1,-23.01,0
M2R-decoy_2849,CCOC(=O)C(Sc1ccccc1)c1c(OC)cc(=O)oc1/C=[N+](/[O-])c1ccc(N(C)C)cc1,-23.01,0
M2R-decoy_6292,O=C([O-])c1ccc(N2CC3(CC[NH+](Cc4cc5c(cc4c4cc(F)c(F)cc4F)CCC5)CC3)OC2=O)cc1,-23.01,0
M2R-decoy_6523,CO[C@H]1/C=C\C=C(/C)C(=O)NC2=CC(=O)C(NC3CC3)=C(C[C@@H](C)C[C@H](OC)[C@@H](F)[C@@H](C)/C=C(\C)[C@@H]1OC(N)=O)C2=O,-23.01,0
M2R-decoy_11102,CC1CCCC(C)N1S(=O)(=O)c1ccc(S(=O)(=O)N2CCOCC2)cc1,-23.0,0
M2R-decoy_440.1,CN1c2ccccc2OP1(=S)c1ccccc1,-23.0,0
M2R-decoy_4500,CCc1ccc2cc(S(=O)(=O)N(CCC(C)C)[C@@H](C(=O)NO)C(C)C)ccc2c1,-23.0,0
M2R-decoy_5888,CC(C)[C@H](NC(=O)c1cccnc1)C(=O)OCCCCOc1ccc(c2cc(=S)ss2)cc1,-23.0,0
M2R-decoy_9617,C=C/C=C\C=C\[PH](=O)/C=C/C,-23.0,0
M2R-decoy_4754,CC(=O)OCO/N=[N+](\[O-])N(C)CCOC(=O)/C(=C/c1ccc(S(C)(=O)=O)cc1)c1ccc(Br)cc1,-22.99,0
M2R-decoy_6782,Cc1n[nH]c(C)c1CC1(O)CCN(C(=O)c2ccc(NS(=O)(=O)c3cccc4nccnc34)cc2)CC1,-22.99,0
M2R-decoy_9301,Cc1cc2c(cc1Cl)C1(CCN(C(=O)[C@@H]3C[NH+](C(C)(C)C)C[C@H]3c3ccc(F)cc3F)CC1)C[C@@H]2C(C)(C)C(=O)N1CC[C@@H](F)C1,-22.99,0
M2R-decoy_6375,COC(=O)CCC(=O)OCC1=C(C)C[C@H]([C@@H](C)[C@H]2CC[C@H]3[C@@H]4C[C@H]5O[C@]56[C@@H](O)C=CC(=O)[C@]6(C)[C@H]4CC[C@@]32C)OC1=O,-22.98,0
M2R-decoy_7644,C[C@@H]1CC[C@H]2[C@@H](C)C(CC(COC(=O)c3ccncc3)CC3OC4O[C@]5(C)CC[C@H]6[C@H](C)CC[C@@H]([C@H]3C)C46OO5)OC3O[C@]4(C)CCC1C32OO4,-22.98,0
M2R-decoy_5565,O=C(CCC/C=C\C[C@H]1C(=O)C[C@@H](O)[C@@H]1/C=C/[C@H](O)CCc1ccccc1)NCCO,-22.97,0
M2R-decoy_508,CC12CCC(=O)N1C(C(=O)Nc1nccs1)CS2,-22.97,0
M2R-decoy_6851,COc1cc(NC(=O)c2cccc(I)c2C(=O)NC(C)(C)CS(C)(=O)=O)cc(C(F)(F)F)c1,-22.97,0
M2R-decoy_7368,CC(=O)O[C@@H]1CC[C@@]2(C)[C@@H](C[C@@H](OC(C)=O)[C@@]3(C)C4=CC[C@H]([C@H]5CO[C@](O)(C(C)(C)O)[C@H](O)C5)[C@]4(C)CC[C@H]23)C1(C)C,-22.97,0
M2R-decoy_7610,CC(C)C[C@@H]1OC(=O)C(C)(C)CNC(=O)[C@@H](Cc2cccc3ccccc23)NC(=O)/C=C/C[C@@H]([C@H](C)[C@H]2O[C@@H]2c2ccccc2)OC1=O,-22.97,0
M2R-decoy_2211,CCCCn1c(N)c(N(CCC(C)C)C(=O)COC(=O)c2cccnc2OCC)c(=O)[nH]c1=O,-22.96,0
M2R-decoy_2295,CCOP(=O)(Cc1ccc(c2nccs2)nc1)OCC,-22.96,0
M2R-decoy_3821,CSCC[C@H](NC(=O)c1ccc(COCc2ccc(c3ccc(Cl)c(F)c3)o2)cc1c1ccccc1C)C(=O)[O-],-22.96,0
M2R-decoy_6129,CC[C@H](C)[C@@H](OC(C)=O)[C@@H](C)C1=C(N)C(=O)C2=C(O[C@]3(C)CC[C@H]4O[C@@H](C(C)(C)O)CC[C@]4(C)[C@H]3[C@@H]2O)C1=O,-22.96,0
M2R-decoy_727,COC[C@@H]1CC(F)(F)CN1S(=O)(=O)c1ccc2c(c1)C(=O)C(=O)N2,-22.96,0
M2R-decoy_8692,C=C(C)[C@H]1CC=C2[C@@H](CC[C@]3(C)[C@@H]([C@@H](CCC=C(C)C)C(=O)[O-])CC[C@@]23C)[C@]1(C)CCC(=O)NCc1ccc(Br)cc1,-22.96,0
M2R-decoy_10386,O=C(C1CCCC1)N1CCN(S(=O)(=O)c2cccc(Cl)c2Cl)CC1,-22.95,0
M2R-decoy_1622,CN(C(=O)/C(C#N)=C\c1ccc(OC(F)F)cc1)C1CC[NH+](C)CC1,-22.95,0
M2R-decoy_3788,COc1cc(OC)cc(N(CC(OCC(O)C(C)C)C(C)C)c2ccc3ncc(c4cnn(C)c4)nc3c2)c1,-22.95,0
M2R-decoy_4358,CCOP(=O)(CCCn1cc(Cn2c(=O)n(C(=O)c3ccccc3)c(=O)c3ccccc32)nn1)OCC,-22.95,0
M2R-decoy_528,O=C1CSC(=S)N1/N=C/c1ccc(O)c(O)c1O,-22.95,0
M2R-decoy_7688,Cc1cccc(N2CCN(C(=O)[C@H](Cc3ccc(OS(=O)(=O)c4cccc5cnccc45)cc3)N(C)S(=O)(=O)c3cccc4cnccc34)CC2)c1C,-22.95,0
M2R-decoy_3040,CCCC(=O)O[C@H]1CC[C@@]2(C)C(=CC[C@H]3[C@@H]4CC=C(C(=O)Cn5cncn5)[C@@]4(C)CC[C@@H]32)C1,-22.94,0
M2R-decoy_5909,Cc1cc(C)c(S(=O)(=O)OC[C@H]2C=CC[C@@H](CCC[C@H]3O[C@H](C(=O)OC(C)C)CC[C@@H]3C)O2)c(C)c1,-22.94,0
M2R-decoy_1135,CC1CC(=NNC(=O)C2COc3ccccc3O2)CC(C)(C)C1,-22.93,0
M2R-decoy_2278.1,CCOCCc1nnc(NC(=O)CCS(=O)(=O)c2ccccc2)s1,-22.93,0
M2R-decoy_1566,O=C(COCc1ccco1)Nc1cc(C(F)(F)F)c[nH]c1=O,-22.93,0
M2R-decoy_3787,CCOC(=O)[C@@H]1[C@@H](C(=O)N[C@@H](CC(C)C)C(=O)OCc2ccccc2)N1C(=O)[C@H](Cc1ccccc1)NC(=O)OC(C)(C)C,-22.93,0
M2R-decoy_7116.2,COc1cc(COc2c(Cl)cccc2c2csc(N3CC[C@H](C(=O)[O-])[C@H](OC)C3)n2)cc2c1C[NH+](C1CCOCC1)CC2,-22.93,0
M2R-decoy_6602,COc1cccc(C2C3=C(N=c4s/c(=C\c5ccc(OCC(=O)[O-])cc5)c(=O)n42)c2ccccc2CC3)c1,-22.93,0
M2R-decoy_8311,COc1cc(Nc2ncnc3ccc(c4cn(CCCCCC(=O)NO)nn4)cc23)ccc1Oc1ccccc1,-22.93,0
M2R-decoy_9355,C=CCNC(=O)[C@@H](NC(=O)[C@](O)(CCCN(Cc1ccc(Br)cc1)NC(=O)[C@@H](NC(=O)OC)C(C)(C)C)Cc1ccc(C=C)cc1)C(C)C,-22.93,0
M2R-decoy_10702,Nc1c(F)cc(S(N)(=O)=O)cc1I,-22.92,0
M2R-decoy_1202,CC1=CC(c2ccc(Br)cc2)NC(=S)N1,-22.92,0
M2R-decoy_1633,CO[C@H]1CC[C@]2(CC1)Cc1ccc(CC(C)C)cc1C21[NH+]=C(N)N(C)O1,-22.92,0
M2R-decoy_646,CO[C@@H]1COC(=O)C/C=C\[C@H](C)[C@@H](OC)COC(=O)[C@H](C)NC(=O)C/C=C\[C@H]1C,-22.92,0
M2R-decoy_8785,COc1ccc(COc2ccc3c(c2)c(SC(C)(C)C)c(CC(C)(C)C(=O)[O-])n3Cc2ccc(c3ccc(OC)nc3)cc2)nc1,-22.92,0
M2R-decoy_11086,O=S(=O)(CC(F)(F)F)N(Cc1ccc(F)c(C(F)(F)F)c1)c1cc2ccccc2s1,-22.91,0
M2R-decoy_1373,O=S(=O)(c1ccc(Cl)cc1)N1Cc2c[nH]nc2CC1c1nccs1,-22.91,0
M2R-decoy_1032,CC1CCCN(C(=O)CCS(=O)(=O)c2cc3c(cc2Cl)NC(=O)CO3)C1,-22.91,0
M2R-decoy_3736.1,Cc1nnc(Cc2cccc(CC(=O)Nc3ccc(CCCCc4nnc(NC(=O)Cc5ccccc5)s4)nn3)c2)o1,-22.91,0
M2R-decoy_5023,CC(C)c1nc(CN(C)C(=O)N2C[C@H](O)C[C@H]2C(=O)N[C@@H](CC[C@@H](Cc2ccccc2)NC(=O)OCc2cncs2)Cc2ccccc2)cs1,-22.91,0
M2R-decoy_5129,CCCn1c(=O)c2nc(c3ccc(OCC(=O)NCCNC(=O)[C@@H](Cc4cccs4)NC(=O)OC(C)(C)C)cc3)[nH]c2n(CCC)c1=O,-22.91,0
M2R-decoy_6824,CC[C@]12c3[nH]c4ccc(Cl)cc4c3CCN1C(=O)[C@@H](CC(=O)NCc1ccco1)C[C@@H]2C(=O)N1CCN(C(=O)C2CC2)CC1,-22.91,0
M2R-decoy_6589,CC(=O)OCC12C(OC(C)=O)C[C@@H](C)C3(CC(c4ccoc4)OC3=O)C1CCC(OC(C)=O)C21CO1,-22.91,0
M2R-decoy_10734,COC(=O)N1C(=O)[C@](c2ccsc2)(C(C)C)N1C(=O)OC,-22.9,0
M2R-decoy_2427,C[C@@H](CC1CCCCC1)OC(=O)NN(C)C#N,-22.9,0
M2R-decoy_8344,CCCC(NC(=O)[C@@H]1[C@H]2CCC(F)(F)[C@H]2CN1C(=O)[C@@H](NC(=O)OC(C)C)C(C)C)C(=O)C(=O)N[C@@H](C)c1ccccc1,-22.9,0
M2R-decoy_9,O=c1c2c3c(sc2ncn1/N=C/c1ccco1)CCCC3,-22.9,0
M2R-decoy_843,COc1cccc(/C=c2\s/c(=C\C(=O)C(C)(C)C)[nH]c2=O)c1,-22.9,0
M2R-decoy_10700,c1cncc(C2OCC3(CO2)COC(c2cccnc2)OC3)c1,-22.89,0
M2R-decoy_11095,CC(c1nc(C(C)(C)C)no1)[NH+]1CC[NH+](Cc2ccc(C#N)cc2)CC1,-22.89,0
M2R-decoy_11418,COc1ccc(S(=O)(=O)c2cnc3cc(F)ccc3c2N2CCOCC2)cc1OC,-22.89,0
M2R-decoy_486,COC1=N[C@H](C(C)C)C(OC)=N[C@H]1[C@H]1CCCC(O)C1,-22.88,0
M2R-decoy_5930,CO[C@@H]1[C@@H](Cn2cncn2)[C@H](COc2ccc(OC(C)(C)C)cc2)CC[C@@]1(C)CCSc1nccn1C,-22.88,0
M2R-decoy_1783,O=S(=O)(Nc1ccncn1)c1cc(Cl)c(NCC23CCC[NH+]2CCC3)cc1F,-22.87,0
M2R-decoy_2068,CCOC(=O)[C@H](CC)NP(=O)(N[C@@H](CC)C(=O)OCC)c1ccc(c2nc(N)sc2CC(C)C)o1,-22.87,0
M2R-decoy_5502,CO[C@H]1C[NH+](Cc2ccc(Cl)cc2)C[C@H](OCC23C[C@@H]4[C@H](C)CC[C@H]4C4(C=O)CC2C=C(C(C)C)C34C(=O)[O-])O[C@@H]1C,-22.87,0
M2R-decoy_6493,COc1ncc(N2CCc3ncnc(O[C@H]4CCN(C(=O)C5CCS(=O)(=O)CC5)C4)c3C2)cc1C(F)(F)F,-22.87,0
M2R-decoy_9767,CC(C)(C)C(=O)N1C/C(=C\c2ccc(OC(=O)C(Cl)Cl)cc2)C(=O)/C(=C/c2ccc(OC(=O)C(Cl)Cl)cc2)C1,-22.87,0
M2R-decoy_1100,COc1ccc(S(=O)(=O)NC(C)C2=CC(=O)c3c(O)ccc(O)c3C2=O)cc1,-22.86,0
M2R-decoy_730,CC(C)[C@H]1CN(c2cnccn2)C[C@@H]1NC(=O)C1(C#N)CCOCC1,-22.86,0
M2R-decoy_10427,CN(C)c1cc(Cl)ccc1Cn1cnc2c(N(C)C)nc(C(F)(F)F)nc21,-22.85,0
M2R-decoy_1396,CC1(C)OC(c2ccc(S(C)(=O)=O)cc2)=C(c2ccc(O)cc2)C1=O,-22.85,0
M2R-decoy_10311,O=C1CSC(c2ccccn2)N1c1nnc2c3ccccc3nc-2s1,-22.85,0
M2R-decoy_2318,COCCOc1ccc(NC(=O)N(C(C)C)C2CC2)cn1,-22.85,0
M2R-decoy_2375,O=C1CCOP(=O)(N(CCCl)CCCl)N1,-22.85,0
M2R-decoy_5416,CCCC(=O)N[C@@H](C)c1ccc(S(=O)(=O)c2ccc(OC)cc2S(=O)(=O)c2ccc(OC)cc2)cc1,-22.85,0
M2R-decoy_7649,COc1cc(C2Oc3cc(c4cc(=O)c5c(O)cc(O)cc5o4)ccc3OC2/C=C2\C(=O)ON=C2c2ccc(Cl)cc2)ccc1O,-22.85,0
M2R-decoy_11030,N#Cc1ccc(CN(C(=O)c2ccncc2)c2ncc(C(O)(C(F)(F)F)C(F)(F)F)s2)cc1,-22.84,0
M2R-decoy_2385,C#CCOc1ccc(/C=C2/C(=O)ON=C2C)cc1OCC,-22.84,0
M2R-decoy_141,O=C1C=C(Br)C(=O)C(Br)=C1,-22.84,0
M2R-decoy_3218,COc1ccc(O[C@H]2C=C[C@@H](c3ccccc3)O[C@@H]2CON=C(C)C)cc1,-22.84,0
M2R-decoy_5814,CC(C)[C@H](NC(=O)[C@H](Cc1ccc(O)cc1)NC(=O)Cc1cccc2ccccc12)C(=O)NC(C=O)Cc1ccc(O)cc1,-22.84,0
M2R-decoy_6274,C[C@@H](CO)N1C[C@@H](C)[C@H](CN(C)C(=O)c2ccccc2F)Oc2cc(Br)ccc2S1(=O)=O,-22.84,0
M2R-decoy_7619,COc1c(Br)cc(Br)cc1Oc1c(Br)c(Br)c(Br)c(Br)c1OC,-22.84,0
M2R-decoy_8365,COc1ccc([C@@H](CCCN(C)S(=O)(=O)c2cccs2)N2Cc3c(cccc3N3CC[NH+](C(C)C)CC3)C2=O)cc1OC,-22.84,0
M2R-decoy_9596,CCOc1ccc(S(=O)(=O)NC2CC2)cc1,-22.84,0
M2R-decoy_10509,O=S(=O)(c1ccccc1F)N1CCN(c2nc3ccccc3s2)CC1,-22.83,0
M2R-decoy_10718,O=C(OC1CS[S+]([O-])C1)c1ccccc1Br,-22.83,0
M2R-decoy_1232,OC1(C#C[C@]2(C(F)(F)F)OCNc3ccc(Cl)cc32)CC1,-22.83,0
M2R-decoy_3070,CS(=O)(=O)CCCn1c(Cn2c(=O)n(C3CC3)c3ccncc32)cc2cc(Cl)ccc21,-22.83,0
M2R-decoy_7433,CC(=O)OC1COC(n2c(=S)n(c3ccccc3)c(=O)c3cc(Br)ccc32)C(OC(C)=O)C1OC(C)=O,-22.83,0
M2R-decoy_7861,C=C1[C@@H](OC(=O)/C=C/c2ccccc2)CC[C@@]2(C)C[C@H](OC(C)=O)C3=C(C)C[C@H](OC(C)=O)[C@@H]([C@@H](OC(C)=O)[C@H]12)C3(C)C,-22.83,0
M2R-decoy_7893,C[C@@H](OC(=O)N1CCC2(CCc3cc(c4ccc(CS(=O)(=O)Cc5ccccn5)cc4)ccc3O2)CC1)C(F)(F)F,-22.83,0
M2R-decoy_678,Cn1ccnc1C(C)(O)C#Cc1cc2c(cc1F)OCCn1cc(C(N)=O)nc1-2,-22.83,0
M2R-decoy_2168,COc1cccc(C(C(=O)NC(C)(C)C)N(CCc2ccccc2)C(=O)CCC(=O)Nc2cc(C)on2)c1OC,-22.82,0
M2R-decoy_5338,CCCCN(c1cccc(c2ccc(Cl)cc2)c1OC)S(=O)(=O)c1ccc(OC(C)C(=O)[O-])c(C)c1C,-22.82,0
M2R-decoy_6386,Cc1cc(C)c(C)c(S(=O)(=O)N2CCC(C(=O)Nc3ccc(S(=O)(=O)N4CCOCC4)cc3)CC2)c1C,-22.82,0
M2R-decoy_2322,CCCCc1nnc([S+]([O-])Cc2ncc(C)c(OC)c2C)o1,-22.81,0
M2R-decoy_2407,C=C(C)C(=O)OCCOC1CC2CC1C1C=CCC21,-22.81,0
M2R-decoy_1591,CCc1nnc(CN(C)c2nccc(CCC(F)(F)F)n2)o1,-22.81,0
M2R-decoy_405,Cc1cccc(C#C[C@@]2(O)C[C@@H]3CC[C@H](C2)N3C(=O)N2CCC2)c1,-22.81,0
M2R-decoy_4775,Cn1cnc(CC(=O)N(CCS(C)(=O)=O)[C@H]2C[C@H]3CC[C@]2(CS(=O)(=O)N2CCC4(CCc5ccccc54)CC2)C3(C)C)c1,-22.81,0
M2R-decoy_4859,O=C(CN(Cc1ccc([N+](=O)[O-])cc1)S(=O)(=O)C(F)(F)C(F)(F)C(F)(F)C(F)(F)C(F)(F)C(F)(F)C(F)(F)C(F)(F)F)NO,-22.81,0
M2R-decoy_691.1,Cc1cc(C(=O)N2CCC3(CC2)COCCN(c2cccnc2)C3)[nH]n1,-22.81,0
M2R-decoy_7601,C[C@@H]1CC[C@H]2[C@@H](C)[C@@H](CCOP(C)(=O)OCC[C@H]3O[C@@H]4O[C@@]5(C)CC[C@H]6[C@H](C)CC[C@@H]([C@H]3C)[C@]64O5)O[C@@H]3O[C@@]4(C)CC[C@@H]1[C@@]23O4,-22.81,0
M2R-decoy_6715,COc1ccc(OCCN2CCC3CCCC(C2=O)N3S(=O)(=O)c2ccc3ncsc3c2)cc1OC,-22.81,0
M2R-decoy_9449,CO[C@]1(Cc2ccoc2)C=C(CCC/C(C)=C\CC[C@@H](C)/C=C2\OC(=O)C(C)=C2[O-])C(=O)O1,-22.81,0
M2R-decoy_9505,Cc1cc(OCCCc2c(C(=O)NS(=O)(=O)c3ccnc(NCCc4ccccc4)c3)[nH]c3c2ccc(Cl)c3c2c(C)nn(C)c2C)cc(C)c1Cl,-22.81,0
M2R-decoy_4519,CCCCCCCCCCCCCC(=O)OC1C(O)C(CO)OC(OC)C1NC(=O)N(CCCl)N=O,-22.8,0
M2R-decoy_5073,CCC[C@H](NC(=O)[C@@H]1[C@@H](CC)CCN1C(=O)[C@H](NC(=O)[C@H](NC(=O)c1cnccn1)C1CCCCC1)C(C)(C)C)C(=O)C(=O)NC1CC1,-22.8,0
M2R-decoy_6861,CC(=O)O[C@H]1C[C@H]2[C@](C)(C3=CC[C@@H](C4COC(=O)C4)[C@@]31C)[C@H](OC(=O)c1ccccc1)[C@@H]1OC[C@]3(C)[C@H](O)C[C@H](OC(C)=O)[C@@]2(C)[C@@H]13,-22.8,0
M2R-decoy_4171,COc1ccc(S(=O)(=O)N(CC(C)C)C[C@@H](O)[C@H](Cc2ccccc2)NC(=O)O[C@@H]2CO[C@@H]3OCCC[C@H]23)cc1,-22.79,0
M2R-decoy_3263,CCCN(CC1CC1)c1nc(CC)c(c2ccc(Cl)cc2Cl)nc1CC,-22.79,0
M2R-decoy_6115,CCN(CC)C(=O)CN(c1cc(N2CCCC2)ccc1Cl)S(=O)(=O)c1ccc(OC)c(OC)c1,-22.79,0
M2R-decoy_8731,C=Cc1c2[nH]c(c1C)C=C1N=C(C(CC(=O)OC)=c3[nH]c(c(C)c3C(=O)NCc3ccncc3)=CC3=NC(=C2)C(C)=C3CC)[C@@H](CCC(=O)OC)[C@@H]1C,-22.79,0
M2R-decoy_9175,CC(C)C[C@@H](NC(=O)[C@H](Cc1ccccc1)C[C@H](O)[C@H](Cc1ccccc1)NC(=O)OC(C)(C)C)C(N)=O,-22.79,0
M2R-decoy_3481,Cc1cccc(CNC(=O)NC(C(=O)N[C@@H](Cc2ccccc2)C[C@H](O)[C@H](Cc2ccccc2)NC(=O)OCc2cccnc2)C(C)C)n1,-22.78,0
M2R-decoy_4383,COc1cc(c2nc3c(s2)CCCC3)ccc1OCCCOc1ccc2c(c1)CC[C@H]2CC(=O)[O-],-22.78,0
M2R-decoy_5421,CC(C)(c1ccc(OCc2cnc(NS(C)(=O)=O)nc2)cc1)c1cc(Cl)c(OCCCl)c(C#N)c1,-22.78,0
M2R-decoy_5790,CCOC(=O)CCNC(=S)NCCCC[C@H](NC(=O)OCc1ccccc1)C(=O)NC1CCSc2ccccc21,-22.78,0
M2R-decoy_6250,CO[C@H]1[C@@H](O)[C@@H](C)O[C@@H](O[C@H]2CC[C@]3(C=O)[C@H]4CC[C@]5(C)[C@@H]6CC[C@]5(O[C@H]5OC(=O)C[C@H]56)[C@@H]4CC[C@]3(O)C2)[C@@H]1OC,-22.78,0
M2R-decoy_7620,COC(=O)C[C@H]1[C@@]2(C)CO[C@]3(O)[C@@H](C=C4[C@H](CC[C@@]5(C)[C@H](c6ccoc6)OC(=O)C[C@@]45O)[C@]13C)[C@H]2OC(=O)/C=C/c1ccccc1,-22.78,0
M2R-decoy_8165,C=CCN1CC(=O)N2[C@@H](Cc3ccc(O)cc3)C(=O)N(Cc3cccc4c(C(=O)Nc5ccc(OC(C)(C)C)cc5)cn(C)c34)C[C@@H]2N1C(=O)NCc1ccccc1,-22.78,0
M2R-decoy_10776,O=C(C1CCCCN1S(=O)(=O)c1ccc(F)cc1)N1CCN(c2ccccc2F)CC1,-22.77,0
M2R-decoy_2138,CCCOc1ccc(C[C@@H](Cc2ccccc2)C(=O)[O-])cc1CNC(=O)c1ccc(C23CC4CC(CC(C4)C2)C3)cc1,-22.77,0
M2R-decoy_8,COC(=O)c1ccc(CS(=O)(=O)c2ccc(F)cc2)o1,-22.77,0
M2R-decoy_8277,CC(C)(C)C(=O)OCOP(=O)(C/C=C/Cn1cnc2c(NC3CC3)ncnc21)OCOC(=O)C(C)(C)C,-22.77,0
M2R-decoy_3072,CC(C)CC(c1nnnn1C)N(Cc1ccccc1Cl)c1ccc(C#N)c(Cl)c1,-22.76,0
M2R-decoy_10337,O=C1/C(=C/c2ccc(F)cc2)CS(=O)(=O)C/C1=C\c1ccc(F)cc1,-22.75,0
M2R-decoy_3993,CC(C)CC(NC(=O)[C@H](Cc1ccccc1)N1Cc2nccn2C1=O)C(=O)N[C@@H](CC1CCCCC1)C(O)C(=O)OC(C)C,-22.75,0
M2R-decoy_1264,COc1cc(O)c2c(c1)/C=C/C[C@H](O)[C@H](O)/C=C\C(C)(C)COC2=O,-22.74,0
M2R-decoy_5951,O=C(CN(c1ncnc2c1ncn2C1CCCCO1)C1CC1)N[C@@H](Cc1c[nH]c2ccccc12)C(=O)OCc1ccccc1,-22.74,0
M2R-decoy_6827,CO[C@@H](/C(C)=C/C=C/C(C)=C/c1coc(C)n1)[C@@H](C)[C@@H]1C[C@H](O)[C@H]2O[C@@H]2/C=C/[C@@H](C)[C@H]2C[C@H](CC(=O)O2)C[C@@H]2O[C@H]2C(=O)O1,-22.74,0
M2R-decoy_7549,CC(=O)OCC(=O)[C@@]1(OC(=O)c2ccc(Br)o2)C(C)CC2C3CCC4=CC(=O)C=CC4(C)[C@@]3(Cl)C(Cl)CC21C,-22.74,0
M2R-decoy_9429,O=C(CCCCCCCCCCC(=O)NCc1cccnc1)NCc1cccnc1,-22.74,0
M2R-decoy_9610,CSCCCCCN=C=S,-22.74,0
M2R-decoy_10302,Cc1ccc(S(=O)(=O)N2Cc3ccccc3-n3nncc3C2)cc1,-22.73,0
M2R-decoy_2262,CCN(CC)S(=O)(=O)c1cccc(c2nnc(SCC#N)n2Cc2ccccc2)c1,-22.73,0
M2R-decoy_3493,CC(C)[C@H](NC(=O)OCc1ccccc1)C(=O)N[C@@H](CC1CCCCC1)C(=O)N[C@@H](C[C@@H]1CCNC1=O)C(=O)c1nc2ccccc2s1,-22.73,0
M2R-decoy_5182,O=S(=O)(NCC1CCCO1)c1ccc(S(=O)(=O)N(Cc2ccc(F)cc2)C2CCCCC2)cc1,-22.73,0
M2R-decoy_8935,COc1ccc(CC[C@@H](OC(=O)[C@@H]2CCCCN2C(=O)[C@H](C(C)=O)C2CCCCC2)c2cccc(OCC[NH+]3CCOCC3)c2)cc1OC,-22.73,0
M2R-decoy_9699,CC(C)Cn1c(=O)n(C)c(=O)c2c1ncn2CC1CC1,-22.73,0
M2R-decoy_7451,Oc1c(Br)cc(Br)cc1Oc1c(Br)cc(Br)c(Br)c1O,-22.72,0
M2R-decoy_254,CC(C)(C)c1cn2nc(S(N)(=O)=O)sc2n1,-22.71,0
M2R-decoy_1599,CCOC(=O)C1=C(C)[NH+]=C2SC(C)C(=O)N2C1c1cccc(F)c1,-22.71,0
M2R-decoy_5542,CC(=O)NC(CCCNC(=O)OCc1ccccc1)C(=O)NCc1ccccc1,-22.71,0
M2R-decoy_7719,CS(=O)(=O)N1CC[C@@H](C(=O)N2CC[C@](c3ccc(C(OCc4c(F)cccc4F)(C(F)(F)F)C(F)(F)F)cc3)(S(=O)(=O)c3ccc(F)cc3)C2)C1,-22.71,0
M2R-decoy_451,COc1cc2nc(N)sc2c2nc(N)sc12,-22.7,0
M2R-decoy_3356,CCCO[C@H]1Cc2ccccc2[C@H]1Nc1nc(CC)c(Oc2cc(C)cc(C)n2)nc1CC,-22.7,0
M2R-decoy_3417,CC(C)CC(=O)/C(=C\c1ccc(Cl)cc1Cl)n1cncn1,-22.7,0
M2R-decoy_2156,COC(=O)C/C=C\[C@@H](C)[C@@H](/C=N\O[C@@H](C)c1cn([C@H](CO)Cc2ccccc2)nn1)NS(=O)(=O)c1ccc(C)cc1,-22.69,0
M2R-decoy_4028,CCC(c1ccc(O)cc1)C(CSCCCCCCCNS(=O)(=O)c1cccc2c(N(C)C)cccc12)c1ccc(O)cc1,-22.69,0
M2R-decoy_7184,CC(=O)N1CC(C(=O)N2CCC(c3ccc(C(OCc4c(F)cccc4F)(C(F)(F)F)C(F)(F)F)cc3)(S(=O)(=O)c3ccc(F)cc3)C2)C1,-22.69,0
M2R-decoy_11213,COC(=O)c1nc(Br)c2cccnc2c1OS(=O)(=O)c1ccc(C)cc1,-22.68,0
M2R-decoy_5233,CC(=O)c1nn(CC(=O)N2[C@H](C(=O)N[C@H](C)[C@H]3CC3(Cl)Cl)C[C@H]3C[C@H]32)c2cc(C)c(OCc3ncccn3)cc12,-22.68,0
M2R-decoy_5777,CCNc1nc2ccc(C(=O)N(C[C@@H](O)[C@H](Cc3ccccc3)NC(=O)OCc3cncs3)CC(C)(C)O)cc2o1,-22.68,0
M2R-decoy_5069,CC(C)c1nc(CN(C)C(=O)N[C@H](C(=O)N[C@@H](Cc2ccccc2)[C@H](Cc2ccccc2)NC(=O)OCc2cncs2)C(C)C)cs1,-22.68,0
M2R-decoy_7841,C=C1[C@H](OC(C)=O)[C@@H](OC(C)=O)C(=O)C(C)(C)/C=C/[C@H](C)C(=O)[C@@]2(OC(C)=O)C[C@H](C)[C@H](OC(=O)c3ccccc3)[C@@H]2[C@H]1OC(C)=O,-22.68,0
M2R-decoy_11360,CN(Cc1ccccc1F)C(=O)n1cnc(S(=O)(=O)[C@@H]2C[C@H]3CC[C@@H]2C3)n1,-22.67,0
M2R-decoy_288,CC(O)c1ccc2c(c1)S(=O)(=O)c1ccccc1O2,-22.67,0
M2R-decoy_6141,C[C@H]1[C@H]2[C@H](C[C@H]3[C@@H]4CC[C@H]5C[C@@H](O[C@@H]6O[C@H](CO)[C@@H](O)[C@H](O)[C@H]6O)CC[C@]5(C)[C@H]4CC[C@@]32C)C[C@]12CC[C@@H](C)CO2,-22.67,0
M2R-decoy_6098,CCOCCCNC(=O)C(c1ccc(C)cc1)N(Cc1cccs1)C(=O)c1ccccn1,-22.66,0
M2R-decoy_1301.1,Nc1nc(O)c(I)c(c2cccc(F)c2)n1,-22.65,0
M2R-decoy_2041,CC(C)[C@@H](OCc1ccccc1)[C@H](C)/C=N\O[C@@H](C)c1cn([C@H](CO)Cc2ccccc2)nn1,-22.65,0
M2R-decoy_2045,CCCCCS(=O)(=O)NC(=O)CCc1cc(OCCCC)nn1Cc1ccc(Cl)cc1Cl,-22.65,0
M2R-decoy_4705,CCC(=O)N1CCc2cc(S(=O)(=O)CCC(=O)NCCC3=CCCCC3)ccc21,-22.65,0
M2R-decoy_5245.1,CO[C@H]1CN(c2cccc(c3cccc(C)c3OCc3ccc4c(c3)CC[NH+](C3CCOCC3)C4)n2)CC[C@H]1C(=O)[O-],-22.65,0
M2R-decoy_10821,CN(C)c1ccc(/C=C2\CN(C(=O)C(Cl)Cl)C/C(=C\c3ccc(N(C)C)cc3)C2=O)cc1,-22.64,0
M2R-decoy_234,O=S(=O)(c1ccc(Cl)cc1)N1[C@H]2CCC[C@@H]1C[C@H](O)C2,-22.64,0
M2R-decoy_4904,CC[C@H](C)C(=O)O[C@H]1C[C@@H](C)C=C2C=C[C@H](C)[C@H](CC[C@@H](O)C[C@@H](CC(=O)NO)OC(=O)c3ccc(Cl)cc3)[C@H]21,-22.64,0
M2R-decoy_6150,CS(=O)(=O)c1cc(C#N)ccc1C1C2=C(CCC2=O)N(c2cccc(C(F)(F)F)c2)C(=O)N1S(C)(=O)=O,-22.64,0
M2R-decoy_10281,Cn1/c(=N/C(=O)C2CCCCC2)sc2cc([N+](=O)[O-])ccc21,-22.63,0
M2R-decoy_2166,CC[N+](CC)(CC)CCOCCOCCOC(=O)[C@]1(C)CCC[C@]2(C)[C@@H]1CC[C@@]13CC(=O)[C@@](C)(CC[C@@H]21)C3,-22.63,0
M2R-decoy_616,CC1CCCN(S(=O)(=O)c2cc3c(cc2Cl)NC(=O)CO3)C1,-22.63,0
M2R-decoy_9133.1,CC(C)Cc1ccc(C(C)C(=O)Nc2nnc(CCCCc3ccc(NC(=O)Cc4ccccc4)nn3)s2)cc1,-22.63,0
M2R-decoy_9770,COC(=O)N1CCC(c2ccc(C(OCc3c(F)cccc3F)(C(F)(F)F)C(F)(F)F)cc2)(S(=O)(=O)c2ccc(F)cc2)C1,-22.63,0
M2R-decoy_3812,C=C1C(=O)O[C@@H]2CC(C)=C([C@@H](C)CCCOC(C)=O)[C@H](OC(=O)/C(Cc3ccccc3)=N/OCCCC)[C@H]12,-22.62,0
M2R-decoy_7283,O=C([O-])c1ccc(N(Cc2ccc(C3CCCCC3)cc2)C(=O)[C@H]2CCCN2S(=O)(=O)c2c(F)c(F)c(F)c(F)c2F)c(F)c1,-22.62,0
M2R-decoy_6645,C[C@@H](CO)N1C[C@@H](C)[C@H](CN(C)C(=O)c2ccccc2)Oc2cc(C#CC3(O)CCCC3)ccc2S1(=O)=O,-22.62,0
M2R-decoy_4165,CCc1cn(Cc2ccc(C(=O)NS(=O)(=O)c3ccccc3C)cc2OC)c2cc(C(=O)NCC(CC)CC)ccc12,-22.61,0
M2R-decoy_4651,COP(=O)(N[C@H]1CO[C@H](OP(=O)(OCc2ccccc2)OCc2ccccc2)[C@H](OC(C)=O)[C@H]1OC(C)=O)OC,-22.61,0
M2R-decoy_865,O=C1NC(=S)N(Cc2ccco2)C(=O)/C1=C\c1cccs1,-22.61,0
M2R-decoy_2366,C/C=C(\C)C(=O)Oc1cc(C)ccc1C1(COC(C)=O)CO1,-22.6,0
M2R-decoy_7198,COc1ccc(NS(=O)(=O)C(F)(F)F)cc1C[C@H]1[C@@H](CO)c2cc(OCc3ccc4ccc(C)cc4n3)ccc2OC1(C)C,-22.6,0
M2R-decoy_8808,CC(C(=O)NCCCCCCNc1c2c(nc3ccccc13)CCCC2)c1ccc(c2ccc(OCCCO[N+](=O)[O-])cc2)c(F)c1,-22.6,0
M2R-decoy_10118,N#CCCc1nc2ccc(Br)cc2c(=O)n1CCO,-22.59,0
M2R-decoy_1964,CSCC[C@H](NC(=O)[C@H](Cc1ccccc1)NC(=O)CCCCCNC(=O)NC1CCCCC1)C(=O)[O-],-22.59,0
M2R-decoy_2148,CC(C)(C)SCC(=O)[C@H](Cc1ccccc1)NC(=O)[C@H](Cc1ccccc1)NC(=O)OCc1ccccc1,-22.59,0
M2R-decoy_4439.1,Cc1cc(C[NH+](C[C@H]2CC[C@H](C(=O)[O-])CC2)[C@@H](C)c2ccc(Cl)cc2)ccc1OCCN1C(=O)CN(C)C1=O,-22.59,0
M2R-decoy_7144,Cc1cc(F)cc(C)c1OCC(=O)N[C@@H](Cc1ccccc1)[C@H](O)C(=O)N1CSC(C)(C)[C@H]1C(=O)N[C@H]1c2ccccc2C[C@H]1O,-22.59,0
M2R-decoy_6627,C=C1CC[C@H](Cl)C(C)(C)[C@@H]1C[C@@]12OC(C)(C)[C@H](Cl)C[C@]1(Cl)C(=O)C1=C(C2=O)C(=[N+]=[N-])C(=O)C=C1[O-],-22.59,0
M2R-decoy_6722,Cc1cc(COc2c(C)cccc2c2csc(N3C[C@@H]4C[C@]4(C(=O)[O-])C3)n2)cc2c1C[NH+](C1COC1)CC2,-22.59,0
M2R-decoy_9136,CC[C@H](C)C(=O)O[C@H]1C[C@@H](C)C=C2C=C[C@H](C)[C@H](CC[C@@H](O)C[C@@H](CC(=O)NO)OC(=O)c3ccc4ccccc4c3)[C@H]21,-22.59,0
M2R-decoy_11119,CN(C(=O)c1ccc(S(=O)(=O)N2CCOCC2)cc1)C1CCS(=O)(=O)C1,-22.58,0
M2R-decoy_11497,CC(=O)NCCC(=O)Nc1cc(S(=O)(=O)N2CCOCC2)ccc1N1CCCC1,-22.58,0
M2R-decoy_6379.1,O=C([O-])C(c1ccc(OC(F)(F)F)cc1)[NH+]1CCC2(CC1)OC(c1cc(Cl)cc(Cl)c1)c1cccnc12,-22.58,0
M2R-decoy_7341.1,[NH3+][C@@H](Cc1cc(I)c(Oc2cc(Br)c(O)c(Br)c2)c(I)c1)C(=O)[O-],-22.58,0
M2R-decoy_7679,CC1=C(CC(=O)Oc2cccc(Oc3no[n+]([O-])c3S(=O)(=O)c3ccccc3)c2)c2cc(F)ccc2/C1=C\c1ccc(S(C)(=O)=O)cc1,-22.58,0
M2R-decoy_9100,CCC(c1nc2ccccc2c(=O)n1c1ccc(Cl)cc1C)N(CCc1ccccc1)C(=O)c1cccc(OC)c1,-22.58,0
M2R-decoy_5596,CNC(=O)N(CCCCC(NC(C)=O)C(=O)NCc1ccccc1)Cc1ccccc1,-22.57,0
M2R-decoy_5905,COc1ccc(F)c(c2ncc(COc3cccc([C@@H](CC(=O)[O-])C4CC4)c3)nc2C2=CCCC2(C)C)c1,-22.57,0
M2R-decoy_6179,Cc1ccccc1c1ccc(CN2C(C)C(=O)N(Cc3cn(Cc4ccco4)nn3)CCS2(=O)=O)cc1,-22.57,0
M2R-decoy_6754,CC(C)Cc1ccc([C@H](C)C(=O)N[C@H](C(=O)N[C@H]2CSCCNC(=O)/C=C/[C@H](C)NC2=O)C(C)C)cc1,-22.57,0
M2R-decoy_8867,CN(C)C(=O)CCc1cc2c(c(S(=O)(=O)N[C@@H](Cc3nc4ccccc4s3)C(=O)N3CCC(CCF)CC3)c1)NCC(C)(C)C2,-22.57,0
M2R-decoy_8406,CCCS(=O)(=O)N(Cc1ccccc1)c1nc(C(F)(F)F)ccc1CNC(=O)C(C)c1ccc(NS(C)(=O)=O)c(F)c1,-22.57,0
M2R-decoy_5547,CCCCC[C@H](O)/C=C/[C@H]1[C@H](O)CC(=O)[C@@H]1C/C=C\CCCC(=O)NCCO,-22.56,0
M2R-decoy_7027,O=C([O-])[C@@H](Cc1ccc(O)cc1)/[NH+]=C1\S/C(=C\c2ccc(c3cccc(Cl)c3)o2)C(=O)N1c1ccccc1,-22.56,0
M2R-decoy_3402,CCc1cc2c(cc1OC(C)C(C)=O)oc(=O)cc2c1ccccc1,-22.55,0
M2R-decoy_5915,CCOc1cc(n2cnnn2)c(OCC)cc1S(=O)(=O)N(Cc1ccccc1)Cc1ccccc1,-22.55,0
M2R-decoy_9953,COc1cc([C@@H]2c3cc4c(cc3[C@@H](NC(=O)C(OC(=O)C3=CC(C)(C)N(O)C3(C)C)c3ccc5c(c3)OCO5)[C@H]3COC(=O)[C@@H]32)OCO4)cc(OC)c1OC,-22.55,0
M2R-decoy_8451,COc1ccc(c2ccc(Cn3c(CC(C)(C)C(=O)[O-])c(SC(C)(C)C)c4cc(OCc5ccccn5)ccc43)cc2)cn1,-22.55,0
M2R-decoy_10649,CC1CCCN(S(=O)(=O)c2ccc(Br)s2)C1,-22.54,0
M2R-decoy_4314,COCCCNC(=O)CCCn1c(=O)c2ccccc2n(CC(=O)Nc2c(C)cccc2C)c1=O,-22.54,0
M2R-decoy_5196.1,CO[C@@H]1CN(c2cccc(c3cccc(C)c3OCc3cc(C)c4c(c3)CC[NH+](C3CCOCC3)C4)n2)CC[C@H]1C(=O)[O-],-22.54,0
M2R-decoy_9982,O=C([O-])C1CC2(C1)CC(C(=O)N1CC[C@@](c3ccc(C(OCc4c(F)cccc4F)(C(F)(F)F)C(F)(F)F)cc3)(S(=O)(=O)c3ccc(F)cc3)C1)C2,-22.54,0
M2R-decoy_1580,C=CCN(CC=C)C(=S)N/N=C\c1ccccc1O,-22.53,0
M2R-decoy_6036,CSc1ccc(/C=C2/C(C)=C(CC(=O)OCC#CCOc3no[n+]([O-])c3S(=O)(=O)c3ccccc3)c3cc(F)ccc32)cc1,-22.53,0
M2R-decoy_6504,C[C@H]1O[C@H](O[C@H]2CC[C@]3(C)[C@H]4CC[C@]5(C)[C@@H](C6=CC(=O)OC6)CC[C@]5(O)[C@@H]4CC[C@@H]3C2)[C@@H](O)[C@@H](O)[C@@H]1O,-22.53,0
M2R-decoy_8483,CC(C)OC(=O)OCOP(=S)(CO[C@H](C)Cn1cnc2c(N)ncnc21)OCOC(=O)OC(C)C,-22.53,0
M2R-decoy_10585,CC(C)(C)C(=O)N1CCN(S(=O)(=O)c2ccc3c(c2)OCCCO3)CC1,-22.52,0
M2R-decoy_10626,Cc1c(S(=O)(=O)c2ccc(Cl)cc2)c(=O)on1C(=O)N1CCCCC1,-22.52,0
M2R-decoy_3733,O=C([O-])/C(C/C=C/CN(Cc1ccccc1)C(=O)OCc1ccccc1)=C1/O[C@@H]2CC(=O)N2C1C(=O)OCc1ccccc1,-22.52,0
M2R-decoy_6009,C=C(C[N+](C)(C)C)N/N=C/c1oc(c2ccc(OC)c(OC)c2)c(c2ccc(OC)c(OC)c2)c1[N+](=O)[O-],-22.52,0
M2R-decoy_7547,Cc1ccc(S(=O)(=O)n2cccc2[C@@H]2NC(=O)[C@H](Cc3c[nH]c4ccccc34)NC(=O)CCCCOC(=O)C/C=C/[C@@H]2C)cc1,-22.52,0
M2R-decoy_9052,Cc1ccc(C2=C(NC(=O)c3ccc(OC(F)F)cc3)C(=O)NC(c3cnn(CCCCCC(F)(F)F)c3)(C(F)(F)F)C2)cc1,-22.52,0
M2R-decoy_11142,O=C1CN(S(=O)(=O)c2ccc(F)cc2)C(=O)CN1S(=O)(=O)c1ccc(F)cc1,-22.51,0
M2R-decoy_11504,N#Cc1c2c(N)ncnc2n([C@H]2O[C@@H](CO)[C@@H](O)[C@@H]2O)c1c1ccc(Br)s1,-22.51,0
M2R-decoy_3141,CCN(C(=O)C(C)Sc1nnc(c2ccncc2)n1C)C1CCCCC1,-22.51,0
M2R-decoy_5486,CN(C(=O)Cc1ccc(C(F)(F)F)cc1)C(C[NH+]1CCCC1)c1cccc(OCC(=O)OC(C)(C)C)c1,-22.51,0
M2R-decoy_5018,COCCNC(=O)c1ccc(c2cc3sc(C(C(=O)NCc4nnc(C)o4)S(=O)(=O)CCOC)nc3cc2F)cc1,-22.51,0
M2R-decoy_7221,CC(=O)N1CCN(C(=O)N2CC[C@](c3ccc(C(OCC4CCOCC4)(C(F)(F)F)C(F)(F)F)cc3)(S(=O)(=O)c3ccc(F)cc3)C2)CC1,-22.51,0
M2R-decoy_740,CC(=O)Nc1ccc(S(=O)(=O)NC2CCS(=O)(=O)C2)cc1Cl,-22.51,0
M2R-decoy_10191,O=C1c2c(Br)sc(Br)c2C(=O)C1(O)O,-22.5,0
M2R-decoy_2479,Cc1nnc([S+]([O-])Cc2ccccc2)o1,-22.5,0
M2R-decoy_573,Cc1nnc([C@H]2C[C@H]3OCC[C@H]3N(S(=O)(=O)C3CC3)C2)o1,-22.5,0
M2R-decoy_10667,CN1CN(C(=O)c2ccc(Br)cc2Cl)CC1=O,-22.49,0
M2R-decoy_7537,CC(=O)O[C@H]1CC[C@]23C[C@]24CC[C@]25CO[C@@]6(C(C)(C)O)CC[C@](C)(O6)[C@H]2[C@@H](OC(C)=O)[C@@H](OC(C)=O)[C@@]5(C)[C@@H]4CC[C@H]3C1(C)C,-22.49,0
M2R-decoy_9405,COc1cc(/C=C/C(=O)NCCCNc2c3c(nc4ccccc24)CCCC3)ccc1OCc1nc(C)c(C)nc1C,-22.49,0
M2R-decoy_9799,COC(=O)[C@@]1(C)CC[C@]2(C)CC[C@]3(C)C(=CC(=O)[C@@H]4[C@@]5(C)C/C(=C\OC6C=C(C)C(=O)O6)C(=O)C(C)(C)[C@@H]5CC[C@]43C)[C@@H]2C1,-22.49,0
M2R-decoy_5364,CCOc1ccc(CCNC(=O)c2cccc(Nc3nc4ccccc4nc3n3nc(C)cc3C)c2)cc1OCC,-22.48,0
M2R-decoy_6358,C[C@@H]1CN([C@H](C)CO)C(=O)c2c(c3ccccc3n2C)-c2ccccc2CO[C@H]1CN(C)S(=O)(=O)c1cn(C)cn1,-22.48,0
M2R-decoy_7826,C=C1[C@@H](OC(=O)/C=C/c2ccccc2)C[C@H](OC(C)=O)[C@]2(C)[C@@H]1C[C@@H]1C[C@H](OC(C)=O)[C@]3(C)O[C@]3([C@@H](OC(C)=O)[C@@H]2OC(C)=O)[C@@H]1C,-22.48,0
M2R-decoy_9454,CNC(=O)CCC(CC(=O)Nc1ccc(C)cc1C)c1nnc(CCCC(C)C)n1C1CC1,-22.48,0
M2R-decoy_9518,C[C@@H](CCCCC(=O)OCCC[C@H]1O[C@@H]2O[C@@]3(C)CC[C@H]4[C@H](C)CC[C@@H]([C@H]1C)[C@]42OO3)O[C@@H]1O[C@@H](C)[C@H](OC(=O)c2ccccc2)C[C@H]1OC(=O)c1ccccc1,-22.48,0
M2R-decoy_1332,C#CC12C=C(C#N)C(=O)C=C1c1c(Cl)cccc1C2,-22.47,0
M2R-decoy_2013,CCOC(=O)C1=C(C)N=C(C)/C(=C(/O)OCC)C1c1c(C)noc1CCc1ccc2ccccc2c1,-22.47,0
M2R-decoy_4068,CCCCCN(C[C@@H](O)[C@H](Cc1ccccc1)NC(=O)OCCNC(=O)OC(C)(C)C)S(=O)(=O)c1ccc(OC)cc1,-22.47,0
M2R-decoy_4560,COc1ccc(CN(C(=O)Cn2cc(CNS(=O)(=O)c3ccc(C)cc3)nn2)c2cc(OC)c(OC)c(OC)c2)cc1,-22.47,0
M2R-decoy_7402,[C-]#[N+]C1=C(C)N(c2cccc(C(F)(F)F)c2)C(=O)N(S(C)(=O)=O)[C@@H]1c1ccc(C#N)cc1S(C)(=O)=O,-22.47,0
M2R-decoy_10968,CC1(C)C(=O)C(C#N)=C[C@]2(C)C3=CC(=O)CC[C@]3(C(=O)OCOCC[Si](C)(C)C)CC[C@@H]12,-22.46,0
M2R-decoy_816,O=C(Oc1ccc(c2nnco2)cc1)N1CCCCC1,-22.46,0
M2R-decoy_8373,C/C=C\c1cn(Cc2ccc(C(=O)NS(=O)(=O)c3ccccc3C)cc2OC)c2cc(C(=O)NCC(CC)CC)ccc12,-22.46,0
M2R-decoy_10777,Cc1ccc(S(=O)(=O)N2CCCCC2C(=O)N2CCN(c3ccccc3F)CC2)cc1,-22.45,0
M2R-decoy_129,O=C1CCOc2nc(C#CC3CCCCC3)ccc21,-22.45,0
M2R-decoy_1885,CCCc1nn(C)c2c(Nc3ccc(OC(F)(F)F)cc3)nc(/C=C/c3cc(OC)c(OC)c(OC)c3)nc12,-22.45,0
M2R-decoy_3046,CCCSc1ncc(Cl)c(C(=O)N(Cc2ccc(N(C)C)cc2)C2CCS(=O)(=O)C2)n1,-22.45,0
M2R-decoy_9502,CC(C)[C@H](NC(=O)CCC(O)(CCc1ccccc1)C(=O)Nc1cc(C(=O)N[C@H](C)c2ccc(F)cc2)cc(N(C)S(C)(=O)=O)c1)C(=O)NCc1ccccc1,-22.45,0
M2R-decoy_11133,O=S(=O)(c1cccs1)N1CCN(S(=O)(=O)c2cccs2)CC1,-22.44,0
M2R-decoy_10178,CC(=O)N1CCCN(S(=O)(=O)c2ccc(F)cc2)CC1,-22.44,0
M2R-decoy_10197,NS(=O)(=O)Oc1ccc(I)cc1,-22.44,0
M2R-decoy_3746,CC(C)N(CCCCOCC(=O)NS(=O)(=O)C(C)C)c1cnc(c2ccccc2)c(c2ccccc2)n1,-22.44,0
M2R-decoy_5203,C[C@H]1CN([C@H](C)CO)C(=O)c2cc(/C=C/c3ccccc3)cnc2O[C@H]1CN(C)S(=O)(=O)c1ccc(C#N)cc1,-22.44,0
M2R-decoy_5236,CN1C(=O)N(CC(CS(=O)(=O)c2ccc(Oc3ccc(Cl)cc3)cc2)N(O)C=O)C(=O)C1(C)C,-22.44,0
M2R-decoy_584,O=S(=O)(c1ccc(Cl)cc1)N1C2CSCC1c1cn[nH]c1C2,-22.44,0
M2R-decoy_6093,CCCCC(=O)OC[C@H]1O[C@@H](n2cnc3c(OC)ncnc32)[C@@H](OC(=O)CCCC)[C@@H]1O,-22.44,0
M2R-decoy_8334,CCCCNC(=O)[C@@H](CCC)[C@@H](CC(C)C)C(=O)N[C@H]1CCCCN(Cc2cccc(Oc3ccccc3)c2)C1=O,-22.44,0
M2R-decoy_8375,CCOC(=O)c1c(COCc2c(C(C)C)nc(N(C)S(C)(=O)=O)nc2c2ccc(F)cc2)n(c2ccccc2)nc1c1ccccc1,-22.44,0
M2R-decoy_9853,COC1(C(=O)N2CC[C@](c3ccc(C(F)(C(F)(F)F)C(F)(F)F)cc3)(S(=O)(=O)c3ccc(F)cc3)C2)CCC(C(=O)[O-])CC1,-22.44,0
M2R-decoy_10817.1,COc1ccccc1/C=N/n1c(S)nnc1c1sc(c2ccccc2)nc1C,-22.43,0
M2R-decoy_10279,O=C1NC(=O)C2C1C1(Cl)C(Cl)=C(Cl)C2(Cl)C1(Cl)Cl,-22.43,0
M2R-decoy_2213,CC(=O)Oc1ccc(/C=C/C(=O)OCCCCc2cnnn2CCCO)cc1OC(C)=O,-22.43,0
M2R-decoy_6290,Cc1c(Nc2ccc(S(C)(=O)=O)cc2F)ncnc1OC1CC2COCC(C1)N2C(=O)OC1(C)CC1,-22.43,0
M2R-decoy_6372,C[C@@H](CO)N1C[C@@H](C)[C@H](CN(C)S(=O)(=O)c2ccc(Cl)cc2)Oc2c(NC(=O)C3CCOCC3)cccc2C1=O,-22.43,0
M2R-decoy_6385,CC(C)(C)OC(=O)N[C@@H](Cc1ccc(O)cc1)C(=O)N[C@H](Cc1c[nH]c2ccccc12)C(=O)NC(=O)C(C)(C)C,-22.43,0
M2R-decoy_6429,CC(=O)O[C@@H]1/C=C/[C@](C)(O)C[C@@H](C)C/C=C/[C@H]2[C@H](O)[C@@](C)(O)[C@@H](C)[C@H]3[C@H](Cc4ccccc4)NC(=O)[C@@]123,-22.43,0
M2R-decoy_7115,C[C@H]1CN([C@H](C)CO)C(=O)c2cc(NC(=O)Cc3cn(C)c4ccccc34)ccc2O[C@@H]1CN(C)S(=O)(=O)c1ccccc1,-22.43,0
M2R-decoy_8511,Cc1ccc(S(=O)(=O)N(CC(C)C)C[C@@H](O)[C@H](Cc2ccccc2)NC(=O)OC2COC3OCCC23)cc1,-22.43,0
M2R-decoy_1742,COC1(c2cccc(COc3ccc4c(c3)cc3c(c4c4ccccc4)COC3=O)c2)CCOCC1,-22.42,0
M2R-decoy_5187,CCOC(=O)C1=C(C)N=c2s/c(=C\c3ccc(OC(C)=O)cc3)c(=O)n2C1/C=C/c1ccccc1,-22.42,0
M2R-decoy_871,Cc1ccccc1S(=O)(=O)NC1OC(=O)C(Cl)=C1Cl,-22.42,0
M2R-decoy_9266,CCOC(=O)CNC(=O)[C@]12CC[C@@H](C)[C@H](C)[C@H]1C1=CC[C@@H]3[C@@]4(C)Cc5cn[nH]c5C(C)(C)[C@@H]4CC[C@@]3(C)[C@]1(C)CC2,-22.42,0
M2R-decoy_364,O=C1C(Br)=C(Br)C(=O)c2c(O)ccc(O)c21,-22.41,0
M2R-decoy_4306,CCCCN(CCCC)C(=O)C[NH+]1C[C@H](c2ccc3c(c2)OCC3)[C@@H](C(=O)[O-])[C@@H]1c1ccc(OC)cc1,-22.41,0
M2R-decoy_7535,CC1(C)CC[C@]2(C(=O)NCCNC(=O)OC(C)(C)C)CC[C@]3(C)[C@H](C(=O)C=C4[C@@]3(C)CC[C@H]3C(C)(C)C(=O)C(C#N)=C[C@]43C)[C@@H]2C1,-22.41,0
M2R-decoy_783,O=C(N1CCCCCC1)N1CCN(C(=O)N2CCCCC2)CC1,-22.41,0
M2R-decoy_9542,Cc1c(Sc2ccccc2)n(OCCO)c(=S)[nH]c1=O,-22.41,0
M2R-decoy_1482,CC[C@H](C)[C@@H](CO)NS(=O)(=O)c1ccc(Cl)c(F)c1,-22.4,0
M2R-decoy_2935,CCN(C(=O)C1CCN(S(=O)(=O)c2ccc3c(c2)CCO3)CC1)[C@H](C)c1ccccc1,-22.4,0
M2R-decoy_4351,CCOCCO[C@@H]1CCN(S(=O)(=O)CC2CCC(N(C)c3ncnc4[nH]ccc34)CC2)C1,-22.4,0
M2R-decoy_148,Oc1cc(Br)cc(Br)c1,-22.39,0
M2R-decoy_888,CC#C[C@H]1CN(S(=O)(=O)c2ccc(N)nc2)CCN1c1ccccc1,-22.39,0
M2R-decoy_9908,CC(=O)OC1/C=C\C(C)(O)C(=O)C(C)C/C=C/C2C(O)C(CBr)=C(C)C3C(Cc4ccccc4)NC(=O)C123,-22.39,0
M2R-decoy_11027,Cc1cc(OCc2cnnn2c2ccccc2C(F)(F)F)c(C)c2c1CC[C@H]1[C@H](C)C(=O)O[C@@H]21,-22.38,0
M2R-decoy_4794,CC(=O)Oc1ccc(/C=C/C(=O)NCCSc2nc(c3ccc(S(C)(=O)=O)cc3)n(c3ccc(F)cc3)n2)cc1OC(C)=O,-22.38,0
M2R-decoy_10666,O=S(=O)(c1cc(Br)c(Cl)s1)N1CCCC1,-22.37,0
M2R-decoy_1391,Cc1ccccc1n1nc2c(c1NC(=O)c1cccs1)CS(=O)(=O)C2,-22.37,0
M2R-decoy_3431,CO/C=C(C(=O)OC)\C(C)=C(/C=C/c1ccc2ccccc2c1)OC,-22.37,0
M2R-decoy_5050,COc1ccc(SCc2cnc(SCc3c(F)cc(S(=O)(=O)N(CCCO)CCC[N+](C)(C)C)cc3F)n2c2ccc(F)cc2)cc1OC,-22.37,0
M2R-decoy_6932,CN(Cc1ccccc1)C(=O)[C@@H](Cc1ccc2c(c1)OCCO2)NC(=O)C1C[C@@H](O)CN1C(=O)c1cn(C)c2ccccc12,-22.37,0
M2R-decoy_668,CC[C@@H]1C/C=C\C(=O)[C@@H](O)[C@@H](O)C/C=C/c2cc(OC)cc(O)c2C(=O)O1,-22.37,0
M2R-decoy_8938,COC[C@H](NC(=O)N(C)Cc1csc(C(C)C)n1)C(=O)N[C@H](CC[C@H](Cc1ccccc1)NC(=O)OCc1cncs1)Cc1ccccc1,-22.37,0
M2R-decoy_4584,C[C@@H](OC(=O)COCc1ccccc1)[C@H](NC(=O)c1ncccc1F)C(=O)NCCCC(=O)OCc1ccccc1,-22.36,0
M2R-decoy_8326,CSCC[C@H](NC(=O)c1ccc(COCc2ccc(c3ccccc3F)o2)cc1c1ccccc1C)C(=O)[O-],-22.36,0
M2R-decoy_1620,CCN/C(=[NH+]\c1ccc(C#N)c(C(F)(F)F)c1)C1(C)CC(C(F)(F)F)=NN1,-22.35,0
M2R-decoy_3488,CCCOc1ccc(N(Cc2ccc(N(CC(=O)OC)S(C)(=O)=O)cc2)S(=O)(=O)Cc2ccccc2)cc1C(=O)OC,-22.35,0
M2R-decoy_4787,CCCn1c(=O)c2[nH]c(c3cnn(CC4CCN(c5ccc(OC(F)(F)F)cc5)C4)c3)nc2n(CCC)c1=O,-22.35,0
M2R-decoy_5778,CCCCCC[C@@]1(C)C(=O)O[C@H]1C(=O)[NH2+]CCCC[C@H](NC(=O)[C@H](C)NC(=O)OCc1ccccc1)C(=O)OCc1ccccc1,-22.35,0
M2R-decoy_6514,COC(=O)[C@@H]1C[C@H](OS(=O)(=O)c2ccccc2)C(=O)[C@H]2[C@@]1(C)CC[C@H]1C(=O)O[C@H](c3ccoc3)C[C@]21C,-22.35,0
M2R-decoy_738,Brc1nc2n(c1Br)C[C@]1(C[NH+]3CCC1CC3)O2,-22.35,0
M2R-decoy_7498,CC(=O)O[C@@H]1C[C@H]([C@H](C)[C@H]2OC(=O)C(C)=C[C@@H]2O)[C@@]2(C)CC(=O)C3=C(CC[C@@H]4C(=C3)C=CC(=O)OC4(C)C)[C@]12C,-22.35,0
M2R-decoy_666,Cc1cc(C)nc(N2CC3CN(C(=O)c4cccnc4Br)CC3C2)n1,-22.35,0
M2R-decoy_2589.2,CCO[C@@H]1CN(c2cccc(c3cccc(C)c3OCc3cc4c(c(OC)c3)C[NH+](C3CCOCC3)CC4)n2)CC[C@@H]1C(=O)[O-],-22.34,0
M2R-decoy_709,CS(=O)(=O)c1ccc([S+]([O-])c2ccc(S(N)(=O)=O)s2)cc1,-22.34,0
M2R-decoy_7579,O=S(=O)(c1ccc(Nc2nc(OC3CCOCC3)nc3c2CCN(c2ncccc2C(F)(F)F)CC3)cc1)N1CCCC1,-22.34,0
M2R-decoy_9615,CCC(CC)n1cc(C(=O)C(F)F)cn1,-22.34,0
M2R-decoy_10186,NS(=O)(=O)Oc1cccc(I)c1,-22.33,0
M2R-decoy_8294,CCN(CC)c1ncc(N(C)S(=O)(=O)c2ccc(Cl)cc2)c(N[C@@H](Cc2ccc(OC(=O)N(C)C)cc2)C(=O)[O-])n1,-22.33,0
M2R-decoy_876,COc1c(Br)cc2c(c1Br)OCC(O)OC2,-22.31,0
M2R-decoy_1473,CCC(CC)[C@@H](CO)NS(=O)(=O)c1ccc(Cl)s1,-22.3,0
M2R-decoy_2476,CC(=O)CCS(=O)(=O)c1ccc(C)c(C)c1,-22.3,0
M2R-decoy_3932,CCCCCC(=O)OC[C@@]1(C)[C@H]2CC[C@@]3(C)OC(C4=CCOC4=O)CC3[C@]2(C)CC[C@H]1OC(=O)CCCCC,-22.3,0
M2R-decoy_474,O=S1(=O)NCN(CC(F)F)c2ccc(Cl)cc21,-22.3,0
M2R-decoy_5052,Cc1ccccc1CNC(=O)[C@H]1N(C(=O)[C@@H](O)[C@H](Cc2ccccc2)NC(=O)[C@@H](CS(=O)(=O)c2ccc(Cl)cc2)NS(C)(=O)=O)CSC1(C)C,-22.3,0
M2R-decoy_1058,C=C1C(=O)O[C@@H]2[C@@H](O)[C@@H](C)C3=CC(=O)[C@@](C)(C[C@H](OC(=O)/C(C)=C\C)[C@@H]12)O3,-22.29,0
M2R-decoy_11230,C[C@@]12CC(C(F)(F)F)=NN1S(=O)(=O)N(c1ccc(C#N)c(C(F)(F)F)c1)C2=O,-22.29,0
M2R-decoy_4032.1,CCOC(=O)c1ccc(CC(=O)Nc2nnc(CCCCc3ccc(NC(=O)Cc4ccccc4)nn3)s2)cc1OCC,-22.29,0
M2R-decoy_9931.1,CC(c1ccc(Br)cc1)N1CC2(CCC(C(C)(C)C)CC2)N(Cc2ccc(C(=O)NC3=NNN=N3)cc2)C1=O,-22.29,0
M2R-decoy_2171,COc1cc(N/C=C\C(=O)c2cn(c3ccccc3)nc2c2cc(OC)c(OC)c(OC)c2)cc(OC)c1OC,-22.28,0
M2R-decoy_558,O=S(=O)(N1CCOCC1)N1CCCC(C(F)(F)F)C1,-22.28,0
M2R-decoy_4311,CCc1ncnc(N(C)C(C)c2ccc(OC(=O)N(C)CCOCCN(C)C(C)=O)cc2)c1Cl,-22.27,0
M2R-decoy_4725,COCCn1c(=O)c2c(nc(Cc3cccs3)n2C)n(Cc2ccco2)c1=O,-22.26,0
M2R-decoy_4841,CCCCCOC(=O)N1CCN(C(=O)[C@H](CCC(=O)[O-])NC(=O)c2cc(OC(=O)N3CCOCC3)cc(c3ccccc3)n2)CC1,-22.26,0
M2R-decoy_9075,COc1c(CN(Cc2ccccc2)S(=O)(=O)c2cc(Cl)ccc2Cl)ccc2c1OC(C)(C)C=C2,-22.26,0
M2R-decoy_8477.1,CC(C)C[C@H](NC(=O)c1[nH]cnc1C(=O)N[C@@H](Cc1ccccc1)C(=O)OC(C)(C)C)C(=O)OCc1ccccc1,-22.26,0
M2R-decoy_130,O=C1C=C(Br)/C(=C/Br)O1,-22.25,0
M2R-decoy_2129,CCCCC[C@H](C)N1C[C@@H](COCc2ccccc2)Oc2cc(N3CCC[C@@H]3COC)ccc2S1(=O)=O,-22.25,0
M2R-decoy_4905,CCC[C@H]1[C@@H]2CCc3cc(OCc4cn([C@@H]5O[C@H](COC(C)=O)[C@@H](OC(C)=O)[C@H](OC(C)=O)[C@H]5OC(C)=O)nn4)ccc3[C@H]2CC[C@]1(C)CO,-22.25,0
M2R-decoy_1066,Cc1cc(n2ncc(=O)[nH]c2=O)ccc1Oc1ccc(S(C)(=O)=O)cc1,-22.24,0
M2R-decoy_10278,CC(C)(C)C(=O)N1CCN(c2ncccc2C(F)(F)F)CC1,-22.24,0
M2R-decoy_5748,CN(C)c1ccc2c(CC(=O)N[C@@H](CCCC[NH2+]C(=O)OCc3ccccc3)C(=O)[O-])cc(=O)oc2c1,-22.24,0
M2R-decoy_10588,Cc1ccc(/C=C2\SC(=S)N(C3CCS(=O)(=O)C3)C2=O)cc1,-22.23,0
M2R-decoy_5624,CN(CCCOc1ccc(CC(=O)[O-])cc1Cl)C(=O)CCCCC1CCSS1,-22.23,0
M2R-decoy_5776,CC(C)C[C@H](NC(=O)[C@H](Cc1cccc2ccccc12)NC(=O)OCc1ccccc1)C(=O)N[C@H](CS)C[C@@H]1CCNC1=O,-22.23,0
M2R-decoy_6213,O=C1CC(c2ccc(CC(NS(=O)(=O)c3ccc(C(F)(F)F)cc3)c3nc4ccccc4[nH]3)cc2)S(=O)(=O)N1,-22.23,0
M2R-decoy_10699,Nc1nc(N)c2cc(S(=O)(=O)c3ccc(Cl)cc3)ccc2n1,-22.22,0
M2R-decoy_3143,C#CCSc1nc(Cl)c(C#N)c(c2cc(OC)c(OC)c(OC)c2)n1,-22.22,0
M2R-decoy_5174,Cn1cncc1CC(=O)N[C@H]1C[C@H]2CC[C@]1(CS(=O)(=O)N1CCC3(CCc4ccccc43)CC1)C2(C)C,-22.22,0
M2R-decoy_7824,CC(=O)O[C@H]1[C@@H](O)[C@H]2C(C)(C)CC[C@H](OCc3cc(c4ccccc4)no3)[C@]2(C)[C@@]2(O)C(=O)C[C@](C)(C3CC(c4ccccc4)=NO3)O[C@]12C,-22.22,0
M2R-decoy_119,CN1C=NS(=O)(=O)c2c(Cl)sc(Cl)c21,-22.21,0
M2R-decoy_1207,C[C@@H]1C[C@H]2O[C@@H]2/C=C\C=C\C(=O)Cc2cc(O)cc(O)c2C(=O)O1,-22.21,0
M2R-decoy_5545,CCOP(=O)(OCC)C(=Cc1ccc(O)cc1)P(=O)(OCC)OCC,-22.21,0
M2R-decoy_594,COc1c(OC)c(O)c2c(=O)cc(C)oc2c1I,-22.21,0
M2R-decoy_5950,CCCCCCN(C(=O)Nc1ccc(SC(F)(F)F)cc1)C1Cc2ccc(SC(C)(C)C(=O)[O-])cc2C1,-22.21,0
M2R-decoy_9478,COC(=O)CC/C=C\CC[C@H]1C(=O)C[C@@H](O)[C@@H]1/C=C/C[C@@](C)(O)/C=C/C1=CCCC1,-22.21,0
M2R-decoy_2219.1,CC[NH+](C/C=C/C#CC(C)(C)C)Cc1cccc(OCCN(C2CC2)S(=O)(=O)c2cccs2)c1,-22.2,0
M2R-decoy_2450,O=C(CCS(=O)(=O)c1cccs1)N1CCCC1,-22.2,0
M2R-decoy_3104,CCOC(=O)C1(CCc2ccccc2)CCN(C(=O)c2cc(C)nc(C)n2)CC1,-22.2,0
M2R-decoy_6469.1,CC(=O)c1c(O)c(C)c(O)c2c1OC1=CC(=O)/C(=C(\C)N[C@@H](Cc3c[nH]c4ccccc34)C(C)=O)C(=O)[C@@]12C,-22.2,0
M2R-decoy_9720,C[C@@]12C[C@H](c3ccoc3Br)OC(=O)[C@@H]1CC[C@]1(C)[C@H]2[C@@H]2OC(=O)[C@@]1(O)[C@@H](Br)[C@@H]2Br,-22.2,0
M2R-decoy_10593,O=C(c1ccc(Cl)c(F)c1Cl)N1CCn2c(nnc2c2cnccn2)C1,-22.19,0
M2R-decoy_1852,C[C@H]1CCC/C=C/[C@@H]2C[C@H](OC(=O)CCCc3ccc(N(CCCl)CCCl)cc3)C[C@H]2[C@H](O)/C=C/C(=O)O1,-22.19,0
M2R-decoy_3928,COc1ccc(c2nc(SCCCCOc3ccc(OCC(=O)[O-])cc3Cl)sc2c2ccc(OC)cc2)cc1,-22.19,0
M2R-decoy_439,O=C1c2cc(Cl)ccc2OCCC1Br,-22.19,0
M2R-decoy_6931,C[C@H]1CN([C@@H](C)CO)C(=O)c2cc(N(C)C)ccc2O[C@H](C)CCCCO[C@H]1CN(C)S(=O)(=O)c1ccc(F)cc1,-22.19,0
M2R-decoy_7554,COc1ccc(C[NH+]2CCN(C(=O)O[C@H]3CC[C@]4(C)[C@H]5CC[C@@]6(C)[C@@H](C[C@@H]7O[C@]8(CC[C@@H](C)CO8)[C@@H](C)[C@@H]76)[C@@H]5CC[C@@H]4C3)CC2)cc1,-22.19,0
M2R-decoy_9325,CCCCCCCCCCC(C)CCCCCCC(=O)O[C@@H]1CC(=O)O[C@H]1CO,-22.19,0
M2R-decoy_11169,Cn1cnnc1S(=O)(=O)C1CCN(S(=O)(=O)c2c(Cl)cccc2Cl)CC1,-22.18,0
M2R-decoy_6597,CC1O[C@@H](O[C@H]2CC[C@]3(C)[C@H]4CC[C@]5(C)[C@@H](CC[N+](=O)[O-])CC[C@]5(O)[C@@H]4CC[C@@H]3C2)C(O)[C@@H](O)[C@H]1O,-22.18,0
M2R-decoy_8621,CCCc1cc(Cn2c(CC)nc3c(C)cc(C)cc32)ccc1OC(C(=O)NS(=O)(=O)c1ccc(C(C)C)cc1)c1ccc2c(c1)OCO2,-22.18,0
M2R-decoy_232,CC1(C)CNC(=O)[C@@H]1Oc1ccc(C#N)c(C(F)(F)F)c1,-22.17,0
M2R-decoy_1578,CC(N/C(=C\[N+](=O)[O-])Nc1ccncc1)C(C)(C)C,-22.17,0
M2R-decoy_446,O=C1Nc2[nH]cnc2C(C#CC2CC2)(C(F)(F)F)N1,-22.17,0
M2R-decoy_3029,COc1cc2c(cc1SC(C)=O)O[C@@H](C[C@H](c1ccc3c(c1)OCO3)C(C)OC(C)=O)C2,-22.16,0
M2R-decoy_7148,C=C(C)[C@@]12O[C@@]3(c4ccccc4)O[C@@H]1[C@@H]1[C@@H]4O[C@]4(CO)[C@@H](O)[C@]4(O)C(=O)C(C)=C[C@H]4[C@@]1(O3)[C@H](C)[C@H]2OC(=O)/C=C/c1ccccc1,-22.16,0
M2R-decoy_9912.1,Cc1nc2cc(c3cc(C(O)(C(F)(F)F)C(F)(F)F)cnc3N3CCN(S(=O)(=O)c4ccc(N)nc4)CC3)ccc2o1,-22.16,0
M2R-decoy_1016,NC(=O)CNC(=O)C[C@H]1CC[C@]2(CC1)OO[C@]1(O2)C2CC3CC(C2)CC1C3,-22.15,0
M2R-decoy_1199,C[C@H]1CCC(=O)/C=C/C(=O)c2c(O)cc(O)cc2CC(=O)O1,-22.15,0
M2R-decoy_2125,CC(C)=CCC1Cc2c(OCCCNS(=O)(=O)c3ccc([N+](=O)[O-])cc3)cc(=O)n(CCCO)c2CC1(C)C,-22.15,0
M2R-decoy_9277,FC(F)(F)c1ccc(Nc2nc(N3CCCC3)nc3c2CCN(c2ncccc2C(F)(F)F)CC3)cc1Cl,-22.15,0
M2R-decoy_10353,N#Cc1c(F)cccc1N1CCN(S(=O)(=O)c2cccs2)CC1,-22.14,0
M2R-decoy_1840,COC(=O)/C=C/c1cccc(N(Cc2ccc(/C=C/C(=O)OC(C)(C)C)cc2OS(C)(=O)=O)C(=O)C2CCCCC2)c1,-22.14,0
M2R-decoy_1940,COC/C=C/c1cc(OC)c2c(c1)[C@H](CO[C@@H]1O[C@H](CO)[C@@H](O)[C@H](O)[C@H]1O)[C@@H](c1ccccc1)O2,-22.14,0
M2R-decoy_7189,COc1cccc(N2CCN(C(=O)C3(Oc4ccc(C(F)(F)F)cc4)CCCN(C(=O)c4cnccc4C(F)(F)F)C3)CC2)c1,-22.14,0
M2R-decoy_10566,Cc1nnsc1C(=O)N(NC(=O)c1ccccc1Cl)C(C)(C)C,-22.13,0
M2R-decoy_1898,Cc1c(Cc2cccc(NS(=O)(=O)NCCC#N)c2F)c(=O)oc2cc(OCCO)ccc12,-22.13,0
M2R-decoy_2343.1,CCC(CC)c1nnc(NC(=O)CS(=O)(=O)c2ccccc2)s1,-22.13,0
M2R-decoy_6212,Cc1ccc(O)c(C)c1C(=O)N[C@@H](Cc1cccc(C(F)(F)F)c1)[C@H](O)C(=O)N1C[C@@H](Cl)C[C@H]1C(=O)NC(C)(C)C,-22.13,0
M2R-decoy_11259,Cc1cccc(N2CCN(S(=O)(=O)c3ccc4c(c3)C(C)(C)C(=O)N4C)CC2C)c1,-22.12,0
M2R-decoy_11367,COc1ccc(S(=O)(=O)N2Cc3cc(O)c(O)cc3C[C@@H]2C(=O)NO)cc1,-22.12,0
M2R-decoy_10325,CC1CCN(S(=O)(=O)c2cc3c4c(c2)CC(=O)N4CCC3)CC1,-22.12,0
M2R-decoy_596,NC1=C(c2nc3ccccc3s2)C(=O)CN1C1CCC(O)CC1,-22.12,0
M2R-decoy_7210,COC(=O)[C@@]1(Cc2ccc(F)cc2)[C@H]2c3cc(C(=O)N4CCCC4)n(Cc4ccc(C)o4)c3C[C@H]2CN1C(=O)c1ccccc1,-22.12,0
M2R-decoy_3953,CCCOc1ccc(C[C@H](CCc2ccccc2)C(=O)[O-])cc1CNC(=O)c1ccc(C23CC4CC(CC(C4)C2)C3)cc1,-22.11,0
M2R-decoy_5609,CC(=O)O[C@H](/C=C(\C)CC[C@@H](OC(C)=O)[C@]1(C)CCC(=O)O1)C/C(C)=C/CCc1ccoc1,-22.1,0
M2R-decoy_5644,NC(=O)CCCCCCCCCCCNC(=O)NC12CC3CC(CC(C3)C1)C2,-22.1,0
M2R-decoy_511,Cn1cc(Br)cc(NC(=O)CC(C)(C)C)c1=O,-22.1,0
M2R-decoy_7577,COc1cc2c(cc1OCCCOc1cc3c(cc1OC)C(=O)N1CC(=C(F)F)C[C@H]1C=N3)N=C[C@@H]1CC(=C(F)F)CN1C2=O,-22.1,0
M2R-decoy_7843,CCN(CC)c1ccc2cc(C(=O)N3CCN(C(=O)C4=Cc5cc(Br)ccc5S4(=O)=O)CC3)c(=O)oc2c1,-22.1,0
M2R-decoy_1003,Cc1ccccc1S(=O)(=O)NC(C)C1=CC(=O)c2c(O)ccc(O)c2C1=O,-22.09,0
M2R-decoy_5568,O=C(CCCCCCOc1ccc(NC(=O)Cc2c[nH]c3ccccc23)cc1)NO,-22.09,0
M2R-decoy_5828,CC(C)(C)CNC(=O)C[C@H](NC(=O)C(=O)c1c[nH]c2ccccc12)C(=O)N[C@@H](CCc1ccccc1)C(=O)NCc1ccccc1,-22.09,0
M2R-decoy_763,Cc1cc2c(c(=O)[nH]1)C(=O)O/C2=C\c1nccn1C,-22.09,0
M2R-decoy_1019,COc1cc(n2ncc(=O)[nH]c2=O)ccc1S(=O)(=O)c1ccc(Cl)cc1,-22.08,0
M2R-decoy_2828,CC1=C(CC(=O)OCCO[N+](=O)[O-])c2cc(F)ccc2/C1=C\c1ccc(S(C)(=O)=O)cc1,-22.08,0
M2R-decoy_4107,COC(=O)[C@H](CSC(=O)CC1(CNC(=O)OC(C)(C)C)CCCCC1)NC(=O)[C@H](Cc1ccccc1)NC(=O)OCc1ccccc1,-22.08,0
M2R-decoy_5585,COc1ccc(COC[C@H](Cn2ccnc2)OCCCCC(C)(C)C(=O)[O-])cc1,-22.08,0
M2R-decoy_919,CC1=CC2C(=O)c3nccc(I)c3C(=O)C2N=C1,-22.08,0
M2R-decoy_10340,O=C1C(=O)C2=C1Oc1ccc(Cl)cc1C21SCCCS1,-22.07,0
M2R-decoy_2199,O=c1nc2oc(CCCCCCCCCOCC3CCCC3)cc2cn1[C@H]1C[C@H](O)[C@@H](CO)O1,-22.07,0
M2R-decoy_7092,CC(=O)OC[C@@]12[C@@H](OC(C)=O)CC[C@](C)(O)[C@]13OC(C)(C)[C@H](C[C@@H]2OC(=O)/C=C/c1ccccc1)[C@H]3O,-22.07,0
M2R-decoy_4041,CC(=O)c1cccc(COC(=O)CCCC[C@@H]2SCC3C2N(Cc2cccc(C(C)=O)c2)C(=O)N3Cc2cccc(C(C)=O)c2)c1,-22.06,0
M2R-decoy_5162,CN(CC1CCC[NH+](C)C1)C(=O)Cn1c2cc(C(=O)[O-])ccc2c(C2CCCCC2)c1c1ccc(Cl)cc1,-22.06,0
M2R-decoy_5315,COC(=O)c1c(c2cc(OC)c(OC)c(OC)c2)c2ccnc(OCCc3ccccn3)c2c(=O)n1Cc1ccnc(C)c1,-22.06,0
M2R-decoy_8994,C[C@H](CCC(=O)OCc1cn(CC(O)(Cn2cncn2)c2ccc(F)cc2F)nn1)[C@H]1CC[C@H]2[C@@H]3CC[C@@H]4C[C@H](O)CC[C@]4(C)[C@H]3C[C@H](O)[C@@]21C,-22.06,0
M2R-decoy_9061,COc1ccc(Sc2ccc(OC)c(C(=O)Oc3c(C)c(C)c(C(=O)Oc4c(C)c(C)c(C(=O)[O-])c(OC)c4C)c(OC)c3C)c2)cc1,-22.06,0
M2R-decoy_10646,O=S1(=O)NCC2(CCN(c3ncccn3)CC2)COc2ccccc21,-22.05,0
M2R-decoy_9761,CC[C@H](C)[C@H]1O[C@]2(CC[C@@H]1C)C[C@@H]1C[C@@H](C/C=C(\C)[C@H](Cl)[C@@H](C)/C=C/C=C3\CO[C@@H]4[C@H](O)C(C)=C[C@@H](C(=O)O1)[C@]34O)O2,-22.05,0
M2R-decoy_981,O=C(NC1CCCCC1)C1CCCN1S(=O)(=O)c1ccc(F)cc1,-22.05,0
M2R-decoy_1972,C=CCNC(=O)C(=O)C(CCC)NC(=O)[C@@H]1[C@@H]2[C@H](CN1C(=O)[C@@H](NC(=O)NC(C)(C)C)C1CCCCC1)C2(C)C,-22.04,0
M2R-decoy_1532,CC[C@H](C)[C@@H](CO)NS(=O)(=O)c1ccc(Br)s1,-22.04,0
M2R-decoy_3945.1,CC1(C)CCN(C(=O)Cc2cccc(CC(=O)Nc3nnc(CCCCc4ccc(NC(=O)Cc5ccccc5)nn4)s3)c2)C1,-22.04,0
M2R-decoy_4516,CC(C)[C@H](NC(=O)OCc1ccccc1)C(=O)N[C@@H](Cc1ccccc1)C(=O)C(F)(F)CCc1ccccn1,-22.04,0
M2R-decoy_9723,COC(=O)[C@@H]1C2=C(CC[C@]3(C)C2=CC[C@@H]2[C@@]45COC(=O)C[C@@H]4OC(C)(C)[C@@H]5C[C@@H](O)[C@]23C)OC(=O)CC1(C)C,-22.04,0
M2R-decoy_10605,O=C(c1ccc(Cl)cc1Cl)N1CCn2c(nnc2c2cnccn2)C1,-22.03,0
M2R-decoy_5063,CCCCCCCCCc1ccc(OP(=O)([O-])OC[C@H]2O[C@@H](n3cc(F)c(=O)[nH]c3=O)C[C@@H]2OC(=O)c2ccccc2)cc1,-22.03,0
M2R-decoy_629,CC1=C(C(N)=O)C(c2ccncc2)C(C#N)=C2SCC(=O)N12,-22.02,0
M2R-decoy_9648,COC(=O)[C@@H](NC(=O)CCl)C(C)C,-22.02,0
M2R-decoy_11081,CP1(=O)OCC[C@]2(CCC[C@@]3(S(=O)(=O)c4ccc(Cl)cc4)c4c(F)ccc(F)c4OC[C@@H]23)CO1,-22.01,0
M2R-decoy_6034,Cc1ccccc1S(=O)(=O)N(C)C[C@@H]1OCc2ccccc2-c2c(n(C)c3ccccc23)C(=O)N([C@@H](C)CO)C[C@@H]1C,-22.01,0
M2R-decoy_6078,Cc1ccc(N(CC(=O)NCCSCc2ccco2)S(=O)(=O)c2ccc(F)cc2)cc1,-22.01,0
M2R-decoy_7877,O=C1CCC(C(=O)N2CC[C@](c3ccc(C(F)(C(F)(F)F)C(F)(F)F)cc3)(S(=O)(=O)c3ccc(F)cc3)C2)CC1,-22.01,0
M2R-decoy_8498,CCOC(=O)Cn1c(c2ccc(OCCN(C)c3ccccn3)cc2)nc2c1c(=O)n(Cc1ccccc1C#N)c(=O)n2C,-22.01,0
M2R-decoy_923,Cn1c(=O)c2c(nc3n2CCCN3C2CCCCC2)n(C)c1=O,-22.01,0
M2R-decoy_10477,O=S(=O)(c1ccccc1)N1CCN(c2nc3ccccc3s2)CC1,-22.0,0
M2R-decoy_10578,O=C(C1CCS(=O)(=O)C1)N1CCC(=Cc2cccc(F)c2)CC1,-22.0,0
M2R-decoy_1417,CN(C1CCCCC1)S(=O)(=O)c1cc2c(cc1Cl)NC(=O)CO2,-22.0,0
M2R-decoy_397,O=C1Nc2ccc(S(=O)(=O)N3CCCCCC3)cc2C1=O,-22.0,0
M2R-decoy_5349,CCOc1ccc(S(=O)(=O)N(CC(=O)N/N=C/c2ccc(c3ccc([N+](=O)[O-])cc3)o2)c2ccccc2)cc1,-22.0,0
M2R-decoy_6123,CCOc1ccc(CCNC(=O)C[S+]([O-])Cc2nc(c3ccc(C)cc3)oc2C)cc1,-22.0,0
M2R-decoy_7588,CC(=O)N1CCC(C(=O)N2CC[C@](c3ccc(C(Oc4cccc5ccccc45)(C(F)(F)F)C(F)(F)F)cc3)(S(=O)(=O)c3ccc(F)cc3)C2)CC1,-22.0,0
M2R-decoy_8899,O=C(c1ccccc1)c1ccccc1N[C@@H](Cc1ccc(OC[C@@H]2CCCN2c2ccc([N+](=O)[O-])cc2)cc1)C(=O)[O-],-22.0,0
M2R-decoy_9668,O=C(Cn1cc2c(n1)CCCC2)NCC1CCCO1,-22.0,0
M2R-decoy_1710,COC(=O)[C@@H]1C2CCC(C[C@H]1c1ccc(I)cc1)S2,-21.99,0
M2R-decoy_3383,CCCCN(C=O)c1c(CC)nc2c(OCc3ccc(Cl)cc3Cl)cccn12,-21.99,0
M2R-decoy_4840,COc1cccc(OC(F)(F)F)c1c1ccc([C@@H](CC(=O)[O-])NC(=O)[C@@H]2CCN2S(=O)(=O)c2cc(Cl)cc(Cl)c2)cc1,-21.99,0
M2R-decoy_7626,COC(=O)[C@]12CCC(C)(C)C[C@H]1C1=CC[C@@H]3[C@@]4(C)CC/C(=N\OC(=O)/C=C5/SC(=O)NC5=O)C(C)(C)[C@@H]4CC[C@@]3(C)[C@]1(C)CC2,-21.99,0
M2R-decoy_8691,CC#C[C@]1(O)CC[C@H]2[C@@H]3CCC4=CC(=O)CCC4=C3[C@@H](c3ccc(N(C)CCCCCCCCCCC(=O)OC)cc3)C[C@@]21C,-21.99,0
M2R-decoy_9403,Cc1ccc(S(=O)(=O)N(CC(=O)N(Cc2ccc(C3CCCCC3)cc2)c2ccc(C(=O)[O-])c(O)c2)Cc2ccc(F)cc2)cc1,-21.99,0
M2R-decoy_11201,CC(C)c1cnc2c(c1SCC(=O)N1CCCCC1)c(=O)n(C)c(=O)n2C,-21.98,0
M2R-decoy_3644,COCCCNC(=O)C1=CCN(S(=O)(=O)c2ccc(C)cc2)CC1,-21.98,0
M2R-decoy_3707,Cn1c(c2cn(CCOCCOCCOCCO)nn2)nc(c2ccc(F)cc2)c1c1ccncc1,-21.98,0
M2R-decoy_3451,CCCCCc1ccc(C(=O)NCCn2cc(CCCCCc3cnc(N)n3Cc3ccc(CCCC)cc3)nn2)cc1,-21.98,0
M2R-decoy_7276,COc1cc(/C=C/C(=O)O[C@H]2CC[C@@]3(C)[C@@H](CC[C@]4(C)[C@@H]3C(=O)C=C3[C@@H]5C[C@@](C)(C(=O)[O-])CC[C@]5(C)CC[C@]34C)C2(C)C)cc(OC)c1OC,-21.98,0
M2R-decoy_8331,CCCN(CCC)c1cc2nc([S+]([O-])Cc3nccc(OC)c3OC)[nH]c2cc1NC(=O)c1ccco1,-21.98,0
M2R-decoy_9731,C[C@]12C[C@H](c3ccc(S(C)(=O)=O)cc3)C3=C4CCC(=O)C=C4CC[C@H]3[C@@H]1CC[C@@]2(O)C(F)(F)C(F)(F)F,-21.98,0
M2R-decoy_10973,N#Cc1cc(Cl)cc(Oc2c(C(F)(F)F)ccn(Cc3ccc4ccccc4n3)c2=O)c1,-21.97,0
M2R-decoy_4466,C#Cc1ccc([C@H]2C=C(C(=O)OCC=C)O[C@@H](OCCCCO)C2)cc1,-21.97,0
M2R-decoy_856,CC1(O)CCC2CC1OO[C@]2(C)CS(=O)(=O)c1ccc(F)cc1,-21.97,0
M2R-decoy_8885,[N-]=[N+]=N[C@H]1[C@@H](OCc2ccccc2)[C@H](OCc2ccccc2)[C@@H](COCc2ccccc2)O[P@@]1(=O)c1ccccc1,-21.97,0
M2R-decoy_9457,O=S(=O)(NCCCCC(CCCO)CCCc1cccnc1)c1ccc(Cl)cc1,-21.97,0
M2R-decoy_1865,CSc1cnc(OCCOc2ncnc(NS(=O)(=O)c3ccc(C(C)(C)C)cc3)c2c2ccc(Cl)cc2)nc1,-21.96,0
M2R-decoy_3681,CC(C)N(Cc1cccc(OCCCCCC(=O)[O-])c1)C(=O)c1ccc(c2cccc(CC#N)c2)cc1,-21.96,0
M2R-decoy_4357,Cc1ccc(OC(=O)N(CC(=O)[O-])Cc2cccc(OCc3nc(c4ccc(N5CCOCC5)cc4)oc3C)c2)cc1,-21.96,0
M2R-decoy_1977,C#CCOC1O[C@H](COC(C)=O)[C@@H](OCc2ccccc2)[C@H](OCc2ccccc2)[C@H]1OCc1ccccc1,-21.95,0
M2R-decoy_6276,CC(C)[C@@H]1c2nc3cc(CO)c(S(C)(=O)=O)cc3n2CCN1c1ncc(C(=O)N(C)C)c(C(F)(F)F)n1,-21.95,0
M2R-decoy_75,C[C@@H](OC(=O)COCc1ccccc1)[C@H](NC(=O)c1ncccc1O)C(=O)NCCCC(=O)OCc1ccccc1,-21.94,0
M2R-decoy_828,Cc1sc2ncn(n3c(C)ccc3C)c(=O)c2c1C,-21.94,0
M2R-decoy_9170,O=C(CCCCCCCCOc1cccc(c2nc(N3CCOCC3)c3sccc3n2)c1)NO,-21.94,0
M2R-decoy_4486,COc1cc2ccc(=O)oc2c(OC)c1OC/C=C(\C)CC/C=C(\C)CO,-21.93,0
M2R-decoy_5633,CCCCc1nc(Cl)c(COC)n1Cc1ccc(C(=O)N[C@@H](Cc2ccccc2)C(=O)[O-])cc1,-21.93,0
M2R-decoy_5074,CC(C)(C)OC(=O)N[C@@H](Cc1ccc(OCc2ccccc2)cc1)C(=O)NS(=O)(=O)c1ccc(NCCCc2ccccc2)c([N+](=O)[O-])c1,-21.93,0
M2R-decoy_7546,COc1c(Br)c(C)c(Cc2c(Br)c(Br)c(OC)c(OC)c2Br)c(Br)c1OC,-21.93,0
M2R-decoy_6528,C=C1CC[C@]2(C)CC[C@]3(C)[C@H]4[C@H](O)[C@H](O)[C@@]5([C@@H](C)O)COC(=O)C=C[C@H]5[C@]4(C)CC[C@@]3(C(=O)OC)[C@]2(O)C1,-21.93,0
M2R-decoy_8024,COc1ccc2c(O[C@H]3C[C@H]4C(=O)N(C)CCCC/C=C/[C@@H]5C[C@@]5(C(=O)NS(=O)(=O)C5(C)CC5)NC(=O)N4C3)cc(c3csc(C(F)(F)F)n3)nc2c1Cl,-21.93,0
M2R-decoy_9864,CC(C)(C)c1ccc(S(=O)(=O)NC(=O)CSc2nnc(Br)n2c2ccc(C3CC3)c3ccccc32)cc1,-21.93,0
M2R-decoy_11397,CC(=O)N1CCCc2cc(S(=O)(=O)CCC(=O)N3CCN(c4ccccc4)CC3)ccc21,-21.92,0
M2R-decoy_318,O=c1nc2sc3ccccc3n2c(=O)n1c1ccccc1,-21.92,0
M2R-decoy_11343.1,N#Cc1ccc(F)c(S(=O)(=O)Nc2ccc(c3cnc4c(N)n[nH]c4n3)cc2)c1,-21.91,0
M2R-decoy_2858,Sc1nnc(COC(Cn2nnnc2Cc2ccccc2)c2ccc(Cl)cc2)o1,-21.91,0
M2R-decoy_2545,CCCN(CC[NH+]1C[C@H](c2ccc3c(c2)OCO3)[C@@H](C(=O)[O-])[C@@H]1c1ccc(OC)cc1)S(=O)(=O)CCC,-21.9,0
M2R-decoy_5750,Cc1ccc(CC(C)(C)[NH2+]C[C@@H](O)CO[C@H](C)c2ccccc2C2CC3CC2C2C(C(=O)[O-])C32)cc1F,-21.9,0
M2R-decoy_8606,COc1ccccc1Oc1c(NS(=O)(=O)c2ccc(C(C)(C)C)cc2)nc(C2CC2)nc1OCCOC(=O)Nc1ccccn1,-21.9,0
M2R-decoy_10866,Cc1onc(c2ccccc2)c1C(=O)N1CCN(S(=O)(=O)c2ccc(OC(F)(F)F)cc2)CC1,-21.89,0
M2R-decoy_10246,CC1CCCN(C(=O)C2=Cc3cc(Br)ccc3S2(=O)=O)C1,-21.89,0
M2R-decoy_2474,CC(=O)c1ccc(S(=O)(=O)N2CCCC2)cc1,-21.89,0
M2R-decoy_10468,O=C(c1ccccc1C(F)(F)F)N1CCN(S(=O)(=O)c2ccccc2)CC1,-21.88,0
M2R-decoy_10853,Cc1cc(Br)cnc1n1ccnc1[S+]([O-])Cc1ccccc1N(C)C,-21.88,0
M2R-decoy_10880,CC(=O)N1c2c(cc(Br)cc2S(=O)(=O)N2CCN(c3cc(C)ccc3C)CC2)CC1C,-21.88,0
M2R-decoy_1821,CC(C)(C)c1[nH]cnc1/C=c1\[nH]c(=O)/c(=C/c2cccc(C(=O)c3ccco3)c2)[nH]c1=O,-21.88,0
M2R-decoy_8598,CCCCOC(=O)NS(=O)(=O)c1sc(CC(C)C)cc1c1ccc(CN(C(=O)c2ccccc2)c2ccc(C)cc2)cc1,-21.88,0
M2R-decoy_146,Nc1cc(Br)c(N)c(Br)c1,-21.87,0
M2R-decoy_2518,CCN(C)C(=O)CSc1cnc(NC(C)=O)s1,-21.87,0
M2R-decoy_2889,O=[N+]([O-])c1ccc(OC2C(Cn3ccnc3)CCCC2Cn2ccnc2)c(C(F)(F)F)c1,-21.87,0
M2R-decoy_4898,O=C(Cc1ccccc1)Nc1ccn(CCCCc2ccc(NC(=O)Cc3cccc(OC(F)(F)F)c3)nn2)c(=O)c1,-21.87,0
M2R-decoy_6075,CC(C(c1ccc2cc(OCc3ccc(OCC(=O)[O-])cc3)ccc2c1)n1ccnc1)[NH+](C)C,-21.87,0
M2R-decoy_7651,CNC(=O)[C@]12CC[C@@H](C)[C@H](C)[C@H]1C1=CC[C@@H]3[C@@]4(C)C[C@@H](OC(C)=O)[C@H](OC(C)=O)[C@@](C)(COC(C)=O)[C@@H]4CC[C@@]3(C)[C@]1(C)CC2,-21.87,0
M2R-decoy_10638,O=S(=O)(c1ccc(Br)cc1)N1CCCCCC1,-21.86,0
M2R-decoy_2030,CCNC(=O)C(C)c1ccc(O[C@@H]2CCN(c3ccnc(Oc4ccccc4)c3)C2)cc1,-21.86,0
M2R-decoy_3796,Cc1cc(OCCCN2CCCC2=O)cc(C)c1c1cccc(COc2ccc(CCC(=O)[O-])c(F)c2)c1,-21.86,0
M2R-decoy_4969,CCOC(=O)C(CCCNC(=O)OC(C)(C)C)N(Cc1ccc(OC)cc1OC)C(=O)CC(=O)CP(=O)(OCC)OCC,-21.86,0
M2R-decoy_8796.2,CC(C)CCN(c1ccc(NCCC(C)(C)C)cc1)C1CCN(C(=O)[C@H](CC(C)C)NC(=O)N2CCCCCC2)CC1,-21.86,0
M2R-decoy_8000,Cc1nccc(c2ccc(C[C@H](NC(=O)[C@@H]3Cc4cc5c(cc4C[NH+]3Cc3nccs3)O[C@@H](c3ccc(OCc4ccc(Cl)c(Cl)c4)cc3)CO5)C(=O)[O-])cc2)c1C,-21.85,0
M2R-decoy_890,CC(=O)Nc1nc(C)c(c2csc(N3CCOCC3)n2)s1,-21.85,0
M2R-decoy_9563,COC1(CNS(=O)(=O)c2ccccc2Cl)CCSC1,-21.85,0
M2R-decoy_2100,COC(CCc1ccc(C[C@H](C[C@H](O)[C@H](Cc2ccccc2)NC(=O)OC(C)(C)C)C(=O)N[C@H]2c3ccccc3C[C@H]2O)cc1)OC,-21.83,0
M2R-decoy_1786,CO[C@H]1O[C@@H](OC)C2=C1[C@]1(CO)CC[C@H]3[C@@](C)(CO)[C@@H](O)C(=O)C[C@]3(C)[C@H]1CC2,-21.82,0
M2R-decoy_2000,CC(C)C[C@H](NC(=O)N1C(C)(C)CCCC1(C)C)C(=O)N[C@H](Cc1c[nH]c2ccccc12)C(=O)NCCC(=O)[O-],-21.82,0
M2R-decoy_1569,C#CCN(C(=O)N(CCCl)N=O)C1CCCCC1,-21.82,0
M2R-decoy_3719,CCOC(=O)N(C)/N=C/[C@H](CCc1ccccc1)NC(=O)[C@H](CC(C)C)NC(=O)c1cc2cccc(OC)c2o1,-21.82,0
M2R-decoy_415,c1c2c(cc3sc(N4CCOCC4)nc13)OCO2,-21.82,0
M2R-decoy_4417,O=C(N/N=C/c1ccc(OCCCF)cc1)c1cc(OCC(F)(F)F)ccc1OCC(F)(F)F,-21.82,0
M2R-decoy_5392,CCN(CC)S(=O)(=O)c1cccc(c2nnc(SCc3nc(=O)c4cccc(C)c4[nH]3)n2CC(C)C)c1,-21.82,0
M2R-decoy_9588,CC(C)NC(=O)C1CCCN(S(=O)(=O)c2cccs2)C1,-21.82,0
M2R-decoy_3107,CCOC(=O)CCc1c(C)c2ccc(OC3CCCCC3=O)cc2oc1=O,-21.81,0
M2R-decoy_3361,COc1ccc2c(c1CCCCO)OCCCC2c1cc(OC)c(OC)c(OC)c1,-21.81,0
M2R-decoy_4081,CCCCCC/C=C\CCCCCCCC(=O)Oc1c(OC)cc([C@@H]2c3cc4c(cc3C[C@H]3COC(=O)[C@@H]32)OCO4)cc1OC,-21.8,0
M2R-decoy_6398,C[C@@]1(C(=O)N[C@@H](Cc2ccc(OC(=O)N3CCCC3)cc2)C(=O)[O-])CCCN1S(=O)(=O)c1cc(Cl)cc(Cl)c1,-21.8,0
M2R-decoy_902,C[C@H]1C/C=C\C(=O)[C@@H](O)[C@@H](O)C/C=C/c2cc(O)cc(O)c2C(=O)O1,-21.8,0
M2R-decoy_9662,CCOC(=O)c1c(N)sc(N)c1C(=O)OCC,-21.8,0
M2R-decoy_10894,CCOC(=O)C1=N[C@@]2(SC1)C(=O)N(C(=O)c1ccc(Cl)cc1)c1ccc(Br)cc12,-21.79,0
M2R-decoy_1170,C=C1C(=O)O[C@H]2/C=C(\C)CC/C=C(\C)[C@@H](OC(=O)/C(C)=C/C)[C@H](O)[C@@H]12,-21.78,0
M2R-decoy_10239,CC(C)(C)C(=O)N1CCN(c2c(Cl)cccc2[N+](=O)[O-])CC1,-21.78,0
M2R-decoy_335.1,C[C@H]1OC(=O)c2c(O)cc(O)c(Cl)c2/C=C/CC/C=C/[C@@H]1O,-21.78,0
M2R-decoy_5213,O=S(=O)(CCCO)CC[C@@H]1OCC[C@@]2(S(=O)(=O)c3ccc(Cl)cc3)c3c(F)ccc(F)c3OC[C@@H]12,-21.78,0
M2R-decoy_6479,C[C@@H]1C[C@@H](O)[C@]2(O)O[C@@H]3C[C@@]4(C=O)[C@@H](CC[C@@H]5[C@@H]4CC[C@]4(C)[C@@H](C6=CC(=O)OC6)CC[C@]54O)C[C@H]3O[C@@H]2O1,-21.78,0
M2R-decoy_749,COc1cc(O)ccc1c1nc(C2SC[C@@H](C(=O)[O-])[NH+]2C)cs1,-21.78,0
M2R-decoy_7662,Cc1c(C)c2ccc3c(c2oc1=O)[C@@H](OC(=O)C12CCC(C)(C(=O)O1)C2(C)C)[C@@H](OC(=O)C12CCC(C)(C(=O)O1)C2(C)C)C(C)(C)O3,-21.78,0
M2R-decoy_7684,O=C(CO)N1CCC(C(=O)N2CC[C@](c3ccc(C(OCc4c(F)cccc4F)(C(F)(F)F)C(F)(F)F)cc3)(S(=O)(=O)c3ccc(F)cc3)C2)CC1,-21.78,0
M2R-decoy_9017,C[C@@H](CCCCC(=O)OCC[C@H]1O[C@@H]2O[C@@]3(C)CC[C@H]4[C@H](C)CC[C@@H]([C@H]1C)[C@]42OO3)O[C@@H]1O[C@@H](C)[C@H](OC(=O)c2ccccc2)C[C@H]1OC(=O)c1ccccc1,-21.78,0
M2R-decoy_6285,COC(=O)CCC(=O)O[C@]1(C(=O)CCl)[C@@H](C)CC2C3CCC4=CC(=O)C=CC4(C)[C@@]3(F)[C@@H](O)CC21C,-21.77,0
M2R-decoy_6610,CN(C(=O)COC(=O)c1ccc(Br)c(S(=O)(=O)N2CCOCC2)c1)C1CCCCC1,-21.77,0
M2R-decoy_7324,CC(C)(C)OC(=O)N1CC(C(=O)N2CCC(c3ccc(C(OCc4c(F)cccc4F)(C(F)(F)F)C(F)(F)F)cc3)(S(=O)(=O)c3ccc(F)cc3)C2)C1,-21.77,0
M2R-decoy_3336,COc1cccc(O[C@@H](CCOc2ccc(CC3SC(=O)NC3=O)cc2)c2ccccc2)c1,-21.76,0
M2R-decoy_8445,COc1cc(/C=C/C(=O)/C(=N\Nc2ccc([N+](=O)[O-])cc2)C(=O)C(Br)C(Br)c2ccc(O)c(OC)c2)ccc1O,-21.76,0
M2R-decoy_1818,C#Cc1ccc([C@H](C)NC(=O)[C@@H]2C[C@@H](O)CN2C(=O)[C@@H](NC(C)=O)C(C)(C)C)cc1,-21.75,0
M2R-decoy_2094,CC(=O)N[C@H](COCc1ccccc1)C(=O)N[C@@H](Cc1ccccc1)[C@H](O)C(=O)N1CSC(C)(C)[C@H]1C(=O)NCc1ccccc1C,-21.75,0
M2R-decoy_4092,CCCc1nc(CC)c(C(=O)OCc2ccccc2OCCC(C)C)n1Cc1ccc(c2ccccc2S(=O)(=O)NC(=O)OCCC(C)C)cc1F,-21.75,0
M2R-decoy_6130,C[C@@H]1CN(c2c(Cl)cnc3cc(S(C)(=O)=O)ccc23)CC[C@@H]1C(=O)N1CCn2c(nnc2C(F)(F)F)C1,-21.75,0
M2R-decoy_6369,CC(=O)OC[C@]12CC[C@H]3[C@@H](CC=C4CC=CC(=O)[C@@]43C)[C@]1(O)CC[C@@]2(O)[C@@](C)(O)[C@H]1CC(C)=C(CO)C(=O)O1,-21.75,0
M2R-decoy_9939,COc1cc(C[NH+]2CCN(C(=O)O[C@H]3CC[C@@]4(C)C(=CC[C@H]5[C@@H]6C[C@@H]7O[C@]8(CC[C@@H](C)CO8)[C@@H](C)[C@@H]7[C@@]6(C)CC[C@@H]54)C3)CC2)ccc1O,-21.75,0
M2R-decoy_11224,O=S(=O)(c1ccccc1C(F)(F)F)N1CCN(c2ncnc3sccc23)CC1,-21.74,0
M2R-decoy_3660,COC(=O)COc1ccc(S(=O)(=O)NCCC2=CCCCC2)cc1Cl,-21.74,0
M2R-decoy_4579.1,COc1cc(NC(NCCCCCCCCc2ccc(OCCC(C)C)cc2)=C2C(=O)OC(C)(C)OC2=O)cc(OC)c1OC,-21.74,0
M2R-decoy_10543,O=S(=O)(c1ccccc1)N1CC2CC(Br)C(Br)CC21,-21.73,0
M2R-decoy_10591,CN1C2C(Br)CCCCN2c2ccc(F)cc2S1(=O)=O,-21.73,0
M2R-decoy_443,Cc1cccc2c1S(=O)(=O)c1c(C)cccc1O2,-21.73,0
M2R-decoy_7425,COc1cc2cc(c1Cl)N(C)C(=O)/C=C/[C@]1(C)O[C@H]1[C@H](C)[C@@H]1C[C@@](O)(NC(=O)O1)[C@H](OC)/C=C/C=C(\C)C2,-21.73,0
M2R-decoy_11260,O=C(C1CCCCC1)N1CCN(S(=O)(=O)c2ccc(Br)cc2)CC1,-21.72,0
M2R-decoy_11277,CSc1ncccc1C(=O)N1CCN(S(=O)(=O)c2ccccc2)CC1,-21.72,0
M2R-decoy_1506,COCCOCC(=O)c1cc(C(C)(C)C)c2c(c1)C(C)(C)CO2,-21.72,0
M2R-decoy_41,CC(=O)N1CCCC(c2ncncc2c2ccncc2)C1,-21.72,0
M2R-decoy_5509,N#Cc1cc(Cn2c(=O)c3cc(OC(CF)CF)ccc3n(C3CCN(C=O)CC3)c2=O)ccc1c1ccccc1,-21.72,0
M2R-decoy_6641,CC(=O)O[C@@H]1C[C@H]2C(C)(C)O[C@H]3CC(=O)OC[C@]32[C@H]2CC[C@@]3(C)[C@@H](c4ccoc4)OC(=O)[C@H]4O[C@]43[C@]12C,-21.72,0
M2R-decoy_8160,COC(=O)/C(C#N)=C\c1ccc(OC)c(OCCCOC(=O)[C@]2(C)CC[C@]3(C)CC[C@]4(C)C5=CC=C6C(=CC(=O)C(O)=C6C)[C@]5(C)CC[C@@]4(C)[C@@H]3C2)c1,-21.72,0
M2R-decoy_8825,CCCCCCCN(CCCCCS(=O)(=O)c1cc(c2ccccc2)c(c2ccccc2)nn1)C(=O)Nc1ccc(F)cc1F,-21.72,0
M2R-decoy_9675,CCC(=O)N1CCN(C(=O)c2ccccc2)C(COC(C)=O)C1,-21.72,0
M2R-decoy_11240,COc1ccc(S(=O)(=O)n2nc(C)c(S(=O)(=O)N3CCCCC3)c2C)cc1,-21.71,0
M2R-decoy_1450,C/C(=N/OCO/N=C(/C)c1ccc(F)cc1)c1ccc(F)cc1,-21.71,0
M2R-decoy_6463,CCC(=O)N1CCc2cc(Br)cc(S(=O)(=O)CCC(=O)N3CCN(c4cc(C)ccc4C)CC3)c21,-21.71,0
M2R-decoy_10806,CCC(C)Cn1c(C(C)(C)C)nc2cc(S(=O)(=O)c3ccnc(F)c3)ccc21,-21.7,0
M2R-decoy_1119,O=S(=O)(Cc1nnc(S)s1)c1c[nH]cc1S(=O)(=O)c1ccccc1,-21.7,0
M2R-decoy_2059,CCCCc1oc2ccccc2c1COc1cccc(/C(C)=C/Cn2oc(=O)[nH]c2=O)c1,-21.7,0
M2R-decoy_8878,CCCCC1(CCCC)[C@H](O)[C@H](c2cccc(NCC)c2)c2cc(N(C)C)ccc2S(=O)(=O)N1Cc1ccccc1,-21.7,0
M2R-decoy_10977,O=C1/C(=C/c2cccnc2)CN(S(=O)(=O)c2ccc(F)cc2)C/C1=C\c1ccccc1C(F)(F)F,-21.69,0
M2R-decoy_1738,C=C1CC[C@H]2[C@@](C)(CC[C@H]3OC(C)(C)OC[C@@]23C)[C@@H]1C/C=C1/C(=O)OC[C@H]1OC(=O)CCCC,-21.69,0
M2R-decoy_3588,O=C([O-])[C@H]1C[NH2+]C[C@@H](CCN/N=C/c2ccccc2c2ccsc2)C1,-21.69,0
M2R-decoy_7388,O=C(O[C@@H]1CC[C@H](c2cccc(F)c2F)[C@H](O)c2cccnc21)N1CCC(n2c(=O)[nH]c3ncccc32)CC1,-21.69,0
M2R-decoy_9628,CC(C)CCCCCOC(=O)CCS,-21.69,0
M2R-decoy_11149,Cc1cc(C)n(c2ccc(S(=O)(=O)N3CCC(=O)N(c4ccccc4)C3=S)cc2)n1,-21.68,0
M2R-decoy_11181,O=c1n(S(=O)(=O)c2cccc(F)c2)ccn1S(=O)(=O)c1cccc(F)c1,-21.68,0
M2R-decoy_11394,N#Cc1cccc(S(=O)(=O)c2cnc3cc(Cl)ccc3c2N2CCOCC2)c1,-21.68,0
M2R-decoy_5552,CCOCCc1ccc(OCCN(C(=O)c2cc(C(C)(C)C)nn2C)C(=O)C2CC2)c(C)c1,-21.67,0
M2R-decoy_6101,C/C(=C\COc1ccc(F)cc1CN(C)C(=O)c1ccc(c2ccco2)cc1)CCC(=O)[O-],-21.67,0
M2R-decoy_7867,CC(=O)O[C@]12C[C@@H](C)[C@H](OC(=O)c3ccccc3)[C@@H]1/C=C(\C)[C@H](OC(=O)c1ccccc1)CC(=O)C(C)(C)/C=C/[C@@H](C)C2=O,-21.67,0
M2R-decoy_1699,CC(=O)O[C@H]1CC[C@]2(C)[C@H]3CC[C@]4(C)[C@@H](c5ccc(=O)oc5)C(=O)[C@H]5O[C@]54[C@@H]3CC[C@@H]2C1,-21.66,0
M2R-decoy_1737,CC(F)(COc1cncc2nnc(c3ccc(OC(F)F)cc3)n12)c1ccc(F)c(F)c1,-21.65,0
M2R-decoy_1231,O=C1NC(=S)S/C1=C\C1=Cc2cc(Br)ccc2OC1,-21.64,0
M2R-decoy_2794,COc1cc(OC)c([C@@H]2COc3c(ccc4c3C=CC(C)(C)O4)C2)cc1/C=C/C(=O)c1cc(OC)c(OC)c(OC)c1,-21.64,0
M2R-decoy_10396,CC1(CS(=O)(=O)c2ccc(Cl)cc2)CCOC2(CCCC2)OO1,-21.63,0
M2R-decoy_2110,COc1ccc(c2nc(SCCCOc3ccc(OCC(=O)[O-])c(C)c3)sc2c2ccc(OC)cc2)cc1,-21.63,0
M2R-decoy_2091.1,COc1ccc(S(=O)(=O)N(CC(C)C)C[C@@H](O)[C@H](Cc2ccccc2)NC(=O)Cc2cc3ccc(O)cc3oc2=O)cc1,-21.62,0
M2R-decoy_2165,O=C(NCc1ccccn1)c1cn(CCCCc2nnc(C(=O)NCc3cccc(OC(F)(F)F)c3)s2)nn1,-21.62,0
M2R-decoy_9171,CC[C@H](C)[C@H](NC(=O)[C@H](CC1CCCCC1)NC(=O)c1ccno1)C(=O)N(CC(C)C)CC(C)C,-21.62,0
M2R-decoy_9773,O=C1CN(C(=O)CC2Cc3ccc(c4cc(F)cc(OC(F)F)c4)cc3N2S(=O)(=O)c2cccc(C(F)(F)F)c2)C1,-21.62,0
M2R-decoy_11507,CNS(=O)(=O)c1cnc(OC2CCOC2)c(c2cn(C)c(=O)c3[nH]ccc32)c1,-21.61,0
M2R-decoy_1257,N#CN1CCC(NS(=O)(=O)c2ccc(C(F)(F)F)cc2)CC1,-21.61,0
M2R-decoy_4013,CC(C)(C)OC(=O)NCC(=O)N1CCC[C@H]1COCCCCCC/C=C/c1ccc(Oc2ccccc2)cc1,-21.61,0
M2R-decoy_5429,C=CCn1c(SCC(=O)c2[nH]c(C)c(C(=O)OCC)c2C)nc2scc(c3ccc(OC)cc3)c2c1=O,-21.61,0
M2R-decoy_7292,C[C@H]1[C@H](C)CC[C@]2(C)CC[C@]3(C)C(=CC(=O)[C@@H]4[C@@]5(C)C=C(I)C(=O)[C@](C)(C(=O)N6CCCCC6)[C@@H]5CC[C@]43C)[C@H]12,-21.61,0
M2R-decoy_7552,CC1(C)CCC[C@](C)([C@H]2CC[C@]3(C)[C@@H]2[C@H](OC(=O)Cn2nnnc2c2ccc4c(c2)OCO4)C[C@@H]2[C@@]4(C)CCC(=O)C(C)(C)[C@@H]4CC[C@]23C)O1,-21.61,0
M2R-decoy_139,CC1(C)C=Cc2c(cc3occc(=O)c3c2O)O1,-21.6,0
M2R-decoy_192,CS(=O)(=O)Nc1ccnc2ccc(Br)cc12,-21.6,0
M2R-decoy_2132,Cc1cccc(Cc2nc(C(=O)[C@@H](NC(=O)[C@@H]3CCCN3C(=O)[C@@H](NC(=O)OCc3ccccc3)C(C)C)C(C)C)no2)c1,-21.6,0
M2R-decoy_3930,O=C(CCCCC1CCSS1)NCc1cn(CCCCOc2ccc3cc(c4ccccc4)c(=O)oc3c2)nn1,-21.6,0
M2R-decoy_1984,CC(C)Cc1sc(N)nc1c1ccc(P(=O)(N[C@@H](C)C(=O)OC(C)C)N[C@@H](C)C(=O)OC(C)C)o1,-21.59,0
M2R-decoy_4553,Cc1ccc(S(=O)(=O)N(CC(C)C)[C@@H](CCCC[NH2+]C(=O)N(Cc2ccccc2)Cc2ccccc2)C(=O)[O-])cc1,-21.59,0
M2R-decoy_5336,Cc1c(C)c2c(c(C)c1O)CCC(C)(C(=O)N(c1ccccc1)C(C(=O)NC(C)(C)C)c1cccc(OCCCO[N+](=O)[O-])c1)O2,-21.59,0
M2R-decoy_8051.1,C[C@@H]1O[C@@H](O[C@H]2CC[C@H](O[C@@]3(C)CC(=O)c4c(ccc5c4C(=O)c4ccc([C@H]6C[C@H]7O[C@H]8CC(=O)[C@H](C)O[C@H]8O[C@@H]7[C@@H](C)O6)c(O)c4C5=O)C3)O[C@H]2C)C=CC1=O,-21.59,0
M2R-decoy_9793,COc1c(Br)cc(Br)cc1Oc1c(Br)c(Br)cc(Br)c1OC,-21.59,0
M2R-decoy_10226,C[C@H]1C[C@@H]2CN(S(=O)(=O)c3ccc(F)cc3)CCN2C1=O,-21.58,0
M2R-decoy_1431,CCC[C@H](C)[C@@H](CO)NS(=O)(=O)c1ccc(Cl)s1,-21.58,0
M2R-decoy_3855,CC(C)C[C@H](NC(=O)OCc1ccccc1)C(=O)NC1CCN(C(=O)[C@H](CC(C)C)N(C)C(=O)OCc2ccccc2)CC1=O,-21.58,0
M2R-decoy_5505,O=C(CSc1nc2ccccc2c(=O)n1CCc1ccccn1)NNS(=O)(=O)c1ccc(Br)cc1,-21.58,0
M2R-decoy_587,CC(=O)O[C@H]1C/C(C)=C/[C@@H](O)/C=C(/CO)[C@H]2CC(C)(C)[C@]12O,-21.58,0
M2R-decoy_8869,O=C([O-])CC1(CS[C@H](CCc2cccc(C3(O)CCC3)c2)c2cccc(/C=C/c3ccc4sc(Cl)c(Cl)c4n3)c2)CC1,-21.58,0
M2R-decoy_9183,CCCCOC(=O)[C@H](Cc1ccc(OC)cc1)NC(=O)C1(NC(=O)[C@H](SC(C)=O)C(C)C)CCCC1,-21.58,0
M2R-decoy_9516.1,O=C(N[C@@H](Cc1c[nH]c2ccccc12)C(=O)N[C@@H](Cc1c[nH]c2ccccc12)C(=O)N1CCC[C@H]1C(=O)OCc1ccccc1)c1cc2ccc(O)cc2oc1=O,-21.58,0
M2R-decoy_1315,CC(C)(C)C1OOC2CCCC(c3ccccc3)(OO1)O2,-21.57,0
M2R-decoy_2092,C[C@@H]1OC(=O)/C(=C/CCCCCCCCCCCCNC(=O)CCCC[C@@H]2SC[C@@H]3NC(=O)N[C@H]23)[C@@H]1O,-21.57,0
M2R-decoy_4591,CCOC(=O)CNC(=O)C(=O)[C@H](COCc1ccccc1)NC(=O)[C@H](CC(C)C)NC(=O)c1cccc2c1C(=O)c1ccccc1-2,-21.57,0
M2R-decoy_5694,CCCCCNC(=O)C(c1ccc2c(c1)OCO2)N(C(=O)CCCC)c1ccc(OC)c(OC)c1,-21.57,0
M2R-decoy_7491,Oc1cc(Br)c(Br)c(Br)c1Oc1c(Br)ccc(Br)c1O,-21.57,0
M2R-decoy_781,CC1(C)OC(=O)[C@H]2C[C@@H](O)[C@H](Br)C[C@H]21,-21.57,0
M2R-decoy_8084,Cc1nc(C(=O)N2Cc3cc4c(cc3C[C@H]2C(=O)N[C@@H](Cc2ccc(c3ccnc(C)c3C)cc2)C(=O)[O-])OC[C@H](c2ccc(OCC3CCCC3)cc2)O4)c(C)o1,-21.57,0
M2R-decoy_8203,CC[C@@]1(O)C(=O)OCc2c1cc1n(c2=O)Cc2c-1nc1ccccc1c2/C=N/CCCN(CCCCNC(=O)OC(C)(C)C)C(=O)OC(C)(C)C,-21.57,0
M2R-decoy_10686,COc1cc(O)c2c(c1)/C=C/C[C@H](O)[C@H](O)[C@H](O)/C=C/C[C@H](C)OC2=O,-21.55,0
M2R-decoy_1345,N#CC1=C(N)SC(N)=C(C#N)C1c1ccc(F)cc1,-21.55,0
M2R-decoy_2399,CC(C)CSc1nccc(OS(C)(=O)=O)n1,-21.55,0
M2R-decoy_3918,CCOP(=O)(OCC)c1ccc(CN(c2cc3oc(c4ccc(F)cc4)c(C(=O)NC)c3cc2C2CC2)S(C)(=O)=O)cc1,-21.55,0
M2R-decoy_4490,CN(CCCC(=O)Nc1ccc(OC(F)F)cc1)S(=O)(=O)c1ccc(F)cc1,-21.55,0
M2R-decoy_615,CN1C(=O)NC(NC(=O)C2CCCCC2)(C(F)(F)F)C1=O,-21.55,0
M2R-decoy_6571,COc1nc(N(C)C)ncc1c1nc2c(n1C(C)C)[C@H](c1ccc(C#N)c(F)c1)N(c1cc(Cl)cn(C)c1=O)C2=O,-21.54,0
M2R-decoy_9427,CCOC(=O)CCCCCCOC(=O)CCCNC(=O)NC12CC3CC(CC(C3)C1)C2,-21.54,0
M2R-decoy_10523,O=S(=O)(c1ccc(Br)s1)N1CCC2(CC1)OCCO2,-21.53,0
M2R-decoy_1486,CCC(CC)[C@@H](CO)NS(=O)(=O)c1ccc(Cl)cc1,-21.53,0
M2R-decoy_2144,CCCN(CCC)S(=O)(=O)c1ccc(C(=O)Nc2ccc(S(=O)(=O)Nc3nnc(CC)s3)cc2)cc1,-21.53,0
M2R-decoy_2395,C=CC(=O)OCCOC1C2CCC1C1CC=CC12,-21.53,0
M2R-decoy_3824,CCOC(=O)[C@H](Cc1ccc(OC(=O)C(C)C)cc1)NC(=O)C1(NC(=O)[C@H](SC(C)=O)C(C)C)CCCC1,-21.53,0
M2R-decoy_4380,CN1C(=O)N(CC(CS(=O)(=O)c2ccc(Oc3ccc(OC(F)(F)F)cc3)cc2)N(O)C=O)C(=O)C1(C)C,-21.53,0
M2R-decoy_7466,C/C(=C\c1csc(C)n1)[C@@H]1C[C@@H]2OC(C)(C)O[C@@H]2CCC[C@H](C)[C@H](O)[C@@H](C)C(=O)C(C)(C)C(O)CC(=O)O1,-21.53,0
M2R-decoy_7815.1,CC(C)=CCn1c(=O)c(C)cn([C@@H]2O[C@H](CO[Si](C)(C)C(C)(C)C)[C@@]3(OS(=O)(=O)C=C3N)[C@H]2O[Si](C)(C)C(C)(C)C)c1=O,-21.53,0
M2R-decoy_9579,CCCc1ccc(S(=O)(=O)Nc2ccc(=O)n(C)c2)cc1,-21.53,0
M2R-decoy_7387,C=C1CC[C@H](Cl)C(C)(C)[C@@H]1C[C@@]12OC(C)(C)[C@H](Cl)C[C@]1(Cl)C(=O)C1=C(C2=O)C(=[N+]=[N-])C(=O)C(C)=C1[O-],-21.52,0
M2R-decoy_7465,COc1c(Br)cc(Br)c(OC)c1c1[nH]c(Br)c(Br)c1Br,-21.52,0
M2R-decoy_7659,CC1=CC[C@@H](OC(=O)c2cccnc2)[C@H]2[C@@]1(C)[C@@H](OC(=O)c1cccnc1)[C@H](OC(=O)c1ccccc1)[C@]1(C)O[C@]3(CC[C@]21C)COC(=O)C3,-21.52,0
M2R-decoy_10679,Cc1c(C)c(C)c(S(=O)(=O)N2CCSCC2)c(C)c1C,-21.51,0
M2R-decoy_10861,CC1(C)C=Cc2nc(CN(c3ccccc3)S(=O)(=O)c3ccc4c(c3)OCCO4)ccc2O1,-21.51,0
M2R-decoy_4768,C[C@H]1CN([C@H](C)CO)C(=O)c2cccc(NC(=O)Cc3ccccc3)c2O[C@@H]1C[NH+](C)Cc1ccc(C(=O)[O-])cc1,-21.51,0
M2R-decoy_9685,[NH3+]CCCNc1cncc(c2cccc(/C=C/C(=O)[O-])c2)n1,-21.51,0
M2R-decoy_11477,CCN(c1ccc(F)cc1)S(=O)(=O)c1cc(Br)cc2c1N(C(=O)C1CC1)CC2,-21.5,0
M2R-decoy_5246.1,Cc1cc(C[NH+](C[C@H]2CC[C@H](C(=O)[O-])CC2)C(C)c2ccc(C#N)cc2)ccc1OCCN1C(=O)CCC1=O,-21.49,0
M2R-decoy_6079,CCOC1CCOC2(CC[NH+](Cc3ccc(COc4ccc(CCC(=O)[O-])cc4)cc3)CC2)C1,-21.49,0
M2R-decoy_2207,CCCC[C@H](NC(=O)O[C@@H]1CN(S(=O)(=O)Cc2ccccc2)CC1(C)C)C(=O)C(=O)N[C@H](C)c1ccccc1,-21.48,0
M2R-decoy_3718,CCCC[C@@](Cc1ccc(OCCc2nc(c3ccccc3)oc2C)cc1)(Oc1ccccc1)C(=O)[O-],-21.48,0
M2R-decoy_3770,CCCC(CNc1ccc(OC(F)(F)F)cc1)NC(=O)C(CC(=O)N1CCOCC1)CC1CCCC1,-21.48,0
M2R-decoy_5623,CCC(CC)(NC(=O)c1cc(OCC2(C)COC2)c(C2CC2)cn1)C(=O)NCC(F)CCl,-21.48,0
M2R-decoy_10215,O=S1(=O)OCCCOS(=O)(=O)C1(Br)Br,-21.47,0
M2R-decoy_5772,O=C(CCC(=O)OCc1ccccc1)N[C@@H](CNC(=O)C(Cc1c[nH]c2ccc(F)cc12)NC(=O)OC1C2CC3CC(C2)CC1C3)c1ccccc1,-21.47,0
M2R-decoy_8630,CCCCN(C(=O)c1ccc(OCc2c(C(C)C)onc2c2c(Cl)cccc2Cl)cc1Cl)c1cccc(C(=O)[O-])c1,-21.47,0
M2R-decoy_10983,CC(=O)O[C@H]1C[C@@H](C(C)(Br)CCl)O[C@@]1(C)/C(Cl)=C/Br,-21.46,0
M2R-decoy_11202,COC[C@@H]1CCCN1S(=O)(=O)c1cc(Br)c2c(c1)C(=O)C(=O)N2C,-21.46,0
M2R-decoy_3326,Cc1ccc(CN(C(=O)COc2ccc(C(C)C)cc2)C2CCS(=O)(=O)C2)o1,-21.46,0
M2R-decoy_8186,COc1ccc2c(O[C@H]3C[C@H]4C(=O)N(C)CCCC/C=C/[C@@H]5C[C@@]5(C(=O)NS(=O)(=O)C5(C)CC5)NC(=O)N4C3)cc(c3csc(C(C)C)n3)nc2c1Cl,-21.46,0
M2R-decoy_3173,CCCCOC(=O)[C@@H](C)Oc1ccc(Oc2ncc(Cl)cc2F)cc1,-21.45,0
M2R-decoy_4328,CCOC(=O)C(C)CC(C)C(=O)N1CCOCCN(C(=O)C(C)CC(C)C(=O)OCC)CCOCC1,-21.45,0
M2R-decoy_3428,COc1cc(c2cscc2c2cccnc2)cc(OC)c1OC,-21.45,0
M2R-decoy_7874,COC(=O)[C@]12CC[C@@H](C)[C@H](C)[C@H]1C1=CC[C@@H]3[C@@]4(C)C[C@@H](OC(C)=O)[C@H](OC(C)=O)[C@@](C)(COC(C)=O)[C@@H]4[C@H](O)C[C@@]3(C)[C@]1(C)CC2,-21.45,0
M2R-decoy_9263,COc1ccc(C#N)cc1n1nc2c(c1C(C)C)C(c1ccc(Cl)cc1C)N(c1cc(Cl)c(=O)n(C)c1)C2=O,-21.45,0
M2R-decoy_2082,CC(C)(C)OC(=O)N[C@H](CCCNC(=O)OCc1ccccc1)C(=O)N[C@H](/C=C/C(N)=O)Cc1ccccc1,-21.44,0
M2R-decoy_164,Brc1cnc2c3nccnc3nn2c1,-21.44,0
M2R-decoy_6062,O=S(=O)(CC[C@@H]1OCC[C@@]2(S(=O)(=O)c3ccc(Cl)cc3)c3c(F)ccc(F)c3OCC12)c1cnccn1,-21.44,0
M2R-decoy_7482,CC(=O)O[C@H]1C[C@@H]2CC[C@@H]3[C@H]([C@@H](O)C[C@]45[C@H]3C[C@@H]3O[C@]6(C[C@H](C)C(C)(C)O6)[C@](C)(O[C@H]4O)[C@@H]35)[C@@]2(C)C[C@H]1OC(C)=O,-21.44,0
M2R-decoy_7746,CC(=O)O[C@H]1C[C@@H]2C(=CC[C@H]3[C@]4(C)C[C@@H](OC(C)=O)[C@H]([C@@](C)(O)C(=O)CCC(C)(C)OC(C)=O)[C@@]4(C)CC(=O)[C@]32C)C(C)(C)C1=O,-21.44,0
M2R-decoy_8525,CCOC(=O)CCC(C(=O)OCC)n1nnc2cc(Nc3c(C)[n+]([O-])c4cc(F)c(OCC)cc4[n+]3[O-])ccc21,-21.44,0
M2R-decoy_8831,CC(=O)O[C@@H]1CC[C@@]2(C)[C@@H]3C[C@@H](C4=CCOC4=O)O[C@@]3(CNc3cccc(F)c3)CC[C@@H]2[C@]1(C)CO[Si](C(C)C)(C(C)C)C(C)C,-21.44,0
M2R-decoy_2793,OC(CN(Cc1cccc(OC(F)(F)C(F)(F)F)c1)c1cccc(Oc2ccc(S)cc2)c1)C(F)(F)F,-21.43,0
M2R-decoy_3599,O=C(Cc1cccnc1)NCCS(=O)(=O)c1ccccc1F,-21.43,0
M2R-decoy_8655,CC(C)=CC[C@@H](OC(=O)CCCC[C@@H]1CCSC(c2ccc(C(C)C)cc2)S1)C1=CC(=O)c2c(O)ccc(O)c2C1=O,-21.43,0
M2R-decoy_9652,C(C[C@@H]1COCCO1)C[C@@H]1COCCO1,-21.43,0
M2R-decoy_2961,COC(=O)[C@]12CCCCC=C1N(CCC1=CCCCC1)C(=O)[C@H](CC(=O)N1CCCC1)C2,-21.42,0
M2R-decoy_4456,COC(=O)CCCCCCCOC(Cn1cncn1)c1ccc(F)cc1,-21.42,0
M2R-decoy_4463,COC(=O)C/C=C\C=C/C[C@H]1[C@@H](O)C[C@@H](O)[C@@H]1/C=C/[C@@H](O)Oc1ccccc1,-21.42,0
M2R-decoy_3452,COc1cc2c(cc1OCCOCCNC(=O)CCCC[C@@H]1SC[C@@H]3NC(=O)N[C@H]13)CC[n+]1cc3c(OC)c(OC)ccc3cc1-2,-21.42,0
M2R-decoy_7300,C=C(COC)[C@@H]1CC[C@]2(COC(=O)n3ccnc3)CC[C@]3(C)[C@H](CC[C@@H]4[C@@]5(C)CC[C@H](OC(=O)n6ccnc6)C(C)(C)[C@@H]5CC[C@]43C)[C@@H]12,-21.42,0
M2R-decoy_7763,CC(=O)O[C@@H]1C[C@@]2(C)[C@@H]3CC=C4[C@@H](C[C@H](SC(C)=O)C(=O)C4(C)C)[C@]3(C)C(=O)C[C@]2(C)[C@H]1[C@@](C)(O)C(=O)CCC(C)(C)OC(C)=O,-21.42,0
M2R-decoy_6802,C=CC[C@H]1C[C@]2(O)C[C@H](C(C)(C)O)OC2=C(CC2=C3O[C@@H](C(C)(C)O)C[C@@]3(O)C[C@H](CC=C)C2=O)C1=O,-21.42,0
M2R-decoy_5198,CC(/C=C/[C@@H]1C[C@]2(CO2)CC(C)(C)O1)=C\C[C@H]1OC[C@@H](NC(=O)/C=C\[C@H](C)OC(=O)NC(C)(C)C)CO1,-21.41,0
M2R-decoy_6043,CS(=O)(=O)CC[C@@H]1OCC[C@@]2(S(=O)(=O)c3ccc(OCC(F)(F)F)cc3)c3c(F)ccc(F)c3OC[C@@H]12,-21.41,0
M2R-decoy_6896,CO[C@@H]1COC(=O)[C@H](CCSC)NC(=O)C/C=C\[C@@H](C)COC(=O)[C@@H]2CCCN2C(=O)C/C=C\[C@H]1C,-21.41,0
M2R-decoy_789,CSc1nc2sc3c(c2c2nnnn12)CCCC3,-21.41,0
M2R-decoy_8929,COc1ccccc1C(=O)N1CCC[C@H]1COc1ccc(C[C@H](Nc2ccccc2C(=O)c2ccccc2)C(=O)[O-])cc1,-21.41,0
M2R-decoy_10703,COc1cc(O)c2c(c1)/C=C/C[C@H](O)[C@H](O)C(=O)C1CC1OC2=O,-21.4,0
M2R-decoy_3399,COCCN(C(=O)CCl)C(=C(C)C)c1cc(C(C)C)ccc1C,-21.4,0
M2R-decoy_6202,CCC(C)C(=O)OC[C@@]12[C@@H](CC(C)(C)[C@@H](O)[C@@H]1OC(C)=O)C1=CC[C@@H]3[C@@]4(C)CC[C@H](O)C(C)(C)[C@@H]4CC[C@@]3(C)[C@]1(C)[C@@H](O)[C@H]2O,-21.4,0
M2R-decoy_7108,Cc1cccc(C)c1OCC(=O)NC[C@](O)(Cc1ccccc1)C(=O)N1CSC(C)(C)[C@H]1C(=O)N[C@H]1c2ccccc2C[C@H]1O,-21.4,0
M2R-decoy_7496,CC(=O)O[C@@H]1[C@H](OC(=O)C23CCC(C)(C(=O)O2)C3(C)C)c2c(ccc3c(=O)cc(c4ccccc4)oc23)OC1(C)C,-21.4,0
M2R-decoy_8045,CC(=O)O[C@H]1CC[C@@]2(C)[C@@H](CC[C@]3(C)[C@@H]2C(=O)C=C2[C@@H]4C[C@@](C)(C(=O)NCCOc5no[n+]([O-])c5S(=O)(=O)c5ccccc5)CC[C@]4(C)CC[C@]23C)C1(C)C,-21.4,0
M2R-decoy_8566,CC[C@H](C)[C@H](NC(=O)[C@H](CC1CCCCC1)NC(=O)c1ccno1)C(=O)Nc1ccc(CC(=O)N2CCOCC2)cc1,-21.4,0
M2R-decoy_9255,CC(C)C[C@@H]1[NH2+]Cc2ccccc2Sc2ccccc2CNC(=O)[C@H](Cc2ccccc2)NC(=O)C2(CCCC2)NC1=O,-21.4,0
M2R-decoy_10512,O=C(C1CCCN(S(=O)(=O)c2ccc(Cl)cc2)C1)N1CCCC1,-21.39,0
M2R-decoy_11204,Cc1ccc(S(=O)(=O)c2ccc(Cl)cc2)cc1S(=O)(=O)N1CCOCC1,-21.39,0
M2R-decoy_10192,Cc1ccc2c(c1)[NH+]=C(N1CC[NH+](C)CC1)c1cscc1O2,-21.38,0
M2R-decoy_2364,CCS(=O)(=O)CCSc1nc(C)cc(C)n1,-21.38,0
M2R-decoy_3710,COc1ccc(S(=O)(=O)N(C[C@@H](O)[C@H](Cc2ccccc2)NC(=O)O[C@@H]2COC3OCCC32)OC2CCCC2)cc1,-21.38,0
M2R-decoy_5403,CCc1ccc(N(CC(C)C)S(=O)(=O)c2ccc(OC3CCN(C(C)=O)CC3)c(S(C)(=N)=O)c2)cc1,-21.38,0
M2R-decoy_8320,CCCOc1ccc(C[C@@H](Cc2ccccc2)C(=O)[O-])cc1CNC(=O)c1ccc(N2C3CCCC2CCC3)cc1,-21.38,0
M2R-decoy_8953,CC(=O)CC1C[C@@H](CCCCCCCC#C[C@@H](O)COCCOC[C@@H](O)c2ccc(C(F)(F)F)cc2)OC1=O,-21.38,0
M2R-decoy_10783,COc1ccc2ccc(=O)oc2c1CC(Br)C(C)(C)Br,-21.37,0
M2R-decoy_1998,OCC(O)C(O)C(O)COC/C=C/C(F)(F)C(F)(F)C(F)(F)C(F)(F)C(F)(F)C(F)(F)C(F)(F)C(F)(F)F,-21.37,0
M2R-decoy_1827,COc1c(C)cccc1Cc1cc2c(cc1Cl)CO[C@]21O[C@H](CO)[C@@H](O)[C@H](O)[C@H]1O,-21.36,0
M2R-decoy_3577,C=CCNC(=O)CN(c1ccc(Br)cc1)S(C)(=O)=O,-21.36,0
M2R-decoy_4769,CC(C)C[C@H](NC(=O)N1CCOCC1)C(=O)N[C@H](/C=C1\CCCN(Cc2ccccc2)S1(=O)=O)Cc1ccccc1,-21.36,0
M2R-decoy_6368,O=C([O-])c1ccc(COc2cc(Cl)c(C[NH+]3CSC[C@H]3C(=O)N3CCN(C4CC4)c4ccccc43)cc2Cl)cc1,-21.36,0
M2R-decoy_7406,CC[C@H]1O[C@]2(CC[C@@H]1C)C[C@@H]1C[C@@H](C/C=C(\C)C[C@@H](C)/C=C/C=C3\CO[C@@H]4[C@H](O)C(C)=C[C@@H](C(=O)O1)[C@]34O)O2,-21.36,0
M2R-decoy_7899.1,C[C@@H](C(=O)[O-])N1C[C@@H](C)[C@@H](CN(C)C(=O)Nc2ccccc2C(F)(F)F)Oc2c(NS(=O)(=O)c3ccc(F)cc3)cccc2C1=O,-21.36,0
M2R-decoy_9709,CCn1nc(C)cc1C(=O)N(C)S(=O)(=O)C(C)C,-21.36,0
M2R-decoy_10332,CN(C(=O)N1CCCc2ccc(C=O)nc21)c1ccc(C(F)(F)F)cn1,-21.35,0
M2R-decoy_2958,COc1ccc([C@H](C)[C@@H](OC(C)=O)c2ccc3c(c2OC)C=CC(C)(C)O3)c(F)c1OC,-21.35,0
M2R-decoy_7171,CC(C)(O)CNC(=O)c1nc(C(=O)N2CCC(F)(F)CC2)c(c2ccc(S(=O)(=O)NC3(C)CC3)c(Cl)c2Cl)s1,-21.35,0
M2R-decoy_8299,CCOC(=O)CCC(C(=O)/C=C/c1ccc(O)c(OC(F)(F)F)c1)C(=O)/C=C/c1ccc(O)c(OC(F)(F)F)c1,-21.35,0
M2R-decoy_9998,CC1=C(O)C(=O)C=C2C1=CC=C1[C@@]3(C)CC[C@@]4(C)CC[C@@](C)(C(=O)OC/C=C/COC(=O)/C=C(\C#N)c5ccc(F)cc5)C[C@H]4[C@]3(C)CC[C@@]21C,-21.35,0
M2R-decoy_11117,Cc1c(C#N)c(O)nc(O)c1/C=N/c1ccc(S(=O)(=O)N(C)C)cc1,-21.34,0
M2R-decoy_5470,C=CC(=C)CC[C@@]1(C)[C@@H](C)C[C@@H](OC(C)=O)[C@]23C(=C[C@@H](OC(=O)C(C)CC)C[C@H]12)[C@H](OC(C)=O)O[C@@H]3OC(C)=O,-21.34,0
M2R-decoy_9764,O=S(=O)(CC#Cc1ccccc1C#CC#Cc1ccccc1C#CCS(=O)(=O)c1ccccc1)c1ccccc1,-21.34,0
M2R-decoy_1957,CC(=O)N[C@@H](CCc1ccccc1)C(=O)N[C@@H](CC(C)C)C(=O)N[C@@H](C)C(=O)N[C@H](/C=C/S(C)(=O)=O)CC(C)C,-21.33,0
M2R-decoy_1988,CC[C@@H](C)[C@@H](NC(=O)[C@@H](C[C@H](O)[C@H](CC1CCCCC1)NC(C)=O)C(C)C)C(=O)NCc1ccccn1,-21.33,0
M2R-decoy_2854,CCCC(=O)N(c1ccc2oc(C)c(C(=O)OCC)c2c1)S(=O)(=O)c1ccc(OC)cc1,-21.33,0
M2R-decoy_3749,COC(=O)C/C=C\[C@@H](C)[C@@H](/C=N\O[C@@H](C)c1cc(c2c(C)cc(C)cc2C)no1)NS(=O)(=O)c1ccc(C)cc1,-21.33,0
M2R-decoy_6778,COC(OC)[C@@]1(C)Oc2ccc(N)cc2[C@H](N(Cc2ncc[nH]2)c2ccc(OC(F)(F)F)cc2)[C@H]1O,-21.33,0
M2R-decoy_8616,C=CCO[C@@H]1[C@H](OC(=O)CCc2ccccc2)[C@H](Oc2ccc(I)cc2)O[C@@H](COS(=O)(=O)c2cccc(C(F)(F)F)c2)[C@H]1O,-21.33,0
M2R-decoy_10387,Cc1cc(C)c(C)c(S(=O)(=O)N2CCN(C(=O)C3CCC3)CC2)c1C,-21.32,0
M2R-decoy_6665,CC1(C)[C@@H]2CC[C@@]1(CS(=O)(=O)N1CCC3(CCc4ccccc43)CC1)[C@@H](NC(=O)Cn1cnnn1)C2,-21.32,0
M2R-decoy_8346,COc1ccc(C(=O)NCCCOc2cc(=O)n(CCCO)c3c2CC(C/C=C(\C)CCC=C(C)C)C(C)(C)C3)cc1,-21.32,0
M2R-decoy_9172,CCOCCCNC(=O)C(c1ccc(OC)cc1)N(Cc1cccs1)C(=O)c1ccc(NC(C)=O)cc1,-21.32,0
M2R-decoy_7492,CC1(NC(=O)N2C(=O)N(c3cccc(C(F)(F)F)c3)C3=C(C(=O)CC3)C2c2ccc(C#N)cc2)CCS(=O)(=O)C1,-21.31,0
M2R-decoy_10555,Cc1ccc(S(=O)(=O)N2CCCN(C(=O)OC(C)(C)C)CC2)cc1,-21.3,0
M2R-decoy_10737,COc1cc(O)c2c(c1)/C=C/C[C@H](O)[C@H](O)C(=O)/C=C(/C)OC2=O,-21.3,0
M2R-decoy_4772,CCO[C@@H]1CN(c2nccc(c3cccc(C)c3OCc3cc(C)c4c(c3)CC[NH+](C3CCOCC3)C4)n2)CC[C@@H]1C(=O)[O-],-21.29,0
M2R-decoy_701,CC(=O)Nc1ccc(S(=O)(=O)N2C3COC(C)(C)OCC32)cc1,-21.29,0
M2R-decoy_964,C=C1C(=O)O[C@H]2C/C(CO)=C/CC/C(COC(=O)C3(C)CO3)=C/C[C@H]12,-21.29,0
M2R-decoy_10464,O=S(=O)(c1ccc(Br)c2ccccc12)N1CCOCC1,-21.28,0
M2R-decoy_11291,CS(=O)(=O)c1ccc(n2nc(C(F)(F)F)cc2OC2CCCC2)nc1,-21.28,0
M2R-decoy_2142,CCCCCCCCOC(=O)[C@H]1[C@@H]2CON=C2c2cc3c(cc2[C@H]1c1cc(OC)c(OC)c(OC)c1)OCO3,-21.28,0
M2R-decoy_2232,CN(CCOc1ccc(CC(Nc2cscc2C(=O)c2ccccc2)C(=O)[O-])cc1)c1nc2ccccc2o1,-21.28,0
M2R-decoy_739,CC(=O)Nc1ccc(S(=O)(=O)N2CCC3(CC2)OCCO3)cc1,-21.28,0
M2R-decoy_9114,C=C1/C(=C\C=C2/CCC[C@@]3(C)[C@H]2CC[C@@H]3[C@H](C/C=C\C(O)(C(F)(F)F)C(F)(F)F)CCCC(C)(C)O)C[C@@H](O)C[C@@H]1O,-21.28,0
M2R-decoy_9808,CC(C)C[C@@H]1OC(=O)C(C)(C)CNC(=O)[C@@H](CC2CCCCC2)NC(=O)/C=C/C[C@@H]([C@H](C)[C@H]2O[C@@H]2c2ccccc2)OC1=O,-21.28,0
M2R-decoy_10597,Cc1ccc(S(=O)(=O)N2Cc3cnnn3-c3ccccc3C2C#N)cc1,-21.27,0
M2R-decoy_5365,COc1ccc(c2ccc(CN3C(CC(C)C)C(=O)N(Cc4cn(CC5CCCCC5)nn4)CCS3(=O)=O)cc2)cc1OC,-21.27,0
M2R-decoy_5418,O=C1C(=O)N(Cc2ccc(OCCF)cc2)c2ccc(S(=O)(=O)N3CCC[C@H]3COc3ccc(F)cc3F)cc21,-21.27,0
M2R-decoy_5697,CCN(CC)C(=O)C(=O)C(Cc1ccccc1)NC(=O)C(CC(C)C)NC(=O)OCc1ccccc1,-21.27,0
M2R-decoy_6842,Cc1ccc2c(c1)c(c1ccc[nH]c1=O)c(C(=O)NS(=O)(=O)C1CC1)n2Cc1cc(S(C)(=O)=O)cc(C#N)c1F,-21.27,0
M2R-decoy_11428,c1ccc(N=P(c2nc3ccccc3o2)(N2CCOCC2)N2CCOCC2)cc1,-21.26,0
M2R-decoy_3551,CCOP(=O)(OCC)[C@H](O)[C@H](CC1CCCCC1)NC(=O)[C@H](CC(C)C)NC(=O)[C@H](Cc1ccccc1)NC(=O)C1CCCC1,-21.26,0
M2R-decoy_4473,CC(C)C[C@@H](C=O)NC(=O)[C@H](CC(C)C)N(C)C(=O)OCc1ccccc1,-21.26,0
M2R-decoy_10042,COC(=O)/C(C#N)=C/c1ccc(OCCCOC(=O)[C@]2(C)CC[C@]3(C)CC[C@]4(C)C5=CC=C6C(=CC(=O)C(O)=C6C)[C@]5(C)CC[C@@]4(C)[C@@H]3C2)cc1C,-21.25,0
M2R-decoy_2784,CC(C)OP(=O)(OC(C)C)C(Cc1cc(I)cc(C(C)(C)C)c1)P(=O)(OC(C)C)OC(C)C,-21.25,0
M2R-decoy_593,Cc1cc2c(cc1S(=O)(=O)N1CCCCC1)OCC(=O)N2,-21.25,0
M2R-decoy_7389,O=C(N1CC[C@@]2(S(=O)(=O)c3ccc(F)cc3)c3ccc(C(F)(C(F)(F)F)C(F)(F)F)cc3NC[C@@H]12)C1(O)CCS(=O)(=O)CC1,-21.25,0
M2R-decoy_2492,COC(=O)C(=C/C(C)=C/c1cccnc1)C(=O)OC,-21.24,0
M2R-decoy_1558.2,COc1cc(C=O)cc(c2cc(C=O)cc(OC)c2O)c1O,-21.24,0
M2R-decoy_4230,COc1ccc(C(C(=O)NC2CCCCC2)N(CC(OC)OC)C(=O)Cc2c[nH]c3ccccc23)cc1OC,-21.24,0
M2R-decoy_4806,COc1cc(C)cc2c1C(=O)C=C(c1c(C)cc3c(c1OC)C(=O)C(NCCO[C@H]1C=C[C@H](OC(C)=O)[C@@H](COC(C)=O)O1)=CC3=O)C2=O,-21.24,0
M2R-decoy_1205,C[C@H]1C/C=C/CC(=O)CC/C=C/c2cc(O)cc(O)c2C(=O)O1,-21.23,0
M2R-decoy_5618,CCCCCCC[C@@H](C/C=C/CCC(=O)NC/C(=C/Cl)[C@@H]1C(=O)[C@H](O)C[C@@H](O)[C@]1(C)O)OC,-21.23,0
M2R-decoy_6323,C=C1[C@@H]([C@@]2(C)C=CC(=O)C(C)(C)[C@@H]2CC(=O)OC)[C@H](OC(C)=O)[C@H](C(C)=O)[C@@]2(C)[C@H](C3=CCOC3=O)C[C@H]3O[C@]132,-21.23,0
M2R-decoy_9533,CC[C@H](NC(=O)OC)C(=O)N1CCC[C@H]1c1ncc(c2ccc(c3ccc(c4cnc([C@@H]5CCCN5C(=O)[C@@H](c5ccccc5)[NH+](CC)CC)[nH]4)cc3)cc2)[nH]1,-21.23,0
M2R-decoy_293,CNC(=O)c1ccc2c(c1)Oc1cccnc1S2(=O)=O,-21.22,0
M2R-decoy_6776,CC1(C(=O)N(CCCC(=O)[O-])Cc2ccc3scnc3c2)CCN1C(=O)c1csc2ccccc12,-21.22,0
M2R-decoy_8762,CCCCOC(=O)NS(=O)(=O)c1sc(CC(C)C)cc1c1ccc(Cn2c(CCC)nc3ccc(N(Cc4ccccc4)C(=O)c4ccccc4)cc3c2=O)cc1,-21.22,0
M2R-decoy_2218,COCOCCOc1cc(OC)ccc1C[S+]([O-])c1ncccc1C(=O)Nc1ccncc1,-21.21,0
M2R-decoy_8535,CC(C)C[C@H](NC(=O)[C@H](C)NC(=O)[C@H](Cc1ccccc1)NC(=O)OC(C)(C)C)C(=O)c1ccco1,-21.21,0
M2R-decoy_10181,O=C(/C=C/C(=O)N1CCC=C(Cl)C1=O)N1CCC=C(Cl)C1=O,-21.2,0
M2R-decoy_2033,COc1ccc(c2ccc(OCc3cc(C(=O)NS(=O)(=O)c4ccccc4)oc3C)cc2)c(C)c1,-21.2,0
M2R-decoy_5210,COC(=O)[C@@H]1C(/C=N/NCC(F)(F)F)=Cc2cc3c(cc2[C@H]1c1cc(OC)c(OC)c(OC)c1)OCO3,-21.2,0
M2R-decoy_10948,CS(=O)(=O)CC[C@@H]1OCC[C@@]2(S(=O)(=O)c3ccc(Cl)cc3)c3c(F)ccc(F)c3OC[C@@H]12,-21.19,0
M2R-decoy_1627,COc1ccc(C2=NN(C3=[NH+]C(=O)CS3)C(c3ccc(F)cc3)C2)cc1,-21.19,0
M2R-decoy_6293,C=C(C(=O)O[C@@H]1/C(C)=C/[C@@]23O[C@@]2(C[C@H](C)[C@@H]3OC(C)=O)C(=O)[C@H](C)[C@H](OC(C)=O)[C@@H]2[C@H]([C@H]1OC)C2(C)C)C(C)O,-21.19,0
M2R-decoy_8815,CCCCOC(=O)NS(=O)(=O)c1sc(CC(C)C)cc1c1cccc(C(=O)Cn2c(C(C)C)nc3ccccc32)c1,-21.19,0
M2R-decoy_1240,Cn1ncc2c(N3CCCC(C)(O)C3)nc(C(C)(C)C)nc21,-21.18,0
M2R-decoy_4522,CCCCCc1cc(C(=O)N[C@@H](CCSC)C(=O)[O-])c(c2ccccc2C)cc1COc1cccnc1,-21.18,0
M2R-decoy_529,O=C1CCC2CN(S(=O)(=O)c3ccc(F)cc3)CCN12,-21.18,0
M2R-decoy_7060,COc1ccc(N(C)C(=O)[C@H](Cc2ccccc2)NC(=O)NS(=O)(=O)N2CCCc3ccccc32)cc1,-21.18,0
M2R-decoy_10401,CCN(C(=O)C1CSC2(C)CCC(=O)N12)c1nc2c(C)cccc2s1,-21.17,0
M2R-decoy_1338,CC(C)(C)C1=Nn2c(nnc2C2CCCCC2)SC1,-21.17,0
M2R-decoy_559,COc1cc(N2CC3(CCN(S(C)(=O)=O)C3)C2)ncn1,-21.17,0
M2R-decoy_4892,NS(=O)(=O)c1ccc(C/N=C/c2cc([N+](=O)[O-])ccc2OCc2cn(CCCOc3ccc4ccc(=O)oc4c3)nn2)cc1,-21.17,0
M2R-decoy_6165,O=S(=O)(CC[C@@H]1OCC[C@@]2(S(=O)(=O)c3ccc(Cl)cc3)c3c(F)ccc(F)c3OCC12)c1ncccn1,-21.17,0
M2R-decoy_7204,COC(=O)[C@@]1(C)CC[C@]2(C)CC[C@]3(C)[C@H](C(=O)C[C@@H]4[C@@]5(C)CC[C@H](OC(=O)Cn6c(CCC(=O)[O-])nc7ccccc76)C(C)(C)[C@@H]5CC[C@]43C)[C@@H]2C1,-21.17,0
M2R-decoy_7517,COC(=O)C(CC(C)C)NC(=O)[C@]12CC[C@@H](C)[C@H](C)[C@H]1C1=CC[C@@H]3[C@@]4(C)C=C(C#N)C(=O)C(C)(C)[C@@H]4CC[C@@]3(C)[C@]1(C)CC2,-21.17,0
M2R-decoy_7637,CC1(C)CC[C@]2(C(=O)N3CCOCC3)CC[C@]3(C)C(=CC[C@@H]4[C@@]5(C)CC/C(=N\OC(=O)CC6SC(=O)NC6=O)C(C)(C)[C@@H]5CC[C@]43C)[C@@H]2C1,-21.17,0
M2R-decoy_8579,CC(C)CN([C@@H](CCCC[NH2+]C(=O)OCC1c2ccccc2-c2ccccc21)C(=O)[O-])S(=O)(=O)c1cccs1,-21.17,0
M2R-decoy_6891,N#Cc1cc(S(=O)(=O)Nc2ncns2)ccc1Oc1ccc(Cl)cc1c1ccnn1CCO,-21.16,0
M2R-decoy_1394,C[C@H]1NS(=O)(=O)c2ccc(Br)cc2O[C@H]1c1ccccc1,-21.15,0
M2R-decoy_3734,C=C(CBr)C(=O)N(Cc1ccccc1)[C@@H](CC(C)C)C(=O)NCC(=O)OCc1ccccc1,-21.15,0
M2R-decoy_10264,O=C1NC(=S)S/C1=C\c1cc2ccccc2n2nnnc12,-21.14,0
M2R-decoy_2459,CC(C)[C@H]1COC(=O)N1Cc1nccn1C(C)C,-21.14,0
M2R-decoy_9734,CC1=C(C(=O)OC2CCN(C(=O)OC(C)(C)C)CC2)C(c2cccc(Br)c2)C2=C(CC(C)(C)CC2=O)N1,-21.14,0
M2R-decoy_4303,CS(=O)(=O)NC(=O)CCc1ccc(Cn2cccn2)cc1OCCc1ccc2ccccc2c1,-21.13,0
M2R-decoy_7344,C[C@@H]1CN(CC(=O)NC2C3CC4CC2CC(C(N)=O)(C4)C3)S(=O)(=O)N(c2c(Cl)cc(C(F)(F)F)cc2Cl)C1,-21.13,0
M2R-decoy_8337,O=C(/C=C/c1ccccc1C(F)(F)F)Nc1ccc(C(=O)NS(=O)(=O)c2ccc(NCCSc3ccccc3)c([N+](=O)[O-])c2)cc1,-21.13,0
M2R-decoy_10654,Cc1cc(C)c(S(=O)(=O)/N=C2\C=CC(=O)C(Cl)=C2)c(C)c1,-21.12,0
M2R-decoy_1350,CC(=O)Oc1cc2c(c3oc(=O)ccc13)C=CC(C)(C)O2,-21.12,0
M2R-decoy_1876,COc1cccc(C(C(=O)NCC2CCCO2)N(C(=O)Cn2nnc3ccccc32)c2ccccc2C(C)=O)c1OC,-21.12,0
M2R-decoy_5519,COCCNC(=O)O[C@@H](C)/C=C\C(=O)N[C@H]1CO[C@@H](C/C=C(C)/C=C/[C@@H]2C[C@]3(CO3)CC(C)(C)O2)OC1,-21.12,0
M2R-decoy_5757,CC(C)CS(=O)(=O)NC[C@@H](O)C[C@@H](Cc1ccccc1)C(=O)N[C@H]1c2ccccc2C[C@H]1O,-21.12,0
M2R-decoy_653,CN1C(=O)[C@@H]2CN(S(=O)(=O)c3ccc4ocnc4c3)C[C@@H]2c2cnccc21,-21.12,0
M2R-decoy_8968,CCCCCCCCCCOc1ccc(C2=C(c3ccc(O)cc3)[C@H]3C[C@H](S(=O)(=O)N(CC(F)(F)F)c4ccc(OC)cc4)[C@@H]2O3)cc1,-21.12,0
M2R-decoy_11200,CC(C)C(=O)N(c1ccc2oc(=O)sc2c1)S(=O)(=O)c1ccccc1,-21.11,0
M2R-decoy_10691,CO[C@H]1COC(=O)[C@H](C)NC(=O)[C@@H](C)COC(=O)C/C=C\[C@@H]1C,-21.1,0
M2R-decoy_5784,C[C@H](c1ccccc1)N(C[C@@H](O)[C@H](Cc1ccccc1)NC(=O)[C@H](CC(N)=O)NC(=O)OCc1ccccc1)C(=O)NC(C)(C)C,-21.1,0
M2R-decoy_7431,C[C@H]1CC[C@@H]2[C@@H](OC(=O)C2(Br)CBr)[C@]2(C)C(=O)C(Br)C(Br)[C@@]12O,-21.1,0
M2R-decoy_10047,COC(C)(C)CCC[C@@](C)(O)[C@H]1CC[C@]2(C)[C@@H]1[C@H](OC(=O)c1ccc(Br)cc1)C[C@@H]1[C@@]3(C)CC[C@H](O)C(C)(C)[C@@H]3CC[C@]12C,-21.09,0
M2R-decoy_303,c1c2c(cc3sc(N4CCOCC4)nc13)OCCO2,-21.09,0
M2R-decoy_5768,CCC[C@H](NC(=O)[C@H](CC(C)C)NC(=O)[C@@H](Cc1ccccc1)NC(=O)OC(C)(C)C)C(=O)NCC,-21.08,0
M2R-decoy_1113,C=C1C(=O)O[C@@H]2/C=C(/C)[C@@H](OC(C)=O)C[C@@H](O)/C(C)=C\[C@@H](OC(=O)[C@]3(C)O[C@@H]3C)[C@@H]12,-21.07,0
M2R-decoy_11179,CCOC(=O)C(C)N1C(=O)S/C(=C/c2ccc3c(c2)n(C)c(=O)n3C)C1=O,-21.07,0
M2R-decoy_11334,COC(=O)[C@@H]1CC2(CN1S(=O)(=O)c1ccc(OC)cc1)SCCS2,-21.07,0
M2R-decoy_2236,CCOCC(COc1ccccc1NC(=O)CC[S+](C)C)OC(C)=O,-21.07,0
M2R-decoy_619,CC1=C(C(N)=O)C(c2ccccc2Br)n2ncnc2N1,-21.07,0
M2R-decoy_11128,O=C(NO)[C@H]1Cc2ccccc2CN1S(=O)(=O)c1ccc(N2CCOCC2)cc1,-21.06,0
M2R-decoy_2560,CC(C)CNC(=O)c1ccc(c2ccc(c3ccncc3)cc2C(=O)Nc2ccc(C(N)=[NH2+])cc2)c(C(=O)[O-])c1,-21.06,0
M2R-decoy_5594,CC[C@@H](C)COc1ccc([C@H](Cc2nnc(N)o2)NC(=O)[C@@H](C)c2ccccc2)cc1,-21.06,0
M2R-decoy_9877,O=C([C@@H]1CCCN1C(=O)c1ccccc1)N1CCC(NS(=O)(=O)c2cc(S(=O)(=O)c3ccccc3)ccc2C(F)(F)F)CC1,-21.06,0
M2R-decoy_456,Cc1cc2c(c(=O)o1)C=C1C(C[C@H]3C[C@@H]1C3(C)C)O2,-21.05,0
M2R-decoy_683,CC1(C)OC[C@H]([C@H]2O[P@](=O)(c3ccccc3)[C@H](O)[C@H]3OC(C)(C)O[C@H]32)O1,-21.05,0
M2R-decoy_7291,C[C@@H]1CC[C@H]2[C@@H](C)[C@@H](O[C@H]3CC[C@H](O[C@H]4O[C@@H]5O[C@@]6(C)CC[C@H]7[C@H](C)CC[C@@H]([C@H]4C)[C@]75OO6)CC3)O[C@@H]3O[C@@]4(C)CC[C@@H]1[C@@]23OO4,-21.05,0
M2R-decoy_11164,CC(C)n1nccc1C(=O)N1CCC(c2nnsc2S(C)(=O)=O)CC1,-21.04,0
M2R-decoy_1388.1,CC1=N/C(=C/c2cc(Br)cc(Br)c2O)C(=O)O1,-21.04,0
M2R-decoy_8133,COc1ccc2c(OC[C@@H]3C[C@H]4C(=O)N(C)CCCC/C=C\[C@H]5C[C@]5(C(=O)NS(=O)(=O)C5(C)CC5)NC(=O)N34)cc(c3nc(C(C)C)cs3)nc2c1C,-21.04,0
M2R-decoy_8707,CCOC(=O)C[NH2+]CC1Oc2ccc(c3cc4c(C(=O)NC)c(c5ccc(F)cc5)oc4cc3N(C)S(C)(=O)=O)nc2-c2cc3c(F)cccc3n21,-21.04,0
M2R-decoy_2122,Cc1ccc(S(=O)(=O)N[C@@H](CCCCNC(=O)OC(C)(C)C)COS(=O)(=O)c2ccc(C)cc2)cc1,-21.03,0
M2R-decoy_32,O=S(=O)(c1cc(Cl)sc1Cl)N1CCCC1,-21.03,0
M2R-decoy_8930,O=C([O-])CCC/C=C\C[C@H]1/C(=N/OCc2ccc(C(F)(F)F)cc2)CC[C@@H]1NS(=O)(=O)c1ccc(Cl)cc1,-21.03,0
M2R-decoy_10608,Cc1cn(S(=O)(=O)c2cc(Br)ccc2Br)cn1,-21.02,0
M2R-decoy_2751,COc1ccc(C[NH2+][C@@H](C(=O)N[C@H](C(=O)NCc2ccccc2O)C(C)C)[C@H](O)[C@H](Cc2ccccc2)NC(=O)[C@@H](NC(=O)OCc2ccccc2)C(C)(C)C)cc1,-21.02,0
M2R-decoy_7759,CC1(O)CN(C(=O)c2ccc(c3ccc4nc(C(C(N)=O)S(=O)(=O)Cc5ccc(OC(F)(F)F)cc5)sc4c3)cc2)C1,-21.02,0
M2R-decoy_4308,COC(=O)[C@H](CSCc1ccccc1)NC(=O)/C(=C/c1ccc(OC(C)=O)c(OC(C)=O)c1)OC(C)=O,-21.01,0
M2R-decoy_4592,C=CCNc1ccn([C@@H]2O[C@H](CO[P@@](=O)(N[C@@H](C)C(=O)OC(C)C)Oc3ccccc3)[C@@H](O)[C@@]2(C)F)c(=O)n1,-21.01,0
M2R-decoy_5989.1,COc1ccc(C2=NN(C3CCCCCC3)C(=O)C3CC=CCC23)cc1OCCCCOc1ccc(C2=NNN=N2)cc1,-21.01,0
M2R-decoy_7203,O=C(c1cnccc1C(F)(F)F)N1CCCC(Oc2ccc(C(F)(F)F)cc2)(C(=O)N2CCN(c3ccncn3)CC2)C1,-21.01,0
M2R-decoy_2797,COc1cc(OC)c2c(c1OC)C=C(C(=O)c1ccccc1)C1(C=C(c3ccccc3)Oc3c(OC)c(OC)cc(OC)c31)O2,-21.0,0
M2R-decoy_4136,C=C1C(=O)O[C@H]2[C@H]1CC/C(COC(=O)NCCCCCCCCCCNC(=O)OC/C1=C/CC[C@@]3(C)O[C@H]3[C@H]3OC(=O)C(=C)[C@@H]3CC1)=C\CC[C@@]1(C)O[C@@H]21,-21.0,0
M2R-decoy_6735,COc1ccc(NC(=O)Nc2cccc3c2O[C@H](CN(C)C(=O)NC(C)C)[C@@H](C)CN([C@H](C)CO)C3=O)cc1,-21.0,0
M2R-decoy_10460,CC(=O)N1CCSc2ccc(S(=O)(=O)N3CCC(C)CC3)cc21,-20.99,0
M2R-decoy_10722,[S-]c1n[n+](C23CC4CC(CC(C4)C2)C3)nn1c1ccccc1,-20.99,0
M2R-decoy_9027,COc1ccc(c2ccc(Cn3c(CC(C)(C)C(=O)[O-])c(SC(C)(C)C)c4cc(OCc5cc(C)nn5C)ccc43)cc2)cn1,-20.99,0
M2R-decoy_9562,COCC[C@H]1CCC/C=C/[C@@H]2C[C@H](O)C[C@H]2[C@H](O)/C=C/C(=O)O1,-20.99,0
M2R-decoy_5530,CC1(C(=O)NS(=O)(=O)c2cccc(OC(F)F)c2)CCN1C(=O)CC(c1ccccc1)c1ccccc1,-20.98,0
M2R-decoy_6235,CO[C@H]1C(OC(C)=O)/C(C)=C/[C@@]23O[C@@]2(C[C@H](C)[C@@H]3OC(=O)Cc2ccccc2)C(=O)[C@H](C)[C@H](OC(C)=O)[C@@H]2[C@H]1C2(C)C,-20.97,0
M2R-decoy_8269,COCCN(C(=O)COC(=O)/C=C/c1ccc(OC)c(OC)c1)c1c(N)n(Cc2ccccc2)c(=O)[nH]c1=O,-20.97,0
M2R-decoy_9483,CCCc1nc(CC)c(C(=O)OCc2ccccc2C(=O)c2ccccc2)n1Cc1ccc(c2ccccc2S(=O)(=O)NC(=O)OCCc2ccccc2)cc1F,-20.97,0
M2R-decoy_2913,O=C(/C=C/c1ccc(OCc2nccs2)cc1)c1cc(C2=NNN=N2)ccc1O,-20.96,0
M2R-decoy_8727,C/C(=C\CC/C(C)=C/CC[C@@H]1[C@@]2(C)CCC(=O)C(C)(C)[C@H]2CC[C@@]1(C)O)CC/C=C(\C)C(=O)OCc1cn(c2ccc(Br)cc2)nn1,-20.96,0
M2R-decoy_5781,CC(C)c1nc(CN(C)C(=O)NC(C(=O)N[C@@H](Cc2ccccc2)[C@@H](O)C[C@H](Cc2ccccc2)NC(=O)OCc2cccnc2)C(C)C)cs1,-20.95,0
M2R-decoy_4838,CC(=O)Oc1cc(OC(C)=O)c2c(=O)c(OC(C)=O)c(c3ccc(OC(C)=O)c(OC(=O)CCCNC(=O)OC(C)(C)C)c3)oc2c1,-20.95,0
M2R-decoy_11301,Cc1ccc(N(C)S(=O)(=O)c2c(C)[nH]c(C)c2C(=O)N2CCCC2)cc1,-20.94,0
M2R-decoy_379,CC1(C)Oc2ccc(C#N)cc2[C@@H](Oc2ccc(S)nn2)[C@@H]1O,-20.94,0
M2R-decoy_8743,CCCCc1c(c2ccc(C(=O)NS(=O)(=O)c3ccc4ccccc4c3)cc2C(=O)N2CCc3ccccc3C2)c(CO)nn1c1ccc(Oc2ccc(Cl)cc2)cc1,-20.94,0
M2R-decoy_8804,CCCCCCCN(CCOCCSc1nc(c2ccc(OC)cc2)c(c2ccc(OC)cc2)[nH]1)C(=O)NC(C)C,-20.94,0
M2R-decoy_10677,CC(=O)N1CCN(C(=O)Nc2ccccc2Cl)[C@H]2CS(=O)(=O)C[C@H]21,-20.93,0
M2R-decoy_4429,CCN(CC(=O)NCc1ccc(F)cc1)C(=O)/C=C/c1ccc(S(=O)(=O)N(CC)CC)cc1,-20.93,0
M2R-decoy_6912,CO[C@@H]1CN(c2nc(c3cccc(C)c3OCc3ccc4c(c3C)CC[NH+](C3COC3)C4)cs2)CC[C@@H]1C(=O)[O-],-20.93,0
M2R-decoy_4503,CCCOc1ccc(C[C@H](NC(=O)C2(NC(=O)[C@H](SC(C)=O)C(C)C)CCCC2)C(=O)OCC)cc1,-20.92,0
M2R-decoy_2160,CCCc1c(Cc2ccc(c3ccccc3c3noc(=O)[nH]3)cc2)c(=O)n(C2CC(OCC(O)(CC)CC)C2)c2ncnn12,-20.91,0
M2R-decoy_2885,COc1cccc(c2csc(NC(=O)c3ccncc3NS(=O)(=O)c3ccc(C)cc3)n2)c1,-20.91,0
M2R-decoy_4482,CCOc1cc(COc2ccc(CCC(=O)[O-])c(F)c2)cc(c2c(C)noc2C)c1,-20.91,0
M2R-decoy_9305,CN1C(=O)N(c2cccc(C(F)(F)F)c2)C2=C(C(=O)CC2)C1c1ccc(C#N)cc1C(=O)N1Cc2ccncc2C1,-20.91,0
M2R-decoy_2611.1,CO[C@@H]1CN(c2cccc(c3cc(C)ccc3OCc3ccc4c(c3C)CC[NH+](C3CCOCC3)C4)n2)CC[C@@H]1C(=O)[O-],-20.9,0
M2R-decoy_7435,CCO[C@H]1O[C@@H]2[C@H](O)C(C)=C[C@H]3C(=O)O[C@H]4C[C@@H](C/C=C(\C)C[C@@H](C)/C=C/C=C\1[C@@]32O)O[C@@]1(CC[C@H](C)[C@@H](CC)O1)C4,-20.9,0
M2R-decoy_9753,CN1CC(NC(=O)N2C(=O)N(c3cccc(C(F)(F)F)c3)C3=C(C(=O)CC3)C2c2ccc(C#N)cc2)CC1=O,-20.9,0
M2R-decoy_10652,CC1CCN(S(=O)(=O)c2ccc(Br)s2)CC1,-20.89,0
M2R-decoy_11281,CS(=O)(=O)/C(C#N)=C/c1cccn1S(=O)(=O)c1ccc(Cl)cc1,-20.89,0
M2R-decoy_5652,CCCOP(=O)(OCCC)C(N/C(SC)=C(/C#N)C(N)=O)c1ccccc1,-20.89,0
M2R-decoy_7770,C=C(C)[C@]12C[C@@H](C)[C@@]34O[C@](Cc5ccccc5)(O[C@@H]1[C@@H]3C=C(COC(=O)Oc1ccc(N)c(OC)c1)C[C@]1(O)C(=O)C(C)=C[C@H]14)O2,-20.89,0
M2R-decoy_3942,C[C@]1(O)CC[C@H]2[C@H]3[C@H](CC[C@@]21C)[C@@]1(C)CCC(=O)C=C1C[C@H]3CCCCc1ccc(OCCCCCC(=O)[O-])cc1,-20.88,0
M2R-decoy_7709,O=C([O-])c1ccc(CC(=O)N2CC[C@](c3ccc(C(OCc4c(F)cccc4F)(C(F)(F)F)C(F)(F)F)cc3)(S(=O)(=O)c3ccc(F)cc3)C2)cc1,-20.88,0
M2R-decoy_8352,CCCc1nc(NS(=O)(=O)c2ccc(C(C)(C)C)cc2)c(Oc2ccccc2OC)c(OCCOc2ncc(Br)cn2)n1,-20.88,0
M2R-decoy_5536.1,CC[C@@H](C[NH+]1CCN(C(=O)C2CC2)CC1)N1C(=O)[C@@](C)(CC(=O)[O-])C[C@H](c2cccc(Cl)c2)[C@H]1c1ccc(Cl)cc1,-20.87,0
M2R-decoy_6823,CC(=O)NS(=O)(=O)c1ccc(n2c(C)nc3c(I)cc(I)cc3c2=O)cc1,-20.87,0
M2R-decoy_10564,Cc1cc(F)c2c(c1)CCCN2S(=O)(=O)c1ncn(C)c1Cl,-20.86,0
M2R-decoy_10671,C1CCCN(c2nc3nonc3nc2N2CCCCCC2)CC1,-20.86,0
M2R-decoy_10710,Nc1nc(N)c2c(Cl)c(S(=O)(=O)c3ccc(F)cc3)ccc2n1,-20.86,0
M2R-decoy_1720,C=C1C[C@@]23C[C@@H]1CC[C@H]2[C@]1(C)CC[C@@H](OC(=O)CC)[C@](C)(COC(C)=O)[C@@H]1C[C@@H]3OC(=O)CC,-20.86,0
M2R-decoy_8246,COc1ccc([C@@H](O)COCCOC[C@@H](O)C#CCCCCCCC[C@@H]2CC(CC(C)=O)C(=O)O2)cc1,-20.86,0
M2R-decoy_8355,CC12C=CC(=O)C=C1CCC1C2C(O)CC2(C)C1CCC2(O)C(=O)COC(=O)CCCc1ccc(N(CCCl)CCCl)cc1,-20.86,0
M2R-decoy_9422,COCCCCOc1ccc2c3c(oc2c1)C(C)(C)c1cc(OC[C@@H](O)[C@H](O)CO)ccc1C3=O,-20.86,0
M2R-decoy_8473,CCCCCCCCCC(=O)O[C@@H]1[C@@H](C)C23OC4(c5ccccc5)OC([C@@H]2[C@@H]2O[C@]2(CO)[C@@H](O)[C@]2(O)C(=O)C=C[C@@]32C)C1(C(C)C)O4,-20.86,0
M2R-decoy_5647,CCCCCCNC(=O)CC(NS(=O)(=O)c1ccc(OC)cc1)C(C)C,-20.85,0
M2R-decoy_10251,CC1=C(Br)C(C(Br)Br)OC1=O,-20.84,0
M2R-decoy_7255,Cc1cc(C2CCN(C(=O)C3CC3)CC2)ccc1OCC1=C(c2cccc(n3ncc(C(=O)[O-])c3C(F)(F)F)n2)CCCC1,-20.84,0
M2R-decoy_295,C=C1C(=O)O[C@H]2/C=C(\C)C[C@@H]3C=C(C/C=C/[C@@](C)(O)CC[C@H]12)C(=O)O3,-20.83,0
M2R-decoy_4407,COP(=O)(F)CCCCn1cc(CNS(=O)(=O)c2cccc3c(N(C)C)cccc23)nn1,-20.83,0
M2R-decoy_712,COC(=O)C1=C(C)NC(=O)C1(NS(=O)(=O)c1ccc(C)cc1)C(F)(F)F,-20.83,0
M2R-decoy_10362.1,Cn1cccc1/C=N/n1c(S)nnc1c1ccc(Cl)cc1Cl,-20.82,0
M2R-decoy_113,CCOC(=O)C(=O)[C@H](CC)NC(=O)[C@H](CC(C)C)NC(=O)[C@H](CC(C)C)NS(=O)(=O)c1ccc2ccccc2c1,-20.79,0
M2R-decoy_2354,COC[C@H](OC)[C@H](OC)c1ccc(S(C)(=O)=O)cc1,-20.79,0
M2R-decoy_2567,CCn1c(CNc2ccc(C(N)=[NH2+])cc2F)nc2cc(C(=O)N(CCC(=O)[O-])c3cc(C)cc(C)c3)ccc21,-20.78,0
M2R-decoy_773,C[C@@H]1C/C=C/[C@@H](O)[C@@H](O)CC/C=C/c2cc(O)cc(O)c2C(=O)O1,-20.78,0
M2R-decoy_8576,CCCC(NC(=O)[C@@H]1[C@H]2CCC[C@H]2CN1C(=O)[C@@H](NC(=O)OC(C)C)C(C)C)C(=O)C(=O)N[C@@H](C)c1ccccc1,-20.78,0
M2R-decoy_1358,Nc1ccc2c(c1)C(=O)/C(=C/c1ccc(O)c(O)c1)C2=O,-20.77,0
M2R-decoy_4872,CCCCCCCC(=O)O[C@@H]1[C@@H](OC(=O)c2cccs2)C(C)=C2[C@@H]3OC(=O)[C@@](C)(O)[C@@]3(O)[C@@H](OC(=O)CCC)C[C@](C)(OC(C)=O)[C@H]21,-20.77,0
M2R-decoy_7359,CS(=O)(=O)Nc1ccc2c(c1)S(=O)(=O)C=C(c1c(O)c3cc(Cl)ccc3n(Cc3ccc(F)cc3)c1=O)N2,-20.77,0
M2R-decoy_10775,COc1cccc(S(=O)(=O)c2cnc3cc(F)ccc3c2N2CCOCC2)c1,-20.76,0
M2R-decoy_5333,COC(=O)[C@H](CC(C)C)N(CCc1cn(Cc2ccccc2)nn1)S(=O)(=O)c1ccccc1Br,-20.76,0
M2R-decoy_7564,CCOC(c1ccc([C@]2(S(=O)(=O)c3ccc(F)cc3)CCN(C(=O)N3CCN(C(C)=O)CC3)C2)cc1)(C(F)(F)F)C(F)(F)F,-20.76,0
M2R-decoy_10552,O=C(OC1C2CC3CC1CC(O)(C3)C2)N1CCC(c2ncc(Cl)cn2)C1,-20.75,0
M2R-decoy_7838,C=C1[C@@H](OC(=O)C(C)CC)[C@@H](OC(C)=O)C(=O)C(C)(C)/C=C/[C@H](C)[C@H](OC(=O)c2ccccc2)[C@@]2(O)C[C@H](C)[C@H](OC(C)=O)[C@@H]2[C@H]1OC(C)=O,-20.75,0
M2R-decoy_9521,Cc1ccc(CC(=O)N[C@@H](Cc2ccc(OCc3ccccc3)cc2)C(=O)NS(=O)(=O)c2ccc(NCCCc3ccccc3)c([N+](=O)[O-])c2)cc1,-20.75,0
M2R-decoy_9703,COCC(=O)N1Cc2nccn2CC(Cn2ncccc2=O)C1,-20.75,0
M2R-decoy_11337,CC1=C(C(=O)C(C)(C)C)N2C(=O)[C@H](Cl)C2S(=O)(=O)[C@@H]1Sc1nnnn1C,-20.74,0
M2R-decoy_3047,COP(=O)(OC)OC(C(C)(C)Cc1ccc(Cl)cc1)P(=O)(OC)OC,-20.74,0
M2R-decoy_7669,Cc1cc(=O)c2c(C)cc3c(c2o1)[C@@H](OC(=O)[C@@]12CC[C@@](C)(C(=O)O1)C2(C)C)[C@@H](OC(=O)[C@@]12CC[C@@](C)(C(=O)O1)C2(C)C)C(C)(C)O3,-20.74,0
M2R-decoy_10676,COC12C[C@H](CC[C@@H]1C)C(C)(CI)OO2,-20.73,0
M2R-decoy_2071,CCC(CC)O[C@@H]1C=C(C(=O)NCc2ccc(C(=O)[O-])cc2)C[C@H]([NH2+]Cc2ccc(Sc3ccccc3)cc2)[C@H]1NC(C)=O,-20.73,0
M2R-decoy_2453.1,c1ccc(COc2cccc(C3=NNN=N3)c2)cc1,-20.73,0
M2R-decoy_6336,CC(C)NC(=O)Nc1cccc2c1O[C@H](CN(C)S(=O)(=O)c1cccs1)[C@@H](C)CN([C@H](C)CO)C2=O,-20.73,0
M2R-decoy_7240,CC(=O)N1CCN(C(=O)N2CC[C@](c3ccc(C(F)(C(F)(F)F)C(F)(F)F)c(F)c3)(S(=O)(=O)c3ccc(F)cc3)C2)CC1,-20.73,0
M2R-decoy_8225,C=C1C[C@@H]2CC[C@@]34C[C@H]5O[C@H]6[C@@H](O3)[C@H]3O[C@H](CC[C@@H]3O[C@H]6[C@H]5O4)CC(=O)C[C@H]3[C@H](C[C@H]4O[C@@H](CC[C@@H]1O2)C[C@@H](C)C4=C)O[C@H](CC(=O)COC)[C@@H]3OC,-20.73,0
M2R-decoy_9777,CC(=O)OC[C@H]1C[C@@H](C)[C@H]2[C@H](O1)[C@H](O)[C@@]1(C)[C@@H]3CC[C@H]4C(C)(C)[C@@H](O[C@H]5CN(C(=O)CC6CC6)CCO5)CC[C@@]45C[C@@]35CC[C@]21C,-20.73,0
M2R-decoy_9782,COC(c1ccc([C@]2(S(=O)(=O)c3ccc(F)cc3)CCN(C(=O)[C@H]3CC[C@H](C(=O)[O-])CC3)C2)cc1F)(C(F)(F)F)C(F)(F)F,-20.73,0
M2R-decoy_10551,CC1=C(C)C(=O)C(C2=C(C3=CC(=O)C(C)=C(C)C3=O)C(=O)C(C)=C(C)C2=O)=CC1=O,-20.72,0
M2R-decoy_11159,Cc1ccc(S(=O)(=O)N2CCN(S(=O)(=O)c3ccc4c(c3)OCCO4)CC2)cc1,-20.72,0
M2R-decoy_6448,COC(=O)N1C(=O)N(c2cccc(C(F)(F)F)c2)C2=C(C(=O)CC2)[C@H]1c1ccc(C#N)cc1S(C)(=O)=O,-20.72,0
M2R-decoy_8811,CCCc1cc(Cn2c(CC)nc3c(C)cc(C)nc32)cc(CCC)c1OC(C(=O)[O-])c1cc(Br)c(OC)c(OC)c1Br,-20.72,0
M2R-decoy_1242,CC1=CC[C@@H]2[C@@H](O[C@H](c3ccc(F)cc3)OC2(C)C)[C@@H]1O,-20.71,0
M2R-decoy_2394,C=C(C)[C@H](Cc1c(OC)ccc2ccc(=O)oc12)OO,-20.71,0
M2R-decoy_6233,CCNC(=O)N1C(=O)N(c2cncc(Br)c2)C2=C(C(=O)CC2)C1c1ccc(C#N)cc1S(C)(=O)=O,-20.71,0
M2R-decoy_8403,O=C(Cc1ccccc1)NCCc1c(CCOc2ccc(C(=O)[O-])cc2)c2cc(Cl)ccc2n1C(c1ccccc1)c1ccccc1,-20.71,0
M2R-decoy_4123,C=C1/C=C/C(=O)N(C)CC(=O)N[C@@H](CC(=O)OCC)C(=O)O[C@@H]([C@H](C)CCCCCCCCCCCC(C)C)[C@H](C)C(=O)N1,-20.7,0
M2R-decoy_3911,COc1ccc(CN(Cc2ccc(OC)cc2)S(=O)(=O)C(Cc2ccc(NC(=O)C(=O)[O-])cc2)c2nc3ccccc3o2)cc1,-20.68,0
M2R-decoy_7512,CC1(C)C(=O)C(Br)C[C@@]2(C)C1CC[C@]1(C)C2CCC2C3[C@H](C(C)(Br)CBr)CC[C@]3(C(=O)[O-])CC[C@]21C,-20.68,0
M2R-decoy_6636,CC(C)c1ccc(S(=O)(=O)N2CCN(C(=O)C3CCN(C(=O)c4ccc(F)cc4)CC3)CC2)cc1,-20.68,0
M2R-decoy_832,Cc1cc(C)c(C)c(S(=O)(=O)N2C(=S)NC(=O)C2C(C)C)c1C,-20.68,0
M2R-decoy_5490,Cc1ccc(N2C(=O)/C(=C/c3ccc(N(CCC#N)CCC#N)cc3C)[NH+]=C2c2cc([N+](=O)[O-])ccc2Cl)cc1,-20.67,0
M2R-decoy_5734,CNC(=O)[C@@H](NC(=O)[C@H](CC(C)C)[C@H](OCCc1ccc2sc(C)nc2c1)C(=O)NO)C(C)(C)C,-20.67,0
M2R-decoy_6092,CCCCC(CC)C(=O)OCC1(CO)C/C(=C/c2ccc(OC(F)(F)F)cc2)C(=O)O1,-20.67,0
M2R-decoy_6335,C=C1C(=O)O[C@H]2[C@H]1[C@H](OC(=O)CC(=O)O[C@@H]1C[C@@H](C)[C@@H]3C=CC(=O)[C@@]3(C)[C@H]3OC(=O)C(=C)[C@@H]31)C[C@@H](C)[C@H]1C=CC(=O)[C@]12C,-20.67,0
M2R-decoy_6615,COC(=O)[C@]12C([O-])=C(C)C(=O)[C@@]1(C)C(C)=CC1[C@@]34CC[C@@H](OC(C)=O)C(C)(C)C3C(C[C@]12C)OC4=O,-20.67,0
M2R-decoy_3610,CNC(=O)CCN(C)C(=O)C(C)Oc1ccccc1Br,-20.66,0
M2R-decoy_6030,CS(=O)(=O)c1ccc(C(=O)N2CC(N(C3CC3)S(=O)(=O)c3cccc(C(F)(F)F)c3)C2)c(C(F)(F)F)c1,-20.66,0
M2R-decoy_7744,CC(=O)O[C@@H]1C[C@@]2(C)[C@@H]3CC=C4[C@@H](CC(=O)[C@H](OC(C)=O)C4(C)C)[C@]3(C)C(=O)C[C@]2(C)[C@H]1[C@@](C)(O)C(=O)CCC(C)(C)OC(C)=O,-20.66,0
M2R-decoy_9859,O=C(N1CC[C@](c2ccc(C(F)(C(F)(F)F)C(F)(F)F)cc2)(S(=O)(=O)c2ccc(F)cc2)C1)C12CCC(C(=O)[O-])(CC1)OC2,-20.66,0
M2R-decoy_9874,CC(=O)NC1(C(=O)N2CC[C@](c3ccc(C(F)(C(F)(F)F)C(F)(F)F)cc3)(S(=O)(=O)c3ccc(F)cc3)C2)CCOCC1,-20.66,0
M2R-decoy_5441,C=C/C(C)=C/C[C@@]1(C)[C@@H]2C[C@H](OC(=O)CCCCC)C=C3[C@@H](OC(C)=O)O[C@@H](OC(C)=O)[C@@]32[C@@H](O)C[C@H]1C,-20.65,0
M2R-decoy_1967,COc1ccc(CNC(=O)[C@H](C)NC(=O)C2CCN(C(=O)[C@H](CCSC)NC(=O)OC(C)(C)C)CC2)cc1,-20.64,0
M2R-decoy_301,CC12CP(=O)(c3ccccc3)CC1C2(Cl)Cl,-20.64,0
M2R-decoy_3885,CCC(CC)(c1ccc(OCC(O)C23CC4CC(CC(C4)C2)C3)c(C)c1)c1ccc(OC[C@@H](O)CO)c(C)c1,-20.64,0
M2R-decoy_687.1,C[C@@H]1CC(O)C2C=CC(CC(=O)Cc3c(Cl)c(O)cc(O)c3C(=O)O1)O2,-20.64,0
M2R-decoy_9635,CC(=O)CC/C(=C/c1ccccc1)[N+](=O)[O-],-20.64,0
M2R-decoy_3847,Cc1cccc(C)c1OCC(=O)N[C@@H](Cc1cccc(Br)c1)[C@H](O)C[C@H](CC(C)C)S(=O)(=O)c1ccc(F)cc1,-20.63,0
M2R-decoy_6829,CNC(=O)c1c2cc(c3ccc4c(n3)-c3cc5c(F)cccc5n3CC4)c(N(C)S(C)(=O)=O)cc2oc1n1ccc(C)cc1=O,-20.63,0
M2R-decoy_6890,Cc1nc(S(C)(=O)=O)ccc1Nc1ncnc(OC2CCN(C(=O)OC(C)C)CC2)c1C(F)F,-20.63,0
M2R-decoy_2334,N#CCCCS(=O)(=O)N1CCCC1CC(=O)c1cccs1,-20.62,0
M2R-decoy_1041,O=C1NCN(c2ccccc2)C12CCN(c1nnnn1c1ccccc1)CC2,-20.61,0
M2R-decoy_10574,O=S(=O)(c1ccc(Br)cc1)c1cnc2ccccc2n1,-20.61,0
M2R-decoy_5165,CCCS(=O)(=O)N1CCN(c2ccc(OCCC3CCN(C(=O)OC(C)C)CC3)cn2)CC1,-20.61,0
M2R-decoy_6194,O=S(=O)(CC[C@@H]1OCC[C@@]2(S(=O)(=O)c3ccc(Cl)cc3)c3c(F)ccc(F)c3OCC12)c1cccnn1,-20.61,0
M2R-decoy_2146.1,CCCc1nc2c(C)cc(C(=O)NCCc3ccccc3OC)cc2n1Cc1ccc(c2ccccc2C(=O)NC2=NN=NN2)cc1,-20.6,0
M2R-decoy_245,CC(=O)O[C@H]1C[C@H]2/C=C\CCC[C@H](C)OC(=O)/C=C/[C@@H](O)[C@@H]2C1,-20.6,0
M2R-decoy_4822,COc1cc([C@H](Cc2ccccc2)n2cc(C(=O)NC(=O)C[C@H](C)C(=O)[O-])c(=O)cc2Cc2ccccc2)oc(=O)c1,-20.6,0
M2R-decoy_574,CO[C@H]1CN(S(=O)(=O)c2cn(C)cn2)[C@@H]2CCCO[C@H]12,-20.6,0
M2R-decoy_5751,COC(=O)[C@H](Cc1ccccc1)NC(=O)[C@@H](NC(=O)[C@H](CC(C)C)NC(=O)[C@H](O)C(C)C)C(C)C,-20.6,0
M2R-decoy_8121,COc1ccc2c3c([nH]c2c1)C(C=C(C)C)N1C(=O)C2CCCN2C(=O)C1(OC)C3OC(=O)c1cc(O)cc(OC)c1C(=O)c1c(O)cc(C)cc1OC,-20.6,0
M2R-decoy_8799,CC(C)=CCC/C(C)=C/CNC(=O)C[C@H]1C[C@H](C(=O)N2CCOCC2)[C@@]2(CCC3CCCC3)c3[nH]c4cc(c5ccco5)ccc4c3CCN2C1=O,-20.6,0
M2R-decoy_9467.1,O=C([O-])[C@H](CCCCCCCc1ccc2c(n1)NCCC2)NS(=O)(=O)C1CCCCC1,-20.6,0
M2R-decoy_328,C/C1=C/C=C/C(=O)O[C@H](C=O)C/C(C)=C/COCC/C=C/C(=O)C1,-20.59,0
M2R-decoy_8256,O=C([O-])C[C@H](Cc1csc(CCCCNc2cc(N3CCSCC3)ccn2)n1)c1ccc2c(c1)OCO2,-20.59,0
M2R-decoy_1828,N#C[C@H](CC(N)=O)NC(=O)[C@@H]1CCCN1S(=O)(=O)c1ccc(Br)cc1,-20.58,0
M2R-decoy_52,CCCc1nn(C)c2c1NC1(CCCCC1)NC2=O,-20.58,0
M2R-decoy_5973,C=C(C)C(COc1c2ccoc2cc2oc(=O)ccc12)OC(C)(C)C(O)COc1c2occc2c(OC)c2ccc(=O)oc12,-20.58,0
M2R-decoy_2076,COc1cccc(CCNC(=O)C[C@H](O)[C@H](COCc2ccc(Br)cc2)NC(=O)[C@@H](NC(=O)c2ccccn2)C(C)C)c1,-20.57,0
M2R-decoy_7563,CCCCCC1(CC2C(=O)OC3OC4(C)CCC5C(C)CCC2C35OO4)C(=O)OC2OC3(C)CCC4C(C)CCC1C24OO3,-20.57,0
M2R-decoy_1842,CCOc1cc(=O)n(C)cc1c1cc(N(CC2CCOCC2)S(=O)(=O)CC)ccc1Oc1ccc(F)cc1F,-20.56,0
M2R-decoy_200,Cn1cc(Br)c(=O)c(NC(=O)c2ccoc2)c1,-20.56,0
M2R-decoy_175,CC(C)(C)OC(=O)N1CC2ON=C(Br)C2C1,-20.55,0
M2R-decoy_1429,C/C=C/C#CC#C/C=C/CCC(CCOC(C)=O)OC(C)=O,-20.55,0
M2R-decoy_4157,CCCC(=O)O[C@H]1C[C@@H](CC(=O)[O-])O[C@@H](/C=C/[C@@H]2[C@@H](/C=C/[C@@H](C)/C=C(\C)[C@H]3CC=C(C)[C@@H](CC)O3)[C@H]2C)[C@@H]1OC(=O)CCC,-20.55,0
M2R-decoy_5765,CCOCCC1(Oc2ccc(Oc3ccc(C(=O)NCc4cccc(F)c4)cc3)cc2)C(=O)NC(=O)NC1=O,-20.55,0
M2R-decoy_10840,Cc1nc2sc3c(c2c(n2ncc4c(Cl)ncnc42)n1)-c1ccccc1CC3,-20.54,0
M2R-decoy_1091,C=C1C(=O)O[C@@H]2C[C@@H](C)/C=C\C(=O)[C@](C)(O)[C@H](OC(C)=O)[C@@H](OC(=O)/C(C)=C/C)[C@@H]12,-20.53,0
M2R-decoy_2601,Cc1cn([C@H]2C[C@H](F)[C@@H](COC(=O)CCCCCCC(=O)OC[C@H]3O[C@@H](n4cc(C)c(=O)[nH]c4=O)C[C@@H]3F)O2)c(=O)[nH]c1=O,-20.53,0
M2R-decoy_2707,O=C(N[C@@H](Cc1ccccc1)C(=O)N[C@@H](Cc1c[nH]c2ccccc12)C(=O)N[C@@H](Cc1ccc(O)cc1)C(=O)[O-])OCc1cc(=O)c(O)co1,-20.53,0
M2R-decoy_1617,CCc1ccc(Cc2sc([C@@H]3O[C@H](CO)[C@@H](O)[C@H](O)[C@H]3O)c(C)c2C)cc1,-20.53,0
M2R-decoy_6153,C=C1[C@@H](OC(C)=O)CC[C@]2(C)[C@@H]1[C@H](OC(C)=O)[C@@H]1CC(=O)C(C)=C([C@@H](OC(C)=O)[C@@H]2OC(C)=O)C1(C)C,-20.53,0
M2R-decoy_6953,CCC(C)N(C[C@@H](O)[C@@H]1Cc2ccc(cc2)OCCCCCC(=O)N[C@@H](C(C)C)C(=O)N1)S(=O)(=O)c1ccc(N)cc1,-20.53,0
M2R-decoy_2387,O=C(CS(=O)(=O)Cc1ccccc1)Nc1ccccn1,-20.52,0
M2R-decoy_4502.1,C[C@@H](c1ccccc1)[C@H](O)/C=C/[C@@H]1C2CCC(O2)[C@@H]1C/C=C\CCCC1=NN=NN1,-20.52,0
M2R-decoy_2932,CCOC(=O)C(C)(C)Oc1ccc(Br)c(/C=C(\Cl)[N+](=O)[O-])c1,-20.51,0
M2R-decoy_3341,CCOC(=O)[C@H](C)N[P@@](=O)(COC)Oc1c(C(C)C)cccc1C(C)C,-20.51,0
M2R-decoy_6816,COC(=O)C[C@H]1[C@]2(C)C3=C(C)[C@H](c4ccoc4)C[C@H]3O[C@@H]2[C@H](O)[C@H]2[C@](C)(C(=O)NC(C)c3ccccc3)C=CC(=O)[C@]12C,-20.51,0
M2R-decoy_7088,CC1CCC(NC(=O)NS(=O)(=O)c2ccc(CCNS(=O)(=O)c3ccc(Br)cc3)cc2)CC1,-20.51,0
M2R-decoy_908,CC(=O)OC1CN(c2nc3c(Cl)cccc3s2)C1,-20.51,0
M2R-decoy_10618,O=C(c1ccccc1Cl)N1CCn2c(nnc2c2cnccn2)C1,-20.5,0
M2R-decoy_5582,CCOP(=O)(OCC)C(N/C(SC)=C(/C#N)C(N)=O)c1ccccc1,-20.5,0
M2R-decoy_1868,CCc1ccc(c2c(NS(=O)(=O)c3ccc(C(C)(C)C)cc3)ncnc2OCCOc2ncc(SC)cn2)cc1,-20.49,0
M2R-decoy_7481,C=C1C(=O)O[C@@H]2[C@H]1CC[C@H](C)[C@]13OC(c4ccc5c(c4)OCO5)O[C@H]1/C(=C/c1ccc4c(c1)OCO4)C(=O)[C@@]23C,-20.49,0
M2R-decoy_11165,CC(C)c1ccc(S(=O)(=O)N2CCN(C(=O)C3CCCCC3)CC2)cc1,-20.48,0
M2R-decoy_1893,Cc1c(c2cccc(S(=O)(=O)N(C)C)c2)c2cc(NS(C)(=O)=O)ccc2n1C/C(F)=C/C[NH3+],-20.48,0
M2R-decoy_11122,O=S(=O)(C1CC1)N1CCC2(COCc3cnc(N4CCOCC4)nc32)C1,-20.47,0
M2R-decoy_11130,O=C(N/N=C/N1C=c2cnoc2=CC1)c1cnc2c(C(F)(F)F)cccc2c1O,-20.47,0
M2R-decoy_1993,CCCC=Cc1ccc(CN2C(C(C)C)C(=O)N(Cc3cn(CCOCOC)nn3)CCS2(=O)=O)cc1,-20.47,0
M2R-decoy_5522,O=C(Cc1ccccc1)Nc1ccc(OC2CCN(c3ccc(NC(=O)Cc4ccccc4)nn3)CC2)nn1,-20.47,0
M2R-decoy_6435,CC[C@H](C)C(=O)O[C@H]1[C@H](O)C[C@@H]2[C@@](C)([C@@H]3C[C@H]4CCO[C@H]4O3)[C@H](C)C[C@H](OC(C)=O)[C@@]2(COC(C)=O)[C@@]12CO2,-20.47,0
M2R-decoy_8083,Cc1cnc(c2cc(O[C@@H]3C[C@H]4C(=O)N[C@]5(C(=O)NS(=O)(=O)C6(C)CC6)C[C@H]5/C=C\CC[C@@H](C)C[C@@H](C)[C@H](NC(=O)OC(C)(C)C(F)(F)F)C(=O)N4C3)ccn2)s1,-20.47,0
M2R-decoy_2235.1,CCCCN(CCCC)C(=O)C[NH+]1C[C@H](c2ccc3c(c2)OCO3)[C@@H](C(=O)[O-])[C@H]1c1ccc(OC)cc1,-20.46,0
M2R-decoy_5452.1,CCCCc1nc2ccc(C3(C)CC(C(=O)OCC)=NO3)cc2c(=O)n1Cc1ccc(c2ccccc2C2=NNN=N2)cc1,-20.46,0
M2R-decoy_7010,CCC(=O)O[C@]1(C(=O)COC(C)=O)CCC2C3C(C(O)CC21C)C1(C)C=CC(=O)C=C1C[C@H]3Br,-20.46,0
M2R-decoy_7156,CN(C)c1ccc2c(SCC(=O)OCC(=O)[C@@]3(O)CC[C@H]4[C@@H]5CCC6=CC(=O)C=C[C@]6(C)[C@H]5C(=O)C[C@@]43C)c3ccc(N(C)C)cc3nc2c1,-20.46,0
M2R-decoy_5443,CC(C)(C)OC(=O)CC(C(=O)[C@H](Cc1ccc(OC(C)(C)C)cc1)NC(=O)OC(C)(C)C)S(=O)(=O)c1ccccc1,-20.45,0
M2R-decoy_7618,CN1C(=O)[C@@H](F)C[C@H]1C(=O)N1CC[C@@]2(S(=O)(=O)c3ccc(F)cc3)c3ccc(C(F)(C(F)(F)F)C(F)(F)F)cc3CC[C@@H]12,-20.45,0
M2R-decoy_8780,CC[C@H]1O[C@@H](/C(C)=C/[C@H](C)/C=C/[C@@H]2[C@@H](/C=C/[C@@H]3O[C@H](CC(=O)NC4CCCCC4)C[C@H](OC(C)=O)[C@H]3OC(C)=O)[C@@H]2C)CC=C1C,-20.45,0
M2R-decoy_4227,COc1cc(C(O)(CCn2ccnc2)C(c2cc3cc(Br)ccc3nc2OC)c2cccc(OC)c2OC)cc(OC)n1,-20.44,0
M2R-decoy_8086,COC(=O)N[C@H](/C(F)=C1\CCC[C@H]1c1ncc(c2ccc(c3ccc(c4cnc([C@@H]5CCC/C5=C(/F)[C@@H](NC(=O)OC)C(C)C)[nH]4)cc3)cc2)[nH]1)C(C)C,-20.44,0
M2R-decoy_5947,CCCCOC(=O)NS(=O)(=O)c1sc(CC(C)C)cc1c1cccc(CN(C(C)=O)c2ccc(C)cc2)c1,-20.43,0
M2R-decoy_7047,CC(C)S(=O)(=O)c1ccccc1Nc1nc(N/N=C/c2ccc(S(C)(=O)=O)cc2)ncc1Cl,-20.43,0
M2R-decoy_7475,CCS(=O)(=O)c1cc(C#N)ccc1C1C2=C(CCC2=O)N(c2ccnc(C(F)(F)F)c2)C(=O)N1C(=O)NC,-20.43,0
M2R-decoy_753,CS(=O)(=O)c1ccc(C2=C(c3ccc(S(N)(=O)=O)cc3)C(=O)OC2)cc1,-20.43,0
M2R-decoy_3777.1,O=C(Cc1ccccc1)Nc1nnc(CCCCc2nnc(NC(=O)Cn3cc(c4ccc(Cl)cc4)nn3)s2)s1,-20.42,0
M2R-decoy_9584,COC(=O)/C=C/c1cc(F)ccc1S(=O)(=O)NC(C)(C)C,-20.42,0
M2R-decoy_1140,CSc1nn(c2c(Cl)cccc2Cl)c2nc(C)[nH]c(=O)c12,-20.41,0
M2R-decoy_2992,CCN(c1ccc(OC)cc1)S(=O)(=O)c1c(C(=O)N2CCCCCC2)c(C)n(C)c1C,-20.41,0
M2R-decoy_4060,COc1ccc(S(=O)(=O)N(CC(C)C)C[C@@H](O)[C@H](Cc2ccccc2)n2cc(COC(=O)N[C@H]3c4ccccc4C[C@H]3O)nn2)cc1,-20.41,0
M2R-decoy_5541,O=C(/C=C/c1ccccc1)N[C@@H](CSCCCC(=O)NO)C(=O)NCc1ccccc1,-20.4,0
M2R-decoy_698,CC1(C)C2CCC1(CS(=O)(=O)N1CCC(C(N)=O)CC1)C(=O)C2,-20.4,0
M2R-decoy_8321,CC(C)C[C@H](NC(=O)[C@@H]1CCCN1C(=O)OCc1ccccc1)C(=O)N(CC(=O)[O-])S(=O)(=O)c1ccc(c2ccccc2)cc1,-20.4,0
M2R-decoy_3381,CC1(COC(=O)CCCCCCCCC(=O)OCC2(C)CC=CC2=O)CC=CC1=O,-20.39,0
M2R-decoy_5614,CN(CCc1ccccc1)C(=O)Cc1ccc(OCCCOc2ccc(CCC(=O)[O-])cc2)cc1,-20.39,0
M2R-decoy_11461,COC(=O)C1=C(C(=O)OC)SC(=C2C(=S)C(C)(C)N(C(=O)C(C)C)c3ccccc32)S1,-20.38,0
M2R-decoy_2493,CCN(CC)C(=S)SC1=CCS(=O)(=O)C1,-20.38,0
M2R-decoy_1899,C[NH2+][C@H](C(=O)N[C@H](C(=O)N(C)[C@H](C)/C=C(\C)C(=O)[O-])C(C)(C)C)C(C)(C)c1cn(C)c2ccccc12,-20.37,0
M2R-decoy_6122,CCO/C(O)=C1\C(COCCc2ccncc2)=NC(C)=C(C(=O)OC)C1c1cccc([N+](=O)[O-])c1,-20.37,0
M2R-decoy_6860,CC(=O)N1CCN(S(=O)(=O)c2cnc(c3ccc(N(Cc4ccccc4)C(=O)c4ccc(O)cc4O)cc3)c(C)c2)CC1,-20.37,0
M2R-decoy_2201,Cc1ccc(S(=O)(=O)NCCOCCOCCOCCNS(=O)(=O)c2ccc(C)cc2)cc1,-20.36,0
M2R-decoy_3798,C=C(CC)C(=O)c1ccc(OCC(=O)NCCNS(=O)(=O)c2ccc(OC)cc2OC)c(Cl)c1Cl,-20.36,0
M2R-decoy_3134,COc1ccc(/C=N/N(C(F)(F)F)S(=O)(=O)c2ccccc2)cc1OC,-20.36,0
M2R-decoy_5975,COc1ccc(F)c(c2ccc(COc3cccc([C@@H](CC(=O)[O-])C4CC4)c3)cc2[C@H](OC)C(C)(C)C)c1,-20.36,0
M2R-decoy_8644,COC(=O)CCCC(=O)O[C@@H]1[C@H]2[C@H](OC(=O)/C=C/c3ccccc3)[C@H](OC(=O)c3ccccc3)[C@]3(C)[C@@H](OC(C)=O)CC[C@](C)(O)[C@@]13OC2(C)C,-20.36,0
M2R-decoy_10122,Cc1ccc(NC2(C(F)(F)F)[NH+]=C(c3ccccc3)NC2=O)nc1,-20.35,0
M2R-decoy_1947,CCOC(=O)/C=C/[C@H](CCC(N)=O)NC(=O)[C@H](Cc1ccccc1)NC(=O)[C@H](CC(C)C)NC(=O)SC,-20.35,0
M2R-decoy_380,Cc1nc(Cn2c(=O)[nH]c3c(N)nc(C(F)(F)F)cc32)cs1,-20.35,0
M2R-decoy_7048,C[C@H]1CN([C@H](C)CO)C(=O)c2cc(NC(=O)C3CCCCC3)ccc2O[C@@H]1CN(C)S(=O)(=O)c1ccccc1,-20.35,0
M2R-decoy_10643,CC1CCCCN1c1nc2nonc2nc1N1CCCCC1C,-20.34,0
M2R-decoy_1825,CC(O)c1ccc(Cc2cc([C@@H]3O[C@H](CO)[C@@H](O)[C@H](O)[C@H]3O)c3c(c2Cl)OCC3)cc1,-20.34,0
M2R-decoy_196.1,COc1ccc(c2nc(N)nc(O)c2Br)cc1,-20.34,0
M2R-decoy_3358,Cc1c(CCOCCCF)cc(c2ccc(S(C)(=O)=O)cc2)n1c1ccc(F)c(F)c1,-20.34,0
M2R-decoy_10856,CS(=O)(=O)c1ccc(N2C(=S)N(c3ccc(C#N)c(C(F)(F)F)c3)C(=O)C23CCC3)cc1,-20.33,0
M2R-decoy_2077,CC(C)C[C@H](NC(=O)OC(C)(C)C)C(=O)N[C@@H](Cc1ccccc1)C(=O)N[C@@H](CC(C)C)[C@@H](O)C[C@@H](C)C(=O)NCc1ccccc1,-20.33,0
M2R-decoy_2372,CCN(Cc1cccs1)S(=O)(=O)N(C)C(C)C,-20.33,0
M2R-decoy_7545,C=C1C(=O)O[C@@H]2C[C@H](C)[C@H]3C=CC(=O)[C@@]3(C)[C@@H](OC(=O)CCCC(=O)O[C@H]3[C@H]4C(=C)C(=O)O[C@@H]4C[C@@H](C)[C@H]4C=CC(=O)[C@@]34C)[C@@H]12,-20.33,0
M2R-decoy_4075,CO[C@H](NC(=O)C(F)(F)C(=O)C(Cc1ccc(OCc2ccccc2)cc1)NC(=O)[C@@H](NC(=O)OCc1ccccc1)C(C)C)C(C)C,-20.32,0
M2R-decoy_7432,CC[C@H](C)[C@H]1O[C@]2(CC[C@@H]1C)C[C@@H]1C[C@@H](C/C=C(\C)[C@@H](O)[C@@H](C)/C=C/C=C3\CO[C@@H]4[C@H](O)C(C)=C[C@@H](C(=O)O1)[C@]34O)O2,-20.32,0
M2R-decoy_9408,Cc1ccc(S(=O)(=O)N(CC(=O)N(Cc2ccc(C3CCCCC3)cc2)c2ccc(C(=O)[O-])c(O)c2)Cc2ccccc2F)cc1,-20.32,0
M2R-decoy_4247,CCCCCCOc1ccc(CC(CC)C(=O)[O-])cc1CNC(=O)c1ccc(C23CC4CC(CC(C4)C2)C3)cc1,-20.31,0
M2R-decoy_4771,CN(C(=O)Oc1ccc(C[C@H](NC(=O)[C@]2(C)CCCN2S(=O)(=O)c2cc(Cl)cc(Cl)c2)C(=O)[O-])cc1)c1ccccc1,-20.31,0
M2R-decoy_4457,CC(=O)O[C@H](CCc1ccc(O)c(O)c1)C[C@H](O)CCc1ccc(O)cc1,-20.3,0
M2R-decoy_5523,COc1ccc(S(=O)(=O)c2cc(OC)ccc2S(=O)(=O)c2ccc(C(C)NS(C)(=O)=O)cc2)cc1,-20.3,0
M2R-decoy_6468,CC(=O)OCC1=C(C)C[C@H]([C@@H](C)[C@H]2CC[C@H]3[C@@H]4C[C@H]5O[C@]56C(=O)C=CC(=O)[C@]6(C)[C@H]4CC[C@@]32C)OC1=O,-20.3,0
M2R-decoy_6976.1,C=C1CN(S(=O)(=O)c2ccc(C)cc2)CCC[NH+](CC2CCCCC2)CCCN(S(=O)(=O)c2ccccc2[N+](=O)[O-])C1,-20.3,0
M2R-decoy_11088,NC(=O)C1CCN(C(=O)c2cc(S(=O)(=O)N3CCCC3)cs2)CC1,-20.29,0
M2R-decoy_1878,COc1cc(COC(=O)[C@@H]2C(C=O)=Cc3cc4c(cc3[C@H]2c2cc(OC)c(OC)c(OC)c2)OCO4)cc(OC)c1OC,-20.29,0
M2R-decoy_2231,C=CCCC(=O)N1Cc2cc(OCCc3nc(/C=C/CCC(C)C)oc3C)ccc2C[C@H]1C(=O)[O-],-20.29,0
M2R-decoy_2653,COc1ccc(CC(=O)N[C@]2(OC)C(=O)N3C(C(=O)OC(c4ccccc4)c4ccccc4)=C(CSc4nnnn4C)CO[C@@H]32)cc1,-20.29,0
M2R-decoy_4252,C=C1CC[C@H]2[C@@](C)(CC[C@@H](O)[C@@]2(C)CO)[C@@H]1C/C=C1/C(=O)OC[C@H]1OC(=O)CCCCCCCCCCC,-20.29,0
M2R-decoy_1340.1,Nc1nc(O)c(Br)c(c2cccc(O)c2)n1,-20.28,0
M2R-decoy_227,CC(C)(C)C(=O)Nc1nc2ccc(S(C)(=O)=O)cc2s1,-20.28,0
M2R-decoy_302,O=S1(=O)c2ccccc2Oc2cccc(Br)c21,-20.28,0
M2R-decoy_326,O=C1C=CC2(Oc3cccc4cccc(c34)O2)[C@H]([C@H]2CCC(=O)O2)C1,-20.28,0
M2R-decoy_7811,C/C=C(\C)C(=O)O[C@@H]1C[C@]2(C)C(=CC[C@H]2[C@@H]2C[C@@H]([C@@H]3OC3(C)C)O[C@H]2OC)[C@]2(C)[C@H](OC(C)=O)C[C@H]3C(C)(C)C(=O)C[C@H](O)[C@]3(C)[C@@H]12,-20.28,0
M2R-decoy_2768,COc1ccc2c(c1)[C@H]1C[C@@H](N(C)C(=O)/C=C/c3ccoc3)CC[C@H]1[C@H](N(CC1CC1)S(=O)(=O)c1ccccc1)C2,-20.27,0
M2R-decoy_3868,C=CCSC[C@H](NC(=O)COc1ccccc1)C(=O)NC(C(=O)OCc1ccc([N+](=O)[O-])cc1)=C(C)C,-20.27,0
M2R-decoy_6214,C[C@@H]1CN(c2c(Cl)cnc3cc(OC(F)(F)F)ccc23)CC[C@@H]1C(=O)N1CCn2c(nnc2C(F)(F)F)C1,-20.27,0
M2R-decoy_8263,C=CC[C@@H](CC(=O)NCCO)C(=O)N[C@@H](COC(=O)[C@@H](CC=C)Cc1ccc(F)cc1)Cc1ccccc1,-20.27,0
M2R-decoy_9871,O=C([O-])C12CCC(C(=O)N3CC[C@](c4ccc(C(F)(C(F)(F)F)C(F)(F)F)cc4)(S(=O)(=O)c4ccc(F)cc4)C3)(CC1)OC2,-20.27,0
M2R-decoy_3196,CCN(CC)C(=O)Oc1ccc(C2(c3ccc(N(C)C(C)=O)cc3)CCCCC2)cc1,-20.26,0
M2R-decoy_393,CC1(C)CC(=O)C(/C=N/C2CC(C)(C)[NH2+]C(C)(C)C2)=C([O-])C1,-20.26,0
M2R-decoy_4140,C=CCCCS(=O)(=O)NC(=O)c1ccccc1NC(=O)[C@@H](NC(=O)OC(C)(C)C)c1ccc(Oc2cc(C=C)nc(c3ccccc3)n2)cc1,-20.26,0
M2R-decoy_10660,Cn1c(=O)c2c(nc3n2CCN(c2ccc(Br)cc2)C3)n(C)c1=O,-20.23,0
M2R-decoy_5566,CCCCNC(=O)[C@H](C)C[C@H](O)[C@H](CC(C)C)NC(=O)[C@H](C)NC(=O)CCC(C)C,-20.23,0
M2R-decoy_5640,Cc1cn([C@H]2C=C[C@@H](COC(=O)CCCCCCCCCCCBr)O2)c(=O)[nH]c1=O,-20.23,0
M2R-decoy_7123,COc1ccc(S(=O)(=O)N(C)C[C@@H]2Oc3cc(c4ccccc4OC)ccc3S(=O)(=O)N([C@H](C)CO)C[C@H]2C)cc1,-20.23,0
M2R-decoy_9861,CC(=O)O[C@@H]([C@@H]1C[C@@H](C)[C@H]2[C@H](O1)[C@H](O)[C@@]1(C)[C@@H]3CC[C@H]4C(C)(C)[C@@H](OC(=O)CCC(=O)[O-])CC[C@@]45C[C@@]35CC[C@]21C)C(C)(C)O,-20.23,0
M2R-decoy_1758,CCSC(C[C@]12CCC(=O)C=C1CCC1C2=CC[C@]2(C)C(=O)CCC12)SCC,-20.22,0
M2R-decoy_5902.1,CCCCOC(=O)NS(=O)(=O)c1sc(CC(C)C)cc1c1cccc(C(=O)Cn2ccnc2C)c1,-20.22,0
M2R-decoy_1087,CC1CC(C)CN(C(=O)C(NS(=O)(=O)c2ccc3c(c2)oc(=O)n3C)C(C)C)C1,-20.21,0
M2R-decoy_1626,CO[C@H]1CC[C@]2(CC1)Cc1ccc(OCC(C)C)cc1C21N=C(C)C(N)=[NH+]1,-20.21,0
M2R-decoy_4168,CC(=O)c1ccc(S(=O)(=O)N(CC(C)C)C[C@@H](O)[C@H](Cc2ccccc2)NC(=O)O[C@H]2CO[C@H]3OCC[C@@H]23)cc1,-20.21,0
M2R-decoy_5715,CCCn1c(=O)c2[nH]c(c3ccc(OCC(=O)N[C@H](C)[C@H](O)c4ccccc4)cc3)cc2n(CCC)c1=O,-20.21,0
M2R-decoy_9279,CC(C)CN(NC(=O)C1CCC2(CC1)OOC1(OO2)C2CC3CC(C2)CC1C3)c1nc(C#N)ncc1Br,-20.21,0
M2R-decoy_418,O=C1C=C[C@@H](O)[C@@H]2C1=CCCC21Oc2cccc3cccc(c23)O1,-20.2,0
M2R-decoy_8790,CCn1c(CCCc2ccc(OC(C)(C)C(=O)NS(=O)(=O)c3ccc(C(F)(F)F)cc3)cc2)nn(Cc2ccc(C(C)(C)C)cc2)c1=O,-20.2,0
M2R-decoy_9468,CCOc1ccc(N(CC)S(=O)(=O)N2CCCC(C(=O)NCCc3ccc(OC)cc3)C2)cc1,-20.2,0
M2R-decoy_3958,CCCOc1ccc(C[C@H](CC2CCCCC2)C(=O)[O-])cc1CNC(=O)c1ccc(C23CC4CC(CC(C4)C2)C3)cc1,-20.19,0
M2R-decoy_6922.2,CC[C@@H](C[NH+]1CCOC(C)(C)C1)N1C(=O)[C@@](C)(CC(=O)[O-])C[C@H](c2cccc(Cl)c2)[C@H]1c1ccc(Cl)cc1,-20.19,0
M2R-decoy_6965,O=C(Nc1ccc(c2csnn2)cc1)[C@@H]1[C@H](c2ccc(Cl)c(Cl)c2)OC2(C(=O)c3ccccc3C2=O)[C@@H]1C(=O)[O-],-20.19,0
M2R-decoy_9154,CN(CCOc1ccc(CC(Nc2ccccc2C(=O)C2CCCC2)C(=O)[O-])cc1)c1nc2ccccc2o1,-20.19,0
M2R-decoy_11487,CC1Cc2cc(S(=O)(=O)c3ccc4c(c3)OCCO4)ccc2N1S(=O)(=O)c1c(F)cccc1F,-20.18,0
M2R-decoy_6195,C=C[Si](C)(C)OCC1=C(C)C[C@H]([C@@H](C)[C@H]2CC[C@H]3[C@@H]4C[C@H]5O[C@]56[C@@H](O)C=CC(=O)[C@]6(C)[C@H]4CC[C@@]32C)OC1=O,-20.18,0
M2R-decoy_9621,CCCN(c1ccncc1)n1cccc1Cl,-20.18,0
M2R-decoy_7206,CCOC(=O)[C@H]1O[C@@H](O[C@H]2CC[C@@]3(C)[C@@H](CC[C@]4(C)[C@@H]3CC=C3[C@@H]5CC(C)(C)CC[C@]5(O)C(=O)C[C@]34C)C2(C)C)[C@H](O)[C@@H](O)[C@@H]1O,-20.17,0
M2R-decoy_7533,COC(=O)CC[C@@H](C)[C@H]1CC[C@H]2[C@H]3[C@H](C[C@H](OC(C)=O)[C@@]21C)[C@@]1(C)CCC2(C[C@H]1C[C@H]3OC(C)=O)OOC1(CCC(C)CC1)OO2,-20.17,0
M2R-decoy_10528,Cc1c(CBr)n2c(CBr)c(C)c(=O)n2c1=O,-20.16,0
M2R-decoy_4038,CCOP(=O)(OCC)C(Cn1cc(C(=O)C(=O)Nc2ccc3c(c2)OCCO3)c2ccccc21)P(=O)(OCC)OCC,-20.16,0
M2R-decoy_4479,CCCCCCS(=O)(=O)[C@H](C)[C@](O)(Cn1cncn1)c1ccc(F)cc1F,-20.16,0
M2R-decoy_10897,CC(=O)N1CCc2cc(Br)cc(S(=O)(=O)N3CCN(c4cc(C)ccc4C)CC3)c21,-20.15,0
M2R-decoy_4173,CCCCOP(=O)(OCCCC)C(N/C(SC)=C(/C#N)C(=O)OCCOCC)c1ccccc1,-20.15,0
M2R-decoy_3270,CCC(=C(c1ccc(OC(C)=O)cc1)c1ccc(OC(C)=O)cc1)c1ccc(OC(C)=O)cc1,-20.15,0
M2R-decoy_6197,CC(=O)OCC(=O)[C@@]1(OC(=O)c2ccco2)C(C)CC2C3C[C@H](F)C4=CC(=O)C=CC4(C)[C@@]3(Cl)C(Cl)CC21C,-20.15,0
M2R-decoy_779,O=C1CCC23CC(C=CC=C12)n1c(=O)n(c2ccccc2)c(=O)n13,-20.15,0
M2R-decoy_9205,CCCC(C)C(=O)c1c(O)cc(O)c(C/C=C(\C)CCC=C(C)C)c1O,-20.14,0
M2R-decoy_931,Cc1ccc(S(=O)(=O)N2CC3=C(C2)C2CC2(C)C3)cc1,-20.14,0
M2R-decoy_1869,C=CC(=C)CC[C@@]1(C)[C@@H](C)C[C@@H](OC)[C@]23C(=C[C@@H](OC(=O)CC(C)C)C[C@H]12)[C@H](OC(C)=O)O[C@@H]3OC(C)=O,-20.13,0
M2R-decoy_1760,C=CCN(CC=C)C(=O)c1ccc2oc3ccc(C(=O)N(CC=C)CC=C)cc3c(=O)c2c1,-20.13,0
M2R-decoy_7305,CCCc1cc(=S)oc2c3c(ccc12)OC(C)(C)[C@H](OC(=O)C12CCC(C)(C(=O)O1)C2(C)C)[C@@H]3OC(=O)C12CCC(C)(C(=O)O1)C2(C)C,-20.13,0
M2R-decoy_2300,C=CC[C@H]1[C@H](O[Si](C)(C)C(C)(C)C)C=CC(=O)[C@@H]1CC(=O)OCC,-20.12,0
M2R-decoy_788,N#CC1(c2ccc(Cl)cc2)SCC(O)CS1,-20.12,0
M2R-decoy_9810,COc1cc(C(F)(F)F)cc(c2c(C)nn(c3nc(c4ccc(Cl)c(Cl)c4)c(SC(C)C)s3)c2C(=O)[O-])c1,-20.12,0
M2R-decoy_11451,Cc1cccc(N2CCN(S(=O)(=O)c3c(C(=O)N4CCC(C)CC4)c(C)n(C)c3C)CC2)c1C,-20.11,0
M2R-decoy_6412,C[C@H]1CN([C@H](C)CO)S(=O)(=O)c2ccc(c3ccc(C(=O)N(C)C)cc3)cc2O[C@H]1CN(C)C(=O)C1CCC1,-20.11,0
M2R-decoy_10736,COc1cc(O)c2c(c1)/C=C/C[C@H](O)[C@H](O)C(=O)/C=C\[C@H]1CCC[C@H]1OC2=O,-20.1,0
M2R-decoy_1223,CC1=CC[C@@H]2[C@@H](O[C@H](c3cccc(F)c3)OC2(C)C)[C@@H]1O,-20.1,0
M2R-decoy_2796,C=C(c1ccc(OCCOc2ccc(C(=C)C3COC4(CCCCC4)OO3)cc2)cc1)C1COC2(CCCCC2)OO1,-20.1,0
M2R-decoy_889,CC(C)C1C(=O)NC(=S)N1S(=O)(=O)c1ccc(C(C)(C)C)cc1,-20.09,0
M2R-decoy_11253,C[C@@H]1Cn2c(nnc2c2cnccn2)C(=O)N1Cc1cccc(C(F)(F)F)c1Cl,-20.08,0
M2R-decoy_732,Nc1ccc(S(=O)(=O)N2CCN(S(=O)(=O)c3c(F)cccc3F)CC2)cc1,-20.08,0
M2R-decoy_107,CC(C)C[C@H](NC(=O)c1cc(C(C)C)on1)C(=O)N[C@@H](Cc1ccccc1)C(=O)N[C@@H](CC(C)C)C(=O)[C@@]1(C)CO1,-20.07,0
M2R-decoy_5314,CCOc1c2c(c(OCC)c3ccccc13)C(=O)N(c1ccc(CS(=O)(=O)NC(=O)CCc3ccsc3)cc1)C2,-20.07,0
M2R-decoy_7829,CC(=O)OC[C@@]12C[C@H]3C(=O)C(C)(C)[C@H](O)[C@H]3[C@]1(C)[C@@H](OC(C)=O)[C@@]1(O)[C@H](OC(C)=O)[C@H](C)[C@H](OCc3ccccc3)[C@@H]1[C@H]2OC(C)=O,-20.07,0
M2R-decoy_7871,C=C1[C@@H]([C@@]2(C)C=CC(=O)C(C)(C)[C@@H]2CC(=O)OC)[C@@H](OC(C)=O)[C@H](OC(C)=O)[C@@]2(C)[C@H](C3=CC(O)OC3=O)C[C@H]3O[C@]132,-20.07,0
M2R-decoy_9619,COP(=O)(CCCCCN=C=S)OC,-20.07,0
M2R-decoy_2930,CCN(C1CCCC1)S(=O)(=O)c1cc(c2c(C)noc2C)ccc1OC,-20.06,0
M2R-decoy_1415.1,Nc1nc(O)c(I)c(c2ccc(Cl)cc2)n1,-20.06,0
M2R-decoy_3907,CCCOc1ccc(c2ccc3sc(C(=O)NC(Cc4ccc(OCc5ccc(F)cc5)cc4)C(=O)[O-])cc3c2)cc1,-20.06,0
M2R-decoy_5144,CC(C)Oc1ccc(S(=O)(=O)N2CCC[C@H]2C(=O)N2CC[C@H]3[C@H]2[C@H](C)C(=O)N3C(=O)C2CC2)cc1,-20.06,0
M2R-decoy_798,COC(=O)C#CCC1CCCC1C1SCCS1,-20.06,0
M2R-decoy_11406,CCC(=O)N1CCc2cc(Br)cc(S(=O)(=O)N3CCCCCC3)c21,-20.04,0
M2R-decoy_10275,O=c1n2n(c(=S)n1c1ccc(Br)cc1)CCCCC2,-20.04,0
M2R-decoy_7178,COc1cc(S(=O)(=O)Nc2nc(c3ccc(N4C(=O)C(CC(=O)[O-])SC4c4cccs4)cc3)cs2)ccc1Cl,-20.04,0
M2R-decoy_7515,CC1(C)Oc2ccc3ccc(=S)oc3c2[C@@H](OC(=O)C23CCC(C)(C(=O)O2)C3(C)C)[C@H]1OC(=O)C12CCC(C)(C(=O)O1)C2(C)C,-20.04,0
M2R-decoy_8506,CCc1csc([C@H](Cc2ccc(NS(=O)(=O)[O-])cc2)NC(=O)CCc2cccc(OC)c2)n1,-20.04,0
M2R-decoy_10314,Brc1ccc2c(c1)OCCOCCOCCOCCOCCO2,-20.03,0
M2R-decoy_3178,CCCN(CC1CC1)C(=O)c1c(CC)nc2n1CCN2c1c(C)cc(Cl)cc1Cl,-20.03,0
M2R-decoy_5270,CN(C(=O)Cc1cc2c(cc1S(=O)(=O)N(C)Cc1ccccc1)OCO2)[C@H](C[NH+]1CCCC1)c1ccccc1,-20.03,0
M2R-decoy_6169,CN(C)c1ccc(c2nc(Sc3csc(Nc4ccc(S(N)(=O)=O)cc4)n3)[nH]c(=O)c2C#N)cc1,-20.03,0
M2R-decoy_6736,CS(=O)(=O)CC[C@@H]1OCC[C@@]2(S(=O)(=O)c3ccc(C#N)c(C#N)c3)c3c(F)ccc(F)c3OC[C@@H]12,-20.03,0
M2R-decoy_10379,O=C1C2C3CC(C(Br)C3Br)C2C(=O)N1c1nccs1,-20.02,0
M2R-decoy_10694,CC1=C(C)C[S+]([O-])N(S(=O)(=O)c2ccc(Cl)cc2)C1,-20.02,0
M2R-decoy_10204,NC(=S)N/N=C1\CCS(=O)(=O)c2c(Br)cc(F)cc21,-20.02,0
M2R-decoy_6249,COC(=O)[C@H](C)CC(=O)C[C@@H](C)[C@H]1C[C@H](O)[C@@]2(C)C3=C(C(=O)C[C@]12C)[C@@]1(C)CC[C@H](O)C(C)(C)[C@@H]1C[C@@H]3O,-20.02,0
M2R-decoy_7802,C=C1[C@@H](OC(=O)CCc2cccnc2)C[C@H](OC(C)=O)[C@]2(C)[C@@H]1C[C@@H]1C[C@H](OC(C)=O)C(C)=C([C@@H](OC(C)=O)[C@@H]2OC(C)=O)C1(C)C,-20.02,0
M2R-decoy_10377,CCc1ccc(S2=NS(=O)(=O)c3cc(S(C)(=O)=O)ccc32)cc1,-20.01,0
M2R-decoy_10714,O=S1(=O)CCC2(CCN(S(=O)(=O)c3ccc4c(c3)OCO4)CC2)C1,-20.01,0
M2R-decoy_3237,CCCN(CCC)c1c(C)nc(c2c(OC)cc(Cl)cc2OC)nc1OC,-20.01,0
M2R-decoy_6879,COc1cc(C#CC(F)(F)F)c(F)cc1n1c(=O)ccc2cc(S(=O)(=O)Nc3ccon3)ccc21,-20.01,0
M2R-decoy_6888,CC(C)n1cnc2c(NCc3ccc(c4cccc(C(=O)[O-])c4)cc3)nc(N[C@H]3CC[C@H]([NH3+])CC3)nc21,-20.01,0
M2R-decoy_7329,C[C@@H]1CC[C@H]2[C@@H](C)C(CC(=O)CC3OC4O[C@]5(C)CC[C@H]6[C@H](C)CC[C@@H]([C@H]3C)C46OO5)OC3O[C@]4(C)CCC1C32OO4,-20.01,0
M2R-decoy_8548.1,CNC(=O)[C@@H](NC(=O)C(CCc1ccccc1)CP(=O)(O)Cc1ccc(Cc2cccc(C)c2)cc1)C(C)(C)C,-20.01,0
M2R-decoy_925,Cc1nn(C)c2c(N3CCN(C(=O)C4CC4)CC3)ncnc12,-20.01,0
M2R-decoy_10622,CN1CCCC2(CCN(S(=O)(=O)c3c(Cl)nc4sccn34)C2)C1=O,-20.0,0
M2R-decoy_1096,O=C(CCC(=O)N1CCN(c2ccccn2)CC1)Nc1nnc(C(F)(F)F)s1,-20.0,0
M2R-decoy_2496,CCOc1ccc2sc(S(C)(=O)=O)nc2c1,-20.0,0
M2R-decoy_5634,CCCc1c(OCCCCOc2ccc(C3=NNN=N3)cc2)ccc2c1ccn2CCC,-20.0,0
M2R-decoy_8909,O=C([O-])c1ccc(OCCc2c(CCNS(=O)(=O)CCn3ccnn3)n(C(c3ccccc3)c3ccccc3)c3ccc(Cl)cc23)cc1,-20.0,0
M2R-decoy_9065,CCCCCCCCCCCCCCCC(=O)O[C@H]1c2cc(OC)c(OC)c(OC)c2-c2c(cc3c(c2OC)OCO3)C[C@H](C)[C@]1(C)O,-20.0,0
M2R-decoy_2463,CC(=O)C(Cc1ccccc1)OS(C)(=O)=O,-19.99,0
M2R-decoy_2782,CC(C)(C)c1ccc2c(c1)[C@H]1O[C@H](COCc3ccccc3)[C@@H](OCc3ccccc3)[C@H](OCc3ccccc3)[C@H]1CS2,-19.99,0
M2R-decoy_8380,CCCC[C@H](NC(=O)O[C@@H]1C(=O)N(C(=O)CCCc2ccccc2)CC1(C)C)C(=O)C(=O)N[C@H](C)c1ccccc1,-19.99,0
M2R-decoy_6791,CC(C)(CO)c1cc2cc(NC(=O)C3(c4ccc5c(c4)OC(F)(F)O5)CC3)c(F)cc2n1C[C@@H](O)CO,-19.99,0
M2R-decoy_6877,COC(=O)C(COC(C)(C)C)NC(=O)OC1C(=O)c2cc(OC)ccc2OC1c1cccc(OC)c1,-19.98,0
M2R-decoy_5836,Cc1cc(c2ccc(S(=O)(=O)Nc3cc(Cl)ccc3C)s2)on1,-19.97,0
M2R-decoy_7730,O=C([O-])[C@H](Cc1ccc2nc(c3c(Cl)cccc3Cl)oc2c1)NC(=O)[C@@H]1CCN1S(=O)(=O)c1cc(Cl)cc(Cl)c1,-19.97,0
M2R-decoy_8623,CCCc1cc(Cn2c(CC)nc3c(C)cc(C)nc32)cc(CCC)c1OC(C(=O)NS(=O)(=O)c1ccccc1)c1ccc2c(c1)OCO2,-19.97,0
M2R-decoy_8781,CCCCc1nn(c2cc(NC(C)=O)ccc2Cl)c(=O)n1Cc1ccc(c2cc(CCC)ccc2S(=O)(=O)NC(=O)OCC)cc1F,-19.97,0
M2R-decoy_5850,COc1c(C(=O)/C=C/c2ccc(C)o2)c(O)c(Br)c2occc12,-19.96,0
M2R-decoy_5987,CCOC(=O)/C(C)=C\c1csc([C@H](Cc2ccc(OCc3ccccc3)cc2)NC(=O)C2CCCCC2)n1,-19.96,0
M2R-decoy_7898,O=C([O-])c1ccc(N(Cc2ccc(C3CCCCC3)cn2)C(=O)[C@H]2CCN2S(=O)(=O)c2c(F)c(F)c(F)c(F)c2F)cc1O,-19.96,0
M2R-decoy_9640,CCC(OCCCOC)OC(C)=O,-19.96,0
M2R-decoy_9745,COC(=O)C(C)NC(=O)[C@]12CCC(C)(C)C[C@H]1[C@H]1C(=O)C=C3[C@@](C)(CC[C@H]4C(C)(C)C(=O)C(C#N)=C[C@]34C)[C@]1(C)CC2,-19.96,0
M2R-decoy_10738,CS(=O)(=O)N1CCSC1c1ccc(Br)cc1,-19.95,0
M2R-decoy_9188,CN(CCOc1ccc(CC(Nc2ccsc2C(=O)c2ccccc2)C(=O)[O-])cc1)c1nc2ccccc2o1,-19.95,0
M2R-decoy_9630,CCC[Si](OC)(OC)OC,-19.95,0
M2R-decoy_3076,CCCC(=O)N(c1ccc2oc(C)c(C(C)=O)c2c1)S(=O)(=O)c1ccc(CC)cc1,-19.94,0
M2R-decoy_4537,CC(C)C[C@@H](/C=C/S(C)(=O)=O)NC(=O)[C@H](C)NC(=O)[C@H](CCC(=O)OC(C)(C)C)NC(=O)OCc1ccccc1,-19.94,0
M2R-decoy_554,Cc1nn(C)c(C)c1S(=O)(=O)N1CC[C@@H]2O[C@@H](C)C[C@H]2C1,-19.94,0
M2R-decoy_7316,Cc1cc(=S)oc2c3c(ccc12)OC(C)(C)[C@H](OC(=O)C12CCC(C)(C(=O)O1)C2(C)C)[C@@H]3OC(=O)C12CCC(C)(C(=O)O1)C2(C)C,-19.93,0
M2R-decoy_330,CC1=CC=CC2(C)CN(C)N(C(=O)N(C)c3ccccc3)N=C12,-19.92,0
M2R-decoy_6933,CCOC(=O)C1=C(C)NC(C)=C(C(=O)OCC)C1C(=O)OCC(=O)Nc1c(Br)cc(C)cc1Br,-19.92,0
M2R-decoy_7441,COC(=O)CCC(C)C1CCC2C3CCC4CC5CCC4(C)C3(O5)C(Br)C(Br)C12C,-19.92,0
M2R-decoy_10493.1,Cc1noc(NS(=O)(=O)c2cccc(Br)c2)c1Br,-19.91,0
M2R-decoy_1896,CC(C)(C)[C@H](NC(=O)[C@H](CC1CCCC1)CN(O)C=O)C(=O)N1CCC([NH2+]Cc2ccco2)CC1,-19.91,0
M2R-decoy_1904,CCOc1ccc(n2c(SCC(=O)NC3CCS(=O)(=O)C3)nnc2c2cccnc2)cc1,-19.91,0
M2R-decoy_1503.1,CC(=O)Nc1ccc(SC(=S)NCCCC[S+](C)[O-])cc1,-19.91,0
M2R-decoy_6332,COCCN(C)C(=O)CN1C(=O)N(c2cccc(C(F)(F)F)c2)C2=C(C(=O)CC2)C1c1ccc(C#N)cc1S(C)(=O)=O,-19.9,0
M2R-decoy_6605,CCC1=C(C)C(=O)O[C@@H]([C@](C)(O)[C@H]2CC[C@@]3(O)C4=CC(=O)[C@@H]5C[C@@H](O)[C@@H](O)C[C@]5(C)[C@H]4CC(=O)[C@]23C)C1,-19.9,0
M2R-decoy_6185,COC(=O)C1CCCN1C(=O)[C@]12CC[C@@H](C)[C@H](C)[C@H]1C1=CC[C@@H]3[C@@]4(C)C[C@@H](O)[C@H](O)[C@@](C)(CO)[C@@H]4CC[C@@]3(C)[C@]1(C)CC2,-19.89,0
M2R-decoy_2379,COCCN(CCC#N)S(=O)(=O)c1cc(F)ccc1F,-19.88,0
M2R-decoy_7299,COC(=O)C(C)NC(=O)[C@]12CC[C@@H](C)[C@H](C)[C@H]1C1=CC[C@@H]3[C@@]4(C)C[C@@H](OC(C)=O)[C@H](OC(C)=O)[C@@](C)(COC(C)=O)[C@@H]4CC[C@@]3(C)[C@]1(C)CC2,-19.88,0
M2R-decoy_8162,CC(C)(C)NC(=O)Nc1nc(Cl)c(Cc2ccccc2)n(C(C(=O)Nc2ccccc2C(=O)NS(=O)(=O)c2ccc(C(F)(F)F)cc2)c2ccccc2)c1=O,-19.88,0
M2R-decoy_10190,Cc1csc(N2CCCN(C(=O)c3cnns3)CC2)n1,-19.87,0
M2R-decoy_2525,COc1cc([C@@H]2c3cc4c(cc3[C@@H](OCC/C(=[NH+]\S(C)(=O)=O)N3CCCCC3)[C@H]3COC(=O)[C@H]23)OCO4)cc(OC)c1OC,-19.87,0
M2R-decoy_2529,COc1cc(COc2c(C)cccc2c2csc(N3CC[C@@H](C(=O)[O-])[C@@H](OC)C3)n2)cc2c1C[NH+](C1COC1)CC2,-19.87,0
M2R-decoy_6919,CC(=O)O[C@@H]1O[C@H](OC(C)=O)C2=C[C@H](OC(=O)CC(C)C)C[C@@H]3[C@@]21[C@@H](O)C[C@@H](C)[C@@]3(C)C/C=C(\C)C=O,-19.87,0
M2R-decoy_9706,Cc1nonc1CC(=O)N(C)CC1CCCCO1,-19.87,0
M2R-decoy_1251,CNc1nn2cc3c(nc2c1S(=O)(=O)c1ccccc1)CCCC3,-19.86,0
M2R-decoy_4238,CC(C)(C)OC(=O)Nc1cccn([C@@H](CC2CC2)C(=O)N[C@@H](C[C@@H]2CCCC2=O)C(=O)C(=O)NCc2ccccc2)c1=O,-19.86,0
M2R-decoy_5339,CCC(CC)(Cc1nc2ccc(OCc3ccc(C)cn3)cc2n1Cc1ccc(OC(F)(F)F)cc1C)C(=O)[O-],-19.86,0
M2R-decoy_5695,CC(C)CSC[C@@H](O)[C@@H](CC(C)C)NC(=O)[C@H](C)NC(=O)[C@H](Cc1ccccc1)NC(=O)OC(C)(C)C,-19.86,0
M2R-decoy_10681,CC(C)(C)n1ncc2c(=O)n(CC(=O)N3CCCCC3)cnc21,-19.85,0
M2R-decoy_6069,O=S(=O)(Nc1ccc(OC(F)(F)F)cc1)c1ccc(S(=O)(=O)c2ncc(C(F)(F)F)cc2Cl)s1,-19.85,0
M2R-decoy_6798,C=C[C@@]1(C)CC(=O)[C@@]2(O)[C@](C)(O1)[C@@H](OC(C)=O)[C@@H](OC(=O)NCCC(C)(C)C)[C@H]1C(C)(C)CC[C@H](O)[C@@]12C,-19.85,0
M2R-decoy_9497,CNc1ccc(S(=O)(=O)[C@@H](CC(C)C)C[C@@H](O)[C@H](Cc2cccc(Br)c2)NC(=O)COc2c(C)cccc2C)cc1,-19.85,0
M2R-decoy_9794,CC(=O)N1CCN(C(=O)N2CC[C@](c3ccc(C(OCC(F)(F)F)(C(F)(F)F)C(F)(F)F)cc3)(S(=O)(=O)c3ccc(F)cc3)C2)CC1,-19.85,0
M2R-decoy_10580,O=S(=O)(c1ccccc1Br)N1CCC2(CC1)OCCS2,-19.84,0
M2R-decoy_1260,COc1cc(O)c2c(c1)/C=C/C[C@H](O)[C@H](O)/C=C\[C@H](C)[C@H](C)OC2=O,-19.84,0
M2R-decoy_10966,CC[C@H]1CN(CCOC)C(=O)[C@@H]2CCC[C@H]1N2S(=O)(=O)c1cc(Cl)cc(Cl)c1,-19.83,0
M2R-decoy_11185,CC(C)c1ccc(S(=O)(=O)c2nnn3c2nc(N2CCOCC2)c2sccc23)cc1,-19.83,0
M2R-decoy_1766,CC(=O)OCCO[C@@H]1C[C@H]2[C@@H]3CC=C4C[C@@H](OC(C)=O)CC[C@]4(C)[C@H]3CC[C@]2(C)[C@H]1C(C)=O,-19.83,0
M2R-decoy_3664,COCC1CCN(S(=O)(=O)c2ccc(C(=O)NCC(F)F)cc2)C1,-19.83,0
M2R-decoy_10985,CCN(c1cccc(C)c1)S(=O)(=O)c1cc(Br)cc2c1N(C(C)=O)C(C)C2,-19.82,0
M2R-decoy_1339,CC(=O)O[C@H]1C(=O)C=C2C=C3OC(=O)C(C)=C3C[C@]2(C)[C@H]1C,-19.82,0
M2R-decoy_406,O=S1(=O)NC(Cc2ccccc2)COc2cccc(F)c21,-19.82,0
M2R-decoy_4879,CCOP(=O)([O-])Cn1cnc(c2cccc(c3cccc(C(=O)Nc4ncnc5ncn(COCc6ccccc6)c45)c3)c2)c1,-19.82,0
M2R-decoy_6411,CC(C)(C)OC(=O)N[C@@H](C(=O)N1CCC[C@H]1C(=O)NCc1ccc(N)nc1)C(c1ccccc1)c1ccccc1,-19.82,0
M2R-decoy_9578,CCN1C(=S)SC(=O)C1=C1C=C(C)N(CCO)C(C)=C1,-19.82,0
M2R-decoy_117,CCOP(=O)(OCC)[C@H](Cc1ccc(O)cc1)NC(=O)[C@H](Cc1ccc(O)cc1)NC(=O)[C@@H](NC(C)=O)[C@H](C)CC,-19.81,0
M2R-decoy_8257,O=C(NCCCCC(SCC1CCCN1C(=O)OCc1ccccc1)C(=O)[O-])OCc1ccccc1,-19.81,0
M2R-decoy_6024,CC(=O)OCC1=C(C)C[C@H]([C@@H](C)[C@H]2CC[C@H]3[C@@H]4C[C@H]5O[C@]56[C@@H](OC(C)=O)C=CC(=O)[C@]6(CO)[C@H]4CC[C@@]32C)OC1=O,-19.8,0
M2R-decoy_9757,C=C1[C@H](OC(C)=O)C[C@H]2[C@@H](/C=C(\C)C(=O)[C@@]3(OC(C)=O)C[C@H](C)[C@H](OC(=O)c4ccccc4)[C@@H]3[C@H]1O)C2(C)C,-19.8,0
M2R-decoy_5823,C/C=C(\C)C(O[C@@H]1O[C@H](CO)[C@@H](O)[C@H](O)[C@H]1O)C(C)/C=C(C)/C=C/CC(C)/C=C/c1oc(OC)c(CC)c(=O)c1C,-19.79,0
M2R-decoy_6244,CCC(=O)OCC(=O)[C@@]1(OC(=O)CC)[C@@H](C)C[C@H]2C3CCC4=CC(=O)C=C[C@]4(C)[C@@]3(F)[C@@H](O)[C@@H](O)[C@@]21C,-19.78,0
M2R-decoy_7804,CC[C@H](C)C(=O)O[C@@H]1[C@H]2[C@@H](OC(=O)C(C)C)C(C)(C)[C@H](CC(=O)OC)[C@@]3(C)[C@H]4CC[C@@]5(C)[C@H](c6ccoc6)OC(=O)C[C@H]5[C@@]14O[C@@]23O,-19.78,0
M2R-decoy_1582,CC(N/C(=C\[N+](=O)[O-])Nc1cccnc1)C(C)(C)C,-19.77,0
M2R-decoy_7885,CC(=O)O[C@H]1CC(=O)OC(C)(C)[C@@H]2C[C@@H](O)[C@]3(C)[C@H]([C@@H](O)[C@H](OC(=O)c4cccnc4)[C@@]4(C)[C@H](c5ccoc5)C[C@H]5O[C@@]534)[C@@]12C,-19.77,0
M2R-decoy_10484,Cc1nc2ccccn2c1P(=O)(N1CCCCC1)N1CCCCC1,-19.76,0
M2R-decoy_1949.1,CC(=O)N1CCCC1C(=O)N[C@@H](C)P(=O)(O)CC(CCc1ccccc1)C(=O)N[C@@H](CC(C)C)C(=O)Nc1ccccc1,-19.76,0
M2R-decoy_644,CC(O)(C#Cc1cc2c(cc1F)OCCn1cc(C(N)=O)nc1-2)c1cccnn1,-19.76,0
M2R-decoy_503,O=C1NC(=S)S/C1=C\c1csc(c2cccnc2)n1,-19.76,0
M2R-decoy_11160,O=c1n(S(=O)(=O)c2ccc(F)cc2)ccn1S(=O)(=O)c1ccc(F)cc1,-19.75,0
M2R-decoy_3240,C=C1CCC[C@@H]2[C@@](C)(CC(OC(C)=O)/C(=C/COC(C)=O)COC(C)=O)[C@H](C)CC[C@@]12C,-19.75,0
M2R-decoy_5735,Nc1ccc([C@H](NS(=O)(=O)c2cnccc2N[C@H](CO)Cc2ccccc2)C(=O)N2CCC(CCF)CC2)cc1,-19.75,0
M2R-decoy_6282,CCNC(=O)Cc1ccc2c(c1)C(C)(C)C1C3C=C4C5=[N+](CCC4OC3CCN21)c1ccc(S(=O)(=O)[O-])cc1C5(C)C,-19.75,0
M2R-decoy_1912,Cc1ccc([C@@H](C)OC[C@H](O)C[NH2+]C(C)(C)Cc2ccc3ccccc3c2)c2c1O[C@@H]1[C@H]2[C@H]1C(=O)[O-],-19.74,0
M2R-decoy_4598,CCN(CC)c1ncc(N(C(C)C)S(=O)(=O)c2ccc(F)c(F)c2)c(N[C@@H](Cc2ccc(OC(=O)N(C)C)cc2)C(=O)[O-])n1,-19.74,0
M2R-decoy_7823,CCc1oc2c3c(ccc2c(=O)c1C#N)OC(C)(C)[C@H](OC(=O)[C@@]12CC[C@@](C)(C(=O)O1)C2(C)C)[C@@H]3OC(=O)[C@@]12CC[C@@](C)(C(=O)O1)C2(C)C,-19.74,0
M2R-decoy_2126,CN(O)C(=O)CCCP(=O)(OCc1ccc(OC(=O)C(C)(C)C)cc1)OCc1ccc(OC(=O)C(C)(C)C)cc1,-19.73,0
M2R-decoy_10269,O=c1/c(=C\c2ccccc2Cl)sc2nc3ccccc3n12,-19.72,0
M2R-decoy_2557,CN/C(S)=[NH+]/S(=O)(=O)c1cc(CCNC(=O)c2cc(Cl)ccc2OC)ccc1OC(F)(F)F,-19.72,0
M2R-decoy_11257,C=CCn1c(=O)/c(=C/c2ccc(F)cc2)s/c1=C(\C#N)c1nnc2n1CCCCC2,-19.71,0
M2R-decoy_2819,CCOP(=S)(OCC)SC1OCCOC1SP(=S)(OCC)OCC,-19.71,0
M2R-decoy_6914,Cc1nn(C2CCS(=O)(=O)C2)c(Cl)c1/C=C/C(=O)OCC(=O)Nc1ccccc1OC(F)F,-19.71,0
M2R-decoy_11157,CC1(C)OC(=O)C(Oc2ncnc3ccccc23)=C1c1ccc(S(C)(=O)=O)cc1,-19.7,0
M2R-decoy_3771,CCCC[C@H](NC(=O)O[C@H](Cn1ccc(c2cccnc2)n1)C(C)(C)C)C(=O)CNS(=O)(=O)c1ccccn1,-19.7,0
M2R-decoy_605.1,Cc1ccccc1/C=c1\[nH]c(=O)/c(=C/c2nc[nH]c2C(C)(C)C)[nH]c1=O,-19.7,0
M2R-decoy_7315,CC(C)c1cc2c(cc1Br)[C@@]1(C)CCC[C@@](C)(C(=O)[O-])[C@@H]1C/C2=N\OCCNS(=O)(=O)c1cccc(Br)c1,-19.7,0
M2R-decoy_10503,CN1C(=O)[C@H]2CC[C@@H]1CN(S(=O)(=O)c1ccc(Cl)cc1Cl)C2,-19.69,0
M2R-decoy_4845,COc1ccccc1Oc1c(NS(=O)(=O)c2ccc(C(C)C)cn2)nc(c2ncccn2)nc1OCC#CCO,-19.69,0
M2R-decoy_9470,CN(CCOc1ccc(CC(OCc2ccccc2)C(=O)[O-])cc1)c1nc2ccccc2o1,-19.69,0
M2R-decoy_7141,COc1ccc2c(c1)C(=O)[C@H](OC(=O)NS(=O)(=O)c1ccc(F)cc1)[C@@H](c1ccc(OC)c(Br)c1)O2,-19.68,0
M2R-decoy_7445,CC(=O)O[C@@H]1[C@H](O)[C@H]2C(C)(C)[C@H](OC(C)=O)C[C@H](OC(C)=O)[C@]2(C)[C@H]2CC[C@]3(C)C(=CC[C@H]3c3ccoc3)[C@]12C,-19.68,0
M2R-decoy_8390,CCCn1cc(Cc2ccc(C(=O)NS(=O)(=O)c3ccccc3C)cc2OC)c2cc(C(=O)NCC(CC)CC)ccc21,-19.68,0
M2R-decoy_137,Brc1cncnc1c1cccs1,-19.67,0
M2R-decoy_5234,C=C1CC[C@H]2[C@@](C)(CC[C@@H](OC(C)=O)[C@@]2(C)COC(C)=O)[C@@H]1C/C=C1/C(=O)OC[C@H]1OC(=O)CNC(C)=O,-19.67,0
M2R-decoy_9477,COC(=O)CCC/C=C\C[C@H]1[C@@H](O)C[C@@H](O)[C@@H]1/C=C/C1(COc2ccc(F)cc2)OCCO1,-19.67,0
M2R-decoy_11255,C=CCn1c(=O)/c(=C/c2ccc(Cl)cc2)s/c1=C(\C#N)c1nnc2n1CCCCC2,-19.66,0
M2R-decoy_5481.1,COc1cc(/C=C/c2nnc(NC(=O)c3cc(OC)c(OC)c(OC)c3Br)s2)c(Br)c(OC)c1OC,-19.66,0
M2R-decoy_8564,CC(C)CN([C@@H](CCCC[NH2+]C(=O)OCC1c2ccccc2-c2ccccc21)C(=O)[O-])S(=O)(=O)c1ccccc1,-19.66,0
M2R-decoy_9441,CCCCCS(=O)(=O)NC(=O)c1cc(OCCCC)nn1Cc1ccc(Cl)cc1Cl,-19.66,0
M2R-decoy_1225,O=C1C[C@@H](O)[C@@H](O)[C@@H]2C1=CCCC21Oc2cccc3cccc(c23)O1,-19.65,0
M2R-decoy_3525,C=CCCCC[C@H](NC(=O)[C@@H]1[C@H]2[C@@H](CN1C(=O)[C@H](CCCCC=C)NC(=O)OC(C)(C)C)C2(C)C)C(=O)C(N)=O,-19.64,0
M2R-decoy_7405,O=S1(=O)CC[C@@H]2[C@@H](CC[C@@]3(S(=O)(=O)c4ccc(C(F)(F)F)cc4)c4c(F)ccc(F)c4OC[C@@H]23)N1,-19.64,0
M2R-decoy_1436,CC(C)CCc1cc(OCC(C)C)nc(OCC(C)C)n1,-19.63,0
M2R-decoy_11175,O=S(=O)(c1ccc2c(c1)OCO2)N1CCN(S(=O)(=O)c2c(F)cccc2F)CC1,-19.62,0
M2R-decoy_10244,CC1(C)CN(N2CCCC2=O)c2cc(Br)ccc2S1(=O)=O,-19.61,0
M2R-decoy_1915,Cc1ccc(S(=O)(=O)NC(CS(=O)(=O)c2ccc(Oc3ccccc3)cc2)C(=O)NO)cc1,-19.61,0
M2R-decoy_10875,O=C1CSC(=S)N1c1ccc(S(=O)(=O)c2ccc(N3C(=O)CSC3=S)cc2)cc1,-19.6,0
M2R-decoy_3700,CCCCCCS(=O)(=O)NC(=O)CCc1cc(OC(C)C)nn1Cc1ccc(Cl)cc1Cl,-19.6,0
M2R-decoy_6562,C=C1[C@@H](O)C[C@H](OC(C)=O)[C@@]2(C)[C@@H](OC(C)=O)[C@H](OC(C)=O)C3=C(C)[C@@H](OC(C)=O)C[C@@H]([C@@H](OC(C)=O)[C@H]12)C3(C)C,-19.6,0
M2R-decoy_9805,CC[C@H]1CCC2(CC1)OO[C@@]1(CC[C@]3(C)[C@H]4CC[C@@]5(C)[C@@H](CC[C@@H]5[C@H](C)CCC(=O)OC)[C@@H]4[C@H](OC(C)=O)C[C@@H]3C1)OO2,-19.6,0
M2R-decoy_4791,O=C([O-])c1cccc(Oc2cnc(NC(=O)C(OC3CCOCC3)c3ccc(S(=O)(=O)C4CCCC4)cc3)s2)c1,-19.59,0
M2R-decoy_6365,CC(=O)O[C@@H]1[C@@]2(C)[C@@H]3CC(C)(C)C(=O)[C@]3(OC(C)=O)C[C@@]2(C)[C@H](OC(C)=O)[C@H]2[C@@H](OC(=O)c3ccccc3)[C@@H](C)C[C@@]21O,-19.59,0
M2R-decoy_1352.1,Nc1nc(O)c(Br)c(c2ccccc2O)n1,-19.58,0
M2R-decoy_3624,CCOc1ccc(CC(=O)C2C(=O)CC(C)(C)CC2=O)cc1OCC,-19.58,0
M2R-decoy_10731,COc1cc(O)c2c(c1)/C=C/C[C@H](O)[C@H](O)C(=O)/C(F)=C\C[C@H](C)OC2=O,-19.57,0
M2R-decoy_6938,CO[C@H]1CN(c2cccc(c3cccc(C)c3OCc3ccc4c(c3F)CC[NH+](C3CCOCC3)CC4)n2)CC[C@H]1C(=O)[O-],-19.57,0
M2R-decoy_10277,Cn1c(=S)s/c(=N\c2ccc(Br)cc2)n1C,-19.55,0
M2R-decoy_525,CN1C[C@@H](O)[C@]2(CCN(C(=O)OCc3ccccc3)C2)S1(=O)=O,-19.55,0
M2R-decoy_5744,CCOP(=O)(OCC)C(O)[C@H](CC1CCNC1=O)NC(=O)[C@H](CC(C)C)NC(=O)OCc1ccccc1,-19.55,0
M2R-decoy_6564,CC(=O)OCC1=C(C)C[C@H]([C@@H](C)[C@H]2[C@@H](OC(C)=O)C[C@H]3[C@@H]4C[C@H]5O[C@]56[C@@H](OC(C)=O)C=CC(=O)[C@]6(C)[C@H]4CC[C@@]32C)OC1=O,-19.55,0
M2R-decoy_3623,CCOCC1CN(S(=O)(=O)CC)Cc2cnn(CC3CC3)c21,-19.54,0
M2R-decoy_336,c1cc2nnc1SCCSCCCSCCS2,-19.54,0
M2R-decoy_9158,CCC(Oc1cccc(CN(CCCOc2ccc(F)cc2F)c2nc3ccccc3o2)c1)C(=O)[O-],-19.54,0
M2R-decoy_10998,COc1c(Br)c(Br)c(CC2CCCCC2=O)c(Br)c1OC,-19.53,0
M2R-decoy_7532,O=C1O/C(=C\c2ccc(O)c(Br)c2)C(c2ccc(O)c(Br)c2)=C1C(=O)c1cc(Br)c(O)c(Br)c1,-19.53,0
M2R-decoy_7242,Cc1ccc(C2=C(C(=O)NS(=O)(=O)C(C)(C)C)C(=O)N[C@@](c3ccc(OCCCC(F)(F)F)cc3)(C(F)(F)F)C2)cc1,-19.52,0
M2R-decoy_8222,CC1(C)CC[C@]2(C(=O)[O-])CC[C@]3(C)C(=CC[C@@H]4[C@@]5(C)CC[C@H](OC(=O)CCC(=O)NCCOc6no[n+]([O-])c6S(=O)(=O)c6ccccc6)C(C)(C)[C@@H]5CC[C@]43C)[C@@H]2C1,-19.52,0
M2R-decoy_8577,CCCOc1ccc(C[C@@H](Cc2ccccc2)C(=O)[O-])cc1CNC(=O)c1ccc(N2C3CC4CC(C3)CC2C4)cc1,-19.52,0
M2R-decoy_2185,CCCCCS(=O)(=O)NC(=O)CCc1cc(OCCOC)nn1Cc1ccc(Cl)cc1Cl,-19.51,0
M2R-decoy_6814,C=C(C)[C@H]1Cc2c(ccc3c2O[C@@H]2COc4cc(OC)c(OC)cc4[C@@H]2/C3=N\OC(=O)C2=CC(C)(C)N(O)C2(C)C)O1,-19.51,0
M2R-decoy_795,O=C1O[C@H]2C3C4CCC(C4[C@@H]2I)[C@H]13,-19.51,0
M2R-decoy_9537,CC(C)=CCC1(CO)CCCN(S(=O)(=O)N2CCCC2)C1,-19.51,0
M2R-decoy_2534,CCn1c(CNc2ccc(C(N)=[NH2+])cc2F)nc2cc(C(=O)N(CCC(=O)[O-])c3cc(C)ccc3C)ccc21,-19.5,0
M2R-decoy_2801,CCCCCCCCCCCCC[C@@H]1C[C@@H](OC(=O)[C@@]23CC[C@@](C)(C(=O)O2)C3(C)C)C[C@]2(CCC3(C=CC(=O)C=C3)O2)O1,-19.5,0
M2R-decoy_5559,CCCCC[C@@H](/C=C/[C@H]1[C@H](OC(C)=O)C[C@H](O)[C@@H]1CCCCCCC(=O)OC)OC(C)=O,-19.5,0
M2R-decoy_11243.1,CC(C)OP(=O)(c1ccccc1)c1ccc2c(c1)OCCOCCOCCOCCO2,-19.49,0
M2R-decoy_9754,C[C@@H]1C[C@H](C)[C@@H](O)CC(=O)O[C@H]([C@@H]2CCC[C@H]2C(=O)N2CCCCC2)C/C=C/C=C(/C#N)[C@H](O)[C@@H](C)C[C@H](C)C1,-19.49,0
M2R-decoy_4271,CC(C)CN(Cc1ccc(F)cc1)S(=O)(=O)N(C)c1ccc(OC2CCN(S(C)(=O)=O)CC2)cc1,-19.48,0
M2R-decoy_10475,O=C1C2CC=CCC2C(=O)N1SC(Cl)(Cl)C(Cl)Cl,-19.47,0
M2R-decoy_555,CSc1cc2c(cc1S(N)(=O)=O)S(=O)(=O)NCN2,-19.47,0
M2R-decoy_6881,CC(=O)O[C@H]1CC[C@](C)(O)C23OC(C)(C)C(C[C@H](OC(=O)c4ccco4)[C@]12C)[C@H]3OC(=O)c1ccco1,-19.47,0
M2R-decoy_7157,CNC(=O)c1c2cc(c3ccc4c(n3)-c3cc5c(F)cccc5n3CO4)c(N(CCF)S(C)(=O)=O)cc2oc1c1ccc(F)cc1,-19.47,0
M2R-decoy_7581,CC(=O)OCCCNC(=O)[C@]12CC[C@@H](C)[C@@](C)(O)[C@H]1C1=CC[C@@H]3[C@@]4(C)CC[C@H](OC(C)=O)[C@@](C)(COC(C)=O)[C@@H]4CC[C@@]3(C)[C@]1(C)CC2,-19.47,0
M2R-decoy_10662,O=S1(=O)NCC2(CCN(c3ncc(F)cn3)CC2)COc2ccccc21,-19.46,0
M2R-decoy_2230,CC(C)N(CCCCOCC(=O)NS(C)(=O)=O)c1cnc(c2ccccc2)c(c2ccccc2)n1,-19.46,0
M2R-decoy_8971,C/C(=C\CC/C(C)=C/CC[C@@H]1[C@@]2(C)CCC(=O)C(C)(C)[C@H]2CC[C@@]1(C)O)CC/C=C(\C)C(=O)OCc1cn(c2ccc(F)cc2)nn1,-19.46,0
M2R-decoy_1134,CC(C)(C)[Si](C)(C)O[C@@]12C#C/C=C\C#C[C@@H](O)C(=CCC1)C2=O,-19.45,0
M2R-decoy_1456,C=C/C(C)=C/C=C/C(C)C(/C=C/C(C)(C)OC(C)=O)OC(C)=O,-19.45,0
M2R-decoy_8096,COc1ccc2c(O[C@@H]3C[C@H]4C(=O)N[C@]5(C(=O)NS(=O)(=O)C6CC6)C[C@H]5/C=C\CCCCCC(=O)N4C3)cc(c3nc(C(C)C)cs3)nc2c1C,-19.45,0
M2R-decoy_3041,Cc1noc(C)c1S(=O)(=O)N(CC(=O)N1CCCCCC1)c1ccc(C(C)C)cc1,-19.44,0
M2R-decoy_6384,CC(C)(C)OC(=O)N1CCC(C(=O)N2CC3(C[C@H]2C(=O)NCCCCCC(=O)NO)SCCS3)CC1,-19.44,0
M2R-decoy_7925,CC(=O)O[C@@H]1C[C@H](O)[C@@]23CO[C@H](OC(=O)c4ccccc4Cl)[C@]1(C)[C@@H]2C[C@@H](O)[C@]1(C)[C@@H]3C(=O)[C@H](OC(C)=O)[C@@]2(C)[C@H](c3ccoc3)C[C@H]3O[C@@]312,-19.44,0
M2R-decoy_8493,COCCOC(=O)[NH+](C)C1CCC([C@@H](NS(=O)(=O)c2ccc(c3ccc(OC)cc3)cc2)C(=O)[O-])CC1,-19.44,0
M2R-decoy_9041,CC[C@@H](c1ccccc1)[NH+]1Cc2cc3c(cc2C[C@H]1C(=O)N[C@@H](Cc1ccc(c2ccnc(C)c2C)cc1)C(=O)[O-])OC[C@H](c1ccc(OC2CCCC2)cc1)O3,-19.44,0
M2R-decoy_4084,COC(=O)[C@H](Cc1ccc(N(CCCl)CCCl)cc1)NC(=O)CCC(=O)OCCn1c2c(c3ccccc31)CCN1C(=O)c3ccccc3N(C)C21,-19.43,0
M2R-decoy_4319,CCOC(=O)CNc1cc(CS(=O)(=O)/C=C/c2c(OC)cc(OC)cc2OC)cnc1OC,-19.43,0
M2R-decoy_6943,C[C@H](C/C=C/C(C)(C)O)[C@H]1CC[C@@]2(C)[C@@H]3C=C[C@@]45OC[C@]3(CC[C@]12C)[C@@H]4CC[C@H](O[C@@H]1O[C@H](CO)[C@@H](O)[C@@H](O)[C@H]1O)C5(C)C,-19.43,0
M2R-decoy_7806,CC(=O)O[C@H]1C[C@@](C)(O)[C@]23OC(C)(C)[C@H](C[C@H](OC(=O)c4ccco4)[C@]2(C)[C@H]1OC(=O)c1ccccc1)[C@H]3OC(=O)c1ccco1,-19.42,0
M2R-decoy_6859,CCNC(=S)NS(=O)(=O)c1cnn2c(Nc3ccc(F)cc3C)c(C(=O)N3CCC(c4ccccc4)CC3)cnc12,-19.41,0
M2R-decoy_6583,N#Cc1cc(S(=O)(=O)Nc2nncs2)ccc1Oc1ccc(Cl)cc1c1cc(N2CCOCC2)ncn1,-19.41,0
M2R-decoy_8181,COc1ccc2c(OCC[C@@H]3NC(=O)N(C)CCCC/C=C\[C@@H]4C[C@@]4(C(=O)NS(=O)(=O)C4(C)CC4)NC3=O)cc(c3nc(C(C)C)cs3)nc2c1Br,-19.41,0
M2R-decoy_11238,O=S(=O)(c1cc(F)ccc1F)N1CCC2(CC1)OCCN2S(=O)(=O)c1cccs1,-19.4,0
M2R-decoy_4212,COc1cccc(S(=O)(=O)N(CC2CC2)C[C@@H](O)[C@H](Cc2ccccc2)NC(=O)c2cccc(C)n2)c1,-19.4,0
M2R-decoy_5494,C[S+](C)CC(=O)CC[C@H](NC(=O)[C@H](Cc1ccccc1)NC(=O)OCC1c2ccccc2-c2ccccc21)C(=O)[O-],-19.4,0
M2R-decoy_10296,CCOC(=O)C1CCC2(CC1)OOC1(OO2)C2CC3CC(C2)CC1C3,-19.39,0
M2R-decoy_5606,CCCCCCCCCC/C=C/C=C/C(=O)CN(CC(=O)OC)S(=O)(=O)c1ccc(C)cc1,-19.39,0
M2R-decoy_5712,C=CCCCCCCCCC(=O)Oc1ccc2c(c1)C(=O)/C(=C/c1ccc(OC)c(OC)c1)O2,-19.39,0
M2R-decoy_6071,CC(C)Oc1cc(CCC(=O)NS(=O)(=O)Cc2ccccc2)n(Cc2ccc(Cl)cc2Cl)n1,-19.39,0
M2R-decoy_11290,COc1nc(C(Br)Br)c([N+](=O)[O-])c(N2CCCC2)n1,-19.38,0
M2R-decoy_3869,CCOP(=O)(OCC)C(Cc1cccc(OCC(=O)[O-])c1)c1nc(c2ccccc2)c(c2ccccc2)o1,-19.38,0
M2R-decoy_9684,Cc1nc(C2CCCN2C(=O)CCCn2cncn2)no1,-19.38,0
M2R-decoy_11347,Nc1ccn([C@@H]2O[C@H](CO)C(O)[C@@H]2OC2Sc3ccccc3S2)c(=O)n1,-19.37,0
M2R-decoy_6984,COC(=O)C1=C[C@@H](C(=O)OC)[C@@H]2C3=C(C(=O)[C@@]2(C)NC(=O)c2ccccc2)[C@H](c2ccccc2)[C@@H]2C(=O)NC(=O)[C@@H]2[C@@H]3C1,-19.37,0
M2R-decoy_7722,CCCNC(=O)CCC(C)C1CC[C@H]2[C@H]3[C@H](C[C@H](OC(C)=O)[C@]12C)[C@@]1(C)CCC2(C[C@H]1C[C@H]3OC(C)=O)OOC1(CCCCC1C)OO2,-19.36,0
M2R-decoy_4149,C=C(CBr)C(=O)N(Cc1ccc(OC)cc1OC)[C@@H](CC(C)C)C(=O)NCC(=O)OCC,-19.35,0
M2R-decoy_9797,C=C(C)[C@@H]1CC[C@]2(COC(=O)CC3(CC(=O)[O-])CCCC3)CC[C@]3(C)[C@H](CC[C@@H]4[C@@]5(C)CCC(=O)C(C)(C)[C@@H]5CC[C@]43C)[C@@H]12,-19.34,0
M2R-decoy_2380,CSCCSc1cccc(OS(C)(=O)=O)n1,-19.33,0
M2R-decoy_3207,CCN(CC)C(=O)Oc1ccc(C2(c3ccc(N(C)C(C)=O)cc3)CCCC2)cc1,-19.33,0
M2R-decoy_5190,COCCN(CCOC)c1nc(C)nc2c1ncn2c1c(Br)cc(OC)cc1OC,-19.33,0
M2R-decoy_6055,C=C1CN(S(=O)(=O)c2ccc(C)cc2)CCc2cc(CCC)cc(n2)CCN(S(=O)(=O)c2ccc(C)cc2)C1,-19.33,0
M2R-decoy_10513,Cc1c(C)c(C)c(S(=O)(=O)N2CCC3(CC2)OCCO3)c(C)c1C,-19.32,0
M2R-decoy_3280,CCCN(CC1CC1)c1cc(C(C)(C)c2c(OC)cc(OC)cc2OC)nc(C)n1,-19.32,0
M2R-decoy_5048,CCC(CC)C(=O)Nc1ccn([C@@H]2O[C@H](CO[P@@](=O)(N[C@@H](C)C(=O)OC(C)C)Oc3ccccc3)[C@@H](O)[C@@]2(C)F)c(=O)n1,-19.32,0
M2R-decoy_7034,O=C(COc1cccc2[nH]cc(S(=O)(=O)c3ccccn3)c12)NS(=O)(=O)c1cc(Cl)c(Cl)s1,-19.32,0
M2R-decoy_7288,C=CC[C@]1(C(=O)N2CC[C@](c3ccc(C(F)(C(F)(F)F)C(F)(F)F)cc3)(S(=O)(=O)c3ccc(F)cc3)C2)CC[C@H](C(=O)[O-])CC1,-19.32,0
M2R-decoy_8058.1,O=C1OC2(c3ccc(O)cc3Oc3cc(O)ccc32)c2cc(NC(=S)NCCOCc3cn(c4cccc(S(=O)(=O)Nc5ccccc5C(F)(F)F)c4)nn3)ccc21,-19.32,0
M2R-decoy_11369,CCOc1cc(Br)c(Br)c(C2[NH2+]C(C(=O)[O-])CS2)c1O,-19.31,0
M2R-decoy_10205.1,CC(C)(C)c1[nH]cnc1/C=c1\[nH]c(=O)/c(=C/c2cccc(Cl)c2)[nH]c1=O,-19.31,0
M2R-decoy_10282,COC12CCC[C@@H](C1)C(I)C(C)(C)OO2,-19.31,0
M2R-decoy_2294,C=CC[C@@](C(C)=O)(C(=O)OC)C(NC(=O)OC)c1ccccc1,-19.31,0
M2R-decoy_2764,CCCCOC(=O)NS(=O)(=O)c1ccc(CC)cc1c1ccc(Cn2c(CC)nc3c(C)cc(C)nc32)cc1,-19.31,0
M2R-decoy_9618,CCO/C=N\S(=O)(=O)c1ccc(C)cc1,-19.31,0
M2R-decoy_106,CCC(C)[C@@H](CN(N=O)[C@@H](Cc1ccccc1)CN(C)N=O)N(CCc1ccccc1)N=O,-19.3,0
M2R-decoy_10653,c1cnc2c(Oc3nc4ccsc4c4nnnn34)cccc2c1,-19.29,0
M2R-decoy_5923,COCO[C@@H]([C@H](CN=[N+]=[N-])c1ccc2c(c1)OCO2)[C@@H]1OC(C)(C)O[C@H]1CO[Si](C)(C)C(C)(C)C,-19.29,0
M2R-decoy_6586,Cc1ccc(S(=O)(=O)N2C[C@@H](C(=O)[O-])[C@H](SCc3ccc(C(C)(C)C)cc3)C[C@H]2c2ccc3c(c2)OCO3)cc1,-19.29,0
M2R-decoy_2649,CCCCS(=O)(=O)NC(=O)C(CC(C)C)NC(=O)[C@@H](Cc1ccc(c2ccno2)cc1)N(C)C(=O)c1cc(C)cc(C)c1,-19.28,0
M2R-decoy_496,CC(=O)OC1C2OC(CC(C)=CC2=O)C1(O)C=C(C)C,-19.28,0
M2R-decoy_10355,CC(C)CN1CCN(C(=O)c2cccc(C(F)(F)F)c2Cl)CC1=O,-19.27,0
M2R-decoy_2469,CC(C)c1cnc(CN2CCCS2(=O)=O)o1,-19.26,0
M2R-decoy_6918,CC#C[C@@H](CC(=O)[O-])c1ccc(OCc2ccc(C[NH+]3CCC4(CC3)CC(=O)c3ccccc3O4)cc2)cc1,-19.26,0
M2R-decoy_8881,CCN(CC)C(=O)CC[C@H]1NC(=O)c2cc(Oc3cccc(N(C)C)c3)c(NC(=O)COCc3ccccc3)cc2NC1=O,-19.26,0
M2R-decoy_9341,CCCCCCCCCCCCCCCCC/C=C1\CC(CO)(COC(C)=O)OC1=O,-19.26,0
M2R-decoy_11158,Cc1cc(C)c([S@@](=O)O[C@H]2[C@@H]([C@H]3COC(C)(C)O3)O[C@@H]3OC(C)(C)O[C@H]23)c(C)c1,-19.25,0
M2R-decoy_2147,COc1cc(/C=C/C(=O)c2ccc(OCCCn3cc(CSC4=NCCS4)nn3)cc2)cc(OC)c1OC,-19.25,0
M2R-decoy_5277.1,CCOc1cc(C(Nc2ccc3cnccc3c2)C(=O)NS(=O)(=O)c2ccc(S(C)(=O)=O)cc2)ccc1OC(C)C,-19.25,0
M2R-decoy_5066,Cc1ccc(CS(=O)(=O)C[C@@H](NS(C)(=O)=O)C(=O)N[C@@H](Cc2ccccc2)[C@H](O)C(=O)N2CSC(C)(C)[C@H]2C(=O)NCc2ccccc2C)cc1,-19.25,0
M2R-decoy_6958,CC(C)(O)[C@H]1CC[C@@](C)([C@H]2CC[C@]3(C)[C@@H]2[C@H](O)C[C@@H]2[C@@]4(C)CC[C@H](OC(=O)[C@@H]([NH3+])CC(=O)[O-])C(C)(C)[C@@H]4CC[C@]23C)O1,-19.25,0
M2R-decoy_9023,CC(=O)Nc1ccc2c3c(cc(O)c2c1)N(C(=O)CCCCCCC(=O)Nc1ccc2c4c(cc(O)c2c1)N(C(=O)OC(C)(C)C)CC4CCl)CC3CCl,-19.25,0
M2R-decoy_10713,CC(=O)O/C(C)=C1\CO[C@]2(C)C=C(Br)[C@H](O)C[C@H]12,-19.24,0
M2R-decoy_126,C[C@H]1C(=O)O[C@@H]2OC(C)(C)OO[C@@]23CCCC[C@@H]13,-19.24,0
M2R-decoy_4029,CCCCCCCCCCCC(=O)OC(CC)c1nc2c(C(F)(F)F)cccc2c(O)c1C(=O)Nc1nccs1,-19.24,0
M2R-decoy_4512,COc1ccc(c2ccc(C(=O)N[C@@H](CSC/C=C(\C)CC/C=C(\C)CCC=C(C)C)C(=O)[O-])o2)cc1,-19.24,0
M2R-decoy_6013,CC(C1CCN(C(=O)c2ccc(S(C)(=O)=O)cc2OC(F)(F)F)CC1)S(=O)(=O)c1cccc(C(F)(F)F)c1,-19.24,0
M2R-decoy_8239,Cc1ccc(S(=O)(=O)N(CC(C)C)[C@@H](CCCC[NH2+]C(=O)N(C)Cc2ccccc2)C(=O)[O-])cc1,-19.24,0
M2R-decoy_2309,CCC[C@@H](O)C1=C[C@@H](OC(C)C)O[C@H](COC(=O)C(C)(C)C)C1=O,-19.23,0
M2R-decoy_3376,CC1=C(C(=O)N(C(C)C)C(C)C)CC(CC(=O)NC2CC2)C(=O)N1CCC1=CCCCC1,-19.23,0
M2R-decoy_7209,CNC(=O)c1c2cc(c3ccc4c(n3)-c3cc5ccccc5n3CO4)c(N(CC(F)F)S(C)(=O)=O)cc2oc1c1ccc(F)cc1,-19.23,0
M2R-decoy_308,CC1=C2CC/C(C)=C/C[C@H](O)[C@]3(C)O[C@H]3CC/C(C)=C/[C@@H]2OC1=O,-19.22,0
M2R-decoy_7256,Oc1cc(Br)c(O)c(Oc2c(O)c(Br)c(Br)c(Br)c2Br)c1,-19.22,0
M2R-decoy_2582,COC(=O)c1sccc1S(=O)(=O)N[C@@H]1c2cc3c(cc2[C@@H](c2cc(OC)c(OC)c(OC)c2)[C@H]2C(=O)OC[C@H]12)OCO3,-19.21,0
M2R-decoy_3023,COc1ccc(OC)c2c1C(=O)C=C([C@@H](CC=C(C)C)OC(=O)C1CCCO1)C2=O,-19.21,0
M2R-decoy_2265,CCCCN(CCN(CCCC)C(=O)N1CCOCC1)C(=O)N1CCOCC1,-19.2,0
M2R-decoy_2145,C=C[C@]1(C)CC[C@@H](C(=C)COC(=O)CCC(=O)OCCOc2no[n+]([O-])c2S(=O)(=O)c2ccccc2)C[C@H]1C(=C)C,-19.19,0
M2R-decoy_7201,CCc1c(C)c(C2CCN(C(=O)CN3CN(c4ccccc4)C4(CCN(C(=O)c5ccc(C6CCCCC6)cc5)CC4)C3=O)CC2)nn1CC,-19.19,0
M2R-decoy_7818,COc1ccc2c(c1)OCCC/C=C\CC[C@H](C)CN(C[C@@H](O)[C@H](Cc1ccccc1)NC(=O)O[C@H]1CO[C@H]3OCC[C@@H]13)S2(=O)=O,-19.19,0
M2R-decoy_9712,C=C1CC[C@H]2[C@@H]([C@@H]3O[C@]4(C[C@H](C)[C@H](OC(=O)c5ccccc5)[C@@H]4[C@H]1OC(=O)c1ccccc1)C(=O)[C@@H]3C)C2(C)C,-19.19,0
M2R-decoy_6147,CO[C@H]1C(=O)N2C(C(=O)C(C)(C)C)=C(CSC3N=NC(C)S3)[C@@H](SC3N=NC(C)S3)S(=O)(=O)C12,-19.18,0
M2R-decoy_10577,O=S(=O)(c1cc(F)c(F)c(F)c1)N1CCC2(CC1)OCCS2,-19.17,0
M2R-decoy_3843,CN(C)C(=O)c1cc2cnc(Nc3ccc(CNC(=O)CCCCCCCN=C=S)cc3)nc2n1C1CCCC1,-19.17,0
M2R-decoy_3353,COc1cc(OC)c(/C=C/[C@H](C)c2c(OC)cc(OC)cc2OC)c(OC)c1,-19.17,0
M2R-decoy_8252,C=CCC[C@H](Cc1ccc(F)cc1)C(=O)OC[C@H]1CCCN1C(=O)[C@@H](CC=C)CC(=O)NCCO,-19.17,0
M2R-decoy_2116,CCO[C@@H](Cc1ccc(OC/C=C/c2cc(OC(=O)c3ccccc3)cc(OC(=O)c3ccccc3)c2)cc1)C(=O)[O-],-19.16,0
M2R-decoy_1691,O=c1nc(N2CCC3(CC2)CC3)sc2c([N+](=O)[O-])cc(C(F)(F)F)cc12,-19.16,0
M2R-decoy_635,C=C(C)C(=O)O[C@H]1C/C(C)=C/C(=O)/C=C(/C)[C@H](O)[C@H]2OC(=O)C(=C)[C@H]12,-19.16,0
M2R-decoy_6766,COc1cc([C@@H]2c3cc4c(cc3[C@](O)(C3(O)C5CCCC3CCC5)[C@H]3COC(=O)[C@H]23)OCO4)cc(OC)c1OC,-19.16,0
M2R-decoy_10143,O=C1[NH+]=C(Nc2ccccc2Cl)S/C1=C\c1ccc(C(=O)[O-])cc1,-19.15,0
M2R-decoy_4001,C/C(=C1\CCOC(=O)S1)N(C=O)CCCCCCCCCCCCN(C=O)/C(C)=C1/CCOC(=O)S1,-19.15,0
M2R-decoy_6632,CC(C)(O)/C=C/C(=O)[C@](C)(O)[C@@H]1C2CC(=O)[C@]3(C)[C@@H](CC=C4[C@H]3C[C@H](O)C(=O)C4(C)C)[C@]2(C)C[C@H]1O,-19.15,0
M2R-decoy_8518,CCOc1cc(CC)c2nn(CC(=O)c3cc(OCCCO)c(OC)c(C(C)(C)C)c3)c(=N)n2n1,-19.15,0
M2R-decoy_4419,CC(=O)C[C@@H]1C(=O)C(COC(C)=O)=CC[C@](C)(C/C=C/C(C)(C)OC(C)=O)[C@H]1/C=C/OC(=O)C=C(C)C,-19.14,0
M2R-decoy_1557,CCCSCC(=O)N1CCCC(CO)(CCC)C1,-19.13,0
M2R-decoy_5579,CCOC(=O)/C(C#N)=C(\NC(c1ccccc1)P(=O)(OC(C)C)OC(C)C)SC,-19.13,0
M2R-decoy_6911,CCC(=O)O[C@]1(C(=O)CCl)[C@H](OC(C)=O)C[C@H]2[C@@H]3CCC4=CC(=O)C=C[C@]4(C)[C@@]3(F)[C@@H](O)C[C@@]21C,-19.13,0
M2R-decoy_10384,O=[N+]([O-])c1c(Br)cccc1/N=c1\ssnc1Cl,-19.12,0
M2R-decoy_6038,CCC(=O)NS(=O)(=O)c1ccc(n2nc(C(F)(F)F)cc2c2ccc(Br)cc2)cc1COC(=O)CC,-19.12,0
M2R-decoy_6190,CC1CCC2C(C)C(CC(=O)C3OC4OC5(C)CCC6C(C)CCC(C3C)C46OO5)OC3OC4(C)CCC1C32OO4,-19.12,0
M2R-decoy_7864,C=C1[C@H](OC(C)=O)CC(=O)C(C)(C)/C=C/[C@H](C)C(=O)[C@@]2(OC(C)=O)C[C@H](C)[C@H](OC(C)=O)[C@@H]2[C@H]1OC(=O)c1ccccc1,-19.12,0
M2R-decoy_8693,COc1ncc(c2ccc3ncnc(Nc4ccc(OCCCO)nc4)c3c2)cc1NS(=O)(=O)c1ccc(F)cc1F,-19.12,0
M2R-decoy_11135,CCOc1ccc2c(c1)[n+]([O-])c(S(=O)(=O)c1ccc(C)cc1)c(N)[n+]2[O-],-19.11,0
M2R-decoy_5189,Cc1cc(C(=O)COc2ccccc2[N+](=O)[O-])c(C)n1c1cccc(S(=O)(=O)N2CCOCC2)c1,-19.11,0
M2R-decoy_2816,CCCc1cc(N2CCOCC2)nn2c(CCC)c(C(=O)OCC)c(C(=O)OCC)c12,-19.1,0
M2R-decoy_7555,CC(=O)O[C@H]1C[C@H]2[C@H]([C@@H]3CC[C@H]([C@H](C)CCC(N)=O)[C@@]13C)[C@H](OC(C)=O)C[C@@H]1CC3(CC[C@]21C)OOC1(CCC(C)CC1)OO3,-19.1,0
M2R-decoy_4012,COC(=O)C(CC1(C)CC2CCC1CC2C(C)(C)CCNC(=O)CCC(C)C)NC(=O)OCc1ccccc1,-19.09,0
M2R-decoy_1376,[N-]=[N+]=N[C@@H]1C[C@@H](O)CC2(SCCS2)[C@H]1OC(=O)c1ccccc1,-19.08,0
M2R-decoy_6278,C=C(C)C12OC3(c4ccccc4)OC1[C@@H]1[C@@H]4O[C@@]45COC(C)(C)O[C@H]5[C@]4(O)C(=O)C=C[C@@]4(C)C1(O3)[C@H](C)[C@H]2O,-19.08,0
M2R-decoy_10217,Cc1cnc(C(=O)NNC(=O)c2ccc(Br)cc2)cn1,-19.07,0
M2R-decoy_2456,CO[C@@H]1[C@H]2OC(=O)C[C@H]2O[C@@H]1[C@H](OC)c1ccccc1,-19.07,0
M2R-decoy_2475,C#Cc1cnc2oc(=O)n(C(CC)CC)c2n1,-19.07,0
M2R-decoy_5218,CC(/C=C/[C@@H]1C[C@]2(CO2)CC(C)(C)O1)=C\C[C@H]1OC[C@@H](NC(=O)/C=C\[C@H](C)OC(=O)N2CCCC2)CO1,-19.07,0
M2R-decoy_8020,C=C1[C@@H](OC(=O)[C@H](O)[C@@H](NC(=O)OC(C)(C)C)c2ccccc2)C[C@H](OC(C)=O)[C@]2(C)[C@@H]1C[C@]1(C(C)(C)O)C[C@H](O)C(C)=C1[C@@H](OC(=O)c1ccccc1)[C@@H]2OC(C)=O,-19.07,0
M2R-decoy_305,Cc1c(C(C)C)c(=O)on1C(=O)N1CCCCCCC1,-19.06,0
M2R-decoy_8821,CC[C@@H](OC(=O)N(Cc1ccccc1)C(=O)Nc1cc(OC)cc(OC)c1)c1cc(c2ccc(OC(C)(C)C(=O)[O-])cc2)no1,-19.06,0
M2R-decoy_1038,C=C(C)C(=O)O[C@H]1C[C@@H](C)[C@]2(O)CC[C@](C)(/C=C3/OC(=O)C(COC(C)=O)=C31)O2,-19.05,0
M2R-decoy_10800,CC1=C(Br)C(Br)(C(Br)Br)OC1=O,-19.05,0
M2R-decoy_2061,CCOC(=O)CN(C)C(=O)c1ccc(C(CC)(CC)c2ccc(OCC(O)C(C)(C)C)c(C)c2)n1CC,-19.05,0
M2R-decoy_4401,CCOc1ccc(OCCC(=O)N(CC(=O)Nc2ccccc2C(F)(F)F)Cc2ccco2)cc1,-19.05,0
M2R-decoy_4727,Cc1nc(C(C)(C)NC(=O)c2ccc(C3CCOCC3)c(OCC3CC3)n2)no1,-19.05,0
M2R-decoy_10724,C[C@@H]1OC(=O)c2c(O)cc(O)cc2/C=C/C[C@H](O)[C@H](O)C(=O)/C=C\[C@H]1C,-19.04,0
M2R-decoy_5887,CCOC(=O)C(C)(Cc1cn(CC/N=C2\C[C@H]3CC[C@]2(C)C3(C)C)nn1)P(=O)(OCC)OCC,-19.04,0
M2R-decoy_6826,CO[C@H]1[C@H](C)O[C@@H](O[C@@H]2C[C@H]3O[C@@](O)(C2)[C@H](C)C(=O)O[C@@H](/C=C/C=C/Br)C[C@@H](C)/C=C\C[C@H](O)[C@@H]3C)[C@H](OC)[C@@H]1OC,-19.04,0
M2R-decoy_122,CC(=O)Oc1ccc2c(c1)S(=O)(=O)c1ccccc1O2,-19.03,0
M2R-decoy_5051,C[C@H](NP(=O)(Nc1ccn([C@H]2CS[C@@H](CO)O2)c(=O)n1)N[C@@H](C)C(=O)OCc1ccccc1)C(=O)OCc1ccccc1,-19.03,0
M2R-decoy_1065,Cn1cc(Br)c(C(=O)NNC(=O)c2ccc(Br)cc2)n1,-19.02,0
M2R-decoy_2048,CCCCOC(=O)NS(=O)(=O)c1sc(CC(C)C)cc1c1cccc(Cn2cccn2)c1,-19.02,0
M2R-decoy_7448,C/C1=C/C(C)CC(C)OC(=O)C(C)NC(=O)C(Cc2ccc(O)c(I)c2)N(C)C(=O)CNC(=O)C(C)C1,-19.02,0
M2R-decoy_8826,CC[C@@H](c1ccccc1)[NH+]1Cc2cc3c(cc2C[C@H]1C(=O)N[C@@H](Cc1ccc(c2ccnc(C)c2C)cc1)C(=O)[O-])OC[C@H](c1ccc(OC)cc1)O3,-19.02,0
M2R-decoy_7881,CC(=O)O[C@H]1C[C@@]23C(=C1C)[C@@](O)(C(=O)OC2(C)C)[C@]1(C)[C@@H](OC(C)=O)C[C@H]2OC[C@@]2(OC(C)=O)[C@H]1[C@@H]3OC(=O)c1ccccc1,-19.01,0
M2R-decoy_7887,C=C1C[C@@H]2CC[C@@]34C[C@@H]5O[C@@H]6C(O[C@H]7CC[C@H](CC(=O)O[C@H]8[C@H](C[C@H]9O[C@@H](CC[C@@H]1O2)C[C@@H](C)C9=C)O[C@@H](CCO)[C@@H]8OC)O[C@@H]7[C@@H]6O3)[C@H]5O4,-19.01,0
M2R-decoy_9152,COc1ccc(/C=C/C(=O)OCCOCCNC(=O)CCCCC2CCSS2)cc1OC,-19.01,0
M2R-decoy_2261,CCOP(=O)(OCC)OCN1C(=O)c2c(C(C)CC)cccc2S1(=O)=O,-19.0,0
M2R-decoy_809,O=S(=O)(N1CCCCC1)n1nnc2ccccc21,-19.0,0
M2R-decoy_8199,Cn1nc(S(N)(=O)=O)s/c1=N/S(=O)(=O)c1ccc(NS(=O)(=O)C(F)(F)C(F)(F)C(F)(F)C(F)(F)C(F)(F)C(F)(F)C(F)(F)C(F)(F)F)cc1,-19.0,0
M2R-decoy_9930,CC(C)(O)CNC(=O)N1C(=O)N(c2cccc(C(F)(F)F)c2)C2=C(C(=O)CC2)[C@H]1c1ccc(C#N)cc1S(C)(=O)=O,-18.99,0
M2R-decoy_6067,CCc1ccc(N(CC(C)C)S(=O)(=O)c2ccc(OC3CCN(S(C)(=O)=O)CC3)c(S(C)(=N)=O)c2)cc1,-18.98,0
M2R-decoy_6378,C[C@@]1(C(=O)N[C@@H](Cc2ccc(c3ccccc3F)cc2)C(=O)[O-])CCCN1S(=O)(=O)c1cc(Cl)cc(Cl)c1,-18.98,0
M2R-decoy_7077,CN1CCC(CC2(O)CCN(C(=O)c3ccc(NS(=O)(=O)c4cccc5scnc45)cc3)CC2)C1=O,-18.98,0
M2R-decoy_3865,COCCOCCOc1ccc(NC(=O)COc2ccc(Cl)cc2C(=O)c2cc(F)cc(C(F)(F)F)c2)c(C)c1,-18.96,0
M2R-decoy_6145,Nc1nc2c(S(=O)(=O)Nc3ccc(C(=O)N4CCC(O)(CCCC(F)(F)F)CC4)cc3)cccc2s1,-18.96,0
M2R-decoy_2765,CCCn1ncn(c2ccc(N3CCN(c4ccc(OC[C@H]5CO[C@](C)(c6ccc(Cl)cc6Cl)O5)cc4)CC3)cc2)c1=O,-18.95,0
M2R-decoy_171,N#C[C@]12CC3(CC[C@H]1CC1(C2)OCCO1)OCCO3,-18.95,0
M2R-decoy_3445,C=C(C)COc1ccc2c3c(c(=O)oc2c1OCC(=C)C)CCC3,-18.95,0
M2R-decoy_8646,COc1cc(/C=C/C(=O)/C=C/c2ccc(Cl)cc2Cl)ccc1OCc1cn([C@H]2C[C@H](n3cc(C)c(=O)[nH]c3=O)O[C@@H]2CO)nn1,-18.95,0
M2R-decoy_9629,C=C(C)C[NH+](CC)Cc1nc(C(C)(C)C)no1,-18.94,0
M2R-decoy_258,COC(=O)N1C=CC(C2C(C#N)=C(C)NC(C)=C2C#N)=CC1,-18.93,0
M2R-decoy_7505,CC(=O)[C@H]1[C@H](OC(=O)c2ccccc2)C[C@@]2(C)[C@@H]3CC=C4[C@@H](C[C@H](OC(=O)c5ccccc5)[C@@H](O)C4(C)C)[C@]3(C)C(=O)C[C@]12C,-18.93,0
M2R-decoy_8248,C=CC(=O)NCCCC[C@H](NC(=O)OCc1ccccc1)C(=O)N1CCN(S(=O)(=O)C(C)C)CC1,-18.93,0
M2R-decoy_9801,C=C(C)[C@@H]1CC[C@]2(C(=O)OCc3cn(c4cccc(C(=O)[O-])c4)nn3)CC[C@]3(C)[C@H](CC[C@@H]4[C@@]5(C)CCC(=O)C(C)(C)[C@@H]5CC[C@]43C)[C@@H]12,-18.93,0
M2R-decoy_4145,CCOc1cc(N2CCOCC2)c(OCC)cc1NC(=O)COC(=O)[C@H](Cc1c[nH]c2ccccc12)NC(C)=O,-18.92,0
M2R-decoy_5649,CCCOP(=O)(OCCC)C(N/C(SC)=C(/C#N)C(=O)OCC)c1ccccc1,-18.92,0
M2R-decoy_8327,CCCOc1ccc(C[C@@H](Cc2ccccc2)C(=O)[O-])cc1CNC(=O)c1ccc(N2CCCCCCC2)cc1,-18.92,0
M2R-decoy_3315,CCCCC/C=C/C(=O)[C@H]1C(=O)O[C@@]2(C)C(=O)C(C=O)=C3C=C(C)OC=C3[C@H]12,-18.91,0
M2R-decoy_5390,CCC(=O)NS(=O)(=O)c1ccc(n2nc(C(F)(F)F)cc2c2ccc(OC)c(C)c2)cc1COC(=O)CC,-18.91,0
M2R-decoy_507,Cc1ccccc1/C=c1\s/c(=C\C(=O)C(C)(C)C)[nH]c1=O,-18.91,0
M2R-decoy_6240,CC(C)(C)C#C[C@]1(O)CC[C@H]2[C@@H]3CCC4=CC(=O)CC[C@@H]4[C@H]3[C@@H](c3ccc(N4CCN(S(C)(=O)=O)CC4)cc3)C[C@@]21C,-18.9,0
M2R-decoy_5019,O=C([O-])CCCOc1cccc(CCCCCCOc2cc(c3cccc(F)c3)cc(c3ccc4c(c3)OCO4)c2)c1CCC(=O)[O-],-18.9,0
M2R-decoy_6883,CNS(=O)(=O)CCO[C@]12CCCC[C@@]1(S(=O)(=O)c1ccc(Cl)cc1)c1c(F)ccc(F)c1OC2,-18.9,0
M2R-decoy_8771,CCc1ccc(COc2ccc3c(c2)c(SC(C)(C)C)c(CC(C)(C)C(=O)[O-])n3Cc2ccc(c3ccc(OC)nc3)cc2)nc1,-18.9,0
M2R-decoy_9092,CC(C)=CCC/C(C)=C/CC/C(C)=C/CC[C@]1(C)CCc2c3c(cc(C)c2O1)OC[NH+](CCCCCCO)C3,-18.9,0
M2R-decoy_9311,COC[C@H](NC(=O)[C@H](CC(=O)NCCC(C)C)NS(=O)(=O)c1ccc(C)cc1)C(=O)N[C@@H](CC(C)C)C(=O)c1ccco1,-18.9,0
M2R-decoy_9330,CCCCCCCC(CP(=O)(O)C(Cc1ccccc1)NC(=O)OCc1ccccc1)C(=O)NC(Cc1c[nH]c2ccccc12)C(N)=O,-18.9,0
M2R-decoy_10720,CC(=O)C1=C(c2ccccc2)N(C(C)=O)n2c(C)nnc2S1,-18.89,0
M2R-decoy_10778,COC(=O)c1sc(C(F)(F)F)c(c2ccccc2)c1S(=O)(=O)N1CCOCC1,-18.89,0
M2R-decoy_10992,O=C1O/C(=C\c2ccco2)C(c2cc(Br)c(O)c(Br)c2)=C1C(=O)c1ccco1,-18.89,0
M2R-decoy_6415,CC1=CC(C)(C)NC(=S)N1CCCC1OCC2(CO1)COC(CCCN1C(=S)NC(C)(C)C=C1C)OC2,-18.89,0
M2R-decoy_4112,CN(C)c1ccc(c2nc(SCCOCCSc3nc(c4ccc(N(C)C)cc4)c(c4ccc(N(C)C)cc4)[nH]3)[nH]c2c2ccc(N(C)C)cc2)cc1,-18.88,0
M2R-decoy_7162,C/C=C(\C)C(=O)O[C@@H]1C[C@]2(C)C(=CC[C@H]2[C@@H]2C[C@@H]([C@@H]3OC3(C)C)O[C@@H]2OC(C)=O)[C@]2(C)[C@H](OC(C)=O)C[C@H]3C(C)(C)C(=O)C=C[C@]3(C)[C@@H]12,-18.88,0
M2R-decoy_5616,CCOP(=O)(OCC)C(N/C(SC)=C(/C#N)C(=O)NCc1ccccc1)c1ccccc1F,-18.87,0
M2R-decoy_9696,C=CCOC1=C(OC(C)=O)C(C2COC(C)(C)O2)OC1=O,-18.87,0
M2R-decoy_8532,CCCCOC(=O)N[C@H]1[C@H]([C@H](OC(C)=O)[C@@H](COC(C)=O)OC(C)=O)OC(OC(C)=O)(C(=O)OC)[C@H](F)[C@@H]1OC(C)=O,-18.86,0
M2R-decoy_9626,NC(=O)CS(=O)(=O)Cc1ccc(Cl)cc1,-18.86,0
M2R-decoy_7842,O=C([O-])[C@H]1CC[C@H](C(=O)N2CC[C@@]3(S(=O)(=O)c4cccc(F)c4)c4ccc(C(F)(C(F)(F)F)C(F)(F)F)cc4CC[C@@H]23)CC1,-18.85,0
M2R-decoy_8999,CC(C)CCCC(C)C1CCC2C3CC=C4CC(OCCCCCCC(=O)ON5C(=O)CCC5=O)CCC4(C)C3CCC12C,-18.85,0
M2R-decoy_4510,CCOC(=O)[C@H](CCSC)NC(=O)[C@H](Cc1ccc(N(CCCl)CCCl)cc1)NC(C)=O,-18.84,0
M2R-decoy_552,CC(=O)N1CCN(S(=O)(=O)c2ccc(F)cc2)C(C)C1,-18.84,0
M2R-decoy_2069,O=[N+]([O-])c1ccc(SCCOP(=O)(N(CCCl)CCCl)N(CCCl)CCCl)cc1,-18.83,0
M2R-decoy_11100,O=S1(=O)CCC(S(=O)(=O)c2cccc(S(=O)(=O)N3CCCC3)c2)C1,-18.82,0
M2R-decoy_8030.1,COC(=O)N[C@H](C(=O)N1CCC[C@H]1c1nc2cc(c3ccc(c4cc(C)c5[nH]c([C@@H]6CCCN6C(=O)[C@@H](NC(=O)OC)C(C)C)nc5c4)cc3)cc(C)c2[nH]1)C(C)C,-18.82,0
M2R-decoy_8205,COc1ccc2c(O[C@@H]3C[C@H]4C(=O)N[C@]5(C(=O)NS(=O)(=O)C6CC6)C[C@H]5/C=C\CCCCCCC(=O)N4C3)cc(c3nccs3)nc2c1Br,-18.82,0
M2R-decoy_8608,COc1cc(/C=C/C(=O)OCCSc2nc(c3ccc(S(C)(=O)=O)cc3)n(c3ccc(Br)cc3)n2)ccc1OC(C)=O,-18.82,0
M2R-decoy_7235,C=C1[C@@H](OC(=O)c2ccccc2)C[C@H]2[C@@H](/C=C(\C)C(=O)[C@@]3(OC(C)=O)C[C@H](C)[C@H](OC(=O)c4ccccc4)[C@@H]3[C@H]1OC(C)=O)C2(C)C,-18.81,0
M2R-decoy_7807,C=C1[C@H](OC(=O)c2ccccc2)[C@@H](OC(C)=O)C(=O)C(C)(C)/C=C/[C@H](C)C(=O)[C@@]2(OC(C)=O)C[C@H](C)[C@H](OC(=O)c3ccccc3)[C@@H]2[C@H]1OC(C)=O,-18.81,0
M2R-decoy_4441,COCCN(c1cc(C(=O)Nc2ccc(CC(=O)[O-])cc2)cc2c1OCO2)S(=O)(=O)c1cc(Cl)ccc1OC,-18.8,0
M2R-decoy_4541,C=C1/C=C/C(=O)N(C)CC(=O)N[C@@H](C(C)C)C(=O)O[C@@H]([C@H](C)CCCCCCCCCCCCCC)[C@H](C)C(=O)N1,-18.8,0
M2R-decoy_8183,COc1ccc(S(=O)(=O)N(C)C[C@@H]2OCCCC[C@@H](C)Oc3ccc(NS(=O)(=O)c4cccs4)cc3C(=O)N([C@H](C)CO)C[C@@H]2C)cc1,-18.8,0
M2R-decoy_8391,CCC(=O)OCC(C)(C)CN1C(=O)[C@@H](CC(=O)N2CCC(CC(=O)[O-])CC2)O[C@H](c2cccc(OC)c2OC)c2cc(Cl)ccc21,-18.79,0
M2R-decoy_935,CC1=[N+]([O-])C(C)(C)C(c2ccc(Br)cc2)=[N+]1[O-],-18.79,0
M2R-decoy_1371,CC(=O)O[C@@H]1C=C[C@H](O)[C@H]2C(=O)C=CC3(Oc4cccc5cccc(c45)O3)[C@@H]21,-18.78,0
M2R-decoy_8685,CC[C@@H](CN(C)S(=O)(=O)C1CC1)N1C(=O)[C@](C)(CCC(=O)[O-])C[C@H](c2cccc(Cl)c2)[C@H]1c1ccc(Cl)cc1,-18.78,0
M2R-decoy_8988,CCOC(=O)/C(C)=C\C(C)=C\c1nc([C@H](Cc2ccc(OCc3ccccc3)cc2)NC(=O)C2CCCCC2)sc1CC(C)C,-18.78,0
M2R-decoy_10180,CN1C(=O)N(S(=O)(=O)c2ccc(F)c(F)c2F)C(=O)C1(C)C,-18.77,0
M2R-decoy_10939.1,C1CCN(P2(N3CCCCC3)=NP(N3CC3)(N3CC3)=NP(N3CC3)(N3CC3)=N2)CC1,-18.76,0
M2R-decoy_5956,CCCc1c(Cc2ccc(c3ccccc3c3nc(=O)o[nH]3)cc2)c(=O)n([C@H]2CC[C@H](OCC(C)(O)CF)CC2)c2ncnn12,-18.76,0
M2R-decoy_10541,CC1(C)N=C(/C(Cl)=[N+](/[O-])C(=O)c2ccc(F)cc2)C(C)(C)N1O,-18.75,0
M2R-decoy_4899,CCCCCCCC(=O)SCC/C=C(\F)[C@@H]1CC(=O)NCc2nc(cs2)C2=N[C@@](C)(CS2)C(=O)N[C@@H](C(C)C)C(=O)O1,-18.75,0
M2R-decoy_6302,CC[C@@H](C)C(=O)O[C@@H]1[C@H]2C(=O)[C@@](C)([C@@H](CC(=O)OC)C1(C)C)[C@@]13O[C@@H]1C[C@]1(C)[C@H](CC(=O)O[C@H]1c1ccoc1)[C@]31O[C@H]21,-18.75,0
M2R-decoy_10547,CC1CCCCN1S(=O)(=O)c1cc2c3c(c1)CC(=O)N3CCC2,-18.74,0
M2R-decoy_4813,COC(=O)[C@@H](NC(=O)[C@@H](CC(C)C)N(C)C(=O)[C@@H]1CCCN1C(=O)[C@@H](C)O)[C@H](C)OC(=O)CCc1ccc(OC)cc1,-18.74,0
M2R-decoy_5599,COc1c(C)cc(O)cc1C/C=C(\C)CC(=O)/C=C(\C)CCCC(C)(O)C(=O)/C=C/C(C)(C)O,-18.74,0
M2R-decoy_9727,NC(=O)Cn1cnc2c(I)c(I)c(I)c(I)c21,-18.74,0
M2R-decoy_104,CCCCCCC(CCCCCCCCCCC(=O)OC(C)(C)C)OC(C)=O,-18.73,0
M2R-decoy_6107,COCCOCOc1ccc(c2ncc(/C=C/C(=O)[O-])s2)cc1C12CC3CC(CC(C3)C1)C2,-18.73,0
M2R-decoy_947,C=C1CO[C@H]2/C=C(\C)CC[C@@H](O)[C@@](C)(O)C/C=C/[C@@](C)(O)CC[C@@]12O,-18.73,0
M2R-decoy_2123,COCCOCOc1cc(Cc2ccccc2)c(C(=O)/C=C/c2ccc(C(=O)[O-])cc2)cc1C12CC3CC(CC(C3)C1)C2,-18.71,0
M2R-decoy_2553,COC(=O)[C@@H](CNC(=O)/C=C/c1ccc(OC(C)=O)c(OC(C)=O)c1)NC(=O)/C=C/c1ccc(OC(C)=O)c(OC(C)=O)c1,-18.71,0
M2R-decoy_6263,CC(=O)OC[C@]12[C@@H](OC(=O)c3ccccc3)C[C@@H]3[C@@H](OC(C)=O)[C@]1(OC3(C)C)[C@H](C)C[C@H](O)[C@@H]2OC(C)=O,-18.71,0
M2R-decoy_7312,CNC(=O)OC[C@H]1C[C@@H](C)[C@H]2[C@H](O1)[C@H](O)[C@@]1(C)[C@@H]3CC[C@H]4C(C)(C)[C@@H](O[C@H]5CN(C(=O)CC6CC6)CCO5)CC[C@@]45C[C@@]35CC[C@]21C,-18.71,0
M2R-decoy_3095,C=C(C)C(CC(OC(C)=O)C1=CO[C@H](OC(C)=O)[C@H]2C(=C)CC/C=C(\C)CC[C@H]12)OC(C)=O,-18.7,0
M2R-decoy_4043,CC(C)(C)OC(=O)N[C@@H](CCC(N)=O)C(=O)N[C@H](Cc1cn(C=O)c2ccccc12)C(=O)N[C@@H](Cc1ccccc1)C(=O)OCc1ccc(Cl)cc1,-18.7,0
M2R-decoy_411,O=C(C(Cl)(Cl)Cl)C(Cl)(Cl)Cl,-18.7,0
M2R-decoy_4713,Cc1nc([C@](C)(NC(=O)c2ccc(C3CC3)c(S(=O)(=O)CC(C)C)n2)C2CC2)no1,-18.7,0
M2R-decoy_7511,CC(C)[C@@H](OC(=O)N1CCC1)[C@H]1C[C@@H](C)[C@H]2[C@H](O1)[C@H](O)[C@@]1(C)[C@@H]3CC[C@H]4C(C)(C)[C@@H](OC(=O)N5CCC5)CC[C@@]45C[C@@]35CC[C@]21C,-18.7,0
M2R-decoy_800,C[C@@H]1C[C@H]2O[C@@H]2CC/C=C/[C@H](O)Cc2cc(O)cc(O)c2C(=O)O1,-18.7,0
M2R-decoy_6428,CCC1=C(OC(=O)N(CC)CC)N2C(=O)O/C(=N\Cc3ccccc3)[C@]2(C)[C@H]2C1=CC[C@H]1C(=O)N(CC)C(=O)[C@H]12,-18.69,0
M2R-decoy_7164,COC(=O)CC(NC(=O)[C@]12CCC(C)(C)C[C@H]1[C@H]1C(=O)C=C3[C@@](C)(CC[C@H]4C(C)(C)C(=O)C(C#N)=C[C@]34C)[C@]1(C)CC2)C(=O)OC,-18.69,0
M2R-decoy_10212,CC(C)(C)c1[nH]cnc1/C=c1\[nH]c(=O)/c(=C/c2ccc(Cl)cc2)[nH]c1=O,-18.68,0
M2R-decoy_433,NC(=S)N/N=C1\CCSc2ccc(O)cc21,-18.68,0
M2R-decoy_4612.1,CCN(CC)C(=O)N(CC)c1cnc(N(CC)CC)nc1N[C@@H](Cc1ccc(OC(=O)N2CCCC2)cc1)C(=O)[O-],-18.68,0
M2R-decoy_2488,CN(C)P(=O)(N1CC1(C)C)N1CC1(C)C,-18.67,0
M2R-decoy_167,CC1(C)CCC[C@@]2(C)C1=CC(=O)C1=C2C(=O)OC1,-18.67,0
M2R-decoy_4587,CCCCCCCCCC(=O)OCC1=C[C@H]2[C@@H]3C(C)(C)[C@]3(OC(=O)CCCCC)C[C@@H](C)[C@]2(O)[C@@H]2C=C(C)C(=O)[C@@]2(O)C1,-18.67,0
M2R-decoy_6364,Cc1cc(C)nc(O[C@H](C(=O)[O-])[C@@]2(c3ccccc3)[NH2+]CC(=O)N(Cc3cccc(OC(F)(F)F)c3)c3ccccc32)n1,-18.67,0
M2R-decoy_1421,COC(=O)/C=C(\C)CC/C=C(\C)CCC(O)C(C)(C)O,-18.66,0
M2R-decoy_4355.1,COc1cc(OC)c(/C=C/S(=O)(=O)Cc2ccc(OC)c(NS(C)(=O)=O)n2)c(OC)c1,-18.66,0
M2R-decoy_3309,CC1=CC(=O)C[C@@H]2[C@]1(C)CC[C@@H](COS(C)(=O)=O)[C@@]2(C)CCC1=CCOC1=O,-18.66,0
M2R-decoy_569,Cc1c(S(=O)(=O)N2CCC(C)CC2)c(=O)n(C)c(=O)n1C,-18.66,0
M2R-decoy_7714,CC[C@]1(C)C[C@@H](NC(=O)NC(=O)c2ccc(OC)cc2)[C@]2(C)[C@H](C)CC[C@]3(CCC(=O)[C@H]32)[C@@H](C)[C@@H]1OC(=O)NC(=O)c1ccc(OC)cc1,-18.66,0
M2R-decoy_1829,O=C(CSc1cccc[n+]1[O-])Nc1cccc(S(=O)(=O)NC2=[NH+]CCCCC2)c1,-18.65,0
M2R-decoy_463,CC1(C)/C(=N\O)C2(OS(=O)(=O)C(F)(F)F)CCC1C2,-18.64,0
M2R-decoy_8063,COc1cc2c(c3oc4cc(Br)ccc4c(=O)c13)[C@@H](OC(=O)[C@@]13CCC(C)(C(=O)O1)C3(C)C)[C@@H](OC(=O)[C@@]13CCC(C)(C(=O)O1)C3(C)C)C(C)(C)O2,-18.64,0
M2R-decoy_11197,O=S(=O)(c1ccccc1)C(Br)S(=O)(=O)c1ccccc1,-18.63,0
M2R-decoy_3529,CC(C)c1nc(CN(C(=O)NC(C(=O)N[C@@H](Cc2ccccc2)C[C@H](O)[C@H](Cc2ccccc2)NC(=O)OCc2cncs2)C(C)C)C2CC2)cs1,-18.63,0
M2R-decoy_9135,COc1cc(C=C(P(=O)(OC(C)C)OC(C)C)P(=O)(OC(C)C)OC(C)C)cc(OC)c1,-18.63,0
M2R-decoy_10661,CC(=O)OC1CN(c2nc3c(C(F)(F)F)cccc3s2)C1,-18.62,0
M2R-decoy_520,Cc1c(C(C)C)c(=O)on1C(=O)N1CCC(O)CC1,-18.62,0
M2R-decoy_5943,CCCCCC=C(c1cc(Cl)c(OC)c(C(=O)NC)c1)c1cc(Cl)c(OC)c(C(=O)NC)c1,-18.62,0
M2R-decoy_9844,O=C(NC1CC(F)(F)C1)[C@@H]1CC[C@@]2(S(=O)(=O)c3ccc(F)cc3)c3ccc(C(F)(C(F)(F)F)C(F)(F)F)cc3CC[C@@H]12,-18.62,0
M2R-decoy_7081,NC(=O)C12CC3CC(C1)C(NC(=O)C1(CNS(=O)(=O)c4cc(Cl)c(Cl)cc4F)CC1)C(C3)C2,-18.61,0
M2R-decoy_9109,CC(C)=CCC/C(C)=C/CC/C(C)=C/CC[C@]1(C)CCc2c3c(cc(C)c2O1)OC[NH+](CCCCCO)C3,-18.61,0
M2R-decoy_9439,CC(C)CCNS(=O)(=O)c1ccc(c2ccc(S(=O)(=O)NCCC(C)C)cc2)cc1,-18.61,0
M2R-decoy_9462,CCCCCCCCc1ccc(OCC(=O)Cn2nnnc2c2cccc(C(=O)[O-])c2)cc1,-18.61,0
M2R-decoy_168,O=C1CCC/C(=C\I)O1,-18.6,0
M2R-decoy_6041,CC(C)C(CS(C)(=O)=O)c1nc2cc(c3noc(=O)[nH]3)nc(c3cncc(Cl)c3)c2n1C[C@H]1CC[C@H](C)CC1,-18.6,0
M2R-decoy_8775,Cc1ccc(S(=O)(=O)OCCCCCCCCCC[C@H]2C[C@]3(C)[C@@H](O)CC[C@H]3[C@@H]3CCc4cc(O)ccc4[C@@H]23)cc1,-18.59,0
M2R-decoy_11502,CC(C)C[C@H](NC(=O)C1C[NH+](Cc2cc(Cl)cc(Cl)c2)CCO1)C(=O)[O-],-18.58,0
M2R-decoy_8961,CCCc1nc2c(C)cc(C(=O)NCc3ccc(OC)c(OC)c3)cc2n1Cc1ccc(c2ccccc2C2=NN=NN2)cc1,-18.58,0
M2R-decoy_1101,C=C1C(=O)OC2/C=C(/C)C(OC(C)=O)CC(O)/C(C)=C\C(OC(=O)/C(C)=C\C)C12,-18.56,0
M2R-decoy_383,CC1=NN(C(N)=S)C(=O)C1N=Nc1ccc(Br)cc1,-18.56,0
M2R-decoy_4556,C#CCOC(=O)C[C@@H]1NC(=O)CN(C)C(=O)/C=C/C(=C)NC(=O)[C@@H](C)[C@H]([C@H](C)CCCCCCCCCCCC(C)C)OC1=O,-18.56,0
M2R-decoy_5709,CC(C)CNC(=O)[C@H](C)C[C@H](O)[C@H](CC(C)C)NC(=O)[C@H](Cc1ccccc1)NC(=O)/C=C/c1ccccc1,-18.56,0
M2R-decoy_10237,c1cc([C@H]2OC[C@H]3OCCC[C@H]3O2)ccc1[C@H]1OC[C@H]2OCCC[C@H]2O1,-18.55,0
M2R-decoy_817,C#C[C@@]1(O)C[C@H]2C[C@@H]1[C@@H]1CC(=C3CCC(=O)CC3)C[C@H]21,-18.55,0
M2R-decoy_10598,Cc1nccn1S(=O)(=O)c1ccc(Br)cc1Br,-18.54,0
M2R-decoy_10705,CC1(C)CN1C1=C(Cl)C(=O)C(N2CC2(C)C)=C(Cl)C1=O,-18.54,0
M2R-decoy_9704,CC(=O)CC[C@]1(C(C)=O)C(=O)O[C@@H](OC(C)=O)[C@H]1C,-18.54,0
M2R-decoy_9798,CC1(C)C(=O)CC[C@@]2(C)[C@H]1CC[C@]1(C)[C@@H]2C(=O)C=C2[C@@H]3C[C@@](C)(C(=O)OCCn4c(CCC(=O)[O-])cc5ccccc54)CC[C@]3(C)CC[C@]21C,-18.54,0
M2R-decoy_5801,COC(=O)N[C@H](C(=O)N[C@@H](Cc1ccccc1)C[C@H](O)[C@H](Cc1ccccc1)NC(=O)[C@@H]1CN(c2ccccc2)C(=O)O1)C(C)(C)C,-18.53,0
M2R-decoy_6841,CC(=O)O[C@H]1C(=O)C[C@@H]2C(=CC[C@H]3[C@]4(C)C[C@@H](O)[C@H]([C@@](C)(O)C(=O)CCC(C)(C)OC(C)=O)[C@@]4(C)CC(=O)[C@]32C)C1(C)C,-18.53,0
M2R-decoy_6925,O=C(c1ccc(I)cc1NS(=O)(=O)c1cccc2nsnc12)N1CCCCC1,-18.53,0
M2R-decoy_9471,CCC(O)(C#Cc1ccc(C(CC)(CC)c2ccc(OC[C@@H](O)CCC(=O)[O-])c(C)c2)cc1C)CC,-18.53,0
M2R-decoy_10539,O=S(=O)(c1ccc(Br)cc1)N1CCC2(CC1)OCCO2,-18.52,0
M2R-decoy_1858,CSc1cnc(OCCOc2ncnc(NS(=O)(=O)c3ccc(C(C)(C)C)cc3)c2c2ccc(C)s2)nc1,-18.52,0
M2R-decoy_3735.1,O=C(CCc1cn(Cc2ccc(F)cc2)nn1)Nc1nnc(CCCCc2nnc(NC(=O)Cc3ccccc3)s2)s1,-18.52,0
M2R-decoy_3888,COc1cc(/C=C/C(=O)NCCCNc2c3c(nc4ccccc24)CCCC3)ccc1OCCO[N+](=O)[O-],-18.52,0
M2R-decoy_5797,CC(C)OC(=O)C(NC(=O)C(CC(=O)OCc1ccccc1)NC(=O)OCc1ccccc1)NC(=O)C1C(C)(C)CCC1(C)C,-18.52,0
M2R-decoy_3773,CCN(CC)C(=O)Cn1cc(c2cnc(NC(=O)C(CC3CCOCC3)c3ccc(S(=O)(=O)C4CC4)cc3)s2)nn1,-18.51,0
M2R-decoy_4302,CCOc1c(S(=O)(=O)N(CC)CC)cc(S(=O)(=O)N(CC)CC)c2ccc(C)nc12,-18.51,0
M2R-decoy_10236,CC12COS(=O)(=O)CC1=C(c1ccccc1Br)C(=O)O2,-18.5,0
M2R-decoy_2609,CN(CC(=O)N(Cc1ccc(C2CCOCC2)cc1)c1ccc(C(=O)[O-])c(O)c1)S(=O)(=O)c1c(F)c(F)c(F)c(F)c1F,-18.5,0
M2R-decoy_2755,C[C@H](C(=O)Oc1ccc(c2cc(=S)ss2)cc1)c1ccc2cc(OC(=O)CCCO[N+](=O)[O-])ccc2c1,-18.5,0
M2R-decoy_2825,CCCCC(=O)N(C)c1c(CC)nc2c(OCc3ccc(S(C)(=O)=O)cc3)cccn12,-18.5,0
M2R-decoy_2362,CCC(C)Sc1cccc(OS(C)(=O)=O)n1,-18.49,0
M2R-decoy_7396,COC1=N[C@H]2CCC[C@H](C)[C@H](O)[C@@H](C)C(=O)C(C)(C)[C@@H](O)CC(=O)O[C@H](/C(C)=C/c3csc(C)n3)C[C@@H]2O1,-18.49,0
M2R-decoy_9613,CC(=O)OC[C@H]1O[C@H](OC(C)C)C=CC1=O,-18.49,0
M2R-decoy_11150,COc1nc(C(Br)Br)c([N+](=O)[O-])c(N2CCCCC2)n1,-18.48,0
M2R-decoy_2088.1,CC(C)SC[C@H](O)[C@H](CC1CCCCC1)NC(=O)[C@H](Cc1c[nH]cn1)NC(=O)[C@H](Cc1ccccc1)NC(=O)OC(C)(C)C,-18.48,0
M2R-decoy_5573,C=CCC[C@H](Cc1ccc(F)cc1)C(=O)OC[C@@H](C)NC(=O)[C@H](CC=C)CC(=O)NCCO,-18.48,0
M2R-decoy_5617,CCCCCCC[C@@H](CC1=C(/C=C/CCC/C=C\CO)C(=O)OC1=O)C1=C(C)C(=O)OC1=O,-18.48,0
M2R-decoy_8725,NS(=O)(=O)c1nc2ccc(NS(=O)(=O)C(F)(F)C(F)(F)C(F)(F)C(F)(F)C(F)(F)C(F)(F)C(F)(F)C(F)(F)F)cc2s1,-18.48,0
M2R-decoy_6086,COc1cc(OC)c(OC)cc1/C=C/COC(=O)/C=C/c1ccc(OC)c(OC)c1OC,-18.46,0
M2R-decoy_7152.2,COc1cc(COc2c(C)cccc2c2csc(N3CC[C@@H](C(=O)[O-])[C@@H](OC)C3)n2)c(F)c2c1C[NH+](C1CCOCC1)CC2,-18.46,0
M2R-decoy_652,CO[C@@H]1COC(=O)[C@H](C)NC(=O)C/C=C\[C@@H](OC)[C@H](C)COC(=O)C/C=C\[C@H]1C,-18.46,0
M2R-decoy_9412,CC(C)(Cc1c(C(=O)C2CCC2)c2cc(OCc3ccccn3)ccc2n1Cc1ccc(c2nccs2)cc1)C(=O)[O-],-18.46,0
M2R-decoy_2027,CCCCOC(=O)NS(=O)(=O)c1sc(CC(C)C)cc1c1cccc(CN(C)C(C)=O)c1,-18.45,0
M2R-decoy_5015,O=C([O-])CCC/C=C(\c1ccc(CCN(CC[NH+]2CCOCC2)S(=O)(=O)c2ccc(Cl)cc2)cc1)c1cccnc1,-18.45,0
M2R-decoy_2134,CCOS(=O)(=O)/C=C/c1ccc(OCc2ccc(COc3ccc(/C=C/S(=O)(=O)OCC)cc3)c(C(=O)[O-])c2)cc1,-18.44,0
M2R-decoy_7633,Cc1cn([C@@H]2O[C@H](CO[Si](C)(C)C(C)(C)C)[C@@]3(OS(=O)(=O)C=C3NC(=O)c3ccccc3)[C@H]2O[Si](C)(C)C(C)(C)C)c(=O)n(C)c1=O,-18.44,0
M2R-decoy_9616,C=CCC(C=C)S(=O)(=O)c1ccc(C)cc1,-18.44,0
M2R-decoy_5475,COCCOCOc1cc(C)c(c2ncc(c3ccc(C(=O)[O-])cc3)s2)cc1C12CC3CC(CC(C3)C1)C2,-18.43,0
M2R-decoy_7375,CO[C@]1(CO)C[C@H]2C3=CC[C@@H]4[C@@]5(C)CC[C@@H](OC(C)=O)C(C)(C)[C@@H]5CC[C@@]4(C)[C@]3(C)CC[C@H]2[C@@H](OC(C)=O)[C@H]1O,-18.43,0
M2R-decoy_10526,CC1CN(C(=O)C(Cl)(Cl)Cl)C(C)CN1C(=O)C(Cl)(Cl)Cl,-18.42,0
M2R-decoy_2881,COc1c(C)cc(/C(=C/CCc2nnc(C)o2)c2ccc3oc(=O)n(C)c3c2)cc1C(=O)SC,-18.42,0
M2R-decoy_1418,C[C@H]1CCCCN1S(=O)(=O)c1ccc(C(C)(O)C(F)(F)F)cc1,-18.42,0
M2R-decoy_4919,COc1ccccc1Oc1c(NS(=O)(=O)c2ccc(C(OC)(C(F)(F)F)C(F)(F)F)cc2)nc(c2ncccn2)nc1OCCO,-18.42,0
M2R-decoy_6591,CC(=O)Oc1cc(OC(C)=O)c2c(c1)O[C@H](c1ccc(OC(C)=O)c(OC(C)=O)c1)[C@H](OC(C)=O)C2,-18.42,0
M2R-decoy_9406,CCCCCCCCCCCCCCCC(=O)Oc1ccc2c(c1)C(=O)/C(=C/c1ccc(OC)c(OC)c1)O2,-18.42,0
M2R-decoy_4580,COc1cc2c(cc1OC)-c1c(Br)c3ccc(OC)c(OCCCCCCCCCCO[N+](=O)[O-])c3c[n+]1CC2,-18.4,0
M2R-decoy_5676,CCCCCCCCC(O)[C@H](CC(C)C)NC(=O)[C@@H](NC(=O)[C@@H](NC(=O)OC(C)(C)C)C(C)C)C(C)C,-18.4,0
M2R-decoy_5945,CCCCOc1c(OC)c(OC)cc2c1C(=O)[C@]1(OC)C=C[C@H]2N(C(=O)OCC(C)C)N1C(=O)OCC(C)C,-18.4,0
M2R-decoy_3617,COc1ccc(CS(=O)(=O)CC(=O)NCC2CC2)cc1F,-18.39,0
M2R-decoy_5900,CC(C)OCCCN1C=C2C(=O)C(C)(OC(=O)CCc3ccccc3)C(=O)C=C2C=C1c1ccc(C#N)cc1,-18.39,0
M2R-decoy_9229,CCC(O)(CC)CS[C@@H](C)C1=CC[C@H]2/C(=C/C=C3C[C@@H](O)C(=CCO)[C@H](O)C3)CCC[C@]12C,-18.39,0
M2R-decoy_9986,CC(=O)O[C@H]1C[C@@H]2C(=CC[C@H]3[C@]4(C)C[C@@H](OC(C)=O)[C@H]([C@@](C)(OC(=O)C(F)(F)F)C(=O)CCC(C)(C)OC(C)=O)[C@@]4(C)CC(=O)[C@]32C)C(C)(C)C1=O,-18.39,0
M2R-decoy_5807,CCCc1nc2c(C)cc(C(=O)NCc3ccc(OC)c(OC)c3)cc2n1Cc1ccc(c2ccccc2S(=O)(=O)Nc2onc(C)c2C)cc1,-18.38,0
M2R-decoy_1335.1,Nc1nc(O)c(Br)c(c2ccc(O)cc2)n1,-18.37,0
M2R-decoy_3800,CCn1c(CCCc2ccc(OC(C)(C)C(=O)NS(=O)(=O)C3CC3)cc2)nn(Cc2ccc(C(C)(C)C)cc2)c1=O,-18.36,0
M2R-decoy_10334,O=C(Oc1ccccc1)N1CCC[C@@]2(CCN(c3ncccn3)C2)C1,-18.35,0
M2R-decoy_3679,CC(C)N(C)C(=O)CSCc1ccc(S(=O)(=O)N(C)C)o1,-18.35,0
M2R-decoy_1209,COC(=O)N1C=CC=C(C2C(C#N)=C(C)NC(C)=C2C#N)C1,-18.33,0
M2R-decoy_4321,COCCN(CCOC)c1nc(C)nc2c1nnn2c1c(Br)cc(OC)cc1OC,-18.32,0
M2R-decoy_10315,COC12CCC[C@H](CC(C)(CI)OO1)C2,-18.3,0
M2R-decoy_3634,CCC[C@H](NC(=O)[C@@H](O)C(C)(C)C)C(=O)Nc1ncc(C(C)C)s1,-18.3,0
M2R-decoy_6558,CCCC(=O)OCC(=O)[C@@]1(OC(=O)c2ccco2)[C@H](C)CC2C3CCC4=CC(=O)C=CC4(C)[C@@]3(F)C(O)CC21C,-18.3,0
M2R-decoy_9054,COc1ccc(c2ccc(Cn3c(CC(C)(C)C(=O)[O-])c(SC(C)(C)C)c4cc(OCc5ccc6ccc(F)cc6n5)ccc43)cc2)cn1,-18.3,0
M2R-decoy_1022,O=C1/C(=C/c2cccnc2)SC(=S)N1NS(=O)(=O)c1ccccc1,-18.29,0
M2R-decoy_176,C/C1=C/CCC2=C[C@@H](OC2=O)C(C)(C)/C=C\C1=O,-18.29,0
M2R-decoy_11231,COc1cc(C(C)C)c2c(c1)S(=O)(=O)N(COc1cc(C)oc(=O)c1Cl)C2=O,-18.28,0
M2R-decoy_590,C=C1C(=O)O[C@@H]2[C@@H](O)/C(C)=C\C(=O)/C=C(\C)C[C@H](OC(=O)/C(C)=C/C)[C@@H]12,-18.28,0
M2R-decoy_4054,CCCCCCCC/C=C\CCCCCCCCOC[C@@H]1CCCN1C(=O)[C@@H]1CCCN1C(=O)OC(C)(C)C,-18.27,0
M2R-decoy_11087,CCn1nc(C)cc1S(=O)(=O)N1CCC2(CCCN(C(C)C)C2=O)C1,-18.26,0
M2R-decoy_8874,C=CCc1c(OCc2ccc3ccccc3n2)ccc2c1c(SC(C)(C)C)c(CC(C)(C)C(=O)[O-])n2Cc1ccc(Cl)cc1,-18.26,0
M2R-decoy_9632,CCCC(CCC)(C(=O)OCC)C(=O)OCC,-18.26,0
M2R-decoy_3189,CCCCCCCCC#CC(=O)[C@@H]1COC(C)(C)N1C(=O)OC(C)(C)C,-18.25,0
M2R-decoy_7539,CCC(C)[C@H]1O[C@]2(CC[C@@H]1C)C[C@@H]1C[C@@H](C/C=C(\C)[C@@H](OC(=O)c3ccc(Cl)cc3)[C@@H](C)/C=C/C=C3\CO[C@@H]4[C@H](O)C(C)=C[C@@H](C(=O)O1)[C@]34O)O2,-18.25,0
M2R-decoy_2489,C#Cc1cnc2nc(O)n(C(CC)CC)c2n1,-18.24,0
M2R-decoy_2603,CCOc1cc([C@@H](Nc2ccc3c(N)nccc3c2)C(=O)NS(=O)(=O)c2cccc(S(N)(=O)=O)c2)ccc1OC(C)C,-18.24,0
M2R-decoy_3410,CC(C)CCO[C@@H]1C=CC(=O)[C@@H](CO[Si](C)(C)C(C)(C)C)O1,-18.24,0
M2R-decoy_659,O=C1C[C@@H](O)[C@]23Oc4cccc5c4[C@](CC[C@@H]5O)(Oc4ccc(O)c1c42)O3,-18.24,0
M2R-decoy_11144,CCOC(=O)C1CN(S(=O)(=O)c2ccc(F)cc2)CCN1C(C)=O,-18.22,0
M2R-decoy_124,CC(=O)O[C@H]1CCC(C)(C)[C@@]23C=C[C@@](C)(OO2)O[C@@]13C,-18.22,0
M2R-decoy_6436,CC(=O)O[C@H]1C[C@@H](C)[C@]23OC(C)(C)[C@H](C[C@H](OC(=O)c4ccccc4)[C@]2(C)[C@H]1OC(C)=O)[C@H]3OC(=O)c1ccco1,-18.22,0
M2R-decoy_7336,CC1(C)CN(CC(=O)N[C@H]2C3CC4CC2C[C@](C(N)=O)(C4)C3)S(=O)(=O)N(c2c(Cl)cc(Cl)cc2Cl)C1,-18.22,0
M2R-decoy_5818,CCCCCC/C=C(\CC(=O)NNS(=O)(=O)c1ccc(c2ccc(Br)cc2)cc1)C(=O)N[C@@H](Cc1c[nH]c2ccccc12)C(=O)NC,-18.21,0
M2R-decoy_8695,CCCCCCCCCCCCC(SC(=O)c1cc(OC)c(OC)c(OC)c1)c1cc(OC)c2c(c1OC)/C(=N/O)C=C/C2=N\O,-18.21,0
M2R-decoy_2458,CCCOC(=O)/C=C/c1coc2cc(O)ccc2c1=O,-18.2,0
M2R-decoy_6582,CC1(C)Oc2ccc3c(=O)ccoc3c2[C@@H](OC(=O)C23CCC(C)(C(=O)O2)C3(C)C)[C@H]1OC(=O)C12CCC(C)(C(=O)O1)C2(C)C,-18.19,0
M2R-decoy_5689,CNC(=O)[C@@H](Cc1ccc(OC)cc1)NC(=O)C(CC(C)C)CP(=O)(O)Cc1cccc(c2ccccc2)c1,-18.18,0
M2R-decoy_9013,CCCC(CCC)n1c2cc(C(=O)[O-])ccc2nc1c1ccc(OCc2c(C(C)C)onc2c2c(Cl)cccc2Cl)cc1,-18.18,0
M2R-decoy_1331,CC1(C)OC(=O)[C@H]2C[C@@H](Br)[C@H](Br)C[C@H]21,-18.16,0
M2R-decoy_2823,CCCn1cc(S(=O)(=O)c2ccc(CC)cc2)c(=O)c2cc(F)c(N(CC)CC)cc21,-18.16,0
M2R-decoy_546,Cc1c(S(=O)(=O)N2CCCCC2)c(=O)n(C)c(=O)n1C,-18.16,0
M2R-decoy_6438,C=C1C(=O)[C@@]23C(=O)OC[C@]4([C@@H](OS(C)(=O)=O)CCC(C)(C)[C@H]4C=O)[C@@H]2CC[C@@H]1[C@H]3OC(=O)CCCC,-18.16,0
M2R-decoy_5353,COc1cc(C(=O)NS(=O)(=O)c2ccccc2C)ccc1Cc1cn(C(C)C(=O)N(C)C)c2ccc(C(=O)NCC3CCCC3)cc12,-18.15,0
M2R-decoy_7879,CO[C@@H]1CC/C=C/c2cccc(c2)COC(=O)[C@@H]2CCCN(N2)C(=O)[C@H](Cc2cccc(O)c2)NC(=O)[C@H](C(C)C)NC(=O)[C@@H]1C,-18.15,0
M2R-decoy_1392,CNc1nn2c(C)c3c(nc2c1S(=O)(=O)c1ccccc1)CCCC3,-18.14,0
M2R-decoy_2136,CCCCOCCCNC(=O)C[C@@H]1C[C@@]2(C(=O)OC)CCCCC=C2N(Cc2ccc(Cl)cc2Cl)C1=O,-18.14,0
M2R-decoy_4333,COc1cccc(Oc2c(NS(=O)(=O)c3ccc(C(C)(C)C)cc3)ncnc2OCCNc2ncccn2)c1,-18.14,0
M2R-decoy_4844,O=C([O-])CN1C(=O)/C(=C/c2ccc(OCCc3ccccc3)c(OC(C(=O)N3CCOCC3)c3ccccc3)c2)SC1=S,-18.14,0
M2R-decoy_6545,CC(=O)N1CCc2c(c(N3CCCc4cc(c5cnn(C)c5)c(C(F)F)cc43)nn2C2CCS(=O)(=O)CC2)C1,-18.14,0
M2R-decoy_7882,CC(=O)O[C@H]1CC[C@](C)(O)[C@]23OC(C)(C)[C@H]([C@@H](OC(C)=O)[C@H](OC(=O)c4ccccc4)[C@]12C)[C@H]3OC(=O)c1cccnc1,-18.12,0
M2R-decoy_3,COc1c(C=O)c(OC)c(C(C)=O)c2c1CCC(C)(C)O2,-18.11,0
M2R-decoy_3247,CCCCC#CC#C/C=C/CCCCCC[C@@H]1O[C@](C)(OC)[C@@](C)(OC)OC1=O,-18.11,0
M2R-decoy_4384,CSc1ccc(n2c(C)c(CC(=O)OCCCCO)cc2c2ccc(S(C)(=O)=O)cc2)cc1,-18.11,0
M2R-decoy_455,C[C@@H]1OC(=O)N2CCCC(=C3SCCCS3)C12,-18.11,0
M2R-decoy_8330,CCCOc1ccc(C[C@@H](Cc2ccccc2)C(=O)[O-])cc1CNC(=O)c1ccc(N2C3CCCC2CC3)cc1,-18.1,0
M2R-decoy_8347,O=C([O-])c1ccc(OCCc2c(CNS(=O)(=O)Cc3ccccc3)n(C(c3ccccc3)c3ccccc3)c3ccc(Cl)cc23)cc1,-18.09,0
M2R-decoy_10412,CC(C)(C)OC(=O)N1CCC[C@H]1CSC[C@@H]1CCCN1C(=O)OC(C)(C)C,-18.08,0
M2R-decoy_4605,CCN(CC)c1nc(N(CC)CC)nc(c2cn(c3ccc(c4nc(c5ccc(OC)cc5)c(c5ccc(OC)cc5)o4)cc3)nn2)n1,-18.08,0
M2R-decoy_7037,O=S(=O)(NCCO[C@@]12COc3c(F)ccc(F)c3[C@]1(S(=O)(=O)c1ccc(Cl)cc1)CC[C@@H](O)C2)C(F)(F)F,-18.08,0
M2R-decoy_7488,Cc1cc(=O)oc2c3c(ccc12)OC(C)(C)[C@H](OC(=O)C12CCC(C)(C(=O)O1)C2(C)C)[C@@H]3OC(=O)C12CC3CC(CC(C3)C1)C2,-18.08,0
M2R-decoy_10534,CC1CCN(S(=O)(=O)c2cnc(Cl)c(Br)c2)CC1,-18.06,0
M2R-decoy_3934,CSc1ccc(/C=C2/C(C)=C(CC(=O)OCCOCCOc3no[n+]([O-])c3S(=O)(=O)c3ccccc3)c3cc(F)ccc32)cc1,-18.06,0
M2R-decoy_7025,COCC(=O)OCC(=O)[C@@]1(OC(=O)c2ccco2)[C@H](C)CC2C3CCC4=CC(=O)C=CC4(C)[C@@]3(Cl)C(O)CC21C,-18.06,0
M2R-decoy_8856,C=C1[C@@H](OC(=O)C(C)(C)[C@H](C)O)C[C@H]2C[C@@H]1[C@]21C[C@]2(C[C@H](C)C(=O)O2)O[C@H]1OCC1=C(/C=C/CCCCC)[C@@H](O)[C@@H]2O[C@@]23C[C@H](O)C(C)(C)O[C@@H]13,-18.06,0
M2R-decoy_9317,CCCCCCCCCCCCCCCCC(=O)/C=C/C(=O)CC(=O)OC,-18.06,0
M2R-decoy_2222,CCCCCCC[C@@H](C/C=C/CCC(=O)NC/C(=C/Cl)[C@]12O[C@H]1[C@@H](O)CCC2=O)OC,-18.05,0
M2R-decoy_772,CC(=O)O[C@H]1C#C/C=C\C#CC[C@H]2C(=O)N(C(=O)OC(C)(C)C)[C@H]12,-18.05,0
M2R-decoy_9869,O=C(COc1cccc2[nH]cc(S(=O)(=O)c3ccc(F)cc3Cl)c12)NS(=O)(=O)c1cc(Cl)c(Cl)s1,-18.05,0
M2R-decoy_11153,CCOc1c(I)cc(S(=O)(=O)N(C)C)c2ccc(C)nc12,-18.04,0
M2R-decoy_1349,C[C@@H]1CCC2[C@@H](C)COC3OC4(CCCC4)OO[C@@]32C1,-18.03,0
M2R-decoy_7355,CC(C)(O)CC[C@H]1OC(C)(C)O[C@]1(C)[C@H]1CC[C@@]2(O)C3=CC(=O)[C@@H]4C[C@@H](O)[C@H]5OC(C)(C)O[C@H]5[C@]4(C)[C@H]3CC[C@]12C,-18.03,0
M2R-decoy_10447,O=S(=O)(c1ccc2c(c1)OCCO2)C1CCC(S(=O)(=O)c2c(F)cccc2F)CC1,-18.02,0
M2R-decoy_6834,CC(C)(C)NC(=O)C(=O)[C@@H]1CCCCCCCCCC[C@H](NC(=O)OC(C)(C)C)C(=O)N2C[C@@H]3[C@H]([C@H]2C(=O)N1)C3(C)C,-18.02,0
M2R-decoy_4116,CCCC(=O)N(CCC(=O)c1c(CC)nc(CCC)n1Cc1ccc(c2ccccc2S(=O)(=O)NC(=O)OCCC(C)C)cc1F)c1cccnc1,-18.01,0
M2R-decoy_9006,CCCCCCCC/C=C\CCCCCCCC(=O)Oc1c(OC)cc([C@@H]2c3cc4c(cc3C[C@H]3COC(=O)[C@@H]32)OCO4)cc1OC,-18.01,0
M2R-decoy_10500,CCOC(=O)C(I)C12CCCC(C1)C(C)(C)OO2,-18.0,0
M2R-decoy_2101,CCOC(CC(=O)[O-])c1cccc(OCC2CCN(c3cc(OC)ccc3C(=O)N(CC(C)(C)C)c3cccc(C)n3)CC2)c1,-18.0,0
M2R-decoy_9781,CC1=C2Cc3cc(ccc3O)C(=O)O[C@H](C(C)(C)Br)CC[C@](C)(O)[C@H](Br)CC[C@]2(C)[C@@H](Br)CC1,-18.0,0
M2R-decoy_11225,Cc1ccc(C)c(S(=O)(=O)N2CCC3(CC2)OCCN3S(=O)(=O)c2cccs2)c1,-17.99,0
M2R-decoy_4880,Cc1c(Cc2cccc(NS(=O)(=O)NCCC#N)c2F)c(=O)oc2cc(OCCOc3no[n+]([O-])c3S(=O)(=O)c3ccccc3)ccc12,-17.99,0
M2R-decoy_6042,Cn1nccc1c1ccc(I)cc1Oc1ccc(S(=O)(=O)Nc2ncc(F)s2)cc1C#N,-17.99,0
M2R-decoy_10329,CC1CCCCN1S(=O)(=O)c1ccc2c(c1)C(C)(C)C(=O)N2C,-17.98,0
M2R-decoy_348,OC1C=CC(O)C2C1C(O)CCC21Oc2cccc3cccc(c23)O1,-17.98,0
M2R-decoy_1011,Cc1cc(S(=O)(=O)NC(=O)Nc2ncc(Br)s2)sc1CO,-17.97,0
M2R-decoy_1163,Cc1cc(C)c(S(=O)(=O)c2cccc(Br)c2C)c(O)n1,-17.97,0
M2R-decoy_2079.1,CCCCOC(=O)[C@H](Cc1ccc(O)cc1)NC(=O)C1(NC(=O)[C@H](SC(=O)C[NH+]2CCCCC2)C(C)C)CCCC1,-17.97,0
M2R-decoy_2393,CC(C)C1CCC(NC(=O)N(CCF)N=O)CC1,-17.97,0
M2R-decoy_867,Cc1ccc(S(=O)(=O)c2ccc(S(N)(=O)=O)s2)cc1,-17.97,0
M2R-decoy_10997,C=C1CC[C@H]2[C@@](C)(CC[C@H]3OC(C)(C)OC[C@@]23C)[C@@H]1C/C=C1/C(=O)OC[C@H]1OC(=O)CCl,-17.96,0
M2R-decoy_7058,COc1cc(C)ccc1S(=O)(=O)NC(=O)[C@@H](c1ccc2c(c1)OCO2)c1cn(C)c2cc(CO)ccc12,-17.96,0
M2R-decoy_8150,CCC[C@@H]1NC(=O)[C@@H](NC(=O)[C@@H](NC(=O)OC(C)(C)C)C(C)(C)C)c2ccc(cc2)Oc2cc(nc(c3ccccc3)n2)/C=C/CCCS(=O)(=O)NC1=O,-17.96,0
M2R-decoy_11389,CCN(CC)C(=O)c1cc(Br)cc(S(=O)(=O)N2CCOCC2)c1F,-17.95,0
M2R-decoy_10167,O=c1ccc2c(n1CC1CC1)CCC(NS(=O)(=O)C1CC1)C2,-17.95,0
M2R-decoy_5478,COc1cc2c(c(OCc3ccccc3F)c1OC)C(=O)[C@]1(OC)C=C[C@H]2N(C(=O)OCC(C)C)N1C(=O)OCC(C)C,-17.95,0
M2R-decoy_7853,CC(=O)O[C@H]1C[C@](C)(O)C[C@@H]2[C@@]1(O)C[C@@]1(C)[C@H](OC(C)=O)[C@H]3[C@@H](OC(=O)c4ccccc4)[C@@H](C)C[C@]3(O)[C@H](OC(C)=O)[C@@]21C,-17.94,0
M2R-decoy_3637,CCc1c(Cc2ccccc2)c(=O)n(O)c(=O)n1COCc1ccc(F)cc1,-17.93,0
M2R-decoy_5619,CCC(C)(C)C(=O)NC(c1cc(C)cc(C)c1OCC(O)C[C@@H](O)CC(=O)[O-])C1CCCCC1,-17.93,0
M2R-decoy_61,CCCCCCCC/C=C\CCCCCCCC(=O)N1CSC[C@H]1C(=O)N1CCCC1,-17.93,0
M2R-decoy_7733,C=C(C)[C@@H]1CC[C@]2(C(=O)OCCC)CC[C@]3(C)[C@H](CC[C@@H]4[C@@]5(C)CC[C@H](OC(=O)CC(C)(C)C(=O)[O-])C(C)(C)[C@@H]5CC[C@]43C)[C@@H]12,-17.93,0
M2R-decoy_10820,Cc1cc(=O)oc2c(COC(=O)[C@@]34CC[C@@](C)(C(=O)O3)C4(C)C)c(SC(C)C)ccc12,-17.92,0
M2R-decoy_3767,CCCCCCCCCCS(=O)(=O)c1ccc(OCC(=O)c2nc(C)c(CCCC(=O)[O-])s2)cc1,-17.92,0
M2R-decoy_6651,CCC(C)C(=O)O[C@@H]1[C@@H](C)[C@@]2(O)[C@@H](C=C(CO)C[C@]3(O)C(=O)C(C)=C[C@@H]23)[C@@H]2C(C)(C)[C@]12OC(=O)C(C)C,-17.92,0
M2R-decoy_6531,CC(=O)OC(C)(C)/C=C/C(=O)[C@](C)(O)[C@H]1[C@@H](O)C[C@@]2(C)[C@@H]3CC=C4[C@@H](CC[C@H](O)C4(C)C)[C@]3(CO)C(=O)C[C@]12C,-17.92,0
M2R-decoy_9918,COC(=O)[C@@H](NC(=O)[C@]12CCC(C)(C)C[C@H]1C1=CC[C@@H]3[C@@]4(C)C[C@@H](O)[C@H](O)C(C)(C)[C@@H]4CC[C@@]3(C)[C@]1(C)CC2)C(C)C,-17.91,0
M2R-decoy_347,COc1nc(C(Cl)(Cl)Cl)nc(C(Cl)(Cl)Cl)n1,-17.9,0
M2R-decoy_4025,CCCCCCCC(=O)SCC/C=C/COC(=O)[C@@H](NC(=O)c1csc(c2csc(C)n2)n1)C(C)C,-17.9,0
M2R-decoy_5862,O=C1/C(=C/c2ccccc2F)SC(=S)N1NS(=O)(=O)c1ccccc1,-17.9,0
M2R-decoy_8076,C=C(CCCC(C)(C)OC)[C@H]1CC[C@]2(C)[C@@H]1[C@H](OC(=O)CBr)C[C@@H]1[C@@]3(C)CC[C@H](OC(=O)CBr)C(C)(C)[C@@H]3CC[C@]12C,-17.9,0
M2R-decoy_3974,CCC(CC)CNC(=O)c1ccc2c(CC3CCCC3)cn(Cc3ccc(C(=O)NS(=O)(=O)c4ccccc4C)cc3OC)c2c1,-17.89,0
M2R-decoy_152,C=C1O[C@@H]2[C@@H](OC(C)=O)C3=C(C)C(=O)OC3=C[C@@]2(C)[C@@H]2C[C@H]12,-17.88,0
M2R-decoy_4020,CCCCOC(=O)NS(=O)(=O)c1sc(CC(C)C)cc1c1cccc(CN(CC)S(=O)(=O)c2cccs2)c1,-17.88,0
M2R-decoy_5352,CN(C)C(=O)C[C@H](CSc1ccccc1)Nc1ccc(S(=O)(=O)NC(=O)c2ccc(N3CCC(C)(C)CC3)cc2)cc1[N+](=O)[O-],-17.88,0
M2R-decoy_3485,CCCCCN(C[C@@H](O)[C@H](Cc1ccccc1)NC(=O)OCCN1CCNC1=O)S(=O)(=O)c1ccc2ncsc2c1,-17.87,0
M2R-decoy_5248,C=C(Cl)C[NH+]1C[C@H](OCC23C[C@@H]4[C@H](C)CC[C@H]4C4(C=O)CC2C=C(C(C)C)[C@@]34C(=O)[O-])O[C@@H]2CCC[C@H]21,-17.86,0
M2R-decoy_11331,CCc1ccc(S(=O)(=O)N2CCCC3(CCCN3S(C)(=O)=O)C2)cc1,-17.85,0
M2R-decoy_4821.1,COC(=O)CNP(=O)(OC[C@H]1OC(OC(C)=O)[C@@H](NC(C)=O)[C@@H](OC(C)=O)[C@@H]1OC(C)=O)Oc1cccc2ccccc12,-17.85,0
M2R-decoy_8279.1,CCCCNC(=O)c1ccc(Cc2ccc(CC(=O)[O-])cc2OC)c(NS(=O)(=O)c2ccc(Cl)cc2Cl)c1,-17.85,0
M2R-decoy_9711,CC1=C(COC(=O)C(C)(C)C)C(=O)O[C@@H]([C@@H](C)[C@H]2CC[C@H]3[C@@H]4C[C@H]5O[C@]56C(=O)C=CC(=O)[C@]6(C)[C@H]4CC[C@@]32C)C1,-17.82,0
M2R-decoy_11019,Cc1nc2cccc(S(=O)(=O)Nc3cc(Br)ccc3C(=O)N3CCCCC3)c2s1,-17.81,0
M2R-decoy_658,CC1CN(S(=O)(=O)c2ccc(F)cc2)C(C)N1C(=O)N1CCOCC1,-17.81,0
M2R-decoy_7401,S=C(NC1CCCCC1)N1CCOCCOCCN(C(=S)NC2CCCCC2)CCOCCOCC1,-17.81,0
M2R-decoy_7454,COc1cc(Br)cc(Br)c1Oc1cc(Br)cc(Br)c1O,-17.81,0
M2R-decoy_3713,C=CCS[C@H]1[C@@H](C(=O)[O-])[C@H](c2ccc(OC)c(OC)c2)N(S(=O)(=O)c2ccc(C)cc2)[C@@H]1CCCCCC,-17.8,0
M2R-decoy_10497,Cc1cc(C)c(S(C)(=O)=O)c(S(=O)(=O)c2ccc(Cl)cc2)n1,-17.79,0
M2R-decoy_145,CC(=O)c1ccc2c(c1)[Si](C)(C)C[Si]2(C)C,-17.79,0
M2R-decoy_4535,COC(=O)CCCCCCCCCCCCCC/C=C1\CC(CO)(COC(=O)C(C)(C)C)OC1=O,-17.79,0
M2R-decoy_4555,C=C(CC)C(=O)c1ccc(OCC(=O)NCCCCCCNC(=O)OC(C)(C)C)c(Cl)c1Cl,-17.79,0
M2R-decoy_8176,COc1ccc2c(O[C@H]3C[C@H]4C(=O)N(C)CCCC/C=C/[C@@H]5C[C@@]5(C(=O)NS(=O)(=O)C5(C)CC5)NC(=O)N4C3)cc(c3nc(C4CCC4)cs3)nc2c1Cl,-17.79,0
M2R-decoy_8408,CCC(C)n1ncn(c2ccc(N3CCN(c4ccc(OC[C@@H]5CO[C@@](Cn6ccnc6C(C)C)(c6ccc(Cl)cc6Cl)O5)cc4)CC3)cc2)c1=O,-17.79,0
M2R-decoy_4802,C#CCN(C[C@@H]1[C@@H](OC(=O)NC2CC2)[C@@H](OC(=O)NC2CC2)CN(C(=O)OC(C)C)N1C(=O)OC(C)C)S(=O)(=O)c1ccc(C)cc1,-17.78,0
M2R-decoy_285,C[C@@H]1CC[C@H](O)/C=C/C(=O)O[C@H](C)CC[C@H](O)/C=C/C(=O)O1,-17.77,0
M2R-decoy_5696,CCCCCS(=O)(=O)NC(=O)Cc1cc(OCCCC)nn1Cc1ccc(Cl)cc1Cl,-17.76,0
M2R-decoy_7130,C[C@H](NC(=O)[C@H](Cc1ccccc1)NS(=O)(=O)c1c(F)c(F)c(F)c(F)c1F)C(=O)Nc1n[nH]c(=S)s1,-17.76,0
M2R-decoy_6063,C[C@@H]1CN([C@H](C)CO)C(=O)c2c(c3ccccc3n2C)-c2ccccc2CO[C@H]1CN(C)S(=O)(=O)c1ccsc1,-17.75,0
M2R-decoy_628.1,CN(C)c1nc(O)c(I)c(c2ccccc2)n1,-17.75,0
M2R-decoy_11214,CCOC(=O)C(=O)OC1(C)CCC2CC1OO[C@]2(C)CS(=O)(=O)c1ccccc1,-17.74,0
M2R-decoy_2838,CC(Oc1ccc(F)cc1)c1nnc(SCC(=O)N(c2ccccc2)C2CCS(=O)(=O)C2)o1,-17.74,0
M2R-decoy_8710,CCCCCCOC(C)C1=C(C)C2=NC1=Cc1[nH]c(c(CC)c1C)C=c1[nH]c3c(c1C)C(=O)N(CCC)C(=O)C=3C1=NC(=C2)[C@@H](C)[C@@H]1CCC(=O)OC,-17.74,0
M2R-decoy_4193.1,C[N+]1(CCOP(=O)([O-])OCCCCCCCCCCC=C2C3CC4CC(C3)CC2C4)CCOCC1,-17.73,0
M2R-decoy_4224,CCC(CC)(c1ccc(OCC(=O)C23CC4CC(CC(C4)C2)C3)c(C)c1)c1ccc(OC[C@@H](O)CO)c(C)c1,-17.73,0
M2R-decoy_4571,CCCCCCCCO[C@@H]1O[C@@H](C)[C@H](OC(=O)CCCCC)[C@@H](O[C@@H]2O[C@@H](C)[C@H](OC(C)=O)[C@@H](O)[C@H]2OC(C)=O)[C@H]1O,-17.73,0
M2R-decoy_7369,C=C(C)[C@@H]1CC[C@]2(C(=O)[O-])CC[C@]3(C)[C@H](CC[C@@H]4[C@@]5(C)CC[C@H](O[C@H]6O[C@H](CO)[C@@H](O)[C@H](O)[C@@H]6O)C(C)(C)[C@@H]5CC[C@]43C)[C@@H]12,-17.73,0
M2R-decoy_8682,CC(C)CCCC(C)C1CCC2C3CC=C4CC(OCCCCCC(=O)ON5C(=O)CCC5=O)CCC4(C)C3CCC12C,-17.73,0
M2R-decoy_6186,CO[C@H](/C(C)=C/C=C/C(C)=C/c1coc(C)n1)[C@H](C)[C@H]1C[C@@H](O)[C@@]2(C)O[C@H]2/C=C/[C@@H](C)[C@@H]2C[C@@H](CC(=O)O2)C[C@H]2O[C@@H]2C(=O)O1,-17.72,0
M2R-decoy_744,CCC1NC(Nc2ccc(Cl)c(S(=O)(=O)C(C)C)c2O)=[NH+]C1=O,-17.72,0
M2R-decoy_5299,CCCCCCCCCC(=O)O[C@@H]1[C@@H]2OC(=O)[C@@H]([C@@H]2C(C)C)[C@]2(O)[C@H]3O[C@H]3[C@]3(C[C@](O)([C@H](C)OC)C(=O)O3)[C@]12C,-17.71,0
M2R-decoy_7473,CC(=O)O[C@H]1CC[C@@]2(C)[C@@H](CC[C@]3(C)[C@@H]2C(=O)C=C2[C@@H]4[C@@H](C)[C@H](C)CC[C@]4(C(=O)n4cnnc4)CC[C@]23C)C1(C)C,-17.71,0
M2R-decoy_2510,CC(C)Sc1cccc(OS(C)(=O)=O)n1,-17.7,0
M2R-decoy_6553,Cc1cc(=O)oc2c3c(ccc12)OC[C@H](OC(=O)[C@]12CC[C@](C)(C(=O)O1)C2(C)C)[C@@H]3OC(=O)[C@]12CC[C@](C)(C(=O)O1)C2(C)C,-17.7,0
M2R-decoy_3729.1,O=C(CCc1cn(Cc2ccccc2)nn1)Nc1nnc(CCCCc2nnc(NC(=O)Cc3ccccc3)s2)s1,-17.69,0
M2R-decoy_3854,CCCc1cc(Oc2ccc(OC)cc2)ccc1OCCCOc1ccc2c(c1)OC(CC)(C(=O)[O-])CC2,-17.69,0
M2R-decoy_8803,CCC(NC(=O)[C@@H]1CCCN1C(=O)[C@@H](NC(=O)OC(C)(C)C)C(C)C)P(=O)(Oc1ccc(C(C)C)cc1)Oc1ccc(C(C)C)cc1,-17.69,0
M2R-decoy_9528,Cc1cn([C@H]2C[C@H](C3(c4ccc(NC(=O)CCCCCCC(=O)NO)cc4)SCCCS3)[C@@H](CO[Si](C)(C)C(C)(C)C)O2)c(=O)[nH]c1=O,-17.69,0
M2R-decoy_9836,CCC1CCC2(CC1)OOC1(CC[C@]3(C)[C@H]4CC[C@@]5(C)[C@@H](CC[C@@H]5[C@H](C)CCC(=O)NC)[C@@H]4[C@H](OC(C)=O)C[C@@H]3C1)OO2,-17.69,0
M2R-decoy_10511,COC(=O)C1(C=C2c3ccc(F)cc3C(OC)C2C)C2CCCOC21,-17.68,0
M2R-decoy_1393,CS(=O)(=O)c1ccc(c2nc(/C=C3\SC(=S)NC3=O)cs2)cc1,-17.68,0
M2R-decoy_6125,CCCCOC(=O)NS(=O)(=O)c1sc(CC(C)C)cc1c1ccc(CC(=O)N(C)C)cc1,-17.66,0
M2R-decoy_745,CCN1CC2(CC1=O)CN(C(=O)NC(C)C)CCN(C(=O)C(C)C)C2,-17.66,0
M2R-decoy_815,COC1OC2COC(C)(C)OC2C2OC(C)(C)OC12,-17.66,0
M2R-decoy_915,O=S1(=O)C=C(c2cccc(Br)c2)S(=O)(=O)CCC1,-17.66,0
M2R-decoy_3941,CCOc1cc(C(Nc2ccc3cnccc3c2)C(=O)NS(=O)(=O)c2cccc(S(=O)(=O)NC)c2)ccc1OC(C)C,-17.65,0
M2R-decoy_9694,COCCN1C(=O)[C@H]2CC[C@@H]1CN(c1nccc(C)n1)C2,-17.65,0
M2R-decoy_3806,C[C@@H]1CC[C@H]2[C@@H](C)[C@@H](OCCCCCCCCCOC(=O)CCC(=O)[O-])O[C@@H]3O[C@@]4(C)CC[C@@H]1[C@@]23OO4,-17.64,0
M2R-decoy_2563,OC[C@@H](O)[C@H](O)[C@@H](O)[C@H](O)/C=N/Nc1ncnc2c1cnn2c1ncnc2sc3c(c21)-c1ccccc1CC3,-17.62,0
M2R-decoy_7519,C[C@@H]1C[C@]2(C[C@@H](C)[C@@]3(CC[C@]4(C)[C@]3(C)CC[C@@]35O[C@]34[C@@H](OC(=O)Cc3ccccc3)C[C@H]3C(C)(C)C(=O)CC[C@@]35C)O2)OC1=O,-17.62,0
M2R-decoy_8385,CC[C@@H](C)[C@H](NC(=O)OCc1ccccc1)C(=O)N(Cc1ccccc1)C1(C(=O)NCc2ccccc2)CCN(C(=O)OC(C)(C)C)CC1,-17.62,0
M2R-decoy_2485,CCOC(=O)N(C)C(C)C#CCn1ccnc1,-17.61,0
M2R-decoy_4436,O=[N+]([O-])c1ccc(COP(=O)(N(CCCl)CCCl)N(CCCl)CCCl)s1,-17.61,0
M2R-decoy_2365,COC(=O)C1=C(C)O[C@](C)(/C=C/CC[C@H](C)O)C1=O,-17.6,0
M2R-decoy_5719,CC(NC(=O)[C@H](CC(=O)N(C)C)NC(=O)[C@@H](NC(=O)CC(C)(C)C)C(C)(C)C)C(=O)C(=O)N[C@H](C)c1ccccc1,-17.6,0
M2R-decoy_6634,Cc1cc(N)nc2c1CNC(=O)c1cnn(c1)Cc1ccc(Cn3cccn3)cc1OCC/C=C/CCO2,-17.6,0
M2R-decoy_2345,CC(=O)CC[C@H]1C(C)(C)CCC[C@]1(C)C(=O)CCC1=CCOC1=O,-17.59,0
M2R-decoy_7230,CC(=O)O[C@H]1C[C@@]2(C)[C@@H](C[C@@H](O)[C@H]3[C@@]4(C)CC[C@@H](O)[C@@H](C)[C@@H]4CC[C@@]32C)/C1=C(\CCC=C(C)C)C(=O)NS(=O)(=O)c1ccc(C#N)cc1,-17.59,0
M2R-decoy_9162,CCCCCC(C)CNC(=O)c1ccc2c(c1)c(Cc1ccc(C(=O)NS(=O)(=O)c3ccccc3C)cc1OC)cn2C,-17.59,0
M2R-decoy_3910,CCCCCCCN(C(=O)Nc1ccc(OC(F)(F)F)cc1)[C@@H]1Cc2ccc(SC(C)(C)C(=O)[O-])cc2C1,-17.58,0
M2R-decoy_3354,CCOP(=O)(OCC)C(CCN(O)C(C)=O)c1ccc(Cl)c(Cl)c1,-17.58,0
M2R-decoy_6956,O=C(Nc1nc2ccccc2s1)c1cccc2c1CN(c1ccc(c3cnn(CC4CCCOC4)c3)c(C(=O)[O-])n1)CC2,-17.58,0
M2R-decoy_3291,C=C1C(=O)O[C@@H]2CC(C)=C([C@@H](C)CCCOC(C)=O)[C@@H](OC(=O)CCl)[C@H]12,-17.57,0
M2R-decoy_9148,COc1cccc(OC)c1c1cc(C(=O)N[C@@H](CCC2CCCCC2)CC(=O)[O-])nn1CC(C)C,-17.57,0
M2R-decoy_9721,CC(C)[C@@H]1NC(=O)CCC/C=C/c2cc3cc(ccc3cn2)[C@@H](C)OC(=O)[C@@H]2CCCN(N2)C(=O)[C@H](C)NC1=O,-17.57,0
M2R-decoy_56,CC1CCN(S(=O)(=O)c2ccc(Cl)s2)CC1,-17.56,0
M2R-decoy_11137,Cc1cc(C)c(S(=O)(=O)N2CCN(S(=O)(=O)N3CCOCC3)CC2)c(C)c1,-17.55,0
M2R-decoy_3741,CCCc1c(OCCCOc2ccc(c3coc(C)n3)c(OC)c2CCC)ccc2c1OC(C(=O)[O-])CC2,-17.55,0
M2R-decoy_4532,C=CC(=C)CC[C@]1(C)[C@H](C)[C@@H](OC(=O)/C=C\C=C\CCCCC)[C@H](O)[C@@]23C(=C[C@H](O)C[C@@H]12)[C@@H](OC(C)=O)O[C@@H]3OC(C)=O,-17.55,0
M2R-decoy_1229,C[C@H]1CCCCC/C=C/C(=O)Cc2cc(O)cc(O)c2C(=O)O1,-17.54,0
M2R-decoy_6742,CC(C)(C)C[C@H](NC(=O)C1[C@@H]2[C@H](CN1C(=O)C(NC(=O)OC(C)(C)C)C(C)(C)C)C2(C)C)C(=O)C(N)=O,-17.54,0
M2R-decoy_8463,C[C@@H]1CC[C@H]2[C@@H](C)[C@@H](OCCCCCCCCCCOC(=O)CCC(=O)[O-])O[C@@H]3O[C@@]4(C)CC[C@@H]1[C@@]23OO4,-17.54,0
M2R-decoy_2965,C=C(c1cc(N(CCC)CC2CC2)nc(C)n1)c1c(OC)cc(OC)cc1OC,-17.52,0
M2R-decoy_4810,COc1ccccc1[C@@H](O)c1cc(Cl)cc(OC)c1N(CC(C)(C)C)C(=O)CCC(=O)N1CCC[C@H](C(=O)[O-])C1,-17.52,0
M2R-decoy_5317,CCCOc1cccc(C2(C(=O)NS(=O)(=O)Oc3c(C(C)C)cccc3C(C)C)CCN(c3ncccn3)CC2)c1,-17.52,0
M2R-decoy_7127,CS(=O)(=O)c1ccccc1c1ccc(C[C@H](NC(=O)[C@@H]2CCCN2S(=O)(=O)c2cc(Cl)cc(Cl)c2)C(=O)[O-])cc1,-17.52,0
M2R-decoy_8581,CCCCCNC(=O)c1cccc(S(=O)(=O)Nc2ncc(Br)nc2OC)c1c1ccc(CC(C)C)cc1,-17.5,0
M2R-decoy_6540,CC(=O)O[C@H]1C[C@H]2[C@@H](OC(C)=O)/C=C3\C[C@](C)(C(=O)[C@H](OC(C)=O)C(=C1C)C2(C)C)[C@@H](OC(C)=O)C[C@@H]3OC(C)=O,-17.49,0
M2R-decoy_9398,CCCCC/C=C\C=C\CCCCCCCCC(=O)Oc1ccc2c(c1)C(=O)/C(=C/c1ccc(OC)c(OC)c1)O2,-17.49,0
M2R-decoy_425,CC1(C)CC(=O)C(=C2SCCCS2)C(=O)C1,-17.48,0
M2R-decoy_5625,CCOc1cc(/C=C/C(=O)Nc2ccc(C(=O)NCC[NH+](CC)CC)cc2)ccc1OCC(C)C,-17.48,0
M2R-decoy_984,CC(C)(C)[C@H]1COC(=O)CCCC/C=C\C[C@H](CC(=O)NCCO)C(=O)N1,-17.48,0
M2R-decoy_10623,O=S(=O)(c1ccc(Br)cc1)N1CCOC12CCCCC2,-17.47,0
M2R-decoy_4014,CCCCc1nc2ccc(NC(=O)N(C)C(C)C)cc2c(=O)n1Cc1ccc(c2ccccc2S(=O)(=O)NC(=O)OCCC(C)C)cc1,-17.47,0
M2R-decoy_478,O=C1Cc2cc(S(=O)(=O)N3CCCCC3)ccc2N1,-17.47,0
M2R-decoy_5433,CC[C@@H](CS(=O)(=O)C1CCC1)N1C(=O)[C@@](CC)(CC(=O)[O-])C[C@H](c2cccc(Cl)c2)[C@H]1c1ccc(Cl)cc1,-17.47,0
M2R-decoy_6241,C[C@@H]1C[C@H]([C@H](O)C(C)(C)O)O[C@@H]2[C@H](O)[C@@]3(C)[C@@H]4CC[C@H]5C(C)(C)[C@@H](OC(=O)N6CCC6)CC[C@@]56C[C@@]46CC[C@]3(C)[C@H]21,-17.47,0
M2R-decoy_8501,CCCCCCCC(=O)SCC/C=C/[C@@H]1CC(=O)NCc2nc(cs2)-c2nnn(n2)CC(=O)N[C@@H](C(C)C)C(=O)O1,-17.46,0
M2R-decoy_8706,CCCc1nc(CC)c(C(=O)OCc2ccccc2C(=O)c2ccccc2)n1Cc1ccc(c2ccccc2S(=O)(=O)NC(=O)OCCC(C)C)cc1F,-17.46,0
M2R-decoy_2909,CCOc1ccc(S(=O)(=O)N2CCC(C(=O)OC(C)C(=O)N(C)C3CCCCC3)CC2)cc1,-17.45,0
M2R-decoy_4399,CCN(Cc1ccc(CCC(=O)[O-])cc1)C(=O)c1cccc(CN(C(=O)c2ccccc2)C(C)C)c1,-17.44,0
M2R-decoy_2378,CCOP(=O)(OCC)[C@]12C[C@@H](C)C=C[C@H]1COC2=O,-17.42,0
M2R-decoy_7400,CC[C@H](C)[C@H]1O[C@]2(CC[C@@H]1C)C[C@@H]1C[C@@H](C/C=C(\C)C(=O)[C@@H](C)/C=C/C=C3\CO[C@@H]4[C@H](O)C(C)=C[C@@H](C(=O)O1)[C@]34O)O2,-17.42,0
M2R-decoy_1108,Cc1ccncc1c1cccc(S(=O)(=O)Nc2ccccc2S(N)(=O)=O)c1,-17.4,0
M2R-decoy_2417,CCC1(Cc2ccccc2)OS(=O)(=O)C=C1OC,-17.4,0
M2R-decoy_6027,O=C(Nc1ccc(/C=C/c2ccc(NC(=O)[C@@H]3CCCN3C(=O)Cc3ccncc3)cc2)cc1)[C@@H]1CCCN1C(=O)Cc1ccncc1,-17.4,0
M2R-decoy_8356,CCCCCCCCN(C(=O)Nc1ccc(OC(F)(F)F)cc1)C1Cc2ccc(SC(C)(C)C(=O)[O-])cc2C1,-17.4,0
M2R-decoy_9726,CN(O)C(=O)[C@@]1(C)CC[C@]2(C)CC[C@]3(C)C(=CC(=O)[C@@H]4[C@@]5(C)CC[C@H](Oc6noc(=O)[nH]6)C(C)(C)[C@@H]5CC[C@]43C)[C@@H]2C1,-17.4,0
M2R-decoy_8127,CCOC1CCCCC/C=C\[C@@H]2C[C@@]2(C(=O)NS(=O)(=O)C2CC2)NC(=O)[C@@H]2C[C@@H](Oc3cc(c4nc(C(C)C)cs4)nc4c(C)c(OC)ccc34)CN2C1=O,-17.39,0
M2R-decoy_8370,CCOc1cc(NS(C)(=O)=O)c(OCC)cc1CNC(=O)Nc1ccc(OCc2ccccc2)c(C(=O)OC)c1,-17.38,0
M2R-decoy_8510,CC1=C(CC(=O)OC(CO[N+](=O)[O-])CO[N+](=O)[O-])c2cc(F)ccc2/C1=C\c1ccc(S(C)(=O)=O)cc1,-17.38,0
M2R-decoy_4544,O=c1ccn(COCCCS(=O)(=O)NC(c2ccccc2)c2cccc(OCC3CCC3)c2)c(=O)[nH]1,-17.37,0
M2R-decoy_7039,Cc1ccc(OCc2cc(C)c3c(c2)CC[NH+](C2COC2)C3)c(c2csc(N3CC[C@@]4(C(=O)[O-])C[C@H]4C3)n2)c1,-17.37,0
M2R-decoy_2519,COCc1ccc(C=O)n1C(C)C(=O)OC,-17.34,0
M2R-decoy_4312,CCCCOc1ccc(CCC(=O)N[C@@H]2C(=O)N3C(c4nc(CCC)no4)=C(C)CS[C@H]23)cc1,-17.34,0
M2R-decoy_317,C/C1=C\[C@@H]2O[C@@H](O)[C@@]3(C)O[C@@]23CC/C(C)=C/CC[C@@]2(C)O[C@H]2CC1,-17.32,0
M2R-decoy_8784,COc1ccc2cc(CCC(=O)CC(Nc3ccc(S(=O)(=O)Nc4cc(C)on4)cc3)c3ccc(Cl)cc3)ccc2c1,-17.32,0
M2R-decoy_9856,C=C(C)[C@@H]1CC[C@]2(C(=O)[O-])CC[C@]3(C)[C@H](CC[C@@H]4[C@@]5(C)C[C@H](COC(C)=O)[C@H](OC(C)=O)[C@@](C)(COC(C)=O)[C@@H]5CC[C@]43C)[C@@H]12,-17.32,0
M2R-decoy_847,CC1=NN(C(=O)c2c(Br)cnn2C)C(O)(C(F)(F)F)C1,-17.31,0
M2R-decoy_4216,CCOC(=O)CC[C@@H](C)[C@H]1CC[C@H]2[C@@H]3CC[C@@H]4C[C@H](OC(=O)CCCCCC(=O)[O-])CC[C@]4(C)[C@H]3CC[C@@]21C,-17.29,0
M2R-decoy_9328,CC(C)CN([C@H](CO)CCCCNC(=O)[C@@H](NC(=O)c1ccc([N+](=O)[O-])c(O)c1)C(c1ccccc1)c1ccccc1)S(=O)(=O)c1ccc(N)cc1,-17.29,0
M2R-decoy_9602,CCCCC1(CCCC)OOCCCOO1,-17.29,0
M2R-decoy_4902,CC[C@@H](CN(c1ccccc1)S(=O)(=O)C1CC1)N1C(=O)[C@@H](CC(=O)[O-])O[C@H](c2cccc(Cl)c2)[C@H]1c1ccc(Cl)cc1,-17.28,0
M2R-decoy_6392,CO[C@H]1C[C@@H](O[C@H]2[C@@H](O)C[C@H](O[C@H]3CC[C@@]4(C)[C@@H](CC[C@H]5C6=CC(=O)[C@@H]7[C@@H](C)OC(=O)[C@]67CC[C@@H]54)C3)O[C@@H]2C)O[C@H](C)[C@H]1O,-17.28,0
M2R-decoy_6868,CO[C@H]1C[C@@H](O[C@H]2[C@@H](OC)C[C@H](O[C@H]3CC[C@@]4(C)C(=CC[C@@H]5[C@@H]4CC[C@]46C(=O)O[C@H](C)[C@H]4CC[C@]56O)C3)O[C@@H]2C)O[C@H](C)[C@H]1O,-17.28,0
M2R-decoy_10392,CC1(C)OC(=O)C(c2cccc(F)c2)=C1c1ccc(S(C)(=O)=O)cc1,-17.27,0
M2R-decoy_650,C=C1C(=O)O[C@H]2/C=C(\C)CC/C=C(/C)C(=O)[C@H](OC(=O)[C@@]3(C)O[C@H]3C)[C@@H]12,-17.27,0
M2R-decoy_6692,O=C(c1cnn(C(=O)c2cccc(S(=O)(=O)N3CCOCC3)c2)c1)c1cc(Cl)cc(Cl)c1O,-17.27,0
M2R-decoy_10187,Nc1nc(=O)n([C@H]2CS[C@@H](CO)O2)cc1I,-17.26,0
M2R-decoy_6524,CC1(C)O[C@@H]2C[C@H]3[C@@H]4C[C@H](F)C5=CC(=O)C=C[C@]5(C)[C@@]4(F)[C@@H](O)C[C@]3(C)[C@]2(S[C@H]2CCOC2=O)O1,-17.26,0
M2R-decoy_133,CC1OC(C(C)(C)C)CC2=C1C(=O)OC(C)(C)O2,-17.25,0
M2R-decoy_3674,CC(C)=CCC[C@](C)(O)[C@H](O)CC[C@](C)(O)[C@@H]1CC2=C(CC[C@@H](O)C2=O)O1,-17.25,0
M2R-decoy_3789,CCOC(=O)[C@H](Cc1ccc(OC(=O)CC)cc1)NC(=O)C1(NC(=O)[C@H](SC(C)=O)C(C)C)CCCC1,-17.25,0
M2R-decoy_6559,CC(=O)O[C@@H]1C[C@H]([C@H](C)[C@@H]2CC=C(C)C(=O)O2)[C@@]2(C)C[C@H](O)C3=C(CC[C@H]4C(C)(C)OC(=O)C=C[C@]45O[C@@H]35)[C@]12C,-17.25,0
M2R-decoy_1969,CC(C)C[C@H](NC(=O)N1C(C)CCCC1C)C(=O)N[C@H](Cc1c[nH]c2ccccc12)C(=O)NCCC(=O)[O-],-17.24,0
M2R-decoy_5474,Cc1cnc(NS(C)(=O)=O)nc1COc1ccc(C(C)(C)c2cc(Cl)c(OCCCl)c(C#N)c2)cc1,-17.24,0
M2R-decoy_5655,CCCCCCCCC(O)[C@@H](NC(=O)[C@@H](NC(=O)[C@@H](NC(=O)OC(C)(C)C)C(C)C)C(C)C)[C@@H](C)CC,-17.22,0
M2R-decoy_7172,CC(C)(C)OC(=O)C1=C(C(=O)OC(C)(C)C)SC2(S1)C(C(=O)OC(C)(C)C)=C(C(=O)OC(C)(C)C)Sc1c2ssc1=O,-17.21,0
M2R-decoy_9625,O=CCCC1([N+](=O)[O-])CCCC1,-17.21,0
M2R-decoy_1354,CS(=O)(=O)c1nc2c(c(C(F)(F)F)n1)CCCC2,-17.2,0
M2R-decoy_6808,COC(=O)C[C@H]1[C@]2(C)C3=C(C)[C@H](c4ccoc4)C[C@H]3O[C@@H]2[C@H](O)[C@H]2[C@](C)(C(=O)NCC(C)C)C=CC(=O)[C@]12C,-17.2,0
M2R-decoy_11493,C[NH+](C)C/C=C/c1ccccc1S(=O)(=O)Nc1ccc2c(c1C(=O)[O-])CCCC2,-17.19,0
M2R-decoy_3469,CCOC(=O)CSc1nnc(CCCCc2nnc(SCC(=O)OCC)n2C2CCCCC2)n1C1CCCCC1,-17.19,0
M2R-decoy_3892,O=C(Nc1ccc(CCCCC2=NNN=N2)cc1)C(F)(F)C(F)(F)C(F)(F)C(F)(F)C(F)(F)C(F)(F)C(F)(F)F,-17.19,0
M2R-decoy_2428,CCO/C=C(\C(=O)OC)S(=O)(=O)c1ccc(C)cc1,-17.18,0
M2R-decoy_2809,CC(C)=CCC[C@]1(C)[C@@H](CC=C(C)C)C[C@]2(CC=C(C)C)C(=O)C3=C(OC(C)(C)[C@@H](O)C3)[C@@]1(C(=O)c1ccccc1)C2=O,-17.18,0
M2R-decoy_6496,CC(=O)O[C@H]1O[C@H]([C@@H]2c3cccc(O)c3C(=O)c3c(O)cc(C)cc32)[C@H](O)[C@@H](OC(=O)C=C(C)C)[C@H]1O,-17.18,0
M2R-decoy_1536,CCCOC(=O)C[N+](C)(C)CCOC1CC2CCC1(C)C2(C)C,-17.17,0
M2R-decoy_11372,COC(=O)N[C@H]1C(=O)N2C(C(=O)OC(C)(C)C)=C(COC(C)=O)CS[C@H]12,-17.16,0
M2R-decoy_6620,NC(=O)C12CC3CC(C1)C(NC(=O)c1cccc(NS(=O)(=O)c4cccc(Cl)c4F)c1)C(C3)C2,-17.16,0
M2R-decoy_665,O=c1nc(N2CCOCC2)sc2c([N+](=O)[O-])cc(C(F)(F)F)cc12,-17.16,0
M2R-decoy_10270,Cc1c(C)[n+]([O-])c2c([n+]1[O-])C(Br)CCC2Br,-17.15,0
M2R-decoy_140,Cc1c(C(C)C)c(=O)on1C(=O)N1CC(C)CCC1C,-17.15,0
M2R-decoy_4269,CCCCOC(=O)NS(=O)(=O)c1sc(CC(C)C)cc1c1cccc(CN(Cc2ccccc2)C(C)=O)c1,-17.15,0
M2R-decoy_5485,C/C=C(\C)C(=O)O[C@H]1O[C@@H]2C[C@@H]3[C@@](C)(CC[C@H](CO)CCO)[C@H](C)[C@@H](OC(C)=O)[C@H](OC(C)=O)[C@]13[C@@]1(CO1)C2,-17.15,0
M2R-decoy_2841,CCN(CC)c1ccc(C#N)c2nc(c3c(OC)cc(COC)cc3OC)c(C)cc12,-17.14,0
M2R-decoy_7576,CCCNC(=O)CC[C@@H](C)[C@H]1CC[C@H]2[C@H]3[C@H](CC[C@@]21C)[C@@]1(C)CC[C@]2(C[C@H]1C[C@H]3OC(C)=O)OOC1(CC[C@@H](C)CC1)OO2,-17.14,0
M2R-decoy_877,Cc1onc(NS(=O)(=O)c2ccc(N)cc2)c1Br,-17.14,0
M2R-decoy_9344,CC(C)[C@H](NC(=O)OCc1cccnc1)C(=O)N[C@@H](Cc1ccccc1)[C@@H](O)[C@H](Cc1ccccc1)NC(=O)[C@H](NC(=O)OCc1ccccc1)C(C)C,-17.13,0
M2R-decoy_5465,CCCCOC(=O)NS(=O)(=O)c1sc(Cc2cccc(OC)c2)cc1c1ccc(Cn2ccnc2)cc1,-17.12,0
M2R-decoy_27,CCCc1nn(C)c2c1NC1(CCC(C)(C)CC1)NC2=O,-17.09,0
M2R-decoy_3535,CC(C)(C)OC(=O)N[C@@H](Cc1c[nH]c2ccccc12)C(=O)N[C@H](Cc1ccc2ccccc2c1)C(=O)N[C@H](CC(=O)[O-])C(=O)NCCc1ccccc1,-17.09,0
M2R-decoy_3781,CCn1c(C(=O)NC(C)(C)CO)ccc1C(CC)(CC)c1ccc(OCS(=O)(=O)c2ccccc2)c(C)c1,-17.09,0
M2R-decoy_576,CO[C@@H]1C(=O)CO[C@]2(COC(C)(C)O2)[C@@]1(O)C1(C)CO1,-17.09,0
M2R-decoy_1346,CC12CCC(Br)C(C)(C)C1CC=C1C(=O)OCC1O2,-17.08,0
M2R-decoy_294,CC1(C)OC2(CI)CCCC1C2,-17.08,0
M2R-decoy_1692,CCCCCCC(=O)O[C@@H]1O[C@@H]2O[C@@]3(C)CC[C@H]4[C@H](C)CC[C@@H]([C@H]1C)[C@]42OO3,-17.07,0
M2R-decoy_2795,CCOc1ccc(c2nc(NS(=O)(=O)c3ccsc3Cl)sc2c2cc(OC)c(OC)c(OC)c2)cc1,-17.06,0
M2R-decoy_5434,CCCc1c(C(C)c2ccc(c3ccccc3c3nc(=O)o[nH]3)cc2)c(=O)n([C@H]2CC[C@H](OCC(C)(C)O)CC2)c2ncnn12,-17.06,0
M2R-decoy_5489,CN(c1ncnc2[nH]ccc12)[C@H]1CC[C@H](CS(=O)(=O)N2CCC(CS(=O)(=O)CC3CC3)CC2)CC1,-17.06,0
M2R-decoy_6689,C/C=C(\C)C(=O)O[C@@H]1[C@@H](C)[C@@]2(O)[C@@H](C=C(CO)C[C@]3(O)C(=O)C(C)=C[C@@H]23)[C@@H]2C(C)(C)[C@]12OC(=O)C(C)C,-17.06,0
M2R-decoy_676,CC1(C)OCC2OC3([C@@H]4OC(C)(C)O[C@H]4CO)OC(C)(C)OC3C2O1,-17.05,0
M2R-decoy_8648,COc1cc2c(cc1OCc1cn(CCCCCOc3ccc4c(c3)CC[C@@H]3[C@@H]4CC[C@]4(C)[C@@H](O)CC[C@@H]34)nn1)N=C[C@@H]1C[C@@H](F)CN1C2=O,-17.05,0
M2R-decoy_5679,CCOP(=O)(OCC)C(CC(C#N)c1cccs1)P(=O)(OCC)OCC,-17.04,0
M2R-decoy_768,C[C@H]1C[C@@H](C)C(=O)C2=C3OC4[C@H](C)C[C@@]3(OC2=O)C(/C=C/C1=O)[C@H]4O,-17.04,0
M2R-decoy_4010,CC(C)C[C@@H](OC(=O)[C@@H](NC(=O)[C@@H](C)OCc1ccccc1)C(C)C)C(=O)N[C@@H](C(=O)OC(C)(C)C)C(C)C,-17.02,0
M2R-decoy_8351,CCC(CC)CNC(=O)c1ccc2c(c1)c(Cc1ccc(C(=O)NS(=O)(=O)c3ccccc3C)cc1OC)cn2C(C)C,-17.01,0
M2R-decoy_2422,COC(=O)C(CC(C)C)N(O)C(=O)CCl,-16.99,0
M2R-decoy_630,CC(C)NC(=O)C1CN(C(=O)N2CCCC2)CC12CCOCC2,-16.99,0
M2R-decoy_7382,CO[C@H]1/C=C/C=C/C=C/C[C@H](OC(=O)[C@@H](C)NC(=O)C2CCCCC2)[C@H](C)[C@@H](O)/C(C)=C\CCc2cc(O)cc(c2)NC(=O)C1,-16.99,0
M2R-decoy_2528,Cc1c2ccnc(C(=O)NCC[NH+](C)C)c2cc2c3cc(OC(=O)CC(C)(C)CC(=O)[O-])ccc3n(C)c12,-16.98,0
M2R-decoy_5668,Cc1oc(c2ccccc2)nc1CCOc1ccc(CCC(=O)[O-])c(CNS(=O)(=O)Cc2ccccc2)c1,-16.98,0
M2R-decoy_115,CCCCCCCCCCCCCC(=O)OCC1(CO)C/C(=C/C(=O)OC)CO1,-16.97,0
M2R-decoy_713,O=C1C(O)=CC2(Oc3cccc4cccc(c34)O2)[C@@]23O[C@@]12[C@@H](O)C=C[C@H]3O,-16.97,0
M2R-decoy_8387,CCCCc1c(c2ccc(C(=O)NS(=O)(=O)CC[Si](C)(C)C)cc2C(=O)N2CCc3ccccc3C2)c(CO)nn1c1ccccc1,-16.97,0
M2R-decoy_6800,C[C@@H](CO)N1C[C@@H](C)[C@H](CN(C)C(=O)NC2CCCCC2)Oc2cc(C#Cc3cncn3C)ccc2S1(=O)=O,-16.97,0
M2R-decoy_8940.1,C/C=C/C/C=C(/C)[C@@H](CC/C(C)=C/C=C(\C)C(=O)c1c(O)cc([C@H](C)CC/C=C/NC(=O)OC)oc1=O)OC(=O)c1ccc(F)cc1,-16.97,0
M2R-decoy_9053,CC(=O)Oc1cc(C(=O)Oc2cc3c(c(C)c2C)O[C@](C)(CC/C=C(\C)CC/C=C(\C)CCC=C(C)C)CC3)cc(OC(C)=O)c1OC(C)=O,-16.97,0
M2R-decoy_5538,C[C@H]1CN([C@H](C)CO)C(=O)c2cccc(NS(=O)(=O)c3cccs3)c2O[C@@H]1CN(C)S(=O)(=O)c1ccccc1,-16.96,0
M2R-decoy_782,O=S1(=Nc2ccc(C(F)(F)F)cc2)CCOCC1,-16.96,0
M2R-decoy_1033,Cc1ccsc1C(=O)N1CCC1(C)C(=O)NS(=O)(=O)c1ccc(C#N)cc1,-16.95,0
M2R-decoy_2448,CCOC(=O)c1cnc(N(C)C)nc1C(C)C,-16.95,0
M2R-decoy_8142.1,COC(=O)N[C@H](C(=O)N1C[C@@H](C)C[C@H]1c1nc2cc(C#Cc3cc4[nH]c([C@@H]5C[C@H](C)CN5C(=O)[C@@H](NC(=O)OC)C(C)C)nc4s3)ccc2[nH]1)C(C)C,-16.95,0
M2R-decoy_495,O=C1NC(=S)S/C1=C\c1cn(c2ccccc2)nn1,-16.94,0
M2R-decoy_2361,CCN(CC1CCCO1)S(=O)(=O)N1CCCCCC1,-16.93,0
M2R-decoy_4344,CCOCCOc1cc(C)c(c2cccc(COc3ccc4c(c3)OCC4CC(=O)[O-])c2)c(C)c1,-16.93,0
M2R-decoy_46,COC(=O)C1=C[C@@]2(C)OO[C@]1(C)O[C@H]2c1ccccc1,-16.92,0
M2R-decoy_1570,CC(C)SCC(=O)N(C)C(C)c1ccncc1,-16.91,0
M2R-decoy_8910,COc1cc(OC)c(NC(NCCCCCCCCc2ccc(CC(C)(C)C)cc2)=C2C(=O)OC(C)(C)OC2=O)c(OC)c1,-16.91,0
M2R-decoy_4536,CCCCC(CC)CNC(=O)c1ccc2c(c1)c(Cc1ccc(C(=O)NS(=O)(=O)c3ccccc3C)cc1OC)cn2C,-16.9,0
M2R-decoy_8913,CCC(CC)CNC(=O)c1ccc2c(CC3CCCCC3)cn(Cc3ccc(C(=O)NS(=O)(=O)c4ccccc4C)cc3OC)c2c1,-16.88,0
M2R-decoy_1805,C[NH+]1CC[NH+](C(c2ccc(F)cc2)c2sc3nc(c4ccco4)nn3c2O)CC1,-16.87,0
M2R-decoy_2090,CCCCCN(C(=O)CCC(=O)OCC(=O)c1ccc(CCC)cc1)c1c(N)n(CCCC)c(=O)[nH]c1=O,-16.87,0
M2R-decoy_4565,CC(C)=CCC/C(C)=C/CC1Cc2c(OCCCNS(=O)(=O)c3ccc(C(F)(F)F)cc3)cc(=O)n(CCCO)c2CC1(C)C,-16.87,0
M2R-decoy_4790,CONS(=O)(=O)Nc1cccc(Cc2c(C)c3ccc(OCCOc4no[n+]([O-])c4S(=O)(=O)c4ccccc4)cc3oc2=O)c1F,-16.87,0
M2R-decoy_8924,CCCCCCO[C@@H](C)c1cccc(c2csc(NC(=O)c3cc(Cl)c(/C=C(\C)C(=O)[O-])c(Cl)c3)n2)c1OC,-16.87,0
M2R-decoy_6716,C[C@@H]1C(=O)N(C(=O)C2CC2)[C@H]2CCN(C(=O)[C@@H]3CCCN3S(=O)(=O)c3cccc4cc(N(C)C)ccc34)[C@H]12,-16.86,0
M2R-decoy_1987,CSCC[C@H](NC(=O)c1ccc(NC(=O)Cc2csc(N)n2)cc1c1ccccc1C)C(=O)OC(C)C,-16.85,0
M2R-decoy_1706,COC(=O)[C@]1(C)[C@@H](OC(C)=O)CC[C@@]23CO[C@H]4c5occc5[C@H](C)[C@H](CC[C@@H]12)[C@H]43,-16.85,0
M2R-decoy_135,Cc1ccc(C2=C3CS(=O)(=O)OCC3(C)OC2=O)cc1,-16.84,0
M2R-decoy_298,C[C@H]1CCC[C@H](O)CCC/C=C/c2cc(O)cc(O)c2C(=O)O1,-16.84,0
M2R-decoy_5240,CCOCCCNC(=O)C1CCN(S(=O)(=O)c2cc(Br)cc3c2N(C(=O)CC)CC3)CC1,-16.84,0
M2R-decoy_6242,CC(=O)OCC(=O)[C@@]1(O)[C@@H](C)CC2C3C(C(O)C[C@@]21C)[C@@]1(C)C=CC(=O)C=C1C[C@H]3I,-16.84,0
M2R-decoy_8180,CCCCN(CCCC)C(=O)c1nn(c2ccc(C(=O)NS(=O)(=O)c3ccc4ccccc4c3)cc2C(=O)N2COc3ccccc3C2)c(C)c1Cl,-16.84,0
M2R-decoy_8254,CCOC/C=C/C(=O)N1Cc2cc(OCCc3nc(/C=C/CCC(C)C)oc3C)ccc2C[C@H]1C(=O)[O-],-16.84,0
M2R-decoy_2014,CCc1ccc(N2C(=O)NC(=O)/C(=C\c3cccn3CCOc3ccc(C(C)C)cc3)C2=O)cc1,-16.83,0
M2R-decoy_906,C/C1=C\[C@@H]2O[C@@H](O)[C@@]3(C)O[C@@]23CC/C(C)=C/CC[C@](C)(O)[C@H](O)CC1,-16.83,0
M2R-decoy_4087,O=C(CCCCCCCOc1ccc(c2csc(N3N=C(c4ccccc4)/C(=N/Nc4nccs4)C3=O)n2)cc1)NO,-16.79,0
M2R-decoy_4570.1,COc1cc(O)c(C(=O)/C=C/c2ccc(OC)c(c3cc(/C=C/C(=O)c4c(O)cc(OC)cc4OC)ccc3OC)c2)c(OC)c1,-16.79,0
M2R-decoy_5760,CC(C)C[C@@H](NC(=O)[C@H](C)NC(=O)[C@H](Cc1ccccc1)NC(=O)OC(C)(C)C)[C@H](O)C[S+]([O-])c1ccccc1,-16.79,0
M2R-decoy_9604,COP(=N[Si](C)(C)C)(OC)OC,-16.78,0
M2R-decoy_1535,CCCCCC(C(O)C#N)C(O)(C(F)(F)F)C(F)(F)F,-16.77,0
M2R-decoy_1211,Cc1csc2c(N3CCN(C(=O)NC(C)(C)C)CC3)ncnc12,-16.76,0
M2R-decoy_6952,Cc1ccc(S(=O)(=O)NC(=O)c2c(C(=O)NS(=O)(=O)c3ccc(C)cc3)c(C)n(c3ccc(N(C)C)cc3)c2C)cc1,-16.76,0
M2R-decoy_10257,Brc1ccc2c(c1)C=Nc1c(ncnc1N1CCOCC1)O2,-16.75,0
M2R-decoy_5166,COCCN(CCOC)c1nc(C)nc2c1n(C)c(=O)n2c1ccc(C(C)C)cc1Br,-16.74,0
M2R-decoy_651,C=C1C(=O)O[C@@H]2[C@@H]3O[C@]3(C)C[C@@H]3C=C(C[C@H](OC(=O)C=C(C)C)[C@@H]12)C(=O)O3,-16.74,0
M2R-decoy_5663,CCCCNC(=O)C[C@H](O)[C@H](CC(C)C)NC(=O)[C@@H](NC(=O)Cc1ccc2ccccc2c1)C(C)CC,-16.73,0
M2R-decoy_5677,CCCCCCCC/C=C/CCCCCCCC(=O)OC[C@H]1O[C@@H](n2ccc(N)nc2=O)C(F)(F)[C@@H]1O,-16.73,0
M2R-decoy_2612,CC[C@H](C)[C@@H]1NC(=O)[C@@H](CC(C)C)NC(=O)[C@H](CCCC[NH2+]C(=O)OC(C)(C)C)NC(=O)[C@H]2CSSC[C@@H](NC1=O)C(=O)N2,-16.72,0
M2R-decoy_2178,CCOCCOP(=O)(OCCOCC)C(N/C(SC)=C(/C#N)C(=O)OCC)c1ccccc1,-16.7,0
M2R-decoy_1675,Cc1nc2sccn2c1P(c1c(C)nc2sccn12)c1c(C)nc2sccn12,-16.7,0
M2R-decoy_4362.1,COc1ccc2[nH]c(S(=O)(=O)Cc3ccc(OCc4nccc(OCC(F)(F)F)c4C)c(OC)c3)nc2c1,-16.7,0
M2R-decoy_731,CCNC(=O)N1CCC2(C1)c1ccccc1S(=O)(=O)N2CCOC,-16.7,0
M2R-decoy_10473,CC1(C)CN1C1=C(Br)C(=O)C(N2CC2(C)C)=C(Br)C1=O,-16.69,0
M2R-decoy_10322,O=C1/C(=C/c2cccc(F)c2)CS(=O)(=O)C/C1=C\c1cccc(F)c1,-16.69,0
M2R-decoy_3573,CSCC(C)NS(=O)(=O)c1ccc(C)c(N(C)C)c1,-16.68,0
M2R-decoy_7607,C=C1C(=O)[C@@]23[C@@H]([C@@H](O)C[C@@H]1[C@H]2OC(=O)[C@H](Cc1ccccc1)NC(=O)OC(C)(C)C)[C@]1(COC(C)=O)CCCC(C)(C)[C@H]1C[C@H]3OC,-16.68,0
M2R-decoy_9572,CC1(NS(=O)(=O)c2ccc(Cl)s2)CCS(=O)(=O)C1,-16.68,0
M2R-decoy_10480,CC(C)(C)OC(=O)[C@@H]1N2C(=O)/C(=C\c3ccccc3)[C@H]2[S+]([O-])C1(C)C,-16.67,0
M2R-decoy_686,Cc1ccc(S(=O)(=O)N2CC(C)N(C(=O)N3CCOCC3)C2C)cc1,-16.67,0
M2R-decoy_6962,CC(C)COC(=O)/C=C/[C@H]1CC[C@@]2(O)[C@@H]3CC[C@H]4C[C@@H](O[C@@H]5O[C@H](CO)[C@@H](O)[C@H](O)[C@H]5O)CC[C@]4(C)[C@H]3CC[C@]12C,-16.67,0
M2R-decoy_7228,COc1c(Br)cc(Br)cc1Oc1c(Br)cc(Br)c(Br)c1O,-16.67,0
M2R-decoy_9274,N#Cc1ccc(N2C(=O)C3Cc4cc(Br)c(O)c(Br)c4CN3C2=S)cc1C(F)(F)F,-16.67,0
M2R-decoy_9736,CC[C@H]1/C=C/[C@H](O)[C@H](C=C(C)C)OC(=O)/C(C)=C/CC(=O)Nc2cc(O)cc3c2O/C(=C\C(=O)CC1)C(C)=C3,-16.67,0
M2R-decoy_10984,CN(C)c1cccc2c(S(=O)(=O)OC34CC5CC(C3)C3(OCC6(CCCCC6)O3)C(C5)C4)cccc12,-16.66,0
M2R-decoy_4814,CCCCCO[C@H]1[C@@H](OC(=O)c2ccco2)C[C@@](C)(O)[C@]23OC(C)(C)[C@H](C[C@H](OC(=O)c4ccco4)[C@]12COC(C)=O)[C@H]3OC(C)=O,-16.66,0
M2R-decoy_549,CC(=O)N1CN(S(=O)(=O)c2ccc(C)cc2)CC1C,-16.65,0
M2R-decoy_7399,COC(=O)[C@@]12CC[C@]3(C)[C@H](CC[C@@H]4[C@@]5(C)CC[C@H](OC(C)=O)C(C)(C)[C@@H]5CC[C@]43C)C1=C(C(C)C)C(=O)C2=O,-16.65,0
M2R-decoy_8769,C/C=C/S(=O)(=O)NC(=O)[C@H](Cc1c[nH]c2ccccc12)NC(=O)[C@@H](Cc1ccc(c2ccno2)cc1)N(C)C(=O)c1cc(C)cc(C)c1,-16.65,0
M2R-decoy_5681.1,CCCC/C(C)=C/C=C(\C)C(=O)c1c(O)cc(C(C)CC/C=C/NC(=O)OCC[NH+](C)C)oc1=O,-16.64,0
M2R-decoy_5179,CC1(C)OC[C@H]([C@H](OC(=O)/C=C/C(F)(F)F)[C@@H](OC(=O)/C=C/C(F)(F)F)[C@H]2COC(C)(C)O2)O1,-16.63,0
M2R-decoy_6020,CCC(=O)OCC1=C(C)C[C@H]([C@@H](C)[C@H]2CC[C@H]3[C@@H]4C[C@H]5O[C@]56[C@@H](OC(=O)CC)C=CC(=O)[C@]6(COC(=O)CC)[C@H]4CC[C@@]32C)OC1=O,-16.63,0
M2R-decoy_1088,O=C(CSc1ccc(F)c(F)c1)NS(=O)(=O)c1ccc2c(c1)OCCO2,-16.61,0
M2R-decoy_7495,O=C1/C(=C/c2ccc(F)cc2)CN(C(=O)C(=O)N2C/C(=C\c3ccc(F)cc3)C(=O)/C(=C/c3ccc(F)cc3)C2)C/C1=C\c1ccc(F)cc1,-16.61,0
M2R-decoy_11363.1,CC1CCCCN1c1nnc(NC(=O)Cn2c(=O)oc3ccccc32)s1,-16.6,0
M2R-decoy_5607,CCOP(=O)(OCC)C(CC1CCCC(C)C1=O)P(=O)(OCC)OCC,-16.59,0
M2R-decoy_5805,CC(C)C[C@H](NC(=O)[C@H](CCc1ccccc1)CP(=O)(O)CCCCNC(=O)Oc1ccccc1)C(=O)Nc1ccccc1,-16.59,0
M2R-decoy_2502,CC1(C[S+]([O-])CC2(C)COC2)COC1,-16.58,0
M2R-decoy_9713,CC(=O)O[C@@H]1C[C@H]([C@H](C)[C@H]2CC=C(C)C(=O)O2)[C@@]2(C)CCC3=C(CC[C@]4(O)C(=C3)C=CC(=O)OC4(C)C)[C@]12C,-16.58,0
M2R-decoy_2226,CC(C)CC(NC(=O)OCc1ccccc1)C(=O)NC(C(=O)NCC(=O)C=[N+]=[N-])C(C)C,-16.57,0
M2R-decoy_10599,CN(C)S(=O)(=O)N1CCN(C(=O)OC(C)(C)C)CC12CCCCC2,-16.56,0
M2R-decoy_2465,CS(=O)(=O)OCC(CCl)(CCl)CCl,-16.56,0
M2R-decoy_1651,C=C1C(=O)O[C@H]2C[C@@H](C)[C@@H]3[C@@H](OC)CC(=O)[C@@]3(C)[C@@H](OC(C)=O)[C@H]12,-16.56,0
M2R-decoy_9540,CC(C)C1COS(=O)(=O)NC1CC(=O)SC(C)(C)C,-16.56,0
M2R-decoy_7660,CO[C@@H]1C[C@@H]2O[C@@]2(C)C(=O)N[C@@H](C(C)C)C(=O)N[C@H](Cc2cc(Cl)c(O)c(Cl)c2)C(=O)N[C@@H](C(C)(C)O)C(=O)O[C@H](c2ccccc2)[C@H](C)/C=C/C=C/1C,-16.55,0
M2R-decoy_1233,NC(=O)N1CCC2(CC1)OOC1(O2)C2CC3CC(C2)CC1C3,-16.54,0
M2R-decoy_599,Cc1cc2c(cc1S(=O)(=O)N1CC(C)CC(C)C1)OCC(=O)N2,-16.54,0
M2R-decoy_11271,CCC1CCCCN1S(=O)(=O)c1ccc(N2CCCCS2(=O)=O)cc1,-16.53,0
M2R-decoy_5239,Cn1ccc(COc2cc3c(cc2F)[nH]c([C@@H]2CCCC[C@@H]2C(=O)[O-])[n+]3Cc2ccc(OC(F)(F)F)cc2F)n1,-16.53,0
M2R-decoy_2063,Cc1cccc(C)c1OCC(=O)N[C@@H](Cc1ccccc1)[C@@H](O)C[C@H](Cc1ccccc1)NC(=O)[C@@H](NC(=O)C1CCC(=O)N1)C(C)C,-16.52,0
M2R-decoy_2338.1,CCCOP(=O)(SC(C)CC)N1CCOC1=O,-16.52,0
M2R-decoy_1214,O=C1NC(=S)S/C1=C\c1ccc(Br)cc1,-16.51,0
M2R-decoy_9418,C#CCOP(=O)(OC(C)C)C(Cc1cc(C(C)(C)C)nc(C(C)(C)C)c1)P(=O)(OC(C)C)OC(C)C,-16.51,0
M2R-decoy_10305,CO[C@H]1COC(=O)CCC[C@H](C)[C@@H](OC)COC(=O)C/C=C\[C@@H]1C,-16.5,0
M2R-decoy_6103,C=CCO[C@H]1C[C@@H]2c3cc4c(cc3C(=O)N(CC=C)[C@H]2[C@H](OCC=C)[C@@H]1OCC=C)OCO4,-16.5,0
M2R-decoy_667,CC(=O)OC[C@]12CC(=O)C(C)=CC1OC1C(=O)[C@@H](OC(C)=O)[C@@]2(C)C12CO2,-16.5,0
M2R-decoy_5927,CC1=C(CC(=O)OC(CO[N+](=O)[O-])CO[N+](=O)[O-])c2cc(F)ccc2/C1=C\c1ccc([S+](C)[O-])cc1,-16.49,0
M2R-decoy_7100,COc1ccc(C#Cc2cnc3c(c2)C(=O)N([C@H](C)CO)C[C@H](C)[C@H](CN(C)S(=O)(=O)c2cccs2)O3)cc1OC,-16.49,0
M2R-decoy_7170,C=CC/C=C\C=C/[C@H]1O[C@H]2C[C@H]3O[C@H]4CC[C@H]5O[C@H]6C[C@@]7(C)OCCC[C@@H]7O[C@@H]6C[C@@H]5O[C@]4(C)C[C@]3(C)O[C@@H]2C=C[C@]1(C)O,-16.49,0
M2R-decoy_8381,CCOc1cccc2sc(N(CCC[NH+](C)C)C(=O)c3ccc(S(=O)(=O)N(C)Cc4ccccc4)cc3)nc12,-16.49,0
M2R-decoy_4411,CCCC[C@]1(CC)CS(=O)(=O)c2cc(OCCCC(=O)[O-])c(OC)cc2[C@@H](c2ccccc2)[NH2+]1,-16.48,0
M2R-decoy_10636,Cc1nn(C)c2c(N3CCN(C(=O)C4CCC4)CC3)ncnc12,-16.47,0
M2R-decoy_4241,CC(=O)/C=C/C(=O)N[C@@H](Cc1ccccc1)[C@H](O)CN(Cc1cccs1)S(=O)(=O)c1cc(F)c(F)cc1F,-16.47,0
M2R-decoy_450,CC1(C)CC(=O)c2o/c(=N/C3CCCCC3)oc2C1,-16.47,0
M2R-decoy_5320,CCOc1ccc(c2nc(NS(=O)(=O)c3ccc(OC)c(F)c3)sc2c2cc(OC)c(OC)c(OC)c2)cc1,-16.47,0
M2R-decoy_7117,CCN(CC)C(=O)Oc1ccc(C[C@H](NC(=O)[C@]2(C)CCCN2S(=O)(=O)c2cc(Cl)cc(Cl)c2)C(=O)[O-])cc1,-16.47,0
M2R-decoy_11456,Cc1noc(NS(=O)(=O)c2sccc2/C=C/c2ccc3c(c2)OCO3)c1Br,-16.46,0
M2R-decoy_4741,CO[C@@]1(NC(=O)Cc2ccc(O)cc2)C(=O)N2C(C(=O)OCc3cccc(C)c3)=C(CSc3nnnn3C)CO[C@@H]21,-16.46,0
M2R-decoy_8359,CCS(=O)(=O)NC(=O)[C@H](Cc1c[nH]c2ccccc12)NC(=O)[C@@H](Cc1ccc(c2ccno2)cc1)N(C)C(=O)c1cc(C)cc(C)c1,-16.46,0
M2R-decoy_2267,CCCOP(=O)(OCCC)C(N/C(SC)=C(/C#N)C(=O)OC)c1ccccc1,-16.45,0
M2R-decoy_11332,Cc1cc(N(C)N)nc(NC(=O)NS(=O)(=O)c2ccccc2Cl)n1,-16.44,0
M2R-decoy_3459,O=C(CCC(F)(F)C(F)(F)C(F)(F)C(F)(F)F)NCCCCCCCCCNC(=S)N1[C@H]2OC[C@@H]1[C@@H](O)[C@H](O)[C@H]2O,-16.44,0
M2R-decoy_8374,COc1cc(OC)cc(C(C(OC)OC)C(c2cc(OC)cc(OC)c2)C(c2ccc(O)cc2)c2ccc(O)cc2)c1,-16.44,0
M2R-decoy_9451,CC(C)C[C@@H](C(=O)N[C@H](C(=O)Nc1nccs1)C(C)(C)C)[C@H](CCC(F)(F)F)N(O)C=O,-16.44,0
M2R-decoy_4018,C=C1[C@H](O)[C@H]2O[C@H]2[C@@](C)(O)CC[C@@H]2C([C@@H](OC(C)=O)[C@@H](OC(=O)CCCCCCCCC)[C@H]3OC3(C)C)=CO[C@H](OC(C)=O)[C@@H]12,-16.43,0
M2R-decoy_342,CC12CCC[C@H](C1)C(C)(CI)O2,-16.43,0
M2R-decoy_7494,CC1(C)CC[C@@]23CC[C@]4(C)[C@](OC2=O)([C@@H](Br)C[C@@H]2[C@@]5(C)C[C@@H](O)[C@H](O)C(C)(C)[C@@H]5CC[C@]24C)[C@@H]3C1,-16.43,0
M2R-decoy_10450,CCN(CC)C(=O)C(=O)OC1=C(c2c(C)cc(C)cc2C)C(=O)OC12CCCC2,-16.41,0
M2R-decoy_3206,CCOCCOC(=O)C(C)c1ccc2c(c1)SCC1CCCCC1C2=O,-16.4,0
M2R-decoy_3489,CCCCCCCCCCCC(=O)O[C@@H]1[C@H]2C[C@H](OC(=O)c3ccco3)[C@]3(C)[C@@H](OC(C)=O)[C@@H](OC(C)=O)C[C@@](C)(O)[C@@]13OC2(C)C,-16.39,0
M2R-decoy_10494,CSc1nn2c(C)cc(C)nc2c1S(=O)(=O)c1ccc(F)cc1,-16.38,0
M2R-decoy_10719,O=S(=O)(c1ccc(F)c(F)c1)N1CCC2(CC1)OCCS2,-16.38,0
M2R-decoy_2441,O=[P@@]1(N(CCCl)CCCl)OC[C@@H]2C[N@@]21,-16.38,0
M2R-decoy_4433,CCC(Oc1cccc(CN(CCCOc2ccc(C)c(C)c2)c2nc3ccccc3o2)c1)C(=O)[O-],-16.38,0
M2R-decoy_193,CC(C)(C)SC(=O)CC1NS(=O)(=O)OC2CCCCC12,-16.37,0
M2R-decoy_6181,CC1=C(C)C(=O)C(C(C)(C)CC(=O)O[C@@H]2[C@@]3(C(C)C)O[C@H]3[C@@H]3O[C@@]34[C@@]3(C)CCC5=C(COC5=O)[C@@H]3C[C@@H]3O[C@]324)=C(C)C1=O,-16.37,0
M2R-decoy_4652,C[N+]1(CCOP(=O)([O-])OCCCCCCCCCCC=C2C3CC4CC(C3)CC2C4)CCCCC1,-16.36,0
M2R-decoy_7413,CC1(C)C2CC[C@]3(C)C(C(=O)C=C4[C@@H]5C[C@@](C)(C(=O)NC6CCOC6=O)CC[C@]5(C)CC[C@]43C)[C@@]2(C)CC[C@@H]1O,-16.33,0
M2R-decoy_8986,COC(=O)CCCCCN1/C(=C/C=C2\CCCC(/C=C/C3=[N+](CCCCCC(=O)[O-])c4ccccc4C3(C)C)=C2Cl)C(C)(C)c2ccccc21,-16.32,0
M2R-decoy_9276,O=C([O-])[C@H](c1ccc(Cl)cc1)N1C(=O)c2cc(I)ccc2NC(=O)[C@@H]1c1ccc(Cl)cc1,-16.32,0
M2R-decoy_9320,CC(C)CCCCCOP(=O)(COCCn1cnc2c(N)ncnc21)OCCCCCC(C)C,-16.31,0
M2R-decoy_9510,CCCCCCc1cc2c(cc1O)OC(=O)C(C(c1ccccc1)c1c(O)oc3cc(O)c(CCCCCC)cc3c1=O)C2O,-16.3,0
M2R-decoy_10688,CO[C@@H]1COC(=O)[C@H](C)NC(=O)[C@@H](C)COC(=O)CCC[C@H]1C,-16.29,0
M2R-decoy_5901,CCOc1ccc(CCNC(=O)CCc2c(C)nc3c(c4ccccc4)c(C)nn3c2C)cc1OCC,-16.28,0
M2R-decoy_7373,C=C1Cc2ccc3[nH]c4c5c3c2[C@H]2[C@@H]1C[C@H]2C(C)(C)O[C@H]5[C@]1(O)CC[C@@]2(O)C3=C[C@@H](O)[C@@H](C(=C)C)O[C@H]3CC[C@]2(C)[C@@]41C,-16.28,0
M2R-decoy_9818,CCCNC(=O)CC[C@@H](C)[C@H]1CC[C@H]2[C@@H]3CC[C@@H]4CC5(CC[C@]4(C)[C@H]3C[C@H](OC(C)=O)[C@@]21C)OOC1(CCCCC1)OO5,-16.28,0
M2R-decoy_7878,COC(=O)[C@@]1(C)CC[C@]2(C)CC[C@]3(C)C(=CC(=O)[C@@H]4[C@@]5(C)CC[C@H](OC(=O)[C@@H]([NH3+])C(C)C)C(C)(C)[C@@H]5CC[C@]43C)[C@@H]2C1,-16.27,0
M2R-decoy_1727,C=CC1CC(C=C)OP(=O)(OC[C@H](C)[C@@H](O[Si](C)(C)C(C)(C)C)[C@@H](C)C=C)O1,-16.26,0
M2R-decoy_703,CNC(=O)C1CN(C(=O)c2cccs2)CCN(S(C)(=O)=O)C1,-16.25,0
M2R-decoy_664,C=C1C[C@H](OC(=O)/C(C)=C\C)[C@H]2C(=C)C(=O)O[C@H]2/C=C(/C)[C@@H](O)CC1=O,-16.23,0
M2R-decoy_6561,C=C1[C@H]([C@@H](C)[C@H]2CC=C(C)C(=O)O2)CC[C@@]2(C)[C@@H]3C[C@@H](OC(C)=O)[C@H]4C(C)(C)OC(=O)C[C@H]5OO[C@]3(C[C@@H]12)C[C@]54O,-16.21,0
M2R-decoy_8838,COc1cc(Nc2ncnc3ccc(c4cnc(OC)c(NS(=O)(=O)c5ccc(F)cc5F)c4)cc23)ccc1OCCO,-16.21,0
M2R-decoy_1428,CCOC(=O)C(CCSC)(CCSC)C(=O)OCC,-16.19,0
M2R-decoy_6576,C[C@H](NC(=O)CCCNC(=O)[C@]12CCC(C)(C)C[C@H]1C1=CC[C@@H]3[C@@]4(C)C[C@@H](O)[C@H](O)C(C)(C)[C@@H]4CC[C@@]3(C)[C@]1(C)CC2)C(=O)[O-],-16.19,0
M2R-decoy_10299,CO[C@@H]1COC(=O)CCC[C@@H](C)[C@H](OC)COC(=O)CCC[C@H]1C,-16.18,0
M2R-decoy_5706,CCCCCCCCCCCCCCOC(=O)C1=C([O-])O[C@H](CC(=O)OC)C1=O,-16.18,0
M2R-decoy_9775,CCCNC(=O)CC[C@@H](C)[C@H]1CC[C@H]2[C@H]3[C@H](CC[C@@]21C)[C@@]1(C)CCC2(C[C@H]1C[C@H]3OC(C)=O)OOC1(CCCCC1)OO2,-16.18,0
M2R-decoy_4406,COc1cccc(Oc2c(NS(=O)(=O)c3ccc(C(C)(C)C)cc3)ncnc2OCCCc2ncccn2)c1,-16.17,0
M2R-decoy_8240,COC[C@@]1(O)[C@@H](OC(C)=O)C[C@]2(O)C(COC(=O)C(OC(=O)CC(C)C)C(C)C)=CO[C@@H](OC(=O)CC(C)C)[C@@H]21,-16.17,0
M2R-decoy_899,CC1(C)CN(N2CCCC2=O)c2cc(Br)ccc2[S+]1[O-],-16.17,0
M2R-decoy_4169,CCOc1nn2c(=N)n(CC(=O)c3cc(OCCCO)c(OC)c(C(C)(C)C)c3)nc2c(CC)c1CC,-16.16,0
M2R-decoy_4298,CC(=O)OCCC[C@H](C)C1=C(C)C[C@H]2OC(=O)C(CSCCO)[C@H]2[C@@H]1OC(=O)c1ccccc1,-16.16,0
M2R-decoy_5749,CC[C@H](C)[C@H](NC(=O)[C@@H](C[C@H](O)[C@H](CC1CCCCC1)NC(C)=O)C(C)C)C(=O)NCc1cccc[n+]1[O-],-16.16,0
M2R-decoy_1050,C=C(C)C(=O)O[C@H]1C/C(CO)=C/CCC(=C)C(OC(C)=O)[C@H]2OC(=O)C(=C)[C@H]12,-16.14,0
M2R-decoy_1216,Cc1cccc2c1OCCN2c1nc2c(s1)C(=O)NC(C)(C)C2,-16.14,0
M2R-decoy_2565,CC(=O)NC(CCCCN/C(NC(=O)OC(C)(C)C)=[NH+]/C(=O)OC(C)(C)C)C(=O)NCc1ccc(S(N)(=O)=O)cc1,-16.14,0
M2R-decoy_551,CC(C)(C)C#Cc1nc(N2CCOCC2)nc(N2CCOCC2)n1,-16.14,0
M2R-decoy_7180,C=C(CCCC(C)(C)O)[C@H]1CC[C@]2(C)[C@@H]1[C@H](OS(N)(=O)=O)C[C@@H]1[C@@]3(C)CC[C@H](OS(N)(=O)=O)C(C)(C)[C@@H]3CC[C@]12C,-16.14,0
M2R-decoy_6713,CC(=O)O[C@H]1[C@@H](OC(=O)c2ccccc2)[C@]2(C)[C@@H](OC(C)=O)C(=O)C[C@@H](C)[C@]23OC(C)(C)[C@H]1[C@H]3OC(C)=O,-16.14,0
M2R-decoy_536,COC(=[NH2+])NS(=O)(=O)c1cc(Cl)cc(Cl)c1O,-16.12,0
M2R-decoy_5612,CCCCCCCC/C=C/CCCCCCCC(=O)OCC1(CO)CCC(=O)O1,-16.12,0
M2R-decoy_1217,CNC(=O)c1ccc2c(c1)S(=O)(=O)c1ccccc1O2,-16.11,0
M2R-decoy_10304,CN(C)c1ccnc2sc3c(=O)n(N4CCCCCC4)cnc3c12,-16.11,0
M2R-decoy_3322,CC(C)(C)c1nc2cc(S(=O)(=O)CC3CC3)ccc2n1CC1CCN(C=O)CC1,-16.11,0
M2R-decoy_1846,CCCCOCC1CN(C(=S)SSC(=S)N2CCCOC(COCCCC)C2)CCCO1,-16.1,0
M2R-decoy_4172,COc1ccc(NC(=O)COc2cc(/C=C/C(=O)c3cc(OC)c(OC)c(OC)c3)ccc2OC)cc1,-16.1,0
M2R-decoy_7518,CC(=O)OCC1OC(O[C@@H]2C[C@H]3C(C)(C)[C@H](OC(C)=O)CC[C@]3(C)[C@H]3CC[C@@]45C[C@H](O)C[C@H](C)[C@@H]4CC=C5[C@]23C)C(O)C(O)C1O,-16.1,0
M2R-decoy_9322,CCCCCCCC/C=C/CCCCCCCC(=O)NS(=O)(=O)NCCC,-16.1,0
M2R-decoy_8464,CCCOc1ccc(C[C@@H](Cc2ccccc2)C(=O)[O-])cc1CNC(=O)c1ccc(N2CC3CCC(C3)C2)cc1,-16.1,0
M2R-decoy_6947,Cc1cc(C)nc(O[C@H](C(=O)[O-])[C@@]2(c3ccccc3)[NH2+]CC(=O)N(Cc3cccc(Br)c3)c3ccccc32)n1,-16.09,0
M2R-decoy_8411,CCCn1ncn(c2ccc(N3CCN(c4ccc(OC[C@@H]5COC(Cn6cncn6)(c6ccc(Cl)cc6Cl)O5)cc4)CC3)cc2)c1=O,-16.09,0
M2R-decoy_3998,CC[C@@H](CN(C)S(=O)(=O)C1CC1)N1C(=O)[C@@](CC[NH+]2CCCC2)(CC(=O)[O-])C[C@H](c2cccc(Cl)c2)[C@H]1c1ccc(Cl)cc1,-16.08,0
M2R-decoy_5966,C=CCOC[C@H](C)C(=C)C(=O)[C@H](OC(C)=O)[C@@H](C)[C@H]1[C@@H](OC(C)=O)C[C@@]2(C)[C@@H]3CC[C@H]4[C@H](C)C(=O)C=C[C@@]45C[C@@]35CC[C@]12C,-16.07,0
M2R-decoy_7339,COc1ccc(C(=O)O[C@H]2CC[C@]3(C)[C@H]4CC[C@@H]5[C@@]6(C)CC[C@@H](O)C(C)(C)[C@@H]6C[C@H](O)[C@@]5(O)C[C@]4(C)CC[C@H]3[C@@]2(C)C(=O)[O-])cc1O,-16.07,0
M2R-decoy_892,O=S1(=O)C=C(c2ccccc2C(F)(F)F)S(=O)(=O)CCC1,-16.07,0
M2R-decoy_1051,Cc1cccc(S(=O)(=O)NC(=O)C2(C)CCN2C(=O)c2c(C)noc2C)c1,-16.06,0
M2R-decoy_10476,Cc1cc(S(=O)(=O)N2CCC3(CC2)OCCO3)c(C)cc1Cl,-16.05,0
M2R-decoy_4322,CCOP1(=O)OC(C)=c2sc(C(C(=O)OC)P(=O)(OCC)OCC)cc2=C1C(=O)OC,-16.05,0
M2R-decoy_4551,CCCCCCCCCCCCOc1ccc(c2cc(C(=O)[O-])c3cnn(Cc4ccncc4)c3n2)cc1,-16.05,0
M2R-decoy_5156,CCOP(=O)(OCC)OC1CC(n2cc(C)c(=O)n(C)c2=O)OC1CO[Si](C)(C)C(C)(C)C,-16.05,0
M2R-decoy_8011,CCCCN(CCCC(F)(F)F)C(=O)c1nn(c2ccc(C(=O)NS(=O)(=O)c3ccc4ccccc4c3)cc2C(=O)N2CCc3ccccc3C2)c(C)c1Cl,-16.05,0
M2R-decoy_5873,O=S(=O)(Nc1ccc(N2CCOCC2)cc1)c1ccc(Cl)s1,-16.04,0
M2R-decoy_7809,CC[C@@H](CN1C(C)(C)c2ccccc2S1(=O)=O)N1C(=O)[C@@](C)(CC(=O)[O-])C[C@H](c2cccc(Cl)c2)[C@H]1c1ccc(Cl)cc1,-16.04,0
M2R-decoy_4030,CCCCCCCCO[C@@H]1O[C@@H](C)[C@H](OC(=O)CCCCC)[C@@H](O[C@@H]2O[C@@H](C)[C@H](OC(C)=O)[C@@H](OC(C)=O)[C@H]2OC(C)=O)[C@H]1O,-16.02,0
M2R-decoy_10521,COC1(OC)C2(Cl)C(Cl)=C(Cl)C1(Cl)C1COCC12,-16.0,0
M2R-decoy_6414,Cc1cc(C)nc(O[C@H](C(=O)[O-])[C@@]2(c3ccccc3)[NH2+]CC(=O)N(Cc3ccc(Cl)cc3)c3ccccc32)n1,-16.0,0
M2R-decoy_8626,COCOc1cc(/C=C/c2cc(CO)c3c(c2)C[C@@H]2C(C)(C)[C@H](O)CC[C@@]2(C)O3)cc(OC)c1C/C=C(\C)CCC=C(C)C,-15.99,0
M2R-decoy_121,O=C1CCC2(CC1)OOC1(O2)C2CC3CC(C2)CC1C3,-15.98,0
M2R-decoy_1968,CC(C)CCSC[C@@H](O)[C@@H](CC(C)C)NC(=O)[C@H](C)NC(=O)[C@H](Cc1ccccc1)NC(=O)OC(C)(C)C,-15.98,0
M2R-decoy_2880.1,CCCc1c(OCCCC(C)Oc2ccc(C3=NNN=N3)cc2)ccc(C(C)=O)c1O,-15.98,0
M2R-decoy_10218,CC(=O)N1CCO[C@@H]2CN(S(=O)(=O)c3ccccc3F)C[C@@H]2C1,-15.96,0
M2R-decoy_4412,COCCOCCNC(=O)CC[C@@H](C)[C@H]1CC[C@H]2[C@H]3[C@H](CC[C@@]21C)[C@@]1(C)CC[C@@H](O)C[C@H]1C[C@H]3OC,-15.96,0
M2R-decoy_5960,CCCCOC(=O)NS(=O)(=O)c1sc(CC(C)C)cc1c1cccc(CN(C)S(C)(=O)=O)c1,-15.96,0
M2R-decoy_723,CC(C)Nc1nc(N2CCCC2)nc2c1CCN(S(C)(=O)=O)CC2,-15.96,0
M2R-decoy_9475,COC(=O)CC/C=C\CC[C@H]1C(=O)C[C@@H](O)[C@@H]1/C=C/CC(C)(O)CCC1CCCC1,-15.96,0
M2R-decoy_11344,C/C(=N\NC(=O)/C(C#N)=C/c1ccc(O)cc1)c1c(O)c2ccc(O)cc2oc1=O,-15.94,0
M2R-decoy_6142,CO[C@H]1C(=O)N2C(C(=O)C(C)(C)C)=C(CSc3nnc(C)s3)C(Sc3nnc(C)s3)S(=O)(=O)[C@H]12,-15.93,0
M2R-decoy_7580,CCCNC(=O)CC[C@@H](C)[C@H]1CC[C@H]2[C@@H]3CC[C@@H]4CC5(CC[C@]4(C)[C@H]3C[C@H](OC(C)=O)[C@@]21C)OOC1(CCC(C)CC1)OO5,-15.92,0
M2R-decoy_4736,C[C@H]1CN([C@@H](C)CO)C(=O)c2cc(NC(=O)Cc3cn(C)c4ccccc34)ccc2O[C@H]1CN(C)S(=O)(=O)c1ccc(F)cc1,-15.91,0
M2R-decoy_8600,COc1cc2c(cc1OCc1cn(CCCCCOc3ccc4c(c3)CC[C@@H]3[C@@H]4CC[C@]4(C)[C@@H](O)CC[C@@H]34)nn1)N=C[C@@H]1CCCN1C2=O,-15.89,0
M2R-decoy_132,CC(C)(C)C(=O)O/N=C1\CCS(=O)(=O)c2sccc21,-15.88,0
M2R-decoy_531,Cc1cc2c(cc1S(=O)(=O)N1CCOCC1)NC(=O)CO2,-15.87,0
M2R-decoy_4133,COc1ccccc1Oc1c(NS(=O)(=O)c2ccc(C(C)C)cn2)nc(C2CC2)nc1OCCCNS(=O)(=O)c1cccs1,-15.86,0
M2R-decoy_10058,C/C=C(\C)C(=O)O[C@@H]1[C@@H](O)[C@H]2O[C@H](COC(=O)CCC(=O)OCCCCC[C@H](CCCCC)O[C@@H]3O[C@H](C)[C@H](OC(C)=O)[C@H](O)[C@H]3O2)[C@H]1OC(=O)/C=C/c1ccccc1,-15.85,0
M2R-decoy_8505,CCCC(=O)c1c(NOC2OC(COC(C)=O)C(OC(C)=O)C(OC(C)=O)C2OC(C)=O)nc(OC)n(C)c1=O,-15.85,0
M2R-decoy_1192,C[C@@H]1C[C@H]2O[C@@H]2CC/C=C/C(=O)Cc2cc(O)cc(O)c2C(=O)O1,-15.84,0
M2R-decoy_2192,O=C([O-])C(CCCCCCNS(=O)(=O)c1ccc(Cl)cc1)CCCCCc1cccnc1,-15.83,0
M2R-decoy_3008,CN(C)C(=S)SCC(CSC(=S)N(C)C)C(=O)c1nccs1,-15.83,0
M2R-decoy_3894,C/C=C(\C)C(=O)O[C@@H]1[C@@H](C)[C@@]2(O)[C@@H](C=C(CO)C[C@H]3C(=O)C(C)=C[C@H]32)[C@@H]2C(C)(C)[C@]12OC(=O)CCCCCCCCC,-15.83,0
M2R-decoy_5955,Cc1oc(c2ccccc2)nc1CCCc1nc2cc(C[C@@H](Oc3ccc(c4ccccc4)cc3)C(=O)[O-])ccc2o1,-15.83,0
M2R-decoy_6304,CC(C)NC(=O)N(C)C[C@H]1Oc2ccc(NS(=O)(=O)c3cccs3)cc2C(=O)N([C@H](C)CO)C[C@@H]1C,-15.83,0
M2R-decoy_7608,O=C(/C=C/c1cccc2c1N(Cc1ccc3ccccc3c1)C(=O)C2(CO)CO)NS(=O)(=O)c1cc(Cl)c(Cl)s1,-15.83,0
M2R-decoy_9419,CCc1oc([C@H](C)/C=C(\C)[C@H](O)[C@H](C)[C@@H](OC(=O)CC(C)C)[C@@H](C)c2oc([C@@H](C)[C@@H](O)CC)c(C)c(=O)c2C)c(C)c(=O)c1C,-15.83,0
M2R-decoy_6431,C=C1CN(S(=O)(=O)c2ccc(C)cc2)CCCN(C(C)=O)CCCN(S(=O)(=O)c2ccc(C)cc2)C1,-15.82,0
M2R-decoy_6447,C=C1C[C@@H]2C/C=C/[C@H](O)[C@H](C)/C(C)=C\C(=O)O[C@H](CCC(C)C(C)O)[C@@H](C)C/C=C/[C@@](C)(O)[C@](O)(C1)O2,-15.82,0
M2R-decoy_169,CC1(C)C=C2C(=O)C(C)(C)C(=O)C(C)(C)[C@@]2(O)OO1,-15.81,0
M2R-decoy_3704,CCCc1c(OCCCCCOc2cc3c(cc2C(C)=O)CCC(C2=NN=NN2)O3)ccc(C(C)=O)c1O,-15.79,0
M2R-decoy_3792,CCCOc1ccc(C[C@@H](Cc2ccccc2)C(=O)[O-])cc1CNC(=O)c1ccc(N2CCCCCC2)cc1,-15.79,0
M2R-decoy_4897,CCCCn1ncn(c2ccc(N3CCN(c4ccc(OC[C@@H]5COC(Cn6cncn6)(c6ccc(Cl)cc6Cl)O5)cc4)CC3)cc2)c1=O,-15.78,0
M2R-decoy_4235,CN(CCOc1ccc(CC(Oc2ccccc2C(=O)c2ccccc2)C(=O)[O-])cc1)c1nc2ccccc2o1,-15.77,0
M2R-decoy_4731,COc1ccc(OC)c(S(=O)(=O)NC(=O)COc2cccc3[nH]cc(S(=O)(=O)c4ccc5ccccc5c4)c23)c1,-15.77,0
M2R-decoy_7015,O=S(=O)(N[C@@H]1CC[C@@]2(S(=O)(=O)c3ccc(C(F)(F)F)cc3)c3c(F)ccc(F)c3OC[C@@]2(O)C1)C(F)(F)F,-15.77,0
M2R-decoy_799,COC(=O)C12C3C4C1C1C2C3C41I,-15.73,0
M2R-decoy_5457,C#CCOc1nc(c2ncccn2)nc(NS(=O)(=O)c2ccc(C(C)C)cn2)c1Oc1ccccc1OC,-15.72,0
M2R-decoy_4467,CCCCCCCCCCCCC1C(=O)O[C@@H](CO)[C@@]12CCC(=O)O2,-15.71,0
M2R-decoy_8687,CCCCCCOC(=O)NS(=O)(=O)c1sc(CC(C)C)cc1c1ccc(Cn2c(CC)nc3c(C)cc(C)nc32)cc1,-15.71,0
M2R-decoy_7855,CO[C@H]1/C=C\C=C(/C)C(=O)NC2=CC(=O)C(N3CCC3)=C(C[C@@H](C)C[C@H](OC)[C@H](O)[C@@H](C)/C=C(\C)[C@@H]1OC(=O)NO)C2=O,-15.69,0
M2R-decoy_9644,CCCCCOC(=O)/C=C\C(=O)OCCCCC,-15.68,0
M2R-decoy_10655,CO[C@@H]1/C=C\CC(=O)N2CCC[C@@H]2C(=O)OC[C@@H](C)C(=O)OC[C@H]1C,-15.67,0
M2R-decoy_2411,O=Cn1[nH]c(COc2cc(Cl)cc(Cl)c2)cc1=O,-15.65,0
M2R-decoy_1115,CC(C)(C)C#Cc1cccc(S(=O)(=O)Nc2ccccc2S(N)(=O)=O)c1,-15.63,0
M2R-decoy_5363,COc1cc(Oc2cnc(NC(=O)C(OC3CCOCC3)c3ccc(S(=O)(=O)C4CC4)cc3)s2)ccc1C(=O)[O-],-15.63,0
M2R-decoy_10289,Cc1nn(C)c2c1c(C(F)(F)F)cc(=O)n2CC(=O)N1CCCCC1C,-15.62,0
M2R-decoy_6094,CCOC(=O)[C@@H]1CCCN1P(=O)(CCCC(=O)N(C)O)N1CCC[C@H]1C(=O)OCC,-15.62,0
M2R-decoy_726,CO[C@H]1N(C2CC(F)C(CO)O2)C(=O)NC(=O)[C@]1(C)I,-15.62,0
M2R-decoy_9850,C=C[C@@]1(C)CC[C@]2(C)c3cc4c(c(C)c3CC[C@H]2C1)O[C@@H]1C2=C(C)C(=O)O[C@@]2(O4)[C@H](O)[C@@H]2[C@@]1(O)CC[C@@H]1C(C)(C)CCC[C@]12C,-15.62,0
M2R-decoy_1722,CCC(=O)CC[C@]1(C)C(=O)[C@H](OC(C)=O)C[C@@H]2[C@@]3(C)CC[C@H](OC(C)=O)C(C)(C)[C@@H]3CC[C@]21C,-15.6,0
M2R-decoy_10624,CCS(=O)(=O)N1CCC2(CC1)OOC1(OO2)C2CC3CC(C2)CC1C3,-15.59,0
M2R-decoy_2285,CCCCN(CCCC)C(=O)CSc1nnc(c2cc(OC)c(OC)c(OC)c2)o1,-15.59,0
M2R-decoy_532,CN(C)S(=O)(=O)N1CCN(C(=O)N2CCCCC2)CC1,-15.59,0
M2R-decoy_5952,CCCCOC(=O)NS(=O)(=O)c1ccc(Oc2ccccc2)cc1c1ccc(C(=O)N(CC)CC)cc1,-15.59,0
M2R-decoy_5487,Cc1nnc([C@H](OC/C=C/Br)[C@H](O)[C@@H](O)[C@@H](OC/C=C/Br)c2nnc(C)o2)o1,-15.58,0
M2R-decoy_6346,CC(=O)N[C@H](C(=O)N[C@H](C(=O)N1C[C@H](O)C[C@H]1C(=O)NCc1ccc(c2scnc2C)cc1)C(C)(C)C)C(C)(C)C,-15.58,0
M2R-decoy_2515,O=S(=O)([C@@H]1O[C@@H]1c1ccccc1)N1CCOCC1,-15.56,0
M2R-decoy_1323,O=C1CCCSCCCC(=O)CCCSCCC1,-15.55,0
M2R-decoy_2511,[O-][N+]1(CC[N+]2([O-])CCCCC2)CCCCC1,-15.55,0
M2R-decoy_4454,CCCCCCCC(=O)N(C)CCOc1ccc(CC2SC(=O)NC2=O)cc1,-15.55,0
M2R-decoy_5682,CNC(=O)[C@@H](Cc1ccc(O)cc1)NC(=O)C(CC(C)C)CP(=O)(O)Cc1ccc(Cc2ccccc2)cc1,-15.54,0
M2R-decoy_5702,CCCCOP(=O)(OCCCC)OCN1C(=O)C(CC(C)C)CS1(=O)=O,-15.54,0
M2R-decoy_898,CC1(C)CN=c2s/c(=C\c3ccc(Cl)cc3)c(=O)n2C1,-15.54,0
M2R-decoy_10635,Nc1ccc2c(c1)OCCOCCOCCOCCOCCO2,-15.53,0
M2R-decoy_1138,O=c1[nH]c(c2ccccc2)nc2c1sc(=O)n2c1ccccc1,-15.53,0
M2R-decoy_1141,COc1ccc(C2C(C#N)=C(C)NC3=C2S(=O)(=O)c2ccccc23)cc1,-15.53,0
M2R-decoy_894,CC(C)(C)C1CS(=O)(=O)C(C)(c2ccc(C#N)cc2)S(=O)(=O)C1,-15.53,0
M2R-decoy_10544,COC(=O)[C@@H]1N2C(=S)N(c3ccccc3)C(=O)[C@H]2SC1(C)C,-15.5,0
M2R-decoy_8809,CC(C)c1ccc(OP(=O)(Oc2ccc(C(C)C)cc2)C(C)NC(=O)[C@@H]2CCCN2C(=O)[C@@H](NC(=O)OC(C)(C)C)C(C)C)cc1,-15.48,0
M2R-decoy_1510,CC(C)Cc1ccc([C@@H](C)C(=O)NS(=O)(=O)c2ccccc2)cc1,-15.44,0
M2R-decoy_8500,O=C([O-])COc1ccccc1/C=N/NC(=O)CSc1nnc(SCc2ccc(Cl)cc2)s1,-15.43,0
M2R-decoy_4077,CCCCCCCCCCCCNC(=O)CS[C@@H]1O[C@H](COC(C)=O)[C@@H](OC(C)=O)[C@H](OC(C)=O)[C@H]1OC(C)=O,-15.41,0
M2R-decoy_9631,CCC(=O)OCC(CC)(CC)OOC(C)(C)C,-15.41,0
M2R-decoy_7484,CC1=CC(=O)O[C@@]23CC(=O)O[C@@]12C[C@H]1C[C@H](O)[C@@]2(C)Oc4cc(O)c(=O)cc(C)c4C[C@H]2CC(C)(C)/C=C/C[C@]1(C)O3,-15.4,0
M2R-decoy_5215.1,Cc1cc(C)c(NC(=O)c2sccc2S(=O)(=O)Nc2onc(C)c2Cl)c(C(=O)CS(C)(=O)=O)c1,-15.39,0
M2R-decoy_2650,CCNC(=O)OC[C@@H](NC(=O)N[C@H](C(=O)N1C[C@H]2[C@@H]([C@H]1C(=O)NC(CC1CC1)C(=O)C(N)=O)C2(C)C)C1Cc2ccccc2C1)C(C)(C)C,-15.36,0
M2R-decoy_4509,CCCCC[C@H](CN(O)C=O)C(=O)NCNC(=O)c1ccc(c2cc(OCC)cc(C(=O)OC)c2)o1,-15.36,0
M2R-decoy_688,CC(=O)O[C@H]1C(C)=CC[C@@]2([C@@H]1OC(C)=O)[C@H]1[C@H](C)COC(=O)[C@H]1O[C@@]2(C)O,-15.36,0
M2R-decoy_10235,CC(C)(C)NC(=O)c1ccc2c(c1)[Si](C)(C)CC[Si]2(C)C,-15.35,0
M2R-decoy_4347,C#CCOc1nc(c2cnccn2)nc(NS(=O)(=O)c2ccc(C(C)C)cn2)c1Oc1ccccc1OC,-15.35,0
M2R-decoy_7024,CC(=O)O[C@H]1[C@@H]2O[C@]2([C@H](C)[C@H]2CC(C)=C(C)C(=O)O2)[C@@]2(C)CC[C@H]3[C@@H](C[C@@H](O)[C@@]4(O)CC=CC(=O)[C@]34C)[C@@]12O,-15.34,0
M2R-decoy_9296,CCCC1C[C@@H]2[C@@H](CC[C@@]3(S(=O)(=O)c4ccc(C(F)(F)F)cc4)c4c(F)ccc(F)c4OC[C@@H]23)NS1(=O)=O,-15.34,0
M2R-decoy_582.2,CS(=O)(=O)c1nnc(c2ccc(C#N)c(C(F)(F)F)c2)[nH]1,-15.33,0
M2R-decoy_2291,CCCSc1nc(NC(C)=O)c(N(CCC)CCC)c(OCC)n1,-15.32,0
M2R-decoy_9314,CCCCCCCCC(Cl)CCCC/C=C/CCC(=O)N(C)[C@H](CO)COC,-15.32,0
M2R-decoy_3443,CC(C)OP(=O)(OC(C)C)C(C(F)(F)F)C(F)(F)F,-15.31,0
M2R-decoy_7697,C=C(C(=O)[C@H](O)[C@@H](C)[C@H]1[C@@H](OC(C)=O)C[C@@]2(C)[C@@H]3CC[C@H]4[C@H](C)C(=O)C=C[C@@]45C[C@@]35CC[C@]12C)[C@@H](C)COC(=O)CNC(=O)OC(C)(C)C,-15.3,0
M2R-decoy_2386,CCCC[C@@]1(C)C[C@H](C(=O)OC)[C@@](C)(OC)OO1,-15.29,0
M2R-decoy_2540,CCOC(=O)OCOC(=O)C1=C(S[C@@H]2CCO[C@@H]2CNC(=O)OCOC(=O)C(C)C)[C@H](C)C2[C@@H]([C@@H](C)O)C(=O)N12,-15.29,0
M2R-decoy_9772,CC(=O)O[C@@H]1C[C@@H]2[C@]3(C)[C@@H](CC[C@@]2(C)[C@]2(C)CC[C@H]([C@]4(C)CC[C@H](C(C)(C)O)O4)[C@@H]12)C(C)(C)[C@H](OC(C)=O)C[C@H]3OC(C)=O,-15.29,0
M2R-decoy_8453,CCOP(=S)(OCC)Oc1ccc2c(c1)OC(=O)[C@]1(Cl)[C@@]2(C)[C@]2(Cl)C(=O)Oc3cc(OP(=S)(OCC)OCC)ccc3[C@]12C,-15.27,0
M2R-decoy_2243,COc1cc(NC(=O)CCCC(=O)OCC(F)(F)C(F)F)nc(OC)n1,-15.25,0
M2R-decoy_538,Cc1nc(S(=O)(=O)N2CCOCC2)c(C#N)c(C)c1Cl,-15.25,0
M2R-decoy_2579,CC(C)C(NC(=O)CNC(=O)C1CCCN1C(=O)C(NC(=O)OC(C)(C)C)C(C)C)C(=O)NCC(=O)OCc1ccccc1,-15.23,0
M2R-decoy_4198,CCCCC(C)(O)c1ccc(C(Cc2cc[n+]([O-])cc2)c2ccc(OC(F)F)c(OC(F)F)c2)cn1,-15.23,0
M2R-decoy_5241,CCCc1cc(C)c(=O)n(C(C(=O)NS(=O)(=O)c2ccc(C(C)C)cc2)c2ccc3c(c2)OCO3)n1,-15.23,0
M2R-decoy_1322,c1ccc2c(c1)OCCCOc1ccccc1OCCCO2,-15.22,0
M2R-decoy_2576,O=S(=O)(Cc1nnc(CS(=O)(=O)c2c[nH]nc2S(=O)(=O)c2ccccc2)o1)Nc1ccccc1,-15.22,0
M2R-decoy_8541,CC[NH+](CC)CCOc1c(I)cc(C(=O)c2c(CCCC(=O)[O-])oc3ccccc23)cc1I,-15.19,0
M2R-decoy_5567,CCC(=O)c1cn([C@H](CCC(OC)OC)CC(=O)OC(C)(C)C)cc1CC,-15.18,0
M2R-decoy_5832,O=C1/C(=C/c2cccs2)SC(=S)N1NS(=O)(=O)c1ccccc1,-15.18,0
M2R-decoy_9634,CCCCOC(=O)/C=C\C(=O)OCCCC,-15.17,0
M2R-decoy_2388,COC1=CC(=O)O[C@@H]([C@H](C)C[C@H](C)CC(C)=O)C1,-15.16,0
M2R-decoy_6856,C/C1=C\[C@@H](O)C(=O)/C=C/C=C/c2csc(n2)[C@@H](C)N2C(=O)C[C@@]([C@@](C)(O)C(=O)SCC(=O)OC(C)(C)C)(CC1)[S+]2[O-],-15.16,0
M2R-decoy_7839,COc1cc(c2c(OC)cc(OC)c(Cl)c2C)c2c(c1Cl)C[C@@H]1C(C)(C)c3cc(O)c(Cl)c(O)c3C(=O)[C@]1(O)C2=O,-15.16,0
M2R-decoy_822,O=C(c1c(Cl)nc2n1CCS2(=O)=O)N1CCCCC1,-15.16,0
M2R-decoy_10297,CC(=O)[C@@H]1CC[C@@H](C)C2(C1)OOC1(C[C@H](C(C)=O)CC[C@H]1C)OO2,-15.13,0
M2R-decoy_6033,CCCC(=O)O[C@H]1C[C@@]2(C)[C@@H](OC(C)=O)C[C@]3(C)[C@H](C=C(C)[C@H](OC(C)=O)[C@H](O)[C@H]3OC(=O)CCC)[C@H]2[C@H]1C(C)C,-15.13,0
M2R-decoy_7461,O=[N+]([O-])c1cc(C(F)(F)F)c(I)c([N+](=O)[O-])c1Nc1ncc(C(F)(F)F)cc1Cl,-15.13,0
M2R-decoy_8546,CN(C)c1ccc(C2=C(C(=O)NS(=O)(=O)C3CC3)C(=O)N[C@@](c3ccc(OCCCCCC(F)(F)F)cc3)(C(F)(F)F)C2)cc1,-15.13,0
M2R-decoy_2517,COCC(C)S(=O)(=O)N1CCCCC1,-15.12,0
M2R-decoy_5148,CCC(=O)OCC(=O)[C@@]1(OC(=O)CC)CCC2C3C[C@H](F)C4=CC(=O)C=CC4(C)[C@@]3(F)C(O)CC21C,-15.11,0
M2R-decoy_8041,C[C@@H]1[C@H]2C3=CC[C@@H]4[C@@]5(C)CC[C@H](OC(=O)CCC(=O)OCCOc6no[n+]([O-])c6S(=O)(=O)c6ccccc6)C(C)(C)[C@@H]5CC[C@@]4(C)[C@]3(C)CC[C@@]2(C(=O)[O-])CC[C@H]1C,-15.1,0
M2R-decoy_10170,Cc1noc(C)c1S(=O)(=O)N1CCC2(CC1)OCCS2,-15.09,0
M2R-decoy_3715,CC(=O)O[C@H]1CC[C@@]2(C)C(=CC[C@@H]3[C@@H]2CC[C@@]2(C)[C@H]3CC[C@@H]2[C@H](C)CCC[NH2+]CCCCCC(=O)[O-])C1,-15.08,0
M2R-decoy_11252,[C-]#[N+]c1ccc(S(=O)(=O)N2CCN(C(=O)OC(C(F)(F)F)C(F)(F)F)CC2)cc1,-15.05,0
M2R-decoy_2423,CC(=O)O[C@@H]1OC(=O)[C@](Cc2ccccc2)(C(C)=O)[C@@H]1C,-15.05,0
M2R-decoy_5492,CO[C@]1(C)C[C@@]2(CO2)[C@H](O)[C@@H](/C=C/C(C)=C/C[C@@H]2O[C@H](C)[C@H](NC(=O)/C=C\[C@H](C)OC(C)=O)C[C@@H]2C)O1,-15.04,0
M2R-decoy_341,CC1(CI)C[C@H]2CCCCC2O1,-15.02,0
M2R-decoy_5875,O=S(=O)(Nc1sccc1c1nc2ccccc2s1)c1ccco1,-14.96,0
M2R-decoy_5742,CC[NH+](CC)CCNC(=O)Nc1nc2ccc(c3cnc(OC)c(NS(=O)(=O)c4ccc(F)cc4)c3)cc2s1,-14.95,0
M2R-decoy_1190,O=C1NC(=S)S/C1=C\c1ccccc1I,-14.94,0
M2R-decoy_4477,CCCCS(=O)(=O)/C=C/[C@@H]1[C@@H]2C=C[C@@H](C2)[C@H]1S(=O)(=O)CCCC,-14.94,0
M2R-decoy_3122,COC(=O)[C@@H](C)[C@@H]1CC[C@](C)(CCC(=O)C(C)(C)CCCC(C)=O)OO1,-14.94,0
M2R-decoy_5654,CCC[C@H](NC(=O)[C@@H](O)C(C)(C)C)C(=O)Nc1ncc(C(C)CCCC(C)(C)OC)s1,-14.94,0
M2R-decoy_9636.1,CC(C)=CCC/C(C)=C/CSC1=NNN=N1,-14.94,0
M2R-decoy_8565,CCCCC(CC)NC(=O)c1ccc2c(c1)c(Cc1ccc(C(=O)NS(=O)(=O)c3ccccc3C)cc1OC)cn2C,-14.93,0
M2R-decoy_5469,COCO[C@H]1C[C@H]2OC(C)(C)OC[C@]23[C@H]2[C@H](OCOC)C[C@]4(C)[C@@H](/C=N/O)CC[C@]4(OCOC)[C@@H]2CC[C@]3(O)C1,-14.92,0
M2R-decoy_5642,CCCCCCc1ccc(OCCCCCCCC(=O)OC(CO)CO)cc1O,-14.91,0
M2R-decoy_265,Cc1nc(C#Cc2cncc(C#CCO)c2)cs1,-14.9,0
M2R-decoy_7888,CO[C@H]1CC/C=C(\C)C(=O)OCc2cn(nn2)C[C@@H](C)C[C@H](OC)[C@H](OC)[C@@H](C)C(=O)O[C@H]1CO[Si](C)(C)C(C)(C)C,-14.9,0
M2R-decoy_312,CC(=O)N1CCC2(CC1)COC1(OO2)C2CC3CC(C2)CC1C3,-14.89,0
M2R-decoy_2186,CC(C)C[C@H](NC(=O)Cc1ccccc1)C(=O)N[C@@H](CC1CCCCC1)C(=O)N(C)CC(C)C,-14.88,0
M2R-decoy_7364,C=C(C)[C@H]1O[C@H]2CC[C@]3(C)[C@@]4(C)c5c6c7c8c(c(Cl)cc7n5C)CC(=C)[C@H]5C[C@@H](C(C)(C)O[C@H]6[C@@H]4CC[C@@]3(O)[C@]23O[C@@H]3[C@H]1O)[C@@]85O,-14.88,0
M2R-decoy_7856,CC(=O)OCOC(=O)[C@@]12CC[C@]3(C)[C@H](CC[C@@H]4[C@@]5(C)CC[C@H](OC(C)=O)C(C)(C)[C@@H]5CC[C@]43C)C1=C(C(C)C)C(=O)C2=O,-14.87,0
M2R-decoy_9434,CC(C)[NH+](CCOc1ccc2oc3ccc(OCC[NH+](C(C)C)C(C)C)cc3c2c1)C(C)C,-14.87,0
M2R-decoy_7384,CC(=O)O[C@H]1CC[C@]2(C)C3=CC(=O)[C@@]4(C)C(C[C@@H]5OC6(OCC(C)CC6Br)[C@@H](C)[C@@H]54)C3CC[C@H]2C1,-14.84,0
M2R-decoy_4159,Cc1cc(OCCCS(C)(=O)=O)cc(C)c1c1cccc(COc2ccc(S(=O)(=O)CC(=O)[O-])cc2)c1,-14.83,0
M2R-decoy_905,Cc1ccc(C2=CS(=O)(=O)CCCS2(=O)=O)cc1,-14.82,0
M2R-decoy_6200,CC(=O)OC1CC(OC(C)=O)[C@]2(C)C(CC(OC(C)=O)[C@]3(C)C2CC[C@@]2(C)C(c4ccoc4)OC(=O)C4O[C@@]423)C1(C)C,-14.81,0
M2R-decoy_9862,CC(/C=C/CCCO)=C\[C@@H]1Cc2nc(cs2)[C@@H](C)C[C@@H](NC(=O)OC(C)(C)C)CC(=O)O[C@@H](C)C/C(C)=C/C#CC(=O)O1,-14.81,0
M2R-decoy_2202,Cc1cc(OCCCS(C)(=O)=O)cc(C)c1c1cccc(COc2ccc(OC(C)C(=O)[O-])cc2)c1,-14.8,0
M2R-decoy_3791.1,Cc1ccc(Cn2cc(CCC(=O)Nc3nnc(CCCCc4nnc(NC(=O)Cc5ccccc5)s4)s3)nn2)c(C)c1,-14.8,0
M2R-decoy_7415,CC(C)[C@@H]1OC(=O)C(C)(C)/C=C/c2ccc3ccc(nc3c2)[C@@H](C)NC(=O)[C@@H]2CCCN(N2)C(=O)[C@H](C)NC1=O,-14.8,0
M2R-decoy_7471.1,CC(C)(c1cc(Br)c(O)c(I)c1)c1cc(Br)c(O)c(I)c1,-14.77,0
M2R-decoy_5232,C=CCN1C=C2C(=O)C(C)(OC(=O)CCC(=O)OC)C(=O)C(Br)=C2C=C1c1ccc(OC)cc1,-14.76,0
M2R-decoy_6773,O=C(Nc1ccc2c(c1)CCN(C(=O)NS(=O)(=O)c1ccc(F)cc1)CC2)NS(=O)(=O)c1ccc(F)cc1,-14.74,0
M2R-decoy_177,Cc1nc(Cl)c2c(n1)N=C1CCCC(O)=C1O2,-14.71,0
M2R-decoy_6852,COC(=O)[C@@]1(C)CC[C@]2(C)CC[C@]3(C)C(=CC(=O)[C@@H]4[C@@]5(C)CC[C@H](O[C@H]6O[C@H](CO)[C@@H](O)[C@H](O)[C@@H]6O)C(C)(C)[C@@H]5CC[C@]43C)[C@@H]2C1,-14.7,0
M2R-decoy_4202,CC(=O)N(CC(=O)[O-])c1ccc(OCc2cccc(c3c(C)cc(OCCCS(C)(=O)=O)cc3C)c2)cc1C,-14.69,0
M2R-decoy_851,O=C(NS(=O)(=O)c1ccc(Cl)cc1)c1cccnc1Cl,-14.67,0
M2R-decoy_1319,CC1=C2CCC=C3C(=O)OC[C@]32CCC2=C1[C@H](c1ccoc1)OC2=O,-14.62,0
M2R-decoy_10271,c1ccc2c(c1)OCCOCCOc1ccccc1OCCOCCO2,-14.62,0
M2R-decoy_4567,CCS(=O)(=O)NCCOc1nc(C2CC2)nc(NS(=O)(=O)c2ccc(C)cn2)c1Oc1ccccc1OC,-14.62,0
M2R-decoy_9598,CCCS(=O)(=O)N1CCCN(C(=O)CC)C1,-14.62,0
M2R-decoy_7487,COc1c(I)c2c(c(OC)c1OC)-c1c(c(I)c3c(c1OC)OCO3)C[C@H](C)[C@H](C)C2,-14.61,0
M2R-decoy_949,CC(C)(C)NC(=O)NS(=O)(=O)c1cnccc1N[C@H]1C[C@@H]2CC[C@H]1C2,-14.6,0
M2R-decoy_6625,CC(=O)OCC1OC(n2c(C)c(C)c(C)c(C#N)c2=S)C(OC(C)=O)C(OC(C)=O)C1OC(C)=O,-14.55,0
M2R-decoy_992,O=S(=O)(Nc1cccc2cccnc12)c1ccc(N2CCOCC2)cn1,-14.55,0
M2R-decoy_10651,Cc1c(C(C)(C)C)s/c(=N/S(=O)(=O)c2ccccc2)n1C,-14.52,0
M2R-decoy_1616,O=C(CC1CCCCC1)/[NH+]=C1\SC2CS(=O)(=O)CC2N1c1ccccc1,-14.51,0
M2R-decoy_956,COc1cccc(NS(=O)(=O)c2c(C)nc3sccn3c2=O)c1,-14.48,0
M2R-decoy_4015.1,CCCCCCCCC(SC(=O)c1ccc(OC)c(OC)c1)c1cc(OC)c2c(c1OC)/C(=N/O)C=C/C2=N\O,-14.47,0
M2R-decoy_6173,C=C1CC[C@H]2[C@@](C)(CC[C@@H](OC(C)=O)[C@@]2(C)COC(C)=O)[C@@H]1C[C@H](SC(=S)N1CCOCC1)C1=CCOC1=O,-14.47,0
M2R-decoy_11145,CO[C@H]1C(=O)N2C(C(=O)C(C)(C)C)=C(C)C(Sc3nnc(C)s3)S(=O)(=O)[C@H]12,-14.46,0
M2R-decoy_468,O=C1NN(c2ccc(F)c(Cl)c2)C(=O)/C1=C\c1ccco1,-14.46,0
M2R-decoy_3188,CCCc1cc(=O)oc2c(C(=O)CC)c(OCC)c3c(c12)OC(C)(C)C=C3,-14.45,0
M2R-decoy_3880,CCCCOC(=O)NS(=O)(=O)c1ccccc1c1ccc(Cn2c(CC)nc3cc(NC(=O)CCCC)cnc32)cc1,-14.45,0
M2R-decoy_3696,Cc1cc(OCCCS(C)(=O)=O)cc(C)c1c1cccc(COc2ccc(OCC(=O)[O-])c(F)c2)c1,-14.43,0
M2R-decoy_9138,CCCCOCC(=O)NS(=O)(=O)c1sc(CC(C)C)cc1c1ccc(Cn2ccnc2)cc1,-14.4,0
M2R-decoy_5344.1,CCN(c1ccc(C(O)(C(F)(F)F)C(F)(F)F)cc1Cl)C(COc1ccc(CCC(=O)[O-])cc1)c1ccccc1,-14.39,0
M2R-decoy_6070,CCCCOP(=O)(OCCCC)OCN1C(=O)C(CC(C)C)N(CC2C=CC=C2)S1(=O)=O,-14.39,0
M2R-decoy_839,O=C(NS(=O)(=O)c1ccc(F)cc1)C1CCOc2ccccc21,-14.37,0
M2R-decoy_880,Cc1ccc(S(=O)(=O)NC(=O)c2cncc(Br)c2)cc1,-14.37,0
M2R-decoy_9404,CC(C)OP(=O)(OC(C)C)C(=Cc1cc(C(C)(C)C)c(O)c(C(C)(C)C)c1)P(=O)(OC(C)C)OC(C)C,-14.37,0
M2R-decoy_7528,COC(=O)CCC(C)C1CC[C@H]2[C@H]3[C@H](C[C@H](OC(C)=O)[C@]12C)[C@@]1(C)CCC2(C[C@H]1C[C@H]3OC(C)=O)OOC1(CCCCC1C)OO2,-14.36,0
M2R-decoy_7538,C/C=C(/C)C(=O)O[C@H]1CC(C)(C)C[C@H]2C3=CC[C@@H]4[C@@]5(C)CC[C@H](O)C(C)(C)[C@@H]5CC[C@@]4(C)[C@]3(C)[C@@H](O)[C@@H](OC(C)=O)[C@@]12CO,-14.36,0
M2R-decoy_4788,COCCOCCOC(=O)[C@H](Cc1ccc(OC(=O)N(C)C)cc1)NC(=O)[C@H]1N(S(=O)(=O)c2ccn(C)n2)CSC1(C)C,-14.34,0
M2R-decoy_5569,CCC(C)(C)C(=O)O[C@@H](C[C@@H](C)CO)C1[C@@H](CC[C@@H]2C[C@@H](O)CC(=O)O2)[C@@H](C)CC[C@H]1O,-14.34,0
M2R-decoy_6253,CCOC(=O)C1=C(C)NC2=C(C(=O)C(C(=O)OC)C(C)C2)C1c1cc(Br)c(OC)c(OC)c1,-14.34,0
M2R-decoy_6413,COC(=O)C[C@H]1C(C)(C)[C@H](OC(C)=O)[C@]2(O)CC3=C4[C@@H](O)C(=O)O[C@@H](c5ccoc5)[C@]4(C)CC[C@@H]3[C@@]1(C)C2=O,-14.32,0
M2R-decoy_3726,CCCCCCSC[C@H](OC(C)=O)[C@@H](OC(C)=O)[C@@H](OC(C)=O)[C@@H](COC(C)=O)OC(C)=O,-14.31,0
M2R-decoy_4773,CN(CCOc1ccc(c2nc3c(c(=O)n(Cc4ccccc4C#N)c(=O)n3C)n2CC(=O)[O-])cc1)c1ccccn1,-14.29,0
M2R-decoy_5946,CCCCOC(=O)NS(=O)(=O)c1sc(CC(C)C)cc1c1cccc(CN(C)C(=O)c2cccs2)c1,-14.28,0
M2R-decoy_8189,C/C=C(\C)C(=O)O[C@H]1/C(C)=C/[C@H]2[C@@H](OC(=O)c3ccccc3)[C@@H](C)C[C@]2(O)[C@@H](OC(=O)/C(C)=C/C)[C@@H](C)/C=C/C(C)(C)[C@H](OC(C)=O)[C@H]1OC(C)=O,-14.27,0
M2R-decoy_358,CC(C)(C)c1[nH]cnc1/C=c1\[nH]c(=O)/c(=C/C2CCCCC2)[nH]c1=O,-14.25,0
M2R-decoy_1252,O=C(NS(=O)(=O)c1ccc(Br)cc1)c1ccncc1,-14.24,0
M2R-decoy_4744,C#CCOc1nc(c2ccnc(C3=NNN=N3)c2)nc(NS(=O)(=O)c2ccc(C(C)C)cn2)c1Oc1ccccc1OC,-14.24,0
M2R-decoy_6552,CC1(C)CC[C@@]2(C(=O)[O-])[C@@H](C1)C1=CC[C@@H]3[C@@]4(C)CC[C@H](O[C@@H]5OC[C@H](O)[C@H](O)[C@H]5O)C(C)(C)[C@@H]4CC[C@@]3(C)[C@]1(C)C[C@H]2O,-14.24,0
M2R-decoy_4035,COC(=O)C[C@@H]1NC(=O)CN(C)C(=O)/C=C/CNC(=O)[C@@H](C)[C@H]([C@H](C)CCCCCCCCCCCC(C)C)OC1=O,-14.23,0
M2R-decoy_10207,CC(C)(C)OC(=O)[C@@H]1N2C(=O)[C@H](Cl)[C@H]2S(=O)(=O)C1(C)C,-14.22,0
M2R-decoy_6640.1,Cc1ccc2c(c1)N(CC(=O)NC(C)(C)C)C(=O)[C@H](NC(=O)Nc1cccc(C3=NNN=N3)c1)C[C@@H]2C(C)C,-14.22,0
M2R-decoy_6674,CC(=O)O[C@@H]1[C@@H](O)[C@@H]2[C@@H](OC(=O)c3cccnc3)[C@]3(OC2(C)C)[C@@](C)(O)CC[C@H](OC(=O)c2ccccc2)[C@@]13C,-14.22,0
M2R-decoy_6423,COC(=O)C[C@H]1C(C)(C)[C@H](OC(C)=O)[C@H]2C(=O)[C@]1(C)[C@H]1CC[C@@]3(C)[C@H](c4ccoc4)OC(=O)C[C@H]3[C@]13O[C@H]23,-14.2,0
M2R-decoy_9343,CC(C)CCC(=O)NCC[C@H](O)[C@H](CC1CCCCC1)NC(=O)[C@H](Cc1ccncc1)NC(=O)[C@H](Cc1ccccc1)NC(=O)OC(C)(C)C,-14.2,0
M2R-decoy_2554,CO/N=C(\C(=O)N[C@@H]1C(=O)N2C(C(=O)[O-])=C(C[n+]3ccc4[nH]c(c5ccccc5)nc4c3)CS[C@H]12)c1csc(N)n1,-14.19,0
M2R-decoy_4854,CC(C)(C)OC(=O)N[C@@H](Cc1ccc(OCCOc2ccccc2)cc1)C(=O)NS(=O)(=O)c1ccc(Cl)c([N+](=O)[O-])c1,-14.19,0
M2R-decoy_4455,CCCCC[C@H](O)/C=C/[C@H]1[C@H](O)CC(=O)[C@@H]1C/C=C\CCCC(=O)NC(C)=O,-14.18,0
M2R-decoy_5848,O=S(=O)(Nc1ccccc1N1CCOCC1)c1ccc(Cl)s1,-14.18,0
M2R-decoy_6012,CCC1=CCC2=CC(=O)O[C@@H](O[C@@H]3O[C@H](CC)[C@@H](OC(=O)C(C)(C)C)[C@H](OC(=O)C(C)(C)C)[C@H]3OC(=O)C(C)(C)C)[C@H]12,-14.18,0
M2R-decoy_1387,O=S(=O)(Nc1ccc2c(c1)OCCO2)c1ccc(Br)s1,-14.17,0
M2R-decoy_649,C=C1C(=O)O[C@H]2/C=C(/C)[C@@H](O)C[C@H]3O[C@@]3(C)C[C@@H](OC(=O)/C(C)=C/C)[C@@H]12,-14.17,0
M2R-decoy_7452,COC(=O)[C@@]1(C)c2onc(C(=O)[O-])c2C[C@@]2(C)[C@H]1CC[C@]1(C)[C@@H]2C(=O)C=C2[C@@H]3[C@@H](C)[C@H](C)CC[C@]3(C)CC[C@]21C,-14.17,0
M2R-decoy_3938,CC(C)(C)OC(=O)N(CCCCN(CCCNC(=O)C(F)(F)F)C(=O)OC(C)(C)C)CCCNC(=O)C(F)(F)F,-14.14,0
M2R-decoy_1918,COC(=O)C12C3C4C5(C(=O)OC)C(C1C35C(=O)N(C(C)C)C(C)C)C42C(=O)N(C(C)C)C(C)C,-14.12,0
M2R-decoy_1200,O=C1NC(=S)S/C1=C\c1sccc1Br,-14.11,0
M2R-decoy_1248,COc1ccc(Br)cc1C1OC(=O)NC1=O,-14.11,0
M2R-decoy_6979,COc1ccc(C2=[NH+][C@H](c3ccc(Cl)cc3)[C@H](c3ccc(Cl)cc3)N2C(=O)N[C@@H](C)C(=O)[O-])c(OC(C)C)c1,-14.1,0
M2R-decoy_6599,CC[C@@H]1/C=C/[C@H](C(C)O)OC(=O)/C(C)=C\[C@H]2C(=O)NC3=CC(=O)c4c(cc(C)c(O)c4C(=O)CC1)[C@@]32O,-14.1,0
M2R-decoy_9010.1,CCCCCCCCCCCCOc1ccc(OP(=O)([O-])Oc2cccc(C[n+]3csc(C)c3)c2)c(C(C)(C)C)c1,-14.08,0
M2R-decoy_10583,CN(C(=O)n1cnc(S(=O)(=O)[C@@H]2C[C@H]3CC[C@@H]2C3)n1)C(C)(C)C,-14.05,0
M2R-decoy_1324,CN1C=C(C(F)(F)F)C=C/C1=C(\C#N)c1nnc2n1CCCCC2,-14.04,0
M2R-decoy_389,CS(=O)(=O)NC(=O)c1cc(Cl)c2c(c1)OCCCO2,-14.03,0
M2R-decoy_3375,CCOC(=O)NC(C(F)(F)F)(C(F)(F)F)P(=O)(OCC(C)C)OCC(C)C,-14.02,0
M2R-decoy_6484.1,NS(=O)(=O)c1ccc(NC(NC(=O)C(C(F)(F)F)C(F)(F)F)(C(F)(F)F)C(F)(F)F)cc1,-14.02,0
M2R-decoy_4011,COc1ccccc1Oc1c(NS(=O)(=O)c2ccc(C(C)(C)C)cc2)nc(C2CC2)nc1OCCCNS(=O)(=O)c1cccs1,-14.0,0
M2R-decoy_5922,CCCCOC(=O)NS(=O)(=O)c1sc(CC(C)C)cc1c1cccc(CN(C)C(=O)OCC)c1,-14.0,0
M2R-decoy_2164,C=C(C=O)[C@@H]1C[C@@]2(C)C(=CC1=O)[C@H](OC(=O)/C(C)=C/C(C)CCCC)CC[C@@H]2C(=O)N[C@@H](CC(C)C)C(=O)OC,-13.98,0
M2R-decoy_3475,CCCCCCCCCC(=O)N[C@@H](Cc1cccc(Br)c1)C(=O)N[C@H]1/C=C/CCNC(=O)/C=C/[C@H](C(C)C)NC1=O,-13.98,0
M2R-decoy_787,S=c1[nH]nc2c3c4c(sc3n3c(=S)[nH]nc3n12)CCC4,-13.97,0
M2R-decoy_8779.2,CCCCCCCCC(SC(=O)c1cc(OC)c(OC)c(OC)c1)c1cc(OC)c2c(c1OC)/C(=N/O)C=C/C2=N\O,-13.95,0
M2R-decoy_4340,CCCCCCNC(=O)C1=Cc2cc3c(cc2[C@@H](c2cc(OC)c(OC)c(OC)c2)[C@@H]1C(=O)OC)OCO3,-13.92,0
M2R-decoy_142,Cc1cccc2c1OCCOCCOCCOCCO2,-13.91,0
M2R-decoy_4390,COc1cccc(Oc2c(NCCOc3ncccn3)ncnc2NS(=O)(=O)c2ccc(C(C)(C)C)cc2)c1,-13.89,0
M2R-decoy_10558,Cc1nc2sccc2c(=O)n1NC(=O)c1ccc2ccccc2n1,-13.88,0
M2R-decoy_8669,COC(C)(C)/C=C/C[C@]1(C)[C@@H](CC=C(C)C)C[C@]2(CC=C(C)C)C(=O)C3=C(O[C@H](C(C)(C)O)C3)[C@@]1(C(=O)C(C)C)C2=O,-13.87,0
M2R-decoy_542,CC(C)OC(=O)[C@@H]1N2C(=O)[C@H](Cl)[C@H]2S(=O)(=O)C1(C)C,-13.86,0
M2R-decoy_5431,CCCCOC(=O)NS(=O)(=O)c1sc(CC(C)C)cc1c1cccc(C(=O)Cn2ccnc2Cl)c1,-13.82,0
M2R-decoy_8544,CCC(C(=O)N[C@@H](CC(=O)[O-])C(=O)CCCc1ccccc1)n1cc(C(C)(C)C)nc(Nc2ccc3c(c2)OCCO3)c1=O,-13.82,0
M2R-decoy_9651,CCOC(=O)C12CC1(C(=O)OCC)C1CCC2C1,-13.82,0
M2R-decoy_6136,COc1ccc([C@@H]2CC=C(C(=O)[O-])[C@H](c3ccc(Br)cc3)N2S(=O)(=O)c2ccc(C)cc2)cc1OC,-13.81,0
M2R-decoy_7439,O=C(Nc1ccc(Br)cc1)c1cc(I)cc(I)c1O,-13.76,0
M2R-decoy_5650,CCC(CC)(c1ccc(OCCCCC(=O)NO)cc1)c1ccc(OCC(O)C(C)(C)C)c(C)c1,-13.73,0
M2R-decoy_7603,CCC1CCC2(CC1)OOC1(CC[C@]3(C)[C@H]4C[C@H](OC(C)=O)[C@]5(C)C(C(C)CCC(=O)OC)CC[C@H]5[C@@H]4[C@H](OC(C)=O)C[C@@H]3C1)OO2,-13.73,0
M2R-decoy_8290,O=C([O-])CCC/C=C\C[C@H]1/C(=N/OCC2CCCCC2)CC[C@@H]1NS(=O)(=O)c1ccc(Cl)cc1,-13.73,0
M2R-decoy_912,CS(=O)(=O)c1nc(Cl)c(Cl)c(C#N)c1Cl,-13.73,0
M2R-decoy_8791,CCCCC(CC)C(=O)O[C@H]1[C@@H](C)C[C@]2(O)C(=O)/C(C)=C/[C@@H]3[C@H](CC[C@]4(CO4)[C@H](OC(=O)C(CC)CCCC)[C@@H]12)C3(C)C,-13.7,0
M2R-decoy_3976,CCN(CC)c1ncc(N(C(C)C)S(=O)(=O)c2ccc(Cl)cc2)c(N[C@@H](Cc2ccc(OC(=O)N(C)C)cc2)C(=O)[O-])n1,-13.68,0
M2R-decoy_527,O=C([O-])c1cccnc1SC1=NS(=O)(=O)c2ccccc21,-13.66,0
M2R-decoy_6028,CCCCCCCC1=COC(=O)[C@]12C[C@]1(C(=O)OC)C=C(OC)[C@@]2(Cl)C(=O)[C@]12OC(=O)c1c(O)cc(C)cc1O2,-13.66,0
M2R-decoy_4558,O=C([O-])CCC/C=C(\c1ccc(c2nc(C(=O)NCCCCC3CCCCC3)co2)cc1)c1cccnc1,-13.65,0
M2R-decoy_2444,CC(C)COCC1CC2(CC(C)C(=O)CC2=O)C(=O)O1,-13.64,0
M2R-decoy_4125,CCCCCCCCOC(=O)O[C@H]1C(O)[C@H](OCC23C[C@@H]4[C@H](C)CC[C@H]4C4(C=O)CC2C=C(C(C)C)C34C(=O)[O-])O[C@H](C)[C@H]1OC,-13.64,0
M2R-decoy_7520,CNC(=O)CCC(C)C1CC[C@H]2[C@H]3[C@H](C[C@H](OC(C)=O)[C@]12C)[C@@]1(C)CCC2(C[C@H]1C[C@H]3OC(C)=O)OOC1(CCC(C)CC1)OO2,-13.64,0
M2R-decoy_8806.2,CCCCCCCCCC(SC(=O)c1cc(OC)c(OC)c(OC)c1)c1cc(OC)c2c(c1OC)/C(=N/O)C=C/C2=N\O,-13.64,0
M2R-decoy_762,CC1=C2[C@H]3OC(=O)[C@@H](C)[C@@H]3CC[C@@]2(C)C=C/C1=N\O,-13.63,0
M2R-decoy_548,O=C([O-])Cc1cccc2c1S(=O)(=O)c1ccccc1O2,-13.61,0
M2R-decoy_5137,CCN(CC)C(=O)OC1=CC2=C3c4ccc(OC(=O)N(CC)CC)cc4OCC3(O)CC2=CC1=O,-13.61,0
M2R-decoy_6908,COC(=O)c1c(C)oc(C)c1S(=O)(=O)Nc1cc(Br)ccc1C(=O)N1CCCCC1,-13.61,0
M2R-decoy_9741,C=C1/C=C(\C)[C@@H](C)C[C@H](O)CC(=O)[C@H](O)[C@@H](O)[C@H](C)C[C@H](C)OC(=O)[C@@H](C)[C@@H](O)CCCC[C@@H]2O[C@H]2C[C@H](C)C1,-13.61,0
M2R-decoy_9901,C/C=C(/C)C(=O)O[C@H]1CC(C)(C)C[C@H]2C3=CC[C@@H]4[C@@]5(C)CC[C@H](O)C(C)(C)[C@@H]5CC[C@@]4(C)[C@]3(C)[C@@H](OC(C)=O)[C@@H](O)[C@@]12CO,-13.61,0
M2R-decoy_741,CCS(=O)(=O)NCC#Cc1cn(C2CCCS2)c(=O)nc1N,-13.59,0
M2R-decoy_10571,Cc1sc2c(c1C)C(O)=C(/C=N/c1ccncc1)S(=O)(=O)N2C,-13.56,0
M2R-decoy_2081,CC(=O)N[C@@H](C)C(=O)N[C@@H](C)P(=O)(O)CC(CCc1ccccc1)C(=O)N[C@@H](CC(C)C)C(=O)Nc1ccccc1,-13.56,0
M2R-decoy_3999,CC(C)(C)C(=O)OCCCCCCCCCCCCCCC/C=C1\CC(CO)(COC(=O)C(C)(C)C)OC1=O,-13.56,0
M2R-decoy_622,CC(=O)N/N=C/c1cc(Br)c(O)c(Br)c1O,-13.56,0
M2R-decoy_9442,CCOC(=O)C(NC(=O)C(Cc1ccc(N(CCCl)CCCl)cc1)NC(C)=O)C(C)C,-13.56,0
M2R-decoy_2398,COC1C(=O)CCC2(CO2)C1(O)C1(C)OC1CCC(C)C,-13.55,0
M2R-decoy_6923,CC(C)C1=CC2CC3(C=O)[C@@H]4CC[C@@H](C)[C@H]4CC2(CO[C@H]2C[NH+](C/C=C\Cl)[C@H](C)CO2)[C@]13C(=O)[O-],-13.55,0
M2R-decoy_7002,C[C@H](CCC(=O)Nc1nnc(S(N)(=O)=O)s1)[C@H]1CC[C@H]2[C@@H]3CC[C@@H]4C[C@H](O)CC[C@]4(C)[C@H]3C[C@H](O)[C@@]21C,-13.52,0
M2R-decoy_10522,Cc1nnsc1C(=O)NN(C(=O)c1ccc(Cl)cc1)C(C)(C)C,-13.51,0
M2R-decoy_366,O=C1NC(=S)S/C1=C1\C(=O)Nc2ccc(Br)cc21,-13.51,0
M2R-decoy_11506,Nc1c(Cl)cc(S(=O)(=O)Nc2nnc(S(N)(=O)=O)s2)cc1Br,-13.5,0
M2R-decoy_6339,CC[C@@H](CS(=O)(=O)C(C)(C)C)N1C(=O)[C@@](C)(CC(=O)[O-])C[C@H](c2cncc(Cl)c2)[C@H]1c1ccc(Cl)cc1,-13.5,0
M2R-decoy_982,O=C(/C=C/c1ccc2c(c1)OCCCO2)NS(=O)(=O)c1ccc(F)cc1,-13.5,0
M2R-decoy_351,OC1CSCCCSCCSCCCSC1,-13.48,0
M2R-decoy_9676,CC(=O)CSc1sc2c(O)cc(=O)[nH]c2c1C(N)=O,-13.48,0
M2R-decoy_891,Nc1nccnc1C(=O)NNC(=O)c1ccc(Br)cc1,-13.47,0
M2R-decoy_2084,CCOC(=O)CCC1(CCC(=O)OCC)CCCCCCCCC(CCC(=O)OCC)(CCC(=O)OCC)C(=O)C1=O,-13.45,0
M2R-decoy_212,CC(C)(C)C(=O)NS(=O)(=O)c1ccc(C#N)cc1C(F)(F)F,-13.44,0
M2R-decoy_4927,COc1ccc(NC(=O)CC(=O)N2N=C(c3ccccc3)C(/N=N/c3ccc(S(=O)(=O)CCOS(=O)(=O)[O-])cc3)C2=O)cc1,-13.44,0
M2R-decoy_280,C[C@H]1CCC/C=C/[C@H]2CC[C@H](O)[C@H](CC(=O)O1)O2,-13.39,0
M2R-decoy_7003,CO[C@@H]1CC(=O)[C@]2(C)[C@H]3CC[C@@]4(C)[C@](O)([C@@H](OC(C)=O)[C@@H]5O[C@@]54[C@H](C)[C@H]4CC(C)=C(C)C(=O)O4)[C@@H]3C[C@H]3O[C@]32C1,-13.38,0
M2R-decoy_9039.1,CCOC(=O)NN(OC(=O)C[C@H](c1ccccc1)[C@@]12C(=O)[C@@](CC=C(C)C)(C[C@@H](CC=C(C)C)C1(C)C)C(=O)C(C(=O)CC(C)C)=C2[O-])C(=O)OCC,-13.37,0
M2R-decoy_3878,CCCCCS(=O)(=O)NC(=O)/C=C/c1ccc(OCCCOC)cc1Oc1ncc(C(F)(F)F)cc1Cl,-13.36,0
M2R-decoy_6832,CC(=O)O[C@@H]([C@H]1C[C@@H](C)C2=C(O1)[C@H](O)[C@@]1(C)[C@@H]3CC[C@H]4C(C)(C)[C@@H](O[C@@H]5OC[C@@H](O)[C@H](O)[C@H]5O)CC[C@@]45C[C@@]35CC[C@]21C)C(C)(C)O,-13.32,0
M2R-decoy_3538.1,CC(C)C[C@@H](O)[C@@H](O)[C@H](CC1CCCCC1)NC(=O)[C@H](Cc1c[nH]cn1)NC(=O)[C@H](Cc1ccccc1)NC(=O)OC(C)(C)C,-13.29,0
M2R-decoy_803,CN(C)/N=C1/CCC(C(F)(F)F)(C(F)(F)F)O1,-13.29,0
M2R-decoy_2196.1,O=C(Cc1ccccc1)Nc1nnc(CCCCc2nnc(NC(=O)Cn3cc(C4CC4)nn3)s2)s1,-13.26,0
M2R-decoy_1049,COc1ccc(S(=O)(=O)NC(=O)C2CCN(C(=O)OC(C)(C)C)CC2)cc1,-13.25,0
M2R-decoy_11034,COC(=O)C1=C(C(=O)OC)SC(=C2C(=S)C(C)(C)N(C(=O)CC(C)C)c3ccccc32)S1,-13.25,0
M2R-decoy_4217,COc1cc(OCc2cccc(c3c(C)cc(OCCCS(C)(=O)=O)cc3C)c2)ccc1OC(C)(C)C(=O)[O-],-13.22,0
M2R-decoy_2549,CCn1c(CNc2ccc(C(N)=[NH2+])cc2F)nc2cc(C(=O)N(CCC(=O)[O-])c3ccc(F)cc3F)ccc21,-13.21,0
M2R-decoy_9690,CS(=O)(=O)CS(=O)(=O)OCCBr,-13.21,0
M2R-decoy_5730,CCC(CC)O[C@@H]1C=C(C(=O)N[C@@H](C(=O)[O-])C(C)C)C[C@H]([NH2+]Cc2ccc(N(CC)CC)cc2)[C@H]1NC(C)=O,-13.2,0
M2R-decoy_5978,COc1ccccc1Oc1c(NS(=O)(=O)c2ccc(C3(C(F)(F)F)CC3)cc2)nc(c2ncccn2)nc1OCCO,-13.2,0
M2R-decoy_825,CC(=O)OC12OOC(C)(C)C=C1C(=O)C(C)(C)C(=O)C2(C)C,-13.19,0
M2R-decoy_2306,C=C1C(=O)O[C@@H]2C[C@]3(C)C(CCC(C)OC(=O)CCCC)[C@@H]3C[C@H]12,-13.17,0
M2R-decoy_1023,Cc1ccccc1S(=O)(=O)NC(=O)C1(C)CCN1C(=O)c1c(C)noc1C,-13.16,0
M2R-decoy_1364,COc1cc(/C=C2\C(=O)NN(c3ccc(Cl)c(Cl)c3)C2=O)ccc1O,-13.15,0
M2R-decoy_9689,Cc1ccc(S(=O)(=O)Nc2nc(C)c(C(=O)NN)s2)cc1,-13.14,0
M2R-decoy_761,CC1=C2[C@H]3OC(=O)[C@@H](C)[C@@H]3[C@@H](O)C[C@@]2(C)C=CC1=O,-13.09,0
M2R-decoy_7734,CC(=O)OC[C@@]12CC[C@@]3(C)[C@H]4C(=CC[C@]3(C)[C@H]1[C@H](OC(C)=O)C[C@H]2C(C)C)[C@@]1(C)CC[C@H](OC(C)=O)C(C)(C)[C@@H]1C[C@@H]4OC(C)=O,-13.08,0
M2R-decoy_8889,O=C(CCCCCOc1ccc(c2csc(N3N=C(c4ccccc4)/C(=N/Nc4nccs4)C3=O)n2)cc1)NO,-13.08,0
M2R-decoy_9710,CN(C)S(=O)(=O)N1CCC2(CC1)CC(OCC1CC1)CO2,-13.07,0
M2R-decoy_4762,Cc1noc(C)c1S(=O)(=O)Nc1ccc2c(c1)CC(=O)N([C@H](C)CO)C[C@H](C)[C@@H](CN(C)S(=O)(=O)c1cn(C)cn1)O2,-13.06,0
M2R-decoy_518,CNC(=S)NNC(=O)c1csc(c2cccs2)n1,-13.04,0
M2R-decoy_263,O=c1cnn(c2ccc(F)c(C(F)(F)F)c2)c(=O)[nH]1,-13.02,0
M2R-decoy_6491,COC(=O)[C@@]12CC[C@@]3(C)[C@@H]4C=CC(=O)OC[C@]4([C@@H](C)O)[C@@H](O)[C@@H](O)[C@@H]3[C@@]1(C)CC[C@@]1(C)CC=C(C)C[C@]12O,-13.01,0
M2R-decoy_1133,O=C1NC(=O)N(c2ccc(F)cc2)C(=O)/C1=C/c1ccsc1,-12.97,0
M2R-decoy_2035,COc1cc(OC)c(OC)cc1/C=C/C(=O)c1ccc(/C=C/c2cc(OC)c(O)c(OC)c2)cc1,-12.97,0
M2R-decoy_566,O=C([O-])[C@@H]1CSC(c2ccccc2Br)[NH2+]1,-12.97,0
M2R-decoy_7241,CC(C)[C@@H](OC(=O)N1CCC1)[C@H]1C[C@@H](C)[C@H]2[C@H](O1)[C@H](O)[C@@]1(C)[C@@H]3CC[C@H]4C(C)(C)[C@@H](OC(=O)N5CC(O)C5)CC[C@@]45C[C@@]35CC[C@]21C,-12.97,0
M2R-decoy_5934,COC(=O)C(F)(F)Nc1cc(CS(=O)(=O)/C=C/c2c(OC)cc(OC)cc2OC)ccc1OC,-12.96,0
M2R-decoy_1303,Cc1nc(NS(=O)(=O)c2ccc(F)c(Br)c2)no1,-12.94,0
M2R-decoy_6863,CC(=O)O[C@@H]1C[C@@]23C[C@@]24CC[C@H](O[C@@H]2OC[C@@H](O)[C@H](O)[C@H]2O)C(C)(C)[C@@H]4CC[C@H]3[C@]2(C)C[C@@H]3OC(C(O)C(C)(C)O)=C[C@@H](C)[C@@H]3[C@@]12C,-12.92,0
M2R-decoy_3486,C=C1/C=C/C(=O)N[C@@H](C)C(=O)N[C@H](C(C)C)C(=O)O[C@@H]([C@H](C)CCCCCC)[C@H](CCOC(=O)[Si](CC)(CC)CC)C(=O)N1,-12.85,0
M2R-decoy_5540,CCOc1cc(CC(=O)OC(C)CC)c(F)cc1OCC(=O)N(CC)CC,-12.85,0
M2R-decoy_7642,CCC(C)[C@H]1O[C@]2(CC[C@@H]1C)C[C@@H]1C[C@@H](C/C=C(\C)[C@@H](OC(=O)c3ccccc3)[C@@H](C)/C=C/C=C3\CO[C@@H]4/C(=N/OC)C(C)=C[C@@H](C(=O)O1)[C@]34O)O2,-12.85,0
M2R-decoy_10627,O=S1(=O)CCCS(=O)(=O)C(c2ccccc2)=C1c1ccccc1,-12.84,0
M2R-decoy_7572,COC1=C2C(=O)c3c(O)c4c(c(CC=C(C)C)c3O[C@@]23[C@H]2C[C@@H]1C(=O)[C@]3(CC=C(C)C)OC2(C)C)O[C@](C)(CCC=C(C)C)C=C4,-12.83,0
M2R-decoy_11104,CCN1CC2(CC1=O)CN(C(=O)NC(C)C)CCN(C(=O)NC(C)C)C2,-12.81,0
M2R-decoy_9650,CC(C)OP(=O)(CCN=C=S)OC(C)C,-12.8,0
M2R-decoy_9892,O=C1/C(=C/c2cc(Br)c(O)c(Br)c2)C[NH+](Cc2ccccc2)C/C1=C\c1cc(Br)c(O)c(Br)c1,-12.79,0
M2R-decoy_8289,COc1cc(/C=C/C(=O)N2CCC=C(Cl)C2=O)cc(OC)c1OCCCCCCC(=O)NO,-12.78,0
M2R-decoy_951,O=S(=O)(Nc1ccncc1[S+]([O-])c1ccccc1)C(F)(F)F,-12.77,0
M2R-decoy_9647,CCO[Si](CCC#N)(OCC)OCC,-12.76,0
M2R-decoy_4452,CCCOc1cc(CC(=O)OC(C)C)c(F)cc1OCC(=O)N(CC)CC,-12.72,0
M2R-decoy_4021,COc1ccccc1Oc1c(NS(=O)(=O)c2ccc(C(C)C)cn2)nc(C2CC2)nc1OCCCNS(=O)(=O)c1ccc(C)cc1,-12.71,0
M2R-decoy_5743,COCOc1cc(O)c(C(=O)/C=C/c2ccc(OCOC)c(OCOC)c2)c(OCOC)c1,-12.68,0
M2R-decoy_1056,Cc1cc(C)n2nc(C(=O)NS(=O)(=O)c3c(C)cccc3Cl)nc2n1,-12.67,0
M2R-decoy_1425,CC(Cl)COP(=O)(OCC(C)Cl)OCC(C)Cl,-12.67,0
M2R-decoy_5294,O=C1O[C@H](OCCCOP(=O)(OCC(Cl)(Cl)Cl)OCC(Cl)(Cl)Cl)[C@H]2[C@@H]3CC[C@@H](O3)[C@@H]12,-12.66,0
M2R-decoy_1093,Cc1ccc(N2C(=O)NC(=O)/C(=C\c3ccc(N4CCOCC4)cc3)C2=O)cc1,-12.62,0
M2R-decoy_229,O=c1c(O)c(Br)cc(Br)c(O)c1O,-12.61,0
M2R-decoy_2877,COc1ccc(S(=O)(=O)Nc2ccccc2C(=O)NCc2cccnc2)cc1C,-12.58,0
M2R-decoy_365,Cc1ccc(C(=O)NS(C)(=O)=O)cc1I,-12.55,0
M2R-decoy_568,COC(=O)[C@@H]1N2C(=O)[C@H](Br)[C@H]2S[C@@]1(C)CCl,-12.55,0
M2R-decoy_7440,CCC(C)C(=O)O[C@H]1C[C@H]2[C@@H](C[C@H]1C)C1=C(OC2(C)C)C(=O)c2c(cc(O)c3c2O[C@@H]2[C@@H](O)OC[C@]32C)C1=O,-12.55,0
M2R-decoy_1715,COc1ccc(C(c2ccc(C(C)C)cc(S)c2=O)c2ccc(C(C)C)cc(S)c2=O)cc1,-12.54,0
M2R-decoy_6825,CC1(C)CC[C@@]2(C(=O)[O-])[C@@H](C1)C1=CC[C@@H]3[C@@]4(C)CC[C@H](OC5OC(CO)C(O)C(O)C5O)C(C)(C)[C@@H]4CC[C@@]3(C)[C@]1(C)C[C@H]2O,-12.54,0
M2R-decoy_706,O=C([O-])c1cc2cc(Br)cc(OCC3CCC[NH2+]C3)c2o1,-12.54,0
M2R-decoy_6371,C[C@H](CCC(=O)Nc1nnc(S(N)(=O)=O)s1)[C@H]1CC[C@H]2[C@H]3[C@H](CC[C@@]21C)[C@@]1(C)CC[C@@H](O)C[C@H]1C[C@H]3O,-12.52,0
M2R-decoy_8923,NS(=O)(=O)c1ccc(CCNS(=O)(=O)C(F)(F)C(F)(F)C(F)(F)C(F)(F)C(F)(F)C(F)(F)C(F)(F)C(F)(F)F)cc1,-12.51,0
M2R-decoy_9916,COc1cc2c(C(=O)[O-])c(c1)COCCOCCOc1c(C)cc(C(C)(C)CC(C)(C)C)cc1OCCOCCOC2,-12.51,0
M2R-decoy_4793,C#CCOc1nc(c2ccnc(c3noc(O)n3)c2)nc(NS(=O)(=O)c2ccc(C)cn2)c1Oc1ccccc1OC,-12.5,0
M2R-decoy_10659,Oc1nc(c2ccccn2)nc(C(F)(F)F)c1Br,-12.49,0
M2R-decoy_8540,CCOc1ccc(S(=O)(=O)Nc2cc(CC(=O)[O-])c(NS(=O)(=O)c3ccc(OCC)cc3)c3ccccc23)cc1,-12.46,0
M2R-decoy_8572,COc1ccc(CC[C@@H](NC(=O)[C@@H]2CCCCN2S(=O)(=O)c2cc(Cl)c(O)c(Cl)c2)c2cccc(OCC(=O)[O-])c2)cc1OC,-12.44,0
M2R-decoy_306,O=S(=O)(C(Cl)(Cl)Cl)C(Cl)(Cl)Cl,-12.4,0
M2R-decoy_9924,CC1(C)CC[C@]2(C(=O)[O-])CC[C@]3(C)C(=CC[C@@H]4[C@@]5(C)CC[C@H](O[C@@H]6OC[C@H](O)[C@H](O)[C@H]6O)[C@@](C)(C=O)[C@@H]5CC[C@]43C)[C@@H]2C1,-12.4,0
M2R-decoy_10141,O=c1[nH]c(=O)n(C/C=C/CBr)nc1Br,-12.38,0
M2R-decoy_120,CS(C)(=O)=N[C@H]1CC[C@@H](C(F)(F)F)CC1,-12.38,0
M2R-decoy_7420,CC(=O)O[C@H]1C[C@@]23COC(=O)/C=C(\C)C[C@@H]4O[C@@H](C)[C@H](/C=C/C=C\C(=O)O[C@@H]5C[C@@H](O[C@@H]2C=C1C)[C@@]1(CO1)[C@]53C)O4,-12.36,0
M2R-decoy_9623,C=C(Cl)COC(=O)C1C2C=CC(C2)C1C(=O)[O-],-12.31,0
M2R-decoy_9649,CCOP(=O)(OCC)C(C)N=C=S,-12.28,0
M2R-decoy_978,NS(=O)(=O)c1cc(F)ccc1NS(=O)(=O)c1cccc(F)c1F,-12.27,0
M2R-decoy_178,Cc1ccc(/C=C2/C(=O)NN(c3ccc(F)cc3)C2=O)o1,-12.26,0
M2R-decoy_3580,CSCCCNC(=O)NS(=O)(=O)c1ccc(C)cc1,-12.25,0
M2R-decoy_8942,COc1ccc(C(=O)C2=C([O-])[C@]3(CC=C(C)C)C[C@H](CC=C(C)C)[C@@](C)(CCC=C(C)C)[C@](CC=C(C)C)(C2=O)C3=O)cc1O,-12.24,0
M2R-decoy_7485,CC1(C)[C@@H](OC(=O)CCl)CC[C@@]2(C)[C@H]1CC[C@]1(C)[C@@H]2C(=O)C=C2[C@@H]3C[C@@](C)(C(=O)[O-])CC[C@]3(C)CC[C@]21C,-12.21,0
M2R-decoy_820,COc1ccc2c(c1)C(=N/O)/C(=C1/C(=O)Nc3ccc(F)cc31)N2,-12.19,0
M2R-decoy_10674,O=C([O-])C1=Cc2c(Cl)ccc(Cl)c2OC1C(F)(F)F,-12.18,0
M2R-decoy_3826,CCCCOC(=O)NS(=O)(=O)c1sc(CC(C)C)cc1c1ccc(CN(C)C(=O)CCCC)cc1,-12.18,0
M2R-decoy_7605,CC(C)(O)CNC(=O)c1nc(C(=O)N2CCC(F)(F)CC2)c(c2ccc(S(=O)(=O)NC3(C(F)(F)F)CC3)c(Cl)c2Cl)s1,-12.16,0
M2R-decoy_8801,Cc1c(C)c2c(c(C)c1OC(=O)CCCCCCCNC(=O)OC(C)(C)C)CCC(C)(COc1ccc(/C=C3\SC(=O)NC3=O)cc1)O2,-12.12,0
M2R-decoy_6458,CC(=O)OC1CC(OC(C)=O)[C@]2(C)C(CC(=O)[C@]3(C)C2CC[C@@]2(C)C(c4ccoc4)OC(=O)C4O[C@@]423)C1(C)C,-12.11,0
M2R-decoy_7508,CC(=O)O[C@@H]([C@H]1C[C@@H](C)[C@H]2[C@H](O1)C(=O)[C@@]1(C)[C@@H]3CC[C@H]4C(C)(C)[C@@H](O[C@@H]5OC[C@@H](O)[C@H](O)[C@H]5O)CC[C@@]45C[C@@]35CC[C@]21C)C(C)(C)O,-12.11,0
M2R-decoy_9327,CCCCCCCCCCCCOC(=O)C[C@H](C[N+](C)(C)C)OC(=O)CC(C)C,-12.03,0
M2R-decoy_7530,CC1(C)CC[C@]2(C(=O)[O-])CC[C@]3(C)C(=CC[C@@H]4[C@@]5(C)CC[C@H](OC(=O)NS(=O)(=O)c6ccc(F)cc6)C(C)(C)[C@@H]5CC[C@]43C)[C@@H]2C1,-11.97,0
M2R-decoy_310,O=C1C2=CCCC3(Oc4cccc5cccc(c45)O3)[C@@H]2[C@H](O)[C@@H]2O[C@H]12,-11.87,0
M2R-decoy_1372,Cc1nc(NS(=O)(=O)c2cc(C)c(Br)cc2C)no1,-11.85,0
M2R-decoy_5919,CCCCOC(=O)NS(=O)(=O)c1sc(CC(C)C)cc1c1ccc(C(=O)N(CC)CC)cc1,-11.83,0
M2R-decoy_1173,Cc1ccc(S(=O)(=O)c2c(O)ccc3c(C)cc(=O)oc23)cc1,-11.75,0
M2R-decoy_2581,COc1cc(OC)nc(NC(=O)NS(=O)(=O)Oc2ccccc2C(=O)OCCI)n1,-11.75,0
M2R-decoy_6511,Sc1nn2c(COc3cc(Cl)c(OCc4nnc5sc(S)nn45)cc3Cl)nnc2s1,-11.75,0
M2R-decoy_7307,CC(C)CC(=O)c1c(O)c2c(c3c1O[C@]1(C(C)C)OC4=C(C(=O)C(C)(C)C(=O)C4(C)C)[C@H]31)OC1=C(C(=O)C(C)(C)C(=O)C1(C)C)[C@@H]2CC(C)C,-11.71,0
M2R-decoy_8559,CCS(=O)(=O)NC(=O)C1=C(c2ccc(OC(F)F)cc2)C[C@](c2ccc(OCCCCCC(F)(F)F)cc2)(C(F)(F)F)NC1=O,-11.71,0
M2R-decoy_4665.1,CCCCCCCCCCCC=C1CCC(OCCOP(=O)([O-])OCC[N+]2(C)CCCCC2)CC1,-11.67,0
M2R-decoy_7632,C=C(C)[C@H]1C(=O)c2c3c(cc4c2C1C1=C4CC2CC[C@H]4[C@](C)(/C=C/C=C(\C)C(=O)NC)[C@@H](O)CC[C@]4(C)[C@@]12C)C1=CC(C)(C)OC(C)(C)C1C3=O,-11.59,0
M2R-decoy_7529,CC1(C)CC[C@]2(C(=O)[O-])CC[C@]3(C)C(=CC[C@@H]4[C@@]5(C)CC/C(=N\OC(=O)CC6SC(=O)NC6=O)C(C)(C)[C@@H]5CC[C@]43C)[C@@H]2C1,-11.57,0
M2R-decoy_378,Cc1cc(C(=O)NS(C)(=O)=O)ccc1I,-11.52,0
M2R-decoy_10669,CC(=O)c1cc(I)c(O)c2ncccc12,-11.5,0
M2R-decoy_5699,CCCCC(O)[C@@H](NC(=O)[C@@H](NC(=O)[C@@H](NC(=O)OC(C)(C)C)C(C)C)C(C)C)[C@@H](C)CC,-11.48,0
M2R-decoy_10519,Cc1cc(/C=C2\C(=O)NC(=O)N(c3cccc(Br)c3)C2=O)c(C)n1C,-11.46,0
M2R-decoy_1175,CSc1nsc(NC(=O)N2CCc3ccccc3C2)n1,-11.46,0
M2R-decoy_10637,CO[C@]1(C)O[C@@H]2[C@@H](O[C@@]1(C)OC)C(=O)C=C1COC(C)(C)O[C@H]12,-11.45,0
M2R-decoy_5877,COc1ccc(C)c2sc(NS(=O)(=O)c3ccc(C(F)(F)F)cc3)nc12,-11.44,0
M2R-decoy_1194,O=c1c2c3c(sc2nc2sc(=S)[nH]n12)CCCC3,-11.4,0
M2R-decoy_755,Cc1c(Br)c(=O)oc2c(C#N)c(O)ccc12,-11.38,0
M2R-decoy_6232,C=CCNC1=C2C[C@@H](C)C[C@H](OC)[C@@H](F)[C@@H](C)/C=C(\C)[C@H](OC(N)=O)[C@@H](OC)CC/C=C(\C)C(=O)NC(=CC1=O)C2=O,-11.33,0
M2R-decoy_8533,Cc1c(C)[n+](C)c(SCC(=O)CC[C@H](NC(=O)CNC(=O)OCc2ccccc2)C(=O)[O-])n1C,-11.3,0
M2R-decoy_4559,CCCCCCN(CCCCCC)S(=O)(=O)c1cc([N+](=O)[O-])c(N(CCC)CCC)c([N+](=O)[O-])c1,-11.26,0
M2R-decoy_5613,CC(C)(C)C(=O)OCC1(CO)C/C(=C\CCCCCCCCCCCCCCC=O)C(=O)O1,-11.26,0
M2R-decoy_248,O=c1[nH]nc(c2ccc(Cl)c(C(F)(F)F)c2)o1,-11.19,0
M2R-decoy_959,NS(=O)(=O)c1ccc(NS(=O)(=O)c2c(F)c(F)cc(F)c2F)cc1,-11.18,0
M2R-decoy_7889,COC(=O)CC[C@@H](C)[C@H]1CC[C@H]2[C@H]3[C@H](C[C@H](OC(C)=O)[C@@]21C)[C@@]1(C)CCC2(C[C@H]1C[C@H]3OC(C)=O)OOC(C)(C)OO2,-11.15,0
M2R-decoy_9762,CC(=O)O[C@H]1CC[C@@]2(C)[C@@H](CC[C@]3(C)[C@@H]2C(=O)C=C2[C@@H]4C[C@@](C)(NC(=O)NO)CC[C@]4(C)CC[C@]23C)C1(C)C,-11.12,0
M2R-decoy_4869,CC(C)CC(NC(=O)OC(C)(C)C)c1cn([C@@H](CCCCNC(=O)OC(C)(C)C)C(=O)N2CCN(C(=O)OC(C)(C)C)CC2)nn1,-11.11,0
M2R-decoy_9670,COC(=O)C(C(=O)OC)C(C(C)C)C(C(=O)OC)C(=O)OC,-11.06,0
M2R-decoy_1308,C/C1=C/C/C=C(\C)C(=O)C[C@H](C(C)C)[C@H]2C=C(CC(=O)C1)C(=O)O2,-11.05,0
M2R-decoy_1307,Cc1ccc(NC(=O)NS(=O)(=O)C2CCCCC2=O)c(C)c1,-10.88,0
M2R-decoy_7486,COC(=O)[C@@]1(C)CC[C@]2(C)CC[C@]3(C)C(=CC(=O)[C@@H]4[C@@]5(C)Cc6cn(OC(C)=O)nc6C(C)(C)[C@@H]5CC[C@]43C)[C@H]2C1,-10.88,0
M2R-decoy_8028,Cc1nccc(c2ccc(C[C@H](NC(=O)[C@@H]3Cc4cc5c(cc4CN3C(=O)C(C)(C)C)O[C@@H](c3ccc(OCc4ccc(Cl)c(Cl)c4)cc3)CO5)C(=O)[O-])cc2)c1C,-10.83,0
M2R-decoy_157,O=C1C=CC(=O)C1(Br)Br,-10.81,0
M2R-decoy_7095,C/C=C(/C)C(=O)OC[C@]1(C)[C@H]2[C@@H]3C=C(COC(C)=O)C[C@]4(O)C(=O)C(C)=C[C@H]4[C@@]3(O)[C@H](C)C[C@]21OCC(C)C,-10.81,0
M2R-decoy_8319,CO[C@H]1[C@@H](OC(=O)CCCCCl)C(O)[C@H](OCC23C[C@@H]4[C@H](C)CC[C@H]4C4(C=O)CC2C=C(C(C)C)C34C(=O)[O-])O[C@@H]1C,-10.78,0
M2R-decoy_197,Cc1cc(=O)oc2c(I)c(O)ccc12,-10.75,0
M2R-decoy_2121,CCCCCS(=O)(=O)NC(=O)CCc1ccc(OCC(=O)N(CC)CC)cc1Oc1ncc(C(F)(F)F)cc1Cl,-10.72,0
M2R-decoy_7468,CC1=CC(=O)O[C@@]12C[C@H]1C[C@H](O)[C@@]3(C)Oc4cc(O)cc(C)c4C[C@H]3CC(C)(C)/C=C/C[C@]1(C)O/C2=C\C(=O)[O-],-10.7,0
M2R-decoy_10553,Cc1cc(/C=C2\C(=O)NC(=O)N(c3ccc(Br)cc3)C2=O)c(C)n1C,-10.69,0
M2R-decoy_10695,O=[N+]([O-])c1cc(I)c2cccnc2c1O,-10.66,0
M2R-decoy_4448,O=C(NC(=O)c1csnn1)OCCCCCCCCCCBr,-10.65,0
M2R-decoy_6846,CC(C)[C@@H](OC(=O)N1CCC1)[C@H]1C[C@@H](C)[C@H]2[C@H](O1)[C@H](O)[C@@]1(C)[C@@H]3CC[C@H]4C(C)(C)[C@@H](OC(=O)N(C)CC(=O)[O-])CC[C@@]45C[C@@]35CC[C@]21C,-10.65,0
M2R-decoy_10306,CCS(=O)(=O)N1CCC2(CC1)COC1(OO2)C2CC3CC(C2)CC1C3,-10.64,0
M2R-decoy_1077,CCCS(=O)(=O)NC(=O)C1(C)CCCN(C(=O)c2nc3ccccc3s2)C1,-10.61,0
M2R-decoy_10240,Cc1c(Br)c(=O)oc2c(I)c(O)ccc12,-10.54,0
M2R-decoy_8841,NS(=O)(=O)c1ccc(CCNC(=O)C(F)(F)C(F)(F)C(F)(F)C(F)(F)C(F)(F)C(F)(F)C(F)(F)C(F)(F)F)cc1,-10.53,0
M2R-decoy_2064.1,O=C(N[C@@H](Cc1ccccc1)P(=O)(O)CC1(C(=O)N[C@@H](Cc2ccc(O)cc2)C(=O)[O-])CCCC1)OCc1ccccc1,-10.49,0
M2R-decoy_2702,COCCOCCOCCOCCOCCOCC(=O)O[C@@H]1/C=C(\C)CC[C@]2(CC(=O)N[C@@H](C)c3nc(cs3)/C=C\C=C\C1=O)[S+]([O-])SC(=O)[C@]2(C)O,-10.49,0
M2R-decoy_7848,CC(C)[C@H]1C(=O)O[C@H](C(C)C)C(=O)N(C)[C@@H](C(C)C)C(=O)O[C@H](C(C)C)C(=O)N(C)[C@@H](C)C(=O)O[C@H](C(C)C)C(=O)N1C,-10.43,0
M2R-decoy_8037.1,COC1/C=C\O[C@@]2(C)Oc3c(C)c(O)c4c(O)c(c5c(nc6cc(C)ccn65)c4c3C2=O)NC(=O)/C(C)=C\C=C/C(C)C(O)[C@@H](C)C(O)C(C)[C@@H](OC(C)=O)C1C,-10.43,0
M2R-decoy_7510,COCc1cc(C(C)(C)CC(C)(C)C)cc2c1OCCOCCOCc1cc(C(C)(C)C)cc(c1C(=O)[O-])COCCOCCO2,-10.42,0
M2R-decoy_3606,CNC(=O)[C@@H](NC(=O)C(CC(C)C)C(O)CS)C(C)(C)C,-10.39,0
M2R-decoy_9281,CC1c2c(ccc(Cl)c2Cl)CCN1S(=O)(=O)NS(=O)(=O)N1CCc2ccc(Cl)c(Cl)c2C1C,-10.33,0
M2R-decoy_9015,CCCCCC/C=C/CCCCCCCCCC(=O)Oc1c(OC)cc([C@@H]2c3cc4c(cc3C[C@H]3COC(=O)[C@@H]32)OCO4)cc1OC,-10.31,0
M2R-decoy_8526,CCCCOC(=O)NS(=O)(=O)c1sc(CC(C)C)cc1c1cccc(Cn2ccnc2C(=O)[O-])c1,-10.29,0
M2R-decoy_869,Cc1nc(NS(=O)(=O)c2ccc(C)c(Br)c2)no1,-10.25,0
M2R-decoy_7404,CC(=O)O[C@@H]1CC[C@@]2(C)[C@@H](C[C@@H](OC(C)=O)[C@@]3(C)C4=CC[C@H]([C@H]5COC(C)(C)[C@@H](O)[C@H](O)C5)[C@]4(C)CC[C@H]23)C1(C)C,-10.24,0
M2R-decoy_2438,O=C(CS(=O)(=O)c1ccccc1)c1ccc(F)cc1,-10.2,0
M2R-decoy_900.1,O=[N+]([O-])c1cc2nc(C(F)(F)F)[nH]c2c2nsnc12,-10.2,0
M2R-decoy_814,C[C@@H]1CCC(=O)/C=C/C(=O)O[C@H](C)C(=O)/C=C/C(=O)O1,-10.12,0
M2R-decoy_6349,COc1nc(OCC(F)(F)C(F)(F)F)c(Cl)cc1n1c(=O)ccc2cc(S(=O)(=O)Nc3ccon3)ccc21,-10.08,0
M2R-decoy_6983,CC(C)C[C@@]1(C(=O)[O-])C[C@H](C(=O)NS(=O)(=O)c2ccccc2)[C@H](c2nccs2)N1C(=O)c1ccc(C(C)(C)C)cc1,-10.08,0
M2R-decoy_934,[O-][n+]1nc2c(I)cnn2c2cc(O)ccc21,-10.05,0
M2R-decoy_7540,CC(=O)O[C@H]1CC[C@@]2(C)[C@@H](CC[C@]3(C)[C@@H]2C(=O)C=C2[C@@H]4C[C@@](C)(NC(=O)NS(=O)(=O)C(F)(F)F)CC[C@]4(C)CC[C@]23C)C1(C)C,-10.02,0
M2R-decoy_1055,Cc1c2c(=O)n(c3nc4ccccc4s3)[nH]c2cc(=O)n1N1CCOCC1,-9.94,0
M2R-decoy_1151,Cc1c(Br)c(=O)oc2cc(O)c(Br)cc12,-9.94,0
M2R-decoy_7160,CO[C@@H]1/C=C(C)/C=C/[C@@H](C)/C=C/C(=O)O[C@H](/C(C)=C/C=C(\C)CNC(=O)[C@H](O)NC=O)[C@@H](C)/C=C/C=C/[C@@H](OC)CC/C=C(C)\C=C\C1,-9.93,0
M2R-decoy_5704.1,C/C=C/C/C=C(\C)C(O)CC/C(C)=C/C=C(\C)C(=O)c1c(O)cc([C@H](C)CC/C=C/NC(=O)OC)oc1=O,-9.92,0
M2R-decoy_6845,CC1(C)CC[C@]2(NC(=O)[O-])CC[C@]3(C)C(=CC[C@@H]4[C@@]5(C)CC[C@@H]6O[C@H](C[C@H]7O[C@H](CO)[C@@H](O)[C@H](O)[C@@H]7O)OC[C@@]6(C)[C@@H]5CC[C@]43C)[C@@H]2C1,-9.89,0
M2R-decoy_1010,Cc1cc(C)n2nc(C(=O)NS(=O)(=O)c3ccccc3C(F)(F)F)nc2n1,-9.86,0
M2R-decoy_4978,CC(C(=O)[O-])N(Cc1ccc([N+](=O)[O-])cc1)S(=O)(=O)C(F)(F)C(F)(F)C(F)(F)C(F)(F)C(F)(F)C(F)(F)C(F)(F)C(F)(F)F,-9.79,0
M2R-decoy_6725,Cc1cc(C)nc(NS(=O)(=O)c2ccc(NC(=O)CSc3nc(O)c(C#N)c(c4ccccc4)n3)cc2)n1,-9.78,0
M2R-decoy_5672,CCOP(=O)(OCC)SCCCCCCSP(=O)(OCC)OCC,-9.62,0
M2R-decoy_5685,CCCCCCCCC(P(=O)(OCC)OCC)P(=O)(OCC)OCC,-9.57,0
M2R-decoy_8409,CCCCNC(=O)c1ccc(Oc2ccc(CC(=O)NS(C)(=O)=O)cc2OC)c(NS(=O)(=O)c2ccc(Cl)cc2Cl)c1,-9.57,0
M2R-decoy_7472,CO[C@H]1C[C@H](C)[C@@H](OC)C2=CC(=O)C=C(NC(=O)/C(C)=C/C=C\[C@H](C)[C@@H](OC(N)=O)/C(C)=C/[C@H](C)[C@H]1OC)C2=O,-9.53,0
M2R-decoy_490,CC1(C)CC(=O)C(=NNc2cccc(F)c2C#N)C(=O)C1,-9.43,0
M2R-decoy_185,CC(=O)NS(=O)(=O)c1ccc(F)cc1C(F)(F)F,-9.38,0
M2R-decoy_1,O=C(NCC(F)(F)F)Nc1nnc(C(F)(F)F)s1,-9.35,0
M2R-decoy_9448,COCCCOc1ccc(S(=O)(=O)Nc2ccc(C(=O)CSC(C)=O)cn2)cc1,-9.35,0
M2R-decoy_502,Oc1c(F)c(F)ccc1c1csc(N2CCOCC2)n1,-9.31,0
M2R-decoy_3935,C/C=C(/C)C(=O)O[C@H]1C(C)=C2[C@@H]3OC(=O)[C@@]4(C)OC(C)(C)O[C@@H](C[C@](C)(OC(=O)CCC)[C@H]2[C@@H]1OC(=O)CCCCCCC)[C@@]34O,-9.27,0
M2R-decoy_8859,COc1ccc(C(=O)C2=C([O-])[C@]3(CC=C(C)C)C[C@H](CC=C(C)C)[C@@](C)(CCC=C(C)C)[C@](CC=C(C)C)(C2=O)C3=O)cc1OC,-9.27,0
M2R-decoy_9252,CO[C@H]1/C=C\C=C(/C)C(=O)Nc2cc(O)cc(c2O)[C@H](OC)[C@@H](C)C[C@H](OC)[C@H](OC)[C@@H](C)/C=C(\C)[C@@H]1OC(N)=O,-9.26,0
M2R-decoy_1183,O=S(=O)(Nc1ccnc2ccc(Br)cc12)C(F)(F)F,-9.19,0
M2R-decoy_861,O=C(NS(=O)(=O)c1ccc2c(c1)OCCO2)c1ccccc1,-9.16,0
M2R-decoy_5968,CC[C@H](C)/C=C/C1=CC2=C(Cl)C(=O)[C@@]3(C)OC(=O)C(C(=O)[C@H](C)[C@@H](C)O)=C3C2=CN1C/C=C(\C)CCC=C(C)C,-9.14,0
M2R-decoy_7112,CC(C)CCNC(=O)[C@H](CC(C)C)NC(=O)[C@H]1O[C@@H]1C(=O)OCC(Br)(Br)Br,-9.07,0
M2R-decoy_3919,CC(=O)SCCC(CCCCC(=O)N(C)CCOc1ccc(CC2SC(=O)NC2=O)cc1)SC(C)=O,-9.04,0
M2R-decoy_4856,CCC(CC)CNC(=O)c1ccc2c(c1)c(Cc1ccc(C(=O)NS(=O)(=O)c3ccccc3C)cc1OC)cn2C,-9.04,0
M2R-decoy_11349,O=C(Nc1nnc(C2CC2)s1)C1=NN(C2CCS(=O)(=O)C2)C(=O)CC1,-9.03,0
M2R-decoy_489,CC1(C)CC(=O)C(=NNc2c(F)cccc2F)C(=O)C1,-9.03,0
M2R-decoy_3844,CCCCCS(=O)(=O)NC(=O)/C=C/c1ccc(OCCOC)cc1Oc1ncc(NC(C)=O)cc1C,-8.96,0
M2R-decoy_537,Cc1cccc(NC(=O)C2=C([O-])c3sccc3S(=O)(=O)N2C)n1,-8.92,0
M2R-decoy_6760,C/C=C1\NC(=O)c2csc(n2)[C@@H](C(C)C)NC(=O)C[C@@H](/C=C/CCS)OC(=O)[C@H](C(C)C)NC1=O,-8.88,0
M2R-decoy_4534,CC(C)=CCC/C(C)=C/CC/C(C)=C/CSC[C@H](NS(=O)(=O)c1ccc(Br)s1)C(=O)[O-],-8.86,0
M2R-decoy_4863,C=C1[C@@H](OC(C)=O)C[C@H]2[C@@](C)(CC[C@@H](OC(C)=O)[C@@]2(C)CO[Si](C)(C)C(C)(C)C)[C@@H]1C[C@@H](Nc1ccc(C(=O)[O-])cc1)C1=CCOC1=O,-8.82,0
M2R-decoy_563,CC(C)Cn1c(=O)n(C)c(=O)c2[nH]c(Br)nc21,-8.76,0
M2R-decoy_368,O=C(Nc1nnc(C(F)(F)F)s1)C1COc2ccccc2O1,-8.51,0
M2R-decoy_76,CCCS(=O)(=O)NCCOc1nc(C2CC2)nc(NS(=O)(=O)c2ccc(C(C)C)cn2)c1Oc1ccccc1OC,-8.51,0
M2R-decoy_8322,CC(C)=CCC/C(C)=C/CC/C(C)=C/CSC[C@H](NS(=O)(=O)c1ccccc1C(F)(F)F)C(=O)[O-],-8.49,0
M2R-decoy_7457,O=C1c2cc3c(cc2N=C[C@@H]2CCCN12)OCCCOc1cc2c(cc1OCCCCCCCCCO3)C(=O)N1CCC[C@H]1C=N2,-8.47,0
M2R-decoy_2781,CCOc1nc2cccc(C(=O)NC(C)(C)c3ccccc3)c2n1Cc1ccc(c2ccccc2C2=NN=NN2)cc1,-8.46,0
M2R-decoy_292,O=C1Nc2ccc(F)cc2/C1=C1/Nc2ccc(O)cc2/C1=N/O,-8.45,0
M2R-decoy_2325,Sc1nnc(CCCCCCCCc2nnc(S)o2)o1,-8.44,0
M2R-decoy_9595,CCS(=O)(=O)C(C)(C)S(=O)(=O)CC,-8.39,0
M2R-decoy_10639,O=C1CC(NC(=O)C(F)(F)F)c2c1csc2Br,-8.37,0
M2R-decoy_9410,O=C1NC(c2ccc(OCCCCCC(F)(F)F)c(F)c2)(C(F)(F)F)CC(c2ccc(OC(F)F)cc2)=C1C1=NNN=N1,-8.32,0
M2R-decoy_4382,CC(=O)ON(C)C(=O)CCCP(=O)(OCOC(=O)C(C)(C)C)OCOC(=O)C(C)(C)C,-8.22,0
M2R-decoy_333,O=C1Nc2ccc(F)cc2/C1=C1/Nc2cc(F)c(F)cc2/C1=N\O,-8.18,0
M2R-decoy_1318,Oc1c(Br)cc(Br)cc1Br,-8.17,0
M2R-decoy_8386.1,CCCCc1nnc(SCc2ccccc2C(=O)[O-])n1Cc1ccc(NC(=O)c2ccccc2C2=NN=NN2)cc1,-8.11,0
M2R-decoy_9565,CC[C@@H]1OC2(C)CC(S(=O)(=O)c3ccccc3O)CC1O2,-7.97,0
M2R-decoy_6111.1,CCOc1nc2cccc(C(=O)OCOC(=O)CC)c2n1Cc1ccc(c2ccccc2C2=NNN=N2)cc1,-7.79,0
M2R-decoy_7260.1,O=C(c1ccc(c2cccc(NS(=O)(=O)c3ccc(Br)cc3OC(F)(F)F)c2)s1)c1c(F)ccc(O)c1F,-7.72,0
M2R-decoy_9673.1,CC([NH3+])P(=O)(O)CC(CCc1ccccc1)C(=O)[O-],-7.51,0
M2R-decoy_1365,O=C(Cn1ccc2ccc(Cl)cc21)/N=c1\[nH]nc(C2CCCO2)s1,-7.48,0
M2R-decoy_1059,NS(=O)(=O)c1ccc(NS(=O)(=O)C(F)(F)F)c(Br)c1,-7.42,0
M2R-decoy_208,COc1cc(C=O)c(Br)c(Br)c1O,-7.33,0
M2R-decoy_282,O=C1Nc2c(Br)cccc2S(=O)(=O)N1,-7.14,0
M2R-decoy_2400,COc1cc(NS(=O)(=O)c2cccs2)cc(OC)c1,-6.91,0
M2R-decoy_4935,COC(=O)CC[C@]1(COC(C)=O)C2=C(CC[C@H]1C(C)(C)O)[C@]1(C)CC[C@H]([C@H](C)[C@@H](C/C=C(/C)C(=O)[O-])OC(C)=O)[C@@]1(C)CC2,-6.83,0
M2R-decoy_562,Cc1cnc(NC(=O)C2=C([O-])c3sccc3S(=O)(=O)N2C)s1,-6.81,0
M2R-decoy_7963,O=C1O/C(=C\c2cc(Br)c(O)c(Br)c2)C(c2cc(Br)c(O)c(Br)c2)=C1C(=O)c1cc(Br)c(O)c(Br)c1,-6.72,0
M2R-decoy_9991,NS(=O)(=O)c1ccc(NS(=O)(=O)C(F)(F)C(F)(F)C(F)(F)C(F)(F)C(F)(F)C(F)(F)C(F)(F)C(F)(F)F)c(I)c1,-6.61,0
M2R-decoy_1279,CSc1nc2c([nH]1)C(=O)C(Br)=C(Br)C2=O,-6.38,0
M2R-decoy_792,N#Cc1cc(Br)c(O)c(Br)c1,-6.31,0
M2R-decoy_7411,O=S(=O)(c1ccc2c(c1)C(=NO)c1cc(S(=O)(=O)N3CCCCCCCC3)ccc1C2=NO)N1CCCCCCCC1,-6.19,0
M2R-decoy_7426,CC(=O)O[C@@H]1CC[C@@]2(C)[C@@H](C[C@H](O)[C@]3(C)[C@@H]2C(=O)C=C2[C@@H]4[C@@H](C)[C@H](C)[C@@H](O)C[C@]4(C)CC[C@]23C)[C@@]1(C)C(=O)[O-],-6.05,0
M2R-decoy_543,COC(=O)C1C2CC(C(Br)C2Br)C1C(=O)[O-],-6.02,0
M2R-decoy_225,O=S(=O)(CC(F)(F)F)c1nc2cc(F)ccc2[nH]1,-5.47,0
M2R-decoy_9166.1,C/C=C/C/C=C(/C)C(=O)CC/C(C)=C/C=C(\C)C(=O)c1c(O)cc([C@H](C)CC/C=C/NC(=O)OC)oc1=O,-5.44,0
M2R-decoy_7394,COc1cc(OC)c2c(O)c3c(=O)cc(C)oc3c(c3c(OC)cc4cc(O)c5c(=O)cc(C)oc5c4c3OC)c2c1,-5.0,0
M2R-decoy_944,S=C(S)N1CCN(C(=S)S)CCN(C(=S)S)CC1,-4.87,0
M2R-decoy_9737,C=C(C)[C@@H]1CC[C@]2(C(=O)[O-])CC[C@]3(C)[C@H](CC[C@@H]4[C@@]5(C)Cc6nnc(SC)nc6C(C)(C)[C@@H]5CC[C@]43C)[C@@H]12,-4.7,0
M2R-decoy_7407,CC(=O)O[C@@H]1CC[C@@]2(C)[C@@H](C[C@H](O)[C@]3(C)[C@@H]2C(=O)C=C2[C@@H]4[C@@H](C)[C@H](C)C[C@H](O)[C@]4(C)CC[C@]23C)[C@@]1(C)C(=O)[O-],-4.64,0
M2R-decoy_3685,CC(C)=CCC/C(C)=C/CC/C(C)=C/CSC[C@H](NS(=O)(=O)c1ccc(C(C)C)cc1)C(=O)[O-],-4.62,0
M2R-decoy_2208,Cc1ccc(S(=O)(=O)N(CC(C)C)[C@@H](CCCC[NH2+]C(=O)N(C(C)C)C(C)C)C(=O)[O-])cc1,-4.27,0
M2R-decoy_7464,O=C1c2cc3c(cc2N=C[C@@H]2CCCN12)OCCCOc1cc2c(cc1OCCCCCCCO3)C(=O)N1CCC[C@H]1C=N2,-4.25,0
M2R-decoy_6315,N#C/C(=C\c1cc(O)c(O)c(Br)c1)S(=O)(=O)/C(C#N)=C/c1cc(O)c(O)c(Br)c1,-3.86,0
M2R-decoy_1043,O=C(NCC1SC(=O)NC1=O)NS(=O)(=O)c1cc(Cl)ccc1Cl,-3.73,0
M2R-decoy_9464.2,CC(C)CC(=O)c1ccc(OCCCCOc2ccc(C3=NNN=N3)cc2)c(Br)c1O,-3.7,0
M2R-decoy_5608,OCCCCCCCCCCCCCCCCSC1=N[C@H]2O[C@H](CO)[C@H](O)[C@H](O)[C@H]2O1,-2.95,0
M2R-decoy_4521.1,CCCc1c(OCCCOc2cc(O)c(C(=O)/C=C/N(C)C)cc2CC)ccc2c1OC(C(=O)[O-])CC2,-1.73,0
M2R-decoy_8187,C=C[C@@H]1C[C@]1(NC(=O)[C@@H]1C[C@]2(OC)CN1C(=O)[C@H](C(C)(C)C)NC(=O)OCCCCCCCc1cc3cc2ccc3cc1OC)C(=O)NS(=O)(=O)C1CC1,-0.68,0
M2R-decoy_5665,CCCCCCCCNC(=O)[C@@H](COP(O)(O)=S)NC(=O)CCCCCCC,-0.01,0
M2R-decoy_10600,COC(=O)C1=C(C(=O)OC)C(=S)C2SC(=S)SC2C1=S,0.69,0
M2R-decoy_66,CCCC[C@@H](CC)COC(=O)C[C@H](C(=O)OC[C@H](CC)CCCC)S(=O)(=O)[O-],2.0,0
M2R-decoy_9333,CCCCCCC/C=C/CCCCCCCC[C@@H]1OC[C@@H](COP(O)(O)=S)O1,2.62,0
M2R-decoy_9506.1,CCCCOP(=O)(OCCCC)Oc1ccc2c(c1)CC[C@@H]1[C@@H]2CC[C@]2(C)[C@@H](OCCC(=O)Nc3ccc(OC)c(C(N)=O)c3O)CC[C@@H]12,3.97,0
