ligand_id,SMILES,cluster00_BE,cluster01_BE,cluster02_BE,cluster03_BE,cluster04_BE,cluster05_BE,cluster06_BE,cluster07_BE,cluster08_BE,cluster09_BE,is_active
ASD10910002,CC(=O)C1=C(O)C(=O)N(c2ccc(Cl)cc2F)C1C1CCCCC1,-10.19,-8.587374388338555,-8.560848697700767,-7.964211077558536,-6.670760803510968,-6.698454002256838,-5.494813445779803,-7.2930114693303185,-5.5313112081858815,-6.151684003813326,1
ASD10910003,CCC(NC1C(=O)C(=O)C1Nc1ccnc(C(=O)N(C)C)c1O)c1cc(C(C)C)co1,-8.947,-8.359374388338553,-7.964848697700766,-7.052211077558537,-5.991760803510967,-5.280454002256837,-5.082813445779802,-6.258011469330318,-4.939311208185883,-5.737684003813326,1
ASD10910004,O=C(CCCn1ccnn1)C1=C(O)C(=O)N(c2ccc(Cl)cc2F)C1C1CCCCC1,-10.475,-9.180374388338556,-8.812848697700765,-8.058211077558536,-6.770760803510967,-6.498454002256837,-6.055813445779803,-7.912011469330318,-5.458311208185883,-6.522684003813327,1
ASD10910005,O=C(CCCn1ccnn1)C1=C(O)C(=O)N(c2ccc(Br)cc2F)C1C1CCCCC1,-10.319,-9.009374388338554,-8.654848697700766,-7.687211077558537,-6.5857608035109685,-6.372454002256838,-6.150813445779804,-7.512011469330318,-5.396311208185882,-6.589684003813327,1
ASD10910006,O=C(NCCOCCOCCn1ccnn1)c1ccc(Oc2ccc(Cl)cc2NS(=O)(=O)c2ccc(Cl)c(Cl)c2)cc1,-8.177,-7.597374388338554,-7.165848697700765,-6.936211077558536,-6.215760803510968,-6.065454002256837,-5.391813445779803,-5.722011469330319,-3.7893112081858815,-4.494684003813326,1
ASD10910007,O=C(NCCOCCOCCn1ccnn1)c1ccc(Oc2ccc(Cl)cc2NS(=O)(=O)c2ccc(Cl)c(C(F)(F)F)c2)cc1,-8.742,-7.972374388338554,-7.697848697700765,-7.120211077558537,-7.125760803510968,-6.659454002256837,-5.615813445779804,-6.112011469330319,-3.5923112081858823,-4.9826840038133255,1
ASD10910008,O=C(NCCOCCOCCn1ccnn1)c1ccc(Oc2ncc(Cl)cc2NS(=O)(=O)c2ccc(Cl)c(C(F)(F)F)c2)cc1,-8.636,-7.870374388338554,-8.182848697700766,-7.370211077558537,-7.033760803510969,-6.026454002256838,-5.708813445779803,-6.075011469330319,-4.287311208185883,-5.2616840038133255,1
ASD10910009,O=C(NCCOCCOCCn1ccnn1)c1ccccc1Oc1ccc(Cl)cc1NS(=O)(=O)c1ccc(Cl)c(Cl)c1,-9.752,-7.365374388338553,-8.419848697700766,-7.343211077558536,-5.814760803510968,-6.0714540022568375,-4.8018134457798025,-6.986011469330318,-4.356311208185883,-5.742684003813327,1
ASD10910010,O=C(NCc1c[nH]nn1)c1ccc(Oc2ncc(Cl)cc2NS(=O)(=O)c2ccc(Cl)c(C(F)(F)F)c2)cc1,-10.822,-9.293374388338554,-9.605848697700766,-8.814211077558536,-7.657760803510968,-6.906454002256838,-6.881813445779804,-8.354011469330318,-5.689311208185883,-6.674684003813326,1
ASD10910011,O=C(NCc1c[nH]nn1)c1ccc(Oc2ccc(Cl)cc2NS(=O)(=O)c2ccc(Cl)c(Cl)c2)cc1,-10.815,-9.248374388338554,-8.627848697700767,-7.302211077558537,-7.410760803510968,-7.081454002256837,-6.345813445779802,-7.834011469330319,-5.267311208185882,-6.106684003813326,1
ASD10910012,O=C(NCc1c[nH]nn1)c1ccccc1Oc1ccc(Cl)cc1NS(=O)(=O)c1ccc(Cl)c(Cl)c1,-10.507,-9.721374388338551,-9.126848697700764,-8.686211077558536,-7.397760803510968,-6.668454002256837,-6.908813445779803,-7.640011469330318,-5.7603112081858825,-6.827684003813326,1
ASD10910013,O=S(=O)(Nc1cncc(Cl)c1)c1ccc(Cl)c(C(F)(F)F)c1,-8.314,-7.657374388338553,-8.083848697700766,-6.769211077558536,-5.580760803510968,-5.493454002256838,-5.558813445779803,-6.399011469330318,-4.613311208185882,-5.507684003813326,1
ASD10910014,O=S(=O)(Nc1ccccc1)c1ccc(Cl)c(Cl)c1,-7.817,-7.048374388338554,-7.339848697700766,-6.554211077558536,-5.752760803510968,-5.526454002256838,-5.347813445779803,-5.829011469330318,-4.411311208185882,-4.618684003813327,1
ASD10910015,O=S(=O)(Nc1cncc(Cl)c1)c1ccccc1,-7.752,-6.926374388338554,-7.0498486977007655,-5.898211077558536,-4.732760803510968,-4.522454002256837,-4.507813445779803,-5.483011469330318,-3.912311208185882,-4.006684003813327,1
ASD10910016,O=S(=O)(Nc1ccccc1)c1ccccc1,-7.722,-6.997374388338554,-7.169848697700767,-6.227211077558536,-5.004760803510968,-4.816454002256837,-4.4668134457798025,-5.675011469330318,-3.9673112081858815,-3.946684003813326,1
ASD10910017,O=C(O)c1ccccc1Oc1ccc(Cl)cn1,-7.701,-6.561374388338554,-7.022848697700766,-5.950211077558537,-4.765760803510968,-4.170454002256838,-3.9478134457798033,-5.064011469330318,-3.6813112081858823,-4.209684003813327,1
CCR2-decoy_1,O=C1OC(c2cncnc2)CC([O-])=C1Sc1ccccc1Cl,-8.359,-7.457374388338554,-7.543848697700765,-6.572211077558537,-5.457760803510968,-5.387454002256838,-4.706813445779803,-6.267011469330319,-4.294311208185882,-4.892684003813326,0
CCR2-decoy_10,Cc1c(CCC(=O)[O-])c(=O)oc2cc3occ(c4ccccc4)c3cc12,-9.628,-8.578374388338554,-8.314848697700766,-7.478211077558535,-6.172760803510968,-5.394454002256838,-5.6208134457798025,-6.741011469330319,-5.408311208185882,-5.658684003813326,0
CCR2-decoy_100,CCN(CC)S(=O)(=O)c1cccc(C(=O)N/N=C/c2cc(OC)c(O)c(OC)c2)c1,-7.68,-7.015374388338554,-6.394848697700766,-5.652211077558537,-4.667760803510968,-3.669454002256837,-4.241813445779803,-4.887011469330319,-3.6193112081858825,-4.468684003813326,0
CCR2-decoy_101,CC(Oc1ccc(F)cc1)c1nnc(SCC(=O)N(c2ccccc2)C2CCS(=O)(=O)C2)o1,-10.376,-9.240374388338552,-8.462848697700766,-7.463211077558537,-6.391760803510968,-5.701454002256838,-5.920813445779803,-7.228011469330319,-5.463311208185882,-6.047684003813327,0
CCR2-decoy_102,CC(C(=O)[O-])C(C)C(=O)O[C@@H]1CC[C@]2(C)[C@H]3CC[C@@]4(C)[C@@H](CC[C@@H]4[C@H](C)CCC(=O)[O-])[C@@H]3CC[C@@H]2C1,-9.702,-8.540374388338554,-8.351848697700765,-7.403211077558536,-7.030760803510969,-5.541454002256838,-5.658813445779803,-7.403011469330318,-4.676311208185882,-6.640684003813327,0
CCR2-decoy_103,Cc1ccc(NC(=O)CN2C(=O)S/C(=C\c3ccc(c4cc(C(=O)[O-])ccc4C)o3)C2=O)cc1,-10.256,-9.611374388338554,-8.794848697700766,-7.844211077558537,-6.662760803510968,-5.448454002256838,-6.376813445779803,-6.656011469330318,-5.692311208185883,-5.8576840038133255,0
CCR2-decoy_104,CCN(C(=O)CSc1nc2ccccc2c(=O)n1Cc1ccc(C)cc1)C1CCS(=O)(=O)C1,-10.015,-8.857374388338554,-8.117848697700765,-8.204211077558536,-6.042760803510968,-5.348454002256837,-6.531813445779804,-7.04101146933032,-5.697311208185882,-5.839684003813327,0
CCR2-decoy_105,COc1ccc(C#N)cc1S(=O)(=O)N(Cc1ccccc1)Cc1cnc(C(F)(F)F)nc1,-9.155,-8.093374388338553,-8.251848697700765,-7.072211077558537,-5.895760803510967,-5.281454002256838,-5.446813445779803,-7.077011469330319,-5.368311208185883,-5.545684003813326,0
CCR2-decoy_106,CCOC[C@H]1O[C@@H](n2c(Cl)nc3cc(Cl)c(Cl)cc32)[C@H](OC(C)=O)[C@@H]1OC(C)=O,-8.139,-7.612374388338553,-7.610848697700765,-5.984211077558537,-5.055760803510968,-4.885454002256838,-4.443813445779803,-5.962011469330319,-4.277311208185882,-4.592684003813327,0
CCR2-decoy_107,CCn1cnc2c(c3ccc(F)c(c4ccc(S(=O)(=O)C5COC5)cc4OC)c3)cnnc21,-8.953,-7.757374388338555,-7.1428486977007655,-6.831211077558537,-5.925760803510968,-4.738454002256837,-5.374813445779804,-6.113011469330319,-4.299311208185882,-5.567684003813326,0
CCR2-decoy_108,CCCn1c(=O)n(C)c(=O)c2c(SCC(=O)c3ccc(Cl)cc3)nc(CC(C)C)nc21,-8.868,-7.781374388338554,-7.850848697700766,-6.706211077558537,-6.314760803510968,-5.954454002256838,-5.512813445779804,-6.133011469330318,-4.489311208185883,-5.368684003813327,0
CCR2-decoy_109,CN(C)c1cccc2c(S(=O)(=O)Oc3cccc4c3C(=O)C(N3CC3)=C(N3CC3)C4=O)cccc12,-8.249,-8.171374388338554,-7.339848697700766,-6.090211077558536,-6.4447608035109685,-5.384454002256838,-5.664813445779803,-6.203011469330319,-4.888311208185883,-5.372684003813326,0
CCR2-decoy_11,Cc1c(C(F)(F)F)n(c2nc(C(=O)[O-])cs2)nc1c1ccccc1,-8.974,-8.146374388338554,-7.918848697700765,-7.013211077558536,-5.799760803510969,-4.639454002256837,-4.774813445779803,-6.07001146933032,-4.831311208185882,-4.758684003813327,0
CCR2-decoy_110,COc1cccc([C@@H]2C[C@@H](SCc3ccccc3)[C@H](C(=O)[O-])CN2S(=O)(=O)c2ccc(C)cc2)c1,-10.728,-9.756374388338552,-9.083848697700766,-8.452211077558536,-7.189760803510968,-6.940454002256837,-6.601813445779802,-8.12801146933032,-6.120311208185882,-6.459684003813326,0
CCR2-decoy_111,CCOC(=O)N1CCN(C(=O)CN(C2CCCCC2)S(=O)(=O)c2c(C)cc(C)cc2C)CC1,-9.84,-8.972374388338554,-8.929848697700766,-7.665211077558537,-6.848760803510968,-6.333454002256838,-5.794813445779804,-7.269011469330319,-5.980311208185883,-6.134684003813327,0
CCR2-decoy_112,COc1c(OCC(=O)[O-])cc2oc3cc4c(c(O)c3c(=O)c2c1CC=C(C)C)C=CC(C)(C)O4,-8.934,-7.615374388338553,-7.437848697700765,-6.444211077558537,-5.9447608035109685,-4.856454002256838,-5.395813445779803,-5.935011469330318,-4.540311208185883,-5.598684003813327,0
CCR2-decoy_113,CCCCn1cc(S(=O)(=O)c2ccc(OC)cc2)c(=O)c2cc(F)c(N3CCOCC3)cc21,-8.672,-7.577374388338553,-7.606848697700766,-6.389211077558537,-6.156760803510968,-5.064454002256838,-4.782813445779803,-5.798011469330319,-4.056311208185883,-5.553684003813327,0
CCR2-decoy_114,COC(=O)C1CCN(C(=O)COc2ccc(N(C)S(=O)(=O)c3ccc(C)cc3)cc2)CC1,-8.613,-7.690374388338554,-7.712848697700766,-6.075211077558537,-5.961760803510968,-5.511454002256837,-4.729813445779803,-6.566011469330318,-4.761311208185882,-5.028684003813327,0
CCR2-decoy_115,CCOc1ccccc1n1c(=S)sc2c(=O)n(c3ccc(F)cc3)c(SCC(=O)[O-])nc21,-8.352,-8.211374388338553,-6.923848697700766,-6.023211077558536,-5.323760803510968,-4.702454002256838,-4.893813445779803,-5.411011469330319,-4.606311208185883,-3.8226840038133263,0
CCR2-decoy_116,COC(=O)C1=CN(Cc2ccc(C)cc2)C=C(C(=O)OC)C1c1cc(OC)c(OC)c(OC)c1,-8.335,-7.971374388338553,-7.606848697700766,-6.590211077558536,-5.449760803510968,-5.3374540022568375,-4.573813445779803,-5.859011469330319,-4.077311208185883,-4.526684003813326,0
CCR2-decoy_117,CC(C)Cc1cc(COc2ccc(N3CCCN(C(C)C(=O)[O-])C3=O)cc2)c2ccccc2n1,-9.708,-9.027374388338554,-8.596848697700766,-7.562211077558537,-6.959760803510967,-5.537454002256837,-5.731813445779803,-7.22701146933032,-5.038311208185882,-5.931684003813327,0
CCR2-decoy_118,CCN(CC)c1ccc2cc(C(=O)N3CCN(C(=O)/C=C/c4ccc(OC)cc4)CC3)c(=O)oc2c1,-8.908,-7.684374388338554,-7.434848697700765,-6.629211077558537,-6.218760803510968,-5.073454002256838,-5.006813445779803,-5.923011469330319,-4.400311208185882,-5.474684003813326,0
CCR2-decoy_119,COc1ccc(N(CC(=O)N2CCc3ccccc3C2)S(=O)(=O)c2c(C)nn(C)c2C)cc1,-9.46,-8.643374388338554,-9.045848697700766,-8.318211077558537,-6.190760803510969,-5.941454002256837,-6.233813445779804,-7.409011469330318,-5.457311208185882,-5.322684003813327,0
CCR2-decoy_12,C=C1C(=O)O[C@@H]2[C@@H]3C(=C(C)C[C@H](OC(=O)/C(C)=C\C)[C@@H]12)C[C@@H]1O[C@@]13C,-7.204,-6.847374388338554,-6.303848697700766,-5.293211077558537,-4.529760803510968,-4.086454002256837,-3.7568134457798026,-4.848011469330319,-3.8083112081858825,-4.327684003813326,0
CCR2-decoy_120,C[C@@H]1CN(c2ccc(F)cc2C(F)(F)F)CCN1S(=O)(=O)c1cccc(OC(C)(C)C(=O)[O-])c1,-9.536,-9.131374388338552,-9.021848697700763,-8.077211077558536,-7.037760803510968,-5.919454002256838,-6.387813445779804,-7.753011469330319,-6.133311208185882,-6.295684003813326,0
CCR2-decoy_121,CC(C)CN(Cc1cccc(Cl)c1)S(=O)(=O)c1ccc(N2CCN(S(C)(=O)=O)CC2)cc1,-9.338,-8.470374388338554,-8.219848697700765,-7.319211077558537,-5.952760803510968,-5.677454002256837,-5.373813445779803,-6.484011469330319,-4.474311208185882,-5.824684003813326,0
CCR2-decoy_122,COc1cc(F)c(F)cc1c1ccc(OCc2cccc(CN3[C@@H](C(=O)[O-])CCS3(=O)=O)c2)cc1,-10.023,-9.107374388338554,-8.505848697700765,-7.582211077558536,-6.592760803510968,-6.1194540022568376,-6.097813445779803,-6.895011469330319,-5.660311208185883,-5.947684003813327,0
CCR2-decoy_123,COc1ccc([C@@H]2C[C@@H](SC3CCCC3)[C@H](C(=O)[O-])CN2S(=O)(=O)c2ccccc2C)cc1,-10.039,-8.599374388338553,-8.374848697700767,-7.724211077558536,-6.471760803510968,-5.919454002256838,-5.689813445779803,-7.768011469330318,-5.382311208185882,-6.233684003813327,0
CCR2-decoy_124,C[C@@H]1C(C(F)(F)F)=NN(c2ccc(OC3CCN(c4ccccn4)CC3)cc2)[C@H]1CC(=O)[O-],-9.577,-8.410374388338553,-8.236848697700767,-7.990211077558536,-6.379760803510969,-5.591454002256837,-5.930813445779803,-6.686011469330319,-5.370311208185882,-5.781684003813327,0
CCR2-decoy_125,Cc1cccc(N2CCN(C(=O)CN(/N=C/c3ccccc3Cl)C(=O)c3ccncc3)CC2)c1,-9.813,-8.541374388338554,-8.876848697700765,-8.248211077558537,-7.046760803510969,-6.781454002256838,-6.083813445779803,-7.239011469330318,-6.210311208185882,-6.435684003813327,0
CCR2-decoy_126,CC(C)c1ccc(c2ccc(S(=O)(=O)C(CCN3C(=O)c4ccccc4C3=O)C(=O)[O-])cc2)cc1,-8.769,-9.434374388338554,-7.602848697700766,-7.045211077558536,-5.429760803510968,-4.5554540022568375,-5.5118134457798025,-7.834011469330319,-5.674311208185882,-5.915684003813327,0
CCR2-decoy_127,COc1cc(CCn2cnc3sc4c(c3c2=O)CCN(C(=O)C(C)(F)F)C4)cc(OC)c1,-8.648,-7.572374388338554,-7.100848697700766,-6.529211077558536,-5.787760803510968,-4.749454002256838,-5.061813445779803,-5.75601146933032,-4.214311208185882,-5.221684003813326,0
CCR2-decoy_128,Cc1cc(C)cc(N(CCC#N)C(=O)COC(=O)C2CCN(S(=O)(=O)c3ccc(C)c(C)c3)CC2)c1,-9.372,-8.748374388338554,-7.795848697700766,-6.405211077558537,-5.692760803510968,-6.133454002256837,-4.6928134457798025,-6.367011469330318,-4.764311208185882,-5.333684003813326,0
CCR2-decoy_129,CC(C)OCc1ccc(C(=O)N2CCN(S(=O)(=O)c3ccc(Br)s3)CC2)cc1,-7.773,-6.928374388338554,-6.810848697700766,-5.806211077558537,-4.889760803510968,-4.012454002256837,-4.791813445779803,-5.777011469330319,-3.535311208185882,-4.630684003813327,0
CCR2-decoy_13,O=C(OCc1ccccc1)[C@@H]1COC(c2cccc(Br)c2)=N1,-9.509,-7.943374388338555,-8.463848697700765,-6.569211077558537,-5.780760803510969,-4.342454002256837,-5.202813445779803,-6.958011469330319,-4.910311208185882,-5.722684003813326,0
CCR2-decoy_130,Cc1cc(F)c(F)cc1c1ccc(OCc2cccc(CN3[C@H](C(=O)[O-])CCS3(=O)=O)c2)cc1,-10.272,-8.963374388338554,-9.489848697700763,-8.129211077558537,-6.329760803510968,-6.981454002256838,-6.357813445779803,-7.430011469330319,-5.525311208185883,-6.669684003813327,0
CCR2-decoy_131,Cc1ccc(C(=O)OCC2OC(N3C=CSCC3=O)C[C@H]2OC(=O)c2ccc(C)cc2)cc1,-10.442,-9.453374388338554,-9.666848697700766,-7.966211077558537,-7.595760803510968,-6.670454002256838,-6.7778134457798025,-8.527011469330319,-5.671311208185882,-6.984684003813326,0
CCR2-decoy_132,CC(C)C1=CC2CC3(C=O)[C@@H]4CC[C@@H](C)[C@H]4CC2(CO[C@H]2C[C@H]4[C@H](OC[C@@H]4C)[C@@H](C)O2)C13C(=O)[O-],-9.467,-9.103374388338556,-8.503848697700766,-7.368211077558536,-7.327760803510968,-5.694454002256837,-5.8868134457798025,-7.4020114693303185,-5.559311208185882,-6.198684003813327,0
CCR2-decoy_133,Cc1ccc(C(=O)OCC(=O)c2ccc(Br)cc2)cc1S(=O)(=O)N1CCOCC1,-8.658,-7.885374388338555,-7.070848697700766,-6.204211077558536,-6.066760803510968,-5.240454002256838,-5.592813445779804,-6.333011469330319,-4.8003112081858825,-5.848684003813327,0
CCR2-decoy_134,CC(C)C1=CC2CC3(C=O)[C@@H]4CC[C@@H](C)[C@H]4CC2(CO[C@@H]2C[C@@H]4OC(C)(C)O[C@@H]4[C@@H](C)O2)C13C(=O)[O-],-9.437,-8.734374388338553,-8.321848697700766,-7.194211077558537,-6.055760803510967,-5.689454002256838,-6.374813445779804,-6.479011469330319,-5.3133112081858815,-5.433684003813326,0
CCR2-decoy_135,CCc1ccc(C(=O)CSc2nc3cc(S(=O)(=O)N4CCOCC4)ccc3n2CC)cc1,-9.65,-8.531374388338554,-8.175848697700765,-7.416211077558536,-5.894760803510968,-5.714454002256838,-5.712813445779803,-6.258011469330318,-5.163311208185882,-5.677684003813326,0
CCR2-decoy_136,CN(C)c1ccc(Cn2cnc3c2C[C@@H](C(=O)[O-])N(C(=O)C(c2ccccc2)c2ccccc2)C3)cc1,-10.739,-9.465374388338557,-9.187848697700764,-8.335211077558537,-7.564760803510968,-6.771454002256837,-6.119813445779803,-7.919011469330318,-5.497311208185883,-6.554684003813327,0
CCR2-decoy_137,Cc1cccc(N2CCN(C(=O)CN(/N=C/c3cccc(Cl)c3)C(=O)c3ccncc3)CC2)c1,-10.043,-8.891374388338553,-8.778848697700766,-8.439211077558536,-7.090760803510968,-5.8984540022568375,-6.404813445779803,-7.737011469330319,-6.3853112081858825,-6.379684003813326,0
CCR2-decoy_138,CC(=O)N1CCC2(C1)CN(c1ccc(CN(CC(C)C)S(=O)(=O)Cc3ccccc3)cc1)C2,-8.766,-8.476374388338554,-6.913848697700765,-6.703211077558537,-5.838760803510969,-5.690454002256837,-5.376813445779803,-6.478011469330319,-3.6013112081858827,-5.724684003813326,0
CCR2-decoy_139,CN(CCSC1c2ccccc2COc2ccc(C(=O)[O-])cc21)S(=O)(=O)c1ccccc1,-9.483,-8.539374388338555,-8.808848697700766,-7.812211077558537,-7.597760803510969,-6.215454002256838,-6.968813445779803,-7.3090114693303185,-5.825311208185882,-6.316684003813327,0
CCR2-decoy_14,CCn1c(S)nnc1c1cc2c(C(F)(F)F)nn(C)c2s1,-7.587,-6.226374388338554,-6.173848697700766,-5.173211077558537,-4.615760803510968,-3.8564540022568377,-4.142813445779803,-4.615011469330319,-4.076311208185882,-4.078684003813327,0
CCR2-decoy_140,COc1cc(C(=O)N2CCN(c3cccc(Cl)c3)CC2)ccc1OCC(=O)N1CCOCC1,-8.969,-7.768374388338554,-8.046848697700765,-7.104211077558537,-5.524760803510968,-4.826454002256838,-5.205813445779803,-5.771011469330318,-4.069311208185883,-5.835684003813327,0
CCR2-decoy_141,COC(=O)c1cc(F)c(F)cc1c1ccc(OCc2cccc(C(=O)N3CCC[C@H]3C(=O)[O-])c2)cc1,-9.869,-9.256374388338552,-8.686848697700766,-7.365211077558536,-6.910760803510968,-5.936454002256838,-5.938813445779802,-6.758011469330318,-5.827311208185883,-5.932684003813327,0
CCR2-decoy_142,COc1ccc(/C=C/c2onc(C)c2S(=O)(=O)N2CCC(C(=O)N3CCCCC3)CC2)cc1,-9.355,-8.712374388338555,-8.267848697700765,-7.072211077558537,-6.662760803510968,-5.194454002256837,-5.838813445779802,-7.740011469330319,-5.721311208185883,-5.7166840038133255,0
CCR2-decoy_143,COc1ccc([C@@H]2SCC(=O)N2CCN2C(=O)CS[C@@H]2c2ccc(OC)c(F)c2)cc1F,-8.826,-7.671374388338554,-7.206848697700765,-6.698211077558536,-5.873760803510969,-4.910454002256838,-5.1688134457798025,-5.636011469330319,-4.279311208185883,-4.740684003813326,0
CCR2-decoy_144,Cc1cn(c2ccc3n(c2=O)CCN(CCOc2ccc(F)cc2C(C)(C)C(F)(F)F)C3=O)cn1,-9.884,-8.808374388338555,-9.118848697700766,-7.463211077558537,-6.552760803510967,-6.032454002256838,-6.017813445779803,-7.594011469330319,-5.409311208185882,-6.451684003813327,0
CCR2-decoy_145,O=C(CN(/N=C/c1ccccc1Cl)C(=O)c1ccncc1)N1CCN(c2ccccc2)CC1,-9.689,-8.534374388338554,-8.978848697700766,-8.074211077558536,-6.759760803510968,-6.188454002256838,-6.5918134457798025,-7.327011469330319,-6.038311208185883,-6.079684003813327,0
CCR2-decoy_146,CCOC(=O)N1C[C@H](C(=O)[O-])[C@H](c2cccc(OCCc3nc(c4ccccc4)oc3C)c2)C1,-9.191,-8.701374388338554,-7.857848697700765,-7.292211077558536,-6.244760803510967,-5.938454002256838,-5.552813445779803,-7.521011469330318,-5.141311208185883,-5.587684003813326,0
CCR2-decoy_147,O=C([O-])COc1cccc2c1CCC(Cn1ncc(c3ccccc3)c(c3cccc(F)c3)c1=O)C2,-10.821,-8.962374388338555,-9.088848697700763,-8.477211077558536,-7.648760803510967,-7.281454002256838,-6.215813445779803,-8.044011469330318,-6.381311208185883,-6.980684003813327,0
CCR2-decoy_148,CC1(C)CCc2cc(S(=O)(=O)N(CC(=O)[O-])Cc3cccc(Oc4ccccc4)c3)ccc2O1,-9.758,-9.433374388338557,-8.285848697700766,-7.726211077558537,-6.759760803510968,-5.835454002256837,-6.4188134457798025,-7.810011469330318,-5.644311208185883,-5.723684003813327,0
CCR2-decoy_149,COc1ccccc1N1CCN(C(=O)c2cccc(C(=O)N3CCN(c4ccccc4OC)CC3)c2)CC1,-9.549,-8.078374388338554,-8.997848697700766,-7.765211077558536,-6.958760803510968,-6.344454002256837,-6.143813445779802,-6.811011469330319,-5.748311208185882,-5.993684003813327,0
CCR2-decoy_15,Cc1cnn(CCC(=O)N2CCCC(c3nc(C)c(C)s3)C2)c1,-7.615,-6.947374388338554,-6.771848697700766,-6.404211077558536,-5.179760803510968,-4.768454002256837,-4.5758134457798025,-5.765011469330318,-4.024311208185883,-4.616684003813326,0
CCR2-decoy_150,C=CCN(c1ccccc1)S(=O)(=O)c1cccc(C(=O)N2CCN(c3ncccn3)CC2)c1,-9.493,-8.814374388338553,-8.837848697700766,-7.927211077558537,-6.110760803510969,-5.543454002256837,-5.714813445779804,-6.687011469330319,-5.404311208185883,-5.183684003813326,0
CCR2-decoy_151,O=C([O-])C[C@H]1CC[C@H](c2ccc(C(=O)Nc3nnc(CCC4CCOC4)s3)cc2)CC1,-8.528,-8.021374388338554,-7.115848697700766,-6.834211077558537,-5.535760803510968,-4.690454002256837,-5.154813445779803,-6.028011469330318,-4.256311208185882,-5.691684003813327,0
CCR2-decoy_152,CCC1=C([O-])c2c(oc(c3cc(OC)c(OC)c(OC)c3)cc2=O)C(CC)(CC)C1=O,-8.748,-7.321374388338555,-7.796848697700765,-6.222211077558537,-5.274760803510968,-4.967454002256838,-4.711813445779803,-5.52501146933032,-4.207311208185883,-4.758684003813327,0
CCR2-decoy_153,Cn1nc(C(F)(F)F)c(c2cccc(C(F)(F)F)c2)c1NC(=O)CSCC(=O)[O-],-8.367,-7.590374388338555,-8.221848697700766,-6.867211077558537,-5.954760803510968,-4.9944540022568376,-5.108813445779804,-6.049011469330319,-4.927311208185882,-5.214684003813327,0
CCR2-decoy_154,Cc1ncccc1Oc1ncnc(O[C@H]2C[C@H]3C=C[C@@H](C2)N3S(=O)(=O)C2CC2)c1C,-8.53,-8.113374388338555,-7.821848697700766,-6.881211077558536,-5.829760803510968,-5.8824540022568375,-5.151813445779803,-6.380011469330318,-4.962311208185882,-5.356684003813326,0
CCR2-decoy_155,O=c1n(Cc2nc3ccccc3n2CCCS(=O)(=O)C2CC2)c2cnccc2n1C1CC1,-9.201,-8.438374388338554,-8.272848697700766,-6.977211077558536,-6.379760803510969,-5.345454002256837,-5.891813445779803,-6.939011469330319,-5.268311208185882,-6.092684003813327,0
CCR2-decoy_156,CO/C=C(/C(=O)OC)c1cccc(Cn2cc(S(=O)(=O)c3ccc(C)cc3)nn2)c1,-8.653,-7.814374388338553,-7.562848697700765,-6.232211077558537,-5.745760803510969,-4.866454002256837,-5.445813445779804,-5.991011469330319,-4.835311208185883,-5.627684003813327,0
CCR2-decoy_157,O=C([O-])COc1cccc2c1CCC(Cn1cc(C(c3ccccc3)c3cccnc3)cn1)C2,-10.364,-9.813374388338554,-9.162848697700763,-8.448211077558536,-7.113760803510969,-7.100454002256837,-6.438813445779802,-7.882011469330319,-6.416311208185883,-6.851684003813327,0
CCR2-decoy_158,COc1ccc(C(=O)/C=C/c2ccc(/C=C3/SC(=S)N(CC(=O)[O-])C3=O)cc2)cc1,-8.285,-8.262374388338554,-7.628848697700766,-6.826211077558536,-5.778760803510968,-4.818454002256837,-5.278813445779804,-6.498011469330319,-4.879311208185882,-5.828684003813326,0
CCR2-decoy_159,COc1cc([C@H]2c3c(cc(OC)c(OC)c3OC)C(=O)[C@@H]3COC[C@H]32)cc(OC)c1OC,-7.646,-7.055374388338554,-6.951848697700766,-5.5822110775585365,-5.3517608035109685,-3.825454002256838,-4.513813445779803,-5.478011469330319,-4.551311208185882,-4.386684003813326,0
CCR2-decoy_16,CSc1nccc(c2ccc(S(=O)(=O)N3CCCCC3)s2)n1,-7.16,-6.607374388338554,-6.265848697700766,-5.092211077558536,-4.595760803510968,-3.762454002256837,-3.7918134457798023,-5.015011469330319,-3.7233112081858826,-3.683684003813326,0
CCR2-decoy_160,CCCOc1nc(C(Br)Br)c([N+](=O)[O-])c(N2CCOCC2)n1,-7.069,-5.943374388338554,-6.100848697700766,-4.519211077558537,-3.763760803510968,-2.8314540022568373,-3.112813445779804,-4.344011469330319,-3.096311208185883,-3.0756840038133264,0
CCR2-decoy_161,CC(C)(C)CCOc1nc(N2CCC[C@@H](CC(=O)[O-])C2)ccc1C(=O)NC1CCCCC1,-8.739,-8.354374388338554,-8.004848697700766,-7.0182110775585365,-5.872760803510968,-5.607454002256837,-5.883813445779802,-6.674011469330319,-4.695311208185882,-5.178684003813327,0
CCR2-decoy_162,O=C(CSc1nc2ccccc2c(=O)n1c1ccc(F)cc1)Nc1ccc(C(=O)[O-])cc1,-10.807,-8.955374388338553,-8.915848697700765,-7.719211077558537,-6.160760803510968,-6.291454002256838,-5.988813445779803,-7.718011469330319,-5.7923112081858825,-6.120684003813325,0
CCR2-decoy_163,Cc1ccccc1COc1nc(N2CCC[C@@H](CC(=O)[O-])C2)ccc1C(=O)NC1CCCCC1,-10.476,-9.095374388338554,-9.069848697700763,-8.364211077558537,-7.131760803510968,-6.306454002256837,-6.739813445779802,-7.789011469330319,-5.5263112081858825,-6.350684003813326,0
CCR2-decoy_164,CC(C)=CCC[C@]1(C)/C=C/[C@@H](OC(=O)C=C(C)C)[C@](C)(O)/C=C/C(=O)/C(C(=O)[O-])=C\C1,-6.767,-5.986374388338554,-6.048848697700766,-4.616211077558536,-3.804760803510968,-3.0984540022568376,-3.0438134457798025,-4.980011469330319,-2.7663112081858827,-3.2856840038133264,0
CCR2-decoy_165,COc1cccc(CN(C)C(=O)C2CCN(S(=O)(=O)c3ccc(C)cc3)CC2)c1OC,-8.362,-7.530374388338554,-7.659848697700765,-6.290211077558537,-6.482760803510969,-4.762454002256838,-4.931813445779803,-6.077011469330319,-4.751311208185882,-5.057684003813327,0
CCR2-decoy_166,COc1ccnc(CN(C)C(=O)C2CCC(=O)N(Cc3cccc(C(F)(F)F)c3)C2)c1,-9.719,-8.678374388338554,-8.608848697700767,-7.625211077558536,-6.341760803510969,-5.886454002256837,-5.907813445779803,-6.92901146933032,-5.670311208185883,-5.898684003813326,0
CCR2-decoy_167,COc1ccc(c2nc3c(c(Nc4ccc(CC(=O)[O-])cc4)n2)SCCC3)c(F)c1F,-9.364,-8.524374388338554,-7.916848697700766,-7.048211077558536,-6.478760803510967,-5.121454002256838,-6.006813445779804,-6.923011469330319,-5.120311208185882,-4.997684003813326,0
CCR2-decoy_168,CCC(=O)N1CCc2cc(Br)cc(S(=O)(=O)CCC(=O)N(CC)CC)c21,-7.658,-7.031374388338554,-6.619848697700766,-5.184211077558537,-4.866760803510968,-3.3424540022568374,-4.289813445779803,-5.428011469330319,-3.086311208185882,-3.994684003813326,0
CCR2-decoy_169,CCN(C(=O)COc1ncnc2scc(c3ccc(F)cc3)c12)C1CCS(=O)(=O)C1,-8.74,-7.918374388338554,-7.271848697700765,-6.110211077558537,-5.689760803510968,-5.227454002256838,-5.837813445779803,-5.953011469330319,-4.336311208185882,-4.942684003813326,0
CCR2-decoy_17,CC(C)(C)n1nc(Cc2ccc3c(c2)OCO3)c2ccccc2c1=O,-9.774,-8.318374388338555,-9.380848697700763,-6.999211077558536,-6.369760803510967,-6.278454002256838,-6.530813445779803,-7.453011469330319,-5.017311208185882,-6.185684003813327,0
CCR2-decoy_170,Cc1cc(OCC2(C(=O)[O-])CC2)ncc1c1ccc(c2ncc(C(F)(F)F)[nH]2)c(F)c1,-9.192,-7.872374388338555,-7.879848697700766,-6.878211077558536,-5.898760803510967,-4.675454002256838,-5.656813445779804,-6.436011469330319,-4.8613112081858825,-5.580684003813326,0
CCR2-decoy_171,Cc1ccc2[nH]c(c3ccc(N4CCC(O[C@H]5CC[C@H](CC(=O)[O-])CC5)CC4)nc3)nc2n1,-9.255,-8.453374388338554,-8.155848697700765,-7.106211077558536,-6.386760803510969,-5.862454002256838,-6.189813445779803,-7.059011469330319,-4.424311208185882,-6.138684003813326,0
CCR2-decoy_172,COc1ccc(Cn2nnc(c3ccccc3)c2C(=O)N[C@@H](C)c2ccc(C(=O)[O-])cc2)cc1,-9.935,-8.331374388338554,-8.755848697700765,-7.961211077558536,-6.657760803510968,-6.136454002256837,-7.001813445779803,-8.453011469330319,-5.731311208185883,-6.021684003813327,0
CCR2-decoy_173,CCc1cc2c(cc1OCC(=O)NCC1CCC(C(=O)[O-])CC1)oc(=O)cc2c1ccccc1,-10.144,-9.813374388338554,-7.989848697700765,-6.887211077558536,-6.189760803510968,-5.480454002256838,-6.553813445779802,-7.453011469330319,-5.833311208185883,-7.038684003813327,0
CCR2-decoy_174,CCn1c(CSc2ncccn2)nnc1SCC(=O)N1c2ccccc2CC1C,-8.405,-7.507374388338555,-7.268848697700765,-6.805211077558537,-5.063760803510968,-4.924454002256837,-5.122813445779803,-6.22401146933032,-4.557311208185882,-5.125684003813326,0
CCR2-decoy_175,COc1cc(c2ccno2)ccc1S(=O)(=O)N1CCN(c2ccc(C(C)=O)cc2)CC1,-9.213,-8.028374388338554,-7.706848697700765,-6.847211077558537,-5.276760803510968,-4.6724540022568375,-4.814813445779803,-5.973011469330318,-4.504311208185882,-4.613684003813326,0
CCR2-decoy_176,O=C([O-])CC/C=C\C[C@@H]1CN(S(=O)(=O)c2cccc3cnccc23)C[C@H]1c1ccccc1O,-10.023,-9.009374388338554,-9.187848697700764,-8.405211077558537,-7.191760803510968,-6.082454002256837,-6.351813445779802,-7.815011469330319,-5.445311208185883,-6.6366840038133255,0
CCR2-decoy_177,CCOc1ccc(C2=NN(c3ccc(C(=O)[O-])cc3)C(=O)[C@@H]3CC=CC[C@H]23)cc1OCC,-9.061,-8.570374388338553,-8.196848697700766,-8.064211077558536,-6.197760803510969,-4.915454002256837,-6.306813445779802,-6.760011469330319,-5.4783112081858825,-4.874684003813327,0
CCR2-decoy_178,CCn1c(SCC(=O)N2CCN(c3ccccc3F)CC2)nnc1c1ccoc1C,-8.446,-8.744374388338555,-8.799848697700765,-7.358211077558536,-5.377760803510968,-5.124454002256838,-4.380813445779803,-6.137011469330318,-5.138311208185883,-5.351684003813327,0
CCR2-decoy_179,COCCS(=O)(=O)c1ccc2c(c1)nc(C(C)(C)C)n2CC1CCN(C(C)=O)CC1,-8.447,-7.381374388338553,-7.2948486977007665,-6.355211077558536,-5.223760803510968,-4.475454002256837,-5.498813445779803,-6.216011469330319,-4.515311208185882,-4.567684003813326,0
CCR2-decoy_18,O=C(CCC(F)(F)F)N1CC(c2nc(c3cccs3)no2)C1,-7.777,-7.184374388338554,-6.969848697700765,-5.967211077558536,-4.963760803510968,-4.091454002256837,-4.402813445779803,-5.326011469330319,-4.516311208185883,-4.006684003813327,0
CCR2-decoy_180,CCCC(SC(=O)CCO[N+](=O)[O-])C1=CC(=C(Br)Br)OC1=O,-6.851,-5.998374388338554,-5.6588486977007655,-4.644211077558537,-3.793760803510968,-3.221454002256838,-3.321813445779803,-4.390011469330319,-3.1353112081858825,-3.233684003813326,0
CCR2-decoy_181,COc1ccc(CN(C(=O)n2cnc(S(=O)(=O)[C@@H]3C[C@H]4CC[C@@H]3C4)n2)C(C)C)cc1,-8.185,-7.911374388338554,-7.740848697700766,-6.776211077558536,-6.316760803510968,-5.248454002256837,-5.452813445779803,-6.654011469330319,-5.242311208185882,-5.606684003813326,0
CCR2-decoy_182,Cc1cccn2c(=O)c3cc(C#N)/c(=N\C(=O)c4cccs4)n(CCCOC(C)C)c3nc12,-8.828,-7.507374388338555,-7.256848697700766,-6.671211077558537,-5.627760803510968,-4.809454002256837,-4.862813445779803,-6.305011469330319,-4.664311208185882,-4.586684003813327,0
CCR2-decoy_183,C=CCN1CC(C(=O)N2CCC(Cc3ccc(Cl)cc3)(C(=O)OCC)CC2)CC1=O,-8.497,-7.921374388338554,-7.702848697700766,-6.413211077558536,-5.481760803510968,-4.944454002256837,-4.953813445779803,-6.411011469330319,-4.154311208185883,-5.356684003813326,0
CCR2-decoy_184,CCC(C)c1cccc2c1C(=O)N(CSc1nnnn1c1ccccc1)S2(=O)=O,-8.903,-8.391374388338553,-8.125848697700766,-7.211211077558536,-6.059760803510969,-4.964454002256838,-6.143813445779802,-6.408011469330319,-5.675311208185882,-5.892684003813326,0
CCR2-decoy_185,O=C(Cc1ccccc1)OC1C=CC(n2ccc(=O)n(Cc3cc(F)cc(F)c3)c2=O)C1,-10.134,-9.523374388338556,-9.810848697700768,-7.741211077558537,-6.7267608035109685,-5.849454002256838,-6.387813445779804,-7.654011469330319,-5.9223112081858815,-6.478684003813326,0
CCR2-decoy_186,COc1cccc(CN(CC2CCC(C(=O)[O-])CC2)S(=O)(=O)c2ccc(C)cc2)c1,-9.698,-8.349374388338553,-8.435848697700767,-7.570211077558536,-5.658760803510969,-6.472454002256837,-5.930813445779803,-7.621011469330318,-5.005311208185883,-6.330684003813326,0
CCR2-decoy_187,CC(=O)OC[C@@]1(C(=O)[O-])CCC[C@]2(C)[C@@H]1CC[C@@]13C[C@H](CC[C@H]12)[C@](O)(COC(=O)C(C)C)C3,-9.004,-8.203374388338554,-7.926848697700766,-6.833211077558536,-6.224760803510968,-5.171454002256837,-5.431813445779802,-6.702011469330319,-5.862311208185883,-4.987684003813326,0
CCR2-decoy_188,COc1ccc(C(=O)Oc2c(OC)cc(C(=S)N3CCOCC3)cc2OC)cc1OC,-7.97,-6.848374388338554,-6.639848697700765,-5.442211077558537,-5.005760803510968,-4.295454002256838,-4.360813445779803,-4.998011469330319,-3.400311208185882,-4.280684003813327,0
CCR2-decoy_189,CCN(CC)C(=O)Cn1cc(S(=O)(=O)CC(=O)N2CCCCCC2)c2ccccc21,-6.985,-5.940374388338554,-5.719848697700765,-4.916211077558536,-3.419760803510968,-3.099454002256837,-3.364813445779803,-4.180011469330319,-2.607311208185882,-2.984684003813326,0
CCR2-decoy_19,CCOc1ccc2nc(N3CCN(C(=O)C(C)C)CC3)sc2c1,-7.018,-5.913374388338554,-6.068848697700766,-5.452211077558537,-4.548760803510968,-3.3034540022568377,-3.7808134457798026,-4.663011469330319,-3.2543112081858823,-3.4666840038133264,0
CCR2-decoy_190,CC(C(=O)[O-])c1ccc(CSc2nc(SCc3ccccc3F)[nH]c(=O)n2)cc1,-9.255,-8.448374388338554,-8.396848697700765,-7.243211077558536,-6.104760803510969,-5.686454002256838,-5.362813445779803,-7.084011469330319,-5.335311208185882,-5.780684003813326,0
CCR2-decoy_191,C=C(C)CN(C1Cc2cc(C#N)ccc2N(Cc2cncn2C)C1)S(=O)(=O)c1ccccc1,-9.626,-8.260374388338555,-7.963848697700765,-7.928211077558537,-6.661760803510967,-5.732454002256837,-5.461813445779804,-6.901011469330319,-5.538311208185883,-5.878684003813326,0
CCR2-decoy_192,COCc1nnc(N2CC[C@@H](Oc3cc(F)cc(F)c3C)C2)n1c1ccc(OC)nc1,-8.765,-8.351374388338554,-7.610848697700765,-7.079211077558536,-5.592760803510968,-4.951454002256838,-5.240813445779804,-6.15001146933032,-4.906311208185882,-5.567684003813326,0
CCR2-decoy_193,Cc1cc(C(=O)Nc2ccc(C(=O)[O-])cc2)n(Cc2csc(N3CCCCC3C)n2)c1,-9.92,-8.156374388338554,-8.292848697700766,-7.250211077558536,-6.447760803510969,-4.967454002256838,-5.921813445779803,-7.583011469330319,-4.975311208185882,-6.180684003813326,0
CCR2-decoy_194,CCN(C(=O)CSc1nc2ccccc2n1CCc1ccccc1)C1CCS(=O)(=O)C1,-9.378,-8.628374388338553,-8.801848697700766,-7.347211077558537,-6.542760803510968,-5.816454002256837,-5.984813445779803,-7.455011469330319,-5.290311208185882,-5.366684003813326,0
CCR2-decoy_195,O=C1S/C(=C\c2ccc3c(c2)OCO3)C(=O)N1Cc1cn(CCc2ccccc2)nn1,-9.907,-8.604374388338554,-8.805848697700766,-7.824211077558536,-5.965760803510968,-5.912454002256837,-5.759813445779804,-7.724011469330319,-5.094311208185882,-5.616684003813326,0
CCR2-decoy_196,C=CCOC(=O)C(C#N)c1nc2ccccc2nc1N1CCN(c2ccccc2OC)CC1,-8.542,-7.332374388338554,-7.707848697700765,-6.260211077558536,-5.138760803510968,-4.746454002256838,-4.670813445779803,-6.013011469330319,-4.883311208185883,-4.550684003813326,0
CCR2-decoy_197,Cc1cccc(Oc2c(/C=C3\SC(=S)N(CC(=O)[O-])C3=O)c(C)nn2c2ccccc2)c1,-9.94,-8.711374388338553,-8.735848697700765,-7.381211077558536,-6.870760803510969,-6.141454002256838,-5.639813445779803,-7.513011469330319,-6.081311208185882,-5.772684003813327,0
CCR2-decoy_198,Cc1ccc(C(=O)COC(=O)CCc2ccc(S(=O)(=O)N3CCCCC3)cc2)cc1,-8.984,-7.856374388338555,-8.125848697700766,-6.804211077558536,-5.826760803510968,-5.076454002256838,-5.290813445779802,-6.422011469330318,-4.382311208185882,-5.433684003813326,0
CCR2-decoy_199,COC(=O)C1(Cc2ccc(OC)cc2)CC(=O)OC1c1cc(OC)c(OC)c(OC)c1,-7.701,-7.2433743883385535,-6.546848697700765,-6.1432110775585365,-5.132760803510968,-4.457454002256838,-4.2938134457798025,-5.285011469330319,-3.7153112081858826,-4.806684003813327,0
CCR2-decoy_2,Cc1c(Cl)cccc1N(CC(=O)N1CCCCCC1)S(C)(=O)=O,-5.931,-5.317374388338554,-4.939848697700766,-4.156211077558536,-3.1917608035109684,-2.8084540022568376,-2.728813445779803,-4.362011469330319,-2.8593112081858827,-2.7436840038133266,0
CCR2-decoy_20,Cc1c(C(=O)[O-])cnn1Cc1nc(c2cccc(C(F)(F)F)c2)cs1,-9.09,-8.106374388338555,-8.169848697700766,-7.584211077558537,-5.5937608035109685,-4.896454002256837,-5.471813445779803,-6.606011469330319,-5.248311208185882,-5.365684003813326,0
CCR2-decoy_200,CC(=O)c1ccc(OCCCC(=O)N2CCN(S(=O)(=O)c3cc(C)ccc3C)CC2)cc1,-9.069,-8.312374388338554,-8.277848697700765,-7.358211077558536,-5.823760803510968,-4.9464540022568375,-5.233813445779804,-6.640011469330318,-5.320311208185883,-5.3256840038133255,0
CCR2-decoy_201,COc1ccc(OC2C=CC(c3ccccc3)OC2COC(=O)CCC(C)=NOCCC2C=CC(OC(C)=O)C(COC(C)=O)O2)cc1,-9.126,-8.082374388338554,-7.7338486977007666,-7.542211077558536,-5.889760803510969,-5.318454002256837,-5.400813445779804,-6.74001146933032,-4.999311208185882,-5.135684003813326,0
CCR2-decoy_202,CC(C)C[C@@H](C(=O)Nc1ccc(S(=O)(=O)c2ccc(N)cc2)cc1)N1C(=O)c2cccc3c(NCCSc4ccccc4)ccc(c23)C1=O,-8.748,-8.638374388338555,-7.580848697700766,-7.196211077558537,-6.183760803510968,-5.809454002256837,-6.221813445779803,-6.018011469330318,-5.147311208185882,-4.375684003813326,0
CCR2-decoy_203,COc1cc(/C=C/C(=O)/C=C/c2cc(OC)c(OC)c(OC)c2)ccc1OCc1cn(CCCOc2cc(=O)oc3ccccc23)nn1,-8.722,-8.086374388338553,-7.432848697700766,-7.509211077558536,-5.893760803510968,-5.167454002256838,-5.400813445779804,-5.966011469330319,-4.910311208185882,-5.370684003813325,0
CCR2-decoy_204,CCN(Cc1csc(C(C)C)n1)C(=O)NC(C)C(=O)N[C@@H](Cc1ccccc1)[C@@H](O)C[C@H](Cc1ccccc1)NC(=O)OCc1cncs1,-9.627,-8.104374388338554,-8.474848697700766,-8.054211077558536,-6.200760803510969,-5.752454002256837,-5.855813445779804,-6.671011469330319,-5.750311208185883,-5.883684003813327,0
CCR2-decoy_205,CCCCCCCc1cc(O[C@@H]2O[C@@H](C)[C@H](OC)[C@@H](OC(=O)c3ccc(C)[nH]3)[C@H]2O)c(C)c2oc(=O)c(C(=O)NS(=O)(=O)c3ccccc3)cc12,-10.54,-9.394374388338552,-8.448848697700766,-8.397211077558536,-6.913760803510968,-5.932454002256838,-6.253813445779803,-7.640011469330318,-5.731311208185883,-6.430684003813326,0
CCR2-decoy_206,Cc1cncc(CN(C)C(=O)NC(C(=O)N[C@@H](Cc2ccccc2)[C@@H](O)C[C@H](Cc2ccccc2)NC(=O)OCc2cccnc2)C(C)C)c1,-9.998,-8.488374388338555,-8.942848697700766,-8.121211077558536,-6.924760803510969,-6.575454002256837,-6.489813445779802,-7.299011469330319,-6.114311208185882,-6.505684003813327,0
CCR2-decoy_207,CCOP(=S)(OCC)Oc1ccc2c(c1)OC(=O)[C@]1(Cl)[C@@]2(C)[C@]2(Cl)C(=O)Oc3cc(OP(=S)(OCC)OCC)ccc3[C@]12C,-8.155,-7.398374388338555,-6.7068486977007655,-6.236211077558536,-5.934760803510969,-4.412454002256838,-5.009813445779803,-5.211011469330319,-3.932311208185882,-3.6796840038133274,0
CCR2-decoy_208,C=CCOc1cc(CN2C(=O)C(c3ccc(OC)c(OC)c3)=C(c3cc(OC)c(OC)c(OC)c3)C2=O)cc(OCC=C)c1OCC=C,-7.9,-6.391374388338554,-7.116848697700766,-5.085211077558537,-4.528760803510968,-4.385454002256838,-4.259813445779803,-5.070011469330319,-3.1593112081858825,-4.274684003813326,0
CCR2-decoy_209,CCCCCCNC(=O)Nc1ccc(CNC(=O)C[NH+]2CCc3cc(OC)c(OC)cc3C2Cc2ccc(OC)c(OC)c2)cc1,-8.317,-7.201374388338554,-6.9168486977007655,-6.591211077558537,-5.5087608035109685,-4.276454002256838,-5.384813445779804,-5.032011469330318,-4.112311208185882,-5.374684003813327,0
CCR2-decoy_21,COc1ccc2oc(=O)c(c3ccc(Br)nn3)cc2c1,-7.945,-6.831374388338554,-6.391848697700766,-5.626211077558536,-4.765760803510968,-4.333454002256838,-4.483813445779803,-5.248011469330319,-3.458311208185882,-4.6366840038133255,0
CCR2-decoy_210,CCCC(CCC)C(=O)Nc1ccn([C@@H]2O[C@H](CO[P@@](=O)(N[C@@H](C)C(=O)OC(C)C)Oc3ccccc3)[C@@H](O)[C@@]2(C)F)c(=O)n1,-9.335,-7.9773743883385535,-7.849848697700766,-7.446211077558537,-5.938760803510968,-5.427454002256837,-5.393813445779802,-6.253011469330319,-4.601311208185883,-5.021684003813327,0
CCR2-decoy_211,CCCC(C)C(=O)N[C@H](C(=O)N[C@H](C(=O)N[C@@H](Cc1ccccc1)[C@H](O)C(=O)N1CSC(C)(C)[C@H]1C(=O)NCC(C)C)C(C)(C)C)c1ccccc1,-10.056,-8.868374388338554,-8.302848697700766,-7.777211077558537,-6.743760803510968,-5.616454002256837,-5.988813445779803,-7.306011469330318,-5.770311208185882,-6.123684003813326,0
CCR2-decoy_212,CCC(c1ccccc1)C1(NC(=O)N[C@H](C(=O)N2C[C@H]3[C@@H]([C@H]2C(=O)NC(CC2CC2)C(=O)C(N)=O)C3(C)C)C(C)(C)C)CCCCC1,-10.286,-8.862374388338553,-8.323848697700766,-7.523211077558537,-7.000760803510968,-5.525454002256838,-6.163813445779804,-6.9630114693303184,-6.0153112081858815,-6.155684003813326,0
CCR2-decoy_213,COc1cc(C(=O)OCC(O[Si](C)(C)C(C)(C)C)c2cc(OC)c(OC)c(OC)c2I)cc(OC)c1OC,-7.193,-5.950374388338554,-5.011848697700766,-5.008211077558537,-4.4767608035109685,-3.442454002256838,-4.315813445779803,-4.513011469330319,-3.027311208185882,-3.964684003813327,0
CCR2-decoy_214,CCC/N=C/C1=Cc2cc3c(cc2[C@@H](c2cc(OC)c(OC)c(OC)c2)[C@@H]1C(=O)OCc1ccc(Cn2cnc4c(Cl)ncnc42)cc1)OCO3,-9.814,-8.456374388338554,-8.222848697700766,-7.580211077558536,-6.457760803510968,-6.345454002256837,-5.767813445779803,-7.843011469330319,-5.469311208185882,-6.895684003813326,0
CCR2-decoy_215,CCC[C@H](NC(=O)[C@@H]1CN(c2ccc(c3ccccc3)cc2)CN1C(=O)[C@@H](NC(=O)OC1CCCC1)C(C)(C)C)C(=O)C(=O)NC1CC1,-9.597,-8.453374388338554,-8.344848697700765,-7.818211077558537,-6.982760803510969,-5.906454002256838,-6.215813445779803,-8.11201146933032,-5.8583112081858815,-6.049684003813326,0
CCR2-decoy_216,COc1ccc(C[C@H](NC(=O)[C@H](Cc2ccccc2)N=[N+]=[N-])C(=O)N[C@@H](Cc2ccccc2)C(=O)N[C@@H](CC(C)C)C(=O)[C@@]2(C)CO2)cc1,-9.981,-8.665374388338554,-8.334848697700766,-7.442211077558536,-6.789760803510967,-5.412454002256837,-5.973813445779802,-7.580011469330319,-5.612311208185883,-5.632684003813326,0
CCR2-decoy_217,CCOC(=O)C1=C(C)NC(=S)NC1c1ccc(OCCCOc2ccc(C3NC(=S)NC(C)=C3C(=O)OCC)cc2OC)c(OC)c1,-8.015,-8.106374388338555,-6.485848697700765,-5.924211077558536,-5.406760803510968,-4.479454002256838,-4.647813445779803,-4.945011469330319,-4.350311208185882,-4.168684003813326,0
CCR2-decoy_218,CC(C)CCc1sc(NC(=O)c2cc(NC(=O)c3cc(/C=C/c4ccc([N+](=O)[O-])cc4)cn3C)cn2C)nc1C(=O)NCCC[NH+](C)C,-8.808,-7.747374388338555,-7.440848697700765,-7.064211077558536,-6.089760803510968,-5.079454002256838,-5.031813445779803,-5.661011469330319,-4.126311208185882,-4.781684003813327,0
CCR2-decoy_219,CCOC(=O)NCc1cccc(CC(=O)Nc2ccc(CCCCc3nnc(NC(=O)Cc4cccc(CNC(=O)OCC)c4)s3)nn2)c1,-8.75,-7.748374388338554,-7.291848697700766,-6.801211077558536,-5.969760803510969,-5.670454002256838,-4.740813445779803,-6.350011469330319,-3.9513112081858814,-5.405684003813326,0
CCR2-decoy_22,CCOC(=O)CCn1c2c(=O)ssc2c2ssc(=O)c21,-6.174,-5.553374388338554,-5.428848697700766,-4.532211077558537,-3.546760803510968,-2.7794540022568377,-3.271813445779803,-3.727011469330319,-2.902311208185882,-2.744684003813326,0
CCR2-decoy_220,CC(C)[C@H](NC(=O)CCc1cccnc1)C(=O)NC(Cc1ccc(OCc2ccccc2)cc1)C(=O)C(F)(F)C(=O)NCc1ccccc1,-10.212,-9.051374388338552,-8.963848697700765,-8.599211077558536,-7.229760803510969,-6.732454002256837,-6.353813445779803,-7.962011469330319,-6.030311208185882,-6.757684003813326,0
CCR2-decoy_222,CC(C)C[C@H](NC(=O)N1CCC(C(=O)Nc2ccc(Cl)cc2)CC1)C(=O)N[C@@H](Cc1ccccc1)C(=O)N[C@@H](CC(C)C)C(=O)[C@@]1(C)CO1,-10.616,-9.319374388338554,-8.939848697700766,-8.463211077558537,-7.419760803510968,-6.124454002256838,-6.401813445779803,-7.341011469330319,-5.972311208185882,-6.330684003813326,0
CCR2-decoy_223,CCOC(=O)c1c(C)oc2cc(OC(C)C)c(OCc3oc4cc(OC(C)C)c(OS(=O)(=O)[O-])cc4c3C(=O)OCC)cc12,-7.917,-7.635374388338555,-6.647848697700765,-6.186211077558536,-5.664760803510967,-4.268454002256838,-5.032813445779803,-5.519011469330319,-4.543311208185882,-4.969684003813326,0
CCR2-decoy_224,CN(C[C@H](Cc1ccccc1)N(C[C@H](Cc1ccccc1)N(CCc1cc(C(F)(F)F)cc(C(F)(F)F)c1)N=O)N=O)N=O,-9.989,-8.831374388338554,-8.584848697700766,-7.039211077558537,-6.3357608035109685,-5.703454002256837,-5.984813445779803,-7.377011469330318,-5.092311208185882,-6.084684003813326,0
CCR2-decoy_225,CO/N=C(\Cc1c[nH]c2ccc(Br)cc12)C(=O)NCCSSCCNC(=O)/C(Cc1c[nH]c2ccc(Br)cc12)=N/OC,-8.341,-7.115374388338554,-6.742848697700766,-6.4732110775585365,-5.083760803510968,-4.177454002256837,-4.187813445779803,-5.624011469330318,-3.694311208185882,-4.361684003813326,0
CCR2-decoy_226,Cn1c(Cc2nn(C)c(=O)c3ccccc23)nnc1S(=O)(=O)CCCCCCCC(=O)Nc1ccc(Br)cc1Br,-9.459,-8.112374388338553,-7.249848697700767,-6.772211077558536,-5.959760803510967,-4.764454002256837,-5.568813445779803,-6.246011469330318,-5.420311208185883,-5.127684003813327,0
CCR2-decoy_227,O=C(NCCSSCCNC(=O)/C(Cc1ccc(OC2CCCC2)cc1)=N/O)/C(Cc1ccc(OC2CCCC2)cc1)=N\O,-8.535,-7.450374388338554,-7.595848697700767,-6.890211077558536,-5.927760803510967,-5.029454002256838,-4.562813445779803,-5.889011469330319,-4.226311208185883,-4.851684003813327,0
CCR2-decoy_228,Cc1ncc(COC(=O)N[C@@H](Cc2ccccc2)C[C@H](O)[C@H](Cc2ccccc2)NC(=O)C(NC(=O)N(C)Cc2csc(C(C)C)n2)C(C)C)s1,-10.373,-8.642374388338554,-8.436848697700766,-8.168211077558537,-6.838760803510969,-5.997454002256838,-5.760813445779803,-6.811011469330319,-5.687311208185882,-6.125684003813326,0
CCR2-decoy_229,COc1ccccc1Oc1c(NS(=O)(=O)Cc2ccccc2)nc(c2ncccn2)nc1OCCOc1ncc(Br)cn1,-10.018,-8.463374388338554,-8.206848697700766,-7.690211077558537,-6.4767608035109685,-5.642454002256837,-5.873813445779803,-7.498011469330319,-5.212311208185882,-6.025684003813327,0
CCR2-decoy_23,O=C(OCC(=O)N1CCN(c2ccccc2)CC1)c1cccc(Cl)c1,-8.68,-8.036374388338555,-8.127848697700767,-7.112211077558536,-5.736760803510968,-5.152454002256837,-5.335813445779802,-6.38401146933032,-5.081311208185882,-5.307684003813327,0
CCR2-decoy_230,COc1ccc(S(=O)(=O)N(CC(C)C)C[C@@H](O)[C@H](Cc2ccccc2)NC(=O)c2ccc3c(c2)[C@H](NC(=O)OC(C)(C)C)CCS3(=O)=O)cc1,-10.265,-8.886374388338554,-8.571848697700766,-7.656211077558536,-6.686760803510968,-6.174454002256837,-6.129813445779803,-7.329011469330318,-5.934311208185882,-6.194684003813327,0
CCR2-decoy_231,Cc1ccc(S(=O)(=O)N2C(C)C2CO[C@@H]2O[C@@H]3CO[C@H](c4ccccc4)O[C@@H]3[C@H](OCc3ccccc3)[C@H]2OCc2ccccc2)cc1,-11.508,-10.363374388338556,-9.715848697700766,-9.320211077558536,-8.387760803510968,-7.113454002256837,-7.853813445779803,-9.12201146933032,-7.1563112081858815,-8.335684003813327,0
CCR2-decoy_232,CCOC(=O)C(NC(=O)OC1(c2ccc(OC)cc2)OC(=O)C(c2ccc3c(c2)OCO3)=C1Cc1cc(OC)c(OC)c(OC)c1)C(C)C,-9.138,-7.593374388338553,-8.110848697700765,-6.587211077558536,-6.034760803510968,-5.151454002256838,-6.326813445779804,-6.970011469330318,-4.930311208185882,-5.426684003813326,0
CCR2-decoy_233,CC(C)c1nc(CN(C)C(=O)NC(C(=O)N[C@@H](Cc2ccccc2)C[C@H](O)[C@H](Cc2ccccc2)NC(=O)OCc2ccno2)C(C)C)co1,-10.122,-8.756374388338553,-8.850848697700766,-8.154211077558536,-7.140760803510968,-6.304454002256838,-5.917813445779803,-7.269011469330319,-5.697311208185882,-6.238684003813326,0
CCR2-decoy_234,CCOC(=O)[C@H](Cc1c[nH]c2ccccc12)NP(=O)(OC[C@H]1O[C@@H](n2cc(/C=C/Br)c(=O)[nH]c2=O)C[C@@H]1O)Oc1ccccc1,-10.474,-8.974374388338553,-8.969848697700765,-7.991211077558537,-6.879760803510969,-6.359454002256838,-6.071813445779803,-7.157011469330319,-5.714311208185883,-5.957684003813327,0
CCR2-decoy_235,CCCCOc1ccc(S(=O)(=O)N(Cc2ccc(N(CC(=O)OC)S(C)(=O)=O)cc2)c2ccc(CN(Cc3ccccc3)S(C)(=O)=O)cc2)cc1,-9.094,-7.823374388338554,-6.561848697700766,-6.520211077558537,-6.153760803510968,-4.267454002256837,-4.775813445779803,-5.393011469330319,-4.5663112081858825,-4.961684003813327,0
CCR2-decoy_236,CC(C)c1nc(COC(=O)NC(C(=O)N[C@@H](Cc2ccccc2)[C@@H](O)C[C@H](Cc2ccccc2)NC(=O)OCc2cccnc2)C(C)C)cs1,-10.544,-8.615374388338553,-8.844848697700765,-8.662211077558537,-6.654760803510968,-6.538454002256838,-5.940813445779803,-7.278011469330318,-5.7493112081858815,-5.900684003813327,0
CCR2-decoy_237,COc1ccc(C(=O)c2ccc(OCC(=O)N3CCC(CCCC4CCN(C(=S)Nc5ccc(F)cc5)CC4)CC3)cc2)c(OC)c1,-8.653,-8.666374388338554,-7.921848697700765,-7.789211077558537,-6.816760803510968,-5.607454002256837,-6.109813445779803,-5.980011469330318,-4.940311208185882,-5.808684003813326,0
CCR2-decoy_238,Cc1ccc(S(=O)(=O)N2CC2(C)CO[C@@H]2O[C@@H]3CO[C@H](c4ccccc4)O[C@@H]3[C@H](OCc3ccccc3)[C@H]2OCc2ccccc2)cc1,-11.99,-10.379374388338556,-9.835848697700763,-9.276211077558536,-8.726760803510969,-7.323454002256838,-7.718813445779803,-8.959011469330319,-6.907311208185883,-7.382684003813326,0
CCR2-decoy_239,CC(C)C[C@H](NC(=O)OCc1ccccc1)C(=O)N[C@@H](CC(C)C)C(=O)N[C@@H](CC(C)C)C(O)C(=O)N1CCc2ccccc2C1,-10.408,-8.698374388338554,-8.247848697700766,-8.144211077558536,-6.8357608035109685,-6.059454002256837,-6.090813445779803,-7.192011469330319,-5.772311208185883,-5.983684003813327,0
CCR2-decoy_24,CN(C)c1ccc(C=C2C(=O)OC(C)(C)OC2=O)cc1Br,-8.012,-6.571374388338554,-6.647848697700765,-5.581211077558536,-5.0777608035109685,-3.8804540022568377,-4.509813445779803,-5.005011469330319,-3.3473112081858822,-4.021684003813326,0
CCR2-decoy_240,COc1ccc(N2C(=O)CC(=O)N(C(=O)CCCCCCCCC(=O)N3C(=O)CC(=O)N(c4ccc(OC)cc4)C3=S)C2=S)cc1,-8.512,-7.214374388338554,-6.177848697700766,-6.0422110775585365,-5.656760803510968,-3.650454002256837,-4.968813445779803,-5.545011469330319,-3.9303112081858815,-4.126684003813327,0
CCR2-decoy_241,CCC[NH2+][C@@](C)(CO[C@H]1[C@H](n2ncnc2C(N)=O)C[C@@]23COC[C@@]1(C)[C@@H]2CC[C@H]1C3=CC[C@@]2(C)[C@H](C(=O)[O-])[C@@](C)([C@H](C)C(C)C)CC[C@]12C)C(C)C,-8.769,-8.258374388338554,-7.835848697700765,-6.537211077558537,-6.328760803510969,-5.475454002256837,-5.520813445779803,-6.137011469330318,-5.156311208185882,-4.782684003813326,0
CCR2-decoy_242,CC1(C)C(=O)N(c2ccc(C#N)c(C(F)(F)F)c2)C(=S)N1CCCn1cc(COCCCOC(=O)CC23CC4CC(CC(C4)C2)C3)nn1,-8.487,-8.051374388338553,-6.867848697700766,-6.657211077558536,-5.503760803510968,-4.890454002256838,-5.307813445779804,-6.276011469330319,-5.090311208185883,-5.093684003813326,0
CCR2-decoy_243,CC(C)C[C@H](NC(=O)[C@H](CC(C)C)NC(=O)N1CCCCC1)C(=O)N[C@@H](Cc1c[nH]c2ccccc12)C(=O)N1CCC[C@H]1COc1ccc(F)cc1,-10.358,-9.696374388338556,-9.172848697700768,-8.722211077558537,-7.816760803510968,-6.175454002256837,-6.451813445779804,-7.6040114693303185,-6.085311208185882,-6.933684003813326,0
CCR2-decoy_244,O=[N+]([O-])c1ccc(COP(=O)(N(CCBr)CCBr)N(CCBr)CCBr)o1,-6.214,-5.275374388338554,-5.2308486977007655,-4.043211077558537,-3.068760803510968,-2.8404540022568376,-2.630813445779803,-3.788011469330319,-2.3223112081858828,-2.651684003813326,0
CCR2-decoy_245,CNC(=O)CCc1cn(Cc2ccc(C(=O)NS(=O)(=O)c3ccccc3C)cc2OC)c2cc(C(=O)NCC3CCCC3)ccc12,-10.352,-8.221374388338553,-7.950848697700765,-8.053211077558537,-7.463760803510969,-6.3694540022568376,-5.877813445779802,-7.371011469330318,-4.271311208185883,-6.436684003813326,0
CCR2-decoy_246,CC(=O)OCOC(=O)c1ccc(/C(Cl)=C/[C@@H]2C=C(C)C[C@H]3C[C@H](CCn4cc(Cc5ccccc5)nn4)C=C[C@@]23C(=O)OCOC(C)=O)cc1,-9.922,-9.134374388338554,-8.616848697700766,-8.500211077558536,-6.902760803510969,-6.247454002256838,-6.514813445779803,-8.146011469330318,-6.444311208185882,-6.548684003813326,0
CCR2-decoy_247,CCC[C@@H]([C@@H](CC1CCCCC1)C(=O)N[C@H](C(=O)Nc1nccs1)C(C)(C)SCCNC(=O)OCc1ccccn1)N(O)C=O,-8.859,-7.528374388338554,-7.200848697700765,-7.416211077558536,-5.599760803510968,-4.384454002256837,-5.276813445779803,-6.162011469330318,-4.537311208185883,-5.033684003813326,0
CCR2-decoy_248,C=C(C)[C@@H]1CC[C@]2(C(=O)NCCCCCC(=O)NCC(=O)NCC(=O)[O-])CC[C@]3(C)[C@H](CC[C@@H]4[C@@]5(C)CC[C@H](O)C(C)(C)[C@@H]5CC[C@]43C)[C@@H]12,-10.425,-8.260374388338555,-9.010848697700766,-8.169211077558536,-7.776760803510967,-6.668454002256837,-6.741813445779803,-6.555011469330319,-5.587311208185882,-5.137684003813327,0
CCR2-decoy_249,CC(C)c1nc(CN(C)C(=O)N[C@@H](CCO)C(=O)N[C@H](CC[C@H](Cc2ccccc2)NC(=O)OCc2cncs2)Cc2ccccc2)cs1,-9.34,-8.024374388338554,-8.313848697700767,-7.433211077558536,-6.551760803510968,-5.586454002256838,-5.546813445779803,-6.609011469330319,-5.4223112081858815,-5.464684003813327,0
CCR2-decoy_25,CC1(C)Cc2cccc(OCC(=O)N3CCN(c4ccccc4)CC3)c2O1,-9.573,-8.687374388338554,-8.651848697700766,-8.025211077558536,-5.900760803510968,-6.036454002256837,-5.771813445779802,-6.922011469330318,-5.565311208185882,-6.069684003813327,0
CCR2-decoy_250,CC(C)C(NC(=O)N(C)Cc1csc(C(C)(C)C)n1)C(=O)N[C@@H](Cc1ccccc1)C[C@H](O)[C@H](Cc1ccccc1)NC(=O)OCc1cccnc1,-10.481,-8.589374388338554,-8.644848697700766,-7.930211077558537,-6.955760803510968,-6.300454002256837,-5.9028134457798025,-7.165011469330318,-5.944311208185882,-6.268684003813327,0
CCR2-decoy_251,CCCCCCCCCC(=O)O[C@@]12[C@H](OC(=O)c3ccccc3)[C@@H](C)[C@@]3(O)[C@@H](C=C(CO)C[C@]4(O)C(=O)C(C)=C[C@@H]34)[C@@H]1C2(C)C,-8.243,-7.738374388338554,-7.239848697700765,-6.791211077558536,-5.766760803510968,-4.657454002256838,-5.125813445779803,-6.462011469330319,-4.4173112081858825,-4.011684003813326,0
CCR2-decoy_252,COc1cc(/C=C/c2cc(/C=C/c3cc(OC)c(OC)c(OC)c3)nc(OCCCCCCSC(N)=[NH2+])n2)cc(OC)c1OC,-7.242,-6.518374388338554,-5.806848697700766,-5.638211077558537,-4.448760803510968,-3.625454002256838,-3.840813445779803,-5.065011469330319,-3.2393112081858826,-3.7616840038133263,0
CCR2-decoy_253,CO[C@@H](CC(C)C)[C@H](O)[C@H](CC1CCCCC1)NC(=O)[C@H](Cc1cscn1)NC(=O)C(Cc1ccccc1)CS(=O)(=O)c1ccccc1,-9.402,-8.678374388338554,-8.088848697700765,-7.633211077558537,-6.522760803510968,-6.067454002256838,-6.041813445779804,-6.757011469330319,-5.939311208185883,-5.294684003813327,0
CCR2-decoy_254,Cc1cn([C@H]2C[C@H](N=[N+]=[N-])[C@@H](COP(=O)(OCCS(=O)(=O)c3ccccc3)Oc3ccc(Cl)cc3)O2)c(=O)[nH]c1=O,-9.902,-9.054374388338552,-8.805848697700766,-8.133211077558537,-7.105760803510968,-5.881454002256838,-6.259813445779804,-7.554011469330319,-5.782311208185883,-6.351684003813327,0
CCR2-decoy_255,COC(=O)[C@@H](NC(=O)[C@H](CC(C)C)NC(=O)N(Cc1ccccc1)C[C@@H](O)[C@H](Cc1ccccc1)NC(=O)[C@H](C)NC(=O)OC(C)(C)C)C(C)C,-9.486,-8.013374388338555,-7.635848697700766,-7.491211077558537,-6.438760803510968,-5.442454002256838,-5.373813445779803,-6.350011469330319,-5.245311208185882,-5.574684003813326,0
CCR2-decoy_256,CCCN(CCC)C(=O)c1cccc(C(=O)N[C@@H](Cc2ccccc2)[C@H](O)C[NH+]2C[C@H]3CCCC[C@H]3C[C@H]2C(=O)NC(C)(C)C)c1,-9.908,-9.265374388338554,-8.402848697700765,-8.198211077558536,-7.842760803510968,-6.405454002256837,-6.315813445779803,-7.455011469330319,-5.993311208185883,-6.298684003813326,0
CCR2-decoy_257,CCN(CCCl)c1ccc(NC(=O)c2cc(C(=O)NCC[NH+](C)C)cc(C(=O)Nc3ccc(N(CC)CCCl)cc3)c2)cc1,-7.15,-5.750374388338554,-6.062848697700765,-5.250211077558537,-4.5697608035109685,-3.5454540022568377,-4.203813445779803,-4.608011469330319,-2.9173112081858825,-3.417684003813326,0
CCR2-decoy_258,CCOC(=O)[C@H](Cc1ccccc1)NP(=O)(N[C@@H](Cc1ccccc1)C(=O)OCC)c1ccc(c2nc(N)sc2CC(C)C)o1,-9.201,-8.464374388338554,-8.179848697700766,-7.107211077558537,-6.287760803510968,-5.713454002256837,-5.750813445779803,-6.564011469330319,-4.850311208185882,-5.682684003813327,0
CCR2-decoy_259,COc1cc(C2=NOC(COCc3cn(Cc4cc(c5ccc(C)cc5)cnc4N4CCOCC4)nn3)C2)cc(OC)c1OC,-9.402,-8.341374388338554,-7.9518486977007665,-8.157211077558536,-5.6337608035109685,-5.252454002256837,-5.762813445779804,-7.170011469330319,-5.053311208185883,-5.594684003813326,0
CCR2-decoy_26,CC(C)(Sc1nc2cc(Br)ccc2s1)C(=O)[O-],-6.766,-5.983374388338554,-5.806848697700766,-4.620211077558537,-3.365760803510968,-3.0854540022568377,-2.9558134457798038,-4.576011469330319,-2.8193112081858827,-3.550684003813326,0
CCR2-decoy_260,CC(C)CN([C@H](CO)CCCCNC(=O)CN(Cc1ccccc1[N+](=O)[O-])c1ccccc1)S(=O)(=O)c1ccc(N)cc1,-8.431,-7.345374388338554,-7.605848697700766,-6.442211077558536,-5.4367608035109685,-5.288454002256838,-4.993813445779803,-5.964011469330318,-4.741311208185882,-4.875684003813326,0
CCR2-decoy_261,COc1ccc(C2=C(c3ccc(OC)c(OC)c3)C(=O)N(CC(=O)c3ccc(OCc4ccccc4)c(OC)c3)C2=O)cc1OC,-9.334,-7.834374388338555,-7.723848697700765,-6.966211077558537,-6.116760803510967,-4.795454002256838,-5.555813445779803,-5.971011469330319,-4.750311208185883,-5.961684003813327,0
CCR2-decoy_262,CCOC(=O)c1c(C)oc2cc(OCc3cccc(OC(C)C)c3)c(OCc3oc4cc(OC)c(OS(=O)(=O)[O-])cc4c3C(=O)OCC)cc12,-8.809,-7.805374388338555,-7.408848697700765,-7.087211077558536,-6.214760803510968,-4.896454002256837,-5.683813445779803,-6.636011469330319,-4.479311208185882,-5.449684003813326,0
CCR2-decoy_263,COC(=O)[C@H](NC(=O)[C@@H](CC(C)C)NC(=O)N(CC(C)C)C[C@@H](O)[C@@H](Cc1ccccc1)NC(=O)OC(C)(C)C)C(C)C,-8.719,-7.733374388338554,-7.782848697700766,-6.654211077558536,-5.698760803510968,-5.156454002256838,-4.956813445779803,-6.390011469330318,-4.794311208185882,-5.032684003813326,0
CCR2-decoy_264,CCOc1nc(N)nc2c1ncn2[C@@H]1O[C@](F)(COP(=O)(N[C@@H](C)C(=O)OCC(C)C)Oc2cccc3ccccc23)[C@@H](O)[C@@]1(C)F,-9.977,-8.945374388338553,-9.251848697700764,-8.085211077558537,-6.972760803510969,-6.652454002256837,-6.631813445779804,-7.427011469330319,-5.947311208185882,-6.547684003813327,0
CCR2-decoy_265,CCCS(=O)(=O)c1cc(C2CC[C@@H](c3cc(OC)c(OC)c(OC)c3)O2)cc(OC)c1OCCSc1ccc(C#N)cc1,-8.073,-7.447374388338554,-7.083848697700766,-6.1142110775585365,-4.953760803510968,-4.707454002256838,-4.179813445779803,-5.59901146933032,-3.785311208185882,-5.127684003813327,0
CCR2-decoy_266,CCCCCCCC[C@H](O)/C=C/C=C/C(=O)O[C@@]12C[C@@H](C)[C@@]3(O)[C@@H](C=C(CO)C[C@]4(O)C(=O)C(C)=C[C@H]43)[C@@H]1[C@@]2(C)COC(C)=O,-7.233,-6.511374388338554,-6.762848697700766,-5.435211077558536,-4.766760803510968,-3.6544540022568377,-4.459813445779803,-5.104011469330319,-4.039311208185882,-3.7536840038133263,0
CCR2-decoy_267,COC(=O)CCCC1(CCCC(=O)OC)CCCCCCCCC(CCCC(=O)OC)(CCCC(=O)OC)C(=O)C1=O,-5.764,-4.720374388338554,-3.9968486977007656,-3.352211077558536,-2.671760803510968,-2.155454002256837,-2.320813445779802,-3.1840114693303185,-1.8803112081858824,-2.2506840038133262,0
CCR2-decoy_268,CCOC(=O)/C=C/[C@H](CCC(=O)NC(c1ccccc1)(c1ccccc1)c1ccccc1)NC(=O)[C@@H](NC(=O)OC(C)(C)C)c1ccccc1,-9.762,-8.388374388338555,-8.250848697700766,-7.558211077558536,-5.967760803510968,-6.003454002256838,-5.990813445779804,-6.643011469330318,-5.806311208185882,-5.781684003813327,0
CCR2-decoy_269,CCCS(=O)(=O)c1cc(C2CC[C@@H](c3cc(OC)c(OC)c(OC)c3)O2)cc(OC)c1OCCSc1ccncc1,-8.162,-7.296374388338554,-6.974848697700766,-6.486211077558536,-5.071760803510968,-4.716454002256837,-4.600813445779803,-5.410011469330319,-3.908311208185882,-4.574684003813326,0
CCR2-decoy_27,O=C(OCc1ccccc1)[C@@H]1COC(c2ccc(Br)nc2)=N1,-8.73,-7.293374388338554,-7.688848697700767,-6.754211077558537,-5.6017608035109685,-5.140454002256838,-5.253813445779803,-6.523011469330319,-4.608311208185882,-5.114684003813327,0
CCR2-decoy_270,CCOC(=O)[C@@H](NP(=O)(OC[C@H]1O[C@@H](n2cc(/C=C/Br)c(=O)[nH]c2=O)C[C@@H]1O)Oc1cccc2ccccc12)C(C)C,-9.068,-8.796374388338554,-8.788848697700766,-7.549211077558537,-6.597760803510969,-6.406454002256838,-5.889813445779803,-7.581011469330319,-5.116311208185882,-6.119684003813326,0
CCR2-decoy_271,CC(C)(C)OC(=O)N[C@@H](Cc1ccccc1)[C@@H](O)C[C@@H](Cc1ccc(CCC[N+](C)(C)C)cc1)C(=O)N[C@H]1c2ccccc2C[C@H]1O,-9.497,-8.589374388338554,-8.616848697700766,-7.647211077558536,-7.062760803510969,-6.623454002256837,-6.451813445779804,-7.534011469330318,-5.702311208185883,-6.435684003813327,0
CCR2-decoy_273,COc1ccc(n2c3cssc-3c(NC(=O)NCCOC(=O)CCCCC(=O)c3c(O)cc(C)oc3=O)c2=O)c(OC)c1,-8.638,-7.474374388338553,-6.8928486977007655,-6.540211077558537,-5.777760803510969,-4.687454002256837,-4.994813445779803,-5.847011469330319,-4.052311208185882,-4.998684003813326,0
CCR2-decoy_274,Cc1cncc(CN(C)C(=O)NC(C(=O)N[C@@H](Cc2ccccc2)[C@@H](O)C[C@H](Cc2ccccc2)NC(=O)OCc2cccnc2)C(C)C)n1,-10.492,-8.794374388338554,-9.084848697700766,-8.402211077558537,-6.922760803510968,-6.673454002256838,-6.2248134457798034,-7.669011469330318,-5.883311208185882,-6.807684003813327,0
CCR2-decoy_275,CC(C)C(NC(=O)N(C)Cc1cscn1)C(=O)N[C@@H](Cc1ccccc1)[C@@H](O)C[C@H](Cc1ccccc1)NC(=O)OCc1cccnc1,-9.906,-8.293374388338554,-8.864848697700765,-8.087211077558536,-6.682760803510968,-6.367454002256837,-5.9958134457798025,-7.369011469330319,-5.864311208185882,-6.521684003813327,0
CCR2-decoy_276,COc1ccc(/C=C/C(=O)/C=C/c2ccc(OCc3cn(CCCCCOc4cc(=O)oc5ccccc45)nn3)c(OC)c2)cc1,-8.646,-8.045374388338555,-7.764848697700765,-7.932211077558536,-6.141760803510968,-5.354454002256837,-5.552813445779803,-6.391011469330319,-5.1033112081858825,-6.2776840038133255,0
CCR2-decoy_277,CCOC(=O)/C=C1\NC(=O)[C@@H]1[C@@H](C)OC(=O)c1cc(OCc2ccccc2)c(OCc2ccccc2)c(OCc2ccccc2)c1,-9.865,-7.984374388338553,-7.801848697700766,-7.925211077558536,-6.240760803510968,-6.048454002256838,-5.968813445779803,-7.113011469330319,-5.707311208185882,-6.394684003813326,0
CCR2-decoy_278,C=CCOC1C[C@H](OCc2ccccc2)C[C@@H](/C=C/c2c(C(C)C)nc(N(C)S(C)(=O)=O)nc2c2ccc(F)cc2)O1,-10.167,-9.652374388338554,-8.893848697700765,-7.997211077558536,-6.932760803510968,-6.3214540022568375,-6.557813445779804,-7.064011469330319,-6.094311208185882,-6.281684003813327,0
CCR2-decoy_279,CCc1cn2c3c(cc(C(=O)N[C@@H](Cc4ccccc4)[C@H](O)C[NH2+]C(C)(C)CCCC(C)C)cc13)N(C)S(=O)(=O)CC2,-8.154,-7.355374388338554,-7.443848697700766,-6.520211077558537,-5.667760803510968,-4.884454002256838,-4.971813445779803,-6.037011469330318,-4.114311208185883,-4.747684003813326,0
CCR2-decoy_28,CSc1nnc(SC2=C([O-])CC(c3ccccc3)CC2=O)s1,-8.573,-8.181374388338554,-7.796848697700765,-7.113211077558537,-5.304760803510968,-5.284454002256837,-5.282813445779803,-6.114011469330318,-4.339311208185882,-5.103684003813326,0
CCR2-decoy_280,COc1ccc(c2cc3ccc(OCCCCCn4cc(CNC(=O)CCCCC5CCSS5)nn4)cc3oc2=O)cc1,-8.278,-7.363374388338554,-7.008848697700766,-5.924211077558536,-5.224760803510968,-4.268454002256838,-4.128813445779803,-6.058011469330319,-3.780311208185882,-4.867684003813327,0
CCR2-decoy_281,CC(C)(C)OC(=O)N[C@@H](CC(=O)OCc1ccccc1)C(=O)N[C@@H](CCCC[NH2+]C(=O)OCc1ccccc1)C(=O)OC(C)(C)C,-8.906,-7.480374388338554,-7.642848697700765,-6.579211077558536,-5.674760803510969,-4.733454002256838,-5.081813445779803,-6.521011469330318,-4.1833112081858825,-5.354684003813325,0
CCR2-decoy_282,CS(=O)(=O)N(c1ccc(F)cc1)c1cc(C(=O)N[C@@H](Cc2ccccc2)[C@H](O)C[NH2+]Cc2cccc(C(F)(F)F)c2)cc(N2CCCC2=O)c1,-11.158,-9.617374388338554,-9.297848697700768,-9.071211077558536,-7.099760803510968,-7.118454002256838,-7.021813445779802,-8.34601146933032,-6.314311208185883,-6.997684003813326,0
CCR2-decoy_283,CC(C)(C)NC(=O)Cc1cccc(CC(=O)Nc2ccc(CCCCc3nnc(NC(=O)Cc4ccccc4)s3)nn2)c1,-9.55,-8.790374388338554,-7.563848697700767,-7.122211077558536,-6.8197608035109685,-5.861454002256837,-6.808813445779803,-6.888011469330319,-4.571311208185882,-5.979684003813325,0
CCR2-decoy_284,COc1ccc(C(=O)N(CC(C)(C)C)c2cccc(C)n2)c(N2CCC(COc3cccc(C(CC(=O)[O-])OC)c3)CC2)c1,-9.439,-8.402374388338554,-7.577848697700766,-7.163211077558536,-6.159760803510968,-5.569454002256837,-5.833813445779803,-6.435011469330318,-5.192311208185882,-5.808684003813326,0
CCR2-decoy_285,COc1ccc(CCn2c(C(=O)N(C)C)c(c3cc(OC)c(OC)c(OC)c3)c(c3cc(OC)c(OC)c(OC)c3)c2C(=O)N(C)C)cc1,-7.684,-5.128374388338554,-6.336848697700765,-5.376211077558536,-4.597760803510968,-3.5134540022568377,-3.919813445779803,-4.207011469330319,-3.2413112081858824,-2.5326840038133263,0
CCR2-decoy_286,COc1ccc2c(c1)c(CC(N)=O)c(C)n2Cc1ccccc1OCCCOc1ccccc1Cn1c(C)c(CC(N)=O)c2cc(OC)ccc21,-9.179,-7.968374388338553,-8.108848697700767,-6.584211077558537,-5.853760803510967,-5.223454002256837,-4.680813445779803,-6.112011469330319,-4.322311208185883,-5.874684003813327,0
CCR2-decoy_287,Cc1cc(N)cc(C)c1OCC(=O)N[C@@H](Cc1ccccc1)C[C@H](O)[C@H](Cc1ccccc1)NC(=O)OC1COC2OCCC12,-10.299,-8.974374388338553,-9.792848697700766,-8.756211077558536,-7.138760803510968,-6.799454002256837,-6.593813445779803,-7.698011469330318,-6.295311208185883,-6.522684003813327,0
CCR2-decoy_288,C=CC[C@@H](CC(=O)N[C@@H](CO)Cc1ccccc1)C(=O)NC[C@@H](OC(=O)[C@@H](CC=C)CC(=O)OC(C)(C)C)c1ccccc1,-8.687,-7.622374388338555,-7.614848697700765,-6.780211077558537,-5.919760803510968,-5.021454002256837,-5.2938134457798025,-6.229011469330319,-4.749311208185882,-5.340684003813326,0
CCR2-decoy_29,CSc1ccc(Cl)c(C(=O)OCC(=O)N2CC(C)OC(C)C2)c1,-7.697,-7.044374388338554,-7.056848697700765,-5.728211077558536,-5.097760803510968,-4.360454002256837,-4.791813445779803,-5.388011469330319,-3.993311208185882,-4.137684003813327,0
CCR2-decoy_290,CC(C)C[C@H](NC(=O)c1cc2c(OC(C)C)cccc2[nH]1)C(=O)N[C@@H](C[C@@H]1CCNC1=O)C(=O)c1nc2ccccc2s1,-10.34,-8.914374388338555,-9.064848697700766,-8.416211077558536,-7.041760803510968,-7.116454002256837,-7.017813445779803,-7.551011469330319,-5.923311208185883,-6.620684003813325,0
CCR2-decoy_291,COc1cc(C2=NOC(COCc3cn(Cc4cc(c5ccccc5)cnc4N4CCSCC4)nn3)C2)cc(OC)c1OC,-9.698,-8.607374388338554,-8.174848697700765,-6.834211077558537,-6.233760803510968,-5.406454002256838,-5.9508134457798025,-6.692011469330319,-5.113311208185882,-5.380684003813327,0
CCR2-decoy_292,Cc1c(C)c(S(=O)(=O)N(CCCCN2C(=O)c3ccccc3C2=O)OCCCN2C(=O)c3ccccc3C2=O)c(C)c2c1OC(C)(C)CC2,-10.229,-9.231374388338557,-9.035848697700766,-8.338211077558537,-6.9447608035109685,-7.277454002256837,-7.338813445779802,-7.278011469330318,-5.918311208185882,-5.644684003813326,0
CCR2-decoy_293,COc1ccc(CN(CC(=O)NCCCC[C@@H](CO)N(CC(C)C)S(=O)(=O)c2ccc(N)cc2)c2ccccc2)cc1,-8.646,-7.770374388338554,-7.495848697700765,-6.305211077558537,-5.058760803510968,-4.528454002256837,-4.342813445779803,-6.169011469330318,-4.274311208185883,-4.653684003813327,0
CCR2-decoy_294,COC(=O)[C@@H](NC(=O)[C@H](CC(C)C)NC(=O)N(Cc1ccccc1)C[C@@H](O)[C@@H](Cc1ccccc1)NC(=O)OC(C)(C)C)C(C)C,-9.522,-7.728374388338555,-8.333848697700766,-7.368211077558536,-6.199760803510968,-5.617454002256837,-5.478813445779803,-6.417011469330319,-5.486311208185882,-5.698684003813327,0
CCR2-decoy_295,COc1cc(c2cc(COCc3cn(Cc4cc(c5ccc(C)cc5)cnc4N4CCOCC4)nn3)on2)cc(OC)c1OC,-10.155,-7.8683743883385535,-7.728848697700766,-8.150211077558536,-5.753760803510968,-4.957454002256837,-5.816813445779802,-6.938011469330318,-4.842311208185882,-5.590684003813326,0
CCR2-decoy_296,CC(C)c1nc(CN(C)C(=O)NC(C(=O)N[C@@H](Cc2ccccc2)C[C@H](O)[C@H](Cc2ccccc2)NC(=O)OCc2cccnc2)C(C)C)cs1,-10.264,-8.638374388338555,-8.769848697700766,-8.247211077558536,-6.721760803510968,-6.410454002256838,-6.0438134457798025,-7.2930114693303185,-5.963311208185882,-6.275684003813327,0
CCR2-decoy_297,CC(Cc1c[nH]c2ccccc12)(NC(=O)OC1[C@H]2C[C@@H]3C[C@@H](C[C@H]1C3)C2)C(=O)NCC[C@H](NC(=O)CCC(=O)[O-])c1ccccc1,-10.771,-9.059374388338554,-9.501848697700764,-8.500211077558536,-6.699760803510968,-6.686454002256838,-6.587813445779803,-8.33601146933032,-6.870311208185882,-6.166684003813327,0
CCR2-decoy_298,O=C(N[C@@H](Cc1ccccc1)P(=O)(O)[C@@H]1CCC[C@H]1C(=O)N[C@@H](Cc1c[nH]c2ccccc12)C(=O)[O-])OCc1ccccc1,-10.966,-9.104374388338554,-9.338848697700763,-8.483211077558536,-7.484760803510968,-7.133454002256837,-6.962813445779803,-7.992011469330318,-6.913311208185883,-7.139684003813326,0
CCR2-decoy_299,C=C(C)[C@@H]1CC[C@]2(COC(=O)CC(C)CC(=O)[O-])CC[C@]3(C)[C@H](CC[C@@H]4[C@@]5(C)CC[C@H](OC(=O)CC(C)CC(=O)[O-])C(C)(C)[C@@H]5CC[C@]43C)[C@@H]12,-9.742,-9.117374388338554,-8.138848697700766,-7.711211077558536,-7.399760803510968,-5.965454002256838,-6.014813445779803,-7.002011469330318,-5.528311208185883,-5.295684003813326,0
CCR2-decoy_3,O=C([O-])CC[C@H]1CC[C@]2(CC1)OO[C@]1(O2)C2CC3CC(C2)CC1C3,-9.139,-7.888374388338555,-7.599848697700766,-6.892211077558537,-5.690760803510969,-4.764454002256837,-5.196813445779803,-6.60201146933032,-5.202311208185883,-5.172684003813327,0
CCR2-decoy_30,COC1(OC)C2(Cl)C(Cl)=C(Cl)C1(Cl)C1COCC12,-6.415,-5.643374388338554,-5.798848697700766,-4.2232110775585365,-3.419760803510968,-2.9524540022568377,-2.328813445779802,-4.121011469330319,-2.7223112081858822,-2.9456840038133265,0
CCR2-decoy_300,CC(C)(CN1C(=O)c2cccc3cccc(c23)C1=O)C[N+](C)(C)CCCCCCCCCC[N+](C)(C)CC#CCOC1=NOCC1,-7.93,-7.076374388338554,-5.594848697700765,-5.271211077558537,-5.315760803510968,-4.116454002256837,-4.012813445779803,-4.670011469330319,-4.213311208185883,-4.052684003813327,0
CCR2-decoy_301,C=CCO/N=C(\Cn1c(=O)c2cc(CC)sc2n(Cc2ccc(c3ccccc3c3nc(=O)o[nH]3)cc2)c1=O)c1ccc(OC)cc1,-10.291,-8.945374388338553,-8.371848697700766,-7.615211077558536,-6.703760803510969,-6.013454002256838,-6.484813445779803,-7.80701146933032,-5.908311208185882,-6.080684003813326,0
CCR2-decoy_302,CC(C)(C)OC(=O)N[C@@H](Cc1ccccc1)C[C@H](O)[C@H](Cc1ccccc1)NC(=O)c1ccccc1NC(=O)OCc1ccccn1,-10.082,-8.826374388338554,-9.181848697700763,-7.961211077558536,-6.966760803510969,-6.776454002256838,-6.568813445779803,-7.925011469330318,-6.039311208185882,-6.976684003813327,0
CCR2-decoy_303,COc1cc(OC)cc([C@@H](C(=O)N2CCCC[C@H]2C(=O)O[C@H](CCc2ccc(OC)c(OC)c2)c2cccc(OCC(=O)[O-])c2)C2CCCCC2)c1,-9.547,-8.902374388338554,-7.673848697700766,-7.661211077558537,-6.924760803510969,-5.829454002256838,-5.874813445779804,-6.794011469330318,-5.4013112081858825,-5.637684003813327,0
CCR2-decoy_304,CC(=O)Oc1ccc(/C=C/C(=O)OCCCSc2nc(c3ccc(S(C)(=O)=O)cc3)n(c3ccc(Br)cc3)n2)cc1OC(C)=O,-8.341,-7.719374388338554,-7.8878486977007665,-6.0182110775585365,-5.622760803510968,-4.671454002256837,-4.895813445779803,-6.535011469330319,-3.9433112081858814,-5.717684003813327,0
CCR2-decoy_305,CC(C)(C)OC(=O)N[C@@H](Cc1ccc(O)cc1)C(=O)N[C@H](Cc1cn(C=O)c2ccccc12)C(=O)N[C@@H](Cc1ccccc1)C(=O)OCc1ccccc1,-10.209,-8.722374388338554,-8.986848697700767,-8.580211077558536,-7.251760803510969,-6.502454002256837,-6.976813445779802,-7.63401146933032,-6.080311208185883,-6.479684003813325,0
CCR2-decoy_306,CC(C)CC(NC(=O)[C@@H](Cc1c(Br)[nH]c2ccccc12)NC(=O)C(CC(C)C)NC(=O)N1[C@@H](C)CCC[C@H]1C)C(=O)[O-],-10.068,-8.752374388338554,-8.261848697700765,-7.740211077558536,-7.202760803510968,-6.286454002256837,-6.554813445779804,-7.529011469330319,-5.668311208185882,-6.093684003813326,0
CCR2-decoy_307,Cc1cncc(CN(C)C(=O)NC(C(=O)N[C@@H](Cc2ccccc2)C[C@H](O)[C@H](Cc2ccccc2)NC(=O)OCc2cccnc2)C(C)C)n1,-10.38,-9.154374388338557,-8.616848697700766,-8.080211077558536,-6.828760803510969,-6.533454002256837,-6.062813445779803,-7.753011469330319,-6.008311208185882,-6.696684003813326,0
CCR2-decoy_308,Cc1ccccc1CNC(=O)[C@H]1N(C(=O)[C@@H](O)[C@H](Cc2ccccc2)NC(=O)COc2c(C)cc(N(C)C)cc2C)CSC1(C)C,-10.602,-9.300374388338554,-9.099848697700766,-8.056211077558537,-7.467760803510968,-6.692454002256838,-6.477813445779804,-7.55701146933032,-5.987311208185883,-5.980684003813327,0
CCR2-decoy_309,CCC[C@@H](C(=O)N1CCCC[C@H]1C(=O)OC(CCc1ccc(OC)c(OC)c1)c1cccc(OCC(=O)[O-])c1)c1cc(OC)c(OC)c(OC)c1,-8.886,-7.922374388338554,-7.279848697700766,-6.728211077558536,-6.816760803510968,-4.769454002256838,-5.441813445779802,-6.374011469330318,-4.612311208185882,-4.690684003813326,0
CCR2-decoy_31,C=CC[C@@]1(OC)C=C2C(=CC1=O)O[C@H](c1ccc3c(c1)OCO3)[C@H]2C,-8.919,-7.645374388338554,-7.516848697700766,-6.667211077558536,-5.496760803510968,-4.708454002256838,-5.421813445779803,-6.395011469330319,-4.935311208185882,-5.161684003813326,0
CCR2-decoy_310,CC(C)[C@H](C[C@H](O)[C@H](CC1CCCCC1)NC(=O)[C@@H](NC(=O)COc1cccc2ccccc12)C(C)C)C(=O)N[C@@H](CO)C(=O)N(C)c1ccccn1,-10.578,-9.171374388338554,-8.654848697700766,-8.711211077558536,-6.878760803510968,-6.264454002256837,-6.363813445779803,-7.4630114693303184,-6.0263112081858825,-5.997684003813326,0
CCR2-decoy_311,CCCCCOC(=O)[C@H](Cc1ccccc1)NP(=O)(OC[C@H]1O[C@@H](n2cc(/C=C/C(=O)OC)c(=O)[nH]c2=O)C[C@@H]1O)Oc1cccc2ccccc12,-9.797,-8.510374388338555,-8.594848697700765,-7.511211077558537,-6.981760803510968,-6.641454002256838,-6.076813445779804,-7.177011469330319,-5.697311208185882,-6.549684003813326,0
CCR2-decoy_312,C=C(C)[C@@]1(OC(=O)/C=C/CCCCCCCCCCCCC)C[C@@H](C)[C@]2(O)[C@@H]3C=C(C)C(=O)[C@@]3(O)[C@H](O)[C@@]3(CO)O[C@H]3[C@H]2[C@H]1O,-7.866,-6.660374388338554,-6.6988486977007655,-5.477211077558536,-4.891760803510968,-3.7184540022568378,-4.220813445779803,-4.909011469330319,-4.1993112081858825,-3.2326840038133264,0
CCR2-decoy_313,COCC(=O)[C@H](C)C[C@H](C)/C=C\C=C\C=C(/C)[C@H](C[C@@H]1CC[C@@H](C)[C@](O)(C(=O)C(=O)N2CCCC[C@H]2C(=O)OCc2ccccc2)O1)OC,-8.773,-7.872374388338555,-7.272848697700766,-7.116211077558537,-5.996760803510968,-5.065454002256837,-5.787813445779802,-5.748011469330319,-4.782311208185883,-5.254684003813326,0
CCR2-decoy_314,CC(C)C(NC(=O)OCc1cnco1)C(=O)N[C@@H](Cc1ccccc1)C[C@H](O)[C@H](Cc1ccccc1)NC(=O)OCc1cccnc1,-10.317,-8.882374388338555,-8.616848697700766,-8.114211077558537,-6.937760803510969,-6.593454002256838,-5.851813445779802,-7.362011469330319,-6.1243112081858815,-6.635684003813326,0
CCR2-decoy_315,CCCCC(NC(=O)[C@@H](Cc1c(Br)[nH]c2ccccc12)NC(=O)C(CC(C)C)NC(=O)N1[C@@H](C)CCC[C@H]1C)C(=O)[O-],-9.783,-8.542374388338555,-8.194848697700765,-7.640211077558536,-6.814760803510968,-5.964454002256838,-6.347813445779803,-7.248011469330319,-5.861311208185882,-5.803684003813327,0
CCR2-decoy_316,CCn1c(CCCc2ccc(OC(C)(C)C(=O)NS(=O)(=O)c3ccc(C)cc3)cc2)nn(Cc2ccc(C(C)(C)C)cc2)c1=O,-9.511,-8.673374388338553,-7.100848697700766,-6.680211077558537,-7.132760803510967,-5.241454002256837,-6.016813445779803,-7.141011469330319,-5.4833112081858815,-5.557684003813327,0
CCR2-decoy_317,COc1cc2c(c(OC)c1OC)-c1ccc(NCCC(O)C(=O)N[C@@H](CC(C)C)C(=O)OC3CCCC3)c(=O)cc1[C@@H](NC(C)=O)CC2,-7.644,-6.628374388338554,-6.590848697700766,-5.484211077558537,-4.684760803510968,-4.0794540022568375,-4.064813445779803,-4.683011469330319,-3.6963112081858815,-4.427684003813327,0
CCR2-decoy_318,C=C[C@@H]1C[C@]1(NC(=O)[C@@H]1CN(c2ccc(c3cccc(OC)c3)cc2)CN1C(=O)[C@@H](NC(=O)OC1CCCC1)C(C)(C)C)C(=O)NS(=O)(=O)C1CC1,-9.975,-7.927374388338555,-8.271848697700765,-7.909211077558536,-6.995760803510969,-6.413454002256838,-6.308813445779803,-7.13101146933032,-5.970311208185882,-5.856684003813326,0
CCR2-decoy_319,CC(=O)N[C@H](C(=O)N[C@@H](Cc1ccccc1)C[C@H](O)[C@H](Cc1ccccc1)NC(=O)[C@@H]1CN(c2cccc(C(C)=O)c2)C(=O)O1)C(C)C,-10.49,-9.326374388338554,-9.244848697700766,-8.901211077558536,-7.484760803510968,-6.402454002256837,-6.916813445779804,-7.879011469330319,-6.232311208185882,-6.993684003813327,0
CCR2-decoy_32,CC(C)OC(=O)C1Cc2ccccc2CN1S(=O)(=O)c1cccs1,-8.779,-8.092374388338554,-8.515848697700767,-6.624211077558536,-5.673760803510968,-5.517454002256837,-4.537813445779803,-6.510011469330319,-4.606311208185883,-5.236684003813327,0
CCR2-decoy_320,COc1c(C)c(OC(C)=O)c(C(C)=O)c(OC(C)=O)c1Cc1c(OC(C)=O)c(CC=C(C)C)c(OC(C)=O)c(C(C)=O)c1OC(C)=O,-7.578,-6.787374388338554,-6.436848697700766,-5.459211077558536,-5.263760803510968,-4.463454002256838,-4.928813445779803,-4.785011469330319,-3.4783112081858825,-4.348684003813326,0
CCR2-decoy_321,Cc1ccc(S(=O)(=O)N2CC2CO[C@@H]2O[C@@H]3CO[C@H](c4ccccc4)O[C@@H]3[C@H](OCc3ccccc3)[C@H]2OCc2ccccc2)cc1,-11.465,-10.205374388338551,-10.036848697700766,-9.375211077558536,-7.829760803510968,-7.172454002256838,-7.851813445779802,-8.947011469330318,-6.702311208185883,-7.853684003813326,0
CCR2-decoy_322,CCCN1C[C@@H]([C@H](O)[C@H](CC2CCCCC2)NC(=O)[C@H](Cc2c[nH]cn2)NC(=O)[C@H](Cc2ccccc2)NC(=O)OC(C)(C)C)OC1=O,-9.911,-8.882374388338555,-8.086848697700766,-7.704211077558536,-6.722760803510969,-6.076454002256838,-5.714813445779804,-7.066011469330318,-5.666311208185883,-6.209684003813326,0
CCR2-decoy_323,CC(C)C(NC(=O)OCc1cccc(C(C)(C)C)n1)C(=O)N[C@@H](Cc1ccccc1)[C@@H](O)C[C@H](Cc1ccccc1)NC(=O)OCc1cccnc1,-10.793,-8.926374388338553,-8.986848697700767,-8.218211077558536,-6.737760803510968,-6.740454002256838,-6.310813445779804,-7.314011469330319,-6.033311208185882,-6.538684003813327,0
CCR2-decoy_324,COc1ccc(COC(=O)NC(C(=O)N[C@@H](Cc2ccccc2)[C@@H](O)C[C@H](Cc2ccccc2)NC(=O)OCc2cccnc2)C(C)C)nc1,-10.44,-9.083374388338552,-8.562848697700765,-8.130211077558537,-6.587760803510967,-6.385454002256838,-5.903813445779804,-7.616011469330319,-5.718311208185883,-6.6366840038133255,0
CCR2-decoy_325,CO[C@H]1O[C@@H]([C@@H](O)C(=O)OCc2ccccc2)[C@@H](OCc2ccccc2)[C@@]2(OCc3ccccc3)[C@@H](OCc3ccccc3)CO[C@@H]12,-10.28,-9.140374388338554,-9.649848697700763,-8.161211077558537,-6.561760803510968,-6.122454002256838,-6.423813445779803,-8.014011469330319,-6.3743112081858815,-6.747684003813326,0
CCR2-decoy_326,COc1cc(C(=O)N2CCN(C(=O)c3cc(OC)c(OC)c(OC)c3)C(COC(=O)NC(C)CC(C)C)C2)cc(OC)c1OC,-8.239,-7.414374388338555,-6.919848697700766,-6.150211077558536,-5.301760803510968,-4.319454002256838,-4.720813445779803,-5.859011469330319,-4.233311208185882,-4.359684003813326,0
CCR2-decoy_327,CCCCC(O)[C@H](C)C[C@H](O)[C@H](CC1CCCCC1)NC(=O)[C@H](CC(C)C)NC(=O)[C@H](Cc1ccccc1)NC(=O)OC(C)(C)C,-9.108,-8.618374388338554,-7.521848697700765,-6.696211077558537,-5.900760803510968,-5.128454002256838,-5.324813445779803,-6.617011469330318,-5.0953112081858825,-5.147684003813327,0
CCR2-decoy_328,CCCCO/C(O)=C1\C(C)=NC(C)=C(C(=O)OC)C1c1cccc(NC(=O)NCCC[NH+]2CCN(c3ccccc3OC)CC2)c1,-9.046,-7.532374388338553,-7.260848697700766,-7.679211077558536,-5.827760803510968,-5.342454002256838,-5.622813445779803,-5.703011469330319,-4.726311208185883,-5.093684003813326,0
CCR2-decoy_329,O=C(Nc1ncccn1)c1cccc(CN2C(=O)N(Cc3cccc(C(=O)Nc4ncccn4)c3)[C@H](Cc3ccccc3)[C@H](O)[C@@H](O)[C@H]2Cc2ccccc2)c1,-9.661,-8.841374388338554,-7.5768486977007665,-8.202211077558536,-6.398760803510967,-5.378454002256838,-5.824813445779803,-6.567011469330319,-5.252311208185882,-5.718684003813326,0
CCR2-decoy_33,CSc1nc2ccsc2c(=O)n1CC(=O)N(C)c1ccccc1,-8.159,-7.3203743883385535,-7.335848697700765,-6.454211077558536,-4.812760803510968,-4.697454002256838,-4.485813445779803,-5.90001146933032,-3.985311208185882,-4.232684003813326,0
CCR2-decoy_330,Cn1cc(C/C(=N\O)C(=O)NCCSSCCNC(=O)/C(Cc2cn(C)c3ccc(Br)cc23)=N/O)c2cc(Br)ccc21,-8.635,-7.694374388338554,-7.530848697700765,-6.285211077558536,-5.284760803510968,-4.843454002256838,-5.009813445779803,-5.823011469330318,-4.294311208185882,-4.664684003813326,0
CCR2-decoy_331,CC(C)COC(=O)CCC(NC(=O)c1cc(Cl)c(N(C)Cc2cnc3nc(N)nc(N)c3n2)c(Cl)c1)C(=O)OCC(C)C,-8.892,-8.067374388338553,-7.823848697700766,-6.459211077558537,-5.915760803510969,-5.509454002256838,-5.357813445779803,-6.335011469330318,-4.440311208185882,-5.431684003813327,0
CCR2-decoy_332,CCOC(=O)CNC(=O)C(=O)C(COCc1ccccc1)NC(=O)[C@H](CC1CCCCC1)NC(=O)Cc1cccc2ccccc12,-10.009,-9.154374388338557,-8.723848697700765,-8.146211077558537,-7.114760803510968,-6.202454002256838,-6.056813445779802,-7.805011469330319,-5.752311208185882,-6.443684003813326,0
CCR2-decoy_333,C[C@](Cc1c[nH]c2ccccc12)(NC(=O)OC1C2CC3CC(C2)CC1C3)C(=O)NC[C@H](NC(=O)CCNC(=O)C(F)(F)F)c1ccccc1,-11.047,-9.435374388338554,-9.313848697700768,-8.466211077558537,-7.874760803510968,-7.075454002256837,-7.163813445779804,-7.990011469330319,-6.0423112081858825,-6.839684003813327,0
CCR2-decoy_334,COc1cc(C(O)(CCN(C)OC)C(c2cc3cc(Br)ccc3nc2OC)c2cccc(OC)c2OC)cc(OC)n1,-8.285,-7.287374388338554,-7.121848697700767,-6.407211077558536,-5.591760803510968,-4.631454002256837,-4.687813445779803,-6.183011469330319,-4.437311208185882,-4.885684003813326,0
CCR2-decoy_335,COC(=O)c1c(c2cc(OC)c(OC)c(OC)c2)c(c2cc(OC)c(OC)c(OC)c2)c(C(=O)OC)n1CCc1ccc(OC)cc1,-7.45,-5.455374388338554,-6.708848697700766,-5.612211077558537,-4.263760803510968,-3.615454002256837,-3.6108134457798022,-5.215011469330319,-3.788311208185882,-3.6316840038133273,0
CCR2-decoy_337,COc1ccc(S(=O)(=O)N(Cc2ccc3c(c2)OCO3)[C@H](CCC(=O)NCc2ccc(c3ccccc3)cc2)C(=O)NO)cc1,-10.399,-9.190374388338554,-8.305848697700766,-7.772211077558536,-6.983760803510968,-6.843454002256838,-6.397813445779804,-6.620011469330319,-6.348311208185882,-6.686684003813326,0
CCR2-decoy_338,COc1cc([C@@H]2c3cc4c(cc3[C@@H](Nc3cccc(OCCCCCCCC(=O)NO)c3)[C@H]3COC(=O)[C@@H]32)OCO4)cc(OC)c1O,-9.392,-8.433374388338555,-8.649848697700765,-7.278211077558536,-6.798760803510968,-5.820454002256838,-6.040813445779802,-7.202011469330319,-5.293311208185882,-5.783684003813326,0
CCR2-decoy_339,CCCC[C@H](C)[C@@H]1CC(=O)N[C@@H](C(c2ccccc2)c2ccccc2)C(=O)N[C@@H](CC(N)=O)C(=O)N[C@H](C[C@@H](C)CC)C(=O)O1,-8.129,-6.785374388338554,-6.711848697700765,-5.572211077558537,-5.2507608035109685,-4.153454002256837,-4.455813445779803,-5.578011469330319,-4.2843112081858825,-4.171684003813327,0
CCR2-decoy_34,COc1ccc2c(CS(=O)(=O)c3ccc(C)cc3)cc(=O)oc2c1,-9.304,-7.659374388338554,-8.153848697700766,-6.786211077558537,-5.458760803510968,-5.428454002256837,-5.919813445779804,-6.325011469330319,-5.148311208185882,-5.381684003813327,0
CCR2-decoy_340,COc1ccc(CC2COc3cc(OC)c(OC)c(OC)c3C2=O)cc1OC(=O)[C@H](CCc1ccccc1)NC(=O)OC(C)(C)C,-10.108,-8.486374388338554,-8.116848697700766,-7.819211077558537,-6.4607608035109685,-6.037454002256837,-6.090813445779803,-6.851011469330318,-4.936311208185883,-5.953684003813326,0
CCR2-decoy_341,CC[C@H](C)CNC(=O)C[C@H](O)[C@H](CC(C)C)NC(=O)C(NC(=O)C(Cc1cccc2ccccc12)Cc1cccc2ccccc12)S(=O)(=O)C(C)C,-10.099,-8.452374388338553,-8.946848697700766,-8.063211077558536,-7.251760803510969,-6.246454002256838,-6.840813445779803,-7.834011469330319,-5.898311208185882,-6.251684003813326,0
CCR2-decoy_343,CCOC(=O)c1ccccc1NC(=O)CCC(NC(=O)CCC(C)C1CCC2C3C(O)CC4CC(O)CCC4(C)C3CCC12C)C(=O)[O-],-10.457,-8.984374388338553,-8.570848697700766,-8.667211077558536,-6.839760803510968,-6.020454002256837,-6.427813445779803,-7.6040114693303185,-5.720311208185882,-5.865684003813326,0
CCR2-decoy_344,CCc1nc(CN(C)C(=O)NC(C(=O)N[C@@H](Cc2ccccc2)C[C@H](O)[C@H](Cc2ccccc2)NC(=O)OCc2cncs2)C(C)C)co1,-9.78,-8.464374388338554,-8.270848697700766,-7.917211077558536,-6.082760803510968,-5.719454002256837,-5.850813445779803,-6.985011469330319,-5.379311208185882,-5.985684003813326,0
CCR2-decoy_345,COc1ccc(Cn2c(CCc3ccccc3)nnc2[C@@H](Cc2c[nH]c3ccccc23)NC(=O)CNC(=O)C2(C#N)CCOCC2)cc1,-11.037,-8.665374388338554,-9.507848697700766,-9.076211077558536,-6.400760803510968,-6.556454002256837,-7.073813445779804,-7.605011469330318,-5.461311208185883,-7.035684003813326,0
CCR2-decoy_346,CCC[n+]1cccc(NC(=O)c2ccc(NC(=O)c3ccc(C(=O)Nc4ccc(C(=O)Nc5ccc[n+](CCC)c5)cc4)c(C)c3)cc2)c1,-7.535,-6.321374388338554,-6.023848697700766,-6.101211077558537,-5.704760803510968,-3.485454002256837,-4.077813445779803,-4.134011469330319,-3.7493112081858815,-3.1746840038133266,0
CCR2-decoy_347,COCCS(=O)(=O)N1CCS[C@H]1C(=O)O[C@@H](Cc1c(Cl)c[n+]([O-])cc1Cl)c1ccc(OC(F)F)c(OCC2CC2)c1,-8.237,-7.738374388338554,-6.7598486977007655,-6.063211077558536,-5.495760803510968,-4.463454002256838,-5.178813445779802,-6.15001146933032,-4.289311208185882,-5.057684003813327,0
CCR2-decoy_348,CCCC[C@@]1(OC(=O)CCC(=O)OC)CC[C@]2(CC[C@H](C)[C@@H](C/C=C(C)/C=C/[C@H](O)[C@@H](C)/C=C/C(=O)OC)O2)O[C@H]1/C=C/C(C)=C/C(=O)OC,-8.145,-7.1903743883385545,-6.801848697700766,-5.744211077558536,-5.282760803510968,-4.130454002256838,-4.903813445779803,-5.683011469330319,-4.313311208185882,-4.991684003813326,0
CCR2-decoy_349,O=C(Nc1ccccc1C(=O)N[C@@H](Cc1ccccc1)C[C@H](O)[C@H](Cc1ccccc1)NC(=O)OCc1cncs1)OCc1ccccn1,-10.748,-9.216374388338554,-8.733848697700767,-8.627211077558536,-7.242760803510968,-6.3984540022568375,-6.470813445779802,-7.444011469330318,-5.967311208185883,-6.640684003813327,0
CCR2-decoy_35,COC(C)(C)/C1=C/C=C(\C)CC[C@@H]2O[C@@]2(C)CC/C=C(/C(=O)[O-])CC1,-5.766,-5.132374388338554,-5.279848697700766,-3.788211077558536,-3.439760803510968,-2.604454002256838,-2.412813445779803,-3.526011469330319,-2.053311208185882,-2.5126840038133267,0
CCR2-decoy_350,C=CCCNc1nc(NCc2ccc(c3ccccc3)cc2)nc(N2CCC[C@@H]2CNS(=O)(=O)c2ccc(C(F)(F)F)cc2)n1,-11.004,-10.597374388338554,-9.934848697700764,-8.845211077558536,-7.660760803510968,-7.0874540022568375,-7.102813445779804,-8.616011469330319,-6.193311208185882,-6.772684003813327,0
CCR2-decoy_351,N#Cc1cnc2cc(OC[C@@H](O)CO)c(NC(=O)CC3CSSC3)cc2c1Nc1ccc(OCc2cccc(F)c2)c(Cl)c1,-9.031,-8.618374388338554,-7.853848697700766,-7.484211077558536,-6.216760803510969,-5.524454002256837,-5.771813445779802,-6.343011469330319,-5.029311208185883,-5.099684003813326,0
CCR2-decoy_352,CCCOC(=O)[C@H](Cc1ccccc1)NP(=O)(CO[C@@H]1C=C(F)[C@H](n2cnc3c(N)ncnc32)O1)Oc1ccccc1,-10.066,-9.037374388338554,-8.909848697700765,-8.225211077558537,-6.773760803510967,-6.690454002256837,-6.101813445779802,-7.494011469330319,-5.7603112081858825,-6.649684003813327,0
CCR2-decoy_353,CCOC(=O)N[C@@H](Cc1ccc(OC)cc1)C(=O)N[C@@H](CC(C)C)C(=O)N[C@@H](CC1CCCCC1)[C@@H](O)[C@@H](O)CC(C)C,-9.056,-7.915374388338554,-7.481848697700766,-6.751211077558537,-5.943760803510967,-4.988454002256837,-5.182813445779804,-6.077011469330319,-4.958311208185882,-5.436684003813326,0
CCR2-decoy_354,CC(C)(C)OC(=O)N[C@@H](Cc1ccccc1)[C@@H](O)C[C@@H](Cc1ccc(CCCO)cc1)C(=O)N[C@H]1c2ccccc2C[C@H]1O,-9.78,-9.282374388338551,-8.878848697700766,-8.210211077558537,-6.907760803510968,-6.413454002256838,-6.207813445779802,-7.88401146933032,-5.679311208185883,-6.956684003813326,0
CCR2-decoy_355,CCCCCCCCCCCC(=O)O[C@@]12[C@H](OC(=O)C(C)CC)[C@@H](C)[C@@]3(O)[C@@H](C=C(CO)C[C@]4(O)C(=O)C(C)=C[C@@H]34)[C@@H]1C2(C)C,-7.756,-6.929374388338554,-6.976848697700766,-6.001211077558536,-4.959760803510968,-4.049454002256837,-4.463813445779803,-5.495011469330319,-3.8583112081858815,-4.253684003813326,0
CCR2-decoy_356,O=C1[C@@H]2[C@H]3CC[C@H](O3)[C@@H]2C(=O)N1CCCCCCOP(=O)(OCC(Cl)(Cl)Cl)OCC(Cl)(Cl)Cl,-7.305,-6.391374388338554,-6.162848697700766,-5.061211077558537,-4.251760803510968,-3.894454002256838,-4.119813445779803,-4.683011469330319,-3.5073112081858824,-3.545684003813326,0
CCR2-decoy_357,CC(C)CC(CC(=O)OCC1(CO)C/C(=C\c2ccccc2C(C(=O)OC(C)(C)C)C(=O)OC(C)(C)C)C(=O)O1)CC(C)C,-8.751,-7.442374388338553,-6.804848697700765,-5.970211077558536,-5.238760803510968,-5.181454002256837,-4.741813445779803,-5.747011469330319,-4.469311208185882,-4.885684003813326,0
CCR2-decoy_358,Cc1ccccc1OS(=O)(=O)C1CC2OC1C(c1ccc(NC(=O)CCCCCCC(=O)NO)cc1)=C2c1ccc(O)cc1,-10.032,-9.341374388338554,-8.622848697700766,-8.631211077558536,-6.879760803510969,-6.591454002256837,-6.241813445779803,-7.595011469330318,-5.631311208185883,-6.316684003813327,0
CCR2-decoy_359,CCOc1ccc(/N=N/c2ccc3cc(/C(C)=N/NC(=O)/C(C#N)=C\c4ccc(N(CCC#N)CCC#N)cc4)c(=O)oc3c2)cc1,-8.108,-7.619374388338555,-7.002848697700766,-6.183211077558536,-5.437760803510968,-4.678454002256838,-4.578813445779803,-5.556011469330318,-4.009311208185882,-4.597684003813326,0
CCR2-decoy_36,CC1(OC(=O)c2ccccc2)COC2=C(Cl)C(=O)C(=O)c3cccc1c32,-9.398,-9.453374388338554,-9.466848697700764,-8.197211077558537,-6.824760803510968,-6.318454002256837,-6.8258134457798025,-7.323011469330318,-5.701311208185883,-6.553684003813327,0
CCR2-decoy_360,CCc1cn2c3c(cc(C(=O)N[C@@H](Cc4ccccc4)[C@H](O)C[NH2+]C(COC)c4cccc(C(F)(F)F)c4)cc13)N(C)S(=O)(=O)C1(CC1)C2,-9.509,-8.540374388338554,-8.256848697700766,-7.423211077558536,-6.455760803510968,-5.682454002256838,-5.001813445779803,-6.637011469330318,-5.441311208185882,-5.851684003813327,0
CCR2-decoy_361,CC(C)C[C@]1(NC(=O)[C@@H](NC(=O)[C@H](Cc2ccccc2)NC(=O)Cc2cccc(Oc3ccccc3)c2)C(C)C)CNC1=O,-10.027,-9.031374388338554,-9.050848697700763,-7.957211077558536,-7.405760803510969,-6.373454002256837,-6.624813445779804,-7.820011469330319,-6.566311208185882,-6.410684003813326,0
CCR2-decoy_362,COc1ccc(C(=O)/C=C/c2ccc(OCc3cn(C4C(=O)N(c5ccc(C)cc5)C4/C=C/c4ccccc4)nn3)c(OC)c2)cc1,-11.477,-9.230374388338554,-8.728848697700766,-7.849211077558536,-7.398760803510967,-6.407454002256838,-7.093813445779803,-8.05701146933032,-6.828311208185882,-6.929684003813327,0
CCR2-decoy_363,O=C(OCCCCCOc1ccc(c2cc(=O)c3c(O)c(O)c(O)cc3o2)cc1)c1ccc(N(CCCl)CCCl)cc1,-8.591,-7.382374388338555,-7.021848697700765,-6.060211077558536,-5.306760803510968,-4.310454002256837,-5.149813445779802,-5.947011469330318,-3.932311208185882,-4.639684003813326,0
CCR2-decoy_364,CC(C)C[C@H](NC(=O)[C@H](Cc1ccccc1)NC(=O)C[C@@H](NC(=O)c1ccc2ccccc2c1)c1ccccc1)C(=O)[C@@]1(C)CO1,-11.293,-9.951374388338554,-9.957848697700763,-8.856211077558536,-7.744760803510967,-6.901454002256838,-6.836813445779804,-7.591011469330319,-6.883311208185882,-6.893684003813327,0
CCR2-decoy_365,COc1cc(/C=C2/C(=O)N(C(=O)OC(C)C)C(Cc3cc(OC)c(OC)c(C)c3OC)C(=O)N2Cc2ccccc2)c(OC)c(C)c1OC,-8.887,-7.000374388338554,-7.555848697700766,-6.574211077558536,-6.446760803510967,-4.629454002256837,-5.285813445779803,-5.079011469330319,-4.642311208185882,-4.923684003813326,0
CCR2-decoy_366,CCCS(=O)(=O)N1CCN(C(=O)Oc2ccc3[nH]c(c4cc(C)cc(C)c4)c(CC[NH2+]CCCCc4ccc(O)cc4)c3c2)CC1,-9.494,-8.256374388338553,-8.963848697700765,-6.959211077558537,-6.283760803510969,-6.018454002256837,-5.792813445779803,-6.551011469330319,-5.033311208185882,-6.229684003813325,0
CCR2-decoy_367,CC(C)CN1C[C@@H]([C@H](O)[C@H](CC2CCCCC2)NC(=O)[C@H](Cc2c[nH]cn2)NC(=O)[C@H](Cc2ccccc2)NC(=O)OC(C)(C)C)OC1=O,-9.973,-8.573374388338554,-8.226848697700765,-7.833211077558536,-6.695760803510968,-5.9944540022568376,-6.069813445779802,-6.959011469330319,-5.466311208185882,-5.905684003813326,0
CCR2-decoy_368,CC(C)CC(NC(=O)[C@H](Cc1ccccc1)C[C@H](O)[C@H](Cc1ccccc1)NC(=O)OC(C)(C)C)C(=O)NCc1ccccc1,-9.991,-8.943374388338555,-8.606848697700766,-8.061211077558536,-6.816760803510968,-6.047454002256838,-6.304813445779804,-7.518011469330318,-5.755311208185882,-6.562684003813326,0
CCR2-decoy_37,CC(C)(C)c1ccc(C2=N/C(=C/c3ccc(C(=O)[O-])cc3)C(=O)O2)cc1,-8.46,-7.540374388338554,-7.459848697700766,-7.003211077558536,-6.012760803510968,-5.502454002256837,-5.830813445779803,-6.098011469330318,-4.841311208185882,-5.769684003813326,0
CCR2-decoy_370,COc1ccccc1/C=C/C(=O)/C=C/c1ccc(OCc2cn(CCCCOc3cc(=O)oc4ccccc34)nn2)c(OC)c1,-8.712,-7.989374388338554,-7.096848697700766,-8.267211077558537,-5.354760803510968,-5.089454002256838,-5.936813445779803,-6.69501146933032,-5.029311208185883,-5.643684003813327,0
CCR2-decoy_371,CC(C)COc1cc(C(=O)N[C@@H](Cc2ccc3ccccc3c2)C(=O)[O-])ccc1NC(=O)[C@@H]([NH3+])Cc1ccc2ccccc2c1,-11.017,-9.968374388338551,-9.317848697700766,-9.687211077558535,-7.096760803510968,-6.891454002256838,-6.625813445779803,-7.451011469330318,-5.970311208185882,-6.437684003813326,0
CCR2-decoy_372,CCCCc1ncc(/C=C2/C(=O)N(CCCC)C(=O)N2Cc2ccc(Br)s2)n1Cc1ccc(C(=O)OC)cc1,-8.581,-7.972374388338554,-7.418848697700765,-6.8482110775585365,-5.783760803510969,-4.905454002256837,-5.582813445779802,-6.36801146933032,-4.8083112081858825,-5.012684003813327,0
CCR2-decoy_373,C[C@@H](/C=C/c1ccc(C(=O)C(=O)N2CCCC2C(=O)NC(Cc2ccccc2)C(=O)OC(C)(C)C)s1)CO[Si](C)(C)C(C)(C)C,-9.383,-8.021374388338554,-7.458848697700766,-6.960211077558537,-5.909760803510968,-5.612454002256838,-5.340813445779803,-6.270011469330319,-5.559311208185882,-5.147684003813327,0
CCR2-decoy_374,CCOC(=O)[C@H]1CCCN(C(=O)CCC(=O)N(CC(C)(C)C)c2c(OCC)cc(Cl)cc2[C@H](O)c2ccccc2OC)C1,-8.692,-7.648374388338555,-7.3268486977007665,-6.494211077558536,-5.546760803510968,-4.804454002256838,-5.103813445779803,-5.888011469330319,-4.245311208185882,-4.817684003813326,0
CCR2-decoy_375,COc1ccc2c(c1)c(CC(N)=O)c(C)n2Cc1ccccc1OCCCCOc1ccccc1Cn1c(C)c(CC(N)=O)c2cc(OC)ccc21,-9.217,-7.177374388338554,-7.806848697700765,-6.836211077558536,-6.332760803510968,-5.461454002256838,-4.997813445779803,-5.678011469330318,-5.128311208185882,-5.303684003813327,0
CCR2-decoy_376,CCCCCCCCCCCC(=O)Nc1nnc(S[C@@H]2O[C@H](COC(C)=O)[C@H](OC(C)=O)[C@H](OC(C)=O)[C@H]2OC(C)=O)s1,-7.609,-6.700374388338554,-6.576848697700766,-5.717211077558536,-5.160760803510968,-3.814454002256838,-4.428813445779803,-5.048011469330318,-3.729311208185882,-4.197684003813326,0
CCR2-decoy_377,CC(C)(C)NC(=O)c1ccccc1C[C@@H](O)[C@H](Cc1ccccc1)NC(=O)[C@H](CSc1ccc(C(F)(F)F)cc1)NS(C)(=O)=O,-10.279,-8.902374388338554,-8.479848697700765,-7.954211077558536,-7.035760803510968,-5.407454002256838,-5.786813445779803,-7.280011469330319,-5.879311208185882,-6.063684003813327,0
CCR2-decoy_378,CC(C)SC[C@H](O)[C@H](CC12CC3CC(CC(C3)C1)C2)NC(=O)[C@H](C)NC(=O)[C@H](Cc1ccccc1)NC(=O)OC(C)(C)C,-8.852,-7.832374388338554,-7.970848697700767,-7.419211077558536,-5.855760803510968,-5.697454002256837,-5.605813445779804,-6.872011469330319,-5.580311208185883,-5.556684003813327,0
CCR2-decoy_379,Cc1cccc(C)c1OCC(=O)N[C@@H](Cc1ccccc1)C(O)C[C@H](Cc1ccccc1)NC(=O)[C@@H]1CN(c2cccc(C(F)(F)F)c2)C(=O)O1,-11.227,-9.866374388338556,-9.640848697700768,-9.497211077558536,-8.251760803510969,-7.397454002256838,-7.855813445779804,-8.510011469330319,-7.0153112081858815,-7.249684003813327,0
CCR2-decoy_38,COC(=O)C1C([O-])=C(/C(C)=N/c2cccc3ccccc23)C(=O)CC1(C)C,-9.632,-8.921374388338554,-9.027848697700763,-8.469211077558537,-6.675760803510968,-6.633454002256837,-6.381813445779804,-7.415011469330318,-6.078311208185882,-6.4026840038133255,0
CCR2-decoy_380,O=c1cc(c2ccccc2)oc2cc(OCCOCc3cn(CCOc4cccc5c(=O)cc(c6ccccc6)oc45)nn3)ccc12,-11.715,-9.821374388338556,-9.614848697700763,-8.345211077558536,-7.738760803510969,-6.758454002256837,-6.356813445779803,-6.861011469330318,-4.9013112081858825,-6.671684003813326,0
CCR2-decoy_381,CCCCCC1=C(C(=O)NCCC[NH+]2CCC(c3ccccc3)(c3ccccc3)CC2)C(c2ccc([N+](=O)[O-])cc2)C(C(=O)NCC)=C(CC)N1,-10.163,-8.682374388338554,-8.698848697700766,-7.354211077558537,-6.531760803510968,-6.157454002256838,-6.007813445779803,-7.393011469330318,-5.916311208185883,-6.119684003813326,0
CCR2-decoy_382,Cc1ccc(C(=O)CC2=Nc3nnc(CCCCCCCc4nnc5n4C(=O)C(CC(=O)c4ccc(C)cc4)=N5)n3C2=O)cc1,-10.819,-8.919374388338554,-9.338848697700763,-8.572211077558537,-7.442760803510968,-6.803454002256837,-6.404813445779803,-8.415011469330318,-6.020311208185882,-6.669684003813327,0
CCR2-decoy_383,COc1cc(/C=C2\CC/C(=C\c3ccc(OCCCCn4ccnc4)c(OC)c3)C2=O)ccc1OCCCCn1ccnc1,-8.0,-7.075374388338554,-6.497848697700766,-5.898211077558536,-5.582760803510968,-4.316454002256838,-5.115813445779804,-5.321011469330319,-4.065311208185882,-4.6366840038133255,0
CCR2-decoy_384,COc1cc(C=C(C(=O)/C=C/c2cccc(OC)c2OC)C(=O)/C=C/c2cccc(OC)c2OC)cc(Br)c1O,-8.647,-7.380374388338554,-7.020848697700766,-6.112211077558536,-5.461760803510968,-4.639454002256837,-5.132813445779803,-6.499011469330318,-3.9893112081858826,-5.709684003813326,0
CCR2-decoy_385,CC(C)CC(NC(=O)[C@H](Cc1ccccc1)C[C@H](O)[C@H](Cc1ccccc1)NC(=O)OC(C)(C)C)C(=O)NCCc1ccccc1,-10.082,-9.114374388338554,-8.704848697700767,-8.141211077558536,-6.3837608035109685,-6.169454002256838,-6.133813445779802,-7.05701146933032,-5.674311208185882,-6.007684003813326,0
CCR2-decoy_386,Cc1ccc(C(=O)Nc2cc(N(C)CC[NH+](C)C)cc(C(F)(F)F)c2)cc1Nc1ncnc2cnc(NCCc3ccccc3)nc12,-10.982,-9.099374388338552,-8.827848697700766,-8.680211077558537,-7.435760803510968,-6.794454002256838,-7.0598134457798025,-7.722011469330319,-6.362311208185883,-6.702684003813326,0
CCR2-decoy_387,C[C@@H]1CO[C@H]([C@H](O)[C@H](CC2CCCCC2)NC(=O)[C@H](Cc2c[nH]cn2)NC(=O)[C@H](Cc2ccccc2)NC(=O)OC(C)(C)C)C1,-9.875,-8.638374388338555,-8.433848697700766,-7.960211077558537,-6.427760803510967,-6.084454002256837,-6.019813445779803,-6.917011469330319,-5.746311208185883,-5.897684003813327,0
CCR2-decoy_388,O=C(Cc1cc2ccccc2o1)Cc1nnc(CCSCCc2nnc(NC(=O)Cc3cc4ccccc4o3)s2)s1,-9.669,-8.695374388338553,-9.118848697700766,-7.852211077558536,-6.594760803510969,-6.720454002256837,-6.177813445779803,-7.531011469330318,-5.315311208185882,-6.149684003813327,0
CCR2-decoy_389,O=C(NCCCNc1c2c(nc3ccccc13)CCCC2)c1sc(c2ccnc(NC(=O)C3CC3)c2)nc1OCC1CC1,-10.361,-9.043374388338554,-8.576848697700767,-7.603211077558535,-6.454760803510968,-6.468454002256838,-6.081813445779803,-7.109011469330319,-5.616311208185882,-6.524684003813327,0
CCR2-decoy_39,Cc1cc2nc(N3CCN(C(=O)c4ccco4)CC3)sc2cc1C,-8.085,-6.570374388338554,-7.1428486977007655,-6.668211077558537,-5.389760803510968,-4.495454002256838,-5.081813445779803,-5.556011469330318,-3.8823112081858815,-4.268684003813326,0
CCR2-decoy_390,CC[C@H](C)CNC(=O)C[C@H](O)[C@H](CC(C)C)NC(=O)C(NC(=O)C(Cc1cccc2ccccc12)Cc1cccc2ccccc12)[S+](C)[O-],-9.7,-8.389374388338554,-9.223848697700763,-8.104211077558537,-7.027760803510969,-6.165454002256837,-6.949813445779803,-7.344011469330319,-5.757311208185882,-6.218684003813326,0
CCR2-decoy_391,CNC(=O)OCc1ncn(CCCc2ccc(NC(=O)c3ccc(Nc4ccnc5ccccc45)cc3)cc2)c1COC(=O)NC,-9.011,-7.802374388338555,-7.905848697700765,-7.0982110775585365,-5.775760803510968,-5.0074540022568375,-5.408813445779803,-6.553011469330318,-4.493311208185882,-5.439684003813326,0
CCR2-decoy_392,CCCN(CCC)C(=O)c1cc(C(=O)N[C@@H](Cc2ccccc2)[C@@H](O)C[NH2+]C(C)(C)c2ccccc2)cc(N2CCCCS2(=O)=O)c1,-9.975,-8.338374388338554,-8.820848697700766,-7.648211077558537,-6.780760803510969,-5.833454002256838,-6.125813445779803,-6.964011469330318,-5.096311208185883,-5.832684003813327,0
CCR2-decoy_393,CC(C)OC(=O)[C@H](C)N[P@](=O)(OC[C@H]1O[C@@H](n2ccc(NC(=O)/C=C/c3ccccc3)nc2=O)[C@](C)(F)[C@@H]1O)Oc1ccccc1,-10.661,-9.021374388338554,-8.678848697700765,-8.483211077558536,-6.842760803510968,-6.303454002256837,-6.427813445779803,-7.187011469330319,-5.336311208185883,-5.695684003813327,0
CCR2-decoy_394,COc1ncc(Cc2cn(CCCC(=O)NCc3ccc(c4ccccc4)cc3)c(SCc3ccc(F)cc3)nc2=O)cn1,-10.866,-9.557374388338554,-9.639848697700764,-8.192211077558536,-5.994760803510967,-6.843454002256838,-6.373813445779803,-8.127011469330318,-4.687311208185882,-6.943684003813326,0
CCR2-decoy_395,CC(C)C[C@H](NC(=O)[C@H](CCc1ccccc1)CP(=O)(O)CCCCNC(=O)Cc1ccccc1)C(=O)Nc1ccccc1,-9.87,-8.433374388338555,-8.210848697700765,-7.578211077558537,-6.844760803510969,-5.989454002256837,-6.187813445779803,-7.007011469330319,-5.550311208185882,-6.067684003813326,0
CCR2-decoy_396,[NH3+]CCCC[C@H](NC(=O)c1cccc(F)c1)C(=O)c1noc(Cc2ccc(OCCc3ccc(Cl)c(Cl)c3)cc2)n1,-9.099,-8.408374388338554,-7.931848697700765,-7.523211077558537,-5.800760803510968,-5.692454002256838,-6.283813445779803,-6.689011469330319,-5.509311208185883,-5.348684003813327,0
CCR2-decoy_397,COc1ccc(CC[C@@H](OC(=O)[C@@H]2CCCCN2C(=O)c2cccc3ccccc23)c2cccc(OCC(=O)[O-])c2)cc1OC,-10.192,-9.254374388338556,-9.219848697700764,-8.631211077558536,-6.772760803510968,-6.498454002256837,-6.759813445779804,-7.529011469330319,-5.990311208185883,-6.594684003813326,0
CCR2-decoy_398,COC(=O)N[C@H](C(=O)N[C@@H](Cc1ccccc1)[C@@H](O)CN(Cc1ccc(c2ccccn2)cc1)NC(=O)[C@@H](NC(=O)OC)C(C)(C)C)C(C)C,-9.652,-8.502374388338554,-8.462848697700766,-7.755211077558537,-6.679760803510968,-5.642454002256837,-6.073813445779804,-6.842011469330318,-5.543311208185882,-5.800684003813327,0
CCR2-decoy_399,O=C(c1cccc2c(NCCC[NH2+]CCCNc3c4ccccc4nc4c(C(=O)N5CCOCC5)cccc34)c3ccccc3nc12)N1CCOCC1,-10.275,-8.638374388338555,-8.247848697700766,-8.214211077558536,-7.805760803510967,-6.391454002256838,-7.4458134457798035,-7.285011469330319,-6.1673112081858825,-6.778684003813327,0
CCR2-decoy_4,O=C(c1cc(COc2c(F)cccc2F)on1)N1CCSCC1,-7.939,-7.485374388338554,-7.760848697700766,-6.699211077558536,-5.368760803510968,-4.826454002256838,-5.095813445779802,-5.890011469330318,-4.193311208185882,-4.656684003813327,0
CCR2-decoy_40,CCCc1cc(OC(F)(F)F)cc2c1OC(C(F)(F)F)C(C(=O)[O-])=C2,-8.476,-7.860374388338554,-8.183848697700766,-6.668211077558537,-6.279760803510968,-5.296454002256837,-5.138813445779803,-6.206011469330319,-4.968311208185883,-5.319684003813327,0
CCR2-decoy_400,OCCOCC[NH2+]Cc1cccc(C#Cc2cc3ncnc(Nc4ccc(OCc5cccc(F)c5)c(Cl)c4)c3s2)n1,-8.345,-7.486374388338554,-7.3718486977007665,-7.501211077558537,-5.898760803510967,-5.259454002256838,-5.3258134457798025,-5.524011469330318,-3.9433112081858814,-5.128684003813326,0
CCR2-decoy_401,O=C(NCc1ccco1)c1cccc2c1C(=O)c1ccc(N3CCC(Cc4ccccc4)CC3)cc1S2(=O)=O,-10.998,-9.269374388338552,-9.650848697700766,-9.392211077558535,-6.756760803510968,-7.252454002256837,-6.792813445779803,-7.538011469330319,-5.411311208185882,-6.742684003813327,0
CCR2-decoy_402,Cc1ccc(n2nc(C3CCN([S+]([O-])c4sc(C)nc4C)CC3)cc2NC(=O)c2cnn3cccnc23)cc1,-10.084,-9.256374388338552,-9.524848697700763,-8.028211077558536,-7.029760803510968,-6.987454002256838,-6.722813445779803,-7.601011469330318,-5.777311208185882,-7.386684003813325,0
CCR2-decoy_403,CCN1C(=O)CN(c2nc3cc(c4noc(=O)[nH]4)nc(c4cncc(Cl)c4)c3n2C[C@H]2CC[C@H](C)CC2)[C@@H]2CCC[C@H]21,-10.969,-10.233374388338554,-9.448848697700766,-9.065211077558535,-8.349760803510968,-7.0714540022568375,-7.5548134457798035,-8.018011469330318,-5.953311208185882,-6.713684003813327,0
CCR2-decoy_404,CN1C(=O)[C@H](NC(=O)[C@@H](Cc2ccccc2)N(C)C(=O)OC(C)(C)C)N=C(c2ccccc2)c2ccccc21,-8.424,-7.543374388338554,-7.290848697700765,-6.836211077558536,-6.180760803510967,-4.941454002256837,-5.546813445779803,-5.451011469330318,-4.990311208185882,-4.643684003813327,0
CCR2-decoy_405,COc1ccc(NC[C@]23CC[C@H]4[C@@](C)(CC[C@@H](OC(C)=O)[C@@]4(C)COC(C)=O)[C@@H]2C[C@@H](C2=CCOC2=O)O3)cc1OC,-9.59,-8.451374388338554,-8.375848697700766,-7.222211077558537,-6.272760803510968,-5.541454002256838,-5.798813445779803,-7.010011469330319,-5.568311208185882,-6.073684003813327,0
CCR2-decoy_406,COc1cc(OC)c(NC(=O)c2ccc(N3CC4CC(C3)c3cccc(=O)n3C4)c([N+](=O)[O-])c2)cc1Cl,-8.987,-8.785374388338553,-8.016848697700766,-6.809211077558537,-6.0537608035109685,-4.993454002256838,-5.364813445779802,-6.194011469330318,-4.771311208185883,-6.143684003813327,0
CCR2-decoy_407,O=C(Nc1ccccc1)/C(=C/[C@@H]1O[C@H](c2ccccc2)O[C@@H]2CO[C@@H](c3ccccc3)O[C@@H]12)C(=O)c1ccccc1,-12.364,-10.240374388338552,-10.439848697700766,-9.696211077558536,-9.030760803510969,-8.012454002256838,-8.134813445779804,-9.21801146933032,-7.861311208185882,-8.000684003813326,0
CCR2-decoy_408,Cc1cccc(C(=O)Oc2c(Br)cc(Br)cc2CC(=O)Nc2ccccc2[N+](=O)[O-])c1,-9.915,-8.805374388338555,-9.013848697700766,-8.847211077558537,-6.824760803510968,-5.645454002256837,-5.695813445779804,-7.389011469330319,-5.261311208185882,-7.089684003813327,0
CCR2-decoy_409,O=C(Cn1cc(Cc2cncnc2)c(=O)nc1SCc1ccc(F)cc1)NCc1cccc(c2ccccc2)c1,-10.859,-9.289374388338556,-9.341848697700764,-8.125211077558536,-7.646760803510968,-7.094454002256837,-6.5438134457798025,-7.978011469330319,-6.759311208185883,-6.6526840038133255,0
CCR2-decoy_41,COc1cccc(C2=NN(S(C)(=O)=O)C(c3cccs3)C2)c1,-8.186,-7.148374388338554,-7.058848697700766,-5.900211077558536,-4.910760803510968,-4.517454002256837,-4.8098134457798025,-6.295011469330319,-4.420311208185883,-4.534684003813326,0
CCR2-decoy_410,COc1cc2c(c(OC)c1OC)-c1c(cc3c(c1OC)OCO3)C[C@H](C)[C@](C)(O)[C@H]2OC(=O)c1ccc(C#N)cc1,-8.069,-6.639374388338554,-6.252848697700766,-5.608211077558536,-4.228760803510968,-3.524454002256838,-3.778813445779803,-4.452011469330318,-3.4073112081858827,-4.474684003813326,0
CCR2-decoy_411,CC(C)(C)OC(=O)N1CCC(c2c(C(=O)NCCc3ccsc3)cnn2c2ccc(F)cc2F)CC1,-9.09,-7.893374388338554,-7.434848697700765,-6.9572110775585365,-5.961760803510968,-5.206454002256837,-5.442813445779803,-6.452011469330319,-4.896311208185883,-5.317684003813326,0
CCR2-decoy_412,Cc1c(N2CCC(NC(=O)c3ccc(Sc4ccccc4)cc3C(F)(F)F)CC2)nnc(c2ccnn2C)c1C,-9.215,-7.886374388338554,-7.781848697700767,-7.340211077558536,-6.203760803510969,-6.078454002256837,-5.944813445779802,-6.11801146933032,-4.546311208185882,-6.481684003813326,0
CCR2-decoy_413,CCCSc1nc(Cl)c2c(n1)N(Cc1ccccc1)C(C(=O)N1CCN(C(=O)OC(C)(C)C)CC1)N2,-9.023,-8.001374388338554,-7.494848697700766,-6.299211077558537,-5.878760803510968,-5.361454002256837,-5.160813445779803,-6.584011469330319,-4.698311208185882,-5.435684003813327,0
CCR2-decoy_414,Cc1ccc(/C=N/NC(=O)COc2ccc(N3CC4=C(CC(C)(C)CC4=O)N(c4ccc(Cl)cc4)C3)cc2)cc1,-10.793,-9.825374388338554,-8.968848697700766,-8.410211077558536,-6.876760803510969,-5.829454002256838,-6.649813445779802,-7.507011469330319,-5.046311208185882,-6.068684003813326,0
CCR2-decoy_415,CC(NC(=O)c1nn(c2ccccc2Cl)c(c2ccc(Br)cc2)c1Cn1cncn1)C(C)(C)C,-9.583,-7.818374388338555,-7.796848697700765,-7.197211077558537,-6.3197608035109685,-4.629454002256837,-5.740813445779804,-6.451011469330318,-5.032311208185883,-4.787684003813327,0
CCR2-decoy_416,COc1cc(C2Oc3cc(c4oc5cc(O)c(CC=C(C)C)c(O)c5c(=O)c4O)ccc3OC2CO)ccc1O,-9.177,-8.316374388338554,-8.161848697700766,-7.612211077558536,-6.193760803510967,-5.615454002256838,-5.614813445779802,-6.641011469330319,-4.484311208185883,-5.742684003813327,0
CCR2-decoy_417,COc1cc(CSc2nc(Cc3ccc(OC)c(OC)c3)c(I)c(=O)[nH]2)cc(OC)c1,-8.215,-7.231374388338555,-6.841848697700766,-5.516211077558537,-5.712760803510967,-4.502454002256838,-4.3258134457798025,-5.502011469330318,-3.987311208185882,-5.010684003813326,0
CCR2-decoy_418,Cc1cnc(c2ccnc(C(C)(C)O)n2)cc1n1c(C)cc(OCc2ccc(F)cc2F)c(Cl)c1=O,-10.517,-9.388374388338557,-8.815848697700766,-7.736211077558536,-7.237760803510968,-6.028454002256838,-6.802813445779803,-7.103011469330319,-5.0183112081858825,-5.681684003813327,0
CCR2-decoy_419,COc1cccc(c2cc(C(=O)Nc3cc4ccc(OP(=O)(OC)OC)c(OC)c4oc3=O)ccc2OC)c1,-8.247,-7.424374388338554,-6.922848697700766,-6.442211077558536,-5.386760803510968,-4.846454002256838,-4.401813445779803,-5.285011469330319,-3.9173112081858825,-4.427684003813327,0
CCR2-decoy_42,O=C([O-])CCc1ccc(C#Cc2cccc(OC(F)(F)F)c2)cc1,-8.053,-6.637374388338554,-6.360848697700765,-5.7682110775585365,-4.771760803510968,-3.935454002256837,-4.602813445779803,-5.090011469330319,-3.615311208185882,-4.528684003813327,0
CCR2-decoy_420,O=C(Cc1cc(Br)cc(Br)c1OCCCCN=C=S)Nc1ccccc1[N+](=O)[O-],-7.978,-7.451374388338554,-6.857848697700766,-6.095211077558536,-4.373760803510968,-4.037454002256838,-3.6528134457798034,-5.738011469330319,-3.506311208185882,-4.044684003813327,0
CCR2-decoy_421,C=C(C)[C@@H]1C[C@H]2O[C@@]23C(=CC(=O)[C@]2(C)[C@@H](/C(C)=C/[C@H]4C[C@H](C)C(=O)O4)C[C@H](O)[C@]23C)[C@@]1(C)CCC(=O)OC,-9.654,-9.395374388338556,-8.378848697700766,-7.353211077558535,-7.166760803510968,-6.073454002256838,-6.071813445779803,-7.120011469330319,-5.914311208185882,-6.468684003813326,0
CCR2-decoy_422,C[C@H]1CC[C@H](Cn2c(N3CCOC[C@H]3c3ccccn3)nc3cc(c4noc(=O)[nH]4)nc(c4cncc(Cl)c4)c32)CC1,-11.045,-10.093374388338551,-9.656848697700768,-8.573211077558536,-7.840760803510967,-7.273454002256837,-6.598813445779802,-8.194011469330318,-7.138311208185883,-7.262684003813327,0
CCR2-decoy_423,CCCCc1nc2ccn(C(C(=O)N(C)C)c3ccccc3)c(=O)c2n1Cc1ccc(c2ccccc2C2=NNN=N2)cc1,-10.503,-9.114374388338554,-8.538848697700766,-7.890211077558536,-7.370760803510969,-6.053454002256837,-7.022813445779804,-7.273011469330319,-6.361311208185882,-6.730684003813327,0
CCR2-decoy_424,O=C(CSc1nnc(Br)n1c1ccc(C2CC2)c2ccccc21)NS(=O)(=O)c1cccs1,-8.948,-8.088374388338554,-7.9678486977007665,-7.366211077558537,-6.530760803510969,-5.823454002256838,-5.694813445779802,-7.441011469330318,-5.3293112081858816,-5.519684003813326,0
CCR2-decoy_425,COc1ccc(/C=N/n2c(S)nnc2Cn2nc(Cc3ccc(C)cc3)n(CCc3c[nH]c4ccccc34)c2=O)cc1,-10.513,-8.943374388338555,-9.728848697700766,-8.374211077558536,-7.250760803510968,-6.893454002256837,-7.226813445779802,-7.74301146933032,-6.333311208185883,-6.881684003813327,0
CCR2-decoy_426,COC(=O)[C@@]12C[C@@H](CC(=O)NCc3ccc(C)o3)C(=O)N(Cc3cccc4ccccc34)C1=CCC(C)(C)C2,-10.589,-9.991374388338556,-9.468848697700766,-9.360211077558535,-7.501760803510969,-7.860454002256837,-7.098813445779802,-8.38401146933032,-5.990311208185883,-7.6636840038133265,0
CCR2-decoy_427,O=C(NC1(c2ccccc2)CC1)c1nn(c2ccccc2Cl)c(c2ccc(Cl)cc2)c1Cn1cncn1,-10.411,-8.541374388338554,-8.454848697700767,-8.090211077558536,-7.285760803510968,-6.1964540022568375,-6.377813445779802,-6.948011469330318,-5.176311208185882,-5.356684003813326,0
CCR2-decoy_428,CCOc1ccc(n2nc(C(=O)NCc3cc(F)cc(F)c3)nc2c2cc(OC)c(OC)c(OC)c2)cc1,-8.213,-7.619374388338555,-7.447848697700765,-6.907211077558536,-5.806760803510969,-5.249454002256838,-5.430813445779803,-6.094011469330319,-4.304311208185882,-4.8416840038133255,0
CCR2-decoy_429,Cc1cc(Cl)c2cc(C(=O)N[C@H](C)c3ccc(S(=O)(=O)C(C)(C)C(=O)OC(C)C)cc3)n(C)c2c1,-9.331,-8.015374388338554,-7.625848697700766,-6.361211077558536,-5.636760803510968,-5.288454002256838,-5.0918134457798025,-5.840011469330319,-4.136311208185882,-5.513684003813326,0
CCR2-decoy_43,O=c1nc(N2CCOCC2)oc2ccc(c3ccc(Cl)cc3)cc12,-8.449,-7.043374388338554,-7.726848697700765,-6.301211077558536,-5.491760803510968,-4.713454002256837,-4.696813445779803,-5.7130114693303184,-4.637311208185882,-5.443684003813326,0
CCR2-decoy_430,COc1cc(C(=O)Nc2nnc(/C=C/c3cc(OC)c(OC)c(OC)c3Br)s2)cc(OC)c1OC,-7.856,-5.997374388338554,-5.663848697700765,-5.463211077558537,-4.256760803510968,-3.519454002256838,-3.967813445779803,-4.770011469330319,-2.9303112081858824,-3.8416840038133264,0
CCR2-decoy_431,COc1cc(C(=O)N(C)C)ccc1Nc1ncc2c(n1)-c1c(nn(C)c1c1ccc(c3cnn(C)c3)cc1)CC2,-10.467,-8.674374388338554,-7.877848697700767,-7.686211077558536,-7.010760803510967,-6.1324540022568375,-6.669813445779804,-6.406011469330318,-5.016311208185883,-5.842684003813327,0
CCR2-decoy_432,COc1ccc(COc2ccc3c(C4=C(c5cn(C)c6ccc(Br)cc56)C(=O)NC4=O)coc3c2)cc1,-9.637,-10.146374388338554,-8.563848697700767,-8.228211077558536,-6.911760803510967,-5.864454002256837,-6.554813445779804,-6.745011469330319,-5.984311208185883,-6.672684003813327,0
CCR2-decoy_433,C/C(S)=N/C[C@H]1CN(c2ccc(N3CCN(C(=O)/C=C/c4c[nH]c5ccccc45)CC3)c(F)c2)C(=O)O1,-10.688,-9.804374388338552,-9.085848697700763,-8.642211077558537,-6.984760803510968,-6.727454002256838,-6.221813445779803,-7.393011469330318,-5.252311208185882,-6.480684003813327,0
CCR2-decoy_434,CCOC(=O)C1=C(C)NC(=S)NC1c1cc(/C=N/NC(=S)Nc2ccccc2)c(O)c(C(C)(C)C)c1,-9.26,-8.085374388338554,-8.366848697700766,-7.551211077558536,-6.213760803510969,-6.038454002256838,-6.231813445779803,-6.677011469330319,-5.366311208185882,-5.644684003813326,0
CCR2-decoy_435,Cc1ccc(NCc2cn(Cc3nc4cccc(C)c4c(=O)n3c3ccccc3C(F)(F)F)nn2)cc1C,-10.186,-9.746374388338554,-8.506848697700766,-8.826211077558536,-7.301760803510968,-6.7894540022568375,-7.072813445779802,-7.887011469330318,-6.609311208185883,-6.442684003813326,0
CCR2-decoy_436,CCCc1c(Cc2ccc(c3ccccc3c3nc(=O)o[nH]3)cc2)c(=O)n(CC(C)(C)COC)c2nc(C)nn12,-10.002,-8.193374388338555,-8.551848697700766,-7.320211077558536,-6.4927608035109685,-5.635454002256838,-6.441813445779802,-6.613011469330319,-5.266311208185883,-6.180684003813326,0
CCR2-decoy_437,COc1cc(OC)c2c(c1)[nH]c(C(=O)C(=O)N1CCN(c3ccccn3)CC1)c2c1ccc(Br)cc1,-9.305,-8.628374388338553,-8.368848697700766,-7.568211077558537,-5.977760803510968,-5.956454002256837,-5.824813445779803,-6.260011469330319,-5.255311208185882,-5.571684003813326,0
CCR2-decoy_438,Cc1ccc(c2ccc3c(c2)O[C@@H](CN(C)C(=O)C2CCCCC2)[C@H](C)CN([C@H](C)CO)S3(=O)=O)cc1,-8.605,-7.422374388338554,-7.357848697700765,-6.374211077558536,-5.321760803510968,-5.229454002256837,-4.9268134457798025,-5.720011469330318,-4.564311208185883,-4.601684003813327,0
CCR2-decoy_439,CC(=O)N1CCN(C(=O)c2cc(Sc3cnc(NC(=O)c4ccc(N(C)C)cc4)s3)cc(C)c2C)CC1,-9.218,-7.373374388338554,-8.017848697700765,-7.655211077558537,-6.721760803510968,-5.516454002256838,-6.374813445779804,-6.13101146933032,-5.4013112081858825,-5.121684003813327,0
CCR2-decoy_44,O=C(OCc1ccccc1)C1=C(c2ccccc2)S[C@@H]2CC(=O)N12,-9.65,-8.307374388338554,-8.570848697700766,-7.367211077558537,-6.447760803510969,-5.836454002256838,-6.2618134457798025,-6.579011469330318,-4.660311208185882,-5.379684003813326,0
CCR2-decoy_440,O=c1[nH]nc(SCCS(=O)(=O)c2cccc(C(F)(F)F)c2)n1c1ccc(OCc2ccccc2)cc1,-9.913,-9.410374388338552,-9.179848697700766,-8.153211077558536,-6.450760803510969,-6.563454002256838,-5.996813445779804,-7.685011469330318,-5.623311208185882,-5.874684003813327,0
CCR2-decoy_441,CCC(=O)NS(=O)(=O)c1ccc(n2nc(C(F)F)cc2c2ccc(OC)c(C)c2)cc1COC(=O)CC,-9.227,-7.398374388338555,-6.600848697700766,-6.672211077558536,-6.169760803510968,-4.653454002256837,-5.011813445779803,-6.09901146933032,-4.131311208185882,-5.166684003813327,0
CCR2-decoy_442,C[C@H]1CN([C@@H](C)CO)C(=O)c2c(c3ccccc3n2C)-c2ccccc2CO[C@H]1CN(C)C(=O)Cc1ccccc1,-8.437,-7.408374388338554,-6.318848697700766,-6.015211077558536,-5.487760803510968,-3.844454002256837,-4.9348134457798025,-5.310011469330319,-4.666311208185882,-4.915684003813327,0
CCR2-decoy_443,COc1ccccc1c1nc(c2nc3ccccc3[nH]2)c(N2CCN(C(=O)Cn3cnc4cccnc43)[C@H](C)C2)s1,-10.712,-9.053374388338554,-9.365848697700766,-8.481211077558536,-7.544760803510968,-7.458454002256838,-7.251813445779803,-8.30101146933032,-6.006311208185883,-6.457684003813327,0
CCR2-decoy_444,O=C(NCCC1CC1)c1ccc(N2CCC3(CC2)CCN(Cc2cccc(C(F)(F)F)c2)c2ccccc2O3)nn1,-10.4,-8.657374388338553,-8.071848697700766,-7.915211077558537,-6.131760803510968,-5.957454002256837,-5.521813445779802,-6.197011469330318,-4.631311208185882,-6.071684003813326,0
CCR2-decoy_445,CCc1cc(C)c(C(=O)N2CCC(F)(c3ccc(C#N)cc3)CC2)cc1NC(=O)c1ccc(N2CCC2)nc1,-9.259,-7.464374388338554,-7.366848697700766,-7.428211077558537,-6.126760803510969,-5.078454002256837,-5.768813445779802,-6.279011469330319,-5.137311208185882,-4.907684003813326,0
CCR2-decoy_446,CC(=O)N1CCC(n2cc(Nc3ncc4c(n3)-c3c(nn(C)c3c3ccc(OC(F)F)cc3)CC4)cn2)CC1,-10.171,-8.913374388338553,-8.799848697700765,-8.307211077558536,-7.147760803510968,-6.471454002256838,-6.683813445779803,-6.742011469330318,-5.673311208185883,-6.179684003813327,0
CCR2-decoy_447,CCOc1ccc(n2c(=O)c3c4c(sc3n(CC(=O)Nc3cccc(C(F)(F)F)c3)c2=O)CCCCC4)cc1,-8.439,-7.212374388338555,-6.9488486977007655,-7.389211077558537,-5.055760803510968,-4.226454002256838,-5.3418134457798025,-5.90001146933032,-3.8343112081858814,-4.195684003813327,0
CCR2-decoy_448,CC1=NN(c2ccccc2)C(=O)/C1=C(/Nc1c(C)n(C)n(c2ccccc2)c1=O)c1c(C)n(C)n(c2ccccc2)c1=O,-11.446,-9.888374388338557,-10.425848697700763,-9.388211077558536,-8.947760803510969,-6.870454002256837,-7.451813445779804,-9.524011469330318,-7.089311208185883,-7.847684003813326,0
CCR2-decoy_449,CC(Cc1ccccc1)NC(=O)CSc1nc2nc3c(cc2c(=O)n1c1ccccc1)COC(C)(C)C3,-10.254,-9.873374388338554,-9.420848697700766,-9.045211077558536,-7.835760803510968,-7.077454002256838,-7.754813445779803,-8.098011469330318,-6.309311208185882,-6.588684003813327,0
CCR2-decoy_45,Clc1ncccc1c1nnn(c2ccccc2Br)n1,-8.626,-7.488374388338554,-7.517848697700765,-6.144211077558536,-5.175760803510968,-4.918454002256837,-4.890813445779803,-6.24001146933032,-4.2203112081858825,-4.998684003813326,0
CCR2-decoy_450,CC(=O)c1c(C)c2cnc(Nc3ccc(N4CCN(C(=O)OCC(C)C)CC4)cn3)nc2n(C2CCCC2)c1=O,-9.545,-8.304374388338553,-7.959848697700766,-7.318211077558537,-6.829760803510968,-5.781454002256838,-6.115813445779804,-6.464011469330318,-5.533311208185882,-5.593684003813326,0
CCR2-decoy_451,COc1cc(C(=O)C2Sc3nnc(c4cc(OC)c(OC)c(OC)c4)n3NC2c2ccco2)cc(OC)c1OC,-8.507,-7.698374388338554,-6.910848697700766,-6.576211077558536,-5.394760803510968,-4.576454002256837,-4.860813445779803,-5.672011469330318,-3.9923112081858823,-5.274684003813327,0
CCR2-decoy_452,CC(C)(C)OC(=O)N[C@@H](Cc1ccccc1)[C@@H](O)C[C@@H](Cc1ccc(O)cc1)C(=O)NC1c2ccccc2C[C@@H]1O,-10.246,-9.226374388338554,-9.083848697700766,-8.692211077558536,-7.125760803510968,-6.938454002256838,-6.647813445779804,-7.641011469330319,-6.236311208185882,-6.801684003813326,0
CCR2-decoy_453,Cn1cc(c2c(COc3cccc4ccccc34)cc(=O)n3c2SC[C@H]3C(=O)NS(C)(=O)=O)c2ccccc21,-11.102,-10.186374388338551,-9.581848697700766,-9.693211077558535,-7.016760803510968,-7.761454002256837,-7.193813445779803,-7.409011469330318,-6.059311208185882,-6.978684003813326,0
CCR2-decoy_454,COC(=O)[C@H](O)[C@H]1C(C)(C)[C@H](C(=O)OCC(C)C)[C@@H]2CC3=C4CC(=O)O[C@@H](c5ccoc5)[C@]4(C)CC[C@@H]3[C@@]1(C)C2=O,-9.674,-8.588374388338554,-8.687848697700765,-7.409211077558536,-7.225760803510967,-6.226454002256837,-5.994813445779803,-7.513011469330319,-5.559311208185882,-5.493684003813327,0
CCR2-decoy_455,COc1ccc(C(=O)OC2C(C(=O)OCc3ccccc3)=C(C)NC(C)=C2C(=O)OCc2ccccc2)cc1OC,-10.468,-9.032374388338551,-9.070848697700766,-8.099211077558536,-6.913760803510968,-6.1484540022568375,-6.220813445779802,-7.5430114693303185,-5.512311208185883,-6.432684003813327,0
CCR2-decoy_456,COc1cc2nccc(Oc3ccc(NC(=O)c4c(C)n(C)n(c5ccccc5)c4=O)cc3F)c2cc1Br,-9.375,-8.230374388338554,-8.998848697700765,-8.334211077558537,-7.135760803510967,-6.437454002256837,-6.477813445779804,-6.44501146933032,-5.213311208185883,-6.238684003813326,0
CCR2-decoy_457,CC(C)(C)OC(=O)N[C@@H](Cc1ccccc1)[C@@H](O)C[C@H](C(=O)NC1c2ccccc2C[C@@H]1O)C(=O)c1ccccc1,-10.593,-9.233374388338554,-9.587848697700766,-8.187211077558537,-7.146760803510968,-6.888454002256838,-7.206813445779803,-7.593011469330319,-6.093311208185883,-7.441684003813327,0
CCR2-decoy_458,N#Cc1ccc(Nc2nc(Oc3ccnc4ccccc34)nc(N3CCN(c4ccccn4)CC3)n2)cc1C(F)(F)F,-11.068,-10.294374388338554,-9.580848697700766,-9.481211077558536,-8.049760803510969,-7.302454002256837,-7.3498134457798034,-9.17301146933032,-6.357311208185882,-6.973684003813327,0
CCR2-decoy_459,C=C(C)[C@@H]1CC[C@]2(COS(N)(=O)=O)CC[C@]3(C)C(CC[C@@H]4[C@@]5(C)CC[C@H](OS(N)(=O)=O)C(C)(C)C5CC[C@]43C)C12,-10.201,-9.810374388338554,-8.989848697700765,-7.724211077558536,-7.192760803510968,-6.733454002256838,-6.083813445779803,-7.058011469330319,-5.673311208185883,-4.898684003813326,0
CCR2-decoy_46,O=C([O-])C[C@@H]1COc2cc3c(cc21)OCC(c1cccc(C2CC2)c1)O3,-9.32,-8.043374388338554,-8.320848697700766,-7.773211077558537,-6.306760803510969,-5.524454002256837,-6.084813445779803,-6.63101146933032,-5.658311208185882,-5.856684003813326,0
CCR2-decoy_460,O=C(COc1ccc(Br)cc1Br)N1N=C(c2ccc([N+](=O)[O-])o2)CC1(O)c1ccccc1,-10.482,-9.440374388338554,-9.285848697700766,-8.535211077558536,-6.862760803510968,-5.758454002256837,-6.134813445779804,-7.061011469330319,-5.625311208185883,-6.159684003813327,0
CCR2-decoy_461,Cc1ccc(n2nc(C3CCN([S+]([O-])c4c(Cl)cccc4Cl)CC3)cc2NC(=O)c2cnn3cccnc23)cc1,-9.889,-8.983374388338554,-9.328848697700764,-8.370211077558537,-6.858760803510968,-6.411454002256837,-7.006813445779804,-7.407011469330319,-5.862311208185883,-6.916684003813327,0
CCR2-decoy_462,COC(=O)/C=C\C(=O)N1CCC(Oc2cc3c(Nc4ccc(Cl)c(Cl)c4F)ncnc3cc2OC)CC1,-9.537,-8.661374388338555,-8.149848697700765,-7.719211077558537,-6.097760803510969,-5.925454002256837,-5.707813445779802,-6.622011469330319,-4.814311208185883,-5.611684003813327,0
CCR2-decoy_463,CC(C)(C)[Si](C)(C)O[C@@H]1[C@@H](C2CC(=O)SS2)O[C@@H](n2ccc(=O)[nH]c2=O)[C@@H]1O[Si](C)(C)C(C)(C)C,-8.087,-7.220374388338554,-7.131848697700766,-6.400211077558536,-5.280760803510968,-4.4144540022568375,-4.790813445779803,-5.7130114693303184,-4.719311208185882,-4.201684003813327,0
CCR2-decoy_464,CC1=CCC[C@H]2[C@@]1(C)[C@@H](OC(=O)c1cccnc1)[C@H](OC(=O)c1cccnc1)[C@](C)(O)[C@]2(C)/C=C\C1=CC(=O)OC1,-10.418,-9.704374388338554,-8.641848697700766,-8.785211077558536,-7.936760803510968,-7.0394540022568375,-6.505813445779802,-7.885011469330319,-6.331311208185882,-6.694684003813327,0
CCR2-decoy_465,CC(=O)OC[C@]12CC[C@H](OC(C)=O)C[C@]1(O)[C@@H](OC(C)=O)C=C1[C@@H]3CC[C@H]([C@H](C)CCCC(C)C)[C@@]3(C)C[C@@H]3O[C@@]132,-9.261,-8.381374388338553,-7.853848697700766,-7.081211077558537,-6.248760803510969,-5.434454002256837,-5.548813445779803,-6.30701146933032,-4.9413112081858825,-5.506684003813327,0
CCR2-decoy_466,CCC(C)C(=O)O[C@@H]1[C@@H]2OC[C@]3(C)[C@H](OC(C)=O)C[C@H](O)[C@](C)([C@H]4CC[C@@](C)([C@@H](C)[C@H]5COC(=O)C5)C[C@]14C)[C@@H]23,-9.837,-9.838374388338554,-9.643848697700763,-8.157211077558536,-6.754760803510969,-6.266454002256838,-6.500813445779803,-7.551011469330319,-5.770311208185882,-6.116684003813326,0
CCR2-decoy_467,CCCc1nc(C(C)(C)O)c(C(=O)OCc2oc(=O)oc2C)n1Cc1ccc(c2ccccc2C2=NN=NN2)cc1,-10.152,-9.000374388338553,-8.977848697700766,-7.351211077558537,-6.159760803510968,-5.765454002256838,-5.712813445779803,-7.558011469330319,-6.392311208185882,-6.324684003813326,0
CCR2-decoy_468,C[C@@H]1CC[C@H]2[C@@H](C)[C@H](OC(=O)CCC(=O)Oc3ccc(Nc4ncnc5ccccc45)cc3)O[C@@H]3O[C@]4(C)CC[C@@H]1[C@@]23OO4,-9.953,-9.156374388338554,-8.453848697700765,-8.565211077558537,-7.209760803510967,-6.201454002256838,-6.4508134457798025,-7.358011469330318,-6.129311208185882,-6.712684003813326,0
CCR2-decoy_469,CC(C)C(=O)N1C[C@H](C)N(c2nc3cc(c4nc(=O)o[nH]4)nc(c4cncc(Cl)c4)c3n2C[C@H]2CC[C@H](C)CC2)[C@@H](C)C1,-10.195,-9.717374388338554,-8.657848697700766,-8.239211077558537,-7.639760803510969,-7.261454002256837,-6.432813445779804,-7.612011469330319,-6.680311208185882,-7.335684003813327,0
CCR2-decoy_47,Clc1ncn(c2csc(N3CCOCC3)n2)c1Br,-6.403,-5.672374388338554,-5.688848697700766,-4.668211077558537,-3.4607608035109685,-3.016454002256838,-3.1658134457798037,-4.275011469330319,-2.801311208185882,-3.276684003813326,0
CCR2-decoy_470,CO[C@@H]1C[C@@H](/C(S)=N/CCc2ccccn2)N(C(=O)NCc2ccc(C(=O)N3CCCCc4sccc43)cc2Cl)C1,-7.552,-7.093374388338554,-6.438848697700766,-5.907211077558537,-4.895760803510968,-4.2124540022568375,-4.237813445779803,-5.46101146933032,-3.740311208185882,-4.278684003813327,0
CCR2-decoy_471,CC(C)N(C(=O)CN1C(=O)C(NC(=O)c2cccnc2)C(=O)N(c2ccccc2)c2ccccc21)c1ccccc1,-9.149,-7.715374388338555,-7.265848697700767,-7.488211077558537,-6.264760803510969,-4.899454002256837,-5.985813445779803,-5.699011469330319,-5.084311208185882,-4.868684003813327,0
CCR2-decoy_472,CCOc1nc2cccc(C(=O)OCOC(=O)C3CCCCC3)c2n1Cc1ccc(c2ccccc2C2=NNN=N2)cc1,-9.849,-8.895374388338555,-8.520848697700766,-8.522211077558536,-6.842760803510968,-6.235454002256837,-6.500813445779803,-8.165011469330318,-5.7653112081858815,-6.772684003813327,0
CCR2-decoy_473,COc1nc(N(C)C)ncc1n1nc2c(c1C(C)C)[C@H](c1ccc(Cl)cc1)N(c1cc(Cl)c[nH]c1=O)C2=O,-9.382,-7.869374388338555,-7.545848697700766,-7.587211077558535,-6.121760803510968,-4.707454002256838,-4.928813445779803,-6.09901146933032,-4.273311208185882,-4.844684003813326,0
CCR2-decoy_474,COc1ccc(CCNC(=O)C2CCN(S(=O)(=O)c3c(C)noc3/C=C/c3ccc(C)cc3)CC2)cc1OC,-9.892,-8.834374388338555,-8.815848697700766,-8.143211077558536,-6.828760803510969,-5.999454002256838,-6.4668134457798025,-7.116011469330319,-5.567311208185883,-5.779684003813326,0
CCR2-decoy_475,CCCCc1nn(c2ccccc2C(F)(F)F)c(=O)n1Cc1ccc(c2ccccc2S(=O)(=O)NC(=O)C(C)(C)C)cc1,-10.667,-9.293374388338554,-9.506848697700766,-8.237211077558536,-6.875760803510968,-6.812454002256837,-6.508813445779802,-7.297011469330318,-5.9383112081858815,-6.610684003813326,0
CCR2-decoy_476,CN(Cc1ccccc1N(CCO)S(=O)(=O)c1ccc([N+](=O)[O-])cc1)C(=O)/C=C/c1ccc(C(F)(F)F)cc1,-9.756,-8.619374388338555,-8.477848697700766,-7.982211077558537,-6.083760803510968,-5.187454002256837,-6.090813445779803,-6.99301146933032,-5.386311208185882,-6.022684003813327,0
CCR2-decoy_477,COc1cc(/C=C2/SC(=O)NC2=O)ccc1OCc1nc2ccccc2c(=O)n1c1ccc(C(F)(F)F)cc1,-11.173,-8.322374388338554,-9.191848697700763,-8.508211077558537,-7.059760803510969,-6.264454002256837,-6.129813445779803,-7.13101146933032,-5.596311208185883,-6.086684003813327,0
CCR2-decoy_478,COc1nc(N(C)C)ncc1n1nc2c(c1C(C)C)C(c1ccc(Cl)c(F)c1)N(c1c[nH]c(=O)c(Cl)c1)C2=O,-10.027,-8.051374388338553,-8.620848697700765,-7.1432110775585365,-6.429760803510968,-5.840454002256838,-4.912813445779803,-6.976011469330318,-5.252311208185882,-5.481684003813326,0
CCR2-decoy_479,C=C1[C@@H](OC(=O)/C=C/c2ccccc2)C[C@H](OC(C)=O)[C@]2(C)[C@@H]1C[C@@H]1C[C@H](O)C(C)=C([C@@H](OC(C)=O)[C@@H]2OC(C)=O)C1(C)C,-7.916,-7.121374388338554,-6.866848697700766,-6.322211077558537,-5.5007608035109685,-5.011454002256837,-5.205813445779803,-5.295011469330319,-4.336311208185882,-3.2596840038133266,0
CCR2-decoy_48,COc1ccc(C)cc1S(=O)(=O)N1CCN(c2ccccc2)CC1,-9.064,-8.722374388338554,-7.829848697700767,-6.985211077558537,-5.560760803510968,-5.240454002256838,-4.955813445779803,-6.297011469330318,-4.826311208185882,-5.183684003813326,0
CCR2-decoy_480,CC(=O)C1=C(C)N(c2cccc(C(F)(F)F)c2)C(=O)N(C)C1c1ccc(C#N)cc1C(=O)NCc1ccnn1C,-10.157,-8.373374388338554,-9.049848697700764,-7.935211077558536,-6.804760803510968,-5.556454002256837,-6.222813445779803,-7.08601146933032,-7.056311208185882,-5.849684003813326,0
CCR2-decoy_481,C=C1[C@@H](OC(=O)/C=C/c2ccccc2)CC[C@]2(C)[C@@H]1[C@H](O)[C@@H]1C[C@H](OC(C)=O)C(C)=C([C@@H](OC(C)=O)[C@@H]2OC(C)=O)C1(C)C,-8.458,-7.605374388338554,-6.952848697700766,-5.734211077558537,-5.647760803510968,-4.153454002256837,-4.800813445779803,-6.090011469330319,-4.586311208185882,-3.617684003813326,0
CCR2-decoy_482,CCCCc1nc(C)c(CCC(=O)N2CC(C)OC(C)C2)c(=O)n1Cc1ccc(c2ccccc2C2=NN=NN2)cc1,-10.816,-9.305374388338556,-9.189848697700766,-7.953211077558537,-7.380760803510968,-5.982454002256837,-6.650813445779804,-7.805011469330319,-7.000311208185883,-7.238684003813326,0
CCR2-decoy_483,CCCCc1nn(c2ccccc2C(F)(F)F)c(=O)n1Cc1ccc(c2ccccc2S(=O)(=O)NC#N)cc1,-9.816,-8.208374388338553,-8.715848697700766,-7.436211077558536,-6.581760803510969,-6.343454002256838,-5.739813445779802,-7.286011469330319,-5.053311208185883,-6.755684003813327,0
CCR2-decoy_484,COc1cccc(CC(=O)N2CCOC(COc3cc4ncnc(Nc5ccc(Cl)c(Cl)c5)c4cc3OC)C2)c1,-9.568,-8.964374388338554,-8.190848697700766,-8.084211077558537,-6.800760803510968,-6.038454002256838,-6.343813445779803,-7.215011469330319,-5.145311208185882,-6.6076840038133255,0
CCR2-decoy_485,CCCCc1nc2ccn(Cc3ccccc3[N+](=O)[O-])c(=O)c2n1Cc1ccc(c2ccccc2C2=NNN=N2)cc1,-10.953,-9.820374388338552,-9.143848697700763,-7.781211077558536,-6.692760803510968,-5.959454002256837,-6.767813445779803,-7.583011469330319,-6.072311208185882,-6.318684003813326,0
CCR2-decoy_486,COn1c(NC(C)c2ccc(C(F)(F)F)cc2)nc2c(c1=O)CN(C(=O)c1cc(c3cccs3)n(C)n1)CC2,-10.338,-9.374374388338554,-8.975848697700766,-8.396211077558537,-7.223760803510968,-6.235454002256837,-6.673813445779803,-7.754011469330319,-5.504311208185882,-6.600684003813326,0
CCR2-decoy_487,COc1cc2c(cc1OC)CN(C(=O)C1CCN(C(=O)c3cccc(Cc4nnc(O)c5ccccc45)c3)CC1)CC2,-10.646,-9.854374388338554,-10.112848697700766,-9.064211077558536,-8.249760803510968,-7.371454002256838,-8.239813445779802,-8.350011469330319,-6.726311208185882,-7.834684003813326,0
CCR2-decoy_488,CSc1nn2cc(c3nc4c(OC[C@@H]5CCCN5C(=O)[C@H](NC(=O)c5ccccc5)c5ccccc5)cccc4o3)nc2s1,-11.946,-10.293374388338554,-10.068848697700766,-9.077211077558536,-8.464760803510968,-7.033454002256837,-7.660813445779803,-8.725011469330319,-6.845311208185882,-7.536684003813326,0
CCR2-decoy_489,COc1cc2c(c(OC)c1OC)-c1c(cc3c(c1OC)OCO3)C[C@H](C)[C@](C)(O)[C@H]2OC(=O)c1ccc(C)c(Cl)c1,-8.245,-6.274374388338554,-7.014848697700765,-6.823211077558536,-5.1707608035109685,-4.375454002256838,-4.631813445779803,-4.533011469330319,-4.272311208185882,-3.914684003813326,0
CCR2-decoy_49,Cc1cccc(OCCn2nnc3sc4c(c3c2=O)CCCC4)c1,-9.348,-8.590374388338555,-8.869848697700766,-7.257211077558537,-6.263760803510968,-5.872454002256838,-5.986813445779802,-7.433011469330319,-4.721311208185883,-6.042684003813326,0
CCR2-decoy_490,O=C(CCl)OCCn1c(=O)oc2cc3ncnc(Nc4ccc(OCc5cccc(F)c5)c(Cl)c4)c3cc21,-9.664,-9.122374388338557,-8.223848697700765,-7.651211077558536,-6.541760803510968,-5.9944540022568376,-6.072813445779802,-7.082011469330318,-5.376311208185882,-6.084684003813326,0
CCR2-decoy_491,COc1ccc2nc(NC(=O)C(=O)C(C(=O)c3ccccc3c3ccccc3)C3OC(=O)c4ccccc43)sc2c1,-12.517,-10.216374388338554,-10.059848697700764,-9.307211077558536,-8.791760803510968,-8.254454002256837,-7.514813445779803,-9.17601146933032,-6.857311208185882,-7.729684003813325,0
CCR2-decoy_492,CC(=O)Nc1cc2c(=O)cc(c3ccc(C(=O)N[C@@H](CC(C)C)C(N)=O)cc3)oc2cc1N[C@H](C)C1CCCCC1,-9.828,-8.640374388338554,-8.059848697700765,-8.458211077558536,-6.634760803510968,-6.1804540022568375,-5.842813445779804,-7.389011469330319,-5.471311208185883,-5.653684003813327,0
CCR2-decoy_493,CCC(=O)N(C(=O)CC)c1ccc(SC[C@](C)(OC(C)=O)C(=O)Nc2ccc(C#N)c(C(F)(F)F)c2)cc1,-8.322,-7.421374388338554,-6.9168486977007655,-5.748211077558536,-4.863760803510968,-4.179454002256837,-4.738813445779803,-6.096011469330319,-4.098311208185883,-4.978684003813326,0
CCR2-decoy_494,CCOC(=O)[C@]1(C)CCC[C@@]2(C)[C@@H]3CC[C@@]4(C)C[C@]3(CC[C@@H]21)[C@H](Cn1cc(COc2cccc(C=O)c2)nn1)[C@H]4O,-10.15,-9.368374388338554,-9.052848697700766,-8.031211077558536,-6.842760803510968,-6.269454002256838,-6.605813445779804,-7.221011469330319,-6.211311208185883,-7.2886840038133265,0
CCR2-decoy_495,COCCO[C@H]1C[C@H](C(C)C)N(c2nc3cc(c4nc(=O)o[nH]4)nc(c4cncc(Cl)c4)c3n2C[C@H]2CC[C@H](C)CC2)C1,-9.985,-9.323374388338554,-8.123848697700765,-7.692211077558536,-7.542760803510967,-6.320454002256838,-6.298813445779803,-7.17901146933032,-5.436311208185883,-6.2616840038133255,0
CCR2-decoy_496,COc1cc2c(c(OC)c1OC)-c1c(cc3c(c1OC)OCO3)C[C@H](C)[C@](C)(O)[C@H]2OC(=O)c1ccc(C)cc1,-8.18,-6.841374388338554,-6.983848697700766,-6.645211077558537,-4.899760803510968,-3.9224540022568375,-4.944813445779803,-4.856011469330319,-3.8743112081858815,-5.094684003813326,0
CCR2-decoy_497,COc1ccc(C2C3=C(CC(C)(C)CC3=O)N(NC(=O)c3ccncc3)C3=C2C(=O)CC(C)(C)C3)c(OC)c1OC,-8.988,-6.747374388338554,-7.070848697700766,-7.351211077558537,-6.411760803510967,-5.028454002256838,-5.781813445779804,-6.16301146933032,-5.712311208185882,-4.036684003813327,0
CCR2-decoy_498,CCCCc1c(C)nc2nc(SCc3nc4c(c(=O)[nH]c(=O)n4Cc4ccc(Cl)cc4)n3CC)nn2c1C,-9.58,-8.364374388338554,-8.801848697700766,-7.894211077558536,-6.360760803510969,-5.607454002256837,-5.951813445779804,-6.389011469330319,-5.362311208185883,-6.161684003813326,0
CCR2-decoy_499,CCOc1ccc(c2cc3nc(C4CCN(C(=O)OC(C)(C)C)CC4)c(C(=O)Nc4ccc(C(=O)OC)cc4)cn3n2)cc1,-9.077,-8.190374388338554,-6.867848697700766,-6.794211077558536,-6.336760803510968,-4.777454002256837,-5.710813445779802,-7.705011469330319,-4.335311208185883,-4.455684003813326,0
CCR2-decoy_5,COc1cc2c(cc1OC)C(C)N(S(=O)(=O)c1cccs1)CC2,-7.802,-6.868374388338554,-6.656848697700766,-6.085211077558537,-4.786760803510968,-3.9844540022568378,-4.052813445779803,-5.540011469330318,-4.150311208185882,-4.311684003813326,0
CCR2-decoy_50,CN(Cc1ccsc1)C(=O)c1nc(N2CCCC2)ncc1Cl,-7.543,-6.316374388338554,-6.3848486977007655,-5.519211077558537,-4.253760803510968,-3.5424540022568376,-3.8758134457798032,-4.813011469330319,-3.453311208185882,-3.606684003813326,0
CCR2-decoy_500,CC1=CCC[C@H]2[C@@]1(C)[C@@H](OC(=O)c1cccnc1)[C@H](OC(=O)c1ccccc1)[C@](C)(O)[C@]2(C)/C=C/C1=CC(=O)OC1,-10.828,-10.027374388338554,-9.559848697700764,-8.979211077558537,-7.726760803510968,-7.597454002256837,-6.953813445779803,-8.278011469330318,-6.671311208185882,-6.986684003813327,0
CCR2-decoy_501,COc1ccc(Cn2c(=O)c(C(=O)OC(C)C)cc3c(NC(=O)C45CC6CC(CC(C6)C4)C5)cccc32)cc1,-8.958,-8.335374388338554,-7.480848697700766,-6.961211077558536,-6.282760803510968,-5.6484540022568375,-6.090813445779803,-7.028011469330318,-5.079311208185882,-6.220684003813327,0
CCR2-decoy_502,CC(C)(C)Nc1c(c2ccc(OCCCN3C(=O)c4ccccc4C3=O)cc2)nc2ccc(Br)cn12,-9.049,-8.462374388338555,-7.744848697700766,-7.732211077558537,-6.682760803510968,-5.138454002256838,-4.939813445779803,-5.765011469330318,-4.120311208185882,-4.914684003813326,0
CCR2-decoy_503,CC1=CCC[C@H]2[C@@]1(C)[C@@H](OC(=O)c1cccnc1)[C@H](OC(=O)C(C)C)[C@](C)(O)[C@]2(C)/C=C/C1=CC(=O)OC1,-10.1,-9.536374388338556,-8.865848697700766,-7.759211077558536,-6.8677608035109685,-6.280454002256837,-6.726813445779802,-7.18201146933032,-6.144311208185883,-6.219684003813326,0
CCR2-decoy_504,O=C(c1ccc(C2CCCCC2)cc1)N1CCC2(CC1)C(=O)N(CC(=O)N1CCCCC1CO)CN2c1ccccc1,-10.333,-8.239374388338554,-9.313848697700768,-7.877211077558536,-6.623760803510969,-5.191454002256837,-7.181813445779802,-7.519011469330319,-5.359311208185883,-5.160684003813326,0
CCR2-decoy_505,CCOc1cc(=O)n(C)cc1c1cc(NC(=O)Cc2ccccc2OC)ccc1Oc1ccc(F)cc1F,-9.226,-8.567374388338553,-8.215848697700766,-7.587211077558535,-6.471760803510968,-5.7284540022568375,-5.622813445779803,-6.851011469330318,-5.076311208185882,-5.704684003813327,0
CCR2-decoy_506,COc1cc(c2nnc3n2CCCC3(Oc2cc(F)c(F)c(F)c2)C(C)(C)O)ccc1c1cnc(C)o1,-9.838,-9.069374388338554,-8.497848697700766,-7.976211077558537,-6.523760803510967,-6.622454002256838,-6.314813445779803,-7.578011469330319,-5.538311208185883,-6.477684003813327,0
CCR2-decoy_507,COc1cc2c(Nc3ccc(Cl)c(Cl)c3)ncnc2cc1OCC1CN(C(=O)C(C)(C)C)CCO1,-9.018,-8.486374388338554,-8.078848697700765,-7.405211077558537,-6.057760803510968,-5.199454002256838,-5.613813445779803,-6.767011469330319,-5.145311208185882,-5.781684003813327,0
CCR2-decoy_508,Cc1cc2c(cc(C(=O)N[C@H](C)c3ccc(S(=O)(=O)CC(=O)OC(C)C)cc3)n2C)c(Cl)c1Cl,-8.645,-7.462374388338555,-7.270848697700766,-6.780211077558537,-5.369760803510968,-4.634454002256837,-5.574813445779803,-5.622011469330319,-4.578311208185882,-5.474684003813326,0
CCR2-decoy_509,COc1ccc(c2cc(c3ccc4c(c3)CCCC4)nc(OCC(=O)NCc3ccccc3)c2C#N)cc1OC,-10.413,-9.046374388338554,-9.287848697700763,-8.930211077558537,-6.496760803510968,-6.717454002256838,-6.521813445779802,-7.647011469330319,-4.995311208185882,-6.288684003813327,0
CCR2-decoy_51,COc1cc(c2ccccc2OC)c(O[C@@H]2O[C@H](CO)[C@@H](O)[C@H](O)[C@H]2O)c(OC)c1O,-8.209,-7.139374388338554,-6.107848697700766,-5.753211077558537,-4.711760803510968,-4.371454002256837,-4.089813445779803,-5.316011469330319,-4.081311208185882,-4.145684003813327,0
CCR2-decoy_510,COc1ccc(CO[N+](=O)[O-])cc1C(=O)N[C@H]1CCc2cc(OC)c(OC)c(OC)c2-c2ccc(SC)c(=O)cc21,-6.516,-6.237374388338554,-6.175848697700766,-5.076211077558536,-4.979760803510968,-2.9514540022568374,-3.7808134457798026,-4.026011469330319,-2.8083112081858825,-3.1076840038133264,0
CCR2-decoy_511,CCCN(CCC)C(=O)Cn1c(=O)n(c2ccc(C)cc2)c(=O)c2ccc(C(=O)NCc3ccccc3Cl)cc21,-9.331,-8.686374388338553,-8.733848697700767,-7.086211077558536,-6.204760803510968,-4.735454002256837,-5.092813445779804,-6.59901146933032,-5.059311208185882,-5.813684003813327,0
CCR2-decoy_512,C[C@H]1CN([C@H](C)CO)C(=O)c2c(c3ccccc3n2C)-c2ccccc2CO[C@@H]1CN(C)C(=O)[C@H](C)c1ccccc1,-8.692,-7.5863743883385535,-6.7678486977007655,-6.208211077558536,-5.524760803510968,-4.830454002256838,-4.844813445779803,-5.575011469330319,-4.608311208185882,-5.2616840038133255,0
CCR2-decoy_513,COc1cc2c(Nc3ccc(Cl)c(Cl)c3)ncnc2cc1OCc1noc(c2c(C)noc2C)n1,-10.033,-8.773374388338555,-8.130848697700765,-7.959211077558537,-7.283760803510969,-5.786454002256837,-6.661813445779803,-7.234011469330319,-5.181311208185883,-6.773684003813326,0
CCR2-decoy_514,Cc1nn(c2ccc(Br)cc2)c2ncnc(Nc3ccc(OCCCCO[N+](=O)[O-])cc3)c12,-8.136,-7.071374388338554,-6.869848697700766,-5.759211077558536,-4.796760803510968,-4.193454002256837,-4.592813445779803,-6.192011469330319,-4.254311208185882,-5.026684003813326,0
CCR2-decoy_515,CC1CC(=O)N(CC(=O)N(C)C)N=C1c1ccc2nc(C3CC3)n(Cc3ccc(c4ccccc4C4=NNN=N4)cc3)c2c1,-11.663,-9.611374388338554,-9.129848697700766,-9.062211077558535,-7.533760803510969,-6.901454002256838,-7.044813445779804,-7.911011469330319,-6.519311208185883,-6.725684003813326,0
CCR2-decoy_516,C/C(=N\n1c(/N=C/c2ccccc2C)c(C#N)c(c2ccc([N+](=O)[O-])cc2)c(C#N)c1=O)c1nc2ccccc2[nH]1,-10.244,-9.241374388338556,-9.282848697700766,-8.250211077558536,-7.061760803510968,-6.418454002256837,-6.476813445779802,-7.538011469330319,-6.159311208185882,-6.0756840038133255,0
CCR2-decoy_517,COc1cc2c(c(OC)c1OC)-c1cc(I)c(OC(=O)C=C(C)C)cc1[C@@H](NC(C)=O)CC2,-6.765,-5.931374388338554,-5.7308486977007655,-4.295211077558537,-4.666760803510968,-3.3184540022568374,-3.8068134457798033,-4.861011469330319,-2.9493112081858825,-3.768684003813326,0
CCR2-decoy_518,Cc1nc(C)c(S(=O)(=O)NCc2cnc(Oc3ccc4c(c3)CCC(c3ccccc3)O4)s2)s1,-10.256,-8.986374388338554,-8.951848697700767,-7.675211077558536,-5.962760803510967,-5.743454002256838,-5.8708134457798025,-7.055011469330319,-5.049311208185882,-5.630684003813327,0
CCR2-decoy_519,COc1ccccc1n1c(SCC(=O)Nc2nc3ccc(C(F)(F)F)cc3s2)nc2c(c1=O)SCC2,-10.326,-9.442374388338552,-8.715848697700766,-7.874211077558536,-6.875760803510968,-5.692454002256838,-6.187813445779803,-6.892011469330319,-5.545311208185883,-5.683684003813326,0
CCR2-decoy_52,O=C(COC(=O)CNC(=O)c1cccc([N+](=O)[O-])c1)Nc1nc2ccccc2s1,-8.469,-6.686374388338554,-7.927848697700766,-5.9092110775585365,-5.868760803510968,-4.573454002256837,-5.004813445779803,-6.451011469330318,-4.0583112081858825,-4.842684003813327,0
CCR2-decoy_520,CCCN(C)C(=O)NC1CCN(c2ncnc3c2nc(c2ccccc2Cl)n3c2ccc(Cl)cc2)CC1,-9.362,-7.326374388338554,-7.206848697700765,-6.155211077558537,-6.493760803510968,-5.292454002256838,-4.778813445779803,-5.846011469330319,-5.003311208185882,-4.782684003813326,0
CCR2-decoy_521,C=CCOc1c(Br)cc(/C=N/NC(=O)Cc2ccc(C(F)(F)F)cc2[N+](=O)[O-])cc1OC,-8.478,-7.590374388338555,-7.352848697700766,-6.158211077558537,-5.2957608035109685,-4.806454002256837,-5.069813445779802,-5.996011469330318,-4.737311208185882,-4.750684003813326,0
CCR2-decoy_522,COc1ccc(c2ccc3c(N4CCOC[C@@H]4C)nc(c4cccc(c5ccccc5)c4)nc3n2)cc1CO,-9.977,-8.648374388338555,-9.408848697700764,-8.810211077558536,-7.633760803510968,-7.011454002256837,-7.587813445779803,-7.424011469330319,-6.032311208185883,-6.774684003813327,0
CCR2-decoy_523,COc1ccc(Oc2nc(Nc3ccc(N4CCOCC4)cc3)ncc2/N=C/c2cc(OC)cc(OC)c2)cc1,-9.035,-8.136374388338554,-7.777848697700765,-7.086211077558536,-5.725760803510967,-5.166454002256838,-5.627813445779802,-6.678011469330318,-4.4013112081858825,-6.087684003813326,0
CCR2-decoy_524,O=S(=O)(c1ccc(Br)cc1)c1nnn2c1nc(NCCc1ccccc1)c1sccc12,-10.618,-9.275374388338554,-9.017848697700764,-8.340211077558536,-6.961760803510968,-6.599454002256838,-6.742813445779802,-7.85201146933032,-6.016311208185883,-6.414684003813326,0
CCR2-decoy_525,CCS(=O)(=O)c1cccnc1N1CCc2nc(SC)nc(Nc3ccc(C(F)(F)F)cc3)c2CC1,-7.899,-6.999374388338554,-6.850848697700766,-6.295211077558536,-4.959760803510968,-3.8514540022568378,-4.778813445779803,-5.596011469330319,-4.283311208185882,-3.680684003813326,0
CCR2-decoy_526,Cc1ccc(c2noc(C3CC(F)(F)C3)n2)cc1NC(=O)c1cnc2cc(C3CCN(S(C)(=O)=O)CC3)ccn12,-10.012,-9.369374388338557,-8.754848697700766,-8.355211077558536,-7.689760803510968,-6.719454002256837,-6.861813445779802,-7.404011469330319,-5.597311208185882,-6.238684003813326,0
CCR2-decoy_527,Cc1cc(N2CCC(C)CC2)nc2ccc(NC(=O)CCC(=O)N3CCN(c4ccccc4F)CC3)cc12,-10.313,-9.720374388338554,-8.806848697700765,-8.452211077558536,-6.801760803510968,-6.509454002256838,-6.395813445779803,-7.35201146933032,-5.566311208185882,-6.506684003813327,0
CCR2-decoy_528,CCCCNC(=O)C1C(c2ccc(C(F)(F)F)cc2)=Nc2ccccc2N1C(=O)C1CCN(C(C)=O)CC1,-10.799,-9.854374388338554,-9.460848697700763,-8.371211077558536,-7.499760803510968,-6.366454002256837,-6.658813445779803,-8.241011469330319,-6.489311208185882,-6.681684003813327,0
CCR2-decoy_529,CNC(=O)c1ccc(OC)c(c2cc3c(n2C(C)C)C(c2ccc(Cl)cc2)N(C2CCOCC2)C3=O)c1,-9.255,-8.137374388338554,-8.157848697700766,-6.940211077558537,-7.353760803510967,-5.738454002256837,-6.041813445779804,-7.024011469330318,-4.9413112081858825,-4.850684003813326,0
CCR2-decoy_53,COc1cc(C[NH2+]CC[NH+](C)C)ccc1c1cc2c(N[C@H](C)c3ccccc3)ncnc2[nH]1,-8.673,-7.558374388338555,-7.397848697700766,-6.977211077558536,-5.501760803510968,-4.771454002256837,-5.062813445779803,-5.934011469330319,-4.738311208185882,-4.954684003813327,0
CCR2-decoy_530,CC(C)C1CCCCN1C(=O)CN1C(=O)C(Cc2c[nH]c3ccccc23)c2nnc(c3ccccc3)n2-c2ccccc21,-9.453,-8.334374388338555,-8.454848697700767,-8.238211077558537,-6.682760803510968,-5.609454002256838,-5.929813445779804,-8.097011469330319,-5.862311208185883,-5.729684003813325,0
CCR2-decoy_531,COC(=O)C(C)CC(=O)C[C@@H](C)[C@H]1C[C@H](O)[C@@]2(C)C3=C(C(=O)C[C@]12C)[C@@]1(C)CCC(=O)C(C)(C)[C@@H]1CC3=O,-9.9,-9.209374388338556,-8.434848697700765,-7.310211077558536,-7.381760803510968,-6.166454002256838,-6.461813445779804,-8.05701146933032,-5.859311208185883,-6.112684003813326,0
CCR2-decoy_532,CS(=O)(=O)Nc1c(Cc2cccc3ccccc23)cc(=O)n2c1SCC2n1cc(c2ccccc2)nn1,-10.543,-9.775374388338554,-9.935848697700768,-8.759211077558536,-7.410760803510968,-6.749454002256838,-7.085813445779802,-7.039011469330319,-5.904311208185883,-7.048684003813326,0
CCR2-decoy_533,CCCc1cnc(N2CCC(C3Cc4c(F)c(C5=CCN(S(=O)(=O)CCC(C)(C)O)CC5)cc(F)c4O3)CC2)nc1,-9.56,-9.018374388338554,-8.594848697700765,-7.042211077558536,-6.044760803510968,-5.709454002256837,-5.616813445779803,-6.947011469330318,-4.881311208185882,-5.915684003813327,0
CCR2-decoy_534,CCc1cccc(C)c1NC(=O)c1cnn(c2ccc(OC)cc2)c1C1CCN(C(=O)OC(C)(C)C)CC1,-9.41,-8.148374388338555,-7.811848697700766,-6.836211077558536,-5.9447608035109685,-5.413454002256838,-6.081813445779803,-6.698011469330318,-4.636311208185882,-5.770684003813326,0
CCR2-decoy_535,O=C(Cc1cc(Br)cc(Br)c1OC(=O)c1ccccc1)Nc1ccccc1[N+](=O)[O-],-9.128,-8.740374388338553,-8.858848697700767,-8.141211077558536,-6.384760803510968,-5.475454002256837,-5.512813445779804,-7.068011469330319,-5.565311208185882,-6.725684003813326,0
CCR2-decoy_536,CCC(=O)N1CCc2cc(Br)cc(S(=O)(=O)N3CCCC(C(=O)Nc4ccc(CC)cc4)C3)c21,-9.345,-8.083374388338553,-7.874848697700767,-7.261211077558537,-7.025760803510968,-4.969454002256837,-5.457813445779802,-6.062011469330319,-4.987311208185882,-5.767684003813326,0
CCR2-decoy_537,O=c1n(Cc2nc(c3ccccc3C(F)(F)F)no2)nc(c2ccc(Cl)cc2)n1C[C@H](O)C(F)(F)F,-10.277,-8.877374388338554,-8.867848697700765,-8.277211077558537,-6.501760803510969,-6.428454002256837,-6.106813445779803,-7.750011469330319,-6.509311208185883,-5.773684003813326,0
CCR2-decoy_538,Cc1cc(Cl)c2cc(C(=O)N[C@H](C)c3ccc(S(=O)(=O)C(C)(C)C(=O)OC(C)(C)C)cc3)n(C)c2c1,-9.425,-8.441374388338554,-7.964848697700766,-6.607211077558537,-5.768760803510968,-5.186454002256838,-5.326813445779804,-5.782011469330319,-4.560311208185882,-5.7166840038133255,0
CCR2-decoy_539,COc1ccc(NC(=O)COc2cc(/C=C/C(=O)c3ccc(OC)c4c3OC(C)(C)C=C4)ccc2OC)cc1,-9.868,-7.835374388338554,-7.986848697700767,-7.006211077558536,-6.203760803510969,-5.373454002256837,-5.834813445779803,-7.343011469330319,-5.318311208185882,-5.615684003813326,0
CCR2-decoy_54,CCOC(=O)N1CCC(NC(=O)c2cc(C(=O)NC3CCCC3)ccc2CO)CC1,-8.878,-7.7113743883385535,-7.173848697700766,-6.419211077558536,-4.847760803510968,-4.222454002256837,-4.795813445779803,-6.082011469330318,-4.1833112081858825,-4.795684003813326,0
CCR2-decoy_540,CC(C)Nc1nc2c(C(=O)N(C)C)c(Cl)c(Cl)cc2n1C1CCN(c2ccc(C3(C#N)CCOCC3)cc2)CC1,-9.174,-8.161374388338555,-7.724848697700766,-6.771211077558537,-6.4287608035109685,-5.276454002256838,-5.834813445779803,-6.707011469330318,-4.636311208185882,-5.889684003813326,0
CCR2-decoy_541,O=C(NS(=O)(=O)c1cccs1)c1cccc(CN2CCCCN(Cc3ccc4ccccc4c3)S2(=O)=O)c1,-8.54,-8.043374388338554,-6.8768486977007655,-6.815211077558537,-4.789760803510968,-3.205454002256838,-4.545813445779803,-5.612011469330319,-3.9333112081858825,-4.040684003813326,0
CCR2-decoy_542,O=C(NN1CCCCC1)c1ccc(C2CC(=O)N(Cc3ccccc3[N+](=O)[O-])c3ccccc3S2)cc1,-8.524,-7.192374388338553,-7.585848697700765,-6.246211077558536,-5.607760803510968,-5.550454002256837,-4.231813445779803,-6.146011469330318,-4.0183112081858825,-4.956684003813326,0
CCR2-decoy_543,Cc1ccc(NC(=O)CSc2snnc2c2ccc(Br)cc2Br)c([N+](=O)[O-])c1,-8.509,-8.012374388338554,-7.908848697700765,-6.504211077558537,-5.919760803510968,-4.947454002256837,-5.653813445779804,-6.842011469330318,-4.602311208185882,-5.463684003813327,0
CCR2-decoy_544,Clc1ccc2c(NCCn3cnc4c(N5CCN(c6ccccc6)CC5)nc(Cl)nc43)ccnc2c1,-10.138,-9.245374388338554,-8.779848697700766,-8.295211077558536,-6.820760803510968,-6.219454002256837,-6.976813445779802,-7.138011469330319,-6.521311208185882,-6.398684003813326,0
CCR2-decoy_545,CCCCc1nc2ccc(C3CC(C(=O)OCC)=NO3)cc2c(=O)n1Cc1ccc(c2ccccc2C2=NNN=N2)cc1,-9.934,-9.257374388338556,-8.950848697700765,-7.630211077558537,-7.036760803510967,-6.309454002256837,-6.6368134457798025,-7.751011469330319,-5.468311208185883,-6.306684003813327,0
CCR2-decoy_546,COc1ncc(n2nc3c(c2C(C)C)C(c2ccc(Cl)cc2)N(c2c[nH]c(=O)c(Cl)c2)C3=O)c(OC)n1,-9.672,-8.012374388338554,-8.044848697700766,-7.211211077558536,-6.321760803510967,-5.792454002256838,-5.730813445779804,-7.027011469330319,-4.414311208185882,-4.962684003813326,0
CCR2-decoy_547,COc1ccc(C(=O)/C=C\Nc2ccc(c3nc4cc(OC)c(OC)c(OC)c4s3)cc2C)cc1[N+](=O)[O-],-8.846,-7.460374388338554,-7.026848697700766,-6.491211077558537,-5.658760803510969,-4.6484540022568375,-5.073813445779804,-5.309011469330319,-3.432311208185882,-5.141684003813326,0
CCR2-decoy_548,CCCc1c(Cc2ccc(c3ccccc3c3nc(=O)o[nH]3)cc2)c(=O)n([C@H]2CC[C@H](OCC(C)=O)CC2)c2ccnn12,-11.06,-9.732374388338554,-9.377848697700768,-8.093211077558536,-7.041760803510968,-6.751454002256837,-6.580813445779803,-8.02501146933032,-5.997311208185883,-6.907684003813326,0
CCR2-decoy_549,C[C@@H](n1cnc2cc(c3ccc(Cl)cc3)sc2c1=O)[C@](O)(Cn1cncn1)c1ccc(F)cc1F,-9.969,-8.665374388338554,-8.657848697700766,-7.536211077558537,-6.679760803510968,-5.910454002256838,-5.822813445779802,-7.282011469330319,-5.394311208185883,-6.370684003813325,0
CCR2-decoy_55,C/C=C/C=C/C(=O)N(CC(N)=O)NC(=O)[C@H](C)NC(=O)[C@H](C)NC(=O)OCc1ccccc1,-8.491,-7.337374388338555,-7.364848697700765,-6.283211077558537,-5.356760803510968,-4.888454002256838,-4.826813445779803,-6.579011469330318,-4.412311208185883,-4.622684003813326,0
CCR2-decoy_550,CC(C)n1cc(Br)cc(C(=O)Nc2cc(C#N)ccc2N2CCC(Oc3ccc(F)cc3F)CC2)c1=O,-10.19,-8.798374388338553,-7.364848697700765,-7.510211077558536,-6.371760803510968,-5.672454002256838,-5.821813445779803,-7.122011469330319,-5.856311208185883,-6.084684003813326,0
CCR2-decoy_551,N#Cc1cccc(c2cncnc2n2ccnc2)c1,-7.332,-6.130374388338554,-6.414848697700766,-5.184211077558537,-4.160760803510968,-4.412454002256838,-3.715813445779803,-4.850011469330319,-3.182311208185882,-3.688684003813326,0
CCR2-decoy_552,CC(C)Cn1cc(c2cncc3nccn32)cn1,-7.033,-6.144374388338554,-6.016848697700766,-5.105211077558536,-3.909760803510968,-3.2994540022568373,-3.7348134457798032,-4.610011469330319,-3.110311208185882,-3.5306840038133265,0
CCR2-decoy_553,N#Cc1ccccc1CSc1nnnn1C1CC1,-7.515,-6.542374388338554,-6.853848697700766,-5.397211077558536,-4.542760803510968,-4.4864540022568375,-3.813813445779803,-4.450011469330319,-3.803311208185882,-3.808684003813326,0
CCR2-decoy_554,Cc1cccc(Sc2nccn(C)c2=O)c1,-7.64,-6.224374388338554,-6.532848697700766,-5.4092110775585365,-4.374760803510968,-3.653454002256837,-3.513813445779803,-4.545011469330319,-3.237311208185882,-3.723684003813326,0
CCR2-decoy_555,O=C1C(=O)c2ccccc2C([O-])=C1CCCCl,-6.554,-5.897374388338554,-6.312848697700765,-4.658211077558536,-4.321760803510968,-3.9384540022568375,-3.5488134457798037,-4.650011469330319,-3.3183112081858823,-3.783684003813327,0
CCR2-decoy_556,O=C(N1CCOCC1)C1(c2ccccc2)CCCC1,-8.018,-7.4933743883385535,-7.045848697700766,-5.999211077558536,-5.4367608035109685,-4.364454002256838,-4.270813445779803,-5.928011469330318,-4.563311208185882,-4.424684003813327,0
CCR2-decoy_557,COc1ccnc(N(C)Cc2csc(C)n2)n1,-6.169,-5.229374388338554,-5.264848697700765,-4.019211077558537,-3.3117608035109685,-2.6294540022568373,-2.5978134457798028,-3.5940114693303187,-2.309311208185882,-2.8156840038133266,0
CCR2-decoy_558,COC(=O)CCCn1sc(Cl)cc1=O,-5.765,-4.447374388338554,-4.878848697700766,-3.4862110775585364,-2.805760803510968,-2.272454002256837,-2.241813445779803,-3.0220114693303186,-1.9543112081858824,-1.9696840038133263,0
CCR2-decoy_559,Cc1cc(CN2C(=O)c3ccccc3C2=O)no1,-8.354,-7.003374388338554,-7.869848697700766,-6.421211077558537,-5.546760803510968,-4.957454002256837,-4.672813445779803,-5.872011469330319,-3.9913112081858815,-4.895684003813326,0
CCR2-decoy_56,CC(C)C(=O)OC[C@H]1O[C@@H](n2cnc3c(N)ncnc32)[C@@H](O)[C@@H]1OC(=O)C(C)C,-8.239,-7.392374388338554,-7.537848697700765,-6.5182110775585365,-5.8197608035109685,-5.220454002256837,-4.882813445779803,-6.214011469330318,-4.354311208185882,-4.908684003813326,0
CCR2-decoy_560,C=C(Cn1ccccc1=O)C(=O)c1ccsc1,-6.815,-5.869374388338554,-5.887848697700766,-5.111211077558536,-4.314760803510968,-3.478454002256837,-3.667813445779803,-4.661011469330319,-3.5763112081858823,-3.111684003813326,0
CCR2-decoy_561,CSc1nnc(N2CCOCC2)n1CC(C)C,-6.009,-4.972374388338554,-5.288848697700765,-3.9712110775585368,-3.121760803510968,-2.5134540022568377,-2.6478134457798026,-3.598011469330319,-2.2023112081858827,-2.6936840038133267,0
CCR2-decoy_562,CCCCn1c(=O)sn(c2ccc(C)cc2)c1=O,-7.738,-6.507374388338554,-6.413848697700765,-5.632211077558536,-4.108760803510968,-4.326454002256837,-4.279813445779803,-5.240011469330319,-3.9843112081858822,-4.138684003813326,0
CCR2-decoy_563,Cc1cc(OC(=O)N(C)C)n(c2ccccc2)n1,-7.702,-6.219374388338554,-6.393848697700766,-5.370211077558537,-4.6867608035109685,-3.9624540022568375,-3.986813445779803,-5.026011469330319,-3.604311208185882,-4.069684003813326,0
CCR2-decoy_564,CCc1nnc(S)n1/N=C/c1ccccn1,-6.635,-5.630374388338554,-5.943848697700766,-4.835211077558537,-3.922760803510968,-3.663454002256837,-3.175813445779803,-4.114011469330319,-2.985311208185882,-2.893684003813326,0
CCR2-decoy_565,Cc1cc(C(F)(F)F)nn1CC(=O)N1CCCC1,-7.677,-6.622374388338554,-6.843848697700766,-5.677211077558536,-4.611760803510968,-4.213454002256838,-4.071813445779803,-4.903011469330319,-3.8323112081858826,-3.7746840038133262,0
CCR2-decoy_566,CCn1nc(n2ccnc2)c2ccccc2c1=O,-7.412,-6.352374388338554,-6.054848697700765,-5.157211077558537,-4.256760803510968,-4.673454002256838,-4.570813445779803,-5.031011469330319,-3.8903112081858815,-4.185684003813327,0
CCR2-decoy_567,CCc1c(C)sc2ncnc(SCC(=O)[O-])c12,-6.562,-5.082374388338554,-5.789848697700766,-4.255211077558537,-3.530760803510968,-3.338454002256838,-3.269813445779804,-4.052011469330319,-2.1563112081858824,-3.124684003813326,0
CCR2-decoy_568,Cc1nc(C(=O)OCCn2cccn2)cs1,-5.9,-4.868374388338554,-4.987848697700766,-4.152211077558537,-3.184760803510968,-2.402454002256838,-2.5578134457798027,-3.353011469330319,-2.033311208185882,-2.481684003813326,0
CCR2-decoy_569,N#Cc1cccc(n2ncc(c3ccccn3)n2)c1,-7.623,-7.024374388338554,-6.615848697700766,-5.390211077558536,-4.761760803510968,-4.310454002256837,-4.162813445779803,-5.612011469330319,-4.165311208185883,-4.447684003813326,0
CCR2-decoy_57,COC(=O)CSc1nnc(Cc2c(NC(C)=O)sc3c2CCCC3)n1NC(C)=O,-8.555,-7.203374388338554,-6.991848697700766,-6.099211077558536,-5.602760803510968,-4.666454002256837,-4.760813445779803,-5.792011469330319,-4.069311208185883,-4.681684003813327,0
CCR2-decoy_570,CCOC(=S)CS(=O)(=O)c1cccs1,-5.282,-4.380374388338554,-4.608848697700766,-3.4512110775585363,-2.706760803510968,-2.0364540022568374,-2.0998134457798026,-2.9470114693303184,-1.8883112081858824,-1.7956840038133262,0
CCR2-decoy_571,Sc1ncnc2c1ncn2Cc1ccco1,-6.168,-5.325374388338554,-5.518848697700766,-4.319211077558537,-3.474760803510968,-2.8724540022568377,-3.077813445779803,-4.008011469330318,-2.6383112081858826,-3.0516840038133264,0
CCR2-decoy_572,CC(C)Cn1c(S(=O)(=O)[O-])nc2ccccc21,-7.551,-5.943374388338554,-6.746848697700766,-5.273211077558536,-4.567760803510968,-4.418454002256838,-3.843813445779803,-4.456011469330319,-3.6383112081858826,-3.5176840038133266,0
CCR2-decoy_573,Cc1ccc(n2nnc(c3cccnc3)n2)cc1,-8.964,-7.489374388338554,-7.662848697700765,-6.413211077558536,-4.988760803510968,-5.521454002256837,-4.712813445779803,-6.053011469330318,-3.827311208185882,-5.195684003813327,0
CCR2-decoy_574,CCN1C(=O)C(=O)N(c2c(C)cccc2C)C1=S,-7.761,-6.362374388338554,-6.547848697700766,-5.504211077558536,-4.454760803510968,-4.054454002256837,-3.1828134457798027,-5.050011469330319,-3.3063112081858828,-4.088684003813326,0
CCR2-decoy_575,CCn1cnc2c(cnn2c2ccccc2)c1=O,-7.416,-7.238374388338554,-6.959848697700766,-5.939211077558537,-4.975760803510968,-4.1564540022568375,-4.534813445779803,-5.411011469330319,-3.952311208185882,-4.191684003813326,0
CCR2-decoy_576,Cc1nnc(c2ccccc2)nc1N1CCOCC1,-8.307,-7.499374388338554,-7.360848697700765,-7.026211077558536,-5.399760803510968,-5.134454002256838,-5.016813445779803,-6.427011469330319,-4.386311208185882,-4.962684003813326,0
CCR2-decoy_577,CC(C)N1CCc2c(C3CC3)nc3ncnn3c21,-7.244,-6.527374388338554,-6.8638486977007656,-5.152211077558537,-4.314760803510968,-4.163454002256837,-3.7588134457798033,-4.967011469330319,-3.6303112081858826,-3.531684003813326,0
CCR2-decoy_578,CCN(CC)c1nc(C)c(C(C)=O)cc1C#N,-5.697,-5.128374388338554,-5.108848697700766,-4.133211077558537,-3.294760803510968,-2.7944540022568374,-2.362813445779804,-3.545011469330319,-2.7303112081858822,-2.6636840038133265,0
CCR2-decoy_579,Clc1ccc(c2nnnn2c2ccccn2)cc1,-8.735,-7.111374388338554,-7.514848697700765,-6.626211077558537,-5.973760803510968,-5.656454002256838,-4.799813445779803,-6.110011469330319,-4.299311208185882,-4.744684003813326,0
CCR2-decoy_58,Cc1ccc(Oc2ccc(N(C[C@H]([NH2+]C(C)C)C(=O)[O-])S(C)(=O)=O)cc2)cc1,-7.992,-6.795374388338554,-6.891848697700766,-5.799211077558536,-4.771760803510968,-4.213454002256838,-4.183813445779803,-5.166011469330319,-4.198311208185882,-4.813684003813327,0
CCR2-decoy_580,C/C(=C\c1ccc(Cc2cccnc2)cc1)C(=O)[O-],-7.685,-7.555374388338555,-7.145848697700766,-6.245211077558537,-5.321760803510968,-4.553454002256838,-4.653813445779803,-6.126011469330319,-4.2363112081858825,-5.169684003813327,0
CCR2-decoy_581,CC1=C([O-])S[C@](C)(/C=C(C)/C=C/C#N)C1=O,-6.446,-5.655374388338554,-5.992848697700766,-4.4492110775585365,-3.6017608035109685,-3.091454002256837,-3.496813445779803,-4.294011469330319,-2.8823112081858824,-3.172684003813326,0
CCR2-decoy_582,Clc1cccc(n2cnnn2)c1N1CCCC1,-6.907,-5.745374388338554,-6.304848697700765,-4.786211077558536,-4.273760803510968,-3.3004540022568376,-3.3148134457798037,-3.8670114693303184,-3.7183112081858822,-2.819684003813326,0
CCR2-decoy_583,N#Cc1ccc(c2cn(c3cccnc3)nn2)cc1,-8.103,-6.226374388338554,-6.947848697700766,-5.4892110775585365,-4.249760803510968,-4.6194540022568376,-3.9408134457798023,-5.333011469330319,-3.570311208185882,-4.328684003813327,0
CCR2-decoy_584,CSC(SC)=C(C#N)S(=O)(=O)C(C)C,-4.817,-3.8973743883385534,-4.011848697700766,-2.8182110775585363,-2.036760803510968,-1.5544540022568372,-1.7538134457798034,-2.510011469330319,-1.769311208185882,-1.4396840038133265,0
CCR2-decoy_585,O=C(O/N=C/c1ccc(F)cc1)N1CCOCC1,-7.958,-6.823374388338554,-6.612848697700766,-5.581211077558536,-4.782760803510968,-4.075454002256838,-4.214813445779803,-5.476011469330318,-3.5083112081858827,-3.9876840038133263,0
CCR2-decoy_586,O=C1CCCC1n1cc(c2ccc(F)cc2)nn1,-8.558,-7.918374388338554,-7.9968486977007665,-6.912211077558537,-5.325760803510968,-5.312454002256837,-5.327813445779803,-6.376011469330319,-4.718311208185883,-5.003684003813326,0
CCR2-decoy_587,CC(=O)Cn1nc(C)c(Br)c1C,-5.359,-4.588374388338554,-4.7518486977007655,-3.679211077558536,-2.8037608035109685,-2.2684540022568376,-2.337813445779803,-3.060011469330319,-1.9413112081858823,-2.638684003813326,0
CCR2-decoy_588,C#CCSc1nncn1c1ccc(C)cc1,-7.014,-5.573374388338554,-6.288848697700765,-4.9412110775585365,-4.3037608035109685,-3.983454002256837,-3.6478134457798026,-4.293011469330319,-3.011311208185882,-3.422684003813326,0
CCR2-decoy_589,CC[S+]([O-])C1=CC(=O)c2ccccc2C1=O,-7.523,-6.530374388338554,-7.048848697700766,-5.794211077558536,-4.801760803510968,-4.584454002256837,-4.234813445779803,-5.139011469330319,-3.522311208185882,-4.182684003813327,0
CCR2-decoy_59,Cc1ccc(N/C(=C\[N+](=O)[O-])N[C@H]2CCCCN(CC(=O)N3CCCC3)C2=O)cc1,-7.416,-6.226374388338554,-6.531848697700766,-5.226211077558537,-4.203760803510968,-3.4574540022568376,-3.5498134457798027,-5.007011469330319,-3.142311208185882,-3.851684003813326,0
CCR2-decoy_590,CCSc1cccc(OS(C)(=O)=O)n1,-5.92,-4.679374388338554,-5.1748486977007655,-3.938211077558536,-3.155760803510968,-2.929454002256837,-2.770813445779803,-3.507011469330319,-2.139311208185882,-3.103684003813326,0
CCR2-decoy_591,CC[C@H]1COCCN1C(=O)c1ncc(F)cc1F,-7.239,-6.165374388338554,-6.617848697700766,-5.233211077558536,-4.524760803510968,-3.934454002256838,-4.124813445779803,-4.782011469330318,-3.3663112081858824,-3.603684003813326,0
CCR2-decoy_592,COc1ncnc2c1ncn2[C@@H]1C[C@H]2CC[C@@H]1C2,-7.7,-6.697374388338554,-6.877848697700766,-5.289211077558536,-4.660760803510968,-4.227454002256837,-4.363813445779803,-5.457011469330318,-3.9233112081858823,-4.600684003813326,0
CCR2-decoy_593,COc1cccc(n2nc(C#N)c(Cl)cc2=O)c1,-6.612,-6.171374388338554,-5.854848697700766,-4.8402110775585365,-4.081760803510968,-3.7654540022568375,-3.4698134457798027,-4.526011469330319,-3.0213112081858826,-3.6606840038133264,0
CCR2-decoy_594,O=C1C[C@H](Sc2ccccc2)[C@H]2CO[C@@H]1O2,-7.521,-6.512374388338554,-6.829848697700766,-5.605211077558536,-4.394760803510968,-4.3824540022568375,-3.953813445779802,-4.8380114693303184,-3.5213112081858826,-3.8336840038133264,0
CCR2-decoy_595,N#Cc1cccc(c2cc(n3ccnc3)ncn2)c1,-7.391,-6.685374388338554,-6.260848697700766,-5.096211077558537,-4.478760803510968,-3.9124540022568377,-3.820813445779802,-5.270011469330319,-3.679311208185882,-4.024684003813326,0
CCR2-decoy_596,Brc1ccc(Cn2ccnc2)cn1,-6.134,-4.960374388338554,-4.8848486977007655,-3.940211077558536,-2.996760803510968,-2.6134540022568373,-2.459813445779803,-3.401011469330319,-2.0473112081858824,-2.3656840038133264,0
CCR2-decoy_597,COP(=O)([O-])c1ccc(C(F)(F)F)cc1,-7.793,-6.369374388338554,-6.691848697700766,-5.477211077558536,-3.886760803510968,-3.7424540022568378,-3.835813445779803,-4.486011469330319,-3.6533112081858814,-3.635684003813326,0
CCR2-decoy_598,Fc1ccc(n2nnc(c3cccnc3)n2)cc1,-8.388,-7.435374388338554,-7.237848697700766,-6.266211077558536,-5.002760803510968,-4.867454002256837,-4.677813445779803,-6.042011469330319,-4.254311208185882,-4.709684003813326,0
CCR2-decoy_599,O=C([O-])CCCn1c2ccccc2c2ccccc21,-8.291,-6.807374388338554,-7.872848697700766,-6.0502110775585365,-4.698760803510968,-4.532454002256838,-4.836813445779803,-6.184011469330319,-3.7343112081858822,-4.704684003813327,0
CCR2-decoy_6,CCOC(=O)C(C)n1nc(c2ccc(Br)cc2)ccc1=O,-7.255,-6.624374388338554,-6.539848697700766,-5.206211077558536,-4.369760803510968,-3.9894540022568377,-3.7998134457798023,-5.575011469330319,-3.7983112081858823,-3.906684003813326,0
CCR2-decoy_60,O=C(COC(=O)/C=C/c1ccc2ccccc2n1)NNC(=O)c1ccc([N+](=O)[O-])cc1,-9.171,-8.303374388338554,-7.572848697700765,-7.036211077558537,-5.991760803510967,-5.193454002256837,-5.336813445779804,-6.172011469330318,-4.710311208185883,-5.923684003813326,0
CCR2-decoy_600,O=C(c1csc(N2CCCCC2)n1)N1CCCC1,-7.421,-6.639374388338554,-6.560848697700766,-5.298211077558537,-3.994760803510968,-3.647454002256837,-3.9508134457798025,-5.161011469330319,-3.7633112081858826,-3.714684003813327,0
CCR2-decoy_601,COc1cccc(n2c(C)c(C(C)=O)c(C(C)=O)c2C)c1,-7.16,-6.599374388338554,-6.183848697700766,-5.328211077558536,-4.507760803510968,-3.477454002256837,-4.0918134457798025,-4.911011469330319,-3.304311208185882,-4.188684003813326,0
CCR2-decoy_602,CC(=O)Nc1ccc(c2nc3c(O)cccc3s2)cc1Cl,-7.481,-6.240374388338554,-7.144848697700766,-6.240211077558536,-5.076760803510968,-4.2284540022568375,-5.077813445779803,-5.537011469330318,-3.8433112081858822,-4.307684003813327,0
CCR2-decoy_603,Cc1cccc(Cn2nc(C)n3c(cc4cc(C)ccc43)c2=O)c1,-10.08,-9.401374388338557,-9.138848697700766,-8.170211077558536,-6.518760803510968,-6.417454002256838,-6.297813445779802,-7.460011469330318,-5.717311208185883,-7.087684003813326,0
CCR2-decoy_604,Cc1nc2ccccc2n1Cc1ccccc1Br,-8.209,-7.530374388338554,-8.096848697700766,-6.868211077558536,-5.415760803510968,-5.473454002256837,-4.852813445779803,-6.078011469330319,-4.380311208185883,-4.827684003813326,0
CCR2-decoy_605,COc1nn2cc(c3ccc(F)c(C(F)(F)F)c3)nc2s1,-7.986,-7.424374388338554,-7.365848697700766,-7.248211077558537,-5.230760803510968,-4.622454002256838,-4.898813445779803,-5.668011469330319,-4.463311208185883,-5.268684003813327,0
CCR2-decoy_606,O=C1c2ccccc2C(=O)c2c(/C=C\N3CCCCC3)ccnc21,-9.558,-8.486374388338554,-9.177848697700766,-7.292211077558536,-6.275760803510968,-6.527454002256837,-6.239813445779802,-7.585011469330318,-5.881311208185883,-5.860684003813326,0
CCR2-decoy_607,CCc1cccc(NC(=O)C(=O)c2c[nH]c3ccccc23)c1,-8.904,-8.204374388338554,-8.808848697700766,-6.959211077558537,-5.725760803510967,-5.531454002256838,-5.698813445779804,-6.91301146933032,-5.032311208185883,-5.9826840038133255,0
CCR2-decoy_608,Cc1csc(NC(=O)NC23CC4CC(CC(C4)C2)C3)n1,-7.001,-6.358374388338554,-6.395848697700766,-5.287211077558537,-4.441760803510968,-3.571454002256837,-4.515813445779803,-5.323011469330319,-4.272311208185882,-3.526684003813326,0
CCR2-decoy_609,COc1ccc(C(=O)/C=C/c2ccc3c(c2)OCO3)cc1,-7.965,-6.979374388338554,-6.828848697700765,-5.704211077558536,-5.354760803510968,-4.528454002256837,-4.741813445779803,-5.808011469330319,-3.5483112081858827,-5.016684003813326,0
CCR2-decoy_61,CCOC(=O)C1=C(COC(=O)CCOc2ccc(OCC)cc2)NC(=O)NC1C,-7.378,-6.895374388338554,-6.680848697700766,-5.235211077558536,-4.490760803510968,-3.7924540022568376,-3.9828134457798026,-5.401011469330319,-3.7183112081858822,-4.239684003813326,0
CCR2-decoy_610,Oc1ccc(/C=C/c2cc(/C=C/c3ccc(O)cc3)ncn2)cc1,-8.555,-7.465374388338555,-7.9198486977007665,-6.577211077558536,-6.299760803510969,-5.219454002256837,-5.638813445779803,-7.135011469330319,-3.9893112081858826,-4.8416840038133255,0
CCR2-decoy_611,Cc1ncncc1c1nc2cc(F)c(F)cc2n1C1CC1,-8.589,-7.3203743883385535,-8.181848697700765,-6.4892110775585365,-5.009760803510968,-5.069454002256837,-4.490813445779803,-5.675011469330318,-4.142311208185882,-5.120684003813325,0
CCR2-decoy_612,COc1ccc(c2cc3cccc(OC)c3o2)cc1OC,-7.906,-6.685374388338554,-6.470848697700766,-5.592211077558536,-4.930760803510968,-4.183454002256838,-4.759813445779803,-4.916011469330319,-3.9753112081858815,-4.022684003813327,0
CCR2-decoy_613,CCCC(=O)Nc1n[nH]c2cc(c3ccc(F)cc3)ccc12,-9.231,-7.974374388338553,-7.699848697700766,-7.091211077558537,-5.255760803510968,-5.131454002256838,-5.358813445779804,-5.949011469330319,-4.462311208185882,-5.185684003813327,0
CCR2-decoy_614,Cc1cccc(n2ncc(C)c2c2cc3ccncc3s2)n1,-8.937,-7.610374388338554,-8.479848697700765,-6.538211077558536,-5.920760803510968,-4.886454002256837,-5.301813445779803,-6.784011469330318,-4.910311208185882,-5.147684003813327,0
CCR2-decoy_615,CCOCC(=O)N(C)c1cccc2c3c(n(C)c12)CCCCC3,-5.673,-5.052374388338554,-5.423848697700766,-3.676211077558537,-2.766760803510968,-2.517454002256837,-2.7328134457798026,-3.5830114693303186,-2.104311208185882,-2.502684003813326,0
CCR2-decoy_616,O=C(CSc1nc2ccccc2[nH]1)c1ccc(O)c(Cl)c1,-8.505,-7.144374388338554,-7.640848697700767,-6.530211077558537,-5.6097608035109685,-5.090454002256838,-5.083813445779803,-6.174011469330319,-4.3533112081858825,-4.657684003813326,0
CCR2-decoy_617,CCC1=CC2Cc3nc4oc(C5CC5)nc4c(N)c3C(C1)C2,-8.568,-8.337374388338555,-7.975848697700766,-7.165211077558537,-5.842760803510968,-4.866454002256837,-5.548813445779803,-6.269011469330319,-5.048311208185883,-5.594684003813326,0
CCR2-decoy_618,O=c1cc(N2CCOCC2)oc2c1cccc2c1ccccc1,-9.187,-8.444374388338554,-7.7018486977007665,-6.954211077558536,-6.588760803510969,-5.737454002256838,-6.220813445779802,-6.767011469330319,-5.3133112081858815,-5.457684003813327,0
CCR2-decoy_619,Cc1cc(OC(=O)N2CCOCC2)ccc1c1ccccc1,-8.986,-7.890374388338554,-7.868848697700766,-7.452211077558536,-5.529760803510968,-5.403454002256838,-5.058813445779803,-6.446011469330319,-4.868311208185882,-5.394684003813326,0
CCR2-decoy_62,O=c1ccn(COCCCS(=O)(=O)NC(c2ccc(F)cc2)c2ccc(F)cc2)c(=O)[nH]1,-10.112,-7.991374388338555,-9.058848697700766,-6.920211077558536,-6.088760803510969,-6.083454002256838,-5.238813445779803,-7.02501146933032,-5.2333112081858815,-5.508684003813327,0
CCR2-decoy_620,Oc1ccc2nc(c3ccc(NCCF)nc3)sc2c1,-7.325,-6.286374388338554,-6.292848697700766,-5.351211077558537,-4.043760803510968,-3.839454002256837,-3.678813445779803,-4.669011469330319,-3.2863112081858823,-3.6656840038133263,0
CCR2-decoy_621,C[C@H]1CNC(=O)c2c(SCC3CC3)sc(c3cc[nH]n3)c21,-7.595,-7.204374388338554,-6.599848697700766,-6.045211077558537,-4.780760803510968,-4.537454002256838,-4.038813445779803,-5.54101146933032,-3.945311208185882,-4.035684003813326,0
CCR2-decoy_622,O=C(Cc1c[nH]c2ccccc12)Nc1ncc(C2CCC2)s1,-8.586,-7.556374388338554,-7.556848697700765,-7.291211077558536,-5.930760803510967,-5.044454002256838,-4.929813445779803,-6.145011469330319,-4.282311208185883,-5.061684003813326,0
CCR2-decoy_623,CCC1=NN(c2ccc(F)cc2)C(=O)C1Oc1ccccc1,-9.059,-7.978374388338555,-8.035848697700766,-7.045211077558536,-5.676760803510968,-5.545454002256838,-5.015813445779803,-6.090011469330319,-5.047311208185882,-5.251684003813326,0
CCR2-decoy_624,Cn1c(SCc2ccccc2F)nnc1c1ccccn1,-8.498,-7.338374388338554,-7.207848697700765,-7.080211077558536,-5.630760803510968,-5.048454002256838,-5.381813445779804,-5.998011469330319,-4.751311208185882,-4.799684003813326,0
CCR2-decoy_625,O=C(CSc1nc2ccccc2s1)c1ccc(O)c(O)c1,-7.978,-7.234374388338553,-7.220848697700767,-6.028211077558536,-5.305760803510968,-4.386454002256838,-4.698813445779803,-5.810011469330318,-4.154311208185883,-4.628684003813326,0
CCR2-decoy_626,Fc1ccc(c2nss/c2=N\c2ccccc2)cc1,-8.986,-7.566374388338554,-8.438848697700767,-6.639211077558537,-6.092760803510968,-5.179454002256838,-4.905813445779803,-6.468011469330319,-4.569311208185883,-5.182684003813327,0
CCR2-decoy_627,COc1cc2cnc3c4cccnc4ccc3c2cc1OC,-8.593,-7.428374388338554,-7.524848697700765,-6.944211077558537,-4.8197608035109685,-4.769454002256838,-4.565813445779803,-5.59901146933032,-3.7603112081858825,-3.936684003813326,0
CCR2-decoy_628,Clc1ccccc1c1nc2ccccc2c(n2ccnc2)n1,-9.134,-8.263374388338555,-8.741848697700766,-7.428211077558537,-5.720760803510968,-5.652454002256837,-5.731813445779803,-6.968011469330319,-5.342311208185883,-5.449684003813326,0
CCR2-decoy_629,ClCc1nn(c2ccccc2)c(CCl)c1CCl,-6.715,-5.808374388338554,-5.865848697700766,-4.619211077558536,-3.895760803510968,-3.285454002256838,-3.114813445779803,-4.180011469330319,-3.4393112081858828,-3.1816840038133263,0
CCR2-decoy_63,CC(=O)Nc1nc(N[C@@H](CC(=O)OC(C)(C)C)C(=O)OC(C)(C)C)c2nc[nH]c2n1,-8.562,-7.603374388338555,-7.277848697700765,-6.306211077558537,-5.660760803510968,-4.849454002256838,-5.263813445779803,-6.172011469330318,-4.344311208185882,-5.197684003813327,0
CCR2-decoy_630,COc1ccc2cc(Cn3ccnc3)n(c3ccc(F)cc3)c2c1,-8.394,-7.718374388338553,-7.811848697700766,-6.415211077558537,-5.473760803510968,-4.804454002256838,-4.388813445779803,-5.869011469330319,-4.440311208185882,-5.358684003813327,0
CCR2-decoy_631,OCc1csc(c2ccc(c3ccc(CO)s3)s2)c1,-6.357,-5.233374388338554,-5.6348486977007655,-4.737211077558537,-3.837760803510968,-3.4404540022568373,-3.358813445779803,-4.012011469330319,-2.889311208185882,-3.148684003813326,0
CCR2-decoy_632,Cc1nc(C2COC3(CCCCC3)O2)cc(c2ccccc2)n1,-9.648,-8.528374388338554,-8.383848697700765,-7.917211077558536,-6.314760803510968,-5.545454002256838,-6.234813445779803,-7.644011469330319,-5.836311208185883,-6.165684003813327,0
CCR2-decoy_633,OCc1sc(Nc2ccccc2)nc1c1ccncc1,-7.579,-6.975374388338554,-7.037848697700765,-6.073211077558536,-4.555760803510968,-4.217454002256837,-4.315813445779803,-5.567011469330319,-3.9623112081858816,-4.719684003813326,0
CCR2-decoy_634,Cc1ccccc1NC(=S)Nc1ccc2c(c1)C(=O)OC2,-8.422,-8.177374388338555,-8.644848697700766,-6.929211077558536,-5.272760803510968,-5.012454002256838,-5.101813445779802,-6.873011469330319,-4.958311208185882,-5.405684003813326,0
CCR2-decoy_635,CN(c1nc2sc3c(c2c(=O)o1)CCCC3)C1CCCCC1,-8.859,-8.075374388338554,-8.292848697700766,-7.001211077558537,-5.598760803510968,-5.363454002256837,-5.093813445779803,-6.434011469330319,-4.711311208185882,-5.637684003813327,0
CCR2-decoy_636,Cc1ccc(O)c(NC(=O)COc2cccc(C)c2C)c1,-8.394,-7.942374388338553,-7.863848697700765,-6.888211077558536,-5.670760803510968,-5.205454002256838,-5.557813445779804,-6.44501146933032,-4.572311208185883,-4.701684003813327,0
CCR2-decoy_637,CC1=NN(c2ccccc2)C(=O)/C1=C/c1cn(C)c2ccccc12,-9.619,-8.516374388338553,-8.573848697700766,-7.844211077558537,-6.269760803510968,-5.5234540022568375,-6.548813445779803,-7.609011469330319,-5.790311208185882,-6.220684003813327,0
CCR2-decoy_638,CN(CCF)c1ccc(c2cc3ccccc3n2C)cc1,-7.841,-6.656374388338554,-7.028848697700767,-6.433211077558536,-4.707760803510968,-4.1724540022568375,-4.297813445779803,-5.104011469330319,-3.6373112081858814,-4.126684003813327,0
CCR2-decoy_639,COC(=O)/C=C1\OCc2cc(OCc3ccccc3)ccc21,-8.218,-7.281374388338554,-7.188848697700767,-6.029211077558537,-5.119760803510968,-4.580454002256838,-4.502813445779803,-5.891011469330319,-4.482311208185882,-4.691684003813327,0
CCR2-decoy_64,O=C([O-])c1ccc(Oc2nccc(c3c(c4ccc(F)cc4)ncn3C3CC[NH2+]CC3)n2)cc1,-10.538,-9.461374388338552,-10.054848697700766,-8.420211077558536,-6.773760803510967,-6.854454002256837,-6.682813445779804,-8.114011469330318,-5.855311208185883,-6.729684003813325,0
CCR2-decoy_640,O=CNc1ccccc1C(=O)Nc1cccc(C(F)(F)F)c1,-8.445,-7.916374388338554,-8.078848697700765,-6.843211077558536,-5.621760803510968,-4.903454002256838,-5.115813445779804,-6.569011469330318,-5.774311208185882,-4.931684003813327,0
CCR2-decoy_641,CC(C)N1C(=O)COc2ccc(c3cnc4ccccc4c3)cc21,-9.05,-8.844374388338554,-8.404848697700766,-7.691211077558536,-6.052760803510967,-5.828454002256837,-5.641813445779803,-6.685011469330318,-5.055311208185882,-6.475684003813326,0
CCR2-decoy_642,COC(=O)c1occc1/C=C/C(=O)c1ccc2c(c1)CCC2,-8.766,-7.862374388338553,-7.760848697700766,-6.914211077558537,-5.461760803510968,-5.332454002256837,-5.020813445779803,-6.310011469330318,-4.3533112081858825,-5.137684003813327,0
CCR2-decoy_643,O=C1OC(c2ccccc2)(c2ccccc2)c2ccsc21,-9.602,-8.407374388338553,-8.304848697700766,-6.787211077558537,-6.050760803510968,-5.996454002256838,-5.195813445779804,-6.854011469330319,-5.211311208185882,-5.078684003813326,0
CCR2-decoy_644,COc1ccc(/C=C/c2cc(F)c(F)c(F)c2)cc1[N+](=O)[O-],-8.222,-7.560374388338554,-8.230848697700766,-6.751211077558537,-5.793760803510969,-5.599454002256838,-5.111813445779802,-6.202011469330319,-4.940311208185882,-4.882684003813326,0
CCR2-decoy_645,CCN(CC)c1ccc(/N=C2/C=CC(=O)c3ncccc32)c(C)c1,-8.108,-7.517374388338554,-6.607848697700766,-6.345211077558536,-5.228760803510968,-4.793454002256837,-5.479813445779802,-6.313011469330318,-4.201311208185882,-4.736684003813327,0
CCR2-decoy_646,Cc1ccc(c2cc(c3ccc(C)o3)nc(N)c2C#N)cc1,-8.299,-7.388374388338555,-6.9568486977007655,-6.331211077558537,-4.879760803510968,-4.592454002256837,-4.751813445779803,-6.25601146933032,-4.586311208185882,-4.508684003813326,0
CCR2-decoy_647,Cc1nnc(Oc2ccc(C#N)cc2Cl)c2ccccc12,-8.064,-7.267374388338554,-7.569848697700765,-6.144211077558536,-5.2267608035109685,-5.156454002256838,-5.105813445779804,-6.031011469330318,-4.060311208185882,-5.177684003813326,0
CCR2-decoy_648,Oc1ccc(/C=C/c2cc(Br)ccc2O)cc1,-7.639,-7.229374388338554,-7.172848697700767,-6.340211077558536,-5.136760803510968,-4.652454002256838,-4.555813445779803,-5.826011469330318,-3.599311208185882,-4.455684003813326,0
CCR2-decoy_649,Cc1ccc2nc(c3cnn(c4ccc(F)c(F)c4)c3)oc2c1,-9.251,-7.337374388338555,-8.340848697700766,-7.834211077558537,-6.425760803510968,-5.710454002256837,-6.304813445779804,-6.676011469330319,-4.9783112081858825,-5.9186840038133255,0
CCR2-decoy_65,Cc1ccn(NC(=O)c2ccc(C(=O)N3CCN(c4ncccc4NC(C)C)CC3)nc2)n1,-9.025,-8.100374388338555,-8.158848697700765,-7.040211077558537,-5.796760803510969,-5.618454002256838,-5.238813445779803,-6.220011469330318,-4.160311208185882,-5.360684003813326,0
CCR2-decoy_650,CC(C)(O)c1ccc(c2nc3c(Cl)cccc3c(=O)[nH]2)cc1,-8.203,-7.550374388338554,-7.164848697700766,-6.154211077558536,-5.722760803510969,-4.868454002256838,-4.688813445779803,-5.735011469330319,-4.224311208185882,-5.022684003813327,0
CCR2-decoy_651,CC(O)(C(=O)Nc1ccccc1F)C(F)(F)F,-7.487,-6.445374388338554,-6.327848697700766,-5.630211077558537,-4.568760803510968,-4.083454002256838,-3.895813445779803,-5.222011469330319,-3.9513112081858814,-4.062684003813327,0
CCR2-decoy_652,CSc1nc(N)nc(c2cccs2)c1C#N,-6.449,-5.188374388338554,-5.189848697700766,-3.866211077558536,-3.075760803510968,-2.5854540022568377,-2.4668134457798025,-3.310011469330319,-2.352311208185882,-2.140684003813326,0
CCR2-decoy_653,Cc1ccc(N(CCC#N)C(=O)CCl)cc1C,-6.78,-6.098374388338554,-6.098848697700766,-4.992211077558537,-4.254760803510968,-3.650454002256837,-3.703813445779802,-4.567011469330319,-3.1673112081858825,-3.7006840038133264,0
CCR2-decoy_654,c1ccc(c2ncc(c3ncco3)cn2)cc1,-7.838,-6.569374388338554,-6.968848697700766,-6.494211077558536,-4.651760803510968,-4.393454002256838,-3.957813445779803,-5.012011469330319,-3.706311208185882,-4.358684003813326,0
CCR2-decoy_655,CC(C)c1nccn1CC(=O)c1ccccc1,-7.207,-6.456374388338554,-6.749848697700766,-5.831211077558536,-4.864760803510968,-4.6034540022568375,-4.335813445779803,-5.401011469330319,-4.083311208185882,-4.095684003813326,0
CCR2-decoy_656,COc1cccc2oc(C(=O)C[S+](C)[O-])cc12,-6.929,-5.726374388338554,-6.183848697700766,-4.830211077558537,-3.865760803510968,-3.626454002256837,-3.762813445779803,-4.384011469330319,-2.936311208185882,-3.654684003813326,0
CCR2-decoy_657,CCOC(=O)c1c(C)nc2ccc(C)cn12,-6.604,-5.982374388338554,-6.393848697700766,-4.619211077558536,-4.156760803510968,-3.5984540022568376,-3.1178134457798032,-4.167011469330319,-3.0133112081858826,-3.089684003813326,0
CCR2-decoy_658,C=CCc1c(O)cc(O)c2c(=O)cc(C)oc12,-6.833,-6.251374388338554,-6.694848697700766,-5.341211077558536,-4.294760803510968,-3.6484540022568375,-3.505813445779803,-5.149011469330318,-3.2103112081858827,-3.859684003813326,0
CCR2-decoy_659,O=C(NN=C1CCCC1)c1cccc(O)c1,-7.011,-6.4243743883385545,-6.309848697700766,-5.380211077558537,-4.672760803510968,-3.935454002256837,-4.330813445779803,-5.159011469330319,-3.7173112081858815,-4.017684003813327,0
CCR2-decoy_66,O[C@@H]1[C@@H](CO/C(S)=N/C2CCC2)OC(n2cnc3c(NC4CCOC4)ncnc32)[C@@H]1O,-8.634,-7.805374388338555,-7.204848697700767,-6.275211077558536,-5.137760803510968,-4.496454002256837,-4.476813445779803,-5.994011469330319,-4.488311208185882,-4.648684003813326,0
CCR2-decoy_660,c1ccc(c2csc(c3ncccn3)n2)nc1,-7.018,-6.044374388338554,-6.0018486977007655,-5.1992110775585365,-4.038760803510968,-3.4574540022568376,-3.795813445779803,-4.676011469330319,-3.5953112081858825,-3.518684003813326,0
CCR2-decoy_661,CC(C)Cc1nc(N)nn1c1ccccc1,-7.497,-6.294374388338554,-6.496848697700766,-5.478211077558536,-4.578760803510968,-4.718454002256838,-3.7008134457798025,-4.906011469330319,-3.4493112081858825,-3.4986840038133264,0
CCR2-decoy_662,CCCCc1c(O)n(c2ccccc2)[nH]c1=O,-7.06,-6.885374388338554,-6.322848697700766,-5.552211077558536,-4.3517608035109685,-4.054454002256837,-4.128813445779803,-4.996011469330319,-3.517311208185882,-3.9536840038133274,0
CCR2-decoy_663,COc1ccccc1c1cc(=O)[nH]c(=S)[nH]1,-7.274,-6.193374388338554,-7.046848697700765,-5.337211077558536,-4.262760803510968,-4.3134540022568375,-3.874813445779803,-5.199011469330319,-3.4993112081858824,-3.380684003813326,0
CCR2-decoy_664,N#Cc1ccccc1CSC1=NCCS1,-6.481,-5.371374388338554,-6.005848697700766,-4.504211077558536,-3.474760803510968,-3.3774540022568376,-3.148813445779803,-4.394011469330319,-3.0803112081858828,-3.2626840038133267,0
CCR2-decoy_665,c1ccc(CCc2nc(c3ccccn3)no2)cc1,-8.913,-7.582374388338554,-7.487848697700766,-6.757211077558537,-5.510760803510968,-5.166454002256838,-5.107813445779803,-6.428011469330318,-4.679311208185882,-4.896684003813327,0
CCR2-decoy_666,O=C1CCC[C@@H]([C@H]2C[C@@H]2c2ccccc2)O1,-8.375,-7.428374388338554,-7.791848697700766,-7.011211077558537,-5.613760803510968,-5.049454002256837,-5.194813445779802,-6.02501146933032,-4.801311208185882,-4.750684003813326,0
CCR2-decoy_667,C=Cc1c(C2CCCCC2)nn(C)c(=O)c1N,-7.585,-6.546374388338554,-6.610848697700765,-5.197211077558537,-4.737760803510968,-3.660454002256838,-4.080813445779803,-5.172011469330319,-3.6383112081858826,-3.866684003813326,0
CCR2-decoy_668,Cc1ccc(COC(=O)n2cc(C)cn2)cc1,-7.971,-6.578374388338554,-7.244848697700766,-6.028211077558536,-5.0007608035109685,-4.534454002256838,-4.261813445779803,-5.564011469330319,-3.4763112081858827,-4.206684003813327,0
CCR2-decoy_669,CCCOc1ccc2ccc(=O)oc2c1C(C)=O,-6.822,-6.332374388338554,-6.220848697700766,-4.822211077558537,-5.017760803510968,-3.794454002256837,-3.746813445779803,-4.493011469330319,-3.115311208185882,-4.291684003813327,0
CCR2-decoy_67,CCOc1cc(/C=N/NC2=[NH+]C(=O)C(CC(=O)[O-])S2)ccc1OCc1ccc(Cl)cc1,-8.452,-7.4613743883385535,-6.962848697700766,-6.391211077558536,-5.246760803510968,-4.834454002256837,-5.065813445779803,-6.303011469330318,-4.5263112081858825,-4.842684003813327,0
CCR2-decoy_670,CC(C)=C(C)OC(=O)/C=C/c1ccc(O)c(O)c1,-6.897,-6.379374388338554,-6.195848697700765,-5.383211077558537,-4.6257608035109685,-3.693454002256837,-3.9718134457798033,-4.639011469330319,-3.288311208185882,-4.204684003813326,0
CCR2-decoy_671,COC(=O)c1ccc(OC=C(C)C)c(OC)c1,-6.231,-5.636374388338554,-5.580848697700766,-4.462211077558536,-3.809760803510968,-3.011454002256838,-2.922813445779803,-4.052011469330319,-2.591311208185882,-3.2596840038133266,0
CCR2-decoy_672,O=C(CS)Nc1cc(c2ccc(F)cc2)n[nH]1,-7.495,-6.430374388338554,-6.402848697700766,-5.685211077558536,-4.304760803510968,-3.9544540022568375,-3.9028134457798034,-4.735011469330319,-3.2743112081858827,-3.991684003813326,0
CCR2-decoy_673,CCN(C(=O)c1ccnn1C)c1ccccc1,-6.962,-5.974374388338554,-6.2998486977007655,-5.403211077558536,-3.922760803510968,-3.8824540022568375,-3.5068134457798026,-4.496011469330319,-3.4753112081858824,-3.316684003813326,0
CCR2-decoy_674,N#Cc1cccc(C#N)c1Oc1ccc(N)cc1,-6.634,-5.588374388338554,-5.808848697700766,-5.124211077558536,-4.352760803510968,-3.616454002256837,-3.5148134457798026,-4.269011469330319,-3.003311208185882,-3.5336840038133266,0
CCR2-decoy_675,Cc1nn(c2ccccc2)c(C)c1C(=O)N(C)C,-8.016,-6.735374388338554,-6.962848697700766,-6.106211077558536,-4.305760803510968,-4.0874540022568375,-4.088813445779803,-5.050011469330319,-3.9073112081858823,-3.738684003813327,0
CCR2-decoy_676,Cc1ccc2c(c1C=O)[C@@](C)(C=O)CC2(C)C,-7.521,-6.599374388338554,-6.958848697700766,-5.306211077558537,-5.4287608035109685,-4.364454002256838,-4.320813445779803,-5.277011469330319,-3.8483112081858826,-4.174684003813327,0
CCR2-decoy_677,CCCc1c(C)nn(c2nc(C)cc(C)n2)c1C,-7.289,-6.719374388338554,-6.716848697700766,-5.233211077558536,-4.674760803510968,-4.129454002256837,-4.045813445779803,-5.122011469330319,-3.4993112081858824,-4.035684003813326,0
CCR2-decoy_678,CSC(=S)NCc1c[nH]c2ccccc12,-6.581,-5.933374388338554,-6.0658486977007655,-5.139211077558536,-3.614760803510968,-3.673454002256838,-3.362813445779804,-4.069011469330318,-2.7473112081858826,-3.079684003813326,0
CCR2-decoy_679,N#Cc1nc(CSCc2ccccc2)oc1N,-7.062,-5.849374388338554,-5.997848697700766,-5.110211077558536,-4.047760803510968,-3.4604540022568377,-3.3368134457798027,-4.480011469330319,-3.102311208185882,-3.0496840038133266,0
CCR2-decoy_68,CCCCOC1=C(NNC(=O)[C@H](CC(C)C)NC(=O)N2CCOCC2)C(=O)C1=O,-8.273,-7.120374388338554,-6.9168486977007655,-5.870211077558537,-4.939760803510968,-4.081454002256837,-4.491813445779803,-5.83601146933032,-4.509311208185882,-4.6076840038133255,0
CCR2-decoy_680,CC(C)C[C@@]12OO[C@]3(C)OC(C)(CCC31)O2,-7.055,-6.187374388338554,-6.760848697700766,-5.162211077558537,-4.278760803510968,-3.9284540022568377,-3.8158134457798023,-5.070011469330319,-3.713311208185883,-3.823684003813327,0
CCR2-decoy_681,C/C(=C/CC[C@@]1(C)[C@H]2CC[C@]1(C)[C@H](O)C2)CO,-6.877,-6.001374388338554,-5.851848697700766,-5.025211077558536,-4.312760803510968,-3.628454002256838,-3.519813445779804,-4.645011469330319,-3.6593112081858825,-3.7906840038133263,0
CCR2-decoy_682,COc1cc2c(C)nc(C)c(C#N)c2cc1OC,-6.346,-5.721374388338554,-5.176848697700766,-4.0902110775585365,-3.878760803510968,-2.873454002256837,-3.0998134457798026,-4.278011469330319,-2.655311208185882,-3.3076840038133266,0
CCR2-decoy_683,C#CCSc1nsc(SCC#C)c1C#N,-5.223,-4.305374388338554,-4.522848697700765,-3.2212110775585368,-2.668760803510968,-2.277454002256838,-1.975813445779803,-2.678011469330319,-2.046311208185882,-1.784684003813326,0
CCR2-decoy_684,CC(NNC(=O)c1ccncc1)c1ccccc1,-8.322,-7.074374388338554,-7.215848697700766,-6.183211077558536,-4.868760803510968,-4.868454002256838,-4.521813445779803,-5.552011469330319,-4.153311208185882,-4.524684003813326,0
CCR2-decoy_685,C[C@H]1C=C(C=O)C(C=O)=C[C@@H]2CC(C)(C)C[C@H]12,-6.003,-5.079374388338554,-5.2918486977007655,-3.986211077558536,-3.065760803510968,-2.461454002256837,-2.520813445779803,-3.2670114693303187,-2.293311208185882,-2.888684003813326,0
CCR2-decoy_686,CCNC(=O)Nc1nc2c(s1)CCCC2,-6.784,-5.910374388338554,-5.944848697700766,-4.881211077558536,-3.761760803510968,-2.9044540022568377,-3.4078134457798037,-4.339011469330319,-2.870311208185882,-3.4116840038133267,0
CCR2-decoy_687,O=C(NN=C1CCCC1)c1ccccc1O,-7.399,-6.7993743883385545,-6.572848697700766,-5.4412110775585365,-4.498760803510968,-4.235454002256837,-4.386813445779803,-5.416011469330319,-3.8183112081858814,-4.014684003813327,0
CCR2-decoy_688,CC1(C)CC2C=C(C=O)C3(C=O)CC3(C)C2C1,-8.042,-6.892374388338554,-7.401848697700766,-6.153211077558536,-5.192760803510968,-4.522454002256837,-4.669813445779803,-5.736011469330318,-4.122311208185883,-4.783684003813326,0
CCR2-decoy_689,OCc1ccncc1NCc1ccccc1,-6.9,-6.186374388338554,-6.391848697700766,-5.177211077558536,-4.070760803510968,-3.8454540022568375,-3.6188134457798022,-4.565011469330319,-3.3553112081858822,-3.4296840038133265,0
CCR2-decoy_69,C[NH+]1CCC=C(c2nsnc2OCCCCOc2nsnc2C2=CCC[NH+](C)C2)C1,-7.279,-7.141374388338554,-6.566848697700766,-5.936211077558537,-4.448760803510968,-4.421454002256837,-4.722813445779803,-4.985011469330319,-3.889311208185882,-4.097684003813327,0
CCR2-decoy_690,O=C(/C=C/c1ccc2c(c1)OCO2)c1ccco1,-7.511,-6.396374388338554,-6.749848697700766,-5.592211077558536,-4.947760803510968,-4.154454002256838,-4.388813445779803,-5.400011469330319,-3.6803112081858815,-4.472684003813327,0
CCR2-decoy_691,Cc1c(C)c2c(c(C)c1O)CCC(C)(CCO)O2,-7.087,-6.380374388338554,-6.276848697700766,-4.793211077558537,-4.556760803510968,-4.316454002256838,-3.802813445779803,-4.674011469330319,-3.448311208185882,-3.9536840038133274,0
CCR2-decoy_692,C[C@@H]1CC(=O)CC[C@@H]1OCc1ccccc1,-7.663,-6.834374388338554,-7.101848697700765,-6.201211077558536,-4.930760803510968,-4.690454002256837,-4.355813445779803,-5.356011469330319,-4.202311208185883,-4.366684003813326,0
CCR2-decoy_693,NC(=S)c1cccc(c2ccccn2)c1,-7.464,-6.615374388338554,-6.3478486977007655,-5.583211077558536,-4.5857608035109685,-3.6884540022568375,-3.997813445779803,-4.907011469330318,-3.5563112081858828,-4.087684003813326,0
CCR2-decoy_694,Cc1cc(Nc2ccccc2O)nc(C)n1,-7.027,-6.509374388338554,-6.727848697700765,-5.572211077558537,-4.419760803510968,-4.360454002256837,-4.138813445779803,-5.0880114693303184,-3.424311208185882,-3.832684003813326,0
CCR2-decoy_695,C=CCn1c2ccccc2c2nnc(S)nc21,-7.351,-6.281374388338554,-6.943848697700766,-5.530211077558536,-5.067760803510968,-4.271454002256838,-4.212813445779803,-5.024011469330318,-4.1433112081858825,-4.382684003813326,0
CCR2-decoy_696,O=C(c1ccc(c2ccccc2)o1)n1cccn1,-8.428,-7.267374388338554,-7.695848697700766,-6.571211077558537,-5.139760803510968,-4.848454002256837,-4.4428134457798025,-5.936011469330319,-4.344311208185882,-4.388684003813326,0
CCR2-decoy_697,OCc1ccc(Sc2nc3ccccc3[nH]2)o1,-7.039,-6.112374388338554,-6.263848697700766,-5.220211077558536,-4.714760803510968,-3.810454002256837,-3.816813445779803,-4.580011469330318,-3.4803112081858822,-3.650684003813327,0
CCR2-decoy_698,CCNc1nc(NC(C)C)c2ccccc2n1,-7.239,-6.302374388338554,-6.753848697700766,-5.419211077558536,-4.365760803510968,-4.248454002256837,-3.9648134457798023,-4.923011469330318,-3.7633112081858826,-4.234684003813326,0
CCR2-decoy_699,CCc1ccc2c(n1)C(C(N)=S)CCC2,-7.176,-5.967374388338554,-6.441848697700766,-4.962211077558536,-4.435760803510968,-4.073454002256837,-4.139813445779803,-4.733011469330319,-3.325311208185882,-3.9106840038133264,0
CCR2-decoy_7,Cc1c(CC(=O)[O-])c(=O)oc2cc3occ(c4ccc(Cl)cc4)c3cc12,-9.445,-8.569374388338554,-7.840848697700766,-7.003211077558536,-5.533760803510968,-5.852454002256838,-5.304813445779804,-6.590011469330319,-5.105311208185882,-5.9666840038133255,0
CCR2-decoy_70,Cc1cc(NC(=O)CSc2ncc(C(=O)Nc3ccccc3)c(=O)n2C)no1,-8.509,-7.704374388338554,-7.891848697700766,-7.163211077558536,-5.265760803510968,-4.960454002256837,-4.739813445779803,-5.835011469330318,-4.572311208185883,-5.036684003813326,0
CCR2-decoy_700,CC(C)=NNC1=C2C(=S)NN=C2CC(C)(C)C1,-7.115,-6.066374388338554,-6.0898486977007655,-4.916211077558536,-4.400760803510968,-3.706454002256837,-3.864813445779803,-4.650011469330319,-3.4723112081858822,-3.654684003813326,0
CCR2-decoy_701,CCP(=O)(OC)c1ccc2nc(c3cnc4ccccc4c3)oc2c1,-8.548,-6.855374388338554,-7.754848697700766,-7.306211077558537,-5.565760803510968,-5.534454002256837,-5.519813445779803,-6.226011469330318,-4.989311208185883,-5.464684003813327,0
CCR2-decoy_702,COc1cc(c2nc(O)c3c4c(sc3n2)CCCC4)cc(Cl)c1O,-8.117,-7.560374388338554,-7.577848697700766,-7.352211077558536,-5.914760803510967,-4.690454002256837,-5.2168134457798025,-5.669011469330318,-4.562311208185882,-4.597684003813326,0
CCR2-decoy_703,CC1(C)C(=O)NC(=O)c2c1ccc1[nH]c(Cc3c(Cl)cccc3Cl)nc21,-8.803,-8.366374388338555,-8.412848697700765,-7.783211077558537,-6.895760803510967,-5.727454002256838,-6.470813445779802,-7.331011469330319,-4.821311208185882,-6.224684003813326,0
CCR2-decoy_704,COc1ccc(Oc2c(Cl)cnn(c3cccc4c3CCCC4)c2=O)cc1,-9.094,-8.384374388338554,-8.191848697700765,-7.604211077558537,-6.490760803510968,-5.810454002256838,-6.247813445779803,-7.565011469330319,-4.581311208185882,-5.948684003813327,0
CCR2-decoy_705,COc1ccc(c2csc(n3ncc(c4cccs4)c3N)n2)cc1,-8.365,-6.462374388338554,-6.652848697700766,-6.208211077558536,-4.878760803510968,-3.8274540022568377,-4.597813445779803,-4.961011469330319,-4.139311208185882,-4.623684003813326,0
CCR2-decoy_706,O=C(CSc1nnc(c2ccc(F)cc2)o1)N1CCCc2ccccc21,-9.388,-9.105374388338554,-8.850848697700766,-7.148211077558537,-7.055760803510967,-6.505454002256837,-6.378813445779803,-7.901011469330319,-6.006311208185883,-5.943684003813326,0
CCR2-decoy_707,C[C@@H]1CC[C@H]2[C@H](CCCc3ccccc3)C(=O)O[C@@H]3O[C@@]4(C)CCC1[C@]32OO4,-9.999,-8.815374388338554,-8.642848697700765,-7.931211077558537,-6.114760803510968,-6.080454002256838,-5.776813445779803,-6.600011469330319,-5.509311208185883,-6.660684003813326,0
CCR2-decoy_708,COc1cc2c(c(O)c1CC=C(C)C)C(=O)[C@H](c1ccc(O)cc1)CO2,-8.658,-7.421374388338554,-7.787848697700765,-6.602211077558536,-5.559760803510968,-4.171454002256837,-4.889813445779803,-6.002011469330318,-4.215311208185883,-4.437684003813327,0
CCR2-decoy_709,C#Cc1c(SC)nn(c2c(Cl)cc(C(F)(F)F)cc2Cl)c1N,-8.776,-7.178374388338554,-7.893848697700765,-6.352211077558536,-4.521760803510968,-4.270454002256837,-4.103813445779803,-5.296011469330319,-4.062311208185882,-4.457684003813326,0
CCR2-decoy_71,CNC(=O)C1CC(=O)N(c2ccc(OCC(=O)Nc3ccc(OC)cc3)cc2)C1,-8.337,-7.535374388338553,-6.647848697700765,-5.907211077558537,-5.185760803510968,-4.576454002256837,-4.885813445779803,-6.061011469330319,-3.5443112081858823,-4.743684003813327,0
CCR2-decoy_710,O=C(C1CCN(c2ncnc3c2sc2cccc(F)c23)CC1)N1CCCC1,-8.724,-8.266374388338553,-8.530848697700765,-8.398211077558537,-6.767760803510969,-5.596454002256838,-5.990813445779804,-6.768011469330318,-5.796311208185882,-5.321684003813326,0
CCR2-decoy_711,Nc1cncc(c2ccc3noc(c4ccc(C(F)(F)F)cc4)c3c2)n1,-11.07,-9.270374388338556,-9.716848697700764,-8.786211077558537,-6.3357608035109685,-6.844454002256837,-6.366813445779803,-7.395011469330319,-5.661311208185882,-6.826684003813327,0
CCR2-decoy_712,Cc1c(N2CCOCC2)oc2c(C)c(OCc3ccccc3)ccc2c1=O,-8.925,-8.057374388338554,-7.821848697700766,-7.184211077558537,-6.059760803510969,-5.816454002256837,-5.523813445779803,-6.532011469330319,-5.171311208185882,-5.666684003813327,0
CCR2-decoy_713,CCC(=O)Nc1ccc2ncnc(Nc3cccc(Br)c3)c2c1,-8.755,-8.194374388338554,-7.821848697700766,-6.503211077558536,-5.898760803510967,-4.951454002256838,-5.611813445779802,-7.083011469330319,-4.471311208185883,-5.221684003813326,0
CCR2-decoy_714,CCOC(=O)Cc1c(C)nc2c(c3ccc(Cl)cc3)c(C)nn2c1C,-8.341,-7.827374388338553,-6.993848697700765,-5.716211077558536,-4.872760803510968,-4.760454002256838,-4.256813445779803,-5.686011469330319,-3.905311208185882,-4.278684003813327,0
CCR2-decoy_715,C/C(C=O)=C\[C@H]1CC[C@]2(O)[C@@H]3CC[C@@H]4C[C@@H](O)CC[C@]4(C)[C@H]3CC[C@]12C,-9.194,-8.907374388338553,-8.173848697700766,-7.108211077558536,-6.404760803510968,-5.697454002256837,-5.121813445779804,-6.579011469330318,-5.084311208185882,-5.736684003813327,0
CCR2-decoy_716,Cc1nc2ccnn2c(c2ccc(Cl)c(Cl)c2)c1C(=O)N1CCCCC1,-9.391,-7.817374388338553,-8.220848697700767,-6.493211077558536,-6.000760803510968,-5.312454002256837,-4.787813445779803,-6.375011469330319,-5.2283112081858825,-4.947684003813327,0
CCR2-decoy_717,COc1ccc(c2cc3c(c(OC)c2)OCCN(C(=O)C2CC2)C3)cc1C,-6.589,-5.749374388338554,-5.553848697700766,-5.017211077558536,-4.013760803510968,-3.062454002256837,-3.5868134457798027,-4.494011469330319,-3.2153112081858826,-3.130684003813326,0
CCR2-decoy_718,Cc1cccc(n2nc(C)c3c(N4CCOCC4)nc4ccccc4c32)c1,-9.936,-8.860374388338554,-8.478848697700766,-8.057211077558536,-6.807760803510968,-5.891454002256838,-5.800813445779802,-6.904011469330319,-5.552311208185882,-5.484684003813326,0
CCR2-decoy_719,CO[C@H]1c2cc(C(C)C)c(O)c(O)c2[C@@]23CCCC(C)(C)[C@@H]2[C@@H]1OC3=O,-9.293,-9.085374388338554,-8.690848697700766,-7.1592110775585365,-6.6017608035109685,-5.684454002256837,-5.534813445779802,-7.030011469330319,-5.055311208185882,-5.873684003813326,0
CCR2-decoy_72,Cc1cnc(NCCc2ccccc2)c(=O)n1CC(=O)NCc1ccn2ccnc2c1,-9.089,-8.551374388338553,-8.633848697700765,-7.738211077558537,-6.064760803510968,-5.5394540022568375,-5.810813445779804,-7.111011469330318,-5.426311208185883,-5.701684003813327,0
CCR2-decoy_720,COc1ccc(c2nccnc2C2CN(c3ccc4ccccc4n3)C2)cc1C,-9.502,-8.565374388338554,-8.929848697700766,-8.383211077558537,-7.177760803510967,-5.530454002256837,-5.926813445779803,-6.661011469330319,-5.225311208185882,-5.561684003813326,0
CCR2-decoy_721,CCCc1nc2c(C(F)(F)F)cccc2c(O)c1C(=O)Nc1nccs1,-7.969,-7.342374388338554,-8.313848697700767,-7.355211077558536,-6.138760803510968,-4.581454002256837,-5.230813445779804,-6.121011469330318,-4.391311208185883,-4.882684003813326,0
CCR2-decoy_722,COc1nc(c2ccc(F)cc2)c(c2ccc(S(C)(=O)=O)cc2)cc1C#N,-8.059,-6.765374388338554,-6.422848697700766,-5.771211077558537,-5.023760803510968,-4.850454002256837,-4.647813445779803,-5.497011469330319,-4.263311208185883,-4.153684003813327,0
CCR2-decoy_723,O=C1N(c2cc(Cl)nc(C3CC3)c2)CCN1c1cnccc1C1CC1,-8.677,-7.181374388338554,-7.376848697700765,-6.374211077558536,-5.464760803510968,-4.605454002256837,-5.321813445779803,-6.519011469330319,-4.408311208185882,-4.422684003813326,0
CCR2-decoy_724,CC(C)(C)OC(=O)c1ncn2c1CN=C(c1ccc(F)cc1)c1ccsc1-2,-8.959,-8.104374388338554,-8.444848697700765,-7.435211077558536,-6.433760803510968,-5.334454002256837,-5.972813445779803,-7.109011469330319,-5.096311208185883,-5.122684003813326,0
CCR2-decoy_725,COc1ccc2c(Cc3c(Cl)cncc3Cl)nnc(N3CCCC3)c2c1,-8.71,-7.192374388338553,-7.052848697700766,-6.389211077558537,-5.431760803510968,-3.975454002256837,-5.460813445779802,-5.833011469330319,-4.214311208185882,-4.602684003813327,0
CCR2-decoy_726,C#CCCn1c(Sc2ccc(Cl)cc2Cl)nc2c(N)ncnc21,-7.781,-6.994374388338554,-6.896848697700766,-5.767211077558536,-5.043760803510968,-4.370454002256838,-4.405813445779803,-5.546011469330319,-4.107311208185882,-4.451684003813327,0
CCR2-decoy_727,CCc1nn(c2ccc(F)cc2)c2c1CCN(c1cccc(OC)c1)C2=O,-8.683,-8.141374388338553,-8.130848697700765,-7.048211077558536,-5.6097608035109685,-4.881454002256838,-5.640813445779804,-6.853011469330319,-4.868311208185882,-5.2006840038133255,0
CCR2-decoy_728,Cc1ccc(C2(c3ccc(O)cc3)C(=O)Nc3c2ccc(F)c3F)cc1,-10.601,-9.498374388338554,-9.696848697700766,-7.766211077558536,-7.574760803510967,-7.011454002256837,-6.324813445779803,-8.693011469330319,-6.128311208185883,-6.9506840038133255,0
CCR2-decoy_729,N#CC(c1cccnc1)c1cnn(Cc2cccc3ccccc23)c(=O)c1Cl,-9.759,-8.806374388338554,-8.613848697700766,-7.957211077558536,-6.584760803510967,-6.090454002256838,-6.6848134457798025,-7.396011469330318,-5.134311208185882,-5.964684003813327,0
CCR2-decoy_73,C[C@@H](O)[C@@H](C)Nc1nc(Nc2ccc([S+](N)[O-])cc2)ncc1Br,-7.524,-6.587374388338554,-6.699848697700766,-5.738211077558536,-4.3677608035109685,-3.8114540022568377,-3.929813445779802,-4.837011469330319,-3.740311208185882,-4.147684003813327,0
CCR2-decoy_730,O=C1C2C3C=CC(C3)C2C(=O)N1c1ccc(c2nc3ccccc3o2)cc1,-9.03,-7.598374388338554,-7.879848697700766,-7.705211077558536,-5.701760803510968,-5.350454002256837,-5.896813445779802,-7.521011469330318,-4.943311208185882,-6.879684003813326,0
CCR2-decoy_731,CC(C)(C)c1ccccc1NC(=O)c1c(O)c2cccc3c2n(c1=O)CC3,-8.794,-7.9933743883385535,-8.315848697700766,-7.688211077558536,-6.523760803510967,-6.161454002256837,-5.812813445779803,-6.581011469330319,-5.560311208185883,-6.305684003813326,0
CCR2-decoy_732,C=CCN(C)c1ccnc2sc3c(=O)n(c4ccc(Cl)cc4)cnc3c12,-8.124,-7.833374388338553,-7.041848697700766,-6.164211077558537,-5.139760803510968,-4.291454002256837,-4.232813445779803,-5.249011469330319,-4.205311208185883,-4.187684003813327,0
CCR2-decoy_733,CC(C)(C)OC(=O)N1CCN(C(=O)CCCC2=CCc3ccccc32)CC1,-9.076,-8.412374388338554,-8.094848697700765,-7.295211077558536,-5.9287608035109685,-5.525454002256838,-5.594813445779803,-6.456011469330319,-5.176311208185882,-5.564684003813326,0
CCR2-decoy_734,Cn1c(=O)ccc2c(NC(=O)N[C@@H]3CCc4cc(C(C)(C)C)ccc43)cccc21,-9.224,-7.968374388338553,-7.831848697700765,-7.644211077558536,-6.538760803510968,-5.5874540022568375,-6.604813445779802,-7.754011469330319,-5.905311208185882,-6.388684003813326,0
CCR2-decoy_735,CC(C)(O)c1c(C(=O)NC2CCCC2)noc1c1ccc(C(F)(F)F)cc1,-9.895,-7.315374388338554,-8.666848697700766,-7.942211077558536,-5.406760803510968,-6.102454002256838,-5.670813445779803,-6.521011469330318,-4.734311208185883,-5.926684003813326,0
CCR2-decoy_736,COc1cc2c(cc1OC)C(=O)N1C=C(/C=C/c3ccc(F)cc3)C[C@H]1C=N2,-7.714,-7.064374388338554,-6.765848697700766,-5.877211077558536,-4.766760803510968,-4.483454002256837,-4.610813445779803,-5.465011469330319,-3.926311208185882,-4.306684003813326,0
CCR2-decoy_737,O=c1cnnc2n1-c1ccc(Oc3c(Cl)cccc3Cl)cc1CC2,-9.027,-7.9773743883385535,-8.038848697700766,-7.222211077558537,-5.675760803510968,-5.117454002256837,-5.299813445779803,-7.103011469330319,-4.891311208185883,-5.806684003813327,0
CCR2-decoy_738,O=C(COC(=O)c1ccc2ccccc2c1)c1cc2c3c(c1)CC(=O)N3CCC2,-10.335,-8.694374388338554,-9.819848697700763,-8.737211077558536,-6.001760803510969,-7.138454002256838,-6.587813445779803,-8.329011469330318,-5.021311208185883,-6.630684003813327,0
CCR2-decoy_739,CCc1nn(c2c(Cl)cc(Cl)cc2Cl)c2nc(C)nc(N)c12,-8.376,-7.041374388338554,-7.241848697700766,-5.910211077558537,-5.127760803510968,-4.740454002256838,-4.367813445779803,-5.891011469330319,-3.9253112081858825,-4.367684003813326,0
CCR2-decoy_74,CN(C)C(=O)Cn1cc(c2nc(C3(c4ccc(c5cnc(N)nc5)cc4)CC3)no2)cn1,-9.014,-7.989374388338554,-7.895848697700766,-6.428211077558537,-5.745760803510969,-5.239454002256837,-5.144813445779803,-5.528011469330318,-3.9653112081858826,-4.524684003813326,0
CCR2-decoy_740,CC(C)CC1C2=C(Oc3cc(O)cc(O)c31)C(C)(C)C(=O)C(C)(C)C2=O,-8.424,-8.310374388338554,-7.571848697700766,-7.029211077558536,-6.295760803510968,-5.4784540022568375,-5.154813445779803,-6.912011469330318,-4.726311208185883,-5.775684003813327,0
CCR2-decoy_741,CCOc1ccc(C2CC(=O)n3nc(c4ccc(C)cc4)nc3S2)cc1,-8.817,-7.001374388338554,-7.828848697700765,-7.023211077558537,-5.429760803510968,-5.322454002256837,-5.773813445779803,-6.673011469330319,-4.499311208185882,-5.344684003813326,0
CCR2-decoy_742,Cc1nc2c3c(c(C(=O)N(C)C)cn2c1C)CC[C@H](c1ccccc1F)O3,-9.465,-9.301374388338552,-8.889848697700765,-8.167211077558536,-6.443760803510967,-5.909454002256837,-6.296813445779803,-8.012011469330318,-5.680311208185882,-6.316684003813327,0
CCR2-decoy_743,CC1(C)Oc2ncnc(N)c2N=C1c1ccc(C2CCC(F)(F)CC2)cc1,-9.911,-8.481374388338555,-8.762848697700766,-7.941211077558536,-6.346760803510968,-5.910454002256838,-7.367813445779802,-8.017011469330319,-5.717311208185883,-6.546684003813326,0
CCR2-decoy_744,Cn1c(=O)c2ccc(c3cccnc3)cc2n2nc(c3ccc(Cl)cc3)cc12,-10.586,-9.523374388338556,-8.361848697700767,-7.823211077558536,-6.978760803510967,-6.0394540022568375,-5.878813445779803,-6.552011469330319,-5.197311208185883,-5.916684003813327,0
CCR2-decoy_745,O=C1/C(=C\c2ccc([N+](=O)[O-])cc2)c2ccccc2N1Cc1ccccc1,-9.701,-8.999374388338554,-9.239848697700763,-8.296211077558537,-7.213760803510969,-6.531454002256838,-6.234813445779803,-7.788011469330319,-6.206311208185882,-6.234684003813326,0
CCR2-decoy_746,CN(C)c1ccc(c2nc3ncnc(N)c3cc2Cc2ccccc2)cc1,-9.599,-7.4133743883385534,-8.078848697700765,-7.832211077558536,-6.890760803510968,-6.301454002256838,-6.097813445779803,-6.55401146933032,-5.434311208185882,-5.780684003813326,0
CCR2-decoy_747,CCCCCN1C(=O)C2(CC(=O)c3cc4c(cc32)OCO4)c2ccccc21,-9.117,-9.048374388338551,-8.683848697700766,-8.020211077558537,-6.718760803510968,-6.211454002256838,-5.6528134457798025,-7.126011469330319,-5.521311208185882,-6.248684003813326,0
CCR2-decoy_748,Nc1ccc(C(=O)N2CCN(c3nc4ccccc4c4ccccc34)CC2)cc1,-9.851,-8.176374388338553,-8.497848697700766,-7.495211077558537,-7.503760803510968,-6.392454002256837,-7.247813445779803,-7.515011469330318,-5.359311208185883,-6.235684003813326,0
CCR2-decoy_749,O=C(Nc1cc(Br)ccc1O)c1noc2c1CCc1ccccc1-2,-9.566,-8.037374388338554,-9.173848697700766,-8.377211077558536,-6.576760803510968,-5.931454002256837,-6.032813445779803,-6.57001146933032,-5.035311208185882,-5.695684003813327,0
CCR2-decoy_75,CS(=O)(=O)CCCOCc1cncc(c2cnc3c(c2)CCCN3C(N)=O)c1,-7.973,-6.720374388338554,-6.082848697700766,-5.227211077558536,-4.793760803510968,-3.6644540022568375,-4.346813445779803,-4.942011469330319,-3.916311208185882,-3.9106840038133264,0
CCR2-decoy_750,CCCn1c(NC(=O)C23CC4CC(CC(O)(C4)C2)C3)nc2ccccc21,-9.198,-7.705374388338553,-7.495848697700765,-7.012211077558536,-6.312760803510969,-5.020454002256837,-5.2778134457798025,-5.901011469330319,-5.027311208185882,-4.679684003813327,0
CCR2-decoy_751,CC(C)[C@H](NC(=O)c1ccccc1)c1n[nH]c(=S)o1,-7.7,-6.995374388338554,-6.994848697700766,-6.024211077558537,-4.993760803510968,-4.428454002256838,-4.287813445779803,-5.730011469330318,-4.332311208185883,-4.788684003813327,0
CCR2-decoy_752,Cc1ccc(S[C@H]2CC(=O)[C@@H]3OC[C@H]2O3)cc1,-7.932,-6.892374388338554,-7.100848697700766,-5.740211077558536,-4.815760803510968,-4.483454002256837,-4.310813445779803,-5.508011469330318,-4.012311208185882,-4.579684003813326,0
CCR2-decoy_753,CCOC(=O)c1cn(C)c(=S)n2c1nc1ccccc12,-7.567,-6.628374388338554,-6.691848697700766,-5.248211077558536,-4.470760803510968,-3.958454002256838,-4.472813445779803,-5.051011469330319,-3.841311208185882,-4.079684003813326,0
CCR2-decoy_754,CCOC(=O)c1c2cccccc2n2c(=O)cc(C)nc12,-5.646,-5.255374388338554,-4.846848697700766,-3.5082110775585367,-2.985760803510968,-2.354454002256838,-2.5168134457798037,-3.302011469330319,-2.269311208185882,-2.2006840038133264,0
CCR2-decoy_755,CN(C)c1ccc(C2C(=O)c3ccccc3C2=O)cc1,-8.112,-7.241374388338555,-7.5448486977007665,-6.577211077558536,-5.504760803510968,-4.932454002256838,-4.892813445779803,-5.482011469330319,-4.357311208185882,-4.999684003813327,0
CCR2-decoy_756,COc1ccc(C2COc3cc(O)cc(O)c3C2=O)cc1,-7.824,-7.007374388338554,-6.756848697700766,-5.770211077558536,-4.653760803510968,-4.496454002256837,-4.270813445779803,-5.017011469330319,-3.3803112081858826,-4.416684003813327,0
CCR2-decoy_757,COc1cccc(n2nc3c(S)nnc(C)c3c2C)c1,-7.233,-6.785374388338554,-6.623848697700766,-5.225211077558536,-5.027760803510968,-4.1964540022568375,-4.523813445779803,-5.766011469330319,-3.974311208185882,-4.203684003813327,0
CCR2-decoy_758,O=C(Cc1nc2ccccc2[nH]1)N/N=C/c1ccccc1,-9.292,-7.926374388338553,-8.512848697700766,-7.127211077558536,-5.777760803510969,-5.642454002256837,-5.416813445779804,-6.203011469330319,-4.559311208185882,-5.314684003813326,0
CCR2-decoy_759,Oc1ccc2nc(c3ccc(NCCF)nc3)oc2c1,-7.245,-6.254374388338554,-6.066848697700766,-5.287211077558537,-4.370760803510968,-4.109454002256838,-3.7298134457798033,-4.536011469330319,-3.2983112081858827,-3.997684003813326,0
CCR2-decoy_76,CNc1ncnc2ccc(C#CCNC(=O)c3cccn([C@H](CO)c4ccccc4)c3=O)cc12,-8.839,-7.916374388338554,-7.691848697700765,-7.849211077558536,-6.097760803510969,-5.278454002256838,-5.328813445779803,-6.155011469330319,-4.9703112081858825,-5.371684003813327,0
CCR2-decoy_760,COC(=O)CSc1nnc(C)n1c1ccc(C)cc1,-7.389,-6.065374388338554,-6.2838486977007655,-4.9812110775585365,-4.430760803510968,-3.546454002256837,-3.563813445779803,-4.774011469330318,-3.0723112081858828,-3.690684003813327,0
CCR2-decoy_761,O=C1NC(c2cccnc2)c2c1[nH]nc2c1ccccc1,-9.572,-8.192374388338553,-8.798848697700766,-7.293211077558537,-6.289760803510967,-5.785454002256838,-5.230813445779804,-6.771011469330318,-5.261311208185882,-5.614684003813327,0
CCR2-decoy_762,O=C(NCC1(CO)CC1)c1ccccc1C(F)(F)F,-7.552,-6.597374388338554,-6.994848697700766,-5.979211077558537,-4.455760803510968,-4.423454002256838,-4.263813445779803,-5.080011469330318,-3.4433112081858823,-3.909684003813326,0
CCR2-decoy_763,Cc1ccc(NC(=O)CSc2nnc[nH]2)c(C)c1,-7.911,-6.832374388338554,-6.538848697700765,-5.982211077558536,-4.516760803510968,-4.334454002256837,-4.034813445779803,-5.171011469330319,-3.4433112081858823,-4.303684003813326,0
CCR2-decoy_764,COc1ccc2c(c1)O[C@H](c1ccc(O)c(O)c1)CC2=O,-8.026,-7.214374388338554,-7.428848697700765,-6.514211077558537,-5.654760803510968,-4.985454002256837,-5.170813445779803,-6.152011469330319,-4.017311208185882,-4.940684003813326,0
CCR2-decoy_765,OCc1nc2cnc3[nH]ccc3c2n1C1CCCCC1,-7.606,-7.210374388338554,-6.4088486977007655,-5.331211077558536,-4.723760803510968,-4.075454002256838,-4.588813445779803,-5.178011469330319,-4.4333112081858825,-4.203684003813327,0
CCR2-decoy_766,Cn1nccc1/C=C1\CCC/C(=C\c2ccnn2C)C1=O,-7.581,-7.193374388338555,-7.048848697700766,-6.528211077558536,-5.568760803510968,-4.940454002256837,-5.031813445779803,-5.736011469330318,-3.9593112081858814,-4.537684003813326,0
CCR2-decoy_767,COCCC(=O)N1CCCC1c1cccc(C)c1C,-7.337,-6.480374388338554,-6.302848697700766,-5.461211077558536,-4.318760803510968,-3.955454002256838,-3.909813445779803,-4.934011469330319,-3.386311208185882,-4.146684003813326,0
CCR2-decoy_768,O=[N+]([O-])C1(Br)COC(c2ccccc2)OC1,-7.941,-6.667374388338554,-7.375848697700766,-5.914211077558536,-4.688760803510968,-4.644454002256838,-4.232813445779803,-5.363011469330319,-3.932311208185882,-4.107684003813326,0
CCR2-decoy_769,COC(=O)c1ccc(O)c(NC(=O)Cc2ccccc2)c1,-7.69,-7.609374388338553,-6.962848697700766,-6.418211077558537,-5.058760803510968,-4.929454002256838,-4.663813445779803,-5.89701146933032,-4.214311208185882,-4.572684003813326,0
CCR2-decoy_77,CCC(C)(C)NC(=O)CN(CC1CCCO1)C(=O)CCC(=O)Nc1nccs1,-7.586,-6.788374388338554,-6.804848697700765,-5.252211077558536,-4.131760803510968,-4.139454002256837,-4.106813445779803,-4.981011469330319,-3.525311208185882,-3.9826840038133264,0
CCR2-decoy_770,Cc1cccc(C(=O)Nc2ccc3c(c2)C(=O)NC3=O)c1,-8.633,-7.922374388338554,-7.468848697700766,-7.499211077558536,-6.343760803510968,-4.943454002256837,-5.479813445779802,-5.741011469330319,-4.493311208185882,-5.618684003813327,0
CCR2-decoy_771,COc1ccc2oc(C)c(C(=O)Cn3ccnc3)c2c1,-7.262,-6.629374388338554,-6.443848697700766,-4.9332110775585365,-4.919760803510968,-3.7284540022568375,-3.5758134457798025,-4.944011469330318,-3.174311208185882,-3.980684003813327,0
CCR2-decoy_772,COc1ccc2cccc(CCN3CCCC3=O)c2c1,-8.362,-6.949374388338554,-7.929848697700766,-6.303211077558537,-5.657760803510968,-5.394454002256838,-4.987813445779803,-5.850011469330319,-4.238311208185882,-4.744684003813326,0
CCR2-decoy_773,COC(=O)c1ccc(Cn2nc(C)cc2C)c(OC)c1,-7.156,-6.583374388338554,-6.375848697700766,-5.254211077558536,-4.574760803510968,-3.8694540022568376,-3.8628134457798033,-4.778011469330319,-3.2153112081858826,-3.7116840038133274,0
CCR2-decoy_774,O=c1oc2ccc(F)cc2n1Cc1cccc(F)c1,-8.463,-7.951374388338554,-8.270848697700766,-7.608211077558536,-5.759760803510968,-5.749454002256838,-5.437813445779803,-6.619011469330319,-5.177311208185882,-5.153684003813327,0
CCR2-decoy_775,CCOC(=O)Cn1c2ccccc2nc1c1ccccn1,-7.713,-6.589374388338554,-6.951848697700766,-5.565211077558536,-4.8757608035109685,-4.388454002256838,-3.7428134457798032,-5.661011469330319,-3.8953112081858814,-4.205684003813326,0
CCR2-decoy_776,Cc1cc(C(=O)C(C)C)c(O)c(Br)c1O,-6.401,-5.544374388338554,-5.800848697700766,-4.603211077558536,-3.873760803510968,-3.160454002256838,-3.465813445779803,-4.201011469330319,-2.775311208185882,-3.502684003813326,0
CCR2-decoy_777,CCc1c(C)c2ccc(OCC(=O)OC)cc2oc1=O,-7.117,-6.354374388338554,-6.261848697700766,-5.2312110775585365,-5.082760803510968,-3.645454002256837,-4.397813445779803,-4.883011469330318,-3.0693112081858827,-4.318684003813327,0
CCR2-decoy_778,O=C(C1=CC(=O)c2ccccc2C1=O)c1cccc(F)c1,-9.278,-8.756374388338553,-8.928848697700765,-7.482211077558537,-5.878760803510968,-5.776454002256838,-6.211813445779804,-7.072011469330318,-5.607311208185882,-6.207684003813327,0
CCR2-decoy_779,COc1ccccc1C1NNCc2nc3ccccc3n21,-8.852,-7.942374388338553,-8.361848697700767,-7.234211077558536,-6.288760803510968,-6.041454002256838,-5.287813445779802,-7.002011469330318,-4.756311208185882,-5.721684003813326,0
CCR2-decoy_78,O=c1[nH]c(NC2CCCC2)nc(N[C@@H]2C[C@H](CO)[C@@H](O)[C@H]2O)c1c1nc2ccccc2s1,-9.615,-8.447374388338554,-8.031848697700767,-7.919211077558536,-6.582760803510968,-5.872454002256838,-6.240813445779804,-7.3250114693303185,-5.2973112081858815,-5.7326840038133255,0
CCR2-decoy_780,CC(C)(CO)NC(=O)/C=C/c1ccc(Cl)cc1,-7.233,-6.135374388338554,-6.373848697700766,-4.8932110775585365,-4.221760803510968,-3.846454002256838,-3.811813445779803,-4.464011469330319,-3.413311208185882,-3.783684003813327,0
CCR2-decoy_781,CN(C)C(=O)CSc1nnc(c2ccccc2F)o1,-7.573,-6.749374388338554,-6.663848697700765,-6.308211077558536,-4.886760803510968,-4.314454002256838,-4.244813445779803,-5.831011469330319,-3.405311208185882,-4.052684003813327,0
CCR2-decoy_782,COc1nn(Cc2cccc(c3ccccc3)c2)c(=O)o1,-8.643,-7.8843743883385535,-7.828848697700765,-7.020211077558537,-5.699760803510968,-5.234454002256838,-5.430813445779803,-6.556011469330318,-4.637311208185882,-5.587684003813326,0
CCR2-decoy_783,CC1(C)CC(=O)C=C(NNC(=O)OC(C)(C)C)C1,-7.009,-6.291374388338554,-6.380848697700766,-5.206211077558536,-4.493760803510968,-3.943454002256837,-4.422813445779803,-4.982011469330319,-4.091311208185882,-4.159684003813326,0
CCR2-decoy_784,CCCCCn1nnc2c(=O)oc3ccccc3c21,-7.762,-7.245374388338554,-7.444848697700765,-6.0262110775585365,-5.398760803510968,-4.942454002256838,-4.800813445779803,-6.007011469330319,-4.337311208185882,-4.762684003813327,0
CCR2-decoy_785,COC1=CC(=O)O[C@@H](CCc2ccc3c(c2)OCO3)C1,-7.771,-6.707374388338554,-6.921848697700765,-5.7472110775585366,-5.082760803510968,-4.666454002256837,-4.294813445779803,-5.323011469330319,-3.8613112081858825,-4.483684003813326,0
CCR2-decoy_786,COc1ccc2nc(SC)c3c(C)ncn3c2n1,-6.519,-5.728374388338554,-5.506848697700766,-4.317211077558537,-3.794760803510968,-2.983454002256837,-3.185813445779803,-3.912011469330319,-2.5553112081858824,-3.2666840038133262,0
CCR2-decoy_787,Cc1cccc(NC(=O)Nc2cccc(C#N)c2)n1,-7.384,-6.915374388338554,-6.660848697700766,-5.708211077558536,-4.771760803510968,-4.129454002256837,-4.582813445779803,-5.214011469330319,-3.884311208185882,-4.291684003813327,0
CCR2-decoy_788,CC(=O)c1cccc(n2nc(C(C)=O)c(C(C)=O)c2C)c1,-7.781,-7.175374388338554,-7.003848697700766,-5.595211077558536,-4.933760803510968,-4.215454002256838,-4.4428134457798025,-5.882011469330319,-3.9623112081858816,-4.472684003813327,0
CCR2-decoy_789,Cc1c2c(c(C)n1C1CC1)C(C)(C(N)=O)CC2(C)C,-7.863,-6.870374388338554,-7.457848697700765,-5.868211077558536,-5.214760803510968,-4.556454002256838,-4.683813445779803,-5.305011469330319,-3.591311208185882,-4.494684003813326,0
CCR2-decoy_79,O=c1[nH]c(NC2CCC2)nc(N[C@@H]2C[C@H](CO)[C@@H](O)[C@H]2O)c1c1nccs1,-8.421,-7.524374388338554,-7.094848697700765,-6.212211077558536,-5.322760803510968,-4.658454002256837,-4.663813445779803,-6.005011469330318,-4.304311208185882,-4.640684003813327,0
CCR2-decoy_790,COc1cc(C=O)ccc1OC(=O)c1cccnc1,-7.165,-6.313374388338554,-6.5258486977007655,-5.844211077558536,-4.485760803510968,-3.737454002256838,-3.858813445779803,-4.946011469330319,-3.299311208185882,-3.6026840038133265,0
CCR2-decoy_791,CC(=O)N1CCc2[nH]nc(Nc3ccc(F)cc3)c2C1,-8.245,-7.738374388338554,-7.611848697700767,-6.622211077558536,-5.510760803510968,-5.016454002256838,-4.899813445779803,-6.152011469330319,-4.416311208185882,-4.701684003813327,0
CCR2-decoy_792,COc1c(=O)c2cc(O)ccc2oc1c1ccc(O)cc1,-7.64,-7.193374388338555,-6.677848697700766,-5.655211077558536,-4.780760803510968,-4.3534540022568375,-3.941813445779803,-5.530011469330319,-3.690311208185882,-4.197684003813326,0
CCR2-decoy_793,CCc1ccc(C2=Nc3c(N)ncnc3OC2(C)C)cc1,-8.928,-8.123374388338554,-7.522848697700766,-6.1912110775585365,-5.780760803510969,-4.689454002256838,-5.532813445779803,-6.028011469330318,-4.116311208185882,-5.037684003813327,0
CCR2-decoy_794,Cc1cc(C)n(c2nc(c3ccccc3)cc(=O)n2C)n1,-8.908,-8.184374388338554,-8.226848697700765,-7.416211077558536,-5.808760803510968,-5.516454002256838,-5.7778134457798025,-7.282011469330319,-5.446311208185882,-5.665684003813327,0
CCR2-decoy_795,COc1ccc(c2cc(=O)oc3c(O)c(O)ccc32)cc1,-7.99,-7.312374388338554,-6.518848697700766,-5.319211077558537,-4.396760803510968,-4.002454002256838,-3.949813445779803,-5.685011469330318,-3.7763112081858825,-4.336684003813327,0
CCR2-decoy_796,S=C(NCc1ccccc1)N/N=C/c1cccs1,-7.268,-6.630374388338554,-6.510848697700766,-5.546211077558536,-4.260760803510968,-4.069454002256838,-4.000813445779803,-5.203011469330319,-3.6173112081858823,-3.698684003813327,0
CCR2-decoy_797,Cc1ccn2c(C(=O)c3sc(N)nc3C)cnc2c1,-8.22,-6.927374388338554,-7.279848697700766,-5.805211077558536,-4.932760803510968,-4.074454002256838,-4.281813445779803,-5.239011469330319,-3.7103112081858822,-4.842684003813327,0
CCR2-decoy_798,CC(C)NC(=S)N/N=C1\CCCCc2ccccc21,-6.058,-5.335374388338554,-5.989848697700766,-4.685211077558536,-3.399760803510968,-3.1584540022568373,-3.183813445779803,-3.965011469330319,-2.6643112081858824,-2.851684003813326,0
CCR2-decoy_799,Cc1ccc2c(c1)C(=O)N(Cc1ccc(F)cc1)C2=O,-9.378,-8.183374388338555,-8.292848697700766,-7.188211077558536,-6.018760803510968,-5.617454002256837,-5.674813445779803,-6.511011469330319,-4.748311208185882,-5.914684003813326,0
CCR2-decoy_8,CCc1ccc(/C=C2\Oc3cc(OS(C)(=O)=O)ccc3C2=O)cc1,-8.902,-8.125374388338553,-8.123848697700765,-7.160211077558536,-5.908760803510969,-5.339454002256838,-5.458813445779803,-6.7130114693303184,-4.840311208185883,-5.371684003813327,0
CCR2-decoy_80,O=C(CCNC(=O)C1CCN(S(=O)(=O)c2ccccc2)CC1)NCCc1cccc(F)c1,-9.163,-7.848374388338554,-7.905848697700765,-6.976211077558537,-5.378760803510968,-5.535454002256838,-5.491813445779803,-6.605011469330318,-5.053311208185883,-4.899684003813327,0
CCR2-decoy_800,CN(Cc1ccco1)c1ncncc1c1ccoc1,-6.977,-5.693374388338554,-5.594848697700765,-4.728211077558536,-3.575760803510968,-2.8034540022568377,-3.244813445779803,-4.226011469330318,-2.729311208185882,-2.9436840038133267,0
CCR2-decoy_81,COc1ccc(S(=O)(=O)NCC(=O)N(CC(=O)NC(C)(C)C)Cc2cccs2)cc1,-7.801,-6.686374388338554,-7.308848697700766,-6.133211077558537,-4.510760803510968,-4.322454002256838,-3.8148134457798033,-5.520011469330319,-3.7623112081858814,-4.343684003813326,0
CCR2-decoy_82,COC(=O)CNC(=O)[C@H](CCCN1C(=O)C=CC1=O)NC(=O)OCc1ccccc1,-8.637,-7.241374388338555,-7.721848697700766,-6.147211077558536,-5.330760803510968,-4.554454002256837,-4.820813445779803,-5.944011469330318,-3.9473112081858823,-4.138684003813326,0
CCR2-decoy_83,CCCCC[C@@H](O)C#Cc1nc(NCC)c2ncn([C@@H]3O[C@H](C(=O)NCC)[C@@H](O)[C@H]3O)c2n1,-7.872,-6.936374388338554,-6.542848697700766,-5.772211077558536,-4.845760803510968,-3.8534540022568375,-4.479813445779803,-5.667011469330319,-3.9653112081858826,-3.927684003813327,0
CCR2-decoy_84,CNS(=O)(=O)Nc1cccc(Cc2c(C)c3ccc(OC(=O)N(C)C)nc3oc2=O)c1,-9.131,-8.051374388338553,-7.768848697700765,-6.757211077558537,-5.645760803510967,-5.247454002256838,-5.689813445779803,-6.767011469330319,-4.624311208185882,-5.624684003813327,0
CCR2-decoy_85,CCc1ccccc1NC(=O)CSc1nnc(c2nonc2NC(C)=O)n1C,-8.598,-8.019374388338553,-7.885848697700766,-6.898211077558537,-5.962760803510967,-4.894454002256838,-4.944813445779803,-6.561011469330319,-4.573311208185882,-4.650684003813327,0
CCR2-decoy_86,COc1cccc(/C=C/C(=O)O[C@H]2[C@H](O)[C@@H](CO)O[C@H]3OC[C@@H](c4ccccc4)O[C@H]23)c1,-9.796,-8.802374388338555,-8.608848697700767,-7.886211077558537,-6.564760803510968,-5.969454002256837,-6.421813445779803,-7.483011469330318,-5.164311208185882,-5.844684003813326,0
CCR2-decoy_87,C=CC[NH+]1CC[NH+](CCn2c(C)c(C(=O)OC(C)(C)C)c(C)c2C(=O)OCCC)CC1,-7.274,-6.546374388338554,-6.631848697700766,-5.4172110775585365,-4.564760803510968,-3.8804540022568377,-4.152813445779803,-5.324011469330319,-3.5103112081858825,-4.007684003813326,0
CCR2-decoy_88,COc1ccc(c2ccc3c(c2)CN(CC[C@](C)(C(=O)NO)S(C)(=O)=O)C3=O)c(F)c1,-8.396,-7.031374388338554,-7.208848697700766,-6.118211077558536,-5.2347608035109685,-4.488454002256837,-4.254813445779803,-5.720011469330318,-4.097311208185882,-5.060684003813327,0
CCR2-decoy_89,CC(=O)NC(Cc1ccc(F)cc1)C(=O)N1CCN(C(=O)NCc2ccccc2)CC1,-9.159,-8.913374388338553,-8.219848697700765,-7.295211077558536,-6.687760803510969,-5.701454002256838,-5.956813445779803,-7.007011469330319,-6.060311208185883,-6.229684003813325,0
CCR2-decoy_9,CCN1C(=O)N(c2ncc(C#Cc3cccc(F)c3)cn2)CC1(C)C,-7.236,-6.241374388338554,-6.040848697700766,-5.295211077558537,-4.487760803510968,-3.431454002256838,-4.1688134457798025,-4.911011469330319,-3.3133112081858824,-3.5846840038133267,0
CCR2-decoy_90,COc1cc(C)c(S(N)(=O)=O)cc1C(=O)Nc1cccc(c2nncn2C(C)C)n1,-8.291,-7.294374388338554,-7.421848697700765,-6.402211077558537,-5.5697608035109685,-4.7044540022568375,-4.959813445779803,-5.643011469330318,-3.8103112081858814,-5.759684003813327,0
CCR2-decoy_91,C=C1C(=O)O[C@H]2[C@H]3[C@@H](C=O)CC[C@@H](O)[C@]3(C)C[C@H](OC(=O)/C(=C/COC(C)=O)CO)[C@@H]12,-8.44,-7.644374388338553,-7.321848697700766,-6.198211077558536,-5.360760803510968,-4.434454002256838,-4.782813445779803,-6.459011469330319,-4.423311208185883,-4.957684003813327,0
CCR2-decoy_92,C=Cc1cccc(S(=O)(=O)NC[C@@H]2C[C@@H]3O[C@H](CO)[C@@H](OCc4ccccc4)[C@@H]3O2)c1,-9.67,-8.589374388338554,-8.612848697700766,-7.568211077558537,-6.614760803510968,-5.988454002256837,-5.629813445779803,-7.140011469330318,-5.310311208185883,-5.758684003813327,0
CCR2-decoy_93,Cc1nc2ccc(S(=O)(=O)NCC(=O)NCc3ccc4c(c3)OCO4)cc2s1,-8.426,-7.419374388338554,-7.7178486977007665,-5.830211077558537,-5.712760803510967,-4.453454002256837,-4.677813445779803,-6.667011469330319,-3.5393112081858824,-5.056684003813327,0
CCR2-decoy_94,O=C(NCCc1ccccc1)C(=O)NCC1OCCN1S(=O)(=O)c1ccc([N+](=O)[O-])cc1,-9.323,-8.562374388338554,-8.425848697700765,-7.419211077558536,-5.527760803510968,-5.506454002256838,-5.165813445779802,-6.987011469330319,-4.701311208185882,-5.6846840038133255,0
CCR2-decoy_95,Nc1nc(NCCc2cccc(Cl)c2)c2ncn(C3O[C@H](CO)[C@@H](O)[C@H]3O)c2n1,-8.853,-8.089374388338554,-7.655848697700765,-6.966211077558537,-5.576760803510968,-5.156454002256838,-5.422813445779802,-6.512011469330318,-4.966311208185882,-5.373684003813326,0
CCR2-decoy_96,C[NH2+]CCNc1c2c(c(NCC[NH2+]C)c3occc13)C(=O)c1ccccc1C2=O,-8.178,-7.196374388338555,-6.749848697700766,-5.944211077558537,-4.766760803510968,-4.831454002256837,-4.571813445779803,-5.3380114693303184,-4.303311208185883,-4.301684003813326,0
CCR2-decoy_97,Cn1c(=O)c2[nH]c(c3ccc(OCC(=O)NCc4ccc(F)cc4)cc3)cc2n(C)c1=O,-9.928,-8.686374388338553,-8.309848697700765,-7.803211077558537,-6.810760803510968,-5.533454002256837,-6.127813445779802,-6.973011469330318,-4.390311208185882,-5.976684003813327,0
CCR2-decoy_98,C=C1C[C@](OC)([C@H](O)C(=O)N[C@@H]2OCO[C@H]3[C@@H]2O[C@H](CO)C(C)(C)[C@@H]3OC)O[C@H](C)[C@@H]1C,-8.626,-8.115374388338553,-7.712848697700766,-6.8002110775585365,-5.828760803510969,-5.422454002256838,-5.544813445779804,-5.843011469330319,-4.617311208185883,-5.042684003813326,0
CCR2-decoy_99,COc1ccc(Nc2nc(=O)n(CCO)c(=O)n2Cc2ccc(Cl)cc2)cc1F,-9.208,-7.690374388338554,-8.214848697700766,-7.011211077558537,-6.120760803510969,-4.995454002256837,-5.721813445779803,-6.808011469330319,-4.420311208185883,-5.318684003813326,0
