ligand_id,SMILES,cluster00_BE,cluster01_BE,cluster02_BE,cluster03_BE,cluster04_BE,cluster05_BE,cluster06_BE,cluster07_BE,cluster08_BE,cluster09_BE,is_active
ASD10910007,O=C(NCCOCCOCCn1ccnn1)c1ccc(Oc2ccc(Cl)cc2NS(=O)(=O)c2ccc(Cl)c(C(F)(F)F)c2)cc1,-10.9306260816387,-8.708298099558784,-9.649560576191863,-7.199912467666206,-5.532712305786308,-4.409862731849677,-4.278487200879663,1.4524078740511808,-2.6790397558800727,-2.283517585192886,1
ASD10910002,CC(=O)C1=C(O)C(=O)N(c2ccc(Cl)cc2F)C1C1CCCCC1,-9.84252055585023,-7.570422641674973,-8.722353836615596,-7.735719659965646,-5.295689764834658,-6.304912341074838,-5.449175426762112,-4.867938026692679,-3.344816919963292,-6.309818085472866,1
ASD10910005,O=C(CCCn1ccnn1)C1=C(O)C(=O)N(c2ccc(Br)cc2F)C1C1CCCCC1,-9.8021809127463,-7.051595627674544,-6.799137400424656,-7.129886834281226,-5.0658108998924085,-5.540530257663358,-4.770996142649173,-5.585207128514488,-3.4411745132518528,-5.656108399633727,1
ASD10910004,O=C(CCCn1ccnn1)C1=C(O)C(=O)N(c2ccc(Cl)cc2F)C1C1CCCCC1,-9.72390166786235,-6.285583173326214,-8.423054415464536,-7.203471100933596,-5.530727875140428,-6.023746744633368,-5.060711548787543,-6.503736763167929,-3.5846777677851627,-6.160829412354067,1
ASD10910012,O=C(NCc1c[nH]nn1)c1ccccc1Oc1ccc(Cl)cc1NS(=O)(=O)c1ccc(Cl)c(Cl)c1,-9.46455994365008,-7.473232942191563,-7.005603361364996,-6.396991608980937,-6.2612753190334285,-5.412427434627158,-4.724141133702173,-6.026683597598439,-3.594387129309462,-5.825453189886087,1
ASD10910008,O=C(NCCOCCOCCn1ccnn1)c1ccc(Oc2ncc(Cl)cc2NS(=O)(=O)c2ccc(Cl)c(C(F)(F)F)c2)cc1,-9.44801395208095,-7.635318421632924,-6.871161296413166,-6.596241291160537,-5.212896348809828,-2.986204472729828,-4.983992240623843,-4.14219253744591,-3.666631161247592,-4.054895844872756,1
ASD10910010,O=C(NCc1c[nH]nn1)c1ccc(Oc2ncc(Cl)cc2NS(=O)(=O)c2ccc(Cl)c(C(F)(F)F)c2)cc1,-9.44597081629881,-7.574391030228753,-7.574421484934856,-6.728231543508397,-6.061708266976797,-6.640441857625417,-6.024034166534284,-4.906323985663249,-3.393102463186822,-5.315600327590406,1
CCR2-decoy_345,COc1ccc(Cn2c(CCc3ccccc3)nnc2[C@@H](Cc2c[nH]c3ccccc23)NC(=O)CNC(=O)C2(C#N)CCOCC2)cc1,-9.29932980785837,-5.012147115482654,-3.508876867149306,-4.221407869419807,-1.325182699539018,-4.662685220808178,-4.538797007464843,-6.192250764364919,-2.7062357173625022,-4.575123898540746,0
CCR2-decoy_254,Cc1cn([C@H]2C[C@H](N=[N+]=[N-])[C@@H](COP(=O)(OCCS(=O)(=O)c3ccccc3)Oc3ccc(Cl)cc3)O2)c(=O)[nH]c1=O,-9.28609540055953,-7.883101472355664,-7.378097333658726,-4.987649811745056,-5.409976996137588,-4.594758207600847,-6.449532203760363,-6.539481045696158,-4.6976410736802325,-6.050884078464106,0
CCR2-decoy_157,O=C([O-])COc1cccc2c1CCC(Cn1cc(C(c3ccccc3)c3cccnc3)cn1)C2,-9.24785646592925,-5.403355770426054,-7.496385368232087,-6.962583657789656,-4.534919019213108,-6.569588880189258,-4.275716030134733,-6.477435566158899,-3.709334236337962,-5.483296233528346,0
CCR2-decoy_746,CN(C)c1ccc(c2nc3ncnc(N)c3cc2Cc2ccccc2)cc1,-9.21227961648302,-5.435757571830984,-6.263341718835576,-7.375865928608666,-4.995697698410798,,-5.057509421804474,-3.868458816461429,-2.681908600847533,,0
CCR2-decoy_325,CO[C@H]1O[C@@H]([C@@H](O)C(=O)OCc2ccccc2)[C@@H](OCc2ccccc2)[C@@]2(OCc3ccccc3)[C@@H](OCc3ccccc3)CO[C@@H]12,-9.19688600208747,-6.731280012956904,-7.8490076028424465,-5.073576107387556,-5.678122912078338,-3.976891274609968,-5.343166857411493,-6.108453490582679,-3.9532903591204223,-2.793634140313986,0
CCR2-decoy_323,CC(C)C(NC(=O)OCc1cccc(C(C)(C)C)n1)C(=O)N[C@@H](Cc1ccccc1)[C@@H](O)C[C@H](Cc1ccccc1)NC(=O)OCc1cccnc1,-9.1252425542478,-6.768344189626634,-6.095107044556696,-5.340612528298326,-5.214658152054668,-6.021231370669367,-4.029940910737913,-6.051281803383199,-4.431974978075032,-4.603959011053647,0
CCR2-decoy_234,CCOC(=O)[C@H](Cc1c[nH]c2ccccc12)NP(=O)(OC[C@H]1O[C@@H](n2cc(/C=C/Br)c(=O)[nH]c2=O)C[C@@H]1O)Oc1ccccc1,-9.02062686999505,-7.157132521121744,-7.537350355033586,-7.961252961184467,-6.091897854562559,-6.754269378664738,-5.137746089325873,-6.124012374977038,-5.0890745411585225,-6.142238390237406,0
CCR2-decoy_395,CC(C)C[C@H](NC(=O)[C@H](CCc1ccccc1)CP(=O)(O)CCCCNC(=O)Cc1ccccc1)C(=O)Nc1ccccc1,-8.96998951633435,-7.281590863807745,-6.212497396866426,-7.658498201046386,-5.847732681562869,-5.440735232858808,-5.242855804131644,-3.497415824675409,-2.6213824960931227,-5.7341703731064655,0
CCR2-decoy_332,CCOC(=O)CNC(=O)C(=O)C(COCc1ccccc1)NC(=O)[C@H](CC1CCCCC1)NC(=O)Cc1cccc2ccccc12,-8.9655000809358,-6.756348756708434,-6.773447679648496,-4.794348132951447,-5.0107638138075785,-5.192017102049277,-2.8163549425787133,-2.733006921720609,-2.0660183765740223,-3.7274680135782967,0
CCR2-decoy_371,CC(C)COc1cc(C(=O)N[C@@H](Cc2ccc3ccccc3c2)C(=O)[O-])ccc1NC(=O)[C@@H]([NH3+])Cc1ccc2ccccc2c1,-8.94753750199251,-7.016067831105654,-5.843881743387676,-6.527364957962787,-4.0593533413922485,-5.240226068899197,-4.485294807492743,-3.204255446655089,-3.3516936611349326,-4.432800392061137,0
ASD10910011,O=C(NCc1c[nH]nn1)c1ccc(Oc2ccc(Cl)cc2NS(=O)(=O)c2ccc(Cl)c(Cl)c2)cc1,-8.93816057482951,-6.624350063643254,-7.237027799984856,-6.541880372277307,-5.508553013432178,-4.687052095549108,-4.063198545569343,-4.781932316799729,-3.752324063871132,-4.768602199058966,1
CCR2-decoy_288,C=CC[C@@H](CC(=O)N[C@@H](CO)Cc1ccccc1)C(=O)NC[C@@H](OC(=O)[C@@H](CC=C)CC(=O)OC(C)(C)C)c1ccccc1,-8.83969394686388,-5.363501247519614,-4.487219517190086,-6.033734846139145,-3.772045990238568,-3.468765453474358,-4.293475210456653,-5.1816528184219095,-2.737889026187593,-3.862710297128906,0
CCR2-decoy_311,CCCCCOC(=O)[C@H](Cc1ccccc1)NP(=O)(OC[C@H]1O[C@@H](n2cc(/C=C/C(=O)OC)c(=O)[nH]c2=O)C[C@@H]1O)Oc1cccc2ccccc12,-8.83854518526229,-5.025458013984354,-6.303502319296326,-6.517038816241197,-6.275220917430488,-5.626122855963368,-7.555951321426003,-6.490456799820519,-5.669781692974983,-4.910337651052716,0
CCR2-decoy_394,COc1ncc(Cc2cn(CCCC(=O)NCc3ccc(c4ccccc4)cc3)c(SCc3ccc(F)cc3)nc2=O)cn1,-8.80087620808051,,-5.438659140767466,-5.424825905324775,-4.313848810991078,-2.8088125362967773,-0.465508604845283,-3.195105040462649,-3.3220446069086726,-2.8273858300032666,0
CCR2-decoy_488,CSc1nn2cc(c3nc4c(OC[C@@H]5CCCN5C(=O)[C@H](NC(=O)c5ccccc5)c5ccccc5)cccc4o3)nc2s1,-8.79802196784938,-6.892309706743254,-5.890933577014006,-6.202345580380207,-4.325333595277228,-3.851426784060547,-2.2685922464954427,-4.405077463399749,-3.5203467815802325,-4.058869101726776,0
CCR2-decoy_270,CCOC(=O)[C@@H](NP(=O)(OC[C@H]1O[C@@H](n2cc(/C=C/Br)c(=O)[nH]c2=O)C[C@@H]1O)Oc1cccc2ccccc12)C(C)C,-8.74461334246291,-7.570185227985354,-7.072618783962586,-5.624497023018035,-5.399041410250898,-5.405536718854458,-5.891931686043304,-6.399362434342079,-4.366108066907523,-4.168717944863606,0
CCR2-decoy_141,COC(=O)c1cc(F)c(F)cc1c1ccc(OCc2cccc(C(=O)N3CCC[C@H]3C(=O)[O-])c2)cc1,-8.70837296300475,-4.115411194230654,-4.496634212265316,-3.971761311802006,-3.309383375928138,-1.635950301161298,-2.194819404197913,-3.48919340529548,-2.4123922899619226,-2.196464170187146,0
CCR2-decoy_738,O=C(COC(=O)c1ccc2ccccc2c1)c1cc2c3c(c1)CC(=O)N3CCC2,-8.70083280304288,-6.539384991285654,-6.901637046200566,-5.847623273468576,-4.334055485273908,-3.750678475081438,-4.383031834342953,-2.370102128539569,-4.1572172789192825,-4.769725264964226,0
CCR2-decoy_204,CCN(Cc1csc(C(C)C)n1)C(=O)NC(C)C(=O)N[C@@H](Cc1ccccc1)[C@@H](O)C[C@H](Cc1ccccc1)NC(=O)OCc1cncs1,-8.69594975957481,-5.218775163600994,-6.112316500297516,-4.964464835366867,-5.304544205403748,-4.666507715062967,-4.616192896791183,-5.99883477917574,-4.266782734110103,-4.728064183918196,0
CCR2-decoy_756,COc1ccc(C2COc3cc(O)cc(O)c3C2=O)cc1,-8.64622918128183,-6.552858473373634,-6.184947444287726,-5.460017237317185,-4.466444615741798,-4.064941261347178,-4.568943831392583,-4.51082999331414,-2.8662924747322327,-3.9968210245086864,0
CCR2-decoy_603,Cc1cccc(Cn2nc(C)n3c(cc4cc(C)ccc43)c2=O)c1,-8.64420531880815,-6.338356059188554,-5.257558074444386,-6.192614199325897,-2.098103640780578,-3.9716447173042777,-2.575530851694973,-4.941006131397469,-2.3712275786048327,-5.257285022365677,0
CCR2-decoy_364,CC(C)C[C@H](NC(=O)[C@H](Cc1ccccc1)NC(=O)C[C@@H](NC(=O)c1ccc2ccccc2c1)c1ccccc1)C(=O)[C@@]1(C)CO1,-8.63436468250114,-5.597118520707424,-6.834020766723196,-5.786077337200526,-4.970136598957188,-4.071459863940888,-5.074618100512822,-3.75670821432188,-3.7579701794763727,-4.778137747153316,0
CCR2-decoy_314,CC(C)C(NC(=O)OCc1cnco1)C(=O)N[C@@H](Cc1ccccc1)C[C@H](O)[C@H](Cc1ccccc1)NC(=O)OCc1cccnc1,-8.62442730605051,-6.773608096314164,-5.969603253824756,-6.096669777447396,-5.926899985191389,-6.066875428337957,-4.338810825789493,-5.44610545207231,-4.852743173455623,-3.785888596891816,0
CCR2-decoy_272,CC1(C)C2CC1[C@]1(C)OB(C(CCC/C(S)=N/N)NC(=O)[C@@H]3CCCN3C(=O)[C@H](Cc3ccccc3)NC(=O)OCc3ccccc3)O[C@@H]1C2,-8.60839096329851,-6.763535032599354,-7.666057337671376,-7.4566845926292356,-6.1773108461315385,-4.751395767372628,-5.722219820089974,-5.674769072181839,-4.295649658477473,-5.306436591827797,0
CCR2-decoy_228,Cc1ncc(COC(=O)N[C@@H](Cc2ccccc2)C[C@H](O)[C@H](Cc2ccccc2)NC(=O)C(NC(=O)N(C)Cc2csc(C(C)C)n2)C(C)C)s1,-8.59333886552957,-6.145906165452234,-6.285473985230856,-4.2208417425235965,-5.705782117403588,-3.557624508944168,-4.378818645270673,-5.737545364529519,-3.632509070181892,-4.822078624181186,0
CCR2-decoy_614,Cc1cccc(n2ncc(C)c2c2cc3ccncc3s2)n1,-8.58796360465726,-7.201298925467723,-7.099221519032296,-3.943992874276156,-3.524952577320418,-4.6492879129989175,-5.384506212567713,-6.303109734837658,-2.7656291064523826,-4.288375939173147,0
CCR2-decoy_319,CC(=O)N[C@H](C(=O)N[C@@H](Cc1ccccc1)C[C@H](O)[C@H](Cc1ccccc1)NC(=O)[C@@H]1CN(c2cccc(C(C)=O)c2)C(=O)O1)C(C)C,-8.55179820297806,-3.457183781894764,-6.812597387632066,-6.579252989944386,-6.930221840075529,-3.978324802926768,-5.318844597343343,-3.585308902878249,-4.797647024478232,-3.9558591190756864,0
CCR2-decoy_274,Cc1cncc(CN(C)C(=O)NC(C(=O)N[C@@H](Cc2ccccc2)[C@@H](O)C[C@H](Cc2ccccc2)NC(=O)OCc2cccnc2)C(C)C)n1,-8.52701169686416,-6.901253567011134,-6.547311940783476,-6.115250327274367,-6.061004342853899,-4.512864936430898,-5.432912548745703,-5.844026261898589,-4.593010445586512,-3.509113879910826,0
CCR2-decoy_33,CSc1nc2ccsc2c(=O)n1CC(=O)N(C)c1ccccc1,-8.51883287803747,-5.340796864248814,-7.784155345901006,-5.505166393338296,-3.920408843019368,-4.760332378977317,-3.1672682305248125,-5.21408969947931,-1.627734790625582,-4.818693770632537,0
CCR2-decoy_306,CC(C)CC(NC(=O)[C@@H](Cc1c(Br)[nH]c2ccccc12)NC(=O)C(CC(C)C)NC(=O)N1[C@@H](C)CCC[C@H]1C)C(=O)[O-],-8.50194643024911,-6.305705029405784,-6.390466165815746,-4.513962294419256,-5.533523802458128,-4.462804476858348,-4.303647968677013,-5.043333198552309,-3.5979807396103327,-4.959135822198466,0
CCR2-decoy_250,CC(C)C(NC(=O)N(C)Cc1csc(C(C)(C)C)n1)C(=O)N[C@@H](Cc1ccccc1)C[C@H](O)[C@H](Cc1ccccc1)NC(=O)OCc1cccnc1,-8.48909713623428,-4.572519929490134,-7.453354505364256,-5.693882752140777,-5.514379095909808,-5.915254337011458,-4.1218914346579325,-5.573722798018158,-5.569641352631152,-3.0128862690231566,0
CCR2-decoy_388,O=C(Cc1cc2ccccc2o1)Cc1nnc(CCSCCc2nnc(NC(=O)Cc3cc4ccccc4o3)s2)s1,-8.4582622051703,-6.527307600844744,-6.638091621647136,-6.621733225918666,-4.747639400767278,-4.575616015423708,-3.589047184492853,-5.535926047320888,-3.5770810680233422,-3.0546759117349964,0
CCR2-decoy_324,COc1ccc(COC(=O)NC(C(=O)N[C@@H](Cc2ccccc2)[C@@H](O)C[C@H](Cc2ccccc2)NC(=O)OCc2cccnc2)C(C)C)nc1,-8.42749081382618,-6.086355608847444,-7.402571590027435,-5.979190671178065,-7.050874407754348,-6.812492909290038,-5.395167024945064,-4.1968094433566,-5.045290196105943,-5.240317600026476,0
CCR2-decoy_367,CC(C)CN1C[C@@H]([C@H](O)[C@H](CC2CCCCC2)NC(=O)[C@H](Cc2c[nH]cn2)NC(=O)[C@H](Cc2ccccc2)NC(=O)OC(C)(C)C)OC1=O,-8.41239701638151,-6.317990553328814,-7.404146656736685,-5.806132592906897,-5.747076349847598,-3.896481881228097,-4.562204160634033,-4.95294147050835,-3.521599379587933,-5.748847074265747,0
CCR2-decoy_28,CSc1nnc(SC2=C([O-])CC(c3ccccc3)CC2=O)s1,-8.40558245599452,-6.264963163320344,-6.882251125862796,-5.791708916850435,-4.2170348837541685,-4.906646084713097,-4.305176234673953,-5.59645043307501,-2.7490821079099126,-3.880360585437906,0
CCR2-decoy_258,CCOC(=O)[C@H](Cc1ccccc1)NP(=O)(N[C@@H](Cc1ccccc1)C(=O)OCC)c1ccc(c2nc(N)sc2CC(C)C)o1,-8.36419802205162,-5.952763087491154,-4.096202063752116,-6.213850550925027,-5.129804019807279,-3.676105309775277,-4.225497547975853,-1.6932950303327288,-2.914313095239792,-4.576936964415246,0
CCR2-decoy_537,O=c1n(Cc2nc(c3ccccc3C(F)(F)F)no2)nc(c2ccc(Cl)cc2)n1C[C@H](O)C(F)(F)F,-8.35729266515923,-6.590244170227154,-7.651324139446466,-5.2995728541391465,-5.1269098917302784,-4.730091443637608,-3.353675558592463,-5.0277814557310485,-3.435524684896162,-5.264916818920346,0
CCR2-decoy_423,CCCCc1nc2ccn(C(C(=O)N(C)C)c3ccccc3)c(=O)c2n1Cc1ccc(c2ccccc2C2=NNN=N2)cc1,-8.34761581197604,-3.534384931813374,-4.863708850029616,-3.646539215782006,-4.084365974315648,-3.268740908639118,-2.350071807671533,-3.224086565552589,-2.5083787105420123,-1.8517508599724064,0
CCR2-decoy_410,COc1cc2c(c(OC)c1OC)-c1c(cc3c(c1OC)OCO3)C[C@H](C)[C@](C)(O)[C@H]2OC(=O)c1ccc(C#N)cc1,-8.34732711612994,-6.600079444063934,-6.907142593076125,-3.946594956087136,-2.036093220564548,-1.4440970138283475,-4.277099808094283,-4.0147124605201885,-4.222748301848163,-4.302143937275896,0
CCR2-decoy_360,CCc1cn2c3c(cc(C(=O)N[C@@H](Cc4ccccc4)[C@H](O)C[NH2+]C(COC)c4cccc(C(F)(F)F)c4)cc13)N(C)S(=O)(=O)C1(CC1)C2,-8.33980134755172,-6.370120191006404,-6.930865576546076,-5.764957984327356,-6.417575800526517,-3.738046784113587,-5.012398010791733,-3.633853446507279,-3.3721799479985526,-4.079549505395846,0
CCR2-decoy_190,CC(C(=O)[O-])c1ccc(CSc2nc(SCc3ccccc3F)[nH]c(=O)n2)cc1,-8.33824386567009,-6.020624169451774,-7.278725665380275,-5.743809668095135,-4.734117439725639,-4.993666151315258,-4.386567322477753,-4.60715750074672,-3.843245435839292,-6.062418686229117,0
CCR2-decoy_387,C[C@@H]1CO[C@H]([C@H](O)[C@H](CC2CCCCC2)NC(=O)[C@H](Cc2c[nH]cn2)NC(=O)[C@H](Cc2ccccc2)NC(=O)OC(C)(C)C)C1,-8.32985051049302,-6.174239780960084,-6.053987212176386,-5.790615653780845,-6.230128188546779,-3.896752981666207,-4.693476034542963,-4.68329050090483,-3.586988362772172,-3.517732792066636,0
CCR2-decoy_245,CNC(=O)CCc1cn(Cc2ccc(C(=O)NS(=O)(=O)c3ccccc3C)cc2OC)c2cc(C(=O)NCC3CCCC3)ccc12,-8.32426940255025,-3.203913887016614,-1.4250554882979958,-0.4138957125740958,-3.3691875973943777,-1.8259985490661776,-1.5392486257500932,0.3211064799464607,,-2.0271444821830062,0
CCR2-decoy_123,COc1ccc([C@@H]2C[C@@H](SC3CCCC3)[C@H](C(=O)[O-])CN2S(=O)(=O)c2ccccc2C)cc1,-8.31888427212227,-4.643708685185524,-4.724163065502686,-3.705145574776776,-2.9344668242905785,-0.1970156553151474,-2.740429732727073,-2.424444039289009,-1.7511821595211128,-3.0507725899541267,0
CCR2-decoy_708,COc1cc2c(c(O)c1CC=C(C)C)C(=O)[C@H](c1ccc(O)cc1)CO2,-8.31560595890947,-4.637390714905154,-6.116382399260326,-6.999731337986727,-5.502526954051248,-4.438121049136417,-3.5715471268450427,-4.517391471497799,-2.1879965596034223,-2.652282537699977,0
CCR2-decoy_599,O=C([O-])CCCn1c2ccccc2c2ccccc21,-8.30089790479169,-5.782416419404154,-6.686218848609066,-5.626650550967707,-3.867439594822709,-4.375707400377937,-3.4783896518399238,-3.560060799184519,-3.2278684185600026,-4.912553995392587,0
CCR2-decoy_229,COc1ccccc1Oc1c(NS(=O)(=O)Cc2ccccc2)nc(c2ncccn2)nc1OCCOc1ncc(Br)cn1,-8.2802075404557,-6.187580375992764,-5.967664079355796,-5.213913589081976,-4.986593774589288,-2.8193067191740475,-3.2159404517464827,-2.532674971774099,-2.402861990371622,-2.678099850824746,0
CCR2-decoy_147,O=C([O-])COc1cccc2c1CCC(Cn1ncc(c3ccccc3)c(c3cccc(F)c3)c1=O)C2,-8.23736778669119,-5.267338374403314,-5.7704440241582855,-4.193130202508845,-5.632422413097838,-6.069757296929668,-3.663732981725153,-4.187731429028119,-2.0199094239406925,-1.659604105093086,0
CCR2-decoy_296,CC(C)c1nc(CN(C)C(=O)NC(C(=O)N[C@@H](Cc2ccccc2)C[C@H](O)[C@H](Cc2ccccc2)NC(=O)OCc2cccnc2)C(C)C)cs1,-8.22411501806376,-5.987575072508424,-6.002002772525676,-5.253641185480886,-5.035935007398988,-5.735687301945038,-6.428199873687962,-4.185326396938889,-3.0383980573863125,-4.329837249153987,0
ASD10910006,O=C(NCCOCCOCCn1ccnn1)c1ccc(Oc2ccc(Cl)cc2NS(=O)(=O)c2ccc(Cl)c(Cl)c2)cc1,-8.21886206807232,-3.701474182528374,-5.2533653690080655,-6.000304056215096,-4.3772175863700085,-4.510117790767348,-4.630459380777173,-4.05407166490115,-2.0340555054629323,-5.427694695579806,1
CCR2-decoy_191,C=C(C)CN(C1Cc2cc(C#N)ccc2N(Cc2cncn2C)C1)S(=O)(=O)c1ccccc1,-8.21332910566661,-6.680212214384334,-4.114840846749956,-5.026330396307955,-5.664531701410658,-5.391031993350758,-3.953672080325763,-4.48098326642603,-3.644629728662812,-3.538392429454756,0
CCR2-decoy_301,C=CCO/N=C(\Cn1c(=O)c2cc(CC)sc2n(Cc2ccc(c3ccccc3c3nc(=O)o[nH]3)cc2)c1=O)c1ccc(OC)cc1,-8.19999970853163,-6.429692320991354,-4.557036913502686,-6.870707151314896,-1.921578610563528,,-0.2762839635842331,,-3.442577360105473,,0
CCR2-decoy_176,O=C([O-])CC/C=C\C[C@@H]1CN(S(=O)(=O)c2cccc3cnccc23)C[C@H]1c1ccccc1O,-8.19187782966573,-6.691371050566484,-3.928845535747525,-4.213426954857447,-2.491783338203658,-2.930704201948587,-3.896751664474283,-3.617178530195489,-3.3349175628624828,-3.518678654289066,0
CCR2-decoy_349,O=C(Nc1ccccc1C(=O)N[C@@H](Cc1ccccc1)C[C@H](O)[C@H](Cc1ccccc1)NC(=O)OCc1cncs1)OCc1ccccn1,-8.18066383926037,-6.489021858563814,-6.839549610915686,-6.650485555372606,-6.6924065416407785,-3.660895341434328,-6.813557819231162,-5.481297774579529,-5.123129182845022,-3.862266893635416,0
CCR2-decoy_545,CCCCc1nc2ccc(C3CC(C(=O)OCC)=NO3)cc2c(=O)n1Cc1ccc(c2ccccc2C2=NNN=N2)cc1,-8.17376374603953,-3.587867625675204,-5.382194993551336,-3.727398309195176,-1.502246519664808,-3.376902286196268,-3.814773603350473,-3.379393230275269,-0.7651479225290925,-1.520505946205076,0
CCR2-decoy_727,CCc1nn(c2ccc(F)cc2)c2c1CCN(c1cccc(OC)c1)C2=O,-8.17336784809098,-4.128688864830854,-4.655564250286106,-2.787644358258216,-3.7000489878384784,-2.6904274733487377,-2.891584653498863,-3.73385026046906,-3.749382970748212,-0.2922146758500963,0
CCR2-decoy_352,CCCOC(=O)[C@H](Cc1ccccc1)NP(=O)(CO[C@@H]1C=C(F)[C@H](n2cnc3c(N)ncnc32)O1)Oc1ccccc1,-8.14177816181695,-7.035404276070194,-5.622537331427006,-6.428702114425567,-6.481472916862108,-3.5699164163593977,-5.434475433978443,-3.784994009274509,-3.5556216670824528,-4.339867203697766,0
CCR2-decoy_407,O=C(Nc1ccccc1)/C(=C/[C@@H]1O[C@H](c2ccccc2)O[C@@H]2CO[C@@H](c3ccccc3)O[C@@H]12)C(=O)c1ccccc1,-8.13200916646002,-5.333279068795644,-4.969158119248416,-5.036825125737407,-4.499068099497878,-2.453521257621857,-4.088845172109883,-3.005618449113729,-4.366070641884122,-1.3635023117713967,0
CCR2-decoy_379,Cc1cccc(C)c1OCC(=O)N[C@@H](Cc1ccccc1)C(O)C[C@H](Cc1ccccc1)NC(=O)[C@@H]1CN(c2cccc(C(F)(F)F)c2)C(=O)O1,-8.12338134529428,-6.765217581086184,-6.685338814173876,-6.982706164743396,-8.142768059509567,-4.654409021279108,-5.923861689556352,-4.883018419058329,-3.5120456792268726,-2.6792994890834567,0
CCR2-decoy_774,O=c1oc2ccc(F)cc2n1Cc1cccc(F)c1,-8.09679709406032,-7.220493775511704,-6.859277317934166,-6.250595980628706,-5.830190292032569,-5.107165796553577,-4.180767412051273,-6.517212354848979,-4.297773846321323,-5.034427711354077,0
CCR2-decoy_315,CCCCC(NC(=O)[C@@H](Cc1c(Br)[nH]c2ccccc12)NC(=O)C(CC(C)C)NC(=O)N1[C@@H](C)CCC[C@H]1C)C(=O)[O-],-8.09319439399386,-6.579231566544124,-7.260221392029416,-5.179348253264466,-4.340368974012948,-4.275962854295488,-5.069072353780683,-4.865474958399869,-3.621825181471783,-6.2456442523413465,0
CCR2-decoy_131,Cc1ccc(C(=O)OCC2OC(N3C=CSCC3=O)C[C@H]2OC(=O)c2ccc(C)cc2)cc1,-8.09294202381186,-6.483339602716784,-5.818711266290106,-5.165943505343815,-4.9086722519045285,-2.3405883924791877,-4.826508459440663,-5.319376604539579,-3.410885527955072,-3.868691955576266,0
CCR2-decoy_606,O=C1c2ccccc2C(=O)c2c(/C=C\N3CCCCC3)ccnc21,-8.08567270364332,-5.412247577469464,-5.039106243551855,-4.216069818102156,-2.6294289143717178,-4.878529702097397,-3.3723718108186027,-5.472181974345508,-3.666235212621702,-4.600808711793116,0
CCR2-decoy_62,O=c1ccn(COCCCS(=O)(=O)NC(c2ccc(F)cc2)c2ccc(F)cc2)c(=O)[nH]1,-8.08374689729565,-4.909333873240224,-5.2769791792136855,-6.355871744599577,-3.7756500841539378,-3.188947824202968,-4.799838711034053,-3.79804273520062,-2.3395398109218224,-3.2020613055427463,0
CCR2-decoy_302,CC(C)(C)OC(=O)N[C@@H](Cc1ccccc1)C[C@H](O)[C@H](Cc1ccccc1)NC(=O)c1ccccc1NC(=O)OCc1ccccn1,-8.07369709061785,-6.448921347210184,-5.540500445008946,-5.8282516673443965,-3.872130271684168,-3.9158813968011073,-4.696620979089633,-3.605359961905509,-4.290693659416382,-4.045590990431377,0
CCR2-decoy_298,O=C(N[C@@H](Cc1ccccc1)P(=O)(O)[C@@H]1CCC[C@H]1C(=O)N[C@@H](Cc1c[nH]c2ccccc12)C(=O)[O-])OCc1ccccc1,-8.07059777539207,-8.796321379736304,-7.717082396592895,-7.951912222041086,-7.005699384468308,-6.039164381369877,-5.862656701801432,-6.631779457279629,-5.218481903555412,-5.650957037540007,0
CCR2-decoy_130,Cc1cc(F)c(F)cc1c1ccc(OCc2cccc(CN3[C@H](C(=O)[O-])CCS3(=O)=O)c2)cc1,-8.06918026207945,-5.875048235705874,-5.574814035828306,-5.033981163946606,-3.305661466578658,-3.281848636308488,-1.0075361385175627,-2.126991520258519,-2.641776027910282,-2.2919681828430463,0
CCR2-decoy_623,CCC1=NN(c2ccc(F)cc2)C(=O)C1Oc1ccccc1,-8.03975038759369,-7.325419282059764,-6.447074525079186,-5.797893833224967,-5.227644404831678,-4.411346951162858,-4.731986752305483,-4.703189353304369,-3.052106767733762,-4.8483465416090255,0
CCR2-decoy_143,COc1ccc([C@@H]2SCC(=O)N2CCN2C(=O)CS[C@@H]2c2ccc(OC)c(F)c2)cc1F,-8.02545081278463,-6.051366771135174,-5.160493322047586,-4.368203676165315,-4.100612795735398,-2.7118265755749578,-2.8593839399449825,-2.585658004913339,-3.995182220288382,-2.5566647710295367,0
CCR2-decoy_586,O=C1CCCC1n1cc(c2ccc(F)cc2)nn1,-8.01613920804043,-6.227550924958264,-6.2001973630448655,-5.655264297427067,-4.340555116320188,-4.266706749898928,-4.342926293470823,-4.533273529718159,-2.8320014317587727,-4.145725682609877,0
CCR2-decoy_385,CC(C)CC(NC(=O)[C@H](Cc1ccccc1)C[C@H](O)[C@H](Cc1ccccc1)NC(=O)OC(C)(C)C)C(=O)NCCc1ccccc1,-8.00818363973405,-5.050412882029164,-5.815345401238946,-4.274620387075967,-5.213115235515008,-4.723431048585328,-4.285683965530323,-4.883216182395039,-3.3405346564264526,-3.1478107535497264,0
CCR2-decoy_321,Cc1ccc(S(=O)(=O)N2CC2CO[C@@H]2O[C@@H]3CO[C@H](c4ccccc4)O[C@@H]3[C@H](OCc3ccccc3)[C@H]2OCc2ccccc2)cc1,-8.00047518196239,-5.123090655485254,-6.424096384103866,-3.457087661847066,-3.994318612892508,-3.326524874906098,-3.514572018522763,-3.9303203324263394,-3.528053679485942,-4.655558587394935,0
CCR2-decoy_453,Cn1cc(c2c(COc3cccc4ccccc34)cc(=O)n3c2SC[C@H]3C(=O)NS(C)(=O)=O)c2ccccc21,-7.96318820220875,-6.237150326519664,-4.503321633629866,-4.900137890091965,-4.774376638999138,-4.217960135888408,-3.764770100933753,-3.0382212189982893,-3.849305917081432,-4.118607881104476,0
CCR2-decoy_287,Cc1cc(N)cc(C)c1OCC(=O)N[C@@H](Cc1ccccc1)C[C@H](O)[C@H](Cc1ccccc1)NC(=O)OC1COC2OCCC12,-7.9628216181107,-5.507682541563784,-7.570411602913985,-6.8980287396741655,-4.275640372706808,-4.192022092795828,-5.306021880066643,-3.013171400964159,-3.4341113088505626,-4.263956619743286,0
CCR2-decoy_38,COC(=O)C1C([O-])=C(/C(C)=N/c2cccc3ccccc23)C(=O)CC1(C)C,-7.94433307960077,-4.608545248951664,-5.523633529057146,-4.931559945521727,-2.631439293363388,0.2473220802384523,-3.122050706701464,-2.199283400180359,-1.9722367095671327,-2.7786942030906365,0
CCR2-decoy_344,CCc1nc(CN(C)C(=O)NC(C(=O)N[C@@H](Cc2ccccc2)C[C@H](O)[C@H](Cc2ccccc2)NC(=O)OCc2cncs2)C(C)C)co1,-7.93540802735966,-7.082145529783474,-6.489280686700396,-7.755142845647786,-5.625970342897498,-3.1896452974042875,-4.738564620912303,-4.463214142198529,-5.326686986680853,-3.637759104143417,0
CCR2-decoy_742,Cc1nc2c3c(c(C(=O)N(C)C)cn2c1C)CC[C@H](c1ccccc1F)O3,-7.9294038555833,-5.746629621016394,-7.717440518267676,-6.503213998136216,-6.196226119019968,-5.702053893961198,-5.356261892980612,-5.001007483631129,-2.4140097355703825,-4.931669248371186,0
CCR2-decoy_656,COc1cccc2oc(C(=O)C[S+](C)[O-])cc12,-7.87029168599509,-5.655624089895064,-6.364044226700756,-6.133537073225606,-3.518628299862618,-3.9691166666589472,-3.637608357003823,-3.2253148062364496,-3.299257570661342,-3.912288823096376,0
CCR2-decoy_452,CC(C)(C)OC(=O)N[C@@H](Cc1ccccc1)[C@@H](O)C[C@@H](Cc1ccc(O)cc1)C(=O)NC1c2ccccc2C[C@@H]1O,-7.84795988299699,-6.107143614774494,-7.278075627215175,-6.400191084970256,-5.0052172334855785,-3.493556094458357,-4.913445115968983,-6.038696062724588,-3.696989799553652,-3.608788227591006,0
CCR2-decoy_282,CS(=O)(=O)N(c1ccc(F)cc1)c1cc(C(=O)N[C@@H](Cc2ccccc2)[C@H](O)C[NH2+]Cc2cccc(C(F)(F)F)c2)cc(N2CCCC2=O)c1,-7.84298759122002,-6.909255540964534,-7.371564503759076,-6.9638797666847765,-5.502206418762578,-4.701634822097107,-6.220685166984513,-5.688241375855789,-4.110104163542473,-5.036189101378257,0
CCR2-decoy_275,CC(C)C(NC(=O)N(C)Cc1cscn1)C(=O)N[C@@H](Cc1ccccc1)[C@@H](O)C[C@H](Cc1ccccc1)NC(=O)OCc1cccnc1,-7.83649791239941,-5.694300878173574,-7.358587675690986,-5.904547325688846,-5.479922904060448,-4.074994831629818,-5.693182266684932,-4.761711814010209,-4.576548476310652,-3.750358993377506,0
CCR2-decoy_679,N#Cc1nc(CSCc2ccccc2)oc1N,-7.80927962518546,-5.389764792861044,-5.972683592303556,-4.730441584356106,-4.216522435633018,-3.885760451892808,-2.7366687262761333,-4.2450968876376685,-2.7515312129960625,-3.4934771722161067,0
CCR2-decoy_597,COP(=O)([O-])c1ccc(C(F)(F)F)cc1,-7.80264366921523,-6.356332226765844,-6.639527062151666,-6.192994553934756,-4.581797185926008,-2.948700734756888,-3.7098599445693727,-4.641919377237999,-3.511379456495382,-4.372782534738536,0
CCR2-decoy_500,CC1=CCC[C@H]2[C@@]1(C)[C@@H](OC(=O)c1cccnc1)[C@H](OC(=O)c1ccccc1)[C@](C)(O)[C@]2(C)/C=C/C1=CC(=O)OC1,-7.79969863870464,-7.132134489044994,-6.441690460938436,-3.423130746390396,-4.447930336694488,-2.1995396525584576,-4.803846123772003,-3.3973762621802392,-3.826093157794692,-1.619472951430886,0
CCR2-decoy_362,COc1ccc(C(=O)/C=C/c2ccc(OCc3cn(C4C(=O)N(c5ccc(C)cc5)C4/C=C/c4ccccc4)nn3)c(OC)c2)cc1,-7.78896792109855,-6.187986651303454,-7.352853600846846,-4.268676359209795,-4.787673350479978,-2.2619159705362675,-5.073186032846323,-3.990507523431589,-2.9098394026058028,-5.486570883210856,0
CCR2-decoy_585,O=C(O/N=C/c1ccc(F)cc1)N1CCOCC1,-7.78374659527958,-6.749562393027084,-6.354960922727196,-4.440042000235977,-4.494076221472448,-4.178696377972008,-4.032050740703653,-4.287644600507919,-2.411164757785702,-4.204806082094946,0
CCR2-decoy_185,O=C(Cc1ccccc1)OC1C=CC(n2ccc(=O)n(Cc3cc(F)cc(F)c3)c2=O)C1,-7.75339076362914,-6.829674934826834,-7.233333773691466,-5.8256170072199165,-4.452743157812318,-4.611545711482318,-3.754381180785283,-3.481349637242039,-1.7243160025045423,-2.8874038020651964,0
CCR2-decoy_664,N#Cc1ccccc1CSC1=NCCS1,-7.74238559597406,-5.740090948245844,-7.003616762402456,-5.852572081641595,-4.013793473603578,-4.493084873677248,-2.7844268400933228,-5.103847329645339,-3.122263719806292,-4.160523193766126,0
ASD10910013,O=S(=O)(Nc1cncc(Cl)c1)c1ccc(Cl)c(C(F)(F)F)c1,-7.70745572519751,-5.767560191783614,-6.768982930966676,-5.7212551957324855,-5.346347142976478,-3.815279860609468,-4.789780708359513,-4.89820311531269,-3.2057451186588724,-4.653005354852727,1
CCR2-decoy_339,CCCC[C@H](C)[C@@H]1CC(=O)N[C@@H](C(c2ccccc2)c2ccccc2)C(=O)N[C@@H](CC(N)=O)C(=O)N[C@H](C[C@@H](C)CC)C(=O)O1,-7.68862513739253,,-5.858331993830876,-5.909513390646106,-6.035930425081949,-3.224311504188387,-2.9658634514085733,-3.773562806197839,-3.853447307876502,-2.487528405702566,0
CCR2-decoy_799,Cc1ccc2c(c1)C(=O)N(Cc1ccc(F)cc1)C2=O,-7.67820375190599,-6.000362440179734,-5.977733143242906,-4.341575131007476,-4.382085586082968,-4.460246465168508,-4.050427872846703,-5.4085345706211285,-2.509536579536732,-4.145031778018276,0
CCR2-decoy_605,COc1nn2cc(c3ccc(F)c(C(F)(F)F)c3)nc2s1,-7.67222220195312,-6.219081028476724,-6.196136161026685,-5.262228237444736,-5.425321091815768,-4.249211701669748,-4.438377226743463,-4.246288633247389,-3.186726385318292,-3.5218841824699165,0
CCR2-decoy_625,O=C(CSc1nc2ccccc2s1)c1ccc(O)c(O)c1,-7.66891166205789,-6.650904305673014,-6.5230879436022455,-4.856296150394426,-4.1812181013047685,-4.967855523086058,-4.238799872676503,-4.734275988426079,-3.0319630584233224,-4.209424657991407,0
CCR2-decoy_322,CCCN1C[C@@H]([C@H](O)[C@H](CC2CCCCC2)NC(=O)[C@H](Cc2c[nH]cn2)NC(=O)[C@H](Cc2ccccc2)NC(=O)OC(C)(C)C)OC1=O,-7.66706644583038,-6.735610862555144,-7.344794134783456,-8.169934672361036,-5.306203031991168,-4.479628372337017,-5.272605452233522,-5.436945657580059,-3.706619356996752,-3.8750852030015865,0
CCR2-decoy_696,O=C(c1ccc(c2ccccc2)o1)n1cccn1,-7.66661922413522,-6.303669591263074,-6.122209954578626,-5.405921604517417,-3.419153505571088,-3.849953020146428,-3.3650194381670038,-3.095786014806929,-2.0443037233742123,-3.569278126660926,0
CCR2-decoy_290,CC(C)C[C@H](NC(=O)c1cc2c(OC(C)C)cccc2[nH]1)C(=O)N[C@@H](C[C@@H]1CCNC1=O)C(=O)c1nc2ccccc2s1,-7.65884027877591,-4.664832199473014,-5.934786926259896,-5.166368553175145,-3.0740578322177177,-4.911115954931187,-4.110068960019183,-4.4990058621820594,-0.9545114177850024,-2.1596595349107064,0
CCR2-decoy_318,C=C[C@@H]1C[C@]1(NC(=O)[C@@H]1CN(c2ccc(c3cccc(OC)c3)cc2)CN1C(=O)[C@@H](NC(=O)OC1CCCC1)C(C)(C)C)C(=O)NS(=O)(=O)C1CC1,-7.656750585691,-5.182718661037284,-6.852088350455726,-6.645957608323087,-4.731382026674978,-3.1655886410749474,-4.065863025426553,-3.7098090779132895,-3.3867664717380928,-2.8405960961771264,0
CCR2-decoy_711,Nc1cncc(c2ccc3noc(c4ccc(C(F)(F)F)cc4)c3c2)n1,-7.64020366052594,-6.448102545688104,-6.144782663176226,-5.390512683939946,-3.797419367264518,-3.274283841739157,-3.696339412309613,-3.3719875844037595,-3.5835422645698323,-3.7294723137316863,0
CCR2-decoy_95,Nc1nc(NCCc2cccc(Cl)c2)c2ncn(C3O[C@H](CO)[C@@H](O)[C@H]3O)c2n1,-7.63676655031893,-6.079345445618604,-6.293548421569266,-6.227974019429597,-4.618057668688038,-4.8255925748263575,-4.784091026681363,-4.3361216706399,-3.074596257000942,-4.345429387136086,0
CCR2-decoy_589,CC[S+]([O-])C1=CC(=O)c2ccccc2C1=O,-7.63551867378706,-5.624314994471574,-6.784492295663986,-5.675622496045927,-4.113992139518498,-4.200129032777298,-3.641968178980143,-4.190049959898179,-3.522354887995093,-3.862162203150087,0
CCR2-decoy_400,OCCOCC[NH2+]Cc1cccc(C#Cc2cc3ncnc(Nc4ccc(OCc5cccc(F)c5)c(Cl)c4)c3s2)n1,-7.63140332778127,-5.804068400669994,-4.960909954565576,-3.2771946013552262,-3.1015040962782283,-4.128163392158368,-2.683564444439293,-5.233569009933479,-2.2049782098894326,-4.241769314604186,0
CCR2-decoy_551,N#Cc1cccc(c2cncnc2n2ccnc2)c1,-7.62596093400688,-5.710825325840094,-6.302291673422956,-5.934981118009766,-3.0623637753013684,-4.097922768520808,-3.495846090036623,-3.711583186433329,-2.0776641267710128,-4.279876994726936,0
CCR2-decoy_412,Cc1c(N2CCC(NC(=O)c3ccc(Sc4ccccc4)cc3C(F)(F)F)CC2)nnc(c2ccnn2C)c1C,-7.61939461170849,-6.757571251460704,-5.602619621625895,-6.294312961572636,-3.9472032798862378,-3.100015527597468,-2.447405501248473,-3.2628796005425893,-1.684159275103812,-2.7458792831412566,0
CCR2-decoy_243,CC(C)C[C@H](NC(=O)[C@H](CC(C)C)NC(=O)N1CCCCC1)C(=O)N[C@@H](Cc1c[nH]c2ccccc12)C(=O)N1CCC[C@H]1COc1ccc(F)cc1,-7.61431474266378,-5.960947604556464,-6.915685406826566,-5.775825196649016,-6.184695161659558,-2.7392672463492174,-5.115640392474832,-4.960288209582039,-5.169315495225113,-3.8864609042589366,0
CCR2-decoy_120,C[C@@H]1CN(c2ccc(F)cc2C(F)(F)F)CCN1S(=O)(=O)c1cccc(OC(C)(C)C(=O)[O-])c1,-7.60215085921795,-5.678728567403894,-5.131435765740746,-4.560110170003815,-3.336263854732188,-1.7780708709365074,-3.199238130464053,-2.632288399692689,-2.6000732313681825,-2.086037177698696,0
CCR2-decoy_628,Clc1ccccc1c1nc2ccccc2c(n2ccnc2)n1,-7.59965555532508,-6.791827813989794,-5.5898800594302855,-4.3504502095874855,-3.609352749828278,-1.3220783067822677,-4.263684248054683,-3.8641886041823192,-2.584330352101822,-3.3371746228905765,0
CCR2-decoy_613,CCCC(=O)Nc1n[nH]c2cc(c3ccc(F)cc3)ccc12,-7.58878971301215,-5.492132307582634,-5.990377142919486,-4.925622068246756,-2.5783606346917978,-4.217547439735437,-2.340644203482353,-3.632153267774589,-2.478571459834142,-3.1276619491209567,0
CCR2-decoy_728,Cc1ccc(C2(c3ccc(O)cc3)C(=O)Nc3c2ccc(F)c3F)cc1,-7.58877684022738,-7.275822977682864,-7.024852259515736,-4.900162484934556,-4.857395352417648,-4.487942608152218,-3.1301952917647933,-5.841016310151268,-3.2154757597995527,-4.764236874055976,0
CCR2-decoy_220,CC(C)[C@H](NC(=O)CCc1cccnc1)C(=O)NC(Cc1ccc(OCc2ccccc2)cc1)C(=O)C(F)(F)C(=O)NCc1ccccc1,-7.5860578941561,-5.427039347663994,-4.459502328389895,-6.475387015908286,-4.7894939360024384,-3.803503746694978,-4.935244437348813,-3.80276693713932,-3.238577694965672,-2.191503299891286,0
ASD10910014,O=S(=O)(Nc1ccccc1)c1ccc(Cl)c(Cl)c1,-7.56653639036151,-5.915465773853934,-6.326371430005066,-5.401719069298986,-4.669707071517268,-4.275759377525527,-3.984263507526153,-4.954156669560788,-3.615083283776152,-4.708440516866526,1
CCR2-decoy_8,CCc1ccc(/C=C2\Oc3cc(OS(C)(=O)=O)ccc3C2=O)cc1,-7.56101565528035,-5.982020953891644,-5.931878712765886,-3.299539322745236,-2.008146874725368,-3.217722078986108,-2.252793677297263,-3.671949327291769,-1.6156818441410925,-4.403861661649627,0
CCR2-decoy_52,O=C(COC(=O)CNC(=O)c1cccc([N+](=O)[O-])c1)Nc1nc2ccccc2s1,-7.56101189608997,-6.810536255209754,-5.669542678160516,-4.570623140302546,-3.3216151068737982,-2.538953812748617,-3.5450947263996837,-5.311634949891419,-3.929737239966732,-1.9160569294392864,0
CCR2-decoy_721,CCCc1nc2c(C(F)(F)F)cccc2c(O)c1C(=O)Nc1nccs1,-7.55542712125858,-5.105226345866694,-6.330444233426296,-6.444209803435916,-4.022471571123818,-2.7375568022204178,-1.634680234207143,-3.488394153401059,-2.2690231075613623,-2.290166678953006,0
CCR2-decoy_470,CO[C@@H]1C[C@@H](/C(S)=N/CCc2ccccn2)N(C(=O)NCc2ccc(C(=O)N3CCCCc4sccc43)cc2Cl)C1,-7.55251244223618,-6.175463596988764,-6.0364393516669255,-5.057217990285556,-4.399509064345818,-3.858860421978848,-4.159202104154943,-2.7368283834682194,-2.3002221943307024,-3.792316024365346,0
CCR2-decoy_574,CCN1C(=O)C(=O)N(c2c(C)cccc2C)C1=S,-7.53939211845212,-5.765380373439234,-5.961434806114246,-5.339306936086796,-3.922150827018428,-3.986925824907278,-3.942711736440833,-4.77994309311511,-2.8118074041772827,-3.4759995635508067,0
CCR2-decoy_781,CN(C)C(=O)CSc1nnc(c2ccccc2F)o1,-7.53630602836686,-5.547658959306614,-5.694281795126696,-5.416372699947786,-4.200436115062138,-3.508254815338238,-3.6298049816403433,-3.7608770655068393,-1.7173272293788626,-2.7707682199068566,0
CCR2-decoy_4,O=C(c1cc(COc2c(F)cccc2F)on1)N1CCSCC1,-7.53315766728036,-4.244662681940384,-5.798303104969976,-5.383454530733646,-4.002161130728648,-3.912904337329017,-3.3536836594418933,-3.2091715157301093,-2.673645704891462,-3.468853349326066,0
CCR2-decoy_745,O=C1/C(=C\c2ccc([N+](=O)[O-])cc2)c2ccccc2N1Cc1ccccc1,-7.52770086364838,-5.756502339139804,-7.520149142386726,-5.887441755864636,-5.759613098829098,-5.096071901902647,-3.9344191444920433,-5.531924851635809,-1.5954268193669323,-5.685522894435056,0
CCR2-decoy_26,CC(C)(Sc1nc2cc(Br)ccc2s1)C(=O)[O-],-7.5181922817736,-5.261621237511104,-6.1420010009454655,-5.048078328079447,-4.300031340776718,-4.215442511264568,-3.1282937477447827,-4.858619845505229,-3.5433205924493825,-3.720613690611956,0
CCR2-decoy_277,CCOC(=O)/C=C1\NC(=O)[C@@H]1[C@@H](C)OC(=O)c1cc(OCc2ccccc2)c(OCc2ccccc2)c(OCc2ccccc2)c1,-7.51197330483154,-6.220958898580624,-6.896665225566756,-5.897964018213926,-5.078655952152788,-4.142312108426528,-4.827979468676073,-3.957904482803829,-4.748449873637912,-4.4936054102522665,0
CCR2-decoy_307,Cc1cncc(CN(C)C(=O)NC(C(=O)N[C@@H](Cc2ccccc2)C[C@H](O)[C@H](Cc2ccccc2)NC(=O)OCc2cccnc2)C(C)C)n1,-7.50676504582313,-4.411723381791574,-7.303884440951236,-5.509947410221336,-4.087394635240068,-3.692384413672768,-4.651266940776773,-6.046447700140019,-4.350165116804972,-3.699866202773437,0
CCR2-decoy_505,CCOc1cc(=O)n(C)cc1c1cc(NC(=O)Cc2ccccc2OC)ccc1Oc1ccc(F)cc1F,-7.50084170709604,-4.475721903964714,-5.185786753217486,-4.436912259228025,-4.496545498623648,-0.4151477009197175,-2.3787206449989826,-1.216001863609009,-3.2441112722234227,-3.766141781539337,0
CCR2-decoy_624,Cn1c(SCc2ccccc2F)nnc1c1ccccn1,-7.49325716822595,-5.357823327257214,-5.900444608909896,-5.539860035276895,-4.460230983217008,-3.745772853739697,-3.2288993985231134,-4.38057342966137,-1.939279650588432,-3.9578271604744666,0
CCR2-decoy_233,CC(C)c1nc(CN(C)C(=O)NC(C(=O)N[C@@H](Cc2ccccc2)C[C@H](O)[C@H](Cc2ccccc2)NC(=O)OCc2ccno2)C(C)C)co1,-7.47815358428648,-6.912052811302674,-6.617903129937695,-5.565746189136757,-5.622371954506918,-6.365898764075537,-4.406547346472053,-4.337582297209909,-3.6183092381848425,-5.041018077081256,0
CCR2-decoy_264,CCOc1nc(N)nc2c1ncn2[C@@H]1O[C@](F)(COP(=O)(N[C@@H](C)C(=O)OCC(C)C)Oc2cccc3ccccc23)[C@@H](O)[C@@]1(C)F,-7.47660699761093,-7.109543245513834,-7.081656827488565,-6.181893766771177,-6.0688813907051085,-5.116831695451777,-5.501251747336283,-5.431179661941259,-3.7530533006705022,-4.997940026155437,0
CCR2-decoy_672,O=C(CS)Nc1cc(c2ccc(F)cc2)n[nH]1,-7.47639472052615,-5.145665019914204,-5.585293024822706,-5.371983742818125,-4.116495130920098,-4.065338960575348,-3.735371290180603,-3.685058939211269,-2.8241988327601923,-3.6502907812871968,0
CCR2-decoy_747,CCCCCN1C(=O)C2(CC(=O)c3cc4c(cc32)OCO4)c2ccccc21,-7.47296069646875,-5.800894383868114,-5.973125750519876,-5.006405032995746,-4.473561817821828,-4.660882976995688,-4.190571157869203,-4.6905777029624485,-2.805774226507902,-3.763216076854106,0
ASD10910003,CCC(NC1C(=O)C(=O)C1Nc1ccnc(C(=O)N(C)C)c1O)c1cc(C(C)C)co1,-7.47121163751605,-6.585497442076054,-5.888802499815676,-4.658250320312115,-4.923682556946748,-3.676912628716887,-2.534821770379943,-3.301381411501129,-2.961087431287532,-2.243827905899757,1
CCR2-decoy_354,CC(C)(C)OC(=O)N[C@@H](Cc1ccccc1)[C@@H](O)C[C@@H](Cc1ccc(CCCO)cc1)C(=O)N[C@H]1c2ccccc2C[C@H]1O,-7.46558130121676,-7.515294474801964,-6.414174716952646,-5.500919758675545,-4.829218095968158,-2.635500859840048,-3.579426043873202,-4.72955473764179,-4.087967517520382,-3.7372001880304255,0
CCR2-decoy_368,CC(C)CC(NC(=O)[C@H](Cc1ccccc1)C[C@H](O)[C@H](Cc1ccccc1)NC(=O)OC(C)(C)C)C(=O)NCc1ccccc1,-7.45008038871843,-5.376377632201384,-4.912447216839825,-6.510141948169046,-6.399292816372839,-4.005439749333208,-4.565036812014513,-3.3054816347297598,-3.183699790775302,-1.7516933963319865,0
CCR2-decoy_231,Cc1ccc(S(=O)(=O)N2C(C)C2CO[C@@H]2O[C@@H]3CO[C@H](c4ccccc4)O[C@@H]3[C@H](OCc3ccccc3)[C@H]2OCc2ccccc2)cc1,-7.44949549044372,-4.444939877955834,-3.7929504184083056,-3.3505753626104258,-4.302550909011718,-2.827534611191957,-3.633243812915693,-2.508225199478319,-3.622523367511902,-3.273598643325026,0
CCR2-decoy_305,CC(C)(C)OC(=O)N[C@@H](Cc1ccc(O)cc1)C(=O)N[C@H](Cc1cn(C=O)c2ccccc12)C(=O)N[C@@H](Cc1ccccc1)C(=O)OCc1ccccc1,-7.44828258194307,-6.534897500499694,-6.1580702823267055,-6.927277879492946,-6.529951826964577,-4.949704615229068,-5.7092606160063735,-5.575158988326038,-4.761823881352402,-5.448947287403776,0
CCR2-decoy_309,CCC[C@@H](C(=O)N1CCCC[C@H]1C(=O)OC(CCc1ccc(OC)c(OC)c1)c1cccc(OCC(=O)[O-])c1)c1cc(OC)c(OC)c(OC)c1,-7.43676501491875,-5.117812535846644,-4.757228697356266,-2.963984770703586,-4.399229808255599,-3.294215112729847,-2.4768987996652125,-4.447372651249099,-3.274477348672872,-2.7294327025609366,0
CCR2-decoy_751,CC(C)[C@H](NC(=O)c1ccccc1)c1n[nH]c(=S)o1,-7.4349263576529,-6.269023429277014,-5.710501277120796,-5.301485905334086,-3.9181365845408784,-4.180958348859967,-3.860633814515983,-4.38078886075623,-3.520433882407442,-3.6837701927664366,0
CCR2-decoy_572,CC(C)Cn1c(S(=O)(=O)[O-])nc2ccccc21,-7.42996211366287,-6.515781762413064,-6.197329331469706,-5.818129023287407,-4.513205364126728,-3.606669061602817,-4.079734361025353,-4.20045012826707,-3.4108201663268227,-2.852203213271026,0
CCR2-decoy_1,O=C1OC(c2cncnc2)CC([O-])=C1Sc1ccccc1Cl,-7.4172189613531,-5.807479896310814,-6.471521750661106,-5.525017879869996,-4.370040785037088,-4.081888742453388,-4.021868743746383,-4.9705970045470895,-2.6404116475774924,-4.516239476786266,0
CCR2-decoy_796,S=C(NCc1ccccc1)N/N=C/c1cccs1,-7.41511872776463,-6.076140242981144,-5.393831356509915,-3.935812175945496,-3.3073596045782985,-3.499908107809608,-3.569820623411693,-3.5411643439702,-2.2933713518686822,-4.018903687685096,0
CCR2-decoy_663,COc1ccccc1c1cc(=O)[nH]c(=S)[nH]1,-7.41308398867776,-5.612561044654054,-6.367753110425096,-5.307313945422536,-5.192555392746178,-4.844591201234128,-3.4242592028259127,-4.220385490419739,-2.9168153191902224,-4.879263031391636,0
CCR2-decoy_11,Cc1c(C(F)(F)F)n(c2nc(C(=O)[O-])cs2)nc1c1ccccc1,-7.41072147015865,-6.920114443359684,-5.1611358046639255,-5.0673883220062965,-2.388884247437078,-3.453131999951648,-3.769197753505283,-5.18226652334881,-3.716477004398432,-3.239656467874216,0
CCR2-decoy_438,Cc1ccc(c2ccc3c(c2)O[C@@H](CN(C)C(=O)C2CCCCC2)[C@H](C)CN([C@H](C)CO)S3(=O)=O)cc1,-7.40201979771268,-7.140987720931614,-5.869422469223686,-4.913951618840796,-3.069179155263398,-0.4677505402009276,-4.124991237043263,-3.237734544093619,-3.7039281064977434,,0
CCR2-decoy_286,COc1ccc2c(c1)c(CC(N)=O)c(C)n2Cc1ccccc1OCCCOc1ccccc1Cn1c(C)c(CC(N)=O)c2cc(OC)ccc21,-7.38787566016358,-5.236264738102754,-3.0267661345638155,,,,,,,,0
CCR2-decoy_44,O=C(OCc1ccccc1)C1=C(c2ccccc2)S[C@@H]2CC(=O)N12,-7.38505641325506,-7.312023896987714,-6.587427654552596,-6.455907893339687,-5.277359338239248,-3.5094868921663176,-5.944447790202473,-5.515913136613349,-2.374203389536312,-4.1088691596937466,0
CCR2-decoy_211,CCCC(C)C(=O)N[C@H](C(=O)N[C@H](C(=O)N[C@@H](Cc1ccccc1)[C@H](O)C(=O)N1CSC(C)(C)[C@H]1C(=O)NCC(C)C)C(C)(C)C)c1ccccc1,-7.37153373230429,-4.526188988806824,-3.861236763510276,-5.607402614511607,-2.8815044991557484,-2.486541933275657,-3.7514974473234632,-5.011801532515099,-2.7397222770797427,-1.246797123615476,0
CCR2-decoy_216,COc1ccc(C[C@H](NC(=O)[C@H](Cc2ccccc2)N=[N+]=[N-])C(=O)N[C@@H](Cc2ccccc2)C(=O)N[C@@H](CC(C)C)C(=O)[C@@]2(C)CO2)cc1,-7.35773090961969,-6.136216985709764,-6.512013477315646,-6.468785251595726,-4.463013828238048,-4.3853988874114975,-4.228099181506663,-4.716195413484599,-4.532583442967723,-3.323620037231916,0
CCR2-decoy_772,COc1ccc2cccc(CCN3CCCC3=O)c2c1,-7.35731519695895,-6.466402717815684,-4.184360452026356,-3.4231861965875763,-3.2159061933118283,-4.840571599223868,-3.4683026743614027,-4.71239731042272,-2.855572168430042,-3.1303989441483164,0
CCR2-decoy_403,CCN1C(=O)CN(c2nc3cc(c4noc(=O)[nH]4)nc(c4cncc(Cl)c4)c3n2C[C@H]2CC[C@H](C)CC2)[C@@H]2CCC[C@H]21,-7.35672164866651,-3.256287936423414,-3.713278290888076,-4.571522445147146,-3.515076248299758,-3.786032747433437,-4.048547672328463,-3.313430174701279,-2.391968335940942,-1.585678397760856,0
CCR2-decoy_477,COc1cc(/C=C2/SC(=O)NC2=O)ccc1OCc1nc2ccccc2c(=O)n1c1ccc(C(F)(F)F)cc1,-7.35355895892092,-7.217591336034333,-4.558322015010006,-5.334541169021616,-3.641084456031428,-3.1044896080368574,-2.140248197938413,-4.201545149395429,-3.9818248033495527,-2.918390175993336,0
CCR2-decoy_162,O=C(CSc1nc2ccccc2c(=O)n1c1ccc(F)cc1)Nc1ccc(C(=O)[O-])cc1,-7.35341047058343,-5.449169375371514,-4.034749120523266,-3.903554231320496,-3.114380617386498,-3.366146154879448,-1.5082630802147232,-3.7585529536684894,-3.6339955715418126,-1.833077438641416,0
CCR2-decoy_308,Cc1ccccc1CNC(=O)[C@H]1N(C(=O)[C@@H](O)[C@H](Cc2ccccc2)NC(=O)COc2c(C)cc(N(C)C)cc2C)CSC1(C)C,-7.33525349750717,-6.393096482930174,-4.832562165035016,-4.992076014628257,-3.463135865164878,-1.9908650984739376,-3.369123951398053,-1.5237963304193491,-4.512837483749882,-3.1895461821876765,0
CCR2-decoy_64,O=C([O-])c1ccc(Oc2nccc(c3c(c4ccc(F)cc4)ncn3C3CC[NH2+]CC3)n2)cc1,-7.33290410020993,-5.464863517668564,-3.3716741922506355,-4.465340723678025,-2.475797927415728,-3.9929501294052976,-2.7720448153800525,-3.35721567938592,-1.7717631853390028,-2.819126913944796,0
CCR2-decoy_36,CC1(OC(=O)c2ccccc2)COC2=C(Cl)C(=O)C(=O)c3cccc1c32,-7.32949420084396,-5.578816089268824,-5.111856750897876,-4.696506480423956,-4.507633815796408,-2.3297431842070777,-3.978766307289473,-3.673854887111209,-2.1546063593118125,-4.557181214655326,0
CCR2-decoy_463,CC(C)(C)[Si](C)(C)O[C@@H]1[C@@H](C2CC(=O)SS2)O[C@@H](n2ccc(=O)[nH]c2=O)[C@@H]1O[Si](C)(C)C(C)(C)C,-7.32736243286872,-5.0049481336987744,-4.173034029176016,-2.6961300104648456,-3.1220760810082577,-2.747286747084588,-2.6179726886307826,-3.178472424119489,-3.571030834083312,-0.0710584400225764,0
CCR2-decoy_567,CCc1c(C)sc2ncnc(SCC(=O)[O-])c12,-7.29037392543643,-5.253123424547424,-6.2895366759331255,-5.2985281533242965,-4.0044100256187685,-3.9934577443260775,-4.047403738330523,-4.53527492613455,-2.4172941382850226,-4.004436258276166,0
CCR2-decoy_650,CC(C)(O)c1ccc(c2nc3c(Cl)cccc3c(=O)[nH]2)cc1,-7.29000912673738,-5.696976062354114,-5.703865678760006,-4.697167306283856,-2.725280484697848,-1.972869748721028,-2.081425761702804,-3.0984119678026194,-2.0273742715151126,-2.4740648406819465,0
CCR2-decoy_666,O=C1CCC[C@@H]([C@H]2C[C@@H]2c2ccccc2)O1,-7.28870664277058,-6.097628243844754,-6.149845774947305,-5.483980984556716,-4.586576264013978,-4.276728160823898,-3.606472964710983,-4.428834118351899,-4.095807791191382,-3.987865135247686,0
CCR2-decoy_219,CCOC(=O)NCc1cccc(CC(=O)Nc2ccc(CCCCc3nnc(NC(=O)Cc4cccc(CNC(=O)OCC)c4)s3)nn2)c1,-7.28703853078297,-5.202907043432464,-3.618268186274266,-6.487850985638547,-2.7970624303080784,-2.864853390159688,-2.4371934668899438,-2.4201055789362798,-2.2743158840650226,-3.625605298238257,0
CCR2-decoy_134,CC(C)C1=CC2CC3(C=O)[C@@H]4CC[C@@H](C)[C@H]4CC2(CO[C@@H]2C[C@@H]4OC(C)(C)O[C@@H]4[C@@H](C)O2)C13C(=O)[O-],-7.28047184744685,-5.600536292213714,-5.498946334402445,-4.061403179002276,-2.7271149709146085,-2.9503017392948374,-2.865792795962583,-2.31110907402606,-2.2846876188344725,-1.2227770057535263,0
CCR2-decoy_755,CN(C)c1ccc(C2C(=O)c3ccccc3C2=O)cc1,-7.27875041597207,-5.776819333731414,-5.669054289351496,-4.9476216644812165,,-3.6696681139963374,-2.6543253881790934,-3.170714461674979,-1.9143316047580023,-2.546286952347276,0
CCR2-decoy_480,CC(=O)C1=C(C)N(c2cccc(C(F)(F)F)c2)C(=O)N(C)C1c1ccc(C#N)cc1C(=O)NCc1ccnn1C,-7.27555844316716,-4.794096307340814,-5.954729135167286,-4.642933431837935,-3.0642631911685285,-2.205965351351227,-3.8245436290412034,-3.2760270610037296,-1.9208037069328323,0.7005721490066938,0
CCR2-decoy_17,CC(C)(C)n1nc(Cc2ccc3c(c2)OCO3)c2ccccc2c1=O,-7.27392278927707,-4.932877116913504,-4.347730659163126,-3.817394477648546,-4.429730554560498,-1.9685726552148275,-4.667623650277683,-5.6304475521629485,-2.164458275721082,-2.3965796236294867,0
CCR2-decoy_425,COc1ccc(/C=N/n2c(S)nnc2Cn2nc(Cc3ccc(C)cc3)n(CCc3c[nH]c4ccccc34)c2=O)cc1,-7.25224963796123,-5.285654385184094,-7.460088652177335,-4.450876079642075,-5.069124517294768,-1.1931855150223871,-2.0500664986606125,-5.048488161286588,-0.920712857058242,-4.553574406261596,0
CCR2-decoy_600,O=C(c1csc(N2CCCCC2)n1)N1CCCC1,-7.22409515142624,-6.225745508068364,-5.455102300976076,-4.196043233075356,-3.455104632976938,-2.8977638555960974,-3.0469360665318925,-4.03889343043719,-2.4565031203785628,-3.2980534305357665,0
CCR2-decoy_512,C[C@H]1CN([C@H](C)CO)C(=O)c2c(c3ccccc3n2C)-c2ccccc2CO[C@@H]1CN(C)C(=O)[C@H](C)c1ccccc1,-7.21869976035731,-5.864468549713404,-5.434112828333006,-4.518528641164297,-3.700174241760109,-2.7824174468270675,-3.0768709547756625,-3.1517090540510195,-3.506788612956762,-0.0047170523502164,0
CCR2-decoy_560,C=C(Cn1ccccc1=O)C(=O)c1ccsc1,-7.21736889439239,-6.377795342438444,-5.031701825422296,-4.145317334856825,-3.852853802107868,-3.6316170423739376,-4.193117298345763,-4.791334976096628,-3.108163806905602,-3.805391419789436,0
CCR2-decoy_473,COc1nc(N(C)C)ncc1n1nc2c(c1C(C)C)[C@H](c1ccc(Cl)cc1)N(c1cc(Cl)c[nH]c1=O)C2=O,-7.21152946082464,-4.136845413488594,-5.816148807973826,-5.855358710123706,-4.932027907254478,-3.092812059412608,-4.992483007270893,-4.25036213470187,-3.363163601690242,-1.6157823998616765,0
CCR2-decoy_76,CNc1ncnc2ccc(C#CCNC(=O)c3cccn([C@H](CO)c4ccccc4)c3=O)cc12,-7.2102008863153,-5.391012221053414,-5.953235059049756,-5.074770559878855,-3.765437236794508,-3.753657585280037,-3.659748217506193,-3.0025678067594392,-1.9148607729180729,-3.3743709498810164,0
CCR2-decoy_779,COc1ccccc1C1NNCc2nc3ccccc3n21,-7.20955570101374,-6.441311513922194,-6.484312397629505,-4.764277210990565,-4.282493184300488,-4.715064747861037,-3.117101156576662,-4.016638549157829,-2.882023048240322,-3.9298272542201462,0
CCR2-decoy_579,Clc1ccc(c2nnnn2c2ccccn2)cc1,-7.19570624359788,-6.183285472878554,-6.100065428264366,-5.274833894281766,-4.698921102047348,-4.5883106607302775,-3.762881588130403,-4.593123322451799,-3.143447272476842,-3.892929882459696,0
CCR2-decoy_51,COc1cc(c2ccccc2OC)c(O[C@@H]2O[C@H](CO)[C@@H](O)[C@H](O)[C@H]2O)c(OC)c1O,-7.19229203672236,-6.870233100082204,-4.884060055971326,-3.662510319400146,-2.795416701620298,-3.658655322960208,-2.774559044181893,-3.974060739323409,-2.737498041090622,-3.132746108913036,0
CCR2-decoy_652,CSc1nc(N)nc(c2cccs2)c1C#N,-7.18988694745845,-4.607957824733374,-4.884999403731856,-4.013038585055426,-3.088425321732468,-2.9696828564550275,-2.482759843648763,-3.6577001449710393,-2.144089466881092,-2.791606148320146,0
CCR2-decoy_20,Cc1c(C(=O)[O-])cnn1Cc1nc(c2cccc(C(F)(F)F)c2)cs1,-7.18981036365308,-5.150394337923934,-6.7332490660202655,-5.333529660670637,-3.7346592284583977,-3.853741307856038,-5.261316876451133,-4.530685819247879,-4.141638261367443,-4.4464983091224966,0
CCR2-decoy_555,O=C1C(=O)c2ccccc2C([O-])=C1CCCCl,-7.18322975555666,-5.140052684067384,-5.708532004049426,-4.736295873971345,-3.594157451475008,-3.723019251488978,-3.723720085176443,-4.9054206789342185,-3.2257617380412427,-3.3205502837880063,0
CCR2-decoy_206,Cc1cncc(CN(C)C(=O)NC(C(=O)N[C@@H](Cc2ccccc2)[C@@H](O)C[C@H](Cc2ccccc2)NC(=O)OCc2cccnc2)C(C)C)c1,-7.18200830816222,-6.407379885442144,-6.937695866362056,-5.999551792574197,-5.621112960859668,-5.052838046223288,-6.096756511496944,-5.552329010435409,-3.645019269806082,-5.047455333779366,0
CCR2-decoy_255,COC(=O)[C@@H](NC(=O)[C@H](CC(C)C)NC(=O)N(Cc1ccccc1)C[C@@H](O)[C@H](Cc1ccccc1)NC(=O)[C@H](C)NC(=O)OC(C)(C)C)C(C)C,-7.18060520390671,-5.370656806108594,-5.581146961289296,-4.4092659149983255,-4.538724477443658,-1.9377308199982872,-3.410638244812553,-2.618033934196329,-4.034222838502102,-2.3803651174452067,0
CCR2-decoy_784,CCCCCn1nnc2c(=O)oc3ccccc3c21,-7.16933125259968,-6.045925928826654,-6.146170373736416,-4.991025141530786,-4.700370356165558,-3.902930112881558,-3.512622967489703,-4.562361497891649,-3.4421183657186925,-3.081957399403616,0
CCR2-decoy_506,COc1cc(c2nnc3n2CCCC3(Oc2cc(F)c(F)c(F)c2)C(C)(C)O)ccc1c1cnc(C)o1,-7.15215934202629,-4.323562381810944,-4.586770641343226,-3.8441108477677264,-2.0045095090646683,-2.722294379700857,-1.4453561517332831,-2.6093064556563488,-1.924887547154312,-2.9172799134962863,0
CCR2-decoy_29,CSc1ccc(Cl)c(C(=O)OCC(=O)N2CC(C)OC(C)C2)c1,-7.14759072060925,-4.189129165812474,-4.723452994744436,-3.840398263438806,-3.348530770794808,-3.096299371144058,-3.874395641323373,-2.7420099539618694,-1.4522634730929722,-3.1935980650927567,0
CCR2-decoy_740,CC(C)CC1C2=C(Oc3cc(O)cc(O)c31)C(C)(C)C(=O)C(C)(C)C2=O,-7.14555825785206,-5.661874370593544,-5.560008947780005,-4.109385308808816,-3.6757038541584777,-3.2873626102668174,-4.4140902976816125,-3.3699864463172795,-2.845044931937192,-3.082551053083156,0
CCR2-decoy_630,COc1ccc2cc(Cn3ccnc3)n(c3ccc(F)cc3)c2c1,-7.14478257213775,-6.017596429174364,-5.486523891502256,-4.441507580980627,-2.352408312917608,-3.999440618926047,-2.332699871913253,-5.00390544059413,-3.184386489845992,-4.332373371603256,0
CCR2-decoy_251,CCCCCCCCCC(=O)O[C@@]12[C@H](OC(=O)c3ccccc3)[C@@H](C)[C@@]3(O)[C@@H](C=C(CO)C[C@]4(O)C(=O)C(C)=C[C@@H]34)[C@@H]1C2(C)C,-7.14353612442322,-6.766309566340564,-4.634186851056996,-4.766105840104567,-3.031763312977408,-2.545519292711788,-2.987789162772863,-2.585001996230219,-3.388966596589013,-0.2579685070441861,0
CCR2-decoy_262,CCOC(=O)c1c(C)oc2cc(OCc3cccc(OC(C)C)c3)c(OCc3oc4cc(OC)c(OS(=O)(=O)[O-])cc4c3C(=O)OCC)cc12,-7.1385046801513,-3.710074486547014,-4.160767391470146,-3.0173628042738856,-2.2026743924183583,-1.5189283530061075,-3.1614268577094933,-2.2946096498569597,-1.4957867093148725,-0.0503274730285561,0
CCR2-decoy_576,Cc1nnc(c2ccccc2)nc1N1CCOCC1,-7.13409764038172,-6.2448473075807645,-6.048884101419646,-5.393498569093296,-4.093044108891428,-3.705023076245948,-3.972642402387893,-4.70839219324186,-1.464148704587192,-2.712292382206476,0
CCR2-decoy_37,CC(C)(C)c1ccc(C2=N/C(=C/c3ccc(C(=O)[O-])cc3)C(=O)O2)cc1,-7.12008557936213,-3.147950380366254,-5.451811604393866,-5.003952137671726,-1.7016677384040877,-1.854056556175058,,-2.47042552089622,-1.5564230828229126,,0
CCR2-decoy_330,Cn1cc(C/C(=N\O)C(=O)NCCSSCCNC(=O)/C(Cc2cn(C)c3ccc(Br)cc23)=N/O)c2cc(Br)ccc21,-7.11494581116616,-4.693743825585104,-4.121510061436906,-4.567906000319526,-4.187689769386728,-2.3626081000183774,-6.042716169585724,-3.5747225491123493,-0.1711177141811224,-5.192376810147527,0
ASD10910017,O=C(O)c1ccccc1Oc1ccc(Cl)cn1,-7.10876558952497,-5.769972865996584,-6.202652579776136,-5.455282286999186,-5.245590850988278,-3.277522860475868,-4.221792023353693,-4.25724288876382,-3.5123330567529925,-4.115959758573246,1
CCR2-decoy_155,O=c1n(Cc2nc3ccccc3n2CCCS(=O)(=O)C2CC2)c2cnccc2n1C1CC1,-7.10087153222147,-4.352146875908944,-7.245107570854875,-4.658918086828876,-3.9255191153473374,-1.622291098912478,-4.393766144849753,-2.623545371229079,-5.228834704685603,-4.234396377883196,0
CCR2-decoy_503,CC1=CCC[C@H]2[C@@]1(C)[C@@H](OC(=O)c1cccnc1)[C@H](OC(=O)C(C)C)[C@](C)(O)[C@]2(C)/C=C/C1=CC(=O)OC1,-7.09403183379783,-4.104939032820074,-2.657198937757646,-2.9207773101130763,-2.3875801439846285,-1.4867643132651178,-2.962063777661543,-1.90387064869648,-2.4072541614988827,,0
CCR2-decoy_749,O=C(Nc1cc(Br)ccc1O)c1noc2c1CCc1ccccc1-2,-7.09155011586498,-4.842050960134144,-5.959440794689946,-5.463490945129445,-3.5103621989169778,-2.901776429394268,-2.7726815291384126,-3.091345683579099,-2.5933081268019427,-3.3609400656489363,0
CCR2-decoy_104,CCN(C(=O)CSc1nc2ccccc2c(=O)n1Cc1ccc(C)cc1)C1CCS(=O)(=O)C1,-7.08464440527527,-5.522702158695994,-4.255582708114636,-2.882891899179866,-5.166258142040518,-0.1328123195605877,-3.482025452515333,-5.138825739980518,-1.4390101837469027,-3.3685287570553264,0
CCR2-decoy_616,O=C(CSc1nc2ccccc2[nH]1)c1ccc(O)c(Cl)c1,-7.0825280160693,-6.585600963275014,-6.602624194258536,-5.246676011061346,-4.1284170366890685,-3.539813896111058,-4.619100657169073,-4.99148774193335,-3.2485605031598226,-4.346309990458186,0
CCR2-decoy_317,COc1cc2c(c(OC)c1OC)-c1ccc(NCCC(O)C(=O)N[C@@H](CC(C)C)C(=O)OC3CCCC3)c(=O)cc1[C@@H](NC(C)=O)CC2,-7.07891012524256,-4.213892955675434,-6.597982095143406,-5.582147302256356,-3.132252138113608,-2.812999837558528,-2.0688275554795625,-4.280352852382499,-1.9844376441310327,-4.639161947520206,0
CCR2-decoy_731,CC(C)(C)c1ccccc1NC(=O)c1c(O)c2cccc3c2n(c1=O)CC3,-7.07649337762662,-5.618280562739314,-7.174017932591406,-4.777109361308856,-3.6528610206447594,-4.231102472192967,-3.0971410324918827,-3.1080534934617696,-3.3365630075039228,-4.720218196269116,0
CCR2-decoy_524,O=S(=O)(c1ccc(Br)cc1)c1nnn2c1nc(NCCc1ccccc1)c1sccc12,-7.07647095681238,-6.153429915641614,-4.542243625037866,-1.722709184398676,-2.814336994350218,-2.260776259509877,-0.3347031257972728,-2.3131856023663797,-2.383868139265262,-2.960085221195076,0
CCR2-decoy_146,CCOC(=O)N1C[C@H](C(=O)[O-])[C@H](c2cccc(OCCc3nc(c4ccccc4)oc3C)c2)C1,-7.07582014780843,-5.691229144733784,-5.012454295250786,-4.096671117467556,-3.746135810321218,-3.3076874113860573,-2.6972151865697134,-3.703584744030969,-2.7279328885984526,-2.802821842039126,0
CCR2-decoy_627,COc1cc2cnc3c4cccnc4ccc3c2cc1OC,-7.07027414328578,-5.511911076985484,-6.003376635621576,-4.681679223671527,-2.942181100600308,-2.469951333392517,-2.5844004571199037,-4.130694042321919,-2.177821915349102,-1.523588447563296,0
CCR2-decoy_377,CC(C)(C)NC(=O)c1ccccc1C[C@@H](O)[C@H](Cc1ccccc1)NC(=O)[C@H](CSc1ccc(C(F)(F)F)cc1)NS(C)(=O)=O,-7.06855275014957,-7.025424155617874,-5.032470127273636,-5.925423023028596,-5.024851525408648,-2.450190847358807,-5.663525951929493,-4.372626949581589,-4.104293180609482,-3.3147294078975067,0
CCR2-decoy_408,Cc1cccc(C(=O)Oc2c(Br)cc(Br)cc2CC(=O)Nc2ccccc2[N+](=O)[O-])c1,-7.0396095694938,-4.886842893597034,-5.972834820409646,-3.895017728581226,-4.125489374368188,-2.5583947017663577,-3.991239770777163,-0.8098559864431492,-3.3265409308275427,-0.8706700727570862,0
CCR2-decoy_591,CC[C@H]1COCCN1C(=O)c1ncc(F)cc1F,-7.03814170641979,-5.582970184499264,-5.562863116415046,-4.371915984603875,-4.133040449514098,-3.793660851997558,-3.448336044359433,-5.003214030583669,-2.5579573071631527,-3.027195578353586,0
CCR2-decoy_159,COc1cc([C@H]2c3c(cc(OC)c(OC)c3OC)C(=O)[C@@H]3COC[C@H]32)cc(OC)c1OC,-7.03161657808409,-5.273010805829004,-4.484828226640776,-3.1787258076125258,-3.352572300522258,-1.4823666855992572,-2.571452515951784,-3.6524034122320495,-3.0378460909211125,-2.458644373910296,0
CCR2-decoy_189,CCN(CC)C(=O)Cn1cc(S(=O)(=O)CC(=O)N2CCCCCC2)c2ccccc21,-7.03104945904116,-6.748765224195954,-5.901679973417756,-4.967096546951005,-3.451375458670178,,,,,,0
CCR2-decoy_654,c1ccc(c2ncc(c3ncco3)cn2)cc1,-7.0262268620154,-5.073636107377744,-5.089258801699426,-5.472322586416846,-3.1179470073525284,-2.9932710632043875,-2.6769781965037227,-3.002351195914859,-1.4051287144212925,-3.4368595555967563,0
CCR2-decoy_761,O=C1NC(c2cccnc2)c2c1[nH]nc2c1ccccc1,-7.01205793208217,-6.043713962451534,-6.606490472992016,-5.577678574789516,-4.049127193686048,-4.617308418621517,-4.005716321278283,-4.603308743785439,-2.8167962730024225,-4.598682333682627,0
CCR2-decoy_489,COc1cc2c(c(OC)c1OC)-c1c(cc3c(c1OC)OCO3)C[C@H](C)[C@](C)(O)[C@H]2OC(=O)c1ccc(C)c(Cl)c1,-7.00927773528174,-6.307779336829104,-4.9943816725140655,-3.740397304722166,-3.7190856403228585,-2.5394602748868875,-2.241670135084423,-2.3224916561967395,-2.5967306514929023,-4.710316304297816,0
CCR2-decoy_303,COc1cc(OC)cc([C@@H](C(=O)N2CCCC[C@H]2C(=O)O[C@H](CCc2ccc(OC)c(OC)c2)c2cccc(OCC(=O)[O-])c2)C2CCCCC2)c1,-7.0065850209539,-5.793365083625254,-6.019622958710865,-2.644689714078156,-5.004185898542838,-3.8304254180646673,-5.358408372256783,-4.28108968374343,-4.669581751139423,-0.5436070222194562,0
CCR2-decoy_795,COc1ccc(c2cc(=O)oc3c(O)c(O)ccc32)cc1,-6.99676337114184,-6.437768785067554,-5.919264229686666,-4.3102177165717865,-2.324942968953078,-2.8758222726359977,-2.7396141962111926,-4.499083590621,-3.3481833604328326,-4.184927199773076,0
CCR2-decoy_56,CC(C)C(=O)OC[C@H]1O[C@@H](n2cnc3c(N)ncnc32)[C@@H](O)[C@@H]1OC(=O)C(C)C,-6.99404018453413,-5.599143388552294,-5.651157233830606,-5.291594967490626,-3.445517280345258,-2.671258073024537,-3.142337477942444,-3.82279639264664,-2.645328577412502,-3.2915822898363665,0
CCR2-decoy_135,CCc1ccc(C(=O)CSc2nc3cc(S(=O)(=O)N4CCOCC4)ccc3n2CC)cc1,-6.99201800717852,-4.285077736202864,-4.1041489354848455,-2.9543399455434955,-0.1336239313765279,-1.5665375401372676,-2.606392077931093,-0.8414057102957591,-0.7424796861121323,-1.997560020609706,0
CCR2-decoy_268,CCOC(=O)/C=C/[C@H](CCC(=O)NC(c1ccccc1)(c1ccccc1)c1ccccc1)NC(=O)[C@@H](NC(=O)OC(C)(C)C)c1ccccc1,-6.97902201821977,-6.037811531067884,-4.721690448084116,-4.433365481609487,-2.3714751899644178,-3.729091386163348,-3.418015217018083,-3.6201203166651488,-2.6799571562311124,-2.6216855967292467,0
CCR2-decoy_193,Cc1cc(C(=O)Nc2ccc(C(=O)[O-])cc2)n(Cc2csc(N3CCCCC3C)n2)c1,-6.97503143641885,-6.424311413066314,-6.022754074106516,-4.520611279408305,-2.084149029787368,-1.4777034753681173,-4.221354221387313,-4.195873817279139,-3.954850431796892,-4.038158845761426,0
CCR2-decoy_564,CCc1nnc(S)n1/N=C/c1ccccn1,-6.96674546627866,-5.787249666907694,-5.401951350292566,-5.075923148012356,-3.217368828639178,-3.1266346041780877,-3.308491993305733,-4.284352774687289,-3.4433471982252426,-3.783884902000007,0
CCR2-decoy_105,COc1ccc(C#N)cc1S(=O)(=O)N(Cc1ccccc1)Cc1cnc(C(F)(F)F)nc1,-6.9644427416528,-2.573156094368984,-4.284054916883656,-1.687309728228386,-2.528528781803198,-0.0875260186471673,-3.1431052359972327,-2.308714846265589,-2.165412210471702,-1.5952826433009966,0
CCR2-decoy_515,CC1CC(=O)N(CC(=O)N(C)C)N=C1c1ccc2nc(C3CC3)n(Cc3ccc(c4ccccc4C4=NNN=N4)cc3)c2c1,-6.96412389426218,-4.937927674325004,-5.286798658436956,-4.107784426930817,-2.5907354508051883,-2.4053336084403574,-3.0328876266167626,-3.190904047234629,-2.537408054355402,-1.497855144496496,0
CCR2-decoy_83,CCCCC[C@@H](O)C#Cc1nc(NCC)c2ncn([C@@H]3O[C@H](C(=O)NCC)[C@@H](O)[C@H]3O)c2n1,-6.95888893680298,-5.357938685395414,-4.941213247337036,-4.232851758398056,-3.7130741348319374,-3.0888295242171475,-3.2500029917062028,-4.129163143137228,-2.8741862868270527,-2.2623592383053266,0
CCR2-decoy_49,Cc1cccc(OCCn2nnc3sc4c(c3c2=O)CCCC4)c1,-6.9587104603258,-4.415563947803714,-4.745337223689305,-4.263615580594516,-2.1639454726763985,-2.904386216634037,-0.5110660212735629,-2.294874699775989,0.4175610174559976,-2.758720522402866,0
CCR2-decoy_110,COc1cccc([C@@H]2C[C@@H](SCc3ccccc3)[C@H](C(=O)[O-])CN2S(=O)(=O)c2ccc(C)cc2)c1,-6.94601765685872,-4.961322450142844,,-3.798382623922546,-2.961476135495028,-0.6730796882991976,-3.114296751272593,-2.095400353666579,-0.3611309063535923,-2.601740728231446,0
CCR2-decoy_66,O[C@@H]1[C@@H](CO/C(S)=N/C2CCC2)OC(n2cnc3c(NC4CCOC4)ncnc32)[C@@H]1O,-6.94593058401988,-5.186359901459294,-5.246845022254056,-4.141336255014236,-4.1257125028989785,-2.306068114452917,-3.1856578022010726,-3.3608052299139195,-2.505996228366362,-2.351195234307176,0
CCR2-decoy_273,COc1ccc(n2c3cssc-3c(NC(=O)NCCOC(=O)CCCCC(=O)c3c(O)cc(C)oc3=O)c2=O)c(OC)c1,-6.94418727107178,-5.680380291910994,-4.610350261495475,-5.066759868822606,-5.031118921220888,-2.014681671433258,-3.388208721197863,-2.7083324698846893,-1.1179806914286123,-1.9349905237336664,0
CCR2-decoy_86,COc1cccc(/C=C/C(=O)O[C@H]2[C@H](O)[C@@H](CO)O[C@H]3OC[C@@H](c4ccccc4)O[C@H]23)c1,-6.9383670719543,-4.575983850465864,-5.986951867811576,-4.872191357196016,-2.776558594357588,-4.828820462603988,-2.5659701524741534,-3.433813793181369,-1.975772493329842,-3.3084298386874265,0
CCR2-decoy_750,CCCn1c(NC(=O)C23CC4CC(CC(O)(C4)C2)C3)nc2ccccc21,-6.93768552937483,-5.084450585796804,-5.363028201688876,-3.943946650183776,-3.209994311208728,-1.1527597086751973,-1.7580764168197731,-1.7802046663876996,-1.306602796038172,-2.1420332720606066,0
CCR2-decoy_594,O=C1C[C@H](Sc2ccccc2)[C@H]2CO[C@@H]1O2,-6.93664033075255,-5.417202690576714,-6.085210690106006,-5.280140010631415,-4.146756053208698,-3.9121540788242575,-3.4710790820020634,-3.9128992447138793,-3.3252371767246327,-3.828759585602696,0
CCR2-decoy_163,Cc1ccccc1COc1nc(N2CCC[C@@H](CC(=O)[O-])C2)ccc1C(=O)NC1CCCCC1,-6.93546950052474,-6.080884525912064,-3.299653718619836,-4.703339048680675,-3.585969480835078,-2.086451622769228,-3.3715170133554526,-2.4625627522535694,-1.9791213910947327,-2.409053307935526,0
ASD10910015,O=S(=O)(Nc1cncc(Cl)c1)c1ccccc1,-6.91572883659376,-6.541572196473444,-5.6939257461877855,-5.395955360331875,-4.382905769430688,-4.106953485422228,-3.6039806117173727,-3.875407395581249,-2.242693183842152,-3.668249504323586,1
CCR2-decoy_643,O=C1OC(c2ccccc2)(c2ccccc2)c2ccsc21,-6.9153618081298,-5.429478428227644,-7.095358957330976,-4.009246118222016,-4.792040402834028,-3.517024654586078,-3.6870760272157233,-4.124186195449878,-2.524524545967962,-3.6828730106373664,0
CCR2-decoy_195,O=C1S/C(=C\c2ccc3c(c2)OCO3)C(=O)N1Cc1cn(CCc2ccccc2)nn1,-6.91454129252588,-4.440953912922574,-5.488542047780606,-4.655577271187886,-1.871873033954788,-2.2331965814835177,-3.9503434808864233,-2.727881007160569,-1.3049495181888524,-3.0688840299773563,0
CCR2-decoy_602,CC(=O)Nc1ccc(c2nc3c(O)cccc3s2)cc1Cl,-6.90277057498849,-3.4991967553460936,-5.289367808955676,-5.176770411731496,-3.2878799757417685,-3.312870425801467,-2.212246731006493,-2.7296884655200397,-2.231282006317662,-2.374823396773716,0
CCR2-decoy_618,O=c1cc(N2CCOCC2)oc2c1cccc2c1ccccc1,-6.90205142881773,-4.971412840545084,-4.914882408665486,-3.167368902188496,-3.676592183494688,-1.405529526024588,-2.6197726508505426,-3.922552890477609,-2.9476717555711227,-3.0393218504015165,0
CCR2-decoy_413,CCCSc1nc(Cl)c2c(n1)N(Cc1ccccc1)C(C(=O)N1CCN(C(=O)OC(C)(C)C)CC1)N2,-6.9019956170966,-4.987968658918784,-4.925014133784006,-3.5807253586650662,-2.6893381028261985,-2.341174919969228,-1.5875089584502131,-2.166132267344869,-2.2991469834138627,-1.6293197076095869,0
CCR2-decoy_771,COc1ccc2oc(C)c(C(=O)Cn3ccnc3)c2c1,-6.895798640526,-4.464851539751054,-4.555427679932956,-4.088964010641195,-3.1110151877390377,-2.6855958854752773,-3.8037997174398326,-3.887537115092179,-3.3724967449258427,-3.127561765493996,0
CCR2-decoy_442,C[C@H]1CN([C@@H](C)CO)C(=O)c2c(c3ccccc3n2C)-c2ccccc2CO[C@H]1CN(C)C(=O)Cc1ccccc1,-6.89522941723252,-5.751708520129724,-5.377547255983006,-4.273326339741626,-3.016528296286598,-3.441122944844487,-3.125448962329324,-2.973035102090759,-3.4453535706549827,-2.735035681487756,0
CCR2-decoy_115,CCOc1ccccc1n1c(=S)sc2c(=O)n(c3ccc(F)cc3)c(SCC(=O)[O-])nc21,-6.89129729635502,-3.545707121907534,-3.807801669307966,-2.706891716427576,-3.546444793005328,-2.1207130967644376,-3.903992548455843,-2.5444577147044,-1.820818612735252,-2.481465850600256,0
CCR2-decoy_777,CCc1c(C)c2ccc(OCC(=O)OC)cc2oc1=O,-6.87058997727168,-3.789179262666484,-5.025303473978545,-4.178608738734356,-3.288618606093148,-3.678855331719408,-2.3071241661456625,-3.3310741929718293,-0.7245744468922224,-2.0896749566447665,0
CCR2-decoy_217,CCOC(=O)C1=C(C)NC(=S)NC1c1ccc(OCCCOc2ccc(C3NC(=S)NC(C)=C3C(=O)OCC)cc2OC)c(OC)c1,-6.86786554380769,-4.420176394684474,-3.928220517601956,-4.016150237171766,-3.588256111589878,-2.259623737392737,-2.278350409060473,-1.6417404032300396,-1.3484058599263822,-1.3395303405426162,0
CCR2-decoy_684,CC(NNC(=O)c1ccncc1)c1ccccc1,-6.85321041200288,-6.009358702241444,-6.007057301339866,-4.652466508896445,-3.509486248988128,-3.1870069689537277,-2.8064029191855333,-4.115518636015239,-2.8287700708220926,-3.5345415535100964,0
CCR2-decoy_758,O=C(Cc1nc2ccccc2[nH]1)N/N=C/c1ccccc1,-6.85182719557357,-6.277870691389584,-6.759777005220085,-4.739537598794536,-4.319364672171998,-3.744152006244578,-3.900171066053373,-5.611977072681849,-1.8962938789257624,-5.041289156141806,0
CCR2-decoy_79,O=c1[nH]c(NC2CCC2)nc(N[C@@H]2C[C@H](CO)[C@@H](O)[C@H]2O)c1c1nccs1,-6.84786587264056,-5.354101869875074,-5.648729237614856,-4.775832219437266,-3.800053839440008,-3.469779372812697,-2.970807722766593,-4.4016581667997485,-3.2620816355118327,-2.9922838709148065,0
CCR2-decoy_291,COc1cc(C2=NOC(COCc3cn(Cc4cc(c5ccccc5)cnc4N4CCSCC4)nn3)C2)cc(OC)c1OC,-6.8447241103597,,-3.704872247691476,,-2.342117991881808,-2.234717612699278,-2.157157798940333,,-1.385383846023962,-0.5608467702191562,0
CCR2-decoy_205,CCCCCCCc1cc(O[C@@H]2O[C@@H](C)[C@H](OC)[C@@H](OC(=O)c3ccc(C)[nH]3)[C@H]2O)c(C)c2oc(=O)c(C(=O)NS(=O)(=O)c3ccccc3)cc12,-6.83906567422085,-4.895434952166364,-6.334423146416156,-3.817863795683816,-5.087036725825199,-3.954664639318768,-3.633042263117173,-3.451183898363609,-4.0922324734802125,-4.213617754283426,0
CCR2-decoy_166,COc1ccnc(CN(C)C(=O)C2CCC(=O)N(Cc3cccc(C(F)(F)F)c3)C2)c1,-6.83853404114898,-6.237560429280124,-6.1867064305026656,-6.278455031031257,-4.797656729890108,-2.9376787810785974,-2.0442096521570328,-1.8749460212648992,-3.628876312656562,-1.5931229002799867,0
CCR2-decoy_337,COc1ccc(S(=O)(=O)N(Cc2ccc3c(c2)OCO3)[C@H](CCC(=O)NCc2ccc(c3ccccc3)cc2)C(=O)NO)cc1,-6.83812427726583,,-3.943475811227996,-0.7748401417326458,-0.3661249964502979,-2.075901374506837,-2.1828962123858933,-4.027839665813358,-2.5060242530526526,-2.531814918980136,0
CCR2-decoy_457,CC(C)(C)OC(=O)N[C@@H](Cc1ccccc1)[C@@H](O)C[C@H](C(=O)NC1c2ccccc2C[C@@H]1O)C(=O)c1ccccc1,-6.83553754915575,-6.074414076607824,-7.392562792890436,-6.146331457015036,-5.097139029418158,-4.966214013609248,-4.295902239515173,-4.31766058792341,-3.912044882835092,-4.156672702655726,0
CCR2-decoy_313,COCC(=O)[C@H](C)C[C@H](C)/C=C\C=C\C=C(/C)[C@H](C[C@@H]1CC[C@@H](C)[C@](O)(C(=O)C(=O)N2CCCC[C@H]2C(=O)OCc2ccccc2)O1)OC,-6.83478595097867,-5.312496656302894,-5.497949145411536,-5.211118704553446,-4.579310069177638,-3.2706116368919176,-4.140491600416573,-2.432178421982389,-3.326128345142762,-2.6965275066982564,0
CCR2-decoy_173,CCc1cc2c(cc1OCC(=O)NCC1CCC(C(=O)[O-])CC1)oc(=O)cc2c1ccccc1,-6.83105579803606,-5.809369892386094,-6.015161509939656,-3.7480690322340657,-2.456728901451468,-2.473373455476588,-2.000230052184813,-2.471761978043609,-1.607231068831842,-2.3462352439349665,0
CCR2-decoy_604,Cc1nc2ccccc2n1Cc1ccccc1Br,-6.82931475198779,-5.857025990630264,-5.258097595853306,-3.850032160380336,-4.156293738610518,-3.542127954652988,-3.366922908879893,-3.2333023380988397,-1.4999880619369126,-3.7339316608596462,0
CCR2-decoy_92,C=Cc1cccc(S(=O)(=O)NC[C@@H]2C[C@@H]3O[C@H](CO)[C@@H](OCc4ccccc4)[C@@H]3O2)c1,-6.82912251206562,-4.777765643686794,-6.174570717505166,-4.361667994161566,-3.981841705838268,-1.9489506776073773,-1.8593740914214931,-3.3004382020809198,-2.3171081855184426,-2.9640364350106667,0
CCR2-decoy_641,CC(C)N1C(=O)COc2ccc(c3cnc4ccccc4c3)cc21,-6.80829014331205,-5.694642503152274,-5.084259325551216,-4.663759654324785,-2.3020130367860485,-3.4307240486013475,-2.4871595573629826,-3.2784192967714394,-2.4574549602557028,-3.4588947829943963,0
CCR2-decoy_492,CC(=O)Nc1cc2c(=O)cc(c3ccc(C(=O)N[C@@H](CC(C)C)C(N)=O)cc3)oc2cc1N[C@H](C)C1CCCCC1,-6.79874574265336,-4.935775852330354,-4.4265684300315655,-4.448212882885105,-3.0361418230583377,-2.965629794846137,-2.772887096815933,-2.5869448151582195,-2.365389224018032,-3.423646368486726,0
CCR2-decoy_397,COc1ccc(CC[C@@H](OC(=O)[C@@H]2CCCCN2C(=O)c2cccc3ccccc23)c2cccc(OCC(=O)[O-])c2)cc1OC,-6.79861491668323,-5.796800469452114,-6.0413799815843054,-6.941570632989247,-4.837991067817648,-5.322577850605118,-5.610654444775474,2.0174026038071027,-3.663561099473492,-4.453092499288636,0
CCR2-decoy_719,CO[C@H]1c2cc(C(C)C)c(O)c(O)c2[C@@]23CCCC(C)(C)[C@@H]2[C@@H]1OC3=O,-6.79523837298318,-5.628034929275454,-6.429146800347376,-5.157522037729047,-3.928619263878958,-2.180810607567378,-3.348746452580423,-4.62833113459881,-2.407479520715512,-4.043826242014727,0
ASD10910016,O=S(=O)(Nc1ccccc1)c1ccccc1,-6.79502861980431,-6.034171913028004,-4.4898637613832655,-5.471703041194086,-4.534572222911118,-4.040319800386648,-3.6548664627983127,-4.0922284199048296,-2.5995571451940425,-3.5864313910304464,1
CCR2-decoy_226,Cn1c(Cc2nn(C)c(=O)c3ccccc23)nnc1S(=O)(=O)CCCCCCCC(=O)Nc1ccc(Br)cc1Br,-6.78948068659857,-5.135801774630324,-4.540486127162746,-4.109338253227856,-3.6204534313716783,-3.849101666988817,-4.469036839372473,-2.446920147567369,-1.538716146803193,-3.580237971294106,0
CCR2-decoy_253,CO[C@@H](CC(C)C)[C@H](O)[C@H](CC1CCCCC1)NC(=O)[C@H](Cc1cscn1)NC(=O)C(Cc1ccccc1)CS(=O)(=O)c1ccccc1,-6.76434961140443,-4.887014219864634,-5.6554783874143055,-5.663452742085706,-5.030513898782918,-0.5985227407586073,-3.827625673873003,-5.154676793380709,-3.121129223956342,-2.0013060454788567,0
CCR2-decoy_707,C[C@@H]1CC[C@H]2[C@H](CCCc3ccccc3)C(=O)O[C@@H]3O[C@@]4(C)CCC1[C@]32OO4,-6.76081880944654,-6.7871141593007644,-5.796345329846686,-5.342896590108555,-4.738977458459968,-3.868354616613168,-4.364876484291843,-4.04191725830858,-2.6466224228668622,-4.328072669422767,0
CCR2-decoy_546,COc1ncc(n2nc3c(c2C(C)C)C(c2ccc(Cl)cc2)N(c2c[nH]c(=O)c(Cl)c2)C3=O)c(OC)n1,-6.75721264336235,-5.326242594138924,-5.641213884910775,-3.392710759530356,-0.913904711999388,-1.1199581611137075,-5.543990553136222,-4.204806659172759,-2.984434948376393,-0.6662130392714962,0
CCR2-decoy_508,Cc1cc2c(cc(C(=O)N[C@H](C)c3ccc(S(=O)(=O)CC(=O)OC(C)C)cc3)n2C)c(Cl)c1Cl,-6.75476944914118,-4.124131609364854,-3.6568062889819055,-4.082644959886537,-2.657333704406538,-1.580398691473798,-2.536927585518153,-2.797124843043919,-2.2167178645995023,-2.3898192110736867,0
CCR2-decoy_703,CC1(C)C(=O)NC(=O)c2c1ccc1[nH]c(Cc3c(Cl)cccc3Cl)nc21,-6.75090931108513,-4.884010717489204,-5.487863788679906,-4.123086435246515,-3.403464623531778,-2.1941012857840976,-1.562750391495773,-2.470311065538659,-1.5766104077074727,-1.8329168570722167,0
CCR2-decoy_791,CC(=O)N1CCc2[nH]nc(Nc3ccc(F)cc3)c2C1,-6.75068937894285,-5.369335575441844,-5.045901039268726,-5.069801298615875,-3.628701074310378,-2.708998006480238,-3.4334309132337326,-5.725273672106559,-3.2866034156807027,-3.0080776716908764,0
CCR2-decoy_702,COc1cc(c2nc(O)c3c4c(sc3n2)CCCC4)cc(Cl)c1O,-6.74765327706564,-4.268695384276244,-4.580907206514806,-4.935578981552727,-3.740477504570429,-2.9586976638882776,-2.753038616630933,-2.9574825046806894,-1.7203857508525229,-2.312856416037956,0
CCR2-decoy_593,COc1cccc(n2nc(C#N)c(Cl)cc2=O)c1,-6.74387869077574,-5.798573033368374,-5.656286842432046,-3.5552243930044063,-2.9124240050897683,-2.394637611283457,-3.484389757048933,-4.254422333839749,-2.4415247535140328,-3.709524700771526,0
CCR2-decoy_174,CCn1c(CSc2ncccn2)nnc1SCC(=O)N1c2ccccc2CC1C,-6.74141448766739,-4.118754999811704,-5.606308089095436,-4.475572094907976,-1.960384987216228,-1.4710807305870777,-2.0358394833380933,-2.0126867149134493,-1.657901343370062,-1.3667669479497366,0
CCR2-decoy_763,Cc1ccc(NC(=O)CSc2nnc[nH]2)c(C)c1,-6.74037115117732,-6.257926273381824,-4.826399284172556,-5.006202376219056,-3.433887137964758,-3.4231915888107576,-2.2190232179928326,-3.035519519676359,-3.1320006250113224,-3.2031910530614462,0
CCR2-decoy_35,COC(C)(C)/C1=C/C=C(\C)CC[C@@H]2O[C@@]2(C)CC/C=C(/C(=O)[O-])CC1,-6.73980544524575,-5.321543182622184,-4.415830958957286,-3.705184776449826,-3.479978407769158,-2.2098266183112374,-2.5894871759465934,-4.174936294373689,-2.866607805507522,-3.0557641843646364,0
CCR2-decoy_710,O=C(C1CCN(c2ncnc3c2sc2cccc(F)c23)CC1)N1CCCC1,-6.73934919222639,-4.102609910188234,-5.592428973099076,-4.200764492418067,-2.7174079094998778,-2.519616665618948,-1.2495197341292528,,-1.3684699488016123,-2.8946048770171764,0
CCR2-decoy_236,CC(C)c1nc(COC(=O)NC(C(=O)N[C@@H](Cc2ccccc2)[C@@H](O)C[C@H](Cc2ccccc2)NC(=O)OCc2cccnc2)C(C)C)cs1,-6.73262851975618,-6.307563965463184,-6.550603439783286,-5.763214454603686,-5.167729122610958,-4.996174994910657,-3.387521254434173,-4.258989024033768,-3.919389913033752,-4.563210335943906,0
CCR2-decoy_12,C=C1C(=O)O[C@@H]2[C@@H]3C(=C(C)C[C@H](OC(=O)/C(C)=C\C)[C@@H]12)C[C@@H]1O[C@@]13C,-6.73030289808288,-6.751301399467134,-5.865822949388636,-4.585256325042495,-3.825040875181468,-3.689174500921868,-4.1461021951695125,-5.372977291467089,-3.123127657736532,-4.5012194165808666,0
CCR2-decoy_770,Cc1cccc(C(=O)Nc2ccc3c(c2)C(=O)NC3=O)c1,-6.72730686634947,-5.169450290984514,-5.073006116026086,-5.043557062452717,-4.743240344132098,-2.807129437466547,-3.336163558422733,-3.303685082511579,-2.643717511785602,-2.766534562579726,0
CCR2-decoy_794,Cc1cc(C)n(c2nc(c3ccccc3)cc(=O)n2C)n1,-6.72726373655123,-5.685131678680654,-4.772079236986046,-4.955225714701346,-4.079034791509088,-3.1604183888331177,-3.9474036867875233,-3.338124254160149,-2.7772001414968823,-4.366499010008907,0
CCR2-decoy_486,COn1c(NC(C)c2ccc(C(F)(F)F)cc2)nc2c(c1=O)CN(C(=O)c1cc(c3cccs3)n(C)n1)CC2,-6.71894918537592,-4.634959916424404,-5.792493428247526,-3.865192956096876,-2.742776822917388,-3.541689942636517,-2.578443071304153,-3.70413811598256,-1.4829503219425426,-2.8672506305486465,0
CCR2-decoy_571,Sc1ncnc2c1ncn2Cc1ccco1,-6.7066755451784,-5.723101314062554,-5.6234683208045055,-4.5337589712662965,-4.021777550521358,-3.3366703920093173,-3.8796172589927833,-5.484464494397928,-2.4247339801203927,-3.4677822091205464,0
CCR2-decoy_181,COc1ccc(CN(C(=O)n2cnc(S(=O)(=O)[C@@H]3C[C@H]4CC[C@@H]3C4)n2)C(C)C)cc1,-6.70500504231637,-6.751293152942364,-6.001950660834896,-4.6286944110916455,-3.740151558354418,-2.287769508320688,-1.8584540653123331,-3.182744036714699,-2.540823463188672,-2.7595361113464465,0
CCR2-decoy_240,COc1ccc(N2C(=O)CC(=O)N(C(=O)CCCCCCCCC(=O)N3C(=O)CC(=O)N(c4ccc(OC)cc4)C3=S)C2=S)cc1,-6.69851345529776,-4.831801612656504,-4.4909174456876455,-3.444895046091356,-1.977632517006258,-4.309934240522168,-2.7661956352740638,-1.4869792889916895,-3.0615808460908323,-3.9077695671807966,0
CCR2-decoy_565,Cc1cc(C(F)(F)F)nn1CC(=O)N1CCCC1,-6.69679856675511,-5.923969773417424,-4.9649659269806055,-5.104443482755675,-3.1988509873746684,-3.8366930057596873,-2.0802953903912327,-4.71239991902425,-2.069488873616653,-3.765512622550157,0
CCR2-decoy_201,COc1ccc(OC2C=CC(c3ccccc3)OC2COC(=O)CCC(C)=NOCCC2C=CC(OC(C)=O)C(COC(C)=O)O2)cc1,-6.69510548639028,-3.681269789672004,-5.677866062467506,-3.771478679225846,-2.876939622424718,-2.531689255717917,-1.944296225797653,-3.720992283078179,-2.107854511410622,-2.873546942661146,0
CCR2-decoy_478,COc1nc(N(C)C)ncc1n1nc2c(c1C(C)C)C(c1ccc(Cl)c(F)c1)N(c1c[nH]c(=O)c(Cl)c1)C2=O,-6.69481013344307,-4.562725873043814,-5.340938061918406,-4.233591830930825,-2.490396610550448,-1.8771786694515475,-2.294055356431283,-3.791717808265419,-2.5050613247420026,,0
CCR2-decoy_117,CC(C)Cc1cc(COc2ccc(N3CCCN(C(C)C(=O)[O-])C3=O)cc2)c2ccccc2n1,-6.69157441556813,-5.994842185415214,-6.066874944811066,-4.584158954553706,-2.929552800343708,-3.0854757080676976,-2.6180211653830128,-3.498420559680109,-2.035344874758012,-4.000159690034276,0
CCR2-decoy_263,COC(=O)[C@H](NC(=O)[C@@H](CC(C)C)NC(=O)N(CC(C)C)C[C@@H](O)[C@@H](Cc1ccccc1)NC(=O)OC(C)(C)C)C(C)C,-6.68977563822149,-6.039915261948754,-4.617602893281106,-3.8939933612949056,-4.7016983530703484,-1.571785626139568,-0.7937723970737331,-3.60787242079084,-2.099160402369832,-2.4116192217072765,0
CCR2-decoy_111,CCOC(=O)N1CCN(C(=O)CN(C2CCCCC2)S(=O)(=O)c2c(C)cc(C)cc2C)CC1,-6.67967272638641,-3.019732390693474,-4.170613137315386,-3.600318787394296,-2.5239844803293883,-1.7234135987648376,-1.616338012852033,-3.103859808439249,-0.7274261042070522,-1.6916240130347964,0
CCR2-decoy_575,CCn1cnc2c(cnn2c2ccccc2)c1=O,-6.67763852830724,-5.501238643802754,-6.151714773514525,-5.426347915075645,-4.283934581854498,-2.8538517340321574,-4.147644618934523,-3.53916993678492,-2.649841410743102,-3.022018845271326,0
CCR2-decoy_631,OCc1csc(c2ccc(c3ccc(CO)s3)s2)c1,-6.65507854642101,-5.359449107768164,-4.665393395614806,-3.837230591607516,,-1.810291036155557,,-4.008764945384359,-1.9692731649201027,,0
CCR2-decoy_55,C/C=C/C=C/C(=O)N(CC(N)=O)NC(=O)[C@H](C)NC(=O)[C@H](C)NC(=O)OCc1ccccc1,-6.65073689857942,-4.028485242775634,-4.992138298352846,-4.795026022513817,-2.707521527188428,-3.2571694439517174,-3.0270984157829925,-3.757452400627469,-2.2533512251383723,-2.4420796249128163,0
CCR2-decoy_621,C[C@H]1CNC(=O)c2c(SCC3CC3)sc(c3cc[nH]n3)c21,-6.6403074161124,-5.804878447380364,-5.416659554957716,-3.800548482202306,-4.004742441419448,-2.673837419010858,-3.949369267948103,-4.801381855349469,-3.2830101603705923,-3.1956571558646862,0
CCR2-decoy_678,CSC(=S)NCc1c[nH]c2ccccc12,-6.63907274567044,-5.682656600714964,-5.573507783399796,-4.621975536309655,-3.3610234911587185,-3.0824070419070777,-3.1788190131652128,-3.3576373005828493,-2.908826784196222,-3.1834151012127663,0
CCR2-decoy_569,N#Cc1cccc(n2ncc(c3ccccn3)n2)c1,-6.63879374866989,-5.583978634453924,-6.184903907870426,-4.471995301272756,-3.348106156756538,-3.1208663086094277,-3.793670726732433,-3.5536373413898388,-2.1339016783736326,-2.997889992955736,0
CCR2-decoy_692,C[C@@H]1CC(=O)CC[C@@H]1OCc1ccccc1,-6.6350750884437,-5.193021932195274,-4.885602911860416,-4.580381559525446,-3.4185692795059683,-2.539788455982488,-3.154958517754163,-3.5351076106156296,-4.050634834634463,-3.755074153499466,0
CCR2-decoy_550,CC(C)n1cc(Br)cc(C(=O)Nc2cc(C#N)ccc2N2CCC(Oc3ccc(F)cc3F)CC2)c1=O,-6.6335602534524,-2.399532486794274,-3.682707793441816,-3.4729919509561555,-3.547384359025238,-1.5426716299008172,-2.731883618935713,,-1.3331763792069822,-2.323025264135416,0
CCR2-decoy_435,Cc1ccc(NCc2cn(Cc3nc4cccc(C)c4c(=O)n3c3ccccc3C(F)(F)F)nn2)cc1C,-6.62607192376147,-3.032666651100184,-3.746342628742456,-2.466619302280236,-2.5144103308664283,-2.7931614934472675,-1.5417151828340927,-3.70984424855725,-2.0778947552991927,-1.9999455456784057,0
CCR2-decoy_426,COC(=O)[C@@]12C[C@@H](CC(=O)NCc3ccc(C)o3)C(=O)N(Cc3cccc4ccccc34)C1=CCC(C)(C)C2,-6.6259487162307,-5.795823029334554,-8.037482576612625,-5.163761965363065,-3.177831327238068,-3.135535758567477,-4.199346585170903,-5.672134357181809,-1.2622243777571829,,0
CCR2-decoy_278,C=CCOC1C[C@H](OCc2ccccc2)C[C@@H](/C=C/c2c(C(C)C)nc(N(C)S(C)(=O)=O)nc2c2ccc(F)cc2)O1,-6.62328264689284,-4.069023261637944,-3.997902784600556,-4.816558819590986,-4.183036472971848,-2.287529231993197,-3.643986592063083,-2.586568852916609,-2.9141601344985224,-2.4253137893344867,0
CCR2-decoy_797,Cc1ccn2c(C(=O)c3sc(N)nc3C)cnc2c1,-6.61993250670859,-4.874483076717924,-5.144976717908356,-4.435081072894215,-3.5323811937209184,-2.127280975718928,-3.1197983567588325,-3.6976484479861393,-2.3295127394690223,-3.603482282249506,0
CCR2-decoy_778,O=C(C1=CC(=O)c2ccccc2C1=O)c1cccc(F)c1,-6.61811853013653,-5.971733935945724,-5.323473585676646,-4.891701530099056,-3.107608177861368,-3.814429082017467,-3.989440468003923,-4.3013243949032685,-2.6061499438861127,-3.808737902315216,0
CCR2-decoy_348,CCCC[C@@]1(OC(=O)CCC(=O)OC)CC[C@]2(CC[C@H](C)[C@@H](C/C=C(C)/C=C/[C@H](O)[C@@H](C)/C=C/C(=O)OC)O2)O[C@H]1/C=C/C(C)=C/C(=O)OC,-6.61811247444429,-3.220326585799894,-4.887046539997636,-3.135807405124936,-2.5213516101537685,-2.0814108862600973,-2.812711148127393,-2.4269562069721995,-1.5825397150632323,-0.955132960566896,0
CCR2-decoy_651,CC(O)(C(=O)Nc1ccccc1F)C(F)(F)F,-6.6176930299366,-5.831401755880434,-5.511204224792176,-4.771220483341397,-3.556297163726378,-3.0727904893030877,-3.310463302585773,-3.68982223002378,-2.6892407233765425,-3.3295163128607665,0
CCR2-decoy_695,C=CCn1c2ccccc2c2nnc(S)nc21,-6.61445654901,-5.778695639091564,-5.895955820848545,-4.505019185119046,-3.692302931295148,-3.390341628986428,-3.034954337124643,-3.903699435979059,-3.0310347250928427,-3.0677771513669665,0
CCR2-decoy_40,CCCc1cc(OC(F)(F)F)cc2c1OC(C(F)(F)F)C(C(=O)[O-])=C2,-6.61256704793802,-5.178559530587884,-6.6043783764471256,-3.923054929874056,-3.444031973326598,-2.766694521819528,-2.882331651441403,-3.377925632900749,-3.260926670945403,-3.3657150005610266,0
CCR2-decoy_27,O=C(OCc1ccccc1)[C@@H]1COC(c2ccc(Br)nc2)=N1,-6.61034001855358,-5.360408992116014,-5.360582745636746,-4.903478316927735,-4.125013615372268,-3.861133335998757,-3.0094683815761227,-4.6125104081676085,-3.248700017093192,-3.085591880461666,0
CCR2-decoy_34,COc1ccc2c(CS(=O)(=O)c3ccc(C)cc3)cc(=O)oc2c1,-6.60836709489703,-3.942131591676044,-4.421584241835036,-4.870037367145406,-3.440847077065488,-2.7668623283066776,-1.4584690087538128,-2.648101290238739,-3.034217080496152,-3.8692397678947454,0
CCR2-decoy_611,Cc1ncncc1c1nc2cc(F)c(F)cc2n1C1CC1,-6.60127855428267,-6.185179841620604,-5.688646504816476,-4.751460754595065,-3.630166752595038,-3.1760451511022776,-2.982441889549973,-2.982871824663209,-2.183149446933612,-3.5322650237828466,0
CCR2-decoy_739,CCc1nn(c2c(Cl)cc(Cl)cc2Cl)c2nc(C)nc(N)c12,-6.5941000758583,-5.025062308192264,-4.766137447896885,-3.698378416649436,-1.9278673237040185,-1.7226189258559472,-3.2947823456234726,-2.3967603487954894,-2.5020656983911023,-2.1061791653432067,0
CCR2-decoy_194,CCN(C(=O)CSc1nc2ccccc2n1CCc1ccccc1)C1CCS(=O)(=O)C1,-6.59409322477083,-5.787934813474144,-5.982081901250036,-5.278104481589756,-4.495326158571448,-2.916053705111888,-4.299299720545233,-3.795584233517189,-2.549569831946962,-4.455281394963166,0
CCR2-decoy_350,C=CCCNc1nc(NCc2ccc(c3ccccc3)cc2)nc(N2CCC[C@@H]2CNS(=O)(=O)c2ccc(C(F)(F)F)cc2)n1,-6.59365688076707,-4.994970315722944,-5.619550330410206,-6.202077164799986,-3.3618792772399484,-3.4325606362473677,-4.242112409268523,-5.524827818307548,-2.6158232124424723,-4.049239120738276,0
CCR2-decoy_72,Cc1cnc(NCCc2ccccc2)c(=O)n1CC(=O)NCc1ccn2ccnc2c1,-6.5933211060819,-5.764909949792704,-5.589816552961556,-4.994412342154776,-4.394964768822378,-3.356740317535528,-3.410255348117863,-2.4204408745235795,-3.0977623784130426,-3.9291018897804255,0
CCR2-decoy_715,C/C(C=O)=C\[C@H]1CC[C@]2(O)[C@@H]3CC[C@@H]4C[C@@H](O)CC[C@]4(C)[C@H]3CC[C@]12C,-6.59112116413402,-5.433350322773444,-5.079573994378205,-4.389376814188497,-2.7296148878131383,-2.6586886349421475,-2.098040284563353,-2.869034204706399,-2.019273711649192,-2.0153005820090266,0
CCR2-decoy_735,CC(C)(O)c1c(C(=O)NC2CCCC2)noc1c1ccc(C(F)(F)F)cc1,-6.58931095677373,-2.781567505802194,-5.907622558610766,-4.396259166419686,-2.1301599448421378,-0.7721627176910575,-3.5424813408003626,-0.929106603101439,-1.4043018932544626,-0.749054907943556,0
CCR2-decoy_509,COc1ccc(c2cc(c3ccc4c(c3)CCCC4)nc(OCC(=O)NCc3ccccc3)c2C#N)cc1OC,-6.58892989658188,-6.131345167324364,-5.1104891938618655,-2.6334714805610964,-3.303875166447968,-2.245082070030538,-4.061766710335933,-4.295293277634618,-0.8474178298167723,-1.1888184923899967,0
CCR2-decoy_598,Fc1ccc(n2nnc(c3cccnc3)n2)cc1,-6.58292830088683,-5.027573469997244,-4.884386387764706,-4.564678699283887,-2.548727728465498,-3.292110406071957,-2.3870696068212838,-3.31835265403482,-1.7117529988764026,-2.6922056315074965,0
CCR2-decoy_709,C#Cc1c(SC)nn(c2c(Cl)cc(C(F)(F)F)cc2Cl)c1N,-6.58013810196792,-4.867333762356954,-4.245764983798376,-3.1556176002105656,-2.517148775778338,-2.485265059242588,-2.1799078354862527,-2.063784542830049,-1.991905308528442,-2.1908238673433464,0
CCR2-decoy_440,O=c1[nH]nc(SCCS(=O)(=O)c2cccc(C(F)(F)F)c2)n1c1ccc(OCc2ccccc2)cc1,-6.57861124375271,-4.628473568761574,-4.851575128016006,-3.2131533041145457,-2.441949371455748,-1.398761988732537,-0.4587955523786831,-3.192384812072429,-1.3511116895600424,-2.239077221346866,0
CCR2-decoy_447,CCOc1ccc(n2c(=O)c3c4c(sc3n(CC(=O)Nc3cccc(C(F)(F)F)c3)c2=O)CCCCC4)cc1,-6.57847877472425,-0.968153190498784,-7.288599255535736,-2.079984695812326,,-1.930308589627548,-1.5514229083213626,-4.81015847430162,-1.2403575544003624,-0.8601216997146564,0
CCR2-decoy_50,CN(Cc1ccsc1)C(=O)c1nc(N2CCCC2)ncc1Cl,-6.57596184440015,-5.339061341151924,-5.864255443970346,-4.096404685805936,-4.486281962465168,-3.784103874457307,-3.214226439307283,-3.899826750570799,-1.5071586409781528,-2.457942510721846,0
CCR2-decoy_496,COc1cc2c(c(OC)c1OC)-c1c(cc3c(c1OC)OCO3)C[C@H](C)[C@](C)(O)[C@H]2OC(=O)c1ccc(C)cc1,-6.57588629159155,-6.271826458281254,-6.883868829288036,-4.581949067236376,-2.638400919379718,-2.0302920419962573,-1.3777824835575734,-3.310798233362869,-2.261106937067792,-4.633144115075087,0
CCR2-decoy_633,OCc1sc(Nc2ccccc2)nc1c1ccncc1,-6.57565755298107,-6.005071090014754,-5.929738214514156,-4.615292004156526,-4.006646951681248,-1.9301361458136777,-2.512751805295073,-4.111633415914769,-3.071791792779212,-3.6767805627446064,0
CCR2-decoy_782,COc1nn(Cc2cccc(c3ccccc3)c2)c(=O)o1,-6.57510213102988,-5.516378121293334,-4.616693878566556,-6.661993576221896,-4.315596139134738,-5.170074273084907,-3.862156198026223,-3.688251351426389,-3.5284613059134227,-3.7411754173918874,0
CCR2-decoy_649,Cc1ccc2nc(c3cnn(c4ccc(F)c(F)c4)c3)oc2c1,-6.57449359475804,-4.718444646899074,-5.286427609220485,-5.298625582947146,-3.805444696644658,-3.302818287877997,-3.119728059248983,-3.5646258192482594,-1.243154838058352,-3.2681713603964067,0
CCR2-decoy_132,CC(C)C1=CC2CC3(C=O)[C@@H]4CC[C@@H](C)[C@H]4CC2(CO[C@H]2C[C@H]4[C@H](OC[C@@H]4C)[C@@H](C)O2)C13C(=O)[O-],-6.56625975106731,-5.471751206883364,-5.041918832867466,-4.216273263730656,-2.944718244739268,-2.488577519089607,-2.284148726854053,-2.7695995917931198,-1.321187438322882,-1.4375963080593968,0
CCR2-decoy_456,COc1cc2nccc(Oc3ccc(NC(=O)c4c(C)n(C)n(c5ccccc5)c4=O)cc3F)c2cc1Br,-6.55912635005184,-2.642384812542594,-4.294387489020706,-5.064692357064615,-4.400225324535608,-1.9213988043047872,-3.8006438330937033,-2.976178116081639,-1.7587600679834523,-2.3654956408681365,0
CCR2-decoy_222,CC(C)C[C@H](NC(=O)N1CCC(C(=O)Nc2ccc(Cl)cc2)CC1)C(=O)N[C@@H](Cc1ccccc1)C(=O)N[C@@H](CC(C)C)C(=O)[C@@]1(C)CO1,-6.55397425597793,-6.130451618348134,-4.790552977285236,-5.542125531832957,-5.354547029880338,-4.147631261742707,-3.218887060436183,-3.5184250276254896,-3.5666015596018523,-3.5194721081403166,0
CCR2-decoy_498,CCCCc1c(C)nc2nc(SCc3nc4c(c(=O)[nH]c(=O)n4Cc4ccc(Cl)cc4)n3CC)nn2c1C,-6.55340904721273,-5.773101730074364,-3.6028073211391654,-4.064229664765387,-2.539975807131488,-2.418835346230358,-1.091721896663623,-2.0848948707643893,-1.3420902083368125,-2.102237765610636,0
CCR2-decoy_566,CCn1nc(n2ccnc2)c2ccccc2c1=O,-6.55082793788063,-5.373281709853354,-5.692480995192046,-4.033947061632306,-4.452115400427839,-3.871904713143177,-3.115202981939573,-2.9452312326387493,-3.2767321633859323,-3.5201686602063766,0
CCR2-decoy_685,C[C@H]1C=C(C=O)C(C=O)=C[C@@H]2CC(C)(C)C[C@H]12,-6.55041266942575,-5.7221124502703145,-5.443053855810605,-5.151007507262756,-3.342492873893128,-3.441905307296298,-2.9147064112277628,-4.06172191024468,-2.7757626869034224,-3.4981710892532263,0
CCR2-decoy_2,Cc1c(Cl)cccc1N(CC(=O)N1CCCCCC1)S(C)(=O)=O,-6.55038595776331,-5.612911350201624,-4.845205572768916,-5.408285313627475,-2.380948544253088,-3.222854907572848,-3.5305262213777637,-3.8629169941891592,-2.8158431163509423,-3.9501997194042966,0
CCR2-decoy_687,O=C(NN=C1CCCC1)c1ccccc1O,-6.5476356678864,-6.617976205971204,-5.850645092867586,-4.852381895906436,-3.587315422296528,-4.473105949194857,-3.353678793890043,-4.556048460023209,-3.4033484886265226,-3.360225280166226,0
CCR2-decoy_153,Cn1nc(C(F)(F)F)c(c2cccc(C(F)(F)F)c2)c1NC(=O)CSCC(=O)[O-],-6.54631432787994,-6.543005199815654,-7.217693525612775,-4.888155747577827,-3.0503189472628884,-4.391989879241538,-2.233925998053773,-4.15470322079114,-4.000676590669372,-3.411916566320496,0
CCR2-decoy_573,Cc1ccc(n2nnc(c3cccnc3)n2)cc1,-6.54259434571318,-5.717113508835514,-5.106760854897046,-4.238862640703285,-2.590285906309788,-3.2164333379133376,-2.3947229455056034,-3.1971352582269392,-1.824045709077172,-2.887195337813946,0
CCR2-decoy_41,COc1cccc(C2=NN(S(C)(=O)=O)C(c3cccs3)C2)c1,-6.54174424181473,-4.841398551865344,-5.211243954527435,-4.324254499113016,-2.3195764819539777,-2.9239279264432376,-2.948455099926643,-3.658653078212079,-1.3373359741189628,-2.730182759370706,0
CCR2-decoy_497,COc1ccc(C2C3=C(CC(C)(C)CC3=O)N(NC(=O)c3ccncc3)C3=C2C(=O)CC(C)(C)C3)c(OC)c1OC,-6.5375127410868,,-3.530257507640316,-2.903979732568746,-2.255787327745078,-1.0567893375907174,-0.9926932111751428,,-1.6732849475623928,0.3983421572935834,0
CCR2-decoy_660,c1ccc(c2csc(c3ncccn3)n2)nc1,-6.53306798259678,-5.440211353414104,-4.728061050832386,-3.940820078097366,-4.065650402989328,-2.655553541794018,-3.090482148547463,-3.3246300527277595,-2.0628603869797724,-3.125716002636496,0
CCR2-decoy_676,Cc1ccc2c(c1C=O)[C@@](C)(C=O)CC2(C)C,-6.52421707285246,-4.958267484127614,-5.506146322601116,-4.196377797040107,-3.640747296952569,-3.6082243354304975,-2.8254705907779334,-3.563344498206149,-3.044052718005882,-3.1916658091080565,0
CCR2-decoy_552,CC(C)Cn1cc(c2cncc3nccn32)cn1,-6.52377058874769,-4.268930717005314,-4.788199193315416,-4.067665055656846,-2.087600697867388,-2.915658715491298,-0.5901776545881727,-2.969619957306239,-1.950845278184432,-3.417830777293176,0
CCR2-decoy_647,Cc1nnc(Oc2ccc(C#N)cc2Cl)c2ccccc12,-6.51898295616991,-5.192535555359934,-5.684229548744246,-4.395083951960286,-2.9749892349102582,-3.026540302709617,-3.2706656551905637,-3.39610469901902,-1.635091089913912,-1.2990948928944563,0
CCR2-decoy_752,Cc1ccc(S[C@H]2CC(=O)[C@@H]3OC[C@H]2O3)cc1,-6.51676275604822,-5.661764037383274,-5.670014612404696,-5.285876554322115,-3.594020290868178,-3.3669897167619576,-2.8728042447578237,-3.66959613063824,-3.4058238674080323,-4.043561587643486,0
CCR2-decoy_31,C=CC[C@@]1(OC)C=C2C(=CC1=O)O[C@H](c1ccc3c(c1)OCO3)[C@H]2C,-6.51523595675027,-5.522108513531914,-4.976458940113456,-4.783419498225646,-2.4764805319631584,-2.8630764623817777,-3.388210832341863,-2.882138034695329,-3.1631983440068225,-2.1685023027915262,0
CCR2-decoy_699,CCc1ccc2c(n1)C(C(N)=S)CCC2,-6.51340398313188,-5.683470938657114,-4.941871614817845,-4.051270407337267,-4.026922629331398,-3.650334222557137,-3.6104757581232834,-3.789652734314409,-2.573926577894482,-3.563895052999106,0
CCR2-decoy_124,C[C@@H]1C(C(F)(F)F)=NN(c2ccc(OC3CCN(c4ccccn4)CC3)cc2)[C@H]1CC(=O)[O-],-6.50986108397079,-4.737804966209194,-5.146344433560216,-3.9931847501871256,-3.0440166287803283,-3.137545858598627,-2.625092246138573,-3.332813321459859,-2.0909822554984823,-3.0558918981302163,0
CCR2-decoy_22,CCOC(=O)CCn1c2c(=O)ssc2c2ssc(=O)c21,-6.50638679389224,-4.618447614792934,-4.150549978103466,-3.354187594483856,-3.3367323063423084,-2.1472890922458774,-2.248762128077913,-2.185951428259559,-2.349987332140602,-2.193195821816226,0
CCR2-decoy_15,Cc1cnn(CCC(=O)N2CCCC(c3nc(C)c(C)s3)C2)c1,-6.49641262094135,-6.678952526284054,-5.426888960244076,-3.913988842889576,-3.998928320651068,-2.3264324381024477,-3.649750457561823,-4.296563270921929,-3.035890514076672,-1.9977707826804965,0
CCR2-decoy_10,Cc1c(CCC(=O)[O-])c(=O)oc2cc3occ(c4ccccc4)c3cc12,-6.49559205448095,-5.353386096484294,-5.7810243114075055,-4.440996922206287,-2.723912177755768,-2.836663680359868,-2.232923619907403,-1.9562599999932595,-2.8785011391464925,-2.7422794038434164,0
CCR2-decoy_396,[NH3+]CCCC[C@H](NC(=O)c1cccc(F)c1)C(=O)c1noc(Cc2ccc(OCCc3ccc(Cl)c(Cl)c3)cc2)n1,-6.49268665207415,-6.241095868179614,-5.455372438553765,-3.9234764634006063,-2.105393081659548,-2.997589474213978,-3.9686822005911626,-2.9073074909076597,-1.5129337731328922,-3.9744803283646464,0
CCR2-decoy_754,CCOC(=O)c1c2cccccc2n2c(=O)cc(C)nc12,-6.49225229646357,-4.454901826875164,-3.8310470365461455,-4.075962966381097,-3.5504065915815977,-1.2914138830859976,-3.398119101098903,-2.709612428665299,-3.466896994355462,-1.205755957994456,0
CCR2-decoy_689,OCc1ccncc1NCc1ccccc1,-6.48604443677155,-4.678078841399284,-4.987245054974665,-3.849582500487256,-3.2203830342506885,-2.6167301891334773,-2.679486214636923,-4.12119043304887,-2.4139979044147823,-2.4862296291871564,0
CCR2-decoy_686,CCNC(=O)Nc1nc2c(s1)CCCC2,-6.4709919749515,-5.080231702176064,-5.170731192644046,-4.821809337640715,-4.1445969549567785,-3.003807171444397,-3.5227363808644734,-3.8170319899043,-0.8195485608062225,-2.2794245824409067,0
CCR2-decoy_640,O=CNc1ccccc1C(=O)Nc1cccc(C(F)(F)F)c1,-6.47008568473002,-4.804611676250684,-5.445318228237776,-3.6721592849393256,-3.858543682811618,-3.145928680970518,-3.3519414963326533,-3.856538803279799,-2.0238303776241127,-2.1442817489256463,0
CCR2-decoy_122,COc1cc(F)c(F)cc1c1ccc(OCc2cccc(CN3[C@@H](C(=O)[O-])CCS3(=O)=O)c2)cc1,-6.4629091590017,-6.131045670505984,-5.397210833088126,-3.587244110566556,-4.046748511062738,-3.319410812279377,-3.5618627982590425,-3.71600834556844,-2.681726248006452,-2.605296710896506,0
CCR2-decoy_513,COc1cc2c(Nc3ccc(Cl)c(Cl)c3)ncnc2cc1OCc1noc(c2c(C)noc2C)n1,-6.45457639533326,-4.290202581541644,-3.931132731832085,-4.015908425177436,-1.5717945328429082,-1.3281225550596476,-2.1349354806910226,-2.827142092993609,-2.400778870619482,-1.8850684826369264,0
CCR2-decoy_665,c1ccc(CCc2nc(c3ccccn3)no2)cc1,-6.44569794463342,-5.380981012059534,-5.165449182370375,-4.435561547704905,-3.752178494291008,-2.5968700744701074,-2.7756306434968625,-4.18487756466212,-1.2824314699587722,-2.529871244322337,0
CCR2-decoy_23,O=C(OCC(=O)N1CCN(c2ccccc2)CC1)c1cccc(Cl)c1,-6.43667640529565,-5.796278938372484,-5.554038646775306,-4.837112913889715,-3.3140003496155384,-2.476201013619028,-2.3635866402189025,-2.659856415511449,-1.6413006074130525,-3.650695251583076,0
CCR2-decoy_414,Cc1ccc(/C=N/NC(=O)COc2ccc(N3CC4=C(CC(C)(C)CC4=O)N(c4ccc(Cl)cc4)C3)cc2)cc1,-6.43295361231153,-4.765760004499834,-6.396589498675866,-5.0636286593865965,-2.8527748027223883,-2.4581122683179077,-2.9926693704655225,-4.582669308101009,-2.2989451439387327,-4.677275922084306,0
CCR2-decoy_13,O=C(OCc1ccccc1)[C@@H]1COC(c2cccc(Br)c2)=N1,-6.42717849860135,-7.173270883615114,-6.796467595858216,-5.096145825789186,-3.731139450447368,-3.035290470802648,-4.147930061550523,-6.320152340601979,-2.206557478546462,-5.039031251683396,0
CCR2-decoy_409,O=C(Cn1cc(Cc2cncnc2)c(=O)nc1SCc1ccc(F)cc1)NCc1cccc(c2ccccc2)c1,-6.42078720143841,-4.407165504240674,-4.211271719895856,-4.266761817229126,-3.713995500938028,-1.7246176524914976,-2.1887871194820727,-1.856591074947239,-2.6108017689527223,-1.1328205979187669,0
CCR2-decoy_393,CC(C)OC(=O)[C@H](C)N[P@](=O)(OC[C@H]1O[C@@H](n2ccc(NC(=O)/C=C/c3ccccc3)nc2=O)[C@](C)(F)[C@@H]1O)Oc1ccccc1,-6.42002841453942,-5.656005908050324,-6.687957646895196,-5.796465337541987,-4.394868468719438,-3.6383277630854174,-5.375659446610033,-4.71868275418832,-2.8499357357053823,-3.797699734898647,0
CCR2-decoy_88,COc1ccc(c2ccc3c(c2)CN(CC[C@](C)(C(=O)NO)S(C)(=O)=O)C3=O)c(F)c1,-6.41882790182313,-6.445890680225344,-4.598034116407166,-3.378473224639626,-2.8243231334174776,-2.337638457583328,-2.9624074818564425,-4.460587263264639,-2.5697359438784524,-2.6686547136795866,0
CCR2-decoy_607,CCc1cccc(NC(=O)C(=O)c2c[nH]c3ccccc23)c1,-6.41761913186303,-6.605978351949644,-6.891131741551386,-3.4300502696968658,-4.045098621440588,-4.044641380000607,-4.767620171162493,-4.83614717823839,-3.4051532382907226,-4.792005682366296,0
CCR2-decoy_688,CC1(C)CC2C=C(C=O)C3(C=O)CC3(C)C2C1,-6.41575734551432,-6.128488640069944,-6.3088839482855255,-5.316532470363166,-4.337755244749858,-3.7559049517606073,-3.9472752360925223,-4.20633757361915,-3.4068768781260825,-4.102056008092526,0
CCR2-decoy_150,C=CCN(c1ccccc1)S(=O)(=O)c1cccc(C(=O)N2CCN(c3ncccn3)CC2)c1,-6.40727693168455,-4.077424962945414,-4.630432591841106,-4.4324813019502365,-0.955244641854608,-1.8968179789060475,1.266183297166697,-2.118294214955719,-1.5878906884225827,1.5516112042569237,0
CCR2-decoy_422,C[C@H]1CC[C@H](Cn2c(N3CCOC[C@H]3c3ccccn3)nc3cc(c4noc(=O)[nH]4)nc(c4cncc(Cl)c4)c32)CC1,-6.40498464264243,-3.4629539677337338,-4.9251050398336655,-3.206134659499766,-2.451589516148568,-3.7722003017630072,-2.476818830912573,,-3.0617038394285423,-1.5999802759773365,0
CCR2-decoy_48,COc1ccc(C)cc1S(=O)(=O)N1CCN(c2ccccc2)CC1,-6.39968290803619,-5.164848961032044,-3.212832029856316,-3.972795546003186,-1.580945771315268,-2.2790098529553875,-1.6213905772284427,-0.4511486584990494,-1.5840118510462622,-2.4112572017778264,0
CCR2-decoy_693,NC(=S)c1cccc(c2ccccn2)c1,-6.38682419023366,-6.114998848329794,-5.205583305596816,-4.4758857118823965,-3.6431858123012377,-3.0339652124812577,-2.9589489078620232,-4.2769862554185885,-2.9643674974694427,-3.482272492488816,0
CCR2-decoy_662,CCCCc1c(O)n(c2ccccc2)[nH]c1=O,-6.37864511502687,-6.162129792743274,-4.995253432274186,-4.557183647098576,-3.251664813833128,-3.543359520424808,-3.223815961905963,-3.920995069999639,-2.9451328978476523,-3.3365823121193863,0
CCR2-decoy_541,O=C(NS(=O)(=O)c1cccs1)c1cccc(CN2CCCCN(Cc3ccc4ccccc4c3)S2(=O)=O)c1,-6.37513151678135,,,-3.693549302865656,,-0.0267937577836976,-3.4699883341746838,-3.428560107730689,-1.3839149655370226,-1.3253120523601565,0
CCR2-decoy_705,COc1ccc(c2csc(n3ncc(c4cccs4)c3N)n2)cc1,-6.37275243660736,-4.815366918597524,-5.344292270303326,-4.628108697578496,-2.564623184217778,-3.289631532782508,-2.3753413257043228,-3.407459355237749,-2.382187714177173,-2.9590329693245465,0
CCR2-decoy_280,COc1ccc(c2cc3ccc(OCCCCCn4cc(CNC(=O)CCCCC5CCSS5)nn4)cc3oc2=O)cc1,-6.37208254720047,-3.170703449501164,-3.005984796837376,-4.258256192293926,-4.2408265860525285,-1.2688202576876175,-2.1519223682399438,-2.124169570127369,-1.7228369229936025,-2.001138415095326,0
CCR2-decoy_145,O=C(CN(/N=C/c1ccccc1Cl)C(=O)c1ccncc1)N1CCN(c2ccccc2)CC1,-6.3716870713463,,-3.155389631795076,-2.3399834651315863,-5.298804410163528,-1.1105212850870778,-1.943709225148833,-1.4527038956442593,-1.7504729146580722,-0.3900250999244061,0
CCR2-decoy_725,COc1ccc2c(Cc3c(Cl)cncc3Cl)nnc(N3CCCC3)c2c1,-6.37108204623759,-4.366596645248634,-5.566321066061856,-5.956601273956956,-3.521105926539728,-1.777575700157768,-2.372951829945843,-4.626444558293409,-3.173435963351932,-2.7929651327627365,0
CCR2-decoy_340,COc1ccc(CC2COc3cc(OC)c(OC)c(OC)c3C2=O)cc1OC(=O)[C@H](CCc1ccccc1)NC(=O)OC(C)(C)C,-6.37044821956193,-5.216459938993054,-4.556644395413036,-4.455580332590255,-2.081928350830598,-3.2429183608965277,-4.250123177790013,-3.884599881750669,-2.969728913604972,-3.773028487257256,0
CCR2-decoy_269,CCCS(=O)(=O)c1cc(C2CC[C@@H](c3cc(OC)c(OC)c(OC)c3)O2)cc(OC)c1OCCSc1ccncc1,-6.36603752179599,-5.624075715652584,-4.932845967589426,-4.298657831200787,-3.088232080730548,-3.078787427635357,-2.846477686251623,-2.536812810567389,-2.6358670848405223,-2.0042387326996964,0
CCR2-decoy_620,Oc1ccc2nc(c3ccc(NCCF)nc3)sc2c1,-6.35579952364823,-4.737545039430364,-4.787310898513196,-4.057883476808796,-2.801594414314488,-2.418263835144968,-2.762074337738144,-3.6176842261256583,-3.112521573843522,-1.9836653234736863,0
CCR2-decoy_398,COC(=O)N[C@H](C(=O)N[C@@H](Cc1ccccc1)[C@@H](O)CN(Cc1ccc(c2ccccn2)cc1)NC(=O)[C@@H](NC(=O)OC)C(C)(C)C)C(C)C,-6.35322436205102,-5.514557796288774,-5.840142229655016,-5.282481696338936,-3.822156783414438,-3.8593121775146377,-3.632313290412913,-3.9727111432322295,-2.565948212599472,-2.5043014937388266,0
CCR2-decoy_521,C=CCOc1c(Br)cc(/C=N/NC(=O)Cc2ccc(C(F)(F)F)cc2[N+](=O)[O-])cc1OC,-6.34667445133066,-3.272798107043794,-5.554759695767386,-3.137384609536256,-2.9260251679527185,-2.0008692033944278,-1.2679813087815726,-2.6727897186391893,-0.7055996925730224,-3.1332676525691667,0
CCR2-decoy_764,COc1ccc2c(c1)O[C@H](c1ccc(O)c(O)c1)CC2=O,-6.33899817558621,-5.634549425909704,-5.704956589606276,-4.511857233036826,-2.0410135977759385,,-3.247541447045573,-3.229089718660029,-3.5262928695495823,-3.0297440565763063,0
CCR2-decoy_554,Cc1cccc(Sc2nccn(C)c2=O)c1,-6.33677837888995,-5.254093480074544,-5.506364175176596,-4.317467338324885,-4.8683746955866285,-3.431493832151848,-3.4894694372800528,-4.127356751838329,-3.1065826344155125,-3.433368564360916,0
CCR2-decoy_542,O=C(NN1CCCCC1)c1ccc(C2CC(=O)N(Cc3ccccc3[N+](=O)[O-])c3ccccc3S2)cc1,-6.33314484820283,-3.689270686015134,-6.812405168486325,-4.047706389943336,-4.771205088781868,-2.2739232650218577,-4.071421523864963,-4.570703348237339,-1.990159420583062,-3.559532250803806,0
CCR2-decoy_622,O=C(Cc1c[nH]c2ccccc12)Nc1ncc(C2CCC2)s1,-6.3307222800333,-5.960017722218494,-3.9703619864709454,-4.831682822697546,-3.4134371877423577,-2.5703240435282977,-3.6277641785887527,-1.8149511954712088,-2.1809156511398022,-2.9842123811597663,0
CCR2-decoy_186,COc1cccc(CN(CC2CCC(C(=O)[O-])CC2)S(=O)(=O)c2ccc(C)cc2)c1,-6.32256615549422,-3.487507200560084,-6.598537146514416,-3.8910492710341056,-2.7877356002615983,-2.1989569164001272,-2.6435864714895327,-4.781658773052129,-2.4421213319193127,-3.4398736008343063,0
CCR2-decoy_568,Cc1nc(C(=O)OCCn2cccn2)cs1,-6.31893285181045,-4.905260609243654,-4.648099068357676,-4.271694489580346,-3.187959711775408,-3.2398200127418777,-2.473718871340683,-3.7261027246398695,-1.908774669730672,-2.9749823879462163,0
CCR2-decoy_202,CC(C)C[C@@H](C(=O)Nc1ccc(S(=O)(=O)c2ccc(N)cc2)cc1)N1C(=O)c2cccc3c(NCCSc4ccccc4)ccc(c23)C1=O,-6.31696478243113,-7.124283757722154,-5.241617337238336,-4.312311269698887,-4.310182355284098,-2.6996400235408373,-2.5948730603552432,-3.074428741696789,-1.6954455062249325,-3.722108702470866,0
CCR2-decoy_78,O=c1[nH]c(NC2CCCC2)nc(N[C@@H]2C[C@H](CO)[C@@H](O)[C@H]2O)c1c1nc2ccccc2s1,-6.31567136972748,-5.585807661233624,-6.228065387336196,-5.510659565755226,-4.654747044633108,-3.781733561089188,-5.662976851827473,-5.435056821183709,-3.528520362520772,-2.852395746535646,0
CCR2-decoy_556,O=C(N1CCOCC1)C1(c2ccccc2)CCCC1,-6.31410720862281,-4.852191485556624,-4.331179807204296,-3.669275953446626,-2.631157512927718,-1.962029673126397,-2.212269874929073,-2.9504641835774392,-1.3747929905240426,-1.7594807884724162,0
CCR2-decoy_724,CC(C)(C)OC(=O)c1ncn2c1CN=C(c1ccc(F)cc1)c1ccsc1-2,-6.30970879887661,-5.268020904939294,-5.654401081126476,-4.739165653596697,-5.022713911439448,-3.339335235392108,-3.7498980191917033,-2.7501779095163594,-1.6784982568982123,-2.6987513827251464,0
CCR2-decoy_46,O=C([O-])C[C@@H]1COc2cc3c(cc21)OCC(c1cccc(C2CC2)c1)O3,-6.30848837358204,-4.935081526831574,-5.263021080175816,-4.086460090388506,-3.406081204874468,-3.485607126448137,-3.251518356786943,-3.496043311912769,-3.2457254434201923,-3.2297771607232963,0
CCR2-decoy_239,CC(C)C[C@H](NC(=O)OCc1ccccc1)C(=O)N[C@@H](CC(C)C)C(=O)N[C@@H](CC(C)C)C(O)C(=O)N1CCc2ccccc2C1,-6.3059123152614,-5.237205361952684,-4.962520960599965,-4.6239699333956565,-4.303623069171298,-2.562772378261537,-3.9596693494958233,-3.808159072712499,-2.569573616923602,-3.896524189412396,0
CCR2-decoy_454,COC(=O)[C@H](O)[C@H]1C(C)(C)[C@H](C(=O)OCC(C)C)[C@@H]2CC3=C4CC(=O)O[C@@H](c5ccoc5)[C@]4(C)CC[C@@H]3[C@@]1(C)C2=O,-6.30448790017662,-3.5375834170297544,-4.4679403400261055,-3.922360405453426,-2.7676947596589585,-0.2910437276127373,-2.142813526081083,-2.1001923084467395,-2.483290383828062,,0
CCR2-decoy_238,Cc1ccc(S(=O)(=O)N2CC2(C)CO[C@@H]2O[C@@H]3CO[C@H](c4ccccc4)O[C@@H]3[C@H](OCc3ccccc3)[C@H]2OCc2ccccc2)cc1,-6.30274670635924,-4.132964813677554,-6.445822005137615,-2.579902250260846,-3.016892684440638,-1.9780316762786176,-2.5295821470663933,-3.272743916882279,-2.3867391225821724,-4.052204889803826,0
CCR2-decoy_737,O=c1cnnc2n1-c1ccc(Oc3c(Cl)cccc3Cl)cc1CC2,-6.30146307319478,-5.160787245996854,-5.003650691144646,-4.140391126393386,-3.3800622367720283,-2.448045884447268,-0.7285021864019527,-1.1277814050126191,-1.258808978673012,-2.1285263131574865,0
CCR2-decoy_106,CCOC[C@H]1O[C@@H](n2c(Cl)nc3cc(Cl)c(Cl)cc32)[C@H](OC(C)=O)[C@@H]1OC(C)=O,-6.30138819119316,-4.857729237498664,-4.949075962748005,-4.386698220039476,-3.108760414797388,-1.833508896783587,-2.575410954073633,-3.4267324467020197,-1.6221437873755322,-2.8024263409101167,0
CCR2-decoy_142,COc1ccc(/C=C/c2onc(C)c2S(=O)(=O)N2CCC(C(=O)N3CCCCC3)CC2)cc1,-6.29622946255318,-4.031260864177764,-3.887749412890826,,-2.2245243798725385,1.7079228653307823,-2.268186614650273,-1.9424877366694289,-1.0711338322717423,-1.3654505211406065,0
CCR2-decoy_171,Cc1ccc2[nH]c(c3ccc(N4CCC(O[C@H]5CC[C@H](CC(=O)[O-])CC5)CC4)nc3)nc2n1,-6.28792804569658,-4.253671389128364,-4.0427329353961055,-3.8000043864802255,-3.545706334553068,-2.138667359205347,-2.791521105051604,-1.9071684435143996,-2.4526832965676624,-1.1294537081021965,0
CCR2-decoy_381,CCCCCC1=C(C(=O)NCCC[NH+]2CCC(c3ccccc3)(c3ccccc3)CC2)C(c2ccc([N+](=O)[O-])cc2)C(C(=O)NCC)=C(CC)N1,-6.28790684761394,-4.288359045321524,-4.940789841083606,-3.7631645752331457,,-3.400695659495128,-3.1284199750825925,-4.373674832600999,-0.9758953316178623,-3.5872925701644567,0
CCR2-decoy_361,CC(C)C[C@]1(NC(=O)[C@@H](NC(=O)[C@H](Cc2ccccc2)NC(=O)Cc2cccc(Oc3ccccc3)c2)C(C)C)CNC1=O,-6.2838070447013,-8.795414223811473,-6.4031792527917455,-5.418719090687185,-4.711315684976208,-3.984154334197817,-3.861509161629973,-5.942627598105249,-4.545408410703602,-3.479095092926366,0
CCR2-decoy_89,CC(=O)NC(Cc1ccc(F)cc1)C(=O)N1CCN(C(=O)NCc2ccccc2)CC1,-6.27990465019396,-5.922982152875294,-5.332016003143906,-4.293438170803846,-3.456615786615938,-3.552647759828748,-2.4778641003040933,-3.834340946747839,-1.6813478925014325,-2.436010791628486,0
CCR2-decoy_675,Cc1nn(c2ccccc2)c(C)c1C(=O)N(C)C,-6.27225186563745,-5.169938140430304,-5.232359704822376,-4.754269719526976,-3.036633031169848,-2.431769246472077,-3.015597269846273,-3.07993412805594,-3.0986374732616326,-2.467253900312996,0
CCR2-decoy_177,CCOc1ccc(C2=NN(c3ccc(C(=O)[O-])cc3)C(=O)[C@@H]3CC=CC[C@H]23)cc1OCC,-6.269303385134,-5.629105940553344,-3.9754404038418754,-4.277884015618225,-2.332690488837068,-1.5873440921049573,-3.218075435347253,-2.460088899896759,-3.0842869249860323,-1.3492756098382266,0
CCR2-decoy_629,ClCc1nn(c2ccccc2)c(CCl)c1CCl,-6.26592079682657,-5.546173927436744,-5.545951384259236,-3.7771336237190254,-4.167033271376398,-2.7203508978409072,-2.9625383058336325,-4.106927823605149,-3.7209190830604815,-3.2152927503910966,0
CCR2-decoy_266,CCCCCCCC[C@H](O)/C=C/C=C/C(=O)O[C@@]12C[C@@H](C)[C@@]3(O)[C@@H](C=C(CO)C[C@]4(O)C(=O)C(C)=C[C@H]43)[C@@H]1[C@@]2(C)COC(C)=O,-6.26189481277898,-4.968984507013674,-4.026234886392026,-3.444493585695476,-2.6510132750264184,-2.3349736545780777,-2.0916584854929425,-3.0700308807378494,-1.5321959213013523,-1.7117279594267067,0
CCR2-decoy_136,CN(C)c1ccc(Cn2cnc3c2C[C@@H](C(=O)[O-])N(C(=O)C(c2ccccc2)c2ccccc2)C3)cc1,-6.25962903770803,-4.589087198648994,-6.4798976144103655,-5.200844368269276,-5.867812611204178,-4.533156363872237,-4.287695186577313,-3.1767759864071894,-2.892739049757722,-1.641192970317066,0
CCR2-decoy_562,CCCCn1c(=O)sn(c2ccc(C)cc2)c1=O,-6.25657729540563,-4.252672276253984,-5.505871017331466,-4.834797558632266,-3.365343612953808,-2.6158655172482077,-2.626740190056984,-4.27875131231429,-2.833904289887852,-2.8646055518739466,0
CCR2-decoy_762,O=C(NCC1(CO)CC1)c1ccccc1C(F)(F)F,-6.25152564038561,-5.068642281526044,-6.129348654571426,-4.057851308584617,-3.0110786057765084,-3.0626254560752173,-2.651320384952103,-3.107561299225269,-2.5351374406138323,-2.282467417829966,0
CCR2-decoy_215,CCC[C@H](NC(=O)[C@@H]1CN(c2ccc(c3ccccc3)cc2)CN1C(=O)[C@@H](NC(=O)OC1CCCC1)C(C)(C)C)C(=O)C(=O)NC1CC1,-6.23740022502403,-4.748416508208074,-5.858924049833216,-3.2883116887466657,-2.822240730335558,-2.910664062179488,-2.3226965998744733,-3.5423707265354296,-1.7683957135628727,-1.670341380381786,0
CCR2-decoy_70,Cc1cc(NC(=O)CSc2ncc(C(=O)Nc3ccccc3)c(=O)n2C)no1,-6.22527800915468,-5.138652865674414,-5.599087622604076,-4.373655363318797,-2.8433499345127684,-3.668666196340848,-2.0630125120680125,-3.8285875640237896,-1.935765802171303,-2.885934159850966,0
CCR2-decoy_800,CN(Cc1ccco1)c1ncncc1c1ccoc1,-6.22020789106012,-5.229379822504474,-4.923854866525256,-4.249628283159836,-4.332992449553448,-3.102906254185627,-2.6850069996285626,-3.70599154951272,-1.4565477505728426,-2.2950903422469064,0
CCR2-decoy_617,CCC1=CC2Cc3nc4oc(C5CC5)nc4c(N)c3C(C1)C2,-6.21682380152144,-4.659277591352074,-5.013498877240856,-3.864110579566096,-2.961884180907558,-2.901904481453948,-2.9967241004327425,-3.126097702278399,-2.199769008575762,-3.442575113082026,0
CCR2-decoy_192,COCc1nnc(N2CC[C@@H](Oc3cc(F)cc(F)c3C)C2)n1c1ccc(OC)nc1,-6.21471316095228,-5.068199587397854,-5.862579228598506,-4.765057425923105,-3.814247721465829,-3.0213497047257176,-2.357073059753013,-2.8793760983001992,-2.4878853951224222,-1.3011596832166363,0
CCR2-decoy_674,N#Cc1cccc(C#N)c1Oc1ccc(N)cc1,-6.21187832369067,-4.420705630645674,-4.666029359244236,-3.416420787959566,-3.6968760820884974,-2.663240408556738,-3.200560927325953,-2.658371155968759,-3.0792137113124527,-2.588243739136436,0
CCR2-decoy_716,Cc1nc2ccnn2c(c2ccc(Cl)c(Cl)c2)c1C(=O)N1CCCCC1,-6.2067298401146,-4.630124845770324,-5.168373764377346,-2.6097595948094656,-2.869993140930908,-3.066265382333097,-2.6937900764694227,-2.620362238078649,-2.467897449364382,-2.676724898294376,0
CCR2-decoy_405,COc1ccc(NC[C@]23CC[C@H]4[C@@](C)(CC[C@@H](OC(C)=O)[C@@]4(C)COC(C)=O)[C@@H]2C[C@@H](C2=CCOC2=O)O3)cc1OC,-6.20590474799588,-3.775678453395344,-2.810409127657236,-2.470695044808046,-3.3146152110415184,-1.9380360686338076,-1.5467501792810232,-1.9669885467826995,-2.5777879936530823,0.0698542767013035,0
CCR2-decoy_183,C=CCN1CC(C(=O)N2CCC(Cc3ccc(Cl)cc3)(C(=O)OCC)CC2)CC1=O,-6.19939282139968,-5.980201993915684,-4.982737423941296,-4.167838493795136,-2.857353750214368,1.6926591921173124,-1.6629232206970626,-3.0522115491864192,-2.703622124402252,-2.767601942910217,0
CCR2-decoy_152,CCC1=C([O-])c2c(oc(c3cc(OC)c(OC)c(OC)c3)cc2=O)C(CC)(CC)C1=O,-6.19887299982375,-4.513230016788864,-4.587140857696456,-3.029940997350016,-2.624634057159648,-1.8044588366003973,-1.338769988087213,-1.5473810408995194,-1.5487076331733522,-1.8567824494627765,0
CCR2-decoy_587,CC(=O)Cn1nc(C)c(Br)c1C,-6.1981637581913,-5.017067277368844,-4.981304531627925,-4.253572794072786,-3.2999794440105985,-2.5084123943786976,-2.8175545811375238,-3.50350189425742,-2.0804648497594123,-2.806331545685956,0
CCR2-decoy_140,COc1cc(C(=O)N2CCN(c3cccc(Cl)c3)CC2)ccc1OCC(=O)N1CCOCC1,-6.18737799972551,-4.031824446464724,-5.541074944827546,-4.376027234462667,-2.0274027650477384,-1.9036036210040672,-0.4669168385383631,-0.0931891417407291,-0.3920815471064425,0.0446976499624436,0
CCR2-decoy_655,CC(C)c1nccn1CC(=O)c1ccccc1,-6.18624351959412,-5.837931325596904,-6.263419376376376,-4.591752160691016,-3.9461679210478575,-3.438636443248387,-3.597617449080353,-4.795998828343839,-2.8260058284956022,-4.989948079970937,0
CCR2-decoy_197,Cc1cccc(Oc2c(/C=C3\SC(=S)N(CC(=O)[O-])C3=O)c(C)nn2c2ccccc2)c1,-6.18552847837926,-5.503295774482724,-4.254140463884665,-3.755816859036676,-3.685640755345248,-2.411932949799977,-3.6417862993875225,-3.403093705864889,-3.3390850543790727,-4.163309464164296,0
CCR2-decoy_588,C#CCSc1nncn1c1ccc(C)cc1,-6.18386373312061,-5.206785920528264,-4.704436789277096,-4.474589018429096,-3.836146192585768,-3.133251201321888,-3.404245214091823,-3.822168040146479,-0.8831777727446521,-3.232710005142196,0
CCR2-decoy_82,COC(=O)CNC(=O)[C@H](CCCN1C(=O)C=CC1=O)NC(=O)OCc1ccccc1,-6.18075264662908,-4.247763749122934,-6.565709836400566,-5.005893584587296,-3.0146166472544884,-2.968313662012598,-3.1696769428009626,-2.722997422964449,-1.1945496126087525,-2.2149329586861564,0
CCR2-decoy_14,CCn1c(S)nnc1c1cc2c(C(F)(F)F)nn(C)c2s1,-6.18074908818345,-5.126743933875254,-6.064022724381126,-3.7812381171998255,-3.4528400470994285,-2.258330627976988,-1.620151105515153,-2.4069262881712192,-2.3334384823266525,-2.3876463660867167,0
CCR2-decoy_199,COC(=O)C1(Cc2ccc(OC)cc2)CC(=O)OC1c1cc(OC)c(OC)c(OC)c1,-6.17846971977996,-4.422600283675184,-4.886441757102316,-2.547595092396896,-3.3366306547381184,-0.964730095631718,-3.2340438740502933,-2.399156954988079,-2.5844017024898527,-2.778617139918566,0
CCR2-decoy_461,Cc1ccc(n2nc(C3CCN([S+]([O-])c4c(Cl)cccc4Cl)CC3)cc2NC(=O)c2cnn3cccnc23)cc1,-6.17621591005439,-5.093081957838444,-6.316787709839086,-4.691802168707486,-2.4157106549914484,-3.0234847322930376,-1.939273421948693,-2.706723533402949,-1.2080818206008024,-2.2231336243812967,0
CCR2-decoy_369,CC(C)C[C@@H](NC(=O)[C@H](Cc1ccccc1)NC(=O)[C@H](Cc1ccccc1)NC(=O)c1cnccn1)B1O[C@@H]2[C@@H](C[C@H]3C[C@@H]2C3(C)C)O1,-6.17558530683072,-6.115070874628324,-6.447524991454096,-5.6417378564551655,-4.150820940539548,-2.659495526824288,-4.138584795428913,-4.629511582213169,-3.1142892927930026,-2.9527028210316866,0
CCR2-decoy_249,CC(C)c1nc(CN(C)C(=O)N[C@@H](CCO)C(=O)N[C@H](CC[C@H](Cc2ccccc2)NC(=O)OCc2cncs2)Cc2ccccc2)cs1,-6.17507227909796,-5.271726152814484,-5.773012867255386,-5.116997895968247,-6.206453067951799,-4.882272992459237,-5.377271210323123,-3.81302439635886,-4.132134247423353,-3.978340833966026,0
CCR2-decoy_149,COc1ccccc1N1CCN(C(=O)c2cccc(C(=O)N3CCN(c4ccccc4OC)CC3)c2)CC1,-6.17324219603015,-5.099907354089244,-4.105255745834246,-3.591631387035586,-3.876957456781448,-2.773121428829648,-4.489142993131823,,-1.3009040379490324,-2.757125509203936,0
CCR2-decoy_45,Clc1ncccc1c1nnn(c2ccccc2Br)n1,-6.16979350370724,-6.011317998656194,-5.464549791106536,-4.129319284579767,-3.3359084279322984,-3.442635585595937,-2.323558707193773,-3.567903836770989,-2.0513595876717226,-2.5596587034862166,0
CCR2-decoy_170,Cc1cc(OCC2(C(=O)[O-])CC2)ncc1c1ccc(c2ncc(C(F)(F)F)[nH]2)c(F)c1,-6.16020244432495,-5.394443761731484,-5.006741969599066,-4.119988045643126,-3.597796914068658,-2.4530614902562577,-3.0594131986765527,-4.338898546949968,-2.4897365277417425,-1.9220384499576169,0
CCR2-decoy_60,O=C(COC(=O)/C=C/c1ccc2ccccc2n1)NNC(=O)c1ccc([N+](=O)[O-])cc1,-6.15747281440681,-5.641188054045174,-5.477024576849346,-4.471810052297997,-2.513211441075958,-2.773021259844928,-2.3873161869360926,-2.0547138674877794,-1.7159582328021523,-2.4276557955162463,0
CCR2-decoy_7,Cc1c(CC(=O)[O-])c(=O)oc2cc3occ(c4ccc(Cl)cc4)c3cc12,-6.15286825941817,-4.555946602891434,-4.633202470846036,-4.008063907631346,-3.047510433496548,-2.9950748879357576,-0.9877436920786428,-3.975747137303659,-2.630181832710142,-3.1043833893570163,0
CCR2-decoy_112,COc1c(OCC(=O)[O-])cc2oc3cc4c(c(O)c3c(=O)c2c1CC=C(C)C)C=CC(C)(C)O4,-6.1481187729773,-5.401618780006534,-4.707064720839425,-2.9345267786095763,-2.526588014711458,-0.6960562932033176,-0.7936446586347428,,-1.6664882806461927,-2.0457393999221765,0
CCR2-decoy_717,COc1ccc(c2cc3c(c(OC)c2)OCCN(C(=O)C2CC2)C3)cc1C,-6.14509252974421,-4.166230480752984,,-3.309804632621026,-3.506313990664758,-1.5625672356894773,-2.361907017454393,-1.7131676085409295,-1.5379023523640427,-0.0912224034053763,0
CCR2-decoy_615,CCOCC(=O)N(C)c1cccc2c3c(n(C)c12)CCCCC3,-6.14462235962699,-4.849254527321554,-4.736899947473236,-4.489906922336965,-2.291256086728418,-2.015285503150088,-3.021672519901923,-2.172777337659489,-1.9849622173809625,-2.3549367573147464,0
CCR2-decoy_798,CC(C)NC(=S)N/N=C1\CCCCc2ccccc21,-6.14399779306634,-5.718226027925054,-5.767322169832346,-1.575318236803656,-2.913414101372398,-2.758009618833987,-1.8149703504520227,-3.282690734580149,-1.5244905337269827,-3.536662154420706,0
CCR2-decoy_455,COc1ccc(C(=O)OC2C(C(=O)OCc3ccccc3)=C(C)NC(C)=C2C(=O)OCc2ccccc2)cc1OC,-6.13727339297446,-3.5555133932046843,-5.354890765260186,-4.176068630624826,-3.422320848232108,,-3.373999854345973,-0.4333001733937291,-1.0518677121327125,-0.4038132703666464,0
CCR2-decoy_24,CN(C)c1ccc(C=C2C(=O)OC(C)(C)OC2=O)cc1Br,-6.13558142906331,-4.715288813222014,-5.119358996955365,-4.233474028204377,-3.709936821254909,-2.745038882457568,-3.399240065093533,-2.371960220354369,-1.627235502012832,-2.8758991176343764,0
CCR2-decoy_390,CC[C@H](C)CNC(=O)C[C@H](O)[C@H](CC(C)C)NC(=O)C(NC(=O)C(Cc1cccc2ccccc12)Cc1cccc2ccccc12)[S+](C)[O-],-6.1337899163835,-2.010508830158294,-8.925985295864725,-6.825371483921417,-5.766444341986588,-4.025533975325647,-5.4569135980976125,-5.978001931214429,-4.712254312236312,-6.488235259241426,0
CCR2-decoy_626,Fc1ccc(c2nss/c2=N\c2ccccc2)cc1,-6.13339954981664,-7.027158439823684,-6.008003637862726,-5.5974381352059055,-5.080671133170348,-2.598093645369108,-4.957082601560583,-5.511768922224519,-2.776523738836582,-5.144129611184207,0
CCR2-decoy_786,COc1ccc2nc(SC)c3c(C)ncn3c2n1,-6.13123514255115,-4.392036429460624,-5.678107443211536,-4.234882015403526,-2.925537499488008,-2.620460191751447,-2.5052122573053426,-3.609788234162439,-2.1467196623741227,-2.667981467651986,0
CCR2-decoy_557,COc1ccnc(N(C)Cc2csc(C)n2)n1,-6.12335860747384,-4.270346472222364,-4.156044358578836,-4.211962623059446,-2.8435218541371983,-1.9990350919428772,-2.978669533134833,-3.5549454712257997,-1.3247704165698826,-2.5885421614580064,0
CCR2-decoy_596,Brc1ccc(Cn2ccnc2)cn1,-6.12090690981199,-5.650100867843174,-5.252807420461746,-4.629882153652476,-4.098542062678368,-3.134669600071607,-3.4631531878772632,-3.471401957107289,-1.964495922091702,-3.3158353887106964,0
CCR2-decoy_532,CS(=O)(=O)Nc1c(Cc2cccc3ccccc23)cc(=O)n2c1SCC2n1cc(c2ccccc2)nn1,-6.11837514966212,-5.484814012106254,-6.623221051096956,-4.929969658787446,-3.225162324088318,-2.2832708879952373,-3.504857840684193,-4.206780244629719,-2.491712436471282,-1.116024749729596,0
CCR2-decoy_595,N#Cc1cccc(c2cc(n3ccnc3)ncn2)c1,-6.10933399281603,-5.109847832017114,-4.324825663845286,-5.3375603695049065,-3.3652029362714284,-2.527561162240397,-3.4891375120122934,-4.3401740795276496,-3.6779602964150326,-3.6034395850951855,0
CCR2-decoy_619,Cc1cc(OC(=O)N2CCOCC2)ccc1c1ccccc1,-6.10737765604617,-2.300846520456834,-4.539537626491766,-3.923639523641056,-3.466308923871748,-2.0223538517125874,-2.7026895283257826,,-0.8429156599011822,-0.6335525654630363,0
CCR2-decoy_642,COC(=O)c1occc1/C=C/C(=O)c1ccc2c(c1)CCC2,-6.10704726867013,-4.730419524862714,-5.673121985562016,-4.267060381022725,,-2.540698804469888,-0.4147179957453928,,-1.5758394239158626,-2.873294421331896,0
CCR2-decoy_544,Clc1ccc2c(NCCn3cnc4c(N5CCN(c6ccccc6)CC5)nc(Cl)nc43)ccnc2c1,-6.10585119555537,-4.996417723107254,-5.097635885065546,-4.088227983727567,-1.825743988069408,-2.239626489545998,-2.3090390220912527,-1.6031576528673894,-0.2044191246724924,-1.4353229896367967,0
CCR2-decoy_609,COc1ccc(C(=O)/C=C/c2ccc3c(c2)OCO3)cc1,-6.10520257818016,-4.098499417135644,-4.2855966205395655,-3.8332052343313454,-2.753494923628418,-2.6088257282477176,-1.2656342863237429,,-1.6764079946615524,-1.8167335277345569,0
CCR2-decoy_328,CCCCO/C(O)=C1\C(C)=NC(C)=C(C(=O)OC)C1c1cccc(NC(=O)NCCC[NH+]2CCN(c3ccccc3OC)CC2)c1,-6.10030158634785,-4.392669613124544,-4.756499518214156,-3.5288104647025462,-3.3051564548902377,-1.826441308211347,-2.342364920466353,-1.8431560226061392,-1.0725321430892325,-1.8077220231693063,0
CCR2-decoy_713,CCC(=O)Nc1ccc2ncnc(Nc3cccc(Br)c3)c2c1,-6.09890409668564,-5.497673189372594,-4.057607360518436,-3.135112729179136,-2.258293101795938,-0.8848688392541675,-4.415699813334633,-5.13551377851881,-2.4336735700737924,-3.947211166553096,0
CCR2-decoy_768,O=[N+]([O-])C1(Br)COC(c2ccccc2)OC1,-6.08822634014453,-4.980269033689514,-4.867568576891556,-4.171755810507767,-3.374919821638988,-2.861603271709508,-2.8966059120203638,-3.274458978394449,-2.4613788767489027,-2.8485924263132967,0
CCR2-decoy_577,CC(C)N1CCc2c(C3CC3)nc3ncnn3c21,-6.07723042095107,-4.829426938653324,-5.6297129933382255,-4.319968107310647,-2.7955800157773885,-2.8668303504042374,-2.553951081831942,-3.8014281510874,-2.803009200865862,-2.9460790537464963,0
CCR2-decoy_748,Nc1ccc(C(=O)N2CCN(c3nc4ccccc4c4ccccc34)CC2)cc1,-6.0770732615668,-4.898413094335934,-4.730250491541276,-3.954992555248436,-2.670309435729448,-3.0672001961383577,-3.005011491996833,-2.579111323117879,-2.024497992775732,-2.3531057236268067,0
CCR2-decoy_769,COC(=O)c1ccc(O)c(NC(=O)Cc2ccccc2)c1,-6.06525332355697,-5.617596695731004,-6.255841144835165,-4.046265286966346,-3.556343849795608,-3.181639596266238,-4.233609739347053,-3.678935889054419,-4.252052576281062,-3.237814642803686,0
CCR2-decoy_283,CC(C)(C)NC(=O)Cc1cccc(CC(=O)Nc2ccc(CCCCc3nnc(NC(=O)Cc4ccccc4)s3)nn2)c1,-6.06269279212503,-4.364573283508664,-3.764252953146946,-4.617986392211536,-3.717479547486709,-1.8778538952407475,-4.712861265237273,-3.475260891527079,-2.4759989112472525,-2.9135609154965767,0
CCR2-decoy_230,COc1ccc(S(=O)(=O)N(CC(C)C)C[C@@H](O)[C@H](Cc2ccccc2)NC(=O)c2ccc3c(c2)[C@H](NC(=O)OC(C)(C)C)CCS3(=O)=O)cc1,-6.05959316697739,-4.734081383367074,-4.276156702510366,-2.8274050413796563,-2.6459673151389183,-1.2699487997544576,-2.477512546419013,-1.7711850167212089,-3.205361821580282,-2.0471231442786264,0
CCR2-decoy_184,CCC(C)c1cccc2c1C(=O)N(CSc1nnnn1c1ccccc1)S2(=O)=O,-6.04918494400146,-6.002986623243044,-3.978785575700136,-2.902141362523136,-3.928159722939008,-2.197182349935778,-2.5220499664007425,-2.423861377984139,-2.225748949694652,-1.3284969932207966,0
CCR2-decoy_224,CN(C[C@H](Cc1ccccc1)N(C[C@H](Cc1ccccc1)N(CCc1cc(C(F)(F)F)cc(C(F)(F)F)c1)N=O)N=O)N=O,-6.04842882264756,-6.721677973575414,-5.553031123485426,-3.850781593067996,-4.752654384933568,-3.598372347619637,-3.9938581555789625,-1.754328414294609,-2.5491053021802124,-4.096243322547696,0
CCR2-decoy_483,CCCCc1nn(c2ccccc2C(F)(F)F)c(=O)n1Cc1ccc(c2ccccc2S(=O)(=O)NC#N)cc1,-6.04561557957652,-6.271186589679364,-6.449936134432116,-2.640522304308186,-3.698509680328458,1.0985823526300824,-3.2865740685257627,-5.130722984006809,-0.7588883898863323,-2.6787887550010163,0
CCR2-decoy_420,O=C(Cc1cc(Br)cc(Br)c1OCCCCN=C=S)Nc1ccccc1[N+](=O)[O-],-6.04493264846822,-4.715384231632204,-3.660837792115406,-3.168300469062065,-2.034674810338558,-2.533844986620397,-3.1177674486371627,-5.706468171543909,-3.210903625275952,-2.028338218559136,0
CCR2-decoy_210,CCCC(CCC)C(=O)Nc1ccn([C@@H]2O[C@H](CO[P@@](=O)(N[C@@H](C)C(=O)OC(C)C)Oc3ccccc3)[C@@H](O)[C@@]2(C)F)c(=O)n1,-6.04187043861321,-6.413763242689404,-5.700825531881006,-6.085801240245697,-4.5983669725988685,-3.6330819160395977,-3.899453451501562,-3.7062346717957495,-2.8833153789168824,-3.498070237606946,0
CCR2-decoy_487,COc1cc2c(cc1OC)CN(C(=O)C1CCN(C(=O)c3cccc(Cc4nnc(O)c5ccccc45)c3)CC1)CC2,-6.03101071532254,-3.162557430870354,-5.584601065484766,-3.4848001487754456,-2.0867481709668185,-1.3764260859244877,,-1.643336934436729,-2.1740437375249027,-2.446595373744306,0
CCR2-decoy_99,COc1ccc(Nc2nc(=O)n(CCO)c(=O)n2Cc2ccc(Cl)cc2)cc1F,-6.03076322571899,-5.747785831240054,-5.863111134037665,-3.6400181573681656,-3.367407278618278,-1.8894123293604173,-3.125659139692143,-4.227229750197699,-3.3216508744412527,-3.020164921183216,0
CCR2-decoy_559,Cc1cc(CN2C(=O)c3ccccc3C2=O)no1,-6.03030620177616,-5.376676505987674,-5.084213518284166,-4.229433635153747,-4.045081169042238,-2.466784176083688,-2.7672048028705127,-3.692332236636789,-2.302594113364562,-3.6354506485958966,0
CCR2-decoy_164,CC(C)=CCC[C@]1(C)/C=C/[C@@H](OC(=O)C=C(C)C)[C@](C)(O)/C=C/C(=O)/C(C(=O)[O-])=C\C1,-6.02957737569607,-5.634830045035804,-4.646375495012096,-3.9422362255922656,-2.2966918372569385,-2.880094129987068,-2.840503539125243,-4.74779909866928,-2.5178235020854025,-2.6517529784258365,0
CCR2-decoy_726,C#CCCn1c(Sc2ccc(Cl)cc2Cl)nc2c(N)ncnc21,-6.02758205518543,-5.510977857871474,-4.616413736728275,-4.843928124459826,-3.246045388629928,-3.331423592542407,-1.8502154652528429,-1.8771279128126996,-2.582735719960782,-3.3154767644671965,0
CCR2-decoy_68,CCCCOC1=C(NNC(=O)[C@H](CC(C)C)NC(=O)N2CCOCC2)C(=O)C1=O,-6.02749396584143,-5.362054929646214,-5.243722063554586,-5.545886852982285,-3.248571538449488,-1.4644446829020374,-2.342857504071153,-3.91663417872092,-2.739869930328532,-2.711227404862826,0
CCR2-decoy_417,COc1cc(CSc2nc(Cc3ccc(OC)c(OC)c3)c(I)c(=O)[nH]2)cc(OC)c1,-6.01934690679233,-4.966655800374794,-4.147938840524266,-2.741398783162256,-2.043928658598848,-1.919021121641568,-2.343311231095943,-2.7813350117121494,-1.5250558733791726,-3.3768336789142968,0
CCR2-decoy_668,Cc1ccc(COC(=O)n2cc(C)cn2)cc1,-6.0191307495784,-5.162758126385824,-4.820617711303996,-3.866476080857766,-3.705783395578368,-2.771516946453008,-3.465690543234333,-3.4248280157496693,-2.1144241988534427,-3.606414868139297,0
CCR2-decoy_759,Oc1ccc2nc(c3ccc(NCCF)nc3)oc2c1,-6.01455426562242,-4.205812953211604,-4.095224978901496,-4.875228189095676,-2.711016664036608,-2.532640621568897,-2.2863222504758527,-3.224323740674429,-2.4232088584533127,-1.756275530330626,0
CCR2-decoy_785,COC1=CC(=O)O[C@@H](CCc2ccc3c(c2)OCO3)C1,-6.01094025758543,-4.972187853143054,-5.222874381372466,-4.378311331324236,-4.213514693714728,-2.647636121672467,-4.495815843193293,-3.3646110598521592,-2.1143343477828624,-3.047207789003756,0
CCR2-decoy_326,COc1cc(C(=O)N2CCN(C(=O)c3cc(OC)c(OC)c(OC)c3)C(COC(=O)NC(C)CC(C)C)C2)cc(OC)c1OC,-6.00906334549449,-3.523861330627194,-2.664206407336626,-2.1799412206175464,-3.167999485252918,0.1873579358292425,-2.9958590992167933,-2.03109076992994,,-1.2792806795510865,0
CCR2-decoy_789,Cc1c2c(c(C)n1C1CC1)C(C)(C(N)=O)CC2(C)C,-6.00409766665286,-4.591235472539894,-5.384513019336226,-3.582886037289496,-3.1369254035979184,-2.343077633312747,-2.9160389929554427,-3.1900861330283194,-2.014047111516402,-2.520296424084136,0
CCR2-decoy_180,CCCC(SC(=O)CCO[N+](=O)[O-])C1=CC(=C(Br)Br)OC1=O,-5.99806158140588,-4.331671721953294,-3.734424002702016,-3.079003668333106,-2.8359920524975184,-0.8683612418658679,-1.782205480034043,-1.0437254537182392,-1.0783703430497322,-1.1587744928294166,0
CCR2-decoy_637,CC1=NN(c2ccccc2)C(=O)/C1=C/c1cn(C)c2ccccc12,-5.98928377060557,,-5.434271441128706,-4.460497290445286,-2.548354787740438,-2.015297885581817,-5.210647440945383,-2.90974056819518,-1.7798842270880924,-2.350739391058436,0
CCR2-decoy_714,CCOC(=O)Cc1c(C)nc2c(c3ccc(Cl)cc3)c(C)nn2c1C,-5.98909001800316,-4.591303012127884,-1.7263981541775757,-3.059236977355776,-2.122786792153968,-1.019569559421858,0.4100864890314071,-2.700378568732129,-1.2355595720576025,-1.4318602726307166,0
CCR2-decoy_592,COc1ncnc2c1ncn2[C@@H]1C[C@H]2CC[C@@H]1C2,-5.98899454073476,-5.569458236101974,-4.869785872600846,-4.537165239790285,-3.6076322064654978,-3.0082914031808574,-2.5253333383172727,-3.0532226362256494,-2.292536415041313,-2.9355875080212863,0
CCR2-decoy_690,O=C(/C=C/c1ccc2c(c1)OCO2)c1ccco1,-5.98782244095042,-6.124104319767284,-5.305267755868916,-4.594778131322666,-2.519349799930448,-2.735966163865248,-3.2297822274312638,-3.243827133682139,-2.3241089587725927,-3.478104302237236,0
CCR2-decoy_519,COc1ccccc1n1c(SCC(=O)Nc2nc3ccc(C(F)(F)F)cc3s2)nc2c(c1=O)SCC2,-5.9835674478587,-5.513049975255134,-6.986381445772496,-5.179361633441376,-3.4352458004790085,-4.550445298413058,-3.318350532862503,-3.3778294078993896,-1.748203399886962,-1.8472029741685665,0
CCR2-decoy_415,CC(NC(=O)c1nn(c2ccccc2Cl)c(c2ccc(Br)cc2)c1Cn1cncn1)C(C)(C)C,-5.98149703339111,,-2.445202445618846,-2.665417558046736,-1.618863918548998,-2.313473291859528,-1.2937199926137728,-1.313858655124199,-2.522081379990892,-1.088626893110706,0
CCR2-decoy_767,COCCC(=O)N1CCCC1c1cccc(C)c1C,-5.98012676223541,-5.303034321102844,-6.274902985008266,-5.206478547795985,-2.8418217777643084,-4.120674118421838,-3.376790274309813,-4.068531596876449,-2.4145252404372526,-2.797223965623676,0
CCR2-decoy_788,CC(=O)c1cccc(n2nc(C(C)=O)c(C(C)=O)c2C)c1,-5.97815997066761,-5.160322451727114,-6.750634198792786,-2.8176996004069257,-4.123958998346418,-3.528995184045597,-5.778550053569413,-6.708057560787569,-4.067757598548102,-2.594202113681276,0
CCR2-decoy_329,O=C(Nc1ncccn1)c1cccc(CN2C(=O)N(Cc3cccc(C(=O)Nc4ncccn4)c3)[C@H](Cc3ccccc3)[C@H](O)[C@@H](O)[C@H]2Cc2ccccc2)c1,-5.97500534104001,-5.897181589050424,-5.927657165465966,-5.524270618277686,-4.831279056054698,-4.639775794724588,-4.506427068545633,-2.730581859216809,-4.634342156409942,,0
CCR2-decoy_677,CCCc1c(C)nn(c2nc(C)cc(C)n2)c1C,-5.97002487580491,-4.756496954079314,-4.723091151460686,-3.918983392757176,-1.9656931782188585,-2.2535361950271278,-2.9893297978612425,-4.098116216598989,-2.7472899686607226,-3.263408563208836,0
CCR2-decoy_347,COCCS(=O)(=O)N1CCS[C@H]1C(=O)O[C@@H](Cc1c(Cl)c[n+]([O-])cc1Cl)c1ccc(OC(F)F)c(OCC2CC2)c1,-5.95806626183907,-3.1800430249813143,-5.747078798792796,-3.316949190554426,-4.7973805708789685,-1.6376386868814778,-2.8913702518790227,-1.9790723684776397,-3.904652990065082,-2.8821953360678165,0
CCR2-decoy_353,CCOC(=O)N[C@@H](Cc1ccc(OC)cc1)C(=O)N[C@@H](CC(C)C)C(=O)N[C@@H](CC1CCCCC1)[C@@H](O)[C@@H](O)CC(C)C,-5.95768960939763,-4.449931039703434,-5.2125257396972655,-4.576127622431056,-4.057128548889078,-2.3036221438040574,-2.963618497718053,-3.739400655885459,-1.5436085684443626,-2.2637212945903364,0
CCR2-decoy_691,Cc1c(C)c2c(c(C)c1O)CCC(C)(CCO)O2,-5.95711476933,-5.066989613354324,-5.492998461959686,-3.5017393742630563,-2.884163047067128,-2.996142346274487,-2.6985110787200925,-2.9526546119467496,-1.6942695181785927,-3.1545984286395967,0
CCR2-decoy_646,Cc1ccc(c2cc(c3ccc(C)o3)nc(N)c2C#N)cc1,-5.95625268867629,,-4.888852225052716,-4.033228711633246,-2.752853421048558,-3.4013434836269774,-2.7289870791199533,-5.132442922662339,-2.9948182636679626,-2.973275480471166,0
CCR2-decoy_6,CCOC(=O)C(C)n1nc(c2ccc(Br)cc2)ccc1=O,-5.95343674390734,-4.343399182686494,-4.997430222951166,-4.534509563624505,-2.309482556749388,-2.160818861302557,-3.233290818192633,-4.124345119274109,-2.5263677044455024,-3.2535568361131766,0
CCR2-decoy_553,N#Cc1ccccc1CSc1nnnn1C1CC1,-5.94830375224458,-5.535803632987124,-5.116409183557026,-5.264674852992027,-3.5938792845793577,-2.8039189417116974,-3.2108633257047927,-4.334402331175699,-2.877306396855152,-3.493290640735876,0
CCR2-decoy_634,Cc1ccccc1NC(=S)Nc1ccc2c(c1)C(=O)OC2,-5.9479954704799,-5.112733200860824,-4.300484249830486,-2.605994020185596,-3.3362113203854378,-2.157642404654948,-2.777780123762133,-5.603923748255058,-1.3518640585847024,-2.098894556276286,0
CCR2-decoy_310,CC(C)[C@H](C[C@H](O)[C@H](CC1CCCCC1)NC(=O)[C@@H](NC(=O)COc1cccc2ccccc12)C(C)C)C(=O)N[C@@H](CO)C(=O)N(C)c1ccccn1,-5.94614950019012,,-5.018170300160836,-3.2530436215136063,-4.143024096635788,-3.0132268637740776,-3.0481926112847733,-2.9553011477547293,-1.4349390860276028,-3.280447184625566,0
CCR2-decoy_439,CC(=O)N1CCN(C(=O)c2cc(Sc3cnc(NC(=O)c4ccc(N(C)C)cc4)s3)cc(C)c2C)CC1,-5.93837647819412,-5.232509140230044,-4.184031019166526,-2.840076198241876,-2.933054196215278,-1.5117310838355076,-1.8962712693911827,-1.9020512895061992,-2.453203939079792,-1.471321641886837,0
CCR2-decoy_540,CC(C)Nc1nc2c(C(=O)N(C)C)c(Cl)c(Cl)cc2n1C1CCN(c2ccc(C3(C#N)CCOCC3)cc2)CC1,-5.93575964550772,-3.351001727609804,-2.481540351017236,-2.057056130964356,-1.231929896284088,-1.4327157156802075,-1.357137065380373,-1.8087468013377896,-2.1600980306643622,-1.5874827742547062,0
CCR2-decoy_658,C=CCc1c(O)cc(O)c2c(=O)cc(C)oc12,-5.93295126898405,-4.936774737785804,-5.038973200421246,-4.0304372840676255,-3.9215605096660777,-3.266218942631657,-3.4948568512334437,-4.246797342829058,-2.244995969581322,-3.0919381353245265,0
CCR2-decoy_523,COc1ccc(Oc2nc(Nc3ccc(N4CCOCC4)cc3)ncc2/N=C/c2cc(OC)cc(OC)c2)cc1,-5.92220244084639,-3.398778159695084,-4.243635783677656,-3.720689057492566,-1.0317600714931383,-1.4024561774673874,-0.6398028298604927,-1.6302790591038696,-0.6885035844789122,-2.0942860677311863,0
CCR2-decoy_635,CN(c1nc2sc3c(c2c(=O)o1)CCCC3)C1CCCCC1,-5.91438098716402,-3.474213534622804,-3.992337481338166,-2.8746516116956964,-2.2931193566658683,-1.3400514216245876,,-2.2314558405979192,-0.4623164622618922,-2.0063007522760863,0
CCR2-decoy_790,COc1cc(C=O)ccc1OC(=O)c1cccnc1,-5.9135204148083,-5.213474527811344,-4.792173309437996,-4.2833142183159865,-2.427174903293758,-2.8313842386839374,-0.2706318761373127,-2.0737468221012194,-2.6762497092387925,-2.480462939971356,0
CCR2-decoy_187,CC(=O)OC[C@@]1(C(=O)[O-])CCC[C@]2(C)[C@@H]1CC[C@@]13C[C@H](CC[C@H]12)[C@](O)(COC(=O)C(C)C)C3,-5.91345366730358,-4.877985915957224,-4.236557678306866,-3.3574163587241856,-2.791608744566788,-1.9722310990508567,-2.1985902472534637,-1.603568360905649,-1.319491626078042,-1.7115952981221767,0
CCR2-decoy_21,COc1ccc2oc(=O)c(c3ccc(Br)nn3)cc2c1,-5.89847371509154,-3.335854806961394,-4.109177126756356,-3.210767201703076,-3.736646431537018,-3.257174732872848,-3.150933820506693,-2.325433784373319,-2.271040400441352,-2.812764957767256,0
CCR2-decoy_351,N#Cc1cnc2cc(OC[C@@H](O)CO)c(NC(=O)CC3CSSC3)cc2c1Nc1ccc(OCc2cccc(F)c2)c(Cl)c1,-5.89728547589192,-6.249517849768854,-5.340072086741896,-4.775200603610276,-4.487481163688678,-2.767153062996237,-4.029780741156583,-2.842545269085099,-3.911599864470122,-4.539576647994546,0
CCR2-decoy_375,COc1ccc2c(c1)c(CC(N)=O)c(C)n2Cc1ccccc1OCCCCOc1ccccc1Cn1c(C)c(CC(N)=O)c2cc(OC)ccc21,-5.89704457657241,,,,,,,,,-2.0618655729254165,0
CCR2-decoy_792,COc1c(=O)c2cc(O)ccc2oc1c1ccc(O)cc1,-5.89413498099967,-5.642404809444184,-4.750897208408546,-3.896923960540066,-3.936200299935128,-2.097308429852138,-2.156235821235523,-3.126041995192149,-1.3428580363268727,-2.5356230340264867,0
CCR2-decoy_701,CCP(=O)(OC)c1ccc2nc(c3cnc4ccccc4c3)oc2c1,-5.89256949512235,-4.519851195158314,-5.339347329464916,-4.872264316059466,-3.639402771407208,-4.326729351687457,-2.797028548103773,-3.1851249780531394,-1.389629320955792,-3.1855377492276764,0
CCR2-decoy_482,CCCCc1nc(C)c(CCC(=O)N2CC(C)OC(C)C2)c(=O)n1Cc1ccc(c2ccccc2C2=NN=NN2)cc1,-5.88821461669786,-5.477498599008804,-5.134389018955026,-1.7857539124888762,-2.6297302306800985,-1.962485761541528,-2.933671641257903,-3.972751070589629,-3.006181950947372,1.2669324162394735,0
CCR2-decoy_753,CCOC(=O)c1cn(C)c(=S)n2c1nc1ccccc12,-5.88412392025714,-1.252715119876754,,-1.603110522776786,0.350795822354812,-1.8193126362783567,-2.739255588019213,-4.00420423368538,-2.8348739693525022,-1.9864626912872367,0
CCR2-decoy_744,Cn1c(=O)c2ccc(c3cccnc3)cc2n2nc(c3ccc(Cl)cc3)cc12,-5.88068068244314,-5.533722800874054,-5.026811692957145,-4.111180144309255,-2.694726129443888,-0.3351605846175975,-1.6644774891688623,-1.7608223017134796,-2.596014961379252,,0
CCR2-decoy_281,CC(C)(C)OC(=O)N[C@@H](CC(=O)OCc1ccccc1)C(=O)N[C@@H](CCCC[NH2+]C(=O)OCc1ccccc1)C(=O)OC(C)(C)C,-5.87888337596969,-5.123623899707394,-5.977478826450866,-5.567708085464966,-3.4814824358405883,-2.3777665122283773,-2.773872322691143,-4.712307913259179,-2.645182275996282,-2.9652658998972763,0
CCR2-decoy_227,O=C(NCCSSCCNC(=O)/C(Cc1ccc(OC2CCCC2)cc1)=N/O)/C(Cc1ccc(OC2CCCC2)cc1)=N\O,-5.87507488637454,-4.179364623266164,-2.7354700444578457,-2.2290780778596155,,-0.5808654505403474,-0.4721894212497428,-2.268334498501439,-0.0069995293730125,-1.028165736296386,0
CCR2-decoy_757,COc1cccc(n2nc3c(S)nnc(C)c3c2C)c1,-5.86777576347034,-6.909426518564324,-4.903226072796416,-3.7130038530709855,-3.227923791562148,-2.372602803351288,-2.370860360634423,-4.470638866440069,-3.843461697568903,-3.810445522943057,0
CCR2-decoy_172,COc1ccc(Cn2nnc(c3ccccc3)c2C(=O)N[C@@H](C)c2ccc(C(=O)[O-])cc2)cc1,-5.86734163815702,-2.853822912230944,-4.201629669412686,-4.679764237825337,-2.904020687201708,-4.185600987101368,-4.173407183648723,-4.6322462591359095,-2.633854643643432,-1.4456096059065162,0
CCR2-decoy_472,CCOc1nc2cccc(C(=O)OCOC(=O)C3CCCCC3)c2n1Cc1ccc(c2ccccc2C2=NNN=N2)cc1,-5.8597960001321,-4.476370796007954,-4.486517373976206,-3.4171745847557857,-4.087191460783118,-3.090983393974578,-2.7312272194822533,-1.5383459704625788,-3.837458293126362,-0.6616084798452366,0
CCR2-decoy_77,CCC(C)(C)NC(=O)CN(CC1CCCO1)C(=O)CCC(=O)Nc1nccs1,-5.84947657617646,-4.163143188699564,-4.817409248380576,-4.468034024516497,-3.3444938761214784,-2.757696521066568,-3.0910407283794727,-3.8110012248853793,-1.357250557802522,-3.661147564865306,0
CCR2-decoy_416,COc1cc(C2Oc3cc(c4oc5cc(O)c(CC=C(C)C)c(O)c5c(=O)c4O)ccc3OC2CO)ccc1O,-5.84919239788776,-3.403240136304284,-5.302694164160976,-3.289049115061936,-2.6137613092974084,-2.187022261116538,-2.609024796904823,-2.219217768353879,-1.951202733021212,-2.0224421327510465,0
CCR2-decoy_558,COC(=O)CCCn1sc(Cl)cc1=O,-5.84663669026757,-4.318989372531314,-5.165054676311826,-4.306663697598756,-1.9755665445783084,-2.150667918341408,-2.363739175525573,-3.151870995984179,-1.6541425797783127,-2.296329458490746,0
CCR2-decoy_411,CC(C)(C)OC(=O)N1CCC(c2c(C(=O)NCCc3ccsc3)cnn2c2ccc(F)cc2F)CC1,-5.84613002425721,-2.930078557050214,-1.666148252202326,-3.661216230395746,-2.130897910674728,-2.014612336033167,-0.878298961761923,-2.837814326796679,-0.7758465156528223,-2.6671238841960667,0
CCR2-decoy_720,COc1ccc(c2nccnc2C2CN(c3ccc4ccccc4n3)C2)cc1C,-5.83827018028695,-4.571643430081774,-4.558546214471956,-4.017140696592936,-2.3881158836883785,-2.1651905881643776,-1.343625021109883,-2.0003790558357992,-3.484315233006412,-2.8851073770644966,0
CCR2-decoy_42,O=C([O-])CCc1ccc(C#Cc2cccc(OC(F)(F)F)c2)cc1,-5.83704455822669,-4.381207498560164,,-3.163798981060896,-2.646806820577548,-2.700585189347797,-2.275371085963563,-2.972032777999729,-1.804290221814572,-3.006432789176916,0
CCR2-decoy_259,COc1cc(C2=NOC(COCc3cn(Cc4cc(c5ccc(C)cc5)cnc4N4CCOCC4)nn3)C2)cc(OC)c1OC,-5.83335010969747,-2.738180612370724,-5.100015454308626,-4.5523814169586565,-3.066851176381978,-1.7206973899985671,-2.574017893357873,,-2.3921471410030923,-2.2988095222597167,0
CCR2-decoy_404,CN1C(=O)[C@H](NC(=O)[C@@H](Cc2ccccc2)N(C)C(=O)OC(C)(C)C)N=C(c2ccccc2)c2ccccc21,-5.81648217003916,-5.646538807283184,-4.332947806668866,-2.8257864255039062,-3.1824192362310084,-2.7382601271082176,-2.917451633622673,0.0098094138264608,-3.608067642756653,-0.5890623377409763,0
CCR2-decoy_284,COc1ccc(C(=O)N(CC(C)(C)C)c2cccc(C)n2)c(N2CCC(COc3cccc(C(CC(=O)[O-])OC)c3)CC2)c1,-5.80890353584531,-5.605077349812904,-0.1213855949994158,-2.377095190580246,-2.313457595161548,-2.384444175287157,-0.2586734037910627,-1.234359960976679,-2.869123432703842,0.0658380593542538,0
CCR2-decoy_73,C[C@@H](O)[C@@H](C)Nc1nc(Nc2ccc([S+](N)[O-])cc2)ncc1Br,-5.79723815156605,-4.767169687094544,-4.1021669979580855,-3.1511033788021563,-2.602253275927418,-2.010690826320597,-1.6804998414215628,-2.8996678044755595,-1.764080447820902,-2.4471219085936164,0
CCR2-decoy_444,O=C(NCCC1CC1)c1ccc(N2CCC3(CC2)CCN(Cc2cccc(C(F)(F)F)c2)c2ccccc2O3)nn1,-5.79600017026411,-5.653573360199024,-5.168014664440796,-2.3435245752290457,-1.8322638787628085,-3.1090639884104574,-2.438817270140623,-4.113710197127649,-3.0196528407487024,-0.0623609043230861,0
CCR2-decoy_638,CN(CCF)c1ccc(c2cc3ccccc3n2C)cc1,-5.79347773725464,-5.927317501923464,-5.196985832334346,,,-0.9187053888040176,,,-2.474455214276242,,0
CCR2-decoy_698,CCNc1nc(NC(C)C)c2ccccc2n1,-5.79146238698722,-4.286384152436694,-4.705248701996136,-3.679569547884586,-2.6291445844711285,-1.923234088585428,-2.110698059625573,-2.602537307612359,-2.1044464453643323,-2.430307977291526,0
CCR2-decoy_549,C[C@@H](n1cnc2cc(c3ccc(Cl)cc3)sc2c1=O)[C@](O)(Cn1cncn1)c1ccc(F)cc1F,-5.78964421932619,-3.464406175673754,-4.351274980731506,-3.6942045007433664,-3.550378318346808,-1.126249572965528,-3.024805331158543,-2.1645904764345096,-1.8925713509362128,-1.3753589632259562,0
CCR2-decoy_776,Cc1cc(C(=O)C(C)C)c(O)c(Br)c1O,-5.78946669951962,-5.022728117050764,-5.574208389993796,-4.224899646463296,-3.1849110743648783,-3.001971211258078,-3.389208413472673,-4.122925001831479,-2.661801791555962,-2.993454693514966,0
CCR2-decoy_760,COC(=O)CSc1nnc(C)n1c1ccc(C)cc1,-5.77303024553992,-4.486470410109854,-3.937361923479896,-4.602296814289735,-2.2861636003155184,-3.012930498068828,-3.0597253551870427,-4.285735983570849,-0.8938195168577723,-2.4662563471200967,0
CCR2-decoy_373,C[C@@H](/C=C/c1ccc(C(=O)C(=O)N2CCCC2C(=O)NC(Cc2ccccc2)C(=O)OC(C)(C)C)s1)CO[Si](C)(C)C(C)(C)C,-5.76888763043645,-3.4068732073145336,-3.8758310156207454,-2.768841503934996,-3.373378130453368,-1.4435713391655876,-0.873063929898803,-1.772427115268329,-2.1246298259861023,-1.9040489124811464,0
CCR2-decoy_53,COc1cc(C[NH2+]CC[NH+](C)C)ccc1c1cc2c(N[C@H](C)c3ccccc3)ncnc2[nH]1,-5.76305133826079,-5.942604378641654,-5.560513066116146,-4.038635200523617,-2.8408323009679783,-3.6472193599014577,-3.3181383171399927,-2.839750225179199,-2.3708347021106126,-3.644107458526136,0
CCR2-decoy_58,Cc1ccc(Oc2ccc(N(C[C@H]([NH2+]C(C)C)C(=O)[O-])S(C)(=O)=O)cc2)cc1,-5.75467082325485,-4.779604898796994,-3.399702611631846,-4.031359125141336,-2.6475343087836585,-1.670158761387487,-1.450031480654423,-3.088886232533049,-3.334600083237592,-1.815924455396316,0
CCR2-decoy_432,COc1ccc(COc2ccc3c(C4=C(c5cn(C)c6ccc(Br)cc56)C(=O)NC4=O)coc3c2)cc1,-5.74841188779852,-4.454254111000834,-5.806573240533286,-4.300723456709196,-1.7319907248619977,-3.200474786983348,-2.9147238385562133,-1.7168808692048994,-1.660452081010952,-1.0532484057041165,0
CCR2-decoy_682,COc1cc2c(C)nc(C)c(C#N)c2cc1OC,-5.73288308792161,-4.667815253794284,-4.674625661770486,-3.750503437826496,-2.7132192089668283,-1.894320908373528,-2.7372067236001527,-3.435106999691239,-1.7247200581756923,-2.389153786581126,0
CCR2-decoy_428,CCOc1ccc(n2nc(C(=O)NCc3cc(F)cc(F)c3)nc2c2cc(OC)c(OC)c(OC)c2)cc1,-5.72605912773626,-4.667942681017424,-4.184625966516066,-1.162207583040796,-1.1510707569095082,-2.833193833709638,-3.2893046823492726,-3.439382374862449,-1.6883802696267924,-1.0506524423922663,0
CCR2-decoy_697,OCc1ccc(Sc2nc3ccccc3[nH]2)o1,-5.72357097308169,-5.145844002730484,-4.7546630510443455,-4.229941767623986,-2.1570469587206578,-2.3029457242797777,-3.004134316620113,-4.478799459513059,-2.133376891696212,-2.223036051014996,0
CCR2-decoy_198,Cc1ccc(C(=O)COC(=O)CCc2ccc(S(=O)(=O)N3CCCCC3)cc2)cc1,-5.72011073493322,-4.073253732668524,-3.183238588998676,-3.061141533482076,-1.7428663511702984,-1.338695135484998,-2.2697356175934638,-2.052175713908539,-0.2495654646241223,-0.5134554146110761,0
CCR2-decoy_732,C=CCN(C)c1ccnc2sc3c(=O)n(c4ccc(Cl)cc4)cnc3c12,-5.70984004060433,-6.040236034298044,-4.640039081939236,-3.911655877845646,-3.766855010482838,-2.776723226095328,-2.292422187945083,-1.5004067106216392,-1.838469312303002,-1.7034084995195862,0
CCR2-decoy_47,Clc1ncn(c2csc(N3CCOCC3)n2)c1Br,-5.70742579217701,-4.599366775547354,-4.6830191556396255,-3.386366737783156,-2.1925665845529982,-1.9926972971627477,-2.309266273220933,-3.1521590208757293,-2.4384304334213525,-2.645805229133006,0
CCR2-decoy_161,CC(C)(C)CCOc1nc(N2CCC[C@@H](CC(=O)[O-])C2)ccc1C(=O)NC1CCCCC1,-5.69840495149543,-4.152567153786734,-3.897380512856516,-3.7435711038173056,-2.287215487501908,-2.4136568513129277,-2.104707347653473,,-4.267044195951843,-0.8470202775725859,0
CCR2-decoy_722,COc1nc(c2ccc(F)cc2)c(c2ccc(S(C)(=O)=O)cc2)cc1C#N,-5.68253139362084,-3.958747784080644,,-3.620308434910546,-3.0573097014051385,-0.0916257587808675,-2.504677021787983,-1.4446280562530291,-3.1862238702538423,-0.3292456540451463,0
CCR2-decoy_518,Cc1nc(C)c(S(=O)(=O)NCc2cnc(Oc3ccc4c(c3)CCC(c3ccccc3)O4)s2)s1,-5.67922026505939,-4.330236164498794,-4.991078301118286,-4.332976926426696,-2.5988070806665178,-2.621162967466628,-1.9440348183950131,-3.1108707521334997,-2.3176474184502025,-3.5346281088555065,0
CCR2-decoy_601,COc1cccc(n2c(C)c(C(C)=O)c(C(C)=O)c2C)c1,-5.6679364951596,-4.810293117269584,-4.7293507120570855,-4.3973496848030855,-1.4509807628978582,-2.740953223060277,-2.954591116806533,-2.4059396299820794,-3.8692099821625128,-3.5523693413619464,0
CCR2-decoy_109,CN(C)c1cccc2c(S(=O)(=O)Oc3cccc4c3C(=O)C(N3CC3)=C(N3CC3)C4=O)cccc12,-5.66527349047786,-3.146311923988094,-4.012987839920126,-3.9373115259792058,-2.9599307975004985,-1.335869658377658,-2.222150264878813,-1.479353697649199,-1.603164120238592,-1.827602202197216,0
CCR2-decoy_343,CCOC(=O)c1ccccc1NC(=O)CCC(NC(=O)CCC(C)C1CCC2C3C(O)CC4CC(O)CCC4(C)C3CCC12C)C(=O)[O-],-5.65871983201091,-5.472485006803884,-3.2693891826471857,-3.2324335410562663,-3.7048440164416574,-2.4270105058949474,-2.155965836266853,-3.655563674045639,-2.5368986655220827,-2.4858826730338164,0
CCR2-decoy_402,Cc1ccc(n2nc(C3CCN([S+]([O-])c4sc(C)nc4C)CC3)cc2NC(=O)c2cnn3cccnc23)cc1,-5.65411143011876,-3.857012189411524,-4.586694886268786,-3.145927277122476,-2.211870734090658,-1.7013046993578076,-1.4598601159443223,-2.875393253488579,-1.553228175487372,-1.5309006049626364,0
CCR2-decoy_54,CCOC(=O)N1CCC(NC(=O)c2cc(C(=O)NC3CCCC3)ccc2CO)CC1,-5.6539560761524,-5.668389806557444,-3.9260946354537456,-2.9993346188723256,-1.422908277606798,-0.9150211463597672,-0.4705208894547228,-3.843080304917519,-2.7851853108090427,-1.6009559900285062,0
CCR2-decoy_401,O=C(NCc1ccco1)c1cccc2c1C(=O)c1ccc(N3CCC(Cc4ccccc4)CC3)cc1S2(=O)=O,-5.65081882374247,-2.649358573732644,-4.672778676509296,-3.977838513053016,-2.004060230725498,-3.1026663595155477,-0.978137513451943,-2.781363876409159,-0.6185339303518123,-2.5546836462845466,0
CCR2-decoy_376,CCCCCCCCCCCC(=O)Nc1nnc(S[C@@H]2O[C@H](COC(C)=O)[C@H](OC(C)=O)[C@H](OC(C)=O)[C@H]2OC(C)=O)s1,-5.6493593981812,-4.915505496214454,-3.3864137783585555,-2.2969824568903463,-3.878111397019418,-1.2798789862306474,-0.6783772723249828,-2.1433583740363797,-1.0762637614056725,-0.1246803517288261,0
CCR2-decoy_712,Cc1c(N2CCOCC2)oc2c(C)c(OCc3ccccc3)ccc2c1=O,-5.64849404348371,-4.778541299345264,-4.455918497161356,-3.6106665929677457,-2.4500997610720985,-2.2694956337028973,-2.0791979593491225,-0.8286387887368094,-1.135702793924762,-2.067034574097966,0
CCR2-decoy_570,CCOC(=S)CS(=O)(=O)c1cccs1,-5.64412170847155,-4.415162396780464,-4.515723661926866,-3.756755002138886,-2.797136330702518,-3.132324478349708,-2.956555472085853,-3.428349434974869,-1.4633411831038527,-2.4090883973380866,0
CCR2-decoy_653,Cc1ccc(N(CCC#N)C(=O)CCl)cc1C,-5.63769088971027,-2.518886001696774,-2.067091571658196,-3.1986434947721256,-2.4500695900599485,-2.035644403259117,-0.6516517222189528,-2.8475607992465397,-1.4815950873367525,-2.626905309838146,0
CCR2-decoy_380,O=c1cc(c2ccccc2)oc2cc(OCCOCc3cn(CCOc4cccc5c(=O)cc(c6ccccc6)oc45)nn3)ccc12,-5.63371322258334,-4.822002988667694,-4.691361685788976,-4.667086843255756,-4.0191476788940985,-2.4590439712713774,-1.8364962833878329,-2.021994525205099,-2.7514919501817223,-2.2902237567379764,0
CCR2-decoy_342,COc1cc(C[C@@H](COC(=O)/C=C/c2ccc(O)cc2)[C@H](COC(=O)/C=C/c2ccc(O)cc2)Cc2ccc(O)c(OC)c2)ccc1O,-5.61872045978005,1.279530783636183,-4.582055376759036,-1.7918608025102558,-3.168801156730898,-2.875660810487497,-1.8309550485499733,1.2269335255735208,-2.187222653863012,-1.7718793828839263,0
CCR2-decoy_3,O=C([O-])CC[C@H]1CC[C@]2(CC1)OO[C@]1(O2)C2CC3CC(C2)CC1C3,-5.61792437413657,-5.764651444949314,-2.733592478189616,,-0.8746213146414683,-1.4098338135741475,-0.4143420772849731,,-2.041734153165472,-1.5984381747121563,0
CCR2-decoy_661,CC(C)Cc1nc(N)nn1c1ccccc1,-5.61748299031109,-5.853919270000214,-3.709429976501526,-4.588786332997247,-2.209861823994108,-1.735147140799027,-2.312729496074173,-0.9474324758148192,-2.456967387525852,-2.2574453400163765,0
CCR2-decoy_538,Cc1cc(Cl)c2cc(C(=O)N[C@H](C)c3ccc(S(=O)(=O)C(C)(C)C(=O)OC(C)(C)C)cc3)n(C)c2c1,-5.61556558188196,-3.4345622899173938,-6.005040762284546,-2.150499864935196,-2.539274988945808,-1.559538072113468,-2.144312760630063,-2.329844927861999,-0.9426180006492522,-1.555232754382116,0
CCR2-decoy_107,CCn1cnc2c(c3ccc(F)c(c4ccc(S(=O)(=O)C5COC5)cc4OC)c3)cnnc21,-5.61060067131056,-4.877775583542004,-4.499270568650456,-3.2326262756105657,-0.6876832212284882,-1.7959088701278274,0.404058981221377,-2.064138082721979,-1.678587015156232,-0.6165468040691859,0
CCR2-decoy_241,CCC[NH2+][C@@](C)(CO[C@H]1[C@H](n2ncnc2C(N)=O)C[C@@]23COC[C@@]1(C)[C@@H]2CC[C@H]1C3=CC[C@@]2(C)[C@H](C(=O)[O-])[C@@](C)([C@H](C)C(C)C)CC[C@]12C)C(C)C,-5.60551955813954,-4.340493855785294,-3.993587298774626,-2.7010018724610263,-3.742066202711868,-1.974896081911708,-1.5167119486293528,-1.8013768091458489,-2.2828587471200628,-0.5999144088440067,0
CCR2-decoy_271,CC(C)(C)OC(=O)N[C@@H](Cc1ccccc1)[C@@H](O)C[C@@H](Cc1ccc(CCC[N+](C)(C)C)cc1)C(=O)N[C@H]1c2ccccc2C[C@H]1O,-5.60448759185962,-5.675518431201054,-5.114372986721816,-3.8000984524214254,-4.124301393979778,-1.9899118329611567,-3.596431222778653,-4.78096889634748,-3.1833763913582622,-2.618590745919766,0
CCR2-decoy_582,Clc1cccc(n2cnnn2)c1N1CCCC1,-5.60082808350263,-4.061889682161874,-3.730765950685366,-2.9634994066846656,-2.563874348013698,-1.9154530993336876,-2.417834560565143,-2.56151160127758,-1.741638300401962,-1.4570998723937765,0
CCR2-decoy_612,COc1ccc(c2cc3cccc(OC)c3o2)cc1OC,-5.59168867166195,-4.784304344855924,-4.698902537467106,-4.497975294356396,-2.679746926030808,-2.642705252318268,-2.902851709107673,-2.8312789082929988,-1.9922479237887325,-2.382976103420506,0
CCR2-decoy_729,N#CC(c1cccnc1)c1cnn(Cc2cccc3ccccc23)c(=O)c1Cl,-5.58162749734587,-4.929017073926564,-6.6529207852848655,-5.892127419413036,-3.942523853116998,-2.511066763650647,-3.359195656408133,-2.625760151239319,-2.1892602773509324,-4.021983870698416,0
CCR2-decoy_429,Cc1cc(Cl)c2cc(C(=O)N[C@H](C)c3ccc(S(=O)(=O)C(C)(C)C(=O)OC(C)C)cc3)n(C)c2c1,-5.58020747175232,-4.033056587457754,-5.259682040305526,-2.177417491861696,-3.014444432962928,-1.8319894587750376,-3.0896861151479333,-1.7603609651977794,-1.9221397116430128,-1.601813942100046,0
CCR2-decoy_169,CCN(C(=O)COc1ncnc2scc(c3ccc(F)cc3)c12)C1CCS(=O)(=O)C1,-5.56368396923815,-5.081258649639134,-3.6470787126840056,-3.703286632151376,-3.5666757990091185,-1.8000850732191278,-3.174594049234683,-0.551733525174229,-1.9485578463922424,-1.2412253464893164,0
CCR2-decoy_443,COc1ccccc1c1nc(c2nc3ccccc3[nH]2)c(N2CCN(C(=O)Cn3cnc4cccnc43)[C@H](C)C2)s1,-5.55922401587572,-2.360413774160254,-4.369274467529946,-5.064024687827116,-3.5959286653865883,-1.583554429751867,-2.851283578805633,-1.8740516247799597,-0.8579938739558925,-0.9639778437496762,0
CCR2-decoy_780,CC(C)(CO)NC(=O)/C=C/c1ccc(Cl)cc1,-5.55660011264256,-4.418768603800014,-3.3825919903773354,-2.2517542547725857,,-2.617388941288428,-2.0419608676927625,-1.4468153541623088,-1.2014136840051322,-1.5450809802553265,0
CCR2-decoy_723,O=C1N(c2cc(Cl)nc(C3CC3)c2)CCN1c1cnccc1C1CC1,-5.55353505742905,-4.598951331012224,-5.718566053010626,-2.830691886394756,-2.757076114859558,-2.2427813233534977,-2.7302048123906832,-1.892707874810749,-2.391214310214682,-0.6747084751769465,0
CCR2-decoy_247,CCC[C@@H]([C@@H](CC1CCCCC1)C(=O)N[C@H](C(=O)Nc1nccs1)C(C)(C)SCCNC(=O)OCc1ccccn1)N(O)C=O,-5.55082185737756,-2.630504658154474,-4.219071054550376,-4.572502955869686,-3.857928302593378,-2.876284756203077,-3.2855860454748527,-4.828360920138628,-4.747583134452523,-3.0853163367658363,0
CCR2-decoy_561,CSc1nnc(N2CCOCC2)n1CC(C)C,-5.54710171827557,-5.316733407092634,-4.276281507409576,-3.6310200689350656,-3.258072130807708,-1.1410197747687576,-0.5689993859035027,-1.7576501084614988,-1.9324908960643328,-2.491804402936256,0
CCR2-decoy_526,Cc1ccc(c2noc(C3CC(F)(F)C3)n2)cc1NC(=O)c1cnc2cc(C3CCN(S(C)(=O)=O)CC3)ccn12,-5.54205172651827,-3.424053071324144,-2.363073543874096,-3.390028753819076,-2.781223292621428,-1.0976151784473274,-2.5308207187396032,-1.523076999641869,-2.1108608645622624,-0.7355459252171164,0
CCR2-decoy_775,CCOC(=O)Cn1c2ccccc2nc1c1ccccn1,-5.53966052844346,-6.303269223676264,-5.001747426356186,-4.363115865420536,-3.567960770356568,-3.8501669954302775,-4.086854342977263,-3.413490239012019,-2.2551140575064323,-3.393857305003446,0
CCR2-decoy_718,Cc1cccc(n2nc(C)c3c(N4CCOCC4)nc4ccccc4c32)c1,-5.53052224888575,-4.821917973983024,-5.093877992252856,-3.4310601173878763,-1.9946183624281577,-2.5820204584263573,-2.978818775031793,-2.214893754473809,-1.6238607873877324,-0.7839909754677263,0
CCR2-decoy_583,N#Cc1ccc(c2cn(c3cccnc3)nn2)cc1,-5.52824159980768,-5.095267768232384,-5.066289273405656,-4.158945230682315,-3.1663096215380584,-2.8949210974991475,-2.779702873235073,-2.7563161211749088,-1.5140835164300324,-2.416318392157276,0
CCR2-decoy_644,COc1ccc(/C=C/c2cc(F)c(F)c(F)c2)cc1[N+](=O)[O-],-5.52785869179713,-4.143923436977374,,-3.043432004564816,-3.7988948513879777,-2.923167728760537,-2.8939057529088226,,-3.3280920852657827,-2.355600245508726,0
CCR2-decoy_158,COc1ccc(C(=O)/C=C/c2ccc(/C=C3/SC(=S)N(CC(=O)[O-])C3=O)cc2)cc1,-5.51922423347087,-3.949012264313234,-5.151316857218366,-2.433741170047376,-3.0046103948346383,-1.9045057164177277,-0.8647371087058029,-3.340867647632149,-0.2284793065292425,-3.098292510523196,0
CCR2-decoy_659,O=C(NN=C1CCCC1)c1cccc(O)c1,-5.49419451218376,-5.141541813734684,-4.521089074804416,-3.5988029325003263,-3.051434458588868,-2.7399676704423976,-3.132619568949263,-3.8242816357611393,-2.9983713289239224,-2.364460701489146,0
CCR2-decoy_178,CCn1c(SCC(=O)N2CCN(c3ccccc3F)CC2)nnc1c1ccoc1C,-5.48312724960883,-4.711195098147754,-5.738339335163236,-4.067028011018007,-1.3343297757815682,-3.527786452166908,-2.429315359028023,-1.8109114768501988,-1.7874966408685324,-2.249652216987436,0
CCR2-decoy_383,COc1cc(/C=C2\CC/C(=C\c3ccc(OCCCCn4ccnc4)c(OC)c3)C2=O)ccc1OCCCCn1ccnc1,-5.48138125148589,-4.252612324080594,-5.206342786230286,-3.913806325517036,-3.132136213059048,-3.094216222745148,-2.464375902689273,-3.468450753439059,-1.7165899443000523,-2.071344501875356,0
CCR2-decoy_590,CCSc1cccc(OS(C)(=O)=O)n1,-5.47913466325751,-4.542626012936614,-4.638654319603506,-3.710424260721236,-3.0680237767811978,-2.589694206664327,-2.504586640640573,-3.0305366211934888,-1.505313736517742,-2.536754673140326,0
CCR2-decoy_535,O=C(Cc1cc(Br)cc(Br)c1OC(=O)c1ccccc1)Nc1ccccc1[N+](=O)[O-],-5.47807042255203,-3.332951081549424,-6.497668981074516,-2.5142934376183264,-2.458756677664798,0.4691610972787523,-1.7333406367081725,-4.9400189635758895,-1.6472579511652825,-3.059389148874346,0
CCR2-decoy_730,O=C1C2C3C=CC(C3)C2C(=O)N1c1ccc(c2nc3ccccc3o2)cc1,-5.46613054803802,-4.986749921996164,-4.377868523561806,-3.625452341392136,-3.2915636965866284,-3.085094592564298,-0.9755449348468028,-3.143976802126819,-2.0254154149901025,-3.004950262890226,0
CCR2-decoy_458,N#Cc1ccc(Nc2nc(Oc3ccnc4ccccc34)nc(N3CCN(c4ccccn4)CC3)n2)cc1C(F)(F)F,-5.46568450455925,-4.344909320145024,-4.635880378224906,-4.313275415881305,-4.086393689275268,-2.660052949070128,-2.7689686488187526,-1.8496468799595795,-2.564508059856882,-3.090986775140446,0
CCR2-decoy_636,Cc1ccc(O)c(NC(=O)COc2cccc(C)c2C)c1,-5.46000703830162,-5.685167579619864,-5.608835603792945,-5.072080259219005,-4.804469678938488,-1.7900562644296372,-4.273198352473133,-4.04454627131034,-1.753322008627272,-4.095620556665517,0
CCR2-decoy_292,Cc1c(C)c(S(=O)(=O)N(CCCCN2C(=O)c3ccccc3C2=O)OCCCN2C(=O)c3ccccc3C2=O)c(C)c2c1OC(C)(C)CC2,-5.45629716150895,-3.099218243908484,-2.746098038634226,-2.591756916385776,-2.4133268267288983,,-3.793499869367933,,-1.8086301588970928,-0.1642919795485165,0
CCR2-decoy_113,CCCCn1cc(S(=O)(=O)c2ccc(OC)cc2)c(=O)c2cc(F)c(N3CCOCC3)cc21,-5.4556812565787,-4.990414601566394,-5.945837076025206,-2.8208594184957456,-2.327835587059618,-2.453414500471448,-0.661388803210893,-2.960992181723739,-0.9689788107047624,-2.0706638914892164,0
CCR2-decoy_327,CCCCC(O)[C@H](C)C[C@H](O)[C@H](CC1CCCCC1)NC(=O)[C@H](CC(C)C)NC(=O)[C@H](Cc1ccccc1)NC(=O)OC(C)(C)C,-5.45401138173361,-5.086745031463764,-7.449176633248886,-6.725586573206137,-4.936467401004018,-0.8251456689402978,-5.019301135444333,-3.99125531597958,-3.1872926158359824,-2.564575636715277,0
CCR2-decoy_510,COc1ccc(CO[N+](=O)[O-])cc1C(=O)N[C@H]1CCc2cc(OC)c(OC)c(OC)c2-c2ccc(SC)c(=O)cc21,-5.45310488974655,-2.344191258668534,-3.103826345643096,-3.574407788094096,-1.807274307237928,-0.8302362647085779,-0.0047451249260528,,-1.5788140172934826,1.6800161221144836,0
CCR2-decoy_378,CC(C)SC[C@H](O)[C@H](CC12CC3CC(CC(C3)C1)C2)NC(=O)[C@H](C)NC(=O)[C@H](Cc1ccccc1)NC(=O)OC(C)(C)C,-5.44581275380932,-4.831013640568204,-5.733206141966246,-4.176552399335765,-3.6881252796024384,-4.021980699133388,-3.992132796167393,-4.26680582284167,-3.542684950318672,-2.5337590715916667,0
CCR2-decoy_214,CCC/N=C/C1=Cc2cc3c(cc2[C@@H](c2cc(OC)c(OC)c(OC)c2)[C@@H]1C(=O)OCc1ccc(Cn2cnc4c(Cl)ncnc42)cc1)OCO3,-5.44502816652784,-5.759649771384284,-5.960350545318766,-4.188623451280275,-2.8957401665525184,-2.311152089756008,-4.014288562711473,-2.276265844639069,-4.698983246942173,-1.044601669482546,0
CCR2-decoy_96,C[NH2+]CCNc1c2c(c(NCC[NH2+]C)c3occc13)C(=O)c1ccccc1C2=O,-5.44260525728936,-5.178126660685314,-4.419666270597306,-1.3383383223006762,-3.5421284396558184,-2.3061664077800077,-2.2772036864939933,-2.31300387122118,-1.5232332606365722,-1.2080088442376065,0
CCR2-decoy_632,Cc1nc(C2COC3(CCCCC3)O2)cc(c2ccccc2)n1,-5.43703179755984,-5.223647461076474,-4.3638697716077255,-4.576208815619776,-3.3240568242394577,-2.3384325895342872,-2.303484669838024,-3.4193904106588597,-1.6392343828492324,-1.875765809263286,0
CCR2-decoy_61,CCOC(=O)C1=C(COC(=O)CCOc2ccc(OCC)cc2)NC(=O)NC1C,-5.43194138784551,-4.483057453685484,-2.7646987990778458,-2.287516973826296,-2.0997457275840885,-0.3556896123022275,-0.4278785978186028,-1.7366503200405892,-1.765435228384982,-0.9223528212027664,0
CCR2-decoy_462,COC(=O)/C=C\C(=O)N1CCC(Oc2cc3c(Nc4ccc(Cl)c(Cl)c4F)ncnc3cc2OC)CC1,-5.4285973435497,-5.770935556945764,-5.110260465609546,-2.472602008939785,-1.664804396727738,-3.069991475371488,-2.2029597824497733,0.2987751635167308,-2.388688585827822,-2.2543229850650164,0
CCR2-decoy_261,COc1ccc(C2=C(c3ccc(OC)c(OC)c3)C(=O)N(CC(=O)c3ccc(OCc4ccccc4)c(OC)c3)C2=O)cc1OC,-5.42244081066183,-4.541469910280394,-4.494494004415945,,-1.4788972944680985,-1.997411545914657,,-2.819072466069769,,-2.7613382801159663,0
CCR2-decoy_427,O=C(NC1(c2ccccc2)CC1)c1nn(c2ccccc2Cl)c(c2ccc(Cl)cc2)c1Cn1cncn1,-5.41137760951018,,-4.790643024198446,-2.8106569920320656,-1.851512462267208,,-4.797549132871433,,-2.038223933587842,,0
CCR2-decoy_333,C[C@](Cc1c[nH]c2ccccc12)(NC(=O)OC1C2CC3CC(C2)CC1C3)C(=O)NC[C@H](NC(=O)CCNC(=O)C(F)(F)F)c1ccccc1,-5.4105868055566,-5.269178078338644,-4.089576551174066,-3.068354512091846,-4.932560372670158,-0.9663974063674772,-3.888396560438333,,-2.211573902874342,-3.022149879826486,0
CCR2-decoy_516,C/C(=N\n1c(/N=C/c2ccccc2C)c(C#N)c(c2ccc([N+](=O)[O-])cc2)c(C#N)c1=O)c1nc2ccccc2[nH]1,-5.40001432926804,-4.503101005938874,-5.307684453231236,-2.599639045229736,-2.832832702053798,-1.6685824837746177,-1.9288459934042628,-1.0501291781116593,-1.3072682537750326,-2.0391408708213765,0
CCR2-decoy_331,CC(C)COC(=O)CCC(NC(=O)c1cc(Cl)c(N(C)Cc2cnc3nc(N)nc(N)c3n2)c(Cl)c1)C(=O)OCC(C)C,-5.39938383863065,-5.748782302814914,-5.175718574674455,-4.938240547567396,-3.214804374111768,-3.674866632411348,-2.677205497901303,-2.792419228470169,-1.8191573862575527,-4.094560263933826,0
CCR2-decoy_144,Cc1cn(c2ccc3n(c2=O)CCN(CCOc2ccc(F)cc2C(C)(C)C(F)(F)F)C3=O)cn1,-5.38985708947098,-4.719827481103234,-5.160668446098056,-3.722004357737416,-3.1932178291422684,-2.8569667811919874,-2.6085224059355125,-2.498430972379849,-1.3340119610527124,-2.078468723737216,0
CCR2-decoy_471,CC(C)N(C(=O)CN1C(=O)C(NC(=O)c2cccnc2)C(=O)N(c2ccccc2)c2ccccc21)c1ccccc1,-5.38715510061113,-5.337092043315454,,-4.647604638907605,-3.562394535529248,-1.2228079142221473,-2.194475766958453,2.8035811050104686,-2.4416283241814822,,0
CCR2-decoy_475,CCCCc1nn(c2ccccc2C(F)(F)F)c(=O)n1Cc1ccc(c2ccccc2S(=O)(=O)NC(=O)C(C)(C)C)cc1,-5.38534167519065,-3.643847586978284,-5.216905588530536,-3.4854656526677057,-1.2520239100252182,-3.1245577835352973,-4.111244536987753,-3.479165392638249,-1.583100992822442,-1.837472158428926,0
CCR2-decoy_91,C=C1C(=O)O[C@H]2[C@H]3[C@@H](C=O)CC[C@@H](O)[C@]3(C)C[C@H](OC(=O)/C(=C/COC(C)=O)CO)[C@@H]12,-5.37978844521452,-5.436900493615004,-6.1925853441074254,-3.758676745613556,-2.451889241902138,-2.4911702463105474,-2.453052258936843,-3.02826972225514,-2.383809593814382,-2.2241643136073463,0
CCR2-decoy_336,CC(Cc1c[nH]c2ccc(F)cc12)(NC(=O)OC1C2CC3CC(C2)CC1C3)C(=O)NC[C@H](NC(=O)CCC(=O)[O-])c1ccccc1,-5.37782230424641,,-3.479891782050625,,-4.453993899058218,-0.2621115045574274,1.747910686473017,-2.566403404611469,-3.2859863958073623,-4.018718769471956,0
CCR2-decoy_734,Cn1c(=O)ccc2c(NC(=O)N[C@@H]3CCc4cc(C(C)(C)C)ccc43)cccc21,-5.37349182345171,-4.836354048439914,-5.296115917494435,-5.336167790579985,-2.102030993333938,-1.865521113873948,-2.0185229688275426,-2.3493286127563398,-1.129093507435272,-1.5997502949575662,0
CCR2-decoy_151,O=C([O-])C[C@H]1CC[C@H](c2ccc(C(=O)Nc3nnc(CCC4CCOC4)s3)cc2)CC1,-5.36964381275876,-4.729983666710324,-4.864368699049886,-3.817393306685846,-3.228050989013868,-2.378629741430148,-2.509893166222203,-3.3519353849324296,-1.641721947451412,-3.759300564355717,0
CCR2-decoy_525,CCS(=O)(=O)c1cccnc1N1CCc2nc(SC)nc(Nc3ccc(C(F)(F)F)cc3)c2CC1,-5.35963139420769,-2.950136110513364,-3.629556003918816,-3.433943697001466,-3.0848175105475777,-0.9930345371853776,-1.1323682989056527,,-1.9345091721031429,0.4668024688427938,0
CCR2-decoy_67,CCOc1cc(/C=N/NC2=[NH+]C(=O)C(CC(=O)[O-])S2)ccc1OCc1ccc(Cl)cc1,-5.35029705379213,-4.667857152573864,-4.600294640861056,-4.143639776472655,-2.6262044559367377,-3.402684904280128,-2.371963341546633,-5.367177152880529,-2.597242696815302,-3.726037878846336,0
CCR2-decoy_382,Cc1ccc(C(=O)CC2=Nc3nnc(CCCCCCCc4nnc5n4C(=O)C(CC(=O)c4ccc(C)cc4)=N5)n3C2=O)cc1,-5.34951416138257,-2.848048560903774,-3.627558627927656,-4.012837408414185,-3.936199213517888,-1.0461610933017074,-4.025931708982133,-2.676807943842529,-1.346589138527582,-1.590524521485427,0
CCR2-decoy_212,CCC(c1ccccc1)C1(NC(=O)N[C@H](C(=O)N2C[C@H]3[C@@H]([C@H]2C(=O)NC(CC2CC2)C(=O)C(N)=O)C3(C)C)C(C)(C)C)CCCCC1,-5.34598438759263,-4.905732959698944,-5.235862667815286,-4.865920856065296,-3.3923074695735984,-3.2490260242667377,-4.173018308626333,-3.6087947573582393,-2.4054243169671023,-0.5030500257610764,0
CCR2-decoy_25,CC1(C)Cc2cccc(OCC(=O)N3CCN(c4ccccc4)CC3)c2O1,-5.34430421853096,-4.220493477678834,-4.098098069744016,-4.846199725136145,-3.066131371618358,-1.4586775645136978,-1.429508068156963,-1.887210508800869,-0.6441951041494924,-2.208459986457896,0
CCR2-decoy_793,CCc1ccc(C2=Nc3c(N)ncnc3OC2(C)C)cc1,-5.33162874965403,-5.378261258866524,-5.0627950256010354,-3.4137428505288763,-2.8471874719394883,-1.3788772976606776,-0.5872630704176531,-3.107349413603429,-3.2757566236919526,-1.229866078770816,0
CCR2-decoy_787,Cc1cccc(NC(=O)Nc2cccc(C#N)c2)n1,-5.32655530729116,-4.055610274592964,-4.195806310361236,-3.2494141655930258,-2.9489005546116083,-1.608761559431458,-2.1363749773430127,-2.004557192114329,-1.530000266314932,-1.7674415823086165,0
CCR2-decoy_743,CC1(C)Oc2ncnc(N)c2N=C1c1ccc(C2CCC(F)(F)CC2)cc1,-5.32640066958395,-4.157851209708574,-4.885852151751556,-3.258137136833476,-1.764344276582028,-1.7063318535295275,-2.1466748782316225,-1.629943648201459,-0.8578162348467222,-1.609306149980516,0
CCR2-decoy_391,CNC(=O)OCc1ncn(CCCc2ccc(NC(=O)c3ccc(Nc4ccnc5ccccc45)cc3)cc2)c1COC(=O)NC,-5.31854173563609,-2.727526498691724,-3.865546774411456,-3.552365129195396,-1.6465013081307085,-1.0234100370238275,-0.6709392866212629,-1.2580046615613694,-3.007372672543652,-1.0993253642115164,0
CCR2-decoy_441,CCC(=O)NS(=O)(=O)c1ccc(n2nc(C(F)F)cc2c2ccc(OC)c(C)c2)cc1COC(=O)CC,-5.29808228047133,-2.654192538367114,-1.998910737935456,-2.755622520278806,-2.226303220799138,0.4542617816441123,-2.0198776664629934,-0.2951869598100392,-0.7686227769080825,1.2659407437233838,0
CCR2-decoy_547,COc1ccc(C(=O)/C=C\Nc2ccc(c3nc4cc(OC)c(OC)c(OC)c4s3)cc2C)cc1[N+](=O)[O-],-5.28719303812448,-4.583274534119474,-4.673835130070346,-2.052563041363736,-1.5846744890500082,-2.677156502053248,-1.663023821473903,,-1.2615593860122027,-0.4476705928512361,0
CCR2-decoy_179,COCCS(=O)(=O)c1ccc2c(c1)nc(C(C)(C)C)n2CC1CCN(C(C)=O)CC1,-5.28344738834246,-4.587984702663734,-3.165856787625696,-4.382493331645476,-1.576794927988708,-1.2962712127849878,-1.5486745541024334,-2.524733382833569,-1.7703869292117824,,0
ASD10910009,O=C(NCCOCCOCCn1ccnn1)c1ccccc1Oc1ccc(Cl)cc1NS(=O)(=O)c1ccc(Cl)c(Cl)c1,-5.28327893355169,-7.217364457296885,-5.906242961111986,-6.360977007243356,-4.667598158640588,-1.6931518746008472,-2.8841447590886826,-3.289652479970669,-3.788037237451032,-3.4908196325413465,1
CCR2-decoy_5,COc1cc2c(cc1OC)C(C)N(S(=O)(=O)c1cccs1)CC2,-5.27548442469901,-4.281078406887974,,-3.704863611332786,-2.615575735710988,-1.7956537858978372,-1.3648891136566226,,-1.903592970658332,-0.8133182039785662,0
CCR2-decoy_639,COC(=O)/C=C1\OCc2cc(OCc3ccccc3)ccc21,-5.27316932742976,-3.911194762289264,-3.9715730871271058,-3.1599334696693258,,2.6910142583085657,-1.2154694991795232,,-2.0130030908083727,-2.6948583768122463,0
CCR2-decoy_65,Cc1ccn(NC(=O)c2ccc(C(=O)N3CCN(c4ncccc4NC(C)C)CC3)nc2)n1,-5.2710779357802,-4.675084597728814,-4.702344053307926,-3.0667474815305256,-1.658948418921118,-1.9751350137542876,-1.6263947474735223,-0.1182234675883293,-1.773349492096262,-1.3776579948126164,0
CCR2-decoy_182,Cc1cccn2c(=O)c3cc(C#N)/c(=N\C(=O)c4cccs4)n(CCCOC(C)C)c3nc12,-5.26571682707062,-1.486914201588304,-3.900858550609996,-2.3777665324978456,-3.813435725635688,-1.5502854755858078,-2.128462659691733,-2.782582193637419,-2.3337396369883328,0.3372667773120135,0
CCR2-decoy_370,COc1ccccc1/C=C/C(=O)/C=C/c1ccc(OCc2cn(CCCCOc3cc(=O)oc4ccccc34)nn2)c(OC)c1,-5.25227936315501,-5.020417085155834,-3.829041840367496,-3.1150130600661563,-3.236101740826408,-0.6804325693040174,-1.4209694495357628,-1.2726634175288094,-1.468038473090342,-0.3294761517160265,0
CCR2-decoy_359,CCOc1ccc(/N=N/c2ccc3cc(/C(C)=N/NC(=O)/C(C#N)=C\c4ccc(N(CCC#N)CCC#N)cc4)c(=O)oc3c2)cc1,-5.21898767547409,-4.630505361924584,-2.995779717598776,-1.4432046531658358,-0.769474858142968,,,-0.2472813520022994,0.5391930704129075,,0
CCR2-decoy_741,CCOc1ccc(C2CC(=O)n3nc(c4ccc(C)cc4)nc3S2)cc1,-5.21768294404761,-4.049850209242404,-5.225648279974596,-4.191153671201226,-4.125308822218268,-2.978217572225668,-3.319075344907593,-3.215712880452769,-0.8705485076127522,-2.204542132400946,0
CCR2-decoy_167,COc1ccc(c2nc3c(c(Nc4ccc(CC(=O)[O-])cc4)n2)SCCC3)c(F)c1F,-5.20947919197351,-5.269791500404074,-3.3186373782458354,-4.603745150209946,,-0.6237033661826175,-2.1205351042941327,-3.4868523004204195,-2.1182648101273625,-2.172175104182596,0
CCR2-decoy_75,CS(=O)(=O)CCCOCc1cncc(c2cnc3c(c2)CCCN3C(N)=O)c1,-5.20529197184265,-3.623564123656174,-3.9830146900674457,-2.7360990509627663,-3.264674655019068,-0.8205455984280174,-2.026613644639453,-2.836751836107369,0.2424063227265076,-2.170503627161306,0
CCR2-decoy_494,CCOC(=O)[C@]1(C)CCC[C@@]2(C)[C@@H]3CC[C@@]4(C)C[C@]3(CC[C@@H]21)[C@H](Cn1cc(COc2cccc(C=O)c2)nn1)[C@H]4O,-5.19870937373978,-4.198396156761634,-4.562804047199796,-3.852617441125096,-2.644230211626998,-1.937883507155317,-2.2509521501656837,-2.75717960266938,-2.317743461727132,-1.236573559612916,0
CCR2-decoy_85,CCc1ccccc1NC(=O)CSc1nnc(c2nonc2NC(C)=O)n1C,-5.1890079644998,-2.756506412617154,-3.8625959658647657,-4.879185662714397,-2.309844174577318,-1.6013283671768272,-2.7589174427421925,-0.7269575274052191,-1.402654698806132,0.0798650142139236,0
CCR2-decoy_418,Cc1cnc(c2ccnc(C(C)(C)O)n2)cc1n1c(C)cc(OCc2ccc(F)cc2F)c(Cl)c1=O,-5.18575202254254,-3.039536426883394,-4.426987497061046,-2.7733055857235462,-1.987305192548788,-1.587950815517467,-2.397873511059223,-1.4380221618954994,-2.5839570352823023,-2.559673899712636,0
CCR2-decoy_670,CC(C)=C(C)OC(=O)/C=C/c1ccc(O)c(O)c1,-5.17642283978899,-4.035795536588264,-3.1697672075487056,-3.649020550510616,-1.714090567960378,-1.3614723266060578,-0.5362002086922928,-3.268851017411749,-0.8503190019883822,-2.016549789471946,0
CCR2-decoy_80,O=C(CCNC(=O)C1CCN(S(=O)(=O)c2ccccc2)CC1)NCCc1cccc(F)c1,-5.176297088432,-3.745262797678774,-2.5389549715744457,-3.278527572031116,-2.8901535709548583,-0.2025308591929673,-0.9135847480540428,-1.5814321434018497,-0.8259075337946422,-2.235958824683946,0
CCR2-decoy_133,Cc1ccc(C(=O)OCC(=O)c2ccc(Br)cc2)cc1S(=O)(=O)N1CCOCC1,-5.1717529199054,-4.588491931236124,-3.958484573370956,-4.159224433702406,-1.8605552533343177,-0.7452450466327871,-1.650222099484533,-1.8271203952838595,-0.9987014539329522,-1.640162720612926,0
CCR2-decoy_766,Cn1nccc1/C=C1\CCC/C(=C\c2ccnn2C)C1=O,-5.15385752200498,-4.197889133313174,-4.842995614485276,-4.379480818834127,-3.036768106042258,-2.557750124295228,-2.226058702035913,-3.590885367931619,-1.9531760917392529,-3.1683214455640565,0
CCR2-decoy_680,CC(C)C[C@@]12OO[C@]3(C)OC(C)(CCC31)O2,-5.14788333617568,-3.953979242979504,-4.038042659056776,-3.8750342594283658,-2.7661519195407385,-2.3414104772147075,-2.2631019560035126,-3.573971723882139,-2.265750324151722,-2.803856062259096,0
CCR2-decoy_294,COC(=O)[C@@H](NC(=O)[C@H](CC(C)C)NC(=O)N(Cc1ccccc1)C[C@@H](O)[C@@H](Cc1ccccc1)NC(=O)OC(C)(C)C)C(C)C,-5.13204107233257,-4.278072134174184,-6.082591191709016,-2.757677225271596,-4.684338053294808,-2.786447113858368,-4.079617859131613,-2.4168138959735197,-3.184311796746073,-3.3521573623044665,0
CCR2-decoy_491,COc1ccc2nc(NC(=O)C(=O)C(C(=O)c3ccccc3c3ccccc3)C3OC(=O)c4ccccc43)sc2c1,-5.13022927804807,-4.476531667950744,-5.432618682253576,-7.785521682171346,-5.238244799868898,-3.809004987591508,-3.5614804608532227,,,-3.955629132250256,0
CCR2-decoy_673,CCN(C(=O)c1ccnn1C)c1ccccc1,-5.10418244879784,-4.588460072195214,-3.930143728380496,-2.6135617271672857,-2.458772022870578,-2.1773037432757176,,-2.277173946559969,0.0788837535697375,-2.0572493689899565,0
CCR2-decoy_499,CCOc1ccc(c2cc3nc(C4CCN(C(=O)OC(C)(C)C)CC4)c(C(=O)Nc4ccc(C(=O)OC)cc4)cn3n2)cc1,-5.10026045986338,-3.211098085144374,-2.697905062758146,-2.285950810084056,,,-0.6930214784660831,-2.2487699083870294,-1.2478822717614424,,0
CCR2-decoy_246,CC(=O)OCOC(=O)c1ccc(/C(Cl)=C/[C@@H]2C=C(C)C[C@H]3C[C@H](CCn4cc(Cc5ccccc5)nn4)C=C[C@@]23C(=O)OCOC(C)=O)cc1,-5.09901549415656,-4.265605962343494,-4.694049437188376,-4.607054367998916,-3.498453282565948,-3.988626378977558,-3.2678775430059632,-4.1607483163742085,-2.529374032869482,-2.160455504924476,0
CCR2-decoy_484,COc1cccc(CC(=O)N2CCOC(COc3cc4ncnc(Nc5ccc(Cl)c(Cl)c5)c4cc3OC)C2)c1,-5.09630950452772,-5.754439396029594,-4.787317318223096,-5.1403887206114565,-1.7880601306325978,-2.726108653103237,-2.779213525622163,-1.915595969471259,-2.5285828418525425,-1.2250053386357962,0
CCR2-decoy_355,CCCCCCCCCCCC(=O)O[C@@]12[C@H](OC(=O)C(C)CC)[C@@H](C)[C@@]3(O)[C@@H](C=C(CO)C[C@]4(O)C(=O)C(C)=C[C@@H]34)[C@@H]1C2(C)C,-5.09513337003956,-3.611249773535574,-3.249060878354556,-3.481833867875156,-2.882709917378388,-1.0798816020143578,-1.008308722754263,1.2214325952611909,-2.0218849227233724,-1.0894646156017762,0
CCR2-decoy_448,CC1=NN(c2ccccc2)C(=O)/C1=C(/Nc1c(C)n(C)n(c2ccccc2)c1=O)c1c(C)n(C)n(c2ccccc2)c1=O,-5.08850760534234,-6.114697092351394,-3.380315605214756,,-3.0156055763945178,-2.128185552775287,-2.9916746871229334,-2.4474237995267294,-2.8160209976174126,,0
CCR2-decoy_669,CCCOc1ccc2ccc(=O)oc2c1C(C)=O,-5.0849795741273,-4.063126623368064,-4.3666184647271855,-3.8641255560527257,-2.143483576126078,-1.6074461469120571,-1.920424415373433,-3.1469010678013998,-1.7205547104820529,-1.851676703563566,0
CCR2-decoy_773,COC(=O)c1ccc(Cn2nc(C)cc2C)c(OC)c1,-5.08022041590009,-3.782267623932924,,-4.537923825750687,-2.4933916449543982,-1.6291994005121475,-3.368133493791013,,,-2.446807574132996,0
CCR2-decoy_59,Cc1ccc(N/C(=C\[N+](=O)[O-])N[C@H]2CCCCN(CC(=O)N3CCCC3)C2=O)cc1,-5.06078143177311,,-3.345407480592166,-2.7132278404946155,-2.490027646818218,-2.5226246562312475,-2.3414038039803327,,-0.3256976028013723,,0
CCR2-decoy_694,Cc1cc(Nc2ccccc2O)nc(C)n1,-5.05512614039489,-5.091654319929154,-4.836470033179986,-3.956826739936876,-3.128107057689128,-3.0382281402628277,-2.751139357980663,-3.352727943578549,-2.2715088969748427,-3.730626189314436,0
CCR2-decoy_188,COc1ccc(C(=O)Oc2c(OC)cc(C(=S)N3CCOCC3)cc2OC)cc1OC,-5.04491845205887,-3.866471290860604,-3.491585190040456,-3.187902982601356,-2.0367070869656185,-2.7207135846088075,-2.2616213862664933,-1.290922988132479,0.1433636042680475,-1.9994698371735264,0
CCR2-decoy_137,Cc1cccc(N2CCN(C(=O)CN(/N=C/c3cccc(Cl)c3)C(=O)c3ccncc3)CC2)c1,-5.04107324820175,-5.162642796213844,-4.964909209455606,-4.775720483070726,-3.138356008033118,-0.6266902943073873,-2.459763255304763,-0.5014852356434591,-2.9675110808715823,-3.772645695457876,0
CCR2-decoy_9,CCN1C(=O)N(c2ncc(C#Cc3cccc(F)c3)cn2)CC1(C)C,-5.03810109528223,-4.536758371986634,-3.7170108304602856,-3.200932137989116,-1.8316891250890377,-2.526807133114957,-0.9832081994697028,-2.674634115550089,-2.131550267061362,-1.922052583071216,0
CCR2-decoy_466,CCC(C)C(=O)O[C@@H]1[C@@H]2OC[C@]3(C)[C@H](OC(C)=O)C[C@H](O)[C@](C)([C@H]4CC[C@@](C)([C@@H](C)[C@H]5COC(=O)C5)C[C@]14C)[C@@H]23,-5.03012579797664,-4.273183604416524,-3.106492400336716,-2.5305371762601463,-1.7409170520815485,-1.5265833872907475,-1.8424906759769928,,-1.770934554528503,0.4691564089387339,0
CCR2-decoy_610,Oc1ccc(/C=C/c2cc(/C=C/c3ccc(O)cc3)ncn2)cc1,-5.01515282494656,,-4.328754926826066,,,-3.033418164330538,-1.7032734115389427,-2.69543478021836,0.1161850948894476,-1.764948445731796,0
CCR2-decoy_736,COc1cc2c(cc1OC)C(=O)N1C=C(/C=C/c3ccc(F)cc3)C[C@H]1C=N2,-5.01476583050409,-4.393382364766104,-4.327635315999975,-5.108218880254755,-2.002838338586568,-2.5506544297074774,-3.3296222099619426,-3.1743011322853296,-1.716127171002702,-3.102580239265846,0
CCR2-decoy_32,CC(C)OC(=O)C1Cc2ccccc2CN1S(=O)(=O)c1cccs1,-5.00759404954156,-3.605297037657744,-5.011970409757076,-0.7381928410510858,-4.494348930384198,-3.6071436818029374,-1.9986769334512031,-1.438107128335909,-1.886106020647202,-1.7920575278720765,0
CCR2-decoy_196,C=CCOC(=O)C(C#N)c1nc2ccccc2nc1N1CCN(c2ccccc2OC)CC1,-4.98959945145059,-4.076738988811384,-2.776048800119676,-4.268291909923796,-2.5411838721718283,-1.7415219853016275,-2.1530864247511934,,-2.8932509145413823,0.5556711249891837,0
CCR2-decoy_295,COc1cc(c2cc(COCc3cn(Cc4cc(c5ccc(C)cc5)cnc4N4CCOCC4)nn3)on2)cc(OC)c1OC,-4.98471582168888,,-4.534660404074126,-3.557577809230676,,-0.1640917942328874,-3.115189761478633,,-0.0476929356733824,-0.8786520435188363,0
CCR2-decoy_468,C[C@@H]1CC[C@H]2[C@@H](C)[C@H](OC(=O)CCC(=O)Oc3ccc(Nc4ncnc5ccccc45)cc3)O[C@@H]3O[C@]4(C)CC[C@@H]1[C@@]23OO4,-4.97694336770427,-3.002923418188794,-3.7344381982878856,-2.4278385815103856,-2.5542581737022783,-1.3951625857238072,-2.219597598121573,-2.3639586072650896,-1.1682919077010523,-2.5414267010646867,0
CCR2-decoy_102,CC(C(=O)[O-])C(C)C(=O)O[C@@H]1CC[C@]2(C)[C@H]3CC[C@@]4(C)[C@@H](CC[C@@H]4[C@H](C)CCC(=O)[O-])[C@@H]3CC[C@@H]2C1,-4.97435654222826,-4.189632705617514,-4.956260881221166,-2.927632345672046,-1.4457486918904583,-1.3949085107478076,-2.262488919128113,-0.7930153771764794,-2.3326146773960623,,0
CCR2-decoy_74,CN(C)C(=O)Cn1cc(c2nc(C3(c4ccc(c5cnc(N)nc5)cc4)CC3)no2)cn1,-4.96677948990123,-4.617305711586314,-2.896888613918626,-1.469992309417426,-0.5647075483708779,-1.1494589032198173,-1.9077404933498228,-2.447299606268859,-1.2954835378120624,-0.8550924862066065,0
CCR2-decoy_126,CC(C)c1ccc(c2ccc(S(=O)(=O)C(CCN3C(=O)c4ccccc4C3=O)C(=O)[O-])cc2)cc1,-4.95836201849735,-4.780710015180474,-4.639104509876495,-3.4154319991060658,-3.003325155472208,-1.7943808798265772,-2.313960824787362,-2.022117142175309,,-2.0188374388367363,0
CCR2-decoy_451,COc1cc(C(=O)C2Sc3nnc(c4cc(OC)c(OC)c(OC)c4)n3NC2c2ccco2)cc(OC)c1OC,-4.94103139520478,-3.857579355666004,-4.545822761142566,-1.729421585127036,-2.4027032319017083,-2.195740457540097,-2.680055774826493,-1.97436350365248,-1.264398606752322,-1.464395665749456,0
CCR2-decoy_19,CCOc1ccc2nc(N3CCN(C(=O)C(C)C)CC3)sc2c1,-4.93761826753205,-5.120315434511684,-4.143763159374086,-4.673915278491245,-1.0885711214274782,-0.9161795624332774,-0.5374712088080931,-0.6222670878701391,-2.080524518320762,-1.0245058864758665,0
CCR2-decoy_578,CCN(CC)c1nc(C)c(C(C)=O)cc1C#N,-4.91977630837552,-5.125891566864784,-4.083753886528976,-2.769938203316676,-2.8339836433477483,-2.217634194295837,-3.607835282226993,-2.0358011407895997,-2.0436394911825726,-1.2353384388419366,0
CCR2-decoy_581,CC1=C([O-])S[C@](C)(/C=C(C)/C=C/C#N)C1=O,-4.91425116237444,-4.236073990049264,-4.813343558029416,-3.371617128634426,-2.5448343539777483,-2.2241720446934474,-2.339806566722263,-3.939646919075409,-2.5462193409439227,-1.6960128572531366,0
CCR2-decoy_316,CCn1c(CCCc2ccc(OC(C)(C)C(=O)NS(=O)(=O)c3ccc(C)cc3)cc2)nn(Cc2ccc(C(C)(C)C)cc2)c1=O,-4.91166478335979,-3.784214181387704,-5.690910910826246,-1.8740207489099856,-4.545211671817408,-2.200518739725828,-0.5940759638242028,-1.2641803159547391,,,0
CCR2-decoy_97,Cn1c(=O)c2[nH]c(c3ccc(OCC(=O)NCc4ccc(F)cc4)cc3)cc2n(C)c1=O,-4.90779893727105,-3.681145780224294,-4.009878345157106,-2.383157448140626,-3.0256532152398083,-1.5208320661153172,-3.068293579200933,-2.5510015434549893,-2.239235217050922,-1.6076079739152265,0
CCR2-decoy_783,CC1(C)CC(=O)C=C(NNC(=O)OC(C)(C)C)C1,-4.89616493642835,-3.289856408830154,-4.209453515362166,-2.8807811059091857,-2.754253603843538,-2.0117100409984374,-1.991406700758473,-3.2593054643950388,-3.2510515562787328,-2.963087373511806,0
CCR2-decoy_460,O=C(COc1ccc(Br)cc1Br)N1N=C(c2ccc([N+](=O)[O-])o2)CC1(O)c1ccccc1,-4.87918878174978,-6.748697897692894,-6.297682774515276,-4.484835568033835,-3.3476363753753784,-4.015515066074308,-4.779198255611283,-1.690718381530139,-2.9911565486258223,-2.8092643555172963,0
CCR2-decoy_242,CC1(C)C(=O)N(c2ccc(C#N)c(C(F)(F)F)c2)C(=S)N1CCCn1cc(COCCCOC(=O)CC23CC4CC(CC(C4)C2)C3)nn1,-4.87909322420666,0.06547983668442,-2.838070184676176,-3.2692003492830257,-1.520167000677218,-0.2915851474139574,-2.031022309724973,,-1.0734445050679722,-1.662620088720896,0
CCR2-decoy_733,CC(C)(C)OC(=O)N1CCN(C(=O)CCCC2=CCc3ccccc32)CC1,-4.87744285767975,-5.480231651894964,-4.861286840184716,-4.854946473511706,-3.3810352989391177,-3.652665730423148,-3.070593364685873,,-0.5654776494829323,-2.689556791489606,0
CCR2-decoy_63,CC(=O)Nc1nc(N[C@@H](CC(=O)OC(C)(C)C)C(=O)OC(C)(C)C)c2nc[nH]c2n1,-4.86916675045016,-3.153127634251404,-4.003480223507386,-2.374029410010906,-2.475312924222928,-1.5242862124798178,-1.477849597771483,-2.552963541977349,-1.4754843765164125,-1.8477978919815363,0
CCR2-decoy_527,Cc1cc(N2CCC(C)CC2)nc2ccc(NC(=O)CCC(=O)N3CCN(c4ccccc4F)CC3)cc12,-4.86749885457766,-4.354231699112414,-3.1682769714263754,-3.664858172311696,,-2.145775035282448,-2.187150041043573,-0.9542856978649894,0.0739237846397475,-0.9749725610187364,0
CCR2-decoy_437,COc1cc(OC)c2c(c1)[nH]c(C(=O)C(=O)N1CCN(c3ccccn3)CC1)c2c1ccc(Br)cc1,-4.83585894832621,-2.953380766034734,-3.891981621243736,-3.6539834714691657,-2.373760973280218,-2.029082601824977,-1.932544091398413,-2.36349216478418,-0.2967051295298821,-2.094729022277246,0
CCR2-decoy_128,Cc1cc(C)cc(N(CCC#N)C(=O)COC(=O)C2CCN(S(=O)(=O)c3ccc(C)c(C)c3)CC2)c1,-4.83357620404464,-2.831620372108704,-2.4293633196024658,-2.963575372448336,0.828262370922962,0.0130403034067723,-1.4438904133151134,0.0615847634874908,1.4795703580846276,-0.8464413403805162,0
CCR2-decoy_335,COC(=O)c1c(c2cc(OC)c(OC)c(OC)c2)c(c2cc(OC)c(OC)c(OC)c2)c(C(=O)OC)n1CCc1ccc(OC)cc1,-4.82435906894559,,,-2.296012721950796,,,,-0.738601775247119,-0.8679674432350124,,0
CCR2-decoy_30,COC1(OC)C2(Cl)C(Cl)=C(Cl)C1(Cl)C1COCC12,-4.82363693861923,-3.208863742634364,-3.773165655212996,-2.720050371227536,-1.396127795452558,-1.8127268464908972,-0.8518263330536131,-1.3459577953292694,-1.9894972610196728,-1.4298004654264664,0
CCR2-decoy_704,COc1ccc(Oc2c(Cl)cnn(c3cccc4c3CCCC4)c2=O)cc1,-4.81228024602623,-4.848533136554454,-6.487405332027356,-4.552501188918686,-4.482274673392688,-3.444715266863458,-3.7760136149570434,-3.90777089051086,-2.2224950553579523,-3.909132984413386,0
CCR2-decoy_700,CC(C)=NNC1=C2C(=S)NN=C2CC(C)(C)C1,-4.80608860015433,-3.7846497062507938,-3.3902604705560355,-3.868704334613996,-3.077942937946908,-1.2677549555570478,-2.310435254573963,-3.328694019799959,-1.4371346079521323,-2.3670778861810966,0
CCR2-decoy_765,OCc1nc2cnc3[nH]ccc3c2n1C1CCCCC1,-4.80591854939229,-4.430845512223984,-2.250249089307556,-3.919164682259176,-1.9708480967729785,-1.4388002020249877,-1.778100340387183,-2.730944049909119,-2.947768222014962,-2.429695943528956,0
CCR2-decoy_357,CC(C)CC(CC(=O)OCC1(CO)C/C(=C\c2ccccc2C(C(=O)OC(C)(C)C)C(=O)OC(C)(C)C)C(=O)O1)CC(C)C,-4.80029355488887,-5.648895755303604,-3.649288307521296,-3.247945877084986,-3.3391350084830984,-2.3041737127573176,-0.8334567393948329,-3.680000466499739,-1.5440312999820724,-1.194741979174326,0
CCR2-decoy_434,CCOC(=O)C1=C(C)NC(=S)NC1c1cc(/C=N/NC(=S)Nc2ccccc2)c(O)c(C(C)(C)C)c1,-4.79433101924884,-4.515501206661814,-3.966830149415866,-3.8261043522273055,-3.062868500813118,-2.414787554396957,-3.873732439285953,-2.6669982766835694,-1.9275841818783723,-1.1842210572042164,0
CCR2-decoy_495,COCCO[C@H]1C[C@H](C(C)C)N(c2nc3cc(c4nc(=O)o[nH]4)nc(c4cncc(Cl)c4)c3n2C[C@H]2CC[C@H](C)CC2)C1,-4.78103123254147,-4.553213177343674,-4.837874435334776,-4.102263594334506,-3.600021605891768,-2.309831699023648,-2.5279941823271037,,-2.783586536685532,-0.7705253630113162,0
CCR2-decoy_139,CN(CCSC1c2ccccc2COc2ccc(C(=O)[O-])cc21)S(=O)(=O)c1ccccc1,-4.7658609803676,-4.134107991653244,-4.612723168944086,-3.088320676262616,-2.217635464139498,-1.8874643577577377,-0.9075506699652428,-2.268364396627129,-0.8440227041259325,-1.3951275336077664,0
CCR2-decoy_138,CC(=O)N1CCC2(C1)CN(c1ccc(CN(CC(C)C)S(=O)(=O)Cc3ccccc3)cc1)C2,-4.76354080214028,-5.112821199475774,-3.832686334887256,-4.542080787062936,-3.226248025640678,-3.509184234352028,-2.028512137211983,-3.015259938214489,-2.5015292326912624,-3.027090523970796,0
CCR2-decoy_203,COc1cc(/C=C/C(=O)/C=C/c2cc(OC)c(OC)c(OC)c2)ccc1OCc1cn(CCCOc2cc(=O)oc3ccccc23)nn1,-4.76282179308177,-1.848173327883694,-1.891428669753516,-4.018731789656366,-1.9433503260940883,-0.3518965642603775,-1.389062997741453,,0.1549640323256178,0.1846695279850236,0
CCR2-decoy_419,COc1cccc(c2cc(C(=O)Nc3cc4ccc(OP(=O)(OC)OC)c(OC)c4oc3=O)ccc2OC)c1,-4.76091496298259,-3.062496590553094,-6.3650980216521855,-1.804361427450346,-2.884108900102828,-1.095010657472567,-3.5381276154060526,,-1.3351244478926425,-2.674646423271736,0
CCR2-decoy_265,CCCS(=O)(=O)c1cc(C2CC[C@@H](c3cc(OC)c(OC)c(OC)c3)O2)cc(OC)c1OCCSc1ccc(C#N)cc1,-4.71749352718902,-5.294306678907344,-3.938894005155336,-4.570871635715186,-2.282540259884798,-0.4486301262300776,-1.9047879505750036,,-2.0890706659859823,0.1370991456796635,0
CCR2-decoy_431,COc1cc(C(=O)N(C)C)ccc1Nc1ncc2c(n1)-c1c(nn(C)c1c1ccc(c3cnn(C)c3)cc1)CC2,-4.70640501107727,-1.025726931977014,-2.235078764013336,-3.554156646246456,-3.2286802811147384,-2.4763327530301176,-1.4449927496349029,-1.1961831579557294,-1.3715071617664227,-1.974699032437096,0
CCR2-decoy_43,O=c1nc(N2CCOCC2)oc2ccc(c3ccc(Cl)cc3)cc12,-4.68650429775102,-3.5215160863362343,-4.819871741871946,-3.6759985176515255,-2.4908021388410777,-2.151682436152448,-2.684843152647013,-1.2237824081927693,-2.116358865453832,-1.4383845070347965,0
CCR2-decoy_208,C=CCOc1cc(CN2C(=O)C(c3ccc(OC)c(OC)c3)=C(c3cc(OC)c(OC)c(OC)c3)C2=O)cc(OCC=C)c1OCC=C,-4.6837133212222,-3.296405202141284,-4.021891192232466,,-1.341935991650578,-1.327638852849308,-1.9724620616315531,0.2657612565511007,-1.7072121138479526,-0.1614125111314162,0
CCR2-decoy_334,COc1cc(C(O)(CCN(C)OC)C(c2cc3cc(Br)ccc3nc2OC)c2cccc(OC)c2OC)cc(OC)n1,-4.6800607333437,-3.8866544868637742,-5.494124261827226,-4.163356437494507,-2.900215247566828,-2.103442947840998,-3.0343594427652025,,-2.405618379836042,-0.7279068294438362,0
CCR2-decoy_127,COc1cc(CCn2cnc3sc4c(c3c2=O)CCN(C(=O)C(C)(F)F)C4)cc(OC)c1,-4.6769351012321,-2.170141033508174,-2.892637115866316,-2.4665472082587763,-1.5655251838122282,-2.1586462483919373,-1.5719805374342428,-1.7395561386032994,-2.512416924847792,-0.4847327222573363,0
CCR2-decoy_156,CO/C=C(/C(=O)OC)c1cccc(Cn2cc(S(=O)(=O)c3ccc(C)cc3)nn2)c1,-4.67271458111758,-3.153066474278104,-3.8740399431931056,-3.1368164870773856,-3.212206859781328,,-1.432735537690923,,-1.2332111822380627,3.167243590987663,0
CCR2-decoy_421,C=C(C)[C@@H]1C[C@H]2O[C@@]23C(=CC(=O)[C@]2(C)[C@@H](/C(C)=C/[C@H]4C[C@H](C)C(=O)O4)C[C@H](O)[C@]23C)[C@@]1(C)CCC(=O)OC,-4.66451990276918,-4.026889374618044,-4.172640909524546,-3.229446580382976,-2.1687528627436885,-1.4636606930826677,-2.538567759867973,-2.827908048521109,-1.3129456414947622,3.469110862206862,0
CCR2-decoy_39,Cc1cc2nc(N3CCN(C(=O)c4ccco4)CC3)sc2cc1C,-4.66235871426034,-3.435819780430994,-4.566095873295786,-3.811721016211716,-0.940915594091738,-1.5182905765669874,-2.5807469973746526,,-0.0381020990818825,-1.810648588806516,0
CCR2-decoy_363,O=C(OCCCCCOc1ccc(c2cc(=O)c3c(O)c(O)c(O)cc3o2)cc1)c1ccc(N(CCCl)CCCl)cc1,-4.66052410364921,-4.458732735683634,-3.376112676267086,-3.922594450797186,-2.782858038754368,0.2068481673740825,-1.1745316651201128,-2.1193590705971688,-1.408203576434122,-2.167792182268566,0
CCR2-decoy_386,Cc1ccc(C(=O)Nc2cc(N(C)CC[NH+](C)C)cc(C(F)(F)F)c2)cc1Nc1ncnc2cnc(NCCc3ccccc3)nc12,-4.65105869228876,-3.785265982846764,-3.808292352380176,-2.413160758836556,-4.103563509065618,-3.486343940341177,-0.7829680632977731,-0.988529451524339,-0.7513996842424624,-3.0536308239265466,0
CCR2-decoy_121,CC(C)CN(Cc1cccc(Cl)c1)S(=O)(=O)c1ccc(N2CCN(S(C)(=O)=O)CC2)cc1,-4.64889429160909,,-3.593904404664136,-1.122664290189586,-2.5975214926859085,-1.6899083056791877,0.2198799224340568,-2.370871266196479,0.0937732464473377,0.6537098149837939,0
CCR2-decoy_464,CC1=CCC[C@H]2[C@@]1(C)[C@@H](OC(=O)c1cccnc1)[C@H](OC(=O)c1cccnc1)[C@](C)(O)[C@]2(C)/C=C\C1=CC(=O)OC1,-4.6423084625343,-3.6944331283272938,-4.288829103437196,-2.1252367774906964,-2.482161369920788,-0.3940205091786977,-4.300376329169053,-2.8072405637959394,-1.769824364357432,,0
CCR2-decoy_520,CCCN(C)C(=O)NC1CCN(c2ncnc3c2nc(c2ccccc2Cl)n3c2ccc(Cl)cc2)CC1,-4.63895091407024,-2.586362258388224,-5.348370755353466,-2.738072160038126,-0.9153243523874282,-2.694556647869118,-1.122151803914413,-0.2411521028667191,-1.6955315830608324,-2.1313336414372763,0
CCR2-decoy_533,CCCc1cnc(N2CCC(C3Cc4c(F)c(C5=CCN(S(=O)(=O)CCC(C)(C)O)CC5)cc(F)c4O3)CC2)nc1,-4.63228156297369,,-3.6502941465072256,-2.241936575253496,0.3774714126443819,-1.7133971586445575,-1.291870061642653,-0.8698360074035092,-1.1186312719459823,-0.3131340462186163,0
CCR2-decoy_445,CCc1cc(C)c(C(=O)N2CCC(F)(c3ccc(C#N)cc3)CC2)cc1NC(=O)c1ccc(N2CCC2)nc1,-4.60349715200978,,-3.9134670221237258,-3.5130460261562964,-2.1329715509969382,0.6140853411345524,-1.2787300536641828,-0.7729274549157994,0.4450881272660876,-0.3288093108609562,0
CCR2-decoy_430,COc1cc(C(=O)Nc2nnc(/C=C/c3cc(OC)c(OC)c(OC)c3Br)s2)cc(OC)c1OC,-4.58516622867223,-3.5313140255967737,-3.270848651554206,-2.7966748602152856,-1.790325100099758,-1.512786324679137,-1.361790939846113,-1.253020210351079,-1.5702599425581123,-0.6769440551235659,0
CCR2-decoy_671,COC(=O)c1ccc(OC=C(C)C)c(OC)c1,-4.58037601057121,-3.6342218016002334,-3.651666334130276,-3.1476479586718056,,-1.3014093491486871,-1.208670216770523,-2.017790495596859,,-1.2521290574524064,0
CCR2-decoy_450,CC(=O)c1c(C)c2cnc(Nc3ccc(N4CCN(C(=O)OCC(C)C)CC4)cn3)nc2n(C2CCCC2)c1=O,-4.54603312605486,-3.2559787606829644,-3.829227957548026,-2.347990000447876,-1.228456170191968,-1.9106647469046576,-0.6576950919376832,-1.7568153173169088,,-1.5769104381457764,0
CCR2-decoy_531,COC(=O)C(C)CC(=O)C[C@@H](C)[C@H]1C[C@H](O)[C@@]2(C)C3=C(C(=O)C[C@]12C)[C@@]1(C)CCC(=O)C(C)(C)[C@@H]1CC3=O,-4.52260527804911,-4.361076117657984,-3.759002783403366,-2.430609750570976,-2.2144334895176883,-1.0452815245352474,-1.579037083928923,-1.812744599708089,-1.4904578898469223,1.088575589509314,0
CCR2-decoy_502,CC(C)(C)Nc1c(c2ccc(OCCCN3C(=O)c4ccccc4C3=O)cc2)nc2ccc(Br)cn12,-4.48067300442699,-3.756122529459284,-4.102779331900946,-2.548419547067026,-1.245862531321988,-2.6219062846976677,-1.1389112623358928,-0.0448254628770792,-2.6744843342547826,-1.1460038394236165,0
CCR2-decoy_108,CCCn1c(=O)n(C)c(=O)c2c(SCC(=O)c3ccc(Cl)cc3)nc(CC(C)C)nc21,-4.46965481433952,-4.027709050616634,-4.369820093851456,-3.802835223462306,-4.306488634268768,-1.6512574637299178,-2.1545443122462133,-1.642978709697959,-1.1975146527085825,-1.385530497205946,0
CCR2-decoy_667,C=Cc1c(C2CCCCC2)nn(C)c(=O)c1N,-4.42923188674316,-4.815563695348414,-4.415983898531386,-2.285541348730236,-3.181148895929918,-1.9085161870648972,-3.3064613339056725,-2.934416617153419,-2.2670628436328526,-0.4542284079741865,0
CCR2-decoy_94,O=C(NCCc1ccccc1)C(=O)NCC1OCCN1S(=O)(=O)c1ccc([N+](=O)[O-])cc1,-4.35273210215669,-3.5587266249192044,-3.1469201502214856,-2.001929520716456,-1.4886037863715682,-0.4034775740826175,-1.9031092585493423,-0.5650791515403193,-1.0734760839475626,-1.022035331758266,0
CCR2-decoy_93,Cc1nc2ccc(S(=O)(=O)NCC(=O)NCc3ccc4c(c3)OCO4)cc2s1,-4.34907273419499,-3.5462140011102443,-1.751717130403296,-3.562841104035986,-1.0350872639207482,-0.8257587686562475,-2.2853676421006126,-1.511405833069389,-2.431753894006202,-1.2508027718803367,0
CCR2-decoy_507,COc1cc2c(Nc3ccc(Cl)c(Cl)c3)ncnc2cc1OCC1CN(C(=O)C(C)(C)C)CCO1,-4.34533408423165,-3.136512770132144,-2.804105820644056,-2.7441361700422555,-1.2766479750091282,0.1384634123094725,-0.3840127290295227,-1.3600237249616791,-0.9280228976937824,0.0994525103965138,0
CCR2-decoy_103,Cc1ccc(NC(=O)CN2C(=O)S/C(=C\c3ccc(c4cc(C(=O)[O-])ccc4C)o3)C2=O)cc1,-4.30687652626101,-4.497276317821574,-5.025256156149696,-2.490669028591756,-3.972654658814738,-2.153392551520628,-3.599306337564493,-4.816191165175479,-2.213884679939192,-4.414119367534377,0
CCR2-decoy_225,CO/N=C(\Cc1c[nH]c2ccc(Br)cc12)C(=O)NCCSSCCNC(=O)/C(Cc1c[nH]c2ccc(Br)cc12)=N/OC,-4.28527358071337,-3.1819934436155943,-5.068615314810706,-3.707373528705656,-4.422190545982178,,-1.0393136206175928,,-0.7921954053980924,-3.747136816878197,0
CCR2-decoy_148,CC1(C)CCc2cc(S(=O)(=O)N(CC(=O)[O-])Cc3cccc(Oc4ccccc4)c3)ccc2O1,-4.27956271204484,-4.600099211282164,,-4.556808223857606,,-2.3607393708330173,,-3.7260851613845696,,,0
CCR2-decoy_645,CCN(CC)c1ccc(/N=C2/C=CC(=O)c3ncccc32)c(C)c1,-4.27316907339579,-5.092416302470354,-4.165749751999086,-3.843461008320016,-1.197451971033308,-2.023513362599018,-1.4925984914875832,-1.4033602231563291,-1.7918396550048428,-3.099011050768076,0
CCR2-decoy_232,CCOC(=O)C(NC(=O)OC1(c2ccc(OC)cc2)OC(=O)C(c2ccc3c(c2)OCO3)=C1Cc1cc(OC)c(OC)c(OC)c1)C(C)C,-4.26213590052504,0.5736538071480339,-3.735563330750995,,-3.2691848177970284,0.2247472867377324,-3.331911721599523,,-1.740150807815012,-2.1011157653910564,0
CCR2-decoy_293,COc1ccc(CN(CC(=O)NCCCC[C@@H](CO)N(CC(C)C)S(=O)(=O)c2ccc(N)cc2)c2ccccc2)cc1,-4.25737624421921,-4.725003478980254,-6.1391340512949855,-3.232002540993746,-2.755364216629898,1.0315726371176726,0.2773983526302168,-2.551128311681049,,-2.8654115481875264,0
CCR2-decoy_356,O=C1[C@@H]2[C@H]3CC[C@H](O3)[C@@H]2C(=O)N1CCCCCCOP(=O)(OCC(Cl)(Cl)Cl)OCC(Cl)(Cl)Cl,-4.23935880922075,-3.766138777972614,-1.5886864063251056,-2.061258867246306,-1.6737424012633877,-1.0646225261060174,-1.4550295475356734,-2.3840955469999394,-2.6539792351665827,-1.5128480228334666,0
CCR2-decoy_522,COc1ccc(c2ccc3c(N4CCOC[C@@H]4C)nc(c4cccc(c5ccccc5)c4)nc3n2)cc1CO,-4.22879939571212,-4.873713725405894,-4.379400628567916,-5.469258772249926,-3.2868804968069583,-2.7230151765588277,-2.917624311586123,-2.7167905626369597,-1.8225168306818624,-0.605367718926046,0
CCR2-decoy_119,COc1ccc(N(CC(=O)N2CCc3ccccc3C2)S(=O)(=O)c2c(C)nn(C)c2C)cc1,-4.22565111981685,,-4.352761096747035,-1.3828152635294662,-2.6561427778389284,-3.050755602355188,-1.463170788181143,,-1.9920011542022025,-4.486674210421397,0
CCR2-decoy_71,CNC(=O)C1CC(=O)N(c2ccc(OCC(=O)Nc3ccc(OC)cc3)cc2)C1,-4.22226999582918,-4.142442653248624,-4.217192363816816,-3.795159863635656,-2.403716162255928,-2.540694165570457,-3.092390115001443,-3.0901939115720496,-1.403857906027702,-3.6225327393135274,0
CCR2-decoy_479,C=C1[C@@H](OC(=O)/C=C/c2ccccc2)C[C@H](OC(C)=O)[C@]2(C)[C@@H]1C[C@@H]1C[C@H](O)C(C)=C([C@@H](OC(C)=O)[C@@H]2OC(C)=O)C1(C)C,-4.16066253999894,-0.5607632902206241,-4.348997206365166,-2.565391334684946,-5.075536511722448,-2.132919293613278,-2.029913720187653,6.336759092011301,0.2514469840305775,-0.904525641366006,0
CCR2-decoy_98,C=C1C[C@](OC)([C@H](O)C(=O)N[C@@H]2OCO[C@H]3[C@@H]2O[C@H](CO)C(C)(C)[C@@H]3OC)O[C@H](C)[C@@H]1C,-4.14433002476688,-3.617446212879134,-3.5610962673862456,-2.149039824288286,-2.789372937622578,-1.1852180387159672,-2.0004360018860226,-1.919456676834669,-1.519660787868812,-1.022569648822186,0
CCR2-decoy_528,CCCCNC(=O)C1C(c2ccc(C(F)(F)F)cc2)=Nc2ccccc2N1C(=O)C1CCN(C(C)=O)CC1,-4.12818558922571,-2.719835289463004,,-1.043836671621246,,5.070197327586422,0.619587784296177,3.665973995806401,,,0
CCR2-decoy_584,CSC(SC)=C(C#N)S(=O)(=O)C(C)C,-4.11169664717452,-3.804613143910384,-3.993798502821776,-1.789184062824036,-1.531247592502698,-1.4667898578146374,,-0.9635749963857992,,,0
CCR2-decoy_446,CC(=O)N1CCC(n2cc(Nc3ncc4c(n3)-c3c(nn(C)c3c3ccc(OC(F)F)cc3)CC4)cn2)CC1,-4.10491521839657,-3.3748369533624336,-4.276650312816265,-3.368912612317396,-1.581349622345288,-0.5728276237658174,-1.0639101043893628,-3.434388021286099,-1.5302685503264426,-1.918293987354926,0
CCR2-decoy_424,O=C(CSc1nnc(Br)n1c1ccc(C2CC2)c2ccccc21)NS(=O)(=O)c1cccs1,-4.10095283907806,-4.661192100285994,-4.261838316031456,-1.2917598272860058,0.903117942699892,-1.163055729762598,-1.3725351066139826,-3.0790580959114293,-2.594905179918312,-2.8266721468257963,0
CCR2-decoy_175,COc1cc(c2ccno2)ccc1S(=O)(=O)N1CCN(c2ccc(C(C)=O)cc2)CC1,-4.10074184756217,-2.675530778944094,-2.838877030227256,-3.730207993763226,-1.7428506838483484,0.1619094001653422,-1.5265804547570525,-0.5417830167250792,-0.6995625454572423,-1.238486178893636,0
CCR2-decoy_81,COc1ccc(S(=O)(=O)NCC(=O)N(CC(=O)NC(C)(C)C)Cc2cccs2)cc1,-4.09745164678642,-5.791421975971264,-2.289880792251926,-2.767234400104756,-1.538284496146758,-1.3590759628567772,-0.7092981655053832,-1.0536091917767094,-0.6336045842288223,-1.5281819255436266,0
CCR2-decoy_84,CNS(=O)(=O)Nc1cccc(Cc2c(C)c3ccc(OC(=O)N(C)C)nc3oc2=O)c1,-4.01056673532977,-2.136067087675264,-2.658430809094106,-2.9271413254172463,-2.584471603010348,-0.3962841623658875,-1.1414780013838532,-1.2689005154540594,0.1772620763000274,-0.0824680290204962,0
CCR2-decoy_449,CC(Cc1ccccc1)NC(=O)CSc1nc2nc3c(cc2c(=O)n1c1ccccc1)COC(C)(C)C3,-4.00661218608663,-4.727923018523514,-4.585604405887646,-2.959620733992776,-0.8699948480070483,-2.026592635329377,-3.0806673564570826,-2.2425907804404197,-2.261167691338722,-2.352078466676496,0
CCR2-decoy_69,C[NH+]1CCC=C(c2nsnc2OCCCCOc2nsnc2C2=CCC[NH+](C)C2)C1,-4.00537133740348,-3.2626992636335643,-3.871058312833866,-2.7849374165643863,-1.927499165426348,-1.941767520332148,-1.0885850289473726,-1.184060439600969,-0.917457473023202,-1.929070510689356,0
CCR2-decoy_207,CCOP(=S)(OCC)Oc1ccc2c(c1)OC(=O)[C@]1(Cl)[C@@]2(C)[C@]2(Cl)C(=O)Oc3cc(OP(=S)(OCC)OCC)ccc3[C@]12C,-3.99805388837348,-3.524538090905444,-3.973711076151096,-2.6195705174584663,-2.324782379758408,-2.091889980652538,-1.5360958408978629,-1.018420937747249,-1.580888847026542,-0.3111516861139862,0
CCR2-decoy_514,Cc1nn(c2ccc(Br)cc2)c2ncnc(Nc3ccc(OCCCCO[N+](=O)[O-])cc3)c12,-3.99415474670148,-1.171181108820834,-3.574154630694085,-2.468879560051836,-0.302464041797728,-1.6938503667701372,0.7352089171097571,-1.469219581916089,0.2253149708276676,-1.2782206281644362,0
CCR2-decoy_563,Cc1cc(OC(=O)N(C)C)n(c2ccccc2)n1,-3.96357313268005,-2.734154881761604,-2.455934784580956,-1.6273113616692858,-1.4812678151347782,-3.087336464096798,-0.3463066579091629,-0.7742559315218394,-1.138026056932912,-1.887964224907826,0
CCR2-decoy_101,CC(Oc1ccc(F)cc1)c1nnc(SCC(=O)N(c2ccccc2)C2CCS(=O)(=O)C2)o1,-3.94597433308265,-3.650303595908274,-2.939922245965396,-1.990646300523496,-1.2500420647585182,-1.3998330642422978,-1.8900922986482431,-1.6829075075927291,-0.8202418834148926,-1.8150166132583765,0
CCR2-decoy_706,O=C(CSc1nnc(c2ccc(F)cc2)o1)N1CCCc2ccccc21,-3.93739001584686,-2.594595191117934,-3.573080270204236,-2.6003492993896864,-0.1802192289386379,-0.5888214896287174,-1.1292004987231934,2.3859875764318748,1.8819371602903736,0.5676355414658838,0
CCR2-decoy_504,O=C(c1ccc(C2CCCCC2)cc1)N1CCC2(CC1)C(=O)N(CC(=O)N1CCCCC1CO)CN2c1ccccc1,-3.91620585748075,-3.907253700794694,-5.091375318289786,,,-2.622742545681107,-2.386050726359753,,-1.6202321774637722,0.0988672473303737,0
CCR2-decoy_406,COc1cc(OC)c(NC(=O)c2ccc(N3CC4CC(C3)c3cccc(=O)n3C4)c([N+](=O)[O-])c2)cc1Cl,-3.91306028572128,-4.036716405702184,-4.741200683240506,-2.636630854879886,-2.933857471762728,-0.7571354634789271,,-0.8015460863432593,-1.0693666573976124,-0.7416066714603167,0
CCR2-decoy_312,C=C(C)[C@@]1(OC(=O)/C=C/CCCCCCCCCCCCC)C[C@@H](C)[C@]2(O)[C@@H]3C=C(C)C(=O)[C@@]3(O)[C@H](O)[C@@]3(CO)O[C@H]3[C@H]2[C@H]1O,-3.90470640457355,,-3.638271926180996,-3.438729660009416,-0.8131086668897982,-1.5111618582192072,-0.5356797981279029,-2.141187537362519,-0.5740076736057422,-0.8469538399237164,0
CCR2-decoy_433,C/C(S)=N/C[C@H]1CN(c2ccc(N3CCN(C(=O)/C=C/c4c[nH]c5ccccc45)CC3)c(F)c2)C(=O)O1,-3.90031503011815,,-4.308713113382716,-2.4243450290481463,-1.249673372371218,,-1.714579794505763,-1.2594729319150093,,-0.6148830291413363,0
CCR2-decoy_260,CC(C)CN([C@H](CO)CCCCNC(=O)CN(Cc1ccccc1[N+](=O)[O-])c1ccccc1)S(=O)(=O)c1ccc(N)cc1,-3.84958800400488,-4.088086020447594,-3.5675142209242354,-3.2551144215663856,-2.245401648773778,1.3716621970288223,-2.845995709621783,-3.701233275144849,-1.563630464412863,-2.6766709066247065,0
CCR2-decoy_276,COc1ccc(/C=C/C(=O)/C=C/c2ccc(OCc3cn(CCCCCOc4cc(=O)oc5ccccc45)nn3)c(OC)c2)cc1,-3.73311612356947,-2.829881904611904,-2.338526875439516,-3.4653508428578363,-1.612053833944758,-1.9938642818153476,-2.9502503525865427,-2.066906681839519,-2.5730289055244224,-0.7015646173991161,0
CCR2-decoy_490,O=C(CCl)OCCn1c(=O)oc2cc3ncnc(Nc4ccc(OCc5cccc(F)c5)c(Cl)c4)c3cc21,-3.68257368331239,-3.7295969535450544,-5.785353044992566,-3.753422107232357,-3.5151190323908983,-0.6544562962056975,-1.104103362386443,-1.4985603574770692,-3.1286913162236525,-2.772708677409426,0
CCR2-decoy_200,CC(=O)c1ccc(OCCCC(=O)N2CCN(S(=O)(=O)c3cc(C)ccc3C)CC2)cc1,-3.65939387109047,-2.335511296430664,-5.500994432832086,-3.962654001683076,-2.221039452261458,-1.4883594147276875,-0.5392635665990531,0.396560109092281,-0.8542341465312622,0.1956825077022839,0
CCR2-decoy_154,Cc1ncccc1Oc1ncnc(O[C@H]2C[C@H]3C=C[C@@H](C2)N3S(=O)(=O)C2CC2)c1C,-3.59366272945604,-3.632653064857254,-4.260610135150036,-3.2823315940934656,-3.0536160929674177,-0.9272478541232774,-1.7841454642988026,-2.394759042231129,-0.4557794407059021,-2.271735840666376,0
CCR2-decoy_223,CCOC(=O)c1c(C)oc2cc(OC(C)C)c(OCc3oc4cc(OC(C)C)c(OS(=O)(=O)[O-])cc4c3C(=O)OCC)cc12,-3.58553911428792,-3.892729408713684,,-2.419221278265576,-2.702318376469888,-1.6973012032239678,-1.4891045318436733,-1.4064810624182793,-1.2216063777858022,-1.5913423898195864,0
CCR2-decoy_517,COc1cc2c(c(OC)c1OC)-c1cc(I)c(OC(=O)C=C(C)C)cc1[C@@H](NC(C)=O)CC2,-3.58086011523726,-2.406427688464354,-2.6610473942691057,-1.737373585047126,-1.571010980579178,-0.5575606462533975,1.717886901600977,-0.7978581693043694,-0.8588662402545224,-1.7311381236484866,0
CCR2-decoy_160,CCCOc1nc(C(Br)Br)c([N+](=O)[O-])c(N2CCOCC2)n1,-3.55637609298407,-3.5617791574971944,-3.874307615751256,-2.181507745284336,-2.3518976207240785,-1.5773522021878277,,-1.7723781795856088,-1.1479659728046423,0.4414913685536135,0
CCR2-decoy_338,COc1cc([C@@H]2c3cc4c(cc3[C@@H](Nc3cccc(OCCCCCCCC(=O)NO)c3)[C@H]3COC(=O)[C@@H]32)OCO4)cc(OC)c1O,-3.53042540916201,-3.654772421546285,-3.2428560974764062,-2.197614153179686,-2.0904434786206183,0.4768591189303626,-1.8972472985910027,-2.9981749816151795,-1.862245149542712,-2.773775193866326,0
CCR2-decoy_57,COC(=O)CSc1nnc(Cc2c(NC(C)=O)sc3c2CCCC3)n1NC(C)=O,-3.45762886691337,-4.388314960613594,-1.2598075594366058,-3.900923515277956,2.016930192773495,-0.0808768520769476,-1.3966375998524423,-2.7493326239398894,-0.8848558275197025,-1.1727757060782462,0
CCR2-decoy_18,O=C(CCC(F)(F)F)N1CC(c2nc(c3cccs3)no2)C1,-3.40371630575118,-4.113874646443874,-5.241698529099716,-2.6048852028351663,-0.3245094025111279,-0.6457355669828875,-2.832500905851173,-3.9280345823413696,-0.5580806148769524,1.6263045964493836,0
CCR2-decoy_683,C#CCSc1nsc(SCC#C)c1C#N,-3.39070087488404,-2.775644890283494,-1.859833315571096,-1.860770222518846,-1.377369676913608,-0.2113943011161976,-0.6625014969502732,-1.2486909287939794,0.9812517968943276,-0.1285087546261762,0
CCR2-decoy_474,COc1ccc(CCNC(=O)C2CCN(S(=O)(=O)c3c(C)noc3/C=C/c3ccc(C)cc3)CC2)cc1OC,-3.3222963043802,-1.6319685851038042,-2.767921656604326,-2.819650095574136,-2.3219947306270985,-1.0034124267396978,-0.650945917100823,4.933748506810691,-0.8131867528866725,-1.1179177102447566,0
CCR2-decoy_218,CC(C)CCc1sc(NC(=O)c2cc(NC(=O)c3cc(/C=C/c4ccc([N+](=O)[O-])cc4)cn3C)cn2C)nc1C(=O)NCCC[NH+](C)C,-3.27133946520754,-1.733865470630724,-0.7934323008380857,2.444892004023041,-3.728141796872008,6.099941456110392,-0.2004667998675331,,,,0
CCR2-decoy_358,Cc1ccccc1OS(=O)(=O)C1CC2OC1C(c1ccc(NC(=O)CCCCCCC(=O)NO)cc1)=C2c1ccc(O)cc1,-3.25458891071851,-3.258341857798404,-3.907146833100636,-3.1881034532029857,-1.919373230521078,-1.9052253953361475,-3.653796069679693,-1.2488808071717892,-1.6554960871176627,-1.2822977047334767,0
CCR2-decoy_467,CCCc1nc(C(C)(C)O)c(C(=O)OCc2oc(=O)oc2C)n1Cc1ccc(c2ccccc2C2=NN=NN2)cc1,-3.24449772891422,-5.327858034599844,-3.156533526984026,-3.024173778853196,-2.831466063399998,0.0283488604218824,-2.197533898160983,,-2.2541882044500428,-0.978510535964526,0
CCR2-decoy_87,C=CC[NH+]1CC[NH+](CCn2c(C)c(C(=O)OC(C)(C)C)c(C)c2C(=O)OCCC)CC1,-3.23373282814323,-2.293304741291714,-3.249446148874166,-3.063055613336476,-0.4231628072733682,-0.2756154085886577,-1.5264034320096131,,0.4177603771306475,-0.4893006030595961,0
CCR2-decoy_493,CCC(=O)N(C(=O)CC)c1ccc(SC[C@](C)(OC(C)=O)C(=O)Nc2ccc(C#N)c(C(F)(F)F)c2)cc1,-3.12459025668198,-1.9892370778836936,-1.857931418106936,-1.348570339293286,-0.990607421654158,1.1432906650522026,0.0980832575613068,0.0106628009255906,-0.5914237054897624,0.2211874735862338,0
CCR2-decoy_539,COc1ccc(NC(=O)COc2cc(/C=C/C(=O)c3ccc(OC)c4c3OC(C)(C)C=C4)ccc2OC)cc1,-3.10740229616898,-2.684377888927424,-3.614707673581736,-3.1062403711289863,-2.054055227019928,-2.0286787661875376,-1.847382750775453,-1.180144021538449,-1.7304959779034226,-0.2003437141160762,0
CCR2-decoy_237,COc1ccc(C(=O)c2ccc(OCC(=O)N3CCC(CCCC4CCN(C(=S)Nc5ccc(F)cc5)CC4)CC3)cc2)c(OC)c1,-3.06576211109869,,-2.648788752392136,-2.375916295496605,0.0210237908351618,-1.3190407560553172,-3.5082660964377927,-2.0925429434604994,-1.1144633093882923,,0
CCR2-decoy_90,COc1cc(C)c(S(N)(=O)=O)cc1C(=O)Nc1cccc(c2nncn2C(C)C)n1,-2.98777983075265,-2.349158880620004,-3.874838775418896,-4.0059283500332565,-2.060462387485928,-1.2448078396980975,-2.070215226060963,-2.8601501124253192,-0.3254899139708023,-1.9566372521342767,0
CCR2-decoy_389,O=C(NCCCNc1c2c(nc3ccccc13)CCCC2)c1sc(c2ccnc(NC(=O)C3CC3)c2)nc1OCC1CC1,-2.95128638221211,-4.047153320611424,-4.3166077899708055,-0.3551067107213961,-1.7794946301323478,-0.8920155603759872,-0.7496694403162629,-2.470241643123489,-2.7469279666837023,-0.6169111963605065,0
CCR2-decoy_100,CCN(CC)S(=O)(=O)c1cccc(C(=O)N/N=C/c2cc(OC)c(O)c(OC)c2)c1,-2.8020355358033,-2.311828110524724,-3.062389306473205,-1.843319053367126,-1.156997403776438,-2.142146640197557,-1.9400792591188232,-0.8383407893431394,0.5317747160058874,-0.748462944198776,0
CCR2-decoy_300,CC(C)(CN1C(=O)c2cccc3cccc(c23)C1=O)C[N+](C)(C)CCCCCCCCCC[N+](C)(C)CC#CCOC1=NOCC1,-2.73280483080375,-3.9803231948891344,,-1.675342113873556,,,,,,,0
CCR2-decoy_16,CSc1nccc(c2ccc(S(=O)(=O)N3CCCCC3)s2)n1,-2.52194883875956,-2.948377155963484,-3.4245695522705857,-2.738912521089246,-2.6103327347768177,-0.3722132161412474,0.7197832266726869,-4.858859064054169,-1.4993669892599826,-0.3342222147632965,0
CCR2-decoy_657,CCOC(=O)c1c(C)nc2ccc(C)cn12,-2.42291230096301,-3.940262302720424,,-3.9875125677752057,-2.4134606355268184,-1.4185443435397076,-2.0329204583283627,,-0.5133460400670322,-1.9769742357400064,0
CCR2-decoy_114,COC(=O)C1CCN(C(=O)COc2ccc(N(C)S(=O)(=O)c3ccc(C)cc3)cc2)CC1,-2.2878809758222,-2.541794938800654,-1.7805358784250158,1.8481322890095415,,2.1444850409465626,4.971050714683617,5.168875153023101,1.2006209871326177,0.2333666622684935,0
CCR2-decoy_366,CCCS(=O)(=O)N1CCN(C(=O)Oc2ccc3[nH]c(c4cc(C)cc(C)c4)c(CC[NH2+]CCCCc4ccc(O)cc4)c3c2)CC1,-1.99950203865827,,-2.399278990218916,1.326394704321334,-1.7068300844088684,,0.5286299059835669,,,2.0401744622973235,0
CCR2-decoy_129,CC(C)OCc1ccc(C(=O)N2CCN(S(=O)(=O)c3ccc(Br)s3)CC2)cc1,-1.91461583909944,-1.935690476531994,-2.461827917069126,-2.195052225464745,-0.7993398309204882,-1.4118968096927371,-0.4737805564877431,1.5114095014196909,1.7141680490326077,-2.132123015097866,0
CCR2-decoy_125,Cc1cccc(N2CCN(C(=O)CN(/N=C/c3ccccc3Cl)C(=O)c3ccncc3)CC2)c1,-1.50131085724465,,,-4.091403138095656,-2.776030483742238,-2.158159320341728,-0.0534844243947927,,-1.1522663805641424,-1.432681479636086,0
CCR2-decoy_476,CN(Cc1ccccc1N(CCO)S(=O)(=O)c1ccc([N+](=O)[O-])cc1)C(=O)/C=C/c1ccc(C(F)(F)F)cc1,-1.25963187471705,,-3.886190688385506,2.316370846492188,,-0.1030654431464674,-0.0181676935270531,,-1.1648234503551924,-0.2177212978648661,0
CCR2-decoy_168,CCC(=O)N1CCc2cc(Br)cc(S(=O)(=O)CCC(=O)N(CC)CC)c21,-0.698680335524836,,,,,,,,,,0
CCR2-decoy_481,C=C1[C@@H](OC(=O)/C=C/c2ccccc2)CC[C@]2(C)[C@@H]1[C@H](O)[C@@H]1C[C@H](OC(C)=O)C(C)=C([C@@H](OC(C)=O)[C@@H]2OC(C)=O)C1(C)C,1.0492371819511,-3.617673301813454,-3.765615973327416,-3.276172421331226,-1.309227183073578,-0.6407646954352977,-1.9678745714863128,1.2818103902498408,-1.9906637426616527,-0.7619551527684765,0
CCR2-decoy_465,CC(=O)OC[C@]12CC[C@H](OC(C)=O)C[C@]1(O)[C@@H](OC(C)=O)C=C1[C@@H]3CC[C@H]([C@H](C)CCCC(C)C)[C@@]3(C)C[C@@H]3O[C@@]132,3.68626283784539,0.407364569630984,-0.1385772731254557,2.398654792103589,4.585189359420712,2.9294671183151726,-0.9140257198915932,,,5.841389111957124,0
CCR2-decoy_530,CC(C)C1CCCCN1C(=O)CN1C(=O)C(Cc2c[nH]c3ccccc23)c2nnc(c3ccccc3)n2-c2ccccc21,,-7.672688228190575,-4.835273839889815,-1.3441061697023762,-2.189888096197368,-1.3719708141277571,-3.8149407067934034,-2.50636384361356,-2.143927893802652,0.3422130885538537,0
CCR2-decoy_374,CCOC(=O)[C@H]1CCCN(C(=O)CCC(=O)N(CC(C)(C)C)c2c(OCC)cc(Cl)cc2[C@H](O)c2ccccc2OC)C1,,-6.151155462594254,-4.326334370284316,-0.6004537109816162,-4.191435087919438,,-2.554649854271923,-2.7491737934153995,-1.782237363409222,-3.4732127326149467,0
CCR2-decoy_485,CCCCc1nc2ccn(Cc3ccccc3[N+](=O)[O-])c(=O)c2n1Cc1ccc(c2ccccc2C2=NNN=N2)cc1,,-6.101242424303454,-6.545184035923686,-3.265993547636296,-3.6509823540095594,-1.9289021112637967,-4.139114553926223,,-3.136166410849972,-4.361585709446136,0
CCR2-decoy_299,C=C(C)[C@@H]1CC[C@]2(COC(=O)CC(C)CC(=O)[O-])CC[C@]3(C)[C@H](CC[C@@H]4[C@@]5(C)CC[C@H](OC(=O)CC(C)CC(=O)[O-])C(C)(C)[C@@H]5CC[C@]43C)[C@@H]12,,-5.229513586310144,-3.876897909150836,-4.216295975863556,-2.3463660962326083,-4.061320661504568,-2.990254487975733,-0.7695386823638493,-4.250572097919912,,0
CCR2-decoy_392,CCCN(CCC)C(=O)c1cc(C(=O)N[C@@H](Cc2ccccc2)[C@@H](O)C[NH2+]C(C)(C)c2ccccc2)cc(N2CCCCS2(=O)=O)c1,,-5.121920653197494,,,-5.542973486772328,,-5.427102413543443,-2.9190931744580597,,-2.176935110156756,0
CCR2-decoy_297,CC(Cc1c[nH]c2ccccc12)(NC(=O)OC1[C@H]2C[C@@H]3C[C@@H](C[C@H]1C3)C2)C(=O)NCC[C@H](NC(=O)CCC(=O)[O-])c1ccccc1,,-5.094402800960714,-5.995524051726266,-3.896373146156616,-3.435970516151908,-2.983296668418218,,,-4.296833341363882,-4.3169232088151865,0
CCR2-decoy_256,CCCN(CCC)C(=O)c1cccc(C(=O)N[C@@H](Cc2ccccc2)[C@H](O)C[NH+]2C[C@H]3CCCC[C@H]3C[C@H]2C(=O)NC(C)(C)C)c1,,-5.011356967714794,-4.181607483229536,-4.697084504084225,-5.078797898250918,0.0041167652623226,-4.295828238471983,-2.72372309477326,-2.216387576976162,-0.7087740496134467,0
CCR2-decoy_399,O=C(c1cccc2c(NCCC[NH2+]CCCNc3c4ccccc4nc4c(C(=O)N5CCOCC5)cccc34)c3ccccc3nc12)N1CCOCC1,,-4.998850003861454,-4.9068690088134055,-4.943847848248666,-1.078919784972948,-3.2366869270644374,-0.196551930664663,-3.194165191123339,-1.2029795887766823,,0
CCR2-decoy_341,CC[C@H](C)CNC(=O)C[C@H](O)[C@H](CC(C)C)NC(=O)C(NC(=O)C(Cc1cccc2ccccc12)Cc1cccc2ccccc12)S(=O)(=O)C(C)C,,-4.900653667263884,-7.399152163674415,-3.8578738900547056,-5.699592327793978,,-6.150310724959264,,-2.5643580386966223,-3.6343442466752665,0
CCR2-decoy_459,C=C(C)[C@@H]1CC[C@]2(COS(N)(=O)=O)CC[C@]3(C)C(CC[C@@H]4[C@@]5(C)CC[C@H](OS(N)(=O)=O)C(C)(C)C5CC[C@]43C)C12,,-4.650294748930214,-2.7108449267496857,-2.9520345707820463,-1.468170138699568,-1.4516564007590578,-0.7513862217724427,-1.593145612008689,-1.8569101975633624,,0
CCR2-decoy_165,COc1cccc(CN(C)C(=O)C2CCN(S(=O)(=O)c3ccc(C)cc3)CC2)c1OC,,-4.543896329469194,-2.348070649919746,-3.0190429350304657,-1.6569726438182082,-0.1491207762633677,-0.7000048456778227,,-1.8686420315580623,-0.5564498664065964,0
CCR2-decoy_209,CCCCCCNC(=O)Nc1ccc(CNC(=O)C[NH+]2CCc3cc(OC)c(OC)cc3C2Cc2ccc(OC)c(OC)c2)cc1,,-4.461303353370674,-4.724991765906846,-3.2806378056995658,-2.1732724621076684,-1.2033635311855475,0.2949059010984372,-2.599688003171059,2.174909709993604,-1.2016688804157465,0
CCR2-decoy_580,C/C(=C\c1ccc(Cc2cccnc2)cc1)C(=O)[O-],,-4.412785149853974,-4.3509349265069455,-3.3575589926766862,-1.6199672421805582,-1.5215047669006871,-2.9014372508500728,-3.135093998219229,-2.6526970964754826,-1.8755388298189164,0
CCR2-decoy_534,CCc1cccc(C)c1NC(=O)c1cnn(c2ccc(OC)cc2)c1C1CCN(C(=O)OC(C)(C)C)CC1,,-4.347567939944414,-2.114842332209576,-2.1309607437321563,-1.1726568908146682,,-2.0523052881063237,,,,0
CCR2-decoy_213,COc1cc(C(=O)OCC(O[Si](C)(C)C(C)(C)C)c2cc(OC)c(OC)c(OC)c2I)cc(OC)c1OC,,-4.068698392195784,-4.170339398075656,-0.3243975358941058,-3.0937907673341485,-1.097957764877748,-3.0062687418892926,-1.619843512147169,-1.1572686231169724,-1.736308710373586,0
CCR2-decoy_681,C/C(=C/CC[C@@]1(C)[C@H]2CC[C@]1(C)[C@H](O)C2)CO,,-4.046227716146344,-3.947330908651836,-3.2031533303427664,-1.2165306530446882,-0.8477302293483078,,-2.06880523925666,-2.633003032517282,-1.828080261718446,0
CCR2-decoy_543,Cc1ccc(NC(=O)CSc2snnc2c2ccc(Br)cc2Br)c([N+](=O)[O-])c1,,-3.7611363084257343,,-2.2751543732075663,-0.368349717481268,,0.2396981510568872,-2.874321072641289,-1.8600878257781528,-0.4963873134772463,0
CCR2-decoy_608,Cc1csc(NC(=O)NC23CC4CC(CC(C4)C2)C3)n1,,-3.724378138980974,-2.458437729748726,-3.424244754234276,-1.941739757661668,-0.6615885629262075,-2.214582726920443,-1.2001921010354093,-1.3932348868125324,-1.674981645102596,0
CCR2-decoy_384,COc1cc(C=C(C(=O)/C=C/c2cccc(OC)c2OC)C(=O)/C=C/c2cccc(OC)c2OC)cc(Br)c1O,,-3.6690680613817337,,-1.1238699420231262,,,-1.2493461843899727,,-1.6554166327642523,,0
CCR2-decoy_279,CCc1cn2c3c(cc(C(=O)N[C@@H](Cc4ccccc4)[C@H](O)C[NH2+]C(C)(C)CCCC(C)C)cc13)N(C)S(=O)(=O)CC2,,-3.566574294655994,-3.955997394032356,-0.5352646320477059,1.0094465309613518,-1.0003420364021274,-3.960212914488773,-2.5627608296542994,-2.1872969347665228,-1.5506369243367164,0
CCR2-decoy_648,Oc1ccc(/C=C/c2cc(Br)ccc2O)cc1,,-3.543345381646854,-4.143675662648835,,,,-1.1764105559843028,,-2.0938144208704124,-1.9670104528223264,0
CCR2-decoy_365,COc1cc(/C=C2/C(=O)N(C(=O)OC(C)C)C(Cc3cc(OC)c(OC)c(C)c3OC)C(=O)N2Cc2ccccc2)c(OC)c(C)c1OC,,-2.877823208275564,-4.536090990858495,-2.2308338761484463,-2.0623334650139977,-2.012886378480617,,,,,0
CCR2-decoy_469,CC(C)C(=O)N1C[C@H](C)N(c2nc3cc(c4nc(=O)o[nH]4)nc(c4cncc(Cl)c4)c3n2C[C@H]2CC[C@H](C)CC2)[C@@H](C)C1,,-2.701954072425644,-3.531123702532266,-3.691475458211296,-0.644931551323908,-2.389831345299868,-2.852222678756873,-2.432878087543719,,-2.782196366874026,0
CCR2-decoy_252,COc1cc(/C=C/c2cc(/C=C/c3cc(OC)c(OC)c(OC)c3)nc(OCCCCCCSC(N)=[NH2+])n2)cc(OC)c1OC,,-2.187986462452404,,,-2.421913920132148,0.3842011922140527,-3.078980850118853,,,,0
CCR2-decoy_529,CNC(=O)c1ccc(OC)c(c2cc3c(n2C(C)C)C(c2ccc(Cl)cc2)N(C2CCOCC2)C3=O)c1,,-2.149180412898464,-4.761857183473486,-5.773219793725076,-6.012740532719437,,-2.344930952562483,-3.010414998617399,-1.795916827483552,,0
CCR2-decoy_267,COC(=O)CCCC1(CCCC(=O)OC)CCCCCCCCC(CCCC(=O)OC)(CCCC(=O)OC)C(=O)C1=O,,-1.829067059908924,3.202120872622664,-0.2563130638212758,-0.5093030301141379,2.8207483518581404,2.074353531152531,1.871583797356188,-0.9909317167939022,,0
CCR2-decoy_501,COc1ccc(Cn2c(=O)c(C(=O)OC(C)C)cc3c(NC(=O)C45CC6CC(CC(C6)C4)C5)cccc32)cc1,,-0.893010860654524,,,-0.9444627293767982,-0.0305594677111775,-1.1244388252529731,,-1.468374064041252,,0
CCR2-decoy_304,CC(=O)Oc1ccc(/C=C/C(=O)OCCCSc2nc(c3ccc(S(C)(=O)=O)cc3)n(c3ccc(Br)cc3)n2)cc1OC(C)=O,,1.658986631933217,-1.7302562800626458,-0.0671661927278559,4.472693432021182,-0.7926075339650076,0.0515208036398671,-4.693046099281489,-3.641754585879863,-0.0921506617264364,0
CCR2-decoy_116,COC(=O)C1=CN(Cc2ccc(C)cc2)C=C(C(=O)OC)C1c1cc(OC)c(OC)c(OC)c1,,,-7.526479966205326,-4.0846347116464266,-4.089610269203438,,,-4.152442630288759,2.0898439381007257,,0
CCR2-decoy_221,COc1cc(/C=C/C(=O)OC[C@H](Cc2ccc(O)c(OC)c2)[C@H](COC(=O)/C=C/c2ccc(O)c(OC)c2)Cc2ccc(O)c(OC)c2)ccc1O,,,-5.659971302961006,-1.780657753153176,-1.488404568342458,-2.342106830695788,3.993361572426597,-1.574681012033429,-1.1719176875174524,-1.5936946705629262,0
CCR2-decoy_548,CCCc1c(Cc2ccc(c3ccccc3c3nc(=O)o[nH]3)cc2)c(=O)n([C@H]2CC[C@H](OCC(C)=O)CC2)c2ccnn12,,,-5.621988195760536,-1.6670365963108962,,-0.7087864170998275,-2.635584633909513,-1.9650388225562487,-1.277432608701182,-1.0915706154100562,0
CCR2-decoy_372,CCCCc1ncc(/C=C2/C(=O)N(CCCC)C(=O)N2Cc2ccc(Br)s2)n1Cc1ccc(C(=O)OC)cc1,,,-4.176404486925056,-3.6933064841335264,-1.5014970923255682,-2.188476535746348,,-2.6334199806391694,-2.5415995190989227,-1.8068976785912163,0
CCR2-decoy_285,COc1ccc(CCn2c(C(=O)N(C)C)c(c3cc(OC)c(OC)c(OC)c3)c(c3cc(OC)c(OC)c(OC)c3)c2C(=O)N(C)C)cc1,,,-3.506999707936536,,,,-0.918487949301313,,-1.1712386391782923,,0
CCR2-decoy_436,CCCc1c(Cc2ccc(c3ccccc3c3nc(=O)o[nH]3)cc2)c(=O)n(CC(C)(C)COC)c2nc(C)nn12,,,-3.292163136119746,,,-0.3261808398771477,-2.0500146061296025,,0.1645574740489377,,0
CCR2-decoy_511,CCCN(CCC)C(=O)Cn1c(=O)n(c2ccc(C)cc2)c(=O)c2ccc(C(=O)NCc3ccccc3Cl)cc21,,,-2.8014038769981857,,-2.343364434463348,-2.1407875319703877,-0.7863426752628628,,-2.2878682129714827,,0
CCR2-decoy_118,CCN(CC)c1ccc2cc(C(=O)N3CCN(C(=O)/C=C/c4ccc(OC)cc4)CC3)c(=O)oc2c1,,,-2.2249988804844456,,2.6274216077478307,0.5233834472779524,0.1516127629189472,2.3060742244067147,1.6985457250116476,1.3867989581175837,0
CCR2-decoy_244,O=[N+]([O-])c1ccc(COP(=O)(N(CCBr)CCBr)N(CCBr)CCBr)o1,,,,-2.803927501814256,,,,,,,0
CCR2-decoy_257,CCN(CCCl)c1ccc(NC(=O)c2cc(C(=O)NCC[NH+](C)C)cc(C(=O)Nc3ccc(N(CC)CCCl)cc3)c2)cc1,,,,-0.3451560734129861,,,-4.016529606973113,,,0.3359279087276237,0
CCR2-decoy_235,CCCCOc1ccc(S(=O)(=O)N(Cc2ccc(N(CC(=O)OC)S(C)(=O)=O)cc2)c2ccc(CN(Cc3ccccc3)S(C)(=O)=O)cc2)cc1,,,,2.659714159217745,-2.689508935140638,5.148740063403283,1.698938406667257,,3.268870860533457,,0
CCR2-decoy_346,CCC[n+]1cccc(NC(=O)c2ccc(NC(=O)c3ccc(C(=O)Nc4ccc(C(=O)Nc5ccc[n+](CCC)c5)cc4)c(C)c3)cc2)c1,,,,,5.830005320187071,,,,,,0
CCR2-decoy_320,COc1c(C)c(OC(C)=O)c(C(C)=O)c(OC(C)=O)c1Cc1c(OC(C)=O)c(CC=C(C)C)c(OC(C)=O)c(C(C)=O)c1OC(C)=O,,,,,,4.771204234547932,,,5.750830190384628,13.144714040795874,0
CCR2-decoy_248,C=C(C)[C@@H]1CC[C@]2(C(=O)NCCCCCC(=O)NCC(=O)NCC(=O)[O-])CC[C@]3(C)[C@H](CC[C@@H]4[C@@]5(C)CC[C@H](O)C(C)(C)[C@@H]5CC[C@]43C)[C@@H]12,,,,,,,-2.846252196952613,,-0.5482379214911424,,0
CCR2-decoy_536,CCC(=O)N1CCc2cc(Br)cc(S(=O)(=O)N3CCCC(C(=O)Nc4ccc(CC)cc4)C3)c21,,,,,,,,3.039060276380974,,,0
